REGION,FUEL,YEAR,VALUE
RE1,AN_AGFELC,2022,0.4537857
RE1,AN_AGFELC,2023,0.4771851
RE1,AN_AGFELC,2024,0.4849713
RE1,AN_AGFELC,2025,0.5029186
RE1,AN_AGFELC,2026,0.516717
RE1,AN_AGFELC,2027,0.5315408
RE1,AN_AGFELC,2028,0.5469911
RE1,AN_AGFELC,2029,0.5629437
RE1,AN_AGFELC,2030,0.57929
RE1,AN_AGFELC,2031,0.5960336
RE1,AN_AGFELC,2032,0.6133195
RE1,AN_AGFELC,2033,0.6311742
RE1,AN_AGFELC,2034,0.649547
RE1,AN_AGFELC,2035,0.6694715
RE1,AN_AGFELC,2036,0.6899945
RE1,AN_AGFELC,2037,0.7119658
RE1,AN_AGFELC,2038,0.7346022
RE1,AN_AGFELC,2039,0.7579243
RE1,AN_AGFELC,2040,0.781953
RE1,AN_AGFELC,2041,0.8067097
RE1,AN_AGFELC,2042,0.8347293
RE1,AN_AGFELC,2043,0.8636144
RE1,AN_AGFELC,2044,0.893391
RE1,AN_AGFELC,2045,0.9240863
RE1,AN_AGFELC,2046,0.9557281
RE1,AN_AGFELC,2047,0.9883455
RE1,AN_AGFELC,2048,1.0236888
RE1,AN_AGFELC,2049,1.0627332
RE1,AN_AGFELC,2050,1.1030277
RE1,AN_AGFELC,2051,1.1446097
RE1,AN_AGFELC,2052,1.1875175
RE1,AN_AGFELC,2053,1.2317897
RE1,AN_AGFELC,2054,1.2778321
RE1,AN_AGFHEA,2022,5.7577374
RE1,AN_AGFHEA,2023,5.9187802
RE1,AN_AGFHEA,2024,6.350602
RE1,AN_AGFHEA,2025,6.585618
RE1,AN_AGFHEA,2026,6.7663057
RE1,AN_AGFHEA,2027,6.9604204
RE1,AN_AGFHEA,2028,7.1627383
RE1,AN_AGFHEA,2029,7.3716355
RE1,AN_AGFHEA,2030,7.5856866
RE1,AN_AGFHEA,2031,7.8049412
RE1,AN_AGFHEA,2032,8.0312963
RE1,AN_AGFHEA,2033,8.2650999
RE1,AN_AGFHEA,2034,8.5056882
RE1,AN_AGFHEA,2035,8.7665951
RE1,AN_AGFHEA,2036,9.0353402
RE1,AN_AGFHEA,2037,9.3230502
RE1,AN_AGFHEA,2038,9.6194687
RE1,AN_AGFHEA,2039,9.9248673
RE1,AN_AGFHEA,2040,10.2395174
RE1,AN_AGFHEA,2041,10.5637024
RE1,AN_AGFHEA,2042,10.930613
RE1,AN_AGFHEA,2043,11.3088571
RE1,AN_AGFHEA,2044,11.6987769
RE1,AN_AGFHEA,2045,12.1007256
RE1,AN_AGFHEA,2046,12.5150676
RE1,AN_AGFHEA,2047,12.9421865
RE1,AN_AGFHEA,2048,13.4049999
RE1,AN_AGFHEA,2049,13.9162779
RE1,AN_AGFHEA,2050,14.4439268
RE1,AN_AGFHEA,2051,14.988435
RE1,AN_AGFHEA,2052,15.5503037
RE1,AN_AGFHEA,2053,16.1300394
RE1,AN_AGFHEA,2054,16.7329557
RE1,AN_INDCLIM,2022,0.06678924208177754
RE1,AN_INDCLIM,2023,0.06157021742892562
RE1,AN_INDCLIM,2024,0.05996517306786309
RE1,AN_INDCLIM,2025,0.06155097130267019
RE1,AN_INDCLIM,2026,0.0627286832919085
RE1,AN_INDCLIM,2027,0.06357815522898691
RE1,AN_INDCLIM,2028,0.06480961991097767
RE1,AN_INDCLIM,2029,0.06621327341567948
RE1,AN_INDCLIM,2030,0.06713745889085417
RE1,AN_INDCLIM,2031,0.06804319536152299
RE1,AN_INDCLIM,2032,0.06889683079241729
RE1,AN_INDCLIM,2033,0.06966242920820052
RE1,AN_INDCLIM,2034,0.07175051303042389
RE1,AN_INDCLIM,2035,0.0744861827074608
RE1,AN_INDCLIM,2036,0.07719439871419148
RE1,AN_INDCLIM,2037,0.08004823181997449
RE1,AN_INDCLIM,2038,0.08302637792539351
RE1,AN_INDCLIM,2039,0.08612474424745345
RE1,AN_INDCLIM,2040,0.08934280200919355
RE1,AN_INDCLIM,2041,0.09268662393552703
RE1,AN_INDCLIM,2042,0.09622334189857008
RE1,AN_INDCLIM,2043,0.09990922869555992
RE1,AN_INDCLIM,2044,0.1037709352796329
RE1,AN_INDCLIM,2045,0.1077783359739213
RE1,AN_INDCLIM,2046,0.1119353825589829
RE1,AN_INDCLIM,2047,0.1162864632341194
RE1,AN_INDCLIM,2048,0.1208051843808508
RE1,AN_INDCLIM,2049,0.1254941766706393
RE1,AN_INDCLIM,2050,0.1303643367410216
RE1,AN_INDCLIM,2051,0.1354316127266607
RE1,AN_INDCLIM,2052,0.1407053180861247
RE1,AN_INDCLIM,2053,0.1461906297349455
RE1,AN_INDCLIM,2054,0.1518725760310208
RE1,AN_INDDHT,2022,7.923845696030341
RE1,AN_INDDHT,2023,7.414588919584265
RE1,AN_INDDHT,2024,7.227879462807423
RE1,AN_INDDHT,2025,7.676334094663306
RE1,AN_INDDHT,2026,7.822817582039002
RE1,AN_INDDHT,2027,7.927571109250479
RE1,AN_INDDHT,2028,8.075925925502881
RE1,AN_INDDHT,2029,8.24078512080426
RE1,AN_INDDHT,2030,8.350260995708608
RE1,AN_INDDHT,2031,8.477658354244987
RE1,AN_INDDHT,2032,8.584793735844734
RE1,AN_INDDHT,2033,8.684185720789738
RE1,AN_INDDHT,2034,8.943788773812598
RE1,AN_INDDHT,2035,9.277690359444598
RE1,AN_INDDHT,2036,9.60816601587744
RE1,AN_INDDHT,2037,9.95514374376014
RE1,AN_INDDHT,2038,10.3166095485796
RE1,AN_INDDHT,2039,10.69258116907019
RE1,AN_INDDHT,2040,11.08344663935255
RE1,AN_INDDHT,2041,11.48987015669157
RE1,AN_INDDHT,2042,11.91830820558868
RE1,AN_INDDHT,2043,12.36445562741539
RE1,AN_INDDHT,2044,12.83068116687527
RE1,AN_INDDHT,2045,13.31427532722831
RE1,AN_INDDHT,2046,13.81520740876761
RE1,AN_INDDHT,2047,14.33884427264494
RE1,AN_INDDHT,2048,14.88214088959701
RE1,AN_INDDHT,2049,15.44546352537032
RE1,AN_INDDHT,2050,16.02983447964541
RE1,AN_INDDHT,2051,16.63696306299359
RE1,AN_INDDHT,2052,17.26781087087387
RE1,AN_INDDHT,2053,17.95023897389104
RE1,AN_INDDHT,2054,18.65710978853946
RE1,AN_INDIHT,2022,10.56877507647326
RE1,AN_INDIHT,2023,9.92475796397938
RE1,AN_INDIHT,2024,9.799968972432044
RE1,AN_INDIHT,2025,10.02741645258717
RE1,AN_INDIHT,2026,10.22845574588481
RE1,AN_INDIHT,2027,10.37560890341967
RE1,AN_INDIHT,2028,10.57893103148087
RE1,AN_INDIHT,2029,10.80306237361452
RE1,AN_INDIHT,2030,10.95683379078196
RE1,AN_INDIHT,2031,11.14480355955082
RE1,AN_INDIHT,2032,11.2960697509175
RE1,AN_INDIHT,2033,11.43642958995037
RE1,AN_INDIHT,2034,11.78758916076513
RE1,AN_INDIHT,2035,12.23751862151389
RE1,AN_INDIHT,2036,12.68380981187519
RE1,AN_INDIHT,2037,13.1522814474898
RE1,AN_INDIHT,2038,13.64052343528459
RE1,AN_INDIHT,2039,14.14877639039517
RE1,AN_INDIHT,2040,14.67768434086577
RE1,AN_INDIHT,2041,15.22816804741519
RE1,AN_INDIHT,2042,15.80776323091098
RE1,AN_INDIHT,2043,16.41186297783236
RE1,AN_INDIHT,2044,17.04369169647131
RE1,AN_INDIHT,2045,17.70000241595496
RE1,AN_INDIHT,2046,18.38037234787375
RE1,AN_INDIHT,2047,19.09192474497856
RE1,AN_INDIHT,2048,19.83084643426904
RE1,AN_INDIHT,2049,20.59776502636126
RE1,AN_INDIHT,2050,21.393912930594
RE1,AN_INDIHT,2051,22.22164580638504
RE1,AN_INDIHT,2052,23.08225439645489
RE1,AN_INDIHT,2053,23.99735612024498
RE1,AN_INDIHT,2054,24.94532649171824
RE1,AN_INDILU,2022,0.1806945922561664
RE1,AN_INDILU,2023,0.1625903474833513
RE1,AN_INDILU,2024,0.158477449700354
RE1,AN_INDILU,2025,0.1629306980996997
RE1,AN_INDILU,2026,0.1660788854913488
RE1,AN_INDILU,2027,0.1683477057329124
RE1,AN_INDILU,2028,0.1715915873199318
RE1,AN_INDILU,2029,0.1752639870743969
RE1,AN_INDILU,2030,0.1776944593069243
RE1,AN_INDILU,2031,0.1801200440750041
RE1,AN_INDILU,2032,0.1823961877612556
RE1,AN_INDILU,2033,0.1844904375507929
RE1,AN_INDILU,2034,0.190042544993216
RE1,AN_INDILU,2035,0.1972701801869605
RE1,AN_INDILU,2036,0.2044350250385989
RE1,AN_INDILU,2037,0.2119768995159382
RE1,AN_INDILU,2038,0.2198438568864516
RE1,AN_INDILU,2039,0.2280300768716512
RE1,AN_INDILU,2040,0.2365372450202351
RE1,AN_INDILU,2041,0.2453809467975819
RE1,AN_INDILU,2042,0.2547360037897781
RE1,AN_INDILU,2043,0.2644876233838565
RE1,AN_INDILU,2044,0.2746972960270814
RE1,AN_INDILU,2045,0.2852931131380141
RE1,AN_INDILU,2046,0.2962849819250462
RE1,AN_INDILU,2047,0.3077891799917193
RE1,AN_INDILU,2048,0.3197365743119699
RE1,AN_INDILU,2049,0.3321344339195012
RE1,AN_INDILU,2050,0.3450122042794334
RE1,AN_INDILU,2051,0.3584115015611581
RE1,AN_INDILU,2052,0.3723563988215529
RE1,AN_INDILU,2053,0.3868617363641014
RE1,AN_INDILU,2054,0.4018846155693947
RE1,AN_INDMPW,2022,4.457500917127012
RE1,AN_INDMPW,2023,3.980400304388362
RE1,AN_INDMPW,2024,3.896433430177311
RE1,AN_INDMPW,2025,3.995031709568192
RE1,AN_INDMPW,2026,4.075218780978472
RE1,AN_INDMPW,2027,4.133689812557623
RE1,AN_INDMPW,2028,4.215760676849705
RE1,AN_INDMPW,2029,4.307971685253997
RE1,AN_INDMPW,2030,4.370042117562367
RE1,AN_INDMPW,2031,4.433771392126787
RE1,AN_INDMPW,2032,4.492648131892154
RE1,AN_INDMPW,2033,4.547392409330079
RE1,AN_INDMPW,2034,4.687236040500309
RE1,AN_INDMPW,2035,4.867997164883326
RE1,AN_INDMPW,2036,5.047156507078379
RE1,AN_INDMPW,2037,5.235643508749073
RE1,AN_INDMPW,2038,5.432252654871198
RE1,AN_INDMPW,2039,5.636897990963602
RE1,AN_INDMPW,2040,5.849675326952503
RE1,AN_INDMPW,2041,6.070978554710502
RE1,AN_INDMPW,2042,6.304962002516785
RE1,AN_INDMPW,2043,6.548917808552879
RE1,AN_INDMPW,2044,6.804299205810887
RE1,AN_INDMPW,2045,7.069390821223307
RE1,AN_INDMPW,2046,7.344410581727985
RE1,AN_INDMPW,2047,7.632266651526085
RE1,AN_INDMPW,2048,7.931273452172616
RE1,AN_INDMPW,2049,8.241623509920137
RE1,AN_INDMPW,2050,8.564044810757007
RE1,AN_INDMPW,2051,8.899565979547553
RE1,AN_INDMPW,2052,9.24877968813877
RE1,AN_INDMPW,2053,9.612090780540951
RE1,AN_INDMPW,2054,9.988409509552438
RE1,AN_INDREF,2022,0.2132618910930623
RE1,AN_INDREF,2023,0.2170482454984826
RE1,AN_INDREF,2024,0.2134141730661204
RE1,AN_INDREF,2025,0.2181018675570808
RE1,AN_INDREF,2026,0.2225653369822398
RE1,AN_INDREF,2027,0.2258070211090839
RE1,AN_INDREF,2028,0.2303287173996198
RE1,AN_INDREF,2029,0.2353845835982619
RE1,AN_INDREF,2030,0.2387831592082139
RE1,AN_INDREF,2031,0.242192495750507
RE1,AN_INDREF,2032,0.2455070100714109
RE1,AN_INDREF,2033,0.2486783884872645
RE1,AN_INDREF,2034,0.2565130998735208
RE1,AN_INDREF,2035,0.2665111925887039
RE1,AN_INDREF,2036,0.2763850118572181
RE1,AN_INDREF,2037,0.2867715713969217
RE1,AN_INDREF,2038,0.2976088283638303
RE1,AN_INDREF,2039,0.3088937258687753
RE1,AN_INDREF,2040,0.3206359159039172
RE1,AN_INDREF,2041,0.3328590047926145
RE1,AN_INDREF,2042,0.3457984311549804
RE1,AN_INDREF,2043,0.3592906033554255
RE1,AN_INDREF,2044,0.3734040971290463
RE1,AN_INDREF,2045,0.3880412809653851
RE1,AN_INDREF,2046,0.4032255096617446
RE1,AN_INDREF,2047,0.4191221064125549
RE1,AN_INDREF,2048,0.4356356985124647
RE1,AN_INDREF,2049,0.4527749861754353
RE1,AN_INDREF,2050,0.4705857341977872
RE1,AN_INDREF,2051,0.4891240579245091
RE1,AN_INDREF,2052,0.5084218323852568
RE1,AN_INDREF,2053,0.5284988500172697
RE1,AN_INDREF,2054,0.5492932502171078
RE1,AN_RESCLIM_RUR,2022,0.03450590808612554
RE1,AN_RESCLIM_RUR,2023,0.03215395544742298
RE1,AN_RESCLIM_RUR,2024,0.03915667573980658
RE1,AN_RESCLIM_RUR,2025,0.04199687336005717
RE1,AN_RESCLIM_RUR,2026,0.04425160032686586
RE1,AN_RESCLIM_RUR,2027,0.04661962453691479
RE1,AN_RESCLIM_RUR,2028,0.04910883012340392
RE1,AN_RESCLIM_RUR,2029,0.05171968689827008
RE1,AN_RESCLIM_RUR,2030,0.05446768817864898
RE1,AN_RESCLIM_RUR,2031,0.05732703840441572
RE1,AN_RESCLIM_RUR,2032,0.06026461160249883
RE1,AN_RESCLIM_RUR,2033,0.06328442869223273
RE1,AN_RESCLIM_RUR,2034,0.06638634887485716
RE1,AN_RESCLIM_RUR,2035,0.06957124132554492
RE1,AN_RESCLIM_RUR,2036,0.07284529868584633
RE1,AN_RESCLIM_RUR,2037,0.07620561564016992
RE1,AN_RESCLIM_RUR,2038,0.0796534731797887
RE1,AN_RESCLIM_RUR,2039,0.08319051719495937
RE1,AN_RESCLIM_RUR,2040,0.08681535148398005
RE1,AN_RESCLIM_RUR,2041,0.0905305884130545
RE1,AN_RESCLIM_RUR,2042,0.0943316414514565
RE1,AN_RESCLIM_RUR,2043,0.09822051951217102
RE1,AN_RESCLIM_RUR,2044,0.1021943769491873
RE1,AN_RESCLIM_RUR,2045,0.1062515161588051
RE1,AN_RESCLIM_RUR,2046,0.1103903835360855
RE1,AN_RESCLIM_RUR,2047,0.11459933330117
RE1,AN_RESCLIM_RUR,2048,0.1188756683445855
RE1,AN_RESCLIM_RUR,2049,0.1231987092731175
RE1,AN_RESCLIM_RUR,2050,0.1275798960031158
RE1,AN_RESCLIM_RUR,2051,0.1296187487932415
RE1,AN_RESCLIM_RUR,2052,0.1316332106464748
RE1,AN_RESCLIM_RUR,2053,0.1336212121104528
RE1,AN_RESCLIM_RUR,2054,0.1355806882843655
RE1,AN_RESCLIM_URB,2022,0.07334319637603813
RE1,AN_RESCLIM_URB,2023,0.07519096613946387
RE1,AN_RESCLIM_URB,2024,0.1599500492148354
RE1,AN_RESCLIM_URB,2025,0.165448007160097
RE1,AN_RESCLIM_URB,2026,0.181056315747692
RE1,AN_RESCLIM_URB,2027,0.1971437191146794
RE1,AN_RESCLIM_URB,2028,0.2136272359792147
RE1,AN_RESCLIM_URB,2029,0.2304127548991034
RE1,AN_RESCLIM_URB,2030,0.247404569271386
RE1,AN_RESCLIM_URB,2031,0.264512244687571
RE1,AN_RESCLIM_URB,2032,0.2819934289860486
RE1,AN_RESCLIM_URB,2033,0.2998454363241095
RE1,AN_RESCLIM_URB,2034,0.3180538175461393
RE1,AN_RESCLIM_URB,2035,0.3366057330122846
RE1,AN_RESCLIM_URB,2036,0.355499480880675
RE1,AN_RESCLIM_URB,2037,0.3747200576618777
RE1,AN_RESCLIM_URB,2038,0.3942727737677119
RE1,AN_RESCLIM_URB,2039,0.4141569082371684
RE1,AN_RESCLIM_URB,2040,0.4343650957708255
RE1,AN_RESCLIM_URB,2041,0.4548858114288944
RE1,AN_RESCLIM_URB,2042,0.4756991017167763
RE1,AN_RESCLIM_URB,2043,0.496801117804782
RE1,AN_RESCLIM_URB,2044,0.5181834846529567
RE1,AN_RESCLIM_URB,2045,0.5398347753786866
RE1,AN_RESCLIM_URB,2046,0.561775659079742
RE1,AN_RESCLIM_URB,2047,0.5840162818216008
RE1,AN_RESCLIM_URB,2048,0.6065546906371314
RE1,AN_RESCLIM_URB,2049,0.6293338016669107
RE1,AN_RESCLIM_URB,2050,0.6523444016398425
RE1,AN_RESCLIM_URB,2051,0.6601314488354282
RE1,AN_RESCLIM_URB,2052,0.6677795948810751
RE1,AN_RESCLIM_URB,2053,0.6752816154986842
RE1,AN_RESCLIM_URB,2054,0.6826306517106577
RE1,AN_RESDHT_RUR,2022,1.158754104652178
RE1,AN_RESDHT_RUR,2023,1.102084802901437
RE1,AN_RESDHT_RUR,2024,1.348656505679497
RE1,AN_RESDHT_RUR,2025,1.362748784004733
RE1,AN_RESDHT_RUR,2026,1.359467453962646
RE1,AN_RESDHT_RUR,2027,1.357055111515966
RE1,AN_RESDHT_RUR,2028,1.355465859203533
RE1,AN_RESDHT_RUR,2029,1.354429355840039
RE1,AN_RESDHT_RUR,2030,1.354116862583998
RE1,AN_RESDHT_RUR,2031,1.381140023876875
RE1,AN_RESDHT_RUR,2032,1.408196654650605
RE1,AN_RESDHT_RUR,2033,1.435384145115059
RE1,AN_RESDHT_RUR,2034,1.462681058028624
RE1,AN_RESDHT_RUR,2035,1.490078672189637
RE1,AN_RESDHT_RUR,2036,1.517366479778013
RE1,AN_RESDHT_RUR,2037,1.54488995866727
RE1,AN_RESDHT_RUR,2038,1.572548829931115
RE1,AN_RESDHT_RUR,2039,1.60036911030573
RE1,AN_RESDHT_RUR,2040,1.628299707405445
RE1,AN_RESDHT_RUR,2041,1.654137930530327
RE1,AN_RESDHT_RUR,2042,1.679916524743781
RE1,AN_RESDHT_RUR,2043,1.705671315274018
RE1,AN_RESDHT_RUR,2044,1.731334523089632
RE1,AN_RESDHT_RUR,2045,1.756855189354162
RE1,AN_RESDHT_RUR,2046,1.780957959775488
RE1,AN_RESDHT_RUR,2047,1.804627177723793
RE1,AN_RESDHT_RUR,2048,1.827840191438547
RE1,AN_RESDHT_RUR,2049,1.85026299957688
RE1,AN_RESDHT_RUR,2050,1.872090935252869
RE1,AN_RESDHT_RUR,2051,1.90315012302506
RE1,AN_RESDHT_RUR,2052,1.93384732630133
RE1,AN_RESDHT_RUR,2053,1.964149880373329
RE1,AN_RESDHT_RUR,2054,1.994025183043595
RE1,AN_RESDHT_URB,2022,5.43138678467042
RE1,AN_RESDHT_URB,2023,5.352057024633027
RE1,AN_RESDHT_URB,2024,5.739189961500029
RE1,AN_RESDHT_URB,2025,6.120336295830375
RE1,AN_RESDHT_URB,2026,6.370129280858494
RE1,AN_RESDHT_URB,2027,6.618170690303821
RE1,AN_RESDHT_URB,2028,6.863040883378048
RE1,AN_RESDHT_URB,2029,7.103029810351368
RE1,AN_RESDHT_URB,2030,7.336627822329101
RE1,AN_RESDHT_URB,2031,7.579721148685761
RE1,AN_RESDHT_URB,2032,7.822555275853389
RE1,AN_RESDHT_URB,2033,8.065159346542039
RE1,AN_RESDHT_URB,2034,8.307424270357599
RE1,AN_RESDHT_URB,2035,8.549450591382048
RE1,AN_RESDHT_URB,2036,8.793995067587776
RE1,AN_RESDHT_URB,2037,9.038738788165324
RE1,AN_RESDHT_URB,2038,9.283818689721668
RE1,AN_RESDHT_URB,2039,9.529302754656909
RE1,AN_RESDHT_URB,2040,9.77519443879859
RE1,AN_RESDHT_URB,2041,10.02307406825953
RE1,AN_RESDHT_URB,2042,10.2710788611427
RE1,AN_RESDHT_URB,2043,10.5191656579522
RE1,AN_RESDHT_URB,2044,10.76726728612286
RE1,AN_RESDHT_URB,2045,11.01535147919519
RE1,AN_RESDHT_URB,2046,11.2647204871293
RE1,AN_RESDHT_URB,2047,11.51474847983059
RE1,AN_RESDHT_URB,2048,11.7654486564271
RE1,AN_RESDHT_URB,2049,12.01536925032918
RE1,AN_RESDHT_URB,2050,12.24593198436115
RE1,AN_RESDHT_URB,2051,12.40154475864177
RE1,AN_RESDHT_URB,2052,12.55425947038789
RE1,AN_RESDHT_URB,2053,12.69700497528148
RE1,AN_RESDHT_URB,2054,12.83638580888325
RE1,AN_RESILU_RUR,2022,0.04071285936091353
RE1,AN_RESILU_RUR,2023,0.04777735122272297
RE1,AN_RESILU_RUR,2024,0.04708876191309586
RE1,AN_RESILU_RUR,2025,0.04922299533274565
RE1,AN_RESILU_RUR,2026,0.05047618200966567
RE1,AN_RESILU_RUR,2027,0.05180832384001342
RE1,AN_RESILU_RUR,2028,0.05322342145498343
RE1,AN_RESILU_RUR,2029,0.05470964469447508
RE1,AN_RESILU_RUR,2030,0.05628191737957802
RE1,AN_RESILU_RUR,2031,0.057909010048422
RE1,AN_RESILU_RUR,2032,0.05955416897890793
RE1,AN_RESILU_RUR,2033,0.06121262460692719
RE1,AN_RESILU_RUR,2034,0.06289651249386763
RE1,AN_RESILU_RUR,2035,0.06459221056983193
RE1,AN_RESILU_RUR,2036,0.06631816815481911
RE1,AN_RESILU_RUR,2037,0.0680552032569847
RE1,AN_RESILU_RUR,2038,0.06981569672341055
RE1,AN_RESILU_RUR,2039,0.07159794716293207
RE1,AN_RESILU_RUR,2040,0.0734050095838792
RE1,AN_RESILU_RUR,2041,0.07523069601394737
RE1,AN_RESILU_RUR,2042,0.0770731315069998
RE1,AN_RESILU_RUR,2043,0.07893464084163068
RE1,AN_RESILU_RUR,2044,0.08080921842306717
RE1,AN_RESILU_RUR,2045,0.08269737100084516
RE1,AN_RESILU_RUR,2046,0.08460403858315615
RE1,AN_RESILU_RUR,2047,0.08651007829462345
RE1,AN_RESILU_RUR,2048,0.08842167058920132
RE1,AN_RESILU_RUR,2049,0.09031377362506439
RE1,AN_RESILU_RUR,2050,0.09220042127304844
RE1,AN_RESILU_RUR,2051,0.09410424833273158
RE1,AN_RESILU_RUR,2052,0.09599742430029427
RE1,AN_RESILU_RUR,2053,0.09766551256401576
RE1,AN_RESILU_RUR,2054,0.09931343288328706
RE1,AN_RESILU_URB,2022,0.1483189164155245
RE1,AN_RESILU_URB,2023,0.1671445156747621
RE1,AN_RESILU_URB,2024,0.1807131185547234
RE1,AN_RESILU_URB,2025,0.1831475440812412
RE1,AN_RESILU_URB,2026,0.1893725495934546
RE1,AN_RESILU_URB,2027,0.1954736794840242
RE1,AN_RESILU_URB,2028,0.2014116965596158
RE1,AN_RESILU_URB,2029,0.2071413345676381
RE1,AN_RESILU_URB,2030,0.2126234034071859
RE1,AN_RESILU_URB,2031,0.2178005046000362
RE1,AN_RESILU_URB,2032,0.2228833583775785
RE1,AN_RESILU_URB,2033,0.2278761786626461
RE1,AN_RESILU_URB,2034,0.2327783434180388
RE1,AN_RESILU_URB,2035,0.2375953241568298
RE1,AN_RESILU_URB,2036,0.2423277362523799
RE1,AN_RESILU_URB,2037,0.2469916478254197
RE1,AN_RESILU_URB,2038,0.2515896022333113
RE1,AN_RESILU_URB,2039,0.2561255454706596
RE1,AN_RESILU_URB,2040,0.2606015416319668
RE1,AN_RESILU_URB,2041,0.2650178446693429
RE1,AN_RESILU_URB,2042,0.2693686208454832
RE1,AN_RESILU_URB,2043,0.2736553463436122
RE1,AN_RESILU_URB,2044,0.2778778970643686
RE1,AN_RESILU_URB,2045,0.2820375299084422
RE1,AN_RESILU_URB,2046,0.2861456647803971
RE1,AN_RESILU_URB,2047,0.2902103257887324
RE1,AN_RESILU_URB,2048,0.2942337934807426
RE1,AN_RESILU_URB,2049,0.2981806294751179
RE1,AN_RESILU_URB,2050,0.3049141197586901
RE1,AN_RESILU_URB,2051,0.3086293210035991
RE1,AN_RESILU_URB,2052,0.3122681000536031
RE1,AN_RESILU_URB,2053,0.3158265545256099
RE1,AN_RESILU_URB,2054,0.3193009684073346
RE1,AN_RESOTH_RUR,2022,0.169149823432702
RE1,AN_RESOTH_RUR,2023,0.1970195220258397
RE1,AN_RESOTH_RUR,2024,0.1936560120887341
RE1,AN_RESOTH_RUR,2025,0.2024229593738764
RE1,AN_RESOTH_RUR,2026,0.2073875968212406
RE1,AN_RESOTH_RUR,2027,0.2126615334562041
RE1,AN_RESOTH_RUR,2028,0.2182623817373045
RE1,AN_RESOTH_RUR,2029,0.2241496301548459
RE1,AN_RESOTH_RUR,2030,0.2303801185517156
RE1,AN_RESOTH_RUR,2031,0.2368226640607316
RE1,AN_RESOTH_RUR,2032,0.2433267302163225
RE1,AN_RESOTH_RUR,2033,0.2498846748212744
RE1,AN_RESOTH_RUR,2034,0.2565285212525638
RE1,AN_RESOTH_RUR,2035,0.2632205175422923
RE1,AN_RESOTH_RUR,2036,0.2699932379035773
RE1,AN_RESOTH_RUR,2037,0.2768464101860318
RE1,AN_RESOTH_RUR,2038,0.2837856076473751
RE1,AN_RESOTH_RUR,2039,0.2908096357805697
RE1,AN_RESOTH_RUR,2040,0.29792414873623
RE1,AN_RESOTH_RUR,2041,0.3051151872245729
RE1,AN_RESOTH_RUR,2042,0.3123690857271866
RE1,AN_RESOTH_RUR,2043,0.3196979065107324
RE1,AN_RESOTH_RUR,2044,0.3270813440258825
RE1,AN_RESOTH_RUR,2045,0.3345173469286817
RE1,AN_RESOTH_RUR,2046,0.3420189525333039
RE1,AN_RESOTH_RUR,2047,0.3495198204080319
RE1,AN_RESOTH_RUR,2048,0.35703731629927
RE1,AN_RESOTH_RUR,2049,0.3644769023400029
RE1,AN_RESOTH_RUR,2050,0.3718792659457753
RE1,AN_RESOTH_RUR,2051,0.3793527470013568
RE1,AN_RESOTH_RUR,2052,0.3867796981485942
RE1,AN_RESOTH_RUR,2053,0.3932968032212481
RE1,AN_RESOTH_RUR,2054,0.3997303749954098
RE1,AN_RESOTH_URB,2022,0.7407071539465633
RE1,AN_RESOTH_URB,2023,0.8366094995537434
RE1,AN_RESOTH_URB,2024,0.9048068725246984
RE1,AN_RESOTH_URB,2025,0.9164989810398797
RE1,AN_RESOTH_URB,2026,0.948210492550748
RE1,AN_RESOTH_URB,2027,0.978486625245755
RE1,AN_RESOTH_URB,2028,1.008779035942615
RE1,AN_RESOTH_URB,2029,1.037161450526391
RE1,AN_RESOTH_URB,2030,1.06427479907864
RE1,AN_RESOTH_URB,2031,1.090766424246462
RE1,AN_RESOTH_URB,2032,1.115859642213696
RE1,AN_RESOTH_URB,2033,1.141455300844818
RE1,AN_RESOTH_URB,2034,1.165629395356803
RE1,AN_RESOTH_URB,2035,1.189359964002885
RE1,AN_RESOTH_URB,2036,1.213674681494092
RE1,AN_RESOTH_URB,2037,1.236625222964661
RE1,AN_RESOTH_URB,2038,1.26029630109485
RE1,AN_RESOTH_URB,2039,1.282593043820889
RE1,AN_RESOTH_URB,2040,1.304574197093316
RE1,AN_RESOTH_URB,2041,1.327361671374658
RE1,AN_RESOTH_URB,2042,1.348703109607173
RE1,AN_RESOTH_URB,2043,1.370864630928314
RE1,AN_RESOTH_URB,2044,1.391552191550391
RE1,AN_RESOTH_URB,2045,1.411910441349713
RE1,AN_RESOTH_URB,2046,1.433202204265552
RE1,AN_RESOTH_URB,2047,1.453073275523208
RE1,AN_RESOTH_URB,2048,1.473962641006042
RE1,AN_RESOTH_URB,2049,1.493232376638886
RE1,AN_RESOTH_URB,2050,1.526952035166555
RE1,AN_RESOTH_URB,2051,1.545555757221728
RE1,AN_RESOTH_URB,2052,1.563775998633084
RE1,AN_RESOTH_URB,2053,1.58159320508825
RE1,AN_RESOTH_URB,2054,1.598988756951551
RE1,AN_RESREF_RUR,2022,0.06332775648904654
RE1,AN_RESREF_RUR,2023,0.07511277131659631
RE1,AN_RESREF_RUR,2024,0.07368819195306092
RE1,AN_RESREF_RUR,2025,0.07773371825140016
RE1,AN_RESREF_RUR,2026,0.0802327860325465
RE1,AN_RESREF_RUR,2027,0.08287292551670575
RE1,AN_RESREF_RUR,2028,0.08566080993834631
RE1,AN_RESREF_RUR,2029,0.08859008578569731
RE1,AN_RESREF_RUR,2030,0.09168168194990478
RE1,AN_RESREF_RUR,2031,0.09405161210128037
RE1,AN_RESREF_RUR,2032,0.09644556827372669
RE1,AN_RESREF_RUR,2033,0.09886854096337871
RE1,AN_RESREF_RUR,2034,0.1013184827066752
RE1,AN_RESREF_RUR,2035,0.1037953983312708
RE1,AN_RESREF_RUR,2036,0.1063105277877579
RE1,AN_RESREF_RUR,2037,0.1088548507797662
RE1,AN_RESREF_RUR,2038,0.1114291218066892
RE1,AN_RESREF_RUR,2039,0.1140364189498986
RE1,AN_RESREF_RUR,2040,0.1166732912324672
RE1,AN_RESREF_RUR,2041,0.1193436206564689
RE1,AN_RESREF_RUR,2042,0.1220398096212236
RE1,AN_RESREF_RUR,2043,0.1247640246540804
RE1,AN_RESREF_RUR,2044,0.1275116390770746
RE1,AN_RESREF_RUR,2045,0.1302795534202238
RE1,AN_RESREF_RUR,2046,0.1330670798516176
RE1,AN_RESREF_RUR,2047,0.1358593609147472
RE1,AN_RESREF_RUR,2048,0.1386518512379889
RE1,AN_RESREF_RUR,2049,0.1414190723463615
RE1,AN_RESREF_RUR,2050,0.1441769568895032
RE1,AN_RESREF_RUR,2051,0.1467371056064558
RE1,AN_RESREF_RUR,2052,0.1492730313076125
RE1,AN_RESREF_RUR,2053,0.1517819944921376
RE1,AN_RESREF_RUR,2054,0.1542612486714326
RE1,AN_RESREF_URB,2022,0.9876268572535456
RE1,AN_RESREF_URB,2023,1.135004052942785
RE1,AN_RESREF_URB,2024,1.212366041140604
RE1,AN_RESREF_URB,2025,1.242434641175479
RE1,AN_RESREF_URB,2026,1.29814324162662
RE1,AN_RESREF_URB,2027,1.353858532977944
RE1,AN_RESREF_URB,2028,1.409281079765654
RE1,AN_RESREF_URB,2029,1.46405018243534
RE1,AN_RESREF_URB,2030,1.517842004863302
RE1,AN_RESREF_URB,2031,1.556286424055867
RE1,AN_RESREF_URB,2032,1.594124831122163
RE1,AN_RESREF_URB,2033,1.631382881840449
RE1,AN_RESREF_URB,2034,1.668056269786485
RE1,AN_RESREF_URB,2035,1.704182206036027
RE1,AN_RESREF_URB,2036,1.73979235330871
RE1,AN_RESREF_URB,2037,1.774942992478792
RE1,AN_RESREF_URB,2038,1.809679852611992
RE1,AN_RESREF_URB,2039,1.844028835118226
RE1,AN_RESREF_URB,2040,1.878002849169654
RE1,AN_RESREF_URB,2041,1.911604395940591
RE1,AN_RESREF_URB,2042,1.944788829920046
RE1,AN_RESREF_URB,2043,1.977563399125549
RE1,AN_RESREF_URB,2044,2.00992698837435
RE1,AN_RESREF_URB,2045,2.041888195415942
RE1,AN_RESREF_URB,2046,2.073526485887325
RE1,AN_RESREF_URB,2047,2.104898517462038
RE1,AN_RESREF_URB,2048,2.136016865140438
RE1,AN_RESREF_URB,2049,2.166627270935823
RE1,AN_RESREF_URB,2050,2.196697596648521
RE1,AN_RESREF_URB,2051,2.223396485561454
RE1,AN_RESREF_URB,2052,2.249537898172428
RE1,AN_RESREF_URB,2053,2.275093546134898
RE1,AN_RESREF_URB,2054,2.300036492846416
RE1,AN_RESTV_RUR,2022,0.08072663801381343
RE1,AN_RESTV_RUR,2023,0.09352648124443722
RE1,AN_RESTV_RUR,2024,0.09728938748947807
RE1,AN_RESTV_RUR,2025,0.1028423921072363
RE1,AN_RESTV_RUR,2026,0.1056491844522247
RE1,AN_RESTV_RUR,2027,0.108608182123202
RE1,AN_RESTV_RUR,2028,0.1117279565215382
RE1,AN_RESTV_RUR,2029,0.1149997306952178
RE1,AN_RESTV_RUR,2030,0.118449296662817
RE1,AN_RESTV_RUR,2031,0.1216761277380038
RE1,AN_RESTV_RUR,2032,0.1249322829773984
RE1,AN_RESTV_RUR,2033,0.1282246786213996
RE1,AN_RESTV_RUR,2034,0.1315512424821869
RE1,AN_RESTV_RUR,2035,0.1349121560498517
RE1,AN_RESTV_RUR,2036,0.1383203817927728
RE1,AN_RESTV_RUR,2037,0.141768943492493
RE1,AN_RESTV_RUR,2038,0.145256997469557
RE1,AN_RESTV_RUR,2039,0.1487886780009593
RE1,AN_RESTV_RUR,2040,0.1523597230609352
RE1,AN_RESTV_RUR,2041,0.155975367299182
RE1,AN_RESTV_RUR,2042,0.1596257255758405
RE1,AN_RESTV_RUR,2043,0.1633139112402579
RE1,AN_RESTV_RUR,2044,0.1670340958311951
RE1,AN_RESTV_RUR,2045,0.1707822179120759
RE1,AN_RESTV_RUR,2046,0.1745572713323859
RE1,AN_RESTV_RUR,2047,0.1783398178102618
RE1,AN_RESTV_RUR,2048,0.1821241798110225
RE1,AN_RESTV_RUR,2049,0.1858764608909188
RE1,AN_RESTV_RUR,2050,0.1896157873923636
RE1,AN_RESTV_RUR,2051,0.1933921700853525
RE1,AN_RESTV_RUR,2052,0.1971478034389865
RE1,AN_RESTV_RUR,2053,0.2004426575300877
RE1,AN_RESTV_RUR,2054,0.2036979082009987
RE1,AN_RESTV_URB,2022,0.2657713427193236
RE1,AN_RESTV_URB,2023,0.3078818807850858
RE1,AN_RESTV_URB,2024,0.3274533050243003
RE1,AN_RESTV_URB,2025,0.3321416682595499
RE1,AN_RESTV_URB,2026,0.3434409990846379
RE1,AN_RESTV_URB,2027,0.3545149592536079
RE1,AN_RESTV_URB,2028,0.3652927163694076
RE1,AN_RESTV_URB,2029,0.375692319373281
RE1,AN_RESTV_URB,2030,0.3856424250330587
RE1,AN_RESTV_URB,2031,0.3950394787815587
RE1,AN_RESTV_URB,2032,0.4042656643762543
RE1,AN_RESTV_URB,2033,0.4133285100188916
RE1,AN_RESTV_URB,2034,0.4222267532326246
RE1,AN_RESTV_URB,2035,0.4309703964201507
RE1,AN_RESTV_URB,2036,0.4395594675856931
RE1,AN_RESTV_URB,2037,0.4480255027685298
RE1,AN_RESTV_URB,2038,0.4563719987354222
RE1,AN_RESTV_URB,2039,0.4646059928519611
RE1,AN_RESTV_URB,2040,0.4727309424147904
RE1,AN_RESTV_URB,2041,0.4807474926951055
RE1,AN_RESTV_URB,2042,0.4886449415226074
RE1,AN_RESTV_URB,2043,0.4964258939305145
RE1,AN_RESTV_URB,2044,0.5040902248426631
RE1,AN_RESTV_URB,2045,0.5116400481458389
RE1,AN_RESTV_URB,2046,0.5190961828095817
RE1,AN_RESTV_URB,2047,0.5264727196448276
RE1,AN_RESTV_URB,2048,0.533774093672859
RE1,AN_RESTV_URB,2049,0.5409353062531014
RE1,AN_RESTV_URB,2050,0.55315018677552
RE1,AN_RESTV_URB,2051,0.5598888661097936
RE1,AN_RESTV_URB,2052,0.566487812390315
RE1,AN_RESTV_URB,2053,0.5729399113405301
RE1,AN_RESTV_URB,2054,0.5792383885340594
RE1,AN_RESWHT_RUR,2022,0.06917497547111104
RE1,AN_RESWHT_RUR,2023,0.09447733350499833
RE1,AN_RESWHT_RUR,2024,0.1047060573999715
RE1,AN_RESWHT_RUR,2025,0.1126571259018751
RE1,AN_RESWHT_RUR,2026,0.11515269688457
RE1,AN_RESWHT_RUR,2027,0.1178019135687389
RE1,AN_RESWHT_RUR,2028,0.1206086825811942
RE1,AN_RESWHT_RUR,2029,0.123560172623846
RE1,AN_RESWHT_RUR,2030,0.1266813377928261
RE1,AN_RESWHT_RUR,2031,0.1299090410565172
RE1,AN_RESWHT_RUR,2032,0.1331675365616138
RE1,AN_RESWHT_RUR,2033,0.1364624316035183
RE1,AN_RESWHT_RUR,2034,0.1397878546330442
RE1,AN_RESWHT_RUR,2035,0.143144062356774
RE1,AN_RESWHT_RUR,2036,0.1465534267902363
RE1,AN_RESWHT_RUR,2037,0.1499887344225629
RE1,AN_RESWHT_RUR,2038,0.1534565802693277
RE1,AN_RESWHT_RUR,2039,0.1569620740154039
RE1,AN_RESWHT_RUR,2040,0.160499138615036
RE1,AN_RESWHT_RUR,2041,0.1640750010423612
RE1,AN_RESWHT_RUR,2042,0.1676781013674145
RE1,AN_RESWHT_RUR,2043,0.1713112535412077
RE1,AN_RESWHT_RUR,2044,0.1749689946289138
RE1,AN_RESWHT_RUR,2045,0.1786452402780095
RE1,AN_RESWHT_RUR,2046,0.1823409079479508
RE1,AN_RESWHT_RUR,2047,0.186036453617364
RE1,AN_RESWHT_RUR,2048,0.189724236221006
RE1,AN_RESWHT_RUR,2049,0.1933699717914234
RE1,AN_RESWHT_RUR,2050,0.1969963134963319
RE1,AN_RESWHT_RUR,2051,0.200651392729532
RE1,AN_RESWHT_RUR,2052,0.2042762903858445
RE1,AN_RESWHT_RUR,2053,0.2078670356262026
RE1,AN_RESWHT_RUR,2054,0.211419637557575
RE1,AN_RESWHT_URB,2022,1.707397384899871
RE1,AN_RESWHT_URB,2023,1.828537925609701
RE1,AN_RESWHT_URB,2024,1.973656961749712
RE1,AN_RESWHT_URB,2025,2.034704897077102
RE1,AN_RESWHT_URB,2026,2.098812990890397
RE1,AN_RESWHT_URB,2027,2.161805038596419
RE1,AN_RESWHT_URB,2028,2.223373428809537
RE1,AN_RESWHT_URB,2029,2.283064669866627
RE1,AN_RESWHT_URB,2030,2.340509392683059
RE1,AN_RESWHT_URB,2031,2.394889888020711
RE1,AN_RESWHT_URB,2032,2.448289586783178
RE1,AN_RESWHT_URB,2033,2.500689564276728
RE1,AN_RESWHT_URB,2034,2.552088199183572
RE1,AN_RESWHT_URB,2035,2.602571124987098
RE1,AN_RESWHT_URB,2036,2.652122204427991
RE1,AN_RESWHT_URB,2037,2.700942046722805
RE1,AN_RESWHT_URB,2038,2.749045815412882
RE1,AN_RESWHT_URB,2039,2.79645225165811
RE1,AN_RESWHT_URB,2040,2.843197765750354
RE1,AN_RESWHT_URB,2041,2.889274325566462
RE1,AN_RESWHT_URB,2042,2.934620317968105
RE1,AN_RESWHT_URB,2043,2.979245491932402
RE1,AN_RESWHT_URB,2044,3.023132324024383
RE1,AN_RESWHT_URB,2045,3.066316265510745
RE1,AN_RESWHT_URB,2046,3.108910878971583
RE1,AN_RESWHT_URB,2047,3.150992673259112
RE1,AN_RESWHT_URB,2048,3.192595247602908
RE1,AN_RESWHT_URB,2049,3.233272349841118
RE1,AN_RESWHT_URB,2050,3.27292056619462
RE1,AN_RESWHT_URB,2051,3.312521771749071
RE1,AN_RESWHT_URB,2052,3.351270626823517
RE1,AN_RESWHT_URB,2053,3.389124420436805
RE1,AN_RESWHT_URB,2054,3.426042519124141
RE1,AN_RESWSH_RUR,2022,0.04403560628021224
RE1,AN_RESWSH_RUR,2023,0.05009866985600509
RE1,AN_RESWSH_RUR,2024,0.04905460529843731
RE1,AN_RESWSH_RUR,2025,0.05194049483546026
RE1,AN_RESWSH_RUR,2026,0.05378018635168414
RE1,AN_RESWSH_RUR,2027,0.05572110217633949
RE1,AN_RESWSH_RUR,2028,0.05776815460301449
RE1,AN_RESWSH_RUR,2029,0.05991769466805443
RE1,AN_RESWSH_RUR,2030,0.06218445406432326
RE1,AN_RESWSH_RUR,2031,0.0643273289264889
RE1,AN_RESWSH_RUR,2032,0.06651223888126656
RE1,AN_RESWSH_RUR,2033,0.06874277587368224
RE1,AN_RESWSH_RUR,2034,0.07101769563085335
RE1,AN_RESWSH_RUR,2035,0.07333742705000919
RE1,AN_RESWSH_RUR,2036,0.07571234151298839
RE1,AN_RESWSH_RUR,2037,0.07813156213508306
RE1,AN_RESWSH_RUR,2038,0.08059843477880868
RE1,AN_RESWSH_RUR,2039,0.08311538601649691
RE1,AN_RESWSH_RUR,2040,0.08568023938805835
RE1,AN_RESWSH_RUR,2041,0.08829620764834224
RE1,AN_RESWSH_RUR,2042,0.09095817530266653
RE1,AN_RESWSH_RUR,2043,0.09366778333328776
RE1,AN_RESWSH_RUR,2044,0.09642192695915404
RE1,AN_RESWSH_RUR,2045,0.09921850572706314
RE1,AN_RESWSH_RUR,2046,0.1020572219364543
RE1,AN_RESWSH_RUR,2047,0.1049270862290878
RE1,AN_RESWSH_RUR,2048,0.1078243278057347
RE1,AN_RESWSH_RUR,2049,0.1107295996546178
RE1,AN_RESWSH_RUR,2050,0.113655927396245
RE1,AN_RESWSH_RUR,2051,0.1156661411946373
RE1,AN_RESWSH_RUR,2052,0.1176572979112375
RE1,AN_RESWSH_RUR,2053,0.1196272569951242
RE1,AN_RESWSH_RUR,2054,0.1215738723777943
RE1,AN_RESWSH_URB,2022,0.2370758078255998
RE1,AN_RESWSH_URB,2023,0.28932572410661
RE1,AN_RESWSH_URB,2024,0.296406880596819
RE1,AN_RESWSH_URB,2025,0.3052568503927587
RE1,AN_RESWSH_URB,2026,0.3199004643728052
RE1,AN_RESWSH_URB,2027,0.3346132777273175
RE1,AN_RESWSH_URB,2028,0.3493209255493725
RE1,AN_RESWSH_URB,2029,0.3639324452332429
RE1,AN_RESWSH_URB,2030,0.3783650513558547
RE1,AN_RESWSH_URB,2031,0.3912044339857122
RE1,AN_RESWSH_URB,2032,0.4040428775787306
RE1,AN_RESWSH_URB,2033,0.4168816011069007
RE1,AN_RESWSH_URB,2034,0.429715017293215
RE1,AN_RESWSH_URB,2035,0.4425489108805374
RE1,AN_RESWSH_URB,2036,0.4553844536648434
RE1,AN_RESWSH_URB,2037,0.4682383071586047
RE1,AN_RESWSH_URB,2038,0.4811165177551908
RE1,AN_RESWSH_URB,2039,0.4940225411824264
RE1,AN_RESWSH_URB,2040,0.5069568253411845
RE1,AN_RESWSH_URB,2041,0.5199170907946058
RE1,AN_RESWSH_URB,2042,0.5328880645111791
RE1,AN_RESWSH_URB,2043,0.5458689118717287
RE1,AN_RESWSH_URB,2044,0.5588557188379984
RE1,AN_RESWSH_URB,2045,0.5718481429899623
RE1,AN_RESWSH_URB,2046,0.5848658254189714
RE1,AN_RESWSH_URB,2047,0.5979217540160815
RE1,AN_RESWSH_URB,2048,0.6110180557975664
RE1,AN_RESWSH_URB,2049,0.6240778757898351
RE1,AN_RESWSH_URB,2050,0.6370877838711633
RE1,AN_RESWSH_URB,2051,0.6448391625851024
RE1,AN_RESWSH_URB,2052,0.652428458588824
RE1,AN_RESWSH_URB,2053,0.6598474388436436
RE1,AN_RESWSH_URB,2054,0.6670882633304358
RE1,AN_TERCLIM_CEN,2022,2.926
RE1,AN_TERCLIM_CEN,2023,3.026
RE1,AN_TERCLIM_CEN,2024,3.13
RE1,AN_TERCLIM_CEN,2025,3.241
RE1,AN_TERCLIM_CEN,2026,3.369
RE1,AN_TERCLIM_CEN,2027,3.491
RE1,AN_TERCLIM_CEN,2028,3.608
RE1,AN_TERCLIM_CEN,2029,3.731
RE1,AN_TERCLIM_CEN,2030,3.856
RE1,AN_TERCLIM_CEN,2031,3.943
RE1,AN_TERCLIM_CEN,2032,4.022
RE1,AN_TERCLIM_CEN,2033,4.096
RE1,AN_TERCLIM_CEN,2034,4.162
RE1,AN_TERCLIM_CEN,2035,4.219
RE1,AN_TERCLIM_CEN,2036,4.269
RE1,AN_TERCLIM_CEN,2037,4.316
RE1,AN_TERCLIM_CEN,2038,4.364
RE1,AN_TERCLIM_CEN,2039,4.417
RE1,AN_TERCLIM_CEN,2040,4.477
RE1,AN_TERCLIM_CEN,2041,4.548
RE1,AN_TERCLIM_CEN,2042,4.63
RE1,AN_TERCLIM_CEN,2043,4.726
RE1,AN_TERCLIM_CEN,2044,4.834
RE1,AN_TERCLIM_CEN,2045,4.954
RE1,AN_TERCLIM_CEN,2046,5.086
RE1,AN_TERCLIM_CEN,2047,5.228
RE1,AN_TERCLIM_CEN,2048,5.381
RE1,AN_TERCLIM_CEN,2049,5.543
RE1,AN_TERCLIM_CEN,2050,5.714
RE1,AN_TERCLIM_CEN,2051,5.899
RE1,AN_TERCLIM_CEN,2052,6.091
RE1,AN_TERCLIM_CEN,2053,6.283
RE1,AN_TERCLIM_CEN,2054,6.482
RE1,AN_TERCLIM_FAN,2022,0.082
RE1,AN_TERCLIM_FAN,2023,0.085
RE1,AN_TERCLIM_FAN,2024,0.088
RE1,AN_TERCLIM_FAN,2025,0.091
RE1,AN_TERCLIM_FAN,2026,0.095
RE1,AN_TERCLIM_FAN,2027,0.098
RE1,AN_TERCLIM_FAN,2028,0.102
RE1,AN_TERCLIM_FAN,2029,0.105
RE1,AN_TERCLIM_FAN,2030,0.109
RE1,AN_TERCLIM_FAN,2031,0.112
RE1,AN_TERCLIM_FAN,2032,0.115
RE1,AN_TERCLIM_FAN,2033,0.118
RE1,AN_TERCLIM_FAN,2034,0.12
RE1,AN_TERCLIM_FAN,2035,0.123
RE1,AN_TERCLIM_FAN,2036,0.126
RE1,AN_TERCLIM_FAN,2037,0.129
RE1,AN_TERCLIM_FAN,2038,0.132
RE1,AN_TERCLIM_FAN,2039,0.135
RE1,AN_TERCLIM_FAN,2040,0.138
RE1,AN_TERCLIM_FAN,2041,0.142
RE1,AN_TERCLIM_FAN,2042,0.146
RE1,AN_TERCLIM_FAN,2043,0.15
RE1,AN_TERCLIM_FAN,2044,0.154
RE1,AN_TERCLIM_FAN,2045,0.158
RE1,AN_TERCLIM_FAN,2046,0.163
RE1,AN_TERCLIM_FAN,2047,0.168
RE1,AN_TERCLIM_FAN,2048,0.174
RE1,AN_TERCLIM_FAN,2049,0.179
RE1,AN_TERCLIM_FAN,2050,0.185
RE1,AN_TERCLIM_FAN,2051,0.191
RE1,AN_TERCLIM_FAN,2052,0.197
RE1,AN_TERCLIM_FAN,2053,0.204
RE1,AN_TERCLIM_FAN,2054,0.21
RE1,AN_TERCLIM_SPL,2022,0.322
RE1,AN_TERCLIM_SPL,2023,0.333
RE1,AN_TERCLIM_SPL,2024,0.344
RE1,AN_TERCLIM_SPL,2025,0.356
RE1,AN_TERCLIM_SPL,2026,0.371
RE1,AN_TERCLIM_SPL,2027,0.384
RE1,AN_TERCLIM_SPL,2028,0.397
RE1,AN_TERCLIM_SPL,2029,0.41
RE1,AN_TERCLIM_SPL,2030,0.424
RE1,AN_TERCLIM_SPL,2031,0.434
RE1,AN_TERCLIM_SPL,2032,0.442
RE1,AN_TERCLIM_SPL,2033,0.451
RE1,AN_TERCLIM_SPL,2034,0.458
RE1,AN_TERCLIM_SPL,2035,0.464
RE1,AN_TERCLIM_SPL,2036,0.47
RE1,AN_TERCLIM_SPL,2037,0.475
RE1,AN_TERCLIM_SPL,2038,0.48
RE1,AN_TERCLIM_SPL,2039,0.486
RE1,AN_TERCLIM_SPL,2040,0.492
RE1,AN_TERCLIM_SPL,2041,0.5
RE1,AN_TERCLIM_SPL,2042,0.509
RE1,AN_TERCLIM_SPL,2043,0.52
RE1,AN_TERCLIM_SPL,2044,0.532
RE1,AN_TERCLIM_SPL,2045,0.545
RE1,AN_TERCLIM_SPL,2046,0.559
RE1,AN_TERCLIM_SPL,2047,0.575
RE1,AN_TERCLIM_SPL,2048,0.592
RE1,AN_TERCLIM_SPL,2049,0.61
RE1,AN_TERCLIM_SPL,2050,0.629
RE1,AN_TERCLIM_SPL,2051,0.649
RE1,AN_TERCLIM_SPL,2052,0.67
RE1,AN_TERCLIM_SPL,2053,0.691
RE1,AN_TERCLIM_SPL,2054,0.713
RE1,AN_TERDHT,2022,2.88
RE1,AN_TERDHT,2023,3.13
RE1,AN_TERDHT,2024,3.219
RE1,AN_TERDHT,2025,3.35
RE1,AN_TERDHT,2026,3.467
RE1,AN_TERDHT,2027,3.582
RE1,AN_TERDHT,2028,3.696
RE1,AN_TERDHT,2029,3.812
RE1,AN_TERDHT,2030,3.928
RE1,AN_TERDHT,2031,4.033
RE1,AN_TERDHT,2032,4.137
RE1,AN_TERDHT,2033,4.241
RE1,AN_TERDHT,2034,4.343
RE1,AN_TERDHT,2035,4.442
RE1,AN_TERDHT,2036,4.539
RE1,AN_TERDHT,2037,4.637
RE1,AN_TERDHT,2038,4.738
RE1,AN_TERDHT,2039,4.843
RE1,AN_TERDHT,2040,4.956
RE1,AN_TERDHT,2041,5.077
RE1,AN_TERDHT,2042,5.208
RE1,AN_TERDHT,2043,5.348
RE1,AN_TERDHT,2044,5.499
RE1,AN_TERDHT,2045,5.659
RE1,AN_TERDHT,2046,5.828
RE1,AN_TERDHT,2047,6.007
RE1,AN_TERDHT,2048,6.195
RE1,AN_TERDHT,2049,6.392
RE1,AN_TERDHT,2050,6.597
RE1,AN_TERDHT,2051,6.814
RE1,AN_TERDHT,2052,7.038
RE1,AN_TERDHT,2053,7.262
RE1,AN_TERDHT,2054,7.493
RE1,AN_TERIHT,2022,0.251
RE1,AN_TERIHT,2023,0.252
RE1,AN_TERIHT,2024,0.254
RE1,AN_TERIHT,2025,0.255
RE1,AN_TERIHT,2026,0.257
RE1,AN_TERIHT,2027,0.258
RE1,AN_TERIHT,2028,0.26
RE1,AN_TERIHT,2029,0.262
RE1,AN_TERIHT,2030,0.265
RE1,AN_TERIHT,2031,0.273
RE1,AN_TERIHT,2032,0.282
RE1,AN_TERIHT,2033,0.291
RE1,AN_TERIHT,2034,0.3
RE1,AN_TERIHT,2035,0.31
RE1,AN_TERIHT,2036,0.32
RE1,AN_TERIHT,2037,0.33
RE1,AN_TERIHT,2038,0.341
RE1,AN_TERIHT,2039,0.352
RE1,AN_TERIHT,2040,0.364
RE1,AN_TERIHT,2041,0.375
RE1,AN_TERIHT,2042,0.388
RE1,AN_TERIHT,2043,0.4
RE1,AN_TERIHT,2044,0.413
RE1,AN_TERIHT,2045,0.427
RE1,AN_TERIHT,2046,0.441
RE1,AN_TERIHT,2047,0.456
RE1,AN_TERIHT,2048,0.471
RE1,AN_TERIHT,2049,0.486
RE1,AN_TERIHT,2050,0.502
RE1,AN_TERIHT,2051,0.519
RE1,AN_TERIHT,2052,0.536
RE1,AN_TERIHT,2053,0.553
RE1,AN_TERIHT,2054,0.571
RE1,AN_TERILU,2022,0.333
RE1,AN_TERILU,2023,0.344
RE1,AN_TERILU,2024,0.352
RE1,AN_TERILU,2025,0.365
RE1,AN_TERILU,2026,0.38
RE1,AN_TERILU,2027,0.393
RE1,AN_TERILU,2028,0.406
RE1,AN_TERILU,2029,0.42
RE1,AN_TERILU,2030,0.433
RE1,AN_TERILU,2031,0.444
RE1,AN_TERILU,2032,0.456
RE1,AN_TERILU,2033,0.467
RE1,AN_TERILU,2034,0.479
RE1,AN_TERILU,2035,0.492
RE1,AN_TERILU,2036,0.504
RE1,AN_TERILU,2037,0.517
RE1,AN_TERILU,2038,0.531
RE1,AN_TERILU,2039,0.544
RE1,AN_TERILU,2040,0.557
RE1,AN_TERILU,2041,0.572
RE1,AN_TERILU,2042,0.586
RE1,AN_TERILU,2043,0.601
RE1,AN_TERILU,2044,0.616
RE1,AN_TERILU,2045,0.631
RE1,AN_TERILU,2046,0.647
RE1,AN_TERILU,2047,0.663
RE1,AN_TERILU,2048,0.68
RE1,AN_TERILU,2049,0.697
RE1,AN_TERILU,2050,0.714
RE1,AN_TERILU,2051,0.738
RE1,AN_TERILU,2052,0.763
RE1,AN_TERILU,2053,0.787
RE1,AN_TERILU,2054,0.812
RE1,AN_TERMPW,2022,0.292
RE1,AN_TERMPW,2023,0.302
RE1,AN_TERMPW,2024,0.312
RE1,AN_TERMPW,2025,0.323
RE1,AN_TERMPW,2026,0.336
RE1,AN_TERMPW,2027,0.348
RE1,AN_TERMPW,2028,0.36
RE1,AN_TERMPW,2029,0.373
RE1,AN_TERMPW,2030,0.385
RE1,AN_TERMPW,2031,0.396
RE1,AN_TERMPW,2032,0.406
RE1,AN_TERMPW,2033,0.417
RE1,AN_TERMPW,2034,0.427
RE1,AN_TERMPW,2035,0.437
RE1,AN_TERMPW,2036,0.447
RE1,AN_TERMPW,2037,0.457
RE1,AN_TERMPW,2038,0.468
RE1,AN_TERMPW,2039,0.479
RE1,AN_TERMPW,2040,0.49
RE1,AN_TERMPW,2041,0.503
RE1,AN_TERMPW,2042,0.516
RE1,AN_TERMPW,2043,0.53
RE1,AN_TERMPW,2044,0.545
RE1,AN_TERMPW,2045,0.562
RE1,AN_TERMPW,2046,0.579
RE1,AN_TERMPW,2047,0.596
RE1,AN_TERMPW,2048,0.615
RE1,AN_TERMPW,2049,0.635
RE1,AN_TERMPW,2050,0.655
RE1,AN_TERMPW,2051,0.677
RE1,AN_TERMPW,2052,0.699
RE1,AN_TERMPW,2053,0.721
RE1,AN_TERMPW,2054,0.744
RE1,AN_TEROTH,2022,1.432
RE1,AN_TEROTH,2023,1.481
RE1,AN_TEROTH,2024,1.531
RE1,AN_TEROTH,2025,1.584
RE1,AN_TEROTH,2026,1.647
RE1,AN_TEROTH,2027,1.705
RE1,AN_TEROTH,2028,1.761
RE1,AN_TEROTH,2029,1.82
RE1,AN_TEROTH,2030,1.879
RE1,AN_TEROTH,2031,1.939
RE1,AN_TEROTH,2032,2.002
RE1,AN_TEROTH,2033,2.068
RE1,AN_TEROTH,2034,2.136
RE1,AN_TEROTH,2035,2.207
RE1,AN_TEROTH,2036,2.28
RE1,AN_TEROTH,2037,2.355
RE1,AN_TEROTH,2038,2.433
RE1,AN_TEROTH,2039,2.513
RE1,AN_TEROTH,2040,2.596
RE1,AN_TEROTH,2041,2.682
RE1,AN_TEROTH,2042,2.771
RE1,AN_TEROTH,2043,2.863
RE1,AN_TEROTH,2044,2.958
RE1,AN_TEROTH,2045,3.055
RE1,AN_TEROTH,2046,3.157
RE1,AN_TEROTH,2047,3.261
RE1,AN_TEROTH,2048,3.369
RE1,AN_TEROTH,2049,3.481
RE1,AN_TEROTH,2050,3.596
RE1,AN_TEROTH,2051,3.716
RE1,AN_TEROTH,2052,3.839
RE1,AN_TEROTH,2053,3.962
RE1,AN_TEROTH,2054,4.089
RE1,AN_TERREF_AUC,2022,0.227
RE1,AN_TERREF_AUC,2023,0.235
RE1,AN_TERREF_AUC,2024,0.243
RE1,AN_TERREF_AUC,2025,0.251
RE1,AN_TERREF_AUC,2026,0.261
RE1,AN_TERREF_AUC,2027,0.271
RE1,AN_TERREF_AUC,2028,0.28
RE1,AN_TERREF_AUC,2029,0.289
RE1,AN_TERREF_AUC,2030,0.299
RE1,AN_TERREF_AUC,2031,0.306
RE1,AN_TERREF_AUC,2032,0.312
RE1,AN_TERREF_AUC,2033,0.318
RE1,AN_TERREF_AUC,2034,0.323
RE1,AN_TERREF_AUC,2035,0.327
RE1,AN_TERREF_AUC,2036,0.331
RE1,AN_TERREF_AUC,2037,0.335
RE1,AN_TERREF_AUC,2038,0.338
RE1,AN_TERREF_AUC,2039,0.342
RE1,AN_TERREF_AUC,2040,0.347
RE1,AN_TERREF_AUC,2041,0.353
RE1,AN_TERREF_AUC,2042,0.359
RE1,AN_TERREF_AUC,2043,0.366
RE1,AN_TERREF_AUC,2044,0.375
RE1,AN_TERREF_AUC,2045,0.384
RE1,AN_TERREF_AUC,2046,0.394
RE1,AN_TERREF_AUC,2047,0.405
RE1,AN_TERREF_AUC,2048,0.417
RE1,AN_TERREF_AUC,2049,0.43
RE1,AN_TERREF_AUC,2050,0.443
RE1,AN_TERREF_AUC,2051,0.457
RE1,AN_TERREF_AUC,2052,0.472
RE1,AN_TERREF_AUC,2053,0.487
RE1,AN_TERREF_AUC,2054,0.502
RE1,AN_TERREF_CEN,2022,0.36
RE1,AN_TERREF_CEN,2023,0.372
RE1,AN_TERREF_CEN,2024,0.385
RE1,AN_TERREF_CEN,2025,0.399
RE1,AN_TERREF_CEN,2026,0.415
RE1,AN_TERREF_CEN,2027,0.43
RE1,AN_TERREF_CEN,2028,0.444
RE1,AN_TERREF_CEN,2029,0.459
RE1,AN_TERREF_CEN,2030,0.475
RE1,AN_TERREF_CEN,2031,0.485
RE1,AN_TERREF_CEN,2032,0.495
RE1,AN_TERREF_CEN,2033,0.504
RE1,AN_TERREF_CEN,2034,0.512
RE1,AN_TERREF_CEN,2035,0.519
RE1,AN_TERREF_CEN,2036,0.525
RE1,AN_TERREF_CEN,2037,0.531
RE1,AN_TERREF_CEN,2038,0.537
RE1,AN_TERREF_CEN,2039,0.544
RE1,AN_TERREF_CEN,2040,0.551
RE1,AN_TERREF_CEN,2041,0.56
RE1,AN_TERREF_CEN,2042,0.57
RE1,AN_TERREF_CEN,2043,0.582
RE1,AN_TERREF_CEN,2044,0.595
RE1,AN_TERREF_CEN,2045,0.61
RE1,AN_TERREF_CEN,2046,0.626
RE1,AN_TERREF_CEN,2047,0.643
RE1,AN_TERREF_CEN,2048,0.662
RE1,AN_TERREF_CEN,2049,0.682
RE1,AN_TERREF_CEN,2050,0.703
RE1,AN_TERREF_CEN,2051,0.726
RE1,AN_TERREF_CEN,2052,0.75
RE1,AN_TERREF_CEN,2053,0.773
RE1,AN_TERREF_CEN,2054,0.798
RE1,AN_TRAAVI,2022,12.14738441425151
RE1,AN_TRAAVI,2023,13.27810655494466
RE1,AN_TRAAVI,2024,13.69456952151281
RE1,AN_TRAAVI,2025,14.01937047375495
RE1,AN_TRAAVI,2026,14.4537088047767
RE1,AN_TRAAVI,2027,14.88804713579845
RE1,AN_TRAAVI,2028,15.27027967149797
RE1,AN_TRAAVI,2029,15.65669539930363
RE1,AN_TRAAVI,2030,16.0495776132734
RE1,AN_TRAAVI,2031,16.44892441540721
RE1,AN_TRAAVI,2032,16.85587840173405
RE1,AN_TRAAVI,2033,17.26853777620568
RE1,AN_TRAAVI,2034,17.68766173884135
RE1,AN_TRAAVI,2035,18.11363178765075
RE1,AN_TRAAVI,2036,18.54682942064355
RE1,AN_TRAAVI,2037,18.98573244178113
RE1,AN_TRAAVI,2038,19.43109815308271
RE1,AN_TRAAVI,2039,19.88293604454854
RE1,AN_TRAAVI,2040,20.34274553621664
RE1,AN_TRAAVI,2041,20.97992313238563
RE1,AN_TRAAVI,2042,21.43836606401906
RE1,AN_TRAAVI,2043,21.89682797565297
RE1,AN_TRAAVI,2044,22.3552709072864
RE1,AN_TRAAVI,2045,22.81371383891983
RE1,AN_TRAAVI,2046,23.27217575055374
RE1,AN_TRAAVI,2047,23.73061868218717
RE1,AN_TRAAVI,2048,24.18906161382059
RE1,AN_TRAAVI,2049,24.6475235254545
RE1,AN_TRAAVI,2050,25.10596645708793
RE1,AN_TRAAVI,2051,25.56440938872136
RE1,AN_TRAAVI,2052,26.02287130035527
RE1,AN_TRAAVI,2053,26.4813142319887
RE1,AN_TRAAVI,2054,26.93977614362261
RE1,AN_TRABUS,2022,2.519481620551814
RE1,AN_TRABUS,2023,2.976101825753219
RE1,AN_TRABUS,2024,3.553426053628828
RE1,AN_TRABUS,2025,3.63277818235203
RE1,AN_TRABUS,2026,3.715497564241645
RE1,AN_TRABUS,2027,3.808007764759809
RE1,AN_TRABUS,2028,3.899171643409421
RE1,AN_TRABUS,2029,4.013461067807219
RE1,AN_TRABUS,2030,4.170806523760438
RE1,AN_TRABUS,2031,4.413110484822665
RE1,AN_TRABUS,2032,4.734232120289707
RE1,AN_TRABUS,2033,5.102800043812799
RE1,AN_TRABUS,2034,5.337429847164154
RE1,AN_TRABUS,2035,5.753343941595129
RE1,AN_TRABUS,2036,6.134351700793235
RE1,AN_TRABUS,2037,6.556432291011483
RE1,AN_TRABUS,2038,7.00169711726694
RE1,AN_TRABUS,2039,7.501372608939499
RE1,AN_TRABUS,2040,7.831296149576607
RE1,AN_TRABUS,2041,8.25669238238458
RE1,AN_TRABUS,2042,8.70405745029318
RE1,AN_TRABUS,2043,9.283870012498504
RE1,AN_TRABUS,2044,9.591775864860278
RE1,AN_TRABUS,2045,10.01689004998807
RE1,AN_TRABUS,2046,10.2749242994903
RE1,AN_TRABUS,2047,10.77345985278991
RE1,AN_TRABUS,2048,11.1053764297337
RE1,AN_TRABUS,2049,11.41514723878012
RE1,AN_TRABUS,2050,11.68737368308596
RE1,AN_TRABUS,2051,11.93703387242025
RE1,AN_TRABUS,2052,12.18666239296646
RE1,AN_TRABUS,2053,12.03048426492341
RE1,AN_TRABUS,2054,11.87927477164177
RE1,AN_TRAFWD,2022,2.78171436
RE1,AN_TRAFWD,2023,2.633051884
RE1,AN_TRAFWD,2024,2.426414578
RE1,AN_TRAFWD,2025,2.560831994
RE1,AN_TRAFWD,2026,2.69396488
RE1,AN_TRAFWD,2027,2.817180351
RE1,AN_TRAFWD,2028,2.935585486
RE1,AN_TRAFWD,2029,3.059916203
RE1,AN_TRAFWD,2030,3.196989659
RE1,AN_TRAFWD,2031,3.3303098
RE1,AN_TRAFWD,2032,3.507756166
RE1,AN_TRAFWD,2033,3.712642796
RE1,AN_TRAFWD,2034,3.890242288
RE1,AN_TRAFWD,2035,4.072426808
RE1,AN_TRAFWD,2036,4.273959186
RE1,AN_TRAFWD,2037,4.483840842
RE1,AN_TRAFWD,2038,4.704125211
RE1,AN_TRAFWD,2039,4.909030518
RE1,AN_TRAFWD,2040,5.106368609
RE1,AN_TRAFWD,2041,5.317586804
RE1,AN_TRAFWD,2042,5.573299836
RE1,AN_TRAFWD,2043,5.831586659
RE1,AN_TRAFWD,2044,6.115527209
RE1,AN_TRAFWD,2045,6.384822468
RE1,AN_TRAFWD,2046,6.637581847
RE1,AN_TRAFWD,2047,6.941454542
RE1,AN_TRAFWD,2048,7.215873475
RE1,AN_TRAFWD,2049,7.505357672
RE1,AN_TRAFWD,2050,7.837728241
RE1,AN_TRAFWD,2051,8.116363734
RE1,AN_TRAFWD,2052,8.340231712
RE1,AN_TRAFWD,2053,8.581502704
RE1,AN_TRAFWD,2054,8.775531928
RE1,AN_TRAMET,2022,0.1231020319453191
RE1,AN_TRAMET,2023,0.1189782811074209
RE1,AN_TRAMET,2024,0.1198230069873137
RE1,AN_TRAMET,2025,0.2492217426273459
RE1,AN_TRAMET,2026,0.4605311260053619
RE1,AN_TRAMET,2027,0.6291037801608579
RE1,AN_TRAMET,2028,0.9163895710455765
RE1,AN_TRAMET,2029,0.919950965147453
RE1,AN_TRAMET,2030,0.9294480160857909
RE1,AN_TRAMET,2031,0.9306351474530831
RE1,AN_TRAMET,2032,0.961500563002681
RE1,AN_TRAMET,2033,0.9579391689008043
RE1,AN_TRAMET,2034,0.9709976139410188
RE1,AN_TRAMET,2035,1.001863029490617
RE1,AN_TRAMET,2036,1.03035418230563
RE1,AN_TRAMET,2037,1.022044262734584
RE1,AN_TRAMET,2038,1.031541313672922
RE1,AN_TRAMET,2039,1.031541313672922
RE1,AN_TRAMET,2040,1.031541313672922
RE1,AN_TRAMET,2041,1.031541313672922
RE1,AN_TRAMET,2042,1.031541313672922
RE1,AN_TRAMET,2043,1.031541313672922
RE1,AN_TRAMET,2044,1.031541313672922
RE1,AN_TRAMET,2045,1.031541313672922
RE1,AN_TRAMET,2046,1.031541313672922
RE1,AN_TRAMET,2047,1.031541313672922
RE1,AN_TRAMET,2048,1.031541313672922
RE1,AN_TRAMET,2049,1.031541313672922
RE1,AN_TRAMET,2050,1.031541313672922
RE1,AN_TRAMET,2051,1.031541313672922
RE1,AN_TRAMET,2052,1.031541313672922
RE1,AN_TRAMET,2053,1.031541313672922
RE1,AN_TRAMET,2054,1.031541313672922
RE1,AN_TRAMIC,2022,0.405500725
RE1,AN_TRAMIC,2023,0.46315873
RE1,AN_TRAMIC,2024,0.466180306
RE1,AN_TRAMIC,2025,0.465816221
RE1,AN_TRAMIC,2026,0.465631742
RE1,AN_TRAMIC,2027,0.465343261
RE1,AN_TRAMIC,2028,0.464963345
RE1,AN_TRAMIC,2029,0.46451016
RE1,AN_TRAMIC,2030,0.464028792
RE1,AN_TRAMIC,2031,0.463523211
RE1,AN_TRAMIC,2032,0.463101832
RE1,AN_TRAMIC,2033,0.462792203
RE1,AN_TRAMIC,2034,0.46250818
RE1,AN_TRAMIC,2035,0.462733537
RE1,AN_TRAMIC,2036,0.463585913
RE1,AN_TRAMIC,2037,0.465724996
RE1,AN_TRAMIC,2038,0.469560907
RE1,AN_TRAMIC,2039,0.47604325
RE1,AN_TRAMIC,2040,0.485514022
RE1,AN_TRAMIC,2041,0.500548826
RE1,AN_TRAMIC,2042,0.519003436
RE1,AN_TRAMIC,2043,0.544375627
RE1,AN_TRAMIC,2044,0.570485406
RE1,AN_TRAMIC,2045,0.600367601
RE1,AN_TRAMIC,2046,0.627263475
RE1,AN_TRAMIC,2047,0.662777426
RE1,AN_TRAMIC,2048,0.692435139
RE1,AN_TRAMIC,2049,0.720399537
RE1,AN_TRAMIC,2050,0.746207257
RE1,AN_TRAMIC,2051,0.771161501
RE1,AN_TRAMIC,2052,0.796569452
RE1,AN_TRAMIC,2053,0.801010279
RE1,AN_TRAMIC,2054,0.804744359
RE1,AN_TRAMRT,2022,0.850053
RE1,AN_TRAMRT,2023,0.877915
RE1,AN_TRAMRT,2024,0.907724
RE1,AN_TRAMRT,2025,0.940137
RE1,AN_TRAMRT,2026,0.978231
RE1,AN_TRAMRT,2027,1.012334
RE1,AN_TRAMRT,2028,1.045067
RE1,AN_TRAMRT,2029,1.078488
RE1,AN_TRAMRT,2030,1.112142
RE1,AN_TRAMRT,2031,1.146058
RE1,AN_TRAMRT,2032,1.180915
RE1,AN_TRAMRT,2033,1.216665
RE1,AN_TRAMRT,2034,1.253443
RE1,AN_TRAMRT,2035,1.29141
RE1,AN_TRAMRT,2036,1.330043
RE1,AN_TRAMRT,2037,1.369817
RE1,AN_TRAMRT,2038,1.410735
RE1,AN_TRAMRT,2039,1.452828
RE1,AN_TRAMRT,2040,1.496156
RE1,AN_TRAMRT,2041,1.54078
RE1,AN_TRAMRT,2042,1.586749
RE1,AN_TRAMRT,2043,1.634102
RE1,AN_TRAMRT,2044,1.682883
RE1,AN_TRAMRT,2045,1.733135
RE1,AN_TRAMRT,2046,1.784904
RE1,AN_TRAMRT,2047,1.838235
RE1,AN_TRAMRT,2048,1.893176
RE1,AN_TRAMRT,2049,1.949778
RE1,AN_TRAMRT,2050,2.00809
RE1,AN_TRAMRT,2051,2.00809
RE1,AN_TRAMRT,2052,2.00809
RE1,AN_TRAMRT,2053,2.00809
RE1,AN_TRAMRT,2054,2.00809
RE1,AN_TRAMTC,2022,2.84159483
RE1,AN_TRAMTC,2023,2.70665624
RE1,AN_TRAMTC,2024,2.509476419
RE1,AN_TRAMTC,2025,2.599081558
RE1,AN_TRAMTC,2026,2.686549908
RE1,AN_TRAMTC,2027,2.775197411
RE1,AN_TRAMTC,2028,2.858858557
RE1,AN_TRAMTC,2029,2.948106874
RE1,AN_TRAMTC,2030,3.016906373
RE1,AN_TRAMTC,2031,3.097954895
RE1,AN_TRAMTC,2032,3.179597336
RE1,AN_TRAMTC,2033,3.213191652
RE1,AN_TRAMTC,2034,3.206670091
RE1,AN_TRAMTC,2035,3.167830263
RE1,AN_TRAMTC,2036,3.085226823
RE1,AN_TRAMTC,2037,2.93936629
RE1,AN_TRAMTC,2038,2.752831646
RE1,AN_TRAMTC,2039,2.541744251
RE1,AN_TRAMTC,2040,2.308034658
RE1,AN_TRAMTC,2041,2.079116136
RE1,AN_TRAMTC,2042,1.839574748
RE1,AN_TRAMTC,2043,1.800651022
RE1,AN_TRAMTC,2044,1.762764259
RE1,AN_TRAMTC,2045,1.720008526
RE1,AN_TRAMTC,2046,1.685392955
RE1,AN_TRAMTC,2047,1.650653249
RE1,AN_TRAMTC,2048,1.608254329
RE1,AN_TRAMTC,2049,1.576418802
RE1,AN_TRAMTC,2050,1.5317754
RE1,AN_TRAMTC,2051,1.46906643
RE1,AN_TRAMTC,2052,1.411691956
RE1,AN_TRAMTC,2053,1.32484262
RE1,AN_TRAMTC,2054,1.238950816
RE1,AN_TRASTT,2022,7.066510709195599
RE1,AN_TRASTT,2023,6.851332150448801
RE1,AN_TRASTT,2024,6.351954432373565
RE1,AN_TRASTT,2025,6.469572021038267
RE1,AN_TRASTT,2026,6.591594616527538
RE1,AN_TRASTT,2027,6.708747533907512
RE1,AN_TRASTT,2028,6.824937542407461
RE1,AN_TRASTT,2029,6.937287114867857
RE1,AN_TRASTT,2030,7.057414352021038
RE1,AN_TRASTT,2031,7.162604510091075
RE1,AN_TRASTT,2032,7.300231937976922
RE1,AN_TRASTT,2033,7.459898107307593
RE1,AN_TRASTT,2034,7.589891551330932
RE1,AN_TRASTT,2035,7.718873368997968
RE1,AN_TRASTT,2036,7.860992917917172
RE1,AN_TRASTT,2037,8.007518161949362
RE1,AN_TRASTT,2038,8.164183649600202
RE1,AN_TRASTT,2039,8.31184182156114
RE1,AN_TRASTT,2040,8.45003902055786
RE1,AN_TRASTT,2041,8.596142039614383
RE1,AN_TRASTT,2042,8.777283174614302
RE1,AN_TRASTT,2043,8.963037802405433
RE1,AN_TRASTT,2044,9.147875474390236
RE1,AN_TRASTT,2045,9.33012406354301
RE1,AN_TRASTT,2046,9.479920649406024
RE1,AN_TRASTT,2047,9.684869749869403
RE1,AN_TRASTT,2048,9.851691590606288
RE1,AN_TRASTT,2049,10.01924293366372
RE1,AN_TRASTT,2050,10.21576209840859
RE1,AN_TRASTT,2051,10.38121355108821
RE1,AN_TRASTT,2052,10.51032093967597
RE1,AN_TRASTT,2053,10.60916735991884
RE1,AN_TRASTT,2054,10.68006159157527
RE1,AN_TRATAX,2022,1.668801645
RE1,AN_TRATAX,2023,1.634159942
RE1,AN_TRATAX,2024,1.481774948
RE1,AN_TRATAX,2025,1.494996114
RE1,AN_TRATAX,2026,1.506048998
RE1,AN_TRATAX,2027,1.515349439
RE1,AN_TRATAX,2028,1.522818332
RE1,AN_TRATAX,2029,1.529830163
RE1,AN_TRATAX,2030,1.534186788
RE1,AN_TRATAX,2031,1.539477614
RE1,AN_TRATAX,2032,1.545032583
RE1,AN_TRATAX,2033,1.547948877
RE1,AN_TRATAX,2034,1.549908958
RE1,AN_TRATAX,2035,1.551453608
RE1,AN_TRATAX,2036,1.552259103
RE1,AN_TRATAX,2037,1.552480662
RE1,AN_TRATAX,2038,1.551761883
RE1,AN_TRATAX,2039,1.550229454
RE1,AN_TRATAX,2040,1.54827832
RE1,AN_TRATAX,2041,1.54615358
RE1,AN_TRATAX,2042,1.54367287
RE1,AN_TRATAX,2043,1.540851615
RE1,AN_TRATAX,2044,1.537766632
RE1,AN_TRATAX,2045,1.534223425
RE1,AN_TRATAX,2046,1.530875779
RE1,AN_TRATAX,2047,1.527113896
RE1,AN_TRATAX,2048,1.523148546
RE1,AN_TRATAX,2049,1.519165851
RE1,AN_TRATAX,2050,1.515028451
RE1,AN_TRATAX,2051,1.510717872
RE1,AN_TRATAX,2052,1.506388691
RE1,AN_TRATAX,2053,1.501953717
RE1,AN_TRATAX,2054,1.773162785
RE1,AN_TRATCK,2022,3.486250567
RE1,AN_TRATCK,2023,3.372934337
RE1,AN_TRATCK,2024,3.146399066
RE1,AN_TRATCK,2025,3.216939171
RE1,AN_TRATCK,2026,3.290773474
RE1,AN_TRATCK,2027,3.362395462
RE1,AN_TRATCK,2028,3.433395353
RE1,AN_TRATCK,2029,3.503298204
RE1,AN_TRATCK,2030,3.576637469
RE1,AN_TRATCK,2031,3.644024596
RE1,AN_TRATCK,2032,3.731036496
RE1,AN_TRATCK,2033,3.828450786
RE1,AN_TRATCK,2034,3.90840143
RE1,AN_TRATCK,2035,3.988669178
RE1,AN_TRATCK,2036,4.075127326
RE1,AN_TRATCK,2037,4.162965523
RE1,AN_TRATCK,2038,4.253302407
RE1,AN_TRATCK,2039,4.334899526
RE1,AN_TRATCK,2040,4.407673456
RE1,AN_TRATCK,2041,4.482308137
RE1,AN_TRATCK,2042,4.570972972
RE1,AN_TRATCK,2043,4.657275261
RE1,AN_TRATCK,2044,4.741370567
RE1,AN_TRATCK,2045,4.816768376
RE1,AN_TRATCK,2046,4.874925518
RE1,AN_TRATCK,2047,4.95351872
RE1,AN_TRATCK,2048,5.010867742
RE1,AN_TRATCK,2049,5.068670456
RE1,AN_TRATCK,2050,5.13981559
RE1,AN_TRATCK,2051,5.190036537
RE1,AN_TRATCK,2052,5.220165689
RE1,AN_TRATCK,2053,5.239702632
RE1,AN_TRATCK,2054,5.242920629
RE1,CA_AGFELC,2022,0.4149926
RE1,CA_AGFELC,2023,0.4363916
RE1,CA_AGFELC,2024,0.4435122
RE1,CA_AGFELC,2025,0.4599252
RE1,CA_AGFELC,2026,0.472544
RE1,CA_AGFELC,2027,0.4861006
RE1,CA_AGFELC,2028,0.50023
RE1,CA_AGFELC,2029,0.5148189
RE1,CA_AGFELC,2030,0.5297678
RE1,CA_AGFELC,2031,0.5450801
RE1,CA_AGFELC,2032,0.5608882
RE1,CA_AGFELC,2033,0.5772165
RE1,CA_AGFELC,2034,0.5940187
RE1,CA_AGFELC,2035,0.6122399
RE1,CA_AGFELC,2036,0.6310084
RE1,CA_AGFELC,2037,0.6511015
RE1,CA_AGFELC,2038,0.6718027
RE1,CA_AGFELC,2039,0.6931311
RE1,CA_AGFELC,2040,0.7151055
RE1,CA_AGFELC,2041,0.7377459
RE1,CA_AGFELC,2042,0.7633701
RE1,CA_AGFELC,2043,0.7897859
RE1,CA_AGFELC,2044,0.817017
RE1,CA_AGFELC,2045,0.8450883
RE1,CA_AGFELC,2046,0.874025
RE1,CA_AGFELC,2047,0.9038541
RE1,CA_AGFELC,2048,0.9361759
RE1,CA_AGFELC,2049,0.9718825
RE1,CA_AGFELC,2050,1.0087323
RE1,CA_AGFELC,2051,1.0467596
RE1,CA_AGFELC,2052,1.0859993
RE1,CA_AGFELC,2053,1.1264867
RE1,CA_AGFELC,2054,1.1685931
RE1,CA_AGFHEA,2022,5.2602378
RE1,CA_AGFHEA,2023,5.4073656
RE1,CA_AGFHEA,2024,5.8018756
RE1,CA_AGFHEA,2025,6.016585
RE1,CA_AGFHEA,2026,6.1816602
RE1,CA_AGFHEA,2027,6.3590024
RE1,CA_AGFHEA,2028,6.543839
RE1,CA_AGFHEA,2029,6.7346863
RE1,CA_AGFHEA,2030,6.9302422
RE1,CA_AGFHEA,2031,7.1305521
RE1,CA_AGFHEA,2032,7.3373488
RE1,CA_AGFHEA,2033,7.5509505
RE1,CA_AGFHEA,2034,7.7707507
RE1,CA_AGFHEA,2035,8.0091138
RE1,CA_AGFHEA,2036,8.2546379
RE1,CA_AGFHEA,2037,8.5174881
RE1,CA_AGFHEA,2038,8.7882945
RE1,CA_AGFHEA,2039,9.067305
RE1,CA_AGFHEA,2040,9.3547677
RE1,CA_AGFHEA,2041,9.6509413
RE1,CA_AGFHEA,2042,9.9861489
RE1,CA_AGFHEA,2043,10.3317106
RE1,CA_AGFHEA,2044,10.6879392
RE1,CA_AGFHEA,2045,11.0551574
RE1,CA_AGFHEA,2046,11.433698
RE1,CA_AGFHEA,2047,11.8239115
RE1,CA_AGFHEA,2048,12.2467354
RE1,CA_AGFHEA,2049,12.7138362
RE1,CA_AGFHEA,2050,13.1958934
RE1,CA_AGFHEA,2051,13.6933531
RE1,CA_AGFHEA,2052,14.2066733
RE1,CA_AGFHEA,2053,14.7363167
RE1,CA_AGFHEA,2054,15.2871377
RE1,CA_INDCLIM,2022,0.08579821338544494
RE1,CA_INDCLIM,2023,0.07721662841763997
RE1,CA_INDCLIM,2024,0.07466673562100887
RE1,CA_INDCLIM,2025,0.07300379317543199
RE1,CA_INDCLIM,2026,0.07466790443709703
RE1,CA_INDCLIM,2027,0.07602788426180389
RE1,CA_INDCLIM,2028,0.07774823230498983
RE1,CA_INDCLIM,2029,0.07965888361319827
RE1,CA_INDCLIM,2030,0.08107321953971798
RE1,CA_INDCLIM,2031,0.08242183966975494
RE1,CA_INDCLIM,2032,0.08358805406783475
RE1,CA_INDCLIM,2033,0.08464301778812905
RE1,CA_INDCLIM,2034,0.08694667309084472
RE1,CA_INDCLIM,2035,0.0900801541885812
RE1,CA_INDCLIM,2036,0.09348806906145493
RE1,CA_INDCLIM,2037,0.09705117681888395
RE1,CA_INDCLIM,2038,0.1007394912220552
RE1,CA_INDCLIM,2039,0.1045613217409569
RE1,CA_INDCLIM,2040,0.1085123759843122
RE1,CA_INDCLIM,2041,0.1125928948184958
RE1,CA_INDCLIM,2042,0.1169059612935229
RE1,CA_INDCLIM,2043,0.1213941301982104
RE1,CA_INDCLIM,2044,0.1260804276524794
RE1,CA_INDCLIM,2045,0.130991746015263
RE1,CA_INDCLIM,2046,0.1361149144980358
RE1,CA_INDCLIM,2047,0.1414655703189296
RE1,CA_INDCLIM,2048,0.1470214865958258
RE1,CA_INDCLIM,2049,0.1527947671245307
RE1,CA_INDCLIM,2050,0.1587862323251999
RE1,CA_INDCLIM,2051,0.1650173250485881
RE1,CA_INDCLIM,2052,0.171502361054634
RE1,CA_INDCLIM,2053,0.1782563937642452
RE1,CA_INDCLIM,2054,0.1852537870160452
RE1,CA_INDDHT,2022,8.548233590080923
RE1,CA_INDDHT,2023,8.747439493231447
RE1,CA_INDDHT,2024,8.41138491217392
RE1,CA_INDDHT,2025,8.1625466281525
RE1,CA_INDDHT,2026,8.352105176717368
RE1,CA_INDDHT,2027,8.50677129351106
RE1,CA_INDDHT,2028,8.697399835060967
RE1,CA_INDDHT,2029,8.903949193506513
RE1,CA_INDDHT,2030,9.059607655064294
RE1,CA_INDDHT,2031,9.22987414379313
RE1,CA_INDDHT,2032,9.364758118032206
RE1,CA_INDDHT,2033,9.490678457419634
RE1,CA_INDDHT,2034,9.751554284508995
RE1,CA_INDDHT,2035,10.09860764002394
RE1,CA_INDDHT,2036,10.47655394847207
RE1,CA_INDDHT,2037,10.87024226919586
RE1,CA_INDDHT,2038,11.27701986166771
RE1,CA_INDDHT,2039,11.69840503922829
RE1,CA_INDDHT,2040,12.13442617631036
RE1,CA_INDDHT,2041,12.58502565717574
RE1,CA_INDDHT,2042,13.05969589622907
RE1,CA_INDDHT,2043,13.55325024425655
RE1,CA_INDDHT,2044,14.06725317445615
RE1,CA_INDDHT,2045,14.60582799221394
RE1,CA_INDDHT,2046,15.16693662253827
RE1,CA_INDDHT,2047,15.75220461056159
RE1,CA_INDDHT,2048,16.35939945424007
RE1,CA_INDDHT,2049,16.98992292261932
RE1,CA_INDDHT,2050,17.64352375542509
RE1,CA_INDDHT,2051,18.32231783020423
RE1,CA_INDDHT,2052,19.02770395169974
RE1,CA_INDDHT,2053,19.79137975195279
RE1,CA_INDDHT,2054,20.58264983832959
RE1,CA_INDIHT,2022,11.84474126450908
RE1,CA_INDIHT,2023,12.52063413858605
RE1,CA_INDIHT,2024,12.0850649371082
RE1,CA_INDIHT,2025,11.96865097835045
RE1,CA_INDIHT,2026,12.25351573360508
RE1,CA_INDIHT,2027,12.48811608649268
RE1,CA_INDIHT,2028,12.77453558922695
RE1,CA_INDIHT,2029,13.08340616461913
RE1,CA_INDIHT,2030,13.32028613530179
RE1,CA_INDIHT,2031,13.59176753854671
RE1,CA_INDIHT,2032,13.7989829796775
RE1,CA_INDIHT,2033,13.99218397514969
RE1,CA_INDIHT,2034,14.3840860685709
RE1,CA_INDIHT,2035,14.90397054502469
RE1,CA_INDIHT,2036,15.47035843824224
RE1,CA_INDIHT,2037,16.0603368576129
RE1,CA_INDIHT,2038,16.67027179353095
RE1,CA_INDIHT,2039,17.30265583827007
RE1,CA_INDIHT,2040,17.95767606902871
RE1,CA_INDIHT,2041,18.63528153908849
RE1,CA_INDIHT,2042,19.34826003936148
RE1,CA_INDIHT,2043,20.09026055712951
RE1,CA_INDIHT,2044,20.86368499346908
RE1,CA_INDIHT,2045,21.67506859410042
RE1,CA_INDIHT,2046,22.52092067123041
RE1,CA_INDIHT,2047,23.4036269914835
RE1,CA_INDIHT,2048,24.32015085568795
RE1,CA_INDIHT,2049,25.27273711907144
RE1,CA_INDIHT,2050,26.2608416163315
RE1,CA_INDIHT,2051,27.28769192462098
RE1,CA_INDIHT,2052,28.35536593657126
RE1,CA_INDIHT,2053,29.49187749185612
RE1,CA_INDIHT,2054,30.66945377276291
RE1,CA_INDILU,2022,0.1519275268678631
RE1,CA_INDILU,2023,0.1432270223480037
RE1,CA_INDILU,2024,0.1386328821650835
RE1,CA_INDILU,2025,0.135697364096449
RE1,CA_INDILU,2026,0.1388564160433852
RE1,CA_INDILU,2027,0.1414412125695648
RE1,CA_INDILU,2028,0.1446657268850075
RE1,CA_INDILU,2029,0.1482212573123413
RE1,CA_INDILU,2030,0.1508761806292061
RE1,CA_INDILU,2031,0.1534459659269067
RE1,CA_INDILU,2032,0.1556662030103023
RE1,CA_INDILU,2033,0.1577227216309743
RE1,CA_INDILU,2034,0.1620681518136808
RE1,CA_INDILU,2035,0.1679274466693729
RE1,CA_INDILU,2036,0.1743081319091999
RE1,CA_INDILU,2037,0.1809722430208328
RE1,CA_INDILU,2038,0.1878677696267015
RE1,CA_INDILU,2039,0.1950145800932317
RE1,CA_INDILU,2040,0.2024073975877562
RE1,CA_INDILU,2041,0.2100463345978482
RE1,CA_INDILU,2042,0.2181213166063584
RE1,CA_INDILU,2043,0.2265261341358723
RE1,CA_INDILU,2044,0.2352961012375951
RE1,CA_INDILU,2045,0.2444882389470101
RE1,CA_INDILU,2046,0.2540776095956458
RE1,CA_INDILU,2047,0.2640924766475017
RE1,CA_INDILU,2048,0.2744920871461819
RE1,CA_INDILU,2049,0.2852994055570969
RE1,CA_INDILU,2050,0.2965165904646577
RE1,CA_INDILU,2051,0.3081832855710298
RE1,CA_INDILU,2052,0.3203258506367438
RE1,CA_INDILU,2053,0.3329735059373615
RE1,CA_INDILU,2054,0.3460756606080043
RE1,CA_INDMPW,2022,4.59798732899425
RE1,CA_INDMPW,2023,4.21762852019299
RE1,CA_INDMPW,2024,4.090433261684146
RE1,CA_INDMPW,2025,4.011160845557752
RE1,CA_INDMPW,2026,4.105920911080283
RE1,CA_INDMPW,2027,4.183592512770406
RE1,CA_INDMPW,2028,4.279865295767642
RE1,CA_INDMPW,2029,4.3855440212868
RE1,CA_INDMPW,2030,4.464981239192859
RE1,CA_INDMPW,2031,4.543744805177333
RE1,CA_INDMPW,2032,4.610981182323077
RE1,CA_INDMPW,2033,4.673746819384757
RE1,CA_INDMPW,2034,4.804193367515064
RE1,CA_INDMPW,2035,4.97904471316177
RE1,CA_INDMPW,2036,5.169245478440528
RE1,CA_INDMPW,2037,5.367818116275503
RE1,CA_INDMPW,2038,5.573293332467429
RE1,CA_INDMPW,2039,5.786315083133126
RE1,CA_INDMPW,2040,6.00677812721039
RE1,CA_INDMPW,2041,6.234690161417669
RE1,CA_INDMPW,2042,6.475507767393998
RE1,CA_INDMPW,2043,6.726208767334139
RE1,CA_INDMPW,2044,6.987765571740982
RE1,CA_INDMPW,2045,7.261934550671095
RE1,CA_INDMPW,2046,7.547943925198346
RE1,CA_INDMPW,2047,7.846655886367003
RE1,CA_INDMPW,2048,8.156883920366461
RE1,CA_INDMPW,2049,8.479318916525733
RE1,CA_INDMPW,2050,8.814018177578893
RE1,CA_INDMPW,2051,9.162150989107266
RE1,CA_INDMPW,2052,9.524490896410034
RE1,CA_INDMPW,2053,9.90193915784809
RE1,CA_INDMPW,2054,10.29296214301899
RE1,CA_INDREF,2022,0.3549105063460499
RE1,CA_INDREF,2023,0.333782083986725
RE1,CA_INDREF,2024,0.3254189531853424
RE1,CA_INDREF,2025,0.3181227183512503
RE1,CA_INDREF,2026,0.325777574268808
RE1,CA_INDREF,2027,0.3320249373221626
RE1,CA_INDREF,2028,0.3397355903357535
RE1,CA_INDREF,2029,0.3481639665829306
RE1,CA_INDREF,2030,0.3544937894090089
RE1,CA_INDREF,2031,0.3606512294377169
RE1,CA_INDREF,2032,0.366147091492411
RE1,CA_INDREF,2033,0.3714117976906378
RE1,CA_INDREF,2034,0.3820689948654501
RE1,CA_INDREF,2035,0.3961439374236782
RE1,CA_INDREF,2036,0.411386066691346
RE1,CA_INDREF,2037,0.4272981371330207
RE1,CA_INDREF,2038,0.4437690866852895
RE1,CA_INDREF,2039,0.4608526216614351
RE1,CA_INDREF,2040,0.4785469211468459
RE1,CA_INDREF,2041,0.4968555811247696
RE1,CA_INDREF,2042,0.5162248749672138
RE1,CA_INDREF,2043,0.5363914083710762
RE1,CA_INDREF,2044,0.5574160792951002
RE1,CA_INDREF,2045,0.5794338331277865
RE1,CA_INDREF,2046,0.6024002683402906
RE1,CA_INDREF,2047,0.6263927382506509
RE1,CA_INDREF,2048,0.6513123520496735
RE1,CA_INDREF,2049,0.6772115186340358
RE1,CA_INDREF,2050,0.7041034975745418
RE1,CA_INDREF,2051,0.7320811248713222
RE1,CA_INDREF,2052,0.7612052082126652
RE1,CA_INDREF,2053,0.7915441475465803
RE1,CA_INDREF,2054,0.8229724973147232
RE1,CA_RESCLIM_RUR,2022,0.04898315451552819
RE1,CA_RESCLIM_RUR,2023,0.0703576733722115
RE1,CA_RESCLIM_RUR,2024,0.07029426293470534
RE1,CA_RESCLIM_RUR,2025,0.07540534992716401
RE1,CA_RESCLIM_RUR,2026,0.08015923558801659
RE1,CA_RESCLIM_RUR,2027,0.0851011630635096
RE1,CA_RESCLIM_RUR,2028,0.09023252180416129
RE1,CA_RESCLIM_RUR,2029,0.09554246963017587
RE1,CA_RESCLIM_RUR,2030,0.1010317106549559
RE1,CA_RESCLIM_RUR,2031,0.1066949174305054
RE1,CA_RESCLIM_RUR,2032,0.1125213876428579
RE1,CA_RESCLIM_RUR,2033,0.1185081221188582
RE1,CA_RESCLIM_RUR,2034,0.124651790826492
RE1,CA_RESCLIM_RUR,2035,0.1309588853347107
RE1,CA_RESCLIM_RUR,2036,0.1374248998823814
RE1,CA_RESCLIM_RUR,2037,0.1440651434107837
RE1,CA_RESCLIM_RUR,2038,0.150873134169971
RE1,CA_RESCLIM_RUR,2039,0.1578555329022175
RE1,CA_RESCLIM_RUR,2040,0.1650114751314149
RE1,CA_RESCLIM_RUR,2041,0.1723529145032963
RE1,CA_RESCLIM_RUR,2042,0.1798726485809693
RE1,CA_RESCLIM_RUR,2043,0.1875746462249063
RE1,CA_RESCLIM_RUR,2044,0.1954528523364576
RE1,CA_RESCLIM_RUR,2045,0.2035144018545897
RE1,CA_RESCLIM_RUR,2046,0.211755822628913
RE1,CA_RESCLIM_RUR,2047,0.2201755794729834
RE1,CA_RESCLIM_RUR,2048,0.2287559698975745
RE1,CA_RESCLIM_RUR,2049,0.2374564652712096
RE1,CA_RESCLIM_RUR,2050,0.2462795247358833
RE1,CA_RESCLIM_RUR,2051,0.2506165660156353
RE1,CA_RESCLIM_RUR,2052,0.254923127559249
RE1,CA_RESCLIM_RUR,2053,0.2591950979837764
RE1,CA_RESCLIM_RUR,2054,0.2634283401391159
RE1,CA_RESCLIM_URB,2022,1.225477677681628
RE1,CA_RESCLIM_URB,2023,1.326797633991992
RE1,CA_RESCLIM_URB,2024,1.336074832517515
RE1,CA_RESCLIM_URB,2025,1.504826657520006
RE1,CA_RESCLIM_URB,2026,1.635516005159489
RE1,CA_RESCLIM_URB,2027,1.771084053477223
RE1,CA_RESCLIM_URB,2028,1.911344518656464
RE1,CA_RESCLIM_URB,2029,2.055917980125979
RE1,CA_RESCLIM_URB,2030,2.204490017230867
RE1,CA_RESCLIM_URB,2031,2.355556624281321
RE1,CA_RESCLIM_URB,2032,2.510141185246262
RE1,CA_RESCLIM_URB,2033,2.668065569752322
RE1,CA_RESCLIM_URB,2034,2.829231681686396
RE1,CA_RESCLIM_URB,2035,2.993636337195914
RE1,CA_RESCLIM_URB,2036,3.161295412250109
RE1,CA_RESCLIM_URB,2037,3.332036420453952
RE1,CA_RESCLIM_URB,2038,3.505990268946828
RE1,CA_RESCLIM_URB,2039,3.683035157610247
RE1,CA_RESCLIM_URB,2040,3.863183479424827
RE1,CA_RESCLIM_URB,2041,4.046375995465492
RE1,CA_RESCLIM_URB,2042,4.232420734986033
RE1,CA_RESCLIM_URB,2043,4.421295016635825
RE1,CA_RESCLIM_URB,2044,4.612768867584355
RE1,CA_RESCLIM_URB,2045,4.806911652277239
RE1,CA_RESCLIM_URB,2046,5.003737855960228
RE1,CA_RESCLIM_URB,2047,5.20319128033501
RE1,CA_RESCLIM_URB,2048,5.405226753119249
RE1,CA_RESCLIM_URB,2049,5.608850976765087
RE1,CA_RESCLIM_URB,2050,5.813561416761456
RE1,CA_RESCLIM_URB,2051,5.88241410214597
RE1,CA_RESCLIM_URB,2052,5.949498849442056
RE1,CA_RESCLIM_URB,2053,6.014732177875572
RE1,CA_RESCLIM_URB,2054,6.078034650846114
RE1,CA_RESDHT_RUR,2022,7.029363727820765
RE1,CA_RESDHT_RUR,2023,6.99070995580144
RE1,CA_RESDHT_RUR,2024,7.098222040579838
RE1,CA_RESDHT_RUR,2025,6.992631668566474
RE1,CA_RESDHT_RUR,2026,7.037737258972654
RE1,CA_RESDHT_RUR,2027,7.079520730009447
RE1,CA_RESDHT_RUR,2028,7.117569859535608
RE1,CA_RESDHT_RUR,2029,7.150502823718694
RE1,CA_RESDHT_RUR,2030,7.178183541942916
RE1,CA_RESDHT_RUR,2031,7.346180329024179
RE1,CA_RESDHT_RUR,2032,7.514077571872734
RE1,CA_RESDHT_RUR,2033,7.681730132679256
RE1,CA_RESDHT_RUR,2034,7.848904123265474
RE1,CA_RESDHT_RUR,2035,8.015932744257032
RE1,CA_RESDHT_RUR,2036,8.180767220430635
RE1,CA_RESDHT_RUR,2037,8.346591118176729
RE1,CA_RESDHT_RUR,2038,8.51237961914399
RE1,CA_RESDHT_RUR,2039,8.678522487142844
RE1,CA_RESDHT_RUR,2040,8.8448732191069
RE1,CA_RESDHT_RUR,2041,8.999837285701258
RE1,CA_RESDHT_RUR,2042,9.154509688147261
RE1,CA_RESDHT_RUR,2043,9.309083021981047
RE1,CA_RESDHT_RUR,2044,9.463148384503125
RE1,CA_RESDHT_RUR,2045,9.616911649466116
RE1,CA_RESDHT_RUR,2046,9.76331800422435
RE1,CA_RESDHT_RUR,2047,9.908643401845012
RE1,CA_RESDHT_RUR,2048,10.05211240244343
RE1,CA_RESDHT_RUR,2049,10.19180142892347
RE1,CA_RESDHT_RUR,2050,10.32791492823065
RE1,CA_RESDHT_RUR,2051,10.51609851447864
RE1,CA_RESDHT_RUR,2052,10.70300175582326
RE1,CA_RESDHT_RUR,2053,10.88843969273795
RE1,CA_RESDHT_RUR,2054,11.07222616980541
RE1,CA_RESDHT_URB,2022,9.9664150199791
RE1,CA_RESDHT_URB,2023,9.901805816124087
RE1,CA_RESDHT_URB,2024,10.18463236366368
RE1,CA_RESDHT_URB,2025,10.51593363851663
RE1,CA_RESDHT_URB,2026,10.8701861444021
RE1,CA_RESDHT_URB,2027,11.23160461246907
RE1,CA_RESDHT_URB,2028,11.59969459946736
RE1,CA_RESDHT_URB,2029,11.9726564445326
RE1,CA_RESDHT_URB,2030,12.34936206763505
RE1,CA_RESDHT_URB,2031,12.75112817248053
RE1,CA_RESDHT_URB,2032,13.15392667826695
RE1,CA_RESDHT_URB,2033,13.55687596827238
RE1,CA_RESDHT_URB,2034,13.95988710242331
RE1,CA_RESDHT_URB,2035,14.36360174527443
RE1,CA_RESDHT_URB,2036,14.77270219737883
RE1,CA_RESDHT_URB,2037,15.18302301969207
RE1,CA_RESDHT_URB,2038,15.59510070222944
RE1,CA_RESDHT_URB,2039,16.00846514975341
RE1,CA_RESDHT_URB,2040,16.42341380679687
RE1,CA_RESDHT_URB,2041,16.84272662618942
RE1,CA_RESDHT_URB,2042,17.26315543507985
RE1,CA_RESDHT_URB,2043,17.68462438629458
RE1,CA_RESDHT_URB,2044,18.10636354068971
RE1,CA_RESDHT_URB,2045,18.52896908688242
RE1,CA_RESDHT_URB,2046,18.95394719019058
RE1,CA_RESDHT_URB,2047,19.37969366413589
RE1,CA_RESDHT_URB,2048,19.80614983065033
RE1,CA_RESDHT_URB,2049,20.22914744176794
RE1,CA_RESDHT_URB,2050,20.61601793209433
RE1,CA_RESDHT_URB,2051,20.87606166837362
RE1,CA_RESDHT_URB,2052,21.12934118977463
RE1,CA_RESDHT_URB,2053,21.3638870204338
RE1,CA_RESDHT_URB,2054,21.59075171728869
RE1,CA_RESILU_RUR,2022,0.01084332216536629
RE1,CA_RESILU_RUR,2023,0.01786892172023525
RE1,CA_RESILU_RUR,2024,0.01812624119490584
RE1,CA_RESILU_RUR,2025,0.01895089192509101
RE1,CA_RESILU_RUR,2026,0.01960593232998559
RE1,CA_RESILU_RUR,2027,0.02027882006285744
RE1,CA_RESILU_RUR,2028,0.02096924105374481
RE1,CA_RESILU_RUR,2029,0.02167109650198099
RE1,CA_RESILU_RUR,2030,0.02238535902376394
RE1,CA_RESILU_RUR,2031,0.02311036380341592
RE1,CA_RESILU_RUR,2032,0.02384302214550195
RE1,CA_RESILU_RUR,2033,0.02457925241156076
RE1,CA_RESILU_RUR,2034,0.02532344107222594
RE1,CA_RESILU_RUR,2035,0.02607124562674089
RE1,CA_RESILU_RUR,2036,0.02682704503635089
RE1,CA_RESILU_RUR,2037,0.02758733135106808
RE1,CA_RESILU_RUR,2038,0.02835545935430779
RE1,CA_RESILU_RUR,2039,0.02913150828136677
RE1,CA_RESILU_RUR,2040,0.02991711662262496
RE1,CA_RESILU_RUR,2041,0.0307110584330771
RE1,CA_RESILU_RUR,2042,0.03151281201382404
RE1,CA_RESILU_RUR,2043,0.03232332003690941
RE1,CA_RESILU_RUR,2044,0.03313998707213534
RE1,CA_RESILU_RUR,2045,0.03396472722392162
RE1,CA_RESILU_RUR,2046,0.03479938983431988
RE1,CA_RESILU_RUR,2047,0.03563938309098883
RE1,CA_RESILU_RUR,2048,0.03648502069725108
RE1,CA_RESILU_RUR,2049,0.03732572445710111
RE1,CA_RESILU_RUR,2050,0.03816413156089529
RE1,CA_RESILU_RUR,2051,0.03901463928751776
RE1,CA_RESILU_RUR,2052,0.03986389776278929
RE1,CA_RESILU_RUR,2053,0.04062272251060751
RE1,CA_RESILU_RUR,2054,0.04137605409551563
RE1,CA_RESILU_URB,2022,0.2432224951431569
RE1,CA_RESILU_URB,2023,0.23076320522471
RE1,CA_RESILU_URB,2024,0.2071279220113495
RE1,CA_RESILU_URB,2025,0.2285749309868649
RE1,CA_RESILU_URB,2026,0.2347257353578887
RE1,CA_RESILU_URB,2027,0.240961178069209
RE1,CA_RESILU_URB,2028,0.2472689610492746
RE1,CA_RESILU_URB,2029,0.253611300155245
RE1,CA_RESILU_URB,2030,0.2599645012461373
RE1,CA_RESILU_URB,2031,0.2661394233004429
RE1,CA_RESILU_URB,2032,0.2722321206970816
RE1,CA_RESILU_URB,2033,0.2782278153241764
RE1,CA_RESILU_URB,2034,0.2841273465426223
RE1,CA_RESILU_URB,2035,0.2899465763854103
RE1,CA_RESILU_URB,2036,0.295686705069767
RE1,CA_RESILU_URB,2037,0.3013614032769736
RE1,CA_RESILU_URB,2038,0.3069793548223529
RE1,CA_RESILU_URB,2039,0.3125333832828336
RE1,CA_RESILU_URB,2040,0.3180313689449401
RE1,CA_RESILU_URB,2041,0.3234755983428376
RE1,CA_RESILU_URB,2042,0.3288562249812124
RE1,CA_RESILU_URB,2043,0.3341745947278561
RE1,CA_RESILU_URB,2044,0.3394178613083362
RE1,CA_RESILU_URB,2045,0.3445995827336557
RE1,CA_RESILU_URB,2046,0.349720720191544
RE1,CA_RESILU_URB,2047,0.3547809235013107
RE1,CA_RESILU_URB,2048,0.3597816966202093
RE1,CA_RESILU_URB,2049,0.3646488366954656
RE1,CA_RESILU_URB,2050,0.3728596807842527
RE1,CA_RESILU_URB,2051,0.3773678666677774
RE1,CA_RESILU_URB,2052,0.381748574278479
RE1,CA_RESILU_URB,2053,0.3859957941176287
RE1,CA_RESILU_URB,2054,0.390103803339738
RE1,CA_RESOTH_RUR,2022,0.07892503536706628
RE1,CA_RESOTH_RUR,2023,0.1290916104413921
RE1,CA_RESOTH_RUR,2024,0.1305972244645055
RE1,CA_RESOTH_RUR,2025,0.1365318160210764
RE1,CA_RESOTH_RUR,2026,0.1411224998105353
RE1,CA_RESOTH_RUR,2027,0.1458292227927645
RE1,CA_RESOTH_RUR,2028,0.1506507481258246
RE1,CA_RESOTH_RUR,2029,0.1555490985097475
RE1,CA_RESOTH_RUR,2030,0.1605286884214572
RE1,CA_RESOTH_RUR,2031,0.1655756176641471
RE1,CA_RESOTH_RUR,2032,0.1706677384420819
RE1,CA_RESOTH_RUR,2033,0.175784173196901
RE1,CA_RESOTH_RUR,2034,0.1809440438561153
RE1,CA_RESOTH_RUR,2035,0.1861289177933982
RE1,CA_RESOTH_RUR,2036,0.1913399623015421
RE1,CA_RESOTH_RUR,2037,0.1966073422391212
RE1,CA_RESOTH_RUR,2038,0.2019233101573363
RE1,CA_RESOTH_RUR,2039,0.2072925398900359
RE1,CA_RESOTH_RUR,2040,0.2127219090711456
RE1,CA_RESOTH_RUR,2041,0.2182106836692769
RE1,CA_RESOTH_RUR,2042,0.223750843096476
RE1,CA_RESOTH_RUR,2043,0.2293509785782971
RE1,CA_RESOTH_RUR,2044,0.2349955736878423
RE1,CA_RESOTH_RUR,2045,0.2406952676333122
RE1,CA_RESOTH_RUR,2046,0.2464581517314043
RE1,CA_RESOTH_RUR,2047,0.2522596341192613
RE1,CA_RESOTH_RUR,2048,0.2580964140314945
RE1,CA_RESOTH_RUR,2049,0.2638983945863182
RE1,CA_RESOTH_RUR,2050,0.2696726631530258
RE1,CA_RESOTH_RUR,2051,0.2755332908505093
RE1,CA_RESOTH_RUR,2052,0.2813820114930094
RE1,CA_RESOTH_RUR,2053,0.2865897733915882
RE1,CA_RESOTH_RUR,2054,0.2917566126302685
RE1,CA_RESOTH_URB,2022,1.31370216537448
RE1,CA_RESOTH_URB,2023,1.248455017131371
RE1,CA_RESOTH_URB,2024,1.121395612723654
RE1,CA_RESOTH_URB,2025,1.237346986100992
RE1,CA_RESOTH_URB,2026,1.270613447936228
RE1,CA_RESOTH_URB,2027,1.304537569111201
RE1,CA_RESOTH_URB,2028,1.338619626140521
RE1,CA_RESOTH_URB,2029,1.373100076457638
RE1,CA_RESOTH_URB,2030,1.407629098521077
RE1,CA_RESOTH_URB,2031,1.440944893838305
RE1,CA_RESOTH_URB,2032,1.474055816597399
RE1,CA_RESOTH_URB,2033,1.506389550484392
RE1,CA_RESOTH_URB,2034,1.538455532162386
RE1,CA_RESOTH_URB,2035,1.5700892614543
RE1,CA_RESOTH_URB,2036,1.601019115055666
RE1,CA_RESOTH_URB,2037,1.63187100776939
RE1,CA_RESOTH_URB,2038,1.662135596106626
RE1,CA_RESOTH_URB,2039,1.692335215151934
RE1,CA_RESOTH_URB,2040,1.722233989154558
RE1,CA_RESOTH_URB,2041,1.751545815969921
RE1,CA_RESOTH_URB,2042,1.780809725234468
RE1,CA_RESOTH_URB,2043,1.80943051443487
RE1,CA_RESOTH_URB,2044,1.837952075897939
RE1,CA_RESOTH_URB,2045,1.866142709283462
RE1,CA_RESOTH_URB,2046,1.893685049111515
RE1,CA_RESOTH_URB,2047,1.921218424200734
RE1,CA_RESOTH_URB,2048,1.948100556535489
RE1,CA_RESOTH_URB,2049,1.974589382314884
RE1,CA_RESOTH_URB,2050,2.01905094431393
RE1,CA_RESOTH_URB,2051,2.043461242005605
RE1,CA_RESOTH_URB,2052,2.067180218500957
RE1,CA_RESOTH_URB,2053,2.090175317626936
RE1,CA_RESOTH_URB,2054,2.112415537817529
RE1,CA_RESREF_RUR,2022,0.02030020171783921
RE1,CA_RESREF_RUR,2023,0.03434431037103589
RE1,CA_RESREF_RUR,2024,0.03467467239564007
RE1,CA_RESREF_RUR,2025,0.03658432462395398
RE1,CA_RESREF_RUR,2026,0.03809577893793328
RE1,CA_RESREF_RUR,2027,0.03965334178964548
RE1,CA_RESREF_RUR,2028,0.04125590156682372
RE1,CA_RESREF_RUR,2029,0.0428969186436868
RE1,CA_RESREF_RUR,2030,0.04457606572851737
RE1,CA_RESREF_RUR,2031,0.04588290098114551
RE1,CA_RESREF_RUR,2032,0.0472014557380761
RE1,CA_RESREF_RUR,2033,0.04852994250684741
RE1,CA_RESREF_RUR,2034,0.04986649167881643
RE1,CA_RESREF_RUR,2035,0.05121341267284796
RE1,CA_RESREF_RUR,2036,0.05257031438500991
RE1,CA_RESREF_RUR,2037,0.0539411406435439
RE1,CA_RESREF_RUR,2038,0.05532307378593875
RE1,CA_RESREF_RUR,2039,0.05671918140855749
RE1,CA_RESREF_RUR,2040,0.05812854695240711
RE1,CA_RESREF_RUR,2041,0.05955564014712485
RE1,CA_RESREF_RUR,2042,0.06099716612991686
RE1,CA_RESREF_RUR,2043,0.06245420494567779
RE1,CA_RESREF_RUR,2044,0.06392419091676306
RE1,CA_RESREF_RUR,2045,0.06540887389213682
RE1,CA_RESREF_RUR,2046,0.06690755260255436
RE1,CA_RESREF_RUR,2047,0.06841904743025376
RE1,CA_RESREF_RUR,2048,0.06993676452762973
RE1,CA_RESREF_RUR,2049,0.07144736624409403
RE1,CA_RESREF_RUR,2050,0.07295285907296176
RE1,CA_RESREF_RUR,2051,0.07436734851510918
RE1,CA_RESREF_RUR,2052,0.07577492498338742
RE1,CA_RESREF_RUR,2053,0.07717418133149964
RE1,CA_RESREF_RUR,2054,0.07856369530538442
RE1,CA_RESREF_URB,2022,1.58522966737178
RE1,CA_RESREF_URB,2023,1.53206777719465
RE1,CA_RESREF_URB,2024,1.372437923164898
RE1,CA_RESREF_URB,2025,1.531478939705299
RE1,CA_RESREF_URB,2026,1.589191662539459
RE1,CA_RESREF_URB,2027,1.648322001809252
RE1,CA_RESREF_URB,2028,1.708805042788255
RE1,CA_RESREF_URB,2029,1.770385210002258
RE1,CA_RESREF_URB,2030,1.832903198915471
RE1,CA_RESREF_URB,2031,1.878234606203325
RE1,CA_RESREF_URB,2032,1.923065290080149
RE1,CA_RESREF_URB,2033,1.967285983874121
RE1,CA_RESREF_URB,2034,2.010903076149277
RE1,CA_RESREF_URB,2035,2.054026778112569
RE1,CA_RESREF_URB,2036,2.096698910314877
RE1,CA_RESREF_URB,2037,2.138945653405381
RE1,CA_RESREF_URB,2038,2.180862129674624
RE1,CA_RESREF_URB,2039,2.222394758490824
RE1,CA_RESREF_URB,2040,2.263597492343579
RE1,CA_RESREF_URB,2041,2.304487766656767
RE1,CA_RESREF_URB,2042,2.344992699857162
RE1,CA_RESREF_URB,2043,2.385118096491256
RE1,CA_RESREF_URB,2044,2.424772232616316
RE1,CA_RESREF_URB,2045,2.464051510388394
RE1,CA_RESREF_URB,2046,2.502959139596485
RE1,CA_RESREF_URB,2047,2.541490792173861
RE1,CA_RESREF_URB,2048,2.579652286716621
RE1,CA_RESREF_URB,2049,2.616914837878895
RE1,CA_RESREF_URB,2050,2.653066535643513
RE1,CA_RESREF_URB,2051,2.685063910967204
RE1,CA_RESREF_URB,2052,2.716145909859202
RE1,CA_RESREF_URB,2053,2.746269589279583
RE1,CA_RESREF_URB,2054,2.775394061584649
RE1,CA_RESTV_RUR,2022,0.02832618322145418
RE1,CA_RESTV_RUR,2023,0.0477293497947781
RE1,CA_RESTV_RUR,2024,0.04813735963388416
RE1,CA_RESTV_RUR,2025,0.05089323998461018
RE1,CA_RESTV_RUR,2026,0.05274647772808857
RE1,CA_RESTV_RUR,2027,0.05464268078747424
RE1,CA_RESTV_RUR,2028,0.05658067074734813
RE1,CA_RESTV_RUR,2029,0.05855178351320011
RE1,CA_RESTV_RUR,2030,0.06055555368685231
RE1,CA_RESTV_RUR,2031,0.06241548289489279
RE1,CA_RESTV_RUR,2032,0.06429099139851183
RE1,CA_RESTV_RUR,2033,0.06617982295090886
RE1,CA_RESTV_RUR,2034,0.06807966684320539
RE1,CA_RESTV_RUR,2035,0.06999371255083821
RE1,CA_RESTV_RUR,2036,0.07192051839547513
RE1,CA_RESTV_RUR,2037,0.07386790330370549
RE1,CA_RESTV_RUR,2038,0.07583103558426586
RE1,CA_RESTV_RUR,2039,0.07781415373049962
RE1,CA_RESTV_RUR,2040,0.07981610354484396
RE1,CA_RESTV_RUR,2041,0.0818430931980217
RE1,CA_RESTV_RUR,2042,0.0838906098480256
RE1,CA_RESTV_RUR,2043,0.08596027937062238
RE1,CA_RESTV_RUR,2044,0.08804868459469756
RE1,CA_RESTV_RUR,2045,0.09015823279261258
RE1,CA_RESTV_RUR,2046,0.0922879060631275
RE1,CA_RESTV_RUR,2047,0.09443611335320017
RE1,CA_RESTV_RUR,2048,0.09659392271291517
RE1,CA_RESTV_RUR,2049,0.09874269241058321
RE1,CA_RESTV_RUR,2050,0.1008842305731875
RE1,CA_RESTV_RUR,2051,0.1030584404034547
RE1,CA_RESTV_RUR,2052,0.1052297250526038
RE1,CA_RESTV_RUR,2053,0.1071628506970295
RE1,CA_RESTV_RUR,2054,0.1090822178735793
RE1,CA_RESTV_URB,2022,0.4536825668945275
RE1,CA_RESTV_URB,2023,0.4365761719364207
RE1,CA_RESTV_URB,2024,0.3810638708343607
RE1,CA_RESTV_URB,2025,0.4208722478917903
RE1,CA_RESTV_URB,2026,0.4322104367792977
RE1,CA_RESTV_URB,2027,0.4437034282935221
RE1,CA_RESTV_URB,2028,0.4553290488665556
RE1,CA_RESTV_URB,2029,0.467017952929749
RE1,CA_RESTV_URB,2030,0.4787262222816665
RE1,CA_RESTV_URB,2031,0.4901062697834224
RE1,CA_RESTV_URB,2032,0.5013349812015166
RE1,CA_RESTV_URB,2033,0.5123850019750172
RE1,CA_RESTV_URB,2034,0.5232577132525639
RE1,CA_RESTV_URB,2035,0.5339824255023389
RE1,CA_RESTV_URB,2036,0.5445600031534747
RE1,CA_RESTV_URB,2037,0.5550185860072521
RE1,CA_RESTV_URB,2038,0.5653727850001357
RE1,CA_RESTV_URB,2039,0.5756092352907332
RE1,CA_RESTV_URB,2040,0.5857420958109419
RE1,CA_RESTV_URB,2041,0.5957758075641958
RE1,CA_RESTV_URB,2042,0.6056920879461966
RE1,CA_RESTV_URB,2043,0.6154933261253936
RE1,CA_RESTV_URB,2044,0.6251559857062694
RE1,CA_RESTV_URB,2045,0.63470483229221
RE1,CA_RESTV_URB,2046,0.644141763154299
RE1,CA_RESTV_URB,2047,0.6534655548343944
RE1,CA_RESTV_URB,2048,0.6626793462142307
RE1,CA_RESTV_URB,2049,0.6716455820184195
RE1,CA_RESTV_URB,2050,0.6867685200478645
RE1,CA_RESTV_URB,2051,0.6950707189101191
RE1,CA_RESTV_URB,2052,0.7031367585224242
RE1,CA_RESTV_URB,2053,0.7109555281738525
RE1,CA_RESTV_URB,2054,0.7185164480886528
RE1,CA_RESWHT_RUR,2022,0.0005818623691778576
RE1,CA_RESWHT_RUR,2023,0.003505734691933061
RE1,CA_RESWHT_RUR,2024,0.00282240031976826
RE1,CA_RESWHT_RUR,2025,0.002787831373505323
RE1,CA_RESWHT_RUR,2026,0.002874890662059396
RE1,CA_RESWHT_RUR,2027,0.002963750921778757
RE1,CA_RESWHT_RUR,2028,0.003054250918669862
RE1,CA_RESWHT_RUR,2029,0.003145876832389304
RE1,CA_RESWHT_RUR,2030,0.003238575587235431
RE1,CA_RESWHT_RUR,2031,0.003332316437375148
RE1,CA_RESWHT_RUR,2032,0.003426839120709561
RE1,CA_RESWHT_RUR,2033,0.003521980856078268
RE1,CA_RESWHT_RUR,2034,0.003617527246586365
RE1,CA_RESWHT_RUR,2035,0.003713651864840197
RE1,CA_RESWHT_RUR,2036,0.003810504786594769
RE1,CA_RESWHT_RUR,2037,0.003907987927310954
RE1,CA_RESWHT_RUR,2038,0.004006040573979798
RE1,CA_RESWHT_RUR,2039,0.004104907222697214
RE1,CA_RESWHT_RUR,2040,0.004204486453797128
RE1,CA_RESWHT_RUR,2041,0.004305150489954198
RE1,CA_RESWHT_RUR,2042,0.004406631337613704
RE1,CA_RESWHT_RUR,2043,0.004509002072639831
RE1,CA_RESWHT_RUR,2044,0.004612100281614104
RE1,CA_RESWHT_RUR,2045,0.004716003234887835
RE1,CA_RESWHT_RUR,2046,0.004820708425321415
RE1,CA_RESWHT_RUR,2047,0.004926151247303688
RE1,CA_RESWHT_RUR,2048,0.005031817846349197
RE1,CA_RESWHT_RUR,2049,0.005136762749918372
RE1,CA_RESWHT_RUR,2050,0.00524115248189309
RE1,CA_RESWHT_RUR,2051,0.005346957860021033
RE1,CA_RESWHT_RUR,2052,0.005452357943075364
RE1,CA_RESWHT_RUR,2053,0.00555724613112588
RE1,CA_RESWHT_RUR,2054,0.005661514421072228
RE1,CA_RESWHT_URB,2022,0.06341878777793615
RE1,CA_RESWHT_URB,2023,0.1015430801758264
RE1,CA_RESWHT_URB,2024,0.1126209102115972
RE1,CA_RESWHT_URB,2025,0.1244659824908894
RE1,CA_RESWHT_URB,2026,0.1275085094715814
RE1,CA_RESWHT_URB,2027,0.130616203970465
RE1,CA_RESWHT_URB,2028,0.1337885882032986
RE1,CA_RESWHT_URB,2029,0.1370066941459546
RE1,CA_RESWHT_URB,2030,0.1402604132961538
RE1,CA_RESWHT_URB,2031,0.1434358209700368
RE1,CA_RESWHT_URB,2032,0.1465703929149823
RE1,CA_RESWHT_URB,2033,0.1496522127610925
RE1,CA_RESWHT_URB,2034,0.1526820157570883
RE1,CA_RESWHT_URB,2035,0.155669828138929
RE1,CA_RESWHT_URB,2036,0.1586148874890726
RE1,CA_RESWHT_URB,2037,0.161525974929862
RE1,CA_RESWHT_URB,2038,0.1644069610105519
RE1,CA_RESWHT_URB,2039,0.1672525194908973
RE1,CA_RESWHT_URB,2040,0.1700676813157365
RE1,CA_RESWHT_URB,2041,0.1728530029900377
RE1,CA_RESWHT_URB,2042,0.1756033221373791
RE1,CA_RESWHT_URB,2043,0.1783189618041386
RE1,CA_RESWHT_URB,2044,0.180992087597734
RE1,CA_RESWHT_URB,2045,0.183631226473872
RE1,CA_RESWHT_URB,2046,0.1862362462380749
RE1,CA_RESWHT_URB,2047,0.188806323598631
RE1,CA_RESWHT_URB,2048,0.1913427981032476
RE1,CA_RESWHT_URB,2049,0.1938025275749289
RE1,CA_RESWHT_URB,2050,0.1961666140757553
RE1,CA_RESWHT_URB,2051,0.1985218062862072
RE1,CA_RESWHT_URB,2052,0.2008080164588737
RE1,CA_RESWHT_URB,2053,0.2030220394944138
RE1,CA_RESWHT_URB,2054,0.2051608268185171
RE1,CA_RESWSH_RUR,2022,0.01435074590426577
RE1,CA_RESWSH_RUR,2023,0.02448083335018713
RE1,CA_RESWSH_RUR,2024,0.02392262304924707
RE1,CA_RESWSH_RUR,2025,0.02533414363103711
RE1,CA_RESWSH_RUR,2026,0.02646438665409379
RE1,CA_RESWSH_RUR,2027,0.02763130310538715
RE1,CA_RESWSH_RUR,2028,0.02883413620106372
RE1,CA_RESWSH_RUR,2029,0.03006842056160107
RE1,CA_RESWSH_RUR,2030,0.03133397801891338
RE1,CA_RESWSH_RUR,2031,0.0325233062532674
RE1,CA_RESWSH_RUR,2032,0.03373566139126913
RE1,CA_RESWSH_RUR,2033,0.03496980916775547
RE1,CA_RESWSH_RUR,2034,0.03622440487058579
RE1,CA_RESWSH_RUR,2035,0.03750125754784962
RE1,CA_RESWSH_RUR,2036,0.03880123268750912
RE1,CA_RESWSH_RUR,2037,0.04012484724456045
RE1,CA_RESWSH_RUR,2038,0.04147140484885475
RE1,CA_RESWSH_RUR,2039,0.04284324478373918
RE1,CA_RESWSH_RUR,2040,0.04423980812048867
RE1,CA_RESWSH_RUR,2041,0.04566466585656154
RE1,CA_RESWSH_RUR,2042,0.04711556701546154
RE1,CA_RESWSH_RUR,2043,0.04859337867542537
RE1,CA_RESWSH_RUR,2044,0.05009631297284221
RE1,CA_RESWSH_RUR,2045,0.05162590032562533
RE1,CA_RESWSH_RUR,2046,0.05318177222743498
RE1,CA_RESWSH_RUR,2047,0.05476330049164786
RE1,CA_RESWSH_RUR,2048,0.05636521515051279
RE1,CA_RESWSH_RUR,2049,0.05797710359136243
RE1,CA_RESWSH_RUR,2050,0.05960093840117426
RE1,CA_RESWSH_RUR,2051,0.06075235837530211
RE1,CA_RESWSH_RUR,2052,0.06189813710932034
RE1,CA_RESWSH_RUR,2053,0.06303713491455926
RE1,CA_RESWSH_RUR,2054,0.06416819982641242
RE1,CA_RESWSH_URB,2022,0.346972213637759
RE1,CA_RESWSH_URB,2023,0.3372207602201259
RE1,CA_RESWSH_URB,2024,0.2925232111471331
RE1,CA_RESWSH_URB,2025,0.3280318404339426
RE1,CA_RESWSH_URB,2026,0.3414142440726634
RE1,CA_RESWSH_URB,2027,0.3551608148407622
RE1,CA_RESWSH_URB,2028,0.3692602864765566
RE1,CA_RESWSH_URB,2029,0.3836592643171994
RE1,CA_RESWSH_URB,2030,0.3983245564409398
RE1,CA_RESWSH_URB,2031,0.411601721136199
RE1,CA_RESWSH_URB,2032,0.4249249798830994
RE1,CA_RESWSH_URB,2033,0.4382656462306278
RE1,CA_RESWSH_URB,2034,0.4516209472374061
RE1,CA_RESWSH_URB,2035,0.4650123160812806
RE1,CA_RESWSH_URB,2036,0.4784427263042773
RE1,CA_RESWSH_URB,2037,0.4919210268706363
RE1,CA_RESWSH_URB,2038,0.5054635365471289
RE1,CA_RESWSH_URB,2039,0.5190549846410013
RE1,CA_RESWSH_URB,2040,0.5327053228425671
RE1,CA_RESWSH_URB,2041,0.5464162227850905
RE1,CA_RESWSH_URB,2042,0.5601678006518392
RE1,CA_RESWSH_URB,2043,0.5739590891474008
RE1,CA_RESWSH_URB,2044,0.5877646629686604
RE1,CA_RESWSH_URB,2045,0.6016052861447214
RE1,CA_RESWSH_URB,2046,0.6154794016004947
RE1,CA_RESWSH_URB,2047,0.6293827524542989
RE1,CA_RESWSH_URB,2048,0.643314947080914
RE1,CA_RESWSH_URB,2049,0.6571390499845096
RE1,CA_RESWSH_URB,2050,0.6707956674155758
RE1,CA_RESWSH_URB,2051,0.678894393813699
RE1,CA_RESWSH_URB,2052,0.6867612510648343
RE1,CA_RESWSH_URB,2053,0.6943853492938509
RE1,CA_RESWSH_URB,2054,0.7017563195999789
RE1,CA_TERCLIM_CEN,2022,3.556
RE1,CA_TERCLIM_CEN,2023,3.677
RE1,CA_TERCLIM_CEN,2024,3.803
RE1,CA_TERCLIM_CEN,2025,3.937
RE1,CA_TERCLIM_CEN,2026,4.094
RE1,CA_TERCLIM_CEN,2027,4.241
RE1,CA_TERCLIM_CEN,2028,4.384
RE1,CA_TERCLIM_CEN,2029,4.533
RE1,CA_TERCLIM_CEN,2030,4.685
RE1,CA_TERCLIM_CEN,2031,4.79
RE1,CA_TERCLIM_CEN,2032,4.887
RE1,CA_TERCLIM_CEN,2033,4.977
RE1,CA_TERCLIM_CEN,2034,5.057
RE1,CA_TERCLIM_CEN,2035,5.126
RE1,CA_TERCLIM_CEN,2036,5.187
RE1,CA_TERCLIM_CEN,2037,5.245
RE1,CA_TERCLIM_CEN,2038,5.303
RE1,CA_TERCLIM_CEN,2039,5.366
RE1,CA_TERCLIM_CEN,2040,5.44
RE1,CA_TERCLIM_CEN,2041,5.526
RE1,CA_TERCLIM_CEN,2042,5.626
RE1,CA_TERCLIM_CEN,2043,5.742
RE1,CA_TERCLIM_CEN,2044,5.873
RE1,CA_TERCLIM_CEN,2045,6.019
RE1,CA_TERCLIM_CEN,2046,6.179
RE1,CA_TERCLIM_CEN,2047,6.352
RE1,CA_TERCLIM_CEN,2048,6.538
RE1,CA_TERCLIM_CEN,2049,6.735
RE1,CA_TERCLIM_CEN,2050,6.943
RE1,CA_TERCLIM_CEN,2051,7.168
RE1,CA_TERCLIM_CEN,2052,7.401
RE1,CA_TERCLIM_CEN,2053,7.635
RE1,CA_TERCLIM_CEN,2054,7.876
RE1,CA_TERCLIM_FAN,2022,0.1
RE1,CA_TERCLIM_FAN,2023,0.103
RE1,CA_TERCLIM_FAN,2024,0.107
RE1,CA_TERCLIM_FAN,2025,0.111
RE1,CA_TERCLIM_FAN,2026,0.115
RE1,CA_TERCLIM_FAN,2027,0.119
RE1,CA_TERCLIM_FAN,2028,0.123
RE1,CA_TERCLIM_FAN,2029,0.128
RE1,CA_TERCLIM_FAN,2030,0.132
RE1,CA_TERCLIM_FAN,2031,0.136
RE1,CA_TERCLIM_FAN,2032,0.139
RE1,CA_TERCLIM_FAN,2033,0.143
RE1,CA_TERCLIM_FAN,2034,0.146
RE1,CA_TERCLIM_FAN,2035,0.15
RE1,CA_TERCLIM_FAN,2036,0.153
RE1,CA_TERCLIM_FAN,2037,0.157
RE1,CA_TERCLIM_FAN,2038,0.16
RE1,CA_TERCLIM_FAN,2039,0.164
RE1,CA_TERCLIM_FAN,2040,0.168
RE1,CA_TERCLIM_FAN,2041,0.172
RE1,CA_TERCLIM_FAN,2042,0.177
RE1,CA_TERCLIM_FAN,2043,0.182
RE1,CA_TERCLIM_FAN,2044,0.187
RE1,CA_TERCLIM_FAN,2045,0.192
RE1,CA_TERCLIM_FAN,2046,0.198
RE1,CA_TERCLIM_FAN,2047,0.204
RE1,CA_TERCLIM_FAN,2048,0.211
RE1,CA_TERCLIM_FAN,2049,0.218
RE1,CA_TERCLIM_FAN,2050,0.225
RE1,CA_TERCLIM_FAN,2051,0.232
RE1,CA_TERCLIM_FAN,2052,0.24
RE1,CA_TERCLIM_FAN,2053,0.247
RE1,CA_TERCLIM_FAN,2054,0.255
RE1,CA_TERCLIM_SPL,2022,0.391
RE1,CA_TERCLIM_SPL,2023,0.404
RE1,CA_TERCLIM_SPL,2024,0.418
RE1,CA_TERCLIM_SPL,2025,0.433
RE1,CA_TERCLIM_SPL,2026,0.45
RE1,CA_TERCLIM_SPL,2027,0.467
RE1,CA_TERCLIM_SPL,2028,0.482
RE1,CA_TERCLIM_SPL,2029,0.499
RE1,CA_TERCLIM_SPL,2030,0.515
RE1,CA_TERCLIM_SPL,2031,0.527
RE1,CA_TERCLIM_SPL,2032,0.538
RE1,CA_TERCLIM_SPL,2033,0.548
RE1,CA_TERCLIM_SPL,2034,0.556
RE1,CA_TERCLIM_SPL,2035,0.564
RE1,CA_TERCLIM_SPL,2036,0.571
RE1,CA_TERCLIM_SPL,2037,0.577
RE1,CA_TERCLIM_SPL,2038,0.583
RE1,CA_TERCLIM_SPL,2039,0.59
RE1,CA_TERCLIM_SPL,2040,0.598
RE1,CA_TERCLIM_SPL,2041,0.608
RE1,CA_TERCLIM_SPL,2042,0.619
RE1,CA_TERCLIM_SPL,2043,0.632
RE1,CA_TERCLIM_SPL,2044,0.646
RE1,CA_TERCLIM_SPL,2045,0.662
RE1,CA_TERCLIM_SPL,2046,0.68
RE1,CA_TERCLIM_SPL,2047,0.699
RE1,CA_TERCLIM_SPL,2048,0.719
RE1,CA_TERCLIM_SPL,2049,0.741
RE1,CA_TERCLIM_SPL,2050,0.764
RE1,CA_TERCLIM_SPL,2051,0.788
RE1,CA_TERCLIM_SPL,2052,0.814
RE1,CA_TERCLIM_SPL,2053,0.84
RE1,CA_TERCLIM_SPL,2054,0.866
RE1,CA_TERDHT,2022,2.724
RE1,CA_TERDHT,2023,2.96
RE1,CA_TERDHT,2024,3.044
RE1,CA_TERDHT,2025,3.168
RE1,CA_TERDHT,2026,3.278
RE1,CA_TERDHT,2027,3.387
RE1,CA_TERDHT,2028,3.495
RE1,CA_TERDHT,2029,3.605
RE1,CA_TERDHT,2030,3.714
RE1,CA_TERDHT,2031,3.814
RE1,CA_TERDHT,2032,3.912
RE1,CA_TERDHT,2033,4.011
RE1,CA_TERDHT,2034,4.107
RE1,CA_TERDHT,2035,4.2
RE1,CA_TERDHT,2036,4.292
RE1,CA_TERDHT,2037,4.385
RE1,CA_TERDHT,2038,4.48
RE1,CA_TERDHT,2039,4.58
RE1,CA_TERDHT,2040,4.687
RE1,CA_TERDHT,2041,4.801
RE1,CA_TERDHT,2042,4.925
RE1,CA_TERDHT,2043,5.057
RE1,CA_TERDHT,2044,5.199
RE1,CA_TERDHT,2045,5.351
RE1,CA_TERDHT,2046,5.511
RE1,CA_TERDHT,2047,5.681
RE1,CA_TERDHT,2048,5.858
RE1,CA_TERDHT,2049,6.044
RE1,CA_TERDHT,2050,6.239
RE1,CA_TERDHT,2051,6.443
RE1,CA_TERDHT,2052,6.655
RE1,CA_TERDHT,2053,6.867
RE1,CA_TERDHT,2054,7.086
RE1,CA_TERIHT,2022,0.305
RE1,CA_TERIHT,2023,0.306
RE1,CA_TERIHT,2024,0.308
RE1,CA_TERIHT,2025,0.31
RE1,CA_TERIHT,2026,0.312
RE1,CA_TERIHT,2027,0.314
RE1,CA_TERIHT,2028,0.316
RE1,CA_TERIHT,2029,0.319
RE1,CA_TERIHT,2030,0.322
RE1,CA_TERIHT,2031,0.332
RE1,CA_TERIHT,2032,0.342
RE1,CA_TERIHT,2033,0.353
RE1,CA_TERIHT,2034,0.365
RE1,CA_TERIHT,2035,0.377
RE1,CA_TERIHT,2036,0.389
RE1,CA_TERIHT,2037,0.401
RE1,CA_TERIHT,2038,0.414
RE1,CA_TERIHT,2039,0.428
RE1,CA_TERIHT,2040,0.442
RE1,CA_TERIHT,2041,0.456
RE1,CA_TERIHT,2042,0.471
RE1,CA_TERIHT,2043,0.486
RE1,CA_TERIHT,2044,0.502
RE1,CA_TERIHT,2045,0.519
RE1,CA_TERIHT,2046,0.536
RE1,CA_TERIHT,2047,0.554
RE1,CA_TERIHT,2048,0.572
RE1,CA_TERIHT,2049,0.591
RE1,CA_TERIHT,2050,0.61
RE1,CA_TERIHT,2051,0.631
RE1,CA_TERIHT,2052,0.652
RE1,CA_TERIHT,2053,0.672
RE1,CA_TERIHT,2054,0.694
RE1,CA_TERILU,2022,0.404
RE1,CA_TERILU,2023,0.418
RE1,CA_TERILU,2024,0.427
RE1,CA_TERILU,2025,0.444
RE1,CA_TERILU,2026,0.461
RE1,CA_TERILU,2027,0.478
RE1,CA_TERILU,2028,0.493
RE1,CA_TERILU,2029,0.51
RE1,CA_TERILU,2030,0.526
RE1,CA_TERILU,2031,0.54
RE1,CA_TERILU,2032,0.554
RE1,CA_TERILU,2033,0.568
RE1,CA_TERILU,2034,0.583
RE1,CA_TERILU,2035,0.597
RE1,CA_TERILU,2036,0.613
RE1,CA_TERILU,2037,0.629
RE1,CA_TERILU,2038,0.645
RE1,CA_TERILU,2039,0.661
RE1,CA_TERILU,2040,0.677
RE1,CA_TERILU,2041,0.695
RE1,CA_TERILU,2042,0.712
RE1,CA_TERILU,2043,0.73
RE1,CA_TERILU,2044,0.748
RE1,CA_TERILU,2045,0.767
RE1,CA_TERILU,2046,0.786
RE1,CA_TERILU,2047,0.806
RE1,CA_TERILU,2048,0.826
RE1,CA_TERILU,2049,0.847
RE1,CA_TERILU,2050,0.868
RE1,CA_TERILU,2051,0.897
RE1,CA_TERILU,2052,0.927
RE1,CA_TERILU,2053,0.956
RE1,CA_TERILU,2054,0.987
RE1,CA_TERMPW,2022,0.355
RE1,CA_TERMPW,2023,0.367
RE1,CA_TERMPW,2024,0.379
RE1,CA_TERMPW,2025,0.393
RE1,CA_TERMPW,2026,0.409
RE1,CA_TERMPW,2027,0.423
RE1,CA_TERMPW,2028,0.438
RE1,CA_TERMPW,2029,0.453
RE1,CA_TERMPW,2030,0.468
RE1,CA_TERMPW,2031,0.481
RE1,CA_TERMPW,2032,0.494
RE1,CA_TERMPW,2033,0.506
RE1,CA_TERMPW,2034,0.519
RE1,CA_TERMPW,2035,0.531
RE1,CA_TERMPW,2036,0.544
RE1,CA_TERMPW,2037,0.556
RE1,CA_TERMPW,2038,0.569
RE1,CA_TERMPW,2039,0.582
RE1,CA_TERMPW,2040,0.596
RE1,CA_TERMPW,2041,0.611
RE1,CA_TERMPW,2042,0.627
RE1,CA_TERMPW,2043,0.644
RE1,CA_TERMPW,2044,0.663
RE1,CA_TERMPW,2045,0.682
RE1,CA_TERMPW,2046,0.703
RE1,CA_TERMPW,2047,0.725
RE1,CA_TERMPW,2048,0.747
RE1,CA_TERMPW,2049,0.771
RE1,CA_TERMPW,2050,0.796
RE1,CA_TERMPW,2051,0.822
RE1,CA_TERMPW,2052,0.849
RE1,CA_TERMPW,2053,0.876
RE1,CA_TERMPW,2054,0.904
RE1,CA_TEROTH,2022,1.74
RE1,CA_TEROTH,2023,1.799
RE1,CA_TEROTH,2024,1.86
RE1,CA_TEROTH,2025,1.925
RE1,CA_TEROTH,2026,2.001
RE1,CA_TEROTH,2027,2.072
RE1,CA_TEROTH,2028,2.14
RE1,CA_TEROTH,2029,2.211
RE1,CA_TEROTH,2030,2.283
RE1,CA_TEROTH,2031,2.356
RE1,CA_TEROTH,2032,2.432
RE1,CA_TEROTH,2033,2.512
RE1,CA_TEROTH,2034,2.596
RE1,CA_TEROTH,2035,2.681
RE1,CA_TEROTH,2036,2.77
RE1,CA_TEROTH,2037,2.862
RE1,CA_TEROTH,2038,2.956
RE1,CA_TEROTH,2039,3.054
RE1,CA_TEROTH,2040,3.155
RE1,CA_TEROTH,2041,3.259
RE1,CA_TEROTH,2042,3.367
RE1,CA_TEROTH,2043,3.478
RE1,CA_TEROTH,2044,3.594
RE1,CA_TEROTH,2045,3.713
RE1,CA_TEROTH,2046,3.835
RE1,CA_TEROTH,2047,3.963
RE1,CA_TEROTH,2048,4.094
RE1,CA_TEROTH,2049,4.23
RE1,CA_TEROTH,2050,4.37
RE1,CA_TEROTH,2051,4.515
RE1,CA_TEROTH,2052,4.665
RE1,CA_TEROTH,2053,4.814
RE1,CA_TEROTH,2054,4.968
RE1,CA_TERREF_AUC,2022,0.276
RE1,CA_TERREF_AUC,2023,0.285
RE1,CA_TERREF_AUC,2024,0.295
RE1,CA_TERREF_AUC,2025,0.305
RE1,CA_TERREF_AUC,2026,0.317
RE1,CA_TERREF_AUC,2027,0.329
RE1,CA_TERREF_AUC,2028,0.34
RE1,CA_TERREF_AUC,2029,0.351
RE1,CA_TERREF_AUC,2030,0.363
RE1,CA_TERREF_AUC,2031,0.371
RE1,CA_TERREF_AUC,2032,0.379
RE1,CA_TERREF_AUC,2033,0.386
RE1,CA_TERREF_AUC,2034,0.392
RE1,CA_TERREF_AUC,2035,0.397
RE1,CA_TERREF_AUC,2036,0.402
RE1,CA_TERREF_AUC,2037,0.407
RE1,CA_TERREF_AUC,2038,0.411
RE1,CA_TERREF_AUC,2039,0.416
RE1,CA_TERREF_AUC,2040,0.422
RE1,CA_TERREF_AUC,2041,0.428
RE1,CA_TERREF_AUC,2042,0.436
RE1,CA_TERREF_AUC,2043,0.445
RE1,CA_TERREF_AUC,2044,0.455
RE1,CA_TERREF_AUC,2045,0.467
RE1,CA_TERREF_AUC,2046,0.479
RE1,CA_TERREF_AUC,2047,0.492
RE1,CA_TERREF_AUC,2048,0.507
RE1,CA_TERREF_AUC,2049,0.522
RE1,CA_TERREF_AUC,2050,0.538
RE1,CA_TERREF_AUC,2051,0.556
RE1,CA_TERREF_AUC,2052,0.574
RE1,CA_TERREF_AUC,2053,0.592
RE1,CA_TERREF_AUC,2054,0.611
RE1,CA_TERREF_CEN,2022,0.438
RE1,CA_TERREF_CEN,2023,0.453
RE1,CA_TERREF_CEN,2024,0.468
RE1,CA_TERREF_CEN,2025,0.485
RE1,CA_TERREF_CEN,2026,0.504
RE1,CA_TERREF_CEN,2027,0.522
RE1,CA_TERREF_CEN,2028,0.54
RE1,CA_TERREF_CEN,2029,0.558
RE1,CA_TERREF_CEN,2030,0.577
RE1,CA_TERREF_CEN,2031,0.59
RE1,CA_TERREF_CEN,2032,0.601
RE1,CA_TERREF_CEN,2033,0.613
RE1,CA_TERREF_CEN,2034,0.622
RE1,CA_TERREF_CEN,2035,0.631
RE1,CA_TERREF_CEN,2036,0.638
RE1,CA_TERREF_CEN,2037,0.645
RE1,CA_TERREF_CEN,2038,0.653
RE1,CA_TERREF_CEN,2039,0.66
RE1,CA_TERREF_CEN,2040,0.67
RE1,CA_TERREF_CEN,2041,0.68
RE1,CA_TERREF_CEN,2042,0.692
RE1,CA_TERREF_CEN,2043,0.707
RE1,CA_TERREF_CEN,2044,0.723
RE1,CA_TERREF_CEN,2045,0.741
RE1,CA_TERREF_CEN,2046,0.761
RE1,CA_TERREF_CEN,2047,0.782
RE1,CA_TERREF_CEN,2048,0.805
RE1,CA_TERREF_CEN,2049,0.829
RE1,CA_TERREF_CEN,2050,0.855
RE1,CA_TERREF_CEN,2051,0.882
RE1,CA_TERREF_CEN,2052,0.911
RE1,CA_TERREF_CEN,2053,0.94
RE1,CA_TERREF_CEN,2054,0.969
RE1,CA_TRAAVI,2022,14.31061680055697
RE1,CA_TRAAVI,2023,15.64270037604513
RE1,CA_TRAAVI,2024,16.13332796491008
RE1,CA_TRAAVI,2025,16.51597017046504
RE1,CA_TRAAVI,2026,17.02765640719543
RE1,CA_TRAAVI,2027,17.53934264392582
RE1,CA_TRAAVI,2028,17.98964397304846
RE1,CA_TRAAVI,2029,18.44487344613959
RE1,CA_TRAAVI,2030,18.90772097118206
RE1,CA_TRAAVI,2031,19.37818431217586
RE1,CA_TRAAVI,2032,19.85760954111239
RE1,CA_TRAAVI,2033,20.34375618600597
RE1,CA_TRAAVI,2034,20.8375186468509
RE1,CA_TRAAVI,2035,21.33934635964428
RE1,CA_TRAAVI,2036,21.84968876038325
RE1,CA_TRAAVI,2037,22.36675257707928
RE1,CA_TRAAVI,2038,22.89142997372666
RE1,CA_TRAAVI,2039,23.42373213032532
RE1,CA_TRAAVI,2040,23.96542548686396
RE1,CA_TRAAVI,2041,24.71607304206742
RE1,CA_TRAAVI,2042,25.25615647861636
RE1,CA_TRAAVI,2043,25.79626227516515
RE1,CA_TRAAVI,2044,26.33634571171408
RE1,CA_TRAAVI,2045,26.87642914826302
RE1,CA_TRAAVI,2046,27.41653494481181
RE1,CA_TRAAVI,2047,27.95661838136075
RE1,CA_TRAAVI,2048,28.49670181790968
RE1,CA_TRAAVI,2049,29.03680761445847
RE1,CA_TRAAVI,2050,29.57689105100741
RE1,CA_TRAAVI,2051,30.11697448755635
RE1,CA_TRAAVI,2052,30.65708028410513
RE1,CA_TRAAVI,2053,31.19716372065407
RE1,CA_TRAAVI,2054,31.73726951720286
RE1,CA_TRABUS,2022,2.81252771029062
RE1,CA_TRABUS,2023,3.322258350804784
RE1,CA_TRABUS,2024,3.966732347152753
RE1,CA_TRABUS,2025,4.055314085191261
RE1,CA_TRABUS,2026,4.147654728538244
RE1,CA_TRABUS,2027,4.250924980767706
RE1,CA_TRABUS,2028,4.352692317662764
RE1,CA_TRABUS,2029,4.480274980100115
RE1,CA_TRABUS,2030,4.655921609687282
RE1,CA_TRABUS,2031,4.926408442868242
RE1,CA_TRABUS,2032,5.284880396288203
RE1,CA_TRABUS,2033,5.696317213122744
RE1,CA_TRABUS,2034,5.958237291524108
RE1,CA_TRABUS,2035,6.422527209793623
RE1,CA_TRABUS,2036,6.847850765178682
RE1,CA_TRABUS,2037,7.319024417044673
RE1,CA_TRABUS,2038,7.816078911130218
RE1,CA_TRABUS,2039,8.373872687047648
RE1,CA_TRABUS,2040,8.742170313333101
RE1,CA_TRABUS,2041,9.217045256998546
RE1,CA_TRABUS,2042,9.716444276164005
RE1,CA_TRABUS,2043,10.36369603012596
RE1,CA_TRABUS,2044,10.70741504552345
RE1,CA_TRABUS,2045,11.18197513596287
RE1,CA_TRABUS,2046,11.47002187978874
RE1,CA_TRABUS,2047,12.02654312875627
RE1,CA_TRABUS,2048,12.39706560550081
RE1,CA_TRABUS,2049,12.74286649453106
RE1,CA_TRABUS,2050,13.04675615653081
RE1,CA_TRABUS,2051,13.32545483602556
RE1,CA_TRABUS,2052,13.60411816327035
RE1,CA_TRABUS,2053,13.42977463590373
RE1,CA_TRABUS,2054,13.26097765542785
RE1,CA_TRAFWD,2022,1.734695316
RE1,CA_TRAFWD,2023,1.641988421
RE1,CA_TRAFWD,2024,1.513128042
RE1,CA_TRAFWD,2025,1.596951624
RE1,CA_TRAFWD,2026,1.679974164
RE1,CA_TRAFWD,2027,1.75681214
RE1,CA_TRAFWD,2028,1.830650359
RE1,CA_TRAFWD,2029,1.908183809
RE1,CA_TRAFWD,2030,1.993663715
RE1,CA_TRAFWD,2031,2.07680303
RE1,CA_TRAFWD,2032,2.187459747
RE1,CA_TRAFWD,2033,2.315228393
RE1,CA_TRAFWD,2034,2.425980601
RE1,CA_TRAFWD,2035,2.539592062
RE1,CA_TRAFWD,2036,2.665268974
RE1,CA_TRAFWD,2037,2.796152551
RE1,CA_TRAFWD,2038,2.933523329
RE1,CA_TRAFWD,2039,3.061303621
RE1,CA_TRAFWD,2040,3.184364949
RE1,CA_TRAFWD,2041,3.316082
RE1,CA_TRAFWD,2042,3.475546324
RE1,CA_TRAFWD,2043,3.636615681
RE1,CA_TRAFWD,2044,3.813682869
RE1,CA_TRAFWD,2045,3.981617159
RE1,CA_TRAFWD,2046,4.139239565
RE1,CA_TRAFWD,2047,4.32873657
RE1,CA_TRAFWD,2048,4.499866016
RE1,CA_TRAFWD,2049,4.68039026
RE1,CA_TRAFWD,2050,4.887658726
RE1,CA_TRAFWD,2051,5.061417647
RE1,CA_TRAFWD,2052,5.201023186
RE1,CA_TRAFWD,2053,5.351481358
RE1,CA_TRAFWD,2054,5.472479255
RE1,CA_TRAMIC,2022,0.318522898
RE1,CA_TRAMIC,2023,0.363813556
RE1,CA_TRAMIC,2024,0.366187019
RE1,CA_TRAMIC,2025,0.365901029
RE1,CA_TRAMIC,2026,0.36575612
RE1,CA_TRAMIC,2027,0.365529517
RE1,CA_TRAMIC,2028,0.36523109
RE1,CA_TRAMIC,2029,0.364875111
RE1,CA_TRAMIC,2030,0.364496994
RE1,CA_TRAMIC,2031,0.364099857
RE1,CA_TRAMIC,2032,0.363768862
RE1,CA_TRAMIC,2033,0.363525647
RE1,CA_TRAMIC,2034,0.363302546
RE1,CA_TRAMIC,2035,0.363479565
RE1,CA_TRAMIC,2036,0.36414911
RE1,CA_TRAMIC,2037,0.365829371
RE1,CA_TRAMIC,2038,0.368842498
RE1,CA_TRAMIC,2039,0.373934412
RE1,CA_TRAMIC,2040,0.381373753
RE1,CA_TRAMIC,2041,0.393183668
RE1,CA_TRAMIC,2042,0.407679858
RE1,CA_TRAMIC,2043,0.427609845
RE1,CA_TRAMIC,2044,0.44811921
RE1,CA_TRAMIC,2045,0.471591827
RE1,CA_TRAMIC,2046,0.492718674
RE1,CA_TRAMIC,2047,0.520615064
RE1,CA_TRAMIC,2048,0.54391135
RE1,CA_TRAMIC,2049,0.565877528
RE1,CA_TRAMIC,2050,0.586149624
RE1,CA_TRAMIC,2051,0.605751311
RE1,CA_TRAMIC,2052,0.625709387
RE1,CA_TRAMIC,2053,0.629197679
RE1,CA_TRAMIC,2054,0.632130818
RE1,CA_TRAMRT,2022,4.218463
RE1,CA_TRAMRT,2023,4.356729
RE1,CA_TRAMRT,2024,4.504659
RE1,CA_TRAMRT,2025,4.66551
RE1,CA_TRAMRT,2026,4.854558
RE1,CA_TRAMRT,2027,5.023797
RE1,CA_TRAMRT,2028,5.186238
RE1,CA_TRAMRT,2029,5.35209
RE1,CA_TRAMRT,2030,5.519101
RE1,CA_TRAMRT,2031,5.687411
RE1,CA_TRAMRT,2032,5.860394
RE1,CA_TRAMRT,2033,6.037807
RE1,CA_TRAMRT,2034,6.220322
RE1,CA_TRAMRT,2035,6.408733
RE1,CA_TRAMRT,2036,6.600454
RE1,CA_TRAMRT,2037,6.797836
RE1,CA_TRAMRT,2038,7.000897
RE1,CA_TRAMRT,2039,7.209785
RE1,CA_TRAMRT,2040,7.424806
RE1,CA_TRAMRT,2041,7.646258
RE1,CA_TRAMRT,2042,7.874379
RE1,CA_TRAMRT,2043,8.109375
RE1,CA_TRAMRT,2044,8.351455
RE1,CA_TRAMRT,2045,8.600835
RE1,CA_TRAMRT,2046,8.857741
RE1,CA_TRAMRT,2047,9.1224
RE1,CA_TRAMRT,2048,9.395053
RE1,CA_TRAMRT,2049,9.675943
RE1,CA_TRAMRT,2050,9.965323
RE1,CA_TRAMRT,2051,9.965323
RE1,CA_TRAMRT,2052,9.965323
RE1,CA_TRAMRT,2053,9.965323
RE1,CA_TRAMRT,2054,9.965323
RE1,CA_TRAMTC,2022,3.176607522
RE1,CA_TRAMTC,2023,3.02576021
RE1,CA_TRAMTC,2024,2.805333676
RE1,CA_TRAMTC,2025,2.905502902
RE1,CA_TRAMTC,2026,3.003283422
RE1,CA_TRAMTC,2027,3.102382112
RE1,CA_TRAMTC,2028,3.195906573
RE1,CA_TRAMTC,2029,3.295676911
RE1,CA_TRAMTC,2030,3.372587596
RE1,CA_TRAMTC,2031,3.463191415
RE1,CA_TRAMTC,2032,3.554459175
RE1,CA_TRAMTC,2033,3.592014126
RE1,CA_TRAMTC,2034,3.584723699
RE1,CA_TRAMTC,2035,3.54130481
RE1,CA_TRAMTC,2036,3.448962754
RE1,CA_TRAMTC,2037,3.285905846
RE1,CA_TRAMTC,2038,3.077379512
RE1,CA_TRAMTC,2039,2.841405756
RE1,CA_TRAMTC,2040,2.580142735
RE1,CA_TRAMTC,2041,2.324235632
RE1,CA_TRAMTC,2042,2.05645327
RE1,CA_TRAMTC,2043,2.012940592
RE1,CA_TRAMTC,2044,1.970587132
RE1,CA_TRAMTC,2045,1.922790668
RE1,CA_TRAMTC,2046,1.884094059
RE1,CA_TRAMTC,2047,1.84525868
RE1,CA_TRAMTC,2048,1.797861097
RE1,CA_TRAMTC,2049,1.762272288
RE1,CA_TRAMTC,2050,1.712365607
RE1,CA_TRAMTC,2051,1.6422635
RE1,CA_TRAMTC,2052,1.578124805
RE1,CA_TRAMTC,2053,1.481036278
RE1,CA_TRAMTC,2054,1.385018173
RE1,CA_TRASTT,2022,0.625434313
RE1,CA_TRASTT,2023,0.606389545
RE1,CA_TRASTT,2024,0.562191217
RE1,CA_TRASTT,2025,0.572601175
RE1,CA_TRASTT,2026,0.583401005
RE1,CA_TRASTT,2027,0.593769836
RE1,CA_TRASTT,2028,0.604053443
RE1,CA_TRASTT,2029,0.613997145
RE1,CA_TRASTT,2030,0.624629223
RE1,CA_TRASTT,2031,0.633939269
RE1,CA_TRASTT,2032,0.646120233
RE1,CA_TRASTT,2033,0.660251776
RE1,CA_TRASTT,2034,0.671757081
RE1,CA_TRASTT,2035,0.68317285
RE1,CA_TRASTT,2036,0.695751398
RE1,CA_TRASTT,2037,0.70871988
RE1,CA_TRASTT,2038,0.722585842
RE1,CA_TRASTT,2039,0.735654596
RE1,CA_TRASTT,2040,0.747885989
RE1,CA_TRASTT,2041,0.760817101
RE1,CA_TRASTT,2042,0.776849325
RE1,CA_TRASTT,2043,0.793289874
RE1,CA_TRASTT,2044,0.809649267
RE1,CA_TRASTT,2045,0.825779508
RE1,CA_TRASTT,2046,0.839037525
RE1,CA_TRASTT,2047,0.857176916
RE1,CA_TRASTT,2048,0.871941785
RE1,CA_TRASTT,2049,0.88677122
RE1,CA_TRASTT,2050,0.904164504
RE1,CA_TRASTT,2051,0.918808084
RE1,CA_TRASTT,2052,0.930234967
RE1,CA_TRASTT,2053,0.938983548
RE1,CA_TRASTT,2054,0.94525817
RE1,CA_TRATAX,2022,2.17743959
RE1,CA_TRATAX,2023,2.132239362
RE1,CA_TRATAX,2024,1.933408591
RE1,CA_TRATAX,2025,1.950659467
RE1,CA_TRATAX,2026,1.965081185
RE1,CA_TRATAX,2027,1.977216328
RE1,CA_TRATAX,2028,1.986961683
RE1,CA_TRATAX,2029,1.996110666
RE1,CA_TRATAX,2030,2.001795158
RE1,CA_TRATAX,2031,2.008698586
RE1,CA_TRATAX,2032,2.015946667
RE1,CA_TRATAX,2033,2.019751825
RE1,CA_TRATAX,2034,2.022309324
RE1,CA_TRATAX,2035,2.024324771
RE1,CA_TRATAX,2036,2.025375775
RE1,CA_TRATAX,2037,2.025664864
RE1,CA_TRATAX,2038,2.024727006
RE1,CA_TRATAX,2039,2.022727505
RE1,CA_TRATAX,2040,2.02018168
RE1,CA_TRATAX,2041,2.017409336
RE1,CA_TRATAX,2042,2.014172524
RE1,CA_TRATAX,2043,2.010491372
RE1,CA_TRATAX,2044,2.006466111
RE1,CA_TRATAX,2045,2.001842961
RE1,CA_TRATAX,2046,1.997474979
RE1,CA_TRATAX,2047,1.992566502
RE1,CA_TRATAX,2048,1.987392544
RE1,CA_TRATAX,2049,1.982195954
RE1,CA_TRATAX,2050,1.976797506
RE1,CA_TRATAX,2051,1.971173095
RE1,CA_TRATAX,2052,1.965524413
RE1,CA_TRATAX,2053,1.959737693
RE1,CA_TRATAX,2054,2.313609205
RE1,CA_TRATCK,2022,1.507012907
RE1,CA_TRATCK,2023,1.458029331
RE1,CA_TRATCK,2024,1.36010419
RE1,CA_TRATCK,2025,1.390596791
RE1,CA_TRATCK,2026,1.422513386
RE1,CA_TRATCK,2027,1.453473657
RE1,CA_TRATCK,2028,1.484165011
RE1,CA_TRATCK,2029,1.514382145
RE1,CA_TRATCK,2030,1.546084748
RE1,CA_TRATCK,2031,1.575214401
RE1,CA_TRATCK,2032,1.612827319
RE1,CA_TRATCK,2033,1.654936912
RE1,CA_TRATCK,2034,1.689497438
RE1,CA_TRATCK,2035,1.724195039
RE1,CA_TRATCK,2036,1.761568585
RE1,CA_TRATCK,2037,1.799538689
RE1,CA_TRATCK,2038,1.838588909
RE1,CA_TRATCK,2039,1.873861162
RE1,CA_TRATCK,2040,1.905319385
RE1,CA_TRATCK,2041,1.937581963
RE1,CA_TRATCK,2042,1.9759094
RE1,CA_TRATCK,2043,2.013215572
RE1,CA_TRATCK,2044,2.049567725
RE1,CA_TRATCK,2045,2.082160181
RE1,CA_TRATCK,2046,2.107299959
RE1,CA_TRATCK,2047,2.141273699
RE1,CA_TRATCK,2048,2.166064147
RE1,CA_TRATCK,2049,2.191050716
RE1,CA_TRATCK,2050,2.221804854
RE1,CA_TRATCK,2051,2.243514027
RE1,CA_TRATCK,2052,2.256538054
RE1,CA_TRATCK,2053,2.264983352
RE1,CA_TRATCK,2054,2.266374406
RE1,IN_AGFELC,2022,0.0008417
RE1,IN_AGFELC,2023,0.0008851
RE1,IN_AGFELC,2024,0.0008995
RE1,IN_AGFELC,2025,0.0009328
RE1,IN_AGFELC,2026,0.0009584
RE1,IN_AGFELC,2027,0.0009859
RE1,IN_AGFELC,2028,0.0010145
RE1,IN_AGFELC,2029,0.0010441
RE1,IN_AGFELC,2030,0.0010745
RE1,IN_AGFELC,2031,0.0011055
RE1,IN_AGFELC,2032,0.0011376
RE1,IN_AGFELC,2033,0.0011707
RE1,IN_AGFELC,2034,0.0012048
RE1,IN_AGFELC,2035,0.0012417
RE1,IN_AGFELC,2036,0.0012798
RE1,IN_AGFELC,2037,0.0013205
RE1,IN_AGFELC,2038,0.0013625
RE1,IN_AGFELC,2039,0.0014058
RE1,IN_AGFELC,2040,0.0014503
RE1,IN_AGFELC,2041,0.0014963
RE1,IN_AGFELC,2042,0.0015482
RE1,IN_AGFELC,2043,0.0016018
RE1,IN_AGFELC,2044,0.001657
RE1,IN_AGFELC,2045,0.001714
RE1,IN_AGFELC,2046,0.0017727
RE1,IN_AGFELC,2047,0.0018332
RE1,IN_AGFELC,2048,0.0018987
RE1,IN_AGFELC,2049,0.0019711
RE1,IN_AGFELC,2050,0.0020459
RE1,IN_AGFELC,2051,0.002123
RE1,IN_AGFELC,2052,0.0022026
RE1,IN_AGFELC,2053,0.0022847
RE1,IN_AGFELC,2054,0.0023701
RE1,IN_AGFHEA,2022,0.010831
RE1,IN_AGFHEA,2023,0.011134
RE1,IN_AGFHEA,2024,0.0119463
RE1,IN_AGFHEA,2025,0.0123884
RE1,IN_AGFHEA,2026,0.0127283
RE1,IN_AGFHEA,2027,0.0130934
RE1,IN_AGFHEA,2028,0.013474
RE1,IN_AGFHEA,2029,0.013867
RE1,IN_AGFHEA,2030,0.0142696
RE1,IN_AGFHEA,2031,0.0146821
RE1,IN_AGFHEA,2032,0.0151079
RE1,IN_AGFHEA,2033,0.0155477
RE1,IN_AGFHEA,2034,0.0160002
RE1,IN_AGFHEA,2035,0.016491
RE1,IN_AGFHEA,2036,0.0169966
RE1,IN_AGFHEA,2037,0.0175378
RE1,IN_AGFHEA,2038,0.0180954
RE1,IN_AGFHEA,2039,0.0186699
RE1,IN_AGFHEA,2040,0.0192618
RE1,IN_AGFHEA,2041,0.0198716
RE1,IN_AGFHEA,2042,0.0205618
RE1,IN_AGFHEA,2043,0.0212734
RE1,IN_AGFHEA,2044,0.0220068
RE1,IN_AGFHEA,2045,0.022763
RE1,IN_AGFHEA,2046,0.0235424
RE1,IN_AGFHEA,2047,0.0243458
RE1,IN_AGFHEA,2048,0.0252165
RE1,IN_AGFHEA,2049,0.0261782
RE1,IN_AGFHEA,2050,0.0271708
RE1,IN_AGFHEA,2051,0.0281951
RE1,IN_AGFHEA,2052,0.029252
RE1,IN_AGFHEA,2053,0.0303426
RE1,IN_AGFHEA,2054,0.0314767
RE1,IN_RESCLIM,2022,0.021757
RE1,IN_RESCLIM,2023,0.021531
RE1,IN_RESCLIM,2024,0.027431
RE1,IN_RESCLIM,2025,0.031375
RE1,IN_RESCLIM,2026,0.032227
RE1,IN_RESCLIM,2027,0.033076
RE1,IN_RESCLIM,2028,0.03391
RE1,IN_RESCLIM,2029,0.034739
RE1,IN_RESCLIM,2030,0.035538
RE1,IN_RESCLIM,2031,0.036298
RE1,IN_RESCLIM,2032,0.03704
RE1,IN_RESCLIM,2033,0.037765
RE1,IN_RESCLIM,2034,0.038469
RE1,IN_RESCLIM,2035,0.039161
RE1,IN_RESCLIM,2036,0.039831
RE1,IN_RESCLIM,2037,0.040527
RE1,IN_RESCLIM,2038,0.041194
RE1,IN_RESCLIM,2039,0.041835
RE1,IN_RESCLIM,2040,0.042482
RE1,IN_RESCLIM,2041,0.043115
RE1,IN_RESCLIM,2042,0.043768
RE1,IN_RESCLIM,2043,0.0444
RE1,IN_RESCLIM,2044,0.045039
RE1,IN_RESCLIM,2045,0.045682
RE1,IN_RESCLIM,2046,0.046285
RE1,IN_RESCLIM,2047,0.046914
RE1,IN_RESCLIM,2048,0.047538
RE1,IN_RESCLIM,2049,0.048131
RE1,IN_RESCLIM,2050,0.048737
RE1,IN_RESCLIM,2051,0.049338
RE1,IN_RESCLIM,2052,0.049936
RE1,IN_RESCLIM,2053,0.050531
RE1,IN_RESCLIM,2054,0.051122
RE1,IN_RESCLIM_RUR,2022,0.0
RE1,IN_RESCLIM_RUR,2023,0.0
RE1,IN_RESCLIM_RUR,2024,0.0
RE1,IN_RESCLIM_RUR,2025,0.0
RE1,IN_RESCLIM_RUR,2026,0.0
RE1,IN_RESCLIM_RUR,2027,0.0
RE1,IN_RESCLIM_RUR,2028,0.0
RE1,IN_RESCLIM_RUR,2029,0.0
RE1,IN_RESCLIM_RUR,2030,0.0
RE1,IN_RESCLIM_RUR,2031,0.0
RE1,IN_RESCLIM_RUR,2032,0.0
RE1,IN_RESCLIM_RUR,2033,0.0
RE1,IN_RESCLIM_RUR,2034,0.0
RE1,IN_RESCLIM_RUR,2035,0.0
RE1,IN_RESCLIM_RUR,2036,0.0
RE1,IN_RESCLIM_RUR,2037,0.0
RE1,IN_RESCLIM_RUR,2038,0.0
RE1,IN_RESCLIM_RUR,2039,0.0
RE1,IN_RESCLIM_RUR,2040,0.0
RE1,IN_RESCLIM_RUR,2041,0.0
RE1,IN_RESCLIM_RUR,2042,0.0
RE1,IN_RESCLIM_RUR,2043,0.0
RE1,IN_RESCLIM_RUR,2044,0.0
RE1,IN_RESCLIM_RUR,2045,0.0
RE1,IN_RESCLIM_RUR,2046,0.0
RE1,IN_RESCLIM_RUR,2047,0.0
RE1,IN_RESCLIM_RUR,2048,0.0
RE1,IN_RESCLIM_RUR,2049,0.0
RE1,IN_RESCLIM_RUR,2050,0.0
RE1,IN_RESCLIM_RUR,2051,0.0
RE1,IN_RESCLIM_RUR,2052,0.0
RE1,IN_RESCLIM_RUR,2053,0.0
RE1,IN_RESCLIM_RUR,2054,0.0
RE1,IN_RESCLIM_URB,2022,0.01578440789407628
RE1,IN_RESCLIM_URB,2023,0.01637442767387165
RE1,IN_RESCLIM_URB,2024,0.02216741299223801
RE1,IN_RESCLIM_URB,2025,0.02533292610635497
RE1,IN_RESCLIM_URB,2026,0.02757659992671127
RE1,IN_RESCLIM_URB,2027,0.02989584496129588
RE1,IN_RESCLIM_URB,2028,0.03227383481147972
RE1,IN_RESCLIM_URB,2029,0.0347162389582031
RE1,IN_RESCLIM_URB,2030,0.03719257328481375
RE1,IN_RESCLIM_URB,2031,0.03967034096567078
RE1,IN_RESCLIM_URB,2032,0.04219356244700997
RE1,IN_RESCLIM_URB,2033,0.04476316609085704
RE1,IN_RESCLIM_URB,2034,0.0473726755777364
RE1,IN_RESCLIM_URB,2035,0.05002881431532296
RE1,IN_RESCLIM_URB,2036,0.05271735023038587
RE1,IN_RESCLIM_URB,2037,0.05549797996622673
RE1,IN_RESCLIM_URB,2038,0.05829840205940665
RE1,IN_RESCLIM_URB,2039,0.06111952725800011
RE1,IN_RESCLIM_URB,2040,0.06400734663249805
RE1,IN_RESCLIM_URB,2041,0.06692749662611075
RE1,IN_RESCLIM_URB,2042,0.06993502483562415
RE1,IN_RESCLIM_URB,2043,0.07296659089820158
RE1,IN_RESCLIM_URB,2044,0.07606508934604028
RE1,IN_RESCLIM_URB,2045,0.0792252623708378
RE1,IN_RESCLIM_URB,2046,0.08237298729063426
RE1,IN_RESCLIM_URB,2047,0.08562149841638778
RE1,IN_RESCLIM_URB,2048,0.08891677272744605
RE1,IN_RESCLIM_URB,2049,0.09221276911822593
RE1,IN_RESCLIM_URB,2050,0.09559132665845257
RE1,IN_RESCLIM_URB,2051,0.09675093446545358
RE1,IN_RESCLIM_URB,2052,0.09790823710062119
RE1,IN_RESCLIM_URB,2053,0.0990633645829451
RE1,IN_RESCLIM_URB,2054,0.1002164976849773
RE1,IN_RESDHT,2022,0.054036
RE1,IN_RESDHT,2023,0.056263
RE1,IN_RESDHT,2024,0.052691
RE1,IN_RESDHT,2025,0.058686
RE1,IN_RESDHT,2026,0.060278
RE1,IN_RESDHT,2027,0.061867
RE1,IN_RESDHT,2028,0.063427
RE1,IN_RESDHT,2029,0.064977
RE1,IN_RESDHT,2030,0.06647
RE1,IN_RESDHT,2031,0.067893
RE1,IN_RESDHT,2032,0.069281
RE1,IN_RESDHT,2033,0.070636
RE1,IN_RESDHT,2034,0.071953
RE1,IN_RESDHT,2035,0.073248
RE1,IN_RESDHT,2036,0.074502
RE1,IN_RESDHT,2037,0.075803
RE1,IN_RESDHT,2038,0.07705
RE1,IN_RESDHT,2039,0.078249
RE1,IN_RESDHT,2040,0.07946
RE1,IN_RESDHT,2041,0.080643
RE1,IN_RESDHT,2042,0.081864
RE1,IN_RESDHT,2043,0.083047
RE1,IN_RESDHT,2044,0.084243
RE1,IN_RESDHT,2045,0.085445
RE1,IN_RESDHT,2046,0.086574
RE1,IN_RESDHT,2047,0.08775
RE1,IN_RESDHT,2048,0.088917
RE1,IN_RESDHT,2049,0.090027
RE1,IN_RESDHT,2050,0.091158
RE1,IN_RESDHT,2051,0.092283
RE1,IN_RESDHT,2052,0.093401
RE1,IN_RESDHT,2053,0.094514
RE1,IN_RESDHT,2054,0.09562
RE1,IN_RESDHT_RUR,2022,0.0
RE1,IN_RESDHT_RUR,2023,0.0
RE1,IN_RESDHT_RUR,2024,0.0
RE1,IN_RESDHT_RUR,2025,0.0
RE1,IN_RESDHT_RUR,2026,0.0
RE1,IN_RESDHT_RUR,2027,0.0
RE1,IN_RESDHT_RUR,2028,0.0
RE1,IN_RESDHT_RUR,2029,0.0
RE1,IN_RESDHT_RUR,2030,0.0
RE1,IN_RESDHT_RUR,2031,0.0
RE1,IN_RESDHT_RUR,2032,0.0
RE1,IN_RESDHT_RUR,2033,0.0
RE1,IN_RESDHT_RUR,2034,0.0
RE1,IN_RESDHT_RUR,2035,0.0
RE1,IN_RESDHT_RUR,2036,0.0
RE1,IN_RESDHT_RUR,2037,0.0
RE1,IN_RESDHT_RUR,2038,0.0
RE1,IN_RESDHT_RUR,2039,0.0
RE1,IN_RESDHT_RUR,2040,0.0
RE1,IN_RESDHT_RUR,2041,0.0
RE1,IN_RESDHT_RUR,2042,0.0
RE1,IN_RESDHT_RUR,2043,0.0
RE1,IN_RESDHT_RUR,2044,0.0
RE1,IN_RESDHT_RUR,2045,0.0
RE1,IN_RESDHT_RUR,2046,0.0
RE1,IN_RESDHT_RUR,2047,0.0
RE1,IN_RESDHT_RUR,2048,0.0
RE1,IN_RESDHT_RUR,2049,0.0
RE1,IN_RESDHT_RUR,2050,0.0
RE1,IN_RESDHT_RUR,2051,0.0
RE1,IN_RESDHT_RUR,2052,0.0
RE1,IN_RESDHT_RUR,2053,0.0
RE1,IN_RESDHT_RUR,2054,0.0
RE1,IN_RESDHT_URB,2022,0.0606922713039466
RE1,IN_RESDHT_URB,2023,0.06336233775254022
RE1,IN_RESDHT_URB,2024,0.06094936735328034
RE1,IN_RESDHT_URB,2025,0.06745162390236996
RE1,IN_RESDHT_URB,2026,0.06983426938610326
RE1,IN_RESDHT_URB,2027,0.07223690978311482
RE1,IN_RESDHT_URB,2028,0.07462835077641809
RE1,IN_RESDHT_URB,2029,0.07703056753507694
RE1,IN_RESDHT_URB,2030,0.07938497408688228
RE1,IN_RESDHT_URB,2031,0.08182135900770848
RE1,IN_RESDHT_URB,2032,0.08424597382324095
RE1,IN_RESDHT_URB,2033,0.08666218076341427
RE1,IN_RESDHT_URB,2034,0.08906088371373022
RE1,IN_RESDHT_URB,2035,0.09145979344994076
RE1,IN_RESDHT_URB,2036,0.09386293444260044
RE1,IN_RESDHT_URB,2037,0.09635436179651115
RE1,IN_RESDHT_URB,2038,0.09880520437893883
RE1,IN_RESDHT_URB,2039,0.1012207403292053
RE1,IN_RESDHT_URB,2040,0.103679672655788
RE1,IN_RESDHT_URB,2041,0.1061442414087778
RE1,IN_RESDHT_URB,2042,0.1086855415365601
RE1,IN_RESDHT_URB,2043,0.1112028950615558
RE1,IN_RESDHT_URB,2044,0.1137628895205144
RE1,IN_RESDHT_URB,2045,0.1163575304731435
RE1,IN_RESDHT_URB,2046,0.1188873443177609
RE1,IN_RESDHT_URB,2047,0.1215082126785259
RE1,IN_RESDHT_URB,2048,0.1241410820616676
RE1,IN_RESDHT_URB,2049,0.1267186201321384
RE1,IN_RESDHT_URB,2050,0.1291596025876885
RE1,IN_RESDHT_URB,2051,0.1308259321990788
RE1,IN_RESDHT_URB,2052,0.1324861545362374
RE1,IN_RESDHT_URB,2053,0.1340672636965989
RE1,IN_RESDHT_URB,2054,0.1356405385520175
RE1,IN_RESILU_RUR,2022,0.008572799796835619
RE1,IN_RESILU_RUR,2023,0.008889728854568372
RE1,IN_RESILU_RUR,2024,0.008665636738651573
RE1,IN_RESILU_RUR,2025,0.008891702600765156
RE1,IN_RESILU_RUR,2026,0.008959351989094087
RE1,IN_RESILU_RUR,2027,0.00898174839632925
RE1,IN_RESILU_RUR,2028,0.008956893402758027
RE1,IN_RESILU_RUR,2029,0.008907238328395949
RE1,IN_RESILU_RUR,2030,0.008820580439910969
RE1,IN_RESILU_RUR,2031,0.008708671544355024
RE1,IN_RESILU_RUR,2032,0.008583083048581517
RE1,IN_RESILU_RUR,2033,0.008470394596516431
RE1,IN_RESILU_RUR,2034,0.008326660296486148
RE1,IN_RESILU_RUR,2035,0.00819895697946122
RE1,IN_RESILU_RUR,2036,0.008044141277161413
RE1,IN_RESILU_RUR,2037,0.007918176965293554
RE1,IN_RESILU_RUR,2038,0.007777627808432166
RE1,IN_RESILU_RUR,2039,0.007634882693460785
RE1,IN_RESILU_RUR,2040,0.007473372849264585
RE1,IN_RESILU_RUR,2041,0.007322305781016576
RE1,IN_RESILU_RUR,2042,0.007172109906726278
RE1,IN_RESILU_RUR,2043,0.007020097221999498
RE1,IN_RESILU_RUR,2044,0.006876228402114362
RE1,IN_RESILU_RUR,2045,0.006733633953920211
RE1,IN_RESILU_RUR,2046,0.006573853238649553
RE1,IN_RESILU_RUR,2047,0.00642979505006567
RE1,IN_RESILU_RUR,2048,0.006271416940879542
RE1,IN_RESILU_RUR,2049,0.006126046227431921
RE1,IN_RESILU_RUR,2050,0.005977898467486832
RE1,IN_RESILU_RUR,2051,0.005835159660082486
RE1,IN_RESILU_RUR,2052,0.005694769086239212
RE1,IN_RESILU_RUR,2053,0.005544706372288822
RE1,IN_RESILU_RUR,2054,0.00539779512961844
RE1,IN_RESILU_URB,2022,0.002289166750907211
RE1,IN_RESILU_URB,2023,0.002513833817827105
RE1,IN_RESILU_URB,2024,0.002208012280139614
RE1,IN_RESILU_URB,2025,0.002472327984514565
RE1,IN_RESILU_URB,2026,0.002542876307587913
RE1,IN_RESILU_URB,2027,0.0026133485981103
RE1,IN_RESILU_URB,2028,0.002682624011362445
RE1,IN_RESILU_URB,2029,0.00275152898374225
RE1,IN_RESILU_URB,2030,0.002817998425191283
RE1,IN_RESILU_URB,2031,0.002879785914943594
RE1,IN_RESILU_URB,2032,0.00294012651568159
RE1,IN_RESILU_URB,2033,0.002999186349125767
RE1,IN_RESILU_URB,2034,0.003056687521214727
RE1,IN_RESILU_URB,2035,0.003113276981438341
RE1,IN_RESILU_URB,2036,0.003168100110949165
RE1,IN_RESILU_URB,2037,0.003225029359014234
RE1,IN_RESILU_URB,2038,0.003279696986226315
RE1,IN_RESILU_URB,2039,0.003332338742020458
RE1,IN_RESILU_URB,2040,0.003385579799805213
RE1,IN_RESILU_URB,2041,0.003437624826423634
RE1,IN_RESILU_URB,2042,0.003491327379664555
RE1,IN_RESILU_URB,2043,0.003543452359812694
RE1,IN_RESILU_URB,2044,0.003596143268570594
RE1,IN_RESILU_URB,2045,0.003649143148982585
RE1,IN_RESILU_URB,2046,0.003699050310743401
RE1,IN_RESILU_URB,2047,0.003751041759405592
RE1,IN_RESILU_URB,2048,0.003802659561261332
RE1,IN_RESILU_URB,2049,0.003851860960594957
RE1,IN_RESILU_URB,2050,0.003939129463569162
RE1,IN_RESILU_URB,2051,0.003987889334594974
RE1,IN_RESILU_URB,2052,0.004036406313939078
RE1,IN_RESILU_URB,2053,0.004084679256645467
RE1,IN_RESILU_URB,2054,0.004132709143443483
RE1,IN_RESOTH,2022,0.0498
RE1,IN_RESOTH,2023,0.052082
RE1,IN_RESOTH,2024,0.047851
RE1,IN_RESOTH,2025,0.050876
RE1,IN_RESOTH,2026,0.051433
RE1,IN_RESOTH,2027,0.051813
RE1,IN_RESOTH,2028,0.051974
RE1,IN_RESOTH,2029,0.052052
RE1,IN_RESOTH,2030,0.051968
RE1,IN_RESOTH,2031,0.051643
RE1,IN_RESOTH,2032,0.051281
RE1,IN_RESOTH,2033,0.050964
RE1,IN_RESOTH,2034,0.050536
RE1,IN_RESOTH,2035,0.050183
RE1,IN_RESOTH,2036,0.049701
RE1,IN_RESOTH,2037,0.049378
RE1,IN_RESOTH,2038,0.048974
RE1,IN_RESOTH,2039,0.048578
RE1,IN_RESOTH,2040,0.048117
RE1,IN_RESOTH,2041,0.047682
RE1,IN_RESOTH,2042,0.047286
RE1,IN_RESOTH,2043,0.046863
RE1,IN_RESOTH,2044,0.046502
RE1,IN_RESOTH,2045,0.046155
RE1,IN_RESOTH,2046,0.045708
RE1,IN_RESOTH,2047,0.045361
RE1,IN_RESOTH,2048,0.04494
RE1,IN_RESOTH,2049,0.044584
RE1,IN_RESOTH,2050,0.044422
RE1,IN_RESOTH,2051,0.044065
RE1,IN_RESOTH,2052,0.04372
RE1,IN_RESOTH,2053,0.043388
RE1,IN_RESOTH,2054,0.043069
RE1,IN_RESOTH_RUR,2022,0.0326220075918324
RE1,IN_RESOTH_RUR,2023,0.03357559874900887
RE1,IN_RESOTH_RUR,2024,0.03264090947506323
RE1,IN_RESOTH_RUR,2025,0.03349073812629906
RE1,IN_RESOTH_RUR,2026,0.03371482731717421
RE1,IN_RESOTH_RUR,2027,0.03376745606999358
RE1,IN_RESOTH_RUR,2028,0.03364198129889857
RE1,IN_RESOTH_RUR,2029,0.03342452653341872
RE1,IN_RESOTH_RUR,2030,0.0330690209323808
RE1,IN_RESOTH_RUR,2031,0.03261948436137325
RE1,IN_RESOTH_RUR,2032,0.03211951841534638
RE1,IN_RESOTH_RUR,2033,0.0316701647492005
RE1,IN_RESOTH_RUR,2034,0.03110484192263867
RE1,IN_RESOTH_RUR,2035,0.03060174962089001
RE1,IN_RESOTH_RUR,2036,0.02999494804487981
RE1,IN_RESOTH_RUR,2037,0.02950195686983571
RE1,IN_RESOTH_RUR,2038,0.02895559578482934
RE1,IN_RESOTH_RUR,2039,0.02840263610761364
RE1,IN_RESOTH_RUR,2040,0.02778079797986093
RE1,IN_RESOTH_RUR,2041,0.02719973455384163
RE1,IN_RESOTH_RUR,2042,0.02662318663891429
RE1,IN_RESOTH_RUR,2043,0.02604134078584275
RE1,IN_RESOTH_RUR,2044,0.02549137255464368
RE1,IN_RESOTH_RUR,2045,0.02494735479557736
RE1,IN_RESOTH_RUR,2046,0.02434036806680628
RE1,IN_RESOTH_RUR,2047,0.02379305960088149
RE1,IN_RESOTH_RUR,2048,0.02319362479694405
RE1,IN_RESOTH_RUR,2049,0.0226435414292964
RE1,IN_RESOTH_RUR,2050,0.02208338546320961
RE1,IN_RESOTH_RUR,2051,0.0215444199459113
RE1,IN_RESOTH_RUR,2052,0.02101494546411089
RE1,IN_RESOTH_RUR,2053,0.02045058775212585
RE1,IN_RESOTH_RUR,2054,0.01989864999406446
RE1,IN_RESOTH_URB,2022,0.01135787400706462
RE1,IN_RESOTH_URB,2023,0.01249307484746729
RE1,IN_RESOTH_URB,2024,0.01098115773866306
RE1,IN_RESOTH_URB,2025,0.01229406297148979
RE1,IN_RESOTH_URB,2026,0.01264458021077023
RE1,IN_RESOTH_URB,2027,0.01299670611806016
RE1,IN_RESOTH_URB,2028,0.01334055300213499
RE1,IN_RESOTH_URB,2029,0.01368466353301345
RE1,IN_RESOTH_URB,2030,0.01401655788991328
RE1,IN_RESOTH_URB,2031,0.01432269702670158
RE1,IN_RESOTH_URB,2032,0.0146240284195413
RE1,IN_RESOTH_URB,2033,0.01491648997485692
RE1,IN_RESOTH_URB,2034,0.01520370370730999
RE1,IN_RESOTH_URB,2035,0.01548640311635327
RE1,IN_RESOTH_URB,2036,0.01575759946219634
RE1,IN_RESOTH_URB,2037,0.01604199257145261
RE1,IN_RESOTH_URB,2038,0.01631238425848163
RE1,IN_RESOTH_URB,2039,0.01657545892692879
RE1,IN_RESOTH_URB,2040,0.01684153581706413
RE1,IN_RESOTH_URB,2041,0.01709877097088658
RE1,IN_RESOTH_URB,2042,0.01736714646719315
RE1,IN_RESOTH_URB,2043,0.01762469131391534
RE1,IN_RESOTH_URB,2044,0.01788804657732659
RE1,IN_RESOTH_URB,2045,0.0181529598258289
RE1,IN_RESOTH_URB,2046,0.01839937477400651
RE1,IN_RESOTH_URB,2047,0.01865927748025954
RE1,IN_RESOTH_URB,2048,0.01891412227590972
RE1,IN_RESOTH_URB,2049,0.0191601545657103
RE1,IN_RESOTH_URB,2050,0.01959424569179295
RE1,IN_RESOTH_URB,2051,0.01983677317078159
RE1,IN_RESOTH_URB,2052,0.02007808250918291
RE1,IN_RESOTH_URB,2053,0.02031816783265862
RE1,IN_RESOTH_URB,2054,0.02055703384584611
RE1,IN_RESREF,2022,0.017495
RE1,IN_RESREF,2023,0.019464
RE1,IN_RESREF,2024,0.016413
RE1,IN_RESREF,2025,0.018773
RE1,IN_RESREF,2026,0.019283
RE1,IN_RESREF,2027,0.019791
RE1,IN_RESREF,2028,0.02029
RE1,IN_RESREF,2029,0.020786
RE1,IN_RESREF,2030,0.021264
RE1,IN_RESREF,2031,0.021719
RE1,IN_RESREF,2032,0.022163
RE1,IN_RESREF,2033,0.022596
RE1,IN_RESREF,2034,0.023018
RE1,IN_RESREF,2035,0.023432
RE1,IN_RESREF,2036,0.023833
RE1,IN_RESREF,2037,0.024249
RE1,IN_RESREF,2038,0.024648
RE1,IN_RESREF,2039,0.025031
RE1,IN_RESREF,2040,0.025419
RE1,IN_RESREF,2041,0.025798
RE1,IN_RESREF,2042,0.026188
RE1,IN_RESREF,2043,0.026567
RE1,IN_RESREF,2044,0.026949
RE1,IN_RESREF,2045,0.027334
RE1,IN_RESREF,2046,0.027695
RE1,IN_RESREF,2047,0.028071
RE1,IN_RESREF,2048,0.028444
RE1,IN_RESREF,2049,0.028799
RE1,IN_RESREF,2050,0.029161
RE1,IN_RESREF,2051,0.029521
RE1,IN_RESREF,2052,0.029879
RE1,IN_RESREF,2053,0.030235
RE1,IN_RESREF,2054,0.030589
RE1,IN_RESREF_RUR,2022,0.0
RE1,IN_RESREF_RUR,2023,0.0
RE1,IN_RESREF_RUR,2024,0.0
RE1,IN_RESREF_RUR,2025,0.0
RE1,IN_RESREF_RUR,2026,0.0
RE1,IN_RESREF_RUR,2027,0.0
RE1,IN_RESREF_RUR,2028,0.0
RE1,IN_RESREF_RUR,2029,0.0
RE1,IN_RESREF_RUR,2030,0.0
RE1,IN_RESREF_RUR,2031,0.0
RE1,IN_RESREF_RUR,2032,0.0
RE1,IN_RESREF_RUR,2033,0.0
RE1,IN_RESREF_RUR,2034,0.0
RE1,IN_RESREF_RUR,2035,0.0
RE1,IN_RESREF_RUR,2036,0.0
RE1,IN_RESREF_RUR,2037,0.0
RE1,IN_RESREF_RUR,2038,0.0
RE1,IN_RESREF_RUR,2039,0.0
RE1,IN_RESREF_RUR,2040,0.0
RE1,IN_RESREF_RUR,2041,0.0
RE1,IN_RESREF_RUR,2042,0.0
RE1,IN_RESREF_RUR,2043,0.0
RE1,IN_RESREF_RUR,2044,0.0
RE1,IN_RESREF_RUR,2045,0.0
RE1,IN_RESREF_RUR,2046,0.0
RE1,IN_RESREF_RUR,2047,0.0
RE1,IN_RESREF_RUR,2048,0.0
RE1,IN_RESREF_RUR,2049,0.0
RE1,IN_RESREF_RUR,2050,0.0
RE1,IN_RESREF_RUR,2051,0.0
RE1,IN_RESREF_RUR,2052,0.0
RE1,IN_RESREF_RUR,2053,0.0
RE1,IN_RESREF_RUR,2054,0.0
RE1,IN_RESREF_URB,2022,0.01508536948783152
RE1,IN_RESREF_URB,2023,0.0167210710031083
RE1,IN_RESREF_URB,2024,0.01467855929189758
RE1,IN_RESREF_URB,2025,0.0166194405976345
RE1,IN_RESREF_URB,2026,0.01727303648113962
RE1,IN_RESREF_URB,2027,0.01793577750259557
RE1,IN_RESREF_URB,2028,0.01859989984365236
RE1,IN_RESREF_URB,2029,0.01927086235511264
RE1,IN_RESREF_URB,2030,0.01993398432273159
RE1,IN_RESREF_URB,2031,0.02039053942700311
RE1,IN_RESREF_URB,2032,0.02083764173801953
RE1,IN_RESREF_URB,2033,0.02127640693483928
RE1,IN_RESREF_URB,2034,0.0217048621624585
RE1,IN_RESREF_URB,2035,0.02212757196759681
RE1,IN_RESREF_URB,2036,0.02253881368800878
RE1,IN_RESREF_URB,2037,0.02296538224756595
RE1,IN_RESREF_URB,2038,0.02337656245288594
RE1,IN_RESREF_URB,2039,0.02377397590752683
RE1,IN_RESREF_URB,2040,0.02417631945087213
RE1,IN_RESREF_URB,2041,0.02457079703712341
RE1,IN_RESREF_URB,2042,0.02497778295192805
RE1,IN_RESREF_URB,2043,0.02537411716818798
RE1,IN_RESREF_URB,2044,0.02577514565363431
RE1,IN_RESREF_URB,2045,0.02617904626626114
RE1,IN_RESREF_URB,2046,0.02656137291191563
RE1,IN_RESREF_URB,2047,0.02695926607515377
RE1,IN_RESREF_URB,2048,0.02735504522277486
RE1,IN_RESREF_URB,2049,0.02773404683381142
RE1,IN_RESREF_URB,2050,0.02812100632388823
RE1,IN_RESREF_URB,2051,0.02846824494490776
RE1,IN_RESREF_URB,2052,0.02881366049002807
RE1,IN_RESREF_URB,2053,0.02915724192698087
RE1,IN_RESREF_URB,2054,0.0294989933853726
RE1,IN_RESTV_RUR,2022,0.0
RE1,IN_RESTV_RUR,2023,0.0
RE1,IN_RESTV_RUR,2024,0.0
RE1,IN_RESTV_RUR,2025,0.0
RE1,IN_RESTV_RUR,2026,0.0
RE1,IN_RESTV_RUR,2027,0.0
RE1,IN_RESTV_RUR,2028,0.0
RE1,IN_RESTV_RUR,2029,0.0
RE1,IN_RESTV_RUR,2030,0.0
RE1,IN_RESTV_RUR,2031,0.0
RE1,IN_RESTV_RUR,2032,0.0
RE1,IN_RESTV_RUR,2033,0.0
RE1,IN_RESTV_RUR,2034,0.0
RE1,IN_RESTV_RUR,2035,0.0
RE1,IN_RESTV_RUR,2036,0.0
RE1,IN_RESTV_RUR,2037,0.0
RE1,IN_RESTV_RUR,2038,0.0
RE1,IN_RESTV_RUR,2039,0.0
RE1,IN_RESTV_RUR,2040,0.0
RE1,IN_RESTV_RUR,2041,0.0
RE1,IN_RESTV_RUR,2042,0.0
RE1,IN_RESTV_RUR,2043,0.0
RE1,IN_RESTV_RUR,2044,0.0
RE1,IN_RESTV_RUR,2045,0.0
RE1,IN_RESTV_RUR,2046,0.0
RE1,IN_RESTV_RUR,2047,0.0
RE1,IN_RESTV_RUR,2048,0.0
RE1,IN_RESTV_RUR,2049,0.0
RE1,IN_RESTV_RUR,2050,0.0
RE1,IN_RESTV_RUR,2051,0.0
RE1,IN_RESTV_RUR,2052,0.0
RE1,IN_RESTV_RUR,2053,0.0
RE1,IN_RESTV_RUR,2054,0.0
RE1,IN_RESTV_URB,2022,0.004102644508263865
RE1,IN_RESTV_URB,2023,0.00467954412568679
RE1,IN_RESTV_URB,2024,0.004125635062729875
RE1,IN_RESTV_URB,2025,0.00462336281097466
RE1,IN_RESTV_URB,2026,0.004755431993673405
RE1,IN_RESTV_URB,2027,0.004887347841376355
RE1,IN_RESTV_URB,2028,0.00501701916419597
RE1,IN_RESTV_URB,2029,0.005145993883654318
RE1,IN_RESTV_URB,2030,0.005270406499272574
RE1,IN_RESTV_URB,2031,0.005386063242459076
RE1,IN_RESTV_URB,2032,0.005499014437696874
RE1,IN_RESTV_URB,2033,0.005609569234141729
RE1,IN_RESTV_URB,2034,0.005717206065945412
RE1,IN_RESTV_URB,2035,0.005823136059727283
RE1,IN_RESTV_URB,2036,0.005925746073261953
RE1,IN_RESTV_URB,2037,0.006032311616638446
RE1,IN_RESTV_URB,2038,0.006134648015138796
RE1,IN_RESTV_URB,2039,0.006233194526662126
RE1,IN_RESTV_URB,2040,0.006332857727568261
RE1,IN_RESTV_URB,2041,0.00643028193164398
RE1,IN_RESTV_URB,2042,0.006530803339314834
RE1,IN_RESTV_URB,2043,0.006628369569159106
RE1,IN_RESTV_URB,2044,0.006726991595238172
RE1,IN_RESTV_URB,2045,0.006826186604637898
RE1,IN_RESTV_URB,2046,0.006919592674490806
RE1,IN_RESTV_URB,2047,0.007016887890504358
RE1,IN_RESTV_URB,2048,0.007113478354772325
RE1,IN_RESTV_URB,2049,0.007205533315469714
RE1,IN_RESTV_URB,2050,0.007368776926555748
RE1,IN_RESTV_URB,2051,0.007459975018844435
RE1,IN_RESTV_URB,2052,0.007550704147593965
RE1,IN_RESTV_URB,2053,0.007640961672797421
RE1,IN_RESTV_URB,2054,0.00773074893568231
RE1,IN_RESWHT_RUR,2022,0.0
RE1,IN_RESWHT_RUR,2023,0.0
RE1,IN_RESWHT_RUR,2024,0.0
RE1,IN_RESWHT_RUR,2025,0.0
RE1,IN_RESWHT_RUR,2026,0.0
RE1,IN_RESWHT_RUR,2027,0.0
RE1,IN_RESWHT_RUR,2028,0.0
RE1,IN_RESWHT_RUR,2029,0.0
RE1,IN_RESWHT_RUR,2030,0.0
RE1,IN_RESWHT_RUR,2031,0.0
RE1,IN_RESWHT_RUR,2032,0.0
RE1,IN_RESWHT_RUR,2033,0.0
RE1,IN_RESWHT_RUR,2034,0.0
RE1,IN_RESWHT_RUR,2035,0.0
RE1,IN_RESWHT_RUR,2036,0.0
RE1,IN_RESWHT_RUR,2037,0.0
RE1,IN_RESWHT_RUR,2038,0.0
RE1,IN_RESWHT_RUR,2039,0.0
RE1,IN_RESWHT_RUR,2040,0.0
RE1,IN_RESWHT_RUR,2041,0.0
RE1,IN_RESWHT_RUR,2042,0.0
RE1,IN_RESWHT_RUR,2043,0.0
RE1,IN_RESWHT_RUR,2044,0.0
RE1,IN_RESWHT_RUR,2045,0.0
RE1,IN_RESWHT_RUR,2046,0.0
RE1,IN_RESWHT_RUR,2047,0.0
RE1,IN_RESWHT_RUR,2048,0.0
RE1,IN_RESWHT_RUR,2049,0.0
RE1,IN_RESWHT_RUR,2050,0.0
RE1,IN_RESWHT_RUR,2051,0.0
RE1,IN_RESWHT_RUR,2052,0.0
RE1,IN_RESWHT_RUR,2053,0.0
RE1,IN_RESWHT_RUR,2054,0.0
RE1,IN_RESWHT_URB,2022,0.001073366928927227
RE1,IN_RESWHT_URB,2023,0.001649285692190311
RE1,IN_RESWHT_URB,2024,0.006538555808198845
RE1,IN_RESWHT_URB,2025,0.007413239413107716
RE1,IN_RESWHT_URB,2026,0.007606477118194416
RE1,IN_RESWHT_URB,2027,0.00780058532880829
RE1,IN_RESWHT_URB,2028,0.00799261955692823
RE1,IN_RESWHT_URB,2029,0.00818515948128641
RE1,IN_RESWHT_URB,2030,0.008372240189915036
RE1,IN_RESWHT_URB,2031,0.008546503646662065
RE1,IN_RESWHT_URB,2032,0.008716713493524151
RE1,IN_RESWHT_URB,2033,0.008883127892725926
RE1,IN_RESWHT_URB,2034,0.009044941462436748
RE1,IN_RESWHT_URB,2035,0.00920415849356974
RE1,IN_RESWHT_URB,2036,0.009358169635350067
RE1,IN_RESWHT_URB,2037,0.009518494890956611
RE1,IN_RESWHT_URB,2038,0.009672185573601182
RE1,IN_RESWHT_URB,2039,0.009819859286932213
RE1,IN_RESWHT_URB,2040,0.009969302035092237
RE1,IN_RESWHT_URB,2041,0.01011518309334489
RE1,IN_RESWHT_URB,2042,0.01026590171324227
RE1,IN_RESWHT_URB,2043,0.01041191375780521
RE1,IN_RESWHT_URB,2044,0.0105594609674593
RE1,IN_RESWHT_URB,2045,0.01070785680815575
RE1,IN_RESWHT_URB,2046,0.01084708268200286
RE1,IN_RESWHT_URB,2047,0.01099228657196517
RE1,IN_RESWHT_URB,2048,0.01113628580897076
RE1,IN_RESWHT_URB,2049,0.01127288492183312
RE1,IN_RESWHT_URB,2050,0.01141194826604764
RE1,IN_RESWHT_URB,2051,0.01155224168817408
RE1,IN_RESWHT_URB,2052,0.01169171893147488
RE1,IN_RESWHT_URB,2053,0.01183037307825301
RE1,IN_RESWHT_URB,2054,0.01196820347707921
RE1,IN_RESWSH_RUR,2022,0.0
RE1,IN_RESWSH_RUR,2023,0.0
RE1,IN_RESWSH_RUR,2024,0.0
RE1,IN_RESWSH_RUR,2025,0.0
RE1,IN_RESWSH_RUR,2026,0.0
RE1,IN_RESWSH_RUR,2027,0.0
RE1,IN_RESWSH_RUR,2028,0.0
RE1,IN_RESWSH_RUR,2029,0.0
RE1,IN_RESWSH_RUR,2030,0.0
RE1,IN_RESWSH_RUR,2031,0.0
RE1,IN_RESWSH_RUR,2032,0.0
RE1,IN_RESWSH_RUR,2033,0.0
RE1,IN_RESWSH_RUR,2034,0.0
RE1,IN_RESWSH_RUR,2035,0.0
RE1,IN_RESWSH_RUR,2036,0.0
RE1,IN_RESWSH_RUR,2037,0.0
RE1,IN_RESWSH_RUR,2038,0.0
RE1,IN_RESWSH_RUR,2039,0.0
RE1,IN_RESWSH_RUR,2040,0.0
RE1,IN_RESWSH_RUR,2041,0.0
RE1,IN_RESWSH_RUR,2042,0.0
RE1,IN_RESWSH_RUR,2043,0.0
RE1,IN_RESWSH_RUR,2044,0.0
RE1,IN_RESWSH_RUR,2045,0.0
RE1,IN_RESWSH_RUR,2046,0.0
RE1,IN_RESWSH_RUR,2047,0.0
RE1,IN_RESWSH_RUR,2048,0.0
RE1,IN_RESWSH_RUR,2049,0.0
RE1,IN_RESWSH_RUR,2050,0.0
RE1,IN_RESWSH_RUR,2051,0.0
RE1,IN_RESWSH_RUR,2052,0.0
RE1,IN_RESWSH_RUR,2053,0.0
RE1,IN_RESWSH_RUR,2054,0.0
RE1,IN_RESWSH_URB,2022,0.004459678294224241
RE1,IN_RESWSH_URB,2023,0.004828596291869252
RE1,IN_RESWSH_URB,2024,0.004019462569626319
RE1,IN_RESWSH_URB,2025,0.004573390741694188
RE1,IN_RESWSH_URB,2026,0.004767503095013121
RE1,IN_RESWSH_URB,2027,0.004965010038365203
RE1,IN_RESWSH_URB,2028,0.0051637787502574
RE1,IN_RESWSH_URB,2029,0.005365324595236735
RE1,IN_RESWSH_URB,2030,0.005565556544752459
RE1,IN_RESWSH_URB,2031,0.005740807629016559
RE1,IN_RESWSH_URB,2032,0.005915394800480965
RE1,IN_RESWSH_URB,2033,0.006089549356881596
RE1,IN_RESWSH_URB,2034,0.006262632191920367
RE1,IN_RESWSH_URB,2035,0.00643589650109249
RE1,IN_RESWSH_URB,2036,0.006607571565475863
RE1,IN_RESWSH_URB,2037,0.006785568671258747
RE1,IN_RESWSH_URB,2038,0.006960800769746102
RE1,IN_RESWSH_URB,2039,0.007133635506310188
RE1,IN_RESWSH_URB,2040,0.007309622567929046
RE1,IN_RESWSH_URB,2041,0.007484888882522309
RE1,IN_RESWSH_URB,2042,0.007665623213492829
RE1,IN_RESWSH_URB,2043,0.00784474671854713
RE1,IN_RESWSH_URB,2044,0.008026950511238026
RE1,IN_RESWSH_URB,2045,0.00821169134219583
RE1,IN_RESWSH_URB,2046,0.008391260763420151
RE1,IN_RESWSH_URB,2047,0.008577313758068649
RE1,IN_RESWSH_URB,2048,0.008764292094916887
RE1,IN_RESWSH_URB,2049,0.008947420856675438
RE1,IN_RESWSH_URB,2050,0.009134607693362518
RE1,IN_RESWSH_URB,2051,0.009247518821552708
RE1,IN_RESWSH_URB,2052,0.009359832060789936
RE1,IN_RESWSH_URB,2053,0.009471543469160203
RE1,IN_RESWSH_URB,2054,0.009582654038914893
RE1,IN_TERDHT,2022,0.039
RE1,IN_TERDHT,2023,0.043
RE1,IN_TERDHT,2024,0.044
RE1,IN_TERDHT,2025,0.046
RE1,IN_TERDHT,2026,0.047
RE1,IN_TERDHT,2027,0.049
RE1,IN_TERDHT,2028,0.05
RE1,IN_TERDHT,2029,0.052
RE1,IN_TERDHT,2030,0.053
RE1,IN_TERDHT,2031,0.055
RE1,IN_TERDHT,2032,0.056
RE1,IN_TERDHT,2033,0.058
RE1,IN_TERDHT,2034,0.059
RE1,IN_TERDHT,2035,0.06
RE1,IN_TERDHT,2036,0.062
RE1,IN_TERDHT,2037,0.063
RE1,IN_TERDHT,2038,0.064
RE1,IN_TERDHT,2039,0.066
RE1,IN_TERDHT,2040,0.067
RE1,IN_TERDHT,2041,0.069
RE1,IN_TERDHT,2042,0.071
RE1,IN_TERDHT,2043,0.073
RE1,IN_TERDHT,2044,0.075
RE1,IN_TERDHT,2045,0.077
RE1,IN_TERDHT,2046,0.079
RE1,IN_TERDHT,2047,0.082
RE1,IN_TERDHT,2048,0.084
RE1,IN_TERDHT,2049,0.087
RE1,IN_TERDHT,2050,0.09
RE1,IN_TERDHT,2051,0.093
RE1,IN_TERDHT,2052,0.096
RE1,IN_TERDHT,2053,0.099
RE1,IN_TERDHT,2054,0.102
RE1,IN_TRAAVI,2022,0.1472020783491338
RE1,IN_TRAAVI,2023,0.1609041761398433
RE1,IN_TRAAVI,2024,0.1659508769063353
RE1,IN_TRAAVI,2025,0.1698868168247039
RE1,IN_TRAAVI,2026,0.175150131366564
RE1,IN_TRAAVI,2027,0.1804134459084242
RE1,IN_TRAAVI,2028,0.1850453421050752
RE1,IN_TRAAVI,2029,0.1897279302491577
RE1,IN_TRAAVI,2030,0.1944888793119788
RE1,IN_TRAAVI,2031,0.1993281662935623
RE1,IN_TRAAVI,2032,0.2042596371795495
RE1,IN_TRAAVI,2033,0.2092602459938397
RE1,IN_TRAAVI,2034,0.2143391927268922
RE1,IN_TRAAVI,2035,0.2195011003739129
RE1,IN_TRAAVI,2036,0.2247505919301077
RE1,IN_TRAAVI,2037,0.2300692214146055
RE1,IN_TRAAVI,2038,0.2354661658178894
RE1,IN_TRAAVI,2039,0.2409415401398403
RE1,IN_TRAAVI,2040,0.2465135143616155
RE1,IN_TRAAVI,2041,0.2542348363544834
RE1,IN_TRAAVI,2042,0.2597902505934316
RE1,IN_TRAAVI,2043,0.2653458948321413
RE1,IN_TRAAVI,2044,0.2709013090710896
RE1,IN_TRAAVI,2045,0.2764567233100378
RE1,IN_TRAAVI,2046,0.2820123675487475
RE1,IN_TRAAVI,2047,0.2875677817876957
RE1,IN_TRAAVI,2048,0.2931231960266439
RE1,IN_TRAAVI,2049,0.2986788402653536
RE1,IN_TRAAVI,2050,0.3042342545043019
RE1,IN_TRAAVI,2051,0.3097896687432501
RE1,IN_TRAAVI,2052,0.3153453129819597
RE1,IN_TRAAVI,2053,0.320900727220908
RE1,IN_TRAAVI,2054,0.3264563714596177
RE1,IN_TRAFWD,2022,0.012769
RE1,IN_TRAFWD,2023,0.012086
RE1,IN_TRAFWD,2024,0.011138
RE1,IN_TRAFWD,2025,0.011755
RE1,IN_TRAFWD,2026,0.012366
RE1,IN_TRAFWD,2027,0.012931
RE1,IN_TRAFWD,2028,0.013475
RE1,IN_TRAFWD,2029,0.014046
RE1,IN_TRAFWD,2030,0.014675
RE1,IN_TRAFWD,2031,0.015287
RE1,IN_TRAFWD,2032,0.016101
RE1,IN_TRAFWD,2033,0.017042
RE1,IN_TRAFWD,2034,0.017857
RE1,IN_TRAFWD,2035,0.018693
RE1,IN_TRAFWD,2036,0.019618
RE1,IN_TRAFWD,2037,0.020582
RE1,IN_TRAFWD,2038,0.021593
RE1,IN_TRAFWD,2039,0.022533
RE1,IN_TRAFWD,2040,0.023439
RE1,IN_TRAFWD,2041,0.024409
RE1,IN_TRAFWD,2042,0.025582
RE1,IN_TRAFWD,2043,0.026768
RE1,IN_TRAFWD,2044,0.028071
RE1,IN_TRAFWD,2045,0.029307
RE1,IN_TRAFWD,2046,0.030468
RE1,IN_TRAFWD,2047,0.031862
RE1,IN_TRAFWD,2048,0.033122
RE1,IN_TRAFWD,2049,0.034451
RE1,IN_TRAFWD,2050,0.035976
RE1,IN_TRAFWD,2051,0.037255
RE1,IN_TRAFWD,2052,0.038283
RE1,IN_TRAFWD,2053,0.039391
RE1,IN_TRAFWD,2054,0.040281
RE1,IN_TRAMIC,2022,0.002672
RE1,IN_TRAMIC,2023,0.003052
RE1,IN_TRAMIC,2024,0.003071
RE1,IN_TRAMIC,2025,0.003069
RE1,IN_TRAMIC,2026,0.003068
RE1,IN_TRAMIC,2027,0.003066
RE1,IN_TRAMIC,2028,0.003063
RE1,IN_TRAMIC,2029,0.00306
RE1,IN_TRAMIC,2030,0.003057
RE1,IN_TRAMIC,2031,0.003054
RE1,IN_TRAMIC,2032,0.003051
RE1,IN_TRAMIC,2033,0.003049
RE1,IN_TRAMIC,2034,0.003047
RE1,IN_TRAMIC,2035,0.003049
RE1,IN_TRAMIC,2036,0.003054
RE1,IN_TRAMIC,2037,0.003068
RE1,IN_TRAMIC,2038,0.003094
RE1,IN_TRAMIC,2039,0.003136
RE1,IN_TRAMIC,2040,0.003199
RE1,IN_TRAMIC,2041,0.003298
RE1,IN_TRAMIC,2042,0.003419
RE1,IN_TRAMIC,2043,0.003587
RE1,IN_TRAMIC,2044,0.003759
RE1,IN_TRAMIC,2045,0.003956
RE1,IN_TRAMIC,2046,0.004133
RE1,IN_TRAMIC,2047,0.004367
RE1,IN_TRAMIC,2048,0.004562
RE1,IN_TRAMIC,2049,0.004746
RE1,IN_TRAMIC,2050,0.004916
RE1,IN_TRAMIC,2051,0.005081
RE1,IN_TRAMIC,2052,0.005248
RE1,IN_TRAMIC,2053,0.005278
RE1,IN_TRAMIC,2054,0.005302
RE1,IN_TRAMRT,2022,0.435795
RE1,IN_TRAMRT,2023,0.450079
RE1,IN_TRAMRT,2024,0.465361
RE1,IN_TRAMRT,2025,0.481978
RE1,IN_TRAMRT,2026,0.501508
RE1,IN_TRAMRT,2027,0.518991
RE1,IN_TRAMRT,2028,0.535772
RE1,IN_TRAMRT,2029,0.552906
RE1,IN_TRAMRT,2030,0.570159
RE1,IN_TRAMRT,2031,0.587547
RE1,IN_TRAMRT,2032,0.605417
RE1,IN_TRAMRT,2033,0.623745
RE1,IN_TRAMRT,2034,0.6426
RE1,IN_TRAMRT,2035,0.662064
RE1,IN_TRAMRT,2036,0.68187
RE1,IN_TRAMRT,2037,0.702261
RE1,IN_TRAMRT,2038,0.723239
RE1,IN_TRAMRT,2039,0.744818
RE1,IN_TRAMRT,2040,0.767031
RE1,IN_TRAMRT,2041,0.789909
RE1,IN_TRAMRT,2042,0.813475
RE1,IN_TRAMRT,2043,0.837752
RE1,IN_TRAMRT,2044,0.86276
RE1,IN_TRAMRT,2045,0.888523
RE1,IN_TRAMRT,2046,0.915063
RE1,IN_TRAMRT,2047,0.942404
RE1,IN_TRAMRT,2048,0.970571
RE1,IN_TRAMRT,2049,0.999588
RE1,IN_TRAMRT,2050,1.029483
RE1,IN_TRAMRT,2051,1.029483
RE1,IN_TRAMRT,2052,1.029483
RE1,IN_TRAMRT,2053,1.029483
RE1,IN_TRAMRT,2054,1.029483
RE1,IN_TRAMTC,2022,0.018898
RE1,IN_TRAMTC,2023,0.018001
RE1,IN_TRAMTC,2024,0.016689
RE1,IN_TRAMTC,2025,0.017285
RE1,IN_TRAMTC,2026,0.017867
RE1,IN_TRAMTC,2027,0.018457
RE1,IN_TRAMTC,2028,0.019013
RE1,IN_TRAMTC,2029,0.019607
RE1,IN_TRAMTC,2030,0.020064
RE1,IN_TRAMTC,2031,0.020603
RE1,IN_TRAMTC,2032,0.021146
RE1,IN_TRAMTC,2033,0.021369
RE1,IN_TRAMTC,2034,0.021326
RE1,IN_TRAMTC,2035,0.021068
RE1,IN_TRAMTC,2036,0.020518
RE1,IN_TRAMTC,2037,0.019548
RE1,IN_TRAMTC,2038,0.018308
RE1,IN_TRAMTC,2039,0.016904
RE1,IN_TRAMTC,2040,0.01535
RE1,IN_TRAMTC,2041,0.013827
RE1,IN_TRAMTC,2042,0.012234
RE1,IN_TRAMTC,2043,0.011975
RE1,IN_TRAMTC,2044,0.011723
RE1,IN_TRAMTC,2045,0.011439
RE1,IN_TRAMTC,2046,0.011209
RE1,IN_TRAMTC,2047,0.010978
RE1,IN_TRAMTC,2048,0.010696
RE1,IN_TRAMTC,2049,0.010484
RE1,IN_TRAMTC,2050,0.010187
RE1,IN_TRAMTC,2051,0.00977
RE1,IN_TRAMTC,2052,0.009389
RE1,IN_TRAMTC,2053,0.008811
RE1,IN_TRAMTC,2054,0.00824
RE1,IN_TRATAX,2022,0.007464
RE1,IN_TRATAX,2023,0.007309
RE1,IN_TRATAX,2024,0.006628
RE1,IN_TRATAX,2025,0.006687
RE1,IN_TRATAX,2026,0.006736
RE1,IN_TRATAX,2027,0.006778
RE1,IN_TRATAX,2028,0.006811
RE1,IN_TRATAX,2029,0.006843
RE1,IN_TRATAX,2030,0.006862
RE1,IN_TRATAX,2031,0.006886
RE1,IN_TRATAX,2032,0.006911
RE1,IN_TRATAX,2033,0.006924
RE1,IN_TRATAX,2034,0.006933
RE1,IN_TRATAX,2035,0.006939
RE1,IN_TRATAX,2036,0.006943
RE1,IN_TRATAX,2037,0.006944
RE1,IN_TRATAX,2038,0.006941
RE1,IN_TRATAX,2039,0.006934
RE1,IN_TRATAX,2040,0.006925
RE1,IN_TRATAX,2041,0.006916
RE1,IN_TRATAX,2042,0.006905
RE1,IN_TRATAX,2043,0.006892
RE1,IN_TRATAX,2044,0.006878
RE1,IN_TRATAX,2045,0.006862
RE1,IN_TRATAX,2046,0.006847
RE1,IN_TRATAX,2047,0.006831
RE1,IN_TRATAX,2048,0.006813
RE1,IN_TRATAX,2049,0.006795
RE1,IN_TRATAX,2050,0.006776
RE1,IN_TRATAX,2051,0.006757
RE1,IN_TRATAX,2052,0.006738
RE1,IN_TRATAX,2053,0.006718
RE1,IN_TRATAX,2054,0.007931
RE1,IN_TRATCK,2022,0.012319
RE1,IN_TRATCK,2023,0.011918
RE1,IN_TRATCK,2024,0.011118
RE1,IN_TRATCK,2025,0.011367
RE1,IN_TRATCK,2026,0.011628
RE1,IN_TRATCK,2027,0.011881
RE1,IN_TRATCK,2028,0.012132
RE1,IN_TRATCK,2029,0.012379
RE1,IN_TRATCK,2030,0.012638
RE1,IN_TRATCK,2031,0.012876
RE1,IN_TRATCK,2032,0.013184
RE1,IN_TRATCK,2033,0.013528
RE1,IN_TRATCK,2034,0.013811
RE1,IN_TRATCK,2035,0.014094
RE1,IN_TRATCK,2036,0.0144
RE1,IN_TRATCK,2037,0.01471
RE1,IN_TRATCK,2038,0.015029
RE1,IN_TRATCK,2039,0.015318
RE1,IN_TRATCK,2040,0.015575
RE1,IN_TRATCK,2041,0.015839
RE1,IN_TRATCK,2042,0.016152
RE1,IN_TRATCK,2043,0.016457
RE1,IN_TRATCK,2044,0.016754
RE1,IN_TRATCK,2045,0.01702
RE1,IN_TRATCK,2046,0.017226
RE1,IN_TRATCK,2047,0.017504
RE1,IN_TRATCK,2048,0.017706
RE1,IN_TRATCK,2049,0.01791
RE1,IN_TRATCK,2050,0.018162
RE1,IN_TRATCK,2051,0.018339
RE1,IN_TRATCK,2052,0.018446
RE1,IN_TRATCK,2053,0.018515
RE1,IN_TRATCK,2054,0.018526
RE1,NE_AGFELC,2022,0.6364991
RE1,NE_AGFELC,2023,0.6693202
RE1,NE_AGFELC,2024,0.6802414
RE1,NE_AGFELC,2025,0.705415
RE1,NE_AGFELC,2026,0.7247693
RE1,NE_AGFELC,2027,0.7455618
RE1,NE_AGFELC,2028,0.767233
RE1,NE_AGFELC,2029,0.7896089
RE1,NE_AGFELC,2030,0.8125368
RE1,NE_AGFELC,2031,0.8360222
RE1,NE_AGFELC,2032,0.8602681
RE1,NE_AGFELC,2033,0.8853118
RE1,NE_AGFELC,2034,0.9110823
RE1,NE_AGFELC,2035,0.9390292
RE1,NE_AGFELC,2036,0.9678157
RE1,NE_AGFELC,2037,0.9986336
RE1,NE_AGFELC,2038,1.0303843
RE1,NE_AGFELC,2039,1.0630969
RE1,NE_AGFELC,2040,1.0968005
RE1,NE_AGFELC,2041,1.1315254
RE1,NE_AGFELC,2042,1.1708269
RE1,NE_AGFELC,2043,1.2113423
RE1,NE_AGFELC,2044,1.2531083
RE1,NE_AGFELC,2045,1.2961629
RE1,NE_AGFELC,2046,1.3405449
RE1,NE_AGFELC,2047,1.3862955
RE1,NE_AGFELC,2048,1.4358695
RE1,NE_AGFELC,2049,1.4906348
RE1,NE_AGFELC,2050,1.5471536
RE1,NE_AGFELC,2051,1.6054783
RE1,NE_AGFELC,2052,1.6656626
RE1,NE_AGFELC,2053,1.7277607
RE1,NE_AGFELC,2054,1.7923418
RE1,NE_AGFHEA,2022,8.0788453
RE1,NE_AGFHEA,2023,8.304809
RE1,NE_AGFHEA,2024,8.9107104
RE1,NE_AGFHEA,2025,9.2404681
RE1,NE_AGFHEA,2026,9.4939961
RE1,NE_AGFHEA,2027,9.766364
RE1,NE_AGFHEA,2028,10.0502421
RE1,NE_AGFHEA,2029,10.3433516
RE1,NE_AGFHEA,2030,10.6436928
RE1,NE_AGFHEA,2031,10.9513353
RE1,NE_AGFHEA,2032,11.2689405
RE1,NE_AGFHEA,2033,11.596997
RE1,NE_AGFHEA,2034,11.9345733
RE1,NE_AGFHEA,2035,12.3006591
RE1,NE_AGFHEA,2036,12.6777431
RE1,NE_AGFHEA,2037,13.0814371
RE1,NE_AGFHEA,2038,13.4973504
RE1,NE_AGFHEA,2039,13.9258639
RE1,NE_AGFHEA,2040,14.3673585
RE1,NE_AGFHEA,2041,14.8222316
RE1,NE_AGFHEA,2042,15.3370543
RE1,NE_AGFHEA,2043,15.8677793
RE1,NE_AGFHEA,2044,16.4148869
RE1,NE_AGFHEA,2045,16.9788727
RE1,NE_AGFHEA,2046,17.5602477
RE1,NE_AGFHEA,2047,18.1595503
RE1,NE_AGFHEA,2048,18.8089371
RE1,NE_AGFHEA,2049,19.5263258
RE1,NE_AGFHEA,2050,20.266685
RE1,NE_AGFHEA,2051,21.0306999
RE1,NE_AGFHEA,2052,21.8190739
RE1,NE_AGFHEA,2053,22.6325175
RE1,NE_AGFHEA,2054,23.4784866
RE1,NE_INDCLIM,2022,0.2616613350428331
RE1,NE_INDCLIM,2023,0.2609197447615214
RE1,NE_INDCLIM,2024,0.2577489543134157
RE1,NE_INDCLIM,2025,0.2613273658834124
RE1,NE_INDCLIM,2026,0.267783080416145
RE1,NE_INDCLIM,2027,0.2727977563786248
RE1,NE_INDCLIM,2028,0.2788810457126869
RE1,NE_INDCLIM,2029,0.2851487181113448
RE1,NE_INDCLIM,2030,0.2898786620130322
RE1,NE_INDCLIM,2031,0.2957131556537542
RE1,NE_INDCLIM,2032,0.3010371473475608
RE1,NE_INDCLIM,2033,0.306822926176582
RE1,NE_INDCLIM,2034,0.3172523855314135
RE1,NE_INDCLIM,2035,0.329610846984589
RE1,NE_INDCLIM,2036,0.342451136502382
RE1,NE_INDCLIM,2037,0.3558324578806583
RE1,NE_INDCLIM,2038,0.369734288406935
RE1,NE_INDCLIM,2039,0.3842296267990858
RE1,NE_INDCLIM,2040,0.3993816530526292
RE1,NE_INDCLIM,2041,0.4152155973487114
RE1,NE_INDCLIM,2042,0.4319760732015062
RE1,NE_INDCLIM,2043,0.4494498610359511
RE1,NE_INDCLIM,2044,0.4675826949103248
RE1,NE_INDCLIM,2045,0.4864735631371642
RE1,NE_INDCLIM,2046,0.5061426307469055
RE1,NE_INDCLIM,2047,0.5267226980119538
RE1,NE_INDCLIM,2048,0.5481264241663826
RE1,NE_INDCLIM,2049,0.570386720327699
RE1,NE_INDCLIM,2050,0.5935373471831643
RE1,NE_INDCLIM,2051,0.6176425787187465
RE1,NE_INDCLIM,2052,0.6427352807832148
RE1,NE_INDCLIM,2053,0.6688759668997287
RE1,NE_INDCLIM,2054,0.695932045127323
RE1,NE_INDDHT,2022,6.78910523642935
RE1,NE_INDDHT,2023,6.919003805344179
RE1,NE_INDDHT,2024,6.749159779649004
RE1,NE_INDDHT,2025,6.816070445716175
RE1,NE_INDDHT,2026,6.983327369302771
RE1,NE_INDDHT,2027,7.112294296092568
RE1,NE_INDDHT,2028,7.265495559291498
RE1,NE_INDDHT,2029,7.419029002497714
RE1,NE_INDDHT,2030,7.536402731515405
RE1,NE_INDDHT,2031,7.700817904649878
RE1,NE_INDDHT,2032,7.839522036622534
RE1,NE_INDDHT,2033,7.993233683320451
RE1,NE_INDDHT,2034,8.263657865220495
RE1,NE_INDDHT,2035,8.578364866030467
RE1,NE_INDDHT,2036,8.905561642083168
RE1,NE_INDDHT,2037,9.24526942628323
RE1,NE_INDDHT,2038,9.597543829347066
RE1,NE_INDDHT,2039,9.964767074400742
RE1,NE_INDDHT,2040,10.34899535583269
RE1,NE_INDDHT,2041,10.75079322791108
RE1,NE_INDDHT,2042,11.17474035238749
RE1,NE_INDDHT,2043,11.61635182498339
RE1,NE_INDDHT,2044,12.07334975382565
RE1,NE_INDDHT,2045,12.54924537575461
RE1,NE_INDDHT,2046,13.04406126522337
RE1,NE_INDDHT,2047,13.56110583394722
RE1,NE_INDDHT,2048,14.09832250500089
RE1,NE_INDDHT,2049,14.65659112810697
RE1,NE_INDDHT,2050,15.23646939689034
RE1,NE_INDDHT,2051,15.83936063518802
RE1,NE_INDDHT,2052,16.46592649240583
RE1,NE_INDDHT,2053,17.14371172420682
RE1,NE_INDDHT,2054,17.84523008688944
RE1,NE_INDIHT,2022,7.573983845558629
RE1,NE_INDIHT,2023,8.107298843945879
RE1,NE_INDIHT,2024,7.984311413315369
RE1,NE_INDIHT,2025,8.006609056565019
RE1,NE_INDIHT,2026,8.210396723841834
RE1,NE_INDIHT,2027,8.369788611340002
RE1,NE_INDIHT,2028,8.557035741919766
RE1,NE_INDIHT,2029,8.744039980323759
RE1,NE_INDIHT,2030,8.89026625868464
RE1,NE_INDIHT,2031,9.100779157773843
RE1,NE_INDIHT,2032,9.272834665170466
RE1,NE_INDIHT,2033,9.462156355088617
RE1,NE_INDIHT,2034,9.789565734290726
RE1,NE_INDIHT,2035,10.17015496407643
RE1,NE_INDIHT,2036,10.56628998310485
RE1,NE_INDIHT,2037,10.97761551685608
RE1,NE_INDIHT,2038,11.40439825585431
RE1,NE_INDIHT,2039,11.84964866879685
RE1,NE_INDIHT,2040,12.31592577725834
RE1,NE_INDIHT,2041,12.80394376165318
RE1,NE_INDIHT,2042,13.31830230803057
RE1,NE_INDIHT,2043,13.85458457944977
RE1,NE_INDIHT,2044,14.41013956676179
RE1,NE_INDIHT,2045,14.98945159993859
RE1,NE_INDIHT,2046,15.59223088729507
RE1,NE_INDIHT,2047,16.22242140338582
RE1,NE_INDIHT,2048,16.87776897063931
RE1,NE_INDIHT,2049,17.55944940702225
RE1,NE_INDIHT,2050,18.26802343604939
RE1,NE_INDIHT,2051,19.0052396063395
RE1,NE_INDIHT,2052,19.77189887451588
RE1,NE_INDIHT,2053,20.58767210926296
RE1,NE_INDIHT,2054,21.43208261456283
RE1,NE_INDILU,2022,0.3991731358151768
RE1,NE_INDILU,2023,0.3960616958837621
RE1,NE_INDILU,2024,0.3931405048379638
RE1,NE_INDILU,2025,0.3959760037708401
RE1,NE_INDILU,2026,0.4058566978656027
RE1,NE_INDILU,2027,0.4135288063791838
RE1,NE_INDILU,2028,0.4227315327954038
RE1,NE_INDILU,2029,0.4321462627101305
RE1,NE_INDILU,2030,0.4392975018745888
RE1,NE_INDILU,2031,0.4482316739280187
RE1,NE_INDILU,2032,0.4563641512366697
RE1,NE_INDILU,2033,0.4653264093073586
RE1,NE_INDILU,2034,0.4812209197878853
RE1,NE_INDILU,2035,0.499941925817234
RE1,NE_INDILU,2036,0.5194198024075879
RE1,NE_INDILU,2037,0.5396973248231053
RE1,NE_INDILU,2038,0.5607547344070831
RE1,NE_INDILU,2039,0.5827155886420824
RE1,NE_INDILU,2040,0.605683682376044
RE1,NE_INDILU,2041,0.6296961393801804
RE1,NE_INDILU,2042,0.655116599716036
RE1,NE_INDILU,2043,0.6816243127153045
RE1,NE_INDILU,2044,0.7091136924598328
RE1,NE_INDILU,2045,0.737755119662598
RE1,NE_INDILU,2046,0.7675778172487717
RE1,NE_INDILU,2047,0.798780106278642
RE1,NE_INDILU,2048,0.8312314964092138
RE1,NE_INDILU,2049,0.8649827661418614
RE1,NE_INDILU,2050,0.9000867711714899
RE1,NE_INDILU,2051,0.9366395281086352
RE1,NE_INDILU,2052,0.9746894624261979
RE1,NE_INDILU,2053,1.014331414850594
RE1,NE_INDILU,2054,1.055355796642256
RE1,NE_INDMPW,2022,8.949247993011046
RE1,NE_INDMPW,2023,8.98456563309998
RE1,NE_INDMPW,2024,8.841671693600327
RE1,NE_INDMPW,2025,8.908036126825497
RE1,NE_INDMPW,2026,9.132415252558749
RE1,NE_INDMPW,2027,9.306865780658677
RE1,NE_INDMPW,2028,9.515054057164118
RE1,NE_INDMPW,2029,9.727148950674154
RE1,NE_INDMPW,2030,9.889191557634906
RE1,NE_INDMPW,2031,10.09547764886489
RE1,NE_INDMPW,2032,10.28112345428566
RE1,NE_INDMPW,2033,10.48634415105752
RE1,NE_INDMPW,2034,10.84749441487573
RE1,NE_INDMPW,2035,11.27129480896211
RE1,NE_INDMPW,2036,11.71188340449206
RE1,NE_INDMPW,2037,12.1703935358866
RE1,NE_INDMPW,2038,12.6465432261305
RE1,NE_INDMPW,2039,13.14324164210773
RE1,NE_INDMPW,2040,13.66294628590327
RE1,NE_INDMPW,2041,14.20650568431339
RE1,NE_INDMPW,2042,14.78171136799567
RE1,NE_INDMPW,2043,15.38162139620988
RE1,NE_INDMPW,2044,16.00367636868263
RE1,NE_INDMPW,2045,16.65186140079627
RE1,NE_INDMPW,2046,17.32676087835067
RE1,NE_INDMPW,2047,18.03290023895236
RE1,NE_INDMPW,2048,18.7673870925208
RE1,NE_INDMPW,2049,19.5313853329565
RE1,NE_INDMPW,2050,20.32607053503794
RE1,NE_INDMPW,2051,21.15358779070097
RE1,NE_INDMPW,2052,22.01500472506706
RE1,NE_INDMPW,2053,22.91253545920673
RE1,NE_INDMPW,2054,23.84137522163783
RE1,NE_INDREF,2022,0.3542479637209098
RE1,NE_INDREF,2023,0.3264558678897121
RE1,NE_INDREF,2024,0.3213245411478517
RE1,NE_INDREF,2025,0.3263381621898713
RE1,NE_INDREF,2026,0.3346885576744291
RE1,NE_INDREF,2027,0.3411563508089037
RE1,NE_INDREF,2028,0.3488475286527689
RE1,NE_INDREF,2029,0.3566520723585079
RE1,NE_INDREF,2030,0.3626056737597312
RE1,NE_INDREF,2031,0.3700596058400633
RE1,NE_INDREF,2032,0.3770171856494535
RE1,NE_INDREF,2033,0.3848224718465863
RE1,NE_INDREF,2034,0.3983680139503209
RE1,NE_INDREF,2035,0.4140976926452506
RE1,NE_INDREF,2036,0.430387706557996
RE1,NE_INDREF,2037,0.4473398216423361
RE1,NE_INDREF,2038,0.4649498107930491
RE1,NE_INDREF,2039,0.4833272202147912
RE1,NE_INDREF,2040,0.5025694090424422
RE1,NE_INDREF,2041,0.5227109201167455
RE1,NE_INDREF,2042,0.5440506596169239
RE1,NE_INDREF,2043,0.5663095416545197
RE1,NE_INDREF,2044,0.5893756944897575
RE1,NE_INDREF,2045,0.6133901994770207
RE1,NE_INDREF,2046,0.6383925986701466
RE1,NE_INDREF,2047,0.664558635270885
RE1,NE_INDREF,2048,0.6917772983686481
RE1,NE_INDREF,2049,0.7200885503368528
RE1,NE_INDREF,2050,0.7495449558249242
RE1,NE_INDREF,2051,0.7802250273272223
RE1,NE_INDREF,2052,0.8121670718054641
RE1,NE_INDREF,2053,0.8454488724237621
RE1,NE_INDREF,2054,0.8798900473957202
RE1,NE_RESCLIM_RUR,2022,0.026724888285053
RE1,NE_RESCLIM_RUR,2023,0.02233106975356666
RE1,NE_RESCLIM_RUR,2024,0.02162251216507581
RE1,NE_RESCLIM_RUR,2025,0.02175921715900556
RE1,NE_RESCLIM_RUR,2026,0.02274108857592863
RE1,NE_RESCLIM_RUR,2027,0.023774709969227
RE1,NE_RESCLIM_RUR,2028,0.02486371961554729
RE1,NE_RESCLIM_RUR,2029,0.02601136038743568
RE1,NE_RESCLIM_RUR,2030,0.02721840330903979
RE1,NE_RESCLIM_RUR,2031,0.02847095283298424
RE1,NE_RESCLIM_RUR,2032,0.02975062343305851
RE1,NE_RESCLIM_RUR,2033,0.03105509004934165
RE1,NE_RESCLIM_RUR,2034,0.03238627915609389
RE1,NE_RESCLIM_RUR,2035,0.03374224784127641
RE1,NE_RESCLIM_RUR,2036,0.03512720986705146
RE1,NE_RESCLIM_RUR,2037,0.03653544647739562
RE1,NE_RESCLIM_RUR,2038,0.03797247653990385
RE1,NE_RESCLIM_RUR,2039,0.03943583926899958
RE1,NE_RESCLIM_RUR,2040,0.04092592620324983
RE1,NE_RESCLIM_RUR,2041,0.04244389088364654
RE1,NE_RESCLIM_RUR,2042,0.04398903404248796
RE1,NE_RESCLIM_RUR,2043,0.0455602152461637
RE1,NE_RESCLIM_RUR,2044,0.0471582530758251
RE1,NE_RESCLIM_RUR,2045,0.0487834191364831
RE1,NE_RESCLIM_RUR,2046,0.0504323928841364
RE1,NE_RESCLIM_RUR,2047,0.05210488350354837
RE1,NE_RESCLIM_RUR,2048,0.05379942092094513
RE1,NE_RESCLIM_RUR,2049,0.05550804463155309
RE1,NE_RESCLIM_RUR,2050,0.05721863505049612
RE1,NE_RESCLIM_RUR,2051,0.05788006858954644
RE1,NE_RESCLIM_RUR,2052,0.05853017640805083
RE1,NE_RESCLIM_RUR,2053,0.05916842146701808
RE1,NE_RESCLIM_RUR,2054,0.0597942720830428
RE1,NE_RESCLIM_URB,2022,0.1769176982429175
RE1,NE_RESCLIM_URB,2023,0.2111060812389741
RE1,NE_RESCLIM_URB,2024,0.2822493664270635
RE1,NE_RESCLIM_URB,2025,0.2914644250269737
RE1,NE_RESCLIM_URB,2026,0.3162433434033438
RE1,NE_RESCLIM_URB,2027,0.3416974995259908
RE1,NE_RESCLIM_URB,2028,0.3677395733360522
RE1,NE_RESCLIM_URB,2029,0.3942537604873543
RE1,NE_RESCLIM_URB,2030,0.4211081581560505
RE1,NE_RESCLIM_URB,2031,0.4480735515383112
RE1,NE_RESCLIM_URB,2032,0.475458520930371
RE1,NE_RESCLIM_URB,2033,0.5032542296924659
RE1,NE_RESCLIM_URB,2034,0.5314550886930739
RE1,NE_RESCLIM_URB,2035,0.5600367275415745
RE1,NE_RESCLIM_URB,2036,0.5890167492315974
RE1,NE_RESCLIM_URB,2037,0.6183423691342708
RE1,NE_RESCLIM_URB,2038,0.6480532931140741
RE1,NE_RESCLIM_URB,2039,0.6781193615805556
RE1,NE_RESCLIM_URB,2040,0.7085638598114438
RE1,NE_RESCLIM_URB,2041,0.7393507206267279
RE1,NE_RESCLIM_URB,2042,0.7704718725479485
RE1,NE_RESCLIM_URB,2043,0.8019235446062308
RE1,NE_RESCLIM_URB,2044,0.8336864351454919
RE1,NE_RESCLIM_URB,2045,0.8657563152515709
RE1,NE_RESCLIM_URB,2046,0.8981585919059785
RE1,NE_RESCLIM_URB,2047,0.930861274606652
RE1,NE_RESCLIM_URB,2048,0.9638691824404393
RE1,NE_RESCLIM_URB,2049,0.9970015076390225
RE1,NE_RESCLIM_URB,2050,1.030049788441486
RE1,NE_RESCLIM_URB,2051,1.038977666606257
RE1,NE_RESCLIM_URB,2052,1.047574208334178
RE1,NE_RESCLIM_URB,2053,1.055829100288611
RE1,NE_RESCLIM_URB,2054,1.063732798204834
RE1,NE_RESDHT_RUR,2022,2.990630050099422
RE1,NE_RESDHT_RUR,2023,3.043190314517952
RE1,NE_RESDHT_RUR,2024,2.784607637979677
RE1,NE_RESDHT_RUR,2025,2.828180666405785
RE1,NE_RESDHT_RUR,2026,2.798440783796003
RE1,NE_RESDHT_RUR,2027,2.772100552449765
RE1,NE_RESDHT_RUR,2028,2.748907540310527
RE1,NE_RESDHT_RUR,2029,2.728529008400536
RE1,NE_RESDHT_RUR,2030,2.710471760217726
RE1,NE_RESDHT_RUR,2031,2.74754772357581
RE1,NE_RESDHT_RUR,2032,2.784595104734204
RE1,NE_RESDHT_RUR,2033,2.821428909367889
RE1,NE_RESDHT_RUR,2034,2.858228506783803
RE1,NE_RESDHT_RUR,2035,2.894799543030687
RE1,NE_RESDHT_RUR,2036,2.930877392255454
RE1,NE_RESDHT_RUR,2037,2.966812030861643
RE1,NE_RESDHT_RUR,2038,3.002848232323684
RE1,NE_RESDHT_RUR,2039,3.038802407666501
RE1,NE_RESDHT_RUR,2040,3.074690258055416
RE1,NE_RESDHT_RUR,2041,3.106394472391841
RE1,NE_RESDHT_RUR,2042,3.137904875536814
RE1,NE_RESDHT_RUR,2043,3.169158237536695
RE1,NE_RESDHT_RUR,2044,3.20019716119486
RE1,NE_RESDHT_RUR,2045,3.231008524428744
RE1,NE_RESDHT_RUR,2046,3.259095138879004
RE1,NE_RESDHT_RUR,2047,3.286615278329041
RE1,NE_RESDHT_RUR,2048,3.313506982285269
RE1,NE_RESDHT_RUR,2049,3.339244914211147
RE1,NE_RESDHT_RUR,2050,3.363157669962341
RE1,NE_RESDHT_RUR,2051,3.404076391707801
RE1,NE_RESDHT_RUR,2052,3.444304834436029
RE1,NE_RESDHT_RUR,2053,3.483808215299408
RE1,NE_RESDHT_RUR,2054,3.522552105287168
RE1,NE_RESDHT_URB,2022,5.139009322180345
RE1,NE_RESDHT_URB,2023,5.169504124304429
RE1,NE_RESDHT_URB,2024,5.484727414798432
RE1,NE_RESDHT_URB,2025,5.547456132370498
RE1,NE_RESDHT_URB,2026,5.724671061241016
RE1,NE_RESDHT_URB,2027,5.901893878929415
RE1,NE_RESDHT_URB,2028,6.078478841590784
RE1,NE_RESDHT_URB,2029,6.253275201980721
RE1,NE_RESDHT_URB,2030,6.425057284872752
RE1,NE_RESDHT_URB,2031,6.606194164251059
RE1,NE_RESDHT_URB,2032,6.786047012114133
RE1,NE_RESDHT_URB,2033,6.964621507371271
RE1,NE_RESDHT_URB,2034,7.142116416499712
RE1,NE_RESDHT_URB,2035,7.318596174968724
RE1,NE_RESDHT_URB,2036,7.496688545364066
RE1,NE_RESDHT_URB,2037,7.674047412374719
RE1,NE_RESDHT_URB,2038,7.851184092751358
RE1,NE_RESDHT_URB,2039,8.02780725243294
RE1,NE_RESDHT_URB,2040,8.204347739916914
RE1,NE_RESDHT_URB,2041,8.381922216858667
RE1,NE_RESDHT_URB,2042,8.559237907013037
RE1,NE_RESDHT_URB,2043,8.736274504815308
RE1,NE_RESDHT_URB,2044,8.912904207559913
RE1,NE_RESDHT_URB,2045,9.089243672361535
RE1,NE_RESDHT_URB,2046,9.266273353847495
RE1,NE_RESDHT_URB,2047,9.44297937518428
RE1,NE_RESDHT_URB,2048,9.619471208540405
RE1,NE_RESDHT_URB,2049,9.793692303846502
RE1,NE_RESDHT_URB,2050,9.94873120880674
RE1,NE_RESDHT_URB,2051,10.04259967732768
RE1,NE_RESDHT_URB,2052,10.13298337899994
RE1,NE_RESDHT_URB,2053,10.21420495533766
RE1,NE_RESDHT_URB,2054,10.29162855915527
RE1,NE_RESILU_RUR,2022,0.02533798790925805
RE1,NE_RESILU_RUR,2023,0.02322992996251333
RE1,NE_RESILU_RUR,2024,0.02532779909628788
RE1,NE_RESILU_RUR,2025,0.02484129264910012
RE1,NE_RESILU_RUR,2026,0.02526670510027262
RE1,NE_RESILU_RUR,2027,0.02573509899637081
RE1,NE_RESILU_RUR,2028,0.02624757263414096
RE1,NE_RESILU_RUR,2029,0.02680099506980369
RE1,NE_RESILU_RUR,2030,0.02739507111038246
RE1,NE_RESILU_RUR,2031,0.0280135715343348
RE1,NE_RESILU_RUR,2032,0.02863688155246663
RE1,NE_RESILU_RUR,2033,0.02925881786754765
RE1,NE_RESILU_RUR,2034,0.02988743754741711
RE1,NE_RESILU_RUR,2035,0.03051435903804139
RE1,NE_RESILU_RUR,2036,0.0311497448722528
RE1,NE_RESILU_RUR,2037,0.03178107796763243
RE1,NE_RESILU_RUR,2038,0.03241881430897973
RE1,NE_RESILU_RUR,2039,0.03305960645687674
RE1,NE_RESILU_RUR,2040,0.03370602464237877
RE1,NE_RESILU_RUR,2041,0.03435538117224543
RE1,NE_RESILU_RUR,2042,0.03500820826827071
RE1,NE_RESILU_RUR,2043,0.03566407980006368
RE1,NE_RESILU_RUR,2044,0.03632214269238883
RE1,NE_RESILU_RUR,2045,0.03698355446614405
RE1,NE_RESILU_RUR,2046,0.03764863825857598
RE1,NE_RESILU_RUR,2047,0.03831271143351486
RE1,NE_RESILU_RUR,2048,0.03897832664450803
RE1,NE_RESILU_RUR,2049,0.039635432842631
RE1,NE_RESILU_RUR,2050,0.04027800954057784
RE1,NE_RESILU_RUR,2051,0.04093080513821595
RE1,NE_RESILU_RUR,2052,0.04157706082516412
RE1,NE_RESILU_RUR,2053,0.04212458690729898
RE1,NE_RESILU_RUR,2054,0.0426628229039657
RE1,NE_RESILU_URB,2022,0.113253859161334
RE1,NE_RESILU_URB,2023,0.1247216701645393
RE1,NE_RESILU_URB,2024,0.1316762938824294
RE1,NE_RESILU_URB,2025,0.1332276689901706
RE1,NE_RESILU_URB,2026,0.1365821851388226
RE1,NE_RESILU_URB,2027,0.1398995957979746
RE1,NE_RESILU_URB,2028,0.1431652943225572
RE1,NE_RESILU_URB,2029,0.1463542755028616
RE1,NE_RESILU_URB,2030,0.1494398147922619
RE1,NE_RESILU_URB,2031,0.1523462352261281
RE1,NE_RESILU_URB,2032,0.1551745897338584
RE1,NE_RESILU_URB,2033,0.1579276724533603
RE1,NE_RESILU_URB,2034,0.1606119469032969
RE1,NE_RESILU_URB,2035,0.1632308366103963
RE1,NE_RESILU_URB,2036,0.1657910626590281
RE1,NE_RESILU_URB,2037,0.1682959439278506
RE1,NE_RESILU_URB,2038,0.1707559864891967
RE1,NE_RESILU_URB,2039,0.1731663277589135
RE1,NE_RESILU_URB,2040,0.1755376883435938
RE1,NE_RESILU_URB,2041,0.1778658383494149
RE1,NE_RESILU_URB,2042,0.1801527003876654
RE1,NE_RESILU_URB,2043,0.182399504353854
RE1,NE_RESILU_URB,2044,0.1846045869026951
RE1,NE_RESILU_URB,2045,0.1867716816958372
RE1,NE_RESILU_URB,2046,0.1889063678008542
RE1,NE_RESILU_URB,2047,0.1910038781749317
RE1,NE_RESILU_URB,2048,0.193067866159691
RE1,NE_RESILU_URB,2049,0.1950578801727358
RE1,NE_RESILU_URB,2050,0.1988053785314345
RE1,NE_RESILU_URB,2051,0.2005775345577801
RE1,NE_RESILU_URB,2052,0.2022779717191049
RE1,NE_RESILU_URB,2053,0.2039044294663026
RE1,NE_RESILU_URB,2054,0.2054548117515039
RE1,NE_RESOTH_RUR,2022,0.1328877217650331
RE1,NE_RESOTH_RUR,2023,0.1209227124246579
RE1,NE_RESOTH_RUR,2024,0.1314873439285862
RE1,NE_RESOTH_RUR,2025,0.1289551558222332
RE1,NE_RESOTH_RUR,2026,0.131044162759725
RE1,NE_RESOTH_RUR,2027,0.1333484678741493
RE1,NE_RESOTH_RUR,2028,0.135874523526101
RE1,NE_RESOTH_RUR,2029,0.1386110453152704
RE1,NE_RESOTH_RUR,2030,0.1415537349070773
RE1,NE_RESOTH_RUR,2031,0.1446166812663961
RE1,NE_RESOTH_RUR,2032,0.1476985263031655
RE1,NE_RESOTH_RUR,2033,0.1507745996813254
RE1,NE_RESOTH_RUR,2034,0.1538758842571374
RE1,NE_RESOTH_RUR,2035,0.156969989888412
RE1,NE_RESOTH_RUR,2036,0.1600838966806203
RE1,NE_RESOTH_RUR,2037,0.1631995558046986
RE1,NE_RESOTH_RUR,2038,0.1663440243627218
RE1,NE_RESOTH_RUR,2039,0.1695035073122731
RE1,NE_RESOTH_RUR,2040,0.172687272016597
RE1,NE_RESOTH_RUR,2041,0.1758880380092783
RE1,NE_RESOTH_RUR,2042,0.1791050012710231
RE1,NE_RESOTH_RUR,2043,0.1823374872407524
RE1,NE_RESOTH_RUR,2044,0.1855833949114018
RE1,NE_RESOTH_RUR,2045,0.1888462549096183
RE1,NE_RESOTH_RUR,2046,0.1921237867620924
RE1,NE_RESOTH_RUR,2047,0.1953982993889538
RE1,NE_RESOTH_RUR,2048,0.1986784996774218
RE1,NE_RESOTH_RUR,2049,0.2019167815726285
RE1,NE_RESOTH_RUR,2050,0.2050736435538843
RE1,NE_RESOTH_RUR,2051,0.2082845605600543
RE1,NE_RESOTH_RUR,2052,0.2114611851148542
RE1,NE_RESOTH_RUR,2053,0.2141349839868782
RE1,NE_RESOTH_RUR,2054,0.2167611931302627
RE1,NE_RESOTH_URB,2022,0.5711705526872191
RE1,NE_RESOTH_URB,2023,0.6300396436842206
RE1,NE_RESOTH_URB,2024,0.6656522768884563
RE1,NE_RESOTH_URB,2025,0.6734059660604049
RE1,NE_RESOTH_URB,2026,0.6903453734648701
RE1,NE_RESOTH_URB,2027,0.7072054445950545
RE1,NE_RESOTH_URB,2028,0.7236773121106485
RE1,NE_RESOTH_URB,2029,0.7398754682898654
RE1,NE_RESOTH_URB,2030,0.7555446442649734
RE1,NE_RESOTH_URB,2031,0.7701751648199274
RE1,NE_RESOTH_URB,2032,0.784539458157644
RE1,NE_RESOTH_URB,2033,0.7983891133770803
RE1,NE_RESOTH_URB,2034,0.8120249655639779
RE1,NE_RESOTH_URB,2035,0.8253310565721195
RE1,NE_RESOTH_URB,2036,0.8381957556493004
RE1,NE_RESOTH_URB,2037,0.8509253644482602
RE1,NE_RESOTH_URB,2038,0.8632823121082389
RE1,NE_RESOTH_URB,2039,0.8755340653385486
RE1,NE_RESOTH_URB,2040,0.8875895798886873
RE1,NE_RESOTH_URB,2041,0.8992742201994344
RE1,NE_RESOTH_URB,2042,0.910902409403201
RE1,NE_RESOTH_URB,2043,0.9221716287479592
RE1,NE_RESOTH_URB,2044,0.9333866847241284
RE1,NE_RESOTH_URB,2045,0.9444103919340818
RE1,NE_RESOTH_URB,2046,0.9551082729739898
RE1,NE_RESOTH_URB,2047,0.9657801859648641
RE1,NE_RESOTH_URB,2048,0.9761171078704891
RE1,NE_RESOTH_URB,2049,0.9862456211488867
RE1,NE_RESOTH_URB,2050,1.005193348823181
RE1,NE_RESOTH_URB,2051,1.014152813608728
RE1,NE_RESOTH_URB,2052,1.022749155938536
RE1,NE_RESOTH_URB,2053,1.030970943440152
RE1,NE_RESOTH_URB,2054,1.038807576577847
RE1,NE_RESREF_RUR,2022,0.04807072212696025
RE1,NE_RESREF_RUR,2023,0.0424206035870769
RE1,NE_RESREF_RUR,2024,0.04672585465447462
RE1,NE_RESREF_RUR,2025,0.04624819285733581
RE1,NE_RESREF_RUR,2026,0.04734707552763719
RE1,NE_RESREF_RUR,2027,0.04853087750678237
RE1,NE_RESREF_RUR,2028,0.04980210565562184
RE1,NE_RESREF_RUR,2029,0.05116244833611162
RE1,NE_RESREF_RUR,2030,0.05260963541819316
RE1,NE_RESREF_RUR,2031,0.05363740489054524
RE1,NE_RESREF_RUR,2032,0.05467326411784908
RE1,NE_RESREF_RUR,2033,0.05571255449803221
RE1,NE_RESREF_RUR,2034,0.05675837671022564
RE1,NE_RESREF_RUR,2035,0.05780712576432211
RE1,NE_RESREF_RUR,2036,0.05886774757608339
RE1,NE_RESREF_RUR,2037,0.05992861590602717
RE1,NE_RESREF_RUR,2038,0.06099888976732615
RE1,NE_RESREF_RUR,2039,0.06207544650010235
RE1,NE_RESREF_RUR,2040,0.06315859431844384
RE1,NE_RESREF_RUR,2041,0.06425073102163881
RE1,NE_RESREF_RUR,2042,0.06535029809243931
RE1,NE_RESREF_RUR,2043,0.06645565361813016
RE1,NE_RESREF_RUR,2044,0.067567765147295
RE1,NE_RESREF_RUR,2045,0.06868665687092664
RE1,NE_RESREF_RUR,2046,0.0698084470129066
RE1,NE_RESREF_RUR,2047,0.07093244388647921
RE1,NE_RESREF_RUR,2048,0.07205586227317576
RE1,NE_RESREF_RUR,2049,0.07316725681106534
RE1,NE_RESREF_RUR,2050,0.07425233614843983
RE1,NE_RESREF_RUR,2051,0.07524197353518096
RE1,NE_RESREF_RUR,2052,0.07621750513210182
RE1,NE_RESREF_RUR,2053,0.0771780584737033
RE1,NE_RESREF_RUR,2054,0.07812276557952784
RE1,NE_RESREF_URB,2022,0.730305235580796
RE1,NE_RESREF_URB,2023,0.8040165710309493
RE1,NE_RESREF_URB,2024,0.8628371825033907
RE1,NE_RESREF_URB,2025,0.8827628674068732
RE1,NE_RESREF_URB,2026,0.9144854961747104
RE1,NE_RESREF_URB,2027,0.9464085023320755
RE1,NE_RESREF_URB,2028,0.9784257166849168
RE1,NE_RESREF_URB,2029,1.010349851963301
RE1,NE_RESREF_URB,2030,1.041979074690141
RE1,NE_RESREF_URB,2031,1.063260178233126
RE1,NE_RESREF_URB,2032,1.084032903377819
RE1,NE_RESREF_URB,2033,1.104313503226463
RE1,NE_RESREF_URB,2034,1.12414710205202
RE1,NE_RESREF_URB,2035,1.143556214385073
RE1,NE_RESREF_URB,2036,1.162606060619581
RE1,NE_RESREF_URB,2037,1.181280311447866
RE1,NE_RESREF_URB,2038,1.199671043073945
RE1,NE_RESREF_URB,2039,1.217742416453638
RE1,NE_RESREF_URB,2040,1.235568466822842
RE1,NE_RESREF_URB,2041,1.253119884884148
RE1,NE_RESREF_URB,2042,1.270408526730394
RE1,NE_RESREF_URB,2043,1.287440915357041
RE1,NE_RESREF_URB,2044,1.304205240540437
RE1,NE_RESREF_URB,2045,1.320727619583886
RE1,NE_RESREF_URB,2046,1.337045507841012
RE1,NE_RESREF_URB,2047,1.353124201546274
RE1,NE_RESREF_URB,2048,1.36898691765484
RE1,NE_RESREF_URB,2049,1.384348559309655
RE1,NE_RESREF_URB,2050,1.398936635604017
RE1,NE_RESREF_URB,2051,1.411364518715915
RE1,NE_RESREF_URB,2052,1.423283643595729
RE1,NE_RESREF_URB,2053,1.434678041045734
RE1,NE_RESREF_URB,2054,1.445532907443433
RE1,NE_RESTV_RUR,2022,0.0575437802528172
RE1,NE_RESTV_RUR,2023,0.0507861678270236
RE1,NE_RESTV_RUR,2024,0.05458492424434868
RE1,NE_RESTV_RUR,2025,0.05413839605102851
RE1,NE_RESTV_RUR,2026,0.0551639460012404
RE1,NE_RESTV_RUR,2027,0.05627505238653979
RE1,NE_RESTV_RUR,2028,0.05747450957951765
RE1,NE_RESTV_RUR,2029,0.05876394042788398
RE1,NE_RESTV_RUR,2030,0.06013995461007703
RE1,NE_RESTV_RUR,2031,0.06139807897908128
RE1,NE_RESTV_RUR,2032,0.06266359295376453
RE1,NE_RESTV_RUR,2033,0.06393143542683881
RE1,NE_RESTV_RUR,2034,0.06520548546200558
RE1,NE_RESTV_RUR,2035,0.06648172029963598
RE1,NE_RESTV_RUR,2036,0.0677696454142239
RE1,NE_RESTV_RUR,2037,0.06905823162031857
RE1,NE_RESTV_RUR,2038,0.0703571396809557
RE1,NE_RESTV_RUR,2039,0.07166284669866174
RE1,NE_RESTV_RUR,2040,0.07297583463398034
RE1,NE_RESTV_RUR,2041,0.07429896611526586
RE1,NE_RESTV_RUR,2042,0.07563047454662024
RE1,NE_RESTV_RUR,2043,0.0769686071563654
RE1,NE_RESTV_RUR,2044,0.07831460221594339
RE1,NE_RESTV_RUR,2045,0.07966850297983481
RE1,NE_RESTV_RUR,2046,0.08102577323612924
RE1,NE_RESTV_RUR,2047,0.08238564839802012
RE1,NE_RESTV_RUR,2048,0.08374504989560237
RE1,NE_RESTV_RUR,2049,0.08509049950769794
RE1,NE_RESTV_RUR,2050,0.08640455757764
RE1,NE_RESTV_RUR,2051,0.08774189426506712
RE1,NE_RESTV_RUR,2052,0.08906625848285826
RE1,NE_RESTV_RUR,2053,0.09018029162663023
RE1,NE_RESTV_RUR,2054,0.09127571117642769
RE1,NE_RESTV_URB,2022,0.2059226110983099
RE1,NE_RESTV_URB,2023,0.2219573591401973
RE1,NE_RESTV_URB,2024,0.2352204446733454
RE1,NE_RESTV_URB,2025,0.2381905170592717
RE1,NE_RESTV_URB,2026,0.2441950991520981
RE1,NE_RESTV_URB,2027,0.2501327235094756
RE1,NE_RESTV_URB,2028,0.2559775335181635
RE1,NE_RESTV_URB,2029,0.2616849433107441
RE1,NE_RESTV_URB,2030,0.2672070022662815
RE1,NE_RESTV_URB,2031,0.2724087911106713
RE1,NE_RESTV_URB,2032,0.2774709966677185
RE1,NE_RESTV_URB,2033,0.2823985378394095
RE1,NE_RESTV_URB,2034,0.2872028833104647
RE1,NE_RESTV_URB,2035,0.2918902111959863
RE1,NE_RESTV_URB,2036,0.2964718088469274
RE1,NE_RESTV_URB,2037,0.3009552280232513
RE1,NE_RESTV_URB,2038,0.3053585005331025
RE1,NE_RESTV_URB,2039,0.3096728512155739
RE1,NE_RESTV_URB,2040,0.3139172626057033
RE1,NE_RESTV_URB,2041,0.3180842961269963
RE1,NE_RESTV_URB,2042,0.3221773132193245
RE1,NE_RESTV_URB,2043,0.3261984684386285
RE1,NE_RESTV_URB,2044,0.3301448557690606
RE1,NE_RESTV_URB,2045,0.3340230462151185
RE1,NE_RESTV_URB,2046,0.3378430871478962
RE1,NE_RESTV_URB,2047,0.3415961531411668
RE1,NE_RESTV_URB,2048,0.3452889752204902
RE1,NE_RESTV_URB,2049,0.3488487536571852
RE1,NE_RESTV_URB,2050,0.3555506130200347
RE1,NE_RESTV_URB,2051,0.3587192733391335
RE1,NE_RESTV_URB,2052,0.3617589751049437
RE1,NE_RESTV_URB,2053,0.3646656602857448
RE1,NE_RESTV_URB,2054,0.3674355665952062
RE1,NE_RESWHT_RUR,2022,0.04682436362742929
RE1,NE_RESWHT_RUR,2023,0.03690693676733175
RE1,NE_RESWHT_RUR,2024,0.0386310639096176
RE1,NE_RESWHT_RUR,2025,0.03734442453411399
RE1,NE_RESWHT_RUR,2026,0.03786144442562901
RE1,NE_RESWHT_RUR,2027,0.03843612504202958
RE1,NE_RESWHT_RUR,2028,0.03906842299308289
RE1,NE_RESWHT_RUR,2029,0.03975817874281681
RE1,NE_RESWHT_RUR,2030,0.04050206252108814
RE1,NE_RESWHT_RUR,2031,0.04127838230675122
RE1,NE_RESWHT_RUR,2032,0.04206034892282598
RE1,NE_RESWHT_RUR,2033,0.04284398227869449
RE1,NE_RESWHT_RUR,2034,0.04363073277999708
RE1,NE_RESWHT_RUR,2035,0.04441793795387479
RE1,NE_RESWHT_RUR,2036,0.04521462165544351
RE1,NE_RESWHT_RUR,2037,0.04600731409706179
RE1,NE_RESWHT_RUR,2038,0.04680481330215241
RE1,NE_RESWHT_RUR,2039,0.0476050240009358
RE1,NE_RESWHT_RUR,2040,0.04840781621938849
RE1,NE_RESWHT_RUR,2041,0.04921563106650331
RE1,NE_RESWHT_RUR,2042,0.05002696749159575
RE1,NE_RESWHT_RUR,2043,0.05084054875987013
RE1,NE_RESWHT_RUR,2044,0.05165740684541104
RE1,NE_RESWHT_RUR,2045,0.05247704186575694
RE1,NE_RESWHT_RUR,2046,0.05329705863777225
RE1,NE_RESWHT_RUR,2047,0.05411718357424605
RE1,NE_RESWHT_RUR,2048,0.05493488742419148
RE1,NE_RESWHT_RUR,2049,0.0557416219013846
RE1,NE_RESWHT_RUR,2050,0.05652676673411754
RE1,NE_RESWHT_RUR,2051,0.0573250163161566
RE1,NE_RESWHT_RUR,2052,0.05811297615797614
RE1,NE_RESWHT_RUR,2053,0.05888992415156599
RE1,NE_RESWHT_RUR,2054,0.05965513999718342
RE1,NE_RESWHT_URB,2022,0.5960164555644162
RE1,NE_RESWHT_URB,2023,0.6506817630895274
RE1,NE_RESWHT_URB,2024,0.7063522555741059
RE1,NE_RESWHT_URB,2025,0.7243248745705811
RE1,NE_RESWHT_URB,2026,0.7407802814781854
RE1,NE_RESWHT_URB,2027,0.7571524571070596
RE1,NE_RESWHT_URB,2028,0.7733999033739452
RE1,NE_RESWHT_URB,2029,0.7893970465291171
RE1,NE_RESWHT_URB,2030,0.8050155751562268
RE1,NE_RESWHT_URB,2031,0.8197794637945243
RE1,NE_RESWHT_URB,2032,0.8341504487547607
RE1,NE_RESWHT_URB,2033,0.8481208268018535
RE1,NE_RESWHT_URB,2034,0.8617267849729019
RE1,NE_RESWHT_URB,2035,0.8749949844494149
RE1,NE_RESWHT_URB,2036,0.8879533725897274
RE1,NE_RESWHT_URB,2037,0.9006276727459497
RE1,NE_RESWHT_URB,2038,0.9130695659925422
RE1,NE_RESWHT_URB,2039,0.9252446844709781
RE1,NE_RESWHT_URB,2040,0.9372147242946639
RE1,NE_RESWHT_URB,2041,0.948953307900974
RE1,NE_RESWHT_URB,2042,0.9604711696956559
RE1,NE_RESWHT_URB,2043,0.971772594231863
RE1,NE_RESWHT_URB,2044,0.9828432983424952
RE1,NE_RESWHT_URB,2045,0.9937101207664306
RE1,NE_RESWHT_URB,2046,1.004399156442646
RE1,NE_RESWHT_URB,2047,1.014881550367436
RE1,NE_RESWHT_URB,2048,1.025179582074074
RE1,NE_RESWHT_URB,2049,1.035058749238601
RE1,NE_RESWHT_URB,2050,1.044298606646431
RE1,NE_RESWHT_URB,2051,1.053519276344195
RE1,NE_RESWHT_URB,2052,1.062353636782263
RE1,NE_RESWHT_URB,2053,1.07078966314786
RE1,NE_RESWHT_URB,2054,1.078816224456381
RE1,NE_RESWSH_RUR,2022,0.02647293194352302
RE1,NE_RESWSH_RUR,2023,0.02242541190739684
RE1,NE_RESWSH_RUR,2024,0.02802135138882841
RE1,NE_RESWSH_RUR,2025,0.02783821250788848
RE1,NE_RESWSH_RUR,2026,0.02858995859254642
RE1,NE_RESWSH_RUR,2027,0.02939511134115474
RE1,NE_RESWSH_RUR,2028,0.0302554739575295
RE1,NE_RESWSH_RUR,2029,0.03117247101975653
RE1,NE_RESWSH_RUR,2030,0.03214507796451492
RE1,NE_RESWSH_RUR,2031,0.03304813601466102
RE1,NE_RESWSH_RUR,2032,0.03396598637484951
RE1,NE_RESWSH_RUR,2033,0.0348957027974002
RE1,NE_RESWSH_RUR,2034,0.03583915838086773
RE1,NE_RESWSH_RUR,2035,0.03679415919489563
RE1,NE_RESWSH_RUR,2036,0.03776745841867051
RE1,NE_RESWSH_RUR,2037,0.03874921471974851
RE1,NE_RESWSH_RUR,2038,0.03974658022265716
RE1,NE_RESWSH_RUR,2039,0.04075751010530061
RE1,NE_RESWSH_RUR,2040,0.04178222998512657
RE1,NE_RESWSH_RUR,2041,0.04282238504936711
RE1,NE_RESWSH_RUR,2042,0.04387708107001702
RE1,NE_RESWSH_RUR,2043,0.0449451400580762
RE1,NE_RESWSH_RUR,2044,0.04602729687903549
RE1,NE_RESWSH_RUR,2045,0.04712362997664422
RE1,NE_RESWSH_RUR,2046,0.04823152902298927
RE1,NE_RESWSH_RUR,2047,0.0493506532976319
RE1,NE_RESWSH_RUR,2048,0.05047895363085527
RE1,NE_RESWSH_RUR,2049,0.05160864489434887
RE1,NE_RESWSH_RUR,2050,0.05272982073200363
RE1,NE_RESWSH_RUR,2051,0.05342892231761449
RE1,NE_RESWSH_RUR,2052,0.05411805556294483
RE1,NE_RESWSH_RUR,2053,0.05479660800096382
RE1,NE_RESWSH_RUR,2054,0.05546397024284889
RE1,NE_RESWSH_URB,2022,0.1660959765979505
RE1,NE_RESWSH_URB,2023,0.183065992830291
RE1,NE_RESWSH_URB,2024,0.2043216526615989
RE1,NE_RESWSH_URB,2025,0.2100714082438011
RE1,NE_RESWSH_URB,2026,0.2182730408057081
RE1,NE_RESWSH_URB,2027,0.2265580717952859
RE1,NE_RESWSH_URB,2028,0.2349015393762184
RE1,NE_RESWSH_URB,2029,0.2432582720871869
RE1,NE_RESWSH_URB,2030,0.25157904715708
RE1,NE_RESWSH_URB,2031,0.2588718404038649
RE1,NE_RESWSH_URB,2032,0.2661206749100198
RE1,NE_RESWSH_URB,2033,0.2733255513379694
RE1,NE_RESWSH_URB,2034,0.2804942756506461
RE1,NE_RESWSH_URB,2035,0.2876297416441057
RE1,NE_RESWSH_URB,2036,0.2947436029442225
RE1,NE_RESWSH_URB,2037,0.3018328611784751
RE1,NE_RESWSH_URB,2038,0.3089169336059995
RE1,NE_RESWSH_URB,2039,0.3159843067607268
RE1,NE_RESWSH_URB,2040,0.3230520986557502
RE1,NE_RESWSH_URB,2041,0.3301107884192136
RE1,NE_RESWSH_URB,2042,0.3371614901865753
RE1,NE_RESWSH_URB,2043,0.3442042875055535
RE1,NE_RESWSH_URB,2044,0.3512338641360669
RE1,NE_RESWSH_URB,2045,0.3582556429498778
RE1,NE_RESWSH_URB,2046,0.3652782980905211
RE1,NE_RESWSH_URB,2047,0.372290433875771
RE1,NE_RESWSH_URB,2048,0.3792972443549473
RE1,NE_RESWSH_URB,2049,0.3862167077757993
RE1,NE_RESWSH_URB,2050,0.3929687988366671
RE1,NE_RESWSH_URB,2051,0.3964648675197751
RE1,NE_RESWSH_URB,2052,0.3998177434977252
RE1,NE_RESWSH_URB,2053,0.4030229252989301
RE1,NE_RESWSH_URB,2054,0.4060762397531237
RE1,NE_TERCLIM_CEN,2022,1.848
RE1,NE_TERCLIM_CEN,2023,1.911
RE1,NE_TERCLIM_CEN,2024,1.976
RE1,NE_TERCLIM_CEN,2025,2.046
RE1,NE_TERCLIM_CEN,2026,2.128
RE1,NE_TERCLIM_CEN,2027,2.204
RE1,NE_TERCLIM_CEN,2028,2.278
RE1,NE_TERCLIM_CEN,2029,2.356
RE1,NE_TERCLIM_CEN,2030,2.435
RE1,NE_TERCLIM_CEN,2031,2.49
RE1,NE_TERCLIM_CEN,2032,2.54
RE1,NE_TERCLIM_CEN,2033,2.587
RE1,NE_TERCLIM_CEN,2034,2.628
RE1,NE_TERCLIM_CEN,2035,2.664
RE1,NE_TERCLIM_CEN,2036,2.696
RE1,NE_TERCLIM_CEN,2037,2.726
RE1,NE_TERCLIM_CEN,2038,2.756
RE1,NE_TERCLIM_CEN,2039,2.789
RE1,NE_TERCLIM_CEN,2040,2.827
RE1,NE_TERCLIM_CEN,2041,2.872
RE1,NE_TERCLIM_CEN,2042,2.924
RE1,NE_TERCLIM_CEN,2043,2.984
RE1,NE_TERCLIM_CEN,2044,3.052
RE1,NE_TERCLIM_CEN,2045,3.128
RE1,NE_TERCLIM_CEN,2046,3.211
RE1,NE_TERCLIM_CEN,2047,3.301
RE1,NE_TERCLIM_CEN,2048,3.398
RE1,NE_TERCLIM_CEN,2049,3.5
RE1,NE_TERCLIM_CEN,2050,3.608
RE1,NE_TERCLIM_CEN,2051,3.725
RE1,NE_TERCLIM_CEN,2052,3.846
RE1,NE_TERCLIM_CEN,2053,3.968
RE1,NE_TERCLIM_CEN,2054,4.093
RE1,NE_TERCLIM_FAN,2022,0.052
RE1,NE_TERCLIM_FAN,2023,0.054
RE1,NE_TERCLIM_FAN,2024,0.056
RE1,NE_TERCLIM_FAN,2025,0.058
RE1,NE_TERCLIM_FAN,2026,0.06
RE1,NE_TERCLIM_FAN,2027,0.062
RE1,NE_TERCLIM_FAN,2028,0.064
RE1,NE_TERCLIM_FAN,2029,0.066
RE1,NE_TERCLIM_FAN,2030,0.069
RE1,NE_TERCLIM_FAN,2031,0.07
RE1,NE_TERCLIM_FAN,2032,0.072
RE1,NE_TERCLIM_FAN,2033,0.074
RE1,NE_TERCLIM_FAN,2034,0.076
RE1,NE_TERCLIM_FAN,2035,0.078
RE1,NE_TERCLIM_FAN,2036,0.08
RE1,NE_TERCLIM_FAN,2037,0.081
RE1,NE_TERCLIM_FAN,2038,0.083
RE1,NE_TERCLIM_FAN,2039,0.085
RE1,NE_TERCLIM_FAN,2040,0.087
RE1,NE_TERCLIM_FAN,2041,0.09
RE1,NE_TERCLIM_FAN,2042,0.092
RE1,NE_TERCLIM_FAN,2043,0.094
RE1,NE_TERCLIM_FAN,2044,0.097
RE1,NE_TERCLIM_FAN,2045,0.1
RE1,NE_TERCLIM_FAN,2046,0.103
RE1,NE_TERCLIM_FAN,2047,0.106
RE1,NE_TERCLIM_FAN,2048,0.11
RE1,NE_TERCLIM_FAN,2049,0.113
RE1,NE_TERCLIM_FAN,2050,0.117
RE1,NE_TERCLIM_FAN,2051,0.121
RE1,NE_TERCLIM_FAN,2052,0.125
RE1,NE_TERCLIM_FAN,2053,0.129
RE1,NE_TERCLIM_FAN,2054,0.133
RE1,NE_TERCLIM_SPL,2022,0.203
RE1,NE_TERCLIM_SPL,2023,0.21
RE1,NE_TERCLIM_SPL,2024,0.217
RE1,NE_TERCLIM_SPL,2025,0.225
RE1,NE_TERCLIM_SPL,2026,0.234
RE1,NE_TERCLIM_SPL,2027,0.242
RE1,NE_TERCLIM_SPL,2028,0.251
RE1,NE_TERCLIM_SPL,2029,0.259
RE1,NE_TERCLIM_SPL,2030,0.268
RE1,NE_TERCLIM_SPL,2031,0.274
RE1,NE_TERCLIM_SPL,2032,0.279
RE1,NE_TERCLIM_SPL,2033,0.285
RE1,NE_TERCLIM_SPL,2034,0.289
RE1,NE_TERCLIM_SPL,2035,0.293
RE1,NE_TERCLIM_SPL,2036,0.297
RE1,NE_TERCLIM_SPL,2037,0.3
RE1,NE_TERCLIM_SPL,2038,0.303
RE1,NE_TERCLIM_SPL,2039,0.307
RE1,NE_TERCLIM_SPL,2040,0.311
RE1,NE_TERCLIM_SPL,2041,0.316
RE1,NE_TERCLIM_SPL,2042,0.322
RE1,NE_TERCLIM_SPL,2043,0.328
RE1,NE_TERCLIM_SPL,2044,0.336
RE1,NE_TERCLIM_SPL,2045,0.344
RE1,NE_TERCLIM_SPL,2046,0.353
RE1,NE_TERCLIM_SPL,2047,0.363
RE1,NE_TERCLIM_SPL,2048,0.374
RE1,NE_TERCLIM_SPL,2049,0.385
RE1,NE_TERCLIM_SPL,2050,0.397
RE1,NE_TERCLIM_SPL,2051,0.41
RE1,NE_TERCLIM_SPL,2052,0.423
RE1,NE_TERCLIM_SPL,2053,0.436
RE1,NE_TERCLIM_SPL,2054,0.45
RE1,NE_TERDHT,2022,2.046
RE1,NE_TERDHT,2023,2.224
RE1,NE_TERDHT,2024,2.287
RE1,NE_TERDHT,2025,2.38
RE1,NE_TERDHT,2026,2.463
RE1,NE_TERDHT,2027,2.544
RE1,NE_TERDHT,2028,2.625
RE1,NE_TERDHT,2029,2.708
RE1,NE_TERDHT,2030,2.79
RE1,NE_TERDHT,2031,2.865
RE1,NE_TERDHT,2032,2.939
RE1,NE_TERDHT,2033,3.013
RE1,NE_TERDHT,2034,3.085
RE1,NE_TERDHT,2035,3.155
RE1,NE_TERDHT,2036,3.225
RE1,NE_TERDHT,2037,3.294
RE1,NE_TERDHT,2038,3.366
RE1,NE_TERDHT,2039,3.441
RE1,NE_TERDHT,2040,3.521
RE1,NE_TERDHT,2041,3.607
RE1,NE_TERDHT,2042,3.7
RE1,NE_TERDHT,2043,3.799
RE1,NE_TERDHT,2044,3.906
RE1,NE_TERDHT,2045,4.02
RE1,NE_TERDHT,2046,4.14
RE1,NE_TERDHT,2047,4.268
RE1,NE_TERDHT,2048,4.401
RE1,NE_TERDHT,2049,4.541
RE1,NE_TERDHT,2050,4.687
RE1,NE_TERDHT,2051,4.841
RE1,NE_TERDHT,2052,5.0
RE1,NE_TERDHT,2053,5.159
RE1,NE_TERDHT,2054,5.323
RE1,NE_TERIHT,2022,0.158
RE1,NE_TERIHT,2023,0.159
RE1,NE_TERIHT,2024,0.16
RE1,NE_TERIHT,2025,0.161
RE1,NE_TERIHT,2026,0.162
RE1,NE_TERIHT,2027,0.163
RE1,NE_TERIHT,2028,0.164
RE1,NE_TERIHT,2029,0.166
RE1,NE_TERIHT,2030,0.167
RE1,NE_TERIHT,2031,0.172
RE1,NE_TERIHT,2032,0.178
RE1,NE_TERIHT,2033,0.184
RE1,NE_TERIHT,2034,0.19
RE1,NE_TERIHT,2035,0.196
RE1,NE_TERIHT,2036,0.202
RE1,NE_TERIHT,2037,0.209
RE1,NE_TERIHT,2038,0.215
RE1,NE_TERIHT,2039,0.222
RE1,NE_TERIHT,2040,0.23
RE1,NE_TERIHT,2041,0.237
RE1,NE_TERIHT,2042,0.245
RE1,NE_TERIHT,2043,0.253
RE1,NE_TERIHT,2044,0.261
RE1,NE_TERIHT,2045,0.27
RE1,NE_TERIHT,2046,0.279
RE1,NE_TERIHT,2047,0.288
RE1,NE_TERIHT,2048,0.297
RE1,NE_TERIHT,2049,0.307
RE1,NE_TERIHT,2050,0.317
RE1,NE_TERIHT,2051,0.328
RE1,NE_TERIHT,2052,0.339
RE1,NE_TERIHT,2053,0.349
RE1,NE_TERIHT,2054,0.361
RE1,NE_TERILU,2022,0.21
RE1,NE_TERILU,2023,0.217
RE1,NE_TERILU,2024,0.222
RE1,NE_TERILU,2025,0.231
RE1,NE_TERILU,2026,0.24
RE1,NE_TERILU,2027,0.248
RE1,NE_TERILU,2028,0.256
RE1,NE_TERILU,2029,0.265
RE1,NE_TERILU,2030,0.274
RE1,NE_TERILU,2031,0.281
RE1,NE_TERILU,2032,0.288
RE1,NE_TERILU,2033,0.295
RE1,NE_TERILU,2034,0.303
RE1,NE_TERILU,2035,0.31
RE1,NE_TERILU,2036,0.319
RE1,NE_TERILU,2037,0.327
RE1,NE_TERILU,2038,0.335
RE1,NE_TERILU,2039,0.343
RE1,NE_TERILU,2040,0.352
RE1,NE_TERILU,2041,0.361
RE1,NE_TERILU,2042,0.37
RE1,NE_TERILU,2043,0.379
RE1,NE_TERILU,2044,0.389
RE1,NE_TERILU,2045,0.398
RE1,NE_TERILU,2046,0.409
RE1,NE_TERILU,2047,0.419
RE1,NE_TERILU,2048,0.429
RE1,NE_TERILU,2049,0.44
RE1,NE_TERILU,2050,0.451
RE1,NE_TERILU,2051,0.466
RE1,NE_TERILU,2052,0.482
RE1,NE_TERILU,2053,0.497
RE1,NE_TERILU,2054,0.513
RE1,NE_TERMPW,2022,0.184
RE1,NE_TERMPW,2023,0.191
RE1,NE_TERMPW,2024,0.197
RE1,NE_TERMPW,2025,0.204
RE1,NE_TERMPW,2026,0.212
RE1,NE_TERMPW,2027,0.22
RE1,NE_TERMPW,2028,0.227
RE1,NE_TERMPW,2029,0.235
RE1,NE_TERMPW,2030,0.243
RE1,NE_TERMPW,2031,0.25
RE1,NE_TERMPW,2032,0.257
RE1,NE_TERMPW,2033,0.263
RE1,NE_TERMPW,2034,0.27
RE1,NE_TERMPW,2035,0.276
RE1,NE_TERMPW,2036,0.282
RE1,NE_TERMPW,2037,0.289
RE1,NE_TERMPW,2038,0.295
RE1,NE_TERMPW,2039,0.302
RE1,NE_TERMPW,2040,0.31
RE1,NE_TERMPW,2041,0.318
RE1,NE_TERMPW,2042,0.326
RE1,NE_TERMPW,2043,0.335
RE1,NE_TERMPW,2044,0.344
RE1,NE_TERMPW,2045,0.355
RE1,NE_TERMPW,2046,0.365
RE1,NE_TERMPW,2047,0.377
RE1,NE_TERMPW,2048,0.388
RE1,NE_TERMPW,2049,0.401
RE1,NE_TERMPW,2050,0.414
RE1,NE_TERMPW,2051,0.427
RE1,NE_TERMPW,2052,0.441
RE1,NE_TERMPW,2053,0.455
RE1,NE_TERMPW,2054,0.47
RE1,NE_TEROTH,2022,0.904
RE1,NE_TEROTH,2023,0.935
RE1,NE_TEROTH,2024,0.966
RE1,NE_TEROTH,2025,1.0
RE1,NE_TEROTH,2026,1.04
RE1,NE_TEROTH,2027,1.077
RE1,NE_TEROTH,2028,1.112
RE1,NE_TEROTH,2029,1.149
RE1,NE_TEROTH,2030,1.187
RE1,NE_TEROTH,2031,1.225
RE1,NE_TEROTH,2032,1.264
RE1,NE_TEROTH,2033,1.306
RE1,NE_TEROTH,2034,1.349
RE1,NE_TEROTH,2035,1.393
RE1,NE_TEROTH,2036,1.44
RE1,NE_TEROTH,2037,1.487
RE1,NE_TEROTH,2038,1.536
RE1,NE_TEROTH,2039,1.587
RE1,NE_TEROTH,2040,1.64
RE1,NE_TEROTH,2041,1.694
RE1,NE_TEROTH,2042,1.75
RE1,NE_TEROTH,2043,1.808
RE1,NE_TEROTH,2044,1.868
RE1,NE_TEROTH,2045,1.929
RE1,NE_TEROTH,2046,1.993
RE1,NE_TEROTH,2047,2.059
RE1,NE_TEROTH,2048,2.128
RE1,NE_TEROTH,2049,2.198
RE1,NE_TEROTH,2050,2.271
RE1,NE_TEROTH,2051,2.346
RE1,NE_TEROTH,2052,2.424
RE1,NE_TEROTH,2053,2.502
RE1,NE_TEROTH,2054,2.582
RE1,NE_TERREF_AUC,2022,0.143
RE1,NE_TERREF_AUC,2023,0.148
RE1,NE_TERREF_AUC,2024,0.153
RE1,NE_TERREF_AUC,2025,0.159
RE1,NE_TERREF_AUC,2026,0.165
RE1,NE_TERREF_AUC,2027,0.171
RE1,NE_TERREF_AUC,2028,0.177
RE1,NE_TERREF_AUC,2029,0.183
RE1,NE_TERREF_AUC,2030,0.189
RE1,NE_TERREF_AUC,2031,0.193
RE1,NE_TERREF_AUC,2032,0.197
RE1,NE_TERREF_AUC,2033,0.201
RE1,NE_TERREF_AUC,2034,0.204
RE1,NE_TERREF_AUC,2035,0.206
RE1,NE_TERREF_AUC,2036,0.209
RE1,NE_TERREF_AUC,2037,0.211
RE1,NE_TERREF_AUC,2038,0.214
RE1,NE_TERREF_AUC,2039,0.216
RE1,NE_TERREF_AUC,2040,0.219
RE1,NE_TERREF_AUC,2041,0.223
RE1,NE_TERREF_AUC,2042,0.227
RE1,NE_TERREF_AUC,2043,0.231
RE1,NE_TERREF_AUC,2044,0.237
RE1,NE_TERREF_AUC,2045,0.242
RE1,NE_TERREF_AUC,2046,0.249
RE1,NE_TERREF_AUC,2047,0.256
RE1,NE_TERREF_AUC,2048,0.263
RE1,NE_TERREF_AUC,2049,0.271
RE1,NE_TERREF_AUC,2050,0.28
RE1,NE_TERREF_AUC,2051,0.289
RE1,NE_TERREF_AUC,2052,0.298
RE1,NE_TERREF_AUC,2053,0.308
RE1,NE_TERREF_AUC,2054,0.317
RE1,NE_TERREF_CEN,2022,0.227
RE1,NE_TERREF_CEN,2023,0.235
RE1,NE_TERREF_CEN,2024,0.243
RE1,NE_TERREF_CEN,2025,0.252
RE1,NE_TERREF_CEN,2026,0.262
RE1,NE_TERREF_CEN,2027,0.271
RE1,NE_TERREF_CEN,2028,0.28
RE1,NE_TERREF_CEN,2029,0.29
RE1,NE_TERREF_CEN,2030,0.3
RE1,NE_TERREF_CEN,2031,0.306
RE1,NE_TERREF_CEN,2032,0.313
RE1,NE_TERREF_CEN,2033,0.318
RE1,NE_TERREF_CEN,2034,0.323
RE1,NE_TERREF_CEN,2035,0.328
RE1,NE_TERREF_CEN,2036,0.332
RE1,NE_TERREF_CEN,2037,0.335
RE1,NE_TERREF_CEN,2038,0.339
RE1,NE_TERREF_CEN,2039,0.343
RE1,NE_TERREF_CEN,2040,0.348
RE1,NE_TERREF_CEN,2041,0.353
RE1,NE_TERREF_CEN,2042,0.36
RE1,NE_TERREF_CEN,2043,0.367
RE1,NE_TERREF_CEN,2044,0.376
RE1,NE_TERREF_CEN,2045,0.385
RE1,NE_TERREF_CEN,2046,0.395
RE1,NE_TERREF_CEN,2047,0.406
RE1,NE_TERREF_CEN,2048,0.418
RE1,NE_TERREF_CEN,2049,0.431
RE1,NE_TERREF_CEN,2050,0.444
RE1,NE_TERREF_CEN,2051,0.458
RE1,NE_TERREF_CEN,2052,0.473
RE1,NE_TERREF_CEN,2053,0.488
RE1,NE_TERREF_CEN,2054,0.504
RE1,NE_TRAAVI,2022,9.587345503634937
RE1,NE_TRAAVI,2023,10.47977003403151
RE1,NE_TRAAVI,2024,10.80846419680726
RE1,NE_TRAAVI,2025,11.06481394609169
RE1,NE_TRAAVI,2026,11.40761627315826
RE1,NE_TRAAVI,2027,11.75041860022484
RE1,NE_TRAAVI,2028,12.05209633244367
RE1,NE_TRAAVI,2029,12.35707565673056
RE1,NE_TRAAVI,2030,12.66715866712265
RE1,NE_TRAAVI,2031,12.98234386561993
RE1,NE_TRAAVI,2032,13.30353304824097
RE1,NE_TRAAVI,2033,13.62922521895483
RE1,NE_TRAAVI,2034,13.96001957777388
RE1,NE_TRAAVI,2035,14.29621722270431
RE1,NE_TRAAVI,2036,14.63811925175232
RE1,NE_TRAAVI,2037,14.98452426889317
RE1,NE_TRAAVI,2038,15.33602997613916
RE1,NE_TRAAVI,2039,15.69264386349045
RE1,NE_TRAAVI,2040,16.05554935097144
RE1,NE_TRAAVI,2041,16.55844294133816
RE1,NE_TRAAVI,2042,16.92026986879691
RE1,NE_TRAAVI,2043,17.28211177625597
RE1,NE_TRAAVI,2044,17.64393870371472
RE1,NE_TRAAVI,2045,18.00576563117348
RE1,NE_TRAAVI,2046,18.36760753863254
RE1,NE_TRAAVI,2047,18.72943446609129
RE1,NE_TRAAVI,2048,19.09126139355005
RE1,NE_TRAAVI,2049,19.45310330100911
RE1,NE_TRAAVI,2050,19.81493022846786
RE1,NE_TRAAVI,2051,20.17675715592662
RE1,NE_TRAAVI,2052,20.53859906338567
RE1,NE_TRAAVI,2053,20.90042599084443
RE1,NE_TRAAVI,2054,21.26226789830349
RE1,NE_TRABUS,2022,1.433066850938142
RE1,NE_TRABUS,2023,1.692789832921787
RE1,NE_TRABUS,2024,2.021168578161766
RE1,NE_TRABUS,2025,2.066303618757812
RE1,NE_TRABUS,2026,2.113353933850064
RE1,NE_TRABUS,2027,2.165973211027877
RE1,NE_TRABUS,2028,2.217826707965509
RE1,NE_TRABUS,2029,2.282833884116854
RE1,NE_TRABUS,2030,2.37233108672908
RE1,NE_TRABUS,2031,2.510152205016591
RE1,NE_TRABUS,2032,2.692804369316194
RE1,NE_TRABUS,2033,2.902443713065154
RE1,NE_TRABUS,2034,3.035899813987739
RE1,NE_TRABUS,2035,3.272469391120215
RE1,NE_TRABUS,2036,3.489184442820985
RE1,NE_TRABUS,2037,3.729261487770295
RE1,NE_TRABUS,2038,3.982525594636719
RE1,NE_TRABUS,2039,4.266738179281543
RE1,NE_TRABUS,2040,4.45439681730234
RE1,NE_TRABUS,2041,4.696359780944659
RE1,NE_TRABUS,2042,4.950818493347209
RE1,NE_TRABUS,2043,5.280612589035819
RE1,NE_TRABUS,2044,5.45574769088779
RE1,NE_TRABUS,2045,5.69755022740988
RE1,NE_TRABUS,2046,5.844318644512825
RE1,NE_TRABUS,2047,6.127882838678806
RE1,NE_TRABUS,2048,6.316675104442913
RE1,NE_TRABUS,2049,6.492870983075871
RE1,NE_TRABUS,2050,6.647711840060576
RE1,NE_TRABUS,2051,6.789717139252061
RE1,NE_TRABUS,2052,6.931704425416569
RE1,NE_TRABUS,2053,6.84287119229656
RE1,NE_TRABUS,2054,6.756864090438196
RE1,NE_TRAFWD,2022,1.929871339
RE1,NE_TRAFWD,2023,1.826733701
RE1,NE_TRAFWD,2024,1.683374835
RE1,NE_TRAFWD,2025,1.776629672
RE1,NE_TRAFWD,2026,1.868993339
RE1,NE_TRAFWD,2027,1.954476598
RE1,NE_TRAFWD,2028,2.036622586
RE1,NE_TRAFWD,2029,2.122879569
RE1,NE_TRAFWD,2030,2.217977088
RE1,NE_TRAFWD,2031,2.310470668
RE1,NE_TRAFWD,2032,2.43357772
RE1,NE_TRAFWD,2033,2.575722018
RE1,NE_TRAFWD,2034,2.698935305
RE1,NE_TRAFWD,2035,2.825329549
RE1,NE_TRAFWD,2036,2.965146766
RE1,NE_TRAFWD,2037,3.110756466
RE1,NE_TRAFWD,2038,3.263583261
RE1,NE_TRAFWD,2039,3.405740517
RE1,NE_TRAFWD,2040,3.542647861
RE1,NE_TRAFWD,2041,3.689184812
RE1,NE_TRAFWD,2042,3.866590968
RE1,NE_TRAFWD,2043,4.045782745
RE1,NE_TRAFWD,2044,4.242772319
RE1,NE_TRAFWD,2045,4.429601424
RE1,NE_TRAFWD,2046,4.604958423
RE1,NE_TRAFWD,2047,4.815776332
RE1,NE_TRAFWD,2048,5.00616009
RE1,NE_TRAFWD,2049,5.206995683
RE1,NE_TRAFWD,2050,5.437584576
RE1,NE_TRAFWD,2051,5.630893659
RE1,NE_TRAFWD,2052,5.786206657
RE1,NE_TRAFWD,2053,5.953593351
RE1,NE_TRAFWD,2054,6.088205102
RE1,NE_TRAMIC,2022,0.341974257
RE1,NE_TRAMIC,2023,0.390599456
RE1,NE_TRAMIC,2024,0.393147666
RE1,NE_TRAMIC,2025,0.39284062
RE1,NE_TRAMIC,2026,0.392685042
RE1,NE_TRAMIC,2027,0.392441755
RE1,NE_TRAMIC,2028,0.392121357
RE1,NE_TRAMIC,2029,0.391739168
RE1,NE_TRAMIC,2030,0.391333213
RE1,NE_TRAMIC,2031,0.390906837
RE1,NE_TRAMIC,2032,0.390551472
RE1,NE_TRAMIC,2033,0.39029035
RE1,NE_TRAMIC,2034,0.390050823
RE1,NE_TRAMIC,2035,0.390240875
RE1,NE_TRAMIC,2036,0.390959716
RE1,NE_TRAMIC,2037,0.392763686
RE1,NE_TRAMIC,2038,0.395998656
RE1,NE_TRAMIC,2039,0.401465464
RE1,NE_TRAMIC,2040,0.409452528
RE1,NE_TRAMIC,2041,0.422131953
RE1,NE_TRAMIC,2042,0.437695431
RE1,NE_TRAMIC,2043,0.459092769
RE1,NE_TRAMIC,2044,0.481112143
RE1,NE_TRAMIC,2045,0.50631294
RE1,NE_TRAMIC,2046,0.528995258
RE1,NE_TRAMIC,2047,0.55894553
RE1,NE_TRAMIC,2048,0.583957013
RE1,NE_TRAMIC,2049,0.607540458
RE1,NE_TRAMIC,2050,0.629305095
RE1,NE_TRAMIC,2051,0.650349963
RE1,NE_TRAMIC,2052,0.671777459
RE1,NE_TRAMIC,2053,0.675522578
RE1,NE_TRAMIC,2054,0.67867167
RE1,NE_TRAMTC,2022,2.211083764
RE1,NE_TRAMTC,2023,2.106086204
RE1,NE_TRAMTC,2024,1.952657891
RE1,NE_TRAMTC,2025,2.022380873
RE1,NE_TRAMTC,2026,2.090441192
RE1,NE_TRAMTC,2027,2.159419026
RE1,NE_TRAMTC,2028,2.224516906
RE1,NE_TRAMTC,2029,2.293962241
RE1,NE_TRAMTC,2030,2.347496072
RE1,NE_TRAMTC,2031,2.410561034
RE1,NE_TRAMTC,2032,2.474088133
RE1,NE_TRAMTC,2033,2.500228329
RE1,NE_TRAMTC,2034,2.495153813
RE1,NE_TRAMTC,2035,2.464932012
RE1,NE_TRAMTC,2036,2.400657147
RE1,NE_TRAMTC,2037,2.287161073
RE1,NE_TRAMTC,2038,2.142015918
RE1,NE_TRAMTC,2039,1.977765932
RE1,NE_TRAMTC,2040,1.795913304
RE1,NE_TRAMTC,2041,1.617788674
RE1,NE_TRAMTC,2042,1.431398247
RE1,NE_TRAMTC,2043,1.401111164
RE1,NE_TRAMTC,2044,1.371630956
RE1,NE_TRAMTC,2045,1.338362136
RE1,NE_TRAMTC,2046,1.311427287
RE1,NE_TRAMTC,2047,1.284395847
RE1,NE_TRAMTC,2048,1.251404669
RE1,NE_TRAMTC,2049,1.22663301
RE1,NE_TRAMTC,2050,1.191895368
RE1,NE_TRAMTC,2051,1.143100662
RE1,NE_TRAMTC,2052,1.0984568
RE1,NE_TRAMTC,2053,1.030878145
RE1,NE_TRAMTC,2054,0.964044559
RE1,NE_TRASTT,2022,5.979108471106485
RE1,NE_TRASTT,2023,5.797041819494503
RE1,NE_TRASTT,2024,5.374508879646265
RE1,NE_TRASTT,2025,5.474027347766763
RE1,NE_TRASTT,2026,5.577272975542702
RE1,NE_TRASTT,2027,5.676398276493555
RE1,NE_TRASTT,2028,5.77470884201438
RE1,NE_TRASTT,2029,5.86976994190757
RE1,NE_TRASTT,2030,5.971411871118622
RE1,NE_TRASTT,2031,6.060415254977526
RE1,NE_TRASTT,2032,6.17686442682383
RE1,NE_TRASTT,2033,6.311960994971932
RE1,NE_TRASTT,2034,6.421950908570567
RE1,NE_TRASTT,2035,6.531084865960335
RE1,NE_TRASTT,2036,6.651334906443097
RE1,NE_TRASTT,2037,6.775312688955159
RE1,NE_TRASTT,2038,6.907870323534871
RE1,NE_TRASTT,2039,7.03280669781233
RE1,NE_TRASTT,2040,7.149737963780586
RE1,NE_TRASTT,2041,7.273358493748556
RE1,NE_TRASTT,2042,7.426625436843183
RE1,NE_TRASTT,2043,7.583795943516004
RE1,NE_TRASTT,2044,7.740190596524284
RE1,NE_TRASTT,2045,7.89439457754034
RE1,NE_TRASTT,2046,8.0211403042978
RE1,NE_TRASTT,2047,8.194551617625555
RE1,NE_TRASTT,2048,8.335702734798208
RE1,NE_TRASTT,2049,8.477471097692824
RE1,NE_TRASTT,2050,8.6437496828412
RE1,NE_TRASTT,2051,8.783741288738891
RE1,NE_TRASTT,2052,8.892981494061583
RE1,NE_TRASTT,2053,8.976617321266037
RE1,NE_TRASTT,2054,9.036602272608137
RE1,NE_TRATAX,2022,1.053531007
RE1,NE_TRATAX,2023,1.031661356
RE1,NE_TRATAX,2024,0.935459201
RE1,NE_TRATAX,2025,0.943805854
RE1,NE_TRATAX,2026,0.950783649
RE1,NE_TRATAX,2027,0.956655109
RE1,NE_TRATAX,2028,0.961370295
RE1,NE_TRATAX,2029,0.965796933
RE1,NE_TRATAX,2030,0.968547314
RE1,NE_TRATAX,2031,0.971887465
RE1,NE_TRATAX,2032,0.975394372
RE1,NE_TRATAX,2033,0.977235457
RE1,NE_TRATAX,2034,0.978472876
RE1,NE_TRATAX,2035,0.979448029
RE1,NE_TRATAX,2036,0.979956545
RE1,NE_TRATAX,2037,0.980096418
RE1,NE_TRATAX,2038,0.979642645
RE1,NE_TRATAX,2039,0.978675208
RE1,NE_TRATAX,2040,0.977443438
RE1,NE_TRATAX,2041,0.976102068
RE1,NE_TRATAX,2042,0.974535972
RE1,NE_TRATAX,2043,0.972754885
RE1,NE_TRATAX,2044,0.970807305
RE1,NE_TRATAX,2045,0.968570443
RE1,NE_TRATAX,2046,0.966457042
RE1,NE_TRATAX,2047,0.964082127
RE1,NE_TRATAX,2048,0.961578763
RE1,NE_TRATAX,2049,0.959064448
RE1,NE_TRATAX,2050,0.956452466
RE1,NE_TRATAX,2051,0.953731155
RE1,NE_TRATAX,2052,0.9509981
RE1,NE_TRATAX,2053,0.948198257
RE1,NE_TRATAX,2054,1.119415228
RE1,NE_TRATCK,2022,2.25846621
RE1,NE_TRATCK,2023,2.18505758
RE1,NE_TRATCK,2024,2.038303282
RE1,NE_TRATCK,2025,2.084000641
RE1,NE_TRATCK,2026,2.13183205
RE1,NE_TRATCK,2027,2.178230276
RE1,NE_TRATCK,2028,2.224225494
RE1,NE_TRATCK,2029,2.269510026
RE1,NE_TRATCK,2030,2.31702074
RE1,NE_TRATCK,2031,2.360675534
RE1,NE_TRATCK,2032,2.417043667
RE1,NE_TRATCK,2033,2.480150686
RE1,NE_TRATCK,2034,2.531944389
RE1,NE_TRATCK,2035,2.583943519
RE1,NE_TRATCK,2036,2.639952921
RE1,NE_TRATCK,2037,2.696856346
RE1,NE_TRATCK,2038,2.755378473
RE1,NE_TRATCK,2039,2.808238798
RE1,NE_TRATCK,2040,2.855383275
RE1,NE_TRATCK,2041,2.903733187
RE1,NE_TRATCK,2042,2.961172126
RE1,NE_TRATCK,2043,3.017080558
RE1,NE_TRATCK,2044,3.07155926
RE1,NE_TRATCK,2045,3.120403541
RE1,NE_TRATCK,2046,3.158078957
RE1,NE_TRATCK,2047,3.208993281
RE1,NE_TRATCK,2048,3.24614518
RE1,NE_TRATCK,2049,3.283590991
RE1,NE_TRATCK,2050,3.3296803
RE1,NE_TRATCK,2051,3.362214482
RE1,NE_TRATCK,2052,3.381732779
RE1,NE_TRATCK,2053,3.39438922
RE1,NE_TRATCK,2054,3.396473905
RE1,OR_AGFELC,2022,0.5852293
RE1,OR_AGFELC,2023,0.6154067
RE1,OR_AGFELC,2024,0.6254481
RE1,OR_AGFELC,2025,0.648594
RE1,OR_AGFELC,2026,0.6663893
RE1,OR_AGFELC,2027,0.685507
RE1,OR_AGFELC,2028,0.7054326
RE1,OR_AGFELC,2029,0.7260061
RE1,OR_AGFELC,2030,0.7470872
RE1,OR_AGFELC,2031,0.7686808
RE1,OR_AGFELC,2032,0.7909737
RE1,OR_AGFELC,2033,0.8140002
RE1,OR_AGFELC,2034,0.8376949
RE1,OR_AGFELC,2035,0.8633907
RE1,OR_AGFELC,2036,0.8898584
RE1,OR_AGFELC,2037,0.918194
RE1,OR_AGFELC,2038,0.9473872
RE1,OR_AGFELC,2039,0.9774648
RE1,OR_AGFELC,2040,1.0084536
RE1,OR_AGFELC,2041,1.0403814
RE1,OR_AGFELC,2042,1.0765171
RE1,OR_AGFELC,2043,1.113769
RE1,OR_AGFELC,2044,1.1521708
RE1,OR_AGFELC,2045,1.1917573
RE1,OR_AGFELC,2046,1.2325644
RE1,OR_AGFELC,2047,1.2746298
RE1,OR_AGFELC,2048,1.3202106
RE1,OR_AGFELC,2049,1.3705646
RE1,OR_AGFELC,2050,1.4225309
RE1,OR_AGFELC,2051,1.4761575
RE1,OR_AGFELC,2052,1.531494
RE1,OR_AGFELC,2053,1.5885901
RE1,OR_AGFELC,2054,1.6479691
RE1,OR_AGFHEA,2022,7.4221758
RE1,OR_AGFHEA,2023,7.6297726
RE1,OR_AGFHEA,2024,8.1864247
RE1,OR_AGFHEA,2025,8.4893789
RE1,OR_AGFHEA,2026,8.7222994
RE1,OR_AGFHEA,2027,8.9725285
RE1,OR_AGFHEA,2028,9.2333323
RE1,OR_AGFHEA,2029,9.5026171
RE1,OR_AGFHEA,2030,9.7785458
RE1,OR_AGFHEA,2031,10.0611823
RE1,OR_AGFHEA,2032,10.3529718
RE1,OR_AGFHEA,2033,10.6543629
RE1,OR_AGFHEA,2034,10.9645002
RE1,OR_AGFHEA,2035,11.3008296
RE1,OR_AGFHEA,2036,11.6472632
RE1,OR_AGFHEA,2037,12.0181439
RE1,OR_AGFHEA,2038,12.4002507
RE1,OR_AGFHEA,2039,12.7939335
RE1,OR_AGFHEA,2040,13.1995422
RE1,OR_AGFHEA,2041,13.6174421
RE1,OR_AGFHEA,2042,14.0904187
RE1,OR_AGFHEA,2043,14.578005
RE1,OR_AGFHEA,2044,15.0806423
RE1,OR_AGFHEA,2045,15.5987858
RE1,OR_AGFHEA,2046,16.1329052
RE1,OR_AGFHEA,2047,16.6834949
RE1,OR_AGFHEA,2048,17.2800978
RE1,OR_AGFHEA,2049,17.9391753
RE1,OR_AGFHEA,2050,18.6193562
RE1,OR_AGFHEA,2051,19.32127
RE1,OR_AGFHEA,2052,20.0455628
RE1,OR_AGFHEA,2053,20.7928877
RE1,OR_AGFHEA,2054,21.5700942
RE1,OR_INDCLIM,2022,0.1294725655736623
RE1,OR_INDCLIM,2023,0.1219654570185138
RE1,OR_INDCLIM,2024,0.1183909097054474
RE1,OR_INDCLIM,2025,0.1203210600580553
RE1,OR_INDCLIM,2026,0.1223318269232559
RE1,OR_INDCLIM,2027,0.1238473156396296
RE1,OR_INDCLIM,2028,0.1262386915254455
RE1,OR_INDCLIM,2029,0.1289641768871591
RE1,OR_INDCLIM,2030,0.1307364447341374
RE1,OR_INDCLIM,2031,0.1326335399622933
RE1,OR_INDCLIM,2032,0.1344641501292422
RE1,OR_INDCLIM,2033,0.1359840196596855
RE1,OR_INDCLIM,2034,0.1398363148595568
RE1,OR_INDCLIM,2035,0.1448253693074852
RE1,OR_INDCLIM,2036,0.1500593975654034
RE1,OR_INDCLIM,2037,0.1555982468963819
RE1,OR_INDCLIM,2038,0.1613827297638588
RE1,OR_INDCLIM,2039,0.1673931223094529
RE1,OR_INDCLIM,2040,0.173626891102263
RE1,OR_INDCLIM,2041,0.180099628214975
RE1,OR_INDCLIM,2042,0.1869517238545662
RE1,OR_INDCLIM,2043,0.1940573632790439
RE1,OR_INDCLIM,2044,0.201474713597535
RE1,OR_INDCLIM,2045,0.2091993114628087
RE1,OR_INDCLIM,2046,0.217249935509514
RE1,OR_INDCLIM,2047,0.2256757442547868
RE1,OR_INDCLIM,2048,0.2344345755043224
RE1,OR_INDCLIM,2049,0.2435397864228188
RE1,OR_INDCLIM,2050,0.2529896094493807
RE1,OR_INDCLIM,2051,0.262815712252374
RE1,OR_INDCLIM,2052,0.2730355263715871
RE1,OR_INDCLIM,2053,0.2836646311680954
RE1,OR_INDCLIM,2054,0.2946746681686503
RE1,OR_INDDHT,2022,8.734969780816845
RE1,OR_INDDHT,2023,9.045837561607428
RE1,OR_INDDHT,2024,8.772078731031936
RE1,OR_INDDHT,2025,8.819637149350845
RE1,OR_INDDHT,2026,8.97291932981697
RE1,OR_INDDHT,2027,9.08885979142467
RE1,OR_INDDHT,2028,9.26438450879765
RE1,OR_INDDHT,2029,9.458731369656645
RE1,OR_INDDHT,2030,9.588052996546855
RE1,OR_INDDHT,2031,9.749708364827443
RE1,OR_INDDHT,2032,9.890618986859993
RE1,OR_INDDHT,2033,10.01233741321555
RE1,OR_INDDHT,2034,10.3004559333678
RE1,OR_INDDHT,2035,10.66508173187374
RE1,OR_INDDHT,2036,11.04795238215008
RE1,OR_INDDHT,2037,11.45160528645608
RE1,OR_INDDHT,2038,11.87243275083002
RE1,OR_INDDHT,2039,12.30960460445875
RE1,OR_INDDHT,2040,12.76347204499702
RE1,OR_INDDHT,2041,13.23509352217056
RE1,OR_INDDHT,2042,13.73265471166921
RE1,OR_INDDHT,2043,14.24821567050287
RE1,OR_INDDHT,2044,14.78499673540015
RE1,OR_INDDHT,2045,15.34385935920057
RE1,OR_INDDHT,2046,15.92559344379373
RE1,OR_INDDHT,2047,16.53368672306073
RE1,OR_INDDHT,2048,17.16530956334198
RE1,OR_INDDHT,2049,17.82150221310919
RE1,OR_INDDHT,2050,18.50178138463427
RE1,OR_INDDHT,2051,19.20818925313237
RE1,OR_INDDHT,2052,19.94180693164279
RE1,OR_INDDHT,2053,20.73524013469265
RE1,OR_INDDHT,2054,21.55722441457166
RE1,OR_INDIHT,2022,16.09202972825355
RE1,OR_INDIHT,2023,16.57531632241362
RE1,OR_INDIHT,2024,16.21199616327465
RE1,OR_INDIHT,2025,16.45277458060672
RE1,OR_INDIHT,2026,16.75208999662605
RE1,OR_INDIHT,2027,16.98279306085989
RE1,OR_INDIHT,2028,17.32338446320961
RE1,OR_INDIHT,2029,17.69785721432343
RE1,OR_INDIHT,2030,17.95435887384864
RE1,OR_INDIHT,2031,18.28898216768204
RE1,OR_INDIHT,2032,18.56825907968279
RE1,OR_INDIHT,2033,18.810380928893
RE1,OR_INDIHT,2034,19.36479117318357
RE1,OR_INDIHT,2035,20.06431144666182
RE1,OR_INDIHT,2036,20.79948983057559
RE1,OR_INDIHT,2037,21.57436450647258
RE1,OR_INDIHT,2038,22.38254744598523
RE1,OR_INDIHT,2039,23.2228243215185
RE1,OR_INDIHT,2040,24.09606445172264
RE1,OR_INDIHT,2041,25.00432623264671
RE1,OR_INDIHT,2042,25.96138997031072
RE1,OR_INDIHT,2043,26.95404632396765
RE1,OR_INDIHT,2044,27.98850354360635
RE1,OR_INDIHT,2045,29.06696121802236
RE1,OR_INDIHT,2046,30.19029172082529
RE1,OR_INDIHT,2047,31.36507999764966
RE1,OR_INDIHT,2048,32.58634828423084
RE1,OR_INDIHT,2049,33.85629856506979
RE1,OR_INDIHT,2050,35.17379477449416
RE1,OR_INDIHT,2051,36.54283379355743
RE1,OR_INDIHT,2052,37.96547475047004
RE1,OR_INDIHT,2053,39.47807607280328
RE1,OR_INDIHT,2054,41.04519794983011
RE1,OR_INDILU,2022,0.2959381717740366
RE1,OR_INDILU,2023,0.2856908720950868
RE1,OR_INDILU,2024,0.2771934385465531
RE1,OR_INDILU,2025,0.2813117694891084
RE1,OR_INDILU,2026,0.2861532683414393
RE1,OR_INDILU,2027,0.2898167526753901
RE1,OR_INDILU,2028,0.2954660657684633
RE1,OR_INDILU,2029,0.3018500021771698
RE1,OR_INDILU,2030,0.3060491989426826
RE1,OR_INDILU,2031,0.3106154501085087
RE1,OR_INDILU,2032,0.3150054645992476
RE1,OR_INDILU,2033,0.3187551048456874
RE1,OR_INDILU,2034,0.3278953781379922
RE1,OR_INDILU,2035,0.339634716272794
RE1,OR_INDILU,2036,0.3519683267741184
RE1,OR_INDILU,2037,0.3650048767198349
RE1,OR_INDILU,2038,0.3786135016446802
RE1,OR_INDILU,2039,0.3927567829901819
RE1,OR_INDILU,2040,0.4074342829286183
RE1,OR_INDILU,2041,0.4226819272902323
RE1,OR_INDILU,2042,0.4388244402489695
RE1,OR_INDILU,2043,0.4555684618495824
RE1,OR_INDILU,2044,0.4730351455194233
RE1,OR_INDILU,2045,0.4912277516033109
RE1,OR_INDILU,2046,0.510189639212545
RE1,OR_INDILU,2047,0.5300344007982061
RE1,OR_INDILU,2048,0.550664517968249
RE1,OR_INDILU,2049,0.572112111558882
RE1,OR_INDILU,2050,0.5943742924611672
RE1,OR_INDILU,2051,0.6175246658234136
RE1,OR_INDILU,2052,0.6416034394635756
RE1,OR_INDILU,2053,0.6666494337869403
RE1,OR_INDILU,2054,0.6925905879715273
RE1,OR_INDMPW,2022,7.990608937860977
RE1,OR_INDMPW,2023,7.688303278487008
RE1,OR_INDMPW,2024,7.486357989341748
RE1,OR_INDMPW,2025,7.586762051001386
RE1,OR_INDMPW,2026,7.722702894376271
RE1,OR_INDMPW,2027,7.826578794759969
RE1,OR_INDMPW,2028,7.983435022564655
RE1,OR_INDMPW,2029,8.159408697512555
RE1,OR_INDMPW,2030,8.27705969907046
RE1,OR_INDMPW,2031,8.408020178263602
RE1,OR_INDMPW,2032,8.532003957768419
RE1,OR_INDMPW,2033,8.639316870996886
RE1,OR_INDMPW,2034,8.892477994918503
RE1,OR_INDMPW,2035,9.21532667335457
RE1,OR_INDMPW,2036,9.55418189604751
RE1,OR_INDMPW,2037,9.912146224915737
RE1,OR_INDMPW,2038,10.28581302617668
RE1,OR_INDMPW,2039,10.67427463200316
RE1,OR_INDMPW,2040,11.07762044850317
RE1,OR_INDMPW,2041,11.49684209194069
RE1,OR_INDMPW,2042,11.94044735262033
RE1,OR_INDMPW,2043,12.40070485467932
RE1,OR_INDMPW,2044,12.88077806958668
RE1,OR_INDMPW,2045,13.38087892972405
RE1,OR_INDMPW,2046,13.9021377104806
RE1,OR_INDMPW,2047,14.44769947028263
RE1,OR_INDMPW,2048,15.01495973688353
RE1,OR_INDMPW,2049,15.60481749834525
RE1,OR_INDMPW,2050,16.21718875789042
RE1,OR_INDMPW,2051,16.85407236920792
RE1,OR_INDMPW,2052,17.51655497134694
RE1,OR_INDMPW,2053,18.20576397675188
RE1,OR_INDMPW,2054,18.91968545764454
RE1,OR_INDREF,2022,0.3947481029402161
RE1,OR_INDREF,2023,0.3759145369140843
RE1,OR_INDREF,2024,0.3677780758163145
RE1,OR_INDREF,2025,0.3729309546893851
RE1,OR_INDREF,2026,0.3797672954930534
RE1,OR_INDREF,2027,0.3849653514734971
RE1,OR_INDREF,2028,0.39275365831699
RE1,OR_INDREF,2029,0.4014487040972374
RE1,OR_INDREF,2030,0.4072564642117958
RE1,OR_INDREF,2031,0.4135826788180118
RE1,OR_INDREF,2032,0.4198565220267116
RE1,OR_INDREF,2033,0.4254517523382517
RE1,OR_INDREF,2034,0.4382455965561761
RE1,OR_INDREF,2035,0.4543436408153737
RE1,OR_INDREF,2036,0.4711684158833003
RE1,OR_INDREF,2037,0.4889392195601299
RE1,OR_INDREF,2038,0.5074948733784157
RE1,OR_INDREF,2039,0.5267934363070345
RE1,OR_INDREF,2040,0.5468468328678509
RE1,OR_INDREF,2041,0.5677074577635196
RE1,OR_INDREF,2042,0.5898085201315045
RE1,OR_INDREF,2043,0.6127424139000106
RE1,OR_INDREF,2044,0.6366463638985332
RE1,OR_INDREF,2045,0.6615248946672442
RE1,OR_INDREF,2046,0.6874534058440446
RE1,OR_INDREF,2047,0.7145971439348889
RE1,OR_INDREF,2048,0.7428225324763401
RE1,OR_INDREF,2049,0.7721708972953271
RE1,OR_INDREF,2050,0.8026479664040396
RE1,OR_INDREF,2051,0.8343519923037953
RE1,OR_INDREF,2052,0.8673355942296054
RE1,OR_INDREF,2053,0.9016504155959516
RE1,OR_INDREF,2054,0.9371934266033576
RE1,OR_RESCLIM_RUR,2022,0.0143921929000939
RE1,OR_RESCLIM_RUR,2023,0.01315460738876977
RE1,OR_RESCLIM_RUR,2024,0.01522659466248085
RE1,OR_RESCLIM_RUR,2025,0.01541509636103145
RE1,OR_RESCLIM_RUR,2026,0.01620210811391339
RE1,OR_RESCLIM_RUR,2027,0.01701089365477974
RE1,OR_RESCLIM_RUR,2028,0.01784128461158267
RE1,OR_RESCLIM_RUR,2029,0.0186904401271551
RE1,OR_RESCLIM_RUR,2030,0.01955585334932096
RE1,OR_RESCLIM_RUR,2031,0.02043566877287514
RE1,OR_RESCLIM_RUR,2032,0.02132822304223483
RE1,OR_RESCLIM_RUR,2033,0.02223233476808249
RE1,OR_RESCLIM_RUR,2034,0.0231503466353644
RE1,OR_RESCLIM_RUR,2035,0.02408281622632429
RE1,OR_RESCLIM_RUR,2036,0.02502726969525953
RE1,OR_RESCLIM_RUR,2037,0.02598637653750377
RE1,OR_RESCLIM_RUR,2038,0.02696139322622288
RE1,OR_RESCLIM_RUR,2039,0.02795085791987456
RE1,OR_RESCLIM_RUR,2040,0.02895608551529816
RE1,OR_RESCLIM_RUR,2041,0.02997638616102718
RE1,OR_RESCLIM_RUR,2042,0.03101245231999797
RE1,OR_RESCLIM_RUR,2043,0.03206343721909981
RE1,OR_RESCLIM_RUR,2044,0.03312733567444166
RE1,OR_RESCLIM_RUR,2045,0.03420820035701654
RE1,OR_RESCLIM_RUR,2046,0.03530213053477215
RE1,OR_RESCLIM_RUR,2047,0.03641001123648298
RE1,OR_RESCLIM_RUR,2048,0.0375296517304738
RE1,OR_RESCLIM_RUR,2049,0.0386565044988279
RE1,OR_RESCLIM_RUR,2050,0.0397900300152423
RE1,OR_RESCLIM_RUR,2051,0.04019106751220577
RE1,OR_RESCLIM_RUR,2052,0.04058575422141297
RE1,OR_RESCLIM_RUR,2053,0.04097384356837802
RE1,OR_RESCLIM_RUR,2054,0.04135509176094658
RE1,OR_RESCLIM_URB,2022,0.09632788492296109
RE1,OR_RESCLIM_URB,2023,0.08700709347924371
RE1,OR_RESCLIM_URB,2024,0.07616659316706528
RE1,OR_RESCLIM_URB,2025,0.07900832474995846
RE1,OR_RESCLIM_URB,2026,0.086234373238493
RE1,OR_RESCLIM_URB,2027,0.09370030567126829
RE1,OR_RESCLIM_URB,2028,0.1013682389789886
RE1,OR_RESCLIM_URB,2029,0.1092012374453759
RE1,OR_RESCLIM_URB,2030,0.1171601353232651
RE1,OR_RESCLIM_URB,2031,0.1251853672513323
RE1,OR_RESCLIM_URB,2032,0.1333707265763475
RE1,OR_RESCLIM_URB,2033,0.1417185269058966
RE1,OR_RESCLIM_URB,2034,0.1502230998110494
RE1,OR_RESCLIM_URB,2035,0.1588770801625952
RE1,OR_RESCLIM_URB,2036,0.167682692282103
RE1,OR_RESCLIM_URB,2037,0.1766284632908161
RE1,OR_RESCLIM_URB,2038,0.1857201933414044
RE1,OR_RESCLIM_URB,2039,0.1949559408912487
RE1,OR_RESCLIM_URB,2040,0.2043375221758003
RE1,OR_RESCLIM_URB,2041,0.21385924826261
RE1,OR_RESCLIM_URB,2042,0.2235144740316536
RE1,OR_RESCLIM_URB,2043,0.2333033648856483
RE1,OR_RESCLIM_URB,2044,0.2432188854158639
RE1,OR_RESCLIM_URB,2045,0.2532592566162257
RE1,OR_RESCLIM_URB,2046,0.2634282439102836
RE1,OR_RESCLIM_URB,2047,0.2737297394431192
RE1,OR_RESCLIM_URB,2048,0.2841586487043324
RE1,OR_RESCLIM_URB,2049,0.2946825453056453
RE1,OR_RESCLIM_URB,2050,0.3052969359762862
RE1,OR_RESCLIM_URB,2051,0.308777497132657
RE1,OR_RESCLIM_URB,2052,0.3121847847742907
RE1,OR_RESCLIM_URB,2053,0.3155153264005619
RE1,OR_RESCLIM_URB,2054,0.3187658311171417
RE1,OR_RESDHT_RUR,2022,1.367895194971906
RE1,OR_RESDHT_RUR,2023,1.483538915841952
RE1,OR_RESDHT_RUR,2024,1.565270460449482
RE1,OR_RESDHT_RUR,2025,1.512999959612377
RE1,OR_RESDHT_RUR,2026,1.505584681878202
RE1,OR_RESDHT_RUR,2027,1.497785670388664
RE1,OR_RESDHT_RUR,2028,1.489528935383727
RE1,OR_RESDHT_RUR,2029,1.480518462076273
RE1,OR_RESDHT_RUR,2030,1.470577116379177
RE1,OR_RESDHT_RUR,2031,1.489226952634617
RE1,OR_RESDHT_RUR,2032,1.50747267303127
RE1,OR_RESDHT_RUR,2033,1.525282130654532
RE1,OR_RESDHT_RUR,2034,1.542844581321607
RE1,OR_RESDHT_RUR,2035,1.560200978498262
RE1,OR_RESDHT_RUR,2036,1.576871337296919
RE1,OR_RESDHT_RUR,2037,1.593492887948805
RE1,OR_RESDHT_RUR,2038,1.610035978382703
RE1,OR_RESDHT_RUR,2039,1.626429738349309
RE1,OR_RESDHT_RUR,2040,1.642750074403066
RE1,OR_RESDHT_RUR,2041,1.656721392476481
RE1,OR_RESDHT_RUR,2042,1.67055295959818
RE1,OR_RESDHT_RUR,2043,1.68421303456874
RE1,OR_RESDHT_RUR,2044,1.697595929445674
RE1,OR_RESDHT_RUR,2045,1.710901019416885
RE1,OR_RESDHT_RUR,2046,1.722729815464762
RE1,OR_RESDHT_RUR,2047,1.734283305384689
RE1,OR_RESDHT_RUR,2048,1.745474920817954
RE1,OR_RESDHT_RUR,2049,1.75607764725562
RE1,OR_RESDHT_RUR,2050,1.766089837044125
RE1,OR_RESDHT_RUR,2051,1.784960426866039
RE1,OR_RESDHT_RUR,2052,1.803533274060813
RE1,OR_RESDHT_RUR,2053,1.821796028197278
RE1,OR_RESDHT_RUR,2054,1.839736485594616
RE1,OR_RESDHT_URB,2022,13.58388149730657
RE1,OR_RESDHT_URB,2023,13.12884099686129
RE1,OR_RESDHT_URB,2024,13.55030264851014
RE1,OR_RESDHT_URB,2025,14.06153467272447
RE1,OR_RESDHT_URB,2026,14.59691576358883
RE1,OR_RESDHT_URB,2027,15.13359646356035
RE1,OR_RESDHT_URB,2028,15.66779892781924
RE1,OR_RESDHT_URB,2029,16.19611320078397
RE1,OR_RESDHT_URB,2030,16.71532248730153
RE1,OR_RESDHT_URB,2031,17.25866259313754
RE1,OR_RESDHT_URB,2032,17.79984794196958
RE1,OR_RESDHT_URB,2033,18.33953253547412
RE1,OR_RESDHT_URB,2034,18.87768002581659
RE1,OR_RESDHT_URB,2035,19.41440437207309
RE1,OR_RESDHT_URB,2036,19.95637279334405
RE1,OR_RESDHT_URB,2037,20.49782160645446
RE1,OR_RESDHT_URB,2038,21.03948534432178
RE1,OR_RESDHT_URB,2039,21.5813601449567
RE1,OR_RESDHT_URB,2040,22.12405508341021
RE1,OR_RESDHT_URB,2041,22.67110601976461
RE1,OR_RESDHT_URB,2042,23.2185720645725
RE1,OR_RESDHT_URB,2043,23.76653426905719
RE1,OR_RESDHT_URB,2044,24.31450003468444
RE1,OR_RESDHT_URB,2045,24.86273793220791
RE1,OR_RESDHT_URB,2046,25.4135866477494
RE1,OR_RESDHT_URB,2047,25.96555489078919
RE1,OR_RESDHT_URB,2048,26.51829082787528
RE1,OR_RESDHT_URB,2049,27.06802686532367
RE1,OR_RESDHT_URB,2050,27.57296515487813
RE1,OR_RESDHT_URB,2051,27.90854064287482
RE1,OR_RESDHT_URB,2052,28.23682171340054
RE1,OR_RESDHT_URB,2053,28.54190437897792
RE1,OR_RESDHT_URB,2054,28.83864574768348
RE1,OR_RESILU_RUR,2022,0.02198237581395087
RE1,OR_RESILU_RUR,2023,0.02110645099375842
RE1,OR_RESILU_RUR,2024,0.02327649695263581
RE1,OR_RESILU_RUR,2025,0.02296681118612054
RE1,OR_RESILU_RUR,2026,0.02349267220786196
RE1,OR_RESILU_RUR,2027,0.02403041530730236
RE1,OR_RESILU_RUR,2028,0.02457948048295134
RE1,OR_RESILU_RUR,2029,0.02513222345249009
RE1,OR_RESILU_RUR,2030,0.02568680509374379
RE1,OR_RESILU_RUR,2031,0.02624090846760523
RE1,OR_RESILU_RUR,2032,0.02679216798261267
RE1,OR_RESILU_RUR,2033,0.02733585029504487
RE1,OR_RESILU_RUR,2034,0.02788101989238754
RE1,OR_RESILU_RUR,2035,0.02842241942378949
RE1,OR_RESILU_RUR,2036,0.02896328672603039
RE1,OR_RESILU_RUR,2037,0.02950009830800081
RE1,OR_RESILU_RUR,2038,0.03003959453415792
RE1,OR_RESILU_RUR,2039,0.03057913988307831
RE1,OR_RESILU_RUR,2040,0.03112235119738531
RE1,OR_RESILU_RUR,2041,0.0316652111448334
RE1,OR_RESILU_RUR,2042,0.03220958280451534
RE1,OR_RESILU_RUR,2043,0.03275509506919223
RE1,OR_RESILU_RUR,2044,0.0332984326070767
RE1,OR_RESILU_RUR,2045,0.03384466122808847
RE1,OR_RESILU_RUR,2046,0.03439253165393461
RE1,OR_RESILU_RUR,2047,0.03493886589122076
RE1,OR_RESILU_RUR,2048,0.0354849056927122
RE1,OR_RESILU_RUR,2049,0.03602249489565968
RE1,OR_RESILU_RUR,2050,0.03655344429237231
RE1,OR_RESILU_RUR,2051,0.03709149374814784
RE1,OR_RESILU_RUR,2052,0.03762453180054915
RE1,OR_RESILU_RUR,2053,0.03806938916324237
RE1,OR_RESILU_RUR,2054,0.03850725184377839
RE1,OR_RESILU_URB,2022,0.2375040487991135
RE1,OR_RESILU_URB,2023,0.2454723815769708
RE1,OR_RESILU_URB,2024,0.2617616197102134
RE1,OR_RESILU_URB,2025,0.2660409858474992
RE1,OR_RESILU_URB,2026,0.274359431864604
RE1,OR_RESILU_URB,2027,0.2826067212835345
RE1,OR_RESILU_URB,2028,0.2907141054485481
RE1,OR_RESILU_URB,2029,0.2986234780506841
RE1,OR_RESILU_URB,2030,0.3062805018673671
RE1,OR_RESILU_URB,2031,0.3135471116807768
RE1,OR_RESILU_URB,2032,0.3206530002516974
RE1,OR_RESILU_URB,2033,0.3276153564119065
RE1,OR_RESILU_URB,2034,0.3344373826573334
RE1,OR_RESILU_URB,2035,0.3411251714596361
RE1,OR_RESILU_URB,2036,0.3476870609747504
RE1,OR_RESILU_URB,2037,0.3541376931954638
RE1,OR_RESILU_URB,2038,0.3604882914987253
RE1,OR_RESILU_URB,2039,0.3667419557100819
RE1,OR_RESILU_URB,2040,0.372911966705247
RE1,OR_RESILU_URB,2041,0.3789979832523833
RE1,OR_RESILU_URB,2042,0.3849962145726377
RE1,OR_RESILU_URB,2043,0.3909115583514389
RE1,OR_RESILU_URB,2044,0.396738061014533
RE1,OR_RESILU_URB,2045,0.4024829696263439
RE1,OR_RESILU_URB,2046,0.4081527486759874
RE1,OR_RESILU_URB,2047,0.4137576398731497
RE1,OR_RESILU_URB,2048,0.4192949198053085
RE1,OR_RESILU_URB,2049,0.424706509383311
RE1,OR_RESILU_URB,2050,0.4340694069709054
RE1,OR_RESILU_URB,2051,0.4391253804131351
RE1,OR_RESILU_URB,2052,0.4440607063136462
RE1,OR_RESILU_URB,2053,0.4488697231736414
RE1,OR_RESILU_URB,2054,0.4535470529806084
RE1,OR_RESOTH_RUR,2022,0.1247690772483579
RE1,OR_RESOTH_RUR,2023,0.1189035434115917
RE1,OR_RESOTH_RUR,2024,0.1307746975458075
RE1,OR_RESOTH_RUR,2025,0.1290282547211467
RE1,OR_RESOTH_RUR,2026,0.1318624350672191
RE1,OR_RESOTH_RUR,2027,0.134754434867709
RE1,OR_RESOTH_RUR,2028,0.1377022989023945
RE1,OR_RESOTH_RUR,2029,0.1406686876396981
RE1,OR_RESOTH_RUR,2030,0.1436410577521988
RE1,OR_RESOTH_RUR,2031,0.1466048638334068
RE1,OR_RESOTH_RUR,2032,0.1495470670105674
RE1,OR_RESOTH_RUR,2033,0.1524486558158931
RE1,OR_RESOTH_RUR,2034,0.1553496001579846
RE1,OR_RESOTH_RUR,2035,0.1582315294040664
RE1,OR_RESOTH_RUR,2036,0.1610870396040728
RE1,OR_RESOTH_RUR,2037,0.1639432028476534
RE1,OR_RESOTH_RUR,2038,0.1668106394577605
RE1,OR_RESOTH_RUR,2039,0.1696781336611149
RE1,OR_RESOTH_RUR,2040,0.1725618537733936
RE1,OR_RESOTH_RUR,2041,0.1754460216839454
RE1,OR_RESOTH_RUR,2042,0.1783374416938638
RE1,OR_RESOTH_RUR,2043,0.1812355584892398
RE1,OR_RESOTH_RUR,2044,0.1841242749343506
RE1,OR_RESOTH_RUR,2045,0.1870292372912775
RE1,OR_RESOTH_RUR,2046,0.1899396418032493
RE1,OR_RESOTH_RUR,2047,0.1928440742311879
RE1,OR_RESOTH_RUR,2048,0.1957451182528196
RE1,OR_RESOTH_RUR,2049,0.1986013525653132
RE1,OR_RESOTH_RUR,2050,0.2014140470088878
RE1,OR_RESOTH_RUR,2051,0.2042681792425313
RE1,OR_RESOTH_RUR,2052,0.2070940325362227
RE1,OR_RESOTH_RUR,2053,0.2094341421728776
RE1,OR_RESOTH_RUR,2054,0.2117356923386383
RE1,OR_RESOTH_URB,2022,1.267499521333893
RE1,OR_RESOTH_URB,2023,1.312177488277023
RE1,OR_RESOTH_URB,2024,1.400263549920244
RE1,OR_RESOTH_URB,2025,1.422967778615564
RE1,OR_RESOTH_URB,2026,1.467426116616758
RE1,OR_RESOTH_URB,2027,1.511734796560294
RE1,OR_RESOTH_URB,2028,1.555024723895489
RE1,OR_RESOTH_URB,2029,1.597501042777718
RE1,OR_RESOTH_URB,2030,1.638615837473973
RE1,OR_RESOTH_URB,2031,1.677353408518272
RE1,OR_RESOTH_URB,2032,1.715510894563208
RE1,OR_RESOTH_URB,2033,1.752607271676283
RE1,OR_RESOTH_URB,2034,1.789247167640653
RE1,OR_RESOTH_URB,2035,1.825171737984685
RE1,OR_RESOTH_URB,2036,1.860102422334844
RE1,OR_RESOTH_URB,2037,1.894758924792784
RE1,OR_RESOTH_URB,2038,1.928555116306605
RE1,OR_RESOTH_URB,2039,1.962158946820298
RE1,OR_RESOTH_URB,2040,1.995318032861549
RE1,OR_RESOTH_URB,2041,2.027684988959225
RE1,OR_RESOTH_URB,2042,2.059925534734272
RE1,OR_RESOTH_URB,2043,2.091368689742013
RE1,OR_RESOTH_URB,2044,2.122691921346506
RE1,OR_RESOTH_URB,2045,2.153581064410287
RE1,OR_RESOTH_URB,2046,2.183698732383827
RE1,OR_RESOTH_URB,2047,2.213839433786636
RE1,OR_RESOTH_URB,2048,2.243238838713512
RE1,OR_RESOTH_URB,2049,2.272346169218124
RE1,OR_RESOTH_URB,2050,2.322440743227076
RE1,OR_RESOTH_URB,2051,2.349490197375159
RE1,OR_RESOTH_URB,2052,2.375892968105382
RE1,OR_RESOTH_URB,2053,2.401618748148031
RE1,OR_RESOTH_URB,2054,2.42663874921633
RE1,OR_RESREF_RUR,2022,0.04732111642217228
RE1,OR_RESREF_RUR,2023,0.04654615803255782
RE1,OR_RESREF_RUR,2024,0.04877703348191951
RE1,OR_RESREF_RUR,2025,0.04856900855402154
RE1,OR_RESREF_RUR,2026,0.05000517238277811
RE1,OR_RESREF_RUR,2027,0.05147442920164268
RE1,OR_RESREF_RUR,2028,0.05297478715210963
RE1,OR_RESREF_RUR,2029,0.05449658329017341
RE1,OR_RESREF_RUR,2030,0.05603261775470411
RE1,OR_RESREF_RUR,2031,0.05707108168855485
RE1,OR_RESREF_RUR,2032,0.05810253745860804
RE1,OR_RESREF_RUR,2033,0.05912441351745833
RE1,OR_RESREF_RUR,2034,0.06014338989128976
RE1,OR_RESREF_RUR,2035,0.0611612186652603
RE1,OR_RESREF_RUR,2036,0.06217398880265238
RE1,OR_RESREF_RUR,2037,0.0631868999898553
RE1,OR_RESREF_RUR,2038,0.06420322328311107
RE1,OR_RESREF_RUR,2039,0.06522069167708347
RE1,OR_RESREF_RUR,2040,0.0662422816433049
RE1,OR_RESREF_RUR,2041,0.06726724671887878
RE1,OR_RESREF_RUR,2042,0.0682968621187236
RE1,OR_RESREF_RUR,2043,0.06932944717825675
RE1,OR_RESREF_RUR,2044,0.07036065077093835
RE1,OR_RESREF_RUR,2045,0.07139895633554151
RE1,OR_RESREF_RUR,2046,0.0724370594142196
RE1,OR_RESREF_RUR,2047,0.07347655744524269
RE1,OR_RESREF_RUR,2048,0.07451226175913152
RE1,OR_RESREF_RUR,2049,0.07553442333462768
RE1,OR_RESREF_RUR,2050,0.07654351270497199
RE1,OR_RESREF_RUR,2051,0.07745013448303825
RE1,OR_RESREF_RUR,2052,0.0783447700379847
RE1,OR_RESREF_RUR,2053,0.07922679079843936
RE1,OR_RESREF_RUR,2054,0.08009557215641555
RE1,OR_RESREF_URB,2022,1.575835321845393
RE1,OR_RESREF_URB,2023,1.639653537439074
RE1,OR_RESREF_URB,2024,1.818575189525871
RE1,OR_RESREF_URB,2025,1.868969485888518
RE1,OR_RESREF_URB,2026,1.94763107492154
RE1,OR_RESREF_URB,2027,2.026976413188317
RE1,OR_RESREF_URB,2028,2.106494103978363
RE1,OR_RESREF_URB,2029,2.185719125112767
RE1,OR_RESREF_URB,2030,2.264206651360999
RE1,OR_RESREF_URB,2031,2.320142512703568
RE1,OR_RESREF_URB,2032,2.374986806886889
RE1,OR_RESREF_URB,2033,2.428859723461932
RE1,OR_RESREF_URB,2034,2.481784967426391
RE1,OR_RESREF_URB,2035,2.533804562112452
RE1,OR_RESREF_URB,2036,2.585020736576051
RE1,OR_RESREF_URB,2037,2.635454394831636
RE1,OR_RESREF_URB,2038,2.685229665098162
RE1,OR_RESREF_URB,2039,2.734365828867566
RE1,OR_RESREF_URB,2040,2.782958924117344
RE1,OR_RESREF_URB,2041,2.831007447453128
RE1,OR_RESREF_URB,2042,2.878479348963857
RE1,OR_RESREF_URB,2043,2.925406351094209
RE1,OR_RESREF_URB,2044,2.971743726801892
RE1,OR_RESREF_URB,2045,3.017545133411557
RE1,OR_RESREF_URB,2046,3.062854400066895
RE1,OR_RESREF_URB,2047,3.107746152012294
RE1,OR_RESREF_URB,2048,3.152193990874777
RE1,OR_RESREF_URB,2049,3.195765509815337
RE1,OR_RESREF_URB,2050,3.238419657275323
RE1,OR_RESREF_URB,2051,3.276042147298783
RE1,OR_RESREF_URB,2052,3.312754469732931
RE1,OR_RESREF_URB,2053,3.348514151108878
RE1,OR_RESREF_URB,2054,3.383280847823027
RE1,OR_RESTV_RUR,2022,0.05887195367896952
RE1,OR_RESTV_RUR,2023,0.05953817129683188
RE1,OR_RESTV_RUR,2024,0.0639233570132395
RE1,OR_RESTV_RUR,2025,0.06378206679895082
RE1,OR_RESTV_RUR,2026,0.06535906436996092
RE1,OR_RESTV_RUR,2027,0.06696039943957137
RE1,OR_RESTV_RUR,2028,0.06858442811298093
RE1,OR_RESTV_RUR,2029,0.07021947816754019
RE1,OR_RESTV_RUR,2030,0.07185672981142663
RE1,OR_RESTV_RUR,2031,0.07328782987852857
RE1,OR_RESTV_RUR,2032,0.07470748583381714
RE1,OR_RESTV_RUR,2033,0.07611267082847324
RE1,OR_RESTV_RUR,2034,0.07751233174471396
RE1,OR_RESTV_RUR,2035,0.07890885383645023
RE1,OR_RESTV_RUR,2036,0.08029624889632872
RE1,OR_RESTV_RUR,2037,0.08168399818305153
RE1,OR_RESTV_RUR,2038,0.08307527911907726
RE1,OR_RESTV_RUR,2039,0.08446724636811104
RE1,OR_RESTV_RUR,2040,0.08586390390797027
RE1,OR_RESTV_RUR,2041,0.08726439492904038
RE1,OR_RESTV_RUR,2042,0.0886704138415796
RE1,OR_RESTV_RUR,2043,0.09007995556240571
RE1,OR_RESTV_RUR,2044,0.0914875024434019
RE1,OR_RESTV_RUR,2045,0.09290409854023098
RE1,OR_RESTV_RUR,2046,0.0943202084194244
RE1,OR_RESTV_RUR,2047,0.09573796096560924
RE1,OR_RESTV_RUR,2048,0.09715078287003842
RE1,OR_RESTV_RUR,2049,0.09854576168980252
RE1,OR_RESTV_RUR,2050,0.09992258249942543
RE1,OR_RESTV_RUR,2051,0.101320596167616
RE1,OR_RESTV_RUR,2052,0.1027063327593389
RE1,OR_RESTV_RUR,2053,0.1038528892095859
RE1,OR_RESTV_RUR,2054,0.104982003520672
RE1,OR_RESTV_URB,2022,0.473249962200112
RE1,OR_RESTV_URB,2023,0.4794509399623366
RE1,OR_RESTV_URB,2024,0.5258451606737592
RE1,OR_RESTV_URB,2025,0.5348882113559636
RE1,OR_RESTV_URB,2026,0.5516291681255509
RE1,OR_RESTV_URB,2027,0.5682258392177707
RE1,OR_RESTV_URB,2028,0.5845405501387787
RE1,OR_RESTV_URB,2029,0.6004567211471175
RE1,OR_RESTV_URB,2030,0.6158646890530675
RE1,OR_RESTV_URB,2031,0.6304877270077769
RE1,OR_RESTV_URB,2032,0.6447876880611907
RE1,OR_RESTV_URB,2033,0.6587989517117212
RE1,OR_RESTV_URB,2034,0.6725277438705026
RE1,OR_RESTV_URB,2035,0.6859864403948213
RE1,OR_RESTV_URB,2036,0.6991900782181523
RE1,OR_RESTV_URB,2037,0.7121719050368036
RE1,OR_RESTV_URB,2038,0.724952713158245
RE1,OR_RESTV_URB,2039,0.7375385450298695
RE1,OR_RESTV_URB,2040,0.7499556544023368
RE1,OR_RESTV_URB,2041,0.7622036493557905
RE1,OR_RESTV_URB,2042,0.7742747177006422
RE1,OR_RESTV_URB,2043,0.7861785954825207
RE1,OR_RESTV_URB,2044,0.7979034691331469
RE1,OR_RESTV_URB,2045,0.8094636517447109
RE1,OR_RESTV_URB,2046,0.8208723076579616
RE1,OR_RESTV_URB,2047,0.8321492995326756
RE1,OR_RESTV_URB,2048,0.843289622278468
RE1,OR_RESTV_URB,2049,0.8541753474793903
RE1,OR_RESTV_URB,2050,0.8730053800297538
RE1,OR_RESTV_URB,2051,0.883172223081976
RE1,OR_RESTV_URB,2052,0.8930946953406216
RE1,OR_RESTV_URB,2053,0.9027613583273264
RE1,OR_RESTV_URB,2054,0.9121613467518741
RE1,OR_RESWHT_RUR,2022,0.129685546749701
RE1,OR_RESWHT_RUR,2023,0.1184956058790074
RE1,OR_RESWHT_RUR,2024,0.1071587704099745
RE1,OR_RESWHT_RUR,2025,0.1048538601205439
RE1,OR_RESWHT_RUR,2026,0.1069087197782307
RE1,OR_RESWHT_RUR,2027,0.1089951501460811
RE1,OR_RESWHT_RUR,2028,0.1111070398906251
RE1,OR_RESWHT_RUR,2029,0.1132240325284845
RE1,OR_RESWHT_RUR,2030,0.1153312345875322
RE1,OR_RESWHT_RUR,2031,0.1174262512446387
RE1,OR_RESWHT_RUR,2032,0.1195052950580585
RE1,OR_RESWHT_RUR,2033,0.121561985776982
RE1,OR_RESWHT_RUR,2034,0.1236074436294428
RE1,OR_RESWHT_RUR,2035,0.1256456126094367
RE1,OR_RESWHT_RUR,2036,0.1276745670466973
RE1,OR_RESWHT_RUR,2037,0.129692201519679
RE1,OR_RESWHT_RUR,2038,0.1317102577984051
RE1,OR_RESWHT_RUR,2039,0.1337249726255547
RE1,OR_RESWHT_RUR,2040,0.1357414547822166
RE1,OR_RESWHT_RUR,2041,0.1377598997610185
RE1,OR_RESWHT_RUR,2042,0.1397820921959217
RE1,OR_RESWHT_RUR,2043,0.1418045656562883
RE1,OR_RESWHT_RUR,2044,0.1438192684265174
RE1,OR_RESWHT_RUR,2045,0.145842134403732
RE1,OR_RESWHT_RUR,2046,0.1478598488793988
RE1,OR_RESWHT_RUR,2047,0.1498763971710479
RE1,OR_RESWHT_RUR,2048,0.1518800902383581
RE1,OR_RESWHT_RUR,2049,0.1538515681945312
RE1,OR_RESWHT_RUR,2050,0.1557925165951425
RE1,OR_RESWHT_RUR,2051,0.1577612599231246
RE1,OR_RESWHT_RUR,2052,0.1597064955831883
RE1,OR_RESWHT_RUR,2053,0.1616268062813162
RE1,OR_RESWHT_RUR,2054,0.163520779684017
RE1,OR_RESWHT_URB,2022,4.76052576262127
RE1,OR_RESWHT_URB,2023,4.652246134308806
RE1,OR_RESWHT_URB,2024,4.718233520691264
RE1,OR_RESWHT_URB,2025,4.861502512286493
RE1,OR_RESWHT_URB,2026,5.001476669596353
RE1,OR_RESWHT_URB,2027,5.140819533206892
RE1,OR_RESWHT_URB,2028,5.27856000431072
RE1,OR_RESWHT_URB,2029,5.413735429375458
RE1,OR_RESWHT_URB,2030,5.545494870662106
RE1,OR_RESWHT_URB,2031,5.670888498553959
RE1,OR_RESWHT_URB,2032,5.793514326824554
RE1,OR_RESWHT_URB,2033,5.913529112020192
RE1,OR_RESWHT_URB,2034,6.031003175904496
RE1,OR_RESWHT_URB,2035,6.146107038993326
RE1,OR_RESWHT_URB,2036,6.258936857754633
RE1,OR_RESWHT_URB,2037,6.369814531607082
RE1,OR_RESWHT_URB,2038,6.478912101456114
RE1,OR_RESWHT_URB,2039,6.586227738147442
RE1,OR_RESWHT_URB,2040,6.692032535444263
RE1,OR_RESWHT_URB,2041,6.796294580674033
RE1,OR_RESWHT_URB,2042,6.898950228265754
RE1,OR_RESWHT_URB,2043,7.000071892364202
RE1,OR_RESWHT_URB,2044,7.099514570658009
RE1,OR_RESWHT_URB,2045,7.197458807818641
RE1,OR_RESWHT_URB,2046,7.293995023289299
RE1,OR_RESWHT_URB,2047,7.389281193157936
RE1,OR_RESWHT_URB,2048,7.483289510067376
RE1,OR_RESWHT_URB,2049,7.574839121558385
RE1,OR_RESWHT_URB,2050,7.663704352285163
RE1,OR_RESWHT_URB,2051,7.752320729676164
RE1,OR_RESWHT_URB,2052,7.838732777707796
RE1,OR_RESWHT_URB,2053,7.922838769580134
RE1,OR_RESWHT_URB,2054,8.004542174963893
RE1,OR_RESWSH_RUR,2022,0.03278086221627686
RE1,OR_RESWSH_RUR,2023,0.03359128084050786
RE1,OR_RESWSH_RUR,2024,0.0322971586804074
RE1,OR_RESWSH_RUR,2025,0.03227921224670674
RE1,OR_RESWSH_RUR,2026,0.03333898754059371
RE1,OR_RESWSH_RUR,2027,0.03442433946821512
RE1,OR_RESWSH_RUR,2028,0.03553387633804485
RE1,OR_RESWSH_RUR,2029,0.03666116792614948
RE1,OR_RESWSH_RUR,2030,0.03780134169210826
RE1,OR_RESWSH_RUR,2031,0.03882508603357757
RE1,OR_RESWSH_RUR,2032,0.03985487379719332
RE1,OR_RESWSH_RUR,2033,0.04088865586189625
RE1,OR_RESWSH_RUR,2034,0.0419307711904768
RE1,OR_RESWSH_RUR,2035,0.04298240856360292
RE1,OR_RESWSH_RUR,2036,0.04404191377115253
RE1,OR_RESWSH_RUR,2037,0.04510999905843975
RE1,OR_RESWSH_RUR,2038,0.04619040610143106
RE1,OR_RESWSH_RUR,2039,0.04728139743948054
RE1,OR_RESWSH_RUR,2040,0.04838509001608168
RE1,OR_RESWSH_RUR,2041,0.04950095093485427
RE1,OR_RESWSH_RUR,2042,0.05063001043414442
RE1,OR_RESWSH_RUR,2043,0.05177089254277935
RE1,OR_RESWSH_RUR,2044,0.05292037025648991
RE1,OR_RESWSH_RUR,2045,0.05408481304231184
RE1,OR_RESWSH_RUR,2046,0.05525873975702308
RE1,OR_RESWSH_RUR,2047,0.0564434945682106
RE1,OR_RESWSH_RUR,2048,0.057634944782533
RE1,OR_RESWSH_RUR,2049,0.05882578236525766
RE1,OR_RESWSH_RUR,2050,0.0600166392282123
RE1,OR_RESWSH_RUR,2051,0.06072332209627369
RE1,OR_RESWSH_RUR,2052,0.0614206738113947
RE1,OR_RESWSH_RUR,2053,0.06210820847724696
RE1,OR_RESWSH_RUR,2054,0.06278544316770175
RE1,OR_RESWSH_URB,2022,0.4242589061756855
RE1,OR_RESWSH_URB,2023,0.4255855060232773
RE1,OR_RESWSH_URB,2024,0.4762212367654
RE1,OR_RESWSH_URB,2025,0.4918323117165281
RE1,OR_RESWSH_URB,2026,0.5140696069457679
RE1,OR_RESWSH_URB,2027,0.5365887433030766
RE1,OR_RESWSH_URB,2028,0.5592554277096975
RE1,OR_RESWSH_URB,2029,0.5819452715648935
RE1,OR_RESWSH_URB,2030,0.6045378378253969
RE1,OR_RESWSH_URB,2031,0.6246717707916486
RE1,OR_RESWSH_URB,2032,0.6447469691458455
RE1,OR_RESWSH_URB,2033,0.6647865734267208
RE1,OR_RESWSH_URB,2034,0.6847892956714139
RE1,OR_RESWSH_URB,2035,0.7047601554574441
RE1,OR_RESWSH_URB,2036,0.7247159051598151
RE1,OR_RESWSH_URB,2037,0.744665127518231
RE1,OR_RESWSH_URB,2038,0.7646328136070664
RE1,OR_RESWSH_URB,2039,0.7846186999807975
RE1,OR_RESWSH_URB,2040,0.8046453446817006
RE1,OR_RESWSH_URB,2041,0.8247077280099524
RE1,OR_RESWSH_URB,2042,0.8447917009140203
RE1,OR_RESWSH_URB,2043,0.8649024446346294
RE1,OR_RESWSH_URB,2044,0.8850213576443646
RE1,OR_RESWSH_URB,2045,0.9051603262835176
RE1,OR_RESWSH_URB,2046,0.9253286087283751
RE1,OR_RESWSH_URB,2047,0.9455439250287376
RE1,OR_RESWSH_URB,2048,0.965795733248003
RE1,OR_RESWSH_URB,2049,0.9859444934597436
RE1,OR_RESWSH_URB,2050,1.005970183778918
RE1,OR_RESWSH_URB,2051,1.017669948095803
RE1,OR_RESWSH_URB,2052,1.02908633173367
RE1,OR_RESWSH_URB,2053,1.040206095954099
RE1,OR_RESWSH_URB,2054,1.051016665337134
RE1,OR_TERCLIM_CEN,2022,5.353
RE1,OR_TERCLIM_CEN,2023,5.535
RE1,OR_TERCLIM_CEN,2024,5.724
RE1,OR_TERCLIM_CEN,2025,5.927
RE1,OR_TERCLIM_CEN,2026,6.163
RE1,OR_TERCLIM_CEN,2027,6.385
RE1,OR_TERCLIM_CEN,2028,6.599
RE1,OR_TERCLIM_CEN,2029,6.824
RE1,OR_TERCLIM_CEN,2030,7.053
RE1,OR_TERCLIM_CEN,2031,7.211
RE1,OR_TERCLIM_CEN,2032,7.357
RE1,OR_TERCLIM_CEN,2033,7.493
RE1,OR_TERCLIM_CEN,2034,7.612
RE1,OR_TERCLIM_CEN,2035,7.717
RE1,OR_TERCLIM_CEN,2036,7.809
RE1,OR_TERCLIM_CEN,2037,7.895
RE1,OR_TERCLIM_CEN,2038,7.982
RE1,OR_TERCLIM_CEN,2039,8.078
RE1,OR_TERCLIM_CEN,2040,8.189
RE1,OR_TERCLIM_CEN,2041,8.318
RE1,OR_TERCLIM_CEN,2042,8.469
RE1,OR_TERCLIM_CEN,2043,8.644
RE1,OR_TERCLIM_CEN,2044,8.841
RE1,OR_TERCLIM_CEN,2045,9.061
RE1,OR_TERCLIM_CEN,2046,9.302
RE1,OR_TERCLIM_CEN,2047,9.563
RE1,OR_TERCLIM_CEN,2048,9.842
RE1,OR_TERCLIM_CEN,2049,10.139
RE1,OR_TERCLIM_CEN,2050,10.452
RE1,OR_TERCLIM_CEN,2051,10.79
RE1,OR_TERCLIM_CEN,2052,11.141
RE1,OR_TERCLIM_CEN,2053,11.493
RE1,OR_TERCLIM_CEN,2054,11.857
RE1,OR_TERCLIM_FAN,2022,0.15
RE1,OR_TERCLIM_FAN,2023,0.156
RE1,OR_TERCLIM_FAN,2024,0.161
RE1,OR_TERCLIM_FAN,2025,0.167
RE1,OR_TERCLIM_FAN,2026,0.173
RE1,OR_TERCLIM_FAN,2027,0.18
RE1,OR_TERCLIM_FAN,2028,0.186
RE1,OR_TERCLIM_FAN,2029,0.192
RE1,OR_TERCLIM_FAN,2030,0.199
RE1,OR_TERCLIM_FAN,2031,0.204
RE1,OR_TERCLIM_FAN,2032,0.21
RE1,OR_TERCLIM_FAN,2033,0.215
RE1,OR_TERCLIM_FAN,2034,0.22
RE1,OR_TERCLIM_FAN,2035,0.226
RE1,OR_TERCLIM_FAN,2036,0.231
RE1,OR_TERCLIM_FAN,2037,0.236
RE1,OR_TERCLIM_FAN,2038,0.241
RE1,OR_TERCLIM_FAN,2039,0.247
RE1,OR_TERCLIM_FAN,2040,0.253
RE1,OR_TERCLIM_FAN,2041,0.259
RE1,OR_TERCLIM_FAN,2042,0.266
RE1,OR_TERCLIM_FAN,2043,0.274
RE1,OR_TERCLIM_FAN,2044,0.281
RE1,OR_TERCLIM_FAN,2045,0.29
RE1,OR_TERCLIM_FAN,2046,0.299
RE1,OR_TERCLIM_FAN,2047,0.308
RE1,OR_TERCLIM_FAN,2048,0.317
RE1,OR_TERCLIM_FAN,2049,0.328
RE1,OR_TERCLIM_FAN,2050,0.338
RE1,OR_TERCLIM_FAN,2051,0.349
RE1,OR_TERCLIM_FAN,2052,0.361
RE1,OR_TERCLIM_FAN,2053,0.372
RE1,OR_TERCLIM_FAN,2054,0.384
RE1,OR_TERCLIM_SPL,2022,0.589
RE1,OR_TERCLIM_SPL,2023,0.609
RE1,OR_TERCLIM_SPL,2024,0.63
RE1,OR_TERCLIM_SPL,2025,0.652
RE1,OR_TERCLIM_SPL,2026,0.678
RE1,OR_TERCLIM_SPL,2027,0.702
RE1,OR_TERCLIM_SPL,2028,0.726
RE1,OR_TERCLIM_SPL,2029,0.751
RE1,OR_TERCLIM_SPL,2030,0.776
RE1,OR_TERCLIM_SPL,2031,0.793
RE1,OR_TERCLIM_SPL,2032,0.809
RE1,OR_TERCLIM_SPL,2033,0.824
RE1,OR_TERCLIM_SPL,2034,0.837
RE1,OR_TERCLIM_SPL,2035,0.849
RE1,OR_TERCLIM_SPL,2036,0.859
RE1,OR_TERCLIM_SPL,2037,0.868
RE1,OR_TERCLIM_SPL,2038,0.878
RE1,OR_TERCLIM_SPL,2039,0.889
RE1,OR_TERCLIM_SPL,2040,0.901
RE1,OR_TERCLIM_SPL,2041,0.915
RE1,OR_TERCLIM_SPL,2042,0.932
RE1,OR_TERCLIM_SPL,2043,0.951
RE1,OR_TERCLIM_SPL,2044,0.973
RE1,OR_TERCLIM_SPL,2045,0.997
RE1,OR_TERCLIM_SPL,2046,1.023
RE1,OR_TERCLIM_SPL,2047,1.052
RE1,OR_TERCLIM_SPL,2048,1.083
RE1,OR_TERCLIM_SPL,2049,1.115
RE1,OR_TERCLIM_SPL,2050,1.15
RE1,OR_TERCLIM_SPL,2051,1.187
RE1,OR_TERCLIM_SPL,2052,1.226
RE1,OR_TERCLIM_SPL,2053,1.264
RE1,OR_TERCLIM_SPL,2054,1.304
RE1,OR_TERDHT,2022,7.658
RE1,OR_TERDHT,2023,8.323
RE1,OR_TERDHT,2024,8.559
RE1,OR_TERDHT,2025,8.907
RE1,OR_TERDHT,2026,9.218
RE1,OR_TERDHT,2027,9.523
RE1,OR_TERDHT,2028,9.825
RE1,OR_TERDHT,2029,10.135
RE1,OR_TERDHT,2030,10.443
RE1,OR_TERDHT,2031,10.724
RE1,OR_TERDHT,2032,10.999
RE1,OR_TERDHT,2033,11.276
RE1,OR_TERDHT,2034,11.546
RE1,OR_TERDHT,2035,11.809
RE1,OR_TERDHT,2036,12.068
RE1,OR_TERDHT,2037,12.329
RE1,OR_TERDHT,2038,12.596
RE1,OR_TERDHT,2039,12.877
RE1,OR_TERDHT,2040,13.177
RE1,OR_TERDHT,2041,13.499
RE1,OR_TERDHT,2042,13.846
RE1,OR_TERDHT,2043,14.219
RE1,OR_TERDHT,2044,14.619
RE1,OR_TERDHT,2045,15.045
RE1,OR_TERDHT,2046,15.496
RE1,OR_TERDHT,2047,15.972
RE1,OR_TERDHT,2048,16.472
RE1,OR_TERDHT,2049,16.995
RE1,OR_TERDHT,2050,17.541
RE1,OR_TERDHT,2051,18.116
RE1,OR_TERDHT,2052,18.712
RE1,OR_TERDHT,2053,19.307
RE1,OR_TERDHT,2054,19.922
RE1,OR_TERIHT,2022,0.458
RE1,OR_TERIHT,2023,0.461
RE1,OR_TERIHT,2024,0.464
RE1,OR_TERIHT,2025,0.467
RE1,OR_TERIHT,2026,0.47
RE1,OR_TERIHT,2027,0.473
RE1,OR_TERIHT,2028,0.476
RE1,OR_TERIHT,2029,0.48
RE1,OR_TERIHT,2030,0.484
RE1,OR_TERIHT,2031,0.499
RE1,OR_TERIHT,2032,0.515
RE1,OR_TERIHT,2033,0.532
RE1,OR_TERIHT,2034,0.549
RE1,OR_TERIHT,2035,0.567
RE1,OR_TERIHT,2036,0.585
RE1,OR_TERIHT,2037,0.604
RE1,OR_TERIHT,2038,0.624
RE1,OR_TERIHT,2039,0.644
RE1,OR_TERIHT,2040,0.665
RE1,OR_TERIHT,2041,0.687
RE1,OR_TERIHT,2042,0.709
RE1,OR_TERIHT,2043,0.732
RE1,OR_TERIHT,2044,0.756
RE1,OR_TERIHT,2045,0.781
RE1,OR_TERIHT,2046,0.807
RE1,OR_TERIHT,2047,0.833
RE1,OR_TERIHT,2048,0.861
RE1,OR_TERIHT,2049,0.889
RE1,OR_TERIHT,2050,0.919
RE1,OR_TERIHT,2051,0.949
RE1,OR_TERIHT,2052,0.981
RE1,OR_TERIHT,2053,1.012
RE1,OR_TERIHT,2054,1.045
RE1,OR_TERILU,2022,0.609
RE1,OR_TERILU,2023,0.629
RE1,OR_TERILU,2024,0.643
RE1,OR_TERILU,2025,0.668
RE1,OR_TERILU,2026,0.694
RE1,OR_TERILU,2027,0.719
RE1,OR_TERILU,2028,0.743
RE1,OR_TERILU,2029,0.767
RE1,OR_TERILU,2030,0.792
RE1,OR_TERILU,2031,0.813
RE1,OR_TERILU,2032,0.833
RE1,OR_TERILU,2033,0.855
RE1,OR_TERILU,2034,0.877
RE1,OR_TERILU,2035,0.899
RE1,OR_TERILU,2036,0.923
RE1,OR_TERILU,2037,0.946
RE1,OR_TERILU,2038,0.97
RE1,OR_TERILU,2039,0.995
RE1,OR_TERILU,2040,1.02
RE1,OR_TERILU,2041,1.046
RE1,OR_TERILU,2042,1.072
RE1,OR_TERILU,2043,1.099
RE1,OR_TERILU,2044,1.126
RE1,OR_TERILU,2045,1.154
RE1,OR_TERILU,2046,1.184
RE1,OR_TERILU,2047,1.214
RE1,OR_TERILU,2048,1.244
RE1,OR_TERILU,2049,1.275
RE1,OR_TERILU,2050,1.307
RE1,OR_TERILU,2051,1.35
RE1,OR_TERILU,2052,1.395
RE1,OR_TERILU,2053,1.44
RE1,OR_TERILU,2054,1.486
RE1,OR_TERMPW,2022,0.534
RE1,OR_TERMPW,2023,0.552
RE1,OR_TERMPW,2024,0.571
RE1,OR_TERMPW,2025,0.591
RE1,OR_TERMPW,2026,0.615
RE1,OR_TERMPW,2027,0.637
RE1,OR_TERMPW,2028,0.659
RE1,OR_TERMPW,2029,0.682
RE1,OR_TERMPW,2030,0.705
RE1,OR_TERMPW,2031,0.724
RE1,OR_TERMPW,2032,0.743
RE1,OR_TERMPW,2033,0.762
RE1,OR_TERMPW,2034,0.781
RE1,OR_TERMPW,2035,0.8
RE1,OR_TERMPW,2036,0.818
RE1,OR_TERMPW,2037,0.837
RE1,OR_TERMPW,2038,0.856
RE1,OR_TERMPW,2039,0.876
RE1,OR_TERMPW,2040,0.897
RE1,OR_TERMPW,2041,0.92
RE1,OR_TERMPW,2042,0.944
RE1,OR_TERMPW,2043,0.97
RE1,OR_TERMPW,2044,0.998
RE1,OR_TERMPW,2045,1.027
RE1,OR_TERMPW,2046,1.058
RE1,OR_TERMPW,2047,1.091
RE1,OR_TERMPW,2048,1.125
RE1,OR_TERMPW,2049,1.161
RE1,OR_TERMPW,2050,1.198
RE1,OR_TERMPW,2051,1.238
RE1,OR_TERMPW,2052,1.278
RE1,OR_TERMPW,2053,1.319
RE1,OR_TERMPW,2054,1.361
RE1,OR_TEROTH,2022,2.619
RE1,OR_TEROTH,2023,2.708
RE1,OR_TEROTH,2024,2.799
RE1,OR_TEROTH,2025,2.898
RE1,OR_TEROTH,2026,3.012
RE1,OR_TEROTH,2027,3.119
RE1,OR_TEROTH,2028,3.222
RE1,OR_TEROTH,2029,3.329
RE1,OR_TEROTH,2030,3.437
RE1,OR_TEROTH,2031,3.547
RE1,OR_TEROTH,2032,3.661
RE1,OR_TEROTH,2033,3.782
RE1,OR_TEROTH,2034,3.907
RE1,OR_TEROTH,2035,4.036
RE1,OR_TEROTH,2036,4.17
RE1,OR_TEROTH,2037,4.308
RE1,OR_TEROTH,2038,4.45
RE1,OR_TEROTH,2039,4.597
RE1,OR_TEROTH,2040,4.749
RE1,OR_TEROTH,2041,4.906
RE1,OR_TEROTH,2042,5.069
RE1,OR_TEROTH,2043,5.236
RE1,OR_TEROTH,2044,5.41
RE1,OR_TEROTH,2045,5.589
RE1,OR_TEROTH,2046,5.774
RE1,OR_TEROTH,2047,5.965
RE1,OR_TEROTH,2048,6.163
RE1,OR_TEROTH,2049,6.367
RE1,OR_TEROTH,2050,6.578
RE1,OR_TEROTH,2051,6.796
RE1,OR_TEROTH,2052,7.022
RE1,OR_TEROTH,2053,7.247
RE1,OR_TEROTH,2054,7.478
RE1,OR_TERREF_AUC,2022,0.415
RE1,OR_TERREF_AUC,2023,0.429
RE1,OR_TERREF_AUC,2024,0.444
RE1,OR_TERREF_AUC,2025,0.459
RE1,OR_TERREF_AUC,2026,0.478
RE1,OR_TERREF_AUC,2027,0.495
RE1,OR_TERREF_AUC,2028,0.512
RE1,OR_TERREF_AUC,2029,0.529
RE1,OR_TERREF_AUC,2030,0.547
RE1,OR_TERREF_AUC,2031,0.559
RE1,OR_TERREF_AUC,2032,0.57
RE1,OR_TERREF_AUC,2033,0.581
RE1,OR_TERREF_AUC,2034,0.59
RE1,OR_TERREF_AUC,2035,0.598
RE1,OR_TERREF_AUC,2036,0.605
RE1,OR_TERREF_AUC,2037,0.612
RE1,OR_TERREF_AUC,2038,0.619
RE1,OR_TERREF_AUC,2039,0.626
RE1,OR_TERREF_AUC,2040,0.635
RE1,OR_TERREF_AUC,2041,0.645
RE1,OR_TERREF_AUC,2042,0.657
RE1,OR_TERREF_AUC,2043,0.67
RE1,OR_TERREF_AUC,2044,0.685
RE1,OR_TERREF_AUC,2045,0.702
RE1,OR_TERREF_AUC,2046,0.721
RE1,OR_TERREF_AUC,2047,0.741
RE1,OR_TERREF_AUC,2048,0.763
RE1,OR_TERREF_AUC,2049,0.786
RE1,OR_TERREF_AUC,2050,0.81
RE1,OR_TERREF_AUC,2051,0.836
RE1,OR_TERREF_AUC,2052,0.864
RE1,OR_TERREF_AUC,2053,0.891
RE1,OR_TERREF_AUC,2054,0.919
RE1,OR_TERREF_CEN,2022,0.659
RE1,OR_TERREF_CEN,2023,0.681
RE1,OR_TERREF_CEN,2024,0.705
RE1,OR_TERREF_CEN,2025,0.729
RE1,OR_TERREF_CEN,2026,0.759
RE1,OR_TERREF_CEN,2027,0.786
RE1,OR_TERREF_CEN,2028,0.812
RE1,OR_TERREF_CEN,2029,0.84
RE1,OR_TERREF_CEN,2030,0.868
RE1,OR_TERREF_CEN,2031,0.888
RE1,OR_TERREF_CEN,2032,0.905
RE1,OR_TERREF_CEN,2033,0.922
RE1,OR_TERREF_CEN,2034,0.937
RE1,OR_TERREF_CEN,2035,0.95
RE1,OR_TERREF_CEN,2036,0.961
RE1,OR_TERREF_CEN,2037,0.972
RE1,OR_TERREF_CEN,2038,0.982
RE1,OR_TERREF_CEN,2039,0.994
RE1,OR_TERREF_CEN,2040,1.008
RE1,OR_TERREF_CEN,2041,1.024
RE1,OR_TERREF_CEN,2042,1.042
RE1,OR_TERREF_CEN,2043,1.064
RE1,OR_TERREF_CEN,2044,1.088
RE1,OR_TERREF_CEN,2045,1.115
RE1,OR_TERREF_CEN,2046,1.145
RE1,OR_TERREF_CEN,2047,1.177
RE1,OR_TERREF_CEN,2048,1.211
RE1,OR_TERREF_CEN,2049,1.248
RE1,OR_TERREF_CEN,2050,1.286
RE1,OR_TERREF_CEN,2051,1.328
RE1,OR_TERREF_CEN,2052,1.371
RE1,OR_TERREF_CEN,2053,1.415
RE1,OR_TERREF_CEN,2054,1.459
RE1,OR_TRAAVI,2022,9.587345503634937
RE1,OR_TRAAVI,2023,10.47977003403151
RE1,OR_TRAAVI,2024,10.80846419680726
RE1,OR_TRAAVI,2025,11.06481394609169
RE1,OR_TRAAVI,2026,11.40761627315826
RE1,OR_TRAAVI,2027,11.75041860022484
RE1,OR_TRAAVI,2028,12.05209633244367
RE1,OR_TRAAVI,2029,12.35707565673056
RE1,OR_TRAAVI,2030,12.66715866712265
RE1,OR_TRAAVI,2031,12.98234386561993
RE1,OR_TRAAVI,2032,13.30353304824097
RE1,OR_TRAAVI,2033,13.62922521895483
RE1,OR_TRAAVI,2034,13.96001957777388
RE1,OR_TRAAVI,2035,14.29621722270431
RE1,OR_TRAAVI,2036,14.63811925175232
RE1,OR_TRAAVI,2037,14.98452426889317
RE1,OR_TRAAVI,2038,15.33602997613916
RE1,OR_TRAAVI,2039,15.69264386349045
RE1,OR_TRAAVI,2040,16.05554935097144
RE1,OR_TRAAVI,2041,16.55844294133816
RE1,OR_TRAAVI,2042,16.92026986879691
RE1,OR_TRAAVI,2043,17.28211177625597
RE1,OR_TRAAVI,2044,17.64393870371472
RE1,OR_TRAAVI,2045,18.00576563117348
RE1,OR_TRAAVI,2046,18.36760753863254
RE1,OR_TRAAVI,2047,18.72943446609129
RE1,OR_TRAAVI,2048,19.09126139355005
RE1,OR_TRAAVI,2049,19.45310330100911
RE1,OR_TRAAVI,2050,19.81493022846786
RE1,OR_TRAAVI,2051,20.17675715592662
RE1,OR_TRAAVI,2052,20.53859906338567
RE1,OR_TRAAVI,2053,20.90042599084443
RE1,OR_TRAAVI,2054,21.26226789830349
RE1,OR_TRABUS,2022,9.129100426533647
RE1,OR_TRABUS,2023,10.78362002138389
RE1,OR_TRABUS,2024,12.87549908569439
RE1,OR_TRABUS,2025,13.16302392662365
RE1,OR_TRABUS,2026,13.46274968700672
RE1,OR_TRABUS,2027,13.79795154127709
RE1,OR_TRABUS,2028,14.12827512715916
RE1,OR_TRABUS,2029,14.54239191392489
RE1,OR_TRABUS,2030,15.11251810867008
RE1,OR_TRABUS,2031,15.99048331240095
RE1,OR_TRABUS,2032,17.15403681300926
RE1,OR_TRABUS,2033,18.48950739568585
RE1,OR_TRABUS,2034,19.33966602370681
RE1,OR_TRABUS,2035,20.84669092355092
RE1,OR_TRABUS,2036,22.22723605975487
RE1,OR_TRABUS,2037,23.75660466667849
RE1,OR_TRABUS,2038,25.36997913312879
RE1,OR_TRABUS,2039,27.180505436217
RE1,OR_TRABUS,2040,28.37595179747843
RE1,OR_TRABUS,2041,29.91733431787265
RE1,OR_TRABUS,2042,31.53831880886733
RE1,OR_TRABUS,2043,33.63921411437819
RE1,OR_TRABUS,2044,34.75488149023801
RE1,OR_TRABUS,2045,36.29524203786748
RE1,OR_TRABUS,2046,37.23020443567819
RE1,OR_TRABUS,2047,39.03660028121441
RE1,OR_TRABUS,2048,40.23926821871159
RE1,OR_TRABUS,2049,41.3616930865596
RE1,OR_TRABUS,2050,42.34807954342205
RE1,OR_TRABUS,2051,43.25269933598118
RE1,OR_TRABUS,2052,44.15720437971882
RE1,OR_TRABUS,2053,43.59130788589137
RE1,OR_TRABUS,2054,43.04341476440433
RE1,OR_TRAFWD,2022,8.471004254
RE1,OR_TRAFWD,2023,8.018290459
RE1,OR_TRAFWD,2024,7.38902905
RE1,OR_TRAFWD,2025,7.798363136
RE1,OR_TRAFWD,2026,8.203785509
RE1,OR_TRAFWD,2027,8.579006918
RE1,OR_TRAFWD,2028,8.93957967
RE1,OR_TRAFWD,2029,9.318197275
RE1,OR_TRAFWD,2030,9.735619658
RE1,OR_TRAFWD,2031,10.14161227
RE1,OR_TRAFWD,2032,10.68198009
RE1,OR_TRAFWD,2033,11.30591026
RE1,OR_TRAFWD,2034,11.84674438
RE1,OR_TRAFWD,2035,12.40154105
RE1,OR_TRAFWD,2036,13.0152567
RE1,OR_TRAFWD,2037,13.65439795
RE1,OR_TRAFWD,2038,14.32521802
RE1,OR_TRAFWD,2039,14.94920506
RE1,OR_TRAFWD,2040,15.55014808
RE1,OR_TRAFWD,2041,16.19335942
RE1,OR_TRAFWD,2042,16.97206848
RE1,OR_TRAFWD,2043,17.75861537
RE1,OR_TRAFWD,2044,18.62328417
RE1,OR_TRAFWD,2045,19.44335445
RE1,OR_TRAFWD,2046,20.21306892
RE1,OR_TRAFWD,2047,21.138436
RE1,OR_TRAFWD,2048,21.97410913
RE1,OR_TRAFWD,2049,22.85565969
RE1,OR_TRAFWD,2050,23.8678098
RE1,OR_TRAFWD,2051,24.7163234
RE1,OR_TRAFWD,2052,25.39805644
RE1,OR_TRAFWD,2053,26.13278594
RE1,OR_TRAFWD,2054,26.72365264
RE1,OR_TRAMET,2022,0.2502073820026811
RE1,OR_TRAMET,2023,0.241825774608579
RE1,OR_TRAMET,2024,0.2435426971286864
RE1,OR_TRAMET,2025,0.5065482573726542
RE1,OR_TRAMET,2026,0.9360388739946381
RE1,OR_TRAMET,2027,1.278666219839142
RE1,OR_TRAMET,2028,1.862580428954424
RE1,OR_TRAMET,2029,1.869819034852547
RE1,OR_TRAMET,2030,1.889121983914209
RE1,OR_TRAMET,2031,1.891534852546917
RE1,OR_TRAMET,2032,1.954269436997319
RE1,OR_TRAMET,2033,1.947030831099196
RE1,OR_TRAMET,2034,1.973572386058981
RE1,OR_TRAMET,2035,2.036306970509383
RE1,OR_TRAMET,2036,2.09421581769437
RE1,OR_TRAMET,2037,2.077325737265415
RE1,OR_TRAMET,2038,2.096628686327078
RE1,OR_TRAMET,2039,2.096628686327078
RE1,OR_TRAMET,2040,2.096628686327078
RE1,OR_TRAMET,2041,2.096628686327078
RE1,OR_TRAMET,2042,2.096628686327078
RE1,OR_TRAMET,2043,2.096628686327078
RE1,OR_TRAMET,2044,2.096628686327078
RE1,OR_TRAMET,2045,2.096628686327078
RE1,OR_TRAMET,2046,2.096628686327078
RE1,OR_TRAMET,2047,2.096628686327078
RE1,OR_TRAMET,2048,2.096628686327078
RE1,OR_TRAMET,2049,2.096628686327078
RE1,OR_TRAMET,2050,2.096628686327078
RE1,OR_TRAMET,2051,2.096628686327078
RE1,OR_TRAMET,2052,2.096628686327078
RE1,OR_TRAMET,2053,2.096628686327078
RE1,OR_TRAMET,2054,2.096628686327078
RE1,OR_TRAMIC,2022,1.345929932
RE1,OR_TRAMIC,2023,1.537307233
RE1,OR_TRAMIC,2024,1.547336388
RE1,OR_TRAMIC,2025,1.546127925
RE1,OR_TRAMIC,2026,1.545515607
RE1,OR_TRAMIC,2027,1.544558088
RE1,OR_TRAMIC,2028,1.543297077
RE1,OR_TRAMIC,2029,1.541792873
RE1,OR_TRAMIC,2030,1.540195127
RE1,OR_TRAMIC,2031,1.538517012
RE1,OR_TRAMIC,2032,1.53711838
RE1,OR_TRAMIC,2033,1.536090666
RE1,OR_TRAMIC,2034,1.535147943
RE1,OR_TRAMIC,2035,1.535895942
RE1,OR_TRAMIC,2036,1.538725132
RE1,OR_TRAMIC,2037,1.545825134
RE1,OR_TRAMIC,2038,1.558557211
RE1,OR_TRAMIC,2039,1.580073275
RE1,OR_TRAMIC,2040,1.611508475
RE1,OR_TRAMIC,2041,1.661411697
RE1,OR_TRAMIC,2042,1.72266587
RE1,OR_TRAMIC,2043,1.806880743
RE1,OR_TRAMIC,2044,1.8935438
RE1,OR_TRAMIC,2045,1.992728187
RE1,OR_TRAMIC,2046,2.082000434
RE1,OR_TRAMIC,2047,2.199877634
RE1,OR_TRAMIC,2048,2.298316925
RE1,OR_TRAMIC,2049,2.391135797
RE1,OR_TRAMIC,2050,2.476796269
RE1,OR_TRAMIC,2051,2.559623899
RE1,OR_TRAMIC,2052,2.643957465
RE1,OR_TRAMIC,2053,2.658697369
RE1,OR_TRAMIC,2054,2.671091452
RE1,OR_TRAMTC,2022,3.968611885
RE1,OR_TRAMTC,2023,3.780154725
RE1,OR_TRAMTC,2024,3.504770574
RE1,OR_TRAMTC,2025,3.629914388
RE1,OR_TRAMTC,2026,3.752073934
RE1,OR_TRAMTC,2027,3.875880302
RE1,OR_TRAMTC,2028,3.992722652
RE1,OR_TRAMTC,2029,4.117368125
RE1,OR_TRAMTC,2030,4.213454488
RE1,OR_TRAMTC,2031,4.326648009
RE1,OR_TRAMTC,2032,4.440671008
RE1,OR_TRAMTC,2033,4.487589308
RE1,OR_TRAMTC,2034,4.478481203
RE1,OR_TRAMTC,2035,4.424236945
RE1,OR_TRAMTC,2036,4.308871802
RE1,OR_TRAMTC,2037,4.105160901
RE1,OR_TRAMTC,2038,3.844643955
RE1,OR_TRAMTC,2039,3.549836287
RE1,OR_TRAMTC,2040,3.223434136
RE1,OR_TRAMTC,2041,2.903723261
RE1,OR_TRAMTC,2042,2.56917634
RE1,OR_TRAMTC,2043,2.514814909
RE1,OR_TRAMTC,2044,2.461901717
RE1,OR_TRAMTC,2045,2.40218845
RE1,OR_TRAMTC,2046,2.353843849
RE1,OR_TRAMTC,2047,2.30532588
RE1,OR_TRAMTC,2048,2.246110944
RE1,OR_TRAMTC,2049,2.201648992
RE1,OR_TRAMTC,2050,2.139299379
RE1,OR_TRAMTC,2051,2.051719138
RE1,OR_TRAMTC,2052,1.971589129
RE1,OR_TRAMTC,2053,1.850294107
RE1,OR_TRAMTC,2054,1.730336387
RE1,OR_TRASTT,2022,15.26212345045454
RE1,OR_TRASTT,2023,14.79738464758102
RE1,OR_TRASTT,2024,13.71883758307963
RE1,OR_TRASTT,2025,13.97286594757493
RE1,OR_TRASTT,2026,14.23640816702967
RE1,OR_TRASTT,2027,14.48943294279451
RE1,OR_TRASTT,2028,14.74037804518118
RE1,OR_TRASTT,2029,14.98302864249295
RE1,OR_TRASTT,2030,15.24247730091048
RE1,OR_TRASTT,2031,15.46966512306273
RE1,OR_TRASTT,2032,15.76691038044683
RE1,OR_TRASTT,2033,16.11175451745703
RE1,OR_TRASTT,2034,16.39251203302298
RE1,OR_TRASTT,2035,16.67108465607678
RE1,OR_TRASTT,2036,16.97803191613049
RE1,OR_TRASTT,2037,17.29449451769666
RE1,OR_TRASTT,2038,17.63285783607971
RE1,OR_TRASTT,2039,17.95176731512482
RE1,OR_TRASTT,2040,18.25024315396425
RE1,OR_TRASTT,2041,18.56579384157916
RE1,OR_TRASTT,2042,18.95701922537808
RE1,OR_TRASTT,2043,19.35820874839858
RE1,OR_TRASTT,2044,19.75741784666765
RE1,OR_TRASTT,2045,20.15103509013992
RE1,OR_TRASTT,2046,20.4745630772868
RE1,OR_TRASTT,2047,20.91720847910602
RE1,OR_TRASTT,2048,21.27750730724551
RE1,OR_TRASTT,2049,21.63938170145032
RE1,OR_TRASTT,2050,22.06382027886783
RE1,OR_TRASTT,2051,22.42115936738959
RE1,OR_TRASTT,2052,22.70000319627223
RE1,OR_TRASTT,2053,22.91348992691838
RE1,OR_TRASTT,2054,23.06660602055955
RE1,OR_TRATAX,2022,3.401582906
RE1,OR_TRATAX,2023,3.330971384
RE1,OR_TRATAX,2024,3.02035916
RE1,OR_TRATAX,2025,3.047308374
RE1,OR_TRATAX,2026,3.069837894
RE1,OR_TRATAX,2027,3.088795341
RE1,OR_TRATAX,2028,3.104019475
RE1,OR_TRATAX,2029,3.118311961
RE1,OR_TRATAX,2030,3.12719224
RE1,OR_TRATAX,2031,3.137976733
RE1,OR_TRATAX,2032,3.149299641
RE1,OR_TRATAX,2033,3.155244036
RE1,OR_TRATAX,2034,3.159239346
RE1,OR_TRATAX,2035,3.162387865
RE1,OR_TRATAX,2036,3.164029737
RE1,OR_TRATAX,2037,3.16448135
RE1,OR_TRATAX,2038,3.163016234
RE1,OR_TRATAX,2039,3.159892626
RE1,OR_TRATAX,2040,3.155915554
RE1,OR_TRATAX,2041,3.151584614
RE1,OR_TRATAX,2042,3.146528086
RE1,OR_TRATAX,2043,3.140777413
RE1,OR_TRATAX,2044,3.134489174
RE1,OR_TRATAX,2045,3.127266917
RE1,OR_TRATAX,2046,3.120443282
RE1,OR_TRATAX,2047,3.112775289
RE1,OR_TRATAX,2048,3.104692563
RE1,OR_TRATAX,2049,3.096574482
RE1,OR_TRATAX,2050,3.08814106
RE1,OR_TRATAX,2051,3.079354639
RE1,OR_TRATAX,2052,3.070530302
RE1,OR_TRATAX,2053,3.061490323
RE1,OR_TRATAX,2054,3.614306251
RE1,OR_TRATCK,2022,9.67034168
RE1,OR_TRATCK,2023,9.356019274
RE1,OR_TRATCK,2024,8.727644053
RE1,OR_TRATCK,2025,8.923311836
RE1,OR_TRATCK,2026,9.128117234
RE1,OR_TRATCK,2027,9.326785999
RE1,OR_TRATCK,2028,9.523729159
RE1,OR_TRATCK,2029,9.717629294
RE1,OR_TRATCK,2030,9.92106153
RE1,OR_TRATCK,2031,10.10798342
RE1,OR_TRATCK,2032,10.34934152
RE1,OR_TRATCK,2033,10.6195543
RE1,OR_TRATCK,2034,10.84132552
RE1,OR_TRATCK,2035,11.06397634
RE1,OR_TRATCK,2036,11.30379841
RE1,OR_TRATCK,2037,11.54744853
RE1,OR_TRATCK,2038,11.79802964
RE1,OR_TRATCK,2039,12.02436794
RE1,OR_TRATCK,2040,12.22623202
RE1,OR_TRATCK,2041,12.43325755
RE1,OR_TRATCK,2042,12.67920065
RE1,OR_TRATCK,2043,12.91859039
RE1,OR_TRATCK,2044,13.15185829
RE1,OR_TRATCK,2045,13.36100062
RE1,OR_TRATCK,2046,13.5223199
RE1,OR_TRATCK,2047,13.74032578
RE1,OR_TRATCK,2048,13.89940345
RE1,OR_TRATCK,2049,14.05973961
RE1,OR_TRATCK,2050,14.25708565
RE1,OR_TRATCK,2051,14.3963911
RE1,OR_TRATCK,2052,14.4799649
RE1,OR_TRATCK,2053,14.53415748
RE1,OR_TRATCK,2054,14.54308372
RE1,SE_AGFELC,2022,0.0178568
RE1,SE_AGFELC,2023,0.0187776
RE1,SE_AGFELC,2024,0.019084
RE1,SE_AGFELC,2025,0.0197903
RE1,SE_AGFELC,2026,0.0203332
RE1,SE_AGFELC,2027,0.0209166
RE1,SE_AGFELC,2028,0.0215246
RE1,SE_AGFELC,2029,0.0221523
RE1,SE_AGFELC,2030,0.0227955
RE1,SE_AGFELC,2031,0.0234544
RE1,SE_AGFELC,2032,0.0241346
RE1,SE_AGFELC,2033,0.0248372
RE1,SE_AGFELC,2034,0.0255602
RE1,SE_AGFELC,2035,0.0263443
RE1,SE_AGFELC,2036,0.0271519
RE1,SE_AGFELC,2037,0.0280164
RE1,SE_AGFELC,2038,0.0289072
RE1,SE_AGFELC,2039,0.0298249
RE1,SE_AGFELC,2040,0.0307705
RE1,SE_AGFELC,2041,0.0317447
RE1,SE_AGFELC,2042,0.0328473
RE1,SE_AGFELC,2043,0.0339839
RE1,SE_AGFELC,2044,0.0351557
RE1,SE_AGFELC,2045,0.0363636
RE1,SE_AGFELC,2046,0.0376087
RE1,SE_AGFELC,2047,0.0388922
RE1,SE_AGFELC,2048,0.040283
RE1,SE_AGFELC,2049,0.0418194
RE1,SE_AGFELC,2050,0.0434051
RE1,SE_AGFELC,2051,0.0450413
RE1,SE_AGFELC,2052,0.0467298
RE1,SE_AGFELC,2053,0.0484719
RE1,SE_AGFELC,2054,0.0502838
RE1,SE_AGFHEA,2022,0.2266759
RE1,SE_AGFHEA,2023,0.233016
RE1,SE_AGFHEA,2024,0.2500163
RE1,SE_AGFHEA,2025,0.2592687
RE1,SE_AGFHEA,2026,0.2663821
RE1,SE_AGFHEA,2027,0.2740242
RE1,SE_AGFHEA,2028,0.2819893
RE1,SE_AGFHEA,2029,0.2902133
RE1,SE_AGFHEA,2030,0.2986403
RE1,SE_AGFHEA,2031,0.3072721
RE1,SE_AGFHEA,2032,0.3161835
RE1,SE_AGFHEA,2033,0.325388
RE1,SE_AGFHEA,2034,0.3348597
RE1,SE_AGFHEA,2035,0.3451314
RE1,SE_AGFHEA,2036,0.3557116
RE1,SE_AGFHEA,2037,0.3670384
RE1,SE_AGFHEA,2038,0.3787081
RE1,SE_AGFHEA,2039,0.3907313
RE1,SE_AGFHEA,2040,0.4031187
RE1,SE_AGFHEA,2041,0.4158815
RE1,SE_AGFHEA,2042,0.4303264
RE1,SE_AGFHEA,2043,0.4452175
RE1,SE_AGFHEA,2044,0.4605682
RE1,SE_AGFHEA,2045,0.4763925
RE1,SE_AGFHEA,2046,0.4927047
RE1,SE_AGFHEA,2047,0.5095199
RE1,SE_AGFHEA,2048,0.5277404
RE1,SE_AGFHEA,2049,0.5478688
RE1,SE_AGFHEA,2050,0.5686418
RE1,SE_AGFHEA,2051,0.5900785
RE1,SE_AGFHEA,2052,0.6121986
RE1,SE_AGFHEA,2053,0.6350222
RE1,SE_AGFHEA,2054,0.6587584
RE1,SE_INDCLIM,2022,2.365215809627527e-05
RE1,SE_INDCLIM,2023,5.46326656080513e-05
RE1,SE_INDCLIM,2024,5.129156016461837e-05
RE1,SE_INDCLIM,2025,4.936675054905542e-05
RE1,SE_INDCLIM,2026,5.053743600160531e-05
RE1,SE_INDCLIM,2027,5.122339230931815e-05
RE1,SE_INDCLIM,2028,5.211065541751226e-05
RE1,SE_INDCLIM,2029,5.30784318456517e-05
RE1,SE_INDCLIM,2030,5.358428014331902e-05
RE1,SE_INDCLIM,2031,5.376473257876804e-05
RE1,SE_INDCLIM,2032,5.423948158747136e-05
RE1,SE_INDCLIM,2033,5.493191195276101e-05
RE1,SE_INDCLIM,2034,5.632523696921304e-05
RE1,SE_INDCLIM,2035,5.812649617643871e-05
RE1,SE_INDCLIM,2036,6.021403196877585e-05
RE1,SE_INDCLIM,2037,6.237979655469543e-05
RE1,SE_INDCLIM,2038,6.461472345183551e-05
RE1,SE_INDCLIM,2039,6.692848218786926e-05
RE1,SE_INDCLIM,2040,6.932774836565316e-05
RE1,SE_INDCLIM,2041,7.18188333929541e-05
RE1,SE_INDCLIM,2042,7.449436674280489e-05
RE1,SE_INDCLIM,2043,7.727843285168713e-05
RE1,SE_INDCLIM,2044,8.014879267319059e-05
RE1,SE_INDCLIM,2045,8.313231793035628e-05
RE1,SE_INDCLIM,2046,8.626125366283864e-05
RE1,SE_INDCLIM,2047,8.953113920457858e-05
RE1,SE_INDCLIM,2048,9.292008314853321e-05
RE1,SE_INDCLIM,2049,9.643295058555889e-05
RE1,SE_INDCLIM,2050,0.0001000819644346996
RE1,SE_INDCLIM,2051,0.0001038806490957866
RE1,SE_INDCLIM,2052,0.0001078365190514196
RE1,SE_INDCLIM,2053,0.0001119577698169867
RE1,SE_INDCLIM,2054,0.0001162139074021731
RE1,SE_INDDHT,2022,0.004802599665952022
RE1,SE_INDDHT,2023,0.001030787636255014
RE1,SE_INDDHT,2024,0.001030682218176518
RE1,SE_INDDHT,2025,0.0008744979550207318
RE1,SE_INDDHT,2026,0.0008968772238217456
RE1,SE_INDDHT,2027,0.0009105505214396403
RE1,SE_INDDHT,2028,0.0009273208287949859
RE1,SE_INDDHT,2029,0.00094494939610195
RE1,SE_INDDHT,2030,0.0009548329581113474
RE1,SE_INDDHT,2031,0.0009611810979609253
RE1,SE_INDDHT,2032,0.0009711806483789178
RE1,SE_INDDHT,2033,0.000985425547784253
RE1,SE_INDDHT,2034,0.001011723516406235
RE1,SE_INDDHT,2035,0.001044659119958734
RE1,SE_INDDHT,2036,0.001082790170570678
RE1,SE_INDDHT,2037,0.001122199163052277
RE1,SE_INDDHT,2038,0.001162799011391146
RE1,SE_INDDHT,2039,0.001204826806063269
RE1,SE_INDDHT,2040,0.001248457439417352
RE1,SE_INDDHT,2041,0.001293798063986368
RE1,SE_INDDHT,2042,0.001342312125082719
RE1,SE_INDDHT,2043,0.0013927628978676
RE1,SE_INDDHT,2044,0.001444649309800911
RE1,SE_INDDHT,2045,0.001498574599693383
RE1,SE_INDDHT,2046,0.001555065409916634
RE1,SE_INDDHT,2047,0.001614033072759132
RE1,SE_INDDHT,2048,0.001675111364793577
RE1,SE_INDDHT,2049,0.001738396756145644
RE1,SE_INDDHT,2050,0.001804077756571255
RE1,SE_INDDHT,2051,0.001872374166488174
RE1,SE_INDDHT,2052,0.001943405525499717
RE1,SE_INDDHT,2053,0.002020388622103702
RE1,SE_INDDHT,2054,0.0020999305526876
RE1,SE_INDIHT,2022,0.03630895966806614
RE1,SE_INDIHT,2023,0.01877779561872875
RE1,SE_INDIHT,2024,0.01817228835697393
RE1,SE_INDIHT,2025,0.01772538088893945
RE1,SE_INDIHT,2026,0.01817431089884832
RE1,SE_INDIHT,2027,0.01844825849901931
RE1,SE_INDIHT,2028,0.01878358372335354
RE1,SE_INDIHT,2029,0.01913491314253038
RE1,SE_INDIHT,2030,0.01933351302679687
RE1,SE_INDIHT,2031,0.01947939435807041
RE1,SE_INDIHT,2032,0.01968167557392034
RE1,SE_INDIHT,2033,0.01996893583615147
RE1,SE_INDIHT,2034,0.02049998965341702
RE1,SE_INDIHT,2035,0.02116642648832009
RE1,SE_INDIHT,2036,0.02193894858796925
RE1,SE_INDIHT,2037,0.02273733777493517
RE1,SE_INDIHT,2038,0.02356020061598326
RE1,SE_INDIHT,2039,0.02441266285762192
RE1,SE_INDIHT,2040,0.02529844132937479
RE1,SE_INDIHT,2041,0.02621972602962519
RE1,SE_INDIHT,2042,0.02720435666261449
RE1,SE_INDIHT,2043,0.02822909979568466
RE1,SE_INDIHT,2044,0.02928387693567299
RE1,SE_INDIHT,2045,0.03038145736184653
RE1,SE_INDIHT,2046,0.03153181419922504
RE1,SE_INDIHT,2047,0.03273306990202655
RE1,SE_INDIHT,2048,0.03397814747153118
RE1,SE_INDIHT,2049,0.0352691889194309
RE1,SE_INDIHT,2050,0.0366097410604075
RE1,SE_INDIHT,2051,0.03800433618298502
RE1,SE_INDIHT,2052,0.03945535303381427
RE1,SE_INDIHT,2053,0.0410013107138345
RE1,SE_INDIHT,2054,0.0425982947211388
RE1,SE_INDILU,2022,3.634079364868862e-05
RE1,SE_INDILU,2023,8.684596089913046e-05
RE1,SE_INDILU,2024,8.231347849255859e-05
RE1,SE_INDILU,2025,7.84067766594588e-05
RE1,SE_INDILU,2026,8.03307205231295e-05
RE1,SE_INDILU,2027,8.147881753736374e-05
RE1,SE_INDILU,2028,8.292888785473293e-05
RE1,SE_INDILU,2029,8.449361811142045e-05
RE1,SE_INDILU,2030,8.53356551176289e-05
RE1,SE_INDILU,2031,8.567935283062299e-05
RE1,SE_INDILU,2032,8.648533905586772e-05
RE1,SE_INDILU,2033,8.766212589060317e-05
RE1,SE_INDILU,2034,8.993639463911447e-05
RE1,SE_INDILU,2035,9.284414682443489e-05
RE1,SE_INDILU,2036,9.621522706371367e-05
RE1,SE_INDILU,2037,9.970880645753168e-05
RE1,SE_INDILU,2038,0.0001033126018429881
RE1,SE_INDILU,2039,0.0001070445231903614
RE1,SE_INDILU,2040,0.0001109167879630922
RE1,SE_INDILU,2041,0.0001149393564541831
RE1,SE_INDILU,2042,0.0001192592599905341
RE1,SE_INDILU,2043,0.0001237556193045274
RE1,SE_INDILU,2044,0.0001283886878620556
RE1,SE_INDILU,2045,0.0001332052752217587
RE1,SE_INDILU,2046,0.0001382569151221984
RE1,SE_INDILU,2047,0.0001435360406001496
RE1,SE_INDILU,2048,0.0001490080275013695
RE1,SE_INDILU,2049,0.0001546809291882412
RE1,SE_INDILU,2050,0.0001605747476229834
RE1,SE_INDILU,2051,0.0001667110326370165
RE1,SE_INDILU,2052,0.0001731017133364132
RE1,SE_INDILU,2053,0.0001797606170506725
RE1,SE_INDILU,2054,0.0001866373897030324
RE1,SE_INDMPW,2022,0.001005579156079578
RE1,SE_INDMPW,2023,0.001761148240435806
RE1,SE_INDMPW,2024,0.001660366314560359
RE1,SE_INDMPW,2025,0.001556798520726296
RE1,SE_INDMPW,2026,0.001596444092208464
RE1,SE_INDMPW,2027,0.001620621398441854
RE1,SE_INDMPW,2028,0.001650666990122367
RE1,SE_INDMPW,2029,0.001682838206170726
RE1,SE_INDMPW,2030,0.001700758167232578
RE1,SE_INDMPW,2031,0.001709414162728919
RE1,SE_INDMPW,2032,0.001726817029447444
RE1,SE_INDMPW,2033,0.001751753422945823
RE1,SE_INDMPW,2034,0.001798569154971904
RE1,SE_INDMPW,2035,0.001857892347176739
RE1,SE_INDMPW,2036,0.001926469684791452
RE1,SE_INDMPW,2037,0.001997515331019717
RE1,SE_INDMPW,2038,0.002070811987842893
RE1,SE_INDMPW,2039,0.002146740286190201
RE1,SE_INDMPW,2040,0.002225565939775655
RE1,SE_INDMPW,2041,0.002307492327189719
RE1,SE_INDMPW,2042,0.002395407482127112
RE1,SE_INDMPW,2043,0.002486936222529913
RE1,SE_INDMPW,2044,0.002581253362575656
RE1,SE_INDMPW,2045,0.002679324382909042
RE1,SE_INDMPW,2046,0.002782176593022076
RE1,SE_INDMPW,2047,0.002889669061891481
RE1,SE_INDMPW,2048,0.003001116115493883
RE1,SE_INDMPW,2049,0.003116684951508645
RE1,SE_INDMPW,2050,0.003236778104857333
RE1,SE_INDMPW,2051,0.003361829013809027
RE1,SE_INDMPW,2052,0.003492077125192016
RE1,SE_INDMPW,2053,0.003627815952604087
RE1,SE_INDMPW,2054,0.003768020988006421
RE1,SE_INDREF,2022,0.0001203841785863535
RE1,SE_INDREF,2023,0.0002196268527348671
RE1,SE_INDREF,2024,0.0002069110436171153
RE1,SE_INDREF,2025,0.00019754395659169
RE1,SE_INDREF,2026,0.0002025677399820394
RE1,SE_INDREF,2027,0.0002055972219751305
RE1,SE_INDREF,2028,0.0002093637575744166
RE1,SE_INDREF,2029,0.000213382215060395
RE1,SE_INDREF,2030,0.0002155850018126836
RE1,SE_INDREF,2031,0.0002165438071011676
RE1,SE_INDREF,2032,0.0002187648716183285
RE1,SE_INDREF,2033,0.0002220149205349617
RE1,SE_INDREF,2034,0.0002280457643246588
RE1,SE_INDREF,2035,0.0002355921644359562
RE1,SE_INDREF,2036,0.0002442768052766782
RE1,SE_INDREF,2037,0.0002532733890320761
RE1,SE_INDREF,2038,0.0002625576470109514
RE1,SE_INDREF,2039,0.0002721790896240456
RE1,SE_INDREF,2040,0.0002821750746830873
RE1,SE_INDREF,2041,0.0002925729431440903
RE1,SE_INDREF,2042,0.0003037453511850184
RE1,SE_INDREF,2043,0.000315377582358047
RE1,SE_INDREF,2044,0.0003273549641797653
RE1,SE_INDREF,2045,0.0003397966551266772
RE1,SE_INDREF,2046,0.0003528427601257093
RE1,SE_INDREF,2047,0.0003664801462944805
RE1,SE_INDREF,2048,0.000380619145998236
RE1,SE_INDREF,2049,0.0003952791224658035
RE1,SE_INDREF,2050,0.0004105159597250899
RE1,SE_INDREF,2051,0.0004263840482169231
RE1,SE_INDREF,2052,0.0004429129082607283
RE1,SE_INDREF,2053,0.0004601373805350651
RE1,SE_INDREF,2054,0.0004779256020497581
RE1,SE_OTHDSL,2022,0.001022629
RE1,SE_OTHDSL,2023,0.000785565
RE1,SE_OTHDSL,2024,0.000683714
RE1,SE_OTHDSL,2025,0.000666331
RE1,SE_OTHDSL,2026,0.000642459
RE1,SE_OTHDSL,2027,0.000659294
RE1,SE_OTHDSL,2028,0.000669675
RE1,SE_OTHDSL,2029,0.000682236
RE1,SE_OTHDSL,2030,0.000695476
RE1,SE_OTHDSL,2031,0.000703047
RE1,SE_OTHDSL,2032,0.000707218
RE1,SE_OTHDSL,2033,0.000714879
RE1,SE_OTHDSL,2034,0.000726025
RE1,SE_OTHDSL,2035,0.000745944
RE1,SE_OTHDSL,2036,0.000770739
RE1,SE_OTHDSL,2037,0.000799397
RE1,SE_OTHDSL,2038,0.000829034
RE1,SE_OTHDSL,2039,0.000859597
RE1,SE_OTHDSL,2040,0.00089128
RE1,SE_OTHDSL,2041,0.000924218
RE1,SE_OTHDSL,2042,0.000958491
RE1,SE_OTHDSL,2043,0.000995258
RE1,SE_OTHDSL,2044,0.001033555
RE1,SE_OTHDSL,2045,0.001072975
RE1,SE_OTHDSL,2046,0.001113971
RE1,SE_OTHDSL,2047,0.001156967
RE1,SE_OTHDSL,2048,0.001201903
RE1,SE_OTHDSL,2049,0.001248499
RE1,SE_OTHDSL,2050,0.001296823
RE1,SE_OTHDSL,2051,0.001347053
RE1,SE_OTHDSL,2052,0.001399364
RE1,SE_OTHDSL,2053,0.001453853
RE1,SE_OTHDSL,2054,0.001510652
RE1,SE_OTHELC,2022,0.011517203
RE1,SE_OTHELC,2023,0.010765015
RE1,SE_OTHELC,2024,0.015270572
RE1,SE_OTHELC,2025,0.014532395
RE1,SE_OTHELC,2026,0.015075339
RE1,SE_OTHELC,2027,0.01545929
RE1,SE_OTHELC,2028,0.015691968
RE1,SE_OTHELC,2029,0.01597586
RE1,SE_OTHELC,2030,0.016275689
RE1,SE_OTHELC,2031,0.016442971
RE1,SE_OTHELC,2032,0.016530946
RE1,SE_OTHELC,2033,0.016700693
RE1,SE_OTHELC,2034,0.016951975
RE1,SE_OTHELC,2035,0.017408032
RE1,SE_OTHELC,2036,0.017977655
RE1,SE_OTHELC,2037,0.01863706
RE1,SE_OTHELC,2038,0.019318924
RE1,SE_OTHELC,2039,0.020022003
RE1,SE_OTHELC,2040,0.020750786
RE1,SE_OTHELC,2041,0.021508393
RE1,SE_OTHELC,2042,0.022296688
RE1,SE_OTHELC,2043,0.023142579
RE1,SE_OTHELC,2044,0.024023586
RE1,SE_OTHELC,2045,0.024930222
RE1,SE_OTHELC,2046,0.025873033
RE1,SE_OTHELC,2047,0.026861807
RE1,SE_OTHELC,2048,0.027895137
RE1,SE_OTHELC,2049,0.028966464
RE1,SE_OTHELC,2050,0.030077363
RE1,SE_OTHELC,2051,0.031231929
RE1,SE_OTHELC,2052,0.032434206
RE1,SE_OTHELC,2053,0.033686373
RE1,SE_OTHELC,2054,0.03499148
RE1,SE_OTHGSL,2022,0.000189099
RE1,SE_OTHGSL,2023,2.375e-05
RE1,SE_OTHGSL,2024,1.81e-05
RE1,SE_OTHGSL,2025,1.7706e-05
RE1,SE_OTHGSL,2026,1.7103e-05
RE1,SE_OTHGSL,2027,1.7552e-05
RE1,SE_OTHGSL,2028,1.7829e-05
RE1,SE_OTHGSL,2029,1.8164e-05
RE1,SE_OTHGSL,2030,1.8517e-05
RE1,SE_OTHGSL,2031,1.8719e-05
RE1,SE_OTHGSL,2032,1.883e-05
RE1,SE_OTHGSL,2033,1.9035e-05
RE1,SE_OTHGSL,2034,1.9333e-05
RE1,SE_OTHGSL,2035,1.9864e-05
RE1,SE_OTHGSL,2036,2.0524e-05
RE1,SE_OTHGSL,2037,2.1288e-05
RE1,SE_OTHGSL,2038,2.2078e-05
RE1,SE_OTHGSL,2039,2.2892e-05
RE1,SE_OTHGSL,2040,2.3737e-05
RE1,SE_OTHGSL,2041,2.4614e-05
RE1,SE_OTHGSL,2042,2.5528e-05
RE1,SE_OTHGSL,2043,2.6507e-05
RE1,SE_OTHGSL,2044,2.7528e-05
RE1,SE_OTHGSL,2045,2.8578e-05
RE1,SE_OTHGSL,2046,2.967e-05
RE1,SE_OTHGSL,2047,3.0816e-05
RE1,SE_OTHGSL,2048,3.2014e-05
RE1,SE_OTHGSL,2049,3.3256e-05
RE1,SE_OTHGSL,2050,3.4544e-05
RE1,SE_OTHGSL,2051,3.5882e-05
RE1,SE_OTHGSL,2052,3.7276e-05
RE1,SE_OTHGSL,2053,3.8728e-05
RE1,SE_OTHGSL,2054,4.0242e-05
RE1,SE_RESCLIM,2022,0.010962
RE1,SE_RESCLIM,2023,0.010552
RE1,SE_RESCLIM,2024,0.012814
RE1,SE_RESCLIM,2025,0.01436
RE1,SE_RESCLIM,2026,0.014906
RE1,SE_RESCLIM,2027,0.015472
RE1,SE_RESCLIM,2028,0.016041
RE1,SE_RESCLIM,2029,0.016634
RE1,SE_RESCLIM,2030,0.017239
RE1,SE_RESCLIM,2031,0.01786
RE1,SE_RESCLIM,2032,0.01848
RE1,SE_RESCLIM,2033,0.01911
RE1,SE_RESCLIM,2034,0.01974
RE1,SE_RESCLIM,2035,0.020371
RE1,SE_RESCLIM,2036,0.020888
RE1,SE_RESCLIM,2037,0.021522
RE1,SE_RESCLIM,2038,0.022157
RE1,SE_RESCLIM,2039,0.022795
RE1,SE_RESCLIM,2040,0.023438
RE1,SE_RESCLIM,2041,0.024078
RE1,SE_RESCLIM,2042,0.02472
RE1,SE_RESCLIM,2043,0.025369
RE1,SE_RESCLIM,2044,0.026021
RE1,SE_RESCLIM,2045,0.026671
RE1,SE_RESCLIM,2046,0.027328
RE1,SE_RESCLIM,2047,0.027987
RE1,SE_RESCLIM,2048,0.028662
RE1,SE_RESCLIM,2049,0.029323
RE1,SE_RESCLIM,2050,0.03001
RE1,SE_RESCLIM,2051,0.030696
RE1,SE_RESCLIM,2052,0.031387
RE1,SE_RESCLIM,2053,0.032082
RE1,SE_RESCLIM,2054,0.032782
RE1,SE_RESCLIM_RUR,2022,0.001547259456148869
RE1,SE_RESCLIM_RUR,2023,0.0012431910961644
RE1,SE_RESCLIM_RUR,2024,0.002268588916294123
RE1,SE_RESCLIM_RUR,2025,0.002458907331333568
RE1,SE_RESCLIM_RUR,2026,0.00263147289706571
RE1,SE_RESCLIM_RUR,2027,0.00281594945445191
RE1,SE_RESCLIM_RUR,2028,0.003012089699755326
RE1,SE_RESCLIM_RUR,2029,0.003220596949180227
RE1,SE_RESCLIM_RUR,2030,0.003444115266460615
RE1,SE_RESCLIM_RUR,2031,0.003683039764090781
RE1,SE_RESCLIM_RUR,2032,0.003934583188916154
RE1,SE_RESCLIM_RUR,2033,0.004198185772445159
RE1,SE_RESCLIM_RUR,2034,0.004475671440964703
RE1,SE_RESCLIM_RUR,2035,0.004765865198263095
RE1,SE_RESCLIM_RUR,2036,0.005093421562547253
RE1,SE_RESCLIM_RUR,2037,0.005408881544256332
RE1,SE_RESCLIM_RUR,2038,0.00573688491214732
RE1,SE_RESCLIM_RUR,2039,0.006076284925526068
RE1,SE_RESCLIM_RUR,2040,0.006427446494994993
RE1,SE_RESCLIM_RUR,2041,0.006789630608775261
RE1,SE_RESCLIM_RUR,2042,0.007164846652950564
RE1,SE_RESCLIM_RUR,2043,0.007549992914461017
RE1,SE_RESCLIM_RUR,2044,0.00794476484445771
RE1,SE_RESCLIM_RUR,2045,0.008349553591728613
RE1,SE_RESCLIM_RUR,2046,0.008764567079089219
RE1,SE_RESCLIM_RUR,2047,0.009188563246069776
RE1,SE_RESCLIM_RUR,2048,0.009618907132995307
RE1,SE_RESCLIM_RUR,2049,0.01005781840410132
RE1,SE_RESCLIM_RUR,2050,0.01051750889922705
RE1,SE_RESCLIM_RUR,2051,0.01078195442542039
RE1,SE_RESCLIM_RUR,2052,0.01104607566211691
RE1,SE_RESCLIM_RUR,2053,0.01130954167463569
RE1,SE_RESCLIM_RUR,2054,0.01157201434727798
RE1,SE_RESCLIM_URB,2022,0.007115293693497734
RE1,SE_RESCLIM_URB,2023,0.007187281786067588
RE1,SE_RESCLIM_URB,2024,0.008630336857422321
RE1,SE_RESCLIM_URB,2025,0.009762586211802274
RE1,SE_RESCLIM_URB,2026,0.01074589048472966
RE1,SE_RESCLIM_URB,2027,0.01178431615270321
RE1,SE_RESCLIM_URB,2028,0.01286529350007232
RE1,SE_RESCLIM_URB,2029,0.01400636873953079
RE1,SE_RESCLIM_URB,2030,0.01519486933152201
RE1,SE_RESCLIM_URB,2031,0.0164264078305267
RE1,SE_RESCLIM_URB,2032,0.01769963994914172
RE1,SE_RESCLIM_URB,2033,0.01902649637016064
RE1,SE_RESCLIM_URB,2034,0.02039514115769273
RE1,SE_RESCLIM_URB,2035,0.02180653088090683
RE1,SE_RESCLIM_URB,2036,0.02308734109289771
RE1,SE_RESCLIM_URB,2037,0.02457903629959562
RE1,SE_RESCLIM_URB,2038,0.02611432576688495
RE1,SE_RESCLIM_URB,2039,0.02769737172177911
RE1,SE_RESCLIM_URB,2040,0.02932816738993661
RE1,SE_RESCLIM_URB,2041,0.03099825462767089
RE1,SE_RESCLIM_URB,2042,0.03271232036064525
RE1,SE_RESCLIM_URB,2043,0.03448238243419746
RE1,SE_RESCLIM_URB,2044,0.03630233579662642
RE1,SE_RESCLIM_URB,2045,0.03816371627636895
RE1,SE_RESCLIM_URB,2046,0.04008112291196347
RE1,SE_RESCLIM_URB,2047,0.04204925439261237
RE1,SE_RESCLIM_URB,2048,0.04409586934907756
RE1,SE_RESCLIM_URB,2049,0.04616896154610432
RE1,SE_RESCLIM_URB,2050,0.04832947496354528
RE1,SE_RESCLIM_URB,2051,0.04938554633290054
RE1,SE_RESCLIM_URB,2052,0.05045373232603334
RE1,SE_RESCLIM_URB,2053,0.05153386097353442
RE1,SE_RESCLIM_URB,2054,0.05262576833919053
RE1,SE_RESDHT,2022,0.413271
RE1,SE_RESDHT,2023,0.532424
RE1,SE_RESDHT,2024,0.54427
RE1,SE_RESDHT,2025,0.56491
RE1,SE_RESDHT,2026,0.585061
RE1,SE_RESDHT,2027,0.60647
RE1,SE_RESDHT,2028,0.628882
RE1,SE_RESDHT,2029,0.652493
RE1,SE_RESDHT,2030,0.677553
RE1,SE_RESDHT,2031,0.704061
RE1,SE_RESDHT,2032,0.731333
RE1,SE_RESDHT,2033,0.759312
RE1,SE_RESDHT,2034,0.788142
RE1,SE_RESDHT,2035,0.817597
RE1,SE_RESDHT,2036,0.84997
RE1,SE_RESDHT,2037,0.880496
RE1,SE_RESDHT,2038,0.911536
RE1,SE_RESDHT,2039,0.942945
RE1,SE_RESDHT,2040,0.97475
RE1,SE_RESDHT,2041,1.006796
RE1,SE_RESDHT,2042,1.039342
RE1,SE_RESDHT,2043,1.072054
RE1,SE_RESDHT,2044,1.104859
RE1,SE_RESDHT,2045,1.137755
RE1,SE_RESDHT,2046,1.170839
RE1,SE_RESDHT,2047,1.203923
RE1,SE_RESDHT,2048,1.236847
RE1,SE_RESDHT,2049,1.269597
RE1,SE_RESDHT,2050,1.303723
RE1,SE_RESDHT,2051,1.337305
RE1,SE_RESDHT,2052,1.370929
RE1,SE_RESDHT,2053,1.404556
RE1,SE_RESDHT,2054,1.438145
RE1,SE_RESDHT_RUR,2022,0.3361953485937197
RE1,SE_RESDHT_RUR,2023,0.4513578838900149
RE1,SE_RESDHT_RUR,2024,0.4290637707273198
RE1,SE_RESDHT_RUR,2025,0.4402811625468261
RE1,SE_RESDHT_RUR,2026,0.4460954906542209
RE1,SE_RESDHT_RUR,2027,0.4523167461758747
RE1,SE_RESDHT_RUR,2028,0.4587604752826818
RE1,SE_RESDHT_RUR,2029,0.4653995364783923
RE1,SE_RESDHT_RUR,2030,0.4724805986160394
RE1,SE_RESDHT_RUR,2031,0.4896364163680088
RE1,SE_RESDHT_RUR,2032,0.507327935039094
RE1,SE_RESDHT_RUR,2033,0.5254386698656245
RE1,SE_RESDHT_RUR,2034,0.5441493929326124
RE1,SE_RESDHT_RUR,2035,0.5632618000255124
RE1,SE_RESDHT_RUR,2036,0.5854471257395043
RE1,SE_RESDHT_RUR,2037,0.6050721209862312
RE1,SE_RESDHT_RUR,2038,0.6249778968365979
RE1,SE_RESDHT_RUR,2039,0.6450205696182583
RE1,SE_RESDHT_RUR,2040,0.6652201337325522
RE1,SE_RESDHT_RUR,2041,0.6845601632733839
RE1,SE_RESDHT_RUR,2042,0.7040869720201572
RE1,SE_RESDHT_RUR,2043,0.7234837171218512
RE1,SE_RESDHT_RUR,2044,0.7427183160849457
RE1,SE_RESDHT_RUR,2045,0.761821429044679
RE1,SE_RESDHT_RUR,2046,0.7802647604785014
RE1,SE_RESDHT_RUR,2047,0.7984396759050806
RE1,SE_RESDHT_RUR,2048,0.8161313880200886
RE1,SE_RESDHT_RUR,2049,0.8335280025188814
RE1,SE_RESDHT_RUR,2050,0.8516216292071466
RE1,SE_RESDHT_RUR,2051,0.8735581350066421
RE1,SE_RESDHT_RUR,2052,0.8954757347304885
RE1,SE_RESDHT_RUR,2053,0.9173463162166415
RE1,SE_RESDHT_RUR,2054,0.9391411410669859
RE1,SE_RESDHT_URB,2022,0.07638740486790035
RE1,SE_RESDHT_URB,2023,0.1028854672955325
RE1,SE_RESDHT_URB,2024,0.1018572614355008
RE1,SE_RESDHT_URB,2025,0.1160906790526082
RE1,SE_RESDHT_URB,2026,0.1215334150200383
RE1,SE_RESDHT_URB,2027,0.1271680839443501
RE1,SE_RESDHT_URB,2028,0.132861266095824
RE1,SE_RESDHT_URB,2029,0.1387974221634014
RE1,SE_RESDHT_URB,2030,0.1448453193494418
RE1,SE_RESDHT_URB,2031,0.1513103976177523
RE1,SE_RESDHT_URB,2032,0.1578311815791724
RE1,SE_RESDHT_URB,2033,0.1645102852701177
RE1,SE_RESDHT_URB,2034,0.1712423651301564
RE1,SE_RESDHT_URB,2035,0.1780418108497772
RE1,SE_RESDHT_URB,2036,0.1835861396500186
RE1,SE_RESDHT_URB,2037,0.1905831366348783
RE1,SE_RESDHT_URB,2038,0.1976639197074486
RE1,SE_RESDHT_URB,2039,0.2048582689447513
RE1,SE_RESDHT_URB,2040,0.2121651923443447
RE1,SE_RESDHT_URB,2041,0.2195606531562188
RE1,SE_RESDHT_URB,2042,0.2270459748033523
RE1,SE_RESDHT_URB,2043,0.2347008800790467
RE1,SE_RESDHT_URB,2044,0.2424796074765543
RE1,SE_RESDHT_URB,2045,0.2503265325641676
RE1,SE_RESDHT_URB,2046,0.2583545449563831
RE1,SE_RESDHT_URB,2047,0.2665057135044565
RE1,SE_RESDHT_URB,2048,0.2749509092690317
RE1,SE_RESDHT_URB,2049,0.2833510938201579
RE1,SE_RESDHT_URB,2050,0.2916390696833362
RE1,SE_RESDHT_URB,2051,0.2982386660559555
RE1,SE_RESDHT_URB,2052,0.3049088139170367
RE1,SE_RESDHT_URB,2053,0.3114782806755106
RE1,SE_RESDHT_URB,2054,0.3181076767500489
RE1,SE_RESILU_RUR,2022,0.001751761240775638
RE1,SE_RESILU_RUR,2023,0.001865697643811306
RE1,SE_RESILU_RUR,2024,0.001884481760778368
RE1,SE_RESILU_RUR,2025,0.001990755464374953
RE1,SE_RESILU_RUR,2026,0.00207339044642087
RE1,SE_RESILU_RUR,2027,0.002161624732012256
RE1,SE_RESILU_RUR,2028,0.002254944085948589
RE1,SE_RESILU_RUR,2029,0.00235325537738679
RE1,SE_RESILU_RUR,2030,0.00245828536109327
RE1,SE_RESILU_RUR,2031,0.002569908836901033
RE1,SE_RESILU_RUR,2032,0.002685797184910839
RE1,SE_RESILU_RUR,2033,0.002804984495858428
RE1,SE_RESILU_RUR,2034,0.002929076092635282
RE1,SE_RESILU_RUR,2035,0.003056446688540693
RE1,SE_RESILU_RUR,2036,0.003203061601113466
RE1,SE_RESILU_RUR,2037,0.003336618129328608
RE1,SE_RESILU_RUR,2038,0.003473354988645119
RE1,SE_RESILU_RUR,2039,0.003612347749838742
RE1,SE_RESILU_RUR,2040,0.003753983135134305
RE1,SE_RESILU_RUR,2041,0.003897360318955429
RE1,SE_RESILU_RUR,2042,0.004043683802029583
RE1,SE_RESILU_RUR,2043,0.004191183056367909
RE1,SE_RESILU_RUR,2044,0.004339499359263393
RE1,SE_RESILU_RUR,2045,0.004488947221654797
RE1,SE_RESILU_RUR,2046,0.004639968123215612
RE1,SE_RESILU_RUR,2047,0.004791338987645179
RE1,SE_RESILU_RUR,2048,0.004942152604095049
RE1,SE_RESILU_RUR,2049,0.005093030729629964
RE1,SE_RESILU_RUR,2050,0.005250349633440145
RE1,SE_RESILU_RUR,2051,0.005407089674832029
RE1,SE_RESILU_RUR,2052,0.005564508311538481
RE1,SE_RESILU_RUR,2053,0.005709992097849267
RE1,SE_RESILU_RUR,2054,0.005855227831716813
RE1,SE_RESILU_URB,2022,0.0005086056854248145
RE1,SE_RESILU_URB,2023,0.0005881299624074158
RE1,SE_RESILU_URB,2024,0.0005547646141892358
RE1,SE_RESILU_URB,2025,0.0006084017357261425
RE1,SE_RESILU_URB,2026,0.0006327494276824961
RE1,SE_RESILU_URB,2027,0.0006578028206412065
RE1,SE_RESILU_URB,2028,0.0006828632929159709
RE1,SE_RESILU_URB,2029,0.0007088785128245175
RE1,SE_RESILU_URB,2030,0.0007351675382718825
RE1,SE_RESILU_URB,2031,0.0007614505506976829
RE1,SE_RESILU_URB,2032,0.000787569864138601
RE1,SE_RESILU_URB,2033,0.0008140410592298984
RE1,SE_RESILU_URB,2034,0.000840339309101414
RE1,SE_RESILU_URB,2035,0.0008665406990320507
RE1,SE_RESILU_URB,2036,0.0008859803238084488
RE1,SE_RESILU_URB,2037,0.0009120658220530028
RE1,SE_RESILU_URB,2038,0.000938125024906598
RE1,SE_RESILU_URB,2039,0.0009643008496642179
RE1,SE_RESILU_URB,2040,0.0009905878361575705
RE1,SE_RESILU_URB,2041,0.001016707369694593
RE1,SE_RESILU_URB,2042,0.001042826419970437
RE1,SE_RESILU_URB,2043,0.001069312492164982
RE1,SE_RESILU_URB,2044,0.0010959506772758
RE1,SE_RESILU_URB,2045,0.001122490583794935
RE1,SE_RESILU_URB,2046,0.001149344273132135
RE1,SE_RESILU_URB,2047,0.001176338221925445
RE1,SE_RESILU_URB,2048,0.001204221835991449
RE1,SE_RESILU_URB,2049,0.001231500176579117
RE1,SE_RESILU_URB,2050,0.001271741011146361
RE1,SE_RESILU_URB,2051,0.001299848167143359
RE1,SE_RESILU_URB,2052,0.001328231509276014
RE1,SE_RESILU_URB,2053,0.001356882999093393
RE1,SE_RESILU_URB,2054,0.001385794723683796
RE1,SE_RESOTH,2022,0.028821
RE1,SE_RESOTH,2023,0.030421
RE1,SE_RESOTH,2024,0.029831
RE1,SE_RESOTH,2025,0.031865
RE1,SE_RESOTH,2026,0.033106
RE1,SE_RESOTH,2027,0.034428
RE1,SE_RESOTH,2028,0.035822
RE1,SE_RESOTH,2029,0.037293
RE1,SE_RESOTH,2030,0.038865
RE1,SE_RESOTH,2031,0.040415
RE1,SE_RESOTH,2032,0.04202
RE1,SE_RESOTH,2033,0.043669
RE1,SE_RESOTH,2034,0.045379
RE1,SE_RESOTH,2035,0.047133
RE1,SE_RESOTH,2036,0.049154
RE1,SE_RESOTH,2037,0.050983
RE1,SE_RESOTH,2038,0.052847
RE1,SE_RESOTH,2039,0.054736
RE1,SE_RESOTH,2040,0.056651
RE1,SE_RESOTH,2041,0.058584
RE1,SE_RESOTH,2042,0.060552
RE1,SE_RESOTH,2043,0.062527
RE1,SE_RESOTH,2044,0.064508
RE1,SE_RESOTH,2045,0.066496
RE1,SE_RESOTH,2046,0.068494
RE1,SE_RESOTH,2047,0.070491
RE1,SE_RESOTH,2048,0.072467
RE1,SE_RESOTH,2049,0.07444
RE1,SE_RESOTH,2050,0.076509
RE1,SE_RESOTH,2051,0.078527
RE1,SE_RESOTH,2052,0.080544
RE1,SE_RESOTH,2053,0.08256
RE1,SE_RESOTH,2054,0.08457
RE1,SE_RESOTH_RUR,2022,0.02483592869487805
RE1,SE_RESOTH_RUR,2023,0.02625391065302099
RE1,SE_RESOTH_RUR,2024,0.02644668231466697
RE1,SE_RESOTH_RUR,2025,0.02793670590107931
RE1,SE_RESOTH_RUR,2026,0.02906985878208207
RE1,SE_RESOTH_RUR,2027,0.03027856213429166
RE1,SE_RESOTH_RUR,2028,0.03155567143340462
RE1,SE_RESOTH_RUR,2029,0.03290097283354183
RE1,SE_RESOTH_RUR,2030,0.03433791771727036
RE1,SE_RESOTH_RUR,2031,0.03586413715942156
RE1,SE_RESOTH_RUR,2032,0.03744694675071047
RE1,SE_RESOTH_RUR,2033,0.03907460834089049
RE1,SE_RESOTH_RUR,2034,0.04076667528145618
RE1,SE_RESOTH_RUR,2035,0.04250323276716998
RE1,SE_RESOTH_RUR,2036,0.04449909762235631
RE1,SE_RESOTH_RUR,2037,0.0463179803092537
RE1,SE_RESOTH_RUR,2038,0.04817835964419543
RE1,SE_RESOTH_RUR,2039,0.05006835482855538
RE1,SE_RESOTH_RUR,2040,0.05199216139791556
RE1,SE_RESOTH_RUR,2041,0.05393924361981195
RE1,SE_RESOTH_RUR,2042,0.0559252298191491
RE1,SE_RESOTH_RUR,2043,0.0579261056979221
RE1,SE_RESOTH_RUR,2044,0.05993769582541782
RE1,SE_RESOTH_RUR,2045,0.06196364929128712
RE1,SE_RESOTH_RUR,2046,0.06400879072197596
RE1,SE_RESOTH_RUR,2047,0.06605832377715112
RE1,SE_RESOTH_RUR,2048,0.06809835050275
RE1,SE_RESOTH_RUR,2049,0.07013872493145876
RE1,SE_RESOTH_RUR,2050,0.07226413894259513
RE1,SE_RESOTH_RUR,2051,0.07438119013049906
RE1,SE_RESOTH_RUR,2052,0.07650616493900954
RE1,SE_RESOTH_RUR,2053,0.07846576938112736
RE1,SE_RESOTH_RUR,2054,0.08042082110187708
RE1,SE_RESOTH_URB,2022,0.0005193484057092889
RE1,SE_RESOTH_URB,2023,0.0006015393711772212
RE1,SE_RESOTH_URB,2024,0.000567823512688358
RE1,SE_RESOTH_URB,2025,0.0006226410757020477
RE1,SE_RESOTH_URB,2026,0.0006475434519275791
RE1,SE_RESOTH_URB,2027,0.0006732706152765086
RE1,SE_RESOTH_URB,2028,0.0006988850780113115
RE1,SE_RESOTH_URB,2029,0.0007255875447336641
RE1,SE_RESOTH_URB,2030,0.0007525665761579035
RE1,SE_RESOTH_URB,2031,0.0007794069639402612
RE1,SE_RESOTH_URB,2032,0.0008062097909779507
RE1,SE_RESOTH_URB,2033,0.000833234944678857
RE1,SE_RESOTH_URB,2034,0.0008602229153684601
RE1,SE_RESOTH_URB,2035,0.0008871146251937678
RE1,SE_RESOTH_URB,2036,0.0009069288392547382
RE1,SE_RESOTH_URB,2037,0.0009337030871658219
RE1,SE_RESOTH_URB,2038,0.0009602900265632455
RE1,SE_RESOTH_URB,2039,0.0009871586230250132
RE1,SE_RESOTH_URB,2040,0.001014143949670216
RE1,SE_RESOTH_URB,2041,0.001040783418202401
RE1,SE_RESOTH_URB,2042,0.001067598347641221
RE1,SE_RESOTH_URB,2043,0.001094605274001953
RE1,SE_RESOTH_URB,2044,0.001121953649800604
RE1,SE_RESOTH_URB,2045,0.001149204260955853
RE1,SE_RESOTH_URB,2046,0.001176578581896084
RE1,SE_RESOTH_URB,2047,0.001204295621204511
RE1,SE_RESOTH_URB,2048,0.001232716527450498
RE1,SE_RESOTH_URB,2049,0.001260726435150128
RE1,SE_RESOTH_URB,2050,0.001301921941209826
RE1,SE_RESOTH_URB,2051,0.0013306950158414
RE1,SE_RESOTH_URB,2052,0.001359750136845332
RE1,SE_RESOTH_URB,2053,0.001389079043472444
RE1,SE_RESOTH_URB,2054,0.001418673603300273
RE1,SE_RESREF,2022,0.020523
RE1,SE_RESREF,2023,0.022614
RE1,SE_RESREF,2024,0.021233
RE1,SE_RESREF,2025,0.023845
RE1,SE_RESREF,2026,0.024754
RE1,SE_RESREF,2027,0.025694
RE1,SE_RESREF,2028,0.02664
RE1,SE_RESREF,2029,0.027625
RE1,SE_RESREF,2030,0.028627
RE1,SE_RESREF,2031,0.029652
RE1,SE_RESREF,2032,0.030676
RE1,SE_RESREF,2033,0.031715
RE1,SE_RESREF,2034,0.032753
RE1,SE_RESREF,2035,0.033791
RE1,SE_RESREF,2036,0.034625
RE1,SE_RESREF,2037,0.035665
RE1,SE_RESREF,2038,0.036707
RE1,SE_RESREF,2039,0.037754
RE1,SE_RESREF,2040,0.038807
RE1,SE_RESREF,2041,0.039855
RE1,SE_RESREF,2042,0.040906
RE1,SE_RESREF,2043,0.041969
RE1,SE_RESREF,2044,0.043037
RE1,SE_RESREF,2045,0.044102
RE1,SE_RESREF,2046,0.045177
RE1,SE_RESREF,2047,0.046256
RE1,SE_RESREF,2048,0.047363
RE1,SE_RESREF,2049,0.048448
RE1,SE_RESREF,2050,0.049573
RE1,SE_RESREF,2051,0.050698
RE1,SE_RESREF,2052,0.051831
RE1,SE_RESREF,2053,0.052973
RE1,SE_RESREF,2054,0.054123
RE1,SE_RESREF_RUR,2022,0.001772512072815406
RE1,SE_RESREF_RUR,2023,0.001831827483020436
RE1,SE_RESREF_RUR,2024,0.002260760026911334
RE1,SE_RESREF_RUR,2025,0.002410134163738206
RE1,SE_RESREF_RUR,2026,0.002526552732673916
RE1,SE_RESREF_RUR,2027,0.002650790025049099
RE1,SE_RESREF_RUR,2028,0.002782255840752396
RE1,SE_RESREF_RUR,2029,0.002921273278908881
RE1,SE_RESREF_RUR,2030,0.003069925817828647
RE1,SE_RESREF_RUR,2031,0.003199777052817821
RE1,SE_RESREF_RUR,2032,0.003334457760404435
RE1,SE_RESREF_RUR,2033,0.003473197563573158
RE1,SE_RESREF_RUR,2034,0.0036172178457953
RE1,SE_RESREF_RUR,2035,0.0037652747824798
RE1,SE_RESREF_RUR,2036,0.003936324943591196
RE1,SE_RESREF_RUR,2037,0.004091427454764983
RE1,SE_RESREF_RUR,2038,0.00424988033655966
RE1,SE_RESREF_RUR,2039,0.004410770392801919
RE1,SE_RESREF_RUR,2040,0.004574250719513735
RE1,SE_RESREF_RUR,2041,0.004739762571452704
RE1,SE_RESREF_RUR,2042,0.004908599552938203
RE1,SE_RESREF_RUR,2043,0.005078556247612784
RE1,SE_RESREF_RUR,2044,0.005249409454475835
RE1,SE_RESREF_RUR,2045,0.005421393811364065
RE1,SE_RESREF_RUR,2046,0.0055946951508601
RE1,SE_RESREF_RUR,2047,0.005768483558057813
RE1,SE_RESREF_RUR,2048,0.005941074611335257
RE1,SE_RESREF_RUR,2049,0.006113813551167672
RE1,SE_RESREF_RUR,2050,0.006294091801226484
RE1,SE_RESREF_RUR,2051,0.006463625550951678
RE1,SE_RESREF_RUR,2052,0.006633312618735042
RE1,SE_RESREF_RUR,2053,0.006802936660939281
RE1,SE_RESREF_RUR,2054,0.006972275597689937
RE1,SE_RESREF_URB,2022,0.015757949964237
RE1,SE_RESREF_URB,2023,0.0174620583924721
RE1,SE_RESREF_URB,2024,0.01647799729206221
RE1,SE_RESREF_URB,2025,0.01846733333216792
RE1,SE_RESREF_URB,2026,0.0194079043351248
RE1,SE_RESREF_URB,2027,0.02038553067187865
RE1,SE_RESREF_URB,2028,0.02137902982239657
RE1,SE_RESREF_URB,2029,0.02241828040227933
RE1,SE_RESREF_URB,2030,0.02348243427967701
RE1,SE_RESREF_URB,2031,0.02434521666098224
RE1,SE_RESREF_URB,2032,0.02520432464159278
RE1,SE_RESREF_URB,2033,0.02607621631445348
RE1,SE_RESREF_URB,2034,0.02694412561081914
RE1,SE_RESREF_URB,2035,0.02781047415254302
RE1,SE_RESREF_URB,2036,0.0284616229426429
RE1,SE_RESREF_URB,2037,0.02932713338807623
RE1,SE_RESREF_URB,2038,0.0301933342909719
RE1,SE_RESREF_URB,2039,0.03106480647028343
RE1,SE_RESREF_URB,2040,0.03194137065708276
RE1,SE_RESREF_URB,2041,0.03281407496547668
RE1,SE_RESREF_URB,2042,0.03368827437899426
RE1,SE_RESREF_URB,2043,0.0345758137511166
RE1,SE_RESREF_URB,2044,0.0354697868771271
RE1,SE_RESREF_URB,2045,0.03636210812561892
RE1,SE_RESREF_URB,2046,0.03726609134755641
RE1,SE_RESREF_URB,2047,0.03817612125395274
RE1,SE_RESREF_URB,2048,0.03911649341665326
RE1,SE_RESREF_URB,2049,0.04003875344923434
RE1,SE_RESREF_URB,2050,0.04099517145422284
RE1,SE_RESREF_URB,2051,0.04189996392307407
RE1,SE_RESREF_URB,2052,0.04281350301312921
RE1,SE_RESREF_URB,2053,0.04373552140788478
RE1,SE_RESREF_URB,2054,0.04466575566091101
RE1,SE_RESTV_RUR,2022,0.003718425462589398
RE1,SE_RESTV_RUR,2023,0.003368305041369153
RE1,SE_RESTV_RUR,2024,0.004129473001646582
RE1,SE_RESTV_RUR,2025,0.004411401063350689
RE1,SE_RESTV_RUR,2026,0.004602727245105201
RE1,SE_RESTV_RUR,2027,0.004806155287005334
RE1,SE_RESTV_RUR,2028,0.005020527367963581
RE1,SE_RESTV_RUR,2029,0.005246340622726422
RE1,SE_RESTV_RUR,2030,0.005487194976260867
RE1,SE_RESTV_RUR,2031,0.005727056299297445
RE1,SE_RESTV_RUR,2032,0.005975719684715172
RE1,SE_RESTV_RUR,2033,0.006231829726822925
RE1,SE_RESTV_RUR,2034,0.00649760847285677
RE1,SE_RESTV_RUR,2035,0.006770835387985286
RE1,SE_RESTV_RUR,2036,0.007085547989198203
RE1,SE_RESTV_RUR,2037,0.007371922619597882
RE1,SE_RESTV_RUR,2038,0.007664567506801214
RE1,SE_RESTV_RUR,2039,0.007961838458065307
RE1,SE_RESTV_RUR,2040,0.008264018626668429
RE1,SE_RESTV_RUR,2041,0.008570102013673619
RE1,SE_RESTV_RUR,2042,0.008882425286069053
RE1,SE_RESTV_RUR,2043,0.009197010191309508
RE1,SE_RESTV_RUR,2044,0.009513456748829644
RE1,SE_RESTV_RUR,2045,0.009832182715139972
RE1,SE_RESTV_RUR,2046,0.01015351330028855
RE1,SE_RESTV_RUR,2047,0.01047594011582192
RE1,SE_RESTV_RUR,2048,0.01079641424969089
RE1,SE_RESTV_RUR,2049,0.01111734793320963
RE1,SE_RESTV_RUR,2050,0.01145207830262683
RE1,SE_RESTV_RUR,2051,0.01178549218464859
RE1,SE_RESTV_RUR,2052,0.01212030790249613
RE1,SE_RESTV_RUR,2053,0.0124290782143558
RE1,SE_RESTV_RUR,2054,0.01273728507561346
RE1,SE_RESTV_URB,2022,0.0004174039101043764
RE1,SE_RESTV_URB,2023,0.000493324997654865
RE1,SE_RESTV_URB,2024,0.0004728751505807625
RE1,SE_RESTV_URB,2025,0.0005190279565430137
RE1,SE_RESTV_URB,2026,0.0005398149609918552
RE1,SE_RESTV_URB,2027,0.0005612030883203373
RE1,SE_RESTV_URB,2028,0.0005825968557461141
RE1,SE_RESTV_URB,2029,0.0006048050408410837
RE1,SE_RESTV_URB,2030,0.0006272462957549032
RE1,SE_RESTV_URB,2031,0.0006496827957628667
RE1,SE_RESTV_URB,2032,0.0006719799991435675
RE1,SE_RESTV_URB,2033,0.0006945776243375804
RE1,SE_RESTV_URB,2034,0.0007170276398913117
RE1,SE_RESTV_URB,2035,0.0007393950829896931
RE1,SE_RESTV_URB,2036,0.0007559910146095648
RE1,SE_RESTV_URB,2037,0.0007782599704844351
RE1,SE_RESTV_URB,2038,0.0008005068743994445
RE1,SE_RESTV_URB,2039,0.0008228534678136183
RE1,SE_RESTV_URB,2040,0.0008452945781712783
RE1,SE_RESTV_URB,2041,0.0008675927718390569
RE1,SE_RESTV_URB,2042,0.0008898903009051835
RE1,SE_RESTV_URB,2043,0.0009125006300808507
RE1,SE_RESTV_URB,2044,0.0009352405420629663
RE1,SE_RESTV_URB,2045,0.0009578960413974485
RE1,SE_RESTV_URB,2046,0.0009808189412707244
RE1,SE_RESTV_URB,2047,0.001003860262593348
RE1,SE_RESTV_URB,2048,0.001027660069419142
RE1,SE_RESTV_URB,2049,0.001050941211616623
RE1,SE_RESTV_URB,2050,0.001085281118895559
RE1,SE_RESTV_URB,2051,0.00110926501821918
RE1,SE_RESTV_URB,2052,0.001133482375923762
RE1,SE_RESTV_URB,2053,0.001157926193972847
RE1,SE_RESTV_URB,2054,0.001182589579011038
RE1,SE_RESWHT_RUR,2022,0.0003513146043158961
RE1,SE_RESWHT_RUR,2023,0.00026783682596239
RE1,SE_RESWHT_RUR,2024,9.144012865231145e-05
RE1,SE_RESWHT_RUR,2025,9.639182480588374e-05
RE1,SE_RESWHT_RUR,2026,0.0001000691855709797
RE1,SE_RESWHT_RUR,2027,0.0001039835787506509
RE1,SE_RESWHT_RUR,2028,0.0001081043619131997
RE1,SE_RESWHT_RUR,2029,0.000112438573732374
RE1,SE_RESWHT_RUR,2030,0.000117059781151501
RE1,SE_RESWHT_RUR,2031,0.000121967075395688
RE1,SE_RESWHT_RUR,2032,0.0001270547972526688
RE1,SE_RESWHT_RUR,2033,0.0001322921960571971
RE1,SE_RESWHT_RUR,2034,0.0001377225910559851
RE1,SE_RESWHT_RUR,2035,0.0001432985089592244
RE1,SE_RESWHT_RUR,2036,0.0001497477837003206
RE1,SE_RESWHT_RUR,2037,0.0001555734442165689
RE1,SE_RESWHT_RUR,2038,0.0001615151509320641
RE1,SE_RESWHT_RUR,2039,0.0001675387867623039
RE1,SE_RESWHT_RUR,2040,0.0001736484773878391
RE1,SE_RESWHT_RUR,2041,0.0001798247855769413
RE1,SE_RESWHT_RUR,2042,0.0001861153474651732
RE1,SE_RESWHT_RUR,2043,0.0001924360977578379
RE1,SE_RESWHT_RUR,2044,0.0001987794454993192
RE1,SE_RESWHT_RUR,2045,0.0002051520692240719
RE1,SE_RESWHT_RUR,2046,0.0002115629779454128
RE1,SE_RESWHT_RUR,2047,0.0002179816328516855
RE1,SE_RESWHT_RUR,2048,0.0002243426805972295
RE1,SE_RESWHT_RUR,2049,0.0002306975581134517
RE1,SE_RESWHT_RUR,2050,0.0002373258663420254
RE1,SE_RESWHT_RUR,2051,0.0002439091972765842
RE1,SE_RESWHT_RUR,2052,0.0002505052508190687
RE1,SE_RESWHT_RUR,2053,0.0002571056096620605
RE1,SE_RESWHT_RUR,2054,0.0002637016119819108
RE1,SE_RESWHT_URB,2022,0.0004989753916975496
RE1,SE_RESWHT_URB,2023,0.0009470378205704036
RE1,SE_RESWHT_URB,2024,0.001094508451213758
RE1,SE_RESWHT_URB,2025,0.001228321635121895
RE1,SE_RESWHT_URB,2026,0.001274411859849147
RE1,SE_RESWHT_URB,2027,0.0013220421269852
RE1,SE_RESWHT_URB,2028,0.001369880922317998
RE1,SE_RESWHT_URB,2029,0.001419856918346649
RE1,SE_RESWHT_URB,2030,0.001470642021421926
RE1,SE_RESWHT_URB,2031,0.001521562162165334
RE1,SE_RESWHT_URB,2032,0.001572155712943289
RE1,SE_RESWHT_URB,2033,0.001623411022875083
RE1,SE_RESWHT_URB,2034,0.001674283940247096
RE1,SE_RESWHT_URB,2035,0.001724944033171458
RE1,SE_RESWHT_URB,2036,0.001762121334529258
RE1,SE_RESWHT_URB,2037,0.001812510394546365
RE1,SE_RESWHT_URB,2038,0.001862821906252179
RE1,SE_RESWHT_URB,2039,0.001913323419681358
RE1,SE_RESWHT_URB,2040,0.001964013214252798
RE1,SE_RESWHT_URB,2041,0.00201433156551171
RE1,SE_RESWHT_URB,2042,0.002064611151975724
RE1,SE_RESWHT_URB,2043,0.002115574482706663
RE1,SE_RESWHT_URB,2044,0.002166783345100938
RE1,SE_RESWHT_URB,2045,0.002217757603394082
RE1,SE_RESWHT_URB,2046,0.002269303402294591
RE1,SE_RESWHT_URB,2047,0.002321069084948038
RE1,SE_RESWHT_URB,2048,0.002374538064021479
RE1,SE_RESWHT_URB,2049,0.00242671439057443
RE1,SE_RESWHT_URB,2050,0.002480721050537329
RE1,SE_RESWHT_URB,2051,0.002535335924200408
RE1,SE_RESWHT_URB,2052,0.002590460556310073
RE1,SE_RESWHT_URB,2053,0.002646077728522259
RE1,SE_RESWHT_URB,2054,0.002702170461765325
RE1,SE_RESWSH_RUR,2022,0.000338938462812219
RE1,SE_RESWSH_RUR,2023,0.0003863920682326519
RE1,SE_RESWSH_RUR,2024,0.0004828125011834396
RE1,SE_RESWSH_RUR,2025,0.0005166304688548629
RE1,SE_RESWSH_RUR,2026,0.0005433015604998032
RE1,SE_RESWSH_RUR,2027,0.0005717741427817849
RE1,SE_RESWSH_RUR,2028,0.0006019293727710149
RE1,SE_RESWSH_RUR,2029,0.0006338468191933131
RE1,SE_RESWSH_RUR,2030,0.0006679889691741796
RE1,SE_RESWSH_RUR,2031,0.0007020873526785264
RE1,SE_RESWSH_RUR,2032,0.000737711692007253
RE1,SE_RESWSH_RUR,2033,0.0007747125359083461
RE1,SE_RESWSH_RUR,2034,0.0008133823036470917
RE1,SE_RESWSH_RUR,2035,0.0008534663462052463
RE1,SE_RESWSH_RUR,2036,0.0008993391537485006
RE1,SE_RESWSH_RUR,2037,0.000942097240227566
RE1,SE_RESWSH_RUR,2038,0.0009861585801988094
RE1,SE_RESWSH_RUR,2039,0.001031322426788622
RE1,SE_RESWSH_RUR,2040,0.001077634143499962
RE1,SE_RESWSH_RUR,2041,0.001124971666382282
RE1,SE_RESWSH_RUR,2042,0.001173653713458267
RE1,SE_RESWSH_RUR,2043,0.001223160054057726
RE1,SE_RESWSH_RUR,2044,0.001273440280360766
RE1,SE_RESWSH_RUR,2045,0.001324553584700287
RE1,SE_RESWSH_RUR,2046,0.001376549075137004
RE1,SE_RESWSH_RUR,2047,0.001429229133871382
RE1,SE_RESWSH_RUR,2048,0.001482170786591512
RE1,SE_RESWSH_RUR,2049,0.001535713109347977
RE1,SE_RESWSH_RUR,2050,0.00159173755857181
RE1,SE_RESWSH_RUR,2051,0.001634498941018514
RE1,SE_RESWSH_RUR,2052,0.001677297653107394
RE1,SE_RESWSH_RUR,2053,0.001720079312080864
RE1,SE_RESWSH_RUR,2054,0.001762788094920552
RE1,SE_RESWSH_URB,2022,0.002438012659284539
RE1,SE_RESWSH_URB,2023,0.002839510589031845
RE1,SE_RESWSH_URB,2024,0.002758155614216068
RE1,SE_RESWSH_URB,2025,0.003106389257958159
RE1,SE_RESWSH_URB,2026,0.003274392350368552
RE1,SE_RESWSH_URB,2027,0.003449464862038532
RE1,SE_RESWSH_URB,2028,0.003628062786664408
RE1,SE_RESWSH_URB,2029,0.003815284513228535
RE1,SE_RESWSH_URB,2030,0.004007627826806774
RE1,SE_RESWSH_URB,2031,0.004189746085039849
RE1,SE_RESWSH_URB,2032,0.004373609598754671
RE1,SE_RESWSH_URB,2033,0.004562062414544555
RE1,SE_RESWSH_URB,2034,0.004752189486788913
RE1,SE_RESWSH_URB,2035,0.004944398473623889
RE1,SE_RESWSH_URB,2036,0.005100353336572115
RE1,SE_RESWSH_URB,2037,0.005296780388330918
RE1,SE_RESWSH_URB,2038,0.005495654374466793
RE1,SE_RESWSH_URB,2039,0.00569780432038452
RE1,SE_RESWSH_URB,2040,0.005903208144974087
RE1,SE_RESWSH_URB,2041,0.006110208916308446
RE1,SE_RESWSH_URB,2042,0.006319782437561693
RE1,SE_RESWSH_URB,2043,0.006534166191309651
RE1,SE_RESWSH_URB,2044,0.006752083697917904
RE1,SE_RESWSH_URB,2045,0.006972004054500654
RE1,SE_RESWSH_URB,2046,0.007196483318972454
RE1,SE_RESWSH_URB,2047,0.007424459013034784
RE1,SE_RESWSH_URB,2048,0.007660711419196741
RE1,SE_RESWSH_URB,2049,0.007895778374398654
RE1,SE_RESWSH_URB,2050,0.00813994611952841
RE1,SE_RESWSH_URB,2051,0.00831970562282719
RE1,SE_RESWSH_URB,2052,0.008501198679373767
RE1,SE_RESWSH_URB,2053,0.008684371746409647
RE1,SE_RESWSH_URB,2054,0.00886917204234271
RE1,SE_TERCLIM_CEN,2022,0.005
RE1,SE_TERCLIM_CEN,2023,0.006
RE1,SE_TERCLIM_CEN,2024,0.006
RE1,SE_TERCLIM_CEN,2025,0.006
RE1,SE_TERCLIM_CEN,2026,0.006
RE1,SE_TERCLIM_CEN,2027,0.007
RE1,SE_TERCLIM_CEN,2028,0.007
RE1,SE_TERCLIM_CEN,2029,0.007
RE1,SE_TERCLIM_CEN,2030,0.007
RE1,SE_TERCLIM_CEN,2031,0.007
RE1,SE_TERCLIM_CEN,2032,0.007
RE1,SE_TERCLIM_CEN,2033,0.008
RE1,SE_TERCLIM_CEN,2034,0.008
RE1,SE_TERCLIM_CEN,2035,0.008
RE1,SE_TERCLIM_CEN,2036,0.008
RE1,SE_TERCLIM_CEN,2037,0.008
RE1,SE_TERCLIM_CEN,2038,0.008
RE1,SE_TERCLIM_CEN,2039,0.008
RE1,SE_TERCLIM_CEN,2040,0.008
RE1,SE_TERCLIM_CEN,2041,0.008
RE1,SE_TERCLIM_CEN,2042,0.009
RE1,SE_TERCLIM_CEN,2043,0.009
RE1,SE_TERCLIM_CEN,2044,0.009
RE1,SE_TERCLIM_CEN,2045,0.009
RE1,SE_TERCLIM_CEN,2046,0.009
RE1,SE_TERCLIM_CEN,2047,0.01
RE1,SE_TERCLIM_CEN,2048,0.01
RE1,SE_TERCLIM_CEN,2049,0.01
RE1,SE_TERCLIM_CEN,2050,0.011
RE1,SE_TERCLIM_CEN,2051,0.011
RE1,SE_TERCLIM_CEN,2052,0.011
RE1,SE_TERCLIM_CEN,2053,0.012
RE1,SE_TERCLIM_CEN,2054,0.012
RE1,SE_TERCLIM_SPL,2022,0.001
RE1,SE_TERCLIM_SPL,2023,0.001
RE1,SE_TERCLIM_SPL,2024,0.001
RE1,SE_TERCLIM_SPL,2025,0.001
RE1,SE_TERCLIM_SPL,2026,0.001
RE1,SE_TERCLIM_SPL,2027,0.001
RE1,SE_TERCLIM_SPL,2028,0.001
RE1,SE_TERCLIM_SPL,2029,0.001
RE1,SE_TERCLIM_SPL,2030,0.001
RE1,SE_TERCLIM_SPL,2031,0.001
RE1,SE_TERCLIM_SPL,2032,0.001
RE1,SE_TERCLIM_SPL,2033,0.001
RE1,SE_TERCLIM_SPL,2034,0.001
RE1,SE_TERCLIM_SPL,2035,0.001
RE1,SE_TERCLIM_SPL,2036,0.001
RE1,SE_TERCLIM_SPL,2037,0.001
RE1,SE_TERCLIM_SPL,2038,0.001
RE1,SE_TERCLIM_SPL,2039,0.001
RE1,SE_TERCLIM_SPL,2040,0.001
RE1,SE_TERCLIM_SPL,2041,0.001
RE1,SE_TERCLIM_SPL,2042,0.001
RE1,SE_TERCLIM_SPL,2043,0.001
RE1,SE_TERCLIM_SPL,2044,0.001
RE1,SE_TERCLIM_SPL,2045,0.001
RE1,SE_TERCLIM_SPL,2046,0.001
RE1,SE_TERCLIM_SPL,2047,0.001
RE1,SE_TERCLIM_SPL,2048,0.001
RE1,SE_TERCLIM_SPL,2049,0.001
RE1,SE_TERCLIM_SPL,2050,0.001
RE1,SE_TERCLIM_SPL,2051,0.001
RE1,SE_TERCLIM_SPL,2052,0.001
RE1,SE_TERCLIM_SPL,2053,0.001
RE1,SE_TERCLIM_SPL,2054,0.001
RE1,SE_TERDHT,2022,0.039
RE1,SE_TERDHT,2023,0.043
RE1,SE_TERDHT,2024,0.044
RE1,SE_TERDHT,2025,0.046
RE1,SE_TERDHT,2026,0.047
RE1,SE_TERDHT,2027,0.049
RE1,SE_TERDHT,2028,0.05
RE1,SE_TERDHT,2029,0.052
RE1,SE_TERDHT,2030,0.053
RE1,SE_TERDHT,2031,0.055
RE1,SE_TERDHT,2032,0.056
RE1,SE_TERDHT,2033,0.058
RE1,SE_TERDHT,2034,0.059
RE1,SE_TERDHT,2035,0.06
RE1,SE_TERDHT,2036,0.062
RE1,SE_TERDHT,2037,0.063
RE1,SE_TERDHT,2038,0.064
RE1,SE_TERDHT,2039,0.066
RE1,SE_TERDHT,2040,0.067
RE1,SE_TERDHT,2041,0.069
RE1,SE_TERDHT,2042,0.071
RE1,SE_TERDHT,2043,0.073
RE1,SE_TERDHT,2044,0.075
RE1,SE_TERDHT,2045,0.077
RE1,SE_TERDHT,2046,0.079
RE1,SE_TERDHT,2047,0.082
RE1,SE_TERDHT,2048,0.084
RE1,SE_TERDHT,2049,0.087
RE1,SE_TERDHT,2050,0.09
RE1,SE_TERDHT,2051,0.093
RE1,SE_TERDHT,2052,0.096
RE1,SE_TERDHT,2053,0.099
RE1,SE_TERDHT,2054,0.102
RE1,SE_TEROTH,2022,0.005
RE1,SE_TEROTH,2023,0.006
RE1,SE_TEROTH,2024,0.006
RE1,SE_TEROTH,2025,0.006
RE1,SE_TEROTH,2026,0.006
RE1,SE_TEROTH,2027,0.006
RE1,SE_TEROTH,2028,0.007
RE1,SE_TEROTH,2029,0.007
RE1,SE_TEROTH,2030,0.007
RE1,SE_TEROTH,2031,0.007
RE1,SE_TEROTH,2032,0.007
RE1,SE_TEROTH,2033,0.008
RE1,SE_TEROTH,2034,0.008
RE1,SE_TEROTH,2035,0.008
RE1,SE_TEROTH,2036,0.008
RE1,SE_TEROTH,2037,0.008
RE1,SE_TEROTH,2038,0.009
RE1,SE_TEROTH,2039,0.009
RE1,SE_TEROTH,2040,0.009
RE1,SE_TEROTH,2041,0.009
RE1,SE_TEROTH,2042,0.01
RE1,SE_TEROTH,2043,0.01
RE1,SE_TEROTH,2044,0.01
RE1,SE_TEROTH,2045,0.011
RE1,SE_TEROTH,2046,0.011
RE1,SE_TEROTH,2047,0.011
RE1,SE_TEROTH,2048,0.012
RE1,SE_TEROTH,2049,0.012
RE1,SE_TEROTH,2050,0.012
RE1,SE_TEROTH,2051,0.013
RE1,SE_TEROTH,2052,0.013
RE1,SE_TEROTH,2053,0.014
RE1,SE_TEROTH,2054,0.014
RE1,SE_TERREF_AUC,2022,0.0
RE1,SE_TERREF_AUC,2023,0.0
RE1,SE_TERREF_AUC,2024,0.0
RE1,SE_TERREF_AUC,2025,0.0
RE1,SE_TERREF_AUC,2026,0.0
RE1,SE_TERREF_AUC,2027,0.001
RE1,SE_TERREF_AUC,2028,0.001
RE1,SE_TERREF_AUC,2029,0.001
RE1,SE_TERREF_AUC,2030,0.001
RE1,SE_TERREF_AUC,2031,0.001
RE1,SE_TERREF_AUC,2032,0.001
RE1,SE_TERREF_AUC,2033,0.001
RE1,SE_TERREF_AUC,2034,0.001
RE1,SE_TERREF_AUC,2035,0.001
RE1,SE_TERREF_AUC,2036,0.001
RE1,SE_TERREF_AUC,2037,0.001
RE1,SE_TERREF_AUC,2038,0.001
RE1,SE_TERREF_AUC,2039,0.001
RE1,SE_TERREF_AUC,2040,0.001
RE1,SE_TERREF_AUC,2041,0.001
RE1,SE_TERREF_AUC,2042,0.001
RE1,SE_TERREF_AUC,2043,0.001
RE1,SE_TERREF_AUC,2044,0.001
RE1,SE_TERREF_AUC,2045,0.001
RE1,SE_TERREF_AUC,2046,0.001
RE1,SE_TERREF_AUC,2047,0.001
RE1,SE_TERREF_AUC,2048,0.001
RE1,SE_TERREF_AUC,2049,0.001
RE1,SE_TERREF_AUC,2050,0.001
RE1,SE_TERREF_AUC,2051,0.001
RE1,SE_TERREF_AUC,2052,0.001
RE1,SE_TERREF_AUC,2053,0.001
RE1,SE_TERREF_AUC,2054,0.001
RE1,SE_TERREF_CEN,2022,0.001
RE1,SE_TERREF_CEN,2023,0.001
RE1,SE_TERREF_CEN,2024,0.001
RE1,SE_TERREF_CEN,2025,0.001
RE1,SE_TERREF_CEN,2026,0.001
RE1,SE_TERREF_CEN,2027,0.001
RE1,SE_TERREF_CEN,2028,0.001
RE1,SE_TERREF_CEN,2029,0.001
RE1,SE_TERREF_CEN,2030,0.001
RE1,SE_TERREF_CEN,2031,0.001
RE1,SE_TERREF_CEN,2032,0.001
RE1,SE_TERREF_CEN,2033,0.001
RE1,SE_TERREF_CEN,2034,0.001
RE1,SE_TERREF_CEN,2035,0.001
RE1,SE_TERREF_CEN,2036,0.001
RE1,SE_TERREF_CEN,2037,0.001
RE1,SE_TERREF_CEN,2038,0.001
RE1,SE_TERREF_CEN,2039,0.001
RE1,SE_TERREF_CEN,2040,0.001
RE1,SE_TERREF_CEN,2041,0.001
RE1,SE_TERREF_CEN,2042,0.001
RE1,SE_TERREF_CEN,2043,0.001
RE1,SE_TERREF_CEN,2044,0.001
RE1,SE_TERREF_CEN,2045,0.001
RE1,SE_TERREF_CEN,2046,0.001
RE1,SE_TERREF_CEN,2047,0.001
RE1,SE_TERREF_CEN,2048,0.001
RE1,SE_TERREF_CEN,2049,0.001
RE1,SE_TERREF_CEN,2050,0.001
RE1,SE_TERREF_CEN,2051,0.001
RE1,SE_TERREF_CEN,2052,0.001
RE1,SE_TERREF_CEN,2053,0.001
RE1,SE_TERREF_CEN,2054,0.001
RE1,SE_TRAAVI,2022,0.3648051506913316
RE1,SE_TRAAVI,2023,0.3987625234770029
RE1,SE_TRAAVI,2024,0.411269564507005
RE1,SE_TRAAVI,2025,0.4210238503916575
RE1,SE_TRAAVI,2026,0.4340677168649631
RE1,SE_TRAAVI,2027,0.4471115833382688
RE1,SE_TRAAVI,2028,0.4585906304343168
RE1,SE_TRAAVI,2029,0.4701953054000866
RE1,SE_TRAAVI,2030,0.4819941791644693
RE1,SE_TRAAVI,2031,0.4939871947275239
RE1,SE_TRAAVI,2032,0.5062086660536662
RE1,SE_TRAAVI,2033,0.5186014792021245
RE1,SE_TRAAVI,2034,0.5311884341492547
RE1,SE_TRAAVI,2035,0.5439809878831755
RE1,SE_TRAAVI,2036,0.5569905973920062
RE1,SE_TRAAVI,2037,0.5701715487231527
RE1,SE_TRAAVI,2038,0.5835465848530303
RE1,SE_TRAAVI,2039,0.5971159907813434
RE1,SE_TRAAVI,2040,0.6109247964613951
RE1,SE_TRAAVI,2041,0.6300602466176329
RE1,SE_TRAAVI,2042,0.6438280123402437
RE1,SE_TRAAVI,2043,0.6575963480622634
RE1,SE_TRAAVI,2044,0.6713641137848742
RE1,SE_TRAAVI,2045,0.685131879507485
RE1,SE_TRAAVI,2046,0.6989002152295046
RE1,SE_TRAAVI,2047,0.7126679809521155
RE1,SE_TRAAVI,2048,0.7264357466747262
RE1,SE_TRAAVI,2049,0.740204082396746
RE1,SE_TRAAVI,2050,0.7539718481193568
RE1,SE_TRAAVI,2051,0.7677396138419676
RE1,SE_TRAAVI,2052,0.7815079495639873
RE1,SE_TRAAVI,2053,0.7952757152865981
RE1,SE_TRAAVI,2054,0.8090440510086179
RE1,SE_TRAFWD,2022,0.005472
RE1,SE_TRAFWD,2023,0.00518
RE1,SE_TRAFWD,2024,0.004773
RE1,SE_TRAFWD,2025,0.005038
RE1,SE_TRAFWD,2026,0.0053
RE1,SE_TRAFWD,2027,0.005542
RE1,SE_TRAFWD,2028,0.005775
RE1,SE_TRAFWD,2029,0.00602
RE1,SE_TRAFWD,2030,0.006289
RE1,SE_TRAFWD,2031,0.006551
RE1,SE_TRAFWD,2032,0.006901
RE1,SE_TRAFWD,2033,0.007304
RE1,SE_TRAFWD,2034,0.007653
RE1,SE_TRAFWD,2035,0.008011
RE1,SE_TRAFWD,2036,0.008408
RE1,SE_TRAFWD,2037,0.008821
RE1,SE_TRAFWD,2038,0.009254
RE1,SE_TRAFWD,2039,0.009657
RE1,SE_TRAFWD,2040,0.010045
RE1,SE_TRAFWD,2041,0.010461
RE1,SE_TRAFWD,2042,0.010964
RE1,SE_TRAFWD,2043,0.011472
RE1,SE_TRAFWD,2044,0.012031
RE1,SE_TRAFWD,2045,0.01256
RE1,SE_TRAFWD,2046,0.013058
RE1,SE_TRAFWD,2047,0.013655
RE1,SE_TRAFWD,2048,0.014195
RE1,SE_TRAFWD,2049,0.014765
RE1,SE_TRAFWD,2050,0.015418
RE1,SE_TRAFWD,2051,0.015967
RE1,SE_TRAFWD,2052,0.016407
RE1,SE_TRAFWD,2053,0.016882
RE1,SE_TRAFWD,2054,0.017263
RE1,SE_TRAMIC,2022,0.000891
RE1,SE_TRAMIC,2023,0.001017
RE1,SE_TRAMIC,2024,0.001024
RE1,SE_TRAMIC,2025,0.001023
RE1,SE_TRAMIC,2026,0.001023
RE1,SE_TRAMIC,2027,0.001022
RE1,SE_TRAMIC,2028,0.001021
RE1,SE_TRAMIC,2029,0.00102
RE1,SE_TRAMIC,2030,0.001019
RE1,SE_TRAMIC,2031,0.001018
RE1,SE_TRAMIC,2032,0.001017
RE1,SE_TRAMIC,2033,0.001016
RE1,SE_TRAMIC,2034,0.001016
RE1,SE_TRAMIC,2035,0.001016
RE1,SE_TRAMIC,2036,0.001018
RE1,SE_TRAMIC,2037,0.001023
RE1,SE_TRAMIC,2038,0.001031
RE1,SE_TRAMIC,2039,0.001045
RE1,SE_TRAMIC,2040,0.001066
RE1,SE_TRAMIC,2041,0.001099
RE1,SE_TRAMIC,2042,0.00114
RE1,SE_TRAMIC,2043,0.001196
RE1,SE_TRAMIC,2044,0.001253
RE1,SE_TRAMIC,2045,0.001319
RE1,SE_TRAMIC,2046,0.001378
RE1,SE_TRAMIC,2047,0.001456
RE1,SE_TRAMIC,2048,0.001521
RE1,SE_TRAMIC,2049,0.001582
RE1,SE_TRAMIC,2050,0.001639
RE1,SE_TRAMIC,2051,0.001694
RE1,SE_TRAMIC,2052,0.001749
RE1,SE_TRAMIC,2053,0.001759
RE1,SE_TRAMIC,2054,0.001767
RE1,SE_TRAMTC,2022,0.079029
RE1,SE_TRAMTC,2023,0.075276
RE1,SE_TRAMTC,2024,0.069792
RE1,SE_TRAMTC,2025,0.072284
RE1,SE_TRAMTC,2026,0.074717
RE1,SE_TRAMTC,2027,0.077182
RE1,SE_TRAMTC,2028,0.079509
RE1,SE_TRAMTC,2029,0.081991
RE1,SE_TRAMTC,2030,0.083904
RE1,SE_TRAMTC,2031,0.086158
RE1,SE_TRAMTC,2032,0.088429
RE1,SE_TRAMTC,2033,0.089363
RE1,SE_TRAMTC,2034,0.089182
RE1,SE_TRAMTC,2035,0.088102
RE1,SE_TRAMTC,2036,0.085804
RE1,SE_TRAMTC,2037,0.081748
RE1,SE_TRAMTC,2038,0.07656
RE1,SE_TRAMTC,2039,0.070689
RE1,SE_TRAMTC,2040,0.06419
RE1,SE_TRAMTC,2041,0.057823
RE1,SE_TRAMTC,2042,0.051161
RE1,SE_TRAMTC,2043,0.050079
RE1,SE_TRAMTC,2044,0.049025
RE1,SE_TRAMTC,2045,0.047836
RE1,SE_TRAMTC,2046,0.046873
RE1,SE_TRAMTC,2047,0.045907
RE1,SE_TRAMTC,2048,0.044728
RE1,SE_TRAMTC,2049,0.043842
RE1,SE_TRAMTC,2050,0.042601
RE1,SE_TRAMTC,2051,0.040857
RE1,SE_TRAMTC,2052,0.039261
RE1,SE_TRAMTC,2053,0.036846
RE1,SE_TRAMTC,2054,0.034457
RE1,SE_TRATAX,2022,0.005332
RE1,SE_TRATAX,2023,0.005221
RE1,SE_TRATAX,2024,0.004734
RE1,SE_TRATAX,2025,0.004776
RE1,SE_TRATAX,2026,0.004812
RE1,SE_TRATAX,2027,0.004841
RE1,SE_TRATAX,2028,0.004865
RE1,SE_TRATAX,2029,0.004888
RE1,SE_TRATAX,2030,0.004902
RE1,SE_TRATAX,2031,0.004918
RE1,SE_TRATAX,2032,0.004936
RE1,SE_TRATAX,2033,0.004946
RE1,SE_TRATAX,2034,0.004952
RE1,SE_TRATAX,2035,0.004957
RE1,SE_TRATAX,2036,0.004959
RE1,SE_TRATAX,2037,0.00496
RE1,SE_TRATAX,2038,0.004958
RE1,SE_TRATAX,2039,0.004953
RE1,SE_TRATAX,2040,0.004947
RE1,SE_TRATAX,2041,0.00494
RE1,SE_TRATAX,2042,0.004932
RE1,SE_TRATAX,2043,0.004923
RE1,SE_TRATAX,2044,0.004913
RE1,SE_TRATAX,2045,0.004902
RE1,SE_TRATAX,2046,0.004891
RE1,SE_TRATAX,2047,0.004879
RE1,SE_TRATAX,2048,0.004866
RE1,SE_TRATAX,2049,0.004854
RE1,SE_TRATAX,2050,0.00484
RE1,SE_TRATAX,2051,0.004827
RE1,SE_TRATAX,2052,0.004813
RE1,SE_TRATAX,2053,0.004799
RE1,SE_TRATAX,2054,0.005665
RE1,SE_TRATCK,2022,0.004106
RE1,SE_TRATCK,2023,0.003973
RE1,SE_TRATCK,2024,0.003706
RE1,SE_TRATCK,2025,0.003789
RE1,SE_TRATCK,2026,0.003876
RE1,SE_TRATCK,2027,0.00396
RE1,SE_TRATCK,2028,0.004044
RE1,SE_TRATCK,2029,0.004126
RE1,SE_TRATCK,2030,0.004213
RE1,SE_TRATCK,2031,0.004292
RE1,SE_TRATCK,2032,0.004395
RE1,SE_TRATCK,2033,0.004509
RE1,SE_TRATCK,2034,0.004604
RE1,SE_TRATCK,2035,0.004698
RE1,SE_TRATCK,2036,0.0048
RE1,SE_TRATCK,2037,0.004903
RE1,SE_TRATCK,2038,0.00501
RE1,SE_TRATCK,2039,0.005106
RE1,SE_TRATCK,2040,0.005192
RE1,SE_TRATCK,2041,0.00528
RE1,SE_TRATCK,2042,0.005384
RE1,SE_TRATCK,2043,0.005486
RE1,SE_TRATCK,2044,0.005585
RE1,SE_TRATCK,2045,0.005673
RE1,SE_TRATCK,2046,0.005742
RE1,SE_TRATCK,2047,0.005835
RE1,SE_TRATCK,2048,0.005902
RE1,SE_TRATCK,2049,0.00597
RE1,SE_TRATCK,2050,0.006054
RE1,SE_TRATCK,2051,0.006113
RE1,SE_TRATCK,2052,0.006149
RE1,SE_TRATCK,2053,0.006172
RE1,SE_TRATCK,2054,0.006175
RE1,SO_AGFELC,2022,1.0778389
RE1,SO_AGFELC,2023,1.1334176
RE1,SO_AGFELC,2024,1.1519114
RE1,SO_AGFELC,2025,1.1945401
RE1,SO_AGFELC,2026,1.2273143
RE1,SO_AGFELC,2027,1.2625241
RE1,SO_AGFELC,2028,1.2992217
RE1,SO_AGFELC,2029,1.3371128
RE1,SO_AGFELC,2030,1.3759387
RE1,SO_AGFELC,2031,1.4157085
RE1,SO_AGFELC,2032,1.4567662
RE1,SO_AGFELC,2033,1.4991749
RE1,SO_AGFELC,2034,1.5428143
RE1,SO_AGFELC,2035,1.5901392
RE1,SO_AGFELC,2036,1.6388859
RE1,SO_AGFELC,2037,1.6910725
RE1,SO_AGFELC,2038,1.7448387
RE1,SO_AGFELC,2039,1.8002338
RE1,SO_AGFELC,2040,1.857307
RE1,SO_AGFELC,2041,1.9161096
RE1,SO_AGFELC,2042,1.9826621
RE1,SO_AGFELC,2043,2.0512704
RE1,SO_AGFELC,2044,2.1219965
RE1,SO_AGFELC,2045,2.1949044
RE1,SO_AGFELC,2046,2.2700603
RE1,SO_AGFELC,2047,2.3475338
RE1,SO_AGFELC,2048,2.4314817
RE1,SO_AGFELC,2049,2.5242205
RE1,SO_AGFELC,2050,2.6199287
RE1,SO_AGFELC,2051,2.718695
RE1,SO_AGFELC,2052,2.8206102
RE1,SO_AGFELC,2053,2.9257662
RE1,SO_AGFELC,2054,3.0351269
RE1,SO_AGFHEA,2022,13.6813383
RE1,SO_AGFHEA,2023,14.0640026
RE1,SO_AGFHEA,2024,15.0900826
RE1,SO_AGFHEA,2025,15.6485197
RE1,SO_AGFHEA,2026,16.0778635
RE1,SO_AGFHEA,2027,16.5391122
RE1,SO_AGFHEA,2028,17.0198532
RE1,SO_AGFHEA,2029,17.5162275
RE1,SO_AGFHEA,2030,18.0248483
RE1,SO_AGFHEA,2031,18.5458337
RE1,SO_AGFHEA,2032,19.0836909
RE1,SO_AGFHEA,2033,19.6392469
RE1,SO_AGFHEA,2034,20.2109246
RE1,SO_AGFHEA,2035,20.8308825
RE1,SO_AGFHEA,2036,21.4694656
RE1,SO_AGFHEA,2037,22.1531121
RE1,SO_AGFHEA,2038,22.8574516
RE1,SO_AGFHEA,2039,23.5831293
RE1,SO_AGFHEA,2040,24.3307902
RE1,SO_AGFHEA,2041,25.1011073
RE1,SO_AGFHEA,2042,25.9729478
RE1,SO_AGFHEA,2043,26.8717183
RE1,SO_AGFHEA,2044,27.7982324
RE1,SO_AGFHEA,2045,28.7533293
RE1,SO_AGFHEA,2046,29.7378745
RE1,SO_AGFHEA,2047,30.7527797
RE1,SO_AGFHEA,2048,31.8525011
RE1,SO_AGFHEA,2049,33.0673824
RE1,SO_AGFHEA,2050,34.3211636
RE1,SO_AGFHEA,2051,35.6150053
RE1,SO_AGFHEA,2052,36.9500984
RE1,SO_AGFHEA,2053,38.3276465
RE1,SO_AGFHEA,2054,39.7602755
RE1,SO_INDCLIM,2022,0.1299398599154787
RE1,SO_INDCLIM,2023,0.1205791039885833
RE1,SO_INDCLIM,2024,0.1189174790467288
RE1,SO_INDCLIM,2025,0.1209232660295969
RE1,SO_INDCLIM,2026,0.1232447683566837
RE1,SO_INDCLIM,2027,0.1249091515481287
RE1,SO_INDCLIM,2028,0.1272890693889405
RE1,SO_INDCLIM,2029,0.1300069984176493
RE1,SO_INDCLIM,2030,0.1317199345548593
RE1,SO_INDCLIM,2031,0.1325832336756062
RE1,SO_INDCLIM,2032,0.13423537776088
RE1,SO_INDCLIM,2033,0.135950966258918
RE1,SO_INDCLIM,2034,0.1399375476903484
RE1,SO_INDCLIM,2035,0.1450130090233885
RE1,SO_INDCLIM,2036,0.1502428945387707
RE1,SO_INDCLIM,2037,0.1557469065680388
RE1,SO_INDCLIM,2038,0.1614750257364043
RE1,SO_INDCLIM,2039,0.1674240575700476
RE1,SO_INDCLIM,2040,0.1735941711664239
RE1,SO_INDCLIM,2041,0.179997069278528
RE1,SO_INDCLIM,2042,0.1868608710031849
RE1,SO_INDCLIM,2043,0.1939969376233922
RE1,SO_INDCLIM,2044,0.2014202102129767
RE1,SO_INDCLIM,2045,0.2091110120395316
RE1,SO_INDCLIM,2046,0.2171145276322802
RE1,SO_INDCLIM,2047,0.225491976023131
RE1,SO_INDCLIM,2048,0.2341847887348437
RE1,SO_INDCLIM,2049,0.2431975242755586
RE1,SO_INDCLIM,2050,0.2525614252317518
RE1,SO_INDCLIM,2051,0.2623094117443409
RE1,SO_INDCLIM,2052,0.2724613578938759
RE1,SO_INDCLIM,2053,0.283018012107792
RE1,SO_INDCLIM,2054,0.2939415501571846
RE1,SO_INDDHT,2022,20.4748493603526
RE1,SO_INDDHT,2023,20.65405228321564
RE1,SO_INDDHT,2024,20.40483199848473
RE1,SO_INDDHT,2025,20.61401897958096
RE1,SO_INDDHT,2026,21.01860529325379
RE1,SO_INDDHT,2027,21.30885722966257
RE1,SO_INDDHT,2028,21.71023483240254
RE1,SO_INDDHT,2029,22.15592907529153
RE1,SO_INDDHT,2030,22.44183597661793
RE1,SO_INDDHT,2031,22.63690181420016
RE1,SO_INDDHT,2032,22.92947558673289
RE1,SO_INDDHT,2033,23.24143694479831
RE1,SO_INDDHT,2034,23.92926539465179
RE1,SO_INDDHT,2035,24.78638368327206
RE1,SO_INDDHT,2036,25.67021741240653
RE1,SO_INDDHT,2037,26.59687632562555
RE1,SO_INDDHT,2038,27.55955015344393
RE1,SO_INDDHT,2039,28.55912837736451
RE1,SO_INDDHT,2040,29.59687651191063
RE1,SO_INDDHT,2041,30.67457491772302
RE1,SO_INDDHT,2042,31.82613938660918
RE1,SO_INDDHT,2043,33.02242600763199
RE1,SO_INDDHT,2044,34.26353121183051
RE1,SO_INDDHT,2045,35.54886007882078
RE1,SO_INDDHT,2046,36.88473069381126
RE1,SO_INDDHT,2047,38.28126514709878
RE1,SO_INDDHT,2048,39.72910946253565
RE1,SO_INDDHT,2049,41.22917614698765
RE1,SO_INDDHT,2050,42.7859363016419
RE1,SO_INDDHT,2051,44.40431975800131
RE1,SO_INDDHT,2052,46.08722945742725
RE1,SO_INDDHT,2053,47.90748173803279
RE1,SO_INDDHT,2054,49.79117519465878
RE1,SO_INDIHT,2022,49.63696107539056
RE1,SO_INDIHT,2023,50.55445782553412
RE1,SO_INDIHT,2024,49.55886775077496
RE1,SO_INDIHT,2025,50.24823412175871
RE1,SO_INDIHT,2026,51.28253519264802
RE1,SO_INDIHT,2027,52.04130026573944
RE1,SO_INDIHT,2028,53.06697788095055
RE1,SO_INDIHT,2029,54.19690880369972
RE1,SO_INDIHT,2030,54.94720246949046
RE1,SO_INDIHT,2031,55.52794949291171
RE1,SO_INDIHT,2032,56.29706723101272
RE1,SO_INDIHT,2033,57.11031186125297
RE1,SO_INDIHT,2034,58.84629374218307
RE1,SO_INDIHT,2035,61.00270450356504
RE1,SO_INDIHT,2036,63.22915543686775
RE1,SO_INDIHT,2037,65.5630318316234
RE1,SO_INDIHT,2038,67.98878347507953
RE1,SO_INDIHT,2039,70.50967139182406
RE1,SO_INDIHT,2040,73.12945835530635
RE1,SO_INDIHT,2041,75.85273675264061
RE1,SO_INDIHT,2042,78.75830623576644
RE1,SO_INDIHT,2043,81.7795901679393
RE1,SO_INDIHT,2044,84.9171993978847
RE1,SO_INDIHT,2045,88.17137451769824
RE1,SO_INDIHT,2046,91.55588054097186
RE1,SO_INDIHT,2047,95.0957718686415
RE1,SO_INDIHT,2048,98.76900874453034
RE1,SO_INDIHT,2049,102.5785453322349
RE1,SO_INDIHT,2050,106.5348474659041
RE1,SO_INDIHT,2051,110.6505616302256
RE1,SO_INDIHT,2052,114.9329563495312
RE1,SO_INDIHT,2053,119.4858227877973
RE1,SO_INDIHT,2054,124.197812261353
RE1,SO_INDILU,2022,0.2416930735312953
RE1,SO_INDILU,2023,0.222161478237138
RE1,SO_INDILU,2024,0.218145729795614
RE1,SO_INDILU,2025,0.2232170614211664
RE1,SO_INDILU,2026,0.227392578097397
RE1,SO_INDILU,2027,0.2303433263348784
RE1,SO_INDILU,2028,0.2345652906142738
RE1,SO_INDILU,2029,0.239372938579694
RE1,SO_INDILU,2030,0.2423681165486315
RE1,SO_INDILU,2031,0.2438620709979701
RE1,SO_INDILU,2032,0.2467933657377221
RE1,SO_INDILU,2033,0.249911926091852
RE1,SO_INDILU,2034,0.2571439101347086
RE1,SO_INDILU,2035,0.2663191277816773
RE1,SO_INDILU,2036,0.2757865060824071
RE1,SO_INDILU,2037,0.2857403969439012
RE1,SO_INDILU,2038,0.2960946247736758
RE1,SO_INDILU,2039,0.3068497508436585
RE1,SO_INDILU,2040,0.3180099047805765
RE1,SO_INDILU,2041,0.3295955303190901
RE1,SO_INDILU,2042,0.3420199393537611
RE1,SO_INDILU,2043,0.3549384952130996
RE1,SO_INDILU,2044,0.368366010620204
RE1,SO_INDILU,2045,0.3822766706779611
RE1,SO_INDILU,2046,0.3967519841299162
RE1,SO_INDILU,2047,0.4119017599186818
RE1,SO_INDILU,2048,0.4276195319385203
RE1,SO_INDILU,2049,0.4439136680623494
RE1,SO_INDILU,2050,0.460841629006708
RE1,SO_INDILU,2051,0.47846227320963
RE1,SO_INDILU,2052,0.4968106320139569
RE1,SO_INDILU,2053,0.5158891328452214
RE1,SO_INDILU,2054,0.5356240353408831
RE1,SO_INDMPW,2022,7.245809993538969
RE1,SO_INDMPW,2023,6.82262133405203
RE1,SO_INDMPW,2024,6.760054970041258
RE1,SO_INDMPW,2025,6.942306248955908
RE1,SO_INDMPW,2026,7.080980932677143
RE1,SO_INDMPW,2027,7.181232201787346
RE1,SO_INDMPW,2028,7.32048133502902
RE1,SO_INDMPW,2029,7.477327043020094
RE1,SO_INDMPW,2030,7.578202701477601
RE1,SO_INDMPW,2031,7.635112797784298
RE1,SO_INDMPW,2032,7.734899153860271
RE1,SO_INDMPW,2033,7.841131252585074
RE1,SO_INDMPW,2034,8.076226784060465
RE1,SO_INDMPW,2035,8.371734270208771
RE1,SO_INDMPW,2036,8.676443589839108
RE1,SO_INDMPW,2037,8.996611081899712
RE1,SO_INDMPW,2038,9.329666705575717
RE1,SO_INDMPW,2039,9.675734791398927
RE1,SO_INDMPW,2040,10.03504555240626
RE1,SO_INDMPW,2041,10.40826553950925
RE1,SO_INDMPW,2042,10.80816693357822
RE1,SO_INDMPW,2043,11.22410702143036
RE1,SO_INDMPW,2044,11.65644236566862
RE1,SO_INDMPW,2045,12.10447483070718
RE1,SO_INDMPW,2046,12.57074652519615
RE1,SO_INDMPW,2047,13.05879232276131
RE1,SO_INDMPW,2048,13.56529674384193
RE1,SO_INDMPW,2049,14.09055447942454
RE1,SO_INDMPW,2050,14.63639365512531
RE1,SO_INDMPW,2051,15.20468640566038
RE1,SO_INDMPW,2052,15.7965485066272
RE1,SO_INDMPW,2053,16.41213028550348
RE1,SO_INDMPW,2054,17.04905493213476
RE1,SO_INDREF,2022,0.1767592832089657
RE1,SO_INDREF,2023,0.1718367744821161
RE1,SO_INDREF,2024,0.1699750757929538
RE1,SO_INDREF,2025,0.1796476987261098
RE1,SO_INDREF,2026,0.1833100747431709
RE1,SO_INDREF,2027,0.1859482973669594
RE1,SO_INDREF,2028,0.1895887791983571
RE1,SO_INDREF,2029,0.1936686793948178
RE1,SO_INDREF,2030,0.1962903465140183
RE1,SO_INDREF,2031,0.1977079550998606
RE1,SO_INDREF,2032,0.2003751866254553
RE1,SO_INDREF,2033,0.2032771065502476
RE1,SO_INDREF,2034,0.2095277581247084
RE1,SO_INDREF,2035,0.2172836124138678
RE1,SO_INDREF,2036,0.2252484458844307
RE1,SO_INDREF,2037,0.2336162935452753
RE1,SO_INDREF,2038,0.2423236661793012
RE1,SO_INDREF,2039,0.2513751284606789
RE1,SO_INDREF,2040,0.2607802337259728
RE1,SO_INDREF,2041,0.2705579293499705
RE1,SO_INDREF,2042,0.281046484025988
RE1,SO_INDREF,2043,0.2919569832058924
RE1,SO_INDREF,2044,0.3032896126600548
RE1,SO_INDREF,2045,0.3150233399379854
RE1,SO_INDREF,2046,0.3272335933890671
RE1,SO_INDREF,2047,0.3400170108526432
RE1,SO_INDREF,2048,0.3532849941127671
RE1,SO_INDREF,2049,0.3670437011262463
RE1,SO_INDREF,2050,0.3813454375232426
RE1,SO_INDREF,2051,0.3962386634766268
RE1,SO_INDREF,2052,0.4117519062246636
RE1,SO_INDREF,2053,0.4278871053056997
RE1,SO_INDREF,2054,0.4445807288152327
RE1,SO_RESCLIM_RUR,2022,0.0167857567382647
RE1,SO_RESCLIM_RUR,2023,0.01928276588509199
RE1,SO_RESCLIM_RUR,2024,0.01922702142675143
RE1,SO_RESCLIM_RUR,2025,0.02042478537025471
RE1,SO_RESCLIM_RUR,2026,0.02154555058581012
RE1,SO_RESCLIM_RUR,2027,0.02270685304795696
RE1,SO_RESCLIM_RUR,2028,0.02390914332630243
RE1,SO_RESCLIM_RUR,2029,0.02514988824772005
RE1,SO_RESCLIM_RUR,2030,0.02642947683817877
RE1,SO_RESCLIM_RUR,2031,0.02774240080210391
RE1,SO_RESCLIM_RUR,2032,0.02908445556235259
RE1,SO_RESCLIM_RUR,2033,0.03045510420097309
RE1,SO_RESCLIM_RUR,2034,0.03185228391168117
RE1,SO_RESCLIM_RUR,2035,0.03327842874251119
RE1,SO_RESCLIM_RUR,2036,0.03473161356433711
RE1,SO_RESCLIM_RUR,2037,0.03621122285946706
RE1,SO_RESCLIM_RUR,2038,0.03771818861337152
RE1,SO_RESCLIM_RUR,2039,0.03925207801868314
RE1,SO_RESCLIM_RUR,2040,0.04081205166397963
RE1,SO_RESCLIM_RUR,2041,0.04239965218185072
RE1,SO_RESCLIM_RUR,2042,0.04401285592774377
RE1,SO_RESCLIM_RUR,2043,0.0456519194476617
RE1,SO_RESCLIM_RUR,2044,0.04731547923747201
RE1,SO_RESCLIM_RUR,2045,0.0490048927263932
RE1,SO_RESCLIM_RUR,2046,0.05071796959730407
RE1,SO_RESCLIM_RUR,2047,0.05245545176852781
RE1,SO_RESCLIM_RUR,2048,0.05421465268829524
RE1,SO_RESCLIM_RUR,2049,0.05599017327098998
RE1,SO_RESCLIM_RUR,2050,0.05778455650431363
RE1,SO_RESCLIM_RUR,2051,0.05851566934373086
RE1,SO_RESCLIM_RUR,2052,0.05923720597157527
RE1,SO_RESCLIM_RUR,2053,0.05994861709337288
RE1,SO_RESCLIM_RUR,2054,0.06064935694113499
RE1,SO_RESCLIM_URB,2022,0.1757338980805539
RE1,SO_RESCLIM_URB,2023,0.2292144756226735
RE1,SO_RESCLIM_URB,2024,0.2558227339983636
RE1,SO_RESCLIM_URB,2025,0.2613800734475008
RE1,SO_RESCLIM_URB,2026,0.2834594545764499
RE1,SO_RESCLIM_URB,2027,0.3062252596929718
RE1,SO_RESCLIM_URB,2028,0.3296132307545653
RE1,SO_RESCLIM_URB,2029,0.3535370571142633
RE1,SO_RESCLIM_URB,2030,0.3779215124519686
RE1,SO_RESCLIM_URB,2031,0.4025270118006192
RE1,SO_RESCLIM_URB,2032,0.4276176338727602
RE1,SO_RESCLIM_URB,2033,0.4531764476681055
RE1,SO_RESCLIM_URB,2034,0.4791964604071702
RE1,SO_RESCLIM_URB,2035,0.505668632282326
RE1,SO_RESCLIM_URB,2036,0.5325872898290972
RE1,SO_RESCLIM_URB,2037,0.5599254630310938
RE1,SO_RESCLIM_URB,2038,0.5876970383992456
RE1,SO_RESCLIM_URB,2039,0.615891917651346
RE1,SO_RESCLIM_URB,2040,0.6445425245404335
RE1,SO_RESCLIM_URB,2041,0.6736047979643058
RE1,SO_RESCLIM_URB,2042,0.7030728902404156
RE1,SO_RESCLIM_URB,2043,0.7329530243854322
RE1,SO_RESCLIM_URB,2044,0.7632125615505518
RE1,SO_RESCLIM_URB,2045,0.7938658192562397
RE1,SO_RESCLIM_URB,2046,0.8249353638056095
RE1,SO_RESCLIM_URB,2047,0.8564579567012608
RE1,SO_RESCLIM_URB,2048,0.8884288451299533
RE1,SO_RESCLIM_URB,2049,0.9207465819652634
RE1,SO_RESCLIM_URB,2050,0.9533681416898244
RE1,SO_RESCLIM_URB,2051,0.9638081524665041
RE1,SO_RESCLIM_URB,2052,0.9741117078620004
RE1,SO_RESCLIM_URB,2053,0.9842715910625113
RE1,SO_RESCLIM_URB,2054,0.9942810501644019
RE1,SO_RESDHT_RUR,2022,5.182247034061941
RE1,SO_RESDHT_RUR,2023,5.563584632251915
RE1,SO_RESDHT_RUR,2024,5.378605435368165
RE1,SO_RESDHT_RUR,2025,5.438325640907616
RE1,SO_RESDHT_RUR,2026,5.431331284814152
RE1,SO_RESDHT_RUR,2027,5.423685845711241
RE1,SO_RESDHT_RUR,2028,5.415042547361553
RE1,SO_RESDHT_RUR,2029,5.404373971770907
RE1,SO_RESDHT_RUR,2030,5.391562368163244
RE1,SO_RESDHT_RUR,2031,5.484425097822498
RE1,SO_RESDHT_RUR,2032,5.576616096236378
RE1,SO_RESDHT_RUR,2033,5.668135631406022
RE1,SO_RESDHT_RUR,2034,5.7586448387366
RE1,SO_RESDHT_RUR,2035,5.84858925460335
RE1,SO_RESDHT_RUR,2036,5.936394865311106
RE1,SO_RESDHT_RUR,2037,6.023690212197114
RE1,SO_RESDHT_RUR,2038,6.110251881150651
RE1,SO_RESDHT_RUR,2039,6.19609192539802
RE1,SO_RESDHT_RUR,2040,6.281091322240231
RE1,SO_RESDHT_RUR,2041,6.35693153894087
RE1,SO_RESDHT_RUR,2042,6.431595516088139
RE1,SO_RESDHT_RUR,2043,6.505205557057858
RE1,SO_RESDHT_RUR,2044,6.577579335995845
RE1,SO_RESDHT_RUR,2045,6.648889812490006
RE1,SO_RESDHT_RUR,2046,6.714182592419904
RE1,SO_RESDHT_RUR,2047,6.778052014351791
RE1,SO_RESDHT_RUR,2048,6.840231401167605
RE1,SO_RESDHT_RUR,2049,6.899982366576367
RE1,SO_RESDHT_RUR,2050,6.957694313391068
RE1,SO_RESDHT_RUR,2051,7.04995366552892
RE1,SO_RESDHT_RUR,2052,7.141018188138953
RE1,SO_RESDHT_RUR,2053,7.230814996265014
RE1,SO_RESDHT_RUR,2054,7.319271683847439
RE1,SO_RESDHT_URB,2022,10.02547401066109
RE1,SO_RESDHT_URB,2023,10.0320905441255
RE1,SO_RESDHT_URB,2024,10.25645077130024
RE1,SO_RESDHT_URB,2025,10.60678204591553
RE1,SO_RESDHT_URB,2026,10.94014147312843
RE1,SO_RESDHT_URB,2027,11.27699671023675
RE1,SO_RESDHT_URB,2028,11.61614498923393
RE1,SO_RESDHT_URB,2029,11.95554798087894
RE1,SO_RESDHT_URB,2030,12.29384716114987
RE1,SO_RESDHT_URB,2031,12.65318623769717
RE1,SO_RESDHT_URB,2032,13.0125581030421
RE1,SO_RESDHT_URB,2033,13.37150414656214
RE1,SO_RESDHT_URB,2034,13.7301980966966
RE1,SO_RESDHT_URB,2035,14.08899892405774
RE1,SO_RESDHT_URB,2036,14.45225008435637
RE1,SO_RESDHT_URB,2037,14.81591701665092
RE1,SO_RESDHT_URB,2038,15.18031514438088
RE1,SO_RESDHT_URB,2039,15.5452654899057
RE1,SO_RESDHT_URB,2040,15.91180634410754
RE1,SO_RESDHT_URB,2041,16.28175233514953
RE1,SO_RESDHT_URB,2042,16.65257921282838
RE1,SO_RESDHT_URB,2043,17.02441881881091
RE1,SO_RESDHT_URB,2044,17.39661931587737
RE1,SO_RESDHT_URB,2045,17.76977906890988
RE1,SO_RESDHT_URB,2046,18.14574682227411
RE1,SO_RESDHT_URB,2047,18.52392324719468
RE1,SO_RESDHT_URB,2048,18.90421297481082
RE1,SO_RESDHT_URB,2049,19.28384367523356
RE1,SO_RESDHT_URB,2050,19.63238046957565
RE1,SO_RESDHT_URB,2051,19.86247578900631
RE1,SO_RESDHT_URB,2052,20.08926939571815
RE1,SO_RESDHT_URB,2053,20.30152850632604
RE1,SO_RESDHT_URB,2054,20.5099009171826
RE1,SO_RESILU_RUR,2022,0.0454271072918675
RE1,SO_RESILU_RUR,2023,0.04705916708454583
RE1,SO_RESILU_RUR,2024,0.0474596814445858
RE1,SO_RESILU_RUR,2025,0.04913714647535116
RE1,SO_RESILU_RUR,2026,0.05044480697310152
RE1,SO_RESILU_RUR,2027,0.05179514711714727
RE1,SO_RESILU_RUR,2028,0.05318737638006982
RE1,SO_RESILU_RUR,2029,0.0546066354043695
RE1,SO_RESILU_RUR,2030,0.05605571025658437
RE1,SO_RESILU_RUR,2031,0.05752174173778518
RE1,SO_RESILU_RUR,2032,0.05899457772672399
RE1,SO_RESILU_RUR,2033,0.06046521179287399
RE1,SO_RESILU_RUR,2034,0.06194263995689062
RE1,SO_RESILU_RUR,2035,0.06341829466964094
RE1,SO_RESILU_RUR,2036,0.06490188414981954
RE1,SO_RESILU_RUR,2037,0.06637719595782438
RE1,SO_RESILU_RUR,2038,0.06785791920874384
RE1,SO_RESILU_RUR,2039,0.0693411038504618
RE1,SO_RESILU_RUR,2040,0.07083027874936004
RE1,SO_RESILU_RUR,2041,0.072320826716032
RE1,SO_RESILU_RUR,2042,0.07381192211991085
RE1,SO_RESILU_RUR,2043,0.07530534525890611
RE1,SO_RESILU_RUR,2044,0.07679598245455452
RE1,SO_RESILU_RUR,2045,0.07828838994120206
RE1,SO_RESILU_RUR,2046,0.07978533314575253
RE1,SO_RESILU_RUR,2047,0.08127867161906349
RE1,SO_RESILU_RUR,2048,0.08277206223481741
RE1,SO_RESILU_RUR,2049,0.08424827047223002
RE1,SO_RESILU_RUR,2050,0.08571637524185548
RE1,SO_RESILU_RUR,2051,0.08719968853902996
RE1,SO_RESILU_RUR,2052,0.08867271865098489
RE1,SO_RESILU_RUR,2053,0.08993864642660247
RE1,SO_RESILU_RUR,2054,0.09118800440995696
RE1,SO_RESILU_URB,2022,0.2277303342182996
RE1,SO_RESILU_URB,2023,0.2324070677115204
RE1,SO_RESILU_URB,2024,0.2495930318581704
RE1,SO_RESILU_URB,2025,0.2498619083860363
RE1,SO_RESILU_URB,2026,0.2560249633630045
RE1,SO_RESILU_URB,2027,0.2622010173116741
RE1,SO_RESILU_URB,2028,0.2683618149722369
RE1,SO_RESILU_URB,2029,0.2744626258272215
RE1,SO_RESILU_URB,2030,0.2804742409058836
RE1,SO_RESILU_URB,2031,0.2862174762082377
RE1,SO_RESILU_URB,2032,0.2918651750758727
RE1,SO_RESILU_URB,2033,0.297410867411017
RE1,SO_RESILU_URB,2034,0.3028611590113845
RE1,SO_RESILU_URB,2035,0.3082268112376839
RE1,SO_RESILU_URB,2036,0.313503916196251
RE1,SO_RESILU_URB,2037,0.3187084390207501
RE1,SO_RESILU_URB,2038,0.3238451673044489
RE1,SO_RESILU_URB,2039,0.3289125989442709
RE1,SO_RESILU_URB,2040,0.3339347806652497
RE1,SO_RESILU_URB,2041,0.3388955895302179
RE1,SO_RESILU_URB,2042,0.3437977592408715
RE1,SO_RESILU_URB,2043,0.3486466785882341
RE1,SO_RESILU_URB,2044,0.3534304503670347
RE1,SO_RESILU_URB,2045,0.3581633686718323
RE1,SO_RESILU_URB,2046,0.3628542316896168
RE1,SO_RESILU_URB,2047,0.3675208414796086
RE1,SO_RESILU_URB,2048,0.3721630516096855
RE1,SO_RESILU_URB,2049,0.3767267874814428
RE1,SO_RESILU_URB,2050,0.3848125695651096
RE1,SO_RESILU_URB,2051,0.3891216311752179
RE1,SO_RESILU_URB,2052,0.3933609623449879
RE1,SO_RESILU_URB,2053,0.3975270488100176
RE1,SO_RESILU_URB,2054,0.4016165775530159
RE1,SO_RESOTH_RUR,2022,0.2559592398048438
RE1,SO_RESOTH_RUR,2023,0.2631765647057735
RE1,SO_RESOTH_RUR,2024,0.2647002286529866
RE1,SO_RESOTH_RUR,2025,0.2740422024633392
RE1,SO_RESOTH_RUR,2026,0.2810790850075108
RE1,SO_RESOTH_RUR,2027,0.2883329368442267
RE1,SO_RESOTH_RUR,2028,0.2958015556017424
RE1,SO_RESOTH_RUR,2029,0.3034138042242236
RE1,SO_RESOTH_RUR,2030,0.311180058404146
RE1,SO_RESOTH_RUR,2031,0.3190251595436358
RE1,SO_RESOTH_RUR,2032,0.3268929341732869
RE1,SO_RESOTH_RUR,2033,0.3347495366833123
RE1,SO_RESOTH_RUR,2034,0.342621481320339
RE1,SO_RESOTH_RUR,2035,0.3504854033076282
RE1,SO_RESOTH_RUR,2036,0.3583384869984584
RE1,SO_RESOTH_RUR,2037,0.3661948635266264
RE1,SO_RESOTH_RUR,2038,0.3740706318866175
RE1,SO_RESOTH_RUR,2039,0.3819572502092392
RE1,SO_RESOTH_RUR,2040,0.3898654445550533
RE1,SO_RESOTH_RUR,2041,0.397784551518677
RE1,SO_RESOTH_RUR,2042,0.4057021802217391
RE1,SO_RESOTH_RUR,2043,0.4136316327539921
RE1,SO_RESOTH_RUR,2044,0.4215500578183772
RE1,SO_RESOTH_RUR,2045,0.429477174410911
RE1,SO_RESOTH_RUR,2046,0.4374192845495521
RE1,SO_RESOTH_RUR,2047,0.4453459280200646
RE1,SO_RESOTH_RUR,2048,0.4532673681667601
RE1,SO_RESOTH_RUR,2049,0.4610975361311357
RE1,SO_RESOTH_RUR,2050,0.4688658934981109
RE1,SO_RESOTH_RUR,2051,0.4767214814978498
RE1,SO_RESOTH_RUR,2052,0.484517980621829
RE1,SO_RESOTH_RUR,2053,0.4911807241847546
RE1,SO_RESOTH_RUR,2054,0.4977515873440992
RE1,SO_RESOTH_URB,2022,1.257122030176707
RE1,SO_RESOTH_URB,2023,1.285047097387316
RE1,SO_RESOTH_URB,2024,1.381071102999477
RE1,SO_RESOTH_URB,2025,1.382376484755641
RE1,SO_RESOTH_URB,2026,1.416440804124169
RE1,SO_RESOTH_URB,2027,1.4507990504857
RE1,SO_RESOTH_URB,2028,1.484812728273581
RE1,SO_RESOTH_URB,2029,1.518728637419838
RE1,SO_RESOTH_URB,2030,1.5521387681182
RE1,SO_RESOTH_URB,2031,1.583790326861767
RE1,SO_RESOTH_URB,2032,1.615177360236975
RE1,SO_RESOTH_URB,2033,1.645723837513572
RE1,SO_RESOTH_URB,2034,1.676018737689053
RE1,SO_RESOTH_URB,2035,1.705847285923002
RE1,SO_RESOTH_URB,2036,1.734886497318852
RE1,SO_RESOTH_URB,2037,1.76382355376931
RE1,SO_RESOTH_URB,2038,1.792082831612513
RE1,SO_RESOTH_URB,2039,1.820261841389643
RE1,SO_RESOTH_URB,2040,1.848192611152953
RE1,SO_RESOTH_URB,2041,1.875466327587069
RE1,SO_RESOTH_URB,2042,1.902733088983214
RE1,SO_RESOTH_URB,2043,1.929378299608098
RE1,SO_RESOTH_URB,2044,1.955990908861676
RE1,SO_RESOTH_URB,2045,1.982324043946626
RE1,SO_RESOTH_URB,2046,2.008084370530618
RE1,SO_RESOTH_URB,2047,2.034050974981576
RE1,SO_RESOTH_URB,2048,2.059533860013822
RE1,SO_RESOTH_URB,2049,2.084931757465803
RE1,SO_RESOTH_URB,2050,2.12968062795144
RE1,SO_RESOTH_URB,2051,2.153526594549391
RE1,SO_RESOTH_URB,2052,2.176985577090103
RE1,SO_RESOTH_URB,2053,2.200038111963784
RE1,SO_RESOTH_URB,2054,2.222665850695776
RE1,SO_RESREF_RUR,2022,0.0806332816596375
RE1,SO_RESREF_RUR,2023,0.08185559644000034
RE1,SO_RESREF_RUR,2024,0.08481840094540659
RE1,SO_RESREF_RUR,2025,0.08862086181552108
RE1,SO_RESREF_RUR,2026,0.09157279561312436
RE1,SO_RESREF_RUR,2027,0.09462084724456363
RE1,SO_RESREF_RUR,2028,0.0977625650315982
RE1,SO_RESREF_RUR,2029,0.1009837000293051
RE1,SO_RESREF_RUR,2030,0.104284119932943
RE1,SO_RESREF_RUR,2031,0.1066932056947205
RE1,SO_RESREF_RUR,2032,0.1091105732154023
RE1,SO_RESREF_RUR,2033,0.1115340148130411
RE1,SO_RESREF_RUR,2034,0.1139558056695181
RE1,SO_RESREF_RUR,2035,0.1163850358268315
RE1,SO_RESREF_RUR,2036,0.118818944609674
RE1,SO_RESREF_RUR,2037,0.1212523003092775
RE1,SO_RESREF_RUR,2038,0.1236889214880356
RE1,SO_RESREF_RUR,2039,0.1261299966720432
RE1,SO_RESREF_RUR,2040,0.128572868501539
RE1,SO_RESREF_RUR,2041,0.1310243894217306
RE1,SO_RESREF_RUR,2042,0.1334779919335378
RE1,SO_RESREF_RUR,2043,0.1359352767111194
RE1,SO_RESREF_RUR,2044,0.1383923409761884
RE1,SO_RESREF_RUR,2045,0.1408531462976077
RE1,SO_RESREF_RUR,2046,0.1433135412795062
RE1,SO_RESREF_RUR,2047,0.1457753498366432
RE1,SO_RESREF_RUR,2048,0.1482297462506699
RE1,SO_RESREF_RUR,2049,0.1506605755307703
RE1,SO_RESREF_RUR,2050,0.1530775066334232
RE1,SO_RESREF_RUR,2051,0.1552852783859696
RE1,SO_RESREF_RUR,2052,0.1574694926938643
RE1,SO_RESREF_RUR,2053,0.1596283416518699
RE1,SO_RESREF_RUR,2054,0.1617600203743237
RE1,SO_RESREF_URB,2022,1.62327682154883
RE1,SO_RESREF_URB,2023,1.66819256433084
RE1,SO_RESREF_URB,2024,1.79493629668981
RE1,SO_RESREF_URB,2025,1.816958490998607
RE1,SO_RESREF_URB,2026,1.881310172514954
RE1,SO_RESREF_URB,2027,1.946667918649177
RE1,SO_RESREF_URB,2028,2.012825634725874
RE1,SO_RESREF_URB,2029,2.079432884969814
RE1,SO_RESREF_URB,2030,2.146253339318075
RE1,SO_RESREF_URB,2031,2.192296527947767
RE1,SO_RESREF_URB,2032,2.237687640420509
RE1,SO_RESREF_URB,2033,2.282371350990233
RE1,SO_RESREF_URB,2034,2.326399010725937
RE1,SO_RESREF_URB,2035,2.369851051763279
RE1,SO_RESREF_URB,2036,2.41273577307996
RE1,SO_RESREF_URB,2037,2.455094454716445
RE1,SO_RESREF_URB,2038,2.497002540061799
RE1,SO_RESREF_URB,2039,2.538445371590795
RE1,SO_RESREF_URB,2040,2.57960625878398
RE1,SO_RESREF_URB,2041,2.620362167592794
RE1,SO_RESREF_URB,2042,2.660731132627427
RE1,SO_RESREF_URB,2043,2.700750786390302
RE1,SO_RESREF_URB,2044,2.740329229243864
RE1,SO_RESREF_URB,2045,2.77957708575776
RE1,SO_RESREF_URB,2046,2.818558866339819
RE1,SO_RESREF_URB,2047,2.857411409142167
RE1,SO_RESREF_URB,2048,2.896128858707598
RE1,SO_RESREF_URB,2049,2.934295049553673
RE1,SO_RESREF_URB,2050,2.971765176082847
RE1,SO_RESREF_URB,2051,3.004952462783504
RE1,SO_RESREF_URB,2052,3.037592080182104
RE1,SO_RESREF_URB,2053,3.06965665154258
RE1,SO_RESREF_URB,2054,3.101120362219183
RE1,SO_RESTV_RUR,2022,0.1158003776549493
RE1,SO_RESTV_RUR,2023,0.1187655743030795
RE1,SO_RESTV_RUR,2024,0.1187188583136187
RE1,SO_RESTV_RUR,2025,0.1242970322063896
RE1,SO_RESTV_RUR,2026,0.1278329499427322
RE1,SO_RESTV_RUR,2027,0.1314615562148898
RE1,SO_RESTV_RUR,2028,0.1351805874370712
RE1,SO_RESTV_RUR,2029,0.1389712751753892
RE1,SO_RESTV_RUR,2030,0.142833525864182
RE1,SO_RESTV_RUR,2031,0.1463315465214297
RE1,SO_RESTV_RUR,2032,0.1498377695161246
RE1,SO_RESTV_RUR,2033,0.153349686279101
RE1,SO_RESTV_RUR,2034,0.1568573216515986
RE1,SO_RESTV_RUR,2035,0.1603733458247013
RE1,SO_RESTV_RUR,2036,0.1638919632201719
RE1,SO_RESTV_RUR,2037,0.1674115297443584
RE1,SO_RESTV_RUR,2038,0.1709350880635712
RE1,SO_RESTV_RUR,2039,0.1744643757281769
RE1,SO_RESTV_RUR,2040,0.1779959501369457
RE1,SO_RESTV_RUR,2041,0.1815394496376196
RE1,SO_RESTV_RUR,2042,0.1850857953767042
RE1,SO_RESTV_RUR,2043,0.1886375042932557
RE1,SO_RESTV_RUR,2044,0.1921893952442648
RE1,SO_RESTV_RUR,2045,0.1957469495550448
RE1,SO_RESTV_RUR,2046,0.1993042720736483
RE1,SO_RESTV_RUR,2047,0.2028639633031954
RE1,SO_RESTV_RUR,2048,0.2064141016986089
RE1,SO_RESTV_RUR,2049,0.2099317350601225
RE1,SO_RESTV_RUR,2050,0.213428337327011
RE1,SO_RESTV_RUR,2051,0.2169658017958028
RE1,SO_RESTV_RUR,2052,0.2204799395400091
RE1,SO_RESTV_RUR,2053,0.2234816972097007
RE1,SO_RESTV_RUR,2054,0.2264451284116921
RE1,SO_RESTV_URB,2022,0.4597433748581569
RE1,SO_RESTV_URB,2023,0.4707984929771843
RE1,SO_RESTV_URB,2024,0.5051500007573274
RE1,SO_RESTV_URB,2025,0.5061165277056766
RE1,SO_RESTV_URB,2026,0.5186156630703241
RE1,SO_RESTV_URB,2027,0.531139809911276
RE1,SO_RESTV_URB,2028,0.5436322960919239
RE1,SO_RESTV_URB,2029,0.5560027815926931
RE1,SO_RESTV_URB,2030,0.5681917515558272
RE1,SO_RESTV_URB,2031,0.5798370601141778
RE1,SO_RESTV_URB,2032,0.5912888592481088
RE1,SO_RESTV_URB,2033,0.6025338799580716
RE1,SO_RESTV_URB,2034,0.6135853168554491
RE1,SO_RESTV_URB,2035,0.6244650931811505
RE1,SO_RESTV_URB,2036,0.6351637256770505
RE1,SO_RESTV_URB,2037,0.6457170222660454
RE1,SO_RESTV_URB,2038,0.6561330675798785
RE1,SO_RESTV_URB,2039,0.6664086479437948
RE1,SO_RESTV_URB,2040,0.6765920773484303
RE1,SO_RESTV_URB,2041,0.6866509589775498
RE1,SO_RESTV_URB,2042,0.6965906649700856
RE1,SO_RESTV_URB,2043,0.7064220151961766
RE1,SO_RESTV_URB,2044,0.7161210507386769
RE1,SO_RESTV_URB,2045,0.7257165020482558
RE1,SO_RESTV_URB,2046,0.7352263455548209
RE1,SO_RESTV_URB,2047,0.7446859969783809
RE1,SO_RESTV_URB,2048,0.7540955859872834
RE1,SO_RESTV_URB,2049,0.7633445461893368
RE1,SO_RESTV_URB,2050,0.7797277321151183
RE1,SO_RESTV_URB,2051,0.7884573853455598
RE1,SO_RESTV_URB,2052,0.7970442103717476
RE1,SO_RESTV_URB,2053,0.8054810405894055
RE1,SO_RESTV_URB,2054,0.8137611189396718
RE1,SO_RESWHT_RUR,2022,0.04894731883994886
RE1,SO_RESWHT_RUR,2023,0.05802503404944825
RE1,SO_RESWHT_RUR,2024,0.06441656065888353
RE1,SO_RESWHT_RUR,2025,0.06651664629803178
RE1,SO_RESWHT_RUR,2026,0.06806656953515268
RE1,SO_RESWHT_RUR,2027,0.06965810525404109
RE1,SO_RESWHT_RUR,2028,0.0712876231515847
RE1,SO_RESWHT_RUR,2029,0.07294404001654389
RE1,SO_RESWHT_RUR,2030,0.07462655594922331
RE1,SO_RESWHT_RUR,2031,0.07632293219758224
RE1,SO_RESWHT_RUR,2032,0.07802397583581806
RE1,SO_RESWHT_RUR,2033,0.07972737508416479
RE1,SO_RESWHT_RUR,2034,0.08142586260194062
RE1,SO_RESWHT_RUR,2035,0.08312612436707395
RE1,SO_RESWHT_RUR,2036,0.08483021034469229
RE1,SO_RESWHT_RUR,2037,0.08652587306878727
RE1,SO_RESWHT_RUR,2038,0.08821912797932757
RE1,SO_RESWHT_RUR,2039,0.08991138588183281
RE1,SO_RESWHT_RUR,2040,0.09160005616793049
RE1,SO_RESWHT_RUR,2041,0.09329116160740708
RE1,SO_RESWHT_RUR,2042,0.09497944785128606
RE1,SO_RESWHT_RUR,2043,0.09666602103681564
RE1,SO_RESWHT_RUR,2044,0.09834866600390561
RE1,SO_RESWHT_RUR,2045,0.100029221927065
RE1,SO_RESWHT_RUR,2046,0.1017058336557545
RE1,SO_RESWHT_RUR,2047,0.1033802854173817
RE1,SO_RESWHT_RUR,2048,0.1050455491062956
RE1,SO_RESWHT_RUR,2049,0.1066905175089081
RE1,SO_RESWHT_RUR,2050,0.1083225247427046
RE1,SO_RESWHT_RUR,2051,0.1099708710441202
RE1,SO_RESWHT_RUR,2052,0.1116035960636746
RE1,SO_RESWHT_RUR,2053,0.1132193139535509
RE1,SO_RESWHT_RUR,2054,0.1148166375647682
RE1,SO_RESWHT_URB,2022,1.34437970684784
RE1,SO_RESWHT_URB,2023,1.401087264207848
RE1,SO_RESWHT_URB,2024,1.371096649563031
RE1,SO_RESWHT_URB,2025,1.390907367104127
RE1,SO_RESWHT_URB,2026,1.421794578274496
RE1,SO_RESWHT_URB,2027,1.452982664980894
RE1,SO_RESWHT_URB,2028,1.484384010816222
RE1,SO_RESWHT_URB,2029,1.515767116811169
RE1,SO_RESWHT_URB,2030,1.546999338075717
RE1,SO_RESWHT_URB,2031,1.576959865141451
RE1,SO_RESWHT_URB,2032,1.606442720266389
RE1,SO_RESWHT_URB,2033,1.635368058954354
RE1,SO_RESWHT_URB,2034,1.663774676947738
RE1,SO_RESWHT_URB,2035,1.69173741574332
RE1,SO_RESWHT_URB,2036,1.719218992969024
RE1,SO_RESWHT_URB,2037,1.746322241021608
RE1,SO_RESWHT_URB,2038,1.773064496287176
RE1,SO_RESWHT_URB,2039,1.79942125091523
RE1,SO_RESWHT_URB,2040,1.825532492657459
RE1,SO_RESWHT_URB,2041,1.851302558748038
RE1,SO_RESWHT_URB,2042,1.876747227183577
RE1,SO_RESWHT_URB,2043,1.901891377777313
RE1,SO_RESWHT_URB,2044,1.92665938011242
RE1,SO_RESWHT_URB,2045,1.951142703510443
RE1,SO_RESWHT_URB,2046,1.97538211824261
RE1,SO_RESWHT_URB,2047,1.999467404373041
RE1,SO_RESWHT_URB,2048,2.02340300046929
RE1,SO_RESWHT_URB,2049,2.046855513004509
RE1,SO_RESWHT_URB,2050,2.069688575772166
RE1,SO_RESWHT_URB,2051,2.09268930872201
RE1,SO_RESWHT_URB,2052,2.115295087052837
RE1,SO_RESWHT_URB,2053,2.137486491138954
RE1,SO_RESWHT_URB,2054,2.159245222986985
RE1,SO_RESWSH_RUR,2022,0.0375293230244492
RE1,SO_RESWSH_RUR,2023,0.037399891125063
RE1,SO_RESWSH_RUR,2024,0.0404503031251024
RE1,SO_RESWSH_RUR,2025,0.04242114874961738
RE1,SO_RESWSH_RUR,2026,0.04397306293964199
RE1,SO_RESWSH_RUR,2027,0.0455767838086341
RE1,SO_RESWSH_RUR,2028,0.04723117179707523
RE1,SO_RESWSH_RUR,2029,0.04892953261188917
RE1,SO_RESWSH_RUR,2030,0.05067190701389871
RE1,SO_RESWSH_RUR,2031,0.05227762551471817
RE1,SO_RESWSH_RUR,2032,0.05390585549602394
RE1,SO_RESWSH_RUR,2033,0.05555537588528176
RE1,SO_RESWSH_RUR,2034,0.05722214976212795
RE1,SO_RESWSH_RUR,2035,0.05891074686986345
RE1,SO_RESWSH_RUR,2036,0.06062139258067197
RE1,SO_RESWSH_RUR,2037,0.06234742508026843
RE1,SO_RESWSH_RUR,2038,0.06409269267364452
RE1,SO_RESWSH_RUR,2039,0.06585762342971865
RE1,SO_RESWSH_RUR,2040,0.06764074312790087
RE1,SO_RESWSH_RUR,2041,0.06944561061608807
RE1,SO_RESWSH_RUR,2042,0.0712688411690676
RE1,SO_RESWSH_RUR,2043,0.07311102240904281
RE1,SO_RESWSH_RUR,2044,0.07497005831152802
RE1,SO_RESWSH_RUR,2045,0.07684803873069254
RE1,SO_RESWSH_RUR,2046,0.07874267392004843
RE1,SO_RESWSH_RUR,2047,0.08065512205040509
RE1,SO_RESWSH_RUR,2048,0.08258026397973259
RE1,SO_RESWSH_RUR,2049,0.08450943196000707
RE1,SO_RESWSH_RUR,2050,0.08644849358257635
RE1,SO_RESWSH_RUR,2051,0.08768925866518766
RE1,SO_RESWSH_RUR,2052,0.088916787030662
RE1,SO_RESWSH_RUR,2053,0.09013006950283355
RE1,SO_RESWSH_RUR,2054,0.09132809848311015
RE1,SO_RESWSH_URB,2022,0.3685455692205423
RE1,SO_RESWSH_URB,2023,0.3788869469586176
RE1,SO_RESWSH_URB,2024,0.4175385115145594
RE1,SO_RESWSH_URB,2025,0.4247465441863228
RE1,SO_RESWSH_URB,2026,0.4411087154955137
RE1,SO_RESWSH_URB,2027,0.4577778091710648
RE1,SO_RESWSH_URB,2028,0.4747075256383251
RE1,SO_RESWSH_URB,2029,0.4918160543135591
RE1,SO_RESWSH_URB,2030,0.5090476214043631
RE1,SO_RESWSH_URB,2031,0.5243321848729192
RE1,SO_RESWSH_URB,2032,0.5396318480320701
RE1,SO_RESWSH_URB,2033,0.5549273317617472
RE1,SO_RESWSH_URB,2034,0.5702260058264562
RE1,SO_RESWSH_URB,2035,0.5855436584978961
RE1,SO_RESWSH_URB,2036,0.600874158603007
RE1,SO_RESWSH_URB,2037,0.6162312502998434
RE1,SO_RESWSH_URB,2038,0.6316267016427112
RE1,SO_RESWSH_URB,2039,0.6470530075454474
RE1,SO_RESWSH_URB,2040,0.6625537718874647
RE1,SO_RESWSH_URB,2041,0.6780947389964124
RE1,SO_RESWSH_URB,2042,0.6936773498377476
RE1,SO_RESWSH_URB,2043,0.7093089470973467
RE1,SO_RESWSH_URB,2044,0.7249618312812127
RE1,SO_RESWSH_URB,2045,0.7406626771531541
RE1,SO_RESWSH_URB,2046,0.756426524461048
RE1,SO_RESWSH_URB,2047,0.7722873973740182
RE1,SO_RESWSH_URB,2048,0.7882431927654342
RE1,SO_RESWSH_URB,2049,0.8041764363691896
RE1,SO_RESWSH_URB,2050,0.8200427115616832
RE1,SO_RESWSH_URB,2051,0.8292110437510225
RE1,SO_RESWSH_URB,2052,0.8382277131583593
RE1,SO_RESWSH_URB,2053,0.8470851323809896
RE1,SO_RESWSH_URB,2054,0.8557761461456043
RE1,SO_TERCLIM_CEN,2022,4.5
RE1,SO_TERCLIM_CEN,2023,4.653
RE1,SO_TERCLIM_CEN,2024,4.812
RE1,SO_TERCLIM_CEN,2025,4.983
RE1,SO_TERCLIM_CEN,2026,5.181
RE1,SO_TERCLIM_CEN,2027,5.367
RE1,SO_TERCLIM_CEN,2028,5.547
RE1,SO_TERCLIM_CEN,2029,5.737
RE1,SO_TERCLIM_CEN,2030,5.929
RE1,SO_TERCLIM_CEN,2031,6.062
RE1,SO_TERCLIM_CEN,2032,6.184
RE1,SO_TERCLIM_CEN,2033,6.299
RE1,SO_TERCLIM_CEN,2034,6.399
RE1,SO_TERCLIM_CEN,2035,6.487
RE1,SO_TERCLIM_CEN,2036,6.564
RE1,SO_TERCLIM_CEN,2037,6.637
RE1,SO_TERCLIM_CEN,2038,6.71
RE1,SO_TERCLIM_CEN,2039,6.791
RE1,SO_TERCLIM_CEN,2040,6.884
RE1,SO_TERCLIM_CEN,2041,6.993
RE1,SO_TERCLIM_CEN,2042,7.12
RE1,SO_TERCLIM_CEN,2043,7.266
RE1,SO_TERCLIM_CEN,2044,7.432
RE1,SO_TERCLIM_CEN,2045,7.617
RE1,SO_TERCLIM_CEN,2046,7.82
RE1,SO_TERCLIM_CEN,2047,8.039
RE1,SO_TERCLIM_CEN,2048,8.274
RE1,SO_TERCLIM_CEN,2049,8.523
RE1,SO_TERCLIM_CEN,2050,8.787
RE1,SO_TERCLIM_CEN,2051,9.071
RE1,SO_TERCLIM_CEN,2052,9.366
RE1,SO_TERCLIM_CEN,2053,9.661
RE1,SO_TERCLIM_CEN,2054,9.967
RE1,SO_TERCLIM_FAN,2022,0.126
RE1,SO_TERCLIM_FAN,2023,0.131
RE1,SO_TERCLIM_FAN,2024,0.135
RE1,SO_TERCLIM_FAN,2025,0.14
RE1,SO_TERCLIM_FAN,2026,0.146
RE1,SO_TERCLIM_FAN,2027,0.151
RE1,SO_TERCLIM_FAN,2028,0.156
RE1,SO_TERCLIM_FAN,2029,0.162
RE1,SO_TERCLIM_FAN,2030,0.167
RE1,SO_TERCLIM_FAN,2031,0.172
RE1,SO_TERCLIM_FAN,2032,0.176
RE1,SO_TERCLIM_FAN,2033,0.181
RE1,SO_TERCLIM_FAN,2034,0.185
RE1,SO_TERCLIM_FAN,2035,0.19
RE1,SO_TERCLIM_FAN,2036,0.194
RE1,SO_TERCLIM_FAN,2037,0.198
RE1,SO_TERCLIM_FAN,2038,0.203
RE1,SO_TERCLIM_FAN,2039,0.208
RE1,SO_TERCLIM_FAN,2040,0.213
RE1,SO_TERCLIM_FAN,2041,0.218
RE1,SO_TERCLIM_FAN,2042,0.224
RE1,SO_TERCLIM_FAN,2043,0.23
RE1,SO_TERCLIM_FAN,2044,0.237
RE1,SO_TERCLIM_FAN,2045,0.244
RE1,SO_TERCLIM_FAN,2046,0.251
RE1,SO_TERCLIM_FAN,2047,0.259
RE1,SO_TERCLIM_FAN,2048,0.267
RE1,SO_TERCLIM_FAN,2049,0.275
RE1,SO_TERCLIM_FAN,2050,0.284
RE1,SO_TERCLIM_FAN,2051,0.294
RE1,SO_TERCLIM_FAN,2052,0.303
RE1,SO_TERCLIM_FAN,2053,0.313
RE1,SO_TERCLIM_FAN,2054,0.323
RE1,SO_TERCLIM_SPL,2022,0.495
RE1,SO_TERCLIM_SPL,2023,0.512
RE1,SO_TERCLIM_SPL,2024,0.529
RE1,SO_TERCLIM_SPL,2025,0.548
RE1,SO_TERCLIM_SPL,2026,0.57
RE1,SO_TERCLIM_SPL,2027,0.59
RE1,SO_TERCLIM_SPL,2028,0.61
RE1,SO_TERCLIM_SPL,2029,0.631
RE1,SO_TERCLIM_SPL,2030,0.652
RE1,SO_TERCLIM_SPL,2031,0.667
RE1,SO_TERCLIM_SPL,2032,0.68
RE1,SO_TERCLIM_SPL,2033,0.693
RE1,SO_TERCLIM_SPL,2034,0.704
RE1,SO_TERCLIM_SPL,2035,0.714
RE1,SO_TERCLIM_SPL,2036,0.722
RE1,SO_TERCLIM_SPL,2037,0.73
RE1,SO_TERCLIM_SPL,2038,0.738
RE1,SO_TERCLIM_SPL,2039,0.747
RE1,SO_TERCLIM_SPL,2040,0.757
RE1,SO_TERCLIM_SPL,2041,0.769
RE1,SO_TERCLIM_SPL,2042,0.783
RE1,SO_TERCLIM_SPL,2043,0.799
RE1,SO_TERCLIM_SPL,2044,0.818
RE1,SO_TERCLIM_SPL,2045,0.838
RE1,SO_TERCLIM_SPL,2046,0.86
RE1,SO_TERCLIM_SPL,2047,0.884
RE1,SO_TERCLIM_SPL,2048,0.91
RE1,SO_TERCLIM_SPL,2049,0.938
RE1,SO_TERCLIM_SPL,2050,0.966
RE1,SO_TERCLIM_SPL,2051,0.998
RE1,SO_TERCLIM_SPL,2052,1.03
RE1,SO_TERCLIM_SPL,2053,1.063
RE1,SO_TERCLIM_SPL,2054,1.096
RE1,SO_TERDHT,2022,4.194
RE1,SO_TERDHT,2023,4.558
RE1,SO_TERDHT,2024,4.688
RE1,SO_TERDHT,2025,4.878
RE1,SO_TERDHT,2026,5.048
RE1,SO_TERDHT,2027,5.216
RE1,SO_TERDHT,2028,5.381
RE1,SO_TERDHT,2029,5.551
RE1,SO_TERDHT,2030,5.72
RE1,SO_TERDHT,2031,5.873
RE1,SO_TERDHT,2032,6.024
RE1,SO_TERDHT,2033,6.176
RE1,SO_TERDHT,2034,6.324
RE1,SO_TERDHT,2035,6.468
RE1,SO_TERDHT,2036,6.61
RE1,SO_TERDHT,2037,6.752
RE1,SO_TERDHT,2038,6.899
RE1,SO_TERDHT,2039,7.053
RE1,SO_TERDHT,2040,7.217
RE1,SO_TERDHT,2041,7.393
RE1,SO_TERDHT,2042,7.583
RE1,SO_TERDHT,2043,7.788
RE1,SO_TERDHT,2044,8.007
RE1,SO_TERDHT,2045,8.24
RE1,SO_TERDHT,2046,8.487
RE1,SO_TERDHT,2047,8.748
RE1,SO_TERDHT,2048,9.021
RE1,SO_TERDHT,2049,9.308
RE1,SO_TERDHT,2050,9.607
RE1,SO_TERDHT,2051,9.922
RE1,SO_TERDHT,2052,10.249
RE1,SO_TERDHT,2053,10.574
RE1,SO_TERDHT,2054,10.911
RE1,SO_TERIHT,2022,0.385
RE1,SO_TERIHT,2023,0.387
RE1,SO_TERIHT,2024,0.39
RE1,SO_TERIHT,2025,0.392
RE1,SO_TERIHT,2026,0.395
RE1,SO_TERIHT,2027,0.397
RE1,SO_TERIHT,2028,0.4
RE1,SO_TERIHT,2029,0.403
RE1,SO_TERIHT,2030,0.407
RE1,SO_TERIHT,2031,0.42
RE1,SO_TERIHT,2032,0.433
RE1,SO_TERIHT,2033,0.447
RE1,SO_TERIHT,2034,0.462
RE1,SO_TERIHT,2035,0.477
RE1,SO_TERIHT,2036,0.492
RE1,SO_TERIHT,2037,0.508
RE1,SO_TERIHT,2038,0.524
RE1,SO_TERIHT,2039,0.541
RE1,SO_TERIHT,2040,0.559
RE1,SO_TERIHT,2041,0.577
RE1,SO_TERIHT,2042,0.596
RE1,SO_TERIHT,2043,0.616
RE1,SO_TERIHT,2044,0.636
RE1,SO_TERIHT,2045,0.657
RE1,SO_TERIHT,2046,0.678
RE1,SO_TERIHT,2047,0.701
RE1,SO_TERIHT,2048,0.724
RE1,SO_TERIHT,2049,0.748
RE1,SO_TERIHT,2050,0.772
RE1,SO_TERIHT,2051,0.798
RE1,SO_TERIHT,2052,0.824
RE1,SO_TERIHT,2053,0.851
RE1,SO_TERIHT,2054,0.878
RE1,SO_TERILU,2022,0.512
RE1,SO_TERILU,2023,0.529
RE1,SO_TERILU,2024,0.541
RE1,SO_TERILU,2025,0.562
RE1,SO_TERILU,2026,0.584
RE1,SO_TERILU,2027,0.604
RE1,SO_TERILU,2028,0.624
RE1,SO_TERILU,2029,0.645
RE1,SO_TERILU,2030,0.666
RE1,SO_TERILU,2031,0.683
RE1,SO_TERILU,2032,0.701
RE1,SO_TERILU,2033,0.719
RE1,SO_TERILU,2034,0.737
RE1,SO_TERILU,2035,0.756
RE1,SO_TERILU,2036,0.776
RE1,SO_TERILU,2037,0.796
RE1,SO_TERILU,2038,0.816
RE1,SO_TERILU,2039,0.836
RE1,SO_TERILU,2040,0.857
RE1,SO_TERILU,2041,0.879
RE1,SO_TERILU,2042,0.901
RE1,SO_TERILU,2043,0.924
RE1,SO_TERILU,2044,0.947
RE1,SO_TERILU,2045,0.97
RE1,SO_TERILU,2046,0.995
RE1,SO_TERILU,2047,1.02
RE1,SO_TERILU,2048,1.046
RE1,SO_TERILU,2049,1.072
RE1,SO_TERILU,2050,1.099
RE1,SO_TERILU,2051,1.135
RE1,SO_TERILU,2052,1.173
RE1,SO_TERILU,2053,1.21
RE1,SO_TERILU,2054,1.249
RE1,SO_TERMPW,2022,0.449
RE1,SO_TERMPW,2023,0.464
RE1,SO_TERMPW,2024,0.48
RE1,SO_TERMPW,2025,0.497
RE1,SO_TERMPW,2026,0.517
RE1,SO_TERMPW,2027,0.536
RE1,SO_TERMPW,2028,0.554
RE1,SO_TERMPW,2029,0.573
RE1,SO_TERMPW,2030,0.593
RE1,SO_TERMPW,2031,0.609
RE1,SO_TERMPW,2032,0.625
RE1,SO_TERMPW,2033,0.641
RE1,SO_TERMPW,2034,0.657
RE1,SO_TERMPW,2035,0.672
RE1,SO_TERMPW,2036,0.688
RE1,SO_TERMPW,2037,0.703
RE1,SO_TERMPW,2038,0.719
RE1,SO_TERMPW,2039,0.736
RE1,SO_TERMPW,2040,0.754
RE1,SO_TERMPW,2041,0.773
RE1,SO_TERMPW,2042,0.794
RE1,SO_TERMPW,2043,0.815
RE1,SO_TERMPW,2044,0.839
RE1,SO_TERMPW,2045,0.863
RE1,SO_TERMPW,2046,0.89
RE1,SO_TERMPW,2047,0.917
RE1,SO_TERMPW,2048,0.946
RE1,SO_TERMPW,2049,0.976
RE1,SO_TERMPW,2050,1.007
RE1,SO_TERMPW,2051,1.04
RE1,SO_TERMPW,2052,1.075
RE1,SO_TERMPW,2053,1.109
RE1,SO_TERMPW,2054,1.144
RE1,SO_TEROTH,2022,2.202
RE1,SO_TEROTH,2023,2.276
RE1,SO_TEROTH,2024,2.353
RE1,SO_TEROTH,2025,2.436
RE1,SO_TEROTH,2026,2.532
RE1,SO_TEROTH,2027,2.622
RE1,SO_TEROTH,2028,2.708
RE1,SO_TEROTH,2029,2.799
RE1,SO_TEROTH,2030,2.889
RE1,SO_TEROTH,2031,2.982
RE1,SO_TEROTH,2032,3.078
RE1,SO_TEROTH,2033,3.179
RE1,SO_TEROTH,2034,3.285
RE1,SO_TEROTH,2035,3.393
RE1,SO_TEROTH,2036,3.505
RE1,SO_TEROTH,2037,3.621
RE1,SO_TEROTH,2038,3.741
RE1,SO_TEROTH,2039,3.865
RE1,SO_TEROTH,2040,3.992
RE1,SO_TEROTH,2041,4.124
RE1,SO_TEROTH,2042,4.261
RE1,SO_TEROTH,2043,4.402
RE1,SO_TEROTH,2044,4.548
RE1,SO_TEROTH,2045,4.698
RE1,SO_TEROTH,2046,4.854
RE1,SO_TEROTH,2047,5.015
RE1,SO_TEROTH,2048,5.181
RE1,SO_TEROTH,2049,5.352
RE1,SO_TEROTH,2050,5.53
RE1,SO_TEROTH,2051,5.713
RE1,SO_TEROTH,2052,5.903
RE1,SO_TEROTH,2053,6.092
RE1,SO_TEROTH,2054,6.287
RE1,SO_TERREF_AUC,2022,0.349
RE1,SO_TERREF_AUC,2023,0.361
RE1,SO_TERREF_AUC,2024,0.373
RE1,SO_TERREF_AUC,2025,0.386
RE1,SO_TERREF_AUC,2026,0.402
RE1,SO_TERREF_AUC,2027,0.416
RE1,SO_TERREF_AUC,2028,0.43
RE1,SO_TERREF_AUC,2029,0.445
RE1,SO_TERREF_AUC,2030,0.46
RE1,SO_TERREF_AUC,2031,0.47
RE1,SO_TERREF_AUC,2032,0.479
RE1,SO_TERREF_AUC,2033,0.488
RE1,SO_TERREF_AUC,2034,0.496
RE1,SO_TERREF_AUC,2035,0.503
RE1,SO_TERREF_AUC,2036,0.509
RE1,SO_TERREF_AUC,2037,0.514
RE1,SO_TERREF_AUC,2038,0.52
RE1,SO_TERREF_AUC,2039,0.526
RE1,SO_TERREF_AUC,2040,0.534
RE1,SO_TERREF_AUC,2041,0.542
RE1,SO_TERREF_AUC,2042,0.552
RE1,SO_TERREF_AUC,2043,0.563
RE1,SO_TERREF_AUC,2044,0.576
RE1,SO_TERREF_AUC,2045,0.59
RE1,SO_TERREF_AUC,2046,0.606
RE1,SO_TERREF_AUC,2047,0.623
RE1,SO_TERREF_AUC,2048,0.641
RE1,SO_TERREF_AUC,2049,0.661
RE1,SO_TERREF_AUC,2050,0.681
RE1,SO_TERREF_AUC,2051,0.703
RE1,SO_TERREF_AUC,2052,0.726
RE1,SO_TERREF_AUC,2053,0.749
RE1,SO_TERREF_AUC,2054,0.773
RE1,SO_TERREF_CEN,2022,0.554
RE1,SO_TERREF_CEN,2023,0.573
RE1,SO_TERREF_CEN,2024,0.592
RE1,SO_TERREF_CEN,2025,0.613
RE1,SO_TERREF_CEN,2026,0.638
RE1,SO_TERREF_CEN,2027,0.661
RE1,SO_TERREF_CEN,2028,0.683
RE1,SO_TERREF_CEN,2029,0.706
RE1,SO_TERREF_CEN,2030,0.73
RE1,SO_TERREF_CEN,2031,0.746
RE1,SO_TERREF_CEN,2032,0.761
RE1,SO_TERREF_CEN,2033,0.775
RE1,SO_TERREF_CEN,2034,0.788
RE1,SO_TERREF_CEN,2035,0.798
RE1,SO_TERREF_CEN,2036,0.808
RE1,SO_TERREF_CEN,2037,0.817
RE1,SO_TERREF_CEN,2038,0.826
RE1,SO_TERREF_CEN,2039,0.836
RE1,SO_TERREF_CEN,2040,0.847
RE1,SO_TERREF_CEN,2041,0.861
RE1,SO_TERREF_CEN,2042,0.876
RE1,SO_TERREF_CEN,2043,0.894
RE1,SO_TERREF_CEN,2044,0.915
RE1,SO_TERREF_CEN,2045,0.937
RE1,SO_TERREF_CEN,2046,0.962
RE1,SO_TERREF_CEN,2047,0.989
RE1,SO_TERREF_CEN,2048,1.018
RE1,SO_TERREF_CEN,2049,1.049
RE1,SO_TERREF_CEN,2050,1.081
RE1,SO_TERREF_CEN,2051,1.116
RE1,SO_TERREF_CEN,2052,1.153
RE1,SO_TERREF_CEN,2053,1.189
RE1,SO_TERREF_CEN,2054,1.227
RE1,SO_TRAAVI,2022,17.85627054888118
RE1,SO_TRAAVI,2023,19.51839630133035
RE1,SO_TRAAVI,2024,20.13058367854926
RE1,SO_TRAAVI,2025,20.60803079638028
RE1,SO_TRAAVI,2026,21.24649439347981
RE1,SO_TRAAVI,2027,21.88495799057935
RE1,SO_TRAAVI,2028,22.44682771802685
RE1,SO_TRAAVI,2029,23.01484660544641
RE1,SO_TRAAVI,2030,23.59237102282279
RE1,SO_TRAAVI,2031,24.179398180156
RE1,SO_TRAAVI,2032,24.77760765743841
RE1,SO_TRAAVI,2033,25.38420387468271
RE1,SO_TRAAVI,2034,26.00030283188386
RE1,SO_TRAAVI,2035,26.62646531903928
RE1,SO_TRAAVI,2036,27.26325212614643
RE1,SO_TRAAVI,2037,27.90842567321549
RE1,SO_TRAAVI,2038,28.56309917024139
RE1,SO_TRAAVI,2039,29.22728656722407
RE1,SO_TRAAVI,2040,29.90319196415351
RE1,SO_TRAAVI,2041,30.83982285989852
RE1,SO_TRAAVI,2042,31.51371945683709
RE1,SO_TRAAVI,2043,32.18764395377553
RE1,SO_TRAAVI,2044,32.8615405507141
RE1,SO_TRAAVI,2045,33.53543714765268
RE1,SO_TRAAVI,2046,34.20936164459112
RE1,SO_TRAAVI,2047,34.8832582415297
RE1,SO_TRAAVI,2048,35.55715483846826
RE1,SO_TRAAVI,2049,36.23107933540671
RE1,SO_TRAAVI,2050,36.90497593234528
RE1,SO_TRAAVI,2051,37.57887252928386
RE1,SO_TRAAVI,2052,38.2527970262223
RE1,SO_TRAAVI,2053,38.92669362316087
RE1,SO_TRAAVI,2054,39.60061812009931
RE1,SO_TRABUS,2022,1.945897506979448
RE1,SO_TRABUS,2023,2.298563750578897
RE1,SO_TRABUS,2024,2.744454590415994
RE1,SO_TRABUS,2025,2.805741447282279
RE1,SO_TRABUS,2026,2.86962896989204
RE1,SO_TRABUS,2027,2.941078337527847
RE1,SO_TRABUS,2028,3.011487886358769
RE1,SO_TRABUS,2029,3.099758229033896
RE1,SO_TRABUS,2030,3.22128248544298
RE1,SO_TRABUS,2031,3.408423629841948
RE1,SO_TRABUS,2032,3.6564388504315
RE1,SO_TRABUS,2033,3.941098757328974
RE1,SO_TRABUS,2034,4.122312839495798
RE1,SO_TRABUS,2035,4.443540108180374
RE1,SO_TRABUS,2036,4.737807803056847
RE1,SO_TRABUS,2037,5.063797705721911
RE1,SO_TRABUS,2038,5.407693731113977
RE1,SO_TRABUS,2039,5.793613312988683
RE1,SO_TRABUS,2040,6.048426600762924
RE1,SO_TRABUS,2041,6.376977308236704
RE1,SO_TRABUS,2042,6.722495435160914
RE1,SO_TRABUS,2043,7.170308116193132
RE1,SO_TRABUS,2044,7.408116253235201
RE1,SO_TRABUS,2045,7.736449123883641
RE1,SO_TRABUS,2046,7.935739405950369
RE1,SO_TRABUS,2047,8.320778567337014
RE1,SO_TRABUS,2048,8.577131157620489
RE1,SO_TRABUS,2049,8.816379676102008
RE1,SO_TRABUS,2050,9.026631163942824
RE1,SO_TRABUS,2051,9.219453820815872
RE1,SO_TRABUS,2052,9.412252018603658
RE1,SO_TRABUS,2053,9.291629336729473
RE1,SO_TRABUS,2054,9.174844132341306
RE1,SO_TRAFWD,2022,3.305223882
RE1,SO_TRAFWD,2023,3.128583616
RE1,SO_TRAFWD,2024,2.883057846
RE1,SO_TRAFWD,2025,3.04277218
RE1,SO_TRAFWD,2026,3.200960237
RE1,SO_TRAFWD,2027,3.347364457
RE1,SO_TRAFWD,2028,3.488053049
RE1,SO_TRAFWD,2029,3.635782399
RE1,SO_TRAFWD,2030,3.798652631
RE1,SO_TRAFWD,2031,3.957063186
RE1,SO_TRAFWD,2032,4.167904376
RE1,SO_TRAFWD,2033,4.411349997
RE1,SO_TRAFWD,2034,4.622373132
RE1,SO_TRAFWD,2035,4.838844181
RE1,SO_TRAFWD,2036,5.078304292
RE1,SO_TRAFWD,2037,5.327684987
RE1,SO_TRAFWD,2038,5.589426153
RE1,SO_TRAFWD,2039,5.832893966
RE1,SO_TRAFWD,2040,6.067370439
RE1,SO_TRAFWD,2041,6.318339205
RE1,SO_TRAFWD,2042,6.622176592
RE1,SO_TRAFWD,2043,6.929072149
RE1,SO_TRAFWD,2044,7.266449379
RE1,SO_TRAFWD,2045,7.586425122
RE1,SO_TRAFWD,2046,7.886752988
RE1,SO_TRAFWD,2047,8.247813528
RE1,SO_TRAFWD,2048,8.573877204
RE1,SO_TRAFWD,2049,8.917841378
RE1,SO_TRAFWD,2050,9.312762998
RE1,SO_TRAFWD,2051,9.643836778
RE1,SO_TRAFWD,2052,9.909835975
RE1,SO_TRAFWD,2053,10.19651338
RE1,SO_TRAFWD,2054,10.42705827
RE1,SO_TRAMIC,2022,0.553036494
RE1,SO_TRAMIC,2023,0.631672557
RE1,SO_TRAMIC,2024,0.635793492
RE1,SO_TRAMIC,2025,0.63529694
RE1,SO_TRAMIC,2026,0.635045341
RE1,SO_TRAMIC,2027,0.634651901
RE1,SO_TRAMIC,2028,0.634133757
RE1,SO_TRAMIC,2029,0.633515686
RE1,SO_TRAMIC,2030,0.63285918
RE1,SO_TRAMIC,2031,0.63216965
RE1,SO_TRAMIC,2032,0.631594958
RE1,SO_TRAMIC,2033,0.631172676
RE1,SO_TRAMIC,2034,0.630785315
RE1,SO_TRAMIC,2035,0.631092664
RE1,SO_TRAMIC,2036,0.632255165
RE1,SO_TRAMIC,2037,0.635172524
RE1,SO_TRAMIC,2038,0.640404077
RE1,SO_TRAMIC,2039,0.64924493
RE1,SO_TRAMIC,2040,0.662161511
RE1,SO_TRAMIC,2041,0.682666518
RE1,SO_TRAMIC,2042,0.707835579
RE1,SO_TRAMIC,2043,0.742439088
RE1,SO_TRAMIC,2044,0.778048544
RE1,SO_TRAMIC,2045,0.818802958
RE1,SO_TRAMIC,2046,0.855484519
RE1,SO_TRAMIC,2047,0.903919725
RE1,SO_TRAMIC,2048,0.944367982
RE1,SO_TRAMIC,2049,0.982506835
RE1,SO_TRAMIC,2050,1.017704334
RE1,SO_TRAMIC,2051,1.051737831
RE1,SO_TRAMIC,2052,1.08639011
RE1,SO_TRAMIC,2053,1.092446669
RE1,SO_TRAMIC,2054,1.097539341
RE1,SO_TRAMRT,2022,1.794565
RE1,SO_TRAMRT,2023,1.853384
RE1,SO_TRAMRT,2024,1.916315
RE1,SO_TRAMRT,2025,1.984742
RE1,SO_TRAMRT,2026,2.065164
RE1,SO_TRAMRT,2027,2.13716
RE1,SO_TRAMRT,2028,2.206263
RE1,SO_TRAMRT,2029,2.276818
RE1,SO_TRAMRT,2030,2.347866
RE1,SO_TRAMRT,2031,2.419466
RE1,SO_TRAMRT,2032,2.493054
RE1,SO_TRAMRT,2033,2.568527
RE1,SO_TRAMRT,2034,2.64617
RE1,SO_TRAMRT,2035,2.726321
RE1,SO_TRAMRT,2036,2.807881
RE1,SO_TRAMRT,2037,2.891849
RE1,SO_TRAMRT,2038,2.978232
RE1,SO_TRAMRT,2039,3.067095
RE1,SO_TRAMRT,2040,3.158566
RE1,SO_TRAMRT,2041,3.252773
RE1,SO_TRAMRT,2042,3.349818
RE1,SO_TRAMRT,2043,3.449787
RE1,SO_TRAMRT,2044,3.552769
RE1,SO_TRAMRT,2045,3.658858
RE1,SO_TRAMRT,2046,3.768147
RE1,SO_TRAMRT,2047,3.880735
RE1,SO_TRAMRT,2048,3.996724
RE1,SO_TRAMRT,2049,4.116216
RE1,SO_TRAMRT,2050,4.239321
RE1,SO_TRAMRT,2051,4.239321
RE1,SO_TRAMRT,2052,4.239321
RE1,SO_TRAMRT,2053,4.239321
RE1,SO_TRAMRT,2054,4.239321
RE1,SO_TRAMTC,2022,4.884313242
RE1,SO_TRAMTC,2023,4.652372243
RE1,SO_TRAMTC,2024,4.313447074
RE1,SO_TRAMTC,2025,4.467466063
RE1,SO_TRAMTC,2026,4.617812205
RE1,SO_TRAMTC,2027,4.770185151
RE1,SO_TRAMTC,2028,4.913987229
RE1,SO_TRAMTC,2029,5.067392892
RE1,SO_TRAMTC,2030,5.185649831
RE1,SO_TRAMTC,2031,5.324961164
RE1,SO_TRAMTC,2032,5.465293366
RE1,SO_TRAMTC,2033,5.523037404
RE1,SO_TRAMTC,2034,5.511827732
RE1,SO_TRAMTC,2035,5.445067375
RE1,SO_TRAMTC,2036,5.303083348
RE1,SO_TRAMTC,2037,5.052369022
RE1,SO_TRAMTC,2038,4.731741456
RE1,SO_TRAMTC,2039,4.368911067
RE1,SO_TRAMTC,2040,3.967196211
RE1,SO_TRAMTC,2041,3.573716551
RE1,SO_TRAMTC,2042,3.161977634
RE1,SO_TRAMTC,2043,3.095073068
RE1,SO_TRAMTC,2044,3.029950901
RE1,SO_TRAMTC,2045,2.956459638
RE1,SO_TRAMTC,2046,2.8969602
RE1,SO_TRAMTC,2047,2.837247392
RE1,SO_TRAMTC,2048,2.764369443
RE1,SO_TRAMTC,2049,2.709648521
RE1,SO_TRAMTC,2050,2.632912613
RE1,SO_TRAMTC,2051,2.525124462
RE1,SO_TRAMTC,2052,2.426505581
RE1,SO_TRAMTC,2053,2.27722344
RE1,SO_TRAMTC,2054,2.129587164
RE1,SO_TRASTT,2022,3.140315018112824
RE1,SO_TRASTT,2023,3.044690955910651
RE1,SO_TRASTT,2024,2.822770490164822
RE1,SO_TRASTT,2025,2.875039041827433
RE1,SO_TRASTT,2026,2.929265152129002
RE1,SO_TRASTT,2027,2.981327206656893
RE1,SO_TRASTT,2028,3.032961350248049
RE1,SO_TRASTT,2029,3.082888827074317
RE1,SO_TRASTT,2030,3.136272651487918
RE1,SO_TRASTT,2031,3.183018527456824
RE1,SO_TRASTT,2032,3.244179331774541
RE1,SO_TRASTT,2033,3.31513402073881
RE1,SO_TRASTT,2034,3.372902328369263
RE1,SO_TRASTT,2035,3.430221075308428
RE1,SO_TRASTT,2036,3.49337815129752
RE1,SO_TRASTT,2037,3.558493091796819
RE1,SO_TRASTT,2038,3.628114295802029
RE1,SO_TRASTT,2039,3.693732702684596
RE1,SO_TRASTT,2040,3.755146709870036
RE1,SO_TRASTT,2041,3.820074016120032
RE1,SO_TRASTT,2042,3.900572051154214
RE1,SO_TRASTT,2043,3.983120294741727
RE1,SO_TRASTT,2044,4.065261048663116
RE1,SO_TRASTT,2045,4.146251229687192
RE1,SO_TRASTT,2046,4.212819934894914
RE1,SO_TRASTT,2047,4.30389808712871
RE1,SO_TRASTT,2048,4.378032713590613
RE1,SO_TRASTT,2049,4.452491526512743
RE1,SO_TRASTT,2050,4.539823465823648
RE1,SO_TRASTT,2051,4.613349100043979
RE1,SO_TRASTT,2052,4.67072364994792
RE1,SO_TRASTT,2053,4.714650406836783
RE1,SO_TRASTT,2054,4.746155378601496
RE1,SO_TRATAX,2022,2.349118226
RE1,SO_TRATAX,2023,2.300354219
RE1,SO_TRATAX,2024,2.08584678
RE1,SO_TRATAX,2025,2.104457789
RE1,SO_TRATAX,2026,2.120016577
RE1,SO_TRATAX,2027,2.133108507
RE1,SO_TRATAX,2028,2.143622227
RE1,SO_TRATAX,2029,2.153492555
RE1,SO_TRATAX,2030,2.159625236
RE1,SO_TRATAX,2031,2.16707296
RE1,SO_TRATAX,2032,2.174892511
RE1,SO_TRATAX,2033,2.178997684
RE1,SO_TRATAX,2034,2.181756827
RE1,SO_TRATAX,2035,2.183931181
RE1,SO_TRATAX,2036,2.18506505
RE1,SO_TRATAX,2037,2.185376932
RE1,SO_TRATAX,2038,2.184365129
RE1,SO_TRATAX,2039,2.18220798
RE1,SO_TRATAX,2040,2.179461431
RE1,SO_TRATAX,2041,2.176470503
RE1,SO_TRATAX,2042,2.172978487
RE1,SO_TRATAX,2043,2.169007097
RE1,SO_TRATAX,2044,2.164664467
RE1,SO_TRATAX,2045,2.159676808
RE1,SO_TRATAX,2046,2.154964436
RE1,SO_TRATAX,2047,2.149668954
RE1,SO_TRATAX,2048,2.144087059
RE1,SO_TRATAX,2049,2.138480747
RE1,SO_TRATAX,2050,2.132656663
RE1,SO_TRATAX,2051,2.126588799
RE1,SO_TRATAX,2052,2.120494751
RE1,SO_TRATAX,2053,2.114251781
RE1,SO_TRATAX,2054,2.496024035
RE1,SO_TRATCK,2022,3.593014424
RE1,SO_TRATCK,2023,3.476227968
RE1,SO_TRATCK,2024,3.242755221
RE1,SO_TRATCK,2025,3.315455565
RE1,SO_TRATCK,2026,3.391550989
RE1,SO_TRATCK,2027,3.465366348
RE1,SO_TRATCK,2028,3.538540558
RE1,SO_TRATCK,2029,3.610584133
RE1,SO_TRATCK,2030,3.686169358
RE1,SO_TRATCK,2031,3.755620167
RE1,SO_TRATCK,2032,3.845296742
RE1,SO_TRATCK,2033,3.945694273
RE1,SO_TRATCK,2034,4.028093347
RE1,SO_TRATCK,2035,4.110819235
RE1,SO_TRATCK,2036,4.199925101
RE1,SO_TRATCK,2037,4.290453277
RE1,SO_TRATCK,2038,4.383556662
RE1,SO_TRATCK,2039,4.467652633
RE1,SO_TRATCK,2040,4.54265521
RE1,SO_TRATCK,2041,4.619575524
RE1,SO_TRATCK,2042,4.710955654
RE1,SO_TRATCK,2043,4.799900887
RE1,SO_TRATCK,2044,4.88657155
RE1,SO_TRATCK,2045,4.964278361
RE1,SO_TRATCK,2046,5.024216523
RE1,SO_TRATCK,2047,5.105216584
RE1,SO_TRATCK,2048,5.164321877
RE1,SO_TRATCK,2049,5.223894758
RE1,SO_TRATCK,2050,5.297218658
RE1,SO_TRATCK,2051,5.348977585
RE1,SO_TRATCK,2052,5.380029421
RE1,SO_TRATCK,2053,5.400164668
RE1,SO_TRATCK,2054,5.403481213
