codigo_nacional,codigo_regional,region,prefijo,tipo,clasificacion,renombrado,base_regional,fuente_correspondencia,score_jaccard,nota,iar_reg,iar_nac,oar_reg,oar_nac
DEMAGFDSL,AN_DEMAGFDSL,AN,AN,technology,mapeo_directo,False,DEMAGFDSL,identidad,,,AN_DSL002,DSL,AN_AGFHEA,AGFHEA
DEMAGFDSL,CA_DEMAGFDSL,CA,CA,technology,mapeo_directo,False,DEMAGFDSL,identidad,,,CA_DSL002,DSL,CA_AGFHEA,AGFHEA
DEMAGFDSL,IN_DEMAGFDSL,IN,IN,technology,mapeo_directo,False,DEMAGFDSL,identidad,,,IN_DSL002,DSL,IN_AGFHEA,AGFHEA
DEMAGFDSL,NE_DEMAGFDSL,NE,NE,technology,mapeo_directo,False,DEMAGFDSL,identidad,,,NE_DSL002,DSL,NE_AGFHEA,AGFHEA
DEMAGFDSL,OR_DEMAGFDSL,OR,OR,technology,mapeo_directo,False,DEMAGFDSL,identidad,,,OR_DSL002,DSL,OR_AGFHEA,AGFHEA
DEMAGFDSL,SE_DEMAGFDSL,SE,SE,technology,mapeo_directo,False,DEMAGFDSL,identidad,,,SE_DSL002,DSL,SE_AGFHEA,AGFHEA
DEMAGFDSL,SO_DEMAGFDSL,SO,SO,technology,mapeo_directo,False,DEMAGFDSL,identidad,,,SO_DSL002,DSL,SO_AGFHEA,AGFHEA
DEMAGFELC,AN_DEMAGFELC,AN,AN,technology,mapeo_directo,False,DEMAGFELC,identidad,,,AN_ELC003,ELC002,AN_AGFELC,AGFELC
DEMAGFELC,CA_DEMAGFELC,CA,CA,technology,mapeo_directo,False,DEMAGFELC,identidad,,,CA_ELC003,ELC002,CA_AGFELC,AGFELC
DEMAGFELC,IN_DEMAGFELC,IN,IN,technology,mapeo_directo,False,DEMAGFELC,identidad,,,IN_ELC003,ELC002,IN_AGFELC,AGFELC
DEMAGFELC,NE_DEMAGFELC,NE,NE,technology,mapeo_directo,False,DEMAGFELC,identidad,,,NE_ELC003,ELC002,NE_AGFELC,AGFELC
DEMAGFELC,OR_DEMAGFELC,OR,OR,technology,mapeo_directo,False,DEMAGFELC,identidad,,,OR_ELC003,ELC002,OR_AGFELC,AGFELC
DEMAGFELC,SE_DEMAGFELC,SE,SE,technology,mapeo_directo,False,DEMAGFELC,identidad,,,SE_ELC003,ELC002,SE_AGFELC,AGFELC
DEMAGFELC,SO_DEMAGFELC,SO,SO,technology,mapeo_directo,False,DEMAGFELC,identidad,,,SO_ELC003,ELC002,SO_AGFELC,AGFELC
DEMAGFGSL,AN_DEMAGFGSL,AN,AN,technology,mapeo_directo,False,DEMAGFGSL,identidad,,,AN_GSL002,GSL,AN_AGFHEA,AGFHEA
DEMAGFGSL,CA_DEMAGFGSL,CA,CA,technology,mapeo_directo,False,DEMAGFGSL,identidad,,,CA_GSL002,GSL,CA_AGFHEA,AGFHEA
DEMAGFGSL,IN_DEMAGFGSL,IN,IN,technology,mapeo_directo,False,DEMAGFGSL,identidad,,,IN_GSL002,GSL,IN_AGFHEA,AGFHEA
DEMAGFGSL,NE_DEMAGFGSL,NE,NE,technology,mapeo_directo,False,DEMAGFGSL,identidad,,,NE_GSL002,GSL,NE_AGFHEA,AGFHEA
DEMAGFGSL,OR_DEMAGFGSL,OR,OR,technology,mapeo_directo,False,DEMAGFGSL,identidad,,,OR_GSL002,GSL,OR_AGFHEA,AGFHEA
DEMAGFGSL,SE_DEMAGFGSL,SE,SE,technology,mapeo_directo,False,DEMAGFGSL,identidad,,,SE_GSL002,GSL,SE_AGFHEA,AGFHEA
DEMAGFGSL,SO_DEMAGFGSL,SO,SO,technology,mapeo_directo,False,DEMAGFGSL,identidad,,,SO_GSL002,GSL,SO_AGFHEA,AGFHEA
DEMAGFNGS,AN_DEMAGFNGS,AN,AN,technology,mapeo_directo,False,DEMAGFNGS,identidad,,,AN_NGS002,NGS002,AN_AGFHEA,AGFHEA
DEMAGFNGS,CA_DEMAGFNGS,CA,CA,technology,mapeo_directo,False,DEMAGFNGS,identidad,,,CA_NGS002,NGS002,CA_AGFHEA,AGFHEA
DEMAGFNGS,NE_DEMAGFNGS,NE,NE,technology,mapeo_directo,False,DEMAGFNGS,identidad,,,NE_NGS002,NGS002,NE_AGFHEA,AGFHEA
DEMAGFNGS,OR_DEMAGFNGS,OR,OR,technology,mapeo_directo,False,DEMAGFNGS,identidad,,,OR_NGS002,NGS002,OR_AGFHEA,AGFHEA
DEMAGFNGS,SO_DEMAGFNGS,SO,SO,technology,mapeo_directo,False,DEMAGFNGS,identidad,,,SO_NGS002,NGS002,SO_AGFHEA,AGFHEA
DEMAGFWOO,AN_DEMAGFWOO,AN,AN,technology,mapeo_directo,False,DEMAGFWOO,identidad,,,AN_WOO,WOO,AN_AGFHEA,AGFHEA
DEMAGFWOO,CA_DEMAGFWOO,CA,CA,technology,mapeo_directo,False,DEMAGFWOO,identidad,,,CA_WOO,WOO,CA_AGFHEA,AGFHEA
DEMAGFWOO,IN_DEMAGFWOO,IN,IN,technology,mapeo_directo,False,DEMAGFWOO,identidad,,,IN_WOO,WOO,IN_AGFHEA,AGFHEA
DEMAGFWOO,NE_DEMAGFWOO,NE,NE,technology,mapeo_directo,False,DEMAGFWOO,identidad,,,NE_WOO,WOO,NE_AGFHEA,AGFHEA
DEMAGFWOO,OR_DEMAGFWOO,OR,OR,technology,mapeo_directo,False,DEMAGFWOO,identidad,,,OR_WOO,WOO,OR_AGFHEA,AGFHEA
DEMAGFWOO,SE_DEMAGFWOO,SE,SE,technology,mapeo_directo,False,DEMAGFWOO,identidad,,,SE_WOO,WOO,SE_AGFHEA,AGFHEA
DEMAGFWOO,SO_DEMAGFWOO,SO,SO,technology,mapeo_directo,False,DEMAGFWOO,identidad,,,SO_WOO,WOO,SO_AGFHEA,AGFHEA
DEMCONSDSL,AN_DEMCONSDSL,AN,AN,technology,mapeo_directo,False,DEMCONSDSL,identidad,,,AN_DSL002,DSL,AN_CONSDSL,CONSDSL
DEMCONSDSL,CA_DEMCONSDSL,CA,CA,technology,mapeo_directo,False,DEMCONSDSL,identidad,,,CA_DSL002,DSL,CA_CONSDSL,CONSDSL
DEMCONSDSL,NE_DEMCONSDSL,NE,NE,technology,mapeo_directo,False,DEMCONSDSL,identidad,,,NE_DSL002,DSL,NE_CONSDSL,CONSDSL
DEMCONSDSL,OR_DEMCONSDSL,OR,OR,technology,mapeo_directo,False,DEMCONSDSL,identidad,,,OR_DSL002,DSL,OR_CONSDSL,CONSDSL
DEMCONSDSL,SO_DEMCONSDSL,SO,SO,technology,mapeo_directo,False,DEMCONSDSL,identidad,,,SO_DSL002,DSL,SO_CONSDSL,CONSDSL
DEMCONSELC,AN_DEMCONSELC,AN,AN,technology,mapeo_directo,False,DEMCONSELC,identidad,,,AN_ELC003,ELC002,AN_CONSELC,CONSELC
DEMCONSELC,CA_DEMCONSELC,CA,CA,technology,mapeo_directo,False,DEMCONSELC,identidad,,,CA_ELC003,ELC002,CA_CONSELC,CONSELC
DEMCONSELC,NE_DEMCONSELC,NE,NE,technology,mapeo_directo,False,DEMCONSELC,identidad,,,NE_ELC003,ELC002,NE_CONSELC,CONSELC
DEMCONSELC,OR_DEMCONSELC,OR,OR,technology,mapeo_directo,False,DEMCONSELC,identidad,,,OR_ELC003,ELC002,OR_CONSELC,CONSELC
DEMCONSELC,SO_DEMCONSELC,SO,SO,technology,mapeo_directo,False,DEMCONSELC,identidad,,,SO_ELC003,ELC002,SO_CONSELC,CONSELC
DEMCONSGSL,AN_DEMCONSGSL,AN,AN,technology,mapeo_directo,False,DEMCONSGSL,identidad,,,AN_GSL002,GSL,AN_CONSGSL,CONSGSL
DEMCONSGSL,CA_DEMCONSGSL,CA,CA,technology,mapeo_directo,False,DEMCONSGSL,identidad,,,CA_GSL002,GSL,CA_CONSGSL,CONSGSL
DEMCONSGSL,NE_DEMCONSGSL,NE,NE,technology,mapeo_directo,False,DEMCONSGSL,identidad,,,NE_GSL002,GSL,NE_CONSGSL,CONSGSL
DEMCONSGSL,OR_DEMCONSGSL,OR,OR,technology,mapeo_directo,False,DEMCONSGSL,identidad,,,OR_GSL002,GSL,OR_CONSGSL,CONSGSL
DEMCONSGSL,SO_DEMCONSGSL,SO,SO,technology,mapeo_directo,False,DEMCONSGSL,identidad,,,SO_GSL002,GSL,SO_CONSGSL,CONSGSL
DEMCONSNGS,AN_DEMCONSNGS,AN,AN,technology,mapeo_directo,False,DEMCONSNGS,identidad,,,AN_NGS002,NGS002,AN_CONSNGS,CONSNGS
DEMCONSNGS,CA_DEMCONSNGS,CA,CA,technology,mapeo_directo,False,DEMCONSNGS,identidad,,,CA_NGS002,NGS002,CA_CONSNGS,CONSNGS
DEMCONSNGS,NE_DEMCONSNGS,NE,NE,technology,mapeo_directo,False,DEMCONSNGS,identidad,,,NE_NGS002,NGS002,NE_CONSNGS,CONSNGS
DEMCONSNGS,OR_DEMCONSNGS,OR,OR,technology,mapeo_directo,False,DEMCONSNGS,identidad,,,OR_NGS002,NGS002,OR_CONSNGS,CONSNGS
DEMCONSNGS,SO_DEMCONSNGS,SO,SO,technology,mapeo_directo,False,DEMCONSNGS,identidad,,,SO_NGS002,NGS002,SO_CONSNGS,CONSNGS
DEMCOQDSL,NE_DEMCOQDSL,NE,NE,technology,mapeo_directo,False,DEMCOQDSL,identidad,,,NE_DSL002,DSL,NE_COQDSL,COQDSL
DEMCOQDSL,OR_DEMCOQDSL,OR,OR,technology,mapeo_directo,False,DEMCOQDSL,identidad,,,OR_DSL002,DSL,OR_COQDSL,COQDSL
DEMCOQGSL,NE_DEMCOQGSL,NE,NE,technology,mapeo_directo,False,DEMCOQGSL,identidad,,,NE_GSL002,GSL,NE_COQGSL,COQGSL
DEMCOQGSL,OR_DEMCOQGSL,OR,OR,technology,mapeo_directo,False,DEMCOQGSL,identidad,,,OR_GSL002,GSL,OR_COQGSL,COQGSL
DEMINDAUTBOI,AN_DEMINDAUTBOI,AN,AN,technology,mapeo_directo,False,DEMINDAUTBOI,identidad,,,,,AN_INDIHT,INDIHT
DEMINDAUTBOI,CA_DEMINDAUTBOI,CA,CA,technology,mapeo_directo,False,DEMINDAUTBOI,identidad,,,,,CA_INDIHT,INDIHT
DEMINDAUTBOI,NE_DEMINDAUTBOI,NE,NE,technology,mapeo_directo,False,DEMINDAUTBOI,identidad,,,,,NE_INDIHT,INDIHT
DEMINDAUTBOI,OR_DEMINDAUTBOI,OR,OR,technology,mapeo_directo,False,DEMINDAUTBOI,identidad,,,,,OR_INDIHT,INDIHT
DEMINDAUTBOI,SO_DEMINDAUTBOI,SO,SO,technology,mapeo_directo,False,DEMINDAUTBOI,identidad,,,,,SO_INDIHT,INDIHT
DEMINDAUTFUR,AN_DEMINDAUTFUR,AN,AN,technology,mapeo_directo,False,DEMINDAUTFUR,identidad,,,,,AN_INDDHT,INDDHT
DEMINDAUTFUR,CA_DEMINDAUTFUR,CA,CA,technology,mapeo_directo,False,DEMINDAUTFUR,identidad,,,,,CA_INDDHT,INDDHT
DEMINDAUTFUR,NE_DEMINDAUTFUR,NE,NE,technology,mapeo_directo,False,DEMINDAUTFUR,identidad,,,,,NE_INDDHT,INDDHT
DEMINDAUTFUR,OR_DEMINDAUTFUR,OR,OR,technology,mapeo_directo,False,DEMINDAUTFUR,identidad,,,,,OR_INDDHT,INDDHT
DEMINDAUTFUR,SO_DEMINDAUTFUR,SO,SO,technology,mapeo_directo,False,DEMINDAUTFUR,identidad,,,,,SO_INDDHT,INDDHT
DEMINDBAGBOI_HIG,OR_DEMINDBAGBOI_HIG,OR,OR,technology,mapeo_directo,False,DEMINDBAGBOI_HIG,identidad,,,OR_BAG,BAG,OR_INDIHT,INDIHT
DEMINDBAGBOI_HIG,SO_DEMINDBAGBOI_HIG,SO,SO,technology,mapeo_directo,False,DEMINDBAGBOI_HIG,identidad,,,SO_BAG,BAG,SO_INDIHT,INDIHT
DEMINDBAGBOI_LOW,OR_DEMINDBAGBOI_LOW,OR,OR,technology,mapeo_directo,False,DEMINDBAGBOI_LOW,identidad,,,OR_BAG,BAG,OR_INDIHT,INDIHT
DEMINDBAGBOI_LOW,SO_DEMINDBAGBOI_LOW,SO,SO,technology,mapeo_directo,False,DEMINDBAGBOI_LOW,identidad,,,SO_BAG,BAG,SO_INDIHT,INDIHT
DEMINDBAGBOI_MID,OR_DEMINDBAGBOI_MID,OR,OR,technology,mapeo_directo,False,DEMINDBAGBOI_MID,identidad,,,OR_BAG,BAG,OR_INDIHT,INDIHT
DEMINDBAGBOI_MID,SO_DEMINDBAGBOI_MID,SO,SO,technology,mapeo_directo,False,DEMINDBAGBOI_MID,identidad,,,SO_BAG,BAG,SO_INDIHT,INDIHT
DEMINDBAGFURCCS,OR_DEMINDBAGFURCCS,OR,OR,technology,mapeo_directo,False,DEMINDBAGFURCCS,identidad,,,OR_BAG,BAG,OR_INDDHT,INDDHT
DEMINDBAGFURCCS,SO_DEMINDBAGFURCCS,SO,SO,technology,mapeo_directo,False,DEMINDBAGFURCCS,identidad,,,SO_BAG,BAG,SO_INDDHT,INDDHT
DEMINDBAGFUR_HIG,OR_DEMINDBAGFUR_HIG,OR,OR,technology,mapeo_directo,False,DEMINDBAGFUR_HIG,identidad,,,OR_BAG,BAG,OR_INDDHT,INDDHT
DEMINDBAGFUR_HIG,SO_DEMINDBAGFUR_HIG,SO,SO,technology,mapeo_directo,False,DEMINDBAGFUR_HIG,identidad,,,SO_BAG,BAG,SO_INDDHT,INDDHT
DEMINDBAGFUR_LOW,OR_DEMINDBAGFUR_LOW,OR,OR,technology,mapeo_directo,False,DEMINDBAGFUR_LOW,identidad,,,OR_BAG,BAG,OR_INDDHT,INDDHT
DEMINDBAGFUR_LOW,SO_DEMINDBAGFUR_LOW,SO,SO,technology,mapeo_directo,False,DEMINDBAGFUR_LOW,identidad,,,SO_BAG,BAG,SO_INDDHT,INDDHT
DEMINDBAGFUR_MID,OR_DEMINDBAGFUR_MID,OR,OR,technology,mapeo_directo,False,DEMINDBAGFUR_MID,identidad,,,OR_BAG,BAG,OR_INDDHT,INDDHT
DEMINDBAGFUR_MID,SO_DEMINDBAGFUR_MID,SO,SO,technology,mapeo_directo,False,DEMINDBAGFUR_MID,identidad,,,SO_BAG,BAG,SO_INDDHT,INDDHT
DEMINDBGSBOI_HIG,AN_DEMINDBGSBOI_HIG,AN,AN,technology,mapeo_directo,False,DEMINDBGSBOI_HIG,identidad,,,AN_BGS,BGS,AN_INDIHT,INDIHT
DEMINDBGSBOI_HIG,CA_DEMINDBGSBOI_HIG,CA,CA,technology,mapeo_directo,False,DEMINDBGSBOI_HIG,identidad,,,CA_BGS,BGS,CA_INDIHT,INDIHT
DEMINDBGSBOI_HIG,NE_DEMINDBGSBOI_HIG,NE,NE,technology,mapeo_directo,False,DEMINDBGSBOI_HIG,identidad,,,NE_BGS,BGS,NE_INDIHT,INDIHT
DEMINDBGSBOI_HIG,OR_DEMINDBGSBOI_HIG,OR,OR,technology,mapeo_directo,False,DEMINDBGSBOI_HIG,identidad,,,OR_BGS,BGS,OR_INDIHT,INDIHT
DEMINDBGSBOI_HIG,SO_DEMINDBGSBOI_HIG,SO,SO,technology,mapeo_directo,False,DEMINDBGSBOI_HIG,identidad,,,SO_BGS,BGS,SO_INDIHT,INDIHT
DEMINDBGSBOI_LOW,AN_DEMINDBGSBOI_LOW,AN,AN,technology,mapeo_directo,False,DEMINDBGSBOI_LOW,identidad,,,AN_BGS,BGS,AN_INDIHT,INDIHT
DEMINDBGSBOI_LOW,CA_DEMINDBGSBOI_LOW,CA,CA,technology,mapeo_directo,False,DEMINDBGSBOI_LOW,identidad,,,CA_BGS,BGS,CA_INDIHT,INDIHT
DEMINDBGSBOI_LOW,NE_DEMINDBGSBOI_LOW,NE,NE,technology,mapeo_directo,False,DEMINDBGSBOI_LOW,identidad,,,NE_BGS,BGS,NE_INDIHT,INDIHT
DEMINDBGSBOI_LOW,OR_DEMINDBGSBOI_LOW,OR,OR,technology,mapeo_directo,False,DEMINDBGSBOI_LOW,identidad,,,OR_BGS,BGS,OR_INDIHT,INDIHT
DEMINDBGSBOI_LOW,SO_DEMINDBGSBOI_LOW,SO,SO,technology,mapeo_directo,False,DEMINDBGSBOI_LOW,identidad,,,SO_BGS,BGS,SO_INDIHT,INDIHT
DEMINDBGSBOI_MID,AN_DEMINDBGSBOI_MID,AN,AN,technology,mapeo_directo,False,DEMINDBGSBOI_MID,identidad,,,AN_BGS,BGS,AN_INDIHT,INDIHT
DEMINDBGSBOI_MID,CA_DEMINDBGSBOI_MID,CA,CA,technology,mapeo_directo,False,DEMINDBGSBOI_MID,identidad,,,CA_BGS,BGS,CA_INDIHT,INDIHT
DEMINDBGSBOI_MID,NE_DEMINDBGSBOI_MID,NE,NE,technology,mapeo_directo,False,DEMINDBGSBOI_MID,identidad,,,NE_BGS,BGS,NE_INDIHT,INDIHT
DEMINDBGSBOI_MID,OR_DEMINDBGSBOI_MID,OR,OR,technology,mapeo_directo,False,DEMINDBGSBOI_MID,identidad,,,OR_BGS,BGS,OR_INDIHT,INDIHT
DEMINDBGSBOI_MID,SO_DEMINDBGSBOI_MID,SO,SO,technology,mapeo_directo,False,DEMINDBGSBOI_MID,identidad,,,SO_BGS,BGS,SO_INDIHT,INDIHT
DEMINDBGSFUR_HIG,AN_DEMINDBGSFUR_HIG,AN,AN,technology,mapeo_directo,False,DEMINDBGSFUR_HIG,identidad,,,AN_BGS,BGS,AN_INDDHT,INDDHT
DEMINDBGSFUR_HIG,CA_DEMINDBGSFUR_HIG,CA,CA,technology,mapeo_directo,False,DEMINDBGSFUR_HIG,identidad,,,CA_BGS,BGS,CA_INDDHT,INDDHT
DEMINDBGSFUR_HIG,NE_DEMINDBGSFUR_HIG,NE,NE,technology,mapeo_directo,False,DEMINDBGSFUR_HIG,identidad,,,NE_BGS,BGS,NE_INDDHT,INDDHT
DEMINDBGSFUR_HIG,OR_DEMINDBGSFUR_HIG,OR,OR,technology,mapeo_directo,False,DEMINDBGSFUR_HIG,identidad,,,OR_BGS,BGS,OR_INDDHT,INDDHT
DEMINDBGSFUR_HIG,SO_DEMINDBGSFUR_HIG,SO,SO,technology,mapeo_directo,False,DEMINDBGSFUR_HIG,identidad,,,SO_BGS,BGS,SO_INDDHT,INDDHT
DEMINDBGSFUR_LOW,AN_DEMINDBGSFUR_LOW,AN,AN,technology,mapeo_directo,False,DEMINDBGSFUR_LOW,identidad,,,AN_BGS,BGS,AN_INDDHT,INDDHT
DEMINDBGSFUR_LOW,CA_DEMINDBGSFUR_LOW,CA,CA,technology,mapeo_directo,False,DEMINDBGSFUR_LOW,identidad,,,CA_BGS,BGS,CA_INDDHT,INDDHT
DEMINDBGSFUR_LOW,NE_DEMINDBGSFUR_LOW,NE,NE,technology,mapeo_directo,False,DEMINDBGSFUR_LOW,identidad,,,NE_BGS,BGS,NE_INDDHT,INDDHT
DEMINDBGSFUR_LOW,OR_DEMINDBGSFUR_LOW,OR,OR,technology,mapeo_directo,False,DEMINDBGSFUR_LOW,identidad,,,OR_BGS,BGS,OR_INDDHT,INDDHT
DEMINDBGSFUR_LOW,SO_DEMINDBGSFUR_LOW,SO,SO,technology,mapeo_directo,False,DEMINDBGSFUR_LOW,identidad,,,SO_BGS,BGS,SO_INDDHT,INDDHT
DEMINDBGSFUR_MID,AN_DEMINDBGSFUR_MID,AN,AN,technology,mapeo_directo,False,DEMINDBGSFUR_MID,identidad,,,AN_BGS,BGS,AN_INDDHT,INDDHT
DEMINDBGSFUR_MID,CA_DEMINDBGSFUR_MID,CA,CA,technology,mapeo_directo,False,DEMINDBGSFUR_MID,identidad,,,CA_BGS,BGS,CA_INDDHT,INDDHT
DEMINDBGSFUR_MID,NE_DEMINDBGSFUR_MID,NE,NE,technology,mapeo_directo,False,DEMINDBGSFUR_MID,identidad,,,NE_BGS,BGS,NE_INDDHT,INDDHT
DEMINDBGSFUR_MID,OR_DEMINDBGSFUR_MID,OR,OR,technology,mapeo_directo,False,DEMINDBGSFUR_MID,identidad,,,OR_BGS,BGS,OR_INDDHT,INDDHT
DEMINDBGSFUR_MID,SO_DEMINDBGSFUR_MID,SO,SO,technology,mapeo_directo,False,DEMINDBGSFUR_MID,identidad,,,SO_BGS,BGS,SO_INDDHT,INDDHT
DEMINDCOABOI_HIG,AN_DEMINDCOABOI_HIG,AN,AN,technology,mapeo_directo,False,DEMINDCOABOI_HIG,identidad,,,AN_COA002,COA002,AN_INDIHT,INDIHT
DEMINDCOABOI_HIG,CA_DEMINDCOABOI_HIG,CA,CA,technology,mapeo_directo,False,DEMINDCOABOI_HIG,identidad,,,CA_COA002,COA002,CA_INDIHT,INDIHT
DEMINDCOABOI_HIG,NE_DEMINDCOABOI_HIG,NE,NE,technology,mapeo_directo,False,DEMINDCOABOI_HIG,identidad,,,NE_COA002,COA002,NE_INDIHT,INDIHT
DEMINDCOABOI_HIG,OR_DEMINDCOABOI_HIG,OR,OR,technology,mapeo_directo,False,DEMINDCOABOI_HIG,identidad,,,OR_COA002,COA002,OR_INDIHT,INDIHT
DEMINDCOABOI_HIG,SO_DEMINDCOABOI_HIG,SO,SO,technology,mapeo_directo,False,DEMINDCOABOI_HIG,identidad,,,SO_COA002,COA002,SO_INDIHT,INDIHT
DEMINDCOABOI_LOW,AN_DEMINDCOABOI_LOW,AN,AN,technology,mapeo_directo,False,DEMINDCOABOI_LOW,identidad,,,AN_COA002,COA002,AN_INDIHT,INDIHT
DEMINDCOABOI_LOW,CA_DEMINDCOABOI_LOW,CA,CA,technology,mapeo_directo,False,DEMINDCOABOI_LOW,identidad,,,CA_COA002,COA002,CA_INDIHT,INDIHT
DEMINDCOABOI_LOW,NE_DEMINDCOABOI_LOW,NE,NE,technology,mapeo_directo,False,DEMINDCOABOI_LOW,identidad,,,NE_COA002,COA002,NE_INDIHT,INDIHT
DEMINDCOABOI_LOW,OR_DEMINDCOABOI_LOW,OR,OR,technology,mapeo_directo,False,DEMINDCOABOI_LOW,identidad,,,OR_COA002,COA002,OR_INDIHT,INDIHT
DEMINDCOABOI_LOW,SO_DEMINDCOABOI_LOW,SO,SO,technology,mapeo_directo,False,DEMINDCOABOI_LOW,identidad,,,SO_COA002,COA002,SO_INDIHT,INDIHT
DEMINDCOABOI_MID,AN_DEMINDCOABOI_MID,AN,AN,technology,mapeo_directo,False,DEMINDCOABOI_MID,identidad,,,AN_COA002,COA002,AN_INDIHT,INDIHT
DEMINDCOABOI_MID,CA_DEMINDCOABOI_MID,CA,CA,technology,mapeo_directo,False,DEMINDCOABOI_MID,identidad,,,CA_COA002,COA002,CA_INDIHT,INDIHT
DEMINDCOABOI_MID,NE_DEMINDCOABOI_MID,NE,NE,technology,mapeo_directo,False,DEMINDCOABOI_MID,identidad,,,NE_COA002,COA002,NE_INDIHT,INDIHT
DEMINDCOABOI_MID,OR_DEMINDCOABOI_MID,OR,OR,technology,mapeo_directo,False,DEMINDCOABOI_MID,identidad,,,OR_COA002,COA002,OR_INDIHT,INDIHT
DEMINDCOABOI_MID,SO_DEMINDCOABOI_MID,SO,SO,technology,mapeo_directo,False,DEMINDCOABOI_MID,identidad,,,SO_COA002,COA002,SO_INDIHT,INDIHT
DEMINDCOAFUR_HIG,AN_DEMINDCOAFUR_HIG,AN,AN,technology,mapeo_directo,False,DEMINDCOAFUR_HIG,identidad,,,AN_COA002,COA002,AN_INDDHT,INDDHT
DEMINDCOAFUR_HIG,CA_DEMINDCOAFUR_HIG,CA,CA,technology,mapeo_directo,False,DEMINDCOAFUR_HIG,identidad,,,CA_COA002,COA002,CA_INDDHT,INDDHT
DEMINDCOAFUR_HIG,NE_DEMINDCOAFUR_HIG,NE,NE,technology,mapeo_directo,False,DEMINDCOAFUR_HIG,identidad,,,NE_COA002,COA002,NE_INDDHT,INDDHT
DEMINDCOAFUR_HIG,OR_DEMINDCOAFUR_HIG,OR,OR,technology,mapeo_directo,False,DEMINDCOAFUR_HIG,identidad,,,OR_COA002,COA002,OR_INDDHT,INDDHT
DEMINDCOAFUR_HIG,SO_DEMINDCOAFUR_HIG,SO,SO,technology,mapeo_directo,False,DEMINDCOAFUR_HIG,identidad,,,SO_COA002,COA002,SO_INDDHT,INDDHT
DEMINDCOAFUR_LOW,AN_DEMINDCOAFUR_LOW,AN,AN,technology,mapeo_directo,False,DEMINDCOAFUR_LOW,identidad,,,AN_COA002,COA002,AN_INDDHT,INDDHT
DEMINDCOAFUR_LOW,CA_DEMINDCOAFUR_LOW,CA,CA,technology,mapeo_directo,False,DEMINDCOAFUR_LOW,identidad,,,CA_COA002,COA002,CA_INDDHT,INDDHT
DEMINDCOAFUR_LOW,NE_DEMINDCOAFUR_LOW,NE,NE,technology,mapeo_directo,False,DEMINDCOAFUR_LOW,identidad,,,NE_COA002,COA002,NE_INDDHT,INDDHT
DEMINDCOAFUR_LOW,OR_DEMINDCOAFUR_LOW,OR,OR,technology,mapeo_directo,False,DEMINDCOAFUR_LOW,identidad,,,OR_COA002,COA002,OR_INDDHT,INDDHT
DEMINDCOAFUR_LOW,SO_DEMINDCOAFUR_LOW,SO,SO,technology,mapeo_directo,False,DEMINDCOAFUR_LOW,identidad,,,SO_COA002,COA002,SO_INDDHT,INDDHT
DEMINDCOAFUR_MID,AN_DEMINDCOAFUR_MID,AN,AN,technology,mapeo_directo,False,DEMINDCOAFUR_MID,identidad,,,AN_COA002,COA002,AN_INDDHT,INDDHT
DEMINDCOAFUR_MID,CA_DEMINDCOAFUR_MID,CA,CA,technology,mapeo_directo,False,DEMINDCOAFUR_MID,identidad,,,CA_COA002,COA002,CA_INDDHT,INDDHT
DEMINDCOAFUR_MID,NE_DEMINDCOAFUR_MID,NE,NE,technology,mapeo_directo,False,DEMINDCOAFUR_MID,identidad,,,NE_COA002,COA002,NE_INDDHT,INDDHT
DEMINDCOAFUR_MID,OR_DEMINDCOAFUR_MID,OR,OR,technology,mapeo_directo,False,DEMINDCOAFUR_MID,identidad,,,OR_COA002,COA002,OR_INDDHT,INDDHT
DEMINDCOAFUR_MID,SO_DEMINDCOAFUR_MID,SO,SO,technology,mapeo_directo,False,DEMINDCOAFUR_MID,identidad,,,SO_COA002,COA002,SO_INDDHT,INDDHT
DEMINDCOAOTH_LOW,AN_DEMINDCOAOTH_LOW,AN,AN,technology,mapeo_directo,False,DEMINDCOAOTH_LOW,identidad,,,AN_COA002,COA002,AN_INDOTH_COA,INDOTH_COA
DEMINDCOAOTH_LOW,CA_DEMINDCOAOTH_LOW,CA,CA,technology,mapeo_directo,False,DEMINDCOAOTH_LOW,identidad,,,CA_COA002,COA002,CA_INDOTH_COA,INDOTH_COA
DEMINDCOAOTH_LOW,NE_DEMINDCOAOTH_LOW,NE,NE,technology,mapeo_directo,False,DEMINDCOAOTH_LOW,identidad,,,NE_COA002,COA002,NE_INDOTH_COA,INDOTH_COA
DEMINDCOAOTH_LOW,OR_DEMINDCOAOTH_LOW,OR,OR,technology,mapeo_directo,False,DEMINDCOAOTH_LOW,identidad,,,OR_COA002,COA002,OR_INDOTH_COA,INDOTH_COA
DEMINDCOAOTH_LOW,SO_DEMINDCOAOTH_LOW,SO,SO,technology,mapeo_directo,False,DEMINDCOAOTH_LOW,identidad,,,SO_COA002,COA002,SO_INDOTH_COA,INDOTH_COA
DEMINDDSLBOI_HIG,AN_DEMINDDSLBOI_HIG,AN,AN,technology,mapeo_directo,False,DEMINDDSLBOI_HIG,identidad,,,AN_DSL002,DSL,AN_INDIHT,INDIHT
DEMINDDSLBOI_HIG,CA_DEMINDDSLBOI_HIG,CA,CA,technology,mapeo_directo,False,DEMINDDSLBOI_HIG,identidad,,,CA_DSL002,DSL,CA_INDIHT,INDIHT
DEMINDDSLBOI_HIG,NE_DEMINDDSLBOI_HIG,NE,NE,technology,mapeo_directo,False,DEMINDDSLBOI_HIG,identidad,,,NE_DSL002,DSL,NE_INDIHT,INDIHT
DEMINDDSLBOI_HIG,OR_DEMINDDSLBOI_HIG,OR,OR,technology,mapeo_directo,False,DEMINDDSLBOI_HIG,identidad,,,OR_DSL002,DSL,OR_INDIHT,INDIHT
DEMINDDSLBOI_HIG,SO_DEMINDDSLBOI_HIG,SO,SO,technology,mapeo_directo,False,DEMINDDSLBOI_HIG,identidad,,,SO_DSL002,DSL,SO_INDIHT,INDIHT
DEMINDDSLBOI_LOW,AN_DEMINDDSLBOI_LOW,AN,AN,technology,mapeo_directo,False,DEMINDDSLBOI_LOW,identidad,,,AN_DSL002,DSL,AN_INDIHT,INDIHT
DEMINDDSLBOI_LOW,CA_DEMINDDSLBOI_LOW,CA,CA,technology,mapeo_directo,False,DEMINDDSLBOI_LOW,identidad,,,CA_DSL002,DSL,CA_INDIHT,INDIHT
DEMINDDSLBOI_LOW,NE_DEMINDDSLBOI_LOW,NE,NE,technology,mapeo_directo,False,DEMINDDSLBOI_LOW,identidad,,,NE_DSL002,DSL,NE_INDIHT,INDIHT
DEMINDDSLBOI_LOW,OR_DEMINDDSLBOI_LOW,OR,OR,technology,mapeo_directo,False,DEMINDDSLBOI_LOW,identidad,,,OR_DSL002,DSL,OR_INDIHT,INDIHT
DEMINDDSLBOI_LOW,SO_DEMINDDSLBOI_LOW,SO,SO,technology,mapeo_directo,False,DEMINDDSLBOI_LOW,identidad,,,SO_DSL002,DSL,SO_INDIHT,INDIHT
DEMINDDSLBOI_MID,AN_DEMINDDSLBOI_MID,AN,AN,technology,mapeo_directo,False,DEMINDDSLBOI_MID,identidad,,,AN_DSL002,DSL,AN_INDIHT,INDIHT
DEMINDDSLBOI_MID,CA_DEMINDDSLBOI_MID,CA,CA,technology,mapeo_directo,False,DEMINDDSLBOI_MID,identidad,,,CA_DSL002,DSL,CA_INDIHT,INDIHT
DEMINDDSLBOI_MID,NE_DEMINDDSLBOI_MID,NE,NE,technology,mapeo_directo,False,DEMINDDSLBOI_MID,identidad,,,NE_DSL002,DSL,NE_INDIHT,INDIHT
DEMINDDSLBOI_MID,OR_DEMINDDSLBOI_MID,OR,OR,technology,mapeo_directo,False,DEMINDDSLBOI_MID,identidad,,,OR_DSL002,DSL,OR_INDIHT,INDIHT
DEMINDDSLBOI_MID,SO_DEMINDDSLBOI_MID,SO,SO,technology,mapeo_directo,False,DEMINDDSLBOI_MID,identidad,,,SO_DSL002,DSL,SO_INDIHT,INDIHT
DEMINDDSLFUR_HIG,AN_DEMINDDSLFUR_HIG,AN,AN,technology,mapeo_directo,False,DEMINDDSLFUR_HIG,identidad,,,AN_DSL002,DSL,AN_INDDHT,INDDHT
DEMINDDSLFUR_HIG,CA_DEMINDDSLFUR_HIG,CA,CA,technology,mapeo_directo,False,DEMINDDSLFUR_HIG,identidad,,,CA_DSL002,DSL,CA_INDDHT,INDDHT
DEMINDDSLFUR_HIG,NE_DEMINDDSLFUR_HIG,NE,NE,technology,mapeo_directo,False,DEMINDDSLFUR_HIG,identidad,,,NE_DSL002,DSL,NE_INDDHT,INDDHT
DEMINDDSLFUR_HIG,OR_DEMINDDSLFUR_HIG,OR,OR,technology,mapeo_directo,False,DEMINDDSLFUR_HIG,identidad,,,OR_DSL002,DSL,OR_INDDHT,INDDHT
DEMINDDSLFUR_HIG,SO_DEMINDDSLFUR_HIG,SO,SO,technology,mapeo_directo,False,DEMINDDSLFUR_HIG,identidad,,,SO_DSL002,DSL,SO_INDDHT,INDDHT
DEMINDDSLFUR_LOW,AN_DEMINDDSLFUR_LOW,AN,AN,technology,mapeo_directo,False,DEMINDDSLFUR_LOW,identidad,,,AN_DSL002,DSL,AN_INDDHT,INDDHT
DEMINDDSLFUR_LOW,CA_DEMINDDSLFUR_LOW,CA,CA,technology,mapeo_directo,False,DEMINDDSLFUR_LOW,identidad,,,CA_DSL002,DSL,CA_INDDHT,INDDHT
DEMINDDSLFUR_LOW,NE_DEMINDDSLFUR_LOW,NE,NE,technology,mapeo_directo,False,DEMINDDSLFUR_LOW,identidad,,,NE_DSL002,DSL,NE_INDDHT,INDDHT
DEMINDDSLFUR_LOW,OR_DEMINDDSLFUR_LOW,OR,OR,technology,mapeo_directo,False,DEMINDDSLFUR_LOW,identidad,,,OR_DSL002,DSL,OR_INDDHT,INDDHT
DEMINDDSLFUR_LOW,SO_DEMINDDSLFUR_LOW,SO,SO,technology,mapeo_directo,False,DEMINDDSLFUR_LOW,identidad,,,SO_DSL002,DSL,SO_INDDHT,INDDHT
DEMINDDSLFUR_MID,AN_DEMINDDSLFUR_MID,AN,AN,technology,mapeo_directo,False,DEMINDDSLFUR_MID,identidad,,,AN_DSL002,DSL,AN_INDDHT,INDDHT
DEMINDDSLFUR_MID,CA_DEMINDDSLFUR_MID,CA,CA,technology,mapeo_directo,False,DEMINDDSLFUR_MID,identidad,,,CA_DSL002,DSL,CA_INDDHT,INDDHT
DEMINDDSLFUR_MID,NE_DEMINDDSLFUR_MID,NE,NE,technology,mapeo_directo,False,DEMINDDSLFUR_MID,identidad,,,NE_DSL002,DSL,NE_INDDHT,INDDHT
DEMINDDSLFUR_MID,OR_DEMINDDSLFUR_MID,OR,OR,technology,mapeo_directo,False,DEMINDDSLFUR_MID,identidad,,,OR_DSL002,DSL,OR_INDDHT,INDDHT
DEMINDDSLFUR_MID,SO_DEMINDDSLFUR_MID,SO,SO,technology,mapeo_directo,False,DEMINDDSLFUR_MID,identidad,,,SO_DSL002,DSL,SO_INDDHT,INDDHT
DEMINDELCAIR_HIG,AN_DEMINDELCAIR_HIG,AN,AN,technology,mapeo_directo,False,DEMINDELCAIR_HIG,identidad,,,AN_ELC003,ELC002,AN_INDCLIM,INDCLIM
DEMINDELCAIR_HIG,CA_DEMINDELCAIR_HIG,CA,CA,technology,mapeo_directo,False,DEMINDELCAIR_HIG,identidad,,,CA_ELC003,ELC002,CA_INDCLIM,INDCLIM
DEMINDELCAIR_HIG,NE_DEMINDELCAIR_HIG,NE,NE,technology,mapeo_directo,False,DEMINDELCAIR_HIG,identidad,,,NE_ELC003,ELC002,NE_INDCLIM,INDCLIM
DEMINDELCAIR_HIG,OR_DEMINDELCAIR_HIG,OR,OR,technology,mapeo_directo,False,DEMINDELCAIR_HIG,identidad,,,OR_ELC003,ELC002,OR_INDCLIM,INDCLIM
DEMINDELCAIR_HIG,SO_DEMINDELCAIR_HIG,SO,SO,technology,mapeo_directo,False,DEMINDELCAIR_HIG,identidad,,,SO_ELC003,ELC002,SO_INDCLIM,INDCLIM
DEMINDELCAIR_LOW,AN_DEMINDELCAIR_LOW,AN,AN,technology,mapeo_directo,False,DEMINDELCAIR_LOW,identidad,,,AN_ELC003,ELC002,AN_INDCLIM,INDCLIM
DEMINDELCAIR_LOW,CA_DEMINDELCAIR_LOW,CA,CA,technology,mapeo_directo,False,DEMINDELCAIR_LOW,identidad,,,CA_ELC003,ELC002,CA_INDCLIM,INDCLIM
DEMINDELCAIR_LOW,NE_DEMINDELCAIR_LOW,NE,NE,technology,mapeo_directo,False,DEMINDELCAIR_LOW,identidad,,,NE_ELC003,ELC002,NE_INDCLIM,INDCLIM
DEMINDELCAIR_LOW,OR_DEMINDELCAIR_LOW,OR,OR,technology,mapeo_directo,False,DEMINDELCAIR_LOW,identidad,,,OR_ELC003,ELC002,OR_INDCLIM,INDCLIM
DEMINDELCAIR_LOW,SO_DEMINDELCAIR_LOW,SO,SO,technology,mapeo_directo,False,DEMINDELCAIR_LOW,identidad,,,SO_ELC003,ELC002,SO_INDCLIM,INDCLIM
DEMINDELCAIR_MID,AN_DEMINDELCAIR_MID,AN,AN,technology,mapeo_directo,False,DEMINDELCAIR_MID,identidad,,,AN_ELC003,ELC002,AN_INDCLIM,INDCLIM
DEMINDELCAIR_MID,CA_DEMINDELCAIR_MID,CA,CA,technology,mapeo_directo,False,DEMINDELCAIR_MID,identidad,,,CA_ELC003,ELC002,CA_INDCLIM,INDCLIM
DEMINDELCAIR_MID,NE_DEMINDELCAIR_MID,NE,NE,technology,mapeo_directo,False,DEMINDELCAIR_MID,identidad,,,NE_ELC003,ELC002,NE_INDCLIM,INDCLIM
DEMINDELCAIR_MID,OR_DEMINDELCAIR_MID,OR,OR,technology,mapeo_directo,False,DEMINDELCAIR_MID,identidad,,,OR_ELC003,ELC002,OR_INDCLIM,INDCLIM
DEMINDELCAIR_MID,SO_DEMINDELCAIR_MID,SO,SO,technology,mapeo_directo,False,DEMINDELCAIR_MID,identidad,,,SO_ELC003,ELC002,SO_INDCLIM,INDCLIM
DEMINDELCBOI_HIG,AN_DEMINDELCBOI_HIG,AN,AN,technology,mapeo_directo,False,DEMINDELCBOI_HIG,identidad,,,AN_ELC003,ELC002,AN_INDIHT,INDIHT
DEMINDELCBOI_HIG,CA_DEMINDELCBOI_HIG,CA,CA,technology,mapeo_directo,False,DEMINDELCBOI_HIG,identidad,,,CA_ELC003,ELC002,CA_INDIHT,INDIHT
DEMINDELCBOI_HIG,NE_DEMINDELCBOI_HIG,NE,NE,technology,mapeo_directo,False,DEMINDELCBOI_HIG,identidad,,,NE_ELC003,ELC002,NE_INDIHT,INDIHT
DEMINDELCBOI_HIG,OR_DEMINDELCBOI_HIG,OR,OR,technology,mapeo_directo,False,DEMINDELCBOI_HIG,identidad,,,OR_ELC003,ELC002,OR_INDIHT,INDIHT
DEMINDELCBOI_HIG,SO_DEMINDELCBOI_HIG,SO,SO,technology,mapeo_directo,False,DEMINDELCBOI_HIG,identidad,,,SO_ELC003,ELC002,SO_INDIHT,INDIHT
DEMINDELCBOI_LOW,AN_DEMINDELCBOI_LOW,AN,AN,technology,mapeo_directo,False,DEMINDELCBOI_LOW,identidad,,,AN_ELC003,ELC002,AN_INDIHT,INDIHT
DEMINDELCBOI_LOW,CA_DEMINDELCBOI_LOW,CA,CA,technology,mapeo_directo,False,DEMINDELCBOI_LOW,identidad,,,CA_ELC003,ELC002,CA_INDIHT,INDIHT
DEMINDELCBOI_LOW,NE_DEMINDELCBOI_LOW,NE,NE,technology,mapeo_directo,False,DEMINDELCBOI_LOW,identidad,,,NE_ELC003,ELC002,NE_INDIHT,INDIHT
DEMINDELCBOI_LOW,OR_DEMINDELCBOI_LOW,OR,OR,technology,mapeo_directo,False,DEMINDELCBOI_LOW,identidad,,,OR_ELC003,ELC002,OR_INDIHT,INDIHT
DEMINDELCBOI_LOW,SO_DEMINDELCBOI_LOW,SO,SO,technology,mapeo_directo,False,DEMINDELCBOI_LOW,identidad,,,SO_ELC003,ELC002,SO_INDIHT,INDIHT
DEMINDELCBOI_MID,AN_DEMINDELCBOI_MID,AN,AN,technology,mapeo_directo,False,DEMINDELCBOI_MID,identidad,,,AN_ELC003,ELC002,AN_INDIHT,INDIHT
DEMINDELCBOI_MID,CA_DEMINDELCBOI_MID,CA,CA,technology,mapeo_directo,False,DEMINDELCBOI_MID,identidad,,,CA_ELC003,ELC002,CA_INDIHT,INDIHT
DEMINDELCBOI_MID,NE_DEMINDELCBOI_MID,NE,NE,technology,mapeo_directo,False,DEMINDELCBOI_MID,identidad,,,NE_ELC003,ELC002,NE_INDIHT,INDIHT
DEMINDELCBOI_MID,OR_DEMINDELCBOI_MID,OR,OR,technology,mapeo_directo,False,DEMINDELCBOI_MID,identidad,,,OR_ELC003,ELC002,OR_INDIHT,INDIHT
DEMINDELCBOI_MID,SO_DEMINDELCBOI_MID,SO,SO,technology,mapeo_directo,False,DEMINDELCBOI_MID,identidad,,,SO_ELC003,ELC002,SO_INDIHT,INDIHT
DEMINDELCFUR_HIG,AN_DEMINDELCFUR_HIG,AN,AN,technology,mapeo_directo,False,DEMINDELCFUR_HIG,identidad,,,AN_ELC003,ELC002,AN_INDDHT,INDDHT
DEMINDELCFUR_HIG,CA_DEMINDELCFUR_HIG,CA,CA,technology,mapeo_directo,False,DEMINDELCFUR_HIG,identidad,,,CA_ELC003,ELC002,CA_INDDHT,INDDHT
DEMINDELCFUR_HIG,NE_DEMINDELCFUR_HIG,NE,NE,technology,mapeo_directo,False,DEMINDELCFUR_HIG,identidad,,,NE_ELC003,ELC002,NE_INDDHT,INDDHT
DEMINDELCFUR_HIG,OR_DEMINDELCFUR_HIG,OR,OR,technology,mapeo_directo,False,DEMINDELCFUR_HIG,identidad,,,OR_ELC003,ELC002,OR_INDDHT,INDDHT
DEMINDELCFUR_HIG,SO_DEMINDELCFUR_HIG,SO,SO,technology,mapeo_directo,False,DEMINDELCFUR_HIG,identidad,,,SO_ELC003,ELC002,SO_INDDHT,INDDHT
DEMINDELCFUR_LOW,AN_DEMINDELCFUR_LOW,AN,AN,technology,mapeo_directo,False,DEMINDELCFUR_LOW,identidad,,,AN_ELC003,ELC002,AN_INDDHT,INDDHT
DEMINDELCFUR_LOW,CA_DEMINDELCFUR_LOW,CA,CA,technology,mapeo_directo,False,DEMINDELCFUR_LOW,identidad,,,CA_ELC003,ELC002,CA_INDDHT,INDDHT
DEMINDELCFUR_LOW,NE_DEMINDELCFUR_LOW,NE,NE,technology,mapeo_directo,False,DEMINDELCFUR_LOW,identidad,,,NE_ELC003,ELC002,NE_INDDHT,INDDHT
DEMINDELCFUR_LOW,OR_DEMINDELCFUR_LOW,OR,OR,technology,mapeo_directo,False,DEMINDELCFUR_LOW,identidad,,,OR_ELC003,ELC002,OR_INDDHT,INDDHT
DEMINDELCFUR_LOW,SO_DEMINDELCFUR_LOW,SO,SO,technology,mapeo_directo,False,DEMINDELCFUR_LOW,identidad,,,SO_ELC003,ELC002,SO_INDDHT,INDDHT
DEMINDELCFUR_MID,AN_DEMINDELCFUR_MID,AN,AN,technology,mapeo_directo,False,DEMINDELCFUR_MID,identidad,,,AN_ELC003,ELC002,AN_INDDHT,INDDHT
DEMINDELCFUR_MID,CA_DEMINDELCFUR_MID,CA,CA,technology,mapeo_directo,False,DEMINDELCFUR_MID,identidad,,,CA_ELC003,ELC002,CA_INDDHT,INDDHT
DEMINDELCFUR_MID,NE_DEMINDELCFUR_MID,NE,NE,technology,mapeo_directo,False,DEMINDELCFUR_MID,identidad,,,NE_ELC003,ELC002,NE_INDDHT,INDDHT
DEMINDELCFUR_MID,OR_DEMINDELCFUR_MID,OR,OR,technology,mapeo_directo,False,DEMINDELCFUR_MID,identidad,,,OR_ELC003,ELC002,OR_INDDHT,INDDHT
DEMINDELCFUR_MID,SO_DEMINDELCFUR_MID,SO,SO,technology,mapeo_directo,False,DEMINDELCFUR_MID,identidad,,,SO_ELC003,ELC002,SO_INDDHT,INDDHT
DEMINDELCILU_HIG,AN_DEMINDELCILU_HIG,AN,AN,technology,mapeo_directo,False,DEMINDELCILU_HIG,identidad,,,AN_ELC003,ELC002,AN_INDILU,INDILU
DEMINDELCILU_HIG,CA_DEMINDELCILU_HIG,CA,CA,technology,mapeo_directo,False,DEMINDELCILU_HIG,identidad,,,CA_ELC003,ELC002,CA_INDILU,INDILU
DEMINDELCILU_HIG,NE_DEMINDELCILU_HIG,NE,NE,technology,mapeo_directo,False,DEMINDELCILU_HIG,identidad,,,NE_ELC003,ELC002,NE_INDILU,INDILU
DEMINDELCILU_HIG,OR_DEMINDELCILU_HIG,OR,OR,technology,mapeo_directo,False,DEMINDELCILU_HIG,identidad,,,OR_ELC003,ELC002,OR_INDILU,INDILU
DEMINDELCILU_HIG,SO_DEMINDELCILU_HIG,SO,SO,technology,mapeo_directo,False,DEMINDELCILU_HIG,identidad,,,SO_ELC003,ELC002,SO_INDILU,INDILU
DEMINDELCILU_LOW,AN_DEMINDELCILU_LOW,AN,AN,technology,mapeo_directo,False,DEMINDELCILU_LOW,identidad,,,AN_ELC003,ELC002,AN_INDILU,INDILU
DEMINDELCILU_LOW,CA_DEMINDELCILU_LOW,CA,CA,technology,mapeo_directo,False,DEMINDELCILU_LOW,identidad,,,CA_ELC003,ELC002,CA_INDILU,INDILU
DEMINDELCILU_LOW,NE_DEMINDELCILU_LOW,NE,NE,technology,mapeo_directo,False,DEMINDELCILU_LOW,identidad,,,NE_ELC003,ELC002,NE_INDILU,INDILU
DEMINDELCILU_LOW,OR_DEMINDELCILU_LOW,OR,OR,technology,mapeo_directo,False,DEMINDELCILU_LOW,identidad,,,OR_ELC003,ELC002,OR_INDILU,INDILU
DEMINDELCILU_LOW,SO_DEMINDELCILU_LOW,SO,SO,technology,mapeo_directo,False,DEMINDELCILU_LOW,identidad,,,SO_ELC003,ELC002,SO_INDILU,INDILU
DEMINDELCILU_MID,AN_DEMINDELCILU_MID,AN,AN,technology,mapeo_directo,False,DEMINDELCILU_MID,identidad,,,AN_ELC003,ELC002,AN_INDILU,INDILU
DEMINDELCILU_MID,CA_DEMINDELCILU_MID,CA,CA,technology,mapeo_directo,False,DEMINDELCILU_MID,identidad,,,CA_ELC003,ELC002,CA_INDILU,INDILU
DEMINDELCILU_MID,NE_DEMINDELCILU_MID,NE,NE,technology,mapeo_directo,False,DEMINDELCILU_MID,identidad,,,NE_ELC003,ELC002,NE_INDILU,INDILU
DEMINDELCILU_MID,OR_DEMINDELCILU_MID,OR,OR,technology,mapeo_directo,False,DEMINDELCILU_MID,identidad,,,OR_ELC003,ELC002,OR_INDILU,INDILU
DEMINDELCILU_MID,SO_DEMINDELCILU_MID,SO,SO,technology,mapeo_directo,False,DEMINDELCILU_MID,identidad,,,SO_ELC003,ELC002,SO_INDILU,INDILU
DEMINDELCMPW_HIG,AN_DEMINDELCMPW_HIG,AN,AN,technology,mapeo_directo,False,DEMINDELCMPW_HIG,identidad,,,AN_ELC003,ELC002,AN_INDMPW,INDMPW
DEMINDELCMPW_HIG,CA_DEMINDELCMPW_HIG,CA,CA,technology,mapeo_directo,False,DEMINDELCMPW_HIG,identidad,,,CA_ELC003,ELC002,CA_INDMPW,INDMPW
DEMINDELCMPW_HIG,NE_DEMINDELCMPW_HIG,NE,NE,technology,mapeo_directo,False,DEMINDELCMPW_HIG,identidad,,,NE_ELC003,ELC002,NE_INDMPW,INDMPW
DEMINDELCMPW_HIG,OR_DEMINDELCMPW_HIG,OR,OR,technology,mapeo_directo,False,DEMINDELCMPW_HIG,identidad,,,OR_ELC003,ELC002,OR_INDMPW,INDMPW
DEMINDELCMPW_HIG,SO_DEMINDELCMPW_HIG,SO,SO,technology,mapeo_directo,False,DEMINDELCMPW_HIG,identidad,,,SO_ELC003,ELC002,SO_INDMPW,INDMPW
DEMINDELCMPW_LOW,AN_DEMINDELCMPW_LOW,AN,AN,technology,mapeo_directo,False,DEMINDELCMPW_LOW,identidad,,,AN_ELC003,ELC002,AN_INDMPW,INDMPW
DEMINDELCMPW_LOW,CA_DEMINDELCMPW_LOW,CA,CA,technology,mapeo_directo,False,DEMINDELCMPW_LOW,identidad,,,CA_ELC003,ELC002,CA_INDMPW,INDMPW
DEMINDELCMPW_LOW,NE_DEMINDELCMPW_LOW,NE,NE,technology,mapeo_directo,False,DEMINDELCMPW_LOW,identidad,,,NE_ELC003,ELC002,NE_INDMPW,INDMPW
DEMINDELCMPW_LOW,OR_DEMINDELCMPW_LOW,OR,OR,technology,mapeo_directo,False,DEMINDELCMPW_LOW,identidad,,,OR_ELC003,ELC002,OR_INDMPW,INDMPW
DEMINDELCMPW_LOW,SO_DEMINDELCMPW_LOW,SO,SO,technology,mapeo_directo,False,DEMINDELCMPW_LOW,identidad,,,SO_ELC003,ELC002,SO_INDMPW,INDMPW
DEMINDELCMPW_MID,AN_DEMINDELCMPW_MID,AN,AN,technology,mapeo_directo,False,DEMINDELCMPW_MID,identidad,,,AN_ELC003,ELC002,AN_INDMPW,INDMPW
DEMINDELCMPW_MID,CA_DEMINDELCMPW_MID,CA,CA,technology,mapeo_directo,False,DEMINDELCMPW_MID,identidad,,,CA_ELC003,ELC002,CA_INDMPW,INDMPW
DEMINDELCMPW_MID,NE_DEMINDELCMPW_MID,NE,NE,technology,mapeo_directo,False,DEMINDELCMPW_MID,identidad,,,NE_ELC003,ELC002,NE_INDMPW,INDMPW
DEMINDELCMPW_MID,OR_DEMINDELCMPW_MID,OR,OR,technology,mapeo_directo,False,DEMINDELCMPW_MID,identidad,,,OR_ELC003,ELC002,OR_INDMPW,INDMPW
DEMINDELCMPW_MID,SO_DEMINDELCMPW_MID,SO,SO,technology,mapeo_directo,False,DEMINDELCMPW_MID,identidad,,,SO_ELC003,ELC002,SO_INDMPW,INDMPW
DEMINDELCOTH_HIG,AN_DEMINDELCOTH_HIG,AN,AN,technology,mapeo_directo,False,DEMINDELCOTH_HIG,identidad,,,AN_ELC003,ELC002,AN_INDOTH_ELC,INDOTH_ELC
DEMINDELCOTH_HIG,CA_DEMINDELCOTH_HIG,CA,CA,technology,mapeo_directo,False,DEMINDELCOTH_HIG,identidad,,,CA_ELC003,ELC002,CA_INDOTH_ELC,INDOTH_ELC
DEMINDELCOTH_HIG,NE_DEMINDELCOTH_HIG,NE,NE,technology,mapeo_directo,False,DEMINDELCOTH_HIG,identidad,,,NE_ELC003,ELC002,NE_INDOTH_ELC,INDOTH_ELC
DEMINDELCOTH_HIG,OR_DEMINDELCOTH_HIG,OR,OR,technology,mapeo_directo,False,DEMINDELCOTH_HIG,identidad,,,OR_ELC003,ELC002,OR_INDOTH_ELC,INDOTH_ELC
DEMINDELCOTH_HIG,SO_DEMINDELCOTH_HIG,SO,SO,technology,mapeo_directo,False,DEMINDELCOTH_HIG,identidad,,,SO_ELC003,ELC002,SO_INDOTH_ELC,INDOTH_ELC
DEMINDELCOTH_LOW,AN_DEMINDELCOTH_LOW,AN,AN,technology,mapeo_directo,False,DEMINDELCOTH_LOW,identidad,,,AN_ELC003,ELC002,AN_INDOTH_ELC,INDOTH_ELC
DEMINDELCOTH_LOW,CA_DEMINDELCOTH_LOW,CA,CA,technology,mapeo_directo,False,DEMINDELCOTH_LOW,identidad,,,CA_ELC003,ELC002,CA_INDOTH_ELC,INDOTH_ELC
DEMINDELCOTH_LOW,NE_DEMINDELCOTH_LOW,NE,NE,technology,mapeo_directo,False,DEMINDELCOTH_LOW,identidad,,,NE_ELC003,ELC002,NE_INDOTH_ELC,INDOTH_ELC
DEMINDELCOTH_LOW,OR_DEMINDELCOTH_LOW,OR,OR,technology,mapeo_directo,False,DEMINDELCOTH_LOW,identidad,,,OR_ELC003,ELC002,OR_INDOTH_ELC,INDOTH_ELC
DEMINDELCOTH_LOW,SO_DEMINDELCOTH_LOW,SO,SO,technology,mapeo_directo,False,DEMINDELCOTH_LOW,identidad,,,SO_ELC003,ELC002,SO_INDOTH_ELC,INDOTH_ELC
DEMINDELCOTH_MID,AN_DEMINDELCOTH_MID,AN,AN,technology,mapeo_directo,False,DEMINDELCOTH_MID,identidad,,,AN_ELC003,ELC002,AN_INDOTH_ELC,INDOTH_ELC
DEMINDELCOTH_MID,CA_DEMINDELCOTH_MID,CA,CA,technology,mapeo_directo,False,DEMINDELCOTH_MID,identidad,,,CA_ELC003,ELC002,CA_INDOTH_ELC,INDOTH_ELC
DEMINDELCOTH_MID,NE_DEMINDELCOTH_MID,NE,NE,technology,mapeo_directo,False,DEMINDELCOTH_MID,identidad,,,NE_ELC003,ELC002,NE_INDOTH_ELC,INDOTH_ELC
DEMINDELCOTH_MID,OR_DEMINDELCOTH_MID,OR,OR,technology,mapeo_directo,False,DEMINDELCOTH_MID,identidad,,,OR_ELC003,ELC002,OR_INDOTH_ELC,INDOTH_ELC
DEMINDELCOTH_MID,SO_DEMINDELCOTH_MID,SO,SO,technology,mapeo_directo,False,DEMINDELCOTH_MID,identidad,,,SO_ELC003,ELC002,SO_INDOTH_ELC,INDOTH_ELC
DEMINDELCREF_HIG,AN_DEMINDELCREF_HIG,AN,AN,technology,mapeo_directo,False,DEMINDELCREF_HIG,identidad,,,AN_ELC003,ELC002,AN_INDREF,INDREF
DEMINDELCREF_HIG,CA_DEMINDELCREF_HIG,CA,CA,technology,mapeo_directo,False,DEMINDELCREF_HIG,identidad,,,CA_ELC003,ELC002,CA_INDREF,INDREF
DEMINDELCREF_HIG,NE_DEMINDELCREF_HIG,NE,NE,technology,mapeo_directo,False,DEMINDELCREF_HIG,identidad,,,NE_ELC003,ELC002,NE_INDREF,INDREF
DEMINDELCREF_HIG,OR_DEMINDELCREF_HIG,OR,OR,technology,mapeo_directo,False,DEMINDELCREF_HIG,identidad,,,OR_ELC003,ELC002,OR_INDREF,INDREF
DEMINDELCREF_HIG,SO_DEMINDELCREF_HIG,SO,SO,technology,mapeo_directo,False,DEMINDELCREF_HIG,identidad,,,SO_ELC003,ELC002,SO_INDREF,INDREF
DEMINDELCREF_LOW,AN_DEMINDELCREF_LOW,AN,AN,technology,mapeo_directo,False,DEMINDELCREF_LOW,identidad,,,AN_ELC003,ELC002,AN_INDREF,INDREF
DEMINDELCREF_LOW,CA_DEMINDELCREF_LOW,CA,CA,technology,mapeo_directo,False,DEMINDELCREF_LOW,identidad,,,CA_ELC003,ELC002,CA_INDREF,INDREF
DEMINDELCREF_LOW,NE_DEMINDELCREF_LOW,NE,NE,technology,mapeo_directo,False,DEMINDELCREF_LOW,identidad,,,NE_ELC003,ELC002,NE_INDREF,INDREF
DEMINDELCREF_LOW,OR_DEMINDELCREF_LOW,OR,OR,technology,mapeo_directo,False,DEMINDELCREF_LOW,identidad,,,OR_ELC003,ELC002,OR_INDREF,INDREF
DEMINDELCREF_LOW,SO_DEMINDELCREF_LOW,SO,SO,technology,mapeo_directo,False,DEMINDELCREF_LOW,identidad,,,SO_ELC003,ELC002,SO_INDREF,INDREF
DEMINDELCREF_MID,AN_DEMINDELCREF_MID,AN,AN,technology,mapeo_directo,False,DEMINDELCREF_MID,identidad,,,AN_ELC003,ELC002,AN_INDREF,INDREF
DEMINDELCREF_MID,CA_DEMINDELCREF_MID,CA,CA,technology,mapeo_directo,False,DEMINDELCREF_MID,identidad,,,CA_ELC003,ELC002,CA_INDREF,INDREF
DEMINDELCREF_MID,NE_DEMINDELCREF_MID,NE,NE,technology,mapeo_directo,False,DEMINDELCREF_MID,identidad,,,NE_ELC003,ELC002,NE_INDREF,INDREF
DEMINDELCREF_MID,OR_DEMINDELCREF_MID,OR,OR,technology,mapeo_directo,False,DEMINDELCREF_MID,identidad,,,OR_ELC003,ELC002,OR_INDREF,INDREF
DEMINDELCREF_MID,SO_DEMINDELCREF_MID,SO,SO,technology,mapeo_directo,False,DEMINDELCREF_MID,identidad,,,SO_ELC003,ELC002,SO_INDREF,INDREF
DEMINDHDGBOI_HIG,AN_DEMINDHDGBOI_HIG,AN,AN,technology,mapeo_directo,False,DEMINDHDGBOI_HIG,identidad,,,AN_HDG001,HDG,AN_INDIHT,INDIHT
DEMINDHDGBOI_HIG,CA_DEMINDHDGBOI_HIG,CA,CA,technology,mapeo_directo,False,DEMINDHDGBOI_HIG,identidad,,,CA_HDG001,HDG,CA_INDIHT,INDIHT
DEMINDHDGBOI_HIG,NE_DEMINDHDGBOI_HIG,NE,NE,technology,mapeo_directo,False,DEMINDHDGBOI_HIG,identidad,,,NE_HDG001,HDG,NE_INDIHT,INDIHT
DEMINDHDGBOI_HIG,OR_DEMINDHDGBOI_HIG,OR,OR,technology,mapeo_directo,False,DEMINDHDGBOI_HIG,identidad,,,OR_HDG001,HDG,OR_INDIHT,INDIHT
DEMINDHDGBOI_HIG,SO_DEMINDHDGBOI_HIG,SO,SO,technology,mapeo_directo,False,DEMINDHDGBOI_HIG,identidad,,,SO_HDG001,HDG,SO_INDIHT,INDIHT
DEMINDHDGBOI_LOW,AN_DEMINDHDGBOI_LOW,AN,AN,technology,mapeo_directo,False,DEMINDHDGBOI_LOW,identidad,,,AN_HDG001,HDG,AN_INDIHT,INDIHT
DEMINDHDGBOI_LOW,CA_DEMINDHDGBOI_LOW,CA,CA,technology,mapeo_directo,False,DEMINDHDGBOI_LOW,identidad,,,CA_HDG001,HDG,CA_INDIHT,INDIHT
DEMINDHDGBOI_LOW,NE_DEMINDHDGBOI_LOW,NE,NE,technology,mapeo_directo,False,DEMINDHDGBOI_LOW,identidad,,,NE_HDG001,HDG,NE_INDIHT,INDIHT
DEMINDHDGBOI_LOW,OR_DEMINDHDGBOI_LOW,OR,OR,technology,mapeo_directo,False,DEMINDHDGBOI_LOW,identidad,,,OR_HDG001,HDG,OR_INDIHT,INDIHT
DEMINDHDGBOI_LOW,SO_DEMINDHDGBOI_LOW,SO,SO,technology,mapeo_directo,False,DEMINDHDGBOI_LOW,identidad,,,SO_HDG001,HDG,SO_INDIHT,INDIHT
DEMINDLPGBOI_HIG,AN_DEMINDLPGBOI_HIG,AN,AN,technology,mapeo_directo,False,DEMINDLPGBOI_HIG,identidad,,,AN_LPG002,LPG002,AN_INDIHT,INDIHT
DEMINDLPGBOI_HIG,CA_DEMINDLPGBOI_HIG,CA,CA,technology,mapeo_directo,False,DEMINDLPGBOI_HIG,identidad,,,CA_LPG002,LPG002,CA_INDIHT,INDIHT
DEMINDLPGBOI_HIG,NE_DEMINDLPGBOI_HIG,NE,NE,technology,mapeo_directo,False,DEMINDLPGBOI_HIG,identidad,,,NE_LPG002,LPG002,NE_INDIHT,INDIHT
DEMINDLPGBOI_HIG,OR_DEMINDLPGBOI_HIG,OR,OR,technology,mapeo_directo,False,DEMINDLPGBOI_HIG,identidad,,,OR_LPG002,LPG002,OR_INDIHT,INDIHT
DEMINDLPGBOI_HIG,SO_DEMINDLPGBOI_HIG,SO,SO,technology,mapeo_directo,False,DEMINDLPGBOI_HIG,identidad,,,SO_LPG002,LPG002,SO_INDIHT,INDIHT
DEMINDLPGBOI_LOW,AN_DEMINDLPGBOI_LOW,AN,AN,technology,mapeo_directo,False,DEMINDLPGBOI_LOW,identidad,,,AN_LPG002,LPG002,AN_INDIHT,INDIHT
DEMINDLPGBOI_LOW,CA_DEMINDLPGBOI_LOW,CA,CA,technology,mapeo_directo,False,DEMINDLPGBOI_LOW,identidad,,,CA_LPG002,LPG002,CA_INDIHT,INDIHT
DEMINDLPGBOI_LOW,NE_DEMINDLPGBOI_LOW,NE,NE,technology,mapeo_directo,False,DEMINDLPGBOI_LOW,identidad,,,NE_LPG002,LPG002,NE_INDIHT,INDIHT
DEMINDLPGBOI_LOW,OR_DEMINDLPGBOI_LOW,OR,OR,technology,mapeo_directo,False,DEMINDLPGBOI_LOW,identidad,,,OR_LPG002,LPG002,OR_INDIHT,INDIHT
DEMINDLPGBOI_LOW,SO_DEMINDLPGBOI_LOW,SO,SO,technology,mapeo_directo,False,DEMINDLPGBOI_LOW,identidad,,,SO_LPG002,LPG002,SO_INDIHT,INDIHT
DEMINDLPGBOI_MID,AN_DEMINDLPGBOI_MID,AN,AN,technology,mapeo_directo,False,DEMINDLPGBOI_MID,identidad,,,AN_LPG002,LPG002,AN_INDIHT,INDIHT
DEMINDLPGBOI_MID,CA_DEMINDLPGBOI_MID,CA,CA,technology,mapeo_directo,False,DEMINDLPGBOI_MID,identidad,,,CA_LPG002,LPG002,CA_INDIHT,INDIHT
DEMINDLPGBOI_MID,NE_DEMINDLPGBOI_MID,NE,NE,technology,mapeo_directo,False,DEMINDLPGBOI_MID,identidad,,,NE_LPG002,LPG002,NE_INDIHT,INDIHT
DEMINDLPGBOI_MID,OR_DEMINDLPGBOI_MID,OR,OR,technology,mapeo_directo,False,DEMINDLPGBOI_MID,identidad,,,OR_LPG002,LPG002,OR_INDIHT,INDIHT
DEMINDLPGBOI_MID,SO_DEMINDLPGBOI_MID,SO,SO,technology,mapeo_directo,False,DEMINDLPGBOI_MID,identidad,,,SO_LPG002,LPG002,SO_INDIHT,INDIHT
DEMINDLPGFUR_HIG,AN_DEMINDLPGFUR_HIG,AN,AN,technology,mapeo_directo,False,DEMINDLPGFUR_HIG,identidad,,,AN_LPG002,LPG002,AN_INDDHT,INDDHT
DEMINDLPGFUR_HIG,CA_DEMINDLPGFUR_HIG,CA,CA,technology,mapeo_directo,False,DEMINDLPGFUR_HIG,identidad,,,CA_LPG002,LPG002,CA_INDDHT,INDDHT
DEMINDLPGFUR_HIG,NE_DEMINDLPGFUR_HIG,NE,NE,technology,mapeo_directo,False,DEMINDLPGFUR_HIG,identidad,,,NE_LPG002,LPG002,NE_INDDHT,INDDHT
DEMINDLPGFUR_HIG,OR_DEMINDLPGFUR_HIG,OR,OR,technology,mapeo_directo,False,DEMINDLPGFUR_HIG,identidad,,,OR_LPG002,LPG002,OR_INDDHT,INDDHT
DEMINDLPGFUR_HIG,SO_DEMINDLPGFUR_HIG,SO,SO,technology,mapeo_directo,False,DEMINDLPGFUR_HIG,identidad,,,SO_LPG002,LPG002,SO_INDDHT,INDDHT
DEMINDLPGFUR_LOW,AN_DEMINDLPGFUR_LOW,AN,AN,technology,mapeo_directo,False,DEMINDLPGFUR_LOW,identidad,,,AN_LPG002,LPG002,AN_INDDHT,INDDHT
DEMINDLPGFUR_LOW,CA_DEMINDLPGFUR_LOW,CA,CA,technology,mapeo_directo,False,DEMINDLPGFUR_LOW,identidad,,,CA_LPG002,LPG002,CA_INDDHT,INDDHT
DEMINDLPGFUR_LOW,NE_DEMINDLPGFUR_LOW,NE,NE,technology,mapeo_directo,False,DEMINDLPGFUR_LOW,identidad,,,NE_LPG002,LPG002,NE_INDDHT,INDDHT
DEMINDLPGFUR_LOW,OR_DEMINDLPGFUR_LOW,OR,OR,technology,mapeo_directo,False,DEMINDLPGFUR_LOW,identidad,,,OR_LPG002,LPG002,OR_INDDHT,INDDHT
DEMINDLPGFUR_LOW,SO_DEMINDLPGFUR_LOW,SO,SO,technology,mapeo_directo,False,DEMINDLPGFUR_LOW,identidad,,,SO_LPG002,LPG002,SO_INDDHT,INDDHT
DEMINDLPGFUR_MID,AN_DEMINDLPGFUR_MID,AN,AN,technology,mapeo_directo,False,DEMINDLPGFUR_MID,identidad,,,AN_LPG002,LPG002,AN_INDDHT,INDDHT
DEMINDLPGFUR_MID,CA_DEMINDLPGFUR_MID,CA,CA,technology,mapeo_directo,False,DEMINDLPGFUR_MID,identidad,,,CA_LPG002,LPG002,CA_INDDHT,INDDHT
DEMINDLPGFUR_MID,NE_DEMINDLPGFUR_MID,NE,NE,technology,mapeo_directo,False,DEMINDLPGFUR_MID,identidad,,,NE_LPG002,LPG002,NE_INDDHT,INDDHT
DEMINDLPGFUR_MID,OR_DEMINDLPGFUR_MID,OR,OR,technology,mapeo_directo,False,DEMINDLPGFUR_MID,identidad,,,OR_LPG002,LPG002,OR_INDDHT,INDDHT
DEMINDLPGFUR_MID,SO_DEMINDLPGFUR_MID,SO,SO,technology,mapeo_directo,False,DEMINDLPGFUR_MID,identidad,,,SO_LPG002,LPG002,SO_INDDHT,INDDHT
DEMINDNGSBOI_HIG,AN_DEMINDNGSBOI_HIG,AN,AN,technology,mapeo_directo,False,DEMINDNGSBOI_HIG,identidad,,,AN_NGS002,NGS002,AN_INDIHT,INDIHT
DEMINDNGSBOI_HIG,CA_DEMINDNGSBOI_HIG,CA,CA,technology,mapeo_directo,False,DEMINDNGSBOI_HIG,identidad,,,CA_NGS002,NGS002,CA_INDIHT,INDIHT
DEMINDNGSBOI_HIG,NE_DEMINDNGSBOI_HIG,NE,NE,technology,mapeo_directo,False,DEMINDNGSBOI_HIG,identidad,,,NE_NGS002,NGS002,NE_INDIHT,INDIHT
DEMINDNGSBOI_HIG,OR_DEMINDNGSBOI_HIG,OR,OR,technology,mapeo_directo,False,DEMINDNGSBOI_HIG,identidad,,,OR_NGS002,NGS002,OR_INDIHT,INDIHT
DEMINDNGSBOI_HIG,SO_DEMINDNGSBOI_HIG,SO,SO,technology,mapeo_directo,False,DEMINDNGSBOI_HIG,identidad,,,SO_NGS002,NGS002,SO_INDIHT,INDIHT
DEMINDNGSBOI_LOW,AN_DEMINDNGSBOI_LOW,AN,AN,technology,mapeo_directo,False,DEMINDNGSBOI_LOW,identidad,,,AN_NGS002,NGS002,AN_INDIHT,INDIHT
DEMINDNGSBOI_LOW,CA_DEMINDNGSBOI_LOW,CA,CA,technology,mapeo_directo,False,DEMINDNGSBOI_LOW,identidad,,,CA_NGS002,NGS002,CA_INDIHT,INDIHT
DEMINDNGSBOI_LOW,NE_DEMINDNGSBOI_LOW,NE,NE,technology,mapeo_directo,False,DEMINDNGSBOI_LOW,identidad,,,NE_NGS002,NGS002,NE_INDIHT,INDIHT
DEMINDNGSBOI_LOW,OR_DEMINDNGSBOI_LOW,OR,OR,technology,mapeo_directo,False,DEMINDNGSBOI_LOW,identidad,,,OR_NGS002,NGS002,OR_INDIHT,INDIHT
DEMINDNGSBOI_LOW,SO_DEMINDNGSBOI_LOW,SO,SO,technology,mapeo_directo,False,DEMINDNGSBOI_LOW,identidad,,,SO_NGS002,NGS002,SO_INDIHT,INDIHT
DEMINDNGSBOI_MID,AN_DEMINDNGSBOI_MID,AN,AN,technology,mapeo_directo,False,DEMINDNGSBOI_MID,identidad,,,AN_NGS002,NGS002,AN_INDIHT,INDIHT
DEMINDNGSBOI_MID,CA_DEMINDNGSBOI_MID,CA,CA,technology,mapeo_directo,False,DEMINDNGSBOI_MID,identidad,,,CA_NGS002,NGS002,CA_INDIHT,INDIHT
DEMINDNGSBOI_MID,NE_DEMINDNGSBOI_MID,NE,NE,technology,mapeo_directo,False,DEMINDNGSBOI_MID,identidad,,,NE_NGS002,NGS002,NE_INDIHT,INDIHT
DEMINDNGSBOI_MID,OR_DEMINDNGSBOI_MID,OR,OR,technology,mapeo_directo,False,DEMINDNGSBOI_MID,identidad,,,OR_NGS002,NGS002,OR_INDIHT,INDIHT
DEMINDNGSBOI_MID,SO_DEMINDNGSBOI_MID,SO,SO,technology,mapeo_directo,False,DEMINDNGSBOI_MID,identidad,,,SO_NGS002,NGS002,SO_INDIHT,INDIHT
DEMINDNGSFURCSS,AN_DEMINDNGSFURCSS,AN,AN,technology,mapeo_directo,False,DEMINDNGSFURCSS,identidad,,,AN_NGS002,NGS002,AN_INDDHT,INDDHT
DEMINDNGSFURCSS,CA_DEMINDNGSFURCSS,CA,CA,technology,mapeo_directo,False,DEMINDNGSFURCSS,identidad,,,CA_NGS002,NGS002,CA_INDDHT,INDDHT
DEMINDNGSFURCSS,NE_DEMINDNGSFURCSS,NE,NE,technology,mapeo_directo,False,DEMINDNGSFURCSS,identidad,,,NE_NGS002,NGS002,NE_INDDHT,INDDHT
DEMINDNGSFURCSS,OR_DEMINDNGSFURCSS,OR,OR,technology,mapeo_directo,False,DEMINDNGSFURCSS,identidad,,,OR_NGS002,NGS002,OR_INDDHT,INDDHT
DEMINDNGSFURCSS,SO_DEMINDNGSFURCSS,SO,SO,technology,mapeo_directo,False,DEMINDNGSFURCSS,identidad,,,SO_NGS002,NGS002,SO_INDDHT,INDDHT
DEMINDNGSFUR_HIG,AN_DEMINDNGSFUR_HIG,AN,AN,technology,mapeo_directo,False,DEMINDNGSFUR_HIG,identidad,,,AN_NGS002,NGS002,AN_INDDHT,INDDHT
DEMINDNGSFUR_HIG,CA_DEMINDNGSFUR_HIG,CA,CA,technology,mapeo_directo,False,DEMINDNGSFUR_HIG,identidad,,,CA_NGS002,NGS002,CA_INDDHT,INDDHT
DEMINDNGSFUR_HIG,NE_DEMINDNGSFUR_HIG,NE,NE,technology,mapeo_directo,False,DEMINDNGSFUR_HIG,identidad,,,NE_NGS002,NGS002,NE_INDDHT,INDDHT
DEMINDNGSFUR_HIG,OR_DEMINDNGSFUR_HIG,OR,OR,technology,mapeo_directo,False,DEMINDNGSFUR_HIG,identidad,,,OR_NGS002,NGS002,OR_INDDHT,INDDHT
DEMINDNGSFUR_HIG,SO_DEMINDNGSFUR_HIG,SO,SO,technology,mapeo_directo,False,DEMINDNGSFUR_HIG,identidad,,,SO_NGS002,NGS002,SO_INDDHT,INDDHT
DEMINDNGSFUR_LOW,AN_DEMINDNGSFUR_LOW,AN,AN,technology,mapeo_directo,False,DEMINDNGSFUR_LOW,identidad,,,AN_NGS002,NGS002,AN_INDDHT,INDDHT
DEMINDNGSFUR_LOW,CA_DEMINDNGSFUR_LOW,CA,CA,technology,mapeo_directo,False,DEMINDNGSFUR_LOW,identidad,,,CA_NGS002,NGS002,CA_INDDHT,INDDHT
DEMINDNGSFUR_LOW,NE_DEMINDNGSFUR_LOW,NE,NE,technology,mapeo_directo,False,DEMINDNGSFUR_LOW,identidad,,,NE_NGS002,NGS002,NE_INDDHT,INDDHT
DEMINDNGSFUR_LOW,OR_DEMINDNGSFUR_LOW,OR,OR,technology,mapeo_directo,False,DEMINDNGSFUR_LOW,identidad,,,OR_NGS002,NGS002,OR_INDDHT,INDDHT
DEMINDNGSFUR_LOW,SO_DEMINDNGSFUR_LOW,SO,SO,technology,mapeo_directo,False,DEMINDNGSFUR_LOW,identidad,,,SO_NGS002,NGS002,SO_INDDHT,INDDHT
DEMINDNGSFUR_MID,AN_DEMINDNGSFUR_MID,AN,AN,technology,mapeo_directo,False,DEMINDNGSFUR_MID,identidad,,,AN_NGS002,NGS002,AN_INDDHT,INDDHT
DEMINDNGSFUR_MID,CA_DEMINDNGSFUR_MID,CA,CA,technology,mapeo_directo,False,DEMINDNGSFUR_MID,identidad,,,CA_NGS002,NGS002,CA_INDDHT,INDDHT
DEMINDNGSFUR_MID,NE_DEMINDNGSFUR_MID,NE,NE,technology,mapeo_directo,False,DEMINDNGSFUR_MID,identidad,,,NE_NGS002,NGS002,NE_INDDHT,INDDHT
DEMINDNGSFUR_MID,OR_DEMINDNGSFUR_MID,OR,OR,technology,mapeo_directo,False,DEMINDNGSFUR_MID,identidad,,,OR_NGS002,NGS002,OR_INDDHT,INDDHT
DEMINDNGSFUR_MID,SO_DEMINDNGSFUR_MID,SO,SO,technology,mapeo_directo,False,DEMINDNGSFUR_MID,identidad,,,SO_NGS002,NGS002,SO_INDDHT,INDDHT
DEMINDWASBOI_HIG,AN_DEMINDWASBOI_HIG,AN,AN,technology,mapeo_directo,False,DEMINDWASBOI_HIG,identidad,,,AN_WAS,WAS,AN_INDIHT,INDIHT
DEMINDWASBOI_HIG,CA_DEMINDWASBOI_HIG,CA,CA,technology,mapeo_directo,False,DEMINDWASBOI_HIG,identidad,,,CA_WAS,WAS,CA_INDIHT,INDIHT
DEMINDWASBOI_HIG,NE_DEMINDWASBOI_HIG,NE,NE,technology,mapeo_directo,False,DEMINDWASBOI_HIG,identidad,,,NE_WAS,WAS,NE_INDIHT,INDIHT
DEMINDWASBOI_HIG,OR_DEMINDWASBOI_HIG,OR,OR,technology,mapeo_directo,False,DEMINDWASBOI_HIG,identidad,,,OR_WAS,WAS,OR_INDIHT,INDIHT
DEMINDWASBOI_HIG,SO_DEMINDWASBOI_HIG,SO,SO,technology,mapeo_directo,False,DEMINDWASBOI_HIG,identidad,,,SO_WAS,WAS,SO_INDIHT,INDIHT
DEMINDWASBOI_LOW,AN_DEMINDWASBOI_LOW,AN,AN,technology,mapeo_directo,False,DEMINDWASBOI_LOW,identidad,,,AN_WAS,WAS,AN_INDIHT,INDIHT
DEMINDWASBOI_LOW,CA_DEMINDWASBOI_LOW,CA,CA,technology,mapeo_directo,False,DEMINDWASBOI_LOW,identidad,,,CA_WAS,WAS,CA_INDIHT,INDIHT
DEMINDWASBOI_LOW,NE_DEMINDWASBOI_LOW,NE,NE,technology,mapeo_directo,False,DEMINDWASBOI_LOW,identidad,,,NE_WAS,WAS,NE_INDIHT,INDIHT
DEMINDWASBOI_LOW,OR_DEMINDWASBOI_LOW,OR,OR,technology,mapeo_directo,False,DEMINDWASBOI_LOW,identidad,,,OR_WAS,WAS,OR_INDIHT,INDIHT
DEMINDWASBOI_LOW,SO_DEMINDWASBOI_LOW,SO,SO,technology,mapeo_directo,False,DEMINDWASBOI_LOW,identidad,,,SO_WAS,WAS,SO_INDIHT,INDIHT
DEMINDWASBOI_MID,AN_DEMINDWASBOI_MID,AN,AN,technology,mapeo_directo,False,DEMINDWASBOI_MID,identidad,,,AN_WAS,WAS,AN_INDIHT,INDIHT
DEMINDWASBOI_MID,CA_DEMINDWASBOI_MID,CA,CA,technology,mapeo_directo,False,DEMINDWASBOI_MID,identidad,,,CA_WAS,WAS,CA_INDIHT,INDIHT
DEMINDWASBOI_MID,NE_DEMINDWASBOI_MID,NE,NE,technology,mapeo_directo,False,DEMINDWASBOI_MID,identidad,,,NE_WAS,WAS,NE_INDIHT,INDIHT
DEMINDWASBOI_MID,OR_DEMINDWASBOI_MID,OR,OR,technology,mapeo_directo,False,DEMINDWASBOI_MID,identidad,,,OR_WAS,WAS,OR_INDIHT,INDIHT
DEMINDWASBOI_MID,SO_DEMINDWASBOI_MID,SO,SO,technology,mapeo_directo,False,DEMINDWASBOI_MID,identidad,,,SO_WAS,WAS,SO_INDIHT,INDIHT
DEMINDWASFUR_HIG,AN_DEMINDWASFUR_HIG,AN,AN,technology,mapeo_directo,False,DEMINDWASFUR_HIG,identidad,,,AN_WAS,WAS,AN_INDDHT,INDDHT
DEMINDWASFUR_HIG,CA_DEMINDWASFUR_HIG,CA,CA,technology,mapeo_directo,False,DEMINDWASFUR_HIG,identidad,,,CA_WAS,WAS,CA_INDDHT,INDDHT
DEMINDWASFUR_HIG,NE_DEMINDWASFUR_HIG,NE,NE,technology,mapeo_directo,False,DEMINDWASFUR_HIG,identidad,,,NE_WAS,WAS,NE_INDDHT,INDDHT
DEMINDWASFUR_HIG,OR_DEMINDWASFUR_HIG,OR,OR,technology,mapeo_directo,False,DEMINDWASFUR_HIG,identidad,,,OR_WAS,WAS,OR_INDDHT,INDDHT
DEMINDWASFUR_HIG,SO_DEMINDWASFUR_HIG,SO,SO,technology,mapeo_directo,False,DEMINDWASFUR_HIG,identidad,,,SO_WAS,WAS,SO_INDDHT,INDDHT
DEMINDWASFUR_LOW,AN_DEMINDWASFUR_LOW,AN,AN,technology,mapeo_directo,False,DEMINDWASFUR_LOW,identidad,,,AN_WAS,WAS,AN_INDDHT,INDDHT
DEMINDWASFUR_LOW,CA_DEMINDWASFUR_LOW,CA,CA,technology,mapeo_directo,False,DEMINDWASFUR_LOW,identidad,,,CA_WAS,WAS,CA_INDDHT,INDDHT
DEMINDWASFUR_LOW,NE_DEMINDWASFUR_LOW,NE,NE,technology,mapeo_directo,False,DEMINDWASFUR_LOW,identidad,,,NE_WAS,WAS,NE_INDDHT,INDDHT
DEMINDWASFUR_LOW,OR_DEMINDWASFUR_LOW,OR,OR,technology,mapeo_directo,False,DEMINDWASFUR_LOW,identidad,,,OR_WAS,WAS,OR_INDDHT,INDDHT
DEMINDWASFUR_LOW,SO_DEMINDWASFUR_LOW,SO,SO,technology,mapeo_directo,False,DEMINDWASFUR_LOW,identidad,,,SO_WAS,WAS,SO_INDDHT,INDDHT
DEMINDWASFUR_MID,AN_DEMINDWASFUR_MID,AN,AN,technology,mapeo_directo,False,DEMINDWASFUR_MID,identidad,,,AN_WAS,WAS,AN_INDDHT,INDDHT
DEMINDWASFUR_MID,CA_DEMINDWASFUR_MID,CA,CA,technology,mapeo_directo,False,DEMINDWASFUR_MID,identidad,,,CA_WAS,WAS,CA_INDDHT,INDDHT
DEMINDWASFUR_MID,NE_DEMINDWASFUR_MID,NE,NE,technology,mapeo_directo,False,DEMINDWASFUR_MID,identidad,,,NE_WAS,WAS,NE_INDDHT,INDDHT
DEMINDWASFUR_MID,OR_DEMINDWASFUR_MID,OR,OR,technology,mapeo_directo,False,DEMINDWASFUR_MID,identidad,,,OR_WAS,WAS,OR_INDDHT,INDDHT
DEMINDWASFUR_MID,SO_DEMINDWASFUR_MID,SO,SO,technology,mapeo_directo,False,DEMINDWASFUR_MID,identidad,,,SO_WAS,WAS,SO_INDDHT,INDDHT
DEMMINIDSL,AN_DEMMINIDSL,AN,AN,technology,mapeo_directo,False,DEMMINIDSL,identidad,,,AN_DSL002,DSL,AN_MINIDSL,MINIDSL
DEMMINIDSL,CA_DEMMINIDSL,CA,CA,technology,mapeo_directo,False,DEMMINIDSL,identidad,,,CA_DSL002,DSL,CA_MINIDSL,MINIDSL
DEMMINIDSL,NE_DEMMINIDSL,NE,NE,technology,mapeo_directo,False,DEMMINIDSL,identidad,,,NE_DSL002,DSL,NE_MINIDSL,MINIDSL
DEMMINIDSL,OR_DEMMINIDSL,OR,OR,technology,mapeo_directo,False,DEMMINIDSL,identidad,,,OR_DSL002,DSL,OR_MINIDSL,MINIDSL
DEMMINIDSL,SO_DEMMINIDSL,SO,SO,technology,mapeo_directo,False,DEMMINIDSL,identidad,,,SO_DSL002,DSL,SO_MINIDSL,MINIDSL
DEMMINIELC,AN_DEMMINIELC,AN,AN,technology,mapeo_directo,False,DEMMINIELC,identidad,,,AN_ELC003,ELC002,AN_MINIELC,MINIELC
DEMMINIELC,CA_DEMMINIELC,CA,CA,technology,mapeo_directo,False,DEMMINIELC,identidad,,,CA_ELC003,ELC002,CA_MINIELC,MINIELC
DEMMINIELC,NE_DEMMINIELC,NE,NE,technology,mapeo_directo,False,DEMMINIELC,identidad,,,NE_ELC003,ELC002,NE_MINIELC,MINIELC
DEMMINIELC,OR_DEMMINIELC,OR,OR,technology,mapeo_directo,False,DEMMINIELC,identidad,,,OR_ELC003,ELC002,OR_MINIELC,MINIELC
DEMMINIELC,SO_DEMMINIELC,SO,SO,technology,mapeo_directo,False,DEMMINIELC,identidad,,,SO_ELC003,ELC002,SO_MINIELC,MINIELC
DEMMINIGSL,AN_DEMMINIGSL,AN,AN,technology,mapeo_directo,False,DEMMINIGSL,identidad,,,AN_GSL002,GSL,AN_MINIGSL,GSL022
DEMMINIGSL,CA_DEMMINIGSL,CA,CA,technology,mapeo_directo,False,DEMMINIGSL,identidad,,,CA_GSL002,GSL,CA_MINIGSL,GSL022
DEMMINIGSL,NE_DEMMINIGSL,NE,NE,technology,mapeo_directo,False,DEMMINIGSL,identidad,,,NE_GSL002,GSL,NE_MINIGSL,GSL022
DEMMINIGSL,OR_DEMMINIGSL,OR,OR,technology,mapeo_directo,False,DEMMINIGSL,identidad,,,OR_GSL002,GSL,OR_MINIGSL,GSL022
DEMMINIGSL,SO_DEMMINIGSL,SO,SO,technology,mapeo_directo,False,DEMMINIGSL,identidad,,,SO_GSL002,GSL,SO_MINIGSL,GSL022
DEMMININGS,AN_DEMMININGS,AN,AN,technology,mapeo_directo,False,DEMMININGS,identidad,,,AN_NGS002,NGS002,AN_MININGS,MININGS
DEMMININGS,CA_DEMMININGS,CA,CA,technology,mapeo_directo,False,DEMMININGS,identidad,,,CA_NGS002,NGS002,CA_MININGS,MININGS
DEMMININGS,NE_DEMMININGS,NE,NE,technology,mapeo_directo,False,DEMMININGS,identidad,,,NE_NGS002,NGS002,NE_MININGS,MININGS
DEMMININGS,OR_DEMMININGS,OR,OR,technology,mapeo_directo,False,DEMMININGS,identidad,,,OR_NGS002,NGS002,OR_MININGS,MININGS
DEMMININGS,SO_DEMMININGS,SO,SO,technology,mapeo_directo,False,DEMMININGS,identidad,,,SO_NGS002,NGS002,SO_MININGS,MININGS
DEMNGSAUT,AN_DEMNGSAUT,AN,AN,technology,mapeo_directo,False,DEMNGSAUT,identidad,,,AN_NGS002,NGS002,AN_NGSAUT,NGSAUT
DEMNGSAUT,CA_DEMNGSAUT,CA,CA,technology,mapeo_directo,False,DEMNGSAUT,identidad,,,CA_NGS002,NGS002,CA_NGSAUT,NGSAUT
DEMNGSAUT,NE_DEMNGSAUT,NE,NE,technology,mapeo_directo,False,DEMNGSAUT,identidad,,,NE_NGS002,NGS002,NE_NGSAUT,NGSAUT
DEMNGSAUT,OR_DEMNGSAUT,OR,OR,technology,mapeo_directo,False,DEMNGSAUT,identidad,,,OR_NGS002,NGS002,OR_NGSAUT,NGSAUT
DEMNGSAUT,SO_DEMNGSAUT,SO,SO,technology,mapeo_directo,False,DEMNGSAUT,identidad,,,SO_NGS002,NGS002,SO_NGSAUT,NGSAUT
DEMNSEELC,AN_DEMNSEELC,AN,AN,technology,mapeo_directo,False,DEMNSEELC,identidad,,,AN_ELC003,ELC002,AN_NSEELC,NSEELC
DEMNSEELC,CA_DEMNSEELC,CA,CA,technology,mapeo_directo,False,DEMNSEELC,identidad,,,CA_ELC003,ELC002,CA_NSEELC,NSEELC
DEMNSEELC,NE_DEMNSEELC,NE,NE,technology,mapeo_directo,False,DEMNSEELC,identidad,,,NE_ELC003,ELC002,NE_NSEELC,NSEELC
DEMNSEELC,OR_DEMNSEELC,OR,OR,technology,mapeo_directo,False,DEMNSEELC,identidad,,,OR_ELC003,ELC002,OR_NSEELC,NSEELC
DEMNSEELC,SO_DEMNSEELC,SO,SO,technology,mapeo_directo,False,DEMNSEELC,identidad,,,SO_ELC003,ELC002,SO_NSEELC,NSEELC
DEMRESBGSCKN_MID_RUR,AN_DEMRESBGSCKN_MID_RUR,AN,AN,technology,mapeo_directo,False,DEMRESBGSCKN_MID_RUR,identidad,,,AN_BGS,BGS,AN_RESDHT_RUR,RESDHT_RUR
DEMRESBGSCKN_MID_RUR,CA_DEMRESBGSCKN_MID_RUR,CA,CA,technology,mapeo_directo,False,DEMRESBGSCKN_MID_RUR,identidad,,,CA_BGS,BGS,CA_RESDHT_RUR,RESDHT_RUR
DEMRESBGSCKN_MID_RUR,NE_DEMRESBGSCKN_MID_RUR,NE,NE,technology,mapeo_directo,False,DEMRESBGSCKN_MID_RUR,identidad,,,NE_BGS,BGS,NE_RESDHT_RUR,RESDHT_RUR
DEMRESBGSCKN_MID_RUR,OR_DEMRESBGSCKN_MID_RUR,OR,OR,technology,mapeo_directo,False,DEMRESBGSCKN_MID_RUR,identidad,,,OR_BGS,BGS,OR_RESDHT_RUR,RESDHT_RUR
DEMRESBGSCKN_MID_RUR,SO_DEMRESBGSCKN_MID_RUR,SO,SO,technology,mapeo_directo,False,DEMRESBGSCKN_MID_RUR,identidad,,,SO_BGS,BGS,SO_RESDHT_RUR,RESDHT_RUR
DEMRESELCAIR_PAR_HIG_RUR,AN_DEMRESELCAIR_PAR_HIG_RUR,AN,AN,technology,mapeo_directo,False,DEMRESELCAIR_PAR_HIG_RUR,identidad,,,AN_ELC003,ELC002,AN_RESCLIM_RUR,RESCLIM_RUR
DEMRESELCAIR_PAR_HIG_RUR,CA_DEMRESELCAIR_PAR_HIG_RUR,CA,CA,technology,mapeo_directo,False,DEMRESELCAIR_PAR_HIG_RUR,identidad,,,CA_ELC003,ELC002,CA_RESCLIM_RUR,RESCLIM_RUR
DEMRESELCAIR_PAR_HIG_RUR,NE_DEMRESELCAIR_PAR_HIG_RUR,NE,NE,technology,mapeo_directo,False,DEMRESELCAIR_PAR_HIG_RUR,identidad,,,NE_ELC003,ELC002,NE_RESCLIM_RUR,RESCLIM_RUR
DEMRESELCAIR_PAR_HIG_RUR,OR_DEMRESELCAIR_PAR_HIG_RUR,OR,OR,technology,mapeo_directo,False,DEMRESELCAIR_PAR_HIG_RUR,identidad,,,OR_ELC003,ELC002,OR_RESCLIM_RUR,RESCLIM_RUR
DEMRESELCAIR_PAR_HIG_RUR,SO_DEMRESELCAIR_PAR_HIG_RUR,SO,SO,technology,mapeo_directo,False,DEMRESELCAIR_PAR_HIG_RUR,identidad,,,SO_ELC003,ELC002,SO_RESCLIM_RUR,RESCLIM_RUR
DEMRESELCAIR_PAR_LOW_RUR,AN_DEMRESELCAIR_PAR_LOW_RUR,AN,AN,technology,mapeo_directo,False,DEMRESELCAIR_PAR_LOW_RUR,identidad,,,AN_ELC003,ELC002,AN_RESCLIM_RUR,RESCLIM_RUR
DEMRESELCAIR_PAR_LOW_RUR,CA_DEMRESELCAIR_PAR_LOW_RUR,CA,CA,technology,mapeo_directo,False,DEMRESELCAIR_PAR_LOW_RUR,identidad,,,CA_ELC003,ELC002,CA_RESCLIM_RUR,RESCLIM_RUR
DEMRESELCAIR_PAR_LOW_RUR,NE_DEMRESELCAIR_PAR_LOW_RUR,NE,NE,technology,mapeo_directo,False,DEMRESELCAIR_PAR_LOW_RUR,identidad,,,NE_ELC003,ELC002,NE_RESCLIM_RUR,RESCLIM_RUR
DEMRESELCAIR_PAR_LOW_RUR,OR_DEMRESELCAIR_PAR_LOW_RUR,OR,OR,technology,mapeo_directo,False,DEMRESELCAIR_PAR_LOW_RUR,identidad,,,OR_ELC003,ELC002,OR_RESCLIM_RUR,RESCLIM_RUR
DEMRESELCAIR_PAR_LOW_RUR,SO_DEMRESELCAIR_PAR_LOW_RUR,SO,SO,technology,mapeo_directo,False,DEMRESELCAIR_PAR_LOW_RUR,identidad,,,SO_ELC003,ELC002,SO_RESCLIM_RUR,RESCLIM_RUR
DEMRESELCAIR_PAR_LOW_URB,AN_DEMRESELCAIR_PAR_LOW_URB,AN,AN,technology,mapeo_directo,False,DEMRESELCAIR_PAR_LOW_URB,identidad,,,AN_ELC003,ELC002,AN_RESCLIM_URB,RESCLIM_URB
DEMRESELCAIR_PAR_LOW_URB,CA_DEMRESELCAIR_PAR_LOW_URB,CA,CA,technology,mapeo_directo,False,DEMRESELCAIR_PAR_LOW_URB,identidad,,,CA_ELC003,ELC002,CA_RESCLIM_URB,RESCLIM_URB
DEMRESELCAIR_PAR_LOW_URB,NE_DEMRESELCAIR_PAR_LOW_URB,NE,NE,technology,mapeo_directo,False,DEMRESELCAIR_PAR_LOW_URB,identidad,,,NE_ELC003,ELC002,NE_RESCLIM_URB,RESCLIM_URB
DEMRESELCAIR_PAR_LOW_URB,OR_DEMRESELCAIR_PAR_LOW_URB,OR,OR,technology,mapeo_directo,False,DEMRESELCAIR_PAR_LOW_URB,identidad,,,OR_ELC003,ELC002,OR_RESCLIM_URB,RESCLIM_URB
DEMRESELCAIR_PAR_LOW_URB,SO_DEMRESELCAIR_PAR_LOW_URB,SO,SO,technology,mapeo_directo,False,DEMRESELCAIR_PAR_LOW_URB,identidad,,,SO_ELC003,ELC002,SO_RESCLIM_URB,RESCLIM_URB
DEMRESELCAIR_PAR_MID_RUR,AN_DEMRESELCAIR_PAR_MID_RUR,AN,AN,technology,mapeo_directo,False,DEMRESELCAIR_PAR_MID_RUR,identidad,,,AN_ELC003,ELC002,AN_RESCLIM_RUR,RESCLIM_RUR
DEMRESELCAIR_PAR_MID_RUR,CA_DEMRESELCAIR_PAR_MID_RUR,CA,CA,technology,mapeo_directo,False,DEMRESELCAIR_PAR_MID_RUR,identidad,,,CA_ELC003,ELC002,CA_RESCLIM_RUR,RESCLIM_RUR
DEMRESELCAIR_PAR_MID_RUR,NE_DEMRESELCAIR_PAR_MID_RUR,NE,NE,technology,mapeo_directo,False,DEMRESELCAIR_PAR_MID_RUR,identidad,,,NE_ELC003,ELC002,NE_RESCLIM_RUR,RESCLIM_RUR
DEMRESELCAIR_PAR_MID_RUR,OR_DEMRESELCAIR_PAR_MID_RUR,OR,OR,technology,mapeo_directo,False,DEMRESELCAIR_PAR_MID_RUR,identidad,,,OR_ELC003,ELC002,OR_RESCLIM_RUR,RESCLIM_RUR
DEMRESELCAIR_PAR_MID_RUR,SO_DEMRESELCAIR_PAR_MID_RUR,SO,SO,technology,mapeo_directo,False,DEMRESELCAIR_PAR_MID_RUR,identidad,,,SO_ELC003,ELC002,SO_RESCLIM_RUR,RESCLIM_RUR
DEMRESELCAIR_PAR_MID_URB,AN_DEMRESELCAIR_PAR_MID_URB,AN,AN,technology,mapeo_directo,False,DEMRESELCAIR_PAR_MID_URB,identidad,,,AN_ELC003,ELC002,AN_RESCLIM_URB,RESCLIM_URB
DEMRESELCAIR_PAR_MID_URB,CA_DEMRESELCAIR_PAR_MID_URB,CA,CA,technology,mapeo_directo,False,DEMRESELCAIR_PAR_MID_URB,identidad,,,CA_ELC003,ELC002,CA_RESCLIM_URB,RESCLIM_URB
DEMRESELCAIR_PAR_MID_URB,NE_DEMRESELCAIR_PAR_MID_URB,NE,NE,technology,mapeo_directo,False,DEMRESELCAIR_PAR_MID_URB,identidad,,,NE_ELC003,ELC002,NE_RESCLIM_URB,RESCLIM_URB
DEMRESELCAIR_PAR_MID_URB,OR_DEMRESELCAIR_PAR_MID_URB,OR,OR,technology,mapeo_directo,False,DEMRESELCAIR_PAR_MID_URB,identidad,,,OR_ELC003,ELC002,OR_RESCLIM_URB,RESCLIM_URB
DEMRESELCAIR_PAR_MID_URB,SO_DEMRESELCAIR_PAR_MID_URB,SO,SO,technology,mapeo_directo,False,DEMRESELCAIR_PAR_MID_URB,identidad,,,SO_ELC003,ELC002,SO_RESCLIM_URB,RESCLIM_URB
DEMRESELCAIR_POR_HIG_RUR,AN_DEMRESELCAIR_POR_HIG_RUR,AN,AN,technology,mapeo_directo,False,DEMRESELCAIR_POR_HIG_RUR,identidad,,,AN_ELC003,ELC002,AN_RESCLIM_RUR,RESCLIM_RUR
DEMRESELCAIR_POR_HIG_RUR,CA_DEMRESELCAIR_POR_HIG_RUR,CA,CA,technology,mapeo_directo,False,DEMRESELCAIR_POR_HIG_RUR,identidad,,,CA_ELC003,ELC002,CA_RESCLIM_RUR,RESCLIM_RUR
DEMRESELCAIR_POR_HIG_RUR,NE_DEMRESELCAIR_POR_HIG_RUR,NE,NE,technology,mapeo_directo,False,DEMRESELCAIR_POR_HIG_RUR,identidad,,,NE_ELC003,ELC002,NE_RESCLIM_RUR,RESCLIM_RUR
DEMRESELCAIR_POR_HIG_RUR,OR_DEMRESELCAIR_POR_HIG_RUR,OR,OR,technology,mapeo_directo,False,DEMRESELCAIR_POR_HIG_RUR,identidad,,,OR_ELC003,ELC002,OR_RESCLIM_RUR,RESCLIM_RUR
DEMRESELCAIR_POR_HIG_RUR,SO_DEMRESELCAIR_POR_HIG_RUR,SO,SO,technology,mapeo_directo,False,DEMRESELCAIR_POR_HIG_RUR,identidad,,,SO_ELC003,ELC002,SO_RESCLIM_RUR,RESCLIM_RUR
DEMRESELCAIR_POR_HIG_URB,AN_DEMRESELCAIR_POR_HIG_URB,AN,AN,technology,mapeo_directo,False,DEMRESELCAIR_POR_HIG_URB,identidad,,,AN_ELC003,ELC002,AN_RESCLIM_URB,RESCLIM_URB
DEMRESELCAIR_POR_HIG_URB,CA_DEMRESELCAIR_POR_HIG_URB,CA,CA,technology,mapeo_directo,False,DEMRESELCAIR_POR_HIG_URB,identidad,,,CA_ELC003,ELC002,CA_RESCLIM_URB,RESCLIM_URB
DEMRESELCAIR_POR_HIG_URB,NE_DEMRESELCAIR_POR_HIG_URB,NE,NE,technology,mapeo_directo,False,DEMRESELCAIR_POR_HIG_URB,identidad,,,NE_ELC003,ELC002,NE_RESCLIM_URB,RESCLIM_URB
DEMRESELCAIR_POR_HIG_URB,OR_DEMRESELCAIR_POR_HIG_URB,OR,OR,technology,mapeo_directo,False,DEMRESELCAIR_POR_HIG_URB,identidad,,,OR_ELC003,ELC002,OR_RESCLIM_URB,RESCLIM_URB
DEMRESELCAIR_POR_HIG_URB,SO_DEMRESELCAIR_POR_HIG_URB,SO,SO,technology,mapeo_directo,False,DEMRESELCAIR_POR_HIG_URB,identidad,,,SO_ELC003,ELC002,SO_RESCLIM_URB,RESCLIM_URB
DEMRESELCAIR_POR_LOW_RUR,AN_DEMRESELCAIR_POR_LOW_RUR,AN,AN,technology,mapeo_directo,False,DEMRESELCAIR_POR_LOW_RUR,identidad,,,AN_ELC003,ELC002,AN_RESCLIM_RUR,RESCLIM_RUR
DEMRESELCAIR_POR_LOW_RUR,CA_DEMRESELCAIR_POR_LOW_RUR,CA,CA,technology,mapeo_directo,False,DEMRESELCAIR_POR_LOW_RUR,identidad,,,CA_ELC003,ELC002,CA_RESCLIM_RUR,RESCLIM_RUR
DEMRESELCAIR_POR_LOW_RUR,NE_DEMRESELCAIR_POR_LOW_RUR,NE,NE,technology,mapeo_directo,False,DEMRESELCAIR_POR_LOW_RUR,identidad,,,NE_ELC003,ELC002,NE_RESCLIM_RUR,RESCLIM_RUR
DEMRESELCAIR_POR_LOW_RUR,OR_DEMRESELCAIR_POR_LOW_RUR,OR,OR,technology,mapeo_directo,False,DEMRESELCAIR_POR_LOW_RUR,identidad,,,OR_ELC003,ELC002,OR_RESCLIM_RUR,RESCLIM_RUR
DEMRESELCAIR_POR_LOW_RUR,SO_DEMRESELCAIR_POR_LOW_RUR,SO,SO,technology,mapeo_directo,False,DEMRESELCAIR_POR_LOW_RUR,identidad,,,SO_ELC003,ELC002,SO_RESCLIM_RUR,RESCLIM_RUR
DEMRESELCAIR_POR_LOW_URB,AN_DEMRESELCAIR_POR_LOW_URB,AN,AN,technology,mapeo_directo,False,DEMRESELCAIR_POR_LOW_URB,identidad,,,AN_ELC003,ELC002,AN_RESCLIM_URB,RESCLIM_URB
DEMRESELCAIR_POR_LOW_URB,CA_DEMRESELCAIR_POR_LOW_URB,CA,CA,technology,mapeo_directo,False,DEMRESELCAIR_POR_LOW_URB,identidad,,,CA_ELC003,ELC002,CA_RESCLIM_URB,RESCLIM_URB
DEMRESELCAIR_POR_LOW_URB,NE_DEMRESELCAIR_POR_LOW_URB,NE,NE,technology,mapeo_directo,False,DEMRESELCAIR_POR_LOW_URB,identidad,,,NE_ELC003,ELC002,NE_RESCLIM_URB,RESCLIM_URB
DEMRESELCAIR_POR_LOW_URB,OR_DEMRESELCAIR_POR_LOW_URB,OR,OR,technology,mapeo_directo,False,DEMRESELCAIR_POR_LOW_URB,identidad,,,OR_ELC003,ELC002,OR_RESCLIM_URB,RESCLIM_URB
DEMRESELCAIR_POR_LOW_URB,SO_DEMRESELCAIR_POR_LOW_URB,SO,SO,technology,mapeo_directo,False,DEMRESELCAIR_POR_LOW_URB,identidad,,,SO_ELC003,ELC002,SO_RESCLIM_URB,RESCLIM_URB
DEMRESELCAIR_POR_MID_RUR,AN_DEMRESELCAIR_POR_MID_RUR,AN,AN,technology,mapeo_directo,False,DEMRESELCAIR_POR_MID_RUR,identidad,,,AN_ELC003,ELC002,AN_RESCLIM_RUR,RESCLIM_RUR
DEMRESELCAIR_POR_MID_RUR,CA_DEMRESELCAIR_POR_MID_RUR,CA,CA,technology,mapeo_directo,False,DEMRESELCAIR_POR_MID_RUR,identidad,,,CA_ELC003,ELC002,CA_RESCLIM_RUR,RESCLIM_RUR
DEMRESELCAIR_POR_MID_RUR,NE_DEMRESELCAIR_POR_MID_RUR,NE,NE,technology,mapeo_directo,False,DEMRESELCAIR_POR_MID_RUR,identidad,,,NE_ELC003,ELC002,NE_RESCLIM_RUR,RESCLIM_RUR
DEMRESELCAIR_POR_MID_RUR,OR_DEMRESELCAIR_POR_MID_RUR,OR,OR,technology,mapeo_directo,False,DEMRESELCAIR_POR_MID_RUR,identidad,,,OR_ELC003,ELC002,OR_RESCLIM_RUR,RESCLIM_RUR
DEMRESELCAIR_POR_MID_RUR,SO_DEMRESELCAIR_POR_MID_RUR,SO,SO,technology,mapeo_directo,False,DEMRESELCAIR_POR_MID_RUR,identidad,,,SO_ELC003,ELC002,SO_RESCLIM_RUR,RESCLIM_RUR
DEMRESELCAIR_POR_MID_URB,AN_DEMRESELCAIR_POR_MID_URB,AN,AN,technology,mapeo_directo,False,DEMRESELCAIR_POR_MID_URB,identidad,,,AN_ELC003,ELC002,AN_RESCLIM_URB,RESCLIM_URB
DEMRESELCAIR_POR_MID_URB,CA_DEMRESELCAIR_POR_MID_URB,CA,CA,technology,mapeo_directo,False,DEMRESELCAIR_POR_MID_URB,identidad,,,CA_ELC003,ELC002,CA_RESCLIM_URB,RESCLIM_URB
DEMRESELCAIR_POR_MID_URB,NE_DEMRESELCAIR_POR_MID_URB,NE,NE,technology,mapeo_directo,False,DEMRESELCAIR_POR_MID_URB,identidad,,,NE_ELC003,ELC002,NE_RESCLIM_URB,RESCLIM_URB
DEMRESELCAIR_POR_MID_URB,OR_DEMRESELCAIR_POR_MID_URB,OR,OR,technology,mapeo_directo,False,DEMRESELCAIR_POR_MID_URB,identidad,,,OR_ELC003,ELC002,OR_RESCLIM_URB,RESCLIM_URB
DEMRESELCAIR_POR_MID_URB,SO_DEMRESELCAIR_POR_MID_URB,SO,SO,technology,mapeo_directo,False,DEMRESELCAIR_POR_MID_URB,identidad,,,SO_ELC003,ELC002,SO_RESCLIM_URB,RESCLIM_URB
DEMRESELCAIR_SPL_HIG_RUR,AN_DEMRESELCAIR_SPL_HIG_RUR,AN,AN,technology,mapeo_directo,False,DEMRESELCAIR_SPL_HIG_RUR,identidad,,,AN_ELC003,ELC002,AN_RESCLIM_RUR,RESCLIM_RUR
DEMRESELCAIR_SPL_HIG_RUR,CA_DEMRESELCAIR_SPL_HIG_RUR,CA,CA,technology,mapeo_directo,False,DEMRESELCAIR_SPL_HIG_RUR,identidad,,,CA_ELC003,ELC002,CA_RESCLIM_RUR,RESCLIM_RUR
DEMRESELCAIR_SPL_HIG_RUR,NE_DEMRESELCAIR_SPL_HIG_RUR,NE,NE,technology,mapeo_directo,False,DEMRESELCAIR_SPL_HIG_RUR,identidad,,,,,NE_RESCLIM_RUR,RESCLIM_RUR
DEMRESELCAIR_SPL_HIG_RUR,OR_DEMRESELCAIR_SPL_HIG_RUR,OR,OR,technology,mapeo_directo,False,DEMRESELCAIR_SPL_HIG_RUR,identidad,,,OR_ELC003,ELC002,OR_RESCLIM_RUR,RESCLIM_RUR
DEMRESELCAIR_SPL_HIG_RUR,SO_DEMRESELCAIR_SPL_HIG_RUR,SO,SO,technology,mapeo_directo,False,DEMRESELCAIR_SPL_HIG_RUR,identidad,,,SO_ELC003,ELC002,SO_RESCLIM_RUR,RESCLIM_RUR
DEMRESELCAIR_SPL_HIG_URB,AN_DEMRESELCAIR_SPL_HIG_URB,AN,AN,technology,mapeo_directo,False,DEMRESELCAIR_SPL_HIG_URB,identidad,,,AN_ELC003,ELC002,AN_RESCLIM_URB,RESCLIM_URB
DEMRESELCAIR_SPL_HIG_URB,CA_DEMRESELCAIR_SPL_HIG_URB,CA,CA,technology,mapeo_directo,False,DEMRESELCAIR_SPL_HIG_URB,identidad,,,CA_ELC003,ELC002,CA_RESCLIM_URB,RESCLIM_URB
DEMRESELCAIR_SPL_HIG_URB,NE_DEMRESELCAIR_SPL_HIG_URB,NE,NE,technology,mapeo_directo,False,DEMRESELCAIR_SPL_HIG_URB,identidad,,,NE_ELC003,ELC002,NE_RESCLIM_URB,RESCLIM_URB
DEMRESELCAIR_SPL_HIG_URB,OR_DEMRESELCAIR_SPL_HIG_URB,OR,OR,technology,mapeo_directo,False,DEMRESELCAIR_SPL_HIG_URB,identidad,,,OR_ELC003,ELC002,OR_RESCLIM_URB,RESCLIM_URB
DEMRESELCAIR_SPL_HIG_URB,SO_DEMRESELCAIR_SPL_HIG_URB,SO,SO,technology,mapeo_directo,False,DEMRESELCAIR_SPL_HIG_URB,identidad,,,SO_ELC003,ELC002,SO_RESCLIM_URB,RESCLIM_URB
DEMRESELCAIR_SPL_LOW_RUR,AN_DEMRESELCAIR_SPL_LOW_RUR,AN,AN,technology,mapeo_directo,False,DEMRESELCAIR_SPL_LOW_RUR,identidad,,,AN_ELC003,ELC002,AN_RESCLIM_RUR,RESCLIM_RUR
DEMRESELCAIR_SPL_LOW_RUR,CA_DEMRESELCAIR_SPL_LOW_RUR,CA,CA,technology,mapeo_directo,False,DEMRESELCAIR_SPL_LOW_RUR,identidad,,,CA_ELC003,ELC002,CA_RESCLIM_RUR,RESCLIM_RUR
DEMRESELCAIR_SPL_LOW_RUR,NE_DEMRESELCAIR_SPL_LOW_RUR,NE,NE,technology,mapeo_directo,False,DEMRESELCAIR_SPL_LOW_RUR,identidad,,,NE_ELC003,ELC002,NE_RESCLIM_RUR,RESCLIM_RUR
DEMRESELCAIR_SPL_LOW_RUR,OR_DEMRESELCAIR_SPL_LOW_RUR,OR,OR,technology,mapeo_directo,False,DEMRESELCAIR_SPL_LOW_RUR,identidad,,,OR_ELC003,ELC002,OR_RESCLIM_RUR,RESCLIM_RUR
DEMRESELCAIR_SPL_LOW_RUR,SO_DEMRESELCAIR_SPL_LOW_RUR,SO,SO,technology,mapeo_directo,False,DEMRESELCAIR_SPL_LOW_RUR,identidad,,,SO_ELC003,ELC002,SO_RESCLIM_RUR,RESCLIM_RUR
DEMRESELCAIR_SPL_LOW_URB,AN_DEMRESELCAIR_SPL_LOW_URB,AN,AN,technology,mapeo_directo,False,DEMRESELCAIR_SPL_LOW_URB,identidad,,,AN_ELC003,ELC002,AN_RESCLIM_URB,RESCLIM_URB
DEMRESELCAIR_SPL_LOW_URB,CA_DEMRESELCAIR_SPL_LOW_URB,CA,CA,technology,mapeo_directo,False,DEMRESELCAIR_SPL_LOW_URB,identidad,,,CA_ELC003,ELC002,CA_RESCLIM_URB,RESCLIM_URB
DEMRESELCAIR_SPL_LOW_URB,NE_DEMRESELCAIR_SPL_LOW_URB,NE,NE,technology,mapeo_directo,False,DEMRESELCAIR_SPL_LOW_URB,identidad,,,NE_ELC003,ELC002,NE_RESCLIM_URB,RESCLIM_URB
DEMRESELCAIR_SPL_LOW_URB,OR_DEMRESELCAIR_SPL_LOW_URB,OR,OR,technology,mapeo_directo,False,DEMRESELCAIR_SPL_LOW_URB,identidad,,,OR_ELC003,ELC002,OR_RESCLIM_URB,RESCLIM_URB
DEMRESELCAIR_SPL_LOW_URB,SO_DEMRESELCAIR_SPL_LOW_URB,SO,SO,technology,mapeo_directo,False,DEMRESELCAIR_SPL_LOW_URB,identidad,,,SO_ELC003,ELC002,SO_RESCLIM_URB,RESCLIM_URB
DEMRESELCAIR_SPL_MID_RUR,AN_DEMRESELCAIR_SPL_MID_RUR,AN,AN,technology,mapeo_directo,False,DEMRESELCAIR_SPL_MID_RUR,identidad,,,AN_ELC003,ELC002,AN_RESCLIM_RUR,RESCLIM_RUR
DEMRESELCAIR_SPL_MID_RUR,CA_DEMRESELCAIR_SPL_MID_RUR,CA,CA,technology,mapeo_directo,False,DEMRESELCAIR_SPL_MID_RUR,identidad,,,CA_ELC003,ELC002,CA_RESCLIM_RUR,RESCLIM_RUR
DEMRESELCAIR_SPL_MID_RUR,NE_DEMRESELCAIR_SPL_MID_RUR,NE,NE,technology,mapeo_directo,False,DEMRESELCAIR_SPL_MID_RUR,identidad,,,NE_ELC003,ELC002,NE_RESCLIM_RUR,RESCLIM_RUR
DEMRESELCAIR_SPL_MID_RUR,OR_DEMRESELCAIR_SPL_MID_RUR,OR,OR,technology,mapeo_directo,False,DEMRESELCAIR_SPL_MID_RUR,identidad,,,OR_ELC003,ELC002,OR_RESCLIM_RUR,RESCLIM_RUR
DEMRESELCAIR_SPL_MID_RUR,SO_DEMRESELCAIR_SPL_MID_RUR,SO,SO,technology,mapeo_directo,False,DEMRESELCAIR_SPL_MID_RUR,identidad,,,SO_ELC003,ELC002,SO_RESCLIM_RUR,RESCLIM_RUR
DEMRESELCAIR_SPL_MID_URB,AN_DEMRESELCAIR_SPL_MID_URB,AN,AN,technology,mapeo_directo,False,DEMRESELCAIR_SPL_MID_URB,identidad,,,AN_ELC003,ELC002,AN_RESCLIM_URB,RESCLIM_URB
DEMRESELCAIR_SPL_MID_URB,CA_DEMRESELCAIR_SPL_MID_URB,CA,CA,technology,mapeo_directo,False,DEMRESELCAIR_SPL_MID_URB,identidad,,,CA_ELC003,ELC002,CA_RESCLIM_URB,RESCLIM_URB
DEMRESELCAIR_SPL_MID_URB,NE_DEMRESELCAIR_SPL_MID_URB,NE,NE,technology,mapeo_directo,False,DEMRESELCAIR_SPL_MID_URB,identidad,,,NE_ELC003,ELC002,NE_RESCLIM_URB,RESCLIM_URB
DEMRESELCAIR_SPL_MID_URB,OR_DEMRESELCAIR_SPL_MID_URB,OR,OR,technology,mapeo_directo,False,DEMRESELCAIR_SPL_MID_URB,identidad,,,OR_ELC003,ELC002,OR_RESCLIM_URB,RESCLIM_URB
DEMRESELCAIR_SPL_MID_URB,SO_DEMRESELCAIR_SPL_MID_URB,SO,SO,technology,mapeo_directo,False,DEMRESELCAIR_SPL_MID_URB,identidad,,,SO_ELC003,ELC002,SO_RESCLIM_URB,RESCLIM_URB
DEMRESELCCKN_HIG_RUR,AN_DEMRESELCCKN_HIG_RUR,AN,AN,technology,mapeo_directo,False,DEMRESELCCKN_HIG_RUR,identidad,,,AN_ELC003,ELC002,AN_RESDHT_RUR,RESDHT_RUR
DEMRESELCCKN_HIG_RUR,CA_DEMRESELCCKN_HIG_RUR,CA,CA,technology,mapeo_directo,False,DEMRESELCCKN_HIG_RUR,identidad,,,CA_ELC003,ELC002,CA_RESDHT_RUR,RESDHT_RUR
DEMRESELCCKN_HIG_RUR,NE_DEMRESELCCKN_HIG_RUR,NE,NE,technology,mapeo_directo,False,DEMRESELCCKN_HIG_RUR,identidad,,,NE_ELC003,ELC002,NE_RESDHT_RUR,RESDHT_RUR
DEMRESELCCKN_HIG_RUR,OR_DEMRESELCCKN_HIG_RUR,OR,OR,technology,mapeo_directo,False,DEMRESELCCKN_HIG_RUR,identidad,,,OR_ELC003,ELC002,OR_RESDHT_RUR,RESDHT_RUR
DEMRESELCCKN_HIG_RUR,SO_DEMRESELCCKN_HIG_RUR,SO,SO,technology,mapeo_directo,False,DEMRESELCCKN_HIG_RUR,identidad,,,SO_ELC003,ELC002,SO_RESDHT_RUR,RESDHT_RUR
DEMRESELCCKN_HIG_URB,AN_DEMRESELCCKN_HIG_URB,AN,AN,technology,mapeo_directo,False,DEMRESELCCKN_HIG_URB,identidad,,,AN_ELC003,ELC002,AN_RESDHT_URB,RESDHT_URB
DEMRESELCCKN_HIG_URB,CA_DEMRESELCCKN_HIG_URB,CA,CA,technology,mapeo_directo,False,DEMRESELCCKN_HIG_URB,identidad,,,CA_ELC003,ELC002,CA_RESDHT_URB,RESDHT_URB
DEMRESELCCKN_HIG_URB,NE_DEMRESELCCKN_HIG_URB,NE,NE,technology,mapeo_directo,False,DEMRESELCCKN_HIG_URB,identidad,,,NE_ELC003,ELC002,NE_RESDHT_URB,RESDHT_URB
DEMRESELCCKN_HIG_URB,OR_DEMRESELCCKN_HIG_URB,OR,OR,technology,mapeo_directo,False,DEMRESELCCKN_HIG_URB,identidad,,,OR_ELC003,ELC002,OR_RESDHT_URB,RESDHT_URB
DEMRESELCCKN_HIG_URB,SO_DEMRESELCCKN_HIG_URB,SO,SO,technology,mapeo_directo,False,DEMRESELCCKN_HIG_URB,identidad,,,SO_ELC003,ELC002,SO_RESDHT_URB,RESDHT_URB
DEMRESELCCKN_LOW_RUR,AN_DEMRESELCCKN_LOW_RUR,AN,AN,technology,mapeo_directo,False,DEMRESELCCKN_LOW_RUR,identidad,,,AN_ELC003,ELC002,AN_RESDHT_RUR,RESDHT_RUR
DEMRESELCCKN_LOW_RUR,CA_DEMRESELCCKN_LOW_RUR,CA,CA,technology,mapeo_directo,False,DEMRESELCCKN_LOW_RUR,identidad,,,CA_ELC003,ELC002,CA_RESDHT_RUR,RESDHT_RUR
DEMRESELCCKN_LOW_RUR,NE_DEMRESELCCKN_LOW_RUR,NE,NE,technology,mapeo_directo,False,DEMRESELCCKN_LOW_RUR,identidad,,,NE_ELC003,ELC002,NE_RESDHT_RUR,RESDHT_RUR
DEMRESELCCKN_LOW_RUR,OR_DEMRESELCCKN_LOW_RUR,OR,OR,technology,mapeo_directo,False,DEMRESELCCKN_LOW_RUR,identidad,,,OR_ELC003,ELC002,OR_RESDHT_RUR,RESDHT_RUR
DEMRESELCCKN_LOW_RUR,SO_DEMRESELCCKN_LOW_RUR,SO,SO,technology,mapeo_directo,False,DEMRESELCCKN_LOW_RUR,identidad,,,SO_ELC003,ELC002,SO_RESDHT_RUR,RESDHT_RUR
DEMRESELCCKN_LOW_URB,AN_DEMRESELCCKN_LOW_URB,AN,AN,technology,mapeo_directo,False,DEMRESELCCKN_LOW_URB,identidad,,,AN_ELC003,ELC002,AN_RESDHT_URB,RESDHT_URB
DEMRESELCCKN_LOW_URB,CA_DEMRESELCCKN_LOW_URB,CA,CA,technology,mapeo_directo,False,DEMRESELCCKN_LOW_URB,identidad,,,CA_ELC003,ELC002,CA_RESDHT_URB,RESDHT_URB
DEMRESELCCKN_LOW_URB,NE_DEMRESELCCKN_LOW_URB,NE,NE,technology,mapeo_directo,False,DEMRESELCCKN_LOW_URB,identidad,,,NE_ELC003,ELC002,NE_RESDHT_URB,RESDHT_URB
DEMRESELCCKN_LOW_URB,OR_DEMRESELCCKN_LOW_URB,OR,OR,technology,mapeo_directo,False,DEMRESELCCKN_LOW_URB,identidad,,,OR_ELC003,ELC002,OR_RESDHT_URB,RESDHT_URB
DEMRESELCCKN_LOW_URB,SO_DEMRESELCCKN_LOW_URB,SO,SO,technology,mapeo_directo,False,DEMRESELCCKN_LOW_URB,identidad,,,SO_ELC003,ELC002,SO_RESDHT_URB,RESDHT_URB
DEMRESELCCKN_MID_RUR,AN_DEMRESELCCKN_MID_RUR,AN,AN,technology,mapeo_directo,False,DEMRESELCCKN_MID_RUR,identidad,,,AN_ELC003,ELC002,AN_RESDHT_RUR,RESDHT_RUR
DEMRESELCCKN_MID_RUR,CA_DEMRESELCCKN_MID_RUR,CA,CA,technology,mapeo_directo,False,DEMRESELCCKN_MID_RUR,identidad,,,CA_ELC003,ELC002,CA_RESDHT_RUR,RESDHT_RUR
DEMRESELCCKN_MID_RUR,NE_DEMRESELCCKN_MID_RUR,NE,NE,technology,mapeo_directo,False,DEMRESELCCKN_MID_RUR,identidad,,,NE_ELC003,ELC002,NE_RESDHT_RUR,RESDHT_RUR
DEMRESELCCKN_MID_RUR,OR_DEMRESELCCKN_MID_RUR,OR,OR,technology,mapeo_directo,False,DEMRESELCCKN_MID_RUR,identidad,,,OR_ELC003,ELC002,OR_RESDHT_RUR,RESDHT_RUR
DEMRESELCCKN_MID_RUR,SO_DEMRESELCCKN_MID_RUR,SO,SO,technology,mapeo_directo,False,DEMRESELCCKN_MID_RUR,identidad,,,SO_ELC003,ELC002,SO_RESDHT_RUR,RESDHT_RUR
DEMRESELCCKN_MID_URB,AN_DEMRESELCCKN_MID_URB,AN,AN,technology,mapeo_directo,False,DEMRESELCCKN_MID_URB,identidad,,,AN_ELC003,ELC002,AN_RESDHT_URB,RESDHT_URB
DEMRESELCCKN_MID_URB,CA_DEMRESELCCKN_MID_URB,CA,CA,technology,mapeo_directo,False,DEMRESELCCKN_MID_URB,identidad,,,CA_ELC003,ELC002,CA_RESDHT_URB,RESDHT_URB
DEMRESELCCKN_MID_URB,NE_DEMRESELCCKN_MID_URB,NE,NE,technology,mapeo_directo,False,DEMRESELCCKN_MID_URB,identidad,,,NE_ELC003,ELC002,NE_RESDHT_URB,RESDHT_URB
DEMRESELCCKN_MID_URB,OR_DEMRESELCCKN_MID_URB,OR,OR,technology,mapeo_directo,False,DEMRESELCCKN_MID_URB,identidad,,,OR_ELC003,ELC002,OR_RESDHT_URB,RESDHT_URB
DEMRESELCCKN_MID_URB,SO_DEMRESELCCKN_MID_URB,SO,SO,technology,mapeo_directo,False,DEMRESELCCKN_MID_URB,identidad,,,SO_ELC003,ELC002,SO_RESDHT_URB,RESDHT_URB
DEMRESELCFAN_HIG_RUR,AN_DEMRESELCFAN_HIG_RUR,AN,AN,technology,mapeo_directo,False,DEMRESELCFAN_HIG_RUR,identidad,,,AN_ELC003,ELC002,AN_RESCLIM_RUR,RESCLIM_RUR
DEMRESELCFAN_HIG_RUR,CA_DEMRESELCFAN_HIG_RUR,CA,CA,technology,mapeo_directo,False,DEMRESELCFAN_HIG_RUR,identidad,,,CA_ELC003,ELC002,CA_RESCLIM_RUR,RESCLIM_RUR
DEMRESELCFAN_HIG_RUR,NE_DEMRESELCFAN_HIG_RUR,NE,NE,technology,mapeo_directo,False,DEMRESELCFAN_HIG_RUR,identidad,,,NE_ELC003,ELC002,NE_RESCLIM_RUR,RESCLIM_RUR
DEMRESELCFAN_HIG_RUR,OR_DEMRESELCFAN_HIG_RUR,OR,OR,technology,mapeo_directo,False,DEMRESELCFAN_HIG_RUR,identidad,,,OR_ELC003,ELC002,OR_RESCLIM_RUR,RESCLIM_RUR
DEMRESELCFAN_HIG_RUR,SO_DEMRESELCFAN_HIG_RUR,SO,SO,technology,mapeo_directo,False,DEMRESELCFAN_HIG_RUR,identidad,,,SO_ELC003,ELC002,SO_RESCLIM_RUR,RESCLIM_RUR
DEMRESELCFAN_HIG_URB,AN_DEMRESELCFAN_HIG_URB,AN,AN,technology,mapeo_directo,False,DEMRESELCFAN_HIG_URB,identidad,,,AN_ELC003,ELC002,AN_RESCLIM_URB,RESCLIM_URB
DEMRESELCFAN_HIG_URB,CA_DEMRESELCFAN_HIG_URB,CA,CA,technology,mapeo_directo,False,DEMRESELCFAN_HIG_URB,identidad,,,CA_ELC003,ELC002,CA_RESCLIM_URB,RESCLIM_URB
DEMRESELCFAN_HIG_URB,NE_DEMRESELCFAN_HIG_URB,NE,NE,technology,mapeo_directo,False,DEMRESELCFAN_HIG_URB,identidad,,,NE_ELC003,ELC002,NE_RESCLIM_URB,RESCLIM_URB
DEMRESELCFAN_HIG_URB,OR_DEMRESELCFAN_HIG_URB,OR,OR,technology,mapeo_directo,False,DEMRESELCFAN_HIG_URB,identidad,,,OR_ELC003,ELC002,OR_RESCLIM_URB,RESCLIM_URB
DEMRESELCFAN_HIG_URB,SO_DEMRESELCFAN_HIG_URB,SO,SO,technology,mapeo_directo,False,DEMRESELCFAN_HIG_URB,identidad,,,SO_ELC003,ELC002,SO_RESCLIM_URB,RESCLIM_URB
DEMRESELCFAN_LOW_RUR,AN_DEMRESELCFAN_LOW_RUR,AN,AN,technology,mapeo_directo,False,DEMRESELCFAN_LOW_RUR,identidad,,,AN_ELC003,ELC002,AN_RESCLIM_RUR,RESCLIM_RUR
DEMRESELCFAN_LOW_RUR,CA_DEMRESELCFAN_LOW_RUR,CA,CA,technology,mapeo_directo,False,DEMRESELCFAN_LOW_RUR,identidad,,,CA_ELC003,ELC002,CA_RESCLIM_RUR,RESCLIM_RUR
DEMRESELCFAN_LOW_RUR,NE_DEMRESELCFAN_LOW_RUR,NE,NE,technology,mapeo_directo,False,DEMRESELCFAN_LOW_RUR,identidad,,,NE_ELC003,ELC002,NE_RESCLIM_RUR,RESCLIM_RUR
DEMRESELCFAN_LOW_RUR,OR_DEMRESELCFAN_LOW_RUR,OR,OR,technology,mapeo_directo,False,DEMRESELCFAN_LOW_RUR,identidad,,,OR_ELC003,ELC002,OR_RESCLIM_RUR,RESCLIM_RUR
DEMRESELCFAN_LOW_RUR,SO_DEMRESELCFAN_LOW_RUR,SO,SO,technology,mapeo_directo,False,DEMRESELCFAN_LOW_RUR,identidad,,,SO_ELC003,ELC002,SO_RESCLIM_RUR,RESCLIM_RUR
DEMRESELCFAN_LOW_URB,AN_DEMRESELCFAN_LOW_URB,AN,AN,technology,mapeo_directo,False,DEMRESELCFAN_LOW_URB,identidad,,,AN_ELC003,ELC002,AN_RESCLIM_URB,RESCLIM_URB
DEMRESELCFAN_LOW_URB,CA_DEMRESELCFAN_LOW_URB,CA,CA,technology,mapeo_directo,False,DEMRESELCFAN_LOW_URB,identidad,,,CA_ELC003,ELC002,CA_RESCLIM_URB,RESCLIM_URB
DEMRESELCFAN_LOW_URB,NE_DEMRESELCFAN_LOW_URB,NE,NE,technology,mapeo_directo,False,DEMRESELCFAN_LOW_URB,identidad,,,NE_ELC003,ELC002,NE_RESCLIM_URB,RESCLIM_URB
DEMRESELCFAN_LOW_URB,OR_DEMRESELCFAN_LOW_URB,OR,OR,technology,mapeo_directo,False,DEMRESELCFAN_LOW_URB,identidad,,,OR_ELC003,ELC002,OR_RESCLIM_URB,RESCLIM_URB
DEMRESELCFAN_LOW_URB,SO_DEMRESELCFAN_LOW_URB,SO,SO,technology,mapeo_directo,False,DEMRESELCFAN_LOW_URB,identidad,,,SO_ELC003,ELC002,SO_RESCLIM_URB,RESCLIM_URB
DEMRESELCFAN_MID_RUR,AN_DEMRESELCFAN_MID_RUR,AN,AN,technology,mapeo_directo,False,DEMRESELCFAN_MID_RUR,identidad,,,AN_ELC003,ELC002,AN_RESCLIM_RUR,RESCLIM_RUR
DEMRESELCFAN_MID_RUR,CA_DEMRESELCFAN_MID_RUR,CA,CA,technology,mapeo_directo,False,DEMRESELCFAN_MID_RUR,identidad,,,CA_ELC003,ELC002,CA_RESCLIM_RUR,RESCLIM_RUR
DEMRESELCFAN_MID_RUR,NE_DEMRESELCFAN_MID_RUR,NE,NE,technology,mapeo_directo,False,DEMRESELCFAN_MID_RUR,identidad,,,NE_ELC003,ELC002,NE_RESCLIM_RUR,RESCLIM_RUR
DEMRESELCFAN_MID_RUR,OR_DEMRESELCFAN_MID_RUR,OR,OR,technology,mapeo_directo,False,DEMRESELCFAN_MID_RUR,identidad,,,OR_ELC003,ELC002,OR_RESCLIM_RUR,RESCLIM_RUR
DEMRESELCFAN_MID_RUR,SO_DEMRESELCFAN_MID_RUR,SO,SO,technology,mapeo_directo,False,DEMRESELCFAN_MID_RUR,identidad,,,SO_ELC003,ELC002,SO_RESCLIM_RUR,RESCLIM_RUR
DEMRESELCFAN_MID_URB,AN_DEMRESELCFAN_MID_URB,AN,AN,technology,mapeo_directo,False,DEMRESELCFAN_MID_URB,identidad,,,AN_ELC003,ELC002,AN_RESCLIM_URB,RESCLIM_URB
DEMRESELCFAN_MID_URB,CA_DEMRESELCFAN_MID_URB,CA,CA,technology,mapeo_directo,False,DEMRESELCFAN_MID_URB,identidad,,,CA_ELC003,ELC002,CA_RESCLIM_URB,RESCLIM_URB
DEMRESELCFAN_MID_URB,NE_DEMRESELCFAN_MID_URB,NE,NE,technology,mapeo_directo,False,DEMRESELCFAN_MID_URB,identidad,,,NE_ELC003,ELC002,NE_RESCLIM_URB,RESCLIM_URB
DEMRESELCFAN_MID_URB,OR_DEMRESELCFAN_MID_URB,OR,OR,technology,mapeo_directo,False,DEMRESELCFAN_MID_URB,identidad,,,OR_ELC003,ELC002,OR_RESCLIM_URB,RESCLIM_URB
DEMRESELCFAN_MID_URB,SO_DEMRESELCFAN_MID_URB,SO,SO,technology,mapeo_directo,False,DEMRESELCFAN_MID_URB,identidad,,,SO_ELC003,ELC002,SO_RESCLIM_URB,RESCLIM_URB
DEMRESELCILU_HIG_RUR,AN_DEMRESELCILU_HIG_RUR,AN,AN,technology,mapeo_directo,False,DEMRESELCILU_HIG_RUR,identidad,,,AN_ELC003,ELC002,AN_RESILU_RUR,RESILU_RUR
DEMRESELCILU_HIG_RUR,CA_DEMRESELCILU_HIG_RUR,CA,CA,technology,mapeo_directo,False,DEMRESELCILU_HIG_RUR,identidad,,,CA_ELC003,ELC002,CA_RESILU_RUR,RESILU_RUR
DEMRESELCILU_HIG_RUR,NE_DEMRESELCILU_HIG_RUR,NE,NE,technology,mapeo_directo,False,DEMRESELCILU_HIG_RUR,identidad,,,NE_ELC003,ELC002,NE_RESILU_RUR,RESILU_RUR
DEMRESELCILU_HIG_RUR,OR_DEMRESELCILU_HIG_RUR,OR,OR,technology,mapeo_directo,False,DEMRESELCILU_HIG_RUR,identidad,,,OR_ELC003,ELC002,OR_RESILU_RUR,RESILU_RUR
DEMRESELCILU_HIG_RUR,SO_DEMRESELCILU_HIG_RUR,SO,SO,technology,mapeo_directo,False,DEMRESELCILU_HIG_RUR,identidad,,,SO_ELC003,ELC002,SO_RESILU_RUR,RESILU_RUR
DEMRESELCILU_HIG_URB,AN_DEMRESELCILU_HIG_URB,AN,AN,technology,mapeo_directo,False,DEMRESELCILU_HIG_URB,identidad,,,AN_ELC003,ELC002,AN_RESILU_URB,RESILU_URB
DEMRESELCILU_HIG_URB,CA_DEMRESELCILU_HIG_URB,CA,CA,technology,mapeo_directo,False,DEMRESELCILU_HIG_URB,identidad,,,CA_ELC003,ELC002,CA_RESILU_URB,RESILU_URB
DEMRESELCILU_HIG_URB,NE_DEMRESELCILU_HIG_URB,NE,NE,technology,mapeo_directo,False,DEMRESELCILU_HIG_URB,identidad,,,NE_ELC003,ELC002,NE_RESILU_URB,RESILU_URB
DEMRESELCILU_HIG_URB,OR_DEMRESELCILU_HIG_URB,OR,OR,technology,mapeo_directo,False,DEMRESELCILU_HIG_URB,identidad,,,OR_ELC003,ELC002,OR_RESILU_URB,RESILU_URB
DEMRESELCILU_HIG_URB,SO_DEMRESELCILU_HIG_URB,SO,SO,technology,mapeo_directo,False,DEMRESELCILU_HIG_URB,identidad,,,SO_ELC003,ELC002,SO_RESILU_URB,RESILU_URB
DEMRESELCILU_INC_RUR,AN_DEMRESELCILU_INC_RUR,AN,AN,technology,mapeo_directo,False,DEMRESELCILU_INC_RUR,identidad,,,AN_ELC003,ELC002,AN_RESILU_RUR,RESILU_RUR
DEMRESELCILU_INC_RUR,CA_DEMRESELCILU_INC_RUR,CA,CA,technology,mapeo_directo,False,DEMRESELCILU_INC_RUR,identidad,,,CA_ELC003,ELC002,CA_RESILU_RUR,RESILU_RUR
DEMRESELCILU_INC_RUR,NE_DEMRESELCILU_INC_RUR,NE,NE,technology,mapeo_directo,False,DEMRESELCILU_INC_RUR,identidad,,,NE_ELC003,ELC002,NE_RESILU_RUR,RESILU_RUR
DEMRESELCILU_INC_RUR,OR_DEMRESELCILU_INC_RUR,OR,OR,technology,mapeo_directo,False,DEMRESELCILU_INC_RUR,identidad,,,OR_ELC003,ELC002,OR_RESILU_RUR,RESILU_RUR
DEMRESELCILU_INC_RUR,SO_DEMRESELCILU_INC_RUR,SO,SO,technology,mapeo_directo,False,DEMRESELCILU_INC_RUR,identidad,,,SO_ELC003,ELC002,SO_RESILU_RUR,RESILU_RUR
DEMRESELCILU_INC_URB,AN_DEMRESELCILU_INC_URB,AN,AN,technology,mapeo_directo,False,DEMRESELCILU_INC_URB,identidad,,,AN_ELC003,ELC002,AN_RESILU_URB,RESILU_URB
DEMRESELCILU_INC_URB,CA_DEMRESELCILU_INC_URB,CA,CA,technology,mapeo_directo,False,DEMRESELCILU_INC_URB,identidad,,,CA_ELC003,ELC002,CA_RESILU_URB,RESILU_URB
DEMRESELCILU_INC_URB,NE_DEMRESELCILU_INC_URB,NE,NE,technology,mapeo_directo,False,DEMRESELCILU_INC_URB,identidad,,,NE_ELC003,ELC002,NE_RESILU_URB,RESILU_URB
DEMRESELCILU_INC_URB,OR_DEMRESELCILU_INC_URB,OR,OR,technology,mapeo_directo,False,DEMRESELCILU_INC_URB,identidad,,,OR_ELC003,ELC002,OR_RESILU_URB,RESILU_URB
DEMRESELCILU_INC_URB,SO_DEMRESELCILU_INC_URB,SO,SO,technology,mapeo_directo,False,DEMRESELCILU_INC_URB,identidad,,,SO_ELC003,ELC002,SO_RESILU_URB,RESILU_URB
DEMRESELCILU_LFC_RUR,AN_DEMRESELCILU_LFC_RUR,AN,AN,technology,mapeo_directo,False,DEMRESELCILU_LFC_RUR,identidad,,,AN_ELC003,ELC002,AN_RESILU_RUR,RESILU_RUR
DEMRESELCILU_LFC_RUR,CA_DEMRESELCILU_LFC_RUR,CA,CA,technology,mapeo_directo,False,DEMRESELCILU_LFC_RUR,identidad,,,CA_ELC003,ELC002,CA_RESILU_RUR,RESILU_RUR
DEMRESELCILU_LFC_RUR,NE_DEMRESELCILU_LFC_RUR,NE,NE,technology,mapeo_directo,False,DEMRESELCILU_LFC_RUR,identidad,,,NE_ELC003,ELC002,NE_RESILU_RUR,RESILU_RUR
DEMRESELCILU_LFC_RUR,OR_DEMRESELCILU_LFC_RUR,OR,OR,technology,mapeo_directo,False,DEMRESELCILU_LFC_RUR,identidad,,,OR_ELC003,ELC002,OR_RESILU_RUR,RESILU_RUR
DEMRESELCILU_LFC_RUR,SO_DEMRESELCILU_LFC_RUR,SO,SO,technology,mapeo_directo,False,DEMRESELCILU_LFC_RUR,identidad,,,SO_ELC003,ELC002,SO_RESILU_RUR,RESILU_RUR
DEMRESELCILU_LFC_URB,AN_DEMRESELCILU_LFC_URB,AN,AN,technology,mapeo_directo,False,DEMRESELCILU_LFC_URB,identidad,,,AN_ELC003,ELC002,AN_RESILU_URB,RESILU_URB
DEMRESELCILU_LFC_URB,CA_DEMRESELCILU_LFC_URB,CA,CA,technology,mapeo_directo,False,DEMRESELCILU_LFC_URB,identidad,,,CA_ELC003,ELC002,CA_RESILU_URB,RESILU_URB
DEMRESELCILU_LFC_URB,NE_DEMRESELCILU_LFC_URB,NE,NE,technology,mapeo_directo,False,DEMRESELCILU_LFC_URB,identidad,,,NE_ELC003,ELC002,NE_RESILU_URB,RESILU_URB
DEMRESELCILU_LFC_URB,OR_DEMRESELCILU_LFC_URB,OR,OR,technology,mapeo_directo,False,DEMRESELCILU_LFC_URB,identidad,,,OR_ELC003,ELC002,OR_RESILU_URB,RESILU_URB
DEMRESELCILU_LFC_URB,SO_DEMRESELCILU_LFC_URB,SO,SO,technology,mapeo_directo,False,DEMRESELCILU_LFC_URB,identidad,,,SO_ELC003,ELC002,SO_RESILU_URB,RESILU_URB
DEMRESELCILU_LOW_RUR,AN_DEMRESELCILU_LOW_RUR,AN,AN,technology,mapeo_directo,False,DEMRESELCILU_LOW_RUR,identidad,,,AN_ELC003,ELC002,AN_RESILU_RUR,RESILU_RUR
DEMRESELCILU_LOW_RUR,CA_DEMRESELCILU_LOW_RUR,CA,CA,technology,mapeo_directo,False,DEMRESELCILU_LOW_RUR,identidad,,,CA_ELC003,ELC002,CA_RESILU_RUR,RESILU_RUR
DEMRESELCILU_LOW_RUR,NE_DEMRESELCILU_LOW_RUR,NE,NE,technology,mapeo_directo,False,DEMRESELCILU_LOW_RUR,identidad,,,NE_ELC003,ELC002,NE_RESILU_RUR,RESILU_RUR
DEMRESELCILU_LOW_RUR,OR_DEMRESELCILU_LOW_RUR,OR,OR,technology,mapeo_directo,False,DEMRESELCILU_LOW_RUR,identidad,,,OR_ELC003,ELC002,OR_RESILU_RUR,RESILU_RUR
DEMRESELCILU_LOW_RUR,SO_DEMRESELCILU_LOW_RUR,SO,SO,technology,mapeo_directo,False,DEMRESELCILU_LOW_RUR,identidad,,,SO_ELC003,ELC002,SO_RESILU_RUR,RESILU_RUR
DEMRESELCILU_LOW_URB,AN_DEMRESELCILU_LOW_URB,AN,AN,technology,mapeo_directo,False,DEMRESELCILU_LOW_URB,identidad,,,AN_ELC003,ELC002,AN_RESILU_URB,RESILU_URB
DEMRESELCILU_LOW_URB,CA_DEMRESELCILU_LOW_URB,CA,CA,technology,mapeo_directo,False,DEMRESELCILU_LOW_URB,identidad,,,CA_ELC003,ELC002,CA_RESILU_URB,RESILU_URB
DEMRESELCILU_LOW_URB,NE_DEMRESELCILU_LOW_URB,NE,NE,technology,mapeo_directo,False,DEMRESELCILU_LOW_URB,identidad,,,NE_ELC003,ELC002,NE_RESILU_URB,RESILU_URB
DEMRESELCILU_LOW_URB,OR_DEMRESELCILU_LOW_URB,OR,OR,technology,mapeo_directo,False,DEMRESELCILU_LOW_URB,identidad,,,OR_ELC003,ELC002,OR_RESILU_URB,RESILU_URB
DEMRESELCILU_LOW_URB,SO_DEMRESELCILU_LOW_URB,SO,SO,technology,mapeo_directo,False,DEMRESELCILU_LOW_URB,identidad,,,SO_ELC003,ELC002,SO_RESILU_URB,RESILU_URB
DEMRESELCILU_MID_RUR,AN_DEMRESELCILU_MID_RUR,AN,AN,technology,mapeo_directo,False,DEMRESELCILU_MID_RUR,identidad,,,AN_ELC003,ELC002,AN_RESILU_RUR,RESILU_RUR
DEMRESELCILU_MID_RUR,CA_DEMRESELCILU_MID_RUR,CA,CA,technology,mapeo_directo,False,DEMRESELCILU_MID_RUR,identidad,,,CA_ELC003,ELC002,CA_RESILU_RUR,RESILU_RUR
DEMRESELCILU_MID_RUR,NE_DEMRESELCILU_MID_RUR,NE,NE,technology,mapeo_directo,False,DEMRESELCILU_MID_RUR,identidad,,,NE_ELC003,ELC002,NE_RESILU_RUR,RESILU_RUR
DEMRESELCILU_MID_RUR,OR_DEMRESELCILU_MID_RUR,OR,OR,technology,mapeo_directo,False,DEMRESELCILU_MID_RUR,identidad,,,OR_ELC003,ELC002,OR_RESILU_RUR,RESILU_RUR
DEMRESELCILU_MID_RUR,SO_DEMRESELCILU_MID_RUR,SO,SO,technology,mapeo_directo,False,DEMRESELCILU_MID_RUR,identidad,,,SO_ELC003,ELC002,SO_RESILU_RUR,RESILU_RUR
DEMRESELCILU_MID_URB,AN_DEMRESELCILU_MID_URB,AN,AN,technology,mapeo_directo,False,DEMRESELCILU_MID_URB,identidad,,,AN_ELC003,ELC002,AN_RESILU_URB,RESILU_URB
DEMRESELCILU_MID_URB,CA_DEMRESELCILU_MID_URB,CA,CA,technology,mapeo_directo,False,DEMRESELCILU_MID_URB,identidad,,,CA_ELC003,ELC002,CA_RESILU_URB,RESILU_URB
DEMRESELCILU_MID_URB,NE_DEMRESELCILU_MID_URB,NE,NE,technology,mapeo_directo,False,DEMRESELCILU_MID_URB,identidad,,,NE_ELC003,ELC002,NE_RESILU_URB,RESILU_URB
DEMRESELCILU_MID_URB,OR_DEMRESELCILU_MID_URB,OR,OR,technology,mapeo_directo,False,DEMRESELCILU_MID_URB,identidad,,,OR_ELC003,ELC002,OR_RESILU_URB,RESILU_URB
DEMRESELCILU_MID_URB,SO_DEMRESELCILU_MID_URB,SO,SO,technology,mapeo_directo,False,DEMRESELCILU_MID_URB,identidad,,,SO_ELC003,ELC002,SO_RESILU_URB,RESILU_URB
DEMRESELCOTH_HIG_RUR,AN_DEMRESELCOTH_HIG_RUR,AN,AN,technology,mapeo_directo,False,DEMRESELCOTH_HIG_RUR,identidad,,,AN_ELC003,ELC002,AN_RESOTH_RUR,RESOTH_RUR
DEMRESELCOTH_HIG_RUR,CA_DEMRESELCOTH_HIG_RUR,CA,CA,technology,mapeo_directo,False,DEMRESELCOTH_HIG_RUR,identidad,,,CA_ELC003,ELC002,CA_RESOTH_RUR,RESOTH_RUR
DEMRESELCOTH_HIG_RUR,NE_DEMRESELCOTH_HIG_RUR,NE,NE,technology,mapeo_directo,False,DEMRESELCOTH_HIG_RUR,identidad,,,NE_ELC003,ELC002,NE_RESOTH_RUR,RESOTH_RUR
DEMRESELCOTH_HIG_RUR,OR_DEMRESELCOTH_HIG_RUR,OR,OR,technology,mapeo_directo,False,DEMRESELCOTH_HIG_RUR,identidad,,,OR_ELC003,ELC002,OR_RESOTH_RUR,RESOTH_RUR
DEMRESELCOTH_HIG_RUR,SO_DEMRESELCOTH_HIG_RUR,SO,SO,technology,mapeo_directo,False,DEMRESELCOTH_HIG_RUR,identidad,,,SO_ELC003,ELC002,SO_RESOTH_RUR,RESOTH_RUR
DEMRESELCOTH_HIG_URB,AN_DEMRESELCOTH_HIG_URB,AN,AN,technology,mapeo_directo,False,DEMRESELCOTH_HIG_URB,identidad,,,AN_ELC003,ELC002,AN_RESOTH_URB,RESOTH_URB
DEMRESELCOTH_HIG_URB,CA_DEMRESELCOTH_HIG_URB,CA,CA,technology,mapeo_directo,False,DEMRESELCOTH_HIG_URB,identidad,,,CA_ELC003,ELC002,CA_RESOTH_URB,RESOTH_URB
DEMRESELCOTH_HIG_URB,NE_DEMRESELCOTH_HIG_URB,NE,NE,technology,mapeo_directo,False,DEMRESELCOTH_HIG_URB,identidad,,,NE_ELC003,ELC002,NE_RESOTH_URB,RESOTH_URB
DEMRESELCOTH_HIG_URB,OR_DEMRESELCOTH_HIG_URB,OR,OR,technology,mapeo_directo,False,DEMRESELCOTH_HIG_URB,identidad,,,OR_ELC003,ELC002,OR_RESOTH_URB,RESOTH_URB
DEMRESELCOTH_HIG_URB,SO_DEMRESELCOTH_HIG_URB,SO,SO,technology,mapeo_directo,False,DEMRESELCOTH_HIG_URB,identidad,,,SO_ELC003,ELC002,SO_RESOTH_URB,RESOTH_URB
DEMRESELCOTH_LOW_RUR,AN_DEMRESELCOTH_LOW_RUR,AN,AN,technology,mapeo_directo,False,DEMRESELCOTH_LOW_RUR,identidad,,,AN_ELC003,ELC002,AN_RESOTH_RUR,RESOTH_RUR
DEMRESELCOTH_LOW_RUR,CA_DEMRESELCOTH_LOW_RUR,CA,CA,technology,mapeo_directo,False,DEMRESELCOTH_LOW_RUR,identidad,,,CA_ELC003,ELC002,CA_RESOTH_RUR,RESOTH_RUR
DEMRESELCOTH_LOW_RUR,NE_DEMRESELCOTH_LOW_RUR,NE,NE,technology,mapeo_directo,False,DEMRESELCOTH_LOW_RUR,identidad,,,NE_ELC003,ELC002,NE_RESOTH_RUR,RESOTH_RUR
DEMRESELCOTH_LOW_RUR,OR_DEMRESELCOTH_LOW_RUR,OR,OR,technology,mapeo_directo,False,DEMRESELCOTH_LOW_RUR,identidad,,,OR_ELC003,ELC002,OR_RESOTH_RUR,RESOTH_RUR
DEMRESELCOTH_LOW_RUR,SO_DEMRESELCOTH_LOW_RUR,SO,SO,technology,mapeo_directo,False,DEMRESELCOTH_LOW_RUR,identidad,,,SO_ELC003,ELC002,SO_RESOTH_RUR,RESOTH_RUR
DEMRESELCOTH_LOW_URB,AN_DEMRESELCOTH_LOW_URB,AN,AN,technology,mapeo_directo,False,DEMRESELCOTH_LOW_URB,identidad,,,AN_ELC003,ELC002,AN_RESOTH_URB,RESOTH_URB
DEMRESELCOTH_LOW_URB,CA_DEMRESELCOTH_LOW_URB,CA,CA,technology,mapeo_directo,False,DEMRESELCOTH_LOW_URB,identidad,,,CA_ELC003,ELC002,CA_RESOTH_URB,RESOTH_URB
DEMRESELCOTH_LOW_URB,NE_DEMRESELCOTH_LOW_URB,NE,NE,technology,mapeo_directo,False,DEMRESELCOTH_LOW_URB,identidad,,,NE_ELC003,ELC002,NE_RESOTH_URB,RESOTH_URB
DEMRESELCOTH_LOW_URB,OR_DEMRESELCOTH_LOW_URB,OR,OR,technology,mapeo_directo,False,DEMRESELCOTH_LOW_URB,identidad,,,OR_ELC003,ELC002,OR_RESOTH_URB,RESOTH_URB
DEMRESELCOTH_LOW_URB,SO_DEMRESELCOTH_LOW_URB,SO,SO,technology,mapeo_directo,False,DEMRESELCOTH_LOW_URB,identidad,,,SO_ELC003,ELC002,SO_RESOTH_URB,RESOTH_URB
DEMRESELCOTH_MID_RUR,AN_DEMRESELCOTH_MID_RUR,AN,AN,technology,mapeo_directo,False,DEMRESELCOTH_MID_RUR,identidad,,,AN_ELC003,ELC002,AN_RESOTH_RUR,RESOTH_RUR
DEMRESELCOTH_MID_RUR,CA_DEMRESELCOTH_MID_RUR,CA,CA,technology,mapeo_directo,False,DEMRESELCOTH_MID_RUR,identidad,,,CA_ELC003,ELC002,CA_RESOTH_RUR,RESOTH_RUR
DEMRESELCOTH_MID_RUR,NE_DEMRESELCOTH_MID_RUR,NE,NE,technology,mapeo_directo,False,DEMRESELCOTH_MID_RUR,identidad,,,NE_ELC003,ELC002,NE_RESOTH_RUR,RESOTH_RUR
DEMRESELCOTH_MID_RUR,OR_DEMRESELCOTH_MID_RUR,OR,OR,technology,mapeo_directo,False,DEMRESELCOTH_MID_RUR,identidad,,,OR_ELC003,ELC002,OR_RESOTH_RUR,RESOTH_RUR
DEMRESELCOTH_MID_RUR,SO_DEMRESELCOTH_MID_RUR,SO,SO,technology,mapeo_directo,False,DEMRESELCOTH_MID_RUR,identidad,,,SO_ELC003,ELC002,SO_RESOTH_RUR,RESOTH_RUR
DEMRESELCOTH_MID_URB,AN_DEMRESELCOTH_MID_URB,AN,AN,technology,mapeo_directo,False,DEMRESELCOTH_MID_URB,identidad,,,AN_ELC003,ELC002,AN_RESOTH_URB,RESOTH_URB
DEMRESELCOTH_MID_URB,CA_DEMRESELCOTH_MID_URB,CA,CA,technology,mapeo_directo,False,DEMRESELCOTH_MID_URB,identidad,,,CA_ELC003,ELC002,CA_RESOTH_URB,RESOTH_URB
DEMRESELCOTH_MID_URB,NE_DEMRESELCOTH_MID_URB,NE,NE,technology,mapeo_directo,False,DEMRESELCOTH_MID_URB,identidad,,,NE_ELC003,ELC002,NE_RESOTH_URB,RESOTH_URB
DEMRESELCOTH_MID_URB,OR_DEMRESELCOTH_MID_URB,OR,OR,technology,mapeo_directo,False,DEMRESELCOTH_MID_URB,identidad,,,OR_ELC003,ELC002,OR_RESOTH_URB,RESOTH_URB
DEMRESELCOTH_MID_URB,SO_DEMRESELCOTH_MID_URB,SO,SO,technology,mapeo_directo,False,DEMRESELCOTH_MID_URB,identidad,,,SO_ELC003,ELC002,SO_RESOTH_URB,RESOTH_URB
DEMRESELCREF_HIG_RUR,AN_DEMRESELCREF_HIG_RUR,AN,AN,technology,mapeo_directo,False,DEMRESELCREF_HIG_RUR,identidad,,,AN_ELC003,ELC002,AN_RESREF_RUR,RESREF_RUR
DEMRESELCREF_HIG_RUR,CA_DEMRESELCREF_HIG_RUR,CA,CA,technology,mapeo_directo,False,DEMRESELCREF_HIG_RUR,identidad,,,CA_ELC003,ELC002,CA_RESREF_RUR,RESREF_RUR
DEMRESELCREF_HIG_RUR,NE_DEMRESELCREF_HIG_RUR,NE,NE,technology,mapeo_directo,False,DEMRESELCREF_HIG_RUR,identidad,,,NE_ELC003,ELC002,NE_RESREF_RUR,RESREF_RUR
DEMRESELCREF_HIG_RUR,OR_DEMRESELCREF_HIG_RUR,OR,OR,technology,mapeo_directo,False,DEMRESELCREF_HIG_RUR,identidad,,,OR_ELC003,ELC002,OR_RESREF_RUR,RESREF_RUR
DEMRESELCREF_HIG_RUR,SO_DEMRESELCREF_HIG_RUR,SO,SO,technology,mapeo_directo,False,DEMRESELCREF_HIG_RUR,identidad,,,SO_ELC003,ELC002,SO_RESREF_RUR,RESREF_RUR
DEMRESELCREF_HIG_URB,AN_DEMRESELCREF_HIG_URB,AN,AN,technology,mapeo_directo,False,DEMRESELCREF_HIG_URB,identidad,,,AN_ELC003,ELC002,AN_RESREF_URB,RESREF_URB
DEMRESELCREF_HIG_URB,CA_DEMRESELCREF_HIG_URB,CA,CA,technology,mapeo_directo,False,DEMRESELCREF_HIG_URB,identidad,,,CA_ELC003,ELC002,CA_RESREF_URB,RESREF_URB
DEMRESELCREF_HIG_URB,NE_DEMRESELCREF_HIG_URB,NE,NE,technology,mapeo_directo,False,DEMRESELCREF_HIG_URB,identidad,,,NE_ELC003,ELC002,NE_RESREF_URB,RESREF_URB
DEMRESELCREF_HIG_URB,OR_DEMRESELCREF_HIG_URB,OR,OR,technology,mapeo_directo,False,DEMRESELCREF_HIG_URB,identidad,,,OR_ELC003,ELC002,OR_RESREF_URB,RESREF_URB
DEMRESELCREF_HIG_URB,SO_DEMRESELCREF_HIG_URB,SO,SO,technology,mapeo_directo,False,DEMRESELCREF_HIG_URB,identidad,,,SO_ELC003,ELC002,SO_RESREF_URB,RESREF_URB
DEMRESELCREF_LOW_RUR,AN_DEMRESELCREF_LOW_RUR,AN,AN,technology,mapeo_directo,False,DEMRESELCREF_LOW_RUR,identidad,,,AN_ELC003,ELC002,AN_RESREF_RUR,RESREF_RUR
DEMRESELCREF_LOW_RUR,CA_DEMRESELCREF_LOW_RUR,CA,CA,technology,mapeo_directo,False,DEMRESELCREF_LOW_RUR,identidad,,,CA_ELC003,ELC002,CA_RESREF_RUR,RESREF_RUR
DEMRESELCREF_LOW_RUR,NE_DEMRESELCREF_LOW_RUR,NE,NE,technology,mapeo_directo,False,DEMRESELCREF_LOW_RUR,identidad,,,NE_ELC003,ELC002,NE_RESREF_RUR,RESREF_RUR
DEMRESELCREF_LOW_RUR,OR_DEMRESELCREF_LOW_RUR,OR,OR,technology,mapeo_directo,False,DEMRESELCREF_LOW_RUR,identidad,,,OR_ELC003,ELC002,OR_RESREF_RUR,RESREF_RUR
DEMRESELCREF_LOW_RUR,SO_DEMRESELCREF_LOW_RUR,SO,SO,technology,mapeo_directo,False,DEMRESELCREF_LOW_RUR,identidad,,,SO_ELC003,ELC002,SO_RESREF_RUR,RESREF_RUR
DEMRESELCREF_LOW_URB,AN_DEMRESELCREF_LOW_URB,AN,AN,technology,mapeo_directo,False,DEMRESELCREF_LOW_URB,identidad,,,AN_ELC003,ELC002,AN_RESREF_URB,RESREF_URB
DEMRESELCREF_LOW_URB,CA_DEMRESELCREF_LOW_URB,CA,CA,technology,mapeo_directo,False,DEMRESELCREF_LOW_URB,identidad,,,CA_ELC003,ELC002,CA_RESREF_URB,RESREF_URB
DEMRESELCREF_LOW_URB,NE_DEMRESELCREF_LOW_URB,NE,NE,technology,mapeo_directo,False,DEMRESELCREF_LOW_URB,identidad,,,NE_ELC003,ELC002,NE_RESREF_URB,RESREF_URB
DEMRESELCREF_LOW_URB,OR_DEMRESELCREF_LOW_URB,OR,OR,technology,mapeo_directo,False,DEMRESELCREF_LOW_URB,identidad,,,OR_ELC003,ELC002,OR_RESREF_URB,RESREF_URB
DEMRESELCREF_LOW_URB,SO_DEMRESELCREF_LOW_URB,SO,SO,technology,mapeo_directo,False,DEMRESELCREF_LOW_URB,identidad,,,SO_ELC003,ELC002,SO_RESREF_URB,RESREF_URB
DEMRESELCREF_MID_RUR,AN_DEMRESELCREF_MID_RUR,AN,AN,technology,mapeo_directo,False,DEMRESELCREF_MID_RUR,identidad,,,AN_ELC003,ELC002,AN_RESREF_RUR,RESREF_RUR
DEMRESELCREF_MID_RUR,CA_DEMRESELCREF_MID_RUR,CA,CA,technology,mapeo_directo,False,DEMRESELCREF_MID_RUR,identidad,,,CA_ELC003,ELC002,CA_RESREF_RUR,RESREF_RUR
DEMRESELCREF_MID_RUR,NE_DEMRESELCREF_MID_RUR,NE,NE,technology,mapeo_directo,False,DEMRESELCREF_MID_RUR,identidad,,,NE_ELC003,ELC002,,
DEMRESELCREF_MID_RUR,OR_DEMRESELCREF_MID_RUR,OR,OR,technology,mapeo_directo,False,DEMRESELCREF_MID_RUR,identidad,,,OR_ELC003,ELC002,OR_RESREF_RUR,RESREF_RUR
DEMRESELCREF_MID_RUR,SO_DEMRESELCREF_MID_RUR,SO,SO,technology,mapeo_directo,False,DEMRESELCREF_MID_RUR,identidad,,,SO_ELC003,ELC002,SO_RESREF_RUR,RESREF_RUR
DEMRESELCREF_MID_URB,AN_DEMRESELCREF_MID_URB,AN,AN,technology,mapeo_directo,False,DEMRESELCREF_MID_URB,identidad,,,AN_ELC003,ELC002,AN_RESREF_URB,RESREF_URB
DEMRESELCREF_MID_URB,CA_DEMRESELCREF_MID_URB,CA,CA,technology,mapeo_directo,False,DEMRESELCREF_MID_URB,identidad,,,CA_ELC003,ELC002,CA_RESREF_URB,RESREF_URB
DEMRESELCREF_MID_URB,NE_DEMRESELCREF_MID_URB,NE,NE,technology,mapeo_directo,False,DEMRESELCREF_MID_URB,identidad,,,NE_ELC003,ELC002,NE_RESREF_URB,RESREF_URB
DEMRESELCREF_MID_URB,OR_DEMRESELCREF_MID_URB,OR,OR,technology,mapeo_directo,False,DEMRESELCREF_MID_URB,identidad,,,OR_ELC003,ELC002,OR_RESREF_URB,RESREF_URB
DEMRESELCREF_MID_URB,SO_DEMRESELCREF_MID_URB,SO,SO,technology,mapeo_directo,False,DEMRESELCREF_MID_URB,identidad,,,SO_ELC003,ELC002,SO_RESREF_URB,RESREF_URB
DEMRESELCTV_CRT_RUR,AN_DEMRESELCTV_CRT_RUR,AN,AN,technology,mapeo_directo,False,DEMRESELCTV_CRT_RUR,identidad,,,AN_ELC003,ELC002,AN_RESTV_RUR,RESTV_RUR
DEMRESELCTV_CRT_RUR,CA_DEMRESELCTV_CRT_RUR,CA,CA,technology,mapeo_directo,False,DEMRESELCTV_CRT_RUR,identidad,,,CA_ELC003,ELC002,CA_RESTV_RUR,RESTV_RUR
DEMRESELCTV_CRT_RUR,NE_DEMRESELCTV_CRT_RUR,NE,NE,technology,mapeo_directo,False,DEMRESELCTV_CRT_RUR,identidad,,,NE_ELC003,ELC002,NE_RESTV_RUR,RESTV_RUR
DEMRESELCTV_CRT_RUR,OR_DEMRESELCTV_CRT_RUR,OR,OR,technology,mapeo_directo,False,DEMRESELCTV_CRT_RUR,identidad,,,OR_ELC003,ELC002,OR_RESTV_RUR,RESTV_RUR
DEMRESELCTV_CRT_RUR,SO_DEMRESELCTV_CRT_RUR,SO,SO,technology,mapeo_directo,False,DEMRESELCTV_CRT_RUR,identidad,,,SO_ELC003,ELC002,SO_RESTV_RUR,RESTV_RUR
DEMRESELCTV_CRT_URB,AN_DEMRESELCTV_CRT_URB,AN,AN,technology,mapeo_directo,False,DEMRESELCTV_CRT_URB,identidad,,,AN_ELC003,ELC002,AN_RESTV_URB,RESTV_URB
DEMRESELCTV_CRT_URB,CA_DEMRESELCTV_CRT_URB,CA,CA,technology,mapeo_directo,False,DEMRESELCTV_CRT_URB,identidad,,,CA_ELC003,ELC002,CA_RESTV_URB,RESTV_URB
DEMRESELCTV_CRT_URB,NE_DEMRESELCTV_CRT_URB,NE,NE,technology,mapeo_directo,False,DEMRESELCTV_CRT_URB,identidad,,,NE_ELC003,ELC002,NE_RESTV_URB,RESTV_URB
DEMRESELCTV_CRT_URB,OR_DEMRESELCTV_CRT_URB,OR,OR,technology,mapeo_directo,False,DEMRESELCTV_CRT_URB,identidad,,,OR_ELC003,ELC002,OR_RESTV_URB,RESTV_URB
DEMRESELCTV_CRT_URB,SO_DEMRESELCTV_CRT_URB,SO,SO,technology,mapeo_directo,False,DEMRESELCTV_CRT_URB,identidad,,,SO_ELC003,ELC002,SO_RESTV_URB,RESTV_URB
DEMRESELCTV_HIG_RUR,AN_DEMRESELCTV_HIG_RUR,AN,AN,technology,mapeo_directo,False,DEMRESELCTV_HIG_RUR,identidad,,,AN_ELC003,ELC002,AN_RESTV_RUR,RESTV_RUR
DEMRESELCTV_HIG_RUR,CA_DEMRESELCTV_HIG_RUR,CA,CA,technology,mapeo_directo,False,DEMRESELCTV_HIG_RUR,identidad,,,CA_ELC003,ELC002,CA_RESTV_RUR,RESTV_RUR
DEMRESELCTV_HIG_RUR,NE_DEMRESELCTV_HIG_RUR,NE,NE,technology,mapeo_directo,False,DEMRESELCTV_HIG_RUR,identidad,,,NE_ELC003,ELC002,NE_RESTV_RUR,RESTV_RUR
DEMRESELCTV_HIG_RUR,OR_DEMRESELCTV_HIG_RUR,OR,OR,technology,mapeo_directo,False,DEMRESELCTV_HIG_RUR,identidad,,,OR_ELC003,ELC002,OR_RESTV_RUR,RESTV_RUR
DEMRESELCTV_HIG_RUR,SO_DEMRESELCTV_HIG_RUR,SO,SO,technology,mapeo_directo,False,DEMRESELCTV_HIG_RUR,identidad,,,SO_ELC003,ELC002,SO_RESTV_RUR,RESTV_RUR
DEMRESELCTV_HIG_URB,AN_DEMRESELCTV_HIG_URB,AN,AN,technology,mapeo_directo,False,DEMRESELCTV_HIG_URB,identidad,,,AN_ELC003,ELC002,AN_RESTV_URB,RESTV_URB
DEMRESELCTV_HIG_URB,CA_DEMRESELCTV_HIG_URB,CA,CA,technology,mapeo_directo,False,DEMRESELCTV_HIG_URB,identidad,,,CA_ELC003,ELC002,CA_RESTV_URB,RESTV_URB
DEMRESELCTV_HIG_URB,NE_DEMRESELCTV_HIG_URB,NE,NE,technology,mapeo_directo,False,DEMRESELCTV_HIG_URB,identidad,,,NE_ELC003,ELC002,NE_RESTV_URB,RESTV_URB
DEMRESELCTV_HIG_URB,OR_DEMRESELCTV_HIG_URB,OR,OR,technology,mapeo_directo,False,DEMRESELCTV_HIG_URB,identidad,,,OR_ELC003,ELC002,OR_RESTV_URB,RESTV_URB
DEMRESELCTV_HIG_URB,SO_DEMRESELCTV_HIG_URB,SO,SO,technology,mapeo_directo,False,DEMRESELCTV_HIG_URB,identidad,,,SO_ELC003,ELC002,SO_RESTV_URB,RESTV_URB
DEMRESELCTV_LOW_RUR,AN_DEMRESELCTV_LOW_RUR,AN,AN,technology,mapeo_directo,False,DEMRESELCTV_LOW_RUR,identidad,,,AN_ELC003,ELC002,AN_RESTV_RUR,RESTV_RUR
DEMRESELCTV_LOW_RUR,CA_DEMRESELCTV_LOW_RUR,CA,CA,technology,mapeo_directo,False,DEMRESELCTV_LOW_RUR,identidad,,,CA_ELC003,ELC002,CA_RESTV_RUR,RESTV_RUR
DEMRESELCTV_LOW_RUR,NE_DEMRESELCTV_LOW_RUR,NE,NE,technology,mapeo_directo,False,DEMRESELCTV_LOW_RUR,identidad,,,NE_ELC003,ELC002,NE_RESTV_RUR,RESTV_RUR
DEMRESELCTV_LOW_RUR,OR_DEMRESELCTV_LOW_RUR,OR,OR,technology,mapeo_directo,False,DEMRESELCTV_LOW_RUR,identidad,,,OR_ELC003,ELC002,OR_RESTV_RUR,RESTV_RUR
DEMRESELCTV_LOW_RUR,SO_DEMRESELCTV_LOW_RUR,SO,SO,technology,mapeo_directo,False,DEMRESELCTV_LOW_RUR,identidad,,,SO_ELC003,ELC002,SO_RESTV_RUR,RESTV_RUR
DEMRESELCTV_LOW_URB,AN_DEMRESELCTV_LOW_URB,AN,AN,technology,mapeo_directo,False,DEMRESELCTV_LOW_URB,identidad,,,,,AN_RESTV_URB,RESTV_URB
DEMRESELCTV_LOW_URB,CA_DEMRESELCTV_LOW_URB,CA,CA,technology,mapeo_directo,False,DEMRESELCTV_LOW_URB,identidad,,,,,CA_RESTV_URB,RESTV_URB
DEMRESELCTV_LOW_URB,NE_DEMRESELCTV_LOW_URB,NE,NE,technology,mapeo_directo,False,DEMRESELCTV_LOW_URB,identidad,,,,,NE_RESTV_URB,RESTV_URB
DEMRESELCTV_LOW_URB,OR_DEMRESELCTV_LOW_URB,OR,OR,technology,mapeo_directo,False,DEMRESELCTV_LOW_URB,identidad,,,,,OR_RESTV_URB,RESTV_URB
DEMRESELCTV_LOW_URB,SO_DEMRESELCTV_LOW_URB,SO,SO,technology,mapeo_directo,False,DEMRESELCTV_LOW_URB,identidad,,,,,SO_RESTV_URB,RESTV_URB
DEMRESELCTV_MID_RUR,AN_DEMRESELCTV_MID_RUR,AN,AN,technology,mapeo_directo,False,DEMRESELCTV_MID_RUR,identidad,,,AN_ELC003,ELC002,AN_RESTV_RUR,RESTV_RUR
DEMRESELCTV_MID_RUR,CA_DEMRESELCTV_MID_RUR,CA,CA,technology,mapeo_directo,False,DEMRESELCTV_MID_RUR,identidad,,,CA_ELC003,ELC002,CA_RESTV_RUR,RESTV_RUR
DEMRESELCTV_MID_RUR,NE_DEMRESELCTV_MID_RUR,NE,NE,technology,mapeo_directo,False,DEMRESELCTV_MID_RUR,identidad,,,NE_ELC003,ELC002,NE_RESTV_RUR,RESTV_RUR
DEMRESELCTV_MID_RUR,OR_DEMRESELCTV_MID_RUR,OR,OR,technology,mapeo_directo,False,DEMRESELCTV_MID_RUR,identidad,,,OR_ELC003,ELC002,OR_RESTV_RUR,RESTV_RUR
DEMRESELCTV_MID_RUR,SO_DEMRESELCTV_MID_RUR,SO,SO,technology,mapeo_directo,False,DEMRESELCTV_MID_RUR,identidad,,,SO_ELC003,ELC002,SO_RESTV_RUR,RESTV_RUR
DEMRESELCTV_MID_URB,AN_DEMRESELCTV_MID_URB,AN,AN,technology,mapeo_directo,False,DEMRESELCTV_MID_URB,identidad,,,AN_ELC003,ELC002,AN_RESTV_URB,RESTV_URB
DEMRESELCTV_MID_URB,CA_DEMRESELCTV_MID_URB,CA,CA,technology,mapeo_directo,False,DEMRESELCTV_MID_URB,identidad,,,CA_ELC003,ELC002,CA_RESTV_URB,RESTV_URB
DEMRESELCTV_MID_URB,NE_DEMRESELCTV_MID_URB,NE,NE,technology,mapeo_directo,False,DEMRESELCTV_MID_URB,identidad,,,NE_ELC003,ELC002,NE_RESTV_URB,RESTV_URB
DEMRESELCTV_MID_URB,OR_DEMRESELCTV_MID_URB,OR,OR,technology,mapeo_directo,False,DEMRESELCTV_MID_URB,identidad,,,OR_ELC003,ELC002,OR_RESTV_URB,RESTV_URB
DEMRESELCTV_MID_URB,SO_DEMRESELCTV_MID_URB,SO,SO,technology,mapeo_directo,False,DEMRESELCTV_MID_URB,identidad,,,SO_ELC003,ELC002,SO_RESTV_URB,RESTV_URB
DEMRESELCWHT_DUC_HIG_RUR,AN_DEMRESELCWHT_DUC_HIG_RUR,AN,AN,technology,mapeo_directo,False,DEMRESELCWHT_DUC_HIG_RUR,identidad,,,AN_ELC003,ELC002,AN_RESWHT_RUR,RESWHT_RUR
DEMRESELCWHT_DUC_HIG_RUR,CA_DEMRESELCWHT_DUC_HIG_RUR,CA,CA,technology,mapeo_directo,False,DEMRESELCWHT_DUC_HIG_RUR,identidad,,,CA_ELC003,ELC002,CA_RESWHT_RUR,RESWHT_RUR
DEMRESELCWHT_DUC_HIG_RUR,NE_DEMRESELCWHT_DUC_HIG_RUR,NE,NE,technology,mapeo_directo,False,DEMRESELCWHT_DUC_HIG_RUR,identidad,,,NE_ELC003,ELC002,NE_RESWHT_RUR,RESWHT_RUR
DEMRESELCWHT_DUC_HIG_RUR,OR_DEMRESELCWHT_DUC_HIG_RUR,OR,OR,technology,mapeo_directo,False,DEMRESELCWHT_DUC_HIG_RUR,identidad,,,OR_ELC003,ELC002,OR_RESWHT_RUR,RESWHT_RUR
DEMRESELCWHT_DUC_HIG_RUR,SO_DEMRESELCWHT_DUC_HIG_RUR,SO,SO,technology,mapeo_directo,False,DEMRESELCWHT_DUC_HIG_RUR,identidad,,,SO_ELC003,ELC002,SO_RESWHT_RUR,RESWHT_RUR
DEMRESELCWHT_DUC_HIG_URB,AN_DEMRESELCWHT_DUC_HIG_URB,AN,AN,technology,mapeo_directo,False,DEMRESELCWHT_DUC_HIG_URB,identidad,,,AN_ELC003,ELC002,AN_RESWHT_URB,RESWHT_URB
DEMRESELCWHT_DUC_HIG_URB,CA_DEMRESELCWHT_DUC_HIG_URB,CA,CA,technology,mapeo_directo,False,DEMRESELCWHT_DUC_HIG_URB,identidad,,,CA_ELC003,ELC002,CA_RESWHT_URB,RESWHT_URB
DEMRESELCWHT_DUC_HIG_URB,NE_DEMRESELCWHT_DUC_HIG_URB,NE,NE,technology,mapeo_directo,False,DEMRESELCWHT_DUC_HIG_URB,identidad,,,NE_ELC003,ELC002,NE_RESWHT_URB,RESWHT_URB
DEMRESELCWHT_DUC_HIG_URB,OR_DEMRESELCWHT_DUC_HIG_URB,OR,OR,technology,mapeo_directo,False,DEMRESELCWHT_DUC_HIG_URB,identidad,,,OR_ELC003,ELC002,OR_RESWHT_URB,RESWHT_URB
DEMRESELCWHT_DUC_HIG_URB,SO_DEMRESELCWHT_DUC_HIG_URB,SO,SO,technology,mapeo_directo,False,DEMRESELCWHT_DUC_HIG_URB,identidad,,,SO_ELC003,ELC002,SO_RESWHT_URB,RESWHT_URB
DEMRESELCWHT_DUC_LOW_RUR,AN_DEMRESELCWHT_DUC_LOW_RUR,AN,AN,technology,mapeo_directo,False,DEMRESELCWHT_DUC_LOW_RUR,identidad,,,AN_ELC003,ELC002,AN_RESWHT_RUR,RESWHT_RUR
DEMRESELCWHT_DUC_LOW_RUR,CA_DEMRESELCWHT_DUC_LOW_RUR,CA,CA,technology,mapeo_directo,False,DEMRESELCWHT_DUC_LOW_RUR,identidad,,,CA_ELC003,ELC002,CA_RESWHT_RUR,RESWHT_RUR
DEMRESELCWHT_DUC_LOW_RUR,NE_DEMRESELCWHT_DUC_LOW_RUR,NE,NE,technology,mapeo_directo,False,DEMRESELCWHT_DUC_LOW_RUR,identidad,,,NE_ELC003,ELC002,NE_RESWHT_RUR,RESWHT_RUR
DEMRESELCWHT_DUC_LOW_RUR,OR_DEMRESELCWHT_DUC_LOW_RUR,OR,OR,technology,mapeo_directo,False,DEMRESELCWHT_DUC_LOW_RUR,identidad,,,OR_ELC003,ELC002,OR_RESWHT_RUR,RESWHT_RUR
DEMRESELCWHT_DUC_LOW_RUR,SO_DEMRESELCWHT_DUC_LOW_RUR,SO,SO,technology,mapeo_directo,False,DEMRESELCWHT_DUC_LOW_RUR,identidad,,,SO_ELC003,ELC002,SO_RESWHT_RUR,RESWHT_RUR
DEMRESELCWHT_DUC_LOW_URB,AN_DEMRESELCWHT_DUC_LOW_URB,AN,AN,technology,mapeo_directo,False,DEMRESELCWHT_DUC_LOW_URB,identidad,,,AN_ELC003,ELC002,AN_RESWHT_URB,RESWHT_URB
DEMRESELCWHT_DUC_LOW_URB,CA_DEMRESELCWHT_DUC_LOW_URB,CA,CA,technology,mapeo_directo,False,DEMRESELCWHT_DUC_LOW_URB,identidad,,,CA_ELC003,ELC002,CA_RESWHT_URB,RESWHT_URB
DEMRESELCWHT_DUC_LOW_URB,NE_DEMRESELCWHT_DUC_LOW_URB,NE,NE,technology,mapeo_directo,False,DEMRESELCWHT_DUC_LOW_URB,identidad,,,NE_ELC003,ELC002,NE_RESWHT_URB,RESWHT_URB
DEMRESELCWHT_DUC_LOW_URB,OR_DEMRESELCWHT_DUC_LOW_URB,OR,OR,technology,mapeo_directo,False,DEMRESELCWHT_DUC_LOW_URB,identidad,,,OR_ELC003,ELC002,OR_RESWHT_URB,RESWHT_URB
DEMRESELCWHT_DUC_LOW_URB,SO_DEMRESELCWHT_DUC_LOW_URB,SO,SO,technology,mapeo_directo,False,DEMRESELCWHT_DUC_LOW_URB,identidad,,,SO_ELC003,ELC002,SO_RESWHT_URB,RESWHT_URB
DEMRESELCWHT_DUC_MID_RUR,AN_DEMRESELCWHT_DUC_MID_RUR,AN,AN,technology,mapeo_directo,False,DEMRESELCWHT_DUC_MID_RUR,identidad,,,AN_ELC003,ELC002,AN_RESWHT_RUR,RESWHT_RUR
DEMRESELCWHT_DUC_MID_RUR,CA_DEMRESELCWHT_DUC_MID_RUR,CA,CA,technology,mapeo_directo,False,DEMRESELCWHT_DUC_MID_RUR,identidad,,,CA_ELC003,ELC002,CA_RESWHT_RUR,RESWHT_RUR
DEMRESELCWHT_DUC_MID_RUR,NE_DEMRESELCWHT_DUC_MID_RUR,NE,NE,technology,mapeo_directo,False,DEMRESELCWHT_DUC_MID_RUR,identidad,,,NE_ELC003,ELC002,NE_RESWHT_RUR,RESWHT_RUR
DEMRESELCWHT_DUC_MID_RUR,OR_DEMRESELCWHT_DUC_MID_RUR,OR,OR,technology,mapeo_directo,False,DEMRESELCWHT_DUC_MID_RUR,identidad,,,OR_ELC003,ELC002,OR_RESWHT_RUR,RESWHT_RUR
DEMRESELCWHT_DUC_MID_RUR,SO_DEMRESELCWHT_DUC_MID_RUR,SO,SO,technology,mapeo_directo,False,DEMRESELCWHT_DUC_MID_RUR,identidad,,,SO_ELC003,ELC002,SO_RESWHT_RUR,RESWHT_RUR
DEMRESELCWHT_DUC_MID_URB,AN_DEMRESELCWHT_DUC_MID_URB,AN,AN,technology,mapeo_directo,False,DEMRESELCWHT_DUC_MID_URB,identidad,,,AN_ELC003,ELC002,AN_RESWHT_URB,RESWHT_URB
DEMRESELCWHT_DUC_MID_URB,CA_DEMRESELCWHT_DUC_MID_URB,CA,CA,technology,mapeo_directo,False,DEMRESELCWHT_DUC_MID_URB,identidad,,,CA_ELC003,ELC002,CA_RESWHT_URB,RESWHT_URB
DEMRESELCWHT_DUC_MID_URB,NE_DEMRESELCWHT_DUC_MID_URB,NE,NE,technology,mapeo_directo,False,DEMRESELCWHT_DUC_MID_URB,identidad,,,NE_ELC003,ELC002,NE_RESWHT_URB,RESWHT_URB
DEMRESELCWHT_DUC_MID_URB,OR_DEMRESELCWHT_DUC_MID_URB,OR,OR,technology,mapeo_directo,False,DEMRESELCWHT_DUC_MID_URB,identidad,,,OR_ELC003,ELC002,OR_RESWHT_URB,RESWHT_URB
DEMRESELCWHT_DUC_MID_URB,SO_DEMRESELCWHT_DUC_MID_URB,SO,SO,technology,mapeo_directo,False,DEMRESELCWHT_DUC_MID_URB,identidad,,,SO_ELC003,ELC002,SO_RESWHT_URB,RESWHT_URB
DEMRESELCWHT_PAS_HIG_RUR,AN_DEMRESELCWHT_PAS_HIG_RUR,AN,AN,technology,mapeo_directo,False,DEMRESELCWHT_PAS_HIG_RUR,identidad,,,AN_ELC003,ELC002,AN_RESWHT_RUR,RESWHT_RUR
DEMRESELCWHT_PAS_HIG_RUR,CA_DEMRESELCWHT_PAS_HIG_RUR,CA,CA,technology,mapeo_directo,False,DEMRESELCWHT_PAS_HIG_RUR,identidad,,,CA_ELC003,ELC002,CA_RESWHT_RUR,RESWHT_RUR
DEMRESELCWHT_PAS_HIG_RUR,NE_DEMRESELCWHT_PAS_HIG_RUR,NE,NE,technology,mapeo_directo,False,DEMRESELCWHT_PAS_HIG_RUR,identidad,,,NE_ELC003,ELC002,NE_RESWHT_RUR,RESWHT_RUR
DEMRESELCWHT_PAS_HIG_RUR,OR_DEMRESELCWHT_PAS_HIG_RUR,OR,OR,technology,mapeo_directo,False,DEMRESELCWHT_PAS_HIG_RUR,identidad,,,OR_ELC003,ELC002,OR_RESWHT_RUR,RESWHT_RUR
DEMRESELCWHT_PAS_HIG_RUR,SO_DEMRESELCWHT_PAS_HIG_RUR,SO,SO,technology,mapeo_directo,False,DEMRESELCWHT_PAS_HIG_RUR,identidad,,,SO_ELC003,ELC002,SO_RESWHT_RUR,RESWHT_RUR
DEMRESELCWHT_PAS_HIG_URB,AN_DEMRESELCWHT_PAS_HIG_URB,AN,AN,technology,mapeo_directo,False,DEMRESELCWHT_PAS_HIG_URB,identidad,,,AN_ELC003,ELC002,AN_RESWHT_URB,RESWHT_URB
DEMRESELCWHT_PAS_HIG_URB,CA_DEMRESELCWHT_PAS_HIG_URB,CA,CA,technology,mapeo_directo,False,DEMRESELCWHT_PAS_HIG_URB,identidad,,,CA_ELC003,ELC002,CA_RESWHT_URB,RESWHT_URB
DEMRESELCWHT_PAS_HIG_URB,NE_DEMRESELCWHT_PAS_HIG_URB,NE,NE,technology,mapeo_directo,False,DEMRESELCWHT_PAS_HIG_URB,identidad,,,NE_ELC003,ELC002,NE_RESWHT_URB,RESWHT_URB
DEMRESELCWHT_PAS_HIG_URB,OR_DEMRESELCWHT_PAS_HIG_URB,OR,OR,technology,mapeo_directo,False,DEMRESELCWHT_PAS_HIG_URB,identidad,,,OR_ELC003,ELC002,OR_RESWHT_URB,RESWHT_URB
DEMRESELCWHT_PAS_HIG_URB,SO_DEMRESELCWHT_PAS_HIG_URB,SO,SO,technology,mapeo_directo,False,DEMRESELCWHT_PAS_HIG_URB,identidad,,,SO_ELC003,ELC002,SO_RESWHT_URB,RESWHT_URB
DEMRESELCWHT_PAS_LOW_RUR,AN_DEMRESELCWHT_PAS_LOW_RUR,AN,AN,technology,mapeo_directo,False,DEMRESELCWHT_PAS_LOW_RUR,identidad,,,AN_ELC003,ELC002,AN_RESWHT_RUR,RESWHT_RUR
DEMRESELCWHT_PAS_LOW_RUR,CA_DEMRESELCWHT_PAS_LOW_RUR,CA,CA,technology,mapeo_directo,False,DEMRESELCWHT_PAS_LOW_RUR,identidad,,,CA_ELC003,ELC002,CA_RESWHT_RUR,RESWHT_RUR
DEMRESELCWHT_PAS_LOW_RUR,NE_DEMRESELCWHT_PAS_LOW_RUR,NE,NE,technology,mapeo_directo,False,DEMRESELCWHT_PAS_LOW_RUR,identidad,,,NE_ELC003,ELC002,NE_RESWHT_RUR,RESWHT_RUR
DEMRESELCWHT_PAS_LOW_RUR,OR_DEMRESELCWHT_PAS_LOW_RUR,OR,OR,technology,mapeo_directo,False,DEMRESELCWHT_PAS_LOW_RUR,identidad,,,OR_ELC003,ELC002,OR_RESWHT_RUR,RESWHT_RUR
DEMRESELCWHT_PAS_LOW_RUR,SO_DEMRESELCWHT_PAS_LOW_RUR,SO,SO,technology,mapeo_directo,False,DEMRESELCWHT_PAS_LOW_RUR,identidad,,,SO_ELC003,ELC002,SO_RESWHT_RUR,RESWHT_RUR
DEMRESELCWHT_PAS_LOW_URB,AN_DEMRESELCWHT_PAS_LOW_URB,AN,AN,technology,mapeo_directo,False,DEMRESELCWHT_PAS_LOW_URB,identidad,,,AN_ELC003,ELC002,AN_RESWHT_URB,RESWHT_URB
DEMRESELCWHT_PAS_LOW_URB,CA_DEMRESELCWHT_PAS_LOW_URB,CA,CA,technology,mapeo_directo,False,DEMRESELCWHT_PAS_LOW_URB,identidad,,,CA_ELC003,ELC002,CA_RESWHT_URB,RESWHT_URB
DEMRESELCWHT_PAS_LOW_URB,NE_DEMRESELCWHT_PAS_LOW_URB,NE,NE,technology,mapeo_directo,False,DEMRESELCWHT_PAS_LOW_URB,identidad,,,NE_ELC003,ELC002,NE_RESWHT_URB,RESWHT_URB
DEMRESELCWHT_PAS_LOW_URB,OR_DEMRESELCWHT_PAS_LOW_URB,OR,OR,technology,mapeo_directo,False,DEMRESELCWHT_PAS_LOW_URB,identidad,,,OR_ELC003,ELC002,OR_RESWHT_URB,RESWHT_URB
DEMRESELCWHT_PAS_LOW_URB,SO_DEMRESELCWHT_PAS_LOW_URB,SO,SO,technology,mapeo_directo,False,DEMRESELCWHT_PAS_LOW_URB,identidad,,,SO_ELC003,ELC002,SO_RESWHT_URB,RESWHT_URB
DEMRESELCWHT_PAS_MID_RUR,AN_DEMRESELCWHT_PAS_MID_RUR,AN,AN,technology,mapeo_directo,False,DEMRESELCWHT_PAS_MID_RUR,identidad,,,AN_ELC003,ELC002,AN_RESWHT_RUR,RESWHT_RUR
DEMRESELCWHT_PAS_MID_RUR,CA_DEMRESELCWHT_PAS_MID_RUR,CA,CA,technology,mapeo_directo,False,DEMRESELCWHT_PAS_MID_RUR,identidad,,,CA_ELC003,ELC002,CA_RESWHT_RUR,RESWHT_RUR
DEMRESELCWHT_PAS_MID_RUR,NE_DEMRESELCWHT_PAS_MID_RUR,NE,NE,technology,mapeo_directo,False,DEMRESELCWHT_PAS_MID_RUR,identidad,,,NE_ELC003,ELC002,NE_RESWHT_RUR,RESWHT_RUR
DEMRESELCWHT_PAS_MID_RUR,OR_DEMRESELCWHT_PAS_MID_RUR,OR,OR,technology,mapeo_directo,False,DEMRESELCWHT_PAS_MID_RUR,identidad,,,OR_ELC003,ELC002,OR_RESWHT_RUR,RESWHT_RUR
DEMRESELCWHT_PAS_MID_RUR,SO_DEMRESELCWHT_PAS_MID_RUR,SO,SO,technology,mapeo_directo,False,DEMRESELCWHT_PAS_MID_RUR,identidad,,,SO_ELC003,ELC002,SO_RESWHT_RUR,RESWHT_RUR
DEMRESELCWHT_PAS_MID_URB,AN_DEMRESELCWHT_PAS_MID_URB,AN,AN,technology,mapeo_directo,False,DEMRESELCWHT_PAS_MID_URB,identidad,,,AN_ELC003,ELC002,AN_RESWHT_URB,RESWHT_URB
DEMRESELCWHT_PAS_MID_URB,CA_DEMRESELCWHT_PAS_MID_URB,CA,CA,technology,mapeo_directo,False,DEMRESELCWHT_PAS_MID_URB,identidad,,,CA_ELC003,ELC002,CA_RESWHT_URB,RESWHT_URB
DEMRESELCWHT_PAS_MID_URB,NE_DEMRESELCWHT_PAS_MID_URB,NE,NE,technology,mapeo_directo,False,DEMRESELCWHT_PAS_MID_URB,identidad,,,NE_ELC003,ELC002,NE_RESWHT_URB,RESWHT_URB
DEMRESELCWHT_PAS_MID_URB,OR_DEMRESELCWHT_PAS_MID_URB,OR,OR,technology,mapeo_directo,False,DEMRESELCWHT_PAS_MID_URB,identidad,,,OR_ELC003,ELC002,OR_RESWHT_URB,RESWHT_URB
DEMRESELCWHT_PAS_MID_URB,SO_DEMRESELCWHT_PAS_MID_URB,SO,SO,technology,mapeo_directo,False,DEMRESELCWHT_PAS_MID_URB,identidad,,,SO_ELC003,ELC002,SO_RESWHT_URB,RESWHT_URB
DEMRESELCWHT_TAN_HIG_RUR,AN_DEMRESELCWHT_TAN_HIG_RUR,AN,AN,technology,mapeo_directo,False,DEMRESELCWHT_TAN_HIG_RUR,identidad,,,AN_ELC003,ELC002,AN_RESWHT_RUR,RESWHT_RUR
DEMRESELCWHT_TAN_HIG_RUR,CA_DEMRESELCWHT_TAN_HIG_RUR,CA,CA,technology,mapeo_directo,False,DEMRESELCWHT_TAN_HIG_RUR,identidad,,,CA_ELC003,ELC002,CA_RESWHT_RUR,RESWHT_RUR
DEMRESELCWHT_TAN_HIG_RUR,NE_DEMRESELCWHT_TAN_HIG_RUR,NE,NE,technology,mapeo_directo,False,DEMRESELCWHT_TAN_HIG_RUR,identidad,,,NE_ELC003,ELC002,NE_RESWHT_RUR,RESWHT_RUR
DEMRESELCWHT_TAN_HIG_RUR,OR_DEMRESELCWHT_TAN_HIG_RUR,OR,OR,technology,mapeo_directo,False,DEMRESELCWHT_TAN_HIG_RUR,identidad,,,OR_ELC003,ELC002,OR_RESWHT_RUR,RESWHT_RUR
DEMRESELCWHT_TAN_HIG_RUR,SO_DEMRESELCWHT_TAN_HIG_RUR,SO,SO,technology,mapeo_directo,False,DEMRESELCWHT_TAN_HIG_RUR,identidad,,,SO_ELC003,ELC002,SO_RESWHT_RUR,RESWHT_RUR
DEMRESELCWHT_TAN_HIG_URB,AN_DEMRESELCWHT_TAN_HIG_URB,AN,AN,technology,mapeo_directo,False,DEMRESELCWHT_TAN_HIG_URB,identidad,,,AN_ELC003,ELC002,AN_RESWHT_URB,RESWHT_URB
DEMRESELCWHT_TAN_HIG_URB,CA_DEMRESELCWHT_TAN_HIG_URB,CA,CA,technology,mapeo_directo,False,DEMRESELCWHT_TAN_HIG_URB,identidad,,,CA_ELC003,ELC002,CA_RESWHT_URB,RESWHT_URB
DEMRESELCWHT_TAN_HIG_URB,NE_DEMRESELCWHT_TAN_HIG_URB,NE,NE,technology,mapeo_directo,False,DEMRESELCWHT_TAN_HIG_URB,identidad,,,NE_ELC003,ELC002,NE_RESWHT_URB,RESWHT_URB
DEMRESELCWHT_TAN_HIG_URB,OR_DEMRESELCWHT_TAN_HIG_URB,OR,OR,technology,mapeo_directo,False,DEMRESELCWHT_TAN_HIG_URB,identidad,,,OR_ELC003,ELC002,OR_RESWHT_URB,RESWHT_URB
DEMRESELCWHT_TAN_HIG_URB,SO_DEMRESELCWHT_TAN_HIG_URB,SO,SO,technology,mapeo_directo,False,DEMRESELCWHT_TAN_HIG_URB,identidad,,,SO_ELC003,ELC002,SO_RESWHT_URB,RESWHT_URB
DEMRESELCWHT_TAN_LOW_RUR,AN_DEMRESELCWHT_TAN_LOW_RUR,AN,AN,technology,mapeo_directo,False,DEMRESELCWHT_TAN_LOW_RUR,identidad,,,AN_ELC003,ELC002,AN_RESWHT_RUR,RESWHT_RUR
DEMRESELCWHT_TAN_LOW_RUR,CA_DEMRESELCWHT_TAN_LOW_RUR,CA,CA,technology,mapeo_directo,False,DEMRESELCWHT_TAN_LOW_RUR,identidad,,,CA_ELC003,ELC002,CA_RESWHT_RUR,RESWHT_RUR
DEMRESELCWHT_TAN_LOW_RUR,NE_DEMRESELCWHT_TAN_LOW_RUR,NE,NE,technology,mapeo_directo,False,DEMRESELCWHT_TAN_LOW_RUR,identidad,,,NE_ELC003,ELC002,NE_RESWHT_RUR,RESWHT_RUR
DEMRESELCWHT_TAN_LOW_RUR,OR_DEMRESELCWHT_TAN_LOW_RUR,OR,OR,technology,mapeo_directo,False,DEMRESELCWHT_TAN_LOW_RUR,identidad,,,OR_ELC003,ELC002,OR_RESWHT_RUR,RESWHT_RUR
DEMRESELCWHT_TAN_LOW_RUR,SO_DEMRESELCWHT_TAN_LOW_RUR,SO,SO,technology,mapeo_directo,False,DEMRESELCWHT_TAN_LOW_RUR,identidad,,,SO_ELC003,ELC002,SO_RESWHT_RUR,RESWHT_RUR
DEMRESELCWHT_TAN_LOW_URB,AN_DEMRESELCWHT_TAN_LOW_URB,AN,AN,technology,mapeo_directo,False,DEMRESELCWHT_TAN_LOW_URB,identidad,,,AN_ELC003,ELC002,AN_RESWHT_URB,RESWHT_URB
DEMRESELCWHT_TAN_LOW_URB,CA_DEMRESELCWHT_TAN_LOW_URB,CA,CA,technology,mapeo_directo,False,DEMRESELCWHT_TAN_LOW_URB,identidad,,,CA_ELC003,ELC002,CA_RESWHT_URB,RESWHT_URB
DEMRESELCWHT_TAN_LOW_URB,NE_DEMRESELCWHT_TAN_LOW_URB,NE,NE,technology,mapeo_directo,False,DEMRESELCWHT_TAN_LOW_URB,identidad,,,NE_ELC003,ELC002,NE_RESWHT_URB,RESWHT_URB
DEMRESELCWHT_TAN_LOW_URB,OR_DEMRESELCWHT_TAN_LOW_URB,OR,OR,technology,mapeo_directo,False,DEMRESELCWHT_TAN_LOW_URB,identidad,,,OR_ELC003,ELC002,OR_RESWHT_URB,RESWHT_URB
DEMRESELCWHT_TAN_LOW_URB,SO_DEMRESELCWHT_TAN_LOW_URB,SO,SO,technology,mapeo_directo,False,DEMRESELCWHT_TAN_LOW_URB,identidad,,,SO_ELC003,ELC002,SO_RESWHT_URB,RESWHT_URB
DEMRESELCWHT_TAN_MID_RUR,AN_DEMRESELCWHT_TAN_MID_RUR,AN,AN,technology,mapeo_directo,False,DEMRESELCWHT_TAN_MID_RUR,identidad,,,AN_ELC003,ELC002,AN_RESWHT_RUR,RESWHT_RUR
DEMRESELCWHT_TAN_MID_RUR,CA_DEMRESELCWHT_TAN_MID_RUR,CA,CA,technology,mapeo_directo,False,DEMRESELCWHT_TAN_MID_RUR,identidad,,,CA_ELC003,ELC002,CA_RESWHT_RUR,RESWHT_RUR
DEMRESELCWHT_TAN_MID_RUR,NE_DEMRESELCWHT_TAN_MID_RUR,NE,NE,technology,mapeo_directo,False,DEMRESELCWHT_TAN_MID_RUR,identidad,,,NE_ELC003,ELC002,NE_RESWHT_RUR,RESWHT_RUR
DEMRESELCWHT_TAN_MID_RUR,OR_DEMRESELCWHT_TAN_MID_RUR,OR,OR,technology,mapeo_directo,False,DEMRESELCWHT_TAN_MID_RUR,identidad,,,OR_ELC003,ELC002,OR_RESWHT_RUR,RESWHT_RUR
DEMRESELCWHT_TAN_MID_RUR,SO_DEMRESELCWHT_TAN_MID_RUR,SO,SO,technology,mapeo_directo,False,DEMRESELCWHT_TAN_MID_RUR,identidad,,,SO_ELC003,ELC002,SO_RESWHT_RUR,RESWHT_RUR
DEMRESELCWHT_TAN_MID_URB,AN_DEMRESELCWHT_TAN_MID_URB,AN,AN,technology,mapeo_directo,False,DEMRESELCWHT_TAN_MID_URB,identidad,,,AN_ELC003,ELC002,AN_RESWHT_URB,RESWHT_URB
DEMRESELCWHT_TAN_MID_URB,CA_DEMRESELCWHT_TAN_MID_URB,CA,CA,technology,mapeo_directo,False,DEMRESELCWHT_TAN_MID_URB,identidad,,,CA_ELC003,ELC002,CA_RESWHT_URB,RESWHT_URB
DEMRESELCWHT_TAN_MID_URB,NE_DEMRESELCWHT_TAN_MID_URB,NE,NE,technology,mapeo_directo,False,DEMRESELCWHT_TAN_MID_URB,identidad,,,NE_ELC003,ELC002,NE_RESWHT_URB,RESWHT_URB
DEMRESELCWHT_TAN_MID_URB,OR_DEMRESELCWHT_TAN_MID_URB,OR,OR,technology,mapeo_directo,False,DEMRESELCWHT_TAN_MID_URB,identidad,,,OR_ELC003,ELC002,OR_RESWHT_URB,RESWHT_URB
DEMRESELCWHT_TAN_MID_URB,SO_DEMRESELCWHT_TAN_MID_URB,SO,SO,technology,mapeo_directo,False,DEMRESELCWHT_TAN_MID_URB,identidad,,,SO_ELC003,ELC002,SO_RESWHT_URB,RESWHT_URB
DEMRESELCWSH_HIG_RUR,AN_DEMRESELCWSH_HIG_RUR,AN,AN,technology,mapeo_directo,False,DEMRESELCWSH_HIG_RUR,identidad,,,AN_ELC003,ELC002,AN_RESWSH_RUR,RESWSH_RUR
DEMRESELCWSH_HIG_RUR,CA_DEMRESELCWSH_HIG_RUR,CA,CA,technology,mapeo_directo,False,DEMRESELCWSH_HIG_RUR,identidad,,,CA_ELC003,ELC002,CA_RESWSH_RUR,RESWSH_RUR
DEMRESELCWSH_HIG_RUR,NE_DEMRESELCWSH_HIG_RUR,NE,NE,technology,mapeo_directo,False,DEMRESELCWSH_HIG_RUR,identidad,,,NE_ELC003,ELC002,NE_RESWSH_RUR,RESWSH_RUR
DEMRESELCWSH_HIG_RUR,OR_DEMRESELCWSH_HIG_RUR,OR,OR,technology,mapeo_directo,False,DEMRESELCWSH_HIG_RUR,identidad,,,OR_ELC003,ELC002,OR_RESWSH_RUR,RESWSH_RUR
DEMRESELCWSH_HIG_RUR,SO_DEMRESELCWSH_HIG_RUR,SO,SO,technology,mapeo_directo,False,DEMRESELCWSH_HIG_RUR,identidad,,,SO_ELC003,ELC002,SO_RESWSH_RUR,RESWSH_RUR
DEMRESELCWSH_HIG_URB,AN_DEMRESELCWSH_HIG_URB,AN,AN,technology,mapeo_directo,False,DEMRESELCWSH_HIG_URB,identidad,,,AN_ELC003,ELC002,AN_RESWSH_URB,RESWSH_URB
DEMRESELCWSH_HIG_URB,CA_DEMRESELCWSH_HIG_URB,CA,CA,technology,mapeo_directo,False,DEMRESELCWSH_HIG_URB,identidad,,,CA_ELC003,ELC002,CA_RESWSH_URB,RESWSH_URB
DEMRESELCWSH_HIG_URB,NE_DEMRESELCWSH_HIG_URB,NE,NE,technology,mapeo_directo,False,DEMRESELCWSH_HIG_URB,identidad,,,NE_ELC003,ELC002,NE_RESWSH_URB,RESWSH_URB
DEMRESELCWSH_HIG_URB,OR_DEMRESELCWSH_HIG_URB,OR,OR,technology,mapeo_directo,False,DEMRESELCWSH_HIG_URB,identidad,,,OR_ELC003,ELC002,OR_RESWSH_URB,RESWSH_URB
DEMRESELCWSH_HIG_URB,SO_DEMRESELCWSH_HIG_URB,SO,SO,technology,mapeo_directo,False,DEMRESELCWSH_HIG_URB,identidad,,,SO_ELC003,ELC002,SO_RESWSH_URB,RESWSH_URB
DEMRESELCWSH_LOW_RUR,AN_DEMRESELCWSH_LOW_RUR,AN,AN,technology,mapeo_directo,False,DEMRESELCWSH_LOW_RUR,identidad,,,AN_ELC003,ELC002,AN_RESWSH_RUR,RESWSH_RUR
DEMRESELCWSH_LOW_RUR,CA_DEMRESELCWSH_LOW_RUR,CA,CA,technology,mapeo_directo,False,DEMRESELCWSH_LOW_RUR,identidad,,,CA_ELC003,ELC002,CA_RESWSH_RUR,RESWSH_RUR
DEMRESELCWSH_LOW_RUR,NE_DEMRESELCWSH_LOW_RUR,NE,NE,technology,mapeo_directo,False,DEMRESELCWSH_LOW_RUR,identidad,,,NE_ELC003,ELC002,NE_RESWSH_RUR,RESWSH_RUR
DEMRESELCWSH_LOW_RUR,OR_DEMRESELCWSH_LOW_RUR,OR,OR,technology,mapeo_directo,False,DEMRESELCWSH_LOW_RUR,identidad,,,OR_ELC003,ELC002,OR_RESWSH_RUR,RESWSH_RUR
DEMRESELCWSH_LOW_RUR,SO_DEMRESELCWSH_LOW_RUR,SO,SO,technology,mapeo_directo,False,DEMRESELCWSH_LOW_RUR,identidad,,,SO_ELC003,ELC002,SO_RESWSH_RUR,RESWSH_RUR
DEMRESELCWSH_LOW_URB,AN_DEMRESELCWSH_LOW_URB,AN,AN,technology,mapeo_directo,False,DEMRESELCWSH_LOW_URB,identidad,,,AN_ELC003,ELC002,AN_RESWSH_URB,RESWSH_URB
DEMRESELCWSH_LOW_URB,CA_DEMRESELCWSH_LOW_URB,CA,CA,technology,mapeo_directo,False,DEMRESELCWSH_LOW_URB,identidad,,,CA_ELC003,ELC002,CA_RESWSH_URB,RESWSH_URB
DEMRESELCWSH_LOW_URB,NE_DEMRESELCWSH_LOW_URB,NE,NE,technology,mapeo_directo,False,DEMRESELCWSH_LOW_URB,identidad,,,NE_ELC003,ELC002,NE_RESWSH_URB,RESWSH_URB
DEMRESELCWSH_LOW_URB,OR_DEMRESELCWSH_LOW_URB,OR,OR,technology,mapeo_directo,False,DEMRESELCWSH_LOW_URB,identidad,,,OR_ELC003,ELC002,OR_RESWSH_URB,RESWSH_URB
DEMRESELCWSH_LOW_URB,SO_DEMRESELCWSH_LOW_URB,SO,SO,technology,mapeo_directo,False,DEMRESELCWSH_LOW_URB,identidad,,,SO_ELC003,ELC002,SO_RESWSH_URB,RESWSH_URB
DEMRESELCWSH_MID_RUR,AN_DEMRESELCWSH_MID_RUR,AN,AN,technology,mapeo_directo,False,DEMRESELCWSH_MID_RUR,identidad,,,AN_ELC003,ELC002,AN_RESWSH_RUR,RESWSH_RUR
DEMRESELCWSH_MID_RUR,CA_DEMRESELCWSH_MID_RUR,CA,CA,technology,mapeo_directo,False,DEMRESELCWSH_MID_RUR,identidad,,,CA_ELC003,ELC002,CA_RESWSH_RUR,RESWSH_RUR
DEMRESELCWSH_MID_RUR,NE_DEMRESELCWSH_MID_RUR,NE,NE,technology,mapeo_directo,False,DEMRESELCWSH_MID_RUR,identidad,,,NE_ELC003,ELC002,NE_RESWSH_RUR,RESWSH_RUR
DEMRESELCWSH_MID_RUR,OR_DEMRESELCWSH_MID_RUR,OR,OR,technology,mapeo_directo,False,DEMRESELCWSH_MID_RUR,identidad,,,OR_ELC003,ELC002,OR_RESWSH_RUR,RESWSH_RUR
DEMRESELCWSH_MID_RUR,SO_DEMRESELCWSH_MID_RUR,SO,SO,technology,mapeo_directo,False,DEMRESELCWSH_MID_RUR,identidad,,,SO_ELC003,ELC002,SO_RESWSH_RUR,RESWSH_RUR
DEMRESELCWSH_MID_URB,AN_DEMRESELCWSH_MID_URB,AN,AN,technology,mapeo_directo,False,DEMRESELCWSH_MID_URB,identidad,,,AN_ELC003,ELC002,AN_RESWSH_URB,RESWSH_URB
DEMRESELCWSH_MID_URB,CA_DEMRESELCWSH_MID_URB,CA,CA,technology,mapeo_directo,False,DEMRESELCWSH_MID_URB,identidad,,,CA_ELC003,ELC002,CA_RESWSH_URB,RESWSH_URB
DEMRESELCWSH_MID_URB,NE_DEMRESELCWSH_MID_URB,NE,NE,technology,mapeo_directo,False,DEMRESELCWSH_MID_URB,identidad,,,NE_ELC003,ELC002,NE_RESWSH_URB,RESWSH_URB
DEMRESELCWSH_MID_URB,OR_DEMRESELCWSH_MID_URB,OR,OR,technology,mapeo_directo,False,DEMRESELCWSH_MID_URB,identidad,,,OR_ELC003,ELC002,OR_RESWSH_URB,RESWSH_URB
DEMRESELCWSH_MID_URB,SO_DEMRESELCWSH_MID_URB,SO,SO,technology,mapeo_directo,False,DEMRESELCWSH_MID_URB,identidad,,,SO_ELC003,ELC002,SO_RESWSH_URB,RESWSH_URB
DEMRESLPGCKN_HIG_RUR,AN_DEMRESLPGCKN_HIG_RUR,AN,AN,technology,mapeo_directo,False,DEMRESLPGCKN_HIG_RUR,identidad,,,AN_LPG002,LPG002,AN_RESDHT_RUR,RESDHT_RUR
DEMRESLPGCKN_HIG_RUR,CA_DEMRESLPGCKN_HIG_RUR,CA,CA,technology,mapeo_directo,False,DEMRESLPGCKN_HIG_RUR,identidad,,,CA_LPG002,LPG002,CA_RESDHT_RUR,RESDHT_RUR
DEMRESLPGCKN_HIG_RUR,NE_DEMRESLPGCKN_HIG_RUR,NE,NE,technology,mapeo_directo,False,DEMRESLPGCKN_HIG_RUR,identidad,,,NE_LPG002,LPG002,NE_RESDHT_RUR,RESDHT_RUR
DEMRESLPGCKN_HIG_RUR,OR_DEMRESLPGCKN_HIG_RUR,OR,OR,technology,mapeo_directo,False,DEMRESLPGCKN_HIG_RUR,identidad,,,OR_LPG002,LPG002,OR_RESDHT_RUR,RESDHT_RUR
DEMRESLPGCKN_HIG_RUR,SO_DEMRESLPGCKN_HIG_RUR,SO,SO,technology,mapeo_directo,False,DEMRESLPGCKN_HIG_RUR,identidad,,,SO_LPG002,LPG002,SO_RESDHT_RUR,RESDHT_RUR
DEMRESLPGCKN_HIG_URB,AN_DEMRESLPGCKN_HIG_URB,AN,AN,technology,mapeo_directo,False,DEMRESLPGCKN_HIG_URB,identidad,,,AN_LPG002,LPG002,AN_RESDHT_URB,RESDHT_URB
DEMRESLPGCKN_HIG_URB,CA_DEMRESLPGCKN_HIG_URB,CA,CA,technology,mapeo_directo,False,DEMRESLPGCKN_HIG_URB,identidad,,,CA_LPG002,LPG002,CA_RESDHT_URB,RESDHT_URB
DEMRESLPGCKN_HIG_URB,NE_DEMRESLPGCKN_HIG_URB,NE,NE,technology,mapeo_directo,False,DEMRESLPGCKN_HIG_URB,identidad,,,NE_LPG002,LPG002,NE_RESDHT_URB,RESDHT_URB
DEMRESLPGCKN_HIG_URB,OR_DEMRESLPGCKN_HIG_URB,OR,OR,technology,mapeo_directo,False,DEMRESLPGCKN_HIG_URB,identidad,,,OR_LPG002,LPG002,OR_RESDHT_URB,RESDHT_URB
DEMRESLPGCKN_HIG_URB,SO_DEMRESLPGCKN_HIG_URB,SO,SO,technology,mapeo_directo,False,DEMRESLPGCKN_HIG_URB,identidad,,,SO_LPG002,LPG002,SO_RESDHT_URB,RESDHT_URB
DEMRESLPGCKN_LOW_RUR,AN_DEMRESLPGCKN_LOW_RUR,AN,AN,technology,mapeo_directo,False,DEMRESLPGCKN_LOW_RUR,identidad,,,AN_LPG002,LPG002,AN_RESDHT_RUR,RESDHT_RUR
DEMRESLPGCKN_LOW_RUR,CA_DEMRESLPGCKN_LOW_RUR,CA,CA,technology,mapeo_directo,False,DEMRESLPGCKN_LOW_RUR,identidad,,,CA_LPG002,LPG002,CA_RESDHT_RUR,RESDHT_RUR
DEMRESLPGCKN_LOW_RUR,NE_DEMRESLPGCKN_LOW_RUR,NE,NE,technology,mapeo_directo,False,DEMRESLPGCKN_LOW_RUR,identidad,,,NE_LPG002,LPG002,NE_RESDHT_RUR,RESDHT_RUR
DEMRESLPGCKN_LOW_RUR,OR_DEMRESLPGCKN_LOW_RUR,OR,OR,technology,mapeo_directo,False,DEMRESLPGCKN_LOW_RUR,identidad,,,OR_LPG002,LPG002,OR_RESDHT_RUR,RESDHT_RUR
DEMRESLPGCKN_LOW_RUR,SO_DEMRESLPGCKN_LOW_RUR,SO,SO,technology,mapeo_directo,False,DEMRESLPGCKN_LOW_RUR,identidad,,,SO_LPG002,LPG002,SO_RESDHT_RUR,RESDHT_RUR
DEMRESLPGCKN_LOW_URB,AN_DEMRESLPGCKN_LOW_URB,AN,AN,technology,mapeo_directo,False,DEMRESLPGCKN_LOW_URB,identidad,,,AN_LPG002,LPG002,AN_RESDHT_URB,RESDHT_URB
DEMRESLPGCKN_LOW_URB,CA_DEMRESLPGCKN_LOW_URB,CA,CA,technology,mapeo_directo,False,DEMRESLPGCKN_LOW_URB,identidad,,,CA_LPG002,LPG002,CA_RESDHT_URB,RESDHT_URB
DEMRESLPGCKN_LOW_URB,NE_DEMRESLPGCKN_LOW_URB,NE,NE,technology,mapeo_directo,False,DEMRESLPGCKN_LOW_URB,identidad,,,NE_LPG002,LPG002,NE_RESDHT_URB,RESDHT_URB
DEMRESLPGCKN_LOW_URB,OR_DEMRESLPGCKN_LOW_URB,OR,OR,technology,mapeo_directo,False,DEMRESLPGCKN_LOW_URB,identidad,,,OR_LPG002,LPG002,OR_RESDHT_URB,RESDHT_URB
DEMRESLPGCKN_LOW_URB,SO_DEMRESLPGCKN_LOW_URB,SO,SO,technology,mapeo_directo,False,DEMRESLPGCKN_LOW_URB,identidad,,,SO_LPG002,LPG002,SO_RESDHT_URB,RESDHT_URB
DEMRESLPGCKN_MID_RUR,AN_DEMRESLPGCKN_MID_RUR,AN,AN,technology,mapeo_directo,False,DEMRESLPGCKN_MID_RUR,identidad,,,AN_LPG002,LPG002,AN_RESDHT_RUR,RESDHT_RUR
DEMRESLPGCKN_MID_RUR,CA_DEMRESLPGCKN_MID_RUR,CA,CA,technology,mapeo_directo,False,DEMRESLPGCKN_MID_RUR,identidad,,,CA_LPG002,LPG002,CA_RESDHT_RUR,RESDHT_RUR
DEMRESLPGCKN_MID_RUR,NE_DEMRESLPGCKN_MID_RUR,NE,NE,technology,mapeo_directo,False,DEMRESLPGCKN_MID_RUR,identidad,,,NE_LPG002,LPG002,NE_RESDHT_RUR,RESDHT_RUR
DEMRESLPGCKN_MID_RUR,OR_DEMRESLPGCKN_MID_RUR,OR,OR,technology,mapeo_directo,False,DEMRESLPGCKN_MID_RUR,identidad,,,OR_LPG002,LPG002,OR_RESDHT_RUR,RESDHT_RUR
DEMRESLPGCKN_MID_RUR,SO_DEMRESLPGCKN_MID_RUR,SO,SO,technology,mapeo_directo,False,DEMRESLPGCKN_MID_RUR,identidad,,,SO_LPG002,LPG002,SO_RESDHT_RUR,RESDHT_RUR
DEMRESLPGCKN_MID_URB,AN_DEMRESLPGCKN_MID_URB,AN,AN,technology,mapeo_directo,False,DEMRESLPGCKN_MID_URB,identidad,,,AN_LPG002,LPG002,AN_RESDHT_URB,RESDHT_URB
DEMRESLPGCKN_MID_URB,CA_DEMRESLPGCKN_MID_URB,CA,CA,technology,mapeo_directo,False,DEMRESLPGCKN_MID_URB,identidad,,,CA_LPG002,LPG002,CA_RESDHT_URB,RESDHT_URB
DEMRESLPGCKN_MID_URB,NE_DEMRESLPGCKN_MID_URB,NE,NE,technology,mapeo_directo,False,DEMRESLPGCKN_MID_URB,identidad,,,NE_LPG002,LPG002,NE_RESDHT_URB,RESDHT_URB
DEMRESLPGCKN_MID_URB,OR_DEMRESLPGCKN_MID_URB,OR,OR,technology,mapeo_directo,False,DEMRESLPGCKN_MID_URB,identidad,,,OR_LPG002,LPG002,OR_RESDHT_URB,RESDHT_URB
DEMRESLPGCKN_MID_URB,SO_DEMRESLPGCKN_MID_URB,SO,SO,technology,mapeo_directo,False,DEMRESLPGCKN_MID_URB,identidad,,,SO_LPG002,LPG002,SO_RESDHT_URB,RESDHT_URB
DEMRESNGSCKN_HIG_RUR,AN_DEMRESNGSCKN_HIG_RUR,AN,AN,technology,mapeo_directo,False,DEMRESNGSCKN_HIG_RUR,identidad,,,AN_NGS002,NGS002,AN_RESDHT_RUR,RESDHT_RUR
DEMRESNGSCKN_HIG_RUR,CA_DEMRESNGSCKN_HIG_RUR,CA,CA,technology,mapeo_directo,False,DEMRESNGSCKN_HIG_RUR,identidad,,,CA_NGS002,NGS002,CA_RESDHT_RUR,RESDHT_RUR
DEMRESNGSCKN_HIG_RUR,NE_DEMRESNGSCKN_HIG_RUR,NE,NE,technology,mapeo_directo,False,DEMRESNGSCKN_HIG_RUR,identidad,,,NE_NGS002,NGS002,NE_RESDHT_RUR,RESDHT_RUR
DEMRESNGSCKN_HIG_RUR,OR_DEMRESNGSCKN_HIG_RUR,OR,OR,technology,mapeo_directo,False,DEMRESNGSCKN_HIG_RUR,identidad,,,OR_NGS002,NGS002,OR_RESDHT_RUR,RESDHT_RUR
DEMRESNGSCKN_HIG_RUR,SO_DEMRESNGSCKN_HIG_RUR,SO,SO,technology,mapeo_directo,False,DEMRESNGSCKN_HIG_RUR,identidad,,,SO_NGS002,NGS002,SO_RESDHT_RUR,RESDHT_RUR
DEMRESNGSCKN_HIG_URB,AN_DEMRESNGSCKN_HIG_URB,AN,AN,technology,mapeo_directo,False,DEMRESNGSCKN_HIG_URB,identidad,,,AN_NGS002,NGS002,AN_RESDHT_URB,RESDHT_URB
DEMRESNGSCKN_HIG_URB,CA_DEMRESNGSCKN_HIG_URB,CA,CA,technology,mapeo_directo,False,DEMRESNGSCKN_HIG_URB,identidad,,,CA_NGS002,NGS002,CA_RESDHT_URB,RESDHT_URB
DEMRESNGSCKN_HIG_URB,NE_DEMRESNGSCKN_HIG_URB,NE,NE,technology,mapeo_directo,False,DEMRESNGSCKN_HIG_URB,identidad,,,NE_NGS002,NGS002,NE_RESDHT_URB,RESDHT_URB
DEMRESNGSCKN_HIG_URB,OR_DEMRESNGSCKN_HIG_URB,OR,OR,technology,mapeo_directo,False,DEMRESNGSCKN_HIG_URB,identidad,,,OR_NGS002,NGS002,OR_RESDHT_URB,RESDHT_URB
DEMRESNGSCKN_HIG_URB,SO_DEMRESNGSCKN_HIG_URB,SO,SO,technology,mapeo_directo,False,DEMRESNGSCKN_HIG_URB,identidad,,,SO_NGS002,NGS002,SO_RESDHT_URB,RESDHT_URB
DEMRESNGSCKN_LOW_RUR,AN_DEMRESNGSCKN_LOW_RUR,AN,AN,technology,mapeo_directo,False,DEMRESNGSCKN_LOW_RUR,identidad,,,AN_NGS002,NGS002,AN_RESDHT_RUR,RESDHT_RUR
DEMRESNGSCKN_LOW_RUR,CA_DEMRESNGSCKN_LOW_RUR,CA,CA,technology,mapeo_directo,False,DEMRESNGSCKN_LOW_RUR,identidad,,,CA_NGS002,NGS002,CA_RESDHT_RUR,RESDHT_RUR
DEMRESNGSCKN_LOW_RUR,NE_DEMRESNGSCKN_LOW_RUR,NE,NE,technology,mapeo_directo,False,DEMRESNGSCKN_LOW_RUR,identidad,,,NE_NGS002,NGS002,NE_RESDHT_RUR,RESDHT_RUR
DEMRESNGSCKN_LOW_RUR,OR_DEMRESNGSCKN_LOW_RUR,OR,OR,technology,mapeo_directo,False,DEMRESNGSCKN_LOW_RUR,identidad,,,OR_NGS002,NGS002,OR_RESDHT_RUR,RESDHT_RUR
DEMRESNGSCKN_LOW_RUR,SO_DEMRESNGSCKN_LOW_RUR,SO,SO,technology,mapeo_directo,False,DEMRESNGSCKN_LOW_RUR,identidad,,,SO_NGS002,NGS002,SO_RESDHT_RUR,RESDHT_RUR
DEMRESNGSCKN_LOW_URB,AN_DEMRESNGSCKN_LOW_URB,AN,AN,technology,mapeo_directo,False,DEMRESNGSCKN_LOW_URB,identidad,,,AN_NGS002,NGS002,AN_RESDHT_URB,RESDHT_URB
DEMRESNGSCKN_LOW_URB,CA_DEMRESNGSCKN_LOW_URB,CA,CA,technology,mapeo_directo,False,DEMRESNGSCKN_LOW_URB,identidad,,,CA_NGS002,NGS002,CA_RESDHT_URB,RESDHT_URB
DEMRESNGSCKN_LOW_URB,NE_DEMRESNGSCKN_LOW_URB,NE,NE,technology,mapeo_directo,False,DEMRESNGSCKN_LOW_URB,identidad,,,NE_NGS002,NGS002,NE_RESDHT_URB,RESDHT_URB
DEMRESNGSCKN_LOW_URB,OR_DEMRESNGSCKN_LOW_URB,OR,OR,technology,mapeo_directo,False,DEMRESNGSCKN_LOW_URB,identidad,,,OR_NGS002,NGS002,OR_RESDHT_URB,RESDHT_URB
DEMRESNGSCKN_LOW_URB,SO_DEMRESNGSCKN_LOW_URB,SO,SO,technology,mapeo_directo,False,DEMRESNGSCKN_LOW_URB,identidad,,,SO_NGS002,NGS002,SO_RESDHT_URB,RESDHT_URB
DEMRESNGSCKN_MID_RUR,AN_DEMRESNGSCKN_MID_RUR,AN,AN,technology,mapeo_directo,False,DEMRESNGSCKN_MID_RUR,identidad,,,AN_NGS002,NGS002,AN_RESDHT_RUR,RESDHT_RUR
DEMRESNGSCKN_MID_RUR,CA_DEMRESNGSCKN_MID_RUR,CA,CA,technology,mapeo_directo,False,DEMRESNGSCKN_MID_RUR,identidad,,,CA_NGS002,NGS002,CA_RESDHT_RUR,RESDHT_RUR
DEMRESNGSCKN_MID_RUR,NE_DEMRESNGSCKN_MID_RUR,NE,NE,technology,mapeo_directo,False,DEMRESNGSCKN_MID_RUR,identidad,,,NE_NGS002,NGS002,NE_RESDHT_RUR,RESDHT_RUR
DEMRESNGSCKN_MID_RUR,OR_DEMRESNGSCKN_MID_RUR,OR,OR,technology,mapeo_directo,False,DEMRESNGSCKN_MID_RUR,identidad,,,OR_NGS002,NGS002,OR_RESDHT_RUR,RESDHT_RUR
DEMRESNGSCKN_MID_RUR,SO_DEMRESNGSCKN_MID_RUR,SO,SO,technology,mapeo_directo,False,DEMRESNGSCKN_MID_RUR,identidad,,,SO_NGS002,NGS002,SO_RESDHT_RUR,RESDHT_RUR
DEMRESNGSCKN_MID_URB,AN_DEMRESNGSCKN_MID_URB,AN,AN,technology,mapeo_directo,False,DEMRESNGSCKN_MID_URB,identidad,,,AN_NGS002,NGS002,AN_RESDHT_URB,RESDHT_URB
DEMRESNGSCKN_MID_URB,CA_DEMRESNGSCKN_MID_URB,CA,CA,technology,mapeo_directo,False,DEMRESNGSCKN_MID_URB,identidad,,,CA_NGS002,NGS002,CA_RESDHT_URB,RESDHT_URB
DEMRESNGSCKN_MID_URB,NE_DEMRESNGSCKN_MID_URB,NE,NE,technology,mapeo_directo,False,DEMRESNGSCKN_MID_URB,identidad,,,NE_NGS002,NGS002,NE_RESDHT_URB,RESDHT_URB
DEMRESNGSCKN_MID_URB,OR_DEMRESNGSCKN_MID_URB,OR,OR,technology,mapeo_directo,False,DEMRESNGSCKN_MID_URB,identidad,,,OR_NGS002,NGS002,OR_RESDHT_URB,RESDHT_URB
DEMRESNGSCKN_MID_URB,SO_DEMRESNGSCKN_MID_URB,SO,SO,technology,mapeo_directo,False,DEMRESNGSCKN_MID_URB,identidad,,,SO_NGS002,NGS002,SO_RESDHT_URB,RESDHT_URB
DEMRESNGSWHT_FOR_HIG_RUR,AN_DEMRESNGSWHT_FOR_HIG_RUR,AN,AN,technology,mapeo_directo,False,DEMRESNGSWHT_FOR_HIG_RUR,identidad,,,AN_NGS002,NGS002,AN_RESWHT_RUR,RESWHT_RUR
DEMRESNGSWHT_FOR_HIG_RUR,CA_DEMRESNGSWHT_FOR_HIG_RUR,CA,CA,technology,mapeo_directo,False,DEMRESNGSWHT_FOR_HIG_RUR,identidad,,,CA_NGS002,NGS002,CA_RESWHT_RUR,RESWHT_RUR
DEMRESNGSWHT_FOR_HIG_RUR,NE_DEMRESNGSWHT_FOR_HIG_RUR,NE,NE,technology,mapeo_directo,False,DEMRESNGSWHT_FOR_HIG_RUR,identidad,,,NE_NGS002,NGS002,NE_RESWHT_RUR,RESWHT_RUR
DEMRESNGSWHT_FOR_HIG_RUR,OR_DEMRESNGSWHT_FOR_HIG_RUR,OR,OR,technology,mapeo_directo,False,DEMRESNGSWHT_FOR_HIG_RUR,identidad,,,OR_NGS002,NGS002,OR_RESWHT_RUR,RESWHT_RUR
DEMRESNGSWHT_FOR_HIG_RUR,SO_DEMRESNGSWHT_FOR_HIG_RUR,SO,SO,technology,mapeo_directo,False,DEMRESNGSWHT_FOR_HIG_RUR,identidad,,,SO_NGS002,NGS002,SO_RESWHT_RUR,RESWHT_RUR
DEMRESNGSWHT_FOR_HIG_URB,AN_DEMRESNGSWHT_FOR_HIG_URB,AN,AN,technology,mapeo_directo,False,DEMRESNGSWHT_FOR_HIG_URB,identidad,,,AN_NGS002,NGS002,AN_RESWHT_URB,RESWHT_URB
DEMRESNGSWHT_FOR_HIG_URB,CA_DEMRESNGSWHT_FOR_HIG_URB,CA,CA,technology,mapeo_directo,False,DEMRESNGSWHT_FOR_HIG_URB,identidad,,,CA_NGS002,NGS002,CA_RESWHT_URB,RESWHT_URB
DEMRESNGSWHT_FOR_HIG_URB,NE_DEMRESNGSWHT_FOR_HIG_URB,NE,NE,technology,mapeo_directo,False,DEMRESNGSWHT_FOR_HIG_URB,identidad,,,NE_NGS002,NGS002,NE_RESWHT_URB,RESWHT_URB
DEMRESNGSWHT_FOR_HIG_URB,OR_DEMRESNGSWHT_FOR_HIG_URB,OR,OR,technology,mapeo_directo,False,DEMRESNGSWHT_FOR_HIG_URB,identidad,,,OR_NGS002,NGS002,OR_RESWHT_URB,RESWHT_URB
DEMRESNGSWHT_FOR_HIG_URB,SO_DEMRESNGSWHT_FOR_HIG_URB,SO,SO,technology,mapeo_directo,False,DEMRESNGSWHT_FOR_HIG_URB,identidad,,,SO_NGS002,NGS002,SO_RESWHT_URB,RESWHT_URB
DEMRESNGSWHT_FOR_LOW_RUR,AN_DEMRESNGSWHT_FOR_LOW_RUR,AN,AN,technology,mapeo_directo,False,DEMRESNGSWHT_FOR_LOW_RUR,identidad,,,AN_NGS002,NGS002,AN_RESWHT_RUR,RESWHT_RUR
DEMRESNGSWHT_FOR_LOW_RUR,CA_DEMRESNGSWHT_FOR_LOW_RUR,CA,CA,technology,mapeo_directo,False,DEMRESNGSWHT_FOR_LOW_RUR,identidad,,,CA_NGS002,NGS002,CA_RESWHT_RUR,RESWHT_RUR
DEMRESNGSWHT_FOR_LOW_RUR,NE_DEMRESNGSWHT_FOR_LOW_RUR,NE,NE,technology,mapeo_directo,False,DEMRESNGSWHT_FOR_LOW_RUR,identidad,,,NE_NGS002,NGS002,NE_RESWHT_RUR,RESWHT_RUR
DEMRESNGSWHT_FOR_LOW_RUR,OR_DEMRESNGSWHT_FOR_LOW_RUR,OR,OR,technology,mapeo_directo,False,DEMRESNGSWHT_FOR_LOW_RUR,identidad,,,OR_NGS002,NGS002,OR_RESWHT_RUR,RESWHT_RUR
DEMRESNGSWHT_FOR_LOW_RUR,SO_DEMRESNGSWHT_FOR_LOW_RUR,SO,SO,technology,mapeo_directo,False,DEMRESNGSWHT_FOR_LOW_RUR,identidad,,,SO_NGS002,NGS002,SO_RESWHT_RUR,RESWHT_RUR
DEMRESNGSWHT_FOR_LOW_URB,AN_DEMRESNGSWHT_FOR_LOW_URB,AN,AN,technology,mapeo_directo,False,DEMRESNGSWHT_FOR_LOW_URB,identidad,,,AN_NGS002,NGS002,AN_RESWHT_URB,RESWHT_URB
DEMRESNGSWHT_FOR_LOW_URB,CA_DEMRESNGSWHT_FOR_LOW_URB,CA,CA,technology,mapeo_directo,False,DEMRESNGSWHT_FOR_LOW_URB,identidad,,,CA_NGS002,NGS002,CA_RESWHT_URB,RESWHT_URB
DEMRESNGSWHT_FOR_LOW_URB,NE_DEMRESNGSWHT_FOR_LOW_URB,NE,NE,technology,mapeo_directo,False,DEMRESNGSWHT_FOR_LOW_URB,identidad,,,NE_NGS002,NGS002,NE_RESWHT_URB,RESWHT_URB
DEMRESNGSWHT_FOR_LOW_URB,OR_DEMRESNGSWHT_FOR_LOW_URB,OR,OR,technology,mapeo_directo,False,DEMRESNGSWHT_FOR_LOW_URB,identidad,,,OR_NGS002,NGS002,OR_RESWHT_URB,RESWHT_URB
DEMRESNGSWHT_FOR_LOW_URB,SO_DEMRESNGSWHT_FOR_LOW_URB,SO,SO,technology,mapeo_directo,False,DEMRESNGSWHT_FOR_LOW_URB,identidad,,,SO_NGS002,NGS002,SO_RESWHT_URB,RESWHT_URB
DEMRESNGSWHT_FOR_MID_RUR,AN_DEMRESNGSWHT_FOR_MID_RUR,AN,AN,technology,mapeo_directo,False,DEMRESNGSWHT_FOR_MID_RUR,identidad,,,AN_NGS002,NGS002,AN_RESWHT_RUR,RESWHT_RUR
DEMRESNGSWHT_FOR_MID_RUR,CA_DEMRESNGSWHT_FOR_MID_RUR,CA,CA,technology,mapeo_directo,False,DEMRESNGSWHT_FOR_MID_RUR,identidad,,,CA_NGS002,NGS002,CA_RESWHT_RUR,RESWHT_RUR
DEMRESNGSWHT_FOR_MID_RUR,NE_DEMRESNGSWHT_FOR_MID_RUR,NE,NE,technology,mapeo_directo,False,DEMRESNGSWHT_FOR_MID_RUR,identidad,,,NE_NGS002,NGS002,NE_RESWHT_RUR,RESWHT_RUR
DEMRESNGSWHT_FOR_MID_RUR,OR_DEMRESNGSWHT_FOR_MID_RUR,OR,OR,technology,mapeo_directo,False,DEMRESNGSWHT_FOR_MID_RUR,identidad,,,OR_NGS002,NGS002,OR_RESWHT_RUR,RESWHT_RUR
DEMRESNGSWHT_FOR_MID_RUR,SO_DEMRESNGSWHT_FOR_MID_RUR,SO,SO,technology,mapeo_directo,False,DEMRESNGSWHT_FOR_MID_RUR,identidad,,,SO_NGS002,NGS002,SO_RESWHT_RUR,RESWHT_RUR
DEMRESNGSWHT_FOR_MID_URB,AN_DEMRESNGSWHT_FOR_MID_URB,AN,AN,technology,mapeo_directo,False,DEMRESNGSWHT_FOR_MID_URB,identidad,,,AN_NGS002,NGS002,AN_RESWHT_URB,RESWHT_URB
DEMRESNGSWHT_FOR_MID_URB,CA_DEMRESNGSWHT_FOR_MID_URB,CA,CA,technology,mapeo_directo,False,DEMRESNGSWHT_FOR_MID_URB,identidad,,,CA_NGS002,NGS002,CA_RESWHT_URB,RESWHT_URB
DEMRESNGSWHT_FOR_MID_URB,NE_DEMRESNGSWHT_FOR_MID_URB,NE,NE,technology,mapeo_directo,False,DEMRESNGSWHT_FOR_MID_URB,identidad,,,NE_NGS002,NGS002,NE_RESWHT_URB,RESWHT_URB
DEMRESNGSWHT_FOR_MID_URB,OR_DEMRESNGSWHT_FOR_MID_URB,OR,OR,technology,mapeo_directo,False,DEMRESNGSWHT_FOR_MID_URB,identidad,,,OR_NGS002,NGS002,OR_RESWHT_URB,RESWHT_URB
DEMRESNGSWHT_FOR_MID_URB,SO_DEMRESNGSWHT_FOR_MID_URB,SO,SO,technology,mapeo_directo,False,DEMRESNGSWHT_FOR_MID_URB,identidad,,,SO_NGS002,NGS002,SO_RESWHT_URB,RESWHT_URB
DEMRESNGSWHT_NAT_HIG_RUR,AN_DEMRESNGSWHT_NAT_HIG_RUR,AN,AN,technology,mapeo_directo,False,DEMRESNGSWHT_NAT_HIG_RUR,identidad,,,AN_NGS002,NGS002,AN_RESWHT_RUR,RESWHT_RUR
DEMRESNGSWHT_NAT_HIG_RUR,CA_DEMRESNGSWHT_NAT_HIG_RUR,CA,CA,technology,mapeo_directo,False,DEMRESNGSWHT_NAT_HIG_RUR,identidad,,,CA_NGS002,NGS002,CA_RESWHT_RUR,RESWHT_RUR
DEMRESNGSWHT_NAT_HIG_RUR,NE_DEMRESNGSWHT_NAT_HIG_RUR,NE,NE,technology,mapeo_directo,False,DEMRESNGSWHT_NAT_HIG_RUR,identidad,,,NE_NGS002,NGS002,NE_RESWHT_RUR,RESWHT_RUR
DEMRESNGSWHT_NAT_HIG_RUR,OR_DEMRESNGSWHT_NAT_HIG_RUR,OR,OR,technology,mapeo_directo,False,DEMRESNGSWHT_NAT_HIG_RUR,identidad,,,OR_NGS002,NGS002,OR_RESWHT_RUR,RESWHT_RUR
DEMRESNGSWHT_NAT_HIG_RUR,SO_DEMRESNGSWHT_NAT_HIG_RUR,SO,SO,technology,mapeo_directo,False,DEMRESNGSWHT_NAT_HIG_RUR,identidad,,,SO_NGS002,NGS002,SO_RESWHT_RUR,RESWHT_RUR
DEMRESNGSWHT_NAT_HIG_URB,AN_DEMRESNGSWHT_NAT_HIG_URB,AN,AN,technology,mapeo_directo,False,DEMRESNGSWHT_NAT_HIG_URB,identidad,,,AN_NGS002,NGS002,AN_RESWHT_URB,RESWHT_URB
DEMRESNGSWHT_NAT_HIG_URB,CA_DEMRESNGSWHT_NAT_HIG_URB,CA,CA,technology,mapeo_directo,False,DEMRESNGSWHT_NAT_HIG_URB,identidad,,,CA_NGS002,NGS002,CA_RESWHT_URB,RESWHT_URB
DEMRESNGSWHT_NAT_HIG_URB,NE_DEMRESNGSWHT_NAT_HIG_URB,NE,NE,technology,mapeo_directo,False,DEMRESNGSWHT_NAT_HIG_URB,identidad,,,NE_NGS002,NGS002,NE_RESWHT_URB,RESWHT_URB
DEMRESNGSWHT_NAT_HIG_URB,OR_DEMRESNGSWHT_NAT_HIG_URB,OR,OR,technology,mapeo_directo,False,DEMRESNGSWHT_NAT_HIG_URB,identidad,,,OR_NGS002,NGS002,OR_RESWHT_URB,RESWHT_URB
DEMRESNGSWHT_NAT_HIG_URB,SO_DEMRESNGSWHT_NAT_HIG_URB,SO,SO,technology,mapeo_directo,False,DEMRESNGSWHT_NAT_HIG_URB,identidad,,,SO_NGS002,NGS002,SO_RESWHT_URB,RESWHT_URB
DEMRESNGSWHT_NAT_LOW_RUR,AN_DEMRESNGSWHT_NAT_LOW_RUR,AN,AN,technology,mapeo_directo,False,DEMRESNGSWHT_NAT_LOW_RUR,identidad,,,AN_NGS002,NGS002,AN_RESWHT_RUR,RESWHT_RUR
DEMRESNGSWHT_NAT_LOW_RUR,CA_DEMRESNGSWHT_NAT_LOW_RUR,CA,CA,technology,mapeo_directo,False,DEMRESNGSWHT_NAT_LOW_RUR,identidad,,,CA_NGS002,NGS002,CA_RESWHT_RUR,RESWHT_RUR
DEMRESNGSWHT_NAT_LOW_RUR,NE_DEMRESNGSWHT_NAT_LOW_RUR,NE,NE,technology,mapeo_directo,False,DEMRESNGSWHT_NAT_LOW_RUR,identidad,,,NE_NGS002,NGS002,NE_RESWHT_RUR,RESWHT_RUR
DEMRESNGSWHT_NAT_LOW_RUR,OR_DEMRESNGSWHT_NAT_LOW_RUR,OR,OR,technology,mapeo_directo,False,DEMRESNGSWHT_NAT_LOW_RUR,identidad,,,OR_NGS002,NGS002,OR_RESWHT_RUR,RESWHT_RUR
DEMRESNGSWHT_NAT_LOW_RUR,SO_DEMRESNGSWHT_NAT_LOW_RUR,SO,SO,technology,mapeo_directo,False,DEMRESNGSWHT_NAT_LOW_RUR,identidad,,,SO_NGS002,NGS002,SO_RESWHT_RUR,RESWHT_RUR
DEMRESNGSWHT_NAT_LOW_URB,AN_DEMRESNGSWHT_NAT_LOW_URB,AN,AN,technology,mapeo_directo,False,DEMRESNGSWHT_NAT_LOW_URB,identidad,,,AN_NGS002,NGS002,AN_RESWHT_URB,RESWHT_URB
DEMRESNGSWHT_NAT_LOW_URB,CA_DEMRESNGSWHT_NAT_LOW_URB,CA,CA,technology,mapeo_directo,False,DEMRESNGSWHT_NAT_LOW_URB,identidad,,,CA_NGS002,NGS002,CA_RESWHT_URB,RESWHT_URB
DEMRESNGSWHT_NAT_LOW_URB,NE_DEMRESNGSWHT_NAT_LOW_URB,NE,NE,technology,mapeo_directo,False,DEMRESNGSWHT_NAT_LOW_URB,identidad,,,NE_NGS002,NGS002,NE_RESWHT_URB,RESWHT_URB
DEMRESNGSWHT_NAT_LOW_URB,OR_DEMRESNGSWHT_NAT_LOW_URB,OR,OR,technology,mapeo_directo,False,DEMRESNGSWHT_NAT_LOW_URB,identidad,,,OR_NGS002,NGS002,OR_RESWHT_URB,RESWHT_URB
DEMRESNGSWHT_NAT_LOW_URB,SO_DEMRESNGSWHT_NAT_LOW_URB,SO,SO,technology,mapeo_directo,False,DEMRESNGSWHT_NAT_LOW_URB,identidad,,,SO_NGS002,NGS002,SO_RESWHT_URB,RESWHT_URB
DEMRESWOOCKN_HIG_RUR,AN_DEMRESWOOCKN_HIG_RUR,AN,AN,technology,mapeo_directo,False,DEMRESWOOCKN_HIG_RUR,identidad,,,AN_WOO,WOO,AN_RESDHT_RUR,RESDHT_RUR
DEMRESWOOCKN_HIG_RUR,CA_DEMRESWOOCKN_HIG_RUR,CA,CA,technology,mapeo_directo,False,DEMRESWOOCKN_HIG_RUR,identidad,,,CA_WOO,WOO,CA_RESDHT_RUR,RESDHT_RUR
DEMRESWOOCKN_HIG_RUR,NE_DEMRESWOOCKN_HIG_RUR,NE,NE,technology,mapeo_directo,False,DEMRESWOOCKN_HIG_RUR,identidad,,,NE_WOO,WOO,NE_RESDHT_RUR,RESDHT_RUR
DEMRESWOOCKN_HIG_RUR,OR_DEMRESWOOCKN_HIG_RUR,OR,OR,technology,mapeo_directo,False,DEMRESWOOCKN_HIG_RUR,identidad,,,OR_WOO,WOO,OR_RESDHT_RUR,RESDHT_RUR
DEMRESWOOCKN_HIG_RUR,SO_DEMRESWOOCKN_HIG_RUR,SO,SO,technology,mapeo_directo,False,DEMRESWOOCKN_HIG_RUR,identidad,,,SO_WOO,WOO,SO_RESDHT_RUR,RESDHT_RUR
DEMRESWOOCKN_HIG_URB,AN_DEMRESWOOCKN_HIG_URB,AN,AN,technology,mapeo_directo,False,DEMRESWOOCKN_HIG_URB,identidad,,,AN_WOO,WOO,AN_RESDHT_URB,RESDHT_URB
DEMRESWOOCKN_HIG_URB,CA_DEMRESWOOCKN_HIG_URB,CA,CA,technology,mapeo_directo,False,DEMRESWOOCKN_HIG_URB,identidad,,,CA_WOO,WOO,CA_RESDHT_URB,RESDHT_URB
DEMRESWOOCKN_HIG_URB,NE_DEMRESWOOCKN_HIG_URB,NE,NE,technology,mapeo_directo,False,DEMRESWOOCKN_HIG_URB,identidad,,,NE_WOO,WOO,NE_RESDHT_URB,RESDHT_URB
DEMRESWOOCKN_HIG_URB,OR_DEMRESWOOCKN_HIG_URB,OR,OR,technology,mapeo_directo,False,DEMRESWOOCKN_HIG_URB,identidad,,,OR_WOO,WOO,OR_RESDHT_URB,RESDHT_URB
DEMRESWOOCKN_HIG_URB,SO_DEMRESWOOCKN_HIG_URB,SO,SO,technology,mapeo_directo,False,DEMRESWOOCKN_HIG_URB,identidad,,,SO_WOO,WOO,SO_RESDHT_URB,RESDHT_URB
DEMRESWOOCKN_LOW_RUR,AN_DEMRESWOOCKN_LOW_RUR,AN,AN,technology,mapeo_directo,False,DEMRESWOOCKN_LOW_RUR,identidad,,,AN_WOO,WOO,AN_RESDHT_RUR,RESDHT_RUR
DEMRESWOOCKN_LOW_RUR,CA_DEMRESWOOCKN_LOW_RUR,CA,CA,technology,mapeo_directo,False,DEMRESWOOCKN_LOW_RUR,identidad,,,CA_WOO,WOO,CA_RESDHT_RUR,RESDHT_RUR
DEMRESWOOCKN_LOW_RUR,NE_DEMRESWOOCKN_LOW_RUR,NE,NE,technology,mapeo_directo,False,DEMRESWOOCKN_LOW_RUR,identidad,,,NE_WOO,WOO,NE_RESDHT_RUR,RESDHT_RUR
DEMRESWOOCKN_LOW_RUR,OR_DEMRESWOOCKN_LOW_RUR,OR,OR,technology,mapeo_directo,False,DEMRESWOOCKN_LOW_RUR,identidad,,,OR_WOO,WOO,OR_RESDHT_RUR,RESDHT_RUR
DEMRESWOOCKN_LOW_RUR,SO_DEMRESWOOCKN_LOW_RUR,SO,SO,technology,mapeo_directo,False,DEMRESWOOCKN_LOW_RUR,identidad,,,SO_WOO,WOO,SO_RESDHT_RUR,RESDHT_RUR
DEMRESWOOCKN_LOW_URB,AN_DEMRESWOOCKN_LOW_URB,AN,AN,technology,mapeo_directo,False,DEMRESWOOCKN_LOW_URB,identidad,,,AN_WOO,WOO,AN_RESDHT_URB,RESDHT_URB
DEMRESWOOCKN_LOW_URB,CA_DEMRESWOOCKN_LOW_URB,CA,CA,technology,mapeo_directo,False,DEMRESWOOCKN_LOW_URB,identidad,,,CA_WOO,WOO,CA_RESDHT_URB,RESDHT_URB
DEMRESWOOCKN_LOW_URB,NE_DEMRESWOOCKN_LOW_URB,NE,NE,technology,mapeo_directo,False,DEMRESWOOCKN_LOW_URB,identidad,,,NE_WOO,WOO,NE_RESDHT_URB,RESDHT_URB
DEMRESWOOCKN_LOW_URB,OR_DEMRESWOOCKN_LOW_URB,OR,OR,technology,mapeo_directo,False,DEMRESWOOCKN_LOW_URB,identidad,,,OR_WOO,WOO,OR_RESDHT_URB,RESDHT_URB
DEMRESWOOCKN_LOW_URB,SO_DEMRESWOOCKN_LOW_URB,SO,SO,technology,mapeo_directo,False,DEMRESWOOCKN_LOW_URB,identidad,,,SO_WOO,WOO,SO_RESDHT_URB,RESDHT_URB
DEMRESWOOCKN_MID_RUR,AN_DEMRESWOOCKN_MID_RUR,AN,AN,technology,mapeo_directo,False,DEMRESWOOCKN_MID_RUR,identidad,,,AN_WOO,WOO,AN_RESDHT_RUR,RESDHT_RUR
DEMRESWOOCKN_MID_RUR,CA_DEMRESWOOCKN_MID_RUR,CA,CA,technology,mapeo_directo,False,DEMRESWOOCKN_MID_RUR,identidad,,,CA_WOO,WOO,CA_RESDHT_RUR,RESDHT_RUR
DEMRESWOOCKN_MID_RUR,NE_DEMRESWOOCKN_MID_RUR,NE,NE,technology,mapeo_directo,False,DEMRESWOOCKN_MID_RUR,identidad,,,NE_WOO,WOO,NE_RESDHT_RUR,RESDHT_RUR
DEMRESWOOCKN_MID_RUR,OR_DEMRESWOOCKN_MID_RUR,OR,OR,technology,mapeo_directo,False,DEMRESWOOCKN_MID_RUR,identidad,,,OR_WOO,WOO,OR_RESDHT_RUR,RESDHT_RUR
DEMRESWOOCKN_MID_RUR,SO_DEMRESWOOCKN_MID_RUR,SO,SO,technology,mapeo_directo,False,DEMRESWOOCKN_MID_RUR,identidad,,,SO_WOO,WOO,SO_RESDHT_RUR,RESDHT_RUR
DEMRESWOOCKN_MID_URB,AN_DEMRESWOOCKN_MID_URB,AN,AN,technology,mapeo_directo,False,DEMRESWOOCKN_MID_URB,identidad,,,AN_WOO,WOO,AN_RESDHT_URB,RESDHT_URB
DEMRESWOOCKN_MID_URB,CA_DEMRESWOOCKN_MID_URB,CA,CA,technology,mapeo_directo,False,DEMRESWOOCKN_MID_URB,identidad,,,CA_WOO,WOO,CA_RESDHT_URB,RESDHT_URB
DEMRESWOOCKN_MID_URB,NE_DEMRESWOOCKN_MID_URB,NE,NE,technology,mapeo_directo,False,DEMRESWOOCKN_MID_URB,identidad,,,NE_WOO,WOO,NE_RESDHT_URB,RESDHT_URB
DEMRESWOOCKN_MID_URB,OR_DEMRESWOOCKN_MID_URB,OR,OR,technology,mapeo_directo,False,DEMRESWOOCKN_MID_URB,identidad,,,OR_WOO,WOO,OR_RESDHT_URB,RESDHT_URB
DEMRESWOOCKN_MID_URB,SO_DEMRESWOOCKN_MID_URB,SO,SO,technology,mapeo_directo,False,DEMRESWOOCKN_MID_URB,identidad,,,SO_WOO,WOO,SO_RESDHT_URB,RESDHT_URB
DEMRES_MEDPVA_URB,AN_DEMRES_MEDPVA_URB,AN,AN,technology,mapeo_directo,False,DEMRES_MEDPVA_URB,identidad,,,,,AN_RESCLIM_URB;AN_RESILU_URB,RESCLIM_URB;RESILU_URB
DEMRES_MEDPVA_URB,CA_DEMRES_MEDPVA_URB,CA,CA,technology,mapeo_directo,False,DEMRES_MEDPVA_URB,identidad,,,,,CA_RESCLIM_URB;CA_RESILU_URB,RESCLIM_URB;RESILU_URB
DEMRES_MEDPVA_URB,NE_DEMRES_MEDPVA_URB,NE,NE,technology,mapeo_directo,False,DEMRES_MEDPVA_URB,identidad,,,,,NE_RESCLIM_URB;NE_RESILU_URB,RESCLIM_URB;RESILU_URB
DEMRES_MEDPVA_URB,OR_DEMRES_MEDPVA_URB,OR,OR,technology,mapeo_directo,False,DEMRES_MEDPVA_URB,identidad,,,,,OR_RESCLIM_URB;OR_RESILU_URB,RESCLIM_URB;RESILU_URB
DEMRES_MEDPVA_URB,SO_DEMRES_MEDPVA_URB,SO,SO,technology,mapeo_directo,False,DEMRES_MEDPVA_URB,identidad,,,,,SO_RESCLIM_URB;SO_RESILU_URB,RESCLIM_URB;RESILU_URB
DEMTERBGSCKN_HIG,AN_DEMTERBGSCKN_HIG,AN,AN,technology,mapeo_directo,False,DEMTERBGSCKN_HIG,identidad,,,AN_BGS,BGS,AN_TERDHT,TERDHT
DEMTERBGSCKN_HIG,CA_DEMTERBGSCKN_HIG,CA,CA,technology,mapeo_directo,False,DEMTERBGSCKN_HIG,identidad,,,CA_BGS,BGS,CA_TERDHT,TERDHT
DEMTERBGSCKN_HIG,NE_DEMTERBGSCKN_HIG,NE,NE,technology,mapeo_directo,False,DEMTERBGSCKN_HIG,identidad,,,NE_BGS,BGS,NE_TERDHT,TERDHT
DEMTERBGSCKN_HIG,OR_DEMTERBGSCKN_HIG,OR,OR,technology,mapeo_directo,False,DEMTERBGSCKN_HIG,identidad,,,OR_BGS,BGS,OR_TERDHT,TERDHT
DEMTERBGSCKN_HIG,SE_DEMTERBGSCKN_HIG,SE,SE,technology,mapeo_directo,False,DEMTERBGSCKN_HIG,identidad,,,SE_BGS,BGS,SE_TERDHT,TERDHT
DEMTERBGSCKN_HIG,SO_DEMTERBGSCKN_HIG,SO,SO,technology,mapeo_directo,False,DEMTERBGSCKN_HIG,identidad,,,SO_BGS,BGS,SO_TERDHT,TERDHT
DEMTERBGSCKN_LOW,AN_DEMTERBGSCKN_LOW,AN,AN,technology,mapeo_directo,False,DEMTERBGSCKN_LOW,identidad,,,AN_BGS,BGS,AN_TERDHT,TERDHT
DEMTERBGSCKN_LOW,CA_DEMTERBGSCKN_LOW,CA,CA,technology,mapeo_directo,False,DEMTERBGSCKN_LOW,identidad,,,CA_BGS,BGS,CA_TERDHT,TERDHT
DEMTERBGSCKN_LOW,NE_DEMTERBGSCKN_LOW,NE,NE,technology,mapeo_directo,False,DEMTERBGSCKN_LOW,identidad,,,NE_BGS,BGS,NE_TERDHT,TERDHT
DEMTERBGSCKN_LOW,OR_DEMTERBGSCKN_LOW,OR,OR,technology,mapeo_directo,False,DEMTERBGSCKN_LOW,identidad,,,OR_BGS,BGS,OR_TERDHT,TERDHT
DEMTERBGSCKN_LOW,SE_DEMTERBGSCKN_LOW,SE,SE,technology,mapeo_directo,False,DEMTERBGSCKN_LOW,identidad,,,SE_BGS,BGS,SE_TERDHT,TERDHT
DEMTERBGSCKN_LOW,SO_DEMTERBGSCKN_LOW,SO,SO,technology,mapeo_directo,False,DEMTERBGSCKN_LOW,identidad,,,SO_BGS,BGS,SO_TERDHT,TERDHT
DEMTERBGSCKN_MID,AN_DEMTERBGSCKN_MID,AN,AN,technology,mapeo_directo,False,DEMTERBGSCKN_MID,identidad,,,AN_BGS,BGS,AN_TERDHT,TERDHT
DEMTERBGSCKN_MID,CA_DEMTERBGSCKN_MID,CA,CA,technology,mapeo_directo,False,DEMTERBGSCKN_MID,identidad,,,CA_BGS,BGS,CA_TERDHT,TERDHT
DEMTERBGSCKN_MID,NE_DEMTERBGSCKN_MID,NE,NE,technology,mapeo_directo,False,DEMTERBGSCKN_MID,identidad,,,NE_BGS,BGS,NE_TERDHT,TERDHT
DEMTERBGSCKN_MID,OR_DEMTERBGSCKN_MID,OR,OR,technology,mapeo_directo,False,DEMTERBGSCKN_MID,identidad,,,OR_BGS,BGS,OR_TERDHT,TERDHT
DEMTERBGSCKN_MID,SE_DEMTERBGSCKN_MID,SE,SE,technology,mapeo_directo,False,DEMTERBGSCKN_MID,identidad,,,SE_BGS,BGS,SE_TERDHT,TERDHT
DEMTERBGSCKN_MID,SO_DEMTERBGSCKN_MID,SO,SO,technology,mapeo_directo,False,DEMTERBGSCKN_MID,identidad,,,SO_BGS,BGS,SO_TERDHT,TERDHT
DEMTERELCACL_HIG,AN_DEMTERELCACL_HIG,AN,AN,technology,mapeo_directo,False,DEMTERELCACL_HIG,identidad,,,AN_ELC003,ELC002,AN_TERIHT,TERIHT
DEMTERELCACL_HIG,CA_DEMTERELCACL_HIG,CA,CA,technology,mapeo_directo,False,DEMTERELCACL_HIG,identidad,,,CA_ELC003,ELC002,CA_TERIHT,TERIHT
DEMTERELCACL_HIG,NE_DEMTERELCACL_HIG,NE,NE,technology,mapeo_directo,False,DEMTERELCACL_HIG,identidad,,,NE_ELC003,ELC002,NE_TERIHT,TERIHT
DEMTERELCACL_HIG,OR_DEMTERELCACL_HIG,OR,OR,technology,mapeo_directo,False,DEMTERELCACL_HIG,identidad,,,OR_ELC003,ELC002,OR_TERIHT,TERIHT
DEMTERELCACL_HIG,SO_DEMTERELCACL_HIG,SO,SO,technology,mapeo_directo,False,DEMTERELCACL_HIG,identidad,,,SO_ELC003,ELC002,SO_TERIHT,TERIHT
DEMTERELCACL_LOW,AN_DEMTERELCACL_LOW,AN,AN,technology,mapeo_directo,False,DEMTERELCACL_LOW,identidad,,,AN_ELC003,ELC002,AN_TERIHT,TERIHT
DEMTERELCACL_LOW,CA_DEMTERELCACL_LOW,CA,CA,technology,mapeo_directo,False,DEMTERELCACL_LOW,identidad,,,CA_ELC003,ELC002,CA_TERIHT,TERIHT
DEMTERELCACL_LOW,NE_DEMTERELCACL_LOW,NE,NE,technology,mapeo_directo,False,DEMTERELCACL_LOW,identidad,,,NE_ELC003,ELC002,NE_TERIHT,TERIHT
DEMTERELCACL_LOW,OR_DEMTERELCACL_LOW,OR,OR,technology,mapeo_directo,False,DEMTERELCACL_LOW,identidad,,,OR_ELC003,ELC002,OR_TERIHT,TERIHT
DEMTERELCACL_LOW,SO_DEMTERELCACL_LOW,SO,SO,technology,mapeo_directo,False,DEMTERELCACL_LOW,identidad,,,SO_ELC003,ELC002,SO_TERIHT,TERIHT
DEMTERELCACL_MID,AN_DEMTERELCACL_MID,AN,AN,technology,mapeo_directo,False,DEMTERELCACL_MID,identidad,,,AN_ELC003,ELC002,AN_TERIHT,TERIHT
DEMTERELCACL_MID,CA_DEMTERELCACL_MID,CA,CA,technology,mapeo_directo,False,DEMTERELCACL_MID,identidad,,,CA_ELC003,ELC002,CA_TERIHT,TERIHT
DEMTERELCACL_MID,NE_DEMTERELCACL_MID,NE,NE,technology,mapeo_directo,False,DEMTERELCACL_MID,identidad,,,NE_ELC003,ELC002,NE_TERIHT,TERIHT
DEMTERELCACL_MID,OR_DEMTERELCACL_MID,OR,OR,technology,mapeo_directo,False,DEMTERELCACL_MID,identidad,,,OR_ELC003,ELC002,OR_TERIHT,TERIHT
DEMTERELCACL_MID,SO_DEMTERELCACL_MID,SO,SO,technology,mapeo_directo,False,DEMTERELCACL_MID,identidad,,,SO_ELC003,ELC002,SO_TERIHT,TERIHT
DEMTERELCAIR_CEN_HIG,AN_DEMTERELCAIR_CEN_HIG,AN,AN,technology,mapeo_directo,False,DEMTERELCAIR_CEN_HIG,identidad,,,AN_ELC003,ELC002,AN_TERCLIM_CEN,TERCLIM_CEN
DEMTERELCAIR_CEN_HIG,CA_DEMTERELCAIR_CEN_HIG,CA,CA,technology,mapeo_directo,False,DEMTERELCAIR_CEN_HIG,identidad,,,CA_ELC003,ELC002,CA_TERCLIM_CEN,TERCLIM_CEN
DEMTERELCAIR_CEN_HIG,IN_DEMTERELCAIR_CEN_HIG,IN,IN,technology,mapeo_directo,False,DEMTERELCAIR_CEN_HIG,identidad,,,IN_ELC003,ELC002,IN_TERCLIM_CEN,TERCLIM_CEN
DEMTERELCAIR_CEN_HIG,NE_DEMTERELCAIR_CEN_HIG,NE,NE,technology,mapeo_directo,False,DEMTERELCAIR_CEN_HIG,identidad,,,NE_ELC003,ELC002,NE_TERCLIM_CEN,TERCLIM_CEN
DEMTERELCAIR_CEN_HIG,OR_DEMTERELCAIR_CEN_HIG,OR,OR,technology,mapeo_directo,False,DEMTERELCAIR_CEN_HIG,identidad,,,OR_ELC003,ELC002,OR_TERCLIM_CEN,TERCLIM_CEN
DEMTERELCAIR_CEN_HIG,SE_DEMTERELCAIR_CEN_HIG,SE,SE,technology,mapeo_directo,False,DEMTERELCAIR_CEN_HIG,identidad,,,SE_ELC003,ELC002,SE_TERCLIM_CEN,TERCLIM_CEN
DEMTERELCAIR_CEN_HIG,SO_DEMTERELCAIR_CEN_HIG,SO,SO,technology,mapeo_directo,False,DEMTERELCAIR_CEN_HIG,identidad,,,SO_ELC003,ELC002,SO_TERCLIM_CEN,TERCLIM_CEN
DEMTERELCAIR_CEN_LOW,AN_DEMTERELCAIR_CEN_LOW,AN,AN,technology,mapeo_directo,False,DEMTERELCAIR_CEN_LOW,identidad,,,AN_ELC003,ELC002,AN_TERCLIM_CEN,TERCLIM_CEN
DEMTERELCAIR_CEN_LOW,CA_DEMTERELCAIR_CEN_LOW,CA,CA,technology,mapeo_directo,False,DEMTERELCAIR_CEN_LOW,identidad,,,CA_ELC003,ELC002,CA_TERCLIM_CEN,TERCLIM_CEN
DEMTERELCAIR_CEN_LOW,IN_DEMTERELCAIR_CEN_LOW,IN,IN,technology,mapeo_directo,False,DEMTERELCAIR_CEN_LOW,identidad,,,IN_ELC003,ELC002,IN_TERCLIM_CEN,TERCLIM_CEN
DEMTERELCAIR_CEN_LOW,NE_DEMTERELCAIR_CEN_LOW,NE,NE,technology,mapeo_directo,False,DEMTERELCAIR_CEN_LOW,identidad,,,NE_ELC003,ELC002,NE_TERCLIM_CEN,TERCLIM_CEN
DEMTERELCAIR_CEN_LOW,OR_DEMTERELCAIR_CEN_LOW,OR,OR,technology,mapeo_directo,False,DEMTERELCAIR_CEN_LOW,identidad,,,OR_ELC003,ELC002,OR_TERCLIM_CEN,TERCLIM_CEN
DEMTERELCAIR_CEN_LOW,SE_DEMTERELCAIR_CEN_LOW,SE,SE,technology,mapeo_directo,False,DEMTERELCAIR_CEN_LOW,identidad,,,SE_ELC003,ELC002,SE_TERCLIM_CEN,TERCLIM_CEN
DEMTERELCAIR_CEN_LOW,SO_DEMTERELCAIR_CEN_LOW,SO,SO,technology,mapeo_directo,False,DEMTERELCAIR_CEN_LOW,identidad,,,SO_ELC003,ELC002,SO_TERCLIM_CEN,TERCLIM_CEN
DEMTERELCAIR_CEN_MID,AN_DEMTERELCAIR_CEN_MID,AN,AN,technology,mapeo_directo,False,DEMTERELCAIR_CEN_MID,identidad,,,AN_ELC003,ELC002,AN_TERCLIM_CEN,TERCLIM_CEN
DEMTERELCAIR_CEN_MID,CA_DEMTERELCAIR_CEN_MID,CA,CA,technology,mapeo_directo,False,DEMTERELCAIR_CEN_MID,identidad,,,CA_ELC003,ELC002,CA_TERCLIM_CEN,TERCLIM_CEN
DEMTERELCAIR_CEN_MID,IN_DEMTERELCAIR_CEN_MID,IN,IN,technology,mapeo_directo,False,DEMTERELCAIR_CEN_MID,identidad,,,IN_ELC003,ELC002,IN_TERCLIM_CEN,TERCLIM_CEN
DEMTERELCAIR_CEN_MID,NE_DEMTERELCAIR_CEN_MID,NE,NE,technology,mapeo_directo,False,DEMTERELCAIR_CEN_MID,identidad,,,NE_ELC003,ELC002,NE_TERCLIM_CEN,TERCLIM_CEN
DEMTERELCAIR_CEN_MID,OR_DEMTERELCAIR_CEN_MID,OR,OR,technology,mapeo_directo,False,DEMTERELCAIR_CEN_MID,identidad,,,OR_ELC003,ELC002,OR_TERCLIM_CEN,TERCLIM_CEN
DEMTERELCAIR_CEN_MID,SE_DEMTERELCAIR_CEN_MID,SE,SE,technology,mapeo_directo,False,DEMTERELCAIR_CEN_MID,identidad,,,SE_ELC003,ELC002,SE_TERCLIM_CEN,TERCLIM_CEN
DEMTERELCAIR_CEN_MID,SO_DEMTERELCAIR_CEN_MID,SO,SO,technology,mapeo_directo,False,DEMTERELCAIR_CEN_MID,identidad,,,SO_ELC003,ELC002,SO_TERCLIM_CEN,TERCLIM_CEN
DEMTERELCAIR_SPL_HIG,AN_DEMTERELCAIR_SPL_HIG,AN,AN,technology,mapeo_directo,False,DEMTERELCAIR_SPL_HIG,identidad,,,AN_ELC003,ELC002,AN_TERCLIM_SPL,TERCLIM_SPL
DEMTERELCAIR_SPL_HIG,CA_DEMTERELCAIR_SPL_HIG,CA,CA,technology,mapeo_directo,False,DEMTERELCAIR_SPL_HIG,identidad,,,CA_ELC003,ELC002,CA_TERCLIM_SPL,TERCLIM_SPL
DEMTERELCAIR_SPL_HIG,IN_DEMTERELCAIR_SPL_HIG,IN,IN,technology,mapeo_directo,False,DEMTERELCAIR_SPL_HIG,identidad,,,IN_ELC003,ELC002,IN_TERCLIM_SPL,TERCLIM_SPL
DEMTERELCAIR_SPL_HIG,NE_DEMTERELCAIR_SPL_HIG,NE,NE,technology,mapeo_directo,False,DEMTERELCAIR_SPL_HIG,identidad,,,NE_ELC003,ELC002,NE_TERCLIM_SPL,TERCLIM_SPL
DEMTERELCAIR_SPL_HIG,OR_DEMTERELCAIR_SPL_HIG,OR,OR,technology,mapeo_directo,False,DEMTERELCAIR_SPL_HIG,identidad,,,OR_ELC003,ELC002,OR_TERCLIM_SPL,TERCLIM_SPL
DEMTERELCAIR_SPL_HIG,SE_DEMTERELCAIR_SPL_HIG,SE,SE,technology,mapeo_directo,False,DEMTERELCAIR_SPL_HIG,identidad,,,SE_ELC003,ELC002,SE_TERCLIM_SPL,TERCLIM_SPL
DEMTERELCAIR_SPL_HIG,SO_DEMTERELCAIR_SPL_HIG,SO,SO,technology,mapeo_directo,False,DEMTERELCAIR_SPL_HIG,identidad,,,SO_ELC003,ELC002,SO_TERCLIM_SPL,TERCLIM_SPL
DEMTERELCAIR_SPL_LOW,AN_DEMTERELCAIR_SPL_LOW,AN,AN,technology,mapeo_directo,False,DEMTERELCAIR_SPL_LOW,identidad,,,AN_ELC003,ELC002,AN_TERCLIM_SPL,TERCLIM_SPL
DEMTERELCAIR_SPL_LOW,CA_DEMTERELCAIR_SPL_LOW,CA,CA,technology,mapeo_directo,False,DEMTERELCAIR_SPL_LOW,identidad,,,CA_ELC003,ELC002,CA_TERCLIM_SPL,TERCLIM_SPL
DEMTERELCAIR_SPL_LOW,IN_DEMTERELCAIR_SPL_LOW,IN,IN,technology,mapeo_directo,False,DEMTERELCAIR_SPL_LOW,identidad,,,IN_ELC003,ELC002,IN_TERCLIM_SPL,TERCLIM_SPL
DEMTERELCAIR_SPL_LOW,NE_DEMTERELCAIR_SPL_LOW,NE,NE,technology,mapeo_directo,False,DEMTERELCAIR_SPL_LOW,identidad,,,NE_ELC003,ELC002,NE_TERCLIM_SPL,TERCLIM_SPL
DEMTERELCAIR_SPL_LOW,OR_DEMTERELCAIR_SPL_LOW,OR,OR,technology,mapeo_directo,False,DEMTERELCAIR_SPL_LOW,identidad,,,OR_ELC003,ELC002,OR_TERCLIM_SPL,TERCLIM_SPL
DEMTERELCAIR_SPL_LOW,SE_DEMTERELCAIR_SPL_LOW,SE,SE,technology,mapeo_directo,False,DEMTERELCAIR_SPL_LOW,identidad,,,SE_ELC003,ELC002,SE_TERCLIM_SPL,TERCLIM_SPL
DEMTERELCAIR_SPL_LOW,SO_DEMTERELCAIR_SPL_LOW,SO,SO,technology,mapeo_directo,False,DEMTERELCAIR_SPL_LOW,identidad,,,SO_ELC003,ELC002,SO_TERCLIM_SPL,TERCLIM_SPL
DEMTERELCAIR_SPL_MID,AN_DEMTERELCAIR_SPL_MID,AN,AN,technology,mapeo_directo,False,DEMTERELCAIR_SPL_MID,identidad,,,AN_ELC003,ELC002,AN_TERCLIM_SPL,TERCLIM_SPL
DEMTERELCAIR_SPL_MID,CA_DEMTERELCAIR_SPL_MID,CA,CA,technology,mapeo_directo,False,DEMTERELCAIR_SPL_MID,identidad,,,CA_ELC003,ELC002,CA_TERCLIM_SPL,TERCLIM_SPL
DEMTERELCAIR_SPL_MID,IN_DEMTERELCAIR_SPL_MID,IN,IN,technology,mapeo_directo,False,DEMTERELCAIR_SPL_MID,identidad,,,IN_ELC003,ELC002,IN_TERCLIM_SPL,TERCLIM_SPL
DEMTERELCAIR_SPL_MID,NE_DEMTERELCAIR_SPL_MID,NE,NE,technology,mapeo_directo,False,DEMTERELCAIR_SPL_MID,identidad,,,NE_ELC003,ELC002,NE_TERCLIM_SPL,TERCLIM_SPL
DEMTERELCAIR_SPL_MID,OR_DEMTERELCAIR_SPL_MID,OR,OR,technology,mapeo_directo,False,DEMTERELCAIR_SPL_MID,identidad,,,OR_ELC003,ELC002,OR_TERCLIM_SPL,TERCLIM_SPL
DEMTERELCAIR_SPL_MID,SE_DEMTERELCAIR_SPL_MID,SE,SE,technology,mapeo_directo,False,DEMTERELCAIR_SPL_MID,identidad,,,SE_ELC003,ELC002,SE_TERCLIM_SPL,TERCLIM_SPL
DEMTERELCAIR_SPL_MID,SO_DEMTERELCAIR_SPL_MID,SO,SO,technology,mapeo_directo,False,DEMTERELCAIR_SPL_MID,identidad,,,SO_ELC003,ELC002,SO_TERCLIM_SPL,TERCLIM_SPL
DEMTERELCCKN_HIG,AN_DEMTERELCCKN_HIG,AN,AN,technology,mapeo_directo,False,DEMTERELCCKN_HIG,identidad,,,AN_ELC003,ELC002,AN_TERDHT,TERDHT
DEMTERELCCKN_HIG,CA_DEMTERELCCKN_HIG,CA,CA,technology,mapeo_directo,False,DEMTERELCCKN_HIG,identidad,,,CA_ELC003,ELC002,CA_TERDHT,TERDHT
DEMTERELCCKN_HIG,IN_DEMTERELCCKN_HIG,IN,IN,technology,mapeo_directo,False,DEMTERELCCKN_HIG,identidad,,,IN_ELC003,ELC002,IN_TERDHT,TERDHT
DEMTERELCCKN_HIG,NE_DEMTERELCCKN_HIG,NE,NE,technology,mapeo_directo,False,DEMTERELCCKN_HIG,identidad,,,NE_ELC003,ELC002,NE_TERDHT,TERDHT
DEMTERELCCKN_HIG,OR_DEMTERELCCKN_HIG,OR,OR,technology,mapeo_directo,False,DEMTERELCCKN_HIG,identidad,,,OR_ELC003,ELC002,OR_TERDHT,TERDHT
DEMTERELCCKN_HIG,SE_DEMTERELCCKN_HIG,SE,SE,technology,mapeo_directo,False,DEMTERELCCKN_HIG,identidad,,,SE_ELC003,ELC002,SE_TERDHT,TERDHT
DEMTERELCCKN_HIG,SO_DEMTERELCCKN_HIG,SO,SO,technology,mapeo_directo,False,DEMTERELCCKN_HIG,identidad,,,SO_ELC003,ELC002,SO_TERDHT,TERDHT
DEMTERELCCKN_LOW,AN_DEMTERELCCKN_LOW,AN,AN,technology,mapeo_directo,False,DEMTERELCCKN_LOW,identidad,,,AN_ELC003,ELC002,AN_TERDHT,TERDHT
DEMTERELCCKN_LOW,CA_DEMTERELCCKN_LOW,CA,CA,technology,mapeo_directo,False,DEMTERELCCKN_LOW,identidad,,,CA_ELC003,ELC002,CA_TERDHT,TERDHT
DEMTERELCCKN_LOW,IN_DEMTERELCCKN_LOW,IN,IN,technology,mapeo_directo,False,DEMTERELCCKN_LOW,identidad,,,IN_ELC003,ELC002,IN_TERDHT,TERDHT
DEMTERELCCKN_LOW,NE_DEMTERELCCKN_LOW,NE,NE,technology,mapeo_directo,False,DEMTERELCCKN_LOW,identidad,,,NE_ELC003,ELC002,NE_TERDHT,TERDHT
DEMTERELCCKN_LOW,OR_DEMTERELCCKN_LOW,OR,OR,technology,mapeo_directo,False,DEMTERELCCKN_LOW,identidad,,,OR_ELC003,ELC002,OR_TERDHT,TERDHT
DEMTERELCCKN_LOW,SE_DEMTERELCCKN_LOW,SE,SE,technology,mapeo_directo,False,DEMTERELCCKN_LOW,identidad,,,SE_ELC003,ELC002,SE_TERDHT,TERDHT
DEMTERELCCKN_LOW,SO_DEMTERELCCKN_LOW,SO,SO,technology,mapeo_directo,False,DEMTERELCCKN_LOW,identidad,,,SO_ELC003,ELC002,SO_TERDHT,TERDHT
DEMTERELCCKN_MID,AN_DEMTERELCCKN_MID,AN,AN,technology,mapeo_directo,False,DEMTERELCCKN_MID,identidad,,,AN_ELC003,ELC002,AN_TERDHT,TERDHT
DEMTERELCCKN_MID,CA_DEMTERELCCKN_MID,CA,CA,technology,mapeo_directo,False,DEMTERELCCKN_MID,identidad,,,CA_ELC003,ELC002,CA_TERDHT,TERDHT
DEMTERELCCKN_MID,IN_DEMTERELCCKN_MID,IN,IN,technology,mapeo_directo,False,DEMTERELCCKN_MID,identidad,,,IN_ELC003,ELC002,IN_TERDHT,TERDHT
DEMTERELCCKN_MID,NE_DEMTERELCCKN_MID,NE,NE,technology,mapeo_directo,False,DEMTERELCCKN_MID,identidad,,,NE_ELC003,ELC002,NE_TERDHT,TERDHT
DEMTERELCCKN_MID,OR_DEMTERELCCKN_MID,OR,OR,technology,mapeo_directo,False,DEMTERELCCKN_MID,identidad,,,OR_ELC003,ELC002,OR_TERDHT,TERDHT
DEMTERELCCKN_MID,SE_DEMTERELCCKN_MID,SE,SE,technology,mapeo_directo,False,DEMTERELCCKN_MID,identidad,,,SE_ELC003,ELC002,SE_TERDHT,TERDHT
DEMTERELCCKN_MID,SO_DEMTERELCCKN_MID,SO,SO,technology,mapeo_directo,False,DEMTERELCCKN_MID,identidad,,,SO_ELC003,ELC002,SO_TERDHT,TERDHT
DEMTERELCDATA,AN_DEMTERELCDATA,AN,AN,technology,mapeo_directo,False,DEMTERELCDATA,identidad,,,AN_ELC003,ELC002,AN_TERDATA,TERDATA
DEMTERELCDATA,CA_DEMTERELCDATA,CA,CA,technology,mapeo_directo,False,DEMTERELCDATA,identidad,,,CA_ELC003,ELC002,CA_TERDATA,TERDATA
DEMTERELCDATA,NE_DEMTERELCDATA,NE,NE,technology,mapeo_directo,False,DEMTERELCDATA,identidad,,,NE_ELC003,ELC002,NE_TERDATA,TERDATA
DEMTERELCDATA,OR_DEMTERELCDATA,OR,OR,technology,mapeo_directo,False,DEMTERELCDATA,identidad,,,OR_ELC003,ELC002,OR_TERDATA,TERDATA
DEMTERELCDATA,SO_DEMTERELCDATA,SO,SO,technology,mapeo_directo,False,DEMTERELCDATA,identidad,,,SO_ELC003,ELC002,SO_TERDATA,TERDATA
DEMTERELCFAN_HIG,AN_DEMTERELCFAN_HIG,AN,AN,technology,mapeo_directo,False,DEMTERELCFAN_HIG,identidad,,,AN_ELC003,ELC002,AN_TERCLIM_FAN,TERCLIM_FAN
DEMTERELCFAN_HIG,CA_DEMTERELCFAN_HIG,CA,CA,technology,mapeo_directo,False,DEMTERELCFAN_HIG,identidad,,,CA_ELC003,ELC002,CA_TERCLIM_FAN,TERCLIM_FAN
DEMTERELCFAN_HIG,IN_DEMTERELCFAN_HIG,IN,IN,technology,mapeo_directo,False,DEMTERELCFAN_HIG,identidad,,,IN_ELC003,ELC002,IN_TERCLIM_FAN,TERCLIM_FAN
DEMTERELCFAN_HIG,NE_DEMTERELCFAN_HIG,NE,NE,technology,mapeo_directo,False,DEMTERELCFAN_HIG,identidad,,,NE_ELC003,ELC002,NE_TERCLIM_FAN,TERCLIM_FAN
DEMTERELCFAN_HIG,OR_DEMTERELCFAN_HIG,OR,OR,technology,mapeo_directo,False,DEMTERELCFAN_HIG,identidad,,,OR_ELC003,ELC002,OR_TERCLIM_FAN,TERCLIM_FAN
DEMTERELCFAN_HIG,SE_DEMTERELCFAN_HIG,SE,SE,technology,mapeo_directo,False,DEMTERELCFAN_HIG,identidad,,,SE_ELC003,ELC002,SE_TERCLIM_FAN,TERCLIM_FAN
DEMTERELCFAN_HIG,SO_DEMTERELCFAN_HIG,SO,SO,technology,mapeo_directo,False,DEMTERELCFAN_HIG,identidad,,,SO_ELC003,ELC002,SO_TERCLIM_FAN,TERCLIM_FAN
DEMTERELCFAN_LOW,AN_DEMTERELCFAN_LOW,AN,AN,technology,mapeo_directo,False,DEMTERELCFAN_LOW,identidad,,,AN_ELC003,ELC002,AN_TERCLIM_FAN,TERCLIM_FAN
DEMTERELCFAN_LOW,CA_DEMTERELCFAN_LOW,CA,CA,technology,mapeo_directo,False,DEMTERELCFAN_LOW,identidad,,,CA_ELC003,ELC002,CA_TERCLIM_FAN,TERCLIM_FAN
DEMTERELCFAN_LOW,IN_DEMTERELCFAN_LOW,IN,IN,technology,mapeo_directo,False,DEMTERELCFAN_LOW,identidad,,,IN_ELC003,ELC002,IN_TERCLIM_FAN,TERCLIM_FAN
DEMTERELCFAN_LOW,NE_DEMTERELCFAN_LOW,NE,NE,technology,mapeo_directo,False,DEMTERELCFAN_LOW,identidad,,,NE_ELC003,ELC002,NE_TERCLIM_FAN,TERCLIM_FAN
DEMTERELCFAN_LOW,OR_DEMTERELCFAN_LOW,OR,OR,technology,mapeo_directo,False,DEMTERELCFAN_LOW,identidad,,,OR_ELC003,ELC002,OR_TERCLIM_FAN,TERCLIM_FAN
DEMTERELCFAN_LOW,SE_DEMTERELCFAN_LOW,SE,SE,technology,mapeo_directo,False,DEMTERELCFAN_LOW,identidad,,,SE_ELC003,ELC002,SE_TERCLIM_FAN,TERCLIM_FAN
DEMTERELCFAN_LOW,SO_DEMTERELCFAN_LOW,SO,SO,technology,mapeo_directo,False,DEMTERELCFAN_LOW,identidad,,,SO_ELC003,ELC002,SO_TERCLIM_FAN,TERCLIM_FAN
DEMTERELCFAN_MID,AN_DEMTERELCFAN_MID,AN,AN,technology,mapeo_directo,False,DEMTERELCFAN_MID,identidad,,,AN_ELC003,ELC002,AN_TERCLIM_FAN,TERCLIM_FAN
DEMTERELCFAN_MID,CA_DEMTERELCFAN_MID,CA,CA,technology,mapeo_directo,False,DEMTERELCFAN_MID,identidad,,,CA_ELC003,ELC002,CA_TERCLIM_FAN,TERCLIM_FAN
DEMTERELCFAN_MID,IN_DEMTERELCFAN_MID,IN,IN,technology,mapeo_directo,False,DEMTERELCFAN_MID,identidad,,,IN_ELC003,ELC002,IN_TERCLIM_FAN,TERCLIM_FAN
DEMTERELCFAN_MID,NE_DEMTERELCFAN_MID,NE,NE,technology,mapeo_directo,False,DEMTERELCFAN_MID,identidad,,,NE_ELC003,ELC002,NE_TERCLIM_FAN,TERCLIM_FAN
DEMTERELCFAN_MID,OR_DEMTERELCFAN_MID,OR,OR,technology,mapeo_directo,False,DEMTERELCFAN_MID,identidad,,,OR_ELC003,ELC002,OR_TERCLIM_FAN,TERCLIM_FAN
DEMTERELCFAN_MID,SE_DEMTERELCFAN_MID,SE,SE,technology,mapeo_directo,False,DEMTERELCFAN_MID,identidad,,,SE_ELC003,ELC002,SE_TERCLIM_FAN,TERCLIM_FAN
DEMTERELCFAN_MID,SO_DEMTERELCFAN_MID,SO,SO,technology,mapeo_directo,False,DEMTERELCFAN_MID,identidad,,,SO_ELC003,ELC002,SO_TERCLIM_FAN,TERCLIM_FAN
DEMTERELCILU_CIA,AN_DEMTERELCILU_CIA,AN,AN,technology,mapeo_directo,False,DEMTERELCILU_CIA,identidad,,,AN_ELC003,ELC002,AN_TERILU,TERILU
DEMTERELCILU_CIA,CA_DEMTERELCILU_CIA,CA,CA,technology,mapeo_directo,False,DEMTERELCILU_CIA,identidad,,,CA_ELC003,ELC002,CA_TERILU,TERILU
DEMTERELCILU_CIA,NE_DEMTERELCILU_CIA,NE,NE,technology,mapeo_directo,False,DEMTERELCILU_CIA,identidad,,,NE_ELC003,ELC002,NE_TERILU,TERILU
DEMTERELCILU_CIA,OR_DEMTERELCILU_CIA,OR,OR,technology,mapeo_directo,False,DEMTERELCILU_CIA,identidad,,,OR_ELC003,ELC002,OR_TERILU,TERILU
DEMTERELCILU_CIA,SO_DEMTERELCILU_CIA,SO,SO,technology,mapeo_directo,False,DEMTERELCILU_CIA,identidad,,,SO_ELC003,ELC002,SO_TERILU,TERILU
DEMTERELCILU_HAL,AN_DEMTERELCILU_HAL,AN,AN,technology,mapeo_directo,False,DEMTERELCILU_HAL,identidad,,,AN_ELC003,ELC002,AN_TERILU,TERILU
DEMTERELCILU_HAL,CA_DEMTERELCILU_HAL,CA,CA,technology,mapeo_directo,False,DEMTERELCILU_HAL,identidad,,,CA_ELC003,ELC002,CA_TERILU,TERILU
DEMTERELCILU_HAL,NE_DEMTERELCILU_HAL,NE,NE,technology,mapeo_directo,False,DEMTERELCILU_HAL,identidad,,,NE_ELC003,ELC002,NE_TERILU,TERILU
DEMTERELCILU_HAL,OR_DEMTERELCILU_HAL,OR,OR,technology,mapeo_directo,False,DEMTERELCILU_HAL,identidad,,,OR_ELC003,ELC002,OR_TERILU,TERILU
DEMTERELCILU_HAL,SO_DEMTERELCILU_HAL,SO,SO,technology,mapeo_directo,False,DEMTERELCILU_HAL,identidad,,,SO_ELC003,ELC002,SO_TERILU,TERILU
DEMTERELCILU_HIG,AN_DEMTERELCILU_HIG,AN,AN,technology,mapeo_directo,False,DEMTERELCILU_HIG,identidad,,,AN_ELC003,ELC002,AN_TERILU,TERILU
DEMTERELCILU_HIG,CA_DEMTERELCILU_HIG,CA,CA,technology,mapeo_directo,False,DEMTERELCILU_HIG,identidad,,,CA_ELC003,ELC002,CA_TERILU,TERILU
DEMTERELCILU_HIG,NE_DEMTERELCILU_HIG,NE,NE,technology,mapeo_directo,False,DEMTERELCILU_HIG,identidad,,,NE_ELC003,ELC002,NE_TERILU,TERILU
DEMTERELCILU_HIG,OR_DEMTERELCILU_HIG,OR,OR,technology,mapeo_directo,False,DEMTERELCILU_HIG,identidad,,,OR_ELC003,ELC002,OR_TERILU,TERILU
DEMTERELCILU_HIG,SO_DEMTERELCILU_HIG,SO,SO,technology,mapeo_directo,False,DEMTERELCILU_HIG,identidad,,,SO_ELC003,ELC002,SO_TERILU,TERILU
DEMTERELCILU_LFC,AN_DEMTERELCILU_LFC,AN,AN,technology,mapeo_directo,False,DEMTERELCILU_LFC,identidad,,,AN_ELC003,ELC002,AN_TERILU,TERILU
DEMTERELCILU_LFC,CA_DEMTERELCILU_LFC,CA,CA,technology,mapeo_directo,False,DEMTERELCILU_LFC,identidad,,,CA_ELC003,ELC002,CA_TERILU,TERILU
DEMTERELCILU_LFC,NE_DEMTERELCILU_LFC,NE,NE,technology,mapeo_directo,False,DEMTERELCILU_LFC,identidad,,,NE_ELC003,ELC002,NE_TERILU,TERILU
DEMTERELCILU_LFC,OR_DEMTERELCILU_LFC,OR,OR,technology,mapeo_directo,False,DEMTERELCILU_LFC,identidad,,,OR_ELC003,ELC002,OR_TERILU,TERILU
DEMTERELCILU_LFC,SO_DEMTERELCILU_LFC,SO,SO,technology,mapeo_directo,False,DEMTERELCILU_LFC,identidad,,,SO_ELC003,ELC002,SO_TERILU,TERILU
DEMTERELCILU_LOW,AN_DEMTERELCILU_LOW,AN,AN,technology,mapeo_directo,False,DEMTERELCILU_LOW,identidad,,,AN_ELC003,ELC002,AN_TERILU,TERILU
DEMTERELCILU_LOW,CA_DEMTERELCILU_LOW,CA,CA,technology,mapeo_directo,False,DEMTERELCILU_LOW,identidad,,,CA_ELC003,ELC002,CA_TERILU,TERILU
DEMTERELCILU_LOW,NE_DEMTERELCILU_LOW,NE,NE,technology,mapeo_directo,False,DEMTERELCILU_LOW,identidad,,,NE_ELC003,ELC002,NE_TERILU,TERILU
DEMTERELCILU_LOW,OR_DEMTERELCILU_LOW,OR,OR,technology,mapeo_directo,False,DEMTERELCILU_LOW,identidad,,,OR_ELC003,ELC002,OR_TERILU,TERILU
DEMTERELCILU_LOW,SO_DEMTERELCILU_LOW,SO,SO,technology,mapeo_directo,False,DEMTERELCILU_LOW,identidad,,,SO_ELC003,ELC002,SO_TERILU,TERILU
DEMTERELCILU_MID,AN_DEMTERELCILU_MID,AN,AN,technology,mapeo_directo,False,DEMTERELCILU_MID,identidad,,,AN_ELC003,ELC002,AN_TERILU,TERILU
DEMTERELCILU_MID,CA_DEMTERELCILU_MID,CA,CA,technology,mapeo_directo,False,DEMTERELCILU_MID,identidad,,,CA_ELC003,ELC002,CA_TERILU,TERILU
DEMTERELCILU_MID,NE_DEMTERELCILU_MID,NE,NE,technology,mapeo_directo,False,DEMTERELCILU_MID,identidad,,,NE_ELC003,ELC002,NE_TERILU,TERILU
DEMTERELCILU_MID,OR_DEMTERELCILU_MID,OR,OR,technology,mapeo_directo,False,DEMTERELCILU_MID,identidad,,,OR_ELC003,ELC002,OR_TERILU,TERILU
DEMTERELCILU_MID,SO_DEMTERELCILU_MID,SO,SO,technology,mapeo_directo,False,DEMTERELCILU_MID,identidad,,,SO_ELC003,ELC002,SO_TERILU,TERILU
DEMTERELCILU_VAP,AN_DEMTERELCILU_VAP,AN,AN,technology,mapeo_directo,False,DEMTERELCILU_VAP,identidad,,,AN_ELC003,ELC002,AN_TERILU,TERILU
DEMTERELCILU_VAP,CA_DEMTERELCILU_VAP,CA,CA,technology,mapeo_directo,False,DEMTERELCILU_VAP,identidad,,,CA_ELC003,ELC002,CA_TERILU,TERILU
DEMTERELCILU_VAP,NE_DEMTERELCILU_VAP,NE,NE,technology,mapeo_directo,False,DEMTERELCILU_VAP,identidad,,,NE_ELC003,ELC002,NE_TERILU,TERILU
DEMTERELCILU_VAP,OR_DEMTERELCILU_VAP,OR,OR,technology,mapeo_directo,False,DEMTERELCILU_VAP,identidad,,,OR_ELC003,ELC002,OR_TERILU,TERILU
DEMTERELCILU_VAP,SO_DEMTERELCILU_VAP,SO,SO,technology,mapeo_directo,False,DEMTERELCILU_VAP,identidad,,,SO_ELC003,ELC002,SO_TERILU,TERILU
DEMTERELCMPW_HIG,AN_DEMTERELCMPW_HIG,AN,AN,technology,mapeo_directo,False,DEMTERELCMPW_HIG,identidad,,,AN_ELC003,ELC002,AN_TERMPW,TERMPW
DEMTERELCMPW_HIG,CA_DEMTERELCMPW_HIG,CA,CA,technology,mapeo_directo,False,DEMTERELCMPW_HIG,identidad,,,CA_ELC003,ELC002,CA_TERMPW,TERMPW
DEMTERELCMPW_HIG,NE_DEMTERELCMPW_HIG,NE,NE,technology,mapeo_directo,False,DEMTERELCMPW_HIG,identidad,,,NE_ELC003,ELC002,NE_TERMPW,TERMPW
DEMTERELCMPW_HIG,OR_DEMTERELCMPW_HIG,OR,OR,technology,mapeo_directo,False,DEMTERELCMPW_HIG,identidad,,,OR_ELC003,ELC002,OR_TERMPW,TERMPW
DEMTERELCMPW_HIG,SO_DEMTERELCMPW_HIG,SO,SO,technology,mapeo_directo,False,DEMTERELCMPW_HIG,identidad,,,SO_ELC003,ELC002,SO_TERMPW,TERMPW
DEMTERELCMPW_LOW,AN_DEMTERELCMPW_LOW,AN,AN,technology,mapeo_directo,False,DEMTERELCMPW_LOW,identidad,,,AN_ELC003,ELC002,AN_TERMPW,TERMPW
DEMTERELCMPW_LOW,CA_DEMTERELCMPW_LOW,CA,CA,technology,mapeo_directo,False,DEMTERELCMPW_LOW,identidad,,,CA_ELC003,ELC002,CA_TERMPW,TERMPW
DEMTERELCMPW_LOW,NE_DEMTERELCMPW_LOW,NE,NE,technology,mapeo_directo,False,DEMTERELCMPW_LOW,identidad,,,NE_ELC003,ELC002,NE_TERMPW,TERMPW
DEMTERELCMPW_LOW,OR_DEMTERELCMPW_LOW,OR,OR,technology,mapeo_directo,False,DEMTERELCMPW_LOW,identidad,,,OR_ELC003,ELC002,OR_TERMPW,TERMPW
DEMTERELCMPW_LOW,SO_DEMTERELCMPW_LOW,SO,SO,technology,mapeo_directo,False,DEMTERELCMPW_LOW,identidad,,,SO_ELC003,ELC002,SO_TERMPW,TERMPW
DEMTERELCMPW_MID,AN_DEMTERELCMPW_MID,AN,AN,technology,mapeo_directo,False,DEMTERELCMPW_MID,identidad,,,AN_ELC003,ELC002,AN_TERMPW,TERMPW
DEMTERELCMPW_MID,CA_DEMTERELCMPW_MID,CA,CA,technology,mapeo_directo,False,DEMTERELCMPW_MID,identidad,,,CA_ELC003,ELC002,CA_TERMPW,TERMPW
DEMTERELCMPW_MID,NE_DEMTERELCMPW_MID,NE,NE,technology,mapeo_directo,False,DEMTERELCMPW_MID,identidad,,,NE_ELC003,ELC002,NE_TERMPW,TERMPW
DEMTERELCMPW_MID,OR_DEMTERELCMPW_MID,OR,OR,technology,mapeo_directo,False,DEMTERELCMPW_MID,identidad,,,OR_ELC003,ELC002,OR_TERMPW,TERMPW
DEMTERELCMPW_MID,SO_DEMTERELCMPW_MID,SO,SO,technology,mapeo_directo,False,DEMTERELCMPW_MID,identidad,,,SO_ELC003,ELC002,SO_TERMPW,TERMPW
DEMTERELCOTH_HIG,AN_DEMTERELCOTH_HIG,AN,AN,technology,mapeo_directo,False,DEMTERELCOTH_HIG,identidad,,,AN_ELC003,ELC002,AN_TEROTH,TEROTH
DEMTERELCOTH_HIG,CA_DEMTERELCOTH_HIG,CA,CA,technology,mapeo_directo,False,DEMTERELCOTH_HIG,identidad,,,CA_ELC003,ELC002,CA_TEROTH,TEROTH
DEMTERELCOTH_HIG,IN_DEMTERELCOTH_HIG,IN,IN,technology,mapeo_directo,False,DEMTERELCOTH_HIG,identidad,,,IN_ELC003,ELC002,IN_TEROTH,TEROTH
DEMTERELCOTH_HIG,NE_DEMTERELCOTH_HIG,NE,NE,technology,mapeo_directo,False,DEMTERELCOTH_HIG,identidad,,,NE_ELC003,ELC002,NE_TEROTH,TEROTH
DEMTERELCOTH_HIG,OR_DEMTERELCOTH_HIG,OR,OR,technology,mapeo_directo,False,DEMTERELCOTH_HIG,identidad,,,OR_ELC003,ELC002,OR_TEROTH,TEROTH
DEMTERELCOTH_HIG,SE_DEMTERELCOTH_HIG,SE,SE,technology,mapeo_directo,False,DEMTERELCOTH_HIG,identidad,,,SE_ELC003,ELC002,SE_TEROTH,TEROTH
DEMTERELCOTH_HIG,SO_DEMTERELCOTH_HIG,SO,SO,technology,mapeo_directo,False,DEMTERELCOTH_HIG,identidad,,,SO_ELC003,ELC002,SO_TEROTH,TEROTH
DEMTERELCOTH_LOW,AN_DEMTERELCOTH_LOW,AN,AN,technology,mapeo_directo,False,DEMTERELCOTH_LOW,identidad,,,AN_ELC003,ELC002,AN_TEROTH,TEROTH
DEMTERELCOTH_LOW,CA_DEMTERELCOTH_LOW,CA,CA,technology,mapeo_directo,False,DEMTERELCOTH_LOW,identidad,,,CA_ELC003,ELC002,CA_TEROTH,TEROTH
DEMTERELCOTH_LOW,IN_DEMTERELCOTH_LOW,IN,IN,technology,mapeo_directo,False,DEMTERELCOTH_LOW,identidad,,,IN_ELC003,ELC002,IN_TEROTH,TEROTH
DEMTERELCOTH_LOW,NE_DEMTERELCOTH_LOW,NE,NE,technology,mapeo_directo,False,DEMTERELCOTH_LOW,identidad,,,NE_ELC003,ELC002,NE_TEROTH,TEROTH
DEMTERELCOTH_LOW,OR_DEMTERELCOTH_LOW,OR,OR,technology,mapeo_directo,False,DEMTERELCOTH_LOW,identidad,,,OR_ELC003,ELC002,OR_TEROTH,TEROTH
DEMTERELCOTH_LOW,SE_DEMTERELCOTH_LOW,SE,SE,technology,mapeo_directo,False,DEMTERELCOTH_LOW,identidad,,,SE_ELC003,ELC002,SE_TEROTH,TEROTH
DEMTERELCOTH_LOW,SO_DEMTERELCOTH_LOW,SO,SO,technology,mapeo_directo,False,DEMTERELCOTH_LOW,identidad,,,SO_ELC003,ELC002,SO_TEROTH,TEROTH
DEMTERELCOTH_MID,AN_DEMTERELCOTH_MID,AN,AN,technology,mapeo_directo,False,DEMTERELCOTH_MID,identidad,,,AN_ELC003,ELC002,AN_TEROTH,TEROTH
DEMTERELCOTH_MID,CA_DEMTERELCOTH_MID,CA,CA,technology,mapeo_directo,False,DEMTERELCOTH_MID,identidad,,,CA_ELC003,ELC002,CA_TEROTH,TEROTH
DEMTERELCOTH_MID,IN_DEMTERELCOTH_MID,IN,IN,technology,mapeo_directo,False,DEMTERELCOTH_MID,identidad,,,IN_ELC003,ELC002,IN_TEROTH,TEROTH
DEMTERELCOTH_MID,NE_DEMTERELCOTH_MID,NE,NE,technology,mapeo_directo,False,DEMTERELCOTH_MID,identidad,,,NE_ELC003,ELC002,NE_TEROTH,TEROTH
DEMTERELCOTH_MID,OR_DEMTERELCOTH_MID,OR,OR,technology,mapeo_directo,False,DEMTERELCOTH_MID,identidad,,,OR_ELC003,ELC002,OR_TEROTH,TEROTH
DEMTERELCOTH_MID,SE_DEMTERELCOTH_MID,SE,SE,technology,mapeo_directo,False,DEMTERELCOTH_MID,identidad,,,SE_ELC003,ELC002,SE_TEROTH,TEROTH
DEMTERELCOTH_MID,SO_DEMTERELCOTH_MID,SO,SO,technology,mapeo_directo,False,DEMTERELCOTH_MID,identidad,,,SO_ELC003,ELC002,SO_TEROTH,TEROTH
DEMTERELCREF_AUC_HIG,AN_DEMTERELCREF_AUC_HIG,AN,AN,technology,mapeo_directo,False,DEMTERELCREF_AUC_HIG,identidad,,,AN_ELC003,ELC002,AN_TERREF_AUC,TERREF_AUC
DEMTERELCREF_AUC_HIG,CA_DEMTERELCREF_AUC_HIG,CA,CA,technology,mapeo_directo,False,DEMTERELCREF_AUC_HIG,identidad,,,CA_ELC003,ELC002,CA_TERREF_AUC,TERREF_AUC
DEMTERELCREF_AUC_HIG,IN_DEMTERELCREF_AUC_HIG,IN,IN,technology,mapeo_directo,False,DEMTERELCREF_AUC_HIG,identidad,,,IN_ELC003,ELC002,IN_TERREF_AUC,TERREF_AUC
DEMTERELCREF_AUC_HIG,NE_DEMTERELCREF_AUC_HIG,NE,NE,technology,mapeo_directo,False,DEMTERELCREF_AUC_HIG,identidad,,,NE_ELC003,ELC002,NE_TERREF_AUC,TERREF_AUC
DEMTERELCREF_AUC_HIG,OR_DEMTERELCREF_AUC_HIG,OR,OR,technology,mapeo_directo,False,DEMTERELCREF_AUC_HIG,identidad,,,OR_ELC003,ELC002,OR_TERREF_AUC,TERREF_AUC
DEMTERELCREF_AUC_HIG,SE_DEMTERELCREF_AUC_HIG,SE,SE,technology,mapeo_directo,False,DEMTERELCREF_AUC_HIG,identidad,,,SE_ELC003,ELC002,SE_TERREF_AUC,TERREF_AUC
DEMTERELCREF_AUC_HIG,SO_DEMTERELCREF_AUC_HIG,SO,SO,technology,mapeo_directo,False,DEMTERELCREF_AUC_HIG,identidad,,,SO_ELC003,ELC002,SO_TERREF_AUC,TERREF_AUC
DEMTERELCREF_AUC_LOW,AN_DEMTERELCREF_AUC_LOW,AN,AN,technology,mapeo_directo,False,DEMTERELCREF_AUC_LOW,identidad,,,AN_ELC003,ELC002,AN_TERREF_AUC,TERREF_AUC
DEMTERELCREF_AUC_LOW,CA_DEMTERELCREF_AUC_LOW,CA,CA,technology,mapeo_directo,False,DEMTERELCREF_AUC_LOW,identidad,,,CA_ELC003,ELC002,CA_TERREF_AUC,TERREF_AUC
DEMTERELCREF_AUC_LOW,IN_DEMTERELCREF_AUC_LOW,IN,IN,technology,mapeo_directo,False,DEMTERELCREF_AUC_LOW,identidad,,,IN_ELC003,ELC002,IN_TERREF_AUC,TERREF_AUC
DEMTERELCREF_AUC_LOW,NE_DEMTERELCREF_AUC_LOW,NE,NE,technology,mapeo_directo,False,DEMTERELCREF_AUC_LOW,identidad,,,NE_ELC003,ELC002,NE_TERREF_AUC,TERREF_AUC
DEMTERELCREF_AUC_LOW,OR_DEMTERELCREF_AUC_LOW,OR,OR,technology,mapeo_directo,False,DEMTERELCREF_AUC_LOW,identidad,,,OR_ELC003,ELC002,OR_TERREF_AUC,TERREF_AUC
DEMTERELCREF_AUC_LOW,SE_DEMTERELCREF_AUC_LOW,SE,SE,technology,mapeo_directo,False,DEMTERELCREF_AUC_LOW,identidad,,,SE_ELC003,ELC002,SE_TERREF_AUC,TERREF_AUC
DEMTERELCREF_AUC_LOW,SO_DEMTERELCREF_AUC_LOW,SO,SO,technology,mapeo_directo,False,DEMTERELCREF_AUC_LOW,identidad,,,SO_ELC003,ELC002,SO_TERREF_AUC,TERREF_AUC
DEMTERELCREF_AUC_MID,AN_DEMTERELCREF_AUC_MID,AN,AN,technology,mapeo_directo,False,DEMTERELCREF_AUC_MID,identidad,,,AN_ELC003,ELC002,AN_TERREF_AUC,TERREF_AUC
DEMTERELCREF_AUC_MID,CA_DEMTERELCREF_AUC_MID,CA,CA,technology,mapeo_directo,False,DEMTERELCREF_AUC_MID,identidad,,,CA_ELC003,ELC002,CA_TERREF_AUC,TERREF_AUC
DEMTERELCREF_AUC_MID,IN_DEMTERELCREF_AUC_MID,IN,IN,technology,mapeo_directo,False,DEMTERELCREF_AUC_MID,identidad,,,IN_ELC003,ELC002,IN_TERREF_AUC,TERREF_AUC
DEMTERELCREF_AUC_MID,NE_DEMTERELCREF_AUC_MID,NE,NE,technology,mapeo_directo,False,DEMTERELCREF_AUC_MID,identidad,,,NE_ELC003,ELC002,NE_TERREF_AUC,TERREF_AUC
DEMTERELCREF_AUC_MID,OR_DEMTERELCREF_AUC_MID,OR,OR,technology,mapeo_directo,False,DEMTERELCREF_AUC_MID,identidad,,,OR_ELC003,ELC002,OR_TERREF_AUC,TERREF_AUC
DEMTERELCREF_AUC_MID,SE_DEMTERELCREF_AUC_MID,SE,SE,technology,mapeo_directo,False,DEMTERELCREF_AUC_MID,identidad,,,SE_ELC003,ELC002,SE_TERREF_AUC,TERREF_AUC
DEMTERELCREF_AUC_MID,SO_DEMTERELCREF_AUC_MID,SO,SO,technology,mapeo_directo,False,DEMTERELCREF_AUC_MID,identidad,,,SO_ELC003,ELC002,SO_TERREF_AUC,TERREF_AUC
DEMTERELCREF_CEN_HIG,AN_DEMTERELCREF_CEN_HIG,AN,AN,technology,mapeo_directo,False,DEMTERELCREF_CEN_HIG,identidad,,,AN_ELC003,ELC002,AN_TERREF_CEN,TERREF_CEN
DEMTERELCREF_CEN_HIG,CA_DEMTERELCREF_CEN_HIG,CA,CA,technology,mapeo_directo,False,DEMTERELCREF_CEN_HIG,identidad,,,CA_ELC003,ELC002,CA_TERREF_CEN,TERREF_CEN
DEMTERELCREF_CEN_HIG,IN_DEMTERELCREF_CEN_HIG,IN,IN,technology,mapeo_directo,False,DEMTERELCREF_CEN_HIG,identidad,,,IN_ELC003,ELC002,IN_TERREF_CEN,TERREF_CEN
DEMTERELCREF_CEN_HIG,NE_DEMTERELCREF_CEN_HIG,NE,NE,technology,mapeo_directo,False,DEMTERELCREF_CEN_HIG,identidad,,,NE_ELC003,ELC002,NE_TERREF_CEN,TERREF_CEN
DEMTERELCREF_CEN_HIG,OR_DEMTERELCREF_CEN_HIG,OR,OR,technology,mapeo_directo,False,DEMTERELCREF_CEN_HIG,identidad,,,OR_ELC003,ELC002,OR_TERREF_CEN,TERREF_CEN
DEMTERELCREF_CEN_HIG,SE_DEMTERELCREF_CEN_HIG,SE,SE,technology,mapeo_directo,False,DEMTERELCREF_CEN_HIG,identidad,,,SE_ELC003,ELC002,SE_TERREF_CEN,TERREF_CEN
DEMTERELCREF_CEN_HIG,SO_DEMTERELCREF_CEN_HIG,SO,SO,technology,mapeo_directo,False,DEMTERELCREF_CEN_HIG,identidad,,,SO_ELC003,ELC002,SO_TERREF_CEN,TERREF_CEN
DEMTERELCREF_CEN_LOW,AN_DEMTERELCREF_CEN_LOW,AN,AN,technology,mapeo_directo,False,DEMTERELCREF_CEN_LOW,identidad,,,AN_ELC003,ELC002,AN_TERREF_CEN,TERREF_CEN
DEMTERELCREF_CEN_LOW,CA_DEMTERELCREF_CEN_LOW,CA,CA,technology,mapeo_directo,False,DEMTERELCREF_CEN_LOW,identidad,,,CA_ELC003,ELC002,CA_TERREF_CEN,TERREF_CEN
DEMTERELCREF_CEN_LOW,IN_DEMTERELCREF_CEN_LOW,IN,IN,technology,mapeo_directo,False,DEMTERELCREF_CEN_LOW,identidad,,,IN_ELC003,ELC002,IN_TERREF_CEN,TERREF_CEN
DEMTERELCREF_CEN_LOW,NE_DEMTERELCREF_CEN_LOW,NE,NE,technology,mapeo_directo,False,DEMTERELCREF_CEN_LOW,identidad,,,NE_ELC003,ELC002,NE_TERREF_CEN,TERREF_CEN
DEMTERELCREF_CEN_LOW,OR_DEMTERELCREF_CEN_LOW,OR,OR,technology,mapeo_directo,False,DEMTERELCREF_CEN_LOW,identidad,,,OR_ELC003,ELC002,OR_TERREF_CEN,TERREF_CEN
DEMTERELCREF_CEN_LOW,SE_DEMTERELCREF_CEN_LOW,SE,SE,technology,mapeo_directo,False,DEMTERELCREF_CEN_LOW,identidad,,,SE_ELC003,ELC002,SE_TERREF_CEN,TERREF_CEN
DEMTERELCREF_CEN_LOW,SO_DEMTERELCREF_CEN_LOW,SO,SO,technology,mapeo_directo,False,DEMTERELCREF_CEN_LOW,identidad,,,SO_ELC003,ELC002,SO_TERREF_CEN,TERREF_CEN
DEMTERELCREF_CEN_MID,AN_DEMTERELCREF_CEN_MID,AN,AN,technology,mapeo_directo,False,DEMTERELCREF_CEN_MID,identidad,,,AN_ELC003,ELC002,AN_TERREF_CEN,TERREF_CEN
DEMTERELCREF_CEN_MID,CA_DEMTERELCREF_CEN_MID,CA,CA,technology,mapeo_directo,False,DEMTERELCREF_CEN_MID,identidad,,,CA_ELC003,ELC002,CA_TERREF_CEN,TERREF_CEN
DEMTERELCREF_CEN_MID,IN_DEMTERELCREF_CEN_MID,IN,IN,technology,mapeo_directo,False,DEMTERELCREF_CEN_MID,identidad,,,IN_ELC003,ELC002,IN_TERREF_CEN,TERREF_CEN
DEMTERELCREF_CEN_MID,NE_DEMTERELCREF_CEN_MID,NE,NE,technology,mapeo_directo,False,DEMTERELCREF_CEN_MID,identidad,,,NE_ELC003,ELC002,NE_TERREF_CEN,TERREF_CEN
DEMTERELCREF_CEN_MID,OR_DEMTERELCREF_CEN_MID,OR,OR,technology,mapeo_directo,False,DEMTERELCREF_CEN_MID,identidad,,,OR_ELC003,ELC002,OR_TERREF_CEN,TERREF_CEN
DEMTERELCREF_CEN_MID,SE_DEMTERELCREF_CEN_MID,SE,SE,technology,mapeo_directo,False,DEMTERELCREF_CEN_MID,identidad,,,SE_ELC003,ELC002,SE_TERREF_CEN,TERREF_CEN
DEMTERELCREF_CEN_MID,SO_DEMTERELCREF_CEN_MID,SO,SO,technology,mapeo_directo,False,DEMTERELCREF_CEN_MID,identidad,,,SO_ELC003,ELC002,SO_TERREF_CEN,TERREF_CEN
DEMTERLPGCKN_HIG,AN_DEMTERLPGCKN_HIG,AN,AN,technology,mapeo_directo,False,DEMTERLPGCKN_HIG,identidad,,,AN_LPG002,LPG002,AN_TERDHT,TERDHT
DEMTERLPGCKN_HIG,CA_DEMTERLPGCKN_HIG,CA,CA,technology,mapeo_directo,False,DEMTERLPGCKN_HIG,identidad,,,CA_LPG002,LPG002,CA_TERDHT,TERDHT
DEMTERLPGCKN_HIG,IN_DEMTERLPGCKN_HIG,IN,IN,technology,mapeo_directo,False,DEMTERLPGCKN_HIG,identidad,,,IN_LPG002,LPG002,IN_TERDHT,TERDHT
DEMTERLPGCKN_HIG,NE_DEMTERLPGCKN_HIG,NE,NE,technology,mapeo_directo,False,DEMTERLPGCKN_HIG,identidad,,,NE_LPG002,LPG002,NE_TERDHT,TERDHT
DEMTERLPGCKN_HIG,OR_DEMTERLPGCKN_HIG,OR,OR,technology,mapeo_directo,False,DEMTERLPGCKN_HIG,identidad,,,OR_LPG002,LPG002,OR_TERDHT,TERDHT
DEMTERLPGCKN_HIG,SE_DEMTERLPGCKN_HIG,SE,SE,technology,mapeo_directo,False,DEMTERLPGCKN_HIG,identidad,,,SE_LPG002,LPG002,SE_TERDHT,TERDHT
DEMTERLPGCKN_HIG,SO_DEMTERLPGCKN_HIG,SO,SO,technology,mapeo_directo,False,DEMTERLPGCKN_HIG,identidad,,,SO_LPG002,LPG002,SO_TERDHT,TERDHT
DEMTERLPGCKN_LOW,AN_DEMTERLPGCKN_LOW,AN,AN,technology,mapeo_directo,False,DEMTERLPGCKN_LOW,identidad,,,AN_LPG002,LPG002,AN_TERDHT,TERDHT
DEMTERLPGCKN_LOW,CA_DEMTERLPGCKN_LOW,CA,CA,technology,mapeo_directo,False,DEMTERLPGCKN_LOW,identidad,,,CA_LPG002,LPG002,CA_TERDHT,TERDHT
DEMTERLPGCKN_LOW,IN_DEMTERLPGCKN_LOW,IN,IN,technology,mapeo_directo,False,DEMTERLPGCKN_LOW,identidad,,,IN_LPG002,LPG002,IN_TERDHT,TERDHT
DEMTERLPGCKN_LOW,NE_DEMTERLPGCKN_LOW,NE,NE,technology,mapeo_directo,False,DEMTERLPGCKN_LOW,identidad,,,NE_LPG002,LPG002,NE_TERDHT,TERDHT
DEMTERLPGCKN_LOW,OR_DEMTERLPGCKN_LOW,OR,OR,technology,mapeo_directo,False,DEMTERLPGCKN_LOW,identidad,,,OR_LPG002,LPG002,OR_TERDHT,TERDHT
DEMTERLPGCKN_LOW,SE_DEMTERLPGCKN_LOW,SE,SE,technology,mapeo_directo,False,DEMTERLPGCKN_LOW,identidad,,,SE_LPG002,LPG002,SE_TERDHT,TERDHT
DEMTERLPGCKN_LOW,SO_DEMTERLPGCKN_LOW,SO,SO,technology,mapeo_directo,False,DEMTERLPGCKN_LOW,identidad,,,SO_LPG002,LPG002,SO_TERDHT,TERDHT
DEMTERLPGCKN_MID,AN_DEMTERLPGCKN_MID,AN,AN,technology,mapeo_directo,False,DEMTERLPGCKN_MID,identidad,,,AN_LPG002,LPG002,AN_TERDHT,TERDHT
DEMTERLPGCKN_MID,CA_DEMTERLPGCKN_MID,CA,CA,technology,mapeo_directo,False,DEMTERLPGCKN_MID,identidad,,,CA_LPG002,LPG002,CA_TERDHT,TERDHT
DEMTERLPGCKN_MID,IN_DEMTERLPGCKN_MID,IN,IN,technology,mapeo_directo,False,DEMTERLPGCKN_MID,identidad,,,IN_LPG002,LPG002,IN_TERDHT,TERDHT
DEMTERLPGCKN_MID,NE_DEMTERLPGCKN_MID,NE,NE,technology,mapeo_directo,False,DEMTERLPGCKN_MID,identidad,,,NE_LPG002,LPG002,NE_TERDHT,TERDHT
DEMTERLPGCKN_MID,OR_DEMTERLPGCKN_MID,OR,OR,technology,mapeo_directo,False,DEMTERLPGCKN_MID,identidad,,,OR_LPG002,LPG002,OR_TERDHT,TERDHT
DEMTERLPGCKN_MID,SE_DEMTERLPGCKN_MID,SE,SE,technology,mapeo_directo,False,DEMTERLPGCKN_MID,identidad,,,SE_LPG002,LPG002,SE_TERDHT,TERDHT
DEMTERLPGCKN_MID,SO_DEMTERLPGCKN_MID,SO,SO,technology,mapeo_directo,False,DEMTERLPGCKN_MID,identidad,,,SO_LPG002,LPG002,SO_TERDHT,TERDHT
DEMTERNGSCKN_HIG,AN_DEMTERNGSCKN_HIG,AN,AN,technology,mapeo_directo,False,DEMTERNGSCKN_HIG,identidad,,,AN_NGS002,NGS002,AN_TERDHT,TERDHT
DEMTERNGSCKN_HIG,CA_DEMTERNGSCKN_HIG,CA,CA,technology,mapeo_directo,False,DEMTERNGSCKN_HIG,identidad,,,CA_NGS002,NGS002,CA_TERDHT,TERDHT
DEMTERNGSCKN_HIG,NE_DEMTERNGSCKN_HIG,NE,NE,technology,mapeo_directo,False,DEMTERNGSCKN_HIG,identidad,,,NE_NGS002,NGS002,NE_TERDHT,TERDHT
DEMTERNGSCKN_HIG,OR_DEMTERNGSCKN_HIG,OR,OR,technology,mapeo_directo,False,DEMTERNGSCKN_HIG,identidad,,,OR_NGS002,NGS002,OR_TERDHT,TERDHT
DEMTERNGSCKN_HIG,SO_DEMTERNGSCKN_HIG,SO,SO,technology,mapeo_directo,False,DEMTERNGSCKN_HIG,identidad,,,SO_NGS002,NGS002,SO_TERDHT,TERDHT
DEMTERNGSCKN_LOW,AN_DEMTERNGSCKN_LOW,AN,AN,technology,mapeo_directo,False,DEMTERNGSCKN_LOW,identidad,,,AN_NGS002,NGS002,AN_TERDHT,TERDHT
DEMTERNGSCKN_LOW,CA_DEMTERNGSCKN_LOW,CA,CA,technology,mapeo_directo,False,DEMTERNGSCKN_LOW,identidad,,,CA_NGS002,NGS002,CA_TERDHT,TERDHT
DEMTERNGSCKN_LOW,NE_DEMTERNGSCKN_LOW,NE,NE,technology,mapeo_directo,False,DEMTERNGSCKN_LOW,identidad,,,NE_NGS002,NGS002,NE_TERDHT,TERDHT
DEMTERNGSCKN_LOW,OR_DEMTERNGSCKN_LOW,OR,OR,technology,mapeo_directo,False,DEMTERNGSCKN_LOW,identidad,,,OR_NGS002,NGS002,OR_TERDHT,TERDHT
DEMTERNGSCKN_LOW,SO_DEMTERNGSCKN_LOW,SO,SO,technology,mapeo_directo,False,DEMTERNGSCKN_LOW,identidad,,,SO_NGS002,NGS002,SO_TERDHT,TERDHT
DEMTRADSLBOT,AN_DEMTRADSLBOT,AN,AN,technology,mapeo_directo,False,DEMTRADSLBOT,identidad,,,AN_DSL003,DSL002,AN_TRARVT,TRARVT
DEMTRADSLBOT,CA_DEMTRADSLBOT,CA,CA,technology,mapeo_directo,False,DEMTRADSLBOT,identidad,,,CA_DSL003,DSL002,CA_TRARVT,TRARVT
DEMTRADSLBOT,NE_DEMTRADSLBOT,NE,NE,technology,mapeo_directo,False,DEMTRADSLBOT,identidad,,,NE_DSL003,DSL002,NE_TRARVT,TRARVT
DEMTRADSLBOT,OR_DEMTRADSLBOT,OR,OR,technology,mapeo_directo,False,DEMTRADSLBOT,identidad,,,OR_DSL003,DSL002,OR_TRARVT,TRARVT
DEMTRADSLBOT,SE_DEMTRADSLBOT,SE,SE,technology,mapeo_directo,False,DEMTRADSLBOT,identidad,,,SE_GSL002,GSL,SE_TRARVT,TRARVT
DEMTRADSLBOT,SO_DEMTRADSLBOT,SO,SO,technology,mapeo_directo,False,DEMTRADSLBOT,identidad,,,SO_DSL003,DSL002,SO_TRARVT,TRARVT
DEMTRADSLBUS_ART,AN_DEMTRADSLBUS_ART,AN,AN,technology,mapeo_directo,False,DEMTRADSLBUS_ART,identidad,,,AN_DSL003,DSL002,AN_TRAMAS,TRAMAS
DEMTRADSLBUS_ART,CA_DEMTRADSLBUS_ART,CA,CA,technology,mapeo_directo,False,DEMTRADSLBUS_ART,identidad,,,CA_DSL003,DSL002,CA_TRAMAS,TRAMAS
DEMTRADSLBUS_ART,NE_DEMTRADSLBUS_ART,NE,NE,technology,mapeo_directo,False,DEMTRADSLBUS_ART,identidad,,,NE_DSL003,DSL002,NE_TRAMAS,TRAMAS
DEMTRADSLBUS_ART,OR_DEMTRADSLBUS_ART,OR,OR,technology,mapeo_directo,False,DEMTRADSLBUS_ART,identidad,,,OR_DSL003,DSL002,OR_TRAMAS,TRAMAS
DEMTRADSLBUS_ART,SO_DEMTRADSLBUS_ART,SO,SO,technology,mapeo_directo,False,DEMTRADSLBUS_ART,identidad,,,SO_DSL003,DSL002,SO_TRAMAS,TRAMAS
DEMTRADSLBUS_BIA,AN_DEMTRADSLBUS_BIA,AN,AN,technology,mapeo_directo,False,DEMTRADSLBUS_BIA,identidad,,,AN_DSL003,DSL002,AN_TRAMAS,TRAMAS
DEMTRADSLBUS_BIA,CA_DEMTRADSLBUS_BIA,CA,CA,technology,mapeo_directo,False,DEMTRADSLBUS_BIA,identidad,,,CA_DSL003,DSL002,CA_TRAMAS,TRAMAS
DEMTRADSLBUS_BIA,NE_DEMTRADSLBUS_BIA,NE,NE,technology,mapeo_directo,False,DEMTRADSLBUS_BIA,identidad,,,NE_DSL003,DSL002,NE_TRAMAS,TRAMAS
DEMTRADSLBUS_BIA,OR_DEMTRADSLBUS_BIA,OR,OR,technology,mapeo_directo,False,DEMTRADSLBUS_BIA,identidad,,,OR_DSL003,DSL002,OR_TRAMAS,TRAMAS
DEMTRADSLBUS_BIA,SO_DEMTRADSLBUS_BIA,SO,SO,technology,mapeo_directo,False,DEMTRADSLBUS_BIA,identidad,,,SO_DSL003,DSL002,SO_TRAMAS,TRAMAS
DEMTRADSLBUS_IMU,AN_DEMTRADSLBUS_IMU,AN,AN,technology,mapeo_directo,False,DEMTRADSLBUS_IMU,identidad,,,AN_DSL003,DSL002,AN_TRABUS,TRABUS
DEMTRADSLBUS_IMU,CA_DEMTRADSLBUS_IMU,CA,CA,technology,mapeo_directo,False,DEMTRADSLBUS_IMU,identidad,,,CA_DSL003,DSL002,CA_TRABUS,TRABUS
DEMTRADSLBUS_IMU,NE_DEMTRADSLBUS_IMU,NE,NE,technology,mapeo_directo,False,DEMTRADSLBUS_IMU,identidad,,,NE_DSL003,DSL002,NE_TRABUS,TRABUS
DEMTRADSLBUS_IMU,OR_DEMTRADSLBUS_IMU,OR,OR,technology,mapeo_directo,False,DEMTRADSLBUS_IMU,identidad,,,OR_DSL003,DSL002,OR_TRABUS,TRABUS
DEMTRADSLBUS_IMU,SO_DEMTRADSLBUS_IMU,SO,SO,technology,mapeo_directo,False,DEMTRADSLBUS_IMU,identidad,,,SO_DSL003,DSL002,SO_TRABUS,TRABUS
DEMTRADSLBUS_URB,AN_DEMTRADSLBUS_URB,AN,AN,technology,mapeo_directo,False,DEMTRADSLBUS_URB,identidad,,,AN_DSL003,DSL002,AN_TRABUS,TRABUS
DEMTRADSLBUS_URB,CA_DEMTRADSLBUS_URB,CA,CA,technology,mapeo_directo,False,DEMTRADSLBUS_URB,identidad,,,CA_DSL003,DSL002,CA_TRABUS,TRABUS
DEMTRADSLBUS_URB,NE_DEMTRADSLBUS_URB,NE,NE,technology,mapeo_directo,False,DEMTRADSLBUS_URB,identidad,,,NE_DSL003,DSL002,NE_TRABUS,TRABUS
DEMTRADSLBUS_URB,OR_DEMTRADSLBUS_URB,OR,OR,technology,mapeo_directo,False,DEMTRADSLBUS_URB,identidad,,,OR_DSL003,DSL002,OR_TRABUS,TRABUS
DEMTRADSLBUS_URB,SO_DEMTRADSLBUS_URB,SO,SO,technology,mapeo_directo,False,DEMTRADSLBUS_URB,identidad,,,SO_DSL003,DSL002,SO_TRABUS,TRABUS
DEMTRADSLFWD,AN_DEMTRADSLFWD,AN,AN,technology,mapeo_directo,False,DEMTRADSLFWD,identidad,,,AN_DSL003,DSL002,AN_TRAFWD,TRAFWD
DEMTRADSLFWD,CA_DEMTRADSLFWD,CA,CA,technology,mapeo_directo,False,DEMTRADSLFWD,identidad,,,CA_DSL003,DSL002,CA_TRAFWD,TRAFWD
DEMTRADSLFWD,IN_DEMTRADSLFWD,IN,IN,technology,mapeo_directo,False,DEMTRADSLFWD,identidad,,,IN_DSL002,DSL,IN_TRAFWD,TRAFWD
DEMTRADSLFWD,NE_DEMTRADSLFWD,NE,NE,technology,mapeo_directo,False,DEMTRADSLFWD,identidad,,,NE_DSL003,DSL002,NE_TRAFWD,TRAFWD
DEMTRADSLFWD,OR_DEMTRADSLFWD,OR,OR,technology,mapeo_directo,False,DEMTRADSLFWD,identidad,,,OR_DSL003,DSL002,OR_TRAFWD,TRAFWD
DEMTRADSLFWD,SE_DEMTRADSLFWD,SE,SE,technology,mapeo_directo,False,DEMTRADSLFWD,identidad,,,SE_DSL002,DSL,SE_TRAFWD,TRAFWD
DEMTRADSLFWD,SO_DEMTRADSLFWD,SO,SO,technology,mapeo_directo,False,DEMTRADSLFWD,identidad,,,SO_DSL003,DSL002,SO_TRAFWD,TRAFWD
DEMTRADSLLDV,AN_DEMTRADSLLDV,AN,AN,technology,mapeo_directo,False,DEMTRADSLLDV,identidad,,,AN_DSL003,DSL002,AN_TRALDV,TRALDV
DEMTRADSLLDV,CA_DEMTRADSLLDV,CA,CA,technology,mapeo_directo,False,DEMTRADSLLDV,identidad,,,CA_DSL003,DSL002,CA_TRALDV,TRALDV
DEMTRADSLLDV,IN_DEMTRADSLLDV,IN,IN,technology,mapeo_directo,False,DEMTRADSLLDV,identidad,,,IN_DSL002,DSL,IN_TRALDV,TRALDV
DEMTRADSLLDV,NE_DEMTRADSLLDV,NE,NE,technology,mapeo_directo,False,DEMTRADSLLDV,identidad,,,NE_DSL003,DSL002,NE_TRALDV,TRALDV
DEMTRADSLLDV,OR_DEMTRADSLLDV,OR,OR,technology,mapeo_directo,False,DEMTRADSLLDV,identidad,,,OR_DSL003,DSL002,OR_TRALDV,TRALDV
DEMTRADSLLDV,SE_DEMTRADSLLDV,SE,SE,technology,mapeo_directo,False,DEMTRADSLLDV,identidad,,,SE_DSL002,DSL,SE_TRALDV,TRALDV
DEMTRADSLLDV,SO_DEMTRADSLLDV,SO,SO,technology,mapeo_directo,False,DEMTRADSLLDV,identidad,,,SO_DSL003,DSL002,SO_TRALDV,TRALDV
DEMTRADSLMIC,AN_DEMTRADSLMIC,AN,AN,technology,mapeo_directo,False,DEMTRADSLMIC,identidad,,,AN_DSL003,DSL002,AN_TRAMIC,TRAMIC
DEMTRADSLMIC,CA_DEMTRADSLMIC,CA,CA,technology,mapeo_directo,False,DEMTRADSLMIC,identidad,,,CA_DSL003,DSL002,CA_TRAMIC,TRAMIC
DEMTRADSLMIC,IN_DEMTRADSLMIC,IN,IN,technology,mapeo_directo,False,DEMTRADSLMIC,identidad,,,IN_DSL002,DSL,IN_TRAMIC,TRAMIC
DEMTRADSLMIC,NE_DEMTRADSLMIC,NE,NE,technology,mapeo_directo,False,DEMTRADSLMIC,identidad,,,NE_DSL003,DSL002,NE_TRAMIC,TRAMIC
DEMTRADSLMIC,OR_DEMTRADSLMIC,OR,OR,technology,mapeo_directo,False,DEMTRADSLMIC,identidad,,,OR_DSL003,DSL002,OR_TRAMIC,TRAMIC
DEMTRADSLMIC,SE_DEMTRADSLMIC,SE,SE,technology,mapeo_directo,False,DEMTRADSLMIC,identidad,,,SE_DSL002,DSL,SE_TRAMIC,TRAMIC
DEMTRADSLMIC,SO_DEMTRADSLMIC,SO,SO,technology,mapeo_directo,False,DEMTRADSLMIC,identidad,,,SO_DSL003,DSL002,SO_TRAMIC,TRAMIC
DEMTRADSLSHP,AN_DEMTRADSLSHP,AN,AN,technology,mapeo_directo,False,DEMTRADSLSHP,identidad,,,AN_DSL002,DSL,AN_TRAMRT,TRAMRT
DEMTRADSLSHP,CA_DEMTRADSLSHP,CA,CA,technology,mapeo_directo,False,DEMTRADSLSHP,identidad,,,CA_DSL002,DSL,CA_TRAMRT,TRAMRT
DEMTRADSLSHP,IN_DEMTRADSLSHP,IN,IN,technology,mapeo_directo,False,DEMTRADSLSHP,identidad,,,IN_DSL002,DSL,IN_TRAMRT,TRAMRT
DEMTRADSLSHP,SO_DEMTRADSLSHP,SO,SO,technology,mapeo_directo,False,DEMTRADSLSHP,identidad,,,SO_DSL002,DSL,SO_TRAMRT,TRAMRT
DEMTRADSLSTT,AN_DEMTRADSLSTT,AN,AN,technology,mapeo_directo,False,DEMTRADSLSTT,identidad,,,AN_DSL003,DSL002,AN_TRASTT,TRASTT
DEMTRADSLSTT,CA_DEMTRADSLSTT,CA,CA,technology,mapeo_directo,False,DEMTRADSLSTT,identidad,,,CA_DSL003,DSL002,CA_TRASTT,TRASTT
DEMTRADSLSTT,NE_DEMTRADSLSTT,NE,NE,technology,mapeo_directo,False,DEMTRADSLSTT,identidad,,,NE_DSL003,DSL002,NE_TRASTT,TRASTT
DEMTRADSLSTT,OR_DEMTRADSLSTT,OR,OR,technology,mapeo_directo,False,DEMTRADSLSTT,identidad,,,OR_DSL003,DSL002,OR_TRASTT,TRASTT
DEMTRADSLSTT,SO_DEMTRADSLSTT,SO,SO,technology,mapeo_directo,False,DEMTRADSLSTT,identidad,,,SO_DSL003,DSL002,SO_TRASTT,TRASTT
DEMTRADSLTAX,AN_DEMTRADSLTAX,AN,AN,technology,mapeo_directo,False,DEMTRADSLTAX,identidad,,,AN_DSL003,DSL002,AN_TRATAX,TRATAX
DEMTRADSLTAX,CA_DEMTRADSLTAX,CA,CA,technology,mapeo_directo,False,DEMTRADSLTAX,identidad,,,CA_DSL003,DSL002,CA_TRATAX,TRATAX
DEMTRADSLTAX,IN_DEMTRADSLTAX,IN,IN,technology,mapeo_directo,False,DEMTRADSLTAX,identidad,,,IN_DSL002,DSL,IN_TRATAX,TRATAX
DEMTRADSLTAX,NE_DEMTRADSLTAX,NE,NE,technology,mapeo_directo,False,DEMTRADSLTAX,identidad,,,NE_DSL003,DSL002,NE_TRATAX,TRATAX
DEMTRADSLTAX,OR_DEMTRADSLTAX,OR,OR,technology,mapeo_directo,False,DEMTRADSLTAX,identidad,,,OR_DSL003,DSL002,OR_TRATAX,TRATAX
DEMTRADSLTAX,SE_DEMTRADSLTAX,SE,SE,technology,mapeo_directo,False,DEMTRADSLTAX,identidad,,,SE_DSL002,DSL,SE_TRATAX,TRATAX
DEMTRADSLTAX,SO_DEMTRADSLTAX,SO,SO,technology,mapeo_directo,False,DEMTRADSLTAX,identidad,,,SO_DSL003,DSL002,SO_TRATAX,TRATAX
DEMTRADSLTCK_C2P,AN_DEMTRADSLTCK_C2P,AN,AN,technology,mapeo_directo,False,DEMTRADSLTCK_C2P,identidad,,,AN_DSL003,DSL002,AN_TRATCK,TRATCK
DEMTRADSLTCK_C2P,CA_DEMTRADSLTCK_C2P,CA,CA,technology,mapeo_directo,False,DEMTRADSLTCK_C2P,identidad,,,CA_DSL003,DSL002,CA_TRATCK,TRATCK
DEMTRADSLTCK_C2P,IN_DEMTRADSLTCK_C2P,IN,IN,technology,mapeo_directo,False,DEMTRADSLTCK_C2P,identidad,,,IN_DSL002,DSL,IN_TRATCK,TRATCK
DEMTRADSLTCK_C2P,NE_DEMTRADSLTCK_C2P,NE,NE,technology,mapeo_directo,False,DEMTRADSLTCK_C2P,identidad,,,NE_DSL003,DSL002,NE_TRATCK,TRATCK
DEMTRADSLTCK_C2P,OR_DEMTRADSLTCK_C2P,OR,OR,technology,mapeo_directo,False,DEMTRADSLTCK_C2P,identidad,,,OR_DSL003,DSL002,OR_TRATCK,TRATCK
DEMTRADSLTCK_C2P,SE_DEMTRADSLTCK_C2P,SE,SE,technology,mapeo_directo,False,DEMTRADSLTCK_C2P,identidad,,,SE_DSL002,DSL,SE_TRATCK,TRATCK
DEMTRADSLTCK_C2P,SO_DEMTRADSLTCK_C2P,SO,SO,technology,mapeo_directo,False,DEMTRADSLTCK_C2P,identidad,,,SO_DSL003,DSL002,SO_TRATCK,TRATCK
DEMTRADSLTCK_CSG,AN_DEMTRADSLTCK_CSG,AN,AN,technology,mapeo_directo,False,DEMTRADSLTCK_CSG,identidad,,,AN_DSL003,DSL002,AN_TRATCK,TRATCK
DEMTRADSLTCK_CSG,CA_DEMTRADSLTCK_CSG,CA,CA,technology,mapeo_directo,False,DEMTRADSLTCK_CSG,identidad,,,CA_DSL003,DSL002,CA_TRATCK,TRATCK
DEMTRADSLTCK_CSG,IN_DEMTRADSLTCK_CSG,IN,IN,technology,mapeo_directo,False,DEMTRADSLTCK_CSG,identidad,,,IN_DSL002,DSL,IN_TRATCK,TRATCK
DEMTRADSLTCK_CSG,NE_DEMTRADSLTCK_CSG,NE,NE,technology,mapeo_directo,False,DEMTRADSLTCK_CSG,identidad,,,NE_DSL003,DSL002,NE_TRATCK,TRATCK
DEMTRADSLTCK_CSG,OR_DEMTRADSLTCK_CSG,OR,OR,technology,mapeo_directo,False,DEMTRADSLTCK_CSG,identidad,,,OR_DSL003,DSL002,OR_TRATCK,TRATCK
DEMTRADSLTCK_CSG,SE_DEMTRADSLTCK_CSG,SE,SE,technology,mapeo_directo,False,DEMTRADSLTCK_CSG,identidad,,,SE_DSL002,DSL,SE_TRATCK,TRATCK
DEMTRADSLTCK_CSG,SO_DEMTRADSLTCK_CSG,SO,SO,technology,mapeo_directo,False,DEMTRADSLTCK_CSG,identidad,,,SO_DSL003,DSL002,SO_TRATCK,TRATCK
DEMTRAELCBOT,AN_DEMTRAELCBOT,AN,AN,technology,mapeo_directo,False,DEMTRAELCBOT,identidad,,,AN_ELCEV001,ELC003,AN_TRARVT,TRARVT
DEMTRAELCBOT,CA_DEMTRAELCBOT,CA,CA,technology,mapeo_directo,False,DEMTRAELCBOT,identidad,,,CA_ELCEV001,ELC003,CA_TRARVT,TRARVT
DEMTRAELCBOT,NE_DEMTRAELCBOT,NE,NE,technology,mapeo_directo,False,DEMTRAELCBOT,identidad,,,NE_ELCEV001,ELC003,NE_TRARVT,TRARVT
DEMTRAELCBOT,OR_DEMTRAELCBOT,OR,OR,technology,mapeo_directo,False,DEMTRAELCBOT,identidad,,,OR_ELCEV001,ELC003,OR_TRARVT,TRARVT
DEMTRAELCBOT,SE_DEMTRAELCBOT,SE,SE,technology,mapeo_directo,False,DEMTRAELCBOT,identidad,,,SE_ELCEV001,ELC003,SE_TRARVT,TRARVT
DEMTRAELCBOT,SO_DEMTRAELCBOT,SO,SO,technology,mapeo_directo,False,DEMTRAELCBOT,identidad,,,SO_ELCEV001,ELC003,SO_TRARVT,TRARVT
DEMTRAELCBUS_ART,AN_DEMTRAELCBUS_ART,AN,AN,technology,mapeo_directo,False,DEMTRAELCBUS_ART,identidad,,,AN_ELCEV002,ELC004,AN_TRAMAS,TRAMAS
DEMTRAELCBUS_ART,CA_DEMTRAELCBUS_ART,CA,CA,technology,mapeo_directo,False,DEMTRAELCBUS_ART,identidad,,,CA_ELCEV002,ELC004,CA_TRAMAS,TRAMAS
DEMTRAELCBUS_ART,NE_DEMTRAELCBUS_ART,NE,NE,technology,mapeo_directo,False,DEMTRAELCBUS_ART,identidad,,,NE_ELCEV002,ELC004,NE_TRAMAS,TRAMAS
DEMTRAELCBUS_ART,OR_DEMTRAELCBUS_ART,OR,OR,technology,mapeo_directo,False,DEMTRAELCBUS_ART,identidad,,,OR_ELCEV002,ELC004,OR_TRAMAS,TRAMAS
DEMTRAELCBUS_ART,SO_DEMTRAELCBUS_ART,SO,SO,technology,mapeo_directo,False,DEMTRAELCBUS_ART,identidad,,,SO_ELCEV002,ELC004,SO_TRAMAS,TRAMAS
DEMTRAELCBUS_BIA,AN_DEMTRAELCBUS_BIA,AN,AN,technology,mapeo_directo,False,DEMTRAELCBUS_BIA,identidad,,,AN_ELCEV002,ELC004,AN_TRAMAS,TRAMAS
DEMTRAELCBUS_BIA,CA_DEMTRAELCBUS_BIA,CA,CA,technology,mapeo_directo,False,DEMTRAELCBUS_BIA,identidad,,,CA_ELCEV002,ELC004,CA_TRAMAS,TRAMAS
DEMTRAELCBUS_BIA,NE_DEMTRAELCBUS_BIA,NE,NE,technology,mapeo_directo,False,DEMTRAELCBUS_BIA,identidad,,,NE_ELCEV002,ELC004,NE_TRAMAS,TRAMAS
DEMTRAELCBUS_BIA,OR_DEMTRAELCBUS_BIA,OR,OR,technology,mapeo_directo,False,DEMTRAELCBUS_BIA,identidad,,,OR_ELCEV002,ELC004,OR_TRAMAS,TRAMAS
DEMTRAELCBUS_BIA,SO_DEMTRAELCBUS_BIA,SO,SO,technology,mapeo_directo,False,DEMTRAELCBUS_BIA,identidad,,,SO_ELCEV002,ELC004,SO_TRAMAS,TRAMAS
DEMTRAELCBUS_IMU,AN_DEMTRAELCBUS_IMU,AN,AN,technology,mapeo_directo,False,DEMTRAELCBUS_IMU,identidad,,,AN_ELCEV002,ELC004,AN_TRABUS,TRABUS
DEMTRAELCBUS_IMU,CA_DEMTRAELCBUS_IMU,CA,CA,technology,mapeo_directo,False,DEMTRAELCBUS_IMU,identidad,,,CA_ELCEV002,ELC004,CA_TRABUS,TRABUS
DEMTRAELCBUS_IMU,NE_DEMTRAELCBUS_IMU,NE,NE,technology,mapeo_directo,False,DEMTRAELCBUS_IMU,identidad,,,NE_ELCEV002,ELC004,NE_TRABUS,TRABUS
DEMTRAELCBUS_IMU,OR_DEMTRAELCBUS_IMU,OR,OR,technology,mapeo_directo,False,DEMTRAELCBUS_IMU,identidad,,,OR_ELCEV002,ELC004,OR_TRABUS,TRABUS
DEMTRAELCBUS_IMU,SO_DEMTRAELCBUS_IMU,SO,SO,technology,mapeo_directo,False,DEMTRAELCBUS_IMU,identidad,,,SO_ELCEV002,ELC004,SO_TRABUS,TRABUS
DEMTRAELCBUS_URB,AN_DEMTRAELCBUS_URB,AN,AN,technology,mapeo_directo,False,DEMTRAELCBUS_URB,identidad,,,AN_ELCEV002,ELC004,AN_TRABUS,TRABUS
DEMTRAELCBUS_URB,CA_DEMTRAELCBUS_URB,CA,CA,technology,mapeo_directo,False,DEMTRAELCBUS_URB,identidad,,,CA_ELCEV002,ELC004,CA_TRABUS,TRABUS
DEMTRAELCBUS_URB,NE_DEMTRAELCBUS_URB,NE,NE,technology,mapeo_directo,False,DEMTRAELCBUS_URB,identidad,,,NE_ELCEV002,ELC004,NE_TRABUS,TRABUS
DEMTRAELCBUS_URB,OR_DEMTRAELCBUS_URB,OR,OR,technology,mapeo_directo,False,DEMTRAELCBUS_URB,identidad,,,OR_ELCEV002,ELC004,OR_TRABUS,TRABUS
DEMTRAELCBUS_URB,SO_DEMTRAELCBUS_URB,SO,SO,technology,mapeo_directo,False,DEMTRAELCBUS_URB,identidad,,,SO_ELCEV002,ELC004,SO_TRABUS,TRABUS
DEMTRAELCFWD,AN_DEMTRAELCFWD,AN,AN,technology,mapeo_directo,False,DEMTRAELCFWD,identidad,,,AN_ELCEV001,ELC003,AN_TRAFWD,TRAFWD
DEMTRAELCFWD,CA_DEMTRAELCFWD,CA,CA,technology,mapeo_directo,False,DEMTRAELCFWD,identidad,,,CA_ELCEV001,ELC003,CA_TRAFWD,TRAFWD
DEMTRAELCFWD,IN_DEMTRAELCFWD,IN,IN,technology,mapeo_directo,False,DEMTRAELCFWD,identidad,,,IN_ELCEV001,ELC003,IN_TRAFWD,TRAFWD
DEMTRAELCFWD,NE_DEMTRAELCFWD,NE,NE,technology,mapeo_directo,False,DEMTRAELCFWD,identidad,,,NE_ELCEV001,ELC003,NE_TRAFWD,TRAFWD
DEMTRAELCFWD,OR_DEMTRAELCFWD,OR,OR,technology,mapeo_directo,False,DEMTRAELCFWD,identidad,,,OR_ELCEV001,ELC003,OR_TRAFWD,TRAFWD
DEMTRAELCFWD,SE_DEMTRAELCFWD,SE,SE,technology,mapeo_directo,False,DEMTRAELCFWD,identidad,,,SE_ELCEV001,ELC003,SE_TRAFWD,TRAFWD
DEMTRAELCFWD,SO_DEMTRAELCFWD,SO,SO,technology,mapeo_directo,False,DEMTRAELCFWD,identidad,,,SO_ELCEV001,ELC003,SO_TRAFWD,TRAFWD
DEMTRAELCLDV,AN_DEMTRAELCLDV,AN,AN,technology,mapeo_directo,False,DEMTRAELCLDV,identidad,,,AN_ELCEV001,ELC003,AN_TRALDV,TRALDV
DEMTRAELCLDV,CA_DEMTRAELCLDV,CA,CA,technology,mapeo_directo,False,DEMTRAELCLDV,identidad,,,CA_ELCEV001,ELC003,CA_TRALDV,TRALDV
DEMTRAELCLDV,IN_DEMTRAELCLDV,IN,IN,technology,mapeo_directo,False,DEMTRAELCLDV,identidad,,,IN_ELCEV001,ELC003,IN_TRALDV,TRALDV
DEMTRAELCLDV,NE_DEMTRAELCLDV,NE,NE,technology,mapeo_directo,False,DEMTRAELCLDV,identidad,,,NE_ELCEV001,ELC003,NE_TRALDV,TRALDV
DEMTRAELCLDV,OR_DEMTRAELCLDV,OR,OR,technology,mapeo_directo,False,DEMTRAELCLDV,identidad,,,OR_ELCEV001,ELC003,OR_TRALDV,TRALDV
DEMTRAELCLDV,SE_DEMTRAELCLDV,SE,SE,technology,mapeo_directo,False,DEMTRAELCLDV,identidad,,,SE_ELCEV001,ELC003,SE_TRALDV,TRALDV
DEMTRAELCLDV,SO_DEMTRAELCLDV,SO,SO,technology,mapeo_directo,False,DEMTRAELCLDV,identidad,,,SO_ELCEV001,ELC003,SO_TRALDV,TRALDV
DEMTRAELCMET,AN_DEMTRAELCMET,AN,AN,technology,mapeo_directo,False,DEMTRAELCMET,identidad,,,AN_ELC002,SOL_RTP,AN_TRAMET,TRAMET
DEMTRAELCMET,OR_DEMTRAELCMET,OR,OR,technology,mapeo_directo,False,DEMTRAELCMET,identidad,,,OR_ELC002,SOL_RTP,OR_TRAMET,TRAMET
DEMTRAELCMET,SO_DEMTRAELCMET,SO,SO,technology,mapeo_directo,False,DEMTRAELCMET,identidad,,,SO_ELC002,SOL_RTP,SO_TRAMET,TRAMET
DEMTRAELCMIC,AN_DEMTRAELCMIC,AN,AN,technology,mapeo_directo,False,DEMTRAELCMIC,identidad,,,AN_ELCEV001,ELC003,AN_TRAMIC,TRAMIC
DEMTRAELCMIC,CA_DEMTRAELCMIC,CA,CA,technology,mapeo_directo,False,DEMTRAELCMIC,identidad,,,CA_ELCEV001,ELC003,CA_TRAMIC,TRAMIC
DEMTRAELCMIC,IN_DEMTRAELCMIC,IN,IN,technology,mapeo_directo,False,DEMTRAELCMIC,identidad,,,IN_ELCEV001,ELC003,IN_TRAMIC,TRAMIC
DEMTRAELCMIC,NE_DEMTRAELCMIC,NE,NE,technology,mapeo_directo,False,DEMTRAELCMIC,identidad,,,NE_ELCEV001,ELC003,NE_TRAMIC,TRAMIC
DEMTRAELCMIC,OR_DEMTRAELCMIC,OR,OR,technology,mapeo_directo,False,DEMTRAELCMIC,identidad,,,OR_ELCEV001,ELC003,OR_TRAMIC,TRAMIC
DEMTRAELCMIC,SE_DEMTRAELCMIC,SE,SE,technology,mapeo_directo,False,DEMTRAELCMIC,identidad,,,SE_ELCEV001,ELC003,SE_TRAMIC,TRAMIC
DEMTRAELCMIC,SO_DEMTRAELCMIC,SO,SO,technology,mapeo_directo,False,DEMTRAELCMIC,identidad,,,SO_ELCEV001,ELC003,SO_TRAMIC,TRAMIC
DEMTRAELCMOT,IN_DEMTRAELCMOT,IN,IN,technology,mapeo_directo,False,DEMTRAELCMOT,identidad,,,IN_ELC003,ELC002,IN_TRAMTC,TRAMTC
DEMTRAELCMOT,SE_DEMTRAELCMOT,SE,SE,technology,mapeo_directo,False,DEMTRAELCMOT,identidad,,,SE_ELC003,ELC002,SE_TRAMTC,TRAMTC
DEMTRAELCSTT,AN_DEMTRAELCSTT,AN,AN,technology,mapeo_directo,False,DEMTRAELCSTT,identidad,,,AN_ELCEV002,ELC004,AN_TRASTT,TRASTT
DEMTRAELCSTT,CA_DEMTRAELCSTT,CA,CA,technology,mapeo_directo,False,DEMTRAELCSTT,identidad,,,CA_ELCEV002,ELC004,CA_TRASTT,TRASTT
DEMTRAELCSTT,NE_DEMTRAELCSTT,NE,NE,technology,mapeo_directo,False,DEMTRAELCSTT,identidad,,,NE_ELCEV002,ELC004,NE_TRASTT,TRASTT
DEMTRAELCSTT,OR_DEMTRAELCSTT,OR,OR,technology,mapeo_directo,False,DEMTRAELCSTT,identidad,,,OR_ELCEV002,ELC004,OR_TRASTT,TRASTT
DEMTRAELCSTT,SO_DEMTRAELCSTT,SO,SO,technology,mapeo_directo,False,DEMTRAELCSTT,identidad,,,SO_ELCEV002,ELC004,SO_TRASTT,TRASTT
DEMTRAELCTAX,AN_DEMTRAELCTAX,AN,AN,technology,mapeo_directo,False,DEMTRAELCTAX,identidad,,,AN_ELCEV001,ELC003,AN_TRATAX,TRATAX
DEMTRAELCTAX,CA_DEMTRAELCTAX,CA,CA,technology,mapeo_directo,False,DEMTRAELCTAX,identidad,,,CA_ELCEV001,ELC003,CA_TRATAX,TRATAX
DEMTRAELCTAX,IN_DEMTRAELCTAX,IN,IN,technology,mapeo_directo,False,DEMTRAELCTAX,identidad,,,IN_ELCEV001,ELC003,IN_TRATAX,TRATAX
DEMTRAELCTAX,NE_DEMTRAELCTAX,NE,NE,technology,mapeo_directo,False,DEMTRAELCTAX,identidad,,,NE_ELCEV001,ELC003,NE_TRATAX,TRATAX
DEMTRAELCTAX,OR_DEMTRAELCTAX,OR,OR,technology,mapeo_directo,False,DEMTRAELCTAX,identidad,,,OR_ELCEV001,ELC003,OR_TRATAX,TRATAX
DEMTRAELCTAX,SE_DEMTRAELCTAX,SE,SE,technology,mapeo_directo,False,DEMTRAELCTAX,identidad,,,SE_ELCEV001,ELC003,SE_TRATAX,TRATAX
DEMTRAELCTAX,SO_DEMTRAELCTAX,SO,SO,technology,mapeo_directo,False,DEMTRAELCTAX,identidad,,,SO_ELCEV001,ELC003,SO_TRATAX,TRATAX
DEMTRAELCTCK_C2P,AN_DEMTRAELCTCK_C2P,AN,AN,technology,mapeo_directo,False,DEMTRAELCTCK_C2P,identidad,,,AN_ELCEV002,ELC004,AN_TRATCK,TRATCK
DEMTRAELCTCK_C2P,CA_DEMTRAELCTCK_C2P,CA,CA,technology,mapeo_directo,False,DEMTRAELCTCK_C2P,identidad,,,CA_ELCEV002,ELC004,CA_TRATCK,TRATCK
DEMTRAELCTCK_C2P,IN_DEMTRAELCTCK_C2P,IN,IN,technology,mapeo_directo,False,DEMTRAELCTCK_C2P,identidad,,,IN_ELCEV002,ELC004,IN_TRATCK,TRATCK
DEMTRAELCTCK_C2P,NE_DEMTRAELCTCK_C2P,NE,NE,technology,mapeo_directo,False,DEMTRAELCTCK_C2P,identidad,,,NE_ELCEV002,ELC004,NE_TRATCK,TRATCK
DEMTRAELCTCK_C2P,OR_DEMTRAELCTCK_C2P,OR,OR,technology,mapeo_directo,False,DEMTRAELCTCK_C2P,identidad,,,OR_ELCEV002,ELC004,OR_TRATCK,TRATCK
DEMTRAELCTCK_C2P,SE_DEMTRAELCTCK_C2P,SE,SE,technology,mapeo_directo,False,DEMTRAELCTCK_C2P,identidad,,,SE_ELCEV002,ELC004,SE_TRATCK,TRATCK
DEMTRAELCTCK_C2P,SO_DEMTRAELCTCK_C2P,SO,SO,technology,mapeo_directo,False,DEMTRAELCTCK_C2P,identidad,,,SO_ELCEV002,ELC004,SO_TRATCK,TRATCK
DEMTRAELCTCK_CSG,AN_DEMTRAELCTCK_CSG,AN,AN,technology,mapeo_directo,False,DEMTRAELCTCK_CSG,identidad,,,AN_ELCEV002,ELC004,AN_TRATCK,TRATCK
DEMTRAELCTCK_CSG,CA_DEMTRAELCTCK_CSG,CA,CA,technology,mapeo_directo,False,DEMTRAELCTCK_CSG,identidad,,,CA_ELCEV002,ELC004,CA_TRATCK,TRATCK
DEMTRAELCTCK_CSG,IN_DEMTRAELCTCK_CSG,IN,IN,technology,mapeo_directo,False,DEMTRAELCTCK_CSG,identidad,,,IN_ELCEV002,ELC004,IN_TRATCK,TRATCK
DEMTRAELCTCK_CSG,NE_DEMTRAELCTCK_CSG,NE,NE,technology,mapeo_directo,False,DEMTRAELCTCK_CSG,identidad,,,NE_ELCEV002,ELC004,NE_TRATCK,TRATCK
DEMTRAELCTCK_CSG,OR_DEMTRAELCTCK_CSG,OR,OR,technology,mapeo_directo,False,DEMTRAELCTCK_CSG,identidad,,,OR_ELCEV002,ELC004,OR_TRATCK,TRATCK
DEMTRAELCTCK_CSG,SE_DEMTRAELCTCK_CSG,SE,SE,technology,mapeo_directo,False,DEMTRAELCTCK_CSG,identidad,,,SE_ELCEV002,ELC004,SE_TRATCK,TRATCK
DEMTRAELCTCK_CSG,SO_DEMTRAELCTCK_CSG,SO,SO,technology,mapeo_directo,False,DEMTRAELCTCK_CSG,identidad,,,SO_ELCEV002,ELC004,SO_TRATCK,TRATCK
DEMTRAFOLSHP,AN_DEMTRAFOLSHP,AN,AN,technology,mapeo_directo,False,DEMTRAFOLSHP,identidad,,,FOL,FOL,AN_TRAMRT,TRAMRT
DEMTRAFOLSHP,CA_DEMTRAFOLSHP,CA,CA,technology,mapeo_directo,False,DEMTRAFOLSHP,identidad,,,FOL,FOL,CA_TRAMRT,TRAMRT
DEMTRAFOLSHP,IN_DEMTRAFOLSHP,IN,IN,technology,mapeo_directo,False,DEMTRAFOLSHP,identidad,,,FOL,FOL,IN_TRAMRT,TRAMRT
DEMTRAFOLSHP,SO_DEMTRAFOLSHP,SO,SO,technology,mapeo_directo,False,DEMTRAFOLSHP,identidad,,,FOL,FOL,SO_TRAMRT,TRAMRT
DEMTRAGSLBOT,AN_DEMTRAGSLBOT,AN,AN,technology,mapeo_directo,False,DEMTRAGSLBOT,identidad,,,AN_GSL003,GSL002,AN_TRARVT,TRARVT
DEMTRAGSLBOT,CA_DEMTRAGSLBOT,CA,CA,technology,mapeo_directo,False,DEMTRAGSLBOT,identidad,,,CA_GSL003,GSL002,CA_TRARVT,TRARVT
DEMTRAGSLBOT,NE_DEMTRAGSLBOT,NE,NE,technology,mapeo_directo,False,DEMTRAGSLBOT,identidad,,,NE_GSL003,GSL002,NE_TRARVT,TRARVT
DEMTRAGSLBOT,OR_DEMTRAGSLBOT,OR,OR,technology,mapeo_directo,False,DEMTRAGSLBOT,identidad,,,OR_GSL003,GSL002,OR_TRARVT,TRARVT
DEMTRAGSLBOT,SE_DEMTRAGSLBOT,SE,SE,technology,mapeo_directo,False,DEMTRAGSLBOT,identidad,,,SE_GSL002,GSL,SE_TRARVT,TRARVT
DEMTRAGSLBOT,SO_DEMTRAGSLBOT,SO,SO,technology,mapeo_directo,False,DEMTRAGSLBOT,identidad,,,SO_GSL003,GSL002,SO_TRARVT,TRARVT
DEMTRAGSLBUS_IMU,AN_DEMTRAGSLBUS_IMU,AN,AN,technology,mapeo_directo,False,DEMTRAGSLBUS_IMU,identidad,,,AN_GSL003,GSL002,AN_TRABUS,TRABUS
DEMTRAGSLBUS_IMU,CA_DEMTRAGSLBUS_IMU,CA,CA,technology,mapeo_directo,False,DEMTRAGSLBUS_IMU,identidad,,,CA_GSL003,GSL002,CA_TRABUS,TRABUS
DEMTRAGSLBUS_IMU,NE_DEMTRAGSLBUS_IMU,NE,NE,technology,mapeo_directo,False,DEMTRAGSLBUS_IMU,identidad,,,NE_GSL003,GSL002,NE_TRABUS,TRABUS
DEMTRAGSLBUS_IMU,OR_DEMTRAGSLBUS_IMU,OR,OR,technology,mapeo_directo,False,DEMTRAGSLBUS_IMU,identidad,,,OR_GSL003,GSL002,OR_TRABUS,TRABUS
DEMTRAGSLBUS_IMU,SO_DEMTRAGSLBUS_IMU,SO,SO,technology,mapeo_directo,False,DEMTRAGSLBUS_IMU,identidad,,,SO_GSL003,GSL002,SO_TRABUS,TRABUS
DEMTRAGSLFWD,AN_DEMTRAGSLFWD,AN,AN,technology,mapeo_directo,False,DEMTRAGSLFWD,identidad,,,AN_GSL003,GSL002,AN_TRAFWD,TRAFWD
DEMTRAGSLFWD,CA_DEMTRAGSLFWD,CA,CA,technology,mapeo_directo,False,DEMTRAGSLFWD,identidad,,,CA_GSL003,GSL002,CA_TRAFWD,TRAFWD
DEMTRAGSLFWD,IN_DEMTRAGSLFWD,IN,IN,technology,mapeo_directo,False,DEMTRAGSLFWD,identidad,,,IN_GSL002,GSL,IN_TRAFWD,TRAFWD
DEMTRAGSLFWD,NE_DEMTRAGSLFWD,NE,NE,technology,mapeo_directo,False,DEMTRAGSLFWD,identidad,,,NE_GSL003,GSL002,NE_TRAFWD,TRAFWD
DEMTRAGSLFWD,OR_DEMTRAGSLFWD,OR,OR,technology,mapeo_directo,False,DEMTRAGSLFWD,identidad,,,OR_GSL003,GSL002,OR_TRAFWD,TRAFWD
DEMTRAGSLFWD,SE_DEMTRAGSLFWD,SE,SE,technology,mapeo_directo,False,DEMTRAGSLFWD,identidad,,,SE_GSL002,GSL,SE_TRAFWD,TRAFWD
DEMTRAGSLFWD,SO_DEMTRAGSLFWD,SO,SO,technology,mapeo_directo,False,DEMTRAGSLFWD,identidad,,,SO_GSL003,GSL002,SO_TRAFWD,TRAFWD
DEMTRAGSLLDV,AN_DEMTRAGSLLDV,AN,AN,technology,mapeo_directo,False,DEMTRAGSLLDV,identidad,,,AN_GSL003,GSL002,AN_TRALDV,TRALDV
DEMTRAGSLLDV,CA_DEMTRAGSLLDV,CA,CA,technology,mapeo_directo,False,DEMTRAGSLLDV,identidad,,,CA_GSL003,GSL002,CA_TRALDV,TRALDV
DEMTRAGSLLDV,IN_DEMTRAGSLLDV,IN,IN,technology,mapeo_directo,False,DEMTRAGSLLDV,identidad,,,IN_GSL002,GSL,IN_TRALDV,TRALDV
DEMTRAGSLLDV,NE_DEMTRAGSLLDV,NE,NE,technology,mapeo_directo,False,DEMTRAGSLLDV,identidad,,,NE_GSL003,GSL002,NE_TRALDV,TRALDV
DEMTRAGSLLDV,OR_DEMTRAGSLLDV,OR,OR,technology,mapeo_directo,False,DEMTRAGSLLDV,identidad,,,OR_GSL003,GSL002,OR_TRALDV,TRALDV
DEMTRAGSLLDV,SE_DEMTRAGSLLDV,SE,SE,technology,mapeo_directo,False,DEMTRAGSLLDV,identidad,,,SE_GSL002,GSL,SE_TRALDV,TRALDV
DEMTRAGSLLDV,SO_DEMTRAGSLLDV,SO,SO,technology,mapeo_directo,False,DEMTRAGSLLDV,identidad,,,SO_GSL003,GSL002,SO_TRALDV,TRALDV
DEMTRAGSLMIC,AN_DEMTRAGSLMIC,AN,AN,technology,mapeo_directo,False,DEMTRAGSLMIC,identidad,,,AN_GSL003,GSL002,AN_TRAMIC,TRAMIC
DEMTRAGSLMIC,CA_DEMTRAGSLMIC,CA,CA,technology,mapeo_directo,False,DEMTRAGSLMIC,identidad,,,CA_GSL003,GSL002,CA_TRAMIC,TRAMIC
DEMTRAGSLMIC,IN_DEMTRAGSLMIC,IN,IN,technology,mapeo_directo,False,DEMTRAGSLMIC,identidad,,,IN_GSL002,GSL,IN_TRAMIC,TRAMIC
DEMTRAGSLMIC,NE_DEMTRAGSLMIC,NE,NE,technology,mapeo_directo,False,DEMTRAGSLMIC,identidad,,,NE_GSL003,GSL002,NE_TRAMIC,TRAMIC
DEMTRAGSLMIC,OR_DEMTRAGSLMIC,OR,OR,technology,mapeo_directo,False,DEMTRAGSLMIC,identidad,,,OR_GSL003,GSL002,OR_TRAMIC,TRAMIC
DEMTRAGSLMIC,SE_DEMTRAGSLMIC,SE,SE,technology,mapeo_directo,False,DEMTRAGSLMIC,identidad,,,SE_GSL002,GSL,SE_TRAMIC,TRAMIC
DEMTRAGSLMIC,SO_DEMTRAGSLMIC,SO,SO,technology,mapeo_directo,False,DEMTRAGSLMIC,identidad,,,SO_GSL003,GSL002,SO_TRAMIC,TRAMIC
DEMTRAGSLMOT,IN_DEMTRAGSLMOT,IN,IN,technology,mapeo_directo,False,DEMTRAGSLMOT,identidad,,,IN_GSL002,GSL,IN_TRAMTC,TRAMTC
DEMTRAGSLMOT,SE_DEMTRAGSLMOT,SE,SE,technology,mapeo_directo,False,DEMTRAGSLMOT,identidad,,,SE_GSL002,GSL,SE_TRAMTC,TRAMTC
DEMTRAGSLSTT,AN_DEMTRAGSLSTT,AN,AN,technology,mapeo_directo,False,DEMTRAGSLSTT,identidad,,,AN_GSL003,GSL002,AN_TRASTT,TRASTT
DEMTRAGSLSTT,CA_DEMTRAGSLSTT,CA,CA,technology,mapeo_directo,False,DEMTRAGSLSTT,identidad,,,CA_GSL003,GSL002,CA_TRASTT,TRASTT
DEMTRAGSLSTT,NE_DEMTRAGSLSTT,NE,NE,technology,mapeo_directo,False,DEMTRAGSLSTT,identidad,,,NE_GSL003,GSL002,NE_TRASTT,TRASTT
DEMTRAGSLSTT,OR_DEMTRAGSLSTT,OR,OR,technology,mapeo_directo,False,DEMTRAGSLSTT,identidad,,,OR_GSL003,GSL002,OR_TRASTT,TRASTT
DEMTRAGSLSTT,SO_DEMTRAGSLSTT,SO,SO,technology,mapeo_directo,False,DEMTRAGSLSTT,identidad,,,SO_GSL003,GSL002,SO_TRASTT,TRASTT
DEMTRAGSLTAX,AN_DEMTRAGSLTAX,AN,AN,technology,mapeo_directo,False,DEMTRAGSLTAX,identidad,,,AN_GSL003,GSL002,AN_TRATAX,TRATAX
DEMTRAGSLTAX,CA_DEMTRAGSLTAX,CA,CA,technology,mapeo_directo,False,DEMTRAGSLTAX,identidad,,,CA_GSL003,GSL002,CA_TRATAX,TRATAX
DEMTRAGSLTAX,IN_DEMTRAGSLTAX,IN,IN,technology,mapeo_directo,False,DEMTRAGSLTAX,identidad,,,IN_GSL002,GSL,IN_TRATAX,TRATAX
DEMTRAGSLTAX,NE_DEMTRAGSLTAX,NE,NE,technology,mapeo_directo,False,DEMTRAGSLTAX,identidad,,,NE_GSL003,GSL002,NE_TRATAX,TRATAX
DEMTRAGSLTAX,OR_DEMTRAGSLTAX,OR,OR,technology,mapeo_directo,False,DEMTRAGSLTAX,identidad,,,OR_GSL003,GSL002,OR_TRATAX,TRATAX
DEMTRAGSLTAX,SE_DEMTRAGSLTAX,SE,SE,technology,mapeo_directo,False,DEMTRAGSLTAX,identidad,,,SE_GSL002,GSL,SE_TRATAX,TRATAX
DEMTRAGSLTAX,SO_DEMTRAGSLTAX,SO,SO,technology,mapeo_directo,False,DEMTRAGSLTAX,identidad,,,SO_GSL003,GSL002,SO_TRATAX,TRATAX
DEMTRAGSLTCK_C2P,AN_DEMTRAGSLTCK_C2P,AN,AN,technology,mapeo_directo,False,DEMTRAGSLTCK_C2P,identidad,,,AN_GSL003,GSL002,AN_TRATCK,TRATCK
DEMTRAGSLTCK_C2P,CA_DEMTRAGSLTCK_C2P,CA,CA,technology,mapeo_directo,False,DEMTRAGSLTCK_C2P,identidad,,,CA_GSL003,GSL002,CA_TRATCK,TRATCK
DEMTRAGSLTCK_C2P,IN_DEMTRAGSLTCK_C2P,IN,IN,technology,mapeo_directo,False,DEMTRAGSLTCK_C2P,identidad,,,IN_GSL002,GSL,IN_TRATCK,TRATCK
DEMTRAGSLTCK_C2P,NE_DEMTRAGSLTCK_C2P,NE,NE,technology,mapeo_directo,False,DEMTRAGSLTCK_C2P,identidad,,,NE_GSL003,GSL002,NE_TRATCK,TRATCK
DEMTRAGSLTCK_C2P,OR_DEMTRAGSLTCK_C2P,OR,OR,technology,mapeo_directo,False,DEMTRAGSLTCK_C2P,identidad,,,OR_GSL003,GSL002,OR_TRATCK,TRATCK
DEMTRAGSLTCK_C2P,SE_DEMTRAGSLTCK_C2P,SE,SE,technology,mapeo_directo,False,DEMTRAGSLTCK_C2P,identidad,,,SE_GSL002,GSL,SE_TRATCK,TRATCK
DEMTRAGSLTCK_C2P,SO_DEMTRAGSLTCK_C2P,SO,SO,technology,mapeo_directo,False,DEMTRAGSLTCK_C2P,identidad,,,SO_GSL003,GSL002,SO_TRATCK,TRATCK
DEMTRAHDGBUS_IMU,AN_DEMTRAHDGBUS_IMU,AN,AN,technology,mapeo_directo,False,DEMTRAHDGBUS_IMU,identidad,,,AN_HDG002,HDG002,AN_TRABUS,TRABUS
DEMTRAHDGBUS_IMU,CA_DEMTRAHDGBUS_IMU,CA,CA,technology,mapeo_directo,False,DEMTRAHDGBUS_IMU,identidad,,,CA_HDG002,HDG002,CA_TRABUS,TRABUS
DEMTRAHDGBUS_IMU,NE_DEMTRAHDGBUS_IMU,NE,NE,technology,mapeo_directo,False,DEMTRAHDGBUS_IMU,identidad,,,NE_HDG002,HDG002,NE_TRABUS,TRABUS
DEMTRAHDGBUS_IMU,OR_DEMTRAHDGBUS_IMU,OR,OR,technology,mapeo_directo,False,DEMTRAHDGBUS_IMU,identidad,,,OR_HDG002,HDG002,OR_TRABUS,TRABUS
DEMTRAHDGBUS_IMU,SO_DEMTRAHDGBUS_IMU,SO,SO,technology,mapeo_directo,False,DEMTRAHDGBUS_IMU,identidad,,,SO_HDG002,HDG002,SO_TRABUS,TRABUS
DEMTRAHDGBUS_URB,AN_DEMTRAHDGBUS_URB,AN,AN,technology,mapeo_directo,False,DEMTRAHDGBUS_URB,identidad,,,AN_HDG002,HDG002,AN_TRABUS,TRABUS
DEMTRAHDGBUS_URB,CA_DEMTRAHDGBUS_URB,CA,CA,technology,mapeo_directo,False,DEMTRAHDGBUS_URB,identidad,,,CA_HDG002,HDG002,CA_TRABUS,TRABUS
DEMTRAHDGBUS_URB,NE_DEMTRAHDGBUS_URB,NE,NE,technology,mapeo_directo,False,DEMTRAHDGBUS_URB,identidad,,,NE_HDG002,HDG002,NE_TRABUS,TRABUS
DEMTRAHDGBUS_URB,OR_DEMTRAHDGBUS_URB,OR,OR,technology,mapeo_directo,False,DEMTRAHDGBUS_URB,identidad,,,OR_HDG002,HDG002,OR_TRABUS,TRABUS
DEMTRAHDGBUS_URB,SO_DEMTRAHDGBUS_URB,SO,SO,technology,mapeo_directo,False,DEMTRAHDGBUS_URB,identidad,,,SO_HDG002,HDG002,SO_TRABUS,TRABUS
DEMTRAHDGFWD,AN_DEMTRAHDGFWD,AN,AN,technology,mapeo_directo,False,DEMTRAHDGFWD,identidad,,,AN_HDG002,HDG002,AN_TRAFWD,TRAFWD
DEMTRAHDGFWD,CA_DEMTRAHDGFWD,CA,CA,technology,mapeo_directo,False,DEMTRAHDGFWD,identidad,,,CA_HDG002,HDG002,CA_TRAFWD,TRAFWD
DEMTRAHDGFWD,NE_DEMTRAHDGFWD,NE,NE,technology,mapeo_directo,False,DEMTRAHDGFWD,identidad,,,NE_HDG002,HDG002,NE_TRAFWD,TRAFWD
DEMTRAHDGFWD,OR_DEMTRAHDGFWD,OR,OR,technology,mapeo_directo,False,DEMTRAHDGFWD,identidad,,,OR_HDG002,HDG002,OR_TRAFWD,TRAFWD
DEMTRAHDGFWD,SO_DEMTRAHDGFWD,SO,SO,technology,mapeo_directo,False,DEMTRAHDGFWD,identidad,,,SO_HDG002,HDG002,SO_TRAFWD,TRAFWD
DEMTRAHDGLDV,AN_DEMTRAHDGLDV,AN,AN,technology,mapeo_directo,False,DEMTRAHDGLDV,identidad,,,AN_HDG002,HDG002,AN_TRALDV,TRALDV
DEMTRAHDGLDV,CA_DEMTRAHDGLDV,CA,CA,technology,mapeo_directo,False,DEMTRAHDGLDV,identidad,,,CA_HDG002,HDG002,CA_TRALDV,TRALDV
DEMTRAHDGLDV,NE_DEMTRAHDGLDV,NE,NE,technology,mapeo_directo,False,DEMTRAHDGLDV,identidad,,,NE_HDG002,HDG002,NE_TRALDV,TRALDV
DEMTRAHDGLDV,OR_DEMTRAHDGLDV,OR,OR,technology,mapeo_directo,False,DEMTRAHDGLDV,identidad,,,OR_HDG002,HDG002,OR_TRALDV,TRALDV
DEMTRAHDGLDV,SO_DEMTRAHDGLDV,SO,SO,technology,mapeo_directo,False,DEMTRAHDGLDV,identidad,,,SO_HDG002,HDG002,SO_TRALDV,TRALDV
DEMTRAHDGMIC,AN_DEMTRAHDGMIC,AN,AN,technology,mapeo_directo,False,DEMTRAHDGMIC,identidad,,,AN_HDG002,HDG002,AN_TRAMIC,TRAMIC
DEMTRAHDGMIC,CA_DEMTRAHDGMIC,CA,CA,technology,mapeo_directo,False,DEMTRAHDGMIC,identidad,,,CA_HDG002,HDG002,CA_TRAMIC,TRAMIC
DEMTRAHDGMIC,NE_DEMTRAHDGMIC,NE,NE,technology,mapeo_directo,False,DEMTRAHDGMIC,identidad,,,NE_HDG002,HDG002,NE_TRAMIC,TRAMIC
DEMTRAHDGMIC,OR_DEMTRAHDGMIC,OR,OR,technology,mapeo_directo,False,DEMTRAHDGMIC,identidad,,,OR_HDG002,HDG002,OR_TRAMIC,TRAMIC
DEMTRAHDGMIC,SO_DEMTRAHDGMIC,SO,SO,technology,mapeo_directo,False,DEMTRAHDGMIC,identidad,,,SO_HDG002,HDG002,SO_TRAMIC,TRAMIC
DEMTRAHDGSTT,AN_DEMTRAHDGSTT,AN,AN,technology,mapeo_directo,False,DEMTRAHDGSTT,identidad,,,AN_HDG002,HDG002,AN_TRASTT,TRASTT
DEMTRAHDGSTT,CA_DEMTRAHDGSTT,CA,CA,technology,mapeo_directo,False,DEMTRAHDGSTT,identidad,,,CA_HDG002,HDG002,CA_TRASTT,TRASTT
DEMTRAHDGSTT,NE_DEMTRAHDGSTT,NE,NE,technology,mapeo_directo,False,DEMTRAHDGSTT,identidad,,,NE_HDG002,HDG002,NE_TRASTT,TRASTT
DEMTRAHDGSTT,OR_DEMTRAHDGSTT,OR,OR,technology,mapeo_directo,False,DEMTRAHDGSTT,identidad,,,OR_HDG002,HDG002,OR_TRASTT,TRASTT
DEMTRAHDGSTT,SO_DEMTRAHDGSTT,SO,SO,technology,mapeo_directo,False,DEMTRAHDGSTT,identidad,,,SO_HDG002,HDG002,SO_TRASTT,TRASTT
DEMTRAHDGTAX,AN_DEMTRAHDGTAX,AN,AN,technology,mapeo_directo,False,DEMTRAHDGTAX,identidad,,,AN_HDG002,HDG002,AN_TRATAX,TRATAX
DEMTRAHDGTAX,CA_DEMTRAHDGTAX,CA,CA,technology,mapeo_directo,False,DEMTRAHDGTAX,identidad,,,CA_HDG002,HDG002,CA_TRATAX,TRATAX
DEMTRAHDGTAX,NE_DEMTRAHDGTAX,NE,NE,technology,mapeo_directo,False,DEMTRAHDGTAX,identidad,,,NE_HDG002,HDG002,NE_TRATAX,TRATAX
DEMTRAHDGTAX,OR_DEMTRAHDGTAX,OR,OR,technology,mapeo_directo,False,DEMTRAHDGTAX,identidad,,,OR_HDG002,HDG002,OR_TRATAX,TRATAX
DEMTRAHDGTAX,SO_DEMTRAHDGTAX,SO,SO,technology,mapeo_directo,False,DEMTRAHDGTAX,identidad,,,SO_HDG002,HDG002,SO_TRATAX,TRATAX
DEMTRAHDGTCK_CSG,AN_DEMTRAHDGTCK_CSG,AN,AN,technology,mapeo_directo,False,DEMTRAHDGTCK_CSG,identidad,,,AN_HDG002,HDG002,AN_TRATCK,TRATCK
DEMTRAHDGTCK_CSG,CA_DEMTRAHDGTCK_CSG,CA,CA,technology,mapeo_directo,False,DEMTRAHDGTCK_CSG,identidad,,,CA_HDG002,HDG002,CA_TRATCK,TRATCK
DEMTRAHDGTCK_CSG,NE_DEMTRAHDGTCK_CSG,NE,NE,technology,mapeo_directo,False,DEMTRAHDGTCK_CSG,identidad,,,NE_HDG002,HDG002,NE_TRATCK,TRATCK
DEMTRAHDGTCK_CSG,OR_DEMTRAHDGTCK_CSG,OR,OR,technology,mapeo_directo,False,DEMTRAHDGTCK_CSG,identidad,,,OR_HDG002,HDG002,OR_TRATCK,TRATCK
DEMTRAHDGTCK_CSG,SO_DEMTRAHDGTCK_CSG,SO,SO,technology,mapeo_directo,False,DEMTRAHDGTCK_CSG,identidad,,,SO_HDG002,HDG002,SO_TRATCK,TRATCK
DEMTRAHEVFWD,AN_DEMTRAHEVFWD,AN,AN,technology,mapeo_directo,False,DEMTRAHEVFWD,identidad,,,AN_DSL003,DSL002,AN_TRAFWD,TRAFWD
DEMTRAHEVFWD,CA_DEMTRAHEVFWD,CA,CA,technology,mapeo_directo,False,DEMTRAHEVFWD,identidad,,,CA_DSL003,DSL002,CA_TRAFWD,TRAFWD
DEMTRAHEVFWD,IN_DEMTRAHEVFWD,IN,IN,technology,mapeo_directo,False,DEMTRAHEVFWD,identidad,,,IN_GSL002,GSL,IN_TRAFWD,TRAFWD
DEMTRAHEVFWD,NE_DEMTRAHEVFWD,NE,NE,technology,mapeo_directo,False,DEMTRAHEVFWD,identidad,,,NE_DSL003,DSL002,NE_TRAFWD,TRAFWD
DEMTRAHEVFWD,OR_DEMTRAHEVFWD,OR,OR,technology,mapeo_directo,False,DEMTRAHEVFWD,identidad,,,OR_DSL003,DSL002,OR_TRAFWD,TRAFWD
DEMTRAHEVFWD,SE_DEMTRAHEVFWD,SE,SE,technology,mapeo_directo,False,DEMTRAHEVFWD,identidad,,,SE_GSL002,GSL,SE_TRAFWD,TRAFWD
DEMTRAHEVFWD,SO_DEMTRAHEVFWD,SO,SO,technology,mapeo_directo,False,DEMTRAHEVFWD,identidad,,,SO_DSL003,DSL002,SO_TRAFWD,TRAFWD
DEMTRAHEVLDV,AN_DEMTRAHEVLDV,AN,AN,technology,mapeo_directo,False,DEMTRAHEVLDV,identidad,,,AN_GSL003,GSL002,AN_TRALDV,TRALDV
DEMTRAHEVLDV,CA_DEMTRAHEVLDV,CA,CA,technology,mapeo_directo,False,DEMTRAHEVLDV,identidad,,,CA_GSL003,GSL002,CA_TRALDV,TRALDV
DEMTRAHEVLDV,IN_DEMTRAHEVLDV,IN,IN,technology,mapeo_directo,False,DEMTRAHEVLDV,identidad,,,IN_GSL002,GSL,IN_TRALDV,TRALDV
DEMTRAHEVLDV,NE_DEMTRAHEVLDV,NE,NE,technology,mapeo_directo,False,DEMTRAHEVLDV,identidad,,,NE_GSL003,GSL002,NE_TRALDV,TRALDV
DEMTRAHEVLDV,OR_DEMTRAHEVLDV,OR,OR,technology,mapeo_directo,False,DEMTRAHEVLDV,identidad,,,OR_GSL003,GSL002,OR_TRALDV,TRALDV
DEMTRAHEVLDV,SE_DEMTRAHEVLDV,SE,SE,technology,mapeo_directo,False,DEMTRAHEVLDV,identidad,,,SE_GSL002,GSL,SE_TRALDV,TRALDV
DEMTRAHEVLDV,SO_DEMTRAHEVLDV,SO,SO,technology,mapeo_directo,False,DEMTRAHEVLDV,identidad,,,SO_GSL003,GSL002,SO_TRALDV,TRALDV
DEMTRAJETAVI,AN_DEMTRAJETAVI,AN,AN,technology,mapeo_directo,False,DEMTRAJETAVI,identidad,,,AN_JET002,JET,AN_TRAAVI,TRAAVI
DEMTRAJETAVI,CA_DEMTRAJETAVI,CA,CA,technology,mapeo_directo,False,DEMTRAJETAVI,identidad,,,CA_JET002,JET,CA_TRAAVI,TRAAVI
DEMTRAJETAVI,IN_DEMTRAJETAVI,IN,IN,technology,mapeo_directo,False,DEMTRAJETAVI,identidad,,,IN_JET002,JET,IN_TRAAVI,TRAAVI
DEMTRAJETAVI,NE_DEMTRAJETAVI,NE,NE,technology,mapeo_directo,False,DEMTRAJETAVI,identidad,,,NE_JET002,JET,NE_TRAAVI,TRAAVI
DEMTRAJETAVI,OR_DEMTRAJETAVI,OR,OR,technology,mapeo_directo,False,DEMTRAJETAVI,identidad,,,OR_JET002,JET,OR_TRAAVI,TRAAVI
DEMTRAJETAVI,SE_DEMTRAJETAVI,SE,SE,technology,mapeo_directo,False,DEMTRAJETAVI,identidad,,,SE_JET002,JET,SE_TRAAVI,TRAAVI
DEMTRAJETAVI,SO_DEMTRAJETAVI,SO,SO,technology,mapeo_directo,False,DEMTRAJETAVI,identidad,,,SO_JET002,JET,SO_TRAAVI,TRAAVI
DEMTRAJETSAFAVI,AN_DEMTRAJETSAFAVI,AN,AN,technology,mapeo_directo,False,DEMTRAJETSAFAVI,identidad,,,AN_JETSAF,JETSAF,AN_TRAAVI,TRAAVI
DEMTRAJETSAFAVI,CA_DEMTRAJETSAFAVI,CA,CA,technology,mapeo_directo,False,DEMTRAJETSAFAVI,identidad,,,CA_JETSAF,JETSAF,CA_TRAAVI,TRAAVI
DEMTRAJETSAFAVI,IN_DEMTRAJETSAFAVI,IN,IN,technology,mapeo_directo,False,DEMTRAJETSAFAVI,identidad,,,IN_JETSAF,JETSAF,IN_TRAAVI,TRAAVI
DEMTRAJETSAFAVI,NE_DEMTRAJETSAFAVI,NE,NE,technology,mapeo_directo,False,DEMTRAJETSAFAVI,identidad,,,NE_JETSAF,JETSAF,NE_TRAAVI,TRAAVI
DEMTRAJETSAFAVI,OR_DEMTRAJETSAFAVI,OR,OR,technology,mapeo_directo,False,DEMTRAJETSAFAVI,identidad,,,OR_JETSAF,JETSAF,OR_TRAAVI,TRAAVI
DEMTRAJETSAFAVI,SE_DEMTRAJETSAFAVI,SE,SE,technology,mapeo_directo,False,DEMTRAJETSAFAVI,identidad,,,SE_JETSAF,JETSAF,SE_TRAAVI,TRAAVI
DEMTRAJETSAFAVI,SO_DEMTRAJETSAFAVI,SO,SO,technology,mapeo_directo,False,DEMTRAJETSAFAVI,identidad,,,SO_JETSAF,JETSAF,SO_TRAAVI,TRAAVI
DEMTRANGSBUS_ART,AN_DEMTRANGSBUS_ART,AN,AN,technology,mapeo_directo,False,DEMTRANGSBUS_ART,identidad,,,AN_NGS002,NGS002,AN_TRAMAS,TRAMAS
DEMTRANGSBUS_ART,CA_DEMTRANGSBUS_ART,CA,CA,technology,mapeo_directo,False,DEMTRANGSBUS_ART,identidad,,,CA_NGS002,NGS002,CA_TRAMAS,TRAMAS
DEMTRANGSBUS_ART,NE_DEMTRANGSBUS_ART,NE,NE,technology,mapeo_directo,False,DEMTRANGSBUS_ART,identidad,,,NE_NGS002,NGS002,NE_TRAMAS,TRAMAS
DEMTRANGSBUS_ART,OR_DEMTRANGSBUS_ART,OR,OR,technology,mapeo_directo,False,DEMTRANGSBUS_ART,identidad,,,OR_NGS002,NGS002,OR_TRAMAS,TRAMAS
DEMTRANGSBUS_ART,SO_DEMTRANGSBUS_ART,SO,SO,technology,mapeo_directo,False,DEMTRANGSBUS_ART,identidad,,,SO_NGS002,NGS002,SO_TRAMAS,TRAMAS
DEMTRANGSBUS_BIA,AN_DEMTRANGSBUS_BIA,AN,AN,technology,mapeo_directo,False,DEMTRANGSBUS_BIA,identidad,,,AN_NGS002,NGS002,AN_TRAMAS,TRAMAS
DEMTRANGSBUS_BIA,CA_DEMTRANGSBUS_BIA,CA,CA,technology,mapeo_directo,False,DEMTRANGSBUS_BIA,identidad,,,CA_NGS002,NGS002,CA_TRAMAS,TRAMAS
DEMTRANGSBUS_BIA,NE_DEMTRANGSBUS_BIA,NE,NE,technology,mapeo_directo,False,DEMTRANGSBUS_BIA,identidad,,,NE_NGS002,NGS002,NE_TRAMAS,TRAMAS
DEMTRANGSBUS_BIA,OR_DEMTRANGSBUS_BIA,OR,OR,technology,mapeo_directo,False,DEMTRANGSBUS_BIA,identidad,,,OR_NGS002,NGS002,OR_TRAMAS,TRAMAS
DEMTRANGSBUS_BIA,SO_DEMTRANGSBUS_BIA,SO,SO,technology,mapeo_directo,False,DEMTRANGSBUS_BIA,identidad,,,SO_NGS002,NGS002,SO_TRAMAS,TRAMAS
DEMTRANGSBUS_IMU,AN_DEMTRANGSBUS_IMU,AN,AN,technology,mapeo_directo,False,DEMTRANGSBUS_IMU,identidad,,,AN_NGS002,NGS002,AN_TRABUS,TRABUS
DEMTRANGSBUS_IMU,CA_DEMTRANGSBUS_IMU,CA,CA,technology,mapeo_directo,False,DEMTRANGSBUS_IMU,identidad,,,CA_NGS002,NGS002,CA_TRABUS,TRABUS
DEMTRANGSBUS_IMU,NE_DEMTRANGSBUS_IMU,NE,NE,technology,mapeo_directo,False,DEMTRANGSBUS_IMU,identidad,,,NE_NGS002,NGS002,NE_TRABUS,TRABUS
DEMTRANGSBUS_IMU,OR_DEMTRANGSBUS_IMU,OR,OR,technology,mapeo_directo,False,DEMTRANGSBUS_IMU,identidad,,,OR_NGS002,NGS002,OR_TRABUS,TRABUS
DEMTRANGSBUS_IMU,SO_DEMTRANGSBUS_IMU,SO,SO,technology,mapeo_directo,False,DEMTRANGSBUS_IMU,identidad,,,SO_NGS002,NGS002,SO_TRABUS,TRABUS
DEMTRANGSBUS_URB,AN_DEMTRANGSBUS_URB,AN,AN,technology,mapeo_directo,False,DEMTRANGSBUS_URB,identidad,,,AN_NGS002,NGS002,AN_TRABUS,TRABUS
DEMTRANGSBUS_URB,CA_DEMTRANGSBUS_URB,CA,CA,technology,mapeo_directo,False,DEMTRANGSBUS_URB,identidad,,,CA_NGS002,NGS002,CA_TRABUS,TRABUS
DEMTRANGSBUS_URB,NE_DEMTRANGSBUS_URB,NE,NE,technology,mapeo_directo,False,DEMTRANGSBUS_URB,identidad,,,NE_NGS002,NGS002,NE_TRABUS,TRABUS
DEMTRANGSBUS_URB,OR_DEMTRANGSBUS_URB,OR,OR,technology,mapeo_directo,False,DEMTRANGSBUS_URB,identidad,,,OR_NGS002,NGS002,OR_TRABUS,TRABUS
DEMTRANGSBUS_URB,SO_DEMTRANGSBUS_URB,SO,SO,technology,mapeo_directo,False,DEMTRANGSBUS_URB,identidad,,,SO_NGS002,NGS002,SO_TRABUS,TRABUS
DEMTRANGSFWD,AN_DEMTRANGSFWD,AN,AN,technology,mapeo_directo,False,DEMTRANGSFWD,identidad,,,AN_NGS002,NGS002,AN_TRAFWD,TRAFWD
DEMTRANGSFWD,CA_DEMTRANGSFWD,CA,CA,technology,mapeo_directo,False,DEMTRANGSFWD,identidad,,,CA_NGS002,NGS002,CA_TRAFWD,TRAFWD
DEMTRANGSFWD,NE_DEMTRANGSFWD,NE,NE,technology,mapeo_directo,False,DEMTRANGSFWD,identidad,,,NE_NGS002,NGS002,NE_TRAFWD,TRAFWD
DEMTRANGSFWD,OR_DEMTRANGSFWD,OR,OR,technology,mapeo_directo,False,DEMTRANGSFWD,identidad,,,OR_NGS002,NGS002,OR_TRAFWD,TRAFWD
DEMTRANGSFWD,SO_DEMTRANGSFWD,SO,SO,technology,mapeo_directo,False,DEMTRANGSFWD,identidad,,,SO_NGS002,NGS002,SO_TRAFWD,TRAFWD
DEMTRANGSLDV,AN_DEMTRANGSLDV,AN,AN,technology,mapeo_directo,False,DEMTRANGSLDV,identidad,,,AN_NGS002,NGS002,AN_TRALDV,TRALDV
DEMTRANGSLDV,CA_DEMTRANGSLDV,CA,CA,technology,mapeo_directo,False,DEMTRANGSLDV,identidad,,,CA_NGS002,NGS002,CA_TRALDV,TRALDV
DEMTRANGSLDV,NE_DEMTRANGSLDV,NE,NE,technology,mapeo_directo,False,DEMTRANGSLDV,identidad,,,NE_NGS002,NGS002,NE_TRALDV,TRALDV
DEMTRANGSLDV,OR_DEMTRANGSLDV,OR,OR,technology,mapeo_directo,False,DEMTRANGSLDV,identidad,,,OR_NGS002,NGS002,OR_TRALDV,TRALDV
DEMTRANGSLDV,SO_DEMTRANGSLDV,SO,SO,technology,mapeo_directo,False,DEMTRANGSLDV,identidad,,,SO_NGS002,NGS002,SO_TRALDV,TRALDV
DEMTRANGSMIC,AN_DEMTRANGSMIC,AN,AN,technology,mapeo_directo,False,DEMTRANGSMIC,identidad,,,AN_NGS002,NGS002,AN_TRAMIC,TRAMIC
DEMTRANGSMIC,CA_DEMTRANGSMIC,CA,CA,technology,mapeo_directo,False,DEMTRANGSMIC,identidad,,,CA_NGS002,NGS002,CA_TRAMIC,TRAMIC
DEMTRANGSMIC,NE_DEMTRANGSMIC,NE,NE,technology,mapeo_directo,False,DEMTRANGSMIC,identidad,,,NE_NGS002,NGS002,NE_TRAMIC,TRAMIC
DEMTRANGSMIC,OR_DEMTRANGSMIC,OR,OR,technology,mapeo_directo,False,DEMTRANGSMIC,identidad,,,OR_NGS002,NGS002,OR_TRAMIC,TRAMIC
DEMTRANGSMIC,SO_DEMTRANGSMIC,SO,SO,technology,mapeo_directo,False,DEMTRANGSMIC,identidad,,,SO_NGS002,NGS002,SO_TRAMIC,TRAMIC
DEMTRANGSSTT,AN_DEMTRANGSSTT,AN,AN,technology,mapeo_directo,False,DEMTRANGSSTT,identidad,,,AN_NGS002,NGS002,AN_TRASTT,TRASTT
DEMTRANGSSTT,CA_DEMTRANGSSTT,CA,CA,technology,mapeo_directo,False,DEMTRANGSSTT,identidad,,,CA_NGS002,NGS002,CA_TRASTT,TRASTT
DEMTRANGSSTT,NE_DEMTRANGSSTT,NE,NE,technology,mapeo_directo,False,DEMTRANGSSTT,identidad,,,NE_NGS002,NGS002,NE_TRASTT,TRASTT
DEMTRANGSSTT,OR_DEMTRANGSSTT,OR,OR,technology,mapeo_directo,False,DEMTRANGSSTT,identidad,,,OR_NGS002,NGS002,OR_TRASTT,TRASTT
DEMTRANGSSTT,SO_DEMTRANGSSTT,SO,SO,technology,mapeo_directo,False,DEMTRANGSSTT,identidad,,,SO_NGS002,NGS002,SO_TRASTT,TRASTT
DEMTRANGSTAX,AN_DEMTRANGSTAX,AN,AN,technology,mapeo_directo,False,DEMTRANGSTAX,identidad,,,AN_NGS002,NGS002,AN_TRATAX,TRATAX
DEMTRANGSTAX,CA_DEMTRANGSTAX,CA,CA,technology,mapeo_directo,False,DEMTRANGSTAX,identidad,,,CA_NGS002,NGS002,CA_TRATAX,TRATAX
DEMTRANGSTAX,NE_DEMTRANGSTAX,NE,NE,technology,mapeo_directo,False,DEMTRANGSTAX,identidad,,,NE_NGS002,NGS002,NE_TRATAX,TRATAX
DEMTRANGSTAX,OR_DEMTRANGSTAX,OR,OR,technology,mapeo_directo,False,DEMTRANGSTAX,identidad,,,OR_NGS002,NGS002,OR_TRATAX,TRATAX
DEMTRANGSTAX,SO_DEMTRANGSTAX,SO,SO,technology,mapeo_directo,False,DEMTRANGSTAX,identidad,,,SO_NGS002,NGS002,SO_TRATAX,TRATAX
DEMTRANGSTCK_C2P,AN_DEMTRANGSTCK_C2P,AN,AN,technology,mapeo_directo,False,DEMTRANGSTCK_C2P,identidad,,,AN_NGS002,NGS002,AN_TRATCK,TRATCK
DEMTRANGSTCK_C2P,CA_DEMTRANGSTCK_C2P,CA,CA,technology,mapeo_directo,False,DEMTRANGSTCK_C2P,identidad,,,CA_NGS002,NGS002,CA_TRATCK,TRATCK
DEMTRANGSTCK_C2P,NE_DEMTRANGSTCK_C2P,NE,NE,technology,mapeo_directo,False,DEMTRANGSTCK_C2P,identidad,,,NE_NGS002,NGS002,NE_TRATCK,TRATCK
DEMTRANGSTCK_C2P,OR_DEMTRANGSTCK_C2P,OR,OR,technology,mapeo_directo,False,DEMTRANGSTCK_C2P,identidad,,,OR_NGS002,NGS002,OR_TRATCK,TRATCK
DEMTRANGSTCK_C2P,SO_DEMTRANGSTCK_C2P,SO,SO,technology,mapeo_directo,False,DEMTRANGSTCK_C2P,identidad,,,SO_NGS002,NGS002,SO_TRATCK,TRATCK
DEMTRANGSTCK_CSG,AN_DEMTRANGSTCK_CSG,AN,AN,technology,mapeo_directo,False,DEMTRANGSTCK_CSG,identidad,,,AN_NGS002,NGS002,AN_TRATCK,TRATCK
DEMTRANGSTCK_CSG,CA_DEMTRANGSTCK_CSG,CA,CA,technology,mapeo_directo,False,DEMTRANGSTCK_CSG,identidad,,,CA_NGS002,NGS002,CA_TRATCK,TRATCK
DEMTRANGSTCK_CSG,NE_DEMTRANGSTCK_CSG,NE,NE,technology,mapeo_directo,False,DEMTRANGSTCK_CSG,identidad,,,NE_NGS002,NGS002,NE_TRATCK,TRATCK
DEMTRANGSTCK_CSG,OR_DEMTRANGSTCK_CSG,OR,OR,technology,mapeo_directo,False,DEMTRANGSTCK_CSG,identidad,,,OR_NGS002,NGS002,OR_TRATCK,TRATCK
DEMTRANGSTCK_CSG,SO_DEMTRANGSTCK_CSG,SO,SO,technology,mapeo_directo,False,DEMTRANGSTCK_CSG,identidad,,,SO_NGS002,NGS002,SO_TRATCK,TRATCK
DEMTRAPHEVFWD,AN_DEMTRAPHEVFWD,AN,AN,technology,mapeo_directo,False,DEMTRAPHEVFWD,identidad,,,AN_DSL003;AN_ELCEV001,DSL002;ELC003,AN_TRAFWD,TRAFWD
DEMTRAPHEVFWD,CA_DEMTRAPHEVFWD,CA,CA,technology,mapeo_directo,False,DEMTRAPHEVFWD,identidad,,,CA_DSL003;CA_ELCEV001,DSL002;ELC003,CA_TRAFWD,TRAFWD
DEMTRAPHEVFWD,IN_DEMTRAPHEVFWD,IN,IN,technology,mapeo_directo,False,DEMTRAPHEVFWD,identidad,,,IN_ELCEV001;IN_GSL002,ELC003;GSL,IN_TRAFWD,TRAFWD
DEMTRAPHEVFWD,NE_DEMTRAPHEVFWD,NE,NE,technology,mapeo_directo,False,DEMTRAPHEVFWD,identidad,,,NE_DSL003;NE_ELCEV001,DSL002;ELC003,NE_TRAFWD,TRAFWD
DEMTRAPHEVFWD,OR_DEMTRAPHEVFWD,OR,OR,technology,mapeo_directo,False,DEMTRAPHEVFWD,identidad,,,OR_DSL003;OR_ELCEV001,DSL002;ELC003,OR_TRAFWD,TRAFWD
DEMTRAPHEVFWD,SE_DEMTRAPHEVFWD,SE,SE,technology,mapeo_directo,False,DEMTRAPHEVFWD,identidad,,,SE_ELCEV001;SE_GSL002,ELC003;GSL,SE_TRAFWD,TRAFWD
DEMTRAPHEVFWD,SO_DEMTRAPHEVFWD,SO,SO,technology,mapeo_directo,False,DEMTRAPHEVFWD,identidad,,,SO_DSL003;SO_ELCEV001,DSL002;ELC003,SO_TRAFWD,TRAFWD
DEMTRAPHEVLDV,AN_DEMTRAPHEVLDV,AN,AN,technology,mapeo_directo,False,DEMTRAPHEVLDV,identidad,,,AN_ELCEV001;AN_GSL003,ELC003;GSL002,AN_TRALDV,TRALDV
DEMTRAPHEVLDV,CA_DEMTRAPHEVLDV,CA,CA,technology,mapeo_directo,False,DEMTRAPHEVLDV,identidad,,,CA_ELCEV001;CA_GSL003,ELC003;GSL002,CA_TRALDV,TRALDV
DEMTRAPHEVLDV,IN_DEMTRAPHEVLDV,IN,IN,technology,mapeo_directo,False,DEMTRAPHEVLDV,identidad,,,IN_ELCEV001;IN_GSL002,ELC003;GSL,IN_TRALDV,TRALDV
DEMTRAPHEVLDV,NE_DEMTRAPHEVLDV,NE,NE,technology,mapeo_directo,False,DEMTRAPHEVLDV,identidad,,,NE_ELCEV001;NE_GSL003,ELC003;GSL002,NE_TRALDV,TRALDV
DEMTRAPHEVLDV,OR_DEMTRAPHEVLDV,OR,OR,technology,mapeo_directo,False,DEMTRAPHEVLDV,identidad,,,OR_ELCEV001;OR_GSL003,ELC003;GSL002,OR_TRALDV,TRALDV
DEMTRAPHEVLDV,SE_DEMTRAPHEVLDV,SE,SE,technology,mapeo_directo,False,DEMTRAPHEVLDV,identidad,,,SE_ELCEV001;SE_GSL002,ELC003;GSL,SE_TRALDV,TRALDV
DEMTRAPHEVLDV,SO_DEMTRAPHEVLDV,SO,SO,technology,mapeo_directo,False,DEMTRAPHEVLDV,identidad,,,SO_ELCEV001;SO_GSL003,ELC003;GSL002,SO_TRALDV,TRALDV
DEMTRAPHEVTAX,AN_DEMTRAPHEVTAX,AN,AN,technology,mapeo_directo,False,DEMTRAPHEVTAX,identidad,,,AN_ELCEV001;AN_GSL003,ELC003;GSL002,AN_TRATAX,TRATAX
DEMTRAPHEVTAX,CA_DEMTRAPHEVTAX,CA,CA,technology,mapeo_directo,False,DEMTRAPHEVTAX,identidad,,,CA_ELCEV001;CA_GSL003,ELC003;GSL002,CA_TRATAX,TRATAX
DEMTRAPHEVTAX,IN_DEMTRAPHEVTAX,IN,IN,technology,mapeo_directo,False,DEMTRAPHEVTAX,identidad,,,IN_ELCEV001;IN_GSL002,ELC003;GSL,IN_TRATAX,TRATAX
DEMTRAPHEVTAX,NE_DEMTRAPHEVTAX,NE,NE,technology,mapeo_directo,False,DEMTRAPHEVTAX,identidad,,,NE_ELCEV001;NE_GSL003,ELC003;GSL002,NE_TRATAX,TRATAX
DEMTRAPHEVTAX,OR_DEMTRAPHEVTAX,OR,OR,technology,mapeo_directo,False,DEMTRAPHEVTAX,identidad,,,OR_ELCEV001;OR_GSL003,ELC003;GSL002,OR_TRATAX,TRATAX
DEMTRAPHEVTAX,SE_DEMTRAPHEVTAX,SE,SE,technology,mapeo_directo,False,DEMTRAPHEVTAX,identidad,,,SE_ELCEV001;SE_GSL002,ELC003;GSL,SE_TRATAX,TRATAX
DEMTRAPHEVTAX,SO_DEMTRAPHEVTAX,SO,SO,technology,mapeo_directo,False,DEMTRAPHEVTAX,identidad,,,SO_ELCEV001;SO_GSL003,ELC003;GSL002,SO_TRATAX,TRATAX
EXPECU,SO_EXPECU,SO,SO,technology,mapeo_directo,False,EXPECU,identidad,,,SO_ELC002,SOL_RTP,,
IMPDSL,CA_IMPDSL,CA,CA,technology,mapeo_directo,False,IMPDSL,identidad,,,,,DSL001,
IMPDSL,SO_IMPDSL,SO,SO,technology,mapeo_directo,False,IMPDSL,identidad,,,,,DSL001,
IMPFOL,CA_IMPFOL,CA,CA,technology,mapeo_directo,False,IMPFOL,identidad,,,,,FOL,FOL
IMPFOL,SO_IMPFOL,SO,SO,technology,mapeo_directo,False,IMPFOL,identidad,,,,,FOL,FOL
IMPGSL,CA_IMPGSL,CA,CA,technology,mapeo_directo,False,IMPGSL,identidad,,,,,GSL001,
IMPGSL,SO_IMPGSL,SO,SO,technology,mapeo_directo,False,IMPGSL,identidad,,,,,GSL001,
IMPJET,CA_IMPJET,CA,CA,technology,mapeo_directo,False,IMPJET,identidad,,,,,JET001,
IMPJET,SO_IMPJET,SO,SO,technology,mapeo_directo,False,IMPJET,identidad,,,,,JET001,
IMPLNG,CA_IMPLNG,CA,CA,technology,mapeo_directo,False,IMPLNG,identidad,,,,,CA_LNG,LNG
IMPLNG,SO_IMPLNG,SO,SO,technology,mapeo_directo,False,IMPLNG,identidad,,,,,SO_LNG,LNG
IMPLPG,CA_IMPLPG,CA,CA,technology,mapeo_directo,False,IMPLPG,identidad,,,,,LPG001,
IMPLPG,SO_IMPLPG,SO,SO,technology,mapeo_directo,False,IMPLPG,identidad,,,,,LPG001,
IMPURN,CA_IMPURN,CA,CA,technology,mapeo_directo,False,IMPURN,identidad,,,,,URN,URN
IMPURN,SO_IMPURN,SO,SO,technology,mapeo_directo,False,IMPURN,identidad,,,,,URN,URN
MINAFR,AN_MINAFR,AN,AN,technology,mapeo_directo,False,MINAFR,identidad,,,,,AN_AFR,AFR
MINAFR,CA_MINAFR,CA,CA,technology,mapeo_directo,False,MINAFR,identidad,,,,,CA_AFR,AFR
MINAFR,NE_MINAFR,NE,NE,technology,mapeo_directo,False,MINAFR,identidad,,,,,NE_AFR,AFR
MINAFR,OR_MINAFR,OR,OR,technology,mapeo_directo,False,MINAFR,identidad,,,,,OR_AFR,AFR
MINAFR,SE_MINAFR,SE,SE,technology,mapeo_directo,False,MINAFR,identidad,,,,,SE_AFR,AFR
MINAFR,SO_MINAFR,SO,SO,technology,mapeo_directo,False,MINAFR,identidad,,,,,SO_AFR,AFR
MINBAG,OR_MINBAG,OR,OR,technology,mapeo_directo,False,MINBAG,identidad,,,,,OR_BAG,BAG
MINBAG,SO_MINBAG,SO,SO,technology,mapeo_directo,False,MINBAG,identidad,,,,,SO_BAG,BAG
MINCOA,AN_MINCOA,AN,AN,technology,mapeo_directo,False,MINCOA,identidad,,,,,AN_COA001,COA
MINCOA,CA_MINCOA,CA,CA,technology,mapeo_directo,False,MINCOA,identidad,,,,,,
MINCOA,NE_MINCOA,NE,NE,technology,mapeo_directo,False,MINCOA,identidad,,,,,NE_COA001,COA
MINCOA,OR_MINCOA,OR,OR,technology,mapeo_directo,False,MINCOA,identidad,,,,,OR_COA001,COA
MINCOA,SO_MINCOA,SO,SO,technology,mapeo_directo,False,MINCOA,identidad,,,,,SO_COA001,COA
MINNGS,AN_MINNGS,AN,AN,technology,mapeo_directo,False,MINNGS,identidad,,,,,AN_NGS001,NGS
MINNGS,CA_MINNGS,CA,CA,technology,mapeo_directo,False,MINNGS,identidad,,,,,CA_NGS001,NGS
MINNGS,NE_MINNGS,NE,NE,technology,mapeo_directo,False,MINNGS,identidad,,,,,NE_NGS001,NGS
MINNGS,OR_MINNGS,OR,OR,technology,mapeo_directo,False,MINNGS,identidad,,,,,OR_NGS001,NGS
MINNGS,SO_MINNGS,SO,SO,technology,mapeo_directo,False,MINNGS,identidad,,,,,SO_NGS001,NGS
MINOPL,AN_MINOPL,AN,AN,technology,mapeo_directo,False,MINOPL,identidad,,,,,AN_OPL,OPL
MINOPL,CA_MINOPL,CA,CA,technology,mapeo_directo,False,MINOPL,identidad,,,,,CA_OPL,OPL
MINOPL,NE_MINOPL,NE,NE,technology,mapeo_directo,False,MINOPL,identidad,,,,,NE_OPL,OPL
MINOPL,OR_MINOPL,OR,OR,technology,mapeo_directo,False,MINOPL,identidad,,,,,OR_OPL,OPL
MINSGC,OR_MINSGC,OR,OR,technology,mapeo_directo,False,MINSGC,identidad,,,,,OR_SGC,SGC
MINSGC,SO_MINSGC,SO,SO,technology,mapeo_directo,False,MINSGC,identidad,,,,,SO_SGC,SGC
MINWAS,AN_MINWAS,AN,AN,technology,mapeo_directo,False,MINWAS,identidad,,,,,AN_WAS,WAS
MINWAS,CA_MINWAS,CA,CA,technology,mapeo_directo,False,MINWAS,identidad,,,,,CA_WAS,WAS
MINWAS,NE_MINWAS,NE,NE,technology,mapeo_directo,False,MINWAS,identidad,,,,,NE_WAS,WAS
MINWAS,OR_MINWAS,OR,OR,technology,mapeo_directo,False,MINWAS,identidad,,,,,OR_WAS,WAS
MINWAS,SE_MINWAS,SE,SE,technology,mapeo_directo,False,MINWAS,identidad,,,,,SE_WAS,WAS
MINWAS,SO_MINWAS,SO,SO,technology,mapeo_directo,False,MINWAS,identidad,,,,,SO_WAS,WAS
MINWAS_ORG,AN_MINWAS_ORG,AN,AN,technology,mapeo_directo,False,MINWAS_ORG,identidad,,,,,AN_WAS_ORG,WAS_ORG
MINWAS_ORG,CA_MINWAS_ORG,CA,CA,technology,mapeo_directo,False,MINWAS_ORG,identidad,,,,,CA_WAS_ORG,WAS_ORG
MINWAS_ORG,NE_MINWAS_ORG,NE,NE,technology,mapeo_directo,False,MINWAS_ORG,identidad,,,,,NE_WAS_ORG,WAS_ORG
MINWAS_ORG,OR_MINWAS_ORG,OR,OR,technology,mapeo_directo,False,MINWAS_ORG,identidad,,,,,OR_WAS_ORG,WAS_ORG
MINWAS_ORG,SE_MINWAS_ORG,SE,SE,technology,mapeo_directo,False,MINWAS_ORG,identidad,,,,,SE_WAS_ORG,WAS_ORG
MINWAS_ORG,SO_MINWAS_ORG,SO,SO,technology,mapeo_directo,False,MINWAS_ORG,identidad,,,,,SO_WAS_ORG,WAS_ORG
MINWOO,AN_MINWOO,AN,AN,technology,mapeo_directo,False,MINWOO,identidad,,,,,AN_WOO,WOO
MINWOO,CA_MINWOO,CA,CA,technology,mapeo_directo,False,MINWOO,identidad,,,,,CA_WOO,WOO
MINWOO,IN_MINWOO,IN,IN,technology,mapeo_directo,False,MINWOO,identidad,,,,,IN_WOO,WOO
MINWOO,NE_MINWOO,NE,NE,technology,mapeo_directo,False,MINWOO,identidad,,,,,NE_WOO,WOO
MINWOO,OR_MINWOO,OR,OR,technology,mapeo_directo,False,MINWOO,identidad,,,,,OR_WOO,WOO
MINWOO,SE_MINWOO,SE,SE,technology,mapeo_directo,False,MINWOO,identidad,,,,,SE_WOO,WOO
MINWOO,SO_MINWOO,SO,SO,technology,mapeo_directo,False,MINWOO,identidad,,,,,SO_WOO,WOO
PWRAFR,AN_PWRAFR,AN,AN,technology,mapeo_directo,False,PWRAFR,identidad,,,AN_AFR,AFR,AN_ELC001,ELC
PWRAFR,CA_PWRAFR,CA,CA,technology,mapeo_directo,False,PWRAFR,identidad,,,CA_AFR,AFR,CA_ELC001,ELC
PWRAFR,NE_PWRAFR,NE,NE,technology,mapeo_directo,False,PWRAFR,identidad,,,NE_AFR,AFR,NE_ELC001,ELC
PWRAFR,OR_PWRAFR,OR,OR,technology,mapeo_directo,False,PWRAFR,identidad,,,OR_AFR,AFR,OR_ELC001,ELC
PWRAFR,SE_PWRAFR,SE,SE,technology,mapeo_directo,False,PWRAFR,identidad,,,SE_AFR,AFR,SE_ELC003,ELC002
PWRAFR,SO_PWRAFR,SO,SO,technology,mapeo_directo,False,PWRAFR,identidad,,,SO_AFR,AFR,SO_ELC001,ELC
PWRBGS,AN_PWRBGS,AN,AN,technology,mapeo_directo,False,PWRBGS,identidad,,,AN_BGS,BGS,AN_ELC001,ELC
PWRBGS,CA_PWRBGS,CA,CA,technology,mapeo_directo,False,PWRBGS,identidad,,,CA_BGS,BGS,CA_ELC001,ELC
PWRBGS,NE_PWRBGS,NE,NE,technology,mapeo_directo,False,PWRBGS,identidad,,,NE_BGS,BGS,NE_ELC001,ELC
PWRBGS,OR_PWRBGS,OR,OR,technology,mapeo_directo,False,PWRBGS,identidad,,,OR_BGS,BGS,OR_ELC001,ELC
PWRBGS,SE_PWRBGS,SE,SE,technology,mapeo_directo,False,PWRBGS,identidad,,,SE_BGS,BGS,SE_ELC003,ELC002
PWRBGS,SO_PWRBGS,SO,SO,technology,mapeo_directo,False,PWRBGS,identidad,,,SO_BGS,BGS,SO_ELC001,ELC
PWRCOA,AN_PWRCOA,AN,AN,technology,mapeo_directo,False,PWRCOA,identidad,,,AN_COA001,COA,AN_ELC001,ELC
PWRCOA,CA_PWRCOA,CA,CA,technology,mapeo_directo,False,PWRCOA,identidad,,,CA_COA001,COA,CA_ELC001,ELC
PWRCOA,NE_PWRCOA,NE,NE,technology,mapeo_directo,False,PWRCOA,identidad,,,CA_COA001,COA,NE_ELC001,ELC
PWRCOA,OR_PWRCOA,OR,OR,technology,mapeo_directo,False,PWRCOA,identidad,,,OR_COA001,COA,OR_ELC001,ELC
PWRCOA,SO_PWRCOA,SO,SO,technology,mapeo_directo,False,PWRCOA,identidad,,,SO_COA001,COA,SO_ELC001,ELC
PWRCOACCS,AN_PWRCOACCS,AN,AN,technology,mapeo_directo,False,PWRCOACCS,identidad,,,AN_COA001,COA,AN_ELC001,ELC
PWRCOACCS,CA_PWRCOACCS,CA,CA,technology,mapeo_directo,False,PWRCOACCS,identidad,,,CA_COA001,COA,CA_ELC001,ELC
PWRCOACCS,NE_PWRCOACCS,NE,NE,technology,mapeo_directo,False,PWRCOACCS,identidad,,,NE_COA001,COA,NE_ELC001,ELC
PWRCOACCS,OR_PWRCOACCS,OR,OR,technology,mapeo_directo,False,PWRCOACCS,identidad,,,OR_COA001,COA,OR_ELC001,ELC
PWRCOACCS,SO_PWRCOACCS,SO,SO,technology,mapeo_directo,False,PWRCOACCS,identidad,,,SO_COA001,COA,SO_ELC001,ELC
PWRCSP,CA_PWRCSP,CA,CA,technology,mapeo_directo,False,PWRCSP,identidad,,,,,CA_ELC001,ELC
PWRCSP,SO_PWRCSP,SO,SO,technology,mapeo_directo,False,PWRCSP,identidad,,,,,SO_ELC001,ELC
PWRDSL,AN_PWRDSL,AN,AN,technology,mapeo_directo,False,PWRDSL,identidad,,,AN_DSL002,DSL,AN_ELC001,ELC
PWRDSL,SO_PWRDSL,SO,SO,technology,mapeo_directo,False,PWRDSL,identidad,,,SO_DSL002,DSL,SO_ELC001,ELC
PWRFOL,CA_PWRFOL,CA,CA,technology,mapeo_directo,False,PWRFOL,identidad,,,FOL,FOL,CA_ELC001,ELC
PWRGEO,AN_PWRGEO,AN,AN,technology,mapeo_directo,False,PWRGEO,identidad,,,,,AN_ELC001,ELC
PWRGEO,NE_PWRGEO,NE,NE,technology,mapeo_directo,False,PWRGEO,identidad,,,,,NE_ELC001,ELC
PWRGEO,SO_PWRGEO,SO,SO,technology,mapeo_directo,False,PWRGEO,identidad,,,,,SO_ELC001,ELC
PWRHYDDAM,AN_PWRHYDDAM,AN,AN,technology,mapeo_directo,False,PWRHYDDAM,identidad,,,,,AN_ELC001,ELC
PWRHYDDAM,CA_PWRHYDDAM,CA,CA,technology,mapeo_directo,False,PWRHYDDAM,identidad,,,,,CA_ELC001,ELC
PWRHYDDAM,NE_PWRHYDDAM,NE,NE,technology,mapeo_directo,False,PWRHYDDAM,identidad,,,,,NE_ELC001,ELC
PWRHYDDAM,OR_PWRHYDDAM,OR,OR,technology,mapeo_directo,False,PWRHYDDAM,identidad,,,,,OR_ELC001,ELC
PWRHYDDAM,SO_PWRHYDDAM,SO,SO,technology,mapeo_directo,False,PWRHYDDAM,identidad,,,,,SO_ELC001,ELC
PWRHYDROR,AN_PWRHYDROR,AN,AN,technology,mapeo_directo,False,PWRHYDROR,identidad,,,,,AN_ELC001,ELC
PWRHYDROR,CA_PWRHYDROR,CA,CA,technology,mapeo_directo,False,PWRHYDROR,identidad,,,,,CA_ELC001,ELC
PWRHYDROR,NE_PWRHYDROR,NE,NE,technology,mapeo_directo,False,PWRHYDROR,identidad,,,,,NE_ELC001,ELC
PWRHYDROR,OR_PWRHYDROR,OR,OR,technology,mapeo_directo,False,PWRHYDROR,identidad,,,,,OR_ELC001,ELC
PWRHYDROR,SO_PWRHYDROR,SO,SO,technology,mapeo_directo,False,PWRHYDROR,identidad,,,,,SO_ELC001,ELC
PWRHYDROR_NDC,SE_PWRHYDROR_NDC,SE,SE,technology,mapeo_directo,False,PWRHYDROR_NDC,identidad,,,,,SE_ELC003,ELC002
PWRJET,SO_PWRJET,SO,SO,technology,mapeo_directo,False,PWRJET,identidad,,,SO_JET002,JET,SO_ELC001,ELC
PWRLPG,CA_PWRLPG,CA,CA,technology,mapeo_directo,False,PWRLPG,identidad,,,CA_LPG002,LPG002,CA_ELC001,ELC
PWRNGSCCS,AN_PWRNGSCCS,AN,AN,technology,mapeo_directo,False,PWRNGSCCS,identidad,,,AN_NGS002,NGS002,AN_ELC001,ELC
PWRNGSCCS,CA_PWRNGSCCS,CA,CA,technology,mapeo_directo,False,PWRNGSCCS,identidad,,,CA_NGS002,NGS002,CA_ELC001,ELC
PWRNGSCCS,NE_PWRNGSCCS,NE,NE,technology,mapeo_directo,False,PWRNGSCCS,identidad,,,NE_NGS002,NGS002,NE_ELC001,ELC
PWRNGSCCS,OR_PWRNGSCCS,OR,OR,technology,mapeo_directo,False,PWRNGSCCS,identidad,,,OR_NGS002,NGS002,OR_ELC001,ELC
PWRNGSCCS,SO_PWRNGSCCS,SO,SO,technology,mapeo_directo,False,PWRNGSCCS,identidad,,,SO_NGS002,NGS002,SO_ELC001,ELC
PWRNGS_CC,AN_PWRNGS_CC,AN,AN,technology,mapeo_directo,False,PWRNGS_CC,identidad,,,AN_NGS002,NGS002,AN_ELC001,ELC
PWRNGS_CC,CA_PWRNGS_CC,CA,CA,technology,mapeo_directo,False,PWRNGS_CC,identidad,,,CA_NGS002,NGS002,CA_ELC001,ELC
PWRNGS_CC,NE_PWRNGS_CC,NE,NE,technology,mapeo_directo,False,PWRNGS_CC,identidad,,,NE_NGS002,NGS002,NE_ELC001,ELC
PWRNGS_CC,OR_PWRNGS_CC,OR,OR,technology,mapeo_directo,False,PWRNGS_CC,identidad,,,OR_NGS002,NGS002,OR_ELC001,ELC
PWRNGS_CC,SO_PWRNGS_CC,SO,SO,technology,mapeo_directo,False,PWRNGS_CC,identidad,,,SO_NGS002,NGS002,SO_ELC001,ELC
PWRNGS_CS,AN_PWRNGS_CS,AN,AN,technology,mapeo_directo,False,PWRNGS_CS,identidad,,,AN_NGS002,NGS002,AN_ELC001,ELC
PWRNGS_CS,CA_PWRNGS_CS,CA,CA,technology,mapeo_directo,False,PWRNGS_CS,identidad,,,CA_NGS002,NGS002,CA_ELC001,ELC
PWRNGS_CS,NE_PWRNGS_CS,NE,NE,technology,mapeo_directo,False,PWRNGS_CS,identidad,,,NE_NGS002,NGS002,NE_ELC001,ELC
PWRNGS_CS,OR_PWRNGS_CS,OR,OR,technology,mapeo_directo,False,PWRNGS_CS,identidad,,,OR_NGS002,NGS002,OR_ELC001,ELC
PWRNGS_CS,SO_PWRNGS_CS,SO,SO,technology,mapeo_directo,False,PWRNGS_CS,identidad,,,SO_NGS002,NGS002,SO_ELC001,ELC
PWRNUC,CA_PWRNUC,CA,CA,technology,mapeo_directo,False,PWRNUC,identidad,,,URN,URN,CA_ELC001,ELC
PWRSOLRTP,AN_PWRSOLRTP,AN,AN,technology,mapeo_directo,False,PWRSOLRTP,identidad,,,,,AN_ELC002,SOL_RTP
PWRSOLRTP,CA_PWRSOLRTP,CA,CA,technology,mapeo_directo,False,PWRSOLRTP,identidad,,,,,CA_ELC002,SOL_RTP
PWRSOLRTP,NE_PWRSOLRTP,NE,NE,technology,mapeo_directo,False,PWRSOLRTP,identidad,,,,,NE_ELC002,SOL_RTP
PWRSOLRTP,OR_PWRSOLRTP,OR,OR,technology,mapeo_directo,False,PWRSOLRTP,identidad,,,,,OR_ELC002,SOL_RTP
PWRSOLRTP,SE_PWRSOLRTP,SE,SE,technology,mapeo_directo,False,PWRSOLRTP,identidad,,,,,SE_ELC003,ELC002
PWRSOLRTP,SO_PWRSOLRTP,SO,SO,technology,mapeo_directo,False,PWRSOLRTP,identidad,,,,,SO_ELC002,SOL_RTP
PWRSOLRTP_ZNI,IN_PWRSOLRTP_ZNI,IN,IN,technology,mapeo_directo,False,PWRSOLRTP_ZNI,identidad,,,,,IN_ELC003,ELC002
PWRSOLUGE,AN_PWRSOLUGE,AN,AN,technology,mapeo_directo,False,PWRSOLUGE,identidad,,,,,AN_ELC001,ELC
PWRSOLUGE,CA_PWRSOLUGE,CA,CA,technology,mapeo_directo,False,PWRSOLUGE,identidad,,,,,CA_ELC001,ELC
PWRSOLUGE,NE_PWRSOLUGE,NE,NE,technology,mapeo_directo,False,PWRSOLUGE,identidad,,,,,NE_ELC001,ELC
PWRSOLUGE,OR_PWRSOLUGE,OR,OR,technology,mapeo_directo,False,PWRSOLUGE,identidad,,,,,OR_ELC001,ELC
PWRSOLUGE,SE_PWRSOLUGE,SE,SE,technology,mapeo_directo,False,PWRSOLUGE,identidad,,,,,SE_ELC003,ELC002
PWRSOLUGE,SO_PWRSOLUGE,SO,SO,technology,mapeo_directo,False,PWRSOLUGE,identidad,,,,,SO_ELC001,ELC
PWRSOLUGE_BAT,AN_PWRSOLUGE_BAT,AN,AN,technology,mapeo_directo,False,PWRSOLUGE_BAT,identidad,,,,,AN_ELC001,ELC
PWRSOLUGE_BAT,CA_PWRSOLUGE_BAT,CA,CA,technology,mapeo_directo,False,PWRSOLUGE_BAT,identidad,,,,,CA_ELC001,ELC
PWRSOLUGE_BAT,NE_PWRSOLUGE_BAT,NE,NE,technology,mapeo_directo,False,PWRSOLUGE_BAT,identidad,,,,,NE_ELC001,ELC
PWRSOLUGE_BAT,OR_PWRSOLUGE_BAT,OR,OR,technology,mapeo_directo,False,PWRSOLUGE_BAT,identidad,,,,,OR_ELC001,ELC
PWRSOLUGE_BAT,SO_PWRSOLUGE_BAT,SO,SO,technology,mapeo_directo,False,PWRSOLUGE_BAT,identidad,,,,,SO_ELC001,ELC
PWRSOLUPE,AN_PWRSOLUPE,AN,AN,technology,mapeo_directo,False,PWRSOLUPE,identidad,,,,,AN_ELC001,ELC
PWRSOLUPE,CA_PWRSOLUPE,CA,CA,technology,mapeo_directo,False,PWRSOLUPE,identidad,,,,,CA_ELC001,ELC
PWRSOLUPE,NE_PWRSOLUPE,NE,NE,technology,mapeo_directo,False,PWRSOLUPE,identidad,,,,,NE_ELC001,ELC
PWRSOLUPE,OR_PWRSOLUPE,OR,OR,technology,mapeo_directo,False,PWRSOLUPE,identidad,,,,,OR_ELC001,ELC
PWRSOLUPE,SO_PWRSOLUPE,SO,SO,technology,mapeo_directo,False,PWRSOLUPE,identidad,,,,,SO_ELC001,ELC
PWRSTD,IN_PWRSTD,IN,IN,technology,mapeo_directo,False,PWRSTD,identidad,,,,,IN_ELC003,ELC002
PWRSTD,SE_PWRSTD,SE,SE,technology,mapeo_directo,False,PWRSTD,identidad,,,,,SE_ELC003,ELC002
PWRWNDOFS_FIX,CA_PWRWNDOFS_FIX,CA,CA,technology,mapeo_directo,False,PWRWNDOFS_FIX,identidad,,,,,CA_ELC001,ELC
PWRWNDOFS_FLO,CA_PWRWNDOFS_FLO,CA,CA,technology,mapeo_directo,False,PWRWNDOFS_FLO,identidad,,,,,CA_ELC001,ELC
PWRWNDONS,CA_PWRWNDONS,CA,CA,technology,mapeo_directo,False,PWRWNDONS,identidad,,,,,CA_ELC001,ELC
UPSALK,AN_UPSALK,AN,AN,technology,mapeo_directo,False,UPSALK,identidad,,,AN_ELC002,SOL_RTP,AN_HDG001,HDG
UPSALK,CA_UPSALK,CA,CA,technology,mapeo_directo,False,UPSALK,identidad,,,CA_ELC002,SOL_RTP,CA_HDG001,HDG
UPSALK,NE_UPSALK,NE,NE,technology,mapeo_directo,False,UPSALK,identidad,,,NE_ELC002,SOL_RTP,NE_HDG001,HDG
UPSALK,OR_UPSALK,OR,OR,technology,mapeo_directo,False,UPSALK,identidad,,,OR_ELC002,SOL_RTP,OR_HDG001,HDG
UPSALK,SO_UPSALK,SO,SO,technology,mapeo_directo,False,UPSALK,identidad,,,SO_ELC002,SOL_RTP,SO_HDG001,HDG
UPSBDB,AN_UPSBDB,AN,AN,technology,mapeo_directo,False,UPSBDB,identidad,,,AN_BDL002;AN_DSL002,BDL;DSL,AN_DSL003,DSL002
UPSBDB,CA_UPSBDB,CA,CA,technology,mapeo_directo,False,UPSBDB,identidad,,,CA_BDL002;CA_DSL002,BDL;DSL,CA_DSL003,DSL002
UPSBDB,NE_UPSBDB,NE,NE,technology,mapeo_directo,False,UPSBDB,identidad,,,NE_BDL002;NE_DSL002,BDL;DSL,NE_DSL003,DSL002
UPSBDB,OR_UPSBDB,OR,OR,technology,mapeo_directo,False,UPSBDB,identidad,,,OR_BDL002;OR_DSL002,BDL;DSL,OR_DSL003,DSL002
UPSBDB,SO_UPSBDB,SO,SO,technology,mapeo_directo,False,UPSBDB,identidad,,,SO_BDL002;SO_DSL002,BDL;DSL,SO_DSL003,DSL002
UPSBDL,AN_UPSBDL,AN,AN,technology,mapeo_directo,False,UPSBDL,identidad,,,AN_OPL,OPL,BDL001,
UPSBDL,CA_UPSBDL,CA,CA,technology,mapeo_directo,False,UPSBDL,identidad,,,CA_OPL,OPL,BDL001,
UPSBDL,NE_UPSBDL,NE,NE,technology,mapeo_directo,False,UPSBDL,identidad,,,NE_OPL,OPL,BDL001,
UPSBDL,OR_UPSBDL,OR,OR,technology,mapeo_directo,False,UPSBDL,identidad,,,OR_OPL,OPL,BDL001,
UPSBET,OR_UPSBET,OR,OR,technology,mapeo_directo,False,UPSBET,identidad,,,OR_SGC,SGC,BET001,
UPSBET,SO_UPSBET,SO,SO,technology,mapeo_directo,False,UPSBET,identidad,,,SO_SGC,SGC,BET001,
UPSBGB,AN_UPSBGB,AN,AN,technology,mapeo_directo,False,UPSBGB,identidad,,,AN_BET002;AN_GSL002,BET;GSL,AN_GSL003,GSL002
UPSBGB,CA_UPSBGB,CA,CA,technology,mapeo_directo,False,UPSBGB,identidad,,,CA_BET002;CA_GSL002,BET;GSL,CA_GSL003,GSL002
UPSBGB,NE_UPSBGB,NE,NE,technology,mapeo_directo,False,UPSBGB,identidad,,,NE_BET002;NE_GSL002,BET;GSL,NE_GSL003,GSL002
UPSBGB,OR_UPSBGB,OR,OR,technology,mapeo_directo,False,UPSBGB,identidad,,,OR_BET002;OR_GSL002,BET;GSL,OR_GSL003,GSL002
UPSBGB,SO_UPSBGB,SO,SO,technology,mapeo_directo,False,UPSBGB,identidad,,,SO_BET002;SO_GSL002,BET;GSL,SO_GSL003,GSL002
UPSBGS,AN_UPSBGS,AN,AN,technology,mapeo_directo,False,UPSBGS,identidad,,,AN_WAS_ORG,WAS_ORG,AN_BGS,BGS
UPSBGS,CA_UPSBGS,CA,CA,technology,mapeo_directo,False,UPSBGS,identidad,,,CA_WAS_ORG,WAS_ORG,CA_BGS,BGS
UPSBGS,NE_UPSBGS,NE,NE,technology,mapeo_directo,False,UPSBGS,identidad,,,NE_WAS_ORG,WAS_ORG,NE_BGS,BGS
UPSBGS,OR_UPSBGS,OR,OR,technology,mapeo_directo,False,UPSBGS,identidad,,,OR_WAS_ORG,WAS_ORG,OR_BGS,BGS
UPSBGS,SE_UPSBGS,SE,SE,technology,mapeo_directo,False,UPSBGS,identidad,,,SE_WAS_ORG,WAS_ORG,SE_BGS,BGS
UPSBGS,SO_UPSBGS,SO,SO,technology,mapeo_directo,False,UPSBGS,identidad,,,SO_WAS_ORG,WAS_ORG,SO_BGS,BGS
UPSBJS,AN_UPSBJS,AN,AN,technology,mapeo_directo,False,UPSBJS,identidad,,,AN_JET002;SAF001,JET,AN_JETSAF,JETSAF
UPSBJS,CA_UPSBJS,CA,CA,technology,mapeo_directo,False,UPSBJS,identidad,,,CA_JET002;SAF001,JET,CA_JETSAF,JETSAF
UPSBJS,IN_UPSBJS,IN,IN,technology,mapeo_directo,False,UPSBJS,identidad,,,IN_JET002;SAF001,JET,IN_JETSAF,JETSAF
UPSBJS,NE_UPSBJS,NE,NE,technology,mapeo_directo,False,UPSBJS,identidad,,,NE_JET002;SAF001,JET,NE_JETSAF,JETSAF
UPSBJS,OR_UPSBJS,OR,OR,technology,mapeo_directo,False,UPSBJS,identidad,,,OR_JET002;SAF001,JET,OR_JETSAF,JETSAF
UPSBJS,SE_UPSBJS,SE,SE,technology,mapeo_directo,False,UPSBJS,identidad,,,SAF001;SE_JET002,JET,SE_JETSAF,JETSAF
UPSBJS,SO_UPSBJS,SO,SO,technology,mapeo_directo,False,UPSBJS,identidad,,,SAF001;SO_JET002,JET,SO_JETSAF,JETSAF
UPSBMET,AN_UPSBMET,AN,AN,technology,mapeo_directo,False,UPSBMET,identidad,,,AN_BGS,BGS,AN_BMET,BMET
UPSBMET,CA_UPSBMET,CA,CA,technology,mapeo_directo,False,UPSBMET,identidad,,,CA_BGS,BGS,CA_BMET,BMET
UPSBMET,NE_UPSBMET,NE,NE,technology,mapeo_directo,False,UPSBMET,identidad,,,NE_BGS,BGS,NE_BMET,BMET
UPSBMET,OR_UPSBMET,OR,OR,technology,mapeo_directo,False,UPSBMET,identidad,,,OR_BGS,BGS,OR_BMET,BMET
UPSBMET,SO_UPSBMET,SO,SO,technology,mapeo_directo,False,UPSBMET,identidad,,,SO_BGS,BGS,SO_BMET,BMET
UPSBMETL,AN_UPSBMETL,AN,AN,technology,mapeo_directo,False,UPSBMETL,identidad,,,AN_BMET,BMET,AN_BMETL,BMETL
UPSBMETL,CA_UPSBMETL,CA,CA,technology,mapeo_directo,False,UPSBMETL,identidad,,,CA_BMET,BMET,CA_BMETL,BMETL
UPSBMETL,NE_UPSBMETL,NE,NE,technology,mapeo_directo,False,UPSBMETL,identidad,,,NE_BMET,BMET,NE_BMETL,BMETL
UPSBMETL,OR_UPSBMETL,OR,OR,technology,mapeo_directo,False,UPSBMETL,identidad,,,OR_BMET,BMET,OR_BMETL,BMETL
UPSBMETL,SO_UPSBMETL,SO,SO,technology,mapeo_directo,False,UPSBMETL,identidad,,,SO_BMET,BMET,SO_BMETL,BMETL
UPSEVC,AN_UPSEVC,AN,AN,technology,mapeo_directo,False,UPSEVC,identidad,,,AN_ELC003,ELC002,AN_ELCEV001,ELC003
UPSEVC,CA_UPSEVC,CA,CA,technology,mapeo_directo,False,UPSEVC,identidad,,,CA_ELC003,ELC002,CA_ELCEV001,ELC003
UPSEVC,IN_UPSEVC,IN,IN,technology,mapeo_directo,False,UPSEVC,identidad,,,IN_ELC003,ELC002,IN_ELCEV001,ELC003
UPSEVC,NE_UPSEVC,NE,NE,technology,mapeo_directo,False,UPSEVC,identidad,,,NE_ELC003,ELC002,NE_ELCEV001,ELC003
UPSEVC,OR_UPSEVC,OR,OR,technology,mapeo_directo,False,UPSEVC,identidad,,,OR_ELC003,ELC002,OR_ELCEV001,ELC003
UPSEVC,SE_UPSEVC,SE,SE,technology,mapeo_directo,False,UPSEVC,identidad,,,SE_ELC003,ELC002,SE_ELCEV001,ELC003
UPSEVC,SO_UPSEVC,SO,SO,technology,mapeo_directo,False,UPSEVC,identidad,,,SO_ELC003,ELC002,SO_ELCEV001,ELC003
UPSEV_FC,AN_UPSEV_FC,AN,AN,technology,mapeo_directo,False,UPSEV_FC,identidad,,,AN_ELC003,ELC002,AN_ELCEV002,ELC004
UPSEV_FC,CA_UPSEV_FC,CA,CA,technology,mapeo_directo,False,UPSEV_FC,identidad,,,CA_ELC003,ELC002,CA_ELCEV002,ELC004
UPSEV_FC,IN_UPSEV_FC,IN,IN,technology,mapeo_directo,False,UPSEV_FC,identidad,,,IN_ELC003,ELC002,IN_ELCEV002,ELC004
UPSEV_FC,NE_UPSEV_FC,NE,NE,technology,mapeo_directo,False,UPSEV_FC,identidad,,,NE_ELC003,ELC002,NE_ELCEV002,ELC004
UPSEV_FC,OR_UPSEV_FC,OR,OR,technology,mapeo_directo,False,UPSEV_FC,identidad,,,OR_ELC003,ELC002,OR_ELCEV002,ELC004
UPSEV_FC,SE_UPSEV_FC,SE,SE,technology,mapeo_directo,False,UPSEV_FC,identidad,,,SE_ELC003,ELC002,SE_ELCEV002,ELC004
UPSEV_FC,SO_UPSEV_FC,SO,SO,technology,mapeo_directo,False,UPSEV_FC,identidad,,,SO_ELC003,ELC002,SO_ELCEV002,ELC004
UPSHDGRST,AN_UPSHDGRST,AN,AN,technology,mapeo_directo,False,UPSHDGRST,identidad,,,AN_HDG001,HDG,AN_HDG002,HDG002
UPSHDGRST,CA_UPSHDGRST,CA,CA,technology,mapeo_directo,False,UPSHDGRST,identidad,,,CA_HDG001,HDG,CA_HDG002,HDG002
UPSHDGRST,NE_UPSHDGRST,NE,NE,technology,mapeo_directo,False,UPSHDGRST,identidad,,,NE_HDG001,HDG,NE_HDG002,HDG002
UPSHDGRST,OR_UPSHDGRST,OR,OR,technology,mapeo_directo,False,UPSHDGRST,identidad,,,OR_HDG001,HDG,OR_HDG002,HDG002
UPSHDGRST,SO_UPSHDGRST,SO,SO,technology,mapeo_directo,False,UPSHDGRST,identidad,,,SO_HDG001,HDG,SO_HDG002,HDG002
UPSPEM,AN_UPSPEM,AN,AN,technology,mapeo_directo,False,UPSPEM,identidad,,,AN_ELC002,SOL_RTP,AN_HDG001,HDG
UPSPEM,CA_UPSPEM,CA,CA,technology,mapeo_directo,False,UPSPEM,identidad,,,CA_ELC002,SOL_RTP,CA_HDG001,HDG
UPSPEM,NE_UPSPEM,NE,NE,technology,mapeo_directo,False,UPSPEM,identidad,,,NE_ELC002,SOL_RTP,NE_HDG001,HDG
UPSPEM,OR_UPSPEM,OR,OR,technology,mapeo_directo,False,UPSPEM,identidad,,,OR_ELC002,SOL_RTP,OR_HDG001,HDG
UPSPEM,SO_UPSPEM,SO,SO,technology,mapeo_directo,False,UPSPEM,identidad,,,SO_ELC002,SOL_RTP,SO_HDG001,HDG
UPSREG,CA_UPSREG,CA,CA,technology,mapeo_directo,False,UPSREG,identidad,,,CA_LNG,LNG,CA_NGS001,NGS
UPSREG,SO_UPSREG,SO,SO,technology,mapeo_directo,False,UPSREG,identidad,,,SO_LNG,LNG,SO_NGS001,NGS
UPSSAF,AN_UPSSAF,AN,AN,technology,mapeo_directo,False,UPSSAF,identidad,,,AN_HDG001;AN_OPL,HDG;OPL,SAF001,
UPSSAF,CA_UPSSAF,CA,CA,technology,mapeo_directo,False,UPSSAF,identidad,,,CA_HDG001;CA_OPL,HDG;OPL,SAF001,
UPSSAF,NE_UPSSAF,NE,NE,technology,mapeo_directo,False,UPSSAF,identidad,,,NE_HDG001;NE_OPL,HDG;OPL,SAF001,
UPSSAF,OR_UPSSAF,OR,OR,technology,mapeo_directo,False,UPSSAF,identidad,,,OR_HDG001;OR_OPL,HDG;OPL,SAF001,
UPSSMR,AN_UPSSMR,AN,AN,technology,mapeo_directo,False,UPSSMR,identidad,,,AN_NGS002,NGS002,AN_HDG001,HDG
UPSSMR,CA_UPSSMR,CA,CA,technology,mapeo_directo,False,UPSSMR,identidad,,,CA_NGS002,NGS002,CA_HDG001,HDG
UPSSMR,NE_UPSSMR,NE,NE,technology,mapeo_directo,False,UPSSMR,identidad,,,NE_NGS002,NGS002,NE_HDG001,HDG
UPSSMR,OR_UPSSMR,OR,OR,technology,mapeo_directo,False,UPSSMR,identidad,,,OR_NGS002,NGS002,OR_HDG001,HDG
UPSSMR,SO_UPSSMR,SO,SO,technology,mapeo_directo,False,UPSSMR,identidad,,,SO_NGS002,NGS002,SO_HDG001,HDG
UPSSMRCCS,AN_UPSSMRCCS,AN,AN,technology,mapeo_directo,False,UPSSMRCCS,identidad,,,AN_NGS002,NGS002,AN_HDG001,HDG
UPSSMRCCS,CA_UPSSMRCCS,CA,CA,technology,mapeo_directo,False,UPSSMRCCS,identidad,,,CA_NGS002,NGS002,CA_HDG001,HDG
UPSSMRCCS,NE_UPSSMRCCS,NE,NE,technology,mapeo_directo,False,UPSSMRCCS,identidad,,,NE_NGS002,NGS002,NE_HDG001,HDG
UPSSMRCCS,OR_UPSSMRCCS,OR,OR,technology,mapeo_directo,False,UPSSMRCCS,identidad,,,OR_NGS002,NGS002,OR_HDG001,HDG
UPSSMRCCS,SO_UPSSMRCCS,SO,SO,technology,mapeo_directo,False,UPSSMRCCS,identidad,,,SO_NGS002,NGS002,SO_HDG001,HDG
,AN_BACKSTOP_AGFELC,AN,AN,technology,sin_match,False,BACKSTOP_AGFELC,,,"BACKSTOP (tecnología de respaldo, nueva por diseño)",,,AN_AGFELC,AGFELC
,AN_BACKSTOP_AGFHEA,AN,AN,technology,sin_match,False,BACKSTOP_AGFHEA,,,"BACKSTOP (tecnología de respaldo, nueva por diseño)",,,AN_AGFHEA,AGFHEA
,AN_BACKSTOP_INDCLIM,AN,AN,technology,sin_match,False,BACKSTOP_INDCLIM,,,"BACKSTOP (tecnología de respaldo, nueva por diseño)",,,AN_INDCLIM,INDCLIM
,AN_BACKSTOP_INDDHT,AN,AN,technology,sin_match,False,BACKSTOP_INDDHT,,,"BACKSTOP (tecnología de respaldo, nueva por diseño)",,,AN_INDDHT,INDDHT
,AN_BACKSTOP_INDIHT,AN,AN,technology,sin_match,False,BACKSTOP_INDIHT,,,"BACKSTOP (tecnología de respaldo, nueva por diseño)",,,AN_INDIHT,INDIHT
,AN_BACKSTOP_INDILU,AN,AN,technology,sin_match,False,BACKSTOP_INDILU,,,"BACKSTOP (tecnología de respaldo, nueva por diseño)",,,AN_INDILU,INDILU
,AN_BACKSTOP_INDMPW,AN,AN,technology,sin_match,False,BACKSTOP_INDMPW,,,"BACKSTOP (tecnología de respaldo, nueva por diseño)",,,AN_INDMPW,INDMPW
,AN_BACKSTOP_INDOTH_COA,AN,AN,technology,sin_match,False,BACKSTOP_INDOTH_COA,,,"BACKSTOP (tecnología de respaldo, nueva por diseño)",,,AN_INDOTH_COA,INDOTH_COA
,AN_BACKSTOP_INDOTH_ELC,AN,AN,technology,sin_match,False,BACKSTOP_INDOTH_ELC,,,"BACKSTOP (tecnología de respaldo, nueva por diseño)",,,AN_INDOTH_ELC,INDOTH_ELC
,AN_BACKSTOP_INDREF,AN,AN,technology,sin_match,False,BACKSTOP_INDREF,,,"BACKSTOP (tecnología de respaldo, nueva por diseño)",,,AN_INDREF,INDREF
,AN_BACKSTOP_NSEELC,AN,AN,technology,sin_match,False,BACKSTOP_NSEELC,,,"BACKSTOP (tecnología de respaldo, nueva por diseño)",,,AN_NSEELC,NSEELC
,AN_BACKSTOP_RESCLIM_RUR,AN,AN,technology,sin_match,False,BACKSTOP_RESCLIM_RUR,,,"BACKSTOP (tecnología de respaldo, nueva por diseño)",,,AN_RESCLIM_RUR,RESCLIM_RUR
,AN_BACKSTOP_RESCLIM_URB,AN,AN,technology,sin_match,False,BACKSTOP_RESCLIM_URB,,,"BACKSTOP (tecnología de respaldo, nueva por diseño)",,,AN_RESCLIM_URB,RESCLIM_URB
,AN_BACKSTOP_RESDHT_RUR,AN,AN,technology,sin_match,False,BACKSTOP_RESDHT_RUR,,,"BACKSTOP (tecnología de respaldo, nueva por diseño)",,,AN_RESDHT_RUR,RESDHT_RUR
,AN_BACKSTOP_RESDHT_URB,AN,AN,technology,sin_match,False,BACKSTOP_RESDHT_URB,,,"BACKSTOP (tecnología de respaldo, nueva por diseño)",,,AN_RESDHT_URB,RESDHT_URB
,AN_BACKSTOP_RESILU_RUR,AN,AN,technology,sin_match,False,BACKSTOP_RESILU_RUR,,,"BACKSTOP (tecnología de respaldo, nueva por diseño)",,,AN_RESILU_RUR,RESILU_RUR
,AN_BACKSTOP_RESILU_URB,AN,AN,technology,sin_match,False,BACKSTOP_RESILU_URB,,,"BACKSTOP (tecnología de respaldo, nueva por diseño)",,,AN_RESILU_URB,RESILU_URB
,AN_BACKSTOP_RESOTH_RUR,AN,AN,technology,sin_match,False,BACKSTOP_RESOTH_RUR,,,"BACKSTOP (tecnología de respaldo, nueva por diseño)",,,AN_RESOTH_RUR,RESOTH_RUR
,AN_BACKSTOP_RESOTH_URB,AN,AN,technology,sin_match,False,BACKSTOP_RESOTH_URB,,,"BACKSTOP (tecnología de respaldo, nueva por diseño)",,,AN_RESOTH_URB,RESOTH_URB
,AN_BACKSTOP_RESREF_RUR,AN,AN,technology,sin_match,False,BACKSTOP_RESREF_RUR,,,"BACKSTOP (tecnología de respaldo, nueva por diseño)",,,AN_RESREF_RUR,RESREF_RUR
,AN_BACKSTOP_RESREF_URB,AN,AN,technology,sin_match,False,BACKSTOP_RESREF_URB,,,"BACKSTOP (tecnología de respaldo, nueva por diseño)",,,AN_RESREF_URB,RESREF_URB
,AN_BACKSTOP_RESTV_RUR,AN,AN,technology,sin_match,False,BACKSTOP_RESTV_RUR,,,"BACKSTOP (tecnología de respaldo, nueva por diseño)",,,AN_RESTV_RUR,RESTV_RUR
,AN_BACKSTOP_RESTV_URB,AN,AN,technology,sin_match,False,BACKSTOP_RESTV_URB,,,"BACKSTOP (tecnología de respaldo, nueva por diseño)",,,AN_RESTV_URB,RESTV_URB
,AN_BACKSTOP_RESWHT_RUR,AN,AN,technology,sin_match,False,BACKSTOP_RESWHT_RUR,,,"BACKSTOP (tecnología de respaldo, nueva por diseño)",,,AN_RESWHT_RUR,RESWHT_RUR
,AN_BACKSTOP_RESWHT_URB,AN,AN,technology,sin_match,False,BACKSTOP_RESWHT_URB,,,"BACKSTOP (tecnología de respaldo, nueva por diseño)",,,AN_RESWHT_URB,RESWHT_URB
,AN_BACKSTOP_RESWSH_RUR,AN,AN,technology,sin_match,False,BACKSTOP_RESWSH_RUR,,,"BACKSTOP (tecnología de respaldo, nueva por diseño)",,,AN_RESWSH_RUR,RESWSH_RUR
,AN_BACKSTOP_RESWSH_URB,AN,AN,technology,sin_match,False,BACKSTOP_RESWSH_URB,,,"BACKSTOP (tecnología de respaldo, nueva por diseño)",,,AN_RESWSH_URB,RESWSH_URB
,AN_BACKSTOP_TERCLIM_CEN,AN,AN,technology,sin_match,False,BACKSTOP_TERCLIM_CEN,,,"BACKSTOP (tecnología de respaldo, nueva por diseño)",,,AN_TERCLIM_CEN,TERCLIM_CEN
,AN_BACKSTOP_TERCLIM_FAN,AN,AN,technology,sin_match,False,BACKSTOP_TERCLIM_FAN,,,"BACKSTOP (tecnología de respaldo, nueva por diseño)",,,AN_TERCLIM_FAN,TERCLIM_FAN
,AN_BACKSTOP_TERCLIM_SPL,AN,AN,technology,sin_match,False,BACKSTOP_TERCLIM_SPL,,,"BACKSTOP (tecnología de respaldo, nueva por diseño)",,,AN_TERCLIM_SPL,TERCLIM_SPL
,AN_BACKSTOP_TERDHT,AN,AN,technology,sin_match,False,BACKSTOP_TERDHT,,,"BACKSTOP (tecnología de respaldo, nueva por diseño)",,,AN_TERDHT,TERDHT
,AN_BACKSTOP_TERIHT,AN,AN,technology,sin_match,False,BACKSTOP_TERIHT,,,"BACKSTOP (tecnología de respaldo, nueva por diseño)",,,AN_TERIHT,TERIHT
,AN_BACKSTOP_TERILU,AN,AN,technology,sin_match,False,BACKSTOP_TERILU,,,"BACKSTOP (tecnología de respaldo, nueva por diseño)",,,AN_TERILU,TERILU
,AN_BACKSTOP_TERMPW,AN,AN,technology,sin_match,False,BACKSTOP_TERMPW,,,"BACKSTOP (tecnología de respaldo, nueva por diseño)",,,AN_TERMPW,TERMPW
,AN_BACKSTOP_TEROTH,AN,AN,technology,sin_match,False,BACKSTOP_TEROTH,,,"BACKSTOP (tecnología de respaldo, nueva por diseño)",,,AN_TEROTH,TEROTH
,AN_BACKSTOP_TERREF_AUC,AN,AN,technology,sin_match,False,BACKSTOP_TERREF_AUC,,,"BACKSTOP (tecnología de respaldo, nueva por diseño)",,,AN_TERREF_AUC,TERREF_AUC
,AN_BACKSTOP_TERREF_CEN,AN,AN,technology,sin_match,False,BACKSTOP_TERREF_CEN,,,"BACKSTOP (tecnología de respaldo, nueva por diseño)",,,AN_TERREF_CEN,TERREF_CEN
,AN_BACKSTOP_TRAAVI,AN,AN,technology,sin_match,False,BACKSTOP_TRAAVI,,,"BACKSTOP (tecnología de respaldo, nueva por diseño)",,,AN_TRAAVI,TRAAVI
,AN_BACKSTOP_TRABUS,AN,AN,technology,sin_match,False,BACKSTOP_TRABUS,,,"BACKSTOP (tecnología de respaldo, nueva por diseño)",,,AN_TRABUS,TRABUS
,AN_BACKSTOP_TRAFWD,AN,AN,technology,sin_match,False,BACKSTOP_TRAFWD,,,"BACKSTOP (tecnología de respaldo, nueva por diseño)",,,AN_TRAFWD,TRAFWD
,AN_BACKSTOP_TRALDV,AN,AN,technology,sin_match,False,BACKSTOP_TRALDV,,,"BACKSTOP (tecnología de respaldo, nueva por diseño)",,,AN_TRALDV,TRALDV
,AN_BACKSTOP_TRAMAS,AN,AN,technology,sin_match,False,BACKSTOP_TRAMAS,,,"BACKSTOP (tecnología de respaldo, nueva por diseño)",,,AN_TRAMAS,TRAMAS
,AN_BACKSTOP_TRAMET,AN,AN,technology,sin_match,False,BACKSTOP_TRAMET,,,"BACKSTOP (tecnología de respaldo, nueva por diseño)",,,AN_TRAMET,TRAMET
,AN_BACKSTOP_TRAMIC,AN,AN,technology,sin_match,False,BACKSTOP_TRAMIC,,,"BACKSTOP (tecnología de respaldo, nueva por diseño)",,,AN_TRAMIC,TRAMIC
,AN_BACKSTOP_TRAMRT,AN,AN,technology,sin_match,False,BACKSTOP_TRAMRT,,,"BACKSTOP (tecnología de respaldo, nueva por diseño)",,,AN_TRAMRT,TRAMRT
,AN_BACKSTOP_TRAMTC,AN,AN,technology,sin_match,False,BACKSTOP_TRAMTC,,,"BACKSTOP (tecnología de respaldo, nueva por diseño)",,,AN_TRAMTC,TRAMTC
,AN_BACKSTOP_TRARVT,AN,AN,technology,sin_match,False,BACKSTOP_TRARVT,,,"BACKSTOP (tecnología de respaldo, nueva por diseño)",,,AN_TRARVT,TRARVT
,AN_BACKSTOP_TRASTT,AN,AN,technology,sin_match,False,BACKSTOP_TRASTT,,,"BACKSTOP (tecnología de respaldo, nueva por diseño)",,,AN_TRASTT,TRASTT
,AN_BACKSTOP_TRATAX,AN,AN,technology,sin_match,False,BACKSTOP_TRATAX,,,"BACKSTOP (tecnología de respaldo, nueva por diseño)",,,AN_TRATAX,TRATAX
,AN_BACKSTOP_TRATCK,AN,AN,technology,sin_match,False,BACKSTOP_TRATCK,,,"BACKSTOP (tecnología de respaldo, nueva por diseño)",,,AN_TRATCK,TRATCK
,AN_DEMRESELCAIR_PAR_HIG_URB,AN,AN,technology,sin_match,False,DEMRESELCAIR_PAR_HIG_URB,,,revisar: tecnología regional sin equivalente nacional,AN_ELC003,ELC002,AN_RESCLIM_URB,RESCLIM_URB
,AN_DEMRESNGSWHT_NAT_MID_RUR,AN,AN,technology,sin_match,False,DEMRESNGSWHT_NAT_MID_RUR,,,revisar: tecnología regional sin equivalente nacional,AN_NGS002,NGS002,AN_RESWHT_RUR,RESWHT_RUR
,AN_DEMRESNGSWHT_NAT_MID_URB,AN,AN,technology,sin_match,False,DEMRESNGSWHT_NAT_MID_URB,,,revisar: tecnología regional sin equivalente nacional,AN_NGS002,NGS002,AN_RESWHT_URB,RESWHT_URB
,AN_DEMTERNGSCKN_MID,AN,AN,technology,sin_match,False,DEMTERNGSCKN_MID,,,revisar: tecnología regional sin equivalente nacional,AN_NGS002,NGS002,AN_TERDHT,TERDHT
,AN_DEMTRAELCMTC,AN,AN,technology,sin_match,False,DEMTRAELCMTC,,,revisar: tecnología regional sin equivalente nacional,AN_ELC003,ELC002,AN_TRAMTC,TRAMTC
,AN_DEMTRAGSLBUS_URB,AN,AN,technology,sin_match,False,DEMTRAGSLBUS_URB,,,revisar: tecnología regional sin equivalente nacional,AN_GSL003,GSL002,AN_TRABUS,TRABUS
,AN_DEMTRAGSLMTC,AN,AN,technology,sin_match,False,DEMTRAGSLMTC,,,revisar: tecnología regional sin equivalente nacional,AN_GSL003,GSL002,AN_TRAMTC,TRAMTC
,AN_MINOIL_1LIV,AN,AN,technology,sin_match,False,MINOIL_1LIV,,,revisar: tecnología regional sin equivalente nacional,,,AN_OIL001_1LIV,
,AN_MINOIL_2MED,AN,AN,technology,sin_match,False,MINOIL_2MED,,,revisar: tecnología regional sin equivalente nacional,,,AN_OIL001_2MED,
,AN_MINOIL_3PES,AN,AN,technology,sin_match,False,MINOIL_3PES,,,revisar: tecnología regional sin equivalente nacional,,,AN_OIL001_3PES,
,AN_PWRDIST,AN,AN,technology,sin_match,False,PWRDIST,,,revisar: tecnología regional sin equivalente nacional,AN_ELC002,SOL_RTP,AN_ELC003,ELC002
,AN_PWRTRN,AN,AN,technology,sin_match,False,PWRTRN,,,revisar: tecnología regional sin equivalente nacional,AN_ELC001,ELC,AN_ELC002,SOL_RTP
,AN_PWRWAS,AN,AN,technology,sin_match,False,PWRWAS,,,revisar: tecnología regional sin equivalente nacional,AN_WAS_ORG,WAS_ORG,AN_ELC001,ELC
,AN_TYDBDL,AN,AN,technology,sin_match,False,TYDBDL,,,revisar: tecnología regional sin equivalente nacional,BDL001,,AN_BDL002,BDL
,AN_TYDBET,AN,AN,technology,sin_match,False,TYDBET,,,revisar: tecnología regional sin equivalente nacional,BET001,,AN_BET002,BET
,AN_TYDDSL,AN,AN,technology,sin_match,False,TYDDSL,,,revisar: tecnología regional sin equivalente nacional,DSL001,,AN_DSL002,DSL
,AN_TYDGSL,AN,AN,technology,sin_match,False,TYDGSL,,,revisar: tecnología regional sin equivalente nacional,GSL001,,AN_GSL002,GSL
,AN_TYDJET,AN,AN,technology,sin_match,False,TYDJET,,,revisar: tecnología regional sin equivalente nacional,JET001,,AN_JET002,JET
,AN_TYDLPG,AN,AN,technology,sin_match,False,TYDLPG,,,revisar: tecnología regional sin equivalente nacional,LPG001,,AN_LPG002,LPG002
,AN_TYDNGS,AN,AN,technology,sin_match,False,TYDNGS,,,revisar: tecnología regional sin equivalente nacional,AN_NGS001,NGS,AN_NGS002,NGS002
,CA_BACKSTOP_AGFELC,CA,CA,technology,sin_match,False,BACKSTOP_AGFELC,,,"BACKSTOP (tecnología de respaldo, nueva por diseño)",,,CA_AGFELC,AGFELC
,CA_BACKSTOP_AGFHEA,CA,CA,technology,sin_match,False,BACKSTOP_AGFHEA,,,"BACKSTOP (tecnología de respaldo, nueva por diseño)",,,CA_AGFHEA,AGFHEA
,CA_BACKSTOP_INDCLIM,CA,CA,technology,sin_match,False,BACKSTOP_INDCLIM,,,"BACKSTOP (tecnología de respaldo, nueva por diseño)",,,CA_INDCLIM,INDCLIM
,CA_BACKSTOP_INDDHT,CA,CA,technology,sin_match,False,BACKSTOP_INDDHT,,,"BACKSTOP (tecnología de respaldo, nueva por diseño)",,,CA_INDDHT,INDDHT
,CA_BACKSTOP_INDIHT,CA,CA,technology,sin_match,False,BACKSTOP_INDIHT,,,"BACKSTOP (tecnología de respaldo, nueva por diseño)",,,CA_INDIHT,INDIHT
,CA_BACKSTOP_INDILU,CA,CA,technology,sin_match,False,BACKSTOP_INDILU,,,"BACKSTOP (tecnología de respaldo, nueva por diseño)",,,CA_INDILU,INDILU
,CA_BACKSTOP_INDMPW,CA,CA,technology,sin_match,False,BACKSTOP_INDMPW,,,"BACKSTOP (tecnología de respaldo, nueva por diseño)",,,CA_INDMPW,INDMPW
,CA_BACKSTOP_INDOTH_COA,CA,CA,technology,sin_match,False,BACKSTOP_INDOTH_COA,,,"BACKSTOP (tecnología de respaldo, nueva por diseño)",,,CA_INDOTH_COA,INDOTH_COA
,CA_BACKSTOP_INDOTH_ELC,CA,CA,technology,sin_match,False,BACKSTOP_INDOTH_ELC,,,"BACKSTOP (tecnología de respaldo, nueva por diseño)",,,CA_INDOTH_ELC,INDOTH_ELC
,CA_BACKSTOP_INDREF,CA,CA,technology,sin_match,False,BACKSTOP_INDREF,,,"BACKSTOP (tecnología de respaldo, nueva por diseño)",,,CA_INDREF,INDREF
,CA_BACKSTOP_NSEELC,CA,CA,technology,sin_match,False,BACKSTOP_NSEELC,,,"BACKSTOP (tecnología de respaldo, nueva por diseño)",,,CA_NSEELC,NSEELC
,CA_BACKSTOP_RESCLIM_RUR,CA,CA,technology,sin_match,False,BACKSTOP_RESCLIM_RUR,,,"BACKSTOP (tecnología de respaldo, nueva por diseño)",,,CA_RESCLIM_RUR,RESCLIM_RUR
,CA_BACKSTOP_RESCLIM_URB,CA,CA,technology,sin_match,False,BACKSTOP_RESCLIM_URB,,,"BACKSTOP (tecnología de respaldo, nueva por diseño)",,,CA_RESCLIM_URB,RESCLIM_URB
,CA_BACKSTOP_RESDHT_RUR,CA,CA,technology,sin_match,False,BACKSTOP_RESDHT_RUR,,,"BACKSTOP (tecnología de respaldo, nueva por diseño)",,,CA_RESDHT_RUR,RESDHT_RUR
,CA_BACKSTOP_RESDHT_URB,CA,CA,technology,sin_match,False,BACKSTOP_RESDHT_URB,,,"BACKSTOP (tecnología de respaldo, nueva por diseño)",,,CA_RESDHT_URB,RESDHT_URB
,CA_BACKSTOP_RESILU_RUR,CA,CA,technology,sin_match,False,BACKSTOP_RESILU_RUR,,,"BACKSTOP (tecnología de respaldo, nueva por diseño)",,,CA_RESILU_RUR,RESILU_RUR
,CA_BACKSTOP_RESILU_URB,CA,CA,technology,sin_match,False,BACKSTOP_RESILU_URB,,,"BACKSTOP (tecnología de respaldo, nueva por diseño)",,,CA_RESILU_URB,RESILU_URB
,CA_BACKSTOP_RESOTH_RUR,CA,CA,technology,sin_match,False,BACKSTOP_RESOTH_RUR,,,"BACKSTOP (tecnología de respaldo, nueva por diseño)",,,CA_RESOTH_RUR,RESOTH_RUR
,CA_BACKSTOP_RESOTH_URB,CA,CA,technology,sin_match,False,BACKSTOP_RESOTH_URB,,,"BACKSTOP (tecnología de respaldo, nueva por diseño)",,,CA_RESOTH_URB,RESOTH_URB
,CA_BACKSTOP_RESREF_RUR,CA,CA,technology,sin_match,False,BACKSTOP_RESREF_RUR,,,"BACKSTOP (tecnología de respaldo, nueva por diseño)",,,CA_RESREF_RUR,RESREF_RUR
,CA_BACKSTOP_RESREF_URB,CA,CA,technology,sin_match,False,BACKSTOP_RESREF_URB,,,"BACKSTOP (tecnología de respaldo, nueva por diseño)",,,CA_RESREF_URB,RESREF_URB
,CA_BACKSTOP_RESTV_RUR,CA,CA,technology,sin_match,False,BACKSTOP_RESTV_RUR,,,"BACKSTOP (tecnología de respaldo, nueva por diseño)",,,CA_RESTV_RUR,RESTV_RUR
,CA_BACKSTOP_RESTV_URB,CA,CA,technology,sin_match,False,BACKSTOP_RESTV_URB,,,"BACKSTOP (tecnología de respaldo, nueva por diseño)",,,CA_RESTV_URB,RESTV_URB
,CA_BACKSTOP_RESWHT_RUR,CA,CA,technology,sin_match,False,BACKSTOP_RESWHT_RUR,,,"BACKSTOP (tecnología de respaldo, nueva por diseño)",,,CA_RESWHT_RUR,RESWHT_RUR
,CA_BACKSTOP_RESWHT_URB,CA,CA,technology,sin_match,False,BACKSTOP_RESWHT_URB,,,"BACKSTOP (tecnología de respaldo, nueva por diseño)",,,CA_RESWHT_URB,RESWHT_URB
,CA_BACKSTOP_RESWSH_RUR,CA,CA,technology,sin_match,False,BACKSTOP_RESWSH_RUR,,,"BACKSTOP (tecnología de respaldo, nueva por diseño)",,,CA_RESWSH_RUR,RESWSH_RUR
,CA_BACKSTOP_RESWSH_URB,CA,CA,technology,sin_match,False,BACKSTOP_RESWSH_URB,,,"BACKSTOP (tecnología de respaldo, nueva por diseño)",,,CA_RESWSH_URB,RESWSH_URB
,CA_BACKSTOP_TERCLIM_CEN,CA,CA,technology,sin_match,False,BACKSTOP_TERCLIM_CEN,,,"BACKSTOP (tecnología de respaldo, nueva por diseño)",,,CA_TERCLIM_CEN,TERCLIM_CEN
,CA_BACKSTOP_TERCLIM_FAN,CA,CA,technology,sin_match,False,BACKSTOP_TERCLIM_FAN,,,"BACKSTOP (tecnología de respaldo, nueva por diseño)",,,CA_TERCLIM_FAN,TERCLIM_FAN
,CA_BACKSTOP_TERCLIM_SPL,CA,CA,technology,sin_match,False,BACKSTOP_TERCLIM_SPL,,,"BACKSTOP (tecnología de respaldo, nueva por diseño)",,,CA_TERCLIM_SPL,TERCLIM_SPL
,CA_BACKSTOP_TERDHT,CA,CA,technology,sin_match,False,BACKSTOP_TERDHT,,,"BACKSTOP (tecnología de respaldo, nueva por diseño)",,,CA_TERDHT,TERDHT
,CA_BACKSTOP_TERIHT,CA,CA,technology,sin_match,False,BACKSTOP_TERIHT,,,"BACKSTOP (tecnología de respaldo, nueva por diseño)",,,CA_TERIHT,TERIHT
,CA_BACKSTOP_TERILU,CA,CA,technology,sin_match,False,BACKSTOP_TERILU,,,"BACKSTOP (tecnología de respaldo, nueva por diseño)",,,CA_TERILU,TERILU
,CA_BACKSTOP_TERMPW,CA,CA,technology,sin_match,False,BACKSTOP_TERMPW,,,"BACKSTOP (tecnología de respaldo, nueva por diseño)",,,CA_TERMPW,TERMPW
,CA_BACKSTOP_TEROTH,CA,CA,technology,sin_match,False,BACKSTOP_TEROTH,,,"BACKSTOP (tecnología de respaldo, nueva por diseño)",,,CA_TEROTH,TEROTH
,CA_BACKSTOP_TERREF_AUC,CA,CA,technology,sin_match,False,BACKSTOP_TERREF_AUC,,,"BACKSTOP (tecnología de respaldo, nueva por diseño)",,,CA_TERREF_AUC,TERREF_AUC
,CA_BACKSTOP_TERREF_CEN,CA,CA,technology,sin_match,False,BACKSTOP_TERREF_CEN,,,"BACKSTOP (tecnología de respaldo, nueva por diseño)",,,CA_TERREF_CEN,TERREF_CEN
,CA_BACKSTOP_TRAAVI,CA,CA,technology,sin_match,False,BACKSTOP_TRAAVI,,,"BACKSTOP (tecnología de respaldo, nueva por diseño)",,,CA_TRAAVI,TRAAVI
,CA_BACKSTOP_TRABUS,CA,CA,technology,sin_match,False,BACKSTOP_TRABUS,,,"BACKSTOP (tecnología de respaldo, nueva por diseño)",,,CA_TRABUS,TRABUS
,CA_BACKSTOP_TRAFWD,CA,CA,technology,sin_match,False,BACKSTOP_TRAFWD,,,"BACKSTOP (tecnología de respaldo, nueva por diseño)",,,CA_TRAFWD,TRAFWD
,CA_BACKSTOP_TRALDV,CA,CA,technology,sin_match,False,BACKSTOP_TRALDV,,,"BACKSTOP (tecnología de respaldo, nueva por diseño)",,,CA_TRALDV,TRALDV
,CA_BACKSTOP_TRAMAS,CA,CA,technology,sin_match,False,BACKSTOP_TRAMAS,,,"BACKSTOP (tecnología de respaldo, nueva por diseño)",,,CA_TRAMAS,TRAMAS
,CA_BACKSTOP_TRAMIC,CA,CA,technology,sin_match,False,BACKSTOP_TRAMIC,,,"BACKSTOP (tecnología de respaldo, nueva por diseño)",,,CA_TRAMIC,TRAMIC
,CA_BACKSTOP_TRAMRT,CA,CA,technology,sin_match,False,BACKSTOP_TRAMRT,,,"BACKSTOP (tecnología de respaldo, nueva por diseño)",,,CA_TRAMRT,TRAMRT
,CA_BACKSTOP_TRAMTC,CA,CA,technology,sin_match,False,BACKSTOP_TRAMTC,,,"BACKSTOP (tecnología de respaldo, nueva por diseño)",,,CA_TRAMTC,TRAMTC
,CA_BACKSTOP_TRARVT,CA,CA,technology,sin_match,False,BACKSTOP_TRARVT,,,"BACKSTOP (tecnología de respaldo, nueva por diseño)",,,CA_TRARVT,TRARVT
,CA_BACKSTOP_TRASTT,CA,CA,technology,sin_match,False,BACKSTOP_TRASTT,,,"BACKSTOP (tecnología de respaldo, nueva por diseño)",,,CA_TRASTT,TRASTT
,CA_BACKSTOP_TRATAX,CA,CA,technology,sin_match,False,BACKSTOP_TRATAX,,,"BACKSTOP (tecnología de respaldo, nueva por diseño)",,,CA_TRATAX,TRATAX
,CA_BACKSTOP_TRATCK,CA,CA,technology,sin_match,False,BACKSTOP_TRATCK,,,"BACKSTOP (tecnología de respaldo, nueva por diseño)",,,CA_TRATCK,TRATCK
,CA_DEMRESELCAIR_PAR_HIG_URB,CA,CA,technology,sin_match,False,DEMRESELCAIR_PAR_HIG_URB,,,revisar: tecnología regional sin equivalente nacional,CA_ELC003,ELC002,CA_RESCLIM_URB,RESCLIM_URB
,CA_DEMRESNGSWHT_NAT_MID_RUR,CA,CA,technology,sin_match,False,DEMRESNGSWHT_NAT_MID_RUR,,,revisar: tecnología regional sin equivalente nacional,CA_NGS002,NGS002,CA_RESWHT_RUR,RESWHT_RUR
,CA_DEMRESNGSWHT_NAT_MID_URB,CA,CA,technology,sin_match,False,DEMRESNGSWHT_NAT_MID_URB,,,revisar: tecnología regional sin equivalente nacional,CA_NGS002,NGS002,CA_RESWHT_URB,RESWHT_URB
,CA_DEMTERNGSCKN_MID,CA,CA,technology,sin_match,False,DEMTERNGSCKN_MID,,,revisar: tecnología regional sin equivalente nacional,CA_NGS002,NGS002,CA_TERDHT,TERDHT
,CA_DEMTRAELCMTC,CA,CA,technology,sin_match,False,DEMTRAELCMTC,,,revisar: tecnología regional sin equivalente nacional,CA_ELC003,ELC002,CA_TRAMTC,TRAMTC
,CA_DEMTRAGSLBUS_URB,CA,CA,technology,sin_match,False,DEMTRAGSLBUS_URB,,,revisar: tecnología regional sin equivalente nacional,CA_GSL003,GSL002,CA_TRABUS,TRABUS
,CA_DEMTRAGSLMTC,CA,CA,technology,sin_match,False,DEMTRAGSLMTC,,,revisar: tecnología regional sin equivalente nacional,CA_GSL003,GSL002,CA_TRAMTC,TRAMTC
,CA_EXPCOA,CA,CA,technology,sin_match,False,EXPCOA,,,revisar: tecnología regional sin equivalente nacional,CA_COA002,COA002,,
,CA_EXPOIL_1LIV,CA,CA,technology,sin_match,False,EXPOIL_1LIV,,,revisar: tecnología regional sin equivalente nacional,CA_OIL001_1LIV,,OIL002,OIL002
,CA_EXPOIL_2MED,CA,CA,technology,sin_match,False,EXPOIL_2MED,,,revisar: tecnología regional sin equivalente nacional,CA_OIL001_2MED,,OIL002,OIL002
,CA_EXPOIL_3PES,CA,CA,technology,sin_match,False,EXPOIL_3PES,,,revisar: tecnología regional sin equivalente nacional,CA_OIL001_3PES,,OIL002,OIL002
,CA_IMPBET,CA,CA,technology,sin_match,False,IMPBET,,,revisar: tecnología regional sin equivalente nacional,,,BET001,
,CA_IMPOIL_1LIV,CA,CA,technology,sin_match,False,IMPOIL_1LIV,,,revisar: tecnología regional sin equivalente nacional,,,CA_OIL001_1LIV,
,CA_IMPOIL_2MED,CA,CA,technology,sin_match,False,IMPOIL_2MED,,,revisar: tecnología regional sin equivalente nacional,,,CA_OIL001_2MED,
,CA_IMPOIL_3PES,CA,CA,technology,sin_match,False,IMPOIL_3PES,,,revisar: tecnología regional sin equivalente nacional,,,CA_OIL001_3PES,
,CA_MINOIL_1LIV,CA,CA,technology,sin_match,False,MINOIL_1LIV,,,revisar: tecnología regional sin equivalente nacional,,,CA_OIL001_1LIV,
,CA_MINOIL_2MED,CA,CA,technology,sin_match,False,MINOIL_2MED,,,revisar: tecnología regional sin equivalente nacional,,,CA_OIL001_2MED,
,CA_MINOIL_3PES,CA,CA,technology,sin_match,False,MINOIL_3PES,,,revisar: tecnología regional sin equivalente nacional,,,CA_OIL001_3PES,
,CA_PWRDIST,CA,CA,technology,sin_match,False,PWRDIST,,,revisar: tecnología regional sin equivalente nacional,CA_ELC002,SOL_RTP,CA_ELC003,ELC002
,CA_PWRTRN,CA,CA,technology,sin_match,False,PWRTRN,,,revisar: tecnología regional sin equivalente nacional,CA_ELC001,ELC,CA_ELC002,SOL_RTP
,CA_PWRWAS,CA,CA,technology,sin_match,False,PWRWAS,,,revisar: tecnología regional sin equivalente nacional,CA_WAS_ORG,WAS_ORG,CA_ELC001,ELC
,CA_TYDBDL,CA,CA,technology,sin_match,False,TYDBDL,,,revisar: tecnología regional sin equivalente nacional,BDL001,,CA_BDL002,BDL
,CA_TYDBET,CA,CA,technology,sin_match,False,TYDBET,,,revisar: tecnología regional sin equivalente nacional,BET001,,CA_BET002,BET
,CA_TYDDSL,CA,CA,technology,sin_match,False,TYDDSL,,,revisar: tecnología regional sin equivalente nacional,DSL001,,CA_DSL002,DSL
,CA_TYDGSL,CA,CA,technology,sin_match,False,TYDGSL,,,revisar: tecnología regional sin equivalente nacional,GSL001,,CA_GSL002,GSL
,CA_TYDJET,CA,CA,technology,sin_match,False,TYDJET,,,revisar: tecnología regional sin equivalente nacional,JET001,,CA_JET002,JET
,CA_TYDLPG,CA,CA,technology,sin_match,False,TYDLPG,,,revisar: tecnología regional sin equivalente nacional,LPG001,,CA_LPG002,LPG002
,CA_TYDNGS,CA,CA,technology,sin_match,False,TYDNGS,,,revisar: tecnología regional sin equivalente nacional,CA_NGS001,NGS,CA_NGS002,NGS002
,CA_UPSREF,CA,CA,technology,sin_match,False,UPSREF,,,revisar: tecnología regional sin equivalente nacional,CA_OIL001_1LIV;CA_OIL001_2MED;CA_OIL001_3PES,,DSL001;GSL001;JET001;LPG001,
,IN_BACKSTOP_AGFELC,IN,IN,technology,sin_match,False,BACKSTOP_AGFELC,,,"BACKSTOP (tecnología de respaldo, nueva por diseño)",,,IN_AGFELC,AGFELC
,IN_BACKSTOP_AGFHEA,IN,IN,technology,sin_match,False,BACKSTOP_AGFHEA,,,"BACKSTOP (tecnología de respaldo, nueva por diseño)",,,IN_AGFHEA,AGFHEA
,IN_BACKSTOP_RESCLIM,IN,IN,technology,sin_match,False,BACKSTOP_RESCLIM,,,"BACKSTOP (tecnología de respaldo, nueva por diseño)",,,IN_RESCLIM,
,IN_BACKSTOP_RESDHT,IN,IN,technology,sin_match,False,BACKSTOP_RESDHT,,,"BACKSTOP (tecnología de respaldo, nueva por diseño)",,,IN_RESDHT,
,IN_BACKSTOP_RESOTH,IN,IN,technology,sin_match,False,BACKSTOP_RESOTH,,,"BACKSTOP (tecnología de respaldo, nueva por diseño)",,,IN_RESOTH,
,IN_BACKSTOP_RESREF,IN,IN,technology,sin_match,False,BACKSTOP_RESREF,,,"BACKSTOP (tecnología de respaldo, nueva por diseño)",,,IN_RESREF,
,IN_BACKSTOP_TERCLIM_CEN,IN,IN,technology,sin_match,False,BACKSTOP_TERCLIM_CEN,,,"BACKSTOP (tecnología de respaldo, nueva por diseño)",,,IN_TERCLIM_CEN,TERCLIM_CEN
,IN_BACKSTOP_TERCLIM_FAN,IN,IN,technology,sin_match,False,BACKSTOP_TERCLIM_FAN,,,"BACKSTOP (tecnología de respaldo, nueva por diseño)",,,IN_TERCLIM_FAN,TERCLIM_FAN
,IN_BACKSTOP_TERCLIM_SPL,IN,IN,technology,sin_match,False,BACKSTOP_TERCLIM_SPL,,,"BACKSTOP (tecnología de respaldo, nueva por diseño)",,,IN_TERCLIM_SPL,TERCLIM_SPL
,IN_BACKSTOP_TERDHT,IN,IN,technology,sin_match,False,BACKSTOP_TERDHT,,,"BACKSTOP (tecnología de respaldo, nueva por diseño)",,,IN_TERDHT,TERDHT
,IN_BACKSTOP_TEROTH,IN,IN,technology,sin_match,False,BACKSTOP_TEROTH,,,"BACKSTOP (tecnología de respaldo, nueva por diseño)",,,IN_TEROTH,TEROTH
,IN_BACKSTOP_TERREF_AUC,IN,IN,technology,sin_match,False,BACKSTOP_TERREF_AUC,,,"BACKSTOP (tecnología de respaldo, nueva por diseño)",,,IN_TERREF_AUC,TERREF_AUC
,IN_BACKSTOP_TERREF_CEN,IN,IN,technology,sin_match,False,BACKSTOP_TERREF_CEN,,,"BACKSTOP (tecnología de respaldo, nueva por diseño)",,,IN_TERREF_CEN,TERREF_CEN
,IN_BACKSTOP_TRAAVI,IN,IN,technology,sin_match,False,BACKSTOP_TRAAVI,,,"BACKSTOP (tecnología de respaldo, nueva por diseño)",,,IN_TRAAVI,TRAAVI
,IN_BACKSTOP_TRAFWD,IN,IN,technology,sin_match,False,BACKSTOP_TRAFWD,,,"BACKSTOP (tecnología de respaldo, nueva por diseño)",,,IN_TRAFWD,TRAFWD
,IN_BACKSTOP_TRALDV,IN,IN,technology,sin_match,False,BACKSTOP_TRALDV,,,"BACKSTOP (tecnología de respaldo, nueva por diseño)",,,IN_TRALDV,TRALDV
,IN_BACKSTOP_TRAMIC,IN,IN,technology,sin_match,False,BACKSTOP_TRAMIC,,,"BACKSTOP (tecnología de respaldo, nueva por diseño)",,,IN_TRAMIC,TRAMIC
,IN_BACKSTOP_TRAMRT,IN,IN,technology,sin_match,False,BACKSTOP_TRAMRT,,,"BACKSTOP (tecnología de respaldo, nueva por diseño)",,,IN_TRAMRT,TRAMRT
,IN_BACKSTOP_TRAMTC,IN,IN,technology,sin_match,False,BACKSTOP_TRAMTC,,,"BACKSTOP (tecnología de respaldo, nueva por diseño)",,,IN_TRAMTC,TRAMTC
,IN_BACKSTOP_TRATAX,IN,IN,technology,sin_match,False,BACKSTOP_TRATAX,,,"BACKSTOP (tecnología de respaldo, nueva por diseño)",,,IN_TRATAX,TRATAX
,IN_BACKSTOP_TRATCK,IN,IN,technology,sin_match,False,BACKSTOP_TRATCK,,,"BACKSTOP (tecnología de respaldo, nueva por diseño)",,,IN_TRATCK,TRATCK
,IN_DEMOTHDSL,IN,IN,technology,sin_match,False,DEMOTHDSL,,,revisar: tecnología regional sin equivalente nacional,IN_DSL002,DSL,IN_OTHDSL,
,IN_DEMOTHELC,IN,IN,technology,sin_match,False,DEMOTHELC,,,revisar: tecnología regional sin equivalente nacional,IN_ELC003,ELC002,IN_OTHELC,
,IN_DEMOTHGSL,IN,IN,technology,sin_match,False,DEMOTHGSL,,,revisar: tecnología regional sin equivalente nacional,IN_GSL002,GSL,IN_OTHGSL,
,IN_DEMRESELCAIR_PAR_HIG,IN,IN,technology,sin_match,False,DEMRESELCAIR_PAR_HIG,,,revisar: tecnología regional sin equivalente nacional,IN_ELC003,ELC002,IN_RESCLIM,
,IN_DEMRESELCAIR_PAR_LOW,IN,IN,technology,sin_match,False,DEMRESELCAIR_PAR_LOW,,,revisar: tecnología regional sin equivalente nacional,IN_ELC003,ELC002,IN_RESCLIM,
,IN_DEMRESELCAIR_PAR_MID,IN,IN,technology,sin_match,False,DEMRESELCAIR_PAR_MID,,,revisar: tecnología regional sin equivalente nacional,IN_ELC003,ELC002,IN_RESCLIM,
,IN_DEMRESELCAIR_POR_HIG,IN,IN,technology,sin_match,False,DEMRESELCAIR_POR_HIG,,,revisar: tecnología regional sin equivalente nacional,IN_ELC003,ELC002,IN_RESCLIM,
,IN_DEMRESELCAIR_POR_LOW,IN,IN,technology,sin_match,False,DEMRESELCAIR_POR_LOW,,,revisar: tecnología regional sin equivalente nacional,IN_ELC003,ELC002,IN_RESCLIM,
,IN_DEMRESELCAIR_POR_MID,IN,IN,technology,sin_match,False,DEMRESELCAIR_POR_MID,,,revisar: tecnología regional sin equivalente nacional,IN_ELC003,ELC002,IN_RESCLIM,
,IN_DEMRESELCAIR_SPL_HIG,IN,IN,technology,sin_match,False,DEMRESELCAIR_SPL_HIG,,,revisar: tecnología regional sin equivalente nacional,IN_ELC003,ELC002,IN_RESCLIM,
,IN_DEMRESELCAIR_SPL_LOW,IN,IN,technology,sin_match,False,DEMRESELCAIR_SPL_LOW,,,revisar: tecnología regional sin equivalente nacional,IN_ELC003,ELC002,IN_RESCLIM,
,IN_DEMRESELCAIR_SPL_MID,IN,IN,technology,sin_match,False,DEMRESELCAIR_SPL_MID,,,revisar: tecnología regional sin equivalente nacional,IN_ELC003,ELC002,IN_RESCLIM,
,IN_DEMRESELCCKN_HIG,IN,IN,technology,sin_match,False,DEMRESELCCKN_HIG,,,revisar: tecnología regional sin equivalente nacional,IN_ELC003,ELC002,IN_RESDHT,
,IN_DEMRESELCCKN_LOW,IN,IN,technology,sin_match,False,DEMRESELCCKN_LOW,,,revisar: tecnología regional sin equivalente nacional,IN_ELC003,ELC002,IN_RESDHT,
,IN_DEMRESELCCKN_MID,IN,IN,technology,sin_match,False,DEMRESELCCKN_MID,,,revisar: tecnología regional sin equivalente nacional,IN_ELC003,ELC002,IN_RESDHT,
,IN_DEMRESELCFAN_HIG,IN,IN,technology,sin_match,False,DEMRESELCFAN_HIG,,,revisar: tecnología regional sin equivalente nacional,IN_ELC003,ELC002,IN_RESCLIM,
,IN_DEMRESELCFAN_LOW,IN,IN,technology,sin_match,False,DEMRESELCFAN_LOW,,,revisar: tecnología regional sin equivalente nacional,IN_ELC003,ELC002,IN_RESCLIM,
,IN_DEMRESELCFAN_MID,IN,IN,technology,sin_match,False,DEMRESELCFAN_MID,,,revisar: tecnología regional sin equivalente nacional,IN_ELC003,ELC002,IN_RESCLIM,
,IN_DEMRESELCOTH_HIG,IN,IN,technology,sin_match,False,DEMRESELCOTH_HIG,,,revisar: tecnología regional sin equivalente nacional,IN_ELC003,ELC002,IN_RESOTH,
,IN_DEMRESELCOTH_LOW,IN,IN,technology,sin_match,False,DEMRESELCOTH_LOW,,,revisar: tecnología regional sin equivalente nacional,IN_ELC003,ELC002,IN_RESOTH,
,IN_DEMRESELCOTH_MID,IN,IN,technology,sin_match,False,DEMRESELCOTH_MID,,,revisar: tecnología regional sin equivalente nacional,IN_ELC003,ELC002,IN_RESOTH,
,IN_DEMRESELCREF_HIG,IN,IN,technology,sin_match,False,DEMRESELCREF_HIG,,,revisar: tecnología regional sin equivalente nacional,IN_ELC003,ELC002,IN_RESREF,
,IN_DEMRESELCREF_LOW,IN,IN,technology,sin_match,False,DEMRESELCREF_LOW,,,revisar: tecnología regional sin equivalente nacional,IN_ELC003,ELC002,IN_RESREF,
,IN_DEMRESELCREF_MID,IN,IN,technology,sin_match,False,DEMRESELCREF_MID,,,revisar: tecnología regional sin equivalente nacional,IN_ELC003,ELC002,IN_RESREF,
,IN_DEMRESLPGCKN_HIG,IN,IN,technology,sin_match,False,DEMRESLPGCKN_HIG,,,revisar: tecnología regional sin equivalente nacional,IN_LPG002,LPG002,IN_RESDHT,
,IN_DEMRESLPGCKN_LOW,IN,IN,technology,sin_match,False,DEMRESLPGCKN_LOW,,,revisar: tecnología regional sin equivalente nacional,IN_LPG002,LPG002,IN_RESDHT,
,IN_DEMRESLPGCKN_MID,IN,IN,technology,sin_match,False,DEMRESLPGCKN_MID,,,revisar: tecnología regional sin equivalente nacional,IN_LPG002,LPG002,IN_RESDHT,
,IN_DEMRESWOOCKN_HIG,IN,IN,technology,sin_match,False,DEMRESWOOCKN_HIG,,,revisar: tecnología regional sin equivalente nacional,IN_WOO,WOO,IN_RESDHT,
,IN_DEMRESWOOCKN_LOW,IN,IN,technology,sin_match,False,DEMRESWOOCKN_LOW,,,revisar: tecnología regional sin equivalente nacional,IN_WOO,WOO,IN_RESDHT,
,IN_DEMRESWOOCKN_MID,IN,IN,technology,sin_match,False,DEMRESWOOCKN_MID,,,revisar: tecnología regional sin equivalente nacional,IN_WOO,WOO,IN_RESDHT,
,IN_TYDDSL,IN,IN,technology,sin_match,False,TYDDSL,,,revisar: tecnología regional sin equivalente nacional,DSL001,,IN_DSL002,DSL
,IN_TYDGSL,IN,IN,technology,sin_match,False,TYDGSL,,,revisar: tecnología regional sin equivalente nacional,GSL001,,IN_GSL002,GSL
,IN_TYDJET,IN,IN,technology,sin_match,False,TYDJET,,,revisar: tecnología regional sin equivalente nacional,JET001,,IN_JET002,JET
,IN_TYDLPG,IN,IN,technology,sin_match,False,TYDLPG,,,revisar: tecnología regional sin equivalente nacional,LPG001,,IN_LPG002,LPG002
,NE_BACKSTOP_AGFELC,NE,NE,technology,sin_match,False,BACKSTOP_AGFELC,,,"BACKSTOP (tecnología de respaldo, nueva por diseño)",,,NE_AGFELC,AGFELC
,NE_BACKSTOP_AGFHEA,NE,NE,technology,sin_match,False,BACKSTOP_AGFHEA,,,"BACKSTOP (tecnología de respaldo, nueva por diseño)",,,NE_AGFHEA,AGFHEA
,NE_BACKSTOP_INDCLIM,NE,NE,technology,sin_match,False,BACKSTOP_INDCLIM,,,"BACKSTOP (tecnología de respaldo, nueva por diseño)",,,NE_INDCLIM,INDCLIM
,NE_BACKSTOP_INDDHT,NE,NE,technology,sin_match,False,BACKSTOP_INDDHT,,,"BACKSTOP (tecnología de respaldo, nueva por diseño)",,,NE_INDDHT,INDDHT
,NE_BACKSTOP_INDIHT,NE,NE,technology,sin_match,False,BACKSTOP_INDIHT,,,"BACKSTOP (tecnología de respaldo, nueva por diseño)",,,NE_INDIHT,INDIHT
,NE_BACKSTOP_INDILU,NE,NE,technology,sin_match,False,BACKSTOP_INDILU,,,"BACKSTOP (tecnología de respaldo, nueva por diseño)",,,NE_INDILU,INDILU
,NE_BACKSTOP_INDMPW,NE,NE,technology,sin_match,False,BACKSTOP_INDMPW,,,"BACKSTOP (tecnología de respaldo, nueva por diseño)",,,NE_INDMPW,INDMPW
,NE_BACKSTOP_INDOTH_COA,NE,NE,technology,sin_match,False,BACKSTOP_INDOTH_COA,,,"BACKSTOP (tecnología de respaldo, nueva por diseño)",,,NE_INDOTH_COA,INDOTH_COA
,NE_BACKSTOP_INDOTH_ELC,NE,NE,technology,sin_match,False,BACKSTOP_INDOTH_ELC,,,"BACKSTOP (tecnología de respaldo, nueva por diseño)",,,NE_INDOTH_ELC,INDOTH_ELC
,NE_BACKSTOP_INDREF,NE,NE,technology,sin_match,False,BACKSTOP_INDREF,,,"BACKSTOP (tecnología de respaldo, nueva por diseño)",,,NE_INDREF,INDREF
,NE_BACKSTOP_NSEELC,NE,NE,technology,sin_match,False,BACKSTOP_NSEELC,,,"BACKSTOP (tecnología de respaldo, nueva por diseño)",,,NE_NSEELC,NSEELC
,NE_BACKSTOP_RESCLIM_RUR,NE,NE,technology,sin_match,False,BACKSTOP_RESCLIM_RUR,,,"BACKSTOP (tecnología de respaldo, nueva por diseño)",,,NE_RESCLIM_RUR,RESCLIM_RUR
,NE_BACKSTOP_RESCLIM_URB,NE,NE,technology,sin_match,False,BACKSTOP_RESCLIM_URB,,,"BACKSTOP (tecnología de respaldo, nueva por diseño)",,,NE_RESCLIM_URB,RESCLIM_URB
,NE_BACKSTOP_RESDHT_RUR,NE,NE,technology,sin_match,False,BACKSTOP_RESDHT_RUR,,,"BACKSTOP (tecnología de respaldo, nueva por diseño)",,,NE_RESDHT_RUR,RESDHT_RUR
,NE_BACKSTOP_RESDHT_URB,NE,NE,technology,sin_match,False,BACKSTOP_RESDHT_URB,,,"BACKSTOP (tecnología de respaldo, nueva por diseño)",,,NE_RESDHT_URB,RESDHT_URB
,NE_BACKSTOP_RESILU_RUR,NE,NE,technology,sin_match,False,BACKSTOP_RESILU_RUR,,,"BACKSTOP (tecnología de respaldo, nueva por diseño)",,,NE_RESILU_RUR,RESILU_RUR
,NE_BACKSTOP_RESILU_URB,NE,NE,technology,sin_match,False,BACKSTOP_RESILU_URB,,,"BACKSTOP (tecnología de respaldo, nueva por diseño)",,,NE_RESILU_URB,RESILU_URB
,NE_BACKSTOP_RESOTH_RUR,NE,NE,technology,sin_match,False,BACKSTOP_RESOTH_RUR,,,"BACKSTOP (tecnología de respaldo, nueva por diseño)",,,NE_RESOTH_RUR,RESOTH_RUR
,NE_BACKSTOP_RESOTH_URB,NE,NE,technology,sin_match,False,BACKSTOP_RESOTH_URB,,,"BACKSTOP (tecnología de respaldo, nueva por diseño)",,,NE_RESOTH_URB,RESOTH_URB
,NE_BACKSTOP_RESREF_RUR,NE,NE,technology,sin_match,False,BACKSTOP_RESREF_RUR,,,"BACKSTOP (tecnología de respaldo, nueva por diseño)",,,NE_RESREF_RUR,RESREF_RUR
,NE_BACKSTOP_RESREF_URB,NE,NE,technology,sin_match,False,BACKSTOP_RESREF_URB,,,"BACKSTOP (tecnología de respaldo, nueva por diseño)",,,NE_RESREF_URB,RESREF_URB
,NE_BACKSTOP_RESTV_RUR,NE,NE,technology,sin_match,False,BACKSTOP_RESTV_RUR,,,"BACKSTOP (tecnología de respaldo, nueva por diseño)",,,NE_RESTV_RUR,RESTV_RUR
,NE_BACKSTOP_RESTV_URB,NE,NE,technology,sin_match,False,BACKSTOP_RESTV_URB,,,"BACKSTOP (tecnología de respaldo, nueva por diseño)",,,NE_RESTV_URB,RESTV_URB
,NE_BACKSTOP_RESWHT_RUR,NE,NE,technology,sin_match,False,BACKSTOP_RESWHT_RUR,,,"BACKSTOP (tecnología de respaldo, nueva por diseño)",,,NE_RESWHT_RUR,RESWHT_RUR
,NE_BACKSTOP_RESWHT_URB,NE,NE,technology,sin_match,False,BACKSTOP_RESWHT_URB,,,"BACKSTOP (tecnología de respaldo, nueva por diseño)",,,NE_RESWHT_URB,RESWHT_URB
,NE_BACKSTOP_RESWSH_RUR,NE,NE,technology,sin_match,False,BACKSTOP_RESWSH_RUR,,,"BACKSTOP (tecnología de respaldo, nueva por diseño)",,,NE_RESWSH_RUR,RESWSH_RUR
,NE_BACKSTOP_RESWSH_URB,NE,NE,technology,sin_match,False,BACKSTOP_RESWSH_URB,,,"BACKSTOP (tecnología de respaldo, nueva por diseño)",,,NE_RESWSH_URB,RESWSH_URB
,NE_BACKSTOP_TERCLIM_CEN,NE,NE,technology,sin_match,False,BACKSTOP_TERCLIM_CEN,,,"BACKSTOP (tecnología de respaldo, nueva por diseño)",,,NE_TERCLIM_CEN,TERCLIM_CEN
,NE_BACKSTOP_TERCLIM_FAN,NE,NE,technology,sin_match,False,BACKSTOP_TERCLIM_FAN,,,"BACKSTOP (tecnología de respaldo, nueva por diseño)",,,NE_TERCLIM_FAN,TERCLIM_FAN
,NE_BACKSTOP_TERCLIM_SPL,NE,NE,technology,sin_match,False,BACKSTOP_TERCLIM_SPL,,,"BACKSTOP (tecnología de respaldo, nueva por diseño)",,,NE_TERCLIM_SPL,TERCLIM_SPL
,NE_BACKSTOP_TERDHT,NE,NE,technology,sin_match,False,BACKSTOP_TERDHT,,,"BACKSTOP (tecnología de respaldo, nueva por diseño)",,,NE_TERDHT,TERDHT
,NE_BACKSTOP_TERIHT,NE,NE,technology,sin_match,False,BACKSTOP_TERIHT,,,"BACKSTOP (tecnología de respaldo, nueva por diseño)",,,NE_TERIHT,TERIHT
,NE_BACKSTOP_TERILU,NE,NE,technology,sin_match,False,BACKSTOP_TERILU,,,"BACKSTOP (tecnología de respaldo, nueva por diseño)",,,NE_TERILU,TERILU
,NE_BACKSTOP_TERMPW,NE,NE,technology,sin_match,False,BACKSTOP_TERMPW,,,"BACKSTOP (tecnología de respaldo, nueva por diseño)",,,NE_TERMPW,TERMPW
,NE_BACKSTOP_TEROTH,NE,NE,technology,sin_match,False,BACKSTOP_TEROTH,,,"BACKSTOP (tecnología de respaldo, nueva por diseño)",,,NE_TEROTH,TEROTH
,NE_BACKSTOP_TERREF_AUC,NE,NE,technology,sin_match,False,BACKSTOP_TERREF_AUC,,,"BACKSTOP (tecnología de respaldo, nueva por diseño)",,,NE_TERREF_AUC,TERREF_AUC
,NE_BACKSTOP_TERREF_CEN,NE,NE,technology,sin_match,False,BACKSTOP_TERREF_CEN,,,"BACKSTOP (tecnología de respaldo, nueva por diseño)",,,NE_TERREF_CEN,TERREF_CEN
,NE_BACKSTOP_TRAAVI,NE,NE,technology,sin_match,False,BACKSTOP_TRAAVI,,,"BACKSTOP (tecnología de respaldo, nueva por diseño)",,,NE_TRAAVI,TRAAVI
,NE_BACKSTOP_TRABUS,NE,NE,technology,sin_match,False,BACKSTOP_TRABUS,,,"BACKSTOP (tecnología de respaldo, nueva por diseño)",,,NE_TRABUS,TRABUS
,NE_BACKSTOP_TRAFWD,NE,NE,technology,sin_match,False,BACKSTOP_TRAFWD,,,"BACKSTOP (tecnología de respaldo, nueva por diseño)",,,NE_TRAFWD,TRAFWD
,NE_BACKSTOP_TRALDV,NE,NE,technology,sin_match,False,BACKSTOP_TRALDV,,,"BACKSTOP (tecnología de respaldo, nueva por diseño)",,,NE_TRALDV,TRALDV
,NE_BACKSTOP_TRAMAS,NE,NE,technology,sin_match,False,BACKSTOP_TRAMAS,,,"BACKSTOP (tecnología de respaldo, nueva por diseño)",,,NE_TRAMAS,TRAMAS
,NE_BACKSTOP_TRAMIC,NE,NE,technology,sin_match,False,BACKSTOP_TRAMIC,,,"BACKSTOP (tecnología de respaldo, nueva por diseño)",,,NE_TRAMIC,TRAMIC
,NE_BACKSTOP_TRAMTC,NE,NE,technology,sin_match,False,BACKSTOP_TRAMTC,,,"BACKSTOP (tecnología de respaldo, nueva por diseño)",,,NE_TRAMTC,TRAMTC
,NE_BACKSTOP_TRARVT,NE,NE,technology,sin_match,False,BACKSTOP_TRARVT,,,"BACKSTOP (tecnología de respaldo, nueva por diseño)",,,NE_TRARVT,TRARVT
,NE_BACKSTOP_TRASTT,NE,NE,technology,sin_match,False,BACKSTOP_TRASTT,,,"BACKSTOP (tecnología de respaldo, nueva por diseño)",,,NE_TRASTT,TRASTT
,NE_BACKSTOP_TRATAX,NE,NE,technology,sin_match,False,BACKSTOP_TRATAX,,,"BACKSTOP (tecnología de respaldo, nueva por diseño)",,,NE_TRATAX,TRATAX
,NE_BACKSTOP_TRATCK,NE,NE,technology,sin_match,False,BACKSTOP_TRATCK,,,"BACKSTOP (tecnología de respaldo, nueva por diseño)",,,NE_TRATCK,TRATCK
,NE_DEMCOQELC,NE,NE,technology,sin_match,False,DEMCOQELC,,,revisar: tecnología regional sin equivalente nacional,NE_ELC003,ELC002,NE_COQELC,COQELC
,NE_DEMRESELCAIR_PAR_HIG_URB,NE,NE,technology,sin_match,False,DEMRESELCAIR_PAR_HIG_URB,,,revisar: tecnología regional sin equivalente nacional,NE_ELC003,ELC002,NE_RESCLIM_URB,RESCLIM_URB
,NE_DEMRESNGSWHT_NAT_MID_RUR,NE,NE,technology,sin_match,False,DEMRESNGSWHT_NAT_MID_RUR,,,revisar: tecnología regional sin equivalente nacional,NE_NGS002,NGS002,NE_RESWHT_RUR,RESWHT_RUR
,NE_DEMRESNGSWHT_NAT_MID_URB,NE,NE,technology,sin_match,False,DEMRESNGSWHT_NAT_MID_URB,,,revisar: tecnología regional sin equivalente nacional,NE_NGS002,NGS002,NE_RESWHT_URB,RESWHT_URB
,NE_DEMTERNGSCKN_MID,NE,NE,technology,sin_match,False,DEMTERNGSCKN_MID,,,revisar: tecnología regional sin equivalente nacional,NE_NGS002,NGS002,NE_TERDHT,TERDHT
,NE_DEMTRAELCMTC,NE,NE,technology,sin_match,False,DEMTRAELCMTC,,,revisar: tecnología regional sin equivalente nacional,NE_ELC003,ELC002,NE_TRAMTC,TRAMTC
,NE_DEMTRAGSLBUS_URB,NE,NE,technology,sin_match,False,DEMTRAGSLBUS_URB,,,revisar: tecnología regional sin equivalente nacional,NE_GSL003,GSL002,NE_TRABUS,TRABUS
,NE_DEMTRAGSLMTC,NE,NE,technology,sin_match,False,DEMTRAGSLMTC,,,revisar: tecnología regional sin equivalente nacional,NE_GSL003,GSL002,NE_TRAMTC,TRAMTC
,NE_MINOIL_1LIV,NE,NE,technology,sin_match,False,MINOIL_1LIV,,,revisar: tecnología regional sin equivalente nacional,,,NE_OIL001_1LIV,
,NE_MINOIL_2MED,NE,NE,technology,sin_match,False,MINOIL_2MED,,,revisar: tecnología regional sin equivalente nacional,,,NE_OIL001_2MED,
,NE_MINOIL_3PES,NE,NE,technology,sin_match,False,MINOIL_3PES,,,revisar: tecnología regional sin equivalente nacional,,,NE_OIL001_3PES,
,NE_PWRDIST,NE,NE,technology,sin_match,False,PWRDIST,,,revisar: tecnología regional sin equivalente nacional,NE_ELC002,SOL_RTP,NE_ELC003,ELC002
,NE_PWRTRN,NE,NE,technology,sin_match,False,PWRTRN,,,revisar: tecnología regional sin equivalente nacional,NE_ELC001,ELC,NE_ELC002,SOL_RTP
,NE_PWRWAS,NE,NE,technology,sin_match,False,PWRWAS,,,revisar: tecnología regional sin equivalente nacional,NE_WAS_ORG,WAS_ORG,NE_ELC001,ELC
,NE_TYDBDL,NE,NE,technology,sin_match,False,TYDBDL,,,revisar: tecnología regional sin equivalente nacional,BDL001,,NE_BDL002,BDL
,NE_TYDBET,NE,NE,technology,sin_match,False,TYDBET,,,revisar: tecnología regional sin equivalente nacional,BET001,,NE_BET002,BET
,NE_TYDDSL,NE,NE,technology,sin_match,False,TYDDSL,,,revisar: tecnología regional sin equivalente nacional,DSL001,,NE_DSL002,DSL
,NE_TYDGSL,NE,NE,technology,sin_match,False,TYDGSL,,,revisar: tecnología regional sin equivalente nacional,GSL001,,NE_GSL002,GSL
,NE_TYDJET,NE,NE,technology,sin_match,False,TYDJET,,,revisar: tecnología regional sin equivalente nacional,JET001,,NE_JET002,JET
,NE_TYDLPG,NE,NE,technology,sin_match,False,TYDLPG,,,revisar: tecnología regional sin equivalente nacional,LPG001,,NE_LPG002,LPG002
,NE_TYDNGS,NE,NE,technology,sin_match,False,TYDNGS,,,revisar: tecnología regional sin equivalente nacional,NE_NGS001,NGS,NE_NGS002,NGS002
,NE_UPSREF,NE,NE,technology,sin_match,False,UPSREF,,,revisar: tecnología regional sin equivalente nacional,NE_OIL001_1LIV;NE_OIL001_2MED;NE_OIL001_3PES,,DSL001;GSL001;JET001;LPG001,
,OR_BACKSTOP_AGFELC,OR,OR,technology,sin_match,False,BACKSTOP_AGFELC,,,"BACKSTOP (tecnología de respaldo, nueva por diseño)",,,OR_AGFELC,AGFELC
,OR_BACKSTOP_AGFHEA,OR,OR,technology,sin_match,False,BACKSTOP_AGFHEA,,,"BACKSTOP (tecnología de respaldo, nueva por diseño)",,,OR_AGFHEA,AGFHEA
,OR_BACKSTOP_INDCLIM,OR,OR,technology,sin_match,False,BACKSTOP_INDCLIM,,,"BACKSTOP (tecnología de respaldo, nueva por diseño)",,,OR_INDCLIM,INDCLIM
,OR_BACKSTOP_INDDHT,OR,OR,technology,sin_match,False,BACKSTOP_INDDHT,,,"BACKSTOP (tecnología de respaldo, nueva por diseño)",,,OR_INDDHT,INDDHT
,OR_BACKSTOP_INDIHT,OR,OR,technology,sin_match,False,BACKSTOP_INDIHT,,,"BACKSTOP (tecnología de respaldo, nueva por diseño)",,,OR_INDIHT,INDIHT
,OR_BACKSTOP_INDILU,OR,OR,technology,sin_match,False,BACKSTOP_INDILU,,,"BACKSTOP (tecnología de respaldo, nueva por diseño)",,,OR_INDILU,INDILU
,OR_BACKSTOP_INDMPW,OR,OR,technology,sin_match,False,BACKSTOP_INDMPW,,,"BACKSTOP (tecnología de respaldo, nueva por diseño)",,,OR_INDMPW,INDMPW
,OR_BACKSTOP_INDOTH_COA,OR,OR,technology,sin_match,False,BACKSTOP_INDOTH_COA,,,"BACKSTOP (tecnología de respaldo, nueva por diseño)",,,OR_INDOTH_COA,INDOTH_COA
,OR_BACKSTOP_INDOTH_ELC,OR,OR,technology,sin_match,False,BACKSTOP_INDOTH_ELC,,,"BACKSTOP (tecnología de respaldo, nueva por diseño)",,,OR_INDOTH_ELC,INDOTH_ELC
,OR_BACKSTOP_INDREF,OR,OR,technology,sin_match,False,BACKSTOP_INDREF,,,"BACKSTOP (tecnología de respaldo, nueva por diseño)",,,OR_INDREF,INDREF
,OR_BACKSTOP_NSEELC,OR,OR,technology,sin_match,False,BACKSTOP_NSEELC,,,"BACKSTOP (tecnología de respaldo, nueva por diseño)",,,OR_NSEELC,NSEELC
,OR_BACKSTOP_RESCLIM_RUR,OR,OR,technology,sin_match,False,BACKSTOP_RESCLIM_RUR,,,"BACKSTOP (tecnología de respaldo, nueva por diseño)",,,OR_RESCLIM_RUR,RESCLIM_RUR
,OR_BACKSTOP_RESCLIM_URB,OR,OR,technology,sin_match,False,BACKSTOP_RESCLIM_URB,,,"BACKSTOP (tecnología de respaldo, nueva por diseño)",,,OR_RESCLIM_URB,RESCLIM_URB
,OR_BACKSTOP_RESDHT_RUR,OR,OR,technology,sin_match,False,BACKSTOP_RESDHT_RUR,,,"BACKSTOP (tecnología de respaldo, nueva por diseño)",,,OR_RESDHT_RUR,RESDHT_RUR
,OR_BACKSTOP_RESDHT_URB,OR,OR,technology,sin_match,False,BACKSTOP_RESDHT_URB,,,"BACKSTOP (tecnología de respaldo, nueva por diseño)",,,OR_RESDHT_URB,RESDHT_URB
,OR_BACKSTOP_RESILU_RUR,OR,OR,technology,sin_match,False,BACKSTOP_RESILU_RUR,,,"BACKSTOP (tecnología de respaldo, nueva por diseño)",,,OR_RESILU_RUR,RESILU_RUR
,OR_BACKSTOP_RESILU_URB,OR,OR,technology,sin_match,False,BACKSTOP_RESILU_URB,,,"BACKSTOP (tecnología de respaldo, nueva por diseño)",,,OR_RESILU_URB,RESILU_URB
,OR_BACKSTOP_RESOTH_RUR,OR,OR,technology,sin_match,False,BACKSTOP_RESOTH_RUR,,,"BACKSTOP (tecnología de respaldo, nueva por diseño)",,,OR_RESOTH_RUR,RESOTH_RUR
,OR_BACKSTOP_RESOTH_URB,OR,OR,technology,sin_match,False,BACKSTOP_RESOTH_URB,,,"BACKSTOP (tecnología de respaldo, nueva por diseño)",,,OR_RESOTH_URB,RESOTH_URB
,OR_BACKSTOP_RESREF_RUR,OR,OR,technology,sin_match,False,BACKSTOP_RESREF_RUR,,,"BACKSTOP (tecnología de respaldo, nueva por diseño)",,,OR_RESREF_RUR,RESREF_RUR
,OR_BACKSTOP_RESREF_URB,OR,OR,technology,sin_match,False,BACKSTOP_RESREF_URB,,,"BACKSTOP (tecnología de respaldo, nueva por diseño)",,,OR_RESREF_URB,RESREF_URB
,OR_BACKSTOP_RESTV_RUR,OR,OR,technology,sin_match,False,BACKSTOP_RESTV_RUR,,,"BACKSTOP (tecnología de respaldo, nueva por diseño)",,,OR_RESTV_RUR,RESTV_RUR
,OR_BACKSTOP_RESTV_URB,OR,OR,technology,sin_match,False,BACKSTOP_RESTV_URB,,,"BACKSTOP (tecnología de respaldo, nueva por diseño)",,,OR_RESTV_URB,RESTV_URB
,OR_BACKSTOP_RESWHT_RUR,OR,OR,technology,sin_match,False,BACKSTOP_RESWHT_RUR,,,"BACKSTOP (tecnología de respaldo, nueva por diseño)",,,OR_RESWHT_RUR,RESWHT_RUR
,OR_BACKSTOP_RESWHT_URB,OR,OR,technology,sin_match,False,BACKSTOP_RESWHT_URB,,,"BACKSTOP (tecnología de respaldo, nueva por diseño)",,,OR_RESWHT_URB,RESWHT_URB
,OR_BACKSTOP_RESWSH_RUR,OR,OR,technology,sin_match,False,BACKSTOP_RESWSH_RUR,,,"BACKSTOP (tecnología de respaldo, nueva por diseño)",,,OR_RESWSH_RUR,RESWSH_RUR
,OR_BACKSTOP_RESWSH_URB,OR,OR,technology,sin_match,False,BACKSTOP_RESWSH_URB,,,"BACKSTOP (tecnología de respaldo, nueva por diseño)",,,OR_RESWSH_URB,RESWSH_URB
,OR_BACKSTOP_TERCLIM_CEN,OR,OR,technology,sin_match,False,BACKSTOP_TERCLIM_CEN,,,"BACKSTOP (tecnología de respaldo, nueva por diseño)",,,OR_TERCLIM_CEN,TERCLIM_CEN
,OR_BACKSTOP_TERCLIM_FAN,OR,OR,technology,sin_match,False,BACKSTOP_TERCLIM_FAN,,,"BACKSTOP (tecnología de respaldo, nueva por diseño)",,,OR_TERCLIM_FAN,TERCLIM_FAN
,OR_BACKSTOP_TERCLIM_SPL,OR,OR,technology,sin_match,False,BACKSTOP_TERCLIM_SPL,,,"BACKSTOP (tecnología de respaldo, nueva por diseño)",,,OR_TERCLIM_SPL,TERCLIM_SPL
,OR_BACKSTOP_TERDHT,OR,OR,technology,sin_match,False,BACKSTOP_TERDHT,,,"BACKSTOP (tecnología de respaldo, nueva por diseño)",,,OR_TERDHT,TERDHT
,OR_BACKSTOP_TERIHT,OR,OR,technology,sin_match,False,BACKSTOP_TERIHT,,,"BACKSTOP (tecnología de respaldo, nueva por diseño)",,,OR_TERIHT,TERIHT
,OR_BACKSTOP_TERILU,OR,OR,technology,sin_match,False,BACKSTOP_TERILU,,,"BACKSTOP (tecnología de respaldo, nueva por diseño)",,,OR_TERILU,TERILU
,OR_BACKSTOP_TERMPW,OR,OR,technology,sin_match,False,BACKSTOP_TERMPW,,,"BACKSTOP (tecnología de respaldo, nueva por diseño)",,,OR_TERMPW,TERMPW
,OR_BACKSTOP_TEROTH,OR,OR,technology,sin_match,False,BACKSTOP_TEROTH,,,"BACKSTOP (tecnología de respaldo, nueva por diseño)",,,OR_TEROTH,TEROTH
,OR_BACKSTOP_TERREF_AUC,OR,OR,technology,sin_match,False,BACKSTOP_TERREF_AUC,,,"BACKSTOP (tecnología de respaldo, nueva por diseño)",,,OR_TERREF_AUC,TERREF_AUC
,OR_BACKSTOP_TERREF_CEN,OR,OR,technology,sin_match,False,BACKSTOP_TERREF_CEN,,,"BACKSTOP (tecnología de respaldo, nueva por diseño)",,,OR_TERREF_CEN,TERREF_CEN
,OR_BACKSTOP_TRAAVI,OR,OR,technology,sin_match,False,BACKSTOP_TRAAVI,,,"BACKSTOP (tecnología de respaldo, nueva por diseño)",,,OR_TRAAVI,TRAAVI
,OR_BACKSTOP_TRABUS,OR,OR,technology,sin_match,False,BACKSTOP_TRABUS,,,"BACKSTOP (tecnología de respaldo, nueva por diseño)",,,OR_TRABUS,TRABUS
,OR_BACKSTOP_TRAFWD,OR,OR,technology,sin_match,False,BACKSTOP_TRAFWD,,,"BACKSTOP (tecnología de respaldo, nueva por diseño)",,,OR_TRAFWD,TRAFWD
,OR_BACKSTOP_TRALDV,OR,OR,technology,sin_match,False,BACKSTOP_TRALDV,,,"BACKSTOP (tecnología de respaldo, nueva por diseño)",,,OR_TRALDV,TRALDV
,OR_BACKSTOP_TRAMAS,OR,OR,technology,sin_match,False,BACKSTOP_TRAMAS,,,"BACKSTOP (tecnología de respaldo, nueva por diseño)",,,OR_TRAMAS,TRAMAS
,OR_BACKSTOP_TRAMET,OR,OR,technology,sin_match,False,BACKSTOP_TRAMET,,,"BACKSTOP (tecnología de respaldo, nueva por diseño)",,,OR_TRAMET,TRAMET
,OR_BACKSTOP_TRAMIC,OR,OR,technology,sin_match,False,BACKSTOP_TRAMIC,,,"BACKSTOP (tecnología de respaldo, nueva por diseño)",,,OR_TRAMIC,TRAMIC
,OR_BACKSTOP_TRAMTC,OR,OR,technology,sin_match,False,BACKSTOP_TRAMTC,,,"BACKSTOP (tecnología de respaldo, nueva por diseño)",,,OR_TRAMTC,TRAMTC
,OR_BACKSTOP_TRARVT,OR,OR,technology,sin_match,False,BACKSTOP_TRARVT,,,"BACKSTOP (tecnología de respaldo, nueva por diseño)",,,OR_TRARVT,TRARVT
,OR_BACKSTOP_TRASTT,OR,OR,technology,sin_match,False,BACKSTOP_TRASTT,,,"BACKSTOP (tecnología de respaldo, nueva por diseño)",,,OR_TRASTT,TRASTT
,OR_BACKSTOP_TRATAX,OR,OR,technology,sin_match,False,BACKSTOP_TRATAX,,,"BACKSTOP (tecnología de respaldo, nueva por diseño)",,,OR_TRATAX,TRATAX
,OR_BACKSTOP_TRATCK,OR,OR,technology,sin_match,False,BACKSTOP_TRATCK,,,"BACKSTOP (tecnología de respaldo, nueva por diseño)",,,OR_TRATCK,TRATCK
,OR_DEMCOQELC,OR,OR,technology,sin_match,False,DEMCOQELC,,,revisar: tecnología regional sin equivalente nacional,OR_ELC003,ELC002,OR_COQELC,COQELC
,OR_DEMRESELCAIR_PAR_HIG_URB,OR,OR,technology,sin_match,False,DEMRESELCAIR_PAR_HIG_URB,,,revisar: tecnología regional sin equivalente nacional,OR_ELC003,ELC002,OR_RESCLIM_URB,RESCLIM_URB
,OR_DEMRESNGSWHT_NAT_MID_RUR,OR,OR,technology,sin_match,False,DEMRESNGSWHT_NAT_MID_RUR,,,revisar: tecnología regional sin equivalente nacional,OR_NGS002,NGS002,OR_RESWHT_RUR,RESWHT_RUR
,OR_DEMRESNGSWHT_NAT_MID_URB,OR,OR,technology,sin_match,False,DEMRESNGSWHT_NAT_MID_URB,,,revisar: tecnología regional sin equivalente nacional,OR_NGS002,NGS002,OR_RESWHT_URB,RESWHT_URB
,OR_DEMTERNGSCKN_MID,OR,OR,technology,sin_match,False,DEMTERNGSCKN_MID,,,revisar: tecnología regional sin equivalente nacional,OR_NGS002,NGS002,OR_TERDHT,TERDHT
,OR_DEMTRAELCMTC,OR,OR,technology,sin_match,False,DEMTRAELCMTC,,,revisar: tecnología regional sin equivalente nacional,OR_ELC003,ELC002,OR_TRAMTC,TRAMTC
,OR_DEMTRAGSLBUS_URB,OR,OR,technology,sin_match,False,DEMTRAGSLBUS_URB,,,revisar: tecnología regional sin equivalente nacional,OR_GSL003,GSL002,OR_TRABUS,TRABUS
,OR_DEMTRAGSLMTC,OR,OR,technology,sin_match,False,DEMTRAGSLMTC,,,revisar: tecnología regional sin equivalente nacional,OR_GSL003,GSL002,OR_TRAMTC,TRAMTC
,OR_MINOIL_1LIV,OR,OR,technology,sin_match,False,MINOIL_1LIV,,,revisar: tecnología regional sin equivalente nacional,,,OR_OIL001_1LIV,
,OR_MINOIL_2MED,OR,OR,technology,sin_match,False,MINOIL_2MED,,,revisar: tecnología regional sin equivalente nacional,,,OR_OIL001_2MED,
,OR_MINOIL_3PES,OR,OR,technology,sin_match,False,MINOIL_3PES,,,revisar: tecnología regional sin equivalente nacional,,,OR_OIL001_3PES,
,OR_PWRDIST,OR,OR,technology,sin_match,False,PWRDIST,,,revisar: tecnología regional sin equivalente nacional,OR_ELC002,SOL_RTP,OR_ELC003,ELC002
,OR_PWRTRN,OR,OR,technology,sin_match,False,PWRTRN,,,revisar: tecnología regional sin equivalente nacional,OR_ELC001,ELC,OR_ELC002,SOL_RTP
,OR_PWRWAS,OR,OR,technology,sin_match,False,PWRWAS,,,revisar: tecnología regional sin equivalente nacional,OR_WAS_ORG,WAS_ORG,OR_ELC001,ELC
,OR_TYDBDL,OR,OR,technology,sin_match,False,TYDBDL,,,revisar: tecnología regional sin equivalente nacional,BDL001,,OR_BDL002,BDL
,OR_TYDBET,OR,OR,technology,sin_match,False,TYDBET,,,revisar: tecnología regional sin equivalente nacional,BET001,,OR_BET002,BET
,OR_TYDDSL,OR,OR,technology,sin_match,False,TYDDSL,,,revisar: tecnología regional sin equivalente nacional,DSL001,,OR_DSL002,DSL
,OR_TYDGSL,OR,OR,technology,sin_match,False,TYDGSL,,,revisar: tecnología regional sin equivalente nacional,GSL001,,OR_GSL002,GSL
,OR_TYDJET,OR,OR,technology,sin_match,False,TYDJET,,,revisar: tecnología regional sin equivalente nacional,JET001,,OR_JET002,JET
,OR_TYDLPG,OR,OR,technology,sin_match,False,TYDLPG,,,revisar: tecnología regional sin equivalente nacional,LPG001,,OR_LPG002,LPG002
,OR_TYDNGS,OR,OR,technology,sin_match,False,TYDNGS,,,revisar: tecnología regional sin equivalente nacional,OR_NGS001,NGS,OR_NGS002,NGS002
,SE_BACKSTOP_AGFELC,SE,SE,technology,sin_match,False,BACKSTOP_AGFELC,,,"BACKSTOP (tecnología de respaldo, nueva por diseño)",,,SE_AGFELC,AGFELC
,SE_BACKSTOP_AGFHEA,SE,SE,technology,sin_match,False,BACKSTOP_AGFHEA,,,"BACKSTOP (tecnología de respaldo, nueva por diseño)",,,SE_AGFHEA,AGFHEA
,SE_BACKSTOP_RESCLIM,SE,SE,technology,sin_match,False,BACKSTOP_RESCLIM,,,"BACKSTOP (tecnología de respaldo, nueva por diseño)",,,SE_RESCLIM,
,SE_BACKSTOP_RESDHT,SE,SE,technology,sin_match,False,BACKSTOP_RESDHT,,,"BACKSTOP (tecnología de respaldo, nueva por diseño)",,,SE_RESDHT,
,SE_BACKSTOP_RESOTH,SE,SE,technology,sin_match,False,BACKSTOP_RESOTH,,,"BACKSTOP (tecnología de respaldo, nueva por diseño)",,,SE_RESOTH,
,SE_BACKSTOP_RESREF,SE,SE,technology,sin_match,False,BACKSTOP_RESREF,,,"BACKSTOP (tecnología de respaldo, nueva por diseño)",,,SE_RESREF,
,SE_BACKSTOP_TERCLIM_CEN,SE,SE,technology,sin_match,False,BACKSTOP_TERCLIM_CEN,,,"BACKSTOP (tecnología de respaldo, nueva por diseño)",,,SE_TERCLIM_CEN,TERCLIM_CEN
,SE_BACKSTOP_TERCLIM_FAN,SE,SE,technology,sin_match,False,BACKSTOP_TERCLIM_FAN,,,"BACKSTOP (tecnología de respaldo, nueva por diseño)",,,SE_TERCLIM_FAN,TERCLIM_FAN
,SE_BACKSTOP_TERCLIM_SPL,SE,SE,technology,sin_match,False,BACKSTOP_TERCLIM_SPL,,,"BACKSTOP (tecnología de respaldo, nueva por diseño)",,,SE_TERCLIM_SPL,TERCLIM_SPL
,SE_BACKSTOP_TERDHT,SE,SE,technology,sin_match,False,BACKSTOP_TERDHT,,,"BACKSTOP (tecnología de respaldo, nueva por diseño)",,,SE_TERDHT,TERDHT
,SE_BACKSTOP_TEROTH,SE,SE,technology,sin_match,False,BACKSTOP_TEROTH,,,"BACKSTOP (tecnología de respaldo, nueva por diseño)",,,SE_TEROTH,TEROTH
,SE_BACKSTOP_TERREF_AUC,SE,SE,technology,sin_match,False,BACKSTOP_TERREF_AUC,,,"BACKSTOP (tecnología de respaldo, nueva por diseño)",,,SE_TERREF_AUC,TERREF_AUC
,SE_BACKSTOP_TERREF_CEN,SE,SE,technology,sin_match,False,BACKSTOP_TERREF_CEN,,,"BACKSTOP (tecnología de respaldo, nueva por diseño)",,,SE_TERREF_CEN,TERREF_CEN
,SE_BACKSTOP_TRAAVI,SE,SE,technology,sin_match,False,BACKSTOP_TRAAVI,,,"BACKSTOP (tecnología de respaldo, nueva por diseño)",,,SE_TRAAVI,TRAAVI
,SE_BACKSTOP_TRAFWD,SE,SE,technology,sin_match,False,BACKSTOP_TRAFWD,,,"BACKSTOP (tecnología de respaldo, nueva por diseño)",,,SE_TRAFWD,TRAFWD
,SE_BACKSTOP_TRALDV,SE,SE,technology,sin_match,False,BACKSTOP_TRALDV,,,"BACKSTOP (tecnología de respaldo, nueva por diseño)",,,SE_TRALDV,TRALDV
,SE_BACKSTOP_TRAMIC,SE,SE,technology,sin_match,False,BACKSTOP_TRAMIC,,,"BACKSTOP (tecnología de respaldo, nueva por diseño)",,,SE_TRAMIC,TRAMIC
,SE_BACKSTOP_TRAMTC,SE,SE,technology,sin_match,False,BACKSTOP_TRAMTC,,,"BACKSTOP (tecnología de respaldo, nueva por diseño)",,,SE_TRAMTC,TRAMTC
,SE_BACKSTOP_TRARVT,SE,SE,technology,sin_match,False,BACKSTOP_TRARVT,,,"BACKSTOP (tecnología de respaldo, nueva por diseño)",,,SE_TRARVT,TRARVT
,SE_BACKSTOP_TRATAX,SE,SE,technology,sin_match,False,BACKSTOP_TRATAX,,,"BACKSTOP (tecnología de respaldo, nueva por diseño)",,,SE_TRATAX,TRATAX
,SE_BACKSTOP_TRATCK,SE,SE,technology,sin_match,False,BACKSTOP_TRATCK,,,"BACKSTOP (tecnología de respaldo, nueva por diseño)",,,SE_TRATCK,TRATCK
,SE_DEMOTHDSL,SE,SE,technology,sin_match,False,DEMOTHDSL,,,revisar: tecnología regional sin equivalente nacional,SE_DSL002,DSL,SE_OTHDSL,
,SE_DEMOTHELC,SE,SE,technology,sin_match,False,DEMOTHELC,,,revisar: tecnología regional sin equivalente nacional,SE_ELC003,ELC002,SE_OTHELC,
,SE_DEMOTHGSL,SE,SE,technology,sin_match,False,DEMOTHGSL,,,revisar: tecnología regional sin equivalente nacional,SE_GSL002,GSL,SE_OTHGSL,
,SE_DEMRESBGSCKN_MID,SE,SE,technology,sin_match,False,DEMRESBGSCKN_MID,,,revisar: tecnología regional sin equivalente nacional,SE_BGS,BGS,SE_RESDHT,
,SE_DEMRESELCAIR_PAR_HIG,SE,SE,technology,sin_match,False,DEMRESELCAIR_PAR_HIG,,,revisar: tecnología regional sin equivalente nacional,SE_ELC003,ELC002,SE_RESCLIM,
,SE_DEMRESELCAIR_PAR_LOW,SE,SE,technology,sin_match,False,DEMRESELCAIR_PAR_LOW,,,revisar: tecnología regional sin equivalente nacional,SE_ELC003,ELC002,SE_RESCLIM,
,SE_DEMRESELCAIR_PAR_MID,SE,SE,technology,sin_match,False,DEMRESELCAIR_PAR_MID,,,revisar: tecnología regional sin equivalente nacional,SE_ELC003,ELC002,SE_RESCLIM,
,SE_DEMRESELCAIR_POR_HIG,SE,SE,technology,sin_match,False,DEMRESELCAIR_POR_HIG,,,revisar: tecnología regional sin equivalente nacional,SE_ELC003,ELC002,SE_RESCLIM,
,SE_DEMRESELCAIR_POR_LOW,SE,SE,technology,sin_match,False,DEMRESELCAIR_POR_LOW,,,revisar: tecnología regional sin equivalente nacional,SE_ELC003,ELC002,SE_RESCLIM,
,SE_DEMRESELCAIR_POR_MID,SE,SE,technology,sin_match,False,DEMRESELCAIR_POR_MID,,,revisar: tecnología regional sin equivalente nacional,SE_ELC003,ELC002,SE_RESCLIM,
,SE_DEMRESELCAIR_SPL_HIG,SE,SE,technology,sin_match,False,DEMRESELCAIR_SPL_HIG,,,revisar: tecnología regional sin equivalente nacional,SE_ELC003,ELC002,SE_RESCLIM,
,SE_DEMRESELCAIR_SPL_LOW,SE,SE,technology,sin_match,False,DEMRESELCAIR_SPL_LOW,,,revisar: tecnología regional sin equivalente nacional,SE_ELC003,ELC002,SE_RESCLIM,
,SE_DEMRESELCAIR_SPL_MID,SE,SE,technology,sin_match,False,DEMRESELCAIR_SPL_MID,,,revisar: tecnología regional sin equivalente nacional,SE_ELC003,ELC002,SE_RESCLIM,
,SE_DEMRESELCCKN_HIG,SE,SE,technology,sin_match,False,DEMRESELCCKN_HIG,,,revisar: tecnología regional sin equivalente nacional,SE_ELC003,ELC002,SE_RESDHT,
,SE_DEMRESELCCKN_LOW,SE,SE,technology,sin_match,False,DEMRESELCCKN_LOW,,,revisar: tecnología regional sin equivalente nacional,SE_ELC003,ELC002,SE_RESDHT,
,SE_DEMRESELCCKN_MID,SE,SE,technology,sin_match,False,DEMRESELCCKN_MID,,,revisar: tecnología regional sin equivalente nacional,SE_ELC003,ELC002,SE_RESDHT,
,SE_DEMRESELCFAN_HIG,SE,SE,technology,sin_match,False,DEMRESELCFAN_HIG,,,revisar: tecnología regional sin equivalente nacional,SE_ELC003,ELC002,SE_RESCLIM,
,SE_DEMRESELCFAN_LOW,SE,SE,technology,sin_match,False,DEMRESELCFAN_LOW,,,revisar: tecnología regional sin equivalente nacional,SE_ELC003,ELC002,SE_RESCLIM,
,SE_DEMRESELCFAN_MID,SE,SE,technology,sin_match,False,DEMRESELCFAN_MID,,,revisar: tecnología regional sin equivalente nacional,SE_ELC003,ELC002,SE_RESCLIM,
,SE_DEMRESELCOTH_HIG,SE,SE,technology,sin_match,False,DEMRESELCOTH_HIG,,,revisar: tecnología regional sin equivalente nacional,SE_ELC003,ELC002,SE_RESOTH,
,SE_DEMRESELCOTH_LOW,SE,SE,technology,sin_match,False,DEMRESELCOTH_LOW,,,revisar: tecnología regional sin equivalente nacional,SE_ELC003,ELC002,SE_RESOTH,
,SE_DEMRESELCOTH_MID,SE,SE,technology,sin_match,False,DEMRESELCOTH_MID,,,revisar: tecnología regional sin equivalente nacional,SE_ELC003,ELC002,SE_RESOTH,
,SE_DEMRESELCREF_HIG,SE,SE,technology,sin_match,False,DEMRESELCREF_HIG,,,revisar: tecnología regional sin equivalente nacional,SE_ELC003,ELC002,SE_RESREF,
,SE_DEMRESELCREF_LOW,SE,SE,technology,sin_match,False,DEMRESELCREF_LOW,,,revisar: tecnología regional sin equivalente nacional,SE_ELC003,ELC002,SE_RESREF,
,SE_DEMRESELCREF_MID,SE,SE,technology,sin_match,False,DEMRESELCREF_MID,,,revisar: tecnología regional sin equivalente nacional,SE_ELC003,ELC002,SE_RESREF,
,SE_DEMRESLPGCKN_HIG,SE,SE,technology,sin_match,False,DEMRESLPGCKN_HIG,,,revisar: tecnología regional sin equivalente nacional,SE_LPG002,LPG002,SE_RESDHT,
,SE_DEMRESLPGCKN_LOW,SE,SE,technology,sin_match,False,DEMRESLPGCKN_LOW,,,revisar: tecnología regional sin equivalente nacional,SE_LPG002,LPG002,SE_RESDHT,
,SE_DEMRESLPGCKN_MID,SE,SE,technology,sin_match,False,DEMRESLPGCKN_MID,,,revisar: tecnología regional sin equivalente nacional,SE_LPG002,LPG002,SE_RESDHT,
,SE_DEMRESWOOCKN_HIG,SE,SE,technology,sin_match,False,DEMRESWOOCKN_HIG,,,revisar: tecnología regional sin equivalente nacional,SE_WOO,WOO,SE_RESDHT,
,SE_DEMRESWOOCKN_LOW,SE,SE,technology,sin_match,False,DEMRESWOOCKN_LOW,,,revisar: tecnología regional sin equivalente nacional,SE_WOO,WOO,SE_RESDHT,
,SE_DEMRESWOOCKN_MID,SE,SE,technology,sin_match,False,DEMRESWOOCKN_MID,,,revisar: tecnología regional sin equivalente nacional,SE_WOO,WOO,SE_RESDHT,
,SE_PWRWAS,SE,SE,technology,sin_match,False,PWRWAS,,,revisar: tecnología regional sin equivalente nacional,SE_WAS_ORG,WAS_ORG,SE_ELC003,ELC002
,SE_TYDDSL,SE,SE,technology,sin_match,False,TYDDSL,,,revisar: tecnología regional sin equivalente nacional,DSL001,,SE_DSL002,DSL
,SE_TYDGSL,SE,SE,technology,sin_match,False,TYDGSL,,,revisar: tecnología regional sin equivalente nacional,GSL001,,SE_GSL002,GSL
,SE_TYDJET,SE,SE,technology,sin_match,False,TYDJET,,,revisar: tecnología regional sin equivalente nacional,JET001,,SE_JET002,JET
,SE_TYDLPG,SE,SE,technology,sin_match,False,TYDLPG,,,revisar: tecnología regional sin equivalente nacional,LPG001,,SE_LPG002,LPG002
,SO_BACKSTOP_AGFELC,SO,SO,technology,sin_match,False,BACKSTOP_AGFELC,,,"BACKSTOP (tecnología de respaldo, nueva por diseño)",,,SO_AGFELC,AGFELC
,SO_BACKSTOP_AGFHEA,SO,SO,technology,sin_match,False,BACKSTOP_AGFHEA,,,"BACKSTOP (tecnología de respaldo, nueva por diseño)",,,SO_AGFHEA,AGFHEA
,SO_BACKSTOP_INDCLIM,SO,SO,technology,sin_match,False,BACKSTOP_INDCLIM,,,"BACKSTOP (tecnología de respaldo, nueva por diseño)",,,SO_INDCLIM,INDCLIM
,SO_BACKSTOP_INDDHT,SO,SO,technology,sin_match,False,BACKSTOP_INDDHT,,,"BACKSTOP (tecnología de respaldo, nueva por diseño)",,,SO_INDDHT,INDDHT
,SO_BACKSTOP_INDIHT,SO,SO,technology,sin_match,False,BACKSTOP_INDIHT,,,"BACKSTOP (tecnología de respaldo, nueva por diseño)",,,SO_INDIHT,INDIHT
,SO_BACKSTOP_INDILU,SO,SO,technology,sin_match,False,BACKSTOP_INDILU,,,"BACKSTOP (tecnología de respaldo, nueva por diseño)",,,SO_INDILU,INDILU
,SO_BACKSTOP_INDMPW,SO,SO,technology,sin_match,False,BACKSTOP_INDMPW,,,"BACKSTOP (tecnología de respaldo, nueva por diseño)",,,SO_INDMPW,INDMPW
,SO_BACKSTOP_INDOTH_COA,SO,SO,technology,sin_match,False,BACKSTOP_INDOTH_COA,,,"BACKSTOP (tecnología de respaldo, nueva por diseño)",,,SO_INDOTH_COA,INDOTH_COA
,SO_BACKSTOP_INDOTH_ELC,SO,SO,technology,sin_match,False,BACKSTOP_INDOTH_ELC,,,"BACKSTOP (tecnología de respaldo, nueva por diseño)",,,SO_INDOTH_ELC,INDOTH_ELC
,SO_BACKSTOP_INDREF,SO,SO,technology,sin_match,False,BACKSTOP_INDREF,,,"BACKSTOP (tecnología de respaldo, nueva por diseño)",,,SO_INDREF,INDREF
,SO_BACKSTOP_NSEELC,SO,SO,technology,sin_match,False,BACKSTOP_NSEELC,,,"BACKSTOP (tecnología de respaldo, nueva por diseño)",,,SO_NSEELC,NSEELC
,SO_BACKSTOP_RESCLIM_RUR,SO,SO,technology,sin_match,False,BACKSTOP_RESCLIM_RUR,,,"BACKSTOP (tecnología de respaldo, nueva por diseño)",,,SO_RESCLIM_RUR,RESCLIM_RUR
,SO_BACKSTOP_RESCLIM_URB,SO,SO,technology,sin_match,False,BACKSTOP_RESCLIM_URB,,,"BACKSTOP (tecnología de respaldo, nueva por diseño)",,,SO_RESCLIM_URB,RESCLIM_URB
,SO_BACKSTOP_RESDHT_RUR,SO,SO,technology,sin_match,False,BACKSTOP_RESDHT_RUR,,,"BACKSTOP (tecnología de respaldo, nueva por diseño)",,,SO_RESDHT_RUR,RESDHT_RUR
,SO_BACKSTOP_RESDHT_URB,SO,SO,technology,sin_match,False,BACKSTOP_RESDHT_URB,,,"BACKSTOP (tecnología de respaldo, nueva por diseño)",,,SO_RESDHT_URB,RESDHT_URB
,SO_BACKSTOP_RESILU_RUR,SO,SO,technology,sin_match,False,BACKSTOP_RESILU_RUR,,,"BACKSTOP (tecnología de respaldo, nueva por diseño)",,,SO_RESILU_RUR,RESILU_RUR
,SO_BACKSTOP_RESILU_URB,SO,SO,technology,sin_match,False,BACKSTOP_RESILU_URB,,,"BACKSTOP (tecnología de respaldo, nueva por diseño)",,,SO_RESILU_URB,RESILU_URB
,SO_BACKSTOP_RESOTH_RUR,SO,SO,technology,sin_match,False,BACKSTOP_RESOTH_RUR,,,"BACKSTOP (tecnología de respaldo, nueva por diseño)",,,SO_RESOTH_RUR,RESOTH_RUR
,SO_BACKSTOP_RESOTH_URB,SO,SO,technology,sin_match,False,BACKSTOP_RESOTH_URB,,,"BACKSTOP (tecnología de respaldo, nueva por diseño)",,,SO_RESOTH_URB,RESOTH_URB
,SO_BACKSTOP_RESREF_RUR,SO,SO,technology,sin_match,False,BACKSTOP_RESREF_RUR,,,"BACKSTOP (tecnología de respaldo, nueva por diseño)",,,SO_RESREF_RUR,RESREF_RUR
,SO_BACKSTOP_RESREF_URB,SO,SO,technology,sin_match,False,BACKSTOP_RESREF_URB,,,"BACKSTOP (tecnología de respaldo, nueva por diseño)",,,SO_RESREF_URB,RESREF_URB
,SO_BACKSTOP_RESTV_RUR,SO,SO,technology,sin_match,False,BACKSTOP_RESTV_RUR,,,"BACKSTOP (tecnología de respaldo, nueva por diseño)",,,SO_RESTV_RUR,RESTV_RUR
,SO_BACKSTOP_RESTV_URB,SO,SO,technology,sin_match,False,BACKSTOP_RESTV_URB,,,"BACKSTOP (tecnología de respaldo, nueva por diseño)",,,SO_RESTV_URB,RESTV_URB
,SO_BACKSTOP_RESWHT_RUR,SO,SO,technology,sin_match,False,BACKSTOP_RESWHT_RUR,,,"BACKSTOP (tecnología de respaldo, nueva por diseño)",,,SO_RESWHT_RUR,RESWHT_RUR
,SO_BACKSTOP_RESWHT_URB,SO,SO,technology,sin_match,False,BACKSTOP_RESWHT_URB,,,"BACKSTOP (tecnología de respaldo, nueva por diseño)",,,SO_RESWHT_URB,RESWHT_URB
,SO_BACKSTOP_RESWSH_RUR,SO,SO,technology,sin_match,False,BACKSTOP_RESWSH_RUR,,,"BACKSTOP (tecnología de respaldo, nueva por diseño)",,,SO_RESWSH_RUR,RESWSH_RUR
,SO_BACKSTOP_RESWSH_URB,SO,SO,technology,sin_match,False,BACKSTOP_RESWSH_URB,,,"BACKSTOP (tecnología de respaldo, nueva por diseño)",,,SO_RESWSH_URB,RESWSH_URB
,SO_BACKSTOP_TERCLIM_CEN,SO,SO,technology,sin_match,False,BACKSTOP_TERCLIM_CEN,,,"BACKSTOP (tecnología de respaldo, nueva por diseño)",,,SO_TERCLIM_CEN,TERCLIM_CEN
,SO_BACKSTOP_TERCLIM_FAN,SO,SO,technology,sin_match,False,BACKSTOP_TERCLIM_FAN,,,"BACKSTOP (tecnología de respaldo, nueva por diseño)",,,SO_TERCLIM_FAN,TERCLIM_FAN
,SO_BACKSTOP_TERCLIM_SPL,SO,SO,technology,sin_match,False,BACKSTOP_TERCLIM_SPL,,,"BACKSTOP (tecnología de respaldo, nueva por diseño)",,,SO_TERCLIM_SPL,TERCLIM_SPL
,SO_BACKSTOP_TERDHT,SO,SO,technology,sin_match,False,BACKSTOP_TERDHT,,,"BACKSTOP (tecnología de respaldo, nueva por diseño)",,,SO_TERDHT,TERDHT
,SO_BACKSTOP_TERIHT,SO,SO,technology,sin_match,False,BACKSTOP_TERIHT,,,"BACKSTOP (tecnología de respaldo, nueva por diseño)",,,SO_TERIHT,TERIHT
,SO_BACKSTOP_TERILU,SO,SO,technology,sin_match,False,BACKSTOP_TERILU,,,"BACKSTOP (tecnología de respaldo, nueva por diseño)",,,SO_TERILU,TERILU
,SO_BACKSTOP_TERMPW,SO,SO,technology,sin_match,False,BACKSTOP_TERMPW,,,"BACKSTOP (tecnología de respaldo, nueva por diseño)",,,SO_TERMPW,TERMPW
,SO_BACKSTOP_TEROTH,SO,SO,technology,sin_match,False,BACKSTOP_TEROTH,,,"BACKSTOP (tecnología de respaldo, nueva por diseño)",,,SO_TEROTH,TEROTH
,SO_BACKSTOP_TERREF_AUC,SO,SO,technology,sin_match,False,BACKSTOP_TERREF_AUC,,,"BACKSTOP (tecnología de respaldo, nueva por diseño)",,,SO_TERREF_AUC,TERREF_AUC
,SO_BACKSTOP_TERREF_CEN,SO,SO,technology,sin_match,False,BACKSTOP_TERREF_CEN,,,"BACKSTOP (tecnología de respaldo, nueva por diseño)",,,SO_TERREF_CEN,TERREF_CEN
,SO_BACKSTOP_TRAAVI,SO,SO,technology,sin_match,False,BACKSTOP_TRAAVI,,,"BACKSTOP (tecnología de respaldo, nueva por diseño)",,,SO_TRAAVI,TRAAVI
,SO_BACKSTOP_TRABUS,SO,SO,technology,sin_match,False,BACKSTOP_TRABUS,,,"BACKSTOP (tecnología de respaldo, nueva por diseño)",,,SO_TRABUS,TRABUS
,SO_BACKSTOP_TRAFWD,SO,SO,technology,sin_match,False,BACKSTOP_TRAFWD,,,"BACKSTOP (tecnología de respaldo, nueva por diseño)",,,SO_TRAFWD,TRAFWD
,SO_BACKSTOP_TRALDV,SO,SO,technology,sin_match,False,BACKSTOP_TRALDV,,,"BACKSTOP (tecnología de respaldo, nueva por diseño)",,,SO_TRALDV,TRALDV
,SO_BACKSTOP_TRAMAS,SO,SO,technology,sin_match,False,BACKSTOP_TRAMAS,,,"BACKSTOP (tecnología de respaldo, nueva por diseño)",,,SO_TRAMAS,TRAMAS
,SO_BACKSTOP_TRAMET,SO,SO,technology,sin_match,False,BACKSTOP_TRAMET,,,"BACKSTOP (tecnología de respaldo, nueva por diseño)",,,SO_TRAMET,TRAMET
,SO_BACKSTOP_TRAMIC,SO,SO,technology,sin_match,False,BACKSTOP_TRAMIC,,,"BACKSTOP (tecnología de respaldo, nueva por diseño)",,,SO_TRAMIC,TRAMIC
,SO_BACKSTOP_TRAMRT,SO,SO,technology,sin_match,False,BACKSTOP_TRAMRT,,,"BACKSTOP (tecnología de respaldo, nueva por diseño)",,,SO_TRAMRT,TRAMRT
,SO_BACKSTOP_TRAMTC,SO,SO,technology,sin_match,False,BACKSTOP_TRAMTC,,,"BACKSTOP (tecnología de respaldo, nueva por diseño)",,,SO_TRAMTC,TRAMTC
,SO_BACKSTOP_TRARVT,SO,SO,technology,sin_match,False,BACKSTOP_TRARVT,,,"BACKSTOP (tecnología de respaldo, nueva por diseño)",,,SO_TRARVT,TRARVT
,SO_BACKSTOP_TRASTT,SO,SO,technology,sin_match,False,BACKSTOP_TRASTT,,,"BACKSTOP (tecnología de respaldo, nueva por diseño)",,,SO_TRASTT,TRASTT
,SO_BACKSTOP_TRATAX,SO,SO,technology,sin_match,False,BACKSTOP_TRATAX,,,"BACKSTOP (tecnología de respaldo, nueva por diseño)",,,SO_TRATAX,TRATAX
,SO_BACKSTOP_TRATCK,SO,SO,technology,sin_match,False,BACKSTOP_TRATCK,,,"BACKSTOP (tecnología de respaldo, nueva por diseño)",,,SO_TRATCK,TRATCK
,SO_DEMRESELCAIR_PAR_HIG_URB,SO,SO,technology,sin_match,False,DEMRESELCAIR_PAR_HIG_URB,,,revisar: tecnología regional sin equivalente nacional,SO_ELC003,ELC002,SO_RESCLIM_URB,RESCLIM_URB
,SO_DEMRESNGSWHT_NAT_MID_RUR,SO,SO,technology,sin_match,False,DEMRESNGSWHT_NAT_MID_RUR,,,revisar: tecnología regional sin equivalente nacional,SO_NGS002,NGS002,SO_RESWHT_RUR,RESWHT_RUR
,SO_DEMRESNGSWHT_NAT_MID_URB,SO,SO,technology,sin_match,False,DEMRESNGSWHT_NAT_MID_URB,,,revisar: tecnología regional sin equivalente nacional,SO_NGS002,NGS002,SO_RESWHT_URB,RESWHT_URB
,SO_DEMTERNGSCKN_MID,SO,SO,technology,sin_match,False,DEMTERNGSCKN_MID,,,revisar: tecnología regional sin equivalente nacional,SO_NGS002,NGS002,SO_TERDHT,TERDHT
,SO_DEMTRAELCMTC,SO,SO,technology,sin_match,False,DEMTRAELCMTC,,,revisar: tecnología regional sin equivalente nacional,SO_ELC003,ELC002,SO_TRAMTC,TRAMTC
,SO_DEMTRAGSLBUS_URB,SO,SO,technology,sin_match,False,DEMTRAGSLBUS_URB,,,revisar: tecnología regional sin equivalente nacional,SO_GSL003,GSL002,SO_TRABUS,TRABUS
,SO_DEMTRAGSLMTC,SO,SO,technology,sin_match,False,DEMTRAGSLMTC,,,revisar: tecnología regional sin equivalente nacional,SO_GSL003,GSL002,SO_TRAMTC,TRAMTC
,SO_EXPOIL_1LIV,SO,SO,technology,sin_match,False,EXPOIL_1LIV,,,revisar: tecnología regional sin equivalente nacional,SO_OIL001_1LIV,,OIL002,OIL002
,SO_EXPOIL_2MED,SO,SO,technology,sin_match,False,EXPOIL_2MED,,,revisar: tecnología regional sin equivalente nacional,SO_OIL001_2MED,,OIL002,OIL002
,SO_EXPOIL_3PES,SO,SO,technology,sin_match,False,EXPOIL_3PES,,,revisar: tecnología regional sin equivalente nacional,SO_OIL001_3PES,,OIL002,OIL002
,SO_IMPBET,SO,SO,technology,sin_match,False,IMPBET,,,revisar: tecnología regional sin equivalente nacional,,,BET001,
,SO_IMPOIL_1LIV,SO,SO,technology,sin_match,False,IMPOIL_1LIV,,,revisar: tecnología regional sin equivalente nacional,,,SO_OIL001_1LIV,
,SO_IMPOIL_2MED,SO,SO,technology,sin_match,False,IMPOIL_2MED,,,revisar: tecnología regional sin equivalente nacional,,,SO_OIL001_2MED,
,SO_IMPOIL_3PES,SO,SO,technology,sin_match,False,IMPOIL_3PES,,,revisar: tecnología regional sin equivalente nacional,,,SO_OIL001_3PES,
,SO_MINOIL_1LIV,SO,SO,technology,sin_match,False,MINOIL_1LIV,,,revisar: tecnología regional sin equivalente nacional,,,SO_OIL001_1LIV,
,SO_MINOIL_2MED,SO,SO,technology,sin_match,False,MINOIL_2MED,,,revisar: tecnología regional sin equivalente nacional,,,SO_OIL001_2MED,
,SO_MINOIL_3PES,SO,SO,technology,sin_match,False,MINOIL_3PES,,,revisar: tecnología regional sin equivalente nacional,,,SO_OIL001_3PES,
,SO_PWRDIST,SO,SO,technology,sin_match,False,PWRDIST,,,revisar: tecnología regional sin equivalente nacional,SO_ELC002,SOL_RTP,SO_ELC003,ELC002
,SO_PWRTRN,SO,SO,technology,sin_match,False,PWRTRN,,,revisar: tecnología regional sin equivalente nacional,SO_ELC001,ELC,SO_ELC002,SOL_RTP
,SO_PWRWAS,SO,SO,technology,sin_match,False,PWRWAS,,,revisar: tecnología regional sin equivalente nacional,SO_WAS_ORG,WAS_ORG,SO_ELC001,ELC
,SO_TYDBDL,SO,SO,technology,sin_match,False,TYDBDL,,,revisar: tecnología regional sin equivalente nacional,BDL001,,SO_BDL002,BDL
,SO_TYDBET,SO,SO,technology,sin_match,False,TYDBET,,,revisar: tecnología regional sin equivalente nacional,BET001,,SO_BET002,BET
,SO_TYDDSL,SO,SO,technology,sin_match,False,TYDDSL,,,revisar: tecnología regional sin equivalente nacional,DSL001,,SO_DSL002,DSL
,SO_TYDGSL,SO,SO,technology,sin_match,False,TYDGSL,,,revisar: tecnología regional sin equivalente nacional,GSL001,,SO_GSL002,GSL
,SO_TYDJET,SO,SO,technology,sin_match,False,TYDJET,,,revisar: tecnología regional sin equivalente nacional,JET001,,SO_JET002,JET
,SO_TYDLPG,SO,SO,technology,sin_match,False,TYDLPG,,,revisar: tecnología regional sin equivalente nacional,LPG001,,SO_LPG002,LPG002
,SO_TYDNGS,SO,SO,technology,sin_match,False,TYDNGS,,,revisar: tecnología regional sin equivalente nacional,SO_NGS001,NGS,SO_NGS002,NGS002
,TRNELC_AN_NE,,,technology,sin_match,False,TRNELC_AN_NE,,,"TRN (comercio inter-regional, nueva por diseño)",AN_ELC001;NE_ELC001,ELC,AN_ELC001;NE_ELC001,ELC
,TRNELC_CA_AN,,,technology,sin_match,False,TRNELC_CA_AN,,,"TRN (comercio inter-regional, nueva por diseño)",AN_ELC001;CA_ELC001,ELC,AN_ELC001;CA_ELC001,ELC
,TRNELC_CA_NE,,,technology,sin_match,False,TRNELC_CA_NE,,,"TRN (comercio inter-regional, nueva por diseño)",CA_ELC001;NE_ELC001,ELC,CA_ELC001;NE_ELC001,ELC
,TRNELC_CA_OR,,,technology,sin_match,False,TRNELC_CA_OR,,,"TRN (comercio inter-regional, nueva por diseño)",CA_ELC001;OR_ELC001,ELC,CA_ELC001;OR_ELC001,ELC
,TRNELC_CA_SO,,,technology,sin_match,False,TRNELC_CA_SO,,,"TRN (comercio inter-regional, nueva por diseño)",CA_ELC001;SO_ELC001,ELC,CA_ELC001;SO_ELC001,ELC
,TRNELC_OR_AN,,,technology,sin_match,False,TRNELC_OR_AN,,,"TRN (comercio inter-regional, nueva por diseño)",AN_ELC001;OR_ELC001,ELC,AN_ELC001;OR_ELC001,ELC
,TRNELC_OR_NE,,,technology,sin_match,False,TRNELC_OR_NE,,,"TRN (comercio inter-regional, nueva por diseño)",NE_ELC001;OR_ELC001,ELC,NE_ELC001;OR_ELC001,ELC
,TRNELC_OR_SO,,,technology,sin_match,False,TRNELC_OR_SO,,,"TRN (comercio inter-regional, nueva por diseño)",OR_ELC001;SO_ELC001,ELC,OR_ELC001;SO_ELC001,ELC
,TRNELC_SO_AN,,,technology,sin_match,False,TRNELC_SO_AN,,,"TRN (comercio inter-regional, nueva por diseño)",AN_ELC001;SO_ELC001,ELC,AN_ELC001;SO_ELC001,ELC
,TRNELC_SO_NE,,,technology,sin_match,False,TRNELC_SO_NE,,,"TRN (comercio inter-regional, nueva por diseño)",NE_ELC001;SO_ELC001,ELC,NE_ELC001;SO_ELC001,ELC
,TRNNGS_CA_NE,,,technology,sin_match,False,TRNNGS_CA_NE,,,"TRN (comercio inter-regional, nueva por diseño)",,,CA_NGS001;NE_NGS001,NGS
,TRNNGS_NE_AN,,,technology,sin_match,False,TRNNGS_NE_AN,,,"TRN (comercio inter-regional, nueva por diseño)",NE_NGS001,NGS,AN_NGS001,NGS
,TRNNGS_NE_OR,,,technology,sin_match,False,TRNNGS_NE_OR,,,"TRN (comercio inter-regional, nueva por diseño)",NE_NGS001,NGS,OR_NGS001,NGS
,TRNNGS_NE_SO,,,technology,sin_match,False,TRNNGS_NE_SO,,,"TRN (comercio inter-regional, nueva por diseño)",NE_NGS001,NGS,SO_NGS001,NGS
,TRNOIL_AN_CA_1LIV,,,technology,sin_match,False,TRNOIL_AN_CA_1LIV,,,"TRN (comercio inter-regional, nueva por diseño)",AN_OIL001_1LIV,,CA_OIL001_1LIV,
,TRNOIL_AN_CA_2MED,,,technology,sin_match,False,TRNOIL_AN_CA_2MED,,,"TRN (comercio inter-regional, nueva por diseño)",AN_OIL001_2MED,,CA_OIL001_2MED,
,TRNOIL_AN_CA_3PES,,,technology,sin_match,False,TRNOIL_AN_CA_3PES,,,"TRN (comercio inter-regional, nueva por diseño)",AN_OIL001_3PES,,CA_OIL001_3PES,
,TRNOIL_NE_AN_1LIV,,,technology,sin_match,False,TRNOIL_NE_AN_1LIV,,,"TRN (comercio inter-regional, nueva por diseño)",NE_OIL001_1LIV,,AN_OIL001_1LIV,
,TRNOIL_NE_AN_2MED,,,technology,sin_match,False,TRNOIL_NE_AN_2MED,,,"TRN (comercio inter-regional, nueva por diseño)",NE_OIL001_2MED,,AN_OIL001_2MED,
,TRNOIL_NE_AN_3PES,,,technology,sin_match,False,TRNOIL_NE_AN_3PES,,,"TRN (comercio inter-regional, nueva por diseño)",NE_OIL001_3PES,,AN_OIL001_3PES,
,TRNOIL_NE_CA_1LIV,,,technology,sin_match,False,TRNOIL_NE_CA_1LIV,,,"TRN (comercio inter-regional, nueva por diseño)",NE_OIL001_1LIV,,CA_OIL001_1LIV,
,TRNOIL_NE_CA_2MED,,,technology,sin_match,False,TRNOIL_NE_CA_2MED,,,"TRN (comercio inter-regional, nueva por diseño)",NE_OIL001_2MED,,CA_OIL001_2MED,
,TRNOIL_NE_CA_3PES,,,technology,sin_match,False,TRNOIL_NE_CA_3PES,,,"TRN (comercio inter-regional, nueva por diseño)",NE_OIL001_3PES,,CA_OIL001_3PES,
,TRNOIL_OR_NE_1LIV,,,technology,sin_match,False,TRNOIL_OR_NE_1LIV,,,"TRN (comercio inter-regional, nueva por diseño)",OR_OIL001_1LIV,,NE_OIL001_1LIV,
,TRNOIL_OR_NE_2MED,,,technology,sin_match,False,TRNOIL_OR_NE_2MED,,,"TRN (comercio inter-regional, nueva por diseño)",OR_OIL001_2MED,,NE_OIL001_2MED,
,TRNOIL_OR_NE_3PES,,,technology,sin_match,False,TRNOIL_OR_NE_3PES,,,"TRN (comercio inter-regional, nueva por diseño)",OR_OIL001_3PES,,NE_OIL001_3PES,
,TRNOIL_SO_AN_1LIV,,,technology,sin_match,False,TRNOIL_SO_AN_1LIV,,,"TRN (comercio inter-regional, nueva por diseño)",SO_OIL001_1LIV,,AN_OIL001_1LIV,
,TRNOIL_SO_AN_2MED,,,technology,sin_match,False,TRNOIL_SO_AN_2MED,,,"TRN (comercio inter-regional, nueva por diseño)",SO_OIL001_2MED,,AN_OIL001_2MED,
,TRNOIL_SO_AN_3PES,,,technology,sin_match,False,TRNOIL_SO_AN_3PES,,,"TRN (comercio inter-regional, nueva por diseño)",SO_OIL001_3PES,,AN_OIL001_3PES,
,TRN_CA_AN,,,technology,sin_match,False,TRN_CA_AN,,,"TRN (comercio inter-regional, nueva por diseño)",CA_COA001,COA,AN_COA002,COA002
,TRN_CA_CA,,,technology,sin_match,False,TRN_CA_CA,,,"TRN (comercio inter-regional, nueva por diseño)",CA_COA001,COA,CA_COA002,COA002
,TRN_CA_NE,,,technology,sin_match,False,TRN_CA_NE,,,"TRN (comercio inter-regional, nueva por diseño)",CA_COA001,COA,NE_COA002,COA002
,TRN_CA_OR,,,technology,sin_match,False,TRN_CA_OR,,,"TRN (comercio inter-regional, nueva por diseño)",CA_COA001,COA,OR_COA002,COA002
,TRN_CA_SO,,,technology,sin_match,False,TRN_CA_SO,,,"TRN (comercio inter-regional, nueva por diseño)",CA_COA001,COA,SO_COA002,COA002
BACKSTOP_1,,,,technology,nacional_sin_regionalizar,False,,,,tecnología nacional sin presencia regional,,,,
BACKSTOP_2,,,,technology,nacional_sin_regionalizar,False,,,,tecnología nacional sin presencia regional,,,,
BBGDST,,,,technology,nacional_sin_regionalizar,False,,,,tecnología nacional sin presencia regional,,,,
DEMRESZNIBGSCKN_MID,,,,technology,nacional_sin_regionalizar,False,,,,tecnología nacional sin presencia regional,,,,
DEMRESZNIELCCKN_LOW,,,,technology,nacional_sin_regionalizar,False,,,,tecnología nacional sin presencia regional,,,,
DEMRESZNIELC_LOW,,,,technology,nacional_sin_regionalizar,False,,,,tecnología nacional sin presencia regional,,,,
DEMRESZNILPGCKN_MID,,,,technology,nacional_sin_regionalizar,False,,,,tecnología nacional sin presencia regional,,,,
DEMRESZNIWOOCKN_LOW,,,,technology,nacional_sin_regionalizar,False,,,,tecnología nacional sin presencia regional,,,,
EXPOIL,,,,technology,nacional_sin_regionalizar,False,,,,tecnología nacional sin presencia regional,,,,
GRDCOADST,,,,technology,nacional_sin_regionalizar,False,,,,tecnología nacional sin presencia regional,,,,
GRDDSTELC,,,,technology,nacional_sin_regionalizar,False,,,,tecnología nacional sin presencia regional,,,,
GRDLPGDST,,,,technology,nacional_sin_regionalizar,False,,,,tecnología nacional sin presencia regional,,,,
GRDNGSDST,,,,technology,nacional_sin_regionalizar,False,,,,tecnología nacional sin presencia regional,,,,
GRDTYDELC,,,,technology,nacional_sin_regionalizar,False,,,,tecnología nacional sin presencia regional,,,,
GRDZNIELC,,,,technology,nacional_sin_regionalizar,False,,,,tecnología nacional sin presencia regional,,,,
IMPOIL,,,,technology,nacional_sin_regionalizar,False,,,,tecnología nacional sin presencia regional,,,,
INDLOW,,,,technology,nacional_sin_regionalizar,False,,,,tecnología nacional sin presencia regional,,,,
MINCSP,,,,technology,nacional_sin_regionalizar,False,,,,tecnología nacional sin presencia regional,,,,
MINDAM,,,,technology,nacional_sin_regionalizar,False,,,,tecnología nacional sin presencia regional,,,,
MINGEO,,,,technology,nacional_sin_regionalizar,False,,,,tecnología nacional sin presencia regional,,,,
MINOFW_FIX,,,,technology,nacional_sin_regionalizar,False,,,,tecnología nacional sin presencia regional,,,,
MINOFW_FLO,,,,technology,nacional_sin_regionalizar,False,,,,tecnología nacional sin presencia regional,,,,
MINONW,,,,technology,nacional_sin_regionalizar,False,,,,tecnología nacional sin presencia regional,,,,
MINROR,,,,technology,nacional_sin_regionalizar,False,,,,tecnología nacional sin presencia regional,,,,
MINSOL,,,,technology,nacional_sin_regionalizar,False,,,,tecnología nacional sin presencia regional,,,,
MINSOL_RTP,,,,technology,nacional_sin_regionalizar,False,,,,tecnología nacional sin presencia regional,,,,
UPSREF_BAR,,,,technology,nacional_sin_regionalizar,False,,,,tecnología nacional sin presencia regional,,,,
UPSREF_CAR,,,,technology,nacional_sin_regionalizar,False,,,,tecnología nacional sin presencia regional,,,,
AFR,AN_AFR,AN,AN,fuel,mapeo_directo,False,AFR,identidad,1.0,,,,,
AFR,CA_AFR,CA,CA,fuel,mapeo_directo,False,AFR,identidad,1.0,,,,,
AFR,NE_AFR,NE,NE,fuel,mapeo_directo,False,AFR,identidad,1.0,,,,,
AFR,OR_AFR,OR,OR,fuel,mapeo_directo,False,AFR,identidad,1.0,,,,,
AFR,SE_AFR,SE,SE,fuel,mapeo_directo,False,AFR,identidad,1.0,,,,,
AFR,SO_AFR,SO,SO,fuel,mapeo_directo,False,AFR,identidad,1.0,,,,,
AGFELC,AN_AGFELC,AN,AN,fuel,mapeo_directo,False,AGFELC,identidad,0.5,,,,,
AGFELC,CA_AGFELC,CA,CA,fuel,mapeo_directo,False,AGFELC,identidad,0.5,,,,,
AGFELC,IN_AGFELC,IN,IN,fuel,mapeo_directo,False,AGFELC,identidad,0.5,,,,,
AGFELC,NE_AGFELC,NE,NE,fuel,mapeo_directo,False,AGFELC,identidad,0.5,,,,,
AGFELC,OR_AGFELC,OR,OR,fuel,mapeo_directo,False,AGFELC,identidad,0.5,,,,,
AGFELC,SE_AGFELC,SE,SE,fuel,mapeo_directo,False,AGFELC,identidad,0.5,,,,,
AGFELC,SO_AGFELC,SO,SO,fuel,mapeo_directo,False,AGFELC,identidad,0.5,,,,,
AGFHEA,AN_AGFHEA,AN,AN,fuel,mapeo_directo,False,AGFHEA,identidad,0.8,,,,,
AGFHEA,CA_AGFHEA,CA,CA,fuel,mapeo_directo,False,AGFHEA,identidad,0.8,,,,,
AGFHEA,IN_AGFHEA,IN,IN,fuel,mapeo_directo,False,AGFHEA,identidad,0.8,,,,,
AGFHEA,NE_AGFHEA,NE,NE,fuel,mapeo_directo,False,AGFHEA,identidad,0.8,,,,,
AGFHEA,OR_AGFHEA,OR,OR,fuel,mapeo_directo,False,AGFHEA,identidad,0.8,,,,,
AGFHEA,SE_AGFHEA,SE,SE,fuel,mapeo_directo,False,AGFHEA,identidad,0.8,,,,,
AGFHEA,SO_AGFHEA,SO,SO,fuel,mapeo_directo,False,AGFHEA,identidad,0.8,,,,,
BAG,OR_BAG,OR,OR,fuel,mapeo_directo,False,BAG,identidad,1.0,,,,,
BAG,SO_BAG,SO,SO,fuel,mapeo_directo,False,BAG,identidad,1.0,,,,,
BDL,AN_BDL002,AN,AN,fuel,mapeo_directo,True,BDL002,jaccard,0.333,renombrado desde BDL,,,,
BDL,CA_BDL002,CA,CA,fuel,mapeo_directo,True,BDL002,jaccard,0.333,renombrado desde BDL,,,,
BDL,NE_BDL002,NE,NE,fuel,mapeo_directo,True,BDL002,jaccard,0.333,renombrado desde BDL,,,,
BDL,OR_BDL002,OR,OR,fuel,mapeo_directo,True,BDL002,jaccard,0.333,renombrado desde BDL,,,,
BDL,SO_BDL002,SO,SO,fuel,mapeo_directo,True,BDL002,jaccard,0.333,renombrado desde BDL,,,,
BET,AN_BET002,AN,AN,fuel,mapeo_directo,True,BET002,jaccard,0.333,renombrado desde BET,,,,
BET,CA_BET002,CA,CA,fuel,mapeo_directo,True,BET002,jaccard,0.333,renombrado desde BET,,,,
BET,NE_BET002,NE,NE,fuel,mapeo_directo,True,BET002,jaccard,0.333,renombrado desde BET,,,,
BET,OR_BET002,OR,OR,fuel,mapeo_directo,True,BET002,jaccard,0.333,renombrado desde BET,,,,
BET,SO_BET002,SO,SO,fuel,mapeo_directo,True,BET002,jaccard,0.333,renombrado desde BET,,,,
BGS,AN_BGS,AN,AN,fuel,mapeo_directo,False,BGS,identidad,0.867,,,,,
BGS,CA_BGS,CA,CA,fuel,mapeo_directo,False,BGS,identidad,0.867,,,,,
BGS,NE_BGS,NE,NE,fuel,mapeo_directo,False,BGS,identidad,0.867,,,,,
BGS,OR_BGS,OR,OR,fuel,mapeo_directo,False,BGS,identidad,0.867,,,,,
BGS,SE_BGS,SE,SE,fuel,mapeo_directo,False,BGS,identidad,0.867,,,,,
BGS,SO_BGS,SO,SO,fuel,mapeo_directo,False,BGS,identidad,0.867,,,,,
BMET,AN_BMET,AN,AN,fuel,mapeo_directo,False,BMET,identidad,1.0,,,,,
BMET,CA_BMET,CA,CA,fuel,mapeo_directo,False,BMET,identidad,1.0,,,,,
BMET,NE_BMET,NE,NE,fuel,mapeo_directo,False,BMET,identidad,1.0,,,,,
BMET,OR_BMET,OR,OR,fuel,mapeo_directo,False,BMET,identidad,1.0,,,,,
BMET,SO_BMET,SO,SO,fuel,mapeo_directo,False,BMET,identidad,1.0,,,,,
BMETL,AN_BMETL,AN,AN,fuel,mapeo_directo,False,BMETL,identidad,1.0,,,,,
BMETL,CA_BMETL,CA,CA,fuel,mapeo_directo,False,BMETL,identidad,1.0,,,,,
BMETL,NE_BMETL,NE,NE,fuel,mapeo_directo,False,BMETL,identidad,1.0,,,,,
BMETL,OR_BMETL,OR,OR,fuel,mapeo_directo,False,BMETL,identidad,1.0,,,,,
BMETL,SO_BMETL,SO,SO,fuel,mapeo_directo,False,BMETL,identidad,1.0,,,,,
COA,AN_COA001,AN,AN,fuel,mapeo_directo,True,COA001,jaccard,0.333,renombrado desde COA,,,,
COA,CA_COA001,CA,CA,fuel,mapeo_directo,True,COA001,jaccard,0.333,renombrado desde COA,,,,
COA,NE_COA001,NE,NE,fuel,mapeo_directo,True,COA001,jaccard,0.333,renombrado desde COA,,,,
COA,OR_COA001,OR,OR,fuel,mapeo_directo,True,COA001,jaccard,0.333,renombrado desde COA,,,,
COA,SO_COA001,SO,SO,fuel,mapeo_directo,True,COA001,jaccard,0.333,renombrado desde COA,,,,
COA002,AN_COA002,AN,AN,fuel,mapeo_directo,False,COA002,identidad,0.5,,,,,
COA002,CA_COA002,CA,CA,fuel,mapeo_directo,False,COA002,identidad,0.5,,,,,
COA002,NE_COA002,NE,NE,fuel,mapeo_directo,False,COA002,identidad,0.5,,,,,
COA002,OR_COA002,OR,OR,fuel,mapeo_directo,False,COA002,identidad,0.5,,,,,
COA002,SO_COA002,SO,SO,fuel,mapeo_directo,False,COA002,identidad,0.5,,,,,
CONSDSL,AN_CONSDSL,AN,AN,fuel,mapeo_directo,False,CONSDSL,identidad,1.0,,,,,
CONSDSL,CA_CONSDSL,CA,CA,fuel,mapeo_directo,False,CONSDSL,identidad,1.0,,,,,
CONSDSL,NE_CONSDSL,NE,NE,fuel,mapeo_directo,False,CONSDSL,identidad,1.0,,,,,
CONSDSL,OR_CONSDSL,OR,OR,fuel,mapeo_directo,False,CONSDSL,identidad,1.0,,,,,
CONSDSL,SO_CONSDSL,SO,SO,fuel,mapeo_directo,False,CONSDSL,identidad,1.0,,,,,
CONSELC,AN_CONSELC,AN,AN,fuel,mapeo_directo,False,CONSELC,identidad,1.0,,,,,
CONSELC,CA_CONSELC,CA,CA,fuel,mapeo_directo,False,CONSELC,identidad,1.0,,,,,
CONSELC,NE_CONSELC,NE,NE,fuel,mapeo_directo,False,CONSELC,identidad,1.0,,,,,
CONSELC,OR_CONSELC,OR,OR,fuel,mapeo_directo,False,CONSELC,identidad,1.0,,,,,
CONSELC,SO_CONSELC,SO,SO,fuel,mapeo_directo,False,CONSELC,identidad,1.0,,,,,
CONSGSL,AN_CONSGSL,AN,AN,fuel,mapeo_directo,False,CONSGSL,identidad,1.0,,,,,
CONSGSL,CA_CONSGSL,CA,CA,fuel,mapeo_directo,False,CONSGSL,identidad,1.0,,,,,
CONSGSL,NE_CONSGSL,NE,NE,fuel,mapeo_directo,False,CONSGSL,identidad,1.0,,,,,
CONSGSL,OR_CONSGSL,OR,OR,fuel,mapeo_directo,False,CONSGSL,identidad,1.0,,,,,
CONSGSL,SO_CONSGSL,SO,SO,fuel,mapeo_directo,False,CONSGSL,identidad,1.0,,,,,
CONSNGS,AN_CONSNGS,AN,AN,fuel,mapeo_directo,False,CONSNGS,identidad,1.0,,,,,
CONSNGS,CA_CONSNGS,CA,CA,fuel,mapeo_directo,False,CONSNGS,identidad,1.0,,,,,
CONSNGS,NE_CONSNGS,NE,NE,fuel,mapeo_directo,False,CONSNGS,identidad,1.0,,,,,
CONSNGS,OR_CONSNGS,OR,OR,fuel,mapeo_directo,False,CONSNGS,identidad,1.0,,,,,
CONSNGS,SO_CONSNGS,SO,SO,fuel,mapeo_directo,False,CONSNGS,identidad,1.0,,,,,
COQDSL,NE_COQDSL,NE,NE,fuel,mapeo_directo,False,COQDSL,identidad,1.0,,,,,
COQDSL,OR_COQDSL,OR,OR,fuel,mapeo_directo,False,COQDSL,identidad,1.0,,,,,
COQELC,NE_COQELC,NE,NE,fuel,mapeo_directo,False,COQELC,identidad,0.0,,,,,
COQELC,OR_COQELC,OR,OR,fuel,mapeo_directo,False,COQELC,identidad,0.0,,,,,
COQGSL,NE_COQGSL,NE,NE,fuel,mapeo_directo,False,COQGSL,identidad,1.0,,,,,
COQGSL,OR_COQGSL,OR,OR,fuel,mapeo_directo,False,COQGSL,identidad,1.0,,,,,
DSL,AN_DSL002,AN,AN,fuel,mapeo_directo,True,DSL002,jaccard,0.2,renombrado desde DSL,,,,
DSL,CA_DSL002,CA,CA,fuel,mapeo_directo,True,DSL002,jaccard,0.2,renombrado desde DSL,,,,
DSL,IN_DSL002,IN,IN,fuel,mapeo_directo,True,DSL002,jaccard,0.2,renombrado desde DSL,,,,
DSL,NE_DSL002,NE,NE,fuel,mapeo_directo,True,DSL002,jaccard,0.2,renombrado desde DSL,,,,
DSL,OR_DSL002,OR,OR,fuel,mapeo_directo,True,DSL002,jaccard,0.2,renombrado desde DSL,,,,
DSL,SE_DSL002,SE,SE,fuel,mapeo_directo,True,DSL002,jaccard,0.2,renombrado desde DSL,,,,
DSL,SO_DSL002,SO,SO,fuel,mapeo_directo,True,DSL002,jaccard,0.2,renombrado desde DSL,,,,
DSL002,AN_DSL003,AN,AN,fuel,mapeo_directo,True,DSL003,jaccard,0.652,renombrado desde DSL002,,,,
DSL002,CA_DSL003,CA,CA,fuel,mapeo_directo,True,DSL003,jaccard,0.652,renombrado desde DSL002,,,,
DSL002,NE_DSL003,NE,NE,fuel,mapeo_directo,True,DSL003,jaccard,0.652,renombrado desde DSL002,,,,
DSL002,OR_DSL003,OR,OR,fuel,mapeo_directo,True,DSL003,jaccard,0.652,renombrado desde DSL002,,,,
DSL002,SO_DSL003,SO,SO,fuel,mapeo_directo,True,DSL003,jaccard,0.652,renombrado desde DSL002,,,,
ELC,AN_ELC001,AN,AN,fuel,mapeo_directo,True,ELC001,manual,0.564,renombrado desde ELC,,,,
ELC,CA_ELC001,CA,CA,fuel,mapeo_directo,True,ELC001,manual,0.564,renombrado desde ELC,,,,
ELC,NE_ELC001,NE,NE,fuel,mapeo_directo,True,ELC001,manual,0.564,renombrado desde ELC,,,,
ELC,OR_ELC001,OR,OR,fuel,mapeo_directo,True,ELC001,manual,0.564,renombrado desde ELC,,,,
ELC,SO_ELC001,SO,SO,fuel,mapeo_directo,True,ELC001,manual,0.564,renombrado desde ELC,,,,
ELC002,AN_ELC003,AN,AN,fuel,mapeo_directo,True,ELC003,manual,0.781,renombrado desde ELC002,,,,
ELC002,CA_ELC003,CA,CA,fuel,mapeo_directo,True,ELC003,manual,0.781,renombrado desde ELC002,,,,
ELC002,IN_ELC003,IN,IN,fuel,mapeo_directo,True,ELC003,manual,0.781,renombrado desde ELC002,,,,
ELC002,NE_ELC003,NE,NE,fuel,mapeo_directo,True,ELC003,manual,0.781,renombrado desde ELC002,,,,
ELC002,OR_ELC003,OR,OR,fuel,mapeo_directo,True,ELC003,manual,0.781,renombrado desde ELC002,,,,
ELC002,SE_ELC003,SE,SE,fuel,mapeo_directo,True,ELC003,manual,0.781,renombrado desde ELC002,,,,
ELC002,SO_ELC003,SO,SO,fuel,mapeo_directo,True,ELC003,manual,0.781,renombrado desde ELC002,,,,
ELC003,AN_ELCEV001,AN,AN,fuel,mapeo_directo,True,ELCEV001,manual,1.0,renombrado desde ELC003,,,,
ELC003,CA_ELCEV001,CA,CA,fuel,mapeo_directo,True,ELCEV001,manual,1.0,renombrado desde ELC003,,,,
ELC003,IN_ELCEV001,IN,IN,fuel,mapeo_directo,True,ELCEV001,manual,1.0,renombrado desde ELC003,,,,
ELC003,NE_ELCEV001,NE,NE,fuel,mapeo_directo,True,ELCEV001,manual,1.0,renombrado desde ELC003,,,,
ELC003,OR_ELCEV001,OR,OR,fuel,mapeo_directo,True,ELCEV001,manual,1.0,renombrado desde ELC003,,,,
ELC003,SE_ELCEV001,SE,SE,fuel,mapeo_directo,True,ELCEV001,manual,1.0,renombrado desde ELC003,,,,
ELC003,SO_ELCEV001,SO,SO,fuel,mapeo_directo,True,ELCEV001,manual,1.0,renombrado desde ELC003,,,,
ELC004,AN_ELCEV002,AN,AN,fuel,mapeo_directo,True,ELCEV002,manual,1.0,renombrado desde ELC004,,,,
ELC004,CA_ELCEV002,CA,CA,fuel,mapeo_directo,True,ELCEV002,manual,1.0,renombrado desde ELC004,,,,
ELC004,IN_ELCEV002,IN,IN,fuel,mapeo_directo,True,ELCEV002,manual,1.0,renombrado desde ELC004,,,,
ELC004,NE_ELCEV002,NE,NE,fuel,mapeo_directo,True,ELCEV002,manual,1.0,renombrado desde ELC004,,,,
ELC004,OR_ELCEV002,OR,OR,fuel,mapeo_directo,True,ELCEV002,manual,1.0,renombrado desde ELC004,,,,
ELC004,SE_ELCEV002,SE,SE,fuel,mapeo_directo,True,ELCEV002,manual,1.0,renombrado desde ELC004,,,,
ELC004,SO_ELCEV002,SO,SO,fuel,mapeo_directo,True,ELCEV002,manual,1.0,renombrado desde ELC004,,,,
FOL,FOL,,,fuel,mapeo_directo,False,FOL,identidad,,commodity global (sin prefijo regional),,,,
GSL,AN_GSL002,AN,AN,fuel,mapeo_directo,True,GSL002,jaccard,0.13,renombrado desde GSL,,,,
GSL,CA_GSL002,CA,CA,fuel,mapeo_directo,True,GSL002,jaccard,0.13,renombrado desde GSL,,,,
GSL,IN_GSL002,IN,IN,fuel,mapeo_directo,True,GSL002,jaccard,0.13,renombrado desde GSL,,,,
GSL,NE_GSL002,NE,NE,fuel,mapeo_directo,True,GSL002,jaccard,0.13,renombrado desde GSL,,,,
GSL,OR_GSL002,OR,OR,fuel,mapeo_directo,True,GSL002,jaccard,0.13,renombrado desde GSL,,,,
GSL,SE_GSL002,SE,SE,fuel,mapeo_directo,True,GSL002,jaccard,0.13,renombrado desde GSL,,,,
GSL,SO_GSL002,SO,SO,fuel,mapeo_directo,True,GSL002,jaccard,0.13,renombrado desde GSL,,,,
GSL002,AN_GSL003,AN,AN,fuel,mapeo_directo,True,GSL003,jaccard,0.75,renombrado desde GSL002,,,,
GSL002,CA_GSL003,CA,CA,fuel,mapeo_directo,True,GSL003,jaccard,0.75,renombrado desde GSL002,,,,
GSL002,NE_GSL003,NE,NE,fuel,mapeo_directo,True,GSL003,jaccard,0.75,renombrado desde GSL002,,,,
GSL002,OR_GSL003,OR,OR,fuel,mapeo_directo,True,GSL003,jaccard,0.75,renombrado desde GSL002,,,,
GSL002,SO_GSL003,SO,SO,fuel,mapeo_directo,True,GSL003,jaccard,0.75,renombrado desde GSL002,,,,
GSL022,AN_MINIGSL,AN,AN,fuel,mapeo_directo,True,MINIGSL,jaccard,1.0,renombrado desde GSL022,,,,
GSL022,CA_MINIGSL,CA,CA,fuel,mapeo_directo,True,MINIGSL,jaccard,1.0,renombrado desde GSL022,,,,
GSL022,NE_MINIGSL,NE,NE,fuel,mapeo_directo,True,MINIGSL,jaccard,1.0,renombrado desde GSL022,,,,
GSL022,OR_MINIGSL,OR,OR,fuel,mapeo_directo,True,MINIGSL,jaccard,1.0,renombrado desde GSL022,,,,
GSL022,SO_MINIGSL,SO,SO,fuel,mapeo_directo,True,MINIGSL,jaccard,1.0,renombrado desde GSL022,,,,
HDG,AN_HDG001,AN,AN,fuel,mapeo_directo,True,HDG001,jaccard,1.0,renombrado desde HDG,,,,
HDG,CA_HDG001,CA,CA,fuel,mapeo_directo,True,HDG001,jaccard,1.0,renombrado desde HDG,,,,
HDG,NE_HDG001,NE,NE,fuel,mapeo_directo,True,HDG001,jaccard,1.0,renombrado desde HDG,,,,
HDG,OR_HDG001,OR,OR,fuel,mapeo_directo,True,HDG001,jaccard,1.0,renombrado desde HDG,,,,
HDG,SO_HDG001,SO,SO,fuel,mapeo_directo,True,HDG001,jaccard,1.0,renombrado desde HDG,,,,
HDG002,AN_HDG002,AN,AN,fuel,mapeo_directo,False,HDG002,identidad,1.0,,,,,
HDG002,CA_HDG002,CA,CA,fuel,mapeo_directo,False,HDG002,identidad,1.0,,,,,
HDG002,NE_HDG002,NE,NE,fuel,mapeo_directo,False,HDG002,identidad,1.0,,,,,
HDG002,OR_HDG002,OR,OR,fuel,mapeo_directo,False,HDG002,identidad,1.0,,,,,
HDG002,SO_HDG002,SO,SO,fuel,mapeo_directo,False,HDG002,identidad,1.0,,,,,
INDCLIM,AN_INDCLIM,AN,AN,fuel,mapeo_directo,False,INDCLIM,identidad,0.75,,,,,
INDCLIM,CA_INDCLIM,CA,CA,fuel,mapeo_directo,False,INDCLIM,identidad,0.75,,,,,
INDCLIM,NE_INDCLIM,NE,NE,fuel,mapeo_directo,False,INDCLIM,identidad,0.75,,,,,
INDCLIM,OR_INDCLIM,OR,OR,fuel,mapeo_directo,False,INDCLIM,identidad,0.75,,,,,
INDCLIM,SO_INDCLIM,SO,SO,fuel,mapeo_directo,False,INDCLIM,identidad,0.75,,,,,
INDDHT,AN_INDDHT,AN,AN,fuel,mapeo_directo,False,INDDHT,identidad,0.964,,,,,
INDDHT,CA_INDDHT,CA,CA,fuel,mapeo_directo,False,INDDHT,identidad,0.964,,,,,
INDDHT,NE_INDDHT,NE,NE,fuel,mapeo_directo,False,INDDHT,identidad,0.964,,,,,
INDDHT,OR_INDDHT,OR,OR,fuel,mapeo_directo,False,INDDHT,identidad,0.964,,,,,
INDDHT,SO_INDDHT,SO,SO,fuel,mapeo_directo,False,INDDHT,identidad,0.964,,,,,
INDIHT,AN_INDIHT,AN,AN,fuel,mapeo_directo,False,INDIHT,identidad,0.964,,,,,
INDIHT,CA_INDIHT,CA,CA,fuel,mapeo_directo,False,INDIHT,identidad,0.964,,,,,
INDIHT,NE_INDIHT,NE,NE,fuel,mapeo_directo,False,INDIHT,identidad,0.964,,,,,
INDIHT,OR_INDIHT,OR,OR,fuel,mapeo_directo,False,INDIHT,identidad,0.964,,,,,
INDIHT,SO_INDIHT,SO,SO,fuel,mapeo_directo,False,INDIHT,identidad,0.964,,,,,
INDILU,AN_INDILU,AN,AN,fuel,mapeo_directo,False,INDILU,identidad,0.75,,,,,
INDILU,CA_INDILU,CA,CA,fuel,mapeo_directo,False,INDILU,identidad,0.75,,,,,
INDILU,NE_INDILU,NE,NE,fuel,mapeo_directo,False,INDILU,identidad,0.75,,,,,
INDILU,OR_INDILU,OR,OR,fuel,mapeo_directo,False,INDILU,identidad,0.75,,,,,
INDILU,SO_INDILU,SO,SO,fuel,mapeo_directo,False,INDILU,identidad,0.75,,,,,
INDMPW,AN_INDMPW,AN,AN,fuel,mapeo_directo,False,INDMPW,identidad,0.75,,,,,
INDMPW,CA_INDMPW,CA,CA,fuel,mapeo_directo,False,INDMPW,identidad,0.75,,,,,
INDMPW,NE_INDMPW,NE,NE,fuel,mapeo_directo,False,INDMPW,identidad,0.75,,,,,
INDMPW,OR_INDMPW,OR,OR,fuel,mapeo_directo,False,INDMPW,identidad,0.75,,,,,
INDMPW,SO_INDMPW,SO,SO,fuel,mapeo_directo,False,INDMPW,identidad,0.75,,,,,
INDOTH_COA,AN_INDOTH_COA,AN,AN,fuel,mapeo_directo,False,INDOTH_COA,identidad,0.5,,,,,
INDOTH_COA,CA_INDOTH_COA,CA,CA,fuel,mapeo_directo,False,INDOTH_COA,identidad,0.5,,,,,
INDOTH_COA,NE_INDOTH_COA,NE,NE,fuel,mapeo_directo,False,INDOTH_COA,identidad,0.5,,,,,
INDOTH_COA,OR_INDOTH_COA,OR,OR,fuel,mapeo_directo,False,INDOTH_COA,identidad,0.5,,,,,
INDOTH_COA,SO_INDOTH_COA,SO,SO,fuel,mapeo_directo,False,INDOTH_COA,identidad,0.5,,,,,
INDOTH_ELC,AN_INDOTH_ELC,AN,AN,fuel,mapeo_directo,False,INDOTH_ELC,identidad,0.75,,,,,
INDOTH_ELC,CA_INDOTH_ELC,CA,CA,fuel,mapeo_directo,False,INDOTH_ELC,identidad,0.75,,,,,
INDOTH_ELC,NE_INDOTH_ELC,NE,NE,fuel,mapeo_directo,False,INDOTH_ELC,identidad,0.75,,,,,
INDOTH_ELC,OR_INDOTH_ELC,OR,OR,fuel,mapeo_directo,False,INDOTH_ELC,identidad,0.75,,,,,
INDOTH_ELC,SO_INDOTH_ELC,SO,SO,fuel,mapeo_directo,False,INDOTH_ELC,identidad,0.75,,,,,
INDREF,AN_INDREF,AN,AN,fuel,mapeo_directo,False,INDREF,identidad,0.75,,,,,
INDREF,CA_INDREF,CA,CA,fuel,mapeo_directo,False,INDREF,identidad,0.75,,,,,
INDREF,NE_INDREF,NE,NE,fuel,mapeo_directo,False,INDREF,identidad,0.75,,,,,
INDREF,OR_INDREF,OR,OR,fuel,mapeo_directo,False,INDREF,identidad,0.75,,,,,
INDREF,SO_INDREF,SO,SO,fuel,mapeo_directo,False,INDREF,identidad,0.75,,,,,
JET,AN_JET002,AN,AN,fuel,mapeo_directo,True,JET002,jaccard,0.429,renombrado desde JET,,,,
JET,CA_JET002,CA,CA,fuel,mapeo_directo,True,JET002,jaccard,0.429,renombrado desde JET,,,,
JET,IN_JET002,IN,IN,fuel,mapeo_directo,True,JET002,jaccard,0.429,renombrado desde JET,,,,
JET,NE_JET002,NE,NE,fuel,mapeo_directo,True,JET002,jaccard,0.429,renombrado desde JET,,,,
JET,OR_JET002,OR,OR,fuel,mapeo_directo,True,JET002,jaccard,0.429,renombrado desde JET,,,,
JET,SE_JET002,SE,SE,fuel,mapeo_directo,True,JET002,jaccard,0.429,renombrado desde JET,,,,
JET,SO_JET002,SO,SO,fuel,mapeo_directo,True,JET002,jaccard,0.429,renombrado desde JET,,,,
JETSAF,AN_JETSAF,AN,AN,fuel,mapeo_directo,False,JETSAF,identidad,1.0,,,,,
JETSAF,CA_JETSAF,CA,CA,fuel,mapeo_directo,False,JETSAF,identidad,1.0,,,,,
JETSAF,IN_JETSAF,IN,IN,fuel,mapeo_directo,False,JETSAF,identidad,1.0,,,,,
JETSAF,NE_JETSAF,NE,NE,fuel,mapeo_directo,False,JETSAF,identidad,1.0,,,,,
JETSAF,OR_JETSAF,OR,OR,fuel,mapeo_directo,False,JETSAF,identidad,1.0,,,,,
JETSAF,SE_JETSAF,SE,SE,fuel,mapeo_directo,False,JETSAF,identidad,1.0,,,,,
JETSAF,SO_JETSAF,SO,SO,fuel,mapeo_directo,False,JETSAF,identidad,1.0,,,,,
LNG,CA_LNG,CA,CA,fuel,mapeo_directo,False,LNG,identidad,1.0,,,,,
LNG,SO_LNG,SO,SO,fuel,mapeo_directo,False,LNG,identidad,1.0,,,,,
LPG002,AN_LPG002,AN,AN,fuel,mapeo_directo,False,LPG002,identidad,0.682,,,,,
LPG002,CA_LPG002,CA,CA,fuel,mapeo_directo,False,LPG002,identidad,0.682,,,,,
LPG002,IN_LPG002,IN,IN,fuel,mapeo_directo,False,LPG002,identidad,0.682,,,,,
LPG002,NE_LPG002,NE,NE,fuel,mapeo_directo,False,LPG002,identidad,0.682,,,,,
LPG002,OR_LPG002,OR,OR,fuel,mapeo_directo,False,LPG002,identidad,0.682,,,,,
LPG002,SE_LPG002,SE,SE,fuel,mapeo_directo,False,LPG002,identidad,0.682,,,,,
LPG002,SO_LPG002,SO,SO,fuel,mapeo_directo,False,LPG002,identidad,0.682,,,,,
MINIDSL,AN_MINIDSL,AN,AN,fuel,mapeo_directo,False,MINIDSL,identidad,1.0,,,,,
MINIDSL,CA_MINIDSL,CA,CA,fuel,mapeo_directo,False,MINIDSL,identidad,1.0,,,,,
MINIDSL,NE_MINIDSL,NE,NE,fuel,mapeo_directo,False,MINIDSL,identidad,1.0,,,,,
MINIDSL,OR_MINIDSL,OR,OR,fuel,mapeo_directo,False,MINIDSL,identidad,1.0,,,,,
MINIDSL,SO_MINIDSL,SO,SO,fuel,mapeo_directo,False,MINIDSL,identidad,1.0,,,,,
MINIELC,AN_MINIELC,AN,AN,fuel,mapeo_directo,False,MINIELC,identidad,1.0,,,,,
MINIELC,CA_MINIELC,CA,CA,fuel,mapeo_directo,False,MINIELC,identidad,1.0,,,,,
MINIELC,NE_MINIELC,NE,NE,fuel,mapeo_directo,False,MINIELC,identidad,1.0,,,,,
MINIELC,OR_MINIELC,OR,OR,fuel,mapeo_directo,False,MINIELC,identidad,1.0,,,,,
MINIELC,SO_MINIELC,SO,SO,fuel,mapeo_directo,False,MINIELC,identidad,1.0,,,,,
MININGS,AN_MININGS,AN,AN,fuel,mapeo_directo,False,MININGS,identidad,1.0,,,,,
MININGS,CA_MININGS,CA,CA,fuel,mapeo_directo,False,MININGS,identidad,1.0,,,,,
MININGS,NE_MININGS,NE,NE,fuel,mapeo_directo,False,MININGS,identidad,1.0,,,,,
MININGS,OR_MININGS,OR,OR,fuel,mapeo_directo,False,MININGS,identidad,1.0,,,,,
MININGS,SO_MININGS,SO,SO,fuel,mapeo_directo,False,MININGS,identidad,1.0,,,,,
NGS,AN_NGS001,AN,AN,fuel,mapeo_directo,True,NGS001,jaccard,0.125,renombrado desde NGS,,,,
NGS,CA_NGS001,CA,CA,fuel,mapeo_directo,True,NGS001,jaccard,0.125,renombrado desde NGS,,,,
NGS,NE_NGS001,NE,NE,fuel,mapeo_directo,True,NGS001,jaccard,0.125,renombrado desde NGS,,,,
NGS,OR_NGS001,OR,OR,fuel,mapeo_directo,True,NGS001,jaccard,0.125,renombrado desde NGS,,,,
NGS,SO_NGS001,SO,SO,fuel,mapeo_directo,True,NGS001,jaccard,0.125,renombrado desde NGS,,,,
NGS002,AN_NGS002,AN,AN,fuel,mapeo_directo,False,NGS002,identidad,0.78,,,,,
NGS002,CA_NGS002,CA,CA,fuel,mapeo_directo,False,NGS002,identidad,0.78,,,,,
NGS002,NE_NGS002,NE,NE,fuel,mapeo_directo,False,NGS002,identidad,0.78,,,,,
NGS002,OR_NGS002,OR,OR,fuel,mapeo_directo,False,NGS002,identidad,0.78,,,,,
NGS002,SO_NGS002,SO,SO,fuel,mapeo_directo,False,NGS002,identidad,0.78,,,,,
NGSAUT,AN_NGSAUT,AN,AN,fuel,mapeo_directo,False,NGSAUT,identidad,1.0,,,,,
NGSAUT,CA_NGSAUT,CA,CA,fuel,mapeo_directo,False,NGSAUT,identidad,1.0,,,,,
NGSAUT,NE_NGSAUT,NE,NE,fuel,mapeo_directo,False,NGSAUT,identidad,1.0,,,,,
NGSAUT,OR_NGSAUT,OR,OR,fuel,mapeo_directo,False,NGSAUT,identidad,1.0,,,,,
NGSAUT,SO_NGSAUT,SO,SO,fuel,mapeo_directo,False,NGSAUT,identidad,1.0,,,,,
NSEELC,AN_NSEELC,AN,AN,fuel,mapeo_directo,False,NSEELC,identidad,0.5,,,,,
NSEELC,CA_NSEELC,CA,CA,fuel,mapeo_directo,False,NSEELC,identidad,0.5,,,,,
NSEELC,NE_NSEELC,NE,NE,fuel,mapeo_directo,False,NSEELC,identidad,0.5,,,,,
NSEELC,OR_NSEELC,OR,OR,fuel,mapeo_directo,False,NSEELC,identidad,0.5,,,,,
NSEELC,SO_NSEELC,SO,SO,fuel,mapeo_directo,False,NSEELC,identidad,0.5,,,,,
OPL,AN_OPL,AN,AN,fuel,mapeo_directo,False,OPL,identidad,1.0,,,,,
OPL,CA_OPL,CA,CA,fuel,mapeo_directo,False,OPL,identidad,1.0,,,,,
OPL,NE_OPL,NE,NE,fuel,mapeo_directo,False,OPL,identidad,1.0,,,,,
OPL,OR_OPL,OR,OR,fuel,mapeo_directo,False,OPL,identidad,1.0,,,,,
RESCLIM_RUR,AN_RESCLIM_RUR,AN,AN,fuel,mapeo_directo,False,RESCLIM_RUR,identidad,0.923,,,,,
RESCLIM_RUR,CA_RESCLIM_RUR,CA,CA,fuel,mapeo_directo,False,RESCLIM_RUR,identidad,0.923,,,,,
RESCLIM_RUR,NE_RESCLIM_RUR,NE,NE,fuel,mapeo_directo,False,RESCLIM_RUR,identidad,0.923,,,,,
RESCLIM_RUR,OR_RESCLIM_RUR,OR,OR,fuel,mapeo_directo,False,RESCLIM_RUR,identidad,0.923,,,,,
RESCLIM_RUR,SO_RESCLIM_RUR,SO,SO,fuel,mapeo_directo,False,RESCLIM_RUR,identidad,0.923,,,,,
RESCLIM_URB,AN_RESCLIM_URB,AN,AN,fuel,mapeo_directo,False,RESCLIM_URB,identidad,0.857,,,,,
RESCLIM_URB,CA_RESCLIM_URB,CA,CA,fuel,mapeo_directo,False,RESCLIM_URB,identidad,0.857,,,,,
RESCLIM_URB,NE_RESCLIM_URB,NE,NE,fuel,mapeo_directo,False,RESCLIM_URB,identidad,0.857,,,,,
RESCLIM_URB,OR_RESCLIM_URB,OR,OR,fuel,mapeo_directo,False,RESCLIM_URB,identidad,0.857,,,,,
RESCLIM_URB,SO_RESCLIM_URB,SO,SO,fuel,mapeo_directo,False,RESCLIM_URB,identidad,0.857,,,,,
RESDHT_RUR,AN_RESDHT_RUR,AN,AN,fuel,mapeo_directo,False,RESDHT_RUR,identidad,0.929,,,,,
RESDHT_RUR,CA_RESDHT_RUR,CA,CA,fuel,mapeo_directo,False,RESDHT_RUR,identidad,0.929,,,,,
RESDHT_RUR,NE_RESDHT_RUR,NE,NE,fuel,mapeo_directo,False,RESDHT_RUR,identidad,0.929,,,,,
RESDHT_RUR,OR_RESDHT_RUR,OR,OR,fuel,mapeo_directo,False,RESDHT_RUR,identidad,0.929,,,,,
RESDHT_RUR,SO_RESDHT_RUR,SO,SO,fuel,mapeo_directo,False,RESDHT_RUR,identidad,0.929,,,,,
RESDHT_URB,AN_RESDHT_URB,AN,AN,fuel,mapeo_directo,False,RESDHT_URB,identidad,0.923,,,,,
RESDHT_URB,CA_RESDHT_URB,CA,CA,fuel,mapeo_directo,False,RESDHT_URB,identidad,0.923,,,,,
RESDHT_URB,NE_RESDHT_URB,NE,NE,fuel,mapeo_directo,False,RESDHT_URB,identidad,0.923,,,,,
RESDHT_URB,OR_RESDHT_URB,OR,OR,fuel,mapeo_directo,False,RESDHT_URB,identidad,0.923,,,,,
RESDHT_URB,SO_RESDHT_URB,SO,SO,fuel,mapeo_directo,False,RESDHT_URB,identidad,0.923,,,,,
RESILU_RUR,AN_RESILU_RUR,AN,AN,fuel,mapeo_directo,False,RESILU_RUR,identidad,0.833,,,,,
RESILU_RUR,CA_RESILU_RUR,CA,CA,fuel,mapeo_directo,False,RESILU_RUR,identidad,0.833,,,,,
RESILU_RUR,NE_RESILU_RUR,NE,NE,fuel,mapeo_directo,False,RESILU_RUR,identidad,0.833,,,,,
RESILU_RUR,OR_RESILU_RUR,OR,OR,fuel,mapeo_directo,False,RESILU_RUR,identidad,0.833,,,,,
RESILU_RUR,SO_RESILU_RUR,SO,SO,fuel,mapeo_directo,False,RESILU_RUR,identidad,0.833,,,,,
RESILU_URB,AN_RESILU_URB,AN,AN,fuel,mapeo_directo,False,RESILU_URB,identidad,0.857,,,,,
RESILU_URB,CA_RESILU_URB,CA,CA,fuel,mapeo_directo,False,RESILU_URB,identidad,0.857,,,,,
RESILU_URB,NE_RESILU_URB,NE,NE,fuel,mapeo_directo,False,RESILU_URB,identidad,0.857,,,,,
RESILU_URB,OR_RESILU_URB,OR,OR,fuel,mapeo_directo,False,RESILU_URB,identidad,0.857,,,,,
RESILU_URB,SO_RESILU_URB,SO,SO,fuel,mapeo_directo,False,RESILU_URB,identidad,0.857,,,,,
RESOTH_RUR,AN_RESOTH_RUR,AN,AN,fuel,mapeo_directo,False,RESOTH_RUR,identidad,0.75,,,,,
RESOTH_RUR,CA_RESOTH_RUR,CA,CA,fuel,mapeo_directo,False,RESOTH_RUR,identidad,0.75,,,,,
RESOTH_RUR,NE_RESOTH_RUR,NE,NE,fuel,mapeo_directo,False,RESOTH_RUR,identidad,0.75,,,,,
RESOTH_RUR,OR_RESOTH_RUR,OR,OR,fuel,mapeo_directo,False,RESOTH_RUR,identidad,0.75,,,,,
RESOTH_RUR,SO_RESOTH_RUR,SO,SO,fuel,mapeo_directo,False,RESOTH_RUR,identidad,0.75,,,,,
RESOTH_URB,AN_RESOTH_URB,AN,AN,fuel,mapeo_directo,False,RESOTH_URB,identidad,0.75,,,,,
RESOTH_URB,CA_RESOTH_URB,CA,CA,fuel,mapeo_directo,False,RESOTH_URB,identidad,0.75,,,,,
RESOTH_URB,NE_RESOTH_URB,NE,NE,fuel,mapeo_directo,False,RESOTH_URB,identidad,0.75,,,,,
RESOTH_URB,OR_RESOTH_URB,OR,OR,fuel,mapeo_directo,False,RESOTH_URB,identidad,0.75,,,,,
RESOTH_URB,SO_RESOTH_URB,SO,SO,fuel,mapeo_directo,False,RESOTH_URB,identidad,0.75,,,,,
RESREF_RUR,AN_RESREF_RUR,AN,AN,fuel,mapeo_directo,False,RESREF_RUR,identidad,0.75,,,,,
RESREF_RUR,CA_RESREF_RUR,CA,CA,fuel,mapeo_directo,False,RESREF_RUR,identidad,0.75,,,,,
RESREF_RUR,NE_RESREF_RUR,NE,NE,fuel,mapeo_directo,False,RESREF_RUR,identidad,0.75,,,,,
RESREF_RUR,OR_RESREF_RUR,OR,OR,fuel,mapeo_directo,False,RESREF_RUR,identidad,0.75,,,,,
RESREF_RUR,SO_RESREF_RUR,SO,SO,fuel,mapeo_directo,False,RESREF_RUR,identidad,0.75,,,,,
RESREF_URB,AN_RESREF_URB,AN,AN,fuel,mapeo_directo,False,RESREF_URB,identidad,0.75,,,,,
RESREF_URB,CA_RESREF_URB,CA,CA,fuel,mapeo_directo,False,RESREF_URB,identidad,0.75,,,,,
RESREF_URB,NE_RESREF_URB,NE,NE,fuel,mapeo_directo,False,RESREF_URB,identidad,0.75,,,,,
RESREF_URB,OR_RESREF_URB,OR,OR,fuel,mapeo_directo,False,RESREF_URB,identidad,0.75,,,,,
RESREF_URB,SO_RESREF_URB,SO,SO,fuel,mapeo_directo,False,RESREF_URB,identidad,0.75,,,,,
RESTV_RUR,AN_RESTV_RUR,AN,AN,fuel,mapeo_directo,False,RESTV_RUR,identidad,0.8,,,,,
RESTV_RUR,CA_RESTV_RUR,CA,CA,fuel,mapeo_directo,False,RESTV_RUR,identidad,0.8,,,,,
RESTV_RUR,NE_RESTV_RUR,NE,NE,fuel,mapeo_directo,False,RESTV_RUR,identidad,0.8,,,,,
RESTV_RUR,OR_RESTV_RUR,OR,OR,fuel,mapeo_directo,False,RESTV_RUR,identidad,0.8,,,,,
RESTV_RUR,SO_RESTV_RUR,SO,SO,fuel,mapeo_directo,False,RESTV_RUR,identidad,0.8,,,,,
RESTV_URB,AN_RESTV_URB,AN,AN,fuel,mapeo_directo,False,RESTV_URB,identidad,0.8,,,,,
RESTV_URB,CA_RESTV_URB,CA,CA,fuel,mapeo_directo,False,RESTV_URB,identidad,0.8,,,,,
RESTV_URB,NE_RESTV_URB,NE,NE,fuel,mapeo_directo,False,RESTV_URB,identidad,0.8,,,,,
RESTV_URB,OR_RESTV_URB,OR,OR,fuel,mapeo_directo,False,RESTV_URB,identidad,0.8,,,,,
RESTV_URB,SO_RESTV_URB,SO,SO,fuel,mapeo_directo,False,RESTV_URB,identidad,0.8,,,,,
RESWHT_RUR,AN_RESWHT_RUR,AN,AN,fuel,mapeo_directo,False,RESWHT_RUR,identidad,0.875,,,,,
RESWHT_RUR,CA_RESWHT_RUR,CA,CA,fuel,mapeo_directo,False,RESWHT_RUR,identidad,0.875,,,,,
RESWHT_RUR,NE_RESWHT_RUR,NE,NE,fuel,mapeo_directo,False,RESWHT_RUR,identidad,0.875,,,,,
RESWHT_RUR,OR_RESWHT_RUR,OR,OR,fuel,mapeo_directo,False,RESWHT_RUR,identidad,0.875,,,,,
RESWHT_RUR,SO_RESWHT_RUR,SO,SO,fuel,mapeo_directo,False,RESWHT_RUR,identidad,0.875,,,,,
RESWHT_URB,AN_RESWHT_URB,AN,AN,fuel,mapeo_directo,False,RESWHT_URB,identidad,0.875,,,,,
RESWHT_URB,CA_RESWHT_URB,CA,CA,fuel,mapeo_directo,False,RESWHT_URB,identidad,0.875,,,,,
RESWHT_URB,NE_RESWHT_URB,NE,NE,fuel,mapeo_directo,False,RESWHT_URB,identidad,0.875,,,,,
RESWHT_URB,OR_RESWHT_URB,OR,OR,fuel,mapeo_directo,False,RESWHT_URB,identidad,0.875,,,,,
RESWHT_URB,SO_RESWHT_URB,SO,SO,fuel,mapeo_directo,False,RESWHT_URB,identidad,0.875,,,,,
RESWSH_RUR,AN_RESWSH_RUR,AN,AN,fuel,mapeo_directo,False,RESWSH_RUR,identidad,0.75,,,,,
RESWSH_RUR,CA_RESWSH_RUR,CA,CA,fuel,mapeo_directo,False,RESWSH_RUR,identidad,0.75,,,,,
RESWSH_RUR,NE_RESWSH_RUR,NE,NE,fuel,mapeo_directo,False,RESWSH_RUR,identidad,0.75,,,,,
RESWSH_RUR,OR_RESWSH_RUR,OR,OR,fuel,mapeo_directo,False,RESWSH_RUR,identidad,0.75,,,,,
RESWSH_RUR,SO_RESWSH_RUR,SO,SO,fuel,mapeo_directo,False,RESWSH_RUR,identidad,0.75,,,,,
RESWSH_URB,AN_RESWSH_URB,AN,AN,fuel,mapeo_directo,False,RESWSH_URB,identidad,0.75,,,,,
RESWSH_URB,CA_RESWSH_URB,CA,CA,fuel,mapeo_directo,False,RESWSH_URB,identidad,0.75,,,,,
RESWSH_URB,NE_RESWSH_URB,NE,NE,fuel,mapeo_directo,False,RESWSH_URB,identidad,0.75,,,,,
RESWSH_URB,OR_RESWSH_URB,OR,OR,fuel,mapeo_directo,False,RESWSH_URB,identidad,0.75,,,,,
RESWSH_URB,SO_RESWSH_URB,SO,SO,fuel,mapeo_directo,False,RESWSH_URB,identidad,0.75,,,,,
SGC,OR_SGC,OR,OR,fuel,mapeo_directo,False,SGC,identidad,1.0,,,,,
SGC,SO_SGC,SO,SO,fuel,mapeo_directo,False,SGC,identidad,1.0,,,,,
SOL_RTP,AN_ELC002,AN,AN,fuel,mapeo_directo,True,ELC002,jaccard,0.125,renombrado desde SOL_RTP,,,,
SOL_RTP,CA_ELC002,CA,CA,fuel,mapeo_directo,True,ELC002,jaccard,0.125,renombrado desde SOL_RTP,,,,
SOL_RTP,NE_ELC002,NE,NE,fuel,mapeo_directo,True,ELC002,jaccard,0.125,renombrado desde SOL_RTP,,,,
SOL_RTP,OR_ELC002,OR,OR,fuel,mapeo_directo,True,ELC002,jaccard,0.125,renombrado desde SOL_RTP,,,,
SOL_RTP,SO_ELC002,SO,SO,fuel,mapeo_directo,True,ELC002,jaccard,0.125,renombrado desde SOL_RTP,,,,
TERCLIM_CEN,AN_TERCLIM_CEN,AN,AN,fuel,mapeo_directo,False,TERCLIM_CEN,identidad,0.75,,,,,
TERCLIM_CEN,CA_TERCLIM_CEN,CA,CA,fuel,mapeo_directo,False,TERCLIM_CEN,identidad,0.75,,,,,
TERCLIM_CEN,IN_TERCLIM_CEN,IN,IN,fuel,mapeo_directo,False,TERCLIM_CEN,identidad,0.75,,,,,
TERCLIM_CEN,NE_TERCLIM_CEN,NE,NE,fuel,mapeo_directo,False,TERCLIM_CEN,identidad,0.75,,,,,
TERCLIM_CEN,OR_TERCLIM_CEN,OR,OR,fuel,mapeo_directo,False,TERCLIM_CEN,identidad,0.75,,,,,
TERCLIM_CEN,SE_TERCLIM_CEN,SE,SE,fuel,mapeo_directo,False,TERCLIM_CEN,identidad,0.75,,,,,
TERCLIM_CEN,SO_TERCLIM_CEN,SO,SO,fuel,mapeo_directo,False,TERCLIM_CEN,identidad,0.75,,,,,
TERCLIM_FAN,AN_TERCLIM_FAN,AN,AN,fuel,mapeo_directo,False,TERCLIM_FAN,identidad,0.75,,,,,
TERCLIM_FAN,CA_TERCLIM_FAN,CA,CA,fuel,mapeo_directo,False,TERCLIM_FAN,identidad,0.75,,,,,
TERCLIM_FAN,IN_TERCLIM_FAN,IN,IN,fuel,mapeo_directo,False,TERCLIM_FAN,identidad,0.75,,,,,
TERCLIM_FAN,NE_TERCLIM_FAN,NE,NE,fuel,mapeo_directo,False,TERCLIM_FAN,identidad,0.75,,,,,
TERCLIM_FAN,OR_TERCLIM_FAN,OR,OR,fuel,mapeo_directo,False,TERCLIM_FAN,identidad,0.75,,,,,
TERCLIM_FAN,SE_TERCLIM_FAN,SE,SE,fuel,mapeo_directo,False,TERCLIM_FAN,identidad,0.75,,,,,
TERCLIM_FAN,SO_TERCLIM_FAN,SO,SO,fuel,mapeo_directo,False,TERCLIM_FAN,identidad,0.75,,,,,
TERCLIM_SPL,AN_TERCLIM_SPL,AN,AN,fuel,mapeo_directo,False,TERCLIM_SPL,identidad,0.75,,,,,
TERCLIM_SPL,CA_TERCLIM_SPL,CA,CA,fuel,mapeo_directo,False,TERCLIM_SPL,identidad,0.75,,,,,
TERCLIM_SPL,IN_TERCLIM_SPL,IN,IN,fuel,mapeo_directo,False,TERCLIM_SPL,identidad,0.75,,,,,
TERCLIM_SPL,NE_TERCLIM_SPL,NE,NE,fuel,mapeo_directo,False,TERCLIM_SPL,identidad,0.75,,,,,
TERCLIM_SPL,OR_TERCLIM_SPL,OR,OR,fuel,mapeo_directo,False,TERCLIM_SPL,identidad,0.75,,,,,
TERCLIM_SPL,SE_TERCLIM_SPL,SE,SE,fuel,mapeo_directo,False,TERCLIM_SPL,identidad,0.75,,,,,
TERCLIM_SPL,SO_TERCLIM_SPL,SO,SO,fuel,mapeo_directo,False,TERCLIM_SPL,identidad,0.75,,,,,
TERDATA,AN_TERDATA,AN,AN,fuel,mapeo_directo,False,TERDATA,identidad,1.0,,,,,
TERDATA,CA_TERDATA,CA,CA,fuel,mapeo_directo,False,TERDATA,identidad,1.0,,,,,
TERDATA,NE_TERDATA,NE,NE,fuel,mapeo_directo,False,TERDATA,identidad,1.0,,,,,
TERDATA,OR_TERDATA,OR,OR,fuel,mapeo_directo,False,TERDATA,identidad,1.0,,,,,
TERDATA,SO_TERDATA,SO,SO,fuel,mapeo_directo,False,TERDATA,identidad,1.0,,,,,
TERDHT,AN_TERDHT,AN,AN,fuel,mapeo_directo,False,TERDHT,identidad,0.846,,,,,
TERDHT,CA_TERDHT,CA,CA,fuel,mapeo_directo,False,TERDHT,identidad,0.846,,,,,
TERDHT,IN_TERDHT,IN,IN,fuel,mapeo_directo,False,TERDHT,identidad,0.846,,,,,
TERDHT,NE_TERDHT,NE,NE,fuel,mapeo_directo,False,TERDHT,identidad,0.846,,,,,
TERDHT,OR_TERDHT,OR,OR,fuel,mapeo_directo,False,TERDHT,identidad,0.846,,,,,
TERDHT,SE_TERDHT,SE,SE,fuel,mapeo_directo,False,TERDHT,identidad,0.846,,,,,
TERDHT,SO_TERDHT,SO,SO,fuel,mapeo_directo,False,TERDHT,identidad,0.846,,,,,
TERIHT,AN_TERIHT,AN,AN,fuel,mapeo_directo,False,TERIHT,identidad,0.75,,,,,
TERIHT,CA_TERIHT,CA,CA,fuel,mapeo_directo,False,TERIHT,identidad,0.75,,,,,
TERIHT,NE_TERIHT,NE,NE,fuel,mapeo_directo,False,TERIHT,identidad,0.75,,,,,
TERIHT,OR_TERIHT,OR,OR,fuel,mapeo_directo,False,TERIHT,identidad,0.75,,,,,
TERIHT,SO_TERIHT,SO,SO,fuel,mapeo_directo,False,TERIHT,identidad,0.75,,,,,
TERILU,AN_TERILU,AN,AN,fuel,mapeo_directo,False,TERILU,identidad,0.875,,,,,
TERILU,CA_TERILU,CA,CA,fuel,mapeo_directo,False,TERILU,identidad,0.875,,,,,
TERILU,NE_TERILU,NE,NE,fuel,mapeo_directo,False,TERILU,identidad,0.875,,,,,
TERILU,OR_TERILU,OR,OR,fuel,mapeo_directo,False,TERILU,identidad,0.875,,,,,
TERILU,SO_TERILU,SO,SO,fuel,mapeo_directo,False,TERILU,identidad,0.875,,,,,
TERMPW,AN_TERMPW,AN,AN,fuel,mapeo_directo,False,TERMPW,identidad,0.75,,,,,
TERMPW,CA_TERMPW,CA,CA,fuel,mapeo_directo,False,TERMPW,identidad,0.75,,,,,
TERMPW,NE_TERMPW,NE,NE,fuel,mapeo_directo,False,TERMPW,identidad,0.75,,,,,
TERMPW,OR_TERMPW,OR,OR,fuel,mapeo_directo,False,TERMPW,identidad,0.75,,,,,
TERMPW,SO_TERMPW,SO,SO,fuel,mapeo_directo,False,TERMPW,identidad,0.75,,,,,
TEROTH,AN_TEROTH,AN,AN,fuel,mapeo_directo,False,TEROTH,identidad,0.75,,,,,
TEROTH,CA_TEROTH,CA,CA,fuel,mapeo_directo,False,TEROTH,identidad,0.75,,,,,
TEROTH,IN_TEROTH,IN,IN,fuel,mapeo_directo,False,TEROTH,identidad,0.75,,,,,
TEROTH,NE_TEROTH,NE,NE,fuel,mapeo_directo,False,TEROTH,identidad,0.75,,,,,
TEROTH,OR_TEROTH,OR,OR,fuel,mapeo_directo,False,TEROTH,identidad,0.75,,,,,
TEROTH,SE_TEROTH,SE,SE,fuel,mapeo_directo,False,TEROTH,identidad,0.75,,,,,
TEROTH,SO_TEROTH,SO,SO,fuel,mapeo_directo,False,TEROTH,identidad,0.75,,,,,
TERREF_AUC,AN_TERREF_AUC,AN,AN,fuel,mapeo_directo,False,TERREF_AUC,identidad,0.75,,,,,
TERREF_AUC,CA_TERREF_AUC,CA,CA,fuel,mapeo_directo,False,TERREF_AUC,identidad,0.75,,,,,
TERREF_AUC,IN_TERREF_AUC,IN,IN,fuel,mapeo_directo,False,TERREF_AUC,identidad,0.75,,,,,
TERREF_AUC,NE_TERREF_AUC,NE,NE,fuel,mapeo_directo,False,TERREF_AUC,identidad,0.75,,,,,
TERREF_AUC,OR_TERREF_AUC,OR,OR,fuel,mapeo_directo,False,TERREF_AUC,identidad,0.75,,,,,
TERREF_AUC,SE_TERREF_AUC,SE,SE,fuel,mapeo_directo,False,TERREF_AUC,identidad,0.75,,,,,
TERREF_AUC,SO_TERREF_AUC,SO,SO,fuel,mapeo_directo,False,TERREF_AUC,identidad,0.75,,,,,
TERREF_CEN,AN_TERREF_CEN,AN,AN,fuel,mapeo_directo,False,TERREF_CEN,identidad,0.75,,,,,
TERREF_CEN,CA_TERREF_CEN,CA,CA,fuel,mapeo_directo,False,TERREF_CEN,identidad,0.75,,,,,
TERREF_CEN,IN_TERREF_CEN,IN,IN,fuel,mapeo_directo,False,TERREF_CEN,identidad,0.75,,,,,
TERREF_CEN,NE_TERREF_CEN,NE,NE,fuel,mapeo_directo,False,TERREF_CEN,identidad,0.75,,,,,
TERREF_CEN,OR_TERREF_CEN,OR,OR,fuel,mapeo_directo,False,TERREF_CEN,identidad,0.75,,,,,
TERREF_CEN,SE_TERREF_CEN,SE,SE,fuel,mapeo_directo,False,TERREF_CEN,identidad,0.75,,,,,
TERREF_CEN,SO_TERREF_CEN,SO,SO,fuel,mapeo_directo,False,TERREF_CEN,identidad,0.75,,,,,
TRAAVI,AN_TRAAVI,AN,AN,fuel,mapeo_directo,False,TRAAVI,identidad,0.667,,,,,
TRAAVI,CA_TRAAVI,CA,CA,fuel,mapeo_directo,False,TRAAVI,identidad,0.667,,,,,
TRAAVI,IN_TRAAVI,IN,IN,fuel,mapeo_directo,False,TRAAVI,identidad,0.667,,,,,
TRAAVI,NE_TRAAVI,NE,NE,fuel,mapeo_directo,False,TRAAVI,identidad,0.667,,,,,
TRAAVI,OR_TRAAVI,OR,OR,fuel,mapeo_directo,False,TRAAVI,identidad,0.667,,,,,
TRAAVI,SE_TRAAVI,SE,SE,fuel,mapeo_directo,False,TRAAVI,identidad,0.667,,,,,
TRAAVI,SO_TRAAVI,SO,SO,fuel,mapeo_directo,False,TRAAVI,identidad,0.667,,,,,
TRABUS,AN_TRABUS,AN,AN,fuel,mapeo_directo,False,TRABUS,identidad,0.818,,,,,
TRABUS,CA_TRABUS,CA,CA,fuel,mapeo_directo,False,TRABUS,identidad,0.818,,,,,
TRABUS,NE_TRABUS,NE,NE,fuel,mapeo_directo,False,TRABUS,identidad,0.818,,,,,
TRABUS,OR_TRABUS,OR,OR,fuel,mapeo_directo,False,TRABUS,identidad,0.818,,,,,
TRABUS,SO_TRABUS,SO,SO,fuel,mapeo_directo,False,TRABUS,identidad,0.818,,,,,
TRAFWD,AN_TRAFWD,AN,AN,fuel,mapeo_directo,False,TRAFWD,identidad,0.875,,,,,
TRAFWD,CA_TRAFWD,CA,CA,fuel,mapeo_directo,False,TRAFWD,identidad,0.875,,,,,
TRAFWD,IN_TRAFWD,IN,IN,fuel,mapeo_directo,False,TRAFWD,identidad,0.875,,,,,
TRAFWD,NE_TRAFWD,NE,NE,fuel,mapeo_directo,False,TRAFWD,identidad,0.875,,,,,
TRAFWD,OR_TRAFWD,OR,OR,fuel,mapeo_directo,False,TRAFWD,identidad,0.875,,,,,
TRAFWD,SE_TRAFWD,SE,SE,fuel,mapeo_directo,False,TRAFWD,identidad,0.875,,,,,
TRAFWD,SO_TRAFWD,SO,SO,fuel,mapeo_directo,False,TRAFWD,identidad,0.875,,,,,
TRALDV,AN_TRALDV,AN,AN,fuel,mapeo_directo,False,TRALDV,identidad,0.875,,,,,
TRALDV,CA_TRALDV,CA,CA,fuel,mapeo_directo,False,TRALDV,identidad,0.875,,,,,
TRALDV,IN_TRALDV,IN,IN,fuel,mapeo_directo,False,TRALDV,identidad,0.875,,,,,
TRALDV,NE_TRALDV,NE,NE,fuel,mapeo_directo,False,TRALDV,identidad,0.875,,,,,
TRALDV,OR_TRALDV,OR,OR,fuel,mapeo_directo,False,TRALDV,identidad,0.875,,,,,
TRALDV,SE_TRALDV,SE,SE,fuel,mapeo_directo,False,TRALDV,identidad,0.875,,,,,
TRALDV,SO_TRALDV,SO,SO,fuel,mapeo_directo,False,TRALDV,identidad,0.875,,,,,
TRAMAS,AN_TRAMAS,AN,AN,fuel,mapeo_directo,False,TRAMAS,identidad,0.857,,,,,
TRAMAS,CA_TRAMAS,CA,CA,fuel,mapeo_directo,False,TRAMAS,identidad,0.857,,,,,
TRAMAS,NE_TRAMAS,NE,NE,fuel,mapeo_directo,False,TRAMAS,identidad,0.857,,,,,
TRAMAS,OR_TRAMAS,OR,OR,fuel,mapeo_directo,False,TRAMAS,identidad,0.857,,,,,
TRAMAS,SO_TRAMAS,SO,SO,fuel,mapeo_directo,False,TRAMAS,identidad,0.857,,,,,
TRAMET,AN_TRAMET,AN,AN,fuel,mapeo_directo,False,TRAMET,identidad,0.5,,,,,
TRAMET,OR_TRAMET,OR,OR,fuel,mapeo_directo,False,TRAMET,identidad,0.5,,,,,
TRAMET,SO_TRAMET,SO,SO,fuel,mapeo_directo,False,TRAMET,identidad,0.5,,,,,
TRAMIC,AN_TRAMIC,AN,AN,fuel,mapeo_directo,False,TRAMIC,identidad,0.833,,,,,
TRAMIC,CA_TRAMIC,CA,CA,fuel,mapeo_directo,False,TRAMIC,identidad,0.833,,,,,
TRAMIC,IN_TRAMIC,IN,IN,fuel,mapeo_directo,False,TRAMIC,identidad,0.833,,,,,
TRAMIC,NE_TRAMIC,NE,NE,fuel,mapeo_directo,False,TRAMIC,identidad,0.833,,,,,
TRAMIC,OR_TRAMIC,OR,OR,fuel,mapeo_directo,False,TRAMIC,identidad,0.833,,,,,
TRAMIC,SE_TRAMIC,SE,SE,fuel,mapeo_directo,False,TRAMIC,identidad,0.833,,,,,
TRAMIC,SO_TRAMIC,SO,SO,fuel,mapeo_directo,False,TRAMIC,identidad,0.833,,,,,
TRAMRT,AN_TRAMRT,AN,AN,fuel,mapeo_directo,False,TRAMRT,identidad,0.667,,,,,
TRAMRT,CA_TRAMRT,CA,CA,fuel,mapeo_directo,False,TRAMRT,identidad,0.667,,,,,
TRAMRT,IN_TRAMRT,IN,IN,fuel,mapeo_directo,False,TRAMRT,identidad,0.667,,,,,
TRAMRT,SO_TRAMRT,SO,SO,fuel,mapeo_directo,False,TRAMRT,identidad,0.667,,,,,
TRAMTC,AN_TRAMTC,AN,AN,fuel,mapeo_directo,False,TRAMTC,identidad,0.4,,,,,
TRAMTC,CA_TRAMTC,CA,CA,fuel,mapeo_directo,False,TRAMTC,identidad,0.4,,,,,
TRAMTC,IN_TRAMTC,IN,IN,fuel,mapeo_directo,False,TRAMTC,identidad,0.4,,,,,
TRAMTC,NE_TRAMTC,NE,NE,fuel,mapeo_directo,False,TRAMTC,identidad,0.4,,,,,
TRAMTC,OR_TRAMTC,OR,OR,fuel,mapeo_directo,False,TRAMTC,identidad,0.4,,,,,
TRAMTC,SE_TRAMTC,SE,SE,fuel,mapeo_directo,False,TRAMTC,identidad,0.4,,,,,
TRAMTC,SO_TRAMTC,SO,SO,fuel,mapeo_directo,False,TRAMTC,identidad,0.4,,,,,
TRARVT,AN_TRARVT,AN,AN,fuel,mapeo_directo,False,TRARVT,identidad,0.75,,,,,
TRARVT,CA_TRARVT,CA,CA,fuel,mapeo_directo,False,TRARVT,identidad,0.75,,,,,
TRARVT,NE_TRARVT,NE,NE,fuel,mapeo_directo,False,TRARVT,identidad,0.75,,,,,
TRARVT,OR_TRARVT,OR,OR,fuel,mapeo_directo,False,TRARVT,identidad,0.75,,,,,
TRARVT,SE_TRARVT,SE,SE,fuel,mapeo_directo,False,TRARVT,identidad,0.75,,,,,
TRARVT,SO_TRARVT,SO,SO,fuel,mapeo_directo,False,TRARVT,identidad,0.75,,,,,
TRASTT,AN_TRASTT,AN,AN,fuel,mapeo_directo,False,TRASTT,identidad,0.833,,,,,
TRASTT,CA_TRASTT,CA,CA,fuel,mapeo_directo,False,TRASTT,identidad,0.833,,,,,
TRASTT,NE_TRASTT,NE,NE,fuel,mapeo_directo,False,TRASTT,identidad,0.833,,,,,
TRASTT,OR_TRASTT,OR,OR,fuel,mapeo_directo,False,TRASTT,identidad,0.833,,,,,
TRASTT,SO_TRASTT,SO,SO,fuel,mapeo_directo,False,TRASTT,identidad,0.833,,,,,
TRATAX,AN_TRATAX,AN,AN,fuel,mapeo_directo,False,TRATAX,identidad,0.857,,,,,
TRATAX,CA_TRATAX,CA,CA,fuel,mapeo_directo,False,TRATAX,identidad,0.857,,,,,
TRATAX,IN_TRATAX,IN,IN,fuel,mapeo_directo,False,TRATAX,identidad,0.857,,,,,
TRATAX,NE_TRATAX,NE,NE,fuel,mapeo_directo,False,TRATAX,identidad,0.857,,,,,
TRATAX,OR_TRATAX,OR,OR,fuel,mapeo_directo,False,TRATAX,identidad,0.857,,,,,
TRATAX,SE_TRATAX,SE,SE,fuel,mapeo_directo,False,TRATAX,identidad,0.857,,,,,
TRATAX,SO_TRATAX,SO,SO,fuel,mapeo_directo,False,TRATAX,identidad,0.857,,,,,
TRATCK,AN_TRATCK,AN,AN,fuel,mapeo_directo,False,TRATCK,identidad,0.889,,,,,
TRATCK,CA_TRATCK,CA,CA,fuel,mapeo_directo,False,TRATCK,identidad,0.889,,,,,
TRATCK,IN_TRATCK,IN,IN,fuel,mapeo_directo,False,TRATCK,identidad,0.889,,,,,
TRATCK,NE_TRATCK,NE,NE,fuel,mapeo_directo,False,TRATCK,identidad,0.889,,,,,
TRATCK,OR_TRATCK,OR,OR,fuel,mapeo_directo,False,TRATCK,identidad,0.889,,,,,
TRATCK,SE_TRATCK,SE,SE,fuel,mapeo_directo,False,TRATCK,identidad,0.889,,,,,
TRATCK,SO_TRATCK,SO,SO,fuel,mapeo_directo,False,TRATCK,identidad,0.889,,,,,
URN,URN,,,fuel,mapeo_directo,False,URN,identidad,,commodity global (sin prefijo regional),,,,
WAS,AN_WAS,AN,AN,fuel,mapeo_directo,False,WAS,identidad,1.0,,,,,
WAS,CA_WAS,CA,CA,fuel,mapeo_directo,False,WAS,identidad,1.0,,,,,
WAS,NE_WAS,NE,NE,fuel,mapeo_directo,False,WAS,identidad,1.0,,,,,
WAS,OR_WAS,OR,OR,fuel,mapeo_directo,False,WAS,identidad,1.0,,,,,
WAS,SE_WAS,SE,SE,fuel,mapeo_directo,False,WAS,identidad,1.0,,,,,
WAS,SO_WAS,SO,SO,fuel,mapeo_directo,False,WAS,identidad,1.0,,,,,
WAS_ORG,AN_WAS_ORG,AN,AN,fuel,mapeo_directo,False,WAS_ORG,identidad,0.667,,,,,
WAS_ORG,CA_WAS_ORG,CA,CA,fuel,mapeo_directo,False,WAS_ORG,identidad,0.667,,,,,
WAS_ORG,NE_WAS_ORG,NE,NE,fuel,mapeo_directo,False,WAS_ORG,identidad,0.667,,,,,
WAS_ORG,OR_WAS_ORG,OR,OR,fuel,mapeo_directo,False,WAS_ORG,identidad,0.667,,,,,
WAS_ORG,SE_WAS_ORG,SE,SE,fuel,mapeo_directo,False,WAS_ORG,identidad,0.667,,,,,
WAS_ORG,SO_WAS_ORG,SO,SO,fuel,mapeo_directo,False,WAS_ORG,identidad,0.667,,,,,
WOO,AN_WOO,AN,AN,fuel,mapeo_directo,False,WOO,identidad,0.667,,,,,
WOO,CA_WOO,CA,CA,fuel,mapeo_directo,False,WOO,identidad,0.667,,,,,
WOO,IN_WOO,IN,IN,fuel,mapeo_directo,False,WOO,identidad,0.667,,,,,
WOO,NE_WOO,NE,NE,fuel,mapeo_directo,False,WOO,identidad,0.667,,,,,
WOO,OR_WOO,OR,OR,fuel,mapeo_directo,False,WOO,identidad,0.667,,,,,
WOO,SE_WOO,SE,SE,fuel,mapeo_directo,False,WOO,identidad,0.667,,,,,
WOO,SO_WOO,SO,SO,fuel,mapeo_directo,False,WOO,identidad,0.667,,,,,
,AN_OIL001_1LIV,AN,AN,fuel,sin_match,False,OIL001_1LIV,,,revisar: fuel regional sin equivalente nacional,,,,
,AN_OIL001_2MED,AN,AN,fuel,sin_match,False,OIL001_2MED,,,revisar: fuel regional sin equivalente nacional,,,,
,AN_OIL001_3PES,AN,AN,fuel,sin_match,False,OIL001_3PES,,,revisar: fuel regional sin equivalente nacional,,,,
,BDL001,,,fuel,sin_match,False,BDL001,,,revisar: fuel regional sin prefijo ni equivalente nacional,,,,
,BET001,,,fuel,sin_match,False,BET001,,,revisar: fuel regional sin prefijo ni equivalente nacional,,,,
,CA_OIL001_1LIV,CA,CA,fuel,sin_match,False,OIL001_1LIV,,,revisar: fuel regional sin equivalente nacional,,,,
,CA_OIL001_2MED,CA,CA,fuel,sin_match,False,OIL001_2MED,,,revisar: fuel regional sin equivalente nacional,,,,
,CA_OIL001_3PES,CA,CA,fuel,sin_match,False,OIL001_3PES,,,revisar: fuel regional sin equivalente nacional,,,,
,DSL001,,,fuel,sin_match,False,DSL001,,,revisar: fuel regional sin prefijo ni equivalente nacional,,,,
,GSL001,,,fuel,sin_match,False,GSL001,,,revisar: fuel regional sin prefijo ni equivalente nacional,,,,
,IN_OTHDSL,IN,IN,fuel,sin_match,False,OTHDSL,,,revisar: fuel regional sin equivalente nacional,,,,
,IN_OTHELC,IN,IN,fuel,sin_match,False,OTHELC,,,revisar: fuel regional sin equivalente nacional,,,,
,IN_OTHGSL,IN,IN,fuel,sin_match,False,OTHGSL,,,revisar: fuel regional sin equivalente nacional,,,,
,IN_RESCLIM,IN,IN,fuel,sin_match,False,RESCLIM,,,revisar: fuel regional sin equivalente nacional,,,,
,IN_RESDHT,IN,IN,fuel,sin_match,False,RESDHT,,,revisar: fuel regional sin equivalente nacional,,,,
,IN_RESOTH,IN,IN,fuel,sin_match,False,RESOTH,,,revisar: fuel regional sin equivalente nacional,,,,
,IN_RESREF,IN,IN,fuel,sin_match,False,RESREF,,,revisar: fuel regional sin equivalente nacional,,,,
,JET001,,,fuel,sin_match,False,JET001,,,revisar: fuel regional sin prefijo ni equivalente nacional,,,,
,LPG001,,,fuel,sin_match,False,LPG001,,,revisar: fuel regional sin prefijo ni equivalente nacional,,,,
,NE_OIL001_1LIV,NE,NE,fuel,sin_match,False,OIL001_1LIV,,,revisar: fuel regional sin equivalente nacional,,,,
,NE_OIL001_2MED,NE,NE,fuel,sin_match,False,OIL001_2MED,,,revisar: fuel regional sin equivalente nacional,,,,
,NE_OIL001_3PES,NE,NE,fuel,sin_match,False,OIL001_3PES,,,revisar: fuel regional sin equivalente nacional,,,,
,OR_OIL001_1LIV,OR,OR,fuel,sin_match,False,OIL001_1LIV,,,revisar: fuel regional sin equivalente nacional,,,,
,OR_OIL001_2MED,OR,OR,fuel,sin_match,False,OIL001_2MED,,,revisar: fuel regional sin equivalente nacional,,,,
,OR_OIL001_3PES,OR,OR,fuel,sin_match,False,OIL001_3PES,,,revisar: fuel regional sin equivalente nacional,,,,
,SAF001,,,fuel,sin_match,False,SAF001,,,revisar: fuel regional sin prefijo ni equivalente nacional,,,,
,SE_OTHDSL,SE,SE,fuel,sin_match,False,OTHDSL,,,revisar: fuel regional sin equivalente nacional,,,,
,SE_OTHELC,SE,SE,fuel,sin_match,False,OTHELC,,,revisar: fuel regional sin equivalente nacional,,,,
,SE_OTHGSL,SE,SE,fuel,sin_match,False,OTHGSL,,,revisar: fuel regional sin equivalente nacional,,,,
,SE_RESCLIM,SE,SE,fuel,sin_match,False,RESCLIM,,,revisar: fuel regional sin equivalente nacional,,,,
,SE_RESDHT,SE,SE,fuel,sin_match,False,RESDHT,,,revisar: fuel regional sin equivalente nacional,,,,
,SE_RESOTH,SE,SE,fuel,sin_match,False,RESOTH,,,revisar: fuel regional sin equivalente nacional,,,,
,SE_RESREF,SE,SE,fuel,sin_match,False,RESREF,,,revisar: fuel regional sin equivalente nacional,,,,
,SO_OIL001_1LIV,SO,SO,fuel,sin_match,False,OIL001_1LIV,,,revisar: fuel regional sin equivalente nacional,,,,
,SO_OIL001_2MED,SO,SO,fuel,sin_match,False,OIL001_2MED,,,revisar: fuel regional sin equivalente nacional,,,,
,SO_OIL001_3PES,SO,SO,fuel,sin_match,False,OIL001_3PES,,,revisar: fuel regional sin equivalente nacional,,,,
CSP,,,,fuel,nacional_sin_regionalizar,False,,,,fuel nacional sin presencia regional,,,,
DAM,,,,fuel,nacional_sin_regionalizar,False,,,,fuel nacional sin presencia regional,,,,
ELCZNI,,,,fuel,nacional_sin_regionalizar,False,,,,fuel nacional sin presencia regional,,,,
GEO,,,,fuel,nacional_sin_regionalizar,False,,,,fuel nacional sin presencia regional,,,,
LPG,,,,fuel,nacional_sin_regionalizar,False,,,,fuel nacional sin presencia regional,,,,
MINIGSL,,,,fuel,nacional_sin_regionalizar,False,,,,fuel nacional sin presencia regional,,,,
OFW,,,,fuel,nacional_sin_regionalizar,False,,,,fuel nacional sin presencia regional,,,,
OFW_FLO,,,,fuel,nacional_sin_regionalizar,False,,,,fuel nacional sin presencia regional,,,,
OIL,,,,fuel,nacional_sin_regionalizar,False,,,,fuel nacional sin presencia regional,,,,
OIL002,,,,fuel,nacional_sin_regionalizar,False,,,,fuel nacional sin presencia regional,,,,
ONW,,,,fuel,nacional_sin_regionalizar,False,,,,fuel nacional sin presencia regional,,,,
RESDHT_ZNI,,,,fuel,nacional_sin_regionalizar,False,,,,fuel nacional sin presencia regional,,,,
RESELC_ZNI,,,,fuel,nacional_sin_regionalizar,False,,,,fuel nacional sin presencia regional,,,,
ROR,,,,fuel,nacional_sin_regionalizar,False,,,,fuel nacional sin presencia regional,,,,
SAF,,,,fuel,nacional_sin_regionalizar,False,,,,fuel nacional sin presencia regional,,,,
SOL,,,,fuel,nacional_sin_regionalizar,False,,,,fuel nacional sin presencia regional,,,,
WND,,,,fuel,nacional_sin_regionalizar,False,,,,fuel nacional sin presencia regional,,,,
