REGION,TECHNOLOGY,YEAR,VALUE
RE1,BACKSTOP_1,2022,0.0
RE1,BACKSTOP_1,2023,0.0
RE1,BACKSTOP_1,2024,0.0
RE1,BACKSTOP_1,2025,0.0
RE1,BACKSTOP_1,2026,0.0
RE1,BACKSTOP_1,2027,0.0
RE1,BACKSTOP_1,2028,0.0
RE1,BACKSTOP_1,2029,0.0
RE1,BACKSTOP_1,2030,0.0
RE1,BACKSTOP_1,2031,0.0
RE1,BACKSTOP_1,2032,0.0
RE1,BACKSTOP_1,2033,0.0
RE1,BACKSTOP_1,2034,0.0
RE1,BACKSTOP_1,2035,0.0
RE1,BACKSTOP_1,2036,0.0
RE1,BACKSTOP_1,2037,0.0
RE1,BACKSTOP_1,2038,0.0
RE1,BACKSTOP_1,2039,0.0
RE1,BACKSTOP_1,2040,0.0
RE1,BACKSTOP_1,2041,0.0
RE1,BACKSTOP_1,2042,0.0
RE1,BACKSTOP_1,2043,0.0
RE1,BACKSTOP_1,2044,0.0
RE1,BACKSTOP_1,2045,0.0
RE1,BACKSTOP_1,2046,0.0
RE1,BACKSTOP_1,2047,0.0
RE1,BACKSTOP_1,2048,0.0
RE1,BACKSTOP_1,2049,0.0
RE1,BACKSTOP_1,2050,0.0
RE1,BACKSTOP_1,2051,0.0
RE1,BACKSTOP_1,2052,0.0
RE1,BACKSTOP_1,2053,0.0
RE1,BACKSTOP_1,2054,0.0
RE1,BACKSTOP_2,2022,0.0
RE1,BACKSTOP_2,2023,0.0
RE1,BACKSTOP_2,2024,0.0
RE1,BACKSTOP_2,2025,0.0
RE1,BACKSTOP_2,2026,0.0
RE1,BACKSTOP_2,2027,0.0
RE1,BACKSTOP_2,2028,0.0
RE1,BACKSTOP_2,2029,0.0
RE1,BACKSTOP_2,2030,0.0
RE1,BACKSTOP_2,2031,0.0
RE1,BACKSTOP_2,2032,0.0
RE1,BACKSTOP_2,2033,0.0
RE1,BACKSTOP_2,2034,0.0
RE1,BACKSTOP_2,2035,0.0
RE1,BACKSTOP_2,2036,0.0
RE1,BACKSTOP_2,2037,0.0
RE1,BACKSTOP_2,2038,0.0
RE1,BACKSTOP_2,2039,0.0
RE1,BACKSTOP_2,2040,0.0
RE1,BACKSTOP_2,2041,0.0
RE1,BACKSTOP_2,2042,0.0
RE1,BACKSTOP_2,2043,0.0
RE1,BACKSTOP_2,2044,0.0
RE1,BACKSTOP_2,2045,0.0
RE1,BACKSTOP_2,2046,0.0
RE1,BACKSTOP_2,2047,0.0
RE1,BACKSTOP_2,2048,0.0
RE1,BACKSTOP_2,2049,0.0
RE1,BACKSTOP_2,2050,0.0
RE1,BACKSTOP_2,2051,0.0
RE1,BACKSTOP_2,2052,0.0
RE1,BACKSTOP_2,2053,0.0
RE1,BACKSTOP_2,2054,0.0
RE1,BBGDST,2022,0.0
RE1,BBGDST,2023,0.0
RE1,BBGDST,2024,0.0
RE1,BBGDST,2025,0.0
RE1,BBGDST,2026,0.0
RE1,BBGDST,2027,0.0
RE1,BBGDST,2028,0.0
RE1,BBGDST,2029,0.0
RE1,BBGDST,2030,0.0
RE1,BBGDST,2031,0.0
RE1,BBGDST,2032,0.0
RE1,BBGDST,2033,0.0
RE1,BBGDST,2034,0.0
RE1,BBGDST,2035,0.0
RE1,BBGDST,2036,0.0
RE1,BBGDST,2037,0.0
RE1,BBGDST,2038,0.0
RE1,BBGDST,2039,0.0
RE1,BBGDST,2040,0.0
RE1,BBGDST,2041,0.0
RE1,BBGDST,2042,0.0
RE1,BBGDST,2043,0.0
RE1,BBGDST,2044,0.0
RE1,BBGDST,2045,0.0
RE1,BBGDST,2046,0.0
RE1,BBGDST,2047,0.0
RE1,BBGDST,2048,0.0
RE1,BBGDST,2049,0.0
RE1,BBGDST,2050,0.0
RE1,BBGDST,2051,0.0
RE1,BBGDST,2052,0.0
RE1,BBGDST,2053,0.0
RE1,BBGDST,2054,0.0
RE1,DEMAGFDSL,2022,21.39170817107899
RE1,DEMAGFDSL,2023,21.75070692033452
RE1,DEMAGFDSL,2024,23.48433960801502
RE1,DEMAGFDSL,2025,24.353422038041
RE1,DEMAGFDSL,2026,25.02159969152332
RE1,DEMAGFDSL,2027,25.73943012880467
RE1,DEMAGFDSL,2028,26.48759604019028
RE1,DEMAGFDSL,2029,27.26009162451188
RE1,DEMAGFDSL,2030,28.05164625206567
RE1,DEMAGFDSL,2031,28.86244353333332
RE1,DEMAGFDSL,2032,29.69949803155579
RE1,DEMAGFDSL,2033,30.56409673888371
RE1,DEMAGFDSL,2034,31.4537852576388
RE1,DEMAGFDSL,2035,32.41861114089633
RE1,DEMAGFDSL,2036,33.41242295177392
RE1,DEMAGFDSL,2037,34.47636576263655
RE1,DEMAGFDSL,2038,35.57251282896465
RE1,DEMAGFDSL,2039,36.70186783584656
RE1,DEMAGFDSL,2040,37.865434871646
RE1,DEMAGFDSL,2041,39.06426129331746
RE1,DEMAGFDSL,2042,40.42108597365747
RE1,DEMAGFDSL,2043,41.81982138156242
RE1,DEMAGFDSL,2044,43.26173347286335
RE1,DEMAGFDSL,2045,44.74812817992526
RE1,DEMAGFDSL,2046,46.28035272359135
RE1,DEMAGFDSL,2047,47.85982566964628
RE1,DEMAGFDSL,2048,49.57129617172102
RE1,DEMAGFDSL,2049,51.4619872410403
RE1,DEMAGFDSL,2050,53.41321740382052
RE1,DEMAGFDSL,2051,55.42679271152783
RE1,DEMAGFDSL,2052,57.50456652875209
RE1,DEMAGFDSL,2053,59.64841217326001
RE1,DEMAGFDSL,2054,61.8779789743438
RE1,DEMAGFDSL,2055,64.1876463437898
RE1,DEMAGFELC,2022,3.187044026954857
RE1,DEMAGFELC,2023,3.351383972607565
RE1,DEMAGFELC,2024,3.406067970091571
RE1,DEMAGFELC,2025,3.532115961122605
RE1,DEMAGFELC,2026,3.629025584379814
RE1,DEMAGFELC,2027,3.733136634602677
RE1,DEMAGFELC,2028,3.841647411981113
RE1,DEMAGFELC,2029,3.95368686085269
RE1,DEMAGFELC,2030,4.068490551673469
RE1,DEMAGFELC,2031,4.186085114520813
RE1,DEMAGFELC,2032,4.307487911584928
RE1,DEMAGFELC,2033,4.432885602691693
RE1,DEMAGFELC,2034,4.561922212520638
RE1,DEMAGFELC,2035,4.701856423681391
RE1,DEMAGFELC,2036,4.845994629559388
RE1,DEMAGFELC,2037,5.000304335115323
RE1,DEMAGFELC,2038,5.159284807866439
RE1,DEMAGFELC,2039,5.323081617996461
RE1,DEMAGFELC,2040,5.491840394178453
RE1,DEMAGFELC,2041,5.66571304057644
RE1,DEMAGFELC,2042,5.862501077279783
RE1,DEMAGFELC,2043,6.06536766629266
RE1,DEMAGFELC,2044,6.274496416423308
RE1,DEMAGFELC,2045,6.490076734505123
RE1,DEMAGFELC,2046,6.712304015675426
RE1,DEMAGFELC,2047,6.941384002636089
RE1,DEMAGFELC,2048,7.189608349420947
RE1,DEMAGFELC,2049,7.463826079194737
RE1,DEMAGFELC,2050,7.746824139632172
RE1,DEMAGFELC,2051,8.038864472697721
RE1,DEMAGFELC,2052,8.340215882448545
RE1,DEMAGFELC,2053,8.651150066865064
RE1,DEMAGFELC,2054,8.974516880456846
RE1,DEMAGFELC,2055,9.309501137197481
RE1,DEMAGFGSL,2022,5.814521892440641
RE1,DEMAGFGSL,2023,5.912102044077053
RE1,DEMAGFGSL,2024,6.383324120030612
RE1,DEMAGFGSL,2025,6.619551109184964
RE1,DEMAGFGSL,2026,6.801169779461877
RE1,DEMAGFGSL,2027,6.9962846696769
RE1,DEMAGFGSL,2028,7.199645104232297
RE1,DEMAGFGSL,2029,7.409618634607162
RE1,DEMAGFGSL,2030,7.624772640669208
RE1,DEMAGFGSL,2031,7.845157029941309
RE1,DEMAGFGSL,2032,8.07267844452944
RE1,DEMAGFGSL,2033,8.307686704278417
RE1,DEMAGFGSL,2034,8.549514674571665
RE1,DEMAGFGSL,2035,8.811765878353683
RE1,DEMAGFGSL,2036,9.081895803615925
RE1,DEMAGFGSL,2037,9.371088172670012
RE1,DEMAGFGSL,2038,9.669034043168537
RE1,DEMAGFGSL,2039,9.976006228711544
RE1,DEMAGFGSL,2040,10.29227765251416
RE1,DEMAGFGSL,2041,10.61813299871149
RE1,DEMAGFGSL,2042,10.98693415953746
RE1,DEMAGFGSL,2043,11.36712715690722
RE1,DEMAGFGSL,2044,11.75905609274256
RE1,DEMAGFGSL,2045,12.16307593506488
RE1,DEMAGFGSL,2046,12.57955287459732
RE1,DEMAGFGSL,2047,13.00887249447061
RE1,DEMAGFGSL,2048,13.47407062731
RE1,DEMAGFGSL,2049,13.98798305183452
RE1,DEMAGFGSL,2050,14.51835072534386
RE1,DEMAGFGSL,2051,15.06566455420705
RE1,DEMAGFGSL,2052,15.63042830506548
RE1,DEMAGFGSL,2053,16.21315116807242
RE1,DEMAGFGSL,2054,16.81917406571952
RE1,DEMAGFGSL,2055,17.44696925496983
RE1,DEMAGFNGS,2022,0.1453762574743178
RE1,DEMAGFNGS,2023,0.1463858150573351
RE1,DEMAGFNGS,2024,0.1487279880821016
RE1,DEMAGFNGS,2025,0.1542319487406825
RE1,DEMAGFNGS,2026,0.1584635652026557
RE1,DEMAGFNGS,2027,0.1630096362654551
RE1,DEMAGFNGS,2028,0.1677478240369356
RE1,DEMAGFNGS,2029,0.1726400933524095
RE1,DEMAGFNGS,2030,0.1776530649402064
RE1,DEMAGFNGS,2031,0.1827879016185271
RE1,DEMAGFNGS,2032,0.1880890271138003
RE1,DEMAGFNGS,2033,0.1935645920385801
RE1,DEMAGFNGS,2034,0.1991990525183217
RE1,DEMAGFNGS,2035,0.2053093632556717
RE1,DEMAGFNGS,2036,0.2116032439281182
RE1,DEMAGFNGS,2037,0.2183412691966682
RE1,DEMAGFNGS,2038,0.2252832462987808
RE1,DEMAGFNGS,2039,0.2324355316432947
RE1,DEMAGFNGS,2040,0.2398044841930204
RE1,DEMAGFNGS,2041,0.2473967369338217
RE1,DEMAGFNGS,2042,0.2559896038508986
RE1,DEMAGFNGS,2043,0.2648478943776588
RE1,DEMAGFNGS,2044,0.2739796259021532
RE1,DEMAGFNGS,2045,0.2833930689866569
RE1,DEMAGFNGS,2046,0.2930967556763051
RE1,DEMAGFNGS,2047,0.3030996698488069
RE1,DEMAGFNGS,2048,0.3139385339039224
RE1,DEMAGFNGS,2049,0.3259124145204624
RE1,DEMAGFNGS,2050,0.3382696935088982
RE1,DEMAGFNGS,2051,0.3510218087212374
RE1,DEMAGFNGS,2052,0.364180497646855
RE1,DEMAGFNGS,2053,0.3777576241400105
RE1,DEMAGFNGS,2054,0.3918776287965037
RE1,DEMAGFNGS,2055,0.4065049160326048
RE1,DEMAGFWOO,2022,13.08623519985924
RE1,DEMAGFWOO,2023,13.75968505512133
RE1,DEMAGFWOO,2024,14.58526615232129
RE1,DEMAGFWOO,2025,15.12502152810836
RE1,DEMAGFWOO,2026,15.54000228020696
RE1,DEMAGFWOO,2027,15.98582056399691
RE1,DEMAGFWOO,2028,16.45047910350845
RE1,DEMAGFWOO,2029,16.93024791484764
RE1,DEMAGFWOO,2030,17.42185360228343
RE1,DEMAGFWOO,2031,17.92541019958417
RE1,DEMAGFWOO,2032,18.44527419594734
RE1,DEMAGFWOO,2033,18.98224489522248
RE1,DEMAGFWOO,2034,19.53479796059711
RE1,DEMAGFWOO,2035,20.13401610055097
RE1,DEMAGFWOO,2036,20.75123634216352
RE1,DEMAGFWOO,2037,21.4120123880858
RE1,DEMAGFWOO,2038,22.09278932162261
RE1,DEMAGFWOO,2039,22.79419049494781
RE1,DEMAGFWOO,2040,23.5168395106949
RE1,DEMAGFWOO,2041,24.26138684403978
RE1,DEMAGFWOO,2042,25.10406112890846
RE1,DEMAGFWOO,2043,25.97276463692649
RE1,DEMAGFWOO,2044,26.86828360705315
RE1,DEMAGFWOO,2045,27.79142910621382
RE1,DEMAGFWOO,2046,28.74303784410065
RE1,DEMAGFWOO,2047,29.72399084014486
RE1,DEMAGFWOO,2048,30.78692270032319
RE1,DEMAGFWOO,2049,31.96116191326777
RE1,DEMAGFWOO,2050,33.17299974748448
RE1,DEMAGFWOO,2051,34.4235578756181
RE1,DEMAGFWOO,2052,35.71398735476758
RE1,DEMAGFWOO,2053,37.04545163422176
RE1,DEMAGFWOO,2054,38.43015419520364
RE1,DEMAGFWOO,2055,39.86460429552515
RE1,DEMCONSDSL,2022,0.636751373829963
RE1,DEMCONSDSL,2023,0.5303265350249718
RE1,DEMCONSDSL,2024,0.5393420855571458
RE1,DEMCONSDSL,2025,0.5375126236955514
RE1,DEMCONSDSL,2026,0.5566053788225473
RE1,DEMCONSDSL,2027,0.5769385144400743
RE1,DEMCONSDSL,2028,0.5980192135954672
RE1,DEMCONSDSL,2029,0.6199195455799704
RE1,DEMCONSDSL,2030,0.642532743203322
RE1,DEMCONSDSL,2031,0.6658745191731688
RE1,DEMCONSDSL,2032,0.6901195435850007
RE1,DEMCONSDSL,2033,0.715313232526801
RE1,DEMCONSDSL,2034,0.7414138190774924
RE1,DEMCONSDSL,2035,0.768668953900034
RE1,DEMCONSDSL,2036,0.7969281088323145
RE1,DEMCONSDSL,2037,0.8262263420226534
RE1,DEMCONSDSL,2038,0.8566063509585621
RE1,DEMCONSDSL,2039,0.8881086972169471
RE1,DEMCONSDSL,2040,0.920774704209612
RE1,DEMCONSDSL,2041,0.9546475176136907
RE1,DEMCONSDSL,2042,0.989754332202569
RE1,DEMCONSDSL,2043,1.026158380421601
RE1,DEMCONSDSL,2044,1.063907784240878
RE1,DEMCONSDSL,2045,1.103052457106711
RE1,DEMCONSDSL,2046,1.143644170297212
RE1,DEMCONSDSL,2047,1.185737336904569
RE1,DEMCONSDSL,2048,1.229372880115568
RE1,DEMCONSDSL,2049,1.274601070300951
RE1,DEMCONSDSL,2050,1.321501394921954
RE1,DEMCONSDSL,2051,1.370136194769921
RE1,DEMCONSDSL,2052,1.42056988150132
RE1,DEMCONSDSL,2053,1.472868307114317
RE1,DEMCONSDSL,2054,1.526924025770444
RE1,DEMCONSDSL,2055,1.582883811344699
RE1,DEMCONSELC,2022,0.3453119997522785
RE1,DEMCONSELC,2023,0.4814279997084342
RE1,DEMCONSELC,2024,0.39931199933082
RE1,DEMCONSELC,2025,0.3979575230286451
RE1,DEMCONSELC,2026,0.4120932013423798
RE1,DEMCONSELC,2027,0.4271472185487545
RE1,DEMCONSELC,2028,0.4427547084006467
RE1,DEMCONSELC,2029,0.4589690287456036
RE1,DEMCONSELC,2030,0.4757111324976512
RE1,DEMCONSELC,2031,0.4929926528537407
RE1,DEMCONSELC,2032,0.5109429100855906
RE1,DEMCONSELC,2033,0.5295955288432699
RE1,DEMCONSELC,2034,0.5489195862056716
RE1,DEMCONSELC,2035,0.5690984349724568
RE1,DEMCONSELC,2036,0.5900206288037645
RE1,DEMCONSELC,2037,0.6117121236553288
RE1,DEMCONSELC,2038,0.6342045314105188
RE1,DEMCONSELC,2039,0.6575278825913431
RE1,DEMCONSELC,2040,0.6817127717585237
RE1,DEMCONSELC,2041,0.7067911426209978
RE1,DEMCONSELC,2042,0.7327831293378144
RE1,DEMCONSELC,2043,0.7597355472324067
RE1,DEMCONSELC,2044,0.7876840243052663
RE1,DEMCONSELC,2045,0.8166655149098048
RE1,DEMCONSELC,2046,0.8467183488799527
RE1,DEMCONSELC,2047,0.8778828119660953
RE1,DEMCONSELC,2048,0.9101892024148793
RE1,DEMCONSELC,2049,0.9436747388353932
RE1,DEMCONSELC,2050,0.9783982712560668
RE1,DEMCONSELC,2051,1.014405954847612
RE1,DEMCONSELC,2052,1.051745477984465
RE1,DEMCONSELC,2053,1.09046559542497
RE1,DEMCONSELC,2054,1.130486757633265
RE1,DEMCONSELC,2055,1.171917631392535
RE1,DEMCONSGSL,2022,7.739926536101362
RE1,DEMCONSGSL,2023,9.157492474070112
RE1,DEMCONSGSL,2024,9.313169834635783
RE1,DEMCONSGSL,2025,9.281579329315921
RE1,DEMCONSGSL,2026,9.611266323656709
RE1,DEMCONSGSL,2027,9.962371772958136
RE1,DEMCONSGSL,2028,10.32638588705092
RE1,DEMCONSGSL,2029,10.70455313316131
RE1,DEMCONSGSL,2030,11.09502989292113
RE1,DEMCONSGSL,2031,11.49808748785115
RE1,DEMCONSGSL,2032,11.91674205985442
RE1,DEMCONSGSL,2033,12.35177783799807
RE1,DEMCONSGSL,2034,12.80247360574833
RE1,DEMCONSGSL,2035,13.27310570783251
RE1,DEMCONSGSL,2036,13.76107487677979
RE1,DEMCONSGSL,2037,14.26698648439061
RE1,DEMCONSGSL,2038,14.79157781589332
RE1,DEMCONSGSL,2039,15.3355492743616
RE1,DEMCONSGSL,2040,15.89961441796674
RE1,DEMCONSGSL,2041,16.48451827111818
RE1,DEMCONSGSL,2042,17.09073042361792
RE1,DEMCONSGSL,2043,17.71934275113893
RE1,DEMCONSGSL,2044,18.37118620697088
RE1,DEMCONSGSL,2045,19.04712267898597
RE1,DEMCONSGSL,2046,19.74804613544394
RE1,DEMCONSGSL,2047,20.4748961625227
RE1,DEMCONSGSL,2048,21.22837940744846
RE1,DEMCONSGSL,2049,22.00936392133923
RE1,DEMCONSGSL,2050,22.81922226577705
RE1,DEMCONSGSL,2051,23.65903091966642
RE1,DEMCONSGSL,2052,24.52990212088398
RE1,DEMCONSGSL,2053,25.43297297862126
RE1,DEMCONSGSL,2054,26.36638815585105
RE1,DEMCONSGSL,2055,27.33268209233196
RE1,DEMCONSNGS,2022,0.1090321931093702
RE1,DEMCONSNGS,2023,0.08177414487463006
RE1,DEMCONSNGS,2024,0.08308253102246713
RE1,DEMCONSNGS,2025,0.08280071299650439
RE1,DEMCONSNGS,2026,0.0857418415726369
RE1,DEMCONSNGS,2027,0.08887404359425757
RE1,DEMCONSNGS,2028,0.09212140345816282
RE1,DEMCONSNGS,2029,0.09549502302212698
RE1,DEMCONSNGS,2030,0.09897845541757691
RE1,DEMCONSNGS,2031,0.1025741210963102
RE1,DEMCONSNGS,2032,0.1063089269769892
RE1,DEMCONSNGS,2033,0.1101898691454745
RE1,DEMCONSNGS,2034,0.114210513648976
RE1,DEMCONSNGS,2035,0.118409009640766
RE1,DEMCONSNGS,2036,0.122762169127485
RE1,DEMCONSNGS,2037,0.1272753926142546
RE1,DEMCONSNGS,2038,0.1319552574022456
RE1,DEMCONSNGS,2039,0.1368080117679448
RE1,DEMCONSNGS,2040,0.1418400213441021
RE1,DEMCONSNGS,2041,0.1470579324729091
RE1,DEMCONSNGS,2042,0.1524659343520271
RE1,DEMCONSNGS,2043,0.1580737675741958
RE1,DEMCONSNGS,2044,0.1638888450507753
RE1,DEMCONSNGS,2045,0.1699188556596828
RE1,DEMCONSNGS,2046,0.176171774467087
RE1,DEMCONSNGS,2047,0.1826559834953458
RE1,DEMCONSNGS,2048,0.1893777867248584
RE1,DEMCONSNGS,2049,0.1963449280156875
RE1,DEMCONSNGS,2050,0.2035696519518199
RE1,DEMCONSNGS,2051,0.2110615617718483
RE1,DEMCONSNGS,2052,0.218830579719169
RE1,DEMCONSNGS,2053,0.2268868499134919
RE1,DEMCONSNGS,2054,0.2352138209444104
RE1,DEMCONSNGS,2055,0.2438341024790525
RE1,DEMCOQDSL,2022,99999.0
RE1,DEMCOQDSL,2023,99999.0
RE1,DEMCOQDSL,2024,99999.0
RE1,DEMCOQDSL,2025,99999.0
RE1,DEMCOQDSL,2026,99999.0
RE1,DEMCOQDSL,2027,99999.0
RE1,DEMCOQDSL,2028,99999.0
RE1,DEMCOQDSL,2029,99999.0
RE1,DEMCOQDSL,2030,99999.0
RE1,DEMCOQDSL,2031,99999.0
RE1,DEMCOQDSL,2032,99999.0
RE1,DEMCOQDSL,2033,99999.0
RE1,DEMCOQDSL,2034,99999.0
RE1,DEMCOQDSL,2035,99999.0
RE1,DEMCOQDSL,2036,99999.0
RE1,DEMCOQDSL,2037,99999.0
RE1,DEMCOQDSL,2038,99999.0
RE1,DEMCOQDSL,2039,99999.0
RE1,DEMCOQDSL,2040,99999.0
RE1,DEMCOQDSL,2041,99999.0
RE1,DEMCOQDSL,2042,99999.0
RE1,DEMCOQDSL,2043,99999.0
RE1,DEMCOQDSL,2044,99999.0
RE1,DEMCOQDSL,2045,99999.0
RE1,DEMCOQDSL,2046,99999.0
RE1,DEMCOQDSL,2047,99999.0
RE1,DEMCOQDSL,2048,99999.0
RE1,DEMCOQDSL,2049,99999.0
RE1,DEMCOQDSL,2050,99999.0
RE1,DEMCOQDSL,2051,99999.0
RE1,DEMCOQDSL,2052,99999.0
RE1,DEMCOQDSL,2053,99999.0
RE1,DEMCOQDSL,2054,99999.0
RE1,DEMCOQGSL,2022,99999.0
RE1,DEMCOQGSL,2023,99999.0
RE1,DEMCOQGSL,2024,99999.0
RE1,DEMCOQGSL,2025,99999.0
RE1,DEMCOQGSL,2026,99999.0
RE1,DEMCOQGSL,2027,99999.0
RE1,DEMCOQGSL,2028,99999.0
RE1,DEMCOQGSL,2029,99999.0
RE1,DEMCOQGSL,2030,99999.0
RE1,DEMCOQGSL,2031,99999.0
RE1,DEMCOQGSL,2032,99999.0
RE1,DEMCOQGSL,2033,99999.0
RE1,DEMCOQGSL,2034,99999.0
RE1,DEMCOQGSL,2035,99999.0
RE1,DEMCOQGSL,2036,99999.0
RE1,DEMCOQGSL,2037,99999.0
RE1,DEMCOQGSL,2038,99999.0
RE1,DEMCOQGSL,2039,99999.0
RE1,DEMCOQGSL,2040,99999.0
RE1,DEMCOQGSL,2041,99999.0
RE1,DEMCOQGSL,2042,99999.0
RE1,DEMCOQGSL,2043,99999.0
RE1,DEMCOQGSL,2044,99999.0
RE1,DEMCOQGSL,2045,99999.0
RE1,DEMCOQGSL,2046,99999.0
RE1,DEMCOQGSL,2047,99999.0
RE1,DEMCOQGSL,2048,99999.0
RE1,DEMCOQGSL,2049,99999.0
RE1,DEMCOQGSL,2050,99999.0
RE1,DEMCOQGSL,2051,99999.0
RE1,DEMCOQGSL,2052,99999.0
RE1,DEMCOQGSL,2053,99999.0
RE1,DEMCOQGSL,2054,99999.0
RE1,DEMINDAUTBOI,2022,0.0
RE1,DEMINDAUTBOI,2023,0.0
RE1,DEMINDAUTBOI,2024,0.0
RE1,DEMINDAUTBOI,2025,0.0
RE1,DEMINDAUTBOI,2026,0.0
RE1,DEMINDAUTBOI,2027,0.0
RE1,DEMINDAUTBOI,2028,0.0
RE1,DEMINDAUTBOI,2029,0.0
RE1,DEMINDAUTBOI,2030,0.0
RE1,DEMINDAUTBOI,2031,0.0
RE1,DEMINDAUTBOI,2032,0.0
RE1,DEMINDAUTBOI,2033,0.0
RE1,DEMINDAUTBOI,2034,0.0
RE1,DEMINDAUTBOI,2035,0.0
RE1,DEMINDAUTBOI,2036,0.0
RE1,DEMINDAUTBOI,2037,0.0
RE1,DEMINDAUTBOI,2038,0.0
RE1,DEMINDAUTBOI,2039,0.0
RE1,DEMINDAUTBOI,2040,0.0
RE1,DEMINDAUTBOI,2041,0.0
RE1,DEMINDAUTBOI,2042,0.0
RE1,DEMINDAUTBOI,2043,0.0
RE1,DEMINDAUTBOI,2044,0.0
RE1,DEMINDAUTBOI,2045,0.0
RE1,DEMINDAUTBOI,2046,0.0
RE1,DEMINDAUTBOI,2047,0.0
RE1,DEMINDAUTBOI,2048,0.0
RE1,DEMINDAUTBOI,2049,0.0
RE1,DEMINDAUTBOI,2050,0.0
RE1,DEMINDAUTBOI,2051,0.0
RE1,DEMINDAUTBOI,2052,0.0
RE1,DEMINDAUTBOI,2053,0.0
RE1,DEMINDAUTBOI,2054,0.0
RE1,DEMINDAUTFUR,2022,0.0
RE1,DEMINDAUTFUR,2023,0.0
RE1,DEMINDAUTFUR,2024,0.0
RE1,DEMINDAUTFUR,2025,0.0
RE1,DEMINDAUTFUR,2026,0.0
RE1,DEMINDAUTFUR,2027,0.0
RE1,DEMINDAUTFUR,2028,0.0
RE1,DEMINDAUTFUR,2029,0.0
RE1,DEMINDAUTFUR,2030,0.0
RE1,DEMINDAUTFUR,2031,0.0
RE1,DEMINDAUTFUR,2032,0.0
RE1,DEMINDAUTFUR,2033,0.0
RE1,DEMINDAUTFUR,2034,0.0
RE1,DEMINDAUTFUR,2035,0.0
RE1,DEMINDAUTFUR,2036,0.0
RE1,DEMINDAUTFUR,2037,0.0
RE1,DEMINDAUTFUR,2038,0.0
RE1,DEMINDAUTFUR,2039,0.0
RE1,DEMINDAUTFUR,2040,0.0
RE1,DEMINDAUTFUR,2041,0.0
RE1,DEMINDAUTFUR,2042,0.0
RE1,DEMINDAUTFUR,2043,0.0
RE1,DEMINDAUTFUR,2044,0.0
RE1,DEMINDAUTFUR,2045,0.0
RE1,DEMINDAUTFUR,2046,0.0
RE1,DEMINDAUTFUR,2047,0.0
RE1,DEMINDAUTFUR,2048,0.0
RE1,DEMINDAUTFUR,2049,0.0
RE1,DEMINDAUTFUR,2050,0.0
RE1,DEMINDAUTFUR,2051,0.0
RE1,DEMINDAUTFUR,2052,0.0
RE1,DEMINDAUTFUR,2053,0.0
RE1,DEMINDAUTFUR,2054,0.0
RE1,DEMINDBAGBOI_HIG,2022,0.0
RE1,DEMINDBAGBOI_HIG,2023,0.0
RE1,DEMINDBAGBOI_HIG,2024,0.0
RE1,DEMINDBAGBOI_HIG,2025,0.0
RE1,DEMINDBAGBOI_HIG,2026,0.0
RE1,DEMINDBAGBOI_HIG,2027,0.0
RE1,DEMINDBAGBOI_HIG,2028,0.0
RE1,DEMINDBAGBOI_HIG,2029,0.0
RE1,DEMINDBAGBOI_HIG,2030,0.0
RE1,DEMINDBAGBOI_HIG,2031,0.0
RE1,DEMINDBAGBOI_HIG,2032,0.0
RE1,DEMINDBAGBOI_HIG,2033,0.0
RE1,DEMINDBAGBOI_HIG,2034,0.0
RE1,DEMINDBAGBOI_HIG,2035,0.0
RE1,DEMINDBAGBOI_HIG,2036,0.0
RE1,DEMINDBAGBOI_HIG,2037,0.0
RE1,DEMINDBAGBOI_HIG,2038,0.0
RE1,DEMINDBAGBOI_HIG,2039,0.0
RE1,DEMINDBAGBOI_HIG,2040,0.0
RE1,DEMINDBAGBOI_HIG,2041,0.0
RE1,DEMINDBAGBOI_HIG,2042,0.0
RE1,DEMINDBAGBOI_HIG,2043,0.0
RE1,DEMINDBAGBOI_HIG,2044,0.0
RE1,DEMINDBAGBOI_HIG,2045,0.0
RE1,DEMINDBAGBOI_HIG,2046,0.0
RE1,DEMINDBAGBOI_HIG,2047,0.0
RE1,DEMINDBAGBOI_HIG,2048,0.0
RE1,DEMINDBAGBOI_HIG,2049,0.0
RE1,DEMINDBAGBOI_HIG,2050,0.0
RE1,DEMINDBAGBOI_HIG,2051,0.0
RE1,DEMINDBAGBOI_HIG,2052,0.0
RE1,DEMINDBAGBOI_HIG,2053,0.0
RE1,DEMINDBAGBOI_HIG,2054,0.0
RE1,DEMINDBAGBOI_LOW,2022,39.57160121423282
RE1,DEMINDBAGBOI_LOW,2023,41.13229844264231
RE1,DEMINDBAGBOI_LOW,2024,39.82165714577279
RE1,DEMINDBAGBOI_LOW,2025,39.80891625413752
RE1,DEMINDBAGBOI_LOW,2026,39.78278779098257
RE1,DEMINDBAGBOI_LOW,2027,39.72500799518515
RE1,DEMINDBAGBOI_LOW,2028,39.61305462519107
RE1,DEMINDBAGBOI_LOW,2029,39.4159640701413
RE1,DEMINDBAGBOI_LOW,2030,39.09357382515103
RE1,DEMINDBAGBOI_LOW,2031,38.59647355760539
RE1,DEMINDBAGBOI_LOW,2032,37.86709299347532
RE1,DEMINDBAGBOI_LOW,2033,36.84245739464998
RE1,DEMINDBAGBOI_LOW,2034,35.45916849189806
RE1,DEMINDBAGBOI_LOW,2035,33.66103421681014
RE1,DEMINDBAGBOI_LOW,2036,31.40936906221859
RE1,DEMINDBAGBOI_LOW,2037,28.69523019582165
RE1,DEMINDBAGBOI_LOW,2038,25.55174472947235
RE1,DEMINDBAGBOI_LOW,2039,22.06341735559454
RE1,DEMINDBAGBOI_LOW,2040,18.36836655636401
RE1,DEMINDBAGBOI_LOW,2041,14.64956897730767
RE1,DEMINDBAGBOI_LOW,2042,11.11315288239883
RE1,DEMINDBAGBOI_LOW,2043,7.955797543812219
RE1,DEMINDBAGBOI_LOW,2044,5.328414496949131
RE1,DEMINDBAGBOI_LOW,2045,3.307163633371215
RE1,DEMINDBAGBOI_LOW,2046,1.882598684166773
RE1,DEMINDBAGBOI_LOW,2047,0.9718837442908684
RE1,DEMINDBAGBOI_LOW,2048,0.44949860711697
RE1,DEMINDBAGBOI_LOW,2049,0.1838143337877166
RE1,DEMINDBAGBOI_LOW,2050,0.06552502496232628
RE1,DEMINDBAGBOI_LOW,2051,0.02005375048099044
RE1,DEMINDBAGBOI_LOW,2052,0.005183893968161313
RE1,DEMINDBAGBOI_LOW,2053,0.001112273582134664
RE1,DEMINDBAGBOI_LOW,2054,0.000194437574759774
RE1,DEMINDBAGBOI_MID,2022,0.2726858767022819
RE1,DEMINDBAGBOI_MID,2023,0.3884166394912927
RE1,DEMINDBAGBOI_MID,2024,0.9011945468078527
RE1,DEMINDBAGBOI_MID,2025,0.9009062106891136
RE1,DEMINDBAGBOI_MID,2026,0.9003149035914327
RE1,DEMINDBAGBOI_MID,2027,0.8990073026370652
RE1,DEMINDBAGBOI_MID,2028,0.8964737122802876
RE1,DEMINDBAGBOI_MID,2029,0.8920134023341699
RE1,DEMINDBAGBOI_MID,2030,0.8847174646069745
RE1,DEMINDBAGBOI_MID,2031,0.8734677054950182
RE1,DEMINDBAGBOI_MID,2032,0.8569612656817411
RE1,DEMINDBAGBOI_MID,2033,0.8337729786964365
RE1,DEMINDBAGBOI_MID,2034,0.8024680932353305
RE1,DEMINDBAGBOI_MID,2035,0.7617749398287413
RE1,DEMINDBAGBOI_MID,2036,0.7108180358725089
RE1,DEMINDBAGBOI_MID,2037,0.6493949982344126
RE1,DEMINDBAGBOI_MID,2038,0.5782555187829791
RE1,DEMINDBAGBOI_MID,2039,0.4993120033157191
RE1,DEMINDBAGBOI_MID,2040,0.4156901786825865
RE1,DEMINDBAGBOI_MID,2041,0.3315309462664241
RE1,DEMINDBAGBOI_MID,2042,0.2514991462760594
RE1,DEMINDBAGBOI_MID,2043,0.1800457810117018
RE1,DEMINDBAGBOI_MID,2044,0.1205860938987118
RE1,DEMINDBAGBOI_MID,2045,0.0748436415110807
RE1,DEMINDBAGBOI_MID,2046,0.04260464756120361
RE1,DEMINDBAGBOI_MID,2047,0.02199447218582423
RE1,DEMINDBAGBOI_MID,2048,0.0101724971426645
RE1,DEMINDBAGBOI_MID,2049,0.004159858908638945
RE1,DEMINDBAGBOI_MID,2050,0.001482881411974723
RE1,DEMINDBAGBOI_MID,2051,0.0004538317054550901
RE1,DEMINDBAGBOI_MID,2052,0.0001173154838392509
RE1,DEMINDBAGBOI_MID,2053,2.517160155110724e-05
RE1,DEMINDBAGBOI_MID,2054,4.400270973822429e-06
RE1,DEMINDBAGFURCCS,2022,0.0
RE1,DEMINDBAGFURCCS,2023,0.0
RE1,DEMINDBAGFURCCS,2024,0.0
RE1,DEMINDBAGFURCCS,2025,0.0
RE1,DEMINDBAGFURCCS,2026,0.0
RE1,DEMINDBAGFURCCS,2027,0.0
RE1,DEMINDBAGFURCCS,2028,0.0
RE1,DEMINDBAGFURCCS,2029,0.0
RE1,DEMINDBAGFURCCS,2030,0.0
RE1,DEMINDBAGFURCCS,2031,0.0
RE1,DEMINDBAGFURCCS,2032,0.0
RE1,DEMINDBAGFURCCS,2033,0.0
RE1,DEMINDBAGFURCCS,2034,0.0
RE1,DEMINDBAGFURCCS,2035,0.0
RE1,DEMINDBAGFURCCS,2036,0.0
RE1,DEMINDBAGFURCCS,2037,0.0
RE1,DEMINDBAGFURCCS,2038,0.0
RE1,DEMINDBAGFURCCS,2039,0.0
RE1,DEMINDBAGFURCCS,2040,0.0
RE1,DEMINDBAGFURCCS,2041,0.0
RE1,DEMINDBAGFURCCS,2042,0.0
RE1,DEMINDBAGFURCCS,2043,0.0
RE1,DEMINDBAGFURCCS,2044,0.0
RE1,DEMINDBAGFURCCS,2045,0.0
RE1,DEMINDBAGFURCCS,2046,0.0
RE1,DEMINDBAGFURCCS,2047,0.0
RE1,DEMINDBAGFURCCS,2048,0.0
RE1,DEMINDBAGFURCCS,2049,0.0
RE1,DEMINDBAGFURCCS,2050,0.0
RE1,DEMINDBAGFURCCS,2051,0.0
RE1,DEMINDBAGFURCCS,2052,0.0
RE1,DEMINDBAGFURCCS,2053,0.0
RE1,DEMINDBAGFURCCS,2054,0.0
RE1,DEMINDBAGFUR_HIG,2022,0.0
RE1,DEMINDBAGFUR_HIG,2023,0.0
RE1,DEMINDBAGFUR_HIG,2024,0.0
RE1,DEMINDBAGFUR_HIG,2025,0.0
RE1,DEMINDBAGFUR_HIG,2026,0.0
RE1,DEMINDBAGFUR_HIG,2027,0.0
RE1,DEMINDBAGFUR_HIG,2028,0.0
RE1,DEMINDBAGFUR_HIG,2029,0.0
RE1,DEMINDBAGFUR_HIG,2030,0.0
RE1,DEMINDBAGFUR_HIG,2031,0.0
RE1,DEMINDBAGFUR_HIG,2032,0.0
RE1,DEMINDBAGFUR_HIG,2033,0.0
RE1,DEMINDBAGFUR_HIG,2034,0.0
RE1,DEMINDBAGFUR_HIG,2035,0.0
RE1,DEMINDBAGFUR_HIG,2036,0.0
RE1,DEMINDBAGFUR_HIG,2037,0.0
RE1,DEMINDBAGFUR_HIG,2038,0.0
RE1,DEMINDBAGFUR_HIG,2039,0.0
RE1,DEMINDBAGFUR_HIG,2040,0.0
RE1,DEMINDBAGFUR_HIG,2041,0.0
RE1,DEMINDBAGFUR_HIG,2042,0.0
RE1,DEMINDBAGFUR_HIG,2043,0.0
RE1,DEMINDBAGFUR_HIG,2044,0.0
RE1,DEMINDBAGFUR_HIG,2045,0.0
RE1,DEMINDBAGFUR_HIG,2046,0.0
RE1,DEMINDBAGFUR_HIG,2047,0.0
RE1,DEMINDBAGFUR_HIG,2048,0.0
RE1,DEMINDBAGFUR_HIG,2049,0.0
RE1,DEMINDBAGFUR_HIG,2050,0.0
RE1,DEMINDBAGFUR_HIG,2051,0.0
RE1,DEMINDBAGFUR_HIG,2052,0.0
RE1,DEMINDBAGFUR_HIG,2053,0.0
RE1,DEMINDBAGFUR_HIG,2054,0.0
RE1,DEMINDBAGFUR_LOW,2022,1.841376370300716
RE1,DEMINDBAGFUR_LOW,2023,1.913999941483209
RE1,DEMINDBAGFUR_LOW,2024,1.853012166413652
RE1,DEMINDBAGFUR_LOW,2025,1.852419297384504
RE1,DEMINDBAGFUR_LOW,2026,1.851203467517389
RE1,DEMINDBAGFUR_LOW,2027,1.848514813346279
RE1,DEMINDBAGFUR_LOW,2028,1.843305312498269
RE1,DEMINDBAGFUR_LOW,2029,1.834134142271588
RE1,DEMINDBAGFUR_LOW,2030,1.81913242990906
RE1,DEMINDBAGFUR_LOW,2031,1.796000975577122
RE1,DEMINDBAGFUR_LOW,2032,1.762060874733726
RE1,DEMINDBAGFUR_LOW,2033,1.714381738131912
RE1,DEMINDBAGFUR_LOW,2034,1.650013468446872
RE1,DEMINDBAGFUR_LOW,2035,1.566341292866982
RE1,DEMINDBAGFUR_LOW,2036,1.461565067435822
RE1,DEMINDBAGFUR_LOW,2037,1.335268657360292
RE1,DEMINDBAGFUR_LOW,2038,1.188993559044649
RE1,DEMINDBAGFUR_LOW,2039,1.026672010230965
RE1,DEMINDBAGFUR_LOW,2040,0.8547310470152366
RE1,DEMINDBAGFUR_LOW,2041,0.681685080264138
RE1,DEMINDBAGFUR_LOW,2042,0.5171258298698396
RE1,DEMINDBAGFUR_LOW,2043,0.3702053279260084
RE1,DEMINDBAGFUR_LOW,2044,0.2479459067812736
RE1,DEMINDBAGFUR_LOW,2045,0.153891497446338
RE1,DEMINDBAGFUR_LOW,2046,0.08760253882617937
RE1,DEMINDBAGFUR_LOW,2047,0.04522444648443786
RE1,DEMINDBAGFUR_LOW,2048,0.02091641703218656
RE1,DEMINDBAGFUR_LOW,2049,0.008553390825073082
RE1,DEMINDBAGFUR_LOW,2050,0.003049061168280333
RE1,DEMINDBAGFUR_LOW,2051,0.0009331566360352629
RE1,DEMINDBAGFUR_LOW,2052,0.0002412209656980825
RE1,DEMINDBAGFUR_LOW,2053,5.175717506007443e-05
RE1,DEMINDBAGFUR_LOW,2054,9.04771969481114e-06
RE1,DEMINDBAGFUR_MID,2022,0.01268883023347862
RE1,DEMINDBAGFUR_MID,2023,0.01807410364616818
RE1,DEMINDBAGFUR_MID,2024,0.04193508204411471
RE1,DEMINDBAGFUR_MID,2025,0.04192166496470779
RE1,DEMINDBAGFUR_MID,2026,0.04189414980525377
RE1,DEMINDBAGFUR_MID,2027,0.04183330350575429
RE1,DEMINDBAGFUR_MID,2028,0.04171540851864636
RE1,DEMINDBAGFUR_MID,2029,0.04150785792460964
RE1,DEMINDBAGFUR_MID,2030,0.0411683577043049
RE1,DEMINDBAGFUR_MID,2031,0.04064487520764816
RE1,DEMINDBAGFUR_MID,2032,0.03987678477669974
RE1,DEMINDBAGFUR_MID,2033,0.03879776946237543
RE1,DEMINDBAGFUR_MID,2034,0.03734106630672152
RE1,DEMINDBAGFUR_MID,2035,0.03544750100188961
RE1,DEMINDBAGFUR_MID,2036,0.03307633491384814
RE1,DEMINDBAGFUR_MID,2037,0.03021815059407384
RE1,DEMINDBAGFUR_MID,2038,0.02690783328474424
RE1,DEMINDBAGFUR_MID,2039,0.02323437253234997
RE1,DEMINDBAGFUR_MID,2040,0.01934321707752601
RE1,DEMINDBAGFUR_MID,2041,0.01542705454786751
RE1,DEMINDBAGFUR_MID,2042,0.01170295289787195
RE1,DEMINDBAGFUR_MID,2043,0.00837802961099391
RE1,DEMINDBAGFUR_MID,2044,0.00561120543719843
RE1,DEMINDBAGFUR_MID,2045,0.003482682244765809
RE1,DEMINDBAGFUR_MID,2046,0.001982512430049801
RE1,DEMINDBAGFUR_MID,2047,0.00102346380023779
RE1,DEMINDBAGFUR_MID,2048,0.0004733545090593095
RE1,DEMINDBAGFUR_MID,2049,0.0001935697738558437
RE1,DEMINDBAGFUR_MID,2050,6.900258539415167e-05
RE1,DEMINDBAGFUR_MID,2051,2.111804811723687e-05
RE1,DEMINDBAGFUR_MID,2052,5.459014878940377e-06
RE1,DEMINDBAGFUR_MID,2053,1.171304442494047e-06
RE1,DEMINDBAGFUR_MID,2054,2.047568141165456e-07
RE1,DEMINDBGSBOI_HIG,2022,0.0
RE1,DEMINDBGSBOI_HIG,2023,0.0
RE1,DEMINDBGSBOI_HIG,2024,0.0
RE1,DEMINDBGSBOI_HIG,2025,0.0
RE1,DEMINDBGSBOI_HIG,2026,0.0
RE1,DEMINDBGSBOI_HIG,2027,0.0
RE1,DEMINDBGSBOI_HIG,2028,0.0
RE1,DEMINDBGSBOI_HIG,2029,0.0
RE1,DEMINDBGSBOI_HIG,2030,0.0
RE1,DEMINDBGSBOI_HIG,2031,0.0
RE1,DEMINDBGSBOI_HIG,2032,0.0
RE1,DEMINDBGSBOI_HIG,2033,0.0
RE1,DEMINDBGSBOI_HIG,2034,0.0
RE1,DEMINDBGSBOI_HIG,2035,0.0
RE1,DEMINDBGSBOI_HIG,2036,0.0
RE1,DEMINDBGSBOI_HIG,2037,0.0
RE1,DEMINDBGSBOI_HIG,2038,0.0
RE1,DEMINDBGSBOI_HIG,2039,0.0
RE1,DEMINDBGSBOI_HIG,2040,0.0
RE1,DEMINDBGSBOI_HIG,2041,0.0
RE1,DEMINDBGSBOI_HIG,2042,0.0
RE1,DEMINDBGSBOI_HIG,2043,0.0
RE1,DEMINDBGSBOI_HIG,2044,0.0
RE1,DEMINDBGSBOI_HIG,2045,0.0
RE1,DEMINDBGSBOI_HIG,2046,0.0
RE1,DEMINDBGSBOI_HIG,2047,0.0
RE1,DEMINDBGSBOI_HIG,2048,0.0
RE1,DEMINDBGSBOI_HIG,2049,0.0
RE1,DEMINDBGSBOI_HIG,2050,0.0
RE1,DEMINDBGSBOI_HIG,2051,0.0
RE1,DEMINDBGSBOI_HIG,2052,0.0
RE1,DEMINDBGSBOI_HIG,2053,0.0
RE1,DEMINDBGSBOI_HIG,2054,0.0
RE1,DEMINDBGSBOI_LOW,2022,0.0
RE1,DEMINDBGSBOI_LOW,2023,0.0
RE1,DEMINDBGSBOI_LOW,2024,0.0
RE1,DEMINDBGSBOI_LOW,2025,0.0
RE1,DEMINDBGSBOI_LOW,2026,0.0
RE1,DEMINDBGSBOI_LOW,2027,0.0
RE1,DEMINDBGSBOI_LOW,2028,0.0
RE1,DEMINDBGSBOI_LOW,2029,0.0
RE1,DEMINDBGSBOI_LOW,2030,0.0
RE1,DEMINDBGSBOI_LOW,2031,0.0
RE1,DEMINDBGSBOI_LOW,2032,0.0
RE1,DEMINDBGSBOI_LOW,2033,0.0
RE1,DEMINDBGSBOI_LOW,2034,0.0
RE1,DEMINDBGSBOI_LOW,2035,0.0
RE1,DEMINDBGSBOI_LOW,2036,0.0
RE1,DEMINDBGSBOI_LOW,2037,0.0
RE1,DEMINDBGSBOI_LOW,2038,0.0
RE1,DEMINDBGSBOI_LOW,2039,0.0
RE1,DEMINDBGSBOI_LOW,2040,0.0
RE1,DEMINDBGSBOI_LOW,2041,0.0
RE1,DEMINDBGSBOI_LOW,2042,0.0
RE1,DEMINDBGSBOI_LOW,2043,0.0
RE1,DEMINDBGSBOI_LOW,2044,0.0
RE1,DEMINDBGSBOI_LOW,2045,0.0
RE1,DEMINDBGSBOI_LOW,2046,0.0
RE1,DEMINDBGSBOI_LOW,2047,0.0
RE1,DEMINDBGSBOI_LOW,2048,0.0
RE1,DEMINDBGSBOI_LOW,2049,0.0
RE1,DEMINDBGSBOI_LOW,2050,0.0
RE1,DEMINDBGSBOI_LOW,2051,0.0
RE1,DEMINDBGSBOI_LOW,2052,0.0
RE1,DEMINDBGSBOI_LOW,2053,0.0
RE1,DEMINDBGSBOI_LOW,2054,0.0
RE1,DEMINDBGSBOI_MID,2022,0.0
RE1,DEMINDBGSBOI_MID,2023,0.0
RE1,DEMINDBGSBOI_MID,2024,0.0
RE1,DEMINDBGSBOI_MID,2025,0.0
RE1,DEMINDBGSBOI_MID,2026,0.0
RE1,DEMINDBGSBOI_MID,2027,0.0
RE1,DEMINDBGSBOI_MID,2028,0.0
RE1,DEMINDBGSBOI_MID,2029,0.0
RE1,DEMINDBGSBOI_MID,2030,0.0
RE1,DEMINDBGSBOI_MID,2031,0.0
RE1,DEMINDBGSBOI_MID,2032,0.0
RE1,DEMINDBGSBOI_MID,2033,0.0
RE1,DEMINDBGSBOI_MID,2034,0.0
RE1,DEMINDBGSBOI_MID,2035,0.0
RE1,DEMINDBGSBOI_MID,2036,0.0
RE1,DEMINDBGSBOI_MID,2037,0.0
RE1,DEMINDBGSBOI_MID,2038,0.0
RE1,DEMINDBGSBOI_MID,2039,0.0
RE1,DEMINDBGSBOI_MID,2040,0.0
RE1,DEMINDBGSBOI_MID,2041,0.0
RE1,DEMINDBGSBOI_MID,2042,0.0
RE1,DEMINDBGSBOI_MID,2043,0.0
RE1,DEMINDBGSBOI_MID,2044,0.0
RE1,DEMINDBGSBOI_MID,2045,0.0
RE1,DEMINDBGSBOI_MID,2046,0.0
RE1,DEMINDBGSBOI_MID,2047,0.0
RE1,DEMINDBGSBOI_MID,2048,0.0
RE1,DEMINDBGSBOI_MID,2049,0.0
RE1,DEMINDBGSBOI_MID,2050,0.0
RE1,DEMINDBGSBOI_MID,2051,0.0
RE1,DEMINDBGSBOI_MID,2052,0.0
RE1,DEMINDBGSBOI_MID,2053,0.0
RE1,DEMINDBGSBOI_MID,2054,0.0
RE1,DEMINDBGSFUR_HIG,2022,0.0
RE1,DEMINDBGSFUR_HIG,2023,0.0
RE1,DEMINDBGSFUR_HIG,2024,0.0
RE1,DEMINDBGSFUR_HIG,2025,0.0
RE1,DEMINDBGSFUR_HIG,2026,0.0
RE1,DEMINDBGSFUR_HIG,2027,0.0
RE1,DEMINDBGSFUR_HIG,2028,0.0
RE1,DEMINDBGSFUR_HIG,2029,0.0
RE1,DEMINDBGSFUR_HIG,2030,0.0
RE1,DEMINDBGSFUR_HIG,2031,0.0
RE1,DEMINDBGSFUR_HIG,2032,0.0
RE1,DEMINDBGSFUR_HIG,2033,0.0
RE1,DEMINDBGSFUR_HIG,2034,0.0
RE1,DEMINDBGSFUR_HIG,2035,0.0
RE1,DEMINDBGSFUR_HIG,2036,0.0
RE1,DEMINDBGSFUR_HIG,2037,0.0
RE1,DEMINDBGSFUR_HIG,2038,0.0
RE1,DEMINDBGSFUR_HIG,2039,0.0
RE1,DEMINDBGSFUR_HIG,2040,0.0
RE1,DEMINDBGSFUR_HIG,2041,0.0
RE1,DEMINDBGSFUR_HIG,2042,0.0
RE1,DEMINDBGSFUR_HIG,2043,0.0
RE1,DEMINDBGSFUR_HIG,2044,0.0
RE1,DEMINDBGSFUR_HIG,2045,0.0
RE1,DEMINDBGSFUR_HIG,2046,0.0
RE1,DEMINDBGSFUR_HIG,2047,0.0
RE1,DEMINDBGSFUR_HIG,2048,0.0
RE1,DEMINDBGSFUR_HIG,2049,0.0
RE1,DEMINDBGSFUR_HIG,2050,0.0
RE1,DEMINDBGSFUR_HIG,2051,0.0
RE1,DEMINDBGSFUR_HIG,2052,0.0
RE1,DEMINDBGSFUR_HIG,2053,0.0
RE1,DEMINDBGSFUR_HIG,2054,0.0
RE1,DEMINDBGSFUR_LOW,2022,0.0
RE1,DEMINDBGSFUR_LOW,2023,0.0
RE1,DEMINDBGSFUR_LOW,2024,0.0
RE1,DEMINDBGSFUR_LOW,2025,0.0
RE1,DEMINDBGSFUR_LOW,2026,0.0
RE1,DEMINDBGSFUR_LOW,2027,0.0
RE1,DEMINDBGSFUR_LOW,2028,0.0
RE1,DEMINDBGSFUR_LOW,2029,0.0
RE1,DEMINDBGSFUR_LOW,2030,0.0
RE1,DEMINDBGSFUR_LOW,2031,0.0
RE1,DEMINDBGSFUR_LOW,2032,0.0
RE1,DEMINDBGSFUR_LOW,2033,0.0
RE1,DEMINDBGSFUR_LOW,2034,0.0
RE1,DEMINDBGSFUR_LOW,2035,0.0
RE1,DEMINDBGSFUR_LOW,2036,0.0
RE1,DEMINDBGSFUR_LOW,2037,0.0
RE1,DEMINDBGSFUR_LOW,2038,0.0
RE1,DEMINDBGSFUR_LOW,2039,0.0
RE1,DEMINDBGSFUR_LOW,2040,0.0
RE1,DEMINDBGSFUR_LOW,2041,0.0
RE1,DEMINDBGSFUR_LOW,2042,0.0
RE1,DEMINDBGSFUR_LOW,2043,0.0
RE1,DEMINDBGSFUR_LOW,2044,0.0
RE1,DEMINDBGSFUR_LOW,2045,0.0
RE1,DEMINDBGSFUR_LOW,2046,0.0
RE1,DEMINDBGSFUR_LOW,2047,0.0
RE1,DEMINDBGSFUR_LOW,2048,0.0
RE1,DEMINDBGSFUR_LOW,2049,0.0
RE1,DEMINDBGSFUR_LOW,2050,0.0
RE1,DEMINDBGSFUR_LOW,2051,0.0
RE1,DEMINDBGSFUR_LOW,2052,0.0
RE1,DEMINDBGSFUR_LOW,2053,0.0
RE1,DEMINDBGSFUR_LOW,2054,0.0
RE1,DEMINDBGSFUR_MID,2022,0.0
RE1,DEMINDBGSFUR_MID,2023,0.0
RE1,DEMINDBGSFUR_MID,2024,0.0
RE1,DEMINDBGSFUR_MID,2025,0.0
RE1,DEMINDBGSFUR_MID,2026,0.0
RE1,DEMINDBGSFUR_MID,2027,0.0
RE1,DEMINDBGSFUR_MID,2028,0.0
RE1,DEMINDBGSFUR_MID,2029,0.0
RE1,DEMINDBGSFUR_MID,2030,0.0
RE1,DEMINDBGSFUR_MID,2031,0.0
RE1,DEMINDBGSFUR_MID,2032,0.0
RE1,DEMINDBGSFUR_MID,2033,0.0
RE1,DEMINDBGSFUR_MID,2034,0.0
RE1,DEMINDBGSFUR_MID,2035,0.0
RE1,DEMINDBGSFUR_MID,2036,0.0
RE1,DEMINDBGSFUR_MID,2037,0.0
RE1,DEMINDBGSFUR_MID,2038,0.0
RE1,DEMINDBGSFUR_MID,2039,0.0
RE1,DEMINDBGSFUR_MID,2040,0.0
RE1,DEMINDBGSFUR_MID,2041,0.0
RE1,DEMINDBGSFUR_MID,2042,0.0
RE1,DEMINDBGSFUR_MID,2043,0.0
RE1,DEMINDBGSFUR_MID,2044,0.0
RE1,DEMINDBGSFUR_MID,2045,0.0
RE1,DEMINDBGSFUR_MID,2046,0.0
RE1,DEMINDBGSFUR_MID,2047,0.0
RE1,DEMINDBGSFUR_MID,2048,0.0
RE1,DEMINDBGSFUR_MID,2049,0.0
RE1,DEMINDBGSFUR_MID,2050,0.0
RE1,DEMINDBGSFUR_MID,2051,0.0
RE1,DEMINDBGSFUR_MID,2052,0.0
RE1,DEMINDBGSFUR_MID,2053,0.0
RE1,DEMINDBGSFUR_MID,2054,0.0
RE1,DEMINDCOABOI_HIG,2022,0.0
RE1,DEMINDCOABOI_HIG,2023,0.0
RE1,DEMINDCOABOI_HIG,2024,0.0
RE1,DEMINDCOABOI_HIG,2025,0.0
RE1,DEMINDCOABOI_HIG,2026,0.0
RE1,DEMINDCOABOI_HIG,2027,0.0
RE1,DEMINDCOABOI_HIG,2028,0.0
RE1,DEMINDCOABOI_HIG,2029,0.0
RE1,DEMINDCOABOI_HIG,2030,0.0
RE1,DEMINDCOABOI_HIG,2031,0.0
RE1,DEMINDCOABOI_HIG,2032,0.0
RE1,DEMINDCOABOI_HIG,2033,0.0
RE1,DEMINDCOABOI_HIG,2034,0.0
RE1,DEMINDCOABOI_HIG,2035,0.0
RE1,DEMINDCOABOI_HIG,2036,0.0
RE1,DEMINDCOABOI_HIG,2037,0.0
RE1,DEMINDCOABOI_HIG,2038,0.0
RE1,DEMINDCOABOI_HIG,2039,0.0
RE1,DEMINDCOABOI_HIG,2040,0.0
RE1,DEMINDCOABOI_HIG,2041,0.0
RE1,DEMINDCOABOI_HIG,2042,0.0
RE1,DEMINDCOABOI_HIG,2043,0.0
RE1,DEMINDCOABOI_HIG,2044,0.0
RE1,DEMINDCOABOI_HIG,2045,0.0
RE1,DEMINDCOABOI_HIG,2046,0.0
RE1,DEMINDCOABOI_HIG,2047,0.0
RE1,DEMINDCOABOI_HIG,2048,0.0
RE1,DEMINDCOABOI_HIG,2049,0.0
RE1,DEMINDCOABOI_HIG,2050,0.0
RE1,DEMINDCOABOI_HIG,2051,0.0
RE1,DEMINDCOABOI_HIG,2052,0.0
RE1,DEMINDCOABOI_HIG,2053,0.0
RE1,DEMINDCOABOI_HIG,2054,0.0
RE1,DEMINDCOABOI_LOW,2022,28.55497605112092
RE1,DEMINDCOABOI_LOW,2023,28.91213211479576
RE1,DEMINDCOABOI_LOW,2024,27.12449539696637
RE1,DEMINDCOABOI_LOW,2025,27.12335239704594
RE1,DEMINDCOABOI_LOW,2026,27.1210073888188
RE1,DEMINDCOABOI_LOW,2027,27.11581694706538
RE1,DEMINDCOABOI_LOW,2028,27.10574133210277
RE1,DEMINDCOABOI_LOW,2029,27.08794327924302
RE1,DEMINDCOABOI_LOW,2030,27.05866289203975
RE1,DEMINDCOABOI_LOW,2031,27.0131013222395
RE1,DEMINDCOABOI_LOW,2032,26.94531914538377
RE1,DEMINDCOABOI_LOW,2033,26.84815782712931
RE1,DEMINDCOABOI_LOW,2034,26.71319562500656
RE1,DEMINDCOABOI_LOW,2035,26.53075255439238
RE1,DEMINDCOABOI_LOW,2036,26.28996240714042
RE1,DEMINDCOABOI_LOW,2037,25.97893281153425
RE1,DEMINDCOABOI_LOW,2038,25.58501630623677
RE1,DEMINDCOABOI_LOW,2039,25.09521545916368
RE1,DEMINDCOABOI_LOW,2040,24.49674203687242
RE1,DEMINDCOABOI_LOW,2041,23.77774278468488
RE1,DEMINDCOABOI_LOW,2042,22.92819116815474
RE1,DEMINDCOABOI_LOW,2043,21.94092440793907
RE1,DEMINDCOABOI_LOW,2044,20.81277803116576
RE1,DEMINDCOABOI_LOW,2045,19.54573704736139
RE1,DEMINDCOABOI_LOW,2046,18.14798684257036
RE1,DEMINDCOABOI_LOW,2047,16.6347136298926
RE1,DEMINDCOABOI_LOW,2048,15.02848212248998
RE1,DEMINDCOABOI_LOW,2049,13.35901732790706
RE1,DEMINDCOABOI_LOW,2050,11.6622485227776
RE1,DEMINDCOABOI_LOW,2051,9.978544208693346
RE1,DEMINDCOABOI_LOW,2052,8.350177922093108
RE1,DEMINDCOABOI_LOW,2053,6.818205988867146
RE1,DEMINDCOABOI_LOW,2054,5.419086229043044
RE1,DEMINDCOABOI_MID,2022,0.1967708770882885
RE1,DEMINDCOABOI_MID,2023,0.2730203178948793
RE1,DEMINDCOABOI_MID,2024,0.6138480688329578
RE1,DEMINDCOABOI_MID,2025,0.6138222018708793
RE1,DEMINDCOABOI_MID,2026,0.613769132541826
RE1,DEMINDCOABOI_MID,2027,0.6136516688766003
RE1,DEMINDCOABOI_MID,2028,0.6134236500066973
RE1,DEMINDCOABOI_MID,2029,0.6130208664630019
RE1,DEMINDCOABOI_MID,2030,0.6123582289143078
RE1,DEMINDCOABOI_MID,2031,0.611327135755686
RE1,DEMINDCOABOI_MID,2032,0.6097931732706608
RE1,DEMINDCOABOI_MID,2033,0.6075943383539959
RE1,DEMINDCOABOI_MID,2034,0.6045400405347724
RE1,DEMINDCOABOI_MID,2035,0.6004112143601481
RE1,DEMINDCOABOI_MID,2036,0.5949619492320253
RE1,DEMINDCOABOI_MID,2037,0.5879231116861628
RE1,DEMINDCOABOI_MID,2038,0.579008480002901
RE1,DEMINDCOABOI_MID,2039,0.5679239123570013
RE1,DEMINDCOABOI_MID,2040,0.5543800012484309
RE1,DEMINDCOABOI_MID,2041,0.5381084984614326
RE1,DEMINDCOABOI_MID,2042,0.5188824958557116
RE1,DEMINDCOABOI_MID,2043,0.4965398942584432
RE1,DEMINDCOABOI_MID,2044,0.4710090792291377
RE1,DEMINDCOABOI_MID,2045,0.4423349730510183
RE1,DEMINDCOABOI_MID,2046,0.4107028172683965
RE1,DEMINDCOABOI_MID,2047,0.3764562874943246
RE1,DEMINDCOABOI_MID,2048,0.3401060404394791
RE1,DEMINDCOABOI_MID,2049,0.3023247757508112
RE1,DEMINDCOABOI_MID,2050,0.2639256004282275
RE1,DEMINDCOABOI_MID,2051,0.2258220845264376
RE1,DEMINDCOABOI_MID,2052,0.1889709104952317
RE1,DEMINDCOABOI_MID,2053,0.15430121437907
RE1,DEMINDCOABOI_MID,2054,0.1226380645189583
RE1,DEMINDCOAFUR_HIG,2022,0.0
RE1,DEMINDCOAFUR_HIG,2023,0.0
RE1,DEMINDCOAFUR_HIG,2024,0.0
RE1,DEMINDCOAFUR_HIG,2025,0.0
RE1,DEMINDCOAFUR_HIG,2026,0.0
RE1,DEMINDCOAFUR_HIG,2027,0.0
RE1,DEMINDCOAFUR_HIG,2028,0.0
RE1,DEMINDCOAFUR_HIG,2029,0.0
RE1,DEMINDCOAFUR_HIG,2030,0.0
RE1,DEMINDCOAFUR_HIG,2031,0.0
RE1,DEMINDCOAFUR_HIG,2032,0.0
RE1,DEMINDCOAFUR_HIG,2033,0.0
RE1,DEMINDCOAFUR_HIG,2034,0.0
RE1,DEMINDCOAFUR_HIG,2035,0.0
RE1,DEMINDCOAFUR_HIG,2036,0.0
RE1,DEMINDCOAFUR_HIG,2037,0.0
RE1,DEMINDCOAFUR_HIG,2038,0.0
RE1,DEMINDCOAFUR_HIG,2039,0.0
RE1,DEMINDCOAFUR_HIG,2040,0.0
RE1,DEMINDCOAFUR_HIG,2041,0.0
RE1,DEMINDCOAFUR_HIG,2042,0.0
RE1,DEMINDCOAFUR_HIG,2043,0.0
RE1,DEMINDCOAFUR_HIG,2044,0.0
RE1,DEMINDCOAFUR_HIG,2045,0.0
RE1,DEMINDCOAFUR_HIG,2046,0.0
RE1,DEMINDCOAFUR_HIG,2047,0.0
RE1,DEMINDCOAFUR_HIG,2048,0.0
RE1,DEMINDCOAFUR_HIG,2049,0.0
RE1,DEMINDCOAFUR_HIG,2050,0.0
RE1,DEMINDCOAFUR_HIG,2051,0.0
RE1,DEMINDCOAFUR_HIG,2052,0.0
RE1,DEMINDCOAFUR_HIG,2053,0.0
RE1,DEMINDCOAFUR_HIG,2054,0.0
RE1,DEMINDCOAFUR_LOW,2022,27.21403882036985
RE1,DEMINDCOAFUR_LOW,2023,27.30023907563411
RE1,DEMINDCOAFUR_LOW,2024,25.38019446337675
RE1,DEMINDCOAFUR_LOW,2025,25.37969963972888
RE1,DEMINDCOAFUR_LOW,2026,25.37868441164651
RE1,DEMINDCOAFUR_LOW,2027,25.37643713781849
RE1,DEMINDCOAFUR_LOW,2028,25.37207410047582
RE1,DEMINDCOAFUR_LOW,2029,25.36436489077504
RE1,DEMINDCOAFUR_LOW,2030,25.35167619441805
RE1,DEMINDCOAFUR_LOW,2031,25.33191734409284
RE1,DEMINDCOAFUR_LOW,2032,25.30248883660267
RE1,DEMINDCOAFUR_LOW,2033,25.26023553286294
RE1,DEMINDCOAFUR_LOW,2034,25.20140689818293
RE1,DEMINDCOAFUR_LOW,2035,25.12162739485219
RE1,DEMINDCOAFUR_LOW,2036,25.01588099252291
RE1,DEMINDCOAFUR_LOW,2037,24.87851467929551
RE1,DEMINDCOAFUR_LOW,2038,24.70326677790557
RE1,DEMINDCOAFUR_LOW,2039,24.48332670504908
RE1,DEMINDCOAFUR_LOW,2040,24.21143342688219
RE1,DEMINDCOAFUR_LOW,2041,23.88002008546406
RE1,DEMINDCOAFUR_LOW,2042,23.48141188002143
RE1,DEMINDCOAFUR_LOW,2043,23.00808302562561
RE1,DEMINDCOAFUR_LOW,2044,22.45297620132708
RE1,DEMINDCOAFUR_LOW,2045,21.80988407255978
RE1,DEMINDCOAFUR_LOW,2046,21.07388702404849
RE1,DEMINDCOAFUR_LOW,2047,20.24183409954039
RE1,DEMINDCOAFUR_LOW,2048,19.31284546834888
RE1,DEMINDCOAFUR_LOW,2049,18.28880500566071
RE1,DEMINDCOAFUR_LOW,2050,17.17480168032606
RE1,DEMINDCOAFUR_LOW,2051,15.97946975967633
RE1,DEMINDCOAFUR_LOW,2052,14.71517218988533
RE1,DEMINDCOAFUR_LOW,2053,13.397971036889
RE1,DEMINDCOAFUR_LOW,2054,12.0473357533153
RE1,DEMINDCOAFUR_MID,2022,0.1875305473277993
RE1,DEMINDCOAFUR_MID,2023,0.2577990416425047
RE1,DEMINDCOAFUR_MID,2024,0.5743732051026904
RE1,DEMINDCOAFUR_MID,2025,0.5743620068652225
RE1,DEMINDCOAFUR_MID,2026,0.5743390314775271
RE1,DEMINDCOAFUR_MID,2027,0.5742881739526484
RE1,DEMINDCOAFUR_MID,2028,0.5741894350818291
RE1,DEMINDCOAFUR_MID,2029,0.5740149697722334
RE1,DEMINDCOAFUR_MID,2030,0.5737278148725475
RE1,DEMINDCOAFUR_MID,2031,0.5732806569830835
RE1,DEMINDCOAFUR_MID,2032,0.5726146673590516
RE1,DEMINDCOAFUR_MID,2033,0.5716584427907102
RE1,DEMINDCOAFUR_MID,2034,0.5703271058105412
RE1,DEMINDCOAFUR_MID,2035,0.5685216346548453
RE1,DEMINDCOAFUR_MID,2036,0.5661285127218518
RE1,DEMINDCOAFUR_MID,2037,0.5630198080302699
RE1,DEMINDCOAFUR_MID,2038,0.5590538140362479
RE1,DEMINDCOAFUR_MID,2039,0.5540764020325935
RE1,DEMINDCOAFUR_MID,2040,0.5479232492720052
RE1,DEMINDCOAFUR_MID,2041,0.54042311197405
RE1,DEMINDCOAFUR_MID,2042,0.5314023035294697
RE1,DEMINDCOAFUR_MID,2043,0.5206905096714987
RE1,DEMINDCOAFUR_MID,2044,0.508128017831383
RE1,DEMINDCOAFUR_MID,2045,0.4935743512820825
RE1,DEMINDCOAFUR_MID,2046,0.4769181753686333
RE1,DEMINDCOAFUR_MID,2047,0.4580881815419747
RE1,DEMINDCOAFUR_MID,2048,0.4370644585609949
RE1,DEMINDCOAFUR_MID,2049,0.4138896399614847
RE1,DEMINDCOAFUR_MID,2050,0.3886788929992888
RE1,DEMINDCOAFUR_MID,2051,0.3616276177454349
RE1,DEMINDCOAFUR_MID,2052,0.333015597123912
RE1,DEMINDCOAFUR_MID,2053,0.3032063279670829
RE1,DEMINDCOAFUR_MID,2054,0.2726404188732645
RE1,DEMINDCOAOTH_LOW,2022,0.05005246507019862
RE1,DEMINDCOAOTH_LOW,2023,0.05133026253336365
RE1,DEMINDCOAOTH_LOW,2024,0.05028156337381884
RE1,DEMINDCOAOTH_LOW,2025,0.05083241290972323
RE1,DEMINDCOAOTH_LOW,2026,0.05187820472345944
RE1,DEMINDCOAOTH_LOW,2027,0.05266720131842551
RE1,DEMINDCOAOTH_LOW,2028,0.05372753831973698
RE1,DEMINDCOAOTH_LOW,2029,0.05488490415760838
RE1,DEMINDCOAOTH_LOW,2030,0.055686701029178
RE1,DEMINDCOAOTH_LOW,2031,0.05651229032182187
RE1,DEMINDCOAOTH_LOW,2032,0.0573363711845809
RE1,DEMINDCOAOTH_LOW,2033,0.05816190633217994
RE1,DEMINDCOAOTH_LOW,2034,0.05992474845584361
RE1,DEMINDCOAOTH_LOW,2035,0.06213303774110401
RE1,DEMINDCOAOTH_LOW,2036,0.06442935117966814
RE1,DEMINDCOAOTH_LOW,2037,0.06683673810176494
RE1,DEMINDCOAOTH_LOW,2038,0.06934075099858905
RE1,DEMINDCOAOTH_LOW,2039,0.07194558803969009
RE1,DEMINDCOAOTH_LOW,2040,0.07465557816309465
RE1,DEMINDCOAOTH_LOW,2041,0.07747527169041601
RE1,DEMINDCOAOTH_LOW,2042,0.08046643345093973
RE1,DEMINDCOAOTH_LOW,2043,0.08357924371470205
RE1,DEMINDCOAOTH_LOW,2044,0.08681900213838578
RE1,DEMINDCOAOTH_LOW,2045,0.09019125201833178
RE1,DEMINDCOAOTH_LOW,2046,0.09370179208713436
RE1,DEMINDCOAOTH_LOW,2047,0.09737440267530828
RE1,DEMINDCOAOTH_LOW,2048,0.1011903032328685
RE1,DEMINDCOAOTH_LOW,2049,0.1051545484536349
RE1,DEMINDCOAOTH_LOW,2050,0.1092729292419039
RE1,DEMINDCOAOTH_LOW,2051,0.113558415468372
RE1,DEMINDCOAOTH_LOW,2052,0.1180182624977835
RE1,DEMINDCOAOTH_LOW,2053,0.1226599801566557
RE1,DEMINDCOAOTH_LOW,2054,0.127464622129452
RE1,DEMINDDSLBOI_HIG,2022,0.0
RE1,DEMINDDSLBOI_HIG,2023,0.0
RE1,DEMINDDSLBOI_HIG,2024,0.0
RE1,DEMINDDSLBOI_HIG,2025,0.0
RE1,DEMINDDSLBOI_HIG,2026,0.0
RE1,DEMINDDSLBOI_HIG,2027,0.0
RE1,DEMINDDSLBOI_HIG,2028,0.0
RE1,DEMINDDSLBOI_HIG,2029,0.0
RE1,DEMINDDSLBOI_HIG,2030,0.0
RE1,DEMINDDSLBOI_HIG,2031,0.0
RE1,DEMINDDSLBOI_HIG,2032,0.0
RE1,DEMINDDSLBOI_HIG,2033,0.0
RE1,DEMINDDSLBOI_HIG,2034,0.0
RE1,DEMINDDSLBOI_HIG,2035,0.0
RE1,DEMINDDSLBOI_HIG,2036,0.0
RE1,DEMINDDSLBOI_HIG,2037,0.0
RE1,DEMINDDSLBOI_HIG,2038,0.0
RE1,DEMINDDSLBOI_HIG,2039,0.0
RE1,DEMINDDSLBOI_HIG,2040,0.0
RE1,DEMINDDSLBOI_HIG,2041,0.0
RE1,DEMINDDSLBOI_HIG,2042,0.0
RE1,DEMINDDSLBOI_HIG,2043,0.0
RE1,DEMINDDSLBOI_HIG,2044,0.0
RE1,DEMINDDSLBOI_HIG,2045,0.0
RE1,DEMINDDSLBOI_HIG,2046,0.0
RE1,DEMINDDSLBOI_HIG,2047,0.0
RE1,DEMINDDSLBOI_HIG,2048,0.0
RE1,DEMINDDSLBOI_HIG,2049,0.0
RE1,DEMINDDSLBOI_HIG,2050,0.0
RE1,DEMINDDSLBOI_HIG,2051,0.0
RE1,DEMINDDSLBOI_HIG,2052,0.0
RE1,DEMINDDSLBOI_HIG,2053,0.0
RE1,DEMINDDSLBOI_HIG,2054,0.0
RE1,DEMINDDSLBOI_LOW,2022,1.345726861673207
RE1,DEMINDDSLBOI_LOW,2023,1.350736066431834
RE1,DEMINDDSLBOI_LOW,2024,1.307573990088883
RE1,DEMINDDSLBOI_LOW,2025,1.307518890189521
RE1,DEMINDDSLBOI_LOW,2026,1.307405845809543
RE1,DEMINDDSLBOI_LOW,2027,1.307155633352702
RE1,DEMINDDSLBOI_LOW,2028,1.306669924333366
RE1,DEMINDDSLBOI_LOW,2029,1.305811944464873
RE1,DEMINDDSLBOI_LOW,2030,1.30440044271465
RE1,DEMINDDSLBOI_LOW,2031,1.302204083934641
RE1,DEMINDDSLBOI_LOW,2032,1.298936549915997
RE1,DEMINDDSLBOI_LOW,2033,1.294252753563918
RE1,DEMINDDSLBOI_LOW,2034,1.287746713080652
RE1,DEMINDDSLBOI_LOW,2035,1.278951791357104
RE1,DEMINDDSLBOI_LOW,2036,1.267344167730987
RE1,DEMINDDSLBOI_LOW,2037,1.252350553899263
RE1,DEMINDDSLBOI_LOW,2038,1.233361261414534
RE1,DEMINDDSLBOI_LOW,2039,1.209749731003247
RE1,DEMINDDSLBOI_LOW,2040,1.180899488103058
RE1,DEMINDDSLBOI_LOW,2041,1.146239130102115
RE1,DEMINDDSLBOI_LOW,2042,1.105285313975567
RE1,DEMINDDSLBOI_LOW,2043,1.057692747992507
RE1,DEMINDDSLBOI_LOW,2044,1.003308884341101
RE1,DEMINDDSLBOI_LOW,2045,0.9422294131637492
RE1,DEMINDDSLBOI_LOW,2046,0.8748489223683121
RE1,DEMINDDSLBOI_LOW,2047,0.8018994844585114
RE1,DEMINDDSLBOI_LOW,2048,0.7244688627859763
RE1,DEMINDDSLBOI_LOW,2049,0.6439899926422811
RE1,DEMINDDSLBOI_LOW,2050,0.5621948947312758
RE1,DEMINDDSLBOI_LOW,2051,0.4810295887642114
RE1,DEMINDDSLBOI_LOW,2052,0.4025319293041859
RE1,DEMINDDSLBOI_LOW,2053,0.3286810935884923
RE1,DEMINDDSLBOI_LOW,2054,0.26123458148969
RE1,DEMINDDSLBOI_MID,2022,0.009273334861799407
RE1,DEMINDDSLBOI_MID,2023,0.0127551433697474
RE1,DEMINDDSLBOI_MID,2024,0.02959139909979802
RE1,DEMINDDSLBOI_MID,2025,0.02959015214694889
RE1,DEMINDDSLBOI_MID,2026,0.02958759386620206
RE1,DEMINDDSLBOI_MID,2027,0.02958193136700412
RE1,DEMINDDSLBOI_MID,2028,0.0295709394005483
RE1,DEMINDDSLBOI_MID,2029,0.02955152266015685
RE1,DEMINDDSLBOI_MID,2030,0.02951957929638738
RE1,DEMINDDSLBOI_MID,2031,0.02946987401797239
RE1,DEMINDDSLBOI_MID,2032,0.02939592722494134
RE1,DEMINDDSLBOI_MID,2033,0.02928992933250306
RE1,DEMINDDSLBOI_MID,2034,0.02914269266218149
RE1,DEMINDDSLBOI_MID,2035,0.02894365685943102
RE1,DEMINDDSLBOI_MID,2036,0.02868096746217761
RE1,DEMINDDSLBOI_MID,2037,0.02834165051781668
RE1,DEMINDDSLBOI_MID,2038,0.02791190831064703
RE1,DEMINDDSLBOI_MID,2039,0.02737756132527306
RE1,DEMINDDSLBOI_MID,2040,0.02672465827102405
RE1,DEMINDDSLBOI_MID,2041,0.02594026786992861
RE1,DEMINDDSLBOI_MID,2042,0.02501345169979504
RE1,DEMINDDSLBOI_MID,2043,0.02393639554476058
RE1,DEMINDDSLBOI_MID,2044,0.02270564713121318
RE1,DEMINDDSLBOI_MID,2045,0.02132337200023511
RE1,DEMINDDSLBOI_MID,2046,0.01979849997786297
RE1,DEMINDDSLBOI_MID,2047,0.01814759842456111
RE1,DEMINDDSLBOI_MID,2048,0.01639528425662503
RE1,DEMINDDSLBOI_MID,2049,0.01457398589525198
RE1,DEMINDDSLBOI_MID,2050,0.01272290029318438
RE1,DEMINDDSLBOI_MID,2051,0.01088606736431482
RE1,DEMINDDSLBOI_MID,2052,0.009109605315445407
RE1,DEMINDDSLBOI_MID,2053,0.007438304440633607
RE1,DEMINDDSLBOI_MID,2054,0.005911938305689803
RE1,DEMINDDSLFUR_HIG,2022,0.0
RE1,DEMINDDSLFUR_HIG,2023,0.0
RE1,DEMINDDSLFUR_HIG,2024,0.0
RE1,DEMINDDSLFUR_HIG,2025,0.0
RE1,DEMINDDSLFUR_HIG,2026,0.0
RE1,DEMINDDSLFUR_HIG,2027,0.0
RE1,DEMINDDSLFUR_HIG,2028,0.0
RE1,DEMINDDSLFUR_HIG,2029,0.0
RE1,DEMINDDSLFUR_HIG,2030,0.0
RE1,DEMINDDSLFUR_HIG,2031,0.0
RE1,DEMINDDSLFUR_HIG,2032,0.0
RE1,DEMINDDSLFUR_HIG,2033,0.0
RE1,DEMINDDSLFUR_HIG,2034,0.0
RE1,DEMINDDSLFUR_HIG,2035,0.0
RE1,DEMINDDSLFUR_HIG,2036,0.0
RE1,DEMINDDSLFUR_HIG,2037,0.0
RE1,DEMINDDSLFUR_HIG,2038,0.0
RE1,DEMINDDSLFUR_HIG,2039,0.0
RE1,DEMINDDSLFUR_HIG,2040,0.0
RE1,DEMINDDSLFUR_HIG,2041,0.0
RE1,DEMINDDSLFUR_HIG,2042,0.0
RE1,DEMINDDSLFUR_HIG,2043,0.0
RE1,DEMINDDSLFUR_HIG,2044,0.0
RE1,DEMINDDSLFUR_HIG,2045,0.0
RE1,DEMINDDSLFUR_HIG,2046,0.0
RE1,DEMINDDSLFUR_HIG,2047,0.0
RE1,DEMINDDSLFUR_HIG,2048,0.0
RE1,DEMINDDSLFUR_HIG,2049,0.0
RE1,DEMINDDSLFUR_HIG,2050,0.0
RE1,DEMINDDSLFUR_HIG,2051,0.0
RE1,DEMINDDSLFUR_HIG,2052,0.0
RE1,DEMINDDSLFUR_HIG,2053,0.0
RE1,DEMINDDSLFUR_HIG,2054,0.0
RE1,DEMINDDSLFUR_LOW,2022,1.751034174074598
RE1,DEMINDDSLFUR_LOW,2023,1.757491220404331
RE1,DEMINDDSLFUR_LOW,2024,1.70141714720819
RE1,DEMINDDSLFUR_LOW,2025,1.701383975616832
RE1,DEMINDDSLFUR_LOW,2026,1.701315917569832
RE1,DEMINDDSLFUR_LOW,2027,1.701165266626988
RE1,DEMINDDSLFUR_LOW,2028,1.70087278082435
RE1,DEMINDDSLFUR_LOW,2029,1.700355976999412
RE1,DEMINDDSLFUR_LOW,2030,1.699505362336524
RE1,DEMINDDSLFUR_LOW,2031,1.698180784355022
RE1,DEMINDDSLFUR_LOW,2032,1.696207979641773
RE1,DEMINDDSLFUR_LOW,2033,1.693375436510053
RE1,DEMINDDSLFUR_LOW,2034,1.689431729619396
RE1,DEMINDDSLFUR_LOW,2035,1.684083535177523
RE1,DEMINDDSLFUR_LOW,2036,1.676994592559758
RE1,DEMINDDSLFUR_LOW,2037,1.667785939682369
RE1,DEMINDDSLFUR_LOW,2038,1.656037811240431
RE1,DEMINDDSLFUR_LOW,2039,1.641293644805607
RE1,DEMINDDSLFUR_LOW,2040,1.62306668100707
RE1,DEMINDDSLFUR_LOW,2041,1.600849658883144
RE1,DEMINDDSLFUR_LOW,2042,1.574128081287015
RE1,DEMINDDSLFUR_LOW,2043,1.542397440676694
RE1,DEMINDDSLFUR_LOW,2044,1.505184634023197
RE1,DEMINDDSLFUR_LOW,2045,1.462073539003883
RE1,DEMINDDSLFUR_LOW,2046,1.412734358390484
RE1,DEMINDDSLFUR_LOW,2047,1.356955860901603
RE1,DEMINDDSLFUR_LOW,2048,1.294679065152402
RE1,DEMINDDSLFUR_LOW,2049,1.226030260858691
RE1,DEMINDDSLFUR_LOW,2050,1.151350598238047
RE1,DEMINDDSLFUR_LOW,2051,1.071218894387888
RE1,DEMINDDSLFUR_LOW,2052,0.9864639265912446
RE1,DEMINDDSLFUR_LOW,2053,0.8981624507588097
RE1,DEMINDDSLFUR_LOW,2054,0.807619644461062
RE1,DEMINDDSLFUR_MID,2022,0.01206628678754224
RE1,DEMINDDSLFUR_MID,2023,0.01659617525912926
RE1,DEMINDDSLFUR_MID,2024,0.03850437085770953
RE1,DEMINDDSLFUR_MID,2025,0.03850362015923581
RE1,DEMINDDSLFUR_MID,2026,0.03850207995359849
RE1,DEMINDDSLFUR_MID,2027,0.03849867060758193
RE1,DEMINDDSLFUR_MID,2028,0.03849205143024858
RE1,DEMINDDSLFUR_MID,2029,0.03848035576456851
RE1,DEMINDDSLFUR_MID,2030,0.03846110570441096
RE1,DEMINDDSLFUR_MID,2031,0.03843112949198511
RE1,DEMINDDSLFUR_MID,2032,0.03838648341301886
RE1,DEMINDDSLFUR_MID,2033,0.03832238079633066
RE1,DEMINDDSLFUR_MID,2034,0.03823313169423885
RE1,DEMINDDSLFUR_MID,2035,0.03811209796506378
RE1,DEMINDDSLFUR_MID,2036,0.03795166977378139
RE1,DEMINDDSLFUR_MID,2037,0.03774327091870183
RE1,DEMINDDSLFUR_MID,2038,0.03747740179004363
RE1,DEMINDDSLFUR_MID,2039,0.03714373003098923
RE1,DEMINDDSLFUR_MID,2040,0.03673123990482558
RE1,DEMINDDSLFUR_MID,2041,0.03622845170816419
RE1,DEMINDDSLFUR_MID,2042,0.03562372197721447
RE1,DEMINDDSLFUR_MID,2043,0.03490563332058065
RE1,DEMINDDSLFUR_MID,2044,0.03406347905500644
RE1,DEMINDDSLFUR_MID,2045,0.03308784201418467
RE1,DEMINDDSLFUR_MID,2046,0.03197125863469356
RE1,DEMINDDSLFUR_MID,2047,0.03070894859113849
RE1,DEMINDDSLFUR_MID,2048,0.02929957708968645
RE1,DEMINDDSLFUR_MID,2049,0.02774600216316086
RE1,DEMINDDSLFUR_MID,2050,0.02605594430181143
RE1,DEMINDDSLFUR_MID,2051,0.02424250257908667
RE1,DEMINDDSLFUR_MID,2052,0.02232443285854219
RE1,DEMINDDSLFUR_MID,2053,0.0203261029496694
RE1,DEMINDDSLFUR_MID,2054,0.01827705001876013
RE1,DEMINDELCAIR_HIG,2022,0.0
RE1,DEMINDELCAIR_HIG,2023,0.0
RE1,DEMINDELCAIR_HIG,2024,0.0
RE1,DEMINDELCAIR_HIG,2025,0.0
RE1,DEMINDELCAIR_HIG,2026,0.0
RE1,DEMINDELCAIR_HIG,2027,0.0
RE1,DEMINDELCAIR_HIG,2028,0.0
RE1,DEMINDELCAIR_HIG,2029,0.0
RE1,DEMINDELCAIR_HIG,2030,0.0
RE1,DEMINDELCAIR_HIG,2031,0.0
RE1,DEMINDELCAIR_HIG,2032,0.0
RE1,DEMINDELCAIR_HIG,2033,0.0
RE1,DEMINDELCAIR_HIG,2034,0.0
RE1,DEMINDELCAIR_HIG,2035,0.0
RE1,DEMINDELCAIR_HIG,2036,0.0
RE1,DEMINDELCAIR_HIG,2037,0.0
RE1,DEMINDELCAIR_HIG,2038,0.0
RE1,DEMINDELCAIR_HIG,2039,0.0
RE1,DEMINDELCAIR_HIG,2040,0.0
RE1,DEMINDELCAIR_HIG,2041,0.0
RE1,DEMINDELCAIR_HIG,2042,0.0
RE1,DEMINDELCAIR_HIG,2043,0.0
RE1,DEMINDELCAIR_HIG,2044,0.0
RE1,DEMINDELCAIR_HIG,2045,0.0
RE1,DEMINDELCAIR_HIG,2046,0.0
RE1,DEMINDELCAIR_HIG,2047,0.0
RE1,DEMINDELCAIR_HIG,2048,0.0
RE1,DEMINDELCAIR_HIG,2049,0.0
RE1,DEMINDELCAIR_HIG,2050,0.0
RE1,DEMINDELCAIR_HIG,2051,0.0
RE1,DEMINDELCAIR_HIG,2052,0.0
RE1,DEMINDELCAIR_HIG,2053,0.0
RE1,DEMINDELCAIR_HIG,2054,0.0
RE1,DEMINDELCAIR_LOW,2022,0.6690743113546258
RE1,DEMINDELCAIR_LOW,2023,0.6362971629513507
RE1,DEMINDELCAIR_LOW,2024,0.6158044185112086
RE1,DEMINDELCAIR_LOW,2025,0.6156073926231084
RE1,DEMINDELCAIR_LOW,2026,0.6152033405516231
RE1,DEMINDELCAIR_LOW,2027,0.6143098304341893
RE1,DEMINDELCAIR_LOW,2028,0.612578577019566
RE1,DEMINDELCAIR_LOW,2029,0.6095307572313994
RE1,DEMINDELCAIR_LOW,2030,0.6045452957619488
RE1,DEMINDELCAIR_LOW,2031,0.596858108358443
RE1,DEMINDELCAIR_LOW,2032,0.585578924960241
RE1,DEMINDELCAIR_LOW,2033,0.5697339005603085
RE1,DEMINDELCAIR_LOW,2034,0.5483426406417699
RE1,DEMINDELCAIR_LOW,2035,0.5205361877957175
RE1,DEMINDELCAIR_LOW,2036,0.4857163070928777
RE1,DEMINDELCAIR_LOW,2037,0.4437447060552333
RE1,DEMINDELCAIR_LOW,2038,0.395133664264142
RE1,DEMINDELCAIR_LOW,2039,0.3411899671903605
RE1,DEMINDELCAIR_LOW,2040,0.2840494870626751
RE1,DEMINDELCAIR_LOW,2041,0.2265417853528084
RE1,DEMINDELCAIR_LOW,2042,0.1718544415045329
RE1,DEMINDELCAIR_LOW,2043,0.1230289152037525
RE1,DEMINDELCAIR_LOW,2044,0.08239891119721449
RE1,DEMINDELCAIR_LOW,2045,0.0511421704705668
RE1,DEMINDELCAIR_LOW,2046,0.02911261537282236
RE1,DEMINDELCAIR_LOW,2047,0.0150292666581573
RE1,DEMINDELCAIR_LOW,2048,0.006951072562449792
RE1,DEMINDELCAIR_LOW,2049,0.00284251553163166
RE1,DEMINDELCAIR_LOW,2050,0.001013282790998594
RE1,DEMINDELCAIR_LOW,2051,0.0003101123619418762
RE1,DEMINDELCAIR_LOW,2052,8.016403734785833e-05
RE1,DEMINDELCAIR_LOW,2053,1.720026326288947e-05
RE1,DEMINDELCAIR_LOW,2054,3.006793946905914e-06
RE1,DEMINDELCAIR_MID,2022,0.004610556802667123
RE1,DEMINDELCAIR_MID,2023,0.006008621329441334
RE1,DEMINDELCAIR_MID,2024,0.01393612480341976
RE1,DEMINDELCAIR_MID,2025,0.01393166595693615
RE1,DEMINDELCAIR_MID,2026,0.01392252194964093
RE1,DEMINDELCAIR_MID,2027,0.01390230113255134
RE1,DEMINDELCAIR_MID,2028,0.01386312154415074
RE1,DEMINDELCAIR_MID,2029,0.01379414705213766
RE1,DEMINDELCAIR_MID,2030,0.01368132224745556
RE1,DEMINDELCAIR_MID,2031,0.01350735531928454
RE1,DEMINDELCAIR_MID,2032,0.01325209877549743
RE1,DEMINDELCAIR_MID,2033,0.01289351375903303
RE1,DEMINDELCAIR_MID,2034,0.01240941319241503
RE1,DEMINDELCAIR_MID,2035,0.01178013190511953
RE1,DEMINDELCAIR_MID,2036,0.01099213138331728
RE1,DEMINDELCAIR_MID,2037,0.01004228196249941
RE1,DEMINDELCAIR_MID,2038,0.008942176921254775
RE1,DEMINDELCAIR_MID,2039,0.007721389813887818
RE1,DEMINDELCAIR_MID,2040,0.006428257061914465
RE1,DEMINDELCAIR_MID,2041,0.005126813804777538
RE1,DEMINDELCAIR_MID,2042,0.003889197402349556
RE1,DEMINDELCAIR_MID,2043,0.002784238412666788
RE1,DEMINDELCAIR_MID,2044,0.001864750358379219
RE1,DEMINDELCAIR_MID,2045,0.001157386418432486
RE1,DEMINDELCAIR_MID,2046,0.0006588407439012627
RE1,DEMINDELCAIR_MID,2047,0.0003401237950814464
RE1,DEMINDELCAIR_MID,2048,0.0001573080865222209
RE1,DEMINDELCAIR_MID,2049,6.432829972257963e-05
RE1,DEMINDELCAIR_MID,2050,2.293136426441032e-05
RE1,DEMINDELCAIR_MID,2051,7.018079846769732e-06
RE1,DEMINDELCAIR_MID,2052,1.814173454498236e-06
RE1,DEMINDELCAIR_MID,2053,3.892551080793205e-07
RE1,DEMINDELCAIR_MID,2054,6.804604585909643e-08
RE1,DEMINDELCBOI_HIG,2022,0.0
RE1,DEMINDELCBOI_HIG,2023,0.0
RE1,DEMINDELCBOI_HIG,2024,0.0
RE1,DEMINDELCBOI_HIG,2025,0.0
RE1,DEMINDELCBOI_HIG,2026,0.0
RE1,DEMINDELCBOI_HIG,2027,0.0
RE1,DEMINDELCBOI_HIG,2028,0.0
RE1,DEMINDELCBOI_HIG,2029,0.0
RE1,DEMINDELCBOI_HIG,2030,0.0
RE1,DEMINDELCBOI_HIG,2031,0.0
RE1,DEMINDELCBOI_HIG,2032,0.0
RE1,DEMINDELCBOI_HIG,2033,0.0
RE1,DEMINDELCBOI_HIG,2034,0.0
RE1,DEMINDELCBOI_HIG,2035,0.0
RE1,DEMINDELCBOI_HIG,2036,0.0
RE1,DEMINDELCBOI_HIG,2037,0.0
RE1,DEMINDELCBOI_HIG,2038,0.0
RE1,DEMINDELCBOI_HIG,2039,0.0
RE1,DEMINDELCBOI_HIG,2040,0.0
RE1,DEMINDELCBOI_HIG,2041,0.0
RE1,DEMINDELCBOI_HIG,2042,0.0
RE1,DEMINDELCBOI_HIG,2043,0.0
RE1,DEMINDELCBOI_HIG,2044,0.0
RE1,DEMINDELCBOI_HIG,2045,0.0
RE1,DEMINDELCBOI_HIG,2046,0.0
RE1,DEMINDELCBOI_HIG,2047,0.0
RE1,DEMINDELCBOI_HIG,2048,0.0
RE1,DEMINDELCBOI_HIG,2049,0.0
RE1,DEMINDELCBOI_HIG,2050,0.0
RE1,DEMINDELCBOI_HIG,2051,0.0
RE1,DEMINDELCBOI_HIG,2052,0.0
RE1,DEMINDELCBOI_HIG,2053,0.0
RE1,DEMINDELCBOI_HIG,2054,0.0
RE1,DEMINDELCBOI_LOW,2022,0.04653653920620138
RE1,DEMINDELCBOI_LOW,2023,0.04423684155625935
RE1,DEMINDELCBOI_LOW,2024,0.04279386344070032
RE1,DEMINDELCBOI_LOW,2025,0.04279206014881261
RE1,DEMINDELCBOI_LOW,2026,0.04278836046849152
RE1,DEMINDELCBOI_LOW,2027,0.04278017159521141
RE1,DEMINDELCBOI_LOW,2028,0.04276427546573579
RE1,DEMINDELCBOI_LOW,2029,0.04273619577494547
RE1,DEMINDELCBOI_LOW,2030,0.04269000059700281
RE1,DEMINDELCBOI_LOW,2031,0.04261811886915346
RE1,DEMINDELCBOI_LOW,2032,0.04251118006061062
RE1,DEMINDELCBOI_LOW,2033,0.04235789027128001
RE1,DEMINDELCBOI_LOW,2034,0.0421449626587006
RE1,DEMINDELCBOI_LOW,2035,0.04185712527277678
RE1,DEMINDELCBOI_LOW,2036,0.04147723467836894
RE1,DEMINDELCBOI_LOW,2037,0.04098652847920864
RE1,DEMINDELCBOI_LOW,2038,0.04036505298674202
RE1,DEMINDELCBOI_LOW,2039,0.03959230236941147
RE1,DEMINDELCBOI_LOW,2040,0.03864810084486311
RE1,DEMINDELCBOI_LOW,2041,0.03751374773112665
RE1,DEMINDELCBOI_LOW,2042,0.03617342433223743
RE1,DEMINDELCBOI_LOW,2043,0.03461583005083607
RE1,DEMINDELCBOI_LOW,2044,0.03283597235091523
RE1,DEMINDELCBOI_LOW,2045,0.03083698294885768
RE1,DEMINDELCBOI_LOW,2046,0.02863177579153934
RE1,DEMINDELCBOI_LOW,2047,0.02624430991377616
RE1,DEMINDELCBOI_LOW,2048,0.02371018528671949
RE1,DEMINDELCBOI_LOW,2049,0.02107629855839978
RE1,DEMINDELCBOI_LOW,2050,0.0183993347485856
RE1,DEMINDELCBOI_LOW,2051,0.01574298256813185
RE1,DEMINDELCBOI_LOW,2052,0.0131739362695598
RE1,DEMINDELCBOI_LOW,2053,0.01075696973263431
RE1,DEMINDELCBOI_LOW,2054,0.008549601851210254
RE1,DEMINDELCBOI_MID,2022,0.0003206809075890755
RE1,DEMINDELCBOI_MID,2023,0.0004177331680832579
RE1,DEMINDELCBOI_MID,2024,0.0009684578476587312
RE1,DEMINDELCBOI_MID,2025,0.0009684170377846078
RE1,DEMINDELCBOI_MID,2026,0.0009683333111903555
RE1,DEMINDELCBOI_MID,2027,0.0009681479907272336
RE1,DEMINDELCBOI_MID,2028,0.000967788249163834
RE1,DEMINDELCBOI_MID,2029,0.0009671527842929561
RE1,DEMINDELCBOI_MID,2030,0.0009661073520976472
RE1,DEMINDELCBOI_MID,2031,0.0009644806136393297
RE1,DEMINDELCBOI_MID,2032,0.0009620605066420705
RE1,DEMINDELCBOI_MID,2033,0.0009585914415119989
RE1,DEMINDELCBOI_MID,2034,0.0009537727268457824
RE1,DEMINDELCBOI_MID,2035,0.000947258746736607
RE1,DEMINDELCBOI_MID,2036,0.0009386615321402706
RE1,DEMINDELCBOI_MID,2037,0.0009275564756844516
RE1,DEMINDELCBOI_MID,2038,0.0009134920101416083
RE1,DEMINDELCBOI_MID,2039,0.0008960040728658835
RE1,DEMINDELCBOI_MID,2040,0.0008746360704772393
RE1,DEMINDELCBOI_MID,2041,0.0008489647922451046
RE1,DEMINDELCBOI_MID,2042,0.0008186322489856348
RE1,DEMINDELCBOI_MID,2043,0.0007833826995407292
RE1,DEMINDELCBOI_MID,2044,0.0007431031590035042
RE1,DEMINDELCBOI_MID,2045,0.000697864500510052
RE1,DEMINDELCBOI_MID,2046,0.000647958976551517
RE1,DEMINDELCBOI_MID,2047,0.0005939287984036345
RE1,DEMINDELCBOI_MID,2048,0.0005365796206314738
RE1,DEMINDELCBOI_MID,2049,0.0004769727502347388
RE1,DEMINDELCBOI_MID,2050,0.0004163910125492541
RE1,DEMINDELCBOI_MID,2051,0.0003562757317947919
RE1,DEMINDELCBOI_MID,2052,0.0002981362498969173
RE1,DEMINDELCBOI_MID,2053,0.0002434384492774988
RE1,DEMINDELCBOI_MID,2054,0.0001934840264804726
RE1,DEMINDELCFUR_HIG,2022,0.0
RE1,DEMINDELCFUR_HIG,2023,0.0
RE1,DEMINDELCFUR_HIG,2024,0.0
RE1,DEMINDELCFUR_HIG,2025,0.0
RE1,DEMINDELCFUR_HIG,2026,0.0
RE1,DEMINDELCFUR_HIG,2027,0.0
RE1,DEMINDELCFUR_HIG,2028,0.0
RE1,DEMINDELCFUR_HIG,2029,0.0
RE1,DEMINDELCFUR_HIG,2030,0.0
RE1,DEMINDELCFUR_HIG,2031,0.0
RE1,DEMINDELCFUR_HIG,2032,0.0
RE1,DEMINDELCFUR_HIG,2033,0.0
RE1,DEMINDELCFUR_HIG,2034,0.0
RE1,DEMINDELCFUR_HIG,2035,0.0
RE1,DEMINDELCFUR_HIG,2036,0.0
RE1,DEMINDELCFUR_HIG,2037,0.0
RE1,DEMINDELCFUR_HIG,2038,0.0
RE1,DEMINDELCFUR_HIG,2039,0.0
RE1,DEMINDELCFUR_HIG,2040,0.0
RE1,DEMINDELCFUR_HIG,2041,0.0
RE1,DEMINDELCFUR_HIG,2042,0.0
RE1,DEMINDELCFUR_HIG,2043,0.0
RE1,DEMINDELCFUR_HIG,2044,0.0
RE1,DEMINDELCFUR_HIG,2045,0.0
RE1,DEMINDELCFUR_HIG,2046,0.0
RE1,DEMINDELCFUR_HIG,2047,0.0
RE1,DEMINDELCFUR_HIG,2048,0.0
RE1,DEMINDELCFUR_HIG,2049,0.0
RE1,DEMINDELCFUR_HIG,2050,0.0
RE1,DEMINDELCFUR_HIG,2051,0.0
RE1,DEMINDELCFUR_HIG,2052,0.0
RE1,DEMINDELCFUR_HIG,2053,0.0
RE1,DEMINDELCFUR_HIG,2054,0.0
RE1,DEMINDELCFUR_LOW,2022,3.485475573074125
RE1,DEMINDELCFUR_LOW,2023,3.312399301839411
RE1,DEMINDELCFUR_LOW,2024,3.203585359557214
RE1,DEMINDELCFUR_LOW,2025,3.203522901021046
RE1,DEMINDELCFUR_LOW,2026,3.203394755043835
RE1,DEMINDELCFUR_LOW,2027,3.203111095533473
RE1,DEMINDELCFUR_LOW,2028,3.202560376248232
RE1,DEMINDELCFUR_LOW,2029,3.201587290271021
RE1,DEMINDELCFUR_LOW,2030,3.199985674415013
RE1,DEMINDELCFUR_LOW,2031,3.19749163664415
RE1,DEMINDELCFUR_LOW,2032,3.193777057707996
RE1,DEMINDELCFUR_LOW,2033,3.188443683866088
RE1,DEMINDELCFUR_LOW,2034,3.181018108263995
RE1,DEMINDELCFUR_LOW,2035,3.170948033772174
RE1,DEMINDELCFUR_LOW,2036,3.157600317827099
RE1,DEMINDELCFUR_LOW,2037,3.140261415613932
RE1,DEMINDELCFUR_LOW,2038,3.1181409542441
RE1,DEMINDELCFUR_LOW,2039,3.090379275806226
RE1,DEMINDELCFUR_LOW,2040,3.056059864796419
RE1,DEMINDELCFUR_LOW,2041,3.014227603421861
RE1,DEMINDELCFUR_LOW,2042,2.963913748931973
RE1,DEMINDELCFUR_LOW,2043,2.904168367926855
RE1,DEMINDELCFUR_LOW,2044,2.834100658324426
RE1,DEMINDELCFUR_LOW,2045,2.75292710657965
RE1,DEMINDELCFUR_LOW,2046,2.660026740008762
RE1,DEMINDELCFUR_LOW,2047,2.555001832844349
RE1,DEMINDELCFUR_LOW,2048,2.437741329487108
RE1,DEMINDELCFUR_LOW,2049,2.308483019878965
RE1,DEMINDELCFUR_LOW,2050,2.167869253160595
RE1,DEMINDELCFUR_LOW,2051,2.016989879626614
RE1,DEMINDELCFUR_LOW,2052,1.857405397697182
RE1,DEMINDELCFUR_LOW,2053,1.691143222857663
RE1,DEMINDELCFUR_LOW,2054,1.520660863993088
RE1,DEMINDELCFUR_MID,2022,0.02401823361209501
RE1,DEMINDELCFUR_MID,2023,0.0312793365356881
RE1,DEMINDELCFUR_MID,2024,0.07249958598402792
RE1,DEMINDELCFUR_MID,2025,0.07249817249960183
RE1,DEMINDELCFUR_MID,2026,0.07249527245816371
RE1,DEMINDELCFUR_MID,2027,0.0724888530265727
RE1,DEMINDELCFUR_MID,2028,0.07247638982809591
RE1,DEMINDELCFUR_MID,2029,0.07245436814845994
RE1,DEMINDELCFUR_MID,2030,0.07241812235712505
RE1,DEMINDELCFUR_MID,2031,0.07236168037555692
RE1,DEMINDELCFUR_MID,2032,0.072277616614255
RE1,DEMINDELCFUR_MID,2033,0.0721569182865882
RE1,DEMINDELCFUR_MID,2034,0.07198887183349814
RE1,DEMINDELCFUR_MID,2035,0.07176097834868515
RE1,DEMINDELCFUR_MID,2036,0.0714589093318683
RE1,DEMINDELCFUR_MID,2037,0.07106651671834795
RE1,DEMINDELCFUR_MID,2038,0.0705659137653771
RE1,DEMINDELCFUR_MID,2039,0.0699376457571709
RE1,DEMINDELCFUR_MID,2040,0.06916097124715546
RE1,DEMINDELCFUR_MID,2041,0.06821427518944521
RE1,DEMINDELCFUR_MID,2042,0.06707563419494346
RE1,DEMINDELCFUR_MID,2043,0.06572355054454004
RE1,DEMINDELCFUR_MID,2044,0.06413786470605584
RE1,DEMINDELCFUR_MID,2045,0.06230084516893236
RE1,DEMINDELCFUR_MID,2046,0.06019843884657212
RE1,DEMINDELCFUR_MID,2047,0.05782164490077781
RE1,DEMINDELCFUR_MID,2048,0.05516795005842975
RE1,DEMINDELCFUR_MID,2049,0.05224273568771578
RE1,DEMINDELCFUR_MID,2050,0.04906053864079658
RE1,DEMINDELCFUR_MID,2051,0.04564602306308305
RE1,DEMINDELCFUR_MID,2052,0.04203450422690056
RE1,DEMINDELCFUR_MID,2053,0.03827186409474087
RE1,DEMINDELCFUR_MID,2054,0.03441371797155765
RE1,DEMINDELCILU_HIG,2022,0.0
RE1,DEMINDELCILU_HIG,2023,0.0
RE1,DEMINDELCILU_HIG,2024,0.0
RE1,DEMINDELCILU_HIG,2025,0.0
RE1,DEMINDELCILU_HIG,2026,0.0
RE1,DEMINDELCILU_HIG,2027,0.0
RE1,DEMINDELCILU_HIG,2028,0.0
RE1,DEMINDELCILU_HIG,2029,0.0
RE1,DEMINDELCILU_HIG,2030,0.0
RE1,DEMINDELCILU_HIG,2031,0.0
RE1,DEMINDELCILU_HIG,2032,0.0
RE1,DEMINDELCILU_HIG,2033,0.0
RE1,DEMINDELCILU_HIG,2034,0.0
RE1,DEMINDELCILU_HIG,2035,0.0
RE1,DEMINDELCILU_HIG,2036,0.0
RE1,DEMINDELCILU_HIG,2037,0.0
RE1,DEMINDELCILU_HIG,2038,0.0
RE1,DEMINDELCILU_HIG,2039,0.0
RE1,DEMINDELCILU_HIG,2040,0.0
RE1,DEMINDELCILU_HIG,2041,0.0
RE1,DEMINDELCILU_HIG,2042,0.0
RE1,DEMINDELCILU_HIG,2043,0.0
RE1,DEMINDELCILU_HIG,2044,0.0
RE1,DEMINDELCILU_HIG,2045,0.0
RE1,DEMINDELCILU_HIG,2046,0.0
RE1,DEMINDELCILU_HIG,2047,0.0
RE1,DEMINDELCILU_HIG,2048,0.0
RE1,DEMINDELCILU_HIG,2049,0.0
RE1,DEMINDELCILU_HIG,2050,0.0
RE1,DEMINDELCILU_HIG,2051,0.0
RE1,DEMINDELCILU_HIG,2052,0.0
RE1,DEMINDELCILU_HIG,2053,0.0
RE1,DEMINDELCILU_HIG,2054,0.0
RE1,DEMINDELCILU_LOW,2022,1.260774905752523
RE1,DEMINDELCILU_LOW,2023,1.198500693348961
RE1,DEMINDELCILU_LOW,2024,1.159433453038381
RE1,DEMINDELCILU_LOW,2025,1.09090157627704
RE1,DEMINDELCILU_LOW,2026,0.962710102024271
RE1,DEMINDELCILU_LOW,2027,0.7299838394823293
RE1,DEMINDELCILU_LOW,2028,0.4265317307792353
RE1,DEMINDELCILU_LOW,2029,0.1650127810307578
RE1,DEMINDELCILU_LOW,2030,0.03454729423375602
RE1,DEMINDELCILU_LOW,2031,0.003021595295988699
RE1,DEMINDELCILU_LOW,2032,7.992315818848817e-05
RE1,DEMINDELCILU_LOW,2033,4.309265280407849e-07
RE1,DEMINDELCILU_LOW,2034,2.951204594391081e-10
RE1,DEMINDELCILU_LOW,2035,1.468325719243596e-14
RE1,DEMINDELCILU_LOW,2036,2.766453976579271e-20
RE1,DEMINDELCILU_LOW,2037,9.309836315854996e-28
RE1,DEMINDELCILU_LOW,2038,2.371404381416217e-37
RE1,DEMINDELCILU_LOW,2039,1.728337722835855e-49
RE1,DEMINDELCILU_LOW,2040,1.206734323697804e-64
RE1,DEMINDELCILU_LOW,2041,2.376516475989605e-83
RE1,DEMINDELCILU_LOW,2042,3.393803743601139e-106
RE1,DEMINDELCILU_LOW,2043,7.832560274061481e-134
RE1,DEMINDELCILU_LOW,2044,5.60440159853793e-167
RE1,DEMINDELCILU_LOW,2045,2.038368671590486e-206
RE1,DEMINDELCILU_LOW,2046,5.242821223642745e-253
RE1,DEMINDELCILU_LOW,2047,1.11778313588143e-307
RE1,DEMINDELCILU_LOW,2048,0.0
RE1,DEMINDELCILU_LOW,2049,0.0
RE1,DEMINDELCILU_LOW,2050,0.0
RE1,DEMINDELCILU_LOW,2051,0.0
RE1,DEMINDELCILU_LOW,2052,0.0
RE1,DEMINDELCILU_LOW,2053,0.0
RE1,DEMINDELCILU_LOW,2054,0.0
RE1,DEMINDELCILU_MID,2022,0.00868793528566415
RE1,DEMINDELCILU_MID,2023,0.0113175686592797
RE1,DEMINDELCILU_MID,2024,0.0262388654856797
RE1,DEMINDELCILU_MID,2025,0.02468793671860842
RE1,DEMINDELCILU_MID,2026,0.02178686564763422
RE1,DEMINDELCILU_MID,2027,0.01652009239573216
RE1,DEMINDELCILU_MID,2028,0.009652739171844494
RE1,DEMINDELCILU_MID,2029,0.003734365395044923
RE1,DEMINDELCILU_MID,2030,0.0007818316816012334
RE1,DEMINDELCILU_MID,2031,6.838101170519312e-05
RE1,DEMINDELCILU_MID,2032,1.808722174957825e-06
RE1,DEMINDELCILU_MID,2033,9.752196793910204e-09
RE1,DEMINDELCILU_MID,2034,6.678801631091466e-12
RE1,DEMINDELCILU_MID,2035,3.322933363310611e-16
RE1,DEMINDELCILU_MID,2036,6.260696857897569e-22
RE1,DEMINDELCILU_MID,2037,2.106887136517085e-29
RE1,DEMINDELCILU_MID,2038,5.366669420575345e-39
RE1,DEMINDELCILU_MID,2039,3.911360406625661e-51
RE1,DEMINDELCILU_MID,2040,2.730932035252495e-66
RE1,DEMINDELCILU_MID,2041,5.378238481439483e-85
RE1,DEMINDELCILU_MID,2042,7.680437344617369e-108
RE1,DEMINDELCILU_MID,2043,1.772568273763397e-135
RE1,DEMINDELCILU_MID,2044,1.268318930132656e-168
RE1,DEMINDELCILU_MID,2045,4.612984147035463e-208
RE1,DEMINDELCILU_MID,2046,1.186490526835565e-254
RE1,DEMINDELCILU_MID,2047,0.0
RE1,DEMINDELCILU_MID,2048,0.0
RE1,DEMINDELCILU_MID,2049,0.0
RE1,DEMINDELCILU_MID,2050,0.0
RE1,DEMINDELCILU_MID,2051,0.0
RE1,DEMINDELCILU_MID,2052,0.0
RE1,DEMINDELCILU_MID,2053,0.0
RE1,DEMINDELCILU_MID,2054,0.0
RE1,DEMINDELCMPW_HIG,2022,0.0
RE1,DEMINDELCMPW_HIG,2023,0.0
RE1,DEMINDELCMPW_HIG,2024,0.0
RE1,DEMINDELCMPW_HIG,2025,0.0
RE1,DEMINDELCMPW_HIG,2026,0.0
RE1,DEMINDELCMPW_HIG,2027,0.0
RE1,DEMINDELCMPW_HIG,2028,0.0
RE1,DEMINDELCMPW_HIG,2029,0.0
RE1,DEMINDELCMPW_HIG,2030,0.0
RE1,DEMINDELCMPW_HIG,2031,0.0
RE1,DEMINDELCMPW_HIG,2032,0.0
RE1,DEMINDELCMPW_HIG,2033,0.0
RE1,DEMINDELCMPW_HIG,2034,0.0
RE1,DEMINDELCMPW_HIG,2035,0.0
RE1,DEMINDELCMPW_HIG,2036,0.0
RE1,DEMINDELCMPW_HIG,2037,0.0
RE1,DEMINDELCMPW_HIG,2038,0.0
RE1,DEMINDELCMPW_HIG,2039,0.0
RE1,DEMINDELCMPW_HIG,2040,0.0
RE1,DEMINDELCMPW_HIG,2041,0.0
RE1,DEMINDELCMPW_HIG,2042,0.0
RE1,DEMINDELCMPW_HIG,2043,0.0
RE1,DEMINDELCMPW_HIG,2044,0.0
RE1,DEMINDELCMPW_HIG,2045,0.0
RE1,DEMINDELCMPW_HIG,2046,0.0
RE1,DEMINDELCMPW_HIG,2047,0.0
RE1,DEMINDELCMPW_HIG,2048,0.0
RE1,DEMINDELCMPW_HIG,2049,0.0
RE1,DEMINDELCMPW_HIG,2050,0.0
RE1,DEMINDELCMPW_HIG,2051,0.0
RE1,DEMINDELCMPW_HIG,2052,0.0
RE1,DEMINDELCMPW_HIG,2053,0.0
RE1,DEMINDELCMPW_HIG,2054,0.0
RE1,DEMINDELCMPW_LOW,2022,33.01465842979943
RE1,DEMINDELCMPW_LOW,2023,31.39877823852533
RE1,DEMINDELCMPW_LOW,2024,30.38888794321742
RE1,DEMINDELCMPW_LOW,2025,30.38760738496213
RE1,DEMINDELCMPW_LOW,2026,30.38498015849405
RE1,DEMINDELCMPW_LOW,2027,30.3791650548207
RE1,DEMINDELCMPW_LOW,2028,30.36787685463202
RE1,DEMINDELCMPW_LOW,2029,30.3479368326686
RE1,DEMINDELCMPW_LOW,2030,30.31513259455718
RE1,DEMINDELCMPW_LOW,2031,30.26408775781778
RE1,DEMINDELCMPW_LOW,2032,30.18814809712103
RE1,DEMINDELCMPW_LOW,2033,30.07929355919734
RE1,DEMINDELCMPW_LOW,2034,29.92808885743773
RE1,DEMINDELCMPW_LOW,2035,29.723689035514
RE1,DEMINDELCMPW_LOW,2036,29.45392015334379
RE1,DEMINDELCMPW_LOW,2037,29.10545861002023
RE1,DEMINDELCMPW_LOW,2038,28.66413484110662
RE1,DEMINDELCMPW_LOW,2039,28.11538719296191
RE1,DEMINDELCMPW_LOW,2040,27.44488838733115
RE1,DEMINDELCMPW_LOW,2041,26.63935864802298
RE1,DEMINDELCMPW_LOW,2042,25.68756476213189
RE1,DEMINDELCMPW_LOW,2043,24.58148192050923
RE1,DEMINDELCMPW_LOW,2044,23.31756481069471
RE1,DEMINDELCMPW_LOW,2045,21.89803733514944
RE1,DEMINDELCMPW_LOW,2046,20.33206997891414
RE1,DEMINDELCMPW_LOW,2047,18.63667659317469
RE1,DEMINDELCMPW_LOW,2048,16.83713752065124
RE1,DEMINDELCMPW_LOW,2049,14.96675512919112
RE1,DEMINDELCMPW_LOW,2050,13.06578273025783
RE1,DEMINDELCMPW_LOW,2051,11.17944711437241
RE1,DEMINDELCMPW_LOW,2052,9.355109375004096
RE1,DEMINDELCMPW_LOW,2053,7.638766905600421
RE1,DEMINDELCMPW_LOW,2054,6.071265170427455
RE1,DEMINDELCMPW_MID,2022,0.2275023198888965
RE1,DEMINDELCMPW_MID,2023,0.2965019799354761
RE1,DEMINDELCMPW_MID,2024,0.6877237679419274
RE1,DEMINDELCMPW_MID,2025,0.687694787929561
RE1,DEMINDELCMPW_MID,2026,0.6876353317859454
RE1,DEMINDELCMPW_MID,2027,0.6875037315438872
RE1,DEMINDELCMPW_MID,2028,0.6872482709432379
RE1,DEMINDELCMPW_MID,2029,0.6867970130010864
RE1,DEMINDELCMPW_MID,2030,0.6860546280121851
RE1,DEMINDELCMPW_MID,2031,0.6848994443305052
RE1,DEMINDELCMPW_MID,2032,0.6831808717493636
RE1,DEMINDELCMPW_MID,2033,0.6807174103315472
RE1,DEMINDELCMPW_MID,2034,0.6772955323273584
RE1,DEMINDELCMPW_MID,2035,0.6726698080835919
RE1,DEMINDELCMPW_MID,2036,0.666564732028613
RE1,DEMINDELCMPW_MID,2037,0.658678780887356
RE1,DEMINDELCMPW_MID,2038,0.6486912865832961
RE1,DEMINDELCMPW_MID,2039,0.6362727077614416
RE1,DEMINDELCMPW_MID,2040,0.6210988071609801
RE1,DEMINDELCMPW_MID,2041,0.6028690532936641
RE1,DEMINDELCMPW_MID,2042,0.5813292299631034
RE1,DEMINDELCMPW_MID,2043,0.5562977296029058
RE1,DEMINDELCMPW_MID,2044,0.5276943190815309
RE1,DEMINDELCMPW_MID,2045,0.4955693270119552
RE1,DEMINDELCMPW_MID,2046,0.4601302884819333
RE1,DEMINDELCMPW_MID,2047,0.4217622399517209
RE1,DEMINDELCMPW_MID,2048,0.3810372949051297
RE1,DEMINDELCMPW_MID,2049,0.3387091113878291
RE1,DEMINDELCMPW_MID,2050,0.2956886526138582
RE1,DEMINDELCMPW_MID,2051,0.252999435430795
RE1,DEMINDELCMPW_MID,2052,0.2117132775937143
RE1,DEMINDELCMPW_MID,2053,0.1728711352835842
RE1,DEMINDELCMPW_MID,2054,0.1373973725850954
RE1,DEMINDELCOTH_HIG,2022,0.0
RE1,DEMINDELCOTH_HIG,2023,0.0
RE1,DEMINDELCOTH_HIG,2024,0.0
RE1,DEMINDELCOTH_HIG,2025,0.0
RE1,DEMINDELCOTH_HIG,2026,0.0
RE1,DEMINDELCOTH_HIG,2027,0.0
RE1,DEMINDELCOTH_HIG,2028,0.0
RE1,DEMINDELCOTH_HIG,2029,0.0
RE1,DEMINDELCOTH_HIG,2030,0.0
RE1,DEMINDELCOTH_HIG,2031,0.0
RE1,DEMINDELCOTH_HIG,2032,0.0
RE1,DEMINDELCOTH_HIG,2033,0.0
RE1,DEMINDELCOTH_HIG,2034,0.0
RE1,DEMINDELCOTH_HIG,2035,0.0
RE1,DEMINDELCOTH_HIG,2036,0.0
RE1,DEMINDELCOTH_HIG,2037,0.0
RE1,DEMINDELCOTH_HIG,2038,0.0
RE1,DEMINDELCOTH_HIG,2039,0.0
RE1,DEMINDELCOTH_HIG,2040,0.0
RE1,DEMINDELCOTH_HIG,2041,0.0
RE1,DEMINDELCOTH_HIG,2042,0.0
RE1,DEMINDELCOTH_HIG,2043,0.0
RE1,DEMINDELCOTH_HIG,2044,0.0
RE1,DEMINDELCOTH_HIG,2045,0.0
RE1,DEMINDELCOTH_HIG,2046,0.0
RE1,DEMINDELCOTH_HIG,2047,0.0
RE1,DEMINDELCOTH_HIG,2048,0.0
RE1,DEMINDELCOTH_HIG,2049,0.0
RE1,DEMINDELCOTH_HIG,2050,0.0
RE1,DEMINDELCOTH_HIG,2051,0.0
RE1,DEMINDELCOTH_HIG,2052,0.0
RE1,DEMINDELCOTH_HIG,2053,0.0
RE1,DEMINDELCOTH_HIG,2054,0.0
RE1,DEMINDELCOTH_LOW,2022,0.3951866455454174
RE1,DEMINDELCOTH_LOW,2023,0.3758184960610821
RE1,DEMINDELCOTH_LOW,2024,0.3637070619348636
RE1,DEMINDELCOTH_LOW,2025,0.2620849711970051
RE1,DEMINDELCOTH_LOW,2026,0.1338003506947048
RE1,DEMINDELCOTH_LOW,2027,0.03020564322645117
RE1,DEMINDELCOTH_LOW,2028,0.00167884955261189
RE1,DEMINDELCOTH_LOW,2029,1.015883781895571e-05
RE1,DEMINDELCOTH_LOW,2030,2.261841550182625e-09
RE1,DEMINDELCOTH_LOW,2031,4.606046443717761e-15
RE1,DEMINDELCOTH_LOW,2032,1.509427784897904e-23
RE1,DEMINDELCOTH_LOW,2033,9.539268806776748e-36
RE1,DEMINDELCOTH_LOW,2034,9.13253597063493e-53
RE1,DEMINDELCOTH_LOW,2035,6.562558599285086e-76
RE1,DEMINDELCOTH_LOW,2036,1.064615123131047e-106
RE1,DEMINDELCOTH_LOW,2037,6.850229530875334e-147
RE1,DEMINDELCOTH_LOW,2038,1.726682439774973e-198
RE1,DEMINDELCOTH_LOW,2039,9.109319771687141e-264
RE1,DEMINDELCOTH_LOW,2040,0.0
RE1,DEMINDELCOTH_LOW,2041,0.0
RE1,DEMINDELCOTH_LOW,2042,0.0
RE1,DEMINDELCOTH_LOW,2043,0.0
RE1,DEMINDELCOTH_LOW,2044,0.0
RE1,DEMINDELCOTH_LOW,2045,0.0
RE1,DEMINDELCOTH_LOW,2046,0.0
RE1,DEMINDELCOTH_LOW,2047,0.0
RE1,DEMINDELCOTH_LOW,2048,0.0
RE1,DEMINDELCOTH_LOW,2049,0.0
RE1,DEMINDELCOTH_LOW,2050,0.0
RE1,DEMINDELCOTH_LOW,2051,0.0
RE1,DEMINDELCOTH_LOW,2052,0.0
RE1,DEMINDELCOTH_LOW,2053,0.0
RE1,DEMINDELCOTH_LOW,2054,0.0
RE1,DEMINDELCOTH_MID,2022,0.002723210928923117
RE1,DEMINDELCOTH_MID,2023,0.003548893760514588
RE1,DEMINDELCOTH_MID,2024,0.008230968883373026
RE1,DEMINDELCOTH_MID,2025,0.005931183274930748
RE1,DEMINDELCOTH_MID,2026,0.0030280042331148
RE1,DEMINDELCOTH_MID,2027,0.0006835767999019841
RE1,DEMINDELCOTH_MID,2028,3.799364893796856e-05
RE1,DEMINDELCOTH_MID,2029,2.299022667699331e-07
RE1,DEMINDELCOTH_MID,2030,5.118720356880929e-11
RE1,DEMINDELCOTH_MID,2031,1.042383525684788e-16
RE1,DEMINDELCOTH_MID,2032,3.415950480339682e-25
RE1,DEMINDELCOTH_MID,2033,2.158809463335965e-37
RE1,DEMINDELCOTH_MID,2034,2.066762712846173e-54
RE1,DEMINDELCOTH_MID,2035,1.485157184979306e-77
RE1,DEMINDELCOTH_MID,2036,2.409305418663916e-108
RE1,DEMINDELCOTH_MID,2037,1.55025931618275e-148
RE1,DEMINDELCOTH_MID,2038,3.907614374504418e-200
RE1,DEMINDELCOTH_MID,2039,2.061508709525125e-265
RE1,DEMINDELCOTH_MID,2040,0.0
RE1,DEMINDELCOTH_MID,2041,0.0
RE1,DEMINDELCOTH_MID,2042,0.0
RE1,DEMINDELCOTH_MID,2043,0.0
RE1,DEMINDELCOTH_MID,2044,0.0
RE1,DEMINDELCOTH_MID,2045,0.0
RE1,DEMINDELCOTH_MID,2046,0.0
RE1,DEMINDELCOTH_MID,2047,0.0
RE1,DEMINDELCOTH_MID,2048,0.0
RE1,DEMINDELCOTH_MID,2049,0.0
RE1,DEMINDELCOTH_MID,2050,0.0
RE1,DEMINDELCOTH_MID,2051,0.0
RE1,DEMINDELCOTH_MID,2052,0.0
RE1,DEMINDELCOTH_MID,2053,0.0
RE1,DEMINDELCOTH_MID,2054,0.0
RE1,DEMINDELCREF_HIG,2022,0.0
RE1,DEMINDELCREF_HIG,2023,0.0
RE1,DEMINDELCREF_HIG,2024,0.0
RE1,DEMINDELCREF_HIG,2025,0.0
RE1,DEMINDELCREF_HIG,2026,0.0
RE1,DEMINDELCREF_HIG,2027,0.0
RE1,DEMINDELCREF_HIG,2028,0.0
RE1,DEMINDELCREF_HIG,2029,0.0
RE1,DEMINDELCREF_HIG,2030,0.0
RE1,DEMINDELCREF_HIG,2031,0.0
RE1,DEMINDELCREF_HIG,2032,0.0
RE1,DEMINDELCREF_HIG,2033,0.0
RE1,DEMINDELCREF_HIG,2034,0.0
RE1,DEMINDELCREF_HIG,2035,0.0
RE1,DEMINDELCREF_HIG,2036,0.0
RE1,DEMINDELCREF_HIG,2037,0.0
RE1,DEMINDELCREF_HIG,2038,0.0
RE1,DEMINDELCREF_HIG,2039,0.0
RE1,DEMINDELCREF_HIG,2040,0.0
RE1,DEMINDELCREF_HIG,2041,0.0
RE1,DEMINDELCREF_HIG,2042,0.0
RE1,DEMINDELCREF_HIG,2043,0.0
RE1,DEMINDELCREF_HIG,2044,0.0
RE1,DEMINDELCREF_HIG,2045,0.0
RE1,DEMINDELCREF_HIG,2046,0.0
RE1,DEMINDELCREF_HIG,2047,0.0
RE1,DEMINDELCREF_HIG,2048,0.0
RE1,DEMINDELCREF_HIG,2049,0.0
RE1,DEMINDELCREF_HIG,2050,0.0
RE1,DEMINDELCREF_HIG,2051,0.0
RE1,DEMINDELCREF_HIG,2052,0.0
RE1,DEMINDELCREF_HIG,2053,0.0
RE1,DEMINDELCREF_HIG,2054,0.0
RE1,DEMINDELCREF_LOW,2022,1.483823181957627
RE1,DEMINDELCREF_LOW,2023,1.411924186373465
RE1,DEMINDELCREF_LOW,2024,1.367177458883814
RE1,DEMINDELCREF_LOW,2025,1.366740032088991
RE1,DEMINDELCREF_LOW,2026,1.365842976355475
RE1,DEMINDELCREF_LOW,2027,1.363859250914216
RE1,DEMINDELCREF_LOW,2028,1.360015610672383
RE1,DEMINDELCREF_LOW,2029,1.353248997137528
RE1,DEMINDELCREF_LOW,2030,1.342180530692215
RE1,DEMINDELCREF_LOW,2031,1.325113830577108
RE1,DEMINDELCREF_LOW,2032,1.300072364759243
RE1,DEMINDELCREF_LOW,2033,1.264894052386258
RE1,DEMINDELCREF_LOW,2034,1.217402271719182
RE1,DEMINDELCREF_LOW,2035,1.155667807983848
RE1,DEMINDELCREF_LOW,2036,1.078362490602337
RE1,DEMINDELCREF_LOW,2037,0.9851792896914661
RE1,DEMINDELCREF_LOW,2038,0.8772555421641018
RE1,DEMINDELCREF_LOW,2039,0.7574925062533933
RE1,DEMINDELCREF_LOW,2040,0.6306321361877829
RE1,DEMINDELCREF_LOW,2041,0.50295647955637
RE1,DEMINDELCREF_LOW,2042,0.3815424371297975
RE1,DEMINDELCREF_LOW,2043,0.2731425020693271
RE1,DEMINDELCREF_LOW,2044,0.1829378462365649
RE1,DEMINDELCREF_LOW,2045,0.1135432299021084
RE1,DEMINDELCREF_LOW,2046,0.06463433894012027
RE1,DEMINDELCREF_LOW,2047,0.03336720877752638
RE1,DEMINDELCREF_LOW,2048,0.01543241561244844
RE1,DEMINDELCREF_LOW,2049,0.006310807530042448
RE1,DEMINDELCREF_LOW,2050,0.002249638602264984
RE1,DEMINDELCREF_LOW,2051,0.0006884955973410813
RE1,DEMINDELCREF_LOW,2052,0.000177976093676108
RE1,DEMINDELCREF_LOW,2053,3.818714434810736e-05
RE1,DEMINDELCREF_LOW,2054,6.675530061405751e-06
RE1,DEMINDELCREF_MID,2022,0.01022494953016344
RE1,DEMINDELCREF_MID,2023,0.01333294925039033
RE1,DEMINDELCREF_MID,2024,0.03094027116838611
RE1,DEMINDELCREF_MID,2025,0.03093037186558515
RE1,DEMINDELCREF_MID,2026,0.03091007080849282
RE1,DEMINDELCREF_MID,2027,0.03086517758510229
RE1,DEMINDELCREF_MID,2028,0.03077819306777918
RE1,DEMINDELCREF_MID,2029,0.03062505943007935
RE1,DEMINDELCREF_MID,2030,0.03037457157203951
RE1,DEMINDELCREF_MID,2031,0.02998833910011004
RE1,DEMINDELCREF_MID,2032,0.02942163158322986
RE1,DEMINDELCREF_MID,2033,0.02862551947869374
RE1,DEMINDELCREF_MID,2034,0.02755074417241528
RE1,DEMINDELCREF_MID,2035,0.02615364605907632
RE1,DEMINDELCREF_MID,2036,0.02440416762304735
RE1,DEMINDELCREF_MID,2037,0.02229536054333264
RE1,DEMINDELCREF_MID,2038,0.0198529636238199
RE1,DEMINDELCREF_MID,2039,0.01714263455647869
RE1,DEMINDELCREF_MID,2040,0.01427168739095396
RE1,DEMINDELCREF_MID,2041,0.01138228966711877
RE1,DEMINDELCREF_MID,2042,0.00863459706004856
RE1,DEMINDELCREF_MID,2043,0.006181423652593031
RE1,DEMINDELCREF_MID,2044,0.004140023325238902
RE1,DEMINDELCREF_MID,2045,0.002569570102021547
RE1,DEMINDELCREF_MID,2046,0.001462724506319298
RE1,DEMINDELCREF_MID,2047,0.0007551254454938717
RE1,DEMINDELCREF_MID,2048,0.0003492473641440923
RE1,DEMINDELCREF_MID,2049,0.0001428183993249993
RE1,DEMINDELCREF_MID,2050,5.091104152768427e-05
RE1,DEMINDELCREF_MID,2051,1.558118175629119e-05
RE1,DEMINDELCREF_MID,2052,4.027735071293944e-06
RE1,DEMINDELCREF_MID,2053,8.642042725319341e-07
RE1,DEMINDELCREF_MID,2054,1.510723490579138e-07
RE1,DEMINDHDGBOI_HIG,2022,0.0
RE1,DEMINDHDGBOI_HIG,2023,0.0
RE1,DEMINDHDGBOI_HIG,2024,0.0
RE1,DEMINDHDGBOI_HIG,2025,0.0
RE1,DEMINDHDGBOI_HIG,2026,0.0
RE1,DEMINDHDGBOI_HIG,2027,0.0
RE1,DEMINDHDGBOI_HIG,2028,0.0
RE1,DEMINDHDGBOI_HIG,2029,0.0
RE1,DEMINDHDGBOI_HIG,2030,0.0
RE1,DEMINDHDGBOI_HIG,2031,0.0
RE1,DEMINDHDGBOI_HIG,2032,0.0
RE1,DEMINDHDGBOI_HIG,2033,0.0
RE1,DEMINDHDGBOI_HIG,2034,0.0
RE1,DEMINDHDGBOI_HIG,2035,0.0
RE1,DEMINDHDGBOI_HIG,2036,0.0
RE1,DEMINDHDGBOI_HIG,2037,0.0
RE1,DEMINDHDGBOI_HIG,2038,0.0
RE1,DEMINDHDGBOI_HIG,2039,0.0
RE1,DEMINDHDGBOI_HIG,2040,0.0
RE1,DEMINDHDGBOI_HIG,2041,0.0
RE1,DEMINDHDGBOI_HIG,2042,0.0
RE1,DEMINDHDGBOI_HIG,2043,0.0
RE1,DEMINDHDGBOI_HIG,2044,0.0
RE1,DEMINDHDGBOI_HIG,2045,0.0
RE1,DEMINDHDGBOI_HIG,2046,0.0
RE1,DEMINDHDGBOI_HIG,2047,0.0
RE1,DEMINDHDGBOI_HIG,2048,0.0
RE1,DEMINDHDGBOI_HIG,2049,0.0
RE1,DEMINDHDGBOI_HIG,2050,0.0
RE1,DEMINDHDGBOI_HIG,2051,0.0
RE1,DEMINDHDGBOI_HIG,2052,0.0
RE1,DEMINDHDGBOI_HIG,2053,0.0
RE1,DEMINDHDGBOI_HIG,2054,0.0
RE1,DEMINDHDGBOI_LOW,2022,0.0
RE1,DEMINDHDGBOI_LOW,2023,0.0
RE1,DEMINDHDGBOI_LOW,2024,0.0
RE1,DEMINDHDGBOI_LOW,2025,0.0
RE1,DEMINDHDGBOI_LOW,2026,0.0
RE1,DEMINDHDGBOI_LOW,2027,0.0
RE1,DEMINDHDGBOI_LOW,2028,0.0
RE1,DEMINDHDGBOI_LOW,2029,0.0
RE1,DEMINDHDGBOI_LOW,2030,0.0
RE1,DEMINDHDGBOI_LOW,2031,0.0
RE1,DEMINDHDGBOI_LOW,2032,0.0
RE1,DEMINDHDGBOI_LOW,2033,0.0
RE1,DEMINDHDGBOI_LOW,2034,0.0
RE1,DEMINDHDGBOI_LOW,2035,0.0
RE1,DEMINDHDGBOI_LOW,2036,0.0
RE1,DEMINDHDGBOI_LOW,2037,0.0
RE1,DEMINDHDGBOI_LOW,2038,0.0
RE1,DEMINDHDGBOI_LOW,2039,0.0
RE1,DEMINDHDGBOI_LOW,2040,0.0
RE1,DEMINDHDGBOI_LOW,2041,0.0
RE1,DEMINDHDGBOI_LOW,2042,0.0
RE1,DEMINDHDGBOI_LOW,2043,0.0
RE1,DEMINDHDGBOI_LOW,2044,0.0
RE1,DEMINDHDGBOI_LOW,2045,0.0
RE1,DEMINDHDGBOI_LOW,2046,0.0
RE1,DEMINDHDGBOI_LOW,2047,0.0
RE1,DEMINDHDGBOI_LOW,2048,0.0
RE1,DEMINDHDGBOI_LOW,2049,0.0
RE1,DEMINDHDGBOI_LOW,2050,0.0
RE1,DEMINDHDGBOI_LOW,2051,0.0
RE1,DEMINDHDGBOI_LOW,2052,0.0
RE1,DEMINDHDGBOI_LOW,2053,0.0
RE1,DEMINDHDGBOI_LOW,2054,0.0
RE1,DEMINDLPGBOI_HIG,2022,0.0
RE1,DEMINDLPGBOI_HIG,2023,0.0
RE1,DEMINDLPGBOI_HIG,2024,0.0
RE1,DEMINDLPGBOI_HIG,2025,0.0
RE1,DEMINDLPGBOI_HIG,2026,0.0
RE1,DEMINDLPGBOI_HIG,2027,0.0
RE1,DEMINDLPGBOI_HIG,2028,0.0
RE1,DEMINDLPGBOI_HIG,2029,0.0
RE1,DEMINDLPGBOI_HIG,2030,0.0
RE1,DEMINDLPGBOI_HIG,2031,0.0
RE1,DEMINDLPGBOI_HIG,2032,0.0
RE1,DEMINDLPGBOI_HIG,2033,0.0
RE1,DEMINDLPGBOI_HIG,2034,0.0
RE1,DEMINDLPGBOI_HIG,2035,0.0
RE1,DEMINDLPGBOI_HIG,2036,0.0
RE1,DEMINDLPGBOI_HIG,2037,0.0
RE1,DEMINDLPGBOI_HIG,2038,0.0
RE1,DEMINDLPGBOI_HIG,2039,0.0
RE1,DEMINDLPGBOI_HIG,2040,0.0
RE1,DEMINDLPGBOI_HIG,2041,0.0
RE1,DEMINDLPGBOI_HIG,2042,0.0
RE1,DEMINDLPGBOI_HIG,2043,0.0
RE1,DEMINDLPGBOI_HIG,2044,0.0
RE1,DEMINDLPGBOI_HIG,2045,0.0
RE1,DEMINDLPGBOI_HIG,2046,0.0
RE1,DEMINDLPGBOI_HIG,2047,0.0
RE1,DEMINDLPGBOI_HIG,2048,0.0
RE1,DEMINDLPGBOI_HIG,2049,0.0
RE1,DEMINDLPGBOI_HIG,2050,0.0
RE1,DEMINDLPGBOI_HIG,2051,0.0
RE1,DEMINDLPGBOI_HIG,2052,0.0
RE1,DEMINDLPGBOI_HIG,2053,0.0
RE1,DEMINDLPGBOI_HIG,2054,0.0
RE1,DEMINDLPGBOI_LOW,2022,0.5975337357457609
RE1,DEMINDLPGBOI_LOW,2023,0.6003331863005603
RE1,DEMINDLPGBOI_LOW,2024,0.5813886849317187
RE1,DEMINDLPGBOI_LOW,2025,0.5813641857765864
RE1,DEMINDLPGBOI_LOW,2026,0.5813139226756742
RE1,DEMINDLPGBOI_LOW,2027,0.5812026703164663
RE1,DEMINDLPGBOI_LOW,2028,0.5809867087493565
RE1,DEMINDLPGBOI_LOW,2029,0.5806052238076079
RE1,DEMINDLPGBOI_LOW,2030,0.5799776255588196
RE1,DEMINDLPGBOI_LOW,2031,0.5790010550913538
RE1,DEMINDLPGBOI_LOW,2032,0.5775482062885565
RE1,DEMINDLPGBOI_LOW,2033,0.5754656425313516
RE1,DEMINDLPGBOI_LOW,2034,0.5725728514928716
RE1,DEMINDLPGBOI_LOW,2035,0.5686623515795296
RE1,DEMINDLPGBOI_LOW,2036,0.5635012355843179
RE1,DEMINDLPGBOI_LOW,2037,0.556834601425124
RE1,DEMINDLPGBOI_LOW,2038,0.5483913623662542
RE1,DEMINDLPGBOI_LOW,2039,0.5378929303699813
RE1,DEMINDLPGBOI_LOW,2040,0.5250652013796232
RE1,DEMINDLPGBOI_LOW,2041,0.5096541117509125
RE1,DEMINDLPGBOI_LOW,2042,0.4914447519125977
RE1,DEMINDLPGBOI_LOW,2043,0.4702835942579272
RE1,DEMINDLPGBOI_LOW,2044,0.4461028112127954
RE1,DEMINDLPGBOI_LOW,2045,0.4189449496360967
RE1,DEMINDLPGBOI_LOW,2046,0.3889854557714704
RE1,DEMINDLPGBOI_LOW,2047,0.356549832170542
RE1,DEMINDLPGBOI_LOW,2048,0.3221217327674783
RE1,DEMINDLPGBOI_LOW,2049,0.2863382858403541
RE1,DEMINDLPGBOI_LOW,2050,0.2499696024856876
RE1,DEMINDLPGBOI_LOW,2051,0.2138809445160804
RE1,DEMINDLPGBOI_LOW,2052,0.1789784064191121
RE1,DEMINDLPGBOI_LOW,2053,0.1461419928904698
RE1,DEMINDLPGBOI_LOW,2054,0.1161531438696289
RE1,DEMINDLPGBOI_MID,2022,0.004117574361191574
RE1,DEMINDLPGBOI_MID,2023,0.005669009698622243
RE1,DEMINDLPGBOI_MID,2024,0.0131572704400091
RE1,DEMINDLPGBOI_MID,2025,0.01315671600539766
RE1,DEMINDLPGBOI_MID,2026,0.01315557851299542
RE1,DEMINDLPGBOI_MID,2027,0.01315306078704869
RE1,DEMINDLPGBOI_MID,2028,0.01314817341167185
RE1,DEMINDLPGBOI_MID,2029,0.01313954011577624
RE1,DEMINDLPGBOI_MID,2030,0.01312533708757669
RE1,DEMINDLPGBOI_MID,2031,0.01310323655126218
RE1,DEMINDLPGBOI_MID,2032,0.01307035747208112
RE1,DEMINDLPGBOI_MID,2033,0.01302322746203401
RE1,DEMINDLPGBOI_MID,2034,0.01295776138915337
RE1,DEMINDLPGBOI_MID,2035,0.01286926378634654
RE1,DEMINDLPGBOI_MID,2036,0.01275246378545001
RE1,DEMINDLPGBOI_MID,2037,0.0126015927574605
RE1,DEMINDLPGBOI_MID,2038,0.01241051580229024
RE1,DEMINDLPGBOI_MID,2039,0.01217292825965131
RE1,DEMINDLPGBOI_MID,2040,0.01188262694517507
RE1,DEMINDLPGBOI_MID,2041,0.01153386220434772
RE1,DEMINDLPGBOI_MID,2042,0.01112177046926298
RE1,DEMINDLPGBOI_MID,2043,0.01064287729280072
RE1,DEMINDLPGBOI_MID,2044,0.01009564768510144
RE1,DEMINDLPGBOI_MID,2045,0.009481044514111064
RE1,DEMINDLPGBOI_MID,2046,0.008803038262460367
RE1,DEMINDLPGBOI_MID,2047,0.00806899530175521
RE1,DEMINDLPGBOI_MID,2048,0.007289861090302806
RE1,DEMINDLPGBOI_MID,2049,0.00648005432815163
RE1,DEMINDLPGBOI_MID,2050,0.005657003218203378
RE1,DEMINDLPGBOI_MID,2051,0.004840289296812086
RE1,DEMINDLPGBOI_MID,2052,0.0040504181749851
RE1,DEMINDLPGBOI_MID,2053,0.003307305031792329
RE1,DEMINDLPGBOI_MID,2054,0.00262863445051305
RE1,DEMINDLPGFUR_HIG,2022,0.0
RE1,DEMINDLPGFUR_HIG,2023,0.0
RE1,DEMINDLPGFUR_HIG,2024,0.0
RE1,DEMINDLPGFUR_HIG,2025,0.0
RE1,DEMINDLPGFUR_HIG,2026,0.0
RE1,DEMINDLPGFUR_HIG,2027,0.0
RE1,DEMINDLPGFUR_HIG,2028,0.0
RE1,DEMINDLPGFUR_HIG,2029,0.0
RE1,DEMINDLPGFUR_HIG,2030,0.0
RE1,DEMINDLPGFUR_HIG,2031,0.0
RE1,DEMINDLPGFUR_HIG,2032,0.0
RE1,DEMINDLPGFUR_HIG,2033,0.0
RE1,DEMINDLPGFUR_HIG,2034,0.0
RE1,DEMINDLPGFUR_HIG,2035,0.0
RE1,DEMINDLPGFUR_HIG,2036,0.0
RE1,DEMINDLPGFUR_HIG,2037,0.0
RE1,DEMINDLPGFUR_HIG,2038,0.0
RE1,DEMINDLPGFUR_HIG,2039,0.0
RE1,DEMINDLPGFUR_HIG,2040,0.0
RE1,DEMINDLPGFUR_HIG,2041,0.0
RE1,DEMINDLPGFUR_HIG,2042,0.0
RE1,DEMINDLPGFUR_HIG,2043,0.0
RE1,DEMINDLPGFUR_HIG,2044,0.0
RE1,DEMINDLPGFUR_HIG,2045,0.0
RE1,DEMINDLPGFUR_HIG,2046,0.0
RE1,DEMINDLPGFUR_HIG,2047,0.0
RE1,DEMINDLPGFUR_HIG,2048,0.0
RE1,DEMINDLPGFUR_HIG,2049,0.0
RE1,DEMINDLPGFUR_HIG,2050,0.0
RE1,DEMINDLPGFUR_HIG,2051,0.0
RE1,DEMINDLPGFUR_HIG,2052,0.0
RE1,DEMINDLPGFUR_HIG,2053,0.0
RE1,DEMINDLPGFUR_HIG,2054,0.0
RE1,DEMINDLPGFUR_LOW,2022,2.401314548782152
RE1,DEMINDLPGFUR_LOW,2023,2.410988529376117
RE1,DEMINDLPGFUR_LOW,2024,2.333461383164325
RE1,DEMINDLPGFUR_LOW,2025,2.333415888955231
RE1,DEMINDLPGFUR_LOW,2026,2.333322548633165
RE1,DEMINDLPGFUR_LOW,2027,2.333115933719215
RE1,DEMINDLPGFUR_LOW,2028,2.332714794982192
RE1,DEMINDLPGFUR_LOW,2029,2.332006008327407
RE1,DEMINDLPGFUR_LOW,2030,2.330839406432593
RE1,DEMINDLPGFUR_LOW,2031,2.329022772825781
RE1,DEMINDLPGFUR_LOW,2032,2.32631710853737
RE1,DEMINDLPGFUR_LOW,2033,2.322432329296217
RE1,DEMINDLPGFUR_LOW,2034,2.317023610011257
RE1,DEMINDLPGFUR_LOW,2035,2.30968866265855
RE1,DEMINDLPGFUR_LOW,2036,2.299966312161986
RE1,DEMINDLPGFUR_LOW,2037,2.287336819203359
RE1,DEMINDLPGFUR_LOW,2038,2.271224483619638
RE1,DEMINDLPGFUR_LOW,2039,2.251003138690169
RE1,DEMINDLPGFUR_LOW,2040,2.226005203159773
RE1,DEMINDLPGFUR_LOW,2041,2.195534978229834
RE1,DEMINDLPGFUR_LOW,2042,2.158886840810911
RE1,DEMINDLPGFUR_LOW,2043,2.115368868367327
RE1,DEMINDLPGFUR_LOW,2044,2.064332209058009
RE1,DEMINDLPGFUR_LOW,2045,2.00520615900111
RE1,DEMINDLPGFUR_LOW,2046,1.937538407546241
RE1,DEMINDLPGFUR_LOW,2047,1.861039254992851
RE1,DEMINDLPGFUR_LOW,2048,1.775627809489069
RE1,DEMINDLPGFUR_LOW,2049,1.681477274987504
RE1,DEMINDLPGFUR_LOW,2050,1.579055532548294
RE1,DEMINDLPGFUR_LOW,2051,1.469156418854557
RE1,DEMINDLPGFUR_LOW,2052,1.352916586248354
RE1,DEMINDLPGFUR_LOW,2053,1.2318127850615
RE1,DEMINDLPGFUR_LOW,2054,1.107635041604639
RE1,DEMINDLPGFUR_MID,2022,0.0165473355355934
RE1,DEMINDLPGFUR_MID,2023,0.02276721938449903
RE1,DEMINDLPGFUR_MID,2024,0.05280801514604044
RE1,DEMINDLPGFUR_MID,2025,0.05280698557730611
RE1,DEMINDLPGFUR_MID,2026,0.05280487321445452
RE1,DEMINDLPGFUR_MID,2027,0.05280019736098465
RE1,DEMINDLPGFUR_MID,2028,0.0527911192846757
RE1,DEMINDLPGFUR_MID,2029,0.05277507890077594
RE1,DEMINDLPGFUR_MID,2030,0.05274867780797225
RE1,DEMINDLPGFUR_MID,2031,0.05270756600054512
RE1,DEMINDLPGFUR_MID,2032,0.05264633474908607
RE1,DEMINDLPGFUR_MID,2033,0.05255841922475557
RE1,DEMINDLPGFUR_MID,2034,0.05243601577210726
RE1,DEMINDLPGFUR_MID,2035,0.05227002030559053
RE1,DEMINDLPGFUR_MID,2036,0.05204999608064215
RE1,DEMINDLPGFUR_MID,2037,0.0517641809991251
RE1,DEMINDLPGFUR_MID,2038,0.05139954652619914
RE1,DEMINDLPGFUR_MID,2039,0.05094192203024085
RE1,DEMINDLPGFUR_MID,2040,0.05037619963704711
RE1,DEMINDLPGFUR_MID,2041,0.04968663515090959
RE1,DEMINDLPGFUR_MID,2042,0.04885725978183095
RE1,DEMINDLPGFUR_MID,2043,0.0478724147938203
RE1,DEMINDLPGFUR_MID,2044,0.04671741617363531
RE1,DEMINDLPGFUR_MID,2045,0.04537934845609882
RE1,DEMINDLPGFUR_MID,2046,0.04384797550537893
RE1,DEMINDLPGFUR_MID,2047,0.04211674119576268
RE1,DEMINDLPGFUR_MID,2048,0.04018381488279644
RE1,DEMINDLPGFUR_MID,2049,0.03805311630435062
RE1,DEMINDLPGFUR_MID,2050,0.03573523396653402
RE1,DEMINDLPGFUR_MID,2051,0.03324813300041249
RE1,DEMINDLPGFUR_MID,2052,0.030617536717513
RE1,DEMINDLPGFUR_MID,2053,0.02787686510689218
RE1,DEMINDLPGFUR_MID,2054,0.02506662783252234
RE1,DEMINDNGSBOI_HIG,2022,0.0
RE1,DEMINDNGSBOI_HIG,2023,0.0
RE1,DEMINDNGSBOI_HIG,2024,0.0
RE1,DEMINDNGSBOI_HIG,2025,0.0
RE1,DEMINDNGSBOI_HIG,2026,0.0
RE1,DEMINDNGSBOI_HIG,2027,0.0
RE1,DEMINDNGSBOI_HIG,2028,0.0
RE1,DEMINDNGSBOI_HIG,2029,0.0
RE1,DEMINDNGSBOI_HIG,2030,0.0
RE1,DEMINDNGSBOI_HIG,2031,0.0
RE1,DEMINDNGSBOI_HIG,2032,0.0
RE1,DEMINDNGSBOI_HIG,2033,0.0
RE1,DEMINDNGSBOI_HIG,2034,0.0
RE1,DEMINDNGSBOI_HIG,2035,0.0
RE1,DEMINDNGSBOI_HIG,2036,0.0
RE1,DEMINDNGSBOI_HIG,2037,0.0
RE1,DEMINDNGSBOI_HIG,2038,0.0
RE1,DEMINDNGSBOI_HIG,2039,0.0
RE1,DEMINDNGSBOI_HIG,2040,0.0
RE1,DEMINDNGSBOI_HIG,2041,0.0
RE1,DEMINDNGSBOI_HIG,2042,0.0
RE1,DEMINDNGSBOI_HIG,2043,0.0
RE1,DEMINDNGSBOI_HIG,2044,0.0
RE1,DEMINDNGSBOI_HIG,2045,0.0
RE1,DEMINDNGSBOI_HIG,2046,0.0
RE1,DEMINDNGSBOI_HIG,2047,0.0
RE1,DEMINDNGSBOI_HIG,2048,0.0
RE1,DEMINDNGSBOI_HIG,2049,0.0
RE1,DEMINDNGSBOI_HIG,2050,0.0
RE1,DEMINDNGSBOI_HIG,2051,0.0
RE1,DEMINDNGSBOI_HIG,2052,0.0
RE1,DEMINDNGSBOI_HIG,2053,0.0
RE1,DEMINDNGSBOI_HIG,2054,0.0
RE1,DEMINDNGSBOI_LOW,2022,20.16495437163545
RE1,DEMINDNGSBOI_LOW,2023,19.91242084146556
RE1,DEMINDNGSBOI_LOW,2024,19.98246869600452
RE1,DEMINDNGSBOI_LOW,2025,19.98162665416023
RE1,DEMINDNGSBOI_LOW,2026,19.9798990993134
RE1,DEMINDNGSBOI_LOW,2027,19.97607532901507
RE1,DEMINDNGSBOI_LOW,2028,19.96865267809985
RE1,DEMINDNGSBOI_LOW,2029,19.95554094905513
RE1,DEMINDNGSBOI_LOW,2030,19.93397024655418
RE1,DEMINDNGSBOI_LOW,2031,19.90040528510697
RE1,DEMINDNGSBOI_LOW,2032,19.85047052291714
RE1,DEMINDNGSBOI_LOW,2033,19.77889230654599
RE1,DEMINDNGSBOI_LOW,2034,19.679466383977
RE1,DEMINDNGSBOI_LOW,2035,19.54506156302101
RE1,DEMINDNGSBOI_LOW,2036,19.36767276705076
RE1,DEMINDNGSBOI_LOW,2037,19.13853895030052
RE1,DEMINDNGSBOI_LOW,2038,18.84834279657495
RE1,DEMINDNGSBOI_LOW,2039,18.48750916812673
RE1,DEMINDNGSBOI_LOW,2040,18.04661704271365
RE1,DEMINDNGSBOI_LOW,2041,17.51693419188004
RE1,DEMINDNGSBOI_LOW,2042,16.89107412206093
RE1,DEMINDNGSBOI_LOW,2043,16.16376005254936
RE1,DEMINDNGSBOI_LOW,2044,15.33266073333752
RE1,DEMINDNGSBOI_LOW,2045,14.39923851018135
RE1,DEMINDNGSBOI_LOW,2046,13.36952351260043
RE1,DEMINDNGSBOI_LOW,2047,12.25470334144925
RE1,DEMINDNGSBOI_LOW,2048,11.07140129857333
RE1,DEMINDNGSBOI_LOW,2049,9.84151563586839
RE1,DEMINDNGSBOI_LOW,2050,8.591515256630055
RE1,DEMINDNGSBOI_LOW,2051,7.351139417111983
RE1,DEMINDNGSBOI_LOW,2052,6.151530802410985
RE1,DEMINDNGSBOI_LOW,2053,5.022935385212218
RE1,DEMINDNGSBOI_LOW,2054,3.992211443863863
RE1,DEMINDNGSBOI_MID,2022,0.1389556675182806
RE1,DEMINDNGSBOI_MID,2023,0.18803509359351
RE1,DEMINDNGSBOI_MID,2024,0.4522185441624575
RE1,DEMINDNGSBOI_MID,2025,0.4521994881117392
RE1,DEMINDNGSBOI_MID,2026,0.4521603922247556
RE1,DEMINDNGSBOI_MID,2027,0.4520738573794454
RE1,DEMINDNGSBOI_MID,2028,0.4519058771142552
RE1,DEMINDNGSBOI_MID,2029,0.451609148661417
RE1,DEMINDNGSBOI_MID,2030,0.4511209871719665
RE1,DEMINDNGSBOI_MID,2031,0.450361386432366
RE1,DEMINDNGSBOI_MID,2032,0.4492313245864492
RE1,DEMINDNGSBOI_MID,2033,0.4476114548249326
RE1,DEMINDNGSBOI_MID,2034,0.4453613701812295
RE1,DEMINDNGSBOI_MID,2035,0.4423196863239549
RE1,DEMINDNGSBOI_MID,2036,0.4383052422487622
RE1,DEMINDNGSBOI_MID,2037,0.4331197687917264
RE1,DEMINDNGSBOI_MID,2038,0.4265524079638043
RE1,DEMINDNGSBOI_MID,2039,0.4183864670771139
RE1,DEMINDNGSBOI_MID,2040,0.4084087411954835
RE1,DEMINDNGSBOI_MID,2041,0.3964216133127466
RE1,DEMINDNGSBOI_MID,2042,0.3822579214321931
RE1,DEMINDNGSBOI_MID,2043,0.3657982479720686
RE1,DEMINDNGSBOI_MID,2044,0.3469898349623418
RE1,DEMINDNGSBOI_MID,2045,0.3258657764055045
RE1,DEMINDNGSBOI_MID,2046,0.3025625387429129
RE1,DEMINDNGSBOI_MID,2047,0.2773333059353705
RE1,DEMINDNGSBOI_MID,2048,0.2505542760129661
RE1,DEMINDNGSBOI_MID,2049,0.222721023158382
RE1,DEMINDNGSBOI_MID,2050,0.1944325588899652
RE1,DEMINDNGSBOI_MID,2051,0.1663619053138481
RE1,DEMINDNGSBOI_MID,2052,0.1392138452038729
RE1,DEMINDNGSBOI_MID,2053,0.1136728680464261
RE1,DEMINDNGSBOI_MID,2054,0.09034679721499063
RE1,DEMINDNGSFURCSS,2022,0.0
RE1,DEMINDNGSFURCSS,2023,0.0
RE1,DEMINDNGSFURCSS,2024,0.0
RE1,DEMINDNGSFURCSS,2025,0.0
RE1,DEMINDNGSFURCSS,2026,0.0
RE1,DEMINDNGSFURCSS,2027,0.0
RE1,DEMINDNGSFURCSS,2028,0.0
RE1,DEMINDNGSFURCSS,2029,0.0
RE1,DEMINDNGSFURCSS,2030,0.0
RE1,DEMINDNGSFURCSS,2031,0.0
RE1,DEMINDNGSFURCSS,2032,0.0
RE1,DEMINDNGSFURCSS,2033,0.0
RE1,DEMINDNGSFURCSS,2034,0.0
RE1,DEMINDNGSFURCSS,2035,0.0
RE1,DEMINDNGSFURCSS,2036,0.0
RE1,DEMINDNGSFURCSS,2037,0.0
RE1,DEMINDNGSFURCSS,2038,0.0
RE1,DEMINDNGSFURCSS,2039,0.0
RE1,DEMINDNGSFURCSS,2040,0.0
RE1,DEMINDNGSFURCSS,2041,0.0
RE1,DEMINDNGSFURCSS,2042,0.0
RE1,DEMINDNGSFURCSS,2043,0.0
RE1,DEMINDNGSFURCSS,2044,0.0
RE1,DEMINDNGSFURCSS,2045,0.0
RE1,DEMINDNGSFURCSS,2046,0.0
RE1,DEMINDNGSFURCSS,2047,0.0
RE1,DEMINDNGSFURCSS,2048,0.0
RE1,DEMINDNGSFURCSS,2049,0.0
RE1,DEMINDNGSFURCSS,2050,0.0
RE1,DEMINDNGSFURCSS,2051,0.0
RE1,DEMINDNGSFURCSS,2052,0.0
RE1,DEMINDNGSFURCSS,2053,0.0
RE1,DEMINDNGSFURCSS,2054,0.0
RE1,DEMINDNGSFUR_HIG,2022,0.0
RE1,DEMINDNGSFUR_HIG,2023,0.0
RE1,DEMINDNGSFUR_HIG,2024,0.0
RE1,DEMINDNGSFUR_HIG,2025,0.0
RE1,DEMINDNGSFUR_HIG,2026,0.0
RE1,DEMINDNGSFUR_HIG,2027,0.0
RE1,DEMINDNGSFUR_HIG,2028,0.0
RE1,DEMINDNGSFUR_HIG,2029,0.0
RE1,DEMINDNGSFUR_HIG,2030,0.0
RE1,DEMINDNGSFUR_HIG,2031,0.0
RE1,DEMINDNGSFUR_HIG,2032,0.0
RE1,DEMINDNGSFUR_HIG,2033,0.0
RE1,DEMINDNGSFUR_HIG,2034,0.0
RE1,DEMINDNGSFUR_HIG,2035,0.0
RE1,DEMINDNGSFUR_HIG,2036,0.0
RE1,DEMINDNGSFUR_HIG,2037,0.0
RE1,DEMINDNGSFUR_HIG,2038,0.0
RE1,DEMINDNGSFUR_HIG,2039,0.0
RE1,DEMINDNGSFUR_HIG,2040,0.0
RE1,DEMINDNGSFUR_HIG,2041,0.0
RE1,DEMINDNGSFUR_HIG,2042,0.0
RE1,DEMINDNGSFUR_HIG,2043,0.0
RE1,DEMINDNGSFUR_HIG,2044,0.0
RE1,DEMINDNGSFUR_HIG,2045,0.0
RE1,DEMINDNGSFUR_HIG,2046,0.0
RE1,DEMINDNGSFUR_HIG,2047,0.0
RE1,DEMINDNGSFUR_HIG,2048,0.0
RE1,DEMINDNGSFUR_HIG,2049,0.0
RE1,DEMINDNGSFUR_HIG,2050,0.0
RE1,DEMINDNGSFUR_HIG,2051,0.0
RE1,DEMINDNGSFUR_HIG,2052,0.0
RE1,DEMINDNGSFUR_HIG,2053,0.0
RE1,DEMINDNGSFUR_HIG,2054,0.0
RE1,DEMINDNGSFUR_LOW,2022,14.76122349541943
RE1,DEMINDNGSFUR_LOW,2023,14.92806746084134
RE1,DEMINDNGSFUR_LOW,2024,15.30973900331968
RE1,DEMINDNGSFUR_LOW,2025,15.30944051778552
RE1,DEMINDNGSFUR_LOW,2026,15.30882811597779
RE1,DEMINDNGSFUR_LOW,2027,15.307472524482
RE1,DEMINDNGSFUR_LOW,2028,15.30484067061365
RE1,DEMINDNGSFUR_LOW,2029,15.30019035209023
RE1,DEMINDNGSFUR_LOW,2030,15.29253632761858
RE1,DEMINDNGSFUR_LOW,2031,15.28061747325673
RE1,DEMINDNGSFUR_LOW,2032,15.26286572712327
RE1,DEMINDNGSFUR_LOW,2033,15.2373778588874
RE1,DEMINDNGSFUR_LOW,2034,15.2018914860713
RE1,DEMINDNGSFUR_LOW,2035,15.15376721438494
RE1,DEMINDNGSFUR_LOW,2036,15.08997929414117
RE1,DEMINDNGSFUR_LOW,2037,15.00711773819862
RE1,DEMINDNGSFUR_LOW,2038,14.90140540273835
RE1,DEMINDNGSFUR_LOW,2039,14.76873403504403
RE1,DEMINDNGSFUR_LOW,2040,14.60472366343326
RE1,DEMINDNGSFUR_LOW,2041,14.40480983823971
RE1,DEMINDNGSFUR_LOW,2042,14.16436299695509
RE1,DEMINDNGSFUR_LOW,2043,13.87884346581056
RE1,DEMINDNGSFUR_LOW,2044,13.54399415599793
RE1,DEMINDNGSFUR_LOW,2045,13.15607070408256
RE1,DEMINDNGSFUR_LOW,2046,12.71210551949026
RE1,DEMINDNGSFUR_LOW,2047,12.21019789504123
RE1,DEMINDNGSFUR_LOW,2048,11.64981710280119
RE1,DEMINDNGSFUR_LOW,2049,11.03209952639659
RE1,DEMINDNGSFUR_LOW,2050,10.36011491318514
RE1,DEMINDNGSFUR_LOW,2051,9.639071591240096
RE1,DEMINDNGSFUR_LOW,2052,8.876427087315511
RE1,DEMINDNGSFUR_LOW,2053,8.081870296336431
RE1,DEMINDNGSFUR_LOW,2054,7.267145503347715
RE1,DEMINDNGSFUR_MID,2022,0.1017188348850292
RE1,DEMINDNGSFUR_MID,2023,0.1409673180633188
RE1,DEMINDNGSFUR_MID,2024,0.3464710986872577
RE1,DEMINDNGSFUR_MID,2025,0.3464643437314129
RE1,DEMINDNGSFUR_MID,2026,0.3464504846102929
RE1,DEMINDNGSFUR_MID,2027,0.3464198065383274
RE1,DEMINDNGSFUR_MID,2028,0.346360245673106
RE1,DEMINDNGSFUR_MID,2029,0.3462550054095258
RE1,DEMINDNGSFUR_MID,2030,0.3460817889838574
RE1,DEMINDNGSFUR_MID,2031,0.3458120561971031
RE1,DEMINDNGSFUR_MID,2032,0.3454103206100272
RE1,DEMINDNGSFUR_MID,2033,0.3448335106651312
RE1,DEMINDNGSFUR_MID,2034,0.3440304269172401
RE1,DEMINDNGSFUR_MID,2035,0.342941337855625
RE1,DEMINDNGSFUR_MID,2036,0.3414977684515325
RE1,DEMINDNGSFUR_MID,2037,0.3396225480888519
RE1,DEMINDNGSFUR_MID,2038,0.3372301971151498
RE1,DEMINDNGSFUR_MID,2039,0.3342277426304964
RE1,DEMINDNGSFUR_MID,2040,0.3305160625270167
RE1,DEMINDNGSFUR_MID,2041,0.3259918598190174
RE1,DEMINDNGSFUR_MID,2042,0.3205503639674095
RE1,DEMINDNGSFUR_MID,2043,0.3140888386840023
RE1,DEMINDNGSFUR_MID,2044,0.3065109427943143
RE1,DEMINDNGSFUR_MID,2045,0.2977319384910712
RE1,DEMINDNGSFUR_MID,2046,0.2876846669307113
RE1,DEMINDNGSFUR_MID,2047,0.2763261136565726
RE1,DEMINDNGSFUR_MID,2048,0.2636442678897348
RE1,DEMINDNGSFUR_MID,2049,0.249664846860485
RE1,DEMINDNGSFUR_MID,2050,0.2344573212984999
RE1,DEMINDNGSFUR_MID,2051,0.2181395596500983
RE1,DEMINDNGSFUR_MID,2052,0.200880331447367
RE1,DEMINDNGSFUR_MID,2053,0.1828989037900927
RE1,DEMINDNGSFUR_MID,2054,0.1644610588279192
RE1,DEMINDWASBOI_HIG,2022,0.0
RE1,DEMINDWASBOI_HIG,2023,0.0
RE1,DEMINDWASBOI_HIG,2024,0.0
RE1,DEMINDWASBOI_HIG,2025,0.0
RE1,DEMINDWASBOI_HIG,2026,0.0
RE1,DEMINDWASBOI_HIG,2027,0.0
RE1,DEMINDWASBOI_HIG,2028,0.0
RE1,DEMINDWASBOI_HIG,2029,0.0
RE1,DEMINDWASBOI_HIG,2030,0.0
RE1,DEMINDWASBOI_HIG,2031,0.0
RE1,DEMINDWASBOI_HIG,2032,0.0
RE1,DEMINDWASBOI_HIG,2033,0.0
RE1,DEMINDWASBOI_HIG,2034,0.0
RE1,DEMINDWASBOI_HIG,2035,0.0
RE1,DEMINDWASBOI_HIG,2036,0.0
RE1,DEMINDWASBOI_HIG,2037,0.0
RE1,DEMINDWASBOI_HIG,2038,0.0
RE1,DEMINDWASBOI_HIG,2039,0.0
RE1,DEMINDWASBOI_HIG,2040,0.0
RE1,DEMINDWASBOI_HIG,2041,0.0
RE1,DEMINDWASBOI_HIG,2042,0.0
RE1,DEMINDWASBOI_HIG,2043,0.0
RE1,DEMINDWASBOI_HIG,2044,0.0
RE1,DEMINDWASBOI_HIG,2045,0.0
RE1,DEMINDWASBOI_HIG,2046,0.0
RE1,DEMINDWASBOI_HIG,2047,0.0
RE1,DEMINDWASBOI_HIG,2048,0.0
RE1,DEMINDWASBOI_HIG,2049,0.0
RE1,DEMINDWASBOI_HIG,2050,0.0
RE1,DEMINDWASBOI_HIG,2051,0.0
RE1,DEMINDWASBOI_HIG,2052,0.0
RE1,DEMINDWASBOI_HIG,2053,0.0
RE1,DEMINDWASBOI_HIG,2054,0.0
RE1,DEMINDWASBOI_LOW,2022,4.816159258085169
RE1,DEMINDWASBOI_LOW,2023,4.835112977036303
RE1,DEMINDWASBOI_LOW,2024,4.681088841463422
RE1,DEMINDWASBOI_LOW,2025,4.679591132680339
RE1,DEMINDWASBOI_LOW,2026,4.676519697032357
RE1,DEMINDWASBOI_LOW,2027,4.669727605071461
RE1,DEMINDWASBOI_LOW,2028,4.656567337302465
RE1,DEMINDWASBOI_LOW,2029,4.633399080024171
RE1,DEMINDWASBOI_LOW,2030,4.595501677289366
RE1,DEMINDWASBOI_LOW,2031,4.537066878682714
RE1,DEMINDWASBOI_LOW,2032,4.45132722180628
RE1,DEMINDWASBOI_LOW,2033,4.330879942310364
RE1,DEMINDWASBOI_LOW,2034,4.168272489197892
RE1,DEMINDWASBOI_LOW,2035,3.956899409977342
RE1,DEMINDWASBOI_LOW,2036,3.692213171750579
RE1,DEMINDWASBOI_LOW,2037,3.373162532668333
RE1,DEMINDWASBOI_LOW,2038,3.003641628855514
RE1,DEMINDWASBOI_LOW,2039,2.593584099470045
RE1,DEMINDWASBOI_LOW,2040,2.159225956070816
RE1,DEMINDWASBOI_LOW,2041,1.722076347071438
RE1,DEMINDWASBOI_LOW,2042,1.306365924472747
RE1,DEMINDWASBOI_LOW,2043,0.9352145987032291
RE1,DEMINDWASBOI_LOW,2044,0.6263622217692734
RE1,DEMINDWASBOI_LOW,2045,0.388761490371854
RE1,DEMINDWASBOI_LOW,2046,0.2213019830176076
RE1,DEMINDWASBOI_LOW,2047,0.1142462287278925
RE1,DEMINDWASBOI_LOW,2048,0.05283916001602061
RE1,DEMINDWASBOI_LOW,2049,0.02160761978450344
RE1,DEMINDWASBOI_LOW,2050,0.007702553966173103
RE1,DEMINDWASBOI_LOW,2051,0.002357345081406816
RE1,DEMINDWASBOI_LOW,2052,0.0006093736411033665
RE1,DEMINDWASBOI_LOW,2053,0.0001307492411710904
RE1,DEMINDWASBOI_LOW,2054,2.285639591133406e-05
RE1,DEMINDWASBOI_MID,2022,0.0331879067141819
RE1,DEMINDWASBOI_MID,2023,0.04565848263305895
RE1,DEMINDWASBOI_MID,2024,0.1059366194030361
RE1,DEMINDWASBOI_MID,2025,0.1059027251082035
RE1,DEMINDWASBOI_MID,2026,0.1058332161712273
RE1,DEMINDWASBOI_MID,2027,0.1056795059372667
RE1,DEMINDWASBOI_MID,2028,0.1053816790159878
RE1,DEMINDWASBOI_MID,2029,0.1048573636405173
RE1,DEMINDWASBOI_MID,2030,0.103999716442216
RE1,DEMINDWASBOI_MID,2031,0.1026772922734941
RE1,DEMINDWASBOI_MID,2032,0.1007369382862311
RE1,DEMINDWASBOI_MID,2033,0.09801112426341907
RE1,DEMINDWASBOI_MID,2034,0.09433119327815545
RE1,DEMINDWASBOI_MID,2035,0.08954765889036655
RE1,DEMINDWASBOI_MID,2036,0.08355760695375687
RE1,DEMINDWASBOI_MID,2037,0.07633724706155177
RE1,DEMINDWASBOI_MID,2038,0.06797470649151495
RE1,DEMINDWASBOI_MID,2039,0.05869479109254181
RE1,DEMINDWASBOI_MID,2040,0.04886493421943273
RE1,DEMINDWASBOI_MID,2041,0.03897190434558068
RE1,DEMINDWASBOI_MID,2042,0.02956405965127977
RE1,DEMINDWASBOI_MID,2043,0.02116462138582577
RE1,DEMINDWASBOI_MID,2044,0.01417505596310526
RE1,DEMINDWASBOI_MID,2045,0.008797969754234577
RE1,DEMINDWASBOI_MID,2046,0.005008233071847509
RE1,DEMINDWASBOI_MID,2047,0.002585479502925928
RE1,DEMINDWASBOI_MID,2048,0.001195790589277376
RE1,DEMINDWASBOI_MID,2049,0.0004889969558024549
RE1,DEMINDWASBOI_MID,2050,0.0001743146852326627
RE1,DEMINDWASBOI_MID,2051,5.334852149752014e-05
RE1,DEMINDWASBOI_MID,2052,1.379059139403733e-05
RE1,DEMINDWASBOI_MID,2053,2.958955291873371e-06
RE1,DEMINDWASBOI_MID,2054,5.172577143028842e-07
RE1,DEMINDWASFUR_HIG,2022,0.0
RE1,DEMINDWASFUR_HIG,2023,0.0
RE1,DEMINDWASFUR_HIG,2024,0.0
RE1,DEMINDWASFUR_HIG,2025,0.0
RE1,DEMINDWASFUR_HIG,2026,0.0
RE1,DEMINDWASFUR_HIG,2027,0.0
RE1,DEMINDWASFUR_HIG,2028,0.0
RE1,DEMINDWASFUR_HIG,2029,0.0
RE1,DEMINDWASFUR_HIG,2030,0.0
RE1,DEMINDWASFUR_HIG,2031,0.0
RE1,DEMINDWASFUR_HIG,2032,0.0
RE1,DEMINDWASFUR_HIG,2033,0.0
RE1,DEMINDWASFUR_HIG,2034,0.0
RE1,DEMINDWASFUR_HIG,2035,0.0
RE1,DEMINDWASFUR_HIG,2036,0.0
RE1,DEMINDWASFUR_HIG,2037,0.0
RE1,DEMINDWASFUR_HIG,2038,0.0
RE1,DEMINDWASFUR_HIG,2039,0.0
RE1,DEMINDWASFUR_HIG,2040,0.0
RE1,DEMINDWASFUR_HIG,2041,0.0
RE1,DEMINDWASFUR_HIG,2042,0.0
RE1,DEMINDWASFUR_HIG,2043,0.0
RE1,DEMINDWASFUR_HIG,2044,0.0
RE1,DEMINDWASFUR_HIG,2045,0.0
RE1,DEMINDWASFUR_HIG,2046,0.0
RE1,DEMINDWASFUR_HIG,2047,0.0
RE1,DEMINDWASFUR_HIG,2048,0.0
RE1,DEMINDWASFUR_HIG,2049,0.0
RE1,DEMINDWASFUR_HIG,2050,0.0
RE1,DEMINDWASFUR_HIG,2051,0.0
RE1,DEMINDWASFUR_HIG,2052,0.0
RE1,DEMINDWASFUR_HIG,2053,0.0
RE1,DEMINDWASFUR_HIG,2054,0.0
RE1,DEMINDWASFUR_LOW,2022,0.6622099580777003
RE1,DEMINDWASFUR_LOW,2023,0.6650044195234361
RE1,DEMINDWASFUR_LOW,2024,0.6437951099525598
RE1,DEMINDWASFUR_LOW,2025,0.6437679810512226
RE1,DEMINDWASFUR_LOW,2026,0.6437123226949163
RE1,DEMINDWASFUR_LOW,2027,0.6435891284761689
RE1,DEMINDWASFUR_LOW,2028,0.6433499855336824
RE1,DEMINDWASFUR_LOW,2029,0.6429275518909514
RE1,DEMINDWASFUR_LOW,2030,0.6422325870695563
RE1,DEMINDWASFUR_LOW,2031,0.6411511912533435
RE1,DEMINDWASFUR_LOW,2032,0.6395423932512787
RE1,DEMINDWASFUR_LOW,2033,0.6372362865144224
RE1,DEMINDWASFUR_LOW,2034,0.6340329824719527
RE1,DEMINDWASFUR_LOW,2035,0.6297027283976492
RE1,DEMINDWASFUR_LOW,2036,0.6239876167593732
RE1,DEMINDWASFUR_LOW,2037,0.6166053842137986
RE1,DEMINDWASFUR_LOW,2038,0.6072558454987491
RE1,DEMINDWASFUR_LOW,2039,0.595630508858144
RE1,DEMINDWASFUR_LOW,2040,0.5814258478287344
RE1,DEMINDWASFUR_LOW,2041,0.5643605275031938
RE1,DEMINDWASFUR_LOW,2042,0.5441965698564253
RE1,DEMINDWASFUR_LOW,2043,0.520763967585172
RE1,DEMINDWASFUR_LOW,2044,0.4939876124844394
RE1,DEMINDWASFUR_LOW,2045,0.4639146184049269
RE1,DEMINDWASFUR_LOW,2046,0.4307392640394297
RE1,DEMINDWASFUR_LOW,2047,0.3948219914750488
RE1,DEMINDWASFUR_LOW,2048,0.3566983701953257
RE1,DEMINDWASFUR_LOW,2049,0.3170739180069673
RE1,DEMINDWASFUR_LOW,2050,0.2768014099482711
RE1,DEMINDWASFUR_LOW,2051,0.236838985278255
RE1,DEMINDWASFUR_LOW,2052,0.198189998921735
RE1,DEMINDWASFUR_LOW,2053,0.1618289155260325
RE1,DEMINDWASFUR_LOW,2054,0.1286210550135933
RE1,DEMINDWASFUR_MID,2022,0.004563254895898705
RE1,DEMINDWASFUR_MID,2023,0.006279706985942941
RE1,DEMINDWASFUR_MID,2024,0.01456957555098627
RE1,DEMINDWASFUR_MID,2025,0.01456896160320764
RE1,DEMINDWASFUR_MID,2026,0.0145677020120509
RE1,DEMINDWASFUR_MID,2027,0.01456491403269266
RE1,DEMINDWASFUR_MID,2028,0.01455950204506774
RE1,DEMINDWASFUR_MID,2029,0.01454994204876162
RE1,DEMINDWASFUR_MID,2030,0.01453421446351895
RE1,DEMINDWASFUR_MID,2031,0.01450974164941821
RE1,DEMINDWASFUR_MID,2032,0.01447333332062695
RE1,DEMINDWASFUR_MID,2033,0.01442114436204082
RE1,DEMINDWASFUR_MID,2034,0.01434865114247756
RE1,DEMINDWASFUR_MID,2035,0.01425065418208565
RE1,DEMINDWASFUR_MID,2036,0.01412131683622988
RE1,DEMINDWASFUR_MID,2037,0.01395425126964672
RE1,DEMINDWASFUR_MID,2038,0.01374266406034682
RE1,DEMINDWASFUR_MID,2039,0.01347957380403308
RE1,DEMINDWASFUR_MID,2040,0.01315811146478142
RE1,DEMINDWASFUR_MID,2041,0.01277191021854476
RE1,DEMINDWASFUR_MID,2042,0.01231558444066936
RE1,DEMINDWASFUR_MID,2043,0.01178528673590364
RE1,DEMINDWASFUR_MID,2044,0.01117931734814469
RE1,DEMINDWASFUR_MID,2045,0.01049874249985467
RE1,DEMINDWASFUR_MID,2046,0.009747958866387069
RE1,DEMINDWASFUR_MID,2047,0.008935123527748546
RE1,DEMINDWASFUR_MID,2048,0.008072356830820634
RE1,DEMINDWASFUR_MID,2049,0.007175625182971874
RE1,DEMINDWASFUR_MID,2050,0.006264227535307055
RE1,DEMINDWASFUR_MID,2051,0.005359847311801938
RE1,DEMINDWASFUR_MID,2052,0.004485191201518885
RE1,DEMINDWASFUR_MID,2053,0.003662312084452529
RE1,DEMINDWASFUR_MID,2054,0.002910792812027102
RE1,DEMMINIDSL,2022,35.42684238908634
RE1,DEMMINIDSL,2023,18.27167666071706
RE1,DEMMINIDSL,2024,18.58229516580366
RE1,DEMMINIDSL,2025,14.87145914224685
RE1,DEMMINIDSL,2026,15.24691696825908
RE1,DEMMINIDSL,2027,14.65921782243409
RE1,DEMMINIDSL,2028,14.48759635395527
RE1,DEMMINIDSL,2029,13.63243044633677
RE1,DEMMINIDSL,2030,12.45595377382194
RE1,DEMMINIDSL,2031,10.9487452581783
RE1,DEMMINIDSL,2032,9.92855589121619
RE1,DEMMINIDSL,2033,8.755581398713085
RE1,DEMMINIDSL,2034,5.482668988211723
RE1,DEMMINIDSL,2035,5.254152003423489
RE1,DEMMINIDSL,2036,5.031596325505977
RE1,DEMMINIDSL,2037,4.824213308546707
RE1,DEMMINIDSL,2038,4.62853131865177
RE1,DEMMINIDSL,2039,4.443870033128833
RE1,DEMMINIDSL,2040,4.269314160018371
RE1,DEMMINIDSL,2041,4.097392607504641
RE1,DEMMINIDSL,2042,3.935396094202441
RE1,DEMMINIDSL,2043,3.782761729774795
RE1,DEMMINIDSL,2044,3.638891403127553
RE1,DEMMINIDSL,2045,3.50322684710908
RE1,DEMMINIDSL,2046,3.375246917701996
RE1,DEMMINIDSL,2047,3.254467019445814
RE1,DEMMINIDSL,2048,3.140394706276091
RE1,DEMMINIDSL,2049,3.032595335815594
RE1,DEMMINIDSL,2050,2.930726008817023
RE1,DEMMINIDSL,2051,2.953319131527665
RE1,DEMMINIDSL,2052,2.976190094847205
RE1,DEMMINIDSL,2053,2.998179188562356
RE1,DEMMINIDSL,2054,3.021082056570104
RE1,DEMMINIDSL,2055,3.044006357704141
RE1,DEMMINIELC,2022,24.30064800003765
RE1,DEMMINIELC,2023,27.26247599660291
RE1,DEMMINIELC,2024,27.29037599995891
RE1,DEMMINIELC,2025,21.84055887815247
RE1,DEMMINIELC,2026,22.39196467343103
RE1,DEMMINIELC,2027,21.5288565093796
RE1,DEMMINIELC,2028,21.2768093665126
RE1,DEMMINIELC,2029,20.02089350934751
RE1,DEMMINIELC,2030,18.29309344688834
RE1,DEMMINIELC,2031,16.07957317206518
RE1,DEMMINIELC,2032,14.58130015642654
RE1,DEMMINIELC,2033,12.85864347418423
RE1,DEMMINIELC,2034,8.051970805358863
RE1,DEMMINIELC,2035,7.716365629485634
RE1,DEMMINIELC,2036,7.389515362761224
RE1,DEMMINIELC,2037,7.084948006666296
RE1,DEMMINIELC,2038,6.79756504169863
RE1,DEMMINIELC,2039,6.526367330673641
RE1,DEMMINIELC,2040,6.270010655264022
RE1,DEMMINIELC,2041,6.017522802244094
RE1,DEMMINIELC,2042,5.779611084705826
RE1,DEMMINIELC,2043,5.555448829259
RE1,DEMMINIELC,2044,5.344157636518423
RE1,DEMMINIELC,2045,5.144917622807686
RE1,DEMMINIELC,2046,4.956963424319072
RE1,DEMMINIELC,2047,4.7795833532763
RE1,DEMMINIELC,2048,4.612054192329826
RE1,DEMMINIELC,2049,4.453737615923289
RE1,DEMMINIELC,2050,4.304130034521298
RE1,DEMMINIELC,2051,4.337310801928399
RE1,DEMMINIELC,2052,4.370899612293446
RE1,DEMMINIELC,2053,4.403193289152542
RE1,DEMMINIELC,2054,4.436828955459204
RE1,DEMMINIELC,2055,4.470496098936477
RE1,DEMMINIGSL,2022,6.565300320761658
RE1,DEMMINIGSL,2023,4.697582632896189
RE1,DEMMINIGSL,2024,4.777441536248964
RE1,DEMMINIGSL,2025,3.823398884630017
RE1,DEMMINIGSL,2026,3.919927747028108
RE1,DEMMINIGSL,2027,3.768832401430045
RE1,DEMMINIGSL,2028,3.72470913653155
RE1,DEMMINIGSL,2029,3.504849044385393
RE1,DEMMINIGSL,2030,3.202381105331039
RE1,DEMMINIGSL,2031,2.814883193895692
RE1,DEMMINIGSL,2032,2.552596161369508
RE1,DEMMINIGSL,2033,2.251028620253414
RE1,DEMMINIGSL,2034,1.409574561165569
RE1,DEMMINIGSL,2035,1.350823662790284
RE1,DEMMINIGSL,2036,1.293605395061558
RE1,DEMMINIGSL,2037,1.240287964125625
RE1,DEMMINIGSL,2038,1.189978825341719
RE1,DEMMINIGSL,2039,1.142503070182158
RE1,DEMMINIGSL,2040,1.097625380362184
RE1,DEMMINIGSL,2041,1.05342496493304
RE1,DEMMINIGSL,2042,1.011776241539513
RE1,DEMMINIGSL,2043,0.9725344930919084
RE1,DEMMINIGSL,2044,0.9355459473700048
RE1,DEMMINIGSL,2045,0.9006670758885011
RE1,DEMMINIGSL,2046,0.8677638943869623
RE1,DEMMINIGSL,2047,0.8367118151080323
RE1,DEMMINIGSL,2048,0.8073842319321968
RE1,DEMMINIGSL,2049,0.7796693998609027
RE1,DEMMINIGSL,2050,0.7534791607257333
RE1,DEMMINIGSL,2051,0.7592877716593289
RE1,DEMMINIGSL,2052,0.7651678144184103
RE1,DEMMINIGSL,2053,0.7708211316605428
RE1,DEMMINIGSL,2054,0.7767093770006989
RE1,DEMMINIGSL,2055,0.7826031327208625
RE1,DEMMININGS,2022,16.00855080619847
RE1,DEMMININGS,2023,12.59422786315355
RE1,DEMMININGS,2024,12.7957355175264
RE1,DEMMININGS,2025,10.24046040846864
RE1,DEMMININGS,2026,10.49900000203182
RE1,DEMMININGS,2027,10.09431141180366
RE1,DEMMININGS,2028,9.976133172776127
RE1,DEMMININGS,2029,9.387267444411806
RE1,DEMMININGS,2030,8.577147692803168
RE1,DEMMININGS,2031,7.539286580176423
RE1,DEMMININGS,2032,6.836785990181344
RE1,DEMMININGS,2033,6.029077833521818
RE1,DEMMININGS,2034,3.77535614827627
RE1,DEMMININGS,2035,3.617999757554748
RE1,DEMMININGS,2036,3.464748312179103
RE1,DEMMININGS,2037,3.321944734248597
RE1,DEMMININGS,2038,3.187198462816705
RE1,DEMMININGS,2039,3.060041028883235
RE1,DEMMININGS,2040,2.93984216402704
RE1,DEMMININGS,2041,2.821457287664914
RE1,DEMMININGS,2042,2.709906775713568
RE1,DEMMININGS,2043,2.604803022884582
RE1,DEMMININGS,2044,2.505734170938563
RE1,DEMMININGS,2045,2.412315798104317
RE1,DEMMININGS,2046,2.324189045535112
RE1,DEMMININGS,2047,2.241020221655706
RE1,DEMMININGS,2048,2.162470228978895
RE1,DEMMININGS,2049,2.088239773534038
RE1,DEMMININGS,2050,2.018092735507169
RE1,DEMMININGS,2051,2.033650319763629
RE1,DEMMININGS,2052,2.049399224570955
RE1,DEMMININGS,2053,2.064540875531648
RE1,DEMMININGS,2054,2.08031174985073
RE1,DEMMININGS,2055,2.096097382982587
RE1,DEMNGSAUT,2022,39.052
RE1,DEMNGSAUT,2023,39.052
RE1,DEMNGSAUT,2024,39.052
RE1,DEMNGSAUT,2025,39.052
RE1,DEMNGSAUT,2026,39.052
RE1,DEMNGSAUT,2027,39.052
RE1,DEMNGSAUT,2028,39.052
RE1,DEMNGSAUT,2029,39.052
RE1,DEMNGSAUT,2030,39.052
RE1,DEMNGSAUT,2031,39.052
RE1,DEMNGSAUT,2032,39.052
RE1,DEMNGSAUT,2033,39.052
RE1,DEMNGSAUT,2034,39.052
RE1,DEMNGSAUT,2035,39.052
RE1,DEMNGSAUT,2036,39.052
RE1,DEMNGSAUT,2037,39.052
RE1,DEMNGSAUT,2038,39.052
RE1,DEMNGSAUT,2039,39.052
RE1,DEMNGSAUT,2040,39.052
RE1,DEMNGSAUT,2041,39.052
RE1,DEMNGSAUT,2042,39.052
RE1,DEMNGSAUT,2043,39.052
RE1,DEMNGSAUT,2044,39.052
RE1,DEMNGSAUT,2045,39.052
RE1,DEMNGSAUT,2046,39.052
RE1,DEMNGSAUT,2047,39.052
RE1,DEMNGSAUT,2048,39.052
RE1,DEMNGSAUT,2049,39.052
RE1,DEMNGSAUT,2050,39.052
RE1,DEMNGSAUT,2051,39.052
RE1,DEMNGSAUT,2052,39.052
RE1,DEMNGSAUT,2053,39.052
RE1,DEMNGSAUT,2054,39.052
RE1,DEMNSEELC,2022,13.09491034764171
RE1,DEMNSEELC,2023,16.82868350694689
RE1,DEMNSEELC,2024,16.82868350694689
RE1,DEMNSEELC,2025,16.82868350694689
RE1,DEMNSEELC,2026,16.82868350694689
RE1,DEMNSEELC,2027,16.82868350694689
RE1,DEMNSEELC,2028,16.82868350694689
RE1,DEMNSEELC,2029,16.82868350694689
RE1,DEMNSEELC,2030,16.82868350694689
RE1,DEMNSEELC,2031,16.82868350694689
RE1,DEMNSEELC,2032,16.82868350694689
RE1,DEMNSEELC,2033,16.82868350694689
RE1,DEMNSEELC,2034,16.82868350694689
RE1,DEMNSEELC,2035,16.82868350694689
RE1,DEMNSEELC,2036,16.82868350694689
RE1,DEMNSEELC,2037,16.82868350694689
RE1,DEMNSEELC,2038,16.82868350694689
RE1,DEMNSEELC,2039,16.82868350694689
RE1,DEMNSEELC,2040,16.82868350694689
RE1,DEMNSEELC,2041,16.82868350694689
RE1,DEMNSEELC,2042,16.82868350694689
RE1,DEMNSEELC,2043,16.82868350694689
RE1,DEMNSEELC,2044,16.82868350694689
RE1,DEMNSEELC,2045,16.82868350694689
RE1,DEMNSEELC,2046,16.82868350694689
RE1,DEMNSEELC,2047,16.82868350694689
RE1,DEMNSEELC,2048,16.82868350694689
RE1,DEMNSEELC,2049,16.82868350694689
RE1,DEMNSEELC,2050,16.82868350694689
RE1,DEMNSEELC,2051,16.82868350694689
RE1,DEMNSEELC,2052,16.82868350694689
RE1,DEMNSEELC,2053,16.82868350694689
RE1,DEMNSEELC,2054,16.82868350694689
RE1,DEMRESBGSCKN_MID_RUR,2022,0.0
RE1,DEMRESBGSCKN_MID_RUR,2023,0.0
RE1,DEMRESBGSCKN_MID_RUR,2024,0.0
RE1,DEMRESBGSCKN_MID_RUR,2025,0.0
RE1,DEMRESBGSCKN_MID_RUR,2026,0.0
RE1,DEMRESBGSCKN_MID_RUR,2027,0.0
RE1,DEMRESBGSCKN_MID_RUR,2028,0.0
RE1,DEMRESBGSCKN_MID_RUR,2029,0.0
RE1,DEMRESBGSCKN_MID_RUR,2030,0.0
RE1,DEMRESBGSCKN_MID_RUR,2031,0.0
RE1,DEMRESBGSCKN_MID_RUR,2032,0.0
RE1,DEMRESBGSCKN_MID_RUR,2033,0.0
RE1,DEMRESBGSCKN_MID_RUR,2034,0.0
RE1,DEMRESBGSCKN_MID_RUR,2035,0.0
RE1,DEMRESBGSCKN_MID_RUR,2036,0.0
RE1,DEMRESBGSCKN_MID_RUR,2037,0.0
RE1,DEMRESBGSCKN_MID_RUR,2038,0.0
RE1,DEMRESBGSCKN_MID_RUR,2039,0.0
RE1,DEMRESBGSCKN_MID_RUR,2040,0.0
RE1,DEMRESBGSCKN_MID_RUR,2041,0.0
RE1,DEMRESBGSCKN_MID_RUR,2042,0.0
RE1,DEMRESBGSCKN_MID_RUR,2043,0.0
RE1,DEMRESBGSCKN_MID_RUR,2044,0.0
RE1,DEMRESBGSCKN_MID_RUR,2045,0.0
RE1,DEMRESBGSCKN_MID_RUR,2046,0.0
RE1,DEMRESBGSCKN_MID_RUR,2047,0.0
RE1,DEMRESBGSCKN_MID_RUR,2048,0.0
RE1,DEMRESBGSCKN_MID_RUR,2049,0.0
RE1,DEMRESBGSCKN_MID_RUR,2050,0.0
RE1,DEMRESBGSCKN_MID_RUR,2051,0.0
RE1,DEMRESBGSCKN_MID_RUR,2052,0.0
RE1,DEMRESBGSCKN_MID_RUR,2053,0.0
RE1,DEMRESBGSCKN_MID_RUR,2054,0.0
RE1,DEMRESELCAIR_PAR_HIG_RUR,2022,0.0
RE1,DEMRESELCAIR_PAR_HIG_RUR,2023,0.0
RE1,DEMRESELCAIR_PAR_HIG_RUR,2024,0.0
RE1,DEMRESELCAIR_PAR_HIG_RUR,2025,0.0
RE1,DEMRESELCAIR_PAR_HIG_RUR,2026,0.0
RE1,DEMRESELCAIR_PAR_HIG_RUR,2027,0.0
RE1,DEMRESELCAIR_PAR_HIG_RUR,2028,0.0
RE1,DEMRESELCAIR_PAR_HIG_RUR,2029,0.0
RE1,DEMRESELCAIR_PAR_HIG_RUR,2030,0.0
RE1,DEMRESELCAIR_PAR_HIG_RUR,2031,0.0
RE1,DEMRESELCAIR_PAR_HIG_RUR,2032,0.0
RE1,DEMRESELCAIR_PAR_HIG_RUR,2033,0.0
RE1,DEMRESELCAIR_PAR_HIG_RUR,2034,0.0
RE1,DEMRESELCAIR_PAR_HIG_RUR,2035,0.0
RE1,DEMRESELCAIR_PAR_HIG_RUR,2036,0.0
RE1,DEMRESELCAIR_PAR_HIG_RUR,2037,0.0
RE1,DEMRESELCAIR_PAR_HIG_RUR,2038,0.0
RE1,DEMRESELCAIR_PAR_HIG_RUR,2039,0.0
RE1,DEMRESELCAIR_PAR_HIG_RUR,2040,0.0
RE1,DEMRESELCAIR_PAR_HIG_RUR,2041,0.0
RE1,DEMRESELCAIR_PAR_HIG_RUR,2042,0.0
RE1,DEMRESELCAIR_PAR_HIG_RUR,2043,0.0
RE1,DEMRESELCAIR_PAR_HIG_RUR,2044,0.0
RE1,DEMRESELCAIR_PAR_HIG_RUR,2045,0.0
RE1,DEMRESELCAIR_PAR_HIG_RUR,2046,0.0
RE1,DEMRESELCAIR_PAR_HIG_RUR,2047,0.0
RE1,DEMRESELCAIR_PAR_HIG_RUR,2048,0.0
RE1,DEMRESELCAIR_PAR_HIG_RUR,2049,0.0
RE1,DEMRESELCAIR_PAR_HIG_RUR,2050,0.0
RE1,DEMRESELCAIR_PAR_HIG_RUR,2051,0.0
RE1,DEMRESELCAIR_PAR_HIG_RUR,2052,0.0
RE1,DEMRESELCAIR_PAR_HIG_RUR,2053,0.0
RE1,DEMRESELCAIR_PAR_HIG_RUR,2054,0.0
RE1,DEMRESELCAIR_PAR_LOW_RUR,2022,0.01943612582212665
RE1,DEMRESELCAIR_PAR_LOW_RUR,2023,0.02245612201617922
RE1,DEMRESELCAIR_PAR_LOW_RUR,2024,0.02438827113098291
RE1,DEMRESELCAIR_PAR_LOW_RUR,2025,0.02438046813276729
RE1,DEMRESELCAIR_PAR_LOW_RUR,2026,0.02436446608540582
RE1,DEMRESELCAIR_PAR_LOW_RUR,2027,0.02432907957899696
RE1,DEMRESELCAIR_PAR_LOW_RUR,2028,0.0242605151510665
RE1,DEMRESELCAIR_PAR_LOW_RUR,2029,0.02413980952909014
RE1,DEMRESELCAIR_PAR_LOW_RUR,2030,0.02394236569404268
RE1,DEMRESELCAIR_PAR_LOW_RUR,2031,0.02363792291156861
RE1,DEMRESELCAIR_PAR_LOW_RUR,2032,0.02319122299422071
RE1,DEMRESELCAIR_PAR_LOW_RUR,2033,0.02256369785876155
RE1,DEMRESELCAIR_PAR_LOW_RUR,2034,0.02171652003566648
RE1,DEMRESELCAIR_PAR_LOW_RUR,2035,0.02061527540211881
RE1,DEMRESELCAIR_PAR_LOW_RUR,2036,0.01923627150769664
RE1,DEMRESELCAIR_PAR_LOW_RUR,2037,0.01757403142766888
RE1,DEMRESELCAIR_PAR_LOW_RUR,2038,0.01564884344342727
RE1,DEMRESELCAIR_PAR_LOW_RUR,2039,0.01351246138689117
RE1,DEMRESELCAIR_PAR_LOW_RUR,2040,0.01124947417858622
RE1,DEMRESELCAIR_PAR_LOW_RUR,2041,0.008971943554803612
RE1,DEMRESELCAIR_PAR_LOW_RUR,2042,0.006806110168239891
RE1,DEMRESELCAIR_PAR_LOW_RUR,2043,0.004872427755867438
RE1,DEMRESELCAIR_PAR_LOW_RUR,2044,0.003263320182134862
RE1,DEMRESELCAIR_PAR_LOW_RUR,2045,0.002025430611034872
RE1,DEMRESELCAIR_PAR_LOW_RUR,2046,0.001152973794441018
RE1,DEMRESELCAIR_PAR_LOW_RUR,2047,0.0005952179281940474
RE1,DEMRESELCAIR_PAR_LOW_RUR,2048,0.0002752897465627328
RE1,DEMRESELCAIR_PAR_LOW_RUR,2049,0.0001125747678898818
RE1,DEMRESELCAIR_PAR_LOW_RUR,2050,4.012997421970105e-05
RE1,DEMRESELCAIR_PAR_LOW_RUR,2051,1.228166628357884e-05
RE1,DEMRESELCAIR_PAR_LOW_RUR,2052,3.17481040899388e-06
RE1,DEMRESELCAIR_PAR_LOW_RUR,2053,6.811979118204359e-07
RE1,DEMRESELCAIR_PAR_LOW_RUR,2054,1.190808376942572e-07
RE1,DEMRESELCAIR_PAR_LOW_URB,2022,0.4857156031308625
RE1,DEMRESELCAIR_PAR_LOW_URB,2023,0.5423257368071764
RE1,DEMRESELCAIR_PAR_LOW_URB,2024,0.5945082778917649
RE1,DEMRESELCAIR_PAR_LOW_URB,2025,0.5943180656784167
RE1,DEMRESELCAIR_PAR_LOW_URB,2026,0.5939279867930166
RE1,DEMRESELCAIR_PAR_LOW_URB,2027,0.5930653766115589
RE1,DEMRESELCAIR_PAR_LOW_URB,2028,0.5913939945051909
RE1,DEMRESELCAIR_PAR_LOW_URB,2029,0.5884515763621578
RE1,DEMRESELCAIR_PAR_LOW_URB,2030,0.5836385252965866
RE1,DEMRESELCAIR_PAR_LOW_URB,2031,0.5762171811039964
RE1,DEMRESELCAIR_PAR_LOW_URB,2032,0.5653280616100148
RE1,DEMRESELCAIR_PAR_LOW_URB,2033,0.5500309999359024
RE1,DEMRESELCAIR_PAR_LOW_URB,2034,0.5293795061923997
RE1,DEMRESELCAIR_PAR_LOW_URB,2035,0.5025346738091708
RE1,DEMRESELCAIR_PAR_LOW_URB,2036,0.4689189563982942
RE1,DEMRESELCAIR_PAR_LOW_URB,2037,0.4283988440003088
RE1,DEMRESELCAIR_PAR_LOW_URB,2038,0.3814689002178085
RE1,DEMRESELCAIR_PAR_LOW_URB,2039,0.3293907184340817
RE1,DEMRESELCAIR_PAR_LOW_URB,2040,0.2742263067841181
RE1,DEMRESELCAIR_PAR_LOW_URB,2041,0.218707373042619
RE1,DEMRESELCAIR_PAR_LOW_URB,2042,0.1659112617507977
RE1,DEMRESELCAIR_PAR_LOW_URB,2043,0.1187742508985319
RE1,DEMRESELCAIR_PAR_LOW_URB,2044,0.07954933956863254
RE1,DEMRESELCAIR_PAR_LOW_URB,2045,0.0493735393578543
RE1,DEMRESELCAIR_PAR_LOW_URB,2046,0.02810582436557641
RE1,DEMRESELCAIR_PAR_LOW_URB,2047,0.01450951498613611
RE1,DEMRESELCAIR_PAR_LOW_URB,2048,0.006710686143814192
RE1,DEMRESELCAIR_PAR_LOW_URB,2049,0.002744213849060217
RE1,DEMRESELCAIR_PAR_LOW_URB,2050,0.000978240800139648
RE1,DEMRESELCAIR_PAR_LOW_URB,2051,0.000299387858724266
RE1,DEMRESELCAIR_PAR_LOW_URB,2052,7.73917535501719e-05
RE1,DEMRESELCAIR_PAR_LOW_URB,2053,1.660543280353108e-05
RE1,DEMRESELCAIR_PAR_LOW_URB,2054,2.902811083545159e-06
RE1,DEMRESELCAIR_PAR_MID_RUR,2022,0.0001339333473217207
RE1,DEMRESELCAIR_PAR_MID_RUR,2023,0.000212055532507958
RE1,DEMRESELCAIR_PAR_MID_RUR,2024,0.0005519252217168536
RE1,DEMRESELCAIR_PAR_MID_RUR,2025,0.0005517486339014616
RE1,DEMRESELCAIR_PAR_MID_RUR,2026,0.0005513864953353259
RE1,DEMRESELCAIR_PAR_MID_RUR,2027,0.0005505856716405833
RE1,DEMRESELCAIR_PAR_MID_RUR,2028,0.0005490340062156678
RE1,DEMRESELCAIR_PAR_MID_RUR,2029,0.0005463023457050082
RE1,DEMRESELCAIR_PAR_MID_RUR,2030,0.0005418340407624425
RE1,DEMRESELCAIR_PAR_MID_RUR,2031,0.0005349442678336994
RE1,DEMRESELCAIR_PAR_MID_RUR,2032,0.0005248351071802437
RE1,DEMRESELCAIR_PAR_MID_RUR,2033,0.0005106337335912321
RE1,DEMRESELCAIR_PAR_MID_RUR,2034,0.0004914614517458277
RE1,DEMRESELCAIR_PAR_MID_RUR,2035,0.0004665394437334131
RE1,DEMRESELCAIR_PAR_MID_RUR,2036,0.0004353315312869072
RE1,DEMRESELCAIR_PAR_MID_RUR,2037,0.0003977137674122695
RE1,DEMRESELCAIR_PAR_MID_RUR,2038,0.0003541452914287751
RE1,DEMRESELCAIR_PAR_MID_RUR,2039,0.0003057973321210883
RE1,DEMRESELCAIR_PAR_MID_RUR,2040,0.0002545842014330593
RE1,DEMRESELCAIR_PAR_MID_RUR,2041,0.0002030419421336205
RE1,DEMRESELCAIR_PAR_MID_RUR,2042,0.0001540274767104305
RE1,DEMRESELCAIR_PAR_MID_RUR,2043,0.0001102667653239308
RE1,DEMRESELCAIR_PAR_MID_RUR,2044,7.385143068914529e-05
RE1,DEMRESELCAIR_PAR_MID_RUR,2045,4.583704326820276e-05
RE1,DEMRESELCAIR_PAR_MID_RUR,2046,2.609267847289732e-05
RE1,DEMRESELCAIR_PAR_MID_RUR,2047,1.347023678816654e-05
RE1,DEMRESELCAIR_PAR_MID_RUR,2048,6.230017437151938e-06
RE1,DEMRESELCAIR_PAR_MID_RUR,2049,2.547653066248417e-06
RE1,DEMRESELCAIR_PAR_MID_RUR,2050,9.081719979142891e-07
RE1,DEMRESELCAIR_PAR_MID_RUR,2051,2.779434979302472e-07
RE1,DEMRESELCAIR_PAR_MID_RUR,2052,7.184838685292662e-08
RE1,DEMRESELCAIR_PAR_MID_RUR,2053,1.541602955352248e-08
RE1,DEMRESELCAIR_PAR_MID_RUR,2054,2.694890400129102e-09
RE1,DEMRESELCAIR_PAR_MID_URB,2022,0.003347041337818775
RE1,DEMRESELCAIR_PAR_MID_URB,2023,0.00512123922503444
RE1,DEMRESELCAIR_PAR_MID_URB,2024,0.01345417685926362
RE1,DEMRESELCAIR_PAR_MID_URB,2025,0.01344987221144903
RE1,DEMRESELCAIR_PAR_MID_URB,2026,0.0134410444280381
RE1,DEMRESELCAIR_PAR_MID_URB,2027,0.01342152290012415
RE1,DEMRESELCAIR_PAR_MID_URB,2028,0.01338369824520391
RE1,DEMRESELCAIR_PAR_MID_URB,2029,0.0133171090730049
RE1,DEMRESELCAIR_PAR_MID_URB,2030,0.01320818604757875
RE1,DEMRESELCAIR_PAR_MID_URB,2031,0.01304023535452085
RE1,DEMRESELCAIR_PAR_MID_URB,2032,0.01279380625510913
RE1,DEMRESELCAIR_PAR_MID_URB,2033,0.01244762205407427
RE1,DEMRESELCAIR_PAR_MID_URB,2034,0.01198026296158465
RE1,DEMRESELCAIR_PAR_MID_URB,2035,0.01137274388056858
RE1,DEMRESELCAIR_PAR_MID_URB,2036,0.01061199449470503
RE1,DEMRESELCAIR_PAR_MID_URB,2037,0.009694993371536497
RE1,DEMRESELCAIR_PAR_MID_URB,2038,0.008632932863507694
RE1,DEMRESELCAIR_PAR_MID_URB,2039,0.007454363793432097
RE1,DEMRESELCAIR_PAR_MID_URB,2040,0.006205950981910312
RE1,DEMRESELCAIR_PAR_MID_URB,2041,0.00494951506440765
RE1,DEMRESELCAIR_PAR_MID_URB,2042,0.003754698700671752
RE1,DEMRESELCAIR_PAR_MID_URB,2043,0.002687952106541282
RE1,DEMRESELCAIR_PAR_MID_URB,2044,0.001800262373787924
RE1,DEMRESELCAIR_PAR_MID_URB,2045,0.001117360944147059
RE1,DEMRESELCAIR_PAR_MID_URB,2046,0.0006360562936664598
RE1,DEMRESELCAIR_PAR_MID_URB,2047,0.000328361417368105
RE1,DEMRESELCAIR_PAR_MID_URB,2048,0.0001518679580813563
RE1,DEMRESELCAIR_PAR_MID_URB,2049,6.210365748955729e-05
RE1,DEMRESELCAIR_PAR_MID_URB,2050,2.213833721996133e-05
RE1,DEMRESELCAIR_PAR_MID_URB,2051,6.77537613954946e-06
RE1,DEMRESELCAIR_PAR_MID_URB,2052,1.751434552610422e-06
RE1,DEMRESELCAIR_PAR_MID_URB,2053,3.757936400071436e-07
RE1,DEMRESELCAIR_PAR_MID_URB,2054,6.569283416127216e-08
RE1,DEMRESELCAIR_POR_HIG_RUR,2022,0.0
RE1,DEMRESELCAIR_POR_HIG_RUR,2023,0.0
RE1,DEMRESELCAIR_POR_HIG_RUR,2024,0.0
RE1,DEMRESELCAIR_POR_HIG_RUR,2025,0.0
RE1,DEMRESELCAIR_POR_HIG_RUR,2026,0.0
RE1,DEMRESELCAIR_POR_HIG_RUR,2027,0.0
RE1,DEMRESELCAIR_POR_HIG_RUR,2028,0.0
RE1,DEMRESELCAIR_POR_HIG_RUR,2029,0.0
RE1,DEMRESELCAIR_POR_HIG_RUR,2030,0.0
RE1,DEMRESELCAIR_POR_HIG_RUR,2031,0.0
RE1,DEMRESELCAIR_POR_HIG_RUR,2032,0.0
RE1,DEMRESELCAIR_POR_HIG_RUR,2033,0.0
RE1,DEMRESELCAIR_POR_HIG_RUR,2034,0.0
RE1,DEMRESELCAIR_POR_HIG_RUR,2035,0.0
RE1,DEMRESELCAIR_POR_HIG_RUR,2036,0.0
RE1,DEMRESELCAIR_POR_HIG_RUR,2037,0.0
RE1,DEMRESELCAIR_POR_HIG_RUR,2038,0.0
RE1,DEMRESELCAIR_POR_HIG_RUR,2039,0.0
RE1,DEMRESELCAIR_POR_HIG_RUR,2040,0.0
RE1,DEMRESELCAIR_POR_HIG_RUR,2041,0.0
RE1,DEMRESELCAIR_POR_HIG_RUR,2042,0.0
RE1,DEMRESELCAIR_POR_HIG_RUR,2043,0.0
RE1,DEMRESELCAIR_POR_HIG_RUR,2044,0.0
RE1,DEMRESELCAIR_POR_HIG_RUR,2045,0.0
RE1,DEMRESELCAIR_POR_HIG_RUR,2046,0.0
RE1,DEMRESELCAIR_POR_HIG_RUR,2047,0.0
RE1,DEMRESELCAIR_POR_HIG_RUR,2048,0.0
RE1,DEMRESELCAIR_POR_HIG_RUR,2049,0.0
RE1,DEMRESELCAIR_POR_HIG_RUR,2050,0.0
RE1,DEMRESELCAIR_POR_HIG_RUR,2051,0.0
RE1,DEMRESELCAIR_POR_HIG_RUR,2052,0.0
RE1,DEMRESELCAIR_POR_HIG_RUR,2053,0.0
RE1,DEMRESELCAIR_POR_HIG_RUR,2054,0.0
RE1,DEMRESELCAIR_POR_HIG_URB,2022,0.0
RE1,DEMRESELCAIR_POR_HIG_URB,2023,0.0
RE1,DEMRESELCAIR_POR_HIG_URB,2024,0.0
RE1,DEMRESELCAIR_POR_HIG_URB,2025,0.0
RE1,DEMRESELCAIR_POR_HIG_URB,2026,0.0
RE1,DEMRESELCAIR_POR_HIG_URB,2027,0.0
RE1,DEMRESELCAIR_POR_HIG_URB,2028,0.0
RE1,DEMRESELCAIR_POR_HIG_URB,2029,0.0
RE1,DEMRESELCAIR_POR_HIG_URB,2030,0.0
RE1,DEMRESELCAIR_POR_HIG_URB,2031,0.0
RE1,DEMRESELCAIR_POR_HIG_URB,2032,0.0
RE1,DEMRESELCAIR_POR_HIG_URB,2033,0.0
RE1,DEMRESELCAIR_POR_HIG_URB,2034,0.0
RE1,DEMRESELCAIR_POR_HIG_URB,2035,0.0
RE1,DEMRESELCAIR_POR_HIG_URB,2036,0.0
RE1,DEMRESELCAIR_POR_HIG_URB,2037,0.0
RE1,DEMRESELCAIR_POR_HIG_URB,2038,0.0
RE1,DEMRESELCAIR_POR_HIG_URB,2039,0.0
RE1,DEMRESELCAIR_POR_HIG_URB,2040,0.0
RE1,DEMRESELCAIR_POR_HIG_URB,2041,0.0
RE1,DEMRESELCAIR_POR_HIG_URB,2042,0.0
RE1,DEMRESELCAIR_POR_HIG_URB,2043,0.0
RE1,DEMRESELCAIR_POR_HIG_URB,2044,0.0
RE1,DEMRESELCAIR_POR_HIG_URB,2045,0.0
RE1,DEMRESELCAIR_POR_HIG_URB,2046,0.0
RE1,DEMRESELCAIR_POR_HIG_URB,2047,0.0
RE1,DEMRESELCAIR_POR_HIG_URB,2048,0.0
RE1,DEMRESELCAIR_POR_HIG_URB,2049,0.0
RE1,DEMRESELCAIR_POR_HIG_URB,2050,0.0
RE1,DEMRESELCAIR_POR_HIG_URB,2051,0.0
RE1,DEMRESELCAIR_POR_HIG_URB,2052,0.0
RE1,DEMRESELCAIR_POR_HIG_URB,2053,0.0
RE1,DEMRESELCAIR_POR_HIG_URB,2054,0.0
RE1,DEMRESELCAIR_POR_LOW_RUR,2022,0.0
RE1,DEMRESELCAIR_POR_LOW_RUR,2023,0.0
RE1,DEMRESELCAIR_POR_LOW_RUR,2024,0.0
RE1,DEMRESELCAIR_POR_LOW_RUR,2025,0.0
RE1,DEMRESELCAIR_POR_LOW_RUR,2026,0.0
RE1,DEMRESELCAIR_POR_LOW_RUR,2027,0.0
RE1,DEMRESELCAIR_POR_LOW_RUR,2028,0.0
RE1,DEMRESELCAIR_POR_LOW_RUR,2029,0.0
RE1,DEMRESELCAIR_POR_LOW_RUR,2030,0.0
RE1,DEMRESELCAIR_POR_LOW_RUR,2031,0.0
RE1,DEMRESELCAIR_POR_LOW_RUR,2032,0.0
RE1,DEMRESELCAIR_POR_LOW_RUR,2033,0.0
RE1,DEMRESELCAIR_POR_LOW_RUR,2034,0.0
RE1,DEMRESELCAIR_POR_LOW_RUR,2035,0.0
RE1,DEMRESELCAIR_POR_LOW_RUR,2036,0.0
RE1,DEMRESELCAIR_POR_LOW_RUR,2037,0.0
RE1,DEMRESELCAIR_POR_LOW_RUR,2038,0.0
RE1,DEMRESELCAIR_POR_LOW_RUR,2039,0.0
RE1,DEMRESELCAIR_POR_LOW_RUR,2040,0.0
RE1,DEMRESELCAIR_POR_LOW_RUR,2041,0.0
RE1,DEMRESELCAIR_POR_LOW_RUR,2042,0.0
RE1,DEMRESELCAIR_POR_LOW_RUR,2043,0.0
RE1,DEMRESELCAIR_POR_LOW_RUR,2044,0.0
RE1,DEMRESELCAIR_POR_LOW_RUR,2045,0.0
RE1,DEMRESELCAIR_POR_LOW_RUR,2046,0.0
RE1,DEMRESELCAIR_POR_LOW_RUR,2047,0.0
RE1,DEMRESELCAIR_POR_LOW_RUR,2048,0.0
RE1,DEMRESELCAIR_POR_LOW_RUR,2049,0.0
RE1,DEMRESELCAIR_POR_LOW_RUR,2050,0.0
RE1,DEMRESELCAIR_POR_LOW_RUR,2051,0.0
RE1,DEMRESELCAIR_POR_LOW_RUR,2052,0.0
RE1,DEMRESELCAIR_POR_LOW_RUR,2053,0.0
RE1,DEMRESELCAIR_POR_LOW_RUR,2054,0.0
RE1,DEMRESELCAIR_POR_LOW_URB,2022,0.0
RE1,DEMRESELCAIR_POR_LOW_URB,2023,0.0
RE1,DEMRESELCAIR_POR_LOW_URB,2024,0.0
RE1,DEMRESELCAIR_POR_LOW_URB,2025,0.0
RE1,DEMRESELCAIR_POR_LOW_URB,2026,0.0
RE1,DEMRESELCAIR_POR_LOW_URB,2027,0.0
RE1,DEMRESELCAIR_POR_LOW_URB,2028,0.0
RE1,DEMRESELCAIR_POR_LOW_URB,2029,0.0
RE1,DEMRESELCAIR_POR_LOW_URB,2030,0.0
RE1,DEMRESELCAIR_POR_LOW_URB,2031,0.0
RE1,DEMRESELCAIR_POR_LOW_URB,2032,0.0
RE1,DEMRESELCAIR_POR_LOW_URB,2033,0.0
RE1,DEMRESELCAIR_POR_LOW_URB,2034,0.0
RE1,DEMRESELCAIR_POR_LOW_URB,2035,0.0
RE1,DEMRESELCAIR_POR_LOW_URB,2036,0.0
RE1,DEMRESELCAIR_POR_LOW_URB,2037,0.0
RE1,DEMRESELCAIR_POR_LOW_URB,2038,0.0
RE1,DEMRESELCAIR_POR_LOW_URB,2039,0.0
RE1,DEMRESELCAIR_POR_LOW_URB,2040,0.0
RE1,DEMRESELCAIR_POR_LOW_URB,2041,0.0
RE1,DEMRESELCAIR_POR_LOW_URB,2042,0.0
RE1,DEMRESELCAIR_POR_LOW_URB,2043,0.0
RE1,DEMRESELCAIR_POR_LOW_URB,2044,0.0
RE1,DEMRESELCAIR_POR_LOW_URB,2045,0.0
RE1,DEMRESELCAIR_POR_LOW_URB,2046,0.0
RE1,DEMRESELCAIR_POR_LOW_URB,2047,0.0
RE1,DEMRESELCAIR_POR_LOW_URB,2048,0.0
RE1,DEMRESELCAIR_POR_LOW_URB,2049,0.0
RE1,DEMRESELCAIR_POR_LOW_URB,2050,0.0
RE1,DEMRESELCAIR_POR_LOW_URB,2051,0.0
RE1,DEMRESELCAIR_POR_LOW_URB,2052,0.0
RE1,DEMRESELCAIR_POR_LOW_URB,2053,0.0
RE1,DEMRESELCAIR_POR_LOW_URB,2054,0.0
RE1,DEMRESELCAIR_POR_MID_RUR,2022,0.0
RE1,DEMRESELCAIR_POR_MID_RUR,2023,0.0
RE1,DEMRESELCAIR_POR_MID_RUR,2024,0.0
RE1,DEMRESELCAIR_POR_MID_RUR,2025,0.0
RE1,DEMRESELCAIR_POR_MID_RUR,2026,0.0
RE1,DEMRESELCAIR_POR_MID_RUR,2027,0.0
RE1,DEMRESELCAIR_POR_MID_RUR,2028,0.0
RE1,DEMRESELCAIR_POR_MID_RUR,2029,0.0
RE1,DEMRESELCAIR_POR_MID_RUR,2030,0.0
RE1,DEMRESELCAIR_POR_MID_RUR,2031,0.0
RE1,DEMRESELCAIR_POR_MID_RUR,2032,0.0
RE1,DEMRESELCAIR_POR_MID_RUR,2033,0.0
RE1,DEMRESELCAIR_POR_MID_RUR,2034,0.0
RE1,DEMRESELCAIR_POR_MID_RUR,2035,0.0
RE1,DEMRESELCAIR_POR_MID_RUR,2036,0.0
RE1,DEMRESELCAIR_POR_MID_RUR,2037,0.0
RE1,DEMRESELCAIR_POR_MID_RUR,2038,0.0
RE1,DEMRESELCAIR_POR_MID_RUR,2039,0.0
RE1,DEMRESELCAIR_POR_MID_RUR,2040,0.0
RE1,DEMRESELCAIR_POR_MID_RUR,2041,0.0
RE1,DEMRESELCAIR_POR_MID_RUR,2042,0.0
RE1,DEMRESELCAIR_POR_MID_RUR,2043,0.0
RE1,DEMRESELCAIR_POR_MID_RUR,2044,0.0
RE1,DEMRESELCAIR_POR_MID_RUR,2045,0.0
RE1,DEMRESELCAIR_POR_MID_RUR,2046,0.0
RE1,DEMRESELCAIR_POR_MID_RUR,2047,0.0
RE1,DEMRESELCAIR_POR_MID_RUR,2048,0.0
RE1,DEMRESELCAIR_POR_MID_RUR,2049,0.0
RE1,DEMRESELCAIR_POR_MID_RUR,2050,0.0
RE1,DEMRESELCAIR_POR_MID_RUR,2051,0.0
RE1,DEMRESELCAIR_POR_MID_RUR,2052,0.0
RE1,DEMRESELCAIR_POR_MID_RUR,2053,0.0
RE1,DEMRESELCAIR_POR_MID_RUR,2054,0.0
RE1,DEMRESELCAIR_POR_MID_URB,2022,0.0
RE1,DEMRESELCAIR_POR_MID_URB,2023,0.0
RE1,DEMRESELCAIR_POR_MID_URB,2024,0.0
RE1,DEMRESELCAIR_POR_MID_URB,2025,0.0
RE1,DEMRESELCAIR_POR_MID_URB,2026,0.0
RE1,DEMRESELCAIR_POR_MID_URB,2027,0.0
RE1,DEMRESELCAIR_POR_MID_URB,2028,0.0
RE1,DEMRESELCAIR_POR_MID_URB,2029,0.0
RE1,DEMRESELCAIR_POR_MID_URB,2030,0.0
RE1,DEMRESELCAIR_POR_MID_URB,2031,0.0
RE1,DEMRESELCAIR_POR_MID_URB,2032,0.0
RE1,DEMRESELCAIR_POR_MID_URB,2033,0.0
RE1,DEMRESELCAIR_POR_MID_URB,2034,0.0
RE1,DEMRESELCAIR_POR_MID_URB,2035,0.0
RE1,DEMRESELCAIR_POR_MID_URB,2036,0.0
RE1,DEMRESELCAIR_POR_MID_URB,2037,0.0
RE1,DEMRESELCAIR_POR_MID_URB,2038,0.0
RE1,DEMRESELCAIR_POR_MID_URB,2039,0.0
RE1,DEMRESELCAIR_POR_MID_URB,2040,0.0
RE1,DEMRESELCAIR_POR_MID_URB,2041,0.0
RE1,DEMRESELCAIR_POR_MID_URB,2042,0.0
RE1,DEMRESELCAIR_POR_MID_URB,2043,0.0
RE1,DEMRESELCAIR_POR_MID_URB,2044,0.0
RE1,DEMRESELCAIR_POR_MID_URB,2045,0.0
RE1,DEMRESELCAIR_POR_MID_URB,2046,0.0
RE1,DEMRESELCAIR_POR_MID_URB,2047,0.0
RE1,DEMRESELCAIR_POR_MID_URB,2048,0.0
RE1,DEMRESELCAIR_POR_MID_URB,2049,0.0
RE1,DEMRESELCAIR_POR_MID_URB,2050,0.0
RE1,DEMRESELCAIR_POR_MID_URB,2051,0.0
RE1,DEMRESELCAIR_POR_MID_URB,2052,0.0
RE1,DEMRESELCAIR_POR_MID_URB,2053,0.0
RE1,DEMRESELCAIR_POR_MID_URB,2054,0.0
RE1,DEMRESELCAIR_SPL_HIG_RUR,2022,0.0
RE1,DEMRESELCAIR_SPL_HIG_RUR,2023,0.0
RE1,DEMRESELCAIR_SPL_HIG_RUR,2024,0.0
RE1,DEMRESELCAIR_SPL_HIG_RUR,2025,0.0
RE1,DEMRESELCAIR_SPL_HIG_RUR,2026,0.0
RE1,DEMRESELCAIR_SPL_HIG_RUR,2027,0.0
RE1,DEMRESELCAIR_SPL_HIG_RUR,2028,0.0
RE1,DEMRESELCAIR_SPL_HIG_RUR,2029,0.0
RE1,DEMRESELCAIR_SPL_HIG_RUR,2030,0.0
RE1,DEMRESELCAIR_SPL_HIG_RUR,2031,0.0
RE1,DEMRESELCAIR_SPL_HIG_RUR,2032,0.0
RE1,DEMRESELCAIR_SPL_HIG_RUR,2033,0.0
RE1,DEMRESELCAIR_SPL_HIG_RUR,2034,0.0
RE1,DEMRESELCAIR_SPL_HIG_RUR,2035,0.0
RE1,DEMRESELCAIR_SPL_HIG_RUR,2036,0.0
RE1,DEMRESELCAIR_SPL_HIG_RUR,2037,0.0
RE1,DEMRESELCAIR_SPL_HIG_RUR,2038,0.0
RE1,DEMRESELCAIR_SPL_HIG_RUR,2039,0.0
RE1,DEMRESELCAIR_SPL_HIG_RUR,2040,0.0
RE1,DEMRESELCAIR_SPL_HIG_RUR,2041,0.0
RE1,DEMRESELCAIR_SPL_HIG_RUR,2042,0.0
RE1,DEMRESELCAIR_SPL_HIG_RUR,2043,0.0
RE1,DEMRESELCAIR_SPL_HIG_RUR,2044,0.0
RE1,DEMRESELCAIR_SPL_HIG_RUR,2045,0.0
RE1,DEMRESELCAIR_SPL_HIG_RUR,2046,0.0
RE1,DEMRESELCAIR_SPL_HIG_RUR,2047,0.0
RE1,DEMRESELCAIR_SPL_HIG_RUR,2048,0.0
RE1,DEMRESELCAIR_SPL_HIG_RUR,2049,0.0
RE1,DEMRESELCAIR_SPL_HIG_RUR,2050,0.0
RE1,DEMRESELCAIR_SPL_HIG_RUR,2051,0.0
RE1,DEMRESELCAIR_SPL_HIG_RUR,2052,0.0
RE1,DEMRESELCAIR_SPL_HIG_RUR,2053,0.0
RE1,DEMRESELCAIR_SPL_HIG_RUR,2054,0.0
RE1,DEMRESELCAIR_SPL_HIG_URB,2022,0.0
RE1,DEMRESELCAIR_SPL_HIG_URB,2023,0.0
RE1,DEMRESELCAIR_SPL_HIG_URB,2024,0.0
RE1,DEMRESELCAIR_SPL_HIG_URB,2025,0.0
RE1,DEMRESELCAIR_SPL_HIG_URB,2026,0.0
RE1,DEMRESELCAIR_SPL_HIG_URB,2027,0.0
RE1,DEMRESELCAIR_SPL_HIG_URB,2028,0.0
RE1,DEMRESELCAIR_SPL_HIG_URB,2029,0.0
RE1,DEMRESELCAIR_SPL_HIG_URB,2030,0.0
RE1,DEMRESELCAIR_SPL_HIG_URB,2031,0.0
RE1,DEMRESELCAIR_SPL_HIG_URB,2032,0.0
RE1,DEMRESELCAIR_SPL_HIG_URB,2033,0.0
RE1,DEMRESELCAIR_SPL_HIG_URB,2034,0.0
RE1,DEMRESELCAIR_SPL_HIG_URB,2035,0.0
RE1,DEMRESELCAIR_SPL_HIG_URB,2036,0.0
RE1,DEMRESELCAIR_SPL_HIG_URB,2037,0.0
RE1,DEMRESELCAIR_SPL_HIG_URB,2038,0.0
RE1,DEMRESELCAIR_SPL_HIG_URB,2039,0.0
RE1,DEMRESELCAIR_SPL_HIG_URB,2040,0.0
RE1,DEMRESELCAIR_SPL_HIG_URB,2041,0.0
RE1,DEMRESELCAIR_SPL_HIG_URB,2042,0.0
RE1,DEMRESELCAIR_SPL_HIG_URB,2043,0.0
RE1,DEMRESELCAIR_SPL_HIG_URB,2044,0.0
RE1,DEMRESELCAIR_SPL_HIG_URB,2045,0.0
RE1,DEMRESELCAIR_SPL_HIG_URB,2046,0.0
RE1,DEMRESELCAIR_SPL_HIG_URB,2047,0.0
RE1,DEMRESELCAIR_SPL_HIG_URB,2048,0.0
RE1,DEMRESELCAIR_SPL_HIG_URB,2049,0.0
RE1,DEMRESELCAIR_SPL_HIG_URB,2050,0.0
RE1,DEMRESELCAIR_SPL_HIG_URB,2051,0.0
RE1,DEMRESELCAIR_SPL_HIG_URB,2052,0.0
RE1,DEMRESELCAIR_SPL_HIG_URB,2053,0.0
RE1,DEMRESELCAIR_SPL_HIG_URB,2054,0.0
RE1,DEMRESELCAIR_SPL_LOW_RUR,2022,0.03609566224109235
RE1,DEMRESELCAIR_SPL_LOW_RUR,2023,0.04170422660147569
RE1,DEMRESELCAIR_SPL_LOW_RUR,2024,0.04529250352896826
RE1,DEMRESELCAIR_SPL_LOW_RUR,2025,0.04510649761627442
RE1,DEMRESELCAIR_SPL_LOW_RUR,2026,0.04472724660492692
RE1,DEMRESELCAIR_SPL_LOW_RUR,2027,0.04389899969291313
RE1,DEMRESELCAIR_SPL_LOW_RUR,2028,0.04233431431233362
RE1,DEMRESELCAIR_SPL_LOW_RUR,2029,0.03970409341169485
RE1,DEMRESELCAIR_SPL_LOW_RUR,2030,0.03572450422857947
RE1,DEMRESELCAIR_SPL_LOW_RUR,2031,0.03030352255705804
RE1,DEMRESELCAIR_SPL_LOW_RUR,2032,0.023710397980374
RE1,DEMRESELCAIR_SPL_LOW_RUR,2033,0.01666218088749242
RE1,DEMRESELCAIR_SPL_LOW_RUR,2034,0.01018583714604268
RE1,DEMRESELCAIR_SPL_LOW_RUR,2035,0.005216086983977112
RE1,DEMRESELCAIR_SPL_LOW_RUR,2036,0.002141237046819033
RE1,DEMRESELCAIR_SPL_LOW_RUR,2037,0.0006697503581778342
RE1,DEMRESELCAIR_SPL_LOW_RUR,2038,0.0001506275110623722
RE1,DEMRESELCAIR_SPL_LOW_RUR,2039,2.280880881236069e-05
RE1,DEMRESELCAIR_SPL_LOW_RUR,2040,2.159788436515412e-06
RE1,DEMRESELCAIR_SPL_LOW_RUR,2041,1.177507128988196e-07
RE1,DEMRESELCAIR_SPL_LOW_RUR,2042,3.372202710864196e-09
RE1,DEMRESELCAIR_SPL_LOW_RUR,2043,4.583812729362853e-11
RE1,DEMRESELCAIR_SPL_LOW_RUR,2044,2.645270923666285e-13
RE1,DEMRESELCAIR_SPL_LOW_RUR,2045,5.735917628237862e-16
RE1,DEMRESELCAIR_SPL_LOW_RUR,2046,4.090414785479633e-19
RE1,DEMRESELCAIR_SPL_LOW_RUR,2047,8.300020649719923e-23
RE1,DEMRESELCAIR_SPL_LOW_RUR,2048,4.096548144564899e-27
RE1,DEMRESELCAIR_SPL_LOW_RUR,2049,4.151626466548641e-32
RE1,DEMRESELCAIR_SPL_LOW_RUR,2050,7.198784517062269e-38
RE1,DEMRESELCAIR_SPL_LOW_RUR,2051,1.755722312887034e-44
RE1,DEMRESELCAIR_SPL_LOW_RUR,2052,4.882581924136612e-52
RE1,DEMRESELCAIR_SPL_LOW_RUR,2053,1.23708178760064e-60
RE1,DEMRESELCAIR_SPL_LOW_RUR,2054,2.247853086429726e-70
RE1,DEMRESELCAIR_SPL_LOW_URB,2022,0.9020432629573163
RE1,DEMRESELCAIR_SPL_LOW_URB,2023,1.007176368356185
RE1,DEMRESELCAIR_SPL_LOW_URB,2024,1.104086801798992
RE1,DEMRESELCAIR_SPL_LOW_URB,2025,1.099552570805766
RE1,DEMRESELCAIR_SPL_LOW_URB,2026,1.090307640550809
RE1,DEMRESELCAIR_SPL_LOW_URB,2027,1.070117622050279
RE1,DEMRESELCAIR_SPL_LOW_URB,2028,1.031975582130565
RE1,DEMRESELCAIR_SPL_LOW_URB,2029,0.9678591841409118
RE1,DEMRESELCAIR_SPL_LOW_URB,2030,0.870849490453975
RE1,DEMRESELCAIR_SPL_LOW_URB,2031,0.7387032443871616
RE1,DEMRESELCAIR_SPL_LOW_URB,2032,0.5779838921641683
RE1,DEMRESELCAIR_SPL_LOW_URB,2033,0.4061708356505781
RE1,DEMRESELCAIR_SPL_LOW_URB,2034,0.2482982277856835
RE1,DEMRESELCAIR_SPL_LOW_URB,2035,0.1271515669775525
RE1,DEMRESELCAIR_SPL_LOW_URB,2036,0.05219653096464191
RE1,DEMRESELCAIR_SPL_LOW_URB,2037,0.01632637795107412
RE1,DEMRESELCAIR_SPL_LOW_URB,2038,0.003671818380395569
RE1,DEMRESELCAIR_SPL_LOW_URB,2039,0.0005560060233450653
RE1,DEMRESELCAIR_SPL_LOW_URB,2040,5.264875468651457e-05
RE1,DEMRESELCAIR_SPL_LOW_URB,2041,2.870386882695916e-06
RE1,DEMRESELCAIR_SPL_LOW_URB,2042,8.220354840121936e-08
RE1,DEMRESELCAIR_SPL_LOW_URB,2043,1.117387369230068e-09
RE1,DEMRESELCAIR_SPL_LOW_URB,2044,6.448326955772286e-12
RE1,DEMRESELCAIR_SPL_LOW_URB,2045,1.398233803855236e-14
RE1,DEMRESELCAIR_SPL_LOW_URB,2046,9.971126845843386e-18
RE1,DEMRESELCAIR_SPL_LOW_URB,2047,2.023280353260616e-21
RE1,DEMRESELCAIR_SPL_LOW_URB,2048,9.986078019413213e-26
RE1,DEMRESELCAIR_SPL_LOW_URB,2049,1.012034140436519e-30
RE1,DEMRESELCAIR_SPL_LOW_URB,2050,1.754834101674228e-36
RE1,DEMRESELCAIR_SPL_LOW_URB,2051,4.279891112759454e-43
RE1,DEMRESELCAIR_SPL_LOW_URB,2052,1.190217771400891e-50
RE1,DEMRESELCAIR_SPL_LOW_URB,2053,3.015610902502222e-59
RE1,DEMRESELCAIR_SPL_LOW_URB,2054,5.479549002017207e-69
RE1,DEMRESELCAIR_SPL_MID_RUR,2022,0.0002487333593117669
RE1,DEMRESELCAIR_SPL_MID_RUR,2023,0.0003938174175147791
RE1,DEMRESELCAIR_SPL_MID_RUR,2024,0.001025003983188443
RE1,DEMRESELCAIR_SPL_MID_RUR,2025,0.001020794527173589
RE1,DEMRESELCAIR_SPL_MID_RUR,2026,0.001012211786830901
RE1,DEMRESELCAIR_SPL_MID_RUR,2027,0.0009934679259768705
RE1,DEMRESELCAIR_SPL_MID_RUR,2028,0.0009580578995360718
RE1,DEMRESELCAIR_SPL_MID_RUR,2029,0.0008985339896224604
RE1,DEMRESELCAIR_SPL_MID_RUR,2030,0.000808472843818542
RE1,DEMRESELCAIR_SPL_MID_RUR,2031,0.0006857918839871396
RE1,DEMRESELCAIR_SPL_MID_RUR,2032,0.0005365844340514903
RE1,DEMRESELCAIR_SPL_MID_RUR,2033,0.0003770778925338667
RE1,DEMRESELCAIR_SPL_MID_RUR,2034,0.0002305132821842135
RE1,DEMRESELCAIR_SPL_MID_RUR,2035,0.0001180440364002931
RE1,DEMRESELCAIR_SPL_MID_RUR,2036,4.845783144966645e-05
RE1,DEMRESELCAIR_SPL_MID_RUR,2037,1.515696266237735e-05
RE1,DEMRESELCAIR_SPL_MID_RUR,2038,3.408815737419886e-06
RE1,DEMRESELCAIR_SPL_MID_RUR,2039,5.161807818704591e-07
RE1,DEMRESELCAIR_SPL_MID_RUR,2040,4.887766358193768e-08
RE1,DEMRESELCAIR_SPL_MID_RUR,2041,2.664788659063072e-09
RE1,DEMRESELCAIR_SPL_MID_RUR,2042,7.63155255602936e-11
RE1,DEMRESELCAIR_SPL_MID_RUR,2043,1.037351866138683e-12
RE1,DEMRESELCAIR_SPL_MID_RUR,2044,5.986450344120065e-15
RE1,DEMRESELCAIR_SPL_MID_RUR,2045,1.298082013157938e-17
RE1,DEMRESELCAIR_SPL_MID_RUR,2046,9.256921391699961e-21
RE1,DEMRESELCAIR_SPL_MID_RUR,2047,1.878358130737456e-24
RE1,DEMRESELCAIR_SPL_MID_RUR,2048,9.270801652235134e-29
RE1,DEMRESELCAIR_SPL_MID_RUR,2049,9.395448105890677e-34
RE1,DEMRESELCAIR_SPL_MID_RUR,2050,1.629139974429715e-39
RE1,DEMRESELCAIR_SPL_MID_RUR,2051,3.973333827596944e-46
RE1,DEMRESELCAIR_SPL_MID_RUR,2052,1.104965619152191e-53
RE1,DEMRESELCAIR_SPL_MID_RUR,2053,2.799610666276235e-62
RE1,DEMRESELCAIR_SPL_MID_RUR,2054,5.087063393921843e-72
RE1,DEMRESELCAIR_SPL_MID_URB,2022,0.006215933913092012
RE1,DEMRESELCAIR_SPL_MID_URB,2023,0.00951087284649253
RE1,DEMRESELCAIR_SPL_MID_URB,2024,0.02498632845291814
RE1,DEMRESELCAIR_SPL_MID_URB,2025,0.0248837153389007
RE1,DEMRESELCAIR_SPL_MID_URB,2026,0.02467449549903097
RE1,DEMRESELCAIR_SPL_MID_URB,2027,0.02421757994411015
RE1,DEMRESELCAIR_SPL_MID_URB,2028,0.0233543964192773
RE1,DEMRESELCAIR_SPL_MID_URB,2029,0.02190339331265818
RE1,DEMRESELCAIR_SPL_MID_URB,2030,0.01970798977588076
RE1,DEMRESELCAIR_SPL_MID_URB,2031,0.0167174191951388
RE1,DEMRESELCAIR_SPL_MID_URB,2032,0.01308021737654931
RE1,DEMRESELCAIR_SPL_MID_URB,2033,0.009191956548185633
RE1,DEMRESELCAIR_SPL_MID_URB,2034,0.005619178730894813
RE1,DEMRESELCAIR_SPL_MID_URB,2035,0.002877537174276225
RE1,DEMRESELCAIR_SPL_MID_URB,2036,0.001181247402523425
RE1,DEMRESELCAIR_SPL_MID_URB,2037,0.0003694784153449982
RE1,DEMRESELCAIR_SPL_MID_URB,2038,8.309605723258032e-05
RE1,DEMRESELCAIR_SPL_MID_URB,2039,1.258284140202042e-05
RE1,DEMRESELCAIR_SPL_MID_URB,2040,1.191481571096494e-06
RE1,DEMRESELCAIR_SPL_MID_URB,2041,6.495904970617089e-08
RE1,DEMRESELCAIR_SPL_MID_URB,2042,1.860329148941463e-09
RE1,DEMRESELCAIR_SPL_MID_URB,2043,2.528733046281586e-11
RE1,DEMRESELCAIR_SPL_MID_URB,2044,1.459305690695733e-13
RE1,DEMRESELCAIR_SPL_MID_URB,2045,3.164309999917974e-16
RE1,DEMRESELCAIR_SPL_MID_URB,2046,2.256542239342073e-19
RE1,DEMRESELCAIR_SPL_MID_URB,2047,4.578838129079441e-23
RE1,DEMRESELCAIR_SPL_MID_URB,2048,2.259925804229939e-27
RE1,DEMRESELCAIR_SPL_MID_URB,2049,2.29031063475363e-32
RE1,DEMRESELCAIR_SPL_MID_URB,2050,3.971323737714282e-38
RE1,DEMRESELCAIR_SPL_MID_URB,2051,9.685720806723501e-45
RE1,DEMRESELCAIR_SPL_MID_URB,2052,2.693553814633604e-52
RE1,DEMRESELCAIR_SPL_MID_URB,2053,6.824558030523341e-61
RE1,DEMRESELCAIR_SPL_MID_URB,2054,1.240063832981023e-70
RE1,DEMRESELCCKN_HIG_RUR,2022,0.0
RE1,DEMRESELCCKN_HIG_RUR,2023,0.0
RE1,DEMRESELCCKN_HIG_RUR,2024,0.0
RE1,DEMRESELCCKN_HIG_RUR,2025,0.0
RE1,DEMRESELCCKN_HIG_RUR,2026,0.0
RE1,DEMRESELCCKN_HIG_RUR,2027,0.0
RE1,DEMRESELCCKN_HIG_RUR,2028,0.0
RE1,DEMRESELCCKN_HIG_RUR,2029,0.0
RE1,DEMRESELCCKN_HIG_RUR,2030,0.0
RE1,DEMRESELCCKN_HIG_RUR,2031,0.0
RE1,DEMRESELCCKN_HIG_RUR,2032,0.0
RE1,DEMRESELCCKN_HIG_RUR,2033,0.0
RE1,DEMRESELCCKN_HIG_RUR,2034,0.0
RE1,DEMRESELCCKN_HIG_RUR,2035,0.0
RE1,DEMRESELCCKN_HIG_RUR,2036,0.0
RE1,DEMRESELCCKN_HIG_RUR,2037,0.0
RE1,DEMRESELCCKN_HIG_RUR,2038,0.0
RE1,DEMRESELCCKN_HIG_RUR,2039,0.0
RE1,DEMRESELCCKN_HIG_RUR,2040,0.0
RE1,DEMRESELCCKN_HIG_RUR,2041,0.0
RE1,DEMRESELCCKN_HIG_RUR,2042,0.0
RE1,DEMRESELCCKN_HIG_RUR,2043,0.0
RE1,DEMRESELCCKN_HIG_RUR,2044,0.0
RE1,DEMRESELCCKN_HIG_RUR,2045,0.0
RE1,DEMRESELCCKN_HIG_RUR,2046,0.0
RE1,DEMRESELCCKN_HIG_RUR,2047,0.0
RE1,DEMRESELCCKN_HIG_RUR,2048,0.0
RE1,DEMRESELCCKN_HIG_RUR,2049,0.0
RE1,DEMRESELCCKN_HIG_RUR,2050,0.0
RE1,DEMRESELCCKN_HIG_RUR,2051,0.0
RE1,DEMRESELCCKN_HIG_RUR,2052,0.0
RE1,DEMRESELCCKN_HIG_RUR,2053,0.0
RE1,DEMRESELCCKN_HIG_RUR,2054,0.0
RE1,DEMRESELCCKN_HIG_URB,2022,0.0
RE1,DEMRESELCCKN_HIG_URB,2023,0.0
RE1,DEMRESELCCKN_HIG_URB,2024,0.0
RE1,DEMRESELCCKN_HIG_URB,2025,0.0
RE1,DEMRESELCCKN_HIG_URB,2026,0.0
RE1,DEMRESELCCKN_HIG_URB,2027,0.0
RE1,DEMRESELCCKN_HIG_URB,2028,0.0
RE1,DEMRESELCCKN_HIG_URB,2029,0.0
RE1,DEMRESELCCKN_HIG_URB,2030,0.0
RE1,DEMRESELCCKN_HIG_URB,2031,0.0
RE1,DEMRESELCCKN_HIG_URB,2032,0.0
RE1,DEMRESELCCKN_HIG_URB,2033,0.0
RE1,DEMRESELCCKN_HIG_URB,2034,0.0
RE1,DEMRESELCCKN_HIG_URB,2035,0.0
RE1,DEMRESELCCKN_HIG_URB,2036,0.0
RE1,DEMRESELCCKN_HIG_URB,2037,0.0
RE1,DEMRESELCCKN_HIG_URB,2038,0.0
RE1,DEMRESELCCKN_HIG_URB,2039,0.0
RE1,DEMRESELCCKN_HIG_URB,2040,0.0
RE1,DEMRESELCCKN_HIG_URB,2041,0.0
RE1,DEMRESELCCKN_HIG_URB,2042,0.0
RE1,DEMRESELCCKN_HIG_URB,2043,0.0
RE1,DEMRESELCCKN_HIG_URB,2044,0.0
RE1,DEMRESELCCKN_HIG_URB,2045,0.0
RE1,DEMRESELCCKN_HIG_URB,2046,0.0
RE1,DEMRESELCCKN_HIG_URB,2047,0.0
RE1,DEMRESELCCKN_HIG_URB,2048,0.0
RE1,DEMRESELCCKN_HIG_URB,2049,0.0
RE1,DEMRESELCCKN_HIG_URB,2050,0.0
RE1,DEMRESELCCKN_HIG_URB,2051,0.0
RE1,DEMRESELCCKN_HIG_URB,2052,0.0
RE1,DEMRESELCCKN_HIG_URB,2053,0.0
RE1,DEMRESELCCKN_HIG_URB,2054,0.0
RE1,DEMRESELCCKN_LOW_RUR,2022,0.712009577386773
RE1,DEMRESELCCKN_LOW_RUR,2023,0.8220715935751104
RE1,DEMRESELCCKN_LOW_RUR,2024,0.8826576685226799
RE1,DEMRESELCCKN_LOW_RUR,2025,0.8421453940390937
RE1,DEMRESELCCKN_LOW_RUR,2026,0.8215097343400206
RE1,DEMRESELCCKN_LOW_RUR,2027,0.7974525986750284
RE1,DEMRESELCCKN_LOW_RUR,2028,0.7703753044545438
RE1,DEMRESELCCKN_LOW_RUR,2029,0.7406914322423341
RE1,DEMRESELCCKN_LOW_RUR,2030,0.7088220703509288
RE1,DEMRESELCCKN_LOW_RUR,2031,0.6751899565753819
RE1,DEMRESELCCKN_LOW_RUR,2032,0.6402132653523557
RE1,DEMRESELCCKN_LOW_RUR,2033,0.6042994864683824
RE1,DEMRESELCCKN_LOW_RUR,2034,0.5678396886244372
RE1,DEMRESELCCKN_LOW_RUR,2035,0.5312033694370725
RE1,DEMRESELCCKN_LOW_RUR,2036,0.494734029499979
RE1,DEMRESELCCKN_LOW_RUR,2037,0.4587455583377002
RE1,DEMRESELCCKN_LOW_RUR,2038,0.4235194787017296
RE1,DEMRESELCCKN_LOW_RUR,2039,0.3893030602891532
RE1,DEMRESELCCKN_LOW_RUR,2040,0.3563082836838964
RE1,DEMRESELCCKN_LOW_RUR,2041,0.3247116098418117
RE1,DEMRESELCCKN_LOW_RUR,2042,0.2946544897045012
RE1,DEMRESELCCKN_LOW_RUR,2043,0.2662445325063501
RE1,DEMRESELCCKN_LOW_RUR,2044,0.2395572399453198
RE1,DEMRESELCCKN_LOW_RUR,2045,0.214638206428093
RE1,DEMRESELCCKN_LOW_RUR,2046,0.1915056827694337
RE1,DEMRESELCCKN_LOW_RUR,2047,0.1701534016161963
RE1,DEMRESELCCKN_LOW_RUR,2048,0.1505535669866565
RE1,DEMRESELCCKN_LOW_RUR,2049,0.1326599171153661
RE1,DEMRESELCCKN_LOW_RUR,2050,0.1164107786903948
RE1,DEMRESELCCKN_LOW_RUR,2051,0.1017320409762374
RE1,DEMRESELCCKN_LOW_RUR,2052,0.08853998966342361
RE1,DEMRESELCCKN_LOW_RUR,2053,0.07674395204636478
RE1,DEMRESELCCKN_LOW_RUR,2054,0.06624871683189758
RE1,DEMRESELCCKN_LOW_URB,2022,3.350865412097228
RE1,DEMRESELCCKN_LOW_URB,2023,3.529988961337092
RE1,DEMRESELCCKN_LOW_URB,2024,3.672724889405278
RE1,DEMRESELCCKN_LOW_URB,2025,3.504153942674233
RE1,DEMRESELCCKN_LOW_URB,2026,3.41828928224146
RE1,DEMRESELCCKN_LOW_URB,2027,3.318187913301338
RE1,DEMRESELCCKN_LOW_URB,2028,3.205519711383634
RE1,DEMRESELCCKN_LOW_URB,2029,3.082005578809249
RE1,DEMRESELCCKN_LOW_URB,2030,2.949397657525414
RE1,DEMRESELCCKN_LOW_URB,2031,2.809454952950603
RE1,DEMRESELCCKN_LOW_URB,2032,2.663917482439689
RE1,DEMRESELCCKN_LOW_URB,2033,2.514480804683824
RE1,DEMRESELCCKN_LOW_URB,2034,2.362772150491464
RE1,DEMRESELCCKN_LOW_URB,2035,2.21032899372284
RE1,DEMRESELCCKN_LOW_URB,2036,2.058580635028664
RE1,DEMRESELCCKN_LOW_URB,2037,1.908833163859495
RE1,DEMRESELCCKN_LOW_URB,2038,1.762257992024485
RE1,DEMRESELCCKN_LOW_URB,2039,1.619884004903853
RE1,DEMRESELCCKN_LOW_URB,2040,1.482593250424468
RE1,DEMRESELCCKN_LOW_URB,2041,1.351119979890861
RE1,DEMRESELCCKN_LOW_URB,2042,1.226052768480452
RE1,DEMRESELCCKN_LOW_URB,2043,1.107839376551022
RE1,DEMRESELCCKN_LOW_URB,2044,0.9967939654985292
RE1,DEMRESELCCKN_LOW_URB,2045,0.8931062529430792
RE1,DEMRESELCCKN_LOW_URB,2046,0.7968521802422638
RE1,DEMRESELCCKN_LOW_URB,2047,0.7080056690367029
RE1,DEMRESELCCKN_LOW_URB,2048,0.6264510606769064
RE1,DEMRESELCCKN_LOW_URB,2049,0.5519958606732788
RE1,DEMRESELCCKN_LOW_URB,2050,0.4843834473299845
RE1,DEMRESELCCKN_LOW_URB,2051,0.4233054470243062
RE1,DEMRESELCCKN_LOW_URB,2052,0.3684135258109825
RE1,DEMRESELCCKN_LOW_URB,2053,0.3193303959662666
RE1,DEMRESELCCKN_LOW_URB,2054,0.2756598847737997
RE1,DEMRESELCCKN_MID_RUR,2022,0.004906421521308095
RE1,DEMRESELCCKN_MID_RUR,2023,0.007762908903400054
RE1,DEMRESELCCKN_MID_RUR,2024,0.01997521787350359
RE1,DEMRESELCCKN_MID_RUR,2025,0.01905839412833038
RE1,DEMRESELCCKN_MID_RUR,2026,0.0185913933723721
RE1,DEMRESELCCKN_MID_RUR,2027,0.01804696199941983
RE1,DEMRESELCCKN_MID_RUR,2028,0.01743418212929826
RE1,DEMRESELCCKN_MID_RUR,2029,0.01676241340636794
RE1,DEMRESELCCKN_MID_RUR,2030,0.01604118538108399
RE1,DEMRESELCCKN_MID_RUR,2031,0.01528006493295212
RE1,DEMRESELCCKN_MID_RUR,2032,0.01448851566918876
RE1,DEMRESELCCKN_MID_RUR,2033,0.01367575939520895
RE1,DEMRESELCCKN_MID_RUR,2034,0.01285064629470686
RE1,DEMRESELCCKN_MID_RUR,2035,0.012021538381244
RE1,DEMRESELCCKN_MID_RUR,2036,0.01119620933587856
RE1,DEMRESELCCKN_MID_RUR,2037,0.01038176271853481
RE1,DEMRESELCCKN_MID_RUR,2038,0.009584569604316914
RE1,DEMRESELCCKN_MID_RUR,2039,0.008810225895519675
RE1,DEMRESELCCKN_MID_RUR,2040,0.008063528874826824
RE1,DEMRESELCCKN_MID_RUR,2041,0.007348471988582306
RE1,DEMRESELCCKN_MID_RUR,2042,0.006668256379740721
RE1,DEMRESELCCKN_MID_RUR,2043,0.006025317327548711
RE1,DEMRESELCCKN_MID_RUR,2044,0.005421363493155877
RE1,DEMRESELCCKN_MID_RUR,2045,0.004857426712844595
RE1,DEMRESELCCKN_MID_RUR,2046,0.004333920016506612
RE1,DEMRESELCCKN_MID_RUR,2047,0.003850701569148542
RE1,DEMRESELCCKN_MID_RUR,2048,0.003407142326452586
RE1,DEMRESELCCKN_MID_RUR,2049,0.003002195349297275
RE1,DEMRESELCCKN_MID_RUR,2050,0.002634464923481367
RE1,DEMRESELCCKN_MID_RUR,2051,0.002302273866399113
RE1,DEMRESELCCKN_MID_RUR,2052,0.002003727659223523
RE1,DEMRESELCCKN_MID_RUR,2053,0.001736774309303424
RE1,DEMRESELCCKN_MID_RUR,2054,0.001499259112280851
RE1,DEMRESELCCKN_MID_URB,2022,0.02309064188892211
RE1,DEMRESELCCKN_MID_URB,2023,0.033334058676927
RE1,DEMRESELCCKN_MID_URB,2024,0.08311657222454043
RE1,DEMRESELCCKN_MID_URB,2025,0.07930168281930679
RE1,DEMRESELCCKN_MID_URB,2026,0.07735849990599256
RE1,DEMRESELCCKN_MID_URB,2027,0.07509312939449904
RE1,DEMRESELCCKN_MID_URB,2028,0.07254336184476615
RE1,DEMRESELCCKN_MID_URB,2029,0.06974814259202958
RE1,DEMRESELCCKN_MID_URB,2030,0.06674712394815321
RE1,DEMRESELCCKN_MID_URB,2031,0.0635801135506025
RE1,DEMRESELCCKN_MID_URB,2032,0.06028648932244635
RE1,DEMRESELCCKN_MID_URB,2033,0.05690462305320287
RE1,DEMRESELCCKN_MID_URB,2034,0.05347134022016471
RE1,DEMRESELCCKN_MID_URB,2035,0.05002143503226266
RE1,DEMRESELCCKN_MID_URB,2036,0.04658725365599237
RE1,DEMRESELCCKN_MID_URB,2037,0.04319835389418911
RE1,DEMRESELCCKN_MID_URB,2038,0.03988124569169538
RE1,DEMRESELCCKN_MID_URB,2039,0.03665921351129868
RE1,DEMRESELCCKN_MID_URB,2040,0.03355221877195264
RE1,DEMRESELCCKN_MID_URB,2041,0.03057687814204976
RE1,DEMRESELCCKN_MID_URB,2042,0.02774651152784947
RE1,DEMRESELCCKN_MID_URB,2043,0.025071252088583
RE1,DEMRESELCCKN_MID_URB,2044,0.02255820953683258
RE1,DEMRESELCCKN_MID_URB,2045,0.02021167732738959
RE1,DEMRESELCCKN_MID_URB,2046,0.01803337407123719
RE1,DEMRESELCCKN_MID_URB,2047,0.01602270959516443
RE1,DEMRESELCCKN_MID_URB,2048,0.01417706645550668
RE1,DEMRESELCCKN_MID_URB,2049,0.01249208835479296
RE1,DEMRESELCCKN_MID_URB,2050,0.01096196774784671
RE1,DEMRESELCCKN_MID_URB,2051,0.009579725903819163
RE1,DEMRESELCCKN_MID_URB,2052,0.008337479759210769
RE1,DEMRESELCCKN_MID_URB,2053,0.007226691004378267
RE1,DEMRESELCCKN_MID_URB,2054,0.006238393947857098
RE1,DEMRESELCFAN_HIG_RUR,2022,0.0
RE1,DEMRESELCFAN_HIG_RUR,2023,0.0
RE1,DEMRESELCFAN_HIG_RUR,2024,0.0
RE1,DEMRESELCFAN_HIG_RUR,2025,0.0
RE1,DEMRESELCFAN_HIG_RUR,2026,0.0
RE1,DEMRESELCFAN_HIG_RUR,2027,0.0
RE1,DEMRESELCFAN_HIG_RUR,2028,0.0
RE1,DEMRESELCFAN_HIG_RUR,2029,0.0
RE1,DEMRESELCFAN_HIG_RUR,2030,0.0
RE1,DEMRESELCFAN_HIG_RUR,2031,0.0
RE1,DEMRESELCFAN_HIG_RUR,2032,0.0
RE1,DEMRESELCFAN_HIG_RUR,2033,0.0
RE1,DEMRESELCFAN_HIG_RUR,2034,0.0
RE1,DEMRESELCFAN_HIG_RUR,2035,0.0
RE1,DEMRESELCFAN_HIG_RUR,2036,0.0
RE1,DEMRESELCFAN_HIG_RUR,2037,0.0
RE1,DEMRESELCFAN_HIG_RUR,2038,0.0
RE1,DEMRESELCFAN_HIG_RUR,2039,0.0
RE1,DEMRESELCFAN_HIG_RUR,2040,0.0
RE1,DEMRESELCFAN_HIG_RUR,2041,0.0
RE1,DEMRESELCFAN_HIG_RUR,2042,0.0
RE1,DEMRESELCFAN_HIG_RUR,2043,0.0
RE1,DEMRESELCFAN_HIG_RUR,2044,0.0
RE1,DEMRESELCFAN_HIG_RUR,2045,0.0
RE1,DEMRESELCFAN_HIG_RUR,2046,0.0
RE1,DEMRESELCFAN_HIG_RUR,2047,0.0
RE1,DEMRESELCFAN_HIG_RUR,2048,0.0
RE1,DEMRESELCFAN_HIG_RUR,2049,0.0
RE1,DEMRESELCFAN_HIG_RUR,2050,0.0
RE1,DEMRESELCFAN_HIG_RUR,2051,0.0
RE1,DEMRESELCFAN_HIG_RUR,2052,0.0
RE1,DEMRESELCFAN_HIG_RUR,2053,0.0
RE1,DEMRESELCFAN_HIG_RUR,2054,0.0
RE1,DEMRESELCFAN_HIG_URB,2022,0.0
RE1,DEMRESELCFAN_HIG_URB,2023,0.0
RE1,DEMRESELCFAN_HIG_URB,2024,0.0
RE1,DEMRESELCFAN_HIG_URB,2025,0.0
RE1,DEMRESELCFAN_HIG_URB,2026,0.0
RE1,DEMRESELCFAN_HIG_URB,2027,0.0
RE1,DEMRESELCFAN_HIG_URB,2028,0.0
RE1,DEMRESELCFAN_HIG_URB,2029,0.0
RE1,DEMRESELCFAN_HIG_URB,2030,0.0
RE1,DEMRESELCFAN_HIG_URB,2031,0.0
RE1,DEMRESELCFAN_HIG_URB,2032,0.0
RE1,DEMRESELCFAN_HIG_URB,2033,0.0
RE1,DEMRESELCFAN_HIG_URB,2034,0.0
RE1,DEMRESELCFAN_HIG_URB,2035,0.0
RE1,DEMRESELCFAN_HIG_URB,2036,0.0
RE1,DEMRESELCFAN_HIG_URB,2037,0.0
RE1,DEMRESELCFAN_HIG_URB,2038,0.0
RE1,DEMRESELCFAN_HIG_URB,2039,0.0
RE1,DEMRESELCFAN_HIG_URB,2040,0.0
RE1,DEMRESELCFAN_HIG_URB,2041,0.0
RE1,DEMRESELCFAN_HIG_URB,2042,0.0
RE1,DEMRESELCFAN_HIG_URB,2043,0.0
RE1,DEMRESELCFAN_HIG_URB,2044,0.0
RE1,DEMRESELCFAN_HIG_URB,2045,0.0
RE1,DEMRESELCFAN_HIG_URB,2046,0.0
RE1,DEMRESELCFAN_HIG_URB,2047,0.0
RE1,DEMRESELCFAN_HIG_URB,2048,0.0
RE1,DEMRESELCFAN_HIG_URB,2049,0.0
RE1,DEMRESELCFAN_HIG_URB,2050,0.0
RE1,DEMRESELCFAN_HIG_URB,2051,0.0
RE1,DEMRESELCFAN_HIG_URB,2052,0.0
RE1,DEMRESELCFAN_HIG_URB,2053,0.0
RE1,DEMRESELCFAN_HIG_URB,2054,0.0
RE1,DEMRESELCFAN_LOW_RUR,2022,0.08642912652824564
RE1,DEMRESELCFAN_LOW_RUR,2023,0.09287996604417109
RE1,DEMRESELCFAN_LOW_RUR,2024,0.09440157222617335
RE1,DEMRESELCFAN_LOW_RUR,2025,0.09149714118842621
RE1,DEMRESELCFAN_LOW_RUR,2026,0.08581469792502207
RE1,DEMRESELCFAN_LOW_RUR,2027,0.0744593277786361
RE1,DEMRESELCFAN_LOW_RUR,2028,0.05652306542202983
RE1,DEMRESELCFAN_LOW_RUR,2029,0.0347283976362702
RE1,DEMRESELCFAN_LOW_RUR,2030,0.01557279150594038
RE1,DEMRESELCFAN_LOW_RUR,2031,0.004462905072124409
RE1,DEMRESELCFAN_LOW_RUR,2032,0.0006925819236221004
RE1,DEMRESELCFAN_LOW_RUR,2033,4.753959805105293e-05
RE1,DEMRESELCFAN_LOW_RUR,2034,1.132412001139079e-06
RE1,DEMRESELCFAN_LOW_RUR,2035,7.028563514210221e-09
RE1,DEMRESELCFAN_LOW_RUR,2036,8.137944878632461e-12
RE1,DEMRESELCFAN_LOW_RUR,2037,1.19551713876703e-15
RE1,DEMRESELCFAN_LOW_RUR,2038,1.434630586444925e-20
RE1,DEMRESELCFAN_LOW_RUR,2039,8.538291227372767e-27
RE1,DEMRESELCFAN_LOW_RUR,2040,1.437852862356531e-34
RE1,DEMRESELCFAN_LOW_RUR,2041,3.659390270248659e-44
RE1,DEMRESELCFAN_LOW_RUR,2042,7.012514360885557e-56
RE1,DEMRESELCFAN_LOW_RUR,2043,4.685121133935611e-70
RE1,DEMRESELCFAN_LOW_RUR,2044,4.679097257628255e-87
RE1,DEMRESELCFAN_LOW_RUR,2045,2.763249657696523e-107
RE1,DEMRESELCFAN_LOW_RUR,2046,3.508630373109136e-131
RE1,DEMRESELCFAN_LOW_RUR,2047,3.1899713083931e-159
RE1,DEMRESELCFAN_LOW_RUR,2048,6.310720936048545e-192
RE1,DEMRESELCFAN_LOW_RUR,2049,7.505408076811438e-230
RE1,DEMRESELCFAN_LOW_RUR,2050,1.343046841684332e-273
RE1,DEMRESELCFAN_LOW_RUR,2051,0.0
RE1,DEMRESELCFAN_LOW_RUR,2052,0.0
RE1,DEMRESELCFAN_LOW_RUR,2053,0.0
RE1,DEMRESELCFAN_LOW_RUR,2054,0.0
RE1,DEMRESELCFAN_LOW_URB,2022,0.3708228939874824
RE1,DEMRESELCFAN_LOW_URB,2023,0.3851071353349508
RE1,DEMRESELCFAN_LOW_URB,2024,0.3950846719830868
RE1,DEMRESELCFAN_LOW_URB,2025,0.3829291945181927
RE1,DEMRESELCFAN_LOW_URB,2026,0.3591473211887348
RE1,DEMRESELCFAN_LOW_URB,2027,0.3116234020024866
RE1,DEMRESELCFAN_LOW_URB,2028,0.2365574665243733
RE1,DEMRESELCFAN_LOW_URB,2029,0.1453435283445406
RE1,DEMRESELCFAN_LOW_URB,2030,0.06517445715040351
RE1,DEMRESELCFAN_LOW_URB,2031,0.01867792394693891
RE1,DEMRESELCFAN_LOW_URB,2032,0.002898558738620116
RE1,DEMRESELCFAN_LOW_URB,2033,0.0001989603145295983
RE1,DEMRESELCFAN_LOW_URB,2034,4.739313270628987e-06
RE1,DEMRESELCFAN_LOW_URB,2035,2.941558752719727e-08
RE1,DEMRESELCFAN_LOW_URB,2036,3.405851414516507e-11
RE1,DEMRESELCFAN_LOW_URB,2037,5.003417691903381e-15
RE1,DEMRESELCFAN_LOW_URB,2038,6.004143165163815e-20
RE1,DEMRESELCFAN_LOW_URB,2039,3.573402337813351e-26
RE1,DEMRESELCFAN_LOW_URB,2040,6.017628870873519e-34
RE1,DEMRESELCFAN_LOW_URB,2041,1.531509455282614e-43
RE1,DEMRESELCFAN_LOW_URB,2042,2.934841942472447e-55
RE1,DEMRESELCFAN_LOW_URB,2043,1.960793133791445e-69
RE1,DEMRESELCFAN_LOW_URB,2044,1.958272051632711e-86
RE1,DEMRESELCFAN_LOW_URB,2045,1.156461231390088e-106
RE1,DEMRESELCFAN_LOW_URB,2046,1.468414187793988e-130
RE1,DEMRESELCFAN_LOW_URB,2047,1.335050612284738e-158
RE1,DEMRESELCFAN_LOW_URB,2048,2.641130917843194e-191
RE1,DEMRESELCFAN_LOW_URB,2049,3.141125320478635e-229
RE1,DEMRESELCFAN_LOW_URB,2050,5.620851521767968e-273
RE1,DEMRESELCFAN_LOW_URB,2051,0.0
RE1,DEMRESELCFAN_LOW_URB,2052,0.0
RE1,DEMRESELCFAN_LOW_URB,2053,0.0
RE1,DEMRESELCFAN_LOW_URB,2054,0.0
RE1,DEMRESELCFAN_MID_RUR,2022,0.0005955786831160716
RE1,DEMRESELCFAN_MID_RUR,2023,0.0008770753313785597
RE1,DEMRESELCFAN_MID_RUR,2024,0.002136379754084292
RE1,DEMRESELCFAN_MID_RUR,2025,0.002070650259120895
RE1,DEMRESELCFAN_MID_RUR,2026,0.001942052223565048
RE1,DEMRESELCFAN_MID_RUR,2027,0.001685071515418049
RE1,DEMRESELCFAN_MID_RUR,2028,0.001279160185140714
RE1,DEMRESELCFAN_MID_RUR,2029,0.0007859301900625127
RE1,DEMRESELCFAN_MID_RUR,2030,0.0003524241779380317
RE1,DEMRESELCFAN_MID_RUR,2031,0.0001009989538907616
RE1,DEMRESELCFAN_MID_RUR,2032,1.567365844422638e-05
RE1,DEMRESELCFAN_MID_RUR,2033,1.075857450236573e-06
RE1,DEMRESELCFAN_MID_RUR,2034,2.562734936998066e-08
RE1,DEMRESELCFAN_MID_RUR,2035,1.590617660061712e-10
RE1,DEMRESELCFAN_MID_RUR,2036,1.841679144592048e-13
RE1,DEMRESELCFAN_MID_RUR,2037,2.705546688145658e-17
RE1,DEMRESELCFAN_MID_RUR,2038,3.246678701629981e-22
RE1,DEMRESELCFAN_MID_RUR,2039,1.932280584155067e-28
RE1,DEMRESELCFAN_MID_RUR,2040,3.253970958376652e-36
RE1,DEMRESELCFAN_MID_RUR,2041,8.281479959805946e-46
RE1,DEMRESELCFAN_MID_RUR,2042,1.586985613960736e-57
RE1,DEMRESELCFAN_MID_RUR,2043,1.06027873264566e-71
RE1,DEMRESELCFAN_MID_RUR,2044,1.058915483381833e-88
RE1,DEMRESELCFAN_MID_RUR,2045,6.2534452392801e-109
RE1,DEMRESELCFAN_MID_RUR,2046,7.940298786249802e-133
RE1,DEMRESELCFAN_MID_RUR,2047,7.219148959757794e-161
RE1,DEMRESELCFAN_MID_RUR,2048,1.428164396367119e-193
RE1,DEMRESELCFAN_MID_RUR,2049,1.698531230287609e-231
RE1,DEMRESELCFAN_MID_RUR,2050,3.039417685212812e-275
RE1,DEMRESELCFAN_MID_RUR,2051,0.0
RE1,DEMRESELCFAN_MID_RUR,2052,0.0
RE1,DEMRESELCFAN_MID_RUR,2053,0.0
RE1,DEMRESELCFAN_MID_RUR,2054,0.0
RE1,DEMRESELCFAN_MID_URB,2022,0.002555321565099685
RE1,DEMRESELCFAN_MID_URB,2023,0.003636607362447967
RE1,DEMRESELCFAN_MID_URB,2024,0.008941068188477506
RE1,DEMRESELCFAN_MID_URB,2025,0.0086659804399916
RE1,DEMRESELCFAN_MID_URB,2026,0.008127778464143951
RE1,DEMRESELCFAN_MID_URB,2027,0.007052275838605166
RE1,DEMRESELCFAN_MID_URB,2028,0.005353476327166777
RE1,DEMRESELCFAN_MID_URB,2029,0.003289235168652865
RE1,DEMRESELCFAN_MID_URB,2030,0.001474947794364721
RE1,DEMRESELCFAN_MID_URB,2031,0.0004226956991030187
RE1,DEMRESELCFAN_MID_URB,2032,6.559660034449338e-05
RE1,DEMRESELCFAN_MID_URB,2033,4.502624032668683e-06
RE1,DEMRESELCFAN_MID_URB,2034,1.072542827504686e-07
RE1,DEMRESELCFAN_MID_URB,2035,6.65697235391755e-10
RE1,DEMRESELCFAN_MID_URB,2036,7.707702145002041e-13
RE1,DEMRESELCFAN_MID_URB,2037,1.132311677246187e-16
RE1,DEMRESELCFAN_MID_URB,2038,1.358783502879326e-21
RE1,DEMRESELCFAN_MID_URB,2039,8.08688269450804e-28
RE1,DEMRESELCFAN_MID_URB,2040,1.361835421186229e-35
RE1,DEMRESELCFAN_MID_URB,2041,3.465922988671677e-45
RE1,DEMRESELCFAN_MID_URB,2042,6.641771698795053e-57
RE1,DEMRESELCFAN_MID_URB,2043,4.437424773968025e-71
RE1,DEMRESELCFAN_MID_URB,2044,4.431719372293784e-88
RE1,DEMRESELCFAN_MID_URB,2045,2.617160183737042e-108
RE1,DEMRESELCFAN_MID_URB,2046,3.323133574403997e-132
RE1,DEMRESELCFAN_MID_URB,2047,3.021321606730793e-160
RE1,DEMRESELCFAN_MID_URB,2048,5.977081194418774e-193
RE1,DEMRESELCFAN_MID_URB,2049,7.108606754593361e-231
RE1,DEMRESELCFAN_MID_URB,2050,1.272041673527298e-274
RE1,DEMRESELCFAN_MID_URB,2051,0.0
RE1,DEMRESELCFAN_MID_URB,2052,0.0
RE1,DEMRESELCFAN_MID_URB,2053,0.0
RE1,DEMRESELCFAN_MID_URB,2054,0.0
RE1,DEMRESELCILU_HIG_RUR,2022,0.0
RE1,DEMRESELCILU_HIG_RUR,2023,0.0
RE1,DEMRESELCILU_HIG_RUR,2024,0.0
RE1,DEMRESELCILU_HIG_RUR,2025,0.0
RE1,DEMRESELCILU_HIG_RUR,2026,0.0
RE1,DEMRESELCILU_HIG_RUR,2027,0.0
RE1,DEMRESELCILU_HIG_RUR,2028,0.0
RE1,DEMRESELCILU_HIG_RUR,2029,0.0
RE1,DEMRESELCILU_HIG_RUR,2030,0.0
RE1,DEMRESELCILU_HIG_RUR,2031,0.0
RE1,DEMRESELCILU_HIG_RUR,2032,0.0
RE1,DEMRESELCILU_HIG_RUR,2033,0.0
RE1,DEMRESELCILU_HIG_RUR,2034,0.0
RE1,DEMRESELCILU_HIG_RUR,2035,0.0
RE1,DEMRESELCILU_HIG_RUR,2036,0.0
RE1,DEMRESELCILU_HIG_RUR,2037,0.0
RE1,DEMRESELCILU_HIG_RUR,2038,0.0
RE1,DEMRESELCILU_HIG_RUR,2039,0.0
RE1,DEMRESELCILU_HIG_RUR,2040,0.0
RE1,DEMRESELCILU_HIG_RUR,2041,0.0
RE1,DEMRESELCILU_HIG_RUR,2042,0.0
RE1,DEMRESELCILU_HIG_RUR,2043,0.0
RE1,DEMRESELCILU_HIG_RUR,2044,0.0
RE1,DEMRESELCILU_HIG_RUR,2045,0.0
RE1,DEMRESELCILU_HIG_RUR,2046,0.0
RE1,DEMRESELCILU_HIG_RUR,2047,0.0
RE1,DEMRESELCILU_HIG_RUR,2048,0.0
RE1,DEMRESELCILU_HIG_RUR,2049,0.0
RE1,DEMRESELCILU_HIG_RUR,2050,0.0
RE1,DEMRESELCILU_HIG_RUR,2051,0.0
RE1,DEMRESELCILU_HIG_RUR,2052,0.0
RE1,DEMRESELCILU_HIG_RUR,2053,0.0
RE1,DEMRESELCILU_HIG_RUR,2054,0.0
RE1,DEMRESELCILU_HIG_URB,2022,0.0
RE1,DEMRESELCILU_HIG_URB,2023,0.0
RE1,DEMRESELCILU_HIG_URB,2024,0.0
RE1,DEMRESELCILU_HIG_URB,2025,0.0
RE1,DEMRESELCILU_HIG_URB,2026,0.0
RE1,DEMRESELCILU_HIG_URB,2027,0.0
RE1,DEMRESELCILU_HIG_URB,2028,0.0
RE1,DEMRESELCILU_HIG_URB,2029,0.0
RE1,DEMRESELCILU_HIG_URB,2030,0.0
RE1,DEMRESELCILU_HIG_URB,2031,0.0
RE1,DEMRESELCILU_HIG_URB,2032,0.0
RE1,DEMRESELCILU_HIG_URB,2033,0.0
RE1,DEMRESELCILU_HIG_URB,2034,0.0
RE1,DEMRESELCILU_HIG_URB,2035,0.0
RE1,DEMRESELCILU_HIG_URB,2036,0.0
RE1,DEMRESELCILU_HIG_URB,2037,0.0
RE1,DEMRESELCILU_HIG_URB,2038,0.0
RE1,DEMRESELCILU_HIG_URB,2039,0.0
RE1,DEMRESELCILU_HIG_URB,2040,0.0
RE1,DEMRESELCILU_HIG_URB,2041,0.0
RE1,DEMRESELCILU_HIG_URB,2042,0.0
RE1,DEMRESELCILU_HIG_URB,2043,0.0
RE1,DEMRESELCILU_HIG_URB,2044,0.0
RE1,DEMRESELCILU_HIG_URB,2045,0.0
RE1,DEMRESELCILU_HIG_URB,2046,0.0
RE1,DEMRESELCILU_HIG_URB,2047,0.0
RE1,DEMRESELCILU_HIG_URB,2048,0.0
RE1,DEMRESELCILU_HIG_URB,2049,0.0
RE1,DEMRESELCILU_HIG_URB,2050,0.0
RE1,DEMRESELCILU_HIG_URB,2051,0.0
RE1,DEMRESELCILU_HIG_URB,2052,0.0
RE1,DEMRESELCILU_HIG_URB,2053,0.0
RE1,DEMRESELCILU_HIG_URB,2054,0.0
RE1,DEMRESELCILU_INC_RUR,2022,0.02350348846400306
RE1,DEMRESELCILU_INC_RUR,2023,0.0169475219956977
RE1,DEMRESELCILU_INC_RUR,2024,0.008763284054147995
RE1,DEMRESELCILU_INC_RUR,2025,0.0
RE1,DEMRESELCILU_INC_RUR,2026,0.0
RE1,DEMRESELCILU_INC_RUR,2027,0.0
RE1,DEMRESELCILU_INC_RUR,2028,0.0
RE1,DEMRESELCILU_INC_RUR,2029,0.0
RE1,DEMRESELCILU_INC_RUR,2030,0.0
RE1,DEMRESELCILU_INC_RUR,2031,0.0
RE1,DEMRESELCILU_INC_RUR,2032,0.0
RE1,DEMRESELCILU_INC_RUR,2033,0.0
RE1,DEMRESELCILU_INC_RUR,2034,0.0
RE1,DEMRESELCILU_INC_RUR,2035,0.0
RE1,DEMRESELCILU_INC_RUR,2036,0.0
RE1,DEMRESELCILU_INC_RUR,2037,0.0
RE1,DEMRESELCILU_INC_RUR,2038,0.0
RE1,DEMRESELCILU_INC_RUR,2039,0.0
RE1,DEMRESELCILU_INC_RUR,2040,0.0
RE1,DEMRESELCILU_INC_RUR,2041,0.0
RE1,DEMRESELCILU_INC_RUR,2042,0.0
RE1,DEMRESELCILU_INC_RUR,2043,0.0
RE1,DEMRESELCILU_INC_RUR,2044,0.0
RE1,DEMRESELCILU_INC_RUR,2045,0.0
RE1,DEMRESELCILU_INC_RUR,2046,0.0
RE1,DEMRESELCILU_INC_RUR,2047,0.0
RE1,DEMRESELCILU_INC_RUR,2048,0.0
RE1,DEMRESELCILU_INC_RUR,2049,0.0
RE1,DEMRESELCILU_INC_RUR,2050,0.0
RE1,DEMRESELCILU_INC_RUR,2051,0.0
RE1,DEMRESELCILU_INC_RUR,2052,0.0
RE1,DEMRESELCILU_INC_RUR,2053,0.0
RE1,DEMRESELCILU_INC_RUR,2054,0.0
RE1,DEMRESELCILU_INC_URB,2022,0.1476752032931769
RE1,DEMRESELCILU_INC_URB,2023,0.101565413378233
RE1,DEMRESELCILU_INC_URB,2024,0.05230191900330752
RE1,DEMRESELCILU_INC_URB,2025,0.0
RE1,DEMRESELCILU_INC_URB,2026,0.0
RE1,DEMRESELCILU_INC_URB,2027,0.0
RE1,DEMRESELCILU_INC_URB,2028,0.0
RE1,DEMRESELCILU_INC_URB,2029,0.0
RE1,DEMRESELCILU_INC_URB,2030,0.0
RE1,DEMRESELCILU_INC_URB,2031,0.0
RE1,DEMRESELCILU_INC_URB,2032,0.0
RE1,DEMRESELCILU_INC_URB,2033,0.0
RE1,DEMRESELCILU_INC_URB,2034,0.0
RE1,DEMRESELCILU_INC_URB,2035,0.0
RE1,DEMRESELCILU_INC_URB,2036,0.0
RE1,DEMRESELCILU_INC_URB,2037,0.0
RE1,DEMRESELCILU_INC_URB,2038,0.0
RE1,DEMRESELCILU_INC_URB,2039,0.0
RE1,DEMRESELCILU_INC_URB,2040,0.0
RE1,DEMRESELCILU_INC_URB,2041,0.0
RE1,DEMRESELCILU_INC_URB,2042,0.0
RE1,DEMRESELCILU_INC_URB,2043,0.0
RE1,DEMRESELCILU_INC_URB,2044,0.0
RE1,DEMRESELCILU_INC_URB,2045,0.0
RE1,DEMRESELCILU_INC_URB,2046,0.0
RE1,DEMRESELCILU_INC_URB,2047,0.0
RE1,DEMRESELCILU_INC_URB,2048,0.0
RE1,DEMRESELCILU_INC_URB,2049,0.0
RE1,DEMRESELCILU_INC_URB,2050,0.0
RE1,DEMRESELCILU_INC_URB,2051,0.0
RE1,DEMRESELCILU_INC_URB,2052,0.0
RE1,DEMRESELCILU_INC_URB,2053,0.0
RE1,DEMRESELCILU_INC_URB,2054,0.0
RE1,DEMRESELCILU_LFC_RUR,2022,0.09620967448883358
RE1,DEMRESELCILU_LFC_RUR,2023,0.1019871670196541
RE1,DEMRESELCILU_LFC_RUR,2024,0.1019633874064984
RE1,DEMRESELCILU_LFC_RUR,2025,0.0959365280972391
RE1,DEMRESELCILU_LFC_RUR,2026,0.08466305921707859
RE1,DEMRESELCILU_LFC_RUR,2027,0.0641965477454237
RE1,DEMRESELCILU_LFC_RUR,2028,0.03751023397904992
RE1,DEMRESELCILU_LFC_RUR,2029,0.01451162382383483
RE1,DEMRESELCILU_LFC_RUR,2030,0.00303817277013323
RE1,DEMRESELCILU_LFC_RUR,2031,0.0002657264122776266
RE1,DEMRESELCILU_LFC_RUR,2032,7.028636201386119e-06
RE1,DEMRESELCILU_LFC_RUR,2033,3.789672309973045e-08
RE1,DEMRESELCILU_LFC_RUR,2034,2.595360834079492e-11
RE1,DEMRESELCILU_LFC_RUR,2035,1.29128121806232e-15
RE1,DEMRESELCILU_LFC_RUR,2036,2.432886663887407e-21
RE1,DEMRESELCILU_LFC_RUR,2037,8.187295652691395e-29
RE1,DEMRESELCILU_LFC_RUR,2038,2.085470477034832e-38
RE1,DEMRESELCILU_LFC_RUR,2039,1.51994207464828e-50
RE1,DEMRESELCILU_LFC_RUR,2040,1.061231405920499e-65
RE1,DEMRESELCILU_LFC_RUR,2041,2.08996617687926e-84
RE1,DEMRESELCILU_LFC_RUR,2042,2.984593250984733e-107
RE1,DEMRESELCILU_LFC_RUR,2043,6.888143304093908e-135
RE1,DEMRESELCILU_LFC_RUR,2044,4.928646571959877e-168
RE1,DEMRESELCILU_LFC_RUR,2045,1.792590803672198e-207
RE1,DEMRESELCILU_LFC_RUR,2046,4.610664028439078e-254
RE1,DEMRESELCILU_LFC_RUR,2047,0.0
RE1,DEMRESELCILU_LFC_RUR,2048,0.0
RE1,DEMRESELCILU_LFC_RUR,2049,0.0
RE1,DEMRESELCILU_LFC_RUR,2050,0.0
RE1,DEMRESELCILU_LFC_RUR,2051,0.0
RE1,DEMRESELCILU_LFC_RUR,2052,0.0
RE1,DEMRESELCILU_LFC_RUR,2053,0.0
RE1,DEMRESELCILU_LFC_RUR,2054,0.0
RE1,DEMRESELCILU_LFC_URB,2022,0.6052932245653139
RE1,DEMRESELCILU_LFC_URB,2023,0.6099946467518779
RE1,DEMRESELCILU_LFC_URB,2024,0.6133588683115151
RE1,DEMRESELCILU_LFC_URB,2025,0.5771050613022696
RE1,DEMRESELCILU_LFC_URB,2026,0.5092896412718516
RE1,DEMRESELCILU_LFC_URB,2027,0.3861735811876124
RE1,DEMRESELCILU_LFC_URB,2028,0.2256423732366135
RE1,DEMRESELCILU_LFC_URB,2029,0.08729450317361116
RE1,DEMRESELCILU_LFC_URB,2030,0.01827609272015215
RE1,DEMRESELCILU_LFC_URB,2031,0.001598474121261483
RE1,DEMRESELCILU_LFC_URB,2032,4.228067876045037e-05
RE1,DEMRESELCILU_LFC_URB,2033,2.279672940160784e-07
RE1,DEMRESELCILU_LFC_URB,2034,1.561236270437912e-10
RE1,DEMRESELCILU_LFC_URB,2035,7.767687045678803e-15
RE1,DEMRESELCILU_LFC_URB,2036,1.463500123624572e-20
RE1,DEMRESELCILU_LFC_URB,2037,4.925058112127208e-28
RE1,DEMRESELCILU_LFC_URB,2038,1.25451232326584e-37
RE1,DEMRESELCILU_LFC_URB,2039,9.14319375073401e-50
RE1,DEMRESELCILU_LFC_URB,2040,6.383825094742704e-65
RE1,DEMRESELCILU_LFC_URB,2041,1.257216706242558e-83
RE1,DEMRESELCILU_LFC_URB,2042,1.795378575015842e-106
RE1,DEMRESELCILU_LFC_URB,2043,4.143554538203401e-134
RE1,DEMRESELCILU_LFC_URB,2044,2.964821573660827e-167
RE1,DEMRESELCILU_LFC_URB,2045,1.078330898731888e-206
RE1,DEMRESELCILU_LFC_URB,2046,2.773539546979997e-253
RE1,DEMRESELCILU_LFC_URB,2047,5.913258530223951e-308
RE1,DEMRESELCILU_LFC_URB,2048,0.0
RE1,DEMRESELCILU_LFC_URB,2049,0.0
RE1,DEMRESELCILU_LFC_URB,2050,0.0
RE1,DEMRESELCILU_LFC_URB,2051,0.0
RE1,DEMRESELCILU_LFC_URB,2052,0.0
RE1,DEMRESELCILU_LFC_URB,2053,0.0
RE1,DEMRESELCILU_LFC_URB,2054,0.0
RE1,DEMRESELCILU_LOW_RUR,2022,0.03491505062613086
RE1,DEMRESELCILU_LOW_RUR,2023,0.04886255846680369
RE1,DEMRESELCILU_LOW_RUR,2024,0.06110242764029465
RE1,DEMRESELCILU_LOW_RUR,2025,0.0574907809089623
RE1,DEMRESELCILU_LOW_RUR,2026,0.05073505874215226
RE1,DEMRESELCILU_LOW_RUR,2027,0.03847032756702506
RE1,DEMRESELCILU_LOW_RUR,2028,0.02247832693453009
RE1,DEMRESELCILU_LOW_RUR,2029,0.008696214074411302
RE1,DEMRESELCILU_LOW_RUR,2030,0.001820650888202522
RE1,DEMRESELCILU_LOW_RUR,2031,0.0001592388139634716
RE1,DEMRESELCILU_LOW_RUR,2032,4.211970059340924e-06
RE1,DEMRESELCILU_LOW_RUR,2033,2.270993382922843e-08
RE1,DEMRESELCILU_LOW_RUR,2034,1.55529206706887e-11
RE1,DEMRESELCILU_LOW_RUR,2035,7.738112590882392e-16
RE1,DEMRESELCILU_LOW_RUR,2036,1.457928037880624e-21
RE1,DEMRESELCILU_LOW_RUR,2037,4.90630659605167e-29
RE1,DEMRESELCILU_LOW_RUR,2038,1.24973593130028e-38
RE1,DEMRESELCILU_LOW_RUR,2039,9.108382233652315e-51
RE1,DEMRESELCILU_LOW_RUR,2040,6.359519513739967e-66
RE1,DEMRESELCILU_LOW_RUR,2041,1.252430017691717e-84
RE1,DEMRESELCILU_LOW_RUR,2042,1.788542905376089e-107
RE1,DEMRESELCILU_LOW_RUR,2043,4.127778495004708e-135
RE1,DEMRESELCILU_LOW_RUR,2044,2.953533402408043e-168
RE1,DEMRESELCILU_LOW_RUR,2045,1.07422529454977e-207
RE1,DEMRESELCILU_LOW_RUR,2046,2.762979657082805e-254
RE1,DEMRESELCILU_LOW_RUR,2047,0.0
RE1,DEMRESELCILU_LOW_RUR,2048,0.0
RE1,DEMRESELCILU_LOW_RUR,2049,0.0
RE1,DEMRESELCILU_LOW_RUR,2050,0.0
RE1,DEMRESELCILU_LOW_RUR,2051,0.0
RE1,DEMRESELCILU_LOW_RUR,2052,0.0
RE1,DEMRESELCILU_LOW_RUR,2053,0.0
RE1,DEMRESELCILU_LOW_RUR,2054,0.0
RE1,DEMRESELCILU_LOW_URB,2022,0.2198589983152699
RE1,DEMRESELCILU_LOW_URB,2023,0.2920507440026265
RE1,DEMRESELCILU_LOW_URB,2024,0.3679739755963927
RE1,DEMRESELCILU_LOW_URB,2025,0.3462237431178772
RE1,DEMRESELCILU_LOW_URB,2026,0.3055391084846962
RE1,DEMRESELCILU_LOW_URB,2027,0.2316778551037199
RE1,DEMRESELCILU_LOW_URB,2028,0.1353700605080349
RE1,DEMRESELCILU_LOW_URB,2029,0.05237075823625983
RE1,DEMRESELCILU_LOW_URB,2030,0.01096441125791177
RE1,DEMRESELCILU_LOW_URB,2031,0.0009589756365874965
RE1,DEMRESELCILU_LOW_URB,2032,2.536552846889767e-05
RE1,DEMRESELCILU_LOW_URB,2033,1.367648546775792e-07
RE1,DEMRESELCILU_LOW_URB,2034,9.366354615269814e-11
RE1,DEMRESELCILU_LOW_URB,2035,4.660083344711058e-15
RE1,DEMRESELCILU_LOW_URB,2036,8.780004280527051e-21
RE1,DEMRESELCILU_LOW_URB,2037,2.954699532189048e-28
RE1,DEMRESELCILU_LOW_URB,2038,7.526219773025156e-38
RE1,DEMRESELCILU_LOW_URB,2039,5.48529371287748e-50
RE1,DEMRESELCILU_LOW_URB,2040,3.829860397904232e-65
RE1,DEMRESELCILU_LOW_URB,2041,7.542444229537642e-84
RE1,DEMRESELCILU_LOW_URB,2042,1.077104902100398e-106
RE1,DEMRESELCILU_LOW_URB,2043,2.485850598489989e-134
RE1,DEMRESELCILU_LOW_URB,2044,1.778691076791376e-167
RE1,DEMRESELCILU_LOW_URB,2045,6.469251183417935e-207
RE1,DEMRESELCILU_LOW_URB,2046,1.663934884705368e-253
RE1,DEMRESELCILU_LOW_URB,2047,3.547552498912388e-308
RE1,DEMRESELCILU_LOW_URB,2048,0.0
RE1,DEMRESELCILU_LOW_URB,2049,0.0
RE1,DEMRESELCILU_LOW_URB,2050,0.0
RE1,DEMRESELCILU_LOW_URB,2051,0.0
RE1,DEMRESELCILU_LOW_URB,2052,0.0
RE1,DEMRESELCILU_LOW_URB,2053,0.0
RE1,DEMRESELCILU_LOW_URB,2054,0.0
RE1,DEMRESELCILU_MID_RUR,2022,0.0
RE1,DEMRESELCILU_MID_RUR,2023,0.0
RE1,DEMRESELCILU_MID_RUR,2024,0.0
RE1,DEMRESELCILU_MID_RUR,2025,0.0
RE1,DEMRESELCILU_MID_RUR,2026,0.0
RE1,DEMRESELCILU_MID_RUR,2027,0.0
RE1,DEMRESELCILU_MID_RUR,2028,0.0
RE1,DEMRESELCILU_MID_RUR,2029,0.0
RE1,DEMRESELCILU_MID_RUR,2030,0.0
RE1,DEMRESELCILU_MID_RUR,2031,0.0
RE1,DEMRESELCILU_MID_RUR,2032,0.0
RE1,DEMRESELCILU_MID_RUR,2033,0.0
RE1,DEMRESELCILU_MID_RUR,2034,0.0
RE1,DEMRESELCILU_MID_RUR,2035,0.0
RE1,DEMRESELCILU_MID_RUR,2036,0.0
RE1,DEMRESELCILU_MID_RUR,2037,0.0
RE1,DEMRESELCILU_MID_RUR,2038,0.0
RE1,DEMRESELCILU_MID_RUR,2039,0.0
RE1,DEMRESELCILU_MID_RUR,2040,0.0
RE1,DEMRESELCILU_MID_RUR,2041,0.0
RE1,DEMRESELCILU_MID_RUR,2042,0.0
RE1,DEMRESELCILU_MID_RUR,2043,0.0
RE1,DEMRESELCILU_MID_RUR,2044,0.0
RE1,DEMRESELCILU_MID_RUR,2045,0.0
RE1,DEMRESELCILU_MID_RUR,2046,0.0
RE1,DEMRESELCILU_MID_RUR,2047,0.0
RE1,DEMRESELCILU_MID_RUR,2048,0.0
RE1,DEMRESELCILU_MID_RUR,2049,0.0
RE1,DEMRESELCILU_MID_RUR,2050,0.0
RE1,DEMRESELCILU_MID_RUR,2051,0.0
RE1,DEMRESELCILU_MID_RUR,2052,0.0
RE1,DEMRESELCILU_MID_RUR,2053,0.0
RE1,DEMRESELCILU_MID_RUR,2054,0.0
RE1,DEMRESELCILU_MID_URB,2022,0.0
RE1,DEMRESELCILU_MID_URB,2023,0.0
RE1,DEMRESELCILU_MID_URB,2024,0.0
RE1,DEMRESELCILU_MID_URB,2025,0.0
RE1,DEMRESELCILU_MID_URB,2026,0.0
RE1,DEMRESELCILU_MID_URB,2027,0.0
RE1,DEMRESELCILU_MID_URB,2028,0.0
RE1,DEMRESELCILU_MID_URB,2029,0.0
RE1,DEMRESELCILU_MID_URB,2030,0.0
RE1,DEMRESELCILU_MID_URB,2031,0.0
RE1,DEMRESELCILU_MID_URB,2032,0.0
RE1,DEMRESELCILU_MID_URB,2033,0.0
RE1,DEMRESELCILU_MID_URB,2034,0.0
RE1,DEMRESELCILU_MID_URB,2035,0.0
RE1,DEMRESELCILU_MID_URB,2036,0.0
RE1,DEMRESELCILU_MID_URB,2037,0.0
RE1,DEMRESELCILU_MID_URB,2038,0.0
RE1,DEMRESELCILU_MID_URB,2039,0.0
RE1,DEMRESELCILU_MID_URB,2040,0.0
RE1,DEMRESELCILU_MID_URB,2041,0.0
RE1,DEMRESELCILU_MID_URB,2042,0.0
RE1,DEMRESELCILU_MID_URB,2043,0.0
RE1,DEMRESELCILU_MID_URB,2044,0.0
RE1,DEMRESELCILU_MID_URB,2045,0.0
RE1,DEMRESELCILU_MID_URB,2046,0.0
RE1,DEMRESELCILU_MID_URB,2047,0.0
RE1,DEMRESELCILU_MID_URB,2048,0.0
RE1,DEMRESELCILU_MID_URB,2049,0.0
RE1,DEMRESELCILU_MID_URB,2050,0.0
RE1,DEMRESELCILU_MID_URB,2051,0.0
RE1,DEMRESELCILU_MID_URB,2052,0.0
RE1,DEMRESELCILU_MID_URB,2053,0.0
RE1,DEMRESELCILU_MID_URB,2054,0.0
RE1,DEMRESELCOTH_HIG_RUR,2022,0.0
RE1,DEMRESELCOTH_HIG_RUR,2023,0.0
RE1,DEMRESELCOTH_HIG_RUR,2024,0.0
RE1,DEMRESELCOTH_HIG_RUR,2025,0.0
RE1,DEMRESELCOTH_HIG_RUR,2026,0.0
RE1,DEMRESELCOTH_HIG_RUR,2027,0.0
RE1,DEMRESELCOTH_HIG_RUR,2028,0.0
RE1,DEMRESELCOTH_HIG_RUR,2029,0.0
RE1,DEMRESELCOTH_HIG_RUR,2030,0.0
RE1,DEMRESELCOTH_HIG_RUR,2031,0.0
RE1,DEMRESELCOTH_HIG_RUR,2032,0.0
RE1,DEMRESELCOTH_HIG_RUR,2033,0.0
RE1,DEMRESELCOTH_HIG_RUR,2034,0.0
RE1,DEMRESELCOTH_HIG_RUR,2035,0.0
RE1,DEMRESELCOTH_HIG_RUR,2036,0.0
RE1,DEMRESELCOTH_HIG_RUR,2037,0.0
RE1,DEMRESELCOTH_HIG_RUR,2038,0.0
RE1,DEMRESELCOTH_HIG_RUR,2039,0.0
RE1,DEMRESELCOTH_HIG_RUR,2040,0.0
RE1,DEMRESELCOTH_HIG_RUR,2041,0.0
RE1,DEMRESELCOTH_HIG_RUR,2042,0.0
RE1,DEMRESELCOTH_HIG_RUR,2043,0.0
RE1,DEMRESELCOTH_HIG_RUR,2044,0.0
RE1,DEMRESELCOTH_HIG_RUR,2045,0.0
RE1,DEMRESELCOTH_HIG_RUR,2046,0.0
RE1,DEMRESELCOTH_HIG_RUR,2047,0.0
RE1,DEMRESELCOTH_HIG_RUR,2048,0.0
RE1,DEMRESELCOTH_HIG_RUR,2049,0.0
RE1,DEMRESELCOTH_HIG_RUR,2050,0.0
RE1,DEMRESELCOTH_HIG_RUR,2051,0.0
RE1,DEMRESELCOTH_HIG_RUR,2052,0.0
RE1,DEMRESELCOTH_HIG_RUR,2053,0.0
RE1,DEMRESELCOTH_HIG_RUR,2054,0.0
RE1,DEMRESELCOTH_HIG_URB,2022,0.0
RE1,DEMRESELCOTH_HIG_URB,2023,0.0
RE1,DEMRESELCOTH_HIG_URB,2024,0.0
RE1,DEMRESELCOTH_HIG_URB,2025,0.0
RE1,DEMRESELCOTH_HIG_URB,2026,0.0
RE1,DEMRESELCOTH_HIG_URB,2027,0.0
RE1,DEMRESELCOTH_HIG_URB,2028,0.0
RE1,DEMRESELCOTH_HIG_URB,2029,0.0
RE1,DEMRESELCOTH_HIG_URB,2030,0.0
RE1,DEMRESELCOTH_HIG_URB,2031,0.0
RE1,DEMRESELCOTH_HIG_URB,2032,0.0
RE1,DEMRESELCOTH_HIG_URB,2033,0.0
RE1,DEMRESELCOTH_HIG_URB,2034,0.0
RE1,DEMRESELCOTH_HIG_URB,2035,0.0
RE1,DEMRESELCOTH_HIG_URB,2036,0.0
RE1,DEMRESELCOTH_HIG_URB,2037,0.0
RE1,DEMRESELCOTH_HIG_URB,2038,0.0
RE1,DEMRESELCOTH_HIG_URB,2039,0.0
RE1,DEMRESELCOTH_HIG_URB,2040,0.0
RE1,DEMRESELCOTH_HIG_URB,2041,0.0
RE1,DEMRESELCOTH_HIG_URB,2042,0.0
RE1,DEMRESELCOTH_HIG_URB,2043,0.0
RE1,DEMRESELCOTH_HIG_URB,2044,0.0
RE1,DEMRESELCOTH_HIG_URB,2045,0.0
RE1,DEMRESELCOTH_HIG_URB,2046,0.0
RE1,DEMRESELCOTH_HIG_URB,2047,0.0
RE1,DEMRESELCOTH_HIG_URB,2048,0.0
RE1,DEMRESELCOTH_HIG_URB,2049,0.0
RE1,DEMRESELCOTH_HIG_URB,2050,0.0
RE1,DEMRESELCOTH_HIG_URB,2051,0.0
RE1,DEMRESELCOTH_HIG_URB,2052,0.0
RE1,DEMRESELCOTH_HIG_URB,2053,0.0
RE1,DEMRESELCOTH_HIG_URB,2054,0.0
RE1,DEMRESELCOTH_LOW_RUR,2022,0.8191488339047135
RE1,DEMRESELCOTH_LOW_RUR,2023,0.8889434624112847
RE1,DEMRESELCOTH_LOW_RUR,2024,0.9103030984703501
RE1,DEMRESELCOTH_LOW_RUR,2025,0.6559585620195435
RE1,DEMRESELCOTH_LOW_RUR,2026,0.3348817951619048
RE1,DEMRESELCOTH_LOW_RUR,2027,0.07560010101000669
RE1,DEMRESELCOTH_LOW_RUR,2028,0.004201903426010083
RE1,DEMRESELCOTH_LOW_RUR,2029,2.542601591032433e-05
RE1,DEMRESELCOTH_LOW_RUR,2030,5.661043149470007e-09
RE1,DEMRESELCOTH_LOW_RUR,2031,1.152822913888189e-14
RE1,DEMRESELCOTH_LOW_RUR,2032,3.777866677100362e-23
RE1,DEMRESELCOTH_LOW_RUR,2033,2.387532951863769e-35
RE1,DEMRESELCOTH_LOW_RUR,2034,2.285733949386374e-52
RE1,DEMRESELCOTH_LOW_RUR,2035,1.642507955452436e-75
RE1,DEMRESELCOTH_LOW_RUR,2036,2.664568678180206e-106
RE1,DEMRESELCOTH_LOW_RUR,2037,1.714507585861964e-146
RE1,DEMRESELCOTH_LOW_RUR,2038,4.321621820153154e-198
RE1,DEMRESELCOTH_LOW_RUR,2039,2.279923290191458e-263
RE1,DEMRESELCOTH_LOW_RUR,2040,0.0
RE1,DEMRESELCOTH_LOW_RUR,2041,0.0
RE1,DEMRESELCOTH_LOW_RUR,2042,0.0
RE1,DEMRESELCOTH_LOW_RUR,2043,0.0
RE1,DEMRESELCOTH_LOW_RUR,2044,0.0
RE1,DEMRESELCOTH_LOW_RUR,2045,0.0
RE1,DEMRESELCOTH_LOW_RUR,2046,0.0
RE1,DEMRESELCOTH_LOW_RUR,2047,0.0
RE1,DEMRESELCOTH_LOW_RUR,2048,0.0
RE1,DEMRESELCOTH_LOW_RUR,2049,0.0
RE1,DEMRESELCOTH_LOW_RUR,2050,0.0
RE1,DEMRESELCOTH_LOW_RUR,2051,0.0
RE1,DEMRESELCOTH_LOW_RUR,2052,0.0
RE1,DEMRESELCOTH_LOW_RUR,2053,0.0
RE1,DEMRESELCOTH_LOW_RUR,2054,0.0
RE1,DEMRESELCOTH_LOW_URB,2022,5.162078645931637
RE1,DEMRESELCOTH_LOW_URB,2023,5.325423360252318
RE1,DEMRESELCOTH_LOW_URB,2024,5.484738396307881
RE1,DEMRESELCOTH_LOW_URB,2025,3.952267236639181
RE1,DEMRESELCOTH_LOW_URB,2026,2.017722496205296
RE1,DEMRESELCOTH_LOW_URB,2027,0.4555040815208689
RE1,DEMRESELCOTH_LOW_URB,2028,0.02531721697634734
RE1,DEMRESELCOTH_LOW_URB,2029,0.0001531962771112475
RE1,DEMRESELCOTH_LOW_URB,2030,3.410879384814614e-08
RE1,DEMRESELCOTH_LOW_URB,2031,6.94596350443163e-14
RE1,DEMRESELCOTH_LOW_URB,2032,2.276231999522225e-22
RE1,DEMRESELCOTH_LOW_URB,2033,1.438531152485584e-34
RE1,DEMRESELCOTH_LOW_URB,2034,1.377195439300401e-51
RE1,DEMRESELCOTH_LOW_URB,2035,9.89640314819225e-75
RE1,DEMRESELCOTH_LOW_URB,2036,1.605450114733442e-105
RE1,DEMRESELCOTH_LOW_URB,2037,1.033021375269386e-145
RE1,DEMRESELCOTH_LOW_URB,2038,2.603854163645692e-197
RE1,DEMRESELCOTH_LOW_URB,2039,1.37369441358185e-262
RE1,DEMRESELCOTH_LOW_URB,2040,0.0
RE1,DEMRESELCOTH_LOW_URB,2041,0.0
RE1,DEMRESELCOTH_LOW_URB,2042,0.0
RE1,DEMRESELCOTH_LOW_URB,2043,0.0
RE1,DEMRESELCOTH_LOW_URB,2044,0.0
RE1,DEMRESELCOTH_LOW_URB,2045,0.0
RE1,DEMRESELCOTH_LOW_URB,2046,0.0
RE1,DEMRESELCOTH_LOW_URB,2047,0.0
RE1,DEMRESELCOTH_LOW_URB,2048,0.0
RE1,DEMRESELCOTH_LOW_URB,2049,0.0
RE1,DEMRESELCOTH_LOW_URB,2050,0.0
RE1,DEMRESELCOTH_LOW_URB,2051,0.0
RE1,DEMRESELCOTH_LOW_URB,2052,0.0
RE1,DEMRESELCOTH_LOW_URB,2053,0.0
RE1,DEMRESELCOTH_LOW_URB,2054,0.0
RE1,DEMRESELCOTH_MID_RUR,2022,0.0
RE1,DEMRESELCOTH_MID_RUR,2023,0.0
RE1,DEMRESELCOTH_MID_RUR,2024,0.0
RE1,DEMRESELCOTH_MID_RUR,2025,0.0
RE1,DEMRESELCOTH_MID_RUR,2026,0.0
RE1,DEMRESELCOTH_MID_RUR,2027,0.0
RE1,DEMRESELCOTH_MID_RUR,2028,0.0
RE1,DEMRESELCOTH_MID_RUR,2029,0.0
RE1,DEMRESELCOTH_MID_RUR,2030,0.0
RE1,DEMRESELCOTH_MID_RUR,2031,0.0
RE1,DEMRESELCOTH_MID_RUR,2032,0.0
RE1,DEMRESELCOTH_MID_RUR,2033,0.0
RE1,DEMRESELCOTH_MID_RUR,2034,0.0
RE1,DEMRESELCOTH_MID_RUR,2035,0.0
RE1,DEMRESELCOTH_MID_RUR,2036,0.0
RE1,DEMRESELCOTH_MID_RUR,2037,0.0
RE1,DEMRESELCOTH_MID_RUR,2038,0.0
RE1,DEMRESELCOTH_MID_RUR,2039,0.0
RE1,DEMRESELCOTH_MID_RUR,2040,0.0
RE1,DEMRESELCOTH_MID_RUR,2041,0.0
RE1,DEMRESELCOTH_MID_RUR,2042,0.0
RE1,DEMRESELCOTH_MID_RUR,2043,0.0
RE1,DEMRESELCOTH_MID_RUR,2044,0.0
RE1,DEMRESELCOTH_MID_RUR,2045,0.0
RE1,DEMRESELCOTH_MID_RUR,2046,0.0
RE1,DEMRESELCOTH_MID_RUR,2047,0.0
RE1,DEMRESELCOTH_MID_RUR,2048,0.0
RE1,DEMRESELCOTH_MID_RUR,2049,0.0
RE1,DEMRESELCOTH_MID_RUR,2050,0.0
RE1,DEMRESELCOTH_MID_RUR,2051,0.0
RE1,DEMRESELCOTH_MID_RUR,2052,0.0
RE1,DEMRESELCOTH_MID_RUR,2053,0.0
RE1,DEMRESELCOTH_MID_RUR,2054,0.0
RE1,DEMRESELCOTH_MID_URB,2022,0.0
RE1,DEMRESELCOTH_MID_URB,2023,0.0
RE1,DEMRESELCOTH_MID_URB,2024,0.0
RE1,DEMRESELCOTH_MID_URB,2025,0.0
RE1,DEMRESELCOTH_MID_URB,2026,0.0
RE1,DEMRESELCOTH_MID_URB,2027,0.0
RE1,DEMRESELCOTH_MID_URB,2028,0.0
RE1,DEMRESELCOTH_MID_URB,2029,0.0
RE1,DEMRESELCOTH_MID_URB,2030,0.0
RE1,DEMRESELCOTH_MID_URB,2031,0.0
RE1,DEMRESELCOTH_MID_URB,2032,0.0
RE1,DEMRESELCOTH_MID_URB,2033,0.0
RE1,DEMRESELCOTH_MID_URB,2034,0.0
RE1,DEMRESELCOTH_MID_URB,2035,0.0
RE1,DEMRESELCOTH_MID_URB,2036,0.0
RE1,DEMRESELCOTH_MID_URB,2037,0.0
RE1,DEMRESELCOTH_MID_URB,2038,0.0
RE1,DEMRESELCOTH_MID_URB,2039,0.0
RE1,DEMRESELCOTH_MID_URB,2040,0.0
RE1,DEMRESELCOTH_MID_URB,2041,0.0
RE1,DEMRESELCOTH_MID_URB,2042,0.0
RE1,DEMRESELCOTH_MID_URB,2043,0.0
RE1,DEMRESELCOTH_MID_URB,2044,0.0
RE1,DEMRESELCOTH_MID_URB,2045,0.0
RE1,DEMRESELCOTH_MID_URB,2046,0.0
RE1,DEMRESELCOTH_MID_URB,2047,0.0
RE1,DEMRESELCOTH_MID_URB,2048,0.0
RE1,DEMRESELCOTH_MID_URB,2049,0.0
RE1,DEMRESELCOTH_MID_URB,2050,0.0
RE1,DEMRESELCOTH_MID_URB,2051,0.0
RE1,DEMRESELCOTH_MID_URB,2052,0.0
RE1,DEMRESELCOTH_MID_URB,2053,0.0
RE1,DEMRESELCOTH_MID_URB,2054,0.0
RE1,DEMRESELCREF_HIG_RUR,2022,0.0
RE1,DEMRESELCREF_HIG_RUR,2023,0.0
RE1,DEMRESELCREF_HIG_RUR,2024,0.0
RE1,DEMRESELCREF_HIG_RUR,2025,0.0
RE1,DEMRESELCREF_HIG_RUR,2026,0.0
RE1,DEMRESELCREF_HIG_RUR,2027,0.0
RE1,DEMRESELCREF_HIG_RUR,2028,0.0
RE1,DEMRESELCREF_HIG_RUR,2029,0.0
RE1,DEMRESELCREF_HIG_RUR,2030,0.0
RE1,DEMRESELCREF_HIG_RUR,2031,0.0
RE1,DEMRESELCREF_HIG_RUR,2032,0.0
RE1,DEMRESELCREF_HIG_RUR,2033,0.0
RE1,DEMRESELCREF_HIG_RUR,2034,0.0
RE1,DEMRESELCREF_HIG_RUR,2035,0.0
RE1,DEMRESELCREF_HIG_RUR,2036,0.0
RE1,DEMRESELCREF_HIG_RUR,2037,0.0
RE1,DEMRESELCREF_HIG_RUR,2038,0.0
RE1,DEMRESELCREF_HIG_RUR,2039,0.0
RE1,DEMRESELCREF_HIG_RUR,2040,0.0
RE1,DEMRESELCREF_HIG_RUR,2041,0.0
RE1,DEMRESELCREF_HIG_RUR,2042,0.0
RE1,DEMRESELCREF_HIG_RUR,2043,0.0
RE1,DEMRESELCREF_HIG_RUR,2044,0.0
RE1,DEMRESELCREF_HIG_RUR,2045,0.0
RE1,DEMRESELCREF_HIG_RUR,2046,0.0
RE1,DEMRESELCREF_HIG_RUR,2047,0.0
RE1,DEMRESELCREF_HIG_RUR,2048,0.0
RE1,DEMRESELCREF_HIG_RUR,2049,0.0
RE1,DEMRESELCREF_HIG_RUR,2050,0.0
RE1,DEMRESELCREF_HIG_RUR,2051,0.0
RE1,DEMRESELCREF_HIG_RUR,2052,0.0
RE1,DEMRESELCREF_HIG_RUR,2053,0.0
RE1,DEMRESELCREF_HIG_RUR,2054,0.0
RE1,DEMRESELCREF_HIG_URB,2022,0.0
RE1,DEMRESELCREF_HIG_URB,2023,0.0
RE1,DEMRESELCREF_HIG_URB,2024,0.0
RE1,DEMRESELCREF_HIG_URB,2025,0.0
RE1,DEMRESELCREF_HIG_URB,2026,0.0
RE1,DEMRESELCREF_HIG_URB,2027,0.0
RE1,DEMRESELCREF_HIG_URB,2028,0.0
RE1,DEMRESELCREF_HIG_URB,2029,0.0
RE1,DEMRESELCREF_HIG_URB,2030,0.0
RE1,DEMRESELCREF_HIG_URB,2031,0.0
RE1,DEMRESELCREF_HIG_URB,2032,0.0
RE1,DEMRESELCREF_HIG_URB,2033,0.0
RE1,DEMRESELCREF_HIG_URB,2034,0.0
RE1,DEMRESELCREF_HIG_URB,2035,0.0
RE1,DEMRESELCREF_HIG_URB,2036,0.0
RE1,DEMRESELCREF_HIG_URB,2037,0.0
RE1,DEMRESELCREF_HIG_URB,2038,0.0
RE1,DEMRESELCREF_HIG_URB,2039,0.0
RE1,DEMRESELCREF_HIG_URB,2040,0.0
RE1,DEMRESELCREF_HIG_URB,2041,0.0
RE1,DEMRESELCREF_HIG_URB,2042,0.0
RE1,DEMRESELCREF_HIG_URB,2043,0.0
RE1,DEMRESELCREF_HIG_URB,2044,0.0
RE1,DEMRESELCREF_HIG_URB,2045,0.0
RE1,DEMRESELCREF_HIG_URB,2046,0.0
RE1,DEMRESELCREF_HIG_URB,2047,0.0
RE1,DEMRESELCREF_HIG_URB,2048,0.0
RE1,DEMRESELCREF_HIG_URB,2049,0.0
RE1,DEMRESELCREF_HIG_URB,2050,0.0
RE1,DEMRESELCREF_HIG_URB,2051,0.0
RE1,DEMRESELCREF_HIG_URB,2052,0.0
RE1,DEMRESELCREF_HIG_URB,2053,0.0
RE1,DEMRESELCREF_HIG_URB,2054,0.0
RE1,DEMRESELCREF_LOW_RUR,2022,0.2596364490195308
RE1,DEMRESELCREF_LOW_RUR,2023,0.2794721818926806
RE1,DEMRESELCREF_LOW_RUR,2024,0.2845063179629557
RE1,DEMRESELCREF_LOW_RUR,2025,0.2841229261882877
RE1,DEMRESELCREF_LOW_RUR,2026,0.2833379158386169
RE1,DEMRESELCREF_LOW_RUR,2027,0.2816078388075438
RE1,DEMRESELCREF_LOW_RUR,2028,0.2782786043231112
RE1,DEMRESELCREF_LOW_RUR,2029,0.272490618190201
RE1,DEMRESELCREF_LOW_RUR,2030,0.2632213887957606
RE1,DEMRESELCREF_LOW_RUR,2031,0.2494025400338886
RE1,DEMRESELCREF_LOW_RUR,2032,0.2301363223407444
RE1,DEMRESELCREF_LOW_RUR,2033,0.2050134241331862
RE1,DEMRESELCREF_LOW_RUR,2034,0.1744799693393834
RE1,DEMRESELCREF_LOW_RUR,2035,0.1401214944625748
RE1,DEMRESELCREF_LOW_RUR,2036,0.1046640252619568
RE1,DEMRESELCREF_LOW_RUR,2037,0.07151553061600979
RE1,DEMRESELCREF_LOW_RUR,2038,0.04385921853587703
RE1,DEMRESELCREF_LOW_RUR,2039,0.02362807114699182
RE1,DEMRESELCREF_LOW_RUR,2040,0.01091402826456065
RE1,DEMRESELCREF_LOW_RUR,2041,0.004207058420554633
RE1,DEMRESELCREF_LOW_RUR,2042,0.001313263762563141
RE1,DEMRESELCREF_LOW_RUR,2043,0.0003211264127441838
RE1,DEMRESELCREF_LOW_RUR,2044,5.930348693092533e-05
RE1,DEMRESELCREF_LOW_RUR,2045,7.946652251617622e-06
RE1,DEMRESELCREF_LOW_RUR,2046,7.396548910777199e-07
RE1,DEMRESELCREF_LOW_RUR,2047,4.560464419107634e-08
RE1,DEMRESELCREF_LOW_RUR,2048,1.769303592387569e-09
RE1,DEMRESELCREF_LOW_RUR,2049,4.086043366900002e-11
RE1,DEMRESELCREF_LOW_RUR,2050,5.291172183726222e-13
RE1,DEMRESELCREF_LOW_RUR,2051,3.603035110446096e-15
RE1,DEMRESELCREF_LOW_RUR,2052,1.204430900946238e-17
RE1,DEMRESELCREF_LOW_RUR,2053,1.836379011221672e-20
RE1,DEMRESELCREF_LOW_RUR,2054,1.180735229686554e-23
RE1,DEMRESELCREF_LOW_URB,2022,6.488405950053577
RE1,DEMRESELCREF_LOW_URB,2023,6.749382500364807
RE1,DEMRESELCREF_LOW_URB,2024,6.93535676362912
RE1,DEMRESELCREF_LOW_URB,2025,6.926010894768979
RE1,DEMRESELCREF_LOW_URB,2026,6.906874845780371
RE1,DEMRESELCREF_LOW_URB,2027,6.864701084842609
RE1,DEMRESELCREF_LOW_URB,2028,6.783544964779493
RE1,DEMRESELCREF_LOW_URB,2029,6.642452320292429
RE1,DEMRESELCREF_LOW_URB,2030,6.416498066500664
RE1,DEMRESELCREF_LOW_URB,2031,6.079638600909833
RE1,DEMRESELCREF_LOW_URB,2032,5.609989652006361
RE1,DEMRESELCREF_LOW_URB,2033,4.997573508655756
RE1,DEMRESELCREF_LOW_URB,2034,4.253265249572607
RE1,DEMRESELCREF_LOW_URB,2035,3.415715198554471
RE1,DEMRESELCREF_LOW_URB,2036,2.551375170528464
RE1,DEMRESELCREF_LOW_URB,2037,1.743320579006787
RE1,DEMRESELCREF_LOW_URB,2038,1.069147884300722
RE1,DEMRESELCREF_LOW_URB,2039,0.5759770265001161
RE1,DEMRESELCREF_LOW_URB,2040,0.2660492051108535
RE1,DEMRESELCREF_LOW_URB,2041,0.102554668314169
RE1,DEMRESELCREF_LOW_URB,2042,0.03201318263627177
RE1,DEMRESELCREF_LOW_URB,2043,0.007828037895788719
RE1,DEMRESELCREF_LOW_URB,2044,0.001445629897212815
RE1,DEMRESELCREF_LOW_URB,2045,0.0001937140406444009
RE1,DEMRESELCREF_LOW_URB,2046,1.803042754310697e-05
RE1,DEMRESELCREF_LOW_URB,2047,1.111695795749122e-06
RE1,DEMRESELCREF_LOW_URB,2048,4.312997941218357e-08
RE1,DEMRESELCREF_LOW_URB,2049,9.960470721357275e-10
RE1,DEMRESELCREF_LOW_URB,2050,1.289819047066293e-11
RE1,DEMRESELCREF_LOW_URB,2051,8.783050619662918e-14
RE1,DEMRESELCREF_LOW_URB,2052,2.93601845295015e-16
RE1,DEMRESELCREF_LOW_URB,2053,4.47650642251153e-19
RE1,DEMRESELCREF_LOW_URB,2054,2.87825596278254e-22
RE1,DEMRESELCREF_MID_RUR,2022,0.001789141468940447
RE1,DEMRESELCREF_MID_RUR,2023,0.002639085337607044
RE1,DEMRESELCREF_MID_RUR,2024,0.006438595494457315
RE1,DEMRESELCREF_MID_RUR,2025,0.006429919045474868
RE1,DEMRESELCREF_MID_RUR,2026,0.006412153661083123
RE1,DEMRESELCREF_MID_RUR,2027,0.006373000695141668
RE1,DEMRESELCREF_MID_RUR,2028,0.006297657573396828
RE1,DEMRESELCREF_MID_RUR,2029,0.006166671022011387
RE1,DEMRESELCREF_MID_RUR,2030,0.005956901274037262
RE1,DEMRESELCREF_MID_RUR,2031,0.005644170161372268
RE1,DEMRESELCREF_MID_RUR,2032,0.005208160925013362
RE1,DEMRESELCREF_MID_RUR,2033,0.004639610530895382
RE1,DEMRESELCREF_MID_RUR,2034,0.003948615104596299
RE1,DEMRESELCREF_MID_RUR,2035,0.003171056549404395
RE1,DEMRESELCREF_MID_RUR,2036,0.002368626912429923
RE1,DEMRESELCREF_MID_RUR,2037,0.001618451134951313
RE1,DEMRESELCREF_MID_RUR,2038,0.0009925676479785085
RE1,DEMRESELCREF_MID_RUR,2039,0.000534721314869172
RE1,DEMRESELCREF_MID_RUR,2040,0.0002469928039338996
RE1,DEMRESELCREF_MID_RUR,2041,9.520894855849464e-05
RE1,DEMRESELCREF_MID_RUR,2042,2.972016300099903e-05
RE1,DEMRESELCREF_MID_RUR,2043,7.267336237204951e-06
RE1,DEMRESELCREF_MID_RUR,2044,1.342083249654866e-06
RE1,DEMRESELCREF_MID_RUR,2045,1.798388160573162e-07
RE1,DEMRESELCREF_MID_RUR,2046,1.673895568732645e-08
RE1,DEMRESELCREF_MID_RUR,2047,1.032067965018708e-09
RE1,DEMRESELCREF_MID_RUR,2048,4.004069301461708e-11
RE1,DEMRESELCREF_MID_RUR,2049,9.247028537237984e-13
RE1,DEMRESELCREF_MID_RUR,2050,1.197432718769125e-14
RE1,DEMRESELCREF_MID_RUR,2051,8.153943924545931e-17
RE1,DEMRESELCREF_MID_RUR,2052,2.725719213457796e-19
RE1,DEMRESELCREF_MID_RUR,2053,4.155866102526184e-22
RE1,DEMRESELCREF_MID_RUR,2054,2.672094097747498e-25
RE1,DEMRESELCREF_MID_URB,2022,0.04471127299883672
RE1,DEMRESELCREF_MID_URB,2023,0.0637351319690714
RE1,DEMRESELCREF_MID_URB,2024,0.1569524259794144
RE1,DEMRESELCREF_MID_URB,2025,0.1567409218217368
RE1,DEMRESELCREF_MID_URB,2026,0.1563078584026819
RE1,DEMRESELCREF_MID_URB,2027,0.1553534339487632
RE1,DEMRESELCREF_MID_URB,2028,0.1535168089039231
RE1,DEMRESELCREF_MID_URB,2029,0.150323774486973
RE1,DEMRESELCREF_MID_URB,2030,0.1452102569706184
RE1,DEMRESELCREF_MID_URB,2031,0.1375868697188076
RE1,DEMRESELCREF_MID_URB,2032,0.1269583549355955
RE1,DEMRESELCREF_MID_URB,2033,0.1130989093895618
RE1,DEMRESELCREF_MID_URB,2034,0.09625464442654573
RE1,DEMRESELCREF_MID_URB,2035,0.07730024642414349
RE1,DEMRESELCREF_MID_URB,2036,0.05773957075980912
RE1,DEMRESELCREF_MID_URB,2037,0.03945267755652905
RE1,DEMRESELCREF_MID_URB,2038,0.02419563403742587
RE1,DEMRESELCREF_MID_URB,2039,0.01303480047222514
RE1,DEMRESELCREF_MID_URB,2040,0.006020896919251304
RE1,DEMRESELCREF_MID_URB,2041,0.002320890551995224
RE1,DEMRESELCREF_MID_URB,2042,0.0007244827986982581
RE1,DEMRESELCREF_MID_URB,2043,0.0001771544824984482
RE1,DEMRESELCREF_MID_URB,2044,3.271570982848668e-05
RE1,DEMRESELCREF_MID_URB,2045,4.383896843614418e-06
RE1,DEMRESELCREF_MID_URB,2046,4.080423604417224e-07
RE1,DEMRESELCREF_MID_URB,2047,2.515852580345657e-08
RE1,DEMRESELCREF_MID_URB,2048,9.7606440907045e-10
RE1,DEMRESELCREF_MID_URB,2049,2.254130676899598e-11
RE1,DEMRESELCREF_MID_URB,2050,2.918959116467695e-13
RE1,DEMRESELCREF_MID_URB,2051,1.987671505935253e-15
RE1,DEMRESELCREF_MID_URB,2052,6.644434231956058e-18
RE1,DEMRESELCREF_MID_URB,2053,1.013067628489179e-20
RE1,DEMRESELCREF_MID_URB,2054,6.513713300482673e-24
RE1,DEMRESELCTV_CRT_RUR,2022,0.2268630589509815
RE1,DEMRESELCTV_CRT_RUR,2023,0.2379002334531649
RE1,DEMRESELCTV_CRT_RUR,2024,0.2382637357004261
RE1,DEMRESELCTV_CRT_RUR,2025,0.1716913165670683
RE1,DEMRESELCTV_CRT_RUR,2026,0.08765232994089298
RE1,DEMRESELCTV_CRT_RUR,2027,0.0197876537125293
RE1,DEMRESELCTV_CRT_RUR,2028,0.001099810831157124
RE1,DEMRESELCTV_CRT_RUR,2029,6.655033411346415e-06
RE1,DEMRESELCTV_CRT_RUR,2030,1.481727669630647e-09
RE1,DEMRESELCTV_CRT_RUR,2031,3.017411393255816e-15
RE1,DEMRESELCTV_CRT_RUR,2032,9.888229854173195e-24
RE1,DEMRESELCTV_CRT_RUR,2033,6.249155047091776e-36
RE1,DEMRESELCTV_CRT_RUR,2034,5.982705216682559e-53
RE1,DEMRESELCTV_CRT_RUR,2035,4.299118414969488e-76
RE1,DEMRESELCTV_CRT_RUR,2036,6.97427140872509e-107
RE1,DEMRESELCTV_CRT_RUR,2037,4.487571040685591e-147
RE1,DEMRESELCTV_CRT_RUR,2038,1.131146055510986e-198
RE1,DEMRESELCTV_CRT_RUR,2039,5.96749633330087e-264
RE1,DEMRESELCTV_CRT_RUR,2040,0.0
RE1,DEMRESELCTV_CRT_RUR,2041,0.0
RE1,DEMRESELCTV_CRT_RUR,2042,0.0
RE1,DEMRESELCTV_CRT_RUR,2043,0.0
RE1,DEMRESELCTV_CRT_RUR,2044,0.0
RE1,DEMRESELCTV_CRT_RUR,2045,0.0
RE1,DEMRESELCTV_CRT_RUR,2046,0.0
RE1,DEMRESELCTV_CRT_RUR,2047,0.0
RE1,DEMRESELCTV_CRT_RUR,2048,0.0
RE1,DEMRESELCTV_CRT_RUR,2049,0.0
RE1,DEMRESELCTV_CRT_RUR,2050,0.0
RE1,DEMRESELCTV_CRT_RUR,2051,0.0
RE1,DEMRESELCTV_CRT_RUR,2052,0.0
RE1,DEMRESELCTV_CRT_RUR,2053,0.0
RE1,DEMRESELCTV_CRT_RUR,2054,0.0
RE1,DEMRESELCTV_CRT_URB,2022,0.8846864164490601
RE1,DEMRESELCTV_CRT_URB,2023,0.8846218997194778
RE1,DEMRESELCTV_CRT_URB,2024,0.8821879569230232
RE1,DEMRESELCTV_CRT_URB,2025,0.6356989717233548
RE1,DEMRESELCTV_CRT_URB,2026,0.3245388126010182
RE1,DEMRESELCTV_CRT_URB,2027,0.07326515614992635
RE1,DEMRESELCTV_CRT_URB,2028,0.004072125652223544
RE1,DEMRESELCTV_CRT_URB,2029,2.464072138863746e-05
RE1,DEMRESELCTV_CRT_URB,2030,5.486199155507639e-09
RE1,DEMRESELCTV_CRT_URB,2031,1.117217433189033e-14
RE1,DEMRESELCTV_CRT_URB,2032,3.661185478769732e-23
RE1,DEMRESELCTV_CRT_URB,2033,2.313792867925404e-35
RE1,DEMRESELCTV_CRT_URB,2034,2.215137975765592e-52
RE1,DEMRESELCTV_CRT_URB,2035,1.591778320743124e-75
RE1,DEMRESELCTV_CRT_URB,2036,2.582272214864312e-106
RE1,DEMRESELCTV_CRT_URB,2037,1.661554208529211e-146
RE1,DEMRESELCTV_CRT_URB,2038,4.18814648716594e-198
RE1,DEMRESELCTV_CRT_URB,2039,2.209506781526935e-263
RE1,DEMRESELCTV_CRT_URB,2040,0.0
RE1,DEMRESELCTV_CRT_URB,2041,0.0
RE1,DEMRESELCTV_CRT_URB,2042,0.0
RE1,DEMRESELCTV_CRT_URB,2043,0.0
RE1,DEMRESELCTV_CRT_URB,2044,0.0
RE1,DEMRESELCTV_CRT_URB,2045,0.0
RE1,DEMRESELCTV_CRT_URB,2046,0.0
RE1,DEMRESELCTV_CRT_URB,2047,0.0
RE1,DEMRESELCTV_CRT_URB,2048,0.0
RE1,DEMRESELCTV_CRT_URB,2049,0.0
RE1,DEMRESELCTV_CRT_URB,2050,0.0
RE1,DEMRESELCTV_CRT_URB,2051,0.0
RE1,DEMRESELCTV_CRT_URB,2052,0.0
RE1,DEMRESELCTV_CRT_URB,2053,0.0
RE1,DEMRESELCTV_CRT_URB,2054,0.0
RE1,DEMRESELCTV_HIG_RUR,2022,0.0
RE1,DEMRESELCTV_HIG_RUR,2023,0.0
RE1,DEMRESELCTV_HIG_RUR,2024,0.0
RE1,DEMRESELCTV_HIG_RUR,2025,0.0
RE1,DEMRESELCTV_HIG_RUR,2026,0.0
RE1,DEMRESELCTV_HIG_RUR,2027,0.0
RE1,DEMRESELCTV_HIG_RUR,2028,0.0
RE1,DEMRESELCTV_HIG_RUR,2029,0.0
RE1,DEMRESELCTV_HIG_RUR,2030,0.0
RE1,DEMRESELCTV_HIG_RUR,2031,0.0
RE1,DEMRESELCTV_HIG_RUR,2032,0.0
RE1,DEMRESELCTV_HIG_RUR,2033,0.0
RE1,DEMRESELCTV_HIG_RUR,2034,0.0
RE1,DEMRESELCTV_HIG_RUR,2035,0.0
RE1,DEMRESELCTV_HIG_RUR,2036,0.0
RE1,DEMRESELCTV_HIG_RUR,2037,0.0
RE1,DEMRESELCTV_HIG_RUR,2038,0.0
RE1,DEMRESELCTV_HIG_RUR,2039,0.0
RE1,DEMRESELCTV_HIG_RUR,2040,0.0
RE1,DEMRESELCTV_HIG_RUR,2041,0.0
RE1,DEMRESELCTV_HIG_RUR,2042,0.0
RE1,DEMRESELCTV_HIG_RUR,2043,0.0
RE1,DEMRESELCTV_HIG_RUR,2044,0.0
RE1,DEMRESELCTV_HIG_RUR,2045,0.0
RE1,DEMRESELCTV_HIG_RUR,2046,0.0
RE1,DEMRESELCTV_HIG_RUR,2047,0.0
RE1,DEMRESELCTV_HIG_RUR,2048,0.0
RE1,DEMRESELCTV_HIG_RUR,2049,0.0
RE1,DEMRESELCTV_HIG_RUR,2050,0.0
RE1,DEMRESELCTV_HIG_RUR,2051,0.0
RE1,DEMRESELCTV_HIG_RUR,2052,0.0
RE1,DEMRESELCTV_HIG_RUR,2053,0.0
RE1,DEMRESELCTV_HIG_RUR,2054,0.0
RE1,DEMRESELCTV_HIG_URB,2022,0.0
RE1,DEMRESELCTV_HIG_URB,2023,0.0
RE1,DEMRESELCTV_HIG_URB,2024,0.0
RE1,DEMRESELCTV_HIG_URB,2025,0.0
RE1,DEMRESELCTV_HIG_URB,2026,0.0
RE1,DEMRESELCTV_HIG_URB,2027,0.0
RE1,DEMRESELCTV_HIG_URB,2028,0.0
RE1,DEMRESELCTV_HIG_URB,2029,0.0
RE1,DEMRESELCTV_HIG_URB,2030,0.0
RE1,DEMRESELCTV_HIG_URB,2031,0.0
RE1,DEMRESELCTV_HIG_URB,2032,0.0
RE1,DEMRESELCTV_HIG_URB,2033,0.0
RE1,DEMRESELCTV_HIG_URB,2034,0.0
RE1,DEMRESELCTV_HIG_URB,2035,0.0
RE1,DEMRESELCTV_HIG_URB,2036,0.0
RE1,DEMRESELCTV_HIG_URB,2037,0.0
RE1,DEMRESELCTV_HIG_URB,2038,0.0
RE1,DEMRESELCTV_HIG_URB,2039,0.0
RE1,DEMRESELCTV_HIG_URB,2040,0.0
RE1,DEMRESELCTV_HIG_URB,2041,0.0
RE1,DEMRESELCTV_HIG_URB,2042,0.0
RE1,DEMRESELCTV_HIG_URB,2043,0.0
RE1,DEMRESELCTV_HIG_URB,2044,0.0
RE1,DEMRESELCTV_HIG_URB,2045,0.0
RE1,DEMRESELCTV_HIG_URB,2046,0.0
RE1,DEMRESELCTV_HIG_URB,2047,0.0
RE1,DEMRESELCTV_HIG_URB,2048,0.0
RE1,DEMRESELCTV_HIG_URB,2049,0.0
RE1,DEMRESELCTV_HIG_URB,2050,0.0
RE1,DEMRESELCTV_HIG_URB,2051,0.0
RE1,DEMRESELCTV_HIG_URB,2052,0.0
RE1,DEMRESELCTV_HIG_URB,2053,0.0
RE1,DEMRESELCTV_HIG_URB,2054,0.0
RE1,DEMRESELCTV_LOW_RUR,2022,0.1173158816036088
RE1,DEMRESELCTV_LOW_RUR,2023,0.1345433093705471
RE1,DEMRESELCTV_LOW_RUR,2024,0.1452328925986526
RE1,DEMRESELCTV_LOW_RUR,2025,0.1046538889596606
RE1,DEMRESELCTV_LOW_RUR,2026,0.05342819536890443
RE1,DEMRESELCTV_LOW_RUR,2027,0.01206150058028306
RE1,DEMRESELCTV_LOW_RUR,2028,0.000670386149410113
RE1,DEMRESELCTV_LOW_RUR,2029,4.056554178625641e-06
RE1,DEMRESELCTV_LOW_RUR,2030,9.031823280672871e-10
RE1,DEMRESELCTV_LOW_RUR,2031,1.839253395043151e-15
RE1,DEMRESELCTV_LOW_RUR,2032,6.0273386555458e-24
RE1,DEMRESELCTV_LOW_RUR,2033,3.809152329113695e-36
RE1,DEMRESELCTV_LOW_RUR,2034,3.646738693278631e-53
RE1,DEMRESELCTV_LOW_RUR,2035,2.620513781481169e-76
RE1,DEMRESELCTV_LOW_RUR,2036,4.251144671595164e-107
RE1,DEMRESELCTV_LOW_RUR,2037,2.735384472440926e-147
RE1,DEMRESELCTV_LOW_RUR,2038,6.894864344776696e-199
RE1,DEMRESELCTV_LOW_RUR,2039,3.637468167404331e-264
RE1,DEMRESELCTV_LOW_RUR,2040,0.0
RE1,DEMRESELCTV_LOW_RUR,2041,0.0
RE1,DEMRESELCTV_LOW_RUR,2042,0.0
RE1,DEMRESELCTV_LOW_RUR,2043,0.0
RE1,DEMRESELCTV_LOW_RUR,2044,0.0
RE1,DEMRESELCTV_LOW_RUR,2045,0.0
RE1,DEMRESELCTV_LOW_RUR,2046,0.0
RE1,DEMRESELCTV_LOW_RUR,2047,0.0
RE1,DEMRESELCTV_LOW_RUR,2048,0.0
RE1,DEMRESELCTV_LOW_RUR,2049,0.0
RE1,DEMRESELCTV_LOW_RUR,2050,0.0
RE1,DEMRESELCTV_LOW_RUR,2051,0.0
RE1,DEMRESELCTV_LOW_RUR,2052,0.0
RE1,DEMRESELCTV_LOW_RUR,2053,0.0
RE1,DEMRESELCTV_LOW_RUR,2054,0.0
RE1,DEMRESELCTV_LOW_URB,2022,0.9715088718743425
RE1,DEMRESELCTV_LOW_URB,2023,1.027512901329338
RE1,DEMRESELCTV_LOW_URB,2024,1.072863611469276
RE1,DEMRESELCTV_LOW_URB,2025,0.7730986228708335
RE1,DEMRESELCTV_LOW_URB,2026,0.3946844658404926
RE1,DEMRESELCTV_LOW_URB,2027,0.08910064958949455
RE1,DEMRESELCTV_LOW_URB,2028,0.00495227281138507
RE1,DEMRESELCTV_LOW_URB,2029,2.996655432752472e-05
RE1,DEMRESELCTV_LOW_URB,2030,6.671983439614337e-09
RE1,DEMRESELCTV_LOW_URB,2031,1.358692238724596e-14
RE1,DEMRESELCTV_LOW_URB,2032,4.452512238675351e-23
RE1,DEMRESELCTV_LOW_URB,2033,2.813894876929165e-35
RE1,DEMRESELCTV_LOW_URB,2034,2.693916766753124e-52
RE1,DEMRESELCTV_LOW_URB,2035,1.935824474194201e-75
RE1,DEMRESELCTV_LOW_URB,2036,3.14040321282444e-106
RE1,DEMRESELCTV_LOW_URB,2037,2.020681686737387e-146
RE1,DEMRESELCTV_LOW_URB,2038,5.093370330349322e-198
RE1,DEMRESELCTV_LOW_URB,2039,2.687068449067125e-263
RE1,DEMRESELCTV_LOW_URB,2040,0.0
RE1,DEMRESELCTV_LOW_URB,2041,0.0
RE1,DEMRESELCTV_LOW_URB,2042,0.0
RE1,DEMRESELCTV_LOW_URB,2043,0.0
RE1,DEMRESELCTV_LOW_URB,2044,0.0
RE1,DEMRESELCTV_LOW_URB,2045,0.0
RE1,DEMRESELCTV_LOW_URB,2046,0.0
RE1,DEMRESELCTV_LOW_URB,2047,0.0
RE1,DEMRESELCTV_LOW_URB,2048,0.0
RE1,DEMRESELCTV_LOW_URB,2049,0.0
RE1,DEMRESELCTV_LOW_URB,2050,0.0
RE1,DEMRESELCTV_LOW_URB,2051,0.0
RE1,DEMRESELCTV_LOW_URB,2052,0.0
RE1,DEMRESELCTV_LOW_URB,2053,0.0
RE1,DEMRESELCTV_LOW_URB,2054,0.0
RE1,DEMRESELCTV_MID_RUR,2022,0.0008084177300026742
RE1,DEMRESELCTV_MID_RUR,2023,0.001270506683807582
RE1,DEMRESELCTV_MID_RUR,2024,0.003286731397136998
RE1,DEMRESELCTV_MID_RUR,2025,0.002368397520159262
RE1,DEMRESELCTV_MID_RUR,2026,0.001209120909659392
RE1,DEMRESELCTV_MID_RUR,2027,0.0002729609797372459
RE1,DEMRESELCTV_MID_RUR,2028,1.517135110405722e-05
RE1,DEMRESELCTV_MID_RUR,2029,9.180292249580843e-08
RE1,DEMRESELCTV_MID_RUR,2030,2.043970661110127e-11
RE1,DEMRESELCTV_MID_RUR,2031,4.162371052874853e-17
RE1,DEMRESELCTV_MID_RUR,2032,1.364032819693606e-25
RE1,DEMRESELCTV_MID_RUR,2033,8.620402949057322e-38
RE1,DEMRESELCTV_MID_RUR,2034,8.252848473848011e-55
RE1,DEMRESELCTV_MID_RUR,2035,5.930423038550886e-78
RE1,DEMRESELCTV_MID_RUR,2036,9.620665412563092e-109
RE1,DEMRESELCTV_MID_RUR,2037,6.19038419461737e-149
RE1,DEMRESELCTV_MID_RUR,2038,1.56036051582355e-200
RE1,DEMRESELCTV_MID_RUR,2039,8.231868565017552e-266
RE1,DEMRESELCTV_MID_RUR,2040,0.0
RE1,DEMRESELCTV_MID_RUR,2041,0.0
RE1,DEMRESELCTV_MID_RUR,2042,0.0
RE1,DEMRESELCTV_MID_RUR,2043,0.0
RE1,DEMRESELCTV_MID_RUR,2044,0.0
RE1,DEMRESELCTV_MID_RUR,2045,0.0
RE1,DEMRESELCTV_MID_RUR,2046,0.0
RE1,DEMRESELCTV_MID_RUR,2047,0.0
RE1,DEMRESELCTV_MID_RUR,2048,0.0
RE1,DEMRESELCTV_MID_RUR,2049,0.0
RE1,DEMRESELCTV_MID_RUR,2050,0.0
RE1,DEMRESELCTV_MID_RUR,2051,0.0
RE1,DEMRESELCTV_MID_RUR,2052,0.0
RE1,DEMRESELCTV_MID_RUR,2053,0.0
RE1,DEMRESELCTV_MID_RUR,2054,0.0
RE1,DEMRESELCTV_MID_URB,2022,0.006694617865395265
RE1,DEMRESELCTV_MID_URB,2023,0.009702912875749616
RE1,DEMRESELCTV_MID_URB,2024,0.02427972378410489
RE1,DEMRESELCTV_MID_URB,2025,0.01749581290716864
RE1,DEMRESELCTV_MID_URB,2026,0.008932011217493485
RE1,DEMRESELCTV_MID_URB,2027,0.002016415822002366
RE1,DEMRESELCTV_MID_URB,2028,0.0001120737199757338
RE1,DEMRESELCTV_MID_URB,2029,6.781660353241549e-07
RE1,DEMRESELCTV_MID_URB,2030,1.509920862952087e-10
RE1,DEMRESELCTV_MID_URB,2031,3.074824414881837e-16
RE1,DEMRESELCTV_MID_URB,2032,1.007637561239814e-24
RE1,DEMRESELCTV_MID_URB,2033,6.368059242477579e-37
RE1,DEMRESELCTV_MID_URB,2034,6.096539606237534e-54
RE1,DEMRESELCTV_MID_URB,2035,4.380918788323663e-77
RE1,DEMRESELCTV_MID_URB,2036,7.106972569763267e-108
RE1,DEMRESELCTV_MID_URB,2037,4.572957148056645e-148
RE1,DEMRESELCTV_MID_URB,2038,1.152668647058295e-199
RE1,DEMRESELCTV_MID_URB,2039,6.081041339726831e-265
RE1,DEMRESELCTV_MID_URB,2040,0.0
RE1,DEMRESELCTV_MID_URB,2041,0.0
RE1,DEMRESELCTV_MID_URB,2042,0.0
RE1,DEMRESELCTV_MID_URB,2043,0.0
RE1,DEMRESELCTV_MID_URB,2044,0.0
RE1,DEMRESELCTV_MID_URB,2045,0.0
RE1,DEMRESELCTV_MID_URB,2046,0.0
RE1,DEMRESELCTV_MID_URB,2047,0.0
RE1,DEMRESELCTV_MID_URB,2048,0.0
RE1,DEMRESELCTV_MID_URB,2049,0.0
RE1,DEMRESELCTV_MID_URB,2050,0.0
RE1,DEMRESELCTV_MID_URB,2051,0.0
RE1,DEMRESELCTV_MID_URB,2052,0.0
RE1,DEMRESELCTV_MID_URB,2053,0.0
RE1,DEMRESELCTV_MID_URB,2054,0.0
RE1,DEMRESELCWHT_DUC_HIG_RUR,2022,0.0
RE1,DEMRESELCWHT_DUC_HIG_RUR,2023,0.0
RE1,DEMRESELCWHT_DUC_HIG_RUR,2024,0.0
RE1,DEMRESELCWHT_DUC_HIG_RUR,2025,0.0
RE1,DEMRESELCWHT_DUC_HIG_RUR,2026,0.0
RE1,DEMRESELCWHT_DUC_HIG_RUR,2027,0.0
RE1,DEMRESELCWHT_DUC_HIG_RUR,2028,0.0
RE1,DEMRESELCWHT_DUC_HIG_RUR,2029,0.0
RE1,DEMRESELCWHT_DUC_HIG_RUR,2030,0.0
RE1,DEMRESELCWHT_DUC_HIG_RUR,2031,0.0
RE1,DEMRESELCWHT_DUC_HIG_RUR,2032,0.0
RE1,DEMRESELCWHT_DUC_HIG_RUR,2033,0.0
RE1,DEMRESELCWHT_DUC_HIG_RUR,2034,0.0
RE1,DEMRESELCWHT_DUC_HIG_RUR,2035,0.0
RE1,DEMRESELCWHT_DUC_HIG_RUR,2036,0.0
RE1,DEMRESELCWHT_DUC_HIG_RUR,2037,0.0
RE1,DEMRESELCWHT_DUC_HIG_RUR,2038,0.0
RE1,DEMRESELCWHT_DUC_HIG_RUR,2039,0.0
RE1,DEMRESELCWHT_DUC_HIG_RUR,2040,0.0
RE1,DEMRESELCWHT_DUC_HIG_RUR,2041,0.0
RE1,DEMRESELCWHT_DUC_HIG_RUR,2042,0.0
RE1,DEMRESELCWHT_DUC_HIG_RUR,2043,0.0
RE1,DEMRESELCWHT_DUC_HIG_RUR,2044,0.0
RE1,DEMRESELCWHT_DUC_HIG_RUR,2045,0.0
RE1,DEMRESELCWHT_DUC_HIG_RUR,2046,0.0
RE1,DEMRESELCWHT_DUC_HIG_RUR,2047,0.0
RE1,DEMRESELCWHT_DUC_HIG_RUR,2048,0.0
RE1,DEMRESELCWHT_DUC_HIG_RUR,2049,0.0
RE1,DEMRESELCWHT_DUC_HIG_RUR,2050,0.0
RE1,DEMRESELCWHT_DUC_HIG_RUR,2051,0.0
RE1,DEMRESELCWHT_DUC_HIG_RUR,2052,0.0
RE1,DEMRESELCWHT_DUC_HIG_RUR,2053,0.0
RE1,DEMRESELCWHT_DUC_HIG_RUR,2054,0.0
RE1,DEMRESELCWHT_DUC_HIG_URB,2022,0.0
RE1,DEMRESELCWHT_DUC_HIG_URB,2023,0.0
RE1,DEMRESELCWHT_DUC_HIG_URB,2024,0.0
RE1,DEMRESELCWHT_DUC_HIG_URB,2025,0.0
RE1,DEMRESELCWHT_DUC_HIG_URB,2026,0.0
RE1,DEMRESELCWHT_DUC_HIG_URB,2027,0.0
RE1,DEMRESELCWHT_DUC_HIG_URB,2028,0.0
RE1,DEMRESELCWHT_DUC_HIG_URB,2029,0.0
RE1,DEMRESELCWHT_DUC_HIG_URB,2030,0.0
RE1,DEMRESELCWHT_DUC_HIG_URB,2031,0.0
RE1,DEMRESELCWHT_DUC_HIG_URB,2032,0.0
RE1,DEMRESELCWHT_DUC_HIG_URB,2033,0.0
RE1,DEMRESELCWHT_DUC_HIG_URB,2034,0.0
RE1,DEMRESELCWHT_DUC_HIG_URB,2035,0.0
RE1,DEMRESELCWHT_DUC_HIG_URB,2036,0.0
RE1,DEMRESELCWHT_DUC_HIG_URB,2037,0.0
RE1,DEMRESELCWHT_DUC_HIG_URB,2038,0.0
RE1,DEMRESELCWHT_DUC_HIG_URB,2039,0.0
RE1,DEMRESELCWHT_DUC_HIG_URB,2040,0.0
RE1,DEMRESELCWHT_DUC_HIG_URB,2041,0.0
RE1,DEMRESELCWHT_DUC_HIG_URB,2042,0.0
RE1,DEMRESELCWHT_DUC_HIG_URB,2043,0.0
RE1,DEMRESELCWHT_DUC_HIG_URB,2044,0.0
RE1,DEMRESELCWHT_DUC_HIG_URB,2045,0.0
RE1,DEMRESELCWHT_DUC_HIG_URB,2046,0.0
RE1,DEMRESELCWHT_DUC_HIG_URB,2047,0.0
RE1,DEMRESELCWHT_DUC_HIG_URB,2048,0.0
RE1,DEMRESELCWHT_DUC_HIG_URB,2049,0.0
RE1,DEMRESELCWHT_DUC_HIG_URB,2050,0.0
RE1,DEMRESELCWHT_DUC_HIG_URB,2051,0.0
RE1,DEMRESELCWHT_DUC_HIG_URB,2052,0.0
RE1,DEMRESELCWHT_DUC_HIG_URB,2053,0.0
RE1,DEMRESELCWHT_DUC_HIG_URB,2054,0.0
RE1,DEMRESELCWHT_DUC_LOW_RUR,2022,0.09430175326252731
RE1,DEMRESELCWHT_DUC_LOW_RUR,2023,0.101618663800053
RE1,DEMRESELCWHT_DUC_LOW_RUR,2024,0.1022867724343545
RE1,DEMRESELCWHT_DUC_LOW_RUR,2025,0.001512537332606221
RE1,DEMRESELCWHT_DUC_LOW_RUR,2026,2.659234848115919e-07
RE1,DEMRESELCWHT_DUC_LOW_RUR,2027,1.295376619591188e-15
RE1,DEMRESELCWHT_DUC_LOW_RUR,2028,9.37586661211389e-32
RE1,DEMRESELCWHT_DUC_LOW_RUR,2029,2.793775866464531e-60
RE1,DEMRESELCWHT_DUC_LOW_RUR,2030,2.99405912688547e-107
RE1,DEMRESELCWHT_DUC_LOW_RUR,2031,1.940039003888766e-180
RE1,DEMRESELCWHT_DUC_LOW_RUR,2032,1.500502552129776e-289
RE1,DEMRESELCWHT_DUC_LOW_RUR,2033,0.0
RE1,DEMRESELCWHT_DUC_LOW_RUR,2034,0.0
RE1,DEMRESELCWHT_DUC_LOW_RUR,2035,0.0
RE1,DEMRESELCWHT_DUC_LOW_RUR,2036,0.0
RE1,DEMRESELCWHT_DUC_LOW_RUR,2037,0.0
RE1,DEMRESELCWHT_DUC_LOW_RUR,2038,0.0
RE1,DEMRESELCWHT_DUC_LOW_RUR,2039,0.0
RE1,DEMRESELCWHT_DUC_LOW_RUR,2040,0.0
RE1,DEMRESELCWHT_DUC_LOW_RUR,2041,0.0
RE1,DEMRESELCWHT_DUC_LOW_RUR,2042,0.0
RE1,DEMRESELCWHT_DUC_LOW_RUR,2043,0.0
RE1,DEMRESELCWHT_DUC_LOW_RUR,2044,0.0
RE1,DEMRESELCWHT_DUC_LOW_RUR,2045,0.0
RE1,DEMRESELCWHT_DUC_LOW_RUR,2046,0.0
RE1,DEMRESELCWHT_DUC_LOW_RUR,2047,0.0
RE1,DEMRESELCWHT_DUC_LOW_RUR,2048,0.0
RE1,DEMRESELCWHT_DUC_LOW_RUR,2049,0.0
RE1,DEMRESELCWHT_DUC_LOW_RUR,2050,0.0
RE1,DEMRESELCWHT_DUC_LOW_RUR,2051,0.0
RE1,DEMRESELCWHT_DUC_LOW_RUR,2052,0.0
RE1,DEMRESELCWHT_DUC_LOW_RUR,2053,0.0
RE1,DEMRESELCWHT_DUC_LOW_RUR,2054,0.0
RE1,DEMRESELCWHT_DUC_LOW_URB,2022,5.686908564153499
RE1,DEMRESELCWHT_DUC_LOW_URB,2023,5.848424035887642
RE1,DEMRESELCWHT_DUC_LOW_URB,2024,5.942049759578543
RE1,DEMRESELCWHT_DUC_LOW_URB,2025,0.08786641595651487
RE1,DEMRESELCWHT_DUC_LOW_URB,2026,1.544804417409009e-05
RE1,DEMRESELCWHT_DUC_LOW_URB,2027,7.525110185625792e-14
RE1,DEMRESELCWHT_DUC_LOW_URB,2028,5.446634459417179e-30
RE1,DEMRESELCWHT_DUC_LOW_URB,2029,1.622962072275369e-58
RE1,DEMRESELCWHT_DUC_LOW_URB,2030,1.739310752667609e-105
RE1,DEMRESELCWHT_DUC_LOW_URB,2031,1.1270087052584e-178
RE1,DEMRESELCWHT_DUC_LOW_URB,2032,8.716729071544288e-288
RE1,DEMRESELCWHT_DUC_LOW_URB,2033,0.0
RE1,DEMRESELCWHT_DUC_LOW_URB,2034,0.0
RE1,DEMRESELCWHT_DUC_LOW_URB,2035,0.0
RE1,DEMRESELCWHT_DUC_LOW_URB,2036,0.0
RE1,DEMRESELCWHT_DUC_LOW_URB,2037,0.0
RE1,DEMRESELCWHT_DUC_LOW_URB,2038,0.0
RE1,DEMRESELCWHT_DUC_LOW_URB,2039,0.0
RE1,DEMRESELCWHT_DUC_LOW_URB,2040,0.0
RE1,DEMRESELCWHT_DUC_LOW_URB,2041,0.0
RE1,DEMRESELCWHT_DUC_LOW_URB,2042,0.0
RE1,DEMRESELCWHT_DUC_LOW_URB,2043,0.0
RE1,DEMRESELCWHT_DUC_LOW_URB,2044,0.0
RE1,DEMRESELCWHT_DUC_LOW_URB,2045,0.0
RE1,DEMRESELCWHT_DUC_LOW_URB,2046,0.0
RE1,DEMRESELCWHT_DUC_LOW_URB,2047,0.0
RE1,DEMRESELCWHT_DUC_LOW_URB,2048,0.0
RE1,DEMRESELCWHT_DUC_LOW_URB,2049,0.0
RE1,DEMRESELCWHT_DUC_LOW_URB,2050,0.0
RE1,DEMRESELCWHT_DUC_LOW_URB,2051,0.0
RE1,DEMRESELCWHT_DUC_LOW_URB,2052,0.0
RE1,DEMRESELCWHT_DUC_LOW_URB,2053,0.0
RE1,DEMRESELCWHT_DUC_LOW_URB,2054,0.0
RE1,DEMRESELCWHT_DUC_MID_RUR,2022,0.000649828550624978
RE1,DEMRESELCWHT_DUC_MID_RUR,2023,0.0009595957774606803
RE1,DEMRESELCWHT_DUC_MID_RUR,2024,0.002314827863415556
RE1,DEMRESELCWHT_DUC_MID_RUR,2025,3.422987624543693e-05
RE1,DEMRESELCWHT_DUC_MID_RUR,2026,6.018051772759714e-09
RE1,DEMRESELCWHT_DUC_MID_RUR,2027,2.931536327995056e-17
RE1,DEMRESELCWHT_DUC_MID_RUR,2028,2.12183029739429e-33
RE1,DEMRESELCWHT_DUC_MID_RUR,2029,6.322528383599641e-62
RE1,DEMRESELCWHT_DUC_MID_RUR,2030,6.775784714564277e-109
RE1,DEMRESELCWHT_DUC_MID_RUR,2031,4.390456591243814e-182
RE1,DEMRESELCWHT_DUC_MID_RUR,2032,3.395751996207835e-291
RE1,DEMRESELCWHT_DUC_MID_RUR,2033,0.0
RE1,DEMRESELCWHT_DUC_MID_RUR,2034,0.0
RE1,DEMRESELCWHT_DUC_MID_RUR,2035,0.0
RE1,DEMRESELCWHT_DUC_MID_RUR,2036,0.0
RE1,DEMRESELCWHT_DUC_MID_RUR,2037,0.0
RE1,DEMRESELCWHT_DUC_MID_RUR,2038,0.0
RE1,DEMRESELCWHT_DUC_MID_RUR,2039,0.0
RE1,DEMRESELCWHT_DUC_MID_RUR,2040,0.0
RE1,DEMRESELCWHT_DUC_MID_RUR,2041,0.0
RE1,DEMRESELCWHT_DUC_MID_RUR,2042,0.0
RE1,DEMRESELCWHT_DUC_MID_RUR,2043,0.0
RE1,DEMRESELCWHT_DUC_MID_RUR,2044,0.0
RE1,DEMRESELCWHT_DUC_MID_RUR,2045,0.0
RE1,DEMRESELCWHT_DUC_MID_RUR,2046,0.0
RE1,DEMRESELCWHT_DUC_MID_RUR,2047,0.0
RE1,DEMRESELCWHT_DUC_MID_RUR,2048,0.0
RE1,DEMRESELCWHT_DUC_MID_RUR,2049,0.0
RE1,DEMRESELCWHT_DUC_MID_RUR,2050,0.0
RE1,DEMRESELCWHT_DUC_MID_RUR,2051,0.0
RE1,DEMRESELCWHT_DUC_MID_RUR,2052,0.0
RE1,DEMRESELCWHT_DUC_MID_RUR,2053,0.0
RE1,DEMRESELCWHT_DUC_MID_RUR,2054,0.0
RE1,DEMRESELCWHT_DUC_MID_URB,2022,0.03918819557355071
RE1,DEMRESELCWHT_DUC_MID_URB,2023,0.05522728600997806
RE1,DEMRESELCWHT_DUC_MID_URB,2024,0.134473129046101
RE1,DEMRESELCWHT_DUC_MID_URB,2025,0.001988484171256229
RE1,DEMRESELCWHT_DUC_MID_URB,2026,3.496010504428403e-07
RE1,DEMRESELCWHT_DUC_MID_URB,2027,1.702989968144528e-15
RE1,DEMRESELCWHT_DUC_MID_URB,2028,1.232615020342907e-31
RE1,DEMRESELCWHT_DUC_MID_URB,2029,3.672887252924871e-60
RE1,DEMRESELCWHT_DUC_MID_URB,2030,3.936193212076564e-107
RE1,DEMRESELCWHT_DUC_MID_URB,2031,2.550506865311766e-180
RE1,DEMRESELCWHT_DUC_MID_URB,2032,1.972662432535426e-289
RE1,DEMRESELCWHT_DUC_MID_URB,2033,0.0
RE1,DEMRESELCWHT_DUC_MID_URB,2034,0.0
RE1,DEMRESELCWHT_DUC_MID_URB,2035,0.0
RE1,DEMRESELCWHT_DUC_MID_URB,2036,0.0
RE1,DEMRESELCWHT_DUC_MID_URB,2037,0.0
RE1,DEMRESELCWHT_DUC_MID_URB,2038,0.0
RE1,DEMRESELCWHT_DUC_MID_URB,2039,0.0
RE1,DEMRESELCWHT_DUC_MID_URB,2040,0.0
RE1,DEMRESELCWHT_DUC_MID_URB,2041,0.0
RE1,DEMRESELCWHT_DUC_MID_URB,2042,0.0
RE1,DEMRESELCWHT_DUC_MID_URB,2043,0.0
RE1,DEMRESELCWHT_DUC_MID_URB,2044,0.0
RE1,DEMRESELCWHT_DUC_MID_URB,2045,0.0
RE1,DEMRESELCWHT_DUC_MID_URB,2046,0.0
RE1,DEMRESELCWHT_DUC_MID_URB,2047,0.0
RE1,DEMRESELCWHT_DUC_MID_URB,2048,0.0
RE1,DEMRESELCWHT_DUC_MID_URB,2049,0.0
RE1,DEMRESELCWHT_DUC_MID_URB,2050,0.0
RE1,DEMRESELCWHT_DUC_MID_URB,2051,0.0
RE1,DEMRESELCWHT_DUC_MID_URB,2052,0.0
RE1,DEMRESELCWHT_DUC_MID_URB,2053,0.0
RE1,DEMRESELCWHT_DUC_MID_URB,2054,0.0
RE1,DEMRESELCWHT_PAS_HIG_RUR,2022,0.0
RE1,DEMRESELCWHT_PAS_HIG_RUR,2023,0.0
RE1,DEMRESELCWHT_PAS_HIG_RUR,2024,0.0
RE1,DEMRESELCWHT_PAS_HIG_RUR,2025,0.0
RE1,DEMRESELCWHT_PAS_HIG_RUR,2026,0.0
RE1,DEMRESELCWHT_PAS_HIG_RUR,2027,0.0
RE1,DEMRESELCWHT_PAS_HIG_RUR,2028,0.0
RE1,DEMRESELCWHT_PAS_HIG_RUR,2029,0.0
RE1,DEMRESELCWHT_PAS_HIG_RUR,2030,0.0
RE1,DEMRESELCWHT_PAS_HIG_RUR,2031,0.0
RE1,DEMRESELCWHT_PAS_HIG_RUR,2032,0.0
RE1,DEMRESELCWHT_PAS_HIG_RUR,2033,0.0
RE1,DEMRESELCWHT_PAS_HIG_RUR,2034,0.0
RE1,DEMRESELCWHT_PAS_HIG_RUR,2035,0.0
RE1,DEMRESELCWHT_PAS_HIG_RUR,2036,0.0
RE1,DEMRESELCWHT_PAS_HIG_RUR,2037,0.0
RE1,DEMRESELCWHT_PAS_HIG_RUR,2038,0.0
RE1,DEMRESELCWHT_PAS_HIG_RUR,2039,0.0
RE1,DEMRESELCWHT_PAS_HIG_RUR,2040,0.0
RE1,DEMRESELCWHT_PAS_HIG_RUR,2041,0.0
RE1,DEMRESELCWHT_PAS_HIG_RUR,2042,0.0
RE1,DEMRESELCWHT_PAS_HIG_RUR,2043,0.0
RE1,DEMRESELCWHT_PAS_HIG_RUR,2044,0.0
RE1,DEMRESELCWHT_PAS_HIG_RUR,2045,0.0
RE1,DEMRESELCWHT_PAS_HIG_RUR,2046,0.0
RE1,DEMRESELCWHT_PAS_HIG_RUR,2047,0.0
RE1,DEMRESELCWHT_PAS_HIG_RUR,2048,0.0
RE1,DEMRESELCWHT_PAS_HIG_RUR,2049,0.0
RE1,DEMRESELCWHT_PAS_HIG_RUR,2050,0.0
RE1,DEMRESELCWHT_PAS_HIG_RUR,2051,0.0
RE1,DEMRESELCWHT_PAS_HIG_RUR,2052,0.0
RE1,DEMRESELCWHT_PAS_HIG_RUR,2053,0.0
RE1,DEMRESELCWHT_PAS_HIG_RUR,2054,0.0
RE1,DEMRESELCWHT_PAS_HIG_URB,2022,0.0
RE1,DEMRESELCWHT_PAS_HIG_URB,2023,0.0
RE1,DEMRESELCWHT_PAS_HIG_URB,2024,0.0
RE1,DEMRESELCWHT_PAS_HIG_URB,2025,0.0
RE1,DEMRESELCWHT_PAS_HIG_URB,2026,0.0
RE1,DEMRESELCWHT_PAS_HIG_URB,2027,0.0
RE1,DEMRESELCWHT_PAS_HIG_URB,2028,0.0
RE1,DEMRESELCWHT_PAS_HIG_URB,2029,0.0
RE1,DEMRESELCWHT_PAS_HIG_URB,2030,0.0
RE1,DEMRESELCWHT_PAS_HIG_URB,2031,0.0
RE1,DEMRESELCWHT_PAS_HIG_URB,2032,0.0
RE1,DEMRESELCWHT_PAS_HIG_URB,2033,0.0
RE1,DEMRESELCWHT_PAS_HIG_URB,2034,0.0
RE1,DEMRESELCWHT_PAS_HIG_URB,2035,0.0
RE1,DEMRESELCWHT_PAS_HIG_URB,2036,0.0
RE1,DEMRESELCWHT_PAS_HIG_URB,2037,0.0
RE1,DEMRESELCWHT_PAS_HIG_URB,2038,0.0
RE1,DEMRESELCWHT_PAS_HIG_URB,2039,0.0
RE1,DEMRESELCWHT_PAS_HIG_URB,2040,0.0
RE1,DEMRESELCWHT_PAS_HIG_URB,2041,0.0
RE1,DEMRESELCWHT_PAS_HIG_URB,2042,0.0
RE1,DEMRESELCWHT_PAS_HIG_URB,2043,0.0
RE1,DEMRESELCWHT_PAS_HIG_URB,2044,0.0
RE1,DEMRESELCWHT_PAS_HIG_URB,2045,0.0
RE1,DEMRESELCWHT_PAS_HIG_URB,2046,0.0
RE1,DEMRESELCWHT_PAS_HIG_URB,2047,0.0
RE1,DEMRESELCWHT_PAS_HIG_URB,2048,0.0
RE1,DEMRESELCWHT_PAS_HIG_URB,2049,0.0
RE1,DEMRESELCWHT_PAS_HIG_URB,2050,0.0
RE1,DEMRESELCWHT_PAS_HIG_URB,2051,0.0
RE1,DEMRESELCWHT_PAS_HIG_URB,2052,0.0
RE1,DEMRESELCWHT_PAS_HIG_URB,2053,0.0
RE1,DEMRESELCWHT_PAS_HIG_URB,2054,0.0
RE1,DEMRESELCWHT_PAS_LOW_RUR,2022,0.1200204132432166
RE1,DEMRESELCWHT_PAS_LOW_RUR,2023,0.1293328448364311
RE1,DEMRESELCWHT_PAS_LOW_RUR,2024,0.1301831649164512
RE1,DEMRESELCWHT_PAS_LOW_RUR,2025,0.1288568914171575
RE1,DEMRESELCWHT_PAS_LOW_RUR,2026,0.1261778500063393
RE1,DEMRESELCWHT_PAS_LOW_RUR,2027,0.1204436995019477
RE1,DEMRESELCWHT_PAS_LOW_RUR,2028,0.1100431343844884
RE1,DEMRESELCWHT_PAS_LOW_RUR,2029,0.09380915192010612
RE1,DEMRESELCWHT_PAS_LOW_RUR,2030,0.07212872858880404
RE1,DEMRESELCWHT_PAS_LOW_RUR,2031,0.04789170995939377
RE1,DEMRESELCWHT_PAS_LOW_RUR,2032,0.02600873439035039
RE1,DEMRESELCWHT_PAS_LOW_RUR,2033,0.01081163014167927
RE1,DEMRESELCWHT_PAS_LOW_RUR,2034,0.003177238488581258
RE1,DEMRESELCWHT_PAS_LOW_RUR,2035,0.0006009175269099548
RE1,DEMRESELCWHT_PAS_LOW_RUR,2036,6.555881631202462e-05
RE1,DEMRESELCWHT_PAS_LOW_RUR,2037,3.636194612524299e-06
RE1,DEMRESELCWHT_PAS_LOW_RUR,2038,8.875528515827577e-08
RE1,DEMRESELCWHT_PAS_LOW_RUR,2039,8.095902509449761e-10
RE1,DEMRESELCWHT_PAS_LOW_RUR,2040,2.296114293560632e-12
RE1,DEMRESELCWHT_PAS_LOW_RUR,2041,1.648661152206966e-15
RE1,DEMRESELCWHT_PAS_LOW_RUR,2042,2.385226068792846e-19
RE1,DEMRESELCWHT_PAS_LOW_RUR,2043,5.402756966155059e-24
RE1,DEMRESELCWHT_PAS_LOW_RUR,2044,1.451684835704154e-29
RE1,DEMRESELCWHT_PAS_LOW_RUR,2045,3.414429727178021e-36
RE1,DEMRESELCWHT_PAS_LOW_RUR,2046,5.046430857147906e-44
RE1,DEMRESELCWHT_PAS_LOW_RUR,2047,3.268846169897879e-53
RE1,DEMRESELCWHT_PAS_LOW_RUR,2048,6.281212859547757e-64
RE1,DEMRESELCWHT_PAS_LOW_RUR,2049,2.34896359685644e-76
RE1,DEMRESELCWHT_PAS_LOW_RUR,2050,1.085841769021287e-90
RE1,DEMRESELCWHT_PAS_LOW_RUR,2051,3.810620706945144e-107
RE1,DEMRESELCWHT_PAS_LOW_RUR,2052,6.021876116120116e-126
RE1,DEMRESELCWHT_PAS_LOW_RUR,2053,2.45193083683703e-147
RE1,DEMRESELCWHT_PAS_LOW_RUR,2054,1.418085954089628e-171
RE1,DEMRESELCWHT_PAS_LOW_URB,2022,0.793951520320131
RE1,DEMRESELCWHT_PAS_LOW_URB,2023,0.8165007582570409
RE1,DEMRESELCWHT_PAS_LOW_URB,2024,0.8295718820190824
RE1,DEMRESELCWHT_PAS_LOW_URB,2025,0.8211204113270987
RE1,DEMRESELCWHT_PAS_LOW_URB,2026,0.8040486384399834
RE1,DEMRESELCWHT_PAS_LOW_URB,2027,0.767508660104369
RE1,DEMRESELCWHT_PAS_LOW_URB,2028,0.7012326836054881
RE1,DEMRESELCWHT_PAS_LOW_URB,2029,0.5977841663238148
RE1,DEMRESELCWHT_PAS_LOW_URB,2030,0.4596290554270918
RE1,DEMRESELCWHT_PAS_LOW_URB,2031,0.3051824403687217
RE1,DEMRESELCWHT_PAS_LOW_URB,2032,0.1657365969784534
RE1,DEMRESELCWHT_PAS_LOW_URB,2033,0.06889542415168075
RE1,DEMRESELCWHT_PAS_LOW_URB,2034,0.02024645593988583
RE1,DEMRESELCWHT_PAS_LOW_URB,2035,0.003829253068604327
RE1,DEMRESELCWHT_PAS_LOW_URB,2036,0.000417763315754485
RE1,DEMRESELCWHT_PAS_LOW_URB,2037,2.31710821444182e-05
RE1,DEMRESELCWHT_PAS_LOW_URB,2038,5.655791898679422e-07
RE1,DEMRESELCWHT_PAS_LOW_URB,2039,5.158987404951726e-09
RE1,DEMRESELCWHT_PAS_LOW_URB,2040,1.463162965090351e-11
RE1,DEMRESELCWHT_PAS_LOW_URB,2041,1.050583564876328e-14
RE1,DEMRESELCWHT_PAS_LOW_URB,2042,1.519948051807895e-18
RE1,DEMRESELCWHT_PAS_LOW_URB,2043,3.442822478145617e-23
RE1,DEMRESELCWHT_PAS_LOW_URB,2044,9.250634842274249e-29
RE1,DEMRESELCWHT_PAS_LOW_URB,2045,2.175792005529149e-35
RE1,DEMRESELCWHT_PAS_LOW_URB,2046,3.215759231487489e-43
RE1,DEMRESELCWHT_PAS_LOW_URB,2047,2.083021157868909e-52
RE1,DEMRESELCWHT_PAS_LOW_URB,2048,4.002604773514014e-63
RE1,DEMRESELCWHT_PAS_LOW_URB,2049,1.496840358036389e-75
RE1,DEMRESELCWHT_PAS_LOW_URB,2050,6.919357049584888e-90
RE1,DEMRESELCWHT_PAS_LOW_URB,2051,2.428258518334649e-106
RE1,DEMRESELCWHT_PAS_LOW_URB,2052,3.837346484963386e-125
RE1,DEMRESELCWHT_PAS_LOW_URB,2053,1.562454623223311e-146
RE1,DEMRESELCWHT_PAS_LOW_URB,2054,9.036531217795713e-171
RE1,DEMRESELCWHT_PAS_MID_RUR,2022,0.0008270545189772448
RE1,DEMRESELCWHT_PAS_MID_RUR,2023,0.001221303716768138
RE1,DEMRESELCWHT_PAS_MID_RUR,2024,0.00294614455343798
RE1,DEMRESELCWHT_PAS_MID_RUR,2025,0.002916129970148192
RE1,DEMRESELCWHT_PAS_MID_RUR,2026,0.002855501214763558
RE1,DEMRESELCWHT_PAS_MID_RUR,2027,0.002725733004811457
RE1,DEMRESELCWHT_PAS_MID_RUR,2028,0.002490360264464081
RE1,DEMRESELCWHT_PAS_MID_RUR,2029,0.002122972829623774
RE1,DEMRESELCWHT_PAS_MID_RUR,2030,0.001632328273895403
RE1,DEMRESELCWHT_PAS_MID_RUR,2031,0.001083826011929053
RE1,DEMRESELCWHT_PAS_MID_RUR,2032,0.0005885975441995325
RE1,DEMRESELCWHT_PAS_MID_RUR,2033,0.0002446754561247349
RE1,DEMRESELCWHT_PAS_MID_RUR,2034,7.190333615037422e-05
RE1,DEMRESELCWHT_PAS_MID_RUR,2035,1.359922306472871e-05
RE1,DEMRESELCWHT_PAS_MID_RUR,2036,1.483646136053531e-06
RE1,DEMRESELCWHT_PAS_MID_RUR,2037,8.228986412954559e-08
RE1,DEMRESELCWHT_PAS_MID_RUR,2038,2.008599960875933e-09
RE1,DEMRESELCWHT_PAS_MID_RUR,2039,1.832164635011586e-11
RE1,DEMRESELCWHT_PAS_MID_RUR,2040,5.196282195463741e-14
RE1,DEMRESELCWHT_PAS_MID_RUR,2041,3.731046235630071e-17
RE1,DEMRESELCWHT_PAS_MID_RUR,2042,5.397948955844061e-21
RE1,DEMRESELCWHT_PAS_MID_RUR,2043,1.222685208152853e-25
RE1,DEMRESELCWHT_PAS_MID_RUR,2044,3.285273771584146e-31
RE1,DEMRESELCWHT_PAS_MID_RUR,2045,7.727115522408885e-38
RE1,DEMRESELCWHT_PAS_MID_RUR,2046,1.142045885397649e-45
RE1,DEMRESELCWHT_PAS_MID_RUR,2047,7.39764880171095e-55
RE1,DEMRESELCWHT_PAS_MID_RUR,2048,1.421486493051354e-65
RE1,DEMRESELCWHT_PAS_MID_RUR,2049,5.31588420940914e-78
RE1,DEMRESELCWHT_PAS_MID_RUR,2050,2.45734294119413e-92
RE1,DEMRESELCWHT_PAS_MID_RUR,2051,8.623726000354534e-109
RE1,DEMRESELCWHT_PAS_MID_RUR,2052,1.362796605257795e-127
RE1,DEMRESELCWHT_PAS_MID_RUR,2053,5.54890694583289e-149
RE1,DEMRESELCWHT_PAS_MID_RUR,2054,3.209236933692109e-173
RE1,DEMRESELCWHT_PAS_MID_URB,2022,0.005471079252151559
RE1,DEMRESELCWHT_PAS_MID_URB,2023,0.007710302916977456
RE1,DEMRESELCWHT_PAS_MID_URB,2024,0.01877384593825436
RE1,DEMRESELCWHT_PAS_MID_URB,2025,0.01858258269493325
RE1,DEMRESELCWHT_PAS_MID_URB,2026,0.01819623542229485
RE1,DEMRESELCWHT_PAS_MID_URB,2027,0.01736930777596439
RE1,DEMRESELCWHT_PAS_MID_URB,2028,0.01586943175657836
RE1,DEMRESELCWHT_PAS_MID_URB,2029,0.01352831271905738
RE1,DEMRESELCWHT_PAS_MID_URB,2030,0.01040175693314435
RE1,DEMRESELCWHT_PAS_MID_URB,2031,0.006906511952403768
RE1,DEMRESELCWHT_PAS_MID_URB,2032,0.003750745903333866
RE1,DEMRESELCWHT_PAS_MID_URB,2033,0.001559156122464371
RE1,DEMRESELCWHT_PAS_MID_URB,2034,0.0004581927773226143
RE1,DEMRESELCWHT_PAS_MID_URB,2035,8.665892459324188e-05
RE1,DEMRESELCWHT_PAS_MID_URB,2036,9.454303235953462e-06
RE1,DEMRESELCWHT_PAS_MID_URB,2037,5.24379304350551e-07
RE1,DEMRESELCWHT_PAS_MID_URB,2038,1.279948947958583e-08
RE1,DEMRESELCWHT_PAS_MID_URB,2039,1.167518292715356e-10
RE1,DEMRESELCWHT_PAS_MID_URB,2040,3.311249655944081e-13
RE1,DEMRESELCWHT_PAS_MID_URB,2041,2.377550929552425e-16
RE1,DEMRESELCWHT_PAS_MID_URB,2042,3.439758648682706e-20
RE1,DEMRESELCWHT_PAS_MID_URB,2043,7.791370488612842e-25
RE1,DEMRESELCWHT_PAS_MID_URB,2044,2.093489390421623e-30
RE1,DEMRESELCWHT_PAS_MID_URB,2045,4.923983658422758e-37
RE1,DEMRESELCWHT_PAS_MID_URB,2046,7.277509001332888e-45
RE1,DEMRESELCWHT_PAS_MID_URB,2047,4.714036137383881e-54
RE1,DEMRESELCWHT_PAS_MID_URB,2048,9.058200621118094e-65
RE1,DEMRESELCWHT_PAS_MID_URB,2049,3.387464170981901e-77
RE1,DEMRESELCWHT_PAS_MID_URB,2050,1.565903402180317e-91
RE1,DEMRESELCWHT_PAS_MID_URB,2051,5.495334679197801e-108
RE1,DEMRESELCWHT_PAS_MID_URB,2052,8.684208479325891e-127
RE1,DEMRESELCWHT_PAS_MID_URB,2053,3.535954269630485e-148
RE1,DEMRESELCWHT_PAS_MID_URB,2054,2.045036103275501e-172
RE1,DEMRESELCWHT_TAN_HIG_RUR,2022,0.0
RE1,DEMRESELCWHT_TAN_HIG_RUR,2023,0.0
RE1,DEMRESELCWHT_TAN_HIG_RUR,2024,0.0
RE1,DEMRESELCWHT_TAN_HIG_RUR,2025,0.0
RE1,DEMRESELCWHT_TAN_HIG_RUR,2026,0.0
RE1,DEMRESELCWHT_TAN_HIG_RUR,2027,0.0
RE1,DEMRESELCWHT_TAN_HIG_RUR,2028,0.0
RE1,DEMRESELCWHT_TAN_HIG_RUR,2029,0.0
RE1,DEMRESELCWHT_TAN_HIG_RUR,2030,0.0
RE1,DEMRESELCWHT_TAN_HIG_RUR,2031,0.0
RE1,DEMRESELCWHT_TAN_HIG_RUR,2032,0.0
RE1,DEMRESELCWHT_TAN_HIG_RUR,2033,0.0
RE1,DEMRESELCWHT_TAN_HIG_RUR,2034,0.0
RE1,DEMRESELCWHT_TAN_HIG_RUR,2035,0.0
RE1,DEMRESELCWHT_TAN_HIG_RUR,2036,0.0
RE1,DEMRESELCWHT_TAN_HIG_RUR,2037,0.0
RE1,DEMRESELCWHT_TAN_HIG_RUR,2038,0.0
RE1,DEMRESELCWHT_TAN_HIG_RUR,2039,0.0
RE1,DEMRESELCWHT_TAN_HIG_RUR,2040,0.0
RE1,DEMRESELCWHT_TAN_HIG_RUR,2041,0.0
RE1,DEMRESELCWHT_TAN_HIG_RUR,2042,0.0
RE1,DEMRESELCWHT_TAN_HIG_RUR,2043,0.0
RE1,DEMRESELCWHT_TAN_HIG_RUR,2044,0.0
RE1,DEMRESELCWHT_TAN_HIG_RUR,2045,0.0
RE1,DEMRESELCWHT_TAN_HIG_RUR,2046,0.0
RE1,DEMRESELCWHT_TAN_HIG_RUR,2047,0.0
RE1,DEMRESELCWHT_TAN_HIG_RUR,2048,0.0
RE1,DEMRESELCWHT_TAN_HIG_RUR,2049,0.0
RE1,DEMRESELCWHT_TAN_HIG_RUR,2050,0.0
RE1,DEMRESELCWHT_TAN_HIG_RUR,2051,0.0
RE1,DEMRESELCWHT_TAN_HIG_RUR,2052,0.0
RE1,DEMRESELCWHT_TAN_HIG_RUR,2053,0.0
RE1,DEMRESELCWHT_TAN_HIG_RUR,2054,0.0
RE1,DEMRESELCWHT_TAN_HIG_URB,2022,0.0
RE1,DEMRESELCWHT_TAN_HIG_URB,2023,0.0
RE1,DEMRESELCWHT_TAN_HIG_URB,2024,0.0
RE1,DEMRESELCWHT_TAN_HIG_URB,2025,0.0
RE1,DEMRESELCWHT_TAN_HIG_URB,2026,0.0
RE1,DEMRESELCWHT_TAN_HIG_URB,2027,0.0
RE1,DEMRESELCWHT_TAN_HIG_URB,2028,0.0
RE1,DEMRESELCWHT_TAN_HIG_URB,2029,0.0
RE1,DEMRESELCWHT_TAN_HIG_URB,2030,0.0
RE1,DEMRESELCWHT_TAN_HIG_URB,2031,0.0
RE1,DEMRESELCWHT_TAN_HIG_URB,2032,0.0
RE1,DEMRESELCWHT_TAN_HIG_URB,2033,0.0
RE1,DEMRESELCWHT_TAN_HIG_URB,2034,0.0
RE1,DEMRESELCWHT_TAN_HIG_URB,2035,0.0
RE1,DEMRESELCWHT_TAN_HIG_URB,2036,0.0
RE1,DEMRESELCWHT_TAN_HIG_URB,2037,0.0
RE1,DEMRESELCWHT_TAN_HIG_URB,2038,0.0
RE1,DEMRESELCWHT_TAN_HIG_URB,2039,0.0
RE1,DEMRESELCWHT_TAN_HIG_URB,2040,0.0
RE1,DEMRESELCWHT_TAN_HIG_URB,2041,0.0
RE1,DEMRESELCWHT_TAN_HIG_URB,2042,0.0
RE1,DEMRESELCWHT_TAN_HIG_URB,2043,0.0
RE1,DEMRESELCWHT_TAN_HIG_URB,2044,0.0
RE1,DEMRESELCWHT_TAN_HIG_URB,2045,0.0
RE1,DEMRESELCWHT_TAN_HIG_URB,2046,0.0
RE1,DEMRESELCWHT_TAN_HIG_URB,2047,0.0
RE1,DEMRESELCWHT_TAN_HIG_URB,2048,0.0
RE1,DEMRESELCWHT_TAN_HIG_URB,2049,0.0
RE1,DEMRESELCWHT_TAN_HIG_URB,2050,0.0
RE1,DEMRESELCWHT_TAN_HIG_URB,2051,0.0
RE1,DEMRESELCWHT_TAN_HIG_URB,2052,0.0
RE1,DEMRESELCWHT_TAN_HIG_URB,2053,0.0
RE1,DEMRESELCWHT_TAN_HIG_URB,2054,0.0
RE1,DEMRESELCWHT_TAN_LOW_RUR,2022,0.0
RE1,DEMRESELCWHT_TAN_LOW_RUR,2023,0.0
RE1,DEMRESELCWHT_TAN_LOW_RUR,2024,0.0
RE1,DEMRESELCWHT_TAN_LOW_RUR,2025,0.0
RE1,DEMRESELCWHT_TAN_LOW_RUR,2026,0.0
RE1,DEMRESELCWHT_TAN_LOW_RUR,2027,0.0
RE1,DEMRESELCWHT_TAN_LOW_RUR,2028,0.0
RE1,DEMRESELCWHT_TAN_LOW_RUR,2029,0.0
RE1,DEMRESELCWHT_TAN_LOW_RUR,2030,0.0
RE1,DEMRESELCWHT_TAN_LOW_RUR,2031,0.0
RE1,DEMRESELCWHT_TAN_LOW_RUR,2032,0.0
RE1,DEMRESELCWHT_TAN_LOW_RUR,2033,0.0
RE1,DEMRESELCWHT_TAN_LOW_RUR,2034,0.0
RE1,DEMRESELCWHT_TAN_LOW_RUR,2035,0.0
RE1,DEMRESELCWHT_TAN_LOW_RUR,2036,0.0
RE1,DEMRESELCWHT_TAN_LOW_RUR,2037,0.0
RE1,DEMRESELCWHT_TAN_LOW_RUR,2038,0.0
RE1,DEMRESELCWHT_TAN_LOW_RUR,2039,0.0
RE1,DEMRESELCWHT_TAN_LOW_RUR,2040,0.0
RE1,DEMRESELCWHT_TAN_LOW_RUR,2041,0.0
RE1,DEMRESELCWHT_TAN_LOW_RUR,2042,0.0
RE1,DEMRESELCWHT_TAN_LOW_RUR,2043,0.0
RE1,DEMRESELCWHT_TAN_LOW_RUR,2044,0.0
RE1,DEMRESELCWHT_TAN_LOW_RUR,2045,0.0
RE1,DEMRESELCWHT_TAN_LOW_RUR,2046,0.0
RE1,DEMRESELCWHT_TAN_LOW_RUR,2047,0.0
RE1,DEMRESELCWHT_TAN_LOW_RUR,2048,0.0
RE1,DEMRESELCWHT_TAN_LOW_RUR,2049,0.0
RE1,DEMRESELCWHT_TAN_LOW_RUR,2050,0.0
RE1,DEMRESELCWHT_TAN_LOW_RUR,2051,0.0
RE1,DEMRESELCWHT_TAN_LOW_RUR,2052,0.0
RE1,DEMRESELCWHT_TAN_LOW_RUR,2053,0.0
RE1,DEMRESELCWHT_TAN_LOW_RUR,2054,0.0
RE1,DEMRESELCWHT_TAN_LOW_URB,2022,0.3576543024353392
RE1,DEMRESELCWHT_TAN_LOW_URB,2023,0.3678121417471426
RE1,DEMRESELCWHT_TAN_LOW_URB,2024,0.3737003396175541
RE1,DEMRESELCWHT_TAN_LOW_URB,2025,0.3698931740948086
RE1,DEMRESELCWHT_TAN_LOW_URB,2026,0.3622027888924302
RE1,DEMRESELCWHT_TAN_LOW_URB,2027,0.3457424885741475
RE1,DEMRESELCWHT_TAN_LOW_URB,2028,0.3158869022615594
RE1,DEMRESELCWHT_TAN_LOW_URB,2029,0.2692860628659391
RE1,DEMRESELCWHT_TAN_LOW_URB,2030,0.2070508148047968
RE1,DEMRESELCWHT_TAN_LOW_URB,2031,0.137476672104084
RE1,DEMRESELCWHT_TAN_LOW_URB,2032,0.07465998296273142
RE1,DEMRESELCWHT_TAN_LOW_URB,2033,0.03103557866608876
RE1,DEMRESELCWHT_TAN_LOW_URB,2034,0.00912049651727846
RE1,DEMRESELCWHT_TAN_LOW_URB,2035,0.001724977911180072
RE1,DEMRESELCWHT_TAN_LOW_URB,2036,0.0001881913989143805
RE1,DEMRESELCWHT_TAN_LOW_URB,2037,1.04379637911548e-05
RE1,DEMRESELCWHT_TAN_LOW_URB,2038,2.547785670120017e-07
RE1,DEMRESELCWHT_TAN_LOW_URB,2039,2.323988296976532e-09
RE1,DEMRESELCWHT_TAN_LOW_URB,2040,6.591164778141724e-12
RE1,DEMRESELCWHT_TAN_LOW_URB,2041,4.732602966669421e-15
RE1,DEMRESELCWHT_TAN_LOW_URB,2042,6.846966676102751e-19
RE1,DEMRESELCWHT_TAN_LOW_URB,2043,1.550901081886441e-23
RE1,DEMRESELCWHT_TAN_LOW_URB,2044,4.167167978044302e-29
RE1,DEMRESELCWHT_TAN_LOW_URB,2045,9.801371394416413e-36
RE1,DEMRESELCWHT_TAN_LOW_URB,2046,1.448615054322099e-43
RE1,DEMRESELCWHT_TAN_LOW_URB,2047,9.383463097032212e-53
RE1,DEMRESELCWHT_TAN_LOW_URB,2048,1.803068300213462e-63
RE1,DEMRESELCWHT_TAN_LOW_URB,2049,6.742872586158756e-76
RE1,DEMRESELCWHT_TAN_LOW_URB,2050,3.116988576169594e-90
RE1,DEMRESELCWHT_TAN_LOW_URB,2051,1.093866671049976e-106
RE1,DEMRESELCWHT_TAN_LOW_URB,2052,1.728623782632086e-125
RE1,DEMRESELCWHT_TAN_LOW_URB,2053,7.038447613658845e-147
RE1,DEMRESELCWHT_TAN_LOW_URB,2054,4.070719919816675e-171
RE1,DEMRESELCWHT_TAN_MID_RUR,2022,0.0
RE1,DEMRESELCWHT_TAN_MID_RUR,2023,0.0
RE1,DEMRESELCWHT_TAN_MID_RUR,2024,0.0
RE1,DEMRESELCWHT_TAN_MID_RUR,2025,0.0
RE1,DEMRESELCWHT_TAN_MID_RUR,2026,0.0
RE1,DEMRESELCWHT_TAN_MID_RUR,2027,0.0
RE1,DEMRESELCWHT_TAN_MID_RUR,2028,0.0
RE1,DEMRESELCWHT_TAN_MID_RUR,2029,0.0
RE1,DEMRESELCWHT_TAN_MID_RUR,2030,0.0
RE1,DEMRESELCWHT_TAN_MID_RUR,2031,0.0
RE1,DEMRESELCWHT_TAN_MID_RUR,2032,0.0
RE1,DEMRESELCWHT_TAN_MID_RUR,2033,0.0
RE1,DEMRESELCWHT_TAN_MID_RUR,2034,0.0
RE1,DEMRESELCWHT_TAN_MID_RUR,2035,0.0
RE1,DEMRESELCWHT_TAN_MID_RUR,2036,0.0
RE1,DEMRESELCWHT_TAN_MID_RUR,2037,0.0
RE1,DEMRESELCWHT_TAN_MID_RUR,2038,0.0
RE1,DEMRESELCWHT_TAN_MID_RUR,2039,0.0
RE1,DEMRESELCWHT_TAN_MID_RUR,2040,0.0
RE1,DEMRESELCWHT_TAN_MID_RUR,2041,0.0
RE1,DEMRESELCWHT_TAN_MID_RUR,2042,0.0
RE1,DEMRESELCWHT_TAN_MID_RUR,2043,0.0
RE1,DEMRESELCWHT_TAN_MID_RUR,2044,0.0
RE1,DEMRESELCWHT_TAN_MID_RUR,2045,0.0
RE1,DEMRESELCWHT_TAN_MID_RUR,2046,0.0
RE1,DEMRESELCWHT_TAN_MID_RUR,2047,0.0
RE1,DEMRESELCWHT_TAN_MID_RUR,2048,0.0
RE1,DEMRESELCWHT_TAN_MID_RUR,2049,0.0
RE1,DEMRESELCWHT_TAN_MID_RUR,2050,0.0
RE1,DEMRESELCWHT_TAN_MID_RUR,2051,0.0
RE1,DEMRESELCWHT_TAN_MID_RUR,2052,0.0
RE1,DEMRESELCWHT_TAN_MID_RUR,2053,0.0
RE1,DEMRESELCWHT_TAN_MID_RUR,2054,0.0
RE1,DEMRESELCWHT_TAN_MID_URB,2022,0.00246457747534476
RE1,DEMRESELCWHT_TAN_MID_URB,2023,0.003473288910920939
RE1,DEMRESELCWHT_TAN_MID_URB,2024,0.008457124397680479
RE1,DEMRESELCWHT_TAN_MID_URB,2025,0.008370965331137029
RE1,DEMRESELCWHT_TAN_MID_URB,2026,0.008196926034332653
RE1,DEMRESELCWHT_TAN_MID_URB,2027,0.007824416853427543
RE1,DEMRESELCWHT_TAN_MID_URB,2028,0.007148762109121864
RE1,DEMRESELCWHT_TAN_MID_URB,2029,0.006094149484984508
RE1,DEMRESELCWHT_TAN_MID_URB,2030,0.004685718239478464
RE1,DEMRESELCWHT_TAN_MID_URB,2031,0.003111202197336065
RE1,DEMRESELCWHT_TAN_MID_URB,2032,0.0016896124956448
RE1,DEMRESELCWHT_TAN_MID_URB,2033,0.0007023588734271028
RE1,DEMRESELCWHT_TAN_MID_URB,2034,0.0002064038092504112
RE1,DEMRESELCWHT_TAN_MID_URB,2035,3.903756895974635e-05
RE1,DEMRESELCWHT_TAN_MID_URB,2036,4.25891523893511e-06
RE1,DEMRESELCWHT_TAN_MID_URB,2037,2.362191009262173e-07
RE1,DEMRESELCWHT_TAN_MID_URB,2038,5.765833762121784e-09
RE1,DEMRESELCWHT_TAN_MID_URB,2039,5.259363196297428e-11
RE1,DEMRESELCWHT_TAN_MID_URB,2040,1.491630981962752e-13
RE1,DEMRESELCWHT_TAN_MID_URB,2041,1.07102423441509e-16
RE1,DEMRESELCWHT_TAN_MID_URB,2042,1.549520907201599e-20
RE1,DEMRESELCWHT_TAN_MID_URB,2043,3.509807722260566e-25
RE1,DEMRESELCWHT_TAN_MID_URB,2044,9.430619734629708e-31
RE1,DEMRESELCWHT_TAN_MID_URB,2045,2.218125282820933e-37
RE1,DEMRESELCWHT_TAN_MID_URB,2046,3.278326621616797e-45
RE1,DEMRESELCWHT_TAN_MID_URB,2047,2.123549440010139e-54
RE1,DEMRESELCWHT_TAN_MID_URB,2048,4.08048141674829e-65
RE1,DEMRESELCWHT_TAN_MID_URB,2049,1.525963618797188e-77
RE1,DEMRESELCWHT_TAN_MID_URB,2050,7.053983456850181e-92
RE1,DEMRESELCWHT_TAN_MID_URB,2051,2.475503908027951e-108
RE1,DEMRESELCWHT_TAN_MID_URB,2052,3.912007781815196e-127
RE1,DEMRESELCWHT_TAN_MID_URB,2053,1.592854507335697e-148
RE1,DEMRESELCWHT_TAN_MID_URB,2054,9.212350404936155e-173
RE1,DEMRESELCWSH_HIG_RUR,2022,0.0
RE1,DEMRESELCWSH_HIG_RUR,2023,0.0
RE1,DEMRESELCWSH_HIG_RUR,2024,0.0
RE1,DEMRESELCWSH_HIG_RUR,2025,0.0
RE1,DEMRESELCWSH_HIG_RUR,2026,0.0
RE1,DEMRESELCWSH_HIG_RUR,2027,0.0
RE1,DEMRESELCWSH_HIG_RUR,2028,0.0
RE1,DEMRESELCWSH_HIG_RUR,2029,0.0
RE1,DEMRESELCWSH_HIG_RUR,2030,0.0
RE1,DEMRESELCWSH_HIG_RUR,2031,0.0
RE1,DEMRESELCWSH_HIG_RUR,2032,0.0
RE1,DEMRESELCWSH_HIG_RUR,2033,0.0
RE1,DEMRESELCWSH_HIG_RUR,2034,0.0
RE1,DEMRESELCWSH_HIG_RUR,2035,0.0
RE1,DEMRESELCWSH_HIG_RUR,2036,0.0
RE1,DEMRESELCWSH_HIG_RUR,2037,0.0
RE1,DEMRESELCWSH_HIG_RUR,2038,0.0
RE1,DEMRESELCWSH_HIG_RUR,2039,0.0
RE1,DEMRESELCWSH_HIG_RUR,2040,0.0
RE1,DEMRESELCWSH_HIG_RUR,2041,0.0
RE1,DEMRESELCWSH_HIG_RUR,2042,0.0
RE1,DEMRESELCWSH_HIG_RUR,2043,0.0
RE1,DEMRESELCWSH_HIG_RUR,2044,0.0
RE1,DEMRESELCWSH_HIG_RUR,2045,0.0
RE1,DEMRESELCWSH_HIG_RUR,2046,0.0
RE1,DEMRESELCWSH_HIG_RUR,2047,0.0
RE1,DEMRESELCWSH_HIG_RUR,2048,0.0
RE1,DEMRESELCWSH_HIG_RUR,2049,0.0
RE1,DEMRESELCWSH_HIG_RUR,2050,0.0
RE1,DEMRESELCWSH_HIG_RUR,2051,0.0
RE1,DEMRESELCWSH_HIG_RUR,2052,0.0
RE1,DEMRESELCWSH_HIG_RUR,2053,0.0
RE1,DEMRESELCWSH_HIG_RUR,2054,0.0
RE1,DEMRESELCWSH_HIG_URB,2022,0.0
RE1,DEMRESELCWSH_HIG_URB,2023,0.0
RE1,DEMRESELCWSH_HIG_URB,2024,0.0
RE1,DEMRESELCWSH_HIG_URB,2025,0.0
RE1,DEMRESELCWSH_HIG_URB,2026,0.0
RE1,DEMRESELCWSH_HIG_URB,2027,0.0
RE1,DEMRESELCWSH_HIG_URB,2028,0.0
RE1,DEMRESELCWSH_HIG_URB,2029,0.0
RE1,DEMRESELCWSH_HIG_URB,2030,0.0
RE1,DEMRESELCWSH_HIG_URB,2031,0.0
RE1,DEMRESELCWSH_HIG_URB,2032,0.0
RE1,DEMRESELCWSH_HIG_URB,2033,0.0
RE1,DEMRESELCWSH_HIG_URB,2034,0.0
RE1,DEMRESELCWSH_HIG_URB,2035,0.0
RE1,DEMRESELCWSH_HIG_URB,2036,0.0
RE1,DEMRESELCWSH_HIG_URB,2037,0.0
RE1,DEMRESELCWSH_HIG_URB,2038,0.0
RE1,DEMRESELCWSH_HIG_URB,2039,0.0
RE1,DEMRESELCWSH_HIG_URB,2040,0.0
RE1,DEMRESELCWSH_HIG_URB,2041,0.0
RE1,DEMRESELCWSH_HIG_URB,2042,0.0
RE1,DEMRESELCWSH_HIG_URB,2043,0.0
RE1,DEMRESELCWSH_HIG_URB,2044,0.0
RE1,DEMRESELCWSH_HIG_URB,2045,0.0
RE1,DEMRESELCWSH_HIG_URB,2046,0.0
RE1,DEMRESELCWSH_HIG_URB,2047,0.0
RE1,DEMRESELCWSH_HIG_URB,2048,0.0
RE1,DEMRESELCWSH_HIG_URB,2049,0.0
RE1,DEMRESELCWSH_HIG_URB,2050,0.0
RE1,DEMRESELCWSH_HIG_URB,2051,0.0
RE1,DEMRESELCWSH_HIG_URB,2052,0.0
RE1,DEMRESELCWSH_HIG_URB,2053,0.0
RE1,DEMRESELCWSH_HIG_URB,2054,0.0
RE1,DEMRESELCWSH_LOW_RUR,2022,0.1544441411669773
RE1,DEMRESELCWSH_LOW_RUR,2023,0.1668073001898465
RE1,DEMRESELCWSH_LOW_RUR,2024,0.1703731787495004
RE1,DEMRESELCWSH_LOW_RUR,2025,0.1686374594488451
RE1,DEMRESELCWSH_LOW_RUR,2026,0.1651313471073947
RE1,DEMRESELCWSH_LOW_RUR,2027,0.1576269555104609
RE1,DEMRESELCWSH_LOW_RUR,2028,0.1440155385427607
RE1,DEMRESELCWSH_LOW_RUR,2029,0.1227698175772617
RE1,DEMRESELCWSH_LOW_RUR,2030,0.09439623607799986
RE1,DEMRESELCWSH_LOW_RUR,2031,0.06267678978896848
RE1,DEMRESELCWSH_LOW_RUR,2032,0.03403812433181581
RE1,DEMRESELCWSH_LOW_RUR,2033,0.01414938556674339
RE1,DEMRESELCWSH_LOW_RUR,2034,0.004158112312696137
RE1,DEMRESELCWSH_LOW_RUR,2035,0.0007864321726364769
RE1,DEMRESELCWSH_LOW_RUR,2036,8.579806718712489e-05
RE1,DEMRESELCWSH_LOW_RUR,2037,4.758756902900322e-06
RE1,DEMRESELCWSH_LOW_RUR,2038,1.161557262257257e-07
RE1,DEMRESELCWSH_LOW_RUR,2039,1.05952612710425e-09
RE1,DEMRESELCWSH_LOW_RUR,2040,3.004968355295019e-12
RE1,DEMRESELCWSH_LOW_RUR,2041,2.157634140809088e-15
RE1,DEMRESELCWSH_LOW_RUR,2042,3.121590626846544e-19
RE1,DEMRESELCWSH_LOW_RUR,2043,7.070690583729414e-24
RE1,DEMRESELCWSH_LOW_RUR,2044,1.899847496871759e-29
RE1,DEMRESELCWSH_LOW_RUR,2045,4.468528988440628e-36
RE1,DEMRESELCWSH_LOW_RUR,2046,6.604359841947625e-44
RE1,DEMRESELCWSH_LOW_RUR,2047,4.278001023911603e-53
RE1,DEMRESELCWSH_LOW_RUR,2048,8.220342484146786e-64
RE1,DEMRESELCWSH_LOW_RUR,2049,3.074133241576451e-76
RE1,DEMRESELCWSH_LOW_RUR,2050,1.421061731951789e-90
RE1,DEMRESELCWSH_LOW_RUR,2051,4.987031643204968e-107
RE1,DEMRESELCWSH_LOW_RUR,2052,7.88094356591748e-126
RE1,DEMRESELCWSH_LOW_RUR,2053,3.208888422815242e-147
RE1,DEMRESELCWSH_LOW_RUR,2054,1.855876002809767e-171
RE1,DEMRESELCWSH_LOW_URB,2022,1.539239344940752
RE1,DEMRESELCWSH_LOW_URB,2023,1.606581914280776
RE1,DEMRESELCWSH_LOW_URB,2024,1.656305647734671
RE1,DEMRESELCWSH_LOW_URB,2025,1.639431620369222
RE1,DEMRESELCWSH_LOW_URB,2026,1.605346480235311
RE1,DEMRESELCWSH_LOW_URB,2027,1.532391533476414
RE1,DEMRESELCWSH_LOW_URB,2028,1.400066322649534
RE1,DEMRESELCWSH_LOW_URB,2029,1.193523204280592
RE1,DEMRESELCWSH_LOW_URB,2030,0.9176856362512689
RE1,DEMRESELCWSH_LOW_URB,2031,0.6093207960977346
RE1,DEMRESELCWSH_LOW_URB,2032,0.3309061789119595
RE1,DEMRESELCWSH_LOW_URB,2033,0.1375551445255947
RE1,DEMRESELCWSH_LOW_URB,2034,0.04042364507126905
RE1,DEMRESELCWSH_LOW_URB,2035,0.007645405565938376
RE1,DEMRESELCWSH_LOW_URB,2036,0.0008340973872166506
RE1,DEMRESELCWSH_LOW_URB,2037,4.626289180211275e-05
RE1,DEMRESELCWSH_LOW_URB,2038,1.129223430451231e-06
RE1,DEMRESELCWSH_LOW_URB,2039,1.03003249755963e-08
RE1,DEMRESELCWSH_LOW_URB,2040,2.921320183534874e-11
RE1,DEMRESELCWSH_LOW_URB,2041,2.097572892281153e-14
RE1,DEMRESELCWSH_LOW_URB,2042,3.034696084859368e-18
RE1,DEMRESELCWSH_LOW_URB,2043,6.873866434360769e-23
RE1,DEMRESELCWSH_LOW_URB,2044,1.846962158010741e-28
RE1,DEMRESELCWSH_LOW_URB,2045,4.344140230841358e-35
RE1,DEMRESELCWSH_LOW_URB,2046,6.420516765713033e-43
RE1,DEMRESELCWSH_LOW_URB,2047,4.158915921465291e-52
RE1,DEMRESELCWSH_LOW_URB,2048,7.991515908043418e-63
RE1,DEMRESELCWSH_LOW_URB,2049,2.988559752939925e-75
RE1,DEMRESELCWSH_LOW_URB,2050,1.381504172010562e-89
RE1,DEMRESELCWSH_LOW_URB,2051,4.848209522589613e-106
RE1,DEMRESELCWSH_LOW_URB,2052,7.661564709606977e-125
RE1,DEMRESELCWSH_LOW_URB,2053,3.119563804977648e-146
RE1,DEMRESELCWSH_LOW_URB,2054,1.80421468185941e-170
RE1,DEMRESELCWSH_MID_RUR,2022,0.001064266664561976
RE1,DEMRESELCWSH_MID_RUR,2023,0.001575178957546077
RE1,DEMRESELCWSH_MID_RUR,2024,0.003855675293705552
RE1,DEMRESELCWSH_MID_RUR,2025,0.003816394638889664
RE1,DEMRESELCWSH_MID_RUR,2026,0.003737048636008761
RE1,DEMRESELCWSH_MID_RUR,2027,0.003567218516696781
RE1,DEMRESELCWSH_MID_RUR,2028,0.003259181744125616
RE1,DEMRESELCWSH_MID_RUR,2029,0.002778374835286528
RE1,DEMRESELCWSH_MID_RUR,2030,0.00213625899297138
RE1,DEMRESELCWSH_MID_RUR,2031,0.001418423672386935
RE1,DEMRESELCWSH_MID_RUR,2032,0.0007703087774351034
RE1,DEMRESELCWSH_MID_RUR,2033,0.0003202114132707428
RE1,DEMRESELCWSH_MID_RUR,2034,9.410126071597028e-05
RE1,DEMRESELCWSH_MID_RUR,2035,1.779756133251423e-05
RE1,DEMRESELCWSH_MID_RUR,2036,1.941675857251424e-06
RE1,DEMRESELCWSH_MID_RUR,2037,1.07694307014374e-07
RE1,DEMRESELCWSH_MID_RUR,2038,2.628692891205858e-09
RE1,DEMRESELCWSH_MID_RUR,2039,2.397788631576707e-11
RE1,DEMRESELCWSH_MID_RUR,2040,6.800473132518803e-14
RE1,DEMRESELCWSH_MID_RUR,2041,4.882891022303942e-17
RE1,DEMRESELCWSH_MID_RUR,2042,7.064398249381338e-21
RE1,DEMRESELCWSH_MID_RUR,2043,1.600151337975898e-25
RE1,DEMRESELCWSH_MID_RUR,2044,4.299500138027597e-31
RE1,DEMRESELCWSH_MID_RUR,2045,1.011262274167559e-37
RE1,DEMRESELCWSH_MID_RUR,2046,1.494617125784726e-45
RE1,DEMRESELCWSH_MID_RUR,2047,9.681443391154308e-55
RE1,DEMRESELCWSH_MID_RUR,2048,1.86032635268982e-65
RE1,DEMRESELCWSH_MID_RUR,2049,6.956998558166561e-78
RE1,DEMRESELCWSH_MID_RUR,2050,3.21597134650691e-92
RE1,DEMRESELCWSH_MID_RUR,2051,1.128603389146402e-108
RE1,DEMRESELCWSH_MID_RUR,2052,1.783517782624271e-127
RE1,DEMRESELCWSH_MID_RUR,2053,7.261959836000759e-149
RE1,DEMRESELCWSH_MID_RUR,2054,4.199989285130137e-173
RE1,DEMRESELCWSH_MID_URB,2022,0.01060681947029351
RE1,DEMRESELCWSH_MID_URB,2023,0.01517112273904673
RE1,DEMRESELCWSH_MID_URB,2024,0.03748346313468233
RE1,DEMRESELCWSH_MID_URB,2025,0.03710159099438535
RE1,DEMRESELCWSH_MID_URB,2026,0.03633021821340296
RE1,DEMRESELCWSH_MID_URB,2027,0.03467919199063425
RE1,DEMRESELCWSH_MID_URB,2028,0.03168457130054469
RE1,DEMRESELCWSH_MID_URB,2029,0.02701034261956832
RE1,DEMRESELCWSH_MID_URB,2030,0.02076792756379121
RE1,DEMRESELCWSH_MID_URB,2031,0.01378939547115729
RE1,DEMRESELCWSH_MID_URB,2032,0.007488659822689917
RE1,DEMRESELCWSH_MID_URB,2033,0.003112978088230846
RE1,DEMRESELCWSH_MID_URB,2034,0.0009148179938109613
RE1,DEMRESELCWSH_MID_URB,2035,0.0001730213732426117
RE1,DEMRESELCWSH_MID_URB,2036,1.887626158084477e-05
RE1,DEMRESELCWSH_MID_URB,2037,1.046964611718864e-06
RE1,DEMRESELCWSH_MID_URB,2038,2.555518957749686e-08
RE1,DEMRESELCWSH_MID_URB,2039,2.331042292985411e-10
RE1,DEMRESELCWSH_MID_URB,2040,6.611170924514907e-13
RE1,DEMRESELCWSH_MID_URB,2041,4.746967824909855e-16
RE1,DEMRESELCWSH_MID_URB,2042,6.867749257352833e-20
RE1,DEMRESELCWSH_MID_URB,2043,1.555608528157159e-24
RE1,DEMRESELCWSH_MID_URB,2044,4.179816572843034e-30
RE1,DEMRESELCWSH_MID_URB,2045,9.831121473101278e-37
RE1,DEMRESELCWSH_MID_URB,2046,1.453012032062858e-44
RE1,DEMRESELCWSH_MID_URB,2047,9.411944699681436e-54
RE1,DEMRESELCWSH_MID_URB,2048,1.808541149026853e-64
RE1,DEMRESELCWSH_MID_URB,2049,6.76333921087155e-77
RE1,DEMRESELCWSH_MID_URB,2050,3.126449563991532e-91
RE1,DEMRESELCWSH_MID_URB,2051,1.097186881888331e-107
RE1,DEMRESELCWSH_MID_URB,2052,1.733870670182856e-126
RE1,DEMRESELCWSH_MID_URB,2053,7.059811396531611e-148
RE1,DEMRESELCWSH_MID_URB,2054,4.083075766059537e-172
RE1,DEMRESLPGCKN_HIG_RUR,2022,0.0
RE1,DEMRESLPGCKN_HIG_RUR,2023,0.0
RE1,DEMRESLPGCKN_HIG_RUR,2024,0.0
RE1,DEMRESLPGCKN_HIG_RUR,2025,0.0
RE1,DEMRESLPGCKN_HIG_RUR,2026,0.0
RE1,DEMRESLPGCKN_HIG_RUR,2027,0.0
RE1,DEMRESLPGCKN_HIG_RUR,2028,0.0
RE1,DEMRESLPGCKN_HIG_RUR,2029,0.0
RE1,DEMRESLPGCKN_HIG_RUR,2030,0.0
RE1,DEMRESLPGCKN_HIG_RUR,2031,0.0
RE1,DEMRESLPGCKN_HIG_RUR,2032,0.0
RE1,DEMRESLPGCKN_HIG_RUR,2033,0.0
RE1,DEMRESLPGCKN_HIG_RUR,2034,0.0
RE1,DEMRESLPGCKN_HIG_RUR,2035,0.0
RE1,DEMRESLPGCKN_HIG_RUR,2036,0.0
RE1,DEMRESLPGCKN_HIG_RUR,2037,0.0
RE1,DEMRESLPGCKN_HIG_RUR,2038,0.0
RE1,DEMRESLPGCKN_HIG_RUR,2039,0.0
RE1,DEMRESLPGCKN_HIG_RUR,2040,0.0
RE1,DEMRESLPGCKN_HIG_RUR,2041,0.0
RE1,DEMRESLPGCKN_HIG_RUR,2042,0.0
RE1,DEMRESLPGCKN_HIG_RUR,2043,0.0
RE1,DEMRESLPGCKN_HIG_RUR,2044,0.0
RE1,DEMRESLPGCKN_HIG_RUR,2045,0.0
RE1,DEMRESLPGCKN_HIG_RUR,2046,0.0
RE1,DEMRESLPGCKN_HIG_RUR,2047,0.0
RE1,DEMRESLPGCKN_HIG_RUR,2048,0.0
RE1,DEMRESLPGCKN_HIG_RUR,2049,0.0
RE1,DEMRESLPGCKN_HIG_RUR,2050,0.0
RE1,DEMRESLPGCKN_HIG_RUR,2051,0.0
RE1,DEMRESLPGCKN_HIG_RUR,2052,0.0
RE1,DEMRESLPGCKN_HIG_RUR,2053,0.0
RE1,DEMRESLPGCKN_HIG_RUR,2054,0.0
RE1,DEMRESLPGCKN_HIG_URB,2022,0.0
RE1,DEMRESLPGCKN_HIG_URB,2023,0.0
RE1,DEMRESLPGCKN_HIG_URB,2024,0.0
RE1,DEMRESLPGCKN_HIG_URB,2025,0.0
RE1,DEMRESLPGCKN_HIG_URB,2026,0.0
RE1,DEMRESLPGCKN_HIG_URB,2027,0.0
RE1,DEMRESLPGCKN_HIG_URB,2028,0.0
RE1,DEMRESLPGCKN_HIG_URB,2029,0.0
RE1,DEMRESLPGCKN_HIG_URB,2030,0.0
RE1,DEMRESLPGCKN_HIG_URB,2031,0.0
RE1,DEMRESLPGCKN_HIG_URB,2032,0.0
RE1,DEMRESLPGCKN_HIG_URB,2033,0.0
RE1,DEMRESLPGCKN_HIG_URB,2034,0.0
RE1,DEMRESLPGCKN_HIG_URB,2035,0.0
RE1,DEMRESLPGCKN_HIG_URB,2036,0.0
RE1,DEMRESLPGCKN_HIG_URB,2037,0.0
RE1,DEMRESLPGCKN_HIG_URB,2038,0.0
RE1,DEMRESLPGCKN_HIG_URB,2039,0.0
RE1,DEMRESLPGCKN_HIG_URB,2040,0.0
RE1,DEMRESLPGCKN_HIG_URB,2041,0.0
RE1,DEMRESLPGCKN_HIG_URB,2042,0.0
RE1,DEMRESLPGCKN_HIG_URB,2043,0.0
RE1,DEMRESLPGCKN_HIG_URB,2044,0.0
RE1,DEMRESLPGCKN_HIG_URB,2045,0.0
RE1,DEMRESLPGCKN_HIG_URB,2046,0.0
RE1,DEMRESLPGCKN_HIG_URB,2047,0.0
RE1,DEMRESLPGCKN_HIG_URB,2048,0.0
RE1,DEMRESLPGCKN_HIG_URB,2049,0.0
RE1,DEMRESLPGCKN_HIG_URB,2050,0.0
RE1,DEMRESLPGCKN_HIG_URB,2051,0.0
RE1,DEMRESLPGCKN_HIG_URB,2052,0.0
RE1,DEMRESLPGCKN_HIG_URB,2053,0.0
RE1,DEMRESLPGCKN_HIG_URB,2054,0.0
RE1,DEMRESLPGCKN_LOW_RUR,2022,5.379451341085683
RE1,DEMRESLPGCKN_LOW_RUR,2023,5.263427902553635
RE1,DEMRESLPGCKN_LOW_RUR,2024,5.402954089719501
RE1,DEMRESLPGCKN_LOW_RUR,2025,5.154968979624345
RE1,DEMRESLPGCKN_LOW_RUR,2026,5.028653278825217
RE1,DEMRESLPGCKN_LOW_RUR,2027,4.881393923173035
RE1,DEMRESLPGCKN_LOW_RUR,2028,4.715647470426564
RE1,DEMRESLPGCKN_LOW_RUR,2029,4.533945543975166
RE1,DEMRESLPGCKN_LOW_RUR,2030,4.338865723894846
RE1,DEMRESLPGCKN_LOW_RUR,2031,4.13299568713004
RE1,DEMRESLPGCKN_LOW_RUR,2032,3.918895177240854
RE1,DEMRESLPGCKN_LOW_RUR,2033,3.699058534544241
RE1,DEMRESLPGCKN_LOW_RUR,2034,3.475879582050692
RE1,DEMRESLPGCKN_LOW_RUR,2035,3.251620101116318
RE1,DEMRESLPGCKN_LOW_RUR,2036,3.028382739238204
RE1,DEMRESLPGCKN_LOW_RUR,2037,2.808088887631577
RE1,DEMRESLPGCKN_LOW_RUR,2038,2.592461812921512
RE1,DEMRESLPGCKN_LOW_RUR,2039,2.383015110773437
RE1,DEMRESLPGCKN_LOW_RUR,2040,2.181046363935123
RE1,DEMRESLPGCKN_LOW_RUR,2041,1.987635731200969
RE1,DEMRESLPGCKN_LOW_RUR,2042,1.803649066877439
RE1,DEMRESLPGCKN_LOW_RUR,2043,1.629745072263742
RE1,DEMRESLPGCKN_LOW_RUR,2044,1.466385910916973
RE1,DEMRESLPGCKN_LOW_RUR,2045,1.313850676867399
RE1,DEMRESLPGCKN_LOW_RUR,2046,1.172251087622031
RE1,DEMRESLPGCKN_LOW_RUR,2047,1.041548779245994
RE1,DEMRESLPGCKN_LOW_RUR,2048,0.9215736060321933
RE1,DEMRESLPGCKN_LOW_RUR,2049,0.8120423888912265
RE1,DEMRESLPGCKN_LOW_RUR,2050,0.7125776110520915
RE1,DEMRESLPGCKN_LOW_RUR,2051,0.6227256233643096
RE1,DEMRESLPGCKN_LOW_RUR,2052,0.5419739909543708
RE1,DEMRESLPGCKN_LOW_RUR,2053,0.4697676849781877
RE1,DEMRESLPGCKN_LOW_RUR,2054,0.4055238948353089
RE1,DEMRESLPGCKN_LOW_URB,2022,7.045468119915508
RE1,DEMRESLPGCKN_LOW_URB,2023,6.897285550067287
RE1,DEMRESLPGCKN_LOW_URB,2024,6.976979150011765
RE1,DEMRESLPGCKN_LOW_URB,2025,6.656749343517684
RE1,DEMRESLPGCKN_LOW_URB,2026,6.493634500015395
RE1,DEMRESLPGCKN_LOW_URB,2027,6.303474554739463
RE1,DEMRESLPGCKN_LOW_URB,2028,6.089441726438941
RE1,DEMRESLPGCKN_LOW_URB,2029,5.854805168119752
RE1,DEMRESLPGCKN_LOW_URB,2030,5.602893377886661
RE1,DEMRESLPGCKN_LOW_URB,2031,5.337047892200741
RE1,DEMRESLPGCKN_LOW_URB,2032,5.060574176396635
RE1,DEMRESLPGCKN_LOW_URB,2033,4.776693238851507
RE1,DEMRESLPGCKN_LOW_URB,2034,4.488496287255757
RE1,DEMRESLPGCKN_LOW_URB,2035,4.198904020379245
RE1,DEMRESLPGCKN_LOW_URB,2036,3.9106316431827
RE1,DEMRESLPGCKN_LOW_URB,2037,3.626160299541315
RE1,DEMRESLPGCKN_LOW_URB,2038,3.347715289747005
RE1,DEMRESLPGCKN_LOW_URB,2039,3.077251160372605
RE1,DEMRESLPGCKN_LOW_URB,2040,2.816443514731834
RE1,DEMRESLPGCKN_LOW_URB,2041,2.566687190771133
RE1,DEMRESLPGCKN_LOW_URB,2042,2.329100289318834
RE1,DEMRESLPGCKN_LOW_URB,2043,2.104533408983466
RE1,DEMRESLPGCKN_LOW_URB,2044,1.893583353929605
RE1,DEMRESLPGCKN_LOW_URB,2045,1.696610525744554
RE1,DEMRESLPGCKN_LOW_URB,2046,1.513759188233659
RE1,DEMRESLPGCKN_LOW_URB,2047,1.34497980102155
RE1,DEMRESLPGCKN_LOW_URB,2048,1.1900526504051
RE1,DEMRESLPGCKN_LOW_URB,2049,1.048612059650865
RE1,DEMRESLPGCKN_LOW_URB,2050,0.9201705312535318
RE1,DEMRESLPGCKN_LOW_URB,2051,0.8041422559295571
RE1,DEMRESLPGCKN_LOW_URB,2052,0.6998655128186776
RE1,DEMRESLPGCKN_LOW_URB,2053,0.606623578326994
RE1,DEMRESLPGCKN_LOW_URB,2054,0.5236638535354279
RE1,DEMRESLPGCKN_MID_RUR,2022,0.03706952360051612
RE1,DEMRESLPGCKN_MID_RUR,2023,0.0497031057227556
RE1,DEMRESLPGCKN_MID_RUR,2024,0.1222729818722593
RE1,DEMRESLPGCKN_MID_RUR,2025,0.1166608892340948
RE1,DEMRESLPGCKN_MID_RUR,2026,0.1138022683504968
RE1,DEMRESLPGCKN_MID_RUR,2027,0.1104696765451286
RE1,DEMRESLPGCKN_MID_RUR,2028,0.1067187075982293
RE1,DEMRESLPGCKN_MID_RUR,2029,0.1026066540826497
RE1,DEMRESLPGCKN_MID_RUR,2030,0.09819184860619541
RE1,DEMRESLPGCKN_MID_RUR,2031,0.09353285227652433
RE1,DEMRESLPGCKN_MID_RUR,2032,0.08868759404745043
RE1,DEMRESLPGCKN_MID_RUR,2033,0.08371252274739117
RE1,DEMRESLPGCKN_MID_RUR,2034,0.0786618124212684
RE1,DEMRESLPGCKN_MID_RUR,2035,0.07358664891041307
RE1,DEMRESLPGCKN_MID_RUR,2036,0.06853461673526078
RE1,DEMRESLPGCKN_MID_RUR,2037,0.0635491984480094
RE1,DEMRESLPGCKN_MID_RUR,2038,0.05866939288990573
RE1,DEMRESLPGCKN_MID_RUR,2039,0.05392945388807616
RE1,DEMRESLPGCKN_MID_RUR,2040,0.04935874673216803
RE1,DEMRESLPGCKN_MID_RUR,2041,0.04498171624153264
RE1,DEMRESLPGCKN_MID_RUR,2042,0.04081795736111313
RE1,DEMRESLPGCKN_MID_RUR,2043,0.03688237700491988
RE1,DEMRESLPGCKN_MID_RUR,2044,0.03318543428759652
RE1,DEMRESLPGCKN_MID_RUR,2045,0.02973344532042901
RE1,DEMRESLPGCKN_MID_RUR,2046,0.02652893835601444
RE1,DEMRESLPGCKN_MID_RUR,2047,0.02357104518917555
RE1,DEMRESLPGCKN_MID_RUR,2048,0.02085591529247605
RE1,DEMRESLPGCKN_MID_RUR,2049,0.01837714010661856
RE1,DEMRESLPGCKN_MID_RUR,2050,0.01612617613844532
RE1,DEMRESLPGCKN_MID_RUR,2051,0.01409275696084409
RE1,DEMRESLPGCKN_MID_RUR,2052,0.0122652857808459
RE1,DEMRESLPGCKN_MID_RUR,2053,0.01063120187136241
RE1,DEMRESLPGCKN_MID_RUR,2054,0.00917731578291829
RE1,DEMRESLPGCKN_MID_URB,2022,0.04854995987289329
RE1,DEMRESLPGCKN_MID_URB,2023,0.06513179609218284
RE1,DEMRESLPGCKN_MID_URB,2024,0.1578943724055979
RE1,DEMRESLPGCKN_MID_URB,2025,0.150647327053332
RE1,DEMRESLPGCKN_MID_URB,2026,0.1469559134356222
RE1,DEMRESLPGCKN_MID_URB,2027,0.1426524484874754
RE1,DEMRESLPGCKN_MID_URB,2028,0.1378087219444989
RE1,DEMRESLPGCKN_MID_URB,2029,0.1324987172386434
RE1,DEMRESLPGCKN_MID_URB,2030,0.1267977608268191
RE1,DEMRESLPGCKN_MID_URB,2031,0.1207814742339074
RE1,DEMRESLPGCKN_MID_URB,2032,0.114524662667621
RE1,DEMRESLPGCKN_MID_URB,2033,0.108100220010153
RE1,DEMRESLPGCKN_MID_URB,2034,0.1015781026549161
RE1,DEMRESLPGCKN_MID_URB,2035,0.095024408248089
RE1,DEMRESLPGCKN_MID_URB,2036,0.08850058395383961
RE1,DEMRESLPGCKN_MID_URB,2037,0.08206277995501902
RE1,DEMRESLPGCKN_MID_URB,2038,0.07576135649858386
RE1,DEMRESLPGCKN_MID_URB,2039,0.06964054646782357
RE1,DEMRESLPGCKN_MID_URB,2040,0.06373827004680807
RE1,DEMRESLPGCKN_MID_URB,2041,0.05808609348468698
RE1,DEMRESLPGCKN_MID_URB,2042,0.05270932025804803
RE1,DEMRESLPGCKN_MID_URB,2043,0.04762720006372639
RE1,DEMRESLPGCKN_MID_URB,2044,0.04285323903625225
RE1,DEMRESLPGCKN_MID_URB,2045,0.03839559333909091
RE1,DEMRESLPGCKN_MID_URB,2046,0.03425752777245408
RE1,DEMRESLPGCKN_MID_URB,2047,0.03043792119977105
RE1,DEMRESLPGCKN_MID_URB,2048,0.02693180133195825
RE1,DEMRESLPGCKN_MID_URB,2049,0.02373089262496013
RE1,DEMRESLPGCKN_MID_URB,2050,0.02082416263751584
RE1,DEMRESLPGCKN_MID_URB,2051,0.01819835405765904
RE1,DEMRESLPGCKN_MID_URB,2052,0.01583849163640409
RE1,DEMRESLPGCKN_MID_URB,2053,0.0137283553708509
RE1,DEMRESLPGCKN_MID_URB,2054,0.01185091337206217
RE1,DEMRESNGSCKN_HIG_RUR,2022,0.0
RE1,DEMRESNGSCKN_HIG_RUR,2023,0.0
RE1,DEMRESNGSCKN_HIG_RUR,2024,0.0
RE1,DEMRESNGSCKN_HIG_RUR,2025,0.0
RE1,DEMRESNGSCKN_HIG_RUR,2026,0.0
RE1,DEMRESNGSCKN_HIG_RUR,2027,0.0
RE1,DEMRESNGSCKN_HIG_RUR,2028,0.0
RE1,DEMRESNGSCKN_HIG_RUR,2029,0.0
RE1,DEMRESNGSCKN_HIG_RUR,2030,0.0
RE1,DEMRESNGSCKN_HIG_RUR,2031,0.0
RE1,DEMRESNGSCKN_HIG_RUR,2032,0.0
RE1,DEMRESNGSCKN_HIG_RUR,2033,0.0
RE1,DEMRESNGSCKN_HIG_RUR,2034,0.0
RE1,DEMRESNGSCKN_HIG_RUR,2035,0.0
RE1,DEMRESNGSCKN_HIG_RUR,2036,0.0
RE1,DEMRESNGSCKN_HIG_RUR,2037,0.0
RE1,DEMRESNGSCKN_HIG_RUR,2038,0.0
RE1,DEMRESNGSCKN_HIG_RUR,2039,0.0
RE1,DEMRESNGSCKN_HIG_RUR,2040,0.0
RE1,DEMRESNGSCKN_HIG_RUR,2041,0.0
RE1,DEMRESNGSCKN_HIG_RUR,2042,0.0
RE1,DEMRESNGSCKN_HIG_RUR,2043,0.0
RE1,DEMRESNGSCKN_HIG_RUR,2044,0.0
RE1,DEMRESNGSCKN_HIG_RUR,2045,0.0
RE1,DEMRESNGSCKN_HIG_RUR,2046,0.0
RE1,DEMRESNGSCKN_HIG_RUR,2047,0.0
RE1,DEMRESNGSCKN_HIG_RUR,2048,0.0
RE1,DEMRESNGSCKN_HIG_RUR,2049,0.0
RE1,DEMRESNGSCKN_HIG_RUR,2050,0.0
RE1,DEMRESNGSCKN_HIG_RUR,2051,0.0
RE1,DEMRESNGSCKN_HIG_RUR,2052,0.0
RE1,DEMRESNGSCKN_HIG_RUR,2053,0.0
RE1,DEMRESNGSCKN_HIG_RUR,2054,0.0
RE1,DEMRESNGSCKN_HIG_URB,2022,0.0
RE1,DEMRESNGSCKN_HIG_URB,2023,0.0
RE1,DEMRESNGSCKN_HIG_URB,2024,0.0
RE1,DEMRESNGSCKN_HIG_URB,2025,0.0
RE1,DEMRESNGSCKN_HIG_URB,2026,0.0
RE1,DEMRESNGSCKN_HIG_URB,2027,0.0
RE1,DEMRESNGSCKN_HIG_URB,2028,0.0
RE1,DEMRESNGSCKN_HIG_URB,2029,0.0
RE1,DEMRESNGSCKN_HIG_URB,2030,0.0
RE1,DEMRESNGSCKN_HIG_URB,2031,0.0
RE1,DEMRESNGSCKN_HIG_URB,2032,0.0
RE1,DEMRESNGSCKN_HIG_URB,2033,0.0
RE1,DEMRESNGSCKN_HIG_URB,2034,0.0
RE1,DEMRESNGSCKN_HIG_URB,2035,0.0
RE1,DEMRESNGSCKN_HIG_URB,2036,0.0
RE1,DEMRESNGSCKN_HIG_URB,2037,0.0
RE1,DEMRESNGSCKN_HIG_URB,2038,0.0
RE1,DEMRESNGSCKN_HIG_URB,2039,0.0
RE1,DEMRESNGSCKN_HIG_URB,2040,0.0
RE1,DEMRESNGSCKN_HIG_URB,2041,0.0
RE1,DEMRESNGSCKN_HIG_URB,2042,0.0
RE1,DEMRESNGSCKN_HIG_URB,2043,0.0
RE1,DEMRESNGSCKN_HIG_URB,2044,0.0
RE1,DEMRESNGSCKN_HIG_URB,2045,0.0
RE1,DEMRESNGSCKN_HIG_URB,2046,0.0
RE1,DEMRESNGSCKN_HIG_URB,2047,0.0
RE1,DEMRESNGSCKN_HIG_URB,2048,0.0
RE1,DEMRESNGSCKN_HIG_URB,2049,0.0
RE1,DEMRESNGSCKN_HIG_URB,2050,0.0
RE1,DEMRESNGSCKN_HIG_URB,2051,0.0
RE1,DEMRESNGSCKN_HIG_URB,2052,0.0
RE1,DEMRESNGSCKN_HIG_URB,2053,0.0
RE1,DEMRESNGSCKN_HIG_URB,2054,0.0
RE1,DEMRESNGSCKN_LOW_RUR,2022,0.5655196395112164
RE1,DEMRESNGSCKN_LOW_RUR,2023,0.5516015622565257
RE1,DEMRESNGSCKN_LOW_RUR,2024,0.5513467364608685
RE1,DEMRESNGSCKN_LOW_RUR,2025,0.5260409909610114
RE1,DEMRESNGSCKN_LOW_RUR,2026,0.5131510518197772
RE1,DEMRESNGSCKN_LOW_RUR,2027,0.4981239085563082
RE1,DEMRESNGSCKN_LOW_RUR,2028,0.4812102416466423
RE1,DEMRESNGSCKN_LOW_RUR,2029,0.4626683916708578
RE1,DEMRESNGSCKN_LOW_RUR,2030,0.4427613888785684
RE1,DEMRESNGSCKN_LOW_RUR,2031,0.4217532938585998
RE1,DEMRESNGSCKN_LOW_RUR,2032,0.3999053167257534
RE1,DEMRESNGSCKN_LOW_RUR,2033,0.377471993493206
RE1,DEMRESNGSCKN_LOW_RUR,2034,0.3546976028430605
RE1,DEMRESNGSCKN_LOW_RUR,2035,0.3318129492109222
RE1,DEMRESNGSCKN_LOW_RUR,2036,0.3090325981504115
RE1,DEMRESNGSCKN_LOW_RUR,2037,0.286552618841164
RE1,DEMRESNGSCKN_LOW_RUR,2038,0.2645488627551725
RE1,DEMRESNGSCKN_LOW_RUR,2039,0.2431757854026259
RE1,DEMRESNGSCKN_LOW_RUR,2040,0.2225657991641205
RE1,DEMRESNGSCKN_LOW_RUR,2041,0.2028291293009228
RE1,DEMRESNGSCKN_LOW_RUR,2042,0.1840541322821408
RE1,DEMRESNGSCKN_LOW_RUR,2043,0.1663080255605958
RE1,DEMRESNGSCKN_LOW_RUR,2044,0.1496379708120459
RE1,DEMRESNGSCKN_LOW_RUR,2045,0.1340724483049144
RE1,DEMRESNGSCKN_LOW_RUR,2046,0.1196228582994797
RE1,DEMRESNGSCKN_LOW_RUR,2047,0.1062852859317732
RE1,DEMRESNGSCKN_LOW_RUR,2048,0.09404236861111338
RE1,DEMRESNGSCKN_LOW_RUR,2049,0.08286520920748906
RE1,DEMRESNGSCKN_LOW_RUR,2050,0.07271528386224901
RE1,DEMRESNGSCKN_LOW_RUR,2051,0.06354629975586128
RE1,DEMRESNGSCKN_LOW_RUR,2052,0.0553059652548108
RE1,DEMRESNGSCKN_LOW_RUR,2053,0.04793764220583032
RE1,DEMRESNGSCKN_LOW_RUR,2054,0.04138185745456808
RE1,DEMRESNGSCKN_LOW_URB,2022,32.85239063792739
RE1,DEMRESNGSCKN_LOW_URB,2023,32.07138329204339
RE1,DEMRESNGSCKN_LOW_URB,2024,32.92815926503479
RE1,DEMRESNGSCKN_LOW_URB,2025,31.41682064083515
RE1,DEMRESNGSCKN_LOW_URB,2026,30.64699297905613
RE1,DEMRESNGSCKN_LOW_URB,2027,29.74952477265255
RE1,DEMRESNGSCKN_LOW_URB,2028,28.73938744721514
RE1,DEMRESNGSCKN_LOW_URB,2029,27.63200991381362
RE1,DEMRESNGSCKN_LOW_URB,2030,26.44310116531589
RE1,DEMRESNGSCKN_LOW_URB,2031,25.1884317296846
RE1,DEMRESNGSCKN_LOW_URB,2032,23.88360189561835
RE1,DEMRESNGSCKN_LOW_URB,2033,22.54381335349871
RE1,DEMRESNGSCKN_LOW_URB,2034,21.18365519367013
RE1,DEMRESNGSCKN_LOW_URB,2035,19.81691178214421
RE1,DEMRESNGSCKN_LOW_URB,2036,18.45639764788283
RE1,DEMRESNGSCKN_LOW_URB,2037,17.11382265828347
RE1,DEMRESNGSCKN_LOW_URB,2038,15.79968921572535
RE1,DEMRESNGSCKN_LOW_URB,2039,14.52322188852913
RE1,DEMRESNGSCKN_LOW_URB,2040,13.29232876006342
RE1,DEMRESNGSCKN_LOW_URB,2041,12.11359282922525
RE1,DEMRESNGSCKN_LOW_URB,2042,10.99229102193889
RE1,DEMRESNGSCKN_LOW_URB,2043,9.932437775663601
RE1,DEMRESNGSCKN_LOW_URB,2044,8.936849733843284
RE1,DEMRESNGSCKN_LOW_URB,2045,8.007227827584503
RE1,DEMRESNGSCKN_LOW_URB,2046,7.144252916247237
RE1,DEMRESNGSCKN_LOW_URB,2047,6.347691191855967
RE1,DEMRESNGSCKN_LOW_URB,2048,5.616505705947228
RE1,DEMRESNGSCKN_LOW_URB,2049,4.948970631130757
RE1,DEMRESNGSCKN_LOW_URB,2050,4.34278520153767
RE1,DEMRESNGSCKN_LOW_URB,2051,3.795184664547576
RE1,DEMRESNGSCKN_LOW_URB,2052,3.303045999522559
RE1,DEMRESNGSCKN_LOW_URB,2053,2.862986598009667
RE1,DEMRESNGSCKN_LOW_URB,2054,2.471454536384468
RE1,DEMRESNGSCKN_MID_RUR,2022,0.003896966864131079
RE1,DEMRESNGSCKN_MID_RUR,2023,0.005208831824669206
RE1,DEMRESNGSCKN_MID_RUR,2024,0.01247739817757899
RE1,DEMRESNGSCKN_MID_RUR,2025,0.01190470980944062
RE1,DEMRESNGSCKN_MID_RUR,2026,0.01161300063168736
RE1,DEMRESNGSCKN_MID_RUR,2027,0.01127292489065115
RE1,DEMRESNGSCKN_MID_RUR,2028,0.01089015567716217
RE1,DEMRESNGSCKN_MID_RUR,2029,0.01047053943606156
RE1,DEMRESNGSCKN_MID_RUR,2030,0.01002002874299754
RE1,DEMRESNGSCKN_MID_RUR,2031,0.009544599490982433
RE1,DEMRESNGSCKN_MID_RUR,2032,0.00905016306462206
RE1,DEMRESNGSCKN_MID_RUR,2033,0.008542479808499814
RE1,DEMRESNGSCKN_MID_RUR,2034,0.00802707793595465
RE1,DEMRESNGSCKN_MID_RUR,2035,0.007509180727825559
RE1,DEMRESNGSCKN_MID_RUR,2036,0.006993643966636806
RE1,DEMRESNGSCKN_MID_RUR,2037,0.006484904847827991
RE1,DEMRESNGSCKN_MID_RUR,2038,0.005986943024657338
RE1,DEMRESNGSCKN_MID_RUR,2039,0.005503253943409196
RE1,DEMRESNGSCKN_MID_RUR,2040,0.005036834197492177
RE1,DEMRESNGSCKN_MID_RUR,2041,0.004590178268841333
RE1,DEMRESNGSCKN_MID_RUR,2042,0.004165285731905408
RE1,DEMRESNGSCKN_MID_RUR,2043,0.003763677769032767
RE1,DEMRESNGSCKN_MID_RUR,2044,0.00338642168500322
RE1,DEMRESNGSCKN_MID_RUR,2045,0.003034162010065737
RE1,DEMRESNGSCKN_MID_RUR,2046,0.002707156740826475
RE1,DEMRESNGSCKN_MID_RUR,2047,0.002405317280920719
RE1,DEMRESNGSCKN_MID_RUR,2048,0.002128250701646803
RE1,DEMRESNGSCKN_MID_RUR,2049,0.001875303038859303
RE1,DEMRESNGSCKN_MID_RUR,2050,0.001645602468183576
RE1,DEMRESNGSCKN_MID_RUR,2051,0.001438101347720496
RE1,DEMRESNGSCKN_MID_RUR,2052,0.001251616277824111
RE1,DEMRESNGSCKN_MID_RUR,2053,0.001084865493783354
RE1,DEMRESNGSCKN_MID_RUR,2054,0.0009365030726451179
RE1,DEMRESNGSCKN_MID_URB,2022,0.2263841408481339
RE1,DEMRESNGSCKN_MID_URB,2023,0.3028534605111763
RE1,DEMRESNGSCKN_MID_URB,2024,0.7451894193514218
RE1,DEMRESNGSCKN_MID_URB,2025,0.7109866707936968
RE1,DEMRESNGSCKN_MID_URB,2026,0.6935648822368451
RE1,DEMRESNGSCKN_MID_URB,2027,0.6732544905677182
RE1,DEMRESNGSCKN_MID_URB,2028,0.6503943105938194
RE1,DEMRESNGSCKN_MID_URB,2029,0.6253335103688111
RE1,DEMRESNGSCKN_MID_URB,2030,0.5984275964115855
RE1,DEMRESNGSCKN_MID_URB,2031,0.5700334678272749
RE1,DEMRESNGSCKN_MID_URB,2032,0.5405041710763101
RE1,DEMRESNGSCKN_MID_URB,2033,0.5101837320344601
RE1,DEMRESNGSCKN_MID_URB,2034,0.4794023129702903
RE1,DEMRESNGSCKN_MID_URB,2035,0.4484718646254638
RE1,DEMRESNGSCKN_MID_URB,2036,0.4176823895877199
RE1,DEMRESNGSCKN_MID_URB,2037,0.3872988911090288
RE1,DEMRESNGSCKN_MID_URB,2038,0.3575590465848305
RE1,DEMRESNGSCKN_MID_URB,2039,0.3286716150488544
RE1,DEMRESNGSCKN_MID_URB,2040,0.3008155624738471
RE1,DEMRESNGSCKN_MID_URB,2041,0.2741398671578726
RE1,DEMRESNGSCKN_MID_URB,2042,0.2487639499690641
RE1,DEMRESNGSCKN_MID_URB,2043,0.2247786606963578
RE1,DEMRESNGSCKN_MID_URB,2044,0.2022477421343506
RE1,DEMRESNGSCKN_MID_URB,2045,0.1812096876544289
RE1,DEMRESNGSCKN_MID_URB,2046,0.161679905624459
RE1,DEMRESNGSCKN_MID_URB,2047,0.1436531047911975
RE1,DEMRESNGSCKN_MID_URB,2048,0.1271058182181183
RE1,DEMRESNGSCKN_MID_URB,2049,0.1119989891119008
RE1,DEMRESNGSCKN_MID_URB,2050,0.09828054938188434
RE1,DEMRESNGSCKN_MID_URB,2051,0.08588793056248113
RE1,DEMRESNGSCKN_MID_URB,2052,0.0747504563089537
RE1,DEMRESNGSCKN_MID_URB,2053,0.06479157560584255
RE1,DEMRESNGSCKN_MID_URB,2054,0.0559309057059079
RE1,DEMRESNGSWHT_FOR_HIG_RUR,2022,0.0
RE1,DEMRESNGSWHT_FOR_HIG_RUR,2023,0.0
RE1,DEMRESNGSWHT_FOR_HIG_RUR,2024,0.0
RE1,DEMRESNGSWHT_FOR_HIG_RUR,2025,0.0
RE1,DEMRESNGSWHT_FOR_HIG_RUR,2026,0.0
RE1,DEMRESNGSWHT_FOR_HIG_RUR,2027,0.0
RE1,DEMRESNGSWHT_FOR_HIG_RUR,2028,0.0
RE1,DEMRESNGSWHT_FOR_HIG_RUR,2029,0.0
RE1,DEMRESNGSWHT_FOR_HIG_RUR,2030,0.0
RE1,DEMRESNGSWHT_FOR_HIG_RUR,2031,0.0
RE1,DEMRESNGSWHT_FOR_HIG_RUR,2032,0.0
RE1,DEMRESNGSWHT_FOR_HIG_RUR,2033,0.0
RE1,DEMRESNGSWHT_FOR_HIG_RUR,2034,0.0
RE1,DEMRESNGSWHT_FOR_HIG_RUR,2035,0.0
RE1,DEMRESNGSWHT_FOR_HIG_RUR,2036,0.0
RE1,DEMRESNGSWHT_FOR_HIG_RUR,2037,0.0
RE1,DEMRESNGSWHT_FOR_HIG_RUR,2038,0.0
RE1,DEMRESNGSWHT_FOR_HIG_RUR,2039,0.0
RE1,DEMRESNGSWHT_FOR_HIG_RUR,2040,0.0
RE1,DEMRESNGSWHT_FOR_HIG_RUR,2041,0.0
RE1,DEMRESNGSWHT_FOR_HIG_RUR,2042,0.0
RE1,DEMRESNGSWHT_FOR_HIG_RUR,2043,0.0
RE1,DEMRESNGSWHT_FOR_HIG_RUR,2044,0.0
RE1,DEMRESNGSWHT_FOR_HIG_RUR,2045,0.0
RE1,DEMRESNGSWHT_FOR_HIG_RUR,2046,0.0
RE1,DEMRESNGSWHT_FOR_HIG_RUR,2047,0.0
RE1,DEMRESNGSWHT_FOR_HIG_RUR,2048,0.0
RE1,DEMRESNGSWHT_FOR_HIG_RUR,2049,0.0
RE1,DEMRESNGSWHT_FOR_HIG_RUR,2050,0.0
RE1,DEMRESNGSWHT_FOR_HIG_RUR,2051,0.0
RE1,DEMRESNGSWHT_FOR_HIG_RUR,2052,0.0
RE1,DEMRESNGSWHT_FOR_HIG_RUR,2053,0.0
RE1,DEMRESNGSWHT_FOR_HIG_RUR,2054,0.0
RE1,DEMRESNGSWHT_FOR_HIG_URB,2022,0.0
RE1,DEMRESNGSWHT_FOR_HIG_URB,2023,0.0
RE1,DEMRESNGSWHT_FOR_HIG_URB,2024,0.0
RE1,DEMRESNGSWHT_FOR_HIG_URB,2025,0.0
RE1,DEMRESNGSWHT_FOR_HIG_URB,2026,0.0
RE1,DEMRESNGSWHT_FOR_HIG_URB,2027,0.0
RE1,DEMRESNGSWHT_FOR_HIG_URB,2028,0.0
RE1,DEMRESNGSWHT_FOR_HIG_URB,2029,0.0
RE1,DEMRESNGSWHT_FOR_HIG_URB,2030,0.0
RE1,DEMRESNGSWHT_FOR_HIG_URB,2031,0.0
RE1,DEMRESNGSWHT_FOR_HIG_URB,2032,0.0
RE1,DEMRESNGSWHT_FOR_HIG_URB,2033,0.0
RE1,DEMRESNGSWHT_FOR_HIG_URB,2034,0.0
RE1,DEMRESNGSWHT_FOR_HIG_URB,2035,0.0
RE1,DEMRESNGSWHT_FOR_HIG_URB,2036,0.0
RE1,DEMRESNGSWHT_FOR_HIG_URB,2037,0.0
RE1,DEMRESNGSWHT_FOR_HIG_URB,2038,0.0
RE1,DEMRESNGSWHT_FOR_HIG_URB,2039,0.0
RE1,DEMRESNGSWHT_FOR_HIG_URB,2040,0.0
RE1,DEMRESNGSWHT_FOR_HIG_URB,2041,0.0
RE1,DEMRESNGSWHT_FOR_HIG_URB,2042,0.0
RE1,DEMRESNGSWHT_FOR_HIG_URB,2043,0.0
RE1,DEMRESNGSWHT_FOR_HIG_URB,2044,0.0
RE1,DEMRESNGSWHT_FOR_HIG_URB,2045,0.0
RE1,DEMRESNGSWHT_FOR_HIG_URB,2046,0.0
RE1,DEMRESNGSWHT_FOR_HIG_URB,2047,0.0
RE1,DEMRESNGSWHT_FOR_HIG_URB,2048,0.0
RE1,DEMRESNGSWHT_FOR_HIG_URB,2049,0.0
RE1,DEMRESNGSWHT_FOR_HIG_URB,2050,0.0
RE1,DEMRESNGSWHT_FOR_HIG_URB,2051,0.0
RE1,DEMRESNGSWHT_FOR_HIG_URB,2052,0.0
RE1,DEMRESNGSWHT_FOR_HIG_URB,2053,0.0
RE1,DEMRESNGSWHT_FOR_HIG_URB,2054,0.0
RE1,DEMRESNGSWHT_FOR_LOW_RUR,2022,0.0
RE1,DEMRESNGSWHT_FOR_LOW_RUR,2023,0.0
RE1,DEMRESNGSWHT_FOR_LOW_RUR,2024,0.0
RE1,DEMRESNGSWHT_FOR_LOW_RUR,2025,0.0
RE1,DEMRESNGSWHT_FOR_LOW_RUR,2026,0.0
RE1,DEMRESNGSWHT_FOR_LOW_RUR,2027,0.0
RE1,DEMRESNGSWHT_FOR_LOW_RUR,2028,0.0
RE1,DEMRESNGSWHT_FOR_LOW_RUR,2029,0.0
RE1,DEMRESNGSWHT_FOR_LOW_RUR,2030,0.0
RE1,DEMRESNGSWHT_FOR_LOW_RUR,2031,0.0
RE1,DEMRESNGSWHT_FOR_LOW_RUR,2032,0.0
RE1,DEMRESNGSWHT_FOR_LOW_RUR,2033,0.0
RE1,DEMRESNGSWHT_FOR_LOW_RUR,2034,0.0
RE1,DEMRESNGSWHT_FOR_LOW_RUR,2035,0.0
RE1,DEMRESNGSWHT_FOR_LOW_RUR,2036,0.0
RE1,DEMRESNGSWHT_FOR_LOW_RUR,2037,0.0
RE1,DEMRESNGSWHT_FOR_LOW_RUR,2038,0.0
RE1,DEMRESNGSWHT_FOR_LOW_RUR,2039,0.0
RE1,DEMRESNGSWHT_FOR_LOW_RUR,2040,0.0
RE1,DEMRESNGSWHT_FOR_LOW_RUR,2041,0.0
RE1,DEMRESNGSWHT_FOR_LOW_RUR,2042,0.0
RE1,DEMRESNGSWHT_FOR_LOW_RUR,2043,0.0
RE1,DEMRESNGSWHT_FOR_LOW_RUR,2044,0.0
RE1,DEMRESNGSWHT_FOR_LOW_RUR,2045,0.0
RE1,DEMRESNGSWHT_FOR_LOW_RUR,2046,0.0
RE1,DEMRESNGSWHT_FOR_LOW_RUR,2047,0.0
RE1,DEMRESNGSWHT_FOR_LOW_RUR,2048,0.0
RE1,DEMRESNGSWHT_FOR_LOW_RUR,2049,0.0
RE1,DEMRESNGSWHT_FOR_LOW_RUR,2050,0.0
RE1,DEMRESNGSWHT_FOR_LOW_RUR,2051,0.0
RE1,DEMRESNGSWHT_FOR_LOW_RUR,2052,0.0
RE1,DEMRESNGSWHT_FOR_LOW_RUR,2053,0.0
RE1,DEMRESNGSWHT_FOR_LOW_RUR,2054,0.0
RE1,DEMRESNGSWHT_FOR_LOW_URB,2022,0.3345983409882398
RE1,DEMRESNGSWHT_FOR_LOW_URB,2023,0.3232148287237928
RE1,DEMRESNGSWHT_FOR_LOW_URB,2024,0.3283890811482416
RE1,DEMRESNGSWHT_FOR_LOW_URB,2025,0.3250435353853633
RE1,DEMRESNGSWHT_FOR_LOW_URB,2026,0.3182856112880248
RE1,DEMRESNGSWHT_FOR_LOW_URB,2027,0.3038211264484422
RE1,DEMRESNGSWHT_FOR_LOW_URB,2028,0.2775855373495227
RE1,DEMRESNGSWHT_FOR_LOW_URB,2029,0.2366350612393702
RE1,DEMRESNGSWHT_FOR_LOW_URB,2030,0.1819458523755328
RE1,DEMRESNGSWHT_FOR_LOW_URB,2031,0.1208075916596185
RE1,DEMRESNGSWHT_FOR_LOW_URB,2032,0.06560744159014156
RE1,DEMRESNGSWHT_FOR_LOW_URB,2033,0.02727250708814211
RE1,DEMRESNGSWHT_FOR_LOW_URB,2034,0.0080146340621204
RE1,DEMRESNGSWHT_FOR_LOW_URB,2035,0.001515823913441336
RE1,DEMRESNGSWHT_FOR_LOW_URB,2036,0.000165373145319434
RE1,DEMRESNGSWHT_FOR_LOW_URB,2037,9.172358103671705e-06
RE1,DEMRESNGSWHT_FOR_LOW_URB,2038,2.238866028405578e-07
RE1,DEMRESNGSWHT_FOR_LOW_URB,2039,2.042204142025728e-09
RE1,DEMRESNGSWHT_FOR_LOW_URB,2040,5.791984421008916e-12
RE1,DEMRESNGSWHT_FOR_LOW_URB,2041,4.158773688176253e-15
RE1,DEMRESNGSWHT_FOR_LOW_URB,2042,6.016770275668203e-19
RE1,DEMRESNGSWHT_FOR_LOW_URB,2043,1.362853942690339e-23
RE1,DEMRESNGSWHT_FOR_LOW_URB,2044,3.661897831564247e-29
RE1,DEMRESNGSWHT_FOR_LOW_URB,2045,8.612952692253515e-36
RE1,DEMRESNGSWHT_FOR_LOW_URB,2046,1.272970121229182e-43
RE1,DEMRESNGSWHT_FOR_LOW_URB,2047,8.245715879135625e-53
RE1,DEMRESNGSWHT_FOR_LOW_URB,2048,1.58444582351888e-63
RE1,DEMRESNGSWHT_FOR_LOW_URB,2049,5.925297619837454e-76
RE1,DEMRESNGSWHT_FOR_LOW_URB,2050,2.739052941523784e-90
RE1,DEMRESNGSWHT_FOR_LOW_URB,2051,9.612350670390285e-107
RE1,DEMRESNGSWHT_FOR_LOW_URB,2052,1.519027722079392e-125
RE1,DEMRESNGSWHT_FOR_LOW_URB,2053,6.185034102256644e-147
RE1,DEMRESNGSWHT_FOR_LOW_URB,2054,3.577144124215958e-171
RE1,DEMRESNGSWHT_FOR_MID_RUR,2022,0.0
RE1,DEMRESNGSWHT_FOR_MID_RUR,2023,0.0
RE1,DEMRESNGSWHT_FOR_MID_RUR,2024,0.0
RE1,DEMRESNGSWHT_FOR_MID_RUR,2025,0.0
RE1,DEMRESNGSWHT_FOR_MID_RUR,2026,0.0
RE1,DEMRESNGSWHT_FOR_MID_RUR,2027,0.0
RE1,DEMRESNGSWHT_FOR_MID_RUR,2028,0.0
RE1,DEMRESNGSWHT_FOR_MID_RUR,2029,0.0
RE1,DEMRESNGSWHT_FOR_MID_RUR,2030,0.0
RE1,DEMRESNGSWHT_FOR_MID_RUR,2031,0.0
RE1,DEMRESNGSWHT_FOR_MID_RUR,2032,0.0
RE1,DEMRESNGSWHT_FOR_MID_RUR,2033,0.0
RE1,DEMRESNGSWHT_FOR_MID_RUR,2034,0.0
RE1,DEMRESNGSWHT_FOR_MID_RUR,2035,0.0
RE1,DEMRESNGSWHT_FOR_MID_RUR,2036,0.0
RE1,DEMRESNGSWHT_FOR_MID_RUR,2037,0.0
RE1,DEMRESNGSWHT_FOR_MID_RUR,2038,0.0
RE1,DEMRESNGSWHT_FOR_MID_RUR,2039,0.0
RE1,DEMRESNGSWHT_FOR_MID_RUR,2040,0.0
RE1,DEMRESNGSWHT_FOR_MID_RUR,2041,0.0
RE1,DEMRESNGSWHT_FOR_MID_RUR,2042,0.0
RE1,DEMRESNGSWHT_FOR_MID_RUR,2043,0.0
RE1,DEMRESNGSWHT_FOR_MID_RUR,2044,0.0
RE1,DEMRESNGSWHT_FOR_MID_RUR,2045,0.0
RE1,DEMRESNGSWHT_FOR_MID_RUR,2046,0.0
RE1,DEMRESNGSWHT_FOR_MID_RUR,2047,0.0
RE1,DEMRESNGSWHT_FOR_MID_RUR,2048,0.0
RE1,DEMRESNGSWHT_FOR_MID_RUR,2049,0.0
RE1,DEMRESNGSWHT_FOR_MID_RUR,2050,0.0
RE1,DEMRESNGSWHT_FOR_MID_RUR,2051,0.0
RE1,DEMRESNGSWHT_FOR_MID_RUR,2052,0.0
RE1,DEMRESNGSWHT_FOR_MID_RUR,2053,0.0
RE1,DEMRESNGSWHT_FOR_MID_RUR,2054,0.0
RE1,DEMRESNGSWHT_FOR_MID_URB,2022,0.002305700026176617
RE1,DEMRESNGSWHT_FOR_MID_URB,2023,0.003052151772693027
RE1,DEMRESNGSWHT_FOR_MID_URB,2024,0.007431695975852978
RE1,DEMRESNGSWHT_FOR_MID_URB,2025,0.007355983717406145
RE1,DEMRESNGSWHT_FOR_MID_URB,2026,0.007203046728320812
RE1,DEMRESNGSWHT_FOR_MID_URB,2027,0.006875704377596956
RE1,DEMRESNGSWHT_FOR_MID_URB,2028,0.006281972937901016
RE1,DEMRESNGSWHT_FOR_MID_URB,2029,0.0053552323548921
RE1,DEMRESNGSWHT_FOR_MID_URB,2030,0.004117573745736056
RE1,DEMRESNGSWHT_FOR_MID_URB,2031,0.00273396816255285
RE1,DEMRESNGSWHT_FOR_MID_URB,2032,0.001484746563273714
RE1,DEMRESNGSWHT_FOR_MID_URB,2033,0.0006171976865664213
RE1,DEMRESNGSWHT_FOR_MID_URB,2034,0.0001813772964044037
RE1,DEMRESNGSWHT_FOR_MID_URB,2035,3.430425408248689e-05
RE1,DEMRESNGSWHT_FOR_MID_URB,2036,3.742520714413735e-06
RE1,DEMRESNGSWHT_FOR_MID_URB,2037,2.075774766012024e-07
RE1,DEMRESNGSWHT_FOR_MID_URB,2038,5.06672499450878e-09
RE1,DEMRESNGSWHT_FOR_MID_URB,2039,4.621664109870833e-11
RE1,DEMRESNGSWHT_FOR_MID_URB,2040,1.310770357020002e-13
RE1,DEMRESNGSWHT_FOR_MID_URB,2041,9.41162281487391e-17
RE1,DEMRESNGSWHT_FOR_MID_URB,2042,1.361641114526887e-20
RE1,DEMRESNGSWHT_FOR_MID_URB,2043,3.084242669138877e-25
RE1,DEMRESNGSWHT_FOR_MID_URB,2044,8.28715476277841e-31
RE1,DEMRESNGSWHT_FOR_MID_URB,2045,1.949177044480892e-37
RE1,DEMRESNGSWHT_FOR_MID_URB,2046,2.880828709115759e-45
RE1,DEMRESNGSWHT_FOR_MID_URB,2047,1.866068545967773e-54
RE1,DEMRESNGSWHT_FOR_MID_URB,2048,3.585722037233872e-65
RE1,DEMRESNGSWHT_FOR_MID_URB,2049,1.340940153159323e-77
RE1,DEMRESNGSWHT_FOR_MID_URB,2050,6.198686220624229e-92
RE1,DEMRESNGSWHT_FOR_MID_URB,2051,2.175348447818198e-108
RE1,DEMRESNGSWHT_FOR_MID_URB,2052,3.437675872143407e-127
RE1,DEMRESNGSWHT_FOR_MID_URB,2053,1.399720504942869e-148
RE1,DEMRESNGSWHT_FOR_MID_URB,2054,8.095350643214957e-173
RE1,DEMRESNGSWHT_NAT_HIG_RUR,2022,0.0005459039120626401
RE1,DEMRESNGSWHT_NAT_HIG_RUR,2023,0.0007347802630066526
RE1,DEMRESNGSWHT_NAT_HIG_RUR,2024,0.001772506576463447
RE1,DEMRESNGSWHT_NAT_HIG_RUR,2025,0.001754448723121228
RE1,DEMRESNGSWHT_NAT_HIG_RUR,2026,0.001717972282236258
RE1,DEMRESNGSWHT_NAT_HIG_RUR,2027,0.001639899057591671
RE1,DEMRESNGSWHT_NAT_HIG_RUR,2028,0.001498290347421935
RE1,DEMRESNGSWHT_NAT_HIG_RUR,2029,0.001277256846671073
RE1,DEMRESNGSWHT_NAT_HIG_RUR,2030,0.0009820674267494785
RE1,DEMRESNGSWHT_NAT_HIG_RUR,2031,0.0006520687288220792
RE1,DEMRESNGSWHT_NAT_HIG_RUR,2032,0.0003541214624945823
RE1,DEMRESNGSWHT_NAT_HIG_RUR,2033,0.0001472055587273192
RE1,DEMRESNGSWHT_NAT_HIG_RUR,2034,4.32596343745165e-05
RE1,DEMRESNGSWHT_NAT_HIG_RUR,2035,8.18178194579632e-06
RE1,DEMRESNGSWHT_NAT_HIG_RUR,2036,8.926149024937262e-07
RE1,DEMRESNGSWHT_NAT_HIG_RUR,2037,4.9508543352258e-08
RE1,DEMRESNGSWHT_NAT_HIG_RUR,2038,1.208446013275961e-09
RE1,DEMRESNGSWHT_NAT_HIG_RUR,2039,1.102296172444124e-11
RE1,DEMRESNGSWHT_NAT_HIG_RUR,2040,3.12627035013314e-14
RE1,DEMRESNGSWHT_NAT_HIG_RUR,2041,2.244731672119124e-17
RE1,DEMRESNGSWHT_NAT_HIG_RUR,2042,3.247600329889587e-21
RE1,DEMRESNGSWHT_NAT_HIG_RUR,2043,7.356114179348374e-26
RE1,DEMRESNGSWHT_NAT_HIG_RUR,2044,1.976538917216559e-31
RE1,DEMRESNGSWHT_NAT_HIG_RUR,2045,4.648910748313305e-38
RE1,DEMRESNGSWHT_NAT_HIG_RUR,2046,6.870958996659314e-46
RE1,DEMRESNGSWHT_NAT_HIG_RUR,2047,4.450691713717239e-55
RE1,DEMRESNGSWHT_NAT_HIG_RUR,2048,8.55217424531076e-66
RE1,DEMRESNGSWHT_NAT_HIG_RUR,2049,3.198227225442978e-78
RE1,DEMRESNGSWHT_NAT_HIG_RUR,2050,1.478425937658023e-92
RE1,DEMRESNGSWHT_NAT_HIG_RUR,2051,5.188343875187592e-109
RE1,DEMRESNGSWHT_NAT_HIG_RUR,2052,8.199074761564828e-128
RE1,DEMRESNGSWHT_NAT_HIG_RUR,2053,3.338422088690477e-149
RE1,DEMRESNGSWHT_NAT_HIG_RUR,2054,1.930792419455666e-173
RE1,DEMRESNGSWHT_NAT_HIG_URB,2022,0.008559992839877186
RE1,DEMRESNGSWHT_NAT_HIG_URB,2023,0.01133122133142114
RE1,DEMRESNGSWHT_NAT_HIG_URB,2024,0.02759043397632882
RE1,DEMRESNGSWHT_NAT_HIG_URB,2025,0.02730934954086974
RE1,DEMRESNGSWHT_NAT_HIG_URB,2026,0.0267415655634832
RE1,DEMRESNGSWHT_NAT_HIG_URB,2027,0.0255262955168279
RE1,DEMRESNGSWHT_NAT_HIG_URB,2028,0.02332204656210377
RE1,DEMRESNGSWHT_NAT_HIG_URB,2029,0.01988148939295003
RE1,DEMRESNGSWHT_NAT_HIG_URB,2030,0.01528663806263367
RE1,DEMRESNGSWHT_NAT_HIG_URB,2031,0.01014995343288942
RE1,DEMRESNGSWHT_NAT_HIG_URB,2032,0.005512174093058583
RE1,DEMRESNGSWHT_NAT_HIG_URB,2033,0.00229136822562218
RE1,DEMRESNGSWHT_NAT_HIG_URB,2034,0.0006733696235032479
RE1,DEMRESNGSWHT_NAT_HIG_URB,2035,0.0001273557557313062
RE1,DEMRESNGSWHT_NAT_HIG_URB,2036,1.389424042796956e-05
RE1,DEMRESNGSWHT_NAT_HIG_URB,2037,7.706387185034271e-07
RE1,DEMRESNGSWHT_NAT_HIG_URB,2038,1.881039562051845e-08
RE1,DEMRESNGSWHT_NAT_HIG_URB,2039,1.715809135606146e-10
RE1,DEMRESNGSWHT_NAT_HIG_URB,2040,4.866281278324023e-13
RE1,DEMRESNGSWHT_NAT_HIG_URB,2041,3.494098234475808e-16
RE1,DEMRESNGSWHT_NAT_HIG_URB,2042,5.055140763545153e-20
RE1,DEMRESNGSWHT_NAT_HIG_URB,2043,1.145035991869749e-24
RE1,DEMRESNGSWHT_NAT_HIG_URB,2044,3.076635495813775e-30
RE1,DEMRESNGSWHT_NAT_HIG_URB,2045,7.236388669378163e-37
RE1,DEMRESNGSWHT_NAT_HIG_URB,2046,1.069517840264559e-44
RE1,DEMRESNGSWHT_NAT_HIG_URB,2047,6.927845431260186e-54
RE1,DEMRESNGSWHT_NAT_HIG_URB,2048,1.33121197970445e-64
RE1,DEMRESNGSWHT_NAT_HIG_URB,2049,4.97828771281298e-77
RE1,DEMRESNGSWHT_NAT_HIG_URB,2050,2.301284168052671e-91
RE1,DEMRESNGSWHT_NAT_HIG_URB,2051,8.076057998073404e-108
RE1,DEMRESNGSWHT_NAT_HIG_URB,2052,1.276249317660026e-126
RE1,DEMRESNGSWHT_NAT_HIG_URB,2053,5.196511846343034e-148
RE1,DEMRESNGSWHT_NAT_HIG_URB,2054,3.005427538513074e-172
RE1,DEMRESNGSWHT_NAT_LOW_RUR,2022,0.07922042817427528
RE1,DEMRESNGSWHT_NAT_LOW_RUR,2023,0.07781129332496158
RE1,DEMRESNGSWHT_NAT_LOW_RUR,2024,0.0783228764827451
RE1,DEMRESNGSWHT_NAT_LOW_RUR,2025,0.0775249426213723
RE1,DEMRESNGSWHT_NAT_LOW_RUR,2026,0.07591313490686222
RE1,DEMRESNGSWHT_NAT_LOW_RUR,2027,0.07246326362759835
RE1,DEMRESNGSWHT_NAT_LOW_RUR,2028,0.06620590940235502
RE1,DEMRESNGSWHT_NAT_LOW_RUR,2029,0.05643896139339485
RE1,DEMRESNGSWHT_NAT_LOW_RUR,2030,0.04339523857592466
RE1,DEMRESNGSWHT_NAT_LOW_RUR,2031,0.02881337603141217
RE1,DEMRESNGSWHT_NAT_LOW_RUR,2032,0.01564779049914244
RE1,DEMRESNGSWHT_NAT_LOW_RUR,2033,0.006504665735445335
RE1,DEMRESNGSWHT_NAT_LOW_RUR,2034,0.001911541003455252
RE1,DEMRESNGSWHT_NAT_LOW_RUR,2035,0.0003615336074114556
RE1,DEMRESNGSWHT_NAT_LOW_RUR,2036,3.944254294061031e-05
RE1,DEMRESNGSWHT_NAT_LOW_RUR,2037,2.187665522548486e-06
RE1,DEMRESNGSWHT_NAT_LOW_RUR,2038,5.339837329276658e-08
RE1,DEMRESNGSWHT_NAT_LOW_RUR,2039,4.870786270029064e-10
RE1,DEMRESNGSWHT_NAT_LOW_RUR,2040,1.381424981642068e-12
RE1,DEMRESNGSWHT_NAT_LOW_RUR,2041,9.918938740587388e-16
RE1,DEMRESNGSWHT_NAT_LOW_RUR,2042,1.43503783219114e-19
RE1,DEMRESNGSWHT_NAT_LOW_RUR,2043,3.250493001902575e-24
RE1,DEMRESNGSWHT_NAT_LOW_RUR,2044,8.733858341184204e-30
RE1,DEMRESNGSWHT_NAT_LOW_RUR,2045,2.054243787608074e-36
RE1,DEMRESNGSWHT_NAT_LOW_RUR,2046,3.03611439280012e-44
RE1,DEMRESNGSWHT_NAT_LOW_RUR,2047,1.966655480916582e-53
RE1,DEMRESNGSWHT_NAT_LOW_RUR,2048,3.779003677441091e-64
RE1,DEMRESNGSWHT_NAT_LOW_RUR,2049,1.413221024217106e-76
RE1,DEMRESNGSWHT_NAT_LOW_RUR,2050,6.5328148082312e-91
RE1,DEMRESNGSWHT_NAT_LOW_RUR,2051,2.292606537444376e-107
RE1,DEMRESNGSWHT_NAT_LOW_RUR,2052,3.622977360705312e-126
RE1,DEMRESNGSWHT_NAT_LOW_RUR,2053,1.475169820929375e-147
RE1,DEMRESNGSWHT_NAT_LOW_RUR,2054,8.531715379278045e-172
RE1,DEMRESNGSWHT_NAT_LOW_URB,2022,1.24220816696765
RE1,DEMRESNGSWHT_NAT_LOW_URB,2023,1.199946475346861
RE1,DEMRESNGSWHT_NAT_LOW_URB,2024,1.219156070351483
RE1,DEMRESNGSWHT_NAT_LOW_URB,2025,1.206735613461778
RE1,DEMRESNGSWHT_NAT_LOW_URB,2026,1.181646581398237
RE1,DEMRESNGSWHT_NAT_LOW_URB,2027,1.127946670198316
RE1,DEMRESNGSWHT_NAT_LOW_URB,2028,1.030546118397521
RE1,DEMRESNGSWHT_NAT_LOW_URB,2029,0.8785160284843345
RE1,DEMRESNGSWHT_NAT_LOW_URB,2030,0.6754804076411154
RE1,DEMRESNGSWHT_NAT_LOW_URB,2031,0.4485024538616751
RE1,DEMRESNGSWHT_NAT_LOW_URB,2032,0.2435699457338054
RE1,DEMRESNGSWHT_NAT_LOW_URB,2033,0.1012501464846293
RE1,DEMRESNGSWHT_NAT_LOW_URB,2034,0.02975461222496913
RE1,DEMRESNGSWHT_NAT_LOW_URB,2035,0.005627549853954212
RE1,DEMRESNGSWHT_NAT_LOW_URB,2036,0.0006139536469493404
RE1,DEMRESNGSWHT_NAT_LOW_URB,2037,3.405270364784434e-05
RE1,DEMRESNGSWHT_NAT_LOW_URB,2038,8.311869260970378e-07
RE1,DEMRESNGSWHT_NAT_LOW_URB,2039,7.581755056964505e-09
RE1,DEMRESNGSWHT_NAT_LOW_URB,2040,2.150294687498032e-11
RE1,DEMRESNGSWHT_NAT_LOW_URB,2041,1.543959430511428e-14
RE1,DEMRESNGSWHT_NAT_LOW_URB,2042,2.233747230523756e-18
RE1,DEMRESNGSWHT_NAT_LOW_URB,2043,5.059643430968185e-23
RE1,DEMRESNGSWHT_NAT_LOW_URB,2044,1.359492512585444e-28
RE1,DEMRESNGSWHT_NAT_LOW_URB,2045,3.197589128632101e-35
RE1,DEMRESNGSWHT_NAT_LOW_URB,2046,4.725946566938498e-43
RE1,DEMRESNGSWHT_NAT_LOW_URB,2047,3.061251163799738e-52
RE1,DEMRESNGSWHT_NAT_LOW_URB,2048,5.882311120490922e-63
RE1,DEMRESNGSWHT_NAT_LOW_URB,2049,2.199787683745497e-75
RE1,DEMRESNGSWHT_NAT_LOW_URB,2050,1.016883085453552e-89
RE1,DEMRESNGSWHT_NAT_LOW_URB,2051,3.568619160289098e-106
RE1,DEMRESNGSWHT_NAT_LOW_URB,2052,5.639444106758459e-125
RE1,DEMRESNGSWHT_NAT_LOW_URB,2053,2.296215770856637e-146
RE1,DEMRESNGSWHT_NAT_LOW_URB,2054,1.328027399178761e-170
RE1,DEMRESWOOCKN_HIG_RUR,2022,0.0
RE1,DEMRESWOOCKN_HIG_RUR,2023,0.0
RE1,DEMRESWOOCKN_HIG_RUR,2024,0.0
RE1,DEMRESWOOCKN_HIG_RUR,2025,0.0
RE1,DEMRESWOOCKN_HIG_RUR,2026,0.0
RE1,DEMRESWOOCKN_HIG_RUR,2027,0.0
RE1,DEMRESWOOCKN_HIG_RUR,2028,0.0
RE1,DEMRESWOOCKN_HIG_RUR,2029,0.0
RE1,DEMRESWOOCKN_HIG_RUR,2030,0.0
RE1,DEMRESWOOCKN_HIG_RUR,2031,0.0
RE1,DEMRESWOOCKN_HIG_RUR,2032,0.0
RE1,DEMRESWOOCKN_HIG_RUR,2033,0.0
RE1,DEMRESWOOCKN_HIG_RUR,2034,0.0
RE1,DEMRESWOOCKN_HIG_RUR,2035,0.0
RE1,DEMRESWOOCKN_HIG_RUR,2036,0.0
RE1,DEMRESWOOCKN_HIG_RUR,2037,0.0
RE1,DEMRESWOOCKN_HIG_RUR,2038,0.0
RE1,DEMRESWOOCKN_HIG_RUR,2039,0.0
RE1,DEMRESWOOCKN_HIG_RUR,2040,0.0
RE1,DEMRESWOOCKN_HIG_RUR,2041,0.0
RE1,DEMRESWOOCKN_HIG_RUR,2042,0.0
RE1,DEMRESWOOCKN_HIG_RUR,2043,0.0
RE1,DEMRESWOOCKN_HIG_RUR,2044,0.0
RE1,DEMRESWOOCKN_HIG_RUR,2045,0.0
RE1,DEMRESWOOCKN_HIG_RUR,2046,0.0
RE1,DEMRESWOOCKN_HIG_RUR,2047,0.0
RE1,DEMRESWOOCKN_HIG_RUR,2048,0.0
RE1,DEMRESWOOCKN_HIG_RUR,2049,0.0
RE1,DEMRESWOOCKN_HIG_RUR,2050,0.0
RE1,DEMRESWOOCKN_HIG_RUR,2051,0.0
RE1,DEMRESWOOCKN_HIG_RUR,2052,0.0
RE1,DEMRESWOOCKN_HIG_RUR,2053,0.0
RE1,DEMRESWOOCKN_HIG_RUR,2054,0.0
RE1,DEMRESWOOCKN_HIG_URB,2022,0.0
RE1,DEMRESWOOCKN_HIG_URB,2023,0.0
RE1,DEMRESWOOCKN_HIG_URB,2024,0.0
RE1,DEMRESWOOCKN_HIG_URB,2025,0.0
RE1,DEMRESWOOCKN_HIG_URB,2026,0.0
RE1,DEMRESWOOCKN_HIG_URB,2027,0.0
RE1,DEMRESWOOCKN_HIG_URB,2028,0.0
RE1,DEMRESWOOCKN_HIG_URB,2029,0.0
RE1,DEMRESWOOCKN_HIG_URB,2030,0.0
RE1,DEMRESWOOCKN_HIG_URB,2031,0.0
RE1,DEMRESWOOCKN_HIG_URB,2032,0.0
RE1,DEMRESWOOCKN_HIG_URB,2033,0.0
RE1,DEMRESWOOCKN_HIG_URB,2034,0.0
RE1,DEMRESWOOCKN_HIG_URB,2035,0.0
RE1,DEMRESWOOCKN_HIG_URB,2036,0.0
RE1,DEMRESWOOCKN_HIG_URB,2037,0.0
RE1,DEMRESWOOCKN_HIG_URB,2038,0.0
RE1,DEMRESWOOCKN_HIG_URB,2039,0.0
RE1,DEMRESWOOCKN_HIG_URB,2040,0.0
RE1,DEMRESWOOCKN_HIG_URB,2041,0.0
RE1,DEMRESWOOCKN_HIG_URB,2042,0.0
RE1,DEMRESWOOCKN_HIG_URB,2043,0.0
RE1,DEMRESWOOCKN_HIG_URB,2044,0.0
RE1,DEMRESWOOCKN_HIG_URB,2045,0.0
RE1,DEMRESWOOCKN_HIG_URB,2046,0.0
RE1,DEMRESWOOCKN_HIG_URB,2047,0.0
RE1,DEMRESWOOCKN_HIG_URB,2048,0.0
RE1,DEMRESWOOCKN_HIG_URB,2049,0.0
RE1,DEMRESWOOCKN_HIG_URB,2050,0.0
RE1,DEMRESWOOCKN_HIG_URB,2051,0.0
RE1,DEMRESWOOCKN_HIG_URB,2052,0.0
RE1,DEMRESWOOCKN_HIG_URB,2053,0.0
RE1,DEMRESWOOCKN_HIG_URB,2054,0.0
RE1,DEMRESWOOCKN_LOW_RUR,2022,11.28447127676893
RE1,DEMRESWOOCKN_LOW_RUR,2023,11.82304434362199
RE1,DEMRESWOOCKN_LOW_RUR,2024,11.35575239933412
RE1,DEMRESWOOCKN_LOW_RUR,2025,10.24522404793652
RE1,DEMRESWOOCKN_LOW_RUR,2026,9.626205290936518
RE1,DEMRESWOOCKN_LOW_RUR,2027,9.007186533936519
RE1,DEMRESWOOCKN_LOW_RUR,2028,8.38816777693652
RE1,DEMRESWOOCKN_LOW_RUR,2029,7.76914901993652
RE1,DEMRESWOOCKN_LOW_RUR,2030,7.15013026293652
RE1,DEMRESWOOCKN_LOW_RUR,2031,6.592751879891411
RE1,DEMRESWOOCKN_LOW_RUR,2032,6.316194489910686
RE1,DEMRESWOOCKN_LOW_RUR,2033,6.000106739046165
RE1,DEMRESWOOCKN_LOW_RUR,2034,5.652546843601903
RE1,DEMRESWOOCKN_LOW_RUR,2035,5.281614111852633
RE1,DEMRESWOOCKN_LOW_RUR,2036,4.895238777346616
RE1,DEMRESWOOCKN_LOW_RUR,2037,4.500979921296591
RE1,DEMRESWOOCKN_LOW_RUR,2038,4.105846768382201
RE1,DEMRESWOOCKN_LOW_RUR,2039,3.716152497885219
RE1,DEMRESWOOCKN_LOW_RUR,2040,3.337405560301891
RE1,DEMRESWOOCKN_LOW_RUR,2041,2.974240279200772
RE1,DEMRESWOOCKN_LOW_RUR,2042,2.630385925432105
RE1,DEMRESWOOCKN_LOW_RUR,2043,2.308671387835771
RE1,DEMRESWOOCKN_LOW_RUR,2044,2.011061013405534
RE1,DEMRESWOOCKN_LOW_RUR,2045,1.738716141142878
RE1,DEMRESWOOCKN_LOW_RUR,2046,1.492076284277194
RE1,DEMRESWOOCKN_LOW_RUR,2047,1.270953781704519
RE1,DEMRESWOOCKN_LOW_RUR,2048,1.074635979351781
RE1,DEMRESWOOCKN_LOW_RUR,2049,0.9019895401608876
RE1,DEMRESWOOCKN_LOW_RUR,2050,0.751562234996998
RE1,DEMRESWOOCKN_LOW_RUR,2051,0.6216784531453512
RE1,DEMRESWOOCKN_LOW_RUR,2052,0.5105256127648354
RE1,DEMRESWOOCKN_LOW_RUR,2053,0.4162295813259684
RE1,DEMRESWOOCKN_LOW_RUR,2054,0.3369180793462295
RE1,DEMRESWOOCKN_LOW_URB,2022,0.7314569659397802
RE1,DEMRESWOOCKN_LOW_URB,2023,0.842612315260126
RE1,DEMRESWOOCKN_LOW_URB,2024,0.7960313226906401
RE1,DEMRESWOOCKN_LOW_URB,2025,0.7594950294113316
RE1,DEMRESWOOCKN_LOW_URB,2026,0.7408846076468657
RE1,DEMRESWOOCKN_LOW_URB,2027,0.7191885025695666
RE1,DEMRESWOOCKN_LOW_URB,2028,0.6947686452433488
RE1,DEMRESWOOCKN_LOW_URB,2029,0.6679980263473344
RE1,DEMRESWOOCKN_LOW_URB,2030,0.639256407479192
RE1,DEMRESWOOCKN_LOW_URB,2031,0.6089250378345598
RE1,DEMRESWOOCKN_LOW_URB,2032,0.5773810511106826
RE1,DEMRESWOOCKN_LOW_URB,2033,0.5449919449743507
RE1,DEMRESWOOCKN_LOW_URB,2034,0.5121104076153363
RE1,DEMRESWOOCKN_LOW_URB,2035,0.4790696731819674
RE1,DEMRESWOOCKN_LOW_URB,2036,0.4461795302159312
RE1,DEMRESWOOCKN_LOW_URB,2037,0.4137230622979995
RE1,DEMRESWOOCKN_LOW_URB,2038,0.3819541627961572
RE1,DEMRESWOOCKN_LOW_URB,2039,0.3510958337088597
RE1,DEMRESWOOCKN_LOW_URB,2040,0.3213392512878122
RE1,DEMRESWOOCKN_LOW_URB,2041,0.2928435581463968
RE1,DEMRESWOOCKN_LOW_URB,2042,0.265736322858654
RE1,DEMRESWOOCKN_LOW_URB,2043,0.2401145936055901
RE1,DEMRESWOOCKN_LOW_URB,2044,0.2160464621498862
RE1,DEMRESWOOCKN_LOW_URB,2045,0.1935730481431956
RE1,DEMRESWOOCKN_LOW_URB,2046,0.1727108112173042
RE1,DEMRESWOOCKN_LOW_URB,2047,0.1534540991135932
RE1,DEMRESWOOCKN_LOW_URB,2048,0.1357778438211151
RE1,DEMRESWOOCKN_LOW_URB,2049,0.119640323825796
RE1,DEMRESWOOCKN_LOW_URB,2050,0.1049859185967988
RE1,DEMRESWOOCKN_LOW_URB,2051,0.09174779082118387
RE1,DEMRESWOOCKN_LOW_URB,2052,0.07985044213206165
RE1,DEMRESWOOCKN_LOW_URB,2053,0.06921209868172701
RE1,DEMRESWOOCKN_LOW_URB,2054,0.05974689346382544
RE1,DEMRESWOOCKN_MID_RUR,2022,0.07776071346136736
RE1,DEMRESWOOCKN_MID_RUR,2023,0.1116462567466285
RE1,DEMRESWOOCKN_MID_RUR,2024,0.2569893588234674
RE1,DEMRESWOOCKN_MID_RUR,2025,0.2451940458552556
RE1,DEMRESWOOCKN_MID_RUR,2026,0.2391858898689829
RE1,DEMRESWOOCKN_MID_RUR,2027,0.2321815572832556
RE1,DEMRESWOOCKN_MID_RUR,2028,0.2242978932892143
RE1,DEMRESWOOCKN_MID_RUR,2029,0.2156553135448142
RE1,DEMRESWOOCKN_MID_RUR,2030,0.206376419619502
RE1,DEMRESWOOCKN_MID_RUR,2031,0.1965842933362491
RE1,DEMRESWOOCKN_MID_RUR,2032,0.1864006878777293
RE1,DEMRESWOOCKN_MID_RUR,2033,0.1759442455474116
RE1,DEMRESWOOCKN_MID_RUR,2034,0.1653288275831276
RE1,DEMRESWOOCKN_MID_RUR,2035,0.1546620147140216
RE1,DEMRESWOOCKN_MID_RUR,2036,0.1440438185306302
RE1,DEMRESWOOCKN_MID_RUR,2037,0.1335656292406527
RE1,DEMRESWOOCKN_MID_RUR,2038,0.1233094133345877
RE1,DEMRESWOOCKN_MID_RUR,2039,0.1133471643872683
RE1,DEMRESWOOCKN_MID_RUR,2040,0.1037406014051549
RE1,DEMRESWOOCKN_MID_RUR,2041,0.09454110171098447
RE1,DEMRESWOOCKN_MID_RUR,2042,0.0857898493199009
RE1,DEMRESWOOCKN_MID_RUR,2043,0.07751817509678456
RE1,DEMRESWOOCKN_MID_RUR,2044,0.06974806166710983
RE1,DEMRESWOOCKN_MID_RUR,2045,0.06249278402723957
RE1,DEMRESWOOCKN_MID_RUR,2046,0.05575765597588817
RE1,DEMRESWOOCKN_MID_RUR,2047,0.04954085274777697
RE1,DEMRESWOOCKN_MID_RUR,2048,0.04383428143013141
RE1,DEMRESWOOCKN_MID_RUR,2049,0.03862447272237828
RE1,DEMRESWOOCKN_MID_RUR,2050,0.03389347018970176
RE1,DEMRESWOOCKN_MID_RUR,2051,0.02961969619098619
RE1,DEMRESWOOCKN_MID_RUR,2052,0.02577877696561926
RE1,DEMRESWOOCKN_MID_RUR,2053,0.02234431278774694
RE1,DEMRESWOOCKN_MID_RUR,2054,0.01928858250334155
RE1,DEMRESWOOCKN_MID_URB,2022,0.005040432479531318
RE1,DEMRESWOOCKN_MID_URB,2023,0.007956877108234154
RE1,DEMRESWOOCKN_MID_URB,2024,0.01801479743725832
RE1,DEMRESWOOCKN_MID_URB,2025,0.01718795318656945
RE1,DEMRESWOOCKN_MID_URB,2026,0.01676678511346451
RE1,DEMRESWOOCKN_MID_URB,2027,0.01627578566783477
RE1,DEMRESWOOCKN_MID_URB,2028,0.01572314562637056
RE1,DEMRESWOOCKN_MID_URB,2029,0.01511730605330999
RE1,DEMRESWOOCKN_MID_URB,2030,0.01446686124395456
RE1,DEMRESWOOCKN_MID_URB,2031,0.01378043915908516
RE1,DEMRESWOOCKN_MID_URB,2032,0.01306657462260755
RE1,DEMRESWOOCKN_MID_URB,2033,0.01233358438769108
RE1,DEMRESWOOCKN_MID_URB,2034,0.01158945005771762
RE1,DEMRESWOOCKN_MID_URB,2035,0.01084171297623759
RE1,DEMRESWOOCKN_MID_URB,2036,0.01009738389479782
RE1,DEMRESWOOCKN_MID_URB,2037,0.009362869211262382
RE1,DEMRESWOOCKN_MID_URB,2038,0.008643914726662632
RE1,DEMRESWOOCKN_MID_URB,2039,0.007945567146719523
RE1,DEMRESWOOCKN_MID_URB,2040,0.007272152936172711
RE1,DEMRESWOOCKN_MID_URB,2041,0.00662727361403532
RE1,DEMRESWOOCKN_MID_URB,2042,0.006013816154670288
RE1,DEMRESWOOCKN_MID_URB,2043,0.005433976832611851
RE1,DEMRESWOOCKN_MID_URB,2044,0.004889296616508955
RE1,DEMRESWOOCKN_MID_URB,2045,0.004380706075516497
RE1,DEMRESWOOCKN_MID_URB,2046,0.003908577703685982
RE1,DEMRESWOOCKN_MID_URB,2047,0.003472783586083436
RE1,DEMRESWOOCKN_MID_URB,2048,0.003072756414455405
RE1,DEMRESWOOCKN_MID_URB,2049,0.002707551999040261
RE1,DEMRESWOOCKN_MID_URB,2050,0.002375911604700552
RE1,DEMRESWOOCKN_MID_URB,2051,0.002076322651944069
RE1,DEMRESWOOCKN_MID_URB,2052,0.00180707655500592
RE1,DEMRESWOOCKN_MID_URB,2053,0.001566322709192441
RE1,DEMRESWOOCKN_MID_URB,2054,0.001352117878500315
RE1,DEMRESZNIBGSCKN_MID,2022,0.0
RE1,DEMRESZNIBGSCKN_MID,2023,0.0
RE1,DEMRESZNIBGSCKN_MID,2024,0.0
RE1,DEMRESZNIBGSCKN_MID,2025,0.0
RE1,DEMRESZNIBGSCKN_MID,2026,0.0
RE1,DEMRESZNIBGSCKN_MID,2027,0.0
RE1,DEMRESZNIBGSCKN_MID,2028,0.0
RE1,DEMRESZNIBGSCKN_MID,2029,0.0
RE1,DEMRESZNIBGSCKN_MID,2030,0.0
RE1,DEMRESZNIBGSCKN_MID,2031,0.0
RE1,DEMRESZNIBGSCKN_MID,2032,0.0
RE1,DEMRESZNIBGSCKN_MID,2033,0.0
RE1,DEMRESZNIBGSCKN_MID,2034,0.0
RE1,DEMRESZNIBGSCKN_MID,2035,0.0
RE1,DEMRESZNIBGSCKN_MID,2036,0.0
RE1,DEMRESZNIBGSCKN_MID,2037,0.0
RE1,DEMRESZNIBGSCKN_MID,2038,0.0
RE1,DEMRESZNIBGSCKN_MID,2039,0.0
RE1,DEMRESZNIBGSCKN_MID,2040,0.0
RE1,DEMRESZNIBGSCKN_MID,2041,0.0
RE1,DEMRESZNIBGSCKN_MID,2042,0.0
RE1,DEMRESZNIBGSCKN_MID,2043,0.0
RE1,DEMRESZNIBGSCKN_MID,2044,0.0
RE1,DEMRESZNIBGSCKN_MID,2045,0.0
RE1,DEMRESZNIBGSCKN_MID,2046,0.0
RE1,DEMRESZNIBGSCKN_MID,2047,0.0
RE1,DEMRESZNIBGSCKN_MID,2048,0.0
RE1,DEMRESZNIBGSCKN_MID,2049,0.0
RE1,DEMRESZNIBGSCKN_MID,2050,0.0
RE1,DEMRESZNIBGSCKN_MID,2051,0.0
RE1,DEMRESZNIBGSCKN_MID,2052,0.0
RE1,DEMRESZNIBGSCKN_MID,2053,0.0
RE1,DEMRESZNIBGSCKN_MID,2054,0.0
RE1,DEMRESZNIELCCKN_LOW,2022,0.003267618987290413
RE1,DEMRESZNIELCCKN_LOW,2023,0.006595135556345194
RE1,DEMRESZNIELCCKN_LOW,2024,0.00985856142639105
RE1,DEMRESZNIELCCKN_LOW,2025,0.009406072584156528
RE1,DEMRESZNIELCCKN_LOW,2026,0.009175589208809082
RE1,DEMRESZNIELCCKN_LOW,2027,0.008906890756221792
RE1,DEMRESZNIELCCKN_LOW,2028,0.008604459612356133
RE1,DEMRESZNIELCCKN_LOW,2029,0.00827291513252738
RE1,DEMRESZNIELCCKN_LOW,2030,0.007916960527440037
RE1,DEMRESZNIELCCKN_LOW,2031,0.007541317431164053
RE1,DEMRESZNIELCCKN_LOW,2032,0.00715065650880301
RE1,DEMRESZNIELCCKN_LOW,2033,0.006749529086691479
RE1,DEMRESZNIELCCKN_LOW,2034,0.006342303081121351
RE1,DEMRESZNIELCCKN_LOW,2035,0.005933105477083061
RE1,DEMRESZNIELCCKN_LOW,2036,0.005525772894167271
RE1,DEMRESZNIELCCKN_LOW,2037,0.005123811220635273
RE1,DEMRESZNIELCCKN_LOW,2038,0.004730364834469042
RE1,DEMRESZNIELCCKN_LOW,2039,0.004348195535157261
RE1,DEMRESZNIELCCKN_LOW,2040,0.003979670971769733
RE1,DEMRESZNIELCCKN_LOW,2041,0.003626762068295077
RE1,DEMRESZNIELCCKN_LOW,2042,0.003291048715608699
RE1,DEMRESZNIELCCKN_LOW,2043,0.002973732820503078
RE1,DEMRESZNIELCCKN_LOW,2044,0.002675657674951646
RE1,DEMRESZNIELCCKN_LOW,2045,0.002397332531040471
RE1,DEMRESZNIELCCKN_LOW,2046,0.002138961235385119
RE1,DEMRESZNIELCCKN_LOW,2047,0.001900473786796941
RE1,DEMRESZNIELCCKN_LOW,2048,0.001681559726982755
RE1,DEMRESZNIELCCKN_LOW,2049,0.001481702350007031
RE1,DEMRESZNIELCCKN_LOW,2050,0.001300212815614123
RE1,DEMRESZNIELCCKN_LOW,2051,0.001136263367739152
RE1,DEMRESZNIELCCKN_LOW,2052,0.0009889189862813293
RE1,DEMRESZNIELCCKN_LOW,2053,0.0008571669315686184
RE1,DEMRESZNIELCCKN_LOW,2054,0.0007399437716323053
RE1,DEMRESZNIELCCKN_LOW,2055,0.0006361596079206093
RE1,DEMRESZNIELC_LOW,2022,0.1484420641740809
RE1,DEMRESZNIELC_LOW,2023,0.1491843719200197
RE1,DEMRESZNIELC_LOW,2024,0.1492166459398212
RE1,DEMRESZNIELC_LOW,2025,0.1075245560127604
RE1,DEMRESZNIELC_LOW,2026,0.0548937363218184
RE1,DEMRESZNIELC_LOW,2027,0.01239234879501217
RE1,DEMRESZNIELC_LOW,2028,0.0006887749111761267
RE1,DEMRESZNIELC_LOW,2029,4.167825881430527e-06
RE1,DEMRESZNIELC_LOW,2030,9.279567132133959e-10
RE1,DEMRESZNIELC_LOW,2031,1.889704306862467e-15
RE1,DEMRESZNIELC_LOW,2032,6.192669181418752e-24
RE1,DEMRESZNIELC_LOW,2033,3.913637773468658e-36
RE1,DEMRESZNIELC_LOW,2034,3.746769114719485e-53
RE1,DEMRESZNIELC_LOW,2035,2.692394746913725e-76
RE1,DEMRESZNIELC_LOW,2036,4.367754011850192e-107
RE1,DEMRESZNIELC_LOW,2037,2.810416352867497e-147
RE1,DEMRESZNIELC_LOW,2038,7.083991190485911e-199
RE1,DEMRESZNIELC_LOW,2039,3.737244297356767e-264
RE1,DEMRESZNIELC_LOW,2040,0.0
RE1,DEMRESZNIELC_LOW,2041,0.0
RE1,DEMRESZNIELC_LOW,2042,0.0
RE1,DEMRESZNIELC_LOW,2043,0.0
RE1,DEMRESZNIELC_LOW,2044,0.0
RE1,DEMRESZNIELC_LOW,2045,0.0
RE1,DEMRESZNIELC_LOW,2046,0.0
RE1,DEMRESZNIELC_LOW,2047,0.0
RE1,DEMRESZNIELC_LOW,2048,0.0
RE1,DEMRESZNIELC_LOW,2049,0.0
RE1,DEMRESZNIELC_LOW,2050,0.0
RE1,DEMRESZNIELC_LOW,2051,0.0
RE1,DEMRESZNIELC_LOW,2052,0.0
RE1,DEMRESZNIELC_LOW,2053,0.0
RE1,DEMRESZNIELC_LOW,2054,0.0
RE1,DEMRESZNILPGCKN_MID,2022,0.3805685630038519
RE1,DEMRESZNILPGCKN_MID,2023,0.3764169622791386
RE1,DEMRESZNILPGCKN_MID,2024,0.3937047852458874
RE1,DEMRESZNILPGCKN_MID,2025,0.3756344994553857
RE1,DEMRESZNILPGCKN_MID,2026,0.366430072575111
RE1,DEMRESZNILPGCKN_MID,2027,0.3556995144341848
RE1,DEMRESZNILPGCKN_MID,2028,0.343621830541223
RE1,DEMRESZNILPGCKN_MID,2029,0.3303814963195371
RE1,DEMRESZNILPGCKN_MID,2030,0.3161663359840703
RE1,DEMRESZNILPGCKN_MID,2031,0.301164909492723
RE1,DEMRESZNILPGCKN_MID,2032,0.2855637413415176
RE1,DEMRESZNILPGCKN_MID,2033,0.26954459019479
RE1,DEMRESZNILPGCKN_MID,2034,0.2532818901785038
RE1,DEMRESZNILPGCKN_MID,2035,0.2369404537504912
RE1,DEMRESZNILPGCKN_MID,2036,0.2206734975340181
RE1,DEMRESZNILPGCKN_MID,2037,0.2046210302915509
RE1,DEMRESZNILPGCKN_MID,2038,0.1889086237576038
RE1,DEMRESZNILPGCKN_MID,2039,0.1736465712729142
RE1,DEMRESZNILPGCKN_MID,2040,0.1589294256559157
RE1,DEMRESZNILPGCKN_MID,2041,0.1448358963827798
RE1,DEMRESZNILPGCKN_MID,2042,0.1314290768979666
RE1,DEMRESZNILPGCKN_MID,2043,0.1187569657313988
RE1,DEMRESZNILPGCKN_MID,2044,0.1068532400161731
RE1,DEMRESZNILPGCKN_MID,2045,0.09573823689627126
RE1,DEMRESZNILPGCKN_MID,2046,0.08542009705110225
RE1,DEMRESZNILPGCKN_MID,2047,0.07589602496093928
RE1,DEMRESZNILPGCKN_MID,2048,0.06715362237512909
RE1,DEMRESZNILPGCKN_MID,2049,0.05917225447784167
RE1,DEMRESZNILPGCKN_MID,2050,0.05192441221444025
RE1,DEMRESZNILPGCKN_MID,2051,0.045377038883276
RE1,DEMRESZNILPGCKN_MID,2052,0.03949279415931976
RE1,DEMRESZNILPGCKN_MID,2053,0.03423123396175237
RE1,DEMRESZNILPGCKN_MID,2054,0.02954988979676854
RE1,DEMRESZNIWOOCKN_LOW,2022,1.831456438304431
RE1,DEMRESZNIWOOCKN_LOW,2023,1.881521206005062
RE1,DEMRESZNIWOOCKN_LOW,2024,1.789799130006096
RE1,DEMRESZNIWOOCKN_LOW,2025,1.707650822444627
RE1,DEMRESZNIWOOCKN_LOW,2026,1.665807096282569
RE1,DEMRESZNIWOOCKN_LOW,2027,1.617025510828598
RE1,DEMRESZNIWOOCKN_LOW,2028,1.562119832934409
RE1,DEMRESZNIWOOCKN_LOW,2029,1.501928695922541
RE1,DEMRESZNIWOOCKN_LOW,2030,1.437305956868389
RE1,DEMRESZNIWOOCKN_LOW,2031,1.369108817566933
RE1,DEMRESZNIWOOCKN_LOW,2032,1.29818522651465
RE1,DEMRESZNIWOOCKN_LOW,2033,1.225361466529252
RE1,DEMRESZNIWOOCKN_LOW,2034,1.15143052275746
RE1,DEMRESZNIWOOCKN_LOW,2035,1.077141639822902
RE1,DEMRESZNIWOOCKN_LOW,2036,1.003191347179374
RE1,DEMRESZNIWOOCKN_LOW,2037,0.9302161307692524
RE1,DEMRESZNIWOOCKN_LOW,2038,0.8587868451759946
RE1,DEMRESZNIWOOCKN_LOW,2039,0.7894048887383949
RE1,DEMRESZNIWOOCKN_LOW,2040,0.7225001026941362
RE1,DEMRESZNIWOOCKN_LOW,2041,0.6584303037557763
RE1,DEMRESZNIWOOCKN_LOW,2042,0.5974823174744281
RE1,DEMRESZNIWOOCKN_LOW,2043,0.5398743472611667
RE1,DEMRESZNIWOOCKN_LOW,2044,0.485759490832292
RE1,DEMRESZNIWOOCKN_LOW,2045,0.4352302017316
RE1,DEMRESZNIWOOCKN_LOW,2046,0.3883234878428394
RE1,DEMRESZNIWOOCKN_LOW,2047,0.3450266406113717
RE1,DEMRESZNIWOOCKN_LOW,2048,0.3052832970488246
RE1,DEMRESZNIWOOCKN_LOW,2049,0.2689996503821936
RE1,DEMRESZNIWOOCKN_LOW,2050,0.2360506432489541
RE1,DEMRESZNIWOOCKN_LOW,2051,0.2062859984412357
RE1,DEMRESZNIWOOCKN_LOW,2052,0.1795359652123981
RE1,DEMRESZNIWOOCKN_LOW,2053,0.1556166830065714
RE1,DEMRESZNIWOOCKN_LOW,2054,0.1343350881981306
RE1,DEMRES_MEDPVA_URB,2022,0.0
RE1,DEMRES_MEDPVA_URB,2023,0.0
RE1,DEMRES_MEDPVA_URB,2024,0.0
RE1,DEMRES_MEDPVA_URB,2025,0.0
RE1,DEMRES_MEDPVA_URB,2026,0.0
RE1,DEMRES_MEDPVA_URB,2027,0.0
RE1,DEMRES_MEDPVA_URB,2028,0.0
RE1,DEMRES_MEDPVA_URB,2029,0.0
RE1,DEMRES_MEDPVA_URB,2030,0.0
RE1,DEMRES_MEDPVA_URB,2031,0.0
RE1,DEMRES_MEDPVA_URB,2032,0.0
RE1,DEMRES_MEDPVA_URB,2033,0.0
RE1,DEMRES_MEDPVA_URB,2034,0.0
RE1,DEMRES_MEDPVA_URB,2035,0.0
RE1,DEMRES_MEDPVA_URB,2036,0.0
RE1,DEMRES_MEDPVA_URB,2037,0.0
RE1,DEMRES_MEDPVA_URB,2038,0.0
RE1,DEMRES_MEDPVA_URB,2039,0.0
RE1,DEMRES_MEDPVA_URB,2040,0.0
RE1,DEMRES_MEDPVA_URB,2041,0.0
RE1,DEMRES_MEDPVA_URB,2042,0.0
RE1,DEMRES_MEDPVA_URB,2043,0.0
RE1,DEMRES_MEDPVA_URB,2044,0.0
RE1,DEMRES_MEDPVA_URB,2045,0.0
RE1,DEMRES_MEDPVA_URB,2046,0.0
RE1,DEMRES_MEDPVA_URB,2047,0.0
RE1,DEMRES_MEDPVA_URB,2048,0.0
RE1,DEMRES_MEDPVA_URB,2049,0.0
RE1,DEMRES_MEDPVA_URB,2050,0.0
RE1,DEMRES_MEDPVA_URB,2051,0.0
RE1,DEMRES_MEDPVA_URB,2052,0.0
RE1,DEMRES_MEDPVA_URB,2053,0.0
RE1,DEMRES_MEDPVA_URB,2054,0.0
RE1,DEMTERBGSCKN_HIG,2022,0.0
RE1,DEMTERBGSCKN_HIG,2023,0.0
RE1,DEMTERBGSCKN_HIG,2024,0.0
RE1,DEMTERBGSCKN_HIG,2025,0.0
RE1,DEMTERBGSCKN_HIG,2026,0.0
RE1,DEMTERBGSCKN_HIG,2027,0.0
RE1,DEMTERBGSCKN_HIG,2028,0.0
RE1,DEMTERBGSCKN_HIG,2029,0.0
RE1,DEMTERBGSCKN_HIG,2030,0.0
RE1,DEMTERBGSCKN_HIG,2031,0.0
RE1,DEMTERBGSCKN_HIG,2032,0.0
RE1,DEMTERBGSCKN_HIG,2033,0.0
RE1,DEMTERBGSCKN_HIG,2034,0.0
RE1,DEMTERBGSCKN_HIG,2035,0.0
RE1,DEMTERBGSCKN_HIG,2036,0.0
RE1,DEMTERBGSCKN_HIG,2037,0.0
RE1,DEMTERBGSCKN_HIG,2038,0.0
RE1,DEMTERBGSCKN_HIG,2039,0.0
RE1,DEMTERBGSCKN_HIG,2040,0.0
RE1,DEMTERBGSCKN_HIG,2041,0.0
RE1,DEMTERBGSCKN_HIG,2042,0.0
RE1,DEMTERBGSCKN_HIG,2043,0.0
RE1,DEMTERBGSCKN_HIG,2044,0.0
RE1,DEMTERBGSCKN_HIG,2045,0.0
RE1,DEMTERBGSCKN_HIG,2046,0.0
RE1,DEMTERBGSCKN_HIG,2047,0.0
RE1,DEMTERBGSCKN_HIG,2048,0.0
RE1,DEMTERBGSCKN_HIG,2049,0.0
RE1,DEMTERBGSCKN_HIG,2050,0.0
RE1,DEMTERBGSCKN_HIG,2051,0.0
RE1,DEMTERBGSCKN_HIG,2052,0.0
RE1,DEMTERBGSCKN_HIG,2053,0.0
RE1,DEMTERBGSCKN_HIG,2054,0.0
RE1,DEMTERBGSCKN_LOW,2022,0.0
RE1,DEMTERBGSCKN_LOW,2023,0.0
RE1,DEMTERBGSCKN_LOW,2024,0.0
RE1,DEMTERBGSCKN_LOW,2025,0.0
RE1,DEMTERBGSCKN_LOW,2026,0.0
RE1,DEMTERBGSCKN_LOW,2027,0.0
RE1,DEMTERBGSCKN_LOW,2028,0.0
RE1,DEMTERBGSCKN_LOW,2029,0.0
RE1,DEMTERBGSCKN_LOW,2030,0.0
RE1,DEMTERBGSCKN_LOW,2031,0.0
RE1,DEMTERBGSCKN_LOW,2032,0.0
RE1,DEMTERBGSCKN_LOW,2033,0.0
RE1,DEMTERBGSCKN_LOW,2034,0.0
RE1,DEMTERBGSCKN_LOW,2035,0.0
RE1,DEMTERBGSCKN_LOW,2036,0.0
RE1,DEMTERBGSCKN_LOW,2037,0.0
RE1,DEMTERBGSCKN_LOW,2038,0.0
RE1,DEMTERBGSCKN_LOW,2039,0.0
RE1,DEMTERBGSCKN_LOW,2040,0.0
RE1,DEMTERBGSCKN_LOW,2041,0.0
RE1,DEMTERBGSCKN_LOW,2042,0.0
RE1,DEMTERBGSCKN_LOW,2043,0.0
RE1,DEMTERBGSCKN_LOW,2044,0.0
RE1,DEMTERBGSCKN_LOW,2045,0.0
RE1,DEMTERBGSCKN_LOW,2046,0.0
RE1,DEMTERBGSCKN_LOW,2047,0.0
RE1,DEMTERBGSCKN_LOW,2048,0.0
RE1,DEMTERBGSCKN_LOW,2049,0.0
RE1,DEMTERBGSCKN_LOW,2050,0.0
RE1,DEMTERBGSCKN_LOW,2051,0.0
RE1,DEMTERBGSCKN_LOW,2052,0.0
RE1,DEMTERBGSCKN_LOW,2053,0.0
RE1,DEMTERBGSCKN_LOW,2054,0.0
RE1,DEMTERBGSCKN_MID,2022,0.0
RE1,DEMTERBGSCKN_MID,2023,0.0
RE1,DEMTERBGSCKN_MID,2024,0.0
RE1,DEMTERBGSCKN_MID,2025,0.0
RE1,DEMTERBGSCKN_MID,2026,0.0
RE1,DEMTERBGSCKN_MID,2027,0.0
RE1,DEMTERBGSCKN_MID,2028,0.0
RE1,DEMTERBGSCKN_MID,2029,0.0
RE1,DEMTERBGSCKN_MID,2030,0.0
RE1,DEMTERBGSCKN_MID,2031,0.0
RE1,DEMTERBGSCKN_MID,2032,0.0
RE1,DEMTERBGSCKN_MID,2033,0.0
RE1,DEMTERBGSCKN_MID,2034,0.0
RE1,DEMTERBGSCKN_MID,2035,0.0
RE1,DEMTERBGSCKN_MID,2036,0.0
RE1,DEMTERBGSCKN_MID,2037,0.0
RE1,DEMTERBGSCKN_MID,2038,0.0
RE1,DEMTERBGSCKN_MID,2039,0.0
RE1,DEMTERBGSCKN_MID,2040,0.0
RE1,DEMTERBGSCKN_MID,2041,0.0
RE1,DEMTERBGSCKN_MID,2042,0.0
RE1,DEMTERBGSCKN_MID,2043,0.0
RE1,DEMTERBGSCKN_MID,2044,0.0
RE1,DEMTERBGSCKN_MID,2045,0.0
RE1,DEMTERBGSCKN_MID,2046,0.0
RE1,DEMTERBGSCKN_MID,2047,0.0
RE1,DEMTERBGSCKN_MID,2048,0.0
RE1,DEMTERBGSCKN_MID,2049,0.0
RE1,DEMTERBGSCKN_MID,2050,0.0
RE1,DEMTERBGSCKN_MID,2051,0.0
RE1,DEMTERBGSCKN_MID,2052,0.0
RE1,DEMTERBGSCKN_MID,2053,0.0
RE1,DEMTERBGSCKN_MID,2054,0.0
RE1,DEMTERELCACL_HIG,2022,0.0
RE1,DEMTERELCACL_HIG,2023,0.0
RE1,DEMTERELCACL_HIG,2024,0.0
RE1,DEMTERELCACL_HIG,2025,0.0
RE1,DEMTERELCACL_HIG,2026,0.0
RE1,DEMTERELCACL_HIG,2027,0.0
RE1,DEMTERELCACL_HIG,2028,0.0
RE1,DEMTERELCACL_HIG,2029,0.0
RE1,DEMTERELCACL_HIG,2030,0.0
RE1,DEMTERELCACL_HIG,2031,0.0
RE1,DEMTERELCACL_HIG,2032,0.0
RE1,DEMTERELCACL_HIG,2033,0.0
RE1,DEMTERELCACL_HIG,2034,0.0
RE1,DEMTERELCACL_HIG,2035,0.0
RE1,DEMTERELCACL_HIG,2036,0.0
RE1,DEMTERELCACL_HIG,2037,0.0
RE1,DEMTERELCACL_HIG,2038,0.0
RE1,DEMTERELCACL_HIG,2039,0.0
RE1,DEMTERELCACL_HIG,2040,0.0
RE1,DEMTERELCACL_HIG,2041,0.0
RE1,DEMTERELCACL_HIG,2042,0.0
RE1,DEMTERELCACL_HIG,2043,0.0
RE1,DEMTERELCACL_HIG,2044,0.0
RE1,DEMTERELCACL_HIG,2045,0.0
RE1,DEMTERELCACL_HIG,2046,0.0
RE1,DEMTERELCACL_HIG,2047,0.0
RE1,DEMTERELCACL_HIG,2048,0.0
RE1,DEMTERELCACL_HIG,2049,0.0
RE1,DEMTERELCACL_HIG,2050,0.0
RE1,DEMTERELCACL_HIG,2051,0.0
RE1,DEMTERELCACL_HIG,2052,0.0
RE1,DEMTERELCACL_HIG,2053,0.0
RE1,DEMTERELCACL_HIG,2054,0.0
RE1,DEMTERELCACL_LOW,2022,1.547301796443653
RE1,DEMTERELCACL_LOW,2023,1.551636325782316
RE1,DEMTERELCACL_LOW,2024,1.541963398182513
RE1,DEMTERELCACL_LOW,2025,1.526254261035612
RE1,DEMTERELCACL_LOW,2026,1.494522171864572
RE1,DEMTERELCACL_LOW,2027,1.426603634140311
RE1,DEMTERELCACL_LOW,2028,1.303413429463475
RE1,DEMTERELCACL_LOW,2029,1.111128914158601
RE1,DEMTERELCACL_LOW,2030,0.8543336576027711
RE1,DEMTERELCACL_LOW,2031,0.5672566332302013
RE1,DEMTERELCACL_LOW,2032,0.3080622328448485
RE1,DEMTERELCACL_LOW,2033,0.1280590924629574
RE1,DEMTERELCACL_LOW,2034,0.03763301852304193
RE1,DEMTERELCACL_LOW,2035,0.007117608735477999
RE1,DEMTERELCACL_LOW,2036,0.0007765158824198941
RE1,DEMTERELCACL_LOW,2037,4.306915571440666e-05
RE1,DEMTERELCACL_LOW,2038,1.051268043737799e-06
RE1,DEMTERELCACL_LOW,2039,9.589247083397608e-09
RE1,DEMTERELCACL_LOW,2040,2.719648274787625e-11
RE1,DEMTERELCACL_LOW,2041,1.952767974522717e-14
RE1,DEMTERELCACL_LOW,2042,2.825197326266997e-18
RE1,DEMTERELCACL_LOW,2043,6.399332430144304e-23
RE1,DEMTERELCACL_LOW,2044,1.719458029606969e-28
RE1,DEMTERELCACL_LOW,2045,4.044244636665373e-35
RE1,DEMTERELCACL_LOW,2046,5.977279533935765e-43
RE1,DEMTERELCACL_LOW,2047,3.871807196811106e-52
RE1,DEMTERELCACL_LOW,2048,7.439825519553045e-63
RE1,DEMTERELCACL_LOW,2049,2.782245993435718e-75
RE1,DEMTERELCACL_LOW,2050,1.286132707806823e-89
RE1,DEMTERELCACL_LOW,2051,4.513515751623319e-106
RE1,DEMTERELCACL_LOW,2052,7.132652340574097e-125
RE1,DEMTERELCACL_LOW,2053,2.904206244873637e-146
RE1,DEMTERELCACL_LOW,2054,1.679661604544852e-170
RE1,DEMTERELCACL_MID,2022,0.01056284904568999
RE1,DEMTERELCACL_MID,2023,0.01451549361401708
RE1,DEMTERELCACL_MID,2024,0.0345700743442723
RE1,DEMTERELCACL_MID,2025,0.03421788307975016
RE1,DEMTERELCACL_MID,2026,0.03350646497278673
RE1,DEMTERELCACL_MID,2027,0.03198376417376033
RE1,DEMTERELCACL_MID,2028,0.02922189930771747
RE1,DEMTERELCACL_MID,2029,0.02491097338225328
RE1,DEMTERELCACL_MID,2030,0.01915374780812149
RE1,DEMTERELCACL_MID,2031,0.01271761963102611
RE1,DEMTERELCACL_MID,2032,0.006906606411450235
RE1,DEMTERELCACL_MID,2033,0.002871022977667644
RE1,DEMTERELCACL_MID,2034,0.0008437140918353674
RE1,DEMTERELCACL_MID,2035,0.0001595733487765915
RE1,DEMTERELCACL_MID,2036,1.740911088836789e-05
RE1,DEMTERELCACL_MID,2037,9.65589661043203e-07
RE1,DEMTERELCACL_MID,2038,2.356892159088188e-08
RE1,DEMTERELCACL_MID,2039,2.149862862953727e-10
RE1,DEMTERELCACL_MID,2040,6.097320024619138e-13
RE1,DEMTERELCACL_MID,2041,4.378011445403577e-16
RE1,DEMTERELCACL_MID,2042,6.333955898136638e-20
RE1,DEMTERELCACL_MID,2043,1.434699410664067e-24
RE1,DEMTERELCACL_MID,2044,3.854941821928583e-30
RE1,DEMTERELCACL_MID,2045,9.067001066350731e-37
RE1,DEMTERELCACL_MID,2046,1.340077190601372e-44
RE1,DEMTERELCACL_MID,2047,8.680404657997309e-54
RE1,DEMTERELCACL_MID,2048,1.667972933874532e-64
RE1,DEMTERELCACL_MID,2049,6.237661085243344e-77
RE1,DEMTERELCACL_MID,2050,2.883447387784196e-91
RE1,DEMTERELCACL_MID,2051,1.011908423193282e-107
RE1,DEMTERELCACL_MID,2052,1.599106191341051e-126
RE1,DEMTERELCACL_MID,2053,6.511090076114628e-148
RE1,DEMTERELCACL_MID,2054,3.765720159815511e-172
RE1,DEMTERELCAIR_CEN_HIG,2022,0.0
RE1,DEMTERELCAIR_CEN_HIG,2023,0.0
RE1,DEMTERELCAIR_CEN_HIG,2024,0.0
RE1,DEMTERELCAIR_CEN_HIG,2025,0.0
RE1,DEMTERELCAIR_CEN_HIG,2026,0.0
RE1,DEMTERELCAIR_CEN_HIG,2027,0.0
RE1,DEMTERELCAIR_CEN_HIG,2028,0.0
RE1,DEMTERELCAIR_CEN_HIG,2029,0.0
RE1,DEMTERELCAIR_CEN_HIG,2030,0.0
RE1,DEMTERELCAIR_CEN_HIG,2031,0.0
RE1,DEMTERELCAIR_CEN_HIG,2032,0.0
RE1,DEMTERELCAIR_CEN_HIG,2033,0.0
RE1,DEMTERELCAIR_CEN_HIG,2034,0.0
RE1,DEMTERELCAIR_CEN_HIG,2035,0.0
RE1,DEMTERELCAIR_CEN_HIG,2036,0.0
RE1,DEMTERELCAIR_CEN_HIG,2037,0.0
RE1,DEMTERELCAIR_CEN_HIG,2038,0.0
RE1,DEMTERELCAIR_CEN_HIG,2039,0.0
RE1,DEMTERELCAIR_CEN_HIG,2040,0.0
RE1,DEMTERELCAIR_CEN_HIG,2041,0.0
RE1,DEMTERELCAIR_CEN_HIG,2042,0.0
RE1,DEMTERELCAIR_CEN_HIG,2043,0.0
RE1,DEMTERELCAIR_CEN_HIG,2044,0.0
RE1,DEMTERELCAIR_CEN_HIG,2045,0.0
RE1,DEMTERELCAIR_CEN_HIG,2046,0.0
RE1,DEMTERELCAIR_CEN_HIG,2047,0.0
RE1,DEMTERELCAIR_CEN_HIG,2048,0.0
RE1,DEMTERELCAIR_CEN_HIG,2049,0.0
RE1,DEMTERELCAIR_CEN_HIG,2050,0.0
RE1,DEMTERELCAIR_CEN_HIG,2051,0.0
RE1,DEMTERELCAIR_CEN_HIG,2052,0.0
RE1,DEMTERELCAIR_CEN_HIG,2053,0.0
RE1,DEMTERELCAIR_CEN_HIG,2054,0.0
RE1,DEMTERELCAIR_CEN_LOW,2022,18.09438686751537
RE1,DEMTERELCAIR_CEN_LOW,2023,18.67538495665549
RE1,DEMTERELCAIR_CEN_LOW,2024,19.12660890826198
RE1,DEMTERELCAIR_CEN_LOW,2025,19.12048937258926
RE1,DEMTERELCAIR_CEN_LOW,2026,19.10793969655972
RE1,DEMTERELCAIR_CEN_LOW,2027,19.08018767325816
RE1,DEMTERELCAIR_CEN_LOW,2028,19.02641571906749
RE1,DEMTERELCAIR_CEN_LOW,2029,18.93175180409907
RE1,DEMTERELCAIR_CEN_LOW,2030,18.77690560799037
RE1,DEMTERELCAIR_CEN_LOW,2031,18.53814501671881
RE1,DEMTERELCAIR_CEN_LOW,2032,18.1878186416929
RE1,DEMTERELCAIR_CEN_LOW,2033,17.69567929398885
RE1,DEMTERELCAIR_CEN_LOW,2034,17.03127635984618
RE1,DEMTERELCAIR_CEN_LOW,2035,16.16762041207258
RE1,DEMTERELCAIR_CEN_LOW,2036,15.08613054221151
RE1,DEMTERELCAIR_CEN_LOW,2037,13.78251144795193
RE1,DEMTERELCAIR_CEN_LOW,2038,12.27267430321495
RE1,DEMTERELCAIR_CEN_LOW,2039,10.59720727832676
RE1,DEMTERELCAIR_CEN_LOW,2040,8.822449606280829
RE1,DEMTERELCAIR_CEN_LOW,2041,7.036286196676146
RE1,DEMTERELCAIR_CEN_LOW,2042,5.337721836669733
RE1,DEMTERELCAIR_CEN_LOW,2043,3.821222899307711
RE1,DEMTERELCAIR_CEN_LOW,2044,2.559273206817765
RE1,DEMTERELCAIR_CEN_LOW,2045,1.588452865724917
RE1,DEMTERELCAIR_CEN_LOW,2046,0.9042247697391175
RE1,DEMTERELCAIR_CEN_LOW,2047,0.4668022783005152
RE1,DEMTERELCAIR_CEN_LOW,2048,0.2158971946261014
RE1,DEMTERELCAIR_CEN_LOW,2049,0.08828725688688698
RE1,DEMTERELCAIR_CEN_LOW,2050,0.03147210879674698
RE1,DEMTERELCAIR_CEN_LOW,2051,0.009631950804801979
RE1,DEMTERELCAIR_CEN_LOW,2052,0.002489859027914534
RE1,DEMTERELCAIR_CEN_LOW,2053,0.0005342324586494418
RE1,DEMTERELCAIR_CEN_LOW,2054,9.33896707484441e-05
RE1,DEMTERELCAIR_CEN_MID,2022,0.09340700689367389
RE1,DEMTERELCAIR_CEN_MID,2023,0.1321116066404905
RE1,DEMTERELCAIR_CEN_MID,2024,0.3242602902653258
RE1,DEMTERELCAIR_CEN_MID,2025,0.3241565435727969
RE1,DEMTERELCAIR_CEN_MID,2026,0.3239437843946493
RE1,DEMTERELCAIR_CEN_MID,2027,0.3234732943472824
RE1,DEMTERELCAIR_CEN_MID,2028,0.3225616790391205
RE1,DEMTERELCAIR_CEN_MID,2029,0.3209568075905255
RE1,DEMTERELCAIR_CEN_MID,2030,0.3183316442519788
RE1,DEMTERELCAIR_CEN_MID,2031,0.3142838499460999
RE1,DEMTERELCAIR_CEN_MID,2032,0.3083446407220104
RE1,DEMTERELCAIR_CEN_MID,2033,0.3000012250907863
RE1,DEMTERELCAIR_CEN_MID,2034,0.2887373628289729
RE1,DEMTERELCAIR_CEN_MID,2035,0.2740954924557321
RE1,DEMTERELCAIR_CEN_MID,2036,0.2557606051371194
RE1,DEMTERELCAIR_CEN_MID,2037,0.2336598810658787
RE1,DEMTERELCAIR_CEN_MID,2038,0.208063068104732
RE1,DEMTERELCAIR_CEN_MID,2039,0.179658272125161
RE1,DEMTERELCAIR_CEN_MID,2040,0.1495701660396311
RE1,DEMTERELCAIR_CEN_MID,2041,0.1192886943768977
RE1,DEMTERELCAIR_CEN_MID,2042,0.09049232095536025
RE1,DEMTERELCAIR_CEN_MID,2043,0.06478256822424994
RE1,DEMTERELCAIR_CEN_MID,2044,0.04338828053061339
RE1,DEMTERELCAIR_CEN_MID,2045,0.02692961359659832
RE1,DEMTERELCAIR_CEN_MID,2046,0.01532964822499457
RE1,DEMTERELCAIR_CEN_MID,2047,0.007913867167161883
RE1,DEMTERELCAIR_CEN_MID,2048,0.003660182907106384
RE1,DEMTERELCAIR_CEN_MID,2049,0.001496765667253494
RE1,DEMTERELCAIR_CEN_MID,2050,0.0005335579967490654
RE1,DEMTERELCAIR_CEN_MID,2051,0.0001632939314421438
RE1,DEMTERELCAIR_CEN_MID,2052,4.221147695253802e-05
RE1,DEMTERELCAIR_CEN_MID,2053,9.057035303105804e-06
RE1,DEMTERELCAIR_CEN_MID,2054,1.583268727348357e-06
RE1,DEMTERELCAIR_SPL_HIG,2022,0.0
RE1,DEMTERELCAIR_SPL_HIG,2023,0.0
RE1,DEMTERELCAIR_SPL_HIG,2024,0.0
RE1,DEMTERELCAIR_SPL_HIG,2025,0.0
RE1,DEMTERELCAIR_SPL_HIG,2026,0.0
RE1,DEMTERELCAIR_SPL_HIG,2027,0.0
RE1,DEMTERELCAIR_SPL_HIG,2028,0.0
RE1,DEMTERELCAIR_SPL_HIG,2029,0.0
RE1,DEMTERELCAIR_SPL_HIG,2030,0.0
RE1,DEMTERELCAIR_SPL_HIG,2031,0.0
RE1,DEMTERELCAIR_SPL_HIG,2032,0.0
RE1,DEMTERELCAIR_SPL_HIG,2033,0.0
RE1,DEMTERELCAIR_SPL_HIG,2034,0.0
RE1,DEMTERELCAIR_SPL_HIG,2035,0.0
RE1,DEMTERELCAIR_SPL_HIG,2036,0.0
RE1,DEMTERELCAIR_SPL_HIG,2037,0.0
RE1,DEMTERELCAIR_SPL_HIG,2038,0.0
RE1,DEMTERELCAIR_SPL_HIG,2039,0.0
RE1,DEMTERELCAIR_SPL_HIG,2040,0.0
RE1,DEMTERELCAIR_SPL_HIG,2041,0.0
RE1,DEMTERELCAIR_SPL_HIG,2042,0.0
RE1,DEMTERELCAIR_SPL_HIG,2043,0.0
RE1,DEMTERELCAIR_SPL_HIG,2044,0.0
RE1,DEMTERELCAIR_SPL_HIG,2045,0.0
RE1,DEMTERELCAIR_SPL_HIG,2046,0.0
RE1,DEMTERELCAIR_SPL_HIG,2047,0.0
RE1,DEMTERELCAIR_SPL_HIG,2048,0.0
RE1,DEMTERELCAIR_SPL_HIG,2049,0.0
RE1,DEMTERELCAIR_SPL_HIG,2050,0.0
RE1,DEMTERELCAIR_SPL_HIG,2051,0.0
RE1,DEMTERELCAIR_SPL_HIG,2052,0.0
RE1,DEMTERELCAIR_SPL_HIG,2053,0.0
RE1,DEMTERELCAIR_SPL_HIG,2054,0.0
RE1,DEMTERELCAIR_SPL_LOW,2022,1.990347763960202
RE1,DEMTERELCAIR_SPL_LOW,2023,2.054256436635994
RE1,DEMTERELCAIR_SPL_LOW,2024,2.103890203709781
RE1,DEMTERELCAIR_SPL_LOW,2025,2.103217066552284
RE1,DEMTERELCAIR_SPL_LOW,2026,2.10183662631926
RE1,DEMTERELCAIR_SPL_LOW,2027,2.098783957117033
RE1,DEMTERELCAIR_SPL_LOW,2028,2.092869145547523
RE1,DEMTERELCAIR_SPL_LOW,2029,2.082456296918572
RE1,DEMTERELCAIR_SPL_LOW,2030,2.065423513081282
RE1,DEMTERELCAIR_SPL_LOW,2031,2.039160307124726
RE1,DEMTERELCAIR_SPL_LOW,2032,2.000625079471286
RE1,DEMTERELCAIR_SPL_LOW,2033,1.94649069749794
RE1,DEMTERELCAIR_SPL_LOW,2034,1.873407652240765
RE1,DEMTERELCAIR_SPL_LOW,2035,1.77840715860325
RE1,DEMTERELCAIR_SPL_LOW,2036,1.659445352382117
RE1,DEMTERELCAIR_SPL_LOW,2037,1.516049758582057
RE1,DEMTERELCAIR_SPL_LOW,2038,1.349970575740757
RE1,DEMTERELCAIR_SPL_LOW,2039,1.165672424552107
RE1,DEMTERELCAIR_SPL_LOW,2040,0.9704524930898544
RE1,DEMTERELCAIR_SPL_LOW,2041,0.7739779524268263
RE1,DEMTERELCAIR_SPL_LOW,2042,0.5871391387861914
RE1,DEMTERELCAIR_SPL_LOW,2043,0.4203271715652767
RE1,DEMTERELCAIR_SPL_LOW,2044,0.281515131838919
RE1,DEMTERELCAIR_SPL_LOW,2045,0.1747267609894922
RE1,DEMTERELCAIR_SPL_LOW,2046,0.09946298604893318
RE1,DEMTERELCAIR_SPL_LOW,2047,0.05134735305648615
RE1,DEMTERELCAIR_SPL_LOW,2048,0.02374827628676357
RE1,DEMTERELCAIR_SPL_LOW,2049,0.009711428500872147
RE1,DEMTERELCAIR_SPL_LOW,2050,0.003461871453802901
RE1,DEMTERELCAIR_SPL_LOW,2051,0.001059496068437092
RE1,DEMTERELCAIR_SPL_LOW,2052,0.0002738797056275334
RE1,DEMTERELCAIR_SPL_LOW,2053,5.876454324168464e-05
RE1,DEMTERELCAIR_SPL_LOW,2054,1.027268421484066e-05
RE1,DEMTERELCAIR_SPL_MID,2022,0.01027459115748239
RE1,DEMTERELCAIR_SPL_MID,2023,0.01453202270932747
RE1,DEMTERELCAIR_SPL_MID,2024,0.03566800844903671
RE1,DEMTERELCAIR_SPL_MID,2025,0.03565659651234027
RE1,DEMTERELCAIR_SPL_MID,2026,0.03563319341183244
RE1,DEMTERELCAIR_SPL_MID,2027,0.0355814404112694
RE1,DEMTERELCAIR_SPL_MID,2028,0.03548116448020431
RE1,DEMTERELCAIR_SPL_MID,2029,0.03530463170666838
RE1,DEMTERELCAIR_SPL_MID,2030,0.0350158687870313
RE1,DEMTERELCAIR_SPL_MID,2031,0.03457061919638942
RE1,DEMTERELCAIR_SPL_MID,2032,0.03391731760151303
RE1,DEMTERELCAIR_SPL_MID,2033,0.03299955792460402
RE1,DEMTERELCAIR_SPL_MID,2034,0.03176055473369709
RE1,DEMTERELCAIR_SPL_MID,2035,0.03014997714568863
RE1,DEMTERELCAIR_SPL_MID,2036,0.02813317479453639
RE1,DEMTERELCAIR_SPL_MID,2037,0.02570213764145846
RE1,DEMTERELCAIR_SPL_MID,2038,0.02288653743268932
RE1,DEMTERELCAIR_SPL_MID,2039,0.01976206449101799
RE1,DEMTERELCAIR_SPL_MID,2040,0.01645243067432072
RE1,DEMTERELCAIR_SPL_MID,2041,0.01312152701592991
RE1,DEMTERELCAIR_SPL_MID,2042,0.009953981308558268
RE1,DEMTERELCAIR_SPL_MID,2043,0.007125957942251096
RE1,DEMTERELCAIR_SPL_MID,2044,0.004772627432390171
RE1,DEMTERELCAIR_SPL_MID,2045,0.002962205715990734
RE1,DEMTERELCAIR_SPL_MID,2046,0.001686231829258113
RE1,DEMTERELCAIR_SPL_MID,2047,0.0008705101717879654
RE1,DEMTERELCAIR_SPL_MID,2048,0.0004026130820670845
RE1,DEMTERELCAIR_SPL_MID,2049,0.0001646413454516496
RE1,DEMTERELCAIR_SPL_MID,2050,5.869035372948289e-05
RE1,DEMTERELCAIR_SPL_MID,2051,1.796201848085999e-05
RE1,DEMTERELCAIR_SPL_MID,2052,4.643181301532447e-06
RE1,DEMTERELCAIR_SPL_MID,2053,9.962564686846764e-07
RE1,DEMTERELCAIR_SPL_MID,2054,1.741565157360113e-07
RE1,DEMTERELCCKN_HIG,2022,0.0
RE1,DEMTERELCCKN_HIG,2023,0.0
RE1,DEMTERELCCKN_HIG,2024,0.0
RE1,DEMTERELCCKN_HIG,2025,0.0
RE1,DEMTERELCCKN_HIG,2026,0.0
RE1,DEMTERELCCKN_HIG,2027,0.0
RE1,DEMTERELCCKN_HIG,2028,0.0
RE1,DEMTERELCCKN_HIG,2029,0.0
RE1,DEMTERELCCKN_HIG,2030,0.0
RE1,DEMTERELCCKN_HIG,2031,0.0
RE1,DEMTERELCCKN_HIG,2032,0.0
RE1,DEMTERELCCKN_HIG,2033,0.0
RE1,DEMTERELCCKN_HIG,2034,0.0
RE1,DEMTERELCCKN_HIG,2035,0.0
RE1,DEMTERELCCKN_HIG,2036,0.0
RE1,DEMTERELCCKN_HIG,2037,0.0
RE1,DEMTERELCCKN_HIG,2038,0.0
RE1,DEMTERELCCKN_HIG,2039,0.0
RE1,DEMTERELCCKN_HIG,2040,0.0
RE1,DEMTERELCCKN_HIG,2041,0.0
RE1,DEMTERELCCKN_HIG,2042,0.0
RE1,DEMTERELCCKN_HIG,2043,0.0
RE1,DEMTERELCCKN_HIG,2044,0.0
RE1,DEMTERELCCKN_HIG,2045,0.0
RE1,DEMTERELCCKN_HIG,2046,0.0
RE1,DEMTERELCCKN_HIG,2047,0.0
RE1,DEMTERELCCKN_HIG,2048,0.0
RE1,DEMTERELCCKN_HIG,2049,0.0
RE1,DEMTERELCCKN_HIG,2050,0.0
RE1,DEMTERELCCKN_HIG,2051,0.0
RE1,DEMTERELCCKN_HIG,2052,0.0
RE1,DEMTERELCCKN_HIG,2053,0.0
RE1,DEMTERELCCKN_HIG,2054,0.0
RE1,DEMTERELCCKN_LOW,2022,3.799533676334976
RE1,DEMTERELCCKN_LOW,2023,3.960525993651941
RE1,DEMTERELCCKN_LOW,2024,4.086074844728949
RE1,DEMTERELCCKN_LOW,2025,4.085902661499214
RE1,DEMTERELCCKN_LOW,2026,4.085549405927548
RE1,DEMTERELCCKN_LOW,2027,4.084767509963354
RE1,DEMTERELCCKN_LOW,2028,4.083249704148301
RE1,DEMTERELCCKN_LOW,2029,4.080568578655972
RE1,DEMTERELCCKN_LOW,2030,4.076157737022082
RE1,DEMTERELCCKN_LOW,2031,4.069294273517135
RE1,DEMTERELCCKN_LOW,2032,4.05908346429404
RE1,DEMTERELCCKN_LOW,2033,4.044446936956294
RE1,DEMTERELCCKN_LOW,2034,4.024116027532457
RE1,DEMTERELCCKN_LOW,2035,3.996632528557759
RE1,DEMTERELCCKN_LOW,2036,3.960359538069065
RE1,DEMTERELCCKN_LOW,2037,3.91350557127731
RE1,DEMTERELCCKN_LOW,2038,3.854165395555568
RE1,DEMTERELCCKN_LOW,2039,3.780381058156386
RE1,DEMTERELCCKN_LOW,2040,3.690226120330828
RE1,DEMTERELCCKN_LOW,2041,3.581914989939403
RE1,DEMTERELCCKN_LOW,2042,3.453937254729964
RE1,DEMTERELCCKN_LOW,2043,3.305213902832864
RE1,DEMTERELCCKN_LOW,2044,3.135268233287944
RE1,DEMTERELCCKN_LOW,2045,2.944399270920346
RE1,DEMTERELCCKN_LOW,2046,2.733840074613596
RE1,DEMTERELCCKN_LOW,2047,2.505878318384343
RE1,DEMTERELCCKN_LOW,2048,2.263913184612936
RE1,DEMTERELCCKN_LOW,2049,2.012422493211214
RE1,DEMTERELCCKN_LOW,2050,1.756818684532226
RE1,DEMTERELCCKN_LOW,2051,1.503182930463574
RE1,DEMTERELCCKN_LOW,2052,1.257883380211808
RE1,DEMTERELCCKN_LOW,2053,1.027104820552945
RE1,DEMTERELCCKN_LOW,2054,0.816339312413027
RE1,DEMTERELCCKN_MID,2022,0.02618239191237472
RE1,DEMTERELCCKN_MID,2023,0.0373996653558604
RE1,DEMTERELCCKN_MID,2024,0.09247099773971526
RE1,DEMTERELCCKN_MID,2025,0.09246710110158388
RE1,DEMTERELCCKN_MID,2026,0.09245910665791596
RE1,DEMTERELCCKN_MID,2027,0.09244141175444866
RE1,DEMTERELCCKN_MID,2028,0.09240706264841743
RE1,DEMTERELCCKN_MID,2029,0.09234638672867485
RE1,DEMTERELCCKN_MID,2030,0.09224656601019635
RE1,DEMTERELCCKN_MID,2031,0.09209124058362683
RE1,DEMTERELCCKN_MID,2032,0.09186016216424654
RE1,DEMTERELCCKN_MID,2033,0.09152892636025435
RE1,DEMTERELCCKN_MID,2034,0.09106882233602114
RE1,DEMTERELCCKN_MID,2035,0.09044684974174837
RE1,DEMTERELCCKN_MID,2036,0.08962596423451893
RE1,DEMTERELCCKN_MID,2037,0.08856562314387881
RE1,DEMTERELCCKN_MID,2038,0.08722270959883739
RE1,DEMTERELCCKN_MID,2039,0.08555291363176946
RE1,DEMTERELCCKN_MID,2040,0.0835126384609302
RE1,DEMTERELCCKN_MID,2041,0.08106147477103066
RE1,DEMTERELCCKN_MID,2042,0.07816524077802094
RE1,DEMTERELCCKN_MID,2043,0.07479951761833371
RE1,DEMTERELCCKN_MID,2044,0.07095351718477946
RE1,DEMTERELCCKN_MID,2045,0.0666340066377702
RE1,DEMTERELCCKN_MID,2046,0.06186889104257376
RE1,DEMTERELCCKN_MID,2047,0.05670994221122531
RE1,DEMTERELCCKN_MID,2048,0.05123408623983279
RE1,DEMTERELCCKN_MID,2049,0.0455426596165129
RE1,DEMTERELCCKN_MID,2050,0.03975815000452972
RE1,DEMTERELCCKN_MID,2051,0.03401817897305216
RE1,DEMTERELCCKN_MID,2052,0.02846686260738513
RE1,DEMTERELCCKN_MID,2053,0.02324416736084098
RE1,DEMTERELCCKN_MID,2054,0.01847438277112451
RE1,DEMTERELCDATA,2022,0.0
RE1,DEMTERELCDATA,2023,0.0
RE1,DEMTERELCDATA,2024,0.0
RE1,DEMTERELCDATA,2025,0.0
RE1,DEMTERELCDATA,2026,0.8605477369545793
RE1,DEMTERELCDATA,2027,1.012827303587127
RE1,DEMTERELCDATA,2028,1.224209395059839
RE1,DEMTERELCDATA,2029,1.461457212806326
RE1,DEMTERELCDATA,2030,1.464758136546239
RE1,DEMTERELCDATA,2031,1.49081680981245
RE1,DEMTERELCDATA,2032,1.487279487921676
RE1,DEMTERELCDATA,2033,1.554857124319676
RE1,DEMTERELCDATA,2034,1.534536657281397
RE1,DEMTERELCDATA,2035,1.569900699996793
RE1,DEMTERELCDATA,2036,1.639815574181481
RE1,DEMTERELCDATA,2037,1.679466507023878
RE1,DEMTERELCDATA,2038,1.651594038001465
RE1,DEMTERELCDATA,2039,1.82826768171102
RE1,DEMTERELCDATA,2040,1.88470079356542
RE1,DEMTERELCDATA,2041,1.94113390541981
RE1,DEMTERELCDATA,2042,1.99756701727421
RE1,DEMTERELCDATA,2043,2.05400012912861
RE1,DEMTERELCDATA,2044,2.11043324098301
RE1,DEMTERELCDATA,2045,2.16686635283741
RE1,DEMTERELCDATA,2046,2.22329946469181
RE1,DEMTERELCDATA,2047,2.27973257654621
RE1,DEMTERELCDATA,2048,2.3361656884006
RE1,DEMTERELCDATA,2049,2.392598800255
RE1,DEMTERELCDATA,2050,2.4490319121094
RE1,DEMTERELCDATA,2051,2.5054650239638
RE1,DEMTERELCDATA,2052,2.5618981358182
RE1,DEMTERELCDATA,2053,2.6183312476726
RE1,DEMTERELCDATA,2054,2.674764359527
RE1,DEMTERELCFAN_HIG,2022,0.0
RE1,DEMTERELCFAN_HIG,2023,0.0
RE1,DEMTERELCFAN_HIG,2024,0.0
RE1,DEMTERELCFAN_HIG,2025,0.0
RE1,DEMTERELCFAN_HIG,2026,0.0
RE1,DEMTERELCFAN_HIG,2027,0.0
RE1,DEMTERELCFAN_HIG,2028,0.0
RE1,DEMTERELCFAN_HIG,2029,0.0
RE1,DEMTERELCFAN_HIG,2030,0.0
RE1,DEMTERELCFAN_HIG,2031,0.0
RE1,DEMTERELCFAN_HIG,2032,0.0
RE1,DEMTERELCFAN_HIG,2033,0.0
RE1,DEMTERELCFAN_HIG,2034,0.0
RE1,DEMTERELCFAN_HIG,2035,0.0
RE1,DEMTERELCFAN_HIG,2036,0.0
RE1,DEMTERELCFAN_HIG,2037,0.0
RE1,DEMTERELCFAN_HIG,2038,0.0
RE1,DEMTERELCFAN_HIG,2039,0.0
RE1,DEMTERELCFAN_HIG,2040,0.0
RE1,DEMTERELCFAN_HIG,2041,0.0
RE1,DEMTERELCFAN_HIG,2042,0.0
RE1,DEMTERELCFAN_HIG,2043,0.0
RE1,DEMTERELCFAN_HIG,2044,0.0
RE1,DEMTERELCFAN_HIG,2045,0.0
RE1,DEMTERELCFAN_HIG,2046,0.0
RE1,DEMTERELCFAN_HIG,2047,0.0
RE1,DEMTERELCFAN_HIG,2048,0.0
RE1,DEMTERELCFAN_HIG,2049,0.0
RE1,DEMTERELCFAN_HIG,2050,0.0
RE1,DEMTERELCFAN_HIG,2051,0.0
RE1,DEMTERELCFAN_HIG,2052,0.0
RE1,DEMTERELCFAN_HIG,2053,0.0
RE1,DEMTERELCFAN_HIG,2054,0.0
RE1,DEMTERELCFAN_LOW,2022,0.5082377796920682
RE1,DEMTERELCFAN_LOW,2023,0.5244238417793098
RE1,DEMTERELCFAN_LOW,2024,0.5363923943523321
RE1,DEMTERELCFAN_LOW,2025,0.5362207762465008
RE1,DEMTERELCFAN_LOW,2026,0.5358688293433087
RE1,DEMTERELCFAN_LOW,2027,0.5350905432237855
RE1,DEMTERELCFAN_LOW,2028,0.5335825463072554
RE1,DEMTERELCFAN_LOW,2029,0.5309277628978062
RE1,DEMTERELCFAN_LOW,2030,0.5265852094276394
RE1,DEMTERELCFAN_LOW,2031,0.5198893353266215
RE1,DEMTERELCFAN_LOW,2032,0.5100646767054192
RE1,DEMTERELCFAN_LOW,2033,0.4962629722665345
RE1,DEMTERELCFAN_LOW,2034,0.4776302558049375
RE1,DEMTERELCFAN_LOW,2035,0.4534096276766127
RE1,DEMTERELCFAN_LOW,2036,0.423079999275418
RE1,DEMTERELCFAN_LOW,2037,0.3865209118466337
RE1,DEMTERELCFAN_LOW,2038,0.3441785831551254
RE1,DEMTERELCFAN_LOW,2039,0.2971912801026776
RE1,DEMTERELCFAN_LOW,2040,0.2474194401664997
RE1,DEMTERELCFAN_LOW,2041,0.1973277342829479
RE1,DEMTERELCFAN_LOW,2042,0.1496926825915935
RE1,DEMTERELCFAN_LOW,2043,0.1071635285765811
RE1,DEMTERELCFAN_LOW,2044,0.07177303043059376
RE1,DEMTERELCFAN_LOW,2045,0.04454705170418187
RE1,DEMTERELCFAN_LOW,2046,0.02535835241884103
RE1,DEMTERELCFAN_LOW,2047,0.01309114401552793
RE1,DEMTERELCFAN_LOW,2048,0.0060546861032654
RE1,DEMTERELCFAN_LOW,2049,0.002475954485162315
RE1,DEMTERELCFAN_LOW,2050,0.0008826133202060757
RE1,DEMTERELCFAN_LOW,2051,0.0002701213361580196
RE1,DEMTERELCFAN_LOW,2052,6.98263582419957e-05
RE1,DEMTERELCFAN_LOW,2053,1.498217634972005e-05
RE1,DEMTERELCFAN_LOW,2054,2.619048119862762e-06
RE1,DEMTERELCFAN_MID,2022,0.003060592503550517
RE1,DEMTERELCFAN_MID,2023,0.004327696735851407
RE1,DEMTERELCFAN_MID,2024,0.01060819224159419
RE1,DEMTERELCFAN_MID,2025,0.01060479816315839
RE1,DEMTERELCFAN_MID,2026,0.0105978377355923
RE1,DEMTERELCFAN_MID,2027,0.01058244562925038
RE1,DEMTERELCFAN_MID,2028,0.01055262208708476
RE1,DEMTERELCFAN_MID,2029,0.01050011863426971
RE1,DEMTERELCFAN_MID,2030,0.01041423627926996
RE1,DEMTERELCFAN_MID,2031,0.0102818124782672
RE1,DEMTERELCFAN_MID,2032,0.01008751093995476
RE1,DEMTERELCFAN_MID,2033,0.009814555664132594
RE1,DEMTERELCFAN_MID,2034,0.009446057825071318
RE1,DEMTERELCFAN_MID,2035,0.008967048275154654
RE1,DEMTERELCFAN_MID,2036,0.00836722148401516
RE1,DEMTERELCFAN_MID,2037,0.007644195147875413
RE1,DEMTERELCFAN_MID,2038,0.006806794082077962
RE1,DEMTERELCFAN_MID,2039,0.00587752970595595
RE1,DEMTERELCFAN_MID,2040,0.004893195752268273
RE1,DEMTERELCFAN_MID,2041,0.003902535833676901
RE1,DEMTERELCFAN_MID,2042,0.002960460981198215
RE1,DEMTERELCFAN_MID,2043,0.0021193650849591
RE1,DEMTERELCFAN_MID,2044,0.001419449851612569
RE1,DEMTERELCFAN_MID,2045,0.0008810037078262365
RE1,DEMTERELCFAN_MID,2046,0.0005015102380673625
RE1,DEMTERELCFAN_MID,2047,0.000258902575505006
RE1,DEMTERELCFAN_MID,2048,0.0001197430739552188
RE1,DEMTERELCFAN_MID,2049,4.896676656229142e-05
RE1,DEMTERELCFAN_MID,2050,1.745537758238177e-05
RE1,DEMTERELCFAN_MID,2051,5.342169450371332e-06
RE1,DEMTERELCFAN_MID,2052,1.380950661420009e-06
RE1,DEMTERELCFAN_MID,2053,2.963013804608492e-07
RE1,DEMTERELCFAN_MID,2054,5.179671866719341e-08
RE1,DEMTERELCILU_CIA,2022,0.000717701177095963
RE1,DEMTERELCILU_CIA,2023,0.0007420868256850773
RE1,DEMTERELCILU_CIA,2024,0.0007671157902450676
RE1,DEMTERELCILU_CIA,2025,0.0007940813038179258
RE1,DEMTERELCILU_CIA,2026,0.0008253951042688573
RE1,DEMTERELCILU_CIA,2027,0.0008546903368050433
RE1,DEMTERELCILU_CIA,2028,0.000882818933499642
RE1,DEMTERELCILU_CIA,2029,0.0009121904389482091
RE1,DEMTERELCILU_CIA,2030,0.0009417553487775877
RE1,DEMTERELCILU_CIA,2031,0.000966078828464424
RE1,DEMTERELCILU_CIA,2032,0.000990695817840598
RE1,DEMTERELCILU_CIA,2033,0.001016573831366395
RE1,DEMTERELCILU_CIA,2034,0.001042777956375799
RE1,DEMTERELCILU_CIA,2035,0.001069309432064836
RE1,DEMTERELCILU_CIA,2036,0.00109709763103689
RE1,DEMTERELCILU_CIA,2037,0.001125324333577245
RE1,DEMTERELCILU_CIA,2038,0.001153984851474331
RE1,DEMTERELCILU_CIA,2039,0.001183075052820259
RE1,DEMTERELCILU_CIA,2040,0.001212591664279967
RE1,DEMTERELCILU_CIA,2041,0.001243605070521992
RE1,DEMTERELCILU_CIA,2042,0.001275174327717744
RE1,DEMTERELCILU_CIA,2043,0.001307300775433344
RE1,DEMTERELCILU_CIA,2044,0.001339985229580422
RE1,DEMTERELCILU_CIA,2045,0.001373227938809451
RE1,DEMTERELCILU_CIA,2046,0.00140818044052093
RE1,DEMTERELCILU_CIA,2047,0.001443821536957121
RE1,DEMTERELCILU_CIA,2048,0.001480157629623598
RE1,DEMTERELCILU_CIA,2049,0.001517194784030832
RE1,DEMTERELCILU_CIA,2050,0.001554938700561276
RE1,DEMTERELCILU_CIA,2051,0.001606479847039569
RE1,DEMTERELCILU_CIA,2052,0.001659732602440117
RE1,DEMTERELCILU_CIA,2053,0.001712844045718201
RE1,DEMTERELCILU_CIA,2054,0.001767655055181184
RE1,DEMTERELCILU_HAL,2022,0.1900202639298033
RE1,DEMTERELCILU_HAL,2023,0.189012706462563
RE1,DEMTERELCILU_HAL,2024,0.0
RE1,DEMTERELCILU_HAL,2025,0.0
RE1,DEMTERELCILU_HAL,2026,0.0
RE1,DEMTERELCILU_HAL,2027,0.0
RE1,DEMTERELCILU_HAL,2028,0.0
RE1,DEMTERELCILU_HAL,2029,0.0
RE1,DEMTERELCILU_HAL,2030,0.0
RE1,DEMTERELCILU_HAL,2031,0.0
RE1,DEMTERELCILU_HAL,2032,0.0
RE1,DEMTERELCILU_HAL,2033,0.0
RE1,DEMTERELCILU_HAL,2034,0.0
RE1,DEMTERELCILU_HAL,2035,0.0
RE1,DEMTERELCILU_HAL,2036,0.0
RE1,DEMTERELCILU_HAL,2037,0.0
RE1,DEMTERELCILU_HAL,2038,0.0
RE1,DEMTERELCILU_HAL,2039,0.0
RE1,DEMTERELCILU_HAL,2040,0.0
RE1,DEMTERELCILU_HAL,2041,0.0
RE1,DEMTERELCILU_HAL,2042,0.0
RE1,DEMTERELCILU_HAL,2043,0.0
RE1,DEMTERELCILU_HAL,2044,0.0
RE1,DEMTERELCILU_HAL,2045,0.0
RE1,DEMTERELCILU_HAL,2046,0.0
RE1,DEMTERELCILU_HAL,2047,0.0
RE1,DEMTERELCILU_HAL,2048,0.0
RE1,DEMTERELCILU_HAL,2049,0.0
RE1,DEMTERELCILU_HAL,2050,0.0
RE1,DEMTERELCILU_HAL,2051,0.0
RE1,DEMTERELCILU_HAL,2052,0.0
RE1,DEMTERELCILU_HAL,2053,0.0
RE1,DEMTERELCILU_HAL,2054,0.0
RE1,DEMTERELCILU_HIG,2022,0.0
RE1,DEMTERELCILU_HIG,2023,0.0
RE1,DEMTERELCILU_HIG,2024,0.0
RE1,DEMTERELCILU_HIG,2025,0.0
RE1,DEMTERELCILU_HIG,2026,0.0
RE1,DEMTERELCILU_HIG,2027,0.0
RE1,DEMTERELCILU_HIG,2028,0.0
RE1,DEMTERELCILU_HIG,2029,0.0
RE1,DEMTERELCILU_HIG,2030,0.0
RE1,DEMTERELCILU_HIG,2031,0.0
RE1,DEMTERELCILU_HIG,2032,0.0
RE1,DEMTERELCILU_HIG,2033,0.0
RE1,DEMTERELCILU_HIG,2034,0.0
RE1,DEMTERELCILU_HIG,2035,0.0
RE1,DEMTERELCILU_HIG,2036,0.0
RE1,DEMTERELCILU_HIG,2037,0.0
RE1,DEMTERELCILU_HIG,2038,0.0
RE1,DEMTERELCILU_HIG,2039,0.0
RE1,DEMTERELCILU_HIG,2040,0.0
RE1,DEMTERELCILU_HIG,2041,0.0
RE1,DEMTERELCILU_HIG,2042,0.0
RE1,DEMTERELCILU_HIG,2043,0.0
RE1,DEMTERELCILU_HIG,2044,0.0
RE1,DEMTERELCILU_HIG,2045,0.0
RE1,DEMTERELCILU_HIG,2046,0.0
RE1,DEMTERELCILU_HIG,2047,0.0
RE1,DEMTERELCILU_HIG,2048,0.0
RE1,DEMTERELCILU_HIG,2049,0.0
RE1,DEMTERELCILU_HIG,2050,0.0
RE1,DEMTERELCILU_HIG,2051,0.0
RE1,DEMTERELCILU_HIG,2052,0.0
RE1,DEMTERELCILU_HIG,2053,0.0
RE1,DEMTERELCILU_HIG,2054,0.0
RE1,DEMTERELCILU_LFC,2022,0.1681840427321711
RE1,DEMTERELCILU_LFC,2023,0.1673026465750544
RE1,DEMTERELCILU_LFC,2024,0.1666193045012944
RE1,DEMTERELCILU_LFC,2025,0.156770758547907
RE1,DEMTERELCILU_LFC,2026,0.1383486798792102
RE1,DEMTERELCILU_LFC,2027,0.1049041661796039
RE1,DEMTERELCILU_LFC,2028,0.06129581662831058
RE1,DEMTERELCILU_LFC,2029,0.02371357729684129
RE1,DEMTERELCILU_LFC,2030,0.004964705928180129
RE1,DEMTERELCILU_LFC,2031,0.0004342259621564963
RE1,DEMTERELCILU_LFC,2032,1.148555874079304e-05
RE1,DEMTERELCILU_LFC,2033,6.19273820374547e-08
RE1,DEMTERELCILU_LFC,2034,4.241102890984023e-11
RE1,DEMTERELCILU_LFC,2035,2.110094455879325e-15
RE1,DEMTERELCILU_LFC,2036,3.975602362555083e-21
RE1,DEMTERELCILU_LFC,2037,1.337893475389745e-28
RE1,DEMTERELCILU_LFC,2038,3.407886392163747e-38
RE1,DEMTERELCILU_LFC,2039,2.483751254266494e-50
RE1,DEMTERELCILU_LFC,2040,1.734167952506991e-65
RE1,DEMTERELCILU_LFC,2041,3.415232856422912e-84
RE1,DEMTERELCILU_LFC,2042,4.877151145594832e-107
RE1,DEMTERELCILU_LFC,2043,1.125597801157623e-134
RE1,DEMTERELCILU_LFC,2044,8.05394646883128e-168
RE1,DEMTERELCILU_LFC,2045,2.929289037569207e-207
RE1,DEMTERELCILU_LFC,2046,7.534328284376852e-254
RE1,DEMTERELCILU_LFC,2047,0.0
RE1,DEMTERELCILU_LFC,2048,0.0
RE1,DEMTERELCILU_LFC,2049,0.0
RE1,DEMTERELCILU_LFC,2050,0.0
RE1,DEMTERELCILU_LFC,2051,0.0
RE1,DEMTERELCILU_LFC,2052,0.0
RE1,DEMTERELCILU_LFC,2053,0.0
RE1,DEMTERELCILU_LFC,2054,0.0
RE1,DEMTERELCILU_LOW,2022,1.706021286564965
RE1,DEMTERELCILU_LOW,2023,1.777525149843727
RE1,DEMTERELCILU_LOW,2024,2.01415985790213
RE1,DEMTERELCILU_LOW,2025,1.895106750716322
RE1,DEMTERELCILU_LOW,2026,1.672413399158634
RE1,DEMTERELCILU_LOW,2027,1.268122928961157
RE1,DEMTERELCILU_LOW,2028,0.7409680029549873
RE1,DEMTERELCILU_LOW,2029,0.2866590736380488
RE1,DEMTERELCILU_LOW,2030,0.06001532305490728
RE1,DEMTERELCILU_LOW,2031,0.00524909466434455
RE1,DEMTERELCILU_LOW,2032,0.0001388419633038533
RE1,DEMTERELCILU_LOW,2033,7.486026146738698e-07
RE1,DEMTERELCILU_LOW,2034,5.12681241937745e-10
RE1,DEMTERELCILU_LOW,2035,2.550765388281258e-14
RE1,DEMTERELCILU_LOW,2036,4.805864910795561e-20
RE1,DEMTERELCILU_LOW,2037,1.617298391890876e-27
RE1,DEMTERELCILU_LOW,2038,4.119587458327081e-37
RE1,DEMTERELCILU_LOW,2039,3.002456461051171e-49
RE1,DEMTERELCILU_LOW,2040,2.096330606621139e-64
RE1,DEMTERELCILU_LOW,2041,4.128468154025946e-83
RE1,DEMTERELCILU_LOW,2042,5.895692631643521e-106
RE1,DEMTERELCILU_LOW,2043,1.360667009156178e-133
RE1,DEMTERELCILU_LOW,2044,9.735928092945886e-167
RE1,DEMTERELCILU_LOW,2045,3.541040102960474e-206
RE1,DEMTERELCILU_LOW,2046,9.107793140818559e-253
RE1,DEMTERELCILU_LOW,2047,1.941805212047656e-307
RE1,DEMTERELCILU_LOW,2048,0.0
RE1,DEMTERELCILU_LOW,2049,0.0
RE1,DEMTERELCILU_LOW,2050,0.0
RE1,DEMTERELCILU_LOW,2051,0.0
RE1,DEMTERELCILU_LOW,2052,0.0
RE1,DEMTERELCILU_LOW,2053,0.0
RE1,DEMTERELCILU_LOW,2054,0.0
RE1,DEMTERELCILU_MID,2022,0.0
RE1,DEMTERELCILU_MID,2023,0.0
RE1,DEMTERELCILU_MID,2024,0.0
RE1,DEMTERELCILU_MID,2025,0.0
RE1,DEMTERELCILU_MID,2026,0.0
RE1,DEMTERELCILU_MID,2027,0.0
RE1,DEMTERELCILU_MID,2028,0.0
RE1,DEMTERELCILU_MID,2029,0.0
RE1,DEMTERELCILU_MID,2030,0.0
RE1,DEMTERELCILU_MID,2031,0.0
RE1,DEMTERELCILU_MID,2032,0.0
RE1,DEMTERELCILU_MID,2033,0.0
RE1,DEMTERELCILU_MID,2034,0.0
RE1,DEMTERELCILU_MID,2035,0.0
RE1,DEMTERELCILU_MID,2036,0.0
RE1,DEMTERELCILU_MID,2037,0.0
RE1,DEMTERELCILU_MID,2038,0.0
RE1,DEMTERELCILU_MID,2039,0.0
RE1,DEMTERELCILU_MID,2040,0.0
RE1,DEMTERELCILU_MID,2041,0.0
RE1,DEMTERELCILU_MID,2042,0.0
RE1,DEMTERELCILU_MID,2043,0.0
RE1,DEMTERELCILU_MID,2044,0.0
RE1,DEMTERELCILU_MID,2045,0.0
RE1,DEMTERELCILU_MID,2046,0.0
RE1,DEMTERELCILU_MID,2047,0.0
RE1,DEMTERELCILU_MID,2048,0.0
RE1,DEMTERELCILU_MID,2049,0.0
RE1,DEMTERELCILU_MID,2050,0.0
RE1,DEMTERELCILU_MID,2051,0.0
RE1,DEMTERELCILU_MID,2052,0.0
RE1,DEMTERELCILU_MID,2053,0.0
RE1,DEMTERELCILU_MID,2054,0.0
RE1,DEMTERELCILU_VAP,2022,0.003959446305663201
RE1,DEMTERELCILU_VAP,2023,0.003938701432412181
RE1,DEMTERELCILU_VAP,2024,0.003922604358450312
RE1,DEMTERELCILU_VAP,2025,0.003690746775100146
RE1,DEMTERELCILU_VAP,2026,0.0032570483732623
RE1,DEMTERELCILU_VAP,2027,0.00246968705521462
RE1,DEMTERELCILU_VAP,2028,0.001443045499323365
RE1,DEMTERELCILU_VAP,2029,0.0005582725359312453
RE1,DEMTERELCILU_VAP,2030,0.0001168806770055398
RE1,DEMTERELCILU_VAP,2031,1.022268492120684e-05
RE1,DEMTERELCILU_VAP,2032,2.703966560820799e-07
RE1,DEMTERELCILU_VAP,2033,1.457914011912409e-09
RE1,DEMTERELCILU_VAP,2034,9.984538547081081e-13
RE1,DEMTERELCILU_VAP,2035,4.96765109790131e-17
RE1,DEMTERELCILU_VAP,2036,9.359488806834368e-23
RE1,DEMTERELCILU_VAP,2037,3.149711129459959e-30
RE1,DEMTERELCILU_VAP,2038,8.022953915823824e-40
RE1,DEMTERELCILU_VAP,2039,5.847325749230029e-52
RE1,DEMTERELCILU_VAP,2040,4.082633035319103e-67
RE1,DEMTERELCILU_VAP,2041,8.040249194308184e-86
RE1,DEMTERELCILU_VAP,2042,1.148194346254914e-108
RE1,DEMTERELCILU_VAP,2043,2.649917939519834e-136
RE1,DEMTERELCILU_VAP,2044,1.896085547585372e-169
RE1,DEMTERELCILU_VAP,2045,6.896224888419471e-209
RE1,DEMTERELCILU_VAP,2046,1.773755391354577e-255
RE1,DEMTERELCILU_VAP,2047,0.0
RE1,DEMTERELCILU_VAP,2048,0.0
RE1,DEMTERELCILU_VAP,2049,0.0
RE1,DEMTERELCILU_VAP,2050,0.0
RE1,DEMTERELCILU_VAP,2051,0.0
RE1,DEMTERELCILU_VAP,2052,0.0
RE1,DEMTERELCILU_VAP,2053,0.0
RE1,DEMTERELCILU_VAP,2054,0.0
RE1,DEMTERELCMPW_HIG,2022,0.0
RE1,DEMTERELCMPW_HIG,2023,0.0
RE1,DEMTERELCMPW_HIG,2024,0.0
RE1,DEMTERELCMPW_HIG,2025,0.0
RE1,DEMTERELCMPW_HIG,2026,0.0
RE1,DEMTERELCMPW_HIG,2027,0.0
RE1,DEMTERELCMPW_HIG,2028,0.0
RE1,DEMTERELCMPW_HIG,2029,0.0
RE1,DEMTERELCMPW_HIG,2030,0.0
RE1,DEMTERELCMPW_HIG,2031,0.0
RE1,DEMTERELCMPW_HIG,2032,0.0
RE1,DEMTERELCMPW_HIG,2033,0.0
RE1,DEMTERELCMPW_HIG,2034,0.0
RE1,DEMTERELCMPW_HIG,2035,0.0
RE1,DEMTERELCMPW_HIG,2036,0.0
RE1,DEMTERELCMPW_HIG,2037,0.0
RE1,DEMTERELCMPW_HIG,2038,0.0
RE1,DEMTERELCMPW_HIG,2039,0.0
RE1,DEMTERELCMPW_HIG,2040,0.0
RE1,DEMTERELCMPW_HIG,2041,0.0
RE1,DEMTERELCMPW_HIG,2042,0.0
RE1,DEMTERELCMPW_HIG,2043,0.0
RE1,DEMTERELCMPW_HIG,2044,0.0
RE1,DEMTERELCMPW_HIG,2045,0.0
RE1,DEMTERELCMPW_HIG,2046,0.0
RE1,DEMTERELCMPW_HIG,2047,0.0
RE1,DEMTERELCMPW_HIG,2048,0.0
RE1,DEMTERELCMPW_HIG,2049,0.0
RE1,DEMTERELCMPW_HIG,2050,0.0
RE1,DEMTERELCMPW_HIG,2051,0.0
RE1,DEMTERELCMPW_HIG,2052,0.0
RE1,DEMTERELCMPW_HIG,2053,0.0
RE1,DEMTERELCMPW_HIG,2054,0.0
RE1,DEMTERELCMPW_LOW,2022,1.803131281864065
RE1,DEMTERELCMPW_LOW,2023,1.860535627364937
RE1,DEMTERELCMPW_LOW,2024,1.902913795010743
RE1,DEMTERELCMPW_LOW,2025,1.902304960015134
RE1,DEMTERELCMPW_LOW,2026,1.90105638784251
RE1,DEMTERELCMPW_LOW,2027,1.898295328198676
RE1,DEMTERELCMPW_LOW,2028,1.892945535462029
RE1,DEMTERELCMPW_LOW,2029,1.88352738556692
RE1,DEMTERELCMPW_LOW,2030,1.868121677001775
RE1,DEMTERELCMPW_LOW,2031,1.844367292467918
RE1,DEMTERELCMPW_LOW,2032,1.809513184508145
RE1,DEMTERELCMPW_LOW,2033,1.760550048475751
RE1,DEMTERELCMPW_LOW,2034,1.694448340907528
RE1,DEMTERELCMPW_LOW,2035,1.608522873144576
RE1,DEMTERELCMPW_LOW,2036,1.500925023343087
RE1,DEMTERELCMPW_LOW,2037,1.371227450197519
RE1,DEMTERELCMPW_LOW,2038,1.221013162619413
RE1,DEMTERELCMPW_LOW,2039,1.054320293536482
RE1,DEMTERELCMPW_LOW,2040,0.8777489591647869
RE1,DEMTERELCMPW_LOW,2041,0.7000428635059808
RE1,DEMTERELCMPW_LOW,2042,0.5310520315256395
RE1,DEMTERELCMPW_LOW,2043,0.3801749595958223
RE1,DEMTERELCMPW_LOW,2044,0.2546230915168249
RE1,DEMTERELCMPW_LOW,2045,0.1580357963824212
RE1,DEMTERELCMPW_LOW,2046,0.08996167571470123
RE1,DEMTERELCMPW_LOW,2047,0.04644234109564446
RE1,DEMTERELCMPW_LOW,2048,0.02147969626652757
RE1,DEMTERELCMPW_LOW,2049,0.008783733690562548
RE1,DEMTERELCMPW_LOW,2050,0.003131172403569099
RE1,DEMTERELCMPW_LOW,2051,0.0009582865497607983
RE1,DEMTERELCMPW_LOW,2052,0.0002477170477305036
RE1,DEMTERELCMPW_LOW,2053,5.31509960904464e-05
RE1,DEMTERELCMPW_LOW,2054,9.291374839685275e-06
RE1,DEMTERELCMPW_MID,2022,0.01085840192268713
RE1,DEMTERELCMPW_MID,2023,0.01535367639686926
RE1,DEMTERELCMPW_MID,2024,0.03763378371729099
RE1,DEMTERELCMPW_MID,2025,0.03762174283314567
RE1,DEMTERELCMPW_MID,2026,0.03759704991472596
RE1,DEMTERELCMPW_MID,2027,0.03754244464477675
RE1,DEMTERELCMPW_MID,2028,0.03743664219418168
RE1,DEMTERELCMPW_MID,2029,0.03725038014852367
RE1,DEMTERELCMPW_MID,2030,0.03694570260313387
RE1,DEMTERELCMPW_MID,2031,0.03647591391789312
RE1,DEMTERELCMPW_MID,2032,0.03578660683311801
RE1,DEMTERELCMPW_MID,2033,0.03481826655601523
RE1,DEMTERELCMPW_MID,2034,0.03351097803223212
RE1,DEMTERELCMPW_MID,2035,0.03181163648661062
RE1,DEMTERELCMPW_MID,2036,0.02968368186328943
RE1,DEMTERELCMPW_MID,2037,0.02711866266524938
RE1,DEMTERELCMPW_MID,2038,0.02414788594126778
RE1,DEMTERELCMPW_MID,2039,0.02085121354405794
RE1,DEMTERELCMPW_MID,2040,0.01735917547809799
RE1,DEMTERELCMPW_MID,2041,0.01384469532308394
RE1,DEMTERELCMPW_MID,2042,0.01050257628562259
RE1,DEMTERELCMPW_MID,2043,0.007518691725117398
RE1,DEMTERELCMPW_MID,2044,0.005035661825930524
RE1,DEMTERELCMPW_MID,2045,0.003125462118273361
RE1,DEMTERELCMPW_MID,2046,0.001779165328229186
RE1,DEMTERELCMPW_MID,2047,0.0009184867042851361
RE1,DEMTERELCMPW_MID,2048,0.0004248023456065373
RE1,DEMTERELCMPW_MID,2049,0.0001737152438579315
RE1,DEMTERELCMPW_MID,2050,6.192496230067237e-05
RE1,DEMTERELCMPW_MID,2051,1.895196138019657e-05
RE1,DEMTERELCMPW_MID,2052,4.89908151478979e-06
RE1,DEMTERELCMPW_MID,2053,1.051163272067795e-06
RE1,DEMTERELCMPW_MID,2054,1.837548248742507e-07
RE1,DEMTERELCOTH_HIG,2022,0.0
RE1,DEMTERELCOTH_HIG,2023,0.0
RE1,DEMTERELCOTH_HIG,2024,0.0
RE1,DEMTERELCOTH_HIG,2025,0.0
RE1,DEMTERELCOTH_HIG,2026,0.0
RE1,DEMTERELCOTH_HIG,2027,0.0
RE1,DEMTERELCOTH_HIG,2028,0.0
RE1,DEMTERELCOTH_HIG,2029,0.0
RE1,DEMTERELCOTH_HIG,2030,0.0
RE1,DEMTERELCOTH_HIG,2031,0.0
RE1,DEMTERELCOTH_HIG,2032,0.0
RE1,DEMTERELCOTH_HIG,2033,0.0
RE1,DEMTERELCOTH_HIG,2034,0.0
RE1,DEMTERELCOTH_HIG,2035,0.0
RE1,DEMTERELCOTH_HIG,2036,0.0
RE1,DEMTERELCOTH_HIG,2037,0.0
RE1,DEMTERELCOTH_HIG,2038,0.0
RE1,DEMTERELCOTH_HIG,2039,0.0
RE1,DEMTERELCOTH_HIG,2040,0.0
RE1,DEMTERELCOTH_HIG,2041,0.0
RE1,DEMTERELCOTH_HIG,2042,0.0
RE1,DEMTERELCOTH_HIG,2043,0.0
RE1,DEMTERELCOTH_HIG,2044,0.0
RE1,DEMTERELCOTH_HIG,2045,0.0
RE1,DEMTERELCOTH_HIG,2046,0.0
RE1,DEMTERELCOTH_HIG,2047,0.0
RE1,DEMTERELCOTH_HIG,2048,0.0
RE1,DEMTERELCOTH_HIG,2049,0.0
RE1,DEMTERELCOTH_HIG,2050,0.0
RE1,DEMTERELCOTH_HIG,2051,0.0
RE1,DEMTERELCOTH_HIG,2052,0.0
RE1,DEMTERELCOTH_HIG,2053,0.0
RE1,DEMTERELCOTH_HIG,2054,0.0
RE1,DEMTERELCOTH_LOW,2022,8.899238318398869
RE1,DEMTERELCOTH_LOW,2023,9.20164870747693
RE1,DEMTERELCOTH_LOW,2024,9.512151033915561
RE1,DEMTERELCOTH_LOW,2025,6.854394898144135
RE1,DEMTERELCOTH_LOW,2026,3.499324806695214
RE1,DEMTERELCOTH_LOW,2027,0.7899781734181132
RE1,DEMTERELCOTH_LOW,2028,0.04390750738440665
RE1,DEMTERELCOTH_LOW,2029,0.0002656874440350186
RE1,DEMTERELCOTH_LOW,2030,5.91546898365585e-08
RE1,DEMTERELCOTH_LOW,2031,1.20463455421494e-13
RE1,DEMTERELCOTH_LOW,2032,3.947656388181111e-22
RE1,DEMTERELCOTH_LOW,2033,2.494836508272979e-34
RE1,DEMTERELCOTH_LOW,2034,2.388462324960401e-51
RE1,DEMTERELCOTH_LOW,2035,1.716327646574556e-74
RE1,DEMTERELCOTH_LOW,2036,2.784323128162616e-105
RE1,DEMTERELCOTH_LOW,2037,1.791563176365938e-145
RE1,DEMTERELCOTH_LOW,2038,4.515849669614282e-197
RE1,DEMTERELCOTH_LOW,2039,2.382390515695825e-262
RE1,DEMTERELCOTH_LOW,2040,0.0
RE1,DEMTERELCOTH_LOW,2041,0.0
RE1,DEMTERELCOTH_LOW,2042,0.0
RE1,DEMTERELCOTH_LOW,2043,0.0
RE1,DEMTERELCOTH_LOW,2044,0.0
RE1,DEMTERELCOTH_LOW,2045,0.0
RE1,DEMTERELCOTH_LOW,2046,0.0
RE1,DEMTERELCOTH_LOW,2047,0.0
RE1,DEMTERELCOTH_LOW,2048,0.0
RE1,DEMTERELCOTH_LOW,2049,0.0
RE1,DEMTERELCOTH_LOW,2050,0.0
RE1,DEMTERELCOTH_LOW,2051,0.0
RE1,DEMTERELCOTH_LOW,2052,0.0
RE1,DEMTERELCOTH_LOW,2053,0.0
RE1,DEMTERELCOTH_LOW,2054,0.0
RE1,DEMTERELCOTH_MID,2022,0.0
RE1,DEMTERELCOTH_MID,2023,0.0
RE1,DEMTERELCOTH_MID,2024,0.0
RE1,DEMTERELCOTH_MID,2025,0.0
RE1,DEMTERELCOTH_MID,2026,0.0
RE1,DEMTERELCOTH_MID,2027,0.0
RE1,DEMTERELCOTH_MID,2028,0.0
RE1,DEMTERELCOTH_MID,2029,0.0
RE1,DEMTERELCOTH_MID,2030,0.0
RE1,DEMTERELCOTH_MID,2031,0.0
RE1,DEMTERELCOTH_MID,2032,0.0
RE1,DEMTERELCOTH_MID,2033,0.0
RE1,DEMTERELCOTH_MID,2034,0.0
RE1,DEMTERELCOTH_MID,2035,0.0
RE1,DEMTERELCOTH_MID,2036,0.0
RE1,DEMTERELCOTH_MID,2037,0.0
RE1,DEMTERELCOTH_MID,2038,0.0
RE1,DEMTERELCOTH_MID,2039,0.0
RE1,DEMTERELCOTH_MID,2040,0.0
RE1,DEMTERELCOTH_MID,2041,0.0
RE1,DEMTERELCOTH_MID,2042,0.0
RE1,DEMTERELCOTH_MID,2043,0.0
RE1,DEMTERELCOTH_MID,2044,0.0
RE1,DEMTERELCOTH_MID,2045,0.0
RE1,DEMTERELCOTH_MID,2046,0.0
RE1,DEMTERELCOTH_MID,2047,0.0
RE1,DEMTERELCOTH_MID,2048,0.0
RE1,DEMTERELCOTH_MID,2049,0.0
RE1,DEMTERELCOTH_MID,2050,0.0
RE1,DEMTERELCOTH_MID,2051,0.0
RE1,DEMTERELCOTH_MID,2052,0.0
RE1,DEMTERELCOTH_MID,2053,0.0
RE1,DEMTERELCOTH_MID,2054,0.0
RE1,DEMTERELCREF_AUC_HIG,2022,0.0
RE1,DEMTERELCREF_AUC_HIG,2023,0.0
RE1,DEMTERELCREF_AUC_HIG,2024,0.0
RE1,DEMTERELCREF_AUC_HIG,2025,0.0
RE1,DEMTERELCREF_AUC_HIG,2026,0.0
RE1,DEMTERELCREF_AUC_HIG,2027,0.0
RE1,DEMTERELCREF_AUC_HIG,2028,0.0
RE1,DEMTERELCREF_AUC_HIG,2029,0.0
RE1,DEMTERELCREF_AUC_HIG,2030,0.0
RE1,DEMTERELCREF_AUC_HIG,2031,0.0
RE1,DEMTERELCREF_AUC_HIG,2032,0.0
RE1,DEMTERELCREF_AUC_HIG,2033,0.0
RE1,DEMTERELCREF_AUC_HIG,2034,0.0
RE1,DEMTERELCREF_AUC_HIG,2035,0.0
RE1,DEMTERELCREF_AUC_HIG,2036,0.0
RE1,DEMTERELCREF_AUC_HIG,2037,0.0
RE1,DEMTERELCREF_AUC_HIG,2038,0.0
RE1,DEMTERELCREF_AUC_HIG,2039,0.0
RE1,DEMTERELCREF_AUC_HIG,2040,0.0
RE1,DEMTERELCREF_AUC_HIG,2041,0.0
RE1,DEMTERELCREF_AUC_HIG,2042,0.0
RE1,DEMTERELCREF_AUC_HIG,2043,0.0
RE1,DEMTERELCREF_AUC_HIG,2044,0.0
RE1,DEMTERELCREF_AUC_HIG,2045,0.0
RE1,DEMTERELCREF_AUC_HIG,2046,0.0
RE1,DEMTERELCREF_AUC_HIG,2047,0.0
RE1,DEMTERELCREF_AUC_HIG,2048,0.0
RE1,DEMTERELCREF_AUC_HIG,2049,0.0
RE1,DEMTERELCREF_AUC_HIG,2050,0.0
RE1,DEMTERELCREF_AUC_HIG,2051,0.0
RE1,DEMTERELCREF_AUC_HIG,2052,0.0
RE1,DEMTERELCREF_AUC_HIG,2053,0.0
RE1,DEMTERELCREF_AUC_HIG,2054,0.0
RE1,DEMTERELCREF_AUC_LOW,2022,1.402576964203385
RE1,DEMTERELCREF_AUC_LOW,2023,1.447612843623397
RE1,DEMTERELCREF_AUC_LOW,2024,1.482589701440367
RE1,DEMTERELCREF_AUC_LOW,2025,1.480591810142875
RE1,DEMTERELCREF_AUC_LOW,2026,1.476501045943757
RE1,DEMTERELCREF_AUC_LOW,2027,1.467485448654625
RE1,DEMTERELCREF_AUC_LOW,2028,1.45013648854843
RE1,DEMTERELCREF_AUC_LOW,2029,1.419974737856307
RE1,DEMTERELCREF_AUC_LOW,2030,1.371671894745895
RE1,DEMTERELCREF_AUC_LOW,2031,1.299660548893179
RE1,DEMTERELCREF_AUC_LOW,2032,1.199262441244536
RE1,DEMTERELCREF_AUC_LOW,2033,1.06834460989532
RE1,DEMTERELCREF_AUC_LOW,2034,0.9092318494096947
RE1,DEMTERELCREF_AUC_LOW,2035,0.7301865425276642
RE1,DEMTERELCREF_AUC_LOW,2036,0.5454142708524179
RE1,DEMTERELCREF_AUC_LOW,2037,0.3726742869666074
RE1,DEMTERELCREF_AUC_LOW,2038,0.2285545930230639
RE1,DEMTERELCREF_AUC_LOW,2039,0.1231281442122194
RE1,DEMTERELCREF_AUC_LOW,2040,0.056874047726327
RE1,DEMTERELCREF_AUC_LOW,2041,0.02192338480330132
RE1,DEMTERELCREF_AUC_LOW,2042,0.006843543382767533
RE1,DEMTERELCREF_AUC_LOW,2043,0.001673420526488998
RE1,DEMTERELCREF_AUC_LOW,2044,0.0003090361564298946
RE1,DEMTERELCREF_AUC_LOW,2045,4.141076681014242e-05
RE1,DEMTERELCREF_AUC_LOW,2046,3.854412555698002e-06
RE1,DEMTERELCREF_AUC_LOW,2047,2.376501734641466e-07
RE1,DEMTERELCREF_AUC_LOW,2048,9.220010661193137e-09
RE1,DEMTERELCREF_AUC_LOW,2049,2.129276375575407e-10
RE1,DEMTERELCREF_AUC_LOW,2050,2.757280556828144e-12
RE1,DEMTERELCREF_AUC_LOW,2051,1.877576142042292e-14
RE1,DEMTERELCREF_AUC_LOW,2052,6.276404905960438e-17
RE1,DEMTERELCREF_AUC_LOW,2053,9.569547099945224e-20
RE1,DEMTERELCREF_AUC_LOW,2054,6.152924491079465e-23
RE1,DEMTERELCREF_AUC_MID,2022,0.007240395439950237
RE1,DEMTERELCREF_AUC_MID,2023,0.01024056312672367
RE1,DEMTERELCREF_AUC_MID,2024,0.02513487724035453
RE1,DEMTERELCREF_AUC_MID,2025,0.02510100626954362
RE1,DEMTERELCREF_AUC_MID,2026,0.02503165407057435
RE1,DEMTERELCREF_AUC_MID,2027,0.02487880940229516
RE1,DEMTERELCREF_AUC_MID,2028,0.024584686232484
RE1,DEMTERELCREF_AUC_MID,2029,0.0240733432086763
RE1,DEMTERELCREF_AUC_MID,2030,0.02325444771064282
RE1,DEMTERELCREF_AUC_MID,2031,0.02203361342576799
RE1,DEMTERELCREF_AUC_MID,2032,0.02033152814319729
RE1,DEMTERELCREF_AUC_MID,2033,0.01811203099146403
RE1,DEMTERELCREF_AUC_MID,2034,0.01541453505021018
RE1,DEMTERELCREF_AUC_MID,2035,0.0123791154701542
RE1,DEMTERELCREF_AUC_MID,2036,0.009246604593094428
RE1,DEMTERELCREF_AUC_MID,2037,0.006318081424983578
RE1,DEMTERELCREF_AUC_MID,2038,0.003874768341350821
RE1,DEMTERELCREF_AUC_MID,2039,0.002087435779838569
RE1,DEMTERELCREF_AUC_MID,2040,0.0009642062172524756
RE1,DEMTERELCREF_AUC_MID,2041,0.0003716750394183125
RE1,DEMTERELCREF_AUC_MID,2042,0.0001160210560263501
RE1,DEMTERELCREF_AUC_MID,2043,2.837010095505658e-05
RE1,DEMTERELCREF_AUC_MID,2044,5.239201275410201e-06
RE1,DEMTERELCREF_AUC_MID,2045,7.020516459750565e-07
RE1,DEMTERELCREF_AUC_MID,2046,6.534524442401648e-08
RE1,DEMTERELCREF_AUC_MID,2047,4.028968992815132e-09
RE1,DEMTERELCREF_AUC_MID,2048,1.563101618058627e-10
RE1,DEMTERELCREF_AUC_MID,2049,3.609838936482558e-12
RE1,DEMTERELCREF_AUC_MID,2050,4.674517045799089e-14
RE1,DEMTERELCREF_AUC_MID,2051,3.183122464280091e-16
RE1,DEMTERELCREF_AUC_MID,2052,1.064061531446027e-18
RE1,DEMTERELCREF_AUC_MID,2053,1.622359789557654e-21
RE1,DEMTERELCREF_AUC_MID,2054,1.043127451932281e-24
RE1,DEMTERELCREF_CEN_HIG,2022,0.0
RE1,DEMTERELCREF_CEN_HIG,2023,0.0
RE1,DEMTERELCREF_CEN_HIG,2024,0.0
RE1,DEMTERELCREF_CEN_HIG,2025,0.0
RE1,DEMTERELCREF_CEN_HIG,2026,0.0
RE1,DEMTERELCREF_CEN_HIG,2027,0.0
RE1,DEMTERELCREF_CEN_HIG,2028,0.0
RE1,DEMTERELCREF_CEN_HIG,2029,0.0
RE1,DEMTERELCREF_CEN_HIG,2030,0.0
RE1,DEMTERELCREF_CEN_HIG,2031,0.0
RE1,DEMTERELCREF_CEN_HIG,2032,0.0
RE1,DEMTERELCREF_CEN_HIG,2033,0.0
RE1,DEMTERELCREF_CEN_HIG,2034,0.0
RE1,DEMTERELCREF_CEN_HIG,2035,0.0
RE1,DEMTERELCREF_CEN_HIG,2036,0.0
RE1,DEMTERELCREF_CEN_HIG,2037,0.0
RE1,DEMTERELCREF_CEN_HIG,2038,0.0
RE1,DEMTERELCREF_CEN_HIG,2039,0.0
RE1,DEMTERELCREF_CEN_HIG,2040,0.0
RE1,DEMTERELCREF_CEN_HIG,2041,0.0
RE1,DEMTERELCREF_CEN_HIG,2042,0.0
RE1,DEMTERELCREF_CEN_HIG,2043,0.0
RE1,DEMTERELCREF_CEN_HIG,2044,0.0
RE1,DEMTERELCREF_CEN_HIG,2045,0.0
RE1,DEMTERELCREF_CEN_HIG,2046,0.0
RE1,DEMTERELCREF_CEN_HIG,2047,0.0
RE1,DEMTERELCREF_CEN_HIG,2048,0.0
RE1,DEMTERELCREF_CEN_HIG,2049,0.0
RE1,DEMTERELCREF_CEN_HIG,2050,0.0
RE1,DEMTERELCREF_CEN_HIG,2051,0.0
RE1,DEMTERELCREF_CEN_HIG,2052,0.0
RE1,DEMTERELCREF_CEN_HIG,2053,0.0
RE1,DEMTERELCREF_CEN_HIG,2054,0.0
RE1,DEMTERELCREF_CEN_LOW,2022,2.226989721893283
RE1,DEMTERELCREF_CEN_LOW,2023,2.298496985412156
RE1,DEMTERELCREF_CEN_LOW,2024,2.354032692079602
RE1,DEMTERELCREF_CEN_LOW,2025,2.350860471589369
RE1,DEMTERELCREF_CEN_LOW,2026,2.344365220306456
RE1,DEMTERELCREF_CEN_LOW,2027,2.330050396227602
RE1,DEMTERELCREF_CEN_LOW,2028,2.302503989272332
RE1,DEMTERELCREF_CEN_LOW,2029,2.254613634233017
RE1,DEMTERELCREF_CEN_LOW,2030,2.177919136967972
RE1,DEMTERELCREF_CEN_LOW,2031,2.063580650619891
RE1,DEMTERELCREF_CEN_LOW,2032,1.904170108783385
RE1,DEMTERELCREF_CEN_LOW,2033,1.696300827975075
RE1,DEMTERELCREF_CEN_LOW,2034,1.443664080568624
RE1,DEMTERELCREF_CEN_LOW,2035,1.159378748386531
RE1,DEMTERELCREF_CEN_LOW,2036,0.86600023126155
RE1,DEMTERELCREF_CEN_LOW,2037,0.5917263921127645
RE1,DEMTERELCREF_CEN_LOW,2038,0.362895400783196
RE1,DEMTERELCREF_CEN_LOW,2039,0.1955009376559564
RE1,DEMTERELCREF_CEN_LOW,2040,0.09030372162210408
RE1,DEMTERELCREF_CEN_LOW,2041,0.03480960679672457
RE1,DEMTERELCREF_CEN_LOW,2042,0.01086607092781548
RE1,DEMTERELCREF_CEN_LOW,2043,0.002657030885298246
RE1,DEMTERELCREF_CEN_LOW,2044,0.0004906827658143278
RE1,DEMTERELCREF_CEN_LOW,2045,6.575136653145108e-05
RE1,DEMTERELCREF_CEN_LOW,2046,6.119975847707678e-06
RE1,DEMTERELCREF_CEN_LOW,2047,3.773372208571834e-07
RE1,DEMTERELCREF_CEN_LOW,2048,1.463938842734778e-08
RE1,DEMTERELCREF_CEN_LOW,2049,3.380831658082904e-10
RE1,DEMTERELCREF_CEN_LOW,2050,4.377966854688807e-12
RE1,DEMTERELCREF_CEN_LOW,2051,2.981185972047592e-14
RE1,DEMTERELCREF_CEN_LOW,2052,9.96557734281142e-17
RE1,DEMTERELCREF_CEN_LOW,2053,1.519437690669315e-19
RE1,DEMTERELCREF_CEN_LOW,2054,9.769517075308575e-23
RE1,DEMTERELCREF_CEN_MID,2022,0.01149618640455158
RE1,DEMTERELCREF_CEN_MID,2023,0.01625980563752219
RE1,DEMTERELCREF_CEN_MID,2024,0.03990876415620506
RE1,DEMTERELCREF_CEN_MID,2025,0.03985498435959384
RE1,DEMTERELCREF_CEN_MID,2026,0.03974486802499186
RE1,DEMTERELCREF_CEN_MID,2027,0.0395021836561542
RE1,DEMTERELCREF_CEN_MID,2028,0.0390351794967695
RE1,DEMTERELCREF_CEN_MID,2029,0.03822327705758439
RE1,DEMTERELCREF_CEN_MID,2030,0.03692304761993565
RE1,DEMTERELCREF_CEN_MID,2031,0.03498462607592052
RE1,DEMTERELCREF_CEN_MID,2032,0.03228208174016375
RE1,DEMTERELCREF_CEN_MID,2033,0.02875799894768132
RE1,DEMTERELCREF_CEN_MID,2034,0.0244749571686278
RE1,DEMTERELCREF_CEN_MID,2035,0.01965536553198798
RE1,DEMTERELCREF_CEN_MID,2036,0.01468161385562761
RE1,DEMTERELCREF_CEN_MID,2037,0.01003175066654167
RE1,DEMTERELCREF_CEN_MID,2038,0.006152296445141445
RE1,DEMTERELCREF_CEN_MID,2039,0.003314397815918133
RE1,DEMTERELCREF_CEN_MID,2040,0.001530951520244342
RE1,DEMTERELCREF_CEN_MID,2041,0.0005901398025162758
RE1,DEMTERELCREF_CEN_MID,2042,0.0001842164144201784
RE1,DEMTERELCREF_CEN_MID,2043,4.504560166640826e-05
RE1,DEMTERELCREF_CEN_MID,2044,8.318721673783884e-06
RE1,DEMTERELCREF_CEN_MID,2045,1.114706600584094e-06
RE1,DEMTERELCREF_CEN_MID,2046,1.037541549739777e-07
RE1,DEMTERELCREF_CEN_MID,2047,6.397133822828815e-09
RE1,DEMTERELCREF_CEN_MID,2048,2.481868251464131e-10
RE1,DEMTERELCREF_CEN_MID,2049,5.731645688194198e-12
RE1,DEMTERELCREF_CEN_MID,2050,7.422124904013452e-14
RE1,DEMTERELCREF_CEN_MID,2051,5.054111961339366e-16
RE1,DEMTERELCREF_CEN_MID,2052,1.689500223139777e-18
RE1,DEMTERELCREF_CEN_MID,2053,2.575957447447379e-21
RE1,DEMTERELCREF_CEN_MID,2054,1.656261419776935e-24
RE1,DEMTERLPGCKN_HIG,2022,0.0
RE1,DEMTERLPGCKN_HIG,2023,0.0
RE1,DEMTERLPGCKN_HIG,2024,0.0
RE1,DEMTERLPGCKN_HIG,2025,0.0
RE1,DEMTERLPGCKN_HIG,2026,0.0
RE1,DEMTERLPGCKN_HIG,2027,0.0
RE1,DEMTERLPGCKN_HIG,2028,0.0
RE1,DEMTERLPGCKN_HIG,2029,0.0
RE1,DEMTERLPGCKN_HIG,2030,0.0
RE1,DEMTERLPGCKN_HIG,2031,0.0
RE1,DEMTERLPGCKN_HIG,2032,0.0
RE1,DEMTERLPGCKN_HIG,2033,0.0
RE1,DEMTERLPGCKN_HIG,2034,0.0
RE1,DEMTERLPGCKN_HIG,2035,0.0
RE1,DEMTERLPGCKN_HIG,2036,0.0
RE1,DEMTERLPGCKN_HIG,2037,0.0
RE1,DEMTERLPGCKN_HIG,2038,0.0
RE1,DEMTERLPGCKN_HIG,2039,0.0
RE1,DEMTERLPGCKN_HIG,2040,0.0
RE1,DEMTERLPGCKN_HIG,2041,0.0
RE1,DEMTERLPGCKN_HIG,2042,0.0
RE1,DEMTERLPGCKN_HIG,2043,0.0
RE1,DEMTERLPGCKN_HIG,2044,0.0
RE1,DEMTERLPGCKN_HIG,2045,0.0
RE1,DEMTERLPGCKN_HIG,2046,0.0
RE1,DEMTERLPGCKN_HIG,2047,0.0
RE1,DEMTERLPGCKN_HIG,2048,0.0
RE1,DEMTERLPGCKN_HIG,2049,0.0
RE1,DEMTERLPGCKN_HIG,2050,0.0
RE1,DEMTERLPGCKN_HIG,2051,0.0
RE1,DEMTERLPGCKN_HIG,2052,0.0
RE1,DEMTERLPGCKN_HIG,2053,0.0
RE1,DEMTERLPGCKN_HIG,2054,0.0
RE1,DEMTERLPGCKN_LOW,2022,1.38324643446674
RE1,DEMTERLPGCKN_LOW,2023,1.425730947657691
RE1,DEMTERLPGCKN_LOW,2024,1.326980545362972
RE1,DEMTERLPGCKN_LOW,2025,1.326924627690198
RE1,DEMTERLPGCKN_LOW,2026,1.326809905545119
RE1,DEMTERLPGCKN_LOW,2027,1.326555979522613
RE1,DEMTERLPGCKN_LOW,2028,1.326063061780097
RE1,DEMTERLPGCKN_LOW,2029,1.325192348074844
RE1,DEMTERLPGCKN_LOW,2030,1.323759897309924
RE1,DEMTERLPGCKN_LOW,2031,1.321530940942025
RE1,DEMTERLPGCKN_LOW,2032,1.318214911327702
RE1,DEMTERLPGCKN_LOW,2033,1.31346159971034
RE1,DEMTERLPGCKN_LOW,2034,1.306858998852509
RE1,DEMTERLPGCKN_LOW,2035,1.29793354598055
RE1,DEMTERLPGCKN_LOW,2036,1.286153646069336
RE1,DEMTERLPGCKN_LOW,2037,1.270937502271592
RE1,DEMTERLPGCKN_LOW,2038,1.251666377357483
RE1,DEMTERLPGCKN_LOW,2039,1.227704412880127
RE1,DEMTERLPGCKN_LOW,2040,1.198425984777604
RE1,DEMTERLPGCKN_LOW,2041,1.16325120988059
RE1,DEMTERLPGCKN_LOW,2042,1.121689571556316
RE1,DEMTERLPGCKN_LOW,2043,1.07339065337492
RE1,DEMTERLPGCKN_LOW,2044,1.018199643463364
RE1,DEMTERLPGCKN_LOW,2045,0.9562136521636331
RE1,DEMTERLPGCKN_LOW,2046,0.8878331237191388
RE1,DEMTERLPGCKN_LOW,2047,0.8138009957973457
RE1,DEMTERLPGCKN_LOW,2048,0.7352211759526345
RE1,DEMTERLPGCKN_LOW,2049,0.6535478666003911
RE1,DEMTERLPGCKN_LOW,2050,0.5705387944892325
RE1,DEMTERLPGCKN_LOW,2051,0.4881688614735059
RE1,DEMTERLPGCKN_LOW,2052,0.4085061672401182
RE1,DEMTERLPGCKN_LOW,2053,0.333559263281849
RE1,DEMTERLPGCKN_LOW,2054,0.2651117336689243
RE1,DEMTERLPGCKN_MID,2022,0.01053523613849443
RE1,DEMTERLPGCKN_MID,2023,0.0148805203721678
RE1,DEMTERLPGCKN_MID,2024,0.03319169841795165
RE1,DEMTERLPGCKN_MID,2025,0.03319029975198218
RE1,DEMTERLPGCKN_MID,2026,0.03318743021267007
RE1,DEMTERLPGCKN_MID,2027,0.03318107877369161
RE1,DEMTERLPGCKN_MID,2028,0.03316874944670063
RE1,DEMTERLPGCKN_MID,2029,0.03314697032807366
RE1,DEMTERLPGCKN_MID,2030,0.03311114050829679
RE1,DEMTERLPGCKN_MID,2031,0.03305538773346628
RE1,DEMTERLPGCKN_MID,2032,0.03297244404956057
RE1,DEMTERLPGCKN_MID,2033,0.03285354970235906
RE1,DEMTERLPGCKN_MID,2034,0.0326883991753125
RE1,DEMTERLPGCKN_MID,2035,0.03246514726630378
RE1,DEMTERLPGCKN_MID,2036,0.03217049721539463
RE1,DEMTERLPGCKN_MID,2037,0.03178989656696481
RE1,DEMTERLPGCKN_MID,2038,0.03130786887744142
RE1,DEMTERLPGCKN_MID,2039,0.03070850945110069
RE1,DEMTERLPGCKN_MID,2040,0.02997616958438109
RE1,DEMTERLPGCKN_MID,2041,0.02909634468839388
RE1,DEMTERLPGCKN_MID,2042,0.02805676549498682
RE1,DEMTERLPGCKN_MID,2043,0.02684866705541874
RE1,DEMTERLPGCKN_MID,2044,0.02546817706800491
RE1,DEMTERLPGCKN_MID,2045,0.02391772454890208
RE1,DEMTERLPGCKN_MID,2046,0.02220732579006498
RE1,DEMTERLPGCKN_MID,2047,0.02035556385443898
RE1,DEMTERLPGCKN_MID,2048,0.0183900507268074
RE1,DEMTERLPGCKN_MID,2049,0.01634716029989898
RE1,DEMTERLPGCKN_MID,2050,0.01427085850550159
RE1,DEMTERLPGCKN_MID,2051,0.0122105434655271
RE1,DEMTERLPGCKN_MID,2052,0.01021794445464044
RE1,DEMTERLPGCKN_MID,2053,0.008343301271486903
RE1,DEMTERLPGCKN_MID,2054,0.006631226615754418
RE1,DEMTERNGSCKN_HIG,2022,0.07873651667085009
RE1,DEMTERNGSCKN_HIG,2023,0.1187803331101103
RE1,DEMTERNGSCKN_HIG,2024,0.2906699751643717
RE1,DEMTERNGSCKN_HIG,2025,0.2906577266136199
RE1,DEMTERNGSCKN_HIG,2026,0.2906325971698029
RE1,DEMTERNGSCKN_HIG,2027,0.2905769756530345
RE1,DEMTERNGSCKN_HIG,2028,0.2904690039209123
RE1,DEMTERNGSCKN_HIG,2029,0.2902782774389261
RE1,DEMTERNGSCKN_HIG,2030,0.2899645046185798
RE1,DEMTERNGSCKN_HIG,2031,0.2894762603151016
RE1,DEMTERNGSCKN_HIG,2032,0.2887498968058492
RE1,DEMTERNGSCKN_HIG,2033,0.2877087022121565
RE1,DEMTERNGSCKN_HIG,2034,0.2862624279362658
RE1,DEMTERNGSCKN_HIG,2035,0.2843073418774015
RE1,DEMTERNGSCKN_HIG,2036,0.2817270001937225
RE1,DEMTERNGSCKN_HIG,2037,0.2783939625276895
RE1,DEMTERNGSCKN_HIG,2038,0.2741726968733076
RE1,DEMTERNGSCKN_HIG,2039,0.2689239208879616
RE1,DEMTERNGSCKN_HIG,2040,0.2625105940316252
RE1,DEMTERNGSCKN_HIG,2041,0.2548056951305409
RE1,DEMTERNGSCKN_HIG,2042,0.2457017784064242
RE1,DEMTERNGSCKN_HIG,2043,0.2351220864905852
RE1,DEMTERNGSCKN_HIG,2044,0.2230327084387764
RE1,DEMTERNGSCKN_HIG,2045,0.2094549158972109
RE1,DEMTERNGSCKN_HIG,2046,0.1944764246343635
RE1,DEMTERNGSCKN_HIG,2047,0.1782599722835062
RE1,DEMTERNGSCKN_HIG,2048,0.1610473655407033
RE1,DEMTERNGSCKN_HIG,2049,0.1431571418415194
RE1,DEMTERNGSCKN_HIG,2050,0.1249743244571333
RE1,DEMTERNGSCKN_HIG,2051,0.1069315080287861
RE1,DEMTERNGSCKN_HIG,2052,0.08948170182381873
RE1,DEMTERNGSCKN_HIG,2053,0.07306487130710773
RE1,DEMTERNGSCKN_HIG,2054,0.0580717036964934
RE1,DEMTERNGSCKN_LOW,2022,14.28259723411722
RE1,DEMTERNGSCKN_LOW,2023,15.72315528564993
RE1,DEMTERNGSCKN_LOW,2024,16.05502404359567
RE1,DEMTERNGSCKN_LOW,2025,16.0543475004587
RE1,DEMTERNGSCKN_LOW,2026,16.05295948704433
RE1,DEMTERNGSCKN_LOW,2027,16.04988725783127
RE1,DEMTERNGSCKN_LOW,2028,16.04392348825284
RE1,DEMTERNGSCKN_LOW,2029,16.03338879765637
RE1,DEMTERNGSCKN_LOW,2030,16.01605769845344
RE1,DEMTERNGSCKN_LOW,2031,15.98908974613206
RE1,DEMTERNGSCKN_LOW,2032,15.94896938764355
RE1,DEMTERNGSCKN_LOW,2033,15.89145947721561
RE1,DEMTERNGSCKN_LOW,2034,15.81157517454579
RE1,DEMTERNGSCKN_LOW,2035,15.70358688416728
RE1,DEMTERNGSCKN_LOW,2036,15.5610628833697
RE1,DEMTERNGSCKN_LOW,2037,15.37696406189318
RE1,DEMTERNGSCKN_LOW,2038,15.14380437095096
RE1,DEMTERNGSCKN_LOW,2039,14.85389061361664
RE1,DEMTERNGSCKN_LOW,2040,14.49965341791147
RE1,DEMTERNGSCKN_LOW,2041,14.07407682700135
RE1,DEMTERNGSCKN_LOW,2042,13.57122612212916
RE1,DEMTERNGSCKN_LOW,2043,12.98686164490176
RE1,DEMTERNGSCKN_LOW,2044,12.31911033971742
RE1,DEMTERNGSCKN_LOW,2045,11.56914713629225
RE1,DEMTERNGSCKN_LOW,2046,10.74181697525372
RE1,DEMTERNGSCKN_LOW,2047,9.846108595853316
RE1,DEMTERNGSCKN_LOW,2048,8.895378081109284
RE1,DEMTERNGSCKN_LOW,2049,7.907219701581859
RE1,DEMTERNGSCKN_LOW,2050,6.902900042760729
RE1,DEMTERNGSCKN_LOW,2051,5.906313273152044
RE1,DEMTERNGSCKN_LOW,2052,4.942481153861399
RE1,DEMTERNGSCKN_LOW,2053,4.035704977490304
RE1,DEMTERNGSCKN_LOW,2054,3.207564175049495
RE1,DEMTRADSLBOT,2022,0.6623916234130154
RE1,DEMTRADSLBOT,2023,0.6734998159182543
RE1,DEMTRADSLBOT,2024,0.6816710436616512
RE1,DEMTRADSLBOT,2025,0.6816710436616512
RE1,DEMTRADSLBOT,2026,0.6816710436616512
RE1,DEMTRADSLBOT,2027,0.6816710436616512
RE1,DEMTRADSLBOT,2028,0.6816710436616512
RE1,DEMTRADSLBOT,2029,0.6816710436616512
RE1,DEMTRADSLBOT,2030,0.6816710436616512
RE1,DEMTRADSLBOT,2031,0.6816710436616512
RE1,DEMTRADSLBOT,2032,0.6816710436616512
RE1,DEMTRADSLBOT,2033,0.6816710436616512
RE1,DEMTRADSLBOT,2034,0.6816710436616512
RE1,DEMTRADSLBOT,2035,0.6816710436616512
RE1,DEMTRADSLBOT,2036,0.6816710436616512
RE1,DEMTRADSLBOT,2037,0.6816710436616512
RE1,DEMTRADSLBOT,2038,0.6816710436616512
RE1,DEMTRADSLBOT,2039,0.6816710436616512
RE1,DEMTRADSLBOT,2040,0.6816710436616512
RE1,DEMTRADSLBOT,2041,0.6816710436616512
RE1,DEMTRADSLBOT,2042,0.6816710436616512
RE1,DEMTRADSLBOT,2043,0.6816710436616512
RE1,DEMTRADSLBOT,2044,0.6816710436616512
RE1,DEMTRADSLBOT,2045,0.6816710436616512
RE1,DEMTRADSLBOT,2046,0.6816710436616512
RE1,DEMTRADSLBOT,2047,0.6816710436616512
RE1,DEMTRADSLBOT,2048,0.6816710436616512
RE1,DEMTRADSLBOT,2049,0.6816710436616512
RE1,DEMTRADSLBOT,2050,0.6816710436616512
RE1,DEMTRADSLBOT,2051,0.6816710436616512
RE1,DEMTRADSLBOT,2052,0.6816710436616512
RE1,DEMTRADSLBOT,2053,0.6816710436616512
RE1,DEMTRADSLBOT,2054,0.6816710436616512
RE1,DEMTRADSLBUS_ART,2022,0.0
RE1,DEMTRADSLBUS_ART,2023,0.0
RE1,DEMTRADSLBUS_ART,2024,0.0
RE1,DEMTRADSLBUS_ART,2025,0.0
RE1,DEMTRADSLBUS_ART,2026,0.0
RE1,DEMTRADSLBUS_ART,2027,0.0
RE1,DEMTRADSLBUS_ART,2028,0.0
RE1,DEMTRADSLBUS_ART,2029,0.0
RE1,DEMTRADSLBUS_ART,2030,0.0
RE1,DEMTRADSLBUS_ART,2031,0.0
RE1,DEMTRADSLBUS_ART,2032,0.0
RE1,DEMTRADSLBUS_ART,2033,0.0
RE1,DEMTRADSLBUS_ART,2034,0.0
RE1,DEMTRADSLBUS_ART,2035,0.0
RE1,DEMTRADSLBUS_ART,2036,0.0
RE1,DEMTRADSLBUS_ART,2037,0.0
RE1,DEMTRADSLBUS_ART,2038,0.0
RE1,DEMTRADSLBUS_ART,2039,0.0
RE1,DEMTRADSLBUS_ART,2040,0.0
RE1,DEMTRADSLBUS_ART,2041,0.0
RE1,DEMTRADSLBUS_ART,2042,0.0
RE1,DEMTRADSLBUS_ART,2043,0.0
RE1,DEMTRADSLBUS_ART,2044,0.0
RE1,DEMTRADSLBUS_ART,2045,0.0
RE1,DEMTRADSLBUS_ART,2046,0.0
RE1,DEMTRADSLBUS_ART,2047,0.0
RE1,DEMTRADSLBUS_ART,2048,0.0
RE1,DEMTRADSLBUS_ART,2049,0.0
RE1,DEMTRADSLBUS_ART,2050,0.0
RE1,DEMTRADSLBUS_ART,2051,0.0
RE1,DEMTRADSLBUS_ART,2052,0.0
RE1,DEMTRADSLBUS_ART,2053,0.0
RE1,DEMTRADSLBUS_ART,2054,0.0
RE1,DEMTRADSLBUS_BIA,2022,0.0
RE1,DEMTRADSLBUS_BIA,2023,0.0
RE1,DEMTRADSLBUS_BIA,2024,0.0
RE1,DEMTRADSLBUS_BIA,2025,0.0
RE1,DEMTRADSLBUS_BIA,2026,0.0
RE1,DEMTRADSLBUS_BIA,2027,0.0
RE1,DEMTRADSLBUS_BIA,2028,0.0
RE1,DEMTRADSLBUS_BIA,2029,0.0
RE1,DEMTRADSLBUS_BIA,2030,0.0
RE1,DEMTRADSLBUS_BIA,2031,0.0
RE1,DEMTRADSLBUS_BIA,2032,0.0
RE1,DEMTRADSLBUS_BIA,2033,0.0
RE1,DEMTRADSLBUS_BIA,2034,0.0
RE1,DEMTRADSLBUS_BIA,2035,0.0
RE1,DEMTRADSLBUS_BIA,2036,0.0
RE1,DEMTRADSLBUS_BIA,2037,0.0
RE1,DEMTRADSLBUS_BIA,2038,0.0
RE1,DEMTRADSLBUS_BIA,2039,0.0
RE1,DEMTRADSLBUS_BIA,2040,0.0
RE1,DEMTRADSLBUS_BIA,2041,0.0
RE1,DEMTRADSLBUS_BIA,2042,0.0
RE1,DEMTRADSLBUS_BIA,2043,0.0
RE1,DEMTRADSLBUS_BIA,2044,0.0
RE1,DEMTRADSLBUS_BIA,2045,0.0
RE1,DEMTRADSLBUS_BIA,2046,0.0
RE1,DEMTRADSLBUS_BIA,2047,0.0
RE1,DEMTRADSLBUS_BIA,2048,0.0
RE1,DEMTRADSLBUS_BIA,2049,0.0
RE1,DEMTRADSLBUS_BIA,2050,0.0
RE1,DEMTRADSLBUS_BIA,2051,0.0
RE1,DEMTRADSLBUS_BIA,2052,0.0
RE1,DEMTRADSLBUS_BIA,2053,0.0
RE1,DEMTRADSLBUS_BIA,2054,0.0
RE1,DEMTRADSLBUS_IMU,2022,12.53462778798282
RE1,DEMTRADSLBUS_IMU,2023,14.95864384451405
RE1,DEMTRADSLBUS_IMU,2024,18.75581056144027
RE1,DEMTRADSLBUS_IMU,2025,18.74411260280505
RE1,DEMTRADSLBUS_IMU,2026,18.72013406159912
RE1,DEMTRADSLBUS_IMU,2027,18.66716163563647
RE1,DEMTRADSLBUS_IMU,2028,18.56473105802387
RE1,DEMTRADSLBUS_IMU,2029,18.38507222819741
RE1,DEMTRADSLBUS_IMU,2030,18.09303069983872
RE1,DEMTRADSLBUS_IMU,2031,17.6471907483865
RE1,DEMTRADSLBUS_IMU,2032,17.0028345225338
RE1,DEMTRADSLBUS_IMU,2033,16.11737272628763
RE1,DEMTRADSLBUS_IMU,2034,14.95859325801912
RE1,DEMTRADSLBUS_IMU,2035,13.51531654244287
RE1,DEMTRADSLBUS_IMU,2036,11.80873173045332
RE1,DEMTRADSLBUS_IMU,2037,9.901019751371923
RE1,DEMTRADSLBUS_IMU,2038,7.896561423068163
RE1,DEMTRADSLBUS_IMU,2039,5.931318935421642
RE1,DEMTRADSLBUS_IMU,2040,4.149097722786231
RE1,DEMTRADSLBUS_IMU,2041,2.669362741879473
RE1,DEMTRADSLBUS_IMU,2042,1.557658295739195
RE1,DEMTRADSLBUS_IMU,2043,0.8118420359802311
RE1,DEMTRADSLBUS_IMU,2044,0.37158904326869
RE1,DEMTRADSLBUS_IMU,2045,0.1466239839217164
RE1,DEMTRADSLBUS_IMU,2046,0.04887944954183328
RE1,DEMTRADSLBUS_IMU,2047,0.01346769094459213
RE1,DEMTRADSLBUS_IMU,2048,0.002994870739718809
RE1,DEMTRADSLBUS_IMU,2049,0.0005238755515031813
RE1,DEMTRADSLBUS_IMU,2050,7.01185579163728e-05
RE1,DEMTRADSLBUS_IMU,2051,6.970970437890742e-06
RE1,DEMTRADSLBUS_IMU,2052,4.986418607913369e-07
RE1,DEMTRADSLBUS_IMU,2053,2.480542626314021e-08
RE1,DEMTRADSLBUS_IMU,2054,8.275800967458784e-10
RE1,DEMTRADSLBUS_URB,2022,0.0
RE1,DEMTRADSLBUS_URB,2023,0.0
RE1,DEMTRADSLBUS_URB,2024,0.0
RE1,DEMTRADSLBUS_URB,2025,0.0
RE1,DEMTRADSLBUS_URB,2026,0.0
RE1,DEMTRADSLBUS_URB,2027,0.0
RE1,DEMTRADSLBUS_URB,2028,0.0
RE1,DEMTRADSLBUS_URB,2029,0.0
RE1,DEMTRADSLBUS_URB,2030,0.0
RE1,DEMTRADSLBUS_URB,2031,0.0
RE1,DEMTRADSLBUS_URB,2032,0.0
RE1,DEMTRADSLBUS_URB,2033,0.0
RE1,DEMTRADSLBUS_URB,2034,0.0
RE1,DEMTRADSLBUS_URB,2035,0.0
RE1,DEMTRADSLBUS_URB,2036,0.0
RE1,DEMTRADSLBUS_URB,2037,0.0
RE1,DEMTRADSLBUS_URB,2038,0.0
RE1,DEMTRADSLBUS_URB,2039,0.0
RE1,DEMTRADSLBUS_URB,2040,0.0
RE1,DEMTRADSLBUS_URB,2041,0.0
RE1,DEMTRADSLBUS_URB,2042,0.0
RE1,DEMTRADSLBUS_URB,2043,0.0
RE1,DEMTRADSLBUS_URB,2044,0.0
RE1,DEMTRADSLBUS_URB,2045,0.0
RE1,DEMTRADSLBUS_URB,2046,0.0
RE1,DEMTRADSLBUS_URB,2047,0.0
RE1,DEMTRADSLBUS_URB,2048,0.0
RE1,DEMTRADSLBUS_URB,2049,0.0
RE1,DEMTRADSLBUS_URB,2050,0.0
RE1,DEMTRADSLBUS_URB,2051,0.0
RE1,DEMTRADSLBUS_URB,2052,0.0
RE1,DEMTRADSLBUS_URB,2053,0.0
RE1,DEMTRADSLBUS_URB,2054,0.0
RE1,DEMTRADSLFWD,2022,4.118409049246146
RE1,DEMTRADSLFWD,2023,4.093338776139235
RE1,DEMTRADSLFWD,2024,3.878929382514356
RE1,DEMTRADSLFWD,2025,3.876510102616165
RE1,DEMTRADSLFWD,2026,3.871551049114913
RE1,DEMTRADSLFWD,2027,3.860595708163025
RE1,DEMTRADSLFWD,2028,3.839411820862187
RE1,DEMTRADSLFWD,2029,3.802256193193675
RE1,DEMTRADSLFWD,2030,3.74185845876604
RE1,DEMTRADSLFWD,2031,3.649653342814283
RE1,DEMTRADSLFWD,2032,3.51639265066352
RE1,DEMTRADSLFWD,2033,3.333268398725594
RE1,DEMTRADSLFWD,2034,3.093618733220766
RE1,DEMTRADSLFWD,2035,2.795131582222499
RE1,DEMTRADSLFWD,2036,2.442189119443077
RE1,DEMTRADSLFWD,2037,2.047651116151088
RE1,DEMTRADSLFWD,2038,1.633104793014947
RE1,DEMTRADSLFWD,2039,1.226668781938478
RE1,DEMTRADSLFWD,2040,0.8580837930260606
RE1,DEMTRADSLFWD,2041,0.5520566300318966
RE1,DEMTRADSLFWD,2042,0.3221426507517481
RE1,DEMTRADSLFWD,2043,0.1678987915242718
RE1,DEMTRADSLFWD,2044,0.07684912648449337
RE1,DEMTRADSLFWD,2045,0.0303236203816501
RE1,DEMTRADSLFWD,2046,0.01010886372560939
RE1,DEMTRADSLFWD,2047,0.002785282030252569
RE1,DEMTRADSLFWD,2048,0.0006193756367432476
RE1,DEMTRADSLFWD,2049,0.0001083438256560509
RE1,DEMTRADSLFWD,2050,1.450136925143198e-05
RE1,DEMTRADSLFWD,2051,1.441681337503174e-06
RE1,DEMTRADSLFWD,2052,1.031251919952545e-07
RE1,DEMTRADSLFWD,2053,5.130063372238452e-09
RE1,DEMTRADSLFWD,2054,1.711536136034184e-10
RE1,DEMTRADSLLDV,2022,1.306239091707015
RE1,DEMTRADSLLDV,2023,1.252823325893168
RE1,DEMTRADSLLDV,2024,1.146996021884936
RE1,DEMTRADSLLDV,2025,1.146740386382712
RE1,DEMTRADSLLDV,2026,1.146216062601896
RE1,DEMTRADSLLDV,2027,1.145056215590318
RE1,DEMTRADSLLDV,2028,1.142807453305015
RE1,DEMTRADSLLDV,2029,1.138843882278279
RE1,DEMTRADSLLDV,2030,1.132347491568321
RE1,DEMTRADSLLDV,2031,1.122298610101929
RE1,DEMTRADSLLDV,2032,1.107482766694907
RE1,DEMTRADSLLDV,2033,1.086522219040446
RE1,DEMTRADSLLDV,2034,1.057941802437439
RE1,DEMTRADSLLDV,2035,1.0202786339427
RE1,DEMTRADSLLDV,2036,0.9722422679540557
RE1,DEMTRADSLLDV,2037,0.9129246218161984
RE1,DEMTRADSLLDV,2038,0.8420462009329656
RE1,DEMTRADSLLDV,2039,0.7602069828291123
RE1,DEMTRADSLLDV,2040,0.6690895162839791
RE1,DEMTRADSLLDV,2041,0.5715448835206071
RE1,DEMTRADSLLDV,2042,0.4714894418672795
RE1,DEMTRADSLLDV,2043,0.3735631273145164
RE1,DEMTRADSLLDV,2044,0.2825550608200595
RE1,DEMTRADSLLDV,2045,0.2026825319324853
RE1,DEMTRADSLLDV,2046,0.1368894137149349
RE1,DEMTRADSLLDV,2047,0.08636894739287797
RE1,DEMTRADSLLDV,2048,0.05047657918601203
RE1,DEMTRADSLLDV,2049,0.02707584900699505
RE1,DEMTRADSLLDV,2050,0.01319906582879622
RE1,DEMTRADSLLDV,2051,0.005785816748030409
RE1,DEMTRADSLLDV,2052,0.002254804878320553
RE1,DEMTRADSLLDV,2053,0.0007717882949485421
RE1,DEMTRADSLLDV,2054,0.0002290354929634148
RE1,DEMTRADSLMIC,2022,1.94494266502817
RE1,DEMTRADSLMIC,2023,2.310034208815513
RE1,DEMTRADSLMIC,2024,2.360323788877695
RE1,DEMTRADSLMIC,2025,2.350630481014455
RE1,DEMTRADSLMIC,2026,2.330866610300907
RE1,DEMTRADSLMIC,2027,2.287704260305388
RE1,DEMTRADSLMIC,2028,2.206163964712566
RE1,DEMTRADSLMIC,2029,2.069095521193864
RE1,DEMTRADSLMIC,2030,1.861707580872572
RE1,DEMTRADSLMIC,2031,1.579204495341467
RE1,DEMTRADSLMIC,2032,1.235617641692973
RE1,DEMTRADSLMIC,2033,0.8683145964359879
RE1,DEMTRADSLMIC,2034,0.5308135309866872
RE1,DEMTRADSLMIC,2035,0.2718254287988779
RE1,DEMTRADSLMIC,2036,0.1115860759606881
RE1,DEMTRADSLMIC,2037,0.03490263464914078
RE1,DEMTRADSLMIC,2038,0.00784963669302504
RE1,DEMTRADSLMIC,2039,0.001188633213912442
RE1,DEMTRADSLMIC,2040,0.0001125528427102695
RE1,DEMTRADSLMIC,2041,6.136331338686823e-06
RE1,DEMTRADSLMIC,2042,1.757352687355838e-07
RE1,DEMTRADSLMIC,2043,2.388757826547548e-09
RE1,DEMTRADSLMIC,2044,1.378527438908881e-11
RE1,DEMTRADSLMIC,2045,2.989153121181234e-14
RE1,DEMTRADSLMIC,2046,2.131633840547069e-17
RE1,DEMTRADSLMIC,2047,4.32538161092821e-21
RE1,DEMTRADSLMIC,2048,2.134830111944482e-25
RE1,DEMTRADSLMIC,2049,2.163533023795346e-30
RE1,DEMTRADSLMIC,2050,3.751495506482452e-36
RE1,DEMTRADSLMIC,2051,9.14957844871649e-43
RE1,DEMTRADSLMIC,2052,2.544455123641605e-50
RE1,DEMTRADSLMIC,2053,6.446792172116544e-59
RE1,DEMTRADSLMIC,2054,1.171421471636874e-68
RE1,DEMTRADSLSHP,2022,7.038883413953106
RE1,DEMTRADSLSHP,2023,7.269591325241031
RE1,DEMTRADSLSHP,2024,7.51642635523678
RE1,DEMTRADSLSHP,2025,7.78482023701796
RE1,DEMTRADSLSHP,2026,8.100263283070575
RE1,DEMTRADSLSHP,2027,8.382653825907306
RE1,DEMTRADSLSHP,2028,8.653701297050661
RE1,DEMTRADSLSHP,2029,8.930439930986278
RE1,DEMTRADSLSHP,2030,9.209114211756564
RE1,DEMTRADSLSHP,2031,9.489954234153375
RE1,DEMTRADSLSHP,2032,9.778591058791516
RE1,DEMTRADSLSHP,2033,10.07462069603404
RE1,DEMTRADSLSHP,2034,10.37916331941281
RE1,DEMTRADSLSHP,2035,10.69354321868129
RE1,DEMTRADSLSHP,2036,11.01344770073401
RE1,DEMTRADSLSHP,2037,11.34279780296456
RE1,DEMTRADSLSHP,2038,11.68162261776813
RE1,DEMTRADSLSHP,2039,12.0301700472422
RE1,DEMTRADSLSHP,2040,12.38895306286784
RE1,DEMTRADSLSHP,2041,12.75846436784114
RE1,DEMTRADSLSHP,2042,13.13910557542917
RE1,DEMTRADSLSHP,2043,13.53121685137072
RE1,DEMTRADSLSHP,2044,13.93514879002573
RE1,DEMTRADSLSHP,2045,14.35126289584757
RE1,DEMTRADSLSHP,2046,14.77993200177347
RE1,DEMTRADSLSHP,2047,15.22154064040299
RE1,DEMTRADSLSHP,2048,15.67648540924394
RE1,DEMTRADSLSHP,2049,16.14517535187194
RE1,DEMTRADSLSHP,2050,16.62803235811525
RE1,DEMTRADSLSHP,2051,16.62803235811525
RE1,DEMTRADSLSHP,2052,16.62803235811525
RE1,DEMTRADSLSHP,2053,16.62803235811525
RE1,DEMTRADSLSHP,2054,16.62803235811525
RE1,DEMTRADSLSTT,2022,31.32114369441926
RE1,DEMTRADSLSTT,2023,30.30644178612626
RE1,DEMTRADSLSTT,2024,27.96860402840944
RE1,DEMTRADSLSTT,2025,27.67592057047346
RE1,DEMTRADSLSTT,2026,27.60815219801623
RE1,DEMTRADSLSTT,2027,27.55010733785088
RE1,DEMTRADSLSTT,2028,27.49686774824024
RE1,DEMTRADSLSTT,2029,27.44730332631322
RE1,DEMTRADSLSTT,2030,27.4006943867263
RE1,DEMTRADSLSTT,2031,27.35934496343802
RE1,DEMTRADSLSTT,2032,27.32048710295903
RE1,DEMTRADSLSTT,2033,27.2879108827332
RE1,DEMTRADSLSTT,2034,27.2559531960693
RE1,DEMTRADSLSTT,2035,27.22521136360958
RE1,DEMTRADSLSTT,2036,27.19031470302816
RE1,DEMTRADSLSTT,2037,27.1539570355266
RE1,DEMTRADSLSTT,2038,27.11881759054055
RE1,DEMTRADSLSTT,2039,27.08278471021714
RE1,DEMTRADSLSTT,2040,27.04068344219689
RE1,DEMTRADSLSTT,2041,26.98785164173592
RE1,DEMTRADSLSTT,2042,26.94385614717918
RE1,DEMTRADSLSTT,2043,26.8895843192074
RE1,DEMTRADSLSTT,2044,26.84464364962945
RE1,DEMTRADSLSTT,2045,26.80250095336368
RE1,DEMTRADSLSTT,2046,26.7550669828242
RE1,DEMTRADSLSTT,2047,26.70539196806117
RE1,DEMTRADSLSTT,2048,26.65894267172808
RE1,DEMTRADSLSTT,2049,26.60363423865772
RE1,DEMTRADSLSTT,2050,26.52944417171397
RE1,DEMTRADSLSTT,2051,26.4447208704158
RE1,DEMTRADSLSTT,2052,26.35299639607079
RE1,DEMTRADSLSTT,2053,26.24131677355609
RE1,DEMTRADSLSTT,2054,26.09014956001963
RE1,DEMTRADSLTAX,2022,0.1100573834026963
RE1,DEMTRADSLTAX,2023,0.1054049213123888
RE1,DEMTRADSLTAX,2024,0.09627789592983689
RE1,DEMTRADSLTAX,2025,0.09625643809754325
RE1,DEMTRADSLTAX,2026,0.09621242679372027
RE1,DEMTRADSLTAX,2027,0.09611507019636108
RE1,DEMTRADSLTAX,2028,0.09592631095295978
RE1,DEMTRADSLTAX,2029,0.09559361208431372
RE1,DEMTRADSLTAX,2030,0.09504831042959218
RE1,DEMTRADSLTAX,2031,0.09420481564358359
RE1,DEMTRADSLTAX,2032,0.0929611860211287
RE1,DEMTRADSLTAX,2033,0.09120177501428643
RE1,DEMTRADSLTAX,2034,0.08880275852004113
RE1,DEMTRADSLTAX,2035,0.08564134335596299
RE1,DEMTRADSLTAX,2036,0.08160921058718323
RE1,DEMTRADSLTAX,2037,0.07663013650785185
RE1,DEMTRADSLTAX,2038,0.0706806605730943
RE1,DEMTRADSLTAX,2039,0.06381114439932987
RE1,DEMTRADSLTAX,2040,0.05616281973730871
RE1,DEMTRADSLTAX,2041,0.04797500406705679
RE1,DEMTRADSLTAX,2042,0.03957643317848285
RE1,DEMTRADSLTAX,2043,0.03135657945500655
RE1,DEMTRADSLTAX,2044,0.02371743774261447
RE1,DEMTRADSLTAX,2045,0.01701300383250087
RE1,DEMTRADSLTAX,2046,0.0114903839909438
RE1,DEMTRADSLTAX,2047,0.007249737897953449
RE1,DEMTRADSLTAX,2048,0.004236962243145913
RE1,DEMTRADSLTAX,2049,0.00227272433658794
RE1,DEMTRADSLTAX,2050,0.001107918651842883
RE1,DEMTRADSLTAX,2051,0.0004856566649817559
RE1,DEMTRADSLTAX,2052,0.0001892664536536749
RE1,DEMTRADSLTAX,2053,6.478327014492141e-05
RE1,DEMTRADSLTAX,2054,1.922504955120294e-05
RE1,DEMTRADSLTCK_C2P,2022,0.0
RE1,DEMTRADSLTCK_C2P,2023,0.0
RE1,DEMTRADSLTCK_C2P,2024,0.0
RE1,DEMTRADSLTCK_C2P,2025,0.0
RE1,DEMTRADSLTCK_C2P,2026,0.0
RE1,DEMTRADSLTCK_C2P,2027,0.0
RE1,DEMTRADSLTCK_C2P,2028,0.0
RE1,DEMTRADSLTCK_C2P,2029,0.0
RE1,DEMTRADSLTCK_C2P,2030,0.0
RE1,DEMTRADSLTCK_C2P,2031,0.0
RE1,DEMTRADSLTCK_C2P,2032,0.0
RE1,DEMTRADSLTCK_C2P,2033,0.0
RE1,DEMTRADSLTCK_C2P,2034,0.0
RE1,DEMTRADSLTCK_C2P,2035,0.0
RE1,DEMTRADSLTCK_C2P,2036,0.0
RE1,DEMTRADSLTCK_C2P,2037,0.0
RE1,DEMTRADSLTCK_C2P,2038,0.0
RE1,DEMTRADSLTCK_C2P,2039,0.0
RE1,DEMTRADSLTCK_C2P,2040,0.0
RE1,DEMTRADSLTCK_C2P,2041,0.0
RE1,DEMTRADSLTCK_C2P,2042,0.0
RE1,DEMTRADSLTCK_C2P,2043,0.0
RE1,DEMTRADSLTCK_C2P,2044,0.0
RE1,DEMTRADSLTCK_C2P,2045,0.0
RE1,DEMTRADSLTCK_C2P,2046,0.0
RE1,DEMTRADSLTCK_C2P,2047,0.0
RE1,DEMTRADSLTCK_C2P,2048,0.0
RE1,DEMTRADSLTCK_C2P,2049,0.0
RE1,DEMTRADSLTCK_C2P,2050,0.0
RE1,DEMTRADSLTCK_C2P,2051,0.0
RE1,DEMTRADSLTCK_C2P,2052,0.0
RE1,DEMTRADSLTCK_C2P,2053,0.0
RE1,DEMTRADSLTCK_C2P,2054,0.0
RE1,DEMTRADSLTCK_CSG,2022,15.95990673126988
RE1,DEMTRADSLTCK_CSG,2023,15.57031856607391
RE1,DEMTRADSLTCK_CSG,2024,14.4881623654066
RE1,DEMTRADSLTCK_CSG,2025,14.33654788168271
RE1,DEMTRADSLTCK_CSG,2026,14.30144283380823
RE1,DEMTRADSLTCK_CSG,2027,14.27137471322207
RE1,DEMTRADSLTCK_CSG,2028,14.24379579588451
RE1,DEMTRADSLTCK_CSG,2029,14.21812067131637
RE1,DEMTRADSLTCK_CSG,2030,14.19397653156135
RE1,DEMTRADSLTCK_CSG,2031,14.1725569012606
RE1,DEMTRADSLTCK_CSG,2032,14.15242793839853
RE1,DEMTRADSLTCK_CSG,2033,14.13555296074846
RE1,DEMTRADSLTCK_CSG,2034,14.11899839289305
RE1,DEMTRADSLTCK_CSG,2035,14.10307365601187
RE1,DEMTRADSLTCK_CSG,2036,14.08499665495737
RE1,DEMTRADSLTCK_CSG,2037,14.06616283009235
RE1,DEMTRADSLTCK_CSG,2038,14.04796006302286
RE1,DEMTRADSLTCK_CSG,2039,14.02929448285702
RE1,DEMTRADSLTCK_CSG,2040,14.00748538554751
RE1,DEMTRADSLTCK_CSG,2041,13.98011770919305
RE1,DEMTRADSLTCK_CSG,2042,13.95732737372129
RE1,DEMTRADSLTCK_CSG,2043,13.9292137412095
RE1,DEMTRADSLTCK_CSG,2044,13.90593379069806
RE1,DEMTRADSLTCK_CSG,2045,13.88410323292713
RE1,DEMTRADSLTCK_CSG,2046,13.85953171458771
RE1,DEMTRADSLTCK_CSG,2047,13.83379930124811
RE1,DEMTRADSLTCK_CSG,2048,13.80973785912718
RE1,DEMTRADSLTCK_CSG,2049,13.78108724940474
RE1,DEMTRADSLTCK_CSG,2050,13.74265566609476
RE1,DEMTRADSLTCK_CSG,2051,13.69876770715
RE1,DEMTRADSLTCK_CSG,2052,13.65125303406005
RE1,DEMTRADSLTCK_CSG,2053,13.59340129064602
RE1,DEMTRADSLTCK_CSG,2054,13.51509437436883
RE1,DEMTRAELCBOT,2022,0.0
RE1,DEMTRAELCBOT,2023,0.008876359294392532
RE1,DEMTRAELCBOT,2024,0.01607968149436775
RE1,DEMTRAELCBOT,2025,0.01607968149436775
RE1,DEMTRAELCBOT,2026,0.01607968149436775
RE1,DEMTRAELCBOT,2027,0.01607968149436775
RE1,DEMTRAELCBOT,2028,0.01607968149436775
RE1,DEMTRAELCBOT,2029,0.01607968149436775
RE1,DEMTRAELCBOT,2030,0.01607968149436775
RE1,DEMTRAELCBOT,2031,0.01607968149436775
RE1,DEMTRAELCBOT,2032,0.01607968149436775
RE1,DEMTRAELCBOT,2033,0.01607968149436775
RE1,DEMTRAELCBOT,2034,0.01607968149436775
RE1,DEMTRAELCBOT,2035,0.01607968149436775
RE1,DEMTRAELCBOT,2036,0.01607968149436775
RE1,DEMTRAELCBOT,2037,0.01607968149436775
RE1,DEMTRAELCBOT,2038,0.01607968149436775
RE1,DEMTRAELCBOT,2039,0.01607968149436775
RE1,DEMTRAELCBOT,2040,0.01607968149436775
RE1,DEMTRAELCBOT,2041,0.01607968149436775
RE1,DEMTRAELCBOT,2042,0.01607968149436775
RE1,DEMTRAELCBOT,2043,0.01607968149436775
RE1,DEMTRAELCBOT,2044,0.01607968149436775
RE1,DEMTRAELCBOT,2045,0.01607968149436775
RE1,DEMTRAELCBOT,2046,0.01607968149436775
RE1,DEMTRAELCBOT,2047,0.01607968149436775
RE1,DEMTRAELCBOT,2048,0.01607968149436775
RE1,DEMTRAELCBOT,2049,0.01607968149436775
RE1,DEMTRAELCBOT,2050,0.01607968149436775
RE1,DEMTRAELCBOT,2051,0.01607968149436775
RE1,DEMTRAELCBOT,2052,0.01607968149436775
RE1,DEMTRAELCBOT,2053,0.01607968149436775
RE1,DEMTRAELCBOT,2054,0.01607968149436775
RE1,DEMTRAELCBUS_ART,2022,0.0
RE1,DEMTRAELCBUS_ART,2023,0.0
RE1,DEMTRAELCBUS_ART,2024,0.0
RE1,DEMTRAELCBUS_ART,2025,0.0
RE1,DEMTRAELCBUS_ART,2026,0.0
RE1,DEMTRAELCBUS_ART,2027,0.0
RE1,DEMTRAELCBUS_ART,2028,0.0
RE1,DEMTRAELCBUS_ART,2029,0.0
RE1,DEMTRAELCBUS_ART,2030,0.0
RE1,DEMTRAELCBUS_ART,2031,0.0
RE1,DEMTRAELCBUS_ART,2032,0.0
RE1,DEMTRAELCBUS_ART,2033,0.0
RE1,DEMTRAELCBUS_ART,2034,0.0
RE1,DEMTRAELCBUS_ART,2035,0.0
RE1,DEMTRAELCBUS_ART,2036,0.0
RE1,DEMTRAELCBUS_ART,2037,0.0
RE1,DEMTRAELCBUS_ART,2038,0.0
RE1,DEMTRAELCBUS_ART,2039,0.0
RE1,DEMTRAELCBUS_ART,2040,0.0
RE1,DEMTRAELCBUS_ART,2041,0.0
RE1,DEMTRAELCBUS_ART,2042,0.0
RE1,DEMTRAELCBUS_ART,2043,0.0
RE1,DEMTRAELCBUS_ART,2044,0.0
RE1,DEMTRAELCBUS_ART,2045,0.0
RE1,DEMTRAELCBUS_ART,2046,0.0
RE1,DEMTRAELCBUS_ART,2047,0.0
RE1,DEMTRAELCBUS_ART,2048,0.0
RE1,DEMTRAELCBUS_ART,2049,0.0
RE1,DEMTRAELCBUS_ART,2050,0.0
RE1,DEMTRAELCBUS_ART,2051,0.0
RE1,DEMTRAELCBUS_ART,2052,0.0
RE1,DEMTRAELCBUS_ART,2053,0.0
RE1,DEMTRAELCBUS_ART,2054,0.0
RE1,DEMTRAELCBUS_BIA,2022,0.0
RE1,DEMTRAELCBUS_BIA,2023,0.0
RE1,DEMTRAELCBUS_BIA,2024,0.0
RE1,DEMTRAELCBUS_BIA,2025,0.0
RE1,DEMTRAELCBUS_BIA,2026,0.0
RE1,DEMTRAELCBUS_BIA,2027,0.0
RE1,DEMTRAELCBUS_BIA,2028,0.0
RE1,DEMTRAELCBUS_BIA,2029,0.0
RE1,DEMTRAELCBUS_BIA,2030,0.0
RE1,DEMTRAELCBUS_BIA,2031,0.0
RE1,DEMTRAELCBUS_BIA,2032,0.0
RE1,DEMTRAELCBUS_BIA,2033,0.0
RE1,DEMTRAELCBUS_BIA,2034,0.0
RE1,DEMTRAELCBUS_BIA,2035,0.0
RE1,DEMTRAELCBUS_BIA,2036,0.0
RE1,DEMTRAELCBUS_BIA,2037,0.0
RE1,DEMTRAELCBUS_BIA,2038,0.0
RE1,DEMTRAELCBUS_BIA,2039,0.0
RE1,DEMTRAELCBUS_BIA,2040,0.0
RE1,DEMTRAELCBUS_BIA,2041,0.0
RE1,DEMTRAELCBUS_BIA,2042,0.0
RE1,DEMTRAELCBUS_BIA,2043,0.0
RE1,DEMTRAELCBUS_BIA,2044,0.0
RE1,DEMTRAELCBUS_BIA,2045,0.0
RE1,DEMTRAELCBUS_BIA,2046,0.0
RE1,DEMTRAELCBUS_BIA,2047,0.0
RE1,DEMTRAELCBUS_BIA,2048,0.0
RE1,DEMTRAELCBUS_BIA,2049,0.0
RE1,DEMTRAELCBUS_BIA,2050,0.0
RE1,DEMTRAELCBUS_BIA,2051,0.0
RE1,DEMTRAELCBUS_BIA,2052,0.0
RE1,DEMTRAELCBUS_BIA,2053,0.0
RE1,DEMTRAELCBUS_BIA,2054,0.0
RE1,DEMTRAELCBUS_IMU,2022,0.1352065724963359
RE1,DEMTRAELCBUS_IMU,2023,0.2206617277463084
RE1,DEMTRAELCBUS_IMU,2024,0.2958249191028397
RE1,DEMTRAELCBUS_IMU,2025,0.2956404137381905
RE1,DEMTRAELCBUS_IMU,2026,0.2952622136071317
RE1,DEMTRAELCBUS_IMU,2027,0.294426709133798
RE1,DEMTRAELCBUS_IMU,2028,0.2928111288720631
RE1,DEMTRAELCBUS_IMU,2029,0.2899774705438653
RE1,DEMTRAELCBUS_IMU,2030,0.2853712627119845
RE1,DEMTRAELCBUS_IMU,2031,0.278339278296322
RE1,DEMTRAELCBUS_IMU,2032,0.2681762076168723
RE1,DEMTRAELCBUS_IMU,2033,0.2542103135071451
RE1,DEMTRAELCBUS_IMU,2034,0.2359335324885037
RE1,DEMTRAELCBUS_IMU,2035,0.2131695353671994
RE1,DEMTRAELCBUS_IMU,2036,0.186252526779639
RE1,DEMTRAELCBUS_IMU,2037,0.1561632517768563
RE1,DEMTRAELCBUS_IMU,2038,0.1245480506703498
RE1,DEMTRAELCBUS_IMU,2039,0.09355137910443415
RE1,DEMTRAELCBUS_IMU,2040,0.06544139983565499
RE1,DEMTRAELCBUS_IMU,2041,0.04210236686843518
RE1,DEMTRAELCBUS_IMU,2042,0.02456807386795925
RE1,DEMTRAELCBUS_IMU,2043,0.01280473077030771
RE1,DEMTRAELCBUS_IMU,2044,0.005860866332828891
RE1,DEMTRAELCBUS_IMU,2045,0.002312618163853274
RE1,DEMTRAELCBUS_IMU,2046,0.0007709482434329831
RE1,DEMTRAELCBUS_IMU,2047,0.0002124183634258286
RE1,DEMTRAELCBUS_IMU,2048,4.723642262212876e-05
RE1,DEMTRAELCBUS_IMU,2049,8.262796328407974e-06
RE1,DEMTRAELCBUS_IMU,2050,1.105940831257037e-06
RE1,DEMTRAELCBUS_IMU,2051,1.099492212880913e-07
RE1,DEMTRAELCBUS_IMU,2052,7.864799425579148e-09
RE1,DEMTRAELCBUS_IMU,2053,3.912421269966919e-10
RE1,DEMTRAELCBUS_IMU,2054,1.305295840822195e-11
RE1,DEMTRAELCBUS_URB,2022,0.0
RE1,DEMTRAELCBUS_URB,2023,0.0
RE1,DEMTRAELCBUS_URB,2024,0.0
RE1,DEMTRAELCBUS_URB,2025,0.0
RE1,DEMTRAELCBUS_URB,2026,0.0
RE1,DEMTRAELCBUS_URB,2027,0.0
RE1,DEMTRAELCBUS_URB,2028,0.0
RE1,DEMTRAELCBUS_URB,2029,0.0
RE1,DEMTRAELCBUS_URB,2030,0.0
RE1,DEMTRAELCBUS_URB,2031,0.0
RE1,DEMTRAELCBUS_URB,2032,0.0
RE1,DEMTRAELCBUS_URB,2033,0.0
RE1,DEMTRAELCBUS_URB,2034,0.0
RE1,DEMTRAELCBUS_URB,2035,0.0
RE1,DEMTRAELCBUS_URB,2036,0.0
RE1,DEMTRAELCBUS_URB,2037,0.0
RE1,DEMTRAELCBUS_URB,2038,0.0
RE1,DEMTRAELCBUS_URB,2039,0.0
RE1,DEMTRAELCBUS_URB,2040,0.0
RE1,DEMTRAELCBUS_URB,2041,0.0
RE1,DEMTRAELCBUS_URB,2042,0.0
RE1,DEMTRAELCBUS_URB,2043,0.0
RE1,DEMTRAELCBUS_URB,2044,0.0
RE1,DEMTRAELCBUS_URB,2045,0.0
RE1,DEMTRAELCBUS_URB,2046,0.0
RE1,DEMTRAELCBUS_URB,2047,0.0
RE1,DEMTRAELCBUS_URB,2048,0.0
RE1,DEMTRAELCBUS_URB,2049,0.0
RE1,DEMTRAELCBUS_URB,2050,0.0
RE1,DEMTRAELCBUS_URB,2051,0.0
RE1,DEMTRAELCBUS_URB,2052,0.0
RE1,DEMTRAELCBUS_URB,2053,0.0
RE1,DEMTRAELCBUS_URB,2054,0.0
RE1,DEMTRAELCFWD,2022,0.007221959464402747
RE1,DEMTRAELCFWD,2023,0.006487327692914057
RE1,DEMTRAELCFWD,2024,0.005126472830642527
RE1,DEMTRAELCFWD,2025,0.005123275460583741
RE1,DEMTRAELCFWD,2026,0.005116721473508217
RE1,DEMTRAELCFWD,2027,0.005102242669642014
RE1,DEMTRAELCFWD,2028,0.005074245608601232
RE1,DEMTRAELCFWD,2029,0.005025139967078924
RE1,DEMTRAELCFWD,2030,0.004945317079358567
RE1,DEMTRAELCFWD,2031,0.004823456902191195
RE1,DEMTRAELCFWD,2032,0.004647336831332706
RE1,DEMTRAELCFWD,2033,0.004405316054562857
RE1,DEMTRAELCFWD,2034,0.004088590128945023
RE1,DEMTRAELCFWD,2035,0.003694103372680172
RE1,DEMTRAELCFWD,2036,0.003227647356652901
RE1,DEMTRAELCFWD,2037,0.002706217818994943
RE1,DEMTRAELCFWD,2038,0.002158344874419025
RE1,DEMTRAELCFWD,2039,0.001621190685025753
RE1,DEMTRAELCFWD,2040,0.001134061184818826
RE1,DEMTRAELCFWD,2041,0.0007296093936621485
RE1,DEMTRAELCFWD,2042,0.0004257503511444473
RE1,DEMTRAELCFWD,2043,0.0002218984952205965
RE1,DEMTRAELCFWD,2044,0.0001015653857369259
RE1,DEMTRAELCFWD,2045,4.007632021196558e-05
RE1,DEMTRAELCFWD,2046,1.336008215865284e-05
RE1,DEMTRAELCFWD,2047,3.681086002269805e-06
RE1,DEMTRAELCFWD,2048,8.185795771481598e-07
RE1,DEMTRAELCFWD,2049,1.431894277574052e-07
RE1,DEMTRAELCFWD,2050,1.916530778046611e-08
RE1,DEMTRAELCFWD,2051,1.905355699557402e-09
RE1,DEMTRAELCFWD,2052,1.362923742055286e-10
RE1,DEMTRAELCFWD,2053,6.7799972373324e-12
RE1,DEMTRAELCFWD,2054,2.262001350061872e-13
RE1,DEMTRAELCLDV,2022,0.001509153343533323
RE1,DEMTRAELCLDV,2023,0.001400526372979359
RE1,DEMTRAELCLDV,2024,0.0011813399890342
RE1,DEMTRAELCLDV,2025,0.001181076699157311
RE1,DEMTRAELCLDV,2026,0.001180536675793968
RE1,DEMTRAELCLDV,2027,0.001179342100024047
RE1,DEMTRAELCLDV,2028,0.001177026004098018
RE1,DEMTRAELCLDV,2029,0.00117294375371186
RE1,DEMTRAELCLDV,2030,0.001166252844603517
RE1,DEMTRAELCLDV,2031,0.001155903074164205
RE1,DEMTRAELCLDV,2032,0.00114064360686525
RE1,DEMTRAELCLDV,2033,0.001119055447304261
RE1,DEMTRAELCLDV,2034,0.001089619260611212
RE1,DEMTRAELCLDV,2035,0.001050828361420952
RE1,DEMTRAELCLDV,2036,0.001001353664920251
RE1,DEMTRAELCLDV,2037,0.0009402598981582074
RE1,DEMTRAELCLDV,2038,0.0008672591977622652
RE1,DEMTRAELCLDV,2039,0.0007829695061044921
RE1,DEMTRAELCLDV,2040,0.0006891237517379177
RE1,DEMTRAELCLDV,2041,0.0005886583855114018
RE1,DEMTRAELCLDV,2042,0.0004856070304148874
RE1,DEMTRAELCLDV,2043,0.0003847485538791022
RE1,DEMTRAELCLDV,2044,0.0002910154752779188
RE1,DEMTRAELCLDV,2045,0.0002087513604947496
RE1,DEMTRAELCLDV,2046,0.0001409882296114205
RE1,DEMTRAELCLDV,2047,8.895505251912143e-05
RE1,DEMTRAELCLDV,2048,5.198797586419992e-05
RE1,DEMTRAELCLDV,2049,2.788656853094467e-05
RE1,DEMTRAELCLDV,2050,1.359427930345169e-05
RE1,DEMTRAELCLDV,2051,5.95905876154626e-06
RE1,DEMTRAELCLDV,2052,2.322319449593241e-06
RE1,DEMTRAELCLDV,2053,7.94897592053461e-07
RE1,DEMTRAELCLDV,2054,2.358933959519747e-07
RE1,DEMTRAELCMET,2022,0.3733094139480001
RE1,DEMTRAELCMET,2023,0.3608040557159999
RE1,DEMTRAELCMET,2024,0.3633657041160001
RE1,DEMTRAELCMET,2025,0.75577
RE1,DEMTRAELCMET,2026,1.39657
RE1,DEMTRAELCMET,2027,1.90777
RE1,DEMTRAELCMET,2028,2.77897
RE1,DEMTRAELCMET,2029,2.78977
RE1,DEMTRAELCMET,2030,2.81857
RE1,DEMTRAELCMET,2031,2.82217
RE1,DEMTRAELCMET,2032,2.91577
RE1,DEMTRAELCMET,2033,2.90497
RE1,DEMTRAELCMET,2034,2.94457
RE1,DEMTRAELCMET,2035,3.03817
RE1,DEMTRAELCMET,2036,3.12457
RE1,DEMTRAELCMET,2037,3.09937
RE1,DEMTRAELCMET,2038,3.12817
RE1,DEMTRAELCMET,2039,3.12817
RE1,DEMTRAELCMET,2040,3.12817
RE1,DEMTRAELCMET,2041,3.12817
RE1,DEMTRAELCMET,2042,3.12817
RE1,DEMTRAELCMET,2043,3.12817
RE1,DEMTRAELCMET,2044,3.12817
RE1,DEMTRAELCMET,2045,3.12817
RE1,DEMTRAELCMET,2046,3.12817
RE1,DEMTRAELCMET,2047,3.12817
RE1,DEMTRAELCMET,2048,3.12817
RE1,DEMTRAELCMET,2049,3.12817
RE1,DEMTRAELCMET,2050,3.12817
RE1,DEMTRAELCMET,2051,3.12817
RE1,DEMTRAELCMET,2052,3.12817
RE1,DEMTRAELCMET,2053,3.12817
RE1,DEMTRAELCMET,2054,3.12817
RE1,DEMTRAELCMIC,2022,0.0004689279462616713
RE1,DEMTRAELCMIC,2023,0.0004540322641113861
RE1,DEMTRAELCMIC,2024,0.0004052521434046604
RE1,DEMTRAELCMIC,2025,0.0004035878658988495
RE1,DEMTRAELCMIC,2026,0.0004001945386755341
RE1,DEMTRAELCMIC,2027,0.0003927838457305702
RE1,DEMTRAELCMIC,2028,0.0003787839107561603
RE1,DEMTRAELCMIC,2029,0.0003552501562810988
RE1,DEMTRAELCMIC,2030,0.0003196430045303454
RE1,DEMTRAELCMIC,2031,0.0002711390740656414
RE1,DEMTRAELCMIC,2032,0.0002121474604815906
RE1,DEMTRAELCMIC,2033,0.0001490839320492357
RE1,DEMTRAELCMIC,2034,9.113720846021504e-05
RE1,DEMTRAELCMIC,2035,4.66706467018302e-05
RE1,DEMTRAELCMIC,2036,1.915859877796084e-05
RE1,DEMTRAELCMIC,2037,5.992553889718471e-06
RE1,DEMTRAELCMIC,2038,1.347731234920457e-06
RE1,DEMTRAELCMIC,2039,2.040805418010161e-07
RE1,DEMTRAELCMIC,2040,1.93245863002179e-08
RE1,DEMTRAELCMIC,2041,1.053567921215779e-09
RE1,DEMTRAELCMIC,2042,3.017259524412631e-11
RE1,DEMTRAELCMIC,2043,4.101340815377485e-13
RE1,DEMTRAELCMIC,2044,2.366841371478075e-15
RE1,DEMTRAELCMIC,2045,5.132180233201872e-18
RE1,DEMTRAELCMIC,2046,3.659875763258556e-21
RE1,DEMTRAELCMIC,2047,7.426397077941701e-25
RE1,DEMTRAELCMIC,2048,3.665363552013674e-29
RE1,DEMTRAELCMIC,2049,3.714644572712315e-34
RE1,DEMTRAELCMIC,2050,6.441072204326044e-40
RE1,DEMTRAELCMIC,2051,1.570922724697233e-46
RE1,DEMTRAELCMIC,2052,4.36866288223544e-54
RE1,DEMTRAELCMIC,2053,1.106872013977736e-62
RE1,DEMTRAELCMIC,2054,2.011253983237651e-72
RE1,DEMTRAELCMOT,2022,0.006123533757908268
RE1,DEMTRAELCMOT,2023,0.005668547650677028
RE1,DEMTRAELCMOT,2024,0.004729966655187951
RE1,DEMTRAELCMOT,2025,0.004710541768150145
RE1,DEMTRAELCMOT,2026,0.004670935994614737
RE1,DEMTRAELCMOT,2027,0.004584440880173073
RE1,DEMTRAELCMOT,2028,0.004421038349966993
RE1,DEMTRAELCMOT,2029,0.004146360286568646
RE1,DEMTRAELCMOT,2030,0.003730765592726136
RE1,DEMTRAELCMOT,2031,0.00316464403735038
RE1,DEMTRAELCMOT,2032,0.002476113773588957
RE1,DEMTRAELCMOT,2033,0.0017400574898701
RE1,DEMTRAELCMOT,2034,0.001063722830537342
RE1,DEMTRAELCMOT,2035,0.0005447240841741487
RE1,DEMTRAELCMOT,2036,0.0002236127182907758
RE1,DEMTRAELCMOT,2037,6.994307257613203e-05
RE1,DEMTRAELCMOT,2038,1.573026547811155e-05
RE1,DEMTRAELCMOT,2039,2.381959413173572e-06
RE1,DEMTRAELCMOT,2040,2.255500687976902e-07
RE1,DEMTRAELCMOT,2041,1.229689026308309e-08
RE1,DEMTRAELCMOT,2042,3.521643789621935e-10
RE1,DEMTRAELCMOT,2043,4.786946994361974e-12
RE1,DEMTRAELCMOT,2044,2.762497607330822e-14
RE1,DEMTRAELCMOT,2045,5.990108076299546e-17
RE1,DEMTRAELCMOT,2046,4.27168384031413e-20
RE1,DEMTRAELCMOT,2047,8.667840779752315e-24
RE1,DEMTRAELCMOT,2048,4.278089002691398e-28
RE1,DEMTRAELCMOT,2049,4.335608151801842e-33
RE1,DEMTRAELCMOT,2050,7.517802742303716e-39
RE1,DEMTRAELCMOT,2051,1.833528144544655e-45
RE1,DEMTRAELCMOT,2052,5.098956315722052e-53
RE1,DEMTRAELCMOT,2053,1.291903769759363e-61
RE1,DEMTRAELCMOT,2054,2.347467972878495e-71
RE1,DEMTRAELCSTT,2022,1.563220482868251e-05
RE1,DEMTRAELCSTT,2023,3.834457153435214e-05
RE1,DEMTRAELCSTT,2024,6.34910722189262e-05
RE1,DEMTRAELCSTT,2025,6.282665627073575e-05
RE1,DEMTRAELCSTT,2026,6.267281639279725e-05
RE1,DEMTRAELCSTT,2027,6.254104970165484e-05
RE1,DEMTRAELCSTT,2028,6.242019137689034e-05
RE1,DEMTRAELCSTT,2029,6.230767599039263e-05
RE1,DEMTRAELCSTT,2030,6.220186979619162e-05
RE1,DEMTRAELCSTT,2031,6.210800314422931e-05
RE1,DEMTRAELCSTT,2032,6.201979254839696e-05
RE1,DEMTRAELCSTT,2033,6.194584180173557e-05
RE1,DEMTRAELCSTT,2034,6.187329517803327e-05
RE1,DEMTRAELCSTT,2035,6.180350864514593e-05
RE1,DEMTRAELCSTT,2036,6.172429030464798e-05
RE1,DEMTRAELCSTT,2037,6.164175535614971e-05
RE1,DEMTRAELCSTT,2038,6.156198587473134e-05
RE1,DEMTRAELCSTT,2039,6.148018822031335e-05
RE1,DEMTRAELCSTT,2040,6.138461481787728e-05
RE1,DEMTRAELCSTT,2041,6.126468220861596e-05
RE1,DEMTRAELCSTT,2042,6.116480875338838e-05
RE1,DEMTRAELCSTT,2043,6.104160716114199e-05
RE1,DEMTRAELCSTT,2044,6.093958807950164e-05
RE1,DEMTRAELCSTT,2045,6.084392063148056e-05
RE1,DEMTRAELCSTT,2046,6.073624154795914e-05
RE1,DEMTRAELCSTT,2047,6.062347510646667e-05
RE1,DEMTRAELCSTT,2048,6.051803131581458e-05
RE1,DEMTRAELCSTT,2049,6.039247654322677e-05
RE1,DEMTRAELCSTT,2050,6.022405888128454e-05
RE1,DEMTRAELCSTT,2051,6.003172989568755e-05
RE1,DEMTRAELCSTT,2052,5.982350766125043e-05
RE1,DEMTRAELCSTT,2053,5.956998557014926e-05
RE1,DEMTRAELCSTT,2054,5.922682334217291e-05
RE1,DEMTRAELCTAX,2022,0.004814822979291976
RE1,DEMTRAELCTAX,2023,0.005318246361695521
RE1,DEMTRAELCTAX,2024,0.004563734266969239
RE1,DEMTRAELCTAX,2025,0.004562717129612969
RE1,DEMTRAELCTAX,2026,0.004560630919757102
RE1,DEMTRAELCTAX,2027,0.004556016053227327
RE1,DEMTRAELCTAX,2028,0.004547068547478495
RE1,DEMTRAELCTAX,2029,0.0045312980612962
RE1,DEMTRAELCTAX,2030,0.004505449845322502
RE1,DEMTRAELCTAX,2031,0.004465466773177649
RE1,DEMTRAELCTAX,2032,0.004406516636507114
RE1,DEMTRAELCTAX,2033,0.004323117594348357
RE1,DEMTRAELCTAX,2034,0.004209400175868518
RE1,DEMTRAELCTAX,2035,0.004059543777605161
RE1,DEMTRAELCTAX,2036,0.003868413899785024
RE1,DEMTRAELCTAX,2037,0.003632397410494661
RE1,DEMTRAELCTAX,2038,0.003350382240431649
RE1,DEMTRAELCTAX,2039,0.003024755614954135
RE1,DEMTRAELCTAX,2040,0.002662212156688189
RE1,DEMTRAELCTAX,2041,0.002274095916869365
RE1,DEMTRAELCTAX,2042,0.00187598952507942
RE1,DEMTRAELCTAX,2043,0.00148635462762963
RE1,DEMTRAELCTAX,2044,0.001124246456627592
RE1,DEMTRAELCTAX,2045,0.0008064450082191855
RE1,DEMTRAELCTAX,2046,0.0005446635352139421
RE1,DEMTRAELCTAX,2047,0.0003436497749758391
RE1,DEMTRAELCTAX,2048,0.0002008391395569276
RE1,DEMTRAELCTAX,2049,0.0001077309577041448
RE1,DEMTRAELCTAX,2050,5.251720831243029e-05
RE1,DEMTRAELCTAX,2051,2.302094309969612e-05
RE1,DEMTRAELCTAX,2052,8.971548368241174e-06
RE1,DEMTRAELCTAX,2053,3.070836011021289e-06
RE1,DEMTRAELCTAX,2054,9.112996973359915e-07
RE1,DEMTRAELCTCK_C2P,2022,0.002020309514243167
RE1,DEMTRAELCTCK_C2P,2023,0.001875892940013709
RE1,DEMTRAELCTCK_C2P,2024,0.001604459372288574
RE1,DEMTRAELCTCK_C2P,2025,0.001587669162926597
RE1,DEMTRAELCTCK_C2P,2026,0.001583781532345418
RE1,DEMTRAELCTCK_C2P,2027,0.001580451705093014
RE1,DEMTRAELCTCK_C2P,2028,0.001577397539127462
RE1,DEMTRAELCTCK_C2P,2029,0.001574554204465063
RE1,DEMTRAELCTCK_C2P,2030,0.001571880415316462
RE1,DEMTRAELCTCK_C2P,2031,0.001569508345917996
RE1,DEMTRAELCTCK_C2P,2032,0.001567279208619285
RE1,DEMTRAELCTCK_C2P,2033,0.001565410426687875
RE1,DEMTRAELCTCK_C2P,2034,0.00156357712782775
RE1,DEMTRAELCTCK_C2P,2035,0.001561813578200418
RE1,DEMTRAELCTCK_C2P,2036,0.001559811680856004
RE1,DEMTRAELCTCK_C2P,2037,0.00155772597073911
RE1,DEMTRAELCTCK_C2P,2038,0.00155571014571661
RE1,DEMTRAELCTCK_C2P,2039,0.001553643067485364
RE1,DEMTRAELCTCK_C2P,2040,0.001551227867427767
RE1,DEMTRAELCTCK_C2P,2041,0.001548197094875859
RE1,DEMTRAELCTCK_C2P,2042,0.001545673229776681
RE1,DEMTRAELCTCK_C2P,2043,0.001542559847966417
RE1,DEMTRAELCTCK_C2P,2044,0.001539981761536789
RE1,DEMTRAELCTCK_C2P,2045,0.001537564184888042
RE1,DEMTRAELCTCK_C2P,2046,0.001534843066647045
RE1,DEMTRAELCTCK_C2P,2047,0.001531993387666852
RE1,DEMTRAELCTCK_C2P,2048,0.001529328756684121
RE1,DEMTRAELCTCK_C2P,2049,0.001526155908524942
RE1,DEMTRAELCTCK_C2P,2050,0.00152189988816305
RE1,DEMTRAELCTCK_C2P,2051,0.001517039613596575
RE1,DEMTRAELCTCK_C2P,2052,0.001511777706624686
RE1,DEMTRAELCTCK_C2P,2053,0.001505371043751725
RE1,DEMTRAELCTCK_C2P,2054,0.001496699118177786
RE1,DEMTRAELCTCK_CSG,2022,0.009762707792536941
RE1,DEMTRAELCTCK_CSG,2023,0.008942287653948442
RE1,DEMTRAELCTCK_CSG,2024,0.007264879374707604
RE1,DEMTRAELCTCK_CSG,2025,0.007188854485702868
RE1,DEMTRAELCTCK_CSG,2026,0.007171251567415566
RE1,DEMTRAELCTCK_CSG,2027,0.00715617434343275
RE1,DEMTRAELCTCK_CSG,2028,0.007142345294400222
RE1,DEMTRAELCTCK_CSG,2029,0.00712947087470408
RE1,DEMTRAELCTCK_CSG,2030,0.007117364145189153
RE1,DEMTRAELCTCK_CSG,2031,0.007106623581516477
RE1,DEMTRAELCTCK_CSG,2032,0.007096530204354986
RE1,DEMTRAELCTCK_CSG,2033,0.007088068490992953
RE1,DEMTRAELCTCK_CSG,2034,0.007079767442486131
RE1,DEMTRAELCTCK_CSG,2035,0.007071782213607693
RE1,DEMTRAELCTCK_CSG,2036,0.007062717763002768
RE1,DEMTRAELCTCK_CSG,2037,0.007053273814049283
RE1,DEMTRAELCTCK_CSG,2038,0.007044146299895967
RE1,DEMTRAELCTCK_CSG,2039,0.007034786714812387
RE1,DEMTRAELCTCK_CSG,2040,0.007023850858543741
RE1,DEMTRAELCTCK_CSG,2041,0.007010127733245541
RE1,DEMTRAELCTCK_CSG,2042,0.006998699849298932
RE1,DEMTRAELCTCK_CSG,2043,0.006984602675079607
RE1,DEMTRAELCTCK_CSG,2044,0.006972929280756072
RE1,DEMTRAELCTCK_CSG,2045,0.006961982663449582
RE1,DEMTRAELCTCK_CSG,2046,0.006949661631127671
RE1,DEMTRAELCTCK_CSG,2047,0.006936758484806044
RE1,DEMTRAELCTCK_CSG,2048,0.006924693222823101
RE1,DEMTRAELCTCK_CSG,2049,0.006910326789151542
RE1,DEMTRAELCTCK_CSG,2050,0.006891055827805015
RE1,DEMTRAELCTCK_CSG,2051,0.006869048845850068
RE1,DEMTRAELCTCK_CSG,2052,0.006845223300565501
RE1,DEMTRAELCTCK_CSG,2053,0.006816214380944128
RE1,DEMTRAELCTCK_CSG,2054,0.006776948510876479
RE1,DEMTRAFOLSHP,2022,0.2599932869633449
RE1,DEMTRAFOLSHP,2023,0.2685148811788838
RE1,DEMTRAFOLSHP,2024,0.2776321583110887
RE1,DEMTRAFOLSHP,2025,0.2776321583110887
RE1,DEMTRAFOLSHP,2026,0.2776321583110887
RE1,DEMTRAFOLSHP,2027,0.2776321583110887
RE1,DEMTRAFOLSHP,2028,0.2776321583110887
RE1,DEMTRAFOLSHP,2029,0.2776321583110887
RE1,DEMTRAFOLSHP,2030,0.2776321583110887
RE1,DEMTRAFOLSHP,2031,0.2776321583110887
RE1,DEMTRAFOLSHP,2032,0.2776321583110887
RE1,DEMTRAFOLSHP,2033,0.2776321583110887
RE1,DEMTRAFOLSHP,2034,0.2776321583110887
RE1,DEMTRAFOLSHP,2035,0.2776321583110887
RE1,DEMTRAFOLSHP,2036,0.2776321583110887
RE1,DEMTRAFOLSHP,2037,0.2776321583110887
RE1,DEMTRAFOLSHP,2038,0.2776321583110887
RE1,DEMTRAFOLSHP,2039,0.2776321583110887
RE1,DEMTRAFOLSHP,2040,0.2776321583110887
RE1,DEMTRAFOLSHP,2041,0.2776321583110887
RE1,DEMTRAFOLSHP,2042,0.2776321583110887
RE1,DEMTRAFOLSHP,2043,0.2776321583110887
RE1,DEMTRAFOLSHP,2044,0.2776321583110887
RE1,DEMTRAFOLSHP,2045,0.2776321583110887
RE1,DEMTRAFOLSHP,2046,0.2776321583110887
RE1,DEMTRAFOLSHP,2047,0.2776321583110887
RE1,DEMTRAFOLSHP,2048,0.2776321583110887
RE1,DEMTRAFOLSHP,2049,0.2776321583110887
RE1,DEMTRAFOLSHP,2050,0.2776321583110887
RE1,DEMTRAFOLSHP,2051,0.2776321583110887
RE1,DEMTRAFOLSHP,2052,0.2776321583110887
RE1,DEMTRAFOLSHP,2053,0.2776321583110887
RE1,DEMTRAFOLSHP,2054,0.2776321583110887
RE1,DEMTRAGSLBOT,2022,1.42522253942867
RE1,DEMTRAGSLBOT,2023,1.423521640776091
RE1,DEMTRAGSLBOT,2024,1.417440210698723
RE1,DEMTRAGSLBOT,2025,1.395471433525275
RE1,DEMTRAGSLBOT,2026,1.39577965110621
RE1,DEMTRAGSLBOT,2027,1.40211658302918
RE1,DEMTRAGSLBOT,2028,1.404473481741512
RE1,DEMTRAGSLBOT,2029,1.406261741951479
RE1,DEMTRAGSLBOT,2030,1.395744328262387
RE1,DEMTRAGSLBOT,2031,1.393493421003443
RE1,DEMTRAGSLBOT,2032,1.391014225015607
RE1,DEMTRAGSLBOT,2033,1.386228228093011
RE1,DEMTRAGSLBOT,2034,1.381627029591333
RE1,DEMTRAGSLBOT,2035,1.376152175915008
RE1,DEMTRAGSLBOT,2036,1.379553123098296
RE1,DEMTRAGSLBOT,2037,1.372735504800524
RE1,DEMTRAGSLBOT,2038,1.373185924259939
RE1,DEMTRAGSLBOT,2039,1.365152822642902
RE1,DEMTRAGSLBOT,2040,1.351368673109612
RE1,DEMTRAGSLBOT,2041,1.351434746874561
RE1,DEMTRAGSLBOT,2042,1.34478527594441
RE1,DEMTRAGSLBOT,2043,0.04475107503059069
RE1,DEMTRAGSLBOT,2044,0.04435554904281187
RE1,DEMTRAGSLBOT,2045,0.04394374851243578
RE1,DEMTRAGSLBOT,2046,0.04429278895832488
RE1,DEMTRAGSLBOT,2047,0.04365672805606196
RE1,DEMTRAGSLBOT,2048,0.04314154426852162
RE1,DEMTRAGSLBOT,2049,0.04343476663086528
RE1,DEMTRAGSLBOT,2050,0.04290051043816712
RE1,DEMTRAGSLBOT,2051,0.04290051043816712
RE1,DEMTRAGSLBOT,2052,0.04290051043816712
RE1,DEMTRAGSLBOT,2053,0.04290051043816712
RE1,DEMTRAGSLBOT,2054,0.04290051043816712
RE1,DEMTRAGSLBUS_IMU,2022,2.593244521256043
RE1,DEMTRAGSLBUS_IMU,2023,3.34925532783791
RE1,DEMTRAGSLBUS_IMU,2024,3.060775058322959
RE1,DEMTRAGSLBUS_IMU,2025,3.058866059513941
RE1,DEMTRAGSLBUS_IMU,2026,3.054952983050641
RE1,DEMTRAGSLBUS_IMU,2027,3.046308372377366
RE1,DEMTRAGSLBUS_IMU,2028,3.029592648141443
RE1,DEMTRAGSLBUS_IMU,2029,3.00027398641051
RE1,DEMTRAGSLBUS_IMU,2030,2.952615506225575
RE1,DEMTRAGSLBUS_IMU,2031,2.879858543846442
RE1,DEMTRAGSLBUS_IMU,2032,2.774705558945872
RE1,DEMTRAGSLBUS_IMU,2033,2.630206371764915
RE1,DEMTRAGSLBUS_IMU,2034,2.441104264822935
RE1,DEMTRAGSLBUS_IMU,2035,2.205574834685908
RE1,DEMTRAGSLBUS_IMU,2036,1.927075955080607
RE1,DEMTRAGSLBUS_IMU,2037,1.615754979380376
RE1,DEMTRAGSLBUS_IMU,2038,1.288645893018995
RE1,DEMTRAGSLBUS_IMU,2039,0.9679364696623999
RE1,DEMTRAGSLBUS_IMU,2040,0.6770944280359316
RE1,DEMTRAGSLBUS_IMU,2041,0.4356153457189681
RE1,DEMTRAGSLBUS_IMU,2042,0.2541954476118502
RE1,DEMTRAGSLBUS_IMU,2043,0.1324851222444639
RE1,DEMTRAGSLBUS_IMU,2044,0.06063989993165933
RE1,DEMTRAGSLBUS_IMU,2045,0.02392767998319311
RE1,DEMTRAGSLBUS_IMU,2046,0.007976674723393579
RE1,DEMTRAGSLBUS_IMU,2047,0.002197802776978151
RE1,DEMTRAGSLBUS_IMU,2048,0.000488735244632832
RE1,DEMTRAGSLBUS_IMU,2049,8.549165158463785e-05
RE1,DEMTRAGSLBUS_IMU,2050,1.14427010495209e-05
RE1,DEMTRAGSLBUS_IMU,2051,1.137597992830453e-06
RE1,DEMTRAGSLBUS_IMU,2052,8.137374631430876e-08
RE1,DEMTRAGSLBUS_IMU,2053,4.04801646767425e-09
RE1,DEMTRAGSLBUS_IMU,2054,1.350534284075096e-10
RE1,DEMTRAGSLFWD,2022,13.59454790028225
RE1,DEMTRAGSLFWD,2023,12.68856283062335
RE1,DEMTRAGSLFWD,2024,11.55501107873322
RE1,DEMTRAGSLFWD,2025,11.54780424322026
RE1,DEMTRAGSLFWD,2026,11.53303163137399
RE1,DEMTRAGSLFWD,2027,11.50039657319505
RE1,DEMTRAGSLFWD,2028,11.43729151808493
RE1,DEMTRAGSLFWD,2029,11.32660796419444
RE1,DEMTRAGSLFWD,2030,11.14668808898667
RE1,DEMTRAGSLFWD,2031,10.87201664455635
RE1,DEMTRAGSLFWD,2032,10.47504402084656
RE1,DEMTRAGSLFWD,2033,9.929531960362528
RE1,DEMTRAGSLFWD,2034,9.215635349507494
RE1,DEMTRAGSLFWD,2035,8.326466716484122
RE1,DEMTRAGSLFWD,2036,7.275080195771531
RE1,DEMTRAGSLFWD,2037,6.099783986572408
RE1,DEMTRAGSLFWD,2038,4.864884640871701
RE1,DEMTRAGSLFWD,2039,3.654145246657591
RE1,DEMTRAGSLFWD,2040,2.55616092924859
RE1,DEMTRAGSLFWD,2041,1.644531221646462
RE1,DEMTRAGSLFWD,2042,0.9596364180149287
RE1,DEMTRAGSLFWD,2043,0.5001566682070681
RE1,DEMTRAGSLFWD,2044,0.228927216855824
RE1,DEMTRAGSLFWD,2045,0.09033156701350972
RE1,DEMTRAGSLFWD,2046,0.03011347225586893
RE1,DEMTRAGSLFWD,2047,0.008297125712585946
RE1,DEMTRAGSLFWD,2048,0.001845068996803058
RE1,DEMTRAGSLFWD,2049,0.0003227473311093142
RE1,DEMTRAGSLFWD,2050,4.319838435637662e-05
RE1,DEMTRAGSLFWD,2051,4.294649936641493e-06
RE1,DEMTRAGSLFWD,2052,3.072014513523426e-07
RE1,DEMTRAGSLFWD,2053,1.528203616390519e-08
RE1,DEMTRAGSLFWD,2054,5.098525150439251e-10
RE1,DEMTRAGSLLDV,2022,15.0460883620033
RE1,DEMTRAGSLLDV,2023,14.6180063190902
RE1,DEMTRAGSLLDV,2024,13.36950891070531
RE1,DEMTRAGSLLDV,2025,13.36652919581558
RE1,DEMTRAGSLLDV,2026,13.36041762147185
RE1,DEMTRAGSLLDV,2027,13.34689832004405
RE1,DEMTRAGSLLDV,2028,13.32068650514864
RE1,DEMTRAGSLLDV,2029,13.27448669525472
RE1,DEMTRAGSLLDV,2030,13.19876406690465
RE1,DEMTRAGSLLDV,2031,13.08163322447439
RE1,DEMTRAGSLLDV,2032,12.90893816130906
RE1,DEMTRAGSLLDV,2033,12.66461976500018
RE1,DEMTRAGSLLDV,2034,12.33148335724034
RE1,DEMTRAGSLLDV,2035,11.8924774172125
RE1,DEMTRAGSLLDV,2036,11.33256037228005
RE1,DEMTRAGSLLDV,2037,10.64114751341165
RE1,DEMTRAGSLLDV,2038,9.814981021554221
RE1,DEMTRAGSLLDV,2039,8.86105429922215
RE1,DEMTRAGSLLDV,2040,7.798979315828478
RE1,DEMTRAGSLLDV,2041,6.661988592200488
RE1,DEMTRAGSLLDV,2042,5.495731610288382
RE1,DEMTRAGSLLDV,2043,4.354291962699929
RE1,DEMTRAGSLLDV,2044,3.293492158055304
RE1,DEMTRAGSLLDV,2045,2.362489376608765
RE1,DEMTRAGSLLDV,2046,1.595597719193
RE1,DEMTRAGSLLDV,2047,1.006725733782151
RE1,DEMTRAGSLLDV,2048,0.5883604322361017
RE1,DEMTRAGSLLDV,2049,0.3155990061491651
RE1,DEMTRAGSLLDV,2050,0.1538497299415913
RE1,DEMTRAGSLLDV,2051,0.06744010187705822
RE1,DEMTRAGSLLDV,2052,0.02628224800908035
RE1,DEMTRAGSLLDV,2053,0.008996047318050518
RE1,DEMTRAGSLLDV,2054,0.002669662322812607
RE1,DEMTRAGSLMIC,2022,0.8541259736104762
RE1,DEMTRAGSLMIC,2023,0.8538855193142386
RE1,DEMTRAGSLMIC,2024,0.7644570423048325
RE1,DEMTRAGSLMIC,2025,0.7613175927538002
RE1,DEMTRAGSLMIC,2026,0.7549165090459766
RE1,DEMTRAGSLMIC,2027,0.7409371717313322
RE1,DEMTRAGSLMIC,2028,0.7145280606206954
RE1,DEMTRAGSLMIC,2029,0.6701346017997525
RE1,DEMTRAGSLMIC,2030,0.602966202186626
RE1,DEMTRAGSLMIC,2031,0.5114696565750662
RE1,DEMTRAGSLMIC,2032,0.4001894198750659
RE1,DEMTRAGSLMIC,2033,0.2812280295226754
RE1,DEMTRAGSLMIC,2034,0.1719188459759637
RE1,DEMTRAGSLMIC,2035,0.0880382870782482
RE1,DEMTRAGSLMIC,2036,0.03614027956387731
RE1,DEMTRAGSLMIC,2037,0.0113041968980091
RE1,DEMTRAGSLMIC,2038,0.002542324946176419
RE1,DEMTRAGSLMIC,2039,0.0003849721954990119
RE1,DEMTRAGSLMIC,2040,3.645339408378604e-05
RE1,DEMTRAGSLMIC,2041,1.98742296623866e-06
RE1,DEMTRAGSLMIC,2042,5.691679438189592e-08
RE1,DEMTRAGSLMIC,2043,7.736662026921943e-10
RE1,DEMTRAGSLMIC,2044,4.464747648819061e-12
RE1,DEMTRAGSLMIC,2045,9.681210538919288e-15
RE1,DEMTRAGSLMIC,2046,6.90389390091404e-18
RE1,DEMTRAGSLMIC,2047,1.400896118028842e-21
RE1,DEMTRAGSLMIC,2048,6.914245922066321e-26
RE1,DEMTRAGSLMIC,2049,7.007208350367231e-31
RE1,DEMTRAGSLMIC,2050,1.215027011386889e-36
RE1,DEMTRAGSLMIC,2051,2.963347534012537e-43
RE1,DEMTRAGSLMIC,2052,8.240931380949739e-51
RE1,DEMTRAGSLMIC,2053,2.087974412440043e-59
RE1,DEMTRAGSLMIC,2054,3.793976901472907e-69
RE1,DEMTRAGSLMOT,2022,17.174014496274
RE1,DEMTRAGSLMOT,2023,16.35863761921883
RE1,DEMTRAGSLMOT,2024,15.16743701875664
RE1,DEMTRAGSLMOT,2025,15.1051478374113
RE1,DEMTRAGSLMOT,2026,14.97814523475689
RE1,DEMTRAGSLMOT,2027,14.70078404040573
RE1,DEMTRAGSLMOT,2028,14.17680622697066
RE1,DEMTRAGSLMOT,2029,13.29600462079889
RE1,DEMTRAGSLMOT,2030,11.96333003687304
RE1,DEMTRAGSLMOT,2031,10.14796564594139
RE1,DEMTRAGSLMOT,2032,7.940077055510235
RE1,DEMTRAGSLMOT,2033,5.579788254463239
RE1,DEMTRAGSLMOT,2034,3.411006929592737
RE1,DEMTRAGSLMOT,2035,1.746749785275809
RE1,DEMTRAGSLMOT,2036,0.7170519516344332
RE1,DEMTRAGSLMOT,2037,0.2242842763031387
RE1,DEMTRAGSLMOT,2038,0.05044175325546731
RE1,DEMTRAGSLMOT,2039,0.007638155195220731
RE1,DEMTRAGSLMOT,2040,0.0007232643932728219
RE1,DEMTRAGSLMOT,2041,3.943205569690495e-05
RE1,DEMTRAGSLMOT,2042,1.129274565244555e-06
RE1,DEMTRAGSLMOT,2043,1.535015410086999e-08
RE1,DEMTRAGSLMOT,2044,8.85841519151073e-11
RE1,DEMTRAGSLMOT,2045,1.920829333609935e-13
RE1,DEMTRAGSLMOT,2046,1.369787576429131e-16
RE1,DEMTRAGSLMOT,2047,2.779489554568109e-20
RE1,DEMTRAGSLMOT,2048,1.37184149993503e-24
RE1,DEMTRAGSLMOT,2049,1.39028598665352e-29
RE1,DEMTRAGSLMOT,2050,2.410710432562163e-35
RE1,DEMTRAGSLMOT,2051,5.879517696810001e-42
RE1,DEMTRAGSLMOT,2052,1.635066469132064e-49
RE1,DEMTRAGSLMOT,2053,4.142707653261623e-58
RE1,DEMTRAGSLMOT,2054,7.52755256596372e-68
RE1,DEMTRAGSLSTT,2022,0.4681444595235179
RE1,DEMTRAGSLSTT,2023,0.4837667909408978
RE1,DEMTRAGSLSTT,2024,0.4983585629043221
RE1,DEMTRAGSLSTT,2025,0.4931433827925552
RE1,DEMTRAGSLSTT,2026,0.4919358520672518
RE1,DEMTRAGSLSTT,2027,0.4909015797429483
RE1,DEMTRAGSLSTT,2028,0.4899529301306537
RE1,DEMTRAGSLSTT,2029,0.4890697664926814
RE1,DEMTRAGSLSTT,2030,0.4882392651159435
RE1,DEMTRAGSLSTT,2031,0.4875024804288731
RE1,DEMTRAGSLSTT,2032,0.4868100916530094
RE1,DEMTRAGSLSTT,2033,0.4862296322822052
RE1,DEMTRAGSLSTT,2034,0.485660194251498
RE1,DEMTRAGSLSTT,2035,0.4851124209185814
RE1,DEMTRAGSLSTT,2036,0.4844906147819628
RE1,DEMTRAGSLSTT,2037,0.4838427756939545
RE1,DEMTRAGSLSTT,2038,0.4832166435034914
RE1,DEMTRAGSLSTT,2039,0.4825745916357243
RE1,DEMTRAGSLSTT,2040,0.4818244102035116
RE1,DEMTRAGSLSTT,2041,0.480883026782064
RE1,DEMTRAGSLSTT,2042,0.480099093074851
RE1,DEMTRAGSLSTT,2043,0.4791320505236129
RE1,DEMTRAGSLSTT,2044,0.4783312752155539
RE1,DEMTRAGSLSTT,2045,0.4775803555941603
RE1,DEMTRAGSLSTT,2046,0.4767351534036294
RE1,DEMTRAGSLSTT,2047,0.4758500191672404
RE1,DEMTRAGSLSTT,2048,0.4750223623937753
RE1,DEMTRAGSLSTT,2049,0.4740368490948836
RE1,DEMTRAGSLSTT,2050,0.4727148934082034
RE1,DEMTRAGSLSTT,2051,0.4712052512881827
RE1,DEMTRAGSLSTT,2052,0.4695708587682235
RE1,DEMTRAGSLSTT,2053,0.4675808954462933
RE1,DEMTRAGSLSTT,2054,0.4648873224950027
RE1,DEMTRAGSLTAX,2022,10.21925762300648
RE1,DEMTRAGSLTAX,2023,10.01566536024276
RE1,DEMTRAGSLTAX,2024,9.068919456642154
RE1,DEMTRAGSLTAX,2025,9.066898230992116
RE1,DEMTRAGSLTAX,2026,9.062752575691928
RE1,DEMTRAGSLTAX,2027,9.0535820476959
RE1,DEMTRAGSLTAX,2028,9.03580182557357
RE1,DEMTRAGSLTAX,2029,9.004463175991262
RE1,DEMTRAGSLTAX,2030,8.953098356076136
RE1,DEMTRAGSLTAX,2031,8.873645162770122
RE1,DEMTRAGSLTAX,2032,8.756501172750266
RE1,DEMTRAGSLTAX,2033,8.590773031746746
RE1,DEMTRAGSLTAX,2034,8.364797098731739
RE1,DEMTRAGSLTAX,2035,8.06700684048881
RE1,DEMTRAGSLTAX,2036,7.687199129015769
RE1,DEMTRAGSLTAX,2037,7.218194054091636
RE1,DEMTRAGSLTAX,2038,6.657781744075354
RE1,DEMTRAGSLTAX,2039,6.010706023482426
RE1,DEMTRAGSLTAX,2040,5.290270250886525
RE1,DEMTRAGSLTAX,2041,4.519016993612803
RE1,DEMTRAGSLTAX,2042,3.727911598093119
RE1,DEMTRAGSLTAX,2043,2.953640508725815
RE1,DEMTRAGSLTAX,2044,2.234069726268682
RE1,DEMTRAGSLTAX,2045,1.60254396902207
RE1,DEMTRAGSLTAX,2046,1.08233947089683
RE1,DEMTRAGSLTAX,2047,0.6828907969303751
RE1,DEMTRAGSLTAX,2048,0.3991016728484218
RE1,DEMTRAGSLTAX,2049,0.2140798129893388
RE1,DEMTRAGSLTAX,2050,0.1043606626530033
RE1,DEMTRAGSLTAX,2051,0.04574654582720323
RE1,DEMTRAGSLTAX,2052,0.01782799891348208
RE1,DEMTRAGSLTAX,2053,0.006102275640821412
RE1,DEMTRAGSLTAX,2054,0.001810908145072809
RE1,DEMTRAGSLTCK_C2P,2022,3.410332115045206
RE1,DEMTRAGSLTCK_C2P,2023,3.244476276721759
RE1,DEMTRAGSLTCK_C2P,2024,2.991648098676389
RE1,DEMTRAGSLTCK_C2P,2025,2.960341355245118
RE1,DEMTRAGSLTCK_C2P,2026,2.9530925443139
RE1,DEMTRAGSLTCK_C2P,2027,2.946883804135977
RE1,DEMTRAGSLTCK_C2P,2028,2.941189057380965
RE1,DEMTRAGSLTCK_C2P,2029,2.935887423146044
RE1,DEMTRAGSLTCK_C2P,2030,2.9309019206392
RE1,DEMTRAGSLTCK_C2P,2031,2.926478999729881
RE1,DEMTRAGSLTCK_C2P,2032,2.922322587622129
RE1,DEMTRAGSLTCK_C2P,2033,2.918838088102536
RE1,DEMTRAGSLTCK_C2P,2034,2.915419749723937
RE1,DEMTRAGSLTCK_C2P,2035,2.912131464597711
RE1,DEMTRAGSLTCK_C2P,2036,2.908398760306408
RE1,DEMTRAGSLTCK_C2P,2037,2.904509780121953
RE1,DEMTRAGSLTCK_C2P,2038,2.900751106515138
RE1,DEMTRAGSLTCK_C2P,2039,2.896896867032901
RE1,DEMTRAGSLTCK_C2P,2040,2.892393525418256
RE1,DEMTRAGSLTCK_C2P,2041,2.886742397630892
RE1,DEMTRAGSLTCK_C2P,2042,2.882036440997973
RE1,DEMTRAGSLTCK_C2P,2043,2.876231281369751
RE1,DEMTRAGSLTCK_C2P,2044,2.871424224551342
RE1,DEMTRAGSLTCK_C2P,2045,2.866916451584607
RE1,DEMTRAGSLTCK_C2P,2046,2.861842700044024
RE1,DEMTRAGSLTCK_C2P,2047,2.856529236300299
RE1,DEMTRAGSLTCK_C2P,2048,2.851560809956296
RE1,DEMTRAGSLTCK_C2P,2049,2.84564477036892
RE1,DEMTRAGSLTCK_C2P,2050,2.83770906601673
RE1,DEMTRAGSLTCK_C2P,2051,2.828646679385463
RE1,DEMTRAGSLTCK_C2P,2052,2.818835415691443
RE1,DEMTRAGSLTCK_C2P,2053,2.80688965929911
RE1,DEMTRAGSLTCK_C2P,2054,2.790720131978433
RE1,DEMTRAHDGBUS_IMU,2022,0.0
RE1,DEMTRAHDGBUS_IMU,2023,0.0
RE1,DEMTRAHDGBUS_IMU,2024,0.0
RE1,DEMTRAHDGBUS_IMU,2025,0.0
RE1,DEMTRAHDGBUS_IMU,2026,0.0
RE1,DEMTRAHDGBUS_IMU,2027,0.0
RE1,DEMTRAHDGBUS_IMU,2028,0.0
RE1,DEMTRAHDGBUS_IMU,2029,0.0
RE1,DEMTRAHDGBUS_IMU,2030,0.0
RE1,DEMTRAHDGBUS_IMU,2031,0.0
RE1,DEMTRAHDGBUS_IMU,2032,0.0
RE1,DEMTRAHDGBUS_IMU,2033,0.0
RE1,DEMTRAHDGBUS_IMU,2034,0.0
RE1,DEMTRAHDGBUS_IMU,2035,0.0
RE1,DEMTRAHDGBUS_IMU,2036,0.0
RE1,DEMTRAHDGBUS_IMU,2037,0.0
RE1,DEMTRAHDGBUS_IMU,2038,0.0
RE1,DEMTRAHDGBUS_IMU,2039,0.0
RE1,DEMTRAHDGBUS_IMU,2040,0.0
RE1,DEMTRAHDGBUS_IMU,2041,0.0
RE1,DEMTRAHDGBUS_IMU,2042,0.0
RE1,DEMTRAHDGBUS_IMU,2043,0.0
RE1,DEMTRAHDGBUS_IMU,2044,0.0
RE1,DEMTRAHDGBUS_IMU,2045,0.0
RE1,DEMTRAHDGBUS_IMU,2046,0.0
RE1,DEMTRAHDGBUS_IMU,2047,0.0
RE1,DEMTRAHDGBUS_IMU,2048,0.0
RE1,DEMTRAHDGBUS_IMU,2049,0.0
RE1,DEMTRAHDGBUS_IMU,2050,0.0
RE1,DEMTRAHDGBUS_IMU,2051,0.0
RE1,DEMTRAHDGBUS_IMU,2052,0.0
RE1,DEMTRAHDGBUS_IMU,2053,0.0
RE1,DEMTRAHDGBUS_IMU,2054,0.0
RE1,DEMTRAHDGBUS_URB,2022,0.0
RE1,DEMTRAHDGBUS_URB,2023,0.0
RE1,DEMTRAHDGBUS_URB,2024,0.0
RE1,DEMTRAHDGBUS_URB,2025,0.0
RE1,DEMTRAHDGBUS_URB,2026,0.0
RE1,DEMTRAHDGBUS_URB,2027,0.0
RE1,DEMTRAHDGBUS_URB,2028,0.0
RE1,DEMTRAHDGBUS_URB,2029,0.0
RE1,DEMTRAHDGBUS_URB,2030,0.0
RE1,DEMTRAHDGBUS_URB,2031,0.0
RE1,DEMTRAHDGBUS_URB,2032,0.0
RE1,DEMTRAHDGBUS_URB,2033,0.0
RE1,DEMTRAHDGBUS_URB,2034,0.0
RE1,DEMTRAHDGBUS_URB,2035,0.0
RE1,DEMTRAHDGBUS_URB,2036,0.0
RE1,DEMTRAHDGBUS_URB,2037,0.0
RE1,DEMTRAHDGBUS_URB,2038,0.0
RE1,DEMTRAHDGBUS_URB,2039,0.0
RE1,DEMTRAHDGBUS_URB,2040,0.0
RE1,DEMTRAHDGBUS_URB,2041,0.0
RE1,DEMTRAHDGBUS_URB,2042,0.0
RE1,DEMTRAHDGBUS_URB,2043,0.0
RE1,DEMTRAHDGBUS_URB,2044,0.0
RE1,DEMTRAHDGBUS_URB,2045,0.0
RE1,DEMTRAHDGBUS_URB,2046,0.0
RE1,DEMTRAHDGBUS_URB,2047,0.0
RE1,DEMTRAHDGBUS_URB,2048,0.0
RE1,DEMTRAHDGBUS_URB,2049,0.0
RE1,DEMTRAHDGBUS_URB,2050,0.0
RE1,DEMTRAHDGBUS_URB,2051,0.0
RE1,DEMTRAHDGBUS_URB,2052,0.0
RE1,DEMTRAHDGBUS_URB,2053,0.0
RE1,DEMTRAHDGBUS_URB,2054,0.0
RE1,DEMTRAHDGFWD,2022,0.0
RE1,DEMTRAHDGFWD,2023,0.0
RE1,DEMTRAHDGFWD,2024,0.0
RE1,DEMTRAHDGFWD,2025,0.0
RE1,DEMTRAHDGFWD,2026,0.0
RE1,DEMTRAHDGFWD,2027,0.0
RE1,DEMTRAHDGFWD,2028,0.0
RE1,DEMTRAHDGFWD,2029,0.0
RE1,DEMTRAHDGFWD,2030,0.0
RE1,DEMTRAHDGFWD,2031,0.0
RE1,DEMTRAHDGFWD,2032,0.0
RE1,DEMTRAHDGFWD,2033,0.0
RE1,DEMTRAHDGFWD,2034,0.0
RE1,DEMTRAHDGFWD,2035,0.0
RE1,DEMTRAHDGFWD,2036,0.0
RE1,DEMTRAHDGFWD,2037,0.0
RE1,DEMTRAHDGFWD,2038,0.0
RE1,DEMTRAHDGFWD,2039,0.0
RE1,DEMTRAHDGFWD,2040,0.0
RE1,DEMTRAHDGFWD,2041,0.0
RE1,DEMTRAHDGFWD,2042,0.0
RE1,DEMTRAHDGFWD,2043,0.0
RE1,DEMTRAHDGFWD,2044,0.0
RE1,DEMTRAHDGFWD,2045,0.0
RE1,DEMTRAHDGFWD,2046,0.0
RE1,DEMTRAHDGFWD,2047,0.0
RE1,DEMTRAHDGFWD,2048,0.0
RE1,DEMTRAHDGFWD,2049,0.0
RE1,DEMTRAHDGFWD,2050,0.0
RE1,DEMTRAHDGFWD,2051,0.0
RE1,DEMTRAHDGFWD,2052,0.0
RE1,DEMTRAHDGFWD,2053,0.0
RE1,DEMTRAHDGFWD,2054,0.0
RE1,DEMTRAHDGLDV,2022,0.0
RE1,DEMTRAHDGLDV,2023,0.0
RE1,DEMTRAHDGLDV,2024,0.0
RE1,DEMTRAHDGLDV,2025,0.0
RE1,DEMTRAHDGLDV,2026,0.0
RE1,DEMTRAHDGLDV,2027,0.0
RE1,DEMTRAHDGLDV,2028,0.0
RE1,DEMTRAHDGLDV,2029,0.0
RE1,DEMTRAHDGLDV,2030,0.0
RE1,DEMTRAHDGLDV,2031,0.0
RE1,DEMTRAHDGLDV,2032,0.0
RE1,DEMTRAHDGLDV,2033,0.0
RE1,DEMTRAHDGLDV,2034,0.0
RE1,DEMTRAHDGLDV,2035,0.0
RE1,DEMTRAHDGLDV,2036,0.0
RE1,DEMTRAHDGLDV,2037,0.0
RE1,DEMTRAHDGLDV,2038,0.0
RE1,DEMTRAHDGLDV,2039,0.0
RE1,DEMTRAHDGLDV,2040,0.0
RE1,DEMTRAHDGLDV,2041,0.0
RE1,DEMTRAHDGLDV,2042,0.0
RE1,DEMTRAHDGLDV,2043,0.0
RE1,DEMTRAHDGLDV,2044,0.0
RE1,DEMTRAHDGLDV,2045,0.0
RE1,DEMTRAHDGLDV,2046,0.0
RE1,DEMTRAHDGLDV,2047,0.0
RE1,DEMTRAHDGLDV,2048,0.0
RE1,DEMTRAHDGLDV,2049,0.0
RE1,DEMTRAHDGLDV,2050,0.0
RE1,DEMTRAHDGLDV,2051,0.0
RE1,DEMTRAHDGLDV,2052,0.0
RE1,DEMTRAHDGLDV,2053,0.0
RE1,DEMTRAHDGLDV,2054,0.0
RE1,DEMTRAHDGMIC,2022,0.0
RE1,DEMTRAHDGMIC,2023,0.0
RE1,DEMTRAHDGMIC,2024,0.0
RE1,DEMTRAHDGMIC,2025,0.0
RE1,DEMTRAHDGMIC,2026,0.0
RE1,DEMTRAHDGMIC,2027,0.0
RE1,DEMTRAHDGMIC,2028,0.0
RE1,DEMTRAHDGMIC,2029,0.0
RE1,DEMTRAHDGMIC,2030,0.0
RE1,DEMTRAHDGMIC,2031,0.0
RE1,DEMTRAHDGMIC,2032,0.0
RE1,DEMTRAHDGMIC,2033,0.0
RE1,DEMTRAHDGMIC,2034,0.0
RE1,DEMTRAHDGMIC,2035,0.0
RE1,DEMTRAHDGMIC,2036,0.0
RE1,DEMTRAHDGMIC,2037,0.0
RE1,DEMTRAHDGMIC,2038,0.0
RE1,DEMTRAHDGMIC,2039,0.0
RE1,DEMTRAHDGMIC,2040,0.0
RE1,DEMTRAHDGMIC,2041,0.0
RE1,DEMTRAHDGMIC,2042,0.0
RE1,DEMTRAHDGMIC,2043,0.0
RE1,DEMTRAHDGMIC,2044,0.0
RE1,DEMTRAHDGMIC,2045,0.0
RE1,DEMTRAHDGMIC,2046,0.0
RE1,DEMTRAHDGMIC,2047,0.0
RE1,DEMTRAHDGMIC,2048,0.0
RE1,DEMTRAHDGMIC,2049,0.0
RE1,DEMTRAHDGMIC,2050,0.0
RE1,DEMTRAHDGMIC,2051,0.0
RE1,DEMTRAHDGMIC,2052,0.0
RE1,DEMTRAHDGMIC,2053,0.0
RE1,DEMTRAHDGMIC,2054,0.0
RE1,DEMTRAHDGSTT,2022,0.0
RE1,DEMTRAHDGSTT,2023,0.0
RE1,DEMTRAHDGSTT,2024,0.0
RE1,DEMTRAHDGSTT,2025,0.0
RE1,DEMTRAHDGSTT,2026,0.0
RE1,DEMTRAHDGSTT,2027,0.0
RE1,DEMTRAHDGSTT,2028,0.0
RE1,DEMTRAHDGSTT,2029,0.0
RE1,DEMTRAHDGSTT,2030,0.0
RE1,DEMTRAHDGSTT,2031,0.0
RE1,DEMTRAHDGSTT,2032,0.0
RE1,DEMTRAHDGSTT,2033,0.0
RE1,DEMTRAHDGSTT,2034,0.0
RE1,DEMTRAHDGSTT,2035,0.0
RE1,DEMTRAHDGSTT,2036,0.0
RE1,DEMTRAHDGSTT,2037,0.0
RE1,DEMTRAHDGSTT,2038,0.0
RE1,DEMTRAHDGSTT,2039,0.0
RE1,DEMTRAHDGSTT,2040,0.0
RE1,DEMTRAHDGSTT,2041,0.0
RE1,DEMTRAHDGSTT,2042,0.0
RE1,DEMTRAHDGSTT,2043,0.0
RE1,DEMTRAHDGSTT,2044,0.0
RE1,DEMTRAHDGSTT,2045,0.0
RE1,DEMTRAHDGSTT,2046,0.0
RE1,DEMTRAHDGSTT,2047,0.0
RE1,DEMTRAHDGSTT,2048,0.0
RE1,DEMTRAHDGSTT,2049,0.0
RE1,DEMTRAHDGSTT,2050,0.0
RE1,DEMTRAHDGSTT,2051,0.0
RE1,DEMTRAHDGSTT,2052,0.0
RE1,DEMTRAHDGSTT,2053,0.0
RE1,DEMTRAHDGSTT,2054,0.0
RE1,DEMTRAHDGTAX,2022,0.0
RE1,DEMTRAHDGTAX,2023,0.0
RE1,DEMTRAHDGTAX,2024,0.0
RE1,DEMTRAHDGTAX,2025,0.0
RE1,DEMTRAHDGTAX,2026,0.0
RE1,DEMTRAHDGTAX,2027,0.0
RE1,DEMTRAHDGTAX,2028,0.0
RE1,DEMTRAHDGTAX,2029,0.0
RE1,DEMTRAHDGTAX,2030,0.0
RE1,DEMTRAHDGTAX,2031,0.0
RE1,DEMTRAHDGTAX,2032,0.0
RE1,DEMTRAHDGTAX,2033,0.0
RE1,DEMTRAHDGTAX,2034,0.0
RE1,DEMTRAHDGTAX,2035,0.0
RE1,DEMTRAHDGTAX,2036,0.0
RE1,DEMTRAHDGTAX,2037,0.0
RE1,DEMTRAHDGTAX,2038,0.0
RE1,DEMTRAHDGTAX,2039,0.0
RE1,DEMTRAHDGTAX,2040,0.0
RE1,DEMTRAHDGTAX,2041,0.0
RE1,DEMTRAHDGTAX,2042,0.0
RE1,DEMTRAHDGTAX,2043,0.0
RE1,DEMTRAHDGTAX,2044,0.0
RE1,DEMTRAHDGTAX,2045,0.0
RE1,DEMTRAHDGTAX,2046,0.0
RE1,DEMTRAHDGTAX,2047,0.0
RE1,DEMTRAHDGTAX,2048,0.0
RE1,DEMTRAHDGTAX,2049,0.0
RE1,DEMTRAHDGTAX,2050,0.0
RE1,DEMTRAHDGTAX,2051,0.0
RE1,DEMTRAHDGTAX,2052,0.0
RE1,DEMTRAHDGTAX,2053,0.0
RE1,DEMTRAHDGTAX,2054,0.0
RE1,DEMTRAHDGTCK_CSG,2022,0.0
RE1,DEMTRAHDGTCK_CSG,2023,0.0
RE1,DEMTRAHDGTCK_CSG,2024,0.0
RE1,DEMTRAHDGTCK_CSG,2025,0.0
RE1,DEMTRAHDGTCK_CSG,2026,0.0
RE1,DEMTRAHDGTCK_CSG,2027,0.0
RE1,DEMTRAHDGTCK_CSG,2028,0.0
RE1,DEMTRAHDGTCK_CSG,2029,0.0
RE1,DEMTRAHDGTCK_CSG,2030,0.0
RE1,DEMTRAHDGTCK_CSG,2031,0.0
RE1,DEMTRAHDGTCK_CSG,2032,0.0
RE1,DEMTRAHDGTCK_CSG,2033,0.0
RE1,DEMTRAHDGTCK_CSG,2034,0.0
RE1,DEMTRAHDGTCK_CSG,2035,0.0
RE1,DEMTRAHDGTCK_CSG,2036,0.0
RE1,DEMTRAHDGTCK_CSG,2037,0.0
RE1,DEMTRAHDGTCK_CSG,2038,0.0
RE1,DEMTRAHDGTCK_CSG,2039,0.0
RE1,DEMTRAHDGTCK_CSG,2040,0.0
RE1,DEMTRAHDGTCK_CSG,2041,0.0
RE1,DEMTRAHDGTCK_CSG,2042,0.0
RE1,DEMTRAHDGTCK_CSG,2043,0.0
RE1,DEMTRAHDGTCK_CSG,2044,0.0
RE1,DEMTRAHDGTCK_CSG,2045,0.0
RE1,DEMTRAHDGTCK_CSG,2046,0.0
RE1,DEMTRAHDGTCK_CSG,2047,0.0
RE1,DEMTRAHDGTCK_CSG,2048,0.0
RE1,DEMTRAHDGTCK_CSG,2049,0.0
RE1,DEMTRAHDGTCK_CSG,2050,0.0
RE1,DEMTRAHDGTCK_CSG,2051,0.0
RE1,DEMTRAHDGTCK_CSG,2052,0.0
RE1,DEMTRAHDGTCK_CSG,2053,0.0
RE1,DEMTRAHDGTCK_CSG,2054,0.0
RE1,DEMTRAHEVFWD,2022,0.0823212573605771
RE1,DEMTRAHEVFWD,2023,0.07850599815359119
RE1,DEMTRAHEVFWD,2024,0.0796637865306971
RE1,DEMTRAHEVFWD,2025,0.07961410039868443
RE1,DEMTRAHEVFWD,2026,0.07951225348667336
RE1,DEMTRAHEVFWD,2027,0.0792872573970574
RE1,DEMTRAHEVFWD,2028,0.07885219181338586
RE1,DEMTRAHEVFWD,2029,0.07808910548231175
RE1,DEMTRAHEVFWD,2030,0.07684868273987398
RE1,DEMTRAHEVFWD,2031,0.0749550136498073
RE1,DEMTRAHEVFWD,2032,0.07221816275989759
RE1,DEMTRAHEVFWD,2033,0.0684572354842584
RE1,DEMTRAHEVFWD,2034,0.06353541352972866
RE1,DEMTRAHEVFWD,2035,0.05740521255559585
RE1,DEMTRAHEVFWD,2036,0.05015663176440525
RE1,DEMTRAHEVFWD,2037,0.04205377961809291
RE1,DEMTRAHEVFWD,2038,0.03354000518789273
RE1,DEMTRAHEVFWD,2039,0.02519279686521993
RE1,DEMTRAHEVFWD,2040,0.01762295658725516
RE1,DEMTRAHEVFWD,2041,0.01133790208348921
RE1,DEMTRAHEVFWD,2042,0.006616027473355322
RE1,DEMTRAHEVFWD,2043,0.003448233305572973
RE1,DEMTRAHEVFWD,2044,0.001578294370330307
RE1,DEMTRAHEVFWD,2045,0.0006227734982264089
RE1,DEMTRAHEVFWD,2046,0.0002076115037141626
RE1,DEMTRAHEVFWD,2047,5.720292668540379e-05
RE1,DEMTRAHEVFWD,2048,1.272047094496082e-05
RE1,DEMTRAHEVFWD,2049,2.225118982028995e-06
RE1,DEMTRAHEVFWD,2050,2.97822896610729e-07
RE1,DEMTRAHEVFWD,2051,2.960863243189442e-08
RE1,DEMTRAHEVFWD,2052,2.117940924132486e-09
RE1,DEMTRAHEVFWD,2053,1.053590393311162e-10
RE1,DEMTRAHEVFWD,2054,3.515079444220759e-12
RE1,DEMTRAHEVLDV,2022,0.03314298369562321
RE1,DEMTRAHEVLDV,2023,0.03350701037885783
RE1,DEMTRAHEVLDV,2024,0.03056728487974806
RE1,DEMTRAHEVLDV,2025,0.03056047222907381
RE1,DEMTRAHEVLDV,2026,0.03054649907304569
RE1,DEMTRAHEVLDV,2027,0.03051558931107322
RE1,DEMTRAHEVLDV,2028,0.03045566010810292
RE1,DEMTRAHEVLDV,2029,0.03035003149004
RE1,DEMTRAHEVLDV,2030,0.03017690357875475
RE1,DEMTRAHEVLDV,2031,0.02990910228158789
RE1,DEMTRAHEVLDV,2032,0.02951426210994376
RE1,DEMTRAHEVLDV,2033,0.02895566642245694
RE1,DEMTRAHEVLDV,2034,0.02819400228446776
RE1,DEMTRAHEVLDV,2035,0.02719028406846151
RE1,DEMTRAHEVLDV,2036,0.02591012157814205
RE1,DEMTRAHEVLDV,2037,0.02432931453670851
RE1,DEMTRAHEVLDV,2038,0.02244041445194273
RE1,DEMTRAHEVLDV,2039,0.02025941064165464
RE1,DEMTRAHEVLDV,2040,0.01783114279742196
RE1,DEMTRAHEVLDV,2041,0.01523159186500599
RE1,DEMTRAHEVLDV,2042,0.01256512822395503
RE1,DEMTRAHEVLDV,2043,0.00995540552479608
RE1,DEMTRAHEVLDV,2044,0.007530053176738688
RE1,DEMTRAHEVLDV,2045,0.005401461361258691
RE1,DEMTRAHEVLDV,2046,0.003648083887134762
RE1,DEMTRAHEVLDV,2047,0.002301720467507358
RE1,DEMTRAHEVLDV,2048,0.001345193833539533
RE1,DEMTRAHEVLDV,2049,0.0007215676202588328
RE1,DEMTRAHEVLDV,2050,0.0003517532734527967
RE1,DEMTRAHEVLDV,2051,0.0001541912137658703
RE1,DEMTRAHEVLDV,2052,6.009023723604878e-05
RE1,DEMTRAHEVLDV,2053,2.056805100315662e-05
RE1,DEMTRAHEVLDV,2054,6.103764117229482e-06
RE1,DEMTRAJETAVI,2022,69.43007185035506
RE1,DEMTRAJETAVI,2023,71.68552379070434
RE1,DEMTRAJETAVI,2024,72.85743450687622
RE1,DEMTRAJETAVI,2025,72.85743450687622
RE1,DEMTRAJETAVI,2026,72.85743450687622
RE1,DEMTRAJETAVI,2027,72.85743450687622
RE1,DEMTRAJETAVI,2028,72.85743450687622
RE1,DEMTRAJETAVI,2029,72.85743450687622
RE1,DEMTRAJETAVI,2030,72.85743450687622
RE1,DEMTRAJETAVI,2031,72.85743450687622
RE1,DEMTRAJETAVI,2032,72.85743450687622
RE1,DEMTRAJETAVI,2033,72.85743450687622
RE1,DEMTRAJETAVI,2034,72.85743450687622
RE1,DEMTRAJETAVI,2035,72.85743450687622
RE1,DEMTRAJETAVI,2036,72.85743450687622
RE1,DEMTRAJETAVI,2037,72.85743450687622
RE1,DEMTRAJETAVI,2038,72.85743450687622
RE1,DEMTRAJETAVI,2039,72.85743450687622
RE1,DEMTRAJETAVI,2040,72.85743450687622
RE1,DEMTRAJETAVI,2041,72.85743450687622
RE1,DEMTRAJETAVI,2042,72.85743450687622
RE1,DEMTRAJETAVI,2043,72.85743450687622
RE1,DEMTRAJETAVI,2044,72.85743450687622
RE1,DEMTRAJETAVI,2045,72.85743450687622
RE1,DEMTRAJETAVI,2046,72.85743450687622
RE1,DEMTRAJETAVI,2047,72.85743450687622
RE1,DEMTRAJETAVI,2048,72.85743450687622
RE1,DEMTRAJETAVI,2049,72.85743450687622
RE1,DEMTRAJETAVI,2050,72.85743450687622
RE1,DEMTRAJETAVI,2051,72.85743450687622
RE1,DEMTRAJETAVI,2052,72.85743450687622
RE1,DEMTRAJETAVI,2053,72.85743450687622
RE1,DEMTRAJETAVI,2054,72.85743450687622
RE1,DEMTRAJETSAFAVI,2022,0.0
RE1,DEMTRAJETSAFAVI,2023,0.0
RE1,DEMTRAJETSAFAVI,2024,0.0
RE1,DEMTRAJETSAFAVI,2025,0.0
RE1,DEMTRAJETSAFAVI,2026,0.0
RE1,DEMTRAJETSAFAVI,2027,0.0
RE1,DEMTRAJETSAFAVI,2028,0.0
RE1,DEMTRAJETSAFAVI,2029,0.0
RE1,DEMTRAJETSAFAVI,2030,0.0
RE1,DEMTRAJETSAFAVI,2031,0.0
RE1,DEMTRAJETSAFAVI,2032,0.0
RE1,DEMTRAJETSAFAVI,2033,0.0
RE1,DEMTRAJETSAFAVI,2034,0.0
RE1,DEMTRAJETSAFAVI,2035,0.0
RE1,DEMTRAJETSAFAVI,2036,0.0
RE1,DEMTRAJETSAFAVI,2037,0.0
RE1,DEMTRAJETSAFAVI,2038,0.0
RE1,DEMTRAJETSAFAVI,2039,0.0
RE1,DEMTRAJETSAFAVI,2040,0.0
RE1,DEMTRAJETSAFAVI,2041,0.0
RE1,DEMTRAJETSAFAVI,2042,0.0
RE1,DEMTRAJETSAFAVI,2043,0.0
RE1,DEMTRAJETSAFAVI,2044,0.0
RE1,DEMTRAJETSAFAVI,2045,0.0
RE1,DEMTRAJETSAFAVI,2046,0.0
RE1,DEMTRAJETSAFAVI,2047,0.0
RE1,DEMTRAJETSAFAVI,2048,0.0
RE1,DEMTRAJETSAFAVI,2049,0.0
RE1,DEMTRAJETSAFAVI,2050,0.0
RE1,DEMTRAJETSAFAVI,2051,0.0
RE1,DEMTRAJETSAFAVI,2052,0.0
RE1,DEMTRAJETSAFAVI,2053,0.0
RE1,DEMTRAJETSAFAVI,2054,0.0
RE1,DEMTRANGSBUS_ART,2022,0.0
RE1,DEMTRANGSBUS_ART,2023,0.0
RE1,DEMTRANGSBUS_ART,2024,0.0
RE1,DEMTRANGSBUS_ART,2025,0.0
RE1,DEMTRANGSBUS_ART,2026,0.0
RE1,DEMTRANGSBUS_ART,2027,0.0
RE1,DEMTRANGSBUS_ART,2028,0.0
RE1,DEMTRANGSBUS_ART,2029,0.0
RE1,DEMTRANGSBUS_ART,2030,0.0
RE1,DEMTRANGSBUS_ART,2031,0.0
RE1,DEMTRANGSBUS_ART,2032,0.0
RE1,DEMTRANGSBUS_ART,2033,0.0
RE1,DEMTRANGSBUS_ART,2034,0.0
RE1,DEMTRANGSBUS_ART,2035,0.0
RE1,DEMTRANGSBUS_ART,2036,0.0
RE1,DEMTRANGSBUS_ART,2037,0.0
RE1,DEMTRANGSBUS_ART,2038,0.0
RE1,DEMTRANGSBUS_ART,2039,0.0
RE1,DEMTRANGSBUS_ART,2040,0.0
RE1,DEMTRANGSBUS_ART,2041,0.0
RE1,DEMTRANGSBUS_ART,2042,0.0
RE1,DEMTRANGSBUS_ART,2043,0.0
RE1,DEMTRANGSBUS_ART,2044,0.0
RE1,DEMTRANGSBUS_ART,2045,0.0
RE1,DEMTRANGSBUS_ART,2046,0.0
RE1,DEMTRANGSBUS_ART,2047,0.0
RE1,DEMTRANGSBUS_ART,2048,0.0
RE1,DEMTRANGSBUS_ART,2049,0.0
RE1,DEMTRANGSBUS_ART,2050,0.0
RE1,DEMTRANGSBUS_ART,2051,0.0
RE1,DEMTRANGSBUS_ART,2052,0.0
RE1,DEMTRANGSBUS_ART,2053,0.0
RE1,DEMTRANGSBUS_ART,2054,0.0
RE1,DEMTRANGSBUS_BIA,2022,0.0
RE1,DEMTRANGSBUS_BIA,2023,0.0
RE1,DEMTRANGSBUS_BIA,2024,0.0
RE1,DEMTRANGSBUS_BIA,2025,0.0
RE1,DEMTRANGSBUS_BIA,2026,0.0
RE1,DEMTRANGSBUS_BIA,2027,0.0
RE1,DEMTRANGSBUS_BIA,2028,0.0
RE1,DEMTRANGSBUS_BIA,2029,0.0
RE1,DEMTRANGSBUS_BIA,2030,0.0
RE1,DEMTRANGSBUS_BIA,2031,0.0
RE1,DEMTRANGSBUS_BIA,2032,0.0
RE1,DEMTRANGSBUS_BIA,2033,0.0
RE1,DEMTRANGSBUS_BIA,2034,0.0
RE1,DEMTRANGSBUS_BIA,2035,0.0
RE1,DEMTRANGSBUS_BIA,2036,0.0
RE1,DEMTRANGSBUS_BIA,2037,0.0
RE1,DEMTRANGSBUS_BIA,2038,0.0
RE1,DEMTRANGSBUS_BIA,2039,0.0
RE1,DEMTRANGSBUS_BIA,2040,0.0
RE1,DEMTRANGSBUS_BIA,2041,0.0
RE1,DEMTRANGSBUS_BIA,2042,0.0
RE1,DEMTRANGSBUS_BIA,2043,0.0
RE1,DEMTRANGSBUS_BIA,2044,0.0
RE1,DEMTRANGSBUS_BIA,2045,0.0
RE1,DEMTRANGSBUS_BIA,2046,0.0
RE1,DEMTRANGSBUS_BIA,2047,0.0
RE1,DEMTRANGSBUS_BIA,2048,0.0
RE1,DEMTRANGSBUS_BIA,2049,0.0
RE1,DEMTRANGSBUS_BIA,2050,0.0
RE1,DEMTRANGSBUS_BIA,2051,0.0
RE1,DEMTRANGSBUS_BIA,2052,0.0
RE1,DEMTRANGSBUS_BIA,2053,0.0
RE1,DEMTRANGSBUS_BIA,2054,0.0
RE1,DEMTRANGSBUS_IMU,2022,2.57699523355847
RE1,DEMTRANGSBUS_IMU,2023,2.544772881344316
RE1,DEMTRANGSBUS_IMU,2024,3.048870116187658
RE1,DEMTRANGSBUS_IMU,2025,3.046968542465399
RE1,DEMTRANGSBUS_IMU,2026,3.043070685986573
RE1,DEMTRANGSBUS_IMU,2027,3.03445969868904
RE1,DEMTRANGSBUS_IMU,2028,3.017808990576807
RE1,DEMTRANGSBUS_IMU,2029,2.988604364331899
RE1,DEMTRANGSBUS_IMU,2030,2.941131252701676
RE1,DEMTRANGSBUS_IMU,2031,2.868657279895628
RE1,DEMTRANGSBUS_IMU,2032,2.763913289506821
RE1,DEMTRANGSBUS_IMU,2033,2.619976134631149
RE1,DEMTRANGSBUS_IMU,2034,2.431609543889448
RE1,DEMTRANGSBUS_IMU,2035,2.196996209899153
RE1,DEMTRANGSBUS_IMU,2036,1.919580556922163
RE1,DEMTRANGSBUS_IMU,2037,1.609470470010097
RE1,DEMTRANGSBUS_IMU,2038,1.28363368059013
RE1,DEMTRANGSBUS_IMU,2039,0.9641716625653726
RE1,DEMTRANGSBUS_IMU,2040,0.6744608565279623
RE1,DEMTRANGSBUS_IMU,2041,0.4339210116417443
RE1,DEMTRANGSBUS_IMU,2042,0.2532067496392086
RE1,DEMTRANGSBUS_IMU,2043,0.1319698188706274
RE1,DEMTRANGSBUS_IMU,2044,0.06040403990077801
RE1,DEMTRANGSBUS_IMU,2045,0.02383461282203165
RE1,DEMTRANGSBUS_IMU,2046,0.007945649297086639
RE1,DEMTRANGSBUS_IMU,2047,0.002189254381755973
RE1,DEMTRANGSBUS_IMU,2048,0.0004868342997100699
RE1,DEMTRANGSBUS_IMU,2049,8.515913019846186e-05
RE1,DEMTRANGSBUS_IMU,2050,1.139819444865336e-05
RE1,DEMTRANGSBUS_IMU,2051,1.133173284049239e-06
RE1,DEMTRANGSBUS_IMU,2052,8.105724159810289e-08
RE1,DEMTRANGSBUS_IMU,2053,4.032271631516049e-09
RE1,DEMTRANGSBUS_IMU,2054,1.345281355585649e-10
RE1,DEMTRANGSBUS_URB,2022,0.0
RE1,DEMTRANGSBUS_URB,2023,0.0
RE1,DEMTRANGSBUS_URB,2024,0.0
RE1,DEMTRANGSBUS_URB,2025,0.0
RE1,DEMTRANGSBUS_URB,2026,0.0
RE1,DEMTRANGSBUS_URB,2027,0.0
RE1,DEMTRANGSBUS_URB,2028,0.0
RE1,DEMTRANGSBUS_URB,2029,0.0
RE1,DEMTRANGSBUS_URB,2030,0.0
RE1,DEMTRANGSBUS_URB,2031,0.0
RE1,DEMTRANGSBUS_URB,2032,0.0
RE1,DEMTRANGSBUS_URB,2033,0.0
RE1,DEMTRANGSBUS_URB,2034,0.0
RE1,DEMTRANGSBUS_URB,2035,0.0
RE1,DEMTRANGSBUS_URB,2036,0.0
RE1,DEMTRANGSBUS_URB,2037,0.0
RE1,DEMTRANGSBUS_URB,2038,0.0
RE1,DEMTRANGSBUS_URB,2039,0.0
RE1,DEMTRANGSBUS_URB,2040,0.0
RE1,DEMTRANGSBUS_URB,2041,0.0
RE1,DEMTRANGSBUS_URB,2042,0.0
RE1,DEMTRANGSBUS_URB,2043,0.0
RE1,DEMTRANGSBUS_URB,2044,0.0
RE1,DEMTRANGSBUS_URB,2045,0.0
RE1,DEMTRANGSBUS_URB,2046,0.0
RE1,DEMTRANGSBUS_URB,2047,0.0
RE1,DEMTRANGSBUS_URB,2048,0.0
RE1,DEMTRANGSBUS_URB,2049,0.0
RE1,DEMTRANGSBUS_URB,2050,0.0
RE1,DEMTRANGSBUS_URB,2051,0.0
RE1,DEMTRANGSBUS_URB,2052,0.0
RE1,DEMTRANGSBUS_URB,2053,0.0
RE1,DEMTRANGSBUS_URB,2054,0.0
RE1,DEMTRANGSFWD,2022,0.4382497338572213
RE1,DEMTRANGSFWD,2023,0.3990190621740849
RE1,DEMTRANGSFWD,2024,0.3921845469052009
RE1,DEMTRANGSFWD,2025,0.3919399422483113
RE1,DEMTRANGSFWD,2026,0.3914385502510158
RE1,DEMTRANGSFWD,2027,0.390330895276224
RE1,DEMTRANGSFWD,2028,0.3881890689052101
RE1,DEMTRANGSFWD,2029,0.3844323975237094
RE1,DEMTRANGSFWD,2030,0.3783258006319535
RE1,DEMTRANGSFWD,2031,0.3690032742191522
RE1,DEMTRANGSFWD,2032,0.355529766707772
RE1,DEMTRANGSFWD,2033,0.3370147346740937
RE1,DEMTRANGSFWD,2034,0.3127846221317841
RE1,DEMTRANGSFWD,2035,0.2826056638349463
RE1,DEMTRANGSFWD,2036,0.246920925547953
RE1,DEMTRANGSFWD,2037,0.2070306123199115
RE1,DEMTRANGSFWD,2038,0.1651173301025953
RE1,DEMTRANGSFWD,2039,0.124024052259352
RE1,DEMTRANGSFWD,2040,0.08675775462467479
RE1,DEMTRANGSFWD,2041,0.05581645293442519
RE1,DEMTRANGSFWD,2042,0.03257068048040112
RE1,DEMTRANGSFWD,2043,0.01697564069526693
RE1,DEMTRANGSFWD,2044,0.007769937752990264
RE1,DEMTRANGSFWD,2045,0.003065911788317726
RE1,DEMTRANGSFWD,2046,0.001022070718231196
RE1,DEMTRANGSFWD,2047,0.0002816098111922147
RE1,DEMTRANGSFWD,2048,6.262283468094868e-05
RE1,DEMTRANGSFWD,2049,1.095425309015332e-05
RE1,DEMTRANGSFWD,2050,1.466181094973005e-06
RE1,DEMTRANGSFWD,2051,1.457631955557453e-07
RE1,DEMTRANGSFWD,2052,1.042661588001237e-08
RE1,DEMTRANGSFWD,2053,5.186821880041943e-10
RE1,DEMTRANGSFWD,2054,1.730472400576012e-11
RE1,DEMTRANGSLDV,2022,0.9472967194819183
RE1,DEMTRANGSLDV,2023,0.8595341280642039
RE1,DEMTRANGSLDV,2024,0.8481230866951903
RE1,DEMTRANGSLDV,2025,0.8479340621762921
RE1,DEMTRANGSLDV,2026,0.8475463615261343
RE1,DEMTRANGSLDV,2027,0.8466887360341667
RE1,DEMTRANGSLDV,2028,0.8450259340939122
RE1,DEMTRANGSLDV,2029,0.842095151397729
RE1,DEMTRANGSLDV,2030,0.8372915262445634
RE1,DEMTRANGSLDV,2031,0.8298610834143394
RE1,DEMTRANGSLDV,2032,0.8189058066717871
RE1,DEMTRANGSLDV,2033,0.8034069522413163
RE1,DEMTRANGSLDV,2034,0.7822737393217614
RE1,DEMTRANGSLDV,2035,0.7544244686102688
RE1,DEMTRANGSLDV,2036,0.7189049461197227
RE1,DEMTRANGSLDV,2037,0.6750437084362154
RE1,DEMTRANGSLDV,2038,0.6226340889147984
RE1,DEMTRANGSLDV,2039,0.5621197288415217
RE1,DEMTRANGSLDV,2040,0.4947447549936556
RE1,DEMTRANGSLDV,2041,0.4226173426475653
RE1,DEMTRANGSLDV,2042,0.3486333632818692
RE1,DEMTRANGSLDV,2043,0.2762237240307355
RE1,DEMTRANGSLDV,2044,0.2089296438450041
RE1,DEMTRANGSLDV,2045,0.1498695124672547
RE1,DEMTRANGSLDV,2046,0.1012201174900433
RE1,DEMTRANGSLDV,2047,0.06386377708362323
RE1,DEMTRANGSLDV,2048,0.03732388894836931
RE1,DEMTRANGSLDV,2049,0.02002069074046816
RE1,DEMTRANGSLDV,2050,0.00975978315409943
RE1,DEMTRANGSLDV,2051,0.004278205561103984
RE1,DEMTRANGSLDV,2052,0.001667270013852274
RE1,DEMTRANGSLDV,2053,0.0005706832966266736
RE1,DEMTRANGSLDV,2054,0.0001693556782661385
RE1,DEMTRANGSMIC,2022,0.168988971513037
RE1,DEMTRANGSMIC,2023,0.2262465157648328
RE1,DEMTRANGSMIC,2024,0.2875540761026876
RE1,DEMTRANGSMIC,2025,0.2863731575354437
RE1,DEMTRANGSMIC,2026,0.2839653600925559
RE1,DEMTRANGSMIC,2027,0.2787069672678647
RE1,DEMTRANGSMIC,2028,0.2687730571514553
RE1,DEMTRANGSMIC,2029,0.2520742509009811
RE1,DEMTRANGSMIC,2030,0.2268085446216387
RE1,DEMTRANGSMIC,2031,0.192391692942708
RE1,DEMTRANGSMIC,2032,0.1505331137395131
RE1,DEMTRANGSMIC,2033,0.1057852328232271
RE1,DEMTRANGSMIC,2034,0.06466807444171016
RE1,DEMTRANGSMIC,2035,0.03311601162849123
RE1,DEMTRANGSMIC,2036,0.01359433444258806
RE1,DEMTRANGSMIC,2037,0.004252126300373184
RE1,DEMTRANGSMIC,2038,0.0009563073666591479
RE1,DEMTRANGSMIC,2039,0.0001448090839325398
RE1,DEMTRANGSMIC,2040,1.371211392724717e-05
RE1,DEMTRANGSMIC,2041,7.475784030440452e-07
RE1,DEMTRANGSMIC,2042,2.1409517235746e-08
RE1,DEMTRANGSMIC,2043,2.910181446641926e-10
RE1,DEMTRANGSMIC,2044,1.679435617882457e-12
RE1,DEMTRANGSMIC,2045,3.641632424081261e-15
RE1,DEMTRANGSMIC,2046,2.596931838318637e-18
RE1,DEMTRANGSMIC,2047,5.269535979694627e-22
RE1,DEMTRANGSMIC,2048,2.600825799278516e-26
RE1,DEMTRANGSMIC,2049,2.635794049556824e-31
RE1,DEMTRANGSMIC,2050,4.570380680198463e-37
RE1,DEMTRANGSMIC,2051,1.114676973535372e-43
RE1,DEMTRANGSMIC,2052,3.099864712253783e-51
RE1,DEMTRANGSMIC,2053,7.854012977433369e-60
RE1,DEMTRANGSMIC,2054,1.42712207787203e-69
RE1,DEMTRANGSSTT,2022,0.2842507253306291
RE1,DEMTRANGSSTT,2023,0.3066528421596353
RE1,DEMTRANGSSTT,2024,0.3632927447046268
RE1,DEMTRANGSSTT,2025,0.3594909898277942
RE1,DEMTRANGSSTT,2026,0.3586107257284797
RE1,DEMTRANGSSTT,2027,0.3578567633017513
RE1,DEMTRANGSSTT,2028,0.3571652180027099
RE1,DEMTRANGSSTT,2029,0.3565214105798125
RE1,DEMTRANGSSTT,2030,0.3559159928202023
RE1,DEMTRANGSSTT,2031,0.3553788925250609
RE1,DEMTRANGSSTT,2032,0.3548741559006508
RE1,DEMTRANGSSTT,2033,0.3544510134211075
RE1,DEMTRANGSSTT,2034,0.3540359052630191
RE1,DEMTRANGSSTT,2035,0.353636590206744
RE1,DEMTRANGSSTT,2036,0.3531833068183141
RE1,DEMTRANGSSTT,2037,0.3527110459645266
RE1,DEMTRANGSSTT,2038,0.3522546089752722
RE1,DEMTRANGSSTT,2039,0.351786566881394
RE1,DEMTRANGSSTT,2040,0.3512397006452714
RE1,DEMTRANGSSTT,2041,0.350553452244112
RE1,DEMTRANGSSTT,2042,0.3499819813206466
RE1,DEMTRANGSSTT,2043,0.3492770279620886
RE1,DEMTRANGSSTT,2044,0.3486932798714347
RE1,DEMTRANGSSTT,2045,0.3481458755111709
RE1,DEMTRANGSSTT,2046,0.3475297411723951
RE1,DEMTRANGSSTT,2047,0.3468844972253546
RE1,DEMTRANGSSTT,2048,0.3462811531207541
RE1,DEMTRANGSSTT,2049,0.3455627349817926
RE1,DEMTRANGSSTT,2050,0.3445990575303746
RE1,DEMTRANGSSTT,2051,0.3434985606790557
RE1,DEMTRANGSSTT,2052,0.3423071234515294
RE1,DEMTRANGSSTT,2053,0.3408564827062949
RE1,DEMTRANGSSTT,2054,0.3388929255741896
RE1,DEMTRANGSTAX,2022,0.2971764734183361
RE1,DEMTRANGSTAX,2023,0.2816525233640895
RE1,DEMTRANGSTAX,2024,0.267478683218157
RE1,DEMTRANGSTAX,2025,0.267419069194905
RE1,DEMTRANGSTAX,2026,0.2672967972499316
RE1,DEMTRANGSTAX,2027,0.267026321724758
RE1,DEMTRANGSTAX,2028,0.2665019119068801
RE1,DEMTRANGSTAX,2029,0.2655776098702166
RE1,DEMTRANGSTAX,2030,0.2640626560259002
RE1,DEMTRANGSTAX,2031,0.2617192637811488
RE1,DEMTRANGSTAX,2032,0.2582642192913135
RE1,DEMTRANGSTAX,2033,0.2533762339982753
RE1,DEMTRANGSTAX,2034,0.2467113005085883
RE1,DEMTRANGSTAX,2035,0.2379282755263039
RE1,DEMTRANGSTAX,2036,0.2267262280247677
RE1,DEMTRANGSTAX,2037,0.2128933937534852
RE1,DEMTRANGSTAX,2038,0.1963645947649118
RE1,DEMTRANGSTAX,2039,0.1772797454050609
RE1,DEMTRANGSTAX,2040,0.1560312148917514
RE1,DEMTRANGSTAX,2041,0.1332838736379708
RE1,DEMTRANGSTAX,2042,0.1099510134783843
RE1,DEMTRANGSTAX,2043,0.08711466429389882
RE1,DEMTRANGSTAX,2044,0.06589164579714434
RE1,DEMTRANGSTAX,2045,0.04726542700952958
RE1,DEMTRANGSTAX,2046,0.03192251710411725
RE1,DEMTRANGSTAX,2047,0.02014117911378668
RE1,DEMTRANGSTAX,2048,0.01177110354039743
RE1,DEMTRANGSTAX,2049,0.006314069361376743
RE1,DEMTRANGSTAX,2050,0.003078013070868657
RE1,DEMTRANGSTAX,2051,0.001349248485240155
RE1,DEMTRANGSTAX,2052,0.0005258189464126679
RE1,DEMTRANGSTAX,2053,0.0001799804994238524
RE1,DEMTRANGSTAX,2054,5.341091939220462e-05
RE1,DEMTRANGSTCK_C2P,2022,0.0
RE1,DEMTRANGSTCK_C2P,2023,0.0
RE1,DEMTRANGSTCK_C2P,2024,0.0
RE1,DEMTRANGSTCK_C2P,2025,0.0
RE1,DEMTRANGSTCK_C2P,2026,0.0
RE1,DEMTRANGSTCK_C2P,2027,0.0
RE1,DEMTRANGSTCK_C2P,2028,0.0
RE1,DEMTRANGSTCK_C2P,2029,0.0
RE1,DEMTRANGSTCK_C2P,2030,0.0
RE1,DEMTRANGSTCK_C2P,2031,0.0
RE1,DEMTRANGSTCK_C2P,2032,0.0
RE1,DEMTRANGSTCK_C2P,2033,0.0
RE1,DEMTRANGSTCK_C2P,2034,0.0
RE1,DEMTRANGSTCK_C2P,2035,0.0
RE1,DEMTRANGSTCK_C2P,2036,0.0
RE1,DEMTRANGSTCK_C2P,2037,0.0
RE1,DEMTRANGSTCK_C2P,2038,0.0
RE1,DEMTRANGSTCK_C2P,2039,0.0
RE1,DEMTRANGSTCK_C2P,2040,0.0
RE1,DEMTRANGSTCK_C2P,2041,0.0
RE1,DEMTRANGSTCK_C2P,2042,0.0
RE1,DEMTRANGSTCK_C2P,2043,0.0
RE1,DEMTRANGSTCK_C2P,2044,0.0
RE1,DEMTRANGSTCK_C2P,2045,0.0
RE1,DEMTRANGSTCK_C2P,2046,0.0
RE1,DEMTRANGSTCK_C2P,2047,0.0
RE1,DEMTRANGSTCK_C2P,2048,0.0
RE1,DEMTRANGSTCK_C2P,2049,0.0
RE1,DEMTRANGSTCK_C2P,2050,0.0
RE1,DEMTRANGSTCK_C2P,2051,0.0
RE1,DEMTRANGSTCK_C2P,2052,0.0
RE1,DEMTRANGSTCK_C2P,2053,0.0
RE1,DEMTRANGSTCK_C2P,2054,0.0
RE1,DEMTRANGSTCK_CSG,2022,1.149489133420476
RE1,DEMTRANGSTCK_CSG,2023,1.038546793401579
RE1,DEMTRANGSTCK_CSG,2024,1.04135003311315
RE1,DEMTRANGSTCK_CSG,2025,1.030452602254472
RE1,DEMTRANGSTCK_CSG,2026,1.027929394559492
RE1,DEMTRANGSTCK_CSG,2027,1.025768220659148
RE1,DEMTRANGSTCK_CSG,2028,1.023785960538205
RE1,DEMTRANGSTCK_CSG,2029,1.02194053727852
RE1,DEMTRANGSTCK_CSG,2030,1.020205154964376
RE1,DEMTRANGSTCK_CSG,2031,1.018665599280198
RE1,DEMTRANGSTCK_CSG,2032,1.017218811508616
RE1,DEMTRANGSTCK_CSG,2033,1.016005906925448
RE1,DEMTRANGSTCK_CSG,2034,1.0148160320918
RE1,DEMTRANGSTCK_CSG,2035,1.013671426940347
RE1,DEMTRANGSTCK_CSG,2036,1.012372125816305
RE1,DEMTRANGSTCK_CSG,2037,1.011018427282827
RE1,DEMTRANGSTCK_CSG,2038,1.009710086610456
RE1,DEMTRANGSTCK_CSG,2039,1.008368480819912
RE1,DEMTRANGSTCK_CSG,2040,1.006800931835256
RE1,DEMTRANGSTCK_CSG,2041,1.004833854854811
RE1,DEMTRANGSTCK_CSG,2042,1.003195778472202
RE1,DEMTRANGSTCK_CSG,2043,1.001175085204919
RE1,DEMTRANGSTCK_CSG,2044,0.9995018172897379
RE1,DEMTRANGSTCK_CSG,2045,0.9979327258146232
RE1,DEMTRANGSTCK_CSG,2046,0.9961666252705346
RE1,DEMTRANGSTCK_CSG,2047,0.9943170843275604
RE1,DEMTRANGSTCK_CSG,2048,0.9925876459821422
RE1,DEMTRANGSTCK_CSG,2049,0.9905283569825644
RE1,DEMTRANGSTCK_CSG,2050,0.9877660514849405
RE1,DEMTRANGSTCK_CSG,2051,0.9846115639558993
RE1,DEMTRANGSTCK_CSG,2052,0.9811964030025874
RE1,DEMTRANGSTCK_CSG,2053,0.9770382555853758
RE1,DEMTRANGSTCK_CSG,2054,0.9714098737518772
RE1,DEMTRAPHEVFWD,2022,0.0
RE1,DEMTRAPHEVFWD,2023,0.0
RE1,DEMTRAPHEVFWD,2024,0.0
RE1,DEMTRAPHEVFWD,2025,0.0
RE1,DEMTRAPHEVFWD,2026,0.0
RE1,DEMTRAPHEVFWD,2027,0.0
RE1,DEMTRAPHEVFWD,2028,0.0
RE1,DEMTRAPHEVFWD,2029,0.0
RE1,DEMTRAPHEVFWD,2030,0.0
RE1,DEMTRAPHEVFWD,2031,0.0
RE1,DEMTRAPHEVFWD,2032,0.0
RE1,DEMTRAPHEVFWD,2033,0.0
RE1,DEMTRAPHEVFWD,2034,0.0
RE1,DEMTRAPHEVFWD,2035,0.0
RE1,DEMTRAPHEVFWD,2036,0.0
RE1,DEMTRAPHEVFWD,2037,0.0
RE1,DEMTRAPHEVFWD,2038,0.0
RE1,DEMTRAPHEVFWD,2039,0.0
RE1,DEMTRAPHEVFWD,2040,0.0
RE1,DEMTRAPHEVFWD,2041,0.0
RE1,DEMTRAPHEVFWD,2042,0.0
RE1,DEMTRAPHEVFWD,2043,0.0
RE1,DEMTRAPHEVFWD,2044,0.0
RE1,DEMTRAPHEVFWD,2045,0.0
RE1,DEMTRAPHEVFWD,2046,0.0
RE1,DEMTRAPHEVFWD,2047,0.0
RE1,DEMTRAPHEVFWD,2048,0.0
RE1,DEMTRAPHEVFWD,2049,0.0
RE1,DEMTRAPHEVFWD,2050,0.0
RE1,DEMTRAPHEVFWD,2051,0.0
RE1,DEMTRAPHEVFWD,2052,0.0
RE1,DEMTRAPHEVFWD,2053,0.0
RE1,DEMTRAPHEVFWD,2054,0.0
RE1,DEMTRAPHEVLDV,2022,0.0
RE1,DEMTRAPHEVLDV,2023,0.0
RE1,DEMTRAPHEVLDV,2024,0.0
RE1,DEMTRAPHEVLDV,2025,0.0
RE1,DEMTRAPHEVLDV,2026,0.0
RE1,DEMTRAPHEVLDV,2027,0.0
RE1,DEMTRAPHEVLDV,2028,0.0
RE1,DEMTRAPHEVLDV,2029,0.0
RE1,DEMTRAPHEVLDV,2030,0.0
RE1,DEMTRAPHEVLDV,2031,0.0
RE1,DEMTRAPHEVLDV,2032,0.0
RE1,DEMTRAPHEVLDV,2033,0.0
RE1,DEMTRAPHEVLDV,2034,0.0
RE1,DEMTRAPHEVLDV,2035,0.0
RE1,DEMTRAPHEVLDV,2036,0.0
RE1,DEMTRAPHEVLDV,2037,0.0
RE1,DEMTRAPHEVLDV,2038,0.0
RE1,DEMTRAPHEVLDV,2039,0.0
RE1,DEMTRAPHEVLDV,2040,0.0
RE1,DEMTRAPHEVLDV,2041,0.0
RE1,DEMTRAPHEVLDV,2042,0.0
RE1,DEMTRAPHEVLDV,2043,0.0
RE1,DEMTRAPHEVLDV,2044,0.0
RE1,DEMTRAPHEVLDV,2045,0.0
RE1,DEMTRAPHEVLDV,2046,0.0
RE1,DEMTRAPHEVLDV,2047,0.0
RE1,DEMTRAPHEVLDV,2048,0.0
RE1,DEMTRAPHEVLDV,2049,0.0
RE1,DEMTRAPHEVLDV,2050,0.0
RE1,DEMTRAPHEVLDV,2051,0.0
RE1,DEMTRAPHEVLDV,2052,0.0
RE1,DEMTRAPHEVLDV,2053,0.0
RE1,DEMTRAPHEVLDV,2054,0.0
RE1,DEMTRAPHEVTAX,2022,0.03196299440091002
RE1,DEMTRAPHEVTAX,2023,0.03387551185233331
RE1,DEMTRAPHEVTAX,2024,0.03097076168363792
RE1,DEMTRAPHEVTAX,2025,0.03096385910850585
RE1,DEMTRAPHEVTAX,2026,0.03094970151200955
RE1,DEMTRAPHEVTAX,2027,0.0309183837526628
RE1,DEMTRAPHEVTAX,2028,0.03085766350647851
RE1,DEMTRAPHEVTAX,2029,0.03075064062990087
RE1,DEMTRAPHEVTAX,2030,0.03057522749450808
RE1,DEMTRAPHEVTAX,2031,0.0303038913197136
RE1,DEMTRAPHEVTAX,2032,0.02990383940449692
RE1,DEMTRAPHEVTAX,2033,0.02933787046146776
RE1,DEMTRAPHEVTAX,2034,0.0285661526398347
RE1,DEMTRAPHEVTAX,2035,0.02754918571628398
RE1,DEMTRAPHEVTAX,2036,0.02625212555670518
RE1,DEMTRAPHEVTAX,2037,0.02465045244963469
RE1,DEMTRAPHEVTAX,2038,0.02273661958552437
RE1,DEMTRAPHEVTAX,2039,0.0205268273352388
RE1,DEMTRAPHEVTAX,2040,0.01806650725762543
RE1,DEMTRAPHEVTAX,2041,0.01543264321870077
RE1,DEMTRAPHEVTAX,2042,0.01273098324824692
RE1,DEMTRAPHEVTAX,2043,0.01008681317903735
RE1,DEMTRAPHEVTAX,2044,0.007629447081065604
RE1,DEMTRAPHEVTAX,2045,0.005472758644447202
RE1,DEMTRAPHEVTAX,2046,0.003696237239089108
RE1,DEMTRAPHEVTAX,2047,0.002332102322530833
RE1,DEMTRAPHEVTAX,2048,0.001362949892368575
RE1,DEMTRAPHEVTAX,2049,0.000731092044765549
RE1,DEMTRAPHEVTAX,2050,0.0003563962859770972
RE1,DEMTRAPHEVTAX,2051,0.0001562264805016271
RE1,DEMTRAPHEVTAX,2052,6.088340604251507e-05
RE1,DEMTRAPHEVTAX,2053,2.083954163484487e-05
RE1,DEMTRAPHEVTAX,2054,6.184331535873493e-06
RE1,EXPECU,2022,1.675076953248
RE1,EXPECU,2023,4.667880941388
RE1,EXPECU,2024,4.560443958204
RE1,EXPECU,2025,2.247842482524
RE1,EXPECU,2026,3.2878110838410004
RE1,EXPECU,2027,3.2878110838410004
RE1,EXPECU,2028,3.2878110838410004
RE1,EXPECU,2029,3.2878110838410004
RE1,EXPECU,2030,3.2878110838410004
RE1,EXPECU,2031,3.2878110838410004
RE1,EXPECU,2032,3.2878110838410004
RE1,EXPECU,2033,3.2878110838410004
RE1,EXPECU,2034,3.2878110838410004
RE1,EXPECU,2035,3.2878110838410004
RE1,EXPECU,2036,3.2878110838410004
RE1,EXPECU,2037,3.2878110838410004
RE1,EXPECU,2038,3.2878110838410004
RE1,EXPECU,2039,3.2878110838410004
RE1,EXPECU,2040,3.2878110838410004
RE1,EXPECU,2041,3.2878110838410004
RE1,EXPECU,2042,3.2878110838410004
RE1,EXPECU,2043,3.2878110838410004
RE1,EXPECU,2044,3.2878110838410004
RE1,EXPECU,2045,3.2878110838410004
RE1,EXPECU,2046,3.2878110838410004
RE1,EXPECU,2047,3.2878110838410004
RE1,EXPECU,2048,3.2878110838410004
RE1,EXPECU,2049,3.2878110838410004
RE1,EXPECU,2050,3.2878110838410004
RE1,EXPECU,2051,3.2878110838410004
RE1,EXPECU,2052,3.2878110838410004
RE1,EXPECU,2053,3.2878110838410004
RE1,EXPECU,2054,3.2878110838410004
RE1,EXPOIL,2022,999999.0
RE1,EXPOIL,2023,999999.0
RE1,EXPOIL,2024,999999.0
RE1,EXPOIL,2025,999999.0
RE1,EXPOIL,2026,999999.0
RE1,EXPOIL,2027,999999.0
RE1,EXPOIL,2028,999999.0
RE1,EXPOIL,2029,999999.0
RE1,EXPOIL,2030,999999.0
RE1,EXPOIL,2031,999999.0
RE1,EXPOIL,2032,999999.0
RE1,EXPOIL,2033,999999.0
RE1,EXPOIL,2034,999999.0
RE1,EXPOIL,2035,999999.0
RE1,EXPOIL,2036,999999.0
RE1,EXPOIL,2037,999999.0
RE1,EXPOIL,2038,999999.0
RE1,EXPOIL,2039,999999.0
RE1,EXPOIL,2040,999999.0
RE1,EXPOIL,2041,999999.0
RE1,EXPOIL,2042,999999.0
RE1,EXPOIL,2043,999999.0
RE1,EXPOIL,2044,999999.0
RE1,EXPOIL,2045,999999.0
RE1,EXPOIL,2046,999999.0
RE1,EXPOIL,2047,999999.0
RE1,EXPOIL,2048,999999.0
RE1,EXPOIL,2049,999999.0
RE1,EXPOIL,2050,999999.0
RE1,EXPOIL,2051,999999.0
RE1,EXPOIL,2052,999999.0
RE1,EXPOIL,2053,999999.0
RE1,EXPOIL,2054,999999.0
RE1,GRDCOADST,2022,2265.3
RE1,GRDCOADST,2023,2265.3
RE1,GRDCOADST,2024,2265.3
RE1,GRDCOADST,2025,2265.3
RE1,GRDCOADST,2026,2265.3
RE1,GRDCOADST,2027,2265.3
RE1,GRDCOADST,2028,2265.3
RE1,GRDCOADST,2029,2265.3
RE1,GRDCOADST,2030,2265.3
RE1,GRDCOADST,2031,2265.3
RE1,GRDCOADST,2032,2265.3
RE1,GRDCOADST,2033,2265.3
RE1,GRDCOADST,2034,2265.3
RE1,GRDCOADST,2035,2265.3
RE1,GRDCOADST,2036,2265.3
RE1,GRDCOADST,2037,2265.3
RE1,GRDCOADST,2038,2265.3
RE1,GRDCOADST,2039,2265.3
RE1,GRDCOADST,2040,2265.3
RE1,GRDCOADST,2041,2265.3
RE1,GRDCOADST,2042,2265.3
RE1,GRDCOADST,2043,2265.3
RE1,GRDCOADST,2044,2265.3
RE1,GRDCOADST,2045,2265.3
RE1,GRDCOADST,2046,2265.3
RE1,GRDCOADST,2047,2265.3
RE1,GRDCOADST,2048,2265.3
RE1,GRDCOADST,2049,2265.3
RE1,GRDCOADST,2050,2265.3
RE1,GRDCOADST,2051,2265.3
RE1,GRDCOADST,2052,2265.3
RE1,GRDCOADST,2053,2265.3
RE1,GRDCOADST,2054,2265.3
RE1,GRDDSTELC,2022,530.1748931440216
RE1,GRDDSTELC,2023,562.5616949225641
RE1,GRDDSTELC,2024,569.3107185648972
RE1,GRDDSTELC,2025,572.120573917013
RE1,GRDDSTELC,2026,576.8700809334074
RE1,GRDDSTELC,2027,578.0087819104466
RE1,GRDDSTELC,2028,581.0087991904328
RE1,GRDDSTELC,2029,584.1592430700778
RE1,GRDDSTELC,2030,587.4799812134872
RE1,GRDDSTELC,2031,587.4799812134872
RE1,GRDDSTELC,2032,587.4799812134872
RE1,GRDDSTELC,2033,587.4799812134872
RE1,GRDDSTELC,2034,587.4799812134872
RE1,GRDDSTELC,2035,587.4799812134872
RE1,GRDDSTELC,2036,587.4799812134872
RE1,GRDDSTELC,2037,587.4799812134872
RE1,GRDDSTELC,2038,587.4799812134872
RE1,GRDDSTELC,2039,587.4799812134872
RE1,GRDDSTELC,2040,587.4799812134872
RE1,GRDDSTELC,2041,587.4799812134872
RE1,GRDDSTELC,2042,587.4799812134872
RE1,GRDDSTELC,2043,587.4799812134872
RE1,GRDDSTELC,2044,587.4799812134872
RE1,GRDDSTELC,2045,587.4799812134872
RE1,GRDDSTELC,2046,587.4799812134872
RE1,GRDDSTELC,2047,587.4799812134872
RE1,GRDDSTELC,2048,587.4799812134872
RE1,GRDDSTELC,2049,587.4799812134872
RE1,GRDDSTELC,2050,587.4799812134872
RE1,GRDDSTELC,2051,587.4799812134872
RE1,GRDDSTELC,2052,587.4799812134872
RE1,GRDDSTELC,2053,587.4799812134872
RE1,GRDDSTELC,2054,587.4799812134872
RE1,GRDLPGDST,2022,70.89979000000001
RE1,GRDLPGDST,2023,70.89979000000001
RE1,GRDLPGDST,2024,70.89979000000001
RE1,GRDLPGDST,2025,70.89979000000001
RE1,GRDLPGDST,2026,70.89979000000001
RE1,GRDLPGDST,2027,70.89979000000001
RE1,GRDLPGDST,2028,70.89979000000001
RE1,GRDLPGDST,2029,70.89979000000001
RE1,GRDLPGDST,2030,70.89979000000001
RE1,GRDLPGDST,2031,70.89979000000001
RE1,GRDLPGDST,2032,70.89979000000001
RE1,GRDLPGDST,2033,70.89979000000001
RE1,GRDLPGDST,2034,70.89979000000001
RE1,GRDLPGDST,2035,70.89979000000001
RE1,GRDLPGDST,2036,70.89979000000001
RE1,GRDLPGDST,2037,70.89979000000001
RE1,GRDLPGDST,2038,70.89979000000001
RE1,GRDLPGDST,2039,70.89979000000001
RE1,GRDLPGDST,2040,70.89979000000001
RE1,GRDLPGDST,2041,70.89979000000001
RE1,GRDLPGDST,2042,70.89979000000001
RE1,GRDLPGDST,2043,70.89979000000001
RE1,GRDLPGDST,2044,70.89979000000001
RE1,GRDLPGDST,2045,70.89979000000001
RE1,GRDLPGDST,2046,70.89979000000001
RE1,GRDLPGDST,2047,70.89979000000001
RE1,GRDLPGDST,2048,70.89979000000001
RE1,GRDLPGDST,2049,70.89979000000001
RE1,GRDLPGDST,2050,70.89979000000001
RE1,GRDLPGDST,2051,70.89979000000001
RE1,GRDLPGDST,2052,70.89979000000001
RE1,GRDLPGDST,2053,70.89979000000001
RE1,GRDLPGDST,2054,70.89979000000001
RE1,GRDNGSDST,2022,466.9999999587
RE1,GRDNGSDST,2023,466.9999999587
RE1,GRDNGSDST,2024,466.9999999587
RE1,GRDNGSDST,2025,466.9999999587
RE1,GRDNGSDST,2026,466.9999999587
RE1,GRDNGSDST,2027,466.9999999587
RE1,GRDNGSDST,2028,466.9999999587
RE1,GRDNGSDST,2029,466.9999999587
RE1,GRDNGSDST,2030,466.9999999587
RE1,GRDNGSDST,2031,466.9999999587
RE1,GRDNGSDST,2032,466.9999999587
RE1,GRDNGSDST,2033,466.9999999587
RE1,GRDNGSDST,2034,466.9999999587
RE1,GRDNGSDST,2035,466.9999999587
RE1,GRDNGSDST,2036,466.9999999587
RE1,GRDNGSDST,2037,466.9999999587
RE1,GRDNGSDST,2038,466.9999999587
RE1,GRDNGSDST,2039,466.9999999587
RE1,GRDNGSDST,2040,466.9999999587
RE1,GRDNGSDST,2041,466.9999999587
RE1,GRDNGSDST,2042,466.9999999587
RE1,GRDNGSDST,2043,466.9999999587
RE1,GRDNGSDST,2044,466.9999999587
RE1,GRDNGSDST,2045,466.9999999587
RE1,GRDNGSDST,2046,466.9999999587
RE1,GRDNGSDST,2047,466.9999999587
RE1,GRDNGSDST,2048,466.9999999587
RE1,GRDNGSDST,2049,466.9999999587
RE1,GRDNGSDST,2050,466.9999999587
RE1,GRDNGSDST,2051,466.9999999587
RE1,GRDNGSDST,2052,466.9999999587
RE1,GRDNGSDST,2053,466.9999999587
RE1,GRDNGSDST,2054,466.9999999587
RE1,GRDTYDELC,2022,530.1748931440216
RE1,GRDTYDELC,2023,562.5616949225641
RE1,GRDTYDELC,2024,569.3107185648972
RE1,GRDTYDELC,2025,572.120573917013
RE1,GRDTYDELC,2026,576.8700809334074
RE1,GRDTYDELC,2027,578.0087819104466
RE1,GRDTYDELC,2028,581.0087991904328
RE1,GRDTYDELC,2029,584.1592430700778
RE1,GRDTYDELC,2030,587.4799812134872
RE1,GRDTYDELC,2031,587.4799812134872
RE1,GRDTYDELC,2032,587.4799812134872
RE1,GRDTYDELC,2033,587.4799812134872
RE1,GRDTYDELC,2034,587.4799812134872
RE1,GRDTYDELC,2035,587.4799812134872
RE1,GRDTYDELC,2036,587.4799812134872
RE1,GRDTYDELC,2037,587.4799812134872
RE1,GRDTYDELC,2038,587.4799812134872
RE1,GRDTYDELC,2039,587.4799812134872
RE1,GRDTYDELC,2040,587.4799812134872
RE1,GRDTYDELC,2041,587.4799812134872
RE1,GRDTYDELC,2042,587.4799812134872
RE1,GRDTYDELC,2043,587.4799812134872
RE1,GRDTYDELC,2044,587.4799812134872
RE1,GRDTYDELC,2045,587.4799812134872
RE1,GRDTYDELC,2046,587.4799812134872
RE1,GRDTYDELC,2047,587.4799812134872
RE1,GRDTYDELC,2048,587.4799812134872
RE1,GRDTYDELC,2049,587.4799812134872
RE1,GRDTYDELC,2050,587.4799812134872
RE1,GRDTYDELC,2051,587.4799812134872
RE1,GRDTYDELC,2052,587.4799812134872
RE1,GRDTYDELC,2053,587.4799812134872
RE1,GRDTYDELC,2054,587.4799812134872
RE1,GRDZNIELC,2022,0.0
RE1,GRDZNIELC,2023,0.0
RE1,GRDZNIELC,2024,0.0
RE1,GRDZNIELC,2025,0.0
RE1,GRDZNIELC,2026,0.0
RE1,GRDZNIELC,2027,0.0
RE1,GRDZNIELC,2028,0.0
RE1,GRDZNIELC,2029,0.0
RE1,GRDZNIELC,2030,0.0
RE1,GRDZNIELC,2031,0.0
RE1,GRDZNIELC,2032,0.0
RE1,GRDZNIELC,2033,0.0
RE1,GRDZNIELC,2034,0.0
RE1,GRDZNIELC,2035,0.0
RE1,GRDZNIELC,2036,0.0
RE1,GRDZNIELC,2037,0.0
RE1,GRDZNIELC,2038,0.0
RE1,GRDZNIELC,2039,0.0
RE1,GRDZNIELC,2040,0.0
RE1,GRDZNIELC,2041,0.0
RE1,GRDZNIELC,2042,0.0
RE1,GRDZNIELC,2043,0.0
RE1,GRDZNIELC,2044,0.0
RE1,GRDZNIELC,2045,0.0
RE1,GRDZNIELC,2046,0.0
RE1,GRDZNIELC,2047,0.0
RE1,GRDZNIELC,2048,0.0
RE1,GRDZNIELC,2049,0.0
RE1,GRDZNIELC,2050,0.0
RE1,GRDZNIELC,2051,0.0
RE1,GRDZNIELC,2052,0.0
RE1,GRDZNIELC,2053,0.0
RE1,GRDZNIELC,2054,0.0
RE1,IMPDSL,2022,99999.0
RE1,IMPDSL,2023,99999.0
RE1,IMPDSL,2024,99999.0
RE1,IMPDSL,2025,99999.0
RE1,IMPDSL,2026,99999.0
RE1,IMPDSL,2027,99999.0
RE1,IMPDSL,2028,99999.0
RE1,IMPDSL,2029,99999.0
RE1,IMPDSL,2030,99999.0
RE1,IMPDSL,2031,99999.0
RE1,IMPDSL,2032,99999.0
RE1,IMPDSL,2033,99999.0
RE1,IMPDSL,2034,99999.0
RE1,IMPDSL,2035,99999.0
RE1,IMPDSL,2036,99999.0
RE1,IMPDSL,2037,99999.0
RE1,IMPDSL,2038,99999.0
RE1,IMPDSL,2039,99999.0
RE1,IMPDSL,2040,99999.0
RE1,IMPDSL,2041,99999.0
RE1,IMPDSL,2042,99999.0
RE1,IMPDSL,2043,99999.0
RE1,IMPDSL,2044,99999.0
RE1,IMPDSL,2045,99999.0
RE1,IMPDSL,2046,99999.0
RE1,IMPDSL,2047,99999.0
RE1,IMPDSL,2048,99999.0
RE1,IMPDSL,2049,99999.0
RE1,IMPDSL,2050,99999.0
RE1,IMPDSL,2051,99999.0
RE1,IMPDSL,2052,99999.0
RE1,IMPDSL,2053,99999.0
RE1,IMPDSL,2054,99999.0
RE1,IMPFOL,2022,99999.0
RE1,IMPFOL,2023,99999.0
RE1,IMPFOL,2024,99999.0
RE1,IMPFOL,2025,99999.0
RE1,IMPFOL,2026,99999.0
RE1,IMPFOL,2027,99999.0
RE1,IMPFOL,2028,99999.0
RE1,IMPFOL,2029,99999.0
RE1,IMPFOL,2030,99999.0
RE1,IMPFOL,2031,99999.0
RE1,IMPFOL,2032,99999.0
RE1,IMPFOL,2033,99999.0
RE1,IMPFOL,2034,99999.0
RE1,IMPFOL,2035,99999.0
RE1,IMPFOL,2036,99999.0
RE1,IMPFOL,2037,99999.0
RE1,IMPFOL,2038,99999.0
RE1,IMPFOL,2039,99999.0
RE1,IMPFOL,2040,99999.0
RE1,IMPFOL,2041,99999.0
RE1,IMPFOL,2042,99999.0
RE1,IMPFOL,2043,99999.0
RE1,IMPFOL,2044,99999.0
RE1,IMPFOL,2045,99999.0
RE1,IMPFOL,2046,99999.0
RE1,IMPFOL,2047,99999.0
RE1,IMPFOL,2048,99999.0
RE1,IMPFOL,2049,99999.0
RE1,IMPFOL,2050,99999.0
RE1,IMPFOL,2051,99999.0
RE1,IMPFOL,2052,99999.0
RE1,IMPFOL,2053,99999.0
RE1,IMPFOL,2054,99999.0
RE1,IMPGSL,2022,99999.0
RE1,IMPGSL,2023,99999.0
RE1,IMPGSL,2024,99999.0
RE1,IMPGSL,2025,99999.0
RE1,IMPGSL,2026,99999.0
RE1,IMPGSL,2027,99999.0
RE1,IMPGSL,2028,99999.0
RE1,IMPGSL,2029,99999.0
RE1,IMPGSL,2030,99999.0
RE1,IMPGSL,2031,99999.0
RE1,IMPGSL,2032,99999.0
RE1,IMPGSL,2033,99999.0
RE1,IMPGSL,2034,99999.0
RE1,IMPGSL,2035,99999.0
RE1,IMPGSL,2036,99999.0
RE1,IMPGSL,2037,99999.0
RE1,IMPGSL,2038,99999.0
RE1,IMPGSL,2039,99999.0
RE1,IMPGSL,2040,99999.0
RE1,IMPGSL,2041,99999.0
RE1,IMPGSL,2042,99999.0
RE1,IMPGSL,2043,99999.0
RE1,IMPGSL,2044,99999.0
RE1,IMPGSL,2045,99999.0
RE1,IMPGSL,2046,99999.0
RE1,IMPGSL,2047,99999.0
RE1,IMPGSL,2048,99999.0
RE1,IMPGSL,2049,99999.0
RE1,IMPGSL,2050,99999.0
RE1,IMPGSL,2051,99999.0
RE1,IMPGSL,2052,99999.0
RE1,IMPGSL,2053,99999.0
RE1,IMPGSL,2054,99999.0
RE1,IMPJET,2022,99999.0
RE1,IMPJET,2023,99999.0
RE1,IMPJET,2024,99999.0
RE1,IMPJET,2025,99999.0
RE1,IMPJET,2026,99999.0
RE1,IMPJET,2027,99999.0
RE1,IMPJET,2028,99999.0
RE1,IMPJET,2029,99999.0
RE1,IMPJET,2030,99999.0
RE1,IMPJET,2031,99999.0
RE1,IMPJET,2032,99999.0
RE1,IMPJET,2033,99999.0
RE1,IMPJET,2034,99999.0
RE1,IMPJET,2035,99999.0
RE1,IMPJET,2036,99999.0
RE1,IMPJET,2037,99999.0
RE1,IMPJET,2038,99999.0
RE1,IMPJET,2039,99999.0
RE1,IMPJET,2040,99999.0
RE1,IMPJET,2041,99999.0
RE1,IMPJET,2042,99999.0
RE1,IMPJET,2043,99999.0
RE1,IMPJET,2044,99999.0
RE1,IMPJET,2045,99999.0
RE1,IMPJET,2046,99999.0
RE1,IMPJET,2047,99999.0
RE1,IMPJET,2048,99999.0
RE1,IMPJET,2049,99999.0
RE1,IMPJET,2050,99999.0
RE1,IMPJET,2051,99999.0
RE1,IMPJET,2052,99999.0
RE1,IMPJET,2053,99999.0
RE1,IMPJET,2054,99999.0
RE1,IMPLNG,2022,99999.0
RE1,IMPLNG,2023,99999.0
RE1,IMPLNG,2024,99999.0
RE1,IMPLNG,2025,99999.0
RE1,IMPLNG,2026,99999.0
RE1,IMPLNG,2027,99999.0
RE1,IMPLNG,2028,99999.0
RE1,IMPLNG,2029,99999.0
RE1,IMPLNG,2030,99999.0
RE1,IMPLNG,2031,99999.0
RE1,IMPLNG,2032,99999.0
RE1,IMPLNG,2033,99999.0
RE1,IMPLNG,2034,99999.0
RE1,IMPLNG,2035,99999.0
RE1,IMPLNG,2036,99999.0
RE1,IMPLNG,2037,99999.0
RE1,IMPLNG,2038,99999.0
RE1,IMPLNG,2039,99999.0
RE1,IMPLNG,2040,99999.0
RE1,IMPLNG,2041,99999.0
RE1,IMPLNG,2042,99999.0
RE1,IMPLNG,2043,99999.0
RE1,IMPLNG,2044,99999.0
RE1,IMPLNG,2045,99999.0
RE1,IMPLNG,2046,99999.0
RE1,IMPLNG,2047,99999.0
RE1,IMPLNG,2048,99999.0
RE1,IMPLNG,2049,99999.0
RE1,IMPLNG,2050,99999.0
RE1,IMPLNG,2051,99999.0
RE1,IMPLNG,2052,99999.0
RE1,IMPLNG,2053,99999.0
RE1,IMPLNG,2054,99999.0
RE1,IMPLPG,2022,99999.0
RE1,IMPLPG,2023,99999.0
RE1,IMPLPG,2024,99999.0
RE1,IMPLPG,2025,99999.0
RE1,IMPLPG,2026,99999.0
RE1,IMPLPG,2027,99999.0
RE1,IMPLPG,2028,99999.0
RE1,IMPLPG,2029,99999.0
RE1,IMPLPG,2030,99999.0
RE1,IMPLPG,2031,99999.0
RE1,IMPLPG,2032,99999.0
RE1,IMPLPG,2033,99999.0
RE1,IMPLPG,2034,99999.0
RE1,IMPLPG,2035,99999.0
RE1,IMPLPG,2036,99999.0
RE1,IMPLPG,2037,99999.0
RE1,IMPLPG,2038,99999.0
RE1,IMPLPG,2039,99999.0
RE1,IMPLPG,2040,99999.0
RE1,IMPLPG,2041,99999.0
RE1,IMPLPG,2042,99999.0
RE1,IMPLPG,2043,99999.0
RE1,IMPLPG,2044,99999.0
RE1,IMPLPG,2045,99999.0
RE1,IMPLPG,2046,99999.0
RE1,IMPLPG,2047,99999.0
RE1,IMPLPG,2048,99999.0
RE1,IMPLPG,2049,99999.0
RE1,IMPLPG,2050,99999.0
RE1,IMPLPG,2051,99999.0
RE1,IMPLPG,2052,99999.0
RE1,IMPLPG,2053,99999.0
RE1,IMPLPG,2054,99999.0
RE1,IMPOIL,2022,99999.0
RE1,IMPOIL,2023,99999.0
RE1,IMPOIL,2024,99999.0
RE1,IMPOIL,2025,99999.0
RE1,IMPOIL,2026,99999.0
RE1,IMPOIL,2027,99999.0
RE1,IMPOIL,2028,99999.0
RE1,IMPOIL,2029,99999.0
RE1,IMPOIL,2030,99999.0
RE1,IMPOIL,2031,99999.0
RE1,IMPOIL,2032,99999.0
RE1,IMPOIL,2033,99999.0
RE1,IMPOIL,2034,99999.0
RE1,IMPOIL,2035,99999.0
RE1,IMPOIL,2036,99999.0
RE1,IMPOIL,2037,99999.0
RE1,IMPOIL,2038,99999.0
RE1,IMPOIL,2039,99999.0
RE1,IMPOIL,2040,99999.0
RE1,IMPOIL,2041,99999.0
RE1,IMPOIL,2042,99999.0
RE1,IMPOIL,2043,99999.0
RE1,IMPOIL,2044,99999.0
RE1,IMPOIL,2045,99999.0
RE1,IMPOIL,2046,99999.0
RE1,IMPOIL,2047,99999.0
RE1,IMPOIL,2048,99999.0
RE1,IMPOIL,2049,99999.0
RE1,IMPOIL,2050,99999.0
RE1,IMPOIL,2051,99999.0
RE1,IMPOIL,2052,99999.0
RE1,IMPOIL,2053,99999.0
RE1,IMPOIL,2054,99999.0
RE1,IMPURN,2022,0.0
RE1,IMPURN,2023,0.0
RE1,IMPURN,2024,0.0
RE1,IMPURN,2025,0.0
RE1,IMPURN,2026,0.0
RE1,IMPURN,2027,0.0
RE1,IMPURN,2028,0.0
RE1,IMPURN,2029,0.0
RE1,IMPURN,2030,0.0
RE1,IMPURN,2031,0.0
RE1,IMPURN,2032,0.0
RE1,IMPURN,2033,0.0
RE1,IMPURN,2034,0.0
RE1,IMPURN,2035,0.0
RE1,IMPURN,2036,0.0
RE1,IMPURN,2037,0.0
RE1,IMPURN,2038,0.0
RE1,IMPURN,2039,0.0
RE1,IMPURN,2040,0.0
RE1,IMPURN,2041,0.0
RE1,IMPURN,2042,0.0
RE1,IMPURN,2043,0.0
RE1,IMPURN,2044,0.0
RE1,IMPURN,2045,0.0
RE1,IMPURN,2046,0.0
RE1,IMPURN,2047,0.0
RE1,IMPURN,2048,0.0
RE1,IMPURN,2049,0.0
RE1,IMPURN,2050,0.0
RE1,IMPURN,2051,0.0
RE1,IMPURN,2052,0.0
RE1,IMPURN,2053,0.0
RE1,IMPURN,2054,0.0
RE1,MINAFR,2022,99999.0
RE1,MINAFR,2023,99999.0
RE1,MINAFR,2024,99999.0
RE1,MINAFR,2025,99999.0
RE1,MINAFR,2026,99999.0
RE1,MINAFR,2027,99999.0
RE1,MINAFR,2028,99999.0
RE1,MINAFR,2029,99999.0
RE1,MINAFR,2030,99999.0
RE1,MINAFR,2031,99999.0
RE1,MINAFR,2032,99999.0
RE1,MINAFR,2033,99999.0
RE1,MINAFR,2034,99999.0
RE1,MINAFR,2035,99999.0
RE1,MINAFR,2036,99999.0
RE1,MINAFR,2037,99999.0
RE1,MINAFR,2038,99999.0
RE1,MINAFR,2039,99999.0
RE1,MINAFR,2040,99999.0
RE1,MINAFR,2041,99999.0
RE1,MINAFR,2042,99999.0
RE1,MINAFR,2043,99999.0
RE1,MINAFR,2044,99999.0
RE1,MINAFR,2045,99999.0
RE1,MINAFR,2046,99999.0
RE1,MINAFR,2047,99999.0
RE1,MINAFR,2048,99999.0
RE1,MINAFR,2049,99999.0
RE1,MINAFR,2050,99999.0
RE1,MINAFR,2051,99999.0
RE1,MINAFR,2052,99999.0
RE1,MINAFR,2053,99999.0
RE1,MINAFR,2054,99999.0
RE1,MINBAG,2022,99999.0
RE1,MINBAG,2023,99999.0
RE1,MINBAG,2024,99999.0
RE1,MINBAG,2025,99999.0
RE1,MINBAG,2026,99999.0
RE1,MINBAG,2027,99999.0
RE1,MINBAG,2028,99999.0
RE1,MINBAG,2029,99999.0
RE1,MINBAG,2030,99999.0
RE1,MINBAG,2031,99999.0
RE1,MINBAG,2032,99999.0
RE1,MINBAG,2033,99999.0
RE1,MINBAG,2034,99999.0
RE1,MINBAG,2035,99999.0
RE1,MINBAG,2036,99999.0
RE1,MINBAG,2037,99999.0
RE1,MINBAG,2038,99999.0
RE1,MINBAG,2039,99999.0
RE1,MINBAG,2040,99999.0
RE1,MINBAG,2041,99999.0
RE1,MINBAG,2042,99999.0
RE1,MINBAG,2043,99999.0
RE1,MINBAG,2044,99999.0
RE1,MINBAG,2045,99999.0
RE1,MINBAG,2046,99999.0
RE1,MINBAG,2047,99999.0
RE1,MINBAG,2048,99999.0
RE1,MINBAG,2049,99999.0
RE1,MINBAG,2050,99999.0
RE1,MINBAG,2051,99999.0
RE1,MINBAG,2052,99999.0
RE1,MINBAG,2053,99999.0
RE1,MINBAG,2054,99999.0
RE1,MINCOA,2022,99999.0
RE1,MINCOA,2023,99999.0
RE1,MINCOA,2024,99999.0
RE1,MINCOA,2025,99999.0
RE1,MINCOA,2026,99999.0
RE1,MINCOA,2027,99999.0
RE1,MINCOA,2028,99999.0
RE1,MINCOA,2029,99999.0
RE1,MINCOA,2030,99999.0
RE1,MINCOA,2031,99999.0
RE1,MINCOA,2032,99999.0
RE1,MINCOA,2033,99999.0
RE1,MINCOA,2034,99999.0
RE1,MINCOA,2035,99999.0
RE1,MINCOA,2036,99999.0
RE1,MINCOA,2037,99999.0
RE1,MINCOA,2038,99999.0
RE1,MINCOA,2039,99999.0
RE1,MINCOA,2040,99999.0
RE1,MINCOA,2041,99999.0
RE1,MINCOA,2042,99999.0
RE1,MINCOA,2043,99999.0
RE1,MINCOA,2044,99999.0
RE1,MINCOA,2045,99999.0
RE1,MINCOA,2046,99999.0
RE1,MINCOA,2047,99999.0
RE1,MINCOA,2048,99999.0
RE1,MINCOA,2049,99999.0
RE1,MINCOA,2050,99999.0
RE1,MINCOA,2051,99999.0
RE1,MINCOA,2052,99999.0
RE1,MINCOA,2053,99999.0
RE1,MINCOA,2054,99999.0
RE1,MINCSP,2022,99999.0
RE1,MINCSP,2023,99999.0
RE1,MINCSP,2024,99999.0
RE1,MINCSP,2025,99999.0
RE1,MINCSP,2026,99999.0
RE1,MINCSP,2027,99999.0
RE1,MINCSP,2028,99999.0
RE1,MINCSP,2029,99999.0
RE1,MINCSP,2030,99999.0
RE1,MINCSP,2031,99999.0
RE1,MINCSP,2032,99999.0
RE1,MINCSP,2033,99999.0
RE1,MINCSP,2034,99999.0
RE1,MINCSP,2035,99999.0
RE1,MINCSP,2036,99999.0
RE1,MINCSP,2037,99999.0
RE1,MINCSP,2038,99999.0
RE1,MINCSP,2039,99999.0
RE1,MINCSP,2040,99999.0
RE1,MINCSP,2041,99999.0
RE1,MINCSP,2042,99999.0
RE1,MINCSP,2043,99999.0
RE1,MINCSP,2044,99999.0
RE1,MINCSP,2045,99999.0
RE1,MINCSP,2046,99999.0
RE1,MINCSP,2047,99999.0
RE1,MINCSP,2048,99999.0
RE1,MINCSP,2049,99999.0
RE1,MINCSP,2050,99999.0
RE1,MINCSP,2051,99999.0
RE1,MINCSP,2052,99999.0
RE1,MINCSP,2053,99999.0
RE1,MINCSP,2054,99999.0
RE1,MINDAM,2022,99999.0
RE1,MINDAM,2023,99999.0
RE1,MINDAM,2024,99999.0
RE1,MINDAM,2025,99999.0
RE1,MINDAM,2026,99999.0
RE1,MINDAM,2027,99999.0
RE1,MINDAM,2028,99999.0
RE1,MINDAM,2029,99999.0
RE1,MINDAM,2030,99999.0
RE1,MINDAM,2031,99999.0
RE1,MINDAM,2032,99999.0
RE1,MINDAM,2033,99999.0
RE1,MINDAM,2034,99999.0
RE1,MINDAM,2035,99999.0
RE1,MINDAM,2036,99999.0
RE1,MINDAM,2037,99999.0
RE1,MINDAM,2038,99999.0
RE1,MINDAM,2039,99999.0
RE1,MINDAM,2040,99999.0
RE1,MINDAM,2041,99999.0
RE1,MINDAM,2042,99999.0
RE1,MINDAM,2043,99999.0
RE1,MINDAM,2044,99999.0
RE1,MINDAM,2045,99999.0
RE1,MINDAM,2046,99999.0
RE1,MINDAM,2047,99999.0
RE1,MINDAM,2048,99999.0
RE1,MINDAM,2049,99999.0
RE1,MINDAM,2050,99999.0
RE1,MINDAM,2051,99999.0
RE1,MINDAM,2052,99999.0
RE1,MINDAM,2053,99999.0
RE1,MINDAM,2054,99999.0
RE1,MINGEO,2022,99999.0
RE1,MINGEO,2023,99999.0
RE1,MINGEO,2024,99999.0
RE1,MINGEO,2025,99999.0
RE1,MINGEO,2026,99999.0
RE1,MINGEO,2027,99999.0
RE1,MINGEO,2028,99999.0
RE1,MINGEO,2029,99999.0
RE1,MINGEO,2030,99999.0
RE1,MINGEO,2031,99999.0
RE1,MINGEO,2032,99999.0
RE1,MINGEO,2033,99999.0
RE1,MINGEO,2034,99999.0
RE1,MINGEO,2035,99999.0
RE1,MINGEO,2036,99999.0
RE1,MINGEO,2037,99999.0
RE1,MINGEO,2038,99999.0
RE1,MINGEO,2039,99999.0
RE1,MINGEO,2040,99999.0
RE1,MINGEO,2041,99999.0
RE1,MINGEO,2042,99999.0
RE1,MINGEO,2043,99999.0
RE1,MINGEO,2044,99999.0
RE1,MINGEO,2045,99999.0
RE1,MINGEO,2046,99999.0
RE1,MINGEO,2047,99999.0
RE1,MINGEO,2048,99999.0
RE1,MINGEO,2049,99999.0
RE1,MINGEO,2050,99999.0
RE1,MINGEO,2051,99999.0
RE1,MINGEO,2052,99999.0
RE1,MINGEO,2053,99999.0
RE1,MINGEO,2054,99999.0
RE1,MINNGS,2022,99999.0
RE1,MINNGS,2023,99999.0
RE1,MINNGS,2024,99999.0
RE1,MINNGS,2025,99999.0
RE1,MINNGS,2026,99999.0
RE1,MINNGS,2027,99999.0
RE1,MINNGS,2028,99999.0
RE1,MINNGS,2029,99999.0
RE1,MINNGS,2030,99999.0
RE1,MINNGS,2031,99999.0
RE1,MINNGS,2032,99999.0
RE1,MINNGS,2033,99999.0
RE1,MINNGS,2034,99999.0
RE1,MINNGS,2035,99999.0
RE1,MINNGS,2036,99999.0
RE1,MINNGS,2037,99999.0
RE1,MINNGS,2038,99999.0
RE1,MINNGS,2039,99999.0
RE1,MINNGS,2040,99999.0
RE1,MINNGS,2041,99999.0
RE1,MINNGS,2042,99999.0
RE1,MINNGS,2043,99999.0
RE1,MINNGS,2044,99999.0
RE1,MINNGS,2045,99999.0
RE1,MINNGS,2046,99999.0
RE1,MINNGS,2047,99999.0
RE1,MINNGS,2048,99999.0
RE1,MINNGS,2049,99999.0
RE1,MINNGS,2050,99999.0
RE1,MINNGS,2051,99999.0
RE1,MINNGS,2052,99999.0
RE1,MINNGS,2053,99999.0
RE1,MINNGS,2054,99999.0
RE1,MINOFW_FIX,2022,99999.0
RE1,MINOFW_FIX,2023,99999.0
RE1,MINOFW_FIX,2024,99999.0
RE1,MINOFW_FIX,2025,99999.0
RE1,MINOFW_FIX,2026,99999.0
RE1,MINOFW_FIX,2027,99999.0
RE1,MINOFW_FIX,2028,99999.0
RE1,MINOFW_FIX,2029,99999.0
RE1,MINOFW_FIX,2030,99999.0
RE1,MINOFW_FIX,2031,99999.0
RE1,MINOFW_FIX,2032,99999.0
RE1,MINOFW_FIX,2033,99999.0
RE1,MINOFW_FIX,2034,99999.0
RE1,MINOFW_FIX,2035,99999.0
RE1,MINOFW_FIX,2036,99999.0
RE1,MINOFW_FIX,2037,99999.0
RE1,MINOFW_FIX,2038,99999.0
RE1,MINOFW_FIX,2039,99999.0
RE1,MINOFW_FIX,2040,99999.0
RE1,MINOFW_FIX,2041,99999.0
RE1,MINOFW_FIX,2042,99999.0
RE1,MINOFW_FIX,2043,99999.0
RE1,MINOFW_FIX,2044,99999.0
RE1,MINOFW_FIX,2045,99999.0
RE1,MINOFW_FIX,2046,99999.0
RE1,MINOFW_FIX,2047,99999.0
RE1,MINOFW_FIX,2048,99999.0
RE1,MINOFW_FIX,2049,99999.0
RE1,MINOFW_FIX,2050,99999.0
RE1,MINOFW_FIX,2051,99999.0
RE1,MINOFW_FIX,2052,99999.0
RE1,MINOFW_FIX,2053,99999.0
RE1,MINOFW_FIX,2054,99999.0
RE1,MINOFW_FLO,2022,99999.0
RE1,MINOFW_FLO,2023,99999.0
RE1,MINOFW_FLO,2024,99999.0
RE1,MINOFW_FLO,2025,99999.0
RE1,MINOFW_FLO,2026,99999.0
RE1,MINOFW_FLO,2027,99999.0
RE1,MINOFW_FLO,2028,99999.0
RE1,MINOFW_FLO,2029,99999.0
RE1,MINOFW_FLO,2030,99999.0
RE1,MINOFW_FLO,2031,99999.0
RE1,MINOFW_FLO,2032,99999.0
RE1,MINOFW_FLO,2033,99999.0
RE1,MINOFW_FLO,2034,99999.0
RE1,MINOFW_FLO,2035,99999.0
RE1,MINOFW_FLO,2036,99999.0
RE1,MINOFW_FLO,2037,99999.0
RE1,MINOFW_FLO,2038,99999.0
RE1,MINOFW_FLO,2039,99999.0
RE1,MINOFW_FLO,2040,99999.0
RE1,MINOFW_FLO,2041,99999.0
RE1,MINOFW_FLO,2042,99999.0
RE1,MINOFW_FLO,2043,99999.0
RE1,MINOFW_FLO,2044,99999.0
RE1,MINOFW_FLO,2045,99999.0
RE1,MINOFW_FLO,2046,99999.0
RE1,MINOFW_FLO,2047,99999.0
RE1,MINOFW_FLO,2048,99999.0
RE1,MINOFW_FLO,2049,99999.0
RE1,MINOFW_FLO,2050,99999.0
RE1,MINOFW_FLO,2051,99999.0
RE1,MINOFW_FLO,2052,99999.0
RE1,MINOFW_FLO,2053,99999.0
RE1,MINOFW_FLO,2054,99999.0
RE1,MINONW,2022,99999.0
RE1,MINONW,2023,99999.0
RE1,MINONW,2024,99999.0
RE1,MINONW,2025,99999.0
RE1,MINONW,2026,99999.0
RE1,MINONW,2027,99999.0
RE1,MINONW,2028,99999.0
RE1,MINONW,2029,99999.0
RE1,MINONW,2030,99999.0
RE1,MINONW,2031,99999.0
RE1,MINONW,2032,99999.0
RE1,MINONW,2033,99999.0
RE1,MINONW,2034,99999.0
RE1,MINONW,2035,99999.0
RE1,MINONW,2036,99999.0
RE1,MINONW,2037,99999.0
RE1,MINONW,2038,99999.0
RE1,MINONW,2039,99999.0
RE1,MINONW,2040,99999.0
RE1,MINONW,2041,99999.0
RE1,MINONW,2042,99999.0
RE1,MINONW,2043,99999.0
RE1,MINONW,2044,99999.0
RE1,MINONW,2045,99999.0
RE1,MINONW,2046,99999.0
RE1,MINONW,2047,99999.0
RE1,MINONW,2048,99999.0
RE1,MINONW,2049,99999.0
RE1,MINONW,2050,99999.0
RE1,MINONW,2051,99999.0
RE1,MINONW,2052,99999.0
RE1,MINONW,2053,99999.0
RE1,MINONW,2054,99999.0
RE1,MINOPL,2022,99999.0
RE1,MINOPL,2023,99999.0
RE1,MINOPL,2024,99999.0
RE1,MINOPL,2025,99999.0
RE1,MINOPL,2026,99999.0
RE1,MINOPL,2027,99999.0
RE1,MINOPL,2028,99999.0
RE1,MINOPL,2029,99999.0
RE1,MINOPL,2030,99999.0
RE1,MINOPL,2031,99999.0
RE1,MINOPL,2032,99999.0
RE1,MINOPL,2033,99999.0
RE1,MINOPL,2034,99999.0
RE1,MINOPL,2035,99999.0
RE1,MINOPL,2036,99999.0
RE1,MINOPL,2037,99999.0
RE1,MINOPL,2038,99999.0
RE1,MINOPL,2039,99999.0
RE1,MINOPL,2040,99999.0
RE1,MINOPL,2041,99999.0
RE1,MINOPL,2042,99999.0
RE1,MINOPL,2043,99999.0
RE1,MINOPL,2044,99999.0
RE1,MINOPL,2045,99999.0
RE1,MINOPL,2046,99999.0
RE1,MINOPL,2047,99999.0
RE1,MINOPL,2048,99999.0
RE1,MINOPL,2049,99999.0
RE1,MINOPL,2050,99999.0
RE1,MINOPL,2051,99999.0
RE1,MINOPL,2052,99999.0
RE1,MINOPL,2053,99999.0
RE1,MINOPL,2054,99999.0
RE1,MINROR,2022,99999.0
RE1,MINROR,2023,99999.0
RE1,MINROR,2024,99999.0
RE1,MINROR,2025,99999.0
RE1,MINROR,2026,99999.0
RE1,MINROR,2027,99999.0
RE1,MINROR,2028,99999.0
RE1,MINROR,2029,99999.0
RE1,MINROR,2030,99999.0
RE1,MINROR,2031,99999.0
RE1,MINROR,2032,99999.0
RE1,MINROR,2033,99999.0
RE1,MINROR,2034,99999.0
RE1,MINROR,2035,99999.0
RE1,MINROR,2036,99999.0
RE1,MINROR,2037,99999.0
RE1,MINROR,2038,99999.0
RE1,MINROR,2039,99999.0
RE1,MINROR,2040,99999.0
RE1,MINROR,2041,99999.0
RE1,MINROR,2042,99999.0
RE1,MINROR,2043,99999.0
RE1,MINROR,2044,99999.0
RE1,MINROR,2045,99999.0
RE1,MINROR,2046,99999.0
RE1,MINROR,2047,99999.0
RE1,MINROR,2048,99999.0
RE1,MINROR,2049,99999.0
RE1,MINROR,2050,99999.0
RE1,MINROR,2051,99999.0
RE1,MINROR,2052,99999.0
RE1,MINROR,2053,99999.0
RE1,MINROR,2054,99999.0
RE1,MINSGC,2022,99999.0
RE1,MINSGC,2023,99999.0
RE1,MINSGC,2024,99999.0
RE1,MINSGC,2025,99999.0
RE1,MINSGC,2026,99999.0
RE1,MINSGC,2027,99999.0
RE1,MINSGC,2028,99999.0
RE1,MINSGC,2029,99999.0
RE1,MINSGC,2030,99999.0
RE1,MINSGC,2031,99999.0
RE1,MINSGC,2032,99999.0
RE1,MINSGC,2033,99999.0
RE1,MINSGC,2034,99999.0
RE1,MINSGC,2035,99999.0
RE1,MINSGC,2036,99999.0
RE1,MINSGC,2037,99999.0
RE1,MINSGC,2038,99999.0
RE1,MINSGC,2039,99999.0
RE1,MINSGC,2040,99999.0
RE1,MINSGC,2041,99999.0
RE1,MINSGC,2042,99999.0
RE1,MINSGC,2043,99999.0
RE1,MINSGC,2044,99999.0
RE1,MINSGC,2045,99999.0
RE1,MINSGC,2046,99999.0
RE1,MINSGC,2047,99999.0
RE1,MINSGC,2048,99999.0
RE1,MINSGC,2049,99999.0
RE1,MINSGC,2050,99999.0
RE1,MINSGC,2051,99999.0
RE1,MINSGC,2052,99999.0
RE1,MINSGC,2053,99999.0
RE1,MINSGC,2054,99999.0
RE1,MINSOL,2022,99999.0
RE1,MINSOL,2023,99999.0
RE1,MINSOL,2024,99999.0
RE1,MINSOL,2025,99999.0
RE1,MINSOL,2026,99999.0
RE1,MINSOL,2027,99999.0
RE1,MINSOL,2028,99999.0
RE1,MINSOL,2029,99999.0
RE1,MINSOL,2030,99999.0
RE1,MINSOL,2031,99999.0
RE1,MINSOL,2032,99999.0
RE1,MINSOL,2033,99999.0
RE1,MINSOL,2034,99999.0
RE1,MINSOL,2035,99999.0
RE1,MINSOL,2036,99999.0
RE1,MINSOL,2037,99999.0
RE1,MINSOL,2038,99999.0
RE1,MINSOL,2039,99999.0
RE1,MINSOL,2040,99999.0
RE1,MINSOL,2041,99999.0
RE1,MINSOL,2042,99999.0
RE1,MINSOL,2043,99999.0
RE1,MINSOL,2044,99999.0
RE1,MINSOL,2045,99999.0
RE1,MINSOL,2046,99999.0
RE1,MINSOL,2047,99999.0
RE1,MINSOL,2048,99999.0
RE1,MINSOL,2049,99999.0
RE1,MINSOL,2050,99999.0
RE1,MINSOL,2051,99999.0
RE1,MINSOL,2052,99999.0
RE1,MINSOL,2053,99999.0
RE1,MINSOL,2054,99999.0
RE1,MINSOL_RTP,2022,99999.0
RE1,MINSOL_RTP,2023,99999.0
RE1,MINSOL_RTP,2024,99999.0
RE1,MINSOL_RTP,2025,99999.0
RE1,MINSOL_RTP,2026,99999.0
RE1,MINSOL_RTP,2027,99999.0
RE1,MINSOL_RTP,2028,99999.0
RE1,MINSOL_RTP,2029,99999.0
RE1,MINSOL_RTP,2030,99999.0
RE1,MINSOL_RTP,2031,99999.0
RE1,MINSOL_RTP,2032,99999.0
RE1,MINSOL_RTP,2033,99999.0
RE1,MINSOL_RTP,2034,99999.0
RE1,MINSOL_RTP,2035,99999.0
RE1,MINSOL_RTP,2036,99999.0
RE1,MINSOL_RTP,2037,99999.0
RE1,MINSOL_RTP,2038,99999.0
RE1,MINSOL_RTP,2039,99999.0
RE1,MINSOL_RTP,2040,99999.0
RE1,MINSOL_RTP,2041,99999.0
RE1,MINSOL_RTP,2042,99999.0
RE1,MINSOL_RTP,2043,99999.0
RE1,MINSOL_RTP,2044,99999.0
RE1,MINSOL_RTP,2045,99999.0
RE1,MINSOL_RTP,2046,99999.0
RE1,MINSOL_RTP,2047,99999.0
RE1,MINSOL_RTP,2048,99999.0
RE1,MINSOL_RTP,2049,99999.0
RE1,MINSOL_RTP,2050,99999.0
RE1,MINSOL_RTP,2051,99999.0
RE1,MINSOL_RTP,2052,99999.0
RE1,MINSOL_RTP,2053,99999.0
RE1,MINSOL_RTP,2054,99999.0
RE1,MINWAS,2022,99999.0
RE1,MINWAS,2023,99999.0
RE1,MINWAS,2024,99999.0
RE1,MINWAS,2025,99999.0
RE1,MINWAS,2026,99999.0
RE1,MINWAS,2027,99999.0
RE1,MINWAS,2028,99999.0
RE1,MINWAS,2029,99999.0
RE1,MINWAS,2030,99999.0
RE1,MINWAS,2031,99999.0
RE1,MINWAS,2032,99999.0
RE1,MINWAS,2033,99999.0
RE1,MINWAS,2034,99999.0
RE1,MINWAS,2035,99999.0
RE1,MINWAS,2036,99999.0
RE1,MINWAS,2037,99999.0
RE1,MINWAS,2038,99999.0
RE1,MINWAS,2039,99999.0
RE1,MINWAS,2040,99999.0
RE1,MINWAS,2041,99999.0
RE1,MINWAS,2042,99999.0
RE1,MINWAS,2043,99999.0
RE1,MINWAS,2044,99999.0
RE1,MINWAS,2045,99999.0
RE1,MINWAS,2046,99999.0
RE1,MINWAS,2047,99999.0
RE1,MINWAS,2048,99999.0
RE1,MINWAS,2049,99999.0
RE1,MINWAS,2050,99999.0
RE1,MINWAS,2051,99999.0
RE1,MINWAS,2052,99999.0
RE1,MINWAS,2053,99999.0
RE1,MINWAS,2054,99999.0
RE1,MINWAS_ORG,2022,99999.0
RE1,MINWAS_ORG,2023,99999.0
RE1,MINWAS_ORG,2024,99999.0
RE1,MINWAS_ORG,2025,99999.0
RE1,MINWAS_ORG,2026,99999.0
RE1,MINWAS_ORG,2027,99999.0
RE1,MINWAS_ORG,2028,99999.0
RE1,MINWAS_ORG,2029,99999.0
RE1,MINWAS_ORG,2030,99999.0
RE1,MINWAS_ORG,2031,99999.0
RE1,MINWAS_ORG,2032,99999.0
RE1,MINWAS_ORG,2033,99999.0
RE1,MINWAS_ORG,2034,99999.0
RE1,MINWAS_ORG,2035,99999.0
RE1,MINWAS_ORG,2036,99999.0
RE1,MINWAS_ORG,2037,99999.0
RE1,MINWAS_ORG,2038,99999.0
RE1,MINWAS_ORG,2039,99999.0
RE1,MINWAS_ORG,2040,99999.0
RE1,MINWAS_ORG,2041,99999.0
RE1,MINWAS_ORG,2042,99999.0
RE1,MINWAS_ORG,2043,99999.0
RE1,MINWAS_ORG,2044,99999.0
RE1,MINWAS_ORG,2045,99999.0
RE1,MINWAS_ORG,2046,99999.0
RE1,MINWAS_ORG,2047,99999.0
RE1,MINWAS_ORG,2048,99999.0
RE1,MINWAS_ORG,2049,99999.0
RE1,MINWAS_ORG,2050,99999.0
RE1,MINWAS_ORG,2051,99999.0
RE1,MINWAS_ORG,2052,99999.0
RE1,MINWAS_ORG,2053,99999.0
RE1,MINWAS_ORG,2054,99999.0
RE1,MINWOO,2022,99999.0
RE1,MINWOO,2023,99999.0
RE1,MINWOO,2024,99999.0
RE1,MINWOO,2025,99999.0
RE1,MINWOO,2026,99999.0
RE1,MINWOO,2027,99999.0
RE1,MINWOO,2028,99999.0
RE1,MINWOO,2029,99999.0
RE1,MINWOO,2030,99999.0
RE1,MINWOO,2031,99999.0
RE1,MINWOO,2032,99999.0
RE1,MINWOO,2033,99999.0
RE1,MINWOO,2034,99999.0
RE1,MINWOO,2035,99999.0
RE1,MINWOO,2036,99999.0
RE1,MINWOO,2037,99999.0
RE1,MINWOO,2038,99999.0
RE1,MINWOO,2039,99999.0
RE1,MINWOO,2040,99999.0
RE1,MINWOO,2041,99999.0
RE1,MINWOO,2042,99999.0
RE1,MINWOO,2043,99999.0
RE1,MINWOO,2044,99999.0
RE1,MINWOO,2045,99999.0
RE1,MINWOO,2046,99999.0
RE1,MINWOO,2047,99999.0
RE1,MINWOO,2048,99999.0
RE1,MINWOO,2049,99999.0
RE1,MINWOO,2050,99999.0
RE1,MINWOO,2051,99999.0
RE1,MINWOO,2052,99999.0
RE1,MINWOO,2053,99999.0
RE1,MINWOO,2054,99999.0
RE1,PWRAFR,2022,0.0
RE1,PWRAFR,2023,0.0
RE1,PWRAFR,2024,0.0
RE1,PWRAFR,2025,0.0
RE1,PWRAFR,2026,0.0
RE1,PWRAFR,2027,0.0
RE1,PWRAFR,2028,0.0
RE1,PWRAFR,2029,0.0
RE1,PWRAFR,2030,0.0
RE1,PWRAFR,2031,0.0
RE1,PWRAFR,2032,0.0
RE1,PWRAFR,2033,0.0
RE1,PWRAFR,2034,0.0
RE1,PWRAFR,2035,0.0
RE1,PWRAFR,2036,0.0
RE1,PWRAFR,2037,0.0
RE1,PWRAFR,2038,0.0
RE1,PWRAFR,2039,0.0
RE1,PWRAFR,2040,0.0
RE1,PWRAFR,2041,0.0
RE1,PWRAFR,2042,0.0
RE1,PWRAFR,2043,0.0
RE1,PWRAFR,2044,0.0
RE1,PWRAFR,2045,0.0
RE1,PWRAFR,2046,0.0
RE1,PWRAFR,2047,0.0
RE1,PWRAFR,2048,0.0
RE1,PWRAFR,2049,0.0
RE1,PWRAFR,2050,0.0
RE1,PWRAFR,2051,0.0
RE1,PWRAFR,2052,0.0
RE1,PWRAFR,2053,0.0
RE1,PWRAFR,2054,0.0
RE1,PWRBGS,2022,0.02548858752
RE1,PWRBGS,2023,0.02548858752
RE1,PWRBGS,2024,0.02548858752
RE1,PWRBGS,2025,0.02548858752
RE1,PWRBGS,2026,0.02548858752
RE1,PWRBGS,2027,0.02548858752
RE1,PWRBGS,2028,0.02548858752
RE1,PWRBGS,2029,0.02548858752
RE1,PWRBGS,2030,0.02548858752
RE1,PWRBGS,2031,0.02548858752
RE1,PWRBGS,2032,0.02548858752
RE1,PWRBGS,2033,0.02548858752
RE1,PWRBGS,2034,0.02548858752
RE1,PWRBGS,2035,0.02548858752
RE1,PWRBGS,2036,0.02548858752
RE1,PWRBGS,2037,0.02548858752
RE1,PWRBGS,2038,0.02548858752
RE1,PWRBGS,2039,0.02548858752
RE1,PWRBGS,2040,0.02548858752
RE1,PWRBGS,2041,0.02548858752
RE1,PWRBGS,2042,0.02548858752
RE1,PWRBGS,2043,0.02548858752
RE1,PWRBGS,2044,0.02548858752
RE1,PWRBGS,2045,0.02548858752
RE1,PWRBGS,2046,0.02548858752
RE1,PWRBGS,2047,0.02548858752
RE1,PWRBGS,2048,0.02548858752
RE1,PWRBGS,2049,0.02548858752
RE1,PWRBGS,2050,0.02548858752
RE1,PWRBGS,2051,0.02548858752
RE1,PWRBGS,2052,0.02548858752
RE1,PWRBGS,2053,0.02548858752
RE1,PWRBGS,2054,0.02548858752
RE1,PWRCOA,2022,51.46675199999999
RE1,PWRCOA,2023,51.52982399999999
RE1,PWRCOA,2024,50.86756799999999
RE1,PWRCOA,2025,50.86756799999999
RE1,PWRCOA,2026,50.86756799999999
RE1,PWRCOA,2027,50.86756799999999
RE1,PWRCOA,2028,42.195168
RE1,PWRCOA,2029,42.195168
RE1,PWRCOA,2030,42.195168
RE1,PWRCOA,2031,42.195168
RE1,PWRCOA,2032,42.195168
RE1,PWRCOA,2033,42.195168
RE1,PWRCOA,2034,42.195168
RE1,PWRCOA,2035,42.195168
RE1,PWRCOA,2036,42.195168
RE1,PWRCOA,2037,42.195168
RE1,PWRCOA,2038,42.195168
RE1,PWRCOA,2039,42.195168
RE1,PWRCOA,2040,42.195168
RE1,PWRCOA,2041,42.195168
RE1,PWRCOA,2042,42.195168
RE1,PWRCOA,2043,42.195168
RE1,PWRCOA,2044,42.195168
RE1,PWRCOA,2045,42.195168
RE1,PWRCOA,2046,42.195168
RE1,PWRCOA,2047,42.195168
RE1,PWRCOA,2048,42.195168
RE1,PWRCOA,2049,42.195168
RE1,PWRCOA,2050,42.195168
RE1,PWRCOA,2051,42.195168
RE1,PWRCOA,2052,42.195168
RE1,PWRCOA,2053,42.195168
RE1,PWRCOA,2054,42.195168
RE1,PWRCOACCS,2022,0.0
RE1,PWRCOACCS,2023,0.0
RE1,PWRCOACCS,2024,0.0
RE1,PWRCOACCS,2025,0.0
RE1,PWRCOACCS,2026,0.0
RE1,PWRCOACCS,2027,0.0
RE1,PWRCOACCS,2028,0.0
RE1,PWRCOACCS,2029,0.0
RE1,PWRCOACCS,2030,0.0
RE1,PWRCOACCS,2031,0.0
RE1,PWRCOACCS,2032,0.0
RE1,PWRCOACCS,2033,0.0
RE1,PWRCOACCS,2034,0.0
RE1,PWRCOACCS,2035,0.0
RE1,PWRCOACCS,2036,0.0
RE1,PWRCOACCS,2037,0.0
RE1,PWRCOACCS,2038,0.0
RE1,PWRCOACCS,2039,0.0
RE1,PWRCOACCS,2040,0.0
RE1,PWRCOACCS,2041,0.0
RE1,PWRCOACCS,2042,0.0
RE1,PWRCOACCS,2043,0.0
RE1,PWRCOACCS,2044,0.0
RE1,PWRCOACCS,2045,0.0
RE1,PWRCOACCS,2046,0.0
RE1,PWRCOACCS,2047,0.0
RE1,PWRCOACCS,2048,0.0
RE1,PWRCOACCS,2049,0.0
RE1,PWRCOACCS,2050,0.0
RE1,PWRCOACCS,2051,0.0
RE1,PWRCOACCS,2052,0.0
RE1,PWRCOACCS,2053,0.0
RE1,PWRCOACCS,2054,0.0
RE1,PWRCSP,2022,0.0
RE1,PWRCSP,2023,0.0
RE1,PWRCSP,2024,0.0
RE1,PWRCSP,2025,0.0
RE1,PWRCSP,2026,0.0
RE1,PWRCSP,2027,0.0
RE1,PWRCSP,2028,0.0
RE1,PWRCSP,2029,0.0
RE1,PWRCSP,2030,0.0
RE1,PWRCSP,2031,0.0
RE1,PWRCSP,2032,0.0
RE1,PWRCSP,2033,0.0
RE1,PWRCSP,2034,0.0
RE1,PWRCSP,2035,0.0
RE1,PWRCSP,2036,0.0
RE1,PWRCSP,2037,0.0
RE1,PWRCSP,2038,0.0
RE1,PWRCSP,2039,0.0
RE1,PWRCSP,2040,0.0
RE1,PWRCSP,2041,0.0
RE1,PWRCSP,2042,0.0
RE1,PWRCSP,2043,0.0
RE1,PWRCSP,2044,0.0
RE1,PWRCSP,2045,0.0
RE1,PWRCSP,2046,0.0
RE1,PWRCSP,2047,0.0
RE1,PWRCSP,2048,0.0
RE1,PWRCSP,2049,0.0
RE1,PWRCSP,2050,0.0
RE1,PWRCSP,2051,0.0
RE1,PWRCSP,2052,0.0
RE1,PWRCSP,2053,0.0
RE1,PWRCSP,2054,0.0
RE1,PWRDSL,2022,25.954128
RE1,PWRDSL,2023,28.477008
RE1,PWRDSL,2024,28.477008
RE1,PWRDSL,2025,28.477008
RE1,PWRDSL,2026,28.477008
RE1,PWRDSL,2027,24.944976
RE1,PWRDSL,2028,0.0
RE1,PWRDSL,2029,0.0
RE1,PWRDSL,2030,0.0
RE1,PWRDSL,2031,0.0
RE1,PWRDSL,2032,0.0
RE1,PWRDSL,2033,0.0
RE1,PWRDSL,2034,0.0
RE1,PWRDSL,2035,0.0
RE1,PWRDSL,2036,0.0
RE1,PWRDSL,2037,0.0
RE1,PWRDSL,2038,0.0
RE1,PWRDSL,2039,0.0
RE1,PWRDSL,2040,0.0
RE1,PWRDSL,2041,0.0
RE1,PWRDSL,2042,0.0
RE1,PWRDSL,2043,0.0
RE1,PWRDSL,2044,0.0
RE1,PWRDSL,2045,0.0
RE1,PWRDSL,2046,0.0
RE1,PWRDSL,2047,0.0
RE1,PWRDSL,2048,0.0
RE1,PWRDSL,2049,0.0
RE1,PWRDSL,2050,0.0
RE1,PWRDSL,2051,0.0
RE1,PWRDSL,2052,0.0
RE1,PWRDSL,2053,0.0
RE1,PWRDSL,2054,0.0
RE1,PWRFOL,2022,8.451647999999999
RE1,PWRFOL,2023,8.388575999999999
RE1,PWRFOL,2024,8.388575999999999
RE1,PWRFOL,2025,8.388575999999999
RE1,PWRFOL,2026,8.388575999999999
RE1,PWRFOL,2027,8.388575999999999
RE1,PWRFOL,2028,8.388575999999999
RE1,PWRFOL,2029,8.388575999999999
RE1,PWRFOL,2030,8.388575999999999
RE1,PWRFOL,2031,8.388575999999999
RE1,PWRFOL,2032,8.388575999999999
RE1,PWRFOL,2033,8.388575999999999
RE1,PWRFOL,2034,8.388575999999999
RE1,PWRFOL,2035,8.388575999999999
RE1,PWRFOL,2036,8.388575999999999
RE1,PWRFOL,2037,8.388575999999999
RE1,PWRFOL,2038,8.388575999999999
RE1,PWRFOL,2039,8.388575999999999
RE1,PWRFOL,2040,8.388575999999999
RE1,PWRFOL,2041,8.388575999999999
RE1,PWRFOL,2042,8.388575999999999
RE1,PWRFOL,2043,8.388575999999999
RE1,PWRFOL,2044,8.388575999999999
RE1,PWRFOL,2045,8.388575999999999
RE1,PWRFOL,2046,8.388575999999999
RE1,PWRFOL,2047,8.388575999999999
RE1,PWRFOL,2048,8.388575999999999
RE1,PWRFOL,2049,8.388575999999999
RE1,PWRFOL,2050,8.388575999999999
RE1,PWRFOL,2051,8.388575999999999
RE1,PWRFOL,2052,8.388575999999999
RE1,PWRFOL,2053,8.388575999999999
RE1,PWRFOL,2054,8.388575999999999
RE1,PWRGEO,2022,0.0
RE1,PWRGEO,2023,0.0
RE1,PWRGEO,2024,0.0
RE1,PWRGEO,2025,0.0
RE1,PWRGEO,2026,0.0
RE1,PWRGEO,2027,0.0
RE1,PWRGEO,2028,0.0
RE1,PWRGEO,2029,0.0
RE1,PWRGEO,2030,0.0
RE1,PWRGEO,2031,0.0
RE1,PWRGEO,2032,0.0
RE1,PWRGEO,2033,0.0
RE1,PWRGEO,2034,0.0
RE1,PWRGEO,2035,0.0
RE1,PWRGEO,2036,0.0
RE1,PWRGEO,2037,0.0
RE1,PWRGEO,2038,0.0
RE1,PWRGEO,2039,0.0
RE1,PWRGEO,2040,0.0
RE1,PWRGEO,2041,0.0
RE1,PWRGEO,2042,0.0
RE1,PWRGEO,2043,0.0
RE1,PWRGEO,2044,0.0
RE1,PWRGEO,2045,0.0
RE1,PWRGEO,2046,0.0
RE1,PWRGEO,2047,0.0
RE1,PWRGEO,2048,0.0
RE1,PWRGEO,2049,0.0
RE1,PWRGEO,2050,0.0
RE1,PWRGEO,2051,0.0
RE1,PWRGEO,2052,0.0
RE1,PWRGEO,2053,0.0
RE1,PWRGEO,2054,0.0
RE1,PWRHYDDAM,2022,345.256128
RE1,PWRHYDDAM,2023,364.808448
RE1,PWRHYDDAM,2024,364.808448
RE1,PWRHYDDAM,2025,364.808448
RE1,PWRHYDDAM,2026,364.808448
RE1,PWRHYDDAM,2027,402.651648
RE1,PWRHYDDAM,2028,402.651648
RE1,PWRHYDDAM,2029,402.651648
RE1,PWRHYDDAM,2030,402.651648
RE1,PWRHYDDAM,2031,402.651648
RE1,PWRHYDDAM,2032,402.651648
RE1,PWRHYDDAM,2033,402.651648
RE1,PWRHYDDAM,2034,402.651648
RE1,PWRHYDDAM,2035,402.651648
RE1,PWRHYDDAM,2036,402.651648
RE1,PWRHYDDAM,2037,402.651648
RE1,PWRHYDDAM,2038,402.651648
RE1,PWRHYDDAM,2039,402.651648
RE1,PWRHYDDAM,2040,402.651648
RE1,PWRHYDDAM,2041,402.651648
RE1,PWRHYDDAM,2042,402.651648
RE1,PWRHYDDAM,2043,402.651648
RE1,PWRHYDDAM,2044,402.651648
RE1,PWRHYDDAM,2045,402.651648
RE1,PWRHYDDAM,2046,402.651648
RE1,PWRHYDDAM,2047,402.651648
RE1,PWRHYDDAM,2048,402.651648
RE1,PWRHYDDAM,2049,402.651648
RE1,PWRHYDDAM,2050,402.651648
RE1,PWRHYDDAM,2051,402.651648
RE1,PWRHYDDAM,2052,402.651648
RE1,PWRHYDDAM,2053,402.651648
RE1,PWRHYDDAM,2054,402.651648
RE1,PWRHYDROR,2022,21.160656
RE1,PWRHYDROR,2023,21.097584
RE1,PWRHYDROR,2024,21.097584
RE1,PWRHYDROR,2025,21.097584
RE1,PWRHYDROR,2026,21.097584
RE1,PWRHYDROR,2027,21.097584
RE1,PWRHYDROR,2028,21.097584
RE1,PWRHYDROR,2029,21.097584
RE1,PWRHYDROR,2030,21.097584
RE1,PWRHYDROR,2031,21.097584
RE1,PWRHYDROR,2032,21.097584
RE1,PWRHYDROR,2033,21.097584
RE1,PWRHYDROR,2034,21.097584
RE1,PWRHYDROR,2035,21.097584
RE1,PWRHYDROR,2036,21.097584
RE1,PWRHYDROR,2037,21.097584
RE1,PWRHYDROR,2038,21.097584
RE1,PWRHYDROR,2039,21.097584
RE1,PWRHYDROR,2040,21.097584
RE1,PWRHYDROR,2041,21.097584
RE1,PWRHYDROR,2042,21.097584
RE1,PWRHYDROR,2043,21.097584
RE1,PWRHYDROR,2044,21.097584
RE1,PWRHYDROR,2045,21.097584
RE1,PWRHYDROR,2046,21.097584
RE1,PWRHYDROR,2047,21.097584
RE1,PWRHYDROR,2048,21.097584
RE1,PWRHYDROR,2049,21.097584
RE1,PWRHYDROR,2050,21.097584
RE1,PWRHYDROR,2051,21.097584
RE1,PWRHYDROR,2052,21.097584
RE1,PWRHYDROR,2053,21.097584
RE1,PWRHYDROR,2054,21.097584
RE1,PWRHYDROR_NDC,2022,28.10258107199999
RE1,PWRHYDROR_NDC,2023,29.33311579199999
RE1,PWRHYDROR_NDC,2024,29.72510827199999
RE1,PWRHYDROR_NDC,2025,29.72510827199999
RE1,PWRHYDROR_NDC,2026,29.72510827199999
RE1,PWRHYDROR_NDC,2027,29.72510827199999
RE1,PWRHYDROR_NDC,2028,29.72510827199999
RE1,PWRHYDROR_NDC,2029,29.72510827199999
RE1,PWRHYDROR_NDC,2030,29.72510827199999
RE1,PWRHYDROR_NDC,2031,29.72510827199999
RE1,PWRHYDROR_NDC,2032,29.72510827199999
RE1,PWRHYDROR_NDC,2033,29.72510827199999
RE1,PWRHYDROR_NDC,2034,29.72510827199999
RE1,PWRHYDROR_NDC,2035,29.72510827199999
RE1,PWRHYDROR_NDC,2036,29.72510827199999
RE1,PWRHYDROR_NDC,2037,29.72510827199999
RE1,PWRHYDROR_NDC,2038,29.72510827199999
RE1,PWRHYDROR_NDC,2039,29.72510827199999
RE1,PWRHYDROR_NDC,2040,29.72510827199999
RE1,PWRHYDROR_NDC,2041,29.72510827199999
RE1,PWRHYDROR_NDC,2042,29.72510827199999
RE1,PWRHYDROR_NDC,2043,29.72510827199999
RE1,PWRHYDROR_NDC,2044,29.72510827199999
RE1,PWRHYDROR_NDC,2045,29.72510827199999
RE1,PWRHYDROR_NDC,2046,29.72510827199999
RE1,PWRHYDROR_NDC,2047,29.72510827199999
RE1,PWRHYDROR_NDC,2048,29.72510827199999
RE1,PWRHYDROR_NDC,2049,29.72510827199999
RE1,PWRHYDROR_NDC,2050,29.72510827199999
RE1,PWRHYDROR_NDC,2051,29.72510827199999
RE1,PWRHYDROR_NDC,2052,29.72510827199999
RE1,PWRHYDROR_NDC,2053,29.72510827199999
RE1,PWRHYDROR_NDC,2054,29.72510827199999
RE1,PWRJET,2022,1.608336
RE1,PWRJET,2023,1.5768
RE1,PWRJET,2024,1.5768
RE1,PWRJET,2025,1.5768
RE1,PWRJET,2026,1.5768
RE1,PWRJET,2027,1.5768
RE1,PWRJET,2028,1.5768
RE1,PWRJET,2029,1.5768
RE1,PWRJET,2030,1.5768
RE1,PWRJET,2031,1.5768
RE1,PWRJET,2032,1.5768
RE1,PWRJET,2033,1.5768
RE1,PWRJET,2034,1.5768
RE1,PWRJET,2035,1.5768
RE1,PWRJET,2036,1.5768
RE1,PWRJET,2037,1.5768
RE1,PWRJET,2038,1.5768
RE1,PWRJET,2039,1.5768
RE1,PWRJET,2040,1.5768
RE1,PWRJET,2041,1.5768
RE1,PWRJET,2042,1.5768
RE1,PWRJET,2043,1.5768
RE1,PWRJET,2044,1.5768
RE1,PWRJET,2045,1.5768
RE1,PWRJET,2046,1.5768
RE1,PWRJET,2047,1.5768
RE1,PWRJET,2048,1.5768
RE1,PWRJET,2049,1.5768
RE1,PWRJET,2050,1.5768
RE1,PWRJET,2051,1.5768
RE1,PWRJET,2052,1.5768
RE1,PWRJET,2053,1.5768
RE1,PWRJET,2054,1.5768
RE1,PWRLPG,2022,0.0
RE1,PWRLPG,2023,0.0
RE1,PWRLPG,2024,1.639872
RE1,PWRLPG,2025,1.639872
RE1,PWRLPG,2026,1.639872
RE1,PWRLPG,2027,1.639872
RE1,PWRLPG,2028,1.639872
RE1,PWRLPG,2029,1.639872
RE1,PWRLPG,2030,1.639872
RE1,PWRLPG,2031,1.639872
RE1,PWRLPG,2032,1.639872
RE1,PWRLPG,2033,1.639872
RE1,PWRLPG,2034,1.639872
RE1,PWRLPG,2035,1.639872
RE1,PWRLPG,2036,1.639872
RE1,PWRLPG,2037,1.639872
RE1,PWRLPG,2038,1.639872
RE1,PWRLPG,2039,1.639872
RE1,PWRLPG,2040,1.639872
RE1,PWRLPG,2041,1.639872
RE1,PWRLPG,2042,1.639872
RE1,PWRLPG,2043,1.639872
RE1,PWRLPG,2044,1.639872
RE1,PWRLPG,2045,1.639872
RE1,PWRLPG,2046,1.639872
RE1,PWRLPG,2047,1.639872
RE1,PWRLPG,2048,1.639872
RE1,PWRLPG,2049,1.639872
RE1,PWRLPG,2050,1.639872
RE1,PWRLPG,2051,1.639872
RE1,PWRLPG,2052,1.639872
RE1,PWRLPG,2053,1.639872
RE1,PWRLPG,2054,1.639872
RE1,PWRNGSCCS,2022,0.0
RE1,PWRNGSCCS,2023,0.0
RE1,PWRNGSCCS,2024,0.0
RE1,PWRNGSCCS,2025,0.0
RE1,PWRNGSCCS,2026,0.0
RE1,PWRNGSCCS,2027,0.0
RE1,PWRNGSCCS,2028,0.0
RE1,PWRNGSCCS,2029,0.0
RE1,PWRNGSCCS,2030,0.0
RE1,PWRNGSCCS,2031,0.0
RE1,PWRNGSCCS,2032,0.0
RE1,PWRNGSCCS,2033,0.0
RE1,PWRNGSCCS,2034,0.0
RE1,PWRNGSCCS,2035,0.0
RE1,PWRNGSCCS,2036,0.0
RE1,PWRNGSCCS,2037,0.0
RE1,PWRNGSCCS,2038,0.0
RE1,PWRNGSCCS,2039,0.0
RE1,PWRNGSCCS,2040,0.0
RE1,PWRNGSCCS,2041,0.0
RE1,PWRNGSCCS,2042,0.0
RE1,PWRNGSCCS,2043,0.0
RE1,PWRNGSCCS,2044,0.0
RE1,PWRNGSCCS,2045,0.0
RE1,PWRNGSCCS,2046,0.0
RE1,PWRNGSCCS,2047,0.0
RE1,PWRNGSCCS,2048,0.0
RE1,PWRNGSCCS,2049,0.0
RE1,PWRNGSCCS,2050,0.0
RE1,PWRNGSCCS,2051,0.0
RE1,PWRNGSCCS,2052,0.0
RE1,PWRNGSCCS,2053,0.0
RE1,PWRNGSCCS,2054,0.0
RE1,PWRNGS_CC,2022,62.504352
RE1,PWRNGS_CC,2023,70.10452799999999
RE1,PWRNGS_CC,2024,70.10452799999999
RE1,PWRNGS_CC,2025,70.10452799999999
RE1,PWRNGS_CC,2026,70.10452799999999
RE1,PWRNGS_CC,2027,70.10452799999999
RE1,PWRNGS_CC,2028,70.10452799999999
RE1,PWRNGS_CC,2029,70.10452799999999
RE1,PWRNGS_CC,2030,70.10452799999999
RE1,PWRNGS_CC,2031,70.10452799999999
RE1,PWRNGS_CC,2032,70.10452799999999
RE1,PWRNGS_CC,2033,70.10452799999999
RE1,PWRNGS_CC,2034,70.10452799999999
RE1,PWRNGS_CC,2035,70.10452799999999
RE1,PWRNGS_CC,2036,70.10452799999999
RE1,PWRNGS_CC,2037,70.10452799999999
RE1,PWRNGS_CC,2038,70.10452799999999
RE1,PWRNGS_CC,2039,70.10452799999999
RE1,PWRNGS_CC,2040,70.10452799999999
RE1,PWRNGS_CC,2041,70.10452799999999
RE1,PWRNGS_CC,2042,70.10452799999999
RE1,PWRNGS_CC,2043,70.10452799999999
RE1,PWRNGS_CC,2044,70.10452799999999
RE1,PWRNGS_CC,2045,70.10452799999999
RE1,PWRNGS_CC,2046,70.10452799999999
RE1,PWRNGS_CC,2047,70.10452799999999
RE1,PWRNGS_CC,2048,70.10452799999999
RE1,PWRNGS_CC,2049,70.10452799999999
RE1,PWRNGS_CC,2050,70.10452799999999
RE1,PWRNGS_CC,2051,70.10452799999999
RE1,PWRNGS_CC,2052,70.10452799999999
RE1,PWRNGS_CC,2053,70.10452799999999
RE1,PWRNGS_CC,2054,70.10452799999999
RE1,PWRNGS_CS,2022,23.96736
RE1,PWRNGS_CS,2023,23.96736
RE1,PWRNGS_CS,2024,23.96736
RE1,PWRNGS_CS,2025,23.96736
RE1,PWRNGS_CS,2026,23.96736
RE1,PWRNGS_CS,2027,23.084352
RE1,PWRNGS_CS,2028,23.084352
RE1,PWRNGS_CS,2029,23.084352
RE1,PWRNGS_CS,2030,23.084352
RE1,PWRNGS_CS,2031,23.084352
RE1,PWRNGS_CS,2032,23.084352
RE1,PWRNGS_CS,2033,23.084352
RE1,PWRNGS_CS,2034,23.084352
RE1,PWRNGS_CS,2035,23.084352
RE1,PWRNGS_CS,2036,23.084352
RE1,PWRNGS_CS,2037,23.084352
RE1,PWRNGS_CS,2038,23.084352
RE1,PWRNGS_CS,2039,23.084352
RE1,PWRNGS_CS,2040,23.084352
RE1,PWRNGS_CS,2041,23.084352
RE1,PWRNGS_CS,2042,23.084352
RE1,PWRNGS_CS,2043,23.084352
RE1,PWRNGS_CS,2044,23.084352
RE1,PWRNGS_CS,2045,23.084352
RE1,PWRNGS_CS,2046,23.084352
RE1,PWRNGS_CS,2047,23.084352
RE1,PWRNGS_CS,2048,23.084352
RE1,PWRNGS_CS,2049,23.084352
RE1,PWRNGS_CS,2050,23.084352
RE1,PWRNGS_CS,2051,23.084352
RE1,PWRNGS_CS,2052,23.084352
RE1,PWRNGS_CS,2053,23.084352
RE1,PWRNGS_CS,2054,23.084352
RE1,PWRNUC,2022,0.0
RE1,PWRNUC,2023,0.0
RE1,PWRNUC,2024,0.0
RE1,PWRNUC,2025,0.0
RE1,PWRNUC,2026,0.0
RE1,PWRNUC,2027,0.0
RE1,PWRNUC,2028,0.0
RE1,PWRNUC,2029,0.0
RE1,PWRNUC,2030,0.0
RE1,PWRNUC,2031,0.0
RE1,PWRNUC,2032,0.0
RE1,PWRNUC,2033,0.0
RE1,PWRNUC,2034,0.0
RE1,PWRNUC,2035,0.0
RE1,PWRNUC,2036,0.0
RE1,PWRNUC,2037,0.0
RE1,PWRNUC,2038,0.0
RE1,PWRNUC,2039,0.0
RE1,PWRNUC,2040,0.0
RE1,PWRNUC,2041,0.0
RE1,PWRNUC,2042,0.0
RE1,PWRNUC,2043,0.0
RE1,PWRNUC,2044,0.0
RE1,PWRNUC,2045,0.0
RE1,PWRNUC,2046,0.0
RE1,PWRNUC,2047,0.0
RE1,PWRNUC,2048,0.0
RE1,PWRNUC,2049,0.0
RE1,PWRNUC,2050,0.0
RE1,PWRNUC,2051,0.0
RE1,PWRNUC,2052,0.0
RE1,PWRNUC,2053,0.0
RE1,PWRNUC,2054,0.0
RE1,PWRSOLRTP,2022,0.0
RE1,PWRSOLRTP,2023,0.0005171904
RE1,PWRSOLRTP,2024,0.7445428847999999
RE1,PWRSOLRTP,2025,1.4885685792
RE1,PWRSOLRTP,2026,2.2325942736
RE1,PWRSOLRTP,2027,2.976619968
RE1,PWRSOLRTP,2028,3.7206456624
RE1,PWRSOLRTP,2029,4.4646713568
RE1,PWRSOLRTP,2030,5.2086970512
RE1,PWRSOLRTP,2031,5.9527227456
RE1,PWRSOLRTP,2032,6.69674844
RE1,PWRSOLRTP,2033,7.4407741344
RE1,PWRSOLRTP,2034,8.1847998288
RE1,PWRSOLRTP,2035,8.9288255232
RE1,PWRSOLRTP,2036,9.6728512176
RE1,PWRSOLRTP,2037,10.416876912
RE1,PWRSOLRTP,2038,11.1609026064
RE1,PWRSOLRTP,2039,11.9049283008
RE1,PWRSOLRTP,2040,12.6489539952
RE1,PWRSOLRTP,2041,13.3929796896
RE1,PWRSOLRTP,2042,14.137005384
RE1,PWRSOLRTP,2043,14.8810310784
RE1,PWRSOLRTP,2044,15.6250567728
RE1,PWRSOLRTP,2045,16.3690824672
RE1,PWRSOLRTP,2046,17.1131081616
RE1,PWRSOLRTP,2047,17.857133856
RE1,PWRSOLRTP,2048,18.6011595504
RE1,PWRSOLRTP,2049,19.3451852448
RE1,PWRSOLRTP,2050,20.0892109392
RE1,PWRSOLRTP,2051,20.8332366336
RE1,PWRSOLRTP,2052,21.577262328
RE1,PWRSOLRTP,2053,22.3212880224
RE1,PWRSOLRTP,2054,23.0653137168
RE1,PWRSOLRTP_ZNI,2022,0.46074096
RE1,PWRSOLRTP_ZNI,2023,0.46074096
RE1,PWRSOLRTP_ZNI,2024,0.46074096
RE1,PWRSOLRTP_ZNI,2025,0.46074096
RE1,PWRSOLRTP_ZNI,2026,0.46074096
RE1,PWRSOLRTP_ZNI,2027,0.46074096
RE1,PWRSOLRTP_ZNI,2028,0.46074096
RE1,PWRSOLRTP_ZNI,2029,0.46074096
RE1,PWRSOLRTP_ZNI,2030,0.46074096
RE1,PWRSOLRTP_ZNI,2031,0.46074096
RE1,PWRSOLRTP_ZNI,2032,0.46074096
RE1,PWRSOLRTP_ZNI,2033,0.46074096
RE1,PWRSOLRTP_ZNI,2034,0.46074096
RE1,PWRSOLRTP_ZNI,2035,0.46074096
RE1,PWRSOLRTP_ZNI,2036,0.46074096
RE1,PWRSOLRTP_ZNI,2037,0.46074096
RE1,PWRSOLRTP_ZNI,2038,0.46074096
RE1,PWRSOLRTP_ZNI,2039,0.46074096
RE1,PWRSOLRTP_ZNI,2040,0.46074096
RE1,PWRSOLRTP_ZNI,2041,0.46074096
RE1,PWRSOLRTP_ZNI,2042,0.46074096
RE1,PWRSOLRTP_ZNI,2043,0.46074096
RE1,PWRSOLRTP_ZNI,2044,0.46074096
RE1,PWRSOLRTP_ZNI,2045,0.46074096
RE1,PWRSOLRTP_ZNI,2046,0.46074096
RE1,PWRSOLRTP_ZNI,2047,0.46074096
RE1,PWRSOLRTP_ZNI,2048,0.46074096
RE1,PWRSOLRTP_ZNI,2049,0.46074096
RE1,PWRSOLRTP_ZNI,2050,0.46074096
RE1,PWRSOLRTP_ZNI,2051,0.46074096
RE1,PWRSOLRTP_ZNI,2052,0.46074096
RE1,PWRSOLRTP_ZNI,2053,0.46074096
RE1,PWRSOLRTP_ZNI,2054,0.46074096
RE1,PWRSOLUGE,2022,6.874847999999999
RE1,PWRSOLUGE,2023,33.27048000000001
RE1,PWRSOLUGE,2024,43.35190848000001
RE1,PWRSOLUGE,2025,48.39766848000001
RE1,PWRSOLUGE,2026,48.39766848000001
RE1,PWRSOLUGE,2027,48.39766848000001
RE1,PWRSOLUGE,2028,48.39766848000001
RE1,PWRSOLUGE,2029,48.39766848000001
RE1,PWRSOLUGE,2030,48.39766848000001
RE1,PWRSOLUGE,2031,48.39766848000001
RE1,PWRSOLUGE,2032,48.39766848000001
RE1,PWRSOLUGE,2033,48.39766848000001
RE1,PWRSOLUGE,2034,48.39766848000001
RE1,PWRSOLUGE,2035,48.39766848000001
RE1,PWRSOLUGE,2036,48.39766848000001
RE1,PWRSOLUGE,2037,48.39766848000001
RE1,PWRSOLUGE,2038,48.39766848000001
RE1,PWRSOLUGE,2039,48.39766848000001
RE1,PWRSOLUGE,2040,48.39766848000001
RE1,PWRSOLUGE,2041,48.39766848000001
RE1,PWRSOLUGE,2042,48.39766848000001
RE1,PWRSOLUGE,2043,48.39766848000001
RE1,PWRSOLUGE,2044,48.39766848000001
RE1,PWRSOLUGE,2045,0.0
RE1,PWRSOLUGE,2046,0.0
RE1,PWRSOLUGE,2047,0.0
RE1,PWRSOLUGE,2048,0.0
RE1,PWRSOLUGE,2049,0.0
RE1,PWRSOLUGE,2050,0.0
RE1,PWRSOLUGE,2051,0.0
RE1,PWRSOLUGE,2052,0.0
RE1,PWRSOLUGE,2053,0.0
RE1,PWRSOLUGE,2054,0.0
RE1,PWRSOLUGE_BAT,2022,0.0
RE1,PWRSOLUGE_BAT,2023,0.0
RE1,PWRSOLUGE_BAT,2024,0.0
RE1,PWRSOLUGE_BAT,2025,0.0
RE1,PWRSOLUGE_BAT,2026,0.0
RE1,PWRSOLUGE_BAT,2027,0.0
RE1,PWRSOLUGE_BAT,2028,0.0
RE1,PWRSOLUGE_BAT,2029,0.0
RE1,PWRSOLUGE_BAT,2030,0.0
RE1,PWRSOLUGE_BAT,2031,0.0
RE1,PWRSOLUGE_BAT,2032,0.0
RE1,PWRSOLUGE_BAT,2033,0.0
RE1,PWRSOLUGE_BAT,2034,0.0
RE1,PWRSOLUGE_BAT,2035,0.0
RE1,PWRSOLUGE_BAT,2036,0.0
RE1,PWRSOLUGE_BAT,2037,0.0
RE1,PWRSOLUGE_BAT,2038,0.0
RE1,PWRSOLUGE_BAT,2039,0.0
RE1,PWRSOLUGE_BAT,2040,0.0
RE1,PWRSOLUGE_BAT,2041,0.0
RE1,PWRSOLUGE_BAT,2042,0.0
RE1,PWRSOLUGE_BAT,2043,0.0
RE1,PWRSOLUGE_BAT,2044,0.0
RE1,PWRSOLUGE_BAT,2045,0.0
RE1,PWRSOLUGE_BAT,2046,0.0
RE1,PWRSOLUGE_BAT,2047,0.0
RE1,PWRSOLUGE_BAT,2048,0.0
RE1,PWRSOLUGE_BAT,2049,0.0
RE1,PWRSOLUGE_BAT,2050,0.0
RE1,PWRSOLUGE_BAT,2051,0.0
RE1,PWRSOLUGE_BAT,2052,0.0
RE1,PWRSOLUGE_BAT,2053,0.0
RE1,PWRSOLUGE_BAT,2054,0.0
RE1,PWRSOLUPE,2022,7.922473920000001
RE1,PWRSOLUPE,2023,13.851115776
RE1,PWRSOLUPE,2024,25.36330104
RE1,PWRSOLUPE,2025,27.02840184
RE1,PWRSOLUPE,2026,27.02840184
RE1,PWRSOLUPE,2027,27.02840184
RE1,PWRSOLUPE,2028,27.02840184
RE1,PWRSOLUPE,2029,27.02840184
RE1,PWRSOLUPE,2030,27.02840184
RE1,PWRSOLUPE,2031,27.02840184
RE1,PWRSOLUPE,2032,27.02840184
RE1,PWRSOLUPE,2033,27.02840184
RE1,PWRSOLUPE,2034,27.02840184
RE1,PWRSOLUPE,2035,27.02840184
RE1,PWRSOLUPE,2036,27.02840184
RE1,PWRSOLUPE,2037,27.02840184
RE1,PWRSOLUPE,2038,27.02840184
RE1,PWRSOLUPE,2039,27.02840184
RE1,PWRSOLUPE,2040,27.02840184
RE1,PWRSOLUPE,2041,27.02840184
RE1,PWRSOLUPE,2042,27.02840184
RE1,PWRSOLUPE,2043,27.02840184
RE1,PWRSOLUPE,2044,27.02840184
RE1,PWRSOLUPE,2045,0.0
RE1,PWRSOLUPE,2046,0.0
RE1,PWRSOLUPE,2047,0.0
RE1,PWRSOLUPE,2048,0.0
RE1,PWRSOLUPE,2049,0.0
RE1,PWRSOLUPE,2050,0.0
RE1,PWRSOLUPE,2051,0.0
RE1,PWRSOLUPE,2052,0.0
RE1,PWRSOLUPE,2053,0.0
RE1,PWRSOLUPE,2054,0.0
RE1,PWRSTD,2022,8.163062064
RE1,PWRSTD,2023,8.163062064
RE1,PWRSTD,2024,8.163062064
RE1,PWRSTD,2025,8.163062064
RE1,PWRSTD,2026,8.163062064
RE1,PWRSTD,2027,8.163062064
RE1,PWRSTD,2028,8.163062064
RE1,PWRSTD,2029,8.163062064
RE1,PWRSTD,2030,8.163062064
RE1,PWRSTD,2031,8.163062064
RE1,PWRSTD,2032,8.163062064
RE1,PWRSTD,2033,8.163062064
RE1,PWRSTD,2034,8.163062064
RE1,PWRSTD,2035,8.163062064
RE1,PWRSTD,2036,8.163062064
RE1,PWRSTD,2037,8.163062064
RE1,PWRSTD,2038,8.163062064
RE1,PWRSTD,2039,8.163062064
RE1,PWRSTD,2040,8.163062064
RE1,PWRSTD,2041,8.163062064
RE1,PWRSTD,2042,8.163062064
RE1,PWRSTD,2043,8.163062064
RE1,PWRSTD,2044,8.163062064
RE1,PWRSTD,2045,8.163062064
RE1,PWRSTD,2046,8.163062064
RE1,PWRSTD,2047,8.163062064
RE1,PWRSTD,2048,8.163062064
RE1,PWRSTD,2049,8.163062064
RE1,PWRSTD,2050,8.163062064
RE1,PWRSTD,2051,8.163062064
RE1,PWRSTD,2052,8.163062064
RE1,PWRSTD,2053,8.163062064
RE1,PWRSTD,2054,8.163062064
RE1,PWRWNDOFS_FIX,2022,0.0
RE1,PWRWNDOFS_FIX,2023,0.0
RE1,PWRWNDOFS_FIX,2024,0.0
RE1,PWRWNDOFS_FIX,2025,0.0
RE1,PWRWNDOFS_FIX,2026,0.0
RE1,PWRWNDOFS_FIX,2027,0.0
RE1,PWRWNDOFS_FIX,2028,0.0
RE1,PWRWNDOFS_FIX,2029,0.0
RE1,PWRWNDOFS_FIX,2030,0.0
RE1,PWRWNDOFS_FIX,2031,0.0
RE1,PWRWNDOFS_FIX,2032,0.0
RE1,PWRWNDOFS_FIX,2033,0.0
RE1,PWRWNDOFS_FIX,2034,0.0
RE1,PWRWNDOFS_FIX,2035,0.0
RE1,PWRWNDOFS_FIX,2036,0.0
RE1,PWRWNDOFS_FIX,2037,0.0
RE1,PWRWNDOFS_FIX,2038,0.0
RE1,PWRWNDOFS_FIX,2039,0.0
RE1,PWRWNDOFS_FIX,2040,0.0
RE1,PWRWNDOFS_FIX,2041,0.0
RE1,PWRWNDOFS_FIX,2042,0.0
RE1,PWRWNDOFS_FIX,2043,0.0
RE1,PWRWNDOFS_FIX,2044,0.0
RE1,PWRWNDOFS_FIX,2045,0.0
RE1,PWRWNDOFS_FIX,2046,0.0
RE1,PWRWNDOFS_FIX,2047,0.0
RE1,PWRWNDOFS_FIX,2048,0.0
RE1,PWRWNDOFS_FIX,2049,0.0
RE1,PWRWNDOFS_FIX,2050,0.0
RE1,PWRWNDOFS_FIX,2051,0.0
RE1,PWRWNDOFS_FIX,2052,0.0
RE1,PWRWNDOFS_FIX,2053,0.0
RE1,PWRWNDOFS_FIX,2054,0.0
RE1,PWRWNDOFS_FLO,2022,0.0
RE1,PWRWNDOFS_FLO,2023,0.0
RE1,PWRWNDOFS_FLO,2024,0.0
RE1,PWRWNDOFS_FLO,2025,0.0
RE1,PWRWNDOFS_FLO,2026,0.0
RE1,PWRWNDOFS_FLO,2027,0.0
RE1,PWRWNDOFS_FLO,2028,0.0
RE1,PWRWNDOFS_FLO,2029,0.0
RE1,PWRWNDOFS_FLO,2030,0.0
RE1,PWRWNDOFS_FLO,2031,0.0
RE1,PWRWNDOFS_FLO,2032,0.0
RE1,PWRWNDOFS_FLO,2033,0.0
RE1,PWRWNDOFS_FLO,2034,0.0
RE1,PWRWNDOFS_FLO,2035,0.0
RE1,PWRWNDOFS_FLO,2036,0.0
RE1,PWRWNDOFS_FLO,2037,0.0
RE1,PWRWNDOFS_FLO,2038,0.0
RE1,PWRWNDOFS_FLO,2039,0.0
RE1,PWRWNDOFS_FLO,2040,0.0
RE1,PWRWNDOFS_FLO,2041,0.0
RE1,PWRWNDOFS_FLO,2042,0.0
RE1,PWRWNDOFS_FLO,2043,0.0
RE1,PWRWNDOFS_FLO,2044,0.0
RE1,PWRWNDOFS_FLO,2045,0.0
RE1,PWRWNDOFS_FLO,2046,0.0
RE1,PWRWNDOFS_FLO,2047,0.0
RE1,PWRWNDOFS_FLO,2048,0.0
RE1,PWRWNDOFS_FLO,2049,0.0
RE1,PWRWNDOFS_FLO,2050,0.0
RE1,PWRWNDOFS_FLO,2051,0.0
RE1,PWRWNDOFS_FLO,2052,0.0
RE1,PWRWNDOFS_FLO,2053,0.0
RE1,PWRWNDOFS_FLO,2054,0.0
RE1,PWRWNDONS,2022,1.21161312
RE1,PWRWNDONS,2023,1.64680992
RE1,PWRWNDONS,2024,1.0659168
RE1,PWRWNDONS,2025,1.3686624
RE1,PWRWNDONS,2026,1.3686624
RE1,PWRWNDONS,2027,1.3686624
RE1,PWRWNDONS,2028,1.3686624
RE1,PWRWNDONS,2029,1.3686624
RE1,PWRWNDONS,2030,1.3686624
RE1,PWRWNDONS,2031,1.3686624
RE1,PWRWNDONS,2032,1.3686624
RE1,PWRWNDONS,2033,1.3686624
RE1,PWRWNDONS,2034,1.3686624
RE1,PWRWNDONS,2035,1.3686624
RE1,PWRWNDONS,2036,1.3686624
RE1,PWRWNDONS,2037,1.3686624
RE1,PWRWNDONS,2038,1.3686624
RE1,PWRWNDONS,2039,1.3686624
RE1,PWRWNDONS,2040,1.3686624
RE1,PWRWNDONS,2041,1.3686624
RE1,PWRWNDONS,2042,1.3686624
RE1,PWRWNDONS,2043,1.3686624
RE1,PWRWNDONS,2044,1.3686624
RE1,PWRWNDONS,2045,1.3686624
RE1,PWRWNDONS,2046,1.3686624
RE1,PWRWNDONS,2047,1.3686624
RE1,PWRWNDONS,2048,1.3686624
RE1,PWRWNDONS,2049,1.3686624
RE1,PWRWNDONS,2050,1.3686624
RE1,PWRWNDONS,2051,1.3686624
RE1,PWRWNDONS,2052,1.3686624
RE1,PWRWNDONS,2053,1.3686624
RE1,PWRWNDONS,2054,1.3686624
RE1,UPSALK,2022,0.0
RE1,UPSALK,2023,0.0
RE1,UPSALK,2024,0.0
RE1,UPSALK,2025,0.0
RE1,UPSALK,2026,0.0
RE1,UPSALK,2027,0.0
RE1,UPSALK,2028,0.0
RE1,UPSALK,2029,0.0
RE1,UPSALK,2030,0.0
RE1,UPSALK,2031,0.0
RE1,UPSALK,2032,0.0
RE1,UPSALK,2033,0.0
RE1,UPSALK,2034,0.0
RE1,UPSALK,2035,0.0
RE1,UPSALK,2036,0.0
RE1,UPSALK,2037,0.0
RE1,UPSALK,2038,0.0
RE1,UPSALK,2039,0.0
RE1,UPSALK,2040,0.0
RE1,UPSALK,2041,0.0
RE1,UPSALK,2042,0.0
RE1,UPSALK,2043,0.0
RE1,UPSALK,2044,0.0
RE1,UPSALK,2045,0.0
RE1,UPSALK,2046,0.0
RE1,UPSALK,2047,0.0
RE1,UPSALK,2048,0.0
RE1,UPSALK,2049,0.0
RE1,UPSALK,2050,0.0
RE1,UPSALK,2051,0.0
RE1,UPSALK,2052,0.0
RE1,UPSALK,2053,0.0
RE1,UPSALK,2054,0.0
RE1,UPSBDB,2022,99999.0
RE1,UPSBDB,2023,99999.0
RE1,UPSBDB,2024,99999.0
RE1,UPSBDB,2025,99999.0
RE1,UPSBDB,2026,99999.0
RE1,UPSBDB,2027,99999.0
RE1,UPSBDB,2028,99999.0
RE1,UPSBDB,2029,99999.0
RE1,UPSBDB,2030,99999.0
RE1,UPSBDB,2031,99999.0
RE1,UPSBDB,2032,99999.0
RE1,UPSBDB,2033,99999.0
RE1,UPSBDB,2034,99999.0
RE1,UPSBDB,2035,99999.0
RE1,UPSBDB,2036,99999.0
RE1,UPSBDB,2037,99999.0
RE1,UPSBDB,2038,99999.0
RE1,UPSBDB,2039,99999.0
RE1,UPSBDB,2040,99999.0
RE1,UPSBDB,2041,99999.0
RE1,UPSBDB,2042,99999.0
RE1,UPSBDB,2043,99999.0
RE1,UPSBDB,2044,99999.0
RE1,UPSBDB,2045,99999.0
RE1,UPSBDB,2046,99999.0
RE1,UPSBDB,2047,99999.0
RE1,UPSBDB,2048,99999.0
RE1,UPSBDB,2049,99999.0
RE1,UPSBDB,2050,99999.0
RE1,UPSBDB,2051,99999.0
RE1,UPSBDB,2052,99999.0
RE1,UPSBDB,2053,99999.0
RE1,UPSBDB,2054,99999.0
RE1,UPSBDL,2022,29.87897114509187
RE1,UPSBDL,2023,29.87897114509187
RE1,UPSBDL,2024,29.87897114509187
RE1,UPSBDL,2025,29.87897114509187
RE1,UPSBDL,2026,29.87897114509187
RE1,UPSBDL,2027,29.87897114509187
RE1,UPSBDL,2028,29.87897114509187
RE1,UPSBDL,2029,29.87897114509187
RE1,UPSBDL,2030,29.87897114509187
RE1,UPSBDL,2031,29.87897114509187
RE1,UPSBDL,2032,29.87897114509187
RE1,UPSBDL,2033,29.87897114509187
RE1,UPSBDL,2034,29.87897114509187
RE1,UPSBDL,2035,29.87897114509187
RE1,UPSBDL,2036,29.87897114509187
RE1,UPSBDL,2037,29.87897114509187
RE1,UPSBDL,2038,29.87897114509187
RE1,UPSBDL,2039,29.87897114509187
RE1,UPSBDL,2040,29.87897114509187
RE1,UPSBDL,2041,29.87897114509187
RE1,UPSBDL,2042,29.87897114509187
RE1,UPSBDL,2043,29.87897114509187
RE1,UPSBDL,2044,29.87897114509187
RE1,UPSBDL,2045,29.87897114509187
RE1,UPSBDL,2046,29.87897114509187
RE1,UPSBDL,2047,29.87897114509187
RE1,UPSBDL,2048,29.87897114509187
RE1,UPSBDL,2049,29.87897114509187
RE1,UPSBDL,2050,29.87897114509187
RE1,UPSBDL,2051,29.87897114509187
RE1,UPSBDL,2052,29.87897114509187
RE1,UPSBDL,2053,29.87897114509187
RE1,UPSBDL,2054,29.87897114509187
RE1,UPSBET,2022,14.51267358
RE1,UPSBET,2023,14.51267358
RE1,UPSBET,2024,14.60767358
RE1,UPSBET,2025,14.60767358
RE1,UPSBET,2026,14.60767358
RE1,UPSBET,2027,14.60767358
RE1,UPSBET,2028,14.60767358
RE1,UPSBET,2029,14.60767358
RE1,UPSBET,2030,14.60767358
RE1,UPSBET,2031,14.60767358
RE1,UPSBET,2032,14.60767358
RE1,UPSBET,2033,14.60767358
RE1,UPSBET,2034,14.60767358
RE1,UPSBET,2035,14.60767358
RE1,UPSBET,2036,14.60767358
RE1,UPSBET,2037,14.60767358
RE1,UPSBET,2038,14.60767358
RE1,UPSBET,2039,14.60767358
RE1,UPSBET,2040,14.60767358
RE1,UPSBET,2041,14.60767358
RE1,UPSBET,2042,14.60767358
RE1,UPSBET,2043,14.60767358
RE1,UPSBET,2044,14.60767358
RE1,UPSBET,2045,14.60767358
RE1,UPSBET,2046,14.60767358
RE1,UPSBET,2047,14.60767358
RE1,UPSBET,2048,14.60767358
RE1,UPSBET,2049,14.60767358
RE1,UPSBET,2050,14.60767358
RE1,UPSBET,2051,14.60767358
RE1,UPSBET,2052,14.60767358
RE1,UPSBET,2053,14.60767358
RE1,UPSBET,2054,14.60767358
RE1,UPSBGB,2022,99999.0
RE1,UPSBGB,2023,99999.0
RE1,UPSBGB,2024,99999.0
RE1,UPSBGB,2025,99999.0
RE1,UPSBGB,2026,99999.0
RE1,UPSBGB,2027,99999.0
RE1,UPSBGB,2028,99999.0
RE1,UPSBGB,2029,99999.0
RE1,UPSBGB,2030,99999.0
RE1,UPSBGB,2031,99999.0
RE1,UPSBGB,2032,99999.0
RE1,UPSBGB,2033,99999.0
RE1,UPSBGB,2034,99999.0
RE1,UPSBGB,2035,99999.0
RE1,UPSBGB,2036,99999.0
RE1,UPSBGB,2037,99999.0
RE1,UPSBGB,2038,99999.0
RE1,UPSBGB,2039,99999.0
RE1,UPSBGB,2040,99999.0
RE1,UPSBGB,2041,99999.0
RE1,UPSBGB,2042,99999.0
RE1,UPSBGB,2043,99999.0
RE1,UPSBGB,2044,99999.0
RE1,UPSBGB,2045,99999.0
RE1,UPSBGB,2046,99999.0
RE1,UPSBGB,2047,99999.0
RE1,UPSBGB,2048,99999.0
RE1,UPSBGB,2049,99999.0
RE1,UPSBGB,2050,99999.0
RE1,UPSBGB,2051,99999.0
RE1,UPSBGB,2052,99999.0
RE1,UPSBGB,2053,99999.0
RE1,UPSBGB,2054,99999.0
RE1,UPSBGS,2022,5.83
RE1,UPSBGS,2023,5.83
RE1,UPSBGS,2024,5.83
RE1,UPSBGS,2025,5.83
RE1,UPSBGS,2026,5.83
RE1,UPSBGS,2027,5.83
RE1,UPSBGS,2028,5.83
RE1,UPSBGS,2029,5.83
RE1,UPSBGS,2030,5.83
RE1,UPSBGS,2031,5.83
RE1,UPSBGS,2032,5.83
RE1,UPSBGS,2033,5.83
RE1,UPSBGS,2034,5.83
RE1,UPSBGS,2035,5.83
RE1,UPSBGS,2036,5.83
RE1,UPSBGS,2037,5.83
RE1,UPSBGS,2038,5.83
RE1,UPSBGS,2039,5.83
RE1,UPSBGS,2040,5.83
RE1,UPSBGS,2041,5.83
RE1,UPSBGS,2042,5.83
RE1,UPSBGS,2043,5.83
RE1,UPSBGS,2044,5.83
RE1,UPSBGS,2045,5.83
RE1,UPSBGS,2046,5.83
RE1,UPSBGS,2047,5.83
RE1,UPSBGS,2048,5.83
RE1,UPSBGS,2049,5.83
RE1,UPSBGS,2050,5.83
RE1,UPSBGS,2051,5.83
RE1,UPSBGS,2052,5.83
RE1,UPSBGS,2053,5.83
RE1,UPSBGS,2054,5.83
RE1,UPSBJS,2022,0.0
RE1,UPSBJS,2023,0.0
RE1,UPSBJS,2024,0.0
RE1,UPSBJS,2025,0.0
RE1,UPSBJS,2026,0.0
RE1,UPSBJS,2027,0.0
RE1,UPSBJS,2028,0.0
RE1,UPSBJS,2029,0.0
RE1,UPSBJS,2030,0.0
RE1,UPSBJS,2031,0.0
RE1,UPSBJS,2032,0.0
RE1,UPSBJS,2033,0.0
RE1,UPSBJS,2034,0.0
RE1,UPSBJS,2035,0.0
RE1,UPSBJS,2036,0.0
RE1,UPSBJS,2037,0.0
RE1,UPSBJS,2038,0.0
RE1,UPSBJS,2039,0.0
RE1,UPSBJS,2040,0.0
RE1,UPSBJS,2041,0.0
RE1,UPSBJS,2042,0.0
RE1,UPSBJS,2043,0.0
RE1,UPSBJS,2044,0.0
RE1,UPSBJS,2045,0.0
RE1,UPSBJS,2046,0.0
RE1,UPSBJS,2047,0.0
RE1,UPSBJS,2048,0.0
RE1,UPSBJS,2049,0.0
RE1,UPSBJS,2050,0.0
RE1,UPSBJS,2051,0.0
RE1,UPSBJS,2052,0.0
RE1,UPSBJS,2053,0.0
RE1,UPSBJS,2054,0.0
RE1,UPSBMET,2022,0.21
RE1,UPSBMET,2023,0.21
RE1,UPSBMET,2024,0.21
RE1,UPSBMET,2025,0.21
RE1,UPSBMET,2026,0.21
RE1,UPSBMET,2027,0.21
RE1,UPSBMET,2028,0.21
RE1,UPSBMET,2029,0.21
RE1,UPSBMET,2030,0.21
RE1,UPSBMET,2031,0.21
RE1,UPSBMET,2032,0.21
RE1,UPSBMET,2033,0.21
RE1,UPSBMET,2034,0.21
RE1,UPSBMET,2035,0.21
RE1,UPSBMET,2036,0.21
RE1,UPSBMET,2037,0.21
RE1,UPSBMET,2038,0.21
RE1,UPSBMET,2039,0.21
RE1,UPSBMET,2040,0.21
RE1,UPSBMET,2041,0.21
RE1,UPSBMET,2042,0.21
RE1,UPSBMET,2043,0.21
RE1,UPSBMET,2044,0.21
RE1,UPSBMET,2045,0.21
RE1,UPSBMET,2046,0.21
RE1,UPSBMET,2047,0.21
RE1,UPSBMET,2048,0.21
RE1,UPSBMET,2049,0.21
RE1,UPSBMET,2050,0.21
RE1,UPSBMET,2051,0.21
RE1,UPSBMET,2052,0.21
RE1,UPSBMET,2053,0.21
RE1,UPSBMET,2054,0.21
RE1,UPSBMETL,2022,0.0
RE1,UPSBMETL,2023,0.0
RE1,UPSBMETL,2024,0.0
RE1,UPSBMETL,2025,0.0
RE1,UPSBMETL,2026,0.0
RE1,UPSBMETL,2027,0.0
RE1,UPSBMETL,2028,0.0
RE1,UPSBMETL,2029,0.0
RE1,UPSBMETL,2030,0.0
RE1,UPSBMETL,2031,0.0
RE1,UPSBMETL,2032,0.0
RE1,UPSBMETL,2033,0.0
RE1,UPSBMETL,2034,0.0
RE1,UPSBMETL,2035,0.0
RE1,UPSBMETL,2036,0.0
RE1,UPSBMETL,2037,0.0
RE1,UPSBMETL,2038,0.0
RE1,UPSBMETL,2039,0.0
RE1,UPSBMETL,2040,0.0
RE1,UPSBMETL,2041,0.0
RE1,UPSBMETL,2042,0.0
RE1,UPSBMETL,2043,0.0
RE1,UPSBMETL,2044,0.0
RE1,UPSBMETL,2045,0.0
RE1,UPSBMETL,2046,0.0
RE1,UPSBMETL,2047,0.0
RE1,UPSBMETL,2048,0.0
RE1,UPSBMETL,2049,0.0
RE1,UPSBMETL,2050,0.0
RE1,UPSBMETL,2051,0.0
RE1,UPSBMETL,2052,0.0
RE1,UPSBMETL,2053,0.0
RE1,UPSBMETL,2054,0.0
RE1,UPSEVC,2022,1.2
RE1,UPSEVC,2023,1.2
RE1,UPSEVC,2024,1.2
RE1,UPSEVC,2025,1.2
RE1,UPSEVC,2026,1.2
RE1,UPSEVC,2027,1.2
RE1,UPSEVC,2028,1.2
RE1,UPSEVC,2029,1.2
RE1,UPSEVC,2030,1.2
RE1,UPSEVC,2031,1.2
RE1,UPSEVC,2032,1.2
RE1,UPSEVC,2033,1.2
RE1,UPSEVC,2034,1.2
RE1,UPSEVC,2035,1.2
RE1,UPSEVC,2036,1.2
RE1,UPSEVC,2037,1.2
RE1,UPSEVC,2038,1.2
RE1,UPSEVC,2039,1.2
RE1,UPSEVC,2040,1.2
RE1,UPSEVC,2041,1.2
RE1,UPSEVC,2042,1.2
RE1,UPSEVC,2043,1.2
RE1,UPSEVC,2044,1.2
RE1,UPSEVC,2045,1.2
RE1,UPSEVC,2046,1.2
RE1,UPSEVC,2047,1.2
RE1,UPSEVC,2048,1.2
RE1,UPSEVC,2049,1.2
RE1,UPSEVC,2050,1.2
RE1,UPSEVC,2051,1.2
RE1,UPSEVC,2052,1.2
RE1,UPSEVC,2053,1.2
RE1,UPSEVC,2054,1.2
RE1,UPSEV_FC,2022,0.093
RE1,UPSEV_FC,2023,0.093
RE1,UPSEV_FC,2024,0.093
RE1,UPSEV_FC,2025,0.093
RE1,UPSEV_FC,2026,0.093
RE1,UPSEV_FC,2027,0.093
RE1,UPSEV_FC,2028,0.093
RE1,UPSEV_FC,2029,0.093
RE1,UPSEV_FC,2030,0.093
RE1,UPSEV_FC,2031,0.093
RE1,UPSEV_FC,2032,0.093
RE1,UPSEV_FC,2033,0.093
RE1,UPSEV_FC,2034,0.093
RE1,UPSEV_FC,2035,0.093
RE1,UPSEV_FC,2036,0.093
RE1,UPSEV_FC,2037,0.093
RE1,UPSEV_FC,2038,0.093
RE1,UPSEV_FC,2039,0.093
RE1,UPSEV_FC,2040,0.093
RE1,UPSEV_FC,2041,0.093
RE1,UPSEV_FC,2042,0.093
RE1,UPSEV_FC,2043,0.093
RE1,UPSEV_FC,2044,0.093
RE1,UPSEV_FC,2045,0.093
RE1,UPSEV_FC,2046,0.093
RE1,UPSEV_FC,2047,0.093
RE1,UPSEV_FC,2048,0.093
RE1,UPSEV_FC,2049,0.093
RE1,UPSEV_FC,2050,0.093
RE1,UPSEV_FC,2051,0.093
RE1,UPSEV_FC,2052,0.093
RE1,UPSEV_FC,2053,0.093
RE1,UPSEV_FC,2054,0.093
RE1,UPSHDGRST,2022,0.0
RE1,UPSHDGRST,2023,0.0
RE1,UPSHDGRST,2024,0.0
RE1,UPSHDGRST,2025,0.0
RE1,UPSHDGRST,2026,0.0
RE1,UPSHDGRST,2027,0.0
RE1,UPSHDGRST,2028,0.0
RE1,UPSHDGRST,2029,0.0
RE1,UPSHDGRST,2030,0.0
RE1,UPSHDGRST,2031,0.0
RE1,UPSHDGRST,2032,0.0
RE1,UPSHDGRST,2033,0.0
RE1,UPSHDGRST,2034,0.0
RE1,UPSHDGRST,2035,0.0
RE1,UPSHDGRST,2036,0.0
RE1,UPSHDGRST,2037,0.0
RE1,UPSHDGRST,2038,0.0
RE1,UPSHDGRST,2039,0.0
RE1,UPSHDGRST,2040,0.0
RE1,UPSHDGRST,2041,0.0
RE1,UPSHDGRST,2042,0.0
RE1,UPSHDGRST,2043,0.0
RE1,UPSHDGRST,2044,0.0
RE1,UPSHDGRST,2045,0.0
RE1,UPSHDGRST,2046,0.0
RE1,UPSHDGRST,2047,0.0
RE1,UPSHDGRST,2048,0.0
RE1,UPSHDGRST,2049,0.0
RE1,UPSHDGRST,2050,0.0
RE1,UPSHDGRST,2051,0.0
RE1,UPSHDGRST,2052,0.0
RE1,UPSHDGRST,2053,0.0
RE1,UPSHDGRST,2054,0.0
RE1,UPSPEM,2022,0.000876
RE1,UPSPEM,2023,0.000876
RE1,UPSPEM,2024,0.000876
RE1,UPSPEM,2025,0.000876
RE1,UPSPEM,2026,0.000876
RE1,UPSPEM,2027,0.000876
RE1,UPSPEM,2028,0.000876
RE1,UPSPEM,2029,0.000876
RE1,UPSPEM,2030,0.000876
RE1,UPSPEM,2031,0.000876
RE1,UPSPEM,2032,0.000876
RE1,UPSPEM,2033,0.000876
RE1,UPSPEM,2034,0.000876
RE1,UPSPEM,2035,0.000876
RE1,UPSPEM,2036,0.000876
RE1,UPSPEM,2037,0.000876
RE1,UPSPEM,2038,0.000876
RE1,UPSPEM,2039,0.000876
RE1,UPSPEM,2040,0.000876
RE1,UPSPEM,2041,0.000876
RE1,UPSPEM,2042,0.000876
RE1,UPSPEM,2043,0.000876
RE1,UPSPEM,2044,0.000876
RE1,UPSPEM,2045,0.000876
RE1,UPSPEM,2046,0.000876
RE1,UPSPEM,2047,0.000876
RE1,UPSPEM,2048,0.000876
RE1,UPSPEM,2049,0.000876
RE1,UPSPEM,2050,0.000876
RE1,UPSPEM,2051,0.000876
RE1,UPSPEM,2052,0.000876
RE1,UPSPEM,2053,0.000876
RE1,UPSPEM,2054,0.000876
RE1,UPSREF_BAR,2022,475.63
RE1,UPSREF_BAR,2023,475.63
RE1,UPSREF_BAR,2024,475.63
RE1,UPSREF_BAR,2025,475.63
RE1,UPSREF_BAR,2026,475.63
RE1,UPSREF_BAR,2027,475.63
RE1,UPSREF_BAR,2028,475.63
RE1,UPSREF_BAR,2029,475.63
RE1,UPSREF_BAR,2030,475.63
RE1,UPSREF_BAR,2031,475.63
RE1,UPSREF_BAR,2032,475.63
RE1,UPSREF_BAR,2033,475.63
RE1,UPSREF_BAR,2034,475.63
RE1,UPSREF_BAR,2035,475.63
RE1,UPSREF_BAR,2036,475.63
RE1,UPSREF_BAR,2037,475.63
RE1,UPSREF_BAR,2038,475.63
RE1,UPSREF_BAR,2039,475.63
RE1,UPSREF_BAR,2040,475.63
RE1,UPSREF_BAR,2041,475.63
RE1,UPSREF_BAR,2042,475.63
RE1,UPSREF_BAR,2043,475.63
RE1,UPSREF_BAR,2044,475.63
RE1,UPSREF_BAR,2045,475.63
RE1,UPSREF_BAR,2046,475.63
RE1,UPSREF_BAR,2047,475.63
RE1,UPSREF_BAR,2048,475.63
RE1,UPSREF_BAR,2049,475.63
RE1,UPSREF_BAR,2050,475.63
RE1,UPSREF_BAR,2051,475.63
RE1,UPSREF_BAR,2052,475.63
RE1,UPSREF_BAR,2053,475.63
RE1,UPSREF_BAR,2054,475.63
RE1,UPSREF_CAR,2022,460.0
RE1,UPSREF_CAR,2023,460.0
RE1,UPSREF_CAR,2024,460.0
RE1,UPSREF_CAR,2025,460.0
RE1,UPSREF_CAR,2026,460.0
RE1,UPSREF_CAR,2027,460.0
RE1,UPSREF_CAR,2028,460.0
RE1,UPSREF_CAR,2029,460.0
RE1,UPSREF_CAR,2030,460.0
RE1,UPSREF_CAR,2031,460.0
RE1,UPSREF_CAR,2032,460.0
RE1,UPSREF_CAR,2033,460.0
RE1,UPSREF_CAR,2034,460.0
RE1,UPSREF_CAR,2035,460.0
RE1,UPSREF_CAR,2036,460.0
RE1,UPSREF_CAR,2037,460.0
RE1,UPSREF_CAR,2038,460.0
RE1,UPSREF_CAR,2039,460.0
RE1,UPSREF_CAR,2040,460.0
RE1,UPSREF_CAR,2041,460.0
RE1,UPSREF_CAR,2042,460.0
RE1,UPSREF_CAR,2043,460.0
RE1,UPSREF_CAR,2044,460.0
RE1,UPSREF_CAR,2045,460.0
RE1,UPSREF_CAR,2046,460.0
RE1,UPSREF_CAR,2047,460.0
RE1,UPSREF_CAR,2048,460.0
RE1,UPSREF_CAR,2049,460.0
RE1,UPSREF_CAR,2050,460.0
RE1,UPSREF_CAR,2051,460.0
RE1,UPSREF_CAR,2052,460.0
RE1,UPSREF_CAR,2053,460.0
RE1,UPSREF_CAR,2054,460.0
RE1,UPSREG,2022,154.03
RE1,UPSREG,2023,179.6
RE1,UPSREG,2024,179.6
RE1,UPSREG,2025,179.6
RE1,UPSREG,2026,179.6
RE1,UPSREG,2027,179.6
RE1,UPSREG,2028,179.6
RE1,UPSREG,2029,179.6
RE1,UPSREG,2030,179.6
RE1,UPSREG,2031,179.6
RE1,UPSREG,2032,179.6
RE1,UPSREG,2033,179.6
RE1,UPSREG,2034,179.6
RE1,UPSREG,2035,179.6
RE1,UPSREG,2036,179.6
RE1,UPSREG,2037,179.6
RE1,UPSREG,2038,179.6
RE1,UPSREG,2039,179.6
RE1,UPSREG,2040,179.6
RE1,UPSREG,2041,179.6
RE1,UPSREG,2042,179.6
RE1,UPSREG,2043,179.6
RE1,UPSREG,2044,179.6
RE1,UPSREG,2045,179.6
RE1,UPSREG,2046,179.6
RE1,UPSREG,2047,179.6
RE1,UPSREG,2048,179.6
RE1,UPSREG,2049,179.6
RE1,UPSREG,2050,179.6
RE1,UPSREG,2051,179.6
RE1,UPSREG,2052,179.6
RE1,UPSREG,2053,179.6
RE1,UPSREG,2054,179.6
RE1,UPSSAF,2022,0.0
RE1,UPSSAF,2023,0.0
RE1,UPSSAF,2024,0.0
RE1,UPSSAF,2025,0.0
RE1,UPSSAF,2026,0.0
RE1,UPSSAF,2027,0.0
RE1,UPSSAF,2028,0.0
RE1,UPSSAF,2029,0.0
RE1,UPSSAF,2030,0.0
RE1,UPSSAF,2031,0.0
RE1,UPSSAF,2032,0.0
RE1,UPSSAF,2033,0.0
RE1,UPSSAF,2034,0.0
RE1,UPSSAF,2035,0.0
RE1,UPSSAF,2036,0.0
RE1,UPSSAF,2037,0.0
RE1,UPSSAF,2038,0.0
RE1,UPSSAF,2039,0.0
RE1,UPSSAF,2040,0.0
RE1,UPSSAF,2041,0.0
RE1,UPSSAF,2042,0.0
RE1,UPSSAF,2043,0.0
RE1,UPSSAF,2044,0.0
RE1,UPSSAF,2045,0.0
RE1,UPSSAF,2046,0.0
RE1,UPSSAF,2047,0.0
RE1,UPSSAF,2048,0.0
RE1,UPSSAF,2049,0.0
RE1,UPSSAF,2050,0.0
RE1,UPSSAF,2051,0.0
RE1,UPSSAF,2052,0.0
RE1,UPSSAF,2053,0.0
RE1,UPSSAF,2054,0.0
RE1,UPSSMR,2022,0.0
RE1,UPSSMR,2023,0.0
RE1,UPSSMR,2024,0.0
RE1,UPSSMR,2025,0.0
RE1,UPSSMR,2026,0.0
RE1,UPSSMR,2027,0.0
RE1,UPSSMR,2028,0.0
RE1,UPSSMR,2029,0.0
RE1,UPSSMR,2030,0.0
RE1,UPSSMR,2031,0.0
RE1,UPSSMR,2032,0.0
RE1,UPSSMR,2033,0.0
RE1,UPSSMR,2034,0.0
RE1,UPSSMR,2035,0.0
RE1,UPSSMR,2036,0.0
RE1,UPSSMR,2037,0.0
RE1,UPSSMR,2038,0.0
RE1,UPSSMR,2039,0.0
RE1,UPSSMR,2040,0.0
RE1,UPSSMR,2041,0.0
RE1,UPSSMR,2042,0.0
RE1,UPSSMR,2043,0.0
RE1,UPSSMR,2044,0.0
RE1,UPSSMR,2045,0.0
RE1,UPSSMR,2046,0.0
RE1,UPSSMR,2047,0.0
RE1,UPSSMR,2048,0.0
RE1,UPSSMR,2049,0.0
RE1,UPSSMR,2050,0.0
RE1,UPSSMR,2051,0.0
RE1,UPSSMR,2052,0.0
RE1,UPSSMR,2053,0.0
RE1,UPSSMR,2054,0.0
RE1,UPSSMRCCS,2022,0.0
RE1,UPSSMRCCS,2023,0.0
RE1,UPSSMRCCS,2024,0.0
RE1,UPSSMRCCS,2025,0.0
RE1,UPSSMRCCS,2026,0.0
RE1,UPSSMRCCS,2027,0.0
RE1,UPSSMRCCS,2028,0.0
RE1,UPSSMRCCS,2029,0.0
RE1,UPSSMRCCS,2030,0.0
RE1,UPSSMRCCS,2031,0.0
RE1,UPSSMRCCS,2032,0.0
RE1,UPSSMRCCS,2033,0.0
RE1,UPSSMRCCS,2034,0.0
RE1,UPSSMRCCS,2035,0.0
RE1,UPSSMRCCS,2036,0.0
RE1,UPSSMRCCS,2037,0.0
RE1,UPSSMRCCS,2038,0.0
RE1,UPSSMRCCS,2039,0.0
RE1,UPSSMRCCS,2040,0.0
RE1,UPSSMRCCS,2041,0.0
RE1,UPSSMRCCS,2042,0.0
RE1,UPSSMRCCS,2043,0.0
RE1,UPSSMRCCS,2044,0.0
RE1,UPSSMRCCS,2045,0.0
RE1,UPSSMRCCS,2046,0.0
RE1,UPSSMRCCS,2047,0.0
RE1,UPSSMRCCS,2048,0.0
RE1,UPSSMRCCS,2049,0.0
RE1,UPSSMRCCS,2050,0.0
RE1,UPSSMRCCS,2051,0.0
RE1,UPSSMRCCS,2052,0.0
RE1,UPSSMRCCS,2053,0.0
RE1,UPSSMRCCS,2054,0.0
