Parametro,Dimension,Codigo_Destino,Region,Anio,Participacion_Efectiva,Valor_Absoluto
ResidualCapacity,TECHNOLOGY,IN_DEMRESELCAIR_PAR_LOW,IN,2022,0.009832,0.004776
ResidualCapacity,TECHNOLOGY,IN_DEMRESELCAIR_PAR_LOW,IN,2023,0.009102,0.004936
ResidualCapacity,TECHNOLOGY,IN_DEMRESELCAIR_PAR_LOW,IN,2024,0.011822,0.007028
ResidualCapacity,TECHNOLOGY,IN_DEMRESELCAIR_PAR_LOW,IN,2025,0.012323,0.007324
ResidualCapacity,TECHNOLOGY,IN_DEMRESELCAIR_PAR_LOW,IN,2026,0.01234,0.007329
ResidualCapacity,TECHNOLOGY,IN_DEMRESELCAIR_PAR_LOW,IN,2027,0.012354,0.007327
ResidualCapacity,TECHNOLOGY,IN_DEMRESELCAIR_PAR_LOW,IN,2028,0.01236,0.00731
ResidualCapacity,TECHNOLOGY,IN_DEMRESELCAIR_PAR_LOW,IN,2029,0.012366,0.007277
ResidualCapacity,TECHNOLOGY,IN_DEMRESELCAIR_PAR_LOW,IN,2030,0.012362,0.007215
ResidualCapacity,TECHNOLOGY,IN_DEMRESELCAIR_PAR_LOW,IN,2031,0.012349,0.007116
ResidualCapacity,TECHNOLOGY,IN_DEMRESELCAIR_PAR_LOW,IN,2032,0.012334,0.006973
ResidualCapacity,TECHNOLOGY,IN_DEMRESELCAIR_PAR_LOW,IN,2033,0.01232,0.006776
ResidualCapacity,TECHNOLOGY,IN_DEMRESELCAIR_PAR_LOW,IN,2034,0.012304,0.006513
ResidualCapacity,TECHNOLOGY,IN_DEMRESELCAIR_PAR_LOW,IN,2035,0.012289,0.006175
ResidualCapacity,TECHNOLOGY,IN_DEMRESELCAIR_PAR_LOW,IN,2036,0.012271,0.005754
ResidualCapacity,TECHNOLOGY,IN_DEMRESELCAIR_PAR_LOW,IN,2037,0.012264,0.005254
ResidualCapacity,TECHNOLOGY,IN_DEMRESELCAIR_PAR_LOW,IN,2038,0.012252,0.004674
ResidualCapacity,TECHNOLOGY,IN_DEMRESELCAIR_PAR_LOW,IN,2039,0.012236,0.00403
ResidualCapacity,TECHNOLOGY,IN_DEMRESELCAIR_PAR_LOW,IN,2040,0.012224,0.003352
ResidualCapacity,TECHNOLOGY,IN_DEMRESELCAIR_PAR_LOW,IN,2041,0.012211,0.002671
ResidualCapacity,TECHNOLOGY,IN_DEMRESELCAIR_PAR_LOW,IN,2042,0.012206,0.002025
ResidualCapacity,TECHNOLOGY,IN_DEMRESELCAIR_PAR_LOW,IN,2043,0.012198,0.001449
ResidualCapacity,TECHNOLOGY,IN_DEMRESELCAIR_PAR_LOW,IN,2044,0.012196,0.00097
ResidualCapacity,TECHNOLOGY,IN_DEMRESELCAIR_PAR_LOW,IN,2045,0.012196,0.000602
ResidualCapacity,TECHNOLOGY,IN_DEMRESELCAIR_PAR_LOW,IN,2046,0.012188,0.000343
ResidualCapacity,TECHNOLOGY,IN_DEMRESELCAIR_PAR_LOW,IN,2047,0.012189,0.000177
ResidualCapacity,TECHNOLOGY,IN_DEMRESELCAIR_PAR_LOW,IN,2048,0.012191,8.2e-05
ResidualCapacity,TECHNOLOGY,IN_DEMRESELCAIR_PAR_LOW,IN,2049,0.012189,3.3e-05
ResidualCapacity,TECHNOLOGY,IN_DEMRESELCAIR_PAR_LOW,IN,2050,0.012196,1.2e-05
ResidualCapacity,TECHNOLOGY,IN_DEMRESELCAIR_PAR_LOW,IN,2051,0.012204,4e-06
ResidualCapacity,TECHNOLOGY,IN_DEMRESELCAIR_PAR_LOW,IN,2052,0.012215,1e-06
ResidualCapacity,TECHNOLOGY,IN_DEMRESELCAIR_PAR_LOW,IN,2053,0.012229,0.0
ResidualCapacity,TECHNOLOGY,IN_DEMRESELCAIR_PAR_LOW,IN,2054,0.012245,0.0
ResidualCapacity,TECHNOLOGY,IN_DEMRESELCAIR_PAR_MID,IN,2022,0.009832,3.3e-05
ResidualCapacity,TECHNOLOGY,IN_DEMRESELCAIR_PAR_MID,IN,2023,0.009102,4.7e-05
ResidualCapacity,TECHNOLOGY,IN_DEMRESELCAIR_PAR_MID,IN,2024,0.011822,0.000159
ResidualCapacity,TECHNOLOGY,IN_DEMRESELCAIR_PAR_MID,IN,2025,0.012323,0.000166
ResidualCapacity,TECHNOLOGY,IN_DEMRESELCAIR_PAR_MID,IN,2026,0.01234,0.000166
ResidualCapacity,TECHNOLOGY,IN_DEMRESELCAIR_PAR_MID,IN,2027,0.012354,0.000166
ResidualCapacity,TECHNOLOGY,IN_DEMRESELCAIR_PAR_MID,IN,2028,0.01236,0.000165
ResidualCapacity,TECHNOLOGY,IN_DEMRESELCAIR_PAR_MID,IN,2029,0.012366,0.000165
ResidualCapacity,TECHNOLOGY,IN_DEMRESELCAIR_PAR_MID,IN,2030,0.012362,0.000163
ResidualCapacity,TECHNOLOGY,IN_DEMRESELCAIR_PAR_MID,IN,2031,0.012349,0.000161
ResidualCapacity,TECHNOLOGY,IN_DEMRESELCAIR_PAR_MID,IN,2032,0.012334,0.000158
ResidualCapacity,TECHNOLOGY,IN_DEMRESELCAIR_PAR_MID,IN,2033,0.01232,0.000153
ResidualCapacity,TECHNOLOGY,IN_DEMRESELCAIR_PAR_MID,IN,2034,0.012304,0.000147
ResidualCapacity,TECHNOLOGY,IN_DEMRESELCAIR_PAR_MID,IN,2035,0.012289,0.00014
ResidualCapacity,TECHNOLOGY,IN_DEMRESELCAIR_PAR_MID,IN,2036,0.012271,0.00013
ResidualCapacity,TECHNOLOGY,IN_DEMRESELCAIR_PAR_MID,IN,2037,0.012264,0.000119
ResidualCapacity,TECHNOLOGY,IN_DEMRESELCAIR_PAR_MID,IN,2038,0.012252,0.000106
ResidualCapacity,TECHNOLOGY,IN_DEMRESELCAIR_PAR_MID,IN,2039,0.012236,9.1e-05
ResidualCapacity,TECHNOLOGY,IN_DEMRESELCAIR_PAR_MID,IN,2040,0.012224,7.6e-05
ResidualCapacity,TECHNOLOGY,IN_DEMRESELCAIR_PAR_MID,IN,2041,0.012211,6e-05
ResidualCapacity,TECHNOLOGY,IN_DEMRESELCAIR_PAR_MID,IN,2042,0.012206,4.6e-05
ResidualCapacity,TECHNOLOGY,IN_DEMRESELCAIR_PAR_MID,IN,2043,0.012198,3.3e-05
ResidualCapacity,TECHNOLOGY,IN_DEMRESELCAIR_PAR_MID,IN,2044,0.012196,2.2e-05
ResidualCapacity,TECHNOLOGY,IN_DEMRESELCAIR_PAR_MID,IN,2045,0.012196,1.4e-05
ResidualCapacity,TECHNOLOGY,IN_DEMRESELCAIR_PAR_MID,IN,2046,0.012188,8e-06
ResidualCapacity,TECHNOLOGY,IN_DEMRESELCAIR_PAR_MID,IN,2047,0.012189,4e-06
ResidualCapacity,TECHNOLOGY,IN_DEMRESELCAIR_PAR_MID,IN,2048,0.012191,2e-06
ResidualCapacity,TECHNOLOGY,IN_DEMRESELCAIR_PAR_MID,IN,2049,0.012189,1e-06
ResidualCapacity,TECHNOLOGY,IN_DEMRESELCAIR_PAR_MID,IN,2050,0.012196,0.0
ResidualCapacity,TECHNOLOGY,IN_DEMRESELCAIR_PAR_MID,IN,2051,0.012204,0.0
ResidualCapacity,TECHNOLOGY,IN_DEMRESELCAIR_PAR_MID,IN,2052,0.012215,0.0
ResidualCapacity,TECHNOLOGY,IN_DEMRESELCAIR_PAR_MID,IN,2053,0.012229,0.0
ResidualCapacity,TECHNOLOGY,IN_DEMRESELCAIR_PAR_MID,IN,2054,0.012245,0.0
ResidualCapacity,TECHNOLOGY,IN_DEMRESELCAIR_SPL_LOW,IN,2022,0.009832,0.008869
ResidualCapacity,TECHNOLOGY,IN_DEMRESELCAIR_SPL_LOW,IN,2023,0.009102,0.009167
ResidualCapacity,TECHNOLOGY,IN_DEMRESELCAIR_SPL_LOW,IN,2024,0.011822,0.013053
ResidualCapacity,TECHNOLOGY,IN_DEMRESELCAIR_SPL_LOW,IN,2025,0.012323,0.01355
ResidualCapacity,TECHNOLOGY,IN_DEMRESELCAIR_SPL_LOW,IN,2026,0.01234,0.013455
ResidualCapacity,TECHNOLOGY,IN_DEMRESELCAIR_SPL_LOW,IN,2027,0.012354,0.01322
ResidualCapacity,TECHNOLOGY,IN_DEMRESELCAIR_SPL_LOW,IN,2028,0.01236,0.012756
ResidualCapacity,TECHNOLOGY,IN_DEMRESELCAIR_SPL_LOW,IN,2029,0.012366,0.011968
ResidualCapacity,TECHNOLOGY,IN_DEMRESELCAIR_SPL_LOW,IN,2030,0.012362,0.010766
ResidualCapacity,TECHNOLOGY,IN_DEMRESELCAIR_SPL_LOW,IN,2031,0.012349,0.009122
ResidualCapacity,TECHNOLOGY,IN_DEMRESELCAIR_SPL_LOW,IN,2032,0.012334,0.007129
ResidualCapacity,TECHNOLOGY,IN_DEMRESELCAIR_SPL_LOW,IN,2033,0.01232,0.005004
ResidualCapacity,TECHNOLOGY,IN_DEMRESELCAIR_SPL_LOW,IN,2034,0.012304,0.003055
ResidualCapacity,TECHNOLOGY,IN_DEMRESELCAIR_SPL_LOW,IN,2035,0.012289,0.001563
ResidualCapacity,TECHNOLOGY,IN_DEMRESELCAIR_SPL_LOW,IN,2036,0.012271,0.000641
ResidualCapacity,TECHNOLOGY,IN_DEMRESELCAIR_SPL_LOW,IN,2037,0.012264,0.0002
ResidualCapacity,TECHNOLOGY,IN_DEMRESELCAIR_SPL_LOW,IN,2038,0.012252,4.5e-05
ResidualCapacity,TECHNOLOGY,IN_DEMRESELCAIR_SPL_LOW,IN,2039,0.012236,7e-06
ResidualCapacity,TECHNOLOGY,IN_DEMRESELCAIR_SPL_LOW,IN,2040,0.012224,1e-06
ResidualCapacity,TECHNOLOGY,IN_DEMRESELCAIR_SPL_LOW,IN,2041,0.012211,0.0
ResidualCapacity,TECHNOLOGY,IN_DEMRESELCAIR_SPL_LOW,IN,2042,0.012206,0.0
ResidualCapacity,TECHNOLOGY,IN_DEMRESELCAIR_SPL_LOW,IN,2043,0.012198,0.0
ResidualCapacity,TECHNOLOGY,IN_DEMRESELCAIR_SPL_LOW,IN,2044,0.012196,0.0
ResidualCapacity,TECHNOLOGY,IN_DEMRESELCAIR_SPL_LOW,IN,2045,0.012196,0.0
ResidualCapacity,TECHNOLOGY,IN_DEMRESELCAIR_SPL_LOW,IN,2046,0.012188,0.0
ResidualCapacity,TECHNOLOGY,IN_DEMRESELCAIR_SPL_LOW,IN,2047,0.012189,0.0
ResidualCapacity,TECHNOLOGY,IN_DEMRESELCAIR_SPL_LOW,IN,2048,0.012191,0.0
ResidualCapacity,TECHNOLOGY,IN_DEMRESELCAIR_SPL_LOW,IN,2049,0.012189,0.0
ResidualCapacity,TECHNOLOGY,IN_DEMRESELCAIR_SPL_LOW,IN,2050,0.012196,0.0
ResidualCapacity,TECHNOLOGY,IN_DEMRESELCAIR_SPL_LOW,IN,2051,0.012204,0.0
ResidualCapacity,TECHNOLOGY,IN_DEMRESELCAIR_SPL_LOW,IN,2052,0.012215,0.0
ResidualCapacity,TECHNOLOGY,IN_DEMRESELCAIR_SPL_LOW,IN,2053,0.012229,0.0
ResidualCapacity,TECHNOLOGY,IN_DEMRESELCAIR_SPL_LOW,IN,2054,0.012245,0.0
ResidualCapacity,TECHNOLOGY,IN_DEMRESELCAIR_SPL_MID,IN,2022,0.009832,6.1e-05
ResidualCapacity,TECHNOLOGY,IN_DEMRESELCAIR_SPL_MID,IN,2023,0.009102,8.7e-05
ResidualCapacity,TECHNOLOGY,IN_DEMRESELCAIR_SPL_MID,IN,2024,0.011822,0.000295
ResidualCapacity,TECHNOLOGY,IN_DEMRESELCAIR_SPL_MID,IN,2025,0.012323,0.000307
ResidualCapacity,TECHNOLOGY,IN_DEMRESELCAIR_SPL_MID,IN,2026,0.01234,0.000304
ResidualCapacity,TECHNOLOGY,IN_DEMRESELCAIR_SPL_MID,IN,2027,0.012354,0.000299
ResidualCapacity,TECHNOLOGY,IN_DEMRESELCAIR_SPL_MID,IN,2028,0.01236,0.000289
ResidualCapacity,TECHNOLOGY,IN_DEMRESELCAIR_SPL_MID,IN,2029,0.012366,0.000271
ResidualCapacity,TECHNOLOGY,IN_DEMRESELCAIR_SPL_MID,IN,2030,0.012362,0.000244
ResidualCapacity,TECHNOLOGY,IN_DEMRESELCAIR_SPL_MID,IN,2031,0.012349,0.000206
ResidualCapacity,TECHNOLOGY,IN_DEMRESELCAIR_SPL_MID,IN,2032,0.012334,0.000161
ResidualCapacity,TECHNOLOGY,IN_DEMRESELCAIR_SPL_MID,IN,2033,0.01232,0.000113
ResidualCapacity,TECHNOLOGY,IN_DEMRESELCAIR_SPL_MID,IN,2034,0.012304,6.9e-05
ResidualCapacity,TECHNOLOGY,IN_DEMRESELCAIR_SPL_MID,IN,2035,0.012289,3.5e-05
ResidualCapacity,TECHNOLOGY,IN_DEMRESELCAIR_SPL_MID,IN,2036,0.012271,1.4e-05
ResidualCapacity,TECHNOLOGY,IN_DEMRESELCAIR_SPL_MID,IN,2037,0.012264,5e-06
ResidualCapacity,TECHNOLOGY,IN_DEMRESELCAIR_SPL_MID,IN,2038,0.012252,1e-06
ResidualCapacity,TECHNOLOGY,IN_DEMRESELCAIR_SPL_MID,IN,2039,0.012236,0.0
ResidualCapacity,TECHNOLOGY,IN_DEMRESELCAIR_SPL_MID,IN,2040,0.012224,0.0
ResidualCapacity,TECHNOLOGY,IN_DEMRESELCAIR_SPL_MID,IN,2041,0.012211,0.0
ResidualCapacity,TECHNOLOGY,IN_DEMRESELCAIR_SPL_MID,IN,2042,0.012206,0.0
ResidualCapacity,TECHNOLOGY,IN_DEMRESELCAIR_SPL_MID,IN,2043,0.012198,0.0
ResidualCapacity,TECHNOLOGY,IN_DEMRESELCAIR_SPL_MID,IN,2044,0.012196,0.0
ResidualCapacity,TECHNOLOGY,IN_DEMRESELCAIR_SPL_MID,IN,2045,0.012196,0.0
ResidualCapacity,TECHNOLOGY,IN_DEMRESELCAIR_SPL_MID,IN,2046,0.012188,0.0
ResidualCapacity,TECHNOLOGY,IN_DEMRESELCAIR_SPL_MID,IN,2047,0.012189,0.0
ResidualCapacity,TECHNOLOGY,IN_DEMRESELCAIR_SPL_MID,IN,2048,0.012191,0.0
ResidualCapacity,TECHNOLOGY,IN_DEMRESELCAIR_SPL_MID,IN,2049,0.012189,0.0
ResidualCapacity,TECHNOLOGY,IN_DEMRESELCAIR_SPL_MID,IN,2050,0.012196,0.0
ResidualCapacity,TECHNOLOGY,IN_DEMRESELCAIR_SPL_MID,IN,2051,0.012204,0.0
ResidualCapacity,TECHNOLOGY,IN_DEMRESELCAIR_SPL_MID,IN,2052,0.012215,0.0
ResidualCapacity,TECHNOLOGY,IN_DEMRESELCAIR_SPL_MID,IN,2053,0.012229,0.0
ResidualCapacity,TECHNOLOGY,IN_DEMRESELCAIR_SPL_MID,IN,2054,0.012245,0.0
ResidualCapacity,TECHNOLOGY,IN_DEMRESELCCKN_HIG,IN,2030,0.002977,0.000211
ResidualCapacity,TECHNOLOGY,IN_DEMRESELCCKN_HIG,IN,2031,0.002973,0.000432
ResidualCapacity,TECHNOLOGY,IN_DEMRESELCCKN_HIG,IN,2032,0.002969,0.000652
ResidualCapacity,TECHNOLOGY,IN_DEMRESELCCKN_HIG,IN,2033,0.002965,0.000872
ResidualCapacity,TECHNOLOGY,IN_DEMRESELCCKN_HIG,IN,2034,0.00296,0.00109
ResidualCapacity,TECHNOLOGY,IN_DEMRESELCCKN_HIG,IN,2035,0.002956,0.001308
ResidualCapacity,TECHNOLOGY,IN_DEMRESELCCKN_HIG,IN,2036,0.002952,0.001527
ResidualCapacity,TECHNOLOGY,IN_DEMRESELCCKN_HIG,IN,2037,0.00295,0.001747
ResidualCapacity,TECHNOLOGY,IN_DEMRESELCCKN_HIG,IN,2038,0.002947,0.001967
ResidualCapacity,TECHNOLOGY,IN_DEMRESELCCKN_HIG,IN,2039,0.002943,0.002185
ResidualCapacity,TECHNOLOGY,IN_DEMRESELCCKN_HIG,IN,2040,0.00294,0.002405
ResidualCapacity,TECHNOLOGY,IN_DEMRESELCCKN_HIG,IN,2041,0.002937,0.002626
ResidualCapacity,TECHNOLOGY,IN_DEMRESELCCKN_HIG,IN,2042,0.002936,0.002848
ResidualCapacity,TECHNOLOGY,IN_DEMRESELCCKN_HIG,IN,2043,0.002935,0.00307
ResidualCapacity,TECHNOLOGY,IN_DEMRESELCCKN_HIG,IN,2044,0.002934,0.003293
ResidualCapacity,TECHNOLOGY,IN_DEMRESELCCKN_HIG,IN,2045,0.002934,0.003518
ResidualCapacity,TECHNOLOGY,IN_DEMRESELCCKN_HIG,IN,2046,0.002933,0.003741
ResidualCapacity,TECHNOLOGY,IN_DEMRESELCCKN_HIG,IN,2047,0.002933,0.003967
ResidualCapacity,TECHNOLOGY,IN_DEMRESELCCKN_HIG,IN,2048,0.002934,0.004194
ResidualCapacity,TECHNOLOGY,IN_DEMRESELCCKN_HIG,IN,2049,0.002933,0.004418
ResidualCapacity,TECHNOLOGY,IN_DEMRESELCCKN_HIG,IN,2050,0.002934,0.004626
ResidualCapacity,TECHNOLOGY,IN_DEMRESELCCKN_HIG,IN,2051,0.002936,0.004765
ResidualCapacity,TECHNOLOGY,IN_DEMRESELCCKN_HIG,IN,2052,0.002938,0.004903
ResidualCapacity,TECHNOLOGY,IN_DEMRESELCCKN_HIG,IN,2053,0.002941,0.005031
ResidualCapacity,TECHNOLOGY,IN_DEMRESELCCKN_HIG,IN,2054,0.002944,0.005158
ResidualCapacity,TECHNOLOGY,IN_DEMRESELCCKN_LOW,IN,2022,0.000703,0.002355
ResidualCapacity,TECHNOLOGY,IN_DEMRESELCCKN_LOW,IN,2023,0.000731,0.002579
ResidualCapacity,TECHNOLOGY,IN_DEMRESELCCKN_LOW,IN,2024,0.002774,0.010188
ResidualCapacity,TECHNOLOGY,IN_DEMRESELCCKN_LOW,IN,2025,0.002989,0.010472
ResidualCapacity,TECHNOLOGY,IN_DEMRESELCCKN_LOW,IN,2026,0.002986,0.010207
ResidualCapacity,TECHNOLOGY,IN_DEMRESELCCKN_LOW,IN,2027,0.002984,0.009901
ResidualCapacity,TECHNOLOGY,IN_DEMRESELCCKN_LOW,IN,2028,0.002981,0.009556
ResidualCapacity,TECHNOLOGY,IN_DEMRESELCCKN_LOW,IN,2029,0.00298,0.009183
ResidualCapacity,TECHNOLOGY,IN_DEMRESELCCKN_LOW,IN,2030,0.002977,0.008781
ResidualCapacity,TECHNOLOGY,IN_DEMRESELCCKN_LOW,IN,2031,0.002973,0.008353
ResidualCapacity,TECHNOLOGY,IN_DEMRESELCCKN_LOW,IN,2032,0.002969,0.007909
ResidualCapacity,TECHNOLOGY,IN_DEMRESELCCKN_LOW,IN,2033,0.002965,0.007455
ResidualCapacity,TECHNOLOGY,IN_DEMRESELCCKN_LOW,IN,2034,0.00296,0.006995
ResidualCapacity,TECHNOLOGY,IN_DEMRESELCCKN_LOW,IN,2035,0.002956,0.006535
ResidualCapacity,TECHNOLOGY,IN_DEMRESELCCKN_LOW,IN,2036,0.002952,0.006077
ResidualCapacity,TECHNOLOGY,IN_DEMRESELCCKN_LOW,IN,2037,0.00295,0.005632
ResidualCapacity,TECHNOLOGY,IN_DEMRESELCCKN_LOW,IN,2038,0.002947,0.005194
ResidualCapacity,TECHNOLOGY,IN_DEMRESELCCKN_LOW,IN,2039,0.002943,0.004768
ResidualCapacity,TECHNOLOGY,IN_DEMRESELCCKN_LOW,IN,2040,0.00294,0.00436
ResidualCapacity,TECHNOLOGY,IN_DEMRESELCCKN_LOW,IN,2041,0.002937,0.003969
ResidualCapacity,TECHNOLOGY,IN_DEMRESELCCKN_LOW,IN,2042,0.002936,0.0036
ResidualCapacity,TECHNOLOGY,IN_DEMRESELCCKN_LOW,IN,2043,0.002935,0.003251
ResidualCapacity,TECHNOLOGY,IN_DEMRESELCCKN_LOW,IN,2044,0.002934,0.002925
ResidualCapacity,TECHNOLOGY,IN_DEMRESELCCKN_LOW,IN,2045,0.002934,0.002621
ResidualCapacity,TECHNOLOGY,IN_DEMRESELCCKN_LOW,IN,2046,0.002933,0.002337
ResidualCapacity,TECHNOLOGY,IN_DEMRESELCCKN_LOW,IN,2047,0.002933,0.002077
ResidualCapacity,TECHNOLOGY,IN_DEMRESELCCKN_LOW,IN,2048,0.002934,0.001838
ResidualCapacity,TECHNOLOGY,IN_DEMRESELCCKN_LOW,IN,2049,0.002933,0.001619
ResidualCapacity,TECHNOLOGY,IN_DEMRESELCCKN_LOW,IN,2050,0.002934,0.001421
ResidualCapacity,TECHNOLOGY,IN_DEMRESELCCKN_LOW,IN,2051,0.002936,0.001243
ResidualCapacity,TECHNOLOGY,IN_DEMRESELCCKN_LOW,IN,2052,0.002938,0.001082
ResidualCapacity,TECHNOLOGY,IN_DEMRESELCCKN_LOW,IN,2053,0.002941,0.000939
ResidualCapacity,TECHNOLOGY,IN_DEMRESELCCKN_LOW,IN,2054,0.002944,0.000812
ResidualCapacity,TECHNOLOGY,IN_DEMRESELCCKN_MID,IN,2022,0.000703,1.6e-05
ResidualCapacity,TECHNOLOGY,IN_DEMRESELCCKN_MID,IN,2023,0.000731,2.4e-05
ResidualCapacity,TECHNOLOGY,IN_DEMRESELCCKN_MID,IN,2024,0.002774,0.000231
ResidualCapacity,TECHNOLOGY,IN_DEMRESELCCKN_MID,IN,2025,0.002989,0.000452
ResidualCapacity,TECHNOLOGY,IN_DEMRESELCCKN_MID,IN,2026,0.002986,0.000654
ResidualCapacity,TECHNOLOGY,IN_DEMRESELCCKN_MID,IN,2027,0.002984,0.000858
ResidualCapacity,TECHNOLOGY,IN_DEMRESELCCKN_MID,IN,2028,0.002981,0.001062
ResidualCapacity,TECHNOLOGY,IN_DEMRESELCCKN_MID,IN,2029,0.00298,0.001265
ResidualCapacity,TECHNOLOGY,IN_DEMRESELCCKN_MID,IN,2030,0.002977,0.001465
ResidualCapacity,TECHNOLOGY,IN_DEMRESELCCKN_MID,IN,2031,0.002973,0.001675
ResidualCapacity,TECHNOLOGY,IN_DEMRESELCCKN_MID,IN,2032,0.002969,0.001884
ResidualCapacity,TECHNOLOGY,IN_DEMRESELCCKN_MID,IN,2033,0.002965,0.002092
ResidualCapacity,TECHNOLOGY,IN_DEMRESELCCKN_MID,IN,2034,0.00296,0.002299
ResidualCapacity,TECHNOLOGY,IN_DEMRESELCCKN_MID,IN,2035,0.002956,0.002506
ResidualCapacity,TECHNOLOGY,IN_DEMRESELCCKN_MID,IN,2036,0.002952,0.002713
ResidualCapacity,TECHNOLOGY,IN_DEMRESELCCKN_MID,IN,2037,0.00295,0.002923
ResidualCapacity,TECHNOLOGY,IN_DEMRESELCCKN_MID,IN,2038,0.002947,0.003132
ResidualCapacity,TECHNOLOGY,IN_DEMRESELCCKN_MID,IN,2039,0.002943,0.003339
ResidualCapacity,TECHNOLOGY,IN_DEMRESELCCKN_MID,IN,2040,0.00294,0.003548
ResidualCapacity,TECHNOLOGY,IN_DEMRESELCCKN_MID,IN,2041,0.002937,0.003758
ResidualCapacity,TECHNOLOGY,IN_DEMRESELCCKN_MID,IN,2042,0.002936,0.00397
ResidualCapacity,TECHNOLOGY,IN_DEMRESELCCKN_MID,IN,2043,0.002935,0.004182
ResidualCapacity,TECHNOLOGY,IN_DEMRESELCCKN_MID,IN,2044,0.002934,0.004395
ResidualCapacity,TECHNOLOGY,IN_DEMRESELCCKN_MID,IN,2045,0.002934,0.00461
ResidualCapacity,TECHNOLOGY,IN_DEMRESELCCKN_MID,IN,2046,0.002933,0.004822
ResidualCapacity,TECHNOLOGY,IN_DEMRESELCCKN_MID,IN,2047,0.002933,0.005039
ResidualCapacity,TECHNOLOGY,IN_DEMRESELCCKN_MID,IN,2048,0.002934,0.005256
ResidualCapacity,TECHNOLOGY,IN_DEMRESELCCKN_MID,IN,2049,0.002933,0.00547
ResidualCapacity,TECHNOLOGY,IN_DEMRESELCCKN_MID,IN,2050,0.002934,0.00567
ResidualCapacity,TECHNOLOGY,IN_DEMRESELCCKN_MID,IN,2051,0.002936,0.005803
ResidualCapacity,TECHNOLOGY,IN_DEMRESELCCKN_MID,IN,2052,0.002938,0.005936
ResidualCapacity,TECHNOLOGY,IN_DEMRESELCCKN_MID,IN,2053,0.002941,0.00606
ResidualCapacity,TECHNOLOGY,IN_DEMRESELCCKN_MID,IN,2054,0.002944,0.006183
ResidualCapacity,TECHNOLOGY,IN_DEMRESELCFAN_HIG,IN,2025,0.00442,0.002067
ResidualCapacity,TECHNOLOGY,IN_DEMRESELCFAN_HIG,IN,2026,0.004425,0.002516
ResidualCapacity,TECHNOLOGY,IN_DEMRESELCFAN_HIG,IN,2027,0.004429,0.003085
ResidualCapacity,TECHNOLOGY,IN_DEMRESELCFAN_HIG,IN,2028,0.004432,0.003789
ResidualCapacity,TECHNOLOGY,IN_DEMRESELCFAN_HIG,IN,2029,0.004434,0.005237
ResidualCapacity,TECHNOLOGY,IN_DEMRESELCFAN_HIG,IN,2030,0.004435,0.005618
ResidualCapacity,TECHNOLOGY,IN_DEMRESELCFAN_HIG,IN,2031,0.004432,0.006
ResidualCapacity,TECHNOLOGY,IN_DEMRESELCFAN_HIG,IN,2032,0.004429,0.006389
ResidualCapacity,TECHNOLOGY,IN_DEMRESELCFAN_HIG,IN,2033,0.004425,0.006785
ResidualCapacity,TECHNOLOGY,IN_DEMRESELCFAN_HIG,IN,2034,0.004421,0.007188
ResidualCapacity,TECHNOLOGY,IN_DEMRESELCFAN_HIG,IN,2035,0.004418,0.007597
ResidualCapacity,TECHNOLOGY,IN_DEMRESELCFAN_HIG,IN,2036,0.004413,0.008012
ResidualCapacity,TECHNOLOGY,IN_DEMRESELCFAN_HIG,IN,2037,0.004413,0.008441
ResidualCapacity,TECHNOLOGY,IN_DEMRESELCFAN_HIG,IN,2038,0.00441,0.008874
ResidualCapacity,TECHNOLOGY,IN_DEMRESELCFAN_HIG,IN,2039,0.004406,0.009309
ResidualCapacity,TECHNOLOGY,IN_DEMRESELCFAN_HIG,IN,2040,0.004404,0.009755
ResidualCapacity,TECHNOLOGY,IN_DEMRESELCFAN_HIG,IN,2041,0.004401,0.010206
ResidualCapacity,TECHNOLOGY,IN_DEMRESELCFAN_HIG,IN,2042,0.004401,0.01067
ResidualCapacity,TECHNOLOGY,IN_DEMRESELCFAN_HIG,IN,2043,0.0044,0.011138
ResidualCapacity,TECHNOLOGY,IN_DEMRESELCFAN_HIG,IN,2044,0.0044,0.011616
ResidualCapacity,TECHNOLOGY,IN_DEMRESELCFAN_HIG,IN,2045,0.004402,0.012104
ResidualCapacity,TECHNOLOGY,IN_DEMRESELCFAN_HIG,IN,2046,0.0044,0.01259
ResidualCapacity,TECHNOLOGY,IN_DEMRESELCFAN_HIG,IN,2047,0.004402,0.013091
ResidualCapacity,TECHNOLOGY,IN_DEMRESELCFAN_HIG,IN,2048,0.004404,0.013599
ResidualCapacity,TECHNOLOGY,IN_DEMRESELCFAN_HIG,IN,2049,0.004405,0.014107
ResidualCapacity,TECHNOLOGY,IN_DEMRESELCFAN_HIG,IN,2050,0.004408,0.014627
ResidualCapacity,TECHNOLOGY,IN_DEMRESELCFAN_HIG,IN,2051,0.004412,0.014804
ResidualCapacity,TECHNOLOGY,IN_DEMRESELCFAN_HIG,IN,2052,0.004416,0.014979
ResidualCapacity,TECHNOLOGY,IN_DEMRESELCFAN_HIG,IN,2053,0.004422,0.015154
ResidualCapacity,TECHNOLOGY,IN_DEMRESELCFAN_HIG,IN,2054,0.004429,0.015328
ResidualCapacity,TECHNOLOGY,IN_DEMRESELCFAN_LOW,IN,2022,0.004905,0.001819
ResidualCapacity,TECHNOLOGY,IN_DEMRESELCFAN_LOW,IN,2023,0.00527,0.00203
ResidualCapacity,TECHNOLOGY,IN_DEMRESELCFAN_LOW,IN,2024,0.004145,0.001638
ResidualCapacity,TECHNOLOGY,IN_DEMRESELCFAN_LOW,IN,2025,0.00442,0.001693
ResidualCapacity,TECHNOLOGY,IN_DEMRESELCFAN_LOW,IN,2026,0.004425,0.001589
ResidualCapacity,TECHNOLOGY,IN_DEMRESELCFAN_LOW,IN,2027,0.004429,0.00138
ResidualCapacity,TECHNOLOGY,IN_DEMRESELCFAN_LOW,IN,2028,0.004432,0.001048
ResidualCapacity,TECHNOLOGY,IN_DEMRESELCFAN_LOW,IN,2029,0.004434,0.000645
ResidualCapacity,TECHNOLOGY,IN_DEMRESELCFAN_LOW,IN,2030,0.004435,0.000289
ResidualCapacity,TECHNOLOGY,IN_DEMRESELCFAN_LOW,IN,2031,0.004432,8.3e-05
ResidualCapacity,TECHNOLOGY,IN_DEMRESELCFAN_LOW,IN,2032,0.004429,1.3e-05
ResidualCapacity,TECHNOLOGY,IN_DEMRESELCFAN_LOW,IN,2033,0.004425,1e-06
ResidualCapacity,TECHNOLOGY,IN_DEMRESELCFAN_LOW,IN,2034,0.004421,0.0
ResidualCapacity,TECHNOLOGY,IN_DEMRESELCFAN_LOW,IN,2035,0.004418,0.0
ResidualCapacity,TECHNOLOGY,IN_DEMRESELCFAN_LOW,IN,2036,0.004413,0.0
ResidualCapacity,TECHNOLOGY,IN_DEMRESELCFAN_LOW,IN,2037,0.004413,0.0
ResidualCapacity,TECHNOLOGY,IN_DEMRESELCFAN_LOW,IN,2038,0.00441,0.0
ResidualCapacity,TECHNOLOGY,IN_DEMRESELCFAN_LOW,IN,2039,0.004406,0.0
ResidualCapacity,TECHNOLOGY,IN_DEMRESELCFAN_LOW,IN,2040,0.004404,0.0
ResidualCapacity,TECHNOLOGY,IN_DEMRESELCFAN_LOW,IN,2041,0.004401,0.0
ResidualCapacity,TECHNOLOGY,IN_DEMRESELCFAN_LOW,IN,2042,0.004401,0.0
ResidualCapacity,TECHNOLOGY,IN_DEMRESELCFAN_LOW,IN,2043,0.0044,0.0
ResidualCapacity,TECHNOLOGY,IN_DEMRESELCFAN_LOW,IN,2044,0.0044,0.0
ResidualCapacity,TECHNOLOGY,IN_DEMRESELCFAN_LOW,IN,2045,0.004402,0.0
ResidualCapacity,TECHNOLOGY,IN_DEMRESELCFAN_LOW,IN,2046,0.0044,0.0
ResidualCapacity,TECHNOLOGY,IN_DEMRESELCFAN_LOW,IN,2047,0.004402,0.0
ResidualCapacity,TECHNOLOGY,IN_DEMRESELCFAN_LOW,IN,2048,0.004404,0.0
ResidualCapacity,TECHNOLOGY,IN_DEMRESELCFAN_LOW,IN,2049,0.004405,0.0
ResidualCapacity,TECHNOLOGY,IN_DEMRESELCFAN_LOW,IN,2050,0.004408,0.0
ResidualCapacity,TECHNOLOGY,IN_DEMRESELCFAN_MID,IN,2022,0.004905,1.3e-05
ResidualCapacity,TECHNOLOGY,IN_DEMRESELCFAN_MID,IN,2023,0.00527,1.9e-05
ResidualCapacity,TECHNOLOGY,IN_DEMRESELCFAN_MID,IN,2024,0.004145,3.7e-05
ResidualCapacity,TECHNOLOGY,IN_DEMRESELCFAN_MID,IN,2025,0.00442,3.8e-05
ResidualCapacity,TECHNOLOGY,IN_DEMRESELCFAN_MID,IN,2026,0.004425,3.6e-05
ResidualCapacity,TECHNOLOGY,IN_DEMRESELCFAN_MID,IN,2027,0.004429,3.1e-05
ResidualCapacity,TECHNOLOGY,IN_DEMRESELCFAN_MID,IN,2028,0.004432,2.4e-05
ResidualCapacity,TECHNOLOGY,IN_DEMRESELCFAN_MID,IN,2029,0.004434,1.5e-05
ResidualCapacity,TECHNOLOGY,IN_DEMRESELCFAN_MID,IN,2030,0.004435,7e-06
ResidualCapacity,TECHNOLOGY,IN_DEMRESELCFAN_MID,IN,2031,0.004432,2e-06
ResidualCapacity,TECHNOLOGY,IN_DEMRESELCFAN_MID,IN,2032,0.004429,0.0
ResidualCapacity,TECHNOLOGY,IN_DEMRESELCFAN_MID,IN,2033,0.004425,0.0
ResidualCapacity,TECHNOLOGY,IN_DEMRESELCFAN_MID,IN,2034,0.004421,0.0
ResidualCapacity,TECHNOLOGY,IN_DEMRESELCFAN_MID,IN,2035,0.004418,0.0
ResidualCapacity,TECHNOLOGY,IN_DEMRESELCFAN_MID,IN,2036,0.004413,0.0
ResidualCapacity,TECHNOLOGY,IN_DEMRESELCFAN_MID,IN,2037,0.004413,0.0
ResidualCapacity,TECHNOLOGY,IN_DEMRESELCFAN_MID,IN,2038,0.00441,0.0
ResidualCapacity,TECHNOLOGY,IN_DEMRESELCFAN_MID,IN,2039,0.004406,0.0
ResidualCapacity,TECHNOLOGY,IN_DEMRESELCFAN_MID,IN,2040,0.004404,0.0
ResidualCapacity,TECHNOLOGY,IN_DEMRESELCFAN_MID,IN,2041,0.004401,0.0
ResidualCapacity,TECHNOLOGY,IN_DEMRESELCFAN_MID,IN,2042,0.004401,0.0
ResidualCapacity,TECHNOLOGY,IN_DEMRESELCFAN_MID,IN,2043,0.0044,0.0
ResidualCapacity,TECHNOLOGY,IN_DEMRESELCFAN_MID,IN,2044,0.0044,0.0
ResidualCapacity,TECHNOLOGY,IN_DEMRESELCFAN_MID,IN,2045,0.004402,0.0
ResidualCapacity,TECHNOLOGY,IN_DEMRESELCFAN_MID,IN,2046,0.0044,0.0
ResidualCapacity,TECHNOLOGY,IN_DEMRESELCFAN_MID,IN,2047,0.004402,0.0
ResidualCapacity,TECHNOLOGY,IN_DEMRESELCFAN_MID,IN,2048,0.004404,0.0
ResidualCapacity,TECHNOLOGY,IN_DEMRESELCFAN_MID,IN,2049,0.004405,0.0
ResidualCapacity,TECHNOLOGY,IN_DEMRESELCFAN_MID,IN,2050,0.004408,0.0
ResidualCapacity,TECHNOLOGY,IN_DEMRESELCOTH_LOW,IN,2022,0.003507,0.05389
ResidualCapacity,TECHNOLOGY,IN_DEMRESELCOTH_LOW,IN,2023,0.003652,0.058182
ResidualCapacity,TECHNOLOGY,IN_DEMRESELCOTH_LOW,IN,2024,0.003624,0.059178
ResidualCapacity,TECHNOLOGY,IN_DEMRESELCOTH_LOW,IN,2025,0.005082,0.042473
ResidualCapacity,TECHNOLOGY,IN_DEMRESELCOTH_LOW,IN,2026,0.004484,0.024977
ResidualCapacity,TECHNOLOGY,IN_DEMRESELCOTH_LOW,IN,2027,0.003237,0.010697
ResidualCapacity,TECHNOLOGY,IN_DEMRESELCOTH_LOW,IN,2028,0.00236,0.005838
ResidualCapacity,TECHNOLOGY,IN_DEMRESELCOTH_LOW,IN,2029,0.002075,0.004293
ResidualCapacity,TECHNOLOGY,IN_DEMRESELCOTH_LOW,IN,2030,0.001938,0.003073
ResidualCapacity,TECHNOLOGY,IN_DEMRESELCOTH_LOW,IN,2031,0.001894,0.001992
ResidualCapacity,TECHNOLOGY,IN_DEMRESELCOTH_LOW,IN,2032,0.001886,0.001078
ResidualCapacity,TECHNOLOGY,IN_DEMRESELCOTH_LOW,IN,2033,0.001885,0.000448
ResidualCapacity,TECHNOLOGY,IN_DEMRESELCOTH_LOW,IN,2034,0.001883,0.000131
ResidualCapacity,TECHNOLOGY,IN_DEMRESELCOTH_LOW,IN,2035,0.001881,2.5e-05
ResidualCapacity,TECHNOLOGY,IN_DEMRESELCOTH_LOW,IN,2036,0.00188,3e-06
ResidualCapacity,TECHNOLOGY,IN_DEMRESELCOTH_LOW,IN,2037,0.001879,0.0
ResidualCapacity,TECHNOLOGY,IN_DEMRESELCOTH_LOW,IN,2038,0.001879,0.0
ResidualCapacity,TECHNOLOGY,IN_DEMRESELCOTH_LOW,IN,2039,0.001877,0.0
ResidualCapacity,TECHNOLOGY,IN_DEMRESELCOTH_LOW,IN,2040,0.001876,0.0
ResidualCapacity,TECHNOLOGY,IN_DEMRESELCOTH_LOW,IN,2041,0.001875,0.0
ResidualCapacity,TECHNOLOGY,IN_DEMRESELCOTH_LOW,IN,2042,0.001875,0.0
ResidualCapacity,TECHNOLOGY,IN_DEMRESELCOTH_LOW,IN,2043,0.001875,0.0
ResidualCapacity,TECHNOLOGY,IN_DEMRESELCOTH_LOW,IN,2044,0.001876,0.0
ResidualCapacity,TECHNOLOGY,IN_DEMRESELCOTH_LOW,IN,2045,0.001877,0.0
ResidualCapacity,TECHNOLOGY,IN_DEMRESELCOTH_LOW,IN,2046,0.001877,0.0
ResidualCapacity,TECHNOLOGY,IN_DEMRESELCOTH_LOW,IN,2047,0.001878,0.0
ResidualCapacity,TECHNOLOGY,IN_DEMRESELCOTH_LOW,IN,2048,0.001879,0.0
ResidualCapacity,TECHNOLOGY,IN_DEMRESELCOTH_LOW,IN,2049,0.001879,0.0
ResidualCapacity,TECHNOLOGY,IN_DEMRESELCOTH_LOW,IN,2050,0.001881,0.0
ResidualCapacity,TECHNOLOGY,IN_DEMRESELCOTH_LOW,IN,2051,0.001882,0.0
ResidualCapacity,TECHNOLOGY,IN_DEMRESELCOTH_LOW,IN,2052,0.001884,0.0
ResidualCapacity,TECHNOLOGY,IN_DEMRESELCOTH_LOW,IN,2053,0.001887,0.0
ResidualCapacity,TECHNOLOGY,IN_DEMRESELCOTH_LOW,IN,2054,0.00189,0.0
ResidualCapacity,TECHNOLOGY,IN_DEMRESELCOTH_MID,IN,2022,0.001734,0.002951
ResidualCapacity,TECHNOLOGY,IN_DEMRESELCOTH_MID,IN,2023,0.001301,0.002196
ResidualCapacity,TECHNOLOGY,IN_DEMRESELCOTH_MID,IN,2024,0.0015,0.002658
ResidualCapacity,TECHNOLOGY,IN_DEMRESELCOTH_MID,IN,2025,0.001308,0.000975
ResidualCapacity,TECHNOLOGY,IN_DEMRESELCOTH_MID,IN,2026,0.00132,0.000523
ResidualCapacity,TECHNOLOGY,IN_DEMRESELCOTH_MID,IN,2027,0.001512,0.000204
ResidualCapacity,TECHNOLOGY,IN_DEMRESELCOTH_MID,IN,2028,0.001841,0.000108
ResidualCapacity,TECHNOLOGY,IN_DEMRESELCOTH_MID,IN,2029,0.001889,8.8e-05
ResidualCapacity,TECHNOLOGY,IN_DEMRESELCOTH_MID,IN,2030,0.001889,6.8e-05
ResidualCapacity,TECHNOLOGY,IN_DEMRESELCOTH_MID,IN,2031,0.001887,4.5e-05
ResidualCapacity,TECHNOLOGY,IN_DEMRESELCOTH_MID,IN,2032,0.001886,2.4e-05
ResidualCapacity,TECHNOLOGY,IN_DEMRESELCOTH_MID,IN,2033,0.001885,1e-05
ResidualCapacity,TECHNOLOGY,IN_DEMRESELCOTH_MID,IN,2034,0.001883,3e-06
ResidualCapacity,TECHNOLOGY,IN_DEMRESELCOTH_MID,IN,2035,0.001881,1e-06
ResidualCapacity,TECHNOLOGY,IN_DEMRESELCOTH_MID,IN,2036,0.00188,0.0
ResidualCapacity,TECHNOLOGY,IN_DEMRESELCOTH_MID,IN,2037,0.001879,0.0
ResidualCapacity,TECHNOLOGY,IN_DEMRESELCOTH_MID,IN,2038,0.001879,0.0
ResidualCapacity,TECHNOLOGY,IN_DEMRESELCOTH_MID,IN,2039,0.001877,0.0
ResidualCapacity,TECHNOLOGY,IN_DEMRESELCOTH_MID,IN,2040,0.001876,0.0
ResidualCapacity,TECHNOLOGY,IN_DEMRESELCOTH_MID,IN,2041,0.001875,0.0
ResidualCapacity,TECHNOLOGY,IN_DEMRESELCOTH_MID,IN,2042,0.001875,0.0
ResidualCapacity,TECHNOLOGY,IN_DEMRESELCOTH_MID,IN,2043,0.001875,0.0
ResidualCapacity,TECHNOLOGY,IN_DEMRESELCOTH_MID,IN,2044,0.001876,0.0
ResidualCapacity,TECHNOLOGY,IN_DEMRESELCOTH_MID,IN,2045,0.001877,0.0
ResidualCapacity,TECHNOLOGY,IN_DEMRESELCOTH_MID,IN,2046,0.001877,0.0
ResidualCapacity,TECHNOLOGY,IN_DEMRESELCOTH_MID,IN,2047,0.001878,0.0
ResidualCapacity,TECHNOLOGY,IN_DEMRESELCOTH_MID,IN,2048,0.001879,0.0
ResidualCapacity,TECHNOLOGY,IN_DEMRESELCOTH_MID,IN,2049,0.001879,0.0
ResidualCapacity,TECHNOLOGY,IN_DEMRESELCOTH_MID,IN,2050,0.001881,0.0
ResidualCapacity,TECHNOLOGY,IN_DEMRESELCOTH_MID,IN,2051,0.001882,0.0
ResidualCapacity,TECHNOLOGY,IN_DEMRESELCOTH_MID,IN,2052,0.001884,0.0
ResidualCapacity,TECHNOLOGY,IN_DEMRESELCOTH_MID,IN,2053,0.001887,0.0
ResidualCapacity,TECHNOLOGY,IN_DEMRESELCOTH_MID,IN,2054,0.00189,0.0
ResidualCapacity,TECHNOLOGY,IN_DEMRESELCREF_LOW,IN,2022,0.002309,0.014982
ResidualCapacity,TECHNOLOGY,IN_DEMRESELCREF_LOW,IN,2023,0.002454,0.016565
ResidualCapacity,TECHNOLOGY,IN_DEMRESELCREF_LOW,IN,2024,0.00207,0.014354
ResidualCapacity,TECHNOLOGY,IN_DEMRESELCREF_LOW,IN,2025,0.002253,0.015602
ResidualCapacity,TECHNOLOGY,IN_DEMRESELCREF_LOW,IN,2026,0.002253,0.01556
ResidualCapacity,TECHNOLOGY,IN_DEMRESELCREF_LOW,IN,2027,0.002253,0.015467
ResidualCapacity,TECHNOLOGY,IN_DEMRESELCREF_LOW,IN,2028,0.002253,0.015283
ResidualCapacity,TECHNOLOGY,IN_DEMRESELCREF_LOW,IN,2029,0.002253,0.014969
ResidualCapacity,TECHNOLOGY,IN_DEMRESELCREF_LOW,IN,2030,0.002253,0.014458
ResidualCapacity,TECHNOLOGY,IN_DEMRESELCREF_LOW,IN,2031,0.002252,0.013691
ResidualCapacity,TECHNOLOGY,IN_DEMRESELCREF_LOW,IN,2032,0.00225,0.012624
ResidualCapacity,TECHNOLOGY,IN_DEMRESELCREF_LOW,IN,2033,0.002249,0.011238
ResidualCapacity,TECHNOLOGY,IN_DEMRESELCREF_LOW,IN,2034,0.002247,0.009557
ResidualCapacity,TECHNOLOGY,IN_DEMRESELCREF_LOW,IN,2035,0.002245,0.007669
ResidualCapacity,TECHNOLOGY,IN_DEMRESELCREF_LOW,IN,2036,0.002243,0.005723
ResidualCapacity,TECHNOLOGY,IN_DEMRESELCREF_LOW,IN,2037,0.002243,0.003911
ResidualCapacity,TECHNOLOGY,IN_DEMRESELCREF_LOW,IN,2038,0.002242,0.002397
ResidualCapacity,TECHNOLOGY,IN_DEMRESELCREF_LOW,IN,2039,0.00224,0.00129
ResidualCapacity,TECHNOLOGY,IN_DEMRESELCREF_LOW,IN,2040,0.002239,0.000596
ResidualCapacity,TECHNOLOGY,IN_DEMRESELCREF_LOW,IN,2041,0.002238,0.00023
ResidualCapacity,TECHNOLOGY,IN_DEMRESELCREF_LOW,IN,2042,0.002239,7.2e-05
ResidualCapacity,TECHNOLOGY,IN_DEMRESELCREF_LOW,IN,2043,0.002238,1.8e-05
ResidualCapacity,TECHNOLOGY,IN_DEMRESELCREF_LOW,IN,2044,0.002239,3e-06
ResidualCapacity,TECHNOLOGY,IN_DEMRESELCREF_LOW,IN,2045,0.00224,0.0
ResidualCapacity,TECHNOLOGY,IN_DEMRESELCREF_LOW,IN,2046,0.00224,0.0
ResidualCapacity,TECHNOLOGY,IN_DEMRESELCREF_LOW,IN,2047,0.002241,0.0
ResidualCapacity,TECHNOLOGY,IN_DEMRESELCREF_LOW,IN,2048,0.002242,0.0
ResidualCapacity,TECHNOLOGY,IN_DEMRESELCREF_LOW,IN,2049,0.002243,0.0
ResidualCapacity,TECHNOLOGY,IN_DEMRESELCREF_LOW,IN,2050,0.002245,0.0
ResidualCapacity,TECHNOLOGY,IN_DEMRESELCREF_LOW,IN,2051,0.002247,0.0
ResidualCapacity,TECHNOLOGY,IN_DEMRESELCREF_LOW,IN,2052,0.002249,0.0
ResidualCapacity,TECHNOLOGY,IN_DEMRESELCREF_LOW,IN,2053,0.002252,0.0
ResidualCapacity,TECHNOLOGY,IN_DEMRESELCREF_LOW,IN,2054,0.002255,0.0
ResidualCapacity,TECHNOLOGY,IN_DEMRESELCREF_MID,IN,2022,0.002309,0.000103
ResidualCapacity,TECHNOLOGY,IN_DEMRESELCREF_MID,IN,2023,0.002454,0.000156
ResidualCapacity,TECHNOLOGY,IN_DEMRESELCREF_MID,IN,2024,0.00207,0.000325
ResidualCapacity,TECHNOLOGY,IN_DEMRESELCREF_MID,IN,2025,0.002253,0.000353
ResidualCapacity,TECHNOLOGY,IN_DEMRESELCREF_MID,IN,2026,0.002253,0.000352
ResidualCapacity,TECHNOLOGY,IN_DEMRESELCREF_MID,IN,2027,0.002253,0.00035
ResidualCapacity,TECHNOLOGY,IN_DEMRESELCREF_MID,IN,2028,0.002253,0.000346
ResidualCapacity,TECHNOLOGY,IN_DEMRESELCREF_MID,IN,2029,0.002253,0.000339
ResidualCapacity,TECHNOLOGY,IN_DEMRESELCREF_MID,IN,2030,0.002253,0.000327
ResidualCapacity,TECHNOLOGY,IN_DEMRESELCREF_MID,IN,2031,0.002252,0.00031
ResidualCapacity,TECHNOLOGY,IN_DEMRESELCREF_MID,IN,2032,0.00225,0.000286
ResidualCapacity,TECHNOLOGY,IN_DEMRESELCREF_MID,IN,2033,0.002249,0.000254
ResidualCapacity,TECHNOLOGY,IN_DEMRESELCREF_MID,IN,2034,0.002247,0.000216
ResidualCapacity,TECHNOLOGY,IN_DEMRESELCREF_MID,IN,2035,0.002245,0.000174
ResidualCapacity,TECHNOLOGY,IN_DEMRESELCREF_MID,IN,2036,0.002243,0.00013
ResidualCapacity,TECHNOLOGY,IN_DEMRESELCREF_MID,IN,2037,0.002243,8.8e-05
ResidualCapacity,TECHNOLOGY,IN_DEMRESELCREF_MID,IN,2038,0.002242,5.4e-05
ResidualCapacity,TECHNOLOGY,IN_DEMRESELCREF_MID,IN,2039,0.00224,2.9e-05
ResidualCapacity,TECHNOLOGY,IN_DEMRESELCREF_MID,IN,2040,0.002239,1.3e-05
ResidualCapacity,TECHNOLOGY,IN_DEMRESELCREF_MID,IN,2041,0.002238,5e-06
ResidualCapacity,TECHNOLOGY,IN_DEMRESELCREF_MID,IN,2042,0.002239,2e-06
ResidualCapacity,TECHNOLOGY,IN_DEMRESELCREF_MID,IN,2043,0.002238,0.0
ResidualCapacity,TECHNOLOGY,IN_DEMRESELCREF_MID,IN,2044,0.002239,0.0
ResidualCapacity,TECHNOLOGY,IN_DEMRESELCREF_MID,IN,2045,0.00224,0.0
ResidualCapacity,TECHNOLOGY,IN_DEMRESELCREF_MID,IN,2046,0.00224,0.0
ResidualCapacity,TECHNOLOGY,IN_DEMRESELCREF_MID,IN,2047,0.002241,0.0
ResidualCapacity,TECHNOLOGY,IN_DEMRESELCREF_MID,IN,2048,0.002242,0.0
ResidualCapacity,TECHNOLOGY,IN_DEMRESELCREF_MID,IN,2049,0.002243,0.0
ResidualCapacity,TECHNOLOGY,IN_DEMRESELCREF_MID,IN,2050,0.002245,0.0
ResidualCapacity,TECHNOLOGY,IN_DEMRESELCREF_MID,IN,2051,0.002247,0.0
ResidualCapacity,TECHNOLOGY,IN_DEMRESELCREF_MID,IN,2052,0.002249,0.0
ResidualCapacity,TECHNOLOGY,IN_DEMRESELCREF_MID,IN,2053,0.002252,0.0
ResidualCapacity,TECHNOLOGY,IN_DEMRESELCREF_MID,IN,2054,0.002255,0.0
ResidualCapacity,TECHNOLOGY,IN_DEMRESLPGCKN_LOW,IN,2022,0.016641,0.117241
ResidualCapacity,TECHNOLOGY,IN_DEMRESLPGCKN_LOW,IN,2023,0.017038,0.117514
ResidualCapacity,TECHNOLOGY,IN_DEMRESLPGCKN_LOW,IN,2024,0.014698,0.102544
ResidualCapacity,TECHNOLOGY,IN_DEMRESLPGCKN_LOW,IN,2025,0.016297,0.108485
ResidualCapacity,TECHNOLOGY,IN_DEMRESLPGCKN_LOW,IN,2026,0.016336,0.106079
ResidualCapacity,TECHNOLOGY,IN_DEMRESLPGCKN_LOW,IN,2027,0.016373,0.103205
ResidualCapacity,TECHNOLOGY,IN_DEMRESLPGCKN_LOW,IN,2028,0.016403,0.099883
ResidualCapacity,TECHNOLOGY,IN_DEMRESLPGCKN_LOW,IN,2029,0.016434,0.096216
ResidualCapacity,TECHNOLOGY,IN_DEMRESLPGCKN_LOW,IN,2030,0.016456,0.092201
ResidualCapacity,TECHNOLOGY,IN_DEMRESLPGCKN_LOW,IN,2031,0.016467,0.087884
ResidualCapacity,TECHNOLOGY,IN_DEMRESLPGCKN_LOW,IN,2032,0.016476,0.083376
ResidualCapacity,TECHNOLOGY,IN_DEMRESLPGCKN_LOW,IN,2033,0.016483,0.078736
ResidualCapacity,TECHNOLOGY,IN_DEMRESLPGCKN_LOW,IN,2034,0.016488,0.074007
ResidualCapacity,TECHNOLOGY,IN_DEMRESLPGCKN_LOW,IN,2035,0.016493,0.069254
ResidualCapacity,TECHNOLOGY,IN_DEMRESLPGCKN_LOW,IN,2036,0.016495,0.064506
ResidualCapacity,TECHNOLOGY,IN_DEMRESLPGCKN_LOW,IN,2037,0.016511,0.059871
ResidualCapacity,TECHNOLOGY,IN_DEMRESLPGCKN_LOW,IN,2038,0.016518,0.055299
ResidualCapacity,TECHNOLOGY,IN_DEMRESLPGCKN_LOW,IN,2039,0.01652,0.050835
ResidualCapacity,TECHNOLOGY,IN_DEMRESLPGCKN_LOW,IN,2040,0.016527,0.046546
ResidualCapacity,TECHNOLOGY,IN_DEMRESLPGCKN_LOW,IN,2041,0.016531,0.042429
ResidualCapacity,TECHNOLOGY,IN_DEMRESLPGCKN_LOW,IN,2042,0.016546,0.038537
ResidualCapacity,TECHNOLOGY,IN_DEMRESLPGCKN_LOW,IN,2043,0.016556,0.034843
ResidualCapacity,TECHNOLOGY,IN_DEMRESLPGCKN_LOW,IN,2044,0.016572,0.031381
ResidualCapacity,TECHNOLOGY,IN_DEMRESLPGCKN_LOW,IN,2045,0.016592,0.02815
ResidualCapacity,TECHNOLOGY,IN_DEMRESLPGCKN_LOW,IN,2046,0.0166,0.025128
ResidualCapacity,TECHNOLOGY,IN_DEMRESLPGCKN_LOW,IN,2047,0.016618,0.022351
ResidualCapacity,TECHNOLOGY,IN_DEMRESLPGCKN_LOW,IN,2048,0.016637,0.019799
ResidualCapacity,TECHNOLOGY,IN_DEMRESLPGCKN_LOW,IN,2049,0.01665,0.017459
ResidualCapacity,TECHNOLOGY,IN_DEMRESLPGCKN_LOW,IN,2050,0.016672,0.015341
ResidualCapacity,TECHNOLOGY,IN_DEMRESLPGCKN_LOW,IN,2051,0.016696,0.013426
ResidualCapacity,TECHNOLOGY,IN_DEMRESLPGCKN_LOW,IN,2052,0.016722,0.011703
ResidualCapacity,TECHNOLOGY,IN_DEMRESLPGCKN_LOW,IN,2053,0.016751,0.010162
ResidualCapacity,TECHNOLOGY,IN_DEMRESLPGCKN_LOW,IN,2054,0.016783,0.008789
ResidualCapacity,TECHNOLOGY,IN_DEMRESLPGCKN_MID,IN,2022,0.016641,0.000808
ResidualCapacity,TECHNOLOGY,IN_DEMRESLPGCKN_MID,IN,2023,0.017038,0.00111
ResidualCapacity,TECHNOLOGY,IN_DEMRESLPGCKN_MID,IN,2024,0.014698,0.002321
ResidualCapacity,TECHNOLOGY,IN_DEMRESLPGCKN_MID,IN,2025,0.016297,0.002455
ResidualCapacity,TECHNOLOGY,IN_DEMRESLPGCKN_MID,IN,2026,0.016336,0.002401
ResidualCapacity,TECHNOLOGY,IN_DEMRESLPGCKN_MID,IN,2027,0.016373,0.002336
ResidualCapacity,TECHNOLOGY,IN_DEMRESLPGCKN_MID,IN,2028,0.016403,0.00226
ResidualCapacity,TECHNOLOGY,IN_DEMRESLPGCKN_MID,IN,2029,0.016434,0.002177
ResidualCapacity,TECHNOLOGY,IN_DEMRESLPGCKN_MID,IN,2030,0.016456,0.002087
ResidualCapacity,TECHNOLOGY,IN_DEMRESLPGCKN_MID,IN,2031,0.016467,0.001989
ResidualCapacity,TECHNOLOGY,IN_DEMRESLPGCKN_MID,IN,2032,0.016476,0.001887
ResidualCapacity,TECHNOLOGY,IN_DEMRESLPGCKN_MID,IN,2033,0.016483,0.001782
ResidualCapacity,TECHNOLOGY,IN_DEMRESLPGCKN_MID,IN,2034,0.016488,0.001675
ResidualCapacity,TECHNOLOGY,IN_DEMRESLPGCKN_MID,IN,2035,0.016493,0.001567
ResidualCapacity,TECHNOLOGY,IN_DEMRESLPGCKN_MID,IN,2036,0.016495,0.00146
ResidualCapacity,TECHNOLOGY,IN_DEMRESLPGCKN_MID,IN,2037,0.016511,0.001355
ResidualCapacity,TECHNOLOGY,IN_DEMRESLPGCKN_MID,IN,2038,0.016518,0.001251
ResidualCapacity,TECHNOLOGY,IN_DEMRESLPGCKN_MID,IN,2039,0.01652,0.00115
ResidualCapacity,TECHNOLOGY,IN_DEMRESLPGCKN_MID,IN,2040,0.016527,0.001053
ResidualCapacity,TECHNOLOGY,IN_DEMRESLPGCKN_MID,IN,2041,0.016531,0.00096
ResidualCapacity,TECHNOLOGY,IN_DEMRESLPGCKN_MID,IN,2042,0.016546,0.000872
ResidualCapacity,TECHNOLOGY,IN_DEMRESLPGCKN_MID,IN,2043,0.016556,0.000789
ResidualCapacity,TECHNOLOGY,IN_DEMRESLPGCKN_MID,IN,2044,0.016572,0.00071
ResidualCapacity,TECHNOLOGY,IN_DEMRESLPGCKN_MID,IN,2045,0.016592,0.000637
ResidualCapacity,TECHNOLOGY,IN_DEMRESLPGCKN_MID,IN,2046,0.0166,0.000569
ResidualCapacity,TECHNOLOGY,IN_DEMRESLPGCKN_MID,IN,2047,0.016618,0.000506
ResidualCapacity,TECHNOLOGY,IN_DEMRESLPGCKN_MID,IN,2048,0.016637,0.000448
ResidualCapacity,TECHNOLOGY,IN_DEMRESLPGCKN_MID,IN,2049,0.01665,0.000395
ResidualCapacity,TECHNOLOGY,IN_DEMRESLPGCKN_MID,IN,2050,0.016672,0.000347
ResidualCapacity,TECHNOLOGY,IN_DEMRESLPGCKN_MID,IN,2051,0.016696,0.000304
ResidualCapacity,TECHNOLOGY,IN_DEMRESLPGCKN_MID,IN,2052,0.016722,0.000265
ResidualCapacity,TECHNOLOGY,IN_DEMRESLPGCKN_MID,IN,2053,0.016751,0.00023
ResidualCapacity,TECHNOLOGY,IN_DEMRESLPGCKN_MID,IN,2054,0.016783,0.000199
ResidualCapacity,TECHNOLOGY,SE_DEMRESELCAIR_PAR_LOW,SE,2022,0.003799,0.001919
ResidualCapacity,TECHNOLOGY,SE_DEMRESELCAIR_PAR_LOW,SE,2023,0.003185,0.001799
ResidualCapacity,TECHNOLOGY,SE_DEMRESELCAIR_PAR_LOW,SE,2024,0.003786,0.002343
ResidualCapacity,TECHNOLOGY,SE_DEMRESELCAIR_PAR_LOW,SE,2025,0.003906,0.002416
ResidualCapacity,TECHNOLOGY,SE_DEMRESELCAIR_PAR_LOW,SE,2026,0.003955,0.002445
ResidualCapacity,TECHNOLOGY,SE_DEMRESELCAIR_PAR_LOW,SE,2027,0.004005,0.002473
ResidualCapacity,TECHNOLOGY,SE_DEMRESELCAIR_PAR_LOW,SE,2028,0.004052,0.002495
ResidualCapacity,TECHNOLOGY,SE_DEMRESELCAIR_PAR_LOW,SE,2029,0.004103,0.002514
ResidualCapacity,TECHNOLOGY,SE_DEMRESELCAIR_PAR_LOW,SE,2030,0.004154,0.002524
ResidualCapacity,TECHNOLOGY,SE_DEMRESELCAIR_PAR_LOW,SE,2031,0.004206,0.002523
ResidualCapacity,TECHNOLOGY,SE_DEMRESELCAIR_PAR_LOW,SE,2032,0.004256,0.002505
ResidualCapacity,TECHNOLOGY,SE_DEMRESELCAIR_PAR_LOW,SE,2033,0.004308,0.002466
ResidualCapacity,TECHNOLOGY,SE_DEMRESELCAIR_PAR_LOW,SE,2034,0.004358,0.002401
ResidualCapacity,TECHNOLOGY,SE_DEMRESELCAIR_PAR_LOW,SE,2035,0.004407,0.002305
ResidualCapacity,TECHNOLOGY,SE_DEMRESELCAIR_PAR_LOW,SE,2036,0.004422,0.002159
ResidualCapacity,TECHNOLOGY,SE_DEMRESELCAIR_PAR_LOW,SE,2037,0.00447,0.001993
ResidualCapacity,TECHNOLOGY,SE_DEMRESELCAIR_PAR_LOW,SE,2038,0.004517,0.001794
ResidualCapacity,TECHNOLOGY,SE_DEMRESELCAIR_PAR_LOW,SE,2039,0.004564,0.001565
ResidualCapacity,TECHNOLOGY,SE_DEMRESELCAIR_PAR_LOW,SE,2040,0.00461,0.001316
ResidualCapacity,TECHNOLOGY,SE_DEMRESELCAIR_PAR_LOW,SE,2041,0.004655,0.00106
ResidualCapacity,TECHNOLOGY,SE_DEMRESELCAIR_PAR_LOW,SE,2042,0.0047,0.000812
ResidualCapacity,TECHNOLOGY,SE_DEMRESELCAIR_PAR_LOW,SE,2043,0.004745,0.000587
ResidualCapacity,TECHNOLOGY,SE_DEMRESELCAIR_PAR_LOW,SE,2044,0.004791,0.000397
ResidualCapacity,TECHNOLOGY,SE_DEMRESELCAIR_PAR_LOW,SE,2045,0.004836,0.000249
ResidualCapacity,TECHNOLOGY,SE_DEMRESELCAIR_PAR_LOW,SE,2046,0.004882,0.000143
ResidualCapacity,TECHNOLOGY,SE_DEMRESELCAIR_PAR_LOW,SE,2047,0.004928,7.4e-05
ResidualCapacity,TECHNOLOGY,SE_DEMRESELCAIR_PAR_LOW,SE,2048,0.004977,3.5e-05
ResidualCapacity,TECHNOLOGY,SE_DEMRESELCAIR_PAR_LOW,SE,2049,0.005024,1.4e-05
ResidualCapacity,TECHNOLOGY,SE_DEMRESELCAIR_PAR_LOW,SE,2050,0.005076,5e-06
ResidualCapacity,TECHNOLOGY,SE_DEMRESELCAIR_PAR_LOW,SE,2051,0.005128,2e-06
ResidualCapacity,TECHNOLOGY,SE_DEMRESELCAIR_PAR_LOW,SE,2052,0.005182,0.0
ResidualCapacity,TECHNOLOGY,SE_DEMRESELCAIR_PAR_LOW,SE,2053,0.005237,0.0
ResidualCapacity,TECHNOLOGY,SE_DEMRESELCAIR_PAR_LOW,SE,2054,0.005294,0.0
ResidualCapacity,TECHNOLOGY,SE_DEMRESELCAIR_PAR_MID,SE,2022,0.003799,1.3e-05
ResidualCapacity,TECHNOLOGY,SE_DEMRESELCAIR_PAR_MID,SE,2023,0.003185,1.7e-05
ResidualCapacity,TECHNOLOGY,SE_DEMRESELCAIR_PAR_MID,SE,2024,0.003786,5.3e-05
ResidualCapacity,TECHNOLOGY,SE_DEMRESELCAIR_PAR_MID,SE,2025,0.003906,5.5e-05
ResidualCapacity,TECHNOLOGY,SE_DEMRESELCAIR_PAR_MID,SE,2026,0.003955,5.5e-05
ResidualCapacity,TECHNOLOGY,SE_DEMRESELCAIR_PAR_MID,SE,2027,0.004005,5.6e-05
ResidualCapacity,TECHNOLOGY,SE_DEMRESELCAIR_PAR_MID,SE,2028,0.004052,5.6e-05
ResidualCapacity,TECHNOLOGY,SE_DEMRESELCAIR_PAR_MID,SE,2029,0.004103,5.7e-05
ResidualCapacity,TECHNOLOGY,SE_DEMRESELCAIR_PAR_MID,SE,2030,0.004154,5.7e-05
ResidualCapacity,TECHNOLOGY,SE_DEMRESELCAIR_PAR_MID,SE,2031,0.004206,5.7e-05
ResidualCapacity,TECHNOLOGY,SE_DEMRESELCAIR_PAR_MID,SE,2032,0.004256,5.7e-05
ResidualCapacity,TECHNOLOGY,SE_DEMRESELCAIR_PAR_MID,SE,2033,0.004308,5.6e-05
ResidualCapacity,TECHNOLOGY,SE_DEMRESELCAIR_PAR_MID,SE,2034,0.004358,5.4e-05
ResidualCapacity,TECHNOLOGY,SE_DEMRESELCAIR_PAR_MID,SE,2035,0.004407,5.2e-05
ResidualCapacity,TECHNOLOGY,SE_DEMRESELCAIR_PAR_MID,SE,2036,0.004422,4.9e-05
ResidualCapacity,TECHNOLOGY,SE_DEMRESELCAIR_PAR_MID,SE,2037,0.00447,4.5e-05
ResidualCapacity,TECHNOLOGY,SE_DEMRESELCAIR_PAR_MID,SE,2038,0.004517,4.1e-05
ResidualCapacity,TECHNOLOGY,SE_DEMRESELCAIR_PAR_MID,SE,2039,0.004564,3.5e-05
ResidualCapacity,TECHNOLOGY,SE_DEMRESELCAIR_PAR_MID,SE,2040,0.00461,3e-05
ResidualCapacity,TECHNOLOGY,SE_DEMRESELCAIR_PAR_MID,SE,2041,0.004655,2.4e-05
ResidualCapacity,TECHNOLOGY,SE_DEMRESELCAIR_PAR_MID,SE,2042,0.0047,1.8e-05
ResidualCapacity,TECHNOLOGY,SE_DEMRESELCAIR_PAR_MID,SE,2043,0.004745,1.3e-05
ResidualCapacity,TECHNOLOGY,SE_DEMRESELCAIR_PAR_MID,SE,2044,0.004791,9e-06
ResidualCapacity,TECHNOLOGY,SE_DEMRESELCAIR_PAR_MID,SE,2045,0.004836,6e-06
ResidualCapacity,TECHNOLOGY,SE_DEMRESELCAIR_PAR_MID,SE,2046,0.004882,3e-06
ResidualCapacity,TECHNOLOGY,SE_DEMRESELCAIR_PAR_MID,SE,2047,0.004928,2e-06
ResidualCapacity,TECHNOLOGY,SE_DEMRESELCAIR_PAR_MID,SE,2048,0.004977,1e-06
ResidualCapacity,TECHNOLOGY,SE_DEMRESELCAIR_PAR_MID,SE,2049,0.005024,0.0
ResidualCapacity,TECHNOLOGY,SE_DEMRESELCAIR_PAR_MID,SE,2050,0.005076,0.0
ResidualCapacity,TECHNOLOGY,SE_DEMRESELCAIR_PAR_MID,SE,2051,0.005128,0.0
ResidualCapacity,TECHNOLOGY,SE_DEMRESELCAIR_PAR_MID,SE,2052,0.005182,0.0
ResidualCapacity,TECHNOLOGY,SE_DEMRESELCAIR_PAR_MID,SE,2053,0.005237,0.0
ResidualCapacity,TECHNOLOGY,SE_DEMRESELCAIR_PAR_MID,SE,2054,0.005294,0.0
ResidualCapacity,TECHNOLOGY,SE_DEMRESELCAIR_SPL_LOW,SE,2022,0.003799,0.003564
ResidualCapacity,TECHNOLOGY,SE_DEMRESELCAIR_SPL_LOW,SE,2023,0.003185,0.003341
ResidualCapacity,TECHNOLOGY,SE_DEMRESELCAIR_SPL_LOW,SE,2024,0.003786,0.004351
ResidualCapacity,TECHNOLOGY,SE_DEMRESELCAIR_SPL_LOW,SE,2025,0.003906,0.004471
ResidualCapacity,TECHNOLOGY,SE_DEMRESELCAIR_SPL_LOW,SE,2026,0.003955,0.004489
ResidualCapacity,TECHNOLOGY,SE_DEMRESELCAIR_SPL_LOW,SE,2027,0.004005,0.004462
ResidualCapacity,TECHNOLOGY,SE_DEMRESELCAIR_SPL_LOW,SE,2028,0.004052,0.004353
ResidualCapacity,TECHNOLOGY,SE_DEMRESELCAIR_SPL_LOW,SE,2029,0.004103,0.004134
ResidualCapacity,TECHNOLOGY,SE_DEMRESELCAIR_SPL_LOW,SE,2030,0.004154,0.003766
ResidualCapacity,TECHNOLOGY,SE_DEMRESELCAIR_SPL_LOW,SE,2031,0.004206,0.003234
ResidualCapacity,TECHNOLOGY,SE_DEMRESELCAIR_SPL_LOW,SE,2032,0.004256,0.002561
ResidualCapacity,TECHNOLOGY,SE_DEMRESELCAIR_SPL_LOW,SE,2033,0.004308,0.001821
ResidualCapacity,TECHNOLOGY,SE_DEMRESELCAIR_SPL_LOW,SE,2034,0.004358,0.001126
ResidualCapacity,TECHNOLOGY,SE_DEMRESELCAIR_SPL_LOW,SE,2035,0.004407,0.000583
ResidualCapacity,TECHNOLOGY,SE_DEMRESELCAIR_SPL_LOW,SE,2036,0.004422,0.00024
ResidualCapacity,TECHNOLOGY,SE_DEMRESELCAIR_SPL_LOW,SE,2037,0.00447,7.6e-05
ResidualCapacity,TECHNOLOGY,SE_DEMRESELCAIR_SPL_LOW,SE,2038,0.004517,1.7e-05
ResidualCapacity,TECHNOLOGY,SE_DEMRESELCAIR_SPL_LOW,SE,2039,0.004564,3e-06
ResidualCapacity,TECHNOLOGY,SE_DEMRESELCAIR_SPL_LOW,SE,2040,0.00461,0.0
ResidualCapacity,TECHNOLOGY,SE_DEMRESELCAIR_SPL_LOW,SE,2041,0.004655,0.0
ResidualCapacity,TECHNOLOGY,SE_DEMRESELCAIR_SPL_LOW,SE,2042,0.0047,0.0
ResidualCapacity,TECHNOLOGY,SE_DEMRESELCAIR_SPL_LOW,SE,2043,0.004745,0.0
ResidualCapacity,TECHNOLOGY,SE_DEMRESELCAIR_SPL_LOW,SE,2044,0.004791,0.0
ResidualCapacity,TECHNOLOGY,SE_DEMRESELCAIR_SPL_LOW,SE,2045,0.004836,0.0
ResidualCapacity,TECHNOLOGY,SE_DEMRESELCAIR_SPL_LOW,SE,2046,0.004882,0.0
ResidualCapacity,TECHNOLOGY,SE_DEMRESELCAIR_SPL_LOW,SE,2047,0.004928,0.0
ResidualCapacity,TECHNOLOGY,SE_DEMRESELCAIR_SPL_LOW,SE,2048,0.004977,0.0
ResidualCapacity,TECHNOLOGY,SE_DEMRESELCAIR_SPL_LOW,SE,2049,0.005024,0.0
ResidualCapacity,TECHNOLOGY,SE_DEMRESELCAIR_SPL_LOW,SE,2050,0.005076,0.0
ResidualCapacity,TECHNOLOGY,SE_DEMRESELCAIR_SPL_LOW,SE,2051,0.005128,0.0
ResidualCapacity,TECHNOLOGY,SE_DEMRESELCAIR_SPL_LOW,SE,2052,0.005182,0.0
ResidualCapacity,TECHNOLOGY,SE_DEMRESELCAIR_SPL_LOW,SE,2053,0.005237,0.0
ResidualCapacity,TECHNOLOGY,SE_DEMRESELCAIR_SPL_LOW,SE,2054,0.005294,0.0
ResidualCapacity,TECHNOLOGY,SE_DEMRESELCAIR_SPL_MID,SE,2022,0.003799,2.5e-05
ResidualCapacity,TECHNOLOGY,SE_DEMRESELCAIR_SPL_MID,SE,2023,0.003185,3.2e-05
ResidualCapacity,TECHNOLOGY,SE_DEMRESELCAIR_SPL_MID,SE,2024,0.003786,9.8e-05
ResidualCapacity,TECHNOLOGY,SE_DEMRESELCAIR_SPL_MID,SE,2025,0.003906,0.000101
ResidualCapacity,TECHNOLOGY,SE_DEMRESELCAIR_SPL_MID,SE,2026,0.003955,0.000102
ResidualCapacity,TECHNOLOGY,SE_DEMRESELCAIR_SPL_MID,SE,2027,0.004005,0.000101
ResidualCapacity,TECHNOLOGY,SE_DEMRESELCAIR_SPL_MID,SE,2028,0.004052,9.9e-05
ResidualCapacity,TECHNOLOGY,SE_DEMRESELCAIR_SPL_MID,SE,2029,0.004103,9.4e-05
ResidualCapacity,TECHNOLOGY,SE_DEMRESELCAIR_SPL_MID,SE,2030,0.004154,8.5e-05
ResidualCapacity,TECHNOLOGY,SE_DEMRESELCAIR_SPL_MID,SE,2031,0.004206,7.3e-05
ResidualCapacity,TECHNOLOGY,SE_DEMRESELCAIR_SPL_MID,SE,2032,0.004256,5.8e-05
ResidualCapacity,TECHNOLOGY,SE_DEMRESELCAIR_SPL_MID,SE,2033,0.004308,4.1e-05
ResidualCapacity,TECHNOLOGY,SE_DEMRESELCAIR_SPL_MID,SE,2034,0.004358,2.5e-05
ResidualCapacity,TECHNOLOGY,SE_DEMRESELCAIR_SPL_MID,SE,2035,0.004407,1.3e-05
ResidualCapacity,TECHNOLOGY,SE_DEMRESELCAIR_SPL_MID,SE,2036,0.004422,5e-06
ResidualCapacity,TECHNOLOGY,SE_DEMRESELCAIR_SPL_MID,SE,2037,0.00447,2e-06
ResidualCapacity,TECHNOLOGY,SE_DEMRESELCAIR_SPL_MID,SE,2038,0.004517,0.0
ResidualCapacity,TECHNOLOGY,SE_DEMRESELCAIR_SPL_MID,SE,2039,0.004564,0.0
ResidualCapacity,TECHNOLOGY,SE_DEMRESELCAIR_SPL_MID,SE,2040,0.00461,0.0
ResidualCapacity,TECHNOLOGY,SE_DEMRESELCAIR_SPL_MID,SE,2041,0.004655,0.0
ResidualCapacity,TECHNOLOGY,SE_DEMRESELCAIR_SPL_MID,SE,2042,0.0047,0.0
ResidualCapacity,TECHNOLOGY,SE_DEMRESELCAIR_SPL_MID,SE,2043,0.004745,0.0
ResidualCapacity,TECHNOLOGY,SE_DEMRESELCAIR_SPL_MID,SE,2044,0.004791,0.0
ResidualCapacity,TECHNOLOGY,SE_DEMRESELCAIR_SPL_MID,SE,2045,0.004836,0.0
ResidualCapacity,TECHNOLOGY,SE_DEMRESELCAIR_SPL_MID,SE,2046,0.004882,0.0
ResidualCapacity,TECHNOLOGY,SE_DEMRESELCAIR_SPL_MID,SE,2047,0.004928,0.0
ResidualCapacity,TECHNOLOGY,SE_DEMRESELCAIR_SPL_MID,SE,2048,0.004977,0.0
ResidualCapacity,TECHNOLOGY,SE_DEMRESELCAIR_SPL_MID,SE,2049,0.005024,0.0
ResidualCapacity,TECHNOLOGY,SE_DEMRESELCAIR_SPL_MID,SE,2050,0.005076,0.0
ResidualCapacity,TECHNOLOGY,SE_DEMRESELCAIR_SPL_MID,SE,2051,0.005128,0.0
ResidualCapacity,TECHNOLOGY,SE_DEMRESELCAIR_SPL_MID,SE,2052,0.005182,0.0
ResidualCapacity,TECHNOLOGY,SE_DEMRESELCAIR_SPL_MID,SE,2053,0.005237,0.0
ResidualCapacity,TECHNOLOGY,SE_DEMRESELCAIR_SPL_MID,SE,2054,0.005294,0.0
ResidualCapacity,TECHNOLOGY,SE_DEMRESELCCKN_HIG,SE,2030,0.009517,0.000673
ResidualCapacity,TECHNOLOGY,SE_DEMRESELCCKN_HIG,SE,2031,0.009633,0.001399
ResidualCapacity,TECHNOLOGY,SE_DEMRESELCCKN_HIG,SE,2032,0.009745,0.002141
ResidualCapacity,TECHNOLOGY,SE_DEMRESELCCKN_HIG,SE,2033,0.00986,0.002899
ResidualCapacity,TECHNOLOGY,SE_DEMRESELCCKN_HIG,SE,2034,0.009973,0.003672
ResidualCapacity,TECHNOLOGY,SE_DEMRESELCCKN_HIG,SE,2035,0.010083,0.00446
ResidualCapacity,TECHNOLOGY,SE_DEMRESELCCKN_HIG,SE,2036,0.010116,0.005232
ResidualCapacity,TECHNOLOGY,SE_DEMRESELCCKN_HIG,SE,2037,0.010224,0.006054
ResidualCapacity,TECHNOLOGY,SE_DEMRESELCCKN_HIG,SE,2038,0.01033,0.006893
ResidualCapacity,TECHNOLOGY,SE_DEMRESELCCKN_HIG,SE,2039,0.010436,0.007749
ResidualCapacity,TECHNOLOGY,SE_DEMRESELCCKN_HIG,SE,2040,0.010542,0.008622
ResidualCapacity,TECHNOLOGY,SE_DEMRESELCCKN_HIG,SE,2041,0.010645,0.009515
ResidualCapacity,TECHNOLOGY,SE_DEMRESELCCKN_HIG,SE,2042,0.010747,0.010424
ResidualCapacity,TECHNOLOGY,SE_DEMRESELCCKN_HIG,SE,2043,0.010852,0.011353
ResidualCapacity,TECHNOLOGY,SE_DEMRESELCCKN_HIG,SE,2044,0.010957,0.012299
ResidualCapacity,TECHNOLOGY,SE_DEMRESELCCKN_HIG,SE,2045,0.01106,0.013259
ResidualCapacity,TECHNOLOGY,SE_DEMRESELCCKN_HIG,SE,2046,0.011165,0.014242
ResidualCapacity,TECHNOLOGY,SE_DEMRESELCCKN_HIG,SE,2047,0.011271,0.015244
ResidualCapacity,TECHNOLOGY,SE_DEMRESELCCKN_HIG,SE,2048,0.011383,0.016274
ResidualCapacity,TECHNOLOGY,SE_DEMRESELCCKN_HIG,SE,2049,0.011491,0.017309
ResidualCapacity,TECHNOLOGY,SE_DEMRESELCCKN_HIG,SE,2050,0.011608,0.018302
ResidualCapacity,TECHNOLOGY,SE_DEMRESELCCKN_HIG,SE,2051,0.011726,0.019033
ResidualCapacity,TECHNOLOGY,SE_DEMRESELCCKN_HIG,SE,2052,0.011847,0.019768
ResidualCapacity,TECHNOLOGY,SE_DEMRESELCCKN_HIG,SE,2053,0.011971,0.02048
ResidualCapacity,TECHNOLOGY,SE_DEMRESELCCKN_HIG,SE,2054,0.012098,0.021194
ResidualCapacity,TECHNOLOGY,SE_DEMRESELCCKN_LOW,SE,2022,0.006555,0.026633
ResidualCapacity,TECHNOLOGY,SE_DEMRESELCCKN_LOW,SE,2023,0.004623,0.02012
ResidualCapacity,TECHNOLOGY,SE_DEMRESELCCKN_LOW,SE,2024,0.007034,0.032043
ResidualCapacity,TECHNOLOGY,SE_DEMRESELCCKN_LOW,SE,2025,0.007491,0.032559
ResidualCapacity,TECHNOLOGY,SE_DEMRESELCCKN_LOW,SE,2026,0.007569,0.032091
ResidualCapacity,TECHNOLOGY,SE_DEMRESELCCKN_LOW,SE,2027,0.007652,0.031492
ResidualCapacity,TECHNOLOGY,SE_DEMRESELCCKN_LOW,SE,2028,0.007732,0.030743
ResidualCapacity,TECHNOLOGY,SE_DEMRESELCCKN_LOW,SE,2029,0.007822,0.029903
ResidualCapacity,TECHNOLOGY,SE_DEMRESELCCKN_LOW,SE,2030,0.007916,0.028957
ResidualCapacity,TECHNOLOGY,SE_DEMRESELCCKN_LOW,SE,2031,0.008013,0.027922
ResidualCapacity,TECHNOLOGY,SE_DEMRESELCCKN_LOW,SE,2032,0.008108,0.026789
ResidualCapacity,TECHNOLOGY,SE_DEMRESELCCKN_LOW,SE,2033,0.008205,0.025589
ResidualCapacity,TECHNOLOGY,SE_DEMRESELCCKN_LOW,SE,2034,0.0083,0.024324
ResidualCapacity,TECHNOLOGY,SE_DEMRESELCCKN_LOW,SE,2035,0.008393,0.02301
ResidualCapacity,TECHNOLOGY,SE_DEMRESELCCKN_LOW,SE,2036,0.008425,0.021513
ResidualCapacity,TECHNOLOGY,SE_DEMRESELCCKN_LOW,SE,2037,0.008517,0.020164
ResidualCapacity,TECHNOLOGY,SE_DEMRESELCCKN_LOW,SE,2038,0.008607,0.018813
ResidualCapacity,TECHNOLOGY,SE_DEMRESELCCKN_LOW,SE,2039,0.008697,0.017473
ResidualCapacity,TECHNOLOGY,SE_DEMRESELCCKN_LOW,SE,2040,0.008786,0.016157
ResidualCapacity,TECHNOLOGY,SE_DEMRESELCCKN_LOW,SE,2041,0.008873,0.01487
ResidualCapacity,TECHNOLOGY,SE_DEMRESELCCKN_LOW,SE,2042,0.008959,0.013625
ResidualCapacity,TECHNOLOGY,SE_DEMRESELCCKN_LOW,SE,2043,0.009047,0.012432
ResidualCapacity,TECHNOLOGY,SE_DEMRESELCCKN_LOW,SE,2044,0.009136,0.011295
ResidualCapacity,TECHNOLOGY,SE_DEMRESELCCKN_LOW,SE,2045,0.009223,0.010217
ResidualCapacity,TECHNOLOGY,SE_DEMRESELCCKN_LOW,SE,2046,0.009311,0.009203
ResidualCapacity,TECHNOLOGY,SE_DEMRESELCCKN_LOW,SE,2047,0.0094,0.008254
ResidualCapacity,TECHNOLOGY,SE_DEMRESELCCKN_LOW,SE,2048,0.009494,0.007377
ResidualCapacity,TECHNOLOGY,SE_DEMRESELCCKN_LOW,SE,2049,0.009583,0.006561
ResidualCapacity,TECHNOLOGY,SE_DEMRESELCCKN_LOW,SE,2050,0.009682,0.005817
ResidualCapacity,TECHNOLOGY,SE_DEMRESELCCKN_LOW,SE,2051,0.00978,0.005135
ResidualCapacity,TECHNOLOGY,SE_DEMRESELCCKN_LOW,SE,2052,0.00988,0.004515
ResidualCapacity,TECHNOLOGY,SE_DEMRESELCCKN_LOW,SE,2053,0.009983,0.003954
ResidualCapacity,TECHNOLOGY,SE_DEMRESELCCKN_LOW,SE,2054,0.010089,0.003449
ResidualCapacity,TECHNOLOGY,SE_DEMRESELCCKN_MID,SE,2022,0.006555,0.000184
ResidualCapacity,TECHNOLOGY,SE_DEMRESELCCKN_MID,SE,2023,0.004623,0.00019
ResidualCapacity,TECHNOLOGY,SE_DEMRESELCCKN_MID,SE,2024,0.007034,0.000725
ResidualCapacity,TECHNOLOGY,SE_DEMRESELCCKN_MID,SE,2025,0.008133,0.001384
ResidualCapacity,TECHNOLOGY,SE_DEMRESELCCKN_MID,SE,2026,0.008485,0.002017
ResidualCapacity,TECHNOLOGY,SE_DEMRESELCCKN_MID,SE,2027,0.00873,0.002669
ResidualCapacity,TECHNOLOGY,SE_DEMRESELCCKN_MID,SE,2028,0.008922,0.003333
ResidualCapacity,TECHNOLOGY,SE_DEMRESELCCKN_MID,SE,2029,0.009096,0.004013
ResidualCapacity,TECHNOLOGY,SE_DEMRESELCCKN_MID,SE,2030,0.009256,0.004703
ResidualCapacity,TECHNOLOGY,SE_DEMRESELCCKN_MID,SE,2031,0.009412,0.005447
ResidualCapacity,TECHNOLOGY,SE_DEMRESELCCKN_MID,SE,2032,0.009556,0.006203
ResidualCapacity,TECHNOLOGY,SE_DEMRESELCCKN_MID,SE,2033,0.009698,0.006976
ResidualCapacity,TECHNOLOGY,SE_DEMRESELCCKN_MID,SE,2034,0.009832,0.007762
ResidualCapacity,TECHNOLOGY,SE_DEMRESELCCKN_MID,SE,2035,0.009961,0.008562
ResidualCapacity,TECHNOLOGY,SE_DEMRESELCCKN_MID,SE,2036,0.010011,0.009313
ResidualCapacity,TECHNOLOGY,SE_DEMRESELCCKN_MID,SE,2037,0.010133,0.010145
ResidualCapacity,TECHNOLOGY,SE_DEMRESELCCKN_MID,SE,2038,0.010251,0.010991
ResidualCapacity,TECHNOLOGY,SE_DEMRESELCCKN_MID,SE,2039,0.010367,0.011853
ResidualCapacity,TECHNOLOGY,SE_DEMRESELCCKN_MID,SE,2040,0.010482,0.012732
ResidualCapacity,TECHNOLOGY,SE_DEMRESELCCKN_MID,SE,2041,0.010593,0.013629
ResidualCapacity,TECHNOLOGY,SE_DEMRESELCCKN_MID,SE,2042,0.010702,0.014541
ResidualCapacity,TECHNOLOGY,SE_DEMRESELCCKN_MID,SE,2043,0.010812,0.015473
ResidualCapacity,TECHNOLOGY,SE_DEMRESELCCKN_MID,SE,2044,0.010923,0.016421
ResidualCapacity,TECHNOLOGY,SE_DEMRESELCCKN_MID,SE,2045,0.011031,0.017382
ResidualCapacity,TECHNOLOGY,SE_DEMRESELCCKN_MID,SE,2046,0.01114,0.018367
ResidualCapacity,TECHNOLOGY,SE_DEMRESELCCKN_MID,SE,2047,0.011249,0.019369
ResidualCapacity,TECHNOLOGY,SE_DEMRESELCCKN_MID,SE,2048,0.011365,0.020401
ResidualCapacity,TECHNOLOGY,SE_DEMRESELCCKN_MID,SE,2049,0.011475,0.021436
ResidualCapacity,TECHNOLOGY,SE_DEMRESELCCKN_MID,SE,2050,0.011595,0.022434
ResidualCapacity,TECHNOLOGY,SE_DEMRESELCCKN_MID,SE,2051,0.011715,0.023183
ResidualCapacity,TECHNOLOGY,SE_DEMRESELCCKN_MID,SE,2052,0.011837,0.023937
ResidualCapacity,TECHNOLOGY,SE_DEMRESELCCKN_MID,SE,2053,0.011962,0.02467
ResidualCapacity,TECHNOLOGY,SE_DEMRESELCCKN_MID,SE,2054,0.012091,0.025407
ResidualCapacity,TECHNOLOGY,SE_DEMRESELCFAN_HIG,SE,2025,0.004872,0.002278
ResidualCapacity,TECHNOLOGY,SE_DEMRESELCFAN_HIG,SE,2026,0.004932,0.002804
ResidualCapacity,TECHNOLOGY,SE_DEMRESELCFAN_HIG,SE,2027,0.004994,0.003478
ResidualCapacity,TECHNOLOGY,SE_DEMRESELCFAN_HIG,SE,2028,0.005418,0.004737
ResidualCapacity,TECHNOLOGY,SE_DEMRESELCFAN_HIG,SE,2029,0.006194,0.007819
ResidualCapacity,TECHNOLOGY,SE_DEMRESELCFAN_HIG,SE,2030,0.006258,0.008466
ResidualCapacity,TECHNOLOGY,SE_DEMRESELCFAN_HIG,SE,2031,0.006329,0.009141
ResidualCapacity,TECHNOLOGY,SE_DEMRESELCFAN_HIG,SE,2032,0.006399,0.009841
ResidualCapacity,TECHNOLOGY,SE_DEMRESELCFAN_HIG,SE,2033,0.006473,0.010572
ResidualCapacity,TECHNOLOGY,SE_DEMRESELCFAN_HIG,SE,2034,0.006546,0.011329
ResidualCapacity,TECHNOLOGY,SE_DEMRESELCFAN_HIG,SE,2035,0.006619,0.012112
ResidualCapacity,TECHNOLOGY,SE_DEMRESELCFAN_HIG,SE,2036,0.00666,0.012859
ResidualCapacity,TECHNOLOGY,SE_DEMRESELCFAN_HIG,SE,2037,0.006733,0.013691
ResidualCapacity,TECHNOLOGY,SE_DEMRESELCFAN_HIG,SE,2038,0.006805,0.01455
ResidualCapacity,TECHNOLOGY,SE_DEMRESELCFAN_HIG,SE,2039,0.006878,0.015437
ResidualCapacity,TECHNOLOGY,SE_DEMRESELCFAN_HIG,SE,2040,0.00695,0.01635
ResidualCapacity,TECHNOLOGY,SE_DEMRESELCFAN_HIG,SE,2041,0.007021,0.017288
ResidualCapacity,TECHNOLOGY,SE_DEMRESELCFAN_HIG,SE,2042,0.007091,0.018252
ResidualCapacity,TECHNOLOGY,SE_DEMRESELCFAN_HIG,SE,2043,0.007163,0.019246
ResidualCapacity,TECHNOLOGY,SE_DEMRESELCFAN_HIG,SE,2044,0.007234,0.020267
ResidualCapacity,TECHNOLOGY,SE_DEMRESELCFAN_HIG,SE,2045,0.007305,0.021312
ResidualCapacity,TECHNOLOGY,SE_DEMRESELCFAN_HIG,SE,2046,0.007376,0.022387
ResidualCapacity,TECHNOLOGY,SE_DEMRESELCFAN_HIG,SE,2047,0.007446,0.02349
ResidualCapacity,TECHNOLOGY,SE_DEMRESELCFAN_HIG,SE,2048,0.00752,0.02463
ResidualCapacity,TECHNOLOGY,SE_DEMRESELCFAN_HIG,SE,2049,0.007591,0.025786
ResidualCapacity,TECHNOLOGY,SE_DEMRESELCFAN_HIG,SE,2050,0.007669,0.026992
ResidualCapacity,TECHNOLOGY,SE_DEMRESELCFAN_HIG,SE,2051,0.007753,0.027597
ResidualCapacity,TECHNOLOGY,SE_DEMRESELCFAN_HIG,SE,2052,0.007838,0.028207
ResidualCapacity,TECHNOLOGY,SE_DEMRESELCFAN_HIG,SE,2053,0.007924,0.028822
ResidualCapacity,TECHNOLOGY,SE_DEMRESELCFAN_HIG,SE,2054,0.008012,0.02944
ResidualCapacity,TECHNOLOGY,SE_DEMRESELCFAN_LOW,SE,2022,0.006705,0.003066
ResidualCapacity,TECHNOLOGY,SE_DEMRESELCFAN_LOW,SE,2023,0.006521,0.003117
ResidualCapacity,TECHNOLOGY,SE_DEMRESELCFAN_LOW,SE,2024,0.007608,0.003724
ResidualCapacity,TECHNOLOGY,SE_DEMRESELCFAN_LOW,SE,2025,0.007914,0.003755
ResidualCapacity,TECHNOLOGY,SE_DEMRESELCFAN_LOW,SE,2026,0.008014,0.003566
ResidualCapacity,TECHNOLOGY,SE_DEMRESELCFAN_LOW,SE,2027,0.008118,0.003134
ResidualCapacity,TECHNOLOGY,SE_DEMRESELCFAN_LOW,SE,2028,0.008222,0.00241
ResidualCapacity,TECHNOLOGY,SE_DEMRESELCFAN_LOW,SE,2029,0.008333,0.001501
ResidualCapacity,TECHNOLOGY,SE_DEMRESELCFAN_LOW,SE,2030,0.008448,0.000682
ResidualCapacity,TECHNOLOGY,SE_DEMRESELCFAN_LOW,SE,2031,0.00857,0.000198
ResidualCapacity,TECHNOLOGY,SE_DEMRESELCFAN_LOW,SE,2032,0.008692,3.1e-05
ResidualCapacity,TECHNOLOGY,SE_DEMRESELCFAN_LOW,SE,2033,0.008817,2e-06
ResidualCapacity,TECHNOLOGY,SE_DEMRESELCFAN_LOW,SE,2034,0.008943,0.0
ResidualCapacity,TECHNOLOGY,SE_DEMRESELCFAN_LOW,SE,2035,0.009068,0.0
ResidualCapacity,TECHNOLOGY,SE_DEMRESELCFAN_LOW,SE,2036,0.009181,0.0
ResidualCapacity,TECHNOLOGY,SE_DEMRESELCFAN_LOW,SE,2037,0.009304,0.0
ResidualCapacity,TECHNOLOGY,SE_DEMRESELCFAN_LOW,SE,2038,0.009426,0.0
ResidualCapacity,TECHNOLOGY,SE_DEMRESELCFAN_LOW,SE,2039,0.009546,0.0
ResidualCapacity,TECHNOLOGY,SE_DEMRESELCFAN_LOW,SE,2040,0.009664,0.0
ResidualCapacity,TECHNOLOGY,SE_DEMRESELCFAN_LOW,SE,2041,0.009779,0.0
ResidualCapacity,TECHNOLOGY,SE_DEMRESELCFAN_LOW,SE,2042,0.009893,0.0
ResidualCapacity,TECHNOLOGY,SE_DEMRESELCFAN_LOW,SE,2043,0.010006,0.0
ResidualCapacity,TECHNOLOGY,SE_DEMRESELCFAN_LOW,SE,2044,0.010116,0.0
ResidualCapacity,TECHNOLOGY,SE_DEMRESELCFAN_LOW,SE,2045,0.010224,0.0
ResidualCapacity,TECHNOLOGY,SE_DEMRESELCFAN_LOW,SE,2046,0.01033,0.0
ResidualCapacity,TECHNOLOGY,SE_DEMRESELCFAN_LOW,SE,2047,0.010433,0.0
ResidualCapacity,TECHNOLOGY,SE_DEMRESELCFAN_LOW,SE,2048,0.010537,0.0
ResidualCapacity,TECHNOLOGY,SE_DEMRESELCFAN_LOW,SE,2049,0.010637,0.0
ResidualCapacity,TECHNOLOGY,SE_DEMRESELCFAN_LOW,SE,2050,0.010747,0.0
ResidualCapacity,TECHNOLOGY,SE_DEMRESELCFAN_MID,SE,2022,0.006705,2.1e-05
ResidualCapacity,TECHNOLOGY,SE_DEMRESELCFAN_MID,SE,2023,0.006521,2.9e-05
ResidualCapacity,TECHNOLOGY,SE_DEMRESELCFAN_MID,SE,2024,0.007608,8.4e-05
ResidualCapacity,TECHNOLOGY,SE_DEMRESELCFAN_MID,SE,2025,0.007914,8.5e-05
ResidualCapacity,TECHNOLOGY,SE_DEMRESELCFAN_MID,SE,2026,0.008014,8.1e-05
ResidualCapacity,TECHNOLOGY,SE_DEMRESELCFAN_MID,SE,2027,0.008118,7.1e-05
ResidualCapacity,TECHNOLOGY,SE_DEMRESELCFAN_MID,SE,2028,0.008222,5.5e-05
ResidualCapacity,TECHNOLOGY,SE_DEMRESELCFAN_MID,SE,2029,0.008333,3.4e-05
ResidualCapacity,TECHNOLOGY,SE_DEMRESELCFAN_MID,SE,2030,0.008448,1.5e-05
ResidualCapacity,TECHNOLOGY,SE_DEMRESELCFAN_MID,SE,2031,0.00857,4e-06
ResidualCapacity,TECHNOLOGY,SE_DEMRESELCFAN_MID,SE,2032,0.008692,1e-06
ResidualCapacity,TECHNOLOGY,SE_DEMRESELCFAN_MID,SE,2033,0.008817,0.0
ResidualCapacity,TECHNOLOGY,SE_DEMRESELCFAN_MID,SE,2034,0.008943,0.0
ResidualCapacity,TECHNOLOGY,SE_DEMRESELCFAN_MID,SE,2035,0.009068,0.0
ResidualCapacity,TECHNOLOGY,SE_DEMRESELCFAN_MID,SE,2036,0.009181,0.0
ResidualCapacity,TECHNOLOGY,SE_DEMRESELCFAN_MID,SE,2037,0.009304,0.0
ResidualCapacity,TECHNOLOGY,SE_DEMRESELCFAN_MID,SE,2038,0.009426,0.0
ResidualCapacity,TECHNOLOGY,SE_DEMRESELCFAN_MID,SE,2039,0.009546,0.0
ResidualCapacity,TECHNOLOGY,SE_DEMRESELCFAN_MID,SE,2040,0.009664,0.0
ResidualCapacity,TECHNOLOGY,SE_DEMRESELCFAN_MID,SE,2041,0.009779,0.0
ResidualCapacity,TECHNOLOGY,SE_DEMRESELCFAN_MID,SE,2042,0.009893,0.0
ResidualCapacity,TECHNOLOGY,SE_DEMRESELCFAN_MID,SE,2043,0.010006,0.0
ResidualCapacity,TECHNOLOGY,SE_DEMRESELCFAN_MID,SE,2044,0.010116,0.0
ResidualCapacity,TECHNOLOGY,SE_DEMRESELCFAN_MID,SE,2045,0.010224,0.0
ResidualCapacity,TECHNOLOGY,SE_DEMRESELCFAN_MID,SE,2046,0.01033,0.0
ResidualCapacity,TECHNOLOGY,SE_DEMRESELCFAN_MID,SE,2047,0.010433,0.0
ResidualCapacity,TECHNOLOGY,SE_DEMRESELCFAN_MID,SE,2048,0.010537,0.0
ResidualCapacity,TECHNOLOGY,SE_DEMRESELCFAN_MID,SE,2049,0.010637,0.0
ResidualCapacity,TECHNOLOGY,SE_DEMRESELCFAN_MID,SE,2050,0.010747,0.0
ResidualCapacity,TECHNOLOGY,SE_DEMRESELCOTH_LOW,SE,2022,0.001978,0.031351
ResidualCapacity,TECHNOLOGY,SE_DEMRESELCOTH_LOW,SE,2023,0.002036,0.033515
ResidualCapacity,TECHNOLOGY,SE_DEMRESELCOTH_LOW,SE,2024,0.002019,0.034077
ResidualCapacity,TECHNOLOGY,SE_DEMRESELCOTH_LOW,SE,2025,0.002961,0.025941
ResidualCapacity,TECHNOLOGY,SE_DEMRESELCOTH_LOW,SE,2026,0.002601,0.015384
ResidualCapacity,TECHNOLOGY,SE_DEMRESELCOTH_LOW,SE,2027,0.001799,0.006467
ResidualCapacity,TECHNOLOGY,SE_DEMRESELCOTH_LOW,SE,2028,0.001316,0.003592
ResidualCapacity,TECHNOLOGY,SE_DEMRESELCOTH_LOW,SE,2029,0.001247,0.002851
ResidualCapacity,TECHNOLOGY,SE_DEMRESELCOTH_LOW,SE,2030,0.001233,0.002161
ResidualCapacity,TECHNOLOGY,SE_DEMRESELCOTH_LOW,SE,2031,0.00124,0.001441
ResidualCapacity,TECHNOLOGY,SE_DEMRESELCOTH_LOW,SE,2032,0.001254,0.000792
ResidualCapacity,TECHNOLOGY,SE_DEMRESELCOTH_LOW,SE,2033,0.001271,0.000334
ResidualCapacity,TECHNOLOGY,SE_DEMRESELCOTH_LOW,SE,2034,0.001288,9.9e-05
ResidualCapacity,TECHNOLOGY,SE_DEMRESELCOTH_LOW,SE,2035,0.001304,1.9e-05
ResidualCapacity,TECHNOLOGY,SE_DEMRESELCOTH_LOW,SE,2036,0.001313,2e-06
ResidualCapacity,TECHNOLOGY,SE_DEMRESELCOTH_LOW,SE,2037,0.001329,0.0
ResidualCapacity,TECHNOLOGY,SE_DEMRESELCOTH_LOW,SE,2038,0.001345,0.0
ResidualCapacity,TECHNOLOGY,SE_DEMRESELCOTH_LOW,SE,2039,0.001361,0.0
ResidualCapacity,TECHNOLOGY,SE_DEMRESELCOTH_LOW,SE,2040,0.001377,0.0
ResidualCapacity,TECHNOLOGY,SE_DEMRESELCOTH_LOW,SE,2041,0.001392,0.0
ResidualCapacity,TECHNOLOGY,SE_DEMRESELCOTH_LOW,SE,2042,0.001407,0.0
ResidualCapacity,TECHNOLOGY,SE_DEMRESELCOTH_LOW,SE,2043,0.001423,0.0
ResidualCapacity,TECHNOLOGY,SE_DEMRESELCOTH_LOW,SE,2044,0.001438,0.0
ResidualCapacity,TECHNOLOGY,SE_DEMRESELCOTH_LOW,SE,2045,0.001453,0.0
ResidualCapacity,TECHNOLOGY,SE_DEMRESELCOTH_LOW,SE,2046,0.001468,0.0
ResidualCapacity,TECHNOLOGY,SE_DEMRESELCOTH_LOW,SE,2047,0.001484,0.0
ResidualCapacity,TECHNOLOGY,SE_DEMRESELCOTH_LOW,SE,2048,0.001499,0.0
ResidualCapacity,TECHNOLOGY,SE_DEMRESELCOTH_LOW,SE,2049,0.001514,0.0
ResidualCapacity,TECHNOLOGY,SE_DEMRESELCOTH_LOW,SE,2050,0.001531,0.0
ResidualCapacity,TECHNOLOGY,SE_DEMRESELCOTH_LOW,SE,2051,0.001547,0.0
ResidualCapacity,TECHNOLOGY,SE_DEMRESELCOTH_LOW,SE,2052,0.001564,0.0
ResidualCapacity,TECHNOLOGY,SE_DEMRESELCOTH_LOW,SE,2053,0.00158,0.0
ResidualCapacity,TECHNOLOGY,SE_DEMRESELCOTH_LOW,SE,2054,0.001598,0.0
ResidualCapacity,TECHNOLOGY,SE_DEMRESELCOTH_MID,SE,2022,0.000751,0.001452
ResidualCapacity,TECHNOLOGY,SE_DEMRESELCOTH_MID,SE,2023,0.00095,0.001833
ResidualCapacity,TECHNOLOGY,SE_DEMRESELCOTH_MID,SE,2024,0.000952,0.001925
ResidualCapacity,TECHNOLOGY,SE_DEMRESELCOTH_MID,SE,2025,0.001293,0.001197
ResidualCapacity,TECHNOLOGY,SE_DEMRESELCOTH_MID,SE,2026,0.001323,0.000651
ResidualCapacity,TECHNOLOGY,SE_DEMRESELCOTH_MID,SE,2027,0.001291,0.000209
ResidualCapacity,TECHNOLOGY,SE_DEMRESELCOTH_MID,SE,2028,0.001206,7.9e-05
ResidualCapacity,TECHNOLOGY,SE_DEMRESELCOTH_MID,SE,2029,0.001205,6.2e-05
ResidualCapacity,TECHNOLOGY,SE_DEMRESELCOTH_MID,SE,2030,0.001221,4.8e-05
ResidualCapacity,TECHNOLOGY,SE_DEMRESELCOTH_MID,SE,2031,0.001238,3.3e-05
ResidualCapacity,TECHNOLOGY,SE_DEMRESELCOTH_MID,SE,2032,0.001254,1.8e-05
ResidualCapacity,TECHNOLOGY,SE_DEMRESELCOTH_MID,SE,2033,0.001271,8e-06
ResidualCapacity,TECHNOLOGY,SE_DEMRESELCOTH_MID,SE,2034,0.001288,2e-06
ResidualCapacity,TECHNOLOGY,SE_DEMRESELCOTH_MID,SE,2035,0.001304,0.0
ResidualCapacity,TECHNOLOGY,SE_DEMRESELCOTH_MID,SE,2036,0.001313,0.0
ResidualCapacity,TECHNOLOGY,SE_DEMRESELCOTH_MID,SE,2037,0.001329,0.0
ResidualCapacity,TECHNOLOGY,SE_DEMRESELCOTH_MID,SE,2038,0.001345,0.0
ResidualCapacity,TECHNOLOGY,SE_DEMRESELCOTH_MID,SE,2039,0.001361,0.0
ResidualCapacity,TECHNOLOGY,SE_DEMRESELCOTH_MID,SE,2040,0.001377,0.0
ResidualCapacity,TECHNOLOGY,SE_DEMRESELCOTH_MID,SE,2041,0.001392,0.0
ResidualCapacity,TECHNOLOGY,SE_DEMRESELCOTH_MID,SE,2042,0.001407,0.0
ResidualCapacity,TECHNOLOGY,SE_DEMRESELCOTH_MID,SE,2043,0.001423,0.0
ResidualCapacity,TECHNOLOGY,SE_DEMRESELCOTH_MID,SE,2044,0.001438,0.0
ResidualCapacity,TECHNOLOGY,SE_DEMRESELCOTH_MID,SE,2045,0.001453,0.0
ResidualCapacity,TECHNOLOGY,SE_DEMRESELCOTH_MID,SE,2046,0.001468,0.0
ResidualCapacity,TECHNOLOGY,SE_DEMRESELCOTH_MID,SE,2047,0.001484,0.0
ResidualCapacity,TECHNOLOGY,SE_DEMRESELCOTH_MID,SE,2048,0.001499,0.0
ResidualCapacity,TECHNOLOGY,SE_DEMRESELCOTH_MID,SE,2049,0.001514,0.0
ResidualCapacity,TECHNOLOGY,SE_DEMRESELCOTH_MID,SE,2050,0.001531,0.0
ResidualCapacity,TECHNOLOGY,SE_DEMRESELCOTH_MID,SE,2051,0.001547,0.0
ResidualCapacity,TECHNOLOGY,SE_DEMRESELCOTH_MID,SE,2052,0.001564,0.0
ResidualCapacity,TECHNOLOGY,SE_DEMRESELCOTH_MID,SE,2053,0.00158,0.0
ResidualCapacity,TECHNOLOGY,SE_DEMRESELCOTH_MID,SE,2054,0.001598,0.0
ResidualCapacity,TECHNOLOGY,SE_DEMRESELCREF_LOW,SE,2022,0.00258,0.01741
ResidualCapacity,TECHNOLOGY,SE_DEMRESELCREF_LOW,SE,2023,0.002719,0.019113
ResidualCapacity,TECHNOLOGY,SE_DEMRESELCREF_LOW,SE,2024,0.002538,0.018324
ResidualCapacity,TECHNOLOGY,SE_DEMRESELCREF_LOW,SE,2025,0.002721,0.019618
ResidualCapacity,TECHNOLOGY,SE_DEMRESELCREF_LOW,SE,2026,0.002753,0.019794
ResidualCapacity,TECHNOLOGY,SE_DEMRESELCREF_LOW,SE,2027,0.002787,0.019913
ResidualCapacity,TECHNOLOGY,SE_DEMRESELCREF_LOW,SE,2028,0.00282,0.019911
ResidualCapacity,TECHNOLOGY,SE_DEMRESELCREF_LOW,SE,2029,0.002856,0.019747
ResidualCapacity,TECHNOLOGY,SE_DEMRESELCREF_LOW,SE,2030,0.002893,0.019326
ResidualCapacity,TECHNOLOGY,SE_DEMRESELCREF_LOW,SE,2031,0.002932,0.018559
ResidualCapacity,TECHNOLOGY,SE_DEMRESELCREF_LOW,SE,2032,0.002971,0.01735
ResidualCapacity,TECHNOLOGY,SE_DEMRESELCREF_LOW,SE,2033,0.00301,0.015661
ResidualCapacity,TECHNOLOGY,SE_DEMRESELCREF_LOW,SE,2034,0.003049,0.0135
ResidualCapacity,TECHNOLOGY,SE_DEMRESELCREF_LOW,SE,2035,0.003087,0.010977
ResidualCapacity,TECHNOLOGY,SE_DEMRESELCREF_LOW,SE,2036,0.003106,0.00825
ResidualCapacity,TECHNOLOGY,SE_DEMRESELCREF_LOW,SE,2037,0.003144,0.005705
ResidualCapacity,TECHNOLOGY,SE_DEMRESELCREF_LOW,SE,2038,0.003181,0.00354
ResidualCapacity,TECHNOLOGY,SE_DEMRESELCREF_LOW,SE,2039,0.003218,0.001929
ResidualCapacity,TECHNOLOGY,SE_DEMRESELCREF_LOW,SE,2040,0.003254,0.000901
ResidualCapacity,TECHNOLOGY,SE_DEMRESELCREF_LOW,SE,2041,0.00329,0.000351
ResidualCapacity,TECHNOLOGY,SE_DEMRESELCREF_LOW,SE,2042,0.003325,0.000111
ResidualCapacity,TECHNOLOGY,SE_DEMRESELCREF_LOW,SE,2043,0.003361,2.7e-05
ResidualCapacity,TECHNOLOGY,SE_DEMRESELCREF_LOW,SE,2044,0.003397,5e-06
ResidualCapacity,TECHNOLOGY,SE_DEMRESELCREF_LOW,SE,2045,0.003432,1e-06
ResidualCapacity,TECHNOLOGY,SE_DEMRESELCREF_LOW,SE,2046,0.003468,0.0
ResidualCapacity,TECHNOLOGY,SE_DEMRESELCREF_LOW,SE,2047,0.003503,0.0
ResidualCapacity,TECHNOLOGY,SE_DEMRESELCREF_LOW,SE,2048,0.00354,0.0
ResidualCapacity,TECHNOLOGY,SE_DEMRESELCREF_LOW,SE,2049,0.003575,0.0
ResidualCapacity,TECHNOLOGY,SE_DEMRESELCREF_LOW,SE,2050,0.003614,0.0
ResidualCapacity,TECHNOLOGY,SE_DEMRESELCREF_LOW,SE,2051,0.003652,0.0
ResidualCapacity,TECHNOLOGY,SE_DEMRESELCREF_LOW,SE,2052,0.003691,0.0
ResidualCapacity,TECHNOLOGY,SE_DEMRESELCREF_LOW,SE,2053,0.003731,0.0
ResidualCapacity,TECHNOLOGY,SE_DEMRESELCREF_LOW,SE,2054,0.003771,0.0
ResidualCapacity,TECHNOLOGY,SE_DEMRESELCREF_MID,SE,2022,0.00258,0.00012
ResidualCapacity,TECHNOLOGY,SE_DEMRESELCREF_MID,SE,2023,0.002719,0.00018
ResidualCapacity,TECHNOLOGY,SE_DEMRESELCREF_MID,SE,2024,0.002538,0.000415
ResidualCapacity,TECHNOLOGY,SE_DEMRESELCREF_MID,SE,2025,0.002721,0.000444
ResidualCapacity,TECHNOLOGY,SE_DEMRESELCREF_MID,SE,2026,0.002753,0.000448
ResidualCapacity,TECHNOLOGY,SE_DEMRESELCREF_MID,SE,2027,0.002787,0.000451
ResidualCapacity,TECHNOLOGY,SE_DEMRESELCREF_MID,SE,2028,0.00282,0.000451
ResidualCapacity,TECHNOLOGY,SE_DEMRESELCREF_MID,SE,2029,0.002856,0.000447
ResidualCapacity,TECHNOLOGY,SE_DEMRESELCREF_MID,SE,2030,0.002893,0.000437
ResidualCapacity,TECHNOLOGY,SE_DEMRESELCREF_MID,SE,2031,0.002932,0.00042
ResidualCapacity,TECHNOLOGY,SE_DEMRESELCREF_MID,SE,2032,0.002971,0.000393
ResidualCapacity,TECHNOLOGY,SE_DEMRESELCREF_MID,SE,2033,0.00301,0.000354
ResidualCapacity,TECHNOLOGY,SE_DEMRESELCREF_MID,SE,2034,0.003049,0.000306
ResidualCapacity,TECHNOLOGY,SE_DEMRESELCREF_MID,SE,2035,0.003087,0.000248
ResidualCapacity,TECHNOLOGY,SE_DEMRESELCREF_MID,SE,2036,0.003106,0.000187
ResidualCapacity,TECHNOLOGY,SE_DEMRESELCREF_MID,SE,2037,0.003144,0.000129
ResidualCapacity,TECHNOLOGY,SE_DEMRESELCREF_MID,SE,2038,0.003181,8e-05
ResidualCapacity,TECHNOLOGY,SE_DEMRESELCREF_MID,SE,2039,0.003218,4.4e-05
ResidualCapacity,TECHNOLOGY,SE_DEMRESELCREF_MID,SE,2040,0.003254,2e-05
ResidualCapacity,TECHNOLOGY,SE_DEMRESELCREF_MID,SE,2041,0.00329,8e-06
ResidualCapacity,TECHNOLOGY,SE_DEMRESELCREF_MID,SE,2042,0.003325,3e-06
ResidualCapacity,TECHNOLOGY,SE_DEMRESELCREF_MID,SE,2043,0.003361,1e-06
ResidualCapacity,TECHNOLOGY,SE_DEMRESELCREF_MID,SE,2044,0.003397,0.0
ResidualCapacity,TECHNOLOGY,SE_DEMRESELCREF_MID,SE,2045,0.003432,0.0
ResidualCapacity,TECHNOLOGY,SE_DEMRESELCREF_MID,SE,2046,0.003468,0.0
ResidualCapacity,TECHNOLOGY,SE_DEMRESELCREF_MID,SE,2047,0.003503,0.0
ResidualCapacity,TECHNOLOGY,SE_DEMRESELCREF_MID,SE,2048,0.00354,0.0
ResidualCapacity,TECHNOLOGY,SE_DEMRESELCREF_MID,SE,2049,0.003575,0.0
ResidualCapacity,TECHNOLOGY,SE_DEMRESELCREF_MID,SE,2050,0.003614,0.0
ResidualCapacity,TECHNOLOGY,SE_DEMRESELCREF_MID,SE,2051,0.003652,0.0
ResidualCapacity,TECHNOLOGY,SE_DEMRESELCREF_MID,SE,2052,0.003691,0.0
ResidualCapacity,TECHNOLOGY,SE_DEMRESELCREF_MID,SE,2053,0.003731,0.0
ResidualCapacity,TECHNOLOGY,SE_DEMRESELCREF_MID,SE,2054,0.003771,0.0
ResidualCapacity,TECHNOLOGY,SE_DEMRESLPGCKN_LOW,SE,2022,0.003669,0.04559
ResidualCapacity,TECHNOLOGY,SE_DEMRESLPGCKN_LOW,SE,2023,0.004018,0.048865
ResidualCapacity,TECHNOLOGY,SE_DEMRESLPGCKN_LOW,SE,2024,0.003914,0.04845
ResidualCapacity,TECHNOLOGY,SE_DEMRESLPGCKN_LOW,SE,2025,0.004061,0.047965
ResidualCapacity,TECHNOLOGY,SE_DEMRESLPGCKN_LOW,SE,2026,0.004118,0.047448
ResidualCapacity,TECHNOLOGY,SE_DEMRESLPGCKN_LOW,SE,2027,0.004177,0.046721
ResidualCapacity,TECHNOLOGY,SE_DEMRESLPGCKN_LOW,SE,2028,0.004235,0.045762
ResidualCapacity,TECHNOLOGY,SE_DEMRESLPGCKN_LOW,SE,2029,0.004297,0.044644
ResidualCapacity,TECHNOLOGY,SE_DEMRESLPGCKN_LOW,SE,2030,0.004361,0.043357
ResidualCapacity,TECHNOLOGY,SE_DEMRESLPGCKN_LOW,SE,2031,0.004427,0.041928
ResidualCapacity,TECHNOLOGY,SE_DEMRESLPGCKN_LOW,SE,2032,0.004493,0.040343
ResidualCapacity,TECHNOLOGY,SE_DEMRESLPGCKN_LOW,SE,2033,0.00456,0.038646
ResidualCapacity,TECHNOLOGY,SE_DEMRESLPGCKN_LOW,SE,2034,0.004626,0.03684
ResidualCapacity,TECHNOLOGY,SE_DEMRESLPGCKN_LOW,SE,2035,0.004691,0.034949
ResidualCapacity,TECHNOLOGY,SE_DEMRESLPGCKN_LOW,SE,2036,0.004731,0.032832
ResidualCapacity,TECHNOLOGY,SE_DEMRESLPGCKN_LOW,SE,2037,0.004796,0.030856
ResidualCapacity,TECHNOLOGY,SE_DEMRESLPGCKN_LOW,SE,2038,0.004859,0.028864
ResidualCapacity,TECHNOLOGY,SE_DEMRESLPGCKN_LOW,SE,2039,0.004922,0.026877
ResidualCapacity,TECHNOLOGY,SE_DEMRESLPGCKN_LOW,SE,2040,0.004985,0.024912
ResidualCapacity,TECHNOLOGY,SE_DEMRESLPGCKN_LOW,SE,2041,0.005046,0.022982
ResidualCapacity,TECHNOLOGY,SE_DEMRESLPGCKN_LOW,SE,2042,0.005107,0.021105
ResidualCapacity,TECHNOLOGY,SE_DEMRESLPGCKN_LOW,SE,2043,0.005168,0.019298
ResidualCapacity,TECHNOLOGY,SE_DEMRESLPGCKN_LOW,SE,2044,0.005229,0.017568
ResidualCapacity,TECHNOLOGY,SE_DEMRESLPGCKN_LOW,SE,2045,0.005288,0.01592
ResidualCapacity,TECHNOLOGY,SE_DEMRESLPGCKN_LOW,SE,2046,0.005348,0.014365
ResidualCapacity,TECHNOLOGY,SE_DEMRESLPGCKN_LOW,SE,2047,0.005407,0.012905
ResidualCapacity,TECHNOLOGY,SE_DEMRESLPGCKN_LOW,SE,2048,0.005468,0.011547
ResidualCapacity,TECHNOLOGY,SE_DEMRESLPGCKN_LOW,SE,2049,0.005527,0.010285
ResidualCapacity,TECHNOLOGY,SE_DEMRESLPGCKN_LOW,SE,2050,0.005591,0.009129
ResidualCapacity,TECHNOLOGY,SE_DEMRESLPGCKN_LOW,SE,2051,0.005654,0.008068
ResidualCapacity,TECHNOLOGY,SE_DEMRESLPGCKN_LOW,SE,2052,0.005718,0.007101
ResidualCapacity,TECHNOLOGY,SE_DEMRESLPGCKN_LOW,SE,2053,0.005783,0.006225
ResidualCapacity,TECHNOLOGY,SE_DEMRESLPGCKN_LOW,SE,2054,0.005849,0.005435
ResidualCapacity,TECHNOLOGY,SE_DEMRESLPGCKN_MID,SE,2022,0.003669,0.000314
ResidualCapacity,TECHNOLOGY,SE_DEMRESLPGCKN_MID,SE,2023,0.004018,0.000461
ResidualCapacity,TECHNOLOGY,SE_DEMRESLPGCKN_MID,SE,2024,0.003914,0.001096
ResidualCapacity,TECHNOLOGY,SE_DEMRESLPGCKN_MID,SE,2025,0.004061,0.001085
ResidualCapacity,TECHNOLOGY,SE_DEMRESLPGCKN_MID,SE,2026,0.004118,0.001074
ResidualCapacity,TECHNOLOGY,SE_DEMRESLPGCKN_MID,SE,2027,0.004177,0.001057
ResidualCapacity,TECHNOLOGY,SE_DEMRESLPGCKN_MID,SE,2028,0.004235,0.001036
ResidualCapacity,TECHNOLOGY,SE_DEMRESLPGCKN_MID,SE,2029,0.004297,0.00101
ResidualCapacity,TECHNOLOGY,SE_DEMRESLPGCKN_MID,SE,2030,0.004361,0.000981
ResidualCapacity,TECHNOLOGY,SE_DEMRESLPGCKN_MID,SE,2031,0.004427,0.000949
ResidualCapacity,TECHNOLOGY,SE_DEMRESLPGCKN_MID,SE,2032,0.004493,0.000913
ResidualCapacity,TECHNOLOGY,SE_DEMRESLPGCKN_MID,SE,2033,0.00456,0.000875
ResidualCapacity,TECHNOLOGY,SE_DEMRESLPGCKN_MID,SE,2034,0.004626,0.000834
ResidualCapacity,TECHNOLOGY,SE_DEMRESLPGCKN_MID,SE,2035,0.004691,0.000791
ResidualCapacity,TECHNOLOGY,SE_DEMRESLPGCKN_MID,SE,2036,0.004731,0.000743
ResidualCapacity,TECHNOLOGY,SE_DEMRESLPGCKN_MID,SE,2037,0.004796,0.000698
ResidualCapacity,TECHNOLOGY,SE_DEMRESLPGCKN_MID,SE,2038,0.004859,0.000653
ResidualCapacity,TECHNOLOGY,SE_DEMRESLPGCKN_MID,SE,2039,0.004922,0.000608
ResidualCapacity,TECHNOLOGY,SE_DEMRESLPGCKN_MID,SE,2040,0.004985,0.000564
ResidualCapacity,TECHNOLOGY,SE_DEMRESLPGCKN_MID,SE,2041,0.005046,0.00052
ResidualCapacity,TECHNOLOGY,SE_DEMRESLPGCKN_MID,SE,2042,0.005107,0.000478
ResidualCapacity,TECHNOLOGY,SE_DEMRESLPGCKN_MID,SE,2043,0.005168,0.000437
ResidualCapacity,TECHNOLOGY,SE_DEMRESLPGCKN_MID,SE,2044,0.005229,0.000398
ResidualCapacity,TECHNOLOGY,SE_DEMRESLPGCKN_MID,SE,2045,0.005288,0.00036
ResidualCapacity,TECHNOLOGY,SE_DEMRESLPGCKN_MID,SE,2046,0.005348,0.000325
ResidualCapacity,TECHNOLOGY,SE_DEMRESLPGCKN_MID,SE,2047,0.005407,0.000292
ResidualCapacity,TECHNOLOGY,SE_DEMRESLPGCKN_MID,SE,2048,0.005468,0.000261
ResidualCapacity,TECHNOLOGY,SE_DEMRESLPGCKN_MID,SE,2049,0.005527,0.000233
ResidualCapacity,TECHNOLOGY,SE_DEMRESLPGCKN_MID,SE,2050,0.005591,0.000207
ResidualCapacity,TECHNOLOGY,SE_DEMRESLPGCKN_MID,SE,2051,0.005654,0.000183
ResidualCapacity,TECHNOLOGY,SE_DEMRESLPGCKN_MID,SE,2052,0.005718,0.000161
ResidualCapacity,TECHNOLOGY,SE_DEMRESLPGCKN_MID,SE,2053,0.005783,0.000141
ResidualCapacity,TECHNOLOGY,SE_DEMRESLPGCKN_MID,SE,2054,0.005849,0.000123
ResidualCapacity,TECHNOLOGY,SE_DEMRESWOOCKN_HIG,SE,2025,0.034974,0.059873
ResidualCapacity,TECHNOLOGY,SE_DEMRESWOOCKN_HIG,SE,2026,0.033498,0.080825
ResidualCapacity,TECHNOLOGY,SE_DEMRESWOOCKN_HIG,SE,2027,0.03295,0.096344
ResidualCapacity,TECHNOLOGY,SE_DEMRESWOOCKN_HIG,SE,2028,0.032728,0.106209
ResidualCapacity,TECHNOLOGY,SE_DEMRESWOOCKN_HIG,SE,2029,0.032646,0.110231
ResidualCapacity,TECHNOLOGY,SE_DEMRESWOOCKN_HIG,SE,2030,0.032617,0.108225
ResidualCapacity,TECHNOLOGY,SE_DEMRESWOOCKN_HIG,SE,2031,0.033108,0.121642
ResidualCapacity,TECHNOLOGY,SE_DEMRESWOOCKN_HIG,SE,2032,0.033621,0.134112
ResidualCapacity,TECHNOLOGY,SE_DEMRESWOOCKN_HIG,SE,2033,0.034146,0.145564
ResidualCapacity,TECHNOLOGY,SE_DEMRESWOOCKN_HIG,SE,2034,0.034693,0.155999
ResidualCapacity,TECHNOLOGY,SE_DEMRESWOOCKN_HIG,SE,2035,0.036762,0.182704
ResidualCapacity,TECHNOLOGY,SE_DEMRESWOOCKN_HIG,SE,2036,0.037586,0.178296
ResidualCapacity,TECHNOLOGY,SE_DEMRESWOOCKN_HIG,SE,2037,0.038286,0.173009
ResidualCapacity,TECHNOLOGY,SE_DEMRESWOOCKN_HIG,SE,2038,0.038999,0.167505
ResidualCapacity,TECHNOLOGY,SE_DEMRESWOOCKN_HIG,SE,2039,0.03972,0.161761
ResidualCapacity,TECHNOLOGY,SE_DEMRESWOOCKN_HIG,SE,2040,0.040453,0.155792
ResidualCapacity,TECHNOLOGY,SE_DEMRESWOOCKN_HIG,SE,2041,0.041199,0.149415
ResidualCapacity,TECHNOLOGY,SE_DEMRESWOOCKN_HIG,SE,2042,0.041971,0.142866
ResidualCapacity,TECHNOLOGY,SE_DEMRESWOOCKN_HIG,SE,2043,0.042763,0.136111
ResidualCapacity,TECHNOLOGY,SE_DEMRESWOOCKN_HIG,SE,2044,0.043581,0.129162
ResidualCapacity,TECHNOLOGY,SE_DEMRESWOOCKN_HIG,SE,2045,0.044435,0.122034
ResidualCapacity,TECHNOLOGY,SE_DEMRESWOOCKN_HIG,SE,2046,0.045349,0.114697
ResidualCapacity,TECHNOLOGY,SE_DEMRESWOOCKN_HIG,SE,2047,0.046332,0.107222
ResidualCapacity,TECHNOLOGY,SE_DEMRESWOOCKN_HIG,SE,2048,0.047412,0.099628
ResidualCapacity,TECHNOLOGY,SE_DEMRESWOOCKN_HIG,SE,2049,0.048627,0.091924
ResidualCapacity,TECHNOLOGY,SE_DEMRESWOOCKN_HIG,SE,2050,0.050076,0.08417
ResidualCapacity,TECHNOLOGY,SE_DEMRESWOOCKN_HIG,SE,2051,0.050622,0.085263
ResidualCapacity,TECHNOLOGY,SE_DEMRESWOOCKN_HIG,SE,2052,0.051336,0.084828
ResidualCapacity,TECHNOLOGY,SE_DEMRESWOOCKN_HIG,SE,2053,0.053067,0.076769
ResidualCapacity,TECHNOLOGY,SE_DEMRESWOOCKN_HIG,SE,2054,0.055249,0.068548
ResidualCapacity,TECHNOLOGY,SE_DEMRESWOOCKN_LOW,SE,2022,0.025266,0.303594
ResidualCapacity,TECHNOLOGY,SE_DEMRESWOOCKN_LOW,SE,2023,0.033782,0.427868
ResidualCapacity,TECHNOLOGY,SE_DEMRESWOOCKN_LOW,SE,2024,0.030637,0.37229
ResidualCapacity,TECHNOLOGY,SE_DEMRESWOOCKN_LOW,SE,2025,0.034974,0.418696
ResidualCapacity,TECHNOLOGY,SE_DEMRESWOOCKN_LOW,SE,2026,0.035545,0.349112
ResidualCapacity,TECHNOLOGY,SE_DEMRESWOOCKN_LOW,SE,2027,0.036036,0.282138
ResidualCapacity,TECHNOLOGY,SE_DEMRESWOOCKN_LOW,SE,2028,0.03631,0.217647
ResidualCapacity,TECHNOLOGY,SE_DEMRESWOOCKN_LOW,SE,2029,0.036107,0.155846
ResidualCapacity,TECHNOLOGY,SE_DEMRESWOOCKN_LOW,SE,2030,0.034636,0.096818
ResidualCapacity,TECHNOLOGY,SE_DEMRESWOOCKN_LOW,SE,2031,0.035865,0.079206
ResidualCapacity,TECHNOLOGY,SE_DEMRESWOOCKN_LOW,SE,2032,0.037519,0.062422
ResidualCapacity,TECHNOLOGY,SE_DEMRESWOOCKN_LOW,SE,2033,0.040053,0.046501
ResidualCapacity,TECHNOLOGY,SE_DEMRESWOOCKN_LOW,SE,2034,0.044986,0.031482
ResidualCapacity,TECHNOLOGY,SE_DEMRESWOOCKN_LOW,SE,2035,0.062137,0.017397
ResidualCapacity,TECHNOLOGY,SE_DEMRESWOOCKN_MID,SE,2022,0.025266,0.002092
ResidualCapacity,TECHNOLOGY,SE_DEMRESWOOCKN_MID,SE,2023,0.033782,0.00404
ResidualCapacity,TECHNOLOGY,SE_DEMRESWOOCKN_MID,SE,2024,0.030637,0.008425
ResidualCapacity,TECHNOLOGY,SE_DEMRESWOOCKN_MID,SE,2025,0.031941,0.008381
ResidualCapacity,TECHNOLOGY,SE_DEMRESWOOCKN_MID,SE,2026,0.032321,0.008273
ResidualCapacity,TECHNOLOGY,SE_DEMRESWOOCKN_MID,SE,2027,0.032729,0.008132
ResidualCapacity,TECHNOLOGY,SE_DEMRESWOOCKN_MID,SE,2028,0.03315,0.007957
ResidualCapacity,TECHNOLOGY,SE_DEMRESWOOCKN_MID,SE,2029,0.033595,0.007753
ResidualCapacity,TECHNOLOGY,SE_DEMRESWOOCKN_MID,SE,2030,0.034076,0.007526
ResidualCapacity,TECHNOLOGY,SE_DEMRESWOOCKN_MID,SE,2031,0.034596,0.007278
ResidualCapacity,TECHNOLOGY,SE_DEMRESWOOCKN_MID,SE,2032,0.035129,0.007007
ResidualCapacity,TECHNOLOGY,SE_DEMRESWOOCKN_MID,SE,2033,0.035671,0.006716
ResidualCapacity,TECHNOLOGY,SE_DEMRESWOOCKN_MID,SE,2034,0.03623,0.00641
ResidualCapacity,TECHNOLOGY,SE_DEMRESWOOCKN_MID,SE,2035,0.036793,0.006089
ResidualCapacity,TECHNOLOGY,SE_DEMRESWOOCKN_MID,SE,2036,0.037485,0.005778
ResidualCapacity,TECHNOLOGY,SE_DEMRESWOOCKN_MID,SE,2037,0.038042,0.005437
ResidualCapacity,TECHNOLOGY,SE_DEMRESWOOCKN_MID,SE,2038,0.038596,0.005093
ResidualCapacity,TECHNOLOGY,SE_DEMRESWOOCKN_MID,SE,2039,0.039141,0.004747
ResidualCapacity,TECHNOLOGY,SE_DEMRESWOOCKN_MID,SE,2040,0.039677,0.004405
ResidualCapacity,TECHNOLOGY,SE_DEMRESWOOCKN_MID,SE,2041,0.040198,0.004067
ResidualCapacity,TECHNOLOGY,SE_DEMRESWOOCKN_MID,SE,2042,0.040717,0.003738
ResidualCapacity,TECHNOLOGY,SE_DEMRESWOOCKN_MID,SE,2043,0.041218,0.003419
ResidualCapacity,TECHNOLOGY,SE_DEMRESWOOCKN_MID,SE,2044,0.041702,0.003113
ResidualCapacity,TECHNOLOGY,SE_DEMRESWOOCKN_MID,SE,2045,0.04217,0.00282
ResidualCapacity,TECHNOLOGY,SE_DEMRESWOOCKN_MID,SE,2046,0.042624,0.002543
ResidualCapacity,TECHNOLOGY,SE_DEMRESWOOCKN_MID,SE,2047,0.043062,0.002283
ResidualCapacity,TECHNOLOGY,SE_DEMRESWOOCKN_MID,SE,2048,0.043478,0.002039
ResidualCapacity,TECHNOLOGY,SE_DEMRESWOOCKN_MID,SE,2049,0.043884,0.001814
ResidualCapacity,TECHNOLOGY,SE_DEMRESWOOCKN_MID,SE,2050,0.04433,0.001608
ResidualCapacity,TECHNOLOGY,SE_DEMRESWOOCKN_MID,SE,2051,0.044746,0.001418
ResidualCapacity,TECHNOLOGY,SE_DEMRESWOOCKN_MID,SE,2052,0.045157,0.001246
ResidualCapacity,TECHNOLOGY,SE_DEMRESWOOCKN_MID,SE,2053,0.045561,0.001089
ResidualCapacity,TECHNOLOGY,SE_DEMRESWOOCKN_MID,SE,2054,0.04596,0.000949
TotalAnnualMinCapacityInvestment,TECHNOLOGY,SE_DEMRESELCCKN_MID,SE,2025,0.001164,0.000115
TotalAnnualMinCapacityInvestment,TECHNOLOGY,SE_DEMRESELCCKN_MID,SE,2026,0.00118,0.000116
TotalAnnualMinCapacityInvestment,TECHNOLOGY,SE_DEMRESELCCKN_MID,SE,2027,0.001197,0.000118
TotalAnnualMinCapacityInvestment,TECHNOLOGY,SE_DEMRESELCCKN_MID,SE,2028,0.001215,0.00012
TotalAnnualMinCapacityInvestment,TECHNOLOGY,SE_DEMRESELCCKN_MID,SE,2029,0.001233,0.000122
TotalAnnualMinCapacityInvestment,TECHNOLOGY,SE_DEMRESELCCKN_MID,SE,2030,0.001253,0.000124
TotalAnnualMinCapacityInvestment,TECHNOLOGY,SE_DEMRESLPGCKN_MID,SE,2025,0.00174,0.000343
TotalAnnualMinCapacityInvestment,TECHNOLOGY,SE_DEMRESLPGCKN_MID,SE,2026,0.001768,0.000349
TotalAnnualMinCapacityInvestment,TECHNOLOGY,SE_DEMRESLPGCKN_MID,SE,2027,0.001798,0.000355
TotalAnnualMinCapacityInvestment,TECHNOLOGY,SE_DEMRESLPGCKN_MID,SE,2028,0.001829,0.000361
TotalAnnualMinCapacityInvestment,TECHNOLOGY,SE_DEMRESLPGCKN_MID,SE,2029,0.001861,0.000367
TotalAnnualMinCapacityInvestment,TECHNOLOGY,SE_DEMRESLPGCKN_MID,SE,2030,0.001895,0.000374
TotalAnnualMinCapacityInvestment,TECHNOLOGY,SE_DEMRESWOOCKN_HIG,SE,2025,0.030285,0.018685
TotalAnnualMinCapacityInvestment,TECHNOLOGY,SE_DEMRESWOOCKN_HIG,SE,2026,0.030646,0.018907
TotalAnnualMinCapacityInvestment,TECHNOLOGY,SE_DEMRESWOOCKN_HIG,SE,2027,0.031036,0.019148
TotalAnnualMinCapacityInvestment,TECHNOLOGY,SE_DEMRESWOOCKN_HIG,SE,2028,0.031443,0.019399
TotalAnnualMinCapacityInvestment,TECHNOLOGY,SE_DEMRESWOOCKN_HIG,SE,2029,0.031872,0.019664
TotalAnnualMinCapacityInvestment,TECHNOLOGY,SE_DEMRESWOOCKN_HIG,SE,2030,0.03234,0.019953
TotalAnnualMaxCapacityInvestment,TECHNOLOGY,IN_DEMRESELCAIR_POR_HIG,IN,2025,0.012323,6.2e-05
TotalAnnualMaxCapacityInvestment,TECHNOLOGY,IN_DEMRESELCAIR_POR_HIG,IN,2026,0.01234,6.2e-05
TotalAnnualMaxCapacityInvestment,TECHNOLOGY,IN_DEMRESELCAIR_POR_HIG,IN,2027,0.012354,7.4e-05
TotalAnnualMaxCapacityInvestment,TECHNOLOGY,IN_DEMRESELCAIR_POR_HIG,IN,2028,0.01236,7.4e-05
TotalAnnualMaxCapacityInvestment,TECHNOLOGY,IN_DEMRESELCAIR_POR_HIG,IN,2029,0.012366,7.4e-05
TotalAnnualMaxCapacityInvestment,TECHNOLOGY,IN_DEMRESELCAIR_POR_HIG,IN,2030,0.012362,7.4e-05
TotalAnnualMaxCapacityInvestment,TECHNOLOGY,IN_DEMRESELCAIR_POR_HIG,IN,2031,0.012349,8.6e-05
TotalAnnualMaxCapacityInvestment,TECHNOLOGY,IN_DEMRESELCAIR_POR_HIG,IN,2032,0.012334,9.9e-05
TotalAnnualMaxCapacityInvestment,TECHNOLOGY,IN_DEMRESELCAIR_POR_HIG,IN,2033,0.01232,9.9e-05
TotalAnnualMaxCapacityInvestment,TECHNOLOGY,IN_DEMRESELCAIR_POR_HIG,IN,2034,0.012304,0.000123
TotalAnnualMaxCapacityInvestment,TECHNOLOGY,IN_DEMRESELCAIR_POR_HIG,IN,2035,0.012289,0.000135
TotalAnnualMaxCapacityInvestment,TECHNOLOGY,IN_DEMRESELCAIR_POR_HIG,IN,2036,0.012271,0.000172
TotalAnnualMaxCapacityInvestment,TECHNOLOGY,IN_DEMRESELCAIR_POR_HIG,IN,2037,0.012264,0.000208
TotalAnnualMaxCapacityInvestment,TECHNOLOGY,IN_DEMRESELCAIR_POR_HIG,IN,2038,0.012252,0.000257
TotalAnnualMaxCapacityInvestment,TECHNOLOGY,IN_DEMRESELCAIR_POR_HIG,IN,2039,0.012236,0.000318
TotalAnnualMaxCapacityInvestment,TECHNOLOGY,IN_DEMRESELCAIR_POR_LOW,IN,2025,0.012323,0.000813
TotalAnnualMaxCapacityInvestment,TECHNOLOGY,IN_DEMRESELCAIR_POR_LOW,IN,2026,0.01234,0.000814
TotalAnnualMaxCapacityInvestment,TECHNOLOGY,IN_DEMRESELCAIR_POR_LOW,IN,2027,0.012354,0.000815
TotalAnnualMaxCapacityInvestment,TECHNOLOGY,IN_DEMRESELCAIR_POR_LOW,IN,2028,0.01236,0.000816
TotalAnnualMaxCapacityInvestment,TECHNOLOGY,IN_DEMRESELCAIR_POR_LOW,IN,2029,0.012366,0.000816
TotalAnnualMaxCapacityInvestment,TECHNOLOGY,IN_DEMRESELCAIR_POR_LOW,IN,2030,0.012362,0.000816
TotalAnnualMaxCapacityInvestment,TECHNOLOGY,IN_DEMRESELCAIR_POR_LOW,IN,2031,0.012349,0.000815
TotalAnnualMaxCapacityInvestment,TECHNOLOGY,IN_DEMRESELCAIR_POR_LOW,IN,2032,0.012334,0.000802
TotalAnnualMaxCapacityInvestment,TECHNOLOGY,IN_DEMRESELCAIR_POR_LOW,IN,2033,0.01232,0.000801
TotalAnnualMaxCapacityInvestment,TECHNOLOGY,IN_DEMRESELCAIR_POR_LOW,IN,2034,0.012304,0.000787
TotalAnnualMaxCapacityInvestment,TECHNOLOGY,IN_DEMRESELCAIR_POR_MID,IN,2025,0.012323,0.001158
TotalAnnualMaxCapacityInvestment,TECHNOLOGY,IN_DEMRESELCAIR_POR_MID,IN,2026,0.01234,0.00116
TotalAnnualMaxCapacityInvestment,TECHNOLOGY,IN_DEMRESELCAIR_POR_MID,IN,2027,0.012354,0.001161
TotalAnnualMaxCapacityInvestment,TECHNOLOGY,IN_DEMRESELCAIR_POR_MID,IN,2028,0.01236,0.001162
TotalAnnualMaxCapacityInvestment,TECHNOLOGY,IN_DEMRESELCAIR_POR_MID,IN,2029,0.012366,0.001162
TotalAnnualMaxCapacityInvestment,TECHNOLOGY,IN_DEMRESELCAIR_POR_MID,IN,2030,0.012362,0.001162
TotalAnnualMaxCapacityInvestment,TECHNOLOGY,IN_DEMRESELCAIR_POR_MID,IN,2031,0.012349,0.001148
TotalAnnualMaxCapacityInvestment,TECHNOLOGY,IN_DEMRESELCAIR_POR_MID,IN,2032,0.012334,0.001147
TotalAnnualMaxCapacityInvestment,TECHNOLOGY,IN_DEMRESELCAIR_POR_MID,IN,2033,0.01232,0.001146
TotalAnnualMaxCapacityInvestment,TECHNOLOGY,IN_DEMRESELCAIR_POR_MID,IN,2034,0.012304,0.001132
TotalAnnualMaxCapacityInvestment,TECHNOLOGY,IN_DEMRESELCAIR_POR_MID,IN,2035,0.012289,0.001118
TotalAnnualMaxCapacityInvestment,TECHNOLOGY,IN_DEMRESELCAIR_POR_MID,IN,2036,0.012271,0.001092
TotalAnnualMaxCapacityInvestment,TECHNOLOGY,IN_DEMRESELCAIR_POR_MID,IN,2037,0.012264,0.001079
TotalAnnualMaxCapacityInvestment,TECHNOLOGY,IN_DEMRESELCAIR_POR_MID,IN,2038,0.012252,0.001041
TotalAnnualMaxCapacityInvestment,TECHNOLOGY,IN_DEMRESELCAIR_POR_MID,IN,2039,0.012236,0.001003
TotalAnnualMaxCapacityInvestment,TECHNOLOGY,IN_DEMRESELCAIR_SPL_HIG,IN,2025,0.012323,0.000579
TotalAnnualMaxCapacityInvestment,TECHNOLOGY,IN_DEMRESELCAIR_SPL_HIG,IN,2026,0.01234,0.000592
TotalAnnualMaxCapacityInvestment,TECHNOLOGY,IN_DEMRESELCAIR_SPL_HIG,IN,2027,0.012354,0.000618
TotalAnnualMaxCapacityInvestment,TECHNOLOGY,IN_DEMRESELCAIR_SPL_HIG,IN,2028,0.01236,0.00063
TotalAnnualMaxCapacityInvestment,TECHNOLOGY,IN_DEMRESELCAIR_SPL_HIG,IN,2029,0.012366,0.000668
TotalAnnualMaxCapacityInvestment,TECHNOLOGY,IN_DEMRESELCAIR_SPL_HIG,IN,2030,0.012362,0.000705
TotalAnnualMaxCapacityInvestment,TECHNOLOGY,IN_DEMRESELCAIR_SPL_HIG,IN,2031,0.012349,0.000766
TotalAnnualMaxCapacityInvestment,TECHNOLOGY,IN_DEMRESELCAIR_SPL_HIG,IN,2032,0.012334,0.000839
TotalAnnualMaxCapacityInvestment,TECHNOLOGY,IN_DEMRESELCAIR_SPL_HIG,IN,2033,0.01232,0.000936
TotalAnnualMaxCapacityInvestment,TECHNOLOGY,IN_DEMRESELCAIR_SPL_HIG,IN,2034,0.012304,0.001083
TotalAnnualMaxCapacityInvestment,TECHNOLOGY,IN_DEMRESELCAIR_SPL_HIG,IN,2035,0.012289,0.001266
TotalAnnualMaxCapacityInvestment,TECHNOLOGY,IN_DEMRESELCAIR_SPL_HIG,IN,2036,0.012271,0.001522
TotalAnnualMaxCapacityInvestment,TECHNOLOGY,IN_DEMRESELCAIR_SPL_HIG,IN,2037,0.012264,0.001852
TotalAnnualMaxCapacityInvestment,TECHNOLOGY,IN_DEMRESELCAIR_SPL_HIG,IN,2038,0.012252,0.002291
TotalAnnualMaxCapacityInvestment,TECHNOLOGY,IN_DEMRESELCAIR_SPL_HIG,IN,2039,0.012236,0.002863
TotalAnnualMaxCapacityInvestment,TECHNOLOGY,IN_DEMRESELCAIR_SPL_HIG,IN,2040,0.012224,0.003582
TotalAnnualMaxCapacityInvestment,TECHNOLOGY,IN_DEMRESELCAIR_SPL_HIG,IN,2041,0.012211,0.004457
TotalAnnualMaxCapacityInvestment,TECHNOLOGY,IN_DEMRESELCAIR_SPL_HIG,IN,2042,0.012206,0.005517
TotalAnnualMaxCapacityInvestment,TECHNOLOGY,IN_DEMRESELCAIR_SPL_HIG,IN,2043,0.012198,0.006721
TotalAnnualMaxCapacityInvestment,TECHNOLOGY,IN_DEMRESELCAIR_SPL_HIG,IN,2044,0.012196,0.008061
TotalAnnualMaxCapacityInvestment,TECHNOLOGY,IN_DEMRESELCAIR_SPL_HIG,IN,2045,0.012196,0.009464
TotalAnnualMaxCapacityInvestment,TECHNOLOGY,IN_DEMRESELCAIR_SPL_HIG,IN,2046,0.012188,0.010872
TotalAnnualMaxCapacityInvestment,TECHNOLOGY,IN_DEMRESELCAIR_SPL_HIG,IN,2047,0.012189,0.012202
TotalAnnualMaxCapacityInvestment,TECHNOLOGY,IN_DEMRESELCAIR_SPL_HIG,IN,2048,0.012191,0.013422
TotalAnnualMaxCapacityInvestment,TECHNOLOGY,IN_DEMRESELCAIR_SPL_HIG,IN,2049,0.012189,0.014469
TotalAnnualMaxCapacityInvestment,TECHNOLOGY,IN_DEMRESELCAIR_SPL_HIG,IN,2050,0.012196,0.015367
TotalAnnualMaxCapacityInvestment,TECHNOLOGY,IN_DEMRESELCAIR_SPL_HIG,IN,2051,0.012204,0.016097
TotalAnnualMaxCapacityInvestment,TECHNOLOGY,IN_DEMRESELCAIR_SPL_HIG,IN,2052,0.012215,0.016673
TotalAnnualMaxCapacityInvestment,TECHNOLOGY,IN_DEMRESELCAIR_SPL_HIG,IN,2053,0.012229,0.017132
TotalAnnualMaxCapacityInvestment,TECHNOLOGY,IN_DEMRESELCAIR_SPL_HIG,IN,2054,0.012245,0.017499
TotalAnnualMaxCapacityInvestment,TECHNOLOGY,IN_DEMRESELCAIR_SPL_LOW,IN,2025,0.012323,0.007345
TotalAnnualMaxCapacityInvestment,TECHNOLOGY,IN_DEMRESELCAIR_SPL_LOW,IN,2026,0.01234,0.007355
TotalAnnualMaxCapacityInvestment,TECHNOLOGY,IN_DEMRESELCAIR_SPL_LOW,IN,2027,0.012354,0.007351
TotalAnnualMaxCapacityInvestment,TECHNOLOGY,IN_DEMRESELCAIR_SPL_LOW,IN,2028,0.01236,0.007354
TotalAnnualMaxCapacityInvestment,TECHNOLOGY,IN_DEMRESELCAIR_SPL_LOW,IN,2029,0.012366,0.007345
TotalAnnualMaxCapacityInvestment,TECHNOLOGY,IN_DEMRESELCAIR_SPL_LOW,IN,2030,0.012362,0.007318
TotalAnnualMaxCapacityInvestment,TECHNOLOGY,IN_DEMRESELCAIR_SPL_LOW,IN,2031,0.012349,0.007286
TotalAnnualMaxCapacityInvestment,TECHNOLOGY,IN_DEMRESELCAIR_SPL_LOW,IN,2032,0.012334,0.007253
TotalAnnualMaxCapacityInvestment,TECHNOLOGY,IN_DEMRESELCAIR_SPL_LOW,IN,2033,0.01232,0.007195
TotalAnnualMaxCapacityInvestment,TECHNOLOGY,IN_DEMRESELCAIR_SPL_LOW,IN,2034,0.012304,0.007136
TotalAnnualMaxCapacityInvestment,TECHNOLOGY,IN_DEMRESELCAIR_SPL_LOW,IN,2035,0.012289,0.007041
TotalAnnualMaxCapacityInvestment,TECHNOLOGY,IN_DEMRESELCAIR_SPL_LOW,IN,2036,0.012271,0.006933
TotalAnnualMaxCapacityInvestment,TECHNOLOGY,IN_DEMRESELCAIR_SPL_LOW,IN,2037,0.012264,0.006782
TotalAnnualMaxCapacityInvestment,TECHNOLOGY,IN_DEMRESELCAIR_SPL_LOW,IN,2038,0.012252,0.006592
TotalAnnualMaxCapacityInvestment,TECHNOLOGY,IN_DEMRESELCAIR_SPL_LOW,IN,2039,0.012236,0.00635
TotalAnnualMaxCapacityInvestment,TECHNOLOGY,IN_DEMRESELCAIR_SPL_LOW,IN,2040,0.012224,0.006051
TotalAnnualMaxCapacityInvestment,TECHNOLOGY,IN_DEMRESELCAIR_SPL_LOW,IN,2041,0.012211,0.005678
TotalAnnualMaxCapacityInvestment,TECHNOLOGY,IN_DEMRESELCAIR_SPL_LOW,IN,2042,0.012206,0.005249
TotalAnnualMaxCapacityInvestment,TECHNOLOGY,IN_DEMRESELCAIR_SPL_LOW,IN,2043,0.012198,0.004733
TotalAnnualMaxCapacityInvestment,TECHNOLOGY,IN_DEMRESELCAIR_SPL_LOW,IN,2044,0.012196,0.004183
TotalAnnualMaxCapacityInvestment,TECHNOLOGY,IN_DEMRESELCAIR_SPL_LOW,IN,2045,0.012196,0.00361
TotalAnnualMaxCapacityInvestment,TECHNOLOGY,IN_DEMRESELCAIR_SPL_LOW,IN,2046,0.012188,0.003023
TotalAnnualMaxCapacityInvestment,TECHNOLOGY,IN_DEMRESELCAIR_SPL_LOW,IN,2047,0.012189,0.002474
TotalAnnualMaxCapacityInvestment,TECHNOLOGY,IN_DEMRESELCAIR_SPL_LOW,IN,2048,0.012191,0.001975
TotalAnnualMaxCapacityInvestment,TECHNOLOGY,IN_DEMRESELCAIR_SPL_LOW,IN,2049,0.012189,0.001536
TotalAnnualMaxCapacityInvestment,TECHNOLOGY,IN_DEMRESELCAIR_SPL_LOW,IN,2050,0.012196,0.001171
TotalAnnualMaxCapacityInvestment,TECHNOLOGY,IN_DEMRESELCAIR_SPL_LOW,IN,2051,0.012204,0.000879
TotalAnnualMaxCapacityInvestment,TECHNOLOGY,IN_DEMRESELCAIR_SPL_LOW,IN,2052,0.012215,0.000647
TotalAnnualMaxCapacityInvestment,TECHNOLOGY,IN_DEMRESELCAIR_SPL_LOW,IN,2053,0.012229,0.000465
TotalAnnualMaxCapacityInvestment,TECHNOLOGY,IN_DEMRESELCAIR_SPL_LOW,IN,2054,0.012245,0.000331
TotalAnnualMaxCapacityInvestment,TECHNOLOGY,IN_DEMRESELCAIR_SPL_MID,IN,2025,0.012323,0.010475
TotalAnnualMaxCapacityInvestment,TECHNOLOGY,IN_DEMRESELCAIR_SPL_MID,IN,2026,0.01234,0.010477
TotalAnnualMaxCapacityInvestment,TECHNOLOGY,IN_DEMRESELCAIR_SPL_MID,IN,2027,0.012354,0.010476
TotalAnnualMaxCapacityInvestment,TECHNOLOGY,IN_DEMRESELCAIR_SPL_MID,IN,2028,0.01236,0.010469
TotalAnnualMaxCapacityInvestment,TECHNOLOGY,IN_DEMRESELCAIR_SPL_MID,IN,2029,0.012366,0.010461
TotalAnnualMaxCapacityInvestment,TECHNOLOGY,IN_DEMRESELCAIR_SPL_MID,IN,2030,0.012362,0.010434
TotalAnnualMaxCapacityInvestment,TECHNOLOGY,IN_DEMRESELCAIR_SPL_MID,IN,2031,0.012349,0.010385
TotalAnnualMaxCapacityInvestment,TECHNOLOGY,IN_DEMRESELCAIR_SPL_MID,IN,2032,0.012334,0.010336
TotalAnnualMaxCapacityInvestment,TECHNOLOGY,IN_DEMRESELCAIR_SPL_MID,IN,2033,0.01232,0.010262
TotalAnnualMaxCapacityInvestment,TECHNOLOGY,IN_DEMRESELCAIR_SPL_MID,IN,2034,0.012304,0.010163
TotalAnnualMaxCapacityInvestment,TECHNOLOGY,IN_DEMRESELCAIR_SPL_MID,IN,2035,0.012289,0.01004
TotalAnnualMaxCapacityInvestment,TECHNOLOGY,IN_DEMRESELCAIR_SPL_MID,IN,2036,0.012271,0.009878
TotalAnnualMaxCapacityInvestment,TECHNOLOGY,IN_DEMRESELCAIR_SPL_MID,IN,2037,0.012264,0.009677
TotalAnnualMaxCapacityInvestment,TECHNOLOGY,IN_DEMRESELCAIR_SPL_MID,IN,2038,0.012252,0.009397
TotalAnnualMaxCapacityInvestment,TECHNOLOGY,IN_DEMRESELCAIR_SPL_MID,IN,2039,0.012236,0.009054
TotalAnnualMaxCapacityInvestment,TECHNOLOGY,IN_DEMRESELCAIR_SPL_MID,IN,2040,0.012224,0.00863
TotalAnnualMaxCapacityInvestment,TECHNOLOGY,IN_DEMRESELCAIR_SPL_MID,IN,2041,0.012211,0.008096
TotalAnnualMaxCapacityInvestment,TECHNOLOGY,IN_DEMRESELCAIR_SPL_MID,IN,2042,0.012206,0.00747
TotalAnnualMaxCapacityInvestment,TECHNOLOGY,IN_DEMRESELCAIR_SPL_MID,IN,2043,0.012198,0.006758
TotalAnnualMaxCapacityInvestment,TECHNOLOGY,IN_DEMRESELCAIR_SPL_MID,IN,2044,0.012196,0.005964
TotalAnnualMaxCapacityInvestment,TECHNOLOGY,IN_DEMRESELCAIR_SPL_MID,IN,2045,0.012196,0.005134
TotalAnnualMaxCapacityInvestment,TECHNOLOGY,IN_DEMRESELCAIR_SPL_MID,IN,2046,0.012188,0.004315
TotalAnnualMaxCapacityInvestment,TECHNOLOGY,IN_DEMRESELCAIR_SPL_MID,IN,2047,0.012189,0.003523
TotalAnnualMaxCapacityInvestment,TECHNOLOGY,IN_DEMRESELCAIR_SPL_MID,IN,2048,0.012191,0.002816
TotalAnnualMaxCapacityInvestment,TECHNOLOGY,IN_DEMRESELCAIR_SPL_MID,IN,2049,0.012189,0.002194
TotalAnnualMaxCapacityInvestment,TECHNOLOGY,IN_DEMRESELCAIR_SPL_MID,IN,2050,0.012196,0.001671
TotalAnnualMaxCapacityInvestment,TECHNOLOGY,IN_DEMRESELCAIR_SPL_MID,IN,2051,0.012204,0.001257
TotalAnnualMaxCapacityInvestment,TECHNOLOGY,IN_DEMRESELCAIR_SPL_MID,IN,2052,0.012215,0.000916
TotalAnnualMaxCapacityInvestment,TECHNOLOGY,IN_DEMRESELCAIR_SPL_MID,IN,2053,0.012229,0.00066
TotalAnnualMaxCapacityInvestment,TECHNOLOGY,IN_DEMRESELCAIR_SPL_MID,IN,2054,0.012245,0.000465
TotalAnnualMaxCapacityInvestment,TECHNOLOGY,IN_DEMRESELCCKN_HIG,IN,2025,0.002989,0.002005
TotalAnnualMaxCapacityInvestment,TECHNOLOGY,IN_DEMRESELCCKN_HIG,IN,2026,0.002986,0.002007
TotalAnnualMaxCapacityInvestment,TECHNOLOGY,IN_DEMRESELCCKN_HIG,IN,2027,0.002984,0.002008
TotalAnnualMaxCapacityInvestment,TECHNOLOGY,IN_DEMRESELCCKN_HIG,IN,2028,0.002981,0.002012
TotalAnnualMaxCapacityInvestment,TECHNOLOGY,IN_DEMRESELCCKN_HIG,IN,2029,0.00298,0.002017
TotalAnnualMaxCapacityInvestment,TECHNOLOGY,IN_DEMRESELCCKN_HIG,IN,2030,0.002977,0.002027
TotalAnnualMaxCapacityInvestment,TECHNOLOGY,IN_DEMRESELCCKN_HIG,IN,2031,0.002973,0.002037
TotalAnnualMaxCapacityInvestment,TECHNOLOGY,IN_DEMRESELCCKN_HIG,IN,2032,0.002969,0.002051
TotalAnnualMaxCapacityInvestment,TECHNOLOGY,IN_DEMRESELCCKN_HIG,IN,2033,0.002965,2964.773803
TotalAnnualMaxCapacityInvestment,TECHNOLOGY,IN_DEMRESELCCKN_HIG,IN,2034,0.00296,2960.438162
TotalAnnualMaxCapacityInvestment,TECHNOLOGY,IN_DEMRESELCCKN_HIG,IN,2035,0.002956,2956.392443
TotalAnnualMaxCapacityInvestment,TECHNOLOGY,IN_DEMRESELCCKN_HIG,IN,2036,0.002952,2952.019781
TotalAnnualMaxCapacityInvestment,TECHNOLOGY,IN_DEMRESELCCKN_HIG,IN,2037,0.00295,2950.282788
TotalAnnualMaxCapacityInvestment,TECHNOLOGY,IN_DEMRESELCCKN_HIG,IN,2038,0.002947,2947.26929
TotalAnnualMaxCapacityInvestment,TECHNOLOGY,IN_DEMRESELCCKN_HIG,IN,2039,0.002943,2943.256478
TotalAnnualMaxCapacityInvestment,TECHNOLOGY,IN_DEMRESELCCKN_HIG,IN,2040,0.00294,2940.473455
TotalAnnualMaxCapacityInvestment,TECHNOLOGY,IN_DEMRESELCCKN_HIG,IN,2041,0.002937,2937.352213
TotalAnnualMaxCapacityInvestment,TECHNOLOGY,IN_DEMRESELCCKN_HIG,IN,2042,0.002936,2936.339454
TotalAnnualMaxCapacityInvestment,TECHNOLOGY,IN_DEMRESELCCKN_HIG,IN,2043,0.002935,2934.630388
TotalAnnualMaxCapacityInvestment,TECHNOLOGY,IN_DEMRESELCCKN_HIG,IN,2044,0.002934,2934.064931
TotalAnnualMaxCapacityInvestment,TECHNOLOGY,IN_DEMRESELCCKN_HIG,IN,2045,0.002934,2934.323742
TotalAnnualMaxCapacityInvestment,TECHNOLOGY,IN_DEMRESELCCKN_HIG,IN,2046,0.002933,2932.615063
TotalAnnualMaxCapacityInvestment,TECHNOLOGY,IN_DEMRESELCCKN_HIG,IN,2047,0.002933,2933.010309
TotalAnnualMaxCapacityInvestment,TECHNOLOGY,IN_DEMRESELCCKN_HIG,IN,2048,0.002934,2933.505826
TotalAnnualMaxCapacityInvestment,TECHNOLOGY,IN_DEMRESELCCKN_HIG,IN,2049,0.002933,2933.044857
TotalAnnualMaxCapacityInvestment,TECHNOLOGY,IN_DEMRESELCCKN_HIG,IN,2050,0.002934,2934.337435
TotalAnnualMaxCapacityInvestment,TECHNOLOGY,IN_DEMRESELCCKN_HIG,IN,2051,0.002936,2935.952954
TotalAnnualMaxCapacityInvestment,TECHNOLOGY,IN_DEMRESELCCKN_HIG,IN,2052,0.002938,2938.15114
TotalAnnualMaxCapacityInvestment,TECHNOLOGY,IN_DEMRESELCCKN_HIG,IN,2053,0.002941,2940.951057
TotalAnnualMaxCapacityInvestment,TECHNOLOGY,IN_DEMRESELCCKN_HIG,IN,2054,0.002944,2944.371706
TotalAnnualMaxCapacityInvestment,TECHNOLOGY,IN_DEMRESELCCKN_LOW,IN,2025,0.002989,0.000684
TotalAnnualMaxCapacityInvestment,TECHNOLOGY,IN_DEMRESELCCKN_LOW,IN,2026,0.002986,0.000684
TotalAnnualMaxCapacityInvestment,TECHNOLOGY,IN_DEMRESELCCKN_LOW,IN,2027,0.002984,0.000683
TotalAnnualMaxCapacityInvestment,TECHNOLOGY,IN_DEMRESELCCKN_LOW,IN,2028,0.002981,0.000683
TotalAnnualMaxCapacityInvestment,TECHNOLOGY,IN_DEMRESELCCKN_LOW,IN,2029,0.00298,0.000679
TotalAnnualMaxCapacityInvestment,TECHNOLOGY,IN_DEMRESELCCKN_LOW,IN,2030,0.002977,0.000679
TotalAnnualMaxCapacityInvestment,TECHNOLOGY,IN_DEMRESELCCKN_LOW,IN,2031,0.002973,0.000675
TotalAnnualMaxCapacityInvestment,TECHNOLOGY,IN_DEMRESELCCKN_LOW,IN,2032,0.002969,0.000671
TotalAnnualMaxCapacityInvestment,TECHNOLOGY,IN_DEMRESELCCKN_LOW,IN,2033,0.002965,2964.773803
TotalAnnualMaxCapacityInvestment,TECHNOLOGY,IN_DEMRESELCCKN_LOW,IN,2034,0.00296,2960.438162
TotalAnnualMaxCapacityInvestment,TECHNOLOGY,IN_DEMRESELCCKN_LOW,IN,2035,0.002956,2956.392443
TotalAnnualMaxCapacityInvestment,TECHNOLOGY,IN_DEMRESELCCKN_LOW,IN,2036,0.002952,2952.019781
TotalAnnualMaxCapacityInvestment,TECHNOLOGY,IN_DEMRESELCCKN_LOW,IN,2037,0.00295,2950.282788
TotalAnnualMaxCapacityInvestment,TECHNOLOGY,IN_DEMRESELCCKN_LOW,IN,2038,0.002947,2947.26929
TotalAnnualMaxCapacityInvestment,TECHNOLOGY,IN_DEMRESELCCKN_LOW,IN,2039,0.002943,2943.256478
TotalAnnualMaxCapacityInvestment,TECHNOLOGY,IN_DEMRESELCCKN_LOW,IN,2040,0.00294,2940.473455
TotalAnnualMaxCapacityInvestment,TECHNOLOGY,IN_DEMRESELCCKN_LOW,IN,2041,0.002937,2937.352213
TotalAnnualMaxCapacityInvestment,TECHNOLOGY,IN_DEMRESELCCKN_LOW,IN,2042,0.002936,2936.339454
TotalAnnualMaxCapacityInvestment,TECHNOLOGY,IN_DEMRESELCCKN_LOW,IN,2043,0.002935,2934.630388
TotalAnnualMaxCapacityInvestment,TECHNOLOGY,IN_DEMRESELCCKN_LOW,IN,2044,0.002934,2934.064931
TotalAnnualMaxCapacityInvestment,TECHNOLOGY,IN_DEMRESELCCKN_LOW,IN,2045,0.002934,2934.323742
TotalAnnualMaxCapacityInvestment,TECHNOLOGY,IN_DEMRESELCCKN_LOW,IN,2046,0.002933,2932.615063
TotalAnnualMaxCapacityInvestment,TECHNOLOGY,IN_DEMRESELCCKN_LOW,IN,2047,0.002933,2933.010309
TotalAnnualMaxCapacityInvestment,TECHNOLOGY,IN_DEMRESELCCKN_LOW,IN,2048,0.002934,2933.505826
TotalAnnualMaxCapacityInvestment,TECHNOLOGY,IN_DEMRESELCCKN_LOW,IN,2049,0.002933,2933.044857
TotalAnnualMaxCapacityInvestment,TECHNOLOGY,IN_DEMRESELCCKN_LOW,IN,2050,0.002934,2934.337435
TotalAnnualMaxCapacityInvestment,TECHNOLOGY,IN_DEMRESELCCKN_LOW,IN,2051,0.002936,2935.952954
TotalAnnualMaxCapacityInvestment,TECHNOLOGY,IN_DEMRESELCCKN_LOW,IN,2052,0.002938,2938.15114
TotalAnnualMaxCapacityInvestment,TECHNOLOGY,IN_DEMRESELCCKN_LOW,IN,2053,0.002941,2940.951057
TotalAnnualMaxCapacityInvestment,TECHNOLOGY,IN_DEMRESELCCKN_LOW,IN,2054,0.002944,2944.371706
TotalAnnualMaxCapacityInvestment,TECHNOLOGY,IN_DEMRESELCCKN_MID,IN,2025,0.002989,0.003553
TotalAnnualMaxCapacityInvestment,TECHNOLOGY,IN_DEMRESELCCKN_MID,IN,2026,0.002986,0.003547
TotalAnnualMaxCapacityInvestment,TECHNOLOGY,IN_DEMRESELCCKN_MID,IN,2027,0.002984,0.003542
TotalAnnualMaxCapacityInvestment,TECHNOLOGY,IN_DEMRESELCCKN_MID,IN,2028,0.002981,0.003536
TotalAnnualMaxCapacityInvestment,TECHNOLOGY,IN_DEMRESELCCKN_MID,IN,2029,0.00298,0.003528
TotalAnnualMaxCapacityInvestment,TECHNOLOGY,IN_DEMRESELCCKN_MID,IN,2030,0.002977,0.003516
TotalAnnualMaxCapacityInvestment,TECHNOLOGY,IN_DEMRESELCCKN_MID,IN,2031,0.002973,0.003499
TotalAnnualMaxCapacityInvestment,TECHNOLOGY,IN_DEMRESELCCKN_MID,IN,2032,0.002969,0.00348
TotalAnnualMaxCapacityInvestment,TECHNOLOGY,IN_DEMRESELCCKN_MID,IN,2033,0.002965,2964.773803
TotalAnnualMaxCapacityInvestment,TECHNOLOGY,IN_DEMRESELCCKN_MID,IN,2034,0.00296,2960.438162
TotalAnnualMaxCapacityInvestment,TECHNOLOGY,IN_DEMRESELCCKN_MID,IN,2035,0.002956,2956.392443
TotalAnnualMaxCapacityInvestment,TECHNOLOGY,IN_DEMRESELCCKN_MID,IN,2036,0.002952,2952.019781
TotalAnnualMaxCapacityInvestment,TECHNOLOGY,IN_DEMRESELCCKN_MID,IN,2037,0.00295,2950.282788
TotalAnnualMaxCapacityInvestment,TECHNOLOGY,IN_DEMRESELCCKN_MID,IN,2038,0.002947,2947.26929
TotalAnnualMaxCapacityInvestment,TECHNOLOGY,IN_DEMRESELCCKN_MID,IN,2039,0.002943,2943.256478
TotalAnnualMaxCapacityInvestment,TECHNOLOGY,IN_DEMRESELCCKN_MID,IN,2040,0.00294,2940.473455
TotalAnnualMaxCapacityInvestment,TECHNOLOGY,IN_DEMRESELCCKN_MID,IN,2041,0.002937,2937.352213
TotalAnnualMaxCapacityInvestment,TECHNOLOGY,IN_DEMRESELCCKN_MID,IN,2042,0.002936,2936.339454
TotalAnnualMaxCapacityInvestment,TECHNOLOGY,IN_DEMRESELCCKN_MID,IN,2043,0.002935,2934.630388
TotalAnnualMaxCapacityInvestment,TECHNOLOGY,IN_DEMRESELCCKN_MID,IN,2044,0.002934,2934.064931
TotalAnnualMaxCapacityInvestment,TECHNOLOGY,IN_DEMRESELCCKN_MID,IN,2045,0.002934,2934.323742
TotalAnnualMaxCapacityInvestment,TECHNOLOGY,IN_DEMRESELCCKN_MID,IN,2046,0.002933,2932.615063
TotalAnnualMaxCapacityInvestment,TECHNOLOGY,IN_DEMRESELCCKN_MID,IN,2047,0.002933,2933.010309
TotalAnnualMaxCapacityInvestment,TECHNOLOGY,IN_DEMRESELCCKN_MID,IN,2048,0.002934,2933.505826
TotalAnnualMaxCapacityInvestment,TECHNOLOGY,IN_DEMRESELCCKN_MID,IN,2049,0.002933,2933.044857
TotalAnnualMaxCapacityInvestment,TECHNOLOGY,IN_DEMRESELCCKN_MID,IN,2050,0.002934,2934.337435
TotalAnnualMaxCapacityInvestment,TECHNOLOGY,IN_DEMRESELCCKN_MID,IN,2051,0.002936,2935.952954
TotalAnnualMaxCapacityInvestment,TECHNOLOGY,IN_DEMRESELCCKN_MID,IN,2052,0.002938,2938.15114
TotalAnnualMaxCapacityInvestment,TECHNOLOGY,IN_DEMRESELCCKN_MID,IN,2053,0.002941,2940.951057
TotalAnnualMaxCapacityInvestment,TECHNOLOGY,IN_DEMRESELCCKN_MID,IN,2054,0.002944,2944.371706
TotalAnnualMaxCapacityInvestment,TECHNOLOGY,IN_DEMRESELCFAN_HIG,IN,2025,0.00442,4e-06
TotalAnnualMaxCapacityInvestment,TECHNOLOGY,IN_DEMRESELCFAN_HIG,IN,2026,0.004425,4e-06
TotalAnnualMaxCapacityInvestment,TECHNOLOGY,IN_DEMRESELCFAN_HIG,IN,2027,0.004429,4e-06
TotalAnnualMaxCapacityInvestment,TECHNOLOGY,IN_DEMRESELCFAN_HIG,IN,2028,0.004432,9e-06
TotalAnnualMaxCapacityInvestment,TECHNOLOGY,IN_DEMRESELCFAN_HIG,IN,2029,0.004434,9e-06
TotalAnnualMaxCapacityInvestment,TECHNOLOGY,IN_DEMRESELCFAN_HIG,IN,2030,0.004435,1.3e-05
TotalAnnualMaxCapacityInvestment,TECHNOLOGY,IN_DEMRESELCFAN_HIG,IN,2031,0.004432,1.8e-05
TotalAnnualMaxCapacityInvestment,TECHNOLOGY,IN_DEMRESELCFAN_HIG,IN,2032,0.004429,2.7e-05
TotalAnnualMaxCapacityInvestment,TECHNOLOGY,IN_DEMRESELCFAN_HIG,IN,2033,0.004425,3.5e-05
TotalAnnualMaxCapacityInvestment,TECHNOLOGY,IN_DEMRESELCFAN_HIG,IN,2034,0.004421,4.9e-05
TotalAnnualMaxCapacityInvestment,TECHNOLOGY,IN_DEMRESELCFAN_HIG,IN,2035,0.004418,6.6e-05
TotalAnnualMaxCapacityInvestment,TECHNOLOGY,IN_DEMRESELCFAN_HIG,IN,2036,0.004413,9.3e-05
TotalAnnualMaxCapacityInvestment,TECHNOLOGY,IN_DEMRESELCFAN_HIG,IN,2037,0.004413,0.000124
TotalAnnualMaxCapacityInvestment,TECHNOLOGY,IN_DEMRESELCFAN_HIG,IN,2038,0.00441,0.000168
TotalAnnualMaxCapacityInvestment,TECHNOLOGY,IN_DEMRESELCFAN_HIG,IN,2039,0.004406,0.00022
TotalAnnualMaxCapacityInvestment,TECHNOLOGY,IN_DEMRESELCFAN_HIG,IN,2040,0.004404,0.000286
TotalAnnualMaxCapacityInvestment,TECHNOLOGY,IN_DEMRESELCFAN_HIG,IN,2041,0.004401,0.00037
TotalAnnualMaxCapacityInvestment,TECHNOLOGY,IN_DEMRESELCFAN_HIG,IN,2042,0.004401,0.000471
TotalAnnualMaxCapacityInvestment,TECHNOLOGY,IN_DEMRESELCFAN_HIG,IN,2043,0.0044,0.00059
TotalAnnualMaxCapacityInvestment,TECHNOLOGY,IN_DEMRESELCFAN_HIG,IN,2044,0.0044,0.000717
TotalAnnualMaxCapacityInvestment,TECHNOLOGY,IN_DEMRESELCFAN_HIG,IN,2045,0.004402,0.00085
TotalAnnualMaxCapacityInvestment,TECHNOLOGY,IN_DEMRESELCFAN_HIG,IN,2046,0.0044,0.000981
TotalAnnualMaxCapacityInvestment,TECHNOLOGY,IN_DEMRESELCFAN_HIG,IN,2047,0.004402,0.001109
TotalAnnualMaxCapacityInvestment,TECHNOLOGY,IN_DEMRESELCFAN_HIG,IN,2048,0.004404,0.001229
TotalAnnualMaxCapacityInvestment,TECHNOLOGY,IN_DEMRESELCFAN_HIG,IN,2049,0.004405,0.001326
TotalAnnualMaxCapacityInvestment,TECHNOLOGY,IN_DEMRESELCFAN_HIG,IN,2050,0.004408,0.001415
TotalAnnualMaxCapacityInvestment,TECHNOLOGY,IN_DEMRESELCFAN_HIG,IN,2051,0.004412,0.001482
TotalAnnualMaxCapacityInvestment,TECHNOLOGY,IN_DEMRESELCFAN_HIG,IN,2052,0.004416,0.001537
TotalAnnualMaxCapacityInvestment,TECHNOLOGY,IN_DEMRESELCFAN_HIG,IN,2053,0.004422,0.001583
TotalAnnualMaxCapacityInvestment,TECHNOLOGY,IN_DEMRESELCFAN_HIG,IN,2054,0.004429,0.001616
TotalAnnualMaxCapacityInvestment,TECHNOLOGY,IN_DEMRESELCFAN_LOW,IN,2025,0.00442,0.000853
TotalAnnualMaxCapacityInvestment,TECHNOLOGY,IN_DEMRESELCFAN_LOW,IN,2026,0.004425,0.00085
TotalAnnualMaxCapacityInvestment,TECHNOLOGY,IN_DEMRESELCFAN_LOW,IN,2027,0.004429,0.00085
TotalAnnualMaxCapacityInvestment,TECHNOLOGY,IN_DEMRESELCFAN_LOW,IN,2028,0.004432,0.000851
TotalAnnualMaxCapacityInvestment,TECHNOLOGY,IN_DEMRESELCFAN_LOW,IN,2029,0.004434,0.000851
TotalAnnualMaxCapacityInvestment,TECHNOLOGY,IN_DEMRESELCFAN_LOW,IN,2030,0.004435,0.000847
TotalAnnualMaxCapacityInvestment,TECHNOLOGY,IN_DEMRESELCFAN_LOW,IN,2031,0.004432,0.000846
TotalAnnualMaxCapacityInvestment,TECHNOLOGY,IN_DEMRESELCFAN_LOW,IN,2032,0.004429,0.000841
TotalAnnualMaxCapacityInvestment,TECHNOLOGY,IN_DEMRESELCFAN_LOW,IN,2033,0.004425,0.000836
TotalAnnualMaxCapacityInvestment,TECHNOLOGY,IN_DEMRESELCFAN_LOW,IN,2034,0.004421,0.000827
TotalAnnualMaxCapacityInvestment,TECHNOLOGY,IN_DEMRESELCFAN_LOW,IN,2035,0.004418,0.000817
TotalAnnualMaxCapacityInvestment,TECHNOLOGY,IN_DEMRESELCFAN_LOW,IN,2036,0.004413,0.000808
TotalAnnualMaxCapacityInvestment,TECHNOLOGY,IN_DEMRESELCFAN_LOW,IN,2037,0.004413,0.00079
TotalAnnualMaxCapacityInvestment,TECHNOLOGY,IN_DEMRESELCFAN_LOW,IN,2038,0.00441,0.000767
TotalAnnualMaxCapacityInvestment,TECHNOLOGY,IN_DEMRESELCFAN_LOW,IN,2039,0.004406,0.00074
TotalAnnualMaxCapacityInvestment,TECHNOLOGY,IN_DEMRESELCFAN_LOW,IN,2040,0.004404,0.000705
TotalAnnualMaxCapacityInvestment,TECHNOLOGY,IN_DEMRESELCFAN_LOW,IN,2041,0.004401,0.000664
TotalAnnualMaxCapacityInvestment,TECHNOLOGY,IN_DEMRESELCFAN_LOW,IN,2042,0.004401,0.000612
TotalAnnualMaxCapacityInvestment,TECHNOLOGY,IN_DEMRESELCFAN_LOW,IN,2043,0.0044,0.000554
TotalAnnualMaxCapacityInvestment,TECHNOLOGY,IN_DEMRESELCFAN_LOW,IN,2044,0.0044,0.000493
TotalAnnualMaxCapacityInvestment,TECHNOLOGY,IN_DEMRESELCFAN_LOW,IN,2045,0.004402,0.000423
TotalAnnualMaxCapacityInvestment,TECHNOLOGY,IN_DEMRESELCFAN_LOW,IN,2046,0.0044,0.000356
TotalAnnualMaxCapacityInvestment,TECHNOLOGY,IN_DEMRESELCFAN_LOW,IN,2047,0.004402,0.000295
TotalAnnualMaxCapacityInvestment,TECHNOLOGY,IN_DEMRESELCFAN_LOW,IN,2048,0.004404,0.000238
TotalAnnualMaxCapacityInvestment,TECHNOLOGY,IN_DEMRESELCFAN_LOW,IN,2049,0.004405,0.000185
TotalAnnualMaxCapacityInvestment,TECHNOLOGY,IN_DEMRESELCFAN_LOW,IN,2050,0.004408,0.000145
TotalAnnualMaxCapacityInvestment,TECHNOLOGY,IN_DEMRESELCFAN_LOW,IN,2051,0.004412,0.00011
TotalAnnualMaxCapacityInvestment,TECHNOLOGY,IN_DEMRESELCFAN_LOW,IN,2052,0.004416,8.4e-05
TotalAnnualMaxCapacityInvestment,TECHNOLOGY,IN_DEMRESELCFAN_LOW,IN,2053,0.004422,6.2e-05
TotalAnnualMaxCapacityInvestment,TECHNOLOGY,IN_DEMRESELCFAN_LOW,IN,2054,0.004429,4.4e-05
TotalAnnualMaxCapacityInvestment,TECHNOLOGY,IN_DEMRESELCFAN_MID,IN,2025,0.00442,0.000849
TotalAnnualMaxCapacityInvestment,TECHNOLOGY,IN_DEMRESELCFAN_MID,IN,2026,0.004425,0.00085
TotalAnnualMaxCapacityInvestment,TECHNOLOGY,IN_DEMRESELCFAN_MID,IN,2027,0.004429,0.00085
TotalAnnualMaxCapacityInvestment,TECHNOLOGY,IN_DEMRESELCFAN_MID,IN,2028,0.004432,0.000851
TotalAnnualMaxCapacityInvestment,TECHNOLOGY,IN_DEMRESELCFAN_MID,IN,2029,0.004434,0.000847
TotalAnnualMaxCapacityInvestment,TECHNOLOGY,IN_DEMRESELCFAN_MID,IN,2030,0.004435,0.000847
TotalAnnualMaxCapacityInvestment,TECHNOLOGY,IN_DEMRESELCFAN_MID,IN,2031,0.004432,0.000842
TotalAnnualMaxCapacityInvestment,TECHNOLOGY,IN_DEMRESELCFAN_MID,IN,2032,0.004429,0.000837
TotalAnnualMaxCapacityInvestment,TECHNOLOGY,IN_DEMRESELCFAN_MID,IN,2033,0.004425,0.000828
TotalAnnualMaxCapacityInvestment,TECHNOLOGY,IN_DEMRESELCFAN_MID,IN,2034,0.004421,0.000818
TotalAnnualMaxCapacityInvestment,TECHNOLOGY,IN_DEMRESELCFAN_MID,IN,2035,0.004418,0.000808
TotalAnnualMaxCapacityInvestment,TECHNOLOGY,IN_DEMRESELCFAN_MID,IN,2036,0.004413,0.00079
TotalAnnualMaxCapacityInvestment,TECHNOLOGY,IN_DEMRESELCFAN_MID,IN,2037,0.004413,0.000768
TotalAnnualMaxCapacityInvestment,TECHNOLOGY,IN_DEMRESELCFAN_MID,IN,2038,0.00441,0.000741
TotalAnnualMaxCapacityInvestment,TECHNOLOGY,IN_DEMRESELCFAN_MID,IN,2039,0.004406,0.000705
TotalAnnualMaxCapacityInvestment,TECHNOLOGY,IN_DEMRESELCFAN_MID,IN,2040,0.004404,0.000665
TotalAnnualMaxCapacityInvestment,TECHNOLOGY,IN_DEMRESELCFAN_MID,IN,2041,0.004401,0.000612
TotalAnnualMaxCapacityInvestment,TECHNOLOGY,IN_DEMRESELCFAN_MID,IN,2042,0.004401,0.000554
TotalAnnualMaxCapacityInvestment,TECHNOLOGY,IN_DEMRESELCFAN_MID,IN,2043,0.0044,0.000493
TotalAnnualMaxCapacityInvestment,TECHNOLOGY,IN_DEMRESELCFAN_MID,IN,2044,0.0044,0.000422
TotalAnnualMaxCapacityInvestment,TECHNOLOGY,IN_DEMRESELCFAN_MID,IN,2045,0.004402,0.000357
TotalAnnualMaxCapacityInvestment,TECHNOLOGY,IN_DEMRESELCFAN_MID,IN,2046,0.0044,0.000295
TotalAnnualMaxCapacityInvestment,TECHNOLOGY,IN_DEMRESELCFAN_MID,IN,2047,0.004402,0.000238
TotalAnnualMaxCapacityInvestment,TECHNOLOGY,IN_DEMRESELCFAN_MID,IN,2048,0.004404,0.000185
TotalAnnualMaxCapacityInvestment,TECHNOLOGY,IN_DEMRESELCFAN_MID,IN,2049,0.004405,0.000145
TotalAnnualMaxCapacityInvestment,TECHNOLOGY,IN_DEMRESELCFAN_MID,IN,2050,0.004408,0.00011
TotalAnnualMaxCapacityInvestment,TECHNOLOGY,IN_DEMRESELCFAN_MID,IN,2051,0.004412,8.4e-05
TotalAnnualMaxCapacityInvestment,TECHNOLOGY,IN_DEMRESELCFAN_MID,IN,2052,0.004416,6.2e-05
TotalAnnualMaxCapacityInvestment,TECHNOLOGY,IN_DEMRESELCFAN_MID,IN,2053,0.004422,4.4e-05
TotalAnnualMaxCapacityInvestment,TECHNOLOGY,IN_DEMRESELCOTH_HIG,IN,2025,0.003589,0.014893
TotalAnnualMaxCapacityInvestment,TECHNOLOGY,IN_DEMRESELCOTH_HIG,IN,2026,0.003564,0.014812
TotalAnnualMaxCapacityInvestment,TECHNOLOGY,IN_DEMRESELCOTH_HIG,IN,2027,0.00353,0.014716
TotalAnnualMaxCapacityInvestment,TECHNOLOGY,IN_DEMRESELCOTH_HIG,IN,2028,0.003489,0.014601
TotalAnnualMaxCapacityInvestment,TECHNOLOGY,IN_DEMRESELCOTH_HIG,IN,2029,0.003446,0.014496
TotalAnnualMaxCapacityInvestment,TECHNOLOGY,IN_DEMRESELCOTH_HIG,IN,2030,0.003398,0.014398
TotalAnnualMaxCapacityInvestment,TECHNOLOGY,IN_DEMRESELCOTH_HIG,IN,2031,0.003347,0.014315
TotalAnnualMaxCapacityInvestment,TECHNOLOGY,IN_DEMRESELCOTH_HIG,IN,2032,0.004514,0.020207
TotalAnnualMaxCapacityInvestment,TECHNOLOGY,IN_DEMRESELCOTH_HIG,IN,2033,0.004406,0.020059
TotalAnnualMaxCapacityInvestment,TECHNOLOGY,IN_DEMRESELCOTH_HIG,IN,2034,0.00429,0.019972
TotalAnnualMaxCapacityInvestment,TECHNOLOGY,IN_DEMRESELCOTH_HIG,IN,2035,0.004178,0.020032
TotalAnnualMaxCapacityInvestment,TECHNOLOGY,IN_DEMRESELCOTH_HIG,IN,2036,0.004057,0.020208
TotalAnnualMaxCapacityInvestment,TECHNOLOGY,IN_DEMRESELCOTH_HIG,IN,2037,0.003944,0.020626
TotalAnnualMaxCapacityInvestment,TECHNOLOGY,IN_DEMRESELCOTH_HIG,IN,2038,0.003826,0.021251
TotalAnnualMaxCapacityInvestment,TECHNOLOGY,IN_DEMRESELCOTH_HIG,IN,2039,0.003707,0.022139
TotalAnnualMaxCapacityInvestment,TECHNOLOGY,IN_DEMRESELCOTH_HIG,IN,2040,0.003585,0.023313
TotalAnnualMaxCapacityInvestment,TECHNOLOGY,IN_DEMRESELCOTH_HIG,IN,2041,0.00347,0.024822
TotalAnnualMaxCapacityInvestment,TECHNOLOGY,IN_DEMRESELCOTH_HIG,IN,2042,0.00336,0.026669
TotalAnnualMaxCapacityInvestment,TECHNOLOGY,IN_DEMRESELCOTH_HIG,IN,2043,0.003258,0.028779
TotalAnnualMaxCapacityInvestment,TECHNOLOGY,IN_DEMRESELCOTH_HIG,IN,2044,0.003166,0.031098
TotalAnnualMaxCapacityInvestment,TECHNOLOGY,IN_DEMRESELCOTH_HIG,IN,2045,0.003083,0.033489
TotalAnnualMaxCapacityInvestment,TECHNOLOGY,IN_DEMRESELCOTH_HIG,IN,2046,0.003004,0.035753
TotalAnnualMaxCapacityInvestment,TECHNOLOGY,IN_DEMRESELCOTH_HIG,IN,2047,0.002937,0.037858
TotalAnnualMaxCapacityInvestment,TECHNOLOGY,IN_DEMRESELCOTH_HIG,IN,2048,0.002873,0.039621
TotalAnnualMaxCapacityInvestment,TECHNOLOGY,IN_DEMRESELCOTH_HIG,IN,2049,0.002818,0.041045
TotalAnnualMaxCapacityInvestment,TECHNOLOGY,IN_DEMRESELCOTH_HIG,IN,2050,0.002767,0.042118
TotalAnnualMaxCapacityInvestment,TECHNOLOGY,IN_DEMRESELCOTH_HIG,IN,2051,0.002721,0.042859
TotalAnnualMaxCapacityInvestment,TECHNOLOGY,IN_DEMRESELCOTH_HIG,IN,2052,0.002679,0.043319
TotalAnnualMaxCapacityInvestment,TECHNOLOGY,IN_DEMRESELCOTH_HIG,IN,2053,0.00264,0.043553
TotalAnnualMaxCapacityInvestment,TECHNOLOGY,IN_DEMRESELCOTH_HIG,IN,2054,0.002605,0.04361
TotalAnnualMaxCapacityInvestment,TECHNOLOGY,IN_DEMRESELCOTH_LOW,IN,2025,0.002656,0.019775
TotalAnnualMaxCapacityInvestment,TECHNOLOGY,IN_DEMRESELCOTH_LOW,IN,2026,0.002634,0.019595
TotalAnnualMaxCapacityInvestment,TECHNOLOGY,IN_DEMRESELCOTH_LOW,IN,2027,0.002606,0.01937
TotalAnnualMaxCapacityInvestment,TECHNOLOGY,IN_DEMRESELCOTH_LOW,IN,2028,0.002572,0.019092
TotalAnnualMaxCapacityInvestment,TECHNOLOGY,IN_DEMRESELCOTH_LOW,IN,2029,0.002536,0.018795
TotalAnnualMaxCapacityInvestment,TECHNOLOGY,IN_DEMRESELCOTH_LOW,IN,2030,0.002497,0.01846
TotalAnnualMaxCapacityInvestment,TECHNOLOGY,IN_DEMRESELCOTH_LOW,IN,2031,0.002455,0.018094
TotalAnnualMaxCapacityInvestment,TECHNOLOGY,IN_DEMRESELCOTH_LOW,IN,2032,0.002413,0.017711
TotalAnnualMaxCapacityInvestment,TECHNOLOGY,IN_DEMRESELCOTH_LOW,IN,2033,0.002375,0.017331
TotalAnnualMaxCapacityInvestment,TECHNOLOGY,IN_DEMRESELCOTH_LOW,IN,2034,0.002335,0.016896
TotalAnnualMaxCapacityInvestment,TECHNOLOGY,IN_DEMRESELCOTH_LOW,IN,2035,0.002298,0.016451
TotalAnnualMaxCapacityInvestment,TECHNOLOGY,IN_DEMRESELCOTH_LOW,IN,2036,0.00226,0.015935
TotalAnnualMaxCapacityInvestment,TECHNOLOGY,IN_DEMRESELCOTH_LOW,IN,2037,0.002227,0.015396
TotalAnnualMaxCapacityInvestment,TECHNOLOGY,IN_DEMRESELCOTH_LOW,IN,2038,0.002194,0.01476
TotalAnnualMaxCapacityInvestment,TECHNOLOGY,IN_DEMRESELCOTH_LOW,IN,2039,0.002161,0.014027
TotalAnnualMaxCapacityInvestment,TECHNOLOGY,IN_DEMRESELCOTH_LOW,IN,2040,0.002128,0.013173
TotalAnnualMaxCapacityInvestment,TECHNOLOGY,IN_DEMRESELCOTH_LOW,IN,2041,0.002097,0.012202
TotalAnnualMaxCapacityInvestment,TECHNOLOGY,IN_DEMRESELCOTH_LOW,IN,2042,0.002068,0.011118
TotalAnnualMaxCapacityInvestment,TECHNOLOGY,IN_DEMRESELCOTH_LOW,IN,2043,0.00204,0.009924
TotalAnnualMaxCapacityInvestment,TECHNOLOGY,IN_DEMRESELCOTH_LOW,IN,2044,0.002013,0.008663
TotalAnnualMaxCapacityInvestment,TECHNOLOGY,IN_DEMRESELCOTH_LOW,IN,2045,0.001988,0.007383
TotalAnnualMaxCapacityInvestment,TECHNOLOGY,IN_DEMRESELCOTH_LOW,IN,2046,0.00196,0.006122
TotalAnnualMaxCapacityInvestment,TECHNOLOGY,IN_DEMRESELCOTH_LOW,IN,2047,0.001935,0.004957
TotalAnnualMaxCapacityInvestment,TECHNOLOGY,IN_DEMRESELCOTH_LOW,IN,2048,0.001908,0.003918
TotalAnnualMaxCapacityInvestment,TECHNOLOGY,IN_DEMRESELCOTH_LOW,IN,2049,0.001881,0.003027
TotalAnnualMaxCapacityInvestment,TECHNOLOGY,IN_DEMRESELCOTH_LOW,IN,2050,0.001855,0.002296
TotalAnnualMaxCapacityInvestment,TECHNOLOGY,IN_DEMRESELCOTH_LOW,IN,2051,0.001828,0.001714
TotalAnnualMaxCapacityInvestment,TECHNOLOGY,IN_DEMRESELCOTH_LOW,IN,2052,0.001795,0.001253
TotalAnnualMaxCapacityInvestment,TECHNOLOGY,IN_DEMRESELCOTH_LOW,IN,2053,0.001761,0.000906
TotalAnnualMaxCapacityInvestment,TECHNOLOGY,IN_DEMRESELCOTH_LOW,IN,2054,0.001717,0.000645
TotalAnnualMaxCapacityInvestment,TECHNOLOGY,IN_DEMRESELCOTH_MID,IN,2025,0.005969,0.033654
TotalAnnualMaxCapacityInvestment,TECHNOLOGY,IN_DEMRESELCOTH_MID,IN,2026,0.005901,0.033245
TotalAnnualMaxCapacityInvestment,TECHNOLOGY,IN_DEMRESELCOTH_MID,IN,2027,0.005814,0.032723
TotalAnnualMaxCapacityInvestment,TECHNOLOGY,IN_DEMRESELCOTH_MID,IN,2028,0.005706,0.032085
TotalAnnualMaxCapacityInvestment,TECHNOLOGY,IN_DEMRESELCOTH_MID,IN,2029,0.005593,0.031395
TotalAnnualMaxCapacityInvestment,TECHNOLOGY,IN_DEMRESELCOTH_MID,IN,2030,0.005468,0.030619
TotalAnnualMaxCapacityInvestment,TECHNOLOGY,IN_DEMRESELCOTH_MID,IN,2031,0.005336,0.029788
TotalAnnualMaxCapacityInvestment,TECHNOLOGY,IN_DEMRESELCOTH_MID,IN,2032,0.005204,0.028933
TotalAnnualMaxCapacityInvestment,TECHNOLOGY,IN_DEMRESELCOTH_MID,IN,2033,0.005084,0.028095
TotalAnnualMaxCapacityInvestment,TECHNOLOGY,IN_DEMRESELCOTH_MID,IN,2034,0.004958,0.027173
TotalAnnualMaxCapacityInvestment,TECHNOLOGY,IN_DEMRESELCOTH_MID,IN,2035,0.004843,0.02625
TotalAnnualMaxCapacityInvestment,TECHNOLOGY,IN_DEMRESELCOTH_MID,IN,2036,0.004722,0.025214
TotalAnnualMaxCapacityInvestment,TECHNOLOGY,IN_DEMRESELCOTH_MID,IN,2037,0.004617,0.02417
TotalAnnualMaxCapacityInvestment,TECHNOLOGY,IN_DEMRESELCOTH_MID,IN,2038,0.004513,0.022984
TotalAnnualMaxCapacityInvestment,TECHNOLOGY,IN_DEMRESELCOTH_MID,IN,2039,0.00441,0.021664
TotalAnnualMaxCapacityInvestment,TECHNOLOGY,IN_DEMRESELCOTH_MID,IN,2040,0.004307,0.020169
TotalAnnualMaxCapacityInvestment,TECHNOLOGY,IN_DEMRESELCOTH_MID,IN,2041,0.00421,0.01853
TotalAnnualMaxCapacityInvestment,TECHNOLOGY,IN_DEMRESELCOTH_MID,IN,2042,0.004119,0.016741
TotalAnnualMaxCapacityInvestment,TECHNOLOGY,IN_DEMRESELCOTH_MID,IN,2043,0.004031,0.014815
TotalAnnualMaxCapacityInvestment,TECHNOLOGY,IN_DEMRESELCOTH_MID,IN,2044,0.003948,0.012828
TotalAnnualMaxCapacityInvestment,TECHNOLOGY,IN_DEMRESELCOTH_MID,IN,2045,0.00387,0.010835
TotalAnnualMaxCapacityInvestment,TECHNOLOGY,IN_DEMRESELCOTH_MID,IN,2046,0.00379,0.008903
TotalAnnualMaxCapacityInvestment,TECHNOLOGY,IN_DEMRESELCOTH_MID,IN,2047,0.003717,0.007147
TotalAnnualMaxCapacityInvestment,TECHNOLOGY,IN_DEMRESELCOTH_MID,IN,2048,0.003644,0.005595
TotalAnnualMaxCapacityInvestment,TECHNOLOGY,IN_DEMRESELCOTH_MID,IN,2049,0.003578,0.004283
TotalAnnualMaxCapacityInvestment,TECHNOLOGY,IN_DEMRESELCOTH_MID,IN,2050,0.003516,0.003216
TotalAnnualMaxCapacityInvestment,TECHNOLOGY,IN_DEMRESELCOTH_MID,IN,2051,0.003457,0.002373
TotalAnnualMaxCapacityInvestment,TECHNOLOGY,IN_DEMRESELCOTH_MID,IN,2052,0.003401,0.001721
TotalAnnualMaxCapacityInvestment,TECHNOLOGY,IN_DEMRESELCOTH_MID,IN,2053,0.003354,0.001224
TotalAnnualMaxCapacityInvestment,TECHNOLOGY,IN_DEMRESELCOTH_MID,IN,2054,0.003305,0.000853
TotalAnnualMaxCapacityInvestment,TECHNOLOGY,IN_DEMRESELCREF_HIG,IN,2025,0.002253,0.003555
TotalAnnualMaxCapacityInvestment,TECHNOLOGY,IN_DEMRESELCREF_HIG,IN,2026,0.002253,0.003557
TotalAnnualMaxCapacityInvestment,TECHNOLOGY,IN_DEMRESELCREF_HIG,IN,2027,0.002253,0.003558
TotalAnnualMaxCapacityInvestment,TECHNOLOGY,IN_DEMRESELCREF_HIG,IN,2028,0.002253,0.00356
TotalAnnualMaxCapacityInvestment,TECHNOLOGY,IN_DEMRESELCREF_HIG,IN,2029,0.002253,0.00356
TotalAnnualMaxCapacityInvestment,TECHNOLOGY,IN_DEMRESELCREF_HIG,IN,2030,0.002253,0.003562
TotalAnnualMaxCapacityInvestment,TECHNOLOGY,IN_DEMRESELCREF_HIG,IN,2031,0.002252,0.003565
TotalAnnualMaxCapacityInvestment,TECHNOLOGY,IN_DEMRESELCREF_HIG,IN,2032,0.00225,0.003564
TotalAnnualMaxCapacityInvestment,TECHNOLOGY,IN_DEMRESELCREF_HIG,IN,2033,0.002249,0.003569
TotalAnnualMaxCapacityInvestment,TECHNOLOGY,IN_DEMRESELCREF_HIG,IN,2034,0.002247,0.003573
TotalAnnualMaxCapacityInvestment,TECHNOLOGY,IN_DEMRESELCREF_HIG,IN,2035,0.002245,0.003581
TotalAnnualMaxCapacityInvestment,TECHNOLOGY,IN_DEMRESELCREF_HIG,IN,2036,0.002243,0.003591
TotalAnnualMaxCapacityInvestment,TECHNOLOGY,IN_DEMRESELCREF_HIG,IN,2037,0.002243,0.003607
TotalAnnualMaxCapacityInvestment,TECHNOLOGY,IN_DEMRESELCREF_HIG,IN,2038,0.002242,0.00363
TotalAnnualMaxCapacityInvestment,TECHNOLOGY,IN_DEMRESELCREF_HIG,IN,2039,0.00224,0.003656
TotalAnnualMaxCapacityInvestment,TECHNOLOGY,IN_DEMRESELCREF_HIG,IN,2040,0.002239,0.003693
TotalAnnualMaxCapacityInvestment,TECHNOLOGY,IN_DEMRESELCREF_HIG,IN,2041,0.002238,0.003738
TotalAnnualMaxCapacityInvestment,TECHNOLOGY,IN_DEMRESELCREF_HIG,IN,2042,0.002239,0.003794
TotalAnnualMaxCapacityInvestment,TECHNOLOGY,IN_DEMRESELCREF_HIG,IN,2043,0.002238,0.003859
TotalAnnualMaxCapacityInvestment,TECHNOLOGY,IN_DEMRESELCREF_HIG,IN,2044,0.002239,0.003932
TotalAnnualMaxCapacityInvestment,TECHNOLOGY,IN_DEMRESELCREF_HIG,IN,2045,0.00224,0.004008
TotalAnnualMaxCapacityInvestment,TECHNOLOGY,IN_DEMRESELCREF_HIG,IN,2046,0.00224,0.004083
TotalAnnualMaxCapacityInvestment,TECHNOLOGY,IN_DEMRESELCREF_HIG,IN,2047,0.002241,0.004157
TotalAnnualMaxCapacityInvestment,TECHNOLOGY,IN_DEMRESELCREF_HIG,IN,2048,0.002242,0.004222
TotalAnnualMaxCapacityInvestment,TECHNOLOGY,IN_DEMRESELCREF_HIG,IN,2049,0.002243,0.004279
TotalAnnualMaxCapacityInvestment,TECHNOLOGY,IN_DEMRESELCREF_HIG,IN,2050,0.002245,0.00433
TotalAnnualMaxCapacityInvestment,TECHNOLOGY,IN_DEMRESELCREF_HIG,IN,2051,0.002247,0.004372
TotalAnnualMaxCapacityInvestment,TECHNOLOGY,IN_DEMRESELCREF_HIG,IN,2052,0.002249,0.004408
TotalAnnualMaxCapacityInvestment,TECHNOLOGY,IN_DEMRESELCREF_HIG,IN,2053,0.002252,0.004436
TotalAnnualMaxCapacityInvestment,TECHNOLOGY,IN_DEMRESELCREF_HIG,IN,2054,0.002255,0.004461
TotalAnnualMaxCapacityInvestment,TECHNOLOGY,IN_DEMRESELCREF_LOW,IN,2025,0.002253,2.3e-05
TotalAnnualMaxCapacityInvestment,TECHNOLOGY,IN_DEMRESELCREF_LOW,IN,2026,0.002253,2.3e-05
TotalAnnualMaxCapacityInvestment,TECHNOLOGY,IN_DEMRESELCREF_LOW,IN,2027,0.002253,2.3e-05
TotalAnnualMaxCapacityInvestment,TECHNOLOGY,IN_DEMRESELCREF_LOW,IN,2028,0.002253,2.3e-05
TotalAnnualMaxCapacityInvestment,TECHNOLOGY,IN_DEMRESELCREF_LOW,IN,2029,0.002253,2.3e-05
TotalAnnualMaxCapacityInvestment,TECHNOLOGY,IN_DEMRESELCREF_LOW,IN,2030,0.002253,2.3e-05
TotalAnnualMaxCapacityInvestment,TECHNOLOGY,IN_DEMRESELCREF_LOW,IN,2031,0.002252,2.3e-05
TotalAnnualMaxCapacityInvestment,TECHNOLOGY,IN_DEMRESELCREF_LOW,IN,2032,0.00225,2.3e-05
TotalAnnualMaxCapacityInvestment,TECHNOLOGY,IN_DEMRESELCREF_LOW,IN,2033,0.002249,2.2e-05
TotalAnnualMaxCapacityInvestment,TECHNOLOGY,IN_DEMRESELCREF_LOW,IN,2034,0.002247,2.2e-05
TotalAnnualMaxCapacityInvestment,TECHNOLOGY,IN_DEMRESELCREF_LOW,IN,2035,0.002245,2.2e-05
TotalAnnualMaxCapacityInvestment,TECHNOLOGY,IN_DEMRESELCREF_LOW,IN,2036,0.002243,2e-05
TotalAnnualMaxCapacityInvestment,TECHNOLOGY,IN_DEMRESELCREF_LOW,IN,2037,0.002243,2e-05
TotalAnnualMaxCapacityInvestment,TECHNOLOGY,IN_DEMRESELCREF_LOW,IN,2038,0.002242,2e-05
TotalAnnualMaxCapacityInvestment,TECHNOLOGY,IN_DEMRESELCREF_LOW,IN,2039,0.00224,2e-05
TotalAnnualMaxCapacityInvestment,TECHNOLOGY,IN_DEMRESELCREF_LOW,IN,2040,0.002239,1.8e-05
TotalAnnualMaxCapacityInvestment,TECHNOLOGY,IN_DEMRESELCREF_LOW,IN,2041,0.002238,1.8e-05
TotalAnnualMaxCapacityInvestment,TECHNOLOGY,IN_DEMRESELCREF_LOW,IN,2042,0.002239,1.6e-05
TotalAnnualMaxCapacityInvestment,TECHNOLOGY,IN_DEMRESELCREF_LOW,IN,2043,0.002238,1.3e-05
TotalAnnualMaxCapacityInvestment,TECHNOLOGY,IN_DEMRESELCREF_LOW,IN,2044,0.002239,1.3e-05
TotalAnnualMaxCapacityInvestment,TECHNOLOGY,IN_DEMRESELCREF_LOW,IN,2045,0.00224,1.1e-05
TotalAnnualMaxCapacityInvestment,TECHNOLOGY,IN_DEMRESELCREF_LOW,IN,2046,0.00224,9e-06
TotalAnnualMaxCapacityInvestment,TECHNOLOGY,IN_DEMRESELCREF_LOW,IN,2047,0.002241,7e-06
TotalAnnualMaxCapacityInvestment,TECHNOLOGY,IN_DEMRESELCREF_LOW,IN,2048,0.002242,7e-06
TotalAnnualMaxCapacityInvestment,TECHNOLOGY,IN_DEMRESELCREF_LOW,IN,2049,0.002243,4e-06
TotalAnnualMaxCapacityInvestment,TECHNOLOGY,IN_DEMRESELCREF_LOW,IN,2050,0.002245,4e-06
TotalAnnualMaxCapacityInvestment,TECHNOLOGY,IN_DEMRESELCREF_LOW,IN,2051,0.002247,2e-06
TotalAnnualMaxCapacityInvestment,TECHNOLOGY,IN_DEMRESELCREF_LOW,IN,2052,0.002249,2e-06
TotalAnnualMaxCapacityInvestment,TECHNOLOGY,IN_DEMRESELCREF_LOW,IN,2053,0.002252,2e-06
TotalAnnualMaxCapacityInvestment,TECHNOLOGY,IN_DEMRESELCREF_MID,IN,2025,0.002253,0.000921
TotalAnnualMaxCapacityInvestment,TECHNOLOGY,IN_DEMRESELCREF_MID,IN,2026,0.002253,0.000919
TotalAnnualMaxCapacityInvestment,TECHNOLOGY,IN_DEMRESELCREF_MID,IN,2027,0.002253,0.000919
TotalAnnualMaxCapacityInvestment,TECHNOLOGY,IN_DEMRESELCREF_MID,IN,2028,0.002253,0.000919
TotalAnnualMaxCapacityInvestment,TECHNOLOGY,IN_DEMRESELCREF_MID,IN,2029,0.002253,0.000917
TotalAnnualMaxCapacityInvestment,TECHNOLOGY,IN_DEMRESELCREF_MID,IN,2030,0.002253,0.000915
TotalAnnualMaxCapacityInvestment,TECHNOLOGY,IN_DEMRESELCREF_MID,IN,2031,0.002252,0.000912
TotalAnnualMaxCapacityInvestment,TECHNOLOGY,IN_DEMRESELCREF_MID,IN,2032,0.00225,0.000907
TotalAnnualMaxCapacityInvestment,TECHNOLOGY,IN_DEMRESELCREF_MID,IN,2033,0.002249,0.000899
TotalAnnualMaxCapacityInvestment,TECHNOLOGY,IN_DEMRESELCREF_MID,IN,2034,0.002247,0.000892
TotalAnnualMaxCapacityInvestment,TECHNOLOGY,IN_DEMRESELCREF_MID,IN,2035,0.002245,0.000882
TotalAnnualMaxCapacityInvestment,TECHNOLOGY,IN_DEMRESELCREF_MID,IN,2036,0.002243,0.000868
TotalAnnualMaxCapacityInvestment,TECHNOLOGY,IN_DEMRESELCREF_MID,IN,2037,0.002243,0.00085
TotalAnnualMaxCapacityInvestment,TECHNOLOGY,IN_DEMRESELCREF_MID,IN,2038,0.002242,0.000827
TotalAnnualMaxCapacityInvestment,TECHNOLOGY,IN_DEMRESELCREF_MID,IN,2039,0.00224,0.000798
TotalAnnualMaxCapacityInvestment,TECHNOLOGY,IN_DEMRESELCREF_MID,IN,2040,0.002239,0.000759
TotalAnnualMaxCapacityInvestment,TECHNOLOGY,IN_DEMRESELCREF_MID,IN,2041,0.002238,0.000714
TotalAnnualMaxCapacityInvestment,TECHNOLOGY,IN_DEMRESELCREF_MID,IN,2042,0.002239,0.000658
TotalAnnualMaxCapacityInvestment,TECHNOLOGY,IN_DEMRESELCREF_MID,IN,2043,0.002238,0.000595
TotalAnnualMaxCapacityInvestment,TECHNOLOGY,IN_DEMRESELCREF_MID,IN,2044,0.002239,0.000526
TotalAnnualMaxCapacityInvestment,TECHNOLOGY,IN_DEMRESELCREF_MID,IN,2045,0.00224,0.000455
TotalAnnualMaxCapacityInvestment,TECHNOLOGY,IN_DEMRESELCREF_MID,IN,2046,0.00224,0.000381
TotalAnnualMaxCapacityInvestment,TECHNOLOGY,IN_DEMRESELCREF_MID,IN,2047,0.002241,0.000312
TotalAnnualMaxCapacityInvestment,TECHNOLOGY,IN_DEMRESELCREF_MID,IN,2048,0.002242,0.000249
TotalAnnualMaxCapacityInvestment,TECHNOLOGY,IN_DEMRESELCREF_MID,IN,2049,0.002243,0.000193
TotalAnnualMaxCapacityInvestment,TECHNOLOGY,IN_DEMRESELCREF_MID,IN,2050,0.002245,0.000148
TotalAnnualMaxCapacityInvestment,TECHNOLOGY,IN_DEMRESELCREF_MID,IN,2051,0.002247,0.00011
TotalAnnualMaxCapacityInvestment,TECHNOLOGY,IN_DEMRESELCREF_MID,IN,2052,0.002249,8.1e-05
TotalAnnualMaxCapacityInvestment,TECHNOLOGY,IN_DEMRESELCREF_MID,IN,2053,0.002252,5.9e-05
TotalAnnualMaxCapacityInvestment,TECHNOLOGY,IN_DEMRESELCREF_MID,IN,2054,0.002255,4.1e-05
TotalAnnualMaxCapacityInvestment,TECHNOLOGY,IN_DEMRESLPGCKN_HIG,IN,2025,0.016297,0.005068
TotalAnnualMaxCapacityInvestment,TECHNOLOGY,IN_DEMRESLPGCKN_HIG,IN,2026,0.016336,0.00508
TotalAnnualMaxCapacityInvestment,TECHNOLOGY,IN_DEMRESLPGCKN_HIG,IN,2027,0.016373,0.005108
TotalAnnualMaxCapacityInvestment,TECHNOLOGY,IN_DEMRESLPGCKN_HIG,IN,2028,0.016403,0.005134
TotalAnnualMaxCapacityInvestment,TECHNOLOGY,IN_DEMRESLPGCKN_HIG,IN,2029,0.016434,0.00516
TotalAnnualMaxCapacityInvestment,TECHNOLOGY,IN_DEMRESLPGCKN_HIG,IN,2030,0.016456,0.005184
TotalAnnualMaxCapacityInvestment,TECHNOLOGY,IN_DEMRESLPGCKN_HIG,IN,2031,0.016467,0.00522
TotalAnnualMaxCapacityInvestment,TECHNOLOGY,IN_DEMRESLPGCKN_HIG,IN,2032,0.016476,0.005272
TotalAnnualMaxCapacityInvestment,TECHNOLOGY,IN_DEMRESLPGCKN_HIG,IN,2033,0.016483,0.005341
TotalAnnualMaxCapacityInvestment,TECHNOLOGY,IN_DEMRESLPGCKN_HIG,IN,2034,0.016488,0.005425
TotalAnnualMaxCapacityInvestment,TECHNOLOGY,IN_DEMRESLPGCKN_HIG,IN,2035,0.016493,0.005542
TotalAnnualMaxCapacityInvestment,TECHNOLOGY,IN_DEMRESLPGCKN_HIG,IN,2036,0.016495,0.005707
TotalAnnualMaxCapacityInvestment,TECHNOLOGY,IN_DEMRESLPGCKN_HIG,IN,2037,0.016511,0.005911
TotalAnnualMaxCapacityInvestment,TECHNOLOGY,IN_DEMRESLPGCKN_HIG,IN,2038,0.016518,0.006178
TotalAnnualMaxCapacityInvestment,TECHNOLOGY,IN_DEMRESLPGCKN_HIG,IN,2039,0.01652,0.006542
TotalAnnualMaxCapacityInvestment,TECHNOLOGY,IN_DEMRESLPGCKN_HIG,IN,2040,0.016527,0.006974
TotalAnnualMaxCapacityInvestment,TECHNOLOGY,IN_DEMRESLPGCKN_HIG,IN,2041,0.016531,0.007522
TotalAnnualMaxCapacityInvestment,TECHNOLOGY,IN_DEMRESLPGCKN_HIG,IN,2042,0.016546,0.008174
TotalAnnualMaxCapacityInvestment,TECHNOLOGY,IN_DEMRESLPGCKN_HIG,IN,2043,0.016556,0.00894
TotalAnnualMaxCapacityInvestment,TECHNOLOGY,IN_DEMRESLPGCKN_HIG,IN,2044,0.016572,0.009778
TotalAnnualMaxCapacityInvestment,TECHNOLOGY,IN_DEMRESLPGCKN_HIG,IN,2045,0.016592,0.010652
TotalAnnualMaxCapacityInvestment,TECHNOLOGY,IN_DEMRESLPGCKN_HIG,IN,2046,0.0166,0.01152
TotalAnnualMaxCapacityInvestment,TECHNOLOGY,IN_DEMRESLPGCKN_HIG,IN,2047,0.016618,0.012364
TotalAnnualMaxCapacityInvestment,TECHNOLOGY,IN_DEMRESLPGCKN_HIG,IN,2048,0.016637,0.013127
TotalAnnualMaxCapacityInvestment,TECHNOLOGY,IN_DEMRESLPGCKN_HIG,IN,2049,0.01665,0.013803
TotalAnnualMaxCapacityInvestment,TECHNOLOGY,IN_DEMRESLPGCKN_HIG,IN,2050,0.016672,0.014372
TotalAnnualMaxCapacityInvestment,TECHNOLOGY,IN_DEMRESLPGCKN_HIG,IN,2051,0.016696,0.014826
TotalAnnualMaxCapacityInvestment,TECHNOLOGY,IN_DEMRESLPGCKN_HIG,IN,2052,0.016722,0.0152
TotalAnnualMaxCapacityInvestment,TECHNOLOGY,IN_DEMRESLPGCKN_HIG,IN,2053,0.016751,0.015512
TotalAnnualMaxCapacityInvestment,TECHNOLOGY,IN_DEMRESLPGCKN_HIG,IN,2054,0.016783,0.015743
TotalAnnualMaxCapacityInvestment,TECHNOLOGY,IN_DEMRESLPGCKN_LOW,IN,2025,0.016297,0.001727
TotalAnnualMaxCapacityInvestment,TECHNOLOGY,IN_DEMRESLPGCKN_LOW,IN,2026,0.016336,0.001732
TotalAnnualMaxCapacityInvestment,TECHNOLOGY,IN_DEMRESLPGCKN_LOW,IN,2027,0.016373,0.001736
TotalAnnualMaxCapacityInvestment,TECHNOLOGY,IN_DEMRESLPGCKN_LOW,IN,2028,0.016403,0.001739
TotalAnnualMaxCapacityInvestment,TECHNOLOGY,IN_DEMRESLPGCKN_LOW,IN,2029,0.016434,0.001742
TotalAnnualMaxCapacityInvestment,TECHNOLOGY,IN_DEMRESLPGCKN_LOW,IN,2030,0.016456,0.001744
TotalAnnualMaxCapacityInvestment,TECHNOLOGY,IN_DEMRESLPGCKN_LOW,IN,2031,0.016467,0.001729
TotalAnnualMaxCapacityInvestment,TECHNOLOGY,IN_DEMRESLPGCKN_LOW,IN,2032,0.016476,0.00173
TotalAnnualMaxCapacityInvestment,TECHNOLOGY,IN_DEMRESLPGCKN_LOW,IN,2033,0.016483,0.001714
TotalAnnualMaxCapacityInvestment,TECHNOLOGY,IN_DEMRESLPGCKN_LOW,IN,2034,0.016488,0.001698
TotalAnnualMaxCapacityInvestment,TECHNOLOGY,IN_DEMRESLPGCKN_LOW,IN,2035,0.016493,0.001682
TotalAnnualMaxCapacityInvestment,TECHNOLOGY,IN_DEMRESLPGCKN_LOW,IN,2036,0.016495,0.001666
TotalAnnualMaxCapacityInvestment,TECHNOLOGY,IN_DEMRESLPGCKN_LOW,IN,2037,0.016511,0.001635
TotalAnnualMaxCapacityInvestment,TECHNOLOGY,IN_DEMRESLPGCKN_LOW,IN,2038,0.016518,0.001586
TotalAnnualMaxCapacityInvestment,TECHNOLOGY,IN_DEMRESLPGCKN_LOW,IN,2039,0.01652,0.001536
TotalAnnualMaxCapacityInvestment,TECHNOLOGY,IN_DEMRESLPGCKN_LOW,IN,2040,0.016527,0.001454
TotalAnnualMaxCapacityInvestment,TECHNOLOGY,IN_DEMRESLPGCKN_LOW,IN,2041,0.016531,0.001372
TotalAnnualMaxCapacityInvestment,TECHNOLOGY,IN_DEMRESLPGCKN_LOW,IN,2042,0.016546,0.001274
TotalAnnualMaxCapacityInvestment,TECHNOLOGY,IN_DEMRESLPGCKN_LOW,IN,2043,0.016556,0.001142
TotalAnnualMaxCapacityInvestment,TECHNOLOGY,IN_DEMRESLPGCKN_LOW,IN,2044,0.016572,0.001011
TotalAnnualMaxCapacityInvestment,TECHNOLOGY,IN_DEMRESLPGCKN_LOW,IN,2045,0.016592,0.000879
TotalAnnualMaxCapacityInvestment,TECHNOLOGY,IN_DEMRESLPGCKN_LOW,IN,2046,0.0166,0.00073
TotalAnnualMaxCapacityInvestment,TECHNOLOGY,IN_DEMRESLPGCKN_LOW,IN,2047,0.016618,0.000598
TotalAnnualMaxCapacityInvestment,TECHNOLOGY,IN_DEMRESLPGCKN_LOW,IN,2048,0.016637,0.000482
TotalAnnualMaxCapacityInvestment,TECHNOLOGY,IN_DEMRESLPGCKN_LOW,IN,2049,0.01665,0.000366
TotalAnnualMaxCapacityInvestment,TECHNOLOGY,IN_DEMRESLPGCKN_LOW,IN,2050,0.016672,0.000283
TotalAnnualMaxCapacityInvestment,TECHNOLOGY,IN_DEMRESLPGCKN_LOW,IN,2051,0.016696,0.000217
TotalAnnualMaxCapacityInvestment,TECHNOLOGY,IN_DEMRESLPGCKN_LOW,IN,2052,0.016722,0.00015
TotalAnnualMaxCapacityInvestment,TECHNOLOGY,IN_DEMRESLPGCKN_LOW,IN,2053,0.016751,0.000117
TotalAnnualMaxCapacityInvestment,TECHNOLOGY,IN_DEMRESLPGCKN_LOW,IN,2054,0.016783,8.4e-05
TotalAnnualMaxCapacityInvestment,TECHNOLOGY,IN_DEMRESLPGCKN_MID,IN,2025,0.016297,0.00898
TotalAnnualMaxCapacityInvestment,TECHNOLOGY,IN_DEMRESLPGCKN_MID,IN,2026,0.016336,0.008985
TotalAnnualMaxCapacityInvestment,TECHNOLOGY,IN_DEMRESLPGCKN_MID,IN,2027,0.016373,0.009005
TotalAnnualMaxCapacityInvestment,TECHNOLOGY,IN_DEMRESLPGCKN_MID,IN,2028,0.016403,0.009005
TotalAnnualMaxCapacityInvestment,TECHNOLOGY,IN_DEMRESLPGCKN_MID,IN,2029,0.016434,0.009006
TotalAnnualMaxCapacityInvestment,TECHNOLOGY,IN_DEMRESLPGCKN_MID,IN,2030,0.016456,0.009001
TotalAnnualMaxCapacityInvestment,TECHNOLOGY,IN_DEMRESLPGCKN_MID,IN,2031,0.016467,0.008974
TotalAnnualMaxCapacityInvestment,TECHNOLOGY,IN_DEMRESLPGCKN_MID,IN,2032,0.016476,0.008946
TotalAnnualMaxCapacityInvestment,TECHNOLOGY,IN_DEMRESLPGCKN_MID,IN,2033,0.016483,0.008901
TotalAnnualMaxCapacityInvestment,TECHNOLOGY,IN_DEMRESLPGCKN_MID,IN,2034,0.016488,0.008821
TotalAnnualMaxCapacityInvestment,TECHNOLOGY,IN_DEMRESLPGCKN_MID,IN,2035,0.016493,0.008725
TotalAnnualMaxCapacityInvestment,TECHNOLOGY,IN_DEMRESLPGCKN_MID,IN,2036,0.016495,0.008594
TotalAnnualMaxCapacityInvestment,TECHNOLOGY,IN_DEMRESLPGCKN_MID,IN,2037,0.016511,0.008437
TotalAnnualMaxCapacityInvestment,TECHNOLOGY,IN_DEMRESLPGCKN_MID,IN,2038,0.016518,0.00821
TotalAnnualMaxCapacityInvestment,TECHNOLOGY,IN_DEMRESLPGCKN_MID,IN,2039,0.01652,0.007929
TotalAnnualMaxCapacityInvestment,TECHNOLOGY,IN_DEMRESLPGCKN_MID,IN,2040,0.016527,0.007553
TotalAnnualMaxCapacityInvestment,TECHNOLOGY,IN_DEMRESLPGCKN_MID,IN,2041,0.016531,0.007108
TotalAnnualMaxCapacityInvestment,TECHNOLOGY,IN_DEMRESLPGCKN_MID,IN,2042,0.016546,0.006569
TotalAnnualMaxCapacityInvestment,TECHNOLOGY,IN_DEMRESLPGCKN_MID,IN,2043,0.016556,0.005944
TotalAnnualMaxCapacityInvestment,TECHNOLOGY,IN_DEMRESLPGCKN_MID,IN,2044,0.016572,0.005253
TotalAnnualMaxCapacityInvestment,TECHNOLOGY,IN_DEMRESLPGCKN_MID,IN,2045,0.016592,0.00453
TotalAnnualMaxCapacityInvestment,TECHNOLOGY,IN_DEMRESLPGCKN_MID,IN,2046,0.0166,0.003801
TotalAnnualMaxCapacityInvestment,TECHNOLOGY,IN_DEMRESLPGCKN_MID,IN,2047,0.016618,0.003108
TotalAnnualMaxCapacityInvestment,TECHNOLOGY,IN_DEMRESLPGCKN_MID,IN,2048,0.016637,0.002479
TotalAnnualMaxCapacityInvestment,TECHNOLOGY,IN_DEMRESLPGCKN_MID,IN,2049,0.01665,0.001931
TotalAnnualMaxCapacityInvestment,TECHNOLOGY,IN_DEMRESLPGCKN_MID,IN,2050,0.016672,0.001484
TotalAnnualMaxCapacityInvestment,TECHNOLOGY,IN_DEMRESLPGCKN_MID,IN,2051,0.016696,0.001102
TotalAnnualMaxCapacityInvestment,TECHNOLOGY,IN_DEMRESLPGCKN_MID,IN,2052,0.016722,0.000819
TotalAnnualMaxCapacityInvestment,TECHNOLOGY,IN_DEMRESLPGCKN_MID,IN,2053,0.016751,0.000586
TotalAnnualMaxCapacityInvestment,TECHNOLOGY,IN_DEMRESLPGCKN_MID,IN,2054,0.016783,0.00042
TotalAnnualMaxCapacityInvestment,TECHNOLOGY,SE_DEMRESELCAIR_POR_HIG,SE,2025,0.003903,2e-05
TotalAnnualMaxCapacityInvestment,TECHNOLOGY,SE_DEMRESELCAIR_POR_HIG,SE,2026,0.00395,2.1e-05
TotalAnnualMaxCapacityInvestment,TECHNOLOGY,SE_DEMRESELCAIR_POR_HIG,SE,2027,0.004016,2.5e-05
TotalAnnualMaxCapacityInvestment,TECHNOLOGY,SE_DEMRESELCAIR_POR_HIG,SE,2028,0.00406,2.5e-05
TotalAnnualMaxCapacityInvestment,TECHNOLOGY,SE_DEMRESELCAIR_POR_HIG,SE,2029,0.004106,2.6e-05
TotalAnnualMaxCapacityInvestment,TECHNOLOGY,SE_DEMRESELCAIR_POR_HIG,SE,2030,0.00415,2.6e-05
TotalAnnualMaxCapacityInvestment,TECHNOLOGY,SE_DEMRESELCAIR_POR_HIG,SE,2031,0.004211,3.1e-05
TotalAnnualMaxCapacityInvestment,TECHNOLOGY,SE_DEMRESELCAIR_POR_HIG,SE,2032,0.004265,3.5e-05
TotalAnnualMaxCapacityInvestment,TECHNOLOGY,SE_DEMRESELCAIR_POR_HIG,SE,2033,0.004303,3.6e-05
TotalAnnualMaxCapacityInvestment,TECHNOLOGY,SE_DEMRESELCAIR_POR_HIG,SE,2034,0.004363,4.5e-05
TotalAnnualMaxCapacityInvestment,TECHNOLOGY,SE_DEMRESELCAIR_POR_HIG,SE,2035,0.004404,5e-05
TotalAnnualMaxCapacityInvestment,TECHNOLOGY,SE_DEMRESELCAIR_POR_HIG,SE,2036,0.004427,6.4e-05
TotalAnnualMaxCapacityInvestment,TECHNOLOGY,SE_DEMRESELCAIR_POR_HIG,SE,2037,0.004474,7.9e-05
TotalAnnualMaxCapacityInvestment,TECHNOLOGY,SE_DEMRESELCAIR_POR_HIG,SE,2038,0.004521,9.9e-05
TotalAnnualMaxCapacityInvestment,TECHNOLOGY,SE_DEMRESELCAIR_POR_HIG,SE,2039,0.004566,0.000123
TotalAnnualMaxCapacityInvestment,TECHNOLOGY,SE_DEMRESELCAIR_POR_LOW,SE,2025,0.003908,0.000268
TotalAnnualMaxCapacityInvestment,TECHNOLOGY,SE_DEMRESELCAIR_POR_LOW,SE,2026,0.003957,0.000272
TotalAnnualMaxCapacityInvestment,TECHNOLOGY,SE_DEMRESELCAIR_POR_LOW,SE,2027,0.004007,0.000275
TotalAnnualMaxCapacityInvestment,TECHNOLOGY,SE_DEMRESELCAIR_POR_LOW,SE,2028,0.004055,0.000278
TotalAnnualMaxCapacityInvestment,TECHNOLOGY,SE_DEMRESELCAIR_POR_LOW,SE,2029,0.004106,0.000282
TotalAnnualMaxCapacityInvestment,TECHNOLOGY,SE_DEMRESELCAIR_POR_LOW,SE,2030,0.004157,0.000285
TotalAnnualMaxCapacityInvestment,TECHNOLOGY,SE_DEMRESELCAIR_POR_LOW,SE,2031,0.004209,0.000289
TotalAnnualMaxCapacityInvestment,TECHNOLOGY,SE_DEMRESELCAIR_POR_LOW,SE,2032,0.004258,0.000288
TotalAnnualMaxCapacityInvestment,TECHNOLOGY,SE_DEMRESELCAIR_POR_LOW,SE,2033,0.00431,0.000291
TotalAnnualMaxCapacityInvestment,TECHNOLOGY,SE_DEMRESELCAIR_POR_LOW,SE,2034,0.00436,0.00029
TotalAnnualMaxCapacityInvestment,TECHNOLOGY,SE_DEMRESELCAIR_POR_MID,SE,2025,0.003908,0.000382
TotalAnnualMaxCapacityInvestment,TECHNOLOGY,SE_DEMRESELCAIR_POR_MID,SE,2026,0.003957,0.000387
TotalAnnualMaxCapacityInvestment,TECHNOLOGY,SE_DEMRESELCAIR_POR_MID,SE,2027,0.004007,0.000392
TotalAnnualMaxCapacityInvestment,TECHNOLOGY,SE_DEMRESELCAIR_POR_MID,SE,2028,0.004055,0.000396
TotalAnnualMaxCapacityInvestment,TECHNOLOGY,SE_DEMRESELCAIR_POR_MID,SE,2029,0.004106,0.000401
TotalAnnualMaxCapacityInvestment,TECHNOLOGY,SE_DEMRESELCAIR_POR_MID,SE,2030,0.004157,0.000406
TotalAnnualMaxCapacityInvestment,TECHNOLOGY,SE_DEMRESELCAIR_POR_MID,SE,2031,0.004208,0.000407
TotalAnnualMaxCapacityInvestment,TECHNOLOGY,SE_DEMRESELCAIR_POR_MID,SE,2032,0.004259,0.000412
TotalAnnualMaxCapacityInvestment,TECHNOLOGY,SE_DEMRESELCAIR_POR_MID,SE,2033,0.004311,0.000417
TotalAnnualMaxCapacityInvestment,TECHNOLOGY,SE_DEMRESELCAIR_POR_MID,SE,2034,0.004361,0.000417
TotalAnnualMaxCapacityInvestment,TECHNOLOGY,SE_DEMRESELCAIR_POR_MID,SE,2035,0.00441,0.000417
TotalAnnualMaxCapacityInvestment,TECHNOLOGY,SE_DEMRESELCAIR_POR_MID,SE,2036,0.004424,0.00041
TotalAnnualMaxCapacityInvestment,TECHNOLOGY,SE_DEMRESELCAIR_POR_MID,SE,2037,0.004473,0.000409
TotalAnnualMaxCapacityInvestment,TECHNOLOGY,SE_DEMRESELCAIR_POR_MID,SE,2038,0.004519,0.0004
TotalAnnualMaxCapacityInvestment,TECHNOLOGY,SE_DEMRESELCAIR_POR_MID,SE,2039,0.004566,0.000389
TotalAnnualMaxCapacityInvestment,TECHNOLOGY,SE_DEMRESELCAIR_SPL_HIG,SE,2025,0.003907,0.000191
TotalAnnualMaxCapacityInvestment,TECHNOLOGY,SE_DEMRESELCAIR_SPL_HIG,SE,2026,0.003957,0.000198
TotalAnnualMaxCapacityInvestment,TECHNOLOGY,SE_DEMRESELCAIR_SPL_HIG,SE,2027,0.004008,0.000208
TotalAnnualMaxCapacityInvestment,TECHNOLOGY,SE_DEMRESELCAIR_SPL_HIG,SE,2028,0.004054,0.000215
TotalAnnualMaxCapacityInvestment,TECHNOLOGY,SE_DEMRESELCAIR_SPL_HIG,SE,2029,0.004106,0.000231
TotalAnnualMaxCapacityInvestment,TECHNOLOGY,SE_DEMRESELCAIR_SPL_HIG,SE,2030,0.004156,0.000246
TotalAnnualMaxCapacityInvestment,TECHNOLOGY,SE_DEMRESELCAIR_SPL_HIG,SE,2031,0.004209,0.000271
TotalAnnualMaxCapacityInvestment,TECHNOLOGY,SE_DEMRESELCAIR_SPL_HIG,SE,2032,0.004259,0.000301
TotalAnnualMaxCapacityInvestment,TECHNOLOGY,SE_DEMRESELCAIR_SPL_HIG,SE,2033,0.00431,0.000341
TotalAnnualMaxCapacityInvestment,TECHNOLOGY,SE_DEMRESELCAIR_SPL_HIG,SE,2034,0.004361,0.000399
TotalAnnualMaxCapacityInvestment,TECHNOLOGY,SE_DEMRESELCAIR_SPL_HIG,SE,2035,0.004409,0.000472
TotalAnnualMaxCapacityInvestment,TECHNOLOGY,SE_DEMRESELCAIR_SPL_HIG,SE,2036,0.004425,0.000571
TotalAnnualMaxCapacityInvestment,TECHNOLOGY,SE_DEMRESELCAIR_SPL_HIG,SE,2037,0.004472,0.000702
TotalAnnualMaxCapacityInvestment,TECHNOLOGY,SE_DEMRESELCAIR_SPL_HIG,SE,2038,0.004519,0.000879
TotalAnnualMaxCapacityInvestment,TECHNOLOGY,SE_DEMRESELCAIR_SPL_HIG,SE,2039,0.004566,0.001111
TotalAnnualMaxCapacityInvestment,TECHNOLOGY,SE_DEMRESELCAIR_SPL_HIG,SE,2040,0.004613,0.001406
TotalAnnualMaxCapacityInvestment,TECHNOLOGY,SE_DEMRESELCAIR_SPL_HIG,SE,2041,0.004658,0.001768
TotalAnnualMaxCapacityInvestment,TECHNOLOGY,SE_DEMRESELCAIR_SPL_HIG,SE,2042,0.004703,0.002211
TotalAnnualMaxCapacityInvestment,TECHNOLOGY,SE_DEMRESELCAIR_SPL_HIG,SE,2043,0.004748,0.002721
TotalAnnualMaxCapacityInvestment,TECHNOLOGY,SE_DEMRESELCAIR_SPL_HIG,SE,2044,0.004794,0.003296
TotalAnnualMaxCapacityInvestment,TECHNOLOGY,SE_DEMRESELCAIR_SPL_HIG,SE,2045,0.004839,0.003906
TotalAnnualMaxCapacityInvestment,TECHNOLOGY,SE_DEMRESELCAIR_SPL_HIG,SE,2046,0.004885,0.004532
TotalAnnualMaxCapacityInvestment,TECHNOLOGY,SE_DEMRESELCAIR_SPL_HIG,SE,2047,0.004931,0.005134
TotalAnnualMaxCapacityInvestment,TECHNOLOGY,SE_DEMRESELCAIR_SPL_HIG,SE,2048,0.00498,0.005703
TotalAnnualMaxCapacityInvestment,TECHNOLOGY,SE_DEMRESELCAIR_SPL_HIG,SE,2049,0.005027,0.006207
TotalAnnualMaxCapacityInvestment,TECHNOLOGY,SE_DEMRESELCAIR_SPL_HIG,SE,2050,0.005079,0.006657
TotalAnnualMaxCapacityInvestment,TECHNOLOGY,SE_DEMRESELCAIR_SPL_HIG,SE,2051,0.005131,0.00704
TotalAnnualMaxCapacityInvestment,TECHNOLOGY,SE_DEMRESELCAIR_SPL_HIG,SE,2052,0.005185,0.007361
TotalAnnualMaxCapacityInvestment,TECHNOLOGY,SE_DEMRESELCAIR_SPL_HIG,SE,2053,0.00524,0.007636
TotalAnnualMaxCapacityInvestment,TECHNOLOGY,SE_DEMRESELCAIR_SPL_HIG,SE,2054,0.005297,0.007872
TotalAnnualMaxCapacityInvestment,TECHNOLOGY,SE_DEMRESELCAIR_SPL_LOW,SE,2025,0.003908,0.002423
TotalAnnualMaxCapacityInvestment,TECHNOLOGY,SE_DEMRESELCAIR_SPL_LOW,SE,2026,0.003957,0.002453
TotalAnnualMaxCapacityInvestment,TECHNOLOGY,SE_DEMRESELCAIR_SPL_LOW,SE,2027,0.004007,0.00248
TotalAnnualMaxCapacityInvestment,TECHNOLOGY,SE_DEMRESELCAIR_SPL_LOW,SE,2028,0.004055,0.002509
TotalAnnualMaxCapacityInvestment,TECHNOLOGY,SE_DEMRESELCAIR_SPL_LOW,SE,2029,0.004106,0.002537
TotalAnnualMaxCapacityInvestment,TECHNOLOGY,SE_DEMRESELCAIR_SPL_LOW,SE,2030,0.004156,0.002559
TotalAnnualMaxCapacityInvestment,TECHNOLOGY,SE_DEMRESELCAIR_SPL_LOW,SE,2031,0.004208,0.002583
TotalAnnualMaxCapacityInvestment,TECHNOLOGY,SE_DEMRESELCAIR_SPL_LOW,SE,2032,0.004259,0.002604
TotalAnnualMaxCapacityInvestment,TECHNOLOGY,SE_DEMRESELCAIR_SPL_LOW,SE,2033,0.00431,0.002618
TotalAnnualMaxCapacityInvestment,TECHNOLOGY,SE_DEMRESELCAIR_SPL_LOW,SE,2034,0.00436,0.00263
TotalAnnualMaxCapacityInvestment,TECHNOLOGY,SE_DEMRESELCAIR_SPL_LOW,SE,2035,0.004409,0.002628
TotalAnnualMaxCapacityInvestment,TECHNOLOGY,SE_DEMRESELCAIR_SPL_LOW,SE,2036,0.004425,0.0026
TotalAnnualMaxCapacityInvestment,TECHNOLOGY,SE_DEMRESELCAIR_SPL_LOW,SE,2037,0.004473,0.002573
TotalAnnualMaxCapacityInvestment,TECHNOLOGY,SE_DEMRESELCAIR_SPL_LOW,SE,2038,0.004519,0.002529
TotalAnnualMaxCapacityInvestment,TECHNOLOGY,SE_DEMRESELCAIR_SPL_LOW,SE,2039,0.004566,0.002465
TotalAnnualMaxCapacityInvestment,TECHNOLOGY,SE_DEMRESELCAIR_SPL_LOW,SE,2040,0.004613,0.002375
TotalAnnualMaxCapacityInvestment,TECHNOLOGY,SE_DEMRESELCAIR_SPL_LOW,SE,2041,0.004658,0.002253
TotalAnnualMaxCapacityInvestment,TECHNOLOGY,SE_DEMRESELCAIR_SPL_LOW,SE,2042,0.004703,0.002103
TotalAnnualMaxCapacityInvestment,TECHNOLOGY,SE_DEMRESELCAIR_SPL_LOW,SE,2043,0.004748,0.001916
TotalAnnualMaxCapacityInvestment,TECHNOLOGY,SE_DEMRESELCAIR_SPL_LOW,SE,2044,0.004794,0.00171
TotalAnnualMaxCapacityInvestment,TECHNOLOGY,SE_DEMRESELCAIR_SPL_LOW,SE,2045,0.00484,0.00149
TotalAnnualMaxCapacityInvestment,TECHNOLOGY,SE_DEMRESELCAIR_SPL_LOW,SE,2046,0.004885,0.00126
TotalAnnualMaxCapacityInvestment,TECHNOLOGY,SE_DEMRESELCAIR_SPL_LOW,SE,2047,0.004931,0.001041
TotalAnnualMaxCapacityInvestment,TECHNOLOGY,SE_DEMRESELCAIR_SPL_LOW,SE,2048,0.00498,0.000839
TotalAnnualMaxCapacityInvestment,TECHNOLOGY,SE_DEMRESELCAIR_SPL_LOW,SE,2049,0.005027,0.000659
TotalAnnualMaxCapacityInvestment,TECHNOLOGY,SE_DEMRESELCAIR_SPL_LOW,SE,2050,0.005079,0.000507
TotalAnnualMaxCapacityInvestment,TECHNOLOGY,SE_DEMRESELCAIR_SPL_LOW,SE,2051,0.005132,0.000384
TotalAnnualMaxCapacityInvestment,TECHNOLOGY,SE_DEMRESELCAIR_SPL_LOW,SE,2052,0.005185,0.000286
TotalAnnualMaxCapacityInvestment,TECHNOLOGY,SE_DEMRESELCAIR_SPL_LOW,SE,2053,0.00524,0.000207
TotalAnnualMaxCapacityInvestment,TECHNOLOGY,SE_DEMRESELCAIR_SPL_LOW,SE,2054,0.005298,0.000149
TotalAnnualMaxCapacityInvestment,TECHNOLOGY,SE_DEMRESELCAIR_SPL_MID,SE,2025,0.003908,0.003455
TotalAnnualMaxCapacityInvestment,TECHNOLOGY,SE_DEMRESELCAIR_SPL_MID,SE,2026,0.003957,0.003494
TotalAnnualMaxCapacityInvestment,TECHNOLOGY,SE_DEMRESELCAIR_SPL_MID,SE,2027,0.004007,0.003535
TotalAnnualMaxCapacityInvestment,TECHNOLOGY,SE_DEMRESELCAIR_SPL_MID,SE,2028,0.004055,0.003572
TotalAnnualMaxCapacityInvestment,TECHNOLOGY,SE_DEMRESELCAIR_SPL_MID,SE,2029,0.004106,0.003613
TotalAnnualMaxCapacityInvestment,TECHNOLOGY,SE_DEMRESELCAIR_SPL_MID,SE,2030,0.004156,0.003649
TotalAnnualMaxCapacityInvestment,TECHNOLOGY,SE_DEMRESELCAIR_SPL_MID,SE,2031,0.004208,0.003681
TotalAnnualMaxCapacityInvestment,TECHNOLOGY,SE_DEMRESELCAIR_SPL_MID,SE,2032,0.004259,0.003712
TotalAnnualMaxCapacityInvestment,TECHNOLOGY,SE_DEMRESELCAIR_SPL_MID,SE,2033,0.00431,0.003734
TotalAnnualMaxCapacityInvestment,TECHNOLOGY,SE_DEMRESELCAIR_SPL_MID,SE,2034,0.00436,0.003746
TotalAnnualMaxCapacityInvestment,TECHNOLOGY,SE_DEMRESELCAIR_SPL_MID,SE,2035,0.004409,0.003747
TotalAnnualMaxCapacityInvestment,TECHNOLOGY,SE_DEMRESELCAIR_SPL_MID,SE,2036,0.004425,0.003705
TotalAnnualMaxCapacityInvestment,TECHNOLOGY,SE_DEMRESELCAIR_SPL_MID,SE,2037,0.004473,0.00367
TotalAnnualMaxCapacityInvestment,TECHNOLOGY,SE_DEMRESELCAIR_SPL_MID,SE,2038,0.004519,0.003605
TotalAnnualMaxCapacityInvestment,TECHNOLOGY,SE_DEMRESELCAIR_SPL_MID,SE,2039,0.004566,0.003515
TotalAnnualMaxCapacityInvestment,TECHNOLOGY,SE_DEMRESELCAIR_SPL_MID,SE,2040,0.004613,0.003387
TotalAnnualMaxCapacityInvestment,TECHNOLOGY,SE_DEMRESELCAIR_SPL_MID,SE,2041,0.004658,0.003212
TotalAnnualMaxCapacityInvestment,TECHNOLOGY,SE_DEMRESELCAIR_SPL_MID,SE,2042,0.004703,0.002993
TotalAnnualMaxCapacityInvestment,TECHNOLOGY,SE_DEMRESELCAIR_SPL_MID,SE,2043,0.004748,0.002736
TotalAnnualMaxCapacityInvestment,TECHNOLOGY,SE_DEMRESELCAIR_SPL_MID,SE,2044,0.004794,0.002438
TotalAnnualMaxCapacityInvestment,TECHNOLOGY,SE_DEMRESELCAIR_SPL_MID,SE,2045,0.004839,0.002119
TotalAnnualMaxCapacityInvestment,TECHNOLOGY,SE_DEMRESELCAIR_SPL_MID,SE,2046,0.004885,0.001799
TotalAnnualMaxCapacityInvestment,TECHNOLOGY,SE_DEMRESELCAIR_SPL_MID,SE,2047,0.004931,0.001482
TotalAnnualMaxCapacityInvestment,TECHNOLOGY,SE_DEMRESELCAIR_SPL_MID,SE,2048,0.004981,0.001197
TotalAnnualMaxCapacityInvestment,TECHNOLOGY,SE_DEMRESELCAIR_SPL_MID,SE,2049,0.005028,0.000941
TotalAnnualMaxCapacityInvestment,TECHNOLOGY,SE_DEMRESELCAIR_SPL_MID,SE,2050,0.005079,0.000724
TotalAnnualMaxCapacityInvestment,TECHNOLOGY,SE_DEMRESELCAIR_SPL_MID,SE,2051,0.005132,0.00055
TotalAnnualMaxCapacityInvestment,TECHNOLOGY,SE_DEMRESELCAIR_SPL_MID,SE,2052,0.005185,0.000404
TotalAnnualMaxCapacityInvestment,TECHNOLOGY,SE_DEMRESELCAIR_SPL_MID,SE,2053,0.00524,0.000294
TotalAnnualMaxCapacityInvestment,TECHNOLOGY,SE_DEMRESELCAIR_SPL_MID,SE,2054,0.005297,0.000209
TotalAnnualMaxCapacityInvestment,TECHNOLOGY,SE_DEMRESELCCKN_HIG,SE,2025,0.007411,0.006247
TotalAnnualMaxCapacityInvestment,TECHNOLOGY,SE_DEMRESELCCKN_HIG,SE,2026,0.007489,0.006321
TotalAnnualMaxCapacityInvestment,TECHNOLOGY,SE_DEMRESELCCKN_HIG,SE,2027,0.00757,0.0064
TotalAnnualMaxCapacityInvestment,TECHNOLOGY,SE_DEMRESELCCKN_HIG,SE,2028,0.007651,0.006487
TotalAnnualMaxCapacityInvestment,TECHNOLOGY,SE_DEMRESELCCKN_HIG,SE,2029,0.007739,0.006582
TotalAnnualMaxCapacityInvestment,TECHNOLOGY,SE_DEMRESELCCKN_HIG,SE,2030,0.007833,0.006699
TotalAnnualMaxCapacityInvestment,TECHNOLOGY,SE_DEMRESELCCKN_HIG,SE,2031,0.007928,0.006822
TotalAnnualMaxCapacityInvestment,TECHNOLOGY,SE_DEMRESELCCKN_HIG,SE,2032,0.008022,0.006963
TotalAnnualMaxCapacityInvestment,TECHNOLOGY,SE_DEMRESELCCKN_HIG,SE,2033,0.005588,11176.960889
TotalAnnualMaxCapacityInvestment,TECHNOLOGY,SE_DEMRESELCCKN_HIG,SE,2034,0.005656,11311.897228
TotalAnnualMaxCapacityInvestment,TECHNOLOGY,SE_DEMRESELCCKN_HIG,SE,2035,0.005722,11444.782693
TotalAnnualMaxCapacityInvestment,TECHNOLOGY,SE_DEMRESELCCKN_HIG,SE,2036,0.005754,11507.052736
TotalAnnualMaxCapacityInvestment,TECHNOLOGY,SE_DEMRESELCCKN_HIG,SE,2037,0.005819,11637.429532
TotalAnnualMaxCapacityInvestment,TECHNOLOGY,SE_DEMRESELCCKN_HIG,SE,2038,0.005883,11765.965395
TotalAnnualMaxCapacityInvestment,TECHNOLOGY,SE_DEMRESELCCKN_HIG,SE,2039,0.005947,11894.048009
TotalAnnualMaxCapacityInvestment,TECHNOLOGY,SE_DEMRESELCCKN_HIG,SE,2040,0.006011,12021.43109
TotalAnnualMaxCapacityInvestment,TECHNOLOGY,SE_DEMRESELCCKN_HIG,SE,2041,0.006073,12145.14783
TotalAnnualMaxCapacityInvestment,TECHNOLOGY,SE_DEMRESELCCKN_HIG,SE,2042,0.006134,12267.747304
TotalAnnualMaxCapacityInvestment,TECHNOLOGY,SE_DEMRESELCCKN_HIG,SE,2043,0.006196,12392.278816
TotalAnnualMaxCapacityInvestment,TECHNOLOGY,SE_DEMRESELCCKN_HIG,SE,2044,0.006258,12516.786005
TotalAnnualMaxCapacityInvestment,TECHNOLOGY,SE_DEMRESELCCKN_HIG,SE,2045,0.006319,12638.694717
TotalAnnualMaxCapacityInvestment,TECHNOLOGY,SE_DEMRESELCCKN_HIG,SE,2046,0.006381,12762.03659
TotalAnnualMaxCapacityInvestment,TECHNOLOGY,SE_DEMRESELCCKN_HIG,SE,2047,0.006442,12884.775301
TotalAnnualMaxCapacityInvestment,TECHNOLOGY,SE_DEMRESELCCKN_HIG,SE,2048,0.006507,13013.613935
TotalAnnualMaxCapacityInvestment,TECHNOLOGY,SE_DEMRESELCCKN_HIG,SE,2049,0.006569,13137.021522
TotalAnnualMaxCapacityInvestment,TECHNOLOGY,SE_DEMRESELCCKN_HIG,SE,2050,0.006636,13272.316875
TotalAnnualMaxCapacityInvestment,TECHNOLOGY,SE_DEMRESELCCKN_HIG,SE,2051,0.006703,13406.643142
TotalAnnualMaxCapacityInvestment,TECHNOLOGY,SE_DEMRESELCCKN_HIG,SE,2052,0.006772,13543.66742
TotalAnnualMaxCapacityInvestment,TECHNOLOGY,SE_DEMRESELCCKN_HIG,SE,2053,0.006842,13683.462155
TotalAnnualMaxCapacityInvestment,TECHNOLOGY,SE_DEMRESELCCKN_HIG,SE,2054,0.006913,13826.100875
TotalAnnualMaxCapacityInvestment,TECHNOLOGY,SE_DEMRESELCCKN_LOW,SE,2025,0.007409,0.002132
TotalAnnualMaxCapacityInvestment,TECHNOLOGY,SE_DEMRESELCCKN_LOW,SE,2026,0.007487,0.002154
TotalAnnualMaxCapacityInvestment,TECHNOLOGY,SE_DEMRESELCCKN_LOW,SE,2027,0.00757,0.002178
TotalAnnualMaxCapacityInvestment,TECHNOLOGY,SE_DEMRESELCCKN_LOW,SE,2028,0.007652,0.002201
TotalAnnualMaxCapacityInvestment,TECHNOLOGY,SE_DEMRESELCCKN_LOW,SE,2029,0.007737,0.002217
TotalAnnualMaxCapacityInvestment,TECHNOLOGY,SE_DEMRESELCCKN_LOW,SE,2030,0.007833,0.002243
TotalAnnualMaxCapacityInvestment,TECHNOLOGY,SE_DEMRESELCCKN_LOW,SE,2031,0.007927,0.002261
TotalAnnualMaxCapacityInvestment,TECHNOLOGY,SE_DEMRESELCCKN_LOW,SE,2032,0.008021,0.002277
TotalAnnualMaxCapacityInvestment,TECHNOLOGY,SE_DEMRESELCCKN_LOW,SE,2033,0.005588,11176.960889
TotalAnnualMaxCapacityInvestment,TECHNOLOGY,SE_DEMRESELCCKN_LOW,SE,2034,0.005656,11311.897228
TotalAnnualMaxCapacityInvestment,TECHNOLOGY,SE_DEMRESELCCKN_LOW,SE,2035,0.005722,11444.782693
TotalAnnualMaxCapacityInvestment,TECHNOLOGY,SE_DEMRESELCCKN_LOW,SE,2036,0.005754,11507.052736
TotalAnnualMaxCapacityInvestment,TECHNOLOGY,SE_DEMRESELCCKN_LOW,SE,2037,0.005819,11637.429532
TotalAnnualMaxCapacityInvestment,TECHNOLOGY,SE_DEMRESELCCKN_LOW,SE,2038,0.005883,11765.965395
TotalAnnualMaxCapacityInvestment,TECHNOLOGY,SE_DEMRESELCCKN_LOW,SE,2039,0.005947,11894.048009
TotalAnnualMaxCapacityInvestment,TECHNOLOGY,SE_DEMRESELCCKN_LOW,SE,2040,0.006011,12021.43109
TotalAnnualMaxCapacityInvestment,TECHNOLOGY,SE_DEMRESELCCKN_LOW,SE,2041,0.006073,12145.14783
TotalAnnualMaxCapacityInvestment,TECHNOLOGY,SE_DEMRESELCCKN_LOW,SE,2042,0.006134,12267.747304
TotalAnnualMaxCapacityInvestment,TECHNOLOGY,SE_DEMRESELCCKN_LOW,SE,2043,0.006196,12392.278816
TotalAnnualMaxCapacityInvestment,TECHNOLOGY,SE_DEMRESELCCKN_LOW,SE,2044,0.006258,12516.786005
TotalAnnualMaxCapacityInvestment,TECHNOLOGY,SE_DEMRESELCCKN_LOW,SE,2045,0.006319,12638.694717
TotalAnnualMaxCapacityInvestment,TECHNOLOGY,SE_DEMRESELCCKN_LOW,SE,2046,0.006381,12762.03659
TotalAnnualMaxCapacityInvestment,TECHNOLOGY,SE_DEMRESELCCKN_LOW,SE,2047,0.006442,12884.775301
TotalAnnualMaxCapacityInvestment,TECHNOLOGY,SE_DEMRESELCCKN_LOW,SE,2048,0.006507,13013.613935
TotalAnnualMaxCapacityInvestment,TECHNOLOGY,SE_DEMRESELCCKN_LOW,SE,2049,0.006569,13137.021522
TotalAnnualMaxCapacityInvestment,TECHNOLOGY,SE_DEMRESELCCKN_LOW,SE,2050,0.006636,13272.316875
TotalAnnualMaxCapacityInvestment,TECHNOLOGY,SE_DEMRESELCCKN_LOW,SE,2051,0.006703,13406.643142
TotalAnnualMaxCapacityInvestment,TECHNOLOGY,SE_DEMRESELCCKN_LOW,SE,2052,0.006772,13543.66742
TotalAnnualMaxCapacityInvestment,TECHNOLOGY,SE_DEMRESELCCKN_LOW,SE,2053,0.006842,13683.462155
TotalAnnualMaxCapacityInvestment,TECHNOLOGY,SE_DEMRESELCCKN_LOW,SE,2054,0.006913,13826.100875
TotalAnnualMaxCapacityInvestment,TECHNOLOGY,SE_DEMRESELCCKN_MID,SE,2025,0.007412,0.011069
TotalAnnualMaxCapacityInvestment,TECHNOLOGY,SE_DEMRESELCCKN_MID,SE,2026,0.007489,0.011175
TotalAnnualMaxCapacityInvestment,TECHNOLOGY,SE_DEMRESELCCKN_MID,SE,2027,0.007571,0.011288
TotalAnnualMaxCapacityInvestment,TECHNOLOGY,SE_DEMRESELCCKN_MID,SE,2028,0.007651,0.011397
TotalAnnualMaxCapacityInvestment,TECHNOLOGY,SE_DEMRESELCCKN_MID,SE,2029,0.00774,0.011511
TotalAnnualMaxCapacityInvestment,TECHNOLOGY,SE_DEMRESELCCKN_MID,SE,2030,0.007832,0.011618
TotalAnnualMaxCapacityInvestment,TECHNOLOGY,SE_DEMRESELCCKN_MID,SE,2031,0.007928,0.011721
TotalAnnualMaxCapacityInvestment,TECHNOLOGY,SE_DEMRESELCCKN_MID,SE,2032,0.008022,0.01181
TotalAnnualMaxCapacityInvestment,TECHNOLOGY,SE_DEMRESELCCKN_MID,SE,2033,0.005588,11176.960889
TotalAnnualMaxCapacityInvestment,TECHNOLOGY,SE_DEMRESELCCKN_MID,SE,2034,0.005656,11311.897228
TotalAnnualMaxCapacityInvestment,TECHNOLOGY,SE_DEMRESELCCKN_MID,SE,2035,0.005722,11444.782693
TotalAnnualMaxCapacityInvestment,TECHNOLOGY,SE_DEMRESELCCKN_MID,SE,2036,0.005754,11507.052736
TotalAnnualMaxCapacityInvestment,TECHNOLOGY,SE_DEMRESELCCKN_MID,SE,2037,0.005819,11637.429532
TotalAnnualMaxCapacityInvestment,TECHNOLOGY,SE_DEMRESELCCKN_MID,SE,2038,0.005883,11765.965395
TotalAnnualMaxCapacityInvestment,TECHNOLOGY,SE_DEMRESELCCKN_MID,SE,2039,0.005947,11894.048009
TotalAnnualMaxCapacityInvestment,TECHNOLOGY,SE_DEMRESELCCKN_MID,SE,2040,0.006011,12021.43109
TotalAnnualMaxCapacityInvestment,TECHNOLOGY,SE_DEMRESELCCKN_MID,SE,2041,0.006073,12145.14783
TotalAnnualMaxCapacityInvestment,TECHNOLOGY,SE_DEMRESELCCKN_MID,SE,2042,0.006134,12267.747304
TotalAnnualMaxCapacityInvestment,TECHNOLOGY,SE_DEMRESELCCKN_MID,SE,2043,0.006196,12392.278816
TotalAnnualMaxCapacityInvestment,TECHNOLOGY,SE_DEMRESELCCKN_MID,SE,2044,0.006258,12516.786005
TotalAnnualMaxCapacityInvestment,TECHNOLOGY,SE_DEMRESELCCKN_MID,SE,2045,0.006319,12638.694717
TotalAnnualMaxCapacityInvestment,TECHNOLOGY,SE_DEMRESELCCKN_MID,SE,2046,0.006381,12762.03659
TotalAnnualMaxCapacityInvestment,TECHNOLOGY,SE_DEMRESELCCKN_MID,SE,2047,0.006442,12884.775301
TotalAnnualMaxCapacityInvestment,TECHNOLOGY,SE_DEMRESELCCKN_MID,SE,2048,0.006507,13013.613935
TotalAnnualMaxCapacityInvestment,TECHNOLOGY,SE_DEMRESELCCKN_MID,SE,2049,0.006569,13137.021522
TotalAnnualMaxCapacityInvestment,TECHNOLOGY,SE_DEMRESELCCKN_MID,SE,2050,0.006636,13272.316875
TotalAnnualMaxCapacityInvestment,TECHNOLOGY,SE_DEMRESELCCKN_MID,SE,2051,0.006703,13406.643142
TotalAnnualMaxCapacityInvestment,TECHNOLOGY,SE_DEMRESELCCKN_MID,SE,2052,0.006772,13543.66742
TotalAnnualMaxCapacityInvestment,TECHNOLOGY,SE_DEMRESELCCKN_MID,SE,2053,0.006842,13683.462155
TotalAnnualMaxCapacityInvestment,TECHNOLOGY,SE_DEMRESELCCKN_MID,SE,2054,0.006913,13826.100875
TotalAnnualMaxCapacityInvestment,TECHNOLOGY,SE_DEMRESELCFAN_HIG,SE,2025,0.006996,8e-06
TotalAnnualMaxCapacityInvestment,TECHNOLOGY,SE_DEMRESELCFAN_HIG,SE,2026,0.007745,9e-06
TotalAnnualMaxCapacityInvestment,TECHNOLOGY,SE_DEMRESELCFAN_HIG,SE,2027,0.008669,1.1e-05
TotalAnnualMaxCapacityInvestment,TECHNOLOGY,SE_DEMRESELCFAN_HIG,SE,2028,0.007808,1.9e-05
TotalAnnualMaxCapacityInvestment,TECHNOLOGY,SE_DEMRESELCFAN_HIG,SE,2029,0.008727,2.2e-05
TotalAnnualMaxCapacityInvestment,TECHNOLOGY,SE_DEMRESELCFAN_HIG,SE,2030,0.008597,3.2e-05
TotalAnnualMaxCapacityInvestment,TECHNOLOGY,SE_DEMRESELCFAN_HIG,SE,2031,0.008798,4.4e-05
TotalAnnualMaxCapacityInvestment,TECHNOLOGY,SE_DEMRESELCFAN_HIG,SE,2032,0.008668,6.4e-05
TotalAnnualMaxCapacityInvestment,TECHNOLOGY,SE_DEMRESELCFAN_HIG,SE,2033,0.00886,8.8e-05
TotalAnnualMaxCapacityInvestment,TECHNOLOGY,SE_DEMRESELCFAN_HIG,SE,2034,0.008962,0.000122
TotalAnnualMaxCapacityInvestment,TECHNOLOGY,SE_DEMRESELCFAN_HIG,SE,2035,0.009079,0.000169
TotalAnnualMaxCapacityInvestment,TECHNOLOGY,SE_DEMRESELCFAN_HIG,SE,2036,0.009095,0.000235
TotalAnnualMaxCapacityInvestment,TECHNOLOGY,SE_DEMRESELCFAN_HIG,SE,2037,0.009247,0.00032
TotalAnnualMaxCapacityInvestment,TECHNOLOGY,SE_DEMRESELCFAN_HIG,SE,2038,0.009325,0.000436
TotalAnnualMaxCapacityInvestment,TECHNOLOGY,SE_DEMRESELCFAN_HIG,SE,2039,0.009467,0.000584
TotalAnnualMaxCapacityInvestment,TECHNOLOGY,SE_DEMRESELCFAN_HIG,SE,2040,0.00961,0.000771
TotalAnnualMaxCapacityInvestment,TECHNOLOGY,SE_DEMRESELCFAN_HIG,SE,2041,0.009725,0.001009
TotalAnnualMaxCapacityInvestment,TECHNOLOGY,SE_DEMRESELCFAN_HIG,SE,2042,0.009829,0.001298
TotalAnnualMaxCapacityInvestment,TECHNOLOGY,SE_DEMRESELCFAN_HIG,SE,2043,0.009921,0.001639
TotalAnnualMaxCapacityInvestment,TECHNOLOGY,SE_DEMRESELCFAN_HIG,SE,2044,0.010031,0.002016
TotalAnnualMaxCapacityInvestment,TECHNOLOGY,SE_DEMRESELCFAN_HIG,SE,2045,0.010146,0.002415
TotalAnnualMaxCapacityInvestment,TECHNOLOGY,SE_DEMRESELCFAN_HIG,SE,2046,0.010258,0.002823
TotalAnnualMaxCapacityInvestment,TECHNOLOGY,SE_DEMRESELCFAN_HIG,SE,2047,0.01036,0.003221
TotalAnnualMaxCapacityInvestment,TECHNOLOGY,SE_DEMRESELCFAN_HIG,SE,2048,0.010453,0.003596
TotalAnnualMaxCapacityInvestment,TECHNOLOGY,SE_DEMRESELCFAN_HIG,SE,2049,0.010562,0.003923
TotalAnnualMaxCapacityInvestment,TECHNOLOGY,SE_DEMRESELCFAN_HIG,SE,2050,0.010661,0.00422
TotalAnnualMaxCapacityInvestment,TECHNOLOGY,SE_DEMRESELCFAN_HIG,SE,2051,0.010772,0.004465
TotalAnnualMaxCapacityInvestment,TECHNOLOGY,SE_DEMRESELCFAN_HIG,SE,2052,0.010881,0.004671
TotalAnnualMaxCapacityInvestment,TECHNOLOGY,SE_DEMRESELCFAN_HIG,SE,2053,0.010982,0.004849
TotalAnnualMaxCapacityInvestment,TECHNOLOGY,SE_DEMRESELCFAN_HIG,SE,2054,0.011091,0.004994
TotalAnnualMaxCapacityInvestment,TECHNOLOGY,SE_DEMRESELCFAN_LOW,SE,2025,0.007853,0.001869
TotalAnnualMaxCapacityInvestment,TECHNOLOGY,SE_DEMRESELCFAN_LOW,SE,2026,0.007963,0.001887
TotalAnnualMaxCapacityInvestment,TECHNOLOGY,SE_DEMRESELCFAN_LOW,SE,2027,0.008065,0.001911
TotalAnnualMaxCapacityInvestment,TECHNOLOGY,SE_DEMRESELCFAN_LOW,SE,2028,0.008165,0.001934
TotalAnnualMaxCapacityInvestment,TECHNOLOGY,SE_DEMRESELCFAN_LOW,SE,2029,0.008271,0.001958
TotalAnnualMaxCapacityInvestment,TECHNOLOGY,SE_DEMRESELCFAN_LOW,SE,2030,0.008393,0.001978
TotalAnnualMaxCapacityInvestment,TECHNOLOGY,SE_DEMRESELCFAN_LOW,SE,2031,0.008505,0.002003
TotalAnnualMaxCapacityInvestment,TECHNOLOGY,SE_DEMRESELCFAN_LOW,SE,2032,0.008629,0.002022
TotalAnnualMaxCapacityInvestment,TECHNOLOGY,SE_DEMRESELCFAN_LOW,SE,2033,0.008751,0.00204
TotalAnnualMaxCapacityInvestment,TECHNOLOGY,SE_DEMRESELCFAN_LOW,SE,2034,0.008883,0.00205
TotalAnnualMaxCapacityInvestment,TECHNOLOGY,SE_DEMRESELCFAN_LOW,SE,2035,0.009006,0.002056
TotalAnnualMaxCapacityInvestment,TECHNOLOGY,SE_DEMRESELCFAN_LOW,SE,2036,0.009106,0.002055
TotalAnnualMaxCapacityInvestment,TECHNOLOGY,SE_DEMRESELCFAN_LOW,SE,2037,0.009234,0.002039
TotalAnnualMaxCapacityInvestment,TECHNOLOGY,SE_DEMRESELCFAN_LOW,SE,2038,0.009359,0.002009
TotalAnnualMaxCapacityInvestment,TECHNOLOGY,SE_DEMRESELCFAN_LOW,SE,2039,0.009476,0.001964
TotalAnnualMaxCapacityInvestment,TECHNOLOGY,SE_DEMRESELCFAN_LOW,SE,2040,0.009598,0.001895
TotalAnnualMaxCapacityInvestment,TECHNOLOGY,SE_DEMRESELCFAN_LOW,SE,2041,0.009701,0.001806
TotalAnnualMaxCapacityInvestment,TECHNOLOGY,SE_DEMRESELCFAN_LOW,SE,2042,0.009827,0.001686
TotalAnnualMaxCapacityInvestment,TECHNOLOGY,SE_DEMRESELCFAN_LOW,SE,2043,0.009936,0.001545
TotalAnnualMaxCapacityInvestment,TECHNOLOGY,SE_DEMRESELCFAN_LOW,SE,2044,0.010032,0.001385
TotalAnnualMaxCapacityInvestment,TECHNOLOGY,SE_DEMRESELCFAN_LOW,SE,2045,0.010164,0.001205
TotalAnnualMaxCapacityInvestment,TECHNOLOGY,SE_DEMRESELCFAN_LOW,SE,2046,0.010263,0.001026
TotalAnnualMaxCapacityInvestment,TECHNOLOGY,SE_DEMRESELCFAN_LOW,SE,2047,0.010345,0.000854
TotalAnnualMaxCapacityInvestment,TECHNOLOGY,SE_DEMRESELCFAN_LOW,SE,2048,0.010436,0.000694
TotalAnnualMaxCapacityInvestment,TECHNOLOGY,SE_DEMRESELCFAN_LOW,SE,2049,0.010577,0.000549
TotalAnnualMaxCapacityInvestment,TECHNOLOGY,SE_DEMRESELCFAN_LOW,SE,2050,0.010633,0.000432
TotalAnnualMaxCapacityInvestment,TECHNOLOGY,SE_DEMRESELCFAN_LOW,SE,2051,0.010762,0.000332
TotalAnnualMaxCapacityInvestment,TECHNOLOGY,SE_DEMRESELCFAN_LOW,SE,2052,0.01084,0.000254
TotalAnnualMaxCapacityInvestment,TECHNOLOGY,SE_DEMRESELCFAN_LOW,SE,2053,0.010997,0.00019
TotalAnnualMaxCapacityInvestment,TECHNOLOGY,SE_DEMRESELCFAN_LOW,SE,2054,0.011245,0.00014
TotalAnnualMaxCapacityInvestment,TECHNOLOGY,SE_DEMRESELCFAN_MID,SE,2025,0.007864,0.001863
TotalAnnualMaxCapacityInvestment,TECHNOLOGY,SE_DEMRESELCFAN_MID,SE,2026,0.007961,0.001886
TotalAnnualMaxCapacityInvestment,TECHNOLOGY,SE_DEMRESELCFAN_MID,SE,2027,0.008062,0.00191
TotalAnnualMaxCapacityInvestment,TECHNOLOGY,SE_DEMRESELCFAN_MID,SE,2028,0.008161,0.001932
TotalAnnualMaxCapacityInvestment,TECHNOLOGY,SE_DEMRESELCFAN_MID,SE,2029,0.008278,0.001951
TotalAnnualMaxCapacityInvestment,TECHNOLOGY,SE_DEMRESELCFAN_MID,SE,2030,0.008385,0.001975
TotalAnnualMaxCapacityInvestment,TECHNOLOGY,SE_DEMRESELCFAN_MID,SE,2031,0.008508,0.001994
TotalAnnualMaxCapacityInvestment,TECHNOLOGY,SE_DEMRESELCFAN_MID,SE,2032,0.008627,0.002011
TotalAnnualMaxCapacityInvestment,TECHNOLOGY,SE_DEMRESELCFAN_MID,SE,2033,0.008758,0.002021
TotalAnnualMaxCapacityInvestment,TECHNOLOGY,SE_DEMRESELCFAN_MID,SE,2034,0.008882,0.002027
TotalAnnualMaxCapacityInvestment,TECHNOLOGY,SE_DEMRESELCFAN_MID,SE,2035,0.008995,0.002029
TotalAnnualMaxCapacityInvestment,TECHNOLOGY,SE_DEMRESELCFAN_MID,SE,2036,0.009112,0.002012
TotalAnnualMaxCapacityInvestment,TECHNOLOGY,SE_DEMRESELCFAN_MID,SE,2037,0.009238,0.001983
TotalAnnualMaxCapacityInvestment,TECHNOLOGY,SE_DEMRESELCFAN_MID,SE,2038,0.009357,0.001939
TotalAnnualMaxCapacityInvestment,TECHNOLOGY,SE_DEMRESELCFAN_MID,SE,2039,0.00948,0.001872
TotalAnnualMaxCapacityInvestment,TECHNOLOGY,SE_DEMRESELCFAN_MID,SE,2040,0.009587,0.001785
TotalAnnualMaxCapacityInvestment,TECHNOLOGY,SE_DEMRESELCFAN_MID,SE,2041,0.009713,0.001666
TotalAnnualMaxCapacityInvestment,TECHNOLOGY,SE_DEMRESELCFAN_MID,SE,2042,0.009824,0.001527
TotalAnnualMaxCapacityInvestment,TECHNOLOGY,SE_DEMRESELCFAN_MID,SE,2043,0.009922,0.00137
TotalAnnualMaxCapacityInvestment,TECHNOLOGY,SE_DEMRESELCFAN_MID,SE,2044,0.010057,0.001192
TotalAnnualMaxCapacityInvestment,TECHNOLOGY,SE_DEMRESELCFAN_MID,SE,2045,0.010158,0.001016
TotalAnnualMaxCapacityInvestment,TECHNOLOGY,SE_DEMRESELCFAN_MID,SE,2046,0.010242,0.000846
TotalAnnualMaxCapacityInvestment,TECHNOLOGY,SE_DEMRESELCFAN_MID,SE,2047,0.010334,0.000688
TotalAnnualMaxCapacityInvestment,TECHNOLOGY,SE_DEMRESELCFAN_MID,SE,2048,0.010477,0.000543
TotalAnnualMaxCapacityInvestment,TECHNOLOGY,SE_DEMRESELCFAN_MID,SE,2049,0.010524,0.000428
TotalAnnualMaxCapacityInvestment,TECHNOLOGY,SE_DEMRESELCFAN_MID,SE,2050,0.010657,0.000328
TotalAnnualMaxCapacityInvestment,TECHNOLOGY,SE_DEMRESELCFAN_MID,SE,2051,0.010735,0.000251
TotalAnnualMaxCapacityInvestment,TECHNOLOGY,SE_DEMRESELCFAN_MID,SE,2052,0.010891,0.000188
TotalAnnualMaxCapacityInvestment,TECHNOLOGY,SE_DEMRESELCFAN_MID,SE,2053,0.011137,0.000138
TotalAnnualMaxCapacityInvestment,TECHNOLOGY,SE_DEMRESELCOTH_HIG,SE,2025,0.002385,0.010626
TotalAnnualMaxCapacityInvestment,TECHNOLOGY,SE_DEMRESELCOTH_HIG,SE,2026,0.00242,0.010798
TotalAnnualMaxCapacityInvestment,TECHNOLOGY,SE_DEMRESELCOTH_HIG,SE,2027,0.002455,0.010988
TotalAnnualMaxCapacityInvestment,TECHNOLOGY,SE_DEMRESELCOTH_HIG,SE,2028,0.002492,0.011192
TotalAnnualMaxCapacityInvestment,TECHNOLOGY,SE_DEMRESELCOTH_HIG,SE,2029,0.00253,0.011421
TotalAnnualMaxCapacityInvestment,TECHNOLOGY,SE_DEMRESELCOTH_HIG,SE,2030,0.00257,0.011685
TotalAnnualMaxCapacityInvestment,TECHNOLOGY,SE_DEMRESELCOTH_HIG,SE,2031,0.002613,0.011991
TotalAnnualMaxCapacityInvestment,TECHNOLOGY,SE_DEMRESELCOTH_HIG,SE,2032,0.002963,0.014199
TotalAnnualMaxCapacityInvestment,TECHNOLOGY,SE_DEMRESELCOTH_HIG,SE,2033,0.00301,0.014663
TotalAnnualMaxCapacityInvestment,TECHNOLOGY,SE_DEMRESELCOTH_HIG,SE,2034,0.003055,0.015219
TotalAnnualMaxCapacityInvestment,TECHNOLOGY,SE_DEMRESELCOTH_HIG,SE,2035,0.003099,0.015891
TotalAnnualMaxCapacityInvestment,TECHNOLOGY,SE_DEMRESELCOTH_HIG,SE,2036,0.003147,0.016758
TotalAnnualMaxCapacityInvestment,TECHNOLOGY,SE_DEMRESELCOTH_HIG,SE,2037,0.003184,0.017793
TotalAnnualMaxCapacityInvestment,TECHNOLOGY,SE_DEMRESELCOTH_HIG,SE,2038,0.003219,0.019094
TotalAnnualMaxCapacityInvestment,TECHNOLOGY,SE_DEMRESELCOTH_HIG,SE,2039,0.003251,0.020721
TotalAnnualMaxCapacityInvestment,TECHNOLOGY,SE_DEMRESELCOTH_HIG,SE,2040,0.00328,0.022747
TotalAnnualMaxCapacityInvestment,TECHNOLOGY,SE_DEMRESELCOTH_HIG,SE,2041,0.003308,0.025218
TotalAnnualMaxCapacityInvestment,TECHNOLOGY,SE_DEMRESELCOTH_HIG,SE,2042,0.003334,0.028177
TotalAnnualMaxCapacityInvestment,TECHNOLOGY,SE_DEMRESELCOTH_HIG,SE,2043,0.003361,0.031595
TotalAnnualMaxCapacityInvestment,TECHNOLOGY,SE_DEMRESELCOTH_HIG,SE,2044,0.003388,0.035397
TotalAnnualMaxCapacityInvestment,TECHNOLOGY,SE_DEMRESELCOTH_HIG,SE,2045,0.003417,0.039451
TotalAnnualMaxCapacityInvestment,TECHNOLOGY,SE_DEMRESELCOTH_HIG,SE,2046,0.003447,0.04359
TotalAnnualMaxCapacityInvestment,TECHNOLOGY,SE_DEMRESELCOTH_HIG,SE,2047,0.003478,0.047621
TotalAnnualMaxCapacityInvestment,TECHNOLOGY,SE_DEMRESELCOTH_HIG,SE,2048,0.00351,0.051387
TotalAnnualMaxCapacityInvestment,TECHNOLOGY,SE_DEMRESELCOTH_HIG,SE,2049,0.003542,0.054785
TotalAnnualMaxCapacityInvestment,TECHNOLOGY,SE_DEMRESELCOTH_HIG,SE,2050,0.003579,0.057834
TotalAnnualMaxCapacityInvestment,TECHNOLOGY,SE_DEMRESELCOTH_HIG,SE,2051,0.003616,0.060442
TotalAnnualMaxCapacityInvestment,TECHNOLOGY,SE_DEMRESELCOTH_HIG,SE,2052,0.003652,0.062667
TotalAnnualMaxCapacityInvestment,TECHNOLOGY,SE_DEMRESELCOTH_HIG,SE,2053,0.003688,0.064561
TotalAnnualMaxCapacityInvestment,TECHNOLOGY,SE_DEMRESELCOTH_HIG,SE,2054,0.003725,0.066177
TotalAnnualMaxCapacityInvestment,TECHNOLOGY,SE_DEMRESELCOTH_LOW,SE,2025,0.001531,0.011953
TotalAnnualMaxCapacityInvestment,TECHNOLOGY,SE_DEMRESELCOTH_LOW,SE,2026,0.001554,0.012125
TotalAnnualMaxCapacityInvestment,TECHNOLOGY,SE_DEMRESELCOTH_LOW,SE,2027,0.001578,0.012305
TotalAnnualMaxCapacityInvestment,TECHNOLOGY,SE_DEMRESELCOTH_LOW,SE,2028,0.001603,0.012486
TotalAnnualMaxCapacityInvestment,TECHNOLOGY,SE_DEMRESELCOTH_LOW,SE,2029,0.00163,0.012667
TotalAnnualMaxCapacityInvestment,TECHNOLOGY,SE_DEMRESELCOTH_LOW,SE,2030,0.001658,0.012855
TotalAnnualMaxCapacityInvestment,TECHNOLOGY,SE_DEMRESELCOTH_LOW,SE,2031,0.001687,0.013046
TotalAnnualMaxCapacityInvestment,TECHNOLOGY,SE_DEMRESELCOTH_LOW,SE,2032,0.001718,0.013227
TotalAnnualMaxCapacityInvestment,TECHNOLOGY,SE_DEMRESELCOTH_LOW,SE,2033,0.001749,0.013387
TotalAnnualMaxCapacityInvestment,TECHNOLOGY,SE_DEMRESELCOTH_LOW,SE,2034,0.001781,0.01352
TotalAnnualMaxCapacityInvestment,TECHNOLOGY,SE_DEMRESELCOTH_LOW,SE,2035,0.001813,0.013615
TotalAnnualMaxCapacityInvestment,TECHNOLOGY,SE_DEMRESELCOTH_LOW,SE,2036,0.001852,0.013699
TotalAnnualMaxCapacityInvestment,TECHNOLOGY,SE_DEMRESELCOTH_LOW,SE,2037,0.001883,0.013656
TotalAnnualMaxCapacityInvestment,TECHNOLOGY,SE_DEMRESELCOTH_LOW,SE,2038,0.001915,0.013515
TotalAnnualMaxCapacityInvestment,TECHNOLOGY,SE_DEMRESELCOTH_LOW,SE,2039,0.001946,0.013248
TotalAnnualMaxCapacityInvestment,TECHNOLOGY,SE_DEMRESELCOTH_LOW,SE,2040,0.001976,0.012831
TotalAnnualMaxCapacityInvestment,TECHNOLOGY,SE_DEMRESELCOTH_LOW,SE,2041,0.002006,0.01224
TotalAnnualMaxCapacityInvestment,TECHNOLOGY,SE_DEMRESELCOTH_LOW,SE,2042,0.002035,0.011471
TotalAnnualMaxCapacityInvestment,TECHNOLOGY,SE_DEMRESELCOTH_LOW,SE,2043,0.002063,0.010525
TotalAnnualMaxCapacityInvestment,TECHNOLOGY,SE_DEMRESELCOTH_LOW,SE,2044,0.002089,0.009427
TotalAnnualMaxCapacityInvestment,TECHNOLOGY,SE_DEMRESELCOTH_LOW,SE,2045,0.002113,0.00823
TotalAnnualMaxCapacityInvestment,TECHNOLOGY,SE_DEMRESELCOTH_LOW,SE,2046,0.002136,0.006995
TotalAnnualMaxCapacityInvestment,TECHNOLOGY,SE_DEMRESELCOTH_LOW,SE,2047,0.002155,0.00579
TotalAnnualMaxCapacityInvestment,TECHNOLOGY,SE_DEMRESELCOTH_LOW,SE,2048,0.00217,0.004673
TotalAnnualMaxCapacityInvestment,TECHNOLOGY,SE_DEMRESELCOTH_LOW,SE,2049,0.002184,0.003684
TotalAnnualMaxCapacityInvestment,TECHNOLOGY,SE_DEMRESELCOTH_LOW,SE,2050,0.002194,0.002847
TotalAnnualMaxCapacityInvestment,TECHNOLOGY,SE_DEMRESELCOTH_LOW,SE,2051,0.002195,0.002156
TotalAnnualMaxCapacityInvestment,TECHNOLOGY,SE_DEMRESELCOTH_LOW,SE,2052,0.002188,0.001601
TotalAnnualMaxCapacityInvestment,TECHNOLOGY,SE_DEMRESELCOTH_LOW,SE,2053,0.002163,0.001166
TotalAnnualMaxCapacityInvestment,TECHNOLOGY,SE_DEMRESELCOTH_LOW,SE,2054,0.00211,0.00083
TotalAnnualMaxCapacityInvestment,TECHNOLOGY,SE_DEMRESELCOTH_MID,SE,2025,0.003377,0.020356
TotalAnnualMaxCapacityInvestment,TECHNOLOGY,SE_DEMRESELCOTH_MID,SE,2026,0.003429,0.020656
TotalAnnualMaxCapacityInvestment,TECHNOLOGY,SE_DEMRESELCOTH_MID,SE,2027,0.003485,0.02097
TotalAnnualMaxCapacityInvestment,TECHNOLOGY,SE_DEMRESELCOTH_MID,SE,2028,0.003541,0.021288
TotalAnnualMaxCapacityInvestment,TECHNOLOGY,SE_DEMRESELCOTH_MID,SE,2029,0.003601,0.021609
TotalAnnualMaxCapacityInvestment,TECHNOLOGY,SE_DEMRESELCOTH_MID,SE,2030,0.003664,0.021938
TotalAnnualMaxCapacityInvestment,TECHNOLOGY,SE_DEMRESELCOTH_MID,SE,2031,0.003732,0.022274
TotalAnnualMaxCapacityInvestment,TECHNOLOGY,SE_DEMRESELCOTH_MID,SE,2032,0.003801,0.022592
TotalAnnualMaxCapacityInvestment,TECHNOLOGY,SE_DEMRESELCOTH_MID,SE,2033,0.003871,0.022873
TotalAnnualMaxCapacityInvestment,TECHNOLOGY,SE_DEMRESELCOTH_MID,SE,2034,0.003945,0.023115
TotalAnnualMaxCapacityInvestment,TECHNOLOGY,SE_DEMRESELCOTH_MID,SE,2035,0.004018,0.023285
TotalAnnualMaxCapacityInvestment,TECHNOLOGY,SE_DEMRESELCOTH_MID,SE,2036,0.004109,0.023456
TotalAnnualMaxCapacityInvestment,TECHNOLOGY,SE_DEMRESELCOTH_MID,SE,2037,0.00418,0.023393
TotalAnnualMaxCapacityInvestment,TECHNOLOGY,SE_DEMRESELCOTH_MID,SE,2038,0.004253,0.023159
TotalAnnualMaxCapacityInvestment,TECHNOLOGY,SE_DEMRESELCOTH_MID,SE,2039,0.004325,0.02271
TotalAnnualMaxCapacityInvestment,TECHNOLOGY,SE_DEMRESELCOTH_MID,SE,2040,0.004395,0.022005
TotalAnnualMaxCapacityInvestment,TECHNOLOGY,SE_DEMRESELCOTH_MID,SE,2041,0.004464,0.021002
TotalAnnualMaxCapacityInvestment,TECHNOLOGY,SE_DEMRESELCOTH_MID,SE,2042,0.004532,0.01969
TotalAnnualMaxCapacityInvestment,TECHNOLOGY,SE_DEMRESELCOTH_MID,SE,2043,0.004598,0.018069
TotalAnnualMaxCapacityInvestment,TECHNOLOGY,SE_DEMRESELCOTH_MID,SE,2044,0.004661,0.016192
TotalAnnualMaxCapacityInvestment,TECHNOLOGY,SE_DEMRESELCOTH_MID,SE,2045,0.004724,0.014138
TotalAnnualMaxCapacityInvestment,TECHNOLOGY,SE_DEMRESELCOTH_MID,SE,2046,0.004786,0.012019
TotalAnnualMaxCapacityInvestment,TECHNOLOGY,SE_DEMRESELCOTH_MID,SE,2047,0.004843,0.009954
TotalAnnualMaxCapacityInvestment,TECHNOLOGY,SE_DEMRESELCOTH_MID,SE,2048,0.004896,0.008035
TotalAnnualMaxCapacityInvestment,TECHNOLOGY,SE_DEMRESELCOTH_MID,SE,2049,0.004952,0.006338
TotalAnnualMaxCapacityInvestment,TECHNOLOGY,SE_DEMRESELCOTH_MID,SE,2050,0.005012,0.0049
TotalAnnualMaxCapacityInvestment,TECHNOLOGY,SE_DEMRESELCOTH_MID,SE,2051,0.005064,0.003714
TotalAnnualMaxCapacityInvestment,TECHNOLOGY,SE_DEMRESELCOTH_MID,SE,2052,0.005109,0.002762
TotalAnnualMaxCapacityInvestment,TECHNOLOGY,SE_DEMRESELCOTH_MID,SE,2053,0.005166,0.002013
TotalAnnualMaxCapacityInvestment,TECHNOLOGY,SE_DEMRESELCOTH_MID,SE,2054,0.005212,0.001436
TotalAnnualMaxCapacityInvestment,TECHNOLOGY,SE_DEMRESELCREF_HIG,SE,2025,0.002714,0.004452
TotalAnnualMaxCapacityInvestment,TECHNOLOGY,SE_DEMRESELCREF_HIG,SE,2026,0.002745,0.004507
TotalAnnualMaxCapacityInvestment,TECHNOLOGY,SE_DEMRESELCREF_HIG,SE,2027,0.002779,0.004562
TotalAnnualMaxCapacityInvestment,TECHNOLOGY,SE_DEMRESELCREF_HIG,SE,2028,0.002812,0.004619
TotalAnnualMaxCapacityInvestment,TECHNOLOGY,SE_DEMRESELCREF_HIG,SE,2029,0.002848,0.004678
TotalAnnualMaxCapacityInvestment,TECHNOLOGY,SE_DEMRESELCREF_HIG,SE,2030,0.002885,0.004742
TotalAnnualMaxCapacityInvestment,TECHNOLOGY,SE_DEMRESELCREF_HIG,SE,2031,0.002924,0.004812
TotalAnnualMaxCapacityInvestment,TECHNOLOGY,SE_DEMRESELCREF_HIG,SE,2032,0.002963,0.004879
TotalAnnualMaxCapacityInvestment,TECHNOLOGY,SE_DEMRESELCREF_HIG,SE,2033,0.003002,0.004952
TotalAnnualMaxCapacityInvestment,TECHNOLOGY,SE_DEMRESELCREF_HIG,SE,2034,0.00304,0.005026
TotalAnnualMaxCapacityInvestment,TECHNOLOGY,SE_DEMRESELCREF_HIG,SE,2035,0.003078,0.005104
TotalAnnualMaxCapacityInvestment,TECHNOLOGY,SE_DEMRESELCREF_HIG,SE,2036,0.003097,0.005155
TotalAnnualMaxCapacityInvestment,TECHNOLOGY,SE_DEMRESELCREF_HIG,SE,2037,0.003135,0.00524
TotalAnnualMaxCapacityInvestment,TECHNOLOGY,SE_DEMRESELCREF_HIG,SE,2038,0.003171,0.005338
TotalAnnualMaxCapacityInvestment,TECHNOLOGY,SE_DEMRESELCREF_HIG,SE,2039,0.003208,0.005443
TotalAnnualMaxCapacityInvestment,TECHNOLOGY,SE_DEMRESELCREF_HIG,SE,2040,0.003245,0.005562
TotalAnnualMaxCapacityInvestment,TECHNOLOGY,SE_DEMRESELCREF_HIG,SE,2041,0.00328,0.005695
TotalAnnualMaxCapacityInvestment,TECHNOLOGY,SE_DEMRESELCREF_HIG,SE,2042,0.003315,0.005842
TotalAnnualMaxCapacityInvestment,TECHNOLOGY,SE_DEMRESELCREF_HIG,SE,2043,0.003351,0.006006
TotalAnnualMaxCapacityInvestment,TECHNOLOGY,SE_DEMRESELCREF_HIG,SE,2044,0.003387,0.006182
TotalAnnualMaxCapacityInvestment,TECHNOLOGY,SE_DEMRESELCREF_HIG,SE,2045,0.003422,0.006364
TotalAnnualMaxCapacityInvestment,TECHNOLOGY,SE_DEMRESELCREF_HIG,SE,2046,0.003457,0.006551
TotalAnnualMaxCapacityInvestment,TECHNOLOGY,SE_DEMRESELCREF_HIG,SE,2047,0.003492,0.006734
TotalAnnualMaxCapacityInvestment,TECHNOLOGY,SE_DEMRESELCREF_HIG,SE,2048,0.003529,0.006908
TotalAnnualMaxCapacityInvestment,TECHNOLOGY,SE_DEMRESELCREF_HIG,SE,2049,0.003564,0.00707
TotalAnnualMaxCapacityInvestment,TECHNOLOGY,SE_DEMRESELCREF_HIG,SE,2050,0.003602,0.007225
TotalAnnualMaxCapacityInvestment,TECHNOLOGY,SE_DEMRESELCREF_HIG,SE,2051,0.003641,0.007365
TotalAnnualMaxCapacityInvestment,TECHNOLOGY,SE_DEMRESELCREF_HIG,SE,2052,0.003679,0.007497
TotalAnnualMaxCapacityInvestment,TECHNOLOGY,SE_DEMRESELCREF_HIG,SE,2053,0.003719,0.007617
TotalAnnualMaxCapacityInvestment,TECHNOLOGY,SE_DEMRESELCREF_HIG,SE,2054,0.003759,0.007731
TotalAnnualMaxCapacityInvestment,TECHNOLOGY,SE_DEMRESELCREF_LOW,SE,2025,0.002503,2.5e-05
TotalAnnualMaxCapacityInvestment,TECHNOLOGY,SE_DEMRESELCREF_LOW,SE,2026,0.002531,2.5e-05
TotalAnnualMaxCapacityInvestment,TECHNOLOGY,SE_DEMRESELCREF_LOW,SE,2027,0.002561,2.6e-05
TotalAnnualMaxCapacityInvestment,TECHNOLOGY,SE_DEMRESELCREF_LOW,SE,2028,0.00259,2.6e-05
TotalAnnualMaxCapacityInvestment,TECHNOLOGY,SE_DEMRESELCREF_LOW,SE,2029,0.002622,2.6e-05
TotalAnnualMaxCapacityInvestment,TECHNOLOGY,SE_DEMRESELCREF_LOW,SE,2030,0.002654,2.7e-05
TotalAnnualMaxCapacityInvestment,TECHNOLOGY,SE_DEMRESELCREF_LOW,SE,2031,0.002689,2.7e-05
TotalAnnualMaxCapacityInvestment,TECHNOLOGY,SE_DEMRESELCREF_LOW,SE,2032,0.002722,2.7e-05
TotalAnnualMaxCapacityInvestment,TECHNOLOGY,SE_DEMRESELCREF_LOW,SE,2033,0.002756,2.8e-05
TotalAnnualMaxCapacityInvestment,TECHNOLOGY,SE_DEMRESELCREF_LOW,SE,2034,0.002789,2.8e-05
TotalAnnualMaxCapacityInvestment,TECHNOLOGY,SE_DEMRESELCREF_LOW,SE,2035,0.002822,2.8e-05
TotalAnnualMaxCapacityInvestment,TECHNOLOGY,SE_DEMRESELCREF_LOW,SE,2036,0.002833,2.5e-05
TotalAnnualMaxCapacityInvestment,TECHNOLOGY,SE_DEMRESELCREF_LOW,SE,2037,0.002865,2.6e-05
TotalAnnualMaxCapacityInvestment,TECHNOLOGY,SE_DEMRESELCREF_LOW,SE,2038,0.002896,2.6e-05
TotalAnnualMaxCapacityInvestment,TECHNOLOGY,SE_DEMRESELCREF_LOW,SE,2039,0.002927,2.6e-05
TotalAnnualMaxCapacityInvestment,TECHNOLOGY,SE_DEMRESELCREF_LOW,SE,2040,0.002959,2.4e-05
TotalAnnualMaxCapacityInvestment,TECHNOLOGY,SE_DEMRESELCREF_LOW,SE,2041,0.002989,2.4e-05
TotalAnnualMaxCapacityInvestment,TECHNOLOGY,SE_DEMRESELCREF_LOW,SE,2042,0.003019,2.1e-05
TotalAnnualMaxCapacityInvestment,TECHNOLOGY,SE_DEMRESELCREF_LOW,SE,2043,0.00305,1.8e-05
TotalAnnualMaxCapacityInvestment,TECHNOLOGY,SE_DEMRESELCREF_LOW,SE,2044,0.003081,1.8e-05
TotalAnnualMaxCapacityInvestment,TECHNOLOGY,SE_DEMRESELCREF_LOW,SE,2045,0.003112,1.6e-05
TotalAnnualMaxCapacityInvestment,TECHNOLOGY,SE_DEMRESELCREF_LOW,SE,2046,0.003142,1.3e-05
TotalAnnualMaxCapacityInvestment,TECHNOLOGY,SE_DEMRESELCREF_LOW,SE,2047,0.003173,1e-05
TotalAnnualMaxCapacityInvestment,TECHNOLOGY,SE_DEMRESELCREF_LOW,SE,2048,0.003206,1e-05
TotalAnnualMaxCapacityInvestment,TECHNOLOGY,SE_DEMRESELCREF_LOW,SE,2049,0.003238,6e-06
TotalAnnualMaxCapacityInvestment,TECHNOLOGY,SE_DEMRESELCREF_LOW,SE,2050,0.003272,7e-06
TotalAnnualMaxCapacityInvestment,TECHNOLOGY,SE_DEMRESELCREF_LOW,SE,2051,0.003307,3e-06
TotalAnnualMaxCapacityInvestment,TECHNOLOGY,SE_DEMRESELCREF_LOW,SE,2052,0.003342,3e-06
TotalAnnualMaxCapacityInvestment,TECHNOLOGY,SE_DEMRESELCREF_LOW,SE,2053,0.003378,3e-06
TotalAnnualMaxCapacityInvestment,TECHNOLOGY,SE_DEMRESELCREF_MID,SE,2025,0.002714,0.001154
TotalAnnualMaxCapacityInvestment,TECHNOLOGY,SE_DEMRESELCREF_MID,SE,2026,0.002746,0.001165
TotalAnnualMaxCapacityInvestment,TECHNOLOGY,SE_DEMRESELCREF_MID,SE,2027,0.002779,0.001179
TotalAnnualMaxCapacityInvestment,TECHNOLOGY,SE_DEMRESELCREF_MID,SE,2028,0.002812,0.001193
TotalAnnualMaxCapacityInvestment,TECHNOLOGY,SE_DEMRESELCREF_MID,SE,2029,0.002848,0.001205
TotalAnnualMaxCapacityInvestment,TECHNOLOGY,SE_DEMRESELCREF_MID,SE,2030,0.002885,0.001218
TotalAnnualMaxCapacityInvestment,TECHNOLOGY,SE_DEMRESELCREF_MID,SE,2031,0.002924,0.001231
TotalAnnualMaxCapacityInvestment,TECHNOLOGY,SE_DEMRESELCREF_MID,SE,2032,0.002963,0.001241
TotalAnnualMaxCapacityInvestment,TECHNOLOGY,SE_DEMRESELCREF_MID,SE,2033,0.003002,0.001248
TotalAnnualMaxCapacityInvestment,TECHNOLOGY,SE_DEMRESELCREF_MID,SE,2034,0.003041,0.001255
TotalAnnualMaxCapacityInvestment,TECHNOLOGY,SE_DEMRESELCREF_MID,SE,2035,0.003078,0.001258
TotalAnnualMaxCapacityInvestment,TECHNOLOGY,SE_DEMRESELCREF_MID,SE,2036,0.003097,0.001246
TotalAnnualMaxCapacityInvestment,TECHNOLOGY,SE_DEMRESELCREF_MID,SE,2037,0.003135,0.001235
TotalAnnualMaxCapacityInvestment,TECHNOLOGY,SE_DEMRESELCREF_MID,SE,2038,0.003171,0.001217
TotalAnnualMaxCapacityInvestment,TECHNOLOGY,SE_DEMRESELCREF_MID,SE,2039,0.003208,0.001187
TotalAnnualMaxCapacityInvestment,TECHNOLOGY,SE_DEMRESELCREF_MID,SE,2040,0.003245,0.001144
TotalAnnualMaxCapacityInvestment,TECHNOLOGY,SE_DEMRESELCREF_MID,SE,2041,0.00328,0.001088
TotalAnnualMaxCapacityInvestment,TECHNOLOGY,SE_DEMRESELCREF_MID,SE,2042,0.003316,0.001013
TotalAnnualMaxCapacityInvestment,TECHNOLOGY,SE_DEMRESELCREF_MID,SE,2043,0.003351,0.000927
TotalAnnualMaxCapacityInvestment,TECHNOLOGY,SE_DEMRESELCREF_MID,SE,2044,0.003387,0.000827
TotalAnnualMaxCapacityInvestment,TECHNOLOGY,SE_DEMRESELCREF_MID,SE,2045,0.003421,0.000722
TotalAnnualMaxCapacityInvestment,TECHNOLOGY,SE_DEMRESELCREF_MID,SE,2046,0.003457,0.000611
TotalAnnualMaxCapacityInvestment,TECHNOLOGY,SE_DEMRESELCREF_MID,SE,2047,0.003492,0.000505
TotalAnnualMaxCapacityInvestment,TECHNOLOGY,SE_DEMRESELCREF_MID,SE,2048,0.003528,0.000407
TotalAnnualMaxCapacityInvestment,TECHNOLOGY,SE_DEMRESELCREF_MID,SE,2049,0.003565,0.000319
TotalAnnualMaxCapacityInvestment,TECHNOLOGY,SE_DEMRESELCREF_MID,SE,2050,0.003602,0.000247
TotalAnnualMaxCapacityInvestment,TECHNOLOGY,SE_DEMRESELCREF_MID,SE,2051,0.003643,0.000186
TotalAnnualMaxCapacityInvestment,TECHNOLOGY,SE_DEMRESELCREF_MID,SE,2052,0.003681,0.000138
TotalAnnualMaxCapacityInvestment,TECHNOLOGY,SE_DEMRESELCREF_MID,SE,2053,0.003719,0.000101
TotalAnnualMaxCapacityInvestment,TECHNOLOGY,SE_DEMRESELCREF_MID,SE,2054,0.003764,7e-05
TotalAnnualMaxCapacityInvestment,TECHNOLOGY,SE_DEMRESLPGCKN_HIG,SE,2025,0.003165,0.002845
TotalAnnualMaxCapacityInvestment,TECHNOLOGY,SE_DEMRESLPGCKN_HIG,SE,2026,0.003209,0.002887
TotalAnnualMaxCapacityInvestment,TECHNOLOGY,SE_DEMRESLPGCKN_HIG,SE,2027,0.003259,0.002938
TotalAnnualMaxCapacityInvestment,TECHNOLOGY,SE_DEMRESLPGCKN_HIG,SE,2028,0.003307,0.00299
TotalAnnualMaxCapacityInvestment,TECHNOLOGY,SE_DEMRESLPGCKN_HIG,SE,2029,0.003357,0.003046
TotalAnnualMaxCapacityInvestment,TECHNOLOGY,SE_DEMRESLPGCKN_HIG,SE,2030,0.003408,0.003105
TotalAnnualMaxCapacityInvestment,TECHNOLOGY,SE_DEMRESLPGCKN_HIG,SE,2031,0.003462,0.003175
TotalAnnualMaxCapacityInvestment,TECHNOLOGY,SE_DEMRESLPGCKN_HIG,SE,2032,0.003518,0.003256
TotalAnnualMaxCapacityInvestment,TECHNOLOGY,SE_DEMRESLPGCKN_HIG,SE,2033,0.003574,0.003348
TotalAnnualMaxCapacityInvestment,TECHNOLOGY,SE_DEMRESLPGCKN_HIG,SE,2034,0.00363,0.003454
TotalAnnualMaxCapacityInvestment,TECHNOLOGY,SE_DEMRESLPGCKN_HIG,SE,2035,0.003685,0.003581
TotalAnnualMaxCapacityInvestment,TECHNOLOGY,SE_DEMRESLPGCKN_HIG,SE,2036,0.003732,0.00373
TotalAnnualMaxCapacityInvestment,TECHNOLOGY,SE_DEMRESLPGCKN_HIG,SE,2037,0.003785,0.003919
TotalAnnualMaxCapacityInvestment,TECHNOLOGY,SE_DEMRESLPGCKN_HIG,SE,2038,0.003839,0.004154
TotalAnnualMaxCapacityInvestment,TECHNOLOGY,SE_DEMRESLPGCKN_HIG,SE,2039,0.003896,0.004457
TotalAnnualMaxCapacityInvestment,TECHNOLOGY,SE_DEMRESLPGCKN_HIG,SE,2040,0.003948,0.004818
TotalAnnualMaxCapacityInvestment,TECHNOLOGY,SE_DEMRESLPGCKN_HIG,SE,2041,0.004001,0.005264
TotalAnnualMaxCapacityInvestment,TECHNOLOGY,SE_DEMRESLPGCKN_HIG,SE,2042,0.004052,0.005791
TotalAnnualMaxCapacityInvestment,TECHNOLOGY,SE_DEMRESLPGCKN_HIG,SE,2043,0.004106,0.006408
TotalAnnualMaxCapacityInvestment,TECHNOLOGY,SE_DEMRESLPGCKN_HIG,SE,2044,0.004158,0.007089
TotalAnnualMaxCapacityInvestment,TECHNOLOGY,SE_DEMRESLPGCKN_HIG,SE,2045,0.004207,0.00781
TotalAnnualMaxCapacityInvestment,TECHNOLOGY,SE_DEMRESLPGCKN_HIG,SE,2046,0.004257,0.008545
TotalAnnualMaxCapacityInvestment,TECHNOLOGY,SE_DEMRESLPGCKN_HIG,SE,2047,0.004307,0.009266
TotalAnnualMaxCapacityInvestment,TECHNOLOGY,SE_DEMRESLPGCKN_HIG,SE,2048,0.004357,0.009942
TotalAnnualMaxCapacityInvestment,TECHNOLOGY,SE_DEMRESLPGCKN_HIG,SE,2049,0.004406,0.010559
TotalAnnualMaxCapacityInvestment,TECHNOLOGY,SE_DEMRESLPGCKN_HIG,SE,2050,0.004459,0.01111
TotalAnnualMaxCapacityInvestment,TECHNOLOGY,SE_DEMRESLPGCKN_HIG,SE,2051,0.004509,0.011581
TotalAnnualMaxCapacityInvestment,TECHNOLOGY,SE_DEMRESLPGCKN_HIG,SE,2052,0.004561,0.011991
TotalAnnualMaxCapacityInvestment,TECHNOLOGY,SE_DEMRESLPGCKN_HIG,SE,2053,0.004613,0.012351
TotalAnnualMaxCapacityInvestment,TECHNOLOGY,SE_DEMRESLPGCKN_HIG,SE,2054,0.004665,0.012655
TotalAnnualMaxCapacityInvestment,TECHNOLOGY,SE_DEMRESLPGCKN_LOW,SE,2025,0.003162,0.000971
TotalAnnualMaxCapacityInvestment,TECHNOLOGY,SE_DEMRESLPGCKN_LOW,SE,2026,0.003208,0.000984
TotalAnnualMaxCapacityInvestment,TECHNOLOGY,SE_DEMRESLPGCKN_LOW,SE,2027,0.003257,0.000999
TotalAnnualMaxCapacityInvestment,TECHNOLOGY,SE_DEMRESLPGCKN_LOW,SE,2028,0.003306,0.001013
TotalAnnualMaxCapacityInvestment,TECHNOLOGY,SE_DEMRESLPGCKN_LOW,SE,2029,0.003358,0.001028
TotalAnnualMaxCapacityInvestment,TECHNOLOGY,SE_DEMRESLPGCKN_LOW,SE,2030,0.003413,0.001043
TotalAnnualMaxCapacityInvestment,TECHNOLOGY,SE_DEMRESLPGCKN_LOW,SE,2031,0.003461,0.001052
TotalAnnualMaxCapacityInvestment,TECHNOLOGY,SE_DEMRESLPGCKN_LOW,SE,2032,0.003521,0.001067
TotalAnnualMaxCapacityInvestment,TECHNOLOGY,SE_DEMRESLPGCKN_LOW,SE,2033,0.003573,0.001075
TotalAnnualMaxCapacityInvestment,TECHNOLOGY,SE_DEMRESLPGCKN_LOW,SE,2034,0.003627,0.001082
TotalAnnualMaxCapacityInvestment,TECHNOLOGY,SE_DEMRESLPGCKN_LOW,SE,2035,0.003684,0.001088
TotalAnnualMaxCapacityInvestment,TECHNOLOGY,SE_DEMRESLPGCKN_LOW,SE,2036,0.003734,0.001088
TotalAnnualMaxCapacityInvestment,TECHNOLOGY,SE_DEMRESLPGCKN_LOW,SE,2037,0.00379,0.001082
TotalAnnualMaxCapacityInvestment,TECHNOLOGY,SE_DEMRESLPGCKN_LOW,SE,2038,0.00384,0.001066
TotalAnnualMaxCapacityInvestment,TECHNOLOGY,SE_DEMRESLPGCKN_LOW,SE,2039,0.0039,0.001045
TotalAnnualMaxCapacityInvestment,TECHNOLOGY,SE_DEMRESLPGCKN_LOW,SE,2040,0.003945,0.001006
TotalAnnualMaxCapacityInvestment,TECHNOLOGY,SE_DEMRESLPGCKN_LOW,SE,2041,0.004002,0.00096
TotalAnnualMaxCapacityInvestment,TECHNOLOGY,SE_DEMRESLPGCKN_LOW,SE,2042,0.00406,0.0009
TotalAnnualMaxCapacityInvestment,TECHNOLOGY,SE_DEMRESLPGCKN_LOW,SE,2043,0.004102,0.00082
TotalAnnualMaxCapacityInvestment,TECHNOLOGY,SE_DEMRESLPGCKN_LOW,SE,2044,0.004154,0.000734
TotalAnnualMaxCapacityInvestment,TECHNOLOGY,SE_DEMRESLPGCKN_LOW,SE,2045,0.004214,0.000643
TotalAnnualMaxCapacityInvestment,TECHNOLOGY,SE_DEMRESLPGCKN_LOW,SE,2046,0.004252,0.000543
TotalAnnualMaxCapacityInvestment,TECHNOLOGY,SE_DEMRESLPGCKN_LOW,SE,2047,0.004303,0.000449
TotalAnnualMaxCapacityInvestment,TECHNOLOGY,SE_DEMRESLPGCKN_LOW,SE,2048,0.004364,0.000365
TotalAnnualMaxCapacityInvestment,TECHNOLOGY,SE_DEMRESLPGCKN_LOW,SE,2049,0.004381,0.000283
TotalAnnualMaxCapacityInvestment,TECHNOLOGY,SE_DEMRESLPGCKN_LOW,SE,2050,0.004448,0.00022
TotalAnnualMaxCapacityInvestment,TECHNOLOGY,SE_DEMRESLPGCKN_LOW,SE,2051,0.004526,0.000169
TotalAnnualMaxCapacityInvestment,TECHNOLOGY,SE_DEMRESLPGCKN_LOW,SE,2052,0.004508,0.000121
TotalAnnualMaxCapacityInvestment,TECHNOLOGY,SE_DEMRESLPGCKN_LOW,SE,2053,0.004655,9.2e-05
TotalAnnualMaxCapacityInvestment,TECHNOLOGY,SE_DEMRESLPGCKN_LOW,SE,2054,0.00473,6.6e-05
TotalAnnualMaxCapacityInvestment,TECHNOLOGY,SE_DEMRESLPGCKN_MID,SE,2025,0.003165,0.00504
TotalAnnualMaxCapacityInvestment,TECHNOLOGY,SE_DEMRESLPGCKN_MID,SE,2026,0.00321,0.005106
TotalAnnualMaxCapacityInvestment,TECHNOLOGY,SE_DEMRESLPGCKN_MID,SE,2027,0.003258,0.00518
TotalAnnualMaxCapacityInvestment,TECHNOLOGY,SE_DEMRESLPGCKN_MID,SE,2028,0.003305,0.005247
TotalAnnualMaxCapacityInvestment,TECHNOLOGY,SE_DEMRESLPGCKN_MID,SE,2029,0.003356,0.005318
TotalAnnualMaxCapacityInvestment,TECHNOLOGY,SE_DEMRESLPGCKN_MID,SE,2030,0.003409,0.00539
TotalAnnualMaxCapacityInvestment,TECHNOLOGY,SE_DEMRESLPGCKN_MID,SE,2031,0.003463,0.005458
TotalAnnualMaxCapacityInvestment,TECHNOLOGY,SE_DEMRESLPGCKN_MID,SE,2032,0.003519,0.005523
TotalAnnualMaxCapacityInvestment,TECHNOLOGY,SE_DEMRESLPGCKN_MID,SE,2033,0.003575,0.005579
TotalAnnualMaxCapacityInvestment,TECHNOLOGY,SE_DEMRESLPGCKN_MID,SE,2034,0.00363,0.005616
TotalAnnualMaxCapacityInvestment,TECHNOLOGY,SE_DEMRESLPGCKN_MID,SE,2035,0.003685,0.005639
TotalAnnualMaxCapacityInvestment,TECHNOLOGY,SE_DEMRESLPGCKN_MID,SE,2036,0.00373,0.005621
TotalAnnualMaxCapacityInvestment,TECHNOLOGY,SE_DEMRESLPGCKN_MID,SE,2037,0.003786,0.005593
TotalAnnualMaxCapacityInvestment,TECHNOLOGY,SE_DEMRESLPGCKN_MID,SE,2038,0.00384,0.005519
TotalAnnualMaxCapacityInvestment,TECHNOLOGY,SE_DEMRESLPGCKN_MID,SE,2039,0.003895,0.005403
TotalAnnualMaxCapacityInvestment,TECHNOLOGY,SE_DEMRESLPGCKN_MID,SE,2040,0.003948,0.005218
TotalAnnualMaxCapacityInvestment,TECHNOLOGY,SE_DEMRESLPGCKN_MID,SE,2041,0.004002,0.004972
TotalAnnualMaxCapacityInvestment,TECHNOLOGY,SE_DEMRESLPGCKN_MID,SE,2042,0.004054,0.004651
TotalAnnualMaxCapacityInvestment,TECHNOLOGY,SE_DEMRESLPGCKN_MID,SE,2043,0.004106,0.00426
TotalAnnualMaxCapacityInvestment,TECHNOLOGY,SE_DEMRESLPGCKN_MID,SE,2044,0.004157,0.00381
TotalAnnualMaxCapacityInvestment,TECHNOLOGY,SE_DEMRESLPGCKN_MID,SE,2045,0.004207,0.003321
TotalAnnualMaxCapacityInvestment,TECHNOLOGY,SE_DEMRESLPGCKN_MID,SE,2046,0.004257,0.00282
TotalAnnualMaxCapacityInvestment,TECHNOLOGY,SE_DEMRESLPGCKN_MID,SE,2047,0.004305,0.00233
TotalAnnualMaxCapacityInvestment,TECHNOLOGY,SE_DEMRESLPGCKN_MID,SE,2048,0.004354,0.001879
TotalAnnualMaxCapacityInvestment,TECHNOLOGY,SE_DEMRESLPGCKN_MID,SE,2049,0.004401,0.00148
TotalAnnualMaxCapacityInvestment,TECHNOLOGY,SE_DEMRESLPGCKN_MID,SE,2050,0.004461,0.001147
TotalAnnualMaxCapacityInvestment,TECHNOLOGY,SE_DEMRESLPGCKN_MID,SE,2051,0.004501,0.000863
TotalAnnualMaxCapacityInvestment,TECHNOLOGY,SE_DEMRESLPGCKN_MID,SE,2052,0.004567,0.000645
TotalAnnualMaxCapacityInvestment,TECHNOLOGY,SE_DEMRESLPGCKN_MID,SE,2053,0.004611,0.000467
TotalAnnualMaxCapacityInvestment,TECHNOLOGY,SE_DEMRESLPGCKN_MID,SE,2054,0.004685,0.000335
TotalAnnualMaxCapacityInvestment,TECHNOLOGY,SE_DEMRESWOOCKN_HIG,SE,2025,0.031433,0.095494
TotalAnnualMaxCapacityInvestment,TECHNOLOGY,SE_DEMRESWOOCKN_HIG,SE,2026,0.034908,0.028903
TotalAnnualMaxCapacityInvestment,TECHNOLOGY,SE_DEMRESWOOCKN_HIG,SE,2027,0.035343,0.029264
TotalAnnualMaxCapacityInvestment,TECHNOLOGY,SE_DEMRESWOOCKN_HIG,SE,2028,0.035787,0.029631
TotalAnnualMaxCapacityInvestment,TECHNOLOGY,SE_DEMRESWOOCKN_HIG,SE,2029,0.036256,0.03002
TotalAnnualMaxCapacityInvestment,TECHNOLOGY,SE_DEMRESWOOCKN_HIG,SE,2030,0.036758,0.030435
TotalAnnualMaxCapacityInvestment,TECHNOLOGY,SE_DEMRESWOOCKN_HIG,SE,2031,0.037295,0.03088
TotalAnnualMaxCapacityInvestment,TECHNOLOGY,SE_DEMRESWOOCKN_HIG,SE,2032,0.037841,0.031332
TotalAnnualMaxCapacityInvestment,TECHNOLOGY,SE_DEMRESWOOCKN_HIG,SE,2033,0.038397,0.031793
TotalAnnualMaxCapacityInvestment,TECHNOLOGY,SE_DEMRESWOOCKN_HIG,SE,2034,0.038966,0.032263
TotalAnnualMaxCapacityInvestment,TECHNOLOGY,SE_DEMRESWOOCKN_HIG,SE,2035,0.039536,0.032736
TotalAnnualMaxCapacityInvestment,TECHNOLOGY,SE_DEMRESWOOCKN_HIG,SE,2036,0.040173,0.033263
TotalAnnualMaxCapacityInvestment,TECHNOLOGY,SE_DEMRESWOOCKN_HIG,SE,2037,0.040737,0.03373
TotalAnnualMaxCapacityInvestment,TECHNOLOGY,SE_DEMRESWOOCKN_HIG,SE,2038,0.041296,0.034193
TotalAnnualMaxCapacityInvestment,TECHNOLOGY,SE_DEMRESWOOCKN_HIG,SE,2039,0.041847,0.034649
TotalAnnualMaxCapacityInvestment,TECHNOLOGY,SE_DEMRESWOOCKN_HIG,SE,2040,0.04239,0.035099
TotalAnnualMaxCapacityInvestment,TECHNOLOGY,SE_DEMRESWOOCKN_HIG,SE,2041,0.042918,0.035536
TotalAnnualMaxCapacityInvestment,TECHNOLOGY,SE_DEMRESWOOCKN_HIG,SE,2042,0.043442,0.03597
TotalAnnualMaxCapacityInvestment,TECHNOLOGY,SE_DEMRESWOOCKN_HIG,SE,2043,0.043953,0.036393
TotalAnnualMaxCapacityInvestment,TECHNOLOGY,SE_DEMRESWOOCKN_HIG,SE,2044,0.044448,0.036803
TotalAnnualMaxCapacityInvestment,TECHNOLOGY,SE_DEMRESWOOCKN_HIG,SE,2045,0.044927,0.0372
TotalAnnualMaxCapacityInvestment,TECHNOLOGY,SE_DEMRESWOOCKN_HIG,SE,2046,0.045397,0.037588
TotalAnnualMaxCapacityInvestment,TECHNOLOGY,SE_DEMRESWOOCKN_HIG,SE,2047,0.045851,0.037964
TotalAnnualMaxCapacityInvestment,TECHNOLOGY,SE_DEMRESWOOCKN_HIG,SE,2048,0.04629,0.038328
TotalAnnualMaxCapacityInvestment,TECHNOLOGY,SE_DEMRESWOOCKN_HIG,SE,2049,0.046717,0.038681
TotalAnnualMaxCapacityInvestment,TECHNOLOGY,SE_DEMRESWOOCKN_HIG,SE,2050,0.047186,0.03907
TotalAnnualMaxCapacityInvestment,TECHNOLOGY,SE_DEMRESWOOCKN_HIG,SE,2051,0.047629,0.039437
TotalAnnualMaxCapacityInvestment,TECHNOLOGY,SE_DEMRESWOOCKN_HIG,SE,2052,0.048069,0.039801
TotalAnnualMaxCapacityInvestment,TECHNOLOGY,SE_DEMRESWOOCKN_HIG,SE,2053,0.048506,0.040163
TotalAnnualMaxCapacityInvestment,TECHNOLOGY,SE_DEMRESWOOCKN_HIG,SE,2054,0.048939,0.040522
TotalTechnologyAnnualActivityLowerLimit,TECHNOLOGY,IN_DEMRESELCAIR_PAR_LOW,IN,2022,0.009832,0.004776
TotalTechnologyAnnualActivityLowerLimit,TECHNOLOGY,IN_DEMRESELCAIR_PAR_LOW,IN,2023,0.009102,0.004936
TotalTechnologyAnnualActivityLowerLimit,TECHNOLOGY,IN_DEMRESELCAIR_PAR_LOW,IN,2024,0.011822,0.007028
TotalTechnologyAnnualActivityLowerLimit,TECHNOLOGY,IN_DEMRESELCAIR_PAR_LOW,IN,2025,0.012323,0.007324
TotalTechnologyAnnualActivityLowerLimit,TECHNOLOGY,IN_DEMRESELCAIR_PAR_LOW,IN,2026,0.01234,0.007329
TotalTechnologyAnnualActivityLowerLimit,TECHNOLOGY,IN_DEMRESELCAIR_PAR_MID,IN,2022,0.009832,3.3e-05
TotalTechnologyAnnualActivityLowerLimit,TECHNOLOGY,IN_DEMRESELCAIR_PAR_MID,IN,2023,0.009102,4.7e-05
TotalTechnologyAnnualActivityLowerLimit,TECHNOLOGY,IN_DEMRESELCAIR_PAR_MID,IN,2024,0.011822,0.000159
TotalTechnologyAnnualActivityLowerLimit,TECHNOLOGY,IN_DEMRESELCAIR_PAR_MID,IN,2025,0.012323,0.000166
TotalTechnologyAnnualActivityLowerLimit,TECHNOLOGY,IN_DEMRESELCAIR_PAR_MID,IN,2026,0.01234,0.000166
TotalTechnologyAnnualActivityLowerLimit,TECHNOLOGY,IN_DEMRESELCAIR_SPL_LOW,IN,2022,0.009832,0.008869
TotalTechnologyAnnualActivityLowerLimit,TECHNOLOGY,IN_DEMRESELCAIR_SPL_LOW,IN,2023,0.009102,0.009167
TotalTechnologyAnnualActivityLowerLimit,TECHNOLOGY,IN_DEMRESELCAIR_SPL_LOW,IN,2024,0.011822,0.013053
TotalTechnologyAnnualActivityLowerLimit,TECHNOLOGY,IN_DEMRESELCAIR_SPL_LOW,IN,2025,0.012323,0.01355
TotalTechnologyAnnualActivityLowerLimit,TECHNOLOGY,IN_DEMRESELCAIR_SPL_LOW,IN,2026,0.01234,0.013455
TotalTechnologyAnnualActivityLowerLimit,TECHNOLOGY,IN_DEMRESELCAIR_SPL_MID,IN,2022,0.009832,6.1e-05
TotalTechnologyAnnualActivityLowerLimit,TECHNOLOGY,IN_DEMRESELCAIR_SPL_MID,IN,2023,0.009102,8.7e-05
TotalTechnologyAnnualActivityLowerLimit,TECHNOLOGY,IN_DEMRESELCAIR_SPL_MID,IN,2024,0.011822,0.000295
TotalTechnologyAnnualActivityLowerLimit,TECHNOLOGY,IN_DEMRESELCAIR_SPL_MID,IN,2025,0.012323,0.000307
TotalTechnologyAnnualActivityLowerLimit,TECHNOLOGY,IN_DEMRESELCAIR_SPL_MID,IN,2026,0.01234,0.000304
TotalTechnologyAnnualActivityLowerLimit,TECHNOLOGY,IN_DEMRESELCCKN_HIG,IN,2030,0.002977,0.000211
TotalTechnologyAnnualActivityLowerLimit,TECHNOLOGY,IN_DEMRESELCCKN_HIG,IN,2031,0.002973,0.000432
TotalTechnologyAnnualActivityLowerLimit,TECHNOLOGY,IN_DEMRESELCCKN_HIG,IN,2032,0.002969,0.000652
TotalTechnologyAnnualActivityLowerLimit,TECHNOLOGY,IN_DEMRESELCCKN_HIG,IN,2033,0.002965,0.000872
TotalTechnologyAnnualActivityLowerLimit,TECHNOLOGY,IN_DEMRESELCCKN_HIG,IN,2034,0.00296,0.00109
TotalTechnologyAnnualActivityLowerLimit,TECHNOLOGY,IN_DEMRESELCCKN_HIG,IN,2035,0.002956,0.001308
TotalTechnologyAnnualActivityLowerLimit,TECHNOLOGY,IN_DEMRESELCCKN_HIG,IN,2036,0.002952,0.001527
TotalTechnologyAnnualActivityLowerLimit,TECHNOLOGY,IN_DEMRESELCCKN_HIG,IN,2037,0.00295,0.001747
TotalTechnologyAnnualActivityLowerLimit,TECHNOLOGY,IN_DEMRESELCCKN_HIG,IN,2038,0.002947,0.001967
TotalTechnologyAnnualActivityLowerLimit,TECHNOLOGY,IN_DEMRESELCCKN_HIG,IN,2039,0.002943,0.002185
TotalTechnologyAnnualActivityLowerLimit,TECHNOLOGY,IN_DEMRESELCCKN_HIG,IN,2040,0.00294,0.002405
TotalTechnologyAnnualActivityLowerLimit,TECHNOLOGY,IN_DEMRESELCCKN_HIG,IN,2041,0.002937,0.002626
TotalTechnologyAnnualActivityLowerLimit,TECHNOLOGY,IN_DEMRESELCCKN_HIG,IN,2042,0.002936,0.002848
TotalTechnologyAnnualActivityLowerLimit,TECHNOLOGY,IN_DEMRESELCCKN_HIG,IN,2043,0.002935,0.00307
TotalTechnologyAnnualActivityLowerLimit,TECHNOLOGY,IN_DEMRESELCCKN_HIG,IN,2044,0.002934,0.003293
TotalTechnologyAnnualActivityLowerLimit,TECHNOLOGY,IN_DEMRESELCCKN_HIG,IN,2045,0.002934,0.003518
TotalTechnologyAnnualActivityLowerLimit,TECHNOLOGY,IN_DEMRESELCCKN_HIG,IN,2046,0.002933,0.003741
TotalTechnologyAnnualActivityLowerLimit,TECHNOLOGY,IN_DEMRESELCCKN_HIG,IN,2047,0.002933,0.003967
TotalTechnologyAnnualActivityLowerLimit,TECHNOLOGY,IN_DEMRESELCCKN_HIG,IN,2048,0.002934,0.004194
TotalTechnologyAnnualActivityLowerLimit,TECHNOLOGY,IN_DEMRESELCCKN_HIG,IN,2049,0.002933,0.004418
TotalTechnologyAnnualActivityLowerLimit,TECHNOLOGY,IN_DEMRESELCCKN_HIG,IN,2050,0.002934,0.004626
TotalTechnologyAnnualActivityLowerLimit,TECHNOLOGY,IN_DEMRESELCCKN_HIG,IN,2051,0.002936,0.004765
TotalTechnologyAnnualActivityLowerLimit,TECHNOLOGY,IN_DEMRESELCCKN_HIG,IN,2052,0.002938,0.004903
TotalTechnologyAnnualActivityLowerLimit,TECHNOLOGY,IN_DEMRESELCCKN_HIG,IN,2053,0.002941,0.005031
TotalTechnologyAnnualActivityLowerLimit,TECHNOLOGY,IN_DEMRESELCCKN_HIG,IN,2054,0.002944,0.005158
TotalTechnologyAnnualActivityLowerLimit,TECHNOLOGY,IN_DEMRESELCCKN_LOW,IN,2022,0.000703,0.002355
TotalTechnologyAnnualActivityLowerLimit,TECHNOLOGY,IN_DEMRESELCCKN_LOW,IN,2023,0.000731,0.002579
TotalTechnologyAnnualActivityLowerLimit,TECHNOLOGY,IN_DEMRESELCCKN_LOW,IN,2024,0.002774,0.010188
TotalTechnologyAnnualActivityLowerLimit,TECHNOLOGY,IN_DEMRESELCCKN_LOW,IN,2025,0.002989,0.010472
TotalTechnologyAnnualActivityLowerLimit,TECHNOLOGY,IN_DEMRESELCCKN_LOW,IN,2026,0.002986,0.010207
TotalTechnologyAnnualActivityLowerLimit,TECHNOLOGY,IN_DEMRESELCCKN_LOW,IN,2027,0.002984,0.009901
TotalTechnologyAnnualActivityLowerLimit,TECHNOLOGY,IN_DEMRESELCCKN_LOW,IN,2028,0.002981,0.009556
TotalTechnologyAnnualActivityLowerLimit,TECHNOLOGY,IN_DEMRESELCCKN_LOW,IN,2029,0.00298,0.009183
TotalTechnologyAnnualActivityLowerLimit,TECHNOLOGY,IN_DEMRESELCCKN_LOW,IN,2030,0.002977,0.008781
TotalTechnologyAnnualActivityLowerLimit,TECHNOLOGY,IN_DEMRESELCCKN_LOW,IN,2031,0.002973,0.008353
TotalTechnologyAnnualActivityLowerLimit,TECHNOLOGY,IN_DEMRESELCCKN_LOW,IN,2032,0.002969,0.007909
TotalTechnologyAnnualActivityLowerLimit,TECHNOLOGY,IN_DEMRESELCCKN_LOW,IN,2033,0.002965,0.007455
TotalTechnologyAnnualActivityLowerLimit,TECHNOLOGY,IN_DEMRESELCCKN_LOW,IN,2034,0.00296,0.006995
TotalTechnologyAnnualActivityLowerLimit,TECHNOLOGY,IN_DEMRESELCCKN_LOW,IN,2035,0.002956,0.006535
TotalTechnologyAnnualActivityLowerLimit,TECHNOLOGY,IN_DEMRESELCCKN_LOW,IN,2036,0.002952,0.006077
TotalTechnologyAnnualActivityLowerLimit,TECHNOLOGY,IN_DEMRESELCCKN_LOW,IN,2037,0.00295,0.005632
TotalTechnologyAnnualActivityLowerLimit,TECHNOLOGY,IN_DEMRESELCCKN_LOW,IN,2038,0.002947,0.005194
TotalTechnologyAnnualActivityLowerLimit,TECHNOLOGY,IN_DEMRESELCCKN_LOW,IN,2039,0.002943,0.004768
TotalTechnologyAnnualActivityLowerLimit,TECHNOLOGY,IN_DEMRESELCCKN_LOW,IN,2040,0.00294,0.00436
TotalTechnologyAnnualActivityLowerLimit,TECHNOLOGY,IN_DEMRESELCCKN_LOW,IN,2041,0.002937,0.003969
TotalTechnologyAnnualActivityLowerLimit,TECHNOLOGY,IN_DEMRESELCCKN_LOW,IN,2042,0.002936,0.0036
TotalTechnologyAnnualActivityLowerLimit,TECHNOLOGY,IN_DEMRESELCCKN_LOW,IN,2043,0.002935,0.003251
TotalTechnologyAnnualActivityLowerLimit,TECHNOLOGY,IN_DEMRESELCCKN_LOW,IN,2044,0.002934,0.002925
TotalTechnologyAnnualActivityLowerLimit,TECHNOLOGY,IN_DEMRESELCCKN_LOW,IN,2045,0.002934,0.002621
TotalTechnologyAnnualActivityLowerLimit,TECHNOLOGY,IN_DEMRESELCCKN_LOW,IN,2046,0.002933,0.002337
TotalTechnologyAnnualActivityLowerLimit,TECHNOLOGY,IN_DEMRESELCCKN_LOW,IN,2047,0.002933,0.002077
TotalTechnologyAnnualActivityLowerLimit,TECHNOLOGY,IN_DEMRESELCCKN_LOW,IN,2048,0.002934,0.001838
TotalTechnologyAnnualActivityLowerLimit,TECHNOLOGY,IN_DEMRESELCCKN_LOW,IN,2049,0.002933,0.001619
TotalTechnologyAnnualActivityLowerLimit,TECHNOLOGY,IN_DEMRESELCCKN_LOW,IN,2050,0.002934,0.001421
TotalTechnologyAnnualActivityLowerLimit,TECHNOLOGY,IN_DEMRESELCCKN_LOW,IN,2051,0.002936,0.001243
TotalTechnologyAnnualActivityLowerLimit,TECHNOLOGY,IN_DEMRESELCCKN_LOW,IN,2052,0.002938,0.001082
TotalTechnologyAnnualActivityLowerLimit,TECHNOLOGY,IN_DEMRESELCCKN_LOW,IN,2053,0.002941,0.000939
TotalTechnologyAnnualActivityLowerLimit,TECHNOLOGY,IN_DEMRESELCCKN_LOW,IN,2054,0.002944,0.000812
TotalTechnologyAnnualActivityLowerLimit,TECHNOLOGY,IN_DEMRESELCCKN_MID,IN,2022,0.000703,1.6e-05
TotalTechnologyAnnualActivityLowerLimit,TECHNOLOGY,IN_DEMRESELCCKN_MID,IN,2023,0.000731,2.4e-05
TotalTechnologyAnnualActivityLowerLimit,TECHNOLOGY,IN_DEMRESELCCKN_MID,IN,2024,0.002774,0.000231
TotalTechnologyAnnualActivityLowerLimit,TECHNOLOGY,IN_DEMRESELCCKN_MID,IN,2025,0.002989,0.000452
TotalTechnologyAnnualActivityLowerLimit,TECHNOLOGY,IN_DEMRESELCCKN_MID,IN,2026,0.002986,0.000654
TotalTechnologyAnnualActivityLowerLimit,TECHNOLOGY,IN_DEMRESELCCKN_MID,IN,2027,0.002984,0.000858
TotalTechnologyAnnualActivityLowerLimit,TECHNOLOGY,IN_DEMRESELCCKN_MID,IN,2028,0.002981,0.001062
TotalTechnologyAnnualActivityLowerLimit,TECHNOLOGY,IN_DEMRESELCCKN_MID,IN,2029,0.00298,0.001265
TotalTechnologyAnnualActivityLowerLimit,TECHNOLOGY,IN_DEMRESELCCKN_MID,IN,2030,0.002977,0.001465
TotalTechnologyAnnualActivityLowerLimit,TECHNOLOGY,IN_DEMRESELCCKN_MID,IN,2031,0.002973,0.001675
TotalTechnologyAnnualActivityLowerLimit,TECHNOLOGY,IN_DEMRESELCCKN_MID,IN,2032,0.002969,0.001884
TotalTechnologyAnnualActivityLowerLimit,TECHNOLOGY,IN_DEMRESELCCKN_MID,IN,2033,0.002965,0.002092
TotalTechnologyAnnualActivityLowerLimit,TECHNOLOGY,IN_DEMRESELCCKN_MID,IN,2034,0.00296,0.002299
TotalTechnologyAnnualActivityLowerLimit,TECHNOLOGY,IN_DEMRESELCCKN_MID,IN,2035,0.002956,0.002506
TotalTechnologyAnnualActivityLowerLimit,TECHNOLOGY,IN_DEMRESELCCKN_MID,IN,2036,0.002952,0.002713
TotalTechnologyAnnualActivityLowerLimit,TECHNOLOGY,IN_DEMRESELCCKN_MID,IN,2037,0.00295,0.002923
TotalTechnologyAnnualActivityLowerLimit,TECHNOLOGY,IN_DEMRESELCCKN_MID,IN,2038,0.002947,0.003132
TotalTechnologyAnnualActivityLowerLimit,TECHNOLOGY,IN_DEMRESELCCKN_MID,IN,2039,0.002943,0.003339
TotalTechnologyAnnualActivityLowerLimit,TECHNOLOGY,IN_DEMRESELCCKN_MID,IN,2040,0.00294,0.003548
TotalTechnologyAnnualActivityLowerLimit,TECHNOLOGY,IN_DEMRESELCCKN_MID,IN,2041,0.002937,0.003758
TotalTechnologyAnnualActivityLowerLimit,TECHNOLOGY,IN_DEMRESELCCKN_MID,IN,2042,0.002936,0.00397
TotalTechnologyAnnualActivityLowerLimit,TECHNOLOGY,IN_DEMRESELCCKN_MID,IN,2043,0.002935,0.004182
TotalTechnologyAnnualActivityLowerLimit,TECHNOLOGY,IN_DEMRESELCCKN_MID,IN,2044,0.002934,0.004395
TotalTechnologyAnnualActivityLowerLimit,TECHNOLOGY,IN_DEMRESELCCKN_MID,IN,2045,0.002934,0.00461
TotalTechnologyAnnualActivityLowerLimit,TECHNOLOGY,IN_DEMRESELCCKN_MID,IN,2046,0.002933,0.004822
TotalTechnologyAnnualActivityLowerLimit,TECHNOLOGY,IN_DEMRESELCCKN_MID,IN,2047,0.002933,0.005039
TotalTechnologyAnnualActivityLowerLimit,TECHNOLOGY,IN_DEMRESELCCKN_MID,IN,2048,0.002934,0.005256
TotalTechnologyAnnualActivityLowerLimit,TECHNOLOGY,IN_DEMRESELCCKN_MID,IN,2049,0.002933,0.00547
TotalTechnologyAnnualActivityLowerLimit,TECHNOLOGY,IN_DEMRESELCCKN_MID,IN,2050,0.002934,0.00567
TotalTechnologyAnnualActivityLowerLimit,TECHNOLOGY,IN_DEMRESELCCKN_MID,IN,2051,0.002936,0.005803
TotalTechnologyAnnualActivityLowerLimit,TECHNOLOGY,IN_DEMRESELCCKN_MID,IN,2052,0.002938,0.005936
TotalTechnologyAnnualActivityLowerLimit,TECHNOLOGY,IN_DEMRESELCCKN_MID,IN,2053,0.002941,0.00606
TotalTechnologyAnnualActivityLowerLimit,TECHNOLOGY,IN_DEMRESELCCKN_MID,IN,2054,0.002944,0.006183
TotalTechnologyAnnualActivityLowerLimit,TECHNOLOGY,IN_DEMRESELCFAN_HIG,IN,2025,0.00442,0.002067
TotalTechnologyAnnualActivityLowerLimit,TECHNOLOGY,IN_DEMRESELCFAN_HIG,IN,2026,0.004425,0.002516
TotalTechnologyAnnualActivityLowerLimit,TECHNOLOGY,IN_DEMRESELCFAN_HIG,IN,2027,0.004429,0.003085
TotalTechnologyAnnualActivityLowerLimit,TECHNOLOGY,IN_DEMRESELCFAN_HIG,IN,2028,0.004432,0.003789
TotalTechnologyAnnualActivityLowerLimit,TECHNOLOGY,IN_DEMRESELCFAN_HIG,IN,2029,0.004434,0.005237
TotalTechnologyAnnualActivityLowerLimit,TECHNOLOGY,IN_DEMRESELCFAN_HIG,IN,2030,0.004435,0.005618
TotalTechnologyAnnualActivityLowerLimit,TECHNOLOGY,IN_DEMRESELCFAN_HIG,IN,2031,0.004432,0.006
TotalTechnologyAnnualActivityLowerLimit,TECHNOLOGY,IN_DEMRESELCFAN_HIG,IN,2032,0.004429,0.006389
TotalTechnologyAnnualActivityLowerLimit,TECHNOLOGY,IN_DEMRESELCFAN_HIG,IN,2033,0.004425,0.006785
TotalTechnologyAnnualActivityLowerLimit,TECHNOLOGY,IN_DEMRESELCFAN_HIG,IN,2034,0.004421,0.007188
TotalTechnologyAnnualActivityLowerLimit,TECHNOLOGY,IN_DEMRESELCFAN_HIG,IN,2035,0.004418,0.007597
TotalTechnologyAnnualActivityLowerLimit,TECHNOLOGY,IN_DEMRESELCFAN_HIG,IN,2036,0.004413,0.008012
TotalTechnologyAnnualActivityLowerLimit,TECHNOLOGY,IN_DEMRESELCFAN_HIG,IN,2037,0.004413,0.008441
TotalTechnologyAnnualActivityLowerLimit,TECHNOLOGY,IN_DEMRESELCFAN_HIG,IN,2038,0.00441,0.008874
TotalTechnologyAnnualActivityLowerLimit,TECHNOLOGY,IN_DEMRESELCFAN_HIG,IN,2039,0.004406,0.009309
TotalTechnologyAnnualActivityLowerLimit,TECHNOLOGY,IN_DEMRESELCFAN_HIG,IN,2040,0.004404,0.009755
TotalTechnologyAnnualActivityLowerLimit,TECHNOLOGY,IN_DEMRESELCFAN_HIG,IN,2041,0.004401,0.010206
TotalTechnologyAnnualActivityLowerLimit,TECHNOLOGY,IN_DEMRESELCFAN_HIG,IN,2042,0.004401,0.01067
TotalTechnologyAnnualActivityLowerLimit,TECHNOLOGY,IN_DEMRESELCFAN_HIG,IN,2043,0.0044,0.011138
TotalTechnologyAnnualActivityLowerLimit,TECHNOLOGY,IN_DEMRESELCFAN_HIG,IN,2044,0.0044,0.011616
TotalTechnologyAnnualActivityLowerLimit,TECHNOLOGY,IN_DEMRESELCFAN_HIG,IN,2045,0.004402,0.012104
TotalTechnologyAnnualActivityLowerLimit,TECHNOLOGY,IN_DEMRESELCFAN_HIG,IN,2046,0.0044,0.01259
TotalTechnologyAnnualActivityLowerLimit,TECHNOLOGY,IN_DEMRESELCFAN_HIG,IN,2047,0.004402,0.013091
TotalTechnologyAnnualActivityLowerLimit,TECHNOLOGY,IN_DEMRESELCFAN_HIG,IN,2048,0.004404,0.013599
TotalTechnologyAnnualActivityLowerLimit,TECHNOLOGY,IN_DEMRESELCFAN_HIG,IN,2049,0.004405,0.014107
TotalTechnologyAnnualActivityLowerLimit,TECHNOLOGY,IN_DEMRESELCFAN_HIG,IN,2050,0.004408,0.014627
TotalTechnologyAnnualActivityLowerLimit,TECHNOLOGY,IN_DEMRESELCFAN_HIG,IN,2051,0.004412,0.014804
TotalTechnologyAnnualActivityLowerLimit,TECHNOLOGY,IN_DEMRESELCFAN_HIG,IN,2052,0.004416,0.014979
TotalTechnologyAnnualActivityLowerLimit,TECHNOLOGY,IN_DEMRESELCFAN_HIG,IN,2053,0.004422,0.015154
TotalTechnologyAnnualActivityLowerLimit,TECHNOLOGY,IN_DEMRESELCFAN_HIG,IN,2054,0.004429,0.015328
TotalTechnologyAnnualActivityLowerLimit,TECHNOLOGY,IN_DEMRESELCFAN_LOW,IN,2022,0.004905,0.001819
TotalTechnologyAnnualActivityLowerLimit,TECHNOLOGY,IN_DEMRESELCFAN_LOW,IN,2023,0.00527,0.00203
TotalTechnologyAnnualActivityLowerLimit,TECHNOLOGY,IN_DEMRESELCFAN_LOW,IN,2024,0.004145,0.001638
TotalTechnologyAnnualActivityLowerLimit,TECHNOLOGY,IN_DEMRESELCFAN_LOW,IN,2025,0.00442,0.001693
TotalTechnologyAnnualActivityLowerLimit,TECHNOLOGY,IN_DEMRESELCFAN_LOW,IN,2026,0.004425,0.001589
TotalTechnologyAnnualActivityLowerLimit,TECHNOLOGY,IN_DEMRESELCFAN_MID,IN,2022,0.004905,1.3e-05
TotalTechnologyAnnualActivityLowerLimit,TECHNOLOGY,IN_DEMRESELCFAN_MID,IN,2023,0.00527,1.9e-05
TotalTechnologyAnnualActivityLowerLimit,TECHNOLOGY,IN_DEMRESELCFAN_MID,IN,2024,0.004145,3.7e-05
TotalTechnologyAnnualActivityLowerLimit,TECHNOLOGY,IN_DEMRESELCFAN_MID,IN,2025,0.00442,3.8e-05
TotalTechnologyAnnualActivityLowerLimit,TECHNOLOGY,IN_DEMRESELCFAN_MID,IN,2026,0.004425,3.6e-05
TotalTechnologyAnnualActivityLowerLimit,TECHNOLOGY,IN_DEMRESELCOTH_LOW,IN,2022,0.003507,0.05389
TotalTechnologyAnnualActivityLowerLimit,TECHNOLOGY,IN_DEMRESELCOTH_LOW,IN,2023,0.003652,0.058182
TotalTechnologyAnnualActivityLowerLimit,TECHNOLOGY,IN_DEMRESELCOTH_LOW,IN,2024,0.003624,0.059178
TotalTechnologyAnnualActivityLowerLimit,TECHNOLOGY,IN_DEMRESELCOTH_LOW,IN,2025,0.005082,0.042473
TotalTechnologyAnnualActivityLowerLimit,TECHNOLOGY,IN_DEMRESELCOTH_LOW,IN,2026,0.004484,0.024977
TotalTechnologyAnnualActivityLowerLimit,TECHNOLOGY,IN_DEMRESELCOTH_MID,IN,2022,0.001734,0.002951
TotalTechnologyAnnualActivityLowerLimit,TECHNOLOGY,IN_DEMRESELCOTH_MID,IN,2023,0.001301,0.002196
TotalTechnologyAnnualActivityLowerLimit,TECHNOLOGY,IN_DEMRESELCOTH_MID,IN,2024,0.0015,0.002658
TotalTechnologyAnnualActivityLowerLimit,TECHNOLOGY,IN_DEMRESELCOTH_MID,IN,2025,0.001308,0.000975
TotalTechnologyAnnualActivityLowerLimit,TECHNOLOGY,IN_DEMRESELCOTH_MID,IN,2026,0.00132,0.000523
TotalTechnologyAnnualActivityLowerLimit,TECHNOLOGY,IN_DEMRESELCREF_LOW,IN,2022,0.002309,0.014982
TotalTechnologyAnnualActivityLowerLimit,TECHNOLOGY,IN_DEMRESELCREF_LOW,IN,2023,0.002454,0.016565
TotalTechnologyAnnualActivityLowerLimit,TECHNOLOGY,IN_DEMRESELCREF_LOW,IN,2024,0.00207,0.014354
TotalTechnologyAnnualActivityLowerLimit,TECHNOLOGY,IN_DEMRESELCREF_LOW,IN,2025,0.002253,0.015602
TotalTechnologyAnnualActivityLowerLimit,TECHNOLOGY,IN_DEMRESELCREF_LOW,IN,2026,0.002253,0.01556
TotalTechnologyAnnualActivityLowerLimit,TECHNOLOGY,IN_DEMRESELCREF_MID,IN,2022,0.002309,0.000103
TotalTechnologyAnnualActivityLowerLimit,TECHNOLOGY,IN_DEMRESELCREF_MID,IN,2023,0.002454,0.000156
TotalTechnologyAnnualActivityLowerLimit,TECHNOLOGY,IN_DEMRESELCREF_MID,IN,2024,0.00207,0.000325
TotalTechnologyAnnualActivityLowerLimit,TECHNOLOGY,IN_DEMRESELCREF_MID,IN,2025,0.002253,0.000353
TotalTechnologyAnnualActivityLowerLimit,TECHNOLOGY,IN_DEMRESELCREF_MID,IN,2026,0.002253,0.000352
TotalTechnologyAnnualActivityLowerLimit,TECHNOLOGY,IN_DEMRESLPGCKN_LOW,IN,2022,0.016641,0.117241
TotalTechnologyAnnualActivityLowerLimit,TECHNOLOGY,IN_DEMRESLPGCKN_LOW,IN,2023,0.017038,0.117514
TotalTechnologyAnnualActivityLowerLimit,TECHNOLOGY,IN_DEMRESLPGCKN_LOW,IN,2024,0.014698,0.102544
TotalTechnologyAnnualActivityLowerLimit,TECHNOLOGY,IN_DEMRESLPGCKN_LOW,IN,2025,0.016297,0.108485
TotalTechnologyAnnualActivityLowerLimit,TECHNOLOGY,IN_DEMRESLPGCKN_LOW,IN,2026,0.016336,0.106079
TotalTechnologyAnnualActivityLowerLimit,TECHNOLOGY,IN_DEMRESLPGCKN_LOW,IN,2027,0.016373,0.103205
TotalTechnologyAnnualActivityLowerLimit,TECHNOLOGY,IN_DEMRESLPGCKN_LOW,IN,2028,0.016403,0.099883
TotalTechnologyAnnualActivityLowerLimit,TECHNOLOGY,IN_DEMRESLPGCKN_LOW,IN,2029,0.016434,0.096216
TotalTechnologyAnnualActivityLowerLimit,TECHNOLOGY,IN_DEMRESLPGCKN_LOW,IN,2030,0.016456,0.092201
TotalTechnologyAnnualActivityLowerLimit,TECHNOLOGY,IN_DEMRESLPGCKN_LOW,IN,2031,0.016467,0.087884
TotalTechnologyAnnualActivityLowerLimit,TECHNOLOGY,IN_DEMRESLPGCKN_LOW,IN,2032,0.016476,0.083376
TotalTechnologyAnnualActivityLowerLimit,TECHNOLOGY,IN_DEMRESLPGCKN_LOW,IN,2033,0.016483,0.078736
TotalTechnologyAnnualActivityLowerLimit,TECHNOLOGY,IN_DEMRESLPGCKN_LOW,IN,2034,0.016488,0.074007
TotalTechnologyAnnualActivityLowerLimit,TECHNOLOGY,IN_DEMRESLPGCKN_LOW,IN,2035,0.016493,0.069254
TotalTechnologyAnnualActivityLowerLimit,TECHNOLOGY,IN_DEMRESLPGCKN_LOW,IN,2036,0.016495,0.064506
TotalTechnologyAnnualActivityLowerLimit,TECHNOLOGY,IN_DEMRESLPGCKN_LOW,IN,2037,0.016511,0.059871
TotalTechnologyAnnualActivityLowerLimit,TECHNOLOGY,IN_DEMRESLPGCKN_LOW,IN,2038,0.016518,0.055299
TotalTechnologyAnnualActivityLowerLimit,TECHNOLOGY,IN_DEMRESLPGCKN_LOW,IN,2039,0.01652,0.050835
TotalTechnologyAnnualActivityLowerLimit,TECHNOLOGY,IN_DEMRESLPGCKN_LOW,IN,2040,0.016527,0.046546
TotalTechnologyAnnualActivityLowerLimit,TECHNOLOGY,IN_DEMRESLPGCKN_LOW,IN,2041,0.016531,0.042429
TotalTechnologyAnnualActivityLowerLimit,TECHNOLOGY,IN_DEMRESLPGCKN_LOW,IN,2042,0.016546,0.038537
TotalTechnologyAnnualActivityLowerLimit,TECHNOLOGY,IN_DEMRESLPGCKN_LOW,IN,2043,0.016556,0.034843
TotalTechnologyAnnualActivityLowerLimit,TECHNOLOGY,IN_DEMRESLPGCKN_LOW,IN,2044,0.016572,0.031381
TotalTechnologyAnnualActivityLowerLimit,TECHNOLOGY,IN_DEMRESLPGCKN_LOW,IN,2045,0.016592,0.02815
TotalTechnologyAnnualActivityLowerLimit,TECHNOLOGY,IN_DEMRESLPGCKN_LOW,IN,2046,0.0166,0.025128
TotalTechnologyAnnualActivityLowerLimit,TECHNOLOGY,IN_DEMRESLPGCKN_LOW,IN,2047,0.016618,0.022351
TotalTechnologyAnnualActivityLowerLimit,TECHNOLOGY,IN_DEMRESLPGCKN_LOW,IN,2048,0.016637,0.019799
TotalTechnologyAnnualActivityLowerLimit,TECHNOLOGY,IN_DEMRESLPGCKN_LOW,IN,2049,0.01665,0.017459
TotalTechnologyAnnualActivityLowerLimit,TECHNOLOGY,IN_DEMRESLPGCKN_LOW,IN,2050,0.016672,0.015341
TotalTechnologyAnnualActivityLowerLimit,TECHNOLOGY,IN_DEMRESLPGCKN_LOW,IN,2051,0.016696,0.013426
TotalTechnologyAnnualActivityLowerLimit,TECHNOLOGY,IN_DEMRESLPGCKN_LOW,IN,2052,0.016722,0.011703
TotalTechnologyAnnualActivityLowerLimit,TECHNOLOGY,IN_DEMRESLPGCKN_LOW,IN,2053,0.016751,0.010162
TotalTechnologyAnnualActivityLowerLimit,TECHNOLOGY,IN_DEMRESLPGCKN_LOW,IN,2054,0.016783,0.008789
TotalTechnologyAnnualActivityLowerLimit,TECHNOLOGY,IN_DEMRESLPGCKN_MID,IN,2022,0.016641,0.000808
TotalTechnologyAnnualActivityLowerLimit,TECHNOLOGY,IN_DEMRESLPGCKN_MID,IN,2023,0.017038,0.00111
TotalTechnologyAnnualActivityLowerLimit,TECHNOLOGY,IN_DEMRESLPGCKN_MID,IN,2024,0.014698,0.002321
TotalTechnologyAnnualActivityLowerLimit,TECHNOLOGY,IN_DEMRESLPGCKN_MID,IN,2025,0.016297,0.002455
TotalTechnologyAnnualActivityLowerLimit,TECHNOLOGY,IN_DEMRESLPGCKN_MID,IN,2026,0.016336,0.002401
TotalTechnologyAnnualActivityLowerLimit,TECHNOLOGY,IN_DEMRESLPGCKN_MID,IN,2027,0.016373,0.002336
TotalTechnologyAnnualActivityLowerLimit,TECHNOLOGY,IN_DEMRESLPGCKN_MID,IN,2028,0.016403,0.00226
TotalTechnologyAnnualActivityLowerLimit,TECHNOLOGY,IN_DEMRESLPGCKN_MID,IN,2029,0.016434,0.002177
TotalTechnologyAnnualActivityLowerLimit,TECHNOLOGY,IN_DEMRESLPGCKN_MID,IN,2030,0.016456,0.002087
TotalTechnologyAnnualActivityLowerLimit,TECHNOLOGY,IN_DEMRESLPGCKN_MID,IN,2031,0.016467,0.001989
TotalTechnologyAnnualActivityLowerLimit,TECHNOLOGY,IN_DEMRESLPGCKN_MID,IN,2032,0.016476,0.001887
TotalTechnologyAnnualActivityLowerLimit,TECHNOLOGY,IN_DEMRESLPGCKN_MID,IN,2033,0.016483,0.001782
TotalTechnologyAnnualActivityLowerLimit,TECHNOLOGY,IN_DEMRESLPGCKN_MID,IN,2034,0.016488,0.001675
TotalTechnologyAnnualActivityLowerLimit,TECHNOLOGY,IN_DEMRESLPGCKN_MID,IN,2035,0.016493,0.001567
TotalTechnologyAnnualActivityLowerLimit,TECHNOLOGY,IN_DEMRESLPGCKN_MID,IN,2036,0.016495,0.00146
TotalTechnologyAnnualActivityLowerLimit,TECHNOLOGY,IN_DEMRESLPGCKN_MID,IN,2037,0.016511,0.001355
TotalTechnologyAnnualActivityLowerLimit,TECHNOLOGY,IN_DEMRESLPGCKN_MID,IN,2038,0.016518,0.001251
TotalTechnologyAnnualActivityLowerLimit,TECHNOLOGY,IN_DEMRESLPGCKN_MID,IN,2039,0.01652,0.00115
TotalTechnologyAnnualActivityLowerLimit,TECHNOLOGY,IN_DEMRESLPGCKN_MID,IN,2040,0.016527,0.001053
TotalTechnologyAnnualActivityLowerLimit,TECHNOLOGY,IN_DEMRESLPGCKN_MID,IN,2041,0.016531,0.00096
TotalTechnologyAnnualActivityLowerLimit,TECHNOLOGY,IN_DEMRESLPGCKN_MID,IN,2042,0.016546,0.000872
TotalTechnologyAnnualActivityLowerLimit,TECHNOLOGY,IN_DEMRESLPGCKN_MID,IN,2043,0.016556,0.000789
TotalTechnologyAnnualActivityLowerLimit,TECHNOLOGY,IN_DEMRESLPGCKN_MID,IN,2044,0.016572,0.00071
TotalTechnologyAnnualActivityLowerLimit,TECHNOLOGY,IN_DEMRESLPGCKN_MID,IN,2045,0.016592,0.000637
TotalTechnologyAnnualActivityLowerLimit,TECHNOLOGY,IN_DEMRESLPGCKN_MID,IN,2046,0.0166,0.000569
TotalTechnologyAnnualActivityLowerLimit,TECHNOLOGY,IN_DEMRESLPGCKN_MID,IN,2047,0.016618,0.000506
TotalTechnologyAnnualActivityLowerLimit,TECHNOLOGY,IN_DEMRESLPGCKN_MID,IN,2048,0.016637,0.000448
TotalTechnologyAnnualActivityLowerLimit,TECHNOLOGY,IN_DEMRESLPGCKN_MID,IN,2049,0.01665,0.000395
TotalTechnologyAnnualActivityLowerLimit,TECHNOLOGY,IN_DEMRESLPGCKN_MID,IN,2050,0.016672,0.000347
TotalTechnologyAnnualActivityLowerLimit,TECHNOLOGY,IN_DEMRESLPGCKN_MID,IN,2051,0.016696,0.000304
TotalTechnologyAnnualActivityLowerLimit,TECHNOLOGY,IN_DEMRESLPGCKN_MID,IN,2052,0.016722,0.000265
TotalTechnologyAnnualActivityLowerLimit,TECHNOLOGY,IN_DEMRESLPGCKN_MID,IN,2053,0.016751,0.00023
TotalTechnologyAnnualActivityLowerLimit,TECHNOLOGY,IN_DEMRESLPGCKN_MID,IN,2054,0.016783,0.000199
TotalTechnologyAnnualActivityLowerLimit,TECHNOLOGY,SE_DEMRESELCAIR_PAR_LOW,SE,2022,0.003799,0.001919
TotalTechnologyAnnualActivityLowerLimit,TECHNOLOGY,SE_DEMRESELCAIR_PAR_LOW,SE,2023,0.003185,0.001799
TotalTechnologyAnnualActivityLowerLimit,TECHNOLOGY,SE_DEMRESELCAIR_PAR_LOW,SE,2024,0.003786,0.002343
TotalTechnologyAnnualActivityLowerLimit,TECHNOLOGY,SE_DEMRESELCAIR_PAR_LOW,SE,2025,0.003906,0.002416
TotalTechnologyAnnualActivityLowerLimit,TECHNOLOGY,SE_DEMRESELCAIR_PAR_LOW,SE,2026,0.003955,0.002445
TotalTechnologyAnnualActivityLowerLimit,TECHNOLOGY,SE_DEMRESELCAIR_PAR_MID,SE,2022,0.003799,1.3e-05
TotalTechnologyAnnualActivityLowerLimit,TECHNOLOGY,SE_DEMRESELCAIR_PAR_MID,SE,2023,0.003185,1.7e-05
TotalTechnologyAnnualActivityLowerLimit,TECHNOLOGY,SE_DEMRESELCAIR_PAR_MID,SE,2024,0.003786,5.3e-05
TotalTechnologyAnnualActivityLowerLimit,TECHNOLOGY,SE_DEMRESELCAIR_PAR_MID,SE,2025,0.003906,5.5e-05
TotalTechnologyAnnualActivityLowerLimit,TECHNOLOGY,SE_DEMRESELCAIR_PAR_MID,SE,2026,0.003955,5.5e-05
TotalTechnologyAnnualActivityLowerLimit,TECHNOLOGY,SE_DEMRESELCAIR_SPL_LOW,SE,2022,0.003799,0.003564
TotalTechnologyAnnualActivityLowerLimit,TECHNOLOGY,SE_DEMRESELCAIR_SPL_LOW,SE,2023,0.003185,0.003341
TotalTechnologyAnnualActivityLowerLimit,TECHNOLOGY,SE_DEMRESELCAIR_SPL_LOW,SE,2024,0.003786,0.004351
TotalTechnologyAnnualActivityLowerLimit,TECHNOLOGY,SE_DEMRESELCAIR_SPL_LOW,SE,2025,0.003906,0.004471
TotalTechnologyAnnualActivityLowerLimit,TECHNOLOGY,SE_DEMRESELCAIR_SPL_LOW,SE,2026,0.003955,0.004489
TotalTechnologyAnnualActivityLowerLimit,TECHNOLOGY,SE_DEMRESELCAIR_SPL_MID,SE,2022,0.003799,2.5e-05
TotalTechnologyAnnualActivityLowerLimit,TECHNOLOGY,SE_DEMRESELCAIR_SPL_MID,SE,2023,0.003185,3.2e-05
TotalTechnologyAnnualActivityLowerLimit,TECHNOLOGY,SE_DEMRESELCAIR_SPL_MID,SE,2024,0.003786,9.8e-05
TotalTechnologyAnnualActivityLowerLimit,TECHNOLOGY,SE_DEMRESELCAIR_SPL_MID,SE,2025,0.003906,0.000101
TotalTechnologyAnnualActivityLowerLimit,TECHNOLOGY,SE_DEMRESELCAIR_SPL_MID,SE,2026,0.003955,0.000102
TotalTechnologyAnnualActivityLowerLimit,TECHNOLOGY,SE_DEMRESELCCKN_HIG,SE,2030,0.009517,0.000673
TotalTechnologyAnnualActivityLowerLimit,TECHNOLOGY,SE_DEMRESELCCKN_HIG,SE,2031,0.009633,0.001399
TotalTechnologyAnnualActivityLowerLimit,TECHNOLOGY,SE_DEMRESELCCKN_HIG,SE,2032,0.009745,0.002141
TotalTechnologyAnnualActivityLowerLimit,TECHNOLOGY,SE_DEMRESELCCKN_HIG,SE,2033,0.00986,0.002899
TotalTechnologyAnnualActivityLowerLimit,TECHNOLOGY,SE_DEMRESELCCKN_HIG,SE,2034,0.009973,0.003672
TotalTechnologyAnnualActivityLowerLimit,TECHNOLOGY,SE_DEMRESELCCKN_HIG,SE,2035,0.010083,0.00446
TotalTechnologyAnnualActivityLowerLimit,TECHNOLOGY,SE_DEMRESELCCKN_HIG,SE,2036,0.010116,0.005232
TotalTechnologyAnnualActivityLowerLimit,TECHNOLOGY,SE_DEMRESELCCKN_HIG,SE,2037,0.010224,0.006054
TotalTechnologyAnnualActivityLowerLimit,TECHNOLOGY,SE_DEMRESELCCKN_HIG,SE,2038,0.01033,0.006893
TotalTechnologyAnnualActivityLowerLimit,TECHNOLOGY,SE_DEMRESELCCKN_HIG,SE,2039,0.010436,0.007749
TotalTechnologyAnnualActivityLowerLimit,TECHNOLOGY,SE_DEMRESELCCKN_HIG,SE,2040,0.010542,0.008622
TotalTechnologyAnnualActivityLowerLimit,TECHNOLOGY,SE_DEMRESELCCKN_HIG,SE,2041,0.010645,0.009515
TotalTechnologyAnnualActivityLowerLimit,TECHNOLOGY,SE_DEMRESELCCKN_HIG,SE,2042,0.010747,0.010424
TotalTechnologyAnnualActivityLowerLimit,TECHNOLOGY,SE_DEMRESELCCKN_HIG,SE,2043,0.010852,0.011353
TotalTechnologyAnnualActivityLowerLimit,TECHNOLOGY,SE_DEMRESELCCKN_HIG,SE,2044,0.010957,0.012299
TotalTechnologyAnnualActivityLowerLimit,TECHNOLOGY,SE_DEMRESELCCKN_HIG,SE,2045,0.01106,0.013259
TotalTechnologyAnnualActivityLowerLimit,TECHNOLOGY,SE_DEMRESELCCKN_HIG,SE,2046,0.011165,0.014242
TotalTechnologyAnnualActivityLowerLimit,TECHNOLOGY,SE_DEMRESELCCKN_HIG,SE,2047,0.011271,0.015244
TotalTechnologyAnnualActivityLowerLimit,TECHNOLOGY,SE_DEMRESELCCKN_HIG,SE,2048,0.011383,0.016274
TotalTechnologyAnnualActivityLowerLimit,TECHNOLOGY,SE_DEMRESELCCKN_HIG,SE,2049,0.011491,0.017309
TotalTechnologyAnnualActivityLowerLimit,TECHNOLOGY,SE_DEMRESELCCKN_HIG,SE,2050,0.011608,0.018302
TotalTechnologyAnnualActivityLowerLimit,TECHNOLOGY,SE_DEMRESELCCKN_HIG,SE,2051,0.011726,0.019033
TotalTechnologyAnnualActivityLowerLimit,TECHNOLOGY,SE_DEMRESELCCKN_HIG,SE,2052,0.011847,0.019768
TotalTechnologyAnnualActivityLowerLimit,TECHNOLOGY,SE_DEMRESELCCKN_HIG,SE,2053,0.011971,0.02048
TotalTechnologyAnnualActivityLowerLimit,TECHNOLOGY,SE_DEMRESELCCKN_HIG,SE,2054,0.012098,0.021194
TotalTechnologyAnnualActivityLowerLimit,TECHNOLOGY,SE_DEMRESELCCKN_LOW,SE,2022,0.006555,0.026633
TotalTechnologyAnnualActivityLowerLimit,TECHNOLOGY,SE_DEMRESELCCKN_LOW,SE,2023,0.004623,0.02012
TotalTechnologyAnnualActivityLowerLimit,TECHNOLOGY,SE_DEMRESELCCKN_LOW,SE,2024,0.007034,0.032043
TotalTechnologyAnnualActivityLowerLimit,TECHNOLOGY,SE_DEMRESELCCKN_LOW,SE,2025,0.007491,0.032559
TotalTechnologyAnnualActivityLowerLimit,TECHNOLOGY,SE_DEMRESELCCKN_LOW,SE,2026,0.007569,0.032091
TotalTechnologyAnnualActivityLowerLimit,TECHNOLOGY,SE_DEMRESELCCKN_LOW,SE,2027,0.009203,0.030538
TotalTechnologyAnnualActivityLowerLimit,TECHNOLOGY,SE_DEMRESELCCKN_LOW,SE,2028,0.009299,0.029807
TotalTechnologyAnnualActivityLowerLimit,TECHNOLOGY,SE_DEMRESELCCKN_LOW,SE,2029,0.009406,0.02899
TotalTechnologyAnnualActivityLowerLimit,TECHNOLOGY,SE_DEMRESELCCKN_LOW,SE,2030,0.009517,0.028069
TotalTechnologyAnnualActivityLowerLimit,TECHNOLOGY,SE_DEMRESELCCKN_LOW,SE,2031,0.009633,0.027062
TotalTechnologyAnnualActivityLowerLimit,TECHNOLOGY,SE_DEMRESELCCKN_LOW,SE,2032,0.009745,0.02596
TotalTechnologyAnnualActivityLowerLimit,TECHNOLOGY,SE_DEMRESELCCKN_LOW,SE,2033,0.00986,0.024794
TotalTechnologyAnnualActivityLowerLimit,TECHNOLOGY,SE_DEMRESELCCKN_LOW,SE,2034,0.009973,0.023564
TotalTechnologyAnnualActivityLowerLimit,TECHNOLOGY,SE_DEMRESELCCKN_LOW,SE,2035,0.010083,0.022287
TotalTechnologyAnnualActivityLowerLimit,TECHNOLOGY,SE_DEMRESELCCKN_LOW,SE,2036,0.010116,0.020824
TotalTechnologyAnnualActivityLowerLimit,TECHNOLOGY,SE_DEMRESELCCKN_LOW,SE,2037,0.010224,0.019516
TotalTechnologyAnnualActivityLowerLimit,TECHNOLOGY,SE_DEMRESELCCKN_LOW,SE,2038,0.01033,0.018204
TotalTechnologyAnnualActivityLowerLimit,TECHNOLOGY,SE_DEMRESELCCKN_LOW,SE,2039,0.010436,0.016906
TotalTechnologyAnnualActivityLowerLimit,TECHNOLOGY,SE_DEMRESELCCKN_LOW,SE,2040,0.010542,0.01563
TotalTechnologyAnnualActivityLowerLimit,TECHNOLOGY,SE_DEMRESELCCKN_LOW,SE,2041,0.010645,0.014383
TotalTechnologyAnnualActivityLowerLimit,TECHNOLOGY,SE_DEMRESELCCKN_LOW,SE,2042,0.010747,0.013176
TotalTechnologyAnnualActivityLowerLimit,TECHNOLOGY,SE_DEMRESELCCKN_LOW,SE,2043,0.010852,0.012022
TotalTechnologyAnnualActivityLowerLimit,TECHNOLOGY,SE_DEMRESELCCKN_LOW,SE,2044,0.010957,0.010922
TotalTechnologyAnnualActivityLowerLimit,TECHNOLOGY,SE_DEMRESELCCKN_LOW,SE,2045,0.01106,0.009878
TotalTechnologyAnnualActivityLowerLimit,TECHNOLOGY,SE_DEMRESELCCKN_LOW,SE,2046,0.011165,0.008897
TotalTechnologyAnnualActivityLowerLimit,TECHNOLOGY,SE_DEMRESELCCKN_LOW,SE,2047,0.011271,0.00798
TotalTechnologyAnnualActivityLowerLimit,TECHNOLOGY,SE_DEMRESELCCKN_LOW,SE,2048,0.011383,0.007131
TotalTechnologyAnnualActivityLowerLimit,TECHNOLOGY,SE_DEMRESELCCKN_LOW,SE,2049,0.011491,0.006343
TotalTechnologyAnnualActivityLowerLimit,TECHNOLOGY,SE_DEMRESELCCKN_LOW,SE,2050,0.011608,0.005623
TotalTechnologyAnnualActivityLowerLimit,TECHNOLOGY,SE_DEMRESELCCKN_LOW,SE,2051,0.011726,0.004964
TotalTechnologyAnnualActivityLowerLimit,TECHNOLOGY,SE_DEMRESELCCKN_LOW,SE,2052,0.011847,0.004365
TotalTechnologyAnnualActivityLowerLimit,TECHNOLOGY,SE_DEMRESELCCKN_LOW,SE,2053,0.011971,0.003823
TotalTechnologyAnnualActivityLowerLimit,TECHNOLOGY,SE_DEMRESELCCKN_LOW,SE,2054,0.012098,0.003335
TotalTechnologyAnnualActivityLowerLimit,TECHNOLOGY,SE_DEMRESELCCKN_MID,SE,2022,0.006555,0.000184
TotalTechnologyAnnualActivityLowerLimit,TECHNOLOGY,SE_DEMRESELCCKN_MID,SE,2023,0.004623,0.00019
TotalTechnologyAnnualActivityLowerLimit,TECHNOLOGY,SE_DEMRESELCCKN_MID,SE,2024,0.007034,0.000725
TotalTechnologyAnnualActivityLowerLimit,TECHNOLOGY,SE_DEMRESELCCKN_MID,SE,2025,0.005911,0.001477
TotalTechnologyAnnualActivityLowerLimit,TECHNOLOGY,SE_DEMRESELCCKN_MID,SE,2026,0.006644,0.002112
TotalTechnologyAnnualActivityLowerLimit,TECHNOLOGY,SE_DEMRESELCCKN_MID,SE,2027,0.009203,0.002647
TotalTechnologyAnnualActivityLowerLimit,TECHNOLOGY,SE_DEMRESELCCKN_MID,SE,2028,0.009299,0.003312
TotalTechnologyAnnualActivityLowerLimit,TECHNOLOGY,SE_DEMRESELCCKN_MID,SE,2029,0.009406,0.003993
TotalTechnologyAnnualActivityLowerLimit,TECHNOLOGY,SE_DEMRESELCCKN_MID,SE,2030,0.009517,0.004683
TotalTechnologyAnnualActivityLowerLimit,TECHNOLOGY,SE_DEMRESELCCKN_MID,SE,2031,0.009633,0.005427
TotalTechnologyAnnualActivityLowerLimit,TECHNOLOGY,SE_DEMRESELCCKN_MID,SE,2032,0.009745,0.006184
TotalTechnologyAnnualActivityLowerLimit,TECHNOLOGY,SE_DEMRESELCCKN_MID,SE,2033,0.00986,0.006958
TotalTechnologyAnnualActivityLowerLimit,TECHNOLOGY,SE_DEMRESELCCKN_MID,SE,2034,0.009973,0.007745
TotalTechnologyAnnualActivityLowerLimit,TECHNOLOGY,SE_DEMRESELCCKN_MID,SE,2035,0.010083,0.008545
TotalTechnologyAnnualActivityLowerLimit,TECHNOLOGY,SE_DEMRESELCCKN_MID,SE,2036,0.010116,0.009298
TotalTechnologyAnnualActivityLowerLimit,TECHNOLOGY,SE_DEMRESELCCKN_MID,SE,2037,0.010224,0.01013
TotalTechnologyAnnualActivityLowerLimit,TECHNOLOGY,SE_DEMRESELCCKN_MID,SE,2038,0.01033,0.010977
TotalTechnologyAnnualActivityLowerLimit,TECHNOLOGY,SE_DEMRESELCCKN_MID,SE,2039,0.010436,0.01184
TotalTechnologyAnnualActivityLowerLimit,TECHNOLOGY,SE_DEMRESELCCKN_MID,SE,2040,0.010542,0.01272
TotalTechnologyAnnualActivityLowerLimit,TECHNOLOGY,SE_DEMRESELCCKN_MID,SE,2041,0.010645,0.013618
TotalTechnologyAnnualActivityLowerLimit,TECHNOLOGY,SE_DEMRESELCCKN_MID,SE,2042,0.010747,0.014531
TotalTechnologyAnnualActivityLowerLimit,TECHNOLOGY,SE_DEMRESELCCKN_MID,SE,2043,0.010852,0.015463
TotalTechnologyAnnualActivityLowerLimit,TECHNOLOGY,SE_DEMRESELCCKN_MID,SE,2044,0.010957,0.016412
TotalTechnologyAnnualActivityLowerLimit,TECHNOLOGY,SE_DEMRESELCCKN_MID,SE,2045,0.01106,0.017375
TotalTechnologyAnnualActivityLowerLimit,TECHNOLOGY,SE_DEMRESELCCKN_MID,SE,2046,0.011165,0.01836
TotalTechnologyAnnualActivityLowerLimit,TECHNOLOGY,SE_DEMRESELCCKN_MID,SE,2047,0.011271,0.019362
TotalTechnologyAnnualActivityLowerLimit,TECHNOLOGY,SE_DEMRESELCCKN_MID,SE,2048,0.011383,0.020395
TotalTechnologyAnnualActivityLowerLimit,TECHNOLOGY,SE_DEMRESELCCKN_MID,SE,2049,0.011491,0.021431
TotalTechnologyAnnualActivityLowerLimit,TECHNOLOGY,SE_DEMRESELCCKN_MID,SE,2050,0.011608,0.02243
TotalTechnologyAnnualActivityLowerLimit,TECHNOLOGY,SE_DEMRESELCCKN_MID,SE,2051,0.011726,0.023179
TotalTechnologyAnnualActivityLowerLimit,TECHNOLOGY,SE_DEMRESELCCKN_MID,SE,2052,0.011847,0.023933
TotalTechnologyAnnualActivityLowerLimit,TECHNOLOGY,SE_DEMRESELCCKN_MID,SE,2053,0.011971,0.024667
TotalTechnologyAnnualActivityLowerLimit,TECHNOLOGY,SE_DEMRESELCCKN_MID,SE,2054,0.012098,0.025404
TotalTechnologyAnnualActivityLowerLimit,TECHNOLOGY,SE_DEMRESELCFAN_HIG,SE,2025,0.004872,0.002278
TotalTechnologyAnnualActivityLowerLimit,TECHNOLOGY,SE_DEMRESELCFAN_HIG,SE,2026,0.004932,0.002804
TotalTechnologyAnnualActivityLowerLimit,TECHNOLOGY,SE_DEMRESELCFAN_HIG,SE,2027,0.004994,0.003478
TotalTechnologyAnnualActivityLowerLimit,TECHNOLOGY,SE_DEMRESELCFAN_HIG,SE,2028,0.005418,0.004737
TotalTechnologyAnnualActivityLowerLimit,TECHNOLOGY,SE_DEMRESELCFAN_HIG,SE,2029,0.006194,0.007819
TotalTechnologyAnnualActivityLowerLimit,TECHNOLOGY,SE_DEMRESELCFAN_HIG,SE,2030,0.006258,0.008466
TotalTechnologyAnnualActivityLowerLimit,TECHNOLOGY,SE_DEMRESELCFAN_HIG,SE,2031,0.006329,0.009141
TotalTechnologyAnnualActivityLowerLimit,TECHNOLOGY,SE_DEMRESELCFAN_HIG,SE,2032,0.006399,0.009841
TotalTechnologyAnnualActivityLowerLimit,TECHNOLOGY,SE_DEMRESELCFAN_HIG,SE,2033,0.006473,0.010572
TotalTechnologyAnnualActivityLowerLimit,TECHNOLOGY,SE_DEMRESELCFAN_HIG,SE,2034,0.006546,0.011329
TotalTechnologyAnnualActivityLowerLimit,TECHNOLOGY,SE_DEMRESELCFAN_HIG,SE,2035,0.006619,0.012112
TotalTechnologyAnnualActivityLowerLimit,TECHNOLOGY,SE_DEMRESELCFAN_HIG,SE,2036,0.00666,0.012859
TotalTechnologyAnnualActivityLowerLimit,TECHNOLOGY,SE_DEMRESELCFAN_HIG,SE,2037,0.006733,0.013691
TotalTechnologyAnnualActivityLowerLimit,TECHNOLOGY,SE_DEMRESELCFAN_HIG,SE,2038,0.006805,0.01455
TotalTechnologyAnnualActivityLowerLimit,TECHNOLOGY,SE_DEMRESELCFAN_HIG,SE,2039,0.006878,0.015437
TotalTechnologyAnnualActivityLowerLimit,TECHNOLOGY,SE_DEMRESELCFAN_HIG,SE,2040,0.00695,0.01635
TotalTechnologyAnnualActivityLowerLimit,TECHNOLOGY,SE_DEMRESELCFAN_HIG,SE,2041,0.007021,0.017288
TotalTechnologyAnnualActivityLowerLimit,TECHNOLOGY,SE_DEMRESELCFAN_HIG,SE,2042,0.007091,0.018252
TotalTechnologyAnnualActivityLowerLimit,TECHNOLOGY,SE_DEMRESELCFAN_HIG,SE,2043,0.007163,0.019246
TotalTechnologyAnnualActivityLowerLimit,TECHNOLOGY,SE_DEMRESELCFAN_HIG,SE,2044,0.007234,0.020267
TotalTechnologyAnnualActivityLowerLimit,TECHNOLOGY,SE_DEMRESELCFAN_HIG,SE,2045,0.007305,0.021312
TotalTechnologyAnnualActivityLowerLimit,TECHNOLOGY,SE_DEMRESELCFAN_HIG,SE,2046,0.007376,0.022387
TotalTechnologyAnnualActivityLowerLimit,TECHNOLOGY,SE_DEMRESELCFAN_HIG,SE,2047,0.007446,0.02349
TotalTechnologyAnnualActivityLowerLimit,TECHNOLOGY,SE_DEMRESELCFAN_HIG,SE,2048,0.00752,0.02463
TotalTechnologyAnnualActivityLowerLimit,TECHNOLOGY,SE_DEMRESELCFAN_HIG,SE,2049,0.007591,0.025786
TotalTechnologyAnnualActivityLowerLimit,TECHNOLOGY,SE_DEMRESELCFAN_HIG,SE,2050,0.007669,0.026992
TotalTechnologyAnnualActivityLowerLimit,TECHNOLOGY,SE_DEMRESELCFAN_HIG,SE,2051,0.007753,0.027597
TotalTechnologyAnnualActivityLowerLimit,TECHNOLOGY,SE_DEMRESELCFAN_HIG,SE,2052,0.007838,0.028207
TotalTechnologyAnnualActivityLowerLimit,TECHNOLOGY,SE_DEMRESELCFAN_HIG,SE,2053,0.007924,0.028822
TotalTechnologyAnnualActivityLowerLimit,TECHNOLOGY,SE_DEMRESELCFAN_HIG,SE,2054,0.008012,0.02944
TotalTechnologyAnnualActivityLowerLimit,TECHNOLOGY,SE_DEMRESELCFAN_LOW,SE,2022,0.006705,0.003066
TotalTechnologyAnnualActivityLowerLimit,TECHNOLOGY,SE_DEMRESELCFAN_LOW,SE,2023,0.006521,0.003117
TotalTechnologyAnnualActivityLowerLimit,TECHNOLOGY,SE_DEMRESELCFAN_LOW,SE,2024,0.007608,0.003724
TotalTechnologyAnnualActivityLowerLimit,TECHNOLOGY,SE_DEMRESELCFAN_LOW,SE,2025,0.007914,0.003755
TotalTechnologyAnnualActivityLowerLimit,TECHNOLOGY,SE_DEMRESELCFAN_LOW,SE,2026,0.008014,0.003566
TotalTechnologyAnnualActivityLowerLimit,TECHNOLOGY,SE_DEMRESELCFAN_MID,SE,2022,0.006705,2.1e-05
TotalTechnologyAnnualActivityLowerLimit,TECHNOLOGY,SE_DEMRESELCFAN_MID,SE,2023,0.006521,2.9e-05
TotalTechnologyAnnualActivityLowerLimit,TECHNOLOGY,SE_DEMRESELCFAN_MID,SE,2024,0.007608,8.4e-05
TotalTechnologyAnnualActivityLowerLimit,TECHNOLOGY,SE_DEMRESELCFAN_MID,SE,2025,0.007914,8.5e-05
TotalTechnologyAnnualActivityLowerLimit,TECHNOLOGY,SE_DEMRESELCFAN_MID,SE,2026,0.008014,8.1e-05
TotalTechnologyAnnualActivityLowerLimit,TECHNOLOGY,SE_DEMRESELCOTH_LOW,SE,2022,0.001978,0.031351
TotalTechnologyAnnualActivityLowerLimit,TECHNOLOGY,SE_DEMRESELCOTH_LOW,SE,2023,0.002036,0.033515
TotalTechnologyAnnualActivityLowerLimit,TECHNOLOGY,SE_DEMRESELCOTH_LOW,SE,2024,0.002019,0.034077
TotalTechnologyAnnualActivityLowerLimit,TECHNOLOGY,SE_DEMRESELCOTH_LOW,SE,2025,0.002961,0.025941
TotalTechnologyAnnualActivityLowerLimit,TECHNOLOGY,SE_DEMRESELCOTH_LOW,SE,2026,0.002601,0.015384
TotalTechnologyAnnualActivityLowerLimit,TECHNOLOGY,SE_DEMRESELCOTH_MID,SE,2022,0.000751,0.001452
TotalTechnologyAnnualActivityLowerLimit,TECHNOLOGY,SE_DEMRESELCOTH_MID,SE,2023,0.00095,0.001833
TotalTechnologyAnnualActivityLowerLimit,TECHNOLOGY,SE_DEMRESELCOTH_MID,SE,2024,0.000952,0.001925
TotalTechnologyAnnualActivityLowerLimit,TECHNOLOGY,SE_DEMRESELCOTH_MID,SE,2025,0.001293,0.001197
TotalTechnologyAnnualActivityLowerLimit,TECHNOLOGY,SE_DEMRESELCOTH_MID,SE,2026,0.001323,0.000651
TotalTechnologyAnnualActivityLowerLimit,TECHNOLOGY,SE_DEMRESELCREF_LOW,SE,2022,0.00258,0.01741
TotalTechnologyAnnualActivityLowerLimit,TECHNOLOGY,SE_DEMRESELCREF_LOW,SE,2023,0.002719,0.019113
TotalTechnologyAnnualActivityLowerLimit,TECHNOLOGY,SE_DEMRESELCREF_LOW,SE,2024,0.002538,0.018324
TotalTechnologyAnnualActivityLowerLimit,TECHNOLOGY,SE_DEMRESELCREF_LOW,SE,2025,0.002721,0.019618
TotalTechnologyAnnualActivityLowerLimit,TECHNOLOGY,SE_DEMRESELCREF_LOW,SE,2026,0.002753,0.019794
TotalTechnologyAnnualActivityLowerLimit,TECHNOLOGY,SE_DEMRESELCREF_MID,SE,2022,0.00258,0.00012
TotalTechnologyAnnualActivityLowerLimit,TECHNOLOGY,SE_DEMRESELCREF_MID,SE,2023,0.002719,0.00018
TotalTechnologyAnnualActivityLowerLimit,TECHNOLOGY,SE_DEMRESELCREF_MID,SE,2024,0.002538,0.000415
TotalTechnologyAnnualActivityLowerLimit,TECHNOLOGY,SE_DEMRESELCREF_MID,SE,2025,0.002721,0.000444
TotalTechnologyAnnualActivityLowerLimit,TECHNOLOGY,SE_DEMRESELCREF_MID,SE,2026,0.002753,0.000448
TotalTechnologyAnnualActivityLowerLimit,TECHNOLOGY,SE_DEMRESLPGCKN_LOW,SE,2022,0.003669,0.04559
TotalTechnologyAnnualActivityLowerLimit,TECHNOLOGY,SE_DEMRESLPGCKN_LOW,SE,2023,0.004018,0.048865
TotalTechnologyAnnualActivityLowerLimit,TECHNOLOGY,SE_DEMRESLPGCKN_LOW,SE,2024,0.003914,0.04845
TotalTechnologyAnnualActivityLowerLimit,TECHNOLOGY,SE_DEMRESLPGCKN_LOW,SE,2025,0.004061,0.047965
TotalTechnologyAnnualActivityLowerLimit,TECHNOLOGY,SE_DEMRESLPGCKN_LOW,SE,2026,0.004118,0.047448
TotalTechnologyAnnualActivityLowerLimit,TECHNOLOGY,SE_DEMRESLPGCKN_LOW,SE,2027,0.004177,0.046721
TotalTechnologyAnnualActivityLowerLimit,TECHNOLOGY,SE_DEMRESLPGCKN_LOW,SE,2028,0.004235,0.045762
TotalTechnologyAnnualActivityLowerLimit,TECHNOLOGY,SE_DEMRESLPGCKN_LOW,SE,2029,0.004297,0.044644
TotalTechnologyAnnualActivityLowerLimit,TECHNOLOGY,SE_DEMRESLPGCKN_LOW,SE,2030,0.004361,0.043357
TotalTechnologyAnnualActivityLowerLimit,TECHNOLOGY,SE_DEMRESLPGCKN_LOW,SE,2031,0.004427,0.041928
TotalTechnologyAnnualActivityLowerLimit,TECHNOLOGY,SE_DEMRESLPGCKN_LOW,SE,2032,0.004493,0.040343
TotalTechnologyAnnualActivityLowerLimit,TECHNOLOGY,SE_DEMRESLPGCKN_LOW,SE,2033,0.00456,0.038646
TotalTechnologyAnnualActivityLowerLimit,TECHNOLOGY,SE_DEMRESLPGCKN_LOW,SE,2034,0.004626,0.03684
TotalTechnologyAnnualActivityLowerLimit,TECHNOLOGY,SE_DEMRESLPGCKN_LOW,SE,2035,0.004691,0.034949
TotalTechnologyAnnualActivityLowerLimit,TECHNOLOGY,SE_DEMRESLPGCKN_LOW,SE,2036,0.004731,0.032832
TotalTechnologyAnnualActivityLowerLimit,TECHNOLOGY,SE_DEMRESLPGCKN_LOW,SE,2037,0.004796,0.030856
TotalTechnologyAnnualActivityLowerLimit,TECHNOLOGY,SE_DEMRESLPGCKN_LOW,SE,2038,0.004859,0.028864
TotalTechnologyAnnualActivityLowerLimit,TECHNOLOGY,SE_DEMRESLPGCKN_LOW,SE,2039,0.004922,0.026877
TotalTechnologyAnnualActivityLowerLimit,TECHNOLOGY,SE_DEMRESLPGCKN_LOW,SE,2040,0.004985,0.024912
TotalTechnologyAnnualActivityLowerLimit,TECHNOLOGY,SE_DEMRESLPGCKN_LOW,SE,2041,0.005046,0.022982
TotalTechnologyAnnualActivityLowerLimit,TECHNOLOGY,SE_DEMRESLPGCKN_LOW,SE,2042,0.005107,0.021105
TotalTechnologyAnnualActivityLowerLimit,TECHNOLOGY,SE_DEMRESLPGCKN_LOW,SE,2043,0.005168,0.019298
TotalTechnologyAnnualActivityLowerLimit,TECHNOLOGY,SE_DEMRESLPGCKN_LOW,SE,2044,0.005229,0.017568
TotalTechnologyAnnualActivityLowerLimit,TECHNOLOGY,SE_DEMRESLPGCKN_LOW,SE,2045,0.005288,0.01592
TotalTechnologyAnnualActivityLowerLimit,TECHNOLOGY,SE_DEMRESLPGCKN_LOW,SE,2046,0.005348,0.014365
TotalTechnologyAnnualActivityLowerLimit,TECHNOLOGY,SE_DEMRESLPGCKN_LOW,SE,2047,0.005407,0.012905
TotalTechnologyAnnualActivityLowerLimit,TECHNOLOGY,SE_DEMRESLPGCKN_LOW,SE,2048,0.005468,0.011547
TotalTechnologyAnnualActivityLowerLimit,TECHNOLOGY,SE_DEMRESLPGCKN_LOW,SE,2049,0.005527,0.010285
TotalTechnologyAnnualActivityLowerLimit,TECHNOLOGY,SE_DEMRESLPGCKN_LOW,SE,2050,0.005591,0.009129
TotalTechnologyAnnualActivityLowerLimit,TECHNOLOGY,SE_DEMRESLPGCKN_LOW,SE,2051,0.005654,0.008068
TotalTechnologyAnnualActivityLowerLimit,TECHNOLOGY,SE_DEMRESLPGCKN_LOW,SE,2052,0.005718,0.007101
TotalTechnologyAnnualActivityLowerLimit,TECHNOLOGY,SE_DEMRESLPGCKN_LOW,SE,2053,0.005783,0.006225
TotalTechnologyAnnualActivityLowerLimit,TECHNOLOGY,SE_DEMRESLPGCKN_LOW,SE,2054,0.005849,0.005435
TotalTechnologyAnnualActivityLowerLimit,TECHNOLOGY,SE_DEMRESLPGCKN_MID,SE,2022,0.003669,0.000314
TotalTechnologyAnnualActivityLowerLimit,TECHNOLOGY,SE_DEMRESLPGCKN_MID,SE,2023,0.004018,0.000461
TotalTechnologyAnnualActivityLowerLimit,TECHNOLOGY,SE_DEMRESLPGCKN_MID,SE,2024,0.003914,0.001096
TotalTechnologyAnnualActivityLowerLimit,TECHNOLOGY,SE_DEMRESLPGCKN_MID,SE,2025,0.004061,0.001085
TotalTechnologyAnnualActivityLowerLimit,TECHNOLOGY,SE_DEMRESLPGCKN_MID,SE,2026,0.004118,0.001074
TotalTechnologyAnnualActivityLowerLimit,TECHNOLOGY,SE_DEMRESLPGCKN_MID,SE,2027,0.004177,0.001057
TotalTechnologyAnnualActivityLowerLimit,TECHNOLOGY,SE_DEMRESLPGCKN_MID,SE,2028,0.004235,0.001036
TotalTechnologyAnnualActivityLowerLimit,TECHNOLOGY,SE_DEMRESLPGCKN_MID,SE,2029,0.004297,0.00101
TotalTechnologyAnnualActivityLowerLimit,TECHNOLOGY,SE_DEMRESLPGCKN_MID,SE,2030,0.004361,0.000981
TotalTechnologyAnnualActivityLowerLimit,TECHNOLOGY,SE_DEMRESLPGCKN_MID,SE,2031,0.004427,0.000949
TotalTechnologyAnnualActivityLowerLimit,TECHNOLOGY,SE_DEMRESLPGCKN_MID,SE,2032,0.004493,0.000913
TotalTechnologyAnnualActivityLowerLimit,TECHNOLOGY,SE_DEMRESLPGCKN_MID,SE,2033,0.00456,0.000875
TotalTechnologyAnnualActivityLowerLimit,TECHNOLOGY,SE_DEMRESLPGCKN_MID,SE,2034,0.004626,0.000834
TotalTechnologyAnnualActivityLowerLimit,TECHNOLOGY,SE_DEMRESLPGCKN_MID,SE,2035,0.004691,0.000791
TotalTechnologyAnnualActivityLowerLimit,TECHNOLOGY,SE_DEMRESLPGCKN_MID,SE,2036,0.004731,0.000743
TotalTechnologyAnnualActivityLowerLimit,TECHNOLOGY,SE_DEMRESLPGCKN_MID,SE,2037,0.004796,0.000698
TotalTechnologyAnnualActivityLowerLimit,TECHNOLOGY,SE_DEMRESLPGCKN_MID,SE,2038,0.004859,0.000653
TotalTechnologyAnnualActivityLowerLimit,TECHNOLOGY,SE_DEMRESLPGCKN_MID,SE,2039,0.004922,0.000608
TotalTechnologyAnnualActivityLowerLimit,TECHNOLOGY,SE_DEMRESLPGCKN_MID,SE,2040,0.004985,0.000564
TotalTechnologyAnnualActivityLowerLimit,TECHNOLOGY,SE_DEMRESLPGCKN_MID,SE,2041,0.005046,0.00052
TotalTechnologyAnnualActivityLowerLimit,TECHNOLOGY,SE_DEMRESLPGCKN_MID,SE,2042,0.005107,0.000478
TotalTechnologyAnnualActivityLowerLimit,TECHNOLOGY,SE_DEMRESLPGCKN_MID,SE,2043,0.005168,0.000437
TotalTechnologyAnnualActivityLowerLimit,TECHNOLOGY,SE_DEMRESLPGCKN_MID,SE,2044,0.005229,0.000398
TotalTechnologyAnnualActivityLowerLimit,TECHNOLOGY,SE_DEMRESLPGCKN_MID,SE,2045,0.005288,0.00036
TotalTechnologyAnnualActivityLowerLimit,TECHNOLOGY,SE_DEMRESLPGCKN_MID,SE,2046,0.005348,0.000325
TotalTechnologyAnnualActivityLowerLimit,TECHNOLOGY,SE_DEMRESLPGCKN_MID,SE,2047,0.005407,0.000292
TotalTechnologyAnnualActivityLowerLimit,TECHNOLOGY,SE_DEMRESLPGCKN_MID,SE,2048,0.005468,0.000261
TotalTechnologyAnnualActivityLowerLimit,TECHNOLOGY,SE_DEMRESLPGCKN_MID,SE,2049,0.005527,0.000233
TotalTechnologyAnnualActivityLowerLimit,TECHNOLOGY,SE_DEMRESLPGCKN_MID,SE,2050,0.005591,0.000207
TotalTechnologyAnnualActivityLowerLimit,TECHNOLOGY,SE_DEMRESLPGCKN_MID,SE,2051,0.005654,0.000183
TotalTechnologyAnnualActivityLowerLimit,TECHNOLOGY,SE_DEMRESLPGCKN_MID,SE,2052,0.005718,0.000161
TotalTechnologyAnnualActivityLowerLimit,TECHNOLOGY,SE_DEMRESLPGCKN_MID,SE,2053,0.005783,0.000141
TotalTechnologyAnnualActivityLowerLimit,TECHNOLOGY,SE_DEMRESLPGCKN_MID,SE,2054,0.005849,0.000123
TotalTechnologyAnnualActivityLowerLimit,TECHNOLOGY,SE_DEMRESWOOCKN_HIG,SE,2025,0.034974,0.059873
TotalTechnologyAnnualActivityLowerLimit,TECHNOLOGY,SE_DEMRESWOOCKN_HIG,SE,2026,0.033498,0.080825
TotalTechnologyAnnualActivityLowerLimit,TECHNOLOGY,SE_DEMRESWOOCKN_HIG,SE,2027,0.03295,0.096344
TotalTechnologyAnnualActivityLowerLimit,TECHNOLOGY,SE_DEMRESWOOCKN_HIG,SE,2028,0.032728,0.106209
TotalTechnologyAnnualActivityLowerLimit,TECHNOLOGY,SE_DEMRESWOOCKN_HIG,SE,2029,0.032646,0.110231
TotalTechnologyAnnualActivityLowerLimit,TECHNOLOGY,SE_DEMRESWOOCKN_HIG,SE,2030,0.032617,0.108225
TotalTechnologyAnnualActivityLowerLimit,TECHNOLOGY,SE_DEMRESWOOCKN_HIG,SE,2031,0.033108,0.121642
TotalTechnologyAnnualActivityLowerLimit,TECHNOLOGY,SE_DEMRESWOOCKN_HIG,SE,2032,0.033621,0.134112
TotalTechnologyAnnualActivityLowerLimit,TECHNOLOGY,SE_DEMRESWOOCKN_HIG,SE,2033,0.034146,0.145564
TotalTechnologyAnnualActivityLowerLimit,TECHNOLOGY,SE_DEMRESWOOCKN_HIG,SE,2034,0.034693,0.155999
TotalTechnologyAnnualActivityLowerLimit,TECHNOLOGY,SE_DEMRESWOOCKN_HIG,SE,2035,0.036762,0.182704
TotalTechnologyAnnualActivityLowerLimit,TECHNOLOGY,SE_DEMRESWOOCKN_HIG,SE,2036,0.037586,0.178296
TotalTechnologyAnnualActivityLowerLimit,TECHNOLOGY,SE_DEMRESWOOCKN_HIG,SE,2037,0.038286,0.173009
TotalTechnologyAnnualActivityLowerLimit,TECHNOLOGY,SE_DEMRESWOOCKN_HIG,SE,2038,0.038999,0.167505
TotalTechnologyAnnualActivityLowerLimit,TECHNOLOGY,SE_DEMRESWOOCKN_HIG,SE,2039,0.03972,0.161761
TotalTechnologyAnnualActivityLowerLimit,TECHNOLOGY,SE_DEMRESWOOCKN_HIG,SE,2040,0.040453,0.155792
TotalTechnologyAnnualActivityLowerLimit,TECHNOLOGY,SE_DEMRESWOOCKN_HIG,SE,2041,0.041199,0.149415
TotalTechnologyAnnualActivityLowerLimit,TECHNOLOGY,SE_DEMRESWOOCKN_HIG,SE,2042,0.041971,0.142866
TotalTechnologyAnnualActivityLowerLimit,TECHNOLOGY,SE_DEMRESWOOCKN_HIG,SE,2043,0.042763,0.136111
TotalTechnologyAnnualActivityLowerLimit,TECHNOLOGY,SE_DEMRESWOOCKN_HIG,SE,2044,0.043581,0.129162
TotalTechnologyAnnualActivityLowerLimit,TECHNOLOGY,SE_DEMRESWOOCKN_HIG,SE,2045,0.044435,0.122034
TotalTechnologyAnnualActivityLowerLimit,TECHNOLOGY,SE_DEMRESWOOCKN_HIG,SE,2046,0.045349,0.114697
TotalTechnologyAnnualActivityLowerLimit,TECHNOLOGY,SE_DEMRESWOOCKN_HIG,SE,2047,0.046332,0.107222
TotalTechnologyAnnualActivityLowerLimit,TECHNOLOGY,SE_DEMRESWOOCKN_HIG,SE,2048,0.047412,0.099628
TotalTechnologyAnnualActivityLowerLimit,TECHNOLOGY,SE_DEMRESWOOCKN_HIG,SE,2049,0.048627,0.091924
TotalTechnologyAnnualActivityLowerLimit,TECHNOLOGY,SE_DEMRESWOOCKN_HIG,SE,2050,0.050076,0.08417
TotalTechnologyAnnualActivityLowerLimit,TECHNOLOGY,SE_DEMRESWOOCKN_HIG,SE,2051,0.050622,0.085263
TotalTechnologyAnnualActivityLowerLimit,TECHNOLOGY,SE_DEMRESWOOCKN_HIG,SE,2052,0.051336,0.084828
TotalTechnologyAnnualActivityLowerLimit,TECHNOLOGY,SE_DEMRESWOOCKN_HIG,SE,2053,0.053067,0.076769
TotalTechnologyAnnualActivityLowerLimit,TECHNOLOGY,SE_DEMRESWOOCKN_HIG,SE,2054,0.055249,0.068548
TotalTechnologyAnnualActivityLowerLimit,TECHNOLOGY,SE_DEMRESWOOCKN_LOW,SE,2022,0.025266,0.303594
TotalTechnologyAnnualActivityLowerLimit,TECHNOLOGY,SE_DEMRESWOOCKN_LOW,SE,2023,0.033782,0.427868
TotalTechnologyAnnualActivityLowerLimit,TECHNOLOGY,SE_DEMRESWOOCKN_LOW,SE,2024,0.030637,0.37229
TotalTechnologyAnnualActivityLowerLimit,TECHNOLOGY,SE_DEMRESWOOCKN_LOW,SE,2025,0.034974,0.418696
TotalTechnologyAnnualActivityLowerLimit,TECHNOLOGY,SE_DEMRESWOOCKN_LOW,SE,2026,0.035545,0.349112
TotalTechnologyAnnualActivityLowerLimit,TECHNOLOGY,SE_DEMRESWOOCKN_LOW,SE,2027,0.036036,0.282138
TotalTechnologyAnnualActivityLowerLimit,TECHNOLOGY,SE_DEMRESWOOCKN_LOW,SE,2028,0.03631,0.217647
TotalTechnologyAnnualActivityLowerLimit,TECHNOLOGY,SE_DEMRESWOOCKN_LOW,SE,2029,0.036107,0.155846
TotalTechnologyAnnualActivityLowerLimit,TECHNOLOGY,SE_DEMRESWOOCKN_LOW,SE,2030,0.034636,0.096818
TotalTechnologyAnnualActivityLowerLimit,TECHNOLOGY,SE_DEMRESWOOCKN_LOW,SE,2031,0.035865,0.079206
TotalTechnologyAnnualActivityLowerLimit,TECHNOLOGY,SE_DEMRESWOOCKN_LOW,SE,2032,0.037519,0.062422
TotalTechnologyAnnualActivityLowerLimit,TECHNOLOGY,SE_DEMRESWOOCKN_LOW,SE,2033,0.040053,0.046501
TotalTechnologyAnnualActivityLowerLimit,TECHNOLOGY,SE_DEMRESWOOCKN_LOW,SE,2034,0.044986,0.031482
TotalTechnologyAnnualActivityLowerLimit,TECHNOLOGY,SE_DEMRESWOOCKN_LOW,SE,2035,0.062137,0.017397
TotalTechnologyAnnualActivityLowerLimit,TECHNOLOGY,SE_DEMRESWOOCKN_MID,SE,2022,0.025266,0.002092
TotalTechnologyAnnualActivityLowerLimit,TECHNOLOGY,SE_DEMRESWOOCKN_MID,SE,2023,0.033782,0.00404
TotalTechnologyAnnualActivityLowerLimit,TECHNOLOGY,SE_DEMRESWOOCKN_MID,SE,2024,0.030637,0.008425
TotalTechnologyAnnualActivityUpperLimit,TECHNOLOGY,IN_DEMRESELCAIR_PAR_LOW,IN,2022,0.009832,983.181269
TotalTechnologyAnnualActivityUpperLimit,TECHNOLOGY,IN_DEMRESELCAIR_PAR_LOW,IN,2023,0.009102,910.163368
TotalTechnologyAnnualActivityUpperLimit,TECHNOLOGY,IN_DEMRESELCAIR_PAR_LOW,IN,2024,0.011822,1182.222706
TotalTechnologyAnnualActivityUpperLimit,TECHNOLOGY,IN_DEMRESELCAIR_PAR_LOW,IN,2025,0.012323,1232.286572
TotalTechnologyAnnualActivityUpperLimit,TECHNOLOGY,IN_DEMRESELCAIR_PAR_LOW,IN,2026,0.01234,1234.007197
TotalTechnologyAnnualActivityUpperLimit,TECHNOLOGY,IN_DEMRESELCAIR_PAR_LOW,IN,2027,0.012354,1235.385381
TotalTechnologyAnnualActivityUpperLimit,TECHNOLOGY,IN_DEMRESELCAIR_PAR_LOW,IN,2028,0.01236,1236.03311
TotalTechnologyAnnualActivityUpperLimit,TECHNOLOGY,IN_DEMRESELCAIR_PAR_LOW,IN,2029,0.012366,1236.556542
TotalTechnologyAnnualActivityUpperLimit,TECHNOLOGY,IN_DEMRESELCAIR_PAR_LOW,IN,2030,0.012362,1236.209662
TotalTechnologyAnnualActivityUpperLimit,TECHNOLOGY,IN_DEMRESELCAIR_PAR_LOW,IN,2031,0.012349,1234.885326
TotalTechnologyAnnualActivityUpperLimit,TECHNOLOGY,IN_DEMRESELCAIR_PAR_LOW,IN,2032,0.012334,1233.434861
TotalTechnologyAnnualActivityUpperLimit,TECHNOLOGY,IN_DEMRESELCAIR_PAR_LOW,IN,2033,0.01232,1231.970544
TotalTechnologyAnnualActivityUpperLimit,TECHNOLOGY,IN_DEMRESELCAIR_PAR_LOW,IN,2034,0.012304,1230.37386
TotalTechnologyAnnualActivityUpperLimit,TECHNOLOGY,IN_DEMRESELCAIR_PAR_LOW,IN,2035,0.012289,1228.847134
TotalTechnologyAnnualActivityUpperLimit,TECHNOLOGY,IN_DEMRESELCAIR_PAR_LOW,IN,2036,0.012271,1227.091162
TotalTechnologyAnnualActivityUpperLimit,TECHNOLOGY,IN_DEMRESELCAIR_PAR_LOW,IN,2037,0.012264,1226.435984
TotalTechnologyAnnualActivityUpperLimit,TECHNOLOGY,IN_DEMRESELCAIR_PAR_LOW,IN,2038,0.012252,1225.21498
TotalTechnologyAnnualActivityUpperLimit,TECHNOLOGY,IN_DEMRESELCAIR_PAR_LOW,IN,2039,0.012236,1223.563959
TotalTechnologyAnnualActivityUpperLimit,TECHNOLOGY,IN_DEMRESELCAIR_PAR_LOW,IN,2040,0.012224,1222.400822
TotalTechnologyAnnualActivityUpperLimit,TECHNOLOGY,IN_DEMRESELCAIR_PAR_LOW,IN,2041,0.012211,1221.074941
TotalTechnologyAnnualActivityUpperLimit,TECHNOLOGY,IN_DEMRESELCAIR_PAR_LOW,IN,2042,0.012206,1220.602891
TotalTechnologyAnnualActivityUpperLimit,TECHNOLOGY,IN_DEMRESELCAIR_PAR_LOW,IN,2043,0.012198,1219.835671
TotalTechnologyAnnualActivityUpperLimit,TECHNOLOGY,IN_DEMRESELCAIR_PAR_LOW,IN,2044,0.012196,1219.542984
TotalTechnologyAnnualActivityUpperLimit,TECHNOLOGY,IN_DEMRESELCAIR_PAR_LOW,IN,2045,0.012196,1219.578901
TotalTechnologyAnnualActivityUpperLimit,TECHNOLOGY,IN_DEMRESELCAIR_PAR_LOW,IN,2046,0.012188,1218.807759
TotalTechnologyAnnualActivityUpperLimit,TECHNOLOGY,IN_DEMRESELCAIR_PAR_LOW,IN,2047,0.012189,1218.92178
TotalTechnologyAnnualActivityUpperLimit,TECHNOLOGY,IN_DEMRESELCAIR_PAR_LOW,IN,2048,0.012191,1219.096363
TotalTechnologyAnnualActivityUpperLimit,TECHNOLOGY,IN_DEMRESELCAIR_PAR_LOW,IN,2049,0.012189,1218.927819
TotalTechnologyAnnualActivityUpperLimit,TECHNOLOGY,IN_DEMRESELCAIR_PAR_LOW,IN,2050,0.012196,1219.582043
TotalTechnologyAnnualActivityUpperLimit,TECHNOLOGY,IN_DEMRESELCAIR_PAR_LOW,IN,2051,0.012204,1220.3824
TotalTechnologyAnnualActivityUpperLimit,TECHNOLOGY,IN_DEMRESELCAIR_PAR_LOW,IN,2052,0.012215,1221.468686
TotalTechnologyAnnualActivityUpperLimit,TECHNOLOGY,IN_DEMRESELCAIR_PAR_LOW,IN,2053,0.012229,1222.849205
TotalTechnologyAnnualActivityUpperLimit,TECHNOLOGY,IN_DEMRESELCAIR_PAR_LOW,IN,2054,0.012245,1224.5323
TotalTechnologyAnnualActivityUpperLimit,TECHNOLOGY,IN_DEMRESELCAIR_PAR_MID,IN,2022,0.009832,983.181269
TotalTechnologyAnnualActivityUpperLimit,TECHNOLOGY,IN_DEMRESELCAIR_PAR_MID,IN,2023,0.009102,910.163368
TotalTechnologyAnnualActivityUpperLimit,TECHNOLOGY,IN_DEMRESELCAIR_PAR_MID,IN,2024,0.011822,1182.222706
TotalTechnologyAnnualActivityUpperLimit,TECHNOLOGY,IN_DEMRESELCAIR_PAR_MID,IN,2025,0.012323,1232.286572
TotalTechnologyAnnualActivityUpperLimit,TECHNOLOGY,IN_DEMRESELCAIR_PAR_MID,IN,2026,0.01234,1234.007197
TotalTechnologyAnnualActivityUpperLimit,TECHNOLOGY,IN_DEMRESELCAIR_PAR_MID,IN,2027,0.012354,1235.385381
TotalTechnologyAnnualActivityUpperLimit,TECHNOLOGY,IN_DEMRESELCAIR_PAR_MID,IN,2028,0.01236,1236.03311
TotalTechnologyAnnualActivityUpperLimit,TECHNOLOGY,IN_DEMRESELCAIR_PAR_MID,IN,2029,0.012366,1236.556542
TotalTechnologyAnnualActivityUpperLimit,TECHNOLOGY,IN_DEMRESELCAIR_PAR_MID,IN,2030,0.012362,1236.209662
TotalTechnologyAnnualActivityUpperLimit,TECHNOLOGY,IN_DEMRESELCAIR_PAR_MID,IN,2031,0.012349,1234.885326
TotalTechnologyAnnualActivityUpperLimit,TECHNOLOGY,IN_DEMRESELCAIR_PAR_MID,IN,2032,0.012334,1233.434861
TotalTechnologyAnnualActivityUpperLimit,TECHNOLOGY,IN_DEMRESELCAIR_PAR_MID,IN,2033,0.01232,1231.970544
TotalTechnologyAnnualActivityUpperLimit,TECHNOLOGY,IN_DEMRESELCAIR_PAR_MID,IN,2034,0.012304,1230.37386
TotalTechnologyAnnualActivityUpperLimit,TECHNOLOGY,IN_DEMRESELCAIR_PAR_MID,IN,2035,0.012289,1228.847134
TotalTechnologyAnnualActivityUpperLimit,TECHNOLOGY,IN_DEMRESELCAIR_PAR_MID,IN,2036,0.012271,1227.091162
TotalTechnologyAnnualActivityUpperLimit,TECHNOLOGY,IN_DEMRESELCAIR_PAR_MID,IN,2037,0.012264,1226.435984
TotalTechnologyAnnualActivityUpperLimit,TECHNOLOGY,IN_DEMRESELCAIR_PAR_MID,IN,2038,0.012252,1225.21498
TotalTechnologyAnnualActivityUpperLimit,TECHNOLOGY,IN_DEMRESELCAIR_PAR_MID,IN,2039,0.012236,1223.563959
TotalTechnologyAnnualActivityUpperLimit,TECHNOLOGY,IN_DEMRESELCAIR_PAR_MID,IN,2040,0.012224,1222.400822
TotalTechnologyAnnualActivityUpperLimit,TECHNOLOGY,IN_DEMRESELCAIR_PAR_MID,IN,2041,0.012211,1221.074941
TotalTechnologyAnnualActivityUpperLimit,TECHNOLOGY,IN_DEMRESELCAIR_PAR_MID,IN,2042,0.012206,1220.602891
TotalTechnologyAnnualActivityUpperLimit,TECHNOLOGY,IN_DEMRESELCAIR_PAR_MID,IN,2043,0.012198,1219.835671
TotalTechnologyAnnualActivityUpperLimit,TECHNOLOGY,IN_DEMRESELCAIR_PAR_MID,IN,2044,0.012196,1219.542984
TotalTechnologyAnnualActivityUpperLimit,TECHNOLOGY,IN_DEMRESELCAIR_PAR_MID,IN,2045,0.012196,1219.578901
TotalTechnologyAnnualActivityUpperLimit,TECHNOLOGY,IN_DEMRESELCAIR_PAR_MID,IN,2046,0.012188,1218.807759
TotalTechnologyAnnualActivityUpperLimit,TECHNOLOGY,IN_DEMRESELCAIR_PAR_MID,IN,2047,0.012189,1218.92178
TotalTechnologyAnnualActivityUpperLimit,TECHNOLOGY,IN_DEMRESELCAIR_PAR_MID,IN,2048,0.012191,1219.096363
TotalTechnologyAnnualActivityUpperLimit,TECHNOLOGY,IN_DEMRESELCAIR_PAR_MID,IN,2049,0.012189,1218.927819
TotalTechnologyAnnualActivityUpperLimit,TECHNOLOGY,IN_DEMRESELCAIR_PAR_MID,IN,2050,0.012196,1219.582043
TotalTechnologyAnnualActivityUpperLimit,TECHNOLOGY,IN_DEMRESELCAIR_PAR_MID,IN,2051,0.012204,1220.3824
TotalTechnologyAnnualActivityUpperLimit,TECHNOLOGY,IN_DEMRESELCAIR_PAR_MID,IN,2052,0.012215,1221.468686
TotalTechnologyAnnualActivityUpperLimit,TECHNOLOGY,IN_DEMRESELCAIR_PAR_MID,IN,2053,0.012229,1222.849205
TotalTechnologyAnnualActivityUpperLimit,TECHNOLOGY,IN_DEMRESELCAIR_PAR_MID,IN,2054,0.012245,1224.5323
TotalTechnologyAnnualActivityUpperLimit,TECHNOLOGY,IN_DEMRESELCAIR_POR_HIG,IN,2022,0.009832,983.181269
TotalTechnologyAnnualActivityUpperLimit,TECHNOLOGY,IN_DEMRESELCAIR_POR_HIG,IN,2023,0.009102,910.163368
TotalTechnologyAnnualActivityUpperLimit,TECHNOLOGY,IN_DEMRESELCAIR_POR_HIG,IN,2024,0.011822,1182.222706
TotalTechnologyAnnualActivityUpperLimit,TECHNOLOGY,IN_DEMRESELCAIR_POR_HIG,IN,2025,0.012323,1232.286572
TotalTechnologyAnnualActivityUpperLimit,TECHNOLOGY,IN_DEMRESELCAIR_POR_HIG,IN,2026,0.01234,1234.007197
TotalTechnologyAnnualActivityUpperLimit,TECHNOLOGY,IN_DEMRESELCAIR_POR_HIG,IN,2027,0.012354,1235.385381
TotalTechnologyAnnualActivityUpperLimit,TECHNOLOGY,IN_DEMRESELCAIR_POR_HIG,IN,2028,0.01236,1236.03311
TotalTechnologyAnnualActivityUpperLimit,TECHNOLOGY,IN_DEMRESELCAIR_POR_HIG,IN,2029,0.012366,1236.556542
TotalTechnologyAnnualActivityUpperLimit,TECHNOLOGY,IN_DEMRESELCAIR_POR_HIG,IN,2030,0.012362,1236.209662
TotalTechnologyAnnualActivityUpperLimit,TECHNOLOGY,IN_DEMRESELCAIR_POR_HIG,IN,2031,0.012349,1234.885326
TotalTechnologyAnnualActivityUpperLimit,TECHNOLOGY,IN_DEMRESELCAIR_POR_HIG,IN,2032,0.012334,1233.434861
TotalTechnologyAnnualActivityUpperLimit,TECHNOLOGY,IN_DEMRESELCAIR_POR_HIG,IN,2033,0.01232,1231.970544
TotalTechnologyAnnualActivityUpperLimit,TECHNOLOGY,IN_DEMRESELCAIR_POR_HIG,IN,2034,0.012304,1230.37386
TotalTechnologyAnnualActivityUpperLimit,TECHNOLOGY,IN_DEMRESELCAIR_POR_HIG,IN,2035,0.012289,1228.847134
TotalTechnologyAnnualActivityUpperLimit,TECHNOLOGY,IN_DEMRESELCAIR_POR_HIG,IN,2036,0.012271,1227.091162
TotalTechnologyAnnualActivityUpperLimit,TECHNOLOGY,IN_DEMRESELCAIR_POR_HIG,IN,2037,0.012264,1226.435984
TotalTechnologyAnnualActivityUpperLimit,TECHNOLOGY,IN_DEMRESELCAIR_POR_HIG,IN,2038,0.012252,1225.21498
TotalTechnologyAnnualActivityUpperLimit,TECHNOLOGY,IN_DEMRESELCAIR_POR_HIG,IN,2039,0.012236,1223.563959
TotalTechnologyAnnualActivityUpperLimit,TECHNOLOGY,IN_DEMRESELCAIR_POR_HIG,IN,2040,0.012224,1222.400822
TotalTechnologyAnnualActivityUpperLimit,TECHNOLOGY,IN_DEMRESELCAIR_POR_HIG,IN,2041,0.012211,1221.074941
TotalTechnologyAnnualActivityUpperLimit,TECHNOLOGY,IN_DEMRESELCAIR_POR_HIG,IN,2042,0.012206,1220.602891
TotalTechnologyAnnualActivityUpperLimit,TECHNOLOGY,IN_DEMRESELCAIR_POR_HIG,IN,2043,0.012198,1219.835671
TotalTechnologyAnnualActivityUpperLimit,TECHNOLOGY,IN_DEMRESELCAIR_POR_HIG,IN,2044,0.012196,1219.542984
TotalTechnologyAnnualActivityUpperLimit,TECHNOLOGY,IN_DEMRESELCAIR_POR_HIG,IN,2045,0.012196,1219.578901
TotalTechnologyAnnualActivityUpperLimit,TECHNOLOGY,IN_DEMRESELCAIR_POR_HIG,IN,2046,0.012188,1218.807759
TotalTechnologyAnnualActivityUpperLimit,TECHNOLOGY,IN_DEMRESELCAIR_POR_HIG,IN,2047,0.012189,1218.92178
TotalTechnologyAnnualActivityUpperLimit,TECHNOLOGY,IN_DEMRESELCAIR_POR_HIG,IN,2048,0.012191,1219.096363
TotalTechnologyAnnualActivityUpperLimit,TECHNOLOGY,IN_DEMRESELCAIR_POR_HIG,IN,2049,0.012189,1218.927819
TotalTechnologyAnnualActivityUpperLimit,TECHNOLOGY,IN_DEMRESELCAIR_POR_HIG,IN,2050,0.012196,1219.582043
TotalTechnologyAnnualActivityUpperLimit,TECHNOLOGY,IN_DEMRESELCAIR_POR_HIG,IN,2051,0.012204,1220.3824
TotalTechnologyAnnualActivityUpperLimit,TECHNOLOGY,IN_DEMRESELCAIR_POR_HIG,IN,2052,0.012215,1221.468686
TotalTechnologyAnnualActivityUpperLimit,TECHNOLOGY,IN_DEMRESELCAIR_POR_HIG,IN,2053,0.012229,1222.849205
TotalTechnologyAnnualActivityUpperLimit,TECHNOLOGY,IN_DEMRESELCAIR_POR_HIG,IN,2054,0.012245,1224.5323
TotalTechnologyAnnualActivityUpperLimit,TECHNOLOGY,IN_DEMRESELCAIR_POR_LOW,IN,2022,0.009832,983.181269
TotalTechnologyAnnualActivityUpperLimit,TECHNOLOGY,IN_DEMRESELCAIR_POR_LOW,IN,2023,0.009102,910.163368
TotalTechnologyAnnualActivityUpperLimit,TECHNOLOGY,IN_DEMRESELCAIR_POR_LOW,IN,2024,0.011822,1182.222706
TotalTechnologyAnnualActivityUpperLimit,TECHNOLOGY,IN_DEMRESELCAIR_POR_LOW,IN,2025,0.012323,1232.286572
TotalTechnologyAnnualActivityUpperLimit,TECHNOLOGY,IN_DEMRESELCAIR_POR_LOW,IN,2026,0.01234,1234.007197
TotalTechnologyAnnualActivityUpperLimit,TECHNOLOGY,IN_DEMRESELCAIR_POR_LOW,IN,2027,0.012354,1235.385381
TotalTechnologyAnnualActivityUpperLimit,TECHNOLOGY,IN_DEMRESELCAIR_POR_LOW,IN,2028,0.01236,1236.03311
TotalTechnologyAnnualActivityUpperLimit,TECHNOLOGY,IN_DEMRESELCAIR_POR_LOW,IN,2029,0.012366,1236.556542
TotalTechnologyAnnualActivityUpperLimit,TECHNOLOGY,IN_DEMRESELCAIR_POR_LOW,IN,2030,0.012362,1236.209662
TotalTechnologyAnnualActivityUpperLimit,TECHNOLOGY,IN_DEMRESELCAIR_POR_LOW,IN,2031,0.012349,1234.885326
TotalTechnologyAnnualActivityUpperLimit,TECHNOLOGY,IN_DEMRESELCAIR_POR_LOW,IN,2032,0.012334,1233.434861
TotalTechnologyAnnualActivityUpperLimit,TECHNOLOGY,IN_DEMRESELCAIR_POR_LOW,IN,2033,0.01232,1231.970544
TotalTechnologyAnnualActivityUpperLimit,TECHNOLOGY,IN_DEMRESELCAIR_POR_LOW,IN,2034,0.012304,1230.37386
TotalTechnologyAnnualActivityUpperLimit,TECHNOLOGY,IN_DEMRESELCAIR_POR_LOW,IN,2035,0.012289,1228.847134
TotalTechnologyAnnualActivityUpperLimit,TECHNOLOGY,IN_DEMRESELCAIR_POR_LOW,IN,2036,0.012271,1227.091162
TotalTechnologyAnnualActivityUpperLimit,TECHNOLOGY,IN_DEMRESELCAIR_POR_LOW,IN,2037,0.012264,1226.435984
TotalTechnologyAnnualActivityUpperLimit,TECHNOLOGY,IN_DEMRESELCAIR_POR_LOW,IN,2038,0.012252,1225.21498
TotalTechnologyAnnualActivityUpperLimit,TECHNOLOGY,IN_DEMRESELCAIR_POR_LOW,IN,2039,0.012236,1223.563959
TotalTechnologyAnnualActivityUpperLimit,TECHNOLOGY,IN_DEMRESELCAIR_POR_LOW,IN,2040,0.012224,1222.400822
TotalTechnologyAnnualActivityUpperLimit,TECHNOLOGY,IN_DEMRESELCAIR_POR_LOW,IN,2041,0.012211,1221.074941
TotalTechnologyAnnualActivityUpperLimit,TECHNOLOGY,IN_DEMRESELCAIR_POR_LOW,IN,2042,0.012206,1220.602891
TotalTechnologyAnnualActivityUpperLimit,TECHNOLOGY,IN_DEMRESELCAIR_POR_LOW,IN,2043,0.012198,1219.835671
TotalTechnologyAnnualActivityUpperLimit,TECHNOLOGY,IN_DEMRESELCAIR_POR_LOW,IN,2044,0.012196,1219.542984
TotalTechnologyAnnualActivityUpperLimit,TECHNOLOGY,IN_DEMRESELCAIR_POR_LOW,IN,2045,0.012196,1219.578901
TotalTechnologyAnnualActivityUpperLimit,TECHNOLOGY,IN_DEMRESELCAIR_POR_LOW,IN,2046,0.012188,1218.807759
TotalTechnologyAnnualActivityUpperLimit,TECHNOLOGY,IN_DEMRESELCAIR_POR_LOW,IN,2047,0.012189,1218.92178
TotalTechnologyAnnualActivityUpperLimit,TECHNOLOGY,IN_DEMRESELCAIR_POR_LOW,IN,2048,0.012191,1219.096363
TotalTechnologyAnnualActivityUpperLimit,TECHNOLOGY,IN_DEMRESELCAIR_POR_LOW,IN,2049,0.012189,1218.927819
TotalTechnologyAnnualActivityUpperLimit,TECHNOLOGY,IN_DEMRESELCAIR_POR_LOW,IN,2050,0.012196,1219.582043
TotalTechnologyAnnualActivityUpperLimit,TECHNOLOGY,IN_DEMRESELCAIR_POR_LOW,IN,2051,0.012204,1220.3824
TotalTechnologyAnnualActivityUpperLimit,TECHNOLOGY,IN_DEMRESELCAIR_POR_LOW,IN,2052,0.012215,1221.468686
TotalTechnologyAnnualActivityUpperLimit,TECHNOLOGY,IN_DEMRESELCAIR_POR_LOW,IN,2053,0.012229,1222.849205
TotalTechnologyAnnualActivityUpperLimit,TECHNOLOGY,IN_DEMRESELCAIR_POR_LOW,IN,2054,0.012245,1224.5323
TotalTechnologyAnnualActivityUpperLimit,TECHNOLOGY,IN_DEMRESELCAIR_POR_MID,IN,2022,0.009832,983.181269
TotalTechnologyAnnualActivityUpperLimit,TECHNOLOGY,IN_DEMRESELCAIR_POR_MID,IN,2023,0.009102,910.163368
TotalTechnologyAnnualActivityUpperLimit,TECHNOLOGY,IN_DEMRESELCAIR_POR_MID,IN,2024,0.011822,1182.222706
TotalTechnologyAnnualActivityUpperLimit,TECHNOLOGY,IN_DEMRESELCAIR_POR_MID,IN,2025,0.012323,1232.286572
TotalTechnologyAnnualActivityUpperLimit,TECHNOLOGY,IN_DEMRESELCAIR_POR_MID,IN,2026,0.01234,1234.007197
TotalTechnologyAnnualActivityUpperLimit,TECHNOLOGY,IN_DEMRESELCAIR_POR_MID,IN,2027,0.012354,1235.385381
TotalTechnologyAnnualActivityUpperLimit,TECHNOLOGY,IN_DEMRESELCAIR_POR_MID,IN,2028,0.01236,1236.03311
TotalTechnologyAnnualActivityUpperLimit,TECHNOLOGY,IN_DEMRESELCAIR_POR_MID,IN,2029,0.012366,1236.556542
TotalTechnologyAnnualActivityUpperLimit,TECHNOLOGY,IN_DEMRESELCAIR_POR_MID,IN,2030,0.012362,1236.209662
TotalTechnologyAnnualActivityUpperLimit,TECHNOLOGY,IN_DEMRESELCAIR_POR_MID,IN,2031,0.012349,1234.885326
TotalTechnologyAnnualActivityUpperLimit,TECHNOLOGY,IN_DEMRESELCAIR_POR_MID,IN,2032,0.012334,1233.434861
TotalTechnologyAnnualActivityUpperLimit,TECHNOLOGY,IN_DEMRESELCAIR_POR_MID,IN,2033,0.01232,1231.970544
TotalTechnologyAnnualActivityUpperLimit,TECHNOLOGY,IN_DEMRESELCAIR_POR_MID,IN,2034,0.012304,1230.37386
TotalTechnologyAnnualActivityUpperLimit,TECHNOLOGY,IN_DEMRESELCAIR_POR_MID,IN,2035,0.012289,1228.847134
TotalTechnologyAnnualActivityUpperLimit,TECHNOLOGY,IN_DEMRESELCAIR_POR_MID,IN,2036,0.012271,1227.091162
TotalTechnologyAnnualActivityUpperLimit,TECHNOLOGY,IN_DEMRESELCAIR_POR_MID,IN,2037,0.012264,1226.435984
TotalTechnologyAnnualActivityUpperLimit,TECHNOLOGY,IN_DEMRESELCAIR_POR_MID,IN,2038,0.012252,1225.21498
TotalTechnologyAnnualActivityUpperLimit,TECHNOLOGY,IN_DEMRESELCAIR_POR_MID,IN,2039,0.012236,1223.563959
TotalTechnologyAnnualActivityUpperLimit,TECHNOLOGY,IN_DEMRESELCAIR_POR_MID,IN,2040,0.012224,1222.400822
TotalTechnologyAnnualActivityUpperLimit,TECHNOLOGY,IN_DEMRESELCAIR_POR_MID,IN,2041,0.012211,1221.074941
TotalTechnologyAnnualActivityUpperLimit,TECHNOLOGY,IN_DEMRESELCAIR_POR_MID,IN,2042,0.012206,1220.602891
TotalTechnologyAnnualActivityUpperLimit,TECHNOLOGY,IN_DEMRESELCAIR_POR_MID,IN,2043,0.012198,1219.835671
TotalTechnologyAnnualActivityUpperLimit,TECHNOLOGY,IN_DEMRESELCAIR_POR_MID,IN,2044,0.012196,1219.542984
TotalTechnologyAnnualActivityUpperLimit,TECHNOLOGY,IN_DEMRESELCAIR_POR_MID,IN,2045,0.012196,1219.578901
TotalTechnologyAnnualActivityUpperLimit,TECHNOLOGY,IN_DEMRESELCAIR_POR_MID,IN,2046,0.012188,1218.807759
TotalTechnologyAnnualActivityUpperLimit,TECHNOLOGY,IN_DEMRESELCAIR_POR_MID,IN,2047,0.012189,1218.92178
TotalTechnologyAnnualActivityUpperLimit,TECHNOLOGY,IN_DEMRESELCAIR_POR_MID,IN,2048,0.012191,1219.096363
TotalTechnologyAnnualActivityUpperLimit,TECHNOLOGY,IN_DEMRESELCAIR_POR_MID,IN,2049,0.012189,1218.927819
TotalTechnologyAnnualActivityUpperLimit,TECHNOLOGY,IN_DEMRESELCAIR_POR_MID,IN,2050,0.012196,1219.582043
TotalTechnologyAnnualActivityUpperLimit,TECHNOLOGY,IN_DEMRESELCAIR_POR_MID,IN,2051,0.012204,1220.3824
TotalTechnologyAnnualActivityUpperLimit,TECHNOLOGY,IN_DEMRESELCAIR_POR_MID,IN,2052,0.012215,1221.468686
TotalTechnologyAnnualActivityUpperLimit,TECHNOLOGY,IN_DEMRESELCAIR_POR_MID,IN,2053,0.012229,1222.849205
TotalTechnologyAnnualActivityUpperLimit,TECHNOLOGY,IN_DEMRESELCAIR_POR_MID,IN,2054,0.012245,1224.5323
TotalTechnologyAnnualActivityUpperLimit,TECHNOLOGY,IN_DEMRESELCAIR_SPL_HIG,IN,2022,0.009832,983.181269
TotalTechnologyAnnualActivityUpperLimit,TECHNOLOGY,IN_DEMRESELCAIR_SPL_HIG,IN,2023,0.009102,910.163368
TotalTechnologyAnnualActivityUpperLimit,TECHNOLOGY,IN_DEMRESELCAIR_SPL_HIG,IN,2024,0.011822,1182.222706
TotalTechnologyAnnualActivityUpperLimit,TECHNOLOGY,IN_DEMRESELCAIR_SPL_HIG,IN,2025,0.012323,1232.286572
TotalTechnologyAnnualActivityUpperLimit,TECHNOLOGY,IN_DEMRESELCAIR_SPL_HIG,IN,2026,0.01234,1234.007197
TotalTechnologyAnnualActivityUpperLimit,TECHNOLOGY,IN_DEMRESELCAIR_SPL_HIG,IN,2027,0.012354,1235.385381
TotalTechnologyAnnualActivityUpperLimit,TECHNOLOGY,IN_DEMRESELCAIR_SPL_HIG,IN,2028,0.01236,1236.03311
TotalTechnologyAnnualActivityUpperLimit,TECHNOLOGY,IN_DEMRESELCAIR_SPL_HIG,IN,2029,0.012366,1236.556542
TotalTechnologyAnnualActivityUpperLimit,TECHNOLOGY,IN_DEMRESELCAIR_SPL_HIG,IN,2030,0.012362,1236.209662
TotalTechnologyAnnualActivityUpperLimit,TECHNOLOGY,IN_DEMRESELCAIR_SPL_HIG,IN,2031,0.012349,1234.885326
TotalTechnologyAnnualActivityUpperLimit,TECHNOLOGY,IN_DEMRESELCAIR_SPL_HIG,IN,2032,0.012334,1233.434861
TotalTechnologyAnnualActivityUpperLimit,TECHNOLOGY,IN_DEMRESELCAIR_SPL_HIG,IN,2033,0.01232,1231.970544
TotalTechnologyAnnualActivityUpperLimit,TECHNOLOGY,IN_DEMRESELCAIR_SPL_HIG,IN,2034,0.012304,1230.37386
TotalTechnologyAnnualActivityUpperLimit,TECHNOLOGY,IN_DEMRESELCAIR_SPL_HIG,IN,2035,0.012289,1228.847134
TotalTechnologyAnnualActivityUpperLimit,TECHNOLOGY,IN_DEMRESELCAIR_SPL_HIG,IN,2036,0.012271,1227.091162
TotalTechnologyAnnualActivityUpperLimit,TECHNOLOGY,IN_DEMRESELCAIR_SPL_HIG,IN,2037,0.012264,1226.435984
TotalTechnologyAnnualActivityUpperLimit,TECHNOLOGY,IN_DEMRESELCAIR_SPL_HIG,IN,2038,0.012252,1225.21498
TotalTechnologyAnnualActivityUpperLimit,TECHNOLOGY,IN_DEMRESELCAIR_SPL_HIG,IN,2039,0.012236,1223.563959
TotalTechnologyAnnualActivityUpperLimit,TECHNOLOGY,IN_DEMRESELCAIR_SPL_HIG,IN,2040,0.012224,1222.400822
TotalTechnologyAnnualActivityUpperLimit,TECHNOLOGY,IN_DEMRESELCAIR_SPL_HIG,IN,2041,0.012211,1221.074941
TotalTechnologyAnnualActivityUpperLimit,TECHNOLOGY,IN_DEMRESELCAIR_SPL_HIG,IN,2042,0.012206,1220.602891
TotalTechnologyAnnualActivityUpperLimit,TECHNOLOGY,IN_DEMRESELCAIR_SPL_HIG,IN,2043,0.012198,1219.835671
TotalTechnologyAnnualActivityUpperLimit,TECHNOLOGY,IN_DEMRESELCAIR_SPL_HIG,IN,2044,0.012196,1219.542984
TotalTechnologyAnnualActivityUpperLimit,TECHNOLOGY,IN_DEMRESELCAIR_SPL_HIG,IN,2045,0.012196,1219.578901
TotalTechnologyAnnualActivityUpperLimit,TECHNOLOGY,IN_DEMRESELCAIR_SPL_HIG,IN,2046,0.012188,1218.807759
TotalTechnologyAnnualActivityUpperLimit,TECHNOLOGY,IN_DEMRESELCAIR_SPL_HIG,IN,2047,0.012189,1218.92178
TotalTechnologyAnnualActivityUpperLimit,TECHNOLOGY,IN_DEMRESELCAIR_SPL_HIG,IN,2048,0.012191,1219.096363
TotalTechnologyAnnualActivityUpperLimit,TECHNOLOGY,IN_DEMRESELCAIR_SPL_HIG,IN,2049,0.012189,1218.927819
TotalTechnologyAnnualActivityUpperLimit,TECHNOLOGY,IN_DEMRESELCAIR_SPL_HIG,IN,2050,0.012196,1219.582043
TotalTechnologyAnnualActivityUpperLimit,TECHNOLOGY,IN_DEMRESELCAIR_SPL_HIG,IN,2051,0.012204,1220.3824
TotalTechnologyAnnualActivityUpperLimit,TECHNOLOGY,IN_DEMRESELCAIR_SPL_HIG,IN,2052,0.012215,1221.468686
TotalTechnologyAnnualActivityUpperLimit,TECHNOLOGY,IN_DEMRESELCAIR_SPL_HIG,IN,2053,0.012229,1222.849205
TotalTechnologyAnnualActivityUpperLimit,TECHNOLOGY,IN_DEMRESELCAIR_SPL_HIG,IN,2054,0.012245,1224.5323
TotalTechnologyAnnualActivityUpperLimit,TECHNOLOGY,IN_DEMRESELCAIR_SPL_LOW,IN,2022,0.009832,983.181269
TotalTechnologyAnnualActivityUpperLimit,TECHNOLOGY,IN_DEMRESELCAIR_SPL_LOW,IN,2023,0.009102,910.163368
TotalTechnologyAnnualActivityUpperLimit,TECHNOLOGY,IN_DEMRESELCAIR_SPL_LOW,IN,2024,0.011822,1182.222706
TotalTechnologyAnnualActivityUpperLimit,TECHNOLOGY,IN_DEMRESELCAIR_SPL_LOW,IN,2025,0.012323,1232.286572
TotalTechnologyAnnualActivityUpperLimit,TECHNOLOGY,IN_DEMRESELCAIR_SPL_LOW,IN,2026,0.01234,1234.007197
TotalTechnologyAnnualActivityUpperLimit,TECHNOLOGY,IN_DEMRESELCAIR_SPL_LOW,IN,2027,0.012354,1235.385381
TotalTechnologyAnnualActivityUpperLimit,TECHNOLOGY,IN_DEMRESELCAIR_SPL_LOW,IN,2028,0.01236,1236.03311
TotalTechnologyAnnualActivityUpperLimit,TECHNOLOGY,IN_DEMRESELCAIR_SPL_LOW,IN,2029,0.012366,1236.556542
TotalTechnologyAnnualActivityUpperLimit,TECHNOLOGY,IN_DEMRESELCAIR_SPL_LOW,IN,2030,0.012362,1236.209662
TotalTechnologyAnnualActivityUpperLimit,TECHNOLOGY,IN_DEMRESELCAIR_SPL_LOW,IN,2031,0.012349,1234.885326
TotalTechnologyAnnualActivityUpperLimit,TECHNOLOGY,IN_DEMRESELCAIR_SPL_LOW,IN,2032,0.012334,1233.434861
TotalTechnologyAnnualActivityUpperLimit,TECHNOLOGY,IN_DEMRESELCAIR_SPL_LOW,IN,2033,0.01232,1231.970544
TotalTechnologyAnnualActivityUpperLimit,TECHNOLOGY,IN_DEMRESELCAIR_SPL_LOW,IN,2034,0.012304,1230.37386
TotalTechnologyAnnualActivityUpperLimit,TECHNOLOGY,IN_DEMRESELCAIR_SPL_LOW,IN,2035,0.012289,1228.847134
TotalTechnologyAnnualActivityUpperLimit,TECHNOLOGY,IN_DEMRESELCAIR_SPL_LOW,IN,2036,0.012271,1227.091162
TotalTechnologyAnnualActivityUpperLimit,TECHNOLOGY,IN_DEMRESELCAIR_SPL_LOW,IN,2037,0.012264,1226.435984
TotalTechnologyAnnualActivityUpperLimit,TECHNOLOGY,IN_DEMRESELCAIR_SPL_LOW,IN,2038,0.012252,1225.21498
TotalTechnologyAnnualActivityUpperLimit,TECHNOLOGY,IN_DEMRESELCAIR_SPL_LOW,IN,2039,0.012236,1223.563959
TotalTechnologyAnnualActivityUpperLimit,TECHNOLOGY,IN_DEMRESELCAIR_SPL_LOW,IN,2040,0.012224,1222.400822
TotalTechnologyAnnualActivityUpperLimit,TECHNOLOGY,IN_DEMRESELCAIR_SPL_LOW,IN,2041,0.012211,1221.074941
TotalTechnologyAnnualActivityUpperLimit,TECHNOLOGY,IN_DEMRESELCAIR_SPL_LOW,IN,2042,0.012206,1220.602891
TotalTechnologyAnnualActivityUpperLimit,TECHNOLOGY,IN_DEMRESELCAIR_SPL_LOW,IN,2043,0.012198,1219.835671
TotalTechnologyAnnualActivityUpperLimit,TECHNOLOGY,IN_DEMRESELCAIR_SPL_LOW,IN,2044,0.012196,1219.542984
TotalTechnologyAnnualActivityUpperLimit,TECHNOLOGY,IN_DEMRESELCAIR_SPL_LOW,IN,2045,0.012196,1219.578901
TotalTechnologyAnnualActivityUpperLimit,TECHNOLOGY,IN_DEMRESELCAIR_SPL_LOW,IN,2046,0.012188,1218.807759
TotalTechnologyAnnualActivityUpperLimit,TECHNOLOGY,IN_DEMRESELCAIR_SPL_LOW,IN,2047,0.012189,1218.92178
TotalTechnologyAnnualActivityUpperLimit,TECHNOLOGY,IN_DEMRESELCAIR_SPL_LOW,IN,2048,0.012191,1219.096363
TotalTechnologyAnnualActivityUpperLimit,TECHNOLOGY,IN_DEMRESELCAIR_SPL_LOW,IN,2049,0.012189,1218.927819
TotalTechnologyAnnualActivityUpperLimit,TECHNOLOGY,IN_DEMRESELCAIR_SPL_LOW,IN,2050,0.012196,1219.582043
TotalTechnologyAnnualActivityUpperLimit,TECHNOLOGY,IN_DEMRESELCAIR_SPL_LOW,IN,2051,0.012204,1220.3824
TotalTechnologyAnnualActivityUpperLimit,TECHNOLOGY,IN_DEMRESELCAIR_SPL_LOW,IN,2052,0.012215,1221.468686
TotalTechnologyAnnualActivityUpperLimit,TECHNOLOGY,IN_DEMRESELCAIR_SPL_LOW,IN,2053,0.012229,1222.849205
TotalTechnologyAnnualActivityUpperLimit,TECHNOLOGY,IN_DEMRESELCAIR_SPL_LOW,IN,2054,0.012245,1224.5323
TotalTechnologyAnnualActivityUpperLimit,TECHNOLOGY,IN_DEMRESELCAIR_SPL_MID,IN,2022,0.009832,983.181269
TotalTechnologyAnnualActivityUpperLimit,TECHNOLOGY,IN_DEMRESELCAIR_SPL_MID,IN,2023,0.009102,910.163368
TotalTechnologyAnnualActivityUpperLimit,TECHNOLOGY,IN_DEMRESELCAIR_SPL_MID,IN,2024,0.011822,1182.222706
TotalTechnologyAnnualActivityUpperLimit,TECHNOLOGY,IN_DEMRESELCAIR_SPL_MID,IN,2025,0.012323,1232.286572
TotalTechnologyAnnualActivityUpperLimit,TECHNOLOGY,IN_DEMRESELCAIR_SPL_MID,IN,2026,0.01234,1234.007197
TotalTechnologyAnnualActivityUpperLimit,TECHNOLOGY,IN_DEMRESELCAIR_SPL_MID,IN,2027,0.012354,1235.385381
TotalTechnologyAnnualActivityUpperLimit,TECHNOLOGY,IN_DEMRESELCAIR_SPL_MID,IN,2028,0.01236,1236.03311
TotalTechnologyAnnualActivityUpperLimit,TECHNOLOGY,IN_DEMRESELCAIR_SPL_MID,IN,2029,0.012366,1236.556542
TotalTechnologyAnnualActivityUpperLimit,TECHNOLOGY,IN_DEMRESELCAIR_SPL_MID,IN,2030,0.012362,1236.209662
TotalTechnologyAnnualActivityUpperLimit,TECHNOLOGY,IN_DEMRESELCAIR_SPL_MID,IN,2031,0.012349,1234.885326
TotalTechnologyAnnualActivityUpperLimit,TECHNOLOGY,IN_DEMRESELCAIR_SPL_MID,IN,2032,0.012334,1233.434861
TotalTechnologyAnnualActivityUpperLimit,TECHNOLOGY,IN_DEMRESELCAIR_SPL_MID,IN,2033,0.01232,1231.970544
TotalTechnologyAnnualActivityUpperLimit,TECHNOLOGY,IN_DEMRESELCAIR_SPL_MID,IN,2034,0.012304,1230.37386
TotalTechnologyAnnualActivityUpperLimit,TECHNOLOGY,IN_DEMRESELCAIR_SPL_MID,IN,2035,0.012289,1228.847134
TotalTechnologyAnnualActivityUpperLimit,TECHNOLOGY,IN_DEMRESELCAIR_SPL_MID,IN,2036,0.012271,1227.091162
TotalTechnologyAnnualActivityUpperLimit,TECHNOLOGY,IN_DEMRESELCAIR_SPL_MID,IN,2037,0.012264,1226.435984
TotalTechnologyAnnualActivityUpperLimit,TECHNOLOGY,IN_DEMRESELCAIR_SPL_MID,IN,2038,0.012252,1225.21498
TotalTechnologyAnnualActivityUpperLimit,TECHNOLOGY,IN_DEMRESELCAIR_SPL_MID,IN,2039,0.012236,1223.563959
TotalTechnologyAnnualActivityUpperLimit,TECHNOLOGY,IN_DEMRESELCAIR_SPL_MID,IN,2040,0.012224,1222.400822
TotalTechnologyAnnualActivityUpperLimit,TECHNOLOGY,IN_DEMRESELCAIR_SPL_MID,IN,2041,0.012211,1221.074941
TotalTechnologyAnnualActivityUpperLimit,TECHNOLOGY,IN_DEMRESELCAIR_SPL_MID,IN,2042,0.012206,1220.602891
TotalTechnologyAnnualActivityUpperLimit,TECHNOLOGY,IN_DEMRESELCAIR_SPL_MID,IN,2043,0.012198,1219.835671
TotalTechnologyAnnualActivityUpperLimit,TECHNOLOGY,IN_DEMRESELCAIR_SPL_MID,IN,2044,0.012196,1219.542984
TotalTechnologyAnnualActivityUpperLimit,TECHNOLOGY,IN_DEMRESELCAIR_SPL_MID,IN,2045,0.012196,1219.578901
TotalTechnologyAnnualActivityUpperLimit,TECHNOLOGY,IN_DEMRESELCAIR_SPL_MID,IN,2046,0.012188,1218.807759
TotalTechnologyAnnualActivityUpperLimit,TECHNOLOGY,IN_DEMRESELCAIR_SPL_MID,IN,2047,0.012189,1218.92178
TotalTechnologyAnnualActivityUpperLimit,TECHNOLOGY,IN_DEMRESELCAIR_SPL_MID,IN,2048,0.012191,1219.096363
TotalTechnologyAnnualActivityUpperLimit,TECHNOLOGY,IN_DEMRESELCAIR_SPL_MID,IN,2049,0.012189,1218.927819
TotalTechnologyAnnualActivityUpperLimit,TECHNOLOGY,IN_DEMRESELCAIR_SPL_MID,IN,2050,0.012196,1219.582043
TotalTechnologyAnnualActivityUpperLimit,TECHNOLOGY,IN_DEMRESELCAIR_SPL_MID,IN,2051,0.012204,1220.3824
TotalTechnologyAnnualActivityUpperLimit,TECHNOLOGY,IN_DEMRESELCAIR_SPL_MID,IN,2052,0.012215,1221.468686
TotalTechnologyAnnualActivityUpperLimit,TECHNOLOGY,IN_DEMRESELCAIR_SPL_MID,IN,2053,0.012229,1222.849205
TotalTechnologyAnnualActivityUpperLimit,TECHNOLOGY,IN_DEMRESELCAIR_SPL_MID,IN,2054,0.012245,1224.5323
TotalTechnologyAnnualActivityUpperLimit,TECHNOLOGY,IN_DEMRESELCCKN_HIG,IN,2022,0.000703,70.27326
TotalTechnologyAnnualActivityUpperLimit,TECHNOLOGY,IN_DEMRESELCCKN_HIG,IN,2023,0.000731,73.069276
TotalTechnologyAnnualActivityUpperLimit,TECHNOLOGY,IN_DEMRESELCCKN_HIG,IN,2024,0.002774,277.386695
TotalTechnologyAnnualActivityUpperLimit,TECHNOLOGY,IN_DEMRESELCCKN_HIG,IN,2025,0.002989,298.85305
TotalTechnologyAnnualActivityUpperLimit,TECHNOLOGY,IN_DEMRESELCCKN_HIG,IN,2026,0.002986,298.597353
TotalTechnologyAnnualActivityUpperLimit,TECHNOLOGY,IN_DEMRESELCCKN_HIG,IN,2027,0.002984,298.37925
TotalTechnologyAnnualActivityUpperLimit,TECHNOLOGY,IN_DEMRESELCCKN_HIG,IN,2028,0.002981,298.116896
TotalTechnologyAnnualActivityUpperLimit,TECHNOLOGY,IN_DEMRESELCCKN_HIG,IN,2029,0.00298,297.952198
TotalTechnologyAnnualActivityUpperLimit,TECHNOLOGY,IN_DEMRESELCCKN_HIG,IN,2030,0.002977,297.704967
TotalTechnologyAnnualActivityUpperLimit,TECHNOLOGY,IN_DEMRESELCCKN_HIG,IN,2031,0.002973,297.299789
TotalTechnologyAnnualActivityUpperLimit,TECHNOLOGY,IN_DEMRESELCCKN_HIG,IN,2032,0.002969,296.88489
TotalTechnologyAnnualActivityUpperLimit,TECHNOLOGY,IN_DEMRESELCCKN_HIG,IN,2033,0.002965,296.474712
TotalTechnologyAnnualActivityUpperLimit,TECHNOLOGY,IN_DEMRESELCCKN_HIG,IN,2034,0.00296,296.041152
TotalTechnologyAnnualActivityUpperLimit,TECHNOLOGY,IN_DEMRESELCCKN_HIG,IN,2035,0.002956,295.636584
TotalTechnologyAnnualActivityUpperLimit,TECHNOLOGY,IN_DEMRESELCCKN_HIG,IN,2036,0.002952,295.199321
TotalTechnologyAnnualActivityUpperLimit,TECHNOLOGY,IN_DEMRESELCCKN_HIG,IN,2037,0.00295,295.025624
TotalTechnologyAnnualActivityUpperLimit,TECHNOLOGY,IN_DEMRESELCCKN_HIG,IN,2038,0.002947,294.724276
TotalTechnologyAnnualActivityUpperLimit,TECHNOLOGY,IN_DEMRESELCCKN_HIG,IN,2039,0.002943,294.322999
TotalTechnologyAnnualActivityUpperLimit,TECHNOLOGY,IN_DEMRESELCCKN_HIG,IN,2040,0.00294,294.044699
TotalTechnologyAnnualActivityUpperLimit,TECHNOLOGY,IN_DEMRESELCCKN_HIG,IN,2041,0.002937,293.732578
TotalTechnologyAnnualActivityUpperLimit,TECHNOLOGY,IN_DEMRESELCCKN_HIG,IN,2042,0.002936,293.631303
TotalTechnologyAnnualActivityUpperLimit,TECHNOLOGY,IN_DEMRESELCCKN_HIG,IN,2043,0.002935,293.460398
TotalTechnologyAnnualActivityUpperLimit,TECHNOLOGY,IN_DEMRESELCCKN_HIG,IN,2044,0.002934,293.403852
TotalTechnologyAnnualActivityUpperLimit,TECHNOLOGY,IN_DEMRESELCCKN_HIG,IN,2045,0.002934,293.429733
TotalTechnologyAnnualActivityUpperLimit,TECHNOLOGY,IN_DEMRESELCCKN_HIG,IN,2046,0.002933,293.258867
TotalTechnologyAnnualActivityUpperLimit,TECHNOLOGY,IN_DEMRESELCCKN_HIG,IN,2047,0.002933,293.298391
TotalTechnologyAnnualActivityUpperLimit,TECHNOLOGY,IN_DEMRESELCCKN_HIG,IN,2048,0.002934,293.347942
TotalTechnologyAnnualActivityUpperLimit,TECHNOLOGY,IN_DEMRESELCCKN_HIG,IN,2049,0.002933,293.301846
TotalTechnologyAnnualActivityUpperLimit,TECHNOLOGY,IN_DEMRESELCCKN_HIG,IN,2050,0.002934,293.431103
TotalTechnologyAnnualActivityUpperLimit,TECHNOLOGY,IN_DEMRESELCCKN_HIG,IN,2051,0.002936,293.592653
TotalTechnologyAnnualActivityUpperLimit,TECHNOLOGY,IN_DEMRESELCCKN_HIG,IN,2052,0.002938,293.81247
TotalTechnologyAnnualActivityUpperLimit,TECHNOLOGY,IN_DEMRESELCCKN_HIG,IN,2053,0.002941,294.092459
TotalTechnologyAnnualActivityUpperLimit,TECHNOLOGY,IN_DEMRESELCCKN_HIG,IN,2054,0.002944,294.434521
TotalTechnologyAnnualActivityUpperLimit,TECHNOLOGY,IN_DEMRESELCCKN_LOW,IN,2022,0.000703,0.002355
TotalTechnologyAnnualActivityUpperLimit,TECHNOLOGY,IN_DEMRESELCCKN_LOW,IN,2023,0.000731,0.002579
TotalTechnologyAnnualActivityUpperLimit,TECHNOLOGY,IN_DEMRESELCCKN_LOW,IN,2024,0.002774,0.010188
TotalTechnologyAnnualActivityUpperLimit,TECHNOLOGY,IN_DEMRESELCCKN_LOW,IN,2025,0.002989,0.010472
TotalTechnologyAnnualActivityUpperLimit,TECHNOLOGY,IN_DEMRESELCCKN_LOW,IN,2026,0.002986,0.010207
TotalTechnologyAnnualActivityUpperLimit,TECHNOLOGY,IN_DEMRESELCCKN_LOW,IN,2027,0.002984,0.009901
TotalTechnologyAnnualActivityUpperLimit,TECHNOLOGY,IN_DEMRESELCCKN_LOW,IN,2028,0.002981,0.009556
TotalTechnologyAnnualActivityUpperLimit,TECHNOLOGY,IN_DEMRESELCCKN_LOW,IN,2029,0.00298,0.009183
TotalTechnologyAnnualActivityUpperLimit,TECHNOLOGY,IN_DEMRESELCCKN_LOW,IN,2030,0.002977,0.008781
TotalTechnologyAnnualActivityUpperLimit,TECHNOLOGY,IN_DEMRESELCCKN_LOW,IN,2031,0.002973,0.008353
TotalTechnologyAnnualActivityUpperLimit,TECHNOLOGY,IN_DEMRESELCCKN_LOW,IN,2032,0.002969,0.007909
TotalTechnologyAnnualActivityUpperLimit,TECHNOLOGY,IN_DEMRESELCCKN_LOW,IN,2033,0.002965,0.007455
TotalTechnologyAnnualActivityUpperLimit,TECHNOLOGY,IN_DEMRESELCCKN_LOW,IN,2034,0.00296,0.006995
TotalTechnologyAnnualActivityUpperLimit,TECHNOLOGY,IN_DEMRESELCCKN_LOW,IN,2035,0.002956,0.006535
TotalTechnologyAnnualActivityUpperLimit,TECHNOLOGY,IN_DEMRESELCCKN_LOW,IN,2036,0.002952,0.006077
TotalTechnologyAnnualActivityUpperLimit,TECHNOLOGY,IN_DEMRESELCCKN_LOW,IN,2037,0.00295,0.005632
TotalTechnologyAnnualActivityUpperLimit,TECHNOLOGY,IN_DEMRESELCCKN_LOW,IN,2038,0.002947,0.005194
TotalTechnologyAnnualActivityUpperLimit,TECHNOLOGY,IN_DEMRESELCCKN_LOW,IN,2039,0.002943,0.004768
TotalTechnologyAnnualActivityUpperLimit,TECHNOLOGY,IN_DEMRESELCCKN_LOW,IN,2040,0.00294,0.00436
TotalTechnologyAnnualActivityUpperLimit,TECHNOLOGY,IN_DEMRESELCCKN_LOW,IN,2041,0.002937,0.003969
TotalTechnologyAnnualActivityUpperLimit,TECHNOLOGY,IN_DEMRESELCCKN_LOW,IN,2042,0.002936,0.0036
TotalTechnologyAnnualActivityUpperLimit,TECHNOLOGY,IN_DEMRESELCCKN_LOW,IN,2043,0.002935,0.003251
TotalTechnologyAnnualActivityUpperLimit,TECHNOLOGY,IN_DEMRESELCCKN_LOW,IN,2044,0.002934,0.002925
TotalTechnologyAnnualActivityUpperLimit,TECHNOLOGY,IN_DEMRESELCCKN_LOW,IN,2045,0.002934,0.002621
TotalTechnologyAnnualActivityUpperLimit,TECHNOLOGY,IN_DEMRESELCCKN_LOW,IN,2046,0.002933,0.002337
TotalTechnologyAnnualActivityUpperLimit,TECHNOLOGY,IN_DEMRESELCCKN_LOW,IN,2047,0.002933,0.002077
TotalTechnologyAnnualActivityUpperLimit,TECHNOLOGY,IN_DEMRESELCCKN_LOW,IN,2048,0.002934,0.001838
TotalTechnologyAnnualActivityUpperLimit,TECHNOLOGY,IN_DEMRESELCCKN_LOW,IN,2049,0.002933,0.001619
TotalTechnologyAnnualActivityUpperLimit,TECHNOLOGY,IN_DEMRESELCCKN_LOW,IN,2050,0.002934,0.001421
TotalTechnologyAnnualActivityUpperLimit,TECHNOLOGY,IN_DEMRESELCCKN_LOW,IN,2051,0.002936,0.001243
TotalTechnologyAnnualActivityUpperLimit,TECHNOLOGY,IN_DEMRESELCCKN_LOW,IN,2052,0.002938,0.001082
TotalTechnologyAnnualActivityUpperLimit,TECHNOLOGY,IN_DEMRESELCCKN_LOW,IN,2053,0.002941,0.000939
TotalTechnologyAnnualActivityUpperLimit,TECHNOLOGY,IN_DEMRESELCCKN_LOW,IN,2054,0.002944,0.000812
TotalTechnologyAnnualActivityUpperLimit,TECHNOLOGY,IN_DEMRESELCCKN_MID,IN,2022,0.000703,70.27326
TotalTechnologyAnnualActivityUpperLimit,TECHNOLOGY,IN_DEMRESELCCKN_MID,IN,2023,0.000731,73.069276
TotalTechnologyAnnualActivityUpperLimit,TECHNOLOGY,IN_DEMRESELCCKN_MID,IN,2024,0.002774,277.386695
TotalTechnologyAnnualActivityUpperLimit,TECHNOLOGY,IN_DEMRESELCCKN_MID,IN,2025,0.002989,298.85305
TotalTechnologyAnnualActivityUpperLimit,TECHNOLOGY,IN_DEMRESELCCKN_MID,IN,2026,0.002986,298.597353
TotalTechnologyAnnualActivityUpperLimit,TECHNOLOGY,IN_DEMRESELCCKN_MID,IN,2027,0.002984,298.37925
TotalTechnologyAnnualActivityUpperLimit,TECHNOLOGY,IN_DEMRESELCCKN_MID,IN,2028,0.002981,298.116896
TotalTechnologyAnnualActivityUpperLimit,TECHNOLOGY,IN_DEMRESELCCKN_MID,IN,2029,0.00298,297.952198
TotalTechnologyAnnualActivityUpperLimit,TECHNOLOGY,IN_DEMRESELCCKN_MID,IN,2030,0.002977,297.704967
TotalTechnologyAnnualActivityUpperLimit,TECHNOLOGY,IN_DEMRESELCCKN_MID,IN,2031,0.002973,297.299789
TotalTechnologyAnnualActivityUpperLimit,TECHNOLOGY,IN_DEMRESELCCKN_MID,IN,2032,0.002969,296.88489
TotalTechnologyAnnualActivityUpperLimit,TECHNOLOGY,IN_DEMRESELCCKN_MID,IN,2033,0.002965,296.474712
TotalTechnologyAnnualActivityUpperLimit,TECHNOLOGY,IN_DEMRESELCCKN_MID,IN,2034,0.00296,296.041152
TotalTechnologyAnnualActivityUpperLimit,TECHNOLOGY,IN_DEMRESELCCKN_MID,IN,2035,0.002956,295.636584
TotalTechnologyAnnualActivityUpperLimit,TECHNOLOGY,IN_DEMRESELCCKN_MID,IN,2036,0.002952,295.199321
TotalTechnologyAnnualActivityUpperLimit,TECHNOLOGY,IN_DEMRESELCCKN_MID,IN,2037,0.00295,295.025624
TotalTechnologyAnnualActivityUpperLimit,TECHNOLOGY,IN_DEMRESELCCKN_MID,IN,2038,0.002947,294.724276
TotalTechnologyAnnualActivityUpperLimit,TECHNOLOGY,IN_DEMRESELCCKN_MID,IN,2039,0.002943,294.322999
TotalTechnologyAnnualActivityUpperLimit,TECHNOLOGY,IN_DEMRESELCCKN_MID,IN,2040,0.00294,294.044699
TotalTechnologyAnnualActivityUpperLimit,TECHNOLOGY,IN_DEMRESELCCKN_MID,IN,2041,0.002937,293.732578
TotalTechnologyAnnualActivityUpperLimit,TECHNOLOGY,IN_DEMRESELCCKN_MID,IN,2042,0.002936,293.631303
TotalTechnologyAnnualActivityUpperLimit,TECHNOLOGY,IN_DEMRESELCCKN_MID,IN,2043,0.002935,293.460398
TotalTechnologyAnnualActivityUpperLimit,TECHNOLOGY,IN_DEMRESELCCKN_MID,IN,2044,0.002934,293.403852
TotalTechnologyAnnualActivityUpperLimit,TECHNOLOGY,IN_DEMRESELCCKN_MID,IN,2045,0.002934,293.429733
TotalTechnologyAnnualActivityUpperLimit,TECHNOLOGY,IN_DEMRESELCCKN_MID,IN,2046,0.002933,293.258867
TotalTechnologyAnnualActivityUpperLimit,TECHNOLOGY,IN_DEMRESELCCKN_MID,IN,2047,0.002933,293.298391
TotalTechnologyAnnualActivityUpperLimit,TECHNOLOGY,IN_DEMRESELCCKN_MID,IN,2048,0.002934,293.347942
TotalTechnologyAnnualActivityUpperLimit,TECHNOLOGY,IN_DEMRESELCCKN_MID,IN,2049,0.002933,293.301846
TotalTechnologyAnnualActivityUpperLimit,TECHNOLOGY,IN_DEMRESELCCKN_MID,IN,2050,0.002934,293.431103
TotalTechnologyAnnualActivityUpperLimit,TECHNOLOGY,IN_DEMRESELCCKN_MID,IN,2051,0.002936,293.592653
TotalTechnologyAnnualActivityUpperLimit,TECHNOLOGY,IN_DEMRESELCCKN_MID,IN,2052,0.002938,293.81247
TotalTechnologyAnnualActivityUpperLimit,TECHNOLOGY,IN_DEMRESELCCKN_MID,IN,2053,0.002941,294.092459
TotalTechnologyAnnualActivityUpperLimit,TECHNOLOGY,IN_DEMRESELCCKN_MID,IN,2054,0.002944,294.434521
TotalTechnologyAnnualActivityUpperLimit,TECHNOLOGY,IN_DEMRESELCFAN_HIG,IN,2022,0.004905,490.493449
TotalTechnologyAnnualActivityUpperLimit,TECHNOLOGY,IN_DEMRESELCFAN_HIG,IN,2023,0.00527,526.999789
TotalTechnologyAnnualActivityUpperLimit,TECHNOLOGY,IN_DEMRESELCFAN_HIG,IN,2024,0.004145,414.464867
TotalTechnologyAnnualActivityUpperLimit,TECHNOLOGY,IN_DEMRESELCFAN_HIG,IN,2025,0.00442,442.032778
TotalTechnologyAnnualActivityUpperLimit,TECHNOLOGY,IN_DEMRESELCFAN_HIG,IN,2026,0.004425,442.506688
TotalTechnologyAnnualActivityUpperLimit,TECHNOLOGY,IN_DEMRESELCFAN_HIG,IN,2027,0.004429,442.929696
TotalTechnologyAnnualActivityUpperLimit,TECHNOLOGY,IN_DEMRESELCFAN_HIG,IN,2028,0.004432,443.166769
TotalTechnologyAnnualActivityUpperLimit,TECHNOLOGY,IN_DEMRESELCFAN_HIG,IN,2029,0.004434,443.434736
TotalTechnologyAnnualActivityUpperLimit,TECHNOLOGY,IN_DEMRESELCFAN_HIG,IN,2030,0.004435,443.464965
TotalTechnologyAnnualActivityUpperLimit,TECHNOLOGY,IN_DEMRESELCFAN_HIG,IN,2031,0.004432,443.186711
TotalTechnologyAnnualActivityUpperLimit,TECHNOLOGY,IN_DEMRESELCFAN_HIG,IN,2032,0.004429,442.86389
TotalTechnologyAnnualActivityUpperLimit,TECHNOLOGY,IN_DEMRESELCFAN_HIG,IN,2033,0.004425,442.530938
TotalTechnologyAnnualActivityUpperLimit,TECHNOLOGY,IN_DEMRESELCFAN_HIG,IN,2034,0.004421,442.144341
TotalTechnologyAnnualActivityUpperLimit,TECHNOLOGY,IN_DEMRESELCFAN_HIG,IN,2035,0.004418,441.780797
TotalTechnologyAnnualActivityUpperLimit,TECHNOLOGY,IN_DEMRESELCFAN_HIG,IN,2036,0.004413,441.335475
TotalTechnologyAnnualActivityUpperLimit,TECHNOLOGY,IN_DEMRESELCFAN_HIG,IN,2037,0.004413,441.283959
TotalTechnologyAnnualActivityUpperLimit,TECHNOLOGY,IN_DEMRESELCFAN_HIG,IN,2038,0.00441,441.026318
TotalTechnologyAnnualActivityUpperLimit,TECHNOLOGY,IN_DEMRESELCFAN_HIG,IN,2039,0.004406,440.609211
TotalTechnologyAnnualActivityUpperLimit,TECHNOLOGY,IN_DEMRESELCFAN_HIG,IN,2040,0.004404,440.363766
TotalTechnologyAnnualActivityUpperLimit,TECHNOLOGY,IN_DEMRESELCFAN_HIG,IN,2041,0.004401,440.057753
TotalTechnologyAnnualActivityUpperLimit,TECHNOLOGY,IN_DEMRESELCFAN_HIG,IN,2042,0.004401,440.057663
TotalTechnologyAnnualActivityUpperLimit,TECHNOLOGY,IN_DEMRESELCFAN_HIG,IN,2043,0.0044,439.945618
TotalTechnologyAnnualActivityUpperLimit,TECHNOLOGY,IN_DEMRESELCFAN_HIG,IN,2044,0.0044,439.999527
TotalTechnologyAnnualActivityUpperLimit,TECHNOLOGY,IN_DEMRESELCFAN_HIG,IN,2045,0.004402,440.168751
TotalTechnologyAnnualActivityUpperLimit,TECHNOLOGY,IN_DEMRESELCFAN_HIG,IN,2046,0.0044,440.037262
TotalTechnologyAnnualActivityUpperLimit,TECHNOLOGY,IN_DEMRESELCFAN_HIG,IN,2047,0.004402,440.217923
TotalTechnologyAnnualActivityUpperLimit,TECHNOLOGY,IN_DEMRESELCFAN_HIG,IN,2048,0.004404,440.410849
TotalTechnologyAnnualActivityUpperLimit,TECHNOLOGY,IN_DEMRESELCFAN_HIG,IN,2049,0.004405,440.463462
TotalTechnologyAnnualActivityUpperLimit,TECHNOLOGY,IN_DEMRESELCFAN_HIG,IN,2050,0.004408,440.797848
TotalTechnologyAnnualActivityUpperLimit,TECHNOLOGY,IN_DEMRESELCFAN_HIG,IN,2051,0.004412,441.175541
TotalTechnologyAnnualActivityUpperLimit,TECHNOLOGY,IN_DEMRESELCFAN_HIG,IN,2052,0.004416,441.644254
TotalTechnologyAnnualActivityUpperLimit,TECHNOLOGY,IN_DEMRESELCFAN_HIG,IN,2053,0.004422,442.206983
TotalTechnologyAnnualActivityUpperLimit,TECHNOLOGY,IN_DEMRESELCFAN_HIG,IN,2054,0.004429,442.866727
TotalTechnologyAnnualActivityUpperLimit,TECHNOLOGY,IN_DEMRESELCFAN_LOW,IN,2022,0.004905,490.493449
TotalTechnologyAnnualActivityUpperLimit,TECHNOLOGY,IN_DEMRESELCFAN_LOW,IN,2023,0.00527,526.999789
TotalTechnologyAnnualActivityUpperLimit,TECHNOLOGY,IN_DEMRESELCFAN_LOW,IN,2024,0.004145,414.464867
TotalTechnologyAnnualActivityUpperLimit,TECHNOLOGY,IN_DEMRESELCFAN_LOW,IN,2025,0.00442,442.032778
TotalTechnologyAnnualActivityUpperLimit,TECHNOLOGY,IN_DEMRESELCFAN_LOW,IN,2026,0.004425,442.506688
TotalTechnologyAnnualActivityUpperLimit,TECHNOLOGY,IN_DEMRESELCFAN_LOW,IN,2027,0.004429,442.929696
TotalTechnologyAnnualActivityUpperLimit,TECHNOLOGY,IN_DEMRESELCFAN_LOW,IN,2028,0.004432,443.166769
TotalTechnologyAnnualActivityUpperLimit,TECHNOLOGY,IN_DEMRESELCFAN_LOW,IN,2029,0.004434,443.434736
TotalTechnologyAnnualActivityUpperLimit,TECHNOLOGY,IN_DEMRESELCFAN_LOW,IN,2030,0.004435,443.464965
TotalTechnologyAnnualActivityUpperLimit,TECHNOLOGY,IN_DEMRESELCFAN_LOW,IN,2031,0.004432,443.186711
TotalTechnologyAnnualActivityUpperLimit,TECHNOLOGY,IN_DEMRESELCFAN_LOW,IN,2032,0.004429,442.86389
TotalTechnologyAnnualActivityUpperLimit,TECHNOLOGY,IN_DEMRESELCFAN_LOW,IN,2033,0.004425,442.530938
TotalTechnologyAnnualActivityUpperLimit,TECHNOLOGY,IN_DEMRESELCFAN_LOW,IN,2034,0.004421,442.144341
TotalTechnologyAnnualActivityUpperLimit,TECHNOLOGY,IN_DEMRESELCFAN_LOW,IN,2035,0.004418,441.780797
TotalTechnologyAnnualActivityUpperLimit,TECHNOLOGY,IN_DEMRESELCFAN_LOW,IN,2036,0.004413,441.335475
TotalTechnologyAnnualActivityUpperLimit,TECHNOLOGY,IN_DEMRESELCFAN_LOW,IN,2037,0.004413,441.283959
TotalTechnologyAnnualActivityUpperLimit,TECHNOLOGY,IN_DEMRESELCFAN_LOW,IN,2038,0.00441,441.026318
TotalTechnologyAnnualActivityUpperLimit,TECHNOLOGY,IN_DEMRESELCFAN_LOW,IN,2039,0.004406,440.609211
TotalTechnologyAnnualActivityUpperLimit,TECHNOLOGY,IN_DEMRESELCFAN_LOW,IN,2040,0.004404,440.363766
TotalTechnologyAnnualActivityUpperLimit,TECHNOLOGY,IN_DEMRESELCFAN_LOW,IN,2041,0.004401,440.057753
TotalTechnologyAnnualActivityUpperLimit,TECHNOLOGY,IN_DEMRESELCFAN_LOW,IN,2042,0.004401,440.057663
TotalTechnologyAnnualActivityUpperLimit,TECHNOLOGY,IN_DEMRESELCFAN_LOW,IN,2043,0.0044,439.945618
TotalTechnologyAnnualActivityUpperLimit,TECHNOLOGY,IN_DEMRESELCFAN_LOW,IN,2044,0.0044,439.999527
TotalTechnologyAnnualActivityUpperLimit,TECHNOLOGY,IN_DEMRESELCFAN_LOW,IN,2045,0.004402,440.168751
TotalTechnologyAnnualActivityUpperLimit,TECHNOLOGY,IN_DEMRESELCFAN_LOW,IN,2046,0.0044,440.037262
TotalTechnologyAnnualActivityUpperLimit,TECHNOLOGY,IN_DEMRESELCFAN_LOW,IN,2047,0.004402,440.217923
TotalTechnologyAnnualActivityUpperLimit,TECHNOLOGY,IN_DEMRESELCFAN_LOW,IN,2048,0.004404,440.410849
TotalTechnologyAnnualActivityUpperLimit,TECHNOLOGY,IN_DEMRESELCFAN_LOW,IN,2049,0.004405,440.463462
TotalTechnologyAnnualActivityUpperLimit,TECHNOLOGY,IN_DEMRESELCFAN_LOW,IN,2050,0.004408,440.797848
TotalTechnologyAnnualActivityUpperLimit,TECHNOLOGY,IN_DEMRESELCFAN_LOW,IN,2051,0.004412,441.175541
TotalTechnologyAnnualActivityUpperLimit,TECHNOLOGY,IN_DEMRESELCFAN_LOW,IN,2052,0.004416,441.644254
TotalTechnologyAnnualActivityUpperLimit,TECHNOLOGY,IN_DEMRESELCFAN_LOW,IN,2053,0.004422,442.206983
TotalTechnologyAnnualActivityUpperLimit,TECHNOLOGY,IN_DEMRESELCFAN_LOW,IN,2054,0.004429,442.866727
TotalTechnologyAnnualActivityUpperLimit,TECHNOLOGY,IN_DEMRESELCFAN_MID,IN,2022,0.004905,490.493449
TotalTechnologyAnnualActivityUpperLimit,TECHNOLOGY,IN_DEMRESELCFAN_MID,IN,2023,0.00527,526.999789
TotalTechnologyAnnualActivityUpperLimit,TECHNOLOGY,IN_DEMRESELCFAN_MID,IN,2024,0.004145,414.464867
TotalTechnologyAnnualActivityUpperLimit,TECHNOLOGY,IN_DEMRESELCFAN_MID,IN,2025,0.00442,442.032778
TotalTechnologyAnnualActivityUpperLimit,TECHNOLOGY,IN_DEMRESELCFAN_MID,IN,2026,0.004425,442.506688
TotalTechnologyAnnualActivityUpperLimit,TECHNOLOGY,IN_DEMRESELCFAN_MID,IN,2027,0.004429,442.929696
TotalTechnologyAnnualActivityUpperLimit,TECHNOLOGY,IN_DEMRESELCFAN_MID,IN,2028,0.004432,443.166769
TotalTechnologyAnnualActivityUpperLimit,TECHNOLOGY,IN_DEMRESELCFAN_MID,IN,2029,0.004434,443.434736
TotalTechnologyAnnualActivityUpperLimit,TECHNOLOGY,IN_DEMRESELCFAN_MID,IN,2030,0.004435,443.464965
TotalTechnologyAnnualActivityUpperLimit,TECHNOLOGY,IN_DEMRESELCFAN_MID,IN,2031,0.004432,443.186711
TotalTechnologyAnnualActivityUpperLimit,TECHNOLOGY,IN_DEMRESELCFAN_MID,IN,2032,0.004429,442.86389
TotalTechnologyAnnualActivityUpperLimit,TECHNOLOGY,IN_DEMRESELCFAN_MID,IN,2033,0.004425,442.530938
TotalTechnologyAnnualActivityUpperLimit,TECHNOLOGY,IN_DEMRESELCFAN_MID,IN,2034,0.004421,442.144341
TotalTechnologyAnnualActivityUpperLimit,TECHNOLOGY,IN_DEMRESELCFAN_MID,IN,2035,0.004418,441.780797
TotalTechnologyAnnualActivityUpperLimit,TECHNOLOGY,IN_DEMRESELCFAN_MID,IN,2036,0.004413,441.335475
TotalTechnologyAnnualActivityUpperLimit,TECHNOLOGY,IN_DEMRESELCFAN_MID,IN,2037,0.004413,441.283959
TotalTechnologyAnnualActivityUpperLimit,TECHNOLOGY,IN_DEMRESELCFAN_MID,IN,2038,0.00441,441.026318
TotalTechnologyAnnualActivityUpperLimit,TECHNOLOGY,IN_DEMRESELCFAN_MID,IN,2039,0.004406,440.609211
TotalTechnologyAnnualActivityUpperLimit,TECHNOLOGY,IN_DEMRESELCFAN_MID,IN,2040,0.004404,440.363766
TotalTechnologyAnnualActivityUpperLimit,TECHNOLOGY,IN_DEMRESELCFAN_MID,IN,2041,0.004401,440.057753
TotalTechnologyAnnualActivityUpperLimit,TECHNOLOGY,IN_DEMRESELCFAN_MID,IN,2042,0.004401,440.057663
TotalTechnologyAnnualActivityUpperLimit,TECHNOLOGY,IN_DEMRESELCFAN_MID,IN,2043,0.0044,439.945618
TotalTechnologyAnnualActivityUpperLimit,TECHNOLOGY,IN_DEMRESELCFAN_MID,IN,2044,0.0044,439.999527
TotalTechnologyAnnualActivityUpperLimit,TECHNOLOGY,IN_DEMRESELCFAN_MID,IN,2045,0.004402,440.168751
TotalTechnologyAnnualActivityUpperLimit,TECHNOLOGY,IN_DEMRESELCFAN_MID,IN,2046,0.0044,440.037262
TotalTechnologyAnnualActivityUpperLimit,TECHNOLOGY,IN_DEMRESELCFAN_MID,IN,2047,0.004402,440.217923
TotalTechnologyAnnualActivityUpperLimit,TECHNOLOGY,IN_DEMRESELCFAN_MID,IN,2048,0.004404,440.410849
TotalTechnologyAnnualActivityUpperLimit,TECHNOLOGY,IN_DEMRESELCFAN_MID,IN,2049,0.004405,440.463462
TotalTechnologyAnnualActivityUpperLimit,TECHNOLOGY,IN_DEMRESELCFAN_MID,IN,2050,0.004408,440.797848
TotalTechnologyAnnualActivityUpperLimit,TECHNOLOGY,IN_DEMRESELCFAN_MID,IN,2051,0.004412,441.175541
TotalTechnologyAnnualActivityUpperLimit,TECHNOLOGY,IN_DEMRESELCFAN_MID,IN,2052,0.004416,441.644254
TotalTechnologyAnnualActivityUpperLimit,TECHNOLOGY,IN_DEMRESELCFAN_MID,IN,2053,0.004422,442.206983
TotalTechnologyAnnualActivityUpperLimit,TECHNOLOGY,IN_DEMRESELCFAN_MID,IN,2054,0.004429,442.866727
TotalTechnologyAnnualActivityUpperLimit,TECHNOLOGY,IN_DEMRESELCOTH_HIG,IN,2022,0.011505,10354.065355
TotalTechnologyAnnualActivityUpperLimit,TECHNOLOGY,IN_DEMRESELCOTH_HIG,IN,2023,0.011118,10005.9119
TotalTechnologyAnnualActivityUpperLimit,TECHNOLOGY,IN_DEMRESELCOTH_HIG,IN,2024,0.010709,9637.834142
TotalTechnologyAnnualActivityUpperLimit,TECHNOLOGY,IN_DEMRESELCOTH_HIG,IN,2025,0.010831,9747.84474
TotalTechnologyAnnualActivityUpperLimit,TECHNOLOGY,IN_DEMRESELCOTH_HIG,IN,2026,0.010668,9601.206077
TotalTechnologyAnnualActivityUpperLimit,TECHNOLOGY,IN_DEMRESELCOTH_HIG,IN,2027,0.010459,9412.630696
TotalTechnologyAnnualActivityUpperLimit,TECHNOLOGY,IN_DEMRESELCOTH_HIG,IN,2028,0.010204,9183.4386
TotalTechnologyAnnualActivityUpperLimit,TECHNOLOGY,IN_DEMRESELCOTH_HIG,IN,2029,0.009932,8938.472054
TotalTechnologyAnnualActivityUpperLimit,TECHNOLOGY,IN_DEMRESELCOTH_HIG,IN,2030,0.009631,8667.95639
TotalTechnologyAnnualActivityUpperLimit,TECHNOLOGY,IN_DEMRESELCOTH_HIG,IN,2031,0.009317,8385.639565
TotalTechnologyAnnualActivityUpperLimit,TECHNOLOGY,IN_DEMRESELCOTH_HIG,IN,2032,0.009005,8104.819533
TotalTechnologyAnnualActivityUpperLimit,TECHNOLOGY,IN_DEMRESELCOTH_HIG,IN,2033,0.008719,7846.883203
TotalTechnologyAnnualActivityUpperLimit,TECHNOLOGY,IN_DEMRESELCOTH_HIG,IN,2034,0.008418,7575.883957
TotalTechnologyAnnualActivityUpperLimit,TECHNOLOGY,IN_DEMRESELCOTH_HIG,IN,2035,0.008143,7328.789373
TotalTechnologyAnnualActivityUpperLimit,TECHNOLOGY,IN_DEMRESELCOTH_HIG,IN,2036,0.007857,7070.807395
TotalTechnologyAnnualActivityUpperLimit,TECHNOLOGY,IN_DEMRESELCOTH_HIG,IN,2037,0.007607,6846.25122
TotalTechnologyAnnualActivityUpperLimit,TECHNOLOGY,IN_DEMRESELCOTH_HIG,IN,2038,0.007355,6619.739245
TotalTechnologyAnnualActivityUpperLimit,TECHNOLOGY,IN_DEMRESELCOTH_HIG,IN,2039,0.007111,6400.275928
TotalTechnologyAnnualActivityUpperLimit,TECHNOLOGY,IN_DEMRESELCOTH_HIG,IN,2040,0.006863,6176.992604
TotalTechnologyAnnualActivityUpperLimit,TECHNOLOGY,IN_DEMRESELCOTH_HIG,IN,2041,0.006632,5968.97436
TotalTechnologyAnnualActivityUpperLimit,TECHNOLOGY,IN_DEMRESELCOTH_HIG,IN,2042,0.006411,5770.237318
TotalTechnologyAnnualActivityUpperLimit,TECHNOLOGY,IN_DEMRESELCOTH_HIG,IN,2043,0.006197,5577.530191
TotalTechnologyAnnualActivityUpperLimit,TECHNOLOGY,IN_DEMRESELCOTH_HIG,IN,2044,0.005997,5397.688777
TotalTechnologyAnnualActivityUpperLimit,TECHNOLOGY,IN_DEMRESELCOTH_HIG,IN,2045,0.005806,5225.535932
TotalTechnologyAnnualActivityUpperLimit,TECHNOLOGY,IN_DEMRESELCOTH_HIG,IN,2046,0.00561,5048.617276
TotalTechnologyAnnualActivityUpperLimit,TECHNOLOGY,IN_DEMRESELCOTH_HIG,IN,2047,0.005432,4888.366526
TotalTechnologyAnnualActivityUpperLimit,TECHNOLOGY,IN_DEMRESELCOTH_HIG,IN,2048,0.005251,4725.885959
TotalTechnologyAnnualActivityUpperLimit,TECHNOLOGY,IN_DEMRESELCOTH_HIG,IN,2049,0.005086,4577.010535
TotalTechnologyAnnualActivityUpperLimit,TECHNOLOGY,IN_DEMRESELCOTH_HIG,IN,2050,0.004925,4432.895459
TotalTechnologyAnnualActivityUpperLimit,TECHNOLOGY,IN_DEMRESELCOTH_HIG,IN,2051,0.004774,4296.271447
TotalTechnologyAnnualActivityUpperLimit,TECHNOLOGY,IN_DEMRESELCOTH_HIG,IN,2052,0.004629,4166.216148
TotalTechnologyAnnualActivityUpperLimit,TECHNOLOGY,IN_DEMRESELCOTH_HIG,IN,2053,0.004492,4042.442158
TotalTechnologyAnnualActivityUpperLimit,TECHNOLOGY,IN_DEMRESELCOTH_HIG,IN,2054,0.004361,3924.674449
TotalTechnologyAnnualActivityUpperLimit,TECHNOLOGY,IN_DEMRESELCOTH_LOW,IN,2022,0.011505,10354.065355
TotalTechnologyAnnualActivityUpperLimit,TECHNOLOGY,IN_DEMRESELCOTH_LOW,IN,2023,0.011118,10005.9119
TotalTechnologyAnnualActivityUpperLimit,TECHNOLOGY,IN_DEMRESELCOTH_LOW,IN,2024,0.010709,9637.834142
TotalTechnologyAnnualActivityUpperLimit,TECHNOLOGY,IN_DEMRESELCOTH_LOW,IN,2025,0.010831,9747.84474
TotalTechnologyAnnualActivityUpperLimit,TECHNOLOGY,IN_DEMRESELCOTH_LOW,IN,2026,0.010668,9601.206077
TotalTechnologyAnnualActivityUpperLimit,TECHNOLOGY,IN_DEMRESELCOTH_LOW,IN,2027,0.010459,9412.630696
TotalTechnologyAnnualActivityUpperLimit,TECHNOLOGY,IN_DEMRESELCOTH_LOW,IN,2028,0.010204,9183.4386
TotalTechnologyAnnualActivityUpperLimit,TECHNOLOGY,IN_DEMRESELCOTH_LOW,IN,2029,0.009932,8938.472054
TotalTechnologyAnnualActivityUpperLimit,TECHNOLOGY,IN_DEMRESELCOTH_LOW,IN,2030,0.009631,8667.95639
TotalTechnologyAnnualActivityUpperLimit,TECHNOLOGY,IN_DEMRESELCOTH_LOW,IN,2031,0.009317,8385.639565
TotalTechnologyAnnualActivityUpperLimit,TECHNOLOGY,IN_DEMRESELCOTH_LOW,IN,2032,0.009005,8104.819533
TotalTechnologyAnnualActivityUpperLimit,TECHNOLOGY,IN_DEMRESELCOTH_LOW,IN,2033,0.008719,7846.883203
TotalTechnologyAnnualActivityUpperLimit,TECHNOLOGY,IN_DEMRESELCOTH_LOW,IN,2034,0.008418,7575.883957
TotalTechnologyAnnualActivityUpperLimit,TECHNOLOGY,IN_DEMRESELCOTH_LOW,IN,2035,0.008143,7328.789373
TotalTechnologyAnnualActivityUpperLimit,TECHNOLOGY,IN_DEMRESELCOTH_LOW,IN,2036,0.007857,7070.807395
TotalTechnologyAnnualActivityUpperLimit,TECHNOLOGY,IN_DEMRESELCOTH_LOW,IN,2037,0.007607,6846.25122
TotalTechnologyAnnualActivityUpperLimit,TECHNOLOGY,IN_DEMRESELCOTH_LOW,IN,2038,0.007355,6619.739245
TotalTechnologyAnnualActivityUpperLimit,TECHNOLOGY,IN_DEMRESELCOTH_LOW,IN,2039,0.007111,6400.275928
TotalTechnologyAnnualActivityUpperLimit,TECHNOLOGY,IN_DEMRESELCOTH_LOW,IN,2040,0.006863,6176.992604
TotalTechnologyAnnualActivityUpperLimit,TECHNOLOGY,IN_DEMRESELCOTH_LOW,IN,2041,0.006632,5968.97436
TotalTechnologyAnnualActivityUpperLimit,TECHNOLOGY,IN_DEMRESELCOTH_LOW,IN,2042,0.006411,5770.237318
TotalTechnologyAnnualActivityUpperLimit,TECHNOLOGY,IN_DEMRESELCOTH_LOW,IN,2043,0.006197,5577.530191
TotalTechnologyAnnualActivityUpperLimit,TECHNOLOGY,IN_DEMRESELCOTH_LOW,IN,2044,0.005997,5397.688777
TotalTechnologyAnnualActivityUpperLimit,TECHNOLOGY,IN_DEMRESELCOTH_LOW,IN,2045,0.005806,5225.535932
TotalTechnologyAnnualActivityUpperLimit,TECHNOLOGY,IN_DEMRESELCOTH_LOW,IN,2046,0.00561,5048.617276
TotalTechnologyAnnualActivityUpperLimit,TECHNOLOGY,IN_DEMRESELCOTH_LOW,IN,2047,0.005432,4888.366526
TotalTechnologyAnnualActivityUpperLimit,TECHNOLOGY,IN_DEMRESELCOTH_LOW,IN,2048,0.005251,4725.885959
TotalTechnologyAnnualActivityUpperLimit,TECHNOLOGY,IN_DEMRESELCOTH_LOW,IN,2049,0.005086,4577.010535
TotalTechnologyAnnualActivityUpperLimit,TECHNOLOGY,IN_DEMRESELCOTH_LOW,IN,2050,0.004925,4432.895459
TotalTechnologyAnnualActivityUpperLimit,TECHNOLOGY,IN_DEMRESELCOTH_LOW,IN,2051,0.004774,4296.271447
TotalTechnologyAnnualActivityUpperLimit,TECHNOLOGY,IN_DEMRESELCOTH_LOW,IN,2052,0.004629,4166.216148
TotalTechnologyAnnualActivityUpperLimit,TECHNOLOGY,IN_DEMRESELCOTH_LOW,IN,2053,0.004492,4042.442158
TotalTechnologyAnnualActivityUpperLimit,TECHNOLOGY,IN_DEMRESELCOTH_LOW,IN,2054,0.004361,3924.674449
TotalTechnologyAnnualActivityUpperLimit,TECHNOLOGY,IN_DEMRESELCOTH_MID,IN,2022,0.009127,10951.803842
TotalTechnologyAnnualActivityUpperLimit,TECHNOLOGY,IN_DEMRESELCOTH_MID,IN,2023,0.008786,10543.460543
TotalTechnologyAnnualActivityUpperLimit,TECHNOLOGY,IN_DEMRESELCOTH_MID,IN,2024,0.008478,10173.147687
TotalTechnologyAnnualActivityUpperLimit,TECHNOLOGY,IN_DEMRESELCOTH_MID,IN,2025,0.00918,10097.709127
TotalTechnologyAnnualActivityUpperLimit,TECHNOLOGY,IN_DEMRESELCOTH_MID,IN,2026,0.009047,9951.109822
TotalTechnologyAnnualActivityUpperLimit,TECHNOLOGY,IN_DEMRESELCOTH_MID,IN,2027,0.008875,9762.600723
TotalTechnologyAnnualActivityUpperLimit,TECHNOLOGY,IN_DEMRESELCOTH_MID,IN,2028,0.008667,9533.403293
TotalTechnologyAnnualActivityUpperLimit,TECHNOLOGY,IN_DEMRESELCOTH_MID,IN,2029,0.008444,9288.532102
TotalTechnologyAnnualActivityUpperLimit,TECHNOLOGY,IN_DEMRESELCOTH_MID,IN,2030,0.008198,9017.999299
TotalTechnologyAnnualActivityUpperLimit,TECHNOLOGY,IN_DEMRESELCOTH_MID,IN,2031,0.007941,8735.470111
TotalTechnologyAnnualActivityUpperLimit,TECHNOLOGY,IN_DEMRESELCOTH_MID,IN,2032,0.007686,8454.41625
TotalTechnologyAnnualActivityUpperLimit,TECHNOLOGY,IN_DEMRESELCOTH_MID,IN,2033,0.007451,8196.244136
TotalTechnologyAnnualActivityUpperLimit,TECHNOLOGY,IN_DEMRESELCOTH_MID,IN,2034,0.007205,7924.971004
TotalTechnologyAnnualActivityUpperLimit,TECHNOLOGY,IN_DEMRESELCOTH_MID,IN,2035,0.007446,7446.00552
TotalTechnologyAnnualActivityUpperLimit,TECHNOLOGY,IN_DEMRESELCOTH_MID,IN,2036,0.007188,7187.918831
TotalTechnologyAnnualActivityUpperLimit,TECHNOLOGY,IN_DEMRESELCOTH_MID,IN,2037,0.006963,6963.369192
TotalTechnologyAnnualActivityUpperLimit,TECHNOLOGY,IN_DEMRESELCOTH_MID,IN,2038,0.006737,6736.810536
TotalTechnologyAnnualActivityUpperLimit,TECHNOLOGY,IN_DEMRESELCOTH_MID,IN,2039,0.006517,6517.258847
TotalTechnologyAnnualActivityUpperLimit,TECHNOLOGY,IN_DEMRESELCOTH_MID,IN,2040,0.006294,6293.933236
TotalTechnologyAnnualActivityUpperLimit,TECHNOLOGY,IN_DEMRESELCOTH_MID,IN,2041,0.006086,6085.857081
TotalTechnologyAnnualActivityUpperLimit,TECHNOLOGY,IN_DEMRESELCOTH_MID,IN,2042,0.005887,5887.143728
TotalTechnologyAnnualActivityUpperLimit,TECHNOLOGY,IN_DEMRESELCOTH_MID,IN,2043,0.005694,5694.430513
TotalTechnologyAnnualActivityUpperLimit,TECHNOLOGY,IN_DEMRESELCOTH_MID,IN,2044,0.005515,5514.6267
TotalTechnologyAnnualActivityUpperLimit,TECHNOLOGY,IN_DEMRESELCOTH_MID,IN,2045,0.005343,5342.542022
TotalTechnologyAnnualActivityUpperLimit,TECHNOLOGY,IN_DEMRESELCOTH_MID,IN,2046,0.005166,5165.611068
TotalTechnologyAnnualActivityUpperLimit,TECHNOLOGY,IN_DEMRESELCOTH_MID,IN,2047,0.005005,5005.429988
TotalTechnologyAnnualActivityUpperLimit,TECHNOLOGY,IN_DEMRESELCOTH_MID,IN,2048,0.004843,4843.021922
TotalTechnologyAnnualActivityUpperLimit,TECHNOLOGY,IN_DEMRESELCOTH_MID,IN,2049,0.004694,4694.178422
TotalTechnologyAnnualActivityUpperLimit,TECHNOLOGY,IN_DEMRESELCOTH_MID,IN,2050,0.00455,4550.166182
TotalTechnologyAnnualActivityUpperLimit,TECHNOLOGY,IN_DEMRESELCOTH_MID,IN,2051,0.004414,4413.655733
TotalTechnologyAnnualActivityUpperLimit,TECHNOLOGY,IN_DEMRESELCOTH_MID,IN,2052,0.004284,4283.736093
TotalTechnologyAnnualActivityUpperLimit,TECHNOLOGY,IN_DEMRESELCOTH_MID,IN,2053,0.00416,4160.120651
TotalTechnologyAnnualActivityUpperLimit,TECHNOLOGY,IN_DEMRESELCOTH_MID,IN,2054,0.004043,4042.535176
TotalTechnologyAnnualActivityUpperLimit,TECHNOLOGY,IN_DEMRESELCREF_HIG,IN,2022,0.002309,230.903841
TotalTechnologyAnnualActivityUpperLimit,TECHNOLOGY,IN_DEMRESELCREF_HIG,IN,2023,0.002454,245.422209
TotalTechnologyAnnualActivityUpperLimit,TECHNOLOGY,IN_DEMRESELCREF_HIG,IN,2024,0.00207,206.962389
TotalTechnologyAnnualActivityUpperLimit,TECHNOLOGY,IN_DEMRESELCREF_HIG,IN,2025,0.002253,225.263893
TotalTechnologyAnnualActivityUpperLimit,TECHNOLOGY,IN_DEMRESELCREF_HIG,IN,2026,0.002253,225.275423
TotalTechnologyAnnualActivityUpperLimit,TECHNOLOGY,IN_DEMRESELCREF_HIG,IN,2027,0.002253,225.305885
TotalTechnologyAnnualActivityUpperLimit,TECHNOLOGY,IN_DEMRESELCREF_HIG,IN,2028,0.002253,225.292403
TotalTechnologyAnnualActivityUpperLimit,TECHNOLOGY,IN_DEMRESELCREF_HIG,IN,2029,0.002253,225.345084
TotalTechnologyAnnualActivityUpperLimit,TECHNOLOGY,IN_DEMRESELCREF_HIG,IN,2030,0.002253,225.327057
TotalTechnologyAnnualActivityUpperLimit,TECHNOLOGY,IN_DEMRESELCREF_HIG,IN,2031,0.002252,225.184258
TotalTechnologyAnnualActivityUpperLimit,TECHNOLOGY,IN_DEMRESELCREF_HIG,IN,2032,0.00225,225.02775
TotalTechnologyAnnualActivityUpperLimit,TECHNOLOGY,IN_DEMRESELCREF_HIG,IN,2033,0.002249,224.869689
TotalTechnologyAnnualActivityUpperLimit,TECHNOLOGY,IN_DEMRESELCREF_HIG,IN,2034,0.002247,224.687176
TotalTechnologyAnnualActivityUpperLimit,TECHNOLOGY,IN_DEMRESELCREF_HIG,IN,2035,0.002245,224.521004
TotalTechnologyAnnualActivityUpperLimit,TECHNOLOGY,IN_DEMRESELCREF_HIG,IN,2036,0.002243,224.312452
TotalTechnologyAnnualActivityUpperLimit,TECHNOLOGY,IN_DEMRESELCREF_HIG,IN,2037,0.002243,224.312653
TotalTechnologyAnnualActivityUpperLimit,TECHNOLOGY,IN_DEMRESELCREF_HIG,IN,2038,0.002242,224.211536
TotalTechnologyAnnualActivityUpperLimit,TECHNOLOGY,IN_DEMRESELCREF_HIG,IN,2039,0.00224,224.030818
TotalTechnologyAnnualActivityUpperLimit,TECHNOLOGY,IN_DEMRESELCREF_HIG,IN,2040,0.002239,223.938587
TotalTechnologyAnnualActivityUpperLimit,TECHNOLOGY,IN_DEMRESELCREF_HIG,IN,2041,0.002238,223.816963
TotalTechnologyAnnualActivityUpperLimit,TECHNOLOGY,IN_DEMRESELCREF_HIG,IN,2042,0.002239,223.851802
TotalTechnologyAnnualActivityUpperLimit,TECHNOLOGY,IN_DEMRESELCREF_HIG,IN,2043,0.002238,223.829832
TotalTechnologyAnnualActivityUpperLimit,TECHNOLOGY,IN_DEMRESELCREF_HIG,IN,2044,0.002239,223.891505
TotalTechnologyAnnualActivityUpperLimit,TECHNOLOGY,IN_DEMRESELCREF_HIG,IN,2045,0.00224,224.012012
TotalTechnologyAnnualActivityUpperLimit,TECHNOLOGY,IN_DEMRESELCREF_HIG,IN,2046,0.00224,223.978567
TotalTechnologyAnnualActivityUpperLimit,TECHNOLOGY,IN_DEMRESELCREF_HIG,IN,2047,0.002241,224.101664
TotalTechnologyAnnualActivityUpperLimit,TECHNOLOGY,IN_DEMRESELCREF_HIG,IN,2048,0.002242,224.22954
TotalTechnologyAnnualActivityUpperLimit,TECHNOLOGY,IN_DEMRESELCREF_HIG,IN,2049,0.002243,224.279383
TotalTechnologyAnnualActivityUpperLimit,TECHNOLOGY,IN_DEMRESELCREF_HIG,IN,2050,0.002245,224.462972
TotalTechnologyAnnualActivityUpperLimit,TECHNOLOGY,IN_DEMRESELCREF_HIG,IN,2051,0.002247,224.666865
TotalTechnologyAnnualActivityUpperLimit,TECHNOLOGY,IN_DEMRESELCREF_HIG,IN,2052,0.002249,224.912221
TotalTechnologyAnnualActivityUpperLimit,TECHNOLOGY,IN_DEMRESELCREF_HIG,IN,2053,0.002252,225.200544
TotalTechnologyAnnualActivityUpperLimit,TECHNOLOGY,IN_DEMRESELCREF_HIG,IN,2054,0.002255,225.533331
TotalTechnologyAnnualActivityUpperLimit,TECHNOLOGY,IN_DEMRESELCREF_LOW,IN,2022,0.002309,230.903841
TotalTechnologyAnnualActivityUpperLimit,TECHNOLOGY,IN_DEMRESELCREF_LOW,IN,2023,0.002454,245.422209
TotalTechnologyAnnualActivityUpperLimit,TECHNOLOGY,IN_DEMRESELCREF_LOW,IN,2024,0.00207,206.962389
TotalTechnologyAnnualActivityUpperLimit,TECHNOLOGY,IN_DEMRESELCREF_LOW,IN,2025,0.002253,225.263893
TotalTechnologyAnnualActivityUpperLimit,TECHNOLOGY,IN_DEMRESELCREF_LOW,IN,2026,0.002253,225.275423
TotalTechnologyAnnualActivityUpperLimit,TECHNOLOGY,IN_DEMRESELCREF_LOW,IN,2027,0.002253,225.305885
TotalTechnologyAnnualActivityUpperLimit,TECHNOLOGY,IN_DEMRESELCREF_LOW,IN,2028,0.002253,225.292403
TotalTechnologyAnnualActivityUpperLimit,TECHNOLOGY,IN_DEMRESELCREF_LOW,IN,2029,0.002253,225.345084
TotalTechnologyAnnualActivityUpperLimit,TECHNOLOGY,IN_DEMRESELCREF_LOW,IN,2030,0.002253,225.327057
TotalTechnologyAnnualActivityUpperLimit,TECHNOLOGY,IN_DEMRESELCREF_LOW,IN,2031,0.002252,225.184258
TotalTechnologyAnnualActivityUpperLimit,TECHNOLOGY,IN_DEMRESELCREF_LOW,IN,2032,0.00225,225.02775
TotalTechnologyAnnualActivityUpperLimit,TECHNOLOGY,IN_DEMRESELCREF_LOW,IN,2033,0.002249,224.869689
TotalTechnologyAnnualActivityUpperLimit,TECHNOLOGY,IN_DEMRESELCREF_LOW,IN,2034,0.002247,224.687176
TotalTechnologyAnnualActivityUpperLimit,TECHNOLOGY,IN_DEMRESELCREF_LOW,IN,2035,0.002245,224.521004
TotalTechnologyAnnualActivityUpperLimit,TECHNOLOGY,IN_DEMRESELCREF_LOW,IN,2036,0.002243,224.312452
TotalTechnologyAnnualActivityUpperLimit,TECHNOLOGY,IN_DEMRESELCREF_LOW,IN,2037,0.002243,224.312653
TotalTechnologyAnnualActivityUpperLimit,TECHNOLOGY,IN_DEMRESELCREF_LOW,IN,2038,0.002242,224.211536
TotalTechnologyAnnualActivityUpperLimit,TECHNOLOGY,IN_DEMRESELCREF_LOW,IN,2039,0.00224,224.030818
TotalTechnologyAnnualActivityUpperLimit,TECHNOLOGY,IN_DEMRESELCREF_LOW,IN,2040,0.002239,223.938587
TotalTechnologyAnnualActivityUpperLimit,TECHNOLOGY,IN_DEMRESELCREF_LOW,IN,2041,0.002238,223.816963
TotalTechnologyAnnualActivityUpperLimit,TECHNOLOGY,IN_DEMRESELCREF_LOW,IN,2042,0.002239,223.851802
TotalTechnologyAnnualActivityUpperLimit,TECHNOLOGY,IN_DEMRESELCREF_LOW,IN,2043,0.002238,223.829832
TotalTechnologyAnnualActivityUpperLimit,TECHNOLOGY,IN_DEMRESELCREF_LOW,IN,2044,0.002239,223.891505
TotalTechnologyAnnualActivityUpperLimit,TECHNOLOGY,IN_DEMRESELCREF_LOW,IN,2045,0.00224,224.012012
TotalTechnologyAnnualActivityUpperLimit,TECHNOLOGY,IN_DEMRESELCREF_LOW,IN,2046,0.00224,223.978567
TotalTechnologyAnnualActivityUpperLimit,TECHNOLOGY,IN_DEMRESELCREF_LOW,IN,2047,0.002241,224.101664
TotalTechnologyAnnualActivityUpperLimit,TECHNOLOGY,IN_DEMRESELCREF_LOW,IN,2048,0.002242,224.22954
TotalTechnologyAnnualActivityUpperLimit,TECHNOLOGY,IN_DEMRESELCREF_LOW,IN,2049,0.002243,224.279383
TotalTechnologyAnnualActivityUpperLimit,TECHNOLOGY,IN_DEMRESELCREF_LOW,IN,2050,0.002245,224.462972
TotalTechnologyAnnualActivityUpperLimit,TECHNOLOGY,IN_DEMRESELCREF_LOW,IN,2051,0.002247,224.666865
TotalTechnologyAnnualActivityUpperLimit,TECHNOLOGY,IN_DEMRESELCREF_LOW,IN,2052,0.002249,224.912221
TotalTechnologyAnnualActivityUpperLimit,TECHNOLOGY,IN_DEMRESELCREF_LOW,IN,2053,0.002252,225.200544
TotalTechnologyAnnualActivityUpperLimit,TECHNOLOGY,IN_DEMRESELCREF_LOW,IN,2054,0.002255,225.533331
TotalTechnologyAnnualActivityUpperLimit,TECHNOLOGY,IN_DEMRESELCREF_MID,IN,2022,0.002309,230.903841
TotalTechnologyAnnualActivityUpperLimit,TECHNOLOGY,IN_DEMRESELCREF_MID,IN,2023,0.002454,245.422209
TotalTechnologyAnnualActivityUpperLimit,TECHNOLOGY,IN_DEMRESELCREF_MID,IN,2024,0.00207,206.962389
TotalTechnologyAnnualActivityUpperLimit,TECHNOLOGY,IN_DEMRESELCREF_MID,IN,2025,0.002253,225.263893
TotalTechnologyAnnualActivityUpperLimit,TECHNOLOGY,IN_DEMRESELCREF_MID,IN,2026,0.002253,225.275423
TotalTechnologyAnnualActivityUpperLimit,TECHNOLOGY,IN_DEMRESELCREF_MID,IN,2027,0.002253,225.305885
TotalTechnologyAnnualActivityUpperLimit,TECHNOLOGY,IN_DEMRESELCREF_MID,IN,2028,0.002253,225.292403
TotalTechnologyAnnualActivityUpperLimit,TECHNOLOGY,IN_DEMRESELCREF_MID,IN,2029,0.002253,225.345084
TotalTechnologyAnnualActivityUpperLimit,TECHNOLOGY,IN_DEMRESELCREF_MID,IN,2030,0.002253,225.327057
TotalTechnologyAnnualActivityUpperLimit,TECHNOLOGY,IN_DEMRESELCREF_MID,IN,2031,0.002252,225.184258
TotalTechnologyAnnualActivityUpperLimit,TECHNOLOGY,IN_DEMRESELCREF_MID,IN,2032,0.00225,225.02775
TotalTechnologyAnnualActivityUpperLimit,TECHNOLOGY,IN_DEMRESELCREF_MID,IN,2033,0.002249,224.869689
TotalTechnologyAnnualActivityUpperLimit,TECHNOLOGY,IN_DEMRESELCREF_MID,IN,2034,0.002247,224.687176
TotalTechnologyAnnualActivityUpperLimit,TECHNOLOGY,IN_DEMRESELCREF_MID,IN,2035,0.002245,224.521004
TotalTechnologyAnnualActivityUpperLimit,TECHNOLOGY,IN_DEMRESELCREF_MID,IN,2036,0.002243,224.312452
TotalTechnologyAnnualActivityUpperLimit,TECHNOLOGY,IN_DEMRESELCREF_MID,IN,2037,0.002243,224.312653
TotalTechnologyAnnualActivityUpperLimit,TECHNOLOGY,IN_DEMRESELCREF_MID,IN,2038,0.002242,224.211536
TotalTechnologyAnnualActivityUpperLimit,TECHNOLOGY,IN_DEMRESELCREF_MID,IN,2039,0.00224,224.030818
TotalTechnologyAnnualActivityUpperLimit,TECHNOLOGY,IN_DEMRESELCREF_MID,IN,2040,0.002239,223.938587
TotalTechnologyAnnualActivityUpperLimit,TECHNOLOGY,IN_DEMRESELCREF_MID,IN,2041,0.002238,223.816963
TotalTechnologyAnnualActivityUpperLimit,TECHNOLOGY,IN_DEMRESELCREF_MID,IN,2042,0.002239,223.851802
TotalTechnologyAnnualActivityUpperLimit,TECHNOLOGY,IN_DEMRESELCREF_MID,IN,2043,0.002238,223.829832
TotalTechnologyAnnualActivityUpperLimit,TECHNOLOGY,IN_DEMRESELCREF_MID,IN,2044,0.002239,223.891505
TotalTechnologyAnnualActivityUpperLimit,TECHNOLOGY,IN_DEMRESELCREF_MID,IN,2045,0.00224,224.012012
TotalTechnologyAnnualActivityUpperLimit,TECHNOLOGY,IN_DEMRESELCREF_MID,IN,2046,0.00224,223.978567
TotalTechnologyAnnualActivityUpperLimit,TECHNOLOGY,IN_DEMRESELCREF_MID,IN,2047,0.002241,224.101664
TotalTechnologyAnnualActivityUpperLimit,TECHNOLOGY,IN_DEMRESELCREF_MID,IN,2048,0.002242,224.22954
TotalTechnologyAnnualActivityUpperLimit,TECHNOLOGY,IN_DEMRESELCREF_MID,IN,2049,0.002243,224.279383
TotalTechnologyAnnualActivityUpperLimit,TECHNOLOGY,IN_DEMRESELCREF_MID,IN,2050,0.002245,224.462972
TotalTechnologyAnnualActivityUpperLimit,TECHNOLOGY,IN_DEMRESELCREF_MID,IN,2051,0.002247,224.666865
TotalTechnologyAnnualActivityUpperLimit,TECHNOLOGY,IN_DEMRESELCREF_MID,IN,2052,0.002249,224.912221
TotalTechnologyAnnualActivityUpperLimit,TECHNOLOGY,IN_DEMRESELCREF_MID,IN,2053,0.002252,225.200544
TotalTechnologyAnnualActivityUpperLimit,TECHNOLOGY,IN_DEMRESELCREF_MID,IN,2054,0.002255,225.533331
TotalTechnologyAnnualActivityUpperLimit,TECHNOLOGY,IN_DEMRESLPGCKN_HIG,IN,2022,0.016641,1664.050199
TotalTechnologyAnnualActivityUpperLimit,TECHNOLOGY,IN_DEMRESLPGCKN_HIG,IN,2023,0.017038,1703.759987
TotalTechnologyAnnualActivityUpperLimit,TECHNOLOGY,IN_DEMRESLPGCKN_HIG,IN,2024,0.014698,1469.738344
TotalTechnologyAnnualActivityUpperLimit,TECHNOLOGY,IN_DEMRESLPGCKN_HIG,IN,2025,0.016297,1629.678741
TotalTechnologyAnnualActivityUpperLimit,TECHNOLOGY,IN_DEMRESLPGCKN_HIG,IN,2026,0.016336,1633.570938
TotalTechnologyAnnualActivityUpperLimit,TECHNOLOGY,IN_DEMRESLPGCKN_HIG,IN,2027,0.016373,1637.253879
TotalTechnologyAnnualActivityUpperLimit,TECHNOLOGY,IN_DEMRESLPGCKN_HIG,IN,2028,0.016403,1640.249808
TotalTechnologyAnnualActivityUpperLimit,TECHNOLOGY,IN_DEMRESLPGCKN_HIG,IN,2029,0.016434,1643.34779
TotalTechnologyAnnualActivityUpperLimit,TECHNOLOGY,IN_DEMRESLPGCKN_HIG,IN,2030,0.016456,1645.575792
TotalTechnologyAnnualActivityUpperLimit,TECHNOLOGY,IN_DEMRESLPGCKN_HIG,IN,2031,0.016467,1646.669114
TotalTechnologyAnnualActivityUpperLimit,TECHNOLOGY,IN_DEMRESLPGCKN_HIG,IN,2032,0.016476,1647.543124
TotalTechnologyAnnualActivityUpperLimit,TECHNOLOGY,IN_DEMRESLPGCKN_HIG,IN,2033,0.016483,1648.311291
TotalTechnologyAnnualActivityUpperLimit,TECHNOLOGY,IN_DEMRESLPGCKN_HIG,IN,2034,0.016488,1648.805008
TotalTechnologyAnnualActivityUpperLimit,TECHNOLOGY,IN_DEMRESLPGCKN_HIG,IN,2035,0.016493,1649.32244
TotalTechnologyAnnualActivityUpperLimit,TECHNOLOGY,IN_DEMRESLPGCKN_HIG,IN,2036,0.016495,1649.496286
TotalTechnologyAnnualActivityUpperLimit,TECHNOLOGY,IN_DEMRESLPGCKN_HIG,IN,2037,0.016511,1651.062506
TotalTechnologyAnnualActivityUpperLimit,TECHNOLOGY,IN_DEMRESLPGCKN_HIG,IN,2038,0.016518,1651.821472
TotalTechnologyAnnualActivityUpperLimit,TECHNOLOGY,IN_DEMRESLPGCKN_HIG,IN,2039,0.01652,1651.945898
TotalTechnologyAnnualActivityUpperLimit,TECHNOLOGY,IN_DEMRESLPGCKN_HIG,IN,2040,0.016527,1652.636023
TotalTechnologyAnnualActivityUpperLimit,TECHNOLOGY,IN_DEMRESLPGCKN_HIG,IN,2041,0.016531,1653.063106
TotalTechnologyAnnualActivityUpperLimit,TECHNOLOGY,IN_DEMRESLPGCKN_HIG,IN,2042,0.016546,1654.568033
TotalTechnologyAnnualActivityUpperLimit,TECHNOLOGY,IN_DEMRESLPGCKN_HIG,IN,2043,0.016556,1655.597867
TotalTechnologyAnnualActivityUpperLimit,TECHNOLOGY,IN_DEMRESLPGCKN_HIG,IN,2044,0.016572,1657.187921
TotalTechnologyAnnualActivityUpperLimit,TECHNOLOGY,IN_DEMRESLPGCKN_HIG,IN,2045,0.016592,1659.152844
TotalTechnologyAnnualActivityUpperLimit,TECHNOLOGY,IN_DEMRESLPGCKN_HIG,IN,2046,0.0166,1659.93812
TotalTechnologyAnnualActivityUpperLimit,TECHNOLOGY,IN_DEMRESLPGCKN_HIG,IN,2047,0.016618,1661.818573
TotalTechnologyAnnualActivityUpperLimit,TECHNOLOGY,IN_DEMRESLPGCKN_HIG,IN,2048,0.016637,1663.679318
TotalTechnologyAnnualActivityUpperLimit,TECHNOLOGY,IN_DEMRESLPGCKN_HIG,IN,2049,0.01665,1664.945543
TotalTechnologyAnnualActivityUpperLimit,TECHNOLOGY,IN_DEMRESLPGCKN_HIG,IN,2050,0.016672,1667.210941
TotalTechnologyAnnualActivityUpperLimit,TECHNOLOGY,IN_DEMRESLPGCKN_HIG,IN,2051,0.016696,1669.567159
TotalTechnologyAnnualActivityUpperLimit,TECHNOLOGY,IN_DEMRESLPGCKN_HIG,IN,2052,0.016722,1672.198135
TotalTechnologyAnnualActivityUpperLimit,TECHNOLOGY,IN_DEMRESLPGCKN_HIG,IN,2053,0.016751,1675.115038
TotalTechnologyAnnualActivityUpperLimit,TECHNOLOGY,IN_DEMRESLPGCKN_HIG,IN,2054,0.016783,1678.328961
TotalTechnologyAnnualActivityUpperLimit,TECHNOLOGY,IN_DEMRESLPGCKN_LOW,IN,2022,0.016641,1664.050199
TotalTechnologyAnnualActivityUpperLimit,TECHNOLOGY,IN_DEMRESLPGCKN_LOW,IN,2023,0.017038,1703.759987
TotalTechnologyAnnualActivityUpperLimit,TECHNOLOGY,IN_DEMRESLPGCKN_LOW,IN,2024,0.014698,1469.738344
TotalTechnologyAnnualActivityUpperLimit,TECHNOLOGY,IN_DEMRESLPGCKN_LOW,IN,2025,0.016297,1629.678741
TotalTechnologyAnnualActivityUpperLimit,TECHNOLOGY,IN_DEMRESLPGCKN_LOW,IN,2026,0.016336,1633.570938
TotalTechnologyAnnualActivityUpperLimit,TECHNOLOGY,IN_DEMRESLPGCKN_LOW,IN,2027,0.016373,1637.253879
TotalTechnologyAnnualActivityUpperLimit,TECHNOLOGY,IN_DEMRESLPGCKN_LOW,IN,2028,0.016403,1640.249808
TotalTechnologyAnnualActivityUpperLimit,TECHNOLOGY,IN_DEMRESLPGCKN_LOW,IN,2029,0.016434,1643.34779
TotalTechnologyAnnualActivityUpperLimit,TECHNOLOGY,IN_DEMRESLPGCKN_LOW,IN,2030,0.016456,1645.575792
TotalTechnologyAnnualActivityUpperLimit,TECHNOLOGY,IN_DEMRESLPGCKN_LOW,IN,2031,0.016467,1646.669114
TotalTechnologyAnnualActivityUpperLimit,TECHNOLOGY,IN_DEMRESLPGCKN_LOW,IN,2032,0.016476,1647.543124
TotalTechnologyAnnualActivityUpperLimit,TECHNOLOGY,IN_DEMRESLPGCKN_LOW,IN,2033,0.016483,1648.311291
TotalTechnologyAnnualActivityUpperLimit,TECHNOLOGY,IN_DEMRESLPGCKN_LOW,IN,2034,0.016488,1648.805008
TotalTechnologyAnnualActivityUpperLimit,TECHNOLOGY,IN_DEMRESLPGCKN_LOW,IN,2035,0.016493,1649.32244
TotalTechnologyAnnualActivityUpperLimit,TECHNOLOGY,IN_DEMRESLPGCKN_LOW,IN,2036,0.016495,1649.496286
TotalTechnologyAnnualActivityUpperLimit,TECHNOLOGY,IN_DEMRESLPGCKN_LOW,IN,2037,0.016511,1651.062506
TotalTechnologyAnnualActivityUpperLimit,TECHNOLOGY,IN_DEMRESLPGCKN_LOW,IN,2038,0.016518,1651.821472
TotalTechnologyAnnualActivityUpperLimit,TECHNOLOGY,IN_DEMRESLPGCKN_LOW,IN,2039,0.01652,1651.945898
TotalTechnologyAnnualActivityUpperLimit,TECHNOLOGY,IN_DEMRESLPGCKN_LOW,IN,2040,0.016527,1652.636023
TotalTechnologyAnnualActivityUpperLimit,TECHNOLOGY,IN_DEMRESLPGCKN_LOW,IN,2041,0.016531,1653.063106
TotalTechnologyAnnualActivityUpperLimit,TECHNOLOGY,IN_DEMRESLPGCKN_LOW,IN,2042,0.016546,1654.568033
TotalTechnologyAnnualActivityUpperLimit,TECHNOLOGY,IN_DEMRESLPGCKN_LOW,IN,2043,0.016556,1655.597867
TotalTechnologyAnnualActivityUpperLimit,TECHNOLOGY,IN_DEMRESLPGCKN_LOW,IN,2044,0.016572,1657.187921
TotalTechnologyAnnualActivityUpperLimit,TECHNOLOGY,IN_DEMRESLPGCKN_LOW,IN,2045,0.016592,1659.152844
TotalTechnologyAnnualActivityUpperLimit,TECHNOLOGY,IN_DEMRESLPGCKN_LOW,IN,2046,0.0166,1659.93812
TotalTechnologyAnnualActivityUpperLimit,TECHNOLOGY,IN_DEMRESLPGCKN_LOW,IN,2047,0.016618,1661.818573
TotalTechnologyAnnualActivityUpperLimit,TECHNOLOGY,IN_DEMRESLPGCKN_LOW,IN,2048,0.016637,1663.679318
TotalTechnologyAnnualActivityUpperLimit,TECHNOLOGY,IN_DEMRESLPGCKN_LOW,IN,2049,0.01665,1664.945543
TotalTechnologyAnnualActivityUpperLimit,TECHNOLOGY,IN_DEMRESLPGCKN_LOW,IN,2050,0.016672,1667.210941
TotalTechnologyAnnualActivityUpperLimit,TECHNOLOGY,IN_DEMRESLPGCKN_LOW,IN,2051,0.016696,1669.567159
TotalTechnologyAnnualActivityUpperLimit,TECHNOLOGY,IN_DEMRESLPGCKN_LOW,IN,2052,0.016722,1672.198135
TotalTechnologyAnnualActivityUpperLimit,TECHNOLOGY,IN_DEMRESLPGCKN_LOW,IN,2053,0.016751,1675.115038
TotalTechnologyAnnualActivityUpperLimit,TECHNOLOGY,IN_DEMRESLPGCKN_LOW,IN,2054,0.016783,1678.328961
TotalTechnologyAnnualActivityUpperLimit,TECHNOLOGY,IN_DEMRESLPGCKN_MID,IN,2022,0.016641,1664.050199
TotalTechnologyAnnualActivityUpperLimit,TECHNOLOGY,IN_DEMRESLPGCKN_MID,IN,2023,0.017038,1703.759987
TotalTechnologyAnnualActivityUpperLimit,TECHNOLOGY,IN_DEMRESLPGCKN_MID,IN,2024,0.014698,1469.738344
TotalTechnologyAnnualActivityUpperLimit,TECHNOLOGY,IN_DEMRESLPGCKN_MID,IN,2025,0.016297,1629.678741
TotalTechnologyAnnualActivityUpperLimit,TECHNOLOGY,IN_DEMRESLPGCKN_MID,IN,2026,0.016336,1633.570938
TotalTechnologyAnnualActivityUpperLimit,TECHNOLOGY,IN_DEMRESLPGCKN_MID,IN,2027,0.016373,1637.253879
TotalTechnologyAnnualActivityUpperLimit,TECHNOLOGY,IN_DEMRESLPGCKN_MID,IN,2028,0.016403,1640.249808
TotalTechnologyAnnualActivityUpperLimit,TECHNOLOGY,IN_DEMRESLPGCKN_MID,IN,2029,0.016434,1643.34779
TotalTechnologyAnnualActivityUpperLimit,TECHNOLOGY,IN_DEMRESLPGCKN_MID,IN,2030,0.016456,1645.575792
TotalTechnologyAnnualActivityUpperLimit,TECHNOLOGY,IN_DEMRESLPGCKN_MID,IN,2031,0.016467,1646.669114
TotalTechnologyAnnualActivityUpperLimit,TECHNOLOGY,IN_DEMRESLPGCKN_MID,IN,2032,0.016476,1647.543124
TotalTechnologyAnnualActivityUpperLimit,TECHNOLOGY,IN_DEMRESLPGCKN_MID,IN,2033,0.016483,1648.311291
TotalTechnologyAnnualActivityUpperLimit,TECHNOLOGY,IN_DEMRESLPGCKN_MID,IN,2034,0.016488,1648.805008
TotalTechnologyAnnualActivityUpperLimit,TECHNOLOGY,IN_DEMRESLPGCKN_MID,IN,2035,0.016493,1649.32244
TotalTechnologyAnnualActivityUpperLimit,TECHNOLOGY,IN_DEMRESLPGCKN_MID,IN,2036,0.016495,1649.496286
TotalTechnologyAnnualActivityUpperLimit,TECHNOLOGY,IN_DEMRESLPGCKN_MID,IN,2037,0.016511,1651.062506
TotalTechnologyAnnualActivityUpperLimit,TECHNOLOGY,IN_DEMRESLPGCKN_MID,IN,2038,0.016518,1651.821472
TotalTechnologyAnnualActivityUpperLimit,TECHNOLOGY,IN_DEMRESLPGCKN_MID,IN,2039,0.01652,1651.945898
TotalTechnologyAnnualActivityUpperLimit,TECHNOLOGY,IN_DEMRESLPGCKN_MID,IN,2040,0.016527,1652.636023
TotalTechnologyAnnualActivityUpperLimit,TECHNOLOGY,IN_DEMRESLPGCKN_MID,IN,2041,0.016531,1653.063106
TotalTechnologyAnnualActivityUpperLimit,TECHNOLOGY,IN_DEMRESLPGCKN_MID,IN,2042,0.016546,1654.568033
TotalTechnologyAnnualActivityUpperLimit,TECHNOLOGY,IN_DEMRESLPGCKN_MID,IN,2043,0.016556,1655.597867
TotalTechnologyAnnualActivityUpperLimit,TECHNOLOGY,IN_DEMRESLPGCKN_MID,IN,2044,0.016572,1657.187921
TotalTechnologyAnnualActivityUpperLimit,TECHNOLOGY,IN_DEMRESLPGCKN_MID,IN,2045,0.016592,1659.152844
TotalTechnologyAnnualActivityUpperLimit,TECHNOLOGY,IN_DEMRESLPGCKN_MID,IN,2046,0.0166,1659.93812
TotalTechnologyAnnualActivityUpperLimit,TECHNOLOGY,IN_DEMRESLPGCKN_MID,IN,2047,0.016618,1661.818573
TotalTechnologyAnnualActivityUpperLimit,TECHNOLOGY,IN_DEMRESLPGCKN_MID,IN,2048,0.016637,1663.679318
TotalTechnologyAnnualActivityUpperLimit,TECHNOLOGY,IN_DEMRESLPGCKN_MID,IN,2049,0.01665,1664.945543
TotalTechnologyAnnualActivityUpperLimit,TECHNOLOGY,IN_DEMRESLPGCKN_MID,IN,2050,0.016672,1667.210941
TotalTechnologyAnnualActivityUpperLimit,TECHNOLOGY,IN_DEMRESLPGCKN_MID,IN,2051,0.016696,1669.567159
TotalTechnologyAnnualActivityUpperLimit,TECHNOLOGY,IN_DEMRESLPGCKN_MID,IN,2052,0.016722,1672.198135
TotalTechnologyAnnualActivityUpperLimit,TECHNOLOGY,IN_DEMRESLPGCKN_MID,IN,2053,0.016751,1675.115038
TotalTechnologyAnnualActivityUpperLimit,TECHNOLOGY,IN_DEMRESLPGCKN_MID,IN,2054,0.016783,1678.328961
TotalTechnologyAnnualActivityUpperLimit,TECHNOLOGY,SE_DEMRESELCAIR_PAR_HIG,SE,2022,0.004849,484.847494
TotalTechnologyAnnualActivityUpperLimit,TECHNOLOGY,SE_DEMRESELCAIR_PAR_HIG,SE,2023,0.001001,100.080121
TotalTechnologyAnnualActivityUpperLimit,TECHNOLOGY,SE_DEMRESELCAIR_PAR_HIG,SE,2024,0.00118,118.002011
TotalTechnologyAnnualActivityUpperLimit,TECHNOLOGY,SE_DEMRESELCAIR_PAR_HIG,SE,2025,0.001208,120.791134
TotalTechnologyAnnualActivityUpperLimit,TECHNOLOGY,SE_DEMRESELCAIR_PAR_HIG,SE,2026,0.001223,122.273336
TotalTechnologyAnnualActivityUpperLimit,TECHNOLOGY,SE_DEMRESELCAIR_PAR_HIG,SE,2027,0.001239,123.86752
TotalTechnologyAnnualActivityUpperLimit,TECHNOLOGY,SE_DEMRESELCAIR_PAR_HIG,SE,2028,0.001255,125.530029
TotalTechnologyAnnualActivityUpperLimit,TECHNOLOGY,SE_DEMRESELCAIR_PAR_HIG,SE,2029,0.001273,127.277775
TotalTechnologyAnnualActivityUpperLimit,TECHNOLOGY,SE_DEMRESELCAIR_PAR_HIG,SE,2030,0.001292,129.180824
TotalTechnologyAnnualActivityUpperLimit,TECHNOLOGY,SE_DEMRESELCAIR_PAR_HIG,SE,2031,0.001312,131.246072
TotalTechnologyAnnualActivityUpperLimit,TECHNOLOGY,SE_DEMRESELCAIR_PAR_HIG,SE,2032,0.001334,133.378572
TotalTechnologyAnnualActivityUpperLimit,TECHNOLOGY,SE_DEMRESELCAIR_PAR_HIG,SE,2033,0.001355,135.544986
TotalTechnologyAnnualActivityUpperLimit,TECHNOLOGY,SE_DEMRESELCAIR_PAR_HIG,SE,2034,0.001378,137.790486
TotalTechnologyAnnualActivityUpperLimit,TECHNOLOGY,SE_DEMRESELCAIR_PAR_HIG,SE,2035,0.001401,140.058235
TotalTechnologyAnnualActivityUpperLimit,TECHNOLOGY,SE_DEMRESELCAIR_PAR_HIG,SE,2036,0.00143,143.030423
TotalTechnologyAnnualActivityUpperLimit,TECHNOLOGY,SE_DEMRESELCAIR_PAR_HIG,SE,2037,0.001453,145.276056
TotalTechnologyAnnualActivityUpperLimit,TECHNOLOGY,SE_DEMRESELCAIR_PAR_HIG,SE,2038,0.001475,147.511872
TotalTechnologyAnnualActivityUpperLimit,TECHNOLOGY,SE_DEMRESELCAIR_PAR_HIG,SE,2039,0.001497,149.702505
TotalTechnologyAnnualActivityUpperLimit,TECHNOLOGY,SE_DEMRESELCAIR_PAR_HIG,SE,2040,0.001519,151.856498
TotalTechnologyAnnualActivityUpperLimit,TECHNOLOGY,SE_DEMRESELCAIR_PAR_HIG,SE,2041,0.00154,153.94897
TotalTechnologyAnnualActivityUpperLimit,TECHNOLOGY,SE_DEMRESELCAIR_PAR_HIG,SE,2042,0.00156,156.030629
TotalTechnologyAnnualActivityUpperLimit,TECHNOLOGY,SE_DEMRESELCAIR_PAR_HIG,SE,2043,0.00158,158.031025
TotalTechnologyAnnualActivityUpperLimit,TECHNOLOGY,SE_DEMRESELCAIR_PAR_HIG,SE,2044,0.0016,159.953071
TotalTechnologyAnnualActivityUpperLimit,TECHNOLOGY,SE_DEMRESELCAIR_PAR_HIG,SE,2045,0.001618,161.804035
TotalTechnologyAnnualActivityUpperLimit,TECHNOLOGY,SE_DEMRESELCAIR_PAR_HIG,SE,2046,0.001636,163.596552
TotalTechnologyAnnualActivityUpperLimit,TECHNOLOGY,SE_DEMRESELCAIR_PAR_HIG,SE,2047,0.001653,165.314497
TotalTechnologyAnnualActivityUpperLimit,TECHNOLOGY,SE_DEMRESELCAIR_PAR_HIG,SE,2048,0.001669,166.926194
TotalTechnologyAnnualActivityUpperLimit,TECHNOLOGY,SE_DEMRESELCAIR_PAR_HIG,SE,2049,0.001685,168.502882
TotalTechnologyAnnualActivityUpperLimit,TECHNOLOGY,SE_DEMRESELCAIR_PAR_HIG,SE,2050,0.001702,170.24117
TotalTechnologyAnnualActivityUpperLimit,TECHNOLOGY,SE_DEMRESELCAIR_PAR_HIG,SE,2051,0.001719,171.850068
TotalTechnologyAnnualActivityUpperLimit,TECHNOLOGY,SE_DEMRESELCAIR_PAR_HIG,SE,2052,0.001734,173.430907
TotalTechnologyAnnualActivityUpperLimit,TECHNOLOGY,SE_DEMRESELCAIR_PAR_HIG,SE,2053,0.00175,174.982879
TotalTechnologyAnnualActivityUpperLimit,TECHNOLOGY,SE_DEMRESELCAIR_PAR_HIG,SE,2054,0.001765,176.505175
TotalTechnologyAnnualActivityUpperLimit,TECHNOLOGY,SE_DEMRESELCAIR_PAR_LOW,SE,2022,0.004303,860.545435
TotalTechnologyAnnualActivityUpperLimit,TECHNOLOGY,SE_DEMRESELCAIR_PAR_LOW,SE,2023,0.002138,427.63352
TotalTechnologyAnnualActivityUpperLimit,TECHNOLOGY,SE_DEMRESELCAIR_PAR_LOW,SE,2024,0.002536,507.2607
TotalTechnologyAnnualActivityUpperLimit,TECHNOLOGY,SE_DEMRESELCAIR_PAR_LOW,SE,2025,0.002612,522.413163
TotalTechnologyAnnualActivityUpperLimit,TECHNOLOGY,SE_DEMRESELCAIR_PAR_LOW,SE,2026,0.002645,528.946644
TotalTechnologyAnnualActivityUpperLimit,TECHNOLOGY,SE_DEMRESELCAIR_PAR_LOW,SE,2027,0.002679,535.701612
TotalTechnologyAnnualActivityUpperLimit,TECHNOLOGY,SE_DEMRESELCAIR_PAR_LOW,SE,2028,0.002711,542.231963
TotalTechnologyAnnualActivityUpperLimit,TECHNOLOGY,SE_DEMRESELCAIR_PAR_LOW,SE,2029,0.002746,549.200727
TotalTechnologyAnnualActivityUpperLimit,TECHNOLOGY,SE_DEMRESELCAIR_PAR_LOW,SE,2030,0.002782,556.309924
TotalTechnologyAnnualActivityUpperLimit,TECHNOLOGY,SE_DEMRESELCAIR_PAR_LOW,SE,2031,0.002818,563.68978
TotalTechnologyAnnualActivityUpperLimit,TECHNOLOGY,SE_DEMRESELCAIR_PAR_LOW,SE,2032,0.002855,570.961874
TotalTechnologyAnnualActivityUpperLimit,TECHNOLOGY,SE_DEMRESELCAIR_PAR_LOW,SE,2033,0.002892,578.403129
TotalTechnologyAnnualActivityUpperLimit,TECHNOLOGY,SE_DEMRESELCAIR_PAR_LOW,SE,2034,0.002929,585.774154
TotalTechnologyAnnualActivityUpperLimit,TECHNOLOGY,SE_DEMRESELCAIR_PAR_LOW,SE,2035,0.002965,593.050218
TotalTechnologyAnnualActivityUpperLimit,TECHNOLOGY,SE_DEMRESELCAIR_PAR_LOW,SE,2036,0.002988,597.51951
TotalTechnologyAnnualActivityUpperLimit,TECHNOLOGY,SE_DEMRESELCAIR_PAR_LOW,SE,2037,0.003023,604.642052
TotalTechnologyAnnualActivityUpperLimit,TECHNOLOGY,SE_DEMRESELCAIR_PAR_LOW,SE,2038,0.003058,611.664431
TotalTechnologyAnnualActivityUpperLimit,TECHNOLOGY,SE_DEMRESELCAIR_PAR_LOW,SE,2039,0.003093,618.636302
TotalTechnologyAnnualActivityUpperLimit,TECHNOLOGY,SE_DEMRESELCAIR_PAR_LOW,SE,2040,0.003128,625.547374
TotalTechnologyAnnualActivityUpperLimit,TECHNOLOGY,SE_DEMRESELCAIR_PAR_LOW,SE,2041,0.003161,632.249942
TotalTechnologyAnnualActivityUpperLimit,TECHNOLOGY,SE_DEMRESELCAIR_PAR_LOW,SE,2042,0.003194,638.886256
TotalTechnologyAnnualActivityUpperLimit,TECHNOLOGY,SE_DEMRESELCAIR_PAR_LOW,SE,2043,0.003228,645.560438
TotalTechnologyAnnualActivityUpperLimit,TECHNOLOGY,SE_DEMRESELCAIR_PAR_LOW,SE,2044,0.003261,652.18818
TotalTechnologyAnnualActivityUpperLimit,TECHNOLOGY,SE_DEMRESELCAIR_PAR_LOW,SE,2045,0.003293,658.651592
TotalTechnologyAnnualActivityUpperLimit,TECHNOLOGY,SE_DEMRESELCAIR_PAR_LOW,SE,2046,0.003326,665.149237
TotalTechnologyAnnualActivityUpperLimit,TECHNOLOGY,SE_DEMRESELCAIR_PAR_LOW,SE,2047,0.003358,671.579139
TotalTechnologyAnnualActivityUpperLimit,TECHNOLOGY,SE_DEMRESELCAIR_PAR_LOW,SE,2048,0.003391,678.229426
TotalTechnologyAnnualActivityUpperLimit,TECHNOLOGY,SE_DEMRESELCAIR_PAR_LOW,SE,2049,0.003423,684.637889
TotalTechnologyAnnualActivityUpperLimit,TECHNOLOGY,SE_DEMRESELCAIR_PAR_LOW,SE,2050,0.003459,691.71305
TotalTechnologyAnnualActivityUpperLimit,TECHNOLOGY,SE_DEMRESELCAIR_PAR_LOW,SE,2051,0.003493,698.675722
TotalTechnologyAnnualActivityUpperLimit,TECHNOLOGY,SE_DEMRESELCAIR_PAR_LOW,SE,2052,0.003529,705.76305
TotalTechnologyAnnualActivityUpperLimit,TECHNOLOGY,SE_DEMRESELCAIR_PAR_LOW,SE,2053,0.003565,712.97857
TotalTechnologyAnnualActivityUpperLimit,TECHNOLOGY,SE_DEMRESELCAIR_PAR_LOW,SE,2054,0.003602,720.325904
TotalTechnologyAnnualActivityUpperLimit,TECHNOLOGY,SE_DEMRESELCAIR_PAR_MID,SE,2022,0.004303,860.545435
TotalTechnologyAnnualActivityUpperLimit,TECHNOLOGY,SE_DEMRESELCAIR_PAR_MID,SE,2023,0.002138,427.63352
TotalTechnologyAnnualActivityUpperLimit,TECHNOLOGY,SE_DEMRESELCAIR_PAR_MID,SE,2024,0.002536,507.2607
TotalTechnologyAnnualActivityUpperLimit,TECHNOLOGY,SE_DEMRESELCAIR_PAR_MID,SE,2025,0.002612,522.413163
TotalTechnologyAnnualActivityUpperLimit,TECHNOLOGY,SE_DEMRESELCAIR_PAR_MID,SE,2026,0.002645,528.946644
TotalTechnologyAnnualActivityUpperLimit,TECHNOLOGY,SE_DEMRESELCAIR_PAR_MID,SE,2027,0.002679,535.701612
TotalTechnologyAnnualActivityUpperLimit,TECHNOLOGY,SE_DEMRESELCAIR_PAR_MID,SE,2028,0.002711,542.231963
TotalTechnologyAnnualActivityUpperLimit,TECHNOLOGY,SE_DEMRESELCAIR_PAR_MID,SE,2029,0.002746,549.200727
TotalTechnologyAnnualActivityUpperLimit,TECHNOLOGY,SE_DEMRESELCAIR_PAR_MID,SE,2030,0.002782,556.309924
TotalTechnologyAnnualActivityUpperLimit,TECHNOLOGY,SE_DEMRESELCAIR_PAR_MID,SE,2031,0.002818,563.68978
TotalTechnologyAnnualActivityUpperLimit,TECHNOLOGY,SE_DEMRESELCAIR_PAR_MID,SE,2032,0.002855,570.961874
TotalTechnologyAnnualActivityUpperLimit,TECHNOLOGY,SE_DEMRESELCAIR_PAR_MID,SE,2033,0.002892,578.403129
TotalTechnologyAnnualActivityUpperLimit,TECHNOLOGY,SE_DEMRESELCAIR_PAR_MID,SE,2034,0.002929,585.774154
TotalTechnologyAnnualActivityUpperLimit,TECHNOLOGY,SE_DEMRESELCAIR_PAR_MID,SE,2035,0.002965,593.050218
TotalTechnologyAnnualActivityUpperLimit,TECHNOLOGY,SE_DEMRESELCAIR_PAR_MID,SE,2036,0.002988,597.51951
TotalTechnologyAnnualActivityUpperLimit,TECHNOLOGY,SE_DEMRESELCAIR_PAR_MID,SE,2037,0.003023,604.642052
TotalTechnologyAnnualActivityUpperLimit,TECHNOLOGY,SE_DEMRESELCAIR_PAR_MID,SE,2038,0.003058,611.664431
TotalTechnologyAnnualActivityUpperLimit,TECHNOLOGY,SE_DEMRESELCAIR_PAR_MID,SE,2039,0.003093,618.636302
TotalTechnologyAnnualActivityUpperLimit,TECHNOLOGY,SE_DEMRESELCAIR_PAR_MID,SE,2040,0.003128,625.547374
TotalTechnologyAnnualActivityUpperLimit,TECHNOLOGY,SE_DEMRESELCAIR_PAR_MID,SE,2041,0.003161,632.249942
TotalTechnologyAnnualActivityUpperLimit,TECHNOLOGY,SE_DEMRESELCAIR_PAR_MID,SE,2042,0.003194,638.886256
TotalTechnologyAnnualActivityUpperLimit,TECHNOLOGY,SE_DEMRESELCAIR_PAR_MID,SE,2043,0.003228,645.560438
TotalTechnologyAnnualActivityUpperLimit,TECHNOLOGY,SE_DEMRESELCAIR_PAR_MID,SE,2044,0.003261,652.18818
TotalTechnologyAnnualActivityUpperLimit,TECHNOLOGY,SE_DEMRESELCAIR_PAR_MID,SE,2045,0.003293,658.651592
TotalTechnologyAnnualActivityUpperLimit,TECHNOLOGY,SE_DEMRESELCAIR_PAR_MID,SE,2046,0.003326,665.149237
TotalTechnologyAnnualActivityUpperLimit,TECHNOLOGY,SE_DEMRESELCAIR_PAR_MID,SE,2047,0.003358,671.579139
TotalTechnologyAnnualActivityUpperLimit,TECHNOLOGY,SE_DEMRESELCAIR_PAR_MID,SE,2048,0.003391,678.229426
TotalTechnologyAnnualActivityUpperLimit,TECHNOLOGY,SE_DEMRESELCAIR_PAR_MID,SE,2049,0.003423,684.637889
TotalTechnologyAnnualActivityUpperLimit,TECHNOLOGY,SE_DEMRESELCAIR_PAR_MID,SE,2050,0.003459,691.71305
TotalTechnologyAnnualActivityUpperLimit,TECHNOLOGY,SE_DEMRESELCAIR_PAR_MID,SE,2051,0.003493,698.675722
TotalTechnologyAnnualActivityUpperLimit,TECHNOLOGY,SE_DEMRESELCAIR_PAR_MID,SE,2052,0.003529,705.76305
TotalTechnologyAnnualActivityUpperLimit,TECHNOLOGY,SE_DEMRESELCAIR_PAR_MID,SE,2053,0.003565,712.97857
TotalTechnologyAnnualActivityUpperLimit,TECHNOLOGY,SE_DEMRESELCAIR_PAR_MID,SE,2054,0.003602,720.325904
TotalTechnologyAnnualActivityUpperLimit,TECHNOLOGY,SE_DEMRESELCAIR_POR_HIG,SE,2022,0.004303,860.545435
TotalTechnologyAnnualActivityUpperLimit,TECHNOLOGY,SE_DEMRESELCAIR_POR_HIG,SE,2023,0.002138,427.63352
TotalTechnologyAnnualActivityUpperLimit,TECHNOLOGY,SE_DEMRESELCAIR_POR_HIG,SE,2024,0.002536,507.2607
TotalTechnologyAnnualActivityUpperLimit,TECHNOLOGY,SE_DEMRESELCAIR_POR_HIG,SE,2025,0.002612,522.413163
TotalTechnologyAnnualActivityUpperLimit,TECHNOLOGY,SE_DEMRESELCAIR_POR_HIG,SE,2026,0.002645,528.946644
TotalTechnologyAnnualActivityUpperLimit,TECHNOLOGY,SE_DEMRESELCAIR_POR_HIG,SE,2027,0.002679,535.701612
TotalTechnologyAnnualActivityUpperLimit,TECHNOLOGY,SE_DEMRESELCAIR_POR_HIG,SE,2028,0.002711,542.231963
TotalTechnologyAnnualActivityUpperLimit,TECHNOLOGY,SE_DEMRESELCAIR_POR_HIG,SE,2029,0.002746,549.200727
TotalTechnologyAnnualActivityUpperLimit,TECHNOLOGY,SE_DEMRESELCAIR_POR_HIG,SE,2030,0.002782,556.309924
TotalTechnologyAnnualActivityUpperLimit,TECHNOLOGY,SE_DEMRESELCAIR_POR_HIG,SE,2031,0.002818,563.68978
TotalTechnologyAnnualActivityUpperLimit,TECHNOLOGY,SE_DEMRESELCAIR_POR_HIG,SE,2032,0.002855,570.961874
TotalTechnologyAnnualActivityUpperLimit,TECHNOLOGY,SE_DEMRESELCAIR_POR_HIG,SE,2033,0.002892,578.403129
TotalTechnologyAnnualActivityUpperLimit,TECHNOLOGY,SE_DEMRESELCAIR_POR_HIG,SE,2034,0.002929,585.774154
TotalTechnologyAnnualActivityUpperLimit,TECHNOLOGY,SE_DEMRESELCAIR_POR_HIG,SE,2035,0.002965,593.050218
TotalTechnologyAnnualActivityUpperLimit,TECHNOLOGY,SE_DEMRESELCAIR_POR_HIG,SE,2036,0.002988,597.51951
TotalTechnologyAnnualActivityUpperLimit,TECHNOLOGY,SE_DEMRESELCAIR_POR_HIG,SE,2037,0.003023,604.642052
TotalTechnologyAnnualActivityUpperLimit,TECHNOLOGY,SE_DEMRESELCAIR_POR_HIG,SE,2038,0.003058,611.664431
TotalTechnologyAnnualActivityUpperLimit,TECHNOLOGY,SE_DEMRESELCAIR_POR_HIG,SE,2039,0.003093,618.636302
TotalTechnologyAnnualActivityUpperLimit,TECHNOLOGY,SE_DEMRESELCAIR_POR_HIG,SE,2040,0.003128,625.547374
TotalTechnologyAnnualActivityUpperLimit,TECHNOLOGY,SE_DEMRESELCAIR_POR_HIG,SE,2041,0.003161,632.249942
TotalTechnologyAnnualActivityUpperLimit,TECHNOLOGY,SE_DEMRESELCAIR_POR_HIG,SE,2042,0.003194,638.886256
TotalTechnologyAnnualActivityUpperLimit,TECHNOLOGY,SE_DEMRESELCAIR_POR_HIG,SE,2043,0.003228,645.560438
TotalTechnologyAnnualActivityUpperLimit,TECHNOLOGY,SE_DEMRESELCAIR_POR_HIG,SE,2044,0.003261,652.18818
TotalTechnologyAnnualActivityUpperLimit,TECHNOLOGY,SE_DEMRESELCAIR_POR_HIG,SE,2045,0.003293,658.651592
TotalTechnologyAnnualActivityUpperLimit,TECHNOLOGY,SE_DEMRESELCAIR_POR_HIG,SE,2046,0.003326,665.149237
TotalTechnologyAnnualActivityUpperLimit,TECHNOLOGY,SE_DEMRESELCAIR_POR_HIG,SE,2047,0.003358,671.579139
TotalTechnologyAnnualActivityUpperLimit,TECHNOLOGY,SE_DEMRESELCAIR_POR_HIG,SE,2048,0.003391,678.229426
TotalTechnologyAnnualActivityUpperLimit,TECHNOLOGY,SE_DEMRESELCAIR_POR_HIG,SE,2049,0.003423,684.637889
TotalTechnologyAnnualActivityUpperLimit,TECHNOLOGY,SE_DEMRESELCAIR_POR_HIG,SE,2050,0.003459,691.71305
TotalTechnologyAnnualActivityUpperLimit,TECHNOLOGY,SE_DEMRESELCAIR_POR_HIG,SE,2051,0.003493,698.675722
TotalTechnologyAnnualActivityUpperLimit,TECHNOLOGY,SE_DEMRESELCAIR_POR_HIG,SE,2052,0.003529,705.76305
TotalTechnologyAnnualActivityUpperLimit,TECHNOLOGY,SE_DEMRESELCAIR_POR_HIG,SE,2053,0.003565,712.97857
TotalTechnologyAnnualActivityUpperLimit,TECHNOLOGY,SE_DEMRESELCAIR_POR_HIG,SE,2054,0.003602,720.325904
TotalTechnologyAnnualActivityUpperLimit,TECHNOLOGY,SE_DEMRESELCAIR_POR_LOW,SE,2022,0.004303,860.545435
TotalTechnologyAnnualActivityUpperLimit,TECHNOLOGY,SE_DEMRESELCAIR_POR_LOW,SE,2023,0.002138,427.63352
TotalTechnologyAnnualActivityUpperLimit,TECHNOLOGY,SE_DEMRESELCAIR_POR_LOW,SE,2024,0.002536,507.2607
TotalTechnologyAnnualActivityUpperLimit,TECHNOLOGY,SE_DEMRESELCAIR_POR_LOW,SE,2025,0.002612,522.413163
TotalTechnologyAnnualActivityUpperLimit,TECHNOLOGY,SE_DEMRESELCAIR_POR_LOW,SE,2026,0.002645,528.946644
TotalTechnologyAnnualActivityUpperLimit,TECHNOLOGY,SE_DEMRESELCAIR_POR_LOW,SE,2027,0.002679,535.701612
TotalTechnologyAnnualActivityUpperLimit,TECHNOLOGY,SE_DEMRESELCAIR_POR_LOW,SE,2028,0.002711,542.231963
TotalTechnologyAnnualActivityUpperLimit,TECHNOLOGY,SE_DEMRESELCAIR_POR_LOW,SE,2029,0.002746,549.200727
TotalTechnologyAnnualActivityUpperLimit,TECHNOLOGY,SE_DEMRESELCAIR_POR_LOW,SE,2030,0.002782,556.309924
TotalTechnologyAnnualActivityUpperLimit,TECHNOLOGY,SE_DEMRESELCAIR_POR_LOW,SE,2031,0.002818,563.68978
TotalTechnologyAnnualActivityUpperLimit,TECHNOLOGY,SE_DEMRESELCAIR_POR_LOW,SE,2032,0.002855,570.961874
TotalTechnologyAnnualActivityUpperLimit,TECHNOLOGY,SE_DEMRESELCAIR_POR_LOW,SE,2033,0.002892,578.403129
TotalTechnologyAnnualActivityUpperLimit,TECHNOLOGY,SE_DEMRESELCAIR_POR_LOW,SE,2034,0.002929,585.774154
TotalTechnologyAnnualActivityUpperLimit,TECHNOLOGY,SE_DEMRESELCAIR_POR_LOW,SE,2035,0.002965,593.050218
TotalTechnologyAnnualActivityUpperLimit,TECHNOLOGY,SE_DEMRESELCAIR_POR_LOW,SE,2036,0.002988,597.51951
TotalTechnologyAnnualActivityUpperLimit,TECHNOLOGY,SE_DEMRESELCAIR_POR_LOW,SE,2037,0.003023,604.642052
TotalTechnologyAnnualActivityUpperLimit,TECHNOLOGY,SE_DEMRESELCAIR_POR_LOW,SE,2038,0.003058,611.664431
TotalTechnologyAnnualActivityUpperLimit,TECHNOLOGY,SE_DEMRESELCAIR_POR_LOW,SE,2039,0.003093,618.636302
TotalTechnologyAnnualActivityUpperLimit,TECHNOLOGY,SE_DEMRESELCAIR_POR_LOW,SE,2040,0.003128,625.547374
TotalTechnologyAnnualActivityUpperLimit,TECHNOLOGY,SE_DEMRESELCAIR_POR_LOW,SE,2041,0.003161,632.249942
TotalTechnologyAnnualActivityUpperLimit,TECHNOLOGY,SE_DEMRESELCAIR_POR_LOW,SE,2042,0.003194,638.886256
TotalTechnologyAnnualActivityUpperLimit,TECHNOLOGY,SE_DEMRESELCAIR_POR_LOW,SE,2043,0.003228,645.560438
TotalTechnologyAnnualActivityUpperLimit,TECHNOLOGY,SE_DEMRESELCAIR_POR_LOW,SE,2044,0.003261,652.18818
TotalTechnologyAnnualActivityUpperLimit,TECHNOLOGY,SE_DEMRESELCAIR_POR_LOW,SE,2045,0.003293,658.651592
TotalTechnologyAnnualActivityUpperLimit,TECHNOLOGY,SE_DEMRESELCAIR_POR_LOW,SE,2046,0.003326,665.149237
TotalTechnologyAnnualActivityUpperLimit,TECHNOLOGY,SE_DEMRESELCAIR_POR_LOW,SE,2047,0.003358,671.579139
TotalTechnologyAnnualActivityUpperLimit,TECHNOLOGY,SE_DEMRESELCAIR_POR_LOW,SE,2048,0.003391,678.229426
TotalTechnologyAnnualActivityUpperLimit,TECHNOLOGY,SE_DEMRESELCAIR_POR_LOW,SE,2049,0.003423,684.637889
TotalTechnologyAnnualActivityUpperLimit,TECHNOLOGY,SE_DEMRESELCAIR_POR_LOW,SE,2050,0.003459,691.71305
TotalTechnologyAnnualActivityUpperLimit,TECHNOLOGY,SE_DEMRESELCAIR_POR_LOW,SE,2051,0.003493,698.675722
TotalTechnologyAnnualActivityUpperLimit,TECHNOLOGY,SE_DEMRESELCAIR_POR_LOW,SE,2052,0.003529,705.76305
TotalTechnologyAnnualActivityUpperLimit,TECHNOLOGY,SE_DEMRESELCAIR_POR_LOW,SE,2053,0.003565,712.97857
TotalTechnologyAnnualActivityUpperLimit,TECHNOLOGY,SE_DEMRESELCAIR_POR_LOW,SE,2054,0.003602,720.325904
TotalTechnologyAnnualActivityUpperLimit,TECHNOLOGY,SE_DEMRESELCAIR_POR_MID,SE,2022,0.004303,860.545435
TotalTechnologyAnnualActivityUpperLimit,TECHNOLOGY,SE_DEMRESELCAIR_POR_MID,SE,2023,0.002138,427.63352
TotalTechnologyAnnualActivityUpperLimit,TECHNOLOGY,SE_DEMRESELCAIR_POR_MID,SE,2024,0.002536,507.2607
TotalTechnologyAnnualActivityUpperLimit,TECHNOLOGY,SE_DEMRESELCAIR_POR_MID,SE,2025,0.002612,522.413163
TotalTechnologyAnnualActivityUpperLimit,TECHNOLOGY,SE_DEMRESELCAIR_POR_MID,SE,2026,0.002645,528.946644
TotalTechnologyAnnualActivityUpperLimit,TECHNOLOGY,SE_DEMRESELCAIR_POR_MID,SE,2027,0.002679,535.701612
TotalTechnologyAnnualActivityUpperLimit,TECHNOLOGY,SE_DEMRESELCAIR_POR_MID,SE,2028,0.002711,542.231963
TotalTechnologyAnnualActivityUpperLimit,TECHNOLOGY,SE_DEMRESELCAIR_POR_MID,SE,2029,0.002746,549.200727
TotalTechnologyAnnualActivityUpperLimit,TECHNOLOGY,SE_DEMRESELCAIR_POR_MID,SE,2030,0.002782,556.309924
TotalTechnologyAnnualActivityUpperLimit,TECHNOLOGY,SE_DEMRESELCAIR_POR_MID,SE,2031,0.002818,563.68978
TotalTechnologyAnnualActivityUpperLimit,TECHNOLOGY,SE_DEMRESELCAIR_POR_MID,SE,2032,0.002855,570.961874
TotalTechnologyAnnualActivityUpperLimit,TECHNOLOGY,SE_DEMRESELCAIR_POR_MID,SE,2033,0.002892,578.403129
TotalTechnologyAnnualActivityUpperLimit,TECHNOLOGY,SE_DEMRESELCAIR_POR_MID,SE,2034,0.002929,585.774154
TotalTechnologyAnnualActivityUpperLimit,TECHNOLOGY,SE_DEMRESELCAIR_POR_MID,SE,2035,0.002965,593.050218
TotalTechnologyAnnualActivityUpperLimit,TECHNOLOGY,SE_DEMRESELCAIR_POR_MID,SE,2036,0.002988,597.51951
TotalTechnologyAnnualActivityUpperLimit,TECHNOLOGY,SE_DEMRESELCAIR_POR_MID,SE,2037,0.003023,604.642052
TotalTechnologyAnnualActivityUpperLimit,TECHNOLOGY,SE_DEMRESELCAIR_POR_MID,SE,2038,0.003058,611.664431
TotalTechnologyAnnualActivityUpperLimit,TECHNOLOGY,SE_DEMRESELCAIR_POR_MID,SE,2039,0.003093,618.636302
TotalTechnologyAnnualActivityUpperLimit,TECHNOLOGY,SE_DEMRESELCAIR_POR_MID,SE,2040,0.003128,625.547374
TotalTechnologyAnnualActivityUpperLimit,TECHNOLOGY,SE_DEMRESELCAIR_POR_MID,SE,2041,0.003161,632.249942
TotalTechnologyAnnualActivityUpperLimit,TECHNOLOGY,SE_DEMRESELCAIR_POR_MID,SE,2042,0.003194,638.886256
TotalTechnologyAnnualActivityUpperLimit,TECHNOLOGY,SE_DEMRESELCAIR_POR_MID,SE,2043,0.003228,645.560438
TotalTechnologyAnnualActivityUpperLimit,TECHNOLOGY,SE_DEMRESELCAIR_POR_MID,SE,2044,0.003261,652.18818
TotalTechnologyAnnualActivityUpperLimit,TECHNOLOGY,SE_DEMRESELCAIR_POR_MID,SE,2045,0.003293,658.651592
TotalTechnologyAnnualActivityUpperLimit,TECHNOLOGY,SE_DEMRESELCAIR_POR_MID,SE,2046,0.003326,665.149237
TotalTechnologyAnnualActivityUpperLimit,TECHNOLOGY,SE_DEMRESELCAIR_POR_MID,SE,2047,0.003358,671.579139
TotalTechnologyAnnualActivityUpperLimit,TECHNOLOGY,SE_DEMRESELCAIR_POR_MID,SE,2048,0.003391,678.229426
TotalTechnologyAnnualActivityUpperLimit,TECHNOLOGY,SE_DEMRESELCAIR_POR_MID,SE,2049,0.003423,684.637889
TotalTechnologyAnnualActivityUpperLimit,TECHNOLOGY,SE_DEMRESELCAIR_POR_MID,SE,2050,0.003459,691.71305
TotalTechnologyAnnualActivityUpperLimit,TECHNOLOGY,SE_DEMRESELCAIR_POR_MID,SE,2051,0.003493,698.675722
TotalTechnologyAnnualActivityUpperLimit,TECHNOLOGY,SE_DEMRESELCAIR_POR_MID,SE,2052,0.003529,705.76305
TotalTechnologyAnnualActivityUpperLimit,TECHNOLOGY,SE_DEMRESELCAIR_POR_MID,SE,2053,0.003565,712.97857
TotalTechnologyAnnualActivityUpperLimit,TECHNOLOGY,SE_DEMRESELCAIR_POR_MID,SE,2054,0.003602,720.325904
TotalTechnologyAnnualActivityUpperLimit,TECHNOLOGY,SE_DEMRESELCAIR_SPL_HIG,SE,2022,0.004303,860.545435
TotalTechnologyAnnualActivityUpperLimit,TECHNOLOGY,SE_DEMRESELCAIR_SPL_HIG,SE,2023,0.002138,427.63352
TotalTechnologyAnnualActivityUpperLimit,TECHNOLOGY,SE_DEMRESELCAIR_SPL_HIG,SE,2024,0.002536,507.2607
TotalTechnologyAnnualActivityUpperLimit,TECHNOLOGY,SE_DEMRESELCAIR_SPL_HIG,SE,2025,0.002612,522.413163
TotalTechnologyAnnualActivityUpperLimit,TECHNOLOGY,SE_DEMRESELCAIR_SPL_HIG,SE,2026,0.002645,528.946644
TotalTechnologyAnnualActivityUpperLimit,TECHNOLOGY,SE_DEMRESELCAIR_SPL_HIG,SE,2027,0.002679,535.701612
TotalTechnologyAnnualActivityUpperLimit,TECHNOLOGY,SE_DEMRESELCAIR_SPL_HIG,SE,2028,0.002711,542.231963
TotalTechnologyAnnualActivityUpperLimit,TECHNOLOGY,SE_DEMRESELCAIR_SPL_HIG,SE,2029,0.002746,549.200727
TotalTechnologyAnnualActivityUpperLimit,TECHNOLOGY,SE_DEMRESELCAIR_SPL_HIG,SE,2030,0.002782,556.309924
TotalTechnologyAnnualActivityUpperLimit,TECHNOLOGY,SE_DEMRESELCAIR_SPL_HIG,SE,2031,0.002818,563.68978
TotalTechnologyAnnualActivityUpperLimit,TECHNOLOGY,SE_DEMRESELCAIR_SPL_HIG,SE,2032,0.002855,570.961874
TotalTechnologyAnnualActivityUpperLimit,TECHNOLOGY,SE_DEMRESELCAIR_SPL_HIG,SE,2033,0.002892,578.403129
TotalTechnologyAnnualActivityUpperLimit,TECHNOLOGY,SE_DEMRESELCAIR_SPL_HIG,SE,2034,0.002929,585.774154
TotalTechnologyAnnualActivityUpperLimit,TECHNOLOGY,SE_DEMRESELCAIR_SPL_HIG,SE,2035,0.002965,593.050218
TotalTechnologyAnnualActivityUpperLimit,TECHNOLOGY,SE_DEMRESELCAIR_SPL_HIG,SE,2036,0.002988,597.51951
TotalTechnologyAnnualActivityUpperLimit,TECHNOLOGY,SE_DEMRESELCAIR_SPL_HIG,SE,2037,0.003023,604.642052
TotalTechnologyAnnualActivityUpperLimit,TECHNOLOGY,SE_DEMRESELCAIR_SPL_HIG,SE,2038,0.003058,611.664431
TotalTechnologyAnnualActivityUpperLimit,TECHNOLOGY,SE_DEMRESELCAIR_SPL_HIG,SE,2039,0.003093,618.636302
TotalTechnologyAnnualActivityUpperLimit,TECHNOLOGY,SE_DEMRESELCAIR_SPL_HIG,SE,2040,0.003128,625.547374
TotalTechnologyAnnualActivityUpperLimit,TECHNOLOGY,SE_DEMRESELCAIR_SPL_HIG,SE,2041,0.003161,632.249942
TotalTechnologyAnnualActivityUpperLimit,TECHNOLOGY,SE_DEMRESELCAIR_SPL_HIG,SE,2042,0.003194,638.886256
TotalTechnologyAnnualActivityUpperLimit,TECHNOLOGY,SE_DEMRESELCAIR_SPL_HIG,SE,2043,0.003228,645.560438
TotalTechnologyAnnualActivityUpperLimit,TECHNOLOGY,SE_DEMRESELCAIR_SPL_HIG,SE,2044,0.003261,652.18818
TotalTechnologyAnnualActivityUpperLimit,TECHNOLOGY,SE_DEMRESELCAIR_SPL_HIG,SE,2045,0.003293,658.651592
TotalTechnologyAnnualActivityUpperLimit,TECHNOLOGY,SE_DEMRESELCAIR_SPL_HIG,SE,2046,0.003326,665.149237
TotalTechnologyAnnualActivityUpperLimit,TECHNOLOGY,SE_DEMRESELCAIR_SPL_HIG,SE,2047,0.003358,671.579139
TotalTechnologyAnnualActivityUpperLimit,TECHNOLOGY,SE_DEMRESELCAIR_SPL_HIG,SE,2048,0.003391,678.229426
TotalTechnologyAnnualActivityUpperLimit,TECHNOLOGY,SE_DEMRESELCAIR_SPL_HIG,SE,2049,0.003423,684.637889
TotalTechnologyAnnualActivityUpperLimit,TECHNOLOGY,SE_DEMRESELCAIR_SPL_HIG,SE,2050,0.003459,691.71305
TotalTechnologyAnnualActivityUpperLimit,TECHNOLOGY,SE_DEMRESELCAIR_SPL_HIG,SE,2051,0.003493,698.675722
TotalTechnologyAnnualActivityUpperLimit,TECHNOLOGY,SE_DEMRESELCAIR_SPL_HIG,SE,2052,0.003529,705.76305
TotalTechnologyAnnualActivityUpperLimit,TECHNOLOGY,SE_DEMRESELCAIR_SPL_HIG,SE,2053,0.003565,712.97857
TotalTechnologyAnnualActivityUpperLimit,TECHNOLOGY,SE_DEMRESELCAIR_SPL_HIG,SE,2054,0.003602,720.325904
TotalTechnologyAnnualActivityUpperLimit,TECHNOLOGY,SE_DEMRESELCAIR_SPL_LOW,SE,2022,0.004303,860.545435
TotalTechnologyAnnualActivityUpperLimit,TECHNOLOGY,SE_DEMRESELCAIR_SPL_LOW,SE,2023,0.002138,427.63352
TotalTechnologyAnnualActivityUpperLimit,TECHNOLOGY,SE_DEMRESELCAIR_SPL_LOW,SE,2024,0.002536,507.2607
TotalTechnologyAnnualActivityUpperLimit,TECHNOLOGY,SE_DEMRESELCAIR_SPL_LOW,SE,2025,0.002612,522.413163
TotalTechnologyAnnualActivityUpperLimit,TECHNOLOGY,SE_DEMRESELCAIR_SPL_LOW,SE,2026,0.002645,528.946644
TotalTechnologyAnnualActivityUpperLimit,TECHNOLOGY,SE_DEMRESELCAIR_SPL_LOW,SE,2027,0.002679,535.701612
TotalTechnologyAnnualActivityUpperLimit,TECHNOLOGY,SE_DEMRESELCAIR_SPL_LOW,SE,2028,0.002711,542.231963
TotalTechnologyAnnualActivityUpperLimit,TECHNOLOGY,SE_DEMRESELCAIR_SPL_LOW,SE,2029,0.002746,549.200727
TotalTechnologyAnnualActivityUpperLimit,TECHNOLOGY,SE_DEMRESELCAIR_SPL_LOW,SE,2030,0.002782,556.309924
TotalTechnologyAnnualActivityUpperLimit,TECHNOLOGY,SE_DEMRESELCAIR_SPL_LOW,SE,2031,0.002818,563.68978
TotalTechnologyAnnualActivityUpperLimit,TECHNOLOGY,SE_DEMRESELCAIR_SPL_LOW,SE,2032,0.002855,570.961874
TotalTechnologyAnnualActivityUpperLimit,TECHNOLOGY,SE_DEMRESELCAIR_SPL_LOW,SE,2033,0.002892,578.403129
TotalTechnologyAnnualActivityUpperLimit,TECHNOLOGY,SE_DEMRESELCAIR_SPL_LOW,SE,2034,0.002929,585.774154
TotalTechnologyAnnualActivityUpperLimit,TECHNOLOGY,SE_DEMRESELCAIR_SPL_LOW,SE,2035,0.002965,593.050218
TotalTechnologyAnnualActivityUpperLimit,TECHNOLOGY,SE_DEMRESELCAIR_SPL_LOW,SE,2036,0.002988,597.51951
TotalTechnologyAnnualActivityUpperLimit,TECHNOLOGY,SE_DEMRESELCAIR_SPL_LOW,SE,2037,0.003023,604.642052
TotalTechnologyAnnualActivityUpperLimit,TECHNOLOGY,SE_DEMRESELCAIR_SPL_LOW,SE,2038,0.003058,611.664431
TotalTechnologyAnnualActivityUpperLimit,TECHNOLOGY,SE_DEMRESELCAIR_SPL_LOW,SE,2039,0.003093,618.636302
TotalTechnologyAnnualActivityUpperLimit,TECHNOLOGY,SE_DEMRESELCAIR_SPL_LOW,SE,2040,0.003128,625.547374
TotalTechnologyAnnualActivityUpperLimit,TECHNOLOGY,SE_DEMRESELCAIR_SPL_LOW,SE,2041,0.003161,632.249942
TotalTechnologyAnnualActivityUpperLimit,TECHNOLOGY,SE_DEMRESELCAIR_SPL_LOW,SE,2042,0.003194,638.886256
TotalTechnologyAnnualActivityUpperLimit,TECHNOLOGY,SE_DEMRESELCAIR_SPL_LOW,SE,2043,0.003228,645.560438
TotalTechnologyAnnualActivityUpperLimit,TECHNOLOGY,SE_DEMRESELCAIR_SPL_LOW,SE,2044,0.003261,652.18818
TotalTechnologyAnnualActivityUpperLimit,TECHNOLOGY,SE_DEMRESELCAIR_SPL_LOW,SE,2045,0.003293,658.651592
TotalTechnologyAnnualActivityUpperLimit,TECHNOLOGY,SE_DEMRESELCAIR_SPL_LOW,SE,2046,0.003326,665.149237
TotalTechnologyAnnualActivityUpperLimit,TECHNOLOGY,SE_DEMRESELCAIR_SPL_LOW,SE,2047,0.003358,671.579139
TotalTechnologyAnnualActivityUpperLimit,TECHNOLOGY,SE_DEMRESELCAIR_SPL_LOW,SE,2048,0.003391,678.229426
TotalTechnologyAnnualActivityUpperLimit,TECHNOLOGY,SE_DEMRESELCAIR_SPL_LOW,SE,2049,0.003423,684.637889
TotalTechnologyAnnualActivityUpperLimit,TECHNOLOGY,SE_DEMRESELCAIR_SPL_LOW,SE,2050,0.003459,691.71305
TotalTechnologyAnnualActivityUpperLimit,TECHNOLOGY,SE_DEMRESELCAIR_SPL_LOW,SE,2051,0.003493,698.675722
TotalTechnologyAnnualActivityUpperLimit,TECHNOLOGY,SE_DEMRESELCAIR_SPL_LOW,SE,2052,0.003529,705.76305
TotalTechnologyAnnualActivityUpperLimit,TECHNOLOGY,SE_DEMRESELCAIR_SPL_LOW,SE,2053,0.003565,712.97857
TotalTechnologyAnnualActivityUpperLimit,TECHNOLOGY,SE_DEMRESELCAIR_SPL_LOW,SE,2054,0.003602,720.325904
TotalTechnologyAnnualActivityUpperLimit,TECHNOLOGY,SE_DEMRESELCAIR_SPL_MID,SE,2022,0.004303,860.545435
TotalTechnologyAnnualActivityUpperLimit,TECHNOLOGY,SE_DEMRESELCAIR_SPL_MID,SE,2023,0.002138,427.63352
TotalTechnologyAnnualActivityUpperLimit,TECHNOLOGY,SE_DEMRESELCAIR_SPL_MID,SE,2024,0.002536,507.2607
TotalTechnologyAnnualActivityUpperLimit,TECHNOLOGY,SE_DEMRESELCAIR_SPL_MID,SE,2025,0.002612,522.413163
TotalTechnologyAnnualActivityUpperLimit,TECHNOLOGY,SE_DEMRESELCAIR_SPL_MID,SE,2026,0.002645,528.946644
TotalTechnologyAnnualActivityUpperLimit,TECHNOLOGY,SE_DEMRESELCAIR_SPL_MID,SE,2027,0.002679,535.701612
TotalTechnologyAnnualActivityUpperLimit,TECHNOLOGY,SE_DEMRESELCAIR_SPL_MID,SE,2028,0.002711,542.231963
TotalTechnologyAnnualActivityUpperLimit,TECHNOLOGY,SE_DEMRESELCAIR_SPL_MID,SE,2029,0.002746,549.200727
TotalTechnologyAnnualActivityUpperLimit,TECHNOLOGY,SE_DEMRESELCAIR_SPL_MID,SE,2030,0.002782,556.309924
TotalTechnologyAnnualActivityUpperLimit,TECHNOLOGY,SE_DEMRESELCAIR_SPL_MID,SE,2031,0.002818,563.68978
TotalTechnologyAnnualActivityUpperLimit,TECHNOLOGY,SE_DEMRESELCAIR_SPL_MID,SE,2032,0.002855,570.961874
TotalTechnologyAnnualActivityUpperLimit,TECHNOLOGY,SE_DEMRESELCAIR_SPL_MID,SE,2033,0.002892,578.403129
TotalTechnologyAnnualActivityUpperLimit,TECHNOLOGY,SE_DEMRESELCAIR_SPL_MID,SE,2034,0.002929,585.774154
TotalTechnologyAnnualActivityUpperLimit,TECHNOLOGY,SE_DEMRESELCAIR_SPL_MID,SE,2035,0.002965,593.050218
TotalTechnologyAnnualActivityUpperLimit,TECHNOLOGY,SE_DEMRESELCAIR_SPL_MID,SE,2036,0.002988,597.51951
TotalTechnologyAnnualActivityUpperLimit,TECHNOLOGY,SE_DEMRESELCAIR_SPL_MID,SE,2037,0.003023,604.642052
TotalTechnologyAnnualActivityUpperLimit,TECHNOLOGY,SE_DEMRESELCAIR_SPL_MID,SE,2038,0.003058,611.664431
TotalTechnologyAnnualActivityUpperLimit,TECHNOLOGY,SE_DEMRESELCAIR_SPL_MID,SE,2039,0.003093,618.636302
TotalTechnologyAnnualActivityUpperLimit,TECHNOLOGY,SE_DEMRESELCAIR_SPL_MID,SE,2040,0.003128,625.547374
TotalTechnologyAnnualActivityUpperLimit,TECHNOLOGY,SE_DEMRESELCAIR_SPL_MID,SE,2041,0.003161,632.249942
TotalTechnologyAnnualActivityUpperLimit,TECHNOLOGY,SE_DEMRESELCAIR_SPL_MID,SE,2042,0.003194,638.886256
TotalTechnologyAnnualActivityUpperLimit,TECHNOLOGY,SE_DEMRESELCAIR_SPL_MID,SE,2043,0.003228,645.560438
TotalTechnologyAnnualActivityUpperLimit,TECHNOLOGY,SE_DEMRESELCAIR_SPL_MID,SE,2044,0.003261,652.18818
TotalTechnologyAnnualActivityUpperLimit,TECHNOLOGY,SE_DEMRESELCAIR_SPL_MID,SE,2045,0.003293,658.651592
TotalTechnologyAnnualActivityUpperLimit,TECHNOLOGY,SE_DEMRESELCAIR_SPL_MID,SE,2046,0.003326,665.149237
TotalTechnologyAnnualActivityUpperLimit,TECHNOLOGY,SE_DEMRESELCAIR_SPL_MID,SE,2047,0.003358,671.579139
TotalTechnologyAnnualActivityUpperLimit,TECHNOLOGY,SE_DEMRESELCAIR_SPL_MID,SE,2048,0.003391,678.229426
TotalTechnologyAnnualActivityUpperLimit,TECHNOLOGY,SE_DEMRESELCAIR_SPL_MID,SE,2049,0.003423,684.637889
TotalTechnologyAnnualActivityUpperLimit,TECHNOLOGY,SE_DEMRESELCAIR_SPL_MID,SE,2050,0.003459,691.71305
TotalTechnologyAnnualActivityUpperLimit,TECHNOLOGY,SE_DEMRESELCAIR_SPL_MID,SE,2051,0.003493,698.675722
TotalTechnologyAnnualActivityUpperLimit,TECHNOLOGY,SE_DEMRESELCAIR_SPL_MID,SE,2052,0.003529,705.76305
TotalTechnologyAnnualActivityUpperLimit,TECHNOLOGY,SE_DEMRESELCAIR_SPL_MID,SE,2053,0.003565,712.97857
TotalTechnologyAnnualActivityUpperLimit,TECHNOLOGY,SE_DEMRESELCAIR_SPL_MID,SE,2054,0.003602,720.325904
TotalTechnologyAnnualActivityUpperLimit,TECHNOLOGY,SE_DEMRESELCCKN_HIG,SE,2022,0.005392,1078.395164
TotalTechnologyAnnualActivityUpperLimit,TECHNOLOGY,SE_DEMRESELCCKN_HIG,SE,2023,0.003537,707.34886
TotalTechnologyAnnualActivityUpperLimit,TECHNOLOGY,SE_DEMRESELCCKN_HIG,SE,2024,0.004796,959.217091
TotalTechnologyAnnualActivityUpperLimit,TECHNOLOGY,SE_DEMRESELCCKN_HIG,SE,2025,0.005088,1017.546211
TotalTechnologyAnnualActivityUpperLimit,TECHNOLOGY,SE_DEMRESELCCKN_HIG,SE,2026,0.005142,1028.45797
TotalTechnologyAnnualActivityUpperLimit,TECHNOLOGY,SE_DEMRESELCCKN_HIG,SE,2027,0.0052,1040.027278
TotalTechnologyAnnualActivityUpperLimit,TECHNOLOGY,SE_DEMRESELCCKN_HIG,SE,2028,0.005257,1051.359032
TotalTechnologyAnnualActivityUpperLimit,TECHNOLOGY,SE_DEMRESELCCKN_HIG,SE,2029,0.00532,1063.910896
TotalTechnologyAnnualActivityUpperLimit,TECHNOLOGY,SE_DEMRESELCCKN_HIG,SE,2030,0.005385,1076.934007
TotalTechnologyAnnualActivityUpperLimit,TECHNOLOGY,SE_DEMRESELCCKN_HIG,SE,2031,0.005453,1090.578214
TotalTechnologyAnnualActivityUpperLimit,TECHNOLOGY,SE_DEMRESELCCKN_HIG,SE,2032,0.00552,1103.956859
TotalTechnologyAnnualActivityUpperLimit,TECHNOLOGY,SE_DEMRESELCCKN_HIG,SE,2033,0.005588,1117.68603
TotalTechnologyAnnualActivityUpperLimit,TECHNOLOGY,SE_DEMRESELCCKN_HIG,SE,2034,0.005656,1131.179542
TotalTechnologyAnnualActivityUpperLimit,TECHNOLOGY,SE_DEMRESELCCKN_HIG,SE,2035,0.005722,1144.467969
TotalTechnologyAnnualActivityUpperLimit,TECHNOLOGY,SE_DEMRESELCCKN_HIG,SE,2036,0.005754,1150.694917
TotalTechnologyAnnualActivityUpperLimit,TECHNOLOGY,SE_DEMRESELCCKN_HIG,SE,2037,0.005819,1163.73248
TotalTechnologyAnnualActivityUpperLimit,TECHNOLOGY,SE_DEMRESELCCKN_HIG,SE,2038,0.005883,1176.58595
TotalTechnologyAnnualActivityUpperLimit,TECHNOLOGY,SE_DEMRESELCCKN_HIG,SE,2039,0.005947,1189.394096
TotalTechnologyAnnualActivityUpperLimit,TECHNOLOGY,SE_DEMRESELCCKN_HIG,SE,2040,0.006011,1202.13229
TotalTechnologyAnnualActivityUpperLimit,TECHNOLOGY,SE_DEMRESELCCKN_HIG,SE,2041,0.006073,1214.503852
TotalTechnologyAnnualActivityUpperLimit,TECHNOLOGY,SE_DEMRESELCCKN_HIG,SE,2042,0.006134,1226.763689
TotalTechnologyAnnualActivityUpperLimit,TECHNOLOGY,SE_DEMRESELCCKN_HIG,SE,2043,0.006196,1239.216728
TotalTechnologyAnnualActivityUpperLimit,TECHNOLOGY,SE_DEMRESELCCKN_HIG,SE,2044,0.006258,1251.667335
TotalTechnologyAnnualActivityUpperLimit,TECHNOLOGY,SE_DEMRESELCCKN_HIG,SE,2045,0.006319,1263.858097
TotalTechnologyAnnualActivityUpperLimit,TECHNOLOGY,SE_DEMRESELCCKN_HIG,SE,2046,0.006381,1276.192173
TotalTechnologyAnnualActivityUpperLimit,TECHNOLOGY,SE_DEMRESELCCKN_HIG,SE,2047,0.006442,1288.465934
TotalTechnologyAnnualActivityUpperLimit,TECHNOLOGY,SE_DEMRESELCCKN_HIG,SE,2048,0.006507,1301.349681
TotalTechnologyAnnualActivityUpperLimit,TECHNOLOGY,SE_DEMRESELCCKN_HIG,SE,2049,0.006569,1313.690329
TotalTechnologyAnnualActivityUpperLimit,TECHNOLOGY,SE_DEMRESELCCKN_HIG,SE,2050,0.006636,1327.219742
TotalTechnologyAnnualActivityUpperLimit,TECHNOLOGY,SE_DEMRESELCCKN_HIG,SE,2051,0.006703,1340.652248
TotalTechnologyAnnualActivityUpperLimit,TECHNOLOGY,SE_DEMRESELCCKN_HIG,SE,2052,0.006772,1354.354553
TotalTechnologyAnnualActivityUpperLimit,TECHNOLOGY,SE_DEMRESELCCKN_HIG,SE,2053,0.006842,1368.3339
TotalTechnologyAnnualActivityUpperLimit,TECHNOLOGY,SE_DEMRESELCCKN_HIG,SE,2054,0.006913,1382.597644
TotalTechnologyAnnualActivityUpperLimit,TECHNOLOGY,SE_DEMRESELCCKN_LOW,SE,2022,0.006555,0.026633
TotalTechnologyAnnualActivityUpperLimit,TECHNOLOGY,SE_DEMRESELCCKN_LOW,SE,2023,0.004623,0.02012
TotalTechnologyAnnualActivityUpperLimit,TECHNOLOGY,SE_DEMRESELCCKN_LOW,SE,2024,0.007034,0.032043
TotalTechnologyAnnualActivityUpperLimit,TECHNOLOGY,SE_DEMRESELCCKN_LOW,SE,2025,0.007491,0.032559
TotalTechnologyAnnualActivityUpperLimit,TECHNOLOGY,SE_DEMRESELCCKN_LOW,SE,2026,0.007569,0.032091
TotalTechnologyAnnualActivityUpperLimit,TECHNOLOGY,SE_DEMRESELCCKN_LOW,SE,2027,0.007652,0.031492
TotalTechnologyAnnualActivityUpperLimit,TECHNOLOGY,SE_DEMRESELCCKN_LOW,SE,2028,0.007732,0.030743
TotalTechnologyAnnualActivityUpperLimit,TECHNOLOGY,SE_DEMRESELCCKN_LOW,SE,2029,0.007822,0.029903
TotalTechnologyAnnualActivityUpperLimit,TECHNOLOGY,SE_DEMRESELCCKN_LOW,SE,2030,0.007916,0.028957
TotalTechnologyAnnualActivityUpperLimit,TECHNOLOGY,SE_DEMRESELCCKN_LOW,SE,2031,0.008013,0.027922
TotalTechnologyAnnualActivityUpperLimit,TECHNOLOGY,SE_DEMRESELCCKN_LOW,SE,2032,0.008108,0.026789
TotalTechnologyAnnualActivityUpperLimit,TECHNOLOGY,SE_DEMRESELCCKN_LOW,SE,2033,0.008205,0.025589
TotalTechnologyAnnualActivityUpperLimit,TECHNOLOGY,SE_DEMRESELCCKN_LOW,SE,2034,0.0083,0.024324
TotalTechnologyAnnualActivityUpperLimit,TECHNOLOGY,SE_DEMRESELCCKN_LOW,SE,2035,0.008393,0.02301
TotalTechnologyAnnualActivityUpperLimit,TECHNOLOGY,SE_DEMRESELCCKN_LOW,SE,2036,0.008425,0.021513
TotalTechnologyAnnualActivityUpperLimit,TECHNOLOGY,SE_DEMRESELCCKN_LOW,SE,2037,0.008517,0.020164
TotalTechnologyAnnualActivityUpperLimit,TECHNOLOGY,SE_DEMRESELCCKN_LOW,SE,2038,0.008607,0.018813
TotalTechnologyAnnualActivityUpperLimit,TECHNOLOGY,SE_DEMRESELCCKN_LOW,SE,2039,0.008697,0.017473
TotalTechnologyAnnualActivityUpperLimit,TECHNOLOGY,SE_DEMRESELCCKN_LOW,SE,2040,0.008786,0.016157
TotalTechnologyAnnualActivityUpperLimit,TECHNOLOGY,SE_DEMRESELCCKN_LOW,SE,2041,0.008873,0.01487
TotalTechnologyAnnualActivityUpperLimit,TECHNOLOGY,SE_DEMRESELCCKN_LOW,SE,2042,0.008959,0.013625
TotalTechnologyAnnualActivityUpperLimit,TECHNOLOGY,SE_DEMRESELCCKN_LOW,SE,2043,0.009047,0.012432
TotalTechnologyAnnualActivityUpperLimit,TECHNOLOGY,SE_DEMRESELCCKN_LOW,SE,2044,0.009136,0.011295
TotalTechnologyAnnualActivityUpperLimit,TECHNOLOGY,SE_DEMRESELCCKN_LOW,SE,2045,0.009223,0.010217
TotalTechnologyAnnualActivityUpperLimit,TECHNOLOGY,SE_DEMRESELCCKN_LOW,SE,2046,0.009311,0.009203
TotalTechnologyAnnualActivityUpperLimit,TECHNOLOGY,SE_DEMRESELCCKN_LOW,SE,2047,0.0094,0.008254
TotalTechnologyAnnualActivityUpperLimit,TECHNOLOGY,SE_DEMRESELCCKN_LOW,SE,2048,0.009494,0.007377
TotalTechnologyAnnualActivityUpperLimit,TECHNOLOGY,SE_DEMRESELCCKN_LOW,SE,2049,0.009583,0.006561
TotalTechnologyAnnualActivityUpperLimit,TECHNOLOGY,SE_DEMRESELCCKN_LOW,SE,2050,0.009682,0.005817
TotalTechnologyAnnualActivityUpperLimit,TECHNOLOGY,SE_DEMRESELCCKN_LOW,SE,2051,0.00978,0.005135
TotalTechnologyAnnualActivityUpperLimit,TECHNOLOGY,SE_DEMRESELCCKN_LOW,SE,2052,0.00988,0.004515
TotalTechnologyAnnualActivityUpperLimit,TECHNOLOGY,SE_DEMRESELCCKN_LOW,SE,2053,0.009983,0.003954
TotalTechnologyAnnualActivityUpperLimit,TECHNOLOGY,SE_DEMRESELCCKN_LOW,SE,2054,0.010089,0.003449
TotalTechnologyAnnualActivityUpperLimit,TECHNOLOGY,SE_DEMRESELCCKN_MID,SE,2022,0.005392,1078.395164
TotalTechnologyAnnualActivityUpperLimit,TECHNOLOGY,SE_DEMRESELCCKN_MID,SE,2023,0.003537,707.34886
TotalTechnologyAnnualActivityUpperLimit,TECHNOLOGY,SE_DEMRESELCCKN_MID,SE,2024,0.004796,959.217091
TotalTechnologyAnnualActivityUpperLimit,TECHNOLOGY,SE_DEMRESELCCKN_MID,SE,2025,0.005088,1017.546211
TotalTechnologyAnnualActivityUpperLimit,TECHNOLOGY,SE_DEMRESELCCKN_MID,SE,2026,0.005142,1028.45797
TotalTechnologyAnnualActivityUpperLimit,TECHNOLOGY,SE_DEMRESELCCKN_MID,SE,2027,0.0052,1040.027278
TotalTechnologyAnnualActivityUpperLimit,TECHNOLOGY,SE_DEMRESELCCKN_MID,SE,2028,0.005257,1051.359032
TotalTechnologyAnnualActivityUpperLimit,TECHNOLOGY,SE_DEMRESELCCKN_MID,SE,2029,0.00532,1063.910896
TotalTechnologyAnnualActivityUpperLimit,TECHNOLOGY,SE_DEMRESELCCKN_MID,SE,2030,0.005385,1076.934007
TotalTechnologyAnnualActivityUpperLimit,TECHNOLOGY,SE_DEMRESELCCKN_MID,SE,2031,0.005453,1090.578214
TotalTechnologyAnnualActivityUpperLimit,TECHNOLOGY,SE_DEMRESELCCKN_MID,SE,2032,0.00552,1103.956859
TotalTechnologyAnnualActivityUpperLimit,TECHNOLOGY,SE_DEMRESELCCKN_MID,SE,2033,0.005588,1117.68603
TotalTechnologyAnnualActivityUpperLimit,TECHNOLOGY,SE_DEMRESELCCKN_MID,SE,2034,0.005656,1131.179542
TotalTechnologyAnnualActivityUpperLimit,TECHNOLOGY,SE_DEMRESELCCKN_MID,SE,2035,0.005722,1144.467969
TotalTechnologyAnnualActivityUpperLimit,TECHNOLOGY,SE_DEMRESELCCKN_MID,SE,2036,0.005754,1150.694917
TotalTechnologyAnnualActivityUpperLimit,TECHNOLOGY,SE_DEMRESELCCKN_MID,SE,2037,0.005819,1163.73248
TotalTechnologyAnnualActivityUpperLimit,TECHNOLOGY,SE_DEMRESELCCKN_MID,SE,2038,0.005883,1176.58595
TotalTechnologyAnnualActivityUpperLimit,TECHNOLOGY,SE_DEMRESELCCKN_MID,SE,2039,0.005947,1189.394096
TotalTechnologyAnnualActivityUpperLimit,TECHNOLOGY,SE_DEMRESELCCKN_MID,SE,2040,0.006011,1202.13229
TotalTechnologyAnnualActivityUpperLimit,TECHNOLOGY,SE_DEMRESELCCKN_MID,SE,2041,0.006073,1214.503852
TotalTechnologyAnnualActivityUpperLimit,TECHNOLOGY,SE_DEMRESELCCKN_MID,SE,2042,0.006134,1226.763689
TotalTechnologyAnnualActivityUpperLimit,TECHNOLOGY,SE_DEMRESELCCKN_MID,SE,2043,0.006196,1239.216728
TotalTechnologyAnnualActivityUpperLimit,TECHNOLOGY,SE_DEMRESELCCKN_MID,SE,2044,0.006258,1251.667335
TotalTechnologyAnnualActivityUpperLimit,TECHNOLOGY,SE_DEMRESELCCKN_MID,SE,2045,0.006319,1263.858097
TotalTechnologyAnnualActivityUpperLimit,TECHNOLOGY,SE_DEMRESELCCKN_MID,SE,2046,0.006381,1276.192173
TotalTechnologyAnnualActivityUpperLimit,TECHNOLOGY,SE_DEMRESELCCKN_MID,SE,2047,0.006442,1288.465934
TotalTechnologyAnnualActivityUpperLimit,TECHNOLOGY,SE_DEMRESELCCKN_MID,SE,2048,0.006507,1301.349681
TotalTechnologyAnnualActivityUpperLimit,TECHNOLOGY,SE_DEMRESELCCKN_MID,SE,2049,0.006569,1313.690329
TotalTechnologyAnnualActivityUpperLimit,TECHNOLOGY,SE_DEMRESELCCKN_MID,SE,2050,0.006636,1327.219742
TotalTechnologyAnnualActivityUpperLimit,TECHNOLOGY,SE_DEMRESELCCKN_MID,SE,2051,0.006703,1340.652248
TotalTechnologyAnnualActivityUpperLimit,TECHNOLOGY,SE_DEMRESELCCKN_MID,SE,2052,0.006772,1354.354553
TotalTechnologyAnnualActivityUpperLimit,TECHNOLOGY,SE_DEMRESELCCKN_MID,SE,2053,0.006842,1368.3339
TotalTechnologyAnnualActivityUpperLimit,TECHNOLOGY,SE_DEMRESELCCKN_MID,SE,2054,0.006913,1382.597644
TotalTechnologyAnnualActivityUpperLimit,TECHNOLOGY,SE_DEMRESELCFAN_HIG,SE,2022,0.009248,1849.57841
TotalTechnologyAnnualActivityUpperLimit,TECHNOLOGY,SE_DEMRESELCFAN_HIG,SE,2023,0.008222,1644.476542
TotalTechnologyAnnualActivityUpperLimit,TECHNOLOGY,SE_DEMRESELCFAN_HIG,SE,2024,0.012373,2474.583732
TotalTechnologyAnnualActivityUpperLimit,TECHNOLOGY,SE_DEMRESELCFAN_HIG,SE,2025,0.012758,2551.66029
TotalTechnologyAnnualActivityUpperLimit,TECHNOLOGY,SE_DEMRESELCFAN_HIG,SE,2026,0.012922,2584.350626
TotalTechnologyAnnualActivityUpperLimit,TECHNOLOGY,SE_DEMRESELCFAN_HIG,SE,2027,0.013095,2618.875279
TotalTechnologyAnnualActivityUpperLimit,TECHNOLOGY,SE_DEMRESELCFAN_HIG,SE,2028,0.01327,2654.015081
TotalTechnologyAnnualActivityUpperLimit,TECHNOLOGY,SE_DEMRESELCFAN_HIG,SE,2029,0.013454,2690.818709
TotalTechnologyAnnualActivityUpperLimit,TECHNOLOGY,SE_DEMRESELCFAN_HIG,SE,2030,0.01365,2730.010298
TotalTechnologyAnnualActivityUpperLimit,TECHNOLOGY,SE_DEMRESELCFAN_HIG,SE,2031,0.01386,2771.928846
TotalTechnologyAnnualActivityUpperLimit,TECHNOLOGY,SE_DEMRESELCFAN_HIG,SE,2032,0.014074,2814.714127
TotalTechnologyAnnualActivityUpperLimit,TECHNOLOGY,SE_DEMRESELCFAN_HIG,SE,2033,0.014291,2858.177571
TotalTechnologyAnnualActivityUpperLimit,TECHNOLOGY,SE_DEMRESELCFAN_HIG,SE,2034,0.014514,2902.722262
TotalTechnologyAnnualActivityUpperLimit,TECHNOLOGY,SE_DEMRESELCFAN_HIG,SE,2035,0.014737,2947.460339
TotalTechnologyAnnualActivityUpperLimit,TECHNOLOGY,SE_DEMRESELCFAN_HIG,SE,2036,0.014998,2999.63046
TotalTechnologyAnnualActivityUpperLimit,TECHNOLOGY,SE_DEMRESELCFAN_HIG,SE,2037,0.015219,3043.734859
TotalTechnologyAnnualActivityUpperLimit,TECHNOLOGY,SE_DEMRESELCFAN_HIG,SE,2038,0.015438,3087.515607
TotalTechnologyAnnualActivityUpperLimit,TECHNOLOGY,SE_DEMRESELCFAN_HIG,SE,2039,0.015653,3130.494275
TotalTechnologyAnnualActivityUpperLimit,TECHNOLOGY,SE_DEMRESELCFAN_HIG,SE,2040,0.015864,3172.794875
TotalTechnologyAnnualActivityUpperLimit,TECHNOLOGY,SE_DEMRESELCFAN_HIG,SE,2041,0.016069,3213.859159
TotalTechnologyAnnualActivityUpperLimit,TECHNOLOGY,SE_DEMRESELCFAN_HIG,SE,2042,0.016273,3254.64668
TotalTechnologyAnnualActivityUpperLimit,TECHNOLOGY,SE_DEMRESELCFAN_HIG,SE,2043,0.016471,3294.196191
TotalTechnologyAnnualActivityUpperLimit,TECHNOLOGY,SE_DEMRESELCFAN_HIG,SE,2044,0.016662,3332.442098
TotalTechnologyAnnualActivityUpperLimit,TECHNOLOGY,SE_DEMRESELCFAN_HIG,SE,2045,0.016847,3369.373623
TotalTechnologyAnnualActivityUpperLimit,TECHNOLOGY,SE_DEMRESELCFAN_HIG,SE,2046,0.017027,3405.419894
TotalTechnologyAnnualActivityUpperLimit,TECHNOLOGY,SE_DEMRESELCFAN_HIG,SE,2047,0.017201,3440.224303
TotalTechnologyAnnualActivityUpperLimit,TECHNOLOGY,SE_DEMRESELCFAN_HIG,SE,2048,0.017368,3473.637808
TotalTechnologyAnnualActivityUpperLimit,TECHNOLOGY,SE_DEMRESELCFAN_HIG,SE,2049,0.017531,3506.186961
TotalTechnologyAnnualActivityUpperLimit,TECHNOLOGY,SE_DEMRESELCFAN_HIG,SE,2050,0.01771,3542.035497
TotalTechnologyAnnualActivityUpperLimit,TECHNOLOGY,SE_DEMRESELCFAN_HIG,SE,2051,0.017879,3575.730802
TotalTechnologyAnnualActivityUpperLimit,TECHNOLOGY,SE_DEMRESELCFAN_HIG,SE,2052,0.018046,3609.128052
TotalTechnologyAnnualActivityUpperLimit,TECHNOLOGY,SE_DEMRESELCFAN_HIG,SE,2053,0.018211,3642.219227
TotalTechnologyAnnualActivityUpperLimit,TECHNOLOGY,SE_DEMRESELCFAN_HIG,SE,2054,0.018375,3674.996359
TotalTechnologyAnnualActivityUpperLimit,TECHNOLOGY,SE_DEMRESELCFAN_LOW,SE,2022,0.009248,1849.57841
TotalTechnologyAnnualActivityUpperLimit,TECHNOLOGY,SE_DEMRESELCFAN_LOW,SE,2023,0.008222,1644.476542
TotalTechnologyAnnualActivityUpperLimit,TECHNOLOGY,SE_DEMRESELCFAN_LOW,SE,2024,0.012373,2474.583732
TotalTechnologyAnnualActivityUpperLimit,TECHNOLOGY,SE_DEMRESELCFAN_LOW,SE,2025,0.012758,2551.66029
TotalTechnologyAnnualActivityUpperLimit,TECHNOLOGY,SE_DEMRESELCFAN_LOW,SE,2026,0.012922,2584.350626
TotalTechnologyAnnualActivityUpperLimit,TECHNOLOGY,SE_DEMRESELCFAN_LOW,SE,2027,0.013095,2618.875279
TotalTechnologyAnnualActivityUpperLimit,TECHNOLOGY,SE_DEMRESELCFAN_LOW,SE,2028,0.01327,2654.015081
TotalTechnologyAnnualActivityUpperLimit,TECHNOLOGY,SE_DEMRESELCFAN_LOW,SE,2029,0.013454,2690.818709
TotalTechnologyAnnualActivityUpperLimit,TECHNOLOGY,SE_DEMRESELCFAN_LOW,SE,2030,0.01365,2730.010298
TotalTechnologyAnnualActivityUpperLimit,TECHNOLOGY,SE_DEMRESELCFAN_LOW,SE,2031,0.01386,2771.928846
TotalTechnologyAnnualActivityUpperLimit,TECHNOLOGY,SE_DEMRESELCFAN_LOW,SE,2032,0.014074,2814.714127
TotalTechnologyAnnualActivityUpperLimit,TECHNOLOGY,SE_DEMRESELCFAN_LOW,SE,2033,0.014291,2858.177571
TotalTechnologyAnnualActivityUpperLimit,TECHNOLOGY,SE_DEMRESELCFAN_LOW,SE,2034,0.014514,2902.722262
TotalTechnologyAnnualActivityUpperLimit,TECHNOLOGY,SE_DEMRESELCFAN_LOW,SE,2035,0.014737,2947.460339
TotalTechnologyAnnualActivityUpperLimit,TECHNOLOGY,SE_DEMRESELCFAN_LOW,SE,2036,0.014998,2999.63046
TotalTechnologyAnnualActivityUpperLimit,TECHNOLOGY,SE_DEMRESELCFAN_LOW,SE,2037,0.015219,3043.734859
TotalTechnologyAnnualActivityUpperLimit,TECHNOLOGY,SE_DEMRESELCFAN_LOW,SE,2038,0.015438,3087.515607
TotalTechnologyAnnualActivityUpperLimit,TECHNOLOGY,SE_DEMRESELCFAN_LOW,SE,2039,0.015653,3130.494275
TotalTechnologyAnnualActivityUpperLimit,TECHNOLOGY,SE_DEMRESELCFAN_LOW,SE,2040,0.015864,3172.794875
TotalTechnologyAnnualActivityUpperLimit,TECHNOLOGY,SE_DEMRESELCFAN_LOW,SE,2041,0.016069,3213.859159
TotalTechnologyAnnualActivityUpperLimit,TECHNOLOGY,SE_DEMRESELCFAN_LOW,SE,2042,0.016273,3254.64668
TotalTechnologyAnnualActivityUpperLimit,TECHNOLOGY,SE_DEMRESELCFAN_LOW,SE,2043,0.016471,3294.196191
TotalTechnologyAnnualActivityUpperLimit,TECHNOLOGY,SE_DEMRESELCFAN_LOW,SE,2044,0.016662,3332.442098
TotalTechnologyAnnualActivityUpperLimit,TECHNOLOGY,SE_DEMRESELCFAN_LOW,SE,2045,0.016847,3369.373623
TotalTechnologyAnnualActivityUpperLimit,TECHNOLOGY,SE_DEMRESELCFAN_LOW,SE,2046,0.017027,3405.419894
TotalTechnologyAnnualActivityUpperLimit,TECHNOLOGY,SE_DEMRESELCFAN_LOW,SE,2047,0.017201,3440.224303
TotalTechnologyAnnualActivityUpperLimit,TECHNOLOGY,SE_DEMRESELCFAN_LOW,SE,2048,0.017368,3473.637808
TotalTechnologyAnnualActivityUpperLimit,TECHNOLOGY,SE_DEMRESELCFAN_LOW,SE,2049,0.017531,3506.186961
TotalTechnologyAnnualActivityUpperLimit,TECHNOLOGY,SE_DEMRESELCFAN_LOW,SE,2050,0.01771,3542.035497
TotalTechnologyAnnualActivityUpperLimit,TECHNOLOGY,SE_DEMRESELCFAN_LOW,SE,2051,0.017879,3575.730802
TotalTechnologyAnnualActivityUpperLimit,TECHNOLOGY,SE_DEMRESELCFAN_LOW,SE,2052,0.018046,3609.128052
TotalTechnologyAnnualActivityUpperLimit,TECHNOLOGY,SE_DEMRESELCFAN_LOW,SE,2053,0.018211,3642.219227
TotalTechnologyAnnualActivityUpperLimit,TECHNOLOGY,SE_DEMRESELCFAN_LOW,SE,2054,0.018375,3674.996359
TotalTechnologyAnnualActivityUpperLimit,TECHNOLOGY,SE_DEMRESELCFAN_MID,SE,2022,0.009248,1849.57841
TotalTechnologyAnnualActivityUpperLimit,TECHNOLOGY,SE_DEMRESELCFAN_MID,SE,2023,0.008222,1644.476542
TotalTechnologyAnnualActivityUpperLimit,TECHNOLOGY,SE_DEMRESELCFAN_MID,SE,2024,0.012373,2474.583732
TotalTechnologyAnnualActivityUpperLimit,TECHNOLOGY,SE_DEMRESELCFAN_MID,SE,2025,0.012758,2551.66029
TotalTechnologyAnnualActivityUpperLimit,TECHNOLOGY,SE_DEMRESELCFAN_MID,SE,2026,0.012922,2584.350626
TotalTechnologyAnnualActivityUpperLimit,TECHNOLOGY,SE_DEMRESELCFAN_MID,SE,2027,0.013095,2618.875279
TotalTechnologyAnnualActivityUpperLimit,TECHNOLOGY,SE_DEMRESELCFAN_MID,SE,2028,0.01327,2654.015081
TotalTechnologyAnnualActivityUpperLimit,TECHNOLOGY,SE_DEMRESELCFAN_MID,SE,2029,0.013454,2690.818709
TotalTechnologyAnnualActivityUpperLimit,TECHNOLOGY,SE_DEMRESELCFAN_MID,SE,2030,0.01365,2730.010298
TotalTechnologyAnnualActivityUpperLimit,TECHNOLOGY,SE_DEMRESELCFAN_MID,SE,2031,0.01386,2771.928846
TotalTechnologyAnnualActivityUpperLimit,TECHNOLOGY,SE_DEMRESELCFAN_MID,SE,2032,0.014074,2814.714127
TotalTechnologyAnnualActivityUpperLimit,TECHNOLOGY,SE_DEMRESELCFAN_MID,SE,2033,0.014291,2858.177571
TotalTechnologyAnnualActivityUpperLimit,TECHNOLOGY,SE_DEMRESELCFAN_MID,SE,2034,0.014514,2902.722262
TotalTechnologyAnnualActivityUpperLimit,TECHNOLOGY,SE_DEMRESELCFAN_MID,SE,2035,0.014737,2947.460339
TotalTechnologyAnnualActivityUpperLimit,TECHNOLOGY,SE_DEMRESELCFAN_MID,SE,2036,0.014998,2999.63046
TotalTechnologyAnnualActivityUpperLimit,TECHNOLOGY,SE_DEMRESELCFAN_MID,SE,2037,0.015219,3043.734859
TotalTechnologyAnnualActivityUpperLimit,TECHNOLOGY,SE_DEMRESELCFAN_MID,SE,2038,0.015438,3087.515607
TotalTechnologyAnnualActivityUpperLimit,TECHNOLOGY,SE_DEMRESELCFAN_MID,SE,2039,0.015653,3130.494275
TotalTechnologyAnnualActivityUpperLimit,TECHNOLOGY,SE_DEMRESELCFAN_MID,SE,2040,0.015864,3172.794875
TotalTechnologyAnnualActivityUpperLimit,TECHNOLOGY,SE_DEMRESELCFAN_MID,SE,2041,0.016069,3213.859159
TotalTechnologyAnnualActivityUpperLimit,TECHNOLOGY,SE_DEMRESELCFAN_MID,SE,2042,0.016273,3254.64668
TotalTechnologyAnnualActivityUpperLimit,TECHNOLOGY,SE_DEMRESELCFAN_MID,SE,2043,0.016471,3294.196191
TotalTechnologyAnnualActivityUpperLimit,TECHNOLOGY,SE_DEMRESELCFAN_MID,SE,2044,0.016662,3332.442098
TotalTechnologyAnnualActivityUpperLimit,TECHNOLOGY,SE_DEMRESELCFAN_MID,SE,2045,0.016847,3369.373623
TotalTechnologyAnnualActivityUpperLimit,TECHNOLOGY,SE_DEMRESELCFAN_MID,SE,2046,0.017027,3405.419894
TotalTechnologyAnnualActivityUpperLimit,TECHNOLOGY,SE_DEMRESELCFAN_MID,SE,2047,0.017201,3440.224303
TotalTechnologyAnnualActivityUpperLimit,TECHNOLOGY,SE_DEMRESELCFAN_MID,SE,2048,0.017368,3473.637808
TotalTechnologyAnnualActivityUpperLimit,TECHNOLOGY,SE_DEMRESELCFAN_MID,SE,2049,0.017531,3506.186961
TotalTechnologyAnnualActivityUpperLimit,TECHNOLOGY,SE_DEMRESELCFAN_MID,SE,2050,0.01771,3542.035497
TotalTechnologyAnnualActivityUpperLimit,TECHNOLOGY,SE_DEMRESELCFAN_MID,SE,2051,0.017879,3575.730802
TotalTechnologyAnnualActivityUpperLimit,TECHNOLOGY,SE_DEMRESELCFAN_MID,SE,2052,0.018046,3609.128052
TotalTechnologyAnnualActivityUpperLimit,TECHNOLOGY,SE_DEMRESELCFAN_MID,SE,2053,0.018211,3642.219227
TotalTechnologyAnnualActivityUpperLimit,TECHNOLOGY,SE_DEMRESELCFAN_MID,SE,2054,0.018375,3674.996359
TotalTechnologyAnnualActivityUpperLimit,TECHNOLOGY,SE_DEMRESELCOTH_HIG,SE,2022,0.004948,6431.826675
TotalTechnologyAnnualActivityUpperLimit,TECHNOLOGY,SE_DEMRESELCOTH_HIG,SE,2023,0.004528,5886.599973
TotalTechnologyAnnualActivityUpperLimit,TECHNOLOGY,SE_DEMRESELCOTH_HIG,SE,2024,0.004532,5891.933217
TotalTechnologyAnnualActivityUpperLimit,TECHNOLOGY,SE_DEMRESELCOTH_HIG,SE,2025,0.004685,6090.127138
TotalTechnologyAnnualActivityUpperLimit,TECHNOLOGY,SE_DEMRESELCOTH_HIG,SE,2026,0.004758,6185.011542
TotalTechnologyAnnualActivityUpperLimit,TECHNOLOGY,SE_DEMRESELCOTH_HIG,SE,2027,0.004835,6285.520978
TotalTechnologyAnnualActivityUpperLimit,TECHNOLOGY,SE_DEMRESELCOTH_HIG,SE,2028,0.004915,6389.310606
TotalTechnologyAnnualActivityUpperLimit,TECHNOLOGY,SE_DEMRESELCOTH_HIG,SE,2029,0.004998,6497.095946
TotalTechnologyAnnualActivityUpperLimit,TECHNOLOGY,SE_DEMRESELCOTH_HIG,SE,2030,0.005086,6612.216189
TotalTechnologyAnnualActivityUpperLimit,TECHNOLOGY,SE_DEMRESELCOTH_HIG,SE,2031,0.005181,6735.326885
TotalTechnologyAnnualActivityUpperLimit,TECHNOLOGY,SE_DEMRESELCOTH_HIG,SE,2032,0.005278,6861.802227
TotalTechnologyAnnualActivityUpperLimit,TECHNOLOGY,SE_DEMRESELCOTH_HIG,SE,2033,0.005377,6989.737107
TotalTechnologyAnnualActivityUpperLimit,TECHNOLOGY,SE_DEMRESELCOTH_HIG,SE,2034,0.005478,7121.884008
TotalTechnologyAnnualActivityUpperLimit,TECHNOLOGY,SE_DEMRESELCOTH_HIG,SE,2035,0.005581,7254.71937
TotalTechnologyAnnualActivityUpperLimit,TECHNOLOGY,SE_DEMRESELCOTH_HIG,SE,2036,0.005708,7419.733452
TotalTechnologyAnnualActivityUpperLimit,TECHNOLOGY,SE_DEMRESELCOTH_HIG,SE,2037,0.005809,7551.585282
TotalTechnologyAnnualActivityUpperLimit,TECHNOLOGY,SE_DEMRESELCOTH_HIG,SE,2038,0.00591,7683.133217
TotalTechnologyAnnualActivityUpperLimit,TECHNOLOGY,SE_DEMRESELCOTH_HIG,SE,2039,0.00601,7812.629309
TotalTechnologyAnnualActivityUpperLimit,TECHNOLOGY,SE_DEMRESELCOTH_HIG,SE,2040,0.006108,7940.732959
TotalTechnologyAnnualActivityUpperLimit,TECHNOLOGY,SE_DEMRESELCOTH_HIG,SE,2041,0.006204,8065.716129
TotalTechnologyAnnualActivityUpperLimit,TECHNOLOGY,SE_DEMRESELCOTH_HIG,SE,2042,0.0063,8190.232576
TotalTechnologyAnnualActivityUpperLimit,TECHNOLOGY,SE_DEMRESELCOTH_HIG,SE,2043,0.006393,8311.018052
TotalTechnologyAnnualActivityUpperLimit,TECHNOLOGY,SE_DEMRESELCOTH_HIG,SE,2044,0.006483,8427.926136
TotalTechnologyAnnualActivityUpperLimit,TECHNOLOGY,SE_DEMRESELCOTH_HIG,SE,2045,0.00657,8541.33441
TotalTechnologyAnnualActivityUpperLimit,TECHNOLOGY,SE_DEMRESELCOTH_HIG,SE,2046,0.006656,8652.353466
TotalTechnologyAnnualActivityUpperLimit,TECHNOLOGY,SE_DEMRESELCOTH_HIG,SE,2047,0.006738,8759.54134
TotalTechnologyAnnualActivityUpperLimit,TECHNOLOGY,SE_DEMRESELCOTH_HIG,SE,2048,0.006817,8861.907911
TotalTechnologyAnnualActivityUpperLimit,TECHNOLOGY,SE_DEMRESELCOTH_HIG,SE,2049,0.006894,8961.966686
TotalTechnologyAnnualActivityUpperLimit,TECHNOLOGY,SE_DEMRESELCOTH_HIG,SE,2050,0.006977,9070.264135
TotalTechnologyAnnualActivityUpperLimit,TECHNOLOGY,SE_DEMRESELCOTH_HIG,SE,2051,0.007056,9172.061257
TotalTechnologyAnnualActivityUpperLimit,TECHNOLOGY,SE_DEMRESELCOTH_HIG,SE,2052,0.007133,9272.414073
TotalTechnologyAnnualActivityUpperLimit,TECHNOLOGY,SE_DEMRESELCOTH_HIG,SE,2053,0.007209,9371.27364
TotalTechnologyAnnualActivityUpperLimit,TECHNOLOGY,SE_DEMRESELCOTH_HIG,SE,2054,0.007284,9468.59105
TotalTechnologyAnnualActivityUpperLimit,TECHNOLOGY,SE_DEMRESELCOTH_LOW,SE,2022,0.004948,6431.826675
TotalTechnologyAnnualActivityUpperLimit,TECHNOLOGY,SE_DEMRESELCOTH_LOW,SE,2023,0.004528,5886.599973
TotalTechnologyAnnualActivityUpperLimit,TECHNOLOGY,SE_DEMRESELCOTH_LOW,SE,2024,0.004532,5891.933217
TotalTechnologyAnnualActivityUpperLimit,TECHNOLOGY,SE_DEMRESELCOTH_LOW,SE,2025,0.004685,6090.127138
TotalTechnologyAnnualActivityUpperLimit,TECHNOLOGY,SE_DEMRESELCOTH_LOW,SE,2026,0.004758,6185.011542
TotalTechnologyAnnualActivityUpperLimit,TECHNOLOGY,SE_DEMRESELCOTH_LOW,SE,2027,0.004835,6285.520978
TotalTechnologyAnnualActivityUpperLimit,TECHNOLOGY,SE_DEMRESELCOTH_LOW,SE,2028,0.004915,6389.310606
TotalTechnologyAnnualActivityUpperLimit,TECHNOLOGY,SE_DEMRESELCOTH_LOW,SE,2029,0.004998,6497.095946
TotalTechnologyAnnualActivityUpperLimit,TECHNOLOGY,SE_DEMRESELCOTH_LOW,SE,2030,0.005086,6612.216189
TotalTechnologyAnnualActivityUpperLimit,TECHNOLOGY,SE_DEMRESELCOTH_LOW,SE,2031,0.005181,6735.326885
TotalTechnologyAnnualActivityUpperLimit,TECHNOLOGY,SE_DEMRESELCOTH_LOW,SE,2032,0.005278,6861.802227
TotalTechnologyAnnualActivityUpperLimit,TECHNOLOGY,SE_DEMRESELCOTH_LOW,SE,2033,0.005377,6989.737107
TotalTechnologyAnnualActivityUpperLimit,TECHNOLOGY,SE_DEMRESELCOTH_LOW,SE,2034,0.005478,7121.884008
TotalTechnologyAnnualActivityUpperLimit,TECHNOLOGY,SE_DEMRESELCOTH_LOW,SE,2035,0.005581,7254.71937
TotalTechnologyAnnualActivityUpperLimit,TECHNOLOGY,SE_DEMRESELCOTH_LOW,SE,2036,0.005708,7419.733452
TotalTechnologyAnnualActivityUpperLimit,TECHNOLOGY,SE_DEMRESELCOTH_LOW,SE,2037,0.005809,7551.585282
TotalTechnologyAnnualActivityUpperLimit,TECHNOLOGY,SE_DEMRESELCOTH_LOW,SE,2038,0.00591,7683.133217
TotalTechnologyAnnualActivityUpperLimit,TECHNOLOGY,SE_DEMRESELCOTH_LOW,SE,2039,0.00601,7812.629309
TotalTechnologyAnnualActivityUpperLimit,TECHNOLOGY,SE_DEMRESELCOTH_LOW,SE,2040,0.006108,7940.732959
TotalTechnologyAnnualActivityUpperLimit,TECHNOLOGY,SE_DEMRESELCOTH_LOW,SE,2041,0.006204,8065.716129
TotalTechnologyAnnualActivityUpperLimit,TECHNOLOGY,SE_DEMRESELCOTH_LOW,SE,2042,0.0063,8190.232576
TotalTechnologyAnnualActivityUpperLimit,TECHNOLOGY,SE_DEMRESELCOTH_LOW,SE,2043,0.006393,8311.018052
TotalTechnologyAnnualActivityUpperLimit,TECHNOLOGY,SE_DEMRESELCOTH_LOW,SE,2044,0.006483,8427.926136
TotalTechnologyAnnualActivityUpperLimit,TECHNOLOGY,SE_DEMRESELCOTH_LOW,SE,2045,0.00657,8541.33441
TotalTechnologyAnnualActivityUpperLimit,TECHNOLOGY,SE_DEMRESELCOTH_LOW,SE,2046,0.006656,8652.353466
TotalTechnologyAnnualActivityUpperLimit,TECHNOLOGY,SE_DEMRESELCOTH_LOW,SE,2047,0.006738,8759.54134
TotalTechnologyAnnualActivityUpperLimit,TECHNOLOGY,SE_DEMRESELCOTH_LOW,SE,2048,0.006817,8861.907911
TotalTechnologyAnnualActivityUpperLimit,TECHNOLOGY,SE_DEMRESELCOTH_LOW,SE,2049,0.006894,8961.966686
TotalTechnologyAnnualActivityUpperLimit,TECHNOLOGY,SE_DEMRESELCOTH_LOW,SE,2050,0.006977,9070.264135
TotalTechnologyAnnualActivityUpperLimit,TECHNOLOGY,SE_DEMRESELCOTH_LOW,SE,2051,0.007056,9172.061257
TotalTechnologyAnnualActivityUpperLimit,TECHNOLOGY,SE_DEMRESELCOTH_LOW,SE,2052,0.007133,9272.414073
TotalTechnologyAnnualActivityUpperLimit,TECHNOLOGY,SE_DEMRESELCOTH_LOW,SE,2053,0.007209,9371.27364
TotalTechnologyAnnualActivityUpperLimit,TECHNOLOGY,SE_DEMRESELCOTH_LOW,SE,2054,0.007284,9468.59105
TotalTechnologyAnnualActivityUpperLimit,TECHNOLOGY,SE_DEMRESELCOTH_MID,SE,2022,0.004086,6946.100755
TotalTechnologyAnnualActivityUpperLimit,TECHNOLOGY,SE_DEMRESELCOTH_MID,SE,2023,0.003835,6520.218478
TotalTechnologyAnnualActivityUpperLimit,TECHNOLOGY,SE_DEMRESELCOTH_MID,SE,2024,0.003843,6532.805529
TotalTechnologyAnnualActivityUpperLimit,TECHNOLOGY,SE_DEMRESELCOTH_MID,SE,2025,0.004187,6699.661429
TotalTechnologyAnnualActivityUpperLimit,TECHNOLOGY,SE_DEMRESELCOTH_MID,SE,2026,0.004252,6803.683309
TotalTechnologyAnnualActivityUpperLimit,TECHNOLOGY,SE_DEMRESELCOTH_MID,SE,2027,0.004321,6913.811604
TotalTechnologyAnnualActivityUpperLimit,TECHNOLOGY,SE_DEMRESELCOTH_MID,SE,2028,0.004392,7027.433084
TotalTechnologyAnnualActivityUpperLimit,TECHNOLOGY,SE_DEMRESELCOTH_MID,SE,2029,0.004466,7145.464218
TotalTechnologyAnnualActivityUpperLimit,TECHNOLOGY,SE_DEMRESELCOTH_MID,SE,2030,0.004545,7271.490186
TotalTechnologyAnnualActivityUpperLimit,TECHNOLOGY,SE_DEMRESELCOTH_MID,SE,2031,0.004629,7406.252319
TotalTechnologyAnnualActivityUpperLimit,TECHNOLOGY,SE_DEMRESELCOTH_MID,SE,2032,0.004715,7544.659843
TotalTechnologyAnnualActivityUpperLimit,TECHNOLOGY,SE_DEMRESELCOTH_MID,SE,2033,0.004803,7684.724096
TotalTechnologyAnnualActivityUpperLimit,TECHNOLOGY,SE_DEMRESELCOTH_MID,SE,2034,0.004893,7829.336517
TotalTechnologyAnnualActivityUpperLimit,TECHNOLOGY,SE_DEMRESELCOTH_MID,SE,2035,0.005274,7910.262728
TotalTechnologyAnnualActivityUpperLimit,TECHNOLOGY,SE_DEMRESELCOTH_MID,SE,2036,0.005393,8090.030881
TotalTechnologyAnnualActivityUpperLimit,TECHNOLOGY,SE_DEMRESELCOTH_MID,SE,2037,0.005489,8233.653144
TotalTechnologyAnnualActivityUpperLimit,TECHNOLOGY,SE_DEMRESELCOTH_MID,SE,2038,0.005585,8376.938528
TotalTechnologyAnnualActivityUpperLimit,TECHNOLOGY,SE_DEMRESELCOTH_MID,SE,2039,0.005679,8517.999307
TotalTechnologyAnnualActivityUpperLimit,TECHNOLOGY,SE_DEMRESELCOTH_MID,SE,2040,0.005772,8657.528226
TotalTechnologyAnnualActivityUpperLimit,TECHNOLOGY,SE_DEMRESELCOTH_MID,SE,2041,0.005863,8793.683468
TotalTechnologyAnnualActivityUpperLimit,TECHNOLOGY,SE_DEMRESELCOTH_MID,SE,2042,0.005953,8929.346664
TotalTechnologyAnnualActivityUpperLimit,TECHNOLOGY,SE_DEMRESELCOTH_MID,SE,2043,0.006041,9060.949306
TotalTechnologyAnnualActivityUpperLimit,TECHNOLOGY,SE_DEMRESELCOTH_MID,SE,2044,0.006126,9188.345439
TotalTechnologyAnnualActivityUpperLimit,TECHNOLOGY,SE_DEMRESELCOTH_MID,SE,2045,0.006208,9311.933856
TotalTechnologyAnnualActivityUpperLimit,TECHNOLOGY,SE_DEMRESELCOTH_MID,SE,2046,0.006289,9432.900389
TotalTechnologyAnnualActivityUpperLimit,TECHNOLOGY,SE_DEMRESELCOTH_MID,SE,2047,0.006367,9549.71425
TotalTechnologyAnnualActivityUpperLimit,TECHNOLOGY,SE_DEMRESELCOTH_MID,SE,2048,0.006441,9661.249775
TotalTechnologyAnnualActivityUpperLimit,TECHNOLOGY,SE_DEMRESELCOTH_MID,SE,2049,0.006514,9770.292651
TotalTechnologyAnnualActivityUpperLimit,TECHNOLOGY,SE_DEMRESELCOTH_MID,SE,2050,0.006592,9888.347196
TotalTechnologyAnnualActivityUpperLimit,TECHNOLOGY,SE_DEMRESELCOTH_MID,SE,2051,0.006666,9999.312324
TotalTechnologyAnnualActivityUpperLimit,TECHNOLOGY,SE_DEMRESELCOTH_MID,SE,2052,0.006739,10108.711759
TotalTechnologyAnnualActivityUpperLimit,TECHNOLOGY,SE_DEMRESELCOTH_MID,SE,2053,0.006811,10216.491486
TotalTechnologyAnnualActivityUpperLimit,TECHNOLOGY,SE_DEMRESELCOTH_MID,SE,2054,0.006882,10322.597519
TotalTechnologyAnnualActivityUpperLimit,TECHNOLOGY,SE_DEMRESELCREF_HIG,SE,2022,0.004596,919.209712
TotalTechnologyAnnualActivityUpperLimit,TECHNOLOGY,SE_DEMRESELCREF_HIG,SE,2023,0.004528,905.619512
TotalTechnologyAnnualActivityUpperLimit,TECHNOLOGY,SE_DEMRESELCREF_HIG,SE,2024,0.005047,1009.366619
TotalTechnologyAnnualActivityUpperLimit,TECHNOLOGY,SE_DEMRESELCREF_HIG,SE,2025,0.005266,1053.235768
TotalTechnologyAnnualActivityUpperLimit,TECHNOLOGY,SE_DEMRESELCREF_HIG,SE,2026,0.005344,1068.705669
TotalTechnologyAnnualActivityUpperLimit,TECHNOLOGY,SE_DEMRESELCREF_HIG,SE,2027,0.005425,1084.952553
TotalTechnologyAnnualActivityUpperLimit,TECHNOLOGY,SE_DEMRESELCREF_HIG,SE,2028,0.005507,1101.445481
TotalTechnologyAnnualActivityUpperLimit,TECHNOLOGY,SE_DEMRESELCREF_HIG,SE,2029,0.005594,1118.691307
TotalTechnologyAnnualActivityUpperLimit,TECHNOLOGY,SE_DEMRESELCREF_HIG,SE,2030,0.005685,1136.937855
TotalTechnologyAnnualActivityUpperLimit,TECHNOLOGY,SE_DEMRESELCREF_HIG,SE,2031,0.005782,1156.354726
TotalTechnologyAnnualActivityUpperLimit,TECHNOLOGY,SE_DEMRESELCREF_HIG,SE,2032,0.005881,1176.145763
TotalTechnologyAnnualActivityUpperLimit,TECHNOLOGY,SE_DEMRESELCREF_HIG,SE,2033,0.005981,1196.269468
TotalTechnologyAnnualActivityUpperLimit,TECHNOLOGY,SE_DEMRESELCREF_HIG,SE,2034,0.006084,1216.844073
TotalTechnologyAnnualActivityUpperLimit,TECHNOLOGY,SE_DEMRESELCREF_HIG,SE,2035,0.006188,1237.518368
TotalTechnologyAnnualActivityUpperLimit,TECHNOLOGY,SE_DEMRESELCREF_HIG,SE,2036,0.006304,1260.785095
TotalTechnologyAnnualActivityUpperLimit,TECHNOLOGY,SE_DEMRESELCREF_HIG,SE,2037,0.006407,1281.303946
TotalTechnologyAnnualActivityUpperLimit,TECHNOLOGY,SE_DEMRESELCREF_HIG,SE,2038,0.006509,1301.716951
TotalTechnologyAnnualActivityUpperLimit,TECHNOLOGY,SE_DEMRESELCREF_HIG,SE,2039,0.006609,1321.85382
TotalTechnologyAnnualActivityUpperLimit,TECHNOLOGY,SE_DEMRESELCREF_HIG,SE,2040,0.006709,1341.755673
TotalTechnologyAnnualActivityUpperLimit,TECHNOLOGY,SE_DEMRESELCREF_HIG,SE,2041,0.006806,1361.18988
TotalTechnologyAnnualActivityUpperLimit,TECHNOLOGY,SE_DEMRESELCREF_HIG,SE,2042,0.006903,1380.550176
TotalTechnologyAnnualActivityUpperLimit,TECHNOLOGY,SE_DEMRESELCREF_HIG,SE,2043,0.006997,1399.464722
TotalTechnologyAnnualActivityUpperLimit,TECHNOLOGY,SE_DEMRESELCREF_HIG,SE,2044,0.00709,1417.888947
TotalTechnologyAnnualActivityUpperLimit,TECHNOLOGY,SE_DEMRESELCREF_HIG,SE,2045,0.007179,1435.79356
TotalTechnologyAnnualActivityUpperLimit,TECHNOLOGY,SE_DEMRESELCREF_HIG,SE,2046,0.007267,1453.385905
TotalTechnologyAnnualActivityUpperLimit,TECHNOLOGY,SE_DEMRESELCREF_HIG,SE,2047,0.007353,1470.494781
TotalTechnologyAnnualActivityUpperLimit,TECHNOLOGY,SE_DEMRESELCREF_HIG,SE,2048,0.007435,1487.081138
TotalTechnologyAnnualActivityUpperLimit,TECHNOLOGY,SE_DEMRESELCREF_HIG,SE,2049,0.007516,1503.266144
TotalTechnologyAnnualActivityUpperLimit,TECHNOLOGY,SE_DEMRESELCREF_HIG,SE,2050,0.007604,1520.864645
TotalTechnologyAnnualActivityUpperLimit,TECHNOLOGY,SE_DEMRESELCREF_HIG,SE,2051,0.007688,1537.579562
TotalTechnologyAnnualActivityUpperLimit,TECHNOLOGY,SE_DEMRESELCREF_HIG,SE,2052,0.007771,1554.181784
TotalTechnologyAnnualActivityUpperLimit,TECHNOLOGY,SE_DEMRESELCREF_HIG,SE,2053,0.007853,1570.665798
TotalTechnologyAnnualActivityUpperLimit,TECHNOLOGY,SE_DEMRESELCREF_HIG,SE,2054,0.007935,1587.0261
TotalTechnologyAnnualActivityUpperLimit,TECHNOLOGY,SE_DEMRESELCREF_LOW,SE,2022,0.004596,919.209712
TotalTechnologyAnnualActivityUpperLimit,TECHNOLOGY,SE_DEMRESELCREF_LOW,SE,2023,0.004528,905.619512
TotalTechnologyAnnualActivityUpperLimit,TECHNOLOGY,SE_DEMRESELCREF_LOW,SE,2024,0.005047,1009.366619
TotalTechnologyAnnualActivityUpperLimit,TECHNOLOGY,SE_DEMRESELCREF_LOW,SE,2025,0.005266,1053.235768
TotalTechnologyAnnualActivityUpperLimit,TECHNOLOGY,SE_DEMRESELCREF_LOW,SE,2026,0.005344,1068.705669
TotalTechnologyAnnualActivityUpperLimit,TECHNOLOGY,SE_DEMRESELCREF_LOW,SE,2027,0.005425,1084.952553
TotalTechnologyAnnualActivityUpperLimit,TECHNOLOGY,SE_DEMRESELCREF_LOW,SE,2028,0.005507,1101.445481
TotalTechnologyAnnualActivityUpperLimit,TECHNOLOGY,SE_DEMRESELCREF_LOW,SE,2029,0.005594,1118.691307
TotalTechnologyAnnualActivityUpperLimit,TECHNOLOGY,SE_DEMRESELCREF_LOW,SE,2030,0.005685,1136.937855
TotalTechnologyAnnualActivityUpperLimit,TECHNOLOGY,SE_DEMRESELCREF_LOW,SE,2031,0.005782,1156.354726
TotalTechnologyAnnualActivityUpperLimit,TECHNOLOGY,SE_DEMRESELCREF_LOW,SE,2032,0.005881,1176.145763
TotalTechnologyAnnualActivityUpperLimit,TECHNOLOGY,SE_DEMRESELCREF_LOW,SE,2033,0.005981,1196.269468
TotalTechnologyAnnualActivityUpperLimit,TECHNOLOGY,SE_DEMRESELCREF_LOW,SE,2034,0.006084,1216.844073
TotalTechnologyAnnualActivityUpperLimit,TECHNOLOGY,SE_DEMRESELCREF_LOW,SE,2035,0.006188,1237.518368
TotalTechnologyAnnualActivityUpperLimit,TECHNOLOGY,SE_DEMRESELCREF_LOW,SE,2036,0.006304,1260.785095
TotalTechnologyAnnualActivityUpperLimit,TECHNOLOGY,SE_DEMRESELCREF_LOW,SE,2037,0.006407,1281.303946
TotalTechnologyAnnualActivityUpperLimit,TECHNOLOGY,SE_DEMRESELCREF_LOW,SE,2038,0.006509,1301.716951
TotalTechnologyAnnualActivityUpperLimit,TECHNOLOGY,SE_DEMRESELCREF_LOW,SE,2039,0.006609,1321.85382
TotalTechnologyAnnualActivityUpperLimit,TECHNOLOGY,SE_DEMRESELCREF_LOW,SE,2040,0.006709,1341.755673
TotalTechnologyAnnualActivityUpperLimit,TECHNOLOGY,SE_DEMRESELCREF_LOW,SE,2041,0.006806,1361.18988
TotalTechnologyAnnualActivityUpperLimit,TECHNOLOGY,SE_DEMRESELCREF_LOW,SE,2042,0.006903,1380.550176
TotalTechnologyAnnualActivityUpperLimit,TECHNOLOGY,SE_DEMRESELCREF_LOW,SE,2043,0.006997,1399.464722
TotalTechnologyAnnualActivityUpperLimit,TECHNOLOGY,SE_DEMRESELCREF_LOW,SE,2044,0.00709,1417.888947
TotalTechnologyAnnualActivityUpperLimit,TECHNOLOGY,SE_DEMRESELCREF_LOW,SE,2045,0.007179,1435.79356
TotalTechnologyAnnualActivityUpperLimit,TECHNOLOGY,SE_DEMRESELCREF_LOW,SE,2046,0.007267,1453.385905
TotalTechnologyAnnualActivityUpperLimit,TECHNOLOGY,SE_DEMRESELCREF_LOW,SE,2047,0.007353,1470.494781
TotalTechnologyAnnualActivityUpperLimit,TECHNOLOGY,SE_DEMRESELCREF_LOW,SE,2048,0.007435,1487.081138
TotalTechnologyAnnualActivityUpperLimit,TECHNOLOGY,SE_DEMRESELCREF_LOW,SE,2049,0.007516,1503.266144
TotalTechnologyAnnualActivityUpperLimit,TECHNOLOGY,SE_DEMRESELCREF_LOW,SE,2050,0.007604,1520.864645
TotalTechnologyAnnualActivityUpperLimit,TECHNOLOGY,SE_DEMRESELCREF_LOW,SE,2051,0.007688,1537.579562
TotalTechnologyAnnualActivityUpperLimit,TECHNOLOGY,SE_DEMRESELCREF_LOW,SE,2052,0.007771,1554.181784
TotalTechnologyAnnualActivityUpperLimit,TECHNOLOGY,SE_DEMRESELCREF_LOW,SE,2053,0.007853,1570.665798
TotalTechnologyAnnualActivityUpperLimit,TECHNOLOGY,SE_DEMRESELCREF_LOW,SE,2054,0.007935,1587.0261
TotalTechnologyAnnualActivityUpperLimit,TECHNOLOGY,SE_DEMRESELCREF_MID,SE,2022,0.004596,919.209712
TotalTechnologyAnnualActivityUpperLimit,TECHNOLOGY,SE_DEMRESELCREF_MID,SE,2023,0.004528,905.619512
TotalTechnologyAnnualActivityUpperLimit,TECHNOLOGY,SE_DEMRESELCREF_MID,SE,2024,0.005047,1009.366619
TotalTechnologyAnnualActivityUpperLimit,TECHNOLOGY,SE_DEMRESELCREF_MID,SE,2025,0.005266,1053.235768
TotalTechnologyAnnualActivityUpperLimit,TECHNOLOGY,SE_DEMRESELCREF_MID,SE,2026,0.005344,1068.705669
TotalTechnologyAnnualActivityUpperLimit,TECHNOLOGY,SE_DEMRESELCREF_MID,SE,2027,0.005425,1084.952553
TotalTechnologyAnnualActivityUpperLimit,TECHNOLOGY,SE_DEMRESELCREF_MID,SE,2028,0.005507,1101.445481
TotalTechnologyAnnualActivityUpperLimit,TECHNOLOGY,SE_DEMRESELCREF_MID,SE,2029,0.005594,1118.691307
TotalTechnologyAnnualActivityUpperLimit,TECHNOLOGY,SE_DEMRESELCREF_MID,SE,2030,0.005685,1136.937855
TotalTechnologyAnnualActivityUpperLimit,TECHNOLOGY,SE_DEMRESELCREF_MID,SE,2031,0.005782,1156.354726
TotalTechnologyAnnualActivityUpperLimit,TECHNOLOGY,SE_DEMRESELCREF_MID,SE,2032,0.005881,1176.145763
TotalTechnologyAnnualActivityUpperLimit,TECHNOLOGY,SE_DEMRESELCREF_MID,SE,2033,0.005981,1196.269468
TotalTechnologyAnnualActivityUpperLimit,TECHNOLOGY,SE_DEMRESELCREF_MID,SE,2034,0.006084,1216.844073
TotalTechnologyAnnualActivityUpperLimit,TECHNOLOGY,SE_DEMRESELCREF_MID,SE,2035,0.006188,1237.518368
TotalTechnologyAnnualActivityUpperLimit,TECHNOLOGY,SE_DEMRESELCREF_MID,SE,2036,0.006304,1260.785095
TotalTechnologyAnnualActivityUpperLimit,TECHNOLOGY,SE_DEMRESELCREF_MID,SE,2037,0.006407,1281.303946
TotalTechnologyAnnualActivityUpperLimit,TECHNOLOGY,SE_DEMRESELCREF_MID,SE,2038,0.006509,1301.716951
TotalTechnologyAnnualActivityUpperLimit,TECHNOLOGY,SE_DEMRESELCREF_MID,SE,2039,0.006609,1321.85382
TotalTechnologyAnnualActivityUpperLimit,TECHNOLOGY,SE_DEMRESELCREF_MID,SE,2040,0.006709,1341.755673
TotalTechnologyAnnualActivityUpperLimit,TECHNOLOGY,SE_DEMRESELCREF_MID,SE,2041,0.006806,1361.18988
TotalTechnologyAnnualActivityUpperLimit,TECHNOLOGY,SE_DEMRESELCREF_MID,SE,2042,0.006903,1380.550176
TotalTechnologyAnnualActivityUpperLimit,TECHNOLOGY,SE_DEMRESELCREF_MID,SE,2043,0.006997,1399.464722
TotalTechnologyAnnualActivityUpperLimit,TECHNOLOGY,SE_DEMRESELCREF_MID,SE,2044,0.00709,1417.888947
TotalTechnologyAnnualActivityUpperLimit,TECHNOLOGY,SE_DEMRESELCREF_MID,SE,2045,0.007179,1435.79356
TotalTechnologyAnnualActivityUpperLimit,TECHNOLOGY,SE_DEMRESELCREF_MID,SE,2046,0.007267,1453.385905
TotalTechnologyAnnualActivityUpperLimit,TECHNOLOGY,SE_DEMRESELCREF_MID,SE,2047,0.007353,1470.494781
TotalTechnologyAnnualActivityUpperLimit,TECHNOLOGY,SE_DEMRESELCREF_MID,SE,2048,0.007435,1487.081138
TotalTechnologyAnnualActivityUpperLimit,TECHNOLOGY,SE_DEMRESELCREF_MID,SE,2049,0.007516,1503.266144
TotalTechnologyAnnualActivityUpperLimit,TECHNOLOGY,SE_DEMRESELCREF_MID,SE,2050,0.007604,1520.864645
TotalTechnologyAnnualActivityUpperLimit,TECHNOLOGY,SE_DEMRESELCREF_MID,SE,2051,0.007688,1537.579562
TotalTechnologyAnnualActivityUpperLimit,TECHNOLOGY,SE_DEMRESELCREF_MID,SE,2052,0.007771,1554.181784
TotalTechnologyAnnualActivityUpperLimit,TECHNOLOGY,SE_DEMRESELCREF_MID,SE,2053,0.007853,1570.665798
TotalTechnologyAnnualActivityUpperLimit,TECHNOLOGY,SE_DEMRESELCREF_MID,SE,2054,0.007935,1587.0261
TotalTechnologyAnnualActivityUpperLimit,TECHNOLOGY,SE_DEMRESLPGCKN_HIG,SE,2022,0.003413,682.564969
TotalTechnologyAnnualActivityUpperLimit,TECHNOLOGY,SE_DEMRESLPGCKN_HIG,SE,2023,0.003743,748.657107
TotalTechnologyAnnualActivityUpperLimit,TECHNOLOGY,SE_DEMRESLPGCKN_HIG,SE,2024,0.003646,729.181119
TotalTechnologyAnnualActivityUpperLimit,TECHNOLOGY,SE_DEMRESLPGCKN_HIG,SE,2025,0.003799,759.78607
TotalTechnologyAnnualActivityUpperLimit,TECHNOLOGY,SE_DEMRESLPGCKN_HIG,SE,2026,0.003853,770.557324
TotalTechnologyAnnualActivityUpperLimit,TECHNOLOGY,SE_DEMRESLPGCKN_HIG,SE,2027,0.003909,781.752329
TotalTechnologyAnnualActivityUpperLimit,TECHNOLOGY,SE_DEMRESLPGCKN_HIG,SE,2028,0.003964,792.739118
TotalTechnologyAnnualActivityUpperLimit,TECHNOLOGY,SE_DEMRESLPGCKN_HIG,SE,2029,0.004022,804.484717
TotalTechnologyAnnualActivityUpperLimit,TECHNOLOGY,SE_DEMRESLPGCKN_HIG,SE,2030,0.004083,816.577136
TotalTechnologyAnnualActivityUpperLimit,TECHNOLOGY,SE_DEMRESLPGCKN_HIG,SE,2031,0.004146,829.17281
TotalTechnologyAnnualActivityUpperLimit,TECHNOLOGY,SE_DEMRESLPGCKN_HIG,SE,2032,0.004208,841.631532
TotalTechnologyAnnualActivityUpperLimit,TECHNOLOGY,SE_DEMRESLPGCKN_HIG,SE,2033,0.004272,854.350029
TotalTechnologyAnnualActivityUpperLimit,TECHNOLOGY,SE_DEMRESLPGCKN_HIG,SE,2034,0.004335,866.969312
TotalTechnologyAnnualActivityUpperLimit,TECHNOLOGY,SE_DEMRESLPGCKN_HIG,SE,2035,0.004397,879.460781
TotalTechnologyAnnualActivityUpperLimit,TECHNOLOGY,SE_DEMRESLPGCKN_HIG,SE,2036,0.004439,887.828038
TotalTechnologyAnnualActivityUpperLimit,TECHNOLOGY,SE_DEMRESLPGCKN_HIG,SE,2037,0.004501,900.129559
TotalTechnologyAnnualActivityUpperLimit,TECHNOLOGY,SE_DEMRESLPGCKN_HIG,SE,2038,0.004562,912.300599
TotalTechnologyAnnualActivityUpperLimit,TECHNOLOGY,SE_DEMRESLPGCKN_HIG,SE,2039,0.004622,924.416684
TotalTechnologyAnnualActivityUpperLimit,TECHNOLOGY,SE_DEMRESLPGCKN_HIG,SE,2040,0.004682,936.442821
TotalTechnologyAnnualActivityUpperLimit,TECHNOLOGY,SE_DEMRESLPGCKN_HIG,SE,2041,0.004741,948.179713
TotalTechnologyAnnualActivityUpperLimit,TECHNOLOGY,SE_DEMRESLPGCKN_HIG,SE,2042,0.004799,959.820071
TotalTechnologyAnnualActivityUpperLimit,TECHNOLOGY,SE_DEMRESLPGCKN_HIG,SE,2043,0.004858,971.519377
TotalTechnologyAnnualActivityUpperLimit,TECHNOLOGY,SE_DEMRESLPGCKN_HIG,SE,2044,0.004916,983.143663
TotalTechnologyAnnualActivityUpperLimit,TECHNOLOGY,SE_DEMRESLPGCKN_HIG,SE,2045,0.004973,994.515456
TotalTechnologyAnnualActivityUpperLimit,TECHNOLOGY,SE_DEMRESLPGCKN_HIG,SE,2046,0.00503,1005.931982
TotalTechnologyAnnualActivityUpperLimit,TECHNOLOGY,SE_DEMRESLPGCKN_HIG,SE,2047,0.005086,1017.216142
TotalTechnologyAnnualActivityUpperLimit,TECHNOLOGY,SE_DEMRESLPGCKN_HIG,SE,2048,0.005144,1028.798625
TotalTechnologyAnnualActivityUpperLimit,TECHNOLOGY,SE_DEMRESLPGCKN_HIG,SE,2049,0.0052,1039.965206
TotalTechnologyAnnualActivityUpperLimit,TECHNOLOGY,SE_DEMRESLPGCKN_HIG,SE,2050,0.005261,1052.102808
TotalTechnologyAnnualActivityUpperLimit,TECHNOLOGY,SE_DEMRESLPGCKN_HIG,SE,2051,0.00532,1064.024567
TotalTechnologyAnnualActivityUpperLimit,TECHNOLOGY,SE_DEMRESLPGCKN_HIG,SE,2052,0.00538,1076.087246
TotalTechnologyAnnualActivityUpperLimit,TECHNOLOGY,SE_DEMRESLPGCKN_HIG,SE,2053,0.005442,1088.29356
TotalTechnologyAnnualActivityUpperLimit,TECHNOLOGY,SE_DEMRESLPGCKN_HIG,SE,2054,0.005503,1100.646265
TotalTechnologyAnnualActivityUpperLimit,TECHNOLOGY,SE_DEMRESLPGCKN_LOW,SE,2022,0.003413,682.564969
TotalTechnologyAnnualActivityUpperLimit,TECHNOLOGY,SE_DEMRESLPGCKN_LOW,SE,2023,0.003743,748.657107
TotalTechnologyAnnualActivityUpperLimit,TECHNOLOGY,SE_DEMRESLPGCKN_LOW,SE,2024,0.003646,729.181119
TotalTechnologyAnnualActivityUpperLimit,TECHNOLOGY,SE_DEMRESLPGCKN_LOW,SE,2025,0.003799,759.78607
TotalTechnologyAnnualActivityUpperLimit,TECHNOLOGY,SE_DEMRESLPGCKN_LOW,SE,2026,0.003853,770.557324
TotalTechnologyAnnualActivityUpperLimit,TECHNOLOGY,SE_DEMRESLPGCKN_LOW,SE,2027,0.003909,781.752329
TotalTechnologyAnnualActivityUpperLimit,TECHNOLOGY,SE_DEMRESLPGCKN_LOW,SE,2028,0.003964,792.739118
TotalTechnologyAnnualActivityUpperLimit,TECHNOLOGY,SE_DEMRESLPGCKN_LOW,SE,2029,0.004022,804.484717
TotalTechnologyAnnualActivityUpperLimit,TECHNOLOGY,SE_DEMRESLPGCKN_LOW,SE,2030,0.004083,816.577136
TotalTechnologyAnnualActivityUpperLimit,TECHNOLOGY,SE_DEMRESLPGCKN_LOW,SE,2031,0.004146,829.17281
TotalTechnologyAnnualActivityUpperLimit,TECHNOLOGY,SE_DEMRESLPGCKN_LOW,SE,2032,0.004208,841.631532
TotalTechnologyAnnualActivityUpperLimit,TECHNOLOGY,SE_DEMRESLPGCKN_LOW,SE,2033,0.004272,854.350029
TotalTechnologyAnnualActivityUpperLimit,TECHNOLOGY,SE_DEMRESLPGCKN_LOW,SE,2034,0.004335,866.969312
TotalTechnologyAnnualActivityUpperLimit,TECHNOLOGY,SE_DEMRESLPGCKN_LOW,SE,2035,0.004397,879.460781
TotalTechnologyAnnualActivityUpperLimit,TECHNOLOGY,SE_DEMRESLPGCKN_LOW,SE,2036,0.004439,887.828038
TotalTechnologyAnnualActivityUpperLimit,TECHNOLOGY,SE_DEMRESLPGCKN_LOW,SE,2037,0.004501,900.129559
TotalTechnologyAnnualActivityUpperLimit,TECHNOLOGY,SE_DEMRESLPGCKN_LOW,SE,2038,0.004562,912.300599
TotalTechnologyAnnualActivityUpperLimit,TECHNOLOGY,SE_DEMRESLPGCKN_LOW,SE,2039,0.004622,924.416684
TotalTechnologyAnnualActivityUpperLimit,TECHNOLOGY,SE_DEMRESLPGCKN_LOW,SE,2040,0.004682,936.442821
TotalTechnologyAnnualActivityUpperLimit,TECHNOLOGY,SE_DEMRESLPGCKN_LOW,SE,2041,0.004741,948.179713
TotalTechnologyAnnualActivityUpperLimit,TECHNOLOGY,SE_DEMRESLPGCKN_LOW,SE,2042,0.004799,959.820071
TotalTechnologyAnnualActivityUpperLimit,TECHNOLOGY,SE_DEMRESLPGCKN_LOW,SE,2043,0.004858,971.519377
TotalTechnologyAnnualActivityUpperLimit,TECHNOLOGY,SE_DEMRESLPGCKN_LOW,SE,2044,0.004916,983.143663
TotalTechnologyAnnualActivityUpperLimit,TECHNOLOGY,SE_DEMRESLPGCKN_LOW,SE,2045,0.004973,994.515456
TotalTechnologyAnnualActivityUpperLimit,TECHNOLOGY,SE_DEMRESLPGCKN_LOW,SE,2046,0.00503,1005.931982
TotalTechnologyAnnualActivityUpperLimit,TECHNOLOGY,SE_DEMRESLPGCKN_LOW,SE,2047,0.005086,1017.216142
TotalTechnologyAnnualActivityUpperLimit,TECHNOLOGY,SE_DEMRESLPGCKN_LOW,SE,2048,0.005144,1028.798625
TotalTechnologyAnnualActivityUpperLimit,TECHNOLOGY,SE_DEMRESLPGCKN_LOW,SE,2049,0.0052,1039.965206
TotalTechnologyAnnualActivityUpperLimit,TECHNOLOGY,SE_DEMRESLPGCKN_LOW,SE,2050,0.005261,1052.102808
TotalTechnologyAnnualActivityUpperLimit,TECHNOLOGY,SE_DEMRESLPGCKN_LOW,SE,2051,0.00532,1064.024567
TotalTechnologyAnnualActivityUpperLimit,TECHNOLOGY,SE_DEMRESLPGCKN_LOW,SE,2052,0.00538,1076.087246
TotalTechnologyAnnualActivityUpperLimit,TECHNOLOGY,SE_DEMRESLPGCKN_LOW,SE,2053,0.005442,1088.29356
TotalTechnologyAnnualActivityUpperLimit,TECHNOLOGY,SE_DEMRESLPGCKN_LOW,SE,2054,0.005503,1100.646265
TotalTechnologyAnnualActivityUpperLimit,TECHNOLOGY,SE_DEMRESLPGCKN_MID,SE,2022,0.003413,682.564969
TotalTechnologyAnnualActivityUpperLimit,TECHNOLOGY,SE_DEMRESLPGCKN_MID,SE,2023,0.003743,748.657107
TotalTechnologyAnnualActivityUpperLimit,TECHNOLOGY,SE_DEMRESLPGCKN_MID,SE,2024,0.003646,729.181119
TotalTechnologyAnnualActivityUpperLimit,TECHNOLOGY,SE_DEMRESLPGCKN_MID,SE,2025,0.003799,759.78607
TotalTechnologyAnnualActivityUpperLimit,TECHNOLOGY,SE_DEMRESLPGCKN_MID,SE,2026,0.003853,770.557324
TotalTechnologyAnnualActivityUpperLimit,TECHNOLOGY,SE_DEMRESLPGCKN_MID,SE,2027,0.003909,781.752329
TotalTechnologyAnnualActivityUpperLimit,TECHNOLOGY,SE_DEMRESLPGCKN_MID,SE,2028,0.003964,792.739118
TotalTechnologyAnnualActivityUpperLimit,TECHNOLOGY,SE_DEMRESLPGCKN_MID,SE,2029,0.004022,804.484717
TotalTechnologyAnnualActivityUpperLimit,TECHNOLOGY,SE_DEMRESLPGCKN_MID,SE,2030,0.004083,816.577136
TotalTechnologyAnnualActivityUpperLimit,TECHNOLOGY,SE_DEMRESLPGCKN_MID,SE,2031,0.004146,829.17281
TotalTechnologyAnnualActivityUpperLimit,TECHNOLOGY,SE_DEMRESLPGCKN_MID,SE,2032,0.004208,841.631532
TotalTechnologyAnnualActivityUpperLimit,TECHNOLOGY,SE_DEMRESLPGCKN_MID,SE,2033,0.004272,854.350029
TotalTechnologyAnnualActivityUpperLimit,TECHNOLOGY,SE_DEMRESLPGCKN_MID,SE,2034,0.004335,866.969312
TotalTechnologyAnnualActivityUpperLimit,TECHNOLOGY,SE_DEMRESLPGCKN_MID,SE,2035,0.004397,879.460781
TotalTechnologyAnnualActivityUpperLimit,TECHNOLOGY,SE_DEMRESLPGCKN_MID,SE,2036,0.004439,887.828038
TotalTechnologyAnnualActivityUpperLimit,TECHNOLOGY,SE_DEMRESLPGCKN_MID,SE,2037,0.004501,900.129559
TotalTechnologyAnnualActivityUpperLimit,TECHNOLOGY,SE_DEMRESLPGCKN_MID,SE,2038,0.004562,912.300599
TotalTechnologyAnnualActivityUpperLimit,TECHNOLOGY,SE_DEMRESLPGCKN_MID,SE,2039,0.004622,924.416684
TotalTechnologyAnnualActivityUpperLimit,TECHNOLOGY,SE_DEMRESLPGCKN_MID,SE,2040,0.004682,936.442821
TotalTechnologyAnnualActivityUpperLimit,TECHNOLOGY,SE_DEMRESLPGCKN_MID,SE,2041,0.004741,948.179713
TotalTechnologyAnnualActivityUpperLimit,TECHNOLOGY,SE_DEMRESLPGCKN_MID,SE,2042,0.004799,959.820071
TotalTechnologyAnnualActivityUpperLimit,TECHNOLOGY,SE_DEMRESLPGCKN_MID,SE,2043,0.004858,971.519377
TotalTechnologyAnnualActivityUpperLimit,TECHNOLOGY,SE_DEMRESLPGCKN_MID,SE,2044,0.004916,983.143663
TotalTechnologyAnnualActivityUpperLimit,TECHNOLOGY,SE_DEMRESLPGCKN_MID,SE,2045,0.004973,994.515456
TotalTechnologyAnnualActivityUpperLimit,TECHNOLOGY,SE_DEMRESLPGCKN_MID,SE,2046,0.00503,1005.931982
TotalTechnologyAnnualActivityUpperLimit,TECHNOLOGY,SE_DEMRESLPGCKN_MID,SE,2047,0.005086,1017.216142
TotalTechnologyAnnualActivityUpperLimit,TECHNOLOGY,SE_DEMRESLPGCKN_MID,SE,2048,0.005144,1028.798625
TotalTechnologyAnnualActivityUpperLimit,TECHNOLOGY,SE_DEMRESLPGCKN_MID,SE,2049,0.0052,1039.965206
TotalTechnologyAnnualActivityUpperLimit,TECHNOLOGY,SE_DEMRESLPGCKN_MID,SE,2050,0.005261,1052.102808
TotalTechnologyAnnualActivityUpperLimit,TECHNOLOGY,SE_DEMRESLPGCKN_MID,SE,2051,0.00532,1064.024567
TotalTechnologyAnnualActivityUpperLimit,TECHNOLOGY,SE_DEMRESLPGCKN_MID,SE,2052,0.00538,1076.087246
TotalTechnologyAnnualActivityUpperLimit,TECHNOLOGY,SE_DEMRESLPGCKN_MID,SE,2053,0.005442,1088.29356
TotalTechnologyAnnualActivityUpperLimit,TECHNOLOGY,SE_DEMRESLPGCKN_MID,SE,2054,0.005503,1100.646265
TotalTechnologyAnnualActivityUpperLimit,TECHNOLOGY,SE_DEMRESWOOCKN_HIG,SE,2022,0.029989,5997.783765
TotalTechnologyAnnualActivityUpperLimit,TECHNOLOGY,SE_DEMRESWOOCKN_HIG,SE,2023,0.045528,9105.510614
TotalTechnologyAnnualActivityUpperLimit,TECHNOLOGY,SE_DEMRESWOOCKN_HIG,SE,2024,0.039318,7863.535613
TotalTechnologyAnnualActivityUpperLimit,TECHNOLOGY,SE_DEMRESWOOCKN_HIG,SE,2025,0.055564,5556.391807
TotalTechnologyAnnualActivityUpperLimit,TECHNOLOGY,SE_DEMRESWOOCKN_HIG,SE,2026,0.056216,5621.647094
TotalTechnologyAnnualActivityUpperLimit,TECHNOLOGY,SE_DEMRESWOOCKN_HIG,SE,2027,0.056881,5688.187831
TotalTechnologyAnnualActivityUpperLimit,TECHNOLOGY,SE_DEMRESWOOCKN_HIG,SE,2028,0.057506,5750.753691
TotalTechnologyAnnualActivityUpperLimit,TECHNOLOGY,SE_DEMRESWOOCKN_HIG,SE,2029,0.058177,5817.82486
TotalTechnologyAnnualActivityUpperLimit,TECHNOLOGY,SE_DEMRESWOOCKN_HIG,SE,2030,0.058844,5884.521124
TotalTechnologyAnnualActivityUpperLimit,TECHNOLOGY,SE_DEMRESWOOCKN_HIG,SE,2031,0.059523,5952.473088
TotalTechnologyAnnualActivityUpperLimit,TECHNOLOGY,SE_DEMRESWOOCKN_HIG,SE,2032,0.060178,6018.011775
TotalTechnologyAnnualActivityUpperLimit,TECHNOLOGY,SE_DEMRESWOOCKN_HIG,SE,2033,0.06085,6085.183657
TotalTechnologyAnnualActivityUpperLimit,TECHNOLOGY,SE_DEMRESWOOCKN_HIG,SE,2034,0.061501,6150.302725
TotalTechnologyAnnualActivityUpperLimit,TECHNOLOGY,SE_DEMRESWOOCKN_HIG,SE,2035,0.062136,6213.798999
TotalTechnologyAnnualActivityUpperLimit,TECHNOLOGY,SE_DEMRESWOOCKN_HIG,SE,2036,0.062316,6231.851189
TotalTechnologyAnnualActivityUpperLimit,TECHNOLOGY,SE_DEMRESWOOCKN_HIG,SE,2037,0.062934,6293.569492
TotalTechnologyAnnualActivityUpperLimit,TECHNOLOGY,SE_DEMRESWOOCKN_HIG,SE,2038,0.063538,6354.016182
TotalTechnologyAnnualActivityUpperLimit,TECHNOLOGY,SE_DEMRESWOOCKN_HIG,SE,2039,0.064141,6414.279579
TotalTechnologyAnnualActivityUpperLimit,TECHNOLOGY,SE_DEMRESWOOCKN_HIG,SE,2040,0.040453,0.155792
TotalTechnologyAnnualActivityUpperLimit,TECHNOLOGY,SE_DEMRESWOOCKN_HIG,SE,2041,0.041199,0.149415
TotalTechnologyAnnualActivityUpperLimit,TECHNOLOGY,SE_DEMRESWOOCKN_HIG,SE,2042,0.041971,0.142866
TotalTechnologyAnnualActivityUpperLimit,TECHNOLOGY,SE_DEMRESWOOCKN_HIG,SE,2043,0.042763,0.136111
TotalTechnologyAnnualActivityUpperLimit,TECHNOLOGY,SE_DEMRESWOOCKN_HIG,SE,2044,0.043581,0.129162
TotalTechnologyAnnualActivityUpperLimit,TECHNOLOGY,SE_DEMRESWOOCKN_HIG,SE,2045,0.044435,0.122034
TotalTechnologyAnnualActivityUpperLimit,TECHNOLOGY,SE_DEMRESWOOCKN_HIG,SE,2046,0.045349,0.114697
TotalTechnologyAnnualActivityUpperLimit,TECHNOLOGY,SE_DEMRESWOOCKN_HIG,SE,2047,0.046332,0.107222
TotalTechnologyAnnualActivityUpperLimit,TECHNOLOGY,SE_DEMRESWOOCKN_HIG,SE,2048,0.047412,0.099628
TotalTechnologyAnnualActivityUpperLimit,TECHNOLOGY,SE_DEMRESWOOCKN_HIG,SE,2049,0.048627,0.091924
TotalTechnologyAnnualActivityUpperLimit,TECHNOLOGY,SE_DEMRESWOOCKN_HIG,SE,2050,0.050076,0.08417
TotalTechnologyAnnualActivityUpperLimit,TECHNOLOGY,SE_DEMRESWOOCKN_HIG,SE,2051,0.050622,0.085263
TotalTechnologyAnnualActivityUpperLimit,TECHNOLOGY,SE_DEMRESWOOCKN_HIG,SE,2052,0.051336,0.084828
TotalTechnologyAnnualActivityUpperLimit,TECHNOLOGY,SE_DEMRESWOOCKN_HIG,SE,2053,0.053067,0.076769
TotalTechnologyAnnualActivityUpperLimit,TECHNOLOGY,SE_DEMRESWOOCKN_HIG,SE,2054,0.055249,0.068548
TotalTechnologyAnnualActivityUpperLimit,TECHNOLOGY,SE_DEMRESWOOCKN_LOW,SE,2022,0.024718,249648.899358
TotalTechnologyAnnualActivityUpperLimit,TECHNOLOGY,SE_DEMRESWOOCKN_LOW,SE,2023,0.032247,325697.443539
TotalTechnologyAnnualActivityUpperLimit,TECHNOLOGY,SE_DEMRESWOOCKN_LOW,SE,2024,0.029526,298208.376397
TotalTechnologyAnnualActivityUpperLimit,TECHNOLOGY,SE_DEMRESWOOCKN_LOW,SE,2025,0.030535,308403.927963
TotalTechnologyAnnualActivityUpperLimit,TECHNOLOGY,SE_DEMRESWOOCKN_LOW,SE,2026,0.030899,312082.053656
TotalTechnologyAnnualActivityUpperLimit,TECHNOLOGY,SE_DEMRESWOOCKN_LOW,SE,2027,0.031291,316043.475224
TotalTechnologyAnnualActivityUpperLimit,TECHNOLOGY,SE_DEMRESWOOCKN_LOW,SE,2028,0.031701,320178.581558
TotalTechnologyAnnualActivityUpperLimit,TECHNOLOGY,SE_DEMRESWOOCKN_LOW,SE,2029,0.032132,324535.627936
TotalTechnologyAnnualActivityUpperLimit,TECHNOLOGY,SE_DEMRESWOOCKN_LOW,SE,2030,0.032603,329286.521378
TotalTechnologyAnnualActivityUpperLimit,TECHNOLOGY,SE_DEMRESWOOCKN_LOW,SE,2031,0.033113,334440.925014
TotalTechnologyAnnualActivityUpperLimit,TECHNOLOGY,SE_DEMRESWOOCKN_LOW,SE,2032,0.033639,339752.336572
TotalTechnologyAnnualActivityUpperLimit,TECHNOLOGY,SE_DEMRESWOOCKN_LOW,SE,2033,0.034173,345147.324623
TotalTechnologyAnnualActivityUpperLimit,TECHNOLOGY,SE_DEMRESWOOCKN_LOW,SE,2034,0.034726,350734.741729
TotalTechnologyAnnualActivityUpperLimit,TECHNOLOGY,SE_DEMRESWOOCKN_LOW,SE,2035,0.035285,356374.518762
TotalTechnologyAnnualActivityUpperLimit,TECHNOLOGY,SE_DEMRESWOOCKN_LOW,SE,2036,0.035744,357440.328314
TotalTechnologyAnnualActivityUpperLimit,TECHNOLOGY,SE_DEMRESWOOCKN_LOW,SE,2037,0.036297,362969.925419
TotalTechnologyAnnualActivityUpperLimit,TECHNOLOGY,SE_DEMRESWOOCKN_LOW,SE,2038,0.036848,368478.425929
TotalTechnologyAnnualActivityUpperLimit,TECHNOLOGY,SE_DEMRESWOOCKN_LOW,SE,2039,0.037388,373881.393379
TotalTechnologyAnnualActivityUpperLimit,TECHNOLOGY,SE_DEMRESWOOCKN_LOW,SE,2040,0.03792,379199.804407
TotalTechnologyAnnualActivityUpperLimit,TECHNOLOGY,SE_DEMRESWOOCKN_LOW,SE,2041,0.038437,384371.815168
TotalTechnologyAnnualActivityUpperLimit,TECHNOLOGY,SE_DEMRESWOOCKN_LOW,SE,2042,0.038952,389519.624623
TotalTechnologyAnnualActivityUpperLimit,TECHNOLOGY,SE_DEMRESWOOCKN_LOW,SE,2043,0.039447,394474.0864
TotalTechnologyAnnualActivityUpperLimit,TECHNOLOGY,SE_DEMRESWOOCKN_LOW,SE,2044,0.039924,399240.712555
TotalTechnologyAnnualActivityUpperLimit,TECHNOLOGY,SE_DEMRESWOOCKN_LOW,SE,2045,0.040384,403836.526829
TotalTechnologyAnnualActivityUpperLimit,TECHNOLOGY,SE_DEMRESWOOCKN_LOW,SE,2046,0.040829,408292.284057
TotalTechnologyAnnualActivityUpperLimit,TECHNOLOGY,SE_DEMRESWOOCKN_LOW,SE,2047,0.041256,412563.413138
TotalTechnologyAnnualActivityUpperLimit,TECHNOLOGY,SE_DEMRESWOOCKN_LOW,SE,2048,0.041658,416575.436455
TotalTechnologyAnnualActivityUpperLimit,TECHNOLOGY,SE_DEMRESWOOCKN_LOW,SE,2049,0.04205,420495.882362
TotalTechnologyAnnualActivityUpperLimit,TECHNOLOGY,SE_DEMRESWOOCKN_LOW,SE,2050,0.04248,424801.332695
TotalTechnologyAnnualActivityUpperLimit,TECHNOLOGY,SE_DEMRESWOOCKN_LOW,SE,2051,0.042879,428790.112324
TotalTechnologyAnnualActivityUpperLimit,TECHNOLOGY,SE_DEMRESWOOCKN_LOW,SE,2052,0.043271,432706.202143
TotalTechnologyAnnualActivityUpperLimit,TECHNOLOGY,SE_DEMRESWOOCKN_LOW,SE,2053,0.043655,436547.628962
TotalTechnologyAnnualActivityUpperLimit,TECHNOLOGY,SE_DEMRESWOOCKN_LOW,SE,2054,0.044031,440312.422308
TotalTechnologyAnnualActivityUpperLimit,TECHNOLOGY,SE_DEMRESWOOCKN_MID,SE,2022,0.029989,5997.783765
TotalTechnologyAnnualActivityUpperLimit,TECHNOLOGY,SE_DEMRESWOOCKN_MID,SE,2023,0.045528,9105.510614
TotalTechnologyAnnualActivityUpperLimit,TECHNOLOGY,SE_DEMRESWOOCKN_MID,SE,2024,0.039318,7863.535613
TotalTechnologyAnnualActivityUpperLimit,TECHNOLOGY,SE_DEMRESWOOCKN_MID,SE,2025,0.042924,8584.795381
TotalTechnologyAnnualActivityUpperLimit,TECHNOLOGY,SE_DEMRESWOOCKN_MID,SE,2026,0.043431,8686.155781
TotalTechnologyAnnualActivityUpperLimit,TECHNOLOGY,SE_DEMRESWOOCKN_MID,SE,2027,0.043959,8791.626798
TotalTechnologyAnnualActivityUpperLimit,TECHNOLOGY,SE_DEMRESWOOCKN_MID,SE,2028,0.044475,8894.904807
TotalTechnologyAnnualActivityUpperLimit,TECHNOLOGY,SE_DEMRESWOOCKN_MID,SE,2029,0.045025,9004.867933
TotalTechnologyAnnualActivityUpperLimit,TECHNOLOGY,SE_DEMRESWOOCKN_MID,SE,2030,0.045592,9118.403984
TotalTechnologyAnnualActivityUpperLimit,TECHNOLOGY,SE_DEMRESWOOCKN_MID,SE,2031,0.046186,9237.206765
TotalTechnologyAnnualActivityUpperLimit,TECHNOLOGY,SE_DEMRESWOOCKN_MID,SE,2032,0.046776,9355.191405
TotalTechnologyAnnualActivityUpperLimit,TECHNOLOGY,SE_DEMRESWOOCKN_MID,SE,2033,0.047379,9475.629672
TotalTechnologyAnnualActivityUpperLimit,TECHNOLOGY,SE_DEMRESWOOCKN_MID,SE,2034,0.04798,9595.960934
TotalTechnologyAnnualActivityUpperLimit,TECHNOLOGY,SE_DEMRESWOOCKN_MID,SE,2035,0.048577,9715.21034
TotalTechnologyAnnualActivityUpperLimit,TECHNOLOGY,SE_DEMRESWOOCKN_MID,SE,2036,0.049031,9806.061276
TotalTechnologyAnnualActivityUpperLimit,TECHNOLOGY,SE_DEMRESWOOCKN_MID,SE,2037,0.049616,9923.081043
TotalTechnologyAnnualActivityUpperLimit,TECHNOLOGY,SE_DEMRESWOOCKN_MID,SE,2038,0.050194,10038.618456
TotalTechnologyAnnualActivityUpperLimit,TECHNOLOGY,SE_DEMRESWOOCKN_MID,SE,2039,0.050765,10152.917508
TotalTechnologyAnnualActivityUpperLimit,TECHNOLOGY,SE_DEMRESWOOCKN_MID,SE,2040,0.03792,0.021994
TotalTechnologyAnnualActivityUpperLimit,TECHNOLOGY,SE_DEMRESWOOCKN_MID,SE,2041,0.038437,0.022294
TotalTechnologyAnnualActivityUpperLimit,TECHNOLOGY,SE_DEMRESWOOCKN_MID,SE,2042,0.038952,0.022592
TotalTechnologyAnnualActivityUpperLimit,TECHNOLOGY,SE_DEMRESWOOCKN_MID,SE,2043,0.039447,0.022879
TotalTechnologyAnnualActivityUpperLimit,TECHNOLOGY,SE_DEMRESWOOCKN_MID,SE,2044,0.039924,0.023156
TotalTechnologyAnnualActivityUpperLimit,TECHNOLOGY,SE_DEMRESWOOCKN_MID,SE,2045,0.040384,0.023423
TotalTechnologyAnnualActivityUpperLimit,TECHNOLOGY,SE_DEMRESWOOCKN_MID,SE,2046,0.040829,0.023681
TotalTechnologyAnnualActivityUpperLimit,TECHNOLOGY,SE_DEMRESWOOCKN_MID,SE,2047,0.041256,0.023929
TotalTechnologyAnnualActivityUpperLimit,TECHNOLOGY,SE_DEMRESWOOCKN_MID,SE,2048,0.041658,0.024161
TotalTechnologyAnnualActivityUpperLimit,TECHNOLOGY,SE_DEMRESWOOCKN_MID,SE,2049,0.04205,0.024389
TotalTechnologyAnnualActivityUpperLimit,TECHNOLOGY,SE_DEMRESWOOCKN_MID,SE,2050,0.04248,0.024638
TotalTechnologyAnnualActivityUpperLimit,TECHNOLOGY,SE_DEMRESWOOCKN_MID,SE,2051,0.042879,0.02487
TotalTechnologyAnnualActivityUpperLimit,TECHNOLOGY,SE_DEMRESWOOCKN_MID,SE,2052,0.043271,0.025097
TotalTechnologyAnnualActivityUpperLimit,TECHNOLOGY,SE_DEMRESWOOCKN_MID,SE,2053,0.043655,0.02532
TotalTechnologyAnnualActivityUpperLimit,TECHNOLOGY,SE_DEMRESWOOCKN_MID,SE,2054,0.044031,0.025538
SpecifiedAnnualDemand,FUEL,IN_RESCLIM,IN,2022,0.008914,0.015784
SpecifiedAnnualDemand,FUEL,IN_RESCLIM,IN,2023,0.008385,0.016374
SpecifiedAnnualDemand,FUEL,IN_RESCLIM,IN,2024,0.010353,0.022167
SpecifiedAnnualDemand,FUEL,IN_RESCLIM,IN,2025,0.010839,0.025333
SpecifiedAnnualDemand,FUEL,IN_RESCLIM,IN,2026,0.010853,0.027577
SpecifiedAnnualDemand,FUEL,IN_RESCLIM,IN,2027,0.010865,0.029896
SpecifiedAnnualDemand,FUEL,IN_RESCLIM,IN,2028,0.010871,0.032274
SpecifiedAnnualDemand,FUEL,IN_RESCLIM,IN,2029,0.010876,0.034716
SpecifiedAnnualDemand,FUEL,IN_RESCLIM,IN,2030,0.010874,0.037193
SpecifiedAnnualDemand,FUEL,IN_RESCLIM,IN,2031,0.010863,0.03967
SpecifiedAnnualDemand,FUEL,IN_RESCLIM,IN,2032,0.010851,0.042194
SpecifiedAnnualDemand,FUEL,IN_RESCLIM,IN,2033,0.010839,0.044763
SpecifiedAnnualDemand,FUEL,IN_RESCLIM,IN,2034,0.010826,0.047373
SpecifiedAnnualDemand,FUEL,IN_RESCLIM,IN,2035,0.010813,0.050029
SpecifiedAnnualDemand,FUEL,IN_RESCLIM,IN,2036,0.010799,0.052717
SpecifiedAnnualDemand,FUEL,IN_RESCLIM,IN,2037,0.010794,0.055498
SpecifiedAnnualDemand,FUEL,IN_RESCLIM,IN,2038,0.010784,0.058298
SpecifiedAnnualDemand,FUEL,IN_RESCLIM,IN,2039,0.01077,0.06112
SpecifiedAnnualDemand,FUEL,IN_RESCLIM,IN,2040,0.010761,0.064007
SpecifiedAnnualDemand,FUEL,IN_RESCLIM,IN,2041,0.01075,0.066927
SpecifiedAnnualDemand,FUEL,IN_RESCLIM,IN,2042,0.010746,0.069935
SpecifiedAnnualDemand,FUEL,IN_RESCLIM,IN,2043,0.01074,0.072967
SpecifiedAnnualDemand,FUEL,IN_RESCLIM,IN,2044,0.010738,0.076065
SpecifiedAnnualDemand,FUEL,IN_RESCLIM,IN,2045,0.010739,0.079225
SpecifiedAnnualDemand,FUEL,IN_RESCLIM,IN,2046,0.010733,0.082373
SpecifiedAnnualDemand,FUEL,IN_RESCLIM,IN,2047,0.010735,0.085621
SpecifiedAnnualDemand,FUEL,IN_RESCLIM,IN,2048,0.010737,0.088917
SpecifiedAnnualDemand,FUEL,IN_RESCLIM,IN,2049,0.010736,0.092213
SpecifiedAnnualDemand,FUEL,IN_RESCLIM,IN,2050,0.010742,0.095591
SpecifiedAnnualDemand,FUEL,IN_RESCLIM,IN,2051,0.01075,0.096751
SpecifiedAnnualDemand,FUEL,IN_RESCLIM,IN,2052,0.01076,0.097908
SpecifiedAnnualDemand,FUEL,IN_RESCLIM,IN,2053,0.010772,0.099063
SpecifiedAnnualDemand,FUEL,IN_RESCLIM,IN,2054,0.010787,0.100216
SpecifiedAnnualDemand,FUEL,IN_RESDHT,IN,2022,0.001371,0.060692
SpecifiedAnnualDemand,FUEL,IN_RESDHT,IN,2023,0.001448,0.063362
SpecifiedAnnualDemand,FUEL,IN_RESDHT,IN,2024,0.001343,0.060949
SpecifiedAnnualDemand,FUEL,IN_RESDHT,IN,2025,0.001434,0.067452
SpecifiedAnnualDemand,FUEL,IN_RESDHT,IN,2026,0.001434,0.069834
SpecifiedAnnualDemand,FUEL,IN_RESDHT,IN,2027,0.001434,0.072237
SpecifiedAnnualDemand,FUEL,IN_RESDHT,IN,2028,0.001434,0.074628
SpecifiedAnnualDemand,FUEL,IN_RESDHT,IN,2029,0.001435,0.077031
SpecifiedAnnualDemand,FUEL,IN_RESDHT,IN,2030,0.001434,0.079385
SpecifiedAnnualDemand,FUEL,IN_RESDHT,IN,2031,0.001433,0.081821
SpecifiedAnnualDemand,FUEL,IN_RESDHT,IN,2032,0.001432,0.084246
SpecifiedAnnualDemand,FUEL,IN_RESDHT,IN,2033,0.001431,0.086662
SpecifiedAnnualDemand,FUEL,IN_RESDHT,IN,2034,0.00143,0.089061
SpecifiedAnnualDemand,FUEL,IN_RESDHT,IN,2035,0.001429,0.09146
SpecifiedAnnualDemand,FUEL,IN_RESDHT,IN,2036,0.001428,0.093863
SpecifiedAnnualDemand,FUEL,IN_RESDHT,IN,2037,0.001428,0.096354
SpecifiedAnnualDemand,FUEL,IN_RESDHT,IN,2038,0.001427,0.098805
SpecifiedAnnualDemand,FUEL,IN_RESDHT,IN,2039,0.001426,0.101221
SpecifiedAnnualDemand,FUEL,IN_RESDHT,IN,2040,0.001425,0.10368
SpecifiedAnnualDemand,FUEL,IN_RESDHT,IN,2041,0.001424,0.106144
SpecifiedAnnualDemand,FUEL,IN_RESDHT,IN,2042,0.001424,0.108686
SpecifiedAnnualDemand,FUEL,IN_RESDHT,IN,2043,0.001424,0.111203
SpecifiedAnnualDemand,FUEL,IN_RESDHT,IN,2044,0.001425,0.113763
SpecifiedAnnualDemand,FUEL,IN_RESDHT,IN,2045,0.001425,0.116358
SpecifiedAnnualDemand,FUEL,IN_RESDHT,IN,2046,0.001425,0.118887
SpecifiedAnnualDemand,FUEL,IN_RESDHT,IN,2047,0.001426,0.121508
SpecifiedAnnualDemand,FUEL,IN_RESDHT,IN,2048,0.001427,0.124141
SpecifiedAnnualDemand,FUEL,IN_RESDHT,IN,2049,0.001427,0.126719
SpecifiedAnnualDemand,FUEL,IN_RESDHT,IN,2050,0.001428,0.12916
SpecifiedAnnualDemand,FUEL,IN_RESDHT,IN,2051,0.001429,0.130826
SpecifiedAnnualDemand,FUEL,IN_RESDHT,IN,2052,0.001431,0.132486
SpecifiedAnnualDemand,FUEL,IN_RESDHT,IN,2053,0.001433,0.134067
SpecifiedAnnualDemand,FUEL,IN_RESDHT,IN,2054,0.001435,0.135641
SpecifiedAnnualDemand,FUEL,IN_RESOTH,IN,2022,0.003394,0.064478
SpecifiedAnnualDemand,FUEL,IN_RESOTH,IN,2023,0.003508,0.06863
SpecifiedAnnualDemand,FUEL,IN_RESOTH,IN,2024,0.003431,0.069179
SpecifiedAnnualDemand,FUEL,IN_RESOTH,IN,2025,0.003552,0.073759
SpecifiedAnnualDemand,FUEL,IN_RESOTH,IN,2026,0.003509,0.074991
SpecifiedAnnualDemand,FUEL,IN_RESOTH,IN,2027,0.003458,0.076012
SpecifiedAnnualDemand,FUEL,IN_RESOTH,IN,2028,0.003401,0.076795
SpecifiedAnnualDemand,FUEL,IN_RESOTH,IN,2029,0.003342,0.077464
SpecifiedAnnualDemand,FUEL,IN_RESOTH,IN,2030,0.00328,0.077932
SpecifiedAnnualDemand,FUEL,IN_RESOTH,IN,2031,0.003216,0.078204
SpecifiedAnnualDemand,FUEL,IN_RESOTH,IN,2032,0.003154,0.078398
SpecifiedAnnualDemand,FUEL,IN_RESOTH,IN,2033,0.003097,0.078638
SpecifiedAnnualDemand,FUEL,IN_RESOTH,IN,2034,0.003037,0.078717
SpecifiedAnnualDemand,FUEL,IN_RESOTH,IN,2035,0.002983,0.078864
SpecifiedAnnualDemand,FUEL,IN_RESOTH,IN,2036,0.002926,0.078856
SpecifiedAnnualDemand,FUEL,IN_RESOTH,IN,2037,0.002878,0.079024
SpecifiedAnnualDemand,FUEL,IN_RESOTH,IN,2038,0.002829,0.079093
SpecifiedAnnualDemand,FUEL,IN_RESOTH,IN,2039,0.002781,0.079132
SpecifiedAnnualDemand,FUEL,IN_RESOTH,IN,2040,0.002732,0.079093
SpecifiedAnnualDemand,FUEL,IN_RESOTH,IN,2041,0.002687,0.079089
SpecifiedAnnualDemand,FUEL,IN_RESOTH,IN,2042,0.002645,0.079116
SpecifiedAnnualDemand,FUEL,IN_RESOTH,IN,2043,0.002604,0.079115
SpecifiedAnnualDemand,FUEL,IN_RESOTH,IN,2044,0.002566,0.079165
SpecifiedAnnualDemand,FUEL,IN_RESOTH,IN,2045,0.002529,0.079229
SpecifiedAnnualDemand,FUEL,IN_RESOTH,IN,2046,0.002491,0.079171
SpecifiedAnnualDemand,FUEL,IN_RESOTH,IN,2047,0.002457,0.07922
SpecifiedAnnualDemand,FUEL,IN_RESOTH,IN,2048,0.002422,0.079196
SpecifiedAnnualDemand,FUEL,IN_RESOTH,IN,2049,0.00239,0.079207
SpecifiedAnnualDemand,FUEL,IN_RESOTH,IN,2050,0.002359,0.07951
SpecifiedAnnualDemand,FUEL,IN_RESOTH,IN,2051,0.00233,0.079464
SpecifiedAnnualDemand,FUEL,IN_RESOTH,IN,2052,0.002303,0.079426
SpecifiedAnnualDemand,FUEL,IN_RESOTH,IN,2053,0.002276,0.079341
SpecifiedAnnualDemand,FUEL,IN_RESOTH,IN,2054,0.00225,0.079268
SpecifiedAnnualDemand,FUEL,IN_RESREF,IN,2022,0.002309,0.015085
SpecifiedAnnualDemand,FUEL,IN_RESREF,IN,2023,0.002454,0.016721
SpecifiedAnnualDemand,FUEL,IN_RESREF,IN,2024,0.00207,0.014679
SpecifiedAnnualDemand,FUEL,IN_RESREF,IN,2025,0.002253,0.016619
SpecifiedAnnualDemand,FUEL,IN_RESREF,IN,2026,0.002253,0.017273
SpecifiedAnnualDemand,FUEL,IN_RESREF,IN,2027,0.002253,0.017936
SpecifiedAnnualDemand,FUEL,IN_RESREF,IN,2028,0.002253,0.0186
SpecifiedAnnualDemand,FUEL,IN_RESREF,IN,2029,0.002253,0.019271
SpecifiedAnnualDemand,FUEL,IN_RESREF,IN,2030,0.002253,0.019934
SpecifiedAnnualDemand,FUEL,IN_RESREF,IN,2031,0.002252,0.020391
SpecifiedAnnualDemand,FUEL,IN_RESREF,IN,2032,0.00225,0.020838
SpecifiedAnnualDemand,FUEL,IN_RESREF,IN,2033,0.002249,0.021276
SpecifiedAnnualDemand,FUEL,IN_RESREF,IN,2034,0.002247,0.021705
SpecifiedAnnualDemand,FUEL,IN_RESREF,IN,2035,0.002245,0.022128
SpecifiedAnnualDemand,FUEL,IN_RESREF,IN,2036,0.002243,0.022539
SpecifiedAnnualDemand,FUEL,IN_RESREF,IN,2037,0.002243,0.022965
SpecifiedAnnualDemand,FUEL,IN_RESREF,IN,2038,0.002242,0.023377
SpecifiedAnnualDemand,FUEL,IN_RESREF,IN,2039,0.00224,0.023774
SpecifiedAnnualDemand,FUEL,IN_RESREF,IN,2040,0.002239,0.024176
SpecifiedAnnualDemand,FUEL,IN_RESREF,IN,2041,0.002238,0.024571
SpecifiedAnnualDemand,FUEL,IN_RESREF,IN,2042,0.002239,0.024978
SpecifiedAnnualDemand,FUEL,IN_RESREF,IN,2043,0.002238,0.025374
SpecifiedAnnualDemand,FUEL,IN_RESREF,IN,2044,0.002239,0.025775
SpecifiedAnnualDemand,FUEL,IN_RESREF,IN,2045,0.00224,0.026179
SpecifiedAnnualDemand,FUEL,IN_RESREF,IN,2046,0.00224,0.026561
SpecifiedAnnualDemand,FUEL,IN_RESREF,IN,2047,0.002241,0.026959
SpecifiedAnnualDemand,FUEL,IN_RESREF,IN,2048,0.002242,0.027355
SpecifiedAnnualDemand,FUEL,IN_RESREF,IN,2049,0.002243,0.027734
SpecifiedAnnualDemand,FUEL,IN_RESREF,IN,2050,0.002245,0.028121
SpecifiedAnnualDemand,FUEL,IN_RESREF,IN,2051,0.002247,0.028468
SpecifiedAnnualDemand,FUEL,IN_RESREF,IN,2052,0.002249,0.028814
SpecifiedAnnualDemand,FUEL,IN_RESREF,IN,2053,0.002252,0.029157
SpecifiedAnnualDemand,FUEL,IN_RESREF,IN,2054,0.002255,0.029499
SpecifiedAnnualDemand,FUEL,SE_RESCLIM,SE,2022,0.004527,0.008663
SpecifiedAnnualDemand,FUEL,SE_RESCLIM,SE,2023,0.003993,0.00843
SpecifiedAnnualDemand,FUEL,SE_RESCLIM,SE,2024,0.00472,0.010899
SpecifiedAnnualDemand,FUEL,SE_RESCLIM,SE,2025,0.00486,0.012221
SpecifiedAnnualDemand,FUEL,SE_RESCLIM,SE,2026,0.004903,0.013377
SpecifiedAnnualDemand,FUEL,SE_RESCLIM,SE,2027,0.00495,0.0146
SpecifiedAnnualDemand,FUEL,SE_RESCLIM,SE,2028,0.004996,0.015877
SpecifiedAnnualDemand,FUEL,SE_RESCLIM,SE,2029,0.005048,0.017227
SpecifiedAnnualDemand,FUEL,SE_RESCLIM,SE,2030,0.005103,0.018639
SpecifiedAnnualDemand,FUEL,SE_RESCLIM,SE,2031,0.005161,0.020109
SpecifiedAnnualDemand,FUEL,SE_RESCLIM,SE,2032,0.005219,0.021634
SpecifiedAnnualDemand,FUEL,SE_RESCLIM,SE,2033,0.005279,0.023225
SpecifiedAnnualDemand,FUEL,SE_RESCLIM,SE,2034,0.005338,0.024871
SpecifiedAnnualDemand,FUEL,SE_RESCLIM,SE,2035,0.005398,0.026572
SpecifiedAnnualDemand,FUEL,SE_RESCLIM,SE,2036,0.005428,0.028181
SpecifiedAnnualDemand,FUEL,SE_RESCLIM,SE,2037,0.005486,0.029988
SpecifiedAnnualDemand,FUEL,SE_RESCLIM,SE,2038,0.005544,0.031851
SpecifiedAnnualDemand,FUEL,SE_RESCLIM,SE,2039,0.005602,0.033774
SpecifiedAnnualDemand,FUEL,SE_RESCLIM,SE,2040,0.00566,0.035756
SpecifiedAnnualDemand,FUEL,SE_RESCLIM,SE,2041,0.005716,0.037788
SpecifiedAnnualDemand,FUEL,SE_RESCLIM,SE,2042,0.005772,0.039877
SpecifiedAnnualDemand,FUEL,SE_RESCLIM,SE,2043,0.005829,0.042032
SpecifiedAnnualDemand,FUEL,SE_RESCLIM,SE,2044,0.005887,0.044247
SpecifiedAnnualDemand,FUEL,SE_RESCLIM,SE,2045,0.005943,0.046513
SpecifiedAnnualDemand,FUEL,SE_RESCLIM,SE,2046,0.005999,0.048846
SpecifiedAnnualDemand,FUEL,SE_RESCLIM,SE,2047,0.006056,0.051238
SpecifiedAnnualDemand,FUEL,SE_RESCLIM,SE,2048,0.006115,0.053715
SpecifiedAnnualDemand,FUEL,SE_RESCLIM,SE,2049,0.006172,0.056227
SpecifiedAnnualDemand,FUEL,SE_RESCLIM,SE,2050,0.006235,0.058847
SpecifiedAnnualDemand,FUEL,SE_RESCLIM,SE,2051,0.006302,0.060168
SpecifiedAnnualDemand,FUEL,SE_RESCLIM,SE,2052,0.006369,0.0615
SpecifiedAnnualDemand,FUEL,SE_RESCLIM,SE,2053,0.006439,0.062843
SpecifiedAnnualDemand,FUEL,SE_RESCLIM,SE,2054,0.006509,0.064198
SpecifiedAnnualDemand,FUEL,SE_RESDHT,SE,2022,0.006617,0.412583
SpecifiedAnnualDemand,FUEL,SE_RESDHT,SE,2023,0.008884,0.554243
SpecifiedAnnualDemand,FUEL,SE_RESDHT,SE,2024,0.008298,0.530921
SpecifiedAnnualDemand,FUEL,SE_RESDHT,SE,2025,0.00848,0.556372
SpecifiedAnnualDemand,FUEL,SE_RESDHT,SE,2026,0.008438,0.567629
SpecifiedAnnualDemand,FUEL,SE_RESDHT,SE,2027,0.008405,0.579485
SpecifiedAnnualDemand,FUEL,SE_RESDHT,SE,2028,0.008378,0.591622
SpecifiedAnnualDemand,FUEL,SE_RESDHT,SE,2029,0.008359,0.604197
SpecifiedAnnualDemand,FUEL,SE_RESDHT,SE,2030,0.008351,0.617326
SpecifiedAnnualDemand,FUEL,SE_RESDHT,SE,2031,0.008431,0.640947
SpecifiedAnnualDemand,FUEL,SE_RESDHT,SE,2032,0.008515,0.665159
SpecifiedAnnualDemand,FUEL,SE_RESDHT,SE,2033,0.008602,0.689949
SpecifiedAnnualDemand,FUEL,SE_RESDHT,SE,2034,0.008693,0.715392
SpecifiedAnnualDemand,FUEL,SE_RESDHT,SE,2035,0.008786,0.741304
SpecifiedAnnualDemand,FUEL,SE_RESDHT,SE,2036,0.008893,0.769033
SpecifiedAnnualDemand,FUEL,SE_RESDHT,SE,2037,0.008983,0.795655
SpecifiedAnnualDemand,FUEL,SE_RESDHT,SE,2038,0.009072,0.822642
SpecifiedAnnualDemand,FUEL,SE_RESDHT,SE,2039,0.00916,0.849879
SpecifiedAnnualDemand,FUEL,SE_RESDHT,SE,2040,0.009246,0.877385
SpecifiedAnnualDemand,FUEL,SE_RESDHT,SE,2041,0.009322,0.904121
SpecifiedAnnualDemand,FUEL,SE_RESDHT,SE,2042,0.009398,0.931133
SpecifiedAnnualDemand,FUEL,SE_RESDHT,SE,2043,0.009471,0.958185
SpecifiedAnnualDemand,FUEL,SE_RESDHT,SE,2044,0.00954,0.985198
SpecifiedAnnualDemand,FUEL,SE_RESDHT,SE,2045,0.009607,1.012148
SpecifiedAnnualDemand,FUEL,SE_RESDHT,SE,2046,0.009667,1.038619
SpecifiedAnnualDemand,FUEL,SE_RESDHT,SE,2047,0.009723,1.064945
SpecifiedAnnualDemand,FUEL,SE_RESDHT,SE,2048,0.009776,1.091082
SpecifiedAnnualDemand,FUEL,SE_RESDHT,SE,2049,0.009826,1.116879
SpecifiedAnnualDemand,FUEL,SE_RESDHT,SE,2050,0.009892,1.143261
SpecifiedAnnualDemand,FUEL,SE_RESDHT,SE,2051,0.010011,1.171797
SpecifiedAnnualDemand,FUEL,SE_RESDHT,SE,2052,0.01013,1.200385
SpecifiedAnnualDemand,FUEL,SE_RESDHT,SE,2053,0.010251,1.228825
SpecifiedAnnualDemand,FUEL,SE_RESDHT,SE,2054,0.010373,1.257249
SpecifiedAnnualDemand,FUEL,SE_RESOTH,SE,2022,0.001788,0.035379
SpecifiedAnnualDemand,FUEL,SE_RESOTH,SE,2023,0.001842,0.037612
SpecifiedAnnualDemand,FUEL,SE_RESOTH,SE,2024,0.001829,0.038483
SpecifiedAnnualDemand,FUEL,SE_RESOTH,SE,2025,0.001894,0.041037
SpecifiedAnnualDemand,FUEL,SE_RESOTH,SE,2026,0.001917,0.042758
SpecifiedAnnualDemand,FUEL,SE_RESOTH,SE,2027,0.001944,0.044586
SpecifiedAnnualDemand,FUEL,SE_RESOTH,SE,2028,0.001974,0.046503
SpecifiedAnnualDemand,FUEL,SE_RESOTH,SE,2029,0.002006,0.048521
SpecifiedAnnualDemand,FUEL,SE_RESOTH,SE,2030,0.002043,0.050662
SpecifiedAnnualDemand,FUEL,SE_RESOTH,SE,2031,0.002084,0.052887
SpecifiedAnnualDemand,FUEL,SE_RESOTH,SE,2032,0.002127,0.055185
SpecifiedAnnualDemand,FUEL,SE_RESOTH,SE,2033,0.002171,0.057546
SpecifiedAnnualDemand,FUEL,SE_RESOTH,SE,2034,0.002217,0.059989
SpecifiedAnnualDemand,FUEL,SE_RESOTH,SE,2035,0.002263,0.06249
SpecifiedAnnualDemand,FUEL,SE_RESOTH,SE,2036,0.002318,0.065248
SpecifiedAnnualDemand,FUEL,SE_RESOTH,SE,2037,0.002366,0.067858
SpecifiedAnnualDemand,FUEL,SE_RESOTH,SE,2038,0.002414,0.070521
SpecifiedAnnualDemand,FUEL,SE_RESOTH,SE,2039,0.002463,0.073227
SpecifiedAnnualDemand,FUEL,SE_RESOTH,SE,2040,0.002511,0.075979
SpecifiedAnnualDemand,FUEL,SE_RESOTH,SE,2041,0.00256,0.078761
SpecifiedAnnualDemand,FUEL,SE_RESOTH,SE,2042,0.002609,0.081596
SpecifiedAnnualDemand,FUEL,SE_RESOTH,SE,2043,0.002658,0.084456
SpecifiedAnnualDemand,FUEL,SE_RESOTH,SE,2044,0.002706,0.087335
SpecifiedAnnualDemand,FUEL,SE_RESOTH,SE,2045,0.002753,0.090234
SpecifiedAnnualDemand,FUEL,SE_RESOTH,SE,2046,0.002801,0.093163
SpecifiedAnnualDemand,FUEL,SE_RESOTH,SE,2047,0.002847,0.096103
SpecifiedAnnualDemand,FUEL,SE_RESOTH,SE,2048,0.002893,0.099043
SpecifiedAnnualDemand,FUEL,SE_RESOTH,SE,2049,0.002938,0.101981
SpecifiedAnnualDemand,FUEL,SE_RESOTH,SE,2050,0.002977,0.105075
SpecifiedAnnualDemand,FUEL,SE_RESOTH,SE,2051,0.003024,0.108047
SpecifiedAnnualDemand,FUEL,SE_RESOTH,SE,2052,0.003072,0.111032
SpecifiedAnnualDemand,FUEL,SE_RESOTH,SE,2053,0.003115,0.113816
SpecifiedAnnualDemand,FUEL,SE_RESOTH,SE,2054,0.003157,0.116598
SpecifiedAnnualDemand,FUEL,SE_RESREF,SE,2022,0.00258,0.01753
SpecifiedAnnualDemand,FUEL,SE_RESREF,SE,2023,0.002719,0.019294
SpecifiedAnnualDemand,FUEL,SE_RESREF,SE,2024,0.002538,0.018739
SpecifiedAnnualDemand,FUEL,SE_RESREF,SE,2025,0.002719,0.020877
SpecifiedAnnualDemand,FUEL,SE_RESREF,SE,2026,0.00275,0.021934
SpecifiedAnnualDemand,FUEL,SE_RESREF,SE,2027,0.002782,0.023036
SpecifiedAnnualDemand,FUEL,SE_RESREF,SE,2028,0.002814,0.024161
SpecifiedAnnualDemand,FUEL,SE_RESREF,SE,2029,0.002849,0.02534
SpecifiedAnnualDemand,FUEL,SE_RESREF,SE,2030,0.002886,0.026552
SpecifiedAnnualDemand,FUEL,SE_RESREF,SE,2031,0.002925,0.027545
SpecifiedAnnualDemand,FUEL,SE_RESREF,SE,2032,0.002964,0.028539
SpecifiedAnnualDemand,FUEL,SE_RESREF,SE,2033,0.003003,0.029549
SpecifiedAnnualDemand,FUEL,SE_RESREF,SE,2034,0.003042,0.030561
SpecifiedAnnualDemand,FUEL,SE_RESREF,SE,2035,0.003081,0.031576
SpecifiedAnnualDemand,FUEL,SE_RESREF,SE,2036,0.0031,0.032398
SpecifiedAnnualDemand,FUEL,SE_RESREF,SE,2037,0.003138,0.033419
SpecifiedAnnualDemand,FUEL,SE_RESREF,SE,2038,0.003176,0.034443
SpecifiedAnnualDemand,FUEL,SE_RESREF,SE,2039,0.003213,0.035476
SpecifiedAnnualDemand,FUEL,SE_RESREF,SE,2040,0.003251,0.036516
SpecifiedAnnualDemand,FUEL,SE_RESREF,SE,2041,0.003287,0.037554
SpecifiedAnnualDemand,FUEL,SE_RESREF,SE,2042,0.003324,0.038597
SpecifiedAnnualDemand,FUEL,SE_RESREF,SE,2043,0.00336,0.039654
SpecifiedAnnualDemand,FUEL,SE_RESREF,SE,2044,0.003397,0.040719
SpecifiedAnnualDemand,FUEL,SE_RESREF,SE,2045,0.003434,0.041784
SpecifiedAnnualDemand,FUEL,SE_RESREF,SE,2046,0.003471,0.042861
SpecifiedAnnualDemand,FUEL,SE_RESREF,SE,2047,0.003507,0.043945
SpecifiedAnnualDemand,FUEL,SE_RESREF,SE,2048,0.003545,0.045058
SpecifiedAnnualDemand,FUEL,SE_RESREF,SE,2049,0.003582,0.046153
SpecifiedAnnualDemand,FUEL,SE_RESREF,SE,2050,0.003622,0.047289
SpecifiedAnnualDemand,FUEL,SE_RESREF,SE,2051,0.003662,0.048364
SpecifiedAnnualDemand,FUEL,SE_RESREF,SE,2052,0.003703,0.049447
SpecifiedAnnualDemand,FUEL,SE_RESREF,SE,2053,0.003744,0.050538
SpecifiedAnnualDemand,FUEL,SE_RESREF,SE,2054,0.003786,0.051638
SpecifiedDemandProfile,FUEL,IN_RESCLIM,IN,2022,0.008914,0.008914
SpecifiedDemandProfile,FUEL,IN_RESCLIM,IN,2023,0.008385,0.008385
SpecifiedDemandProfile,FUEL,IN_RESCLIM,IN,2024,0.010353,0.010353
SpecifiedDemandProfile,FUEL,IN_RESCLIM,IN,2025,0.010839,0.010839
SpecifiedDemandProfile,FUEL,IN_RESCLIM,IN,2026,0.010853,0.010853
SpecifiedDemandProfile,FUEL,IN_RESCLIM,IN,2027,0.010865,0.010865
SpecifiedDemandProfile,FUEL,IN_RESCLIM,IN,2028,0.010871,0.010871
SpecifiedDemandProfile,FUEL,IN_RESCLIM,IN,2029,0.010876,0.010876
SpecifiedDemandProfile,FUEL,IN_RESCLIM,IN,2030,0.010874,0.010874
SpecifiedDemandProfile,FUEL,IN_RESCLIM,IN,2031,0.010863,0.010863
SpecifiedDemandProfile,FUEL,IN_RESCLIM,IN,2032,0.010851,0.010851
SpecifiedDemandProfile,FUEL,IN_RESCLIM,IN,2033,0.010839,0.010839
SpecifiedDemandProfile,FUEL,IN_RESCLIM,IN,2034,0.010826,0.010826
SpecifiedDemandProfile,FUEL,IN_RESCLIM,IN,2035,0.010813,0.010813
SpecifiedDemandProfile,FUEL,IN_RESCLIM,IN,2036,0.010799,0.010799
SpecifiedDemandProfile,FUEL,IN_RESCLIM,IN,2037,0.010794,0.010794
SpecifiedDemandProfile,FUEL,IN_RESCLIM,IN,2038,0.010784,0.010784
SpecifiedDemandProfile,FUEL,IN_RESCLIM,IN,2039,0.01077,0.01077
SpecifiedDemandProfile,FUEL,IN_RESCLIM,IN,2040,0.010761,0.010761
SpecifiedDemandProfile,FUEL,IN_RESCLIM,IN,2041,0.01075,0.01075
SpecifiedDemandProfile,FUEL,IN_RESCLIM,IN,2042,0.010746,0.010746
SpecifiedDemandProfile,FUEL,IN_RESCLIM,IN,2043,0.01074,0.01074
SpecifiedDemandProfile,FUEL,IN_RESCLIM,IN,2044,0.010738,0.010738
SpecifiedDemandProfile,FUEL,IN_RESCLIM,IN,2045,0.010739,0.010739
SpecifiedDemandProfile,FUEL,IN_RESCLIM,IN,2046,0.010733,0.010733
SpecifiedDemandProfile,FUEL,IN_RESCLIM,IN,2047,0.010735,0.010735
SpecifiedDemandProfile,FUEL,IN_RESCLIM,IN,2048,0.010737,0.010737
SpecifiedDemandProfile,FUEL,IN_RESCLIM,IN,2049,0.010736,0.010736
SpecifiedDemandProfile,FUEL,IN_RESCLIM,IN,2050,0.010742,0.010742
SpecifiedDemandProfile,FUEL,IN_RESCLIM,IN,2051,0.01075,0.01075
SpecifiedDemandProfile,FUEL,IN_RESCLIM,IN,2052,0.01076,0.01076
SpecifiedDemandProfile,FUEL,IN_RESCLIM,IN,2053,0.010772,0.010772
SpecifiedDemandProfile,FUEL,IN_RESCLIM,IN,2054,0.010787,0.010787
SpecifiedDemandProfile,FUEL,IN_RESDHT,IN,2022,0.001371,0.001371
SpecifiedDemandProfile,FUEL,IN_RESDHT,IN,2023,0.001448,0.001448
SpecifiedDemandProfile,FUEL,IN_RESDHT,IN,2024,0.001343,0.001343
SpecifiedDemandProfile,FUEL,IN_RESDHT,IN,2025,0.001434,0.001434
SpecifiedDemandProfile,FUEL,IN_RESDHT,IN,2026,0.001434,0.001434
SpecifiedDemandProfile,FUEL,IN_RESDHT,IN,2027,0.001434,0.001434
SpecifiedDemandProfile,FUEL,IN_RESDHT,IN,2028,0.001434,0.001434
SpecifiedDemandProfile,FUEL,IN_RESDHT,IN,2029,0.001435,0.001435
SpecifiedDemandProfile,FUEL,IN_RESDHT,IN,2030,0.001434,0.001434
SpecifiedDemandProfile,FUEL,IN_RESDHT,IN,2031,0.001433,0.001433
SpecifiedDemandProfile,FUEL,IN_RESDHT,IN,2032,0.001432,0.001432
SpecifiedDemandProfile,FUEL,IN_RESDHT,IN,2033,0.001431,0.001431
SpecifiedDemandProfile,FUEL,IN_RESDHT,IN,2034,0.00143,0.00143
SpecifiedDemandProfile,FUEL,IN_RESDHT,IN,2035,0.001429,0.001429
SpecifiedDemandProfile,FUEL,IN_RESDHT,IN,2036,0.001428,0.001428
SpecifiedDemandProfile,FUEL,IN_RESDHT,IN,2037,0.001428,0.001428
SpecifiedDemandProfile,FUEL,IN_RESDHT,IN,2038,0.001427,0.001427
SpecifiedDemandProfile,FUEL,IN_RESDHT,IN,2039,0.001426,0.001426
SpecifiedDemandProfile,FUEL,IN_RESDHT,IN,2040,0.001425,0.001425
SpecifiedDemandProfile,FUEL,IN_RESDHT,IN,2041,0.001424,0.001424
SpecifiedDemandProfile,FUEL,IN_RESDHT,IN,2042,0.001424,0.001424
SpecifiedDemandProfile,FUEL,IN_RESDHT,IN,2043,0.001424,0.001424
SpecifiedDemandProfile,FUEL,IN_RESDHT,IN,2044,0.001425,0.001425
SpecifiedDemandProfile,FUEL,IN_RESDHT,IN,2045,0.001425,0.001425
SpecifiedDemandProfile,FUEL,IN_RESDHT,IN,2046,0.001425,0.001425
SpecifiedDemandProfile,FUEL,IN_RESDHT,IN,2047,0.001426,0.001426
SpecifiedDemandProfile,FUEL,IN_RESDHT,IN,2048,0.001427,0.001427
SpecifiedDemandProfile,FUEL,IN_RESDHT,IN,2049,0.001427,0.001427
SpecifiedDemandProfile,FUEL,IN_RESDHT,IN,2050,0.001428,0.001428
SpecifiedDemandProfile,FUEL,IN_RESDHT,IN,2051,0.001429,0.001429
SpecifiedDemandProfile,FUEL,IN_RESDHT,IN,2052,0.001431,0.001431
SpecifiedDemandProfile,FUEL,IN_RESDHT,IN,2053,0.001433,0.001433
SpecifiedDemandProfile,FUEL,IN_RESDHT,IN,2054,0.001435,0.001435
SpecifiedDemandProfile,FUEL,IN_RESOTH,IN,2022,0.015004,0.105025
SpecifiedDemandProfile,FUEL,IN_RESOTH,IN,2023,0.014458,0.101203
SpecifiedDemandProfile,FUEL,IN_RESOTH,IN,2024,0.01366,0.09562
SpecifiedDemandProfile,FUEL,IN_RESOTH,IN,2025,0.013801,0.096608
SpecifiedDemandProfile,FUEL,IN_RESOTH,IN,2026,0.013592,0.095147
SpecifiedDemandProfile,FUEL,IN_RESOTH,IN,2027,0.013324,0.093265
SpecifiedDemandProfile,FUEL,IN_RESOTH,IN,2028,0.012997,0.090977
SpecifiedDemandProfile,FUEL,IN_RESOTH,IN,2029,0.012647,0.08853
SpecifiedDemandProfile,FUEL,IN_RESOTH,IN,2030,0.012261,0.085827
SpecifiedDemandProfile,FUEL,IN_RESOTH,IN,2031,0.011858,0.083005
SpecifiedDemandProfile,FUEL,IN_RESOTH,IN,2032,0.011457,0.080199
SpecifiedDemandProfile,FUEL,IN_RESOTH,IN,2033,0.011089,0.077621
SpecifiedDemandProfile,FUEL,IN_RESOTH,IN,2034,0.010702,0.074913
SpecifiedDemandProfile,FUEL,IN_RESOTH,IN,2035,0.010349,0.072443
SpecifiedDemandProfile,FUEL,IN_RESOTH,IN,2036,0.009981,0.069865
SpecifiedDemandProfile,FUEL,IN_RESOTH,IN,2037,0.00966,0.06762
SpecifiedDemandProfile,FUEL,IN_RESOTH,IN,2038,0.009336,0.065355
SpecifiedDemandProfile,FUEL,IN_RESOTH,IN,2039,0.009023,0.063162
SpecifiedDemandProfile,FUEL,IN_RESOTH,IN,2040,0.008704,0.06093
SpecifiedDemandProfile,FUEL,IN_RESOTH,IN,2041,0.008407,0.05885
SpecifiedDemandProfile,FUEL,IN_RESOTH,IN,2042,0.008123,0.056863
SpecifiedDemandProfile,FUEL,IN_RESOTH,IN,2043,0.007848,0.054936
SpecifiedDemandProfile,FUEL,IN_RESOTH,IN,2044,0.007591,0.053138
SpecifiedDemandProfile,FUEL,IN_RESOTH,IN,2045,0.007345,0.051416
SpecifiedDemandProfile,FUEL,IN_RESOTH,IN,2046,0.007092,0.049647
SpecifiedDemandProfile,FUEL,IN_RESOTH,IN,2047,0.006863,0.048044
SpecifiedDemandProfile,FUEL,IN_RESOTH,IN,2048,0.006631,0.046419
SpecifiedDemandProfile,FUEL,IN_RESOTH,IN,2049,0.006419,0.04493
SpecifiedDemandProfile,FUEL,IN_RESOTH,IN,2050,0.006213,0.043489
SpecifiedDemandProfile,FUEL,IN_RESOTH,IN,2051,0.006017,0.042122
SpecifiedDemandProfile,FUEL,IN_RESOTH,IN,2052,0.005832,0.040821
SpecifiedDemandProfile,FUEL,IN_RESOTH,IN,2053,0.005655,0.039582
SpecifiedDemandProfile,FUEL,IN_RESOTH,IN,2054,0.005486,0.038403
SpecifiedDemandProfile,FUEL,IN_RESREF,IN,2022,0.002309,0.002309
SpecifiedDemandProfile,FUEL,IN_RESREF,IN,2023,0.002454,0.002454
SpecifiedDemandProfile,FUEL,IN_RESREF,IN,2024,0.00207,0.00207
SpecifiedDemandProfile,FUEL,IN_RESREF,IN,2025,0.002253,0.002253
SpecifiedDemandProfile,FUEL,IN_RESREF,IN,2026,0.002253,0.002253
SpecifiedDemandProfile,FUEL,IN_RESREF,IN,2027,0.002253,0.002253
SpecifiedDemandProfile,FUEL,IN_RESREF,IN,2028,0.002253,0.002253
SpecifiedDemandProfile,FUEL,IN_RESREF,IN,2029,0.002253,0.002253
SpecifiedDemandProfile,FUEL,IN_RESREF,IN,2030,0.002253,0.002253
SpecifiedDemandProfile,FUEL,IN_RESREF,IN,2031,0.002252,0.002252
SpecifiedDemandProfile,FUEL,IN_RESREF,IN,2032,0.00225,0.00225
SpecifiedDemandProfile,FUEL,IN_RESREF,IN,2033,0.002249,0.002249
SpecifiedDemandProfile,FUEL,IN_RESREF,IN,2034,0.002247,0.002247
SpecifiedDemandProfile,FUEL,IN_RESREF,IN,2035,0.002245,0.002245
SpecifiedDemandProfile,FUEL,IN_RESREF,IN,2036,0.002243,0.002243
SpecifiedDemandProfile,FUEL,IN_RESREF,IN,2037,0.002243,0.002243
SpecifiedDemandProfile,FUEL,IN_RESREF,IN,2038,0.002242,0.002242
SpecifiedDemandProfile,FUEL,IN_RESREF,IN,2039,0.00224,0.00224
SpecifiedDemandProfile,FUEL,IN_RESREF,IN,2040,0.002239,0.002239
SpecifiedDemandProfile,FUEL,IN_RESREF,IN,2041,0.002238,0.002238
SpecifiedDemandProfile,FUEL,IN_RESREF,IN,2042,0.002239,0.002239
SpecifiedDemandProfile,FUEL,IN_RESREF,IN,2043,0.002238,0.002238
SpecifiedDemandProfile,FUEL,IN_RESREF,IN,2044,0.002239,0.002239
SpecifiedDemandProfile,FUEL,IN_RESREF,IN,2045,0.00224,0.00224
SpecifiedDemandProfile,FUEL,IN_RESREF,IN,2046,0.00224,0.00224
SpecifiedDemandProfile,FUEL,IN_RESREF,IN,2047,0.002241,0.002241
SpecifiedDemandProfile,FUEL,IN_RESREF,IN,2048,0.002242,0.002242
SpecifiedDemandProfile,FUEL,IN_RESREF,IN,2049,0.002243,0.002243
SpecifiedDemandProfile,FUEL,IN_RESREF,IN,2050,0.002245,0.002245
SpecifiedDemandProfile,FUEL,IN_RESREF,IN,2051,0.002247,0.002247
SpecifiedDemandProfile,FUEL,IN_RESREF,IN,2052,0.002249,0.002249
SpecifiedDemandProfile,FUEL,IN_RESREF,IN,2053,0.002252,0.002252
SpecifiedDemandProfile,FUEL,IN_RESREF,IN,2054,0.002255,0.002255
SpecifiedDemandProfile,FUEL,SE_RESCLIM,SE,2022,0.007421,0.014843
SpecifiedDemandProfile,FUEL,SE_RESCLIM,SE,2023,0.005761,0.011523
SpecifiedDemandProfile,FUEL,SE_RESCLIM,SE,2024,0.008775,0.017551
SpecifiedDemandProfile,FUEL,SE_RESCLIM,SE,2025,0.009017,0.018033
SpecifiedDemandProfile,FUEL,SE_RESCLIM,SE,2026,0.009131,0.018261
SpecifiedDemandProfile,FUEL,SE_RESCLIM,SE,2027,0.009251,0.018503
SpecifiedDemandProfile,FUEL,SE_RESCLIM,SE,2028,0.009374,0.018748
SpecifiedDemandProfile,FUEL,SE_RESCLIM,SE,2029,0.009502,0.019005
SpecifiedDemandProfile,FUEL,SE_RESCLIM,SE,2030,0.009639,0.019278
SpecifiedDemandProfile,FUEL,SE_RESCLIM,SE,2031,0.009785,0.019571
SpecifiedDemandProfile,FUEL,SE_RESCLIM,SE,2032,0.009934,0.019868
SpecifiedDemandProfile,FUEL,SE_RESCLIM,SE,2033,0.010086,0.020171
SpecifiedDemandProfile,FUEL,SE_RESCLIM,SE,2034,0.010241,0.020481
SpecifiedDemandProfile,FUEL,SE_RESCLIM,SE,2035,0.010396,0.020792
SpecifiedDemandProfile,FUEL,SE_RESCLIM,SE,2036,0.010573,0.021146
SpecifiedDemandProfile,FUEL,SE_RESCLIM,SE,2037,0.010727,0.021453
SpecifiedDemandProfile,FUEL,SE_RESCLIM,SE,2038,0.010879,0.021758
SpecifiedDemandProfile,FUEL,SE_RESCLIM,SE,2039,0.011028,0.022057
SpecifiedDemandProfile,FUEL,SE_RESCLIM,SE,2040,0.011176,0.022351
SpecifiedDemandProfile,FUEL,SE_RESCLIM,SE,2041,0.011319,0.022637
SpecifiedDemandProfile,FUEL,SE_RESCLIM,SE,2042,0.011461,0.022922
SpecifiedDemandProfile,FUEL,SE_RESCLIM,SE,2043,0.011599,0.023198
SpecifiedDemandProfile,FUEL,SE_RESCLIM,SE,2044,0.011732,0.023465
SpecifiedDemandProfile,FUEL,SE_RESCLIM,SE,2045,0.011862,0.023723
SpecifiedDemandProfile,FUEL,SE_RESCLIM,SE,2046,0.011988,0.023976
SpecifiedDemandProfile,FUEL,SE_RESCLIM,SE,2047,0.01211,0.02422
SpecifiedDemandProfile,FUEL,SE_RESCLIM,SE,2048,0.012228,0.024456
SpecifiedDemandProfile,FUEL,SE_RESCLIM,SE,2049,0.012343,0.024685
SpecifiedDemandProfile,FUEL,SE_RESCLIM,SE,2050,0.012469,0.024938
SpecifiedDemandProfile,FUEL,SE_RESCLIM,SE,2051,0.012588,0.025176
SpecifiedDemandProfile,FUEL,SE_RESCLIM,SE,2052,0.012707,0.025413
SpecifiedDemandProfile,FUEL,SE_RESCLIM,SE,2053,0.012824,0.025648
SpecifiedDemandProfile,FUEL,SE_RESCLIM,SE,2054,0.012941,0.025882
SpecifiedDemandProfile,FUEL,SE_RESDHT,SE,2022,0.010168,0.020335
SpecifiedDemandProfile,FUEL,SE_RESDHT,SE,2023,0.013287,0.026573
SpecifiedDemandProfile,FUEL,SE_RESDHT,SE,2024,0.012654,0.025307
SpecifiedDemandProfile,FUEL,SE_RESDHT,SE,2025,0.013085,0.026171
SpecifiedDemandProfile,FUEL,SE_RESDHT,SE,2026,0.013254,0.026507
SpecifiedDemandProfile,FUEL,SE_RESDHT,SE,2027,0.013433,0.026866
SpecifiedDemandProfile,FUEL,SE_RESDHT,SE,2028,0.013619,0.027238
SpecifiedDemandProfile,FUEL,SE_RESDHT,SE,2029,0.013814,0.027628
SpecifiedDemandProfile,FUEL,SE_RESDHT,SE,2030,0.014025,0.02805
SpecifiedDemandProfile,FUEL,SE_RESDHT,SE,2031,0.014253,0.028505
SpecifiedDemandProfile,FUEL,SE_RESDHT,SE,2032,0.014486,0.028972
SpecifiedDemandProfile,FUEL,SE_RESDHT,SE,2033,0.014723,0.029447
SpecifiedDemandProfile,FUEL,SE_RESDHT,SE,2034,0.014968,0.029936
SpecifiedDemandProfile,FUEL,SE_RESDHT,SE,2035,0.015215,0.030429
SpecifiedDemandProfile,FUEL,SE_RESDHT,SE,2036,0.015518,0.031037
SpecifiedDemandProfile,FUEL,SE_RESDHT,SE,2037,0.015763,0.031526
SpecifiedDemandProfile,FUEL,SE_RESDHT,SE,2038,0.016007,0.032014
SpecifiedDemandProfile,FUEL,SE_RESDHT,SE,2039,0.016247,0.032494
SpecifiedDemandProfile,FUEL,SE_RESDHT,SE,2040,0.016483,0.032966
SpecifiedDemandProfile,FUEL,SE_RESDHT,SE,2041,0.016714,0.033427
SpecifiedDemandProfile,FUEL,SE_RESDHT,SE,2042,0.016943,0.033886
SpecifiedDemandProfile,FUEL,SE_RESDHT,SE,2043,0.017165,0.03433
SpecifiedDemandProfile,FUEL,SE_RESDHT,SE,2044,0.01738,0.03476
SpecifiedDemandProfile,FUEL,SE_RESDHT,SE,2045,0.017588,0.035175
SpecifiedDemandProfile,FUEL,SE_RESDHT,SE,2046,0.01779,0.03558
SpecifiedDemandProfile,FUEL,SE_RESDHT,SE,2047,0.017985,0.035971
SpecifiedDemandProfile,FUEL,SE_RESDHT,SE,2048,0.018171,0.036342
SpecifiedDemandProfile,FUEL,SE_RESDHT,SE,2049,0.018353,0.036705
SpecifiedDemandProfile,FUEL,SE_RESDHT,SE,2050,0.018551,0.037102
SpecifiedDemandProfile,FUEL,SE_RESDHT,SE,2051,0.018737,0.037473
SpecifiedDemandProfile,FUEL,SE_RESDHT,SE,2052,0.01892,0.03784
SpecifiedDemandProfile,FUEL,SE_RESDHT,SE,2053,0.0191,0.038201
SpecifiedDemandProfile,FUEL,SE_RESDHT,SE,2054,0.019278,0.038556
SpecifiedDemandProfile,FUEL,SE_RESOTH,SE,2022,0.005827,0.058274
SpecifiedDemandProfile,FUEL,SE_RESOTH,SE,2023,0.005564,0.055636
SpecifiedDemandProfile,FUEL,SE_RESOTH,SE,2024,0.005639,0.056386
SpecifiedDemandProfile,FUEL,SE_RESOTH,SE,2025,0.005828,0.058282
SpecifiedDemandProfile,FUEL,SE_RESOTH,SE,2026,0.005919,0.059191
SpecifiedDemandProfile,FUEL,SE_RESOTH,SE,2027,0.006015,0.060153
SpecifiedDemandProfile,FUEL,SE_RESOTH,SE,2028,0.006115,0.061148
SpecifiedDemandProfile,FUEL,SE_RESOTH,SE,2029,0.006218,0.062181
SpecifiedDemandProfile,FUEL,SE_RESOTH,SE,2030,0.006328,0.063284
SpecifiedDemandProfile,FUEL,SE_RESOTH,SE,2031,0.006446,0.064464
SpecifiedDemandProfile,FUEL,SE_RESOTH,SE,2032,0.006568,0.065676
SpecifiedDemandProfile,FUEL,SE_RESOTH,SE,2033,0.00669,0.066901
SpecifiedDemandProfile,FUEL,SE_RESOTH,SE,2034,0.006817,0.068167
SpecifiedDemandProfile,FUEL,SE_RESOTH,SE,2035,0.006944,0.06944
SpecifiedDemandProfile,FUEL,SE_RESOTH,SE,2036,0.007102,0.071018
SpecifiedDemandProfile,FUEL,SE_RESOTH,SE,2037,0.007228,0.072281
SpecifiedDemandProfile,FUEL,SE_RESOTH,SE,2038,0.007354,0.073541
SpecifiedDemandProfile,FUEL,SE_RESOTH,SE,2039,0.007478,0.074782
SpecifiedDemandProfile,FUEL,SE_RESOTH,SE,2040,0.007601,0.076009
SpecifiedDemandProfile,FUEL,SE_RESOTH,SE,2041,0.007721,0.077207
SpecifiedDemandProfile,FUEL,SE_RESOTH,SE,2042,0.00784,0.0784
SpecifiedDemandProfile,FUEL,SE_RESOTH,SE,2043,0.007956,0.079558
SpecifiedDemandProfile,FUEL,SE_RESOTH,SE,2044,0.008068,0.080679
SpecifiedDemandProfile,FUEL,SE_RESOTH,SE,2045,0.008177,0.081766
SpecifiedDemandProfile,FUEL,SE_RESOTH,SE,2046,0.008283,0.08283
SpecifiedDemandProfile,FUEL,SE_RESOTH,SE,2047,0.008386,0.083858
SpecifiedDemandProfile,FUEL,SE_RESOTH,SE,2048,0.008484,0.08484
SpecifiedDemandProfile,FUEL,SE_RESOTH,SE,2049,0.00858,0.085799
SpecifiedDemandProfile,FUEL,SE_RESOTH,SE,2050,0.008684,0.086838
SpecifiedDemandProfile,FUEL,SE_RESOTH,SE,2051,0.008781,0.087814
SpecifiedDemandProfile,FUEL,SE_RESOTH,SE,2052,0.008878,0.088777
SpecifiedDemandProfile,FUEL,SE_RESOTH,SE,2053,0.008973,0.089725
SpecifiedDemandProfile,FUEL,SE_RESOTH,SE,2054,0.009066,0.090659
SpecifiedDemandProfile,FUEL,SE_RESREF,SE,2022,0.004596,0.009192
SpecifiedDemandProfile,FUEL,SE_RESREF,SE,2023,0.004528,0.009056
SpecifiedDemandProfile,FUEL,SE_RESREF,SE,2024,0.005047,0.010094
SpecifiedDemandProfile,FUEL,SE_RESREF,SE,2025,0.005266,0.010532
SpecifiedDemandProfile,FUEL,SE_RESREF,SE,2026,0.005344,0.010687
SpecifiedDemandProfile,FUEL,SE_RESREF,SE,2027,0.005425,0.01085
SpecifiedDemandProfile,FUEL,SE_RESREF,SE,2028,0.005507,0.011015
SpecifiedDemandProfile,FUEL,SE_RESREF,SE,2029,0.005594,0.011187
SpecifiedDemandProfile,FUEL,SE_RESREF,SE,2030,0.005685,0.011369
SpecifiedDemandProfile,FUEL,SE_RESREF,SE,2031,0.005782,0.011564
SpecifiedDemandProfile,FUEL,SE_RESREF,SE,2032,0.005881,0.011762
SpecifiedDemandProfile,FUEL,SE_RESREF,SE,2033,0.005981,0.011963
SpecifiedDemandProfile,FUEL,SE_RESREF,SE,2034,0.006084,0.012169
SpecifiedDemandProfile,FUEL,SE_RESREF,SE,2035,0.006188,0.012375
SpecifiedDemandProfile,FUEL,SE_RESREF,SE,2036,0.006304,0.012608
SpecifiedDemandProfile,FUEL,SE_RESREF,SE,2037,0.006407,0.012813
SpecifiedDemandProfile,FUEL,SE_RESREF,SE,2038,0.006509,0.013017
SpecifiedDemandProfile,FUEL,SE_RESREF,SE,2039,0.006609,0.013219
SpecifiedDemandProfile,FUEL,SE_RESREF,SE,2040,0.006709,0.013418
SpecifiedDemandProfile,FUEL,SE_RESREF,SE,2041,0.006806,0.013612
SpecifiedDemandProfile,FUEL,SE_RESREF,SE,2042,0.006903,0.013806
SpecifiedDemandProfile,FUEL,SE_RESREF,SE,2043,0.006997,0.013995
SpecifiedDemandProfile,FUEL,SE_RESREF,SE,2044,0.00709,0.014179
SpecifiedDemandProfile,FUEL,SE_RESREF,SE,2045,0.007179,0.014358
SpecifiedDemandProfile,FUEL,SE_RESREF,SE,2046,0.007267,0.014534
SpecifiedDemandProfile,FUEL,SE_RESREF,SE,2047,0.007353,0.014705
SpecifiedDemandProfile,FUEL,SE_RESREF,SE,2048,0.007435,0.014871
SpecifiedDemandProfile,FUEL,SE_RESREF,SE,2049,0.007516,0.015033
SpecifiedDemandProfile,FUEL,SE_RESREF,SE,2050,0.007604,0.015209
SpecifiedDemandProfile,FUEL,SE_RESREF,SE,2051,0.007688,0.015376
SpecifiedDemandProfile,FUEL,SE_RESREF,SE,2052,0.007771,0.015542
SpecifiedDemandProfile,FUEL,SE_RESREF,SE,2053,0.007853,0.015707
SpecifiedDemandProfile,FUEL,SE_RESREF,SE,2054,0.007935,0.01587
