Region,Parametro,Dimension,Codigo_Origen,Codigo_Destino,Regla,Valor_Sumado,Anios
SE,ResidualCapacity,TECHNOLOGY,DEMRESELCAIR_PAR_HIG_RUR,SE_DEMRESELCAIR_PAR_HIG,colapso_sin_sufijo,0.0,2022;2023;2024;2025;2026;2027;2028;2029;2030;2031;2032;2033;2034;2035;2036;2037;2038;2039;2040;2041;2042;2043;2044;2045;2046;2047;2048;2049;2050;2051;2052;2053;2054
SE,ResidualCapacity,TECHNOLOGY,DEMRESELCAIR_PAR_LOW_RUR,SE_DEMRESELCAIR_PAR_LOW,colapso_sin_sufijo,0.000636,2022;2023;2024;2025;2026;2027;2028;2029;2030;2031;2032;2033;2034;2035;2036;2037;2038;2039;2040;2041;2042;2043;2044;2045;2046;2047;2048;2049;2050;2051;2052;2053;2054
IN,ResidualCapacity,TECHNOLOGY,DEMRESELCAIR_PAR_LOW_URB,IN_DEMRESELCAIR_PAR_LOW,colapso_sin_sufijo,0.125508,2022;2023;2024;2025;2026;2027;2028;2029;2030;2031;2032;2033;2034;2035;2036;2037;2038;2039;2040;2041;2042;2043;2044;2045;2046;2047;2048;2049;2050;2051;2052;2053;2054
SE,ResidualCapacity,TECHNOLOGY,DEMRESELCAIR_PAR_LOW_URB,SE_DEMRESELCAIR_PAR_LOW,colapso_sin_sufijo,0.044697,2022;2023;2024;2025;2026;2027;2028;2029;2030;2031;2032;2033;2034;2035;2036;2037;2038;2039;2040;2041;2042;2043;2044;2045;2046;2047;2048;2049;2050;2051;2052;2053;2054
SE,ResidualCapacity,TECHNOLOGY,DEMRESELCAIR_PAR_MID_RUR,SE_DEMRESELCAIR_PAR_MID,colapso_sin_sufijo,1.3e-05,2022;2023;2024;2025;2026;2027;2028;2029;2030;2031;2032;2033;2034;2035;2036;2037;2038;2039;2040;2041;2042;2043;2044;2045;2046;2047;2048;2049;2050;2051;2052;2053;2054
IN,ResidualCapacity,TECHNOLOGY,DEMRESELCAIR_PAR_MID_URB,IN_DEMRESELCAIR_PAR_MID,colapso_sin_sufijo,0.0027,2022;2023;2024;2025;2026;2027;2028;2029;2030;2031;2032;2033;2034;2035;2036;2037;2038;2039;2040;2041;2042;2043;2044;2045;2046;2047;2048;2049;2050;2051;2052;2053;2054
SE,ResidualCapacity,TECHNOLOGY,DEMRESELCAIR_PAR_MID_URB,SE_DEMRESELCAIR_PAR_MID,colapso_sin_sufijo,0.000959,2022;2023;2024;2025;2026;2027;2028;2029;2030;2031;2032;2033;2034;2035;2036;2037;2038;2039;2040;2041;2042;2043;2044;2045;2046;2047;2048;2049;2050;2051;2052;2053;2054
SE,ResidualCapacity,TECHNOLOGY,DEMRESELCAIR_POR_HIG_RUR,SE_DEMRESELCAIR_POR_HIG,colapso_sin_sufijo,0.0,2022;2023;2024;2025;2026;2027;2028;2029;2030;2031;2032;2033;2034;2035;2036;2037;2038;2039;2040;2041;2042;2043;2044;2045;2046;2047;2048;2049;2050;2051;2052;2053;2054
IN,ResidualCapacity,TECHNOLOGY,DEMRESELCAIR_POR_HIG_URB,IN_DEMRESELCAIR_POR_HIG,colapso_sin_sufijo,0.0,2022;2023;2024;2025;2026;2027;2028;2029;2030;2031;2032;2033;2034;2035;2036;2037;2038;2039;2040;2041;2042;2043;2044;2045;2046;2047;2048;2049;2050;2051;2052;2053;2054
SE,ResidualCapacity,TECHNOLOGY,DEMRESELCAIR_POR_HIG_URB,SE_DEMRESELCAIR_POR_HIG,colapso_sin_sufijo,0.0,2022;2023;2024;2025;2026;2027;2028;2029;2030;2031;2032;2033;2034;2035;2036;2037;2038;2039;2040;2041;2042;2043;2044;2045;2046;2047;2048;2049;2050;2051;2052;2053;2054
SE,ResidualCapacity,TECHNOLOGY,DEMRESELCAIR_POR_LOW_RUR,SE_DEMRESELCAIR_POR_LOW,colapso_sin_sufijo,0.0,2022;2023;2024;2025;2026;2027;2028;2029;2030;2031;2032;2033;2034;2035;2036;2037;2038;2039;2040;2041;2042;2043;2044;2045;2046;2047;2048;2049;2050;2051;2052;2053;2054
IN,ResidualCapacity,TECHNOLOGY,DEMRESELCAIR_POR_LOW_URB,IN_DEMRESELCAIR_POR_LOW,colapso_sin_sufijo,0.0,2022;2023;2024;2025;2026;2027;2028;2029;2030;2031;2032;2033;2034;2035;2036;2037;2038;2039;2040;2041;2042;2043;2044;2045;2046;2047;2048;2049;2050;2051;2052;2053;2054
SE,ResidualCapacity,TECHNOLOGY,DEMRESELCAIR_POR_LOW_URB,SE_DEMRESELCAIR_POR_LOW,colapso_sin_sufijo,0.0,2022;2023;2024;2025;2026;2027;2028;2029;2030;2031;2032;2033;2034;2035;2036;2037;2038;2039;2040;2041;2042;2043;2044;2045;2046;2047;2048;2049;2050;2051;2052;2053;2054
SE,ResidualCapacity,TECHNOLOGY,DEMRESELCAIR_POR_MID_RUR,SE_DEMRESELCAIR_POR_MID,colapso_sin_sufijo,0.0,2022;2023;2024;2025;2026;2027;2028;2029;2030;2031;2032;2033;2034;2035;2036;2037;2038;2039;2040;2041;2042;2043;2044;2045;2046;2047;2048;2049;2050;2051;2052;2053;2054
IN,ResidualCapacity,TECHNOLOGY,DEMRESELCAIR_POR_MID_URB,IN_DEMRESELCAIR_POR_MID,colapso_sin_sufijo,0.0,2022;2023;2024;2025;2026;2027;2028;2029;2030;2031;2032;2033;2034;2035;2036;2037;2038;2039;2040;2041;2042;2043;2044;2045;2046;2047;2048;2049;2050;2051;2052;2053;2054
SE,ResidualCapacity,TECHNOLOGY,DEMRESELCAIR_POR_MID_URB,SE_DEMRESELCAIR_POR_MID,colapso_sin_sufijo,0.0,2022;2023;2024;2025;2026;2027;2028;2029;2030;2031;2032;2033;2034;2035;2036;2037;2038;2039;2040;2041;2042;2043;2044;2045;2046;2047;2048;2049;2050;2051;2052;2053;2054
SE,ResidualCapacity,TECHNOLOGY,DEMRESELCAIR_SPL_HIG_RUR,SE_DEMRESELCAIR_SPL_HIG,colapso_sin_sufijo,0.0,2022;2023;2024;2025;2026;2027;2028;2029;2030;2031;2032;2033;2034;2035;2036;2037;2038;2039;2040;2041;2042;2043;2044;2045;2046;2047;2048;2049;2050;2051;2052;2053;2054
IN,ResidualCapacity,TECHNOLOGY,DEMRESELCAIR_SPL_HIG_URB,IN_DEMRESELCAIR_SPL_HIG,colapso_sin_sufijo,0.0,2022;2023;2024;2025;2026;2027;2028;2029;2030;2031;2032;2033;2034;2035;2036;2037;2038;2039;2040;2041;2042;2043;2044;2045;2046;2047;2048;2049;2050;2051;2052;2053;2054
SE,ResidualCapacity,TECHNOLOGY,DEMRESELCAIR_SPL_HIG_URB,SE_DEMRESELCAIR_SPL_HIG,colapso_sin_sufijo,0.0,2022;2023;2024;2025;2026;2027;2028;2029;2030;2031;2032;2033;2034;2035;2036;2037;2038;2039;2040;2041;2042;2043;2044;2045;2046;2047;2048;2049;2050;2051;2052;2053;2054
SE,ResidualCapacity,TECHNOLOGY,DEMRESELCAIR_SPL_LOW_RUR,SE_DEMRESELCAIR_SPL_LOW,colapso_sin_sufijo,0.000703,2022;2023;2024;2025;2026;2027;2028;2029;2030;2031;2032;2033;2034;2035;2036;2037;2038;2039;2040;2041;2042;2043;2044;2045;2046;2047;2048;2049;2050;2051;2052;2053;2054
IN,ResidualCapacity,TECHNOLOGY,DEMRESELCAIR_SPL_LOW_URB,IN_DEMRESELCAIR_SPL_LOW,colapso_sin_sufijo,0.133569,2022;2023;2024;2025;2026;2027;2028;2029;2030;2031;2032;2033;2034;2035;2036;2037;2038;2039;2040;2041;2042;2043;2044;2045;2046;2047;2048;2049;2050;2051;2052;2053;2054
SE,ResidualCapacity,TECHNOLOGY,DEMRESELCAIR_SPL_LOW_URB,SE_DEMRESELCAIR_SPL_LOW,colapso_sin_sufijo,0.04589,2022;2023;2024;2025;2026;2027;2028;2029;2030;2031;2032;2033;2034;2035;2036;2037;2038;2039;2040;2041;2042;2043;2044;2045;2046;2047;2048;2049;2050;2051;2052;2053;2054
SE,ResidualCapacity,TECHNOLOGY,DEMRESELCAIR_SPL_MID_RUR,SE_DEMRESELCAIR_SPL_MID,colapso_sin_sufijo,1.3e-05,2022;2023;2024;2025;2026;2027;2028;2029;2030;2031;2032;2033;2034;2035;2036;2037;2038;2039;2040;2041;2042;2043;2044;2045;2046;2047;2048;2049;2050;2051;2052;2053;2054
IN,ResidualCapacity,TECHNOLOGY,DEMRESELCAIR_SPL_MID_URB,IN_DEMRESELCAIR_SPL_MID,colapso_sin_sufijo,0.002762,2022;2023;2024;2025;2026;2027;2028;2029;2030;2031;2032;2033;2034;2035;2036;2037;2038;2039;2040;2041;2042;2043;2044;2045;2046;2047;2048;2049;2050;2051;2052;2053;2054
SE,ResidualCapacity,TECHNOLOGY,DEMRESELCAIR_SPL_MID_URB,SE_DEMRESELCAIR_SPL_MID,colapso_sin_sufijo,0.000942,2022;2023;2024;2025;2026;2027;2028;2029;2030;2031;2032;2033;2034;2035;2036;2037;2038;2039;2040;2041;2042;2043;2044;2045;2046;2047;2048;2049;2050;2051;2052;2053;2054
SE,ResidualCapacity,TECHNOLOGY,DEMRESELCCKN_HIG_RUR,SE_DEMRESELCCKN_HIG,colapso_sin_sufijo,0.0,2022;2023;2024;2025;2026;2027;2028;2029;2030;2031;2032;2033;2034;2035;2036;2037;2038;2039;2040;2041;2042;2043;2044;2045;2046;2047;2048;2049;2050;2051;2052;2053;2054
IN,ResidualCapacity,TECHNOLOGY,DEMRESELCCKN_HIG_URB,IN_DEMRESELCCKN_HIG,colapso_sin_sufijo,0.070554,2022;2023;2024;2025;2026;2027;2028;2029;2030;2031;2032;2033;2034;2035;2036;2037;2038;2039;2040;2041;2042;2043;2044;2045;2046;2047;2048;2049;2050;2051;2052;2053;2054
SE,ResidualCapacity,TECHNOLOGY,DEMRESELCCKN_HIG_URB,SE_DEMRESELCCKN_HIG,colapso_sin_sufijo,0.268493,2022;2023;2024;2025;2026;2027;2028;2029;2030;2031;2032;2033;2034;2035;2036;2037;2038;2039;2040;2041;2042;2043;2044;2045;2046;2047;2048;2049;2050;2051;2052;2053;2054
SE,ResidualCapacity,TECHNOLOGY,DEMRESELCCKN_LOW_RUR,SE_DEMRESELCCKN_LOW,colapso_sin_sufijo,0.021556,2022;2023;2024;2025;2026;2027;2028;2029;2030;2031;2032;2033;2034;2035;2036;2037;2038;2039;2040;2041;2042;2043;2044;2045;2046;2047;2048;2049;2050;2051;2052;2053;2054
IN,ResidualCapacity,TECHNOLOGY,DEMRESELCCKN_LOW_URB,IN_DEMRESELCCKN_LOW,colapso_sin_sufijo,0.16623,2022;2023;2024;2025;2026;2027;2028;2029;2030;2031;2032;2033;2034;2035;2036;2037;2038;2039;2040;2041;2042;2043;2044;2045;2046;2047;2048;2049;2050;2051;2052;2053;2054
SE,ResidualCapacity,TECHNOLOGY,DEMRESELCCKN_LOW_URB,SE_DEMRESELCCKN_LOW,colapso_sin_sufijo,0.581444,2022;2023;2024;2025;2026;2027;2028;2029;2030;2031;2032;2033;2034;2035;2036;2037;2038;2039;2040;2041;2042;2043;2044;2045;2046;2047;2048;2049;2050;2051;2052;2053;2054
SE,ResidualCapacity,TECHNOLOGY,DEMRESELCCKN_MID_RUR,SE_DEMRESELCCKN_MID,colapso_sin_sufijo,0.000428,2022;2023;2024;2025;2026;2027;2028;2029;2030;2031;2032;2033;2034;2035;2036;2037;2038;2039;2040;2041;2042;2043;2044;2045;2046;2047;2048;2049;2050;2051;2052;2053;2054
IN,ResidualCapacity,TECHNOLOGY,DEMRESELCCKN_MID_URB,IN_DEMRESELCCKN_MID,colapso_sin_sufijo,0.103292,2022;2023;2024;2025;2026;2027;2028;2029;2030;2031;2032;2033;2034;2035;2036;2037;2038;2039;2040;2041;2042;2043;2044;2045;2046;2047;2048;2049;2050;2051;2052;2053;2054
SE,ResidualCapacity,TECHNOLOGY,DEMRESELCCKN_MID_URB,SE_DEMRESELCCKN_MID,colapso_sin_sufijo,0.385425,2022;2023;2024;2025;2026;2027;2028;2029;2030;2031;2032;2033;2034;2035;2036;2037;2038;2039;2040;2041;2042;2043;2044;2045;2046;2047;2048;2049;2050;2051;2052;2053;2054
SE,ResidualCapacity,TECHNOLOGY,DEMRESELCFAN_HIG_RUR,SE_DEMRESELCFAN_HIG,colapso_sin_sufijo,0.104215,2022;2023;2024;2025;2026;2027;2028;2029;2030;2031;2032;2033;2034;2035;2036;2037;2038;2039;2040;2041;2042;2043;2044;2045;2046;2047;2048;2049;2050;2051;2052;2053;2054
IN,ResidualCapacity,TECHNOLOGY,DEMRESELCFAN_HIG_URB,IN_DEMRESELCFAN_HIG,colapso_sin_sufijo,0.284673,2022;2023;2024;2025;2026;2027;2028;2029;2030;2031;2032;2033;2034;2035;2036;2037;2038;2039;2040;2041;2042;2043;2044;2045;2046;2047;2048;2049;2050;2051;2052;2053;2054
SE,ResidualCapacity,TECHNOLOGY,DEMRESELCFAN_HIG_URB,SE_DEMRESELCFAN_HIG,colapso_sin_sufijo,0.384965,2022;2023;2024;2025;2026;2027;2028;2029;2030;2031;2032;2033;2034;2035;2036;2037;2038;2039;2040;2041;2042;2043;2044;2045;2046;2047;2048;2049;2050;2051;2052;2053;2054
SE,ResidualCapacity,TECHNOLOGY,DEMRESELCFAN_LOW_RUR,SE_DEMRESELCFAN_LOW,colapso_sin_sufijo,0.01177,2022;2023;2024;2025;2026;2027;2028;2029;2030;2031;2032;2033;2034;2035;2036;2037;2038;2039;2040;2041;2042;2043;2044;2045;2046;2047;2048;2049;2050;2051;2052;2053;2054
IN,ResidualCapacity,TECHNOLOGY,DEMRESELCFAN_LOW_URB,IN_DEMRESELCFAN_LOW,colapso_sin_sufijo,0.012227,2022;2023;2024;2025;2026;2027;2028;2029;2030;2031;2032;2033;2034;2035;2036;2037;2038;2039;2040;2041;2042;2043;2044;2045;2046;2047;2048;2049;2050;2051;2052;2053;2054
SE,ResidualCapacity,TECHNOLOGY,DEMRESELCFAN_LOW_URB,SE_DEMRESELCFAN_LOW,colapso_sin_sufijo,0.013416,2022;2023;2024;2025;2026;2027;2028;2029;2030;2031;2032;2033;2034;2035;2036;2037;2038;2039;2040;2041;2042;2043;2044;2045;2046;2047;2048;2049;2050;2051;2052;2053;2054
SE,ResidualCapacity,TECHNOLOGY,DEMRESELCFAN_MID_RUR,SE_DEMRESELCFAN_MID,colapso_sin_sufijo,0.000235,2022;2023;2024;2025;2026;2027;2028;2029;2030;2031;2032;2033;2034;2035;2036;2037;2038;2039;2040;2041;2042;2043;2044;2045;2046;2047;2048;2049;2050;2051;2052;2053;2054
IN,ResidualCapacity,TECHNOLOGY,DEMRESELCFAN_MID_URB,IN_DEMRESELCFAN_MID,colapso_sin_sufijo,0.000221,2022;2023;2024;2025;2026;2027;2028;2029;2030;2031;2032;2033;2034;2035;2036;2037;2038;2039;2040;2041;2042;2043;2044;2045;2046;2047;2048;2049;2050;2051;2052;2053;2054
SE,ResidualCapacity,TECHNOLOGY,DEMRESELCFAN_MID_URB,SE_DEMRESELCFAN_MID,colapso_sin_sufijo,0.000246,2022;2023;2024;2025;2026;2027;2028;2029;2030;2031;2032;2033;2034;2035;2036;2037;2038;2039;2040;2041;2042;2043;2044;2045;2046;2047;2048;2049;2050;2051;2052;2053;2054
IN,ResidualCapacity,TECHNOLOGY,DEMRESELCILU_HIG_RUR,IN_DEMRESELCOTH_HIG,redirigir_electrica_DEMRESELCOTH,0.0,2022;2023;2024;2025;2026;2027;2028;2029;2030;2031;2032;2033;2034;2035;2036;2037;2038;2039;2040;2041;2042;2043;2044;2045;2046;2047;2048;2049;2050;2051;2052;2053;2054
SE,ResidualCapacity,TECHNOLOGY,DEMRESELCILU_HIG_RUR,SE_DEMRESELCOTH_HIG,redirigir_electrica_DEMRESELCOTH,0.0,2022;2023;2024;2025;2026;2027;2028;2029;2030;2031;2032;2033;2034;2035;2036;2037;2038;2039;2040;2041;2042;2043;2044;2045;2046;2047;2048;2049;2050;2051;2052;2053;2054
IN,ResidualCapacity,TECHNOLOGY,DEMRESELCILU_INC_URB,IN_DEMRESELCOTH_MID,redirigir_electrica_DEMRESELCOTH,0.000714,2022;2023;2024
SE,ResidualCapacity,TECHNOLOGY,DEMRESELCILU_INC_URB,SE_DEMRESELCOTH_MID,redirigir_electrica_DEMRESELCOTH,0.000165,2022;2023;2024
IN,ResidualCapacity,TECHNOLOGY,DEMRESELCILU_LFC_URB,IN_DEMRESELCOTH_MID,redirigir_electrica_DEMRESELCOTH,0.004324,2022;2023;2024;2025;2026;2027;2028;2029;2030;2031;2032;2033;2034
SE,ResidualCapacity,TECHNOLOGY,DEMRESELCILU_LFC_URB,SE_DEMRESELCOTH_MID,redirigir_electrica_DEMRESELCOTH,0.001018,2022;2023;2024;2025;2026;2027;2028;2029;2030;2031;2032;2033;2034
IN,ResidualCapacity,TECHNOLOGY,DEMRESELCILU_LOW_RUR,IN_DEMRESELCOTH_LOW,redirigir_electrica_DEMRESELCOTH,0.016451,2022;2023;2024;2025;2026;2027;2028;2029;2030;2031;2032;2033;2034;2035;2036;2037;2038;2039;2040;2041;2042;2043;2044;2045;2046;2047;2048;2049;2050;2051;2052;2053;2054
SE,ResidualCapacity,TECHNOLOGY,DEMRESELCILU_LOW_RUR,SE_DEMRESELCOTH_LOW,redirigir_electrica_DEMRESELCOTH,0.00369,2022;2023;2024;2025;2026;2027;2028;2029;2030;2031;2032;2033;2034;2035;2036;2037;2038;2039;2040;2041;2042;2043;2044;2045;2046;2047;2048;2049;2050;2051;2052;2053;2054
IN,ResidualCapacity,TECHNOLOGY,DEMRESELCILU_MID_RUR,IN_DEMRESELCOTH_MID,redirigir_electrica_DEMRESELCOTH,0.0,2022;2023;2024;2025;2026;2027;2028;2029;2030;2031;2032;2033;2034;2035;2036;2037;2038;2039;2040;2041;2042;2043;2044;2045;2046;2047;2048;2049;2050;2051;2052;2053;2054
SE,ResidualCapacity,TECHNOLOGY,DEMRESELCILU_MID_RUR,SE_DEMRESELCOTH_MID,redirigir_electrica_DEMRESELCOTH,0.0,2022;2023;2024;2025;2026;2027;2028;2029;2030;2031;2032;2033;2034;2035;2036;2037;2038;2039;2040;2041;2042;2043;2044;2045;2046;2047;2048;2049;2050;2051;2052;2053;2054
IN,ResidualCapacity,TECHNOLOGY,DEMRESELCOTH_HIG_RUR,IN_DEMRESELCOTH_HIG,colapso_sin_sufijo,0.0,2022;2023;2024;2025;2026;2027;2028;2029;2030;2031;2032;2033;2034;2035;2036;2037;2038;2039;2040;2041;2042;2043;2044;2045;2046;2047;2048;2049;2050;2051;2052;2053;2054
SE,ResidualCapacity,TECHNOLOGY,DEMRESELCOTH_HIG_RUR,SE_DEMRESELCOTH_HIG,colapso_sin_sufijo,0.0,2022;2023;2024;2025;2026;2027;2028;2029;2030;2031;2032;2033;2034;2035;2036;2037;2038;2039;2040;2041;2042;2043;2044;2045;2046;2047;2048;2049;2050;2051;2052;2053;2054
IN,ResidualCapacity,TECHNOLOGY,DEMRESELCOTH_HIG_URB,IN_DEMRESELCOTH_HIG,colapso_sin_sufijo,0.0,2022;2023;2024;2025;2026;2027;2028;2029;2030;2031;2032;2033;2034;2035;2036;2037;2038;2039;2040;2041;2042;2043;2044;2045;2046;2047;2048;2049;2050;2051;2052;2053;2054
SE,ResidualCapacity,TECHNOLOGY,DEMRESELCOTH_HIG_URB,SE_DEMRESELCOTH_HIG,colapso_sin_sufijo,0.0,2022;2023;2024;2025;2026;2027;2028;2029;2030;2031;2032;2033;2034;2035;2036;2037;2038;2039;2040;2041;2042;2043;2044;2045;2046;2047;2048;2049;2050;2051;2052;2053;2054
IN,ResidualCapacity,TECHNOLOGY,DEMRESELCOTH_LOW_RUR,IN_DEMRESELCOTH_LOW,colapso_sin_sufijo,0.136968,2022;2023;2024;2025;2026;2027;2028;2029;2030;2031;2032;2033;2034;2035;2036;2037;2038;2039;2040;2041;2042;2043;2044;2045;2046;2047;2048;2049;2050;2051;2052;2053;2054
SE,ResidualCapacity,TECHNOLOGY,DEMRESELCOTH_LOW_RUR,SE_DEMRESELCOTH_LOW,colapso_sin_sufijo,0.109852,2022;2023;2024;2025;2026;2027;2028;2029;2030;2031;2032;2033;2034;2035;2036;2037;2038;2039;2040;2041;2042;2043;2044;2045;2046;2047;2048;2049;2050;2051;2052;2053;2054
IN,ResidualCapacity,TECHNOLOGY,DEMRESELCOTH_LOW_URB,IN_DEMRESELCOTH_LOW,colapso_sin_sufijo,0.048881,2022;2023;2024;2025;2026;2027;2028;2029;2030;2031;2032;2033;2034;2035;2036;2037;2038;2039;2040;2041;2042;2043;2044;2045;2046;2047;2048;2049;2050;2051;2052;2053;2054
SE,ResidualCapacity,TECHNOLOGY,DEMRESELCOTH_LOW_URB,SE_DEMRESELCOTH_LOW,colapso_sin_sufijo,0.002404,2022;2023;2024;2025;2026;2027;2028;2029;2030;2031;2032;2033;2034;2035;2036;2037;2038;2039;2040;2041;2042;2043;2044;2045;2046;2047;2048;2049;2050;2051;2052;2053;2054
IN,ResidualCapacity,TECHNOLOGY,DEMRESELCOTH_MID_RUR,IN_DEMRESELCOTH_MID,colapso_sin_sufijo,0.0,2022;2023;2024;2025;2026;2027;2028;2029;2030;2031;2032;2033;2034;2035;2036;2037;2038;2039;2040;2041;2042;2043;2044;2045;2046;2047;2048;2049;2050;2051;2052;2053;2054
SE,ResidualCapacity,TECHNOLOGY,DEMRESELCOTH_MID_RUR,SE_DEMRESELCOTH_MID,colapso_sin_sufijo,0.0,2022;2023;2024;2025;2026;2027;2028;2029;2030;2031;2032;2033;2034;2035;2036;2037;2038;2039;2040;2041;2042;2043;2044;2045;2046;2047;2048;2049;2050;2051;2052;2053;2054
IN,ResidualCapacity,TECHNOLOGY,DEMRESELCOTH_MID_URB,IN_DEMRESELCOTH_MID,colapso_sin_sufijo,0.0,2022;2023;2024;2025;2026;2027;2028;2029;2030;2031;2032;2033;2034;2035;2036;2037;2038;2039;2040;2041;2042;2043;2044;2045;2046;2047;2048;2049;2050;2051;2052;2053;2054
SE,ResidualCapacity,TECHNOLOGY,DEMRESELCOTH_MID_URB,SE_DEMRESELCOTH_MID,colapso_sin_sufijo,0.0,2022;2023;2024;2025;2026;2027;2028;2029;2030;2031;2032;2033;2034;2035;2036;2037;2038;2039;2040;2041;2042;2043;2044;2045;2046;2047;2048;2049;2050;2051;2052;2053;2054
SE,ResidualCapacity,TECHNOLOGY,DEMRESELCREF_HIG_RUR,SE_DEMRESELCREF_HIG,colapso_sin_sufijo,0.0,2022;2023;2024;2025;2026;2027;2028;2029;2030;2031;2032;2033;2034;2035;2036;2037;2038;2039;2040;2041;2042;2043;2044;2045;2046;2047;2048;2049;2050;2051;2052;2053;2054
IN,ResidualCapacity,TECHNOLOGY,DEMRESELCREF_HIG_URB,IN_DEMRESELCREF_HIG,colapso_sin_sufijo,0.0,2022;2023;2024;2025;2026;2027;2028;2029;2030;2031;2032;2033;2034;2035;2036;2037;2038;2039;2040;2041;2042;2043;2044;2045;2046;2047;2048;2049;2050;2051;2052;2053;2054
SE,ResidualCapacity,TECHNOLOGY,DEMRESELCREF_HIG_URB,SE_DEMRESELCREF_HIG,colapso_sin_sufijo,0.0,2022;2023;2024;2025;2026;2027;2028;2029;2030;2031;2032;2033;2034;2035;2036;2037;2038;2039;2040;2041;2042;2043;2044;2045;2046;2047;2048;2049;2050;2051;2052;2053;2054
SE,ResidualCapacity,TECHNOLOGY,DEMRESELCREF_LOW_RUR,SE_DEMRESELCREF_LOW,colapso_sin_sufijo,0.03144,2022;2023;2024;2025;2026;2027;2028;2029;2030;2031;2032;2033;2034;2035;2036;2037;2038;2039;2040;2041;2042;2043;2044;2045;2046;2047;2048;2049;2050;2051;2052;2053;2054
IN,ResidualCapacity,TECHNOLOGY,DEMRESELCREF_LOW_URB,IN_DEMRESELCREF_LOW,colapso_sin_sufijo,0.206257,2022;2023;2024;2025;2026;2027;2028;2029;2030;2031;2032;2033;2034;2035;2036;2037;2038;2039;2040;2041;2042;2043;2044;2045;2046;2047;2048;2049;2050;2051;2052;2053;2054
SE,ResidualCapacity,TECHNOLOGY,DEMRESELCREF_LOW_URB,SE_DEMRESELCREF_LOW,colapso_sin_sufijo,0.238586,2022;2023;2024;2025;2026;2027;2028;2029;2030;2031;2032;2033;2034;2035;2036;2037;2038;2039;2040;2041;2042;2043;2044;2045;2046;2047;2048;2049;2050;2051;2052;2053;2054
SE,ResidualCapacity,TECHNOLOGY,DEMRESELCREF_MID_RUR,SE_DEMRESELCREF_MID,colapso_sin_sufijo,0.00066,2022;2023;2024;2025;2026;2027;2028;2029;2030;2031;2032;2033;2034;2035;2036;2037;2038;2039;2040;2041;2042;2043;2044;2045;2046;2047;2048;2049;2050;2051;2052;2053;2054
IN,ResidualCapacity,TECHNOLOGY,DEMRESELCREF_MID_URB,IN_DEMRESELCREF_MID,colapso_sin_sufijo,0.004213,2022;2023;2024;2025;2026;2027;2028;2029;2030;2031;2032;2033;2034;2035;2036;2037;2038;2039;2040;2041;2042;2043;2044;2045;2046;2047;2048;2049;2050;2051;2052;2053;2054
SE,ResidualCapacity,TECHNOLOGY,DEMRESELCREF_MID_URB,SE_DEMRESELCREF_MID,colapso_sin_sufijo,0.004925,2022;2023;2024;2025;2026;2027;2028;2029;2030;2031;2032;2033;2034;2035;2036;2037;2038;2039;2040;2041;2042;2043;2044;2045;2046;2047;2048;2049;2050;2051;2052;2053;2054
SE,ResidualCapacity,TECHNOLOGY,DEMRESELCTV_CRT_RUR,SE_DEMRESELCOTH_MID,redirigir_electrica_DEMRESELCOTH,0.004783,2022;2023;2024;2025;2026;2027;2028;2029;2030;2031;2032;2033;2034;2035;2036;2037;2038;2039;2040;2041;2042;2043;2044;2045;2046;2047;2048;2049;2050;2051;2052;2053;2054
IN,ResidualCapacity,TECHNOLOGY,DEMRESELCTV_CRT_URB,IN_DEMRESELCOTH_MID,redirigir_electrica_DEMRESELCOTH,0.003621,2022;2023;2024;2025;2026;2027;2028;2029;2030;2031;2032;2033;2034;2035;2036;2037;2038;2039;2040;2041;2042;2043;2044;2045;2046;2047;2048;2049;2050;2051;2052;2053;2054
SE,ResidualCapacity,TECHNOLOGY,DEMRESELCTV_CRT_URB,SE_DEMRESELCOTH_MID,redirigir_electrica_DEMRESELCOTH,0.000768,2022;2023;2024;2025;2026;2027;2028;2029;2030;2031;2032;2033;2034;2035;2036;2037;2038;2039;2040;2041;2042;2043;2044;2045;2046;2047;2048;2049;2050;2051;2052;2053;2054
SE,ResidualCapacity,TECHNOLOGY,DEMRESELCTV_HIG_RUR,SE_DEMRESELCOTH_HIG,redirigir_electrica_DEMRESELCOTH,0.0,2022;2023;2024;2025;2026;2027;2028;2029;2030;2031;2032;2033;2034;2035;2036;2037;2038;2039;2040;2041;2042;2043;2044;2045;2046;2047;2048;2049;2050;2051;2052;2053;2054
IN,ResidualCapacity,TECHNOLOGY,DEMRESELCTV_HIG_URB,IN_DEMRESELCOTH_HIG,redirigir_electrica_DEMRESELCOTH,0.0,2022;2023;2024;2025;2026;2027;2028;2029;2030;2031;2032;2033;2034;2035;2036;2037;2038;2039;2040;2041;2042;2043;2044;2045;2046;2047;2048;2049;2050;2051;2052;2053;2054
SE,ResidualCapacity,TECHNOLOGY,DEMRESELCTV_HIG_URB,SE_DEMRESELCOTH_HIG,redirigir_electrica_DEMRESELCOTH,0.0,2022;2023;2024;2025;2026;2027;2028;2029;2030;2031;2032;2033;2034;2035;2036;2037;2038;2039;2040;2041;2042;2043;2044;2045;2046;2047;2048;2049;2050;2051;2052;2053;2054
SE,ResidualCapacity,TECHNOLOGY,DEMRESELCTV_LOW_RUR,SE_DEMRESELCOTH_LOW,redirigir_electrica_DEMRESELCOTH,0.00751,2022;2023;2024;2025;2026;2027;2028;2029;2030;2031;2032;2033;2034;2035;2036;2037;2038;2039;2040;2041;2042;2043;2044;2045;2046;2047;2048;2049;2050;2051;2052;2053;2054
IN,ResidualCapacity,TECHNOLOGY,DEMRESELCTV_LOW_URB,IN_DEMRESELCOTH_LOW,redirigir_electrica_DEMRESELCOTH,0.011433,2022;2023;2024;2025;2026;2027;2028;2029;2030;2031;2032;2033;2034;2035;2036;2037;2038;2039;2040;2041;2042;2043;2044;2045;2046;2047;2048;2049;2050;2051;2052;2053;2054
SE,ResidualCapacity,TECHNOLOGY,DEMRESELCTV_LOW_URB,SE_DEMRESELCOTH_LOW,redirigir_electrica_DEMRESELCOTH,0.001118,2022;2023;2024;2025;2026;2027;2028;2029;2030;2031;2032;2033;2034;2035;2036;2037;2038;2039;2040;2041;2042;2043;2044;2045;2046;2047;2048;2049;2050;2051;2052;2053;2054
SE,ResidualCapacity,TECHNOLOGY,DEMRESELCTV_MID_RUR,SE_DEMRESELCOTH_MID,redirigir_electrica_DEMRESELCOTH,0.000121,2022;2023;2024;2025;2026;2027;2028;2029;2030;2031;2032;2033;2034;2035;2036;2037;2038;2039;2040;2041;2042;2043;2044;2045;2046;2047;2048;2049;2050;2051;2052;2053;2054
IN,ResidualCapacity,TECHNOLOGY,DEMRESELCTV_MID_URB,IN_DEMRESELCOTH_MID,redirigir_electrica_DEMRESELCOTH,0.000177,2022;2023;2024;2025;2026;2027;2028;2029;2030;2031;2032;2033;2034;2035;2036;2037;2038;2039;2040;2041;2042;2043;2044;2045;2046;2047;2048;2049;2050;2051;2052;2053;2054
SE,ResidualCapacity,TECHNOLOGY,DEMRESELCTV_MID_URB,SE_DEMRESELCOTH_MID,redirigir_electrica_DEMRESELCOTH,1.8e-05,2022;2023;2024;2025;2026;2027;2028;2029;2030;2031;2032;2033;2034;2035;2036;2037;2038;2039;2040;2041;2042;2043;2044;2045;2046;2047;2048;2049;2050;2051;2052;2053;2054
SE,ResidualCapacity,TECHNOLOGY,DEMRESELCWHT_DUC_HIG_RUR,SE_DEMRESELCOTH_HIG,redirigir_electrica_DEMRESELCOTH,0.0,2022;2023;2024;2025;2026;2027;2028;2029;2030;2031;2032;2033;2034;2035;2036;2037;2038;2039;2040;2041;2042;2043;2044;2045;2046;2047;2048;2049;2050;2051;2052;2053;2054
IN,ResidualCapacity,TECHNOLOGY,DEMRESELCWHT_DUC_HIG_URB,IN_DEMRESELCOTH_HIG,redirigir_electrica_DEMRESELCOTH,0.0,2022;2023;2024;2025;2026;2027;2028;2029;2030;2031;2032;2033;2034;2035;2036;2037;2038;2039;2040;2041;2042;2043;2044;2045;2046;2047;2048;2049;2050;2051;2052;2053;2054
SE,ResidualCapacity,TECHNOLOGY,DEMRESELCWHT_DUC_HIG_URB,SE_DEMRESELCOTH_HIG,redirigir_electrica_DEMRESELCOTH,0.0,2022;2023;2024;2025;2026;2027;2028;2029;2030;2031;2032;2033;2034;2035;2036;2037;2038;2039;2040;2041;2042;2043;2044;2045;2046;2047;2048;2049;2050;2051;2052;2053;2054
SE,ResidualCapacity,TECHNOLOGY,DEMRESELCWHT_DUC_LOW_RUR,SE_DEMRESELCOTH_LOW,redirigir_electrica_DEMRESELCOTH,0.000267,2022;2023;2024;2025;2026;2027;2028;2029;2030;2031;2032;2033;2034;2035;2036;2037;2038;2039;2040;2041;2042;2043;2044;2045;2046;2047;2048;2049;2050;2051;2052;2053;2054
IN,ResidualCapacity,TECHNOLOGY,DEMRESELCWHT_DUC_LOW_URB,IN_DEMRESELCOTH_LOW,redirigir_electrica_DEMRESELCOTH,0.007238,2022;2023;2024;2025;2026;2027;2028;2029;2030;2031;2032;2033;2034;2035;2036;2037;2038;2039;2040;2041;2042;2043;2044;2045;2046;2047;2048;2049;2050;2051;2052;2053;2054
SE,ResidualCapacity,TECHNOLOGY,DEMRESELCWHT_DUC_LOW_URB,SE_DEMRESELCOTH_LOW,redirigir_electrica_DEMRESELCOTH,0.001987,2022;2023;2024;2025;2026;2027;2028;2029;2030;2031;2032;2033;2034;2035;2036;2037;2038;2039;2040;2041;2042;2043;2044;2045;2046;2047;2048;2049;2050;2051;2052;2053;2054
SE,ResidualCapacity,TECHNOLOGY,DEMRESELCWHT_DUC_MID_RUR,SE_DEMRESELCOTH_MID,redirigir_electrica_DEMRESELCOTH,3e-06,2022;2023;2024;2025;2026;2027;2028;2029;2030;2031;2032;2033;2034;2035;2036;2037;2038;2039;2040;2041;2042;2043;2044;2045;2046;2047;2048;2049;2050;2051;2052;2053;2054
IN,ResidualCapacity,TECHNOLOGY,DEMRESELCWHT_DUC_MID_URB,IN_DEMRESELCOTH_MID,redirigir_electrica_DEMRESELCOTH,0.000134,2022;2023;2024;2025;2026;2027;2028;2029;2030;2031;2032;2033;2034;2035;2036;2037;2038;2039;2040;2041;2042;2043;2044;2045;2046;2047;2048;2049;2050;2051;2052;2053;2054
SE,ResidualCapacity,TECHNOLOGY,DEMRESELCWHT_DUC_MID_URB,SE_DEMRESELCOTH_MID,redirigir_electrica_DEMRESELCOTH,2.9e-05,2022;2023;2024;2025;2026;2027;2028;2029;2030;2031;2032;2033;2034;2035;2036;2037;2038;2039;2040;2041;2042;2043;2044;2045;2046;2047;2048;2049;2050;2051;2052;2053;2054
SE,ResidualCapacity,TECHNOLOGY,DEMRESELCWHT_PAS_HIG_RUR,SE_DEMRESELCOTH_HIG,redirigir_electrica_DEMRESELCOTH,0.0,2022;2023;2024;2025;2026;2027;2028;2029;2030;2031;2032;2033;2034;2035;2036;2037;2038;2039;2040;2041;2042;2043;2044;2045;2046;2047;2048;2049;2050;2051;2052;2053;2054
IN,ResidualCapacity,TECHNOLOGY,DEMRESELCWHT_PAS_HIG_URB,IN_DEMRESELCOTH_HIG,redirigir_electrica_DEMRESELCOTH,0.0,2022;2023;2024;2025;2026;2027;2028;2029;2030;2031;2032;2033;2034;2035;2036;2037;2038;2039;2040;2041;2042;2043;2044;2045;2046;2047;2048;2049;2050;2051;2052;2053;2054
SE,ResidualCapacity,TECHNOLOGY,DEMRESELCWHT_PAS_HIG_URB,SE_DEMRESELCOTH_HIG,redirigir_electrica_DEMRESELCOTH,0.0,2022;2023;2024;2025;2026;2027;2028;2029;2030;2031;2032;2033;2034;2035;2036;2037;2038;2039;2040;2041;2042;2043;2044;2045;2046;2047;2048;2049;2050;2051;2052;2053;2054
SE,ResidualCapacity,TECHNOLOGY,DEMRESELCWHT_PAS_LOW_RUR,SE_DEMRESELCOTH_LOW,redirigir_electrica_DEMRESELCOTH,0.000602,2022;2023;2024;2025;2026;2027;2028;2029;2030;2031;2032;2033;2034;2035;2036;2037;2038;2039;2040;2041;2042;2043;2044;2045;2046;2047;2048;2049;2050;2051;2052;2053;2054
IN,ResidualCapacity,TECHNOLOGY,DEMRESELCWHT_PAS_LOW_URB,IN_DEMRESELCOTH_LOW,redirigir_electrica_DEMRESELCOTH,0.005385,2022;2023;2024;2025;2026;2027;2028;2029;2030;2031;2032;2033;2034;2035;2036;2037;2038;2039;2040;2041;2042;2043;2044;2045;2046;2047;2048;2049;2050;2051;2052;2053;2054
SE,ResidualCapacity,TECHNOLOGY,DEMRESELCWHT_PAS_LOW_URB,SE_DEMRESELCOTH_LOW,redirigir_electrica_DEMRESELCOTH,0.001026,2022;2023;2024;2025;2026;2027;2028;2029;2030;2031;2032;2033;2034;2035;2036;2037;2038;2039;2040;2041;2042;2043;2044;2045;2046;2047;2048;2049;2050;2051;2052;2053;2054
SE,ResidualCapacity,TECHNOLOGY,DEMRESELCWHT_PAS_MID_RUR,SE_DEMRESELCOTH_MID,redirigir_electrica_DEMRESELCOTH,9e-06,2022;2023;2024;2025;2026;2027;2028;2029;2030;2031;2032;2033;2034;2035;2036;2037;2038;2039;2040;2041;2042;2043;2044;2045;2046;2047;2048;2049;2050;2051;2052;2053;2054
IN,ResidualCapacity,TECHNOLOGY,DEMRESELCWHT_PAS_MID_URB,IN_DEMRESELCOTH_MID,redirigir_electrica_DEMRESELCOTH,0.000118,2022;2023;2024;2025;2026;2027;2028;2029;2030;2031;2032;2033;2034;2035;2036;2037;2038;2039;2040;2041;2042;2043;2044;2045;2046;2047;2048;2049;2050;2051;2052;2053;2054
SE,ResidualCapacity,TECHNOLOGY,DEMRESELCWHT_PAS_MID_URB,SE_DEMRESELCOTH_MID,redirigir_electrica_DEMRESELCOTH,2.1e-05,2022;2023;2024;2025;2026;2027;2028;2029;2030;2031;2032;2033;2034;2035;2036;2037;2038;2039;2040;2041;2042;2043;2044;2045;2046;2047;2048;2049;2050;2051;2052;2053;2054
IN,ResidualCapacity,TECHNOLOGY,DEMRESELCWHT_TAN_HIG_RUR,IN_DEMRESELCOTH_HIG,redirigir_electrica_DEMRESELCOTH,0.0,2022;2023;2024;2025;2026;2027;2028;2029;2030;2031;2032;2033;2034;2035;2036;2037;2038;2039;2040;2041;2042;2043;2044;2045;2046;2047;2048;2049;2050;2051;2052;2053;2054
SE,ResidualCapacity,TECHNOLOGY,DEMRESELCWHT_TAN_HIG_RUR,SE_DEMRESELCOTH_HIG,redirigir_electrica_DEMRESELCOTH,0.0,2022;2023;2024;2025;2026;2027;2028;2029;2030;2031;2032;2033;2034;2035;2036;2037;2038;2039;2040;2041;2042;2043;2044;2045;2046;2047;2048;2049;2050;2051;2052;2053;2054
IN,ResidualCapacity,TECHNOLOGY,DEMRESELCWHT_TAN_HIG_URB,IN_DEMRESELCOTH_HIG,redirigir_electrica_DEMRESELCOTH,0.0,2022;2023;2024;2025;2026;2027;2028;2029;2030;2031;2032;2033;2034;2035;2036;2037;2038;2039;2040;2041;2042;2043;2044;2045;2046;2047;2048;2049;2050;2051;2052;2053;2054
SE,ResidualCapacity,TECHNOLOGY,DEMRESELCWHT_TAN_HIG_URB,SE_DEMRESELCOTH_HIG,redirigir_electrica_DEMRESELCOTH,0.0,2022;2023;2024;2025;2026;2027;2028;2029;2030;2031;2032;2033;2034;2035;2036;2037;2038;2039;2040;2041;2042;2043;2044;2045;2046;2047;2048;2049;2050;2051;2052;2053;2054
IN,ResidualCapacity,TECHNOLOGY,DEMRESELCWHT_TAN_LOW_RUR,IN_DEMRESELCOTH_LOW,redirigir_electrica_DEMRESELCOTH,0.0,2022;2023;2024;2025;2026;2027;2028;2029;2030;2031;2032;2033;2034;2035;2036;2037;2038;2039;2040;2041;2042;2043;2044;2045;2046;2047;2048;2049;2050;2051;2052;2053;2054
SE,ResidualCapacity,TECHNOLOGY,DEMRESELCWHT_TAN_LOW_RUR,SE_DEMRESELCOTH_LOW,redirigir_electrica_DEMRESELCOTH,0.0,2022;2023;2024;2025;2026;2027;2028;2029;2030;2031;2032;2033;2034;2035;2036;2037;2038;2039;2040;2041;2042;2043;2044;2045;2046;2047;2048;2049;2050;2051;2052;2053;2054
IN,ResidualCapacity,TECHNOLOGY,DEMRESELCWHT_TAN_LOW_URB,IN_DEMRESELCOTH_LOW,redirigir_electrica_DEMRESELCOTH,0.002426,2022;2023;2024;2025;2026;2027;2028;2029;2030;2031;2032;2033;2034;2035;2036;2037;2038;2039;2040;2041;2042;2043;2044;2045;2046;2047;2048;2049;2050;2051;2052;2053;2054
SE,ResidualCapacity,TECHNOLOGY,DEMRESELCWHT_TAN_LOW_URB,SE_DEMRESELCOTH_LOW,redirigir_electrica_DEMRESELCOTH,0.000462,2022;2023;2024;2025;2026;2027;2028;2029;2030;2031;2032;2033;2034;2035;2036;2037;2038;2039;2040;2041;2042;2043;2044;2045;2046;2047;2048;2049;2050;2051;2052;2053;2054
IN,ResidualCapacity,TECHNOLOGY,DEMRESELCWHT_TAN_MID_RUR,IN_DEMRESELCOTH_MID,redirigir_electrica_DEMRESELCOTH,0.0,2022;2023;2024;2025;2026;2027;2028;2029;2030;2031;2032;2033;2034;2035;2036;2037;2038;2039;2040;2041;2042;2043;2044;2045;2046;2047;2048;2049;2050;2051;2052;2053;2054
SE,ResidualCapacity,TECHNOLOGY,DEMRESELCWHT_TAN_MID_RUR,SE_DEMRESELCOTH_MID,redirigir_electrica_DEMRESELCOTH,0.0,2022;2023;2024;2025;2026;2027;2028;2029;2030;2031;2032;2033;2034;2035;2036;2037;2038;2039;2040;2041;2042;2043;2044;2045;2046;2047;2048;2049;2050;2051;2052;2053;2054
IN,ResidualCapacity,TECHNOLOGY,DEMRESELCWHT_TAN_MID_URB,IN_DEMRESELCOTH_MID,redirigir_electrica_DEMRESELCOTH,5.3e-05,2022;2023;2024;2025;2026;2027;2028;2029;2030;2031;2032;2033;2034;2035;2036;2037;2038;2039;2040;2041;2042;2043;2044;2045;2046;2047;2048;2049;2050;2051;2052;2053;2054
SE,ResidualCapacity,TECHNOLOGY,DEMRESELCWHT_TAN_MID_URB,SE_DEMRESELCOTH_MID,redirigir_electrica_DEMRESELCOTH,9e-06,2022;2023;2024;2025;2026;2027;2028;2029;2030;2031;2032;2033;2034;2035;2036;2037;2038;2039;2040;2041;2042;2043;2044;2045;2046;2047;2048;2049;2050;2051;2052;2053;2054
SE,ResidualCapacity,TECHNOLOGY,DEMRESELCWSH_HIG_RUR,SE_DEMRESELCOTH_HIG,redirigir_electrica_DEMRESELCOTH,0.0,2022;2023;2024;2025;2026;2027;2028;2029;2030;2031;2032;2033;2034;2035;2036;2037;2038;2039;2040;2041;2042;2043;2044;2045;2046;2047;2048;2049;2050;2051;2052;2053;2054
IN,ResidualCapacity,TECHNOLOGY,DEMRESELCWSH_HIG_URB,IN_DEMRESELCOTH_HIG,redirigir_electrica_DEMRESELCOTH,0.0,2022;2023;2024;2025;2026;2027;2028;2029;2030;2031;2032;2033;2034;2035;2036;2037;2038;2039;2040;2041;2042;2043;2044;2045;2046;2047;2048;2049;2050;2051;2052;2053;2054
SE,ResidualCapacity,TECHNOLOGY,DEMRESELCWSH_HIG_URB,SE_DEMRESELCOTH_HIG,redirigir_electrica_DEMRESELCOTH,0.0,2022;2023;2024;2025;2026;2027;2028;2029;2030;2031;2032;2033;2034;2035;2036;2037;2038;2039;2040;2041;2042;2043;2044;2045;2046;2047;2048;2049;2050;2051;2052;2053;2054
SE,ResidualCapacity,TECHNOLOGY,DEMRESELCWSH_LOW_RUR,SE_DEMRESELCOTH_LOW,redirigir_electrica_DEMRESELCOTH,0.004095,2022;2023;2024;2025;2026;2027;2028;2029;2030;2031;2032;2033;2034;2035;2036;2037;2038;2039;2040;2041;2042;2043;2044;2045;2046;2047;2048;2049;2050;2051;2052;2053;2054
IN,ResidualCapacity,TECHNOLOGY,DEMRESELCWSH_LOW_URB,IN_DEMRESELCOTH_LOW,redirigir_electrica_DEMRESELCOTH,0.037497,2022;2023;2024;2025;2026;2027;2028;2029;2030;2031;2032;2033;2034;2035;2036;2037;2038;2039;2040;2041;2042;2043;2044;2045;2046;2047;2048;2049;2050;2051;2052;2053;2054
SE,ResidualCapacity,TECHNOLOGY,DEMRESELCWSH_LOW_URB,SE_DEMRESELCOTH_LOW,redirigir_electrica_DEMRESELCOTH,0.025013,2022;2023;2024;2025;2026;2027;2028;2029;2030;2031;2032;2033;2034;2035;2036;2037;2038;2039;2040;2041;2042;2043;2044;2045;2046;2047;2048;2049;2050;2051;2052;2053;2054
SE,ResidualCapacity,TECHNOLOGY,DEMRESELCWSH_MID_RUR,SE_DEMRESELCOTH_MID,redirigir_electrica_DEMRESELCOTH,8.2e-05,2022;2023;2024;2025;2026;2027;2028;2029;2030;2031;2032;2033;2034;2035;2036;2037;2038;2039;2040;2041;2042;2043;2044;2045;2046;2047;2048;2049;2050;2051;2052;2053;2054
IN,ResidualCapacity,TECHNOLOGY,DEMRESELCWSH_MID_URB,IN_DEMRESELCOTH_MID,redirigir_electrica_DEMRESELCOTH,0.000716,2022;2023;2024;2025;2026;2027;2028;2029;2030;2031;2032;2033;2034;2035;2036;2037;2038;2039;2040;2041;2042;2043;2044;2045;2046;2047;2048;2049;2050;2051;2052;2053;2054
SE,ResidualCapacity,TECHNOLOGY,DEMRESELCWSH_MID_URB,SE_DEMRESELCOTH_MID,redirigir_electrica_DEMRESELCOTH,0.000491,2022;2023;2024;2025;2026;2027;2028;2029;2030;2031;2032;2033;2034;2035;2036;2037;2038;2039;2040;2041;2042;2043;2044;2045;2046;2047;2048;2049;2050;2051;2052;2053;2054
SE,ResidualCapacity,TECHNOLOGY,DEMRESLPGCKN_HIG_RUR,SE_DEMRESLPGCKN_HIG,colapso_sin_sufijo,0.0,2022;2023;2024;2025;2026;2027;2028;2029;2030;2031;2032;2033;2034;2035;2036;2037;2038;2039;2040;2041;2042;2043;2044;2045;2046;2047;2048;2049;2050;2051;2052;2053;2054
IN,ResidualCapacity,TECHNOLOGY,DEMRESLPGCKN_HIG_URB,IN_DEMRESLPGCKN_HIG,colapso_sin_sufijo,0.0,2022;2023;2024;2025;2026;2027;2028;2029;2030;2031;2032;2033;2034;2035;2036;2037;2038;2039;2040;2041;2042;2043;2044;2045;2046;2047;2048;2049;2050;2051;2052;2053;2054
SE,ResidualCapacity,TECHNOLOGY,DEMRESLPGCKN_HIG_URB,SE_DEMRESLPGCKN_HIG,colapso_sin_sufijo,0.0,2022;2023;2024;2025;2026;2027;2028;2029;2030;2031;2032;2033;2034;2035;2036;2037;2038;2039;2040;2041;2042;2043;2044;2045;2046;2047;2048;2049;2050;2051;2052;2053;2054
SE,ResidualCapacity,TECHNOLOGY,DEMRESLPGCKN_LOW_RUR,SE_DEMRESLPGCKN_LOW,colapso_sin_sufijo,0.180431,2022;2023;2024;2025;2026;2027;2028;2029;2030;2031;2032;2033;2034;2035;2036;2037;2038;2039;2040;2041;2042;2043;2044;2045;2046;2047;2048;2049;2050;2051;2052;2053;2054
IN,ResidualCapacity,TECHNOLOGY,DEMRESLPGCKN_LOW_URB,IN_DEMRESLPGCKN_LOW,colapso_sin_sufijo,1.93318,2022;2023;2024;2025;2026;2027;2028;2029;2030;2031;2032;2033;2034;2035;2036;2037;2038;2039;2040;2041;2042;2043;2044;2045;2046;2047;2048;2049;2050;2051;2052;2053;2054
SE,ResidualCapacity,TECHNOLOGY,DEMRESLPGCKN_LOW_URB,SE_DEMRESLPGCKN_LOW,colapso_sin_sufijo,0.757352,2022;2023;2024;2025;2026;2027;2028;2029;2030;2031;2032;2033;2034;2035;2036;2037;2038;2039;2040;2041;2042;2043;2044;2045;2046;2047;2048;2049;2050;2051;2052;2053;2054
SE,ResidualCapacity,TECHNOLOGY,DEMRESLPGCKN_MID_RUR,SE_DEMRESLPGCKN_MID,colapso_sin_sufijo,0.003838,2022;2023;2024;2025;2026;2027;2028;2029;2030;2031;2032;2033;2034;2035;2036;2037;2038;2039;2040;2041;2042;2043;2044;2045;2046;2047;2048;2049;2050;2051;2052;2053;2054
IN,ResidualCapacity,TECHNOLOGY,DEMRESLPGCKN_MID_URB,IN_DEMRESLPGCKN_MID,colapso_sin_sufijo,0.040354,2022;2023;2024;2025;2026;2027;2028;2029;2030;2031;2032;2033;2034;2035;2036;2037;2038;2039;2040;2041;2042;2043;2044;2045;2046;2047;2048;2049;2050;2051;2052;2053;2054
SE,ResidualCapacity,TECHNOLOGY,DEMRESLPGCKN_MID_URB,SE_DEMRESLPGCKN_MID,colapso_sin_sufijo,0.016022,2022;2023;2024;2025;2026;2027;2028;2029;2030;2031;2032;2033;2034;2035;2036;2037;2038;2039;2040;2041;2042;2043;2044;2045;2046;2047;2048;2049;2050;2051;2052;2053;2054
SE,ResidualCapacity,TECHNOLOGY,DEMRESWOOCKN_HIG_RUR,SE_DEMRESWOOCKN_HIG,colapso_sin_sufijo,3.013949,2022;2023;2024;2025;2026;2027;2028;2029;2030;2031;2032;2033;2034;2035;2036;2037;2038;2039;2040;2041;2042;2043;2044;2045;2046;2047;2048;2049;2050;2051;2052;2053;2054
SE,ResidualCapacity,TECHNOLOGY,DEMRESWOOCKN_HIG_URB,SE_DEMRESWOOCKN_HIG,colapso_sin_sufijo,0.616778,2022;2023;2024;2025;2026;2027;2028;2029;2030;2031;2032;2033;2034;2035;2036;2037;2038;2039;2040;2041;2042;2043;2044;2045;2046;2047;2048;2049;2050;2051;2052;2053;2054
SE,ResidualCapacity,TECHNOLOGY,DEMRESWOOCKN_LOW_RUR,SE_DEMRESWOOCKN_LOW,colapso_sin_sufijo,2.231103,2022;2023;2024;2025;2026;2027;2028;2029;2030;2031;2032;2033;2034;2035;2036;2037;2038;2039;2040;2041;2042;2043;2044;2045;2046;2047;2048;2049;2050;2051;2052;2053;2054
SE,ResidualCapacity,TECHNOLOGY,DEMRESWOOCKN_LOW_URB,SE_DEMRESWOOCKN_LOW,colapso_sin_sufijo,0.629916,2022;2023;2024;2025;2026;2027;2028;2029;2030;2031;2032;2033;2034;2035;2036;2037;2038;2039;2040;2041;2042;2043;2044;2045;2046;2047;2048;2049;2050;2051;2052;2053;2054
SE,ResidualCapacity,TECHNOLOGY,DEMRESWOOCKN_MID_RUR,SE_DEMRESWOOCKN_MID,colapso_sin_sufijo,0.136814,2022;2023;2024;2025;2026;2027;2028;2029;2030;2031;2032;2033;2034;2035;2036;2037;2038;2039;2040;2041;2042;2043;2044;2045;2046;2047;2048;2049;2050;2051;2052;2053;2054
SE,ResidualCapacity,TECHNOLOGY,DEMRESWOOCKN_MID_URB,SE_DEMRESWOOCKN_MID,colapso_sin_sufijo,0.01687,2022;2023;2024;2025;2026;2027;2028;2029;2030;2031;2032;2033;2034;2035;2036;2037;2038;2039;2040;2041;2042;2043;2044;2045;2046;2047;2048;2049;2050;2051;2052;2053;2054
SE,AccumulatedAnnualDemand,FUEL,RESCLIM_RUR,SE_RESCLIM,colapso_sin_sufijo,0.0,2022;2023;2024;2025;2026;2027;2028;2029;2030;2031;2032;2033;2034;2035;2036;2037;2038;2039;2040;2041;2042;2043;2044;2045;2046;2047;2048;2049;2050;2051;2052;2053;2054
IN,AccumulatedAnnualDemand,FUEL,RESCLIM_URB,IN_RESCLIM,colapso_sin_sufijo,0.0,2022;2023;2024;2025;2026;2027;2028;2029;2030;2031;2032;2033;2034;2035;2036;2037;2038;2039;2040;2041;2042;2043;2044;2045;2046;2047;2048;2049;2050;2051;2052;2053;2054
SE,AccumulatedAnnualDemand,FUEL,RESCLIM_URB,SE_RESCLIM,colapso_sin_sufijo,0.0,2022;2023;2024;2025;2026;2027;2028;2029;2030;2031;2032;2033;2034;2035;2036;2037;2038;2039;2040;2041;2042;2043;2044;2045;2046;2047;2048;2049;2050;2051;2052;2053;2054
SE,AccumulatedAnnualDemand,FUEL,RESDHT_RUR,SE_RESDHT,colapso_sin_sufijo,0.0,2022;2023;2024;2025;2026;2027;2028;2029;2030;2031;2032;2033;2034;2035;2036;2037;2038;2039;2040;2041;2042;2043;2044;2045;2046;2047;2048;2049;2050;2051;2052;2053;2054
IN,AccumulatedAnnualDemand,FUEL,RESDHT_URB,IN_RESDHT,colapso_sin_sufijo,0.0,2022;2023;2024;2025;2026;2027;2028;2029;2030;2031;2032;2033;2034;2035;2036;2037;2038;2039;2040;2041;2042;2043;2044;2045;2046;2047;2048;2049;2050;2051;2052;2053;2054
SE,AccumulatedAnnualDemand,FUEL,RESDHT_URB,SE_RESDHT,colapso_sin_sufijo,0.0,2022;2023;2024;2025;2026;2027;2028;2029;2030;2031;2032;2033;2034;2035;2036;2037;2038;2039;2040;2041;2042;2043;2044;2045;2046;2047;2048;2049;2050;2051;2052;2053;2054
IN,AccumulatedAnnualDemand,FUEL,RESILU_RUR,IN_RESOTH,agregar_fuel_RESOTH,0.0,2022;2023;2024;2025;2026;2027;2028;2029;2030;2031;2032;2033;2034;2035;2036;2037;2038;2039;2040;2041;2042;2043;2044;2045;2046;2047;2048;2049;2050;2051;2052;2053;2054
SE,AccumulatedAnnualDemand,FUEL,RESILU_RUR,SE_RESOTH,agregar_fuel_RESOTH,0.0,2022;2023;2024;2025;2026;2027;2028;2029;2030;2031;2032;2033;2034;2035;2036;2037;2038;2039;2040;2041;2042;2043;2044;2045;2046;2047;2048;2049;2050;2051;2052;2053;2054
IN,AccumulatedAnnualDemand,FUEL,RESILU_URB,IN_RESOTH,agregar_fuel_RESOTH,0.0,2022;2023;2024;2025;2026;2027;2028;2029;2030;2031;2032;2033;2034;2035;2036;2037;2038;2039;2040;2041;2042;2043;2044;2045;2046;2047;2048;2049;2050;2051;2052;2053;2054
SE,AccumulatedAnnualDemand,FUEL,RESILU_URB,SE_RESOTH,agregar_fuel_RESOTH,0.0,2022;2023;2024;2025;2026;2027;2028;2029;2030;2031;2032;2033;2034;2035;2036;2037;2038;2039;2040;2041;2042;2043;2044;2045;2046;2047;2048;2049;2050;2051;2052;2053;2054
IN,AccumulatedAnnualDemand,FUEL,RESOTH_RUR,IN_RESOTH,colapso_sin_sufijo,0.0,2022;2023;2024;2025;2026;2027;2028;2029;2030;2031;2032;2033;2034;2035;2036;2037;2038;2039;2040;2041;2042;2043;2044;2045;2046;2047;2048;2049;2050;2051;2052;2053;2054
SE,AccumulatedAnnualDemand,FUEL,RESOTH_RUR,SE_RESOTH,colapso_sin_sufijo,0.0,2022;2023;2024;2025;2026;2027;2028;2029;2030;2031;2032;2033;2034;2035;2036;2037;2038;2039;2040;2041;2042;2043;2044;2045;2046;2047;2048;2049;2050;2051;2052;2053;2054
IN,AccumulatedAnnualDemand,FUEL,RESOTH_URB,IN_RESOTH,colapso_sin_sufijo,0.0,2022;2023;2024;2025;2026;2027;2028;2029;2030;2031;2032;2033;2034;2035;2036;2037;2038;2039;2040;2041;2042;2043;2044;2045;2046;2047;2048;2049;2050;2051;2052;2053;2054
SE,AccumulatedAnnualDemand,FUEL,RESOTH_URB,SE_RESOTH,colapso_sin_sufijo,0.0,2022;2023;2024;2025;2026;2027;2028;2029;2030;2031;2032;2033;2034;2035;2036;2037;2038;2039;2040;2041;2042;2043;2044;2045;2046;2047;2048;2049;2050;2051;2052;2053;2054
SE,AccumulatedAnnualDemand,FUEL,RESREF_RUR,SE_RESREF,colapso_sin_sufijo,0.0,2022;2023;2024;2025;2026;2027;2028;2029;2030;2031;2032;2033;2034;2035;2036;2037;2038;2039;2040;2041;2042;2043;2044;2045;2046;2047;2048;2049;2050;2051;2052;2053;2054
IN,AccumulatedAnnualDemand,FUEL,RESREF_URB,IN_RESREF,colapso_sin_sufijo,0.0,2022;2023;2024;2025;2026;2027;2028;2029;2030;2031;2032;2033;2034;2035;2036;2037;2038;2039;2040;2041;2042;2043;2044;2045;2046;2047;2048;2049;2050;2051;2052;2053;2054
SE,AccumulatedAnnualDemand,FUEL,RESREF_URB,SE_RESREF,colapso_sin_sufijo,0.0,2022;2023;2024;2025;2026;2027;2028;2029;2030;2031;2032;2033;2034;2035;2036;2037;2038;2039;2040;2041;2042;2043;2044;2045;2046;2047;2048;2049;2050;2051;2052;2053;2054
SE,AccumulatedAnnualDemand,FUEL,RESTV_RUR,SE_RESOTH,agregar_fuel_RESOTH,0.0,2022;2023;2024;2025;2026;2027;2028;2029;2030;2031;2032;2033;2034;2035;2036;2037;2038;2039;2040;2041;2042;2043;2044;2045;2046;2047;2048;2049;2050;2051;2052;2053;2054
IN,AccumulatedAnnualDemand,FUEL,RESTV_URB,IN_RESOTH,agregar_fuel_RESOTH,0.0,2022;2023;2024;2025;2026;2027;2028;2029;2030;2031;2032;2033;2034;2035;2036;2037;2038;2039;2040;2041;2042;2043;2044;2045;2046;2047;2048;2049;2050;2051;2052;2053;2054
SE,AccumulatedAnnualDemand,FUEL,RESTV_URB,SE_RESOTH,agregar_fuel_RESOTH,0.0,2022;2023;2024;2025;2026;2027;2028;2029;2030;2031;2032;2033;2034;2035;2036;2037;2038;2039;2040;2041;2042;2043;2044;2045;2046;2047;2048;2049;2050;2051;2052;2053;2054
SE,AccumulatedAnnualDemand,FUEL,RESWHT_RUR,SE_RESOTH,agregar_fuel_RESOTH,0.0,2022;2023;2024;2025;2026;2027;2028;2029;2030;2031;2032;2033;2034;2035;2036;2037;2038;2039;2040;2041;2042;2043;2044;2045;2046;2047;2048;2049;2050;2051;2052;2053;2054
IN,AccumulatedAnnualDemand,FUEL,RESWHT_URB,IN_RESOTH,agregar_fuel_RESOTH,0.0,2022;2023;2024;2025;2026;2027;2028;2029;2030;2031;2032;2033;2034;2035;2036;2037;2038;2039;2040;2041;2042;2043;2044;2045;2046;2047;2048;2049;2050;2051;2052;2053;2054
SE,AccumulatedAnnualDemand,FUEL,RESWHT_URB,SE_RESOTH,agregar_fuel_RESOTH,0.0,2022;2023;2024;2025;2026;2027;2028;2029;2030;2031;2032;2033;2034;2035;2036;2037;2038;2039;2040;2041;2042;2043;2044;2045;2046;2047;2048;2049;2050;2051;2052;2053;2054
SE,AccumulatedAnnualDemand,FUEL,RESWSH_RUR,SE_RESOTH,agregar_fuel_RESOTH,0.0,2022;2023;2024;2025;2026;2027;2028;2029;2030;2031;2032;2033;2034;2035;2036;2037;2038;2039;2040;2041;2042;2043;2044;2045;2046;2047;2048;2049;2050;2051;2052;2053;2054
IN,AccumulatedAnnualDemand,FUEL,RESWSH_URB,IN_RESOTH,agregar_fuel_RESOTH,0.0,2022;2023;2024;2025;2026;2027;2028;2029;2030;2031;2032;2033;2034;2035;2036;2037;2038;2039;2040;2041;2042;2043;2044;2045;2046;2047;2048;2049;2050;2051;2052;2053;2054
SE,AccumulatedAnnualDemand,FUEL,RESWSH_URB,SE_RESOTH,agregar_fuel_RESOTH,0.0,2022;2023;2024;2025;2026;2027;2028;2029;2030;2031;2032;2033;2034;2035;2036;2037;2038;2039;2040;2041;2042;2043;2044;2045;2046;2047;2048;2049;2050;2051;2052;2053;2054
SE,TotalAnnualMinCapacityInvestment,TECHNOLOGY,DEMRESELCAIR_PAR_HIG_RUR,SE_DEMRESELCAIR_PAR_HIG,colapso_sin_sufijo,0.0,2022;2023;2024;2025;2026;2027;2028;2029;2030;2031;2032;2033;2034;2035;2036;2037;2038;2039;2040;2041;2042;2043;2044;2045;2046;2047;2048;2049;2050;2051;2052;2053;2054
SE,TotalAnnualMinCapacityInvestment,TECHNOLOGY,DEMRESELCAIR_PAR_LOW_RUR,SE_DEMRESELCAIR_PAR_LOW,colapso_sin_sufijo,0.0,2022;2023;2024;2025;2026;2027;2028;2029;2030;2031;2032;2033;2034;2035;2036;2037;2038;2039;2040;2041;2042;2043;2044;2045;2046;2047;2048;2049;2050;2051;2052;2053;2054
IN,TotalAnnualMinCapacityInvestment,TECHNOLOGY,DEMRESELCAIR_PAR_LOW_URB,IN_DEMRESELCAIR_PAR_LOW,colapso_sin_sufijo,0.0,2022;2023;2024;2025;2026;2027;2028;2029;2030;2031;2032;2033;2034;2035;2036;2037;2038;2039;2040;2041;2042;2043;2044;2045;2046;2047;2048;2049;2050;2051;2052;2053;2054
SE,TotalAnnualMinCapacityInvestment,TECHNOLOGY,DEMRESELCAIR_PAR_LOW_URB,SE_DEMRESELCAIR_PAR_LOW,colapso_sin_sufijo,0.0,2022;2023;2024;2025;2026;2027;2028;2029;2030;2031;2032;2033;2034;2035;2036;2037;2038;2039;2040;2041;2042;2043;2044;2045;2046;2047;2048;2049;2050;2051;2052;2053;2054
SE,TotalAnnualMinCapacityInvestment,TECHNOLOGY,DEMRESELCAIR_PAR_MID_RUR,SE_DEMRESELCAIR_PAR_MID,colapso_sin_sufijo,0.0,2022;2023;2024;2025;2026;2027;2028;2029;2030;2031;2032;2033;2034;2035;2036;2037;2038;2039;2040;2041;2042;2043;2044;2045;2046;2047;2048;2049;2050;2051;2052;2053;2054
IN,TotalAnnualMinCapacityInvestment,TECHNOLOGY,DEMRESELCAIR_PAR_MID_URB,IN_DEMRESELCAIR_PAR_MID,colapso_sin_sufijo,0.0,2022;2023;2024;2025;2026;2027;2028;2029;2030;2031;2032;2033;2034;2035;2036;2037;2038;2039;2040;2041;2042;2043;2044;2045;2046;2047;2048;2049;2050;2051;2052;2053;2054
SE,TotalAnnualMinCapacityInvestment,TECHNOLOGY,DEMRESELCAIR_PAR_MID_URB,SE_DEMRESELCAIR_PAR_MID,colapso_sin_sufijo,0.0,2022;2023;2024;2025;2026;2027;2028;2029;2030;2031;2032;2033;2034;2035;2036;2037;2038;2039;2040;2041;2042;2043;2044;2045;2046;2047;2048;2049;2050;2051;2052;2053;2054
SE,TotalAnnualMinCapacityInvestment,TECHNOLOGY,DEMRESELCAIR_POR_HIG_RUR,SE_DEMRESELCAIR_POR_HIG,colapso_sin_sufijo,0.0,2022;2023;2024;2025;2026;2027;2028;2029;2030;2031;2032;2033;2034;2035;2036;2037;2038;2039;2040;2041;2042;2043;2044;2045;2046;2047;2048;2049;2050;2051;2052;2053;2054
IN,TotalAnnualMinCapacityInvestment,TECHNOLOGY,DEMRESELCAIR_POR_HIG_URB,IN_DEMRESELCAIR_POR_HIG,colapso_sin_sufijo,0.0,2022;2023;2024;2025;2026;2027;2028;2029;2030;2031;2032;2033;2034;2035;2036;2037;2038;2039;2040;2041;2042;2043;2044;2045;2046;2047;2048;2049;2050;2051;2052;2053;2054
SE,TotalAnnualMinCapacityInvestment,TECHNOLOGY,DEMRESELCAIR_POR_HIG_URB,SE_DEMRESELCAIR_POR_HIG,colapso_sin_sufijo,0.0,2022;2023;2024;2025;2026;2027;2028;2029;2030;2031;2032;2033;2034;2035;2036;2037;2038;2039;2040;2041;2042;2043;2044;2045;2046;2047;2048;2049;2050;2051;2052;2053;2054
SE,TotalAnnualMinCapacityInvestment,TECHNOLOGY,DEMRESELCAIR_POR_LOW_RUR,SE_DEMRESELCAIR_POR_LOW,colapso_sin_sufijo,0.0,2022;2023;2024;2025;2026;2027;2028;2029;2030;2031;2032;2033;2034;2035;2036;2037;2038;2039;2040;2041;2042;2043;2044;2045;2046;2047;2048;2049;2050;2051;2052;2053;2054
IN,TotalAnnualMinCapacityInvestment,TECHNOLOGY,DEMRESELCAIR_POR_LOW_URB,IN_DEMRESELCAIR_POR_LOW,colapso_sin_sufijo,0.0,2022;2023;2024;2025;2026;2027;2028;2029;2030;2031;2032;2033;2034;2035;2036;2037;2038;2039;2040;2041;2042;2043;2044;2045;2046;2047;2048;2049;2050;2051;2052;2053;2054
SE,TotalAnnualMinCapacityInvestment,TECHNOLOGY,DEMRESELCAIR_POR_LOW_URB,SE_DEMRESELCAIR_POR_LOW,colapso_sin_sufijo,0.0,2022;2023;2024;2025;2026;2027;2028;2029;2030;2031;2032;2033;2034;2035;2036;2037;2038;2039;2040;2041;2042;2043;2044;2045;2046;2047;2048;2049;2050;2051;2052;2053;2054
SE,TotalAnnualMinCapacityInvestment,TECHNOLOGY,DEMRESELCAIR_POR_MID_RUR,SE_DEMRESELCAIR_POR_MID,colapso_sin_sufijo,0.0,2022;2023;2024;2025;2026;2027;2028;2029;2030;2031;2032;2033;2034;2035;2036;2037;2038;2039;2040;2041;2042;2043;2044;2045;2046;2047;2048;2049;2050;2051;2052;2053;2054
IN,TotalAnnualMinCapacityInvestment,TECHNOLOGY,DEMRESELCAIR_POR_MID_URB,IN_DEMRESELCAIR_POR_MID,colapso_sin_sufijo,0.0,2022;2023;2024;2025;2026;2027;2028;2029;2030;2031;2032;2033;2034;2035;2036;2037;2038;2039;2040;2041;2042;2043;2044;2045;2046;2047;2048;2049;2050;2051;2052;2053;2054
SE,TotalAnnualMinCapacityInvestment,TECHNOLOGY,DEMRESELCAIR_POR_MID_URB,SE_DEMRESELCAIR_POR_MID,colapso_sin_sufijo,0.0,2022;2023;2024;2025;2026;2027;2028;2029;2030;2031;2032;2033;2034;2035;2036;2037;2038;2039;2040;2041;2042;2043;2044;2045;2046;2047;2048;2049;2050;2051;2052;2053;2054
SE,TotalAnnualMinCapacityInvestment,TECHNOLOGY,DEMRESELCAIR_SPL_HIG_RUR,SE_DEMRESELCAIR_SPL_HIG,colapso_sin_sufijo,0.0,2022;2023;2024;2025;2026;2027;2028;2029;2030;2031;2032;2033;2034;2035;2036;2037;2038;2039;2040;2041;2042;2043;2044;2045;2046;2047;2048;2049;2050;2051;2052;2053;2054
IN,TotalAnnualMinCapacityInvestment,TECHNOLOGY,DEMRESELCAIR_SPL_HIG_URB,IN_DEMRESELCAIR_SPL_HIG,colapso_sin_sufijo,0.0,2022;2023;2024;2025;2026;2027;2028;2029;2030;2031;2032;2033;2034;2035;2036;2037;2038;2039;2040;2041;2042;2043;2044;2045;2046;2047;2048;2049;2050;2051;2052;2053;2054
SE,TotalAnnualMinCapacityInvestment,TECHNOLOGY,DEMRESELCAIR_SPL_HIG_URB,SE_DEMRESELCAIR_SPL_HIG,colapso_sin_sufijo,0.0,2022;2023;2024;2025;2026;2027;2028;2029;2030;2031;2032;2033;2034;2035;2036;2037;2038;2039;2040;2041;2042;2043;2044;2045;2046;2047;2048;2049;2050;2051;2052;2053;2054
SE,TotalAnnualMinCapacityInvestment,TECHNOLOGY,DEMRESELCAIR_SPL_LOW_RUR,SE_DEMRESELCAIR_SPL_LOW,colapso_sin_sufijo,0.0,2022;2023;2024;2025;2026;2027;2028;2029;2030;2031;2032;2033;2034;2035;2036;2037;2038;2039;2040;2041;2042;2043;2044;2045;2046;2047;2048;2049;2050;2051;2052;2053;2054
IN,TotalAnnualMinCapacityInvestment,TECHNOLOGY,DEMRESELCAIR_SPL_LOW_URB,IN_DEMRESELCAIR_SPL_LOW,colapso_sin_sufijo,0.0,2022;2023;2024;2025;2026;2027;2028;2029;2030;2031;2032;2033;2034;2035;2036;2037;2038;2039;2040;2041;2042;2043;2044;2045;2046;2047;2048;2049;2050;2051;2052;2053;2054
SE,TotalAnnualMinCapacityInvestment,TECHNOLOGY,DEMRESELCAIR_SPL_LOW_URB,SE_DEMRESELCAIR_SPL_LOW,colapso_sin_sufijo,0.0,2022;2023;2024;2025;2026;2027;2028;2029;2030;2031;2032;2033;2034;2035;2036;2037;2038;2039;2040;2041;2042;2043;2044;2045;2046;2047;2048;2049;2050;2051;2052;2053;2054
SE,TotalAnnualMinCapacityInvestment,TECHNOLOGY,DEMRESELCAIR_SPL_MID_RUR,SE_DEMRESELCAIR_SPL_MID,colapso_sin_sufijo,0.0,2022;2023;2024;2025;2026;2027;2028;2029;2030;2031;2032;2033;2034;2035;2036;2037;2038;2039;2040;2041;2042;2043;2044;2045;2046;2047;2048;2049;2050;2051;2052;2053;2054
IN,TotalAnnualMinCapacityInvestment,TECHNOLOGY,DEMRESELCAIR_SPL_MID_URB,IN_DEMRESELCAIR_SPL_MID,colapso_sin_sufijo,0.0,2022;2023;2024;2025;2026;2027;2028;2029;2030;2031;2032;2033;2034;2035;2036;2037;2038;2039;2040;2041;2042;2043;2044;2045;2046;2047;2048;2049;2050;2051;2052;2053;2054
SE,TotalAnnualMinCapacityInvestment,TECHNOLOGY,DEMRESELCAIR_SPL_MID_URB,SE_DEMRESELCAIR_SPL_MID,colapso_sin_sufijo,0.0,2022;2023;2024;2025;2026;2027;2028;2029;2030;2031;2032;2033;2034;2035;2036;2037;2038;2039;2040;2041;2042;2043;2044;2045;2046;2047;2048;2049;2050;2051;2052;2053;2054
SE,TotalAnnualMinCapacityInvestment,TECHNOLOGY,DEMRESELCCKN_HIG_RUR,SE_DEMRESELCCKN_HIG,colapso_sin_sufijo,0.0,2022;2023;2024;2025;2026;2027;2028;2029;2030;2031;2032;2033;2034;2035;2036;2037;2038;2039;2040;2041;2042;2043;2044;2045;2046;2047;2048;2049;2050;2051;2052;2053;2054
IN,TotalAnnualMinCapacityInvestment,TECHNOLOGY,DEMRESELCCKN_HIG_URB,IN_DEMRESELCCKN_HIG,colapso_sin_sufijo,0.0,2022;2023;2024;2025;2026;2027;2028;2029;2030;2031;2032;2033;2034;2035;2036;2037;2038;2039;2040;2041;2042;2043;2044;2045;2046;2047;2048;2049;2050;2051;2052;2053;2054
SE,TotalAnnualMinCapacityInvestment,TECHNOLOGY,DEMRESELCCKN_HIG_URB,SE_DEMRESELCCKN_HIG,colapso_sin_sufijo,0.0,2022;2023;2024;2025;2026;2027;2028;2029;2030;2031;2032;2033;2034;2035;2036;2037;2038;2039;2040;2041;2042;2043;2044;2045;2046;2047;2048;2049;2050;2051;2052;2053;2054
SE,TotalAnnualMinCapacityInvestment,TECHNOLOGY,DEMRESELCCKN_LOW_RUR,SE_DEMRESELCCKN_LOW,colapso_sin_sufijo,0.0,2022;2023;2024;2025;2026;2027;2028;2029;2030;2031;2032;2033;2034;2035;2036;2037;2038;2039;2040;2041;2042;2043;2044;2045;2046;2047;2048;2049;2050;2051;2052;2053;2054
IN,TotalAnnualMinCapacityInvestment,TECHNOLOGY,DEMRESELCCKN_LOW_URB,IN_DEMRESELCCKN_LOW,colapso_sin_sufijo,0.0,2022;2023;2024;2025;2026;2027;2028;2029;2030;2031;2032;2033;2034;2035;2036;2037;2038;2039;2040;2041;2042;2043;2044;2045;2046;2047;2048;2049;2050;2051;2052;2053;2054
SE,TotalAnnualMinCapacityInvestment,TECHNOLOGY,DEMRESELCCKN_LOW_URB,SE_DEMRESELCCKN_LOW,colapso_sin_sufijo,0.0,2022;2023;2024;2025;2026;2027;2028;2029;2030;2031;2032;2033;2034;2035;2036;2037;2038;2039;2040;2041;2042;2043;2044;2045;2046;2047;2048;2049;2050;2051;2052;2053;2054
SE,TotalAnnualMinCapacityInvestment,TECHNOLOGY,DEMRESELCCKN_MID_RUR,SE_DEMRESELCCKN_MID,colapso_sin_sufijo,0.000715,2022;2023;2024;2025;2026;2027;2028;2029;2030;2031;2032;2033;2034;2035;2036;2037;2038;2039;2040;2041;2042;2043;2044;2045;2046;2047;2048;2049;2050;2051;2052;2053;2054
IN,TotalAnnualMinCapacityInvestment,TECHNOLOGY,DEMRESELCCKN_MID_URB,IN_DEMRESELCCKN_MID,colapso_sin_sufijo,0.0,2022;2023;2024;2025;2026;2027;2028;2029;2030;2031;2032;2033;2034;2035;2036;2037;2038;2039;2040;2041;2042;2043;2044;2045;2046;2047;2048;2049;2050;2051;2052;2053;2054
SE,TotalAnnualMinCapacityInvestment,TECHNOLOGY,DEMRESELCCKN_MID_URB,SE_DEMRESELCCKN_MID,colapso_sin_sufijo,0.0,2022;2023;2024;2025;2026;2027;2028;2029;2030;2031;2032;2033;2034;2035;2036;2037;2038;2039;2040;2041;2042;2043;2044;2045;2046;2047;2048;2049;2050;2051;2052;2053;2054
SE,TotalAnnualMinCapacityInvestment,TECHNOLOGY,DEMRESELCFAN_HIG_RUR,SE_DEMRESELCFAN_HIG,colapso_sin_sufijo,0.0,2022;2023;2024;2025;2026;2027;2028;2029;2030;2031;2032;2033;2034;2035;2036;2037;2038;2039;2040;2041;2042;2043;2044;2045;2046;2047;2048;2049;2050;2051;2052;2053;2054
IN,TotalAnnualMinCapacityInvestment,TECHNOLOGY,DEMRESELCFAN_HIG_URB,IN_DEMRESELCFAN_HIG,colapso_sin_sufijo,0.0,2022;2023;2024;2025;2026;2027;2028;2029;2030;2031;2032;2033;2034;2035;2036;2037;2038;2039;2040;2041;2042;2043;2044;2045;2046;2047;2048;2049;2050;2051;2052;2053;2054
SE,TotalAnnualMinCapacityInvestment,TECHNOLOGY,DEMRESELCFAN_HIG_URB,SE_DEMRESELCFAN_HIG,colapso_sin_sufijo,0.0,2022;2023;2024;2025;2026;2027;2028;2029;2030;2031;2032;2033;2034;2035;2036;2037;2038;2039;2040;2041;2042;2043;2044;2045;2046;2047;2048;2049;2050;2051;2052;2053;2054
SE,TotalAnnualMinCapacityInvestment,TECHNOLOGY,DEMRESELCFAN_LOW_RUR,SE_DEMRESELCFAN_LOW,colapso_sin_sufijo,0.0,2022;2023;2024;2025;2026;2027;2028;2029;2030;2031;2032;2033;2034;2035;2036;2037;2038;2039;2040;2041;2042;2043;2044;2045;2046;2047;2048;2049;2050;2051;2052;2053;2054
IN,TotalAnnualMinCapacityInvestment,TECHNOLOGY,DEMRESELCFAN_LOW_URB,IN_DEMRESELCFAN_LOW,colapso_sin_sufijo,0.0,2022;2023;2024;2025;2026;2027;2028;2029;2030;2031;2032;2033;2034;2035;2036;2037;2038;2039;2040;2041;2042;2043;2044;2045;2046;2047;2048;2049;2050;2051;2052;2053;2054
SE,TotalAnnualMinCapacityInvestment,TECHNOLOGY,DEMRESELCFAN_LOW_URB,SE_DEMRESELCFAN_LOW,colapso_sin_sufijo,0.0,2022;2023;2024;2025;2026;2027;2028;2029;2030;2031;2032;2033;2034;2035;2036;2037;2038;2039;2040;2041;2042;2043;2044;2045;2046;2047;2048;2049;2050;2051;2052;2053;2054
SE,TotalAnnualMinCapacityInvestment,TECHNOLOGY,DEMRESELCFAN_MID_RUR,SE_DEMRESELCFAN_MID,colapso_sin_sufijo,0.0,2022;2023;2024;2025;2026;2027;2028;2029;2030;2031;2032;2033;2034;2035;2036;2037;2038;2039;2040;2041;2042;2043;2044;2045;2046;2047;2048;2049;2050;2051;2052;2053;2054
IN,TotalAnnualMinCapacityInvestment,TECHNOLOGY,DEMRESELCFAN_MID_URB,IN_DEMRESELCFAN_MID,colapso_sin_sufijo,0.0,2022;2023;2024;2025;2026;2027;2028;2029;2030;2031;2032;2033;2034;2035;2036;2037;2038;2039;2040;2041;2042;2043;2044;2045;2046;2047;2048;2049;2050;2051;2052;2053;2054
SE,TotalAnnualMinCapacityInvestment,TECHNOLOGY,DEMRESELCFAN_MID_URB,SE_DEMRESELCFAN_MID,colapso_sin_sufijo,0.0,2022;2023;2024;2025;2026;2027;2028;2029;2030;2031;2032;2033;2034;2035;2036;2037;2038;2039;2040;2041;2042;2043;2044;2045;2046;2047;2048;2049;2050;2051;2052;2053;2054
IN,TotalAnnualMinCapacityInvestment,TECHNOLOGY,DEMRESELCILU_HIG_RUR,IN_DEMRESELCOTH_HIG,redirigir_electrica_DEMRESELCOTH,0.0,2022;2023;2024;2025;2026;2027;2028;2029;2030;2031;2032;2033;2034;2035;2036;2037;2038;2039;2040;2041;2042;2043;2044;2045;2046;2047;2048;2049;2050;2051;2052;2053;2054
SE,TotalAnnualMinCapacityInvestment,TECHNOLOGY,DEMRESELCILU_HIG_RUR,SE_DEMRESELCOTH_HIG,redirigir_electrica_DEMRESELCOTH,0.0,2022;2023;2024;2025;2026;2027;2028;2029;2030;2031;2032;2033;2034;2035;2036;2037;2038;2039;2040;2041;2042;2043;2044;2045;2046;2047;2048;2049;2050;2051;2052;2053;2054
IN,TotalAnnualMinCapacityInvestment,TECHNOLOGY,DEMRESELCILU_INC_URB,IN_DEMRESELCOTH_MID,redirigir_electrica_DEMRESELCOTH,0.0,2022;2023;2024
SE,TotalAnnualMinCapacityInvestment,TECHNOLOGY,DEMRESELCILU_INC_URB,SE_DEMRESELCOTH_MID,redirigir_electrica_DEMRESELCOTH,0.0,2022;2023;2024
IN,TotalAnnualMinCapacityInvestment,TECHNOLOGY,DEMRESELCILU_LFC_URB,IN_DEMRESELCOTH_MID,redirigir_electrica_DEMRESELCOTH,0.0,2022;2023;2024;2025;2026;2027;2028;2029;2030;2031;2032;2033;2034
SE,TotalAnnualMinCapacityInvestment,TECHNOLOGY,DEMRESELCILU_LFC_URB,SE_DEMRESELCOTH_MID,redirigir_electrica_DEMRESELCOTH,0.0,2022;2023;2024;2025;2026;2027;2028;2029;2030;2031;2032;2033;2034
IN,TotalAnnualMinCapacityInvestment,TECHNOLOGY,DEMRESELCILU_LOW_RUR,IN_DEMRESELCOTH_LOW,redirigir_electrica_DEMRESELCOTH,0.0,2022;2023;2024;2025;2026;2027;2028;2029;2030;2031;2032;2033;2034;2035;2036;2037;2038;2039;2040;2041;2042;2043;2044;2045;2046;2047;2048;2049;2050;2051;2052;2053;2054
SE,TotalAnnualMinCapacityInvestment,TECHNOLOGY,DEMRESELCILU_LOW_RUR,SE_DEMRESELCOTH_LOW,redirigir_electrica_DEMRESELCOTH,0.0,2022;2023;2024;2025;2026;2027;2028;2029;2030;2031;2032;2033;2034;2035;2036;2037;2038;2039;2040;2041;2042;2043;2044;2045;2046;2047;2048;2049;2050;2051;2052;2053;2054
IN,TotalAnnualMinCapacityInvestment,TECHNOLOGY,DEMRESELCILU_MID_RUR,IN_DEMRESELCOTH_MID,redirigir_electrica_DEMRESELCOTH,0.0,2022;2023;2024;2025;2026;2027;2028;2029;2030;2031;2032;2033;2034;2035;2036;2037;2038;2039;2040;2041;2042;2043;2044;2045;2046;2047;2048;2049;2050;2051;2052;2053;2054
SE,TotalAnnualMinCapacityInvestment,TECHNOLOGY,DEMRESELCILU_MID_RUR,SE_DEMRESELCOTH_MID,redirigir_electrica_DEMRESELCOTH,0.0,2022;2023;2024;2025;2026;2027;2028;2029;2030;2031;2032;2033;2034;2035;2036;2037;2038;2039;2040;2041;2042;2043;2044;2045;2046;2047;2048;2049;2050;2051;2052;2053;2054
IN,TotalAnnualMinCapacityInvestment,TECHNOLOGY,DEMRESELCOTH_HIG_RUR,IN_DEMRESELCOTH_HIG,colapso_sin_sufijo,0.0,2022;2023;2024;2025;2026;2027;2028;2029;2030;2031;2032;2033;2034;2035;2036;2037;2038;2039;2040;2041;2042;2043;2044;2045;2046;2047;2048;2049;2050;2051;2052;2053;2054
SE,TotalAnnualMinCapacityInvestment,TECHNOLOGY,DEMRESELCOTH_HIG_RUR,SE_DEMRESELCOTH_HIG,colapso_sin_sufijo,0.0,2022;2023;2024;2025;2026;2027;2028;2029;2030;2031;2032;2033;2034;2035;2036;2037;2038;2039;2040;2041;2042;2043;2044;2045;2046;2047;2048;2049;2050;2051;2052;2053;2054
IN,TotalAnnualMinCapacityInvestment,TECHNOLOGY,DEMRESELCOTH_HIG_URB,IN_DEMRESELCOTH_HIG,colapso_sin_sufijo,0.0,2022;2023;2024;2025;2026;2027;2028;2029;2030;2031;2032;2033;2034;2035;2036;2037;2038;2039;2040;2041;2042;2043;2044;2045;2046;2047;2048;2049;2050;2051;2052;2053;2054
SE,TotalAnnualMinCapacityInvestment,TECHNOLOGY,DEMRESELCOTH_HIG_URB,SE_DEMRESELCOTH_HIG,colapso_sin_sufijo,0.0,2022;2023;2024;2025;2026;2027;2028;2029;2030;2031;2032;2033;2034;2035;2036;2037;2038;2039;2040;2041;2042;2043;2044;2045;2046;2047;2048;2049;2050;2051;2052;2053;2054
IN,TotalAnnualMinCapacityInvestment,TECHNOLOGY,DEMRESELCOTH_LOW_RUR,IN_DEMRESELCOTH_LOW,colapso_sin_sufijo,0.0,2022;2023;2024;2025;2026;2027;2028;2029;2030;2031;2032;2033;2034;2035;2036;2037;2038;2039;2040;2041;2042;2043;2044;2045;2046;2047;2048;2049;2050;2051;2052;2053;2054
SE,TotalAnnualMinCapacityInvestment,TECHNOLOGY,DEMRESELCOTH_LOW_RUR,SE_DEMRESELCOTH_LOW,colapso_sin_sufijo,0.0,2022;2023;2024;2025;2026;2027;2028;2029;2030;2031;2032;2033;2034;2035;2036;2037;2038;2039;2040;2041;2042;2043;2044;2045;2046;2047;2048;2049;2050;2051;2052;2053;2054
IN,TotalAnnualMinCapacityInvestment,TECHNOLOGY,DEMRESELCOTH_LOW_URB,IN_DEMRESELCOTH_LOW,colapso_sin_sufijo,0.0,2022;2023;2024;2025;2026;2027;2028;2029;2030;2031;2032;2033;2034;2035;2036;2037;2038;2039;2040;2041;2042;2043;2044;2045;2046;2047;2048;2049;2050;2051;2052;2053;2054
SE,TotalAnnualMinCapacityInvestment,TECHNOLOGY,DEMRESELCOTH_LOW_URB,SE_DEMRESELCOTH_LOW,colapso_sin_sufijo,0.0,2022;2023;2024;2025;2026;2027;2028;2029;2030;2031;2032;2033;2034;2035;2036;2037;2038;2039;2040;2041;2042;2043;2044;2045;2046;2047;2048;2049;2050;2051;2052;2053;2054
IN,TotalAnnualMinCapacityInvestment,TECHNOLOGY,DEMRESELCOTH_MID_RUR,IN_DEMRESELCOTH_MID,colapso_sin_sufijo,0.0,2022;2023;2024;2025;2026;2027;2028;2029;2030;2031;2032;2033;2034;2035;2036;2037;2038;2039;2040;2041;2042;2043;2044;2045;2046;2047;2048;2049;2050;2051;2052;2053;2054
SE,TotalAnnualMinCapacityInvestment,TECHNOLOGY,DEMRESELCOTH_MID_RUR,SE_DEMRESELCOTH_MID,colapso_sin_sufijo,0.0,2022;2023;2024;2025;2026;2027;2028;2029;2030;2031;2032;2033;2034;2035;2036;2037;2038;2039;2040;2041;2042;2043;2044;2045;2046;2047;2048;2049;2050;2051;2052;2053;2054
IN,TotalAnnualMinCapacityInvestment,TECHNOLOGY,DEMRESELCOTH_MID_URB,IN_DEMRESELCOTH_MID,colapso_sin_sufijo,0.0,2022;2023;2024;2025;2026;2027;2028;2029;2030;2031;2032;2033;2034;2035;2036;2037;2038;2039;2040;2041;2042;2043;2044;2045;2046;2047;2048;2049;2050;2051;2052;2053;2054
SE,TotalAnnualMinCapacityInvestment,TECHNOLOGY,DEMRESELCOTH_MID_URB,SE_DEMRESELCOTH_MID,colapso_sin_sufijo,0.0,2022;2023;2024;2025;2026;2027;2028;2029;2030;2031;2032;2033;2034;2035;2036;2037;2038;2039;2040;2041;2042;2043;2044;2045;2046;2047;2048;2049;2050;2051;2052;2053;2054
SE,TotalAnnualMinCapacityInvestment,TECHNOLOGY,DEMRESELCREF_HIG_RUR,SE_DEMRESELCREF_HIG,colapso_sin_sufijo,0.0,2022;2023;2024;2025;2026;2027;2028;2029;2030;2031;2032;2033;2034;2035;2036;2037;2038;2039;2040;2041;2042;2043;2044;2045;2046;2047;2048;2049;2050;2051;2052;2053;2054
IN,TotalAnnualMinCapacityInvestment,TECHNOLOGY,DEMRESELCREF_HIG_URB,IN_DEMRESELCREF_HIG,colapso_sin_sufijo,0.0,2022;2023;2024;2025;2026;2027;2028;2029;2030;2031;2032;2033;2034;2035;2036;2037;2038;2039;2040;2041;2042;2043;2044;2045;2046;2047;2048;2049;2050;2051;2052;2053;2054
SE,TotalAnnualMinCapacityInvestment,TECHNOLOGY,DEMRESELCREF_HIG_URB,SE_DEMRESELCREF_HIG,colapso_sin_sufijo,0.0,2022;2023;2024;2025;2026;2027;2028;2029;2030;2031;2032;2033;2034;2035;2036;2037;2038;2039;2040;2041;2042;2043;2044;2045;2046;2047;2048;2049;2050;2051;2052;2053;2054
SE,TotalAnnualMinCapacityInvestment,TECHNOLOGY,DEMRESELCREF_LOW_RUR,SE_DEMRESELCREF_LOW,colapso_sin_sufijo,0.0,2022;2023;2024;2025;2026;2027;2028;2029;2030;2031;2032;2033;2034;2035;2036;2037;2038;2039;2040;2041;2042;2043;2044;2045;2046;2047;2048;2049;2050;2051;2052;2053;2054
IN,TotalAnnualMinCapacityInvestment,TECHNOLOGY,DEMRESELCREF_LOW_URB,IN_DEMRESELCREF_LOW,colapso_sin_sufijo,0.0,2022;2023;2024;2025;2026;2027;2028;2029;2030;2031;2032;2033;2034;2035;2036;2037;2038;2039;2040;2041;2042;2043;2044;2045;2046;2047;2048;2049;2050;2051;2052;2053;2054
SE,TotalAnnualMinCapacityInvestment,TECHNOLOGY,DEMRESELCREF_LOW_URB,SE_DEMRESELCREF_LOW,colapso_sin_sufijo,0.0,2022;2023;2024;2025;2026;2027;2028;2029;2030;2031;2032;2033;2034;2035;2036;2037;2038;2039;2040;2041;2042;2043;2044;2045;2046;2047;2048;2049;2050;2051;2052;2053;2054
SE,TotalAnnualMinCapacityInvestment,TECHNOLOGY,DEMRESELCREF_MID_RUR,SE_DEMRESELCREF_MID,colapso_sin_sufijo,0.0,2022;2023;2024;2025;2026;2027;2028;2029;2030;2031;2032;2033;2034;2035;2036;2037;2038;2039;2040;2041;2042;2043;2044;2045;2046;2047;2048;2049;2050;2051;2052;2053;2054
IN,TotalAnnualMinCapacityInvestment,TECHNOLOGY,DEMRESELCREF_MID_URB,IN_DEMRESELCREF_MID,colapso_sin_sufijo,0.0,2022;2023;2024;2025;2026;2027;2028;2029;2030;2031;2032;2033;2034;2035;2036;2037;2038;2039;2040;2041;2042;2043;2044;2045;2046;2047;2048;2049;2050;2051;2052;2053;2054
SE,TotalAnnualMinCapacityInvestment,TECHNOLOGY,DEMRESELCREF_MID_URB,SE_DEMRESELCREF_MID,colapso_sin_sufijo,0.0,2022;2023;2024;2025;2026;2027;2028;2029;2030;2031;2032;2033;2034;2035;2036;2037;2038;2039;2040;2041;2042;2043;2044;2045;2046;2047;2048;2049;2050;2051;2052;2053;2054
SE,TotalAnnualMinCapacityInvestment,TECHNOLOGY,DEMRESELCTV_CRT_RUR,SE_DEMRESELCOTH_MID,redirigir_electrica_DEMRESELCOTH,0.0,2022;2023;2024;2025;2026;2027;2028;2029;2030;2031;2032;2033;2034;2035;2036;2037;2038;2039;2040;2041;2042;2043;2044;2045;2046;2047;2048;2049;2050;2051;2052;2053;2054
IN,TotalAnnualMinCapacityInvestment,TECHNOLOGY,DEMRESELCTV_CRT_URB,IN_DEMRESELCOTH_MID,redirigir_electrica_DEMRESELCOTH,0.0,2022;2023;2024;2025;2026;2027;2028;2029;2030;2031;2032;2033;2034;2035;2036;2037;2038;2039;2040;2041;2042;2043;2044;2045;2046;2047;2048;2049;2050;2051;2052;2053;2054
SE,TotalAnnualMinCapacityInvestment,TECHNOLOGY,DEMRESELCTV_CRT_URB,SE_DEMRESELCOTH_MID,redirigir_electrica_DEMRESELCOTH,0.0,2022;2023;2024;2025;2026;2027;2028;2029;2030;2031;2032;2033;2034;2035;2036;2037;2038;2039;2040;2041;2042;2043;2044;2045;2046;2047;2048;2049;2050;2051;2052;2053;2054
SE,TotalAnnualMinCapacityInvestment,TECHNOLOGY,DEMRESELCTV_HIG_RUR,SE_DEMRESELCOTH_HIG,redirigir_electrica_DEMRESELCOTH,0.0,2022;2023;2024;2025;2026;2027;2028;2029;2030;2031;2032;2033;2034;2035;2036;2037;2038;2039;2040;2041;2042;2043;2044;2045;2046;2047;2048;2049;2050;2051;2052;2053;2054
IN,TotalAnnualMinCapacityInvestment,TECHNOLOGY,DEMRESELCTV_HIG_URB,IN_DEMRESELCOTH_HIG,redirigir_electrica_DEMRESELCOTH,0.0,2022;2023;2024;2025;2026;2027;2028;2029;2030;2031;2032;2033;2034;2035;2036;2037;2038;2039;2040;2041;2042;2043;2044;2045;2046;2047;2048;2049;2050;2051;2052;2053;2054
SE,TotalAnnualMinCapacityInvestment,TECHNOLOGY,DEMRESELCTV_HIG_URB,SE_DEMRESELCOTH_HIG,redirigir_electrica_DEMRESELCOTH,0.0,2022;2023;2024;2025;2026;2027;2028;2029;2030;2031;2032;2033;2034;2035;2036;2037;2038;2039;2040;2041;2042;2043;2044;2045;2046;2047;2048;2049;2050;2051;2052;2053;2054
SE,TotalAnnualMinCapacityInvestment,TECHNOLOGY,DEMRESELCTV_LOW_RUR,SE_DEMRESELCOTH_LOW,redirigir_electrica_DEMRESELCOTH,0.0,2022;2023;2024;2025;2026;2027;2028;2029;2030;2031;2032;2033;2034;2035;2036;2037;2038;2039;2040;2041;2042;2043;2044;2045;2046;2047;2048;2049;2050;2051;2052;2053;2054
IN,TotalAnnualMinCapacityInvestment,TECHNOLOGY,DEMRESELCTV_LOW_URB,IN_DEMRESELCOTH_LOW,redirigir_electrica_DEMRESELCOTH,0.0,2022;2023;2024;2025;2026;2027;2028;2029;2030;2031;2032;2033;2034;2035;2036;2037;2038;2039;2040;2041;2042;2043;2044;2045;2046;2047;2048;2049;2050;2051;2052;2053;2054
SE,TotalAnnualMinCapacityInvestment,TECHNOLOGY,DEMRESELCTV_LOW_URB,SE_DEMRESELCOTH_LOW,redirigir_electrica_DEMRESELCOTH,0.0,2022;2023;2024;2025;2026;2027;2028;2029;2030;2031;2032;2033;2034;2035;2036;2037;2038;2039;2040;2041;2042;2043;2044;2045;2046;2047;2048;2049;2050;2051;2052;2053;2054
SE,TotalAnnualMinCapacityInvestment,TECHNOLOGY,DEMRESELCTV_MID_RUR,SE_DEMRESELCOTH_MID,redirigir_electrica_DEMRESELCOTH,0.0,2022;2023;2024;2025;2026;2027;2028;2029;2030;2031;2032;2033;2034;2035;2036;2037;2038;2039;2040;2041;2042;2043;2044;2045;2046;2047;2048;2049;2050;2051;2052;2053;2054
IN,TotalAnnualMinCapacityInvestment,TECHNOLOGY,DEMRESELCTV_MID_URB,IN_DEMRESELCOTH_MID,redirigir_electrica_DEMRESELCOTH,0.0,2022;2023;2024;2025;2026;2027;2028;2029;2030;2031;2032;2033;2034;2035;2036;2037;2038;2039;2040;2041;2042;2043;2044;2045;2046;2047;2048;2049;2050;2051;2052;2053;2054
SE,TotalAnnualMinCapacityInvestment,TECHNOLOGY,DEMRESELCTV_MID_URB,SE_DEMRESELCOTH_MID,redirigir_electrica_DEMRESELCOTH,0.0,2022;2023;2024;2025;2026;2027;2028;2029;2030;2031;2032;2033;2034;2035;2036;2037;2038;2039;2040;2041;2042;2043;2044;2045;2046;2047;2048;2049;2050;2051;2052;2053;2054
SE,TotalAnnualMinCapacityInvestment,TECHNOLOGY,DEMRESELCWHT_DUC_HIG_RUR,SE_DEMRESELCOTH_HIG,redirigir_electrica_DEMRESELCOTH,0.0,2022;2023;2024;2025;2026;2027;2028;2029;2030;2031;2032;2033;2034;2035;2036;2037;2038;2039;2040;2041;2042;2043;2044;2045;2046;2047;2048;2049;2050;2051;2052;2053;2054
IN,TotalAnnualMinCapacityInvestment,TECHNOLOGY,DEMRESELCWHT_DUC_HIG_URB,IN_DEMRESELCOTH_HIG,redirigir_electrica_DEMRESELCOTH,0.0,2022;2023;2024;2025;2026;2027;2028;2029;2030;2031;2032;2033;2034;2035;2036;2037;2038;2039;2040;2041;2042;2043;2044;2045;2046;2047;2048;2049;2050;2051;2052;2053;2054
SE,TotalAnnualMinCapacityInvestment,TECHNOLOGY,DEMRESELCWHT_DUC_HIG_URB,SE_DEMRESELCOTH_HIG,redirigir_electrica_DEMRESELCOTH,0.0,2022;2023;2024;2025;2026;2027;2028;2029;2030;2031;2032;2033;2034;2035;2036;2037;2038;2039;2040;2041;2042;2043;2044;2045;2046;2047;2048;2049;2050;2051;2052;2053;2054
SE,TotalAnnualMinCapacityInvestment,TECHNOLOGY,DEMRESELCWHT_DUC_LOW_RUR,SE_DEMRESELCOTH_LOW,redirigir_electrica_DEMRESELCOTH,0.0,2022;2023;2024;2025;2026;2027;2028;2029;2030;2031;2032;2033;2034;2035;2036;2037;2038;2039;2040;2041;2042;2043;2044;2045;2046;2047;2048;2049;2050;2051;2052;2053;2054
IN,TotalAnnualMinCapacityInvestment,TECHNOLOGY,DEMRESELCWHT_DUC_LOW_URB,IN_DEMRESELCOTH_LOW,redirigir_electrica_DEMRESELCOTH,0.0,2022;2023;2024;2025;2026;2027;2028;2029;2030;2031;2032;2033;2034;2035;2036;2037;2038;2039;2040;2041;2042;2043;2044;2045;2046;2047;2048;2049;2050;2051;2052;2053;2054
SE,TotalAnnualMinCapacityInvestment,TECHNOLOGY,DEMRESELCWHT_DUC_LOW_URB,SE_DEMRESELCOTH_LOW,redirigir_electrica_DEMRESELCOTH,0.0,2022;2023;2024;2025;2026;2027;2028;2029;2030;2031;2032;2033;2034;2035;2036;2037;2038;2039;2040;2041;2042;2043;2044;2045;2046;2047;2048;2049;2050;2051;2052;2053;2054
SE,TotalAnnualMinCapacityInvestment,TECHNOLOGY,DEMRESELCWHT_DUC_MID_RUR,SE_DEMRESELCOTH_MID,redirigir_electrica_DEMRESELCOTH,0.0,2022;2023;2024;2025;2026;2027;2028;2029;2030;2031;2032;2033;2034;2035;2036;2037;2038;2039;2040;2041;2042;2043;2044;2045;2046;2047;2048;2049;2050;2051;2052;2053;2054
IN,TotalAnnualMinCapacityInvestment,TECHNOLOGY,DEMRESELCWHT_DUC_MID_URB,IN_DEMRESELCOTH_MID,redirigir_electrica_DEMRESELCOTH,0.0,2022;2023;2024;2025;2026;2027;2028;2029;2030;2031;2032;2033;2034;2035;2036;2037;2038;2039;2040;2041;2042;2043;2044;2045;2046;2047;2048;2049;2050;2051;2052;2053;2054
SE,TotalAnnualMinCapacityInvestment,TECHNOLOGY,DEMRESELCWHT_DUC_MID_URB,SE_DEMRESELCOTH_MID,redirigir_electrica_DEMRESELCOTH,0.0,2022;2023;2024;2025;2026;2027;2028;2029;2030;2031;2032;2033;2034;2035;2036;2037;2038;2039;2040;2041;2042;2043;2044;2045;2046;2047;2048;2049;2050;2051;2052;2053;2054
SE,TotalAnnualMinCapacityInvestment,TECHNOLOGY,DEMRESELCWHT_PAS_HIG_RUR,SE_DEMRESELCOTH_HIG,redirigir_electrica_DEMRESELCOTH,0.0,2022;2023;2024;2025;2026;2027;2028;2029;2030;2031;2032;2033;2034;2035;2036;2037;2038;2039;2040;2041;2042;2043;2044;2045;2046;2047;2048;2049;2050;2051;2052;2053;2054
IN,TotalAnnualMinCapacityInvestment,TECHNOLOGY,DEMRESELCWHT_PAS_HIG_URB,IN_DEMRESELCOTH_HIG,redirigir_electrica_DEMRESELCOTH,0.0,2022;2023;2024;2025;2026;2027;2028;2029;2030;2031;2032;2033;2034;2035;2036;2037;2038;2039;2040;2041;2042;2043;2044;2045;2046;2047;2048;2049;2050;2051;2052;2053;2054
SE,TotalAnnualMinCapacityInvestment,TECHNOLOGY,DEMRESELCWHT_PAS_HIG_URB,SE_DEMRESELCOTH_HIG,redirigir_electrica_DEMRESELCOTH,0.0,2022;2023;2024;2025;2026;2027;2028;2029;2030;2031;2032;2033;2034;2035;2036;2037;2038;2039;2040;2041;2042;2043;2044;2045;2046;2047;2048;2049;2050;2051;2052;2053;2054
SE,TotalAnnualMinCapacityInvestment,TECHNOLOGY,DEMRESELCWHT_PAS_LOW_RUR,SE_DEMRESELCOTH_LOW,redirigir_electrica_DEMRESELCOTH,0.0,2022;2023;2024;2025;2026;2027;2028;2029;2030;2031;2032;2033;2034;2035;2036;2037;2038;2039;2040;2041;2042;2043;2044;2045;2046;2047;2048;2049;2050;2051;2052;2053;2054
IN,TotalAnnualMinCapacityInvestment,TECHNOLOGY,DEMRESELCWHT_PAS_LOW_URB,IN_DEMRESELCOTH_LOW,redirigir_electrica_DEMRESELCOTH,0.0,2022;2023;2024;2025;2026;2027;2028;2029;2030;2031;2032;2033;2034;2035;2036;2037;2038;2039;2040;2041;2042;2043;2044;2045;2046;2047;2048;2049;2050;2051;2052;2053;2054
SE,TotalAnnualMinCapacityInvestment,TECHNOLOGY,DEMRESELCWHT_PAS_LOW_URB,SE_DEMRESELCOTH_LOW,redirigir_electrica_DEMRESELCOTH,0.0,2022;2023;2024;2025;2026;2027;2028;2029;2030;2031;2032;2033;2034;2035;2036;2037;2038;2039;2040;2041;2042;2043;2044;2045;2046;2047;2048;2049;2050;2051;2052;2053;2054
SE,TotalAnnualMinCapacityInvestment,TECHNOLOGY,DEMRESELCWHT_PAS_MID_RUR,SE_DEMRESELCOTH_MID,redirigir_electrica_DEMRESELCOTH,0.0,2022;2023;2024;2025;2026;2027;2028;2029;2030;2031;2032;2033;2034;2035;2036;2037;2038;2039;2040;2041;2042;2043;2044;2045;2046;2047;2048;2049;2050;2051;2052;2053;2054
IN,TotalAnnualMinCapacityInvestment,TECHNOLOGY,DEMRESELCWHT_PAS_MID_URB,IN_DEMRESELCOTH_MID,redirigir_electrica_DEMRESELCOTH,0.0,2022;2023;2024;2025;2026;2027;2028;2029;2030;2031;2032;2033;2034;2035;2036;2037;2038;2039;2040;2041;2042;2043;2044;2045;2046;2047;2048;2049;2050;2051;2052;2053;2054
SE,TotalAnnualMinCapacityInvestment,TECHNOLOGY,DEMRESELCWHT_PAS_MID_URB,SE_DEMRESELCOTH_MID,redirigir_electrica_DEMRESELCOTH,0.0,2022;2023;2024;2025;2026;2027;2028;2029;2030;2031;2032;2033;2034;2035;2036;2037;2038;2039;2040;2041;2042;2043;2044;2045;2046;2047;2048;2049;2050;2051;2052;2053;2054
IN,TotalAnnualMinCapacityInvestment,TECHNOLOGY,DEMRESELCWHT_TAN_HIG_RUR,IN_DEMRESELCOTH_HIG,redirigir_electrica_DEMRESELCOTH,0.0,2022;2023;2024;2025;2026;2027;2028;2029;2030;2031;2032;2033;2034;2035;2036;2037;2038;2039;2040;2041;2042;2043;2044;2045;2046;2047;2048;2049;2050;2051;2052;2053;2054
SE,TotalAnnualMinCapacityInvestment,TECHNOLOGY,DEMRESELCWHT_TAN_HIG_RUR,SE_DEMRESELCOTH_HIG,redirigir_electrica_DEMRESELCOTH,0.0,2022;2023;2024;2025;2026;2027;2028;2029;2030;2031;2032;2033;2034;2035;2036;2037;2038;2039;2040;2041;2042;2043;2044;2045;2046;2047;2048;2049;2050;2051;2052;2053;2054
IN,TotalAnnualMinCapacityInvestment,TECHNOLOGY,DEMRESELCWHT_TAN_HIG_URB,IN_DEMRESELCOTH_HIG,redirigir_electrica_DEMRESELCOTH,0.0,2022;2023;2024;2025;2026;2027;2028;2029;2030;2031;2032;2033;2034;2035;2036;2037;2038;2039;2040;2041;2042;2043;2044;2045;2046;2047;2048;2049;2050;2051;2052;2053;2054
SE,TotalAnnualMinCapacityInvestment,TECHNOLOGY,DEMRESELCWHT_TAN_HIG_URB,SE_DEMRESELCOTH_HIG,redirigir_electrica_DEMRESELCOTH,0.0,2022;2023;2024;2025;2026;2027;2028;2029;2030;2031;2032;2033;2034;2035;2036;2037;2038;2039;2040;2041;2042;2043;2044;2045;2046;2047;2048;2049;2050;2051;2052;2053;2054
IN,TotalAnnualMinCapacityInvestment,TECHNOLOGY,DEMRESELCWHT_TAN_LOW_RUR,IN_DEMRESELCOTH_LOW,redirigir_electrica_DEMRESELCOTH,0.0,2022;2023;2024;2025;2026;2027;2028;2029;2030;2031;2032;2033;2034;2035;2036;2037;2038;2039;2040;2041;2042;2043;2044;2045;2046;2047;2048;2049;2050;2051;2052;2053;2054
SE,TotalAnnualMinCapacityInvestment,TECHNOLOGY,DEMRESELCWHT_TAN_LOW_RUR,SE_DEMRESELCOTH_LOW,redirigir_electrica_DEMRESELCOTH,0.0,2022;2023;2024;2025;2026;2027;2028;2029;2030;2031;2032;2033;2034;2035;2036;2037;2038;2039;2040;2041;2042;2043;2044;2045;2046;2047;2048;2049;2050;2051;2052;2053;2054
IN,TotalAnnualMinCapacityInvestment,TECHNOLOGY,DEMRESELCWHT_TAN_LOW_URB,IN_DEMRESELCOTH_LOW,redirigir_electrica_DEMRESELCOTH,0.0,2022;2023;2024;2025;2026;2027;2028;2029;2030;2031;2032;2033;2034;2035;2036;2037;2038;2039;2040;2041;2042;2043;2044;2045;2046;2047;2048;2049;2050;2051;2052;2053;2054
SE,TotalAnnualMinCapacityInvestment,TECHNOLOGY,DEMRESELCWHT_TAN_LOW_URB,SE_DEMRESELCOTH_LOW,redirigir_electrica_DEMRESELCOTH,0.0,2022;2023;2024;2025;2026;2027;2028;2029;2030;2031;2032;2033;2034;2035;2036;2037;2038;2039;2040;2041;2042;2043;2044;2045;2046;2047;2048;2049;2050;2051;2052;2053;2054
IN,TotalAnnualMinCapacityInvestment,TECHNOLOGY,DEMRESELCWHT_TAN_MID_RUR,IN_DEMRESELCOTH_MID,redirigir_electrica_DEMRESELCOTH,0.0,2022;2023;2024;2025;2026;2027;2028;2029;2030;2031;2032;2033;2034;2035;2036;2037;2038;2039;2040;2041;2042;2043;2044;2045;2046;2047;2048;2049;2050;2051;2052;2053;2054
SE,TotalAnnualMinCapacityInvestment,TECHNOLOGY,DEMRESELCWHT_TAN_MID_RUR,SE_DEMRESELCOTH_MID,redirigir_electrica_DEMRESELCOTH,0.0,2022;2023;2024;2025;2026;2027;2028;2029;2030;2031;2032;2033;2034;2035;2036;2037;2038;2039;2040;2041;2042;2043;2044;2045;2046;2047;2048;2049;2050;2051;2052;2053;2054
IN,TotalAnnualMinCapacityInvestment,TECHNOLOGY,DEMRESELCWHT_TAN_MID_URB,IN_DEMRESELCOTH_MID,redirigir_electrica_DEMRESELCOTH,0.0,2022;2023;2024;2025;2026;2027;2028;2029;2030;2031;2032;2033;2034;2035;2036;2037;2038;2039;2040;2041;2042;2043;2044;2045;2046;2047;2048;2049;2050;2051;2052;2053;2054
SE,TotalAnnualMinCapacityInvestment,TECHNOLOGY,DEMRESELCWHT_TAN_MID_URB,SE_DEMRESELCOTH_MID,redirigir_electrica_DEMRESELCOTH,0.0,2022;2023;2024;2025;2026;2027;2028;2029;2030;2031;2032;2033;2034;2035;2036;2037;2038;2039;2040;2041;2042;2043;2044;2045;2046;2047;2048;2049;2050;2051;2052;2053;2054
SE,TotalAnnualMinCapacityInvestment,TECHNOLOGY,DEMRESELCWSH_HIG_RUR,SE_DEMRESELCOTH_HIG,redirigir_electrica_DEMRESELCOTH,0.0,2022;2023;2024;2025;2026;2027;2028;2029;2030;2031;2032;2033;2034;2035;2036;2037;2038;2039;2040;2041;2042;2043;2044;2045;2046;2047;2048;2049;2050;2051;2052;2053;2054
IN,TotalAnnualMinCapacityInvestment,TECHNOLOGY,DEMRESELCWSH_HIG_URB,IN_DEMRESELCOTH_HIG,redirigir_electrica_DEMRESELCOTH,0.0,2022;2023;2024;2025;2026;2027;2028;2029;2030;2031;2032;2033;2034;2035;2036;2037;2038;2039;2040;2041;2042;2043;2044;2045;2046;2047;2048;2049;2050;2051;2052;2053;2054
SE,TotalAnnualMinCapacityInvestment,TECHNOLOGY,DEMRESELCWSH_HIG_URB,SE_DEMRESELCOTH_HIG,redirigir_electrica_DEMRESELCOTH,0.0,2022;2023;2024;2025;2026;2027;2028;2029;2030;2031;2032;2033;2034;2035;2036;2037;2038;2039;2040;2041;2042;2043;2044;2045;2046;2047;2048;2049;2050;2051;2052;2053;2054
SE,TotalAnnualMinCapacityInvestment,TECHNOLOGY,DEMRESELCWSH_LOW_RUR,SE_DEMRESELCOTH_LOW,redirigir_electrica_DEMRESELCOTH,0.0,2022;2023;2024;2025;2026;2027;2028;2029;2030;2031;2032;2033;2034;2035;2036;2037;2038;2039;2040;2041;2042;2043;2044;2045;2046;2047;2048;2049;2050;2051;2052;2053;2054
IN,TotalAnnualMinCapacityInvestment,TECHNOLOGY,DEMRESELCWSH_LOW_URB,IN_DEMRESELCOTH_LOW,redirigir_electrica_DEMRESELCOTH,0.0,2022;2023;2024;2025;2026;2027;2028;2029;2030;2031;2032;2033;2034;2035;2036;2037;2038;2039;2040;2041;2042;2043;2044;2045;2046;2047;2048;2049;2050;2051;2052;2053;2054
SE,TotalAnnualMinCapacityInvestment,TECHNOLOGY,DEMRESELCWSH_LOW_URB,SE_DEMRESELCOTH_LOW,redirigir_electrica_DEMRESELCOTH,0.0,2022;2023;2024;2025;2026;2027;2028;2029;2030;2031;2032;2033;2034;2035;2036;2037;2038;2039;2040;2041;2042;2043;2044;2045;2046;2047;2048;2049;2050;2051;2052;2053;2054
SE,TotalAnnualMinCapacityInvestment,TECHNOLOGY,DEMRESELCWSH_MID_RUR,SE_DEMRESELCOTH_MID,redirigir_electrica_DEMRESELCOTH,0.0,2022;2023;2024;2025;2026;2027;2028;2029;2030;2031;2032;2033;2034;2035;2036;2037;2038;2039;2040;2041;2042;2043;2044;2045;2046;2047;2048;2049;2050;2051;2052;2053;2054
IN,TotalAnnualMinCapacityInvestment,TECHNOLOGY,DEMRESELCWSH_MID_URB,IN_DEMRESELCOTH_MID,redirigir_electrica_DEMRESELCOTH,0.0,2022;2023;2024;2025;2026;2027;2028;2029;2030;2031;2032;2033;2034;2035;2036;2037;2038;2039;2040;2041;2042;2043;2044;2045;2046;2047;2048;2049;2050;2051;2052;2053;2054
SE,TotalAnnualMinCapacityInvestment,TECHNOLOGY,DEMRESELCWSH_MID_URB,SE_DEMRESELCOTH_MID,redirigir_electrica_DEMRESELCOTH,0.0,2022;2023;2024;2025;2026;2027;2028;2029;2030;2031;2032;2033;2034;2035;2036;2037;2038;2039;2040;2041;2042;2043;2044;2045;2046;2047;2048;2049;2050;2051;2052;2053;2054
SE,TotalAnnualMinCapacityInvestment,TECHNOLOGY,DEMRESLPGCKN_HIG_RUR,SE_DEMRESLPGCKN_HIG,colapso_sin_sufijo,0.0,2022;2023;2024;2025;2026;2027;2028;2029;2030;2031;2032;2033;2034;2035;2036;2037;2038;2039;2040;2041;2042;2043;2044;2045;2046;2047;2048;2049;2050;2051;2052;2053;2054
IN,TotalAnnualMinCapacityInvestment,TECHNOLOGY,DEMRESLPGCKN_HIG_URB,IN_DEMRESLPGCKN_HIG,colapso_sin_sufijo,0.0,2022;2023;2024;2025;2026;2027;2028;2029;2030;2031;2032;2033;2034;2035;2036;2037;2038;2039;2040;2041;2042;2043;2044;2045;2046;2047;2048;2049;2050;2051;2052;2053;2054
SE,TotalAnnualMinCapacityInvestment,TECHNOLOGY,DEMRESLPGCKN_HIG_URB,SE_DEMRESLPGCKN_HIG,colapso_sin_sufijo,0.0,2022;2023;2024;2025;2026;2027;2028;2029;2030;2031;2032;2033;2034;2035;2036;2037;2038;2039;2040;2041;2042;2043;2044;2045;2046;2047;2048;2049;2050;2051;2052;2053;2054
SE,TotalAnnualMinCapacityInvestment,TECHNOLOGY,DEMRESLPGCKN_LOW_RUR,SE_DEMRESLPGCKN_LOW,colapso_sin_sufijo,0.0,2022;2023;2024;2025;2026;2027;2028;2029;2030;2031;2032;2033;2034;2035;2036;2037;2038;2039;2040;2041;2042;2043;2044;2045;2046;2047;2048;2049;2050;2051;2052;2053;2054
IN,TotalAnnualMinCapacityInvestment,TECHNOLOGY,DEMRESLPGCKN_LOW_URB,IN_DEMRESLPGCKN_LOW,colapso_sin_sufijo,0.0,2022;2023;2024;2025;2026;2027;2028;2029;2030;2031;2032;2033;2034;2035;2036;2037;2038;2039;2040;2041;2042;2043;2044;2045;2046;2047;2048;2049;2050;2051;2052;2053;2054
SE,TotalAnnualMinCapacityInvestment,TECHNOLOGY,DEMRESLPGCKN_LOW_URB,SE_DEMRESLPGCKN_LOW,colapso_sin_sufijo,0.0,2022;2023;2024;2025;2026;2027;2028;2029;2030;2031;2032;2033;2034;2035;2036;2037;2038;2039;2040;2041;2042;2043;2044;2045;2046;2047;2048;2049;2050;2051;2052;2053;2054
SE,TotalAnnualMinCapacityInvestment,TECHNOLOGY,DEMRESLPGCKN_MID_RUR,SE_DEMRESLPGCKN_MID,colapso_sin_sufijo,0.00215,2022;2023;2024;2025;2026;2027;2028;2029;2030;2031;2032;2033;2034;2035;2036;2037;2038;2039;2040;2041;2042;2043;2044;2045;2046;2047;2048;2049;2050;2051;2052;2053;2054
IN,TotalAnnualMinCapacityInvestment,TECHNOLOGY,DEMRESLPGCKN_MID_URB,IN_DEMRESLPGCKN_MID,colapso_sin_sufijo,0.0,2022;2023;2024;2025;2026;2027;2028;2029;2030;2031;2032;2033;2034;2035;2036;2037;2038;2039;2040;2041;2042;2043;2044;2045;2046;2047;2048;2049;2050;2051;2052;2053;2054
SE,TotalAnnualMinCapacityInvestment,TECHNOLOGY,DEMRESLPGCKN_MID_URB,SE_DEMRESLPGCKN_MID,colapso_sin_sufijo,0.0,2022;2023;2024;2025;2026;2027;2028;2029;2030;2031;2032;2033;2034;2035;2036;2037;2038;2039;2040;2041;2042;2043;2044;2045;2046;2047;2048;2049;2050;2051;2052;2053;2054
SE,TotalAnnualMinCapacityInvestment,TECHNOLOGY,DEMRESWOOCKN_HIG_RUR,SE_DEMRESWOOCKN_HIG,colapso_sin_sufijo,0.115755,2022;2023;2024;2025;2026;2027;2028;2029;2030;2031;2032;2033;2034;2035;2036;2037;2038;2039;2040;2041;2042;2043;2044;2045;2046;2047;2048;2049;2050;2051;2052;2053;2054
SE,TotalAnnualMinCapacityInvestment,TECHNOLOGY,DEMRESWOOCKN_HIG_URB,SE_DEMRESWOOCKN_HIG,colapso_sin_sufijo,0.0,2022;2023;2024;2025;2026;2027;2028;2029;2030;2031;2032;2033;2034;2035;2036;2037;2038;2039;2040;2041;2042;2043;2044;2045;2046;2047;2048;2049;2050;2051;2052;2053;2054
SE,TotalAnnualMinCapacityInvestment,TECHNOLOGY,DEMRESWOOCKN_LOW_RUR,SE_DEMRESWOOCKN_LOW,colapso_sin_sufijo,0.0,2022;2023;2024;2025;2026;2027;2028;2029;2030;2031;2032;2033;2034;2035;2036;2037;2038;2039;2040;2041;2042;2043;2044;2045;2046;2047;2048;2049;2050;2051;2052;2053;2054
SE,TotalAnnualMinCapacityInvestment,TECHNOLOGY,DEMRESWOOCKN_LOW_URB,SE_DEMRESWOOCKN_LOW,colapso_sin_sufijo,0.0,2022;2023;2024;2025;2026;2027;2028;2029;2030;2031;2032;2033;2034;2035;2036;2037;2038;2039;2040;2041;2042;2043;2044;2045;2046;2047;2048;2049;2050;2051;2052;2053;2054
SE,TotalAnnualMinCapacityInvestment,TECHNOLOGY,DEMRESWOOCKN_MID_RUR,SE_DEMRESWOOCKN_MID,colapso_sin_sufijo,0.0,2022;2023;2024;2025;2026;2027;2028;2029;2030;2031;2032;2033;2034;2035;2036;2037;2038;2039;2040;2041;2042;2043;2044;2045;2046;2047;2048;2049;2050;2051;2052;2053;2054
SE,TotalAnnualMinCapacityInvestment,TECHNOLOGY,DEMRESWOOCKN_MID_URB,SE_DEMRESWOOCKN_MID,colapso_sin_sufijo,0.0,2022;2023;2024;2025;2026;2027;2028;2029;2030;2031;2032;2033;2034;2035;2036;2037;2038;2039;2040;2041;2042;2043;2044;2045;2046;2047;2048;2049;2050;2051;2052;2053;2054
SE,TotalAnnualMaxCapacityInvestment,TECHNOLOGY,DEMRESELCAIR_PAR_HIG_RUR,SE_DEMRESELCAIR_PAR_HIG,colapso_sin_sufijo,0.0,2022;2023;2024;2025;2026;2027;2028;2029;2030;2031;2032;2033;2034;2035;2036;2037;2038;2039;2040;2041;2042;2043;2044;2045;2046;2047;2048;2049;2050;2051;2052;2053;2054
SE,TotalAnnualMaxCapacityInvestment,TECHNOLOGY,DEMRESELCAIR_PAR_LOW_RUR,SE_DEMRESELCAIR_PAR_LOW,colapso_sin_sufijo,0.0,2022;2023;2024;2025;2026;2027;2028;2029;2030;2031;2032;2033;2034;2035;2036;2037;2038;2039;2040;2041;2042;2043;2044;2045;2046;2047;2048;2049;2050;2051;2052;2053;2054
IN,TotalAnnualMaxCapacityInvestment,TECHNOLOGY,DEMRESELCAIR_PAR_LOW_URB,IN_DEMRESELCAIR_PAR_LOW,colapso_sin_sufijo,0.0,2022;2023;2024;2025;2026;2027;2028;2029;2030;2031;2032;2033;2034;2035;2036;2037;2038;2039;2040;2041;2042;2043;2044;2045;2046;2047;2048;2049;2050;2051;2052;2053;2054
SE,TotalAnnualMaxCapacityInvestment,TECHNOLOGY,DEMRESELCAIR_PAR_LOW_URB,SE_DEMRESELCAIR_PAR_LOW,colapso_sin_sufijo,0.0,2022;2023;2024;2025;2026;2027;2028;2029;2030;2031;2032;2033;2034;2035;2036;2037;2038;2039;2040;2041;2042;2043;2044;2045;2046;2047;2048;2049;2050;2051;2052;2053;2054
SE,TotalAnnualMaxCapacityInvestment,TECHNOLOGY,DEMRESELCAIR_PAR_MID_RUR,SE_DEMRESELCAIR_PAR_MID,colapso_sin_sufijo,0.0,2022;2023;2024;2025;2026;2027;2028;2029;2030;2031;2032;2033;2034;2035;2036;2037;2038;2039;2040;2041;2042;2043;2044;2045;2046;2047;2048;2049;2050;2051;2052;2053;2054
IN,TotalAnnualMaxCapacityInvestment,TECHNOLOGY,DEMRESELCAIR_PAR_MID_URB,IN_DEMRESELCAIR_PAR_MID,colapso_sin_sufijo,0.0,2022;2023;2024;2025;2026;2027;2028;2029;2030;2031;2032;2033;2034;2035;2036;2037;2038;2039;2040;2041;2042;2043;2044;2045;2046;2047;2048;2049;2050;2051;2052;2053;2054
SE,TotalAnnualMaxCapacityInvestment,TECHNOLOGY,DEMRESELCAIR_PAR_MID_URB,SE_DEMRESELCAIR_PAR_MID,colapso_sin_sufijo,0.0,2022;2023;2024;2025;2026;2027;2028;2029;2030;2031;2032;2033;2034;2035;2036;2037;2038;2039;2040;2041;2042;2043;2044;2045;2046;2047;2048;2049;2050;2051;2052;2053;2054
SE,TotalAnnualMaxCapacityInvestment,TECHNOLOGY,DEMRESELCAIR_POR_HIG_RUR,SE_DEMRESELCAIR_POR_HIG,colapso_sin_sufijo,9e-06,2022;2023;2024;2025;2026;2027;2028;2029;2030;2031;2032;2033;2034;2035;2036;2037;2038;2039;2040;2041;2042;2043;2044;2045;2046;2047;2048;2049;2050;2051;2052;2053;2054
IN,TotalAnnualMaxCapacityInvestment,TECHNOLOGY,DEMRESELCAIR_POR_HIG_URB,IN_DEMRESELCAIR_POR_HIG,colapso_sin_sufijo,0.001918,2022;2023;2024;2025;2026;2027;2028;2029;2030;2031;2032;2033;2034;2035;2036;2037;2038;2039;2040;2041;2042;2043;2044;2045;2046;2047;2048;2049;2050;2051;2052;2053;2054
SE,TotalAnnualMaxCapacityInvestment,TECHNOLOGY,DEMRESELCAIR_POR_HIG_URB,SE_DEMRESELCAIR_POR_HIG,colapso_sin_sufijo,0.000698,2022;2023;2024;2025;2026;2027;2028;2029;2030;2031;2032;2033;2034;2035;2036;2037;2038;2039;2040;2041;2042;2043;2044;2045;2046;2047;2048;2049;2050;2051;2052;2053;2054
SE,TotalAnnualMaxCapacityInvestment,TECHNOLOGY,DEMRESELCAIR_POR_LOW_RUR,SE_DEMRESELCAIR_POR_LOW,colapso_sin_sufijo,3.4e-05,2022;2023;2024;2025;2026;2027;2028;2029;2030;2031;2032;2033;2034;2035;2036;2037;2038;2039;2040;2041;2042;2043;2044;2045;2046;2047;2048;2049;2050;2051;2052;2053;2054
IN,TotalAnnualMaxCapacityInvestment,TECHNOLOGY,DEMRESELCAIR_POR_LOW_URB,IN_DEMRESELCAIR_POR_LOW,colapso_sin_sufijo,0.008096,2022;2023;2024;2025;2026;2027;2028;2029;2030;2031;2032;2033;2034;2035;2036;2037;2038;2039;2040;2041;2042;2043;2044;2045;2046;2047;2048;2049;2050;2051;2052;2053;2054
SE,TotalAnnualMaxCapacityInvestment,TECHNOLOGY,DEMRESELCAIR_POR_LOW_URB,SE_DEMRESELCAIR_POR_LOW,colapso_sin_sufijo,0.002785,2022;2023;2024;2025;2026;2027;2028;2029;2030;2031;2032;2033;2034;2035;2036;2037;2038;2039;2040;2041;2042;2043;2044;2045;2046;2047;2048;2049;2050;2051;2052;2053;2054
SE,TotalAnnualMaxCapacityInvestment,TECHNOLOGY,DEMRESELCAIR_POR_MID_RUR,SE_DEMRESELCAIR_POR_MID,colapso_sin_sufijo,7.4e-05,2022;2023;2024;2025;2026;2027;2028;2029;2030;2031;2032;2033;2034;2035;2036;2037;2038;2039;2040;2041;2042;2043;2044;2045;2046;2047;2048;2049;2050;2051;2052;2053;2054
IN,TotalAnnualMaxCapacityInvestment,TECHNOLOGY,DEMRESELCAIR_POR_MID_URB,IN_DEMRESELCAIR_POR_MID,colapso_sin_sufijo,0.016874,2022;2023;2024;2025;2026;2027;2028;2029;2030;2031;2032;2033;2034;2035;2036;2037;2038;2039;2040;2041;2042;2043;2044;2045;2046;2047;2048;2049;2050;2051;2052;2053;2054
SE,TotalAnnualMaxCapacityInvestment,TECHNOLOGY,DEMRESELCAIR_POR_MID_URB,SE_DEMRESELCAIR_POR_MID,colapso_sin_sufijo,0.00597,2022;2023;2024;2025;2026;2027;2028;2029;2030;2031;2032;2033;2034;2035;2036;2037;2038;2039;2040;2041;2042;2043;2044;2045;2046;2047;2048;2049;2050;2051;2052;2053;2054
SE,TotalAnnualMaxCapacityInvestment,TECHNOLOGY,DEMRESELCAIR_SPL_HIG_RUR,SE_DEMRESELCAIR_SPL_HIG,colapso_sin_sufijo,0.001024,2022;2023;2024;2025;2026;2027;2028;2029;2030;2031;2032;2033;2034;2035;2036;2037;2038;2039;2040;2041;2042;2043;2044;2045;2046;2047;2048;2049;2050;2051;2052;2053;2054
IN,TotalAnnualMaxCapacityInvestment,TECHNOLOGY,DEMRESELCAIR_SPL_HIG_URB,IN_DEMRESELCAIR_SPL_HIG,colapso_sin_sufijo,0.188744,2022;2023;2024;2025;2026;2027;2028;2029;2030;2031;2032;2033;2034;2035;2036;2037;2038;2039;2040;2041;2042;2043;2044;2045;2046;2047;2048;2049;2050;2051;2052;2053;2054
SE,TotalAnnualMaxCapacityInvestment,TECHNOLOGY,DEMRESELCAIR_SPL_HIG_URB,SE_DEMRESELCAIR_SPL_HIG,colapso_sin_sufijo,0.078763,2022;2023;2024;2025;2026;2027;2028;2029;2030;2031;2032;2033;2034;2035;2036;2037;2038;2039;2040;2041;2042;2043;2044;2045;2046;2047;2048;2049;2050;2051;2052;2053;2054
SE,TotalAnnualMaxCapacityInvestment,TECHNOLOGY,DEMRESELCAIR_SPL_LOW_RUR,SE_DEMRESELCAIR_SPL_LOW,colapso_sin_sufijo,0.000685,2022;2023;2024;2025;2026;2027;2028;2029;2030;2031;2032;2033;2034;2035;2036;2037;2038;2039;2040;2041;2042;2043;2044;2045;2046;2047;2048;2049;2050;2051;2052;2053;2054
IN,TotalAnnualMaxCapacityInvestment,TECHNOLOGY,DEMRESELCAIR_SPL_LOW_URB,IN_DEMRESELCAIR_SPL_LOW,colapso_sin_sufijo,0.14864,2022;2023;2024;2025;2026;2027;2028;2029;2030;2031;2032;2033;2034;2035;2036;2037;2038;2039;2040;2041;2042;2043;2044;2045;2046;2047;2048;2049;2050;2051;2052;2053;2054
SE,TotalAnnualMaxCapacityInvestment,TECHNOLOGY,DEMRESELCAIR_SPL_LOW_URB,SE_DEMRESELCAIR_SPL_LOW,colapso_sin_sufijo,0.054686,2022;2023;2024;2025;2026;2027;2028;2029;2030;2031;2032;2033;2034;2035;2036;2037;2038;2039;2040;2041;2042;2043;2044;2045;2046;2047;2048;2049;2050;2051;2052;2053;2054
SE,TotalAnnualMaxCapacityInvestment,TECHNOLOGY,DEMRESELCAIR_SPL_MID_RUR,SE_DEMRESELCAIR_SPL_MID,colapso_sin_sufijo,0.000976,2022;2023;2024;2025;2026;2027;2028;2029;2030;2031;2032;2033;2034;2035;2036;2037;2038;2039;2040;2041;2042;2043;2044;2045;2046;2047;2048;2049;2050;2051;2052;2053;2054
IN,TotalAnnualMaxCapacityInvestment,TECHNOLOGY,DEMRESELCAIR_SPL_MID_URB,IN_DEMRESELCAIR_SPL_MID,colapso_sin_sufijo,0.211855,2022;2023;2024;2025;2026;2027;2028;2029;2030;2031;2032;2033;2034;2035;2036;2037;2038;2039;2040;2041;2042;2043;2044;2045;2046;2047;2048;2049;2050;2051;2052;2053;2054
SE,TotalAnnualMaxCapacityInvestment,TECHNOLOGY,DEMRESELCAIR_SPL_MID_URB,SE_DEMRESELCAIR_SPL_MID,colapso_sin_sufijo,0.077943,2022;2023;2024;2025;2026;2027;2028;2029;2030;2031;2032;2033;2034;2035;2036;2037;2038;2039;2040;2041;2042;2043;2044;2045;2046;2047;2048;2049;2050;2051;2052;2053;2054
SE,TotalAnnualMaxCapacityInvestment,TECHNOLOGY,DEMRESELCCKN_HIG_RUR,SE_DEMRESELCCKN_HIG,colapso_sin_sufijo,33862.543273,2022;2023;2024;2025;2026;2027;2028;2029;2030;2031;2032;2033;2034;2035;2036;2037;2038;2039;2040;2041;2042;2043;2044;2045;2046;2047;2048;2049;2050;2051;2052;2053;2054
IN,TotalAnnualMaxCapacityInvestment,TECHNOLOGY,DEMRESELCCKN_HIG_URB,IN_DEMRESELCCKN_HIG,colapso_sin_sufijo,64717.573442,2022;2023;2024;2025;2026;2027;2028;2029;2030;2031;2032;2033;2034;2035;2036;2037;2038;2039;2040;2041;2042;2043;2044;2045;2046;2047;2048;2049;2050;2051;2052;2053;2054
SE,TotalAnnualMaxCapacityInvestment,TECHNOLOGY,DEMRESELCCKN_HIG_URB,SE_DEMRESELCCKN_HIG,colapso_sin_sufijo,240387.369307,2022;2023;2024;2025;2026;2027;2028;2029;2030;2031;2032;2033;2034;2035;2036;2037;2038;2039;2040;2041;2042;2043;2044;2045;2046;2047;2048;2049;2050;2051;2052;2053;2054
SE,TotalAnnualMaxCapacityInvestment,TECHNOLOGY,DEMRESELCCKN_LOW_RUR,SE_DEMRESELCCKN_LOW,colapso_sin_sufijo,33862.542141,2022;2023;2024;2025;2026;2027;2028;2029;2030;2031;2032;2033;2034;2035;2036;2037;2038;2039;2040;2041;2042;2043;2044;2045;2046;2047;2048;2049;2050;2051;2052;2053;2054
IN,TotalAnnualMaxCapacityInvestment,TECHNOLOGY,DEMRESELCCKN_LOW_URB,IN_DEMRESELCCKN_LOW,colapso_sin_sufijo,64717.562715,2022;2023;2024;2025;2026;2027;2028;2029;2030;2031;2032;2033;2034;2035;2036;2037;2038;2039;2040;2041;2042;2043;2044;2045;2046;2047;2048;2049;2050;2051;2052;2053;2054
SE,TotalAnnualMaxCapacityInvestment,TECHNOLOGY,DEMRESELCCKN_LOW_URB,SE_DEMRESELCCKN_LOW,colapso_sin_sufijo,240387.33558,2022;2023;2024;2025;2026;2027;2028;2029;2030;2031;2032;2033;2034;2035;2036;2037;2038;2039;2040;2041;2042;2043;2044;2045;2046;2047;2048;2049;2050;2051;2052;2053;2054
SE,TotalAnnualMaxCapacityInvestment,TECHNOLOGY,DEMRESELCCKN_MID_RUR,SE_DEMRESELCCKN_MID,colapso_sin_sufijo,33862.544539,2022;2023;2024;2025;2026;2027;2028;2029;2030;2031;2032;2033;2034;2035;2036;2037;2038;2039;2040;2041;2042;2043;2044;2045;2046;2047;2048;2049;2050;2051;2052;2053;2054
IN,TotalAnnualMaxCapacityInvestment,TECHNOLOGY,DEMRESELCCKN_MID_URB,IN_DEMRESELCCKN_MID,colapso_sin_sufijo,64717.585478,2022;2023;2024;2025;2026;2027;2028;2029;2030;2031;2032;2033;2034;2035;2036;2037;2038;2039;2040;2041;2042;2043;2044;2045;2046;2047;2048;2049;2050;2051;2052;2053;2054
SE,TotalAnnualMaxCapacityInvestment,TECHNOLOGY,DEMRESELCCKN_MID_URB,SE_DEMRESELCCKN_MID,colapso_sin_sufijo,240387.407109,2022;2023;2024;2025;2026;2027;2028;2029;2030;2031;2032;2033;2034;2035;2036;2037;2038;2039;2040;2041;2042;2043;2044;2045;2046;2047;2048;2049;2050;2051;2052;2053;2054
SE,TotalAnnualMaxCapacityInvestment,TECHNOLOGY,DEMRESELCFAN_HIG_RUR,SE_DEMRESELCFAN_HIG,colapso_sin_sufijo,0.024748,2022;2023;2024;2025;2026;2027;2028;2029;2030;2031;2032;2033;2034;2035;2036;2037;2038;2039;2040;2041;2042;2043;2044;2045;2046;2047;2048;2049;2050;2051;2052;2053;2054
IN,TotalAnnualMaxCapacityInvestment,TECHNOLOGY,DEMRESELCFAN_HIG_URB,IN_DEMRESELCFAN_HIG,colapso_sin_sufijo,0.016405,2022;2023;2024;2025;2026;2027;2028;2029;2030;2031;2032;2033;2034;2035;2036;2037;2038;2039;2040;2041;2042;2043;2044;2045;2046;2047;2048;2049;2050;2051;2052;2053;2054
SE,TotalAnnualMaxCapacityInvestment,TECHNOLOGY,DEMRESELCFAN_HIG_URB,SE_DEMRESELCFAN_HIG,colapso_sin_sufijo,0.023327,2022;2023;2024;2025;2026;2027;2028;2029;2030;2031;2032;2033;2034;2035;2036;2037;2038;2039;2040;2041;2042;2043;2044;2045;2046;2047;2048;2049;2050;2051;2052;2053;2054
SE,TotalAnnualMaxCapacityInvestment,TECHNOLOGY,DEMRESELCFAN_LOW_RUR,SE_DEMRESELCFAN_LOW,colapso_sin_sufijo,0.022164,2022;2023;2024;2025;2026;2027;2028;2029;2030;2031;2032;2033;2034;2035;2036;2037;2038;2039;2040;2041;2042;2043;2044;2045;2046;2047;2048;2049;2050;2051;2052;2053;2054
IN,TotalAnnualMaxCapacityInvestment,TECHNOLOGY,DEMRESELCFAN_LOW_URB,IN_DEMRESELCFAN_LOW,colapso_sin_sufijo,0.017347,2022;2023;2024;2025;2026;2027;2028;2029;2030;2031;2032;2033;2034;2035;2036;2037;2038;2039;2040;2041;2042;2043;2044;2045;2046;2047;2048;2049;2050;2051;2052;2053;2054
SE,TotalAnnualMaxCapacityInvestment,TECHNOLOGY,DEMRESELCFAN_LOW_URB,SE_DEMRESELCFAN_LOW,colapso_sin_sufijo,0.021601,2022;2023;2024;2025;2026;2027;2028;2029;2030;2031;2032;2033;2034;2035;2036;2037;2038;2039;2040;2041;2042;2043;2044;2045;2046;2047;2048;2049;2050;2051;2052;2053;2054
SE,TotalAnnualMaxCapacityInvestment,TECHNOLOGY,DEMRESELCFAN_MID_RUR,SE_DEMRESELCFAN_MID,colapso_sin_sufijo,0.020936,2022;2023;2024;2025;2026;2027;2028;2029;2030;2031;2032;2033;2034;2035;2036;2037;2038;2039;2040;2041;2042;2043;2044;2045;2046;2047;2048;2049;2050;2051;2052;2053;2054
IN,TotalAnnualMaxCapacityInvestment,TECHNOLOGY,DEMRESELCFAN_MID_URB,IN_DEMRESELCFAN_MID,colapso_sin_sufijo,0.016496,2022;2023;2024;2025;2026;2027;2028;2029;2030;2031;2032;2033;2034;2035;2036;2037;2038;2039;2040;2041;2042;2043;2044;2045;2046;2047;2048;2049;2050;2051;2052;2053;2054
SE,TotalAnnualMaxCapacityInvestment,TECHNOLOGY,DEMRESELCFAN_MID_URB,SE_DEMRESELCFAN_MID,colapso_sin_sufijo,0.020437,2022;2023;2024;2025;2026;2027;2028;2029;2030;2031;2032;2033;2034;2035;2036;2037;2038;2039;2040;2041;2042;2043;2044;2045;2046;2047;2048;2049;2050;2051;2052;2053;2054
IN,TotalAnnualMaxCapacityInvestment,TECHNOLOGY,DEMRESELCILU_HIG_RUR,IN_DEMRESELCOTH_HIG,redirigir_electrica_DEMRESELCOTH,0.118723,2022;2023;2024;2025;2026;2027;2028;2029;2030;2031;2032;2033;2034;2035;2036;2037;2038;2039;2040;2041;2042;2043;2044;2045;2046;2047;2048;2049;2050;2051;2052;2053;2054
SE,TotalAnnualMaxCapacityInvestment,TECHNOLOGY,DEMRESELCILU_HIG_RUR,SE_DEMRESELCOTH_HIG,redirigir_electrica_DEMRESELCOTH,0.074157,2022;2023;2024;2025;2026;2027;2028;2029;2030;2031;2032;2033;2034;2035;2036;2037;2038;2039;2040;2041;2042;2043;2044;2045;2046;2047;2048;2049;2050;2051;2052;2053;2054
IN,TotalAnnualMaxCapacityInvestment,TECHNOLOGY,DEMRESELCILU_INC_URB,IN_DEMRESELCOTH_MID,redirigir_electrica_DEMRESELCOTH,0.0,2022;2023;2024
SE,TotalAnnualMaxCapacityInvestment,TECHNOLOGY,DEMRESELCILU_INC_URB,SE_DEMRESELCOTH_MID,redirigir_electrica_DEMRESELCOTH,0.0,2022;2023;2024
IN,TotalAnnualMaxCapacityInvestment,TECHNOLOGY,DEMRESELCILU_LFC_URB,IN_DEMRESELCOTH_MID,redirigir_electrica_DEMRESELCOTH,0.0,2022;2023;2024;2025;2026;2027;2028;2029;2030;2031;2032;2033;2034
SE,TotalAnnualMaxCapacityInvestment,TECHNOLOGY,DEMRESELCILU_LFC_URB,SE_DEMRESELCOTH_MID,redirigir_electrica_DEMRESELCOTH,0.0,2022;2023;2024;2025;2026;2027;2028;2029;2030;2031;2032;2033;2034
IN,TotalAnnualMaxCapacityInvestment,TECHNOLOGY,DEMRESELCILU_LOW_RUR,IN_DEMRESELCOTH_LOW,redirigir_electrica_DEMRESELCOTH,0.0,2022;2023;2024;2025;2026;2027;2028;2029;2030;2031;2032;2033;2034;2035;2036;2037;2038;2039;2040;2041;2042;2043;2044;2045;2046;2047;2048;2049;2050;2051;2052;2053;2054
SE,TotalAnnualMaxCapacityInvestment,TECHNOLOGY,DEMRESELCILU_LOW_RUR,SE_DEMRESELCOTH_LOW,redirigir_electrica_DEMRESELCOTH,0.0,2022;2023;2024;2025;2026;2027;2028;2029;2030;2031;2032;2033;2034;2035;2036;2037;2038;2039;2040;2041;2042;2043;2044;2045;2046;2047;2048;2049;2050;2051;2052;2053;2054
IN,TotalAnnualMaxCapacityInvestment,TECHNOLOGY,DEMRESELCILU_MID_RUR,IN_DEMRESELCOTH_MID,redirigir_electrica_DEMRESELCOTH,0.106394,2022;2023;2024;2025;2026;2027;2028;2029;2030;2031;2032;2033;2034;2035;2036;2037;2038;2039;2040;2041;2042;2043;2044;2045;2046;2047;2048;2049;2050;2051;2052;2053;2054
SE,TotalAnnualMaxCapacityInvestment,TECHNOLOGY,DEMRESELCILU_MID_RUR,SE_DEMRESELCOTH_MID,redirigir_electrica_DEMRESELCOTH,0.039876,2022;2023;2024;2025;2026;2027;2028;2029;2030;2031;2032;2033;2034;2035;2036;2037;2038;2039;2040;2041;2042;2043;2044;2045;2046;2047;2048;2049;2050;2051;2052;2053;2054
IN,TotalAnnualMaxCapacityInvestment,TECHNOLOGY,DEMRESELCOTH_HIG_RUR,IN_DEMRESELCOTH_HIG,colapso_sin_sufijo,0.215527,2022;2023;2024;2025;2026;2027;2028;2029;2030;2031;2032;2033;2034;2035;2036;2037;2038;2039;2040;2041;2042;2043;2044;2045;2046;2047;2048;2049;2050;2051;2052;2053;2054
SE,TotalAnnualMaxCapacityInvestment,TECHNOLOGY,DEMRESELCOTH_HIG_RUR,SE_DEMRESELCOTH_HIG,colapso_sin_sufijo,0.489107,2022;2023;2024;2025;2026;2027;2028;2029;2030;2031;2032;2033;2034;2035;2036;2037;2038;2039;2040;2041;2042;2043;2044;2045;2046;2047;2048;2049;2050;2051;2052;2053;2054
IN,TotalAnnualMaxCapacityInvestment,TECHNOLOGY,DEMRESELCOTH_HIG_URB,IN_DEMRESELCOTH_HIG,colapso_sin_sufijo,0.156272,2022;2023;2024;2025;2026;2027;2028;2029;2030;2031;2032;2033;2034;2035;2036;2037;2038;2039;2040;2041;2042;2043;2044;2045;2046;2047;2048;2049;2050;2051;2052;2053;2054
SE,TotalAnnualMaxCapacityInvestment,TECHNOLOGY,DEMRESELCOTH_HIG_URB,SE_DEMRESELCOTH_HIG,colapso_sin_sufijo,0.009836,2022;2023;2024;2025;2026;2027;2028;2029;2030;2031;2032;2033;2034;2035;2036;2037;2038;2039;2040;2041;2042;2043;2044;2045;2046;2047;2048;2049;2050;2051;2052;2053;2054
IN,TotalAnnualMaxCapacityInvestment,TECHNOLOGY,DEMRESELCOTH_LOW_RUR,IN_DEMRESELCOTH_LOW,colapso_sin_sufijo,0.134773,2022;2023;2024;2025;2026;2027;2028;2029;2030;2031;2032;2033;2034;2035;2036;2037;2038;2039;2040;2041;2042;2043;2044;2045;2046;2047;2048;2049;2050;2051;2052;2053;2054
SE,TotalAnnualMaxCapacityInvestment,TECHNOLOGY,DEMRESELCOTH_LOW_RUR,SE_DEMRESELCOTH_LOW,colapso_sin_sufijo,0.18725,2022;2023;2024;2025;2026;2027;2028;2029;2030;2031;2032;2033;2034;2035;2036;2037;2038;2039;2040;2041;2042;2043;2044;2045;2046;2047;2048;2049;2050;2051;2052;2053;2054
IN,TotalAnnualMaxCapacityInvestment,TECHNOLOGY,DEMRESELCOTH_LOW_URB,IN_DEMRESELCOTH_LOW,colapso_sin_sufijo,0.068875,2022;2023;2024;2025;2026;2027;2028;2029;2030;2031;2032;2033;2034;2035;2036;2037;2038;2039;2040;2041;2042;2043;2044;2045;2046;2047;2048;2049;2050;2051;2052;2053;2054
SE,TotalAnnualMaxCapacityInvestment,TECHNOLOGY,DEMRESELCOTH_LOW_URB,SE_DEMRESELCOTH_LOW,colapso_sin_sufijo,0.003938,2022;2023;2024;2025;2026;2027;2028;2029;2030;2031;2032;2033;2034;2035;2036;2037;2038;2039;2040;2041;2042;2043;2044;2045;2046;2047;2048;2049;2050;2051;2052;2053;2054
IN,TotalAnnualMaxCapacityInvestment,TECHNOLOGY,DEMRESELCOTH_MID_RUR,IN_DEMRESELCOTH_MID,colapso_sin_sufijo,0.224622,2022;2023;2024;2025;2026;2027;2028;2029;2030;2031;2032;2033;2034;2035;2036;2037;2038;2039;2040;2041;2042;2043;2044;2045;2046;2047;2048;2049;2050;2051;2052;2053;2054
SE,TotalAnnualMaxCapacityInvestment,TECHNOLOGY,DEMRESELCOTH_MID_RUR,SE_DEMRESELCOTH_MID,colapso_sin_sufijo,0.312084,2022;2023;2024;2025;2026;2027;2028;2029;2030;2031;2032;2033;2034;2035;2036;2037;2038;2039;2040;2041;2042;2043;2044;2045;2046;2047;2048;2049;2050;2051;2052;2053;2054
IN,TotalAnnualMaxCapacityInvestment,TECHNOLOGY,DEMRESELCOTH_MID_URB,IN_DEMRESELCOTH_MID,colapso_sin_sufijo,0.114796,2022;2023;2024;2025;2026;2027;2028;2029;2030;2031;2032;2033;2034;2035;2036;2037;2038;2039;2040;2041;2042;2043;2044;2045;2046;2047;2048;2049;2050;2051;2052;2053;2054
SE,TotalAnnualMaxCapacityInvestment,TECHNOLOGY,DEMRESELCOTH_MID_URB,SE_DEMRESELCOTH_MID,colapso_sin_sufijo,0.006564,2022;2023;2024;2025;2026;2027;2028;2029;2030;2031;2032;2033;2034;2035;2036;2037;2038;2039;2040;2041;2042;2043;2044;2045;2046;2047;2048;2049;2050;2051;2052;2053;2054
SE,TotalAnnualMaxCapacityInvestment,TECHNOLOGY,DEMRESELCREF_HIG_RUR,SE_DEMRESELCREF_HIG,colapso_sin_sufijo,0.021192,2022;2023;2024;2025;2026;2027;2028;2029;2030;2031;2032;2033;2034;2035;2036;2037;2038;2039;2040;2041;2042;2043;2044;2045;2046;2047;2048;2049;2050;2051;2052;2053;2054
IN,TotalAnnualMaxCapacityInvestment,TECHNOLOGY,DEMRESELCREF_HIG_URB,IN_DEMRESELCREF_HIG,colapso_sin_sufijo,0.115461,2022;2023;2024;2025;2026;2027;2028;2029;2030;2031;2032;2033;2034;2035;2036;2037;2038;2039;2040;2041;2042;2043;2044;2045;2046;2047;2048;2049;2050;2051;2052;2053;2054
SE,TotalAnnualMaxCapacityInvestment,TECHNOLOGY,DEMRESELCREF_HIG_URB,SE_DEMRESELCREF_HIG,colapso_sin_sufijo,0.152666,2022;2023;2024;2025;2026;2027;2028;2029;2030;2031;2032;2033;2034;2035;2036;2037;2038;2039;2040;2041;2042;2043;2044;2045;2046;2047;2048;2049;2050;2051;2052;2053;2054
SE,TotalAnnualMaxCapacityInvestment,TECHNOLOGY,DEMRESELCREF_LOW_RUR,SE_DEMRESELCREF_LOW,colapso_sin_sufijo,0.0,2022;2023;2024;2025;2026;2027;2028;2029;2030;2031;2032;2033;2034;2035;2036;2037;2038;2039;2040;2041;2042;2043;2044;2045;2046;2047;2048;2049;2050;2051;2052;2053;2054
IN,TotalAnnualMaxCapacityInvestment,TECHNOLOGY,DEMRESELCREF_LOW_URB,IN_DEMRESELCREF_LOW,colapso_sin_sufijo,0.000456,2022;2023;2024;2025;2026;2027;2028;2029;2030;2031;2032;2033;2034;2035;2036;2037;2038;2039;2040;2041;2042;2043;2044;2045;2046;2047;2048;2049;2050;2051;2052;2053;2054
SE,TotalAnnualMaxCapacityInvestment,TECHNOLOGY,DEMRESELCREF_LOW_URB,SE_DEMRESELCREF_LOW,colapso_sin_sufijo,0.000572,2022;2023;2024;2025;2026;2027;2028;2029;2030;2031;2032;2033;2034;2035;2036;2037;2038;2039;2040;2041;2042;2043;2044;2045;2046;2047;2048;2049;2050;2051;2052;2053;2054
SE,TotalAnnualMaxCapacityInvestment,TECHNOLOGY,DEMRESELCREF_MID_RUR,SE_DEMRESELCREF_MID,colapso_sin_sufijo,0.003167,2022;2023;2024;2025;2026;2027;2028;2029;2030;2031;2032;2033;2034;2035;2036;2037;2038;2039;2040;2041;2042;2043;2044;2045;2046;2047;2048;2049;2050;2051;2052;2053;2054
IN,TotalAnnualMaxCapacityInvestment,TECHNOLOGY,DEMRESELCREF_MID_URB,IN_DEMRESELCREF_MID,colapso_sin_sufijo,0.018627,2022;2023;2024;2025;2026;2027;2028;2029;2030;2031;2032;2033;2034;2035;2036;2037;2038;2039;2040;2041;2042;2043;2044;2045;2046;2047;2048;2049;2050;2051;2052;2053;2054
SE,TotalAnnualMaxCapacityInvestment,TECHNOLOGY,DEMRESELCREF_MID_URB,SE_DEMRESELCREF_MID,colapso_sin_sufijo,0.023368,2022;2023;2024;2025;2026;2027;2028;2029;2030;2031;2032;2033;2034;2035;2036;2037;2038;2039;2040;2041;2042;2043;2044;2045;2046;2047;2048;2049;2050;2051;2052;2053;2054
SE,TotalAnnualMaxCapacityInvestment,TECHNOLOGY,DEMRESELCTV_CRT_RUR,SE_DEMRESELCOTH_MID,redirigir_electrica_DEMRESELCOTH,0.0,2022;2023;2024;2025;2026;2027;2028;2029;2030;2031;2032;2033;2034;2035;2036;2037;2038;2039;2040;2041;2042;2043;2044;2045;2046;2047;2048;2049;2050;2051;2052;2053;2054
IN,TotalAnnualMaxCapacityInvestment,TECHNOLOGY,DEMRESELCTV_CRT_URB,IN_DEMRESELCOTH_MID,redirigir_electrica_DEMRESELCOTH,0.0,2022;2023;2024;2025;2026;2027;2028;2029;2030;2031;2032;2033;2034;2035;2036;2037;2038;2039;2040;2041;2042;2043;2044;2045;2046;2047;2048;2049;2050;2051;2052;2053;2054
SE,TotalAnnualMaxCapacityInvestment,TECHNOLOGY,DEMRESELCTV_CRT_URB,SE_DEMRESELCOTH_MID,redirigir_electrica_DEMRESELCOTH,0.0,2022;2023;2024;2025;2026;2027;2028;2029;2030;2031;2032;2033;2034;2035;2036;2037;2038;2039;2040;2041;2042;2043;2044;2045;2046;2047;2048;2049;2050;2051;2052;2053;2054
SE,TotalAnnualMaxCapacityInvestment,TECHNOLOGY,DEMRESELCTV_HIG_RUR,SE_DEMRESELCOTH_HIG,redirigir_electrica_DEMRESELCOTH,0.189426,2022;2023;2024;2025;2026;2027;2028;2029;2030;2031;2032;2033;2034;2035;2036;2037;2038;2039;2040;2041;2042;2043;2044;2045;2046;2047;2048;2049;2050;2051;2052;2053;2054
IN,TotalAnnualMaxCapacityInvestment,TECHNOLOGY,DEMRESELCTV_HIG_URB,IN_DEMRESELCOTH_HIG,redirigir_electrica_DEMRESELCOTH,0.134898,2022;2023;2024;2025;2026;2027;2028;2029;2030;2031;2032;2033;2034;2035;2036;2037;2038;2039;2040;2041;2042;2043;2044;2045;2046;2047;2048;2049;2050;2051;2052;2053;2054
SE,TotalAnnualMaxCapacityInvestment,TECHNOLOGY,DEMRESELCTV_HIG_URB,SE_DEMRESELCOTH_HIG,redirigir_electrica_DEMRESELCOTH,0.016871,2022;2023;2024;2025;2026;2027;2028;2029;2030;2031;2032;2033;2034;2035;2036;2037;2038;2039;2040;2041;2042;2043;2044;2045;2046;2047;2048;2049;2050;2051;2052;2053;2054
SE,TotalAnnualMaxCapacityInvestment,TECHNOLOGY,DEMRESELCTV_LOW_RUR,SE_DEMRESELCOTH_LOW,redirigir_electrica_DEMRESELCOTH,0.072836,2022;2023;2024;2025;2026;2027;2028;2029;2030;2031;2032;2033;2034;2035;2036;2037;2038;2039;2040;2041;2042;2043;2044;2045;2046;2047;2048;2049;2050;2051;2052;2053;2054
IN,TotalAnnualMaxCapacityInvestment,TECHNOLOGY,DEMRESELCTV_LOW_URB,IN_DEMRESELCOTH_LOW,redirigir_electrica_DEMRESELCOTH,0.059462,2022;2023;2024;2025;2026;2027;2028;2029;2030;2031;2032;2033;2034;2035;2036;2037;2038;2039;2040;2041;2042;2043;2044;2045;2046;2047;2048;2049;2050;2051;2052;2053;2054
SE,TotalAnnualMaxCapacityInvestment,TECHNOLOGY,DEMRESELCTV_LOW_URB,SE_DEMRESELCOTH_LOW,redirigir_electrica_DEMRESELCOTH,0.006756,2022;2023;2024;2025;2026;2027;2028;2029;2030;2031;2032;2033;2034;2035;2036;2037;2038;2039;2040;2041;2042;2043;2044;2045;2046;2047;2048;2049;2050;2051;2052;2053;2054
SE,TotalAnnualMaxCapacityInvestment,TECHNOLOGY,DEMRESELCTV_MID_RUR,SE_DEMRESELCOTH_MID,redirigir_electrica_DEMRESELCOTH,0.121394,2022;2023;2024;2025;2026;2027;2028;2029;2030;2031;2032;2033;2034;2035;2036;2037;2038;2039;2040;2041;2042;2043;2044;2045;2046;2047;2048;2049;2050;2051;2052;2053;2054
IN,TotalAnnualMaxCapacityInvestment,TECHNOLOGY,DEMRESELCTV_MID_URB,IN_DEMRESELCOTH_MID,redirigir_electrica_DEMRESELCOTH,0.099103,2022;2023;2024;2025;2026;2027;2028;2029;2030;2031;2032;2033;2034;2035;2036;2037;2038;2039;2040;2041;2042;2043;2044;2045;2046;2047;2048;2049;2050;2051;2052;2053;2054
SE,TotalAnnualMaxCapacityInvestment,TECHNOLOGY,DEMRESELCTV_MID_URB,SE_DEMRESELCOTH_MID,redirigir_electrica_DEMRESELCOTH,0.01126,2022;2023;2024;2025;2026;2027;2028;2029;2030;2031;2032;2033;2034;2035;2036;2037;2038;2039;2040;2041;2042;2043;2044;2045;2046;2047;2048;2049;2050;2051;2052;2053;2054
SE,TotalAnnualMaxCapacityInvestment,TECHNOLOGY,DEMRESELCWHT_DUC_HIG_RUR,SE_DEMRESELCOTH_HIG,redirigir_electrica_DEMRESELCOTH,0.000609,2022;2023;2024;2025;2026;2027;2028;2029;2030;2031;2032;2033;2034;2035;2036;2037;2038;2039;2040;2041;2042;2043;2044;2045;2046;2047;2048;2049;2050;2051;2052;2053;2054
IN,TotalAnnualMaxCapacityInvestment,TECHNOLOGY,DEMRESELCWHT_DUC_HIG_URB,IN_DEMRESELCOTH_HIG,redirigir_electrica_DEMRESELCOTH,0.029274,2022;2023;2024;2025;2026;2027;2028;2029;2030;2031;2032;2033;2034;2035;2036;2037;2038;2039;2040;2041;2042;2043;2044;2045;2046;2047;2048;2049;2050;2051;2052;2053;2054
SE,TotalAnnualMaxCapacityInvestment,TECHNOLOGY,DEMRESELCWHT_DUC_HIG_URB,SE_DEMRESELCOTH_HIG,redirigir_electrica_DEMRESELCOTH,0.006257,2022;2023;2024;2025;2026;2027;2028;2029;2030;2031;2032;2033;2034;2035;2036;2037;2038;2039;2040;2041;2042;2043;2044;2045;2046;2047;2048;2049;2050;2051;2052;2053;2054
SE,TotalAnnualMaxCapacityInvestment,TECHNOLOGY,DEMRESELCWHT_DUC_LOW_RUR,SE_DEMRESELCOTH_LOW,redirigir_electrica_DEMRESELCOTH,0.001049,2022;2023;2024;2025;2026;2027;2028;2029;2030;2031;2032;2033;2034;2035;2036;2037;2038;2039;2040;2041;2042;2043;2044;2045;2046;2047;2048;2049;2050;2051;2052;2053;2054
IN,TotalAnnualMaxCapacityInvestment,TECHNOLOGY,DEMRESELCWHT_DUC_LOW_URB,IN_DEMRESELCOTH_LOW,redirigir_electrica_DEMRESELCOTH,0.061961,2022;2023;2024;2025;2026;2027;2028;2029;2030;2031;2032;2033;2034;2035;2036;2037;2038;2039;2040;2041;2042;2043;2044;2045;2046;2047;2048;2049;2050;2051;2052;2053;2054
SE,TotalAnnualMaxCapacityInvestment,TECHNOLOGY,DEMRESELCWHT_DUC_LOW_URB,SE_DEMRESELCOTH_LOW,redirigir_electrica_DEMRESELCOTH,0.011597,2022;2023;2024;2025;2026;2027;2028;2029;2030;2031;2032;2033;2034;2035;2036;2037;2038;2039;2040;2041;2042;2043;2044;2045;2046;2047;2048;2049;2050;2051;2052;2053;2054
SE,TotalAnnualMaxCapacityInvestment,TECHNOLOGY,DEMRESELCWHT_DUC_MID_RUR,SE_DEMRESELCOTH_MID,redirigir_electrica_DEMRESELCOTH,0.0,2022;2023;2024;2025;2026;2027;2028;2029;2030;2031;2032;2033;2034;2035;2036;2037;2038;2039;2040;2041;2042;2043;2044;2045;2046;2047;2048;2049;2050;2051;2052;2053;2054
IN,TotalAnnualMaxCapacityInvestment,TECHNOLOGY,DEMRESELCWHT_DUC_MID_URB,IN_DEMRESELCOTH_MID,redirigir_electrica_DEMRESELCOTH,0.0,2022;2023;2024;2025;2026;2027;2028;2029;2030;2031;2032;2033;2034;2035;2036;2037;2038;2039;2040;2041;2042;2043;2044;2045;2046;2047;2048;2049;2050;2051;2052;2053;2054
SE,TotalAnnualMaxCapacityInvestment,TECHNOLOGY,DEMRESELCWHT_DUC_MID_URB,SE_DEMRESELCOTH_MID,redirigir_electrica_DEMRESELCOTH,0.0,2022;2023;2024;2025;2026;2027;2028;2029;2030;2031;2032;2033;2034;2035;2036;2037;2038;2039;2040;2041;2042;2043;2044;2045;2046;2047;2048;2049;2050;2051;2052;2053;2054
SE,TotalAnnualMaxCapacityInvestment,TECHNOLOGY,DEMRESELCWHT_PAS_HIG_RUR,SE_DEMRESELCOTH_HIG,redirigir_electrica_DEMRESELCOTH,8.6e-05,2022;2023;2024;2025;2026;2027;2028;2029;2030;2031;2032;2033;2034;2035;2036;2037;2038;2039;2040;2041;2042;2043;2044;2045;2046;2047;2048;2049;2050;2051;2052;2053;2054
IN,TotalAnnualMaxCapacityInvestment,TECHNOLOGY,DEMRESELCWHT_PAS_HIG_URB,IN_DEMRESELCOTH_HIG,redirigir_electrica_DEMRESELCOTH,0.024182,2022;2023;2024;2025;2026;2027;2028;2029;2030;2031;2032;2033;2034;2035;2036;2037;2038;2039;2040;2041;2042;2043;2044;2045;2046;2047;2048;2049;2050;2051;2052;2053;2054
SE,TotalAnnualMaxCapacityInvestment,TECHNOLOGY,DEMRESELCWHT_PAS_HIG_URB,SE_DEMRESELCOTH_HIG,redirigir_electrica_DEMRESELCOTH,0.004838,2022;2023;2024;2025;2026;2027;2028;2029;2030;2031;2032;2033;2034;2035;2036;2037;2038;2039;2040;2041;2042;2043;2044;2045;2046;2047;2048;2049;2050;2051;2052;2053;2054
SE,TotalAnnualMaxCapacityInvestment,TECHNOLOGY,DEMRESELCWHT_PAS_LOW_RUR,SE_DEMRESELCOTH_LOW,redirigir_electrica_DEMRESELCOTH,7.4e-05,2022;2023;2024;2025;2026;2027;2028;2029;2030;2031;2032;2033;2034;2035;2036;2037;2038;2039;2040;2041;2042;2043;2044;2045;2046;2047;2048;2049;2050;2051;2052;2053;2054
IN,TotalAnnualMaxCapacityInvestment,TECHNOLOGY,DEMRESELCWHT_PAS_LOW_URB,IN_DEMRESELCOTH_LOW,redirigir_electrica_DEMRESELCOTH,0.012434,2022;2023;2024;2025;2026;2027;2028;2029;2030;2031;2032;2033;2034;2035;2036;2037;2038;2039;2040;2041;2042;2043;2044;2045;2046;2047;2048;2049;2050;2051;2052;2053;2054
SE,TotalAnnualMaxCapacityInvestment,TECHNOLOGY,DEMRESELCWHT_PAS_LOW_URB,SE_DEMRESELCOTH_LOW,redirigir_electrica_DEMRESELCOTH,0.002327,2022;2023;2024;2025;2026;2027;2028;2029;2030;2031;2032;2033;2034;2035;2036;2037;2038;2039;2040;2041;2042;2043;2044;2045;2046;2047;2048;2049;2050;2051;2052;2053;2054
SE,TotalAnnualMaxCapacityInvestment,TECHNOLOGY,DEMRESELCWHT_PAS_MID_RUR,SE_DEMRESELCOTH_MID,redirigir_electrica_DEMRESELCOTH,7.4e-05,2022;2023;2024;2025;2026;2027;2028;2029;2030;2031;2032;2033;2034;2035;2036;2037;2038;2039;2040;2041;2042;2043;2044;2045;2046;2047;2048;2049;2050;2051;2052;2053;2054
IN,TotalAnnualMaxCapacityInvestment,TECHNOLOGY,DEMRESELCWHT_PAS_MID_URB,IN_DEMRESELCOTH_MID,redirigir_electrica_DEMRESELCOTH,0.0,2022;2023;2024;2025;2026;2027;2028;2029;2030;2031;2032;2033;2034;2035;2036;2037;2038;2039;2040;2041;2042;2043;2044;2045;2046;2047;2048;2049;2050;2051;2052;2053;2054
SE,TotalAnnualMaxCapacityInvestment,TECHNOLOGY,DEMRESELCWHT_PAS_MID_URB,SE_DEMRESELCOTH_MID,redirigir_electrica_DEMRESELCOTH,0.0,2022;2023;2024;2025;2026;2027;2028;2029;2030;2031;2032;2033;2034;2035;2036;2037;2038;2039;2040;2041;2042;2043;2044;2045;2046;2047;2048;2049;2050;2051;2052;2053;2054
IN,TotalAnnualMaxCapacityInvestment,TECHNOLOGY,DEMRESELCWHT_TAN_HIG_RUR,IN_DEMRESELCOTH_HIG,redirigir_electrica_DEMRESELCOTH,8.1e-05,2022;2023;2024;2025;2026;2027;2028;2029;2030;2031;2032;2033;2034;2035;2036;2037;2038;2039;2040;2041;2042;2043;2044;2045;2046;2047;2048;2049;2050;2051;2052;2053;2054
SE,TotalAnnualMaxCapacityInvestment,TECHNOLOGY,DEMRESELCWHT_TAN_HIG_RUR,SE_DEMRESELCOTH_HIG,redirigir_electrica_DEMRESELCOTH,1.7e-05,2022;2023;2024;2025;2026;2027;2028;2029;2030;2031;2032;2033;2034;2035;2036;2037;2038;2039;2040;2041;2042;2043;2044;2045;2046;2047;2048;2049;2050;2051;2052;2053;2054
IN,TotalAnnualMaxCapacityInvestment,TECHNOLOGY,DEMRESELCWHT_TAN_HIG_URB,IN_DEMRESELCOTH_HIG,redirigir_electrica_DEMRESELCOTH,0.00841,2022;2023;2024;2025;2026;2027;2028;2029;2030;2031;2032;2033;2034;2035;2036;2037;2038;2039;2040;2041;2042;2043;2044;2045;2046;2047;2048;2049;2050;2051;2052;2053;2054
SE,TotalAnnualMaxCapacityInvestment,TECHNOLOGY,DEMRESELCWHT_TAN_HIG_URB,SE_DEMRESELCOTH_HIG,redirigir_electrica_DEMRESELCOTH,0.001798,2022;2023;2024;2025;2026;2027;2028;2029;2030;2031;2032;2033;2034;2035;2036;2037;2038;2039;2040;2041;2042;2043;2044;2045;2046;2047;2048;2049;2050;2051;2052;2053;2054
IN,TotalAnnualMaxCapacityInvestment,TECHNOLOGY,DEMRESELCWHT_TAN_LOW_RUR,IN_DEMRESELCOTH_LOW,redirigir_electrica_DEMRESELCOTH,8.5e-05,2022;2023;2024;2025;2026;2027;2028;2029;2030;2031;2032;2033;2034;2035;2036;2037;2038;2039;2040;2041;2042;2043;2044;2045;2046;2047;2048;2049;2050;2051;2052;2053;2054
SE,TotalAnnualMaxCapacityInvestment,TECHNOLOGY,DEMRESELCWHT_TAN_LOW_RUR,SE_DEMRESELCOTH_LOW,redirigir_electrica_DEMRESELCOTH,1.6e-05,2022;2023;2024;2025;2026;2027;2028;2029;2030;2031;2032;2033;2034;2035;2036;2037;2038;2039;2040;2041;2042;2043;2044;2045;2046;2047;2048;2049;2050;2051;2052;2053;2054
IN,TotalAnnualMaxCapacityInvestment,TECHNOLOGY,DEMRESELCWHT_TAN_LOW_URB,IN_DEMRESELCOTH_LOW,redirigir_electrica_DEMRESELCOTH,0.008901,2022;2023;2024;2025;2026;2027;2028;2029;2030;2031;2032;2033;2034;2035;2036;2037;2038;2039;2040;2041;2042;2043;2044;2045;2046;2047;2048;2049;2050;2051;2052;2053;2054
SE,TotalAnnualMaxCapacityInvestment,TECHNOLOGY,DEMRESELCWHT_TAN_LOW_URB,SE_DEMRESELCOTH_LOW,redirigir_electrica_DEMRESELCOTH,0.001666,2022;2023;2024;2025;2026;2027;2028;2029;2030;2031;2032;2033;2034;2035;2036;2037;2038;2039;2040;2041;2042;2043;2044;2045;2046;2047;2048;2049;2050;2051;2052;2053;2054
IN,TotalAnnualMaxCapacityInvestment,TECHNOLOGY,DEMRESELCWHT_TAN_MID_RUR,IN_DEMRESELCOTH_MID,redirigir_electrica_DEMRESELCOTH,8.5e-05,2022;2023;2024;2025;2026;2027;2028;2029;2030;2031;2032;2033;2034;2035;2036;2037;2038;2039;2040;2041;2042;2043;2044;2045;2046;2047;2048;2049;2050;2051;2052;2053;2054
SE,TotalAnnualMaxCapacityInvestment,TECHNOLOGY,DEMRESELCWHT_TAN_MID_RUR,SE_DEMRESELCOTH_MID,redirigir_electrica_DEMRESELCOTH,1.6e-05,2022;2023;2024;2025;2026;2027;2028;2029;2030;2031;2032;2033;2034;2035;2036;2037;2038;2039;2040;2041;2042;2043;2044;2045;2046;2047;2048;2049;2050;2051;2052;2053;2054
IN,TotalAnnualMaxCapacityInvestment,TECHNOLOGY,DEMRESELCWHT_TAN_MID_URB,IN_DEMRESELCOTH_MID,redirigir_electrica_DEMRESELCOTH,0.008901,2022;2023;2024;2025;2026;2027;2028;2029;2030;2031;2032;2033;2034;2035;2036;2037;2038;2039;2040;2041;2042;2043;2044;2045;2046;2047;2048;2049;2050;2051;2052;2053;2054
SE,TotalAnnualMaxCapacityInvestment,TECHNOLOGY,DEMRESELCWHT_TAN_MID_URB,SE_DEMRESELCOTH_MID,redirigir_electrica_DEMRESELCOTH,0.001666,2022;2023;2024;2025;2026;2027;2028;2029;2030;2031;2032;2033;2034;2035;2036;2037;2038;2039;2040;2041;2042;2043;2044;2045;2046;2047;2048;2049;2050;2051;2052;2053;2054
SE,TotalAnnualMaxCapacityInvestment,TECHNOLOGY,DEMRESELCWSH_HIG_RUR,SE_DEMRESELCOTH_HIG,redirigir_electrica_DEMRESELCOTH,0.017394,2022;2023;2024;2025;2026;2027;2028;2029;2030;2031;2032;2033;2034;2035;2036;2037;2038;2039;2040;2041;2042;2043;2044;2045;2046;2047;2048;2049;2050;2051;2052;2053;2054
IN,TotalAnnualMaxCapacityInvestment,TECHNOLOGY,DEMRESELCWSH_HIG_URB,IN_DEMRESELCOTH_HIG,redirigir_electrica_DEMRESELCOTH,0.117263,2022;2023;2024;2025;2026;2027;2028;2029;2030;2031;2032;2033;2034;2035;2036;2037;2038;2039;2040;2041;2042;2043;2044;2045;2046;2047;2048;2049;2050;2051;2052;2053;2054
SE,TotalAnnualMaxCapacityInvestment,TECHNOLOGY,DEMRESELCWSH_HIG_URB,SE_DEMRESELCOTH_HIG,redirigir_electrica_DEMRESELCOTH,0.094295,2022;2023;2024;2025;2026;2027;2028;2029;2030;2031;2032;2033;2034;2035;2036;2037;2038;2039;2040;2041;2042;2043;2044;2045;2046;2047;2048;2049;2050;2051;2052;2053;2054
SE,TotalAnnualMaxCapacityInvestment,TECHNOLOGY,DEMRESELCWSH_LOW_RUR,SE_DEMRESELCOTH_LOW,redirigir_electrica_DEMRESELCOTH,0.000345,2022;2023;2024;2025;2026;2027;2028;2029;2030;2031;2032;2033;2034;2035;2036;2037;2038;2039;2040;2041;2042;2043;2044;2045;2046;2047;2048;2049;2050;2051;2052;2053;2054
IN,TotalAnnualMaxCapacityInvestment,TECHNOLOGY,DEMRESELCWSH_LOW_URB,IN_DEMRESELCOTH_LOW,redirigir_electrica_DEMRESELCOTH,0.002497,2022;2023;2024;2025;2026;2027;2028;2029;2030;2031;2032;2033;2034;2035;2036;2037;2038;2039;2040;2041;2042;2043;2044;2045;2046;2047;2048;2049;2050;2051;2052;2053;2054
SE,TotalAnnualMaxCapacityInvestment,TECHNOLOGY,DEMRESELCWSH_LOW_URB,SE_DEMRESELCOTH_LOW,redirigir_electrica_DEMRESELCOTH,0.001914,2022;2023;2024;2025;2026;2027;2028;2029;2030;2031;2032;2033;2034;2035;2036;2037;2038;2039;2040;2041;2042;2043;2044;2045;2046;2047;2048;2049;2050;2051;2052;2053;2054
SE,TotalAnnualMaxCapacityInvestment,TECHNOLOGY,DEMRESELCWSH_MID_RUR,SE_DEMRESELCOTH_MID,redirigir_electrica_DEMRESELCOTH,0.00046,2022;2023;2024;2025;2026;2027;2028;2029;2030;2031;2032;2033;2034;2035;2036;2037;2038;2039;2040;2041;2042;2043;2044;2045;2046;2047;2048;2049;2050;2051;2052;2053;2054
IN,TotalAnnualMaxCapacityInvestment,TECHNOLOGY,DEMRESELCWSH_MID_URB,IN_DEMRESELCOTH_MID,redirigir_electrica_DEMRESELCOTH,0.003324,2022;2023;2024;2025;2026;2027;2028;2029;2030;2031;2032;2033;2034;2035;2036;2037;2038;2039;2040;2041;2042;2043;2044;2045;2046;2047;2048;2049;2050;2051;2052;2053;2054
SE,TotalAnnualMaxCapacityInvestment,TECHNOLOGY,DEMRESELCWSH_MID_URB,SE_DEMRESELCOTH_MID,redirigir_electrica_DEMRESELCOTH,0.00255,2022;2023;2024;2025;2026;2027;2028;2029;2030;2031;2032;2033;2034;2035;2036;2037;2038;2039;2040;2041;2042;2043;2044;2045;2046;2047;2048;2049;2050;2051;2052;2053;2054
SE,TotalAnnualMaxCapacityInvestment,TECHNOLOGY,DEMRESLPGCKN_HIG_RUR,SE_DEMRESLPGCKN_HIG,colapso_sin_sufijo,0.071278,2022;2023;2024;2025;2026;2027;2028;2029;2030;2031;2032;2033;2034;2035;2036;2037;2038;2039;2040;2041;2042;2043;2044;2045;2046;2047;2048;2049;2050;2051;2052;2053;2054
IN,TotalAnnualMaxCapacityInvestment,TECHNOLOGY,DEMRESLPGCKN_HIG_URB,IN_DEMRESLPGCKN_HIG,colapso_sin_sufijo,0.260377,2022;2023;2024;2025;2026;2027;2028;2029;2030;2031;2032;2033;2034;2035;2036;2037;2038;2039;2040;2041;2042;2043;2044;2045;2046;2047;2048;2049;2050;2051;2052;2053;2054
SE,TotalAnnualMaxCapacityInvestment,TECHNOLOGY,DEMRESLPGCKN_HIG_URB,SE_DEMRESLPGCKN_HIG,colapso_sin_sufijo,0.114788,2022;2023;2024;2025;2026;2027;2028;2029;2030;2031;2032;2033;2034;2035;2036;2037;2038;2039;2040;2041;2042;2043;2044;2045;2046;2047;2048;2049;2050;2051;2052;2053;2054
SE,TotalAnnualMaxCapacityInvestment,TECHNOLOGY,DEMRESLPGCKN_LOW_RUR,SE_DEMRESLPGCKN_LOW,colapso_sin_sufijo,0.008613,2022;2023;2024;2025;2026;2027;2028;2029;2030;2031;2032;2033;2034;2035;2036;2037;2038;2039;2040;2041;2042;2043;2044;2045;2046;2047;2048;2049;2050;2051;2052;2053;2054
IN,TotalAnnualMaxCapacityInvestment,TECHNOLOGY,DEMRESLPGCKN_LOW_URB,IN_DEMRESLPGCKN_LOW,colapso_sin_sufijo,0.035559,2022;2023;2024;2025;2026;2027;2028;2029;2030;2031;2032;2033;2034;2035;2036;2037;2038;2039;2040;2041;2042;2043;2044;2045;2046;2047;2048;2049;2050;2051;2052;2053;2054
SE,TotalAnnualMaxCapacityInvestment,TECHNOLOGY,DEMRESLPGCKN_LOW_URB,SE_DEMRESLPGCKN_LOW,colapso_sin_sufijo,0.014439,2022;2023;2024;2025;2026;2027;2028;2029;2030;2031;2032;2033;2034;2035;2036;2037;2038;2039;2040;2041;2042;2043;2044;2045;2046;2047;2048;2049;2050;2051;2052;2053;2054
SE,TotalAnnualMaxCapacityInvestment,TECHNOLOGY,DEMRESLPGCKN_MID_RUR,SE_DEMRESLPGCKN_MID,colapso_sin_sufijo,0.044629,2022;2023;2024;2025;2026;2027;2028;2029;2030;2031;2032;2033;2034;2035;2036;2037;2038;2039;2040;2041;2042;2043;2044;2045;2046;2047;2048;2049;2050;2051;2052;2053;2054
IN,TotalAnnualMaxCapacityInvestment,TECHNOLOGY,DEMRESLPGCKN_MID_URB,IN_DEMRESLPGCKN_MID,colapso_sin_sufijo,0.184206,2022;2023;2024;2025;2026;2027;2028;2029;2030;2031;2032;2033;2034;2035;2036;2037;2038;2039;2040;2041;2042;2043;2044;2045;2046;2047;2048;2049;2050;2051;2052;2053;2054
SE,TotalAnnualMaxCapacityInvestment,TECHNOLOGY,DEMRESLPGCKN_MID_URB,SE_DEMRESLPGCKN_MID,colapso_sin_sufijo,0.0748,2022;2023;2024;2025;2026;2027;2028;2029;2030;2031;2032;2033;2034;2035;2036;2037;2038;2039;2040;2041;2042;2043;2044;2045;2046;2047;2048;2049;2050;2051;2052;2053;2054
SE,TotalAnnualMaxCapacityInvestment,TECHNOLOGY,DEMRESWOOCKN_HIG_RUR,SE_DEMRESWOOCKN_HIG,colapso_sin_sufijo,0.840189,2022;2023;2024;2025;2026;2027;2028;2029;2030;2031;2032;2033;2034;2035;2036;2037;2038;2039;2040;2041;2042;2043;2044;2045;2046;2047;2048;2049;2050;2051;2052;2053;2054
SE,TotalAnnualMaxCapacityInvestment,TECHNOLOGY,DEMRESWOOCKN_HIG_URB,SE_DEMRESWOOCKN_HIG,colapso_sin_sufijo,0.266951,2022;2023;2024;2025;2026;2027;2028;2029;2030;2031;2032;2033;2034;2035;2036;2037;2038;2039;2040;2041;2042;2043;2044;2045;2046;2047;2048;2049;2050;2051;2052;2053;2054
SE,TotalAnnualMaxCapacityInvestment,TECHNOLOGY,DEMRESWOOCKN_LOW_RUR,SE_DEMRESWOOCKN_LOW,colapso_sin_sufijo,0.0,2022;2023;2024;2025;2026;2027;2028;2029;2030;2031;2032;2033;2034;2035;2036;2037;2038;2039;2040;2041;2042;2043;2044;2045;2046;2047;2048;2049;2050;2051;2052;2053;2054
SE,TotalAnnualMaxCapacityInvestment,TECHNOLOGY,DEMRESWOOCKN_LOW_URB,SE_DEMRESWOOCKN_LOW,colapso_sin_sufijo,0.0,2022;2023;2024;2025;2026;2027;2028;2029;2030;2031;2032;2033;2034;2035;2036;2037;2038;2039;2040;2041;2042;2043;2044;2045;2046;2047;2048;2049;2050;2051;2052;2053;2054
SE,TotalAnnualMaxCapacityInvestment,TECHNOLOGY,DEMRESWOOCKN_MID_RUR,SE_DEMRESWOOCKN_MID,colapso_sin_sufijo,0.0,2022;2023;2024;2025;2026;2027;2028;2029;2030;2031;2032;2033;2034;2035;2036;2037;2038;2039;2040;2041;2042;2043;2044;2045;2046;2047;2048;2049;2050;2051;2052;2053;2054
SE,TotalAnnualMaxCapacityInvestment,TECHNOLOGY,DEMRESWOOCKN_MID_URB,SE_DEMRESWOOCKN_MID,colapso_sin_sufijo,0.0,2022;2023;2024;2025;2026;2027;2028;2029;2030;2031;2032;2033;2034;2035;2036;2037;2038;2039;2040;2041;2042;2043;2044;2045;2046;2047;2048;2049;2050;2051;2052;2053;2054
SE,TotalTechnologyAnnualActivityLowerLimit,TECHNOLOGY,DEMRESELCAIR_PAR_HIG_RUR,SE_DEMRESELCAIR_PAR_HIG,colapso_sin_sufijo,0.0,2022;2023;2024;2025;2026;2027;2028;2029;2030;2031;2032;2033;2034;2035;2036;2037;2038;2039;2040;2041;2042;2043;2044;2045;2046;2047;2048;2049;2050;2051;2052;2053;2054
SE,TotalTechnologyAnnualActivityLowerLimit,TECHNOLOGY,DEMRESELCAIR_PAR_LOW_RUR,SE_DEMRESELCAIR_PAR_LOW,colapso_sin_sufijo,0.000205,2022;2023;2024;2025;2026;2027;2028;2029;2030;2031;2032;2033;2034;2035;2036;2037;2038;2039;2040;2041;2042;2043;2044;2045;2046;2047;2048;2049;2050;2051;2052;2053;2054
IN,TotalTechnologyAnnualActivityLowerLimit,TECHNOLOGY,DEMRESELCAIR_PAR_LOW_URB,IN_DEMRESELCAIR_PAR_LOW,colapso_sin_sufijo,0.031393,2022;2023;2024;2025;2026;2027;2028;2029;2030;2031;2032;2033;2034;2035;2036;2037;2038;2039;2040;2041;2042;2043;2044;2045;2046;2047;2048;2049;2050;2051;2052;2053;2054
SE,TotalTechnologyAnnualActivityLowerLimit,TECHNOLOGY,DEMRESELCAIR_PAR_LOW_URB,SE_DEMRESELCAIR_PAR_LOW,colapso_sin_sufijo,0.010718,2022;2023;2024;2025;2026;2027;2028;2029;2030;2031;2032;2033;2034;2035;2036;2037;2038;2039;2040;2041;2042;2043;2044;2045;2046;2047;2048;2049;2050;2051;2052;2053;2054
SE,TotalTechnologyAnnualActivityLowerLimit,TECHNOLOGY,DEMRESELCAIR_PAR_MID_RUR,SE_DEMRESELCAIR_PAR_MID,colapso_sin_sufijo,3e-06,2022;2023;2024;2025;2026;2027;2028;2029;2030;2031;2032;2033;2034;2035;2036;2037;2038;2039;2040;2041;2042;2043;2044;2045;2046;2047;2048;2049;2050;2051;2052;2053;2054
IN,TotalTechnologyAnnualActivityLowerLimit,TECHNOLOGY,DEMRESELCAIR_PAR_MID_URB,IN_DEMRESELCAIR_PAR_MID,colapso_sin_sufijo,0.00057,2022;2023;2024;2025;2026;2027;2028;2029;2030;2031;2032;2033;2034;2035;2036;2037;2038;2039;2040;2041;2042;2043;2044;2045;2046;2047;2048;2049;2050;2051;2052;2053;2054
SE,TotalTechnologyAnnualActivityLowerLimit,TECHNOLOGY,DEMRESELCAIR_PAR_MID_URB,SE_DEMRESELCAIR_PAR_MID,colapso_sin_sufijo,0.00019,2022;2023;2024;2025;2026;2027;2028;2029;2030;2031;2032;2033;2034;2035;2036;2037;2038;2039;2040;2041;2042;2043;2044;2045;2046;2047;2048;2049;2050;2051;2052;2053;2054
SE,TotalTechnologyAnnualActivityLowerLimit,TECHNOLOGY,DEMRESELCAIR_POR_HIG_RUR,SE_DEMRESELCAIR_POR_HIG,colapso_sin_sufijo,0.0,2022;2023;2024;2025;2026;2027;2028;2029;2030;2031;2032;2033;2034;2035;2036;2037;2038;2039;2040;2041;2042;2043;2044;2045;2046;2047;2048;2049;2050;2051;2052;2053;2054
IN,TotalTechnologyAnnualActivityLowerLimit,TECHNOLOGY,DEMRESELCAIR_POR_HIG_URB,IN_DEMRESELCAIR_POR_HIG,colapso_sin_sufijo,0.0,2022;2023;2024;2025;2026;2027;2028;2029;2030;2031;2032;2033;2034;2035;2036;2037;2038;2039;2040;2041;2042;2043;2044;2045;2046;2047;2048;2049;2050;2051;2052;2053;2054
SE,TotalTechnologyAnnualActivityLowerLimit,TECHNOLOGY,DEMRESELCAIR_POR_HIG_URB,SE_DEMRESELCAIR_POR_HIG,colapso_sin_sufijo,0.0,2022;2023;2024;2025;2026;2027;2028;2029;2030;2031;2032;2033;2034;2035;2036;2037;2038;2039;2040;2041;2042;2043;2044;2045;2046;2047;2048;2049;2050;2051;2052;2053;2054
SE,TotalTechnologyAnnualActivityLowerLimit,TECHNOLOGY,DEMRESELCAIR_POR_LOW_RUR,SE_DEMRESELCAIR_POR_LOW,colapso_sin_sufijo,0.0,2022;2023;2024;2025;2026;2027;2028;2029;2030;2031;2032;2033;2034;2035;2036;2037;2038;2039;2040;2041;2042;2043;2044;2045;2046;2047;2048;2049;2050;2051;2052;2053;2054
IN,TotalTechnologyAnnualActivityLowerLimit,TECHNOLOGY,DEMRESELCAIR_POR_LOW_URB,IN_DEMRESELCAIR_POR_LOW,colapso_sin_sufijo,0.0,2022;2023;2024;2025;2026;2027;2028;2029;2030;2031;2032;2033;2034;2035;2036;2037;2038;2039;2040;2041;2042;2043;2044;2045;2046;2047;2048;2049;2050;2051;2052;2053;2054
SE,TotalTechnologyAnnualActivityLowerLimit,TECHNOLOGY,DEMRESELCAIR_POR_LOW_URB,SE_DEMRESELCAIR_POR_LOW,colapso_sin_sufijo,0.0,2022;2023;2024;2025;2026;2027;2028;2029;2030;2031;2032;2033;2034;2035;2036;2037;2038;2039;2040;2041;2042;2043;2044;2045;2046;2047;2048;2049;2050;2051;2052;2053;2054
SE,TotalTechnologyAnnualActivityLowerLimit,TECHNOLOGY,DEMRESELCAIR_POR_MID_RUR,SE_DEMRESELCAIR_POR_MID,colapso_sin_sufijo,0.0,2022;2023;2024;2025;2026;2027;2028;2029;2030;2031;2032;2033;2034;2035;2036;2037;2038;2039;2040;2041;2042;2043;2044;2045;2046;2047;2048;2049;2050;2051;2052;2053;2054
IN,TotalTechnologyAnnualActivityLowerLimit,TECHNOLOGY,DEMRESELCAIR_POR_MID_URB,IN_DEMRESELCAIR_POR_MID,colapso_sin_sufijo,0.0,2022;2023;2024;2025;2026;2027;2028;2029;2030;2031;2032;2033;2034;2035;2036;2037;2038;2039;2040;2041;2042;2043;2044;2045;2046;2047;2048;2049;2050;2051;2052;2053;2054
SE,TotalTechnologyAnnualActivityLowerLimit,TECHNOLOGY,DEMRESELCAIR_POR_MID_URB,SE_DEMRESELCAIR_POR_MID,colapso_sin_sufijo,0.0,2022;2023;2024;2025;2026;2027;2028;2029;2030;2031;2032;2033;2034;2035;2036;2037;2038;2039;2040;2041;2042;2043;2044;2045;2046;2047;2048;2049;2050;2051;2052;2053;2054
SE,TotalTechnologyAnnualActivityLowerLimit,TECHNOLOGY,DEMRESELCAIR_SPL_HIG_RUR,SE_DEMRESELCAIR_SPL_HIG,colapso_sin_sufijo,0.0,2022;2023;2024;2025;2026;2027;2028;2029;2030;2031;2032;2033;2034;2035;2036;2037;2038;2039;2040;2041;2042;2043;2044;2045;2046;2047;2048;2049;2050;2051;2052;2053;2054
IN,TotalTechnologyAnnualActivityLowerLimit,TECHNOLOGY,DEMRESELCAIR_SPL_HIG_URB,IN_DEMRESELCAIR_SPL_HIG,colapso_sin_sufijo,0.0,2022;2023;2024;2025;2026;2027;2028;2029;2030;2031;2032;2033;2034;2035;2036;2037;2038;2039;2040;2041;2042;2043;2044;2045;2046;2047;2048;2049;2050;2051;2052;2053;2054
SE,TotalTechnologyAnnualActivityLowerLimit,TECHNOLOGY,DEMRESELCAIR_SPL_HIG_URB,SE_DEMRESELCAIR_SPL_HIG,colapso_sin_sufijo,0.0,2022;2023;2024;2025;2026;2027;2028;2029;2030;2031;2032;2033;2034;2035;2036;2037;2038;2039;2040;2041;2042;2043;2044;2045;2046;2047;2048;2049;2050;2051;2052;2053;2054
SE,TotalTechnologyAnnualActivityLowerLimit,TECHNOLOGY,DEMRESELCAIR_SPL_LOW_RUR,SE_DEMRESELCAIR_SPL_LOW,colapso_sin_sufijo,0.000379,2022;2023;2024;2025;2026;2027;2028;2029;2030;2031;2032;2033;2034;2035;2036;2037;2038;2039;2040;2041;2042;2043;2044;2045;2046;2047;2048;2049;2050;2051;2052;2053;2054
IN,TotalTechnologyAnnualActivityLowerLimit,TECHNOLOGY,DEMRESELCAIR_SPL_LOW_URB,IN_DEMRESELCAIR_SPL_LOW,colapso_sin_sufijo,0.058093,2022;2023;2024;2025;2026;2027;2028;2029;2030;2031;2032;2033;2034;2035;2036;2037;2038;2039;2040;2041;2042;2043;2044;2045;2046;2047;2048;2049;2050;2051;2052;2053;2054
SE,TotalTechnologyAnnualActivityLowerLimit,TECHNOLOGY,DEMRESELCAIR_SPL_LOW_URB,SE_DEMRESELCAIR_SPL_LOW,colapso_sin_sufijo,0.019836,2022;2023;2024;2025;2026;2027;2028;2029;2030;2031;2032;2033;2034;2035;2036;2037;2038;2039;2040;2041;2042;2043;2044;2045;2046;2047;2048;2049;2050;2051;2052;2053;2054
SE,TotalTechnologyAnnualActivityLowerLimit,TECHNOLOGY,DEMRESELCAIR_SPL_MID_RUR,SE_DEMRESELCAIR_SPL_MID,colapso_sin_sufijo,5e-06,2022;2023;2024;2025;2026;2027;2028;2029;2030;2031;2032;2033;2034;2035;2036;2037;2038;2039;2040;2041;2042;2043;2044;2045;2046;2047;2048;2049;2050;2051;2052;2053;2054
IN,TotalTechnologyAnnualActivityLowerLimit,TECHNOLOGY,DEMRESELCAIR_SPL_MID_URB,IN_DEMRESELCAIR_SPL_MID,colapso_sin_sufijo,0.001054,2022;2023;2024;2025;2026;2027;2028;2029;2030;2031;2032;2033;2034;2035;2036;2037;2038;2039;2040;2041;2042;2043;2044;2045;2046;2047;2048;2049;2050;2051;2052;2053;2054
SE,TotalTechnologyAnnualActivityLowerLimit,TECHNOLOGY,DEMRESELCAIR_SPL_MID_URB,SE_DEMRESELCAIR_SPL_MID,colapso_sin_sufijo,0.000352,2022;2023;2024;2025;2026;2027;2028;2029;2030;2031;2032;2033;2034;2035;2036;2037;2038;2039;2040;2041;2042;2043;2044;2045;2046;2047;2048;2049;2050;2051;2052;2053;2054
SE,TotalTechnologyAnnualActivityLowerLimit,TECHNOLOGY,DEMRESELCCKN_HIG_RUR,SE_DEMRESELCCKN_HIG,colapso_sin_sufijo,0.0,2022;2023;2024;2025;2026;2027;2028;2029;2030;2031;2032;2033;2034;2035;2036;2037;2038;2039;2040;2041;2042;2043;2044;2045;2046;2047;2048;2049;2050;2051;2052;2053;2054
IN,TotalTechnologyAnnualActivityLowerLimit,TECHNOLOGY,DEMRESELCCKN_HIG_URB,IN_DEMRESELCCKN_HIG,colapso_sin_sufijo,0.070554,2022;2023;2024;2025;2026;2027;2028;2029;2030;2031;2032;2033;2034;2035;2036;2037;2038;2039;2040;2041;2042;2043;2044;2045;2046;2047;2048;2049;2050;2051;2052;2053;2054
SE,TotalTechnologyAnnualActivityLowerLimit,TECHNOLOGY,DEMRESELCCKN_HIG_URB,SE_DEMRESELCCKN_HIG,colapso_sin_sufijo,0.268493,2022;2023;2024;2025;2026;2027;2028;2029;2030;2031;2032;2033;2034;2035;2036;2037;2038;2039;2040;2041;2042;2043;2044;2045;2046;2047;2048;2049;2050;2051;2052;2053;2054
SE,TotalTechnologyAnnualActivityLowerLimit,TECHNOLOGY,DEMRESELCCKN_LOW_RUR,SE_DEMRESELCCKN_LOW,colapso_sin_sufijo,0.006994,2022;2023;2024;2025;2026;2027;2028;2029;2030;2031;2032;2033;2034;2035;2036;2037;2038;2039;2040;2041;2042;2043;2044;2045;2046;2047;2048;2049;2050;2051;2052;2053;2054
IN,TotalTechnologyAnnualActivityLowerLimit,TECHNOLOGY,DEMRESELCCKN_LOW_URB,IN_DEMRESELCCKN_LOW,colapso_sin_sufijo,0.16623,2022;2023;2024;2025;2026;2027;2028;2029;2030;2031;2032;2033;2034;2035;2036;2037;2038;2039;2040;2041;2042;2043;2044;2045;2046;2047;2048;2049;2050;2051;2052;2053;2054
SE,TotalTechnologyAnnualActivityLowerLimit,TECHNOLOGY,DEMRESELCCKN_LOW_URB,SE_DEMRESELCCKN_LOW,colapso_sin_sufijo,0.581444,2022;2023;2024;2025;2026;2027;2028;2029;2030;2031;2032;2033;2034;2035;2036;2037;2038;2039;2040;2041;2042;2043;2044;2045;2046;2047;2048;2049;2050;2051;2052;2053;2054
SE,TotalTechnologyAnnualActivityLowerLimit,TECHNOLOGY,DEMRESELCCKN_MID_RUR,SE_DEMRESELCCKN_MID,colapso_sin_sufijo,0.000286,2022;2023;2024;2025;2026;2027;2028;2029;2030;2031;2032;2033;2034;2035;2036;2037;2038;2039;2040;2041;2042;2043;2044;2045;2046;2047;2048;2049;2050;2051;2052;2053;2054
IN,TotalTechnologyAnnualActivityLowerLimit,TECHNOLOGY,DEMRESELCCKN_MID_URB,IN_DEMRESELCCKN_MID,colapso_sin_sufijo,0.103292,2022;2023;2024;2025;2026;2027;2028;2029;2030;2031;2032;2033;2034;2035;2036;2037;2038;2039;2040;2041;2042;2043;2044;2045;2046;2047;2048;2049;2050;2051;2052;2053;2054
SE,TotalTechnologyAnnualActivityLowerLimit,TECHNOLOGY,DEMRESELCCKN_MID_URB,SE_DEMRESELCCKN_MID,colapso_sin_sufijo,0.385425,2022;2023;2024;2025;2026;2027;2028;2029;2030;2031;2032;2033;2034;2035;2036;2037;2038;2039;2040;2041;2042;2043;2044;2045;2046;2047;2048;2049;2050;2051;2052;2053;2054
SE,TotalTechnologyAnnualActivityLowerLimit,TECHNOLOGY,DEMRESELCFAN_HIG_RUR,SE_DEMRESELCFAN_HIG,colapso_sin_sufijo,0.104215,2022;2023;2024;2025;2026;2027;2028;2029;2030;2031;2032;2033;2034;2035;2036;2037;2038;2039;2040;2041;2042;2043;2044;2045;2046;2047;2048;2049;2050;2051;2052;2053;2054
IN,TotalTechnologyAnnualActivityLowerLimit,TECHNOLOGY,DEMRESELCFAN_HIG_URB,IN_DEMRESELCFAN_HIG,colapso_sin_sufijo,0.284673,2022;2023;2024;2025;2026;2027;2028;2029;2030;2031;2032;2033;2034;2035;2036;2037;2038;2039;2040;2041;2042;2043;2044;2045;2046;2047;2048;2049;2050;2051;2052;2053;2054
SE,TotalTechnologyAnnualActivityLowerLimit,TECHNOLOGY,DEMRESELCFAN_HIG_URB,SE_DEMRESELCFAN_HIG,colapso_sin_sufijo,0.384965,2022;2023;2024;2025;2026;2027;2028;2029;2030;2031;2032;2033;2034;2035;2036;2037;2038;2039;2040;2041;2042;2043;2044;2045;2046;2047;2048;2049;2050;2051;2052;2053;2054
SE,TotalTechnologyAnnualActivityLowerLimit,TECHNOLOGY,DEMRESELCFAN_LOW_RUR,SE_DEMRESELCFAN_LOW,colapso_sin_sufijo,0.007759,2022;2023;2024;2025;2026;2027;2028;2029;2030;2031;2032;2033;2034;2035;2036;2037;2038;2039;2040;2041;2042;2043;2044;2045;2046;2047;2048;2049;2050;2051;2052;2053;2054
IN,TotalTechnologyAnnualActivityLowerLimit,TECHNOLOGY,DEMRESELCFAN_LOW_URB,IN_DEMRESELCFAN_LOW,colapso_sin_sufijo,0.008768,2022;2023;2024;2025;2026;2027;2028;2029;2030;2031;2032;2033;2034;2035;2036;2037;2038;2039;2040;2041;2042;2043;2044;2045;2046;2047;2048;2049;2050;2051;2052;2053;2054
SE,TotalTechnologyAnnualActivityLowerLimit,TECHNOLOGY,DEMRESELCFAN_LOW_URB,SE_DEMRESELCFAN_LOW,colapso_sin_sufijo,0.009468,2022;2023;2024;2025;2026;2027;2028;2029;2030;2031;2032;2033;2034;2035;2036;2037;2038;2039;2040;2041;2042;2043;2044;2045;2046;2047;2048;2049;2050;2051;2052;2053;2054
SE,TotalTechnologyAnnualActivityLowerLimit,TECHNOLOGY,DEMRESELCFAN_MID_RUR,SE_DEMRESELCFAN_MID,colapso_sin_sufijo,0.000144,2022;2023;2024;2025;2026;2027;2028;2029;2030;2031;2032;2033;2034;2035;2036;2037;2038;2039;2040;2041;2042;2043;2044;2045;2046;2047;2048;2049;2050;2051;2052;2053;2054
IN,TotalTechnologyAnnualActivityLowerLimit,TECHNOLOGY,DEMRESELCFAN_MID_URB,IN_DEMRESELCFAN_MID,colapso_sin_sufijo,0.000143,2022;2023;2024;2025;2026;2027;2028;2029;2030;2031;2032;2033;2034;2035;2036;2037;2038;2039;2040;2041;2042;2043;2044;2045;2046;2047;2048;2049;2050;2051;2052;2053;2054
SE,TotalTechnologyAnnualActivityLowerLimit,TECHNOLOGY,DEMRESELCFAN_MID_URB,SE_DEMRESELCFAN_MID,colapso_sin_sufijo,0.000157,2022;2023;2024;2025;2026;2027;2028;2029;2030;2031;2032;2033;2034;2035;2036;2037;2038;2039;2040;2041;2042;2043;2044;2045;2046;2047;2048;2049;2050;2051;2052;2053;2054
IN,TotalTechnologyAnnualActivityLowerLimit,TECHNOLOGY,DEMRESELCILU_HIG_RUR,IN_DEMRESELCOTH_HIG,redirigir_electrica_DEMRESELCOTH,0.0,2022;2023;2024;2025;2026;2027;2028;2029;2030;2031;2032;2033;2034;2035;2036;2037;2038;2039;2040;2041;2042;2043;2044;2045;2046;2047;2048;2049;2050;2051;2052;2053;2054
SE,TotalTechnologyAnnualActivityLowerLimit,TECHNOLOGY,DEMRESELCILU_HIG_RUR,SE_DEMRESELCOTH_HIG,redirigir_electrica_DEMRESELCOTH,0.0,2022;2023;2024;2025;2026;2027;2028;2029;2030;2031;2032;2033;2034;2035;2036;2037;2038;2039;2040;2041;2042;2043;2044;2045;2046;2047;2048;2049;2050;2051;2052;2053;2054
IN,TotalTechnologyAnnualActivityLowerLimit,TECHNOLOGY,DEMRESELCILU_INC_URB,IN_DEMRESELCOTH_MID,redirigir_electrica_DEMRESELCOTH,0.000714,2022;2023;2024
SE,TotalTechnologyAnnualActivityLowerLimit,TECHNOLOGY,DEMRESELCILU_INC_URB,SE_DEMRESELCOTH_MID,redirigir_electrica_DEMRESELCOTH,0.000165,2022;2023;2024
IN,TotalTechnologyAnnualActivityLowerLimit,TECHNOLOGY,DEMRESELCILU_LFC_URB,IN_DEMRESELCOTH_MID,redirigir_electrica_DEMRESELCOTH,0.004324,2022;2023;2024;2025;2026;2027;2028;2029;2030;2031;2032;2033;2034
SE,TotalTechnologyAnnualActivityLowerLimit,TECHNOLOGY,DEMRESELCILU_LFC_URB,SE_DEMRESELCOTH_MID,redirigir_electrica_DEMRESELCOTH,0.001018,2022;2023;2024;2025;2026;2027;2028;2029;2030;2031;2032;2033;2034
IN,TotalTechnologyAnnualActivityLowerLimit,TECHNOLOGY,DEMRESELCILU_LOW_RUR,IN_DEMRESELCOTH_LOW,redirigir_electrica_DEMRESELCOTH,0.013031,2022;2023;2024;2025;2026;2027;2028;2029;2030;2031;2032;2033;2034;2035;2036;2037;2038;2039;2040;2041;2042;2043;2044;2045;2046;2047;2048;2049;2050;2051;2052;2053;2054
SE,TotalTechnologyAnnualActivityLowerLimit,TECHNOLOGY,DEMRESELCILU_LOW_RUR,SE_DEMRESELCOTH_LOW,redirigir_electrica_DEMRESELCOTH,0.002843,2022;2023;2024;2025;2026;2027;2028;2029;2030;2031;2032;2033;2034;2035;2036;2037;2038;2039;2040;2041;2042;2043;2044;2045;2046;2047;2048;2049;2050;2051;2052;2053;2054
IN,TotalTechnologyAnnualActivityLowerLimit,TECHNOLOGY,DEMRESELCILU_MID_RUR,IN_DEMRESELCOTH_MID,redirigir_electrica_DEMRESELCOTH,0.0,2022;2023;2024;2025;2026;2027;2028;2029;2030;2031;2032;2033;2034;2035;2036;2037;2038;2039;2040;2041;2042;2043;2044;2045;2046;2047;2048;2049;2050;2051;2052;2053;2054
SE,TotalTechnologyAnnualActivityLowerLimit,TECHNOLOGY,DEMRESELCILU_MID_RUR,SE_DEMRESELCOTH_MID,redirigir_electrica_DEMRESELCOTH,0.0,2022;2023;2024;2025;2026;2027;2028;2029;2030;2031;2032;2033;2034;2035;2036;2037;2038;2039;2040;2041;2042;2043;2044;2045;2046;2047;2048;2049;2050;2051;2052;2053;2054
IN,TotalTechnologyAnnualActivityLowerLimit,TECHNOLOGY,DEMRESELCOTH_HIG_RUR,IN_DEMRESELCOTH_HIG,colapso_sin_sufijo,0.0,2022;2023;2024;2025;2026;2027;2028;2029;2030;2031;2032;2033;2034;2035;2036;2037;2038;2039;2040;2041;2042;2043;2044;2045;2046;2047;2048;2049;2050;2051;2052;2053;2054
SE,TotalTechnologyAnnualActivityLowerLimit,TECHNOLOGY,DEMRESELCOTH_HIG_RUR,SE_DEMRESELCOTH_HIG,colapso_sin_sufijo,0.0,2022;2023;2024;2025;2026;2027;2028;2029;2030;2031;2032;2033;2034;2035;2036;2037;2038;2039;2040;2041;2042;2043;2044;2045;2046;2047;2048;2049;2050;2051;2052;2053;2054
IN,TotalTechnologyAnnualActivityLowerLimit,TECHNOLOGY,DEMRESELCOTH_HIG_URB,IN_DEMRESELCOTH_HIG,colapso_sin_sufijo,0.0,2022;2023;2024;2025;2026;2027;2028;2029;2030;2031;2032;2033;2034;2035;2036;2037;2038;2039;2040;2041;2042;2043;2044;2045;2046;2047;2048;2049;2050;2051;2052;2053;2054
SE,TotalTechnologyAnnualActivityLowerLimit,TECHNOLOGY,DEMRESELCOTH_HIG_URB,SE_DEMRESELCOTH_HIG,colapso_sin_sufijo,0.0,2022;2023;2024;2025;2026;2027;2028;2029;2030;2031;2032;2033;2034;2035;2036;2037;2038;2039;2040;2041;2042;2043;2044;2045;2046;2047;2048;2049;2050;2051;2052;2053;2054
IN,TotalTechnologyAnnualActivityLowerLimit,TECHNOLOGY,DEMRESELCOTH_LOW_RUR,IN_DEMRESELCOTH_LOW,colapso_sin_sufijo,0.134219,2022;2023;2024;2025;2026;2027;2028;2029;2030;2031;2032;2033;2034;2035;2036;2037;2038;2039;2040;2041;2042;2043;2044;2045;2046;2047;2048;2049;2050;2051;2052;2053;2054
SE,TotalTechnologyAnnualActivityLowerLimit,TECHNOLOGY,DEMRESELCOTH_LOW_RUR,SE_DEMRESELCOTH_LOW,colapso_sin_sufijo,0.107381,2022;2023;2024;2025;2026;2027;2028;2029;2030;2031;2032;2033;2034;2035;2036;2037;2038;2039;2040;2041;2042;2043;2044;2045;2046;2047;2048;2049;2050;2051;2052;2053;2054
IN,TotalTechnologyAnnualActivityLowerLimit,TECHNOLOGY,DEMRESELCOTH_LOW_URB,IN_DEMRESELCOTH_LOW,colapso_sin_sufijo,0.047833,2022;2023;2024;2025;2026;2027;2028;2029;2030;2031;2032;2033;2034;2035;2036;2037;2038;2039;2040;2041;2042;2043;2044;2045;2046;2047;2048;2049;2050;2051;2052;2053;2054
SE,TotalTechnologyAnnualActivityLowerLimit,TECHNOLOGY,DEMRESELCOTH_LOW_URB,SE_DEMRESELCOTH_LOW,colapso_sin_sufijo,0.00235,2022;2023;2024;2025;2026;2027;2028;2029;2030;2031;2032;2033;2034;2035;2036;2037;2038;2039;2040;2041;2042;2043;2044;2045;2046;2047;2048;2049;2050;2051;2052;2053;2054
IN,TotalTechnologyAnnualActivityLowerLimit,TECHNOLOGY,DEMRESELCOTH_MID_RUR,IN_DEMRESELCOTH_MID,colapso_sin_sufijo,0.0,2022;2023;2024;2025;2026;2027;2028;2029;2030;2031;2032;2033;2034;2035;2036;2037;2038;2039;2040;2041;2042;2043;2044;2045;2046;2047;2048;2049;2050;2051;2052;2053;2054
SE,TotalTechnologyAnnualActivityLowerLimit,TECHNOLOGY,DEMRESELCOTH_MID_RUR,SE_DEMRESELCOTH_MID,colapso_sin_sufijo,0.0,2022;2023;2024;2025;2026;2027;2028;2029;2030;2031;2032;2033;2034;2035;2036;2037;2038;2039;2040;2041;2042;2043;2044;2045;2046;2047;2048;2049;2050;2051;2052;2053;2054
IN,TotalTechnologyAnnualActivityLowerLimit,TECHNOLOGY,DEMRESELCOTH_MID_URB,IN_DEMRESELCOTH_MID,colapso_sin_sufijo,0.0,2022;2023;2024;2025;2026;2027;2028;2029;2030;2031;2032;2033;2034;2035;2036;2037;2038;2039;2040;2041;2042;2043;2044;2045;2046;2047;2048;2049;2050;2051;2052;2053;2054
SE,TotalTechnologyAnnualActivityLowerLimit,TECHNOLOGY,DEMRESELCOTH_MID_URB,SE_DEMRESELCOTH_MID,colapso_sin_sufijo,0.0,2022;2023;2024;2025;2026;2027;2028;2029;2030;2031;2032;2033;2034;2035;2036;2037;2038;2039;2040;2041;2042;2043;2044;2045;2046;2047;2048;2049;2050;2051;2052;2053;2054
SE,TotalTechnologyAnnualActivityLowerLimit,TECHNOLOGY,DEMRESELCREF_HIG_RUR,SE_DEMRESELCREF_HIG,colapso_sin_sufijo,0.0,2022;2023;2024;2025;2026;2027;2028;2029;2030;2031;2032;2033;2034;2035;2036;2037;2038;2039;2040;2041;2042;2043;2044;2045;2046;2047;2048;2049;2050;2051;2052;2053;2054
IN,TotalTechnologyAnnualActivityLowerLimit,TECHNOLOGY,DEMRESELCREF_HIG_URB,IN_DEMRESELCREF_HIG,colapso_sin_sufijo,0.0,2022;2023;2024;2025;2026;2027;2028;2029;2030;2031;2032;2033;2034;2035;2036;2037;2038;2039;2040;2041;2042;2043;2044;2045;2046;2047;2048;2049;2050;2051;2052;2053;2054
SE,TotalTechnologyAnnualActivityLowerLimit,TECHNOLOGY,DEMRESELCREF_HIG_URB,SE_DEMRESELCREF_HIG,colapso_sin_sufijo,0.0,2022;2023;2024;2025;2026;2027;2028;2029;2030;2031;2032;2033;2034;2035;2036;2037;2038;2039;2040;2041;2042;2043;2044;2045;2046;2047;2048;2049;2050;2051;2052;2053;2054
SE,TotalTechnologyAnnualActivityLowerLimit,TECHNOLOGY,DEMRESELCREF_LOW_RUR,SE_DEMRESELCREF_LOW,colapso_sin_sufijo,0.010378,2022;2023;2024;2025;2026;2027;2028;2029;2030;2031;2032;2033;2034;2035;2036;2037;2038;2039;2040;2041;2042;2043;2044;2045;2046;2047;2048;2049;2050;2051;2052;2053;2054
IN,TotalTechnologyAnnualActivityLowerLimit,TECHNOLOGY,DEMRESELCREF_LOW_URB,IN_DEMRESELCREF_LOW,colapso_sin_sufijo,0.077062,2022;2023;2024;2025;2026;2027;2028;2029;2030;2031;2032;2033;2034;2035;2036;2037;2038;2039;2040;2041;2042;2043;2044;2045;2046;2047;2048;2049;2050;2051;2052;2053;2054
SE,TotalTechnologyAnnualActivityLowerLimit,TECHNOLOGY,DEMRESELCREF_LOW_URB,SE_DEMRESELCREF_LOW,colapso_sin_sufijo,0.083882,2022;2023;2024;2025;2026;2027;2028;2029;2030;2031;2032;2033;2034;2035;2036;2037;2038;2039;2040;2041;2042;2043;2044;2045;2046;2047;2048;2049;2050;2051;2052;2053;2054
SE,TotalTechnologyAnnualActivityLowerLimit,TECHNOLOGY,DEMRESELCREF_MID_RUR,SE_DEMRESELCREF_MID,colapso_sin_sufijo,0.000183,2022;2023;2024;2025;2026;2027;2028;2029;2030;2031;2032;2033;2034;2035;2036;2037;2038;2039;2040;2041;2042;2043;2044;2045;2046;2047;2048;2049;2050;2051;2052;2053;2054
IN,TotalTechnologyAnnualActivityLowerLimit,TECHNOLOGY,DEMRESELCREF_MID_URB,IN_DEMRESELCREF_MID,colapso_sin_sufijo,0.00129,2022;2023;2024;2025;2026;2027;2028;2029;2030;2031;2032;2033;2034;2035;2036;2037;2038;2039;2040;2041;2042;2043;2044;2045;2046;2047;2048;2049;2050;2051;2052;2053;2054
SE,TotalTechnologyAnnualActivityLowerLimit,TECHNOLOGY,DEMRESELCREF_MID_URB,SE_DEMRESELCREF_MID,colapso_sin_sufijo,0.001424,2022;2023;2024;2025;2026;2027;2028;2029;2030;2031;2032;2033;2034;2035;2036;2037;2038;2039;2040;2041;2042;2043;2044;2045;2046;2047;2048;2049;2050;2051;2052;2053;2054
SE,TotalTechnologyAnnualActivityLowerLimit,TECHNOLOGY,DEMRESELCTV_CRT_RUR,SE_DEMRESELCOTH_MID,redirigir_electrica_DEMRESELCOTH,0.004669,2022;2023;2024;2025;2026;2027;2028;2029;2030;2031;2032;2033;2034;2035;2036;2037;2038;2039;2040;2041;2042;2043;2044;2045;2046;2047;2048;2049;2050;2051;2052;2053;2054
IN,TotalTechnologyAnnualActivityLowerLimit,TECHNOLOGY,DEMRESELCTV_CRT_URB,IN_DEMRESELCOTH_MID,redirigir_electrica_DEMRESELCOTH,0.00353,2022;2023;2024;2025;2026;2027;2028;2029;2030;2031;2032;2033;2034;2035;2036;2037;2038;2039;2040;2041;2042;2043;2044;2045;2046;2047;2048;2049;2050;2051;2052;2053;2054
SE,TotalTechnologyAnnualActivityLowerLimit,TECHNOLOGY,DEMRESELCTV_CRT_URB,SE_DEMRESELCOTH_MID,redirigir_electrica_DEMRESELCOTH,0.000748,2022;2023;2024;2025;2026;2027;2028;2029;2030;2031;2032;2033;2034;2035;2036;2037;2038;2039;2040;2041;2042;2043;2044;2045;2046;2047;2048;2049;2050;2051;2052;2053;2054
SE,TotalTechnologyAnnualActivityLowerLimit,TECHNOLOGY,DEMRESELCTV_HIG_RUR,SE_DEMRESELCOTH_HIG,redirigir_electrica_DEMRESELCOTH,0.0,2022;2023;2024;2025;2026;2027;2028;2029;2030;2031;2032;2033;2034;2035;2036;2037;2038;2039;2040;2041;2042;2043;2044;2045;2046;2047;2048;2049;2050;2051;2052;2053;2054
IN,TotalTechnologyAnnualActivityLowerLimit,TECHNOLOGY,DEMRESELCTV_HIG_URB,IN_DEMRESELCOTH_HIG,redirigir_electrica_DEMRESELCOTH,0.0,2022;2023;2024;2025;2026;2027;2028;2029;2030;2031;2032;2033;2034;2035;2036;2037;2038;2039;2040;2041;2042;2043;2044;2045;2046;2047;2048;2049;2050;2051;2052;2053;2054
SE,TotalTechnologyAnnualActivityLowerLimit,TECHNOLOGY,DEMRESELCTV_HIG_URB,SE_DEMRESELCOTH_HIG,redirigir_electrica_DEMRESELCOTH,0.0,2022;2023;2024;2025;2026;2027;2028;2029;2030;2031;2032;2033;2034;2035;2036;2037;2038;2039;2040;2041;2042;2043;2044;2045;2046;2047;2048;2049;2050;2051;2052;2053;2054
SE,TotalTechnologyAnnualActivityLowerLimit,TECHNOLOGY,DEMRESELCTV_LOW_RUR,SE_DEMRESELCOTH_LOW,redirigir_electrica_DEMRESELCOTH,0.007334,2022;2023;2024;2025;2026;2027;2028;2029;2030;2031;2032;2033;2034;2035;2036;2037;2038;2039;2040;2041;2042;2043;2044;2045;2046;2047;2048;2049;2050;2051;2052;2053;2054
IN,TotalTechnologyAnnualActivityLowerLimit,TECHNOLOGY,DEMRESELCTV_LOW_URB,IN_DEMRESELCOTH_LOW,redirigir_electrica_DEMRESELCOTH,0.011194,2022;2023;2024;2025;2026;2027;2028;2029;2030;2031;2032;2033;2034;2035;2036;2037;2038;2039;2040;2041;2042;2043;2044;2045;2046;2047;2048;2049;2050;2051;2052;2053;2054
SE,TotalTechnologyAnnualActivityLowerLimit,TECHNOLOGY,DEMRESELCTV_LOW_URB,SE_DEMRESELCOTH_LOW,redirigir_electrica_DEMRESELCOTH,0.001094,2022;2023;2024;2025;2026;2027;2028;2029;2030;2031;2032;2033;2034;2035;2036;2037;2038;2039;2040;2041;2042;2043;2044;2045;2046;2047;2048;2049;2050;2051;2052;2053;2054
SE,TotalTechnologyAnnualActivityLowerLimit,TECHNOLOGY,DEMRESELCTV_MID_RUR,SE_DEMRESELCOTH_MID,redirigir_electrica_DEMRESELCOTH,0.000117,2022;2023;2024;2025;2026;2027;2028;2029;2030;2031;2032;2033;2034;2035;2036;2037;2038;2039;2040;2041;2042;2043;2044;2045;2046;2047;2048;2049;2050;2051;2052;2053;2054
IN,TotalTechnologyAnnualActivityLowerLimit,TECHNOLOGY,DEMRESELCTV_MID_URB,IN_DEMRESELCOTH_MID,redirigir_electrica_DEMRESELCOTH,0.000171,2022;2023;2024;2025;2026;2027;2028;2029;2030;2031;2032;2033;2034;2035;2036;2037;2038;2039;2040;2041;2042;2043;2044;2045;2046;2047;2048;2049;2050;2051;2052;2053;2054
SE,TotalTechnologyAnnualActivityLowerLimit,TECHNOLOGY,DEMRESELCTV_MID_URB,SE_DEMRESELCOTH_MID,redirigir_electrica_DEMRESELCOTH,1.7e-05,2022;2023;2024;2025;2026;2027;2028;2029;2030;2031;2032;2033;2034;2035;2036;2037;2038;2039;2040;2041;2042;2043;2044;2045;2046;2047;2048;2049;2050;2051;2052;2053;2054
SE,TotalTechnologyAnnualActivityLowerLimit,TECHNOLOGY,DEMRESELCWHT_DUC_HIG_RUR,SE_DEMRESELCOTH_HIG,redirigir_electrica_DEMRESELCOTH,0.0,2022;2023;2024;2025;2026;2027;2028;2029;2030;2031;2032;2033;2034;2035;2036;2037;2038;2039;2040;2041;2042;2043;2044;2045;2046;2047;2048;2049;2050;2051;2052;2053;2054
IN,TotalTechnologyAnnualActivityLowerLimit,TECHNOLOGY,DEMRESELCWHT_DUC_HIG_URB,IN_DEMRESELCOTH_HIG,redirigir_electrica_DEMRESELCOTH,0.0,2022;2023;2024;2025;2026;2027;2028;2029;2030;2031;2032;2033;2034;2035;2036;2037;2038;2039;2040;2041;2042;2043;2044;2045;2046;2047;2048;2049;2050;2051;2052;2053;2054
SE,TotalTechnologyAnnualActivityLowerLimit,TECHNOLOGY,DEMRESELCWHT_DUC_HIG_URB,SE_DEMRESELCOTH_HIG,redirigir_electrica_DEMRESELCOTH,0.0,2022;2023;2024;2025;2026;2027;2028;2029;2030;2031;2032;2033;2034;2035;2036;2037;2038;2039;2040;2041;2042;2043;2044;2045;2046;2047;2048;2049;2050;2051;2052;2053;2054
SE,TotalTechnologyAnnualActivityLowerLimit,TECHNOLOGY,DEMRESELCWHT_DUC_LOW_RUR,SE_DEMRESELCOTH_LOW,redirigir_electrica_DEMRESELCOTH,0.000267,2022;2023;2024;2025;2026;2027;2028;2029;2030;2031;2032;2033;2034;2035;2036;2037;2038;2039;2040;2041;2042;2043;2044;2045;2046;2047;2048;2049;2050;2051;2052;2053;2054
IN,TotalTechnologyAnnualActivityLowerLimit,TECHNOLOGY,DEMRESELCWHT_DUC_LOW_URB,IN_DEMRESELCOTH_LOW,redirigir_electrica_DEMRESELCOTH,0.007238,2022;2023;2024;2025;2026;2027;2028;2029;2030;2031;2032;2033;2034;2035;2036;2037;2038;2039;2040;2041;2042;2043;2044;2045;2046;2047;2048;2049;2050;2051;2052;2053;2054
SE,TotalTechnologyAnnualActivityLowerLimit,TECHNOLOGY,DEMRESELCWHT_DUC_LOW_URB,SE_DEMRESELCOTH_LOW,redirigir_electrica_DEMRESELCOTH,0.001987,2022;2023;2024;2025;2026;2027;2028;2029;2030;2031;2032;2033;2034;2035;2036;2037;2038;2039;2040;2041;2042;2043;2044;2045;2046;2047;2048;2049;2050;2051;2052;2053;2054
SE,TotalTechnologyAnnualActivityLowerLimit,TECHNOLOGY,DEMRESELCWHT_DUC_MID_RUR,SE_DEMRESELCOTH_MID,redirigir_electrica_DEMRESELCOTH,3e-06,2022;2023;2024;2025;2026;2027;2028;2029;2030;2031;2032;2033;2034;2035;2036;2037;2038;2039;2040;2041;2042;2043;2044;2045;2046;2047;2048;2049;2050;2051;2052;2053;2054
IN,TotalTechnologyAnnualActivityLowerLimit,TECHNOLOGY,DEMRESELCWHT_DUC_MID_URB,IN_DEMRESELCOTH_MID,redirigir_electrica_DEMRESELCOTH,0.000134,2022;2023;2024;2025;2026;2027;2028;2029;2030;2031;2032;2033;2034;2035;2036;2037;2038;2039;2040;2041;2042;2043;2044;2045;2046;2047;2048;2049;2050;2051;2052;2053;2054
SE,TotalTechnologyAnnualActivityLowerLimit,TECHNOLOGY,DEMRESELCWHT_DUC_MID_URB,SE_DEMRESELCOTH_MID,redirigir_electrica_DEMRESELCOTH,2.9e-05,2022;2023;2024;2025;2026;2027;2028;2029;2030;2031;2032;2033;2034;2035;2036;2037;2038;2039;2040;2041;2042;2043;2044;2045;2046;2047;2048;2049;2050;2051;2052;2053;2054
SE,TotalTechnologyAnnualActivityLowerLimit,TECHNOLOGY,DEMRESELCWHT_PAS_HIG_RUR,SE_DEMRESELCOTH_HIG,redirigir_electrica_DEMRESELCOTH,0.0,2022;2023;2024;2025;2026;2027;2028;2029;2030;2031;2032;2033;2034;2035;2036;2037;2038;2039;2040;2041;2042;2043;2044;2045;2046;2047;2048;2049;2050;2051;2052;2053;2054
IN,TotalTechnologyAnnualActivityLowerLimit,TECHNOLOGY,DEMRESELCWHT_PAS_HIG_URB,IN_DEMRESELCOTH_HIG,redirigir_electrica_DEMRESELCOTH,0.0,2022;2023;2024;2025;2026;2027;2028;2029;2030;2031;2032;2033;2034;2035;2036;2037;2038;2039;2040;2041;2042;2043;2044;2045;2046;2047;2048;2049;2050;2051;2052;2053;2054
SE,TotalTechnologyAnnualActivityLowerLimit,TECHNOLOGY,DEMRESELCWHT_PAS_HIG_URB,SE_DEMRESELCOTH_HIG,redirigir_electrica_DEMRESELCOTH,0.0,2022;2023;2024;2025;2026;2027;2028;2029;2030;2031;2032;2033;2034;2035;2036;2037;2038;2039;2040;2041;2042;2043;2044;2045;2046;2047;2048;2049;2050;2051;2052;2053;2054
SE,TotalTechnologyAnnualActivityLowerLimit,TECHNOLOGY,DEMRESELCWHT_PAS_LOW_RUR,SE_DEMRESELCOTH_LOW,redirigir_electrica_DEMRESELCOTH,0.000426,2022;2023;2024;2025;2026;2027;2028;2029;2030;2031;2032;2033;2034;2035;2036;2037;2038;2039;2040;2041;2042;2043;2044;2045;2046;2047;2048;2049;2050;2051;2052;2053;2054
IN,TotalTechnologyAnnualActivityLowerLimit,TECHNOLOGY,DEMRESELCWHT_PAS_LOW_URB,IN_DEMRESELCOTH_LOW,redirigir_electrica_DEMRESELCOTH,0.002515,2022;2023;2024;2025;2026;2027;2028;2029;2030;2031;2032;2033;2034;2035;2036;2037;2038;2039;2040;2041;2042;2043;2044;2045;2046;2047;2048;2049;2050;2051;2052;2053;2054
SE,TotalTechnologyAnnualActivityLowerLimit,TECHNOLOGY,DEMRESELCWHT_PAS_LOW_URB,SE_DEMRESELCOTH_LOW,redirigir_electrica_DEMRESELCOTH,0.000528,2022;2023;2024;2025;2026;2027;2028;2029;2030;2031;2032;2033;2034;2035;2036;2037;2038;2039;2040;2041;2042;2043;2044;2045;2046;2047;2048;2049;2050;2051;2052;2053;2054
SE,TotalTechnologyAnnualActivityLowerLimit,TECHNOLOGY,DEMRESELCWHT_PAS_MID_RUR,SE_DEMRESELCOTH_MID,redirigir_electrica_DEMRESELCOTH,5e-06,2022;2023;2024;2025;2026;2027;2028;2029;2030;2031;2032;2033;2034;2035;2036;2037;2038;2039;2040;2041;2042;2043;2044;2045;2046;2047;2048;2049;2050;2051;2052;2053;2054
IN,TotalTechnologyAnnualActivityLowerLimit,TECHNOLOGY,DEMRESELCWHT_PAS_MID_URB,IN_DEMRESELCOTH_MID,redirigir_electrica_DEMRESELCOTH,5.3e-05,2022;2023;2024;2025;2026;2027;2028;2029;2030;2031;2032;2033;2034;2035;2036;2037;2038;2039;2040;2041;2042;2043;2044;2045;2046;2047;2048;2049;2050;2051;2052;2053;2054
SE,TotalTechnologyAnnualActivityLowerLimit,TECHNOLOGY,DEMRESELCWHT_PAS_MID_URB,SE_DEMRESELCOTH_MID,redirigir_electrica_DEMRESELCOTH,1e-05,2022;2023;2024;2025;2026;2027;2028;2029;2030;2031;2032;2033;2034;2035;2036;2037;2038;2039;2040;2041;2042;2043;2044;2045;2046;2047;2048;2049;2050;2051;2052;2053;2054
IN,TotalTechnologyAnnualActivityLowerLimit,TECHNOLOGY,DEMRESELCWHT_TAN_HIG_RUR,IN_DEMRESELCOTH_HIG,redirigir_electrica_DEMRESELCOTH,0.0,2022;2023;2024;2025;2026;2027;2028;2029;2030;2031;2032;2033;2034;2035;2036;2037;2038;2039;2040;2041;2042;2043;2044;2045;2046;2047;2048;2049;2050;2051;2052;2053;2054
SE,TotalTechnologyAnnualActivityLowerLimit,TECHNOLOGY,DEMRESELCWHT_TAN_HIG_RUR,SE_DEMRESELCOTH_HIG,redirigir_electrica_DEMRESELCOTH,0.0,2022;2023;2024;2025;2026;2027;2028;2029;2030;2031;2032;2033;2034;2035;2036;2037;2038;2039;2040;2041;2042;2043;2044;2045;2046;2047;2048;2049;2050;2051;2052;2053;2054
IN,TotalTechnologyAnnualActivityLowerLimit,TECHNOLOGY,DEMRESELCWHT_TAN_HIG_URB,IN_DEMRESELCOTH_HIG,redirigir_electrica_DEMRESELCOTH,0.0,2022;2023;2024;2025;2026;2027;2028;2029;2030;2031;2032;2033;2034;2035;2036;2037;2038;2039;2040;2041;2042;2043;2044;2045;2046;2047;2048;2049;2050;2051;2052;2053;2054
SE,TotalTechnologyAnnualActivityLowerLimit,TECHNOLOGY,DEMRESELCWHT_TAN_HIG_URB,SE_DEMRESELCOTH_HIG,redirigir_electrica_DEMRESELCOTH,0.0,2022;2023;2024;2025;2026;2027;2028;2029;2030;2031;2032;2033;2034;2035;2036;2037;2038;2039;2040;2041;2042;2043;2044;2045;2046;2047;2048;2049;2050;2051;2052;2053;2054
IN,TotalTechnologyAnnualActivityLowerLimit,TECHNOLOGY,DEMRESELCWHT_TAN_LOW_RUR,IN_DEMRESELCOTH_LOW,redirigir_electrica_DEMRESELCOTH,0.0,2022;2023;2024;2025;2026;2027;2028;2029;2030;2031;2032;2033;2034;2035;2036;2037;2038;2039;2040;2041;2042;2043;2044;2045;2046;2047;2048;2049;2050;2051;2052;2053;2054
SE,TotalTechnologyAnnualActivityLowerLimit,TECHNOLOGY,DEMRESELCWHT_TAN_LOW_RUR,SE_DEMRESELCOTH_LOW,redirigir_electrica_DEMRESELCOTH,0.0,2022;2023;2024;2025;2026;2027;2028;2029;2030;2031;2032;2033;2034;2035;2036;2037;2038;2039;2040;2041;2042;2043;2044;2045;2046;2047;2048;2049;2050;2051;2052;2053;2054
IN,TotalTechnologyAnnualActivityLowerLimit,TECHNOLOGY,DEMRESELCWHT_TAN_LOW_URB,IN_DEMRESELCOTH_LOW,redirigir_electrica_DEMRESELCOTH,0.001133,2022;2023;2024;2025;2026;2027;2028;2029;2030;2031;2032;2033;2034;2035;2036;2037;2038;2039;2040;2041;2042;2043;2044;2045;2046;2047;2048;2049;2050;2051;2052;2053;2054
SE,TotalTechnologyAnnualActivityLowerLimit,TECHNOLOGY,DEMRESELCWHT_TAN_LOW_URB,SE_DEMRESELCOTH_LOW,redirigir_electrica_DEMRESELCOTH,0.000238,2022;2023;2024;2025;2026;2027;2028;2029;2030;2031;2032;2033;2034;2035;2036;2037;2038;2039;2040;2041;2042;2043;2044;2045;2046;2047;2048;2049;2050;2051;2052;2053;2054
IN,TotalTechnologyAnnualActivityLowerLimit,TECHNOLOGY,DEMRESELCWHT_TAN_MID_RUR,IN_DEMRESELCOTH_MID,redirigir_electrica_DEMRESELCOTH,0.0,2022;2023;2024;2025;2026;2027;2028;2029;2030;2031;2032;2033;2034;2035;2036;2037;2038;2039;2040;2041;2042;2043;2044;2045;2046;2047;2048;2049;2050;2051;2052;2053;2054
SE,TotalTechnologyAnnualActivityLowerLimit,TECHNOLOGY,DEMRESELCWHT_TAN_MID_RUR,SE_DEMRESELCOTH_MID,redirigir_electrica_DEMRESELCOTH,0.0,2022;2023;2024;2025;2026;2027;2028;2029;2030;2031;2032;2033;2034;2035;2036;2037;2038;2039;2040;2041;2042;2043;2044;2045;2046;2047;2048;2049;2050;2051;2052;2053;2054
IN,TotalTechnologyAnnualActivityLowerLimit,TECHNOLOGY,DEMRESELCWHT_TAN_MID_URB,IN_DEMRESELCOTH_MID,redirigir_electrica_DEMRESELCOTH,2.4e-05,2022;2023;2024;2025;2026;2027;2028;2029;2030;2031;2032;2033;2034;2035;2036;2037;2038;2039;2040;2041;2042;2043;2044;2045;2046;2047;2048;2049;2050;2051;2052;2053;2054
SE,TotalTechnologyAnnualActivityLowerLimit,TECHNOLOGY,DEMRESELCWHT_TAN_MID_URB,SE_DEMRESELCOTH_MID,redirigir_electrica_DEMRESELCOTH,4e-06,2022;2023;2024;2025;2026;2027;2028;2029;2030;2031;2032;2033;2034;2035;2036;2037;2038;2039;2040;2041;2042;2043;2044;2045;2046;2047;2048;2049;2050;2051;2052;2053;2054
SE,TotalTechnologyAnnualActivityLowerLimit,TECHNOLOGY,DEMRESELCWSH_HIG_RUR,SE_DEMRESELCOTH_HIG,redirigir_electrica_DEMRESELCOTH,0.0,2022;2023;2024;2025;2026;2027;2028;2029;2030;2031;2032;2033;2034;2035;2036;2037;2038;2039;2040;2041;2042;2043;2044;2045;2046;2047;2048;2049;2050;2051;2052;2053;2054
IN,TotalTechnologyAnnualActivityLowerLimit,TECHNOLOGY,DEMRESELCWSH_HIG_URB,IN_DEMRESELCOTH_HIG,redirigir_electrica_DEMRESELCOTH,0.0,2022;2023;2024;2025;2026;2027;2028;2029;2030;2031;2032;2033;2034;2035;2036;2037;2038;2039;2040;2041;2042;2043;2044;2045;2046;2047;2048;2049;2050;2051;2052;2053;2054
SE,TotalTechnologyAnnualActivityLowerLimit,TECHNOLOGY,DEMRESELCWSH_HIG_URB,SE_DEMRESELCOTH_HIG,redirigir_electrica_DEMRESELCOTH,0.0,2022;2023;2024;2025;2026;2027;2028;2029;2030;2031;2032;2033;2034;2035;2036;2037;2038;2039;2040;2041;2042;2043;2044;2045;2046;2047;2048;2049;2050;2051;2052;2053;2054
SE,TotalTechnologyAnnualActivityLowerLimit,TECHNOLOGY,DEMRESELCWSH_LOW_RUR,SE_DEMRESELCOTH_LOW,redirigir_electrica_DEMRESELCOTH,0.002155,2022;2023;2024;2025;2026;2027;2028;2029;2030;2031;2032;2033;2034;2035;2036;2037;2038;2039;2040;2041;2042;2043;2044;2045;2046;2047;2048;2049;2050;2051;2052;2053;2054
IN,TotalTechnologyAnnualActivityLowerLimit,TECHNOLOGY,DEMRESELCWSH_LOW_URB,IN_DEMRESELCOTH_LOW,redirigir_electrica_DEMRESELCOTH,0.021538,2022;2023;2024;2025;2026;2027;2028;2029;2030;2031;2032;2033;2034;2035;2036;2037;2038;2039;2040;2041;2042;2043;2044;2045;2046;2047;2048;2049;2050;2051;2052;2053;2054
SE,TotalTechnologyAnnualActivityLowerLimit,TECHNOLOGY,DEMRESELCWSH_LOW_URB,SE_DEMRESELCOTH_LOW,redirigir_electrica_DEMRESELCOTH,0.013665,2022;2023;2024;2025;2026;2027;2028;2029;2030;2031;2032;2033;2034;2035;2036;2037;2038;2039;2040;2041;2042;2043;2044;2045;2046;2047;2048;2049;2050;2051;2052;2053;2054
SE,TotalTechnologyAnnualActivityLowerLimit,TECHNOLOGY,DEMRESELCWSH_MID_RUR,SE_DEMRESELCOTH_MID,redirigir_electrica_DEMRESELCOTH,3.8e-05,2022;2023;2024;2025;2026;2027;2028;2029;2030;2031;2032;2033;2034;2035;2036;2037;2038;2039;2040;2041;2042;2043;2044;2045;2046;2047;2048;2049;2050;2051;2052;2053;2054
IN,TotalTechnologyAnnualActivityLowerLimit,TECHNOLOGY,DEMRESELCWSH_MID_URB,IN_DEMRESELCOTH_MID,redirigir_electrica_DEMRESELCOTH,0.000355,2022;2023;2024;2025;2026;2027;2028;2029;2030;2031;2032;2033;2034;2035;2036;2037;2038;2039;2040;2041;2042;2043;2044;2045;2046;2047;2048;2049;2050;2051;2052;2053;2054
SE,TotalTechnologyAnnualActivityLowerLimit,TECHNOLOGY,DEMRESELCWSH_MID_URB,SE_DEMRESELCOTH_MID,redirigir_electrica_DEMRESELCOTH,0.000234,2022;2023;2024;2025;2026;2027;2028;2029;2030;2031;2032;2033;2034;2035;2036;2037;2038;2039;2040;2041;2042;2043;2044;2045;2046;2047;2048;2049;2050;2051;2052;2053;2054
SE,TotalTechnologyAnnualActivityLowerLimit,TECHNOLOGY,DEMRESLPGCKN_HIG_RUR,SE_DEMRESLPGCKN_HIG,colapso_sin_sufijo,0.0,2022;2023;2024;2025;2026;2027;2028;2029;2030;2031;2032;2033;2034;2035;2036;2037;2038;2039;2040;2041;2042;2043;2044;2045;2046;2047;2048;2049;2050;2051;2052;2053;2054
IN,TotalTechnologyAnnualActivityLowerLimit,TECHNOLOGY,DEMRESLPGCKN_HIG_URB,IN_DEMRESLPGCKN_HIG,colapso_sin_sufijo,0.0,2022;2023;2024;2025;2026;2027;2028;2029;2030;2031;2032;2033;2034;2035;2036;2037;2038;2039;2040;2041;2042;2043;2044;2045;2046;2047;2048;2049;2050;2051;2052;2053;2054
SE,TotalTechnologyAnnualActivityLowerLimit,TECHNOLOGY,DEMRESLPGCKN_HIG_URB,SE_DEMRESLPGCKN_HIG,colapso_sin_sufijo,0.0,2022;2023;2024;2025;2026;2027;2028;2029;2030;2031;2032;2033;2034;2035;2036;2037;2038;2039;2040;2041;2042;2043;2044;2045;2046;2047;2048;2049;2050;2051;2052;2053;2054
SE,TotalTechnologyAnnualActivityLowerLimit,TECHNOLOGY,DEMRESLPGCKN_LOW_RUR,SE_DEMRESLPGCKN_LOW,colapso_sin_sufijo,0.180431,2022;2023;2024;2025;2026;2027;2028;2029;2030;2031;2032;2033;2034;2035;2036;2037;2038;2039;2040;2041;2042;2043;2044;2045;2046;2047;2048;2049;2050;2051;2052;2053;2054
IN,TotalTechnologyAnnualActivityLowerLimit,TECHNOLOGY,DEMRESLPGCKN_LOW_URB,IN_DEMRESLPGCKN_LOW,colapso_sin_sufijo,1.93318,2022;2023;2024;2025;2026;2027;2028;2029;2030;2031;2032;2033;2034;2035;2036;2037;2038;2039;2040;2041;2042;2043;2044;2045;2046;2047;2048;2049;2050;2051;2052;2053;2054
SE,TotalTechnologyAnnualActivityLowerLimit,TECHNOLOGY,DEMRESLPGCKN_LOW_URB,SE_DEMRESLPGCKN_LOW,colapso_sin_sufijo,0.757352,2022;2023;2024;2025;2026;2027;2028;2029;2030;2031;2032;2033;2034;2035;2036;2037;2038;2039;2040;2041;2042;2043;2044;2045;2046;2047;2048;2049;2050;2051;2052;2053;2054
SE,TotalTechnologyAnnualActivityLowerLimit,TECHNOLOGY,DEMRESLPGCKN_MID_RUR,SE_DEMRESLPGCKN_MID,colapso_sin_sufijo,0.003838,2022;2023;2024;2025;2026;2027;2028;2029;2030;2031;2032;2033;2034;2035;2036;2037;2038;2039;2040;2041;2042;2043;2044;2045;2046;2047;2048;2049;2050;2051;2052;2053;2054
IN,TotalTechnologyAnnualActivityLowerLimit,TECHNOLOGY,DEMRESLPGCKN_MID_URB,IN_DEMRESLPGCKN_MID,colapso_sin_sufijo,0.040354,2022;2023;2024;2025;2026;2027;2028;2029;2030;2031;2032;2033;2034;2035;2036;2037;2038;2039;2040;2041;2042;2043;2044;2045;2046;2047;2048;2049;2050;2051;2052;2053;2054
SE,TotalTechnologyAnnualActivityLowerLimit,TECHNOLOGY,DEMRESLPGCKN_MID_URB,SE_DEMRESLPGCKN_MID,colapso_sin_sufijo,0.016022,2022;2023;2024;2025;2026;2027;2028;2029;2030;2031;2032;2033;2034;2035;2036;2037;2038;2039;2040;2041;2042;2043;2044;2045;2046;2047;2048;2049;2050;2051;2052;2053;2054
SE,TotalTechnologyAnnualActivityLowerLimit,TECHNOLOGY,DEMRESWOOCKN_HIG_RUR,SE_DEMRESWOOCKN_HIG,colapso_sin_sufijo,3.013949,2022;2023;2024;2025;2026;2027;2028;2029;2030;2031;2032;2033;2034;2035;2036;2037;2038;2039;2040;2041;2042;2043;2044;2045;2046;2047;2048;2049;2050;2051;2052;2053;2054
SE,TotalTechnologyAnnualActivityLowerLimit,TECHNOLOGY,DEMRESWOOCKN_HIG_URB,SE_DEMRESWOOCKN_HIG,colapso_sin_sufijo,0.616778,2022;2023;2024;2025;2026;2027;2028;2029;2030;2031;2032;2033;2034;2035;2036;2037;2038;2039;2040;2041;2042;2043;2044;2045;2046;2047;2048;2049;2050;2051;2052;2053;2054
SE,TotalTechnologyAnnualActivityLowerLimit,TECHNOLOGY,DEMRESWOOCKN_LOW_RUR,SE_DEMRESWOOCKN_LOW,colapso_sin_sufijo,2.231103,2022;2023;2024;2025;2026;2027;2028;2029;2030;2031;2032;2033;2034;2035;2036;2037;2038;2039;2040;2041;2042;2043;2044;2045;2046;2047;2048;2049;2050;2051;2052;2053;2054
SE,TotalTechnologyAnnualActivityLowerLimit,TECHNOLOGY,DEMRESWOOCKN_LOW_URB,SE_DEMRESWOOCKN_LOW,colapso_sin_sufijo,0.629916,2022;2023;2024;2025;2026;2027;2028;2029;2030;2031;2032;2033;2034;2035;2036;2037;2038;2039;2040;2041;2042;2043;2044;2045;2046;2047;2048;2049;2050;2051;2052;2053;2054
SE,TotalTechnologyAnnualActivityLowerLimit,TECHNOLOGY,DEMRESWOOCKN_MID_RUR,SE_DEMRESWOOCKN_MID,colapso_sin_sufijo,0.013021,2022;2023;2024;2025;2026;2027;2028;2029;2030;2031;2032;2033;2034;2035;2036;2037;2038;2039;2040;2041;2042;2043;2044;2045;2046;2047;2048;2049;2050;2051;2052;2053;2054
SE,TotalTechnologyAnnualActivityLowerLimit,TECHNOLOGY,DEMRESWOOCKN_MID_URB,SE_DEMRESWOOCKN_MID,colapso_sin_sufijo,0.001537,2022;2023;2024;2025;2026;2027;2028;2029;2030;2031;2032;2033;2034;2035;2036;2037;2038;2039;2040;2041;2042;2043;2044;2045;2046;2047;2048;2049;2050;2051;2052;2053;2054
SE,TotalTechnologyAnnualActivityUpperLimit,TECHNOLOGY,DEMRESELCAIR_PAR_HIG_RUR,SE_DEMRESELCAIR_PAR_HIG,colapso_sin_sufijo,5188.364003,2022;2023;2024;2025;2026;2027;2028;2029;2030;2031;2032;2033;2034;2035;2036;2037;2038;2039;2040;2041;2042;2043;2044;2045;2046;2047;2048;2049;2050;2051;2052;2053;2054
SE,TotalTechnologyAnnualActivityUpperLimit,TECHNOLOGY,DEMRESELCAIR_PAR_LOW_RUR,SE_DEMRESELCAIR_PAR_LOW,colapso_sin_sufijo,5188.364003,2022;2023;2024;2025;2026;2027;2028;2029;2030;2031;2032;2033;2034;2035;2036;2037;2038;2039;2040;2041;2042;2043;2044;2045;2046;2047;2048;2049;2050;2051;2052;2053;2054
IN,TotalTechnologyAnnualActivityUpperLimit,TECHNOLOGY,DEMRESELCAIR_PAR_LOW_URB,IN_DEMRESELCAIR_PAR_LOW,colapso_sin_sufijo,39855.468183,2022;2023;2024;2025;2026;2027;2028;2029;2030;2031;2032;2033;2034;2035;2036;2037;2038;2039;2040;2041;2042;2043;2044;2045;2046;2047;2048;2049;2050;2051;2052;2053;2054
SE,TotalTechnologyAnnualActivityUpperLimit,TECHNOLOGY,DEMRESELCAIR_PAR_LOW_URB,SE_DEMRESELCAIR_PAR_LOW,colapso_sin_sufijo,15248.356904,2022;2023;2024;2025;2026;2027;2028;2029;2030;2031;2032;2033;2034;2035;2036;2037;2038;2039;2040;2041;2042;2043;2044;2045;2046;2047;2048;2049;2050;2051;2052;2053;2054
SE,TotalTechnologyAnnualActivityUpperLimit,TECHNOLOGY,DEMRESELCAIR_PAR_MID_RUR,SE_DEMRESELCAIR_PAR_MID,colapso_sin_sufijo,5188.364003,2022;2023;2024;2025;2026;2027;2028;2029;2030;2031;2032;2033;2034;2035;2036;2037;2038;2039;2040;2041;2042;2043;2044;2045;2046;2047;2048;2049;2050;2051;2052;2053;2054
IN,TotalTechnologyAnnualActivityUpperLimit,TECHNOLOGY,DEMRESELCAIR_PAR_MID_URB,IN_DEMRESELCAIR_PAR_MID,colapso_sin_sufijo,39855.468183,2022;2023;2024;2025;2026;2027;2028;2029;2030;2031;2032;2033;2034;2035;2036;2037;2038;2039;2040;2041;2042;2043;2044;2045;2046;2047;2048;2049;2050;2051;2052;2053;2054
SE,TotalTechnologyAnnualActivityUpperLimit,TECHNOLOGY,DEMRESELCAIR_PAR_MID_URB,SE_DEMRESELCAIR_PAR_MID,colapso_sin_sufijo,15248.356904,2022;2023;2024;2025;2026;2027;2028;2029;2030;2031;2032;2033;2034;2035;2036;2037;2038;2039;2040;2041;2042;2043;2044;2045;2046;2047;2048;2049;2050;2051;2052;2053;2054
SE,TotalTechnologyAnnualActivityUpperLimit,TECHNOLOGY,DEMRESELCAIR_POR_HIG_RUR,SE_DEMRESELCAIR_POR_HIG,colapso_sin_sufijo,5188.364003,2022;2023;2024;2025;2026;2027;2028;2029;2030;2031;2032;2033;2034;2035;2036;2037;2038;2039;2040;2041;2042;2043;2044;2045;2046;2047;2048;2049;2050;2051;2052;2053;2054
IN,TotalTechnologyAnnualActivityUpperLimit,TECHNOLOGY,DEMRESELCAIR_POR_HIG_URB,IN_DEMRESELCAIR_POR_HIG,colapso_sin_sufijo,39855.468183,2022;2023;2024;2025;2026;2027;2028;2029;2030;2031;2032;2033;2034;2035;2036;2037;2038;2039;2040;2041;2042;2043;2044;2045;2046;2047;2048;2049;2050;2051;2052;2053;2054
SE,TotalTechnologyAnnualActivityUpperLimit,TECHNOLOGY,DEMRESELCAIR_POR_HIG_URB,SE_DEMRESELCAIR_POR_HIG,colapso_sin_sufijo,15248.356904,2022;2023;2024;2025;2026;2027;2028;2029;2030;2031;2032;2033;2034;2035;2036;2037;2038;2039;2040;2041;2042;2043;2044;2045;2046;2047;2048;2049;2050;2051;2052;2053;2054
SE,TotalTechnologyAnnualActivityUpperLimit,TECHNOLOGY,DEMRESELCAIR_POR_LOW_RUR,SE_DEMRESELCAIR_POR_LOW,colapso_sin_sufijo,5188.364003,2022;2023;2024;2025;2026;2027;2028;2029;2030;2031;2032;2033;2034;2035;2036;2037;2038;2039;2040;2041;2042;2043;2044;2045;2046;2047;2048;2049;2050;2051;2052;2053;2054
IN,TotalTechnologyAnnualActivityUpperLimit,TECHNOLOGY,DEMRESELCAIR_POR_LOW_URB,IN_DEMRESELCAIR_POR_LOW,colapso_sin_sufijo,39855.468183,2022;2023;2024;2025;2026;2027;2028;2029;2030;2031;2032;2033;2034;2035;2036;2037;2038;2039;2040;2041;2042;2043;2044;2045;2046;2047;2048;2049;2050;2051;2052;2053;2054
SE,TotalTechnologyAnnualActivityUpperLimit,TECHNOLOGY,DEMRESELCAIR_POR_LOW_URB,SE_DEMRESELCAIR_POR_LOW,colapso_sin_sufijo,15248.356904,2022;2023;2024;2025;2026;2027;2028;2029;2030;2031;2032;2033;2034;2035;2036;2037;2038;2039;2040;2041;2042;2043;2044;2045;2046;2047;2048;2049;2050;2051;2052;2053;2054
SE,TotalTechnologyAnnualActivityUpperLimit,TECHNOLOGY,DEMRESELCAIR_POR_MID_RUR,SE_DEMRESELCAIR_POR_MID,colapso_sin_sufijo,5188.364003,2022;2023;2024;2025;2026;2027;2028;2029;2030;2031;2032;2033;2034;2035;2036;2037;2038;2039;2040;2041;2042;2043;2044;2045;2046;2047;2048;2049;2050;2051;2052;2053;2054
IN,TotalTechnologyAnnualActivityUpperLimit,TECHNOLOGY,DEMRESELCAIR_POR_MID_URB,IN_DEMRESELCAIR_POR_MID,colapso_sin_sufijo,39855.468183,2022;2023;2024;2025;2026;2027;2028;2029;2030;2031;2032;2033;2034;2035;2036;2037;2038;2039;2040;2041;2042;2043;2044;2045;2046;2047;2048;2049;2050;2051;2052;2053;2054
SE,TotalTechnologyAnnualActivityUpperLimit,TECHNOLOGY,DEMRESELCAIR_POR_MID_URB,SE_DEMRESELCAIR_POR_MID,colapso_sin_sufijo,15248.356904,2022;2023;2024;2025;2026;2027;2028;2029;2030;2031;2032;2033;2034;2035;2036;2037;2038;2039;2040;2041;2042;2043;2044;2045;2046;2047;2048;2049;2050;2051;2052;2053;2054
SE,TotalTechnologyAnnualActivityUpperLimit,TECHNOLOGY,DEMRESELCAIR_SPL_HIG_RUR,SE_DEMRESELCAIR_SPL_HIG,colapso_sin_sufijo,5188.364003,2022;2023;2024;2025;2026;2027;2028;2029;2030;2031;2032;2033;2034;2035;2036;2037;2038;2039;2040;2041;2042;2043;2044;2045;2046;2047;2048;2049;2050;2051;2052;2053;2054
IN,TotalTechnologyAnnualActivityUpperLimit,TECHNOLOGY,DEMRESELCAIR_SPL_HIG_URB,IN_DEMRESELCAIR_SPL_HIG,colapso_sin_sufijo,39855.468183,2022;2023;2024;2025;2026;2027;2028;2029;2030;2031;2032;2033;2034;2035;2036;2037;2038;2039;2040;2041;2042;2043;2044;2045;2046;2047;2048;2049;2050;2051;2052;2053;2054
SE,TotalTechnologyAnnualActivityUpperLimit,TECHNOLOGY,DEMRESELCAIR_SPL_HIG_URB,SE_DEMRESELCAIR_SPL_HIG,colapso_sin_sufijo,15248.356904,2022;2023;2024;2025;2026;2027;2028;2029;2030;2031;2032;2033;2034;2035;2036;2037;2038;2039;2040;2041;2042;2043;2044;2045;2046;2047;2048;2049;2050;2051;2052;2053;2054
SE,TotalTechnologyAnnualActivityUpperLimit,TECHNOLOGY,DEMRESELCAIR_SPL_LOW_RUR,SE_DEMRESELCAIR_SPL_LOW,colapso_sin_sufijo,5188.364003,2022;2023;2024;2025;2026;2027;2028;2029;2030;2031;2032;2033;2034;2035;2036;2037;2038;2039;2040;2041;2042;2043;2044;2045;2046;2047;2048;2049;2050;2051;2052;2053;2054
IN,TotalTechnologyAnnualActivityUpperLimit,TECHNOLOGY,DEMRESELCAIR_SPL_LOW_URB,IN_DEMRESELCAIR_SPL_LOW,colapso_sin_sufijo,39855.468183,2022;2023;2024;2025;2026;2027;2028;2029;2030;2031;2032;2033;2034;2035;2036;2037;2038;2039;2040;2041;2042;2043;2044;2045;2046;2047;2048;2049;2050;2051;2052;2053;2054
SE,TotalTechnologyAnnualActivityUpperLimit,TECHNOLOGY,DEMRESELCAIR_SPL_LOW_URB,SE_DEMRESELCAIR_SPL_LOW,colapso_sin_sufijo,15248.356904,2022;2023;2024;2025;2026;2027;2028;2029;2030;2031;2032;2033;2034;2035;2036;2037;2038;2039;2040;2041;2042;2043;2044;2045;2046;2047;2048;2049;2050;2051;2052;2053;2054
SE,TotalTechnologyAnnualActivityUpperLimit,TECHNOLOGY,DEMRESELCAIR_SPL_MID_RUR,SE_DEMRESELCAIR_SPL_MID,colapso_sin_sufijo,5188.364003,2022;2023;2024;2025;2026;2027;2028;2029;2030;2031;2032;2033;2034;2035;2036;2037;2038;2039;2040;2041;2042;2043;2044;2045;2046;2047;2048;2049;2050;2051;2052;2053;2054
IN,TotalTechnologyAnnualActivityUpperLimit,TECHNOLOGY,DEMRESELCAIR_SPL_MID_URB,IN_DEMRESELCAIR_SPL_MID,colapso_sin_sufijo,39855.468183,2022;2023;2024;2025;2026;2027;2028;2029;2030;2031;2032;2033;2034;2035;2036;2037;2038;2039;2040;2041;2042;2043;2044;2045;2046;2047;2048;2049;2050;2051;2052;2053;2054
SE,TotalTechnologyAnnualActivityUpperLimit,TECHNOLOGY,DEMRESELCAIR_SPL_MID_URB,SE_DEMRESELCAIR_SPL_MID,colapso_sin_sufijo,15248.356904,2022;2023;2024;2025;2026;2027;2028;2029;2030;2031;2032;2033;2034;2035;2036;2037;2038;2039;2040;2041;2042;2043;2044;2045;2046;2047;2048;2049;2050;2051;2052;2053;2054
SE,TotalTechnologyAnnualActivityUpperLimit,TECHNOLOGY,DEMRESELCCKN_HIG_RUR,SE_DEMRESELCCKN_HIG,colapso_sin_sufijo,5020.603456,2022;2023;2024;2025;2026;2027;2028;2029;2030;2031;2032;2033;2034;2035;2036;2037;2038;2039;2040;2041;2042;2043;2044;2045;2046;2047;2048;2049;2050;2051;2052;2053;2054
IN,TotalTechnologyAnnualActivityUpperLimit,TECHNOLOGY,DEMRESELCCKN_HIG_URB,IN_DEMRESELCCKN_HIG,colapso_sin_sufijo,9276.215106,2022;2023;2024;2025;2026;2027;2028;2029;2030;2031;2032;2033;2034;2035;2036;2037;2038;2039;2040;2041;2042;2043;2044;2045;2046;2047;2048;2049;2050;2051;2052;2053;2054
SE,TotalTechnologyAnnualActivityUpperLimit,TECHNOLOGY,DEMRESELCCKN_HIG_URB,SE_DEMRESELCCKN_HIG,colapso_sin_sufijo,33621.867306,2022;2023;2024;2025;2026;2027;2028;2029;2030;2031;2032;2033;2034;2035;2036;2037;2038;2039;2040;2041;2042;2043;2044;2045;2046;2047;2048;2049;2050;2051;2052;2053;2054
SE,TotalTechnologyAnnualActivityUpperLimit,TECHNOLOGY,DEMRESELCCKN_LOW_RUR,SE_DEMRESELCCKN_LOW,colapso_sin_sufijo,0.021556,2022;2023;2024;2025;2026;2027;2028;2029;2030;2031;2032;2033;2034;2035;2036;2037;2038;2039;2040;2041;2042;2043;2044;2045;2046;2047;2048;2049;2050;2051;2052;2053;2054
IN,TotalTechnologyAnnualActivityUpperLimit,TECHNOLOGY,DEMRESELCCKN_LOW_URB,IN_DEMRESELCCKN_LOW,colapso_sin_sufijo,0.16623,2022;2023;2024;2025;2026;2027;2028;2029;2030;2031;2032;2033;2034;2035;2036;2037;2038;2039;2040;2041;2042;2043;2044;2045;2046;2047;2048;2049;2050;2051;2052;2053;2054
SE,TotalTechnologyAnnualActivityUpperLimit,TECHNOLOGY,DEMRESELCCKN_LOW_URB,SE_DEMRESELCCKN_LOW,colapso_sin_sufijo,0.581444,2022;2023;2024;2025;2026;2027;2028;2029;2030;2031;2032;2033;2034;2035;2036;2037;2038;2039;2040;2041;2042;2043;2044;2045;2046;2047;2048;2049;2050;2051;2052;2053;2054
SE,TotalTechnologyAnnualActivityUpperLimit,TECHNOLOGY,DEMRESELCCKN_MID_RUR,SE_DEMRESELCCKN_MID,colapso_sin_sufijo,5020.603456,2022;2023;2024;2025;2026;2027;2028;2029;2030;2031;2032;2033;2034;2035;2036;2037;2038;2039;2040;2041;2042;2043;2044;2045;2046;2047;2048;2049;2050;2051;2052;2053;2054
IN,TotalTechnologyAnnualActivityUpperLimit,TECHNOLOGY,DEMRESELCCKN_MID_URB,IN_DEMRESELCCKN_MID,colapso_sin_sufijo,9276.215106,2022;2023;2024;2025;2026;2027;2028;2029;2030;2031;2032;2033;2034;2035;2036;2037;2038;2039;2040;2041;2042;2043;2044;2045;2046;2047;2048;2049;2050;2051;2052;2053;2054
SE,TotalTechnologyAnnualActivityUpperLimit,TECHNOLOGY,DEMRESELCCKN_MID_URB,SE_DEMRESELCCKN_MID,colapso_sin_sufijo,33621.867306,2022;2023;2024;2025;2026;2027;2028;2029;2030;2031;2032;2033;2034;2035;2036;2037;2038;2039;2040;2041;2042;2043;2044;2045;2046;2047;2048;2049;2050;2051;2052;2053;2054
SE,TotalTechnologyAnnualActivityUpperLimit,TECHNOLOGY,DEMRESELCFAN_HIG_RUR,SE_DEMRESELCFAN_HIG,colapso_sin_sufijo,81095.891696,2022;2023;2024;2025;2026;2027;2028;2029;2030;2031;2032;2033;2034;2035;2036;2037;2038;2039;2040;2041;2042;2043;2044;2045;2046;2047;2048;2049;2050;2051;2052;2053;2054
IN,TotalTechnologyAnnualActivityUpperLimit,TECHNOLOGY,DEMRESELCFAN_HIG_URB,IN_DEMRESELCFAN_HIG,colapso_sin_sufijo,14676.669304,2022;2023;2024;2025;2026;2027;2028;2029;2030;2031;2032;2033;2034;2035;2036;2037;2038;2039;2040;2041;2042;2043;2044;2045;2046;2047;2048;2049;2050;2051;2052;2053;2054
SE,TotalTechnologyAnnualActivityUpperLimit,TECHNOLOGY,DEMRESELCFAN_HIG_URB,SE_DEMRESELCFAN_HIG,colapso_sin_sufijo,18765.747147,2022;2023;2024;2025;2026;2027;2028;2029;2030;2031;2032;2033;2034;2035;2036;2037;2038;2039;2040;2041;2042;2043;2044;2045;2046;2047;2048;2049;2050;2051;2052;2053;2054
SE,TotalTechnologyAnnualActivityUpperLimit,TECHNOLOGY,DEMRESELCFAN_LOW_RUR,SE_DEMRESELCFAN_LOW,colapso_sin_sufijo,81095.891696,2022;2023;2024;2025;2026;2027;2028;2029;2030;2031;2032;2033;2034;2035;2036;2037;2038;2039;2040;2041;2042;2043;2044;2045;2046;2047;2048;2049;2050;2051;2052;2053;2054
IN,TotalTechnologyAnnualActivityUpperLimit,TECHNOLOGY,DEMRESELCFAN_LOW_URB,IN_DEMRESELCFAN_LOW,colapso_sin_sufijo,14676.669304,2022;2023;2024;2025;2026;2027;2028;2029;2030;2031;2032;2033;2034;2035;2036;2037;2038;2039;2040;2041;2042;2043;2044;2045;2046;2047;2048;2049;2050;2051;2052;2053;2054
SE,TotalTechnologyAnnualActivityUpperLimit,TECHNOLOGY,DEMRESELCFAN_LOW_URB,SE_DEMRESELCFAN_LOW,colapso_sin_sufijo,18765.747147,2022;2023;2024;2025;2026;2027;2028;2029;2030;2031;2032;2033;2034;2035;2036;2037;2038;2039;2040;2041;2042;2043;2044;2045;2046;2047;2048;2049;2050;2051;2052;2053;2054
SE,TotalTechnologyAnnualActivityUpperLimit,TECHNOLOGY,DEMRESELCFAN_MID_RUR,SE_DEMRESELCFAN_MID,colapso_sin_sufijo,81095.891696,2022;2023;2024;2025;2026;2027;2028;2029;2030;2031;2032;2033;2034;2035;2036;2037;2038;2039;2040;2041;2042;2043;2044;2045;2046;2047;2048;2049;2050;2051;2052;2053;2054
IN,TotalTechnologyAnnualActivityUpperLimit,TECHNOLOGY,DEMRESELCFAN_MID_URB,IN_DEMRESELCFAN_MID,colapso_sin_sufijo,14676.669304,2022;2023;2024;2025;2026;2027;2028;2029;2030;2031;2032;2033;2034;2035;2036;2037;2038;2039;2040;2041;2042;2043;2044;2045;2046;2047;2048;2049;2050;2051;2052;2053;2054
SE,TotalTechnologyAnnualActivityUpperLimit,TECHNOLOGY,DEMRESELCFAN_MID_URB,SE_DEMRESELCFAN_MID,colapso_sin_sufijo,18765.747147,2022;2023;2024;2025;2026;2027;2028;2029;2030;2031;2032;2033;2034;2035;2036;2037;2038;2039;2040;2041;2042;2043;2044;2045;2046;2047;2048;2049;2050;2051;2052;2053;2054
IN,TotalTechnologyAnnualActivityUpperLimit,TECHNOLOGY,DEMRESELCILU_HIG_RUR,IN_DEMRESELCOTH_HIG,redirigir_electrica_DEMRESELCOTH,111546.428992,2022;2023;2024;2025;2026;2027;2028;2029;2030;2031;2032;2033;2034;2035;2036;2037;2038;2039;2040;2041;2042;2043;2044;2045;2046;2047;2048;2049;2050;2051;2052;2053;2054
SE,TotalTechnologyAnnualActivityUpperLimit,TECHNOLOGY,DEMRESELCILU_HIG_RUR,SE_DEMRESELCOTH_HIG,redirigir_electrica_DEMRESELCOTH,47620.470605,2022;2023;2024;2025;2026;2027;2028;2029;2030;2031;2032;2033;2034;2035;2036;2037;2038;2039;2040;2041;2042;2043;2044;2045;2046;2047;2048;2049;2050;2051;2052;2053;2054
IN,TotalTechnologyAnnualActivityUpperLimit,TECHNOLOGY,DEMRESELCILU_INC_URB,IN_DEMRESELCOTH_MID,redirigir_electrica_DEMRESELCOTH,699.398924,2022;2023;2024
SE,TotalTechnologyAnnualActivityUpperLimit,TECHNOLOGY,DEMRESELCILU_INC_URB,SE_DEMRESELCOTH_MID,redirigir_electrica_DEMRESELCOTH,164.552177,2022;2023;2024
IN,TotalTechnologyAnnualActivityUpperLimit,TECHNOLOGY,DEMRESELCILU_LFC_URB,IN_DEMRESELCOTH_MID,redirigir_electrica_DEMRESELCOTH,3022.077331,2022;2023;2024;2025;2026;2027;2028;2029;2030;2031;2032;2033;2034
SE,TotalTechnologyAnnualActivityUpperLimit,TECHNOLOGY,DEMRESELCILU_LFC_URB,SE_DEMRESELCOTH_MID,redirigir_electrica_DEMRESELCOTH,768.039672,2022;2023;2024;2025;2026;2027;2028;2029;2030;2031;2032;2033;2034
IN,TotalTechnologyAnnualActivityUpperLimit,TECHNOLOGY,DEMRESELCILU_LOW_RUR,IN_DEMRESELCOTH_LOW,redirigir_electrica_DEMRESELCOTH,111546.428992,2022;2023;2024;2025;2026;2027;2028;2029;2030;2031;2032;2033;2034;2035;2036;2037;2038;2039;2040;2041;2042;2043;2044;2045;2046;2047;2048;2049;2050;2051;2052;2053;2054
SE,TotalTechnologyAnnualActivityUpperLimit,TECHNOLOGY,DEMRESELCILU_LOW_RUR,SE_DEMRESELCOTH_LOW,redirigir_electrica_DEMRESELCOTH,47620.470605,2022;2023;2024;2025;2026;2027;2028;2029;2030;2031;2032;2033;2034;2035;2036;2037;2038;2039;2040;2041;2042;2043;2044;2045;2046;2047;2048;2049;2050;2051;2052;2053;2054
IN,TotalTechnologyAnnualActivityUpperLimit,TECHNOLOGY,DEMRESELCILU_MID_RUR,IN_DEMRESELCOTH_MID,redirigir_electrica_DEMRESELCOTH,111546.428992,2022;2023;2024;2025;2026;2027;2028;2029;2030;2031;2032;2033;2034;2035;2036;2037;2038;2039;2040;2041;2042;2043;2044;2045;2046;2047;2048;2049;2050;2051;2052;2053;2054
SE,TotalTechnologyAnnualActivityUpperLimit,TECHNOLOGY,DEMRESELCILU_MID_RUR,SE_DEMRESELCOTH_MID,redirigir_electrica_DEMRESELCOTH,47620.470605,2022;2023;2024;2025;2026;2027;2028;2029;2030;2031;2032;2033;2034;2035;2036;2037;2038;2039;2040;2041;2042;2043;2044;2045;2046;2047;2048;2049;2050;2051;2052;2053;2054
IN,TotalTechnologyAnnualActivityUpperLimit,TECHNOLOGY,DEMRESELCOTH_HIG_RUR,IN_DEMRESELCOTH_HIG,colapso_sin_sufijo,78694.913797,2022;2023;2024;2025;2026;2027;2028;2029;2030;2031;2032;2033;2034;2035;2036;2037;2038;2039;2040;2041;2042;2043;2044;2045;2046;2047;2048;2049;2050;2051;2052;2053;2054
SE,TotalTechnologyAnnualActivityUpperLimit,TECHNOLOGY,DEMRESELCOTH_HIG_RUR,SE_DEMRESELCOTH_HIG,colapso_sin_sufijo,124682.49243,2022;2023;2024;2025;2026;2027;2028;2029;2030;2031;2032;2033;2034;2035;2036;2037;2038;2039;2040;2041;2042;2043;2044;2045;2046;2047;2048;2049;2050;2051;2052;2053;2054
IN,TotalTechnologyAnnualActivityUpperLimit,TECHNOLOGY,DEMRESELCOTH_HIG_URB,IN_DEMRESELCOTH_HIG,colapso_sin_sufijo,7170.769064,2022;2023;2024;2025;2026;2027;2028;2029;2030;2031;2032;2033;2034;2035;2036;2037;2038;2039;2040;2041;2042;2043;2044;2045;2046;2047;2048;2049;2050;2051;2052;2053;2054
SE,TotalTechnologyAnnualActivityUpperLimit,TECHNOLOGY,DEMRESELCOTH_HIG_URB,SE_DEMRESELCOTH_HIG,colapso_sin_sufijo,421.54902,2022;2023;2024;2025;2026;2027;2028;2029;2030;2031;2032;2033;2034;2035;2036;2037;2038;2039;2040;2041;2042;2043;2044;2045;2046;2047;2048;2049;2050;2051;2052;2053;2054
IN,TotalTechnologyAnnualActivityUpperLimit,TECHNOLOGY,DEMRESELCOTH_LOW_RUR,IN_DEMRESELCOTH_LOW,colapso_sin_sufijo,78694.913797,2022;2023;2024;2025;2026;2027;2028;2029;2030;2031;2032;2033;2034;2035;2036;2037;2038;2039;2040;2041;2042;2043;2044;2045;2046;2047;2048;2049;2050;2051;2052;2053;2054
SE,TotalTechnologyAnnualActivityUpperLimit,TECHNOLOGY,DEMRESELCOTH_LOW_RUR,SE_DEMRESELCOTH_LOW,colapso_sin_sufijo,124682.49243,2022;2023;2024;2025;2026;2027;2028;2029;2030;2031;2032;2033;2034;2035;2036;2037;2038;2039;2040;2041;2042;2043;2044;2045;2046;2047;2048;2049;2050;2051;2052;2053;2054
IN,TotalTechnologyAnnualActivityUpperLimit,TECHNOLOGY,DEMRESELCOTH_LOW_URB,IN_DEMRESELCOTH_LOW,colapso_sin_sufijo,7170.769064,2022;2023;2024;2025;2026;2027;2028;2029;2030;2031;2032;2033;2034;2035;2036;2037;2038;2039;2040;2041;2042;2043;2044;2045;2046;2047;2048;2049;2050;2051;2052;2053;2054
SE,TotalTechnologyAnnualActivityUpperLimit,TECHNOLOGY,DEMRESELCOTH_LOW_URB,SE_DEMRESELCOTH_LOW,colapso_sin_sufijo,421.54902,2022;2023;2024;2025;2026;2027;2028;2029;2030;2031;2032;2033;2034;2035;2036;2037;2038;2039;2040;2041;2042;2043;2044;2045;2046;2047;2048;2049;2050;2051;2052;2053;2054
IN,TotalTechnologyAnnualActivityUpperLimit,TECHNOLOGY,DEMRESELCOTH_MID_RUR,IN_DEMRESELCOTH_MID,colapso_sin_sufijo,78694.913797,2022;2023;2024;2025;2026;2027;2028;2029;2030;2031;2032;2033;2034;2035;2036;2037;2038;2039;2040;2041;2042;2043;2044;2045;2046;2047;2048;2049;2050;2051;2052;2053;2054
SE,TotalTechnologyAnnualActivityUpperLimit,TECHNOLOGY,DEMRESELCOTH_MID_RUR,SE_DEMRESELCOTH_MID,colapso_sin_sufijo,124682.49243,2022;2023;2024;2025;2026;2027;2028;2029;2030;2031;2032;2033;2034;2035;2036;2037;2038;2039;2040;2041;2042;2043;2044;2045;2046;2047;2048;2049;2050;2051;2052;2053;2054
IN,TotalTechnologyAnnualActivityUpperLimit,TECHNOLOGY,DEMRESELCOTH_MID_URB,IN_DEMRESELCOTH_MID,colapso_sin_sufijo,7170.769064,2022;2023;2024;2025;2026;2027;2028;2029;2030;2031;2032;2033;2034;2035;2036;2037;2038;2039;2040;2041;2042;2043;2044;2045;2046;2047;2048;2049;2050;2051;2052;2053;2054
SE,TotalTechnologyAnnualActivityUpperLimit,TECHNOLOGY,DEMRESELCOTH_MID_URB,SE_DEMRESELCOTH_MID,colapso_sin_sufijo,421.54902,2022;2023;2024;2025;2026;2027;2028;2029;2030;2031;2032;2033;2034;2035;2036;2037;2038;2039;2040;2041;2042;2043;2044;2045;2046;2047;2048;2049;2050;2051;2052;2053;2054
SE,TotalTechnologyAnnualActivityUpperLimit,TECHNOLOGY,DEMRESELCREF_HIG_RUR,SE_DEMRESELCREF_HIG,colapso_sin_sufijo,32994.16041,2022;2023;2024;2025;2026;2027;2028;2029;2030;2031;2032;2033;2034;2035;2036;2037;2038;2039;2040;2041;2042;2043;2044;2045;2046;2047;2048;2049;2050;2051;2052;2053;2054
IN,TotalTechnologyAnnualActivityUpperLimit,TECHNOLOGY,DEMRESELCREF_HIG_URB,IN_DEMRESELCREF_HIG,colapso_sin_sufijo,7420.96131,2022;2023;2024;2025;2026;2027;2028;2029;2030;2031;2032;2033;2034;2035;2036;2037;2038;2039;2040;2041;2042;2043;2044;2045;2046;2047;2048;2049;2050;2051;2052;2053;2054
SE,TotalTechnologyAnnualActivityUpperLimit,TECHNOLOGY,DEMRESELCREF_HIG_URB,SE_DEMRESELCREF_HIG,colapso_sin_sufijo,9573.98509,2022;2023;2024;2025;2026;2027;2028;2029;2030;2031;2032;2033;2034;2035;2036;2037;2038;2039;2040;2041;2042;2043;2044;2045;2046;2047;2048;2049;2050;2051;2052;2053;2054
SE,TotalTechnologyAnnualActivityUpperLimit,TECHNOLOGY,DEMRESELCREF_LOW_RUR,SE_DEMRESELCREF_LOW,colapso_sin_sufijo,32994.16041,2022;2023;2024;2025;2026;2027;2028;2029;2030;2031;2032;2033;2034;2035;2036;2037;2038;2039;2040;2041;2042;2043;2044;2045;2046;2047;2048;2049;2050;2051;2052;2053;2054
IN,TotalTechnologyAnnualActivityUpperLimit,TECHNOLOGY,DEMRESELCREF_LOW_URB,IN_DEMRESELCREF_LOW,colapso_sin_sufijo,7420.96131,2022;2023;2024;2025;2026;2027;2028;2029;2030;2031;2032;2033;2034;2035;2036;2037;2038;2039;2040;2041;2042;2043;2044;2045;2046;2047;2048;2049;2050;2051;2052;2053;2054
SE,TotalTechnologyAnnualActivityUpperLimit,TECHNOLOGY,DEMRESELCREF_LOW_URB,SE_DEMRESELCREF_LOW,colapso_sin_sufijo,9573.98509,2022;2023;2024;2025;2026;2027;2028;2029;2030;2031;2032;2033;2034;2035;2036;2037;2038;2039;2040;2041;2042;2043;2044;2045;2046;2047;2048;2049;2050;2051;2052;2053;2054
SE,TotalTechnologyAnnualActivityUpperLimit,TECHNOLOGY,DEMRESELCREF_MID_RUR,SE_DEMRESELCREF_MID,colapso_sin_sufijo,32994.16041,2022;2023;2024;2025;2026;2027;2028;2029;2030;2031;2032;2033;2034;2035;2036;2037;2038;2039;2040;2041;2042;2043;2044;2045;2046;2047;2048;2049;2050;2051;2052;2053;2054
IN,TotalTechnologyAnnualActivityUpperLimit,TECHNOLOGY,DEMRESELCREF_MID_URB,IN_DEMRESELCREF_MID,colapso_sin_sufijo,7420.96131,2022;2023;2024;2025;2026;2027;2028;2029;2030;2031;2032;2033;2034;2035;2036;2037;2038;2039;2040;2041;2042;2043;2044;2045;2046;2047;2048;2049;2050;2051;2052;2053;2054
SE,TotalTechnologyAnnualActivityUpperLimit,TECHNOLOGY,DEMRESELCREF_MID_URB,SE_DEMRESELCREF_MID,colapso_sin_sufijo,9573.98509,2022;2023;2024;2025;2026;2027;2028;2029;2030;2031;2032;2033;2034;2035;2036;2037;2038;2039;2040;2041;2042;2043;2044;2045;2046;2047;2048;2049;2050;2051;2052;2053;2054
SE,TotalTechnologyAnnualActivityUpperLimit,TECHNOLOGY,DEMRESELCTV_CRT_RUR,SE_DEMRESELCOTH_MID,redirigir_electrica_DEMRESELCOTH,21702.195626,2022;2023;2024;2025;2026;2027;2028;2029;2030;2031;2032;2033;2034;2035;2036;2037;2038;2039;2040;2041;2042;2043;2044;2045;2046;2047;2048;2049;2050;2051;2052;2053;2054
IN,TotalTechnologyAnnualActivityUpperLimit,TECHNOLOGY,DEMRESELCTV_CRT_URB,IN_DEMRESELCOTH_MID,redirigir_electrica_DEMRESELCOTH,3789.954617,2022;2023;2024;2025;2026;2027;2028;2029;2030;2031;2032;2033;2034;2035;2036;2037;2038;2039;2040;2041;2042;2043;2044;2045;2046;2047;2048;2049;2050;2051;2052;2053;2054
SE,TotalTechnologyAnnualActivityUpperLimit,TECHNOLOGY,DEMRESELCTV_CRT_URB,SE_DEMRESELCOTH_MID,redirigir_electrica_DEMRESELCOTH,943.615843,2022;2023;2024;2025;2026;2027;2028;2029;2030;2031;2032;2033;2034;2035;2036;2037;2038;2039;2040;2041;2042;2043;2044;2045;2046;2047;2048;2049;2050;2051;2052;2053;2054
SE,TotalTechnologyAnnualActivityUpperLimit,TECHNOLOGY,DEMRESELCTV_HIG_RUR,SE_DEMRESELCOTH_HIG,redirigir_electrica_DEMRESELCOTH,55121.491837,2022;2023;2024;2025;2026;2027;2028;2029;2030;2031;2032;2033;2034;2035;2036;2037;2038;2039;2040;2041;2042;2043;2044;2045;2046;2047;2048;2049;2050;2051;2052;2053;2054
IN,TotalTechnologyAnnualActivityUpperLimit,TECHNOLOGY,DEMRESELCTV_HIG_URB,IN_DEMRESELCOTH_HIG,redirigir_electrica_DEMRESELCOTH,8408.626598,2022;2023;2024;2025;2026;2027;2028;2029;2030;2031;2032;2033;2034;2035;2036;2037;2038;2039;2040;2041;2042;2043;2044;2045;2046;2047;2048;2049;2050;2051;2052;2053;2054
SE,TotalTechnologyAnnualActivityUpperLimit,TECHNOLOGY,DEMRESELCTV_HIG_URB,SE_DEMRESELCOTH_HIG,redirigir_electrica_DEMRESELCOTH,981.613639,2022;2023;2024;2025;2026;2027;2028;2029;2030;2031;2032;2033;2034;2035;2036;2037;2038;2039;2040;2041;2042;2043;2044;2045;2046;2047;2048;2049;2050;2051;2052;2053;2054
SE,TotalTechnologyAnnualActivityUpperLimit,TECHNOLOGY,DEMRESELCTV_LOW_RUR,SE_DEMRESELCOTH_LOW,redirigir_electrica_DEMRESELCOTH,55121.491837,2022;2023;2024;2025;2026;2027;2028;2029;2030;2031;2032;2033;2034;2035;2036;2037;2038;2039;2040;2041;2042;2043;2044;2045;2046;2047;2048;2049;2050;2051;2052;2053;2054
IN,TotalTechnologyAnnualActivityUpperLimit,TECHNOLOGY,DEMRESELCTV_LOW_URB,IN_DEMRESELCOTH_LOW,redirigir_electrica_DEMRESELCOTH,8408.626598,2022;2023;2024;2025;2026;2027;2028;2029;2030;2031;2032;2033;2034;2035;2036;2037;2038;2039;2040;2041;2042;2043;2044;2045;2046;2047;2048;2049;2050;2051;2052;2053;2054
SE,TotalTechnologyAnnualActivityUpperLimit,TECHNOLOGY,DEMRESELCTV_LOW_URB,SE_DEMRESELCOTH_LOW,redirigir_electrica_DEMRESELCOTH,981.613639,2022;2023;2024;2025;2026;2027;2028;2029;2030;2031;2032;2033;2034;2035;2036;2037;2038;2039;2040;2041;2042;2043;2044;2045;2046;2047;2048;2049;2050;2051;2052;2053;2054
SE,TotalTechnologyAnnualActivityUpperLimit,TECHNOLOGY,DEMRESELCTV_MID_RUR,SE_DEMRESELCOTH_MID,redirigir_electrica_DEMRESELCOTH,55121.491837,2022;2023;2024;2025;2026;2027;2028;2029;2030;2031;2032;2033;2034;2035;2036;2037;2038;2039;2040;2041;2042;2043;2044;2045;2046;2047;2048;2049;2050;2051;2052;2053;2054
IN,TotalTechnologyAnnualActivityUpperLimit,TECHNOLOGY,DEMRESELCTV_MID_URB,IN_DEMRESELCOTH_MID,redirigir_electrica_DEMRESELCOTH,8408.626598,2022;2023;2024;2025;2026;2027;2028;2029;2030;2031;2032;2033;2034;2035;2036;2037;2038;2039;2040;2041;2042;2043;2044;2045;2046;2047;2048;2049;2050;2051;2052;2053;2054
SE,TotalTechnologyAnnualActivityUpperLimit,TECHNOLOGY,DEMRESELCTV_MID_URB,SE_DEMRESELCOTH_MID,redirigir_electrica_DEMRESELCOTH,981.613639,2022;2023;2024;2025;2026;2027;2028;2029;2030;2031;2032;2033;2034;2035;2036;2037;2038;2039;2040;2041;2042;2043;2044;2045;2046;2047;2048;2049;2050;2051;2052;2053;2054
SE,TotalTechnologyAnnualActivityUpperLimit,TECHNOLOGY,DEMRESELCWHT_DUC_HIG_RUR,SE_DEMRESELCOTH_HIG,redirigir_electrica_DEMRESELCOTH,1595.765791,2022;2023;2024;2025;2026;2027;2028;2029;2030;2031;2032;2033;2034;2035;2036;2037;2038;2039;2040;2041;2042;2043;2044;2045;2046;2047;2048;2049;2050;2051;2052;2053;2054
IN,TotalTechnologyAnnualActivityUpperLimit,TECHNOLOGY,DEMRESELCWHT_DUC_HIG_URB,IN_DEMRESELCOTH_HIG,redirigir_electrica_DEMRESELCOTH,2892.100337,2022;2023;2024;2025;2026;2027;2028;2029;2030;2031;2032;2033;2034;2035;2036;2037;2038;2039;2040;2041;2042;2043;2044;2045;2046;2047;2048;2049;2050;2051;2052;2053;2054
SE,TotalTechnologyAnnualActivityUpperLimit,TECHNOLOGY,DEMRESELCWHT_DUC_HIG_URB,SE_DEMRESELCOTH_HIG,redirigir_electrica_DEMRESELCOTH,575.91926,2022;2023;2024;2025;2026;2027;2028;2029;2030;2031;2032;2033;2034;2035;2036;2037;2038;2039;2040;2041;2042;2043;2044;2045;2046;2047;2048;2049;2050;2051;2052;2053;2054
SE,TotalTechnologyAnnualActivityUpperLimit,TECHNOLOGY,DEMRESELCWHT_DUC_LOW_RUR,SE_DEMRESELCOTH_LOW,redirigir_electrica_DEMRESELCOTH,1595.765791,2022;2023;2024;2025;2026;2027;2028;2029;2030;2031;2032;2033;2034;2035;2036;2037;2038;2039;2040;2041;2042;2043;2044;2045;2046;2047;2048;2049;2050;2051;2052;2053;2054
IN,TotalTechnologyAnnualActivityUpperLimit,TECHNOLOGY,DEMRESELCWHT_DUC_LOW_URB,IN_DEMRESELCOTH_LOW,redirigir_electrica_DEMRESELCOTH,2892.100337,2022;2023;2024;2025;2026;2027;2028;2029;2030;2031;2032;2033;2034;2035;2036;2037;2038;2039;2040;2041;2042;2043;2044;2045;2046;2047;2048;2049;2050;2051;2052;2053;2054
SE,TotalTechnologyAnnualActivityUpperLimit,TECHNOLOGY,DEMRESELCWHT_DUC_LOW_URB,SE_DEMRESELCOTH_LOW,redirigir_electrica_DEMRESELCOTH,575.91926,2022;2023;2024;2025;2026;2027;2028;2029;2030;2031;2032;2033;2034;2035;2036;2037;2038;2039;2040;2041;2042;2043;2044;2045;2046;2047;2048;2049;2050;2051;2052;2053;2054
SE,TotalTechnologyAnnualActivityUpperLimit,TECHNOLOGY,DEMRESELCWHT_DUC_MID_RUR,SE_DEMRESELCOTH_MID,redirigir_electrica_DEMRESELCOTH,1595.765791,2022;2023;2024;2025;2026;2027;2028;2029;2030;2031;2032;2033;2034;2035;2036;2037;2038;2039;2040;2041;2042;2043;2044;2045;2046;2047;2048;2049;2050;2051;2052;2053;2054
IN,TotalTechnologyAnnualActivityUpperLimit,TECHNOLOGY,DEMRESELCWHT_DUC_MID_URB,IN_DEMRESELCOTH_MID,redirigir_electrica_DEMRESELCOTH,2892.100337,2022;2023;2024;2025;2026;2027;2028;2029;2030;2031;2032;2033;2034;2035;2036;2037;2038;2039;2040;2041;2042;2043;2044;2045;2046;2047;2048;2049;2050;2051;2052;2053;2054
SE,TotalTechnologyAnnualActivityUpperLimit,TECHNOLOGY,DEMRESELCWHT_DUC_MID_URB,SE_DEMRESELCOTH_MID,redirigir_electrica_DEMRESELCOTH,575.91926,2022;2023;2024;2025;2026;2027;2028;2029;2030;2031;2032;2033;2034;2035;2036;2037;2038;2039;2040;2041;2042;2043;2044;2045;2046;2047;2048;2049;2050;2051;2052;2053;2054
SE,TotalTechnologyAnnualActivityUpperLimit,TECHNOLOGY,DEMRESELCWHT_PAS_HIG_RUR,SE_DEMRESELCOTH_HIG,redirigir_electrica_DEMRESELCOTH,1595.765791,2022;2023;2024;2025;2026;2027;2028;2029;2030;2031;2032;2033;2034;2035;2036;2037;2038;2039;2040;2041;2042;2043;2044;2045;2046;2047;2048;2049;2050;2051;2052;2053;2054
IN,TotalTechnologyAnnualActivityUpperLimit,TECHNOLOGY,DEMRESELCWHT_PAS_HIG_URB,IN_DEMRESELCOTH_HIG,redirigir_electrica_DEMRESELCOTH,2892.100337,2022;2023;2024;2025;2026;2027;2028;2029;2030;2031;2032;2033;2034;2035;2036;2037;2038;2039;2040;2041;2042;2043;2044;2045;2046;2047;2048;2049;2050;2051;2052;2053;2054
SE,TotalTechnologyAnnualActivityUpperLimit,TECHNOLOGY,DEMRESELCWHT_PAS_HIG_URB,SE_DEMRESELCOTH_HIG,redirigir_electrica_DEMRESELCOTH,575.91926,2022;2023;2024;2025;2026;2027;2028;2029;2030;2031;2032;2033;2034;2035;2036;2037;2038;2039;2040;2041;2042;2043;2044;2045;2046;2047;2048;2049;2050;2051;2052;2053;2054
SE,TotalTechnologyAnnualActivityUpperLimit,TECHNOLOGY,DEMRESELCWHT_PAS_LOW_RUR,SE_DEMRESELCOTH_LOW,redirigir_electrica_DEMRESELCOTH,1595.765791,2022;2023;2024;2025;2026;2027;2028;2029;2030;2031;2032;2033;2034;2035;2036;2037;2038;2039;2040;2041;2042;2043;2044;2045;2046;2047;2048;2049;2050;2051;2052;2053;2054
IN,TotalTechnologyAnnualActivityUpperLimit,TECHNOLOGY,DEMRESELCWHT_PAS_LOW_URB,IN_DEMRESELCOTH_LOW,redirigir_electrica_DEMRESELCOTH,2892.100337,2022;2023;2024;2025;2026;2027;2028;2029;2030;2031;2032;2033;2034;2035;2036;2037;2038;2039;2040;2041;2042;2043;2044;2045;2046;2047;2048;2049;2050;2051;2052;2053;2054
SE,TotalTechnologyAnnualActivityUpperLimit,TECHNOLOGY,DEMRESELCWHT_PAS_LOW_URB,SE_DEMRESELCOTH_LOW,redirigir_electrica_DEMRESELCOTH,575.91926,2022;2023;2024;2025;2026;2027;2028;2029;2030;2031;2032;2033;2034;2035;2036;2037;2038;2039;2040;2041;2042;2043;2044;2045;2046;2047;2048;2049;2050;2051;2052;2053;2054
SE,TotalTechnologyAnnualActivityUpperLimit,TECHNOLOGY,DEMRESELCWHT_PAS_MID_RUR,SE_DEMRESELCOTH_MID,redirigir_electrica_DEMRESELCOTH,1595.765791,2022;2023;2024;2025;2026;2027;2028;2029;2030;2031;2032;2033;2034;2035;2036;2037;2038;2039;2040;2041;2042;2043;2044;2045;2046;2047;2048;2049;2050;2051;2052;2053;2054
IN,TotalTechnologyAnnualActivityUpperLimit,TECHNOLOGY,DEMRESELCWHT_PAS_MID_URB,IN_DEMRESELCOTH_MID,redirigir_electrica_DEMRESELCOTH,2892.100337,2022;2023;2024;2025;2026;2027;2028;2029;2030;2031;2032;2033;2034;2035;2036;2037;2038;2039;2040;2041;2042;2043;2044;2045;2046;2047;2048;2049;2050;2051;2052;2053;2054
SE,TotalTechnologyAnnualActivityUpperLimit,TECHNOLOGY,DEMRESELCWHT_PAS_MID_URB,SE_DEMRESELCOTH_MID,redirigir_electrica_DEMRESELCOTH,575.91926,2022;2023;2024;2025;2026;2027;2028;2029;2030;2031;2032;2033;2034;2035;2036;2037;2038;2039;2040;2041;2042;2043;2044;2045;2046;2047;2048;2049;2050;2051;2052;2053;2054
IN,TotalTechnologyAnnualActivityUpperLimit,TECHNOLOGY,DEMRESELCWHT_TAN_HIG_RUR,IN_DEMRESELCOTH_HIG,redirigir_electrica_DEMRESELCOTH,2892.100337,2022;2023;2024;2025;2026;2027;2028;2029;2030;2031;2032;2033;2034;2035;2036;2037;2038;2039;2040;2041;2042;2043;2044;2045;2046;2047;2048;2049;2050;2051;2052;2053;2054
SE,TotalTechnologyAnnualActivityUpperLimit,TECHNOLOGY,DEMRESELCWHT_TAN_HIG_RUR,SE_DEMRESELCOTH_HIG,redirigir_electrica_DEMRESELCOTH,575.91926,2022;2023;2024;2025;2026;2027;2028;2029;2030;2031;2032;2033;2034;2035;2036;2037;2038;2039;2040;2041;2042;2043;2044;2045;2046;2047;2048;2049;2050;2051;2052;2053;2054
IN,TotalTechnologyAnnualActivityUpperLimit,TECHNOLOGY,DEMRESELCWHT_TAN_HIG_URB,IN_DEMRESELCOTH_HIG,redirigir_electrica_DEMRESELCOTH,2892.100337,2022;2023;2024;2025;2026;2027;2028;2029;2030;2031;2032;2033;2034;2035;2036;2037;2038;2039;2040;2041;2042;2043;2044;2045;2046;2047;2048;2049;2050;2051;2052;2053;2054
SE,TotalTechnologyAnnualActivityUpperLimit,TECHNOLOGY,DEMRESELCWHT_TAN_HIG_URB,SE_DEMRESELCOTH_HIG,redirigir_electrica_DEMRESELCOTH,575.91926,2022;2023;2024;2025;2026;2027;2028;2029;2030;2031;2032;2033;2034;2035;2036;2037;2038;2039;2040;2041;2042;2043;2044;2045;2046;2047;2048;2049;2050;2051;2052;2053;2054
IN,TotalTechnologyAnnualActivityUpperLimit,TECHNOLOGY,DEMRESELCWHT_TAN_LOW_RUR,IN_DEMRESELCOTH_LOW,redirigir_electrica_DEMRESELCOTH,2892.100337,2022;2023;2024;2025;2026;2027;2028;2029;2030;2031;2032;2033;2034;2035;2036;2037;2038;2039;2040;2041;2042;2043;2044;2045;2046;2047;2048;2049;2050;2051;2052;2053;2054
SE,TotalTechnologyAnnualActivityUpperLimit,TECHNOLOGY,DEMRESELCWHT_TAN_LOW_RUR,SE_DEMRESELCOTH_LOW,redirigir_electrica_DEMRESELCOTH,575.91926,2022;2023;2024;2025;2026;2027;2028;2029;2030;2031;2032;2033;2034;2035;2036;2037;2038;2039;2040;2041;2042;2043;2044;2045;2046;2047;2048;2049;2050;2051;2052;2053;2054
IN,TotalTechnologyAnnualActivityUpperLimit,TECHNOLOGY,DEMRESELCWHT_TAN_LOW_URB,IN_DEMRESELCOTH_LOW,redirigir_electrica_DEMRESELCOTH,2892.100337,2022;2023;2024;2025;2026;2027;2028;2029;2030;2031;2032;2033;2034;2035;2036;2037;2038;2039;2040;2041;2042;2043;2044;2045;2046;2047;2048;2049;2050;2051;2052;2053;2054
SE,TotalTechnologyAnnualActivityUpperLimit,TECHNOLOGY,DEMRESELCWHT_TAN_LOW_URB,SE_DEMRESELCOTH_LOW,redirigir_electrica_DEMRESELCOTH,575.91926,2022;2023;2024;2025;2026;2027;2028;2029;2030;2031;2032;2033;2034;2035;2036;2037;2038;2039;2040;2041;2042;2043;2044;2045;2046;2047;2048;2049;2050;2051;2052;2053;2054
IN,TotalTechnologyAnnualActivityUpperLimit,TECHNOLOGY,DEMRESELCWHT_TAN_MID_RUR,IN_DEMRESELCOTH_MID,redirigir_electrica_DEMRESELCOTH,2892.100337,2022;2023;2024;2025;2026;2027;2028;2029;2030;2031;2032;2033;2034;2035;2036;2037;2038;2039;2040;2041;2042;2043;2044;2045;2046;2047;2048;2049;2050;2051;2052;2053;2054
SE,TotalTechnologyAnnualActivityUpperLimit,TECHNOLOGY,DEMRESELCWHT_TAN_MID_RUR,SE_DEMRESELCOTH_MID,redirigir_electrica_DEMRESELCOTH,575.91926,2022;2023;2024;2025;2026;2027;2028;2029;2030;2031;2032;2033;2034;2035;2036;2037;2038;2039;2040;2041;2042;2043;2044;2045;2046;2047;2048;2049;2050;2051;2052;2053;2054
IN,TotalTechnologyAnnualActivityUpperLimit,TECHNOLOGY,DEMRESELCWHT_TAN_MID_URB,IN_DEMRESELCOTH_MID,redirigir_electrica_DEMRESELCOTH,2892.100337,2022;2023;2024;2025;2026;2027;2028;2029;2030;2031;2032;2033;2034;2035;2036;2037;2038;2039;2040;2041;2042;2043;2044;2045;2046;2047;2048;2049;2050;2051;2052;2053;2054
SE,TotalTechnologyAnnualActivityUpperLimit,TECHNOLOGY,DEMRESELCWHT_TAN_MID_URB,SE_DEMRESELCOTH_MID,redirigir_electrica_DEMRESELCOTH,575.91926,2022;2023;2024;2025;2026;2027;2028;2029;2030;2031;2032;2033;2034;2035;2036;2037;2038;2039;2040;2041;2042;2043;2044;2045;2046;2047;2048;2049;2050;2051;2052;2053;2054
SE,TotalTechnologyAnnualActivityUpperLimit,TECHNOLOGY,DEMRESELCWSH_HIG_RUR,SE_DEMRESELCOTH_HIG,redirigir_electrica_DEMRESELCOTH,11742.41996,2022;2023;2024;2025;2026;2027;2028;2029;2030;2031;2032;2033;2034;2035;2036;2037;2038;2039;2040;2041;2042;2043;2044;2045;2046;2047;2048;2049;2050;2051;2052;2053;2054
IN,TotalTechnologyAnnualActivityUpperLimit,TECHNOLOGY,DEMRESELCWSH_HIG_URB,IN_DEMRESELCOTH_HIG,redirigir_electrica_DEMRESELCOTH,8558.648712,2022;2023;2024;2025;2026;2027;2028;2029;2030;2031;2032;2033;2034;2035;2036;2037;2038;2039;2040;2041;2042;2043;2044;2045;2046;2047;2048;2049;2050;2051;2052;2053;2054
SE,TotalTechnologyAnnualActivityUpperLimit,TECHNOLOGY,DEMRESELCWSH_HIG_URB,SE_DEMRESELCOTH_HIG,redirigir_electrica_DEMRESELCOTH,6702.28083,2022;2023;2024;2025;2026;2027;2028;2029;2030;2031;2032;2033;2034;2035;2036;2037;2038;2039;2040;2041;2042;2043;2044;2045;2046;2047;2048;2049;2050;2051;2052;2053;2054
SE,TotalTechnologyAnnualActivityUpperLimit,TECHNOLOGY,DEMRESELCWSH_LOW_RUR,SE_DEMRESELCOTH_LOW,redirigir_electrica_DEMRESELCOTH,11742.41996,2022;2023;2024;2025;2026;2027;2028;2029;2030;2031;2032;2033;2034;2035;2036;2037;2038;2039;2040;2041;2042;2043;2044;2045;2046;2047;2048;2049;2050;2051;2052;2053;2054
IN,TotalTechnologyAnnualActivityUpperLimit,TECHNOLOGY,DEMRESELCWSH_LOW_URB,IN_DEMRESELCOTH_LOW,redirigir_electrica_DEMRESELCOTH,8558.648712,2022;2023;2024;2025;2026;2027;2028;2029;2030;2031;2032;2033;2034;2035;2036;2037;2038;2039;2040;2041;2042;2043;2044;2045;2046;2047;2048;2049;2050;2051;2052;2053;2054
SE,TotalTechnologyAnnualActivityUpperLimit,TECHNOLOGY,DEMRESELCWSH_LOW_URB,SE_DEMRESELCOTH_LOW,redirigir_electrica_DEMRESELCOTH,6702.28083,2022;2023;2024;2025;2026;2027;2028;2029;2030;2031;2032;2033;2034;2035;2036;2037;2038;2039;2040;2041;2042;2043;2044;2045;2046;2047;2048;2049;2050;2051;2052;2053;2054
SE,TotalTechnologyAnnualActivityUpperLimit,TECHNOLOGY,DEMRESELCWSH_MID_RUR,SE_DEMRESELCOTH_MID,redirigir_electrica_DEMRESELCOTH,11742.41996,2022;2023;2024;2025;2026;2027;2028;2029;2030;2031;2032;2033;2034;2035;2036;2037;2038;2039;2040;2041;2042;2043;2044;2045;2046;2047;2048;2049;2050;2051;2052;2053;2054
IN,TotalTechnologyAnnualActivityUpperLimit,TECHNOLOGY,DEMRESELCWSH_MID_URB,IN_DEMRESELCOTH_MID,redirigir_electrica_DEMRESELCOTH,8558.648712,2022;2023;2024;2025;2026;2027;2028;2029;2030;2031;2032;2033;2034;2035;2036;2037;2038;2039;2040;2041;2042;2043;2044;2045;2046;2047;2048;2049;2050;2051;2052;2053;2054
SE,TotalTechnologyAnnualActivityUpperLimit,TECHNOLOGY,DEMRESELCWSH_MID_URB,SE_DEMRESELCOTH_MID,redirigir_electrica_DEMRESELCOTH,6702.28083,2022;2023;2024;2025;2026;2027;2028;2029;2030;2031;2032;2033;2034;2035;2036;2037;2038;2039;2040;2041;2042;2043;2044;2045;2046;2047;2048;2049;2050;2051;2052;2053;2054
SE,TotalTechnologyAnnualActivityUpperLimit,TECHNOLOGY,DEMRESLPGCKN_HIG_RUR,SE_DEMRESLPGCKN_HIG,colapso_sin_sufijo,7277.577449,2022;2023;2024;2025;2026;2027;2028;2029;2030;2031;2032;2033;2034;2035;2036;2037;2038;2039;2040;2041;2042;2043;2044;2045;2046;2047;2048;2049;2050;2051;2052;2053;2054
IN,TotalTechnologyAnnualActivityUpperLimit,TECHNOLOGY,DEMRESLPGCKN_HIG_URB,IN_DEMRESLPGCKN_HIG,colapso_sin_sufijo,54457.210199,2022;2023;2024;2025;2026;2027;2028;2029;2030;2031;2032;2033;2034;2035;2036;2037;2038;2039;2040;2041;2042;2043;2044;2045;2046;2047;2048;2049;2050;2051;2052;2053;2054
SE,TotalTechnologyAnnualActivityUpperLimit,TECHNOLOGY,DEMRESLPGCKN_HIG_URB,SE_DEMRESLPGCKN_HIG,colapso_sin_sufijo,22771.669286,2022;2023;2024;2025;2026;2027;2028;2029;2030;2031;2032;2033;2034;2035;2036;2037;2038;2039;2040;2041;2042;2043;2044;2045;2046;2047;2048;2049;2050;2051;2052;2053;2054
SE,TotalTechnologyAnnualActivityUpperLimit,TECHNOLOGY,DEMRESLPGCKN_LOW_RUR,SE_DEMRESLPGCKN_LOW,colapso_sin_sufijo,7277.577449,2022;2023;2024;2025;2026;2027;2028;2029;2030;2031;2032;2033;2034;2035;2036;2037;2038;2039;2040;2041;2042;2043;2044;2045;2046;2047;2048;2049;2050;2051;2052;2053;2054
IN,TotalTechnologyAnnualActivityUpperLimit,TECHNOLOGY,DEMRESLPGCKN_LOW_URB,IN_DEMRESLPGCKN_LOW,colapso_sin_sufijo,54457.210199,2022;2023;2024;2025;2026;2027;2028;2029;2030;2031;2032;2033;2034;2035;2036;2037;2038;2039;2040;2041;2042;2043;2044;2045;2046;2047;2048;2049;2050;2051;2052;2053;2054
SE,TotalTechnologyAnnualActivityUpperLimit,TECHNOLOGY,DEMRESLPGCKN_LOW_URB,SE_DEMRESLPGCKN_LOW,colapso_sin_sufijo,22771.669286,2022;2023;2024;2025;2026;2027;2028;2029;2030;2031;2032;2033;2034;2035;2036;2037;2038;2039;2040;2041;2042;2043;2044;2045;2046;2047;2048;2049;2050;2051;2052;2053;2054
SE,TotalTechnologyAnnualActivityUpperLimit,TECHNOLOGY,DEMRESLPGCKN_MID_RUR,SE_DEMRESLPGCKN_MID,colapso_sin_sufijo,7277.577449,2022;2023;2024;2025;2026;2027;2028;2029;2030;2031;2032;2033;2034;2035;2036;2037;2038;2039;2040;2041;2042;2043;2044;2045;2046;2047;2048;2049;2050;2051;2052;2053;2054
IN,TotalTechnologyAnnualActivityUpperLimit,TECHNOLOGY,DEMRESLPGCKN_MID_URB,IN_DEMRESLPGCKN_MID,colapso_sin_sufijo,54457.210199,2022;2023;2024;2025;2026;2027;2028;2029;2030;2031;2032;2033;2034;2035;2036;2037;2038;2039;2040;2041;2042;2043;2044;2045;2046;2047;2048;2049;2050;2051;2052;2053;2054
SE,TotalTechnologyAnnualActivityUpperLimit,TECHNOLOGY,DEMRESLPGCKN_MID_URB,SE_DEMRESLPGCKN_MID,colapso_sin_sufijo,22771.669286,2022;2023;2024;2025;2026;2027;2028;2029;2030;2031;2032;2033;2034;2035;2036;2037;2038;2039;2040;2041;2042;2043;2044;2045;2046;2047;2048;2049;2050;2051;2052;2053;2054
SE,TotalTechnologyAnnualActivityUpperLimit,TECHNOLOGY,DEMRESWOOCKN_HIG_RUR,SE_DEMRESWOOCKN_HIG,colapso_sin_sufijo,8594.724893,2022;2023;2024;2025;2026;2027;2028;2029;2030;2031;2032;2033;2034;2035;2036;2037;2038;2039;2040;2041;2042;2043;2044;2045;2046;2047;2048;2049;2050;2051;2052;2053;2054
SE,TotalTechnologyAnnualActivityUpperLimit,TECHNOLOGY,DEMRESWOOCKN_HIG_URB,SE_DEMRESWOOCKN_HIG,colapso_sin_sufijo,104406.56662,2022;2023;2024;2025;2026;2027;2028;2029;2030;2031;2032;2033;2034;2035;2036;2037;2038;2039;2040;2041;2042;2043;2044;2045;2046;2047;2048;2049;2050;2051;2052;2053;2054
SE,TotalTechnologyAnnualActivityUpperLimit,TECHNOLOGY,DEMRESWOOCKN_LOW_RUR,SE_DEMRESWOOCKN_LOW,colapso_sin_sufijo,12065919.10616,2022;2023;2024;2025;2026;2027;2028;2029;2030;2031;2032;2033;2034;2035;2036;2037;2038;2039;2040;2041;2042;2043;2044;2045;2046;2047;2048;2049;2050;2051;2052;2053;2054
SE,TotalTechnologyAnnualActivityUpperLimit,TECHNOLOGY,DEMRESWOOCKN_LOW_URB,SE_DEMRESWOOCKN_LOW,colapso_sin_sufijo,79113.005016,2022;2023;2024;2025;2026;2027;2028;2029;2030;2031;2032;2033;2034;2035;2036;2037;2038;2039;2040;2041;2042;2043;2044;2045;2046;2047;2048;2049;2050;2051;2052;2053;2054
SE,TotalTechnologyAnnualActivityUpperLimit,TECHNOLOGY,DEMRESWOOCKN_MID_RUR,SE_DEMRESWOOCKN_MID,colapso_sin_sufijo,58941.692653,2022;2023;2024;2025;2026;2027;2028;2029;2030;2031;2032;2033;2034;2035;2036;2037;2038;2039;2040;2041;2042;2043;2044;2045;2046;2047;2048;2049;2050;2051;2052;2053;2054
SE,TotalTechnologyAnnualActivityUpperLimit,TECHNOLOGY,DEMRESWOOCKN_MID_URB,SE_DEMRESWOOCKN_MID,colapso_sin_sufijo,104406.127382,2022;2023;2024;2025;2026;2027;2028;2029;2030;2031;2032;2033;2034;2035;2036;2037;2038;2039;2040;2041;2042;2043;2044;2045;2046;2047;2048;2049;2050;2051;2052;2053;2054
SE,SpecifiedAnnualDemand,FUEL,RESCLIM_RUR,SE_RESCLIM,colapso_sin_sufijo,0.203098,2022;2023;2024;2025;2026;2027;2028;2029;2030;2031;2032;2033;2034;2035;2036;2037;2038;2039;2040;2041;2042;2043;2044;2045;2046;2047;2048;2049;2050;2051;2052;2053;2054
IN,SpecifiedAnnualDemand,FUEL,RESCLIM_URB,IN_RESCLIM,colapso_sin_sufijo,1.960757,2022;2023;2024;2025;2026;2027;2028;2029;2030;2031;2032;2033;2034;2035;2036;2037;2038;2039;2040;2041;2042;2043;2044;2045;2046;2047;2048;2049;2050;2051;2052;2053;2054
SE,SpecifiedAnnualDemand,FUEL,RESCLIM_URB,SE_RESCLIM,colapso_sin_sufijo,0.920835,2022;2023;2024;2025;2026;2027;2028;2029;2030;2031;2032;2033;2034;2035;2036;2037;2038;2039;2040;2041;2042;2043;2044;2045;2046;2047;2048;2049;2050;2051;2052;2053;2054
SE,SpecifiedAnnualDemand,FUEL,RESDHT_RUR,SE_RESDHT,colapso_sin_sufijo,21.02968,2022;2023;2024;2025;2026;2027;2028;2029;2030;2031;2032;2033;2034;2035;2036;2037;2038;2039;2040;2041;2042;2043;2044;2045;2046;2047;2048;2049;2050;2051;2052;2053;2054
IN,SpecifiedAnnualDemand,FUEL,RESDHT_URB,IN_RESDHT,colapso_sin_sufijo,3.262332,2022;2023;2024;2025;2026;2027;2028;2029;2030;2031;2032;2033;2034;2035;2036;2037;2038;2039;2040;2041;2042;2043;2044;2045;2046;2047;2048;2049;2050;2051;2052;2053;2054
SE,SpecifiedAnnualDemand,FUEL,RESDHT_URB,SE_RESDHT,colapso_sin_sufijo,6.655867,2022;2023;2024;2025;2026;2027;2028;2029;2030;2031;2032;2033;2034;2035;2036;2037;2038;2039;2040;2041;2042;2043;2044;2045;2046;2047;2048;2049;2050;2051;2052;2053;2054
IN,SpecifiedAnnualDemand,FUEL,RESILU_RUR,IN_RESOTH,agregar_fuel_RESOTH,0.249757,2022;2023;2024;2025;2026;2027;2028;2029;2030;2031;2032;2033;2034;2035;2036;2037;2038;2039;2040;2041;2042;2043;2044;2045;2046;2047;2048;2049;2050;2051;2052;2053;2054
SE,SpecifiedAnnualDemand,FUEL,RESILU_RUR,SE_RESOTH,agregar_fuel_RESOTH,0.118434,2022;2023;2024;2025;2026;2027;2028;2029;2030;2031;2032;2033;2034;2035;2036;2037;2038;2039;2040;2041;2042;2043;2044;2045;2046;2047;2048;2049;2050;2051;2052;2053;2054
IN,SpecifiedAnnualDemand,FUEL,RESILU_URB,IN_RESOTH,agregar_fuel_RESOTH,0.107275,2022;2023;2024;2025;2026;2027;2028;2029;2030;2031;2032;2033;2034;2035;2036;2037;2038;2039;2040;2041;2042;2043;2044;2045;2046;2047;2048;2049;2050;2051;2052;2053;2054
SE,SpecifiedAnnualDemand,FUEL,RESILU_URB,SE_RESOTH,agregar_fuel_RESOTH,0.03119,2022;2023;2024;2025;2026;2027;2028;2029;2030;2031;2032;2033;2034;2035;2036;2037;2038;2039;2040;2041;2042;2043;2044;2045;2046;2047;2048;2049;2050;2051;2052;2053;2054
IN,SpecifiedAnnualDemand,FUEL,RESOTH_RUR,IN_RESOTH,colapso_sin_sufijo,0.931964,2022;2023;2024;2025;2026;2027;2028;2029;2030;2031;2032;2033;2034;2035;2036;2037;2038;2039;2040;2041;2042;2043;2044;2045;2046;2047;2048;2049;2050;2051;2052;2053;2054
SE,SpecifiedAnnualDemand,FUEL,RESOTH_RUR,SE_RESOTH,colapso_sin_sufijo,1.640362,2022;2023;2024;2025;2026;2027;2028;2029;2030;2031;2032;2033;2034;2035;2036;2037;2038;2039;2040;2041;2042;2043;2044;2045;2046;2047;2048;2049;2050;2051;2052;2053;2054
IN,SpecifiedAnnualDemand,FUEL,RESOTH_URB,IN_RESOTH,colapso_sin_sufijo,0.53354,2022;2023;2024;2025;2026;2027;2028;2029;2030;2031;2032;2033;2034;2035;2036;2037;2038;2039;2040;2041;2042;2043;2044;2045;2046;2047;2048;2049;2050;2051;2052;2053;2054
SE,SpecifiedAnnualDemand,FUEL,RESOTH_URB,SE_RESOTH,colapso_sin_sufijo,0.031926,2022;2023;2024;2025;2026;2027;2028;2029;2030;2031;2032;2033;2034;2035;2036;2037;2038;2039;2040;2041;2042;2043;2044;2045;2046;2047;2048;2049;2050;2051;2052;2053;2054
SE,SpecifiedAnnualDemand,FUEL,RESREF_RUR,SE_RESREF,colapso_sin_sufijo,0.142861,2022;2023;2024;2025;2026;2027;2028;2029;2030;2031;2032;2033;2034;2035;2036;2037;2038;2039;2040;2041;2042;2043;2044;2045;2046;2047;2048;2049;2050;2051;2052;2053;2054
IN,SpecifiedAnnualDemand,FUEL,RESREF_URB,IN_RESREF,colapso_sin_sufijo,0.758832,2022;2023;2024;2025;2026;2027;2028;2029;2030;2031;2032;2033;2034;2035;2036;2037;2038;2039;2040;2041;2042;2043;2044;2045;2046;2047;2048;2049;2050;2051;2052;2053;2054
SE,SpecifiedAnnualDemand,FUEL,RESREF_URB,SE_RESREF,colapso_sin_sufijo,0.998225,2022;2023;2024;2025;2026;2027;2028;2029;2030;2031;2032;2033;2034;2035;2036;2037;2038;2039;2040;2041;2042;2043;2044;2045;2046;2047;2048;2049;2050;2051;2052;2053;2054
SE,SpecifiedAnnualDemand,FUEL,RESTV_RUR,SE_RESOTH,agregar_fuel_RESOTH,0.259404,2022;2023;2024;2025;2026;2027;2028;2029;2030;2031;2032;2033;2034;2035;2036;2037;2038;2039;2040;2041;2042;2043;2044;2045;2046;2047;2048;2049;2050;2051;2052;2053;2054
IN,SpecifiedAnnualDemand,FUEL,RESTV_URB,IN_RESOTH,agregar_fuel_RESOTH,0.20045,2022;2023;2024;2025;2026;2027;2028;2029;2030;2031;2032;2033;2034;2035;2036;2037;2038;2039;2040;2041;2042;2043;2044;2045;2046;2047;2048;2049;2050;2051;2052;2053;2054
SE,SpecifiedAnnualDemand,FUEL,RESTV_URB,SE_RESOTH,agregar_fuel_RESOTH,0.026589,2022;2023;2024;2025;2026;2027;2028;2029;2030;2031;2032;2033;2034;2035;2036;2037;2038;2039;2040;2041;2042;2043;2044;2045;2046;2047;2048;2049;2050;2051;2052;2053;2054
SE,SpecifiedAnnualDemand,FUEL,RESWHT_RUR,SE_RESOTH,agregar_fuel_RESOTH,0.005918,2022;2023;2024;2025;2026;2027;2028;2029;2030;2031;2032;2033;2034;2035;2036;2037;2038;2039;2040;2041;2042;2043;2044;2045;2046;2047;2048;2049;2050;2051;2052;2053;2054
IN,SpecifiedAnnualDemand,FUEL,RESWHT_URB,IN_RESOTH,agregar_fuel_RESOTH,0.304128,2022;2023;2024;2025;2026;2027;2028;2029;2030;2031;2032;2033;2034;2035;2036;2037;2038;2039;2040;2041;2042;2043;2044;2045;2046;2047;2048;2049;2050;2051;2052;2053;2054
SE,SpecifiedAnnualDemand,FUEL,RESWHT_URB,SE_RESOTH,agregar_fuel_RESOTH,0.060982,2022;2023;2024;2025;2026;2027;2028;2029;2030;2031;2032;2033;2034;2035;2036;2037;2038;2039;2040;2041;2042;2043;2044;2045;2046;2047;2048;2049;2050;2051;2052;2053;2054
SE,SpecifiedAnnualDemand,FUEL,RESWSH_RUR,SE_RESOTH,agregar_fuel_RESOTH,0.033891,2022;2023;2024;2025;2026;2027;2028;2029;2030;2031;2032;2033;2034;2035;2036;2037;2038;2039;2040;2041;2042;2043;2044;2045;2046;2047;2048;2049;2050;2051;2052;2053;2054
IN,SpecifiedAnnualDemand,FUEL,RESWSH_URB,IN_RESOTH,agregar_fuel_RESOTH,0.22966,2022;2023;2024;2025;2026;2027;2028;2029;2030;2031;2032;2033;2034;2035;2036;2037;2038;2039;2040;2041;2042;2043;2044;2045;2046;2047;2048;2049;2050;2051;2052;2053;2054
SE,SpecifiedAnnualDemand,FUEL,RESWSH_URB,SE_RESOTH,agregar_fuel_RESOTH,0.185013,2022;2023;2024;2025;2026;2027;2028;2029;2030;2031;2032;2033;2034;2035;2036;2037;2038;2039;2040;2041;2042;2043;2044;2045;2046;2047;2048;2049;2050;2051;2052;2053;2054
SE,SpecifiedDemandProfile,FUEL,RESCLIM_RUR,SE_RESCLIM,colapso_sin_sufijo,0.546664,2022;2023;2024;2025;2026;2027;2028;2029;2030;2031;2032;2033;2034;2035;2036;2037;2038;2039;2040;2041;2042;2043;2044;2045;2046;2047;2048;2049;2050;2051;2052;2053;2054
IN,SpecifiedDemandProfile,FUEL,RESCLIM_URB,IN_RESCLIM,colapso_sin_sufijo,0.351395,2022;2023;2024;2025;2026;2027;2028;2029;2030;2031;2032;2033;2034;2035;2036;2037;2038;2039;2040;2041;2042;2043;2044;2045;2046;2047;2048;2049;2050;2051;2052;2053;2054
SE,SpecifiedDemandProfile,FUEL,RESCLIM_URB,SE_RESCLIM,colapso_sin_sufijo,0.15907,2022;2023;2024;2025;2026;2027;2028;2029;2030;2031;2032;2033;2034;2035;2036;2037;2038;2039;2040;2041;2042;2043;2044;2045;2046;2047;2048;2049;2050;2051;2052;2053;2054
SE,SpecifiedDemandProfile,FUEL,RESDHT_RUR,SE_RESDHT,colapso_sin_sufijo,0.953853,2022;2023;2024;2025;2026;2027;2028;2029;2030;2031;2032;2033;2034;2035;2036;2037;2038;2039;2040;2041;2042;2043;2044;2045;2046;2047;2048;2049;2050;2051;2052;2053;2054
IN,SpecifiedDemandProfile,FUEL,RESDHT_URB,IN_RESDHT,colapso_sin_sufijo,0.047041,2022;2023;2024;2025;2026;2027;2028;2029;2030;2031;2032;2033;2034;2035;2036;2037;2038;2039;2040;2041;2042;2043;2044;2045;2046;2047;2048;2049;2050;2051;2052;2053;2054
SE,SpecifiedDemandProfile,FUEL,RESDHT_URB,SE_RESDHT,colapso_sin_sufijo,0.093498,2022;2023;2024;2025;2026;2027;2028;2029;2030;2031;2032;2033;2034;2035;2036;2037;2038;2039;2040;2041;2042;2043;2044;2045;2046;2047;2048;2049;2050;2051;2052;2053;2054
IN,SpecifiedDemandProfile,FUEL,RESILU_RUR,IN_RESOTH,agregar_fuel_RESOTH,1.115475,2022;2023;2024;2025;2026;2027;2028;2029;2030;2031;2032;2033;2034;2035;2036;2037;2038;2039;2040;2041;2042;2043;2044;2045;2046;2047;2048;2049;2050;2051;2052;2053;2054
SE,SpecifiedDemandProfile,FUEL,RESILU_RUR,SE_RESOTH,agregar_fuel_RESOTH,0.476209,2022;2023;2024;2025;2026;2027;2028;2029;2030;2031;2032;2033;2034;2035;2036;2037;2038;2039;2040;2041;2042;2043;2044;2045;2046;2047;2048;2049;2050;2051;2052;2053;2054
IN,SpecifiedDemandProfile,FUEL,RESILU_URB,IN_RESOTH,agregar_fuel_RESOTH,0.076508,2022;2023;2024;2025;2026;2027;2028;2029;2030;2031;2032;2033;2034;2035;2036;2037;2038;2039;2040;2041;2042;2043;2044;2045;2046;2047;2048;2049;2050;2051;2052;2053;2054
SE,SpecifiedDemandProfile,FUEL,RESILU_URB,SE_RESOTH,agregar_fuel_RESOTH,0.021853,2022;2023;2024;2025;2026;2027;2028;2029;2030;2031;2032;2033;2034;2035;2036;2037;2038;2039;2040;2041;2042;2043;2044;2045;2046;2047;2048;2049;2050;2051;2052;2053;2054
IN,SpecifiedDemandProfile,FUEL,RESOTH_RUR,IN_RESOTH,colapso_sin_sufijo,0.786957,2022;2023;2024;2025;2026;2027;2028;2029;2030;2031;2032;2033;2034;2035;2036;2037;2038;2039;2040;2041;2042;2043;2044;2045;2046;2047;2048;2049;2050;2051;2052;2053;2054
SE,SpecifiedDemandProfile,FUEL,RESOTH_RUR,SE_RESOTH,colapso_sin_sufijo,1.246837,2022;2023;2024;2025;2026;2027;2028;2029;2030;2031;2032;2033;2034;2035;2036;2037;2038;2039;2040;2041;2042;2043;2044;2045;2046;2047;2048;2049;2050;2051;2052;2053;2054
IN,SpecifiedDemandProfile,FUEL,RESOTH_URB,IN_RESOTH,colapso_sin_sufijo,0.071708,2022;2023;2024;2025;2026;2027;2028;2029;2030;2031;2032;2033;2034;2035;2036;2037;2038;2039;2040;2041;2042;2043;2044;2045;2046;2047;2048;2049;2050;2051;2052;2053;2054
SE,SpecifiedDemandProfile,FUEL,RESOTH_URB,SE_RESOTH,colapso_sin_sufijo,0.004216,2022;2023;2024;2025;2026;2027;2028;2029;2030;2031;2032;2033;2034;2035;2036;2037;2038;2039;2040;2041;2042;2043;2044;2045;2046;2047;2048;2049;2050;2051;2052;2053;2054
SE,SpecifiedDemandProfile,FUEL,RESREF_RUR,SE_RESREF,colapso_sin_sufijo,0.329945,2022;2023;2024;2025;2026;2027;2028;2029;2030;2031;2032;2033;2034;2035;2036;2037;2038;2039;2040;2041;2042;2043;2044;2045;2046;2047;2048;2049;2050;2051;2052;2053;2054
IN,SpecifiedDemandProfile,FUEL,RESREF_URB,IN_RESREF,colapso_sin_sufijo,0.07421,2022;2023;2024;2025;2026;2027;2028;2029;2030;2031;2032;2033;2034;2035;2036;2037;2038;2039;2040;2041;2042;2043;2044;2045;2046;2047;2048;2049;2050;2051;2052;2053;2054
SE,SpecifiedDemandProfile,FUEL,RESREF_URB,SE_RESREF,colapso_sin_sufijo,0.095741,2022;2023;2024;2025;2026;2027;2028;2029;2030;2031;2032;2033;2034;2035;2036;2037;2038;2039;2040;2041;2042;2043;2044;2045;2046;2047;2048;2049;2050;2051;2052;2053;2054
SE,SpecifiedDemandProfile,FUEL,RESTV_RUR,SE_RESOTH,agregar_fuel_RESOTH,0.453302,2022;2023;2024;2025;2026;2027;2028;2029;2030;2031;2032;2033;2034;2035;2036;2037;2038;2039;2040;2041;2042;2043;2044;2045;2046;2047;2048;2049;2050;2051;2052;2053;2054
IN,SpecifiedDemandProfile,FUEL,RESTV_URB,IN_RESOTH,agregar_fuel_RESOTH,0.074622,2022;2023;2024;2025;2026;2027;2028;2029;2030;2031;2032;2033;2034;2035;2036;2037;2038;2039;2040;2041;2042;2043;2044;2045;2046;2047;2048;2049;2050;2051;2052;2053;2054
SE,SpecifiedDemandProfile,FUEL,RESTV_URB,SE_RESOTH,agregar_fuel_RESOTH,0.009724,2022;2023;2024;2025;2026;2027;2028;2029;2030;2031;2032;2033;2034;2035;2036;2037;2038;2039;2040;2041;2042;2043;2044;2045;2046;2047;2048;2049;2050;2051;2052;2053;2054
SE,SpecifiedDemandProfile,FUEL,RESWHT_RUR,SE_RESOTH,agregar_fuel_RESOTH,0.013972,2022;2023;2024;2025;2026;2027;2028;2029;2030;2031;2032;2033;2034;2035;2036;2037;2038;2039;2040;2041;2042;2043;2044;2045;2046;2047;2048;2049;2050;2051;2052;2053;2054
IN,SpecifiedDemandProfile,FUEL,RESWHT_URB,IN_RESOTH,agregar_fuel_RESOTH,0.025115,2022;2023;2024;2025;2026;2027;2028;2029;2030;2031;2032;2033;2034;2035;2036;2037;2038;2039;2040;2041;2042;2043;2044;2045;2046;2047;2048;2049;2050;2051;2052;2053;2054
SE,SpecifiedDemandProfile,FUEL,RESWHT_URB,SE_RESOTH,agregar_fuel_RESOTH,0.005,2022;2023;2024;2025;2026;2027;2028;2029;2030;2031;2032;2033;2034;2035;2036;2037;2038;2039;2040;2041;2042;2043;2044;2045;2046;2047;2048;2049;2050;2051;2052;2053;2054
SE,SpecifiedDemandProfile,FUEL,RESWSH_RUR,SE_RESOTH,agregar_fuel_RESOTH,0.117425,2022;2023;2024;2025;2026;2027;2028;2029;2030;2031;2032;2033;2034;2035;2036;2037;2038;2039;2040;2041;2042;2043;2044;2045;2046;2047;2048;2049;2050;2051;2052;2053;2054
IN,SpecifiedDemandProfile,FUEL,RESWSH_URB,IN_RESOTH,agregar_fuel_RESOTH,0.085587,2022;2023;2024;2025;2026;2027;2028;2029;2030;2031;2032;2033;2034;2035;2036;2037;2038;2039;2040;2041;2042;2043;2044;2045;2046;2047;2048;2049;2050;2051;2052;2053;2054
SE,SpecifiedDemandProfile,FUEL,RESWSH_URB,SE_RESOTH,agregar_fuel_RESOTH,0.067023,2022;2023;2024;2025;2026;2027;2028;2029;2030;2031;2032;2033;2034;2035;2036;2037;2038;2039;2040;2041;2042;2043;2044;2045;2046;2047;2048;2049;2050;2051;2052;2053;2054
