REGION,TECHNOLOGY,YEAR,VALUE
RE1,BACKSTOP_1,2022,0.0
RE1,BACKSTOP_1,2023,0.0
RE1,BACKSTOP_1,2024,0.0
RE1,BACKSTOP_1,2025,0.0
RE1,BACKSTOP_1,2026,0.0
RE1,BACKSTOP_1,2027,0.0
RE1,BACKSTOP_1,2028,0.0
RE1,BACKSTOP_1,2029,0.0
RE1,BACKSTOP_1,2030,0.0
RE1,BACKSTOP_1,2031,0.0
RE1,BACKSTOP_1,2032,0.0
RE1,BACKSTOP_1,2033,0.0
RE1,BACKSTOP_1,2034,0.0
RE1,BACKSTOP_1,2035,0.0
RE1,BACKSTOP_1,2036,0.0
RE1,BACKSTOP_1,2037,0.0
RE1,BACKSTOP_1,2038,0.0
RE1,BACKSTOP_1,2039,0.0
RE1,BACKSTOP_1,2040,0.0
RE1,BACKSTOP_1,2041,0.0
RE1,BACKSTOP_1,2042,0.0
RE1,BACKSTOP_1,2043,0.0
RE1,BACKSTOP_1,2044,0.0
RE1,BACKSTOP_1,2045,0.0
RE1,BACKSTOP_1,2046,0.0
RE1,BACKSTOP_1,2047,0.0
RE1,BACKSTOP_1,2048,0.0
RE1,BACKSTOP_1,2049,0.0
RE1,BACKSTOP_1,2050,0.0
RE1,BACKSTOP_1,2051,0.0
RE1,BACKSTOP_1,2052,0.0
RE1,BACKSTOP_1,2053,0.0
RE1,BACKSTOP_1,2054,0.0
RE1,BACKSTOP_1,2055,0.0
RE1,BACKSTOP_2,2022,0.0
RE1,BACKSTOP_2,2023,0.0
RE1,BACKSTOP_2,2024,0.0
RE1,BACKSTOP_2,2025,0.0
RE1,BACKSTOP_2,2026,0.0
RE1,BACKSTOP_2,2027,0.0
RE1,BACKSTOP_2,2028,0.0
RE1,BACKSTOP_2,2029,0.0
RE1,BACKSTOP_2,2030,0.0
RE1,BACKSTOP_2,2031,0.0
RE1,BACKSTOP_2,2032,0.0
RE1,BACKSTOP_2,2033,0.0
RE1,BACKSTOP_2,2034,0.0
RE1,BACKSTOP_2,2035,0.0
RE1,BACKSTOP_2,2036,0.0
RE1,BACKSTOP_2,2037,0.0
RE1,BACKSTOP_2,2038,0.0
RE1,BACKSTOP_2,2039,0.0
RE1,BACKSTOP_2,2040,0.0
RE1,BACKSTOP_2,2041,0.0
RE1,BACKSTOP_2,2042,0.0
RE1,BACKSTOP_2,2043,0.0
RE1,BACKSTOP_2,2044,0.0
RE1,BACKSTOP_2,2045,0.0
RE1,BACKSTOP_2,2046,0.0
RE1,BACKSTOP_2,2047,0.0
RE1,BACKSTOP_2,2048,0.0
RE1,BACKSTOP_2,2049,0.0
RE1,BACKSTOP_2,2050,0.0
RE1,BACKSTOP_2,2051,0.0
RE1,BACKSTOP_2,2052,0.0
RE1,BACKSTOP_2,2053,0.0
RE1,BACKSTOP_2,2054,0.0
RE1,BACKSTOP_2,2055,0.0
RE1,BBGDST,2022,0.0
RE1,BBGDST,2023,0.0
RE1,BBGDST,2024,0.0
RE1,BBGDST,2025,0.0
RE1,BBGDST,2026,0.0
RE1,BBGDST,2027,0.0
RE1,BBGDST,2028,0.0
RE1,BBGDST,2029,0.0
RE1,BBGDST,2030,0.0
RE1,BBGDST,2031,0.0
RE1,BBGDST,2032,0.0
RE1,BBGDST,2033,0.0
RE1,BBGDST,2034,0.0
RE1,BBGDST,2035,0.0
RE1,BBGDST,2036,0.0
RE1,BBGDST,2037,0.0
RE1,BBGDST,2038,0.0
RE1,BBGDST,2039,0.0
RE1,BBGDST,2040,0.0
RE1,BBGDST,2041,0.0
RE1,BBGDST,2042,0.0
RE1,BBGDST,2043,0.0
RE1,BBGDST,2044,0.0
RE1,BBGDST,2045,0.0
RE1,BBGDST,2046,0.0
RE1,BBGDST,2047,0.0
RE1,BBGDST,2048,0.0
RE1,BBGDST,2049,0.0
RE1,BBGDST,2050,0.0
RE1,BBGDST,2051,0.0
RE1,BBGDST,2052,0.0
RE1,BBGDST,2053,0.0
RE1,BBGDST,2054,0.0
RE1,BBGDST,2055,0.0
RE1,DEMAGFDSL,2022,21.39170817107899
RE1,DEMAGFDSL,2023,21.75070692033452
RE1,DEMAGFDSL,2024,23.48433960801502
RE1,DEMAGFDSL,2025,24.353422038041
RE1,DEMAGFDSL,2026,25.02159969152332
RE1,DEMAGFDSL,2027,0.0
RE1,DEMAGFDSL,2028,0.0
RE1,DEMAGFDSL,2029,0.0
RE1,DEMAGFDSL,2030,0.0
RE1,DEMAGFDSL,2031,0.0
RE1,DEMAGFDSL,2032,0.0
RE1,DEMAGFDSL,2033,0.0
RE1,DEMAGFDSL,2034,0.0
RE1,DEMAGFDSL,2035,0.0
RE1,DEMAGFDSL,2036,0.0
RE1,DEMAGFDSL,2037,0.0
RE1,DEMAGFDSL,2038,0.0
RE1,DEMAGFDSL,2039,0.0
RE1,DEMAGFDSL,2040,0.0
RE1,DEMAGFDSL,2041,0.0
RE1,DEMAGFDSL,2042,0.0
RE1,DEMAGFDSL,2043,0.0
RE1,DEMAGFDSL,2044,0.0
RE1,DEMAGFDSL,2045,0.0
RE1,DEMAGFDSL,2046,0.0
RE1,DEMAGFDSL,2047,0.0
RE1,DEMAGFDSL,2048,0.0
RE1,DEMAGFDSL,2049,0.0
RE1,DEMAGFDSL,2050,0.0
RE1,DEMAGFDSL,2051,0.0
RE1,DEMAGFDSL,2052,0.0
RE1,DEMAGFDSL,2053,0.0
RE1,DEMAGFDSL,2054,0.0
RE1,DEMAGFDSL,2055,0.0
RE1,DEMAGFELC,2022,3.187044026954857
RE1,DEMAGFELC,2023,3.351383972607565
RE1,DEMAGFELC,2024,3.406067970091571
RE1,DEMAGFELC,2025,3.532115961122605
RE1,DEMAGFELC,2026,3.629025584379814
RE1,DEMAGFELC,2027,0.0
RE1,DEMAGFELC,2028,0.0
RE1,DEMAGFELC,2029,0.0
RE1,DEMAGFELC,2030,0.0
RE1,DEMAGFELC,2031,0.0
RE1,DEMAGFELC,2032,0.0
RE1,DEMAGFELC,2033,0.0
RE1,DEMAGFELC,2034,0.0
RE1,DEMAGFELC,2035,0.0
RE1,DEMAGFELC,2036,0.0
RE1,DEMAGFELC,2037,0.0
RE1,DEMAGFELC,2038,0.0
RE1,DEMAGFELC,2039,0.0
RE1,DEMAGFELC,2040,0.0
RE1,DEMAGFELC,2041,0.0
RE1,DEMAGFELC,2042,0.0
RE1,DEMAGFELC,2043,0.0
RE1,DEMAGFELC,2044,0.0
RE1,DEMAGFELC,2045,0.0
RE1,DEMAGFELC,2046,0.0
RE1,DEMAGFELC,2047,0.0
RE1,DEMAGFELC,2048,0.0
RE1,DEMAGFELC,2049,0.0
RE1,DEMAGFELC,2050,0.0
RE1,DEMAGFELC,2051,0.0
RE1,DEMAGFELC,2052,0.0
RE1,DEMAGFELC,2053,0.0
RE1,DEMAGFELC,2054,0.0
RE1,DEMAGFELC,2055,0.0
RE1,DEMAGFGSL,2022,5.814521892440641
RE1,DEMAGFGSL,2023,5.912102044077053
RE1,DEMAGFGSL,2024,6.383324120030612
RE1,DEMAGFGSL,2025,6.619551109184964
RE1,DEMAGFGSL,2026,6.801169779461877
RE1,DEMAGFGSL,2027,0.0
RE1,DEMAGFGSL,2028,0.0
RE1,DEMAGFGSL,2029,0.0
RE1,DEMAGFGSL,2030,0.0
RE1,DEMAGFGSL,2031,0.0
RE1,DEMAGFGSL,2032,0.0
RE1,DEMAGFGSL,2033,0.0
RE1,DEMAGFGSL,2034,0.0
RE1,DEMAGFGSL,2035,0.0
RE1,DEMAGFGSL,2036,0.0
RE1,DEMAGFGSL,2037,0.0
RE1,DEMAGFGSL,2038,0.0
RE1,DEMAGFGSL,2039,0.0
RE1,DEMAGFGSL,2040,0.0
RE1,DEMAGFGSL,2041,0.0
RE1,DEMAGFGSL,2042,0.0
RE1,DEMAGFGSL,2043,0.0
RE1,DEMAGFGSL,2044,0.0
RE1,DEMAGFGSL,2045,0.0
RE1,DEMAGFGSL,2046,0.0
RE1,DEMAGFGSL,2047,0.0
RE1,DEMAGFGSL,2048,0.0
RE1,DEMAGFGSL,2049,0.0
RE1,DEMAGFGSL,2050,0.0
RE1,DEMAGFGSL,2051,0.0
RE1,DEMAGFGSL,2052,0.0
RE1,DEMAGFGSL,2053,0.0
RE1,DEMAGFGSL,2054,0.0
RE1,DEMAGFGSL,2055,0.0
RE1,DEMAGFNGS,2022,0.1453762574743178
RE1,DEMAGFNGS,2023,0.1463858150573351
RE1,DEMAGFNGS,2024,0.1487279880821016
RE1,DEMAGFNGS,2025,0.1542319487406825
RE1,DEMAGFNGS,2026,0.1584635652026557
RE1,DEMAGFNGS,2027,0.0
RE1,DEMAGFNGS,2028,0.0
RE1,DEMAGFNGS,2029,0.0
RE1,DEMAGFNGS,2030,0.0
RE1,DEMAGFNGS,2031,0.0
RE1,DEMAGFNGS,2032,0.0
RE1,DEMAGFNGS,2033,0.0
RE1,DEMAGFNGS,2034,0.0
RE1,DEMAGFNGS,2035,0.0
RE1,DEMAGFNGS,2036,0.0
RE1,DEMAGFNGS,2037,0.0
RE1,DEMAGFNGS,2038,0.0
RE1,DEMAGFNGS,2039,0.0
RE1,DEMAGFNGS,2040,0.0
RE1,DEMAGFNGS,2041,0.0
RE1,DEMAGFNGS,2042,0.0
RE1,DEMAGFNGS,2043,0.0
RE1,DEMAGFNGS,2044,0.0
RE1,DEMAGFNGS,2045,0.0
RE1,DEMAGFNGS,2046,0.0
RE1,DEMAGFNGS,2047,0.0
RE1,DEMAGFNGS,2048,0.0
RE1,DEMAGFNGS,2049,0.0
RE1,DEMAGFNGS,2050,0.0
RE1,DEMAGFNGS,2051,0.0
RE1,DEMAGFNGS,2052,0.0
RE1,DEMAGFNGS,2053,0.0
RE1,DEMAGFNGS,2054,0.0
RE1,DEMAGFNGS,2055,0.0
RE1,DEMAGFWOO,2022,13.08623519985924
RE1,DEMAGFWOO,2023,13.75968505512133
RE1,DEMAGFWOO,2024,14.58526615232129
RE1,DEMAGFWOO,2025,15.12502152810836
RE1,DEMAGFWOO,2026,15.54000228020696
RE1,DEMAGFWOO,2027,0.0
RE1,DEMAGFWOO,2028,0.0
RE1,DEMAGFWOO,2029,0.0
RE1,DEMAGFWOO,2030,0.0
RE1,DEMAGFWOO,2031,0.0
RE1,DEMAGFWOO,2032,0.0
RE1,DEMAGFWOO,2033,0.0
RE1,DEMAGFWOO,2034,0.0
RE1,DEMAGFWOO,2035,0.0
RE1,DEMAGFWOO,2036,0.0
RE1,DEMAGFWOO,2037,0.0
RE1,DEMAGFWOO,2038,0.0
RE1,DEMAGFWOO,2039,0.0
RE1,DEMAGFWOO,2040,0.0
RE1,DEMAGFWOO,2041,0.0
RE1,DEMAGFWOO,2042,0.0
RE1,DEMAGFWOO,2043,0.0
RE1,DEMAGFWOO,2044,0.0
RE1,DEMAGFWOO,2045,0.0
RE1,DEMAGFWOO,2046,0.0
RE1,DEMAGFWOO,2047,0.0
RE1,DEMAGFWOO,2048,0.0
RE1,DEMAGFWOO,2049,0.0
RE1,DEMAGFWOO,2050,0.0
RE1,DEMAGFWOO,2051,0.0
RE1,DEMAGFWOO,2052,0.0
RE1,DEMAGFWOO,2053,0.0
RE1,DEMAGFWOO,2054,0.0
RE1,DEMAGFWOO,2055,0.0
RE1,DEMCONSDSL,2022,0.636751373829963
RE1,DEMCONSDSL,2023,0.5303265350249718
RE1,DEMCONSDSL,2024,0.5393420855571458
RE1,DEMCONSDSL,2025,0.5375126236955514
RE1,DEMCONSDSL,2026,0.5566053788225473
RE1,DEMCONSDSL,2027,0.0
RE1,DEMCONSDSL,2028,0.0
RE1,DEMCONSDSL,2029,0.0
RE1,DEMCONSDSL,2030,0.0
RE1,DEMCONSDSL,2031,0.0
RE1,DEMCONSDSL,2032,0.0
RE1,DEMCONSDSL,2033,0.0
RE1,DEMCONSDSL,2034,0.0
RE1,DEMCONSDSL,2035,0.0
RE1,DEMCONSDSL,2036,0.0
RE1,DEMCONSDSL,2037,0.0
RE1,DEMCONSDSL,2038,0.0
RE1,DEMCONSDSL,2039,0.0
RE1,DEMCONSDSL,2040,0.0
RE1,DEMCONSDSL,2041,0.0
RE1,DEMCONSDSL,2042,0.0
RE1,DEMCONSDSL,2043,0.0
RE1,DEMCONSDSL,2044,0.0
RE1,DEMCONSDSL,2045,0.0
RE1,DEMCONSDSL,2046,0.0
RE1,DEMCONSDSL,2047,0.0
RE1,DEMCONSDSL,2048,0.0
RE1,DEMCONSDSL,2049,0.0
RE1,DEMCONSDSL,2050,0.0
RE1,DEMCONSDSL,2051,0.0
RE1,DEMCONSDSL,2052,0.0
RE1,DEMCONSDSL,2053,0.0
RE1,DEMCONSDSL,2054,0.0
RE1,DEMCONSDSL,2055,0.0
RE1,DEMCONSELC,2022,0.3453119997522785
RE1,DEMCONSELC,2023,0.4814279997084342
RE1,DEMCONSELC,2024,0.39931199933082
RE1,DEMCONSELC,2025,0.3979575230286451
RE1,DEMCONSELC,2026,0.4120932013423798
RE1,DEMCONSELC,2027,0.0
RE1,DEMCONSELC,2028,0.0
RE1,DEMCONSELC,2029,0.0
RE1,DEMCONSELC,2030,0.0
RE1,DEMCONSELC,2031,0.0
RE1,DEMCONSELC,2032,0.0
RE1,DEMCONSELC,2033,0.0
RE1,DEMCONSELC,2034,0.0
RE1,DEMCONSELC,2035,0.0
RE1,DEMCONSELC,2036,0.0
RE1,DEMCONSELC,2037,0.0
RE1,DEMCONSELC,2038,0.0
RE1,DEMCONSELC,2039,0.0
RE1,DEMCONSELC,2040,0.0
RE1,DEMCONSELC,2041,0.0
RE1,DEMCONSELC,2042,0.0
RE1,DEMCONSELC,2043,0.0
RE1,DEMCONSELC,2044,0.0
RE1,DEMCONSELC,2045,0.0
RE1,DEMCONSELC,2046,0.0
RE1,DEMCONSELC,2047,0.0
RE1,DEMCONSELC,2048,0.0
RE1,DEMCONSELC,2049,0.0
RE1,DEMCONSELC,2050,0.0
RE1,DEMCONSELC,2051,0.0
RE1,DEMCONSELC,2052,0.0
RE1,DEMCONSELC,2053,0.0
RE1,DEMCONSELC,2054,0.0
RE1,DEMCONSELC,2055,0.0
RE1,DEMCONSGSL,2022,7.739926536101362
RE1,DEMCONSGSL,2023,9.157492474070112
RE1,DEMCONSGSL,2024,9.313169834635783
RE1,DEMCONSGSL,2025,9.281579329315921
RE1,DEMCONSGSL,2026,9.611266323656709
RE1,DEMCONSGSL,2027,0.0
RE1,DEMCONSGSL,2028,0.0
RE1,DEMCONSGSL,2029,0.0
RE1,DEMCONSGSL,2030,0.0
RE1,DEMCONSGSL,2031,0.0
RE1,DEMCONSGSL,2032,0.0
RE1,DEMCONSGSL,2033,0.0
RE1,DEMCONSGSL,2034,0.0
RE1,DEMCONSGSL,2035,0.0
RE1,DEMCONSGSL,2036,0.0
RE1,DEMCONSGSL,2037,0.0
RE1,DEMCONSGSL,2038,0.0
RE1,DEMCONSGSL,2039,0.0
RE1,DEMCONSGSL,2040,0.0
RE1,DEMCONSGSL,2041,0.0
RE1,DEMCONSGSL,2042,0.0
RE1,DEMCONSGSL,2043,0.0
RE1,DEMCONSGSL,2044,0.0
RE1,DEMCONSGSL,2045,0.0
RE1,DEMCONSGSL,2046,0.0
RE1,DEMCONSGSL,2047,0.0
RE1,DEMCONSGSL,2048,0.0
RE1,DEMCONSGSL,2049,0.0
RE1,DEMCONSGSL,2050,0.0
RE1,DEMCONSGSL,2051,0.0
RE1,DEMCONSGSL,2052,0.0
RE1,DEMCONSGSL,2053,0.0
RE1,DEMCONSGSL,2054,0.0
RE1,DEMCONSGSL,2055,0.0
RE1,DEMCONSNGS,2022,0.1090321931093702
RE1,DEMCONSNGS,2023,0.08177414487463006
RE1,DEMCONSNGS,2024,0.08308253102246713
RE1,DEMCONSNGS,2025,0.08280071299650439
RE1,DEMCONSNGS,2026,0.0857418415726369
RE1,DEMCONSNGS,2027,0.0
RE1,DEMCONSNGS,2028,0.0
RE1,DEMCONSNGS,2029,0.0
RE1,DEMCONSNGS,2030,0.0
RE1,DEMCONSNGS,2031,0.0
RE1,DEMCONSNGS,2032,0.0
RE1,DEMCONSNGS,2033,0.0
RE1,DEMCONSNGS,2034,0.0
RE1,DEMCONSNGS,2035,0.0
RE1,DEMCONSNGS,2036,0.0
RE1,DEMCONSNGS,2037,0.0
RE1,DEMCONSNGS,2038,0.0
RE1,DEMCONSNGS,2039,0.0
RE1,DEMCONSNGS,2040,0.0
RE1,DEMCONSNGS,2041,0.0
RE1,DEMCONSNGS,2042,0.0
RE1,DEMCONSNGS,2043,0.0
RE1,DEMCONSNGS,2044,0.0
RE1,DEMCONSNGS,2045,0.0
RE1,DEMCONSNGS,2046,0.0
RE1,DEMCONSNGS,2047,0.0
RE1,DEMCONSNGS,2048,0.0
RE1,DEMCONSNGS,2049,0.0
RE1,DEMCONSNGS,2050,0.0
RE1,DEMCONSNGS,2051,0.0
RE1,DEMCONSNGS,2052,0.0
RE1,DEMCONSNGS,2053,0.0
RE1,DEMCONSNGS,2054,0.0
RE1,DEMCONSNGS,2055,0.0
RE1,DEMCOQDSL,2022,0.0
RE1,DEMCOQDSL,2023,0.0
RE1,DEMCOQDSL,2024,0.0
RE1,DEMCOQDSL,2025,0.0
RE1,DEMCOQDSL,2026,0.0
RE1,DEMCOQDSL,2027,0.0
RE1,DEMCOQDSL,2028,0.0
RE1,DEMCOQDSL,2029,0.0
RE1,DEMCOQDSL,2030,0.0
RE1,DEMCOQDSL,2031,0.0
RE1,DEMCOQDSL,2032,0.0
RE1,DEMCOQDSL,2033,0.0
RE1,DEMCOQDSL,2034,0.0
RE1,DEMCOQDSL,2035,0.0
RE1,DEMCOQDSL,2036,0.0
RE1,DEMCOQDSL,2037,0.0
RE1,DEMCOQDSL,2038,0.0
RE1,DEMCOQDSL,2039,0.0
RE1,DEMCOQDSL,2040,0.0
RE1,DEMCOQDSL,2041,0.0
RE1,DEMCOQDSL,2042,0.0
RE1,DEMCOQDSL,2043,0.0
RE1,DEMCOQDSL,2044,0.0
RE1,DEMCOQDSL,2045,0.0
RE1,DEMCOQDSL,2046,0.0
RE1,DEMCOQDSL,2047,0.0
RE1,DEMCOQDSL,2048,0.0
RE1,DEMCOQDSL,2049,0.0
RE1,DEMCOQDSL,2050,0.0
RE1,DEMCOQDSL,2051,0.0
RE1,DEMCOQDSL,2052,0.0
RE1,DEMCOQDSL,2053,0.0
RE1,DEMCOQDSL,2054,0.0
RE1,DEMCOQDSL,2055,0.0
RE1,DEMCOQGSL,2022,0.0
RE1,DEMCOQGSL,2023,0.0
RE1,DEMCOQGSL,2024,0.0
RE1,DEMCOQGSL,2025,0.0
RE1,DEMCOQGSL,2026,0.0
RE1,DEMCOQGSL,2027,0.0
RE1,DEMCOQGSL,2028,0.0
RE1,DEMCOQGSL,2029,0.0
RE1,DEMCOQGSL,2030,0.0
RE1,DEMCOQGSL,2031,0.0
RE1,DEMCOQGSL,2032,0.0
RE1,DEMCOQGSL,2033,0.0
RE1,DEMCOQGSL,2034,0.0
RE1,DEMCOQGSL,2035,0.0
RE1,DEMCOQGSL,2036,0.0
RE1,DEMCOQGSL,2037,0.0
RE1,DEMCOQGSL,2038,0.0
RE1,DEMCOQGSL,2039,0.0
RE1,DEMCOQGSL,2040,0.0
RE1,DEMCOQGSL,2041,0.0
RE1,DEMCOQGSL,2042,0.0
RE1,DEMCOQGSL,2043,0.0
RE1,DEMCOQGSL,2044,0.0
RE1,DEMCOQGSL,2045,0.0
RE1,DEMCOQGSL,2046,0.0
RE1,DEMCOQGSL,2047,0.0
RE1,DEMCOQGSL,2048,0.0
RE1,DEMCOQGSL,2049,0.0
RE1,DEMCOQGSL,2050,0.0
RE1,DEMCOQGSL,2051,0.0
RE1,DEMCOQGSL,2052,0.0
RE1,DEMCOQGSL,2053,0.0
RE1,DEMCOQGSL,2054,0.0
RE1,DEMCOQGSL,2055,0.0
RE1,DEMDERHDG,2022,0.0
RE1,DEMDERHDG,2023,0.0
RE1,DEMDERHDG,2024,0.0
RE1,DEMDERHDG,2025,0.0
RE1,DEMDERHDG,2026,0.0
RE1,DEMDERHDG,2027,0.0
RE1,DEMDERHDG,2028,0.0
RE1,DEMDERHDG,2029,0.0
RE1,DEMDERHDG,2030,0.0
RE1,DEMDERHDG,2031,0.0
RE1,DEMDERHDG,2032,0.0
RE1,DEMDERHDG,2033,0.0
RE1,DEMDERHDG,2034,0.0
RE1,DEMDERHDG,2035,0.0
RE1,DEMDERHDG,2036,0.0
RE1,DEMDERHDG,2037,0.0
RE1,DEMDERHDG,2038,0.0
RE1,DEMDERHDG,2039,0.0
RE1,DEMDERHDG,2040,0.0
RE1,DEMDERHDG,2041,0.0
RE1,DEMDERHDG,2042,0.0
RE1,DEMDERHDG,2043,0.0
RE1,DEMDERHDG,2044,0.0
RE1,DEMDERHDG,2045,0.0
RE1,DEMDERHDG,2046,0.0
RE1,DEMDERHDG,2047,0.0
RE1,DEMDERHDG,2048,0.0
RE1,DEMDERHDG,2049,0.0
RE1,DEMDERHDG,2050,0.0
RE1,DEMDERHDG,2051,0.0
RE1,DEMDERHDG,2052,0.0
RE1,DEMDERHDG,2053,0.0
RE1,DEMDERHDG,2054,0.0
RE1,DEMDERHDG,2055,0.0
RE1,DEMEXPHDG,2022,0.0
RE1,DEMEXPHDG,2023,0.0
RE1,DEMEXPHDG,2024,0.0
RE1,DEMEXPHDG,2025,0.0
RE1,DEMEXPHDG,2026,0.0
RE1,DEMEXPHDG,2027,0.0
RE1,DEMEXPHDG,2028,0.0
RE1,DEMEXPHDG,2029,0.0
RE1,DEMEXPHDG,2030,0.0
RE1,DEMEXPHDG,2031,0.0
RE1,DEMEXPHDG,2032,0.0
RE1,DEMEXPHDG,2033,0.0
RE1,DEMEXPHDG,2034,0.0
RE1,DEMEXPHDG,2035,0.0
RE1,DEMEXPHDG,2036,0.0
RE1,DEMEXPHDG,2037,0.0
RE1,DEMEXPHDG,2038,0.0
RE1,DEMEXPHDG,2039,0.0
RE1,DEMEXPHDG,2040,0.0
RE1,DEMEXPHDG,2041,0.0
RE1,DEMEXPHDG,2042,0.0
RE1,DEMEXPHDG,2043,0.0
RE1,DEMEXPHDG,2044,0.0
RE1,DEMEXPHDG,2045,0.0
RE1,DEMEXPHDG,2046,0.0
RE1,DEMEXPHDG,2047,0.0
RE1,DEMEXPHDG,2048,0.0
RE1,DEMEXPHDG,2049,0.0
RE1,DEMEXPHDG,2050,0.0
RE1,DEMEXPHDG,2051,0.0
RE1,DEMEXPHDG,2052,0.0
RE1,DEMEXPHDG,2053,0.0
RE1,DEMEXPHDG,2054,0.0
RE1,DEMEXPHDG,2055,0.0
RE1,DEMINDAUTBOI,2022,0.0
RE1,DEMINDAUTBOI,2023,0.0
RE1,DEMINDAUTBOI,2024,0.0
RE1,DEMINDAUTBOI,2025,0.0
RE1,DEMINDAUTBOI,2026,0.0
RE1,DEMINDAUTBOI,2027,0.0
RE1,DEMINDAUTBOI,2028,0.0
RE1,DEMINDAUTBOI,2029,0.0
RE1,DEMINDAUTBOI,2030,0.0
RE1,DEMINDAUTBOI,2031,0.0
RE1,DEMINDAUTBOI,2032,0.0
RE1,DEMINDAUTBOI,2033,0.0
RE1,DEMINDAUTBOI,2034,0.0
RE1,DEMINDAUTBOI,2035,0.0
RE1,DEMINDAUTBOI,2036,0.0
RE1,DEMINDAUTBOI,2037,0.0
RE1,DEMINDAUTBOI,2038,0.0
RE1,DEMINDAUTBOI,2039,0.0
RE1,DEMINDAUTBOI,2040,0.0
RE1,DEMINDAUTBOI,2041,0.0
RE1,DEMINDAUTBOI,2042,0.0
RE1,DEMINDAUTBOI,2043,0.0
RE1,DEMINDAUTBOI,2044,0.0
RE1,DEMINDAUTBOI,2045,0.0
RE1,DEMINDAUTBOI,2046,0.0
RE1,DEMINDAUTBOI,2047,0.0
RE1,DEMINDAUTBOI,2048,0.0
RE1,DEMINDAUTBOI,2049,0.0
RE1,DEMINDAUTBOI,2050,0.0
RE1,DEMINDAUTBOI,2051,0.0
RE1,DEMINDAUTBOI,2052,0.0
RE1,DEMINDAUTBOI,2053,0.0
RE1,DEMINDAUTBOI,2054,0.0
RE1,DEMINDAUTBOI,2055,0.0
RE1,DEMINDAUTFUR,2022,0.0
RE1,DEMINDAUTFUR,2023,0.0
RE1,DEMINDAUTFUR,2024,0.0
RE1,DEMINDAUTFUR,2025,0.0
RE1,DEMINDAUTFUR,2026,0.0
RE1,DEMINDAUTFUR,2027,0.0
RE1,DEMINDAUTFUR,2028,0.0
RE1,DEMINDAUTFUR,2029,0.0
RE1,DEMINDAUTFUR,2030,0.0
RE1,DEMINDAUTFUR,2031,0.0
RE1,DEMINDAUTFUR,2032,0.0
RE1,DEMINDAUTFUR,2033,0.0
RE1,DEMINDAUTFUR,2034,0.0
RE1,DEMINDAUTFUR,2035,0.0
RE1,DEMINDAUTFUR,2036,0.0
RE1,DEMINDAUTFUR,2037,0.0
RE1,DEMINDAUTFUR,2038,0.0
RE1,DEMINDAUTFUR,2039,0.0
RE1,DEMINDAUTFUR,2040,0.0
RE1,DEMINDAUTFUR,2041,0.0
RE1,DEMINDAUTFUR,2042,0.0
RE1,DEMINDAUTFUR,2043,0.0
RE1,DEMINDAUTFUR,2044,0.0
RE1,DEMINDAUTFUR,2045,0.0
RE1,DEMINDAUTFUR,2046,0.0
RE1,DEMINDAUTFUR,2047,0.0
RE1,DEMINDAUTFUR,2048,0.0
RE1,DEMINDAUTFUR,2049,0.0
RE1,DEMINDAUTFUR,2050,0.0
RE1,DEMINDAUTFUR,2051,0.0
RE1,DEMINDAUTFUR,2052,0.0
RE1,DEMINDAUTFUR,2053,0.0
RE1,DEMINDAUTFUR,2054,0.0
RE1,DEMINDAUTFUR,2055,0.0
RE1,DEMINDBAGBOI_HIG,2022,0.0
RE1,DEMINDBAGBOI_HIG,2023,0.0
RE1,DEMINDBAGBOI_HIG,2024,0.0
RE1,DEMINDBAGBOI_HIG,2025,0.0
RE1,DEMINDBAGBOI_HIG,2026,0.0
RE1,DEMINDBAGBOI_HIG,2027,0.0
RE1,DEMINDBAGBOI_HIG,2028,0.0
RE1,DEMINDBAGBOI_HIG,2029,0.0
RE1,DEMINDBAGBOI_HIG,2030,0.0
RE1,DEMINDBAGBOI_HIG,2031,0.0
RE1,DEMINDBAGBOI_HIG,2032,0.0
RE1,DEMINDBAGBOI_HIG,2033,0.0
RE1,DEMINDBAGBOI_HIG,2034,0.0
RE1,DEMINDBAGBOI_HIG,2035,0.0
RE1,DEMINDBAGBOI_HIG,2036,0.0
RE1,DEMINDBAGBOI_HIG,2037,0.0
RE1,DEMINDBAGBOI_HIG,2038,0.0
RE1,DEMINDBAGBOI_HIG,2039,0.0
RE1,DEMINDBAGBOI_HIG,2040,0.0
RE1,DEMINDBAGBOI_HIG,2041,0.0
RE1,DEMINDBAGBOI_HIG,2042,0.0
RE1,DEMINDBAGBOI_HIG,2043,0.0
RE1,DEMINDBAGBOI_HIG,2044,0.0
RE1,DEMINDBAGBOI_HIG,2045,0.0
RE1,DEMINDBAGBOI_HIG,2046,0.0
RE1,DEMINDBAGBOI_HIG,2047,0.0
RE1,DEMINDBAGBOI_HIG,2048,0.0
RE1,DEMINDBAGBOI_HIG,2049,0.0
RE1,DEMINDBAGBOI_HIG,2050,0.0
RE1,DEMINDBAGBOI_HIG,2051,0.0
RE1,DEMINDBAGBOI_HIG,2052,0.0
RE1,DEMINDBAGBOI_HIG,2053,0.0
RE1,DEMINDBAGBOI_HIG,2054,0.0
RE1,DEMINDBAGBOI_HIG,2055,0.0
RE1,DEMINDBAGBOI_LOW,2022,39.57160121423282
RE1,DEMINDBAGBOI_LOW,2023,41.13229844264231
RE1,DEMINDBAGBOI_LOW,2024,39.82165714577279
RE1,DEMINDBAGBOI_LOW,2025,39.80891625413752
RE1,DEMINDBAGBOI_LOW,2026,39.78278779098257
RE1,DEMINDBAGBOI_LOW,2027,39.72500799518515
RE1,DEMINDBAGBOI_LOW,2028,39.61305462519107
RE1,DEMINDBAGBOI_LOW,2029,39.4159640701413
RE1,DEMINDBAGBOI_LOW,2030,39.09357382515103
RE1,DEMINDBAGBOI_LOW,2031,38.59647355760539
RE1,DEMINDBAGBOI_LOW,2032,37.86709299347532
RE1,DEMINDBAGBOI_LOW,2033,36.84245739464998
RE1,DEMINDBAGBOI_LOW,2034,35.45916849189806
RE1,DEMINDBAGBOI_LOW,2035,33.66103421681014
RE1,DEMINDBAGBOI_LOW,2036,31.40936906221859
RE1,DEMINDBAGBOI_LOW,2037,28.69523019582165
RE1,DEMINDBAGBOI_LOW,2038,25.55174472947235
RE1,DEMINDBAGBOI_LOW,2039,22.06341735559454
RE1,DEMINDBAGBOI_LOW,2040,18.36836655636401
RE1,DEMINDBAGBOI_LOW,2041,14.64956897730767
RE1,DEMINDBAGBOI_LOW,2042,11.11315288239883
RE1,DEMINDBAGBOI_LOW,2043,7.955797543812219
RE1,DEMINDBAGBOI_LOW,2044,5.328414496949131
RE1,DEMINDBAGBOI_LOW,2045,3.307163633371215
RE1,DEMINDBAGBOI_LOW,2046,1.882598684166773
RE1,DEMINDBAGBOI_LOW,2047,0.9718837442908684
RE1,DEMINDBAGBOI_LOW,2048,0.44949860711697
RE1,DEMINDBAGBOI_LOW,2049,0.1838143337877166
RE1,DEMINDBAGBOI_LOW,2050,0.06552502496232628
RE1,DEMINDBAGBOI_LOW,2051,0.02005375048099044
RE1,DEMINDBAGBOI_LOW,2052,0.005183893968161313
RE1,DEMINDBAGBOI_LOW,2053,0.00111227
RE1,DEMINDBAGBOI_LOW,2054,0.00019444
RE1,DEMINDBAGBOI_LOW,2055,0.00019444
RE1,DEMINDBAGBOI_MID,2022,0.2726858767022819
RE1,DEMINDBAGBOI_MID,2023,0.3884166394912927
RE1,DEMINDBAGBOI_MID,2024,0.9011945468078527
RE1,DEMINDBAGBOI_MID,2025,0.9009062106891136
RE1,DEMINDBAGBOI_MID,2026,0.9003149035914327
RE1,DEMINDBAGBOI_MID,2027,0.8990073026370652
RE1,DEMINDBAGBOI_MID,2028,0.8964737122802876
RE1,DEMINDBAGBOI_MID,2029,0.8920134023341699
RE1,DEMINDBAGBOI_MID,2030,0.8847174646069745
RE1,DEMINDBAGBOI_MID,2031,0.8734677054950182
RE1,DEMINDBAGBOI_MID,2032,0.8569612656817411
RE1,DEMINDBAGBOI_MID,2033,0.8337729786964365
RE1,DEMINDBAGBOI_MID,2034,0.8024680932353305
RE1,DEMINDBAGBOI_MID,2035,0.7617749398287413
RE1,DEMINDBAGBOI_MID,2036,0.7108180358725089
RE1,DEMINDBAGBOI_MID,2037,0.6493949982344126
RE1,DEMINDBAGBOI_MID,2038,0.5782555187829791
RE1,DEMINDBAGBOI_MID,2039,0.4993120033157191
RE1,DEMINDBAGBOI_MID,2040,0.4156901786825865
RE1,DEMINDBAGBOI_MID,2041,0.3315309462664241
RE1,DEMINDBAGBOI_MID,2042,0.2514991462760594
RE1,DEMINDBAGBOI_MID,2043,0.1800457810117018
RE1,DEMINDBAGBOI_MID,2044,0.1205860938987118
RE1,DEMINDBAGBOI_MID,2045,0.0748436415110807
RE1,DEMINDBAGBOI_MID,2046,0.04260464756120361
RE1,DEMINDBAGBOI_MID,2047,0.02199447218582423
RE1,DEMINDBAGBOI_MID,2048,0.0101724971426645
RE1,DEMINDBAGBOI_MID,2049,0.004159858908638945
RE1,DEMINDBAGBOI_MID,2050,0.001482881411974723
RE1,DEMINDBAGBOI_MID,2051,0.00045383
RE1,DEMINDBAGBOI_MID,2052,0.00011732
RE1,DEMINDBAGBOI_MID,2053,2.5172e-05
RE1,DEMINDBAGBOI_MID,2054,4.4003e-06
RE1,DEMINDBAGBOI_MID,2055,4.4003e-06
RE1,DEMINDBAGFURCCS,2022,0.0
RE1,DEMINDBAGFURCCS,2023,0.0
RE1,DEMINDBAGFURCCS,2024,0.0
RE1,DEMINDBAGFURCCS,2025,0.0
RE1,DEMINDBAGFURCCS,2026,0.0
RE1,DEMINDBAGFURCCS,2027,0.0
RE1,DEMINDBAGFURCCS,2028,0.0
RE1,DEMINDBAGFURCCS,2029,0.0
RE1,DEMINDBAGFURCCS,2030,0.0
RE1,DEMINDBAGFURCCS,2031,0.0
RE1,DEMINDBAGFURCCS,2032,0.0
RE1,DEMINDBAGFURCCS,2033,0.0
RE1,DEMINDBAGFURCCS,2034,0.0
RE1,DEMINDBAGFURCCS,2035,0.0
RE1,DEMINDBAGFURCCS,2036,0.0
RE1,DEMINDBAGFURCCS,2037,0.0
RE1,DEMINDBAGFURCCS,2038,0.0
RE1,DEMINDBAGFURCCS,2039,0.0
RE1,DEMINDBAGFURCCS,2040,0.0
RE1,DEMINDBAGFURCCS,2041,0.0
RE1,DEMINDBAGFURCCS,2042,0.0
RE1,DEMINDBAGFURCCS,2043,0.0
RE1,DEMINDBAGFURCCS,2044,0.0
RE1,DEMINDBAGFURCCS,2045,0.0
RE1,DEMINDBAGFURCCS,2046,0.0
RE1,DEMINDBAGFURCCS,2047,0.0
RE1,DEMINDBAGFURCCS,2048,0.0
RE1,DEMINDBAGFURCCS,2049,0.0
RE1,DEMINDBAGFURCCS,2050,0.0
RE1,DEMINDBAGFURCCS,2051,0.0
RE1,DEMINDBAGFURCCS,2052,0.0
RE1,DEMINDBAGFURCCS,2053,0.0
RE1,DEMINDBAGFURCCS,2054,0.0
RE1,DEMINDBAGFURCCS,2055,0.0
RE1,DEMINDBAGFUR_HIG,2022,0.0
RE1,DEMINDBAGFUR_HIG,2023,0.0
RE1,DEMINDBAGFUR_HIG,2024,0.0
RE1,DEMINDBAGFUR_HIG,2025,0.0
RE1,DEMINDBAGFUR_HIG,2026,0.0
RE1,DEMINDBAGFUR_HIG,2027,0.0
RE1,DEMINDBAGFUR_HIG,2028,0.0
RE1,DEMINDBAGFUR_HIG,2029,0.0
RE1,DEMINDBAGFUR_HIG,2030,0.0
RE1,DEMINDBAGFUR_HIG,2031,0.0
RE1,DEMINDBAGFUR_HIG,2032,0.0
RE1,DEMINDBAGFUR_HIG,2033,0.0
RE1,DEMINDBAGFUR_HIG,2034,0.0
RE1,DEMINDBAGFUR_HIG,2035,0.0
RE1,DEMINDBAGFUR_HIG,2036,0.0
RE1,DEMINDBAGFUR_HIG,2037,0.0
RE1,DEMINDBAGFUR_HIG,2038,0.0
RE1,DEMINDBAGFUR_HIG,2039,0.0
RE1,DEMINDBAGFUR_HIG,2040,0.0
RE1,DEMINDBAGFUR_HIG,2041,0.0
RE1,DEMINDBAGFUR_HIG,2042,0.0
RE1,DEMINDBAGFUR_HIG,2043,0.0
RE1,DEMINDBAGFUR_HIG,2044,0.0
RE1,DEMINDBAGFUR_HIG,2045,0.0
RE1,DEMINDBAGFUR_HIG,2046,0.0
RE1,DEMINDBAGFUR_HIG,2047,0.0
RE1,DEMINDBAGFUR_HIG,2048,0.0
RE1,DEMINDBAGFUR_HIG,2049,0.0
RE1,DEMINDBAGFUR_HIG,2050,0.0
RE1,DEMINDBAGFUR_HIG,2051,0.0
RE1,DEMINDBAGFUR_HIG,2052,0.0
RE1,DEMINDBAGFUR_HIG,2053,0.0
RE1,DEMINDBAGFUR_HIG,2054,0.0
RE1,DEMINDBAGFUR_HIG,2055,0.0
RE1,DEMINDBAGFUR_LOW,2022,1.841376370300716
RE1,DEMINDBAGFUR_LOW,2023,1.913999941483209
RE1,DEMINDBAGFUR_LOW,2024,1.853012166413652
RE1,DEMINDBAGFUR_LOW,2025,1.852419297384504
RE1,DEMINDBAGFUR_LOW,2026,1.851203467517389
RE1,DEMINDBAGFUR_LOW,2027,1.848514813346279
RE1,DEMINDBAGFUR_LOW,2028,1.843305312498269
RE1,DEMINDBAGFUR_LOW,2029,1.834134142271588
RE1,DEMINDBAGFUR_LOW,2030,1.81913242990906
RE1,DEMINDBAGFUR_LOW,2031,1.796000975577122
RE1,DEMINDBAGFUR_LOW,2032,1.762060874733726
RE1,DEMINDBAGFUR_LOW,2033,1.714381738131912
RE1,DEMINDBAGFUR_LOW,2034,1.650013468446872
RE1,DEMINDBAGFUR_LOW,2035,1.566341292866982
RE1,DEMINDBAGFUR_LOW,2036,1.461565067435822
RE1,DEMINDBAGFUR_LOW,2037,1.335268657360292
RE1,DEMINDBAGFUR_LOW,2038,1.188993559044649
RE1,DEMINDBAGFUR_LOW,2039,1.026672010230965
RE1,DEMINDBAGFUR_LOW,2040,0.8547310470152366
RE1,DEMINDBAGFUR_LOW,2041,0.681685080264138
RE1,DEMINDBAGFUR_LOW,2042,0.5171258298698396
RE1,DEMINDBAGFUR_LOW,2043,0.3702053279260084
RE1,DEMINDBAGFUR_LOW,2044,0.2479459067812736
RE1,DEMINDBAGFUR_LOW,2045,0.153891497446338
RE1,DEMINDBAGFUR_LOW,2046,0.08760253882617937
RE1,DEMINDBAGFUR_LOW,2047,0.04522444648443786
RE1,DEMINDBAGFUR_LOW,2048,0.02091641703218656
RE1,DEMINDBAGFUR_LOW,2049,0.008553390825073082
RE1,DEMINDBAGFUR_LOW,2050,0.003049061168280333
RE1,DEMINDBAGFUR_LOW,2051,0.00093316
RE1,DEMINDBAGFUR_LOW,2052,0.00024122
RE1,DEMINDBAGFUR_LOW,2053,5.1757e-05
RE1,DEMINDBAGFUR_LOW,2054,9.0477e-06
RE1,DEMINDBAGFUR_LOW,2055,9.0477e-06
RE1,DEMINDBAGFUR_MID,2022,0.01268883023347862
RE1,DEMINDBAGFUR_MID,2023,0.01807410364616818
RE1,DEMINDBAGFUR_MID,2024,0.04193508204411471
RE1,DEMINDBAGFUR_MID,2025,0.04192166496470779
RE1,DEMINDBAGFUR_MID,2026,0.04189414980525377
RE1,DEMINDBAGFUR_MID,2027,0.04183330350575429
RE1,DEMINDBAGFUR_MID,2028,0.04171540851864636
RE1,DEMINDBAGFUR_MID,2029,0.04150785792460964
RE1,DEMINDBAGFUR_MID,2030,0.0411683577043049
RE1,DEMINDBAGFUR_MID,2031,0.04064487520764816
RE1,DEMINDBAGFUR_MID,2032,0.03987678477669974
RE1,DEMINDBAGFUR_MID,2033,0.03879776946237543
RE1,DEMINDBAGFUR_MID,2034,0.03734106630672152
RE1,DEMINDBAGFUR_MID,2035,0.03544750100188961
RE1,DEMINDBAGFUR_MID,2036,0.03307633491384814
RE1,DEMINDBAGFUR_MID,2037,0.03021815059407384
RE1,DEMINDBAGFUR_MID,2038,0.02690783328474424
RE1,DEMINDBAGFUR_MID,2039,0.02323437253234997
RE1,DEMINDBAGFUR_MID,2040,0.01934321707752601
RE1,DEMINDBAGFUR_MID,2041,0.01542705454786751
RE1,DEMINDBAGFUR_MID,2042,0.01170295289787195
RE1,DEMINDBAGFUR_MID,2043,0.00837802961099391
RE1,DEMINDBAGFUR_MID,2044,0.00561120543719843
RE1,DEMINDBAGFUR_MID,2045,0.003482682244765809
RE1,DEMINDBAGFUR_MID,2046,0.00198251
RE1,DEMINDBAGFUR_MID,2047,0.00102346
RE1,DEMINDBAGFUR_MID,2048,0.00047335
RE1,DEMINDBAGFUR_MID,2049,0.00019357
RE1,DEMINDBAGFUR_MID,2050,6.9003e-05
RE1,DEMINDBAGFUR_MID,2051,2.1118e-05
RE1,DEMINDBAGFUR_MID,2052,5.459e-06
RE1,DEMINDBAGFUR_MID,2053,1.1713e-06
RE1,DEMINDBAGFUR_MID,2054,2.0476e-07
RE1,DEMINDBAGFUR_MID,2055,2.0476e-07
RE1,DEMINDBGSBOI_HIG,2022,0.0
RE1,DEMINDBGSBOI_HIG,2023,0.0
RE1,DEMINDBGSBOI_HIG,2024,0.0
RE1,DEMINDBGSBOI_HIG,2025,0.0
RE1,DEMINDBGSBOI_HIG,2026,0.0
RE1,DEMINDBGSBOI_HIG,2027,0.0
RE1,DEMINDBGSBOI_HIG,2028,0.0
RE1,DEMINDBGSBOI_HIG,2029,0.0
RE1,DEMINDBGSBOI_HIG,2030,0.0
RE1,DEMINDBGSBOI_HIG,2031,0.0
RE1,DEMINDBGSBOI_HIG,2032,0.0
RE1,DEMINDBGSBOI_HIG,2033,0.0
RE1,DEMINDBGSBOI_HIG,2034,0.0
RE1,DEMINDBGSBOI_HIG,2035,0.0
RE1,DEMINDBGSBOI_HIG,2036,0.0
RE1,DEMINDBGSBOI_HIG,2037,0.0
RE1,DEMINDBGSBOI_HIG,2038,0.0
RE1,DEMINDBGSBOI_HIG,2039,0.0
RE1,DEMINDBGSBOI_HIG,2040,0.0
RE1,DEMINDBGSBOI_HIG,2041,0.0
RE1,DEMINDBGSBOI_HIG,2042,0.0
RE1,DEMINDBGSBOI_HIG,2043,0.0
RE1,DEMINDBGSBOI_HIG,2044,0.0
RE1,DEMINDBGSBOI_HIG,2045,0.0
RE1,DEMINDBGSBOI_HIG,2046,0.0
RE1,DEMINDBGSBOI_HIG,2047,0.0
RE1,DEMINDBGSBOI_HIG,2048,0.0
RE1,DEMINDBGSBOI_HIG,2049,0.0
RE1,DEMINDBGSBOI_HIG,2050,0.0
RE1,DEMINDBGSBOI_HIG,2051,0.0
RE1,DEMINDBGSBOI_HIG,2052,0.0
RE1,DEMINDBGSBOI_HIG,2053,0.0
RE1,DEMINDBGSBOI_HIG,2054,0.0
RE1,DEMINDBGSBOI_HIG,2055,0.0
RE1,DEMINDBGSBOI_LOW,2022,0.0
RE1,DEMINDBGSBOI_LOW,2023,0.0
RE1,DEMINDBGSBOI_LOW,2024,0.0
RE1,DEMINDBGSBOI_LOW,2025,0.0
RE1,DEMINDBGSBOI_LOW,2026,0.0
RE1,DEMINDBGSBOI_LOW,2027,0.0
RE1,DEMINDBGSBOI_LOW,2028,0.0
RE1,DEMINDBGSBOI_LOW,2029,0.0
RE1,DEMINDBGSBOI_LOW,2030,0.0
RE1,DEMINDBGSBOI_LOW,2031,0.0
RE1,DEMINDBGSBOI_LOW,2032,0.0
RE1,DEMINDBGSBOI_LOW,2033,0.0
RE1,DEMINDBGSBOI_LOW,2034,0.0
RE1,DEMINDBGSBOI_LOW,2035,0.0
RE1,DEMINDBGSBOI_LOW,2036,0.0
RE1,DEMINDBGSBOI_LOW,2037,0.0
RE1,DEMINDBGSBOI_LOW,2038,0.0
RE1,DEMINDBGSBOI_LOW,2039,0.0
RE1,DEMINDBGSBOI_LOW,2040,0.0
RE1,DEMINDBGSBOI_LOW,2041,0.0
RE1,DEMINDBGSBOI_LOW,2042,0.0
RE1,DEMINDBGSBOI_LOW,2043,0.0
RE1,DEMINDBGSBOI_LOW,2044,0.0
RE1,DEMINDBGSBOI_LOW,2045,0.0
RE1,DEMINDBGSBOI_LOW,2046,0.0
RE1,DEMINDBGSBOI_LOW,2047,0.0
RE1,DEMINDBGSBOI_LOW,2048,0.0
RE1,DEMINDBGSBOI_LOW,2049,0.0
RE1,DEMINDBGSBOI_LOW,2050,0.0
RE1,DEMINDBGSBOI_LOW,2051,0.0
RE1,DEMINDBGSBOI_LOW,2052,0.0
RE1,DEMINDBGSBOI_LOW,2053,0.0
RE1,DEMINDBGSBOI_LOW,2054,0.0
RE1,DEMINDBGSBOI_LOW,2055,0.0
RE1,DEMINDBGSBOI_MID,2022,0.0
RE1,DEMINDBGSBOI_MID,2023,0.0
RE1,DEMINDBGSBOI_MID,2024,0.0
RE1,DEMINDBGSBOI_MID,2025,0.0
RE1,DEMINDBGSBOI_MID,2026,0.0
RE1,DEMINDBGSBOI_MID,2027,0.0
RE1,DEMINDBGSBOI_MID,2028,0.0
RE1,DEMINDBGSBOI_MID,2029,0.0
RE1,DEMINDBGSBOI_MID,2030,0.0
RE1,DEMINDBGSBOI_MID,2031,0.0
RE1,DEMINDBGSBOI_MID,2032,0.0
RE1,DEMINDBGSBOI_MID,2033,0.0
RE1,DEMINDBGSBOI_MID,2034,0.0
RE1,DEMINDBGSBOI_MID,2035,0.0
RE1,DEMINDBGSBOI_MID,2036,0.0
RE1,DEMINDBGSBOI_MID,2037,0.0
RE1,DEMINDBGSBOI_MID,2038,0.0
RE1,DEMINDBGSBOI_MID,2039,0.0
RE1,DEMINDBGSBOI_MID,2040,0.0
RE1,DEMINDBGSBOI_MID,2041,0.0
RE1,DEMINDBGSBOI_MID,2042,0.0
RE1,DEMINDBGSBOI_MID,2043,0.0
RE1,DEMINDBGSBOI_MID,2044,0.0
RE1,DEMINDBGSBOI_MID,2045,0.0
RE1,DEMINDBGSBOI_MID,2046,0.0
RE1,DEMINDBGSBOI_MID,2047,0.0
RE1,DEMINDBGSBOI_MID,2048,0.0
RE1,DEMINDBGSBOI_MID,2049,0.0
RE1,DEMINDBGSBOI_MID,2050,0.0
RE1,DEMINDBGSBOI_MID,2051,0.0
RE1,DEMINDBGSBOI_MID,2052,0.0
RE1,DEMINDBGSBOI_MID,2053,0.0
RE1,DEMINDBGSBOI_MID,2054,0.0
RE1,DEMINDBGSBOI_MID,2055,0.0
RE1,DEMINDBGSFUR_HIG,2022,0.0
RE1,DEMINDBGSFUR_HIG,2023,0.0
RE1,DEMINDBGSFUR_HIG,2024,0.0
RE1,DEMINDBGSFUR_HIG,2025,0.0
RE1,DEMINDBGSFUR_HIG,2026,0.0
RE1,DEMINDBGSFUR_HIG,2027,0.0
RE1,DEMINDBGSFUR_HIG,2028,0.0
RE1,DEMINDBGSFUR_HIG,2029,0.0
RE1,DEMINDBGSFUR_HIG,2030,0.0
RE1,DEMINDBGSFUR_HIG,2031,0.0
RE1,DEMINDBGSFUR_HIG,2032,0.0
RE1,DEMINDBGSFUR_HIG,2033,0.0
RE1,DEMINDBGSFUR_HIG,2034,0.0
RE1,DEMINDBGSFUR_HIG,2035,0.0
RE1,DEMINDBGSFUR_HIG,2036,0.0
RE1,DEMINDBGSFUR_HIG,2037,0.0
RE1,DEMINDBGSFUR_HIG,2038,0.0
RE1,DEMINDBGSFUR_HIG,2039,0.0
RE1,DEMINDBGSFUR_HIG,2040,0.0
RE1,DEMINDBGSFUR_HIG,2041,0.0
RE1,DEMINDBGSFUR_HIG,2042,0.0
RE1,DEMINDBGSFUR_HIG,2043,0.0
RE1,DEMINDBGSFUR_HIG,2044,0.0
RE1,DEMINDBGSFUR_HIG,2045,0.0
RE1,DEMINDBGSFUR_HIG,2046,0.0
RE1,DEMINDBGSFUR_HIG,2047,0.0
RE1,DEMINDBGSFUR_HIG,2048,0.0
RE1,DEMINDBGSFUR_HIG,2049,0.0
RE1,DEMINDBGSFUR_HIG,2050,0.0
RE1,DEMINDBGSFUR_HIG,2051,0.0
RE1,DEMINDBGSFUR_HIG,2052,0.0
RE1,DEMINDBGSFUR_HIG,2053,0.0
RE1,DEMINDBGSFUR_HIG,2054,0.0
RE1,DEMINDBGSFUR_HIG,2055,0.0
RE1,DEMINDBGSFUR_LOW,2022,0.0
RE1,DEMINDBGSFUR_LOW,2023,0.0
RE1,DEMINDBGSFUR_LOW,2024,0.0
RE1,DEMINDBGSFUR_LOW,2025,0.0
RE1,DEMINDBGSFUR_LOW,2026,0.0
RE1,DEMINDBGSFUR_LOW,2027,0.0
RE1,DEMINDBGSFUR_LOW,2028,0.0
RE1,DEMINDBGSFUR_LOW,2029,0.0
RE1,DEMINDBGSFUR_LOW,2030,0.0
RE1,DEMINDBGSFUR_LOW,2031,0.0
RE1,DEMINDBGSFUR_LOW,2032,0.0
RE1,DEMINDBGSFUR_LOW,2033,0.0
RE1,DEMINDBGSFUR_LOW,2034,0.0
RE1,DEMINDBGSFUR_LOW,2035,0.0
RE1,DEMINDBGSFUR_LOW,2036,0.0
RE1,DEMINDBGSFUR_LOW,2037,0.0
RE1,DEMINDBGSFUR_LOW,2038,0.0
RE1,DEMINDBGSFUR_LOW,2039,0.0
RE1,DEMINDBGSFUR_LOW,2040,0.0
RE1,DEMINDBGSFUR_LOW,2041,0.0
RE1,DEMINDBGSFUR_LOW,2042,0.0
RE1,DEMINDBGSFUR_LOW,2043,0.0
RE1,DEMINDBGSFUR_LOW,2044,0.0
RE1,DEMINDBGSFUR_LOW,2045,0.0
RE1,DEMINDBGSFUR_LOW,2046,0.0
RE1,DEMINDBGSFUR_LOW,2047,0.0
RE1,DEMINDBGSFUR_LOW,2048,0.0
RE1,DEMINDBGSFUR_LOW,2049,0.0
RE1,DEMINDBGSFUR_LOW,2050,0.0
RE1,DEMINDBGSFUR_LOW,2051,0.0
RE1,DEMINDBGSFUR_LOW,2052,0.0
RE1,DEMINDBGSFUR_LOW,2053,0.0
RE1,DEMINDBGSFUR_LOW,2054,0.0
RE1,DEMINDBGSFUR_LOW,2055,0.0
RE1,DEMINDBGSFUR_MID,2022,0.0
RE1,DEMINDBGSFUR_MID,2023,0.0
RE1,DEMINDBGSFUR_MID,2024,0.0
RE1,DEMINDBGSFUR_MID,2025,0.0
RE1,DEMINDBGSFUR_MID,2026,0.0
RE1,DEMINDBGSFUR_MID,2027,0.0
RE1,DEMINDBGSFUR_MID,2028,0.0
RE1,DEMINDBGSFUR_MID,2029,0.0
RE1,DEMINDBGSFUR_MID,2030,0.0
RE1,DEMINDBGSFUR_MID,2031,0.0
RE1,DEMINDBGSFUR_MID,2032,0.0
RE1,DEMINDBGSFUR_MID,2033,0.0
RE1,DEMINDBGSFUR_MID,2034,0.0
RE1,DEMINDBGSFUR_MID,2035,0.0
RE1,DEMINDBGSFUR_MID,2036,0.0
RE1,DEMINDBGSFUR_MID,2037,0.0
RE1,DEMINDBGSFUR_MID,2038,0.0
RE1,DEMINDBGSFUR_MID,2039,0.0
RE1,DEMINDBGSFUR_MID,2040,0.0
RE1,DEMINDBGSFUR_MID,2041,0.0
RE1,DEMINDBGSFUR_MID,2042,0.0
RE1,DEMINDBGSFUR_MID,2043,0.0
RE1,DEMINDBGSFUR_MID,2044,0.0
RE1,DEMINDBGSFUR_MID,2045,0.0
RE1,DEMINDBGSFUR_MID,2046,0.0
RE1,DEMINDBGSFUR_MID,2047,0.0
RE1,DEMINDBGSFUR_MID,2048,0.0
RE1,DEMINDBGSFUR_MID,2049,0.0
RE1,DEMINDBGSFUR_MID,2050,0.0
RE1,DEMINDBGSFUR_MID,2051,0.0
RE1,DEMINDBGSFUR_MID,2052,0.0
RE1,DEMINDBGSFUR_MID,2053,0.0
RE1,DEMINDBGSFUR_MID,2054,0.0
RE1,DEMINDBGSFUR_MID,2055,0.0
RE1,DEMINDCOABOI_HIG,2022,0.0
RE1,DEMINDCOABOI_HIG,2023,0.0
RE1,DEMINDCOABOI_HIG,2024,0.0
RE1,DEMINDCOABOI_HIG,2025,0.0
RE1,DEMINDCOABOI_HIG,2026,0.0
RE1,DEMINDCOABOI_HIG,2027,0.0
RE1,DEMINDCOABOI_HIG,2028,0.0
RE1,DEMINDCOABOI_HIG,2029,0.0
RE1,DEMINDCOABOI_HIG,2030,0.0
RE1,DEMINDCOABOI_HIG,2031,0.0
RE1,DEMINDCOABOI_HIG,2032,0.0
RE1,DEMINDCOABOI_HIG,2033,0.0
RE1,DEMINDCOABOI_HIG,2034,0.0
RE1,DEMINDCOABOI_HIG,2035,0.0
RE1,DEMINDCOABOI_HIG,2036,0.0
RE1,DEMINDCOABOI_HIG,2037,0.0
RE1,DEMINDCOABOI_HIG,2038,0.0
RE1,DEMINDCOABOI_HIG,2039,0.0
RE1,DEMINDCOABOI_HIG,2040,0.0
RE1,DEMINDCOABOI_HIG,2041,0.0
RE1,DEMINDCOABOI_HIG,2042,0.0
RE1,DEMINDCOABOI_HIG,2043,0.0
RE1,DEMINDCOABOI_HIG,2044,0.0
RE1,DEMINDCOABOI_HIG,2045,0.0
RE1,DEMINDCOABOI_HIG,2046,0.0
RE1,DEMINDCOABOI_HIG,2047,0.0
RE1,DEMINDCOABOI_HIG,2048,0.0
RE1,DEMINDCOABOI_HIG,2049,0.0
RE1,DEMINDCOABOI_HIG,2050,0.0
RE1,DEMINDCOABOI_HIG,2051,0.0
RE1,DEMINDCOABOI_HIG,2052,0.0
RE1,DEMINDCOABOI_HIG,2053,0.0
RE1,DEMINDCOABOI_HIG,2054,0.0
RE1,DEMINDCOABOI_HIG,2055,0.0
RE1,DEMINDCOABOI_LOW,2022,0.0
RE1,DEMINDCOABOI_LOW,2023,0.0
RE1,DEMINDCOABOI_LOW,2024,0.0
RE1,DEMINDCOABOI_LOW,2025,0.0
RE1,DEMINDCOABOI_LOW,2026,0.0
RE1,DEMINDCOABOI_LOW,2027,0.0
RE1,DEMINDCOABOI_LOW,2028,0.0
RE1,DEMINDCOABOI_LOW,2029,0.0
RE1,DEMINDCOABOI_LOW,2030,0.0
RE1,DEMINDCOABOI_LOW,2031,0.0
RE1,DEMINDCOABOI_LOW,2032,0.0
RE1,DEMINDCOABOI_LOW,2033,0.0
RE1,DEMINDCOABOI_LOW,2034,0.0
RE1,DEMINDCOABOI_LOW,2035,0.0
RE1,DEMINDCOABOI_LOW,2036,0.0
RE1,DEMINDCOABOI_LOW,2037,0.0
RE1,DEMINDCOABOI_LOW,2038,0.0
RE1,DEMINDCOABOI_LOW,2039,0.0
RE1,DEMINDCOABOI_LOW,2040,0.0
RE1,DEMINDCOABOI_LOW,2041,0.0
RE1,DEMINDCOABOI_LOW,2042,0.0
RE1,DEMINDCOABOI_LOW,2043,0.0
RE1,DEMINDCOABOI_LOW,2044,0.0
RE1,DEMINDCOABOI_LOW,2045,0.0
RE1,DEMINDCOABOI_LOW,2046,0.0
RE1,DEMINDCOABOI_LOW,2047,0.0
RE1,DEMINDCOABOI_LOW,2048,0.0
RE1,DEMINDCOABOI_LOW,2049,0.0
RE1,DEMINDCOABOI_LOW,2050,0.0
RE1,DEMINDCOABOI_LOW,2051,0.0
RE1,DEMINDCOABOI_LOW,2052,0.0
RE1,DEMINDCOABOI_LOW,2053,0.0
RE1,DEMINDCOABOI_LOW,2054,0.0
RE1,DEMINDCOABOI_LOW,2055,0.0
RE1,DEMINDCOABOI_MID,2022,0.1967708770882885
RE1,DEMINDCOABOI_MID,2023,0.2730203178948793
RE1,DEMINDCOABOI_MID,2024,0.6138480688329578
RE1,DEMINDCOABOI_MID,2025,0.6138222018708793
RE1,DEMINDCOABOI_MID,2026,0.613769132541826
RE1,DEMINDCOABOI_MID,2027,0.0
RE1,DEMINDCOABOI_MID,2028,0.0
RE1,DEMINDCOABOI_MID,2029,0.0
RE1,DEMINDCOABOI_MID,2030,0.0
RE1,DEMINDCOABOI_MID,2031,0.0
RE1,DEMINDCOABOI_MID,2032,0.0
RE1,DEMINDCOABOI_MID,2033,0.0
RE1,DEMINDCOABOI_MID,2034,0.0
RE1,DEMINDCOABOI_MID,2035,0.0
RE1,DEMINDCOABOI_MID,2036,0.0
RE1,DEMINDCOABOI_MID,2037,0.0
RE1,DEMINDCOABOI_MID,2038,0.0
RE1,DEMINDCOABOI_MID,2039,0.0
RE1,DEMINDCOABOI_MID,2040,0.0
RE1,DEMINDCOABOI_MID,2041,0.0
RE1,DEMINDCOABOI_MID,2042,0.0
RE1,DEMINDCOABOI_MID,2043,0.0
RE1,DEMINDCOABOI_MID,2044,0.0
RE1,DEMINDCOABOI_MID,2045,0.0
RE1,DEMINDCOABOI_MID,2046,0.0
RE1,DEMINDCOABOI_MID,2047,0.0
RE1,DEMINDCOABOI_MID,2048,0.0
RE1,DEMINDCOABOI_MID,2049,0.0
RE1,DEMINDCOABOI_MID,2050,0.0
RE1,DEMINDCOABOI_MID,2051,0.0
RE1,DEMINDCOABOI_MID,2052,0.0
RE1,DEMINDCOABOI_MID,2053,0.0
RE1,DEMINDCOABOI_MID,2054,0.0
RE1,DEMINDCOABOI_MID,2055,0.0
RE1,DEMINDCOAFUR_HIG,2022,0.0
RE1,DEMINDCOAFUR_HIG,2023,0.0
RE1,DEMINDCOAFUR_HIG,2024,0.0
RE1,DEMINDCOAFUR_HIG,2025,0.0
RE1,DEMINDCOAFUR_HIG,2026,0.0
RE1,DEMINDCOAFUR_HIG,2027,0.0
RE1,DEMINDCOAFUR_HIG,2028,0.0
RE1,DEMINDCOAFUR_HIG,2029,0.0
RE1,DEMINDCOAFUR_HIG,2030,0.0
RE1,DEMINDCOAFUR_HIG,2031,0.0
RE1,DEMINDCOAFUR_HIG,2032,0.0
RE1,DEMINDCOAFUR_HIG,2033,0.0
RE1,DEMINDCOAFUR_HIG,2034,0.0
RE1,DEMINDCOAFUR_HIG,2035,0.0
RE1,DEMINDCOAFUR_HIG,2036,0.0
RE1,DEMINDCOAFUR_HIG,2037,0.0
RE1,DEMINDCOAFUR_HIG,2038,0.0
RE1,DEMINDCOAFUR_HIG,2039,0.0
RE1,DEMINDCOAFUR_HIG,2040,0.0
RE1,DEMINDCOAFUR_HIG,2041,0.0
RE1,DEMINDCOAFUR_HIG,2042,0.0
RE1,DEMINDCOAFUR_HIG,2043,0.0
RE1,DEMINDCOAFUR_HIG,2044,0.0
RE1,DEMINDCOAFUR_HIG,2045,0.0
RE1,DEMINDCOAFUR_HIG,2046,0.0
RE1,DEMINDCOAFUR_HIG,2047,0.0
RE1,DEMINDCOAFUR_HIG,2048,0.0
RE1,DEMINDCOAFUR_HIG,2049,0.0
RE1,DEMINDCOAFUR_HIG,2050,0.0
RE1,DEMINDCOAFUR_HIG,2051,0.0
RE1,DEMINDCOAFUR_HIG,2052,0.0
RE1,DEMINDCOAFUR_HIG,2053,0.0
RE1,DEMINDCOAFUR_HIG,2054,0.0
RE1,DEMINDCOAFUR_HIG,2055,0.0
RE1,DEMINDCOAFUR_LOW,2022,0.0
RE1,DEMINDCOAFUR_LOW,2023,0.0
RE1,DEMINDCOAFUR_LOW,2024,0.0
RE1,DEMINDCOAFUR_LOW,2025,0.0
RE1,DEMINDCOAFUR_LOW,2026,0.0
RE1,DEMINDCOAFUR_LOW,2027,0.0
RE1,DEMINDCOAFUR_LOW,2028,0.0
RE1,DEMINDCOAFUR_LOW,2029,0.0
RE1,DEMINDCOAFUR_LOW,2030,0.0
RE1,DEMINDCOAFUR_LOW,2031,0.0
RE1,DEMINDCOAFUR_LOW,2032,0.0
RE1,DEMINDCOAFUR_LOW,2033,0.0
RE1,DEMINDCOAFUR_LOW,2034,0.0
RE1,DEMINDCOAFUR_LOW,2035,0.0
RE1,DEMINDCOAFUR_LOW,2036,0.0
RE1,DEMINDCOAFUR_LOW,2037,0.0
RE1,DEMINDCOAFUR_LOW,2038,0.0
RE1,DEMINDCOAFUR_LOW,2039,0.0
RE1,DEMINDCOAFUR_LOW,2040,0.0
RE1,DEMINDCOAFUR_LOW,2041,0.0
RE1,DEMINDCOAFUR_LOW,2042,0.0
RE1,DEMINDCOAFUR_LOW,2043,0.0
RE1,DEMINDCOAFUR_LOW,2044,0.0
RE1,DEMINDCOAFUR_LOW,2045,0.0
RE1,DEMINDCOAFUR_LOW,2046,0.0
RE1,DEMINDCOAFUR_LOW,2047,0.0
RE1,DEMINDCOAFUR_LOW,2048,0.0
RE1,DEMINDCOAFUR_LOW,2049,0.0
RE1,DEMINDCOAFUR_LOW,2050,0.0
RE1,DEMINDCOAFUR_LOW,2051,0.0
RE1,DEMINDCOAFUR_LOW,2052,0.0
RE1,DEMINDCOAFUR_LOW,2053,0.0
RE1,DEMINDCOAFUR_LOW,2054,0.0
RE1,DEMINDCOAFUR_LOW,2055,0.0
RE1,DEMINDCOAFUR_MID,2022,0.0
RE1,DEMINDCOAFUR_MID,2023,0.0
RE1,DEMINDCOAFUR_MID,2024,0.0
RE1,DEMINDCOAFUR_MID,2025,0.0
RE1,DEMINDCOAFUR_MID,2026,0.0
RE1,DEMINDCOAFUR_MID,2027,0.0
RE1,DEMINDCOAFUR_MID,2028,0.0
RE1,DEMINDCOAFUR_MID,2029,0.0
RE1,DEMINDCOAFUR_MID,2030,0.0
RE1,DEMINDCOAFUR_MID,2031,0.0
RE1,DEMINDCOAFUR_MID,2032,0.0
RE1,DEMINDCOAFUR_MID,2033,0.0
RE1,DEMINDCOAFUR_MID,2034,0.0
RE1,DEMINDCOAFUR_MID,2035,0.0
RE1,DEMINDCOAFUR_MID,2036,0.0
RE1,DEMINDCOAFUR_MID,2037,0.0
RE1,DEMINDCOAFUR_MID,2038,0.0
RE1,DEMINDCOAFUR_MID,2039,0.0
RE1,DEMINDCOAFUR_MID,2040,0.0
RE1,DEMINDCOAFUR_MID,2041,0.0
RE1,DEMINDCOAFUR_MID,2042,0.0
RE1,DEMINDCOAFUR_MID,2043,0.0
RE1,DEMINDCOAFUR_MID,2044,0.0
RE1,DEMINDCOAFUR_MID,2045,0.0
RE1,DEMINDCOAFUR_MID,2046,0.0
RE1,DEMINDCOAFUR_MID,2047,0.0
RE1,DEMINDCOAFUR_MID,2048,0.0
RE1,DEMINDCOAFUR_MID,2049,0.0
RE1,DEMINDCOAFUR_MID,2050,0.0
RE1,DEMINDCOAFUR_MID,2051,0.0
RE1,DEMINDCOAFUR_MID,2052,0.0
RE1,DEMINDCOAFUR_MID,2053,0.0
RE1,DEMINDCOAFUR_MID,2054,0.0
RE1,DEMINDCOAFUR_MID,2055,0.0
RE1,DEMINDCOAOTH_LOW,2022,0.0
RE1,DEMINDCOAOTH_LOW,2023,0.0
RE1,DEMINDCOAOTH_LOW,2024,0.0
RE1,DEMINDCOAOTH_LOW,2025,0.0
RE1,DEMINDCOAOTH_LOW,2026,0.0
RE1,DEMINDCOAOTH_LOW,2027,0.0
RE1,DEMINDCOAOTH_LOW,2028,0.0
RE1,DEMINDCOAOTH_LOW,2029,0.0
RE1,DEMINDCOAOTH_LOW,2030,0.0
RE1,DEMINDCOAOTH_LOW,2031,0.0
RE1,DEMINDCOAOTH_LOW,2032,0.0
RE1,DEMINDCOAOTH_LOW,2033,0.0
RE1,DEMINDCOAOTH_LOW,2034,0.0
RE1,DEMINDCOAOTH_LOW,2035,0.0
RE1,DEMINDCOAOTH_LOW,2036,0.0
RE1,DEMINDCOAOTH_LOW,2037,0.0
RE1,DEMINDCOAOTH_LOW,2038,0.0
RE1,DEMINDCOAOTH_LOW,2039,0.0
RE1,DEMINDCOAOTH_LOW,2040,0.0
RE1,DEMINDCOAOTH_LOW,2041,0.0
RE1,DEMINDCOAOTH_LOW,2042,0.0
RE1,DEMINDCOAOTH_LOW,2043,0.0
RE1,DEMINDCOAOTH_LOW,2044,0.0
RE1,DEMINDCOAOTH_LOW,2045,0.0
RE1,DEMINDCOAOTH_LOW,2046,0.0
RE1,DEMINDCOAOTH_LOW,2047,0.0
RE1,DEMINDCOAOTH_LOW,2048,0.0
RE1,DEMINDCOAOTH_LOW,2049,0.0
RE1,DEMINDCOAOTH_LOW,2050,0.0
RE1,DEMINDCOAOTH_LOW,2051,0.0
RE1,DEMINDCOAOTH_LOW,2052,0.0
RE1,DEMINDCOAOTH_LOW,2053,0.0
RE1,DEMINDCOAOTH_LOW,2054,0.0
RE1,DEMINDCOAOTH_LOW,2055,0.0
RE1,DEMINDDSLBOI_HIG,2022,0.0
RE1,DEMINDDSLBOI_HIG,2023,0.0
RE1,DEMINDDSLBOI_HIG,2024,0.0
RE1,DEMINDDSLBOI_HIG,2025,0.0
RE1,DEMINDDSLBOI_HIG,2026,0.0
RE1,DEMINDDSLBOI_HIG,2027,0.0
RE1,DEMINDDSLBOI_HIG,2028,0.0
RE1,DEMINDDSLBOI_HIG,2029,0.0
RE1,DEMINDDSLBOI_HIG,2030,0.0
RE1,DEMINDDSLBOI_HIG,2031,0.0
RE1,DEMINDDSLBOI_HIG,2032,0.0
RE1,DEMINDDSLBOI_HIG,2033,0.0
RE1,DEMINDDSLBOI_HIG,2034,0.0
RE1,DEMINDDSLBOI_HIG,2035,0.0
RE1,DEMINDDSLBOI_HIG,2036,0.0
RE1,DEMINDDSLBOI_HIG,2037,0.0
RE1,DEMINDDSLBOI_HIG,2038,0.0
RE1,DEMINDDSLBOI_HIG,2039,0.0
RE1,DEMINDDSLBOI_HIG,2040,0.0
RE1,DEMINDDSLBOI_HIG,2041,0.0
RE1,DEMINDDSLBOI_HIG,2042,0.0
RE1,DEMINDDSLBOI_HIG,2043,0.0
RE1,DEMINDDSLBOI_HIG,2044,0.0
RE1,DEMINDDSLBOI_HIG,2045,0.0
RE1,DEMINDDSLBOI_HIG,2046,0.0
RE1,DEMINDDSLBOI_HIG,2047,0.0
RE1,DEMINDDSLBOI_HIG,2048,0.0
RE1,DEMINDDSLBOI_HIG,2049,0.0
RE1,DEMINDDSLBOI_HIG,2050,0.0
RE1,DEMINDDSLBOI_HIG,2051,0.0
RE1,DEMINDDSLBOI_HIG,2052,0.0
RE1,DEMINDDSLBOI_HIG,2053,0.0
RE1,DEMINDDSLBOI_HIG,2054,0.0
RE1,DEMINDDSLBOI_HIG,2055,0.0
RE1,DEMINDDSLBOI_LOW,2022,1.345726861673207
RE1,DEMINDDSLBOI_LOW,2023,1.350736066431834
RE1,DEMINDDSLBOI_LOW,2024,1.307573990088883
RE1,DEMINDDSLBOI_LOW,2025,1.307518890189521
RE1,DEMINDDSLBOI_LOW,2026,1.307405845809543
RE1,DEMINDDSLBOI_LOW,2027,1.307155633352702
RE1,DEMINDDSLBOI_LOW,2028,1.306669924333366
RE1,DEMINDDSLBOI_LOW,2029,1.305811944464873
RE1,DEMINDDSLBOI_LOW,2030,1.30440044271465
RE1,DEMINDDSLBOI_LOW,2031,1.302204083934641
RE1,DEMINDDSLBOI_LOW,2032,1.298936549915997
RE1,DEMINDDSLBOI_LOW,2033,1.294252753563918
RE1,DEMINDDSLBOI_LOW,2034,1.287746713080652
RE1,DEMINDDSLBOI_LOW,2035,1.278951791357104
RE1,DEMINDDSLBOI_LOW,2036,1.267344167730987
RE1,DEMINDDSLBOI_LOW,2037,1.252350553899263
RE1,DEMINDDSLBOI_LOW,2038,1.233361261414534
RE1,DEMINDDSLBOI_LOW,2039,1.209749731003247
RE1,DEMINDDSLBOI_LOW,2040,1.180899488103058
RE1,DEMINDDSLBOI_LOW,2041,1.146239130102115
RE1,DEMINDDSLBOI_LOW,2042,1.105285313975567
RE1,DEMINDDSLBOI_LOW,2043,1.057692747992507
RE1,DEMINDDSLBOI_LOW,2044,1.003308884341101
RE1,DEMINDDSLBOI_LOW,2045,0.9422294131637492
RE1,DEMINDDSLBOI_LOW,2046,0.8748489223683121
RE1,DEMINDDSLBOI_LOW,2047,0.8018994844585114
RE1,DEMINDDSLBOI_LOW,2048,0.7244688627859763
RE1,DEMINDDSLBOI_LOW,2049,0.6439899926422811
RE1,DEMINDDSLBOI_LOW,2050,0.5621948947312758
RE1,DEMINDDSLBOI_LOW,2051,0.4810295887642114
RE1,DEMINDDSLBOI_LOW,2052,0.4025319293041859
RE1,DEMINDDSLBOI_LOW,2053,0.3286810935884923
RE1,DEMINDDSLBOI_LOW,2054,0.26123458148969
RE1,DEMINDDSLBOI_LOW,2055,0.26123458148969
RE1,DEMINDDSLBOI_MID,2022,0.009273334861799407
RE1,DEMINDDSLBOI_MID,2023,0.0127551433697474
RE1,DEMINDDSLBOI_MID,2024,0.02959139909979802
RE1,DEMINDDSLBOI_MID,2025,0.02959015214694889
RE1,DEMINDDSLBOI_MID,2026,0.02958759386620206
RE1,DEMINDDSLBOI_MID,2027,0.02958193136700412
RE1,DEMINDDSLBOI_MID,2028,0.0295709394005483
RE1,DEMINDDSLBOI_MID,2029,0.02955152266015685
RE1,DEMINDDSLBOI_MID,2030,0.02951957929638738
RE1,DEMINDDSLBOI_MID,2031,0.02946987401797239
RE1,DEMINDDSLBOI_MID,2032,0.02939592722494134
RE1,DEMINDDSLBOI_MID,2033,0.02928992933250306
RE1,DEMINDDSLBOI_MID,2034,0.02914269266218149
RE1,DEMINDDSLBOI_MID,2035,0.02894365685943102
RE1,DEMINDDSLBOI_MID,2036,0.02868096746217761
RE1,DEMINDDSLBOI_MID,2037,0.02834165051781668
RE1,DEMINDDSLBOI_MID,2038,0.02791190831064703
RE1,DEMINDDSLBOI_MID,2039,0.02737756132527306
RE1,DEMINDDSLBOI_MID,2040,0.02672465827102405
RE1,DEMINDDSLBOI_MID,2041,0.02594026786992861
RE1,DEMINDDSLBOI_MID,2042,0.02501345169979504
RE1,DEMINDDSLBOI_MID,2043,0.02393639554476058
RE1,DEMINDDSLBOI_MID,2044,0.02270564713121318
RE1,DEMINDDSLBOI_MID,2045,0.02132337200023511
RE1,DEMINDDSLBOI_MID,2046,0.01979849997786297
RE1,DEMINDDSLBOI_MID,2047,0.01814759842456111
RE1,DEMINDDSLBOI_MID,2048,0.01639528425662503
RE1,DEMINDDSLBOI_MID,2049,0.01457398589525198
RE1,DEMINDDSLBOI_MID,2050,0.01272290029318438
RE1,DEMINDDSLBOI_MID,2051,0.01088606736431482
RE1,DEMINDDSLBOI_MID,2052,0.009109605315445407
RE1,DEMINDDSLBOI_MID,2053,0.007438304440633607
RE1,DEMINDDSLBOI_MID,2054,0.005911938305689803
RE1,DEMINDDSLBOI_MID,2055,0.005911938305689803
RE1,DEMINDDSLFUR_HIG,2022,0.0
RE1,DEMINDDSLFUR_HIG,2023,0.0
RE1,DEMINDDSLFUR_HIG,2024,0.0
RE1,DEMINDDSLFUR_HIG,2025,0.0
RE1,DEMINDDSLFUR_HIG,2026,0.0
RE1,DEMINDDSLFUR_HIG,2027,0.0
RE1,DEMINDDSLFUR_HIG,2028,0.0
RE1,DEMINDDSLFUR_HIG,2029,0.0
RE1,DEMINDDSLFUR_HIG,2030,0.0
RE1,DEMINDDSLFUR_HIG,2031,0.0
RE1,DEMINDDSLFUR_HIG,2032,0.0
RE1,DEMINDDSLFUR_HIG,2033,0.0
RE1,DEMINDDSLFUR_HIG,2034,0.0
RE1,DEMINDDSLFUR_HIG,2035,0.0
RE1,DEMINDDSLFUR_HIG,2036,0.0
RE1,DEMINDDSLFUR_HIG,2037,0.0
RE1,DEMINDDSLFUR_HIG,2038,0.0
RE1,DEMINDDSLFUR_HIG,2039,0.0
RE1,DEMINDDSLFUR_HIG,2040,0.0
RE1,DEMINDDSLFUR_HIG,2041,0.0
RE1,DEMINDDSLFUR_HIG,2042,0.0
RE1,DEMINDDSLFUR_HIG,2043,0.0
RE1,DEMINDDSLFUR_HIG,2044,0.0
RE1,DEMINDDSLFUR_HIG,2045,0.0
RE1,DEMINDDSLFUR_HIG,2046,0.0
RE1,DEMINDDSLFUR_HIG,2047,0.0
RE1,DEMINDDSLFUR_HIG,2048,0.0
RE1,DEMINDDSLFUR_HIG,2049,0.0
RE1,DEMINDDSLFUR_HIG,2050,0.0
RE1,DEMINDDSLFUR_HIG,2051,0.0
RE1,DEMINDDSLFUR_HIG,2052,0.0
RE1,DEMINDDSLFUR_HIG,2053,0.0
RE1,DEMINDDSLFUR_HIG,2054,0.0
RE1,DEMINDDSLFUR_HIG,2055,0.0
RE1,DEMINDDSLFUR_LOW,2022,1.751034174074598
RE1,DEMINDDSLFUR_LOW,2023,1.757491220404331
RE1,DEMINDDSLFUR_LOW,2024,1.70141714720819
RE1,DEMINDDSLFUR_LOW,2025,1.701383975616832
RE1,DEMINDDSLFUR_LOW,2026,1.701315917569832
RE1,DEMINDDSLFUR_LOW,2027,1.701165266626988
RE1,DEMINDDSLFUR_LOW,2028,1.70087278082435
RE1,DEMINDDSLFUR_LOW,2029,1.700355976999412
RE1,DEMINDDSLFUR_LOW,2030,1.699505362336524
RE1,DEMINDDSLFUR_LOW,2031,1.698180784355022
RE1,DEMINDDSLFUR_LOW,2032,1.696207979641773
RE1,DEMINDDSLFUR_LOW,2033,1.693375436510053
RE1,DEMINDDSLFUR_LOW,2034,1.689431729619396
RE1,DEMINDDSLFUR_LOW,2035,1.684083535177523
RE1,DEMINDDSLFUR_LOW,2036,1.676994592559758
RE1,DEMINDDSLFUR_LOW,2037,1.667785939682369
RE1,DEMINDDSLFUR_LOW,2038,1.656037811240431
RE1,DEMINDDSLFUR_LOW,2039,1.641293644805607
RE1,DEMINDDSLFUR_LOW,2040,1.62306668100707
RE1,DEMINDDSLFUR_LOW,2041,1.600849658883144
RE1,DEMINDDSLFUR_LOW,2042,1.574128081287015
RE1,DEMINDDSLFUR_LOW,2043,1.542397440676694
RE1,DEMINDDSLFUR_LOW,2044,1.505184634023197
RE1,DEMINDDSLFUR_LOW,2045,1.462073539003883
RE1,DEMINDDSLFUR_LOW,2046,1.412734358390484
RE1,DEMINDDSLFUR_LOW,2047,1.356955860901603
RE1,DEMINDDSLFUR_LOW,2048,1.294679065152402
RE1,DEMINDDSLFUR_LOW,2049,1.226030260858691
RE1,DEMINDDSLFUR_LOW,2050,1.151350598238047
RE1,DEMINDDSLFUR_LOW,2051,1.071218894387888
RE1,DEMINDDSLFUR_LOW,2052,0.9864639265912446
RE1,DEMINDDSLFUR_LOW,2053,0.8981624507588097
RE1,DEMINDDSLFUR_LOW,2054,0.807619644461062
RE1,DEMINDDSLFUR_LOW,2055,0.807619644461062
RE1,DEMINDDSLFUR_MID,2022,0.01206628678754224
RE1,DEMINDDSLFUR_MID,2023,0.01659617525912926
RE1,DEMINDDSLFUR_MID,2024,0.03850437085770953
RE1,DEMINDDSLFUR_MID,2025,0.03850362015923581
RE1,DEMINDDSLFUR_MID,2026,0.03850207995359849
RE1,DEMINDDSLFUR_MID,2027,0.03849867060758193
RE1,DEMINDDSLFUR_MID,2028,0.03849205143024858
RE1,DEMINDDSLFUR_MID,2029,0.03848035576456851
RE1,DEMINDDSLFUR_MID,2030,0.03846110570441096
RE1,DEMINDDSLFUR_MID,2031,0.03843112949198511
RE1,DEMINDDSLFUR_MID,2032,0.03838648341301886
RE1,DEMINDDSLFUR_MID,2033,0.03832238079633066
RE1,DEMINDDSLFUR_MID,2034,0.03823313169423885
RE1,DEMINDDSLFUR_MID,2035,0.03811209796506378
RE1,DEMINDDSLFUR_MID,2036,0.03795166977378139
RE1,DEMINDDSLFUR_MID,2037,0.03774327091870183
RE1,DEMINDDSLFUR_MID,2038,0.03747740179004363
RE1,DEMINDDSLFUR_MID,2039,0.03714373003098923
RE1,DEMINDDSLFUR_MID,2040,0.03673123990482558
RE1,DEMINDDSLFUR_MID,2041,0.03622845170816419
RE1,DEMINDDSLFUR_MID,2042,0.03562372197721447
RE1,DEMINDDSLFUR_MID,2043,0.03490563332058065
RE1,DEMINDDSLFUR_MID,2044,0.03406347905500644
RE1,DEMINDDSLFUR_MID,2045,0.03308784201418467
RE1,DEMINDDSLFUR_MID,2046,0.03197125863469356
RE1,DEMINDDSLFUR_MID,2047,0.03070894859113849
RE1,DEMINDDSLFUR_MID,2048,0.02929957708968645
RE1,DEMINDDSLFUR_MID,2049,0.02774600216316086
RE1,DEMINDDSLFUR_MID,2050,0.02605594430181143
RE1,DEMINDDSLFUR_MID,2051,0.02424250257908667
RE1,DEMINDDSLFUR_MID,2052,0.02232443285854219
RE1,DEMINDDSLFUR_MID,2053,0.0203261029496694
RE1,DEMINDDSLFUR_MID,2054,0.01827705001876013
RE1,DEMINDDSLFUR_MID,2055,0.01827705001876013
RE1,DEMINDELCAIR_HIG,2022,0.0
RE1,DEMINDELCAIR_HIG,2023,0.0
RE1,DEMINDELCAIR_HIG,2024,0.0
RE1,DEMINDELCAIR_HIG,2025,0.0
RE1,DEMINDELCAIR_HIG,2026,0.0
RE1,DEMINDELCAIR_HIG,2027,0.0
RE1,DEMINDELCAIR_HIG,2028,0.0
RE1,DEMINDELCAIR_HIG,2029,0.0
RE1,DEMINDELCAIR_HIG,2030,0.0
RE1,DEMINDELCAIR_HIG,2031,0.0
RE1,DEMINDELCAIR_HIG,2032,0.0
RE1,DEMINDELCAIR_HIG,2033,0.0
RE1,DEMINDELCAIR_HIG,2034,0.0
RE1,DEMINDELCAIR_HIG,2035,0.0
RE1,DEMINDELCAIR_HIG,2036,0.0
RE1,DEMINDELCAIR_HIG,2037,0.0
RE1,DEMINDELCAIR_HIG,2038,0.0
RE1,DEMINDELCAIR_HIG,2039,0.0
RE1,DEMINDELCAIR_HIG,2040,0.0
RE1,DEMINDELCAIR_HIG,2041,0.0
RE1,DEMINDELCAIR_HIG,2042,0.0
RE1,DEMINDELCAIR_HIG,2043,0.0
RE1,DEMINDELCAIR_HIG,2044,0.0
RE1,DEMINDELCAIR_HIG,2045,0.0
RE1,DEMINDELCAIR_HIG,2046,0.0
RE1,DEMINDELCAIR_HIG,2047,0.0
RE1,DEMINDELCAIR_HIG,2048,0.0
RE1,DEMINDELCAIR_HIG,2049,0.0
RE1,DEMINDELCAIR_HIG,2050,0.0
RE1,DEMINDELCAIR_HIG,2051,0.0
RE1,DEMINDELCAIR_HIG,2052,0.0
RE1,DEMINDELCAIR_HIG,2053,0.0
RE1,DEMINDELCAIR_HIG,2054,0.0
RE1,DEMINDELCAIR_HIG,2055,0.0
RE1,DEMINDELCAIR_LOW,2022,0.6690743113546258
RE1,DEMINDELCAIR_LOW,2023,0.6362971629513507
RE1,DEMINDELCAIR_LOW,2024,0.6158044185112086
RE1,DEMINDELCAIR_LOW,2025,0.6156073926231084
RE1,DEMINDELCAIR_LOW,2026,0.6152033405516231
RE1,DEMINDELCAIR_LOW,2027,0.0
RE1,DEMINDELCAIR_LOW,2028,0.0
RE1,DEMINDELCAIR_LOW,2029,0.0
RE1,DEMINDELCAIR_LOW,2030,0.0
RE1,DEMINDELCAIR_LOW,2031,0.0
RE1,DEMINDELCAIR_LOW,2032,0.0
RE1,DEMINDELCAIR_LOW,2033,0.0
RE1,DEMINDELCAIR_LOW,2034,0.0
RE1,DEMINDELCAIR_LOW,2035,0.0
RE1,DEMINDELCAIR_LOW,2036,0.0
RE1,DEMINDELCAIR_LOW,2037,0.0
RE1,DEMINDELCAIR_LOW,2038,0.0
RE1,DEMINDELCAIR_LOW,2039,0.0
RE1,DEMINDELCAIR_LOW,2040,0.0
RE1,DEMINDELCAIR_LOW,2041,0.0
RE1,DEMINDELCAIR_LOW,2042,0.0
RE1,DEMINDELCAIR_LOW,2043,0.0
RE1,DEMINDELCAIR_LOW,2044,0.0
RE1,DEMINDELCAIR_LOW,2045,0.0
RE1,DEMINDELCAIR_LOW,2046,0.0
RE1,DEMINDELCAIR_LOW,2047,0.0
RE1,DEMINDELCAIR_LOW,2048,0.0
RE1,DEMINDELCAIR_LOW,2049,0.0
RE1,DEMINDELCAIR_LOW,2050,0.0
RE1,DEMINDELCAIR_LOW,2051,0.0
RE1,DEMINDELCAIR_LOW,2052,0.0
RE1,DEMINDELCAIR_LOW,2053,0.0
RE1,DEMINDELCAIR_LOW,2054,0.0
RE1,DEMINDELCAIR_LOW,2055,0.0
RE1,DEMINDELCAIR_MID,2022,0.004610556802667123
RE1,DEMINDELCAIR_MID,2023,0.006008621329441334
RE1,DEMINDELCAIR_MID,2024,0.01393612480341976
RE1,DEMINDELCAIR_MID,2025,0.01393166595693615
RE1,DEMINDELCAIR_MID,2026,0.01392252194964093
RE1,DEMINDELCAIR_MID,2027,0.0
RE1,DEMINDELCAIR_MID,2028,0.0
RE1,DEMINDELCAIR_MID,2029,0.0
RE1,DEMINDELCAIR_MID,2030,0.0
RE1,DEMINDELCAIR_MID,2031,0.0
RE1,DEMINDELCAIR_MID,2032,0.0
RE1,DEMINDELCAIR_MID,2033,0.0
RE1,DEMINDELCAIR_MID,2034,0.0
RE1,DEMINDELCAIR_MID,2035,0.0
RE1,DEMINDELCAIR_MID,2036,0.0
RE1,DEMINDELCAIR_MID,2037,0.0
RE1,DEMINDELCAIR_MID,2038,0.0
RE1,DEMINDELCAIR_MID,2039,0.0
RE1,DEMINDELCAIR_MID,2040,0.0
RE1,DEMINDELCAIR_MID,2041,0.0
RE1,DEMINDELCAIR_MID,2042,0.0
RE1,DEMINDELCAIR_MID,2043,0.0
RE1,DEMINDELCAIR_MID,2044,0.0
RE1,DEMINDELCAIR_MID,2045,0.0
RE1,DEMINDELCAIR_MID,2046,0.0
RE1,DEMINDELCAIR_MID,2047,0.0
RE1,DEMINDELCAIR_MID,2048,0.0
RE1,DEMINDELCAIR_MID,2049,0.0
RE1,DEMINDELCAIR_MID,2050,0.0
RE1,DEMINDELCAIR_MID,2051,0.0
RE1,DEMINDELCAIR_MID,2052,0.0
RE1,DEMINDELCAIR_MID,2053,0.0
RE1,DEMINDELCAIR_MID,2054,0.0
RE1,DEMINDELCAIR_MID,2055,0.0
RE1,DEMINDELCBOI_HIG,2022,0.0
RE1,DEMINDELCBOI_HIG,2023,0.0
RE1,DEMINDELCBOI_HIG,2024,0.0
RE1,DEMINDELCBOI_HIG,2025,0.0
RE1,DEMINDELCBOI_HIG,2026,0.0
RE1,DEMINDELCBOI_HIG,2027,0.0
RE1,DEMINDELCBOI_HIG,2028,0.0
RE1,DEMINDELCBOI_HIG,2029,0.0
RE1,DEMINDELCBOI_HIG,2030,0.0
RE1,DEMINDELCBOI_HIG,2031,0.0
RE1,DEMINDELCBOI_HIG,2032,0.0
RE1,DEMINDELCBOI_HIG,2033,0.0
RE1,DEMINDELCBOI_HIG,2034,0.0
RE1,DEMINDELCBOI_HIG,2035,0.0
RE1,DEMINDELCBOI_HIG,2036,0.0
RE1,DEMINDELCBOI_HIG,2037,0.0
RE1,DEMINDELCBOI_HIG,2038,0.0
RE1,DEMINDELCBOI_HIG,2039,0.0
RE1,DEMINDELCBOI_HIG,2040,0.0
RE1,DEMINDELCBOI_HIG,2041,0.0
RE1,DEMINDELCBOI_HIG,2042,0.0
RE1,DEMINDELCBOI_HIG,2043,0.0
RE1,DEMINDELCBOI_HIG,2044,0.0
RE1,DEMINDELCBOI_HIG,2045,0.0
RE1,DEMINDELCBOI_HIG,2046,0.0
RE1,DEMINDELCBOI_HIG,2047,0.0
RE1,DEMINDELCBOI_HIG,2048,0.0
RE1,DEMINDELCBOI_HIG,2049,0.0
RE1,DEMINDELCBOI_HIG,2050,0.0
RE1,DEMINDELCBOI_HIG,2051,0.0
RE1,DEMINDELCBOI_HIG,2052,0.0
RE1,DEMINDELCBOI_HIG,2053,0.0
RE1,DEMINDELCBOI_HIG,2054,0.0
RE1,DEMINDELCBOI_HIG,2055,0.0
RE1,DEMINDELCBOI_LOW,2022,0.04653653920620138
RE1,DEMINDELCBOI_LOW,2023,0.04423684155625935
RE1,DEMINDELCBOI_LOW,2024,0.04279386344070032
RE1,DEMINDELCBOI_LOW,2025,0.04279206014881261
RE1,DEMINDELCBOI_LOW,2026,0.04278836046849152
RE1,DEMINDELCBOI_LOW,2027,0.0
RE1,DEMINDELCBOI_LOW,2028,0.0
RE1,DEMINDELCBOI_LOW,2029,0.0
RE1,DEMINDELCBOI_LOW,2030,0.0
RE1,DEMINDELCBOI_LOW,2031,0.0
RE1,DEMINDELCBOI_LOW,2032,0.0
RE1,DEMINDELCBOI_LOW,2033,0.0
RE1,DEMINDELCBOI_LOW,2034,0.0
RE1,DEMINDELCBOI_LOW,2035,0.0
RE1,DEMINDELCBOI_LOW,2036,0.0
RE1,DEMINDELCBOI_LOW,2037,0.0
RE1,DEMINDELCBOI_LOW,2038,0.0
RE1,DEMINDELCBOI_LOW,2039,0.0
RE1,DEMINDELCBOI_LOW,2040,0.0
RE1,DEMINDELCBOI_LOW,2041,0.0
RE1,DEMINDELCBOI_LOW,2042,0.0
RE1,DEMINDELCBOI_LOW,2043,0.0
RE1,DEMINDELCBOI_LOW,2044,0.0
RE1,DEMINDELCBOI_LOW,2045,0.0
RE1,DEMINDELCBOI_LOW,2046,0.0
RE1,DEMINDELCBOI_LOW,2047,0.0
RE1,DEMINDELCBOI_LOW,2048,0.0
RE1,DEMINDELCBOI_LOW,2049,0.0
RE1,DEMINDELCBOI_LOW,2050,0.0
RE1,DEMINDELCBOI_LOW,2051,0.0
RE1,DEMINDELCBOI_LOW,2052,0.0
RE1,DEMINDELCBOI_LOW,2053,0.0
RE1,DEMINDELCBOI_LOW,2054,0.0
RE1,DEMINDELCBOI_LOW,2055,0.0
RE1,DEMINDELCBOI_MID,2022,0.0003206809075890755
RE1,DEMINDELCBOI_MID,2023,0.0004177331680832579
RE1,DEMINDELCBOI_MID,2024,0.0009684578476587312
RE1,DEMINDELCBOI_MID,2025,0.0009684170377846078
RE1,DEMINDELCBOI_MID,2026,0.0009683333111903555
RE1,DEMINDELCBOI_MID,2027,0.0
RE1,DEMINDELCBOI_MID,2028,0.0
RE1,DEMINDELCBOI_MID,2029,0.0
RE1,DEMINDELCBOI_MID,2030,0.0
RE1,DEMINDELCBOI_MID,2031,0.0
RE1,DEMINDELCBOI_MID,2032,0.0
RE1,DEMINDELCBOI_MID,2033,0.0
RE1,DEMINDELCBOI_MID,2034,0.0
RE1,DEMINDELCBOI_MID,2035,0.0
RE1,DEMINDELCBOI_MID,2036,0.0
RE1,DEMINDELCBOI_MID,2037,0.0
RE1,DEMINDELCBOI_MID,2038,0.0
RE1,DEMINDELCBOI_MID,2039,0.0
RE1,DEMINDELCBOI_MID,2040,0.0
RE1,DEMINDELCBOI_MID,2041,0.0
RE1,DEMINDELCBOI_MID,2042,0.0
RE1,DEMINDELCBOI_MID,2043,0.0
RE1,DEMINDELCBOI_MID,2044,0.0
RE1,DEMINDELCBOI_MID,2045,0.0
RE1,DEMINDELCBOI_MID,2046,0.0
RE1,DEMINDELCBOI_MID,2047,0.0
RE1,DEMINDELCBOI_MID,2048,0.0
RE1,DEMINDELCBOI_MID,2049,0.0
RE1,DEMINDELCBOI_MID,2050,0.0
RE1,DEMINDELCBOI_MID,2051,0.0
RE1,DEMINDELCBOI_MID,2052,0.0
RE1,DEMINDELCBOI_MID,2053,0.0
RE1,DEMINDELCBOI_MID,2054,0.0
RE1,DEMINDELCBOI_MID,2055,0.0
RE1,DEMINDELCFUR_HIG,2022,0.0
RE1,DEMINDELCFUR_HIG,2023,0.0
RE1,DEMINDELCFUR_HIG,2024,0.0
RE1,DEMINDELCFUR_HIG,2025,0.0
RE1,DEMINDELCFUR_HIG,2026,0.0
RE1,DEMINDELCFUR_HIG,2027,0.0
RE1,DEMINDELCFUR_HIG,2028,0.0
RE1,DEMINDELCFUR_HIG,2029,0.0
RE1,DEMINDELCFUR_HIG,2030,0.0
RE1,DEMINDELCFUR_HIG,2031,0.0
RE1,DEMINDELCFUR_HIG,2032,0.0
RE1,DEMINDELCFUR_HIG,2033,0.0
RE1,DEMINDELCFUR_HIG,2034,0.0
RE1,DEMINDELCFUR_HIG,2035,0.0
RE1,DEMINDELCFUR_HIG,2036,0.0
RE1,DEMINDELCFUR_HIG,2037,0.0
RE1,DEMINDELCFUR_HIG,2038,0.0
RE1,DEMINDELCFUR_HIG,2039,0.0
RE1,DEMINDELCFUR_HIG,2040,0.0
RE1,DEMINDELCFUR_HIG,2041,0.0
RE1,DEMINDELCFUR_HIG,2042,0.0
RE1,DEMINDELCFUR_HIG,2043,0.0
RE1,DEMINDELCFUR_HIG,2044,0.0
RE1,DEMINDELCFUR_HIG,2045,0.0
RE1,DEMINDELCFUR_HIG,2046,0.0
RE1,DEMINDELCFUR_HIG,2047,0.0
RE1,DEMINDELCFUR_HIG,2048,0.0
RE1,DEMINDELCFUR_HIG,2049,0.0
RE1,DEMINDELCFUR_HIG,2050,0.0
RE1,DEMINDELCFUR_HIG,2051,0.0
RE1,DEMINDELCFUR_HIG,2052,0.0
RE1,DEMINDELCFUR_HIG,2053,0.0
RE1,DEMINDELCFUR_HIG,2054,0.0
RE1,DEMINDELCFUR_HIG,2055,0.0
RE1,DEMINDELCFUR_LOW,2022,3.485475573074125
RE1,DEMINDELCFUR_LOW,2023,3.312399301839411
RE1,DEMINDELCFUR_LOW,2024,3.203585359557214
RE1,DEMINDELCFUR_LOW,2025,3.203522901021046
RE1,DEMINDELCFUR_LOW,2026,3.203394755043835
RE1,DEMINDELCFUR_LOW,2027,0.0
RE1,DEMINDELCFUR_LOW,2028,0.0
RE1,DEMINDELCFUR_LOW,2029,0.0
RE1,DEMINDELCFUR_LOW,2030,0.0
RE1,DEMINDELCFUR_LOW,2031,0.0
RE1,DEMINDELCFUR_LOW,2032,0.0
RE1,DEMINDELCFUR_LOW,2033,0.0
RE1,DEMINDELCFUR_LOW,2034,0.0
RE1,DEMINDELCFUR_LOW,2035,0.0
RE1,DEMINDELCFUR_LOW,2036,0.0
RE1,DEMINDELCFUR_LOW,2037,0.0
RE1,DEMINDELCFUR_LOW,2038,0.0
RE1,DEMINDELCFUR_LOW,2039,0.0
RE1,DEMINDELCFUR_LOW,2040,0.0
RE1,DEMINDELCFUR_LOW,2041,0.0
RE1,DEMINDELCFUR_LOW,2042,0.0
RE1,DEMINDELCFUR_LOW,2043,0.0
RE1,DEMINDELCFUR_LOW,2044,0.0
RE1,DEMINDELCFUR_LOW,2045,0.0
RE1,DEMINDELCFUR_LOW,2046,0.0
RE1,DEMINDELCFUR_LOW,2047,0.0
RE1,DEMINDELCFUR_LOW,2048,0.0
RE1,DEMINDELCFUR_LOW,2049,0.0
RE1,DEMINDELCFUR_LOW,2050,0.0
RE1,DEMINDELCFUR_LOW,2051,0.0
RE1,DEMINDELCFUR_LOW,2052,0.0
RE1,DEMINDELCFUR_LOW,2053,0.0
RE1,DEMINDELCFUR_LOW,2054,0.0
RE1,DEMINDELCFUR_LOW,2055,0.0
RE1,DEMINDELCFUR_MID,2022,0.02401823361209501
RE1,DEMINDELCFUR_MID,2023,0.0312793365356881
RE1,DEMINDELCFUR_MID,2024,0.07249958598402792
RE1,DEMINDELCFUR_MID,2025,0.07249817249960183
RE1,DEMINDELCFUR_MID,2026,0.07249527245816371
RE1,DEMINDELCFUR_MID,2027,0.0
RE1,DEMINDELCFUR_MID,2028,0.0
RE1,DEMINDELCFUR_MID,2029,0.0
RE1,DEMINDELCFUR_MID,2030,0.0
RE1,DEMINDELCFUR_MID,2031,0.0
RE1,DEMINDELCFUR_MID,2032,0.0
RE1,DEMINDELCFUR_MID,2033,0.0
RE1,DEMINDELCFUR_MID,2034,0.0
RE1,DEMINDELCFUR_MID,2035,0.0
RE1,DEMINDELCFUR_MID,2036,0.0
RE1,DEMINDELCFUR_MID,2037,0.0
RE1,DEMINDELCFUR_MID,2038,0.0
RE1,DEMINDELCFUR_MID,2039,0.0
RE1,DEMINDELCFUR_MID,2040,0.0
RE1,DEMINDELCFUR_MID,2041,0.0
RE1,DEMINDELCFUR_MID,2042,0.0
RE1,DEMINDELCFUR_MID,2043,0.0
RE1,DEMINDELCFUR_MID,2044,0.0
RE1,DEMINDELCFUR_MID,2045,0.0
RE1,DEMINDELCFUR_MID,2046,0.0
RE1,DEMINDELCFUR_MID,2047,0.0
RE1,DEMINDELCFUR_MID,2048,0.0
RE1,DEMINDELCFUR_MID,2049,0.0
RE1,DEMINDELCFUR_MID,2050,0.0
RE1,DEMINDELCFUR_MID,2051,0.0
RE1,DEMINDELCFUR_MID,2052,0.0
RE1,DEMINDELCFUR_MID,2053,0.0
RE1,DEMINDELCFUR_MID,2054,0.0
RE1,DEMINDELCFUR_MID,2055,0.0
RE1,DEMINDELCILU_HIG,2022,0.0
RE1,DEMINDELCILU_HIG,2023,0.0
RE1,DEMINDELCILU_HIG,2024,0.0
RE1,DEMINDELCILU_HIG,2025,0.0
RE1,DEMINDELCILU_HIG,2026,0.0
RE1,DEMINDELCILU_HIG,2027,0.0
RE1,DEMINDELCILU_HIG,2028,0.0
RE1,DEMINDELCILU_HIG,2029,0.0
RE1,DEMINDELCILU_HIG,2030,0.0
RE1,DEMINDELCILU_HIG,2031,0.0
RE1,DEMINDELCILU_HIG,2032,0.0
RE1,DEMINDELCILU_HIG,2033,0.0
RE1,DEMINDELCILU_HIG,2034,0.0
RE1,DEMINDELCILU_HIG,2035,0.0
RE1,DEMINDELCILU_HIG,2036,0.0
RE1,DEMINDELCILU_HIG,2037,0.0
RE1,DEMINDELCILU_HIG,2038,0.0
RE1,DEMINDELCILU_HIG,2039,0.0
RE1,DEMINDELCILU_HIG,2040,0.0
RE1,DEMINDELCILU_HIG,2041,0.0
RE1,DEMINDELCILU_HIG,2042,0.0
RE1,DEMINDELCILU_HIG,2043,0.0
RE1,DEMINDELCILU_HIG,2044,0.0
RE1,DEMINDELCILU_HIG,2045,0.0
RE1,DEMINDELCILU_HIG,2046,0.0
RE1,DEMINDELCILU_HIG,2047,0.0
RE1,DEMINDELCILU_HIG,2048,0.0
RE1,DEMINDELCILU_HIG,2049,0.0
RE1,DEMINDELCILU_HIG,2050,0.0
RE1,DEMINDELCILU_HIG,2051,0.0
RE1,DEMINDELCILU_HIG,2052,0.0
RE1,DEMINDELCILU_HIG,2053,0.0
RE1,DEMINDELCILU_HIG,2054,0.0
RE1,DEMINDELCILU_HIG,2055,0.0
RE1,DEMINDELCILU_LOW,2022,1.260774905752523
RE1,DEMINDELCILU_LOW,2023,1.198500693348961
RE1,DEMINDELCILU_LOW,2024,1.159433453038381
RE1,DEMINDELCILU_LOW,2025,1.09090157627704
RE1,DEMINDELCILU_LOW,2026,0.962710102024271
RE1,DEMINDELCILU_LOW,2027,0.0
RE1,DEMINDELCILU_LOW,2028,0.0
RE1,DEMINDELCILU_LOW,2029,0.0
RE1,DEMINDELCILU_LOW,2030,0.0
RE1,DEMINDELCILU_LOW,2031,0.0
RE1,DEMINDELCILU_LOW,2032,0.0
RE1,DEMINDELCILU_LOW,2033,0.0
RE1,DEMINDELCILU_LOW,2034,0.0
RE1,DEMINDELCILU_LOW,2035,0.0
RE1,DEMINDELCILU_LOW,2036,0.0
RE1,DEMINDELCILU_LOW,2037,0.0
RE1,DEMINDELCILU_LOW,2038,0.0
RE1,DEMINDELCILU_LOW,2039,0.0
RE1,DEMINDELCILU_LOW,2040,0.0
RE1,DEMINDELCILU_LOW,2041,0.0
RE1,DEMINDELCILU_LOW,2042,0.0
RE1,DEMINDELCILU_LOW,2043,0.0
RE1,DEMINDELCILU_LOW,2044,0.0
RE1,DEMINDELCILU_LOW,2045,0.0
RE1,DEMINDELCILU_LOW,2046,0.0
RE1,DEMINDELCILU_LOW,2047,0.0
RE1,DEMINDELCILU_LOW,2048,0.0
RE1,DEMINDELCILU_LOW,2049,0.0
RE1,DEMINDELCILU_LOW,2050,0.0
RE1,DEMINDELCILU_LOW,2051,0.0
RE1,DEMINDELCILU_LOW,2052,0.0
RE1,DEMINDELCILU_LOW,2053,0.0
RE1,DEMINDELCILU_LOW,2054,0.0
RE1,DEMINDELCILU_LOW,2055,0.0
RE1,DEMINDELCILU_MID,2022,0.00868793528566415
RE1,DEMINDELCILU_MID,2023,0.0113175686592797
RE1,DEMINDELCILU_MID,2024,0.0262388654856797
RE1,DEMINDELCILU_MID,2025,0.02468793671860842
RE1,DEMINDELCILU_MID,2026,0.02178686564763422
RE1,DEMINDELCILU_MID,2027,0.0
RE1,DEMINDELCILU_MID,2028,0.0
RE1,DEMINDELCILU_MID,2029,0.0
RE1,DEMINDELCILU_MID,2030,0.0
RE1,DEMINDELCILU_MID,2031,0.0
RE1,DEMINDELCILU_MID,2032,0.0
RE1,DEMINDELCILU_MID,2033,0.0
RE1,DEMINDELCILU_MID,2034,0.0
RE1,DEMINDELCILU_MID,2035,0.0
RE1,DEMINDELCILU_MID,2036,0.0
RE1,DEMINDELCILU_MID,2037,0.0
RE1,DEMINDELCILU_MID,2038,0.0
RE1,DEMINDELCILU_MID,2039,0.0
RE1,DEMINDELCILU_MID,2040,0.0
RE1,DEMINDELCILU_MID,2041,0.0
RE1,DEMINDELCILU_MID,2042,0.0
RE1,DEMINDELCILU_MID,2043,0.0
RE1,DEMINDELCILU_MID,2044,0.0
RE1,DEMINDELCILU_MID,2045,0.0
RE1,DEMINDELCILU_MID,2046,0.0
RE1,DEMINDELCILU_MID,2047,0.0
RE1,DEMINDELCILU_MID,2048,0.0
RE1,DEMINDELCILU_MID,2049,0.0
RE1,DEMINDELCILU_MID,2050,0.0
RE1,DEMINDELCILU_MID,2051,0.0
RE1,DEMINDELCILU_MID,2052,0.0
RE1,DEMINDELCILU_MID,2053,0.0
RE1,DEMINDELCILU_MID,2054,0.0
RE1,DEMINDELCILU_MID,2055,0.0
RE1,DEMINDELCMPW_HIG,2022,0.0
RE1,DEMINDELCMPW_HIG,2023,0.0
RE1,DEMINDELCMPW_HIG,2024,0.0
RE1,DEMINDELCMPW_HIG,2025,0.0
RE1,DEMINDELCMPW_HIG,2026,0.0
RE1,DEMINDELCMPW_HIG,2027,0.0
RE1,DEMINDELCMPW_HIG,2028,0.0
RE1,DEMINDELCMPW_HIG,2029,0.0
RE1,DEMINDELCMPW_HIG,2030,0.0
RE1,DEMINDELCMPW_HIG,2031,0.0
RE1,DEMINDELCMPW_HIG,2032,0.0
RE1,DEMINDELCMPW_HIG,2033,0.0
RE1,DEMINDELCMPW_HIG,2034,0.0
RE1,DEMINDELCMPW_HIG,2035,0.0
RE1,DEMINDELCMPW_HIG,2036,0.0
RE1,DEMINDELCMPW_HIG,2037,0.0
RE1,DEMINDELCMPW_HIG,2038,0.0
RE1,DEMINDELCMPW_HIG,2039,0.0
RE1,DEMINDELCMPW_HIG,2040,0.0
RE1,DEMINDELCMPW_HIG,2041,0.0
RE1,DEMINDELCMPW_HIG,2042,0.0
RE1,DEMINDELCMPW_HIG,2043,0.0
RE1,DEMINDELCMPW_HIG,2044,0.0
RE1,DEMINDELCMPW_HIG,2045,0.0
RE1,DEMINDELCMPW_HIG,2046,0.0
RE1,DEMINDELCMPW_HIG,2047,0.0
RE1,DEMINDELCMPW_HIG,2048,0.0
RE1,DEMINDELCMPW_HIG,2049,0.0
RE1,DEMINDELCMPW_HIG,2050,0.0
RE1,DEMINDELCMPW_HIG,2051,0.0
RE1,DEMINDELCMPW_HIG,2052,0.0
RE1,DEMINDELCMPW_HIG,2053,0.0
RE1,DEMINDELCMPW_HIG,2054,0.0
RE1,DEMINDELCMPW_HIG,2055,0.0
RE1,DEMINDELCMPW_LOW,2022,33.01465842979943
RE1,DEMINDELCMPW_LOW,2023,31.39877823852533
RE1,DEMINDELCMPW_LOW,2024,30.38888794321742
RE1,DEMINDELCMPW_LOW,2025,30.38760738496213
RE1,DEMINDELCMPW_LOW,2026,30.38498015849405
RE1,DEMINDELCMPW_LOW,2027,0.0
RE1,DEMINDELCMPW_LOW,2028,0.0
RE1,DEMINDELCMPW_LOW,2029,0.0
RE1,DEMINDELCMPW_LOW,2030,0.0
RE1,DEMINDELCMPW_LOW,2031,0.0
RE1,DEMINDELCMPW_LOW,2032,0.0
RE1,DEMINDELCMPW_LOW,2033,0.0
RE1,DEMINDELCMPW_LOW,2034,0.0
RE1,DEMINDELCMPW_LOW,2035,0.0
RE1,DEMINDELCMPW_LOW,2036,0.0
RE1,DEMINDELCMPW_LOW,2037,0.0
RE1,DEMINDELCMPW_LOW,2038,0.0
RE1,DEMINDELCMPW_LOW,2039,0.0
RE1,DEMINDELCMPW_LOW,2040,0.0
RE1,DEMINDELCMPW_LOW,2041,0.0
RE1,DEMINDELCMPW_LOW,2042,0.0
RE1,DEMINDELCMPW_LOW,2043,0.0
RE1,DEMINDELCMPW_LOW,2044,0.0
RE1,DEMINDELCMPW_LOW,2045,0.0
RE1,DEMINDELCMPW_LOW,2046,0.0
RE1,DEMINDELCMPW_LOW,2047,0.0
RE1,DEMINDELCMPW_LOW,2048,0.0
RE1,DEMINDELCMPW_LOW,2049,0.0
RE1,DEMINDELCMPW_LOW,2050,0.0
RE1,DEMINDELCMPW_LOW,2051,0.0
RE1,DEMINDELCMPW_LOW,2052,0.0
RE1,DEMINDELCMPW_LOW,2053,0.0
RE1,DEMINDELCMPW_LOW,2054,0.0
RE1,DEMINDELCMPW_LOW,2055,0.0
RE1,DEMINDELCMPW_MID,2022,0.2275023198888965
RE1,DEMINDELCMPW_MID,2023,0.2965019799354761
RE1,DEMINDELCMPW_MID,2024,0.6877237679419274
RE1,DEMINDELCMPW_MID,2025,0.687694787929561
RE1,DEMINDELCMPW_MID,2026,0.6876353317859454
RE1,DEMINDELCMPW_MID,2027,0.0
RE1,DEMINDELCMPW_MID,2028,0.0
RE1,DEMINDELCMPW_MID,2029,0.0
RE1,DEMINDELCMPW_MID,2030,0.0
RE1,DEMINDELCMPW_MID,2031,0.0
RE1,DEMINDELCMPW_MID,2032,0.0
RE1,DEMINDELCMPW_MID,2033,0.0
RE1,DEMINDELCMPW_MID,2034,0.0
RE1,DEMINDELCMPW_MID,2035,0.0
RE1,DEMINDELCMPW_MID,2036,0.0
RE1,DEMINDELCMPW_MID,2037,0.0
RE1,DEMINDELCMPW_MID,2038,0.0
RE1,DEMINDELCMPW_MID,2039,0.0
RE1,DEMINDELCMPW_MID,2040,0.0
RE1,DEMINDELCMPW_MID,2041,0.0
RE1,DEMINDELCMPW_MID,2042,0.0
RE1,DEMINDELCMPW_MID,2043,0.0
RE1,DEMINDELCMPW_MID,2044,0.0
RE1,DEMINDELCMPW_MID,2045,0.0
RE1,DEMINDELCMPW_MID,2046,0.0
RE1,DEMINDELCMPW_MID,2047,0.0
RE1,DEMINDELCMPW_MID,2048,0.0
RE1,DEMINDELCMPW_MID,2049,0.0
RE1,DEMINDELCMPW_MID,2050,0.0
RE1,DEMINDELCMPW_MID,2051,0.0
RE1,DEMINDELCMPW_MID,2052,0.0
RE1,DEMINDELCMPW_MID,2053,0.0
RE1,DEMINDELCMPW_MID,2054,0.0
RE1,DEMINDELCMPW_MID,2055,0.0
RE1,DEMINDELCOTH_HIG,2022,0.0
RE1,DEMINDELCOTH_HIG,2023,0.0
RE1,DEMINDELCOTH_HIG,2024,0.0
RE1,DEMINDELCOTH_HIG,2025,0.0
RE1,DEMINDELCOTH_HIG,2026,0.0
RE1,DEMINDELCOTH_HIG,2027,0.0
RE1,DEMINDELCOTH_HIG,2028,0.0
RE1,DEMINDELCOTH_HIG,2029,0.0
RE1,DEMINDELCOTH_HIG,2030,0.0
RE1,DEMINDELCOTH_HIG,2031,0.0
RE1,DEMINDELCOTH_HIG,2032,0.0
RE1,DEMINDELCOTH_HIG,2033,0.0
RE1,DEMINDELCOTH_HIG,2034,0.0
RE1,DEMINDELCOTH_HIG,2035,0.0
RE1,DEMINDELCOTH_HIG,2036,0.0
RE1,DEMINDELCOTH_HIG,2037,0.0
RE1,DEMINDELCOTH_HIG,2038,0.0
RE1,DEMINDELCOTH_HIG,2039,0.0
RE1,DEMINDELCOTH_HIG,2040,0.0
RE1,DEMINDELCOTH_HIG,2041,0.0
RE1,DEMINDELCOTH_HIG,2042,0.0
RE1,DEMINDELCOTH_HIG,2043,0.0
RE1,DEMINDELCOTH_HIG,2044,0.0
RE1,DEMINDELCOTH_HIG,2045,0.0
RE1,DEMINDELCOTH_HIG,2046,0.0
RE1,DEMINDELCOTH_HIG,2047,0.0
RE1,DEMINDELCOTH_HIG,2048,0.0
RE1,DEMINDELCOTH_HIG,2049,0.0
RE1,DEMINDELCOTH_HIG,2050,0.0
RE1,DEMINDELCOTH_HIG,2051,0.0
RE1,DEMINDELCOTH_HIG,2052,0.0
RE1,DEMINDELCOTH_HIG,2053,0.0
RE1,DEMINDELCOTH_HIG,2054,0.0
RE1,DEMINDELCOTH_HIG,2055,0.0
RE1,DEMINDELCOTH_LOW,2022,0.3951866455454174
RE1,DEMINDELCOTH_LOW,2023,0.3758184960610821
RE1,DEMINDELCOTH_LOW,2024,0.3637070619348636
RE1,DEMINDELCOTH_LOW,2025,0.2620849711970051
RE1,DEMINDELCOTH_LOW,2026,0.1338003506947048
RE1,DEMINDELCOTH_LOW,2027,0.0
RE1,DEMINDELCOTH_LOW,2028,0.0
RE1,DEMINDELCOTH_LOW,2029,0.0
RE1,DEMINDELCOTH_LOW,2030,0.0
RE1,DEMINDELCOTH_LOW,2031,0.0
RE1,DEMINDELCOTH_LOW,2032,0.0
RE1,DEMINDELCOTH_LOW,2033,0.0
RE1,DEMINDELCOTH_LOW,2034,0.0
RE1,DEMINDELCOTH_LOW,2035,0.0
RE1,DEMINDELCOTH_LOW,2036,0.0
RE1,DEMINDELCOTH_LOW,2037,0.0
RE1,DEMINDELCOTH_LOW,2038,0.0
RE1,DEMINDELCOTH_LOW,2039,0.0
RE1,DEMINDELCOTH_LOW,2040,0.0
RE1,DEMINDELCOTH_LOW,2041,0.0
RE1,DEMINDELCOTH_LOW,2042,0.0
RE1,DEMINDELCOTH_LOW,2043,0.0
RE1,DEMINDELCOTH_LOW,2044,0.0
RE1,DEMINDELCOTH_LOW,2045,0.0
RE1,DEMINDELCOTH_LOW,2046,0.0
RE1,DEMINDELCOTH_LOW,2047,0.0
RE1,DEMINDELCOTH_LOW,2048,0.0
RE1,DEMINDELCOTH_LOW,2049,0.0
RE1,DEMINDELCOTH_LOW,2050,0.0
RE1,DEMINDELCOTH_LOW,2051,0.0
RE1,DEMINDELCOTH_LOW,2052,0.0
RE1,DEMINDELCOTH_LOW,2053,0.0
RE1,DEMINDELCOTH_LOW,2054,0.0
RE1,DEMINDELCOTH_LOW,2055,0.0
RE1,DEMINDELCOTH_MID,2022,0.002723210928923117
RE1,DEMINDELCOTH_MID,2023,0.003548893760514588
RE1,DEMINDELCOTH_MID,2024,0.008230968883373026
RE1,DEMINDELCOTH_MID,2025,0.005931183274930748
RE1,DEMINDELCOTH_MID,2026,0.0030280042331148
RE1,DEMINDELCOTH_MID,2027,0.0
RE1,DEMINDELCOTH_MID,2028,0.0
RE1,DEMINDELCOTH_MID,2029,0.0
RE1,DEMINDELCOTH_MID,2030,0.0
RE1,DEMINDELCOTH_MID,2031,0.0
RE1,DEMINDELCOTH_MID,2032,0.0
RE1,DEMINDELCOTH_MID,2033,0.0
RE1,DEMINDELCOTH_MID,2034,0.0
RE1,DEMINDELCOTH_MID,2035,0.0
RE1,DEMINDELCOTH_MID,2036,0.0
RE1,DEMINDELCOTH_MID,2037,0.0
RE1,DEMINDELCOTH_MID,2038,0.0
RE1,DEMINDELCOTH_MID,2039,0.0
RE1,DEMINDELCOTH_MID,2040,0.0
RE1,DEMINDELCOTH_MID,2041,0.0
RE1,DEMINDELCOTH_MID,2042,0.0
RE1,DEMINDELCOTH_MID,2043,0.0
RE1,DEMINDELCOTH_MID,2044,0.0
RE1,DEMINDELCOTH_MID,2045,0.0
RE1,DEMINDELCOTH_MID,2046,0.0
RE1,DEMINDELCOTH_MID,2047,0.0
RE1,DEMINDELCOTH_MID,2048,0.0
RE1,DEMINDELCOTH_MID,2049,0.0
RE1,DEMINDELCOTH_MID,2050,0.0
RE1,DEMINDELCOTH_MID,2051,0.0
RE1,DEMINDELCOTH_MID,2052,0.0
RE1,DEMINDELCOTH_MID,2053,0.0
RE1,DEMINDELCOTH_MID,2054,0.0
RE1,DEMINDELCOTH_MID,2055,0.0
RE1,DEMINDELCREF_HIG,2022,0.0
RE1,DEMINDELCREF_HIG,2023,0.0
RE1,DEMINDELCREF_HIG,2024,0.0
RE1,DEMINDELCREF_HIG,2025,0.0
RE1,DEMINDELCREF_HIG,2026,0.0
RE1,DEMINDELCREF_HIG,2027,0.0
RE1,DEMINDELCREF_HIG,2028,0.0
RE1,DEMINDELCREF_HIG,2029,0.0
RE1,DEMINDELCREF_HIG,2030,0.0
RE1,DEMINDELCREF_HIG,2031,0.0
RE1,DEMINDELCREF_HIG,2032,0.0
RE1,DEMINDELCREF_HIG,2033,0.0
RE1,DEMINDELCREF_HIG,2034,0.0
RE1,DEMINDELCREF_HIG,2035,0.0
RE1,DEMINDELCREF_HIG,2036,0.0
RE1,DEMINDELCREF_HIG,2037,0.0
RE1,DEMINDELCREF_HIG,2038,0.0
RE1,DEMINDELCREF_HIG,2039,0.0
RE1,DEMINDELCREF_HIG,2040,0.0
RE1,DEMINDELCREF_HIG,2041,0.0
RE1,DEMINDELCREF_HIG,2042,0.0
RE1,DEMINDELCREF_HIG,2043,0.0
RE1,DEMINDELCREF_HIG,2044,0.0
RE1,DEMINDELCREF_HIG,2045,0.0
RE1,DEMINDELCREF_HIG,2046,0.0
RE1,DEMINDELCREF_HIG,2047,0.0
RE1,DEMINDELCREF_HIG,2048,0.0
RE1,DEMINDELCREF_HIG,2049,0.0
RE1,DEMINDELCREF_HIG,2050,0.0
RE1,DEMINDELCREF_HIG,2051,0.0
RE1,DEMINDELCREF_HIG,2052,0.0
RE1,DEMINDELCREF_HIG,2053,0.0
RE1,DEMINDELCREF_HIG,2054,0.0
RE1,DEMINDELCREF_HIG,2055,0.0
RE1,DEMINDELCREF_LOW,2022,1.483823181957627
RE1,DEMINDELCREF_LOW,2023,1.411924186373465
RE1,DEMINDELCREF_LOW,2024,1.367177458883814
RE1,DEMINDELCREF_LOW,2025,1.366740032088991
RE1,DEMINDELCREF_LOW,2026,1.365842976355475
RE1,DEMINDELCREF_LOW,2027,0.0
RE1,DEMINDELCREF_LOW,2028,0.0
RE1,DEMINDELCREF_LOW,2029,0.0
RE1,DEMINDELCREF_LOW,2030,0.0
RE1,DEMINDELCREF_LOW,2031,0.0
RE1,DEMINDELCREF_LOW,2032,0.0
RE1,DEMINDELCREF_LOW,2033,0.0
RE1,DEMINDELCREF_LOW,2034,0.0
RE1,DEMINDELCREF_LOW,2035,0.0
RE1,DEMINDELCREF_LOW,2036,0.0
RE1,DEMINDELCREF_LOW,2037,0.0
RE1,DEMINDELCREF_LOW,2038,0.0
RE1,DEMINDELCREF_LOW,2039,0.0
RE1,DEMINDELCREF_LOW,2040,0.0
RE1,DEMINDELCREF_LOW,2041,0.0
RE1,DEMINDELCREF_LOW,2042,0.0
RE1,DEMINDELCREF_LOW,2043,0.0
RE1,DEMINDELCREF_LOW,2044,0.0
RE1,DEMINDELCREF_LOW,2045,0.0
RE1,DEMINDELCREF_LOW,2046,0.0
RE1,DEMINDELCREF_LOW,2047,0.0
RE1,DEMINDELCREF_LOW,2048,0.0
RE1,DEMINDELCREF_LOW,2049,0.0
RE1,DEMINDELCREF_LOW,2050,0.0
RE1,DEMINDELCREF_LOW,2051,0.0
RE1,DEMINDELCREF_LOW,2052,0.0
RE1,DEMINDELCREF_LOW,2053,0.0
RE1,DEMINDELCREF_LOW,2054,0.0
RE1,DEMINDELCREF_LOW,2055,0.0
RE1,DEMINDELCREF_MID,2022,0.01022494953016344
RE1,DEMINDELCREF_MID,2023,0.01333294925039033
RE1,DEMINDELCREF_MID,2024,0.03094027116838611
RE1,DEMINDELCREF_MID,2025,0.03093037186558515
RE1,DEMINDELCREF_MID,2026,0.03091007080849282
RE1,DEMINDELCREF_MID,2027,0.0
RE1,DEMINDELCREF_MID,2028,0.0
RE1,DEMINDELCREF_MID,2029,0.0
RE1,DEMINDELCREF_MID,2030,0.0
RE1,DEMINDELCREF_MID,2031,0.0
RE1,DEMINDELCREF_MID,2032,0.0
RE1,DEMINDELCREF_MID,2033,0.0
RE1,DEMINDELCREF_MID,2034,0.0
RE1,DEMINDELCREF_MID,2035,0.0
RE1,DEMINDELCREF_MID,2036,0.0
RE1,DEMINDELCREF_MID,2037,0.0
RE1,DEMINDELCREF_MID,2038,0.0
RE1,DEMINDELCREF_MID,2039,0.0
RE1,DEMINDELCREF_MID,2040,0.0
RE1,DEMINDELCREF_MID,2041,0.0
RE1,DEMINDELCREF_MID,2042,0.0
RE1,DEMINDELCREF_MID,2043,0.0
RE1,DEMINDELCREF_MID,2044,0.0
RE1,DEMINDELCREF_MID,2045,0.0
RE1,DEMINDELCREF_MID,2046,0.0
RE1,DEMINDELCREF_MID,2047,0.0
RE1,DEMINDELCREF_MID,2048,0.0
RE1,DEMINDELCREF_MID,2049,0.0
RE1,DEMINDELCREF_MID,2050,0.0
RE1,DEMINDELCREF_MID,2051,0.0
RE1,DEMINDELCREF_MID,2052,0.0
RE1,DEMINDELCREF_MID,2053,0.0
RE1,DEMINDELCREF_MID,2054,0.0
RE1,DEMINDELCREF_MID,2055,0.0
RE1,DEMINDHDGBOI_HIG,2022,0.0
RE1,DEMINDHDGBOI_HIG,2023,0.0
RE1,DEMINDHDGBOI_HIG,2024,0.0
RE1,DEMINDHDGBOI_HIG,2025,0.0
RE1,DEMINDHDGBOI_HIG,2026,0.0
RE1,DEMINDHDGBOI_HIG,2027,0.0
RE1,DEMINDHDGBOI_HIG,2028,0.0
RE1,DEMINDHDGBOI_HIG,2029,0.0
RE1,DEMINDHDGBOI_HIG,2030,0.0
RE1,DEMINDHDGBOI_HIG,2031,0.0
RE1,DEMINDHDGBOI_HIG,2032,0.0
RE1,DEMINDHDGBOI_HIG,2033,0.0
RE1,DEMINDHDGBOI_HIG,2034,0.0
RE1,DEMINDHDGBOI_HIG,2035,0.0
RE1,DEMINDHDGBOI_HIG,2036,0.0
RE1,DEMINDHDGBOI_HIG,2037,0.0
RE1,DEMINDHDGBOI_HIG,2038,0.0
RE1,DEMINDHDGBOI_HIG,2039,0.0
RE1,DEMINDHDGBOI_HIG,2040,0.0
RE1,DEMINDHDGBOI_HIG,2041,0.0
RE1,DEMINDHDGBOI_HIG,2042,0.0
RE1,DEMINDHDGBOI_HIG,2043,0.0
RE1,DEMINDHDGBOI_HIG,2044,0.0
RE1,DEMINDHDGBOI_HIG,2045,0.0
RE1,DEMINDHDGBOI_HIG,2046,0.0
RE1,DEMINDHDGBOI_HIG,2047,0.0
RE1,DEMINDHDGBOI_HIG,2048,0.0
RE1,DEMINDHDGBOI_HIG,2049,0.0
RE1,DEMINDHDGBOI_HIG,2050,0.0
RE1,DEMINDHDGBOI_HIG,2051,0.0
RE1,DEMINDHDGBOI_HIG,2052,0.0
RE1,DEMINDHDGBOI_HIG,2053,0.0
RE1,DEMINDHDGBOI_HIG,2054,0.0
RE1,DEMINDHDGBOI_HIG,2055,0.0
RE1,DEMINDHDGBOI_LOW,2022,0.0
RE1,DEMINDHDGBOI_LOW,2023,0.0
RE1,DEMINDHDGBOI_LOW,2024,0.0
RE1,DEMINDHDGBOI_LOW,2025,0.0
RE1,DEMINDHDGBOI_LOW,2026,0.0
RE1,DEMINDHDGBOI_LOW,2027,0.0
RE1,DEMINDHDGBOI_LOW,2028,0.0
RE1,DEMINDHDGBOI_LOW,2029,0.0
RE1,DEMINDHDGBOI_LOW,2030,0.0
RE1,DEMINDHDGBOI_LOW,2031,0.0
RE1,DEMINDHDGBOI_LOW,2032,0.0
RE1,DEMINDHDGBOI_LOW,2033,0.0
RE1,DEMINDHDGBOI_LOW,2034,0.0
RE1,DEMINDHDGBOI_LOW,2035,0.0
RE1,DEMINDHDGBOI_LOW,2036,0.0
RE1,DEMINDHDGBOI_LOW,2037,0.0
RE1,DEMINDHDGBOI_LOW,2038,0.0
RE1,DEMINDHDGBOI_LOW,2039,0.0
RE1,DEMINDHDGBOI_LOW,2040,0.0
RE1,DEMINDHDGBOI_LOW,2041,0.0
RE1,DEMINDHDGBOI_LOW,2042,0.0
RE1,DEMINDHDGBOI_LOW,2043,0.0
RE1,DEMINDHDGBOI_LOW,2044,0.0
RE1,DEMINDHDGBOI_LOW,2045,0.0
RE1,DEMINDHDGBOI_LOW,2046,0.0
RE1,DEMINDHDGBOI_LOW,2047,0.0
RE1,DEMINDHDGBOI_LOW,2048,0.0
RE1,DEMINDHDGBOI_LOW,2049,0.0
RE1,DEMINDHDGBOI_LOW,2050,0.0
RE1,DEMINDHDGBOI_LOW,2051,0.0
RE1,DEMINDHDGBOI_LOW,2052,0.0
RE1,DEMINDHDGBOI_LOW,2053,0.0
RE1,DEMINDHDGBOI_LOW,2054,0.0
RE1,DEMINDHDGBOI_LOW,2055,0.0
RE1,DEMINDHDGFUR,2022,0.0
RE1,DEMINDHDGFUR,2023,0.0
RE1,DEMINDHDGFUR,2024,0.0
RE1,DEMINDHDGFUR,2025,0.0
RE1,DEMINDHDGFUR,2026,0.0
RE1,DEMINDHDGFUR,2027,0.0
RE1,DEMINDHDGFUR,2028,0.0
RE1,DEMINDHDGFUR,2029,0.0
RE1,DEMINDHDGFUR,2030,0.0
RE1,DEMINDHDGFUR,2031,0.0
RE1,DEMINDHDGFUR,2032,0.0
RE1,DEMINDHDGFUR,2033,0.0
RE1,DEMINDHDGFUR,2034,0.0
RE1,DEMINDHDGFUR,2035,0.0
RE1,DEMINDHDGFUR,2036,0.0
RE1,DEMINDHDGFUR,2037,0.0
RE1,DEMINDHDGFUR,2038,0.0
RE1,DEMINDHDGFUR,2039,0.0
RE1,DEMINDHDGFUR,2040,0.0
RE1,DEMINDHDGFUR,2041,0.0
RE1,DEMINDHDGFUR,2042,0.0
RE1,DEMINDHDGFUR,2043,0.0
RE1,DEMINDHDGFUR,2044,0.0
RE1,DEMINDHDGFUR,2045,0.0
RE1,DEMINDHDGFUR,2046,0.0
RE1,DEMINDHDGFUR,2047,0.0
RE1,DEMINDHDGFUR,2048,0.0
RE1,DEMINDHDGFUR,2049,0.0
RE1,DEMINDHDGFUR,2050,0.0
RE1,DEMINDHDGFUR,2051,0.0
RE1,DEMINDHDGFUR,2052,0.0
RE1,DEMINDHDGFUR,2053,0.0
RE1,DEMINDHDGFUR,2054,0.0
RE1,DEMINDHDGFUR,2055,0.0
RE1,DEMINDLPGBOI_HIG,2022,0.0
RE1,DEMINDLPGBOI_HIG,2023,0.0
RE1,DEMINDLPGBOI_HIG,2024,0.0
RE1,DEMINDLPGBOI_HIG,2025,0.0
RE1,DEMINDLPGBOI_HIG,2026,0.0
RE1,DEMINDLPGBOI_HIG,2027,0.0
RE1,DEMINDLPGBOI_HIG,2028,0.0
RE1,DEMINDLPGBOI_HIG,2029,0.0
RE1,DEMINDLPGBOI_HIG,2030,0.0
RE1,DEMINDLPGBOI_HIG,2031,0.0
RE1,DEMINDLPGBOI_HIG,2032,0.0
RE1,DEMINDLPGBOI_HIG,2033,0.0
RE1,DEMINDLPGBOI_HIG,2034,0.0
RE1,DEMINDLPGBOI_HIG,2035,0.0
RE1,DEMINDLPGBOI_HIG,2036,0.0
RE1,DEMINDLPGBOI_HIG,2037,0.0
RE1,DEMINDLPGBOI_HIG,2038,0.0
RE1,DEMINDLPGBOI_HIG,2039,0.0
RE1,DEMINDLPGBOI_HIG,2040,0.0
RE1,DEMINDLPGBOI_HIG,2041,0.0
RE1,DEMINDLPGBOI_HIG,2042,0.0
RE1,DEMINDLPGBOI_HIG,2043,0.0
RE1,DEMINDLPGBOI_HIG,2044,0.0
RE1,DEMINDLPGBOI_HIG,2045,0.0
RE1,DEMINDLPGBOI_HIG,2046,0.0
RE1,DEMINDLPGBOI_HIG,2047,0.0
RE1,DEMINDLPGBOI_HIG,2048,0.0
RE1,DEMINDLPGBOI_HIG,2049,0.0
RE1,DEMINDLPGBOI_HIG,2050,0.0
RE1,DEMINDLPGBOI_HIG,2051,0.0
RE1,DEMINDLPGBOI_HIG,2052,0.0
RE1,DEMINDLPGBOI_HIG,2053,0.0
RE1,DEMINDLPGBOI_HIG,2054,0.0
RE1,DEMINDLPGBOI_HIG,2055,0.0
RE1,DEMINDLPGBOI_LOW,2022,0.5975337357457609
RE1,DEMINDLPGBOI_LOW,2023,0.6003331862804503
RE1,DEMINDLPGBOI_LOW,2024,0.5813886849317187
RE1,DEMINDLPGBOI_LOW,2025,0.5813641857765864
RE1,DEMINDLPGBOI_LOW,2026,0.5813139226756742
RE1,DEMINDLPGBOI_LOW,2027,0.5812026703164663
RE1,DEMINDLPGBOI_LOW,2028,0.5809867087493565
RE1,DEMINDLPGBOI_LOW,2029,0.5806052238076079
RE1,DEMINDLPGBOI_LOW,2030,0.5799776255588196
RE1,DEMINDLPGBOI_LOW,2031,0.5790010550913538
RE1,DEMINDLPGBOI_LOW,2032,0.5775482062885565
RE1,DEMINDLPGBOI_LOW,2033,0.5754656425313516
RE1,DEMINDLPGBOI_LOW,2034,0.5725728514928716
RE1,DEMINDLPGBOI_LOW,2035,0.5686623515795296
RE1,DEMINDLPGBOI_LOW,2036,0.5635012355843179
RE1,DEMINDLPGBOI_LOW,2037,0.556834601425124
RE1,DEMINDLPGBOI_LOW,2038,0.5483913623662542
RE1,DEMINDLPGBOI_LOW,2039,0.5378929303699813
RE1,DEMINDLPGBOI_LOW,2040,0.5250652013796232
RE1,DEMINDLPGBOI_LOW,2041,0.5096541117509125
RE1,DEMINDLPGBOI_LOW,2042,0.4914447519125977
RE1,DEMINDLPGBOI_LOW,2043,0.4702835942579272
RE1,DEMINDLPGBOI_LOW,2044,0.4461028112127954
RE1,DEMINDLPGBOI_LOW,2045,0.4189449496360967
RE1,DEMINDLPGBOI_LOW,2046,0.3889854557714704
RE1,DEMINDLPGBOI_LOW,2047,0.356549832170542
RE1,DEMINDLPGBOI_LOW,2048,0.3221217327674783
RE1,DEMINDLPGBOI_LOW,2049,0.2863382858403541
RE1,DEMINDLPGBOI_LOW,2050,0.2499696024856876
RE1,DEMINDLPGBOI_LOW,2051,0.2138809445160804
RE1,DEMINDLPGBOI_LOW,2052,0.1789784064191121
RE1,DEMINDLPGBOI_LOW,2053,0.1461419928904698
RE1,DEMINDLPGBOI_LOW,2054,0.1161531438696289
RE1,DEMINDLPGBOI_LOW,2055,0.1161531438696289
RE1,DEMINDLPGBOI_MID,2022,0.004117574361191574
RE1,DEMINDLPGBOI_MID,2023,0.005669009698622243
RE1,DEMINDLPGBOI_MID,2024,0.0131572704400091
RE1,DEMINDLPGBOI_MID,2025,0.01315671600539766
RE1,DEMINDLPGBOI_MID,2026,0.01315557851299542
RE1,DEMINDLPGBOI_MID,2027,0.01315306078704869
RE1,DEMINDLPGBOI_MID,2028,0.01314817341167185
RE1,DEMINDLPGBOI_MID,2029,0.01313954011577624
RE1,DEMINDLPGBOI_MID,2030,0.01312533708757669
RE1,DEMINDLPGBOI_MID,2031,0.01310323655126218
RE1,DEMINDLPGBOI_MID,2032,0.01307035747208112
RE1,DEMINDLPGBOI_MID,2033,0.01302322746203401
RE1,DEMINDLPGBOI_MID,2034,0.01295776138915337
RE1,DEMINDLPGBOI_MID,2035,0.01286926378634654
RE1,DEMINDLPGBOI_MID,2036,0.01275246378545001
RE1,DEMINDLPGBOI_MID,2037,0.0126015927574605
RE1,DEMINDLPGBOI_MID,2038,0.01241051580229024
RE1,DEMINDLPGBOI_MID,2039,0.01217292825965131
RE1,DEMINDLPGBOI_MID,2040,0.01188262694517507
RE1,DEMINDLPGBOI_MID,2041,0.01153386220434772
RE1,DEMINDLPGBOI_MID,2042,0.01112177046926298
RE1,DEMINDLPGBOI_MID,2043,0.01064287729280072
RE1,DEMINDLPGBOI_MID,2044,0.01009564768510144
RE1,DEMINDLPGBOI_MID,2045,0.009481044514111064
RE1,DEMINDLPGBOI_MID,2046,0.008803038262460367
RE1,DEMINDLPGBOI_MID,2047,0.00806899530175521
RE1,DEMINDLPGBOI_MID,2048,0.007289861090302806
RE1,DEMINDLPGBOI_MID,2049,0.00648005432815163
RE1,DEMINDLPGBOI_MID,2050,0.005657003218203378
RE1,DEMINDLPGBOI_MID,2051,0.004840289296812086
RE1,DEMINDLPGBOI_MID,2052,0.0040504181749851
RE1,DEMINDLPGBOI_MID,2053,0.003307305031792329
RE1,DEMINDLPGBOI_MID,2054,0.00262863445051305
RE1,DEMINDLPGBOI_MID,2055,0.00262863445051305
RE1,DEMINDLPGFUR_HIG,2022,0.0
RE1,DEMINDLPGFUR_HIG,2023,0.0
RE1,DEMINDLPGFUR_HIG,2024,0.0
RE1,DEMINDLPGFUR_HIG,2025,0.0
RE1,DEMINDLPGFUR_HIG,2026,0.0
RE1,DEMINDLPGFUR_HIG,2027,0.0
RE1,DEMINDLPGFUR_HIG,2028,0.0
RE1,DEMINDLPGFUR_HIG,2029,0.0
RE1,DEMINDLPGFUR_HIG,2030,0.0
RE1,DEMINDLPGFUR_HIG,2031,0.0
RE1,DEMINDLPGFUR_HIG,2032,0.0
RE1,DEMINDLPGFUR_HIG,2033,0.0
RE1,DEMINDLPGFUR_HIG,2034,0.0
RE1,DEMINDLPGFUR_HIG,2035,0.0
RE1,DEMINDLPGFUR_HIG,2036,0.0
RE1,DEMINDLPGFUR_HIG,2037,0.0
RE1,DEMINDLPGFUR_HIG,2038,0.0
RE1,DEMINDLPGFUR_HIG,2039,0.0
RE1,DEMINDLPGFUR_HIG,2040,0.0
RE1,DEMINDLPGFUR_HIG,2041,0.0
RE1,DEMINDLPGFUR_HIG,2042,0.0
RE1,DEMINDLPGFUR_HIG,2043,0.0
RE1,DEMINDLPGFUR_HIG,2044,0.0
RE1,DEMINDLPGFUR_HIG,2045,0.0
RE1,DEMINDLPGFUR_HIG,2046,0.0
RE1,DEMINDLPGFUR_HIG,2047,0.0
RE1,DEMINDLPGFUR_HIG,2048,0.0
RE1,DEMINDLPGFUR_HIG,2049,0.0
RE1,DEMINDLPGFUR_HIG,2050,0.0
RE1,DEMINDLPGFUR_HIG,2051,0.0
RE1,DEMINDLPGFUR_HIG,2052,0.0
RE1,DEMINDLPGFUR_HIG,2053,0.0
RE1,DEMINDLPGFUR_HIG,2054,0.0
RE1,DEMINDLPGFUR_HIG,2055,0.0
RE1,DEMINDLPGFUR_LOW,2022,2.401314548782152
RE1,DEMINDLPGFUR_LOW,2023,2.410988529376117
RE1,DEMINDLPGFUR_LOW,2024,2.333461383164325
RE1,DEMINDLPGFUR_LOW,2025,2.333415888955231
RE1,DEMINDLPGFUR_LOW,2026,2.333322548633165
RE1,DEMINDLPGFUR_LOW,2027,2.333115933719215
RE1,DEMINDLPGFUR_LOW,2028,2.332714794982192
RE1,DEMINDLPGFUR_LOW,2029,2.332006008327407
RE1,DEMINDLPGFUR_LOW,2030,2.330839406432593
RE1,DEMINDLPGFUR_LOW,2031,2.329022772825781
RE1,DEMINDLPGFUR_LOW,2032,2.32631710853737
RE1,DEMINDLPGFUR_LOW,2033,2.322432329296217
RE1,DEMINDLPGFUR_LOW,2034,2.317023610011257
RE1,DEMINDLPGFUR_LOW,2035,2.30968866265855
RE1,DEMINDLPGFUR_LOW,2036,2.299966312161986
RE1,DEMINDLPGFUR_LOW,2037,2.287336819203359
RE1,DEMINDLPGFUR_LOW,2038,2.271224483619638
RE1,DEMINDLPGFUR_LOW,2039,2.251003138690169
RE1,DEMINDLPGFUR_LOW,2040,2.226005203159773
RE1,DEMINDLPGFUR_LOW,2041,2.195534978229834
RE1,DEMINDLPGFUR_LOW,2042,2.158886840810911
RE1,DEMINDLPGFUR_LOW,2043,2.115368868367327
RE1,DEMINDLPGFUR_LOW,2044,2.064332209058009
RE1,DEMINDLPGFUR_LOW,2045,2.00520615900111
RE1,DEMINDLPGFUR_LOW,2046,1.937538407546241
RE1,DEMINDLPGFUR_LOW,2047,1.861039254992851
RE1,DEMINDLPGFUR_LOW,2048,1.775627809489069
RE1,DEMINDLPGFUR_LOW,2049,1.681477274987504
RE1,DEMINDLPGFUR_LOW,2050,1.579055532548294
RE1,DEMINDLPGFUR_LOW,2051,1.469156418854557
RE1,DEMINDLPGFUR_LOW,2052,1.352916586248354
RE1,DEMINDLPGFUR_LOW,2053,1.2318127850615
RE1,DEMINDLPGFUR_LOW,2054,1.107635041604639
RE1,DEMINDLPGFUR_LOW,2055,1.107635041604639
RE1,DEMINDLPGFUR_MID,2022,0.0165473355355934
RE1,DEMINDLPGFUR_MID,2023,0.02276721938449903
RE1,DEMINDLPGFUR_MID,2024,0.05280801514604044
RE1,DEMINDLPGFUR_MID,2025,0.05280698557730611
RE1,DEMINDLPGFUR_MID,2026,0.05280487321445452
RE1,DEMINDLPGFUR_MID,2027,0.05280019736098465
RE1,DEMINDLPGFUR_MID,2028,0.0527911192846757
RE1,DEMINDLPGFUR_MID,2029,0.05277507890077594
RE1,DEMINDLPGFUR_MID,2030,0.05274867780797225
RE1,DEMINDLPGFUR_MID,2031,0.05270756600054512
RE1,DEMINDLPGFUR_MID,2032,0.05264633474908607
RE1,DEMINDLPGFUR_MID,2033,0.05255841922475557
RE1,DEMINDLPGFUR_MID,2034,0.05243601577210726
RE1,DEMINDLPGFUR_MID,2035,0.05227002030559053
RE1,DEMINDLPGFUR_MID,2036,0.05204999608064215
RE1,DEMINDLPGFUR_MID,2037,0.0517641809991251
RE1,DEMINDLPGFUR_MID,2038,0.05139954652619914
RE1,DEMINDLPGFUR_MID,2039,0.05094192203024085
RE1,DEMINDLPGFUR_MID,2040,0.05037619963704711
RE1,DEMINDLPGFUR_MID,2041,0.04968663515090959
RE1,DEMINDLPGFUR_MID,2042,0.04885725978183095
RE1,DEMINDLPGFUR_MID,2043,0.0478724147938203
RE1,DEMINDLPGFUR_MID,2044,0.04671741617363531
RE1,DEMINDLPGFUR_MID,2045,0.04537934845609882
RE1,DEMINDLPGFUR_MID,2046,0.04384797550537893
RE1,DEMINDLPGFUR_MID,2047,0.04211674119576268
RE1,DEMINDLPGFUR_MID,2048,0.04018381488279644
RE1,DEMINDLPGFUR_MID,2049,0.03805311630435062
RE1,DEMINDLPGFUR_MID,2050,0.03573523396653402
RE1,DEMINDLPGFUR_MID,2051,0.03324813300041249
RE1,DEMINDLPGFUR_MID,2052,0.030617536717513
RE1,DEMINDLPGFUR_MID,2053,0.02787686510689218
RE1,DEMINDLPGFUR_MID,2054,0.02506662783252234
RE1,DEMINDLPGFUR_MID,2055,0.02506662783252234
RE1,DEMINDNGSBOI_HIG,2022,0.0
RE1,DEMINDNGSBOI_HIG,2023,0.0
RE1,DEMINDNGSBOI_HIG,2024,0.0
RE1,DEMINDNGSBOI_HIG,2025,0.0
RE1,DEMINDNGSBOI_HIG,2026,0.0
RE1,DEMINDNGSBOI_HIG,2027,0.0
RE1,DEMINDNGSBOI_HIG,2028,0.0
RE1,DEMINDNGSBOI_HIG,2029,0.0
RE1,DEMINDNGSBOI_HIG,2030,0.0
RE1,DEMINDNGSBOI_HIG,2031,0.0
RE1,DEMINDNGSBOI_HIG,2032,0.0
RE1,DEMINDNGSBOI_HIG,2033,0.0
RE1,DEMINDNGSBOI_HIG,2034,0.0
RE1,DEMINDNGSBOI_HIG,2035,0.0
RE1,DEMINDNGSBOI_HIG,2036,0.0
RE1,DEMINDNGSBOI_HIG,2037,0.0
RE1,DEMINDNGSBOI_HIG,2038,0.0
RE1,DEMINDNGSBOI_HIG,2039,0.0
RE1,DEMINDNGSBOI_HIG,2040,0.0
RE1,DEMINDNGSBOI_HIG,2041,0.0
RE1,DEMINDNGSBOI_HIG,2042,0.0
RE1,DEMINDNGSBOI_HIG,2043,0.0
RE1,DEMINDNGSBOI_HIG,2044,0.0
RE1,DEMINDNGSBOI_HIG,2045,0.0
RE1,DEMINDNGSBOI_HIG,2046,0.0
RE1,DEMINDNGSBOI_HIG,2047,0.0
RE1,DEMINDNGSBOI_HIG,2048,0.0
RE1,DEMINDNGSBOI_HIG,2049,0.0
RE1,DEMINDNGSBOI_HIG,2050,0.0
RE1,DEMINDNGSBOI_HIG,2051,0.0
RE1,DEMINDNGSBOI_HIG,2052,0.0
RE1,DEMINDNGSBOI_HIG,2053,0.0
RE1,DEMINDNGSBOI_HIG,2054,0.0
RE1,DEMINDNGSBOI_HIG,2055,0.0
RE1,DEMINDNGSBOI_LOW,2022,20.16495437163545
RE1,DEMINDNGSBOI_LOW,2023,19.91242084146556
RE1,DEMINDNGSBOI_LOW,2024,19.98246869600452
RE1,DEMINDNGSBOI_LOW,2025,19.98162665416023
RE1,DEMINDNGSBOI_LOW,2026,19.9798990993134
RE1,DEMINDNGSBOI_LOW,2027,19.97607533
RE1,DEMINDNGSBOI_LOW,2028,19.96865268
RE1,DEMINDNGSBOI_LOW,2029,19.95554095
RE1,DEMINDNGSBOI_LOW,2030,19.93397025
RE1,DEMINDNGSBOI_LOW,2031,19.90040529
RE1,DEMINDNGSBOI_LOW,2032,19.85047052
RE1,DEMINDNGSBOI_LOW,2033,19.77889231
RE1,DEMINDNGSBOI_LOW,2034,19.67946638
RE1,DEMINDNGSBOI_LOW,2035,19.54506156
RE1,DEMINDNGSBOI_LOW,2036,19.36767277
RE1,DEMINDNGSBOI_LOW,2037,19.13853895
RE1,DEMINDNGSBOI_LOW,2038,18.8483428
RE1,DEMINDNGSBOI_LOW,2039,18.48750917
RE1,DEMINDNGSBOI_LOW,2040,18.04661704
RE1,DEMINDNGSBOI_LOW,2041,17.51693419
RE1,DEMINDNGSBOI_LOW,2042,16.89107412
RE1,DEMINDNGSBOI_LOW,2043,16.16376005
RE1,DEMINDNGSBOI_LOW,2044,15.33266073
RE1,DEMINDNGSBOI_LOW,2045,14.39923851
RE1,DEMINDNGSBOI_LOW,2046,13.36952351
RE1,DEMINDNGSBOI_LOW,2047,12.25470334
RE1,DEMINDNGSBOI_LOW,2048,11.0714013
RE1,DEMINDNGSBOI_LOW,2049,9.841515636
RE1,DEMINDNGSBOI_LOW,2050,8.591515257
RE1,DEMINDNGSBOI_LOW,2051,7.351139417
RE1,DEMINDNGSBOI_LOW,2052,6.151530802
RE1,DEMINDNGSBOI_LOW,2053,5.022935385
RE1,DEMINDNGSBOI_LOW,2054,3.992211444
RE1,DEMINDNGSBOI_LOW,2055,3.992211444
RE1,DEMINDNGSBOI_MID,2022,0.1389556675182806
RE1,DEMINDNGSBOI_MID,2023,0.18803509359351
RE1,DEMINDNGSBOI_MID,2024,0.4522185441624575
RE1,DEMINDNGSBOI_MID,2025,0.4521994881117392
RE1,DEMINDNGSBOI_MID,2026,0.4521603922247556
RE1,DEMINDNGSBOI_MID,2027,0.346419807
RE1,DEMINDNGSBOI_MID,2028,0.346360246
RE1,DEMINDNGSBOI_MID,2029,0.346255005
RE1,DEMINDNGSBOI_MID,2030,0.346081789
RE1,DEMINDNGSBOI_MID,2031,0.345812056
RE1,DEMINDNGSBOI_MID,2032,0.345410321
RE1,DEMINDNGSBOI_MID,2033,0.344833511
RE1,DEMINDNGSBOI_MID,2034,0.344030427
RE1,DEMINDNGSBOI_MID,2035,0.342941338
RE1,DEMINDNGSBOI_MID,2036,0.341497768
RE1,DEMINDNGSBOI_MID,2037,0.339622548
RE1,DEMINDNGSBOI_MID,2038,0.337230197
RE1,DEMINDNGSBOI_MID,2039,0.334227743
RE1,DEMINDNGSBOI_MID,2040,0.330516063
RE1,DEMINDNGSBOI_MID,2041,0.32599186
RE1,DEMINDNGSBOI_MID,2042,0.320550364
RE1,DEMINDNGSBOI_MID,2043,0.314088839
RE1,DEMINDNGSBOI_MID,2044,0.306510943
RE1,DEMINDNGSBOI_MID,2045,0.297731938
RE1,DEMINDNGSBOI_MID,2046,0.287684667
RE1,DEMINDNGSBOI_MID,2047,0.276326114
RE1,DEMINDNGSBOI_MID,2048,0.263644268
RE1,DEMINDNGSBOI_MID,2049,0.249664847
RE1,DEMINDNGSBOI_MID,2050,0.234457321
RE1,DEMINDNGSBOI_MID,2051,0.21813956
RE1,DEMINDNGSBOI_MID,2052,0.200880331
RE1,DEMINDNGSBOI_MID,2053,0.182898904
RE1,DEMINDNGSBOI_MID,2054,0.164461059
RE1,DEMINDNGSBOI_MID,2055,0.164461059
RE1,DEMINDNGSFURCSS,2022,0.0
RE1,DEMINDNGSFURCSS,2023,0.0
RE1,DEMINDNGSFURCSS,2024,0.0
RE1,DEMINDNGSFURCSS,2025,0.0
RE1,DEMINDNGSFURCSS,2026,0.0
RE1,DEMINDNGSFURCSS,2027,0.0
RE1,DEMINDNGSFURCSS,2028,0.0
RE1,DEMINDNGSFURCSS,2029,0.0
RE1,DEMINDNGSFURCSS,2030,0.0
RE1,DEMINDNGSFURCSS,2031,0.0
RE1,DEMINDNGSFURCSS,2032,0.0
RE1,DEMINDNGSFURCSS,2033,0.0
RE1,DEMINDNGSFURCSS,2034,0.0
RE1,DEMINDNGSFURCSS,2035,0.0
RE1,DEMINDNGSFURCSS,2036,0.0
RE1,DEMINDNGSFURCSS,2037,0.0
RE1,DEMINDNGSFURCSS,2038,0.0
RE1,DEMINDNGSFURCSS,2039,0.0
RE1,DEMINDNGSFURCSS,2040,0.0
RE1,DEMINDNGSFURCSS,2041,0.0
RE1,DEMINDNGSFURCSS,2042,0.0
RE1,DEMINDNGSFURCSS,2043,0.0
RE1,DEMINDNGSFURCSS,2044,0.0
RE1,DEMINDNGSFURCSS,2045,0.0
RE1,DEMINDNGSFURCSS,2046,0.0
RE1,DEMINDNGSFURCSS,2047,0.0
RE1,DEMINDNGSFURCSS,2048,0.0
RE1,DEMINDNGSFURCSS,2049,0.0
RE1,DEMINDNGSFURCSS,2050,0.0
RE1,DEMINDNGSFURCSS,2051,0.0
RE1,DEMINDNGSFURCSS,2052,0.0
RE1,DEMINDNGSFURCSS,2053,0.0
RE1,DEMINDNGSFURCSS,2054,0.0
RE1,DEMINDNGSFURCSS,2055,0.0
RE1,DEMINDNGSFUR_HIG,2022,0.0
RE1,DEMINDNGSFUR_HIG,2023,0.0
RE1,DEMINDNGSFUR_HIG,2024,0.0
RE1,DEMINDNGSFUR_HIG,2025,0.0
RE1,DEMINDNGSFUR_HIG,2026,0.0
RE1,DEMINDNGSFUR_HIG,2027,0.0
RE1,DEMINDNGSFUR_HIG,2028,0.0
RE1,DEMINDNGSFUR_HIG,2029,0.0
RE1,DEMINDNGSFUR_HIG,2030,0.0
RE1,DEMINDNGSFUR_HIG,2031,0.0
RE1,DEMINDNGSFUR_HIG,2032,0.0
RE1,DEMINDNGSFUR_HIG,2033,0.0
RE1,DEMINDNGSFUR_HIG,2034,0.0
RE1,DEMINDNGSFUR_HIG,2035,0.0
RE1,DEMINDNGSFUR_HIG,2036,0.0
RE1,DEMINDNGSFUR_HIG,2037,0.0
RE1,DEMINDNGSFUR_HIG,2038,0.0
RE1,DEMINDNGSFUR_HIG,2039,0.0
RE1,DEMINDNGSFUR_HIG,2040,0.0
RE1,DEMINDNGSFUR_HIG,2041,0.0
RE1,DEMINDNGSFUR_HIG,2042,0.0
RE1,DEMINDNGSFUR_HIG,2043,0.0
RE1,DEMINDNGSFUR_HIG,2044,0.0
RE1,DEMINDNGSFUR_HIG,2045,0.0
RE1,DEMINDNGSFUR_HIG,2046,0.0
RE1,DEMINDNGSFUR_HIG,2047,0.0
RE1,DEMINDNGSFUR_HIG,2048,0.0
RE1,DEMINDNGSFUR_HIG,2049,0.0
RE1,DEMINDNGSFUR_HIG,2050,0.0
RE1,DEMINDNGSFUR_HIG,2051,0.0
RE1,DEMINDNGSFUR_HIG,2052,0.0
RE1,DEMINDNGSFUR_HIG,2053,0.0
RE1,DEMINDNGSFUR_HIG,2054,0.0
RE1,DEMINDNGSFUR_HIG,2055,0.0
RE1,DEMINDNGSFUR_LOW,2022,14.76122349541943
RE1,DEMINDNGSFUR_LOW,2023,14.92806746084134
RE1,DEMINDNGSFUR_LOW,2024,15.30973900331968
RE1,DEMINDNGSFUR_LOW,2025,15.30944051778552
RE1,DEMINDNGSFUR_LOW,2026,15.30882811597779
RE1,DEMINDNGSFUR_LOW,2027,15.30747252
RE1,DEMINDNGSFUR_LOW,2028,15.30484067
RE1,DEMINDNGSFUR_LOW,2029,15.30019035
RE1,DEMINDNGSFUR_LOW,2030,15.29253633
RE1,DEMINDNGSFUR_LOW,2031,15.28061747
RE1,DEMINDNGSFUR_LOW,2032,15.26286573
RE1,DEMINDNGSFUR_LOW,2033,15.23737786
RE1,DEMINDNGSFUR_LOW,2034,15.20189149
RE1,DEMINDNGSFUR_LOW,2035,15.15376721
RE1,DEMINDNGSFUR_LOW,2036,15.08997929
RE1,DEMINDNGSFUR_LOW,2037,15.00711774
RE1,DEMINDNGSFUR_LOW,2038,14.9014054
RE1,DEMINDNGSFUR_LOW,2039,14.76873404
RE1,DEMINDNGSFUR_LOW,2040,14.60472366
RE1,DEMINDNGSFUR_LOW,2041,14.40480984
RE1,DEMINDNGSFUR_LOW,2042,14.164363
RE1,DEMINDNGSFUR_LOW,2043,13.87884347
RE1,DEMINDNGSFUR_LOW,2044,13.54399416
RE1,DEMINDNGSFUR_LOW,2045,13.1560707
RE1,DEMINDNGSFUR_LOW,2046,12.71210552
RE1,DEMINDNGSFUR_LOW,2047,12.2101979
RE1,DEMINDNGSFUR_LOW,2048,11.6498171
RE1,DEMINDNGSFUR_LOW,2049,11.03209953
RE1,DEMINDNGSFUR_LOW,2050,10.36011491
RE1,DEMINDNGSFUR_LOW,2051,9.639071591
RE1,DEMINDNGSFUR_LOW,2052,8.876427087
RE1,DEMINDNGSFUR_LOW,2053,8.081870296
RE1,DEMINDNGSFUR_LOW,2054,7.267145503
RE1,DEMINDNGSFUR_LOW,2055,7.267145503
RE1,DEMINDNGSFUR_MID,2022,0.1017188348850292
RE1,DEMINDNGSFUR_MID,2023,0.1409673180633188
RE1,DEMINDNGSFUR_MID,2024,0.3464710986872577
RE1,DEMINDNGSFUR_MID,2025,0.3464643437314129
RE1,DEMINDNGSFUR_MID,2026,0.3464504846102929
RE1,DEMINDNGSFUR_MID,2027,0.0
RE1,DEMINDNGSFUR_MID,2028,0.0
RE1,DEMINDNGSFUR_MID,2029,0.0
RE1,DEMINDNGSFUR_MID,2030,0.0
RE1,DEMINDNGSFUR_MID,2031,0.0
RE1,DEMINDNGSFUR_MID,2032,0.0
RE1,DEMINDNGSFUR_MID,2033,0.0
RE1,DEMINDNGSFUR_MID,2034,0.0
RE1,DEMINDNGSFUR_MID,2035,0.0
RE1,DEMINDNGSFUR_MID,2036,0.0
RE1,DEMINDNGSFUR_MID,2037,0.0
RE1,DEMINDNGSFUR_MID,2038,0.0
RE1,DEMINDNGSFUR_MID,2039,0.0
RE1,DEMINDNGSFUR_MID,2040,0.0
RE1,DEMINDNGSFUR_MID,2041,0.0
RE1,DEMINDNGSFUR_MID,2042,0.0
RE1,DEMINDNGSFUR_MID,2043,0.0
RE1,DEMINDNGSFUR_MID,2044,0.0
RE1,DEMINDNGSFUR_MID,2045,0.0
RE1,DEMINDNGSFUR_MID,2046,0.0
RE1,DEMINDNGSFUR_MID,2047,0.0
RE1,DEMINDNGSFUR_MID,2048,0.0
RE1,DEMINDNGSFUR_MID,2049,0.0
RE1,DEMINDNGSFUR_MID,2050,0.0
RE1,DEMINDNGSFUR_MID,2051,0.0
RE1,DEMINDNGSFUR_MID,2052,0.0
RE1,DEMINDNGSFUR_MID,2053,0.0
RE1,DEMINDNGSFUR_MID,2054,0.0
RE1,DEMINDNGSFUR_MID,2055,0.0
RE1,DEMINDWASBOI_HIG,2022,0.0
RE1,DEMINDWASBOI_HIG,2023,0.0
RE1,DEMINDWASBOI_HIG,2024,0.0
RE1,DEMINDWASBOI_HIG,2025,0.0
RE1,DEMINDWASBOI_HIG,2026,0.0
RE1,DEMINDWASBOI_HIG,2027,0.0
RE1,DEMINDWASBOI_HIG,2028,0.0
RE1,DEMINDWASBOI_HIG,2029,0.0
RE1,DEMINDWASBOI_HIG,2030,0.0
RE1,DEMINDWASBOI_HIG,2031,0.0
RE1,DEMINDWASBOI_HIG,2032,0.0
RE1,DEMINDWASBOI_HIG,2033,0.0
RE1,DEMINDWASBOI_HIG,2034,0.0
RE1,DEMINDWASBOI_HIG,2035,0.0
RE1,DEMINDWASBOI_HIG,2036,0.0
RE1,DEMINDWASBOI_HIG,2037,0.0
RE1,DEMINDWASBOI_HIG,2038,0.0
RE1,DEMINDWASBOI_HIG,2039,0.0
RE1,DEMINDWASBOI_HIG,2040,0.0
RE1,DEMINDWASBOI_HIG,2041,0.0
RE1,DEMINDWASBOI_HIG,2042,0.0
RE1,DEMINDWASBOI_HIG,2043,0.0
RE1,DEMINDWASBOI_HIG,2044,0.0
RE1,DEMINDWASBOI_HIG,2045,0.0
RE1,DEMINDWASBOI_HIG,2046,0.0
RE1,DEMINDWASBOI_HIG,2047,0.0
RE1,DEMINDWASBOI_HIG,2048,0.0
RE1,DEMINDWASBOI_HIG,2049,0.0
RE1,DEMINDWASBOI_HIG,2050,0.0
RE1,DEMINDWASBOI_HIG,2051,0.0
RE1,DEMINDWASBOI_HIG,2052,0.0
RE1,DEMINDWASBOI_HIG,2053,0.0
RE1,DEMINDWASBOI_HIG,2054,0.0
RE1,DEMINDWASBOI_HIG,2055,0.0
RE1,DEMINDWASBOI_LOW,2022,4.816159258085169
RE1,DEMINDWASBOI_LOW,2023,4.835112977036303
RE1,DEMINDWASBOI_LOW,2024,4.681088841463422
RE1,DEMINDWASBOI_LOW,2025,4.679591132680339
RE1,DEMINDWASBOI_LOW,2026,4.676519697032357
RE1,DEMINDWASBOI_LOW,2027,4.669727605071461
RE1,DEMINDWASBOI_LOW,2028,4.656567337302465
RE1,DEMINDWASBOI_LOW,2029,4.633399080024171
RE1,DEMINDWASBOI_LOW,2030,4.595501677289366
RE1,DEMINDWASBOI_LOW,2031,4.537066878682714
RE1,DEMINDWASBOI_LOW,2032,4.45132722180628
RE1,DEMINDWASBOI_LOW,2033,4.330879942310364
RE1,DEMINDWASBOI_LOW,2034,4.168272489197892
RE1,DEMINDWASBOI_LOW,2035,3.956899409977342
RE1,DEMINDWASBOI_LOW,2036,3.692213171750579
RE1,DEMINDWASBOI_LOW,2037,3.373162532668333
RE1,DEMINDWASBOI_LOW,2038,3.003641628855514
RE1,DEMINDWASBOI_LOW,2039,2.593584099470045
RE1,DEMINDWASBOI_LOW,2040,2.159225956070816
RE1,DEMINDWASBOI_LOW,2041,1.722076347071438
RE1,DEMINDWASBOI_LOW,2042,1.306365924472747
RE1,DEMINDWASBOI_LOW,2043,0.9352145987032291
RE1,DEMINDWASBOI_LOW,2044,0.6263622217692734
RE1,DEMINDWASBOI_LOW,2045,0.388761490371854
RE1,DEMINDWASBOI_LOW,2046,0.2213019830176076
RE1,DEMINDWASBOI_LOW,2047,0.1142462287278925
RE1,DEMINDWASBOI_LOW,2048,0.05283916001602061
RE1,DEMINDWASBOI_LOW,2049,0.02160761978450344
RE1,DEMINDWASBOI_LOW,2050,0.007702553966173103
RE1,DEMINDWASBOI_LOW,2051,0.00235735
RE1,DEMINDWASBOI_LOW,2052,0.00060937
RE1,DEMINDWASBOI_LOW,2053,0.00013075
RE1,DEMINDWASBOI_LOW,2054,2.2856e-05
RE1,DEMINDWASBOI_LOW,2055,2.2856e-05
RE1,DEMINDWASBOI_MID,2022,0.0331879067141819
RE1,DEMINDWASBOI_MID,2023,0.04565848263305895
RE1,DEMINDWASBOI_MID,2024,0.1059366194030361
RE1,DEMINDWASBOI_MID,2025,0.1059027251082035
RE1,DEMINDWASBOI_MID,2026,0.1058332161712273
RE1,DEMINDWASBOI_MID,2027,0.1056795059372667
RE1,DEMINDWASBOI_MID,2028,0.1053816790159878
RE1,DEMINDWASBOI_MID,2029,0.1048573636405173
RE1,DEMINDWASBOI_MID,2030,0.103999716442216
RE1,DEMINDWASBOI_MID,2031,0.1026772922734941
RE1,DEMINDWASBOI_MID,2032,0.1007369382862311
RE1,DEMINDWASBOI_MID,2033,0.09801112426341907
RE1,DEMINDWASBOI_MID,2034,0.09433119327815545
RE1,DEMINDWASBOI_MID,2035,0.08954765889036655
RE1,DEMINDWASBOI_MID,2036,0.08355760695375687
RE1,DEMINDWASBOI_MID,2037,0.07633724706155177
RE1,DEMINDWASBOI_MID,2038,0.06797470649151495
RE1,DEMINDWASBOI_MID,2039,0.05869479109254181
RE1,DEMINDWASBOI_MID,2040,0.04886493421943273
RE1,DEMINDWASBOI_MID,2041,0.03897190434558068
RE1,DEMINDWASBOI_MID,2042,0.02956405965127977
RE1,DEMINDWASBOI_MID,2043,0.02116462138582577
RE1,DEMINDWASBOI_MID,2044,0.01417505596310526
RE1,DEMINDWASBOI_MID,2045,0.008797969754234577
RE1,DEMINDWASBOI_MID,2046,0.005008233071847509
RE1,DEMINDWASBOI_MID,2047,0.002585479502925928
RE1,DEMINDWASBOI_MID,2048,0.001195790589277376
RE1,DEMINDWASBOI_MID,2049,0.000489
RE1,DEMINDWASBOI_MID,2050,0.00017431
RE1,DEMINDWASBOI_MID,2051,5.3349e-05
RE1,DEMINDWASBOI_MID,2052,1.3791e-05
RE1,DEMINDWASBOI_MID,2053,2.959e-06
RE1,DEMINDWASBOI_MID,2054,5.1726e-07
RE1,DEMINDWASBOI_MID,2055,5.1726e-07
RE1,DEMINDWASFUR_HIG,2022,0.0
RE1,DEMINDWASFUR_HIG,2023,0.0
RE1,DEMINDWASFUR_HIG,2024,0.0
RE1,DEMINDWASFUR_HIG,2025,0.0
RE1,DEMINDWASFUR_HIG,2026,0.0
RE1,DEMINDWASFUR_HIG,2027,0.0
RE1,DEMINDWASFUR_HIG,2028,0.0
RE1,DEMINDWASFUR_HIG,2029,0.0
RE1,DEMINDWASFUR_HIG,2030,0.0
RE1,DEMINDWASFUR_HIG,2031,0.0
RE1,DEMINDWASFUR_HIG,2032,0.0
RE1,DEMINDWASFUR_HIG,2033,0.0
RE1,DEMINDWASFUR_HIG,2034,0.0
RE1,DEMINDWASFUR_HIG,2035,0.0
RE1,DEMINDWASFUR_HIG,2036,0.0
RE1,DEMINDWASFUR_HIG,2037,0.0
RE1,DEMINDWASFUR_HIG,2038,0.0
RE1,DEMINDWASFUR_HIG,2039,0.0
RE1,DEMINDWASFUR_HIG,2040,0.0
RE1,DEMINDWASFUR_HIG,2041,0.0
RE1,DEMINDWASFUR_HIG,2042,0.0
RE1,DEMINDWASFUR_HIG,2043,0.0
RE1,DEMINDWASFUR_HIG,2044,0.0
RE1,DEMINDWASFUR_HIG,2045,0.0
RE1,DEMINDWASFUR_HIG,2046,0.0
RE1,DEMINDWASFUR_HIG,2047,0.0
RE1,DEMINDWASFUR_HIG,2048,0.0
RE1,DEMINDWASFUR_HIG,2049,0.0
RE1,DEMINDWASFUR_HIG,2050,0.0
RE1,DEMINDWASFUR_HIG,2051,0.0
RE1,DEMINDWASFUR_HIG,2052,0.0
RE1,DEMINDWASFUR_HIG,2053,0.0
RE1,DEMINDWASFUR_HIG,2054,0.0
RE1,DEMINDWASFUR_HIG,2055,0.0
RE1,DEMINDWASFUR_LOW,2022,0.6622099580777003
RE1,DEMINDWASFUR_LOW,2023,0.6650044195234361
RE1,DEMINDWASFUR_LOW,2024,0.6437951099525598
RE1,DEMINDWASFUR_LOW,2025,0.6437679810512226
RE1,DEMINDWASFUR_LOW,2026,0.6437123226949163
RE1,DEMINDWASFUR_LOW,2027,0.643589128
RE1,DEMINDWASFUR_LOW,2028,0.643349986
RE1,DEMINDWASFUR_LOW,2029,0.642927552
RE1,DEMINDWASFUR_LOW,2030,0.642232587
RE1,DEMINDWASFUR_LOW,2031,0.641151191
RE1,DEMINDWASFUR_LOW,2032,0.639542393
RE1,DEMINDWASFUR_LOW,2033,0.637236287
RE1,DEMINDWASFUR_LOW,2034,0.634032982
RE1,DEMINDWASFUR_LOW,2035,0.629702728
RE1,DEMINDWASFUR_LOW,2036,0.623987617
RE1,DEMINDWASFUR_LOW,2037,0.616605384
RE1,DEMINDWASFUR_LOW,2038,0.607255845
RE1,DEMINDWASFUR_LOW,2039,0.595630509
RE1,DEMINDWASFUR_LOW,2040,0.581425848
RE1,DEMINDWASFUR_LOW,2041,0.564360528
RE1,DEMINDWASFUR_LOW,2042,0.54419657
RE1,DEMINDWASFUR_LOW,2043,0.520763968
RE1,DEMINDWASFUR_LOW,2044,0.493987612
RE1,DEMINDWASFUR_LOW,2045,0.463914618
RE1,DEMINDWASFUR_LOW,2046,0.430739264
RE1,DEMINDWASFUR_LOW,2047,0.394821991
RE1,DEMINDWASFUR_LOW,2048,0.35669837
RE1,DEMINDWASFUR_LOW,2049,0.317073918
RE1,DEMINDWASFUR_LOW,2050,0.27680141
RE1,DEMINDWASFUR_LOW,2051,0.236838985
RE1,DEMINDWASFUR_LOW,2052,0.198189999
RE1,DEMINDWASFUR_LOW,2053,0.161828916
RE1,DEMINDWASFUR_LOW,2054,0.128621055
RE1,DEMINDWASFUR_LOW,2055,0.128621055
RE1,DEMINDWASFUR_MID,2022,0.00456325
RE1,DEMINDWASFUR_MID,2023,0.006279706985942941
RE1,DEMINDWASFUR_MID,2024,0.01456957555098627
RE1,DEMINDWASFUR_MID,2025,0.01456896160320764
RE1,DEMINDWASFUR_MID,2026,0.0145677020120509
RE1,DEMINDWASFUR_MID,2027,0.014564914
RE1,DEMINDWASFUR_MID,2028,0.014559502
RE1,DEMINDWASFUR_MID,2029,0.014549942
RE1,DEMINDWASFUR_MID,2030,0.014534214
RE1,DEMINDWASFUR_MID,2031,0.014509742
RE1,DEMINDWASFUR_MID,2032,0.014473333
RE1,DEMINDWASFUR_MID,2033,0.014421144
RE1,DEMINDWASFUR_MID,2034,0.014348651
RE1,DEMINDWASFUR_MID,2035,0.014250654
RE1,DEMINDWASFUR_MID,2036,0.014121317
RE1,DEMINDWASFUR_MID,2037,0.013954251
RE1,DEMINDWASFUR_MID,2038,0.013742664
RE1,DEMINDWASFUR_MID,2039,0.013479574
RE1,DEMINDWASFUR_MID,2040,0.013158111
RE1,DEMINDWASFUR_MID,2041,0.01277191
RE1,DEMINDWASFUR_MID,2042,0.012315584
RE1,DEMINDWASFUR_MID,2043,0.011785287
RE1,DEMINDWASFUR_MID,2044,0.011179317
RE1,DEMINDWASFUR_MID,2045,0.010498742
RE1,DEMINDWASFUR_MID,2046,0.009747959
RE1,DEMINDWASFUR_MID,2047,0.008935124
RE1,DEMINDWASFUR_MID,2048,0.008072357
RE1,DEMINDWASFUR_MID,2049,0.007175625
RE1,DEMINDWASFUR_MID,2050,0.006264228
RE1,DEMINDWASFUR_MID,2051,0.005359847
RE1,DEMINDWASFUR_MID,2052,0.004485191
RE1,DEMINDWASFUR_MID,2053,0.003662312
RE1,DEMINDWASFUR_MID,2054,0.002910793
RE1,DEMINDWASFUR_MID,2055,0.002910793
RE1,DEMMINIDSL,2022,35.42684238908634
RE1,DEMMINIDSL,2023,18.27167666071706
RE1,DEMMINIDSL,2024,18.58229516580366
RE1,DEMMINIDSL,2025,18.40635222677055
RE1,DEMMINIDSL,2026,15.84022068850787
RE1,DEMMINIDSL,2027,14.51282623148341
RE1,DEMMINIDSL,2028,14.8625510851516
RE1,DEMMINIDSL,2029,10.79967013344445
RE1,DEMMINIDSL,2030,9.103024879209709
RE1,DEMMINIDSL,2031,8.889819024238253
RE1,DEMMINIDSL,2032,9.206173491796365
RE1,DEMMINIDSL,2033,9.08926028515526
RE1,DEMMINIDSL,2034,8.777726158121745
RE1,DEMMINIDSL,2035,8.836810466903636
RE1,DEMMINIDSL,2036,9.127329155275714
RE1,DEMMINIDSL,2037,9.476814839530608
RE1,DEMMINIDSL,2038,9.107867821328522
RE1,DEMMINIDSL,2039,8.994852491083568
RE1,DEMMINIDSL,2040,9.0292426883963
RE1,DEMMINIDSL,2041,9.0292426883963
RE1,DEMMINIDSL,2042,9.0292426883963
RE1,DEMMINIDSL,2043,9.0292426883963
RE1,DEMMINIDSL,2044,9.0292426883963
RE1,DEMMINIDSL,2045,9.0292426883963
RE1,DEMMINIDSL,2046,9.0292426883963
RE1,DEMMINIDSL,2047,9.0292426883963
RE1,DEMMINIDSL,2048,9.0292426883963
RE1,DEMMINIDSL,2049,9.0292426883963
RE1,DEMMINIDSL,2050,9.0292426883963
RE1,DEMMINIDSL,2051,9.0292426883963
RE1,DEMMINIDSL,2052,9.0292426883963
RE1,DEMMINIDSL,2053,9.0292426883963
RE1,DEMMINIDSL,2054,9.0292426883963
RE1,DEMMINIDSL,2055,9.0292426883963
RE1,DEMMINIELC,2022,24.30064800003765
RE1,DEMMINIELC,2023,27.26247599660291
RE1,DEMMINIELC,2024,27.29037599995891
RE1,DEMMINIELC,2025,20.50773878872528
RE1,DEMMINIELC,2026,17.64864130782078
RE1,DEMMINIELC,2027,16.1697030337467
RE1,DEMMINIELC,2028,16.55935470717938
RE1,DEMMINIELC,2029,12.03262935384648
RE1,DEMMINIELC,2030,10.14228425655061
RE1,DEMMINIELC,2031,9.904737461394634
RE1,DEMMINIELC,2032,10.25720897260978
RE1,DEMMINIELC,2033,10.12694820865129
RE1,DEMMINIELC,2034,9.779847358778127
RE1,DEMMINIELC,2035,9.845677109077544
RE1,DEMMINIELC,2036,10.16936326377975
RE1,DEMMINIELC,2037,10.55874846269353
RE1,DEMMINIELC,2038,10.14768009982895
RE1,DEMMINIELC,2039,10.02176221869582
RE1,DEMMINIELC,2040,10.06007862026704
RE1,DEMMINIELC,2041,10.06007862026704
RE1,DEMMINIELC,2042,10.06007862026704
RE1,DEMMINIELC,2043,10.06007862026704
RE1,DEMMINIELC,2044,10.06007862026704
RE1,DEMMINIELC,2045,10.06007862026704
RE1,DEMMINIELC,2046,10.06007862026704
RE1,DEMMINIELC,2047,10.06007862026704
RE1,DEMMINIELC,2048,10.06007862026704
RE1,DEMMINIELC,2049,10.06007862026704
RE1,DEMMINIELC,2050,10.06007862026704
RE1,DEMMINIELC,2051,10.06007862026704
RE1,DEMMINIELC,2052,10.06007862026704
RE1,DEMMINIELC,2053,10.06007862026704
RE1,DEMMINIELC,2054,10.06007862026704
RE1,DEMMINIELC,2055,10.06007862026704
RE1,DEMMINIGSL,2022,6.565300320761658
RE1,DEMMINIGSL,2023,4.697582632896189
RE1,DEMMINIGSL,2024,4.777441536248964
RE1,DEMMINIGSL,2025,3.595391398180336
RE1,DEMMINIGSL,2026,3.094137964278856
RE1,DEMMINIGSL,2027,2.834852335384022
RE1,DEMMINIGSL,2028,2.903165584805584
RE1,DEMMINIGSL,2029,2.109545695018135
RE1,DEMMINIGSL,2030,1.778132730749909
RE1,DEMMINIGSL,2031,1.736486320447538
RE1,DEMMINIGSL,2032,1.798281189817693
RE1,DEMMINIGSL,2033,1.775444033801535
RE1,DEMMINIGSL,2034,1.714590742134822
RE1,DEMMINIGSL,2035,1.726131932531737
RE1,DEMMINIGSL,2036,1.782880188802984
RE1,DEMMINIGSL,2037,1.851146720241499
RE1,DEMMINIGSL,2038,1.779078723319286
RE1,DEMMINIGSL,2039,1.757002956148307
RE1,DEMMINIGSL,2040,1.763720540277774
RE1,DEMMINIGSL,2041,1.763720540277774
RE1,DEMMINIGSL,2042,1.763720540277774
RE1,DEMMINIGSL,2043,1.763720540277774
RE1,DEMMINIGSL,2044,1.763720540277774
RE1,DEMMINIGSL,2045,1.763720540277774
RE1,DEMMINIGSL,2046,1.763720540277774
RE1,DEMMINIGSL,2047,1.763720540277774
RE1,DEMMINIGSL,2048,1.763720540277774
RE1,DEMMINIGSL,2049,1.763720540277774
RE1,DEMMINIGSL,2050,1.763720540277774
RE1,DEMMINIGSL,2051,1.763720540277774
RE1,DEMMINIGSL,2052,1.763720540277774
RE1,DEMMINIGSL,2053,1.763720540277774
RE1,DEMMINIGSL,2054,1.763720540277774
RE1,DEMMINIGSL,2055,1.763720540277774
RE1,DEMMININGS,2022,16.00855080619847
RE1,DEMMININGS,2023,12.59422786315355
RE1,DEMMININGS,2024,12.7957355175264
RE1,DEMMININGS,2025,9.734967155572624
RE1,DEMMININGS,2026,8.377761451036934
RE1,DEMMININGS,2027,7.67571352310322
RE1,DEMMININGS,2028,7.860680099967682
RE1,DEMMININGS,2029,5.711856034526541
RE1,DEMMININGS,2030,4.814514420004404
RE1,DEMMININGS,2031,4.701751610190072
RE1,DEMMININGS,2032,4.869068866388057
RE1,DEMMININGS,2033,4.807234440278982
RE1,DEMMININGS,2034,4.642466622237321
RE1,DEMMININGS,2035,4.673715823508437
RE1,DEMMININGS,2036,4.827368750201258
RE1,DEMMININGS,2037,5.01220883234507
RE1,DEMMININGS,2038,4.817075811956602
RE1,DEMMININGS,2039,4.757302940370962
RE1,DEMMININGS,2040,4.775491630731141
RE1,DEMMININGS,2041,4.775491630731141
RE1,DEMMININGS,2042,4.775491630731141
RE1,DEMMININGS,2043,4.775491630731141
RE1,DEMMININGS,2044,4.775491630731141
RE1,DEMMININGS,2045,4.775491630731141
RE1,DEMMININGS,2046,4.775491630731141
RE1,DEMMININGS,2047,4.775491630731141
RE1,DEMMININGS,2048,4.775491630731141
RE1,DEMMININGS,2049,4.775491630731141
RE1,DEMMININGS,2050,4.775491630731141
RE1,DEMMININGS,2051,4.775491630731141
RE1,DEMMININGS,2052,4.775491630731141
RE1,DEMMININGS,2053,4.775491630731141
RE1,DEMMININGS,2054,4.775491630731141
RE1,DEMMININGS,2055,4.775491630731141
RE1,DEMNGSAUT,2022,0.0
RE1,DEMNGSAUT,2023,0.0
RE1,DEMNGSAUT,2024,0.0
RE1,DEMNGSAUT,2025,0.0
RE1,DEMNGSAUT,2026,0.0
RE1,DEMNGSAUT,2027,0.0
RE1,DEMNGSAUT,2028,0.0
RE1,DEMNGSAUT,2029,0.0
RE1,DEMNGSAUT,2030,0.0
RE1,DEMNGSAUT,2031,0.0
RE1,DEMNGSAUT,2032,0.0
RE1,DEMNGSAUT,2033,0.0
RE1,DEMNGSAUT,2034,0.0
RE1,DEMNGSAUT,2035,0.0
RE1,DEMNGSAUT,2036,0.0
RE1,DEMNGSAUT,2037,0.0
RE1,DEMNGSAUT,2038,0.0
RE1,DEMNGSAUT,2039,0.0
RE1,DEMNGSAUT,2040,0.0
RE1,DEMNGSAUT,2041,0.0
RE1,DEMNGSAUT,2042,0.0
RE1,DEMNGSAUT,2043,0.0
RE1,DEMNGSAUT,2044,0.0
RE1,DEMNGSAUT,2045,0.0
RE1,DEMNGSAUT,2046,0.0
RE1,DEMNGSAUT,2047,0.0
RE1,DEMNGSAUT,2048,0.0
RE1,DEMNGSAUT,2049,0.0
RE1,DEMNGSAUT,2050,0.0
RE1,DEMNGSAUT,2051,0.0
RE1,DEMNGSAUT,2052,0.0
RE1,DEMNGSAUT,2053,0.0
RE1,DEMNGSAUT,2054,0.0
RE1,DEMNGSAUT,2055,0.0
RE1,DEMNSEELC,2022,0.0
RE1,DEMNSEELC,2023,0.0
RE1,DEMNSEELC,2024,0.0
RE1,DEMNSEELC,2025,0.0
RE1,DEMNSEELC,2026,0.0
RE1,DEMNSEELC,2027,0.0
RE1,DEMNSEELC,2028,0.0
RE1,DEMNSEELC,2029,0.0
RE1,DEMNSEELC,2030,0.0
RE1,DEMNSEELC,2031,0.0
RE1,DEMNSEELC,2032,0.0
RE1,DEMNSEELC,2033,0.0
RE1,DEMNSEELC,2034,0.0
RE1,DEMNSEELC,2035,0.0
RE1,DEMNSEELC,2036,0.0
RE1,DEMNSEELC,2037,0.0
RE1,DEMNSEELC,2038,0.0
RE1,DEMNSEELC,2039,0.0
RE1,DEMNSEELC,2040,0.0
RE1,DEMNSEELC,2041,0.0
RE1,DEMNSEELC,2042,0.0
RE1,DEMNSEELC,2043,0.0
RE1,DEMNSEELC,2044,0.0
RE1,DEMNSEELC,2045,0.0
RE1,DEMNSEELC,2046,0.0
RE1,DEMNSEELC,2047,0.0
RE1,DEMNSEELC,2048,0.0
RE1,DEMNSEELC,2049,0.0
RE1,DEMNSEELC,2050,0.0
RE1,DEMNSEELC,2051,0.0
RE1,DEMNSEELC,2052,0.0
RE1,DEMNSEELC,2053,0.0
RE1,DEMNSEELC,2054,0.0
RE1,DEMNSEELC,2055,0.0
RE1,DEMRESBGSCKN_MID_RUR,2022,0.0
RE1,DEMRESBGSCKN_MID_RUR,2023,0.0
RE1,DEMRESBGSCKN_MID_RUR,2024,0.0
RE1,DEMRESBGSCKN_MID_RUR,2025,0.05991989639368971
RE1,DEMRESBGSCKN_MID_RUR,2026,0.1198623029295347
RE1,DEMRESBGSCKN_MID_RUR,2027,0.1798303031250092
RE1,DEMRESBGSCKN_MID_RUR,2028,0.2398100028010016
RE1,DEMRESBGSCKN_MID_RUR,2029,0.2997379541658845
RE1,DEMRESBGSCKN_MID_RUR,2030,0.3595624306045762
RE1,DEMRESBGSCKN_MID_RUR,2031,0.4276357929132708
RE1,DEMRESBGSCKN_MID_RUR,2032,0.4980202847887557
RE1,DEMRESBGSCKN_MID_RUR,2033,0.5706986986186952
RE1,DEMRESBGSCKN_MID_RUR,2034,0.6456597580989911
RE1,DEMRESBGSCKN_MID_RUR,2035,0.7229080416730624
RE1,DEMRESBGSCKN_MID_RUR,2036,0.8023635259669019
RE1,DEMRESBGSCKN_MID_RUR,2037,0.8840229944351332
RE1,DEMRESBGSCKN_MID_RUR,2038,0.9679438520282662
RE1,DEMRESBGSCKN_MID_RUR,2039,1.054124334120032
RE1,DEMRESBGSCKN_MID_RUR,2040,1.142550953029348
RE1,DEMRESBGSCKN_MID_RUR,2041,1.231599701020454
RE1,DEMRESBGSCKN_MID_RUR,2042,1.322626444033607
RE1,DEMRESBGSCKN_MID_RUR,2043,1.415611234797626
RE1,DEMRESBGSCKN_MID_RUR,2044,1.510488622600908
RE1,DEMRESBGSCKN_MID_RUR,2045,1.607271419703911
RE1,DEMRESBGSCKN_MID_RUR,2046,1.704684070862337
RE1,DEMRESBGSCKN_MID_RUR,2047,1.803694192359376
RE1,DEMRESBGSCKN_MID_RUR,2048,1.904152047961772
RE1,DEMRESBGSCKN_MID_RUR,2049,2.005717528956642
RE1,DEMRESBGSCKN_MID_RUR,2050,2.10839613593643
RE1,DEMRESBGSCKN_MID_RUR,2051,2.223737180414688
RE1,DEMRESBGSCKN_MID_RUR,2052,2.34126797154111
RE1,DEMRESBGSCKN_MID_RUR,2053,2.460917092721286
RE1,DEMRESBGSCKN_MID_RUR,2054,2.582608332449536
RE1,DEMRESBGSCKN_MID_RUR,2055,2.582608332449536
RE1,DEMRESELCAIR_PAR_HIG_RUR,2022,0.0
RE1,DEMRESELCAIR_PAR_HIG_RUR,2023,0.0
RE1,DEMRESELCAIR_PAR_HIG_RUR,2024,0.0
RE1,DEMRESELCAIR_PAR_HIG_RUR,2025,0.0
RE1,DEMRESELCAIR_PAR_HIG_RUR,2026,0.0
RE1,DEMRESELCAIR_PAR_HIG_RUR,2027,0.0
RE1,DEMRESELCAIR_PAR_HIG_RUR,2028,0.0
RE1,DEMRESELCAIR_PAR_HIG_RUR,2029,0.0
RE1,DEMRESELCAIR_PAR_HIG_RUR,2030,0.0
RE1,DEMRESELCAIR_PAR_HIG_RUR,2031,0.0
RE1,DEMRESELCAIR_PAR_HIG_RUR,2032,0.0
RE1,DEMRESELCAIR_PAR_HIG_RUR,2033,0.0
RE1,DEMRESELCAIR_PAR_HIG_RUR,2034,0.0
RE1,DEMRESELCAIR_PAR_HIG_RUR,2035,0.0
RE1,DEMRESELCAIR_PAR_HIG_RUR,2036,0.0
RE1,DEMRESELCAIR_PAR_HIG_RUR,2037,0.0
RE1,DEMRESELCAIR_PAR_HIG_RUR,2038,0.0
RE1,DEMRESELCAIR_PAR_HIG_RUR,2039,0.0
RE1,DEMRESELCAIR_PAR_HIG_RUR,2040,0.0
RE1,DEMRESELCAIR_PAR_HIG_RUR,2041,0.0
RE1,DEMRESELCAIR_PAR_HIG_RUR,2042,0.0
RE1,DEMRESELCAIR_PAR_HIG_RUR,2043,0.0
RE1,DEMRESELCAIR_PAR_HIG_RUR,2044,0.0
RE1,DEMRESELCAIR_PAR_HIG_RUR,2045,0.0
RE1,DEMRESELCAIR_PAR_HIG_RUR,2046,0.0
RE1,DEMRESELCAIR_PAR_HIG_RUR,2047,0.0
RE1,DEMRESELCAIR_PAR_HIG_RUR,2048,0.0
RE1,DEMRESELCAIR_PAR_HIG_RUR,2049,0.0
RE1,DEMRESELCAIR_PAR_HIG_RUR,2050,0.0
RE1,DEMRESELCAIR_PAR_HIG_RUR,2051,0.0
RE1,DEMRESELCAIR_PAR_HIG_RUR,2052,0.0
RE1,DEMRESELCAIR_PAR_HIG_RUR,2053,0.0
RE1,DEMRESELCAIR_PAR_HIG_RUR,2054,0.0
RE1,DEMRESELCAIR_PAR_HIG_RUR,2055,0.0
RE1,DEMRESELCAIR_PAR_LOW_RUR,2022,0.01943612582212665
RE1,DEMRESELCAIR_PAR_LOW_RUR,2023,0.02245612201617922
RE1,DEMRESELCAIR_PAR_LOW_RUR,2024,0.02438827113098291
RE1,DEMRESELCAIR_PAR_LOW_RUR,2025,0.02438046813276729
RE1,DEMRESELCAIR_PAR_LOW_RUR,2026,0.02436446608540582
RE1,DEMRESELCAIR_PAR_LOW_RUR,2027,0.0
RE1,DEMRESELCAIR_PAR_LOW_RUR,2028,0.0
RE1,DEMRESELCAIR_PAR_LOW_RUR,2029,0.0
RE1,DEMRESELCAIR_PAR_LOW_RUR,2030,0.0
RE1,DEMRESELCAIR_PAR_LOW_RUR,2031,0.0
RE1,DEMRESELCAIR_PAR_LOW_RUR,2032,0.0
RE1,DEMRESELCAIR_PAR_LOW_RUR,2033,0.0
RE1,DEMRESELCAIR_PAR_LOW_RUR,2034,0.0
RE1,DEMRESELCAIR_PAR_LOW_RUR,2035,0.0
RE1,DEMRESELCAIR_PAR_LOW_RUR,2036,0.0
RE1,DEMRESELCAIR_PAR_LOW_RUR,2037,0.0
RE1,DEMRESELCAIR_PAR_LOW_RUR,2038,0.0
RE1,DEMRESELCAIR_PAR_LOW_RUR,2039,0.0
RE1,DEMRESELCAIR_PAR_LOW_RUR,2040,0.0
RE1,DEMRESELCAIR_PAR_LOW_RUR,2041,0.0
RE1,DEMRESELCAIR_PAR_LOW_RUR,2042,0.0
RE1,DEMRESELCAIR_PAR_LOW_RUR,2043,0.0
RE1,DEMRESELCAIR_PAR_LOW_RUR,2044,0.0
RE1,DEMRESELCAIR_PAR_LOW_RUR,2045,0.0
RE1,DEMRESELCAIR_PAR_LOW_RUR,2046,0.0
RE1,DEMRESELCAIR_PAR_LOW_RUR,2047,0.0
RE1,DEMRESELCAIR_PAR_LOW_RUR,2048,0.0
RE1,DEMRESELCAIR_PAR_LOW_RUR,2049,0.0
RE1,DEMRESELCAIR_PAR_LOW_RUR,2050,0.0
RE1,DEMRESELCAIR_PAR_LOW_RUR,2051,0.0
RE1,DEMRESELCAIR_PAR_LOW_RUR,2052,0.0
RE1,DEMRESELCAIR_PAR_LOW_RUR,2053,0.0
RE1,DEMRESELCAIR_PAR_LOW_RUR,2054,0.0
RE1,DEMRESELCAIR_PAR_LOW_RUR,2055,0.0
RE1,DEMRESELCAIR_PAR_LOW_URB,2022,0.4857156031308625
RE1,DEMRESELCAIR_PAR_LOW_URB,2023,0.5423257368071764
RE1,DEMRESELCAIR_PAR_LOW_URB,2024,0.5945082778917649
RE1,DEMRESELCAIR_PAR_LOW_URB,2025,0.5943180656784167
RE1,DEMRESELCAIR_PAR_LOW_URB,2026,0.5939279867930166
RE1,DEMRESELCAIR_PAR_LOW_URB,2027,0.0
RE1,DEMRESELCAIR_PAR_LOW_URB,2028,0.0
RE1,DEMRESELCAIR_PAR_LOW_URB,2029,0.0
RE1,DEMRESELCAIR_PAR_LOW_URB,2030,0.0
RE1,DEMRESELCAIR_PAR_LOW_URB,2031,0.0
RE1,DEMRESELCAIR_PAR_LOW_URB,2032,0.0
RE1,DEMRESELCAIR_PAR_LOW_URB,2033,0.0
RE1,DEMRESELCAIR_PAR_LOW_URB,2034,0.0
RE1,DEMRESELCAIR_PAR_LOW_URB,2035,0.0
RE1,DEMRESELCAIR_PAR_LOW_URB,2036,0.0
RE1,DEMRESELCAIR_PAR_LOW_URB,2037,0.0
RE1,DEMRESELCAIR_PAR_LOW_URB,2038,0.0
RE1,DEMRESELCAIR_PAR_LOW_URB,2039,0.0
RE1,DEMRESELCAIR_PAR_LOW_URB,2040,0.0
RE1,DEMRESELCAIR_PAR_LOW_URB,2041,0.0
RE1,DEMRESELCAIR_PAR_LOW_URB,2042,0.0
RE1,DEMRESELCAIR_PAR_LOW_URB,2043,0.0
RE1,DEMRESELCAIR_PAR_LOW_URB,2044,0.0
RE1,DEMRESELCAIR_PAR_LOW_URB,2045,0.0
RE1,DEMRESELCAIR_PAR_LOW_URB,2046,0.0
RE1,DEMRESELCAIR_PAR_LOW_URB,2047,0.0
RE1,DEMRESELCAIR_PAR_LOW_URB,2048,0.0
RE1,DEMRESELCAIR_PAR_LOW_URB,2049,0.0
RE1,DEMRESELCAIR_PAR_LOW_URB,2050,0.0
RE1,DEMRESELCAIR_PAR_LOW_URB,2051,0.0
RE1,DEMRESELCAIR_PAR_LOW_URB,2052,0.0
RE1,DEMRESELCAIR_PAR_LOW_URB,2053,0.0
RE1,DEMRESELCAIR_PAR_LOW_URB,2054,0.0
RE1,DEMRESELCAIR_PAR_LOW_URB,2055,0.0
RE1,DEMRESELCAIR_PAR_MID_RUR,2022,0.0001339333473217207
RE1,DEMRESELCAIR_PAR_MID_RUR,2023,0.000212055532507958
RE1,DEMRESELCAIR_PAR_MID_RUR,2024,0.0005519252217168536
RE1,DEMRESELCAIR_PAR_MID_RUR,2025,0.0005517486339014616
RE1,DEMRESELCAIR_PAR_MID_RUR,2026,0.0005513864953353259
RE1,DEMRESELCAIR_PAR_MID_RUR,2027,0.0
RE1,DEMRESELCAIR_PAR_MID_RUR,2028,0.0
RE1,DEMRESELCAIR_PAR_MID_RUR,2029,0.0
RE1,DEMRESELCAIR_PAR_MID_RUR,2030,0.0
RE1,DEMRESELCAIR_PAR_MID_RUR,2031,0.0
RE1,DEMRESELCAIR_PAR_MID_RUR,2032,0.0
RE1,DEMRESELCAIR_PAR_MID_RUR,2033,0.0
RE1,DEMRESELCAIR_PAR_MID_RUR,2034,0.0
RE1,DEMRESELCAIR_PAR_MID_RUR,2035,0.0
RE1,DEMRESELCAIR_PAR_MID_RUR,2036,0.0
RE1,DEMRESELCAIR_PAR_MID_RUR,2037,0.0
RE1,DEMRESELCAIR_PAR_MID_RUR,2038,0.0
RE1,DEMRESELCAIR_PAR_MID_RUR,2039,0.0
RE1,DEMRESELCAIR_PAR_MID_RUR,2040,0.0
RE1,DEMRESELCAIR_PAR_MID_RUR,2041,0.0
RE1,DEMRESELCAIR_PAR_MID_RUR,2042,0.0
RE1,DEMRESELCAIR_PAR_MID_RUR,2043,0.0
RE1,DEMRESELCAIR_PAR_MID_RUR,2044,0.0
RE1,DEMRESELCAIR_PAR_MID_RUR,2045,0.0
RE1,DEMRESELCAIR_PAR_MID_RUR,2046,0.0
RE1,DEMRESELCAIR_PAR_MID_RUR,2047,0.0
RE1,DEMRESELCAIR_PAR_MID_RUR,2048,0.0
RE1,DEMRESELCAIR_PAR_MID_RUR,2049,0.0
RE1,DEMRESELCAIR_PAR_MID_RUR,2050,0.0
RE1,DEMRESELCAIR_PAR_MID_RUR,2051,0.0
RE1,DEMRESELCAIR_PAR_MID_RUR,2052,0.0
RE1,DEMRESELCAIR_PAR_MID_RUR,2053,0.0
RE1,DEMRESELCAIR_PAR_MID_RUR,2054,0.0
RE1,DEMRESELCAIR_PAR_MID_RUR,2055,0.0
RE1,DEMRESELCAIR_PAR_MID_URB,2022,0.003347041337818775
RE1,DEMRESELCAIR_PAR_MID_URB,2023,0.00512123922503444
RE1,DEMRESELCAIR_PAR_MID_URB,2024,0.01345417685926362
RE1,DEMRESELCAIR_PAR_MID_URB,2025,0.01344987221144903
RE1,DEMRESELCAIR_PAR_MID_URB,2026,0.0134410444280381
RE1,DEMRESELCAIR_PAR_MID_URB,2027,0.0
RE1,DEMRESELCAIR_PAR_MID_URB,2028,0.0
RE1,DEMRESELCAIR_PAR_MID_URB,2029,0.0
RE1,DEMRESELCAIR_PAR_MID_URB,2030,0.0
RE1,DEMRESELCAIR_PAR_MID_URB,2031,0.0
RE1,DEMRESELCAIR_PAR_MID_URB,2032,0.0
RE1,DEMRESELCAIR_PAR_MID_URB,2033,0.0
RE1,DEMRESELCAIR_PAR_MID_URB,2034,0.0
RE1,DEMRESELCAIR_PAR_MID_URB,2035,0.0
RE1,DEMRESELCAIR_PAR_MID_URB,2036,0.0
RE1,DEMRESELCAIR_PAR_MID_URB,2037,0.0
RE1,DEMRESELCAIR_PAR_MID_URB,2038,0.0
RE1,DEMRESELCAIR_PAR_MID_URB,2039,0.0
RE1,DEMRESELCAIR_PAR_MID_URB,2040,0.0
RE1,DEMRESELCAIR_PAR_MID_URB,2041,0.0
RE1,DEMRESELCAIR_PAR_MID_URB,2042,0.0
RE1,DEMRESELCAIR_PAR_MID_URB,2043,0.0
RE1,DEMRESELCAIR_PAR_MID_URB,2044,0.0
RE1,DEMRESELCAIR_PAR_MID_URB,2045,0.0
RE1,DEMRESELCAIR_PAR_MID_URB,2046,0.0
RE1,DEMRESELCAIR_PAR_MID_URB,2047,0.0
RE1,DEMRESELCAIR_PAR_MID_URB,2048,0.0
RE1,DEMRESELCAIR_PAR_MID_URB,2049,0.0
RE1,DEMRESELCAIR_PAR_MID_URB,2050,0.0
RE1,DEMRESELCAIR_PAR_MID_URB,2051,0.0
RE1,DEMRESELCAIR_PAR_MID_URB,2052,0.0
RE1,DEMRESELCAIR_PAR_MID_URB,2053,0.0
RE1,DEMRESELCAIR_PAR_MID_URB,2054,0.0
RE1,DEMRESELCAIR_PAR_MID_URB,2055,0.0
RE1,DEMRESELCAIR_POR_HIG_RUR,2022,0.0
RE1,DEMRESELCAIR_POR_HIG_RUR,2023,0.0
RE1,DEMRESELCAIR_POR_HIG_RUR,2024,0.0
RE1,DEMRESELCAIR_POR_HIG_RUR,2025,0.0
RE1,DEMRESELCAIR_POR_HIG_RUR,2026,0.0
RE1,DEMRESELCAIR_POR_HIG_RUR,2027,0.0
RE1,DEMRESELCAIR_POR_HIG_RUR,2028,0.0
RE1,DEMRESELCAIR_POR_HIG_RUR,2029,0.0
RE1,DEMRESELCAIR_POR_HIG_RUR,2030,0.0
RE1,DEMRESELCAIR_POR_HIG_RUR,2031,0.0
RE1,DEMRESELCAIR_POR_HIG_RUR,2032,0.0
RE1,DEMRESELCAIR_POR_HIG_RUR,2033,0.0
RE1,DEMRESELCAIR_POR_HIG_RUR,2034,0.0
RE1,DEMRESELCAIR_POR_HIG_RUR,2035,0.0
RE1,DEMRESELCAIR_POR_HIG_RUR,2036,0.0
RE1,DEMRESELCAIR_POR_HIG_RUR,2037,0.0
RE1,DEMRESELCAIR_POR_HIG_RUR,2038,0.0
RE1,DEMRESELCAIR_POR_HIG_RUR,2039,0.0
RE1,DEMRESELCAIR_POR_HIG_RUR,2040,0.0
RE1,DEMRESELCAIR_POR_HIG_RUR,2041,0.0
RE1,DEMRESELCAIR_POR_HIG_RUR,2042,0.0
RE1,DEMRESELCAIR_POR_HIG_RUR,2043,0.0
RE1,DEMRESELCAIR_POR_HIG_RUR,2044,0.0
RE1,DEMRESELCAIR_POR_HIG_RUR,2045,0.0
RE1,DEMRESELCAIR_POR_HIG_RUR,2046,0.0
RE1,DEMRESELCAIR_POR_HIG_RUR,2047,0.0
RE1,DEMRESELCAIR_POR_HIG_RUR,2048,0.0
RE1,DEMRESELCAIR_POR_HIG_RUR,2049,0.0
RE1,DEMRESELCAIR_POR_HIG_RUR,2050,0.0
RE1,DEMRESELCAIR_POR_HIG_RUR,2051,0.0
RE1,DEMRESELCAIR_POR_HIG_RUR,2052,0.0
RE1,DEMRESELCAIR_POR_HIG_RUR,2053,0.0
RE1,DEMRESELCAIR_POR_HIG_RUR,2054,0.0
RE1,DEMRESELCAIR_POR_HIG_RUR,2055,0.0
RE1,DEMRESELCAIR_POR_HIG_URB,2022,0.0
RE1,DEMRESELCAIR_POR_HIG_URB,2023,0.0
RE1,DEMRESELCAIR_POR_HIG_URB,2024,0.0
RE1,DEMRESELCAIR_POR_HIG_URB,2025,0.0
RE1,DEMRESELCAIR_POR_HIG_URB,2026,0.0
RE1,DEMRESELCAIR_POR_HIG_URB,2027,0.0
RE1,DEMRESELCAIR_POR_HIG_URB,2028,0.0
RE1,DEMRESELCAIR_POR_HIG_URB,2029,0.0
RE1,DEMRESELCAIR_POR_HIG_URB,2030,0.0
RE1,DEMRESELCAIR_POR_HIG_URB,2031,0.0
RE1,DEMRESELCAIR_POR_HIG_URB,2032,0.0
RE1,DEMRESELCAIR_POR_HIG_URB,2033,0.0
RE1,DEMRESELCAIR_POR_HIG_URB,2034,0.0
RE1,DEMRESELCAIR_POR_HIG_URB,2035,0.0
RE1,DEMRESELCAIR_POR_HIG_URB,2036,0.0
RE1,DEMRESELCAIR_POR_HIG_URB,2037,0.0
RE1,DEMRESELCAIR_POR_HIG_URB,2038,0.0
RE1,DEMRESELCAIR_POR_HIG_URB,2039,0.0
RE1,DEMRESELCAIR_POR_HIG_URB,2040,0.0
RE1,DEMRESELCAIR_POR_HIG_URB,2041,0.0
RE1,DEMRESELCAIR_POR_HIG_URB,2042,0.0
RE1,DEMRESELCAIR_POR_HIG_URB,2043,0.0
RE1,DEMRESELCAIR_POR_HIG_URB,2044,0.0
RE1,DEMRESELCAIR_POR_HIG_URB,2045,0.0
RE1,DEMRESELCAIR_POR_HIG_URB,2046,0.0
RE1,DEMRESELCAIR_POR_HIG_URB,2047,0.0
RE1,DEMRESELCAIR_POR_HIG_URB,2048,0.0
RE1,DEMRESELCAIR_POR_HIG_URB,2049,0.0
RE1,DEMRESELCAIR_POR_HIG_URB,2050,0.0
RE1,DEMRESELCAIR_POR_HIG_URB,2051,0.0
RE1,DEMRESELCAIR_POR_HIG_URB,2052,0.0
RE1,DEMRESELCAIR_POR_HIG_URB,2053,0.0
RE1,DEMRESELCAIR_POR_HIG_URB,2054,0.0
RE1,DEMRESELCAIR_POR_HIG_URB,2055,0.0
RE1,DEMRESELCAIR_POR_LOW_RUR,2022,0.0
RE1,DEMRESELCAIR_POR_LOW_RUR,2023,0.0
RE1,DEMRESELCAIR_POR_LOW_RUR,2024,0.0
RE1,DEMRESELCAIR_POR_LOW_RUR,2025,0.0
RE1,DEMRESELCAIR_POR_LOW_RUR,2026,0.0
RE1,DEMRESELCAIR_POR_LOW_RUR,2027,0.0
RE1,DEMRESELCAIR_POR_LOW_RUR,2028,0.0
RE1,DEMRESELCAIR_POR_LOW_RUR,2029,0.0
RE1,DEMRESELCAIR_POR_LOW_RUR,2030,0.0
RE1,DEMRESELCAIR_POR_LOW_RUR,2031,0.0
RE1,DEMRESELCAIR_POR_LOW_RUR,2032,0.0
RE1,DEMRESELCAIR_POR_LOW_RUR,2033,0.0
RE1,DEMRESELCAIR_POR_LOW_RUR,2034,0.0
RE1,DEMRESELCAIR_POR_LOW_RUR,2035,0.0
RE1,DEMRESELCAIR_POR_LOW_RUR,2036,0.0
RE1,DEMRESELCAIR_POR_LOW_RUR,2037,0.0
RE1,DEMRESELCAIR_POR_LOW_RUR,2038,0.0
RE1,DEMRESELCAIR_POR_LOW_RUR,2039,0.0
RE1,DEMRESELCAIR_POR_LOW_RUR,2040,0.0
RE1,DEMRESELCAIR_POR_LOW_RUR,2041,0.0
RE1,DEMRESELCAIR_POR_LOW_RUR,2042,0.0
RE1,DEMRESELCAIR_POR_LOW_RUR,2043,0.0
RE1,DEMRESELCAIR_POR_LOW_RUR,2044,0.0
RE1,DEMRESELCAIR_POR_LOW_RUR,2045,0.0
RE1,DEMRESELCAIR_POR_LOW_RUR,2046,0.0
RE1,DEMRESELCAIR_POR_LOW_RUR,2047,0.0
RE1,DEMRESELCAIR_POR_LOW_RUR,2048,0.0
RE1,DEMRESELCAIR_POR_LOW_RUR,2049,0.0
RE1,DEMRESELCAIR_POR_LOW_RUR,2050,0.0
RE1,DEMRESELCAIR_POR_LOW_RUR,2051,0.0
RE1,DEMRESELCAIR_POR_LOW_RUR,2052,0.0
RE1,DEMRESELCAIR_POR_LOW_RUR,2053,0.0
RE1,DEMRESELCAIR_POR_LOW_RUR,2054,0.0
RE1,DEMRESELCAIR_POR_LOW_RUR,2055,0.0
RE1,DEMRESELCAIR_POR_LOW_URB,2022,0.0
RE1,DEMRESELCAIR_POR_LOW_URB,2023,0.0
RE1,DEMRESELCAIR_POR_LOW_URB,2024,0.0
RE1,DEMRESELCAIR_POR_LOW_URB,2025,0.0
RE1,DEMRESELCAIR_POR_LOW_URB,2026,0.0
RE1,DEMRESELCAIR_POR_LOW_URB,2027,0.0
RE1,DEMRESELCAIR_POR_LOW_URB,2028,0.0
RE1,DEMRESELCAIR_POR_LOW_URB,2029,0.0
RE1,DEMRESELCAIR_POR_LOW_URB,2030,0.0
RE1,DEMRESELCAIR_POR_LOW_URB,2031,0.0
RE1,DEMRESELCAIR_POR_LOW_URB,2032,0.0
RE1,DEMRESELCAIR_POR_LOW_URB,2033,0.0
RE1,DEMRESELCAIR_POR_LOW_URB,2034,0.0
RE1,DEMRESELCAIR_POR_LOW_URB,2035,0.0
RE1,DEMRESELCAIR_POR_LOW_URB,2036,0.0
RE1,DEMRESELCAIR_POR_LOW_URB,2037,0.0
RE1,DEMRESELCAIR_POR_LOW_URB,2038,0.0
RE1,DEMRESELCAIR_POR_LOW_URB,2039,0.0
RE1,DEMRESELCAIR_POR_LOW_URB,2040,0.0
RE1,DEMRESELCAIR_POR_LOW_URB,2041,0.0
RE1,DEMRESELCAIR_POR_LOW_URB,2042,0.0
RE1,DEMRESELCAIR_POR_LOW_URB,2043,0.0
RE1,DEMRESELCAIR_POR_LOW_URB,2044,0.0
RE1,DEMRESELCAIR_POR_LOW_URB,2045,0.0
RE1,DEMRESELCAIR_POR_LOW_URB,2046,0.0
RE1,DEMRESELCAIR_POR_LOW_URB,2047,0.0
RE1,DEMRESELCAIR_POR_LOW_URB,2048,0.0
RE1,DEMRESELCAIR_POR_LOW_URB,2049,0.0
RE1,DEMRESELCAIR_POR_LOW_URB,2050,0.0
RE1,DEMRESELCAIR_POR_LOW_URB,2051,0.0
RE1,DEMRESELCAIR_POR_LOW_URB,2052,0.0
RE1,DEMRESELCAIR_POR_LOW_URB,2053,0.0
RE1,DEMRESELCAIR_POR_LOW_URB,2054,0.0
RE1,DEMRESELCAIR_POR_LOW_URB,2055,0.0
RE1,DEMRESELCAIR_POR_MID_RUR,2022,0.0
RE1,DEMRESELCAIR_POR_MID_RUR,2023,0.0
RE1,DEMRESELCAIR_POR_MID_RUR,2024,0.0
RE1,DEMRESELCAIR_POR_MID_RUR,2025,0.0
RE1,DEMRESELCAIR_POR_MID_RUR,2026,0.0
RE1,DEMRESELCAIR_POR_MID_RUR,2027,0.0
RE1,DEMRESELCAIR_POR_MID_RUR,2028,0.0
RE1,DEMRESELCAIR_POR_MID_RUR,2029,0.0
RE1,DEMRESELCAIR_POR_MID_RUR,2030,0.0
RE1,DEMRESELCAIR_POR_MID_RUR,2031,0.0
RE1,DEMRESELCAIR_POR_MID_RUR,2032,0.0
RE1,DEMRESELCAIR_POR_MID_RUR,2033,0.0
RE1,DEMRESELCAIR_POR_MID_RUR,2034,0.0
RE1,DEMRESELCAIR_POR_MID_RUR,2035,0.0
RE1,DEMRESELCAIR_POR_MID_RUR,2036,0.0
RE1,DEMRESELCAIR_POR_MID_RUR,2037,0.0
RE1,DEMRESELCAIR_POR_MID_RUR,2038,0.0
RE1,DEMRESELCAIR_POR_MID_RUR,2039,0.0
RE1,DEMRESELCAIR_POR_MID_RUR,2040,0.0
RE1,DEMRESELCAIR_POR_MID_RUR,2041,0.0
RE1,DEMRESELCAIR_POR_MID_RUR,2042,0.0
RE1,DEMRESELCAIR_POR_MID_RUR,2043,0.0
RE1,DEMRESELCAIR_POR_MID_RUR,2044,0.0
RE1,DEMRESELCAIR_POR_MID_RUR,2045,0.0
RE1,DEMRESELCAIR_POR_MID_RUR,2046,0.0
RE1,DEMRESELCAIR_POR_MID_RUR,2047,0.0
RE1,DEMRESELCAIR_POR_MID_RUR,2048,0.0
RE1,DEMRESELCAIR_POR_MID_RUR,2049,0.0
RE1,DEMRESELCAIR_POR_MID_RUR,2050,0.0
RE1,DEMRESELCAIR_POR_MID_RUR,2051,0.0
RE1,DEMRESELCAIR_POR_MID_RUR,2052,0.0
RE1,DEMRESELCAIR_POR_MID_RUR,2053,0.0
RE1,DEMRESELCAIR_POR_MID_RUR,2054,0.0
RE1,DEMRESELCAIR_POR_MID_RUR,2055,0.0
RE1,DEMRESELCAIR_POR_MID_URB,2022,0.0
RE1,DEMRESELCAIR_POR_MID_URB,2023,0.0
RE1,DEMRESELCAIR_POR_MID_URB,2024,0.0
RE1,DEMRESELCAIR_POR_MID_URB,2025,0.0
RE1,DEMRESELCAIR_POR_MID_URB,2026,0.0
RE1,DEMRESELCAIR_POR_MID_URB,2027,0.0
RE1,DEMRESELCAIR_POR_MID_URB,2028,0.0
RE1,DEMRESELCAIR_POR_MID_URB,2029,0.0
RE1,DEMRESELCAIR_POR_MID_URB,2030,0.0
RE1,DEMRESELCAIR_POR_MID_URB,2031,0.0
RE1,DEMRESELCAIR_POR_MID_URB,2032,0.0
RE1,DEMRESELCAIR_POR_MID_URB,2033,0.0
RE1,DEMRESELCAIR_POR_MID_URB,2034,0.0
RE1,DEMRESELCAIR_POR_MID_URB,2035,0.0
RE1,DEMRESELCAIR_POR_MID_URB,2036,0.0
RE1,DEMRESELCAIR_POR_MID_URB,2037,0.0
RE1,DEMRESELCAIR_POR_MID_URB,2038,0.0
RE1,DEMRESELCAIR_POR_MID_URB,2039,0.0
RE1,DEMRESELCAIR_POR_MID_URB,2040,0.0
RE1,DEMRESELCAIR_POR_MID_URB,2041,0.0
RE1,DEMRESELCAIR_POR_MID_URB,2042,0.0
RE1,DEMRESELCAIR_POR_MID_URB,2043,0.0
RE1,DEMRESELCAIR_POR_MID_URB,2044,0.0
RE1,DEMRESELCAIR_POR_MID_URB,2045,0.0
RE1,DEMRESELCAIR_POR_MID_URB,2046,0.0
RE1,DEMRESELCAIR_POR_MID_URB,2047,0.0
RE1,DEMRESELCAIR_POR_MID_URB,2048,0.0
RE1,DEMRESELCAIR_POR_MID_URB,2049,0.0
RE1,DEMRESELCAIR_POR_MID_URB,2050,0.0
RE1,DEMRESELCAIR_POR_MID_URB,2051,0.0
RE1,DEMRESELCAIR_POR_MID_URB,2052,0.0
RE1,DEMRESELCAIR_POR_MID_URB,2053,0.0
RE1,DEMRESELCAIR_POR_MID_URB,2054,0.0
RE1,DEMRESELCAIR_POR_MID_URB,2055,0.0
RE1,DEMRESELCAIR_SPL_HIG_RUR,2022,0.0
RE1,DEMRESELCAIR_SPL_HIG_RUR,2023,0.0
RE1,DEMRESELCAIR_SPL_HIG_RUR,2024,0.0
RE1,DEMRESELCAIR_SPL_HIG_RUR,2025,0.0
RE1,DEMRESELCAIR_SPL_HIG_RUR,2026,0.0
RE1,DEMRESELCAIR_SPL_HIG_RUR,2027,0.0
RE1,DEMRESELCAIR_SPL_HIG_RUR,2028,0.0
RE1,DEMRESELCAIR_SPL_HIG_RUR,2029,0.0
RE1,DEMRESELCAIR_SPL_HIG_RUR,2030,0.0
RE1,DEMRESELCAIR_SPL_HIG_RUR,2031,0.0
RE1,DEMRESELCAIR_SPL_HIG_RUR,2032,0.0
RE1,DEMRESELCAIR_SPL_HIG_RUR,2033,0.0
RE1,DEMRESELCAIR_SPL_HIG_RUR,2034,0.0
RE1,DEMRESELCAIR_SPL_HIG_RUR,2035,0.0
RE1,DEMRESELCAIR_SPL_HIG_RUR,2036,0.0
RE1,DEMRESELCAIR_SPL_HIG_RUR,2037,0.0
RE1,DEMRESELCAIR_SPL_HIG_RUR,2038,0.0
RE1,DEMRESELCAIR_SPL_HIG_RUR,2039,0.0
RE1,DEMRESELCAIR_SPL_HIG_RUR,2040,0.0
RE1,DEMRESELCAIR_SPL_HIG_RUR,2041,0.0
RE1,DEMRESELCAIR_SPL_HIG_RUR,2042,0.0
RE1,DEMRESELCAIR_SPL_HIG_RUR,2043,0.0
RE1,DEMRESELCAIR_SPL_HIG_RUR,2044,0.0
RE1,DEMRESELCAIR_SPL_HIG_RUR,2045,0.0
RE1,DEMRESELCAIR_SPL_HIG_RUR,2046,0.0
RE1,DEMRESELCAIR_SPL_HIG_RUR,2047,0.0
RE1,DEMRESELCAIR_SPL_HIG_RUR,2048,0.0
RE1,DEMRESELCAIR_SPL_HIG_RUR,2049,0.0
RE1,DEMRESELCAIR_SPL_HIG_RUR,2050,0.0
RE1,DEMRESELCAIR_SPL_HIG_RUR,2051,0.0
RE1,DEMRESELCAIR_SPL_HIG_RUR,2052,0.0
RE1,DEMRESELCAIR_SPL_HIG_RUR,2053,0.0
RE1,DEMRESELCAIR_SPL_HIG_RUR,2054,0.0
RE1,DEMRESELCAIR_SPL_HIG_RUR,2055,0.0
RE1,DEMRESELCAIR_SPL_HIG_URB,2022,0.0
RE1,DEMRESELCAIR_SPL_HIG_URB,2023,0.0
RE1,DEMRESELCAIR_SPL_HIG_URB,2024,0.0
RE1,DEMRESELCAIR_SPL_HIG_URB,2025,0.0
RE1,DEMRESELCAIR_SPL_HIG_URB,2026,0.0
RE1,DEMRESELCAIR_SPL_HIG_URB,2027,0.0
RE1,DEMRESELCAIR_SPL_HIG_URB,2028,0.0
RE1,DEMRESELCAIR_SPL_HIG_URB,2029,0.0
RE1,DEMRESELCAIR_SPL_HIG_URB,2030,0.0
RE1,DEMRESELCAIR_SPL_HIG_URB,2031,0.0
RE1,DEMRESELCAIR_SPL_HIG_URB,2032,0.0
RE1,DEMRESELCAIR_SPL_HIG_URB,2033,0.0
RE1,DEMRESELCAIR_SPL_HIG_URB,2034,0.0
RE1,DEMRESELCAIR_SPL_HIG_URB,2035,0.0
RE1,DEMRESELCAIR_SPL_HIG_URB,2036,0.0
RE1,DEMRESELCAIR_SPL_HIG_URB,2037,0.0
RE1,DEMRESELCAIR_SPL_HIG_URB,2038,0.0
RE1,DEMRESELCAIR_SPL_HIG_URB,2039,0.0
RE1,DEMRESELCAIR_SPL_HIG_URB,2040,0.0
RE1,DEMRESELCAIR_SPL_HIG_URB,2041,0.0
RE1,DEMRESELCAIR_SPL_HIG_URB,2042,0.0
RE1,DEMRESELCAIR_SPL_HIG_URB,2043,0.0
RE1,DEMRESELCAIR_SPL_HIG_URB,2044,0.0
RE1,DEMRESELCAIR_SPL_HIG_URB,2045,0.0
RE1,DEMRESELCAIR_SPL_HIG_URB,2046,0.0
RE1,DEMRESELCAIR_SPL_HIG_URB,2047,0.0
RE1,DEMRESELCAIR_SPL_HIG_URB,2048,0.0
RE1,DEMRESELCAIR_SPL_HIG_URB,2049,0.0
RE1,DEMRESELCAIR_SPL_HIG_URB,2050,0.0
RE1,DEMRESELCAIR_SPL_HIG_URB,2051,0.0
RE1,DEMRESELCAIR_SPL_HIG_URB,2052,0.0
RE1,DEMRESELCAIR_SPL_HIG_URB,2053,0.0
RE1,DEMRESELCAIR_SPL_HIG_URB,2054,0.0
RE1,DEMRESELCAIR_SPL_HIG_URB,2055,0.0
RE1,DEMRESELCAIR_SPL_LOW_RUR,2022,0.03609566224109235
RE1,DEMRESELCAIR_SPL_LOW_RUR,2023,0.04170422660147569
RE1,DEMRESELCAIR_SPL_LOW_RUR,2024,0.04529250352896826
RE1,DEMRESELCAIR_SPL_LOW_RUR,2025,0.04510649761627442
RE1,DEMRESELCAIR_SPL_LOW_RUR,2026,0.04472724660492692
RE1,DEMRESELCAIR_SPL_LOW_RUR,2027,0.0
RE1,DEMRESELCAIR_SPL_LOW_RUR,2028,0.0
RE1,DEMRESELCAIR_SPL_LOW_RUR,2029,0.0
RE1,DEMRESELCAIR_SPL_LOW_RUR,2030,0.0
RE1,DEMRESELCAIR_SPL_LOW_RUR,2031,0.0
RE1,DEMRESELCAIR_SPL_LOW_RUR,2032,0.0
RE1,DEMRESELCAIR_SPL_LOW_RUR,2033,0.0
RE1,DEMRESELCAIR_SPL_LOW_RUR,2034,0.0
RE1,DEMRESELCAIR_SPL_LOW_RUR,2035,0.0
RE1,DEMRESELCAIR_SPL_LOW_RUR,2036,0.0
RE1,DEMRESELCAIR_SPL_LOW_RUR,2037,0.0
RE1,DEMRESELCAIR_SPL_LOW_RUR,2038,0.0
RE1,DEMRESELCAIR_SPL_LOW_RUR,2039,0.0
RE1,DEMRESELCAIR_SPL_LOW_RUR,2040,0.0
RE1,DEMRESELCAIR_SPL_LOW_RUR,2041,0.0
RE1,DEMRESELCAIR_SPL_LOW_RUR,2042,0.0
RE1,DEMRESELCAIR_SPL_LOW_RUR,2043,0.0
RE1,DEMRESELCAIR_SPL_LOW_RUR,2044,0.0
RE1,DEMRESELCAIR_SPL_LOW_RUR,2045,0.0
RE1,DEMRESELCAIR_SPL_LOW_RUR,2046,0.0
RE1,DEMRESELCAIR_SPL_LOW_RUR,2047,0.0
RE1,DEMRESELCAIR_SPL_LOW_RUR,2048,0.0
RE1,DEMRESELCAIR_SPL_LOW_RUR,2049,0.0
RE1,DEMRESELCAIR_SPL_LOW_RUR,2050,0.0
RE1,DEMRESELCAIR_SPL_LOW_RUR,2051,0.0
RE1,DEMRESELCAIR_SPL_LOW_RUR,2052,0.0
RE1,DEMRESELCAIR_SPL_LOW_RUR,2053,0.0
RE1,DEMRESELCAIR_SPL_LOW_RUR,2054,0.0
RE1,DEMRESELCAIR_SPL_LOW_RUR,2055,0.0
RE1,DEMRESELCAIR_SPL_LOW_URB,2022,0.9020432629573163
RE1,DEMRESELCAIR_SPL_LOW_URB,2023,1.007176368356185
RE1,DEMRESELCAIR_SPL_LOW_URB,2024,1.104086801798992
RE1,DEMRESELCAIR_SPL_LOW_URB,2025,1.099552570805766
RE1,DEMRESELCAIR_SPL_LOW_URB,2026,1.090307640550809
RE1,DEMRESELCAIR_SPL_LOW_URB,2027,0.0
RE1,DEMRESELCAIR_SPL_LOW_URB,2028,0.0
RE1,DEMRESELCAIR_SPL_LOW_URB,2029,0.0
RE1,DEMRESELCAIR_SPL_LOW_URB,2030,0.0
RE1,DEMRESELCAIR_SPL_LOW_URB,2031,0.0
RE1,DEMRESELCAIR_SPL_LOW_URB,2032,0.0
RE1,DEMRESELCAIR_SPL_LOW_URB,2033,0.0
RE1,DEMRESELCAIR_SPL_LOW_URB,2034,0.0
RE1,DEMRESELCAIR_SPL_LOW_URB,2035,0.0
RE1,DEMRESELCAIR_SPL_LOW_URB,2036,0.0
RE1,DEMRESELCAIR_SPL_LOW_URB,2037,0.0
RE1,DEMRESELCAIR_SPL_LOW_URB,2038,0.0
RE1,DEMRESELCAIR_SPL_LOW_URB,2039,0.0
RE1,DEMRESELCAIR_SPL_LOW_URB,2040,0.0
RE1,DEMRESELCAIR_SPL_LOW_URB,2041,0.0
RE1,DEMRESELCAIR_SPL_LOW_URB,2042,0.0
RE1,DEMRESELCAIR_SPL_LOW_URB,2043,0.0
RE1,DEMRESELCAIR_SPL_LOW_URB,2044,0.0
RE1,DEMRESELCAIR_SPL_LOW_URB,2045,0.0
RE1,DEMRESELCAIR_SPL_LOW_URB,2046,0.0
RE1,DEMRESELCAIR_SPL_LOW_URB,2047,0.0
RE1,DEMRESELCAIR_SPL_LOW_URB,2048,0.0
RE1,DEMRESELCAIR_SPL_LOW_URB,2049,0.0
RE1,DEMRESELCAIR_SPL_LOW_URB,2050,0.0
RE1,DEMRESELCAIR_SPL_LOW_URB,2051,0.0
RE1,DEMRESELCAIR_SPL_LOW_URB,2052,0.0
RE1,DEMRESELCAIR_SPL_LOW_URB,2053,0.0
RE1,DEMRESELCAIR_SPL_LOW_URB,2054,0.0
RE1,DEMRESELCAIR_SPL_LOW_URB,2055,0.0
RE1,DEMRESELCAIR_SPL_MID_RUR,2022,0.0002487333593117669
RE1,DEMRESELCAIR_SPL_MID_RUR,2023,0.0003938174175147791
RE1,DEMRESELCAIR_SPL_MID_RUR,2024,0.001025003983188443
RE1,DEMRESELCAIR_SPL_MID_RUR,2025,0.001020794527173589
RE1,DEMRESELCAIR_SPL_MID_RUR,2026,0.001012211786830901
RE1,DEMRESELCAIR_SPL_MID_RUR,2027,0.0
RE1,DEMRESELCAIR_SPL_MID_RUR,2028,0.0
RE1,DEMRESELCAIR_SPL_MID_RUR,2029,0.0
RE1,DEMRESELCAIR_SPL_MID_RUR,2030,0.0
RE1,DEMRESELCAIR_SPL_MID_RUR,2031,0.0
RE1,DEMRESELCAIR_SPL_MID_RUR,2032,0.0
RE1,DEMRESELCAIR_SPL_MID_RUR,2033,0.0
RE1,DEMRESELCAIR_SPL_MID_RUR,2034,0.0
RE1,DEMRESELCAIR_SPL_MID_RUR,2035,0.0
RE1,DEMRESELCAIR_SPL_MID_RUR,2036,0.0
RE1,DEMRESELCAIR_SPL_MID_RUR,2037,0.0
RE1,DEMRESELCAIR_SPL_MID_RUR,2038,0.0
RE1,DEMRESELCAIR_SPL_MID_RUR,2039,0.0
RE1,DEMRESELCAIR_SPL_MID_RUR,2040,0.0
RE1,DEMRESELCAIR_SPL_MID_RUR,2041,0.0
RE1,DEMRESELCAIR_SPL_MID_RUR,2042,0.0
RE1,DEMRESELCAIR_SPL_MID_RUR,2043,0.0
RE1,DEMRESELCAIR_SPL_MID_RUR,2044,0.0
RE1,DEMRESELCAIR_SPL_MID_RUR,2045,0.0
RE1,DEMRESELCAIR_SPL_MID_RUR,2046,0.0
RE1,DEMRESELCAIR_SPL_MID_RUR,2047,0.0
RE1,DEMRESELCAIR_SPL_MID_RUR,2048,0.0
RE1,DEMRESELCAIR_SPL_MID_RUR,2049,0.0
RE1,DEMRESELCAIR_SPL_MID_RUR,2050,0.0
RE1,DEMRESELCAIR_SPL_MID_RUR,2051,0.0
RE1,DEMRESELCAIR_SPL_MID_RUR,2052,0.0
RE1,DEMRESELCAIR_SPL_MID_RUR,2053,0.0
RE1,DEMRESELCAIR_SPL_MID_RUR,2054,0.0
RE1,DEMRESELCAIR_SPL_MID_RUR,2055,0.0
RE1,DEMRESELCAIR_SPL_MID_URB,2022,0.006215933913092012
RE1,DEMRESELCAIR_SPL_MID_URB,2023,0.00951087284649253
RE1,DEMRESELCAIR_SPL_MID_URB,2024,0.02498632845291814
RE1,DEMRESELCAIR_SPL_MID_URB,2025,0.0248837153389007
RE1,DEMRESELCAIR_SPL_MID_URB,2026,0.02467449549903097
RE1,DEMRESELCAIR_SPL_MID_URB,2027,0.0
RE1,DEMRESELCAIR_SPL_MID_URB,2028,0.0
RE1,DEMRESELCAIR_SPL_MID_URB,2029,0.0
RE1,DEMRESELCAIR_SPL_MID_URB,2030,0.0
RE1,DEMRESELCAIR_SPL_MID_URB,2031,0.0
RE1,DEMRESELCAIR_SPL_MID_URB,2032,0.0
RE1,DEMRESELCAIR_SPL_MID_URB,2033,0.0
RE1,DEMRESELCAIR_SPL_MID_URB,2034,0.0
RE1,DEMRESELCAIR_SPL_MID_URB,2035,0.0
RE1,DEMRESELCAIR_SPL_MID_URB,2036,0.0
RE1,DEMRESELCAIR_SPL_MID_URB,2037,0.0
RE1,DEMRESELCAIR_SPL_MID_URB,2038,0.0
RE1,DEMRESELCAIR_SPL_MID_URB,2039,0.0
RE1,DEMRESELCAIR_SPL_MID_URB,2040,0.0
RE1,DEMRESELCAIR_SPL_MID_URB,2041,0.0
RE1,DEMRESELCAIR_SPL_MID_URB,2042,0.0
RE1,DEMRESELCAIR_SPL_MID_URB,2043,0.0
RE1,DEMRESELCAIR_SPL_MID_URB,2044,0.0
RE1,DEMRESELCAIR_SPL_MID_URB,2045,0.0
RE1,DEMRESELCAIR_SPL_MID_URB,2046,0.0
RE1,DEMRESELCAIR_SPL_MID_URB,2047,0.0
RE1,DEMRESELCAIR_SPL_MID_URB,2048,0.0
RE1,DEMRESELCAIR_SPL_MID_URB,2049,0.0
RE1,DEMRESELCAIR_SPL_MID_URB,2050,0.0
RE1,DEMRESELCAIR_SPL_MID_URB,2051,0.0
RE1,DEMRESELCAIR_SPL_MID_URB,2052,0.0
RE1,DEMRESELCAIR_SPL_MID_URB,2053,0.0
RE1,DEMRESELCAIR_SPL_MID_URB,2054,0.0
RE1,DEMRESELCAIR_SPL_MID_URB,2055,0.0
RE1,DEMRESELCCKN_HIG_RUR,2022,0.0
RE1,DEMRESELCCKN_HIG_RUR,2023,0.0
RE1,DEMRESELCCKN_HIG_RUR,2024,0.0
RE1,DEMRESELCCKN_HIG_RUR,2025,0.0
RE1,DEMRESELCCKN_HIG_RUR,2026,0.0
RE1,DEMRESELCCKN_HIG_RUR,2027,0.0
RE1,DEMRESELCCKN_HIG_RUR,2028,0.0
RE1,DEMRESELCCKN_HIG_RUR,2029,0.0
RE1,DEMRESELCCKN_HIG_RUR,2030,0.0
RE1,DEMRESELCCKN_HIG_RUR,2031,0.0
RE1,DEMRESELCCKN_HIG_RUR,2032,0.0
RE1,DEMRESELCCKN_HIG_RUR,2033,0.0
RE1,DEMRESELCCKN_HIG_RUR,2034,0.0
RE1,DEMRESELCCKN_HIG_RUR,2035,0.0
RE1,DEMRESELCCKN_HIG_RUR,2036,0.0
RE1,DEMRESELCCKN_HIG_RUR,2037,0.0
RE1,DEMRESELCCKN_HIG_RUR,2038,0.0
RE1,DEMRESELCCKN_HIG_RUR,2039,0.0
RE1,DEMRESELCCKN_HIG_RUR,2040,0.0
RE1,DEMRESELCCKN_HIG_RUR,2041,0.0
RE1,DEMRESELCCKN_HIG_RUR,2042,0.0
RE1,DEMRESELCCKN_HIG_RUR,2043,0.0
RE1,DEMRESELCCKN_HIG_RUR,2044,0.0
RE1,DEMRESELCCKN_HIG_RUR,2045,0.0
RE1,DEMRESELCCKN_HIG_RUR,2046,0.0
RE1,DEMRESELCCKN_HIG_RUR,2047,0.0
RE1,DEMRESELCCKN_HIG_RUR,2048,0.0
RE1,DEMRESELCCKN_HIG_RUR,2049,0.0
RE1,DEMRESELCCKN_HIG_RUR,2050,0.0
RE1,DEMRESELCCKN_HIG_RUR,2051,0.0
RE1,DEMRESELCCKN_HIG_RUR,2052,0.0
RE1,DEMRESELCCKN_HIG_RUR,2053,0.0
RE1,DEMRESELCCKN_HIG_RUR,2054,0.0
RE1,DEMRESELCCKN_HIG_RUR,2055,0.0
RE1,DEMRESELCCKN_HIG_URB,2022,0.0
RE1,DEMRESELCCKN_HIG_URB,2023,0.0
RE1,DEMRESELCCKN_HIG_URB,2024,0.0
RE1,DEMRESELCCKN_HIG_URB,2025,0.0
RE1,DEMRESELCCKN_HIG_URB,2026,0.0
RE1,DEMRESELCCKN_HIG_URB,2027,0.0
RE1,DEMRESELCCKN_HIG_URB,2028,0.0
RE1,DEMRESELCCKN_HIG_URB,2029,0.0
RE1,DEMRESELCCKN_HIG_URB,2030,0.07071877236101919
RE1,DEMRESELCCKN_HIG_URB,2031,0.1452816188716222
RE1,DEMRESELCCKN_HIG_URB,2032,0.21973337220288
RE1,DEMRESELCCKN_HIG_URB,2033,0.2940506269753252
RE1,DEMRESELCCKN_HIG_URB,2034,0.368234399213023
RE1,DEMRESELCCKN_HIG_URB,2035,0.4423409754396938
RE1,DEMRESELCCKN_HIG_URB,2036,0.517218254842536
RE1,DEMRESELCCKN_HIG_URB,2037,0.5921866462047719
RE1,DEMRESELCCKN_HIG_URB,2038,0.66727777335094
RE1,DEMRESELCCKN_HIG_URB,2039,0.7424555375187468
RE1,DEMRESELCCKN_HIG_URB,2040,0.8178253659378547
RE1,DEMRESELCCKN_HIG_URB,2041,0.8938492330688751
RE1,DEMRESELCCKN_HIG_URB,2042,0.9699780179630566
RE1,DEMRESELCCKN_HIG_URB,2043,1.046213978882948
RE1,DEMRESELCCKN_HIG_URB,2044,1.12246749314782
RE1,DEMRESELCCKN_HIG_URB,2045,1.198802237656699
RE1,DEMRESELCCKN_HIG_URB,2046,1.275561066863252
RE1,DEMRESELCCKN_HIG_URB,2047,1.352519269577496
RE1,DEMRESELCCKN_HIG_URB,2048,1.429664341615999
RE1,DEMRESELCCKN_HIG_URB,2049,1.506368787324807
RE1,DEMRESELCCKN_HIG_URB,2050,1.576601782607983
RE1,DEMRESELCCKN_HIG_URB,2051,1.623095256800652
RE1,DEMRESELCCKN_HIG_URB,2052,1.668572630082234
RE1,DEMRESELCCKN_HIG_URB,2053,1.710798232352709
RE1,DEMRESELCCKN_HIG_URB,2054,1.751864367016337
RE1,DEMRESELCCKN_HIG_URB,2055,1.751864367016337
RE1,DEMRESELCCKN_LOW_RUR,2022,0.712009577386773
RE1,DEMRESELCCKN_LOW_RUR,2023,0.8220715935751104
RE1,DEMRESELCCKN_LOW_RUR,2024,0.8826576685226799
RE1,DEMRESELCCKN_LOW_RUR,2025,0.8421453940390937
RE1,DEMRESELCCKN_LOW_RUR,2026,0.8215097343400206
RE1,DEMRESELCCKN_LOW_RUR,2027,0.0
RE1,DEMRESELCCKN_LOW_RUR,2028,0.0
RE1,DEMRESELCCKN_LOW_RUR,2029,0.0
RE1,DEMRESELCCKN_LOW_RUR,2030,0.0
RE1,DEMRESELCCKN_LOW_RUR,2031,0.0
RE1,DEMRESELCCKN_LOW_RUR,2032,0.0
RE1,DEMRESELCCKN_LOW_RUR,2033,0.0
RE1,DEMRESELCCKN_LOW_RUR,2034,0.0
RE1,DEMRESELCCKN_LOW_RUR,2035,0.0
RE1,DEMRESELCCKN_LOW_RUR,2036,0.0
RE1,DEMRESELCCKN_LOW_RUR,2037,0.0
RE1,DEMRESELCCKN_LOW_RUR,2038,0.0
RE1,DEMRESELCCKN_LOW_RUR,2039,0.0
RE1,DEMRESELCCKN_LOW_RUR,2040,0.0
RE1,DEMRESELCCKN_LOW_RUR,2041,0.0
RE1,DEMRESELCCKN_LOW_RUR,2042,0.0
RE1,DEMRESELCCKN_LOW_RUR,2043,0.0
RE1,DEMRESELCCKN_LOW_RUR,2044,0.0
RE1,DEMRESELCCKN_LOW_RUR,2045,0.0
RE1,DEMRESELCCKN_LOW_RUR,2046,0.0
RE1,DEMRESELCCKN_LOW_RUR,2047,0.0
RE1,DEMRESELCCKN_LOW_RUR,2048,0.0
RE1,DEMRESELCCKN_LOW_RUR,2049,0.0
RE1,DEMRESELCCKN_LOW_RUR,2050,0.0
RE1,DEMRESELCCKN_LOW_RUR,2051,0.0
RE1,DEMRESELCCKN_LOW_RUR,2052,0.0
RE1,DEMRESELCCKN_LOW_RUR,2053,0.0
RE1,DEMRESELCCKN_LOW_RUR,2054,0.0
RE1,DEMRESELCCKN_LOW_RUR,2055,0.0
RE1,DEMRESELCCKN_LOW_URB,2022,3.350865412097228
RE1,DEMRESELCCKN_LOW_URB,2023,3.529988961337092
RE1,DEMRESELCCKN_LOW_URB,2024,3.672724889405278
RE1,DEMRESELCCKN_LOW_URB,2025,3.504153942674233
RE1,DEMRESELCCKN_LOW_URB,2026,3.41828928224146
RE1,DEMRESELCCKN_LOW_URB,2027,3.318187913301338
RE1,DEMRESELCCKN_LOW_URB,2028,3.205519711383634
RE1,DEMRESELCCKN_LOW_URB,2029,3.082005578809249
RE1,DEMRESELCCKN_LOW_URB,2030,2.949397657525414
RE1,DEMRESELCCKN_LOW_URB,2031,2.809454952950603
RE1,DEMRESELCCKN_LOW_URB,2032,2.663917482439689
RE1,DEMRESELCCKN_LOW_URB,2033,2.514480804683824
RE1,DEMRESELCCKN_LOW_URB,2034,2.362772150491464
RE1,DEMRESELCCKN_LOW_URB,2035,2.21032899372284
RE1,DEMRESELCCKN_LOW_URB,2036,2.058580635028664
RE1,DEMRESELCCKN_LOW_URB,2037,1.908833163859495
RE1,DEMRESELCCKN_LOW_URB,2038,1.762257992024485
RE1,DEMRESELCCKN_LOW_URB,2039,1.619884004903853
RE1,DEMRESELCCKN_LOW_URB,2040,1.482593250424468
RE1,DEMRESELCCKN_LOW_URB,2041,1.351119979890861
RE1,DEMRESELCCKN_LOW_URB,2042,1.226052768480452
RE1,DEMRESELCCKN_LOW_URB,2043,1.107839376551022
RE1,DEMRESELCCKN_LOW_URB,2044,0.9967939654985292
RE1,DEMRESELCCKN_LOW_URB,2045,0.8931062529430792
RE1,DEMRESELCCKN_LOW_URB,2046,0.7968521802422638
RE1,DEMRESELCCKN_LOW_URB,2047,0.7080056690367029
RE1,DEMRESELCCKN_LOW_URB,2048,0.6264510606769064
RE1,DEMRESELCCKN_LOW_URB,2049,0.5519958606732788
RE1,DEMRESELCCKN_LOW_URB,2050,0.4843834473299845
RE1,DEMRESELCCKN_LOW_URB,2051,0.4233054470243062
RE1,DEMRESELCCKN_LOW_URB,2052,0.3684135258109825
RE1,DEMRESELCCKN_LOW_URB,2053,0.3193303959662666
RE1,DEMRESELCCKN_LOW_URB,2054,0.2756598847737997
RE1,DEMRESELCCKN_LOW_URB,2055,0.2756598847737997
RE1,DEMRESELCCKN_MID_RUR,2022,0.004906421521308095
RE1,DEMRESELCCKN_MID_RUR,2023,0.007762908903400054
RE1,DEMRESELCCKN_MID_RUR,2024,0.01997521787350359
RE1,DEMRESELCCKN_MID_RUR,2025,0.09871406358933987
RE1,DEMRESELCCKN_MID_RUR,2026,0.09871406358933987
RE1,DEMRESELCCKN_MID_RUR,2027,0.0
RE1,DEMRESELCCKN_MID_RUR,2028,0.0
RE1,DEMRESELCCKN_MID_RUR,2029,0.0
RE1,DEMRESELCCKN_MID_RUR,2030,0.0
RE1,DEMRESELCCKN_MID_RUR,2031,0.0
RE1,DEMRESELCCKN_MID_RUR,2032,0.0
RE1,DEMRESELCCKN_MID_RUR,2033,0.0
RE1,DEMRESELCCKN_MID_RUR,2034,0.0
RE1,DEMRESELCCKN_MID_RUR,2035,0.0
RE1,DEMRESELCCKN_MID_RUR,2036,0.0
RE1,DEMRESELCCKN_MID_RUR,2037,0.0
RE1,DEMRESELCCKN_MID_RUR,2038,0.0
RE1,DEMRESELCCKN_MID_RUR,2039,0.0
RE1,DEMRESELCCKN_MID_RUR,2040,0.0
RE1,DEMRESELCCKN_MID_RUR,2041,0.0
RE1,DEMRESELCCKN_MID_RUR,2042,0.0
RE1,DEMRESELCCKN_MID_RUR,2043,0.0
RE1,DEMRESELCCKN_MID_RUR,2044,0.0
RE1,DEMRESELCCKN_MID_RUR,2045,0.0
RE1,DEMRESELCCKN_MID_RUR,2046,0.0
RE1,DEMRESELCCKN_MID_RUR,2047,0.0
RE1,DEMRESELCCKN_MID_RUR,2048,0.0
RE1,DEMRESELCCKN_MID_RUR,2049,0.0
RE1,DEMRESELCCKN_MID_RUR,2050,0.0
RE1,DEMRESELCCKN_MID_RUR,2051,0.0
RE1,DEMRESELCCKN_MID_RUR,2052,0.0
RE1,DEMRESELCCKN_MID_RUR,2053,0.0
RE1,DEMRESELCCKN_MID_RUR,2054,0.0
RE1,DEMRESELCCKN_MID_RUR,2055,0.0
RE1,DEMRESELCCKN_MID_URB,2022,0.02309064188892211
RE1,DEMRESELCCKN_MID_URB,2023,0.033334058676927
RE1,DEMRESELCCKN_MID_URB,2024,0.08311657222454043
RE1,DEMRESELCCKN_MID_URB,2025,0.1511354291435176
RE1,DEMRESELCCKN_MID_URB,2026,0.2191686910731296
RE1,DEMRESELCCKN_MID_URB,2027,0.2876299599759509
RE1,DEMRESELCCKN_MID_URB,2028,0.3562030386711802
RE1,DEMRESELCCKN_MID_URB,2029,0.4244815599630501
RE1,DEMRESELCCKN_MID_URB,2030,0.4921114289396723
RE1,DEMRESELCCKN_MID_URB,2031,0.563417467940084
RE1,DEMRESELCCKN_MID_URB,2032,0.6346172661657696
RE1,DEMRESELCCKN_MID_URB,2033,0.7056884405535921
RE1,DEMRESELCCKN_MID_URB,2034,0.7766319627490159
RE1,DEMRESELCCKN_MID_URB,2035,0.8475016607541013
RE1,DEMRESELCCKN_MID_URB,2036,0.9191083986297073
RE1,DEMRESELCCKN_MID_URB,2037,0.9908022688136138
RE1,DEMRESELCCKN_MID_URB,2038,1.062613513843109
RE1,DEMRESELCCKN_MID_URB,2039,1.134507611702571
RE1,DEMRESELCCKN_MID_URB,2040,1.206585384698309
RE1,DEMRESELCCKN_MID_URB,2041,1.279288628851357
RE1,DEMRESELCCKN_MID_URB,2042,1.352092208097041
RE1,DEMRESELCCKN_MID_URB,2043,1.424998282059958
RE1,DEMRESELCCKN_MID_URB,2044,1.49792114266073
RE1,DEMRESELCCKN_MID_URB,2045,1.570921685474804
RE1,DEMRESELCCKN_MID_URB,2046,1.644327789522215
RE1,DEMRESELCCKN_MID_URB,2047,1.71792455870354
RE1,DEMRESELCCKN_MID_URB,2048,1.79170003500171
RE1,DEMRESELCCKN_MID_URB,2049,1.865054130951353
RE1,DEMRESELCCKN_MID_URB,2050,1.932219440956862
RE1,DEMRESELCCKN_MID_URB,2051,1.976682141070861
RE1,DEMRESELCCKN_MID_URB,2052,2.020173122231186
RE1,DEMRESELCCKN_MID_URB,2053,2.060554365480612
RE1,DEMRESELCCKN_MID_URB,2054,2.099826785150165
RE1,DEMRESELCCKN_MID_URB,2055,2.099826785150165
RE1,DEMRESELCFAN_HIG_RUR,2022,0.0
RE1,DEMRESELCFAN_HIG_RUR,2023,0.0
RE1,DEMRESELCFAN_HIG_RUR,2024,0.0
RE1,DEMRESELCFAN_HIG_RUR,2025,0.0
RE1,DEMRESELCFAN_HIG_RUR,2026,0.0
RE1,DEMRESELCFAN_HIG_RUR,2027,0.0
RE1,DEMRESELCFAN_HIG_RUR,2028,0.01940972735128976
RE1,DEMRESELCFAN_HIG_RUR,2029,0.08151557008015359
RE1,DEMRESELCFAN_HIG_RUR,2030,0.08597885589507603
RE1,DEMRESELCFAN_HIG_RUR,2031,0.09058117929842989
RE1,DEMRESELCFAN_HIG_RUR,2032,0.09530167221836765
RE1,DEMRESELCFAN_HIG_RUR,2033,0.1001391115199204
RE1,DEMRESELCFAN_HIG_RUR,2034,0.1050937403288269
RE1,DEMRESELCFAN_HIG_RUR,2035,0.1101682456172601
RE1,DEMRESELCFAN_HIG_RUR,2036,0.1153717489809861
RE1,DEMRESELCFAN_HIG_RUR,2037,0.1206903701951139
RE1,DEMRESELCFAN_HIG_RUR,2038,0.1261336809110558
RE1,DEMRESELCFAN_HIG_RUR,2039,0.1317025730216048
RE1,DEMRESELCFAN_HIG_RUR,2040,0.1373969454863186
RE1,DEMRESELCFAN_HIG_RUR,2041,0.1432221761545494
RE1,DEMRESELCFAN_HIG_RUR,2042,0.1491739785386229
RE1,DEMRESELCFAN_HIG_RUR,2043,0.1552527273034298
RE1,DEMRESELCFAN_HIG_RUR,2044,0.1614540121414121
RE1,DEMRESELCFAN_HIG_RUR,2045,0.1677819959742337
RE1,DEMRESELCFAN_HIG_RUR,2046,0.174231756684108
RE1,DEMRESELCFAN_HIG_RUR,2047,0.1807988167041269
RE1,DEMRESELCFAN_HIG_RUR,2048,0.1874727673178002
RE1,DEMRESELCFAN_HIG_RUR,2049,0.1942246964358279
RE1,DEMRESELCFAN_HIG_RUR,2050,0.2010594337427086
RE1,DEMRESELCFAN_HIG_RUR,2051,0.2041559051012103
RE1,DEMRESELCFAN_HIG_RUR,2052,0.2072198472630824
RE1,DEMRESELCFAN_HIG_RUR,2053,0.2102483378870582
RE1,DEMRESELCFAN_HIG_RUR,2054,0.2132384565964383
RE1,DEMRESELCFAN_HIG_RUR,2055,0.2132384565964383
RE1,DEMRESELCFAN_HIG_URB,2022,0.0
RE1,DEMRESELCFAN_HIG_URB,2023,0.0
RE1,DEMRESELCFAN_HIG_URB,2024,0.0
RE1,DEMRESELCFAN_HIG_URB,2025,0.4675439660982289
RE1,DEMRESELCFAN_HIG_URB,2026,0.5685533099140998
RE1,DEMRESELCFAN_HIG_URB,2027,0.696492613867139
RE1,DEMRESELCFAN_HIG_URB,2028,0.8550501309296584
RE1,DEMRESELCFAN_HIG_URB,2029,1.180938384737806
RE1,DEMRESELCFAN_HIG_URB,2030,1.266817754867149
RE1,DEMRESELCFAN_HIG_URB,2031,1.353765658076112
RE1,DEMRESELCFAN_HIG_URB,2032,1.442590070843773
RE1,DEMRESELCFAN_HIG_URB,2033,1.533216513174029
RE1,DEMRESELCFAN_HIG_URB,2034,1.625585769780919
RE1,DEMRESELCFAN_HIG_URB,2035,1.71967572718985
RE1,DEMRESELCFAN_HIG_URB,2036,1.815414288916675
RE1,DEMRESELCFAN_HIG_URB,2037,1.912863761685749
RE1,DEMRESELCFAN_HIG_URB,2038,2.011997178917886
RE1,DEMRESELCFAN_HIG_URB,2039,2.112750508126257
RE1,DEMRESELCFAN_HIG_URB,2040,2.215166776831131
RE1,DEMRESELCFAN_HIG_URB,2041,2.319161743383667
RE1,DEMRESELCFAN_HIG_URB,2042,2.424671370064779
RE1,DEMRESELCFAN_HIG_URB,2043,2.531665526669272
RE1,DEMRESELCFAN_HIG_URB,2044,2.640045582187629
RE1,DEMRESELCFAN_HIG_URB,2045,2.749828147408211
RE1,DEMRESELCFAN_HIG_URB,2046,2.861028969049777
RE1,DEMRESELCFAN_HIG_URB,2047,2.973680424796806
RE1,DEMRESELCFAN_HIG_URB,2048,3.087761909095767
RE1,DEMRESELCFAN_HIG_URB,2049,3.202723674018647
RE1,DEMRESELCFAN_HIG_URB,2050,3.318313724022059
RE1,DEMRESELCFAN_HIG_URB,2051,3.355441130026925
RE1,DEMRESELCFAN_HIG_URB,2052,3.391636798608778
RE1,DEMRESELCFAN_HIG_URB,2053,3.42685945512084
RE1,DEMRESELCFAN_HIG_URB,2054,3.461070150014186
RE1,DEMRESELCFAN_HIG_URB,2055,3.461070150014186
RE1,DEMRESELCFAN_LOW_RUR,2022,0.08642912652824564
RE1,DEMRESELCFAN_LOW_RUR,2023,0.09287996604417109
RE1,DEMRESELCFAN_LOW_RUR,2024,0.09440157222617335
RE1,DEMRESELCFAN_LOW_RUR,2025,0.09149714118842621
RE1,DEMRESELCFAN_LOW_RUR,2026,0.08581469792502207
RE1,DEMRESELCFAN_LOW_RUR,2027,0.0
RE1,DEMRESELCFAN_LOW_RUR,2028,0.0
RE1,DEMRESELCFAN_LOW_RUR,2029,0.0
RE1,DEMRESELCFAN_LOW_RUR,2030,0.0
RE1,DEMRESELCFAN_LOW_RUR,2031,0.0
RE1,DEMRESELCFAN_LOW_RUR,2032,0.0
RE1,DEMRESELCFAN_LOW_RUR,2033,0.0
RE1,DEMRESELCFAN_LOW_RUR,2034,0.0
RE1,DEMRESELCFAN_LOW_RUR,2035,0.0
RE1,DEMRESELCFAN_LOW_RUR,2036,0.0
RE1,DEMRESELCFAN_LOW_RUR,2037,0.0
RE1,DEMRESELCFAN_LOW_RUR,2038,0.0
RE1,DEMRESELCFAN_LOW_RUR,2039,0.0
RE1,DEMRESELCFAN_LOW_RUR,2040,0.0
RE1,DEMRESELCFAN_LOW_RUR,2041,0.0
RE1,DEMRESELCFAN_LOW_RUR,2042,0.0
RE1,DEMRESELCFAN_LOW_RUR,2043,0.0
RE1,DEMRESELCFAN_LOW_RUR,2044,0.0
RE1,DEMRESELCFAN_LOW_RUR,2045,0.0
RE1,DEMRESELCFAN_LOW_RUR,2046,0.0
RE1,DEMRESELCFAN_LOW_RUR,2047,0.0
RE1,DEMRESELCFAN_LOW_RUR,2048,0.0
RE1,DEMRESELCFAN_LOW_RUR,2049,0.0
RE1,DEMRESELCFAN_LOW_RUR,2050,0.0
RE1,DEMRESELCFAN_LOW_RUR,2051,0.0
RE1,DEMRESELCFAN_LOW_RUR,2052,0.0
RE1,DEMRESELCFAN_LOW_RUR,2053,0.0
RE1,DEMRESELCFAN_LOW_RUR,2054,0.0
RE1,DEMRESELCFAN_LOW_RUR,2055,0.0
RE1,DEMRESELCFAN_LOW_URB,2022,0.3708228939874824
RE1,DEMRESELCFAN_LOW_URB,2023,0.3851071353349508
RE1,DEMRESELCFAN_LOW_URB,2024,0.3950846719830868
RE1,DEMRESELCFAN_LOW_URB,2025,0.3829291945181927
RE1,DEMRESELCFAN_LOW_URB,2026,0.3591473211887348
RE1,DEMRESELCFAN_LOW_URB,2027,0.0
RE1,DEMRESELCFAN_LOW_URB,2028,0.0
RE1,DEMRESELCFAN_LOW_URB,2029,0.0
RE1,DEMRESELCFAN_LOW_URB,2030,0.0
RE1,DEMRESELCFAN_LOW_URB,2031,0.0
RE1,DEMRESELCFAN_LOW_URB,2032,0.0
RE1,DEMRESELCFAN_LOW_URB,2033,0.0
RE1,DEMRESELCFAN_LOW_URB,2034,0.0
RE1,DEMRESELCFAN_LOW_URB,2035,0.0
RE1,DEMRESELCFAN_LOW_URB,2036,0.0
RE1,DEMRESELCFAN_LOW_URB,2037,0.0
RE1,DEMRESELCFAN_LOW_URB,2038,0.0
RE1,DEMRESELCFAN_LOW_URB,2039,0.0
RE1,DEMRESELCFAN_LOW_URB,2040,0.0
RE1,DEMRESELCFAN_LOW_URB,2041,0.0
RE1,DEMRESELCFAN_LOW_URB,2042,0.0
RE1,DEMRESELCFAN_LOW_URB,2043,0.0
RE1,DEMRESELCFAN_LOW_URB,2044,0.0
RE1,DEMRESELCFAN_LOW_URB,2045,0.0
RE1,DEMRESELCFAN_LOW_URB,2046,0.0
RE1,DEMRESELCFAN_LOW_URB,2047,0.0
RE1,DEMRESELCFAN_LOW_URB,2048,0.0
RE1,DEMRESELCFAN_LOW_URB,2049,0.0
RE1,DEMRESELCFAN_LOW_URB,2050,0.0
RE1,DEMRESELCFAN_LOW_URB,2051,0.0
RE1,DEMRESELCFAN_LOW_URB,2052,0.0
RE1,DEMRESELCFAN_LOW_URB,2053,0.0
RE1,DEMRESELCFAN_LOW_URB,2054,0.0
RE1,DEMRESELCFAN_LOW_URB,2055,0.0
RE1,DEMRESELCFAN_MID_RUR,2022,0.0005955786831160716
RE1,DEMRESELCFAN_MID_RUR,2023,0.0008770753313785597
RE1,DEMRESELCFAN_MID_RUR,2024,0.002136379754084292
RE1,DEMRESELCFAN_MID_RUR,2025,0.002070650259120895
RE1,DEMRESELCFAN_MID_RUR,2026,0.001942052223565048
RE1,DEMRESELCFAN_MID_RUR,2027,0.0
RE1,DEMRESELCFAN_MID_RUR,2028,0.0
RE1,DEMRESELCFAN_MID_RUR,2029,0.0
RE1,DEMRESELCFAN_MID_RUR,2030,0.0
RE1,DEMRESELCFAN_MID_RUR,2031,0.0
RE1,DEMRESELCFAN_MID_RUR,2032,0.0
RE1,DEMRESELCFAN_MID_RUR,2033,0.0
RE1,DEMRESELCFAN_MID_RUR,2034,0.0
RE1,DEMRESELCFAN_MID_RUR,2035,0.0
RE1,DEMRESELCFAN_MID_RUR,2036,0.0
RE1,DEMRESELCFAN_MID_RUR,2037,0.0
RE1,DEMRESELCFAN_MID_RUR,2038,0.0
RE1,DEMRESELCFAN_MID_RUR,2039,0.0
RE1,DEMRESELCFAN_MID_RUR,2040,0.0
RE1,DEMRESELCFAN_MID_RUR,2041,0.0
RE1,DEMRESELCFAN_MID_RUR,2042,0.0
RE1,DEMRESELCFAN_MID_RUR,2043,0.0
RE1,DEMRESELCFAN_MID_RUR,2044,0.0
RE1,DEMRESELCFAN_MID_RUR,2045,0.0
RE1,DEMRESELCFAN_MID_RUR,2046,0.0
RE1,DEMRESELCFAN_MID_RUR,2047,0.0
RE1,DEMRESELCFAN_MID_RUR,2048,0.0
RE1,DEMRESELCFAN_MID_RUR,2049,0.0
RE1,DEMRESELCFAN_MID_RUR,2050,0.0
RE1,DEMRESELCFAN_MID_RUR,2051,0.0
RE1,DEMRESELCFAN_MID_RUR,2052,0.0
RE1,DEMRESELCFAN_MID_RUR,2053,0.0
RE1,DEMRESELCFAN_MID_RUR,2054,0.0
RE1,DEMRESELCFAN_MID_RUR,2055,0.0
RE1,DEMRESELCFAN_MID_URB,2022,0.002555321565099685
RE1,DEMRESELCFAN_MID_URB,2023,0.003636607362447967
RE1,DEMRESELCFAN_MID_URB,2024,0.008941068188477506
RE1,DEMRESELCFAN_MID_URB,2025,0.0086659804399916
RE1,DEMRESELCFAN_MID_URB,2026,0.008127778464143951
RE1,DEMRESELCFAN_MID_URB,2027,0.0
RE1,DEMRESELCFAN_MID_URB,2028,0.0
RE1,DEMRESELCFAN_MID_URB,2029,0.0
RE1,DEMRESELCFAN_MID_URB,2030,0.0
RE1,DEMRESELCFAN_MID_URB,2031,0.0
RE1,DEMRESELCFAN_MID_URB,2032,0.0
RE1,DEMRESELCFAN_MID_URB,2033,0.0
RE1,DEMRESELCFAN_MID_URB,2034,0.0
RE1,DEMRESELCFAN_MID_URB,2035,0.0
RE1,DEMRESELCFAN_MID_URB,2036,0.0
RE1,DEMRESELCFAN_MID_URB,2037,0.0
RE1,DEMRESELCFAN_MID_URB,2038,0.0
RE1,DEMRESELCFAN_MID_URB,2039,0.0
RE1,DEMRESELCFAN_MID_URB,2040,0.0
RE1,DEMRESELCFAN_MID_URB,2041,0.0
RE1,DEMRESELCFAN_MID_URB,2042,0.0
RE1,DEMRESELCFAN_MID_URB,2043,0.0
RE1,DEMRESELCFAN_MID_URB,2044,0.0
RE1,DEMRESELCFAN_MID_URB,2045,0.0
RE1,DEMRESELCFAN_MID_URB,2046,0.0
RE1,DEMRESELCFAN_MID_URB,2047,0.0
RE1,DEMRESELCFAN_MID_URB,2048,0.0
RE1,DEMRESELCFAN_MID_URB,2049,0.0
RE1,DEMRESELCFAN_MID_URB,2050,0.0
RE1,DEMRESELCFAN_MID_URB,2051,0.0
RE1,DEMRESELCFAN_MID_URB,2052,0.0
RE1,DEMRESELCFAN_MID_URB,2053,0.0
RE1,DEMRESELCFAN_MID_URB,2054,0.0
RE1,DEMRESELCFAN_MID_URB,2055,0.0
RE1,DEMRESELCILU_HIG_RUR,2022,0.0
RE1,DEMRESELCILU_HIG_RUR,2023,0.0
RE1,DEMRESELCILU_HIG_RUR,2024,0.0
RE1,DEMRESELCILU_HIG_RUR,2025,0.0
RE1,DEMRESELCILU_HIG_RUR,2026,0.0
RE1,DEMRESELCILU_HIG_RUR,2027,0.0
RE1,DEMRESELCILU_HIG_RUR,2028,0.0
RE1,DEMRESELCILU_HIG_RUR,2029,0.0
RE1,DEMRESELCILU_HIG_RUR,2030,0.0
RE1,DEMRESELCILU_HIG_RUR,2031,0.0
RE1,DEMRESELCILU_HIG_RUR,2032,0.0
RE1,DEMRESELCILU_HIG_RUR,2033,0.0
RE1,DEMRESELCILU_HIG_RUR,2034,0.0
RE1,DEMRESELCILU_HIG_RUR,2035,0.0
RE1,DEMRESELCILU_HIG_RUR,2036,0.0
RE1,DEMRESELCILU_HIG_RUR,2037,0.0
RE1,DEMRESELCILU_HIG_RUR,2038,0.0
RE1,DEMRESELCILU_HIG_RUR,2039,0.0
RE1,DEMRESELCILU_HIG_RUR,2040,0.0
RE1,DEMRESELCILU_HIG_RUR,2041,0.0
RE1,DEMRESELCILU_HIG_RUR,2042,0.0
RE1,DEMRESELCILU_HIG_RUR,2043,0.0
RE1,DEMRESELCILU_HIG_RUR,2044,0.0
RE1,DEMRESELCILU_HIG_RUR,2045,0.0
RE1,DEMRESELCILU_HIG_RUR,2046,0.0
RE1,DEMRESELCILU_HIG_RUR,2047,0.0
RE1,DEMRESELCILU_HIG_RUR,2048,0.0
RE1,DEMRESELCILU_HIG_RUR,2049,0.0
RE1,DEMRESELCILU_HIG_RUR,2050,0.0
RE1,DEMRESELCILU_HIG_RUR,2051,0.0
RE1,DEMRESELCILU_HIG_RUR,2052,0.0
RE1,DEMRESELCILU_HIG_RUR,2053,0.0
RE1,DEMRESELCILU_HIG_RUR,2054,0.0
RE1,DEMRESELCILU_HIG_RUR,2055,0.0
RE1,DEMRESELCILU_HIG_URB,2022,0.0
RE1,DEMRESELCILU_HIG_URB,2023,0.0
RE1,DEMRESELCILU_HIG_URB,2024,0.0
RE1,DEMRESELCILU_HIG_URB,2025,0.0
RE1,DEMRESELCILU_HIG_URB,2026,0.0
RE1,DEMRESELCILU_HIG_URB,2027,0.0
RE1,DEMRESELCILU_HIG_URB,2028,0.0
RE1,DEMRESELCILU_HIG_URB,2029,0.0
RE1,DEMRESELCILU_HIG_URB,2030,0.0
RE1,DEMRESELCILU_HIG_URB,2031,0.0
RE1,DEMRESELCILU_HIG_URB,2032,0.0
RE1,DEMRESELCILU_HIG_URB,2033,0.0
RE1,DEMRESELCILU_HIG_URB,2034,0.0
RE1,DEMRESELCILU_HIG_URB,2035,0.0
RE1,DEMRESELCILU_HIG_URB,2036,0.0
RE1,DEMRESELCILU_HIG_URB,2037,0.0
RE1,DEMRESELCILU_HIG_URB,2038,0.0
RE1,DEMRESELCILU_HIG_URB,2039,0.0
RE1,DEMRESELCILU_HIG_URB,2040,0.0
RE1,DEMRESELCILU_HIG_URB,2041,0.0
RE1,DEMRESELCILU_HIG_URB,2042,0.0
RE1,DEMRESELCILU_HIG_URB,2043,0.0
RE1,DEMRESELCILU_HIG_URB,2044,0.0
RE1,DEMRESELCILU_HIG_URB,2045,0.0
RE1,DEMRESELCILU_HIG_URB,2046,0.0
RE1,DEMRESELCILU_HIG_URB,2047,0.0
RE1,DEMRESELCILU_HIG_URB,2048,0.0
RE1,DEMRESELCILU_HIG_URB,2049,0.0
RE1,DEMRESELCILU_HIG_URB,2050,0.0
RE1,DEMRESELCILU_HIG_URB,2051,0.0
RE1,DEMRESELCILU_HIG_URB,2052,0.0
RE1,DEMRESELCILU_HIG_URB,2053,0.0
RE1,DEMRESELCILU_HIG_URB,2054,0.0
RE1,DEMRESELCILU_HIG_URB,2055,0.0
RE1,DEMRESELCILU_INC_RUR,2022,0.02350348846400306
RE1,DEMRESELCILU_INC_RUR,2023,0.0169475219956977
RE1,DEMRESELCILU_INC_RUR,2024,0.008763284054147995
RE1,DEMRESELCILU_INC_RUR,2025,0.0
RE1,DEMRESELCILU_INC_RUR,2026,0.0
RE1,DEMRESELCILU_INC_RUR,2027,0.0
RE1,DEMRESELCILU_INC_RUR,2028,0.0
RE1,DEMRESELCILU_INC_RUR,2029,0.0
RE1,DEMRESELCILU_INC_RUR,2030,0.0
RE1,DEMRESELCILU_INC_RUR,2031,0.0
RE1,DEMRESELCILU_INC_RUR,2032,0.0
RE1,DEMRESELCILU_INC_RUR,2033,0.0
RE1,DEMRESELCILU_INC_RUR,2034,0.0
RE1,DEMRESELCILU_INC_RUR,2035,0.0
RE1,DEMRESELCILU_INC_RUR,2036,0.0
RE1,DEMRESELCILU_INC_RUR,2037,0.0
RE1,DEMRESELCILU_INC_RUR,2038,0.0
RE1,DEMRESELCILU_INC_RUR,2039,0.0
RE1,DEMRESELCILU_INC_RUR,2040,0.0
RE1,DEMRESELCILU_INC_RUR,2041,0.0
RE1,DEMRESELCILU_INC_RUR,2042,0.0
RE1,DEMRESELCILU_INC_RUR,2043,0.0
RE1,DEMRESELCILU_INC_RUR,2044,0.0
RE1,DEMRESELCILU_INC_RUR,2045,0.0
RE1,DEMRESELCILU_INC_RUR,2046,0.0
RE1,DEMRESELCILU_INC_RUR,2047,0.0
RE1,DEMRESELCILU_INC_RUR,2048,0.0
RE1,DEMRESELCILU_INC_RUR,2049,0.0
RE1,DEMRESELCILU_INC_RUR,2050,0.0
RE1,DEMRESELCILU_INC_RUR,2051,0.0
RE1,DEMRESELCILU_INC_RUR,2052,0.0
RE1,DEMRESELCILU_INC_RUR,2053,0.0
RE1,DEMRESELCILU_INC_RUR,2054,0.0
RE1,DEMRESELCILU_INC_RUR,2055,0.0
RE1,DEMRESELCILU_INC_URB,2022,0.1476752032931769
RE1,DEMRESELCILU_INC_URB,2023,0.101565413378233
RE1,DEMRESELCILU_INC_URB,2024,0.05230191900330752
RE1,DEMRESELCILU_INC_URB,2025,0.0
RE1,DEMRESELCILU_INC_URB,2026,0.0
RE1,DEMRESELCILU_INC_URB,2027,0.0
RE1,DEMRESELCILU_INC_URB,2028,0.0
RE1,DEMRESELCILU_INC_URB,2029,0.0
RE1,DEMRESELCILU_INC_URB,2030,0.0
RE1,DEMRESELCILU_INC_URB,2031,0.0
RE1,DEMRESELCILU_INC_URB,2032,0.0
RE1,DEMRESELCILU_INC_URB,2033,0.0
RE1,DEMRESELCILU_INC_URB,2034,0.0
RE1,DEMRESELCILU_INC_URB,2035,0.0
RE1,DEMRESELCILU_INC_URB,2036,0.0
RE1,DEMRESELCILU_INC_URB,2037,0.0
RE1,DEMRESELCILU_INC_URB,2038,0.0
RE1,DEMRESELCILU_INC_URB,2039,0.0
RE1,DEMRESELCILU_INC_URB,2040,0.0
RE1,DEMRESELCILU_INC_URB,2041,0.0
RE1,DEMRESELCILU_INC_URB,2042,0.0
RE1,DEMRESELCILU_INC_URB,2043,0.0
RE1,DEMRESELCILU_INC_URB,2044,0.0
RE1,DEMRESELCILU_INC_URB,2045,0.0
RE1,DEMRESELCILU_INC_URB,2046,0.0
RE1,DEMRESELCILU_INC_URB,2047,0.0
RE1,DEMRESELCILU_INC_URB,2048,0.0
RE1,DEMRESELCILU_INC_URB,2049,0.0
RE1,DEMRESELCILU_INC_URB,2050,0.0
RE1,DEMRESELCILU_INC_URB,2051,0.0
RE1,DEMRESELCILU_INC_URB,2052,0.0
RE1,DEMRESELCILU_INC_URB,2053,0.0
RE1,DEMRESELCILU_INC_URB,2054,0.0
RE1,DEMRESELCILU_INC_URB,2055,0.0
RE1,DEMRESELCILU_LFC_RUR,2022,0.09620967448883358
RE1,DEMRESELCILU_LFC_RUR,2023,0.1019871670196541
RE1,DEMRESELCILU_LFC_RUR,2024,0.1019633874064984
RE1,DEMRESELCILU_LFC_RUR,2025,0.1019633874064984
RE1,DEMRESELCILU_LFC_RUR,2026,0.004323736567956526
RE1,DEMRESELCILU_LFC_RUR,2027,0.0
RE1,DEMRESELCILU_LFC_RUR,2028,0.0
RE1,DEMRESELCILU_LFC_RUR,2029,0.0
RE1,DEMRESELCILU_LFC_RUR,2030,0.0
RE1,DEMRESELCILU_LFC_RUR,2031,0.0
RE1,DEMRESELCILU_LFC_RUR,2032,0.0
RE1,DEMRESELCILU_LFC_RUR,2033,0.0
RE1,DEMRESELCILU_LFC_RUR,2034,0.0
RE1,DEMRESELCILU_LFC_RUR,2035,0.0
RE1,DEMRESELCILU_LFC_RUR,2036,0.0
RE1,DEMRESELCILU_LFC_RUR,2037,0.0
RE1,DEMRESELCILU_LFC_RUR,2038,0.0
RE1,DEMRESELCILU_LFC_RUR,2039,0.0
RE1,DEMRESELCILU_LFC_RUR,2040,0.0
RE1,DEMRESELCILU_LFC_RUR,2041,0.0
RE1,DEMRESELCILU_LFC_RUR,2042,0.0
RE1,DEMRESELCILU_LFC_RUR,2043,0.0
RE1,DEMRESELCILU_LFC_RUR,2044,0.0
RE1,DEMRESELCILU_LFC_RUR,2045,0.0
RE1,DEMRESELCILU_LFC_RUR,2046,0.0
RE1,DEMRESELCILU_LFC_RUR,2047,0.0
RE1,DEMRESELCILU_LFC_RUR,2048,0.0
RE1,DEMRESELCILU_LFC_RUR,2049,0.0
RE1,DEMRESELCILU_LFC_RUR,2050,0.0
RE1,DEMRESELCILU_LFC_RUR,2051,0.0
RE1,DEMRESELCILU_LFC_RUR,2052,0.0
RE1,DEMRESELCILU_LFC_RUR,2053,0.0
RE1,DEMRESELCILU_LFC_RUR,2054,0.0
RE1,DEMRESELCILU_LFC_RUR,2055,0.0
RE1,DEMRESELCILU_LFC_URB,2022,0.6052932245653139
RE1,DEMRESELCILU_LFC_URB,2023,0.6099946467518779
RE1,DEMRESELCILU_LFC_URB,2024,0.6133588683115151
RE1,DEMRESELCILU_LFC_URB,2025,0.02600935723747748
RE1,DEMRESELCILU_LFC_URB,2026,0.0002733235041320168
RE1,DEMRESELCILU_LFC_URB,2027,0.0
RE1,DEMRESELCILU_LFC_URB,2028,0.0
RE1,DEMRESELCILU_LFC_URB,2029,0.0
RE1,DEMRESELCILU_LFC_URB,2030,0.0
RE1,DEMRESELCILU_LFC_URB,2031,0.0
RE1,DEMRESELCILU_LFC_URB,2032,0.0
RE1,DEMRESELCILU_LFC_URB,2033,0.0
RE1,DEMRESELCILU_LFC_URB,2034,0.0
RE1,DEMRESELCILU_LFC_URB,2035,0.0
RE1,DEMRESELCILU_LFC_URB,2036,0.0
RE1,DEMRESELCILU_LFC_URB,2037,0.0
RE1,DEMRESELCILU_LFC_URB,2038,0.0
RE1,DEMRESELCILU_LFC_URB,2039,0.0
RE1,DEMRESELCILU_LFC_URB,2040,0.0
RE1,DEMRESELCILU_LFC_URB,2041,0.0
RE1,DEMRESELCILU_LFC_URB,2042,0.0
RE1,DEMRESELCILU_LFC_URB,2043,0.0
RE1,DEMRESELCILU_LFC_URB,2044,0.0
RE1,DEMRESELCILU_LFC_URB,2045,0.0
RE1,DEMRESELCILU_LFC_URB,2046,0.0
RE1,DEMRESELCILU_LFC_URB,2047,0.0
RE1,DEMRESELCILU_LFC_URB,2048,0.0
RE1,DEMRESELCILU_LFC_URB,2049,0.0
RE1,DEMRESELCILU_LFC_URB,2050,0.0
RE1,DEMRESELCILU_LFC_URB,2051,0.0
RE1,DEMRESELCILU_LFC_URB,2052,0.0
RE1,DEMRESELCILU_LFC_URB,2053,0.0
RE1,DEMRESELCILU_LFC_URB,2054,0.0
RE1,DEMRESELCILU_LFC_URB,2055,0.0
RE1,DEMRESELCILU_LOW_RUR,2022,0.03491505062613086
RE1,DEMRESELCILU_LOW_RUR,2023,0.04886255846680369
RE1,DEMRESELCILU_LOW_RUR,2024,0.06110242764029465
RE1,DEMRESELCILU_LOW_RUR,2025,0.0574907809089623
RE1,DEMRESELCILU_LOW_RUR,2026,0.05073505874215226
RE1,DEMRESELCILU_LOW_RUR,2027,0.0
RE1,DEMRESELCILU_LOW_RUR,2028,0.0
RE1,DEMRESELCILU_LOW_RUR,2029,0.0
RE1,DEMRESELCILU_LOW_RUR,2030,0.0
RE1,DEMRESELCILU_LOW_RUR,2031,0.0
RE1,DEMRESELCILU_LOW_RUR,2032,0.0
RE1,DEMRESELCILU_LOW_RUR,2033,0.0
RE1,DEMRESELCILU_LOW_RUR,2034,0.0
RE1,DEMRESELCILU_LOW_RUR,2035,0.0
RE1,DEMRESELCILU_LOW_RUR,2036,0.0
RE1,DEMRESELCILU_LOW_RUR,2037,0.0
RE1,DEMRESELCILU_LOW_RUR,2038,0.0
RE1,DEMRESELCILU_LOW_RUR,2039,0.0
RE1,DEMRESELCILU_LOW_RUR,2040,0.0
RE1,DEMRESELCILU_LOW_RUR,2041,0.0
RE1,DEMRESELCILU_LOW_RUR,2042,0.0
RE1,DEMRESELCILU_LOW_RUR,2043,0.0
RE1,DEMRESELCILU_LOW_RUR,2044,0.0
RE1,DEMRESELCILU_LOW_RUR,2045,0.0
RE1,DEMRESELCILU_LOW_RUR,2046,0.0
RE1,DEMRESELCILU_LOW_RUR,2047,0.0
RE1,DEMRESELCILU_LOW_RUR,2048,0.0
RE1,DEMRESELCILU_LOW_RUR,2049,0.0
RE1,DEMRESELCILU_LOW_RUR,2050,0.0
RE1,DEMRESELCILU_LOW_RUR,2051,0.0
RE1,DEMRESELCILU_LOW_RUR,2052,0.0
RE1,DEMRESELCILU_LOW_RUR,2053,0.0
RE1,DEMRESELCILU_LOW_RUR,2054,0.0
RE1,DEMRESELCILU_LOW_RUR,2055,0.0
RE1,DEMRESELCILU_LOW_URB,2022,0.2198589983152699
RE1,DEMRESELCILU_LOW_URB,2023,0.2920507440026265
RE1,DEMRESELCILU_LOW_URB,2024,0.3679739755963927
RE1,DEMRESELCILU_LOW_URB,2025,0.3462237431178772
RE1,DEMRESELCILU_LOW_URB,2026,0.3055391084846962
RE1,DEMRESELCILU_LOW_URB,2027,0.0
RE1,DEMRESELCILU_LOW_URB,2028,0.0
RE1,DEMRESELCILU_LOW_URB,2029,0.0
RE1,DEMRESELCILU_LOW_URB,2030,0.0
RE1,DEMRESELCILU_LOW_URB,2031,0.0
RE1,DEMRESELCILU_LOW_URB,2032,0.0
RE1,DEMRESELCILU_LOW_URB,2033,0.0
RE1,DEMRESELCILU_LOW_URB,2034,0.0
RE1,DEMRESELCILU_LOW_URB,2035,0.0
RE1,DEMRESELCILU_LOW_URB,2036,0.0
RE1,DEMRESELCILU_LOW_URB,2037,0.0
RE1,DEMRESELCILU_LOW_URB,2038,0.0
RE1,DEMRESELCILU_LOW_URB,2039,0.0
RE1,DEMRESELCILU_LOW_URB,2040,0.0
RE1,DEMRESELCILU_LOW_URB,2041,0.0
RE1,DEMRESELCILU_LOW_URB,2042,0.0
RE1,DEMRESELCILU_LOW_URB,2043,0.0
RE1,DEMRESELCILU_LOW_URB,2044,0.0
RE1,DEMRESELCILU_LOW_URB,2045,0.0
RE1,DEMRESELCILU_LOW_URB,2046,0.0
RE1,DEMRESELCILU_LOW_URB,2047,0.0
RE1,DEMRESELCILU_LOW_URB,2048,0.0
RE1,DEMRESELCILU_LOW_URB,2049,0.0
RE1,DEMRESELCILU_LOW_URB,2050,0.0
RE1,DEMRESELCILU_LOW_URB,2051,0.0
RE1,DEMRESELCILU_LOW_URB,2052,0.0
RE1,DEMRESELCILU_LOW_URB,2053,0.0
RE1,DEMRESELCILU_LOW_URB,2054,0.0
RE1,DEMRESELCILU_LOW_URB,2055,0.0
RE1,DEMRESELCILU_MID_RUR,2022,0.0
RE1,DEMRESELCILU_MID_RUR,2023,0.0
RE1,DEMRESELCILU_MID_RUR,2024,0.0
RE1,DEMRESELCILU_MID_RUR,2025,0.0
RE1,DEMRESELCILU_MID_RUR,2026,0.0
RE1,DEMRESELCILU_MID_RUR,2027,0.0
RE1,DEMRESELCILU_MID_RUR,2028,0.0
RE1,DEMRESELCILU_MID_RUR,2029,0.0
RE1,DEMRESELCILU_MID_RUR,2030,0.0
RE1,DEMRESELCILU_MID_RUR,2031,0.0
RE1,DEMRESELCILU_MID_RUR,2032,0.0
RE1,DEMRESELCILU_MID_RUR,2033,0.0
RE1,DEMRESELCILU_MID_RUR,2034,0.0
RE1,DEMRESELCILU_MID_RUR,2035,0.0
RE1,DEMRESELCILU_MID_RUR,2036,0.0
RE1,DEMRESELCILU_MID_RUR,2037,0.0
RE1,DEMRESELCILU_MID_RUR,2038,0.0
RE1,DEMRESELCILU_MID_RUR,2039,0.0
RE1,DEMRESELCILU_MID_RUR,2040,0.0
RE1,DEMRESELCILU_MID_RUR,2041,0.0
RE1,DEMRESELCILU_MID_RUR,2042,0.0
RE1,DEMRESELCILU_MID_RUR,2043,0.0
RE1,DEMRESELCILU_MID_RUR,2044,0.0
RE1,DEMRESELCILU_MID_RUR,2045,0.0
RE1,DEMRESELCILU_MID_RUR,2046,0.0
RE1,DEMRESELCILU_MID_RUR,2047,0.0
RE1,DEMRESELCILU_MID_RUR,2048,0.0
RE1,DEMRESELCILU_MID_RUR,2049,0.0
RE1,DEMRESELCILU_MID_RUR,2050,0.0
RE1,DEMRESELCILU_MID_RUR,2051,0.0
RE1,DEMRESELCILU_MID_RUR,2052,0.0
RE1,DEMRESELCILU_MID_RUR,2053,0.0
RE1,DEMRESELCILU_MID_RUR,2054,0.0
RE1,DEMRESELCILU_MID_RUR,2055,0.0
RE1,DEMRESELCILU_MID_URB,2022,0.0
RE1,DEMRESELCILU_MID_URB,2023,0.0
RE1,DEMRESELCILU_MID_URB,2024,0.0
RE1,DEMRESELCILU_MID_URB,2025,0.0
RE1,DEMRESELCILU_MID_URB,2026,0.0
RE1,DEMRESELCILU_MID_URB,2027,0.0
RE1,DEMRESELCILU_MID_URB,2028,0.0
RE1,DEMRESELCILU_MID_URB,2029,0.0
RE1,DEMRESELCILU_MID_URB,2030,0.0
RE1,DEMRESELCILU_MID_URB,2031,0.0
RE1,DEMRESELCILU_MID_URB,2032,0.0
RE1,DEMRESELCILU_MID_URB,2033,0.0
RE1,DEMRESELCILU_MID_URB,2034,0.0
RE1,DEMRESELCILU_MID_URB,2035,0.0
RE1,DEMRESELCILU_MID_URB,2036,0.0
RE1,DEMRESELCILU_MID_URB,2037,0.0
RE1,DEMRESELCILU_MID_URB,2038,0.0
RE1,DEMRESELCILU_MID_URB,2039,0.0
RE1,DEMRESELCILU_MID_URB,2040,0.0
RE1,DEMRESELCILU_MID_URB,2041,0.0
RE1,DEMRESELCILU_MID_URB,2042,0.0
RE1,DEMRESELCILU_MID_URB,2043,0.0
RE1,DEMRESELCILU_MID_URB,2044,0.0
RE1,DEMRESELCILU_MID_URB,2045,0.0
RE1,DEMRESELCILU_MID_URB,2046,0.0
RE1,DEMRESELCILU_MID_URB,2047,0.0
RE1,DEMRESELCILU_MID_URB,2048,0.0
RE1,DEMRESELCILU_MID_URB,2049,0.0
RE1,DEMRESELCILU_MID_URB,2050,0.0
RE1,DEMRESELCILU_MID_URB,2051,0.0
RE1,DEMRESELCILU_MID_URB,2052,0.0
RE1,DEMRESELCILU_MID_URB,2053,0.0
RE1,DEMRESELCILU_MID_URB,2054,0.0
RE1,DEMRESELCILU_MID_URB,2055,0.0
RE1,DEMRESELCOTH_HIG_RUR,2022,0.0
RE1,DEMRESELCOTH_HIG_RUR,2023,0.0
RE1,DEMRESELCOTH_HIG_RUR,2024,0.0
RE1,DEMRESELCOTH_HIG_RUR,2025,0.0
RE1,DEMRESELCOTH_HIG_RUR,2026,0.0
RE1,DEMRESELCOTH_HIG_RUR,2027,0.0
RE1,DEMRESELCOTH_HIG_RUR,2028,0.0
RE1,DEMRESELCOTH_HIG_RUR,2029,0.0
RE1,DEMRESELCOTH_HIG_RUR,2030,0.0
RE1,DEMRESELCOTH_HIG_RUR,2031,0.0
RE1,DEMRESELCOTH_HIG_RUR,2032,0.0
RE1,DEMRESELCOTH_HIG_RUR,2033,0.0
RE1,DEMRESELCOTH_HIG_RUR,2034,0.0
RE1,DEMRESELCOTH_HIG_RUR,2035,0.0
RE1,DEMRESELCOTH_HIG_RUR,2036,0.0
RE1,DEMRESELCOTH_HIG_RUR,2037,0.0
RE1,DEMRESELCOTH_HIG_RUR,2038,0.0
RE1,DEMRESELCOTH_HIG_RUR,2039,0.0
RE1,DEMRESELCOTH_HIG_RUR,2040,0.0
RE1,DEMRESELCOTH_HIG_RUR,2041,0.0
RE1,DEMRESELCOTH_HIG_RUR,2042,0.0
RE1,DEMRESELCOTH_HIG_RUR,2043,0.0
RE1,DEMRESELCOTH_HIG_RUR,2044,0.0
RE1,DEMRESELCOTH_HIG_RUR,2045,0.0
RE1,DEMRESELCOTH_HIG_RUR,2046,0.0
RE1,DEMRESELCOTH_HIG_RUR,2047,0.0
RE1,DEMRESELCOTH_HIG_RUR,2048,0.0
RE1,DEMRESELCOTH_HIG_RUR,2049,0.0
RE1,DEMRESELCOTH_HIG_RUR,2050,0.0
RE1,DEMRESELCOTH_HIG_RUR,2051,0.0
RE1,DEMRESELCOTH_HIG_RUR,2052,0.0
RE1,DEMRESELCOTH_HIG_RUR,2053,0.0
RE1,DEMRESELCOTH_HIG_RUR,2054,0.0
RE1,DEMRESELCOTH_HIG_RUR,2055,0.0
RE1,DEMRESELCOTH_HIG_URB,2022,0.0
RE1,DEMRESELCOTH_HIG_URB,2023,0.0
RE1,DEMRESELCOTH_HIG_URB,2024,0.0
RE1,DEMRESELCOTH_HIG_URB,2025,0.0
RE1,DEMRESELCOTH_HIG_URB,2026,0.0
RE1,DEMRESELCOTH_HIG_URB,2027,0.0
RE1,DEMRESELCOTH_HIG_URB,2028,0.0
RE1,DEMRESELCOTH_HIG_URB,2029,0.0
RE1,DEMRESELCOTH_HIG_URB,2030,0.0
RE1,DEMRESELCOTH_HIG_URB,2031,0.0
RE1,DEMRESELCOTH_HIG_URB,2032,0.0
RE1,DEMRESELCOTH_HIG_URB,2033,0.0
RE1,DEMRESELCOTH_HIG_URB,2034,0.0
RE1,DEMRESELCOTH_HIG_URB,2035,0.0
RE1,DEMRESELCOTH_HIG_URB,2036,0.0
RE1,DEMRESELCOTH_HIG_URB,2037,0.0
RE1,DEMRESELCOTH_HIG_URB,2038,0.0
RE1,DEMRESELCOTH_HIG_URB,2039,0.0
RE1,DEMRESELCOTH_HIG_URB,2040,0.0
RE1,DEMRESELCOTH_HIG_URB,2041,0.0
RE1,DEMRESELCOTH_HIG_URB,2042,0.0
RE1,DEMRESELCOTH_HIG_URB,2043,0.0
RE1,DEMRESELCOTH_HIG_URB,2044,0.0
RE1,DEMRESELCOTH_HIG_URB,2045,0.0
RE1,DEMRESELCOTH_HIG_URB,2046,0.0
RE1,DEMRESELCOTH_HIG_URB,2047,0.0
RE1,DEMRESELCOTH_HIG_URB,2048,0.0
RE1,DEMRESELCOTH_HIG_URB,2049,0.0
RE1,DEMRESELCOTH_HIG_URB,2050,0.0
RE1,DEMRESELCOTH_HIG_URB,2051,0.0
RE1,DEMRESELCOTH_HIG_URB,2052,0.0
RE1,DEMRESELCOTH_HIG_URB,2053,0.0
RE1,DEMRESELCOTH_HIG_URB,2054,0.0
RE1,DEMRESELCOTH_HIG_URB,2055,0.0
RE1,DEMRESELCOTH_LOW_RUR,2022,0.8191488339047135
RE1,DEMRESELCOTH_LOW_RUR,2023,0.8889434624112847
RE1,DEMRESELCOTH_LOW_RUR,2024,0.9103030984703501
RE1,DEMRESELCOTH_LOW_RUR,2025,0.6559585620195435
RE1,DEMRESELCOTH_LOW_RUR,2026,0.3348817951619048
RE1,DEMRESELCOTH_LOW_RUR,2027,0.0
RE1,DEMRESELCOTH_LOW_RUR,2028,0.0
RE1,DEMRESELCOTH_LOW_RUR,2029,0.0
RE1,DEMRESELCOTH_LOW_RUR,2030,0.0
RE1,DEMRESELCOTH_LOW_RUR,2031,0.0
RE1,DEMRESELCOTH_LOW_RUR,2032,0.0
RE1,DEMRESELCOTH_LOW_RUR,2033,0.0
RE1,DEMRESELCOTH_LOW_RUR,2034,0.0
RE1,DEMRESELCOTH_LOW_RUR,2035,0.0
RE1,DEMRESELCOTH_LOW_RUR,2036,0.0
RE1,DEMRESELCOTH_LOW_RUR,2037,0.0
RE1,DEMRESELCOTH_LOW_RUR,2038,0.0
RE1,DEMRESELCOTH_LOW_RUR,2039,0.0
RE1,DEMRESELCOTH_LOW_RUR,2040,0.0
RE1,DEMRESELCOTH_LOW_RUR,2041,0.0
RE1,DEMRESELCOTH_LOW_RUR,2042,0.0
RE1,DEMRESELCOTH_LOW_RUR,2043,0.0
RE1,DEMRESELCOTH_LOW_RUR,2044,0.0
RE1,DEMRESELCOTH_LOW_RUR,2045,0.0
RE1,DEMRESELCOTH_LOW_RUR,2046,0.0
RE1,DEMRESELCOTH_LOW_RUR,2047,0.0
RE1,DEMRESELCOTH_LOW_RUR,2048,0.0
RE1,DEMRESELCOTH_LOW_RUR,2049,0.0
RE1,DEMRESELCOTH_LOW_RUR,2050,0.0
RE1,DEMRESELCOTH_LOW_RUR,2051,0.0
RE1,DEMRESELCOTH_LOW_RUR,2052,0.0
RE1,DEMRESELCOTH_LOW_RUR,2053,0.0
RE1,DEMRESELCOTH_LOW_RUR,2054,0.0
RE1,DEMRESELCOTH_LOW_RUR,2055,0.0
RE1,DEMRESELCOTH_LOW_URB,2022,5.162078645931637
RE1,DEMRESELCOTH_LOW_URB,2023,5.325423360252318
RE1,DEMRESELCOTH_LOW_URB,2024,5.484738396307881
RE1,DEMRESELCOTH_LOW_URB,2025,3.952267236639181
RE1,DEMRESELCOTH_LOW_URB,2026,2.017722496205296
RE1,DEMRESELCOTH_LOW_URB,2027,0.0
RE1,DEMRESELCOTH_LOW_URB,2028,0.0
RE1,DEMRESELCOTH_LOW_URB,2029,0.0
RE1,DEMRESELCOTH_LOW_URB,2030,0.0
RE1,DEMRESELCOTH_LOW_URB,2031,0.0
RE1,DEMRESELCOTH_LOW_URB,2032,0.0
RE1,DEMRESELCOTH_LOW_URB,2033,0.0
RE1,DEMRESELCOTH_LOW_URB,2034,0.0
RE1,DEMRESELCOTH_LOW_URB,2035,0.0
RE1,DEMRESELCOTH_LOW_URB,2036,0.0
RE1,DEMRESELCOTH_LOW_URB,2037,0.0
RE1,DEMRESELCOTH_LOW_URB,2038,0.0
RE1,DEMRESELCOTH_LOW_URB,2039,0.0
RE1,DEMRESELCOTH_LOW_URB,2040,0.0
RE1,DEMRESELCOTH_LOW_URB,2041,0.0
RE1,DEMRESELCOTH_LOW_URB,2042,0.0
RE1,DEMRESELCOTH_LOW_URB,2043,0.0
RE1,DEMRESELCOTH_LOW_URB,2044,0.0
RE1,DEMRESELCOTH_LOW_URB,2045,0.0
RE1,DEMRESELCOTH_LOW_URB,2046,0.0
RE1,DEMRESELCOTH_LOW_URB,2047,0.0
RE1,DEMRESELCOTH_LOW_URB,2048,0.0
RE1,DEMRESELCOTH_LOW_URB,2049,0.0
RE1,DEMRESELCOTH_LOW_URB,2050,0.0
RE1,DEMRESELCOTH_LOW_URB,2051,0.0
RE1,DEMRESELCOTH_LOW_URB,2052,0.0
RE1,DEMRESELCOTH_LOW_URB,2053,0.0
RE1,DEMRESELCOTH_LOW_URB,2054,0.0
RE1,DEMRESELCOTH_LOW_URB,2055,0.0
RE1,DEMRESELCOTH_MID_RUR,2022,0.0
RE1,DEMRESELCOTH_MID_RUR,2023,0.0
RE1,DEMRESELCOTH_MID_RUR,2024,0.0
RE1,DEMRESELCOTH_MID_RUR,2025,0.0
RE1,DEMRESELCOTH_MID_RUR,2026,0.0
RE1,DEMRESELCOTH_MID_RUR,2027,0.0
RE1,DEMRESELCOTH_MID_RUR,2028,0.0
RE1,DEMRESELCOTH_MID_RUR,2029,0.0
RE1,DEMRESELCOTH_MID_RUR,2030,0.0
RE1,DEMRESELCOTH_MID_RUR,2031,0.0
RE1,DEMRESELCOTH_MID_RUR,2032,0.0
RE1,DEMRESELCOTH_MID_RUR,2033,0.0
RE1,DEMRESELCOTH_MID_RUR,2034,0.0
RE1,DEMRESELCOTH_MID_RUR,2035,0.0
RE1,DEMRESELCOTH_MID_RUR,2036,0.0
RE1,DEMRESELCOTH_MID_RUR,2037,0.0
RE1,DEMRESELCOTH_MID_RUR,2038,0.0
RE1,DEMRESELCOTH_MID_RUR,2039,0.0
RE1,DEMRESELCOTH_MID_RUR,2040,0.0
RE1,DEMRESELCOTH_MID_RUR,2041,0.0
RE1,DEMRESELCOTH_MID_RUR,2042,0.0
RE1,DEMRESELCOTH_MID_RUR,2043,0.0
RE1,DEMRESELCOTH_MID_RUR,2044,0.0
RE1,DEMRESELCOTH_MID_RUR,2045,0.0
RE1,DEMRESELCOTH_MID_RUR,2046,0.0
RE1,DEMRESELCOTH_MID_RUR,2047,0.0
RE1,DEMRESELCOTH_MID_RUR,2048,0.0
RE1,DEMRESELCOTH_MID_RUR,2049,0.0
RE1,DEMRESELCOTH_MID_RUR,2050,0.0
RE1,DEMRESELCOTH_MID_RUR,2051,0.0
RE1,DEMRESELCOTH_MID_RUR,2052,0.0
RE1,DEMRESELCOTH_MID_RUR,2053,0.0
RE1,DEMRESELCOTH_MID_RUR,2054,0.0
RE1,DEMRESELCOTH_MID_RUR,2055,0.0
RE1,DEMRESELCOTH_MID_URB,2022,0.0
RE1,DEMRESELCOTH_MID_URB,2023,0.0
RE1,DEMRESELCOTH_MID_URB,2024,0.0
RE1,DEMRESELCOTH_MID_URB,2025,0.0
RE1,DEMRESELCOTH_MID_URB,2026,0.0
RE1,DEMRESELCOTH_MID_URB,2027,0.0
RE1,DEMRESELCOTH_MID_URB,2028,0.0
RE1,DEMRESELCOTH_MID_URB,2029,0.0
RE1,DEMRESELCOTH_MID_URB,2030,0.0
RE1,DEMRESELCOTH_MID_URB,2031,0.0
RE1,DEMRESELCOTH_MID_URB,2032,0.0
RE1,DEMRESELCOTH_MID_URB,2033,0.0
RE1,DEMRESELCOTH_MID_URB,2034,0.0
RE1,DEMRESELCOTH_MID_URB,2035,0.0
RE1,DEMRESELCOTH_MID_URB,2036,0.0
RE1,DEMRESELCOTH_MID_URB,2037,0.0
RE1,DEMRESELCOTH_MID_URB,2038,0.0
RE1,DEMRESELCOTH_MID_URB,2039,0.0
RE1,DEMRESELCOTH_MID_URB,2040,0.0
RE1,DEMRESELCOTH_MID_URB,2041,0.0
RE1,DEMRESELCOTH_MID_URB,2042,0.0
RE1,DEMRESELCOTH_MID_URB,2043,0.0
RE1,DEMRESELCOTH_MID_URB,2044,0.0
RE1,DEMRESELCOTH_MID_URB,2045,0.0
RE1,DEMRESELCOTH_MID_URB,2046,0.0
RE1,DEMRESELCOTH_MID_URB,2047,0.0
RE1,DEMRESELCOTH_MID_URB,2048,0.0
RE1,DEMRESELCOTH_MID_URB,2049,0.0
RE1,DEMRESELCOTH_MID_URB,2050,0.0
RE1,DEMRESELCOTH_MID_URB,2051,0.0
RE1,DEMRESELCOTH_MID_URB,2052,0.0
RE1,DEMRESELCOTH_MID_URB,2053,0.0
RE1,DEMRESELCOTH_MID_URB,2054,0.0
RE1,DEMRESELCOTH_MID_URB,2055,0.0
RE1,DEMRESELCREF_HIG_RUR,2022,0.0
RE1,DEMRESELCREF_HIG_RUR,2023,0.0
RE1,DEMRESELCREF_HIG_RUR,2024,0.0
RE1,DEMRESELCREF_HIG_RUR,2025,0.0
RE1,DEMRESELCREF_HIG_RUR,2026,0.0
RE1,DEMRESELCREF_HIG_RUR,2027,0.0
RE1,DEMRESELCREF_HIG_RUR,2028,0.0
RE1,DEMRESELCREF_HIG_RUR,2029,0.0
RE1,DEMRESELCREF_HIG_RUR,2030,0.0
RE1,DEMRESELCREF_HIG_RUR,2031,0.0
RE1,DEMRESELCREF_HIG_RUR,2032,0.0
RE1,DEMRESELCREF_HIG_RUR,2033,0.0
RE1,DEMRESELCREF_HIG_RUR,2034,0.0
RE1,DEMRESELCREF_HIG_RUR,2035,0.0
RE1,DEMRESELCREF_HIG_RUR,2036,0.0
RE1,DEMRESELCREF_HIG_RUR,2037,0.0
RE1,DEMRESELCREF_HIG_RUR,2038,0.0
RE1,DEMRESELCREF_HIG_RUR,2039,0.0
RE1,DEMRESELCREF_HIG_RUR,2040,0.0
RE1,DEMRESELCREF_HIG_RUR,2041,0.0
RE1,DEMRESELCREF_HIG_RUR,2042,0.0
RE1,DEMRESELCREF_HIG_RUR,2043,0.0
RE1,DEMRESELCREF_HIG_RUR,2044,0.0
RE1,DEMRESELCREF_HIG_RUR,2045,0.0
RE1,DEMRESELCREF_HIG_RUR,2046,0.0
RE1,DEMRESELCREF_HIG_RUR,2047,0.0
RE1,DEMRESELCREF_HIG_RUR,2048,0.0
RE1,DEMRESELCREF_HIG_RUR,2049,0.0
RE1,DEMRESELCREF_HIG_RUR,2050,0.0
RE1,DEMRESELCREF_HIG_RUR,2051,0.0
RE1,DEMRESELCREF_HIG_RUR,2052,0.0
RE1,DEMRESELCREF_HIG_RUR,2053,0.0
RE1,DEMRESELCREF_HIG_RUR,2054,0.0
RE1,DEMRESELCREF_HIG_RUR,2055,0.0
RE1,DEMRESELCREF_HIG_URB,2022,0.0
RE1,DEMRESELCREF_HIG_URB,2023,0.0
RE1,DEMRESELCREF_HIG_URB,2024,0.0
RE1,DEMRESELCREF_HIG_URB,2025,0.0
RE1,DEMRESELCREF_HIG_URB,2026,0.0
RE1,DEMRESELCREF_HIG_URB,2027,0.0
RE1,DEMRESELCREF_HIG_URB,2028,0.0
RE1,DEMRESELCREF_HIG_URB,2029,0.0
RE1,DEMRESELCREF_HIG_URB,2030,0.0
RE1,DEMRESELCREF_HIG_URB,2031,0.0
RE1,DEMRESELCREF_HIG_URB,2032,0.0
RE1,DEMRESELCREF_HIG_URB,2033,0.0
RE1,DEMRESELCREF_HIG_URB,2034,0.0
RE1,DEMRESELCREF_HIG_URB,2035,0.0
RE1,DEMRESELCREF_HIG_URB,2036,0.0
RE1,DEMRESELCREF_HIG_URB,2037,0.0
RE1,DEMRESELCREF_HIG_URB,2038,0.0
RE1,DEMRESELCREF_HIG_URB,2039,0.0
RE1,DEMRESELCREF_HIG_URB,2040,0.0
RE1,DEMRESELCREF_HIG_URB,2041,0.0
RE1,DEMRESELCREF_HIG_URB,2042,0.0
RE1,DEMRESELCREF_HIG_URB,2043,0.0
RE1,DEMRESELCREF_HIG_URB,2044,0.0
RE1,DEMRESELCREF_HIG_URB,2045,0.0
RE1,DEMRESELCREF_HIG_URB,2046,0.0
RE1,DEMRESELCREF_HIG_URB,2047,0.0
RE1,DEMRESELCREF_HIG_URB,2048,0.0
RE1,DEMRESELCREF_HIG_URB,2049,0.0
RE1,DEMRESELCREF_HIG_URB,2050,0.0
RE1,DEMRESELCREF_HIG_URB,2051,0.0
RE1,DEMRESELCREF_HIG_URB,2052,0.0
RE1,DEMRESELCREF_HIG_URB,2053,0.0
RE1,DEMRESELCREF_HIG_URB,2054,0.0
RE1,DEMRESELCREF_HIG_URB,2055,0.0
RE1,DEMRESELCREF_LOW_RUR,2022,0.2596364490195308
RE1,DEMRESELCREF_LOW_RUR,2023,0.2794721818926806
RE1,DEMRESELCREF_LOW_RUR,2024,0.2845063179629557
RE1,DEMRESELCREF_LOW_RUR,2025,0.2841229261882877
RE1,DEMRESELCREF_LOW_RUR,2026,0.2833379158386169
RE1,DEMRESELCREF_LOW_RUR,2027,0.0
RE1,DEMRESELCREF_LOW_RUR,2028,0.0
RE1,DEMRESELCREF_LOW_RUR,2029,0.0
RE1,DEMRESELCREF_LOW_RUR,2030,0.0
RE1,DEMRESELCREF_LOW_RUR,2031,0.0
RE1,DEMRESELCREF_LOW_RUR,2032,0.0
RE1,DEMRESELCREF_LOW_RUR,2033,0.0
RE1,DEMRESELCREF_LOW_RUR,2034,0.0
RE1,DEMRESELCREF_LOW_RUR,2035,0.0
RE1,DEMRESELCREF_LOW_RUR,2036,0.0
RE1,DEMRESELCREF_LOW_RUR,2037,0.0
RE1,DEMRESELCREF_LOW_RUR,2038,0.0
RE1,DEMRESELCREF_LOW_RUR,2039,0.0
RE1,DEMRESELCREF_LOW_RUR,2040,0.0
RE1,DEMRESELCREF_LOW_RUR,2041,0.0
RE1,DEMRESELCREF_LOW_RUR,2042,0.0
RE1,DEMRESELCREF_LOW_RUR,2043,0.0
RE1,DEMRESELCREF_LOW_RUR,2044,0.0
RE1,DEMRESELCREF_LOW_RUR,2045,0.0
RE1,DEMRESELCREF_LOW_RUR,2046,0.0
RE1,DEMRESELCREF_LOW_RUR,2047,0.0
RE1,DEMRESELCREF_LOW_RUR,2048,0.0
RE1,DEMRESELCREF_LOW_RUR,2049,0.0
RE1,DEMRESELCREF_LOW_RUR,2050,0.0
RE1,DEMRESELCREF_LOW_RUR,2051,0.0
RE1,DEMRESELCREF_LOW_RUR,2052,0.0
RE1,DEMRESELCREF_LOW_RUR,2053,0.0
RE1,DEMRESELCREF_LOW_RUR,2054,0.0
RE1,DEMRESELCREF_LOW_RUR,2055,0.0
RE1,DEMRESELCREF_LOW_URB,2022,6.488405950053577
RE1,DEMRESELCREF_LOW_URB,2023,6.749382500364807
RE1,DEMRESELCREF_LOW_URB,2024,6.93535676362912
RE1,DEMRESELCREF_LOW_URB,2025,6.926010894768979
RE1,DEMRESELCREF_LOW_URB,2026,6.906874845780371
RE1,DEMRESELCREF_LOW_URB,2027,0.0
RE1,DEMRESELCREF_LOW_URB,2028,0.0
RE1,DEMRESELCREF_LOW_URB,2029,0.0
RE1,DEMRESELCREF_LOW_URB,2030,0.0
RE1,DEMRESELCREF_LOW_URB,2031,0.0
RE1,DEMRESELCREF_LOW_URB,2032,0.0
RE1,DEMRESELCREF_LOW_URB,2033,0.0
RE1,DEMRESELCREF_LOW_URB,2034,0.0
RE1,DEMRESELCREF_LOW_URB,2035,0.0
RE1,DEMRESELCREF_LOW_URB,2036,0.0
RE1,DEMRESELCREF_LOW_URB,2037,0.0
RE1,DEMRESELCREF_LOW_URB,2038,0.0
RE1,DEMRESELCREF_LOW_URB,2039,0.0
RE1,DEMRESELCREF_LOW_URB,2040,0.0
RE1,DEMRESELCREF_LOW_URB,2041,0.0
RE1,DEMRESELCREF_LOW_URB,2042,0.0
RE1,DEMRESELCREF_LOW_URB,2043,0.0
RE1,DEMRESELCREF_LOW_URB,2044,0.0
RE1,DEMRESELCREF_LOW_URB,2045,0.0
RE1,DEMRESELCREF_LOW_URB,2046,0.0
RE1,DEMRESELCREF_LOW_URB,2047,0.0
RE1,DEMRESELCREF_LOW_URB,2048,0.0
RE1,DEMRESELCREF_LOW_URB,2049,0.0
RE1,DEMRESELCREF_LOW_URB,2050,0.0
RE1,DEMRESELCREF_LOW_URB,2051,0.0
RE1,DEMRESELCREF_LOW_URB,2052,0.0
RE1,DEMRESELCREF_LOW_URB,2053,0.0
RE1,DEMRESELCREF_LOW_URB,2054,0.0
RE1,DEMRESELCREF_LOW_URB,2055,0.0
RE1,DEMRESELCREF_MID_RUR,2022,0.001789141468940447
RE1,DEMRESELCREF_MID_RUR,2023,0.002639085337607044
RE1,DEMRESELCREF_MID_RUR,2024,0.006438595494457315
RE1,DEMRESELCREF_MID_RUR,2025,0.006429919045474868
RE1,DEMRESELCREF_MID_RUR,2026,0.006412153661083123
RE1,DEMRESELCREF_MID_RUR,2027,0.0
RE1,DEMRESELCREF_MID_RUR,2028,0.0
RE1,DEMRESELCREF_MID_RUR,2029,0.0
RE1,DEMRESELCREF_MID_RUR,2030,0.0
RE1,DEMRESELCREF_MID_RUR,2031,0.0
RE1,DEMRESELCREF_MID_RUR,2032,0.0
RE1,DEMRESELCREF_MID_RUR,2033,0.0
RE1,DEMRESELCREF_MID_RUR,2034,0.0
RE1,DEMRESELCREF_MID_RUR,2035,0.0
RE1,DEMRESELCREF_MID_RUR,2036,0.0
RE1,DEMRESELCREF_MID_RUR,2037,0.0
RE1,DEMRESELCREF_MID_RUR,2038,0.0
RE1,DEMRESELCREF_MID_RUR,2039,0.0
RE1,DEMRESELCREF_MID_RUR,2040,0.0
RE1,DEMRESELCREF_MID_RUR,2041,0.0
RE1,DEMRESELCREF_MID_RUR,2042,0.0
RE1,DEMRESELCREF_MID_RUR,2043,0.0
RE1,DEMRESELCREF_MID_RUR,2044,0.0
RE1,DEMRESELCREF_MID_RUR,2045,0.0
RE1,DEMRESELCREF_MID_RUR,2046,0.0
RE1,DEMRESELCREF_MID_RUR,2047,0.0
RE1,DEMRESELCREF_MID_RUR,2048,0.0
RE1,DEMRESELCREF_MID_RUR,2049,0.0
RE1,DEMRESELCREF_MID_RUR,2050,0.0
RE1,DEMRESELCREF_MID_RUR,2051,0.0
RE1,DEMRESELCREF_MID_RUR,2052,0.0
RE1,DEMRESELCREF_MID_RUR,2053,0.0
RE1,DEMRESELCREF_MID_RUR,2054,0.0
RE1,DEMRESELCREF_MID_RUR,2055,0.0
RE1,DEMRESELCREF_MID_URB,2022,0.04471127299883672
RE1,DEMRESELCREF_MID_URB,2023,0.0637351319690714
RE1,DEMRESELCREF_MID_URB,2024,0.1569524259794144
RE1,DEMRESELCREF_MID_URB,2025,0.1567409218217368
RE1,DEMRESELCREF_MID_URB,2026,0.1563078584026819
RE1,DEMRESELCREF_MID_URB,2027,0.0
RE1,DEMRESELCREF_MID_URB,2028,0.0
RE1,DEMRESELCREF_MID_URB,2029,0.0
RE1,DEMRESELCREF_MID_URB,2030,0.0
RE1,DEMRESELCREF_MID_URB,2031,0.0
RE1,DEMRESELCREF_MID_URB,2032,0.0
RE1,DEMRESELCREF_MID_URB,2033,0.0
RE1,DEMRESELCREF_MID_URB,2034,0.0
RE1,DEMRESELCREF_MID_URB,2035,0.0
RE1,DEMRESELCREF_MID_URB,2036,0.0
RE1,DEMRESELCREF_MID_URB,2037,0.0
RE1,DEMRESELCREF_MID_URB,2038,0.0
RE1,DEMRESELCREF_MID_URB,2039,0.0
RE1,DEMRESELCREF_MID_URB,2040,0.0
RE1,DEMRESELCREF_MID_URB,2041,0.0
RE1,DEMRESELCREF_MID_URB,2042,0.0
RE1,DEMRESELCREF_MID_URB,2043,0.0
RE1,DEMRESELCREF_MID_URB,2044,0.0
RE1,DEMRESELCREF_MID_URB,2045,0.0
RE1,DEMRESELCREF_MID_URB,2046,0.0
RE1,DEMRESELCREF_MID_URB,2047,0.0
RE1,DEMRESELCREF_MID_URB,2048,0.0
RE1,DEMRESELCREF_MID_URB,2049,0.0
RE1,DEMRESELCREF_MID_URB,2050,0.0
RE1,DEMRESELCREF_MID_URB,2051,0.0
RE1,DEMRESELCREF_MID_URB,2052,0.0
RE1,DEMRESELCREF_MID_URB,2053,0.0
RE1,DEMRESELCREF_MID_URB,2054,0.0
RE1,DEMRESELCREF_MID_URB,2055,0.0
RE1,DEMRESELCTV_CRT_RUR,2022,0.2268630589509815
RE1,DEMRESELCTV_CRT_RUR,2023,0.2379002334531649
RE1,DEMRESELCTV_CRT_RUR,2024,0.2382637357004261
RE1,DEMRESELCTV_CRT_RUR,2025,0.1716913165670683
RE1,DEMRESELCTV_CRT_RUR,2026,0.08765232994089298
RE1,DEMRESELCTV_CRT_RUR,2027,0.0
RE1,DEMRESELCTV_CRT_RUR,2028,0.0
RE1,DEMRESELCTV_CRT_RUR,2029,0.0
RE1,DEMRESELCTV_CRT_RUR,2030,0.0
RE1,DEMRESELCTV_CRT_RUR,2031,0.0
RE1,DEMRESELCTV_CRT_RUR,2032,0.0
RE1,DEMRESELCTV_CRT_RUR,2033,0.0
RE1,DEMRESELCTV_CRT_RUR,2034,0.0
RE1,DEMRESELCTV_CRT_RUR,2035,0.0
RE1,DEMRESELCTV_CRT_RUR,2036,0.0
RE1,DEMRESELCTV_CRT_RUR,2037,0.0
RE1,DEMRESELCTV_CRT_RUR,2038,0.0
RE1,DEMRESELCTV_CRT_RUR,2039,0.0
RE1,DEMRESELCTV_CRT_RUR,2040,0.0
RE1,DEMRESELCTV_CRT_RUR,2041,0.0
RE1,DEMRESELCTV_CRT_RUR,2042,0.0
RE1,DEMRESELCTV_CRT_RUR,2043,0.0
RE1,DEMRESELCTV_CRT_RUR,2044,0.0
RE1,DEMRESELCTV_CRT_RUR,2045,0.0
RE1,DEMRESELCTV_CRT_RUR,2046,0.0
RE1,DEMRESELCTV_CRT_RUR,2047,0.0
RE1,DEMRESELCTV_CRT_RUR,2048,0.0
RE1,DEMRESELCTV_CRT_RUR,2049,0.0
RE1,DEMRESELCTV_CRT_RUR,2050,0.0
RE1,DEMRESELCTV_CRT_RUR,2051,0.0
RE1,DEMRESELCTV_CRT_RUR,2052,0.0
RE1,DEMRESELCTV_CRT_RUR,2053,0.0
RE1,DEMRESELCTV_CRT_RUR,2054,0.0
RE1,DEMRESELCTV_CRT_RUR,2055,0.0
RE1,DEMRESELCTV_CRT_URB,2022,0.8846864164490601
RE1,DEMRESELCTV_CRT_URB,2023,0.8846218997194778
RE1,DEMRESELCTV_CRT_URB,2024,0.8821879569230232
RE1,DEMRESELCTV_CRT_URB,2025,0.6356989717233548
RE1,DEMRESELCTV_CRT_URB,2026,0.3245388126010182
RE1,DEMRESELCTV_CRT_URB,2027,0.0
RE1,DEMRESELCTV_CRT_URB,2028,0.0
RE1,DEMRESELCTV_CRT_URB,2029,0.0
RE1,DEMRESELCTV_CRT_URB,2030,0.0
RE1,DEMRESELCTV_CRT_URB,2031,0.0
RE1,DEMRESELCTV_CRT_URB,2032,0.0
RE1,DEMRESELCTV_CRT_URB,2033,0.0
RE1,DEMRESELCTV_CRT_URB,2034,0.0
RE1,DEMRESELCTV_CRT_URB,2035,0.0
RE1,DEMRESELCTV_CRT_URB,2036,0.0
RE1,DEMRESELCTV_CRT_URB,2037,0.0
RE1,DEMRESELCTV_CRT_URB,2038,0.0
RE1,DEMRESELCTV_CRT_URB,2039,0.0
RE1,DEMRESELCTV_CRT_URB,2040,0.0
RE1,DEMRESELCTV_CRT_URB,2041,0.0
RE1,DEMRESELCTV_CRT_URB,2042,0.0
RE1,DEMRESELCTV_CRT_URB,2043,0.0
RE1,DEMRESELCTV_CRT_URB,2044,0.0
RE1,DEMRESELCTV_CRT_URB,2045,0.0
RE1,DEMRESELCTV_CRT_URB,2046,0.0
RE1,DEMRESELCTV_CRT_URB,2047,0.0
RE1,DEMRESELCTV_CRT_URB,2048,0.0
RE1,DEMRESELCTV_CRT_URB,2049,0.0
RE1,DEMRESELCTV_CRT_URB,2050,0.0
RE1,DEMRESELCTV_CRT_URB,2051,0.0
RE1,DEMRESELCTV_CRT_URB,2052,0.0
RE1,DEMRESELCTV_CRT_URB,2053,0.0
RE1,DEMRESELCTV_CRT_URB,2054,0.0
RE1,DEMRESELCTV_CRT_URB,2055,0.0
RE1,DEMRESELCTV_HIG_RUR,2022,0.0
RE1,DEMRESELCTV_HIG_RUR,2023,0.0
RE1,DEMRESELCTV_HIG_RUR,2024,0.0
RE1,DEMRESELCTV_HIG_RUR,2025,0.0
RE1,DEMRESELCTV_HIG_RUR,2026,0.0
RE1,DEMRESELCTV_HIG_RUR,2027,0.0
RE1,DEMRESELCTV_HIG_RUR,2028,0.0
RE1,DEMRESELCTV_HIG_RUR,2029,0.0
RE1,DEMRESELCTV_HIG_RUR,2030,0.0
RE1,DEMRESELCTV_HIG_RUR,2031,0.0
RE1,DEMRESELCTV_HIG_RUR,2032,0.0
RE1,DEMRESELCTV_HIG_RUR,2033,0.0
RE1,DEMRESELCTV_HIG_RUR,2034,0.0
RE1,DEMRESELCTV_HIG_RUR,2035,0.0
RE1,DEMRESELCTV_HIG_RUR,2036,0.0
RE1,DEMRESELCTV_HIG_RUR,2037,0.0
RE1,DEMRESELCTV_HIG_RUR,2038,0.0
RE1,DEMRESELCTV_HIG_RUR,2039,0.0
RE1,DEMRESELCTV_HIG_RUR,2040,0.0
RE1,DEMRESELCTV_HIG_RUR,2041,0.0
RE1,DEMRESELCTV_HIG_RUR,2042,0.0
RE1,DEMRESELCTV_HIG_RUR,2043,0.0
RE1,DEMRESELCTV_HIG_RUR,2044,0.0
RE1,DEMRESELCTV_HIG_RUR,2045,0.0
RE1,DEMRESELCTV_HIG_RUR,2046,0.0
RE1,DEMRESELCTV_HIG_RUR,2047,0.0
RE1,DEMRESELCTV_HIG_RUR,2048,0.0
RE1,DEMRESELCTV_HIG_RUR,2049,0.0
RE1,DEMRESELCTV_HIG_RUR,2050,0.0
RE1,DEMRESELCTV_HIG_RUR,2051,0.0
RE1,DEMRESELCTV_HIG_RUR,2052,0.0
RE1,DEMRESELCTV_HIG_RUR,2053,0.0
RE1,DEMRESELCTV_HIG_RUR,2054,0.0
RE1,DEMRESELCTV_HIG_RUR,2055,0.0
RE1,DEMRESELCTV_HIG_URB,2022,0.0
RE1,DEMRESELCTV_HIG_URB,2023,0.0
RE1,DEMRESELCTV_HIG_URB,2024,0.0
RE1,DEMRESELCTV_HIG_URB,2025,0.0
RE1,DEMRESELCTV_HIG_URB,2026,0.0
RE1,DEMRESELCTV_HIG_URB,2027,0.0
RE1,DEMRESELCTV_HIG_URB,2028,0.0
RE1,DEMRESELCTV_HIG_URB,2029,0.0
RE1,DEMRESELCTV_HIG_URB,2030,0.0
RE1,DEMRESELCTV_HIG_URB,2031,0.0
RE1,DEMRESELCTV_HIG_URB,2032,0.0
RE1,DEMRESELCTV_HIG_URB,2033,0.0
RE1,DEMRESELCTV_HIG_URB,2034,0.0
RE1,DEMRESELCTV_HIG_URB,2035,0.0
RE1,DEMRESELCTV_HIG_URB,2036,0.0
RE1,DEMRESELCTV_HIG_URB,2037,0.0
RE1,DEMRESELCTV_HIG_URB,2038,0.0
RE1,DEMRESELCTV_HIG_URB,2039,0.0
RE1,DEMRESELCTV_HIG_URB,2040,0.0
RE1,DEMRESELCTV_HIG_URB,2041,0.0
RE1,DEMRESELCTV_HIG_URB,2042,0.0
RE1,DEMRESELCTV_HIG_URB,2043,0.0
RE1,DEMRESELCTV_HIG_URB,2044,0.0
RE1,DEMRESELCTV_HIG_URB,2045,0.0
RE1,DEMRESELCTV_HIG_URB,2046,0.0
RE1,DEMRESELCTV_HIG_URB,2047,0.0
RE1,DEMRESELCTV_HIG_URB,2048,0.0
RE1,DEMRESELCTV_HIG_URB,2049,0.0
RE1,DEMRESELCTV_HIG_URB,2050,0.0
RE1,DEMRESELCTV_HIG_URB,2051,0.0
RE1,DEMRESELCTV_HIG_URB,2052,0.0
RE1,DEMRESELCTV_HIG_URB,2053,0.0
RE1,DEMRESELCTV_HIG_URB,2054,0.0
RE1,DEMRESELCTV_HIG_URB,2055,0.0
RE1,DEMRESELCTV_LOW_RUR,2022,0.1173158816036088
RE1,DEMRESELCTV_LOW_RUR,2023,0.1345433093705471
RE1,DEMRESELCTV_LOW_RUR,2024,0.1452328925986526
RE1,DEMRESELCTV_LOW_RUR,2025,0.1046538889596606
RE1,DEMRESELCTV_LOW_RUR,2026,0.05342819536890443
RE1,DEMRESELCTV_LOW_RUR,2027,0.0
RE1,DEMRESELCTV_LOW_RUR,2028,0.0
RE1,DEMRESELCTV_LOW_RUR,2029,0.0
RE1,DEMRESELCTV_LOW_RUR,2030,0.0
RE1,DEMRESELCTV_LOW_RUR,2031,0.0
RE1,DEMRESELCTV_LOW_RUR,2032,0.0
RE1,DEMRESELCTV_LOW_RUR,2033,0.0
RE1,DEMRESELCTV_LOW_RUR,2034,0.0
RE1,DEMRESELCTV_LOW_RUR,2035,0.0
RE1,DEMRESELCTV_LOW_RUR,2036,0.0
RE1,DEMRESELCTV_LOW_RUR,2037,0.0
RE1,DEMRESELCTV_LOW_RUR,2038,0.0
RE1,DEMRESELCTV_LOW_RUR,2039,0.0
RE1,DEMRESELCTV_LOW_RUR,2040,0.0
RE1,DEMRESELCTV_LOW_RUR,2041,0.0
RE1,DEMRESELCTV_LOW_RUR,2042,0.0
RE1,DEMRESELCTV_LOW_RUR,2043,0.0
RE1,DEMRESELCTV_LOW_RUR,2044,0.0
RE1,DEMRESELCTV_LOW_RUR,2045,0.0
RE1,DEMRESELCTV_LOW_RUR,2046,0.0
RE1,DEMRESELCTV_LOW_RUR,2047,0.0
RE1,DEMRESELCTV_LOW_RUR,2048,0.0
RE1,DEMRESELCTV_LOW_RUR,2049,0.0
RE1,DEMRESELCTV_LOW_RUR,2050,0.0
RE1,DEMRESELCTV_LOW_RUR,2051,0.0
RE1,DEMRESELCTV_LOW_RUR,2052,0.0
RE1,DEMRESELCTV_LOW_RUR,2053,0.0
RE1,DEMRESELCTV_LOW_RUR,2054,0.0
RE1,DEMRESELCTV_LOW_RUR,2055,0.0
RE1,DEMRESELCTV_LOW_URB,2022,0.9715088718743425
RE1,DEMRESELCTV_LOW_URB,2023,1.027512901329338
RE1,DEMRESELCTV_LOW_URB,2024,1.072863611469276
RE1,DEMRESELCTV_LOW_URB,2025,0.7730986228708335
RE1,DEMRESELCTV_LOW_URB,2026,0.3946844658404926
RE1,DEMRESELCTV_LOW_URB,2027,0.0
RE1,DEMRESELCTV_LOW_URB,2028,0.0
RE1,DEMRESELCTV_LOW_URB,2029,0.0
RE1,DEMRESELCTV_LOW_URB,2030,0.0
RE1,DEMRESELCTV_LOW_URB,2031,0.0
RE1,DEMRESELCTV_LOW_URB,2032,0.0
RE1,DEMRESELCTV_LOW_URB,2033,0.0
RE1,DEMRESELCTV_LOW_URB,2034,0.0
RE1,DEMRESELCTV_LOW_URB,2035,0.0
RE1,DEMRESELCTV_LOW_URB,2036,0.0
RE1,DEMRESELCTV_LOW_URB,2037,0.0
RE1,DEMRESELCTV_LOW_URB,2038,0.0
RE1,DEMRESELCTV_LOW_URB,2039,0.0
RE1,DEMRESELCTV_LOW_URB,2040,0.0
RE1,DEMRESELCTV_LOW_URB,2041,0.0
RE1,DEMRESELCTV_LOW_URB,2042,0.0
RE1,DEMRESELCTV_LOW_URB,2043,0.0
RE1,DEMRESELCTV_LOW_URB,2044,0.0
RE1,DEMRESELCTV_LOW_URB,2045,0.0
RE1,DEMRESELCTV_LOW_URB,2046,0.0
RE1,DEMRESELCTV_LOW_URB,2047,0.0
RE1,DEMRESELCTV_LOW_URB,2048,0.0
RE1,DEMRESELCTV_LOW_URB,2049,0.0
RE1,DEMRESELCTV_LOW_URB,2050,0.0
RE1,DEMRESELCTV_LOW_URB,2051,0.0
RE1,DEMRESELCTV_LOW_URB,2052,0.0
RE1,DEMRESELCTV_LOW_URB,2053,0.0
RE1,DEMRESELCTV_LOW_URB,2054,0.0
RE1,DEMRESELCTV_LOW_URB,2055,0.0
RE1,DEMRESELCTV_MID_RUR,2022,0.0008084177300026742
RE1,DEMRESELCTV_MID_RUR,2023,0.001270506683807582
RE1,DEMRESELCTV_MID_RUR,2024,0.003286731397136998
RE1,DEMRESELCTV_MID_RUR,2025,0.002368397520159262
RE1,DEMRESELCTV_MID_RUR,2026,0.001209120909659392
RE1,DEMRESELCTV_MID_RUR,2027,0.0
RE1,DEMRESELCTV_MID_RUR,2028,0.0
RE1,DEMRESELCTV_MID_RUR,2029,0.0
RE1,DEMRESELCTV_MID_RUR,2030,0.0
RE1,DEMRESELCTV_MID_RUR,2031,0.0
RE1,DEMRESELCTV_MID_RUR,2032,0.0
RE1,DEMRESELCTV_MID_RUR,2033,0.0
RE1,DEMRESELCTV_MID_RUR,2034,0.0
RE1,DEMRESELCTV_MID_RUR,2035,0.0
RE1,DEMRESELCTV_MID_RUR,2036,0.0
RE1,DEMRESELCTV_MID_RUR,2037,0.0
RE1,DEMRESELCTV_MID_RUR,2038,0.0
RE1,DEMRESELCTV_MID_RUR,2039,0.0
RE1,DEMRESELCTV_MID_RUR,2040,0.0
RE1,DEMRESELCTV_MID_RUR,2041,0.0
RE1,DEMRESELCTV_MID_RUR,2042,0.0
RE1,DEMRESELCTV_MID_RUR,2043,0.0
RE1,DEMRESELCTV_MID_RUR,2044,0.0
RE1,DEMRESELCTV_MID_RUR,2045,0.0
RE1,DEMRESELCTV_MID_RUR,2046,0.0
RE1,DEMRESELCTV_MID_RUR,2047,0.0
RE1,DEMRESELCTV_MID_RUR,2048,0.0
RE1,DEMRESELCTV_MID_RUR,2049,0.0
RE1,DEMRESELCTV_MID_RUR,2050,0.0
RE1,DEMRESELCTV_MID_RUR,2051,0.0
RE1,DEMRESELCTV_MID_RUR,2052,0.0
RE1,DEMRESELCTV_MID_RUR,2053,0.0
RE1,DEMRESELCTV_MID_RUR,2054,0.0
RE1,DEMRESELCTV_MID_RUR,2055,0.0
RE1,DEMRESELCTV_MID_URB,2022,0.006694617865395265
RE1,DEMRESELCTV_MID_URB,2023,0.009702912875749616
RE1,DEMRESELCTV_MID_URB,2024,0.02427972378410489
RE1,DEMRESELCTV_MID_URB,2025,0.01749581290716864
RE1,DEMRESELCTV_MID_URB,2026,0.008932011217493485
RE1,DEMRESELCTV_MID_URB,2027,0.0
RE1,DEMRESELCTV_MID_URB,2028,0.0
RE1,DEMRESELCTV_MID_URB,2029,0.0
RE1,DEMRESELCTV_MID_URB,2030,0.0
RE1,DEMRESELCTV_MID_URB,2031,0.0
RE1,DEMRESELCTV_MID_URB,2032,0.0
RE1,DEMRESELCTV_MID_URB,2033,0.0
RE1,DEMRESELCTV_MID_URB,2034,0.0
RE1,DEMRESELCTV_MID_URB,2035,0.0
RE1,DEMRESELCTV_MID_URB,2036,0.0
RE1,DEMRESELCTV_MID_URB,2037,0.0
RE1,DEMRESELCTV_MID_URB,2038,0.0
RE1,DEMRESELCTV_MID_URB,2039,0.0
RE1,DEMRESELCTV_MID_URB,2040,0.0
RE1,DEMRESELCTV_MID_URB,2041,0.0
RE1,DEMRESELCTV_MID_URB,2042,0.0
RE1,DEMRESELCTV_MID_URB,2043,0.0
RE1,DEMRESELCTV_MID_URB,2044,0.0
RE1,DEMRESELCTV_MID_URB,2045,0.0
RE1,DEMRESELCTV_MID_URB,2046,0.0
RE1,DEMRESELCTV_MID_URB,2047,0.0
RE1,DEMRESELCTV_MID_URB,2048,0.0
RE1,DEMRESELCTV_MID_URB,2049,0.0
RE1,DEMRESELCTV_MID_URB,2050,0.0
RE1,DEMRESELCTV_MID_URB,2051,0.0
RE1,DEMRESELCTV_MID_URB,2052,0.0
RE1,DEMRESELCTV_MID_URB,2053,0.0
RE1,DEMRESELCTV_MID_URB,2054,0.0
RE1,DEMRESELCTV_MID_URB,2055,0.0
RE1,DEMRESELCWHT_DUC_HIG_RUR,2022,0.0
RE1,DEMRESELCWHT_DUC_HIG_RUR,2023,0.0
RE1,DEMRESELCWHT_DUC_HIG_RUR,2024,0.0
RE1,DEMRESELCWHT_DUC_HIG_RUR,2025,0.0
RE1,DEMRESELCWHT_DUC_HIG_RUR,2026,0.0
RE1,DEMRESELCWHT_DUC_HIG_RUR,2027,0.0
RE1,DEMRESELCWHT_DUC_HIG_RUR,2028,0.0
RE1,DEMRESELCWHT_DUC_HIG_RUR,2029,0.0
RE1,DEMRESELCWHT_DUC_HIG_RUR,2030,0.0
RE1,DEMRESELCWHT_DUC_HIG_RUR,2031,0.0
RE1,DEMRESELCWHT_DUC_HIG_RUR,2032,0.0
RE1,DEMRESELCWHT_DUC_HIG_RUR,2033,0.0
RE1,DEMRESELCWHT_DUC_HIG_RUR,2034,0.0
RE1,DEMRESELCWHT_DUC_HIG_RUR,2035,0.0
RE1,DEMRESELCWHT_DUC_HIG_RUR,2036,0.0
RE1,DEMRESELCWHT_DUC_HIG_RUR,2037,0.0
RE1,DEMRESELCWHT_DUC_HIG_RUR,2038,0.0
RE1,DEMRESELCWHT_DUC_HIG_RUR,2039,0.0
RE1,DEMRESELCWHT_DUC_HIG_RUR,2040,0.0
RE1,DEMRESELCWHT_DUC_HIG_RUR,2041,0.0
RE1,DEMRESELCWHT_DUC_HIG_RUR,2042,0.0
RE1,DEMRESELCWHT_DUC_HIG_RUR,2043,0.0
RE1,DEMRESELCWHT_DUC_HIG_RUR,2044,0.0
RE1,DEMRESELCWHT_DUC_HIG_RUR,2045,0.0
RE1,DEMRESELCWHT_DUC_HIG_RUR,2046,0.0
RE1,DEMRESELCWHT_DUC_HIG_RUR,2047,0.0
RE1,DEMRESELCWHT_DUC_HIG_RUR,2048,0.0
RE1,DEMRESELCWHT_DUC_HIG_RUR,2049,0.0
RE1,DEMRESELCWHT_DUC_HIG_RUR,2050,0.0
RE1,DEMRESELCWHT_DUC_HIG_RUR,2051,0.0
RE1,DEMRESELCWHT_DUC_HIG_RUR,2052,0.0
RE1,DEMRESELCWHT_DUC_HIG_RUR,2053,0.0
RE1,DEMRESELCWHT_DUC_HIG_RUR,2054,0.0
RE1,DEMRESELCWHT_DUC_HIG_RUR,2055,0.0
RE1,DEMRESELCWHT_DUC_HIG_URB,2022,0.0
RE1,DEMRESELCWHT_DUC_HIG_URB,2023,0.0
RE1,DEMRESELCWHT_DUC_HIG_URB,2024,0.0
RE1,DEMRESELCWHT_DUC_HIG_URB,2025,0.0
RE1,DEMRESELCWHT_DUC_HIG_URB,2026,0.0
RE1,DEMRESELCWHT_DUC_HIG_URB,2027,0.0
RE1,DEMRESELCWHT_DUC_HIG_URB,2028,0.0
RE1,DEMRESELCWHT_DUC_HIG_URB,2029,0.0
RE1,DEMRESELCWHT_DUC_HIG_URB,2030,0.0
RE1,DEMRESELCWHT_DUC_HIG_URB,2031,0.0
RE1,DEMRESELCWHT_DUC_HIG_URB,2032,0.0
RE1,DEMRESELCWHT_DUC_HIG_URB,2033,0.0
RE1,DEMRESELCWHT_DUC_HIG_URB,2034,0.0
RE1,DEMRESELCWHT_DUC_HIG_URB,2035,0.0
RE1,DEMRESELCWHT_DUC_HIG_URB,2036,0.0
RE1,DEMRESELCWHT_DUC_HIG_URB,2037,0.0
RE1,DEMRESELCWHT_DUC_HIG_URB,2038,0.0
RE1,DEMRESELCWHT_DUC_HIG_URB,2039,0.0
RE1,DEMRESELCWHT_DUC_HIG_URB,2040,0.0
RE1,DEMRESELCWHT_DUC_HIG_URB,2041,0.0
RE1,DEMRESELCWHT_DUC_HIG_URB,2042,0.0
RE1,DEMRESELCWHT_DUC_HIG_URB,2043,0.0
RE1,DEMRESELCWHT_DUC_HIG_URB,2044,0.0
RE1,DEMRESELCWHT_DUC_HIG_URB,2045,0.0
RE1,DEMRESELCWHT_DUC_HIG_URB,2046,0.0
RE1,DEMRESELCWHT_DUC_HIG_URB,2047,0.0
RE1,DEMRESELCWHT_DUC_HIG_URB,2048,0.0
RE1,DEMRESELCWHT_DUC_HIG_URB,2049,0.0
RE1,DEMRESELCWHT_DUC_HIG_URB,2050,0.0
RE1,DEMRESELCWHT_DUC_HIG_URB,2051,0.0
RE1,DEMRESELCWHT_DUC_HIG_URB,2052,0.0
RE1,DEMRESELCWHT_DUC_HIG_URB,2053,0.0
RE1,DEMRESELCWHT_DUC_HIG_URB,2054,0.0
RE1,DEMRESELCWHT_DUC_HIG_URB,2055,0.0
RE1,DEMRESELCWHT_DUC_LOW_RUR,2022,0.09430175326252731
RE1,DEMRESELCWHT_DUC_LOW_RUR,2023,0.101618663800053
RE1,DEMRESELCWHT_DUC_LOW_RUR,2024,0.1022867724343545
RE1,DEMRESELCWHT_DUC_LOW_RUR,2025,0.001512537332606221
RE1,DEMRESELCWHT_DUC_LOW_RUR,2026,2.659234848115919e-07
RE1,DEMRESELCWHT_DUC_LOW_RUR,2027,0.0
RE1,DEMRESELCWHT_DUC_LOW_RUR,2028,0.0
RE1,DEMRESELCWHT_DUC_LOW_RUR,2029,0.0
RE1,DEMRESELCWHT_DUC_LOW_RUR,2030,0.0
RE1,DEMRESELCWHT_DUC_LOW_RUR,2031,0.0
RE1,DEMRESELCWHT_DUC_LOW_RUR,2032,0.0
RE1,DEMRESELCWHT_DUC_LOW_RUR,2033,0.0
RE1,DEMRESELCWHT_DUC_LOW_RUR,2034,0.0
RE1,DEMRESELCWHT_DUC_LOW_RUR,2035,0.0
RE1,DEMRESELCWHT_DUC_LOW_RUR,2036,0.0
RE1,DEMRESELCWHT_DUC_LOW_RUR,2037,0.0
RE1,DEMRESELCWHT_DUC_LOW_RUR,2038,0.0
RE1,DEMRESELCWHT_DUC_LOW_RUR,2039,0.0
RE1,DEMRESELCWHT_DUC_LOW_RUR,2040,0.0
RE1,DEMRESELCWHT_DUC_LOW_RUR,2041,0.0
RE1,DEMRESELCWHT_DUC_LOW_RUR,2042,0.0
RE1,DEMRESELCWHT_DUC_LOW_RUR,2043,0.0
RE1,DEMRESELCWHT_DUC_LOW_RUR,2044,0.0
RE1,DEMRESELCWHT_DUC_LOW_RUR,2045,0.0
RE1,DEMRESELCWHT_DUC_LOW_RUR,2046,0.0
RE1,DEMRESELCWHT_DUC_LOW_RUR,2047,0.0
RE1,DEMRESELCWHT_DUC_LOW_RUR,2048,0.0
RE1,DEMRESELCWHT_DUC_LOW_RUR,2049,0.0
RE1,DEMRESELCWHT_DUC_LOW_RUR,2050,0.0
RE1,DEMRESELCWHT_DUC_LOW_RUR,2051,0.0
RE1,DEMRESELCWHT_DUC_LOW_RUR,2052,0.0
RE1,DEMRESELCWHT_DUC_LOW_RUR,2053,0.0
RE1,DEMRESELCWHT_DUC_LOW_RUR,2054,0.0
RE1,DEMRESELCWHT_DUC_LOW_RUR,2055,0.0
RE1,DEMRESELCWHT_DUC_LOW_URB,2022,5.686908564153499
RE1,DEMRESELCWHT_DUC_LOW_URB,2023,5.848424035887642
RE1,DEMRESELCWHT_DUC_LOW_URB,2024,5.942049759578543
RE1,DEMRESELCWHT_DUC_LOW_URB,2025,0.08786641595651487
RE1,DEMRESELCWHT_DUC_LOW_URB,2026,1.544804417409009e-05
RE1,DEMRESELCWHT_DUC_LOW_URB,2027,0.0
RE1,DEMRESELCWHT_DUC_LOW_URB,2028,0.0
RE1,DEMRESELCWHT_DUC_LOW_URB,2029,0.0
RE1,DEMRESELCWHT_DUC_LOW_URB,2030,0.0
RE1,DEMRESELCWHT_DUC_LOW_URB,2031,0.0
RE1,DEMRESELCWHT_DUC_LOW_URB,2032,0.0
RE1,DEMRESELCWHT_DUC_LOW_URB,2033,0.0
RE1,DEMRESELCWHT_DUC_LOW_URB,2034,0.0
RE1,DEMRESELCWHT_DUC_LOW_URB,2035,0.0
RE1,DEMRESELCWHT_DUC_LOW_URB,2036,0.0
RE1,DEMRESELCWHT_DUC_LOW_URB,2037,0.0
RE1,DEMRESELCWHT_DUC_LOW_URB,2038,0.0
RE1,DEMRESELCWHT_DUC_LOW_URB,2039,0.0
RE1,DEMRESELCWHT_DUC_LOW_URB,2040,0.0
RE1,DEMRESELCWHT_DUC_LOW_URB,2041,0.0
RE1,DEMRESELCWHT_DUC_LOW_URB,2042,0.0
RE1,DEMRESELCWHT_DUC_LOW_URB,2043,0.0
RE1,DEMRESELCWHT_DUC_LOW_URB,2044,0.0
RE1,DEMRESELCWHT_DUC_LOW_URB,2045,0.0
RE1,DEMRESELCWHT_DUC_LOW_URB,2046,0.0
RE1,DEMRESELCWHT_DUC_LOW_URB,2047,0.0
RE1,DEMRESELCWHT_DUC_LOW_URB,2048,0.0
RE1,DEMRESELCWHT_DUC_LOW_URB,2049,0.0
RE1,DEMRESELCWHT_DUC_LOW_URB,2050,0.0
RE1,DEMRESELCWHT_DUC_LOW_URB,2051,0.0
RE1,DEMRESELCWHT_DUC_LOW_URB,2052,0.0
RE1,DEMRESELCWHT_DUC_LOW_URB,2053,0.0
RE1,DEMRESELCWHT_DUC_LOW_URB,2054,0.0
RE1,DEMRESELCWHT_DUC_LOW_URB,2055,0.0
RE1,DEMRESELCWHT_DUC_MID_RUR,2022,0.000649828550624978
RE1,DEMRESELCWHT_DUC_MID_RUR,2023,0.0009595957774606803
RE1,DEMRESELCWHT_DUC_MID_RUR,2024,0.002314827863415556
RE1,DEMRESELCWHT_DUC_MID_RUR,2025,3.422987624543693e-05
RE1,DEMRESELCWHT_DUC_MID_RUR,2026,6.018051772759714e-09
RE1,DEMRESELCWHT_DUC_MID_RUR,2027,0.0
RE1,DEMRESELCWHT_DUC_MID_RUR,2028,0.0
RE1,DEMRESELCWHT_DUC_MID_RUR,2029,0.0
RE1,DEMRESELCWHT_DUC_MID_RUR,2030,0.0
RE1,DEMRESELCWHT_DUC_MID_RUR,2031,0.0
RE1,DEMRESELCWHT_DUC_MID_RUR,2032,0.0
RE1,DEMRESELCWHT_DUC_MID_RUR,2033,0.0
RE1,DEMRESELCWHT_DUC_MID_RUR,2034,0.0
RE1,DEMRESELCWHT_DUC_MID_RUR,2035,0.0
RE1,DEMRESELCWHT_DUC_MID_RUR,2036,0.0
RE1,DEMRESELCWHT_DUC_MID_RUR,2037,0.0
RE1,DEMRESELCWHT_DUC_MID_RUR,2038,0.0
RE1,DEMRESELCWHT_DUC_MID_RUR,2039,0.0
RE1,DEMRESELCWHT_DUC_MID_RUR,2040,0.0
RE1,DEMRESELCWHT_DUC_MID_RUR,2041,0.0
RE1,DEMRESELCWHT_DUC_MID_RUR,2042,0.0
RE1,DEMRESELCWHT_DUC_MID_RUR,2043,0.0
RE1,DEMRESELCWHT_DUC_MID_RUR,2044,0.0
RE1,DEMRESELCWHT_DUC_MID_RUR,2045,0.0
RE1,DEMRESELCWHT_DUC_MID_RUR,2046,0.0
RE1,DEMRESELCWHT_DUC_MID_RUR,2047,0.0
RE1,DEMRESELCWHT_DUC_MID_RUR,2048,0.0
RE1,DEMRESELCWHT_DUC_MID_RUR,2049,0.0
RE1,DEMRESELCWHT_DUC_MID_RUR,2050,0.0
RE1,DEMRESELCWHT_DUC_MID_RUR,2051,0.0
RE1,DEMRESELCWHT_DUC_MID_RUR,2052,0.0
RE1,DEMRESELCWHT_DUC_MID_RUR,2053,0.0
RE1,DEMRESELCWHT_DUC_MID_RUR,2054,0.0
RE1,DEMRESELCWHT_DUC_MID_RUR,2055,0.0
RE1,DEMRESELCWHT_DUC_MID_URB,2022,0.03918819557355071
RE1,DEMRESELCWHT_DUC_MID_URB,2023,0.05522728600997806
RE1,DEMRESELCWHT_DUC_MID_URB,2024,0.134473129046101
RE1,DEMRESELCWHT_DUC_MID_URB,2025,0.001988484171256229
RE1,DEMRESELCWHT_DUC_MID_URB,2026,3.496010504428403e-07
RE1,DEMRESELCWHT_DUC_MID_URB,2027,0.0
RE1,DEMRESELCWHT_DUC_MID_URB,2028,0.0
RE1,DEMRESELCWHT_DUC_MID_URB,2029,0.0
RE1,DEMRESELCWHT_DUC_MID_URB,2030,0.0
RE1,DEMRESELCWHT_DUC_MID_URB,2031,0.0
RE1,DEMRESELCWHT_DUC_MID_URB,2032,0.0
RE1,DEMRESELCWHT_DUC_MID_URB,2033,0.0
RE1,DEMRESELCWHT_DUC_MID_URB,2034,0.0
RE1,DEMRESELCWHT_DUC_MID_URB,2035,0.0
RE1,DEMRESELCWHT_DUC_MID_URB,2036,0.0
RE1,DEMRESELCWHT_DUC_MID_URB,2037,0.0
RE1,DEMRESELCWHT_DUC_MID_URB,2038,0.0
RE1,DEMRESELCWHT_DUC_MID_URB,2039,0.0
RE1,DEMRESELCWHT_DUC_MID_URB,2040,0.0
RE1,DEMRESELCWHT_DUC_MID_URB,2041,0.0
RE1,DEMRESELCWHT_DUC_MID_URB,2042,0.0
RE1,DEMRESELCWHT_DUC_MID_URB,2043,0.0
RE1,DEMRESELCWHT_DUC_MID_URB,2044,0.0
RE1,DEMRESELCWHT_DUC_MID_URB,2045,0.0
RE1,DEMRESELCWHT_DUC_MID_URB,2046,0.0
RE1,DEMRESELCWHT_DUC_MID_URB,2047,0.0
RE1,DEMRESELCWHT_DUC_MID_URB,2048,0.0
RE1,DEMRESELCWHT_DUC_MID_URB,2049,0.0
RE1,DEMRESELCWHT_DUC_MID_URB,2050,0.0
RE1,DEMRESELCWHT_DUC_MID_URB,2051,0.0
RE1,DEMRESELCWHT_DUC_MID_URB,2052,0.0
RE1,DEMRESELCWHT_DUC_MID_URB,2053,0.0
RE1,DEMRESELCWHT_DUC_MID_URB,2054,0.0
RE1,DEMRESELCWHT_DUC_MID_URB,2055,0.0
RE1,DEMRESELCWHT_PAS_HIG_RUR,2022,0.0
RE1,DEMRESELCWHT_PAS_HIG_RUR,2023,0.0
RE1,DEMRESELCWHT_PAS_HIG_RUR,2024,0.0
RE1,DEMRESELCWHT_PAS_HIG_RUR,2025,0.0
RE1,DEMRESELCWHT_PAS_HIG_RUR,2026,0.0
RE1,DEMRESELCWHT_PAS_HIG_RUR,2027,0.0
RE1,DEMRESELCWHT_PAS_HIG_RUR,2028,0.0
RE1,DEMRESELCWHT_PAS_HIG_RUR,2029,0.0
RE1,DEMRESELCWHT_PAS_HIG_RUR,2030,0.0
RE1,DEMRESELCWHT_PAS_HIG_RUR,2031,0.0
RE1,DEMRESELCWHT_PAS_HIG_RUR,2032,0.0
RE1,DEMRESELCWHT_PAS_HIG_RUR,2033,0.0
RE1,DEMRESELCWHT_PAS_HIG_RUR,2034,0.0
RE1,DEMRESELCWHT_PAS_HIG_RUR,2035,0.0
RE1,DEMRESELCWHT_PAS_HIG_RUR,2036,0.0
RE1,DEMRESELCWHT_PAS_HIG_RUR,2037,0.0
RE1,DEMRESELCWHT_PAS_HIG_RUR,2038,0.0
RE1,DEMRESELCWHT_PAS_HIG_RUR,2039,0.0
RE1,DEMRESELCWHT_PAS_HIG_RUR,2040,0.0
RE1,DEMRESELCWHT_PAS_HIG_RUR,2041,0.0
RE1,DEMRESELCWHT_PAS_HIG_RUR,2042,0.0
RE1,DEMRESELCWHT_PAS_HIG_RUR,2043,0.0
RE1,DEMRESELCWHT_PAS_HIG_RUR,2044,0.0
RE1,DEMRESELCWHT_PAS_HIG_RUR,2045,0.0
RE1,DEMRESELCWHT_PAS_HIG_RUR,2046,0.0
RE1,DEMRESELCWHT_PAS_HIG_RUR,2047,0.0
RE1,DEMRESELCWHT_PAS_HIG_RUR,2048,0.0
RE1,DEMRESELCWHT_PAS_HIG_RUR,2049,0.0
RE1,DEMRESELCWHT_PAS_HIG_RUR,2050,0.0
RE1,DEMRESELCWHT_PAS_HIG_RUR,2051,0.0
RE1,DEMRESELCWHT_PAS_HIG_RUR,2052,0.0
RE1,DEMRESELCWHT_PAS_HIG_RUR,2053,0.0
RE1,DEMRESELCWHT_PAS_HIG_RUR,2054,0.0
RE1,DEMRESELCWHT_PAS_HIG_RUR,2055,0.0
RE1,DEMRESELCWHT_PAS_HIG_URB,2022,0.0
RE1,DEMRESELCWHT_PAS_HIG_URB,2023,0.0
RE1,DEMRESELCWHT_PAS_HIG_URB,2024,0.0
RE1,DEMRESELCWHT_PAS_HIG_URB,2025,0.0
RE1,DEMRESELCWHT_PAS_HIG_URB,2026,0.0
RE1,DEMRESELCWHT_PAS_HIG_URB,2027,0.0
RE1,DEMRESELCWHT_PAS_HIG_URB,2028,0.0
RE1,DEMRESELCWHT_PAS_HIG_URB,2029,0.0
RE1,DEMRESELCWHT_PAS_HIG_URB,2030,0.0
RE1,DEMRESELCWHT_PAS_HIG_URB,2031,0.0
RE1,DEMRESELCWHT_PAS_HIG_URB,2032,0.0
RE1,DEMRESELCWHT_PAS_HIG_URB,2033,0.0
RE1,DEMRESELCWHT_PAS_HIG_URB,2034,0.0
RE1,DEMRESELCWHT_PAS_HIG_URB,2035,0.0
RE1,DEMRESELCWHT_PAS_HIG_URB,2036,0.0
RE1,DEMRESELCWHT_PAS_HIG_URB,2037,0.0
RE1,DEMRESELCWHT_PAS_HIG_URB,2038,0.0
RE1,DEMRESELCWHT_PAS_HIG_URB,2039,0.0
RE1,DEMRESELCWHT_PAS_HIG_URB,2040,0.0
RE1,DEMRESELCWHT_PAS_HIG_URB,2041,0.0
RE1,DEMRESELCWHT_PAS_HIG_URB,2042,0.0
RE1,DEMRESELCWHT_PAS_HIG_URB,2043,0.0
RE1,DEMRESELCWHT_PAS_HIG_URB,2044,0.0
RE1,DEMRESELCWHT_PAS_HIG_URB,2045,0.0
RE1,DEMRESELCWHT_PAS_HIG_URB,2046,0.0
RE1,DEMRESELCWHT_PAS_HIG_URB,2047,0.0
RE1,DEMRESELCWHT_PAS_HIG_URB,2048,0.0
RE1,DEMRESELCWHT_PAS_HIG_URB,2049,0.0
RE1,DEMRESELCWHT_PAS_HIG_URB,2050,0.0
RE1,DEMRESELCWHT_PAS_HIG_URB,2051,0.0
RE1,DEMRESELCWHT_PAS_HIG_URB,2052,0.0
RE1,DEMRESELCWHT_PAS_HIG_URB,2053,0.0
RE1,DEMRESELCWHT_PAS_HIG_URB,2054,0.0
RE1,DEMRESELCWHT_PAS_HIG_URB,2055,0.0
RE1,DEMRESELCWHT_PAS_LOW_RUR,2022,0.1200204132432166
RE1,DEMRESELCWHT_PAS_LOW_RUR,2023,0.1293328448364311
RE1,DEMRESELCWHT_PAS_LOW_RUR,2024,0.1301831649164512
RE1,DEMRESELCWHT_PAS_LOW_RUR,2025,0.1288568914171575
RE1,DEMRESELCWHT_PAS_LOW_RUR,2026,0.1261778500063393
RE1,DEMRESELCWHT_PAS_LOW_RUR,2027,0.0
RE1,DEMRESELCWHT_PAS_LOW_RUR,2028,0.0
RE1,DEMRESELCWHT_PAS_LOW_RUR,2029,0.0
RE1,DEMRESELCWHT_PAS_LOW_RUR,2030,0.0
RE1,DEMRESELCWHT_PAS_LOW_RUR,2031,0.0
RE1,DEMRESELCWHT_PAS_LOW_RUR,2032,0.0
RE1,DEMRESELCWHT_PAS_LOW_RUR,2033,0.0
RE1,DEMRESELCWHT_PAS_LOW_RUR,2034,0.0
RE1,DEMRESELCWHT_PAS_LOW_RUR,2035,0.0
RE1,DEMRESELCWHT_PAS_LOW_RUR,2036,0.0
RE1,DEMRESELCWHT_PAS_LOW_RUR,2037,0.0
RE1,DEMRESELCWHT_PAS_LOW_RUR,2038,0.0
RE1,DEMRESELCWHT_PAS_LOW_RUR,2039,0.0
RE1,DEMRESELCWHT_PAS_LOW_RUR,2040,0.0
RE1,DEMRESELCWHT_PAS_LOW_RUR,2041,0.0
RE1,DEMRESELCWHT_PAS_LOW_RUR,2042,0.0
RE1,DEMRESELCWHT_PAS_LOW_RUR,2043,0.0
RE1,DEMRESELCWHT_PAS_LOW_RUR,2044,0.0
RE1,DEMRESELCWHT_PAS_LOW_RUR,2045,0.0
RE1,DEMRESELCWHT_PAS_LOW_RUR,2046,0.0
RE1,DEMRESELCWHT_PAS_LOW_RUR,2047,0.0
RE1,DEMRESELCWHT_PAS_LOW_RUR,2048,0.0
RE1,DEMRESELCWHT_PAS_LOW_RUR,2049,0.0
RE1,DEMRESELCWHT_PAS_LOW_RUR,2050,0.0
RE1,DEMRESELCWHT_PAS_LOW_RUR,2051,0.0
RE1,DEMRESELCWHT_PAS_LOW_RUR,2052,0.0
RE1,DEMRESELCWHT_PAS_LOW_RUR,2053,0.0
RE1,DEMRESELCWHT_PAS_LOW_RUR,2054,0.0
RE1,DEMRESELCWHT_PAS_LOW_RUR,2055,0.0
RE1,DEMRESELCWHT_PAS_LOW_URB,2022,0.793951520320131
RE1,DEMRESELCWHT_PAS_LOW_URB,2023,0.8165007582570409
RE1,DEMRESELCWHT_PAS_LOW_URB,2024,0.8295718820190824
RE1,DEMRESELCWHT_PAS_LOW_URB,2025,0.8211204113270987
RE1,DEMRESELCWHT_PAS_LOW_URB,2026,0.8040486384399834
RE1,DEMRESELCWHT_PAS_LOW_URB,2027,0.0
RE1,DEMRESELCWHT_PAS_LOW_URB,2028,0.0
RE1,DEMRESELCWHT_PAS_LOW_URB,2029,0.0
RE1,DEMRESELCWHT_PAS_LOW_URB,2030,0.0
RE1,DEMRESELCWHT_PAS_LOW_URB,2031,0.0
RE1,DEMRESELCWHT_PAS_LOW_URB,2032,0.0
RE1,DEMRESELCWHT_PAS_LOW_URB,2033,0.0
RE1,DEMRESELCWHT_PAS_LOW_URB,2034,0.0
RE1,DEMRESELCWHT_PAS_LOW_URB,2035,0.0
RE1,DEMRESELCWHT_PAS_LOW_URB,2036,0.0
RE1,DEMRESELCWHT_PAS_LOW_URB,2037,0.0
RE1,DEMRESELCWHT_PAS_LOW_URB,2038,0.0
RE1,DEMRESELCWHT_PAS_LOW_URB,2039,0.0
RE1,DEMRESELCWHT_PAS_LOW_URB,2040,0.0
RE1,DEMRESELCWHT_PAS_LOW_URB,2041,0.0
RE1,DEMRESELCWHT_PAS_LOW_URB,2042,0.0
RE1,DEMRESELCWHT_PAS_LOW_URB,2043,0.0
RE1,DEMRESELCWHT_PAS_LOW_URB,2044,0.0
RE1,DEMRESELCWHT_PAS_LOW_URB,2045,0.0
RE1,DEMRESELCWHT_PAS_LOW_URB,2046,0.0
RE1,DEMRESELCWHT_PAS_LOW_URB,2047,0.0
RE1,DEMRESELCWHT_PAS_LOW_URB,2048,0.0
RE1,DEMRESELCWHT_PAS_LOW_URB,2049,0.0
RE1,DEMRESELCWHT_PAS_LOW_URB,2050,0.0
RE1,DEMRESELCWHT_PAS_LOW_URB,2051,0.0
RE1,DEMRESELCWHT_PAS_LOW_URB,2052,0.0
RE1,DEMRESELCWHT_PAS_LOW_URB,2053,0.0
RE1,DEMRESELCWHT_PAS_LOW_URB,2054,0.0
RE1,DEMRESELCWHT_PAS_LOW_URB,2055,0.0
RE1,DEMRESELCWHT_PAS_MID_RUR,2022,0.0008270545189772448
RE1,DEMRESELCWHT_PAS_MID_RUR,2023,0.001221303716768138
RE1,DEMRESELCWHT_PAS_MID_RUR,2024,0.00294614455343798
RE1,DEMRESELCWHT_PAS_MID_RUR,2025,0.002916129970148192
RE1,DEMRESELCWHT_PAS_MID_RUR,2026,0.002855501214763558
RE1,DEMRESELCWHT_PAS_MID_RUR,2027,0.0
RE1,DEMRESELCWHT_PAS_MID_RUR,2028,0.0
RE1,DEMRESELCWHT_PAS_MID_RUR,2029,0.0
RE1,DEMRESELCWHT_PAS_MID_RUR,2030,0.0
RE1,DEMRESELCWHT_PAS_MID_RUR,2031,0.0
RE1,DEMRESELCWHT_PAS_MID_RUR,2032,0.0
RE1,DEMRESELCWHT_PAS_MID_RUR,2033,0.0
RE1,DEMRESELCWHT_PAS_MID_RUR,2034,0.0
RE1,DEMRESELCWHT_PAS_MID_RUR,2035,0.0
RE1,DEMRESELCWHT_PAS_MID_RUR,2036,0.0
RE1,DEMRESELCWHT_PAS_MID_RUR,2037,0.0
RE1,DEMRESELCWHT_PAS_MID_RUR,2038,0.0
RE1,DEMRESELCWHT_PAS_MID_RUR,2039,0.0
RE1,DEMRESELCWHT_PAS_MID_RUR,2040,0.0
RE1,DEMRESELCWHT_PAS_MID_RUR,2041,0.0
RE1,DEMRESELCWHT_PAS_MID_RUR,2042,0.0
RE1,DEMRESELCWHT_PAS_MID_RUR,2043,0.0
RE1,DEMRESELCWHT_PAS_MID_RUR,2044,0.0
RE1,DEMRESELCWHT_PAS_MID_RUR,2045,0.0
RE1,DEMRESELCWHT_PAS_MID_RUR,2046,0.0
RE1,DEMRESELCWHT_PAS_MID_RUR,2047,0.0
RE1,DEMRESELCWHT_PAS_MID_RUR,2048,0.0
RE1,DEMRESELCWHT_PAS_MID_RUR,2049,0.0
RE1,DEMRESELCWHT_PAS_MID_RUR,2050,0.0
RE1,DEMRESELCWHT_PAS_MID_RUR,2051,0.0
RE1,DEMRESELCWHT_PAS_MID_RUR,2052,0.0
RE1,DEMRESELCWHT_PAS_MID_RUR,2053,0.0
RE1,DEMRESELCWHT_PAS_MID_RUR,2054,0.0
RE1,DEMRESELCWHT_PAS_MID_RUR,2055,0.0
RE1,DEMRESELCWHT_PAS_MID_URB,2022,0.005471079252151559
RE1,DEMRESELCWHT_PAS_MID_URB,2023,0.007710302916977456
RE1,DEMRESELCWHT_PAS_MID_URB,2024,0.01877384593825436
RE1,DEMRESELCWHT_PAS_MID_URB,2025,0.01858258269493325
RE1,DEMRESELCWHT_PAS_MID_URB,2026,0.01819623542229485
RE1,DEMRESELCWHT_PAS_MID_URB,2027,0.0
RE1,DEMRESELCWHT_PAS_MID_URB,2028,0.0
RE1,DEMRESELCWHT_PAS_MID_URB,2029,0.0
RE1,DEMRESELCWHT_PAS_MID_URB,2030,0.0
RE1,DEMRESELCWHT_PAS_MID_URB,2031,0.0
RE1,DEMRESELCWHT_PAS_MID_URB,2032,0.0
RE1,DEMRESELCWHT_PAS_MID_URB,2033,0.0
RE1,DEMRESELCWHT_PAS_MID_URB,2034,0.0
RE1,DEMRESELCWHT_PAS_MID_URB,2035,0.0
RE1,DEMRESELCWHT_PAS_MID_URB,2036,0.0
RE1,DEMRESELCWHT_PAS_MID_URB,2037,0.0
RE1,DEMRESELCWHT_PAS_MID_URB,2038,0.0
RE1,DEMRESELCWHT_PAS_MID_URB,2039,0.0
RE1,DEMRESELCWHT_PAS_MID_URB,2040,0.0
RE1,DEMRESELCWHT_PAS_MID_URB,2041,0.0
RE1,DEMRESELCWHT_PAS_MID_URB,2042,0.0
RE1,DEMRESELCWHT_PAS_MID_URB,2043,0.0
RE1,DEMRESELCWHT_PAS_MID_URB,2044,0.0
RE1,DEMRESELCWHT_PAS_MID_URB,2045,0.0
RE1,DEMRESELCWHT_PAS_MID_URB,2046,0.0
RE1,DEMRESELCWHT_PAS_MID_URB,2047,0.0
RE1,DEMRESELCWHT_PAS_MID_URB,2048,0.0
RE1,DEMRESELCWHT_PAS_MID_URB,2049,0.0
RE1,DEMRESELCWHT_PAS_MID_URB,2050,0.0
RE1,DEMRESELCWHT_PAS_MID_URB,2051,0.0
RE1,DEMRESELCWHT_PAS_MID_URB,2052,0.0
RE1,DEMRESELCWHT_PAS_MID_URB,2053,0.0
RE1,DEMRESELCWHT_PAS_MID_URB,2054,0.0
RE1,DEMRESELCWHT_PAS_MID_URB,2055,0.0
RE1,DEMRESELCWHT_TAN_HIG_RUR,2022,0.0
RE1,DEMRESELCWHT_TAN_HIG_RUR,2023,0.0
RE1,DEMRESELCWHT_TAN_HIG_RUR,2024,0.0
RE1,DEMRESELCWHT_TAN_HIG_RUR,2025,0.0
RE1,DEMRESELCWHT_TAN_HIG_RUR,2026,0.0
RE1,DEMRESELCWHT_TAN_HIG_RUR,2027,0.0
RE1,DEMRESELCWHT_TAN_HIG_RUR,2028,0.0
RE1,DEMRESELCWHT_TAN_HIG_RUR,2029,0.0
RE1,DEMRESELCWHT_TAN_HIG_RUR,2030,0.0
RE1,DEMRESELCWHT_TAN_HIG_RUR,2031,0.0
RE1,DEMRESELCWHT_TAN_HIG_RUR,2032,0.0
RE1,DEMRESELCWHT_TAN_HIG_RUR,2033,0.0
RE1,DEMRESELCWHT_TAN_HIG_RUR,2034,0.0
RE1,DEMRESELCWHT_TAN_HIG_RUR,2035,0.0
RE1,DEMRESELCWHT_TAN_HIG_RUR,2036,0.0
RE1,DEMRESELCWHT_TAN_HIG_RUR,2037,0.0
RE1,DEMRESELCWHT_TAN_HIG_RUR,2038,0.0
RE1,DEMRESELCWHT_TAN_HIG_RUR,2039,0.0
RE1,DEMRESELCWHT_TAN_HIG_RUR,2040,0.0
RE1,DEMRESELCWHT_TAN_HIG_RUR,2041,0.0
RE1,DEMRESELCWHT_TAN_HIG_RUR,2042,0.0
RE1,DEMRESELCWHT_TAN_HIG_RUR,2043,0.0
RE1,DEMRESELCWHT_TAN_HIG_RUR,2044,0.0
RE1,DEMRESELCWHT_TAN_HIG_RUR,2045,0.0
RE1,DEMRESELCWHT_TAN_HIG_RUR,2046,0.0
RE1,DEMRESELCWHT_TAN_HIG_RUR,2047,0.0
RE1,DEMRESELCWHT_TAN_HIG_RUR,2048,0.0
RE1,DEMRESELCWHT_TAN_HIG_RUR,2049,0.0
RE1,DEMRESELCWHT_TAN_HIG_RUR,2050,0.0
RE1,DEMRESELCWHT_TAN_HIG_RUR,2051,0.0
RE1,DEMRESELCWHT_TAN_HIG_RUR,2052,0.0
RE1,DEMRESELCWHT_TAN_HIG_RUR,2053,0.0
RE1,DEMRESELCWHT_TAN_HIG_RUR,2054,0.0
RE1,DEMRESELCWHT_TAN_HIG_RUR,2055,0.0
RE1,DEMRESELCWHT_TAN_HIG_URB,2022,0.0
RE1,DEMRESELCWHT_TAN_HIG_URB,2023,0.0
RE1,DEMRESELCWHT_TAN_HIG_URB,2024,0.0
RE1,DEMRESELCWHT_TAN_HIG_URB,2025,0.0
RE1,DEMRESELCWHT_TAN_HIG_URB,2026,0.0
RE1,DEMRESELCWHT_TAN_HIG_URB,2027,0.0
RE1,DEMRESELCWHT_TAN_HIG_URB,2028,0.0
RE1,DEMRESELCWHT_TAN_HIG_URB,2029,0.0
RE1,DEMRESELCWHT_TAN_HIG_URB,2030,0.0
RE1,DEMRESELCWHT_TAN_HIG_URB,2031,0.0
RE1,DEMRESELCWHT_TAN_HIG_URB,2032,0.0
RE1,DEMRESELCWHT_TAN_HIG_URB,2033,0.0
RE1,DEMRESELCWHT_TAN_HIG_URB,2034,0.0
RE1,DEMRESELCWHT_TAN_HIG_URB,2035,0.0
RE1,DEMRESELCWHT_TAN_HIG_URB,2036,0.0
RE1,DEMRESELCWHT_TAN_HIG_URB,2037,0.0
RE1,DEMRESELCWHT_TAN_HIG_URB,2038,0.0
RE1,DEMRESELCWHT_TAN_HIG_URB,2039,0.0
RE1,DEMRESELCWHT_TAN_HIG_URB,2040,0.0
RE1,DEMRESELCWHT_TAN_HIG_URB,2041,0.0
RE1,DEMRESELCWHT_TAN_HIG_URB,2042,0.0
RE1,DEMRESELCWHT_TAN_HIG_URB,2043,0.0
RE1,DEMRESELCWHT_TAN_HIG_URB,2044,0.0
RE1,DEMRESELCWHT_TAN_HIG_URB,2045,0.0
RE1,DEMRESELCWHT_TAN_HIG_URB,2046,0.0
RE1,DEMRESELCWHT_TAN_HIG_URB,2047,0.0
RE1,DEMRESELCWHT_TAN_HIG_URB,2048,0.0
RE1,DEMRESELCWHT_TAN_HIG_URB,2049,0.0
RE1,DEMRESELCWHT_TAN_HIG_URB,2050,0.0
RE1,DEMRESELCWHT_TAN_HIG_URB,2051,0.0
RE1,DEMRESELCWHT_TAN_HIG_URB,2052,0.0
RE1,DEMRESELCWHT_TAN_HIG_URB,2053,0.0
RE1,DEMRESELCWHT_TAN_HIG_URB,2054,0.0
RE1,DEMRESELCWHT_TAN_HIG_URB,2055,0.0
RE1,DEMRESELCWHT_TAN_LOW_RUR,2022,0.0
RE1,DEMRESELCWHT_TAN_LOW_RUR,2023,0.0
RE1,DEMRESELCWHT_TAN_LOW_RUR,2024,0.0
RE1,DEMRESELCWHT_TAN_LOW_RUR,2025,0.0
RE1,DEMRESELCWHT_TAN_LOW_RUR,2026,0.0
RE1,DEMRESELCWHT_TAN_LOW_RUR,2027,0.0
RE1,DEMRESELCWHT_TAN_LOW_RUR,2028,0.0
RE1,DEMRESELCWHT_TAN_LOW_RUR,2029,0.0
RE1,DEMRESELCWHT_TAN_LOW_RUR,2030,0.0
RE1,DEMRESELCWHT_TAN_LOW_RUR,2031,0.0
RE1,DEMRESELCWHT_TAN_LOW_RUR,2032,0.0
RE1,DEMRESELCWHT_TAN_LOW_RUR,2033,0.0
RE1,DEMRESELCWHT_TAN_LOW_RUR,2034,0.0
RE1,DEMRESELCWHT_TAN_LOW_RUR,2035,0.0
RE1,DEMRESELCWHT_TAN_LOW_RUR,2036,0.0
RE1,DEMRESELCWHT_TAN_LOW_RUR,2037,0.0
RE1,DEMRESELCWHT_TAN_LOW_RUR,2038,0.0
RE1,DEMRESELCWHT_TAN_LOW_RUR,2039,0.0
RE1,DEMRESELCWHT_TAN_LOW_RUR,2040,0.0
RE1,DEMRESELCWHT_TAN_LOW_RUR,2041,0.0
RE1,DEMRESELCWHT_TAN_LOW_RUR,2042,0.0
RE1,DEMRESELCWHT_TAN_LOW_RUR,2043,0.0
RE1,DEMRESELCWHT_TAN_LOW_RUR,2044,0.0
RE1,DEMRESELCWHT_TAN_LOW_RUR,2045,0.0
RE1,DEMRESELCWHT_TAN_LOW_RUR,2046,0.0
RE1,DEMRESELCWHT_TAN_LOW_RUR,2047,0.0
RE1,DEMRESELCWHT_TAN_LOW_RUR,2048,0.0
RE1,DEMRESELCWHT_TAN_LOW_RUR,2049,0.0
RE1,DEMRESELCWHT_TAN_LOW_RUR,2050,0.0
RE1,DEMRESELCWHT_TAN_LOW_RUR,2051,0.0
RE1,DEMRESELCWHT_TAN_LOW_RUR,2052,0.0
RE1,DEMRESELCWHT_TAN_LOW_RUR,2053,0.0
RE1,DEMRESELCWHT_TAN_LOW_RUR,2054,0.0
RE1,DEMRESELCWHT_TAN_LOW_RUR,2055,0.0
RE1,DEMRESELCWHT_TAN_LOW_URB,2022,0.3576543024353392
RE1,DEMRESELCWHT_TAN_LOW_URB,2023,0.3678121417471426
RE1,DEMRESELCWHT_TAN_LOW_URB,2024,0.3737003396175541
RE1,DEMRESELCWHT_TAN_LOW_URB,2025,0.3698931740948086
RE1,DEMRESELCWHT_TAN_LOW_URB,2026,0.3622027888924302
RE1,DEMRESELCWHT_TAN_LOW_URB,2027,0.0
RE1,DEMRESELCWHT_TAN_LOW_URB,2028,0.0
RE1,DEMRESELCWHT_TAN_LOW_URB,2029,0.0
RE1,DEMRESELCWHT_TAN_LOW_URB,2030,0.0
RE1,DEMRESELCWHT_TAN_LOW_URB,2031,0.0
RE1,DEMRESELCWHT_TAN_LOW_URB,2032,0.0
RE1,DEMRESELCWHT_TAN_LOW_URB,2033,0.0
RE1,DEMRESELCWHT_TAN_LOW_URB,2034,0.0
RE1,DEMRESELCWHT_TAN_LOW_URB,2035,0.0
RE1,DEMRESELCWHT_TAN_LOW_URB,2036,0.0
RE1,DEMRESELCWHT_TAN_LOW_URB,2037,0.0
RE1,DEMRESELCWHT_TAN_LOW_URB,2038,0.0
RE1,DEMRESELCWHT_TAN_LOW_URB,2039,0.0
RE1,DEMRESELCWHT_TAN_LOW_URB,2040,0.0
RE1,DEMRESELCWHT_TAN_LOW_URB,2041,0.0
RE1,DEMRESELCWHT_TAN_LOW_URB,2042,0.0
RE1,DEMRESELCWHT_TAN_LOW_URB,2043,0.0
RE1,DEMRESELCWHT_TAN_LOW_URB,2044,0.0
RE1,DEMRESELCWHT_TAN_LOW_URB,2045,0.0
RE1,DEMRESELCWHT_TAN_LOW_URB,2046,0.0
RE1,DEMRESELCWHT_TAN_LOW_URB,2047,0.0
RE1,DEMRESELCWHT_TAN_LOW_URB,2048,0.0
RE1,DEMRESELCWHT_TAN_LOW_URB,2049,0.0
RE1,DEMRESELCWHT_TAN_LOW_URB,2050,0.0
RE1,DEMRESELCWHT_TAN_LOW_URB,2051,0.0
RE1,DEMRESELCWHT_TAN_LOW_URB,2052,0.0
RE1,DEMRESELCWHT_TAN_LOW_URB,2053,0.0
RE1,DEMRESELCWHT_TAN_LOW_URB,2054,0.0
RE1,DEMRESELCWHT_TAN_LOW_URB,2055,0.0
RE1,DEMRESELCWHT_TAN_MID_RUR,2022,0.0
RE1,DEMRESELCWHT_TAN_MID_RUR,2023,0.0
RE1,DEMRESELCWHT_TAN_MID_RUR,2024,0.0
RE1,DEMRESELCWHT_TAN_MID_RUR,2025,0.0
RE1,DEMRESELCWHT_TAN_MID_RUR,2026,0.0
RE1,DEMRESELCWHT_TAN_MID_RUR,2027,0.0
RE1,DEMRESELCWHT_TAN_MID_RUR,2028,0.0
RE1,DEMRESELCWHT_TAN_MID_RUR,2029,0.0
RE1,DEMRESELCWHT_TAN_MID_RUR,2030,0.0
RE1,DEMRESELCWHT_TAN_MID_RUR,2031,0.0
RE1,DEMRESELCWHT_TAN_MID_RUR,2032,0.0
RE1,DEMRESELCWHT_TAN_MID_RUR,2033,0.0
RE1,DEMRESELCWHT_TAN_MID_RUR,2034,0.0
RE1,DEMRESELCWHT_TAN_MID_RUR,2035,0.0
RE1,DEMRESELCWHT_TAN_MID_RUR,2036,0.0
RE1,DEMRESELCWHT_TAN_MID_RUR,2037,0.0
RE1,DEMRESELCWHT_TAN_MID_RUR,2038,0.0
RE1,DEMRESELCWHT_TAN_MID_RUR,2039,0.0
RE1,DEMRESELCWHT_TAN_MID_RUR,2040,0.0
RE1,DEMRESELCWHT_TAN_MID_RUR,2041,0.0
RE1,DEMRESELCWHT_TAN_MID_RUR,2042,0.0
RE1,DEMRESELCWHT_TAN_MID_RUR,2043,0.0
RE1,DEMRESELCWHT_TAN_MID_RUR,2044,0.0
RE1,DEMRESELCWHT_TAN_MID_RUR,2045,0.0
RE1,DEMRESELCWHT_TAN_MID_RUR,2046,0.0
RE1,DEMRESELCWHT_TAN_MID_RUR,2047,0.0
RE1,DEMRESELCWHT_TAN_MID_RUR,2048,0.0
RE1,DEMRESELCWHT_TAN_MID_RUR,2049,0.0
RE1,DEMRESELCWHT_TAN_MID_RUR,2050,0.0
RE1,DEMRESELCWHT_TAN_MID_RUR,2051,0.0
RE1,DEMRESELCWHT_TAN_MID_RUR,2052,0.0
RE1,DEMRESELCWHT_TAN_MID_RUR,2053,0.0
RE1,DEMRESELCWHT_TAN_MID_RUR,2054,0.0
RE1,DEMRESELCWHT_TAN_MID_RUR,2055,0.0
RE1,DEMRESELCWHT_TAN_MID_URB,2022,0.00246457747534476
RE1,DEMRESELCWHT_TAN_MID_URB,2023,0.003473288910920939
RE1,DEMRESELCWHT_TAN_MID_URB,2024,0.008457124397680479
RE1,DEMRESELCWHT_TAN_MID_URB,2025,0.008370965331137029
RE1,DEMRESELCWHT_TAN_MID_URB,2026,0.008196926034332653
RE1,DEMRESELCWHT_TAN_MID_URB,2027,0.0
RE1,DEMRESELCWHT_TAN_MID_URB,2028,0.0
RE1,DEMRESELCWHT_TAN_MID_URB,2029,0.0
RE1,DEMRESELCWHT_TAN_MID_URB,2030,0.0
RE1,DEMRESELCWHT_TAN_MID_URB,2031,0.0
RE1,DEMRESELCWHT_TAN_MID_URB,2032,0.0
RE1,DEMRESELCWHT_TAN_MID_URB,2033,0.0
RE1,DEMRESELCWHT_TAN_MID_URB,2034,0.0
RE1,DEMRESELCWHT_TAN_MID_URB,2035,0.0
RE1,DEMRESELCWHT_TAN_MID_URB,2036,0.0
RE1,DEMRESELCWHT_TAN_MID_URB,2037,0.0
RE1,DEMRESELCWHT_TAN_MID_URB,2038,0.0
RE1,DEMRESELCWHT_TAN_MID_URB,2039,0.0
RE1,DEMRESELCWHT_TAN_MID_URB,2040,0.0
RE1,DEMRESELCWHT_TAN_MID_URB,2041,0.0
RE1,DEMRESELCWHT_TAN_MID_URB,2042,0.0
RE1,DEMRESELCWHT_TAN_MID_URB,2043,0.0
RE1,DEMRESELCWHT_TAN_MID_URB,2044,0.0
RE1,DEMRESELCWHT_TAN_MID_URB,2045,0.0
RE1,DEMRESELCWHT_TAN_MID_URB,2046,0.0
RE1,DEMRESELCWHT_TAN_MID_URB,2047,0.0
RE1,DEMRESELCWHT_TAN_MID_URB,2048,0.0
RE1,DEMRESELCWHT_TAN_MID_URB,2049,0.0
RE1,DEMRESELCWHT_TAN_MID_URB,2050,0.0
RE1,DEMRESELCWHT_TAN_MID_URB,2051,0.0
RE1,DEMRESELCWHT_TAN_MID_URB,2052,0.0
RE1,DEMRESELCWHT_TAN_MID_URB,2053,0.0
RE1,DEMRESELCWHT_TAN_MID_URB,2054,0.0
RE1,DEMRESELCWHT_TAN_MID_URB,2055,0.0
RE1,DEMRESELCWSH_HIG_RUR,2022,0.0
RE1,DEMRESELCWSH_HIG_RUR,2023,0.0
RE1,DEMRESELCWSH_HIG_RUR,2024,0.0
RE1,DEMRESELCWSH_HIG_RUR,2025,0.0
RE1,DEMRESELCWSH_HIG_RUR,2026,0.0
RE1,DEMRESELCWSH_HIG_RUR,2027,0.0
RE1,DEMRESELCWSH_HIG_RUR,2028,0.0
RE1,DEMRESELCWSH_HIG_RUR,2029,0.0
RE1,DEMRESELCWSH_HIG_RUR,2030,0.0
RE1,DEMRESELCWSH_HIG_RUR,2031,0.0
RE1,DEMRESELCWSH_HIG_RUR,2032,0.0
RE1,DEMRESELCWSH_HIG_RUR,2033,0.0
RE1,DEMRESELCWSH_HIG_RUR,2034,0.0
RE1,DEMRESELCWSH_HIG_RUR,2035,0.0
RE1,DEMRESELCWSH_HIG_RUR,2036,0.0
RE1,DEMRESELCWSH_HIG_RUR,2037,0.0
RE1,DEMRESELCWSH_HIG_RUR,2038,0.0
RE1,DEMRESELCWSH_HIG_RUR,2039,0.0
RE1,DEMRESELCWSH_HIG_RUR,2040,0.0
RE1,DEMRESELCWSH_HIG_RUR,2041,0.0
RE1,DEMRESELCWSH_HIG_RUR,2042,0.0
RE1,DEMRESELCWSH_HIG_RUR,2043,0.0
RE1,DEMRESELCWSH_HIG_RUR,2044,0.0
RE1,DEMRESELCWSH_HIG_RUR,2045,0.0
RE1,DEMRESELCWSH_HIG_RUR,2046,0.0
RE1,DEMRESELCWSH_HIG_RUR,2047,0.0
RE1,DEMRESELCWSH_HIG_RUR,2048,0.0
RE1,DEMRESELCWSH_HIG_RUR,2049,0.0
RE1,DEMRESELCWSH_HIG_RUR,2050,0.0
RE1,DEMRESELCWSH_HIG_RUR,2051,0.0
RE1,DEMRESELCWSH_HIG_RUR,2052,0.0
RE1,DEMRESELCWSH_HIG_RUR,2053,0.0
RE1,DEMRESELCWSH_HIG_RUR,2054,0.0
RE1,DEMRESELCWSH_HIG_RUR,2055,0.0
RE1,DEMRESELCWSH_HIG_URB,2022,0.0
RE1,DEMRESELCWSH_HIG_URB,2023,0.0
RE1,DEMRESELCWSH_HIG_URB,2024,0.0
RE1,DEMRESELCWSH_HIG_URB,2025,0.0
RE1,DEMRESELCWSH_HIG_URB,2026,0.0
RE1,DEMRESELCWSH_HIG_URB,2027,0.0
RE1,DEMRESELCWSH_HIG_URB,2028,0.0
RE1,DEMRESELCWSH_HIG_URB,2029,0.0
RE1,DEMRESELCWSH_HIG_URB,2030,0.0
RE1,DEMRESELCWSH_HIG_URB,2031,0.0
RE1,DEMRESELCWSH_HIG_URB,2032,0.0
RE1,DEMRESELCWSH_HIG_URB,2033,0.0
RE1,DEMRESELCWSH_HIG_URB,2034,0.0
RE1,DEMRESELCWSH_HIG_URB,2035,0.0
RE1,DEMRESELCWSH_HIG_URB,2036,0.0
RE1,DEMRESELCWSH_HIG_URB,2037,0.0
RE1,DEMRESELCWSH_HIG_URB,2038,0.0
RE1,DEMRESELCWSH_HIG_URB,2039,0.0
RE1,DEMRESELCWSH_HIG_URB,2040,0.0
RE1,DEMRESELCWSH_HIG_URB,2041,0.0
RE1,DEMRESELCWSH_HIG_URB,2042,0.0
RE1,DEMRESELCWSH_HIG_URB,2043,0.0
RE1,DEMRESELCWSH_HIG_URB,2044,0.0
RE1,DEMRESELCWSH_HIG_URB,2045,0.0
RE1,DEMRESELCWSH_HIG_URB,2046,0.0
RE1,DEMRESELCWSH_HIG_URB,2047,0.0
RE1,DEMRESELCWSH_HIG_URB,2048,0.0
RE1,DEMRESELCWSH_HIG_URB,2049,0.0
RE1,DEMRESELCWSH_HIG_URB,2050,0.0
RE1,DEMRESELCWSH_HIG_URB,2051,0.0
RE1,DEMRESELCWSH_HIG_URB,2052,0.0
RE1,DEMRESELCWSH_HIG_URB,2053,0.0
RE1,DEMRESELCWSH_HIG_URB,2054,0.0
RE1,DEMRESELCWSH_HIG_URB,2055,0.0
RE1,DEMRESELCWSH_LOW_RUR,2022,0.1544441411669773
RE1,DEMRESELCWSH_LOW_RUR,2023,0.1668073001898465
RE1,DEMRESELCWSH_LOW_RUR,2024,0.1703731787495004
RE1,DEMRESELCWSH_LOW_RUR,2025,0.1686374594488451
RE1,DEMRESELCWSH_LOW_RUR,2026,0.1651313471073947
RE1,DEMRESELCWSH_LOW_RUR,2027,0.0
RE1,DEMRESELCWSH_LOW_RUR,2028,0.0
RE1,DEMRESELCWSH_LOW_RUR,2029,0.0
RE1,DEMRESELCWSH_LOW_RUR,2030,0.0
RE1,DEMRESELCWSH_LOW_RUR,2031,0.0
RE1,DEMRESELCWSH_LOW_RUR,2032,0.0
RE1,DEMRESELCWSH_LOW_RUR,2033,0.0
RE1,DEMRESELCWSH_LOW_RUR,2034,0.0
RE1,DEMRESELCWSH_LOW_RUR,2035,0.0
RE1,DEMRESELCWSH_LOW_RUR,2036,0.0
RE1,DEMRESELCWSH_LOW_RUR,2037,0.0
RE1,DEMRESELCWSH_LOW_RUR,2038,0.0
RE1,DEMRESELCWSH_LOW_RUR,2039,0.0
RE1,DEMRESELCWSH_LOW_RUR,2040,0.0
RE1,DEMRESELCWSH_LOW_RUR,2041,0.0
RE1,DEMRESELCWSH_LOW_RUR,2042,0.0
RE1,DEMRESELCWSH_LOW_RUR,2043,0.0
RE1,DEMRESELCWSH_LOW_RUR,2044,0.0
RE1,DEMRESELCWSH_LOW_RUR,2045,0.0
RE1,DEMRESELCWSH_LOW_RUR,2046,0.0
RE1,DEMRESELCWSH_LOW_RUR,2047,0.0
RE1,DEMRESELCWSH_LOW_RUR,2048,0.0
RE1,DEMRESELCWSH_LOW_RUR,2049,0.0
RE1,DEMRESELCWSH_LOW_RUR,2050,0.0
RE1,DEMRESELCWSH_LOW_RUR,2051,0.0
RE1,DEMRESELCWSH_LOW_RUR,2052,0.0
RE1,DEMRESELCWSH_LOW_RUR,2053,0.0
RE1,DEMRESELCWSH_LOW_RUR,2054,0.0
RE1,DEMRESELCWSH_LOW_RUR,2055,0.0
RE1,DEMRESELCWSH_LOW_URB,2022,1.539239344940752
RE1,DEMRESELCWSH_LOW_URB,2023,1.606581914280776
RE1,DEMRESELCWSH_LOW_URB,2024,1.656305647734671
RE1,DEMRESELCWSH_LOW_URB,2025,1.639431620369222
RE1,DEMRESELCWSH_LOW_URB,2026,1.605346480235311
RE1,DEMRESELCWSH_LOW_URB,2027,0.0
RE1,DEMRESELCWSH_LOW_URB,2028,0.0
RE1,DEMRESELCWSH_LOW_URB,2029,0.0
RE1,DEMRESELCWSH_LOW_URB,2030,0.0
RE1,DEMRESELCWSH_LOW_URB,2031,0.0
RE1,DEMRESELCWSH_LOW_URB,2032,0.0
RE1,DEMRESELCWSH_LOW_URB,2033,0.0
RE1,DEMRESELCWSH_LOW_URB,2034,0.0
RE1,DEMRESELCWSH_LOW_URB,2035,0.0
RE1,DEMRESELCWSH_LOW_URB,2036,0.0
RE1,DEMRESELCWSH_LOW_URB,2037,0.0
RE1,DEMRESELCWSH_LOW_URB,2038,0.0
RE1,DEMRESELCWSH_LOW_URB,2039,0.0
RE1,DEMRESELCWSH_LOW_URB,2040,0.0
RE1,DEMRESELCWSH_LOW_URB,2041,0.0
RE1,DEMRESELCWSH_LOW_URB,2042,0.0
RE1,DEMRESELCWSH_LOW_URB,2043,0.0
RE1,DEMRESELCWSH_LOW_URB,2044,0.0
RE1,DEMRESELCWSH_LOW_URB,2045,0.0
RE1,DEMRESELCWSH_LOW_URB,2046,0.0
RE1,DEMRESELCWSH_LOW_URB,2047,0.0
RE1,DEMRESELCWSH_LOW_URB,2048,0.0
RE1,DEMRESELCWSH_LOW_URB,2049,0.0
RE1,DEMRESELCWSH_LOW_URB,2050,0.0
RE1,DEMRESELCWSH_LOW_URB,2051,0.0
RE1,DEMRESELCWSH_LOW_URB,2052,0.0
RE1,DEMRESELCWSH_LOW_URB,2053,0.0
RE1,DEMRESELCWSH_LOW_URB,2054,0.0
RE1,DEMRESELCWSH_LOW_URB,2055,0.0
RE1,DEMRESELCWSH_MID_RUR,2022,0.001064266664561976
RE1,DEMRESELCWSH_MID_RUR,2023,0.001575178957546077
RE1,DEMRESELCWSH_MID_RUR,2024,0.003855675293705552
RE1,DEMRESELCWSH_MID_RUR,2025,0.003816394638889664
RE1,DEMRESELCWSH_MID_RUR,2026,0.003737048636008761
RE1,DEMRESELCWSH_MID_RUR,2027,0.0
RE1,DEMRESELCWSH_MID_RUR,2028,0.0
RE1,DEMRESELCWSH_MID_RUR,2029,0.0
RE1,DEMRESELCWSH_MID_RUR,2030,0.0
RE1,DEMRESELCWSH_MID_RUR,2031,0.0
RE1,DEMRESELCWSH_MID_RUR,2032,0.0
RE1,DEMRESELCWSH_MID_RUR,2033,0.0
RE1,DEMRESELCWSH_MID_RUR,2034,0.0
RE1,DEMRESELCWSH_MID_RUR,2035,0.0
RE1,DEMRESELCWSH_MID_RUR,2036,0.0
RE1,DEMRESELCWSH_MID_RUR,2037,0.0
RE1,DEMRESELCWSH_MID_RUR,2038,0.0
RE1,DEMRESELCWSH_MID_RUR,2039,0.0
RE1,DEMRESELCWSH_MID_RUR,2040,0.0
RE1,DEMRESELCWSH_MID_RUR,2041,0.0
RE1,DEMRESELCWSH_MID_RUR,2042,0.0
RE1,DEMRESELCWSH_MID_RUR,2043,0.0
RE1,DEMRESELCWSH_MID_RUR,2044,0.0
RE1,DEMRESELCWSH_MID_RUR,2045,0.0
RE1,DEMRESELCWSH_MID_RUR,2046,0.0
RE1,DEMRESELCWSH_MID_RUR,2047,0.0
RE1,DEMRESELCWSH_MID_RUR,2048,0.0
RE1,DEMRESELCWSH_MID_RUR,2049,0.0
RE1,DEMRESELCWSH_MID_RUR,2050,0.0
RE1,DEMRESELCWSH_MID_RUR,2051,0.0
RE1,DEMRESELCWSH_MID_RUR,2052,0.0
RE1,DEMRESELCWSH_MID_RUR,2053,0.0
RE1,DEMRESELCWSH_MID_RUR,2054,0.0
RE1,DEMRESELCWSH_MID_RUR,2055,0.0
RE1,DEMRESELCWSH_MID_URB,2022,0.01060681947029351
RE1,DEMRESELCWSH_MID_URB,2023,0.01517112273904673
RE1,DEMRESELCWSH_MID_URB,2024,0.03748346313468233
RE1,DEMRESELCWSH_MID_URB,2025,0.03710159099438535
RE1,DEMRESELCWSH_MID_URB,2026,0.03633021821340296
RE1,DEMRESELCWSH_MID_URB,2027,0.0
RE1,DEMRESELCWSH_MID_URB,2028,0.0
RE1,DEMRESELCWSH_MID_URB,2029,0.0
RE1,DEMRESELCWSH_MID_URB,2030,0.0
RE1,DEMRESELCWSH_MID_URB,2031,0.0
RE1,DEMRESELCWSH_MID_URB,2032,0.0
RE1,DEMRESELCWSH_MID_URB,2033,0.0
RE1,DEMRESELCWSH_MID_URB,2034,0.0
RE1,DEMRESELCWSH_MID_URB,2035,0.0
RE1,DEMRESELCWSH_MID_URB,2036,0.0
RE1,DEMRESELCWSH_MID_URB,2037,0.0
RE1,DEMRESELCWSH_MID_URB,2038,0.0
RE1,DEMRESELCWSH_MID_URB,2039,0.0
RE1,DEMRESELCWSH_MID_URB,2040,0.0
RE1,DEMRESELCWSH_MID_URB,2041,0.0
RE1,DEMRESELCWSH_MID_URB,2042,0.0
RE1,DEMRESELCWSH_MID_URB,2043,0.0
RE1,DEMRESELCWSH_MID_URB,2044,0.0
RE1,DEMRESELCWSH_MID_URB,2045,0.0
RE1,DEMRESELCWSH_MID_URB,2046,0.0
RE1,DEMRESELCWSH_MID_URB,2047,0.0
RE1,DEMRESELCWSH_MID_URB,2048,0.0
RE1,DEMRESELCWSH_MID_URB,2049,0.0
RE1,DEMRESELCWSH_MID_URB,2050,0.0
RE1,DEMRESELCWSH_MID_URB,2051,0.0
RE1,DEMRESELCWSH_MID_URB,2052,0.0
RE1,DEMRESELCWSH_MID_URB,2053,0.0
RE1,DEMRESELCWSH_MID_URB,2054,0.0
RE1,DEMRESELCWSH_MID_URB,2055,0.0
RE1,DEMRESLPGCKN_HIG_RUR,2022,0.0
RE1,DEMRESLPGCKN_HIG_RUR,2023,0.0
RE1,DEMRESLPGCKN_HIG_RUR,2024,0.0
RE1,DEMRESLPGCKN_HIG_RUR,2025,0.0
RE1,DEMRESLPGCKN_HIG_RUR,2026,0.0
RE1,DEMRESLPGCKN_HIG_RUR,2027,0.0
RE1,DEMRESLPGCKN_HIG_RUR,2028,0.0
RE1,DEMRESLPGCKN_HIG_RUR,2029,0.0
RE1,DEMRESLPGCKN_HIG_RUR,2030,0.0
RE1,DEMRESLPGCKN_HIG_RUR,2031,0.0
RE1,DEMRESLPGCKN_HIG_RUR,2032,0.0
RE1,DEMRESLPGCKN_HIG_RUR,2033,0.0
RE1,DEMRESLPGCKN_HIG_RUR,2034,0.0
RE1,DEMRESLPGCKN_HIG_RUR,2035,0.0
RE1,DEMRESLPGCKN_HIG_RUR,2036,0.0
RE1,DEMRESLPGCKN_HIG_RUR,2037,0.0
RE1,DEMRESLPGCKN_HIG_RUR,2038,0.0
RE1,DEMRESLPGCKN_HIG_RUR,2039,0.0
RE1,DEMRESLPGCKN_HIG_RUR,2040,0.0
RE1,DEMRESLPGCKN_HIG_RUR,2041,0.0
RE1,DEMRESLPGCKN_HIG_RUR,2042,0.0
RE1,DEMRESLPGCKN_HIG_RUR,2043,0.0
RE1,DEMRESLPGCKN_HIG_RUR,2044,0.0
RE1,DEMRESLPGCKN_HIG_RUR,2045,0.0
RE1,DEMRESLPGCKN_HIG_RUR,2046,0.0
RE1,DEMRESLPGCKN_HIG_RUR,2047,0.0
RE1,DEMRESLPGCKN_HIG_RUR,2048,0.0
RE1,DEMRESLPGCKN_HIG_RUR,2049,0.0
RE1,DEMRESLPGCKN_HIG_RUR,2050,0.0
RE1,DEMRESLPGCKN_HIG_RUR,2051,0.0
RE1,DEMRESLPGCKN_HIG_RUR,2052,0.0
RE1,DEMRESLPGCKN_HIG_RUR,2053,0.0
RE1,DEMRESLPGCKN_HIG_RUR,2054,0.0
RE1,DEMRESLPGCKN_HIG_RUR,2055,0.0
RE1,DEMRESLPGCKN_HIG_URB,2022,0.0
RE1,DEMRESLPGCKN_HIG_URB,2023,0.0
RE1,DEMRESLPGCKN_HIG_URB,2024,0.0
RE1,DEMRESLPGCKN_HIG_URB,2025,0.0
RE1,DEMRESLPGCKN_HIG_URB,2026,0.0
RE1,DEMRESLPGCKN_HIG_URB,2027,0.0
RE1,DEMRESLPGCKN_HIG_URB,2028,0.0
RE1,DEMRESLPGCKN_HIG_URB,2029,0.0
RE1,DEMRESLPGCKN_HIG_URB,2030,0.0
RE1,DEMRESLPGCKN_HIG_URB,2031,0.0
RE1,DEMRESLPGCKN_HIG_URB,2032,0.0
RE1,DEMRESLPGCKN_HIG_URB,2033,0.0
RE1,DEMRESLPGCKN_HIG_URB,2034,0.0
RE1,DEMRESLPGCKN_HIG_URB,2035,0.0
RE1,DEMRESLPGCKN_HIG_URB,2036,0.0
RE1,DEMRESLPGCKN_HIG_URB,2037,0.0
RE1,DEMRESLPGCKN_HIG_URB,2038,0.0
RE1,DEMRESLPGCKN_HIG_URB,2039,0.0
RE1,DEMRESLPGCKN_HIG_URB,2040,0.0
RE1,DEMRESLPGCKN_HIG_URB,2041,0.0
RE1,DEMRESLPGCKN_HIG_URB,2042,0.0
RE1,DEMRESLPGCKN_HIG_URB,2043,0.0
RE1,DEMRESLPGCKN_HIG_URB,2044,0.0
RE1,DEMRESLPGCKN_HIG_URB,2045,0.0
RE1,DEMRESLPGCKN_HIG_URB,2046,0.0
RE1,DEMRESLPGCKN_HIG_URB,2047,0.0
RE1,DEMRESLPGCKN_HIG_URB,2048,0.0
RE1,DEMRESLPGCKN_HIG_URB,2049,0.0
RE1,DEMRESLPGCKN_HIG_URB,2050,0.0
RE1,DEMRESLPGCKN_HIG_URB,2051,0.0
RE1,DEMRESLPGCKN_HIG_URB,2052,0.0
RE1,DEMRESLPGCKN_HIG_URB,2053,0.0
RE1,DEMRESLPGCKN_HIG_URB,2054,0.0
RE1,DEMRESLPGCKN_HIG_URB,2055,0.0
RE1,DEMRESLPGCKN_LOW_RUR,2022,5.379451341085683
RE1,DEMRESLPGCKN_LOW_RUR,2023,5.263427902553635
RE1,DEMRESLPGCKN_LOW_RUR,2024,5.402954089719501
RE1,DEMRESLPGCKN_LOW_RUR,2025,5.154968979624345
RE1,DEMRESLPGCKN_LOW_RUR,2026,5.028653278825217
RE1,DEMRESLPGCKN_LOW_RUR,2027,4.881393923173035
RE1,DEMRESLPGCKN_LOW_RUR,2028,4.715647470426564
RE1,DEMRESLPGCKN_LOW_RUR,2029,4.533945543975166
RE1,DEMRESLPGCKN_LOW_RUR,2030,4.338865723894846
RE1,DEMRESLPGCKN_LOW_RUR,2031,4.13299568713004
RE1,DEMRESLPGCKN_LOW_RUR,2032,3.918895177240854
RE1,DEMRESLPGCKN_LOW_RUR,2033,3.699058534544241
RE1,DEMRESLPGCKN_LOW_RUR,2034,3.475879582050692
RE1,DEMRESLPGCKN_LOW_RUR,2035,3.251620101116318
RE1,DEMRESLPGCKN_LOW_RUR,2036,3.028382739238204
RE1,DEMRESLPGCKN_LOW_RUR,2037,2.808088887631577
RE1,DEMRESLPGCKN_LOW_RUR,2038,2.592461812921512
RE1,DEMRESLPGCKN_LOW_RUR,2039,2.383015110773437
RE1,DEMRESLPGCKN_LOW_RUR,2040,2.181046363935123
RE1,DEMRESLPGCKN_LOW_RUR,2041,1.987635731200969
RE1,DEMRESLPGCKN_LOW_RUR,2042,1.803649066877439
RE1,DEMRESLPGCKN_LOW_RUR,2043,1.629745072263742
RE1,DEMRESLPGCKN_LOW_RUR,2044,1.466385910916973
RE1,DEMRESLPGCKN_LOW_RUR,2045,1.313850676867399
RE1,DEMRESLPGCKN_LOW_RUR,2046,1.172251087622031
RE1,DEMRESLPGCKN_LOW_RUR,2047,1.041548779245994
RE1,DEMRESLPGCKN_LOW_RUR,2048,0.9215736060321933
RE1,DEMRESLPGCKN_LOW_RUR,2049,0.8120423888912265
RE1,DEMRESLPGCKN_LOW_RUR,2050,0.7125776110520915
RE1,DEMRESLPGCKN_LOW_RUR,2051,0.6227256233643096
RE1,DEMRESLPGCKN_LOW_RUR,2052,0.5419739909543708
RE1,DEMRESLPGCKN_LOW_RUR,2053,0.4697676849781877
RE1,DEMRESLPGCKN_LOW_RUR,2054,0.4055238948353089
RE1,DEMRESLPGCKN_LOW_RUR,2055,0.4055238948353089
RE1,DEMRESLPGCKN_LOW_URB,2022,7.045468119915508
RE1,DEMRESLPGCKN_LOW_URB,2023,6.897285550067287
RE1,DEMRESLPGCKN_LOW_URB,2024,6.976979150011765
RE1,DEMRESLPGCKN_LOW_URB,2025,6.656749343517684
RE1,DEMRESLPGCKN_LOW_URB,2026,6.493634500015395
RE1,DEMRESLPGCKN_LOW_URB,2027,6.303474554739463
RE1,DEMRESLPGCKN_LOW_URB,2028,6.089441726438941
RE1,DEMRESLPGCKN_LOW_URB,2029,5.854805168119752
RE1,DEMRESLPGCKN_LOW_URB,2030,5.602893377886661
RE1,DEMRESLPGCKN_LOW_URB,2031,5.337047892200741
RE1,DEMRESLPGCKN_LOW_URB,2032,5.060574176396635
RE1,DEMRESLPGCKN_LOW_URB,2033,4.776693238851507
RE1,DEMRESLPGCKN_LOW_URB,2034,4.488496287255757
RE1,DEMRESLPGCKN_LOW_URB,2035,4.198904020379245
RE1,DEMRESLPGCKN_LOW_URB,2036,3.9106316431827
RE1,DEMRESLPGCKN_LOW_URB,2037,3.626160299541315
RE1,DEMRESLPGCKN_LOW_URB,2038,3.347715289747005
RE1,DEMRESLPGCKN_LOW_URB,2039,3.077251160372605
RE1,DEMRESLPGCKN_LOW_URB,2040,2.816443514731834
RE1,DEMRESLPGCKN_LOW_URB,2041,2.566687190771133
RE1,DEMRESLPGCKN_LOW_URB,2042,2.329100289318834
RE1,DEMRESLPGCKN_LOW_URB,2043,2.104533408983466
RE1,DEMRESLPGCKN_LOW_URB,2044,1.893583353929605
RE1,DEMRESLPGCKN_LOW_URB,2045,1.696610525744554
RE1,DEMRESLPGCKN_LOW_URB,2046,1.513759188233659
RE1,DEMRESLPGCKN_LOW_URB,2047,1.34497980102155
RE1,DEMRESLPGCKN_LOW_URB,2048,1.1900526504051
RE1,DEMRESLPGCKN_LOW_URB,2049,1.048612059650865
RE1,DEMRESLPGCKN_LOW_URB,2050,0.9201705312535318
RE1,DEMRESLPGCKN_LOW_URB,2051,0.8041422559295571
RE1,DEMRESLPGCKN_LOW_URB,2052,0.6998655128186776
RE1,DEMRESLPGCKN_LOW_URB,2053,0.606623578326994
RE1,DEMRESLPGCKN_LOW_URB,2054,0.5236638535354279
RE1,DEMRESLPGCKN_LOW_URB,2055,0.5236638535354279
RE1,DEMRESLPGCKN_MID_RUR,2022,0.03706952360051612
RE1,DEMRESLPGCKN_MID_RUR,2023,0.0497031057227556
RE1,DEMRESLPGCKN_MID_RUR,2024,0.1222729818722593
RE1,DEMRESLPGCKN_MID_RUR,2025,0.1166608892340948
RE1,DEMRESLPGCKN_MID_RUR,2026,0.1138022683504968
RE1,DEMRESLPGCKN_MID_RUR,2027,0.1104696765451286
RE1,DEMRESLPGCKN_MID_RUR,2028,0.1067187075982293
RE1,DEMRESLPGCKN_MID_RUR,2029,0.1026066540826497
RE1,DEMRESLPGCKN_MID_RUR,2030,0.09819184860619541
RE1,DEMRESLPGCKN_MID_RUR,2031,0.09353285227652433
RE1,DEMRESLPGCKN_MID_RUR,2032,0.08868759404745043
RE1,DEMRESLPGCKN_MID_RUR,2033,0.08371252274739117
RE1,DEMRESLPGCKN_MID_RUR,2034,0.0786618124212684
RE1,DEMRESLPGCKN_MID_RUR,2035,0.07358664891041307
RE1,DEMRESLPGCKN_MID_RUR,2036,0.06853461673526078
RE1,DEMRESLPGCKN_MID_RUR,2037,0.0635491984480094
RE1,DEMRESLPGCKN_MID_RUR,2038,0.05866939288990573
RE1,DEMRESLPGCKN_MID_RUR,2039,0.05392945388807616
RE1,DEMRESLPGCKN_MID_RUR,2040,0.04935874673216803
RE1,DEMRESLPGCKN_MID_RUR,2041,0.04498171624153264
RE1,DEMRESLPGCKN_MID_RUR,2042,0.04081795736111313
RE1,DEMRESLPGCKN_MID_RUR,2043,0.03688237700491988
RE1,DEMRESLPGCKN_MID_RUR,2044,0.03318543428759652
RE1,DEMRESLPGCKN_MID_RUR,2045,0.02973344532042901
RE1,DEMRESLPGCKN_MID_RUR,2046,0.02652893835601444
RE1,DEMRESLPGCKN_MID_RUR,2047,0.02357104518917555
RE1,DEMRESLPGCKN_MID_RUR,2048,0.02085591529247605
RE1,DEMRESLPGCKN_MID_RUR,2049,0.01837714010661856
RE1,DEMRESLPGCKN_MID_RUR,2050,0.01612617613844532
RE1,DEMRESLPGCKN_MID_RUR,2051,0.01409275696084409
RE1,DEMRESLPGCKN_MID_RUR,2052,0.0122652857808459
RE1,DEMRESLPGCKN_MID_RUR,2053,0.01063120187136241
RE1,DEMRESLPGCKN_MID_RUR,2054,0.00917731578291829
RE1,DEMRESLPGCKN_MID_RUR,2055,0.00917731578291829
RE1,DEMRESLPGCKN_MID_URB,2022,0.04854995987289329
RE1,DEMRESLPGCKN_MID_URB,2023,0.06513179609218284
RE1,DEMRESLPGCKN_MID_URB,2024,0.1578943724055979
RE1,DEMRESLPGCKN_MID_URB,2025,0.150647327053332
RE1,DEMRESLPGCKN_MID_URB,2026,0.1469559134356222
RE1,DEMRESLPGCKN_MID_URB,2027,0.1426524484874754
RE1,DEMRESLPGCKN_MID_URB,2028,0.1378087219444989
RE1,DEMRESLPGCKN_MID_URB,2029,0.1324987172386434
RE1,DEMRESLPGCKN_MID_URB,2030,0.1267977608268191
RE1,DEMRESLPGCKN_MID_URB,2031,0.1207814742339074
RE1,DEMRESLPGCKN_MID_URB,2032,0.114524662667621
RE1,DEMRESLPGCKN_MID_URB,2033,0.108100220010153
RE1,DEMRESLPGCKN_MID_URB,2034,0.1015781026549161
RE1,DEMRESLPGCKN_MID_URB,2035,0.095024408248089
RE1,DEMRESLPGCKN_MID_URB,2036,0.08850058395383961
RE1,DEMRESLPGCKN_MID_URB,2037,0.08206277995501902
RE1,DEMRESLPGCKN_MID_URB,2038,0.07576135649858386
RE1,DEMRESLPGCKN_MID_URB,2039,0.06964054646782357
RE1,DEMRESLPGCKN_MID_URB,2040,0.06373827004680807
RE1,DEMRESLPGCKN_MID_URB,2041,0.05808609348468698
RE1,DEMRESLPGCKN_MID_URB,2042,0.05270932025804803
RE1,DEMRESLPGCKN_MID_URB,2043,0.04762720006372639
RE1,DEMRESLPGCKN_MID_URB,2044,0.04285323903625225
RE1,DEMRESLPGCKN_MID_URB,2045,0.03839559333909091
RE1,DEMRESLPGCKN_MID_URB,2046,0.03425752777245408
RE1,DEMRESLPGCKN_MID_URB,2047,0.03043792119977105
RE1,DEMRESLPGCKN_MID_URB,2048,0.02693180133195825
RE1,DEMRESLPGCKN_MID_URB,2049,0.02373089262496013
RE1,DEMRESLPGCKN_MID_URB,2050,0.02082416263751584
RE1,DEMRESLPGCKN_MID_URB,2051,0.01819835405765904
RE1,DEMRESLPGCKN_MID_URB,2052,0.01583849163640409
RE1,DEMRESLPGCKN_MID_URB,2053,0.0137283553708509
RE1,DEMRESLPGCKN_MID_URB,2054,0.01185091337206217
RE1,DEMRESLPGCKN_MID_URB,2055,0.01185091337206217
RE1,DEMRESNGSCKN_HIG_RUR,2022,0.0
RE1,DEMRESNGSCKN_HIG_RUR,2023,0.0
RE1,DEMRESNGSCKN_HIG_RUR,2024,0.0
RE1,DEMRESNGSCKN_HIG_RUR,2025,0.0
RE1,DEMRESNGSCKN_HIG_RUR,2026,0.0
RE1,DEMRESNGSCKN_HIG_RUR,2027,0.0
RE1,DEMRESNGSCKN_HIG_RUR,2028,0.0
RE1,DEMRESNGSCKN_HIG_RUR,2029,0.0
RE1,DEMRESNGSCKN_HIG_RUR,2030,0.0
RE1,DEMRESNGSCKN_HIG_RUR,2031,0.0
RE1,DEMRESNGSCKN_HIG_RUR,2032,0.0
RE1,DEMRESNGSCKN_HIG_RUR,2033,0.0
RE1,DEMRESNGSCKN_HIG_RUR,2034,0.0
RE1,DEMRESNGSCKN_HIG_RUR,2035,0.0
RE1,DEMRESNGSCKN_HIG_RUR,2036,0.0
RE1,DEMRESNGSCKN_HIG_RUR,2037,0.0
RE1,DEMRESNGSCKN_HIG_RUR,2038,0.0
RE1,DEMRESNGSCKN_HIG_RUR,2039,0.0
RE1,DEMRESNGSCKN_HIG_RUR,2040,0.0
RE1,DEMRESNGSCKN_HIG_RUR,2041,0.0
RE1,DEMRESNGSCKN_HIG_RUR,2042,0.0
RE1,DEMRESNGSCKN_HIG_RUR,2043,0.0
RE1,DEMRESNGSCKN_HIG_RUR,2044,0.0
RE1,DEMRESNGSCKN_HIG_RUR,2045,0.0
RE1,DEMRESNGSCKN_HIG_RUR,2046,0.0
RE1,DEMRESNGSCKN_HIG_RUR,2047,0.0
RE1,DEMRESNGSCKN_HIG_RUR,2048,0.0
RE1,DEMRESNGSCKN_HIG_RUR,2049,0.0
RE1,DEMRESNGSCKN_HIG_RUR,2050,0.0
RE1,DEMRESNGSCKN_HIG_RUR,2051,0.0
RE1,DEMRESNGSCKN_HIG_RUR,2052,0.0
RE1,DEMRESNGSCKN_HIG_RUR,2053,0.0
RE1,DEMRESNGSCKN_HIG_RUR,2054,0.0
RE1,DEMRESNGSCKN_HIG_RUR,2055,0.0
RE1,DEMRESNGSCKN_HIG_URB,2022,0.0
RE1,DEMRESNGSCKN_HIG_URB,2023,0.0
RE1,DEMRESNGSCKN_HIG_URB,2024,0.0
RE1,DEMRESNGSCKN_HIG_URB,2025,0.0
RE1,DEMRESNGSCKN_HIG_URB,2026,0.0
RE1,DEMRESNGSCKN_HIG_URB,2027,0.0
RE1,DEMRESNGSCKN_HIG_URB,2028,0.0
RE1,DEMRESNGSCKN_HIG_URB,2029,0.0
RE1,DEMRESNGSCKN_HIG_URB,2030,1.509647847160908
RE1,DEMRESNGSCKN_HIG_URB,2031,1.591708070641892
RE1,DEMRESNGSCKN_HIG_URB,2032,1.5893365422141
RE1,DEMRESNGSCKN_HIG_URB,2033,1.586465374446635
RE1,DEMRESNGSCKN_HIG_URB,2034,1.583615895949096
RE1,DEMRESNGSCKN_HIG_URB,2035,1.58196797718629
RE1,DEMRESNGSCKN_HIG_URB,2036,1.598420332789521
RE1,DEMRESNGSCKN_HIG_URB,2037,1.600365318099035
RE1,DEMRESNGSCKN_HIG_URB,2038,1.602985383546962
RE1,DEMRESNGSCKN_HIG_URB,2039,1.604834841460819
RE1,DEMRESNGSCKN_HIG_URB,2040,1.608934875635805
RE1,DEMRESNGSCKN_HIG_URB,2041,1.622896771472431
RE1,DEMRESNGSCKN_HIG_URB,2042,1.625136472049762
RE1,DEMRESNGSCKN_HIG_URB,2043,1.6274243802116
RE1,DEMRESNGSCKN_HIG_URB,2044,1.627799094994915
RE1,DEMRESNGSCKN_HIG_URB,2045,1.62953313333995
RE1,DEMRESNGSCKN_HIG_URB,2046,1.638586154616828
RE1,DEMRESNGSCKN_HIG_URB,2047,1.642842220957012
RE1,DEMRESNGSCKN_HIG_URB,2048,1.646831357980331
RE1,DEMRESNGSCKN_HIG_URB,2049,1.63742521916008
RE1,DEMRESNGSCKN_HIG_URB,2050,1.499277866245193
RE1,DEMRESNGSCKN_HIG_URB,2051,0.9925055381855405
RE1,DEMRESNGSCKN_HIG_URB,2052,0.9708146278132648
RE1,DEMRESNGSCKN_HIG_URB,2053,0.9013984184746886
RE1,DEMRESNGSCKN_HIG_URB,2054,0.8766470304331624
RE1,DEMRESNGSCKN_HIG_URB,2055,0.8766470304331624
RE1,DEMRESNGSCKN_LOW_RUR,2022,0.5655196395112164
RE1,DEMRESNGSCKN_LOW_RUR,2023,0.5516015622565257
RE1,DEMRESNGSCKN_LOW_RUR,2024,0.5513467364608685
RE1,DEMRESNGSCKN_LOW_RUR,2025,0.5260409909610114
RE1,DEMRESNGSCKN_LOW_RUR,2026,0.5131510518197772
RE1,DEMRESNGSCKN_LOW_RUR,2027,0.4981239085563082
RE1,DEMRESNGSCKN_LOW_RUR,2028,0.4812102416466423
RE1,DEMRESNGSCKN_LOW_RUR,2029,0.4626683916708578
RE1,DEMRESNGSCKN_LOW_RUR,2030,0.4427613888785684
RE1,DEMRESNGSCKN_LOW_RUR,2031,0.4217532938585998
RE1,DEMRESNGSCKN_LOW_RUR,2032,0.3999053167257534
RE1,DEMRESNGSCKN_LOW_RUR,2033,0.377471993493206
RE1,DEMRESNGSCKN_LOW_RUR,2034,0.3546976028430605
RE1,DEMRESNGSCKN_LOW_RUR,2035,0.3318129492109222
RE1,DEMRESNGSCKN_LOW_RUR,2036,0.3090325981504115
RE1,DEMRESNGSCKN_LOW_RUR,2037,0.286552618841164
RE1,DEMRESNGSCKN_LOW_RUR,2038,0.2645488627551725
RE1,DEMRESNGSCKN_LOW_RUR,2039,0.2431757854026259
RE1,DEMRESNGSCKN_LOW_RUR,2040,0.2225657991641205
RE1,DEMRESNGSCKN_LOW_RUR,2041,0.2028291293009228
RE1,DEMRESNGSCKN_LOW_RUR,2042,0.1840541322821408
RE1,DEMRESNGSCKN_LOW_RUR,2043,0.1663080255605958
RE1,DEMRESNGSCKN_LOW_RUR,2044,0.1496379708120459
RE1,DEMRESNGSCKN_LOW_RUR,2045,0.1340724483049144
RE1,DEMRESNGSCKN_LOW_RUR,2046,0.1196228582994797
RE1,DEMRESNGSCKN_LOW_RUR,2047,0.1062852859317732
RE1,DEMRESNGSCKN_LOW_RUR,2048,0.09404236861111338
RE1,DEMRESNGSCKN_LOW_RUR,2049,0.08286520920748906
RE1,DEMRESNGSCKN_LOW_RUR,2050,0.07271528386224901
RE1,DEMRESNGSCKN_LOW_RUR,2051,0.06354629975586128
RE1,DEMRESNGSCKN_LOW_RUR,2052,0.0553059652548108
RE1,DEMRESNGSCKN_LOW_RUR,2053,0.04793764220583032
RE1,DEMRESNGSCKN_LOW_RUR,2054,0.04138185745456808
RE1,DEMRESNGSCKN_LOW_RUR,2055,0.04138185745456808
RE1,DEMRESNGSCKN_LOW_URB,2022,32.85239063792739
RE1,DEMRESNGSCKN_LOW_URB,2023,32.07138329204339
RE1,DEMRESNGSCKN_LOW_URB,2024,32.92815926503479
RE1,DEMRESNGSCKN_LOW_URB,2025,31.41682064083515
RE1,DEMRESNGSCKN_LOW_URB,2026,30.64699297905613
RE1,DEMRESNGSCKN_LOW_URB,2027,29.74952477265255
RE1,DEMRESNGSCKN_LOW_URB,2028,28.73938744721514
RE1,DEMRESNGSCKN_LOW_URB,2029,27.63200991381362
RE1,DEMRESNGSCKN_LOW_URB,2030,26.44310116531589
RE1,DEMRESNGSCKN_LOW_URB,2031,25.1884317296846
RE1,DEMRESNGSCKN_LOW_URB,2032,23.88360189561835
RE1,DEMRESNGSCKN_LOW_URB,2033,22.54381335349871
RE1,DEMRESNGSCKN_LOW_URB,2034,21.18365519367013
RE1,DEMRESNGSCKN_LOW_URB,2035,19.81691178214421
RE1,DEMRESNGSCKN_LOW_URB,2036,18.45639764788283
RE1,DEMRESNGSCKN_LOW_URB,2037,17.11382265828347
RE1,DEMRESNGSCKN_LOW_URB,2038,15.79968921572535
RE1,DEMRESNGSCKN_LOW_URB,2039,14.52322188852913
RE1,DEMRESNGSCKN_LOW_URB,2040,13.29232876006342
RE1,DEMRESNGSCKN_LOW_URB,2041,12.11359282922525
RE1,DEMRESNGSCKN_LOW_URB,2042,10.99229102193889
RE1,DEMRESNGSCKN_LOW_URB,2043,9.932437775663601
RE1,DEMRESNGSCKN_LOW_URB,2044,8.936849733843284
RE1,DEMRESNGSCKN_LOW_URB,2045,8.007227827584503
RE1,DEMRESNGSCKN_LOW_URB,2046,7.144252916247237
RE1,DEMRESNGSCKN_LOW_URB,2047,6.347691191855967
RE1,DEMRESNGSCKN_LOW_URB,2048,5.616505705947228
RE1,DEMRESNGSCKN_LOW_URB,2049,4.948970631130757
RE1,DEMRESNGSCKN_LOW_URB,2050,4.34278520153767
RE1,DEMRESNGSCKN_LOW_URB,2051,3.795184664547576
RE1,DEMRESNGSCKN_LOW_URB,2052,3.303045999522559
RE1,DEMRESNGSCKN_LOW_URB,2053,2.862986598009667
RE1,DEMRESNGSCKN_LOW_URB,2054,2.471454536384468
RE1,DEMRESNGSCKN_LOW_URB,2055,2.471454536384468
RE1,DEMRESNGSCKN_MID_RUR,2022,0.003896966864131079
RE1,DEMRESNGSCKN_MID_RUR,2023,0.005208831824669206
RE1,DEMRESNGSCKN_MID_RUR,2024,0.01247739817757899
RE1,DEMRESNGSCKN_MID_RUR,2025,0.01190470980944062
RE1,DEMRESNGSCKN_MID_RUR,2026,0.01161300063168736
RE1,DEMRESNGSCKN_MID_RUR,2027,0.01127292489065115
RE1,DEMRESNGSCKN_MID_RUR,2028,0.01089015567716217
RE1,DEMRESNGSCKN_MID_RUR,2029,0.01047053943606156
RE1,DEMRESNGSCKN_MID_RUR,2030,0.01002002874299754
RE1,DEMRESNGSCKN_MID_RUR,2031,0.009544599490982433
RE1,DEMRESNGSCKN_MID_RUR,2032,0.00905016306462206
RE1,DEMRESNGSCKN_MID_RUR,2033,0.008542479808499814
RE1,DEMRESNGSCKN_MID_RUR,2034,0.00802707793595465
RE1,DEMRESNGSCKN_MID_RUR,2035,0.007509180727825559
RE1,DEMRESNGSCKN_MID_RUR,2036,0.006993643966636806
RE1,DEMRESNGSCKN_MID_RUR,2037,0.006484904847827991
RE1,DEMRESNGSCKN_MID_RUR,2038,0.005986943024657338
RE1,DEMRESNGSCKN_MID_RUR,2039,0.005503253943409196
RE1,DEMRESNGSCKN_MID_RUR,2040,0.005036834197492177
RE1,DEMRESNGSCKN_MID_RUR,2041,0.004590178268841333
RE1,DEMRESNGSCKN_MID_RUR,2042,0.004165285731905408
RE1,DEMRESNGSCKN_MID_RUR,2043,0.003763677769032767
RE1,DEMRESNGSCKN_MID_RUR,2044,0.00338642168500322
RE1,DEMRESNGSCKN_MID_RUR,2045,0.003034162010065737
RE1,DEMRESNGSCKN_MID_RUR,2046,0.002707156740826475
RE1,DEMRESNGSCKN_MID_RUR,2047,0.002405317280920719
RE1,DEMRESNGSCKN_MID_RUR,2048,0.002128250701646803
RE1,DEMRESNGSCKN_MID_RUR,2049,0.001875303038859303
RE1,DEMRESNGSCKN_MID_RUR,2050,0.001645602468183576
RE1,DEMRESNGSCKN_MID_RUR,2051,0.001438101347720496
RE1,DEMRESNGSCKN_MID_RUR,2052,0.001251616277824111
RE1,DEMRESNGSCKN_MID_RUR,2053,0.001084865493783354
RE1,DEMRESNGSCKN_MID_RUR,2054,0.0009365030726451179
RE1,DEMRESNGSCKN_MID_RUR,2055,0.0009365030726451179
RE1,DEMRESNGSCKN_MID_URB,2022,0.2263841408481339
RE1,DEMRESNGSCKN_MID_URB,2023,0.3028534605111763
RE1,DEMRESNGSCKN_MID_URB,2024,0.7451894193514218
RE1,DEMRESNGSCKN_MID_URB,2025,0.7109866707936968
RE1,DEMRESNGSCKN_MID_URB,2026,0.6935648822368451
RE1,DEMRESNGSCKN_MID_URB,2027,0.6732544905677182
RE1,DEMRESNGSCKN_MID_URB,2028,0.6503943105938194
RE1,DEMRESNGSCKN_MID_URB,2029,0.6253335103688111
RE1,DEMRESNGSCKN_MID_URB,2030,0.5984275964115855
RE1,DEMRESNGSCKN_MID_URB,2031,0.5700334678272749
RE1,DEMRESNGSCKN_MID_URB,2032,0.5405041710763101
RE1,DEMRESNGSCKN_MID_URB,2033,0.5101837320344601
RE1,DEMRESNGSCKN_MID_URB,2034,0.4794023129702903
RE1,DEMRESNGSCKN_MID_URB,2035,0.4484718646254638
RE1,DEMRESNGSCKN_MID_URB,2036,0.4176823895877199
RE1,DEMRESNGSCKN_MID_URB,2037,0.3872988911090288
RE1,DEMRESNGSCKN_MID_URB,2038,0.3575590465848305
RE1,DEMRESNGSCKN_MID_URB,2039,0.3286716150488544
RE1,DEMRESNGSCKN_MID_URB,2040,0.3008155624738471
RE1,DEMRESNGSCKN_MID_URB,2041,0.2741398671578726
RE1,DEMRESNGSCKN_MID_URB,2042,0.2487639499690641
RE1,DEMRESNGSCKN_MID_URB,2043,0.2247786606963578
RE1,DEMRESNGSCKN_MID_URB,2044,0.2022477421343506
RE1,DEMRESNGSCKN_MID_URB,2045,0.1812096876544289
RE1,DEMRESNGSCKN_MID_URB,2046,0.161679905624459
RE1,DEMRESNGSCKN_MID_URB,2047,0.1436531047911975
RE1,DEMRESNGSCKN_MID_URB,2048,0.1271058182181183
RE1,DEMRESNGSCKN_MID_URB,2049,0.1119989891119008
RE1,DEMRESNGSCKN_MID_URB,2050,0.09828054938188434
RE1,DEMRESNGSCKN_MID_URB,2051,0.08588793056248113
RE1,DEMRESNGSCKN_MID_URB,2052,0.0747504563089537
RE1,DEMRESNGSCKN_MID_URB,2053,0.06479157560584255
RE1,DEMRESNGSCKN_MID_URB,2054,0.0559309057059079
RE1,DEMRESNGSCKN_MID_URB,2055,0.0559309057059079
RE1,DEMRESNGSWHT_FOR_HIG_RUR,2022,0.0
RE1,DEMRESNGSWHT_FOR_HIG_RUR,2023,0.0
RE1,DEMRESNGSWHT_FOR_HIG_RUR,2024,0.0
RE1,DEMRESNGSWHT_FOR_HIG_RUR,2025,0.008897043583333326
RE1,DEMRESNGSWHT_FOR_HIG_RUR,2026,0.00872078716666666
RE1,DEMRESNGSWHT_FOR_HIG_RUR,2027,0.009199295749999989
RE1,DEMRESNGSWHT_FOR_HIG_RUR,2028,0.01008473933333332
RE1,DEMRESNGSWHT_FOR_HIG_RUR,2029,0.01188921291666665
RE1,DEMRESNGSWHT_FOR_HIG_RUR,2030,0.01509742649999998
RE1,DEMRESNGSWHT_FOR_HIG_RUR,2031,0.02006044008333331
RE1,DEMRESNGSWHT_FOR_HIG_RUR,2032,0.02666183866666664
RE1,DEMRESNGSWHT_FOR_HIG_RUR,2033,0.03403230724999997
RE1,DEMRESNGSWHT_FOR_HIG_RUR,2034,0.0406946408333333
RE1,DEMRESNGSWHT_FOR_HIG_RUR,2035,0.04534573941666663
RE1,DEMRESNGSWHT_FOR_HIG_RUR,2036,0.04772184299999996
RE1,DEMRESNGSWHT_FOR_HIG_RUR,2037,0.04857638658333329
RE1,DEMRESNGSWHT_FOR_HIG_RUR,2038,0.04881696866666662
RE1,DEMRESNGSWHT_FOR_HIG_RUR,2039,0.04891513489999995
RE1,DEMRESNGSWHT_FOR_HIG_RUR,2040,0.04899576733333328
RE1,DEMRESNGSWHT_FOR_HIG_RUR,2041,0.04907530591666661
RE1,DEMRESNGSWHT_FOR_HIG_RUR,2042,0.04915484449999994
RE1,DEMRESNGSWHT_FOR_HIG_RUR,2043,0.04923438308333327
RE1,DEMRESNGSWHT_FOR_HIG_RUR,2044,0.0493139216666666
RE1,DEMRESNGSWHT_FOR_HIG_RUR,2045,0.04939346024999993
RE1,DEMRESNGSWHT_FOR_HIG_RUR,2046,0.04947299883333326
RE1,DEMRESNGSWHT_FOR_HIG_RUR,2047,0.04955253741666659
RE1,DEMRESNGSWHT_FOR_HIG_RUR,2048,0.04963207599999992
RE1,DEMRESNGSWHT_FOR_HIG_RUR,2049,0.04971161458333325
RE1,DEMRESNGSWHT_FOR_HIG_RUR,2050,0.04979115316666658
RE1,DEMRESNGSWHT_FOR_HIG_RUR,2051,0.04987069174999991
RE1,DEMRESNGSWHT_FOR_HIG_RUR,2052,0.04995023033333324
RE1,DEMRESNGSWHT_FOR_HIG_RUR,2053,0.05002976891666657
RE1,DEMRESNGSWHT_FOR_HIG_RUR,2054,0.0501093075
RE1,DEMRESNGSWHT_FOR_HIG_RUR,2055,0.0501093075
RE1,DEMRESNGSWHT_FOR_HIG_URB,2022,0.0
RE1,DEMRESNGSWHT_FOR_HIG_URB,2023,0.0
RE1,DEMRESNGSWHT_FOR_HIG_URB,2024,0.0
RE1,DEMRESNGSWHT_FOR_HIG_URB,2025,0.185248762301757
RE1,DEMRESNGSWHT_FOR_HIG_URB,2026,0.1724450315379527
RE1,DEMRESNGSWHT_FOR_HIG_URB,2027,0.1819438530986152
RE1,DEMRESNGSWHT_FOR_HIG_URB,2028,0.1995217611918271
RE1,DEMRESNGSWHT_FOR_HIG_URB,2029,0.2353455923369803
RE1,DEMRESNGSWHT_FOR_HIG_URB,2030,0.299038490156288
RE1,DEMRESNGSWHT_FOR_HIG_URB,2031,0.3975701060528687
RE1,DEMRESNGSWHT_FOR_HIG_URB,2032,0.5286293123393654
RE1,DEMRESNGSWHT_FOR_HIG_URB,2033,0.674957188038914
RE1,DEMRESNGSWHT_FOR_HIG_URB,2034,0.8072260864232922
RE1,DEMRESNGSWHT_FOR_HIG_URB,2035,0.8995651906626455
RE1,DEMRESNGSWHT_FOR_HIG_URB,2036,0.9467377699207374
RE1,DEMRESNGSWHT_FOR_HIG_URB,2037,0.9637022040662377
RE1,DEMRESNGSWHT_FOR_HIG_URB,2038,0.9684774728669827
RE1,DEMRESNGSWHT_FOR_HIG_URB,2039,0.9704252517822095
RE1,DEMRESNGSWHT_FOR_HIG_URB,2040,0.9720244007283357
RE1,DEMRESNGSWHT_FOR_HIG_URB,2041,0.9736028885148892
RE1,DEMRESNGSWHT_FOR_HIG_URB,2042,0.9751808558862866
RE1,DEMRESNGSWHT_FOR_HIG_URB,2043,0.9767588184499897
RE1,DEMRESNGSWHT_FOR_HIG_URB,2044,0.9783367809999995
RE1,DEMRESNGSWHT_FOR_HIG_URB,2045,0.9799147435499995
RE1,DEMRESNGSWHT_FOR_HIG_URB,2046,0.9814927060999995
RE1,DEMRESNGSWHT_FOR_HIG_URB,2047,0.9830706686499995
RE1,DEMRESNGSWHT_FOR_HIG_URB,2048,0.9846486311999995
RE1,DEMRESNGSWHT_FOR_HIG_URB,2049,0.9862265937499994
RE1,DEMRESNGSWHT_FOR_HIG_URB,2050,0.9878045562999994
RE1,DEMRESNGSWHT_FOR_HIG_URB,2051,0.9893825188499994
RE1,DEMRESNGSWHT_FOR_HIG_URB,2052,0.9909604813999994
RE1,DEMRESNGSWHT_FOR_HIG_URB,2053,0.9925384439499993
RE1,DEMRESNGSWHT_FOR_HIG_URB,2054,0.9941164065
RE1,DEMRESNGSWHT_FOR_HIG_URB,2055,0.9941164065
RE1,DEMRESNGSWHT_FOR_LOW_RUR,2022,0.0
RE1,DEMRESNGSWHT_FOR_LOW_RUR,2023,0.0
RE1,DEMRESNGSWHT_FOR_LOW_RUR,2024,0.0
RE1,DEMRESNGSWHT_FOR_LOW_RUR,2025,0.0
RE1,DEMRESNGSWHT_FOR_LOW_RUR,2026,0.0
RE1,DEMRESNGSWHT_FOR_LOW_RUR,2027,0.0
RE1,DEMRESNGSWHT_FOR_LOW_RUR,2028,0.0
RE1,DEMRESNGSWHT_FOR_LOW_RUR,2029,0.0
RE1,DEMRESNGSWHT_FOR_LOW_RUR,2030,0.0
RE1,DEMRESNGSWHT_FOR_LOW_RUR,2031,0.0
RE1,DEMRESNGSWHT_FOR_LOW_RUR,2032,0.0
RE1,DEMRESNGSWHT_FOR_LOW_RUR,2033,0.0
RE1,DEMRESNGSWHT_FOR_LOW_RUR,2034,0.0
RE1,DEMRESNGSWHT_FOR_LOW_RUR,2035,0.0
RE1,DEMRESNGSWHT_FOR_LOW_RUR,2036,0.0
RE1,DEMRESNGSWHT_FOR_LOW_RUR,2037,0.0
RE1,DEMRESNGSWHT_FOR_LOW_RUR,2038,0.0
RE1,DEMRESNGSWHT_FOR_LOW_RUR,2039,0.0
RE1,DEMRESNGSWHT_FOR_LOW_RUR,2040,0.0
RE1,DEMRESNGSWHT_FOR_LOW_RUR,2041,0.0
RE1,DEMRESNGSWHT_FOR_LOW_RUR,2042,0.0
RE1,DEMRESNGSWHT_FOR_LOW_RUR,2043,0.0
RE1,DEMRESNGSWHT_FOR_LOW_RUR,2044,0.0
RE1,DEMRESNGSWHT_FOR_LOW_RUR,2045,0.0
RE1,DEMRESNGSWHT_FOR_LOW_RUR,2046,0.0
RE1,DEMRESNGSWHT_FOR_LOW_RUR,2047,0.0
RE1,DEMRESNGSWHT_FOR_LOW_RUR,2048,0.0
RE1,DEMRESNGSWHT_FOR_LOW_RUR,2049,0.0
RE1,DEMRESNGSWHT_FOR_LOW_RUR,2050,0.0
RE1,DEMRESNGSWHT_FOR_LOW_RUR,2051,0.0
RE1,DEMRESNGSWHT_FOR_LOW_RUR,2052,0.0
RE1,DEMRESNGSWHT_FOR_LOW_RUR,2053,0.0
RE1,DEMRESNGSWHT_FOR_LOW_RUR,2054,0.0
RE1,DEMRESNGSWHT_FOR_LOW_RUR,2055,0.0
RE1,DEMRESNGSWHT_FOR_LOW_URB,2022,0.3345983409882398
RE1,DEMRESNGSWHT_FOR_LOW_URB,2023,0.3232148287237928
RE1,DEMRESNGSWHT_FOR_LOW_URB,2024,0.3283890811482416
RE1,DEMRESNGSWHT_FOR_LOW_URB,2025,0.3250435353853633
RE1,DEMRESNGSWHT_FOR_LOW_URB,2026,0.3182856112880248
RE1,DEMRESNGSWHT_FOR_LOW_URB,2027,0.0
RE1,DEMRESNGSWHT_FOR_LOW_URB,2028,0.0
RE1,DEMRESNGSWHT_FOR_LOW_URB,2029,0.0
RE1,DEMRESNGSWHT_FOR_LOW_URB,2030,0.0
RE1,DEMRESNGSWHT_FOR_LOW_URB,2031,0.0
RE1,DEMRESNGSWHT_FOR_LOW_URB,2032,0.0
RE1,DEMRESNGSWHT_FOR_LOW_URB,2033,0.0
RE1,DEMRESNGSWHT_FOR_LOW_URB,2034,0.0
RE1,DEMRESNGSWHT_FOR_LOW_URB,2035,0.0
RE1,DEMRESNGSWHT_FOR_LOW_URB,2036,0.0
RE1,DEMRESNGSWHT_FOR_LOW_URB,2037,0.0
RE1,DEMRESNGSWHT_FOR_LOW_URB,2038,0.0
RE1,DEMRESNGSWHT_FOR_LOW_URB,2039,0.0
RE1,DEMRESNGSWHT_FOR_LOW_URB,2040,0.0
RE1,DEMRESNGSWHT_FOR_LOW_URB,2041,0.0
RE1,DEMRESNGSWHT_FOR_LOW_URB,2042,0.0
RE1,DEMRESNGSWHT_FOR_LOW_URB,2043,0.0
RE1,DEMRESNGSWHT_FOR_LOW_URB,2044,0.0
RE1,DEMRESNGSWHT_FOR_LOW_URB,2045,0.0
RE1,DEMRESNGSWHT_FOR_LOW_URB,2046,0.0
RE1,DEMRESNGSWHT_FOR_LOW_URB,2047,0.0
RE1,DEMRESNGSWHT_FOR_LOW_URB,2048,0.0
RE1,DEMRESNGSWHT_FOR_LOW_URB,2049,0.0
RE1,DEMRESNGSWHT_FOR_LOW_URB,2050,0.0
RE1,DEMRESNGSWHT_FOR_LOW_URB,2051,0.0
RE1,DEMRESNGSWHT_FOR_LOW_URB,2052,0.0
RE1,DEMRESNGSWHT_FOR_LOW_URB,2053,0.0
RE1,DEMRESNGSWHT_FOR_LOW_URB,2054,0.0
RE1,DEMRESNGSWHT_FOR_LOW_URB,2055,0.0
RE1,DEMRESNGSWHT_FOR_MID_RUR,2022,0.0
RE1,DEMRESNGSWHT_FOR_MID_RUR,2023,0.0
RE1,DEMRESNGSWHT_FOR_MID_RUR,2024,0.0
RE1,DEMRESNGSWHT_FOR_MID_RUR,2025,0.0
RE1,DEMRESNGSWHT_FOR_MID_RUR,2026,0.0
RE1,DEMRESNGSWHT_FOR_MID_RUR,2027,0.0
RE1,DEMRESNGSWHT_FOR_MID_RUR,2028,0.0
RE1,DEMRESNGSWHT_FOR_MID_RUR,2029,0.0
RE1,DEMRESNGSWHT_FOR_MID_RUR,2030,0.0
RE1,DEMRESNGSWHT_FOR_MID_RUR,2031,0.0
RE1,DEMRESNGSWHT_FOR_MID_RUR,2032,0.0
RE1,DEMRESNGSWHT_FOR_MID_RUR,2033,0.0
RE1,DEMRESNGSWHT_FOR_MID_RUR,2034,0.0
RE1,DEMRESNGSWHT_FOR_MID_RUR,2035,0.0
RE1,DEMRESNGSWHT_FOR_MID_RUR,2036,0.0
RE1,DEMRESNGSWHT_FOR_MID_RUR,2037,0.0
RE1,DEMRESNGSWHT_FOR_MID_RUR,2038,0.0
RE1,DEMRESNGSWHT_FOR_MID_RUR,2039,0.0
RE1,DEMRESNGSWHT_FOR_MID_RUR,2040,0.0
RE1,DEMRESNGSWHT_FOR_MID_RUR,2041,0.0
RE1,DEMRESNGSWHT_FOR_MID_RUR,2042,0.0
RE1,DEMRESNGSWHT_FOR_MID_RUR,2043,0.0
RE1,DEMRESNGSWHT_FOR_MID_RUR,2044,0.0
RE1,DEMRESNGSWHT_FOR_MID_RUR,2045,0.0
RE1,DEMRESNGSWHT_FOR_MID_RUR,2046,0.0
RE1,DEMRESNGSWHT_FOR_MID_RUR,2047,0.0
RE1,DEMRESNGSWHT_FOR_MID_RUR,2048,0.0
RE1,DEMRESNGSWHT_FOR_MID_RUR,2049,0.0
RE1,DEMRESNGSWHT_FOR_MID_RUR,2050,0.0
RE1,DEMRESNGSWHT_FOR_MID_RUR,2051,0.0
RE1,DEMRESNGSWHT_FOR_MID_RUR,2052,0.0
RE1,DEMRESNGSWHT_FOR_MID_RUR,2053,0.0
RE1,DEMRESNGSWHT_FOR_MID_RUR,2054,0.0
RE1,DEMRESNGSWHT_FOR_MID_RUR,2055,0.0
RE1,DEMRESNGSWHT_FOR_MID_URB,2022,0.002305700026176617
RE1,DEMRESNGSWHT_FOR_MID_URB,2023,0.003052151772693027
RE1,DEMRESNGSWHT_FOR_MID_URB,2024,0.007431695975852978
RE1,DEMRESNGSWHT_FOR_MID_URB,2025,0.007355983717406145
RE1,DEMRESNGSWHT_FOR_MID_URB,2026,0.007203046728320812
RE1,DEMRESNGSWHT_FOR_MID_URB,2027,0.0
RE1,DEMRESNGSWHT_FOR_MID_URB,2028,0.0
RE1,DEMRESNGSWHT_FOR_MID_URB,2029,0.0
RE1,DEMRESNGSWHT_FOR_MID_URB,2030,0.0
RE1,DEMRESNGSWHT_FOR_MID_URB,2031,0.0
RE1,DEMRESNGSWHT_FOR_MID_URB,2032,0.0
RE1,DEMRESNGSWHT_FOR_MID_URB,2033,0.0
RE1,DEMRESNGSWHT_FOR_MID_URB,2034,0.0
RE1,DEMRESNGSWHT_FOR_MID_URB,2035,0.0
RE1,DEMRESNGSWHT_FOR_MID_URB,2036,0.0
RE1,DEMRESNGSWHT_FOR_MID_URB,2037,0.0
RE1,DEMRESNGSWHT_FOR_MID_URB,2038,0.0
RE1,DEMRESNGSWHT_FOR_MID_URB,2039,0.0
RE1,DEMRESNGSWHT_FOR_MID_URB,2040,0.0
RE1,DEMRESNGSWHT_FOR_MID_URB,2041,0.0
RE1,DEMRESNGSWHT_FOR_MID_URB,2042,0.0
RE1,DEMRESNGSWHT_FOR_MID_URB,2043,0.0
RE1,DEMRESNGSWHT_FOR_MID_URB,2044,0.0
RE1,DEMRESNGSWHT_FOR_MID_URB,2045,0.0
RE1,DEMRESNGSWHT_FOR_MID_URB,2046,0.0
RE1,DEMRESNGSWHT_FOR_MID_URB,2047,0.0
RE1,DEMRESNGSWHT_FOR_MID_URB,2048,0.0
RE1,DEMRESNGSWHT_FOR_MID_URB,2049,0.0
RE1,DEMRESNGSWHT_FOR_MID_URB,2050,0.0
RE1,DEMRESNGSWHT_FOR_MID_URB,2051,0.0
RE1,DEMRESNGSWHT_FOR_MID_URB,2052,0.0
RE1,DEMRESNGSWHT_FOR_MID_URB,2053,0.0
RE1,DEMRESNGSWHT_FOR_MID_URB,2054,0.0
RE1,DEMRESNGSWHT_FOR_MID_URB,2055,0.0
RE1,DEMRESNGSWHT_NAT_HIG_RUR,2022,0.0005459039120626401
RE1,DEMRESNGSWHT_NAT_HIG_RUR,2023,0.0007347802630066526
RE1,DEMRESNGSWHT_NAT_HIG_RUR,2024,0.001772506576463447
RE1,DEMRESNGSWHT_NAT_HIG_RUR,2025,0.008897043583333326
RE1,DEMRESNGSWHT_NAT_HIG_RUR,2026,0.00872078716666666
RE1,DEMRESNGSWHT_NAT_HIG_RUR,2027,0.009199295749999989
RE1,DEMRESNGSWHT_NAT_HIG_RUR,2028,0.01008473933333332
RE1,DEMRESNGSWHT_NAT_HIG_RUR,2029,0.01188921291666665
RE1,DEMRESNGSWHT_NAT_HIG_RUR,2030,0.01509742649999998
RE1,DEMRESNGSWHT_NAT_HIG_RUR,2031,0.02006044008333331
RE1,DEMRESNGSWHT_NAT_HIG_RUR,2032,0.02666183866666664
RE1,DEMRESNGSWHT_NAT_HIG_RUR,2033,0.03403230724999997
RE1,DEMRESNGSWHT_NAT_HIG_RUR,2034,0.0406946408333333
RE1,DEMRESNGSWHT_NAT_HIG_RUR,2035,0.04534573941666663
RE1,DEMRESNGSWHT_NAT_HIG_RUR,2036,0.04772184299999996
RE1,DEMRESNGSWHT_NAT_HIG_RUR,2037,0.04857638658333329
RE1,DEMRESNGSWHT_NAT_HIG_RUR,2038,0.04881696866666662
RE1,DEMRESNGSWHT_NAT_HIG_RUR,2039,0.04891513489999995
RE1,DEMRESNGSWHT_NAT_HIG_RUR,2040,0.04899576733333328
RE1,DEMRESNGSWHT_NAT_HIG_RUR,2041,0.04907530591666661
RE1,DEMRESNGSWHT_NAT_HIG_RUR,2042,0.04915484449999994
RE1,DEMRESNGSWHT_NAT_HIG_RUR,2043,0.04923438308333327
RE1,DEMRESNGSWHT_NAT_HIG_RUR,2044,0.0493139216666666
RE1,DEMRESNGSWHT_NAT_HIG_RUR,2045,0.04939346024999993
RE1,DEMRESNGSWHT_NAT_HIG_RUR,2046,0.04947299883333326
RE1,DEMRESNGSWHT_NAT_HIG_RUR,2047,0.04955253741666659
RE1,DEMRESNGSWHT_NAT_HIG_RUR,2048,0.04963207599999992
RE1,DEMRESNGSWHT_NAT_HIG_RUR,2049,0.04971161458333325
RE1,DEMRESNGSWHT_NAT_HIG_RUR,2050,0.04979115316666658
RE1,DEMRESNGSWHT_NAT_HIG_RUR,2051,0.04987069174999991
RE1,DEMRESNGSWHT_NAT_HIG_RUR,2052,0.04995023033333324
RE1,DEMRESNGSWHT_NAT_HIG_RUR,2053,0.05002976891666657
RE1,DEMRESNGSWHT_NAT_HIG_RUR,2054,0.0501093075
RE1,DEMRESNGSWHT_NAT_HIG_RUR,2055,0.0501093075
RE1,DEMRESNGSWHT_NAT_HIG_URB,2022,0.008559992839877186
RE1,DEMRESNGSWHT_NAT_HIG_URB,2023,0.01133122133142114
RE1,DEMRESNGSWHT_NAT_HIG_URB,2024,0.02759043397632882
RE1,DEMRESNGSWHT_NAT_HIG_URB,2025,0.185248762301757
RE1,DEMRESNGSWHT_NAT_HIG_URB,2026,0.1724450315379527
RE1,DEMRESNGSWHT_NAT_HIG_URB,2027,0.1819438530986152
RE1,DEMRESNGSWHT_NAT_HIG_URB,2028,0.1995217611918271
RE1,DEMRESNGSWHT_NAT_HIG_URB,2029,0.2353455923369803
RE1,DEMRESNGSWHT_NAT_HIG_URB,2030,0.299038490156288
RE1,DEMRESNGSWHT_NAT_HIG_URB,2031,0.3975701060528687
RE1,DEMRESNGSWHT_NAT_HIG_URB,2032,0.5286293123393654
RE1,DEMRESNGSWHT_NAT_HIG_URB,2033,0.674957188038914
RE1,DEMRESNGSWHT_NAT_HIG_URB,2034,0.8072260864232922
RE1,DEMRESNGSWHT_NAT_HIG_URB,2035,0.8995651906626455
RE1,DEMRESNGSWHT_NAT_HIG_URB,2036,0.9467377699207374
RE1,DEMRESNGSWHT_NAT_HIG_URB,2037,0.9637022040662377
RE1,DEMRESNGSWHT_NAT_HIG_URB,2038,0.9684774728669827
RE1,DEMRESNGSWHT_NAT_HIG_URB,2039,0.9704252517822095
RE1,DEMRESNGSWHT_NAT_HIG_URB,2040,0.9720244007283357
RE1,DEMRESNGSWHT_NAT_HIG_URB,2041,0.9736028885148892
RE1,DEMRESNGSWHT_NAT_HIG_URB,2042,0.9751808558862866
RE1,DEMRESNGSWHT_NAT_HIG_URB,2043,0.9767588184499897
RE1,DEMRESNGSWHT_NAT_HIG_URB,2044,0.9783367809999995
RE1,DEMRESNGSWHT_NAT_HIG_URB,2045,0.9799147435499995
RE1,DEMRESNGSWHT_NAT_HIG_URB,2046,0.9814927060999995
RE1,DEMRESNGSWHT_NAT_HIG_URB,2047,0.9830706686499995
RE1,DEMRESNGSWHT_NAT_HIG_URB,2048,0.9846486311999995
RE1,DEMRESNGSWHT_NAT_HIG_URB,2049,0.9862265937499994
RE1,DEMRESNGSWHT_NAT_HIG_URB,2050,0.9878045562999994
RE1,DEMRESNGSWHT_NAT_HIG_URB,2051,0.9893825188499994
RE1,DEMRESNGSWHT_NAT_HIG_URB,2052,0.9909604813999994
RE1,DEMRESNGSWHT_NAT_HIG_URB,2053,0.9925384439499993
RE1,DEMRESNGSWHT_NAT_HIG_URB,2054,0.9941164065
RE1,DEMRESNGSWHT_NAT_HIG_URB,2055,0.9941164065
RE1,DEMRESNGSWHT_NAT_LOW_RUR,2022,0.07922042817427528
RE1,DEMRESNGSWHT_NAT_LOW_RUR,2023,0.07781129332496158
RE1,DEMRESNGSWHT_NAT_LOW_RUR,2024,0.0783228764827451
RE1,DEMRESNGSWHT_NAT_LOW_RUR,2025,0.0775249426213723
RE1,DEMRESNGSWHT_NAT_LOW_RUR,2026,0.07591313490686222
RE1,DEMRESNGSWHT_NAT_LOW_RUR,2027,0.07246326362759835
RE1,DEMRESNGSWHT_NAT_LOW_RUR,2028,0.06620590940235502
RE1,DEMRESNGSWHT_NAT_LOW_RUR,2029,0.05643896139339485
RE1,DEMRESNGSWHT_NAT_LOW_RUR,2030,0.04339523857592466
RE1,DEMRESNGSWHT_NAT_LOW_RUR,2031,0.02881337603141217
RE1,DEMRESNGSWHT_NAT_LOW_RUR,2032,0.01564779049914244
RE1,DEMRESNGSWHT_NAT_LOW_RUR,2033,0.006504665735445335
RE1,DEMRESNGSWHT_NAT_LOW_RUR,2034,0.001911541003455252
RE1,DEMRESNGSWHT_NAT_LOW_RUR,2035,0.0003615336074114556
RE1,DEMRESNGSWHT_NAT_LOW_RUR,2036,3.944254294061031e-05
RE1,DEMRESNGSWHT_NAT_LOW_RUR,2037,2.187665522548486e-06
RE1,DEMRESNGSWHT_NAT_LOW_RUR,2038,5.339837329276658e-08
RE1,DEMRESNGSWHT_NAT_LOW_RUR,2039,4.870786270029064e-10
RE1,DEMRESNGSWHT_NAT_LOW_RUR,2040,1.381424981642068e-12
RE1,DEMRESNGSWHT_NAT_LOW_RUR,2041,9.918938740587388e-16
RE1,DEMRESNGSWHT_NAT_LOW_RUR,2042,1.43503783219114e-19
RE1,DEMRESNGSWHT_NAT_LOW_RUR,2043,3.250493001902575e-24
RE1,DEMRESNGSWHT_NAT_LOW_RUR,2044,8.733858341184204e-30
RE1,DEMRESNGSWHT_NAT_LOW_RUR,2045,2.054243787608074e-36
RE1,DEMRESNGSWHT_NAT_LOW_RUR,2046,3.03611439280012e-44
RE1,DEMRESNGSWHT_NAT_LOW_RUR,2047,1.966655480916582e-53
RE1,DEMRESNGSWHT_NAT_LOW_RUR,2048,3.779003677441091e-64
RE1,DEMRESNGSWHT_NAT_LOW_RUR,2049,1.413221024217106e-76
RE1,DEMRESNGSWHT_NAT_LOW_RUR,2050,6.5328148082312e-91
RE1,DEMRESNGSWHT_NAT_LOW_RUR,2051,2.292606537444376e-107
RE1,DEMRESNGSWHT_NAT_LOW_RUR,2052,3.622977360705312e-126
RE1,DEMRESNGSWHT_NAT_LOW_RUR,2053,1.475169820929375e-147
RE1,DEMRESNGSWHT_NAT_LOW_RUR,2054,8.531715379278045e-172
RE1,DEMRESNGSWHT_NAT_LOW_RUR,2055,8.531715379278045e-172
RE1,DEMRESNGSWHT_NAT_LOW_URB,2022,1.24220816696765
RE1,DEMRESNGSWHT_NAT_LOW_URB,2023,1.199946475346861
RE1,DEMRESNGSWHT_NAT_LOW_URB,2024,1.219156070351483
RE1,DEMRESNGSWHT_NAT_LOW_URB,2025,1.206735613461778
RE1,DEMRESNGSWHT_NAT_LOW_URB,2026,1.181646581398237
RE1,DEMRESNGSWHT_NAT_LOW_URB,2027,1.127946670198316
RE1,DEMRESNGSWHT_NAT_LOW_URB,2028,1.030546118397521
RE1,DEMRESNGSWHT_NAT_LOW_URB,2029,0.8785160284843345
RE1,DEMRESNGSWHT_NAT_LOW_URB,2030,0.6754804076411154
RE1,DEMRESNGSWHT_NAT_LOW_URB,2031,0.4485024538616751
RE1,DEMRESNGSWHT_NAT_LOW_URB,2032,0.2435699457338054
RE1,DEMRESNGSWHT_NAT_LOW_URB,2033,0.1012501464846293
RE1,DEMRESNGSWHT_NAT_LOW_URB,2034,0.02975461222496913
RE1,DEMRESNGSWHT_NAT_LOW_URB,2035,0.005627549853954212
RE1,DEMRESNGSWHT_NAT_LOW_URB,2036,0.0006139536469493404
RE1,DEMRESNGSWHT_NAT_LOW_URB,2037,3.405270364784434e-05
RE1,DEMRESNGSWHT_NAT_LOW_URB,2038,8.311869260970378e-07
RE1,DEMRESNGSWHT_NAT_LOW_URB,2039,7.581755056964505e-09
RE1,DEMRESNGSWHT_NAT_LOW_URB,2040,2.150294687498032e-11
RE1,DEMRESNGSWHT_NAT_LOW_URB,2041,1.543959430511428e-14
RE1,DEMRESNGSWHT_NAT_LOW_URB,2042,2.233747230523756e-18
RE1,DEMRESNGSWHT_NAT_LOW_URB,2043,5.059643430968185e-23
RE1,DEMRESNGSWHT_NAT_LOW_URB,2044,1.359492512585444e-28
RE1,DEMRESNGSWHT_NAT_LOW_URB,2045,3.197589128632101e-35
RE1,DEMRESNGSWHT_NAT_LOW_URB,2046,4.725946566938498e-43
RE1,DEMRESNGSWHT_NAT_LOW_URB,2047,3.061251163799738e-52
RE1,DEMRESNGSWHT_NAT_LOW_URB,2048,5.882311120490922e-63
RE1,DEMRESNGSWHT_NAT_LOW_URB,2049,2.199787683745497e-75
RE1,DEMRESNGSWHT_NAT_LOW_URB,2050,1.016883085453552e-89
RE1,DEMRESNGSWHT_NAT_LOW_URB,2051,3.568619160289098e-106
RE1,DEMRESNGSWHT_NAT_LOW_URB,2052,5.639444106758459e-125
RE1,DEMRESNGSWHT_NAT_LOW_URB,2053,2.296215770856637e-146
RE1,DEMRESNGSWHT_NAT_LOW_URB,2054,1.328027399178761e-170
RE1,DEMRESNGSWHT_NAT_LOW_URB,2055,1.328027399178761e-170
RE1,DEMRESWOOCKN_HIG_RUR,2022,0.0
RE1,DEMRESWOOCKN_HIG_RUR,2023,0.0
RE1,DEMRESWOOCKN_HIG_RUR,2024,0.0
RE1,DEMRESWOOCKN_HIG_RUR,2025,1.394354218357257
RE1,DEMRESWOOCKN_HIG_RUR,2026,2.143716852796556
RE1,DEMRESWOOCKN_HIG_RUR,2027,2.707308081546504
RE1,DEMRESWOOCKN_HIG_RUR,2028,3.085127904607102
RE1,DEMRESWOOCKN_HIG_RUR,2029,3.27717632197835
RE1,DEMRESWOOCKN_HIG_RUR,2030,3.28345333366025
RE1,DEMRESWOOCKN_HIG_RUR,2031,3.638373046852504
RE1,DEMRESWOOCKN_HIG_RUR,2032,3.952182748154978
RE1,DEMRESWOOCKN_HIG_RUR,2033,4.225170084058623
RE1,DEMRESWOOCKN_HIG_RUR,2034,4.457622701054401
RE1,DEMRESWOOCKN_HIG_RUR,2035,4.649828245633261
RE1,DEMRESWOOCKN_HIG_RUR,2036,4.414990440877951
RE1,DEMRESWOOCKN_HIG_RUR,2037,4.181324656793117
RE1,DEMRESWOOCKN_HIG_RUR,2038,3.948830893378758
RE1,DEMRESWOOCKN_HIG_RUR,2039,3.717509150634874
RE1,DEMRESWOOCKN_HIG_RUR,2040,3.487359428561464
RE1,DEMRESWOOCKN_HIG_RUR,2041,3.253987917437887
RE1,DEMRESWOOCKN_HIG_RUR,2042,3.022380943490028
RE1,DEMRESWOOCKN_HIG_RUR,2043,2.792538506717891
RE1,DEMRESWOOCKN_HIG_RUR,2044,2.564460607121471
RE1,DEMRESWOOCKN_HIG_RUR,2045,2.338147244700771
RE1,DEMRESWOOCKN_HIG_RUR,2046,2.112114559545393
RE1,DEMRESWOOCKN_HIG_RUR,2047,1.888148284841801
RE1,DEMRESWOOCKN_HIG_RUR,2048,1.666248420589996
RE1,DEMRESWOOCKN_HIG_RUR,2049,1.446414966789977
RE1,DEMRESWOOCKN_HIG_RUR,2050,1.228647923441745
RE1,DEMRESWOOCKN_HIG_RUR,2051,1.22669147770378
RE1,DEMRESWOOCKN_HIG_RUR,2052,1.189519008682454
RE1,DEMRESWOOCKN_HIG_RUR,2053,0.9788098027036701
RE1,DEMRESWOOCKN_HIG_RUR,2054,0.768100596724887
RE1,DEMRESWOOCKN_HIG_RUR,2055,0.768100596724887
RE1,DEMRESWOOCKN_HIG_URB,2022,0.0
RE1,DEMRESWOOCKN_HIG_URB,2023,0.0
RE1,DEMRESWOOCKN_HIG_URB,2024,0.0
RE1,DEMRESWOOCKN_HIG_URB,2025,0.3175749505653351
RE1,DEMRESWOOCKN_HIG_URB,2026,0.2691066042253867
RE1,DEMRESWOOCKN_HIG_URB,2027,0.2166206114127183
RE1,DEMRESWOOCKN_HIG_URB,2028,0.1600549342853625
RE1,DEMRESWOOCKN_HIG_URB,2029,0.09938123084440614
RE1,DEMRESWOOCKN_HIG_URB,2030,0.03462048714261028
RE1,DEMRESWOOCKN_HIG_URB,2031,0.03570742113154179
RE1,DEMRESWOOCKN_HIG_URB,2032,0.03679273566845096
RE1,DEMRESWOOCKN_HIG_URB,2033,0.0378760895632726
RE1,DEMRESWOOCKN_HIG_URB,2034,0.03895749762701702
RE1,DEMRESWOOCKN_HIG_URB,2035,0.3200227670602787
RE1,DEMRESWOOCKN_HIG_URB,2036,0.3287472888106185
RE1,DEMRESWOOCKN_HIG_URB,2037,0.3374824267088444
RE1,DEMRESWOOCKN_HIG_URB,2038,0.3462318654874576
RE1,DEMRESWOOCKN_HIG_URB,2039,0.354991399004898
RE1,DEMRESWOOCKN_HIG_URB,2040,0.3637733113901513
RE1,DEMRESWOOCKN_HIG_URB,2041,0.3726314308039338
RE1,DEMRESWOOCKN_HIG_URB,2042,0.3815017749848819
RE1,DEMRESWOOCKN_HIG_URB,2043,0.3903846070603539
RE1,DEMRESWOOCKN_HIG_URB,2044,0.3992694844096568
RE1,DEMRESWOOCKN_HIG_URB,2045,0.4081638265129713
RE1,DEMRESWOOCKN_HIG_URB,2046,0.4171075819523252
RE1,DEMRESWOOCKN_HIG_URB,2047,0.4260745679165882
RE1,DEMRESWOOCKN_HIG_URB,2048,0.4350633274481732
RE1,DEMRESWOOCKN_HIG_URB,2049,0.4440007462522658
RE1,DEMRESWOOCKN_HIG_URB,2050,0.4521841271099352
RE1,DEMRESWOOCKN_HIG_URB,2051,0.4576014356723963
RE1,DEMRESWOOCKN_HIG_URB,2052,0.4629003505836721
RE1,DEMRESWOOCKN_HIG_URB,2053,0.467820376903645
RE1,DEMRESWOOCKN_HIG_URB,2054,0.4726053048274768
RE1,DEMRESWOOCKN_HIG_URB,2055,0.4726053048274768
RE1,DEMRESWOOCKN_LOW_RUR,2022,11.28447127676893
RE1,DEMRESWOOCKN_LOW_RUR,2023,11.82304434362199
RE1,DEMRESWOOCKN_LOW_RUR,2024,11.35575239933412
RE1,DEMRESWOOCKN_LOW_RUR,2025,9.750746510869028
RE1,DEMRESWOOCKN_LOW_RUR,2026,7.939700534180051
RE1,DEMRESWOOCKN_LOW_RUR,2027,6.314425963180422
RE1,DEMRESWOOCKN_LOW_RUR,2028,4.874922797870145
RE1,DEMRESWOOCKN_LOW_RUR,2029,3.621191038249217
RE1,DEMRESWOOCKN_LOW_RUR,2030,2.55323068431764
RE1,DEMRESWOOCKN_LOW_RUR,2031,1.958747950893473
RE1,DEMRESWOOCKN_LOW_RUR,2032,1.406471162240581
RE1,DEMRESWOOCKN_LOW_RUR,2033,0.8961126718680086
RE1,DEMRESWOOCKN_LOW_RUR,2034,0.4273848332848
RE1,DEMRESWOOCKN_LOW_RUR,2035,-6.452932973568055e-16
RE1,DEMRESWOOCKN_LOW_RUR,2036,0.0
RE1,DEMRESWOOCKN_LOW_RUR,2037,0.0
RE1,DEMRESWOOCKN_LOW_RUR,2038,0.0
RE1,DEMRESWOOCKN_LOW_RUR,2039,0.0
RE1,DEMRESWOOCKN_LOW_RUR,2040,0.0
RE1,DEMRESWOOCKN_LOW_RUR,2041,0.0
RE1,DEMRESWOOCKN_LOW_RUR,2042,0.0
RE1,DEMRESWOOCKN_LOW_RUR,2043,0.0
RE1,DEMRESWOOCKN_LOW_RUR,2044,0.0
RE1,DEMRESWOOCKN_LOW_RUR,2045,0.0
RE1,DEMRESWOOCKN_LOW_RUR,2046,0.0
RE1,DEMRESWOOCKN_LOW_RUR,2047,0.0
RE1,DEMRESWOOCKN_LOW_RUR,2048,0.0
RE1,DEMRESWOOCKN_LOW_RUR,2049,0.0
RE1,DEMRESWOOCKN_LOW_RUR,2050,0.0
RE1,DEMRESWOOCKN_LOW_RUR,2051,0.0
RE1,DEMRESWOOCKN_LOW_RUR,2052,0.0
RE1,DEMRESWOOCKN_LOW_RUR,2053,0.0
RE1,DEMRESWOOCKN_LOW_RUR,2054,0.0
RE1,DEMRESWOOCKN_LOW_RUR,2055,0.0
RE1,DEMRESWOOCKN_LOW_URB,2022,0.7314569659397802
RE1,DEMRESWOOCKN_LOW_URB,2023,0.842612315260126
RE1,DEMRESWOOCKN_LOW_URB,2024,0.7960313226906401
RE1,DEMRESWOOCKN_LOW_URB,2025,2.220807883962628
RE1,DEMRESWOOCKN_LOW_URB,2026,1.881867783420146
RE1,DEMRESWOOCKN_LOW_URB,2027,1.514832201966125
RE1,DEMRESWOOCKN_LOW_URB,2028,1.119267307749847
RE1,DEMRESWOOCKN_LOW_URB,2029,0.6949749046147167
RE1,DEMRESWOOCKN_LOW_URB,2030,0.2421017484410125
RE1,DEMRESWOOCKN_LOW_URB,2031,0.2497026992328459
RE1,DEMRESWOOCKN_LOW_URB,2032,0.2572923251647919
RE1,DEMRESWOOCKN_LOW_URB,2033,0.2648682402880048
RE1,DEMRESWOOCKN_LOW_URB,2034,0.2724305481761715
RE1,DEMRESWOOCKN_LOW_URB,2035,0.2799849866882534
RE1,DEMRESWOOCKN_LOW_URB,2036,0.0
RE1,DEMRESWOOCKN_LOW_URB,2037,0.0
RE1,DEMRESWOOCKN_LOW_URB,2038,0.0
RE1,DEMRESWOOCKN_LOW_URB,2039,0.0
RE1,DEMRESWOOCKN_LOW_URB,2040,0.0
RE1,DEMRESWOOCKN_LOW_URB,2041,0.0
RE1,DEMRESWOOCKN_LOW_URB,2042,0.0
RE1,DEMRESWOOCKN_LOW_URB,2043,0.0
RE1,DEMRESWOOCKN_LOW_URB,2044,0.0
RE1,DEMRESWOOCKN_LOW_URB,2045,0.0
RE1,DEMRESWOOCKN_LOW_URB,2046,0.0
RE1,DEMRESWOOCKN_LOW_URB,2047,0.0
RE1,DEMRESWOOCKN_LOW_URB,2048,0.0
RE1,DEMRESWOOCKN_LOW_URB,2049,0.0
RE1,DEMRESWOOCKN_LOW_URB,2050,0.0
RE1,DEMRESWOOCKN_LOW_URB,2051,0.0
RE1,DEMRESWOOCKN_LOW_URB,2052,0.0
RE1,DEMRESWOOCKN_LOW_URB,2053,0.0
RE1,DEMRESWOOCKN_LOW_URB,2054,0.0
RE1,DEMRESWOOCKN_LOW_URB,2055,0.0
RE1,DEMRESWOOCKN_MID_RUR,2022,0.07776071346136736
RE1,DEMRESWOOCKN_MID_RUR,2023,0.1116462567466285
RE1,DEMRESWOOCKN_MID_RUR,2024,0.2569893588234674
RE1,DEMRESWOOCKN_MID_RUR,2025,0.0
RE1,DEMRESWOOCKN_MID_RUR,2026,0.0
RE1,DEMRESWOOCKN_MID_RUR,2027,0.0
RE1,DEMRESWOOCKN_MID_RUR,2028,0.0
RE1,DEMRESWOOCKN_MID_RUR,2029,0.0
RE1,DEMRESWOOCKN_MID_RUR,2030,0.0
RE1,DEMRESWOOCKN_MID_RUR,2031,0.0
RE1,DEMRESWOOCKN_MID_RUR,2032,0.0
RE1,DEMRESWOOCKN_MID_RUR,2033,0.0
RE1,DEMRESWOOCKN_MID_RUR,2034,0.0
RE1,DEMRESWOOCKN_MID_RUR,2035,0.0
RE1,DEMRESWOOCKN_MID_RUR,2036,0.0
RE1,DEMRESWOOCKN_MID_RUR,2037,0.0
RE1,DEMRESWOOCKN_MID_RUR,2038,0.0
RE1,DEMRESWOOCKN_MID_RUR,2039,0.0
RE1,DEMRESWOOCKN_MID_RUR,2040,0.0
RE1,DEMRESWOOCKN_MID_RUR,2041,0.0
RE1,DEMRESWOOCKN_MID_RUR,2042,0.0
RE1,DEMRESWOOCKN_MID_RUR,2043,0.0
RE1,DEMRESWOOCKN_MID_RUR,2044,0.0
RE1,DEMRESWOOCKN_MID_RUR,2045,0.0
RE1,DEMRESWOOCKN_MID_RUR,2046,0.0
RE1,DEMRESWOOCKN_MID_RUR,2047,0.0
RE1,DEMRESWOOCKN_MID_RUR,2048,0.0
RE1,DEMRESWOOCKN_MID_RUR,2049,0.0
RE1,DEMRESWOOCKN_MID_RUR,2050,0.0
RE1,DEMRESWOOCKN_MID_RUR,2051,0.0
RE1,DEMRESWOOCKN_MID_RUR,2052,0.0
RE1,DEMRESWOOCKN_MID_RUR,2053,0.0
RE1,DEMRESWOOCKN_MID_RUR,2054,0.0
RE1,DEMRESWOOCKN_MID_RUR,2055,0.0
RE1,DEMRESWOOCKN_MID_URB,2022,0.005040432479531318
RE1,DEMRESWOOCKN_MID_URB,2023,0.007956877108234154
RE1,DEMRESWOOCKN_MID_URB,2024,0.01801479743725832
RE1,DEMRESWOOCKN_MID_URB,2025,0.0
RE1,DEMRESWOOCKN_MID_URB,2026,0.0
RE1,DEMRESWOOCKN_MID_URB,2027,0.0
RE1,DEMRESWOOCKN_MID_URB,2028,0.0
RE1,DEMRESWOOCKN_MID_URB,2029,0.0
RE1,DEMRESWOOCKN_MID_URB,2030,0.0
RE1,DEMRESWOOCKN_MID_URB,2031,0.0
RE1,DEMRESWOOCKN_MID_URB,2032,0.0
RE1,DEMRESWOOCKN_MID_URB,2033,0.0
RE1,DEMRESWOOCKN_MID_URB,2034,0.0
RE1,DEMRESWOOCKN_MID_URB,2035,0.0
RE1,DEMRESWOOCKN_MID_URB,2036,0.0
RE1,DEMRESWOOCKN_MID_URB,2037,0.0
RE1,DEMRESWOOCKN_MID_URB,2038,0.0
RE1,DEMRESWOOCKN_MID_URB,2039,0.0
RE1,DEMRESWOOCKN_MID_URB,2040,0.0
RE1,DEMRESWOOCKN_MID_URB,2041,0.0
RE1,DEMRESWOOCKN_MID_URB,2042,0.0
RE1,DEMRESWOOCKN_MID_URB,2043,0.0
RE1,DEMRESWOOCKN_MID_URB,2044,0.0
RE1,DEMRESWOOCKN_MID_URB,2045,0.0
RE1,DEMRESWOOCKN_MID_URB,2046,0.0
RE1,DEMRESWOOCKN_MID_URB,2047,0.0
RE1,DEMRESWOOCKN_MID_URB,2048,0.0
RE1,DEMRESWOOCKN_MID_URB,2049,0.0
RE1,DEMRESWOOCKN_MID_URB,2050,0.0
RE1,DEMRESWOOCKN_MID_URB,2051,0.0
RE1,DEMRESWOOCKN_MID_URB,2052,0.0
RE1,DEMRESWOOCKN_MID_URB,2053,0.0
RE1,DEMRESWOOCKN_MID_URB,2054,0.0
RE1,DEMRESWOOCKN_MID_URB,2055,0.0
RE1,DEMRESZNIBGSCKN_MID,2022,0.0
RE1,DEMRESZNIBGSCKN_MID,2023,0.0
RE1,DEMRESZNIBGSCKN_MID,2024,0.0
RE1,DEMRESZNIBGSCKN_MID,2025,0.0
RE1,DEMRESZNIBGSCKN_MID,2026,0.0
RE1,DEMRESZNIBGSCKN_MID,2027,0.0
RE1,DEMRESZNIBGSCKN_MID,2028,0.0
RE1,DEMRESZNIBGSCKN_MID,2029,0.0
RE1,DEMRESZNIBGSCKN_MID,2030,0.0
RE1,DEMRESZNIBGSCKN_MID,2031,0.0
RE1,DEMRESZNIBGSCKN_MID,2032,0.0
RE1,DEMRESZNIBGSCKN_MID,2033,0.0
RE1,DEMRESZNIBGSCKN_MID,2034,0.0
RE1,DEMRESZNIBGSCKN_MID,2035,0.0
RE1,DEMRESZNIBGSCKN_MID,2036,0.0
RE1,DEMRESZNIBGSCKN_MID,2037,0.0
RE1,DEMRESZNIBGSCKN_MID,2038,0.0
RE1,DEMRESZNIBGSCKN_MID,2039,0.0
RE1,DEMRESZNIBGSCKN_MID,2040,0.0
RE1,DEMRESZNIBGSCKN_MID,2041,0.0
RE1,DEMRESZNIBGSCKN_MID,2042,0.0
RE1,DEMRESZNIBGSCKN_MID,2043,0.0
RE1,DEMRESZNIBGSCKN_MID,2044,0.0
RE1,DEMRESZNIBGSCKN_MID,2045,0.0
RE1,DEMRESZNIBGSCKN_MID,2046,0.0
RE1,DEMRESZNIBGSCKN_MID,2047,0.0
RE1,DEMRESZNIBGSCKN_MID,2048,0.0
RE1,DEMRESZNIBGSCKN_MID,2049,0.0
RE1,DEMRESZNIBGSCKN_MID,2050,0.0
RE1,DEMRESZNIBGSCKN_MID,2051,0.0
RE1,DEMRESZNIBGSCKN_MID,2052,0.0
RE1,DEMRESZNIBGSCKN_MID,2053,0.0
RE1,DEMRESZNIBGSCKN_MID,2054,0.0
RE1,DEMRESZNIBGSCKN_MID,2055,0.0
RE1,DEMRESZNIELCCKN_LOW,2022,0.003267618987290413
RE1,DEMRESZNIELCCKN_LOW,2023,0.006595135556345194
RE1,DEMRESZNIELCCKN_LOW,2024,0.00985856142639105
RE1,DEMRESZNIELCCKN_LOW,2025,0.009406072584156528
RE1,DEMRESZNIELCCKN_LOW,2026,0.009175589208809082
RE1,DEMRESZNIELCCKN_LOW,2027,0.0
RE1,DEMRESZNIELCCKN_LOW,2028,0.0
RE1,DEMRESZNIELCCKN_LOW,2029,0.0
RE1,DEMRESZNIELCCKN_LOW,2030,0.0
RE1,DEMRESZNIELCCKN_LOW,2031,0.0
RE1,DEMRESZNIELCCKN_LOW,2032,0.0
RE1,DEMRESZNIELCCKN_LOW,2033,0.0
RE1,DEMRESZNIELCCKN_LOW,2034,0.0
RE1,DEMRESZNIELCCKN_LOW,2035,0.0
RE1,DEMRESZNIELCCKN_LOW,2036,0.0
RE1,DEMRESZNIELCCKN_LOW,2037,0.0
RE1,DEMRESZNIELCCKN_LOW,2038,0.0
RE1,DEMRESZNIELCCKN_LOW,2039,0.0
RE1,DEMRESZNIELCCKN_LOW,2040,0.0
RE1,DEMRESZNIELCCKN_LOW,2041,0.0
RE1,DEMRESZNIELCCKN_LOW,2042,0.0
RE1,DEMRESZNIELCCKN_LOW,2043,0.0
RE1,DEMRESZNIELCCKN_LOW,2044,0.0
RE1,DEMRESZNIELCCKN_LOW,2045,0.0
RE1,DEMRESZNIELCCKN_LOW,2046,0.0
RE1,DEMRESZNIELCCKN_LOW,2047,0.0
RE1,DEMRESZNIELCCKN_LOW,2048,0.0
RE1,DEMRESZNIELCCKN_LOW,2049,0.0
RE1,DEMRESZNIELCCKN_LOW,2050,0.0
RE1,DEMRESZNIELCCKN_LOW,2051,0.0
RE1,DEMRESZNIELCCKN_LOW,2052,0.0
RE1,DEMRESZNIELCCKN_LOW,2053,0.0
RE1,DEMRESZNIELCCKN_LOW,2054,0.0
RE1,DEMRESZNIELCCKN_LOW,2055,0.0
RE1,DEMRESZNIELC_LOW,2022,0.1484420641740809
RE1,DEMRESZNIELC_LOW,2023,0.1491843719200197
RE1,DEMRESZNIELC_LOW,2024,0.1492166459398212
RE1,DEMRESZNIELC_LOW,2025,0.1075245560127604
RE1,DEMRESZNIELC_LOW,2026,0.0548937363218184
RE1,DEMRESZNIELC_LOW,2027,0.0
RE1,DEMRESZNIELC_LOW,2028,0.0
RE1,DEMRESZNIELC_LOW,2029,0.0
RE1,DEMRESZNIELC_LOW,2030,0.0
RE1,DEMRESZNIELC_LOW,2031,0.0
RE1,DEMRESZNIELC_LOW,2032,0.0
RE1,DEMRESZNIELC_LOW,2033,0.0
RE1,DEMRESZNIELC_LOW,2034,0.0
RE1,DEMRESZNIELC_LOW,2035,0.0
RE1,DEMRESZNIELC_LOW,2036,0.0
RE1,DEMRESZNIELC_LOW,2037,0.0
RE1,DEMRESZNIELC_LOW,2038,0.0
RE1,DEMRESZNIELC_LOW,2039,0.0
RE1,DEMRESZNIELC_LOW,2040,0.0
RE1,DEMRESZNIELC_LOW,2041,0.0
RE1,DEMRESZNIELC_LOW,2042,0.0
RE1,DEMRESZNIELC_LOW,2043,0.0
RE1,DEMRESZNIELC_LOW,2044,0.0
RE1,DEMRESZNIELC_LOW,2045,0.0
RE1,DEMRESZNIELC_LOW,2046,0.0
RE1,DEMRESZNIELC_LOW,2047,0.0
RE1,DEMRESZNIELC_LOW,2048,0.0
RE1,DEMRESZNIELC_LOW,2049,0.0
RE1,DEMRESZNIELC_LOW,2050,0.0
RE1,DEMRESZNIELC_LOW,2051,0.0
RE1,DEMRESZNIELC_LOW,2052,0.0
RE1,DEMRESZNIELC_LOW,2053,0.0
RE1,DEMRESZNIELC_LOW,2054,0.0
RE1,DEMRESZNIELC_LOW,2055,0.0
RE1,DEMRESZNILPGCKN_MID,2022,0.3805685630038519
RE1,DEMRESZNILPGCKN_MID,2023,0.3764169622791386
RE1,DEMRESZNILPGCKN_MID,2024,0.3937047852458874
RE1,DEMRESZNILPGCKN_MID,2025,0.3756344994553857
RE1,DEMRESZNILPGCKN_MID,2026,0.366430072575111
RE1,DEMRESZNILPGCKN_MID,2027,0.0
RE1,DEMRESZNILPGCKN_MID,2028,0.0
RE1,DEMRESZNILPGCKN_MID,2029,0.0
RE1,DEMRESZNILPGCKN_MID,2030,0.0
RE1,DEMRESZNILPGCKN_MID,2031,0.0
RE1,DEMRESZNILPGCKN_MID,2032,0.0
RE1,DEMRESZNILPGCKN_MID,2033,0.0
RE1,DEMRESZNILPGCKN_MID,2034,0.0
RE1,DEMRESZNILPGCKN_MID,2035,0.0
RE1,DEMRESZNILPGCKN_MID,2036,0.0
RE1,DEMRESZNILPGCKN_MID,2037,0.0
RE1,DEMRESZNILPGCKN_MID,2038,0.0
RE1,DEMRESZNILPGCKN_MID,2039,0.0
RE1,DEMRESZNILPGCKN_MID,2040,0.0
RE1,DEMRESZNILPGCKN_MID,2041,0.0
RE1,DEMRESZNILPGCKN_MID,2042,0.0
RE1,DEMRESZNILPGCKN_MID,2043,0.0
RE1,DEMRESZNILPGCKN_MID,2044,0.0
RE1,DEMRESZNILPGCKN_MID,2045,0.0
RE1,DEMRESZNILPGCKN_MID,2046,0.0
RE1,DEMRESZNILPGCKN_MID,2047,0.0
RE1,DEMRESZNILPGCKN_MID,2048,0.0
RE1,DEMRESZNILPGCKN_MID,2049,0.0
RE1,DEMRESZNILPGCKN_MID,2050,0.0
RE1,DEMRESZNILPGCKN_MID,2051,0.0
RE1,DEMRESZNILPGCKN_MID,2052,0.0
RE1,DEMRESZNILPGCKN_MID,2053,0.0
RE1,DEMRESZNILPGCKN_MID,2054,0.0
RE1,DEMRESZNILPGCKN_MID,2055,0.0
RE1,DEMRESZNIWOOCKN_LOW,2022,1.831456438304431
RE1,DEMRESZNIWOOCKN_LOW,2023,1.881521206005062
RE1,DEMRESZNIWOOCKN_LOW,2024,1.789799130006096
RE1,DEMRESZNIWOOCKN_LOW,2025,0.0
RE1,DEMRESZNIWOOCKN_LOW,2026,0.0
RE1,DEMRESZNIWOOCKN_LOW,2027,0.0
RE1,DEMRESZNIWOOCKN_LOW,2028,0.0
RE1,DEMRESZNIWOOCKN_LOW,2029,0.0
RE1,DEMRESZNIWOOCKN_LOW,2030,0.0
RE1,DEMRESZNIWOOCKN_LOW,2031,0.0
RE1,DEMRESZNIWOOCKN_LOW,2032,0.0
RE1,DEMRESZNIWOOCKN_LOW,2033,0.0
RE1,DEMRESZNIWOOCKN_LOW,2034,0.0
RE1,DEMRESZNIWOOCKN_LOW,2035,0.0
RE1,DEMRESZNIWOOCKN_LOW,2036,0.0
RE1,DEMRESZNIWOOCKN_LOW,2037,0.0
RE1,DEMRESZNIWOOCKN_LOW,2038,0.0
RE1,DEMRESZNIWOOCKN_LOW,2039,0.0
RE1,DEMRESZNIWOOCKN_LOW,2040,0.0
RE1,DEMRESZNIWOOCKN_LOW,2041,0.0
RE1,DEMRESZNIWOOCKN_LOW,2042,0.0
RE1,DEMRESZNIWOOCKN_LOW,2043,0.0
RE1,DEMRESZNIWOOCKN_LOW,2044,0.0
RE1,DEMRESZNIWOOCKN_LOW,2045,0.0
RE1,DEMRESZNIWOOCKN_LOW,2046,0.0
RE1,DEMRESZNIWOOCKN_LOW,2047,0.0
RE1,DEMRESZNIWOOCKN_LOW,2048,0.0
RE1,DEMRESZNIWOOCKN_LOW,2049,0.0
RE1,DEMRESZNIWOOCKN_LOW,2050,0.0
RE1,DEMRESZNIWOOCKN_LOW,2051,0.0
RE1,DEMRESZNIWOOCKN_LOW,2052,0.0
RE1,DEMRESZNIWOOCKN_LOW,2053,0.0
RE1,DEMRESZNIWOOCKN_LOW,2054,0.0
RE1,DEMRESZNIWOOCKN_LOW,2055,0.0
RE1,DEMRES_MEDPVA_URB,2022,0.0
RE1,DEMRES_MEDPVA_URB,2023,0.0
RE1,DEMRES_MEDPVA_URB,2024,0.0
RE1,DEMRES_MEDPVA_URB,2025,0.0
RE1,DEMRES_MEDPVA_URB,2026,0.0
RE1,DEMRES_MEDPVA_URB,2027,0.0
RE1,DEMRES_MEDPVA_URB,2028,0.0
RE1,DEMRES_MEDPVA_URB,2029,0.0
RE1,DEMRES_MEDPVA_URB,2030,0.0
RE1,DEMRES_MEDPVA_URB,2031,0.0
RE1,DEMRES_MEDPVA_URB,2032,0.0
RE1,DEMRES_MEDPVA_URB,2033,0.0
RE1,DEMRES_MEDPVA_URB,2034,0.0
RE1,DEMRES_MEDPVA_URB,2035,0.0
RE1,DEMRES_MEDPVA_URB,2036,0.0
RE1,DEMRES_MEDPVA_URB,2037,0.0
RE1,DEMRES_MEDPVA_URB,2038,0.0
RE1,DEMRES_MEDPVA_URB,2039,0.0
RE1,DEMRES_MEDPVA_URB,2040,0.0
RE1,DEMRES_MEDPVA_URB,2041,0.0
RE1,DEMRES_MEDPVA_URB,2042,0.0
RE1,DEMRES_MEDPVA_URB,2043,0.0
RE1,DEMRES_MEDPVA_URB,2044,0.0
RE1,DEMRES_MEDPVA_URB,2045,0.0
RE1,DEMRES_MEDPVA_URB,2046,0.0
RE1,DEMRES_MEDPVA_URB,2047,0.0
RE1,DEMRES_MEDPVA_URB,2048,0.0
RE1,DEMRES_MEDPVA_URB,2049,0.0
RE1,DEMRES_MEDPVA_URB,2050,0.0
RE1,DEMRES_MEDPVA_URB,2051,0.0
RE1,DEMRES_MEDPVA_URB,2052,0.0
RE1,DEMRES_MEDPVA_URB,2053,0.0
RE1,DEMRES_MEDPVA_URB,2054,0.0
RE1,DEMRES_MEDPVA_URB,2055,0.0
RE1,DEMTERBGSCKN_HIG,2022,0.0
RE1,DEMTERBGSCKN_HIG,2023,0.0
RE1,DEMTERBGSCKN_HIG,2024,0.0
RE1,DEMTERBGSCKN_HIG,2025,0.0
RE1,DEMTERBGSCKN_HIG,2026,0.0
RE1,DEMTERBGSCKN_HIG,2027,0.0
RE1,DEMTERBGSCKN_HIG,2028,0.0
RE1,DEMTERBGSCKN_HIG,2029,0.0
RE1,DEMTERBGSCKN_HIG,2030,0.0
RE1,DEMTERBGSCKN_HIG,2031,0.0
RE1,DEMTERBGSCKN_HIG,2032,0.0
RE1,DEMTERBGSCKN_HIG,2033,0.0
RE1,DEMTERBGSCKN_HIG,2034,0.0
RE1,DEMTERBGSCKN_HIG,2035,0.0
RE1,DEMTERBGSCKN_HIG,2036,0.0
RE1,DEMTERBGSCKN_HIG,2037,0.0
RE1,DEMTERBGSCKN_HIG,2038,0.0
RE1,DEMTERBGSCKN_HIG,2039,0.0
RE1,DEMTERBGSCKN_HIG,2040,0.0
RE1,DEMTERBGSCKN_HIG,2041,0.0
RE1,DEMTERBGSCKN_HIG,2042,0.0
RE1,DEMTERBGSCKN_HIG,2043,0.0
RE1,DEMTERBGSCKN_HIG,2044,0.0
RE1,DEMTERBGSCKN_HIG,2045,0.0
RE1,DEMTERBGSCKN_HIG,2046,0.0
RE1,DEMTERBGSCKN_HIG,2047,0.0
RE1,DEMTERBGSCKN_HIG,2048,0.0
RE1,DEMTERBGSCKN_HIG,2049,0.0
RE1,DEMTERBGSCKN_HIG,2050,0.0
RE1,DEMTERBGSCKN_HIG,2051,0.0
RE1,DEMTERBGSCKN_HIG,2052,0.0
RE1,DEMTERBGSCKN_HIG,2053,0.0
RE1,DEMTERBGSCKN_HIG,2054,0.0
RE1,DEMTERBGSCKN_HIG,2055,0.0
RE1,DEMTERBGSCKN_LOW,2022,0.0
RE1,DEMTERBGSCKN_LOW,2023,0.0
RE1,DEMTERBGSCKN_LOW,2024,0.0
RE1,DEMTERBGSCKN_LOW,2025,0.0
RE1,DEMTERBGSCKN_LOW,2026,0.0
RE1,DEMTERBGSCKN_LOW,2027,0.0
RE1,DEMTERBGSCKN_LOW,2028,0.0
RE1,DEMTERBGSCKN_LOW,2029,0.0
RE1,DEMTERBGSCKN_LOW,2030,0.0
RE1,DEMTERBGSCKN_LOW,2031,0.0
RE1,DEMTERBGSCKN_LOW,2032,0.0
RE1,DEMTERBGSCKN_LOW,2033,0.0
RE1,DEMTERBGSCKN_LOW,2034,0.0
RE1,DEMTERBGSCKN_LOW,2035,0.0
RE1,DEMTERBGSCKN_LOW,2036,0.0
RE1,DEMTERBGSCKN_LOW,2037,0.0
RE1,DEMTERBGSCKN_LOW,2038,0.0
RE1,DEMTERBGSCKN_LOW,2039,0.0
RE1,DEMTERBGSCKN_LOW,2040,0.0
RE1,DEMTERBGSCKN_LOW,2041,0.0
RE1,DEMTERBGSCKN_LOW,2042,0.0
RE1,DEMTERBGSCKN_LOW,2043,0.0
RE1,DEMTERBGSCKN_LOW,2044,0.0
RE1,DEMTERBGSCKN_LOW,2045,0.0
RE1,DEMTERBGSCKN_LOW,2046,0.0
RE1,DEMTERBGSCKN_LOW,2047,0.0
RE1,DEMTERBGSCKN_LOW,2048,0.0
RE1,DEMTERBGSCKN_LOW,2049,0.0
RE1,DEMTERBGSCKN_LOW,2050,0.0
RE1,DEMTERBGSCKN_LOW,2051,0.0
RE1,DEMTERBGSCKN_LOW,2052,0.0
RE1,DEMTERBGSCKN_LOW,2053,0.0
RE1,DEMTERBGSCKN_LOW,2054,0.0
RE1,DEMTERBGSCKN_LOW,2055,0.0
RE1,DEMTERBGSCKN_MID,2022,0.0
RE1,DEMTERBGSCKN_MID,2023,0.0
RE1,DEMTERBGSCKN_MID,2024,0.0
RE1,DEMTERBGSCKN_MID,2025,0.0
RE1,DEMTERBGSCKN_MID,2026,0.0
RE1,DEMTERBGSCKN_MID,2027,0.0
RE1,DEMTERBGSCKN_MID,2028,0.0
RE1,DEMTERBGSCKN_MID,2029,0.0
RE1,DEMTERBGSCKN_MID,2030,0.0
RE1,DEMTERBGSCKN_MID,2031,0.0
RE1,DEMTERBGSCKN_MID,2032,0.0
RE1,DEMTERBGSCKN_MID,2033,0.0
RE1,DEMTERBGSCKN_MID,2034,0.0
RE1,DEMTERBGSCKN_MID,2035,0.0
RE1,DEMTERBGSCKN_MID,2036,0.0
RE1,DEMTERBGSCKN_MID,2037,0.0
RE1,DEMTERBGSCKN_MID,2038,0.0
RE1,DEMTERBGSCKN_MID,2039,0.0
RE1,DEMTERBGSCKN_MID,2040,0.0
RE1,DEMTERBGSCKN_MID,2041,0.0
RE1,DEMTERBGSCKN_MID,2042,0.0
RE1,DEMTERBGSCKN_MID,2043,0.0
RE1,DEMTERBGSCKN_MID,2044,0.0
RE1,DEMTERBGSCKN_MID,2045,0.0
RE1,DEMTERBGSCKN_MID,2046,0.0
RE1,DEMTERBGSCKN_MID,2047,0.0
RE1,DEMTERBGSCKN_MID,2048,0.0
RE1,DEMTERBGSCKN_MID,2049,0.0
RE1,DEMTERBGSCKN_MID,2050,0.0
RE1,DEMTERBGSCKN_MID,2051,0.0
RE1,DEMTERBGSCKN_MID,2052,0.0
RE1,DEMTERBGSCKN_MID,2053,0.0
RE1,DEMTERBGSCKN_MID,2054,0.0
RE1,DEMTERBGSCKN_MID,2055,0.0
RE1,DEMTERELCACL_HIG,2022,0.0
RE1,DEMTERELCACL_HIG,2023,0.0
RE1,DEMTERELCACL_HIG,2024,0.0
RE1,DEMTERELCACL_HIG,2025,0.0
RE1,DEMTERELCACL_HIG,2026,0.0
RE1,DEMTERELCACL_HIG,2027,0.0
RE1,DEMTERELCACL_HIG,2028,0.0
RE1,DEMTERELCACL_HIG,2029,0.0
RE1,DEMTERELCACL_HIG,2030,0.0
RE1,DEMTERELCACL_HIG,2031,0.0
RE1,DEMTERELCACL_HIG,2032,0.0
RE1,DEMTERELCACL_HIG,2033,0.0
RE1,DEMTERELCACL_HIG,2034,0.0
RE1,DEMTERELCACL_HIG,2035,0.0
RE1,DEMTERELCACL_HIG,2036,0.0
RE1,DEMTERELCACL_HIG,2037,0.0
RE1,DEMTERELCACL_HIG,2038,0.0
RE1,DEMTERELCACL_HIG,2039,0.0
RE1,DEMTERELCACL_HIG,2040,0.0
RE1,DEMTERELCACL_HIG,2041,0.0
RE1,DEMTERELCACL_HIG,2042,0.0
RE1,DEMTERELCACL_HIG,2043,0.0
RE1,DEMTERELCACL_HIG,2044,0.0
RE1,DEMTERELCACL_HIG,2045,0.0
RE1,DEMTERELCACL_HIG,2046,0.0
RE1,DEMTERELCACL_HIG,2047,0.0
RE1,DEMTERELCACL_HIG,2048,0.0
RE1,DEMTERELCACL_HIG,2049,0.0
RE1,DEMTERELCACL_HIG,2050,0.0
RE1,DEMTERELCACL_HIG,2051,0.0
RE1,DEMTERELCACL_HIG,2052,0.0
RE1,DEMTERELCACL_HIG,2053,0.0
RE1,DEMTERELCACL_HIG,2054,0.0
RE1,DEMTERELCACL_HIG,2055,0.0
RE1,DEMTERELCACL_LOW,2022,1.547301796443653
RE1,DEMTERELCACL_LOW,2023,1.551636325782316
RE1,DEMTERELCACL_LOW,2024,1.541963398182513
RE1,DEMTERELCACL_LOW,2025,1.345105072616879
RE1,DEMTERELCACL_LOW,2026,1.01636649346949
RE1,DEMTERELCACL_LOW,2027,0.0
RE1,DEMTERELCACL_LOW,2028,0.0
RE1,DEMTERELCACL_LOW,2029,0.0
RE1,DEMTERELCACL_LOW,2030,0.0
RE1,DEMTERELCACL_LOW,2031,0.0
RE1,DEMTERELCACL_LOW,2032,0.0
RE1,DEMTERELCACL_LOW,2033,0.0
RE1,DEMTERELCACL_LOW,2034,0.0
RE1,DEMTERELCACL_LOW,2035,0.0
RE1,DEMTERELCACL_LOW,2036,0.0
RE1,DEMTERELCACL_LOW,2037,0.0
RE1,DEMTERELCACL_LOW,2038,0.0
RE1,DEMTERELCACL_LOW,2039,0.0
RE1,DEMTERELCACL_LOW,2040,0.0
RE1,DEMTERELCACL_LOW,2041,0.0
RE1,DEMTERELCACL_LOW,2042,0.0
RE1,DEMTERELCACL_LOW,2043,0.0
RE1,DEMTERELCACL_LOW,2044,0.0
RE1,DEMTERELCACL_LOW,2045,0.0
RE1,DEMTERELCACL_LOW,2046,0.0
RE1,DEMTERELCACL_LOW,2047,0.0
RE1,DEMTERELCACL_LOW,2048,0.0
RE1,DEMTERELCACL_LOW,2049,0.0
RE1,DEMTERELCACL_LOW,2050,0.0
RE1,DEMTERELCACL_LOW,2051,0.0
RE1,DEMTERELCACL_LOW,2052,0.0
RE1,DEMTERELCACL_LOW,2053,0.0
RE1,DEMTERELCACL_LOW,2054,0.0
RE1,DEMTERELCACL_LOW,2055,0.0
RE1,DEMTERELCACL_MID,2022,0.01056284904568999
RE1,DEMTERELCACL_MID,2023,0.01451549361401708
RE1,DEMTERELCACL_MID,2024,0.0345700743442723
RE1,DEMTERELCACL_MID,2025,0.03421788307975016
RE1,DEMTERELCACL_MID,2026,0.03350646497278673
RE1,DEMTERELCACL_MID,2027,0.0
RE1,DEMTERELCACL_MID,2028,0.0
RE1,DEMTERELCACL_MID,2029,0.0
RE1,DEMTERELCACL_MID,2030,0.0
RE1,DEMTERELCACL_MID,2031,0.0
RE1,DEMTERELCACL_MID,2032,0.0
RE1,DEMTERELCACL_MID,2033,0.0
RE1,DEMTERELCACL_MID,2034,0.0
RE1,DEMTERELCACL_MID,2035,0.0
RE1,DEMTERELCACL_MID,2036,0.0
RE1,DEMTERELCACL_MID,2037,0.0
RE1,DEMTERELCACL_MID,2038,0.0
RE1,DEMTERELCACL_MID,2039,0.0
RE1,DEMTERELCACL_MID,2040,0.0
RE1,DEMTERELCACL_MID,2041,0.0
RE1,DEMTERELCACL_MID,2042,0.0
RE1,DEMTERELCACL_MID,2043,0.0
RE1,DEMTERELCACL_MID,2044,0.0
RE1,DEMTERELCACL_MID,2045,0.0
RE1,DEMTERELCACL_MID,2046,0.0
RE1,DEMTERELCACL_MID,2047,0.0
RE1,DEMTERELCACL_MID,2048,0.0
RE1,DEMTERELCACL_MID,2049,0.0
RE1,DEMTERELCACL_MID,2050,0.0
RE1,DEMTERELCACL_MID,2051,0.0
RE1,DEMTERELCACL_MID,2052,0.0
RE1,DEMTERELCACL_MID,2053,0.0
RE1,DEMTERELCACL_MID,2054,0.0
RE1,DEMTERELCACL_MID,2055,0.0
RE1,DEMTERELCAIR_CEN_HIG,2022,0.0
RE1,DEMTERELCAIR_CEN_HIG,2023,0.0
RE1,DEMTERELCAIR_CEN_HIG,2024,0.0
RE1,DEMTERELCAIR_CEN_HIG,2025,0.0
RE1,DEMTERELCAIR_CEN_HIG,2026,0.0
RE1,DEMTERELCAIR_CEN_HIG,2027,0.0
RE1,DEMTERELCAIR_CEN_HIG,2028,0.0
RE1,DEMTERELCAIR_CEN_HIG,2029,0.0
RE1,DEMTERELCAIR_CEN_HIG,2030,0.0
RE1,DEMTERELCAIR_CEN_HIG,2031,0.0
RE1,DEMTERELCAIR_CEN_HIG,2032,0.0
RE1,DEMTERELCAIR_CEN_HIG,2033,0.0
RE1,DEMTERELCAIR_CEN_HIG,2034,0.0
RE1,DEMTERELCAIR_CEN_HIG,2035,0.0
RE1,DEMTERELCAIR_CEN_HIG,2036,0.0
RE1,DEMTERELCAIR_CEN_HIG,2037,0.0
RE1,DEMTERELCAIR_CEN_HIG,2038,0.0
RE1,DEMTERELCAIR_CEN_HIG,2039,0.0
RE1,DEMTERELCAIR_CEN_HIG,2040,0.0
RE1,DEMTERELCAIR_CEN_HIG,2041,0.0
RE1,DEMTERELCAIR_CEN_HIG,2042,0.0
RE1,DEMTERELCAIR_CEN_HIG,2043,0.0
RE1,DEMTERELCAIR_CEN_HIG,2044,0.0
RE1,DEMTERELCAIR_CEN_HIG,2045,0.0
RE1,DEMTERELCAIR_CEN_HIG,2046,0.0
RE1,DEMTERELCAIR_CEN_HIG,2047,0.0
RE1,DEMTERELCAIR_CEN_HIG,2048,0.0
RE1,DEMTERELCAIR_CEN_HIG,2049,0.0
RE1,DEMTERELCAIR_CEN_HIG,2050,0.0
RE1,DEMTERELCAIR_CEN_HIG,2051,0.0
RE1,DEMTERELCAIR_CEN_HIG,2052,0.0
RE1,DEMTERELCAIR_CEN_HIG,2053,0.0
RE1,DEMTERELCAIR_CEN_HIG,2054,0.0
RE1,DEMTERELCAIR_CEN_HIG,2055,0.0
RE1,DEMTERELCAIR_CEN_LOW,2022,18.09438686751537
RE1,DEMTERELCAIR_CEN_LOW,2023,18.67538495665549
RE1,DEMTERELCAIR_CEN_LOW,2024,19.12660890826198
RE1,DEMTERELCAIR_CEN_LOW,2025,18.84836588812414
RE1,DEMTERELCAIR_CEN_LOW,2026,18.29008631738323
RE1,DEMTERELCAIR_CEN_LOW,2027,0.0
RE1,DEMTERELCAIR_CEN_LOW,2028,0.0
RE1,DEMTERELCAIR_CEN_LOW,2029,0.0
RE1,DEMTERELCAIR_CEN_LOW,2030,0.0
RE1,DEMTERELCAIR_CEN_LOW,2031,0.0
RE1,DEMTERELCAIR_CEN_LOW,2032,0.0
RE1,DEMTERELCAIR_CEN_LOW,2033,0.0
RE1,DEMTERELCAIR_CEN_LOW,2034,0.0
RE1,DEMTERELCAIR_CEN_LOW,2035,0.0
RE1,DEMTERELCAIR_CEN_LOW,2036,0.0
RE1,DEMTERELCAIR_CEN_LOW,2037,0.0
RE1,DEMTERELCAIR_CEN_LOW,2038,0.0
RE1,DEMTERELCAIR_CEN_LOW,2039,0.0
RE1,DEMTERELCAIR_CEN_LOW,2040,0.0
RE1,DEMTERELCAIR_CEN_LOW,2041,0.0
RE1,DEMTERELCAIR_CEN_LOW,2042,0.0
RE1,DEMTERELCAIR_CEN_LOW,2043,0.0
RE1,DEMTERELCAIR_CEN_LOW,2044,0.0
RE1,DEMTERELCAIR_CEN_LOW,2045,0.0
RE1,DEMTERELCAIR_CEN_LOW,2046,0.0
RE1,DEMTERELCAIR_CEN_LOW,2047,0.0
RE1,DEMTERELCAIR_CEN_LOW,2048,0.0
RE1,DEMTERELCAIR_CEN_LOW,2049,0.0
RE1,DEMTERELCAIR_CEN_LOW,2050,0.0
RE1,DEMTERELCAIR_CEN_LOW,2051,0.0
RE1,DEMTERELCAIR_CEN_LOW,2052,0.0
RE1,DEMTERELCAIR_CEN_LOW,2053,0.0
RE1,DEMTERELCAIR_CEN_LOW,2054,0.0
RE1,DEMTERELCAIR_CEN_LOW,2055,0.0
RE1,DEMTERELCAIR_CEN_MID,2022,0.09340700689367389
RE1,DEMTERELCAIR_CEN_MID,2023,0.1321116066404905
RE1,DEMTERELCAIR_CEN_MID,2024,0.3242602902653258
RE1,DEMTERELCAIR_CEN_MID,2025,0.3241565435727969
RE1,DEMTERELCAIR_CEN_MID,2026,0.3239437843946493
RE1,DEMTERELCAIR_CEN_MID,2027,0.3234732943472824
RE1,DEMTERELCAIR_CEN_MID,2028,0.3225616790391205
RE1,DEMTERELCAIR_CEN_MID,2029,0.3209568075905255
RE1,DEMTERELCAIR_CEN_MID,2030,0.3183316442519788
RE1,DEMTERELCAIR_CEN_MID,2031,0.3142838499460999
RE1,DEMTERELCAIR_CEN_MID,2032,0.3083446407220104
RE1,DEMTERELCAIR_CEN_MID,2033,0.3000012250907863
RE1,DEMTERELCAIR_CEN_MID,2034,0.2887373628289729
RE1,DEMTERELCAIR_CEN_MID,2035,0.2740954924557321
RE1,DEMTERELCAIR_CEN_MID,2036,0.2557606051371194
RE1,DEMTERELCAIR_CEN_MID,2037,0.2336598810658787
RE1,DEMTERELCAIR_CEN_MID,2038,0.208063068104732
RE1,DEMTERELCAIR_CEN_MID,2039,0.179658272125161
RE1,DEMTERELCAIR_CEN_MID,2040,0.1495701660396311
RE1,DEMTERELCAIR_CEN_MID,2041,0.1192886943768977
RE1,DEMTERELCAIR_CEN_MID,2042,0.09049232095536025
RE1,DEMTERELCAIR_CEN_MID,2043,0.06478256822424994
RE1,DEMTERELCAIR_CEN_MID,2044,0.04338828053061339
RE1,DEMTERELCAIR_CEN_MID,2045,0.02692961359659832
RE1,DEMTERELCAIR_CEN_MID,2046,0.01532964822499457
RE1,DEMTERELCAIR_CEN_MID,2047,0.007913867167161883
RE1,DEMTERELCAIR_CEN_MID,2048,0.003660182907106384
RE1,DEMTERELCAIR_CEN_MID,2049,0.001496765667253494
RE1,DEMTERELCAIR_CEN_MID,2050,0.0
RE1,DEMTERELCAIR_CEN_MID,2051,0.0
RE1,DEMTERELCAIR_CEN_MID,2052,0.0
RE1,DEMTERELCAIR_CEN_MID,2053,0.0
RE1,DEMTERELCAIR_CEN_MID,2054,0.0
RE1,DEMTERELCAIR_CEN_MID,2055,0.0
RE1,DEMTERELCAIR_SPL_HIG,2022,0.0
RE1,DEMTERELCAIR_SPL_HIG,2023,0.0
RE1,DEMTERELCAIR_SPL_HIG,2024,0.0
RE1,DEMTERELCAIR_SPL_HIG,2025,0.0
RE1,DEMTERELCAIR_SPL_HIG,2026,0.0
RE1,DEMTERELCAIR_SPL_HIG,2027,0.0
RE1,DEMTERELCAIR_SPL_HIG,2028,0.0
RE1,DEMTERELCAIR_SPL_HIG,2029,0.0
RE1,DEMTERELCAIR_SPL_HIG,2030,0.0
RE1,DEMTERELCAIR_SPL_HIG,2031,0.0
RE1,DEMTERELCAIR_SPL_HIG,2032,0.0
RE1,DEMTERELCAIR_SPL_HIG,2033,0.0
RE1,DEMTERELCAIR_SPL_HIG,2034,0.0
RE1,DEMTERELCAIR_SPL_HIG,2035,0.0
RE1,DEMTERELCAIR_SPL_HIG,2036,0.0
RE1,DEMTERELCAIR_SPL_HIG,2037,0.0
RE1,DEMTERELCAIR_SPL_HIG,2038,0.0
RE1,DEMTERELCAIR_SPL_HIG,2039,0.0
RE1,DEMTERELCAIR_SPL_HIG,2040,0.0
RE1,DEMTERELCAIR_SPL_HIG,2041,0.0
RE1,DEMTERELCAIR_SPL_HIG,2042,0.0
RE1,DEMTERELCAIR_SPL_HIG,2043,0.0
RE1,DEMTERELCAIR_SPL_HIG,2044,0.0
RE1,DEMTERELCAIR_SPL_HIG,2045,0.0
RE1,DEMTERELCAIR_SPL_HIG,2046,0.0
RE1,DEMTERELCAIR_SPL_HIG,2047,0.0
RE1,DEMTERELCAIR_SPL_HIG,2048,0.0
RE1,DEMTERELCAIR_SPL_HIG,2049,0.0
RE1,DEMTERELCAIR_SPL_HIG,2050,0.0
RE1,DEMTERELCAIR_SPL_HIG,2051,0.0
RE1,DEMTERELCAIR_SPL_HIG,2052,0.0
RE1,DEMTERELCAIR_SPL_HIG,2053,0.0
RE1,DEMTERELCAIR_SPL_HIG,2054,0.0
RE1,DEMTERELCAIR_SPL_HIG,2055,0.0
RE1,DEMTERELCAIR_SPL_LOW,2022,1.990347763960202
RE1,DEMTERELCAIR_SPL_LOW,2023,2.054256436635994
RE1,DEMTERELCAIR_SPL_LOW,2024,2.103890203709781
RE1,DEMTERELCAIR_SPL_LOW,2025,2.07328400649383
RE1,DEMTERELCAIR_SPL_LOW,2026,2.011874327159313
RE1,DEMTERELCAIR_SPL_LOW,2027,0.0
RE1,DEMTERELCAIR_SPL_LOW,2028,0.0
RE1,DEMTERELCAIR_SPL_LOW,2029,0.0
RE1,DEMTERELCAIR_SPL_LOW,2030,0.0
RE1,DEMTERELCAIR_SPL_LOW,2031,0.0
RE1,DEMTERELCAIR_SPL_LOW,2032,0.0
RE1,DEMTERELCAIR_SPL_LOW,2033,0.0
RE1,DEMTERELCAIR_SPL_LOW,2034,0.0
RE1,DEMTERELCAIR_SPL_LOW,2035,0.0
RE1,DEMTERELCAIR_SPL_LOW,2036,0.0
RE1,DEMTERELCAIR_SPL_LOW,2037,0.0
RE1,DEMTERELCAIR_SPL_LOW,2038,0.0
RE1,DEMTERELCAIR_SPL_LOW,2039,0.0
RE1,DEMTERELCAIR_SPL_LOW,2040,0.0
RE1,DEMTERELCAIR_SPL_LOW,2041,0.0
RE1,DEMTERELCAIR_SPL_LOW,2042,0.0
RE1,DEMTERELCAIR_SPL_LOW,2043,0.0
RE1,DEMTERELCAIR_SPL_LOW,2044,0.0
RE1,DEMTERELCAIR_SPL_LOW,2045,0.0
RE1,DEMTERELCAIR_SPL_LOW,2046,0.0
RE1,DEMTERELCAIR_SPL_LOW,2047,0.0
RE1,DEMTERELCAIR_SPL_LOW,2048,0.0
RE1,DEMTERELCAIR_SPL_LOW,2049,0.0
RE1,DEMTERELCAIR_SPL_LOW,2050,0.0
RE1,DEMTERELCAIR_SPL_LOW,2051,0.0
RE1,DEMTERELCAIR_SPL_LOW,2052,0.0
RE1,DEMTERELCAIR_SPL_LOW,2053,0.0
RE1,DEMTERELCAIR_SPL_LOW,2054,0.0
RE1,DEMTERELCAIR_SPL_LOW,2055,0.0
RE1,DEMTERELCAIR_SPL_MID,2022,0.01027459115748239
RE1,DEMTERELCAIR_SPL_MID,2023,0.01453202270932747
RE1,DEMTERELCAIR_SPL_MID,2024,0.03566800844903671
RE1,DEMTERELCAIR_SPL_MID,2025,0.03565659651234027
RE1,DEMTERELCAIR_SPL_MID,2026,0.03563319341183244
RE1,DEMTERELCAIR_SPL_MID,2027,0.0355814404112694
RE1,DEMTERELCAIR_SPL_MID,2028,0.03548116448020431
RE1,DEMTERELCAIR_SPL_MID,2029,0.03530463170666838
RE1,DEMTERELCAIR_SPL_MID,2030,0.0350158687870313
RE1,DEMTERELCAIR_SPL_MID,2031,0.03457061919638942
RE1,DEMTERELCAIR_SPL_MID,2032,0.03391731760151303
RE1,DEMTERELCAIR_SPL_MID,2033,0.03299955792460402
RE1,DEMTERELCAIR_SPL_MID,2034,0.03176055473369709
RE1,DEMTERELCAIR_SPL_MID,2035,0.03014997714568863
RE1,DEMTERELCAIR_SPL_MID,2036,0.02813317479453639
RE1,DEMTERELCAIR_SPL_MID,2037,0.02570213764145846
RE1,DEMTERELCAIR_SPL_MID,2038,0.02288653743268932
RE1,DEMTERELCAIR_SPL_MID,2039,0.01976206449101799
RE1,DEMTERELCAIR_SPL_MID,2040,0.01645243067432072
RE1,DEMTERELCAIR_SPL_MID,2041,0.01312152701592991
RE1,DEMTERELCAIR_SPL_MID,2042,0.009953981308558268
RE1,DEMTERELCAIR_SPL_MID,2043,0.007125957942251096
RE1,DEMTERELCAIR_SPL_MID,2044,0.004772627432390171
RE1,DEMTERELCAIR_SPL_MID,2045,0.002962205715990734
RE1,DEMTERELCAIR_SPL_MID,2046,0.001686231829258113
RE1,DEMTERELCAIR_SPL_MID,2047,0.0008705101717879654
RE1,DEMTERELCAIR_SPL_MID,2048,0.0004026130820670845
RE1,DEMTERELCAIR_SPL_MID,2049,0.0001646413454516496
RE1,DEMTERELCAIR_SPL_MID,2050,0.0
RE1,DEMTERELCAIR_SPL_MID,2051,0.0
RE1,DEMTERELCAIR_SPL_MID,2052,0.0
RE1,DEMTERELCAIR_SPL_MID,2053,0.0
RE1,DEMTERELCAIR_SPL_MID,2054,0.0
RE1,DEMTERELCAIR_SPL_MID,2055,0.0
RE1,DEMTERELCCKN_HIG,2022,0.0
RE1,DEMTERELCCKN_HIG,2023,0.0
RE1,DEMTERELCCKN_HIG,2024,0.0
RE1,DEMTERELCCKN_HIG,2025,0.0
RE1,DEMTERELCCKN_HIG,2026,0.0
RE1,DEMTERELCCKN_HIG,2027,0.0
RE1,DEMTERELCCKN_HIG,2028,0.0
RE1,DEMTERELCCKN_HIG,2029,0.0
RE1,DEMTERELCCKN_HIG,2030,0.0
RE1,DEMTERELCCKN_HIG,2031,0.0
RE1,DEMTERELCCKN_HIG,2032,0.0
RE1,DEMTERELCCKN_HIG,2033,0.0
RE1,DEMTERELCCKN_HIG,2034,0.0
RE1,DEMTERELCCKN_HIG,2035,0.0
RE1,DEMTERELCCKN_HIG,2036,0.0
RE1,DEMTERELCCKN_HIG,2037,0.0
RE1,DEMTERELCCKN_HIG,2038,0.0
RE1,DEMTERELCCKN_HIG,2039,0.0
RE1,DEMTERELCCKN_HIG,2040,0.0
RE1,DEMTERELCCKN_HIG,2041,0.0
RE1,DEMTERELCCKN_HIG,2042,0.0
RE1,DEMTERELCCKN_HIG,2043,0.0
RE1,DEMTERELCCKN_HIG,2044,0.0
RE1,DEMTERELCCKN_HIG,2045,0.0
RE1,DEMTERELCCKN_HIG,2046,0.0
RE1,DEMTERELCCKN_HIG,2047,0.0
RE1,DEMTERELCCKN_HIG,2048,0.0
RE1,DEMTERELCCKN_HIG,2049,0.0
RE1,DEMTERELCCKN_HIG,2050,0.0
RE1,DEMTERELCCKN_HIG,2051,0.0
RE1,DEMTERELCCKN_HIG,2052,0.0
RE1,DEMTERELCCKN_HIG,2053,0.0
RE1,DEMTERELCCKN_HIG,2054,0.0
RE1,DEMTERELCCKN_HIG,2055,0.0
RE1,DEMTERELCCKN_LOW,2022,0.0
RE1,DEMTERELCCKN_LOW,2023,0.0
RE1,DEMTERELCCKN_LOW,2024,0.0
RE1,DEMTERELCCKN_LOW,2025,0.0
RE1,DEMTERELCCKN_LOW,2026,0.0
RE1,DEMTERELCCKN_LOW,2027,0.0
RE1,DEMTERELCCKN_LOW,2028,0.0
RE1,DEMTERELCCKN_LOW,2029,0.0
RE1,DEMTERELCCKN_LOW,2030,0.0
RE1,DEMTERELCCKN_LOW,2031,0.0
RE1,DEMTERELCCKN_LOW,2032,0.0
RE1,DEMTERELCCKN_LOW,2033,0.0
RE1,DEMTERELCCKN_LOW,2034,0.0
RE1,DEMTERELCCKN_LOW,2035,0.0
RE1,DEMTERELCCKN_LOW,2036,0.0
RE1,DEMTERELCCKN_LOW,2037,0.0
RE1,DEMTERELCCKN_LOW,2038,0.0
RE1,DEMTERELCCKN_LOW,2039,0.0
RE1,DEMTERELCCKN_LOW,2040,0.0
RE1,DEMTERELCCKN_LOW,2041,0.0
RE1,DEMTERELCCKN_LOW,2042,0.0
RE1,DEMTERELCCKN_LOW,2043,0.0
RE1,DEMTERELCCKN_LOW,2044,0.0
RE1,DEMTERELCCKN_LOW,2045,0.0
RE1,DEMTERELCCKN_LOW,2046,0.0
RE1,DEMTERELCCKN_LOW,2047,0.0
RE1,DEMTERELCCKN_LOW,2048,0.0
RE1,DEMTERELCCKN_LOW,2049,0.0
RE1,DEMTERELCCKN_LOW,2050,0.0
RE1,DEMTERELCCKN_LOW,2051,0.0
RE1,DEMTERELCCKN_LOW,2052,0.0
RE1,DEMTERELCCKN_LOW,2053,0.0
RE1,DEMTERELCCKN_LOW,2054,0.0
RE1,DEMTERELCCKN_LOW,2055,0.0
RE1,DEMTERELCCKN_MID,2022,0.0
RE1,DEMTERELCCKN_MID,2023,0.0
RE1,DEMTERELCCKN_MID,2024,0.0
RE1,DEMTERELCCKN_MID,2025,0.0
RE1,DEMTERELCCKN_MID,2026,0.0
RE1,DEMTERELCCKN_MID,2027,0.0
RE1,DEMTERELCCKN_MID,2028,0.0
RE1,DEMTERELCCKN_MID,2029,0.0
RE1,DEMTERELCCKN_MID,2030,0.0
RE1,DEMTERELCCKN_MID,2031,0.0
RE1,DEMTERELCCKN_MID,2032,0.0
RE1,DEMTERELCCKN_MID,2033,0.0
RE1,DEMTERELCCKN_MID,2034,0.0
RE1,DEMTERELCCKN_MID,2035,0.0
RE1,DEMTERELCCKN_MID,2036,0.0
RE1,DEMTERELCCKN_MID,2037,0.0
RE1,DEMTERELCCKN_MID,2038,0.0
RE1,DEMTERELCCKN_MID,2039,0.0
RE1,DEMTERELCCKN_MID,2040,0.0
RE1,DEMTERELCCKN_MID,2041,0.0
RE1,DEMTERELCCKN_MID,2042,0.0
RE1,DEMTERELCCKN_MID,2043,0.0
RE1,DEMTERELCCKN_MID,2044,0.0
RE1,DEMTERELCCKN_MID,2045,0.0
RE1,DEMTERELCCKN_MID,2046,0.0
RE1,DEMTERELCCKN_MID,2047,0.0
RE1,DEMTERELCCKN_MID,2048,0.0
RE1,DEMTERELCCKN_MID,2049,0.0
RE1,DEMTERELCCKN_MID,2050,0.0
RE1,DEMTERELCCKN_MID,2051,0.0
RE1,DEMTERELCCKN_MID,2052,0.0
RE1,DEMTERELCCKN_MID,2053,0.0
RE1,DEMTERELCCKN_MID,2054,0.0
RE1,DEMTERELCCKN_MID,2055,0.0
RE1,DEMTERELCDATA,2022,0.0
RE1,DEMTERELCDATA,2023,0.0
RE1,DEMTERELCDATA,2024,0.0
RE1,DEMTERELCDATA,2025,0.0
RE1,DEMTERELCDATA,2026,0.0
RE1,DEMTERELCDATA,2027,0.0
RE1,DEMTERELCDATA,2028,0.0
RE1,DEMTERELCDATA,2029,0.0
RE1,DEMTERELCDATA,2030,0.0
RE1,DEMTERELCDATA,2031,0.0
RE1,DEMTERELCDATA,2032,0.0
RE1,DEMTERELCDATA,2033,0.0
RE1,DEMTERELCDATA,2034,0.0
RE1,DEMTERELCDATA,2035,0.0
RE1,DEMTERELCDATA,2036,0.0
RE1,DEMTERELCDATA,2037,0.0
RE1,DEMTERELCDATA,2038,0.0
RE1,DEMTERELCDATA,2039,0.0
RE1,DEMTERELCDATA,2040,0.0
RE1,DEMTERELCDATA,2041,0.0
RE1,DEMTERELCDATA,2042,0.0
RE1,DEMTERELCDATA,2043,0.0
RE1,DEMTERELCDATA,2044,0.0
RE1,DEMTERELCDATA,2045,0.0
RE1,DEMTERELCDATA,2046,0.0
RE1,DEMTERELCDATA,2047,0.0
RE1,DEMTERELCDATA,2048,0.0
RE1,DEMTERELCDATA,2049,0.0
RE1,DEMTERELCDATA,2050,0.0
RE1,DEMTERELCDATA,2051,0.0
RE1,DEMTERELCDATA,2052,0.0
RE1,DEMTERELCDATA,2053,0.0
RE1,DEMTERELCDATA,2054,0.0
RE1,DEMTERELCDATA,2055,0.0
RE1,DEMTERELCFAN_HIG,2022,0.0
RE1,DEMTERELCFAN_HIG,2023,0.0
RE1,DEMTERELCFAN_HIG,2024,0.0
RE1,DEMTERELCFAN_HIG,2025,0.0
RE1,DEMTERELCFAN_HIG,2026,0.0
RE1,DEMTERELCFAN_HIG,2027,0.0
RE1,DEMTERELCFAN_HIG,2028,0.0
RE1,DEMTERELCFAN_HIG,2029,0.0
RE1,DEMTERELCFAN_HIG,2030,0.0
RE1,DEMTERELCFAN_HIG,2031,0.0
RE1,DEMTERELCFAN_HIG,2032,0.0
RE1,DEMTERELCFAN_HIG,2033,0.0
RE1,DEMTERELCFAN_HIG,2034,0.0
RE1,DEMTERELCFAN_HIG,2035,0.0
RE1,DEMTERELCFAN_HIG,2036,0.0
RE1,DEMTERELCFAN_HIG,2037,0.0
RE1,DEMTERELCFAN_HIG,2038,0.0
RE1,DEMTERELCFAN_HIG,2039,0.0
RE1,DEMTERELCFAN_HIG,2040,0.0
RE1,DEMTERELCFAN_HIG,2041,0.0
RE1,DEMTERELCFAN_HIG,2042,0.0
RE1,DEMTERELCFAN_HIG,2043,0.0
RE1,DEMTERELCFAN_HIG,2044,0.0
RE1,DEMTERELCFAN_HIG,2045,0.0
RE1,DEMTERELCFAN_HIG,2046,0.0
RE1,DEMTERELCFAN_HIG,2047,0.0
RE1,DEMTERELCFAN_HIG,2048,0.0
RE1,DEMTERELCFAN_HIG,2049,0.0
RE1,DEMTERELCFAN_HIG,2050,0.0
RE1,DEMTERELCFAN_HIG,2051,0.0
RE1,DEMTERELCFAN_HIG,2052,0.0
RE1,DEMTERELCFAN_HIG,2053,0.0
RE1,DEMTERELCFAN_HIG,2054,0.0
RE1,DEMTERELCFAN_HIG,2055,0.0
RE1,DEMTERELCFAN_LOW,2022,0.5082377796920682
RE1,DEMTERELCFAN_LOW,2023,0.5244238417793098
RE1,DEMTERELCFAN_LOW,2024,0.5363923943523321
RE1,DEMTERELCFAN_LOW,2025,0.5362207762465008
RE1,DEMTERELCFAN_LOW,2026,0.5358688293433087
RE1,DEMTERELCFAN_LOW,2027,0.0
RE1,DEMTERELCFAN_LOW,2028,0.0
RE1,DEMTERELCFAN_LOW,2029,0.0
RE1,DEMTERELCFAN_LOW,2030,0.0
RE1,DEMTERELCFAN_LOW,2031,0.0
RE1,DEMTERELCFAN_LOW,2032,0.0
RE1,DEMTERELCFAN_LOW,2033,0.0
RE1,DEMTERELCFAN_LOW,2034,0.0
RE1,DEMTERELCFAN_LOW,2035,0.0
RE1,DEMTERELCFAN_LOW,2036,0.0
RE1,DEMTERELCFAN_LOW,2037,0.0
RE1,DEMTERELCFAN_LOW,2038,0.0
RE1,DEMTERELCFAN_LOW,2039,0.0
RE1,DEMTERELCFAN_LOW,2040,0.0
RE1,DEMTERELCFAN_LOW,2041,0.0
RE1,DEMTERELCFAN_LOW,2042,0.0
RE1,DEMTERELCFAN_LOW,2043,0.0
RE1,DEMTERELCFAN_LOW,2044,0.0
RE1,DEMTERELCFAN_LOW,2045,0.0
RE1,DEMTERELCFAN_LOW,2046,0.0
RE1,DEMTERELCFAN_LOW,2047,0.0
RE1,DEMTERELCFAN_LOW,2048,0.0
RE1,DEMTERELCFAN_LOW,2049,0.0
RE1,DEMTERELCFAN_LOW,2050,0.0
RE1,DEMTERELCFAN_LOW,2051,0.0
RE1,DEMTERELCFAN_LOW,2052,0.0
RE1,DEMTERELCFAN_LOW,2053,0.0
RE1,DEMTERELCFAN_LOW,2054,0.0
RE1,DEMTERELCFAN_LOW,2055,0.0
RE1,DEMTERELCFAN_MID,2022,0.003060592503550517
RE1,DEMTERELCFAN_MID,2023,0.004327696735851407
RE1,DEMTERELCFAN_MID,2024,0.01060819224159419
RE1,DEMTERELCFAN_MID,2025,0.01060479816315839
RE1,DEMTERELCFAN_MID,2026,0.0105978377355923
RE1,DEMTERELCFAN_MID,2027,0.0
RE1,DEMTERELCFAN_MID,2028,0.0
RE1,DEMTERELCFAN_MID,2029,0.0
RE1,DEMTERELCFAN_MID,2030,0.0
RE1,DEMTERELCFAN_MID,2031,0.0
RE1,DEMTERELCFAN_MID,2032,0.0
RE1,DEMTERELCFAN_MID,2033,0.0
RE1,DEMTERELCFAN_MID,2034,0.0
RE1,DEMTERELCFAN_MID,2035,0.0
RE1,DEMTERELCFAN_MID,2036,0.0
RE1,DEMTERELCFAN_MID,2037,0.0
RE1,DEMTERELCFAN_MID,2038,0.0
RE1,DEMTERELCFAN_MID,2039,0.0
RE1,DEMTERELCFAN_MID,2040,0.0
RE1,DEMTERELCFAN_MID,2041,0.0
RE1,DEMTERELCFAN_MID,2042,0.0
RE1,DEMTERELCFAN_MID,2043,0.0
RE1,DEMTERELCFAN_MID,2044,0.0
RE1,DEMTERELCFAN_MID,2045,0.0
RE1,DEMTERELCFAN_MID,2046,0.0
RE1,DEMTERELCFAN_MID,2047,0.0
RE1,DEMTERELCFAN_MID,2048,0.0
RE1,DEMTERELCFAN_MID,2049,0.0
RE1,DEMTERELCFAN_MID,2050,0.0
RE1,DEMTERELCFAN_MID,2051,0.0
RE1,DEMTERELCFAN_MID,2052,0.0
RE1,DEMTERELCFAN_MID,2053,0.0
RE1,DEMTERELCFAN_MID,2054,0.0
RE1,DEMTERELCFAN_MID,2055,0.0
RE1,DEMTERELCILU_CIA,2022,0.000717701177095963
RE1,DEMTERELCILU_CIA,2023,0.0007420868256850773
RE1,DEMTERELCILU_CIA,2024,0.0007671157902450676
RE1,DEMTERELCILU_CIA,2025,0.0007940813038179258
RE1,DEMTERELCILU_CIA,2026,0.0008253951042688573
RE1,DEMTERELCILU_CIA,2027,0.0
RE1,DEMTERELCILU_CIA,2028,0.0
RE1,DEMTERELCILU_CIA,2029,0.0
RE1,DEMTERELCILU_CIA,2030,0.0
RE1,DEMTERELCILU_CIA,2031,0.0
RE1,DEMTERELCILU_CIA,2032,0.0
RE1,DEMTERELCILU_CIA,2033,0.0
RE1,DEMTERELCILU_CIA,2034,0.0
RE1,DEMTERELCILU_CIA,2035,0.0
RE1,DEMTERELCILU_CIA,2036,0.0
RE1,DEMTERELCILU_CIA,2037,0.0
RE1,DEMTERELCILU_CIA,2038,0.0
RE1,DEMTERELCILU_CIA,2039,0.0
RE1,DEMTERELCILU_CIA,2040,0.0
RE1,DEMTERELCILU_CIA,2041,0.0
RE1,DEMTERELCILU_CIA,2042,0.0
RE1,DEMTERELCILU_CIA,2043,0.0
RE1,DEMTERELCILU_CIA,2044,0.0
RE1,DEMTERELCILU_CIA,2045,0.0
RE1,DEMTERELCILU_CIA,2046,0.0
RE1,DEMTERELCILU_CIA,2047,0.0
RE1,DEMTERELCILU_CIA,2048,0.0
RE1,DEMTERELCILU_CIA,2049,0.0
RE1,DEMTERELCILU_CIA,2050,0.0
RE1,DEMTERELCILU_CIA,2051,0.0
RE1,DEMTERELCILU_CIA,2052,0.0
RE1,DEMTERELCILU_CIA,2053,0.0
RE1,DEMTERELCILU_CIA,2054,0.0
RE1,DEMTERELCILU_CIA,2055,0.0
RE1,DEMTERELCILU_HAL,2022,0.0
RE1,DEMTERELCILU_HAL,2023,0.0
RE1,DEMTERELCILU_HAL,2024,0.0
RE1,DEMTERELCILU_HAL,2025,0.0
RE1,DEMTERELCILU_HAL,2026,0.0
RE1,DEMTERELCILU_HAL,2027,0.0
RE1,DEMTERELCILU_HAL,2028,0.0
RE1,DEMTERELCILU_HAL,2029,0.0
RE1,DEMTERELCILU_HAL,2030,0.0
RE1,DEMTERELCILU_HAL,2031,0.0
RE1,DEMTERELCILU_HAL,2032,0.0
RE1,DEMTERELCILU_HAL,2033,0.0
RE1,DEMTERELCILU_HAL,2034,0.0
RE1,DEMTERELCILU_HAL,2035,0.0
RE1,DEMTERELCILU_HAL,2036,0.0
RE1,DEMTERELCILU_HAL,2037,0.0
RE1,DEMTERELCILU_HAL,2038,0.0
RE1,DEMTERELCILU_HAL,2039,0.0
RE1,DEMTERELCILU_HAL,2040,0.0
RE1,DEMTERELCILU_HAL,2041,0.0
RE1,DEMTERELCILU_HAL,2042,0.0
RE1,DEMTERELCILU_HAL,2043,0.0
RE1,DEMTERELCILU_HAL,2044,0.0
RE1,DEMTERELCILU_HAL,2045,0.0
RE1,DEMTERELCILU_HAL,2046,0.0
RE1,DEMTERELCILU_HAL,2047,0.0
RE1,DEMTERELCILU_HAL,2048,0.0
RE1,DEMTERELCILU_HAL,2049,0.0
RE1,DEMTERELCILU_HAL,2050,0.0
RE1,DEMTERELCILU_HAL,2051,0.0
RE1,DEMTERELCILU_HAL,2052,0.0
RE1,DEMTERELCILU_HAL,2053,0.0
RE1,DEMTERELCILU_HAL,2054,0.0
RE1,DEMTERELCILU_HAL,2055,0.0
RE1,DEMTERELCILU_HIG,2022,0.0
RE1,DEMTERELCILU_HIG,2023,0.0
RE1,DEMTERELCILU_HIG,2024,0.0
RE1,DEMTERELCILU_HIG,2025,0.0
RE1,DEMTERELCILU_HIG,2026,0.0
RE1,DEMTERELCILU_HIG,2027,0.0
RE1,DEMTERELCILU_HIG,2028,0.0
RE1,DEMTERELCILU_HIG,2029,0.0
RE1,DEMTERELCILU_HIG,2030,0.0
RE1,DEMTERELCILU_HIG,2031,0.0
RE1,DEMTERELCILU_HIG,2032,0.0
RE1,DEMTERELCILU_HIG,2033,0.0
RE1,DEMTERELCILU_HIG,2034,0.0
RE1,DEMTERELCILU_HIG,2035,0.0
RE1,DEMTERELCILU_HIG,2036,0.0
RE1,DEMTERELCILU_HIG,2037,0.0
RE1,DEMTERELCILU_HIG,2038,0.0
RE1,DEMTERELCILU_HIG,2039,0.0
RE1,DEMTERELCILU_HIG,2040,0.0
RE1,DEMTERELCILU_HIG,2041,0.0
RE1,DEMTERELCILU_HIG,2042,0.0
RE1,DEMTERELCILU_HIG,2043,0.0
RE1,DEMTERELCILU_HIG,2044,0.0
RE1,DEMTERELCILU_HIG,2045,0.0
RE1,DEMTERELCILU_HIG,2046,0.0
RE1,DEMTERELCILU_HIG,2047,0.0
RE1,DEMTERELCILU_HIG,2048,0.0
RE1,DEMTERELCILU_HIG,2049,0.0
RE1,DEMTERELCILU_HIG,2050,0.0
RE1,DEMTERELCILU_HIG,2051,0.0
RE1,DEMTERELCILU_HIG,2052,0.0
RE1,DEMTERELCILU_HIG,2053,0.0
RE1,DEMTERELCILU_HIG,2054,0.0
RE1,DEMTERELCILU_HIG,2055,0.0
RE1,DEMTERELCILU_LFC,2022,0.0
RE1,DEMTERELCILU_LFC,2023,0.0
RE1,DEMTERELCILU_LFC,2024,0.0
RE1,DEMTERELCILU_LFC,2025,0.0
RE1,DEMTERELCILU_LFC,2026,0.0
RE1,DEMTERELCILU_LFC,2027,0.0
RE1,DEMTERELCILU_LFC,2028,0.0
RE1,DEMTERELCILU_LFC,2029,0.0
RE1,DEMTERELCILU_LFC,2030,0.0
RE1,DEMTERELCILU_LFC,2031,0.0
RE1,DEMTERELCILU_LFC,2032,0.0
RE1,DEMTERELCILU_LFC,2033,0.0
RE1,DEMTERELCILU_LFC,2034,0.0
RE1,DEMTERELCILU_LFC,2035,0.0
RE1,DEMTERELCILU_LFC,2036,0.0
RE1,DEMTERELCILU_LFC,2037,0.0
RE1,DEMTERELCILU_LFC,2038,0.0
RE1,DEMTERELCILU_LFC,2039,0.0
RE1,DEMTERELCILU_LFC,2040,0.0
RE1,DEMTERELCILU_LFC,2041,0.0
RE1,DEMTERELCILU_LFC,2042,0.0
RE1,DEMTERELCILU_LFC,2043,0.0
RE1,DEMTERELCILU_LFC,2044,0.0
RE1,DEMTERELCILU_LFC,2045,0.0
RE1,DEMTERELCILU_LFC,2046,0.0
RE1,DEMTERELCILU_LFC,2047,0.0
RE1,DEMTERELCILU_LFC,2048,0.0
RE1,DEMTERELCILU_LFC,2049,0.0
RE1,DEMTERELCILU_LFC,2050,0.0
RE1,DEMTERELCILU_LFC,2051,0.0
RE1,DEMTERELCILU_LFC,2052,0.0
RE1,DEMTERELCILU_LFC,2053,0.0
RE1,DEMTERELCILU_LFC,2054,0.0
RE1,DEMTERELCILU_LFC,2055,0.0
RE1,DEMTERELCILU_LOW,2022,1.706021286564965
RE1,DEMTERELCILU_LOW,2023,1.777525149843727
RE1,DEMTERELCILU_LOW,2024,2.01415985790213
RE1,DEMTERELCILU_LOW,2025,1.566995003033425
RE1,DEMTERELCILU_LOW,2026,0.9362072459160932
RE1,DEMTERELCILU_LOW,2027,0.0
RE1,DEMTERELCILU_LOW,2028,0.0
RE1,DEMTERELCILU_LOW,2029,0.0
RE1,DEMTERELCILU_LOW,2030,0.0
RE1,DEMTERELCILU_LOW,2031,0.0
RE1,DEMTERELCILU_LOW,2032,0.0
RE1,DEMTERELCILU_LOW,2033,0.0
RE1,DEMTERELCILU_LOW,2034,0.0
RE1,DEMTERELCILU_LOW,2035,0.0
RE1,DEMTERELCILU_LOW,2036,0.0
RE1,DEMTERELCILU_LOW,2037,0.0
RE1,DEMTERELCILU_LOW,2038,0.0
RE1,DEMTERELCILU_LOW,2039,0.0
RE1,DEMTERELCILU_LOW,2040,0.0
RE1,DEMTERELCILU_LOW,2041,0.0
RE1,DEMTERELCILU_LOW,2042,0.0
RE1,DEMTERELCILU_LOW,2043,0.0
RE1,DEMTERELCILU_LOW,2044,0.0
RE1,DEMTERELCILU_LOW,2045,0.0
RE1,DEMTERELCILU_LOW,2046,0.0
RE1,DEMTERELCILU_LOW,2047,0.0
RE1,DEMTERELCILU_LOW,2048,0.0
RE1,DEMTERELCILU_LOW,2049,0.0
RE1,DEMTERELCILU_LOW,2050,0.0
RE1,DEMTERELCILU_LOW,2051,0.0
RE1,DEMTERELCILU_LOW,2052,0.0
RE1,DEMTERELCILU_LOW,2053,0.0
RE1,DEMTERELCILU_LOW,2054,0.0
RE1,DEMTERELCILU_LOW,2055,0.0
RE1,DEMTERELCILU_MID,2022,0.0
RE1,DEMTERELCILU_MID,2023,0.0
RE1,DEMTERELCILU_MID,2024,0.0
RE1,DEMTERELCILU_MID,2025,0.0
RE1,DEMTERELCILU_MID,2026,0.0
RE1,DEMTERELCILU_MID,2027,0.0
RE1,DEMTERELCILU_MID,2028,0.0
RE1,DEMTERELCILU_MID,2029,0.0
RE1,DEMTERELCILU_MID,2030,0.0
RE1,DEMTERELCILU_MID,2031,0.0
RE1,DEMTERELCILU_MID,2032,0.0
RE1,DEMTERELCILU_MID,2033,0.0
RE1,DEMTERELCILU_MID,2034,0.0
RE1,DEMTERELCILU_MID,2035,0.0
RE1,DEMTERELCILU_MID,2036,0.0
RE1,DEMTERELCILU_MID,2037,0.0
RE1,DEMTERELCILU_MID,2038,0.0
RE1,DEMTERELCILU_MID,2039,0.0
RE1,DEMTERELCILU_MID,2040,0.0
RE1,DEMTERELCILU_MID,2041,0.0
RE1,DEMTERELCILU_MID,2042,0.0
RE1,DEMTERELCILU_MID,2043,0.0
RE1,DEMTERELCILU_MID,2044,0.0
RE1,DEMTERELCILU_MID,2045,0.0
RE1,DEMTERELCILU_MID,2046,0.0
RE1,DEMTERELCILU_MID,2047,0.0
RE1,DEMTERELCILU_MID,2048,0.0
RE1,DEMTERELCILU_MID,2049,0.0
RE1,DEMTERELCILU_MID,2050,0.0
RE1,DEMTERELCILU_MID,2051,0.0
RE1,DEMTERELCILU_MID,2052,0.0
RE1,DEMTERELCILU_MID,2053,0.0
RE1,DEMTERELCILU_MID,2054,0.0
RE1,DEMTERELCILU_MID,2055,0.0
RE1,DEMTERELCILU_VAP,2022,0.0
RE1,DEMTERELCILU_VAP,2023,0.0
RE1,DEMTERELCILU_VAP,2024,0.0
RE1,DEMTERELCILU_VAP,2025,0.0
RE1,DEMTERELCILU_VAP,2026,0.0
RE1,DEMTERELCILU_VAP,2027,0.0
RE1,DEMTERELCILU_VAP,2028,0.0
RE1,DEMTERELCILU_VAP,2029,0.0
RE1,DEMTERELCILU_VAP,2030,0.0
RE1,DEMTERELCILU_VAP,2031,0.0
RE1,DEMTERELCILU_VAP,2032,0.0
RE1,DEMTERELCILU_VAP,2033,0.0
RE1,DEMTERELCILU_VAP,2034,0.0
RE1,DEMTERELCILU_VAP,2035,0.0
RE1,DEMTERELCILU_VAP,2036,0.0
RE1,DEMTERELCILU_VAP,2037,0.0
RE1,DEMTERELCILU_VAP,2038,0.0
RE1,DEMTERELCILU_VAP,2039,0.0
RE1,DEMTERELCILU_VAP,2040,0.0
RE1,DEMTERELCILU_VAP,2041,0.0
RE1,DEMTERELCILU_VAP,2042,0.0
RE1,DEMTERELCILU_VAP,2043,0.0
RE1,DEMTERELCILU_VAP,2044,0.0
RE1,DEMTERELCILU_VAP,2045,0.0
RE1,DEMTERELCILU_VAP,2046,0.0
RE1,DEMTERELCILU_VAP,2047,0.0
RE1,DEMTERELCILU_VAP,2048,0.0
RE1,DEMTERELCILU_VAP,2049,0.0
RE1,DEMTERELCILU_VAP,2050,0.0
RE1,DEMTERELCILU_VAP,2051,0.0
RE1,DEMTERELCILU_VAP,2052,0.0
RE1,DEMTERELCILU_VAP,2053,0.0
RE1,DEMTERELCILU_VAP,2054,0.0
RE1,DEMTERELCILU_VAP,2055,0.0
RE1,DEMTERELCMPW_HIG,2022,0.0
RE1,DEMTERELCMPW_HIG,2023,0.0
RE1,DEMTERELCMPW_HIG,2024,0.0
RE1,DEMTERELCMPW_HIG,2025,0.0
RE1,DEMTERELCMPW_HIG,2026,0.0
RE1,DEMTERELCMPW_HIG,2027,0.0
RE1,DEMTERELCMPW_HIG,2028,0.0
RE1,DEMTERELCMPW_HIG,2029,0.0
RE1,DEMTERELCMPW_HIG,2030,0.0
RE1,DEMTERELCMPW_HIG,2031,0.0
RE1,DEMTERELCMPW_HIG,2032,0.0
RE1,DEMTERELCMPW_HIG,2033,0.0
RE1,DEMTERELCMPW_HIG,2034,0.0
RE1,DEMTERELCMPW_HIG,2035,0.0
RE1,DEMTERELCMPW_HIG,2036,0.0
RE1,DEMTERELCMPW_HIG,2037,0.0
RE1,DEMTERELCMPW_HIG,2038,0.0
RE1,DEMTERELCMPW_HIG,2039,0.0
RE1,DEMTERELCMPW_HIG,2040,0.0
RE1,DEMTERELCMPW_HIG,2041,0.0
RE1,DEMTERELCMPW_HIG,2042,0.0
RE1,DEMTERELCMPW_HIG,2043,0.0
RE1,DEMTERELCMPW_HIG,2044,0.0
RE1,DEMTERELCMPW_HIG,2045,0.0
RE1,DEMTERELCMPW_HIG,2046,0.0
RE1,DEMTERELCMPW_HIG,2047,0.0
RE1,DEMTERELCMPW_HIG,2048,0.0
RE1,DEMTERELCMPW_HIG,2049,0.0
RE1,DEMTERELCMPW_HIG,2050,0.0
RE1,DEMTERELCMPW_HIG,2051,0.0
RE1,DEMTERELCMPW_HIG,2052,0.0
RE1,DEMTERELCMPW_HIG,2053,0.0
RE1,DEMTERELCMPW_HIG,2054,0.0
RE1,DEMTERELCMPW_HIG,2055,0.0
RE1,DEMTERELCMPW_LOW,2022,1.803131281864065
RE1,DEMTERELCMPW_LOW,2023,1.860535627364937
RE1,DEMTERELCMPW_LOW,2024,1.902913795010743
RE1,DEMTERELCMPW_LOW,2025,1.902304960015134
RE1,DEMTERELCMPW_LOW,2026,1.90105638784251
RE1,DEMTERELCMPW_LOW,2027,0.0
RE1,DEMTERELCMPW_LOW,2028,0.0
RE1,DEMTERELCMPW_LOW,2029,0.0
RE1,DEMTERELCMPW_LOW,2030,0.0
RE1,DEMTERELCMPW_LOW,2031,0.0
RE1,DEMTERELCMPW_LOW,2032,0.0
RE1,DEMTERELCMPW_LOW,2033,0.0
RE1,DEMTERELCMPW_LOW,2034,0.0
RE1,DEMTERELCMPW_LOW,2035,0.0
RE1,DEMTERELCMPW_LOW,2036,0.0
RE1,DEMTERELCMPW_LOW,2037,0.0
RE1,DEMTERELCMPW_LOW,2038,0.0
RE1,DEMTERELCMPW_LOW,2039,0.0
RE1,DEMTERELCMPW_LOW,2040,0.0
RE1,DEMTERELCMPW_LOW,2041,0.0
RE1,DEMTERELCMPW_LOW,2042,0.0
RE1,DEMTERELCMPW_LOW,2043,0.0
RE1,DEMTERELCMPW_LOW,2044,0.0
RE1,DEMTERELCMPW_LOW,2045,0.0
RE1,DEMTERELCMPW_LOW,2046,0.0
RE1,DEMTERELCMPW_LOW,2047,0.0
RE1,DEMTERELCMPW_LOW,2048,0.0
RE1,DEMTERELCMPW_LOW,2049,0.0
RE1,DEMTERELCMPW_LOW,2050,0.0
RE1,DEMTERELCMPW_LOW,2051,0.0
RE1,DEMTERELCMPW_LOW,2052,0.0
RE1,DEMTERELCMPW_LOW,2053,0.0
RE1,DEMTERELCMPW_LOW,2054,0.0
RE1,DEMTERELCMPW_LOW,2055,0.0
RE1,DEMTERELCMPW_MID,2022,0.01085840192268713
RE1,DEMTERELCMPW_MID,2023,0.01535367639686926
RE1,DEMTERELCMPW_MID,2024,0.03763378371729099
RE1,DEMTERELCMPW_MID,2025,0.03762174283314567
RE1,DEMTERELCMPW_MID,2026,0.03759704991472596
RE1,DEMTERELCMPW_MID,2027,0.03754244464477675
RE1,DEMTERELCMPW_MID,2028,0.03743664219418168
RE1,DEMTERELCMPW_MID,2029,0.03725038014852367
RE1,DEMTERELCMPW_MID,2030,0.03694570260313387
RE1,DEMTERELCMPW_MID,2031,0.03647591391789312
RE1,DEMTERELCMPW_MID,2032,0.03578660683311801
RE1,DEMTERELCMPW_MID,2033,0.03481826655601523
RE1,DEMTERELCMPW_MID,2034,0.03351097803223212
RE1,DEMTERELCMPW_MID,2035,0.03181163648661062
RE1,DEMTERELCMPW_MID,2036,0.02968368186328943
RE1,DEMTERELCMPW_MID,2037,0.02711866266524938
RE1,DEMTERELCMPW_MID,2038,0.02414788594126778
RE1,DEMTERELCMPW_MID,2039,0.02085121354405794
RE1,DEMTERELCMPW_MID,2040,0.0
RE1,DEMTERELCMPW_MID,2041,0.0
RE1,DEMTERELCMPW_MID,2042,0.0
RE1,DEMTERELCMPW_MID,2043,0.0
RE1,DEMTERELCMPW_MID,2044,0.0
RE1,DEMTERELCMPW_MID,2045,0.0
RE1,DEMTERELCMPW_MID,2046,0.0
RE1,DEMTERELCMPW_MID,2047,0.0
RE1,DEMTERELCMPW_MID,2048,0.0
RE1,DEMTERELCMPW_MID,2049,0.0
RE1,DEMTERELCMPW_MID,2050,0.0
RE1,DEMTERELCMPW_MID,2051,0.0
RE1,DEMTERELCMPW_MID,2052,0.0
RE1,DEMTERELCMPW_MID,2053,0.0
RE1,DEMTERELCMPW_MID,2054,0.0
RE1,DEMTERELCMPW_MID,2055,0.0
RE1,DEMTERELCOTH_HIG,2022,0.0
RE1,DEMTERELCOTH_HIG,2023,0.0
RE1,DEMTERELCOTH_HIG,2024,0.0
RE1,DEMTERELCOTH_HIG,2025,0.0
RE1,DEMTERELCOTH_HIG,2026,0.0
RE1,DEMTERELCOTH_HIG,2027,0.0
RE1,DEMTERELCOTH_HIG,2028,0.0
RE1,DEMTERELCOTH_HIG,2029,0.0
RE1,DEMTERELCOTH_HIG,2030,0.0
RE1,DEMTERELCOTH_HIG,2031,0.0
RE1,DEMTERELCOTH_HIG,2032,0.0
RE1,DEMTERELCOTH_HIG,2033,0.0
RE1,DEMTERELCOTH_HIG,2034,0.0
RE1,DEMTERELCOTH_HIG,2035,0.0
RE1,DEMTERELCOTH_HIG,2036,0.0
RE1,DEMTERELCOTH_HIG,2037,0.0
RE1,DEMTERELCOTH_HIG,2038,0.0
RE1,DEMTERELCOTH_HIG,2039,0.0
RE1,DEMTERELCOTH_HIG,2040,0.0
RE1,DEMTERELCOTH_HIG,2041,0.0
RE1,DEMTERELCOTH_HIG,2042,0.0
RE1,DEMTERELCOTH_HIG,2043,0.0
RE1,DEMTERELCOTH_HIG,2044,0.0
RE1,DEMTERELCOTH_HIG,2045,0.0
RE1,DEMTERELCOTH_HIG,2046,0.0
RE1,DEMTERELCOTH_HIG,2047,0.0
RE1,DEMTERELCOTH_HIG,2048,0.0
RE1,DEMTERELCOTH_HIG,2049,0.0
RE1,DEMTERELCOTH_HIG,2050,0.0
RE1,DEMTERELCOTH_HIG,2051,0.0
RE1,DEMTERELCOTH_HIG,2052,0.0
RE1,DEMTERELCOTH_HIG,2053,0.0
RE1,DEMTERELCOTH_HIG,2054,0.0
RE1,DEMTERELCOTH_HIG,2055,0.0
RE1,DEMTERELCOTH_LOW,2022,8.899238318398869
RE1,DEMTERELCOTH_LOW,2023,9.20164870747693
RE1,DEMTERELCOTH_LOW,2024,9.512151033915561
RE1,DEMTERELCOTH_LOW,2025,6.854394898144135
RE1,DEMTERELCOTH_LOW,2026,3.499324806695214
RE1,DEMTERELCOTH_LOW,2027,0.0
RE1,DEMTERELCOTH_LOW,2028,0.0
RE1,DEMTERELCOTH_LOW,2029,0.0
RE1,DEMTERELCOTH_LOW,2030,0.0
RE1,DEMTERELCOTH_LOW,2031,0.0
RE1,DEMTERELCOTH_LOW,2032,0.0
RE1,DEMTERELCOTH_LOW,2033,0.0
RE1,DEMTERELCOTH_LOW,2034,0.0
RE1,DEMTERELCOTH_LOW,2035,0.0
RE1,DEMTERELCOTH_LOW,2036,0.0
RE1,DEMTERELCOTH_LOW,2037,0.0
RE1,DEMTERELCOTH_LOW,2038,0.0
RE1,DEMTERELCOTH_LOW,2039,0.0
RE1,DEMTERELCOTH_LOW,2040,0.0
RE1,DEMTERELCOTH_LOW,2041,0.0
RE1,DEMTERELCOTH_LOW,2042,0.0
RE1,DEMTERELCOTH_LOW,2043,0.0
RE1,DEMTERELCOTH_LOW,2044,0.0
RE1,DEMTERELCOTH_LOW,2045,0.0
RE1,DEMTERELCOTH_LOW,2046,0.0
RE1,DEMTERELCOTH_LOW,2047,0.0
RE1,DEMTERELCOTH_LOW,2048,0.0
RE1,DEMTERELCOTH_LOW,2049,0.0
RE1,DEMTERELCOTH_LOW,2050,0.0
RE1,DEMTERELCOTH_LOW,2051,0.0
RE1,DEMTERELCOTH_LOW,2052,0.0
RE1,DEMTERELCOTH_LOW,2053,0.0
RE1,DEMTERELCOTH_LOW,2054,0.0
RE1,DEMTERELCOTH_LOW,2055,0.0
RE1,DEMTERELCOTH_MID,2022,0.0
RE1,DEMTERELCOTH_MID,2023,0.0
RE1,DEMTERELCOTH_MID,2024,0.0
RE1,DEMTERELCOTH_MID,2025,0.0
RE1,DEMTERELCOTH_MID,2026,0.0
RE1,DEMTERELCOTH_MID,2027,0.0
RE1,DEMTERELCOTH_MID,2028,0.0
RE1,DEMTERELCOTH_MID,2029,0.0
RE1,DEMTERELCOTH_MID,2030,0.0
RE1,DEMTERELCOTH_MID,2031,0.0
RE1,DEMTERELCOTH_MID,2032,0.0
RE1,DEMTERELCOTH_MID,2033,0.0
RE1,DEMTERELCOTH_MID,2034,0.0
RE1,DEMTERELCOTH_MID,2035,0.0
RE1,DEMTERELCOTH_MID,2036,0.0
RE1,DEMTERELCOTH_MID,2037,0.0
RE1,DEMTERELCOTH_MID,2038,0.0
RE1,DEMTERELCOTH_MID,2039,0.0
RE1,DEMTERELCOTH_MID,2040,0.0
RE1,DEMTERELCOTH_MID,2041,0.0
RE1,DEMTERELCOTH_MID,2042,0.0
RE1,DEMTERELCOTH_MID,2043,0.0
RE1,DEMTERELCOTH_MID,2044,0.0
RE1,DEMTERELCOTH_MID,2045,0.0
RE1,DEMTERELCOTH_MID,2046,0.0
RE1,DEMTERELCOTH_MID,2047,0.0
RE1,DEMTERELCOTH_MID,2048,0.0
RE1,DEMTERELCOTH_MID,2049,0.0
RE1,DEMTERELCOTH_MID,2050,0.0
RE1,DEMTERELCOTH_MID,2051,0.0
RE1,DEMTERELCOTH_MID,2052,0.0
RE1,DEMTERELCOTH_MID,2053,0.0
RE1,DEMTERELCOTH_MID,2054,0.0
RE1,DEMTERELCOTH_MID,2055,0.0
RE1,DEMTERELCREF_AUC_HIG,2022,0.0
RE1,DEMTERELCREF_AUC_HIG,2023,0.0
RE1,DEMTERELCREF_AUC_HIG,2024,0.0
RE1,DEMTERELCREF_AUC_HIG,2025,0.0
RE1,DEMTERELCREF_AUC_HIG,2026,0.0
RE1,DEMTERELCREF_AUC_HIG,2027,0.0
RE1,DEMTERELCREF_AUC_HIG,2028,0.0
RE1,DEMTERELCREF_AUC_HIG,2029,0.0
RE1,DEMTERELCREF_AUC_HIG,2030,0.0
RE1,DEMTERELCREF_AUC_HIG,2031,0.0
RE1,DEMTERELCREF_AUC_HIG,2032,0.0
RE1,DEMTERELCREF_AUC_HIG,2033,0.0
RE1,DEMTERELCREF_AUC_HIG,2034,0.0
RE1,DEMTERELCREF_AUC_HIG,2035,0.0
RE1,DEMTERELCREF_AUC_HIG,2036,0.0
RE1,DEMTERELCREF_AUC_HIG,2037,0.0
RE1,DEMTERELCREF_AUC_HIG,2038,0.0
RE1,DEMTERELCREF_AUC_HIG,2039,0.0
RE1,DEMTERELCREF_AUC_HIG,2040,0.0
RE1,DEMTERELCREF_AUC_HIG,2041,0.0
RE1,DEMTERELCREF_AUC_HIG,2042,0.0
RE1,DEMTERELCREF_AUC_HIG,2043,0.0
RE1,DEMTERELCREF_AUC_HIG,2044,0.0
RE1,DEMTERELCREF_AUC_HIG,2045,0.0
RE1,DEMTERELCREF_AUC_HIG,2046,0.0
RE1,DEMTERELCREF_AUC_HIG,2047,0.0
RE1,DEMTERELCREF_AUC_HIG,2048,0.0
RE1,DEMTERELCREF_AUC_HIG,2049,0.0
RE1,DEMTERELCREF_AUC_HIG,2050,0.0
RE1,DEMTERELCREF_AUC_HIG,2051,0.0
RE1,DEMTERELCREF_AUC_HIG,2052,0.0
RE1,DEMTERELCREF_AUC_HIG,2053,0.0
RE1,DEMTERELCREF_AUC_HIG,2054,0.0
RE1,DEMTERELCREF_AUC_HIG,2055,0.0
RE1,DEMTERELCREF_AUC_LOW,2022,1.402576964203385
RE1,DEMTERELCREF_AUC_LOW,2023,1.447612843623397
RE1,DEMTERELCREF_AUC_LOW,2024,1.482589701440367
RE1,DEMTERELCREF_AUC_LOW,2025,1.480591810142875
RE1,DEMTERELCREF_AUC_LOW,2026,1.476501045943757
RE1,DEMTERELCREF_AUC_LOW,2027,0.0
RE1,DEMTERELCREF_AUC_LOW,2028,0.0
RE1,DEMTERELCREF_AUC_LOW,2029,0.0
RE1,DEMTERELCREF_AUC_LOW,2030,0.0
RE1,DEMTERELCREF_AUC_LOW,2031,0.0
RE1,DEMTERELCREF_AUC_LOW,2032,0.0
RE1,DEMTERELCREF_AUC_LOW,2033,0.0
RE1,DEMTERELCREF_AUC_LOW,2034,0.0
RE1,DEMTERELCREF_AUC_LOW,2035,0.0
RE1,DEMTERELCREF_AUC_LOW,2036,0.0
RE1,DEMTERELCREF_AUC_LOW,2037,0.0
RE1,DEMTERELCREF_AUC_LOW,2038,0.0
RE1,DEMTERELCREF_AUC_LOW,2039,0.0
RE1,DEMTERELCREF_AUC_LOW,2040,0.0
RE1,DEMTERELCREF_AUC_LOW,2041,0.0
RE1,DEMTERELCREF_AUC_LOW,2042,0.0
RE1,DEMTERELCREF_AUC_LOW,2043,0.0
RE1,DEMTERELCREF_AUC_LOW,2044,0.0
RE1,DEMTERELCREF_AUC_LOW,2045,0.0
RE1,DEMTERELCREF_AUC_LOW,2046,0.0
RE1,DEMTERELCREF_AUC_LOW,2047,0.0
RE1,DEMTERELCREF_AUC_LOW,2048,0.0
RE1,DEMTERELCREF_AUC_LOW,2049,0.0
RE1,DEMTERELCREF_AUC_LOW,2050,0.0
RE1,DEMTERELCREF_AUC_LOW,2051,0.0
RE1,DEMTERELCREF_AUC_LOW,2052,0.0
RE1,DEMTERELCREF_AUC_LOW,2053,0.0
RE1,DEMTERELCREF_AUC_LOW,2054,0.0
RE1,DEMTERELCREF_AUC_LOW,2055,0.0
RE1,DEMTERELCREF_AUC_MID,2022,0.007240395439950237
RE1,DEMTERELCREF_AUC_MID,2023,0.01024056312672367
RE1,DEMTERELCREF_AUC_MID,2024,0.02513487724035453
RE1,DEMTERELCREF_AUC_MID,2025,0.02510100626954362
RE1,DEMTERELCREF_AUC_MID,2026,0.02503165407057435
RE1,DEMTERELCREF_AUC_MID,2027,0.02487880940229516
RE1,DEMTERELCREF_AUC_MID,2028,0.024584686232484
RE1,DEMTERELCREF_AUC_MID,2029,0.0240733432086763
RE1,DEMTERELCREF_AUC_MID,2030,0.02325444771064282
RE1,DEMTERELCREF_AUC_MID,2031,0.02203361342576799
RE1,DEMTERELCREF_AUC_MID,2032,0.02033152814319729
RE1,DEMTERELCREF_AUC_MID,2033,0.01811203099146403
RE1,DEMTERELCREF_AUC_MID,2034,0.01541453505021018
RE1,DEMTERELCREF_AUC_MID,2035,0.0123791154701542
RE1,DEMTERELCREF_AUC_MID,2036,0.009246604593094428
RE1,DEMTERELCREF_AUC_MID,2037,0.006318081424983578
RE1,DEMTERELCREF_AUC_MID,2038,0.003874768341350821
RE1,DEMTERELCREF_AUC_MID,2039,0.002087435779838569
RE1,DEMTERELCREF_AUC_MID,2040,0.0009642062172524756
RE1,DEMTERELCREF_AUC_MID,2041,0.0003716750394183125
RE1,DEMTERELCREF_AUC_MID,2042,0.0001160210560263501
RE1,DEMTERELCREF_AUC_MID,2043,2.837010095505658e-05
RE1,DEMTERELCREF_AUC_MID,2044,5.239201275410201e-06
RE1,DEMTERELCREF_AUC_MID,2045,7.020516459750565e-07
RE1,DEMTERELCREF_AUC_MID,2046,6.534524442401648e-08
RE1,DEMTERELCREF_AUC_MID,2047,4.028968992815132e-09
RE1,DEMTERELCREF_AUC_MID,2048,1.563101618058627e-10
RE1,DEMTERELCREF_AUC_MID,2049,3.609838936482558e-12
RE1,DEMTERELCREF_AUC_MID,2050,4.674517045799089e-14
RE1,DEMTERELCREF_AUC_MID,2051,3.183122464280091e-16
RE1,DEMTERELCREF_AUC_MID,2052,1.064061531446027e-18
RE1,DEMTERELCREF_AUC_MID,2053,1.622359789557654e-21
RE1,DEMTERELCREF_AUC_MID,2054,1.043127451932281e-24
RE1,DEMTERELCREF_AUC_MID,2055,1.043127451932281e-24
RE1,DEMTERELCREF_CEN_HIG,2022,0.0
RE1,DEMTERELCREF_CEN_HIG,2023,0.0
RE1,DEMTERELCREF_CEN_HIG,2024,0.0
RE1,DEMTERELCREF_CEN_HIG,2025,0.0
RE1,DEMTERELCREF_CEN_HIG,2026,0.0
RE1,DEMTERELCREF_CEN_HIG,2027,0.0
RE1,DEMTERELCREF_CEN_HIG,2028,0.0
RE1,DEMTERELCREF_CEN_HIG,2029,0.0
RE1,DEMTERELCREF_CEN_HIG,2030,0.0
RE1,DEMTERELCREF_CEN_HIG,2031,0.0
RE1,DEMTERELCREF_CEN_HIG,2032,0.0
RE1,DEMTERELCREF_CEN_HIG,2033,0.0
RE1,DEMTERELCREF_CEN_HIG,2034,0.0
RE1,DEMTERELCREF_CEN_HIG,2035,0.0
RE1,DEMTERELCREF_CEN_HIG,2036,0.0
RE1,DEMTERELCREF_CEN_HIG,2037,0.0
RE1,DEMTERELCREF_CEN_HIG,2038,0.0
RE1,DEMTERELCREF_CEN_HIG,2039,0.0
RE1,DEMTERELCREF_CEN_HIG,2040,0.0
RE1,DEMTERELCREF_CEN_HIG,2041,0.0
RE1,DEMTERELCREF_CEN_HIG,2042,0.0
RE1,DEMTERELCREF_CEN_HIG,2043,0.0
RE1,DEMTERELCREF_CEN_HIG,2044,0.0
RE1,DEMTERELCREF_CEN_HIG,2045,0.0
RE1,DEMTERELCREF_CEN_HIG,2046,0.0
RE1,DEMTERELCREF_CEN_HIG,2047,0.0
RE1,DEMTERELCREF_CEN_HIG,2048,0.0
RE1,DEMTERELCREF_CEN_HIG,2049,0.0
RE1,DEMTERELCREF_CEN_HIG,2050,0.0
RE1,DEMTERELCREF_CEN_HIG,2051,0.0
RE1,DEMTERELCREF_CEN_HIG,2052,0.0
RE1,DEMTERELCREF_CEN_HIG,2053,0.0
RE1,DEMTERELCREF_CEN_HIG,2054,0.0
RE1,DEMTERELCREF_CEN_HIG,2055,0.0
RE1,DEMTERELCREF_CEN_LOW,2022,2.226989721893283
RE1,DEMTERELCREF_CEN_LOW,2023,2.298496985412156
RE1,DEMTERELCREF_CEN_LOW,2024,2.354032692079602
RE1,DEMTERELCREF_CEN_LOW,2025,2.350860471589369
RE1,DEMTERELCREF_CEN_LOW,2026,2.344365220306456
RE1,DEMTERELCREF_CEN_LOW,2027,0.0
RE1,DEMTERELCREF_CEN_LOW,2028,0.0
RE1,DEMTERELCREF_CEN_LOW,2029,0.0
RE1,DEMTERELCREF_CEN_LOW,2030,0.0
RE1,DEMTERELCREF_CEN_LOW,2031,0.0
RE1,DEMTERELCREF_CEN_LOW,2032,0.0
RE1,DEMTERELCREF_CEN_LOW,2033,0.0
RE1,DEMTERELCREF_CEN_LOW,2034,0.0
RE1,DEMTERELCREF_CEN_LOW,2035,0.0
RE1,DEMTERELCREF_CEN_LOW,2036,0.0
RE1,DEMTERELCREF_CEN_LOW,2037,0.0
RE1,DEMTERELCREF_CEN_LOW,2038,0.0
RE1,DEMTERELCREF_CEN_LOW,2039,0.0
RE1,DEMTERELCREF_CEN_LOW,2040,0.0
RE1,DEMTERELCREF_CEN_LOW,2041,0.0
RE1,DEMTERELCREF_CEN_LOW,2042,0.0
RE1,DEMTERELCREF_CEN_LOW,2043,0.0
RE1,DEMTERELCREF_CEN_LOW,2044,0.0
RE1,DEMTERELCREF_CEN_LOW,2045,0.0
RE1,DEMTERELCREF_CEN_LOW,2046,0.0
RE1,DEMTERELCREF_CEN_LOW,2047,0.0
RE1,DEMTERELCREF_CEN_LOW,2048,0.0
RE1,DEMTERELCREF_CEN_LOW,2049,0.0
RE1,DEMTERELCREF_CEN_LOW,2050,0.0
RE1,DEMTERELCREF_CEN_LOW,2051,0.0
RE1,DEMTERELCREF_CEN_LOW,2052,0.0
RE1,DEMTERELCREF_CEN_LOW,2053,0.0
RE1,DEMTERELCREF_CEN_LOW,2054,0.0
RE1,DEMTERELCREF_CEN_LOW,2055,0.0
RE1,DEMTERELCREF_CEN_MID,2022,0.01149618640455158
RE1,DEMTERELCREF_CEN_MID,2023,0.01625980563752219
RE1,DEMTERELCREF_CEN_MID,2024,0.03990876415620506
RE1,DEMTERELCREF_CEN_MID,2025,0.03985498435959384
RE1,DEMTERELCREF_CEN_MID,2026,0.03974486802499186
RE1,DEMTERELCREF_CEN_MID,2027,0.0
RE1,DEMTERELCREF_CEN_MID,2028,0.0
RE1,DEMTERELCREF_CEN_MID,2029,0.0
RE1,DEMTERELCREF_CEN_MID,2030,0.0
RE1,DEMTERELCREF_CEN_MID,2031,0.0
RE1,DEMTERELCREF_CEN_MID,2032,0.0
RE1,DEMTERELCREF_CEN_MID,2033,0.0
RE1,DEMTERELCREF_CEN_MID,2034,0.0
RE1,DEMTERELCREF_CEN_MID,2035,0.0
RE1,DEMTERELCREF_CEN_MID,2036,0.0
RE1,DEMTERELCREF_CEN_MID,2037,0.0
RE1,DEMTERELCREF_CEN_MID,2038,0.0
RE1,DEMTERELCREF_CEN_MID,2039,0.0
RE1,DEMTERELCREF_CEN_MID,2040,0.0
RE1,DEMTERELCREF_CEN_MID,2041,0.0
RE1,DEMTERELCREF_CEN_MID,2042,0.0
RE1,DEMTERELCREF_CEN_MID,2043,0.0
RE1,DEMTERELCREF_CEN_MID,2044,0.0
RE1,DEMTERELCREF_CEN_MID,2045,0.0
RE1,DEMTERELCREF_CEN_MID,2046,0.0
RE1,DEMTERELCREF_CEN_MID,2047,0.0
RE1,DEMTERELCREF_CEN_MID,2048,0.0
RE1,DEMTERELCREF_CEN_MID,2049,0.0
RE1,DEMTERELCREF_CEN_MID,2050,0.0
RE1,DEMTERELCREF_CEN_MID,2051,0.0
RE1,DEMTERELCREF_CEN_MID,2052,0.0
RE1,DEMTERELCREF_CEN_MID,2053,0.0
RE1,DEMTERELCREF_CEN_MID,2054,0.0
RE1,DEMTERELCREF_CEN_MID,2055,0.0
RE1,DEMTERLPGCKN_HIG,2022,0.0
RE1,DEMTERLPGCKN_HIG,2023,0.0
RE1,DEMTERLPGCKN_HIG,2024,0.0
RE1,DEMTERLPGCKN_HIG,2025,4.046020152348214
RE1,DEMTERLPGCKN_HIG,2026,4.205570902456452
RE1,DEMTERLPGCKN_HIG,2027,4.354836601874447
RE1,DEMTERLPGCKN_HIG,2028,4.498158033239765
RE1,DEMTERLPGCKN_HIG,2029,4.647812360042749
RE1,DEMTERLPGCKN_HIG,2030,4.798452125010003
RE1,DEMTERLPGCKN_HIG,2031,4.798452125010003
RE1,DEMTERLPGCKN_HIG,2032,4.798452125010003
RE1,DEMTERLPGCKN_HIG,2033,4.798452125010003
RE1,DEMTERLPGCKN_HIG,2034,4.798452125010003
RE1,DEMTERLPGCKN_HIG,2035,4.798452125010003
RE1,DEMTERLPGCKN_HIG,2036,4.798452125010003
RE1,DEMTERLPGCKN_HIG,2037,4.798452125010003
RE1,DEMTERLPGCKN_HIG,2038,4.798452125010003
RE1,DEMTERLPGCKN_HIG,2039,4.798452125010003
RE1,DEMTERLPGCKN_HIG,2040,4.798452125010003
RE1,DEMTERLPGCKN_HIG,2041,4.798452125010003
RE1,DEMTERLPGCKN_HIG,2042,4.798452125010003
RE1,DEMTERLPGCKN_HIG,2043,4.798452125010003
RE1,DEMTERLPGCKN_HIG,2044,4.798452125010003
RE1,DEMTERLPGCKN_HIG,2045,4.798452125010003
RE1,DEMTERLPGCKN_HIG,2046,4.798452125010003
RE1,DEMTERLPGCKN_HIG,2047,4.798452125010003
RE1,DEMTERLPGCKN_HIG,2048,4.798452125010003
RE1,DEMTERLPGCKN_HIG,2049,4.798452125010003
RE1,DEMTERLPGCKN_HIG,2050,4.798452125010003
RE1,DEMTERLPGCKN_HIG,2051,4.798452125010003
RE1,DEMTERLPGCKN_HIG,2052,4.798452125010003
RE1,DEMTERLPGCKN_HIG,2053,4.798452125010003
RE1,DEMTERLPGCKN_HIG,2054,4.798452125010003
RE1,DEMTERLPGCKN_HIG,2055,4.798452125010003
RE1,DEMTERLPGCKN_LOW,2022,0.0
RE1,DEMTERLPGCKN_LOW,2023,0.0
RE1,DEMTERLPGCKN_LOW,2024,0.0
RE1,DEMTERLPGCKN_LOW,2025,0.0
RE1,DEMTERLPGCKN_LOW,2026,0.0
RE1,DEMTERLPGCKN_LOW,2027,0.0
RE1,DEMTERLPGCKN_LOW,2028,0.0
RE1,DEMTERLPGCKN_LOW,2029,0.0
RE1,DEMTERLPGCKN_LOW,2030,0.0
RE1,DEMTERLPGCKN_LOW,2031,0.0
RE1,DEMTERLPGCKN_LOW,2032,0.0
RE1,DEMTERLPGCKN_LOW,2033,0.0
RE1,DEMTERLPGCKN_LOW,2034,0.0
RE1,DEMTERLPGCKN_LOW,2035,0.0
RE1,DEMTERLPGCKN_LOW,2036,0.0
RE1,DEMTERLPGCKN_LOW,2037,0.0
RE1,DEMTERLPGCKN_LOW,2038,0.0
RE1,DEMTERLPGCKN_LOW,2039,0.0
RE1,DEMTERLPGCKN_LOW,2040,0.0
RE1,DEMTERLPGCKN_LOW,2041,0.0
RE1,DEMTERLPGCKN_LOW,2042,0.0
RE1,DEMTERLPGCKN_LOW,2043,0.0
RE1,DEMTERLPGCKN_LOW,2044,0.0
RE1,DEMTERLPGCKN_LOW,2045,0.0
RE1,DEMTERLPGCKN_LOW,2046,0.0
RE1,DEMTERLPGCKN_LOW,2047,0.0
RE1,DEMTERLPGCKN_LOW,2048,0.0
RE1,DEMTERLPGCKN_LOW,2049,0.0
RE1,DEMTERLPGCKN_LOW,2050,0.0
RE1,DEMTERLPGCKN_LOW,2051,0.0
RE1,DEMTERLPGCKN_LOW,2052,0.0
RE1,DEMTERLPGCKN_LOW,2053,0.0
RE1,DEMTERLPGCKN_LOW,2054,0.0
RE1,DEMTERLPGCKN_LOW,2055,0.0
RE1,DEMTERLPGCKN_MID,2022,0.0
RE1,DEMTERLPGCKN_MID,2023,0.0
RE1,DEMTERLPGCKN_MID,2024,0.0
RE1,DEMTERLPGCKN_MID,2025,0.0
RE1,DEMTERLPGCKN_MID,2026,0.0
RE1,DEMTERLPGCKN_MID,2027,0.0
RE1,DEMTERLPGCKN_MID,2028,0.0
RE1,DEMTERLPGCKN_MID,2029,0.0
RE1,DEMTERLPGCKN_MID,2030,0.0
RE1,DEMTERLPGCKN_MID,2031,0.0
RE1,DEMTERLPGCKN_MID,2032,0.0
RE1,DEMTERLPGCKN_MID,2033,0.0
RE1,DEMTERLPGCKN_MID,2034,0.0
RE1,DEMTERLPGCKN_MID,2035,0.0
RE1,DEMTERLPGCKN_MID,2036,0.0
RE1,DEMTERLPGCKN_MID,2037,0.0
RE1,DEMTERLPGCKN_MID,2038,0.0
RE1,DEMTERLPGCKN_MID,2039,0.0
RE1,DEMTERLPGCKN_MID,2040,0.0
RE1,DEMTERLPGCKN_MID,2041,0.0
RE1,DEMTERLPGCKN_MID,2042,0.0
RE1,DEMTERLPGCKN_MID,2043,0.0
RE1,DEMTERLPGCKN_MID,2044,0.0
RE1,DEMTERLPGCKN_MID,2045,0.0
RE1,DEMTERLPGCKN_MID,2046,0.0
RE1,DEMTERLPGCKN_MID,2047,0.0
RE1,DEMTERLPGCKN_MID,2048,0.0
RE1,DEMTERLPGCKN_MID,2049,0.0
RE1,DEMTERLPGCKN_MID,2050,0.0
RE1,DEMTERLPGCKN_MID,2051,0.0
RE1,DEMTERLPGCKN_MID,2052,0.0
RE1,DEMTERLPGCKN_MID,2053,0.0
RE1,DEMTERLPGCKN_MID,2054,0.0
RE1,DEMTERLPGCKN_MID,2055,0.0
RE1,DEMTERNGSCKN_HIG,2022,0.0
RE1,DEMTERNGSCKN_HIG,2023,0.0
RE1,DEMTERNGSCKN_HIG,2024,0.0
RE1,DEMTERNGSCKN_HIG,2025,14.2400325320743
RE1,DEMTERNGSCKN_HIG,2026,14.58868953520151
RE1,DEMTERNGSCKN_HIG,2027,15.33245803771264
RE1,DEMTERNGSCKN_HIG,2028,16.50662427052489
RE1,DEMTERNGSCKN_HIG,2029,17.69199233124614
RE1,DEMTERNGSCKN_HIG,2030,18.47044411308331
RE1,DEMTERNGSCKN_HIG,2031,15.47044411308331
RE1,DEMTERNGSCKN_HIG,2032,12.47044411308331
RE1,DEMTERNGSCKN_HIG,2033,9.47044411308331
RE1,DEMTERNGSCKN_HIG,2034,6.47044411308331
RE1,DEMTERNGSCKN_HIG,2035,3.47044411308331
RE1,DEMTERNGSCKN_HIG,2036,0.0
RE1,DEMTERNGSCKN_HIG,2037,0.0
RE1,DEMTERNGSCKN_HIG,2038,0.0
RE1,DEMTERNGSCKN_HIG,2039,0.0
RE1,DEMTERNGSCKN_HIG,2040,0.0
RE1,DEMTERNGSCKN_HIG,2041,0.0
RE1,DEMTERNGSCKN_HIG,2042,0.0
RE1,DEMTERNGSCKN_HIG,2043,0.0
RE1,DEMTERNGSCKN_HIG,2044,0.0
RE1,DEMTERNGSCKN_HIG,2045,0.0
RE1,DEMTERNGSCKN_HIG,2046,0.0
RE1,DEMTERNGSCKN_HIG,2047,0.0
RE1,DEMTERNGSCKN_HIG,2048,0.0
RE1,DEMTERNGSCKN_HIG,2049,0.0
RE1,DEMTERNGSCKN_HIG,2050,0.0
RE1,DEMTERNGSCKN_HIG,2051,0.0
RE1,DEMTERNGSCKN_HIG,2052,0.0
RE1,DEMTERNGSCKN_HIG,2053,0.0
RE1,DEMTERNGSCKN_HIG,2054,0.0
RE1,DEMTERNGSCKN_HIG,2055,0.0
RE1,DEMTERNGSCKN_LOW,2022,0.0
RE1,DEMTERNGSCKN_LOW,2023,0.0
RE1,DEMTERNGSCKN_LOW,2024,0.0
RE1,DEMTERNGSCKN_LOW,2025,0.0
RE1,DEMTERNGSCKN_LOW,2026,0.0
RE1,DEMTERNGSCKN_LOW,2027,0.0
RE1,DEMTERNGSCKN_LOW,2028,0.0
RE1,DEMTERNGSCKN_LOW,2029,0.0
RE1,DEMTERNGSCKN_LOW,2030,0.0
RE1,DEMTERNGSCKN_LOW,2031,0.0
RE1,DEMTERNGSCKN_LOW,2032,0.0
RE1,DEMTERNGSCKN_LOW,2033,0.0
RE1,DEMTERNGSCKN_LOW,2034,0.0
RE1,DEMTERNGSCKN_LOW,2035,0.0
RE1,DEMTERNGSCKN_LOW,2036,0.0
RE1,DEMTERNGSCKN_LOW,2037,0.0
RE1,DEMTERNGSCKN_LOW,2038,0.0
RE1,DEMTERNGSCKN_LOW,2039,0.0
RE1,DEMTERNGSCKN_LOW,2040,0.0
RE1,DEMTERNGSCKN_LOW,2041,0.0
RE1,DEMTERNGSCKN_LOW,2042,0.0
RE1,DEMTERNGSCKN_LOW,2043,0.0
RE1,DEMTERNGSCKN_LOW,2044,0.0
RE1,DEMTERNGSCKN_LOW,2045,0.0
RE1,DEMTERNGSCKN_LOW,2046,0.0
RE1,DEMTERNGSCKN_LOW,2047,0.0
RE1,DEMTERNGSCKN_LOW,2048,0.0
RE1,DEMTERNGSCKN_LOW,2049,0.0
RE1,DEMTERNGSCKN_LOW,2050,0.0
RE1,DEMTERNGSCKN_LOW,2051,0.0
RE1,DEMTERNGSCKN_LOW,2052,0.0
RE1,DEMTERNGSCKN_LOW,2053,0.0
RE1,DEMTERNGSCKN_LOW,2054,0.0
RE1,DEMTERNGSCKN_LOW,2055,0.0
RE1,DEMTRADSLBOT,2022,0.0
RE1,DEMTRADSLBOT,2023,0.0
RE1,DEMTRADSLBOT,2024,0.0
RE1,DEMTRADSLBOT,2025,0.0
RE1,DEMTRADSLBOT,2026,0.0
RE1,DEMTRADSLBOT,2027,0.0
RE1,DEMTRADSLBOT,2028,0.0
RE1,DEMTRADSLBOT,2029,0.0
RE1,DEMTRADSLBOT,2030,0.0
RE1,DEMTRADSLBOT,2031,0.0
RE1,DEMTRADSLBOT,2032,0.0
RE1,DEMTRADSLBOT,2033,0.0
RE1,DEMTRADSLBOT,2034,0.0
RE1,DEMTRADSLBOT,2035,0.0
RE1,DEMTRADSLBOT,2036,0.0
RE1,DEMTRADSLBOT,2037,0.0
RE1,DEMTRADSLBOT,2038,0.0
RE1,DEMTRADSLBOT,2039,0.0
RE1,DEMTRADSLBOT,2040,0.0
RE1,DEMTRADSLBOT,2041,0.0
RE1,DEMTRADSLBOT,2042,0.0
RE1,DEMTRADSLBOT,2043,0.0
RE1,DEMTRADSLBOT,2044,0.0
RE1,DEMTRADSLBOT,2045,0.0
RE1,DEMTRADSLBOT,2046,0.0
RE1,DEMTRADSLBOT,2047,0.0
RE1,DEMTRADSLBOT,2048,0.0
RE1,DEMTRADSLBOT,2049,0.0
RE1,DEMTRADSLBOT,2050,0.0
RE1,DEMTRADSLBOT,2051,0.0
RE1,DEMTRADSLBOT,2052,0.0
RE1,DEMTRADSLBOT,2053,0.0
RE1,DEMTRADSLBOT,2054,0.0
RE1,DEMTRADSLBOT,2055,0.0
RE1,DEMTRADSLBUS_ART,2022,0.0
RE1,DEMTRADSLBUS_ART,2023,0.0
RE1,DEMTRADSLBUS_ART,2024,0.0
RE1,DEMTRADSLBUS_ART,2025,0.0
RE1,DEMTRADSLBUS_ART,2026,0.0
RE1,DEMTRADSLBUS_ART,2027,0.0
RE1,DEMTRADSLBUS_ART,2028,0.0
RE1,DEMTRADSLBUS_ART,2029,0.0
RE1,DEMTRADSLBUS_ART,2030,0.0
RE1,DEMTRADSLBUS_ART,2031,0.0
RE1,DEMTRADSLBUS_ART,2032,0.0
RE1,DEMTRADSLBUS_ART,2033,0.0
RE1,DEMTRADSLBUS_ART,2034,0.0
RE1,DEMTRADSLBUS_ART,2035,0.0
RE1,DEMTRADSLBUS_ART,2036,0.0
RE1,DEMTRADSLBUS_ART,2037,0.0
RE1,DEMTRADSLBUS_ART,2038,0.0
RE1,DEMTRADSLBUS_ART,2039,0.0
RE1,DEMTRADSLBUS_ART,2040,0.0
RE1,DEMTRADSLBUS_ART,2041,0.0
RE1,DEMTRADSLBUS_ART,2042,0.0
RE1,DEMTRADSLBUS_ART,2043,0.0
RE1,DEMTRADSLBUS_ART,2044,0.0
RE1,DEMTRADSLBUS_ART,2045,0.0
RE1,DEMTRADSLBUS_ART,2046,0.0
RE1,DEMTRADSLBUS_ART,2047,0.0
RE1,DEMTRADSLBUS_ART,2048,0.0
RE1,DEMTRADSLBUS_ART,2049,0.0
RE1,DEMTRADSLBUS_ART,2050,0.0
RE1,DEMTRADSLBUS_ART,2051,0.0
RE1,DEMTRADSLBUS_ART,2052,0.0
RE1,DEMTRADSLBUS_ART,2053,0.0
RE1,DEMTRADSLBUS_ART,2054,0.0
RE1,DEMTRADSLBUS_ART,2055,0.0
RE1,DEMTRADSLBUS_BIA,2022,0.0
RE1,DEMTRADSLBUS_BIA,2023,0.0
RE1,DEMTRADSLBUS_BIA,2024,0.0
RE1,DEMTRADSLBUS_BIA,2025,0.0
RE1,DEMTRADSLBUS_BIA,2026,0.0
RE1,DEMTRADSLBUS_BIA,2027,0.0
RE1,DEMTRADSLBUS_BIA,2028,0.0
RE1,DEMTRADSLBUS_BIA,2029,0.0
RE1,DEMTRADSLBUS_BIA,2030,0.0
RE1,DEMTRADSLBUS_BIA,2031,0.0
RE1,DEMTRADSLBUS_BIA,2032,0.0
RE1,DEMTRADSLBUS_BIA,2033,0.0
RE1,DEMTRADSLBUS_BIA,2034,0.0
RE1,DEMTRADSLBUS_BIA,2035,0.0
RE1,DEMTRADSLBUS_BIA,2036,0.0
RE1,DEMTRADSLBUS_BIA,2037,0.0
RE1,DEMTRADSLBUS_BIA,2038,0.0
RE1,DEMTRADSLBUS_BIA,2039,0.0
RE1,DEMTRADSLBUS_BIA,2040,0.0
RE1,DEMTRADSLBUS_BIA,2041,0.0
RE1,DEMTRADSLBUS_BIA,2042,0.0
RE1,DEMTRADSLBUS_BIA,2043,0.0
RE1,DEMTRADSLBUS_BIA,2044,0.0
RE1,DEMTRADSLBUS_BIA,2045,0.0
RE1,DEMTRADSLBUS_BIA,2046,0.0
RE1,DEMTRADSLBUS_BIA,2047,0.0
RE1,DEMTRADSLBUS_BIA,2048,0.0
RE1,DEMTRADSLBUS_BIA,2049,0.0
RE1,DEMTRADSLBUS_BIA,2050,0.0
RE1,DEMTRADSLBUS_BIA,2051,0.0
RE1,DEMTRADSLBUS_BIA,2052,0.0
RE1,DEMTRADSLBUS_BIA,2053,0.0
RE1,DEMTRADSLBUS_BIA,2054,0.0
RE1,DEMTRADSLBUS_BIA,2055,0.0
RE1,DEMTRADSLBUS_IMU,2022,0.0
RE1,DEMTRADSLBUS_IMU,2023,0.0
RE1,DEMTRADSLBUS_IMU,2024,0.0
RE1,DEMTRADSLBUS_IMU,2025,0.0
RE1,DEMTRADSLBUS_IMU,2026,0.0
RE1,DEMTRADSLBUS_IMU,2027,0.0
RE1,DEMTRADSLBUS_IMU,2028,0.0
RE1,DEMTRADSLBUS_IMU,2029,0.0
RE1,DEMTRADSLBUS_IMU,2030,0.0
RE1,DEMTRADSLBUS_IMU,2031,0.0
RE1,DEMTRADSLBUS_IMU,2032,0.0
RE1,DEMTRADSLBUS_IMU,2033,0.0
RE1,DEMTRADSLBUS_IMU,2034,0.0
RE1,DEMTRADSLBUS_IMU,2035,0.0
RE1,DEMTRADSLBUS_IMU,2036,0.0
RE1,DEMTRADSLBUS_IMU,2037,0.0
RE1,DEMTRADSLBUS_IMU,2038,0.0
RE1,DEMTRADSLBUS_IMU,2039,0.0
RE1,DEMTRADSLBUS_IMU,2040,0.0
RE1,DEMTRADSLBUS_IMU,2041,0.0
RE1,DEMTRADSLBUS_IMU,2042,0.0
RE1,DEMTRADSLBUS_IMU,2043,0.0
RE1,DEMTRADSLBUS_IMU,2044,0.0
RE1,DEMTRADSLBUS_IMU,2045,0.0
RE1,DEMTRADSLBUS_IMU,2046,0.0
RE1,DEMTRADSLBUS_IMU,2047,0.0
RE1,DEMTRADSLBUS_IMU,2048,0.0
RE1,DEMTRADSLBUS_IMU,2049,0.0
RE1,DEMTRADSLBUS_IMU,2050,0.0
RE1,DEMTRADSLBUS_IMU,2051,0.0
RE1,DEMTRADSLBUS_IMU,2052,0.0
RE1,DEMTRADSLBUS_IMU,2053,0.0
RE1,DEMTRADSLBUS_IMU,2054,0.0
RE1,DEMTRADSLBUS_IMU,2055,0.0
RE1,DEMTRADSLBUS_URB,2022,0.0
RE1,DEMTRADSLBUS_URB,2023,0.0
RE1,DEMTRADSLBUS_URB,2024,0.0
RE1,DEMTRADSLBUS_URB,2025,0.0
RE1,DEMTRADSLBUS_URB,2026,0.0
RE1,DEMTRADSLBUS_URB,2027,0.0
RE1,DEMTRADSLBUS_URB,2028,0.0
RE1,DEMTRADSLBUS_URB,2029,0.0
RE1,DEMTRADSLBUS_URB,2030,0.0
RE1,DEMTRADSLBUS_URB,2031,0.0
RE1,DEMTRADSLBUS_URB,2032,0.0
RE1,DEMTRADSLBUS_URB,2033,0.0
RE1,DEMTRADSLBUS_URB,2034,0.0
RE1,DEMTRADSLBUS_URB,2035,0.0
RE1,DEMTRADSLBUS_URB,2036,0.0
RE1,DEMTRADSLBUS_URB,2037,0.0
RE1,DEMTRADSLBUS_URB,2038,0.0
RE1,DEMTRADSLBUS_URB,2039,0.0
RE1,DEMTRADSLBUS_URB,2040,0.0
RE1,DEMTRADSLBUS_URB,2041,0.0
RE1,DEMTRADSLBUS_URB,2042,0.0
RE1,DEMTRADSLBUS_URB,2043,0.0
RE1,DEMTRADSLBUS_URB,2044,0.0
RE1,DEMTRADSLBUS_URB,2045,0.0
RE1,DEMTRADSLBUS_URB,2046,0.0
RE1,DEMTRADSLBUS_URB,2047,0.0
RE1,DEMTRADSLBUS_URB,2048,0.0
RE1,DEMTRADSLBUS_URB,2049,0.0
RE1,DEMTRADSLBUS_URB,2050,0.0
RE1,DEMTRADSLBUS_URB,2051,0.0
RE1,DEMTRADSLBUS_URB,2052,0.0
RE1,DEMTRADSLBUS_URB,2053,0.0
RE1,DEMTRADSLBUS_URB,2054,0.0
RE1,DEMTRADSLBUS_URB,2055,0.0
RE1,DEMTRADSLFWD,2022,0.0
RE1,DEMTRADSLFWD,2023,0.0
RE1,DEMTRADSLFWD,2024,0.0
RE1,DEMTRADSLFWD,2025,0.0
RE1,DEMTRADSLFWD,2026,0.0
RE1,DEMTRADSLFWD,2027,0.0
RE1,DEMTRADSLFWD,2028,0.0
RE1,DEMTRADSLFWD,2029,0.0
RE1,DEMTRADSLFWD,2030,0.0
RE1,DEMTRADSLFWD,2031,0.0
RE1,DEMTRADSLFWD,2032,0.0
RE1,DEMTRADSLFWD,2033,0.0
RE1,DEMTRADSLFWD,2034,0.0
RE1,DEMTRADSLFWD,2035,0.0
RE1,DEMTRADSLFWD,2036,0.0
RE1,DEMTRADSLFWD,2037,0.0
RE1,DEMTRADSLFWD,2038,0.0
RE1,DEMTRADSLFWD,2039,0.0
RE1,DEMTRADSLFWD,2040,0.0
RE1,DEMTRADSLFWD,2041,0.0
RE1,DEMTRADSLFWD,2042,0.0
RE1,DEMTRADSLFWD,2043,0.0
RE1,DEMTRADSLFWD,2044,0.0
RE1,DEMTRADSLFWD,2045,0.0
RE1,DEMTRADSLFWD,2046,0.0
RE1,DEMTRADSLFWD,2047,0.0
RE1,DEMTRADSLFWD,2048,0.0
RE1,DEMTRADSLFWD,2049,0.0
RE1,DEMTRADSLFWD,2050,0.0
RE1,DEMTRADSLFWD,2051,0.0
RE1,DEMTRADSLFWD,2052,0.0
RE1,DEMTRADSLFWD,2053,0.0
RE1,DEMTRADSLFWD,2054,0.0
RE1,DEMTRADSLFWD,2055,0.0
RE1,DEMTRADSLLDV,2022,0.0
RE1,DEMTRADSLLDV,2023,0.0
RE1,DEMTRADSLLDV,2024,0.0
RE1,DEMTRADSLLDV,2025,0.0
RE1,DEMTRADSLLDV,2026,0.0
RE1,DEMTRADSLLDV,2027,0.0
RE1,DEMTRADSLLDV,2028,0.0
RE1,DEMTRADSLLDV,2029,0.0
RE1,DEMTRADSLLDV,2030,0.0
RE1,DEMTRADSLLDV,2031,0.0
RE1,DEMTRADSLLDV,2032,0.0
RE1,DEMTRADSLLDV,2033,0.0
RE1,DEMTRADSLLDV,2034,0.0
RE1,DEMTRADSLLDV,2035,0.0
RE1,DEMTRADSLLDV,2036,0.0
RE1,DEMTRADSLLDV,2037,0.0
RE1,DEMTRADSLLDV,2038,0.0
RE1,DEMTRADSLLDV,2039,0.0
RE1,DEMTRADSLLDV,2040,0.0
RE1,DEMTRADSLLDV,2041,0.0
RE1,DEMTRADSLLDV,2042,0.0
RE1,DEMTRADSLLDV,2043,0.0
RE1,DEMTRADSLLDV,2044,0.0
RE1,DEMTRADSLLDV,2045,0.0
RE1,DEMTRADSLLDV,2046,0.0
RE1,DEMTRADSLLDV,2047,0.0
RE1,DEMTRADSLLDV,2048,0.0
RE1,DEMTRADSLLDV,2049,0.0
RE1,DEMTRADSLLDV,2050,0.0
RE1,DEMTRADSLLDV,2051,0.0
RE1,DEMTRADSLLDV,2052,0.0
RE1,DEMTRADSLLDV,2053,0.0
RE1,DEMTRADSLLDV,2054,0.0
RE1,DEMTRADSLLDV,2055,0.0
RE1,DEMTRADSLMIC,2022,0.0
RE1,DEMTRADSLMIC,2023,0.0
RE1,DEMTRADSLMIC,2024,0.0
RE1,DEMTRADSLMIC,2025,0.0
RE1,DEMTRADSLMIC,2026,0.0
RE1,DEMTRADSLMIC,2027,0.0
RE1,DEMTRADSLMIC,2028,0.0
RE1,DEMTRADSLMIC,2029,0.0
RE1,DEMTRADSLMIC,2030,0.0
RE1,DEMTRADSLMIC,2031,0.0
RE1,DEMTRADSLMIC,2032,0.0
RE1,DEMTRADSLMIC,2033,0.0
RE1,DEMTRADSLMIC,2034,0.0
RE1,DEMTRADSLMIC,2035,0.0
RE1,DEMTRADSLMIC,2036,0.0
RE1,DEMTRADSLMIC,2037,0.0
RE1,DEMTRADSLMIC,2038,0.0
RE1,DEMTRADSLMIC,2039,0.0
RE1,DEMTRADSLMIC,2040,0.0
RE1,DEMTRADSLMIC,2041,0.0
RE1,DEMTRADSLMIC,2042,0.0
RE1,DEMTRADSLMIC,2043,0.0
RE1,DEMTRADSLMIC,2044,0.0
RE1,DEMTRADSLMIC,2045,0.0
RE1,DEMTRADSLMIC,2046,0.0
RE1,DEMTRADSLMIC,2047,0.0
RE1,DEMTRADSLMIC,2048,0.0
RE1,DEMTRADSLMIC,2049,0.0
RE1,DEMTRADSLMIC,2050,0.0
RE1,DEMTRADSLMIC,2051,0.0
RE1,DEMTRADSLMIC,2052,0.0
RE1,DEMTRADSLMIC,2053,0.0
RE1,DEMTRADSLMIC,2054,0.0
RE1,DEMTRADSLMIC,2055,0.0
RE1,DEMTRADSLSHP,2022,0.0
RE1,DEMTRADSLSHP,2023,0.0
RE1,DEMTRADSLSHP,2024,0.0
RE1,DEMTRADSLSHP,2025,0.0
RE1,DEMTRADSLSHP,2026,0.0
RE1,DEMTRADSLSHP,2027,0.0
RE1,DEMTRADSLSHP,2028,0.0
RE1,DEMTRADSLSHP,2029,0.0
RE1,DEMTRADSLSHP,2030,0.0
RE1,DEMTRADSLSHP,2031,0.0
RE1,DEMTRADSLSHP,2032,0.0
RE1,DEMTRADSLSHP,2033,0.0
RE1,DEMTRADSLSHP,2034,0.0
RE1,DEMTRADSLSHP,2035,0.0
RE1,DEMTRADSLSHP,2036,0.0
RE1,DEMTRADSLSHP,2037,0.0
RE1,DEMTRADSLSHP,2038,0.0
RE1,DEMTRADSLSHP,2039,0.0
RE1,DEMTRADSLSHP,2040,0.0
RE1,DEMTRADSLSHP,2041,0.0
RE1,DEMTRADSLSHP,2042,0.0
RE1,DEMTRADSLSHP,2043,0.0
RE1,DEMTRADSLSHP,2044,0.0
RE1,DEMTRADSLSHP,2045,0.0
RE1,DEMTRADSLSHP,2046,0.0
RE1,DEMTRADSLSHP,2047,0.0
RE1,DEMTRADSLSHP,2048,0.0
RE1,DEMTRADSLSHP,2049,0.0
RE1,DEMTRADSLSHP,2050,0.0
RE1,DEMTRADSLSHP,2051,0.0
RE1,DEMTRADSLSHP,2052,0.0
RE1,DEMTRADSLSHP,2053,0.0
RE1,DEMTRADSLSHP,2054,0.0
RE1,DEMTRADSLSHP,2055,0.0
RE1,DEMTRADSLSTT,2022,0.0
RE1,DEMTRADSLSTT,2023,0.0
RE1,DEMTRADSLSTT,2024,0.0
RE1,DEMTRADSLSTT,2025,0.0
RE1,DEMTRADSLSTT,2026,0.0
RE1,DEMTRADSLSTT,2027,0.0
RE1,DEMTRADSLSTT,2028,0.0
RE1,DEMTRADSLSTT,2029,0.0
RE1,DEMTRADSLSTT,2030,0.0
RE1,DEMTRADSLSTT,2031,0.0
RE1,DEMTRADSLSTT,2032,0.0
RE1,DEMTRADSLSTT,2033,0.0
RE1,DEMTRADSLSTT,2034,0.0
RE1,DEMTRADSLSTT,2035,0.0
RE1,DEMTRADSLSTT,2036,0.0
RE1,DEMTRADSLSTT,2037,0.0
RE1,DEMTRADSLSTT,2038,0.0
RE1,DEMTRADSLSTT,2039,0.0
RE1,DEMTRADSLSTT,2040,0.0
RE1,DEMTRADSLSTT,2041,0.0
RE1,DEMTRADSLSTT,2042,0.0
RE1,DEMTRADSLSTT,2043,0.0
RE1,DEMTRADSLSTT,2044,0.0
RE1,DEMTRADSLSTT,2045,0.0
RE1,DEMTRADSLSTT,2046,0.0
RE1,DEMTRADSLSTT,2047,0.0
RE1,DEMTRADSLSTT,2048,0.0
RE1,DEMTRADSLSTT,2049,0.0
RE1,DEMTRADSLSTT,2050,0.0
RE1,DEMTRADSLSTT,2051,0.0
RE1,DEMTRADSLSTT,2052,0.0
RE1,DEMTRADSLSTT,2053,0.0
RE1,DEMTRADSLSTT,2054,0.0
RE1,DEMTRADSLSTT,2055,0.0
RE1,DEMTRADSLTAX,2022,0.0
RE1,DEMTRADSLTAX,2023,0.0
RE1,DEMTRADSLTAX,2024,0.0
RE1,DEMTRADSLTAX,2025,0.0
RE1,DEMTRADSLTAX,2026,0.0
RE1,DEMTRADSLTAX,2027,0.0
RE1,DEMTRADSLTAX,2028,0.0
RE1,DEMTRADSLTAX,2029,0.0
RE1,DEMTRADSLTAX,2030,0.0
RE1,DEMTRADSLTAX,2031,0.0
RE1,DEMTRADSLTAX,2032,0.0
RE1,DEMTRADSLTAX,2033,0.0
RE1,DEMTRADSLTAX,2034,0.0
RE1,DEMTRADSLTAX,2035,0.0
RE1,DEMTRADSLTAX,2036,0.0
RE1,DEMTRADSLTAX,2037,0.0
RE1,DEMTRADSLTAX,2038,0.0
RE1,DEMTRADSLTAX,2039,0.0
RE1,DEMTRADSLTAX,2040,0.0
RE1,DEMTRADSLTAX,2041,0.0
RE1,DEMTRADSLTAX,2042,0.0
RE1,DEMTRADSLTAX,2043,0.0
RE1,DEMTRADSLTAX,2044,0.0
RE1,DEMTRADSLTAX,2045,0.0
RE1,DEMTRADSLTAX,2046,0.0
RE1,DEMTRADSLTAX,2047,0.0
RE1,DEMTRADSLTAX,2048,0.0
RE1,DEMTRADSLTAX,2049,0.0
RE1,DEMTRADSLTAX,2050,0.0
RE1,DEMTRADSLTAX,2051,0.0
RE1,DEMTRADSLTAX,2052,0.0
RE1,DEMTRADSLTAX,2053,0.0
RE1,DEMTRADSLTAX,2054,0.0
RE1,DEMTRADSLTAX,2055,0.0
RE1,DEMTRADSLTCK_C2P,2022,0.0
RE1,DEMTRADSLTCK_C2P,2023,0.0
RE1,DEMTRADSLTCK_C2P,2024,0.0
RE1,DEMTRADSLTCK_C2P,2025,0.0
RE1,DEMTRADSLTCK_C2P,2026,0.0
RE1,DEMTRADSLTCK_C2P,2027,0.0
RE1,DEMTRADSLTCK_C2P,2028,0.0
RE1,DEMTRADSLTCK_C2P,2029,0.0
RE1,DEMTRADSLTCK_C2P,2030,0.0
RE1,DEMTRADSLTCK_C2P,2031,0.0
RE1,DEMTRADSLTCK_C2P,2032,0.0
RE1,DEMTRADSLTCK_C2P,2033,0.0
RE1,DEMTRADSLTCK_C2P,2034,0.0
RE1,DEMTRADSLTCK_C2P,2035,0.0
RE1,DEMTRADSLTCK_C2P,2036,0.0
RE1,DEMTRADSLTCK_C2P,2037,0.0
RE1,DEMTRADSLTCK_C2P,2038,0.0
RE1,DEMTRADSLTCK_C2P,2039,0.0
RE1,DEMTRADSLTCK_C2P,2040,0.0
RE1,DEMTRADSLTCK_C2P,2041,0.0
RE1,DEMTRADSLTCK_C2P,2042,0.0
RE1,DEMTRADSLTCK_C2P,2043,0.0
RE1,DEMTRADSLTCK_C2P,2044,0.0
RE1,DEMTRADSLTCK_C2P,2045,0.0
RE1,DEMTRADSLTCK_C2P,2046,0.0
RE1,DEMTRADSLTCK_C2P,2047,0.0
RE1,DEMTRADSLTCK_C2P,2048,0.0
RE1,DEMTRADSLTCK_C2P,2049,0.0
RE1,DEMTRADSLTCK_C2P,2050,0.0
RE1,DEMTRADSLTCK_C2P,2051,0.0
RE1,DEMTRADSLTCK_C2P,2052,0.0
RE1,DEMTRADSLTCK_C2P,2053,0.0
RE1,DEMTRADSLTCK_C2P,2054,0.0
RE1,DEMTRADSLTCK_C2P,2055,0.0
RE1,DEMTRADSLTCK_CSG,2022,0.0
RE1,DEMTRADSLTCK_CSG,2023,0.0
RE1,DEMTRADSLTCK_CSG,2024,0.0
RE1,DEMTRADSLTCK_CSG,2025,0.0
RE1,DEMTRADSLTCK_CSG,2026,0.0
RE1,DEMTRADSLTCK_CSG,2027,0.0
RE1,DEMTRADSLTCK_CSG,2028,0.0
RE1,DEMTRADSLTCK_CSG,2029,0.0
RE1,DEMTRADSLTCK_CSG,2030,0.0
RE1,DEMTRADSLTCK_CSG,2031,0.0
RE1,DEMTRADSLTCK_CSG,2032,0.0
RE1,DEMTRADSLTCK_CSG,2033,0.0
RE1,DEMTRADSLTCK_CSG,2034,0.0
RE1,DEMTRADSLTCK_CSG,2035,0.0
RE1,DEMTRADSLTCK_CSG,2036,0.0
RE1,DEMTRADSLTCK_CSG,2037,0.0
RE1,DEMTRADSLTCK_CSG,2038,0.0
RE1,DEMTRADSLTCK_CSG,2039,0.0
RE1,DEMTRADSLTCK_CSG,2040,0.0
RE1,DEMTRADSLTCK_CSG,2041,0.0
RE1,DEMTRADSLTCK_CSG,2042,0.0
RE1,DEMTRADSLTCK_CSG,2043,0.0
RE1,DEMTRADSLTCK_CSG,2044,0.0
RE1,DEMTRADSLTCK_CSG,2045,0.0
RE1,DEMTRADSLTCK_CSG,2046,0.0
RE1,DEMTRADSLTCK_CSG,2047,0.0
RE1,DEMTRADSLTCK_CSG,2048,0.0
RE1,DEMTRADSLTCK_CSG,2049,0.0
RE1,DEMTRADSLTCK_CSG,2050,0.0
RE1,DEMTRADSLTCK_CSG,2051,0.0
RE1,DEMTRADSLTCK_CSG,2052,0.0
RE1,DEMTRADSLTCK_CSG,2053,0.0
RE1,DEMTRADSLTCK_CSG,2054,0.0
RE1,DEMTRADSLTCK_CSG,2055,0.0
RE1,DEMTRAELCBOT,2022,0.0
RE1,DEMTRAELCBOT,2023,0.0
RE1,DEMTRAELCBOT,2024,0.0
RE1,DEMTRAELCBOT,2025,0.0
RE1,DEMTRAELCBOT,2026,0.0
RE1,DEMTRAELCBOT,2027,0.0
RE1,DEMTRAELCBOT,2028,0.0
RE1,DEMTRAELCBOT,2029,0.0
RE1,DEMTRAELCBOT,2030,0.0
RE1,DEMTRAELCBOT,2031,0.0
RE1,DEMTRAELCBOT,2032,0.0
RE1,DEMTRAELCBOT,2033,0.0
RE1,DEMTRAELCBOT,2034,0.0
RE1,DEMTRAELCBOT,2035,0.0
RE1,DEMTRAELCBOT,2036,0.0
RE1,DEMTRAELCBOT,2037,0.0
RE1,DEMTRAELCBOT,2038,0.0
RE1,DEMTRAELCBOT,2039,0.0
RE1,DEMTRAELCBOT,2040,0.0
RE1,DEMTRAELCBOT,2041,0.0
RE1,DEMTRAELCBOT,2042,0.0
RE1,DEMTRAELCBOT,2043,0.0
RE1,DEMTRAELCBOT,2044,0.0
RE1,DEMTRAELCBOT,2045,0.0
RE1,DEMTRAELCBOT,2046,0.0
RE1,DEMTRAELCBOT,2047,0.0
RE1,DEMTRAELCBOT,2048,0.0
RE1,DEMTRAELCBOT,2049,0.0
RE1,DEMTRAELCBOT,2050,0.0
RE1,DEMTRAELCBOT,2051,0.0
RE1,DEMTRAELCBOT,2052,0.0
RE1,DEMTRAELCBOT,2053,0.0
RE1,DEMTRAELCBOT,2054,0.0
RE1,DEMTRAELCBOT,2055,0.0
RE1,DEMTRAELCBUS_ART,2022,0.0
RE1,DEMTRAELCBUS_ART,2023,0.0
RE1,DEMTRAELCBUS_ART,2024,0.0
RE1,DEMTRAELCBUS_ART,2025,0.0
RE1,DEMTRAELCBUS_ART,2026,0.0
RE1,DEMTRAELCBUS_ART,2027,0.0
RE1,DEMTRAELCBUS_ART,2028,0.0
RE1,DEMTRAELCBUS_ART,2029,0.0
RE1,DEMTRAELCBUS_ART,2030,0.0
RE1,DEMTRAELCBUS_ART,2031,0.0
RE1,DEMTRAELCBUS_ART,2032,0.0
RE1,DEMTRAELCBUS_ART,2033,0.0
RE1,DEMTRAELCBUS_ART,2034,0.0
RE1,DEMTRAELCBUS_ART,2035,0.0
RE1,DEMTRAELCBUS_ART,2036,0.0
RE1,DEMTRAELCBUS_ART,2037,0.0
RE1,DEMTRAELCBUS_ART,2038,0.0
RE1,DEMTRAELCBUS_ART,2039,0.0
RE1,DEMTRAELCBUS_ART,2040,0.0
RE1,DEMTRAELCBUS_ART,2041,0.0
RE1,DEMTRAELCBUS_ART,2042,0.0
RE1,DEMTRAELCBUS_ART,2043,0.0
RE1,DEMTRAELCBUS_ART,2044,0.0
RE1,DEMTRAELCBUS_ART,2045,0.0
RE1,DEMTRAELCBUS_ART,2046,0.0
RE1,DEMTRAELCBUS_ART,2047,0.0
RE1,DEMTRAELCBUS_ART,2048,0.0
RE1,DEMTRAELCBUS_ART,2049,0.0
RE1,DEMTRAELCBUS_ART,2050,0.0
RE1,DEMTRAELCBUS_ART,2051,0.0
RE1,DEMTRAELCBUS_ART,2052,0.0
RE1,DEMTRAELCBUS_ART,2053,0.0
RE1,DEMTRAELCBUS_ART,2054,0.0
RE1,DEMTRAELCBUS_ART,2055,0.0
RE1,DEMTRAELCBUS_BIA,2022,0.0
RE1,DEMTRAELCBUS_BIA,2023,0.0
RE1,DEMTRAELCBUS_BIA,2024,0.0
RE1,DEMTRAELCBUS_BIA,2025,0.0
RE1,DEMTRAELCBUS_BIA,2026,0.0
RE1,DEMTRAELCBUS_BIA,2027,0.0
RE1,DEMTRAELCBUS_BIA,2028,0.0
RE1,DEMTRAELCBUS_BIA,2029,0.0
RE1,DEMTRAELCBUS_BIA,2030,0.0
RE1,DEMTRAELCBUS_BIA,2031,0.0
RE1,DEMTRAELCBUS_BIA,2032,0.0
RE1,DEMTRAELCBUS_BIA,2033,0.0
RE1,DEMTRAELCBUS_BIA,2034,0.0
RE1,DEMTRAELCBUS_BIA,2035,0.0
RE1,DEMTRAELCBUS_BIA,2036,0.0
RE1,DEMTRAELCBUS_BIA,2037,0.0
RE1,DEMTRAELCBUS_BIA,2038,0.0
RE1,DEMTRAELCBUS_BIA,2039,0.0
RE1,DEMTRAELCBUS_BIA,2040,0.0
RE1,DEMTRAELCBUS_BIA,2041,0.0
RE1,DEMTRAELCBUS_BIA,2042,0.0
RE1,DEMTRAELCBUS_BIA,2043,0.0
RE1,DEMTRAELCBUS_BIA,2044,0.0
RE1,DEMTRAELCBUS_BIA,2045,0.0
RE1,DEMTRAELCBUS_BIA,2046,0.0
RE1,DEMTRAELCBUS_BIA,2047,0.0
RE1,DEMTRAELCBUS_BIA,2048,0.0
RE1,DEMTRAELCBUS_BIA,2049,0.0
RE1,DEMTRAELCBUS_BIA,2050,0.0
RE1,DEMTRAELCBUS_BIA,2051,0.0
RE1,DEMTRAELCBUS_BIA,2052,0.0
RE1,DEMTRAELCBUS_BIA,2053,0.0
RE1,DEMTRAELCBUS_BIA,2054,0.0
RE1,DEMTRAELCBUS_BIA,2055,0.0
RE1,DEMTRAELCBUS_IMU,2022,0.0
RE1,DEMTRAELCBUS_IMU,2023,0.0
RE1,DEMTRAELCBUS_IMU,2024,0.0
RE1,DEMTRAELCBUS_IMU,2025,0.0
RE1,DEMTRAELCBUS_IMU,2026,0.0
RE1,DEMTRAELCBUS_IMU,2027,0.0
RE1,DEMTRAELCBUS_IMU,2028,0.0
RE1,DEMTRAELCBUS_IMU,2029,0.0
RE1,DEMTRAELCBUS_IMU,2030,0.0
RE1,DEMTRAELCBUS_IMU,2031,0.0
RE1,DEMTRAELCBUS_IMU,2032,0.0
RE1,DEMTRAELCBUS_IMU,2033,0.0
RE1,DEMTRAELCBUS_IMU,2034,0.0
RE1,DEMTRAELCBUS_IMU,2035,0.0
RE1,DEMTRAELCBUS_IMU,2036,0.0
RE1,DEMTRAELCBUS_IMU,2037,0.0
RE1,DEMTRAELCBUS_IMU,2038,0.0
RE1,DEMTRAELCBUS_IMU,2039,0.0
RE1,DEMTRAELCBUS_IMU,2040,0.0
RE1,DEMTRAELCBUS_IMU,2041,0.0
RE1,DEMTRAELCBUS_IMU,2042,0.0
RE1,DEMTRAELCBUS_IMU,2043,0.0
RE1,DEMTRAELCBUS_IMU,2044,0.0
RE1,DEMTRAELCBUS_IMU,2045,0.0
RE1,DEMTRAELCBUS_IMU,2046,0.0
RE1,DEMTRAELCBUS_IMU,2047,0.0
RE1,DEMTRAELCBUS_IMU,2048,0.0
RE1,DEMTRAELCBUS_IMU,2049,0.0
RE1,DEMTRAELCBUS_IMU,2050,0.0
RE1,DEMTRAELCBUS_IMU,2051,0.0
RE1,DEMTRAELCBUS_IMU,2052,0.0
RE1,DEMTRAELCBUS_IMU,2053,0.0
RE1,DEMTRAELCBUS_IMU,2054,0.0
RE1,DEMTRAELCBUS_IMU,2055,0.0
RE1,DEMTRAELCBUS_URB,2022,0.0
RE1,DEMTRAELCBUS_URB,2023,0.0
RE1,DEMTRAELCBUS_URB,2024,0.0
RE1,DEMTRAELCBUS_URB,2025,0.0
RE1,DEMTRAELCBUS_URB,2026,0.0
RE1,DEMTRAELCBUS_URB,2027,0.0
RE1,DEMTRAELCBUS_URB,2028,0.0
RE1,DEMTRAELCBUS_URB,2029,0.0
RE1,DEMTRAELCBUS_URB,2030,0.0
RE1,DEMTRAELCBUS_URB,2031,0.0
RE1,DEMTRAELCBUS_URB,2032,0.0
RE1,DEMTRAELCBUS_URB,2033,0.0
RE1,DEMTRAELCBUS_URB,2034,0.0
RE1,DEMTRAELCBUS_URB,2035,0.0
RE1,DEMTRAELCBUS_URB,2036,0.0
RE1,DEMTRAELCBUS_URB,2037,0.0
RE1,DEMTRAELCBUS_URB,2038,0.0
RE1,DEMTRAELCBUS_URB,2039,0.0
RE1,DEMTRAELCBUS_URB,2040,0.0
RE1,DEMTRAELCBUS_URB,2041,0.0
RE1,DEMTRAELCBUS_URB,2042,0.0
RE1,DEMTRAELCBUS_URB,2043,0.0
RE1,DEMTRAELCBUS_URB,2044,0.0
RE1,DEMTRAELCBUS_URB,2045,0.0
RE1,DEMTRAELCBUS_URB,2046,0.0
RE1,DEMTRAELCBUS_URB,2047,0.0
RE1,DEMTRAELCBUS_URB,2048,0.0
RE1,DEMTRAELCBUS_URB,2049,0.0
RE1,DEMTRAELCBUS_URB,2050,0.0
RE1,DEMTRAELCBUS_URB,2051,0.0
RE1,DEMTRAELCBUS_URB,2052,0.0
RE1,DEMTRAELCBUS_URB,2053,0.0
RE1,DEMTRAELCBUS_URB,2054,0.0
RE1,DEMTRAELCBUS_URB,2055,0.0
RE1,DEMTRAELCFWD,2022,0.0
RE1,DEMTRAELCFWD,2023,0.0
RE1,DEMTRAELCFWD,2024,0.0
RE1,DEMTRAELCFWD,2025,0.0
RE1,DEMTRAELCFWD,2026,0.0
RE1,DEMTRAELCFWD,2027,0.0
RE1,DEMTRAELCFWD,2028,0.0
RE1,DEMTRAELCFWD,2029,0.0
RE1,DEMTRAELCFWD,2030,0.0
RE1,DEMTRAELCFWD,2031,0.0
RE1,DEMTRAELCFWD,2032,0.0
RE1,DEMTRAELCFWD,2033,0.0
RE1,DEMTRAELCFWD,2034,0.0
RE1,DEMTRAELCFWD,2035,0.0
RE1,DEMTRAELCFWD,2036,0.0
RE1,DEMTRAELCFWD,2037,0.0
RE1,DEMTRAELCFWD,2038,0.0
RE1,DEMTRAELCFWD,2039,0.0
RE1,DEMTRAELCFWD,2040,0.0
RE1,DEMTRAELCFWD,2041,0.0
RE1,DEMTRAELCFWD,2042,0.0
RE1,DEMTRAELCFWD,2043,0.0
RE1,DEMTRAELCFWD,2044,0.0
RE1,DEMTRAELCFWD,2045,0.0
RE1,DEMTRAELCFWD,2046,0.0
RE1,DEMTRAELCFWD,2047,0.0
RE1,DEMTRAELCFWD,2048,0.0
RE1,DEMTRAELCFWD,2049,0.0
RE1,DEMTRAELCFWD,2050,0.0
RE1,DEMTRAELCFWD,2051,0.0
RE1,DEMTRAELCFWD,2052,0.0
RE1,DEMTRAELCFWD,2053,0.0
RE1,DEMTRAELCFWD,2054,0.0
RE1,DEMTRAELCFWD,2055,0.0
RE1,DEMTRAELCLDV,2022,0.0
RE1,DEMTRAELCLDV,2023,0.0
RE1,DEMTRAELCLDV,2024,0.0
RE1,DEMTRAELCLDV,2025,0.0
RE1,DEMTRAELCLDV,2026,0.0
RE1,DEMTRAELCLDV,2027,0.0
RE1,DEMTRAELCLDV,2028,0.0
RE1,DEMTRAELCLDV,2029,0.0
RE1,DEMTRAELCLDV,2030,0.0
RE1,DEMTRAELCLDV,2031,0.0
RE1,DEMTRAELCLDV,2032,0.0
RE1,DEMTRAELCLDV,2033,0.0
RE1,DEMTRAELCLDV,2034,0.0
RE1,DEMTRAELCLDV,2035,0.0
RE1,DEMTRAELCLDV,2036,0.0
RE1,DEMTRAELCLDV,2037,0.0
RE1,DEMTRAELCLDV,2038,0.0
RE1,DEMTRAELCLDV,2039,0.0
RE1,DEMTRAELCLDV,2040,0.0
RE1,DEMTRAELCLDV,2041,0.0
RE1,DEMTRAELCLDV,2042,0.0
RE1,DEMTRAELCLDV,2043,0.0
RE1,DEMTRAELCLDV,2044,0.0
RE1,DEMTRAELCLDV,2045,0.0
RE1,DEMTRAELCLDV,2046,0.0
RE1,DEMTRAELCLDV,2047,0.0
RE1,DEMTRAELCLDV,2048,0.0
RE1,DEMTRAELCLDV,2049,0.0
RE1,DEMTRAELCLDV,2050,0.0
RE1,DEMTRAELCLDV,2051,0.0
RE1,DEMTRAELCLDV,2052,0.0
RE1,DEMTRAELCLDV,2053,0.0
RE1,DEMTRAELCLDV,2054,0.0
RE1,DEMTRAELCLDV,2055,0.0
RE1,DEMTRAELCMET,2022,0.0
RE1,DEMTRAELCMET,2023,0.0
RE1,DEMTRAELCMET,2024,0.0
RE1,DEMTRAELCMET,2025,0.0
RE1,DEMTRAELCMET,2026,0.0
RE1,DEMTRAELCMET,2027,0.0
RE1,DEMTRAELCMET,2028,0.0
RE1,DEMTRAELCMET,2029,0.0
RE1,DEMTRAELCMET,2030,0.0
RE1,DEMTRAELCMET,2031,0.0
RE1,DEMTRAELCMET,2032,0.0
RE1,DEMTRAELCMET,2033,0.0
RE1,DEMTRAELCMET,2034,0.0
RE1,DEMTRAELCMET,2035,0.0
RE1,DEMTRAELCMET,2036,0.0
RE1,DEMTRAELCMET,2037,0.0
RE1,DEMTRAELCMET,2038,0.0
RE1,DEMTRAELCMET,2039,0.0
RE1,DEMTRAELCMET,2040,0.0
RE1,DEMTRAELCMET,2041,0.0
RE1,DEMTRAELCMET,2042,0.0
RE1,DEMTRAELCMET,2043,0.0
RE1,DEMTRAELCMET,2044,0.0
RE1,DEMTRAELCMET,2045,0.0
RE1,DEMTRAELCMET,2046,0.0
RE1,DEMTRAELCMET,2047,0.0
RE1,DEMTRAELCMET,2048,0.0
RE1,DEMTRAELCMET,2049,0.0
RE1,DEMTRAELCMET,2050,0.0
RE1,DEMTRAELCMET,2051,0.0
RE1,DEMTRAELCMET,2052,0.0
RE1,DEMTRAELCMET,2053,0.0
RE1,DEMTRAELCMET,2054,0.0
RE1,DEMTRAELCMET,2055,0.0
RE1,DEMTRAELCMIC,2022,0.0
RE1,DEMTRAELCMIC,2023,0.0
RE1,DEMTRAELCMIC,2024,0.0
RE1,DEMTRAELCMIC,2025,0.0
RE1,DEMTRAELCMIC,2026,0.0
RE1,DEMTRAELCMIC,2027,0.0
RE1,DEMTRAELCMIC,2028,0.0
RE1,DEMTRAELCMIC,2029,0.0
RE1,DEMTRAELCMIC,2030,0.0
RE1,DEMTRAELCMIC,2031,0.0
RE1,DEMTRAELCMIC,2032,0.0
RE1,DEMTRAELCMIC,2033,0.0
RE1,DEMTRAELCMIC,2034,0.0
RE1,DEMTRAELCMIC,2035,0.0
RE1,DEMTRAELCMIC,2036,0.0
RE1,DEMTRAELCMIC,2037,0.0
RE1,DEMTRAELCMIC,2038,0.0
RE1,DEMTRAELCMIC,2039,0.0
RE1,DEMTRAELCMIC,2040,0.0
RE1,DEMTRAELCMIC,2041,0.0
RE1,DEMTRAELCMIC,2042,0.0
RE1,DEMTRAELCMIC,2043,0.0
RE1,DEMTRAELCMIC,2044,0.0
RE1,DEMTRAELCMIC,2045,0.0
RE1,DEMTRAELCMIC,2046,0.0
RE1,DEMTRAELCMIC,2047,0.0
RE1,DEMTRAELCMIC,2048,0.0
RE1,DEMTRAELCMIC,2049,0.0
RE1,DEMTRAELCMIC,2050,0.0
RE1,DEMTRAELCMIC,2051,0.0
RE1,DEMTRAELCMIC,2052,0.0
RE1,DEMTRAELCMIC,2053,0.0
RE1,DEMTRAELCMIC,2054,0.0
RE1,DEMTRAELCMIC,2055,0.0
RE1,DEMTRAELCMOT,2022,0.0
RE1,DEMTRAELCMOT,2023,0.0
RE1,DEMTRAELCMOT,2024,0.0
RE1,DEMTRAELCMOT,2025,0.0
RE1,DEMTRAELCMOT,2026,0.0
RE1,DEMTRAELCMOT,2027,0.0
RE1,DEMTRAELCMOT,2028,0.0
RE1,DEMTRAELCMOT,2029,0.0
RE1,DEMTRAELCMOT,2030,0.0
RE1,DEMTRAELCMOT,2031,0.0
RE1,DEMTRAELCMOT,2032,0.0
RE1,DEMTRAELCMOT,2033,0.0
RE1,DEMTRAELCMOT,2034,0.0
RE1,DEMTRAELCMOT,2035,0.0
RE1,DEMTRAELCMOT,2036,0.0
RE1,DEMTRAELCMOT,2037,0.0
RE1,DEMTRAELCMOT,2038,0.0
RE1,DEMTRAELCMOT,2039,0.0
RE1,DEMTRAELCMOT,2040,0.0
RE1,DEMTRAELCMOT,2041,0.0
RE1,DEMTRAELCMOT,2042,0.0
RE1,DEMTRAELCMOT,2043,0.0
RE1,DEMTRAELCMOT,2044,0.0
RE1,DEMTRAELCMOT,2045,0.0
RE1,DEMTRAELCMOT,2046,0.0
RE1,DEMTRAELCMOT,2047,0.0
RE1,DEMTRAELCMOT,2048,0.0
RE1,DEMTRAELCMOT,2049,0.0
RE1,DEMTRAELCMOT,2050,0.0
RE1,DEMTRAELCMOT,2051,0.0
RE1,DEMTRAELCMOT,2052,0.0
RE1,DEMTRAELCMOT,2053,0.0
RE1,DEMTRAELCMOT,2054,0.0
RE1,DEMTRAELCMOT,2055,0.0
RE1,DEMTRAELCSTT,2022,0.0
RE1,DEMTRAELCSTT,2023,0.0
RE1,DEMTRAELCSTT,2024,0.0
RE1,DEMTRAELCSTT,2025,0.0
RE1,DEMTRAELCSTT,2026,0.0
RE1,DEMTRAELCSTT,2027,0.0
RE1,DEMTRAELCSTT,2028,0.0
RE1,DEMTRAELCSTT,2029,0.0
RE1,DEMTRAELCSTT,2030,0.0
RE1,DEMTRAELCSTT,2031,0.0
RE1,DEMTRAELCSTT,2032,0.0
RE1,DEMTRAELCSTT,2033,0.0
RE1,DEMTRAELCSTT,2034,0.0
RE1,DEMTRAELCSTT,2035,0.0
RE1,DEMTRAELCSTT,2036,0.0
RE1,DEMTRAELCSTT,2037,0.0
RE1,DEMTRAELCSTT,2038,0.0
RE1,DEMTRAELCSTT,2039,0.0
RE1,DEMTRAELCSTT,2040,0.0
RE1,DEMTRAELCSTT,2041,0.0
RE1,DEMTRAELCSTT,2042,0.0
RE1,DEMTRAELCSTT,2043,0.0
RE1,DEMTRAELCSTT,2044,0.0
RE1,DEMTRAELCSTT,2045,0.0
RE1,DEMTRAELCSTT,2046,0.0
RE1,DEMTRAELCSTT,2047,0.0
RE1,DEMTRAELCSTT,2048,0.0
RE1,DEMTRAELCSTT,2049,0.0
RE1,DEMTRAELCSTT,2050,0.0
RE1,DEMTRAELCSTT,2051,0.0
RE1,DEMTRAELCSTT,2052,0.0
RE1,DEMTRAELCSTT,2053,0.0
RE1,DEMTRAELCSTT,2054,0.0
RE1,DEMTRAELCSTT,2055,0.0
RE1,DEMTRAELCTAX,2022,0.0
RE1,DEMTRAELCTAX,2023,0.0
RE1,DEMTRAELCTAX,2024,0.0
RE1,DEMTRAELCTAX,2025,0.0
RE1,DEMTRAELCTAX,2026,0.0
RE1,DEMTRAELCTAX,2027,0.0
RE1,DEMTRAELCTAX,2028,0.0
RE1,DEMTRAELCTAX,2029,0.0
RE1,DEMTRAELCTAX,2030,0.0
RE1,DEMTRAELCTAX,2031,0.0
RE1,DEMTRAELCTAX,2032,0.0
RE1,DEMTRAELCTAX,2033,0.0
RE1,DEMTRAELCTAX,2034,0.0
RE1,DEMTRAELCTAX,2035,0.0
RE1,DEMTRAELCTAX,2036,0.0
RE1,DEMTRAELCTAX,2037,0.0
RE1,DEMTRAELCTAX,2038,0.0
RE1,DEMTRAELCTAX,2039,0.0
RE1,DEMTRAELCTAX,2040,0.0
RE1,DEMTRAELCTAX,2041,0.0
RE1,DEMTRAELCTAX,2042,0.0
RE1,DEMTRAELCTAX,2043,0.0
RE1,DEMTRAELCTAX,2044,0.0
RE1,DEMTRAELCTAX,2045,0.0
RE1,DEMTRAELCTAX,2046,0.0
RE1,DEMTRAELCTAX,2047,0.0
RE1,DEMTRAELCTAX,2048,0.0
RE1,DEMTRAELCTAX,2049,0.0
RE1,DEMTRAELCTAX,2050,0.0
RE1,DEMTRAELCTAX,2051,0.0
RE1,DEMTRAELCTAX,2052,0.0
RE1,DEMTRAELCTAX,2053,0.0
RE1,DEMTRAELCTAX,2054,0.0
RE1,DEMTRAELCTAX,2055,0.0
RE1,DEMTRAELCTCK_C2P,2022,0.0
RE1,DEMTRAELCTCK_C2P,2023,0.0
RE1,DEMTRAELCTCK_C2P,2024,0.0
RE1,DEMTRAELCTCK_C2P,2025,0.0
RE1,DEMTRAELCTCK_C2P,2026,0.0
RE1,DEMTRAELCTCK_C2P,2027,0.0
RE1,DEMTRAELCTCK_C2P,2028,0.0
RE1,DEMTRAELCTCK_C2P,2029,0.0
RE1,DEMTRAELCTCK_C2P,2030,0.0
RE1,DEMTRAELCTCK_C2P,2031,0.0
RE1,DEMTRAELCTCK_C2P,2032,0.0
RE1,DEMTRAELCTCK_C2P,2033,0.0
RE1,DEMTRAELCTCK_C2P,2034,0.0
RE1,DEMTRAELCTCK_C2P,2035,0.0
RE1,DEMTRAELCTCK_C2P,2036,0.0
RE1,DEMTRAELCTCK_C2P,2037,0.0
RE1,DEMTRAELCTCK_C2P,2038,0.0
RE1,DEMTRAELCTCK_C2P,2039,0.0
RE1,DEMTRAELCTCK_C2P,2040,0.0
RE1,DEMTRAELCTCK_C2P,2041,0.0
RE1,DEMTRAELCTCK_C2P,2042,0.0
RE1,DEMTRAELCTCK_C2P,2043,0.0
RE1,DEMTRAELCTCK_C2P,2044,0.0
RE1,DEMTRAELCTCK_C2P,2045,0.0
RE1,DEMTRAELCTCK_C2P,2046,0.0
RE1,DEMTRAELCTCK_C2P,2047,0.0
RE1,DEMTRAELCTCK_C2P,2048,0.0
RE1,DEMTRAELCTCK_C2P,2049,0.0
RE1,DEMTRAELCTCK_C2P,2050,0.0
RE1,DEMTRAELCTCK_C2P,2051,0.0
RE1,DEMTRAELCTCK_C2P,2052,0.0
RE1,DEMTRAELCTCK_C2P,2053,0.0
RE1,DEMTRAELCTCK_C2P,2054,0.0
RE1,DEMTRAELCTCK_C2P,2055,0.0
RE1,DEMTRAELCTCK_CSG,2022,0.0
RE1,DEMTRAELCTCK_CSG,2023,0.0
RE1,DEMTRAELCTCK_CSG,2024,0.0
RE1,DEMTRAELCTCK_CSG,2025,0.0
RE1,DEMTRAELCTCK_CSG,2026,0.0
RE1,DEMTRAELCTCK_CSG,2027,0.0
RE1,DEMTRAELCTCK_CSG,2028,0.0
RE1,DEMTRAELCTCK_CSG,2029,0.0
RE1,DEMTRAELCTCK_CSG,2030,0.0
RE1,DEMTRAELCTCK_CSG,2031,0.0
RE1,DEMTRAELCTCK_CSG,2032,0.0
RE1,DEMTRAELCTCK_CSG,2033,0.0
RE1,DEMTRAELCTCK_CSG,2034,0.0
RE1,DEMTRAELCTCK_CSG,2035,0.0
RE1,DEMTRAELCTCK_CSG,2036,0.0
RE1,DEMTRAELCTCK_CSG,2037,0.0
RE1,DEMTRAELCTCK_CSG,2038,0.0
RE1,DEMTRAELCTCK_CSG,2039,0.0
RE1,DEMTRAELCTCK_CSG,2040,0.0
RE1,DEMTRAELCTCK_CSG,2041,0.0
RE1,DEMTRAELCTCK_CSG,2042,0.0
RE1,DEMTRAELCTCK_CSG,2043,0.0
RE1,DEMTRAELCTCK_CSG,2044,0.0
RE1,DEMTRAELCTCK_CSG,2045,0.0
RE1,DEMTRAELCTCK_CSG,2046,0.0
RE1,DEMTRAELCTCK_CSG,2047,0.0
RE1,DEMTRAELCTCK_CSG,2048,0.0
RE1,DEMTRAELCTCK_CSG,2049,0.0
RE1,DEMTRAELCTCK_CSG,2050,0.0
RE1,DEMTRAELCTCK_CSG,2051,0.0
RE1,DEMTRAELCTCK_CSG,2052,0.0
RE1,DEMTRAELCTCK_CSG,2053,0.0
RE1,DEMTRAELCTCK_CSG,2054,0.0
RE1,DEMTRAELCTCK_CSG,2055,0.0
RE1,DEMTRAFOLSHP,2022,0.0
RE1,DEMTRAFOLSHP,2023,0.0
RE1,DEMTRAFOLSHP,2024,0.0
RE1,DEMTRAFOLSHP,2025,0.0
RE1,DEMTRAFOLSHP,2026,0.0
RE1,DEMTRAFOLSHP,2027,0.0
RE1,DEMTRAFOLSHP,2028,0.0
RE1,DEMTRAFOLSHP,2029,0.0
RE1,DEMTRAFOLSHP,2030,0.0
RE1,DEMTRAFOLSHP,2031,0.0
RE1,DEMTRAFOLSHP,2032,0.0
RE1,DEMTRAFOLSHP,2033,0.0
RE1,DEMTRAFOLSHP,2034,0.0
RE1,DEMTRAFOLSHP,2035,0.0
RE1,DEMTRAFOLSHP,2036,0.0
RE1,DEMTRAFOLSHP,2037,0.0
RE1,DEMTRAFOLSHP,2038,0.0
RE1,DEMTRAFOLSHP,2039,0.0
RE1,DEMTRAFOLSHP,2040,0.0
RE1,DEMTRAFOLSHP,2041,0.0
RE1,DEMTRAFOLSHP,2042,0.0
RE1,DEMTRAFOLSHP,2043,0.0
RE1,DEMTRAFOLSHP,2044,0.0
RE1,DEMTRAFOLSHP,2045,0.0
RE1,DEMTRAFOLSHP,2046,0.0
RE1,DEMTRAFOLSHP,2047,0.0
RE1,DEMTRAFOLSHP,2048,0.0
RE1,DEMTRAFOLSHP,2049,0.0
RE1,DEMTRAFOLSHP,2050,0.0
RE1,DEMTRAFOLSHP,2051,0.0
RE1,DEMTRAFOLSHP,2052,0.0
RE1,DEMTRAFOLSHP,2053,0.0
RE1,DEMTRAFOLSHP,2054,0.0
RE1,DEMTRAFOLSHP,2055,0.0
RE1,DEMTRAGSLBOT,2022,0.0
RE1,DEMTRAGSLBOT,2023,0.0
RE1,DEMTRAGSLBOT,2024,0.0
RE1,DEMTRAGSLBOT,2025,0.0
RE1,DEMTRAGSLBOT,2026,0.0
RE1,DEMTRAGSLBOT,2027,0.0
RE1,DEMTRAGSLBOT,2028,0.0
RE1,DEMTRAGSLBOT,2029,0.0
RE1,DEMTRAGSLBOT,2030,0.0
RE1,DEMTRAGSLBOT,2031,0.0
RE1,DEMTRAGSLBOT,2032,0.0
RE1,DEMTRAGSLBOT,2033,0.0
RE1,DEMTRAGSLBOT,2034,0.0
RE1,DEMTRAGSLBOT,2035,0.0
RE1,DEMTRAGSLBOT,2036,0.0
RE1,DEMTRAGSLBOT,2037,0.0
RE1,DEMTRAGSLBOT,2038,0.0
RE1,DEMTRAGSLBOT,2039,0.0
RE1,DEMTRAGSLBOT,2040,0.0
RE1,DEMTRAGSLBOT,2041,0.0
RE1,DEMTRAGSLBOT,2042,0.0
RE1,DEMTRAGSLBOT,2043,0.0
RE1,DEMTRAGSLBOT,2044,0.0
RE1,DEMTRAGSLBOT,2045,0.0
RE1,DEMTRAGSLBOT,2046,0.0
RE1,DEMTRAGSLBOT,2047,0.0
RE1,DEMTRAGSLBOT,2048,0.0
RE1,DEMTRAGSLBOT,2049,0.0
RE1,DEMTRAGSLBOT,2050,0.0
RE1,DEMTRAGSLBOT,2051,0.0
RE1,DEMTRAGSLBOT,2052,0.0
RE1,DEMTRAGSLBOT,2053,0.0
RE1,DEMTRAGSLBOT,2054,0.0
RE1,DEMTRAGSLBOT,2055,0.0
RE1,DEMTRAGSLBUS_IMU,2022,0.0
RE1,DEMTRAGSLBUS_IMU,2023,0.0
RE1,DEMTRAGSLBUS_IMU,2024,0.0
RE1,DEMTRAGSLBUS_IMU,2025,0.0
RE1,DEMTRAGSLBUS_IMU,2026,0.0
RE1,DEMTRAGSLBUS_IMU,2027,0.0
RE1,DEMTRAGSLBUS_IMU,2028,0.0
RE1,DEMTRAGSLBUS_IMU,2029,0.0
RE1,DEMTRAGSLBUS_IMU,2030,0.0
RE1,DEMTRAGSLBUS_IMU,2031,0.0
RE1,DEMTRAGSLBUS_IMU,2032,0.0
RE1,DEMTRAGSLBUS_IMU,2033,0.0
RE1,DEMTRAGSLBUS_IMU,2034,0.0
RE1,DEMTRAGSLBUS_IMU,2035,0.0
RE1,DEMTRAGSLBUS_IMU,2036,0.0
RE1,DEMTRAGSLBUS_IMU,2037,0.0
RE1,DEMTRAGSLBUS_IMU,2038,0.0
RE1,DEMTRAGSLBUS_IMU,2039,0.0
RE1,DEMTRAGSLBUS_IMU,2040,0.0
RE1,DEMTRAGSLBUS_IMU,2041,0.0
RE1,DEMTRAGSLBUS_IMU,2042,0.0
RE1,DEMTRAGSLBUS_IMU,2043,0.0
RE1,DEMTRAGSLBUS_IMU,2044,0.0
RE1,DEMTRAGSLBUS_IMU,2045,0.0
RE1,DEMTRAGSLBUS_IMU,2046,0.0
RE1,DEMTRAGSLBUS_IMU,2047,0.0
RE1,DEMTRAGSLBUS_IMU,2048,0.0
RE1,DEMTRAGSLBUS_IMU,2049,0.0
RE1,DEMTRAGSLBUS_IMU,2050,0.0
RE1,DEMTRAGSLBUS_IMU,2051,0.0
RE1,DEMTRAGSLBUS_IMU,2052,0.0
RE1,DEMTRAGSLBUS_IMU,2053,0.0
RE1,DEMTRAGSLBUS_IMU,2054,0.0
RE1,DEMTRAGSLBUS_IMU,2055,0.0
RE1,DEMTRAGSLFWD,2022,0.0
RE1,DEMTRAGSLFWD,2023,0.0
RE1,DEMTRAGSLFWD,2024,0.0
RE1,DEMTRAGSLFWD,2025,0.0
RE1,DEMTRAGSLFWD,2026,0.0
RE1,DEMTRAGSLFWD,2027,0.0
RE1,DEMTRAGSLFWD,2028,0.0
RE1,DEMTRAGSLFWD,2029,0.0
RE1,DEMTRAGSLFWD,2030,0.0
RE1,DEMTRAGSLFWD,2031,0.0
RE1,DEMTRAGSLFWD,2032,0.0
RE1,DEMTRAGSLFWD,2033,0.0
RE1,DEMTRAGSLFWD,2034,0.0
RE1,DEMTRAGSLFWD,2035,0.0
RE1,DEMTRAGSLFWD,2036,0.0
RE1,DEMTRAGSLFWD,2037,0.0
RE1,DEMTRAGSLFWD,2038,0.0
RE1,DEMTRAGSLFWD,2039,0.0
RE1,DEMTRAGSLFWD,2040,0.0
RE1,DEMTRAGSLFWD,2041,0.0
RE1,DEMTRAGSLFWD,2042,0.0
RE1,DEMTRAGSLFWD,2043,0.0
RE1,DEMTRAGSLFWD,2044,0.0
RE1,DEMTRAGSLFWD,2045,0.0
RE1,DEMTRAGSLFWD,2046,0.0
RE1,DEMTRAGSLFWD,2047,0.0
RE1,DEMTRAGSLFWD,2048,0.0
RE1,DEMTRAGSLFWD,2049,0.0
RE1,DEMTRAGSLFWD,2050,0.0
RE1,DEMTRAGSLFWD,2051,0.0
RE1,DEMTRAGSLFWD,2052,0.0
RE1,DEMTRAGSLFWD,2053,0.0
RE1,DEMTRAGSLFWD,2054,0.0
RE1,DEMTRAGSLFWD,2055,0.0
RE1,DEMTRAGSLLDV,2022,0.0
RE1,DEMTRAGSLLDV,2023,0.0
RE1,DEMTRAGSLLDV,2024,0.0
RE1,DEMTRAGSLLDV,2025,0.0
RE1,DEMTRAGSLLDV,2026,0.0
RE1,DEMTRAGSLLDV,2027,0.0
RE1,DEMTRAGSLLDV,2028,0.0
RE1,DEMTRAGSLLDV,2029,0.0
RE1,DEMTRAGSLLDV,2030,0.0
RE1,DEMTRAGSLLDV,2031,0.0
RE1,DEMTRAGSLLDV,2032,0.0
RE1,DEMTRAGSLLDV,2033,0.0
RE1,DEMTRAGSLLDV,2034,0.0
RE1,DEMTRAGSLLDV,2035,0.0
RE1,DEMTRAGSLLDV,2036,0.0
RE1,DEMTRAGSLLDV,2037,0.0
RE1,DEMTRAGSLLDV,2038,0.0
RE1,DEMTRAGSLLDV,2039,0.0
RE1,DEMTRAGSLLDV,2040,0.0
RE1,DEMTRAGSLLDV,2041,0.0
RE1,DEMTRAGSLLDV,2042,0.0
RE1,DEMTRAGSLLDV,2043,0.0
RE1,DEMTRAGSLLDV,2044,0.0
RE1,DEMTRAGSLLDV,2045,0.0
RE1,DEMTRAGSLLDV,2046,0.0
RE1,DEMTRAGSLLDV,2047,0.0
RE1,DEMTRAGSLLDV,2048,0.0
RE1,DEMTRAGSLLDV,2049,0.0
RE1,DEMTRAGSLLDV,2050,0.0
RE1,DEMTRAGSLLDV,2051,0.0
RE1,DEMTRAGSLLDV,2052,0.0
RE1,DEMTRAGSLLDV,2053,0.0
RE1,DEMTRAGSLLDV,2054,0.0
RE1,DEMTRAGSLLDV,2055,0.0
RE1,DEMTRAGSLMIC,2022,0.0
RE1,DEMTRAGSLMIC,2023,0.0
RE1,DEMTRAGSLMIC,2024,0.0
RE1,DEMTRAGSLMIC,2025,0.0
RE1,DEMTRAGSLMIC,2026,0.0
RE1,DEMTRAGSLMIC,2027,0.0
RE1,DEMTRAGSLMIC,2028,0.0
RE1,DEMTRAGSLMIC,2029,0.0
RE1,DEMTRAGSLMIC,2030,0.0
RE1,DEMTRAGSLMIC,2031,0.0
RE1,DEMTRAGSLMIC,2032,0.0
RE1,DEMTRAGSLMIC,2033,0.0
RE1,DEMTRAGSLMIC,2034,0.0
RE1,DEMTRAGSLMIC,2035,0.0
RE1,DEMTRAGSLMIC,2036,0.0
RE1,DEMTRAGSLMIC,2037,0.0
RE1,DEMTRAGSLMIC,2038,0.0
RE1,DEMTRAGSLMIC,2039,0.0
RE1,DEMTRAGSLMIC,2040,0.0
RE1,DEMTRAGSLMIC,2041,0.0
RE1,DEMTRAGSLMIC,2042,0.0
RE1,DEMTRAGSLMIC,2043,0.0
RE1,DEMTRAGSLMIC,2044,0.0
RE1,DEMTRAGSLMIC,2045,0.0
RE1,DEMTRAGSLMIC,2046,0.0
RE1,DEMTRAGSLMIC,2047,0.0
RE1,DEMTRAGSLMIC,2048,0.0
RE1,DEMTRAGSLMIC,2049,0.0
RE1,DEMTRAGSLMIC,2050,0.0
RE1,DEMTRAGSLMIC,2051,0.0
RE1,DEMTRAGSLMIC,2052,0.0
RE1,DEMTRAGSLMIC,2053,0.0
RE1,DEMTRAGSLMIC,2054,0.0
RE1,DEMTRAGSLMIC,2055,0.0
RE1,DEMTRAGSLMOT,2022,0.0
RE1,DEMTRAGSLMOT,2023,0.0
RE1,DEMTRAGSLMOT,2024,0.0
RE1,DEMTRAGSLMOT,2025,0.0
RE1,DEMTRAGSLMOT,2026,0.0
RE1,DEMTRAGSLMOT,2027,0.0
RE1,DEMTRAGSLMOT,2028,0.0
RE1,DEMTRAGSLMOT,2029,0.0
RE1,DEMTRAGSLMOT,2030,0.0
RE1,DEMTRAGSLMOT,2031,0.0
RE1,DEMTRAGSLMOT,2032,0.0
RE1,DEMTRAGSLMOT,2033,0.0
RE1,DEMTRAGSLMOT,2034,0.0
RE1,DEMTRAGSLMOT,2035,0.0
RE1,DEMTRAGSLMOT,2036,0.0
RE1,DEMTRAGSLMOT,2037,0.0
RE1,DEMTRAGSLMOT,2038,0.0
RE1,DEMTRAGSLMOT,2039,0.0
RE1,DEMTRAGSLMOT,2040,0.0
RE1,DEMTRAGSLMOT,2041,0.0
RE1,DEMTRAGSLMOT,2042,0.0
RE1,DEMTRAGSLMOT,2043,0.0
RE1,DEMTRAGSLMOT,2044,0.0
RE1,DEMTRAGSLMOT,2045,0.0
RE1,DEMTRAGSLMOT,2046,0.0
RE1,DEMTRAGSLMOT,2047,0.0
RE1,DEMTRAGSLMOT,2048,0.0
RE1,DEMTRAGSLMOT,2049,0.0
RE1,DEMTRAGSLMOT,2050,0.0
RE1,DEMTRAGSLMOT,2051,0.0
RE1,DEMTRAGSLMOT,2052,0.0
RE1,DEMTRAGSLMOT,2053,0.0
RE1,DEMTRAGSLMOT,2054,0.0
RE1,DEMTRAGSLMOT,2055,0.0
RE1,DEMTRAGSLSTT,2022,0.0
RE1,DEMTRAGSLSTT,2023,0.0
RE1,DEMTRAGSLSTT,2024,0.0
RE1,DEMTRAGSLSTT,2025,0.0
RE1,DEMTRAGSLSTT,2026,0.0
RE1,DEMTRAGSLSTT,2027,0.0
RE1,DEMTRAGSLSTT,2028,0.0
RE1,DEMTRAGSLSTT,2029,0.0
RE1,DEMTRAGSLSTT,2030,0.0
RE1,DEMTRAGSLSTT,2031,0.0
RE1,DEMTRAGSLSTT,2032,0.0
RE1,DEMTRAGSLSTT,2033,0.0
RE1,DEMTRAGSLSTT,2034,0.0
RE1,DEMTRAGSLSTT,2035,0.0
RE1,DEMTRAGSLSTT,2036,0.0
RE1,DEMTRAGSLSTT,2037,0.0
RE1,DEMTRAGSLSTT,2038,0.0
RE1,DEMTRAGSLSTT,2039,0.0
RE1,DEMTRAGSLSTT,2040,0.0
RE1,DEMTRAGSLSTT,2041,0.0
RE1,DEMTRAGSLSTT,2042,0.0
RE1,DEMTRAGSLSTT,2043,0.0
RE1,DEMTRAGSLSTT,2044,0.0
RE1,DEMTRAGSLSTT,2045,0.0
RE1,DEMTRAGSLSTT,2046,0.0
RE1,DEMTRAGSLSTT,2047,0.0
RE1,DEMTRAGSLSTT,2048,0.0
RE1,DEMTRAGSLSTT,2049,0.0
RE1,DEMTRAGSLSTT,2050,0.0
RE1,DEMTRAGSLSTT,2051,0.0
RE1,DEMTRAGSLSTT,2052,0.0
RE1,DEMTRAGSLSTT,2053,0.0
RE1,DEMTRAGSLSTT,2054,0.0
RE1,DEMTRAGSLSTT,2055,0.0
RE1,DEMTRAGSLTAX,2022,0.0
RE1,DEMTRAGSLTAX,2023,0.0
RE1,DEMTRAGSLTAX,2024,0.0
RE1,DEMTRAGSLTAX,2025,0.0
RE1,DEMTRAGSLTAX,2026,0.0
RE1,DEMTRAGSLTAX,2027,0.0
RE1,DEMTRAGSLTAX,2028,0.0
RE1,DEMTRAGSLTAX,2029,0.0
RE1,DEMTRAGSLTAX,2030,0.0
RE1,DEMTRAGSLTAX,2031,0.0
RE1,DEMTRAGSLTAX,2032,0.0
RE1,DEMTRAGSLTAX,2033,0.0
RE1,DEMTRAGSLTAX,2034,0.0
RE1,DEMTRAGSLTAX,2035,0.0
RE1,DEMTRAGSLTAX,2036,0.0
RE1,DEMTRAGSLTAX,2037,0.0
RE1,DEMTRAGSLTAX,2038,0.0
RE1,DEMTRAGSLTAX,2039,0.0
RE1,DEMTRAGSLTAX,2040,0.0
RE1,DEMTRAGSLTAX,2041,0.0
RE1,DEMTRAGSLTAX,2042,0.0
RE1,DEMTRAGSLTAX,2043,0.0
RE1,DEMTRAGSLTAX,2044,0.0
RE1,DEMTRAGSLTAX,2045,0.0
RE1,DEMTRAGSLTAX,2046,0.0
RE1,DEMTRAGSLTAX,2047,0.0
RE1,DEMTRAGSLTAX,2048,0.0
RE1,DEMTRAGSLTAX,2049,0.0
RE1,DEMTRAGSLTAX,2050,0.0
RE1,DEMTRAGSLTAX,2051,0.0
RE1,DEMTRAGSLTAX,2052,0.0
RE1,DEMTRAGSLTAX,2053,0.0
RE1,DEMTRAGSLTAX,2054,0.0
RE1,DEMTRAGSLTAX,2055,0.0
RE1,DEMTRAGSLTCK_C2P,2022,0.0
RE1,DEMTRAGSLTCK_C2P,2023,0.0
RE1,DEMTRAGSLTCK_C2P,2024,0.0
RE1,DEMTRAGSLTCK_C2P,2025,0.0
RE1,DEMTRAGSLTCK_C2P,2026,0.0
RE1,DEMTRAGSLTCK_C2P,2027,0.0
RE1,DEMTRAGSLTCK_C2P,2028,0.0
RE1,DEMTRAGSLTCK_C2P,2029,0.0
RE1,DEMTRAGSLTCK_C2P,2030,0.0
RE1,DEMTRAGSLTCK_C2P,2031,0.0
RE1,DEMTRAGSLTCK_C2P,2032,0.0
RE1,DEMTRAGSLTCK_C2P,2033,0.0
RE1,DEMTRAGSLTCK_C2P,2034,0.0
RE1,DEMTRAGSLTCK_C2P,2035,0.0
RE1,DEMTRAGSLTCK_C2P,2036,0.0
RE1,DEMTRAGSLTCK_C2P,2037,0.0
RE1,DEMTRAGSLTCK_C2P,2038,0.0
RE1,DEMTRAGSLTCK_C2P,2039,0.0
RE1,DEMTRAGSLTCK_C2P,2040,0.0
RE1,DEMTRAGSLTCK_C2P,2041,0.0
RE1,DEMTRAGSLTCK_C2P,2042,0.0
RE1,DEMTRAGSLTCK_C2P,2043,0.0
RE1,DEMTRAGSLTCK_C2P,2044,0.0
RE1,DEMTRAGSLTCK_C2P,2045,0.0
RE1,DEMTRAGSLTCK_C2P,2046,0.0
RE1,DEMTRAGSLTCK_C2P,2047,0.0
RE1,DEMTRAGSLTCK_C2P,2048,0.0
RE1,DEMTRAGSLTCK_C2P,2049,0.0
RE1,DEMTRAGSLTCK_C2P,2050,0.0
RE1,DEMTRAGSLTCK_C2P,2051,0.0
RE1,DEMTRAGSLTCK_C2P,2052,0.0
RE1,DEMTRAGSLTCK_C2P,2053,0.0
RE1,DEMTRAGSLTCK_C2P,2054,0.0
RE1,DEMTRAGSLTCK_C2P,2055,0.0
RE1,DEMTRAHDGBUS_IMU,2022,0.0
RE1,DEMTRAHDGBUS_IMU,2023,0.0
RE1,DEMTRAHDGBUS_IMU,2024,0.0
RE1,DEMTRAHDGBUS_IMU,2025,0.0
RE1,DEMTRAHDGBUS_IMU,2026,0.0
RE1,DEMTRAHDGBUS_IMU,2027,0.0
RE1,DEMTRAHDGBUS_IMU,2028,0.0
RE1,DEMTRAHDGBUS_IMU,2029,0.0
RE1,DEMTRAHDGBUS_IMU,2030,0.0
RE1,DEMTRAHDGBUS_IMU,2031,0.0
RE1,DEMTRAHDGBUS_IMU,2032,0.0
RE1,DEMTRAHDGBUS_IMU,2033,0.0
RE1,DEMTRAHDGBUS_IMU,2034,0.0
RE1,DEMTRAHDGBUS_IMU,2035,0.0
RE1,DEMTRAHDGBUS_IMU,2036,0.0
RE1,DEMTRAHDGBUS_IMU,2037,0.0
RE1,DEMTRAHDGBUS_IMU,2038,0.0
RE1,DEMTRAHDGBUS_IMU,2039,0.0
RE1,DEMTRAHDGBUS_IMU,2040,0.0
RE1,DEMTRAHDGBUS_IMU,2041,0.0
RE1,DEMTRAHDGBUS_IMU,2042,0.0
RE1,DEMTRAHDGBUS_IMU,2043,0.0
RE1,DEMTRAHDGBUS_IMU,2044,0.0
RE1,DEMTRAHDGBUS_IMU,2045,0.0
RE1,DEMTRAHDGBUS_IMU,2046,0.0
RE1,DEMTRAHDGBUS_IMU,2047,0.0
RE1,DEMTRAHDGBUS_IMU,2048,0.0
RE1,DEMTRAHDGBUS_IMU,2049,0.0
RE1,DEMTRAHDGBUS_IMU,2050,0.0
RE1,DEMTRAHDGBUS_IMU,2051,0.0
RE1,DEMTRAHDGBUS_IMU,2052,0.0
RE1,DEMTRAHDGBUS_IMU,2053,0.0
RE1,DEMTRAHDGBUS_IMU,2054,0.0
RE1,DEMTRAHDGBUS_IMU,2055,0.0
RE1,DEMTRAHDGBUS_URB,2022,0.0
RE1,DEMTRAHDGBUS_URB,2023,0.0
RE1,DEMTRAHDGBUS_URB,2024,0.0
RE1,DEMTRAHDGBUS_URB,2025,0.0
RE1,DEMTRAHDGBUS_URB,2026,0.0
RE1,DEMTRAHDGBUS_URB,2027,0.0
RE1,DEMTRAHDGBUS_URB,2028,0.0
RE1,DEMTRAHDGBUS_URB,2029,0.0
RE1,DEMTRAHDGBUS_URB,2030,0.0
RE1,DEMTRAHDGBUS_URB,2031,0.0
RE1,DEMTRAHDGBUS_URB,2032,0.0
RE1,DEMTRAHDGBUS_URB,2033,0.0
RE1,DEMTRAHDGBUS_URB,2034,0.0
RE1,DEMTRAHDGBUS_URB,2035,0.0
RE1,DEMTRAHDGBUS_URB,2036,0.0
RE1,DEMTRAHDGBUS_URB,2037,0.0
RE1,DEMTRAHDGBUS_URB,2038,0.0
RE1,DEMTRAHDGBUS_URB,2039,0.0
RE1,DEMTRAHDGBUS_URB,2040,0.0
RE1,DEMTRAHDGBUS_URB,2041,0.0
RE1,DEMTRAHDGBUS_URB,2042,0.0
RE1,DEMTRAHDGBUS_URB,2043,0.0
RE1,DEMTRAHDGBUS_URB,2044,0.0
RE1,DEMTRAHDGBUS_URB,2045,0.0
RE1,DEMTRAHDGBUS_URB,2046,0.0
RE1,DEMTRAHDGBUS_URB,2047,0.0
RE1,DEMTRAHDGBUS_URB,2048,0.0
RE1,DEMTRAHDGBUS_URB,2049,0.0
RE1,DEMTRAHDGBUS_URB,2050,0.0
RE1,DEMTRAHDGBUS_URB,2051,0.0
RE1,DEMTRAHDGBUS_URB,2052,0.0
RE1,DEMTRAHDGBUS_URB,2053,0.0
RE1,DEMTRAHDGBUS_URB,2054,0.0
RE1,DEMTRAHDGBUS_URB,2055,0.0
RE1,DEMTRAHDGFWD,2022,0.0
RE1,DEMTRAHDGFWD,2023,0.0
RE1,DEMTRAHDGFWD,2024,0.0
RE1,DEMTRAHDGFWD,2025,0.0
RE1,DEMTRAHDGFWD,2026,0.0
RE1,DEMTRAHDGFWD,2027,0.0
RE1,DEMTRAHDGFWD,2028,0.0
RE1,DEMTRAHDGFWD,2029,0.0
RE1,DEMTRAHDGFWD,2030,0.0
RE1,DEMTRAHDGFWD,2031,0.0
RE1,DEMTRAHDGFWD,2032,0.0
RE1,DEMTRAHDGFWD,2033,0.0
RE1,DEMTRAHDGFWD,2034,0.0
RE1,DEMTRAHDGFWD,2035,0.0
RE1,DEMTRAHDGFWD,2036,0.0
RE1,DEMTRAHDGFWD,2037,0.0
RE1,DEMTRAHDGFWD,2038,0.0
RE1,DEMTRAHDGFWD,2039,0.0
RE1,DEMTRAHDGFWD,2040,0.0
RE1,DEMTRAHDGFWD,2041,0.0
RE1,DEMTRAHDGFWD,2042,0.0
RE1,DEMTRAHDGFWD,2043,0.0
RE1,DEMTRAHDGFWD,2044,0.0
RE1,DEMTRAHDGFWD,2045,0.0
RE1,DEMTRAHDGFWD,2046,0.0
RE1,DEMTRAHDGFWD,2047,0.0
RE1,DEMTRAHDGFWD,2048,0.0
RE1,DEMTRAHDGFWD,2049,0.0
RE1,DEMTRAHDGFWD,2050,0.0
RE1,DEMTRAHDGFWD,2051,0.0
RE1,DEMTRAHDGFWD,2052,0.0
RE1,DEMTRAHDGFWD,2053,0.0
RE1,DEMTRAHDGFWD,2054,0.0
RE1,DEMTRAHDGFWD,2055,0.0
RE1,DEMTRAHDGLDV,2022,0.0
RE1,DEMTRAHDGLDV,2023,0.0
RE1,DEMTRAHDGLDV,2024,0.0
RE1,DEMTRAHDGLDV,2025,0.0
RE1,DEMTRAHDGLDV,2026,0.0
RE1,DEMTRAHDGLDV,2027,0.0
RE1,DEMTRAHDGLDV,2028,0.0
RE1,DEMTRAHDGLDV,2029,0.0
RE1,DEMTRAHDGLDV,2030,0.0
RE1,DEMTRAHDGLDV,2031,0.0
RE1,DEMTRAHDGLDV,2032,0.0
RE1,DEMTRAHDGLDV,2033,0.0
RE1,DEMTRAHDGLDV,2034,0.0
RE1,DEMTRAHDGLDV,2035,0.0
RE1,DEMTRAHDGLDV,2036,0.0
RE1,DEMTRAHDGLDV,2037,0.0
RE1,DEMTRAHDGLDV,2038,0.0
RE1,DEMTRAHDGLDV,2039,0.0
RE1,DEMTRAHDGLDV,2040,0.0
RE1,DEMTRAHDGLDV,2041,0.0
RE1,DEMTRAHDGLDV,2042,0.0
RE1,DEMTRAHDGLDV,2043,0.0
RE1,DEMTRAHDGLDV,2044,0.0
RE1,DEMTRAHDGLDV,2045,0.0
RE1,DEMTRAHDGLDV,2046,0.0
RE1,DEMTRAHDGLDV,2047,0.0
RE1,DEMTRAHDGLDV,2048,0.0
RE1,DEMTRAHDGLDV,2049,0.0
RE1,DEMTRAHDGLDV,2050,0.0
RE1,DEMTRAHDGLDV,2051,0.0
RE1,DEMTRAHDGLDV,2052,0.0
RE1,DEMTRAHDGLDV,2053,0.0
RE1,DEMTRAHDGLDV,2054,0.0
RE1,DEMTRAHDGLDV,2055,0.0
RE1,DEMTRAHDGMIC,2022,0.0
RE1,DEMTRAHDGMIC,2023,0.0
RE1,DEMTRAHDGMIC,2024,0.0
RE1,DEMTRAHDGMIC,2025,0.0
RE1,DEMTRAHDGMIC,2026,0.0
RE1,DEMTRAHDGMIC,2027,0.0
RE1,DEMTRAHDGMIC,2028,0.0
RE1,DEMTRAHDGMIC,2029,0.0
RE1,DEMTRAHDGMIC,2030,0.0
RE1,DEMTRAHDGMIC,2031,0.0
RE1,DEMTRAHDGMIC,2032,0.0
RE1,DEMTRAHDGMIC,2033,0.0
RE1,DEMTRAHDGMIC,2034,0.0
RE1,DEMTRAHDGMIC,2035,0.0
RE1,DEMTRAHDGMIC,2036,0.0
RE1,DEMTRAHDGMIC,2037,0.0
RE1,DEMTRAHDGMIC,2038,0.0
RE1,DEMTRAHDGMIC,2039,0.0
RE1,DEMTRAHDGMIC,2040,0.0
RE1,DEMTRAHDGMIC,2041,0.0
RE1,DEMTRAHDGMIC,2042,0.0
RE1,DEMTRAHDGMIC,2043,0.0
RE1,DEMTRAHDGMIC,2044,0.0
RE1,DEMTRAHDGMIC,2045,0.0
RE1,DEMTRAHDGMIC,2046,0.0
RE1,DEMTRAHDGMIC,2047,0.0
RE1,DEMTRAHDGMIC,2048,0.0
RE1,DEMTRAHDGMIC,2049,0.0
RE1,DEMTRAHDGMIC,2050,0.0
RE1,DEMTRAHDGMIC,2051,0.0
RE1,DEMTRAHDGMIC,2052,0.0
RE1,DEMTRAHDGMIC,2053,0.0
RE1,DEMTRAHDGMIC,2054,0.0
RE1,DEMTRAHDGMIC,2055,0.0
RE1,DEMTRAHDGSTT,2022,0.0
RE1,DEMTRAHDGSTT,2023,0.0
RE1,DEMTRAHDGSTT,2024,0.0
RE1,DEMTRAHDGSTT,2025,0.0
RE1,DEMTRAHDGSTT,2026,0.0
RE1,DEMTRAHDGSTT,2027,0.0
RE1,DEMTRAHDGSTT,2028,0.0
RE1,DEMTRAHDGSTT,2029,0.0
RE1,DEMTRAHDGSTT,2030,0.0
RE1,DEMTRAHDGSTT,2031,0.0
RE1,DEMTRAHDGSTT,2032,0.0
RE1,DEMTRAHDGSTT,2033,0.0
RE1,DEMTRAHDGSTT,2034,0.0
RE1,DEMTRAHDGSTT,2035,0.0
RE1,DEMTRAHDGSTT,2036,0.0
RE1,DEMTRAHDGSTT,2037,0.0
RE1,DEMTRAHDGSTT,2038,0.0
RE1,DEMTRAHDGSTT,2039,0.0
RE1,DEMTRAHDGSTT,2040,0.0
RE1,DEMTRAHDGSTT,2041,0.0
RE1,DEMTRAHDGSTT,2042,0.0
RE1,DEMTRAHDGSTT,2043,0.0
RE1,DEMTRAHDGSTT,2044,0.0
RE1,DEMTRAHDGSTT,2045,0.0
RE1,DEMTRAHDGSTT,2046,0.0
RE1,DEMTRAHDGSTT,2047,0.0
RE1,DEMTRAHDGSTT,2048,0.0
RE1,DEMTRAHDGSTT,2049,0.0
RE1,DEMTRAHDGSTT,2050,0.0
RE1,DEMTRAHDGSTT,2051,0.0
RE1,DEMTRAHDGSTT,2052,0.0
RE1,DEMTRAHDGSTT,2053,0.0
RE1,DEMTRAHDGSTT,2054,0.0
RE1,DEMTRAHDGSTT,2055,0.0
RE1,DEMTRAHDGTAX,2022,0.0
RE1,DEMTRAHDGTAX,2023,0.0
RE1,DEMTRAHDGTAX,2024,0.0
RE1,DEMTRAHDGTAX,2025,0.0
RE1,DEMTRAHDGTAX,2026,0.0
RE1,DEMTRAHDGTAX,2027,0.0
RE1,DEMTRAHDGTAX,2028,0.0
RE1,DEMTRAHDGTAX,2029,0.0
RE1,DEMTRAHDGTAX,2030,0.0
RE1,DEMTRAHDGTAX,2031,0.0
RE1,DEMTRAHDGTAX,2032,0.0
RE1,DEMTRAHDGTAX,2033,0.0
RE1,DEMTRAHDGTAX,2034,0.0
RE1,DEMTRAHDGTAX,2035,0.0
RE1,DEMTRAHDGTAX,2036,0.0
RE1,DEMTRAHDGTAX,2037,0.0
RE1,DEMTRAHDGTAX,2038,0.0
RE1,DEMTRAHDGTAX,2039,0.0
RE1,DEMTRAHDGTAX,2040,0.0
RE1,DEMTRAHDGTAX,2041,0.0
RE1,DEMTRAHDGTAX,2042,0.0
RE1,DEMTRAHDGTAX,2043,0.0
RE1,DEMTRAHDGTAX,2044,0.0
RE1,DEMTRAHDGTAX,2045,0.0
RE1,DEMTRAHDGTAX,2046,0.0
RE1,DEMTRAHDGTAX,2047,0.0
RE1,DEMTRAHDGTAX,2048,0.0
RE1,DEMTRAHDGTAX,2049,0.0
RE1,DEMTRAHDGTAX,2050,0.0
RE1,DEMTRAHDGTAX,2051,0.0
RE1,DEMTRAHDGTAX,2052,0.0
RE1,DEMTRAHDGTAX,2053,0.0
RE1,DEMTRAHDGTAX,2054,0.0
RE1,DEMTRAHDGTAX,2055,0.0
RE1,DEMTRAHDGTCK_CSG,2022,0.0
RE1,DEMTRAHDGTCK_CSG,2023,0.0
RE1,DEMTRAHDGTCK_CSG,2024,0.0
RE1,DEMTRAHDGTCK_CSG,2025,0.0
RE1,DEMTRAHDGTCK_CSG,2026,0.0
RE1,DEMTRAHDGTCK_CSG,2027,0.0
RE1,DEMTRAHDGTCK_CSG,2028,0.0
RE1,DEMTRAHDGTCK_CSG,2029,0.0
RE1,DEMTRAHDGTCK_CSG,2030,0.0
RE1,DEMTRAHDGTCK_CSG,2031,0.0
RE1,DEMTRAHDGTCK_CSG,2032,0.0
RE1,DEMTRAHDGTCK_CSG,2033,0.0
RE1,DEMTRAHDGTCK_CSG,2034,0.0
RE1,DEMTRAHDGTCK_CSG,2035,0.0
RE1,DEMTRAHDGTCK_CSG,2036,0.0
RE1,DEMTRAHDGTCK_CSG,2037,0.0
RE1,DEMTRAHDGTCK_CSG,2038,0.0
RE1,DEMTRAHDGTCK_CSG,2039,0.0
RE1,DEMTRAHDGTCK_CSG,2040,0.0
RE1,DEMTRAHDGTCK_CSG,2041,0.0
RE1,DEMTRAHDGTCK_CSG,2042,0.0
RE1,DEMTRAHDGTCK_CSG,2043,0.0
RE1,DEMTRAHDGTCK_CSG,2044,0.0
RE1,DEMTRAHDGTCK_CSG,2045,0.0
RE1,DEMTRAHDGTCK_CSG,2046,0.0
RE1,DEMTRAHDGTCK_CSG,2047,0.0
RE1,DEMTRAHDGTCK_CSG,2048,0.0
RE1,DEMTRAHDGTCK_CSG,2049,0.0
RE1,DEMTRAHDGTCK_CSG,2050,0.0
RE1,DEMTRAHDGTCK_CSG,2051,0.0
RE1,DEMTRAHDGTCK_CSG,2052,0.0
RE1,DEMTRAHDGTCK_CSG,2053,0.0
RE1,DEMTRAHDGTCK_CSG,2054,0.0
RE1,DEMTRAHDGTCK_CSG,2055,0.0
RE1,DEMTRAHEVFWD,2022,0.0
RE1,DEMTRAHEVFWD,2023,0.0
RE1,DEMTRAHEVFWD,2024,0.0
RE1,DEMTRAHEVFWD,2025,0.0
RE1,DEMTRAHEVFWD,2026,0.0
RE1,DEMTRAHEVFWD,2027,0.0
RE1,DEMTRAHEVFWD,2028,0.0
RE1,DEMTRAHEVFWD,2029,0.0
RE1,DEMTRAHEVFWD,2030,0.0
RE1,DEMTRAHEVFWD,2031,0.0
RE1,DEMTRAHEVFWD,2032,0.0
RE1,DEMTRAHEVFWD,2033,0.0
RE1,DEMTRAHEVFWD,2034,0.0
RE1,DEMTRAHEVFWD,2035,0.0
RE1,DEMTRAHEVFWD,2036,0.0
RE1,DEMTRAHEVFWD,2037,0.0
RE1,DEMTRAHEVFWD,2038,0.0
RE1,DEMTRAHEVFWD,2039,0.0
RE1,DEMTRAHEVFWD,2040,0.0
RE1,DEMTRAHEVFWD,2041,0.0
RE1,DEMTRAHEVFWD,2042,0.0
RE1,DEMTRAHEVFWD,2043,0.0
RE1,DEMTRAHEVFWD,2044,0.0
RE1,DEMTRAHEVFWD,2045,0.0
RE1,DEMTRAHEVFWD,2046,0.0
RE1,DEMTRAHEVFWD,2047,0.0
RE1,DEMTRAHEVFWD,2048,0.0
RE1,DEMTRAHEVFWD,2049,0.0
RE1,DEMTRAHEVFWD,2050,0.0
RE1,DEMTRAHEVFWD,2051,0.0
RE1,DEMTRAHEVFWD,2052,0.0
RE1,DEMTRAHEVFWD,2053,0.0
RE1,DEMTRAHEVFWD,2054,0.0
RE1,DEMTRAHEVFWD,2055,0.0
RE1,DEMTRAHEVLDV,2022,0.0
RE1,DEMTRAHEVLDV,2023,0.0
RE1,DEMTRAHEVLDV,2024,0.0
RE1,DEMTRAHEVLDV,2025,0.0
RE1,DEMTRAHEVLDV,2026,0.0
RE1,DEMTRAHEVLDV,2027,0.0
RE1,DEMTRAHEVLDV,2028,0.0
RE1,DEMTRAHEVLDV,2029,0.0
RE1,DEMTRAHEVLDV,2030,0.0
RE1,DEMTRAHEVLDV,2031,0.0
RE1,DEMTRAHEVLDV,2032,0.0
RE1,DEMTRAHEVLDV,2033,0.0
RE1,DEMTRAHEVLDV,2034,0.0
RE1,DEMTRAHEVLDV,2035,0.0
RE1,DEMTRAHEVLDV,2036,0.0
RE1,DEMTRAHEVLDV,2037,0.0
RE1,DEMTRAHEVLDV,2038,0.0
RE1,DEMTRAHEVLDV,2039,0.0
RE1,DEMTRAHEVLDV,2040,0.0
RE1,DEMTRAHEVLDV,2041,0.0
RE1,DEMTRAHEVLDV,2042,0.0
RE1,DEMTRAHEVLDV,2043,0.0
RE1,DEMTRAHEVLDV,2044,0.0
RE1,DEMTRAHEVLDV,2045,0.0
RE1,DEMTRAHEVLDV,2046,0.0
RE1,DEMTRAHEVLDV,2047,0.0
RE1,DEMTRAHEVLDV,2048,0.0
RE1,DEMTRAHEVLDV,2049,0.0
RE1,DEMTRAHEVLDV,2050,0.0
RE1,DEMTRAHEVLDV,2051,0.0
RE1,DEMTRAHEVLDV,2052,0.0
RE1,DEMTRAHEVLDV,2053,0.0
RE1,DEMTRAHEVLDV,2054,0.0
RE1,DEMTRAHEVLDV,2055,0.0
RE1,DEMTRAJETAVI,2022,0.0
RE1,DEMTRAJETAVI,2023,0.0
RE1,DEMTRAJETAVI,2024,0.0
RE1,DEMTRAJETAVI,2025,0.0
RE1,DEMTRAJETAVI,2026,0.0
RE1,DEMTRAJETAVI,2027,0.0
RE1,DEMTRAJETAVI,2028,0.0
RE1,DEMTRAJETAVI,2029,0.0
RE1,DEMTRAJETAVI,2030,0.0
RE1,DEMTRAJETAVI,2031,0.0
RE1,DEMTRAJETAVI,2032,0.0
RE1,DEMTRAJETAVI,2033,0.0
RE1,DEMTRAJETAVI,2034,0.0
RE1,DEMTRAJETAVI,2035,0.0
RE1,DEMTRAJETAVI,2036,0.0
RE1,DEMTRAJETAVI,2037,0.0
RE1,DEMTRAJETAVI,2038,0.0
RE1,DEMTRAJETAVI,2039,0.0
RE1,DEMTRAJETAVI,2040,0.0
RE1,DEMTRAJETAVI,2041,0.0
RE1,DEMTRAJETAVI,2042,0.0
RE1,DEMTRAJETAVI,2043,0.0
RE1,DEMTRAJETAVI,2044,0.0
RE1,DEMTRAJETAVI,2045,0.0
RE1,DEMTRAJETAVI,2046,0.0
RE1,DEMTRAJETAVI,2047,0.0
RE1,DEMTRAJETAVI,2048,0.0
RE1,DEMTRAJETAVI,2049,0.0
RE1,DEMTRAJETAVI,2050,0.0
RE1,DEMTRAJETAVI,2051,0.0
RE1,DEMTRAJETAVI,2052,0.0
RE1,DEMTRAJETAVI,2053,0.0
RE1,DEMTRAJETAVI,2054,0.0
RE1,DEMTRAJETAVI,2055,0.0
RE1,DEMTRAJETSAFAVI,2022,0.0
RE1,DEMTRAJETSAFAVI,2023,0.0
RE1,DEMTRAJETSAFAVI,2024,0.0
RE1,DEMTRAJETSAFAVI,2025,0.0
RE1,DEMTRAJETSAFAVI,2026,0.0
RE1,DEMTRAJETSAFAVI,2027,0.0
RE1,DEMTRAJETSAFAVI,2028,0.0
RE1,DEMTRAJETSAFAVI,2029,0.0
RE1,DEMTRAJETSAFAVI,2030,0.0
RE1,DEMTRAJETSAFAVI,2031,0.0
RE1,DEMTRAJETSAFAVI,2032,0.0
RE1,DEMTRAJETSAFAVI,2033,0.0
RE1,DEMTRAJETSAFAVI,2034,0.0
RE1,DEMTRAJETSAFAVI,2035,0.0
RE1,DEMTRAJETSAFAVI,2036,0.0
RE1,DEMTRAJETSAFAVI,2037,0.0
RE1,DEMTRAJETSAFAVI,2038,0.0
RE1,DEMTRAJETSAFAVI,2039,0.0
RE1,DEMTRAJETSAFAVI,2040,0.0
RE1,DEMTRAJETSAFAVI,2041,0.0
RE1,DEMTRAJETSAFAVI,2042,0.0
RE1,DEMTRAJETSAFAVI,2043,0.0
RE1,DEMTRAJETSAFAVI,2044,0.0
RE1,DEMTRAJETSAFAVI,2045,0.0
RE1,DEMTRAJETSAFAVI,2046,0.0
RE1,DEMTRAJETSAFAVI,2047,0.0
RE1,DEMTRAJETSAFAVI,2048,0.0
RE1,DEMTRAJETSAFAVI,2049,0.0
RE1,DEMTRAJETSAFAVI,2050,0.0
RE1,DEMTRAJETSAFAVI,2051,0.0
RE1,DEMTRAJETSAFAVI,2052,0.0
RE1,DEMTRAJETSAFAVI,2053,0.0
RE1,DEMTRAJETSAFAVI,2054,0.0
RE1,DEMTRAJETSAFAVI,2055,0.0
RE1,DEMTRANGSBUS_ART,2022,0.0
RE1,DEMTRANGSBUS_ART,2023,0.0
RE1,DEMTRANGSBUS_ART,2024,0.0
RE1,DEMTRANGSBUS_ART,2025,0.0
RE1,DEMTRANGSBUS_ART,2026,0.0
RE1,DEMTRANGSBUS_ART,2027,0.0
RE1,DEMTRANGSBUS_ART,2028,0.0
RE1,DEMTRANGSBUS_ART,2029,0.0
RE1,DEMTRANGSBUS_ART,2030,0.0
RE1,DEMTRANGSBUS_ART,2031,0.0
RE1,DEMTRANGSBUS_ART,2032,0.0
RE1,DEMTRANGSBUS_ART,2033,0.0
RE1,DEMTRANGSBUS_ART,2034,0.0
RE1,DEMTRANGSBUS_ART,2035,0.0
RE1,DEMTRANGSBUS_ART,2036,0.0
RE1,DEMTRANGSBUS_ART,2037,0.0
RE1,DEMTRANGSBUS_ART,2038,0.0
RE1,DEMTRANGSBUS_ART,2039,0.0
RE1,DEMTRANGSBUS_ART,2040,0.0
RE1,DEMTRANGSBUS_ART,2041,0.0
RE1,DEMTRANGSBUS_ART,2042,0.0
RE1,DEMTRANGSBUS_ART,2043,0.0
RE1,DEMTRANGSBUS_ART,2044,0.0
RE1,DEMTRANGSBUS_ART,2045,0.0
RE1,DEMTRANGSBUS_ART,2046,0.0
RE1,DEMTRANGSBUS_ART,2047,0.0
RE1,DEMTRANGSBUS_ART,2048,0.0
RE1,DEMTRANGSBUS_ART,2049,0.0
RE1,DEMTRANGSBUS_ART,2050,0.0
RE1,DEMTRANGSBUS_ART,2051,0.0
RE1,DEMTRANGSBUS_ART,2052,0.0
RE1,DEMTRANGSBUS_ART,2053,0.0
RE1,DEMTRANGSBUS_ART,2054,0.0
RE1,DEMTRANGSBUS_ART,2055,0.0
RE1,DEMTRANGSBUS_BIA,2022,0.0
RE1,DEMTRANGSBUS_BIA,2023,0.0
RE1,DEMTRANGSBUS_BIA,2024,0.0
RE1,DEMTRANGSBUS_BIA,2025,0.0
RE1,DEMTRANGSBUS_BIA,2026,0.0
RE1,DEMTRANGSBUS_BIA,2027,0.0
RE1,DEMTRANGSBUS_BIA,2028,0.0
RE1,DEMTRANGSBUS_BIA,2029,0.0
RE1,DEMTRANGSBUS_BIA,2030,0.0
RE1,DEMTRANGSBUS_BIA,2031,0.0
RE1,DEMTRANGSBUS_BIA,2032,0.0
RE1,DEMTRANGSBUS_BIA,2033,0.0
RE1,DEMTRANGSBUS_BIA,2034,0.0
RE1,DEMTRANGSBUS_BIA,2035,0.0
RE1,DEMTRANGSBUS_BIA,2036,0.0
RE1,DEMTRANGSBUS_BIA,2037,0.0
RE1,DEMTRANGSBUS_BIA,2038,0.0
RE1,DEMTRANGSBUS_BIA,2039,0.0
RE1,DEMTRANGSBUS_BIA,2040,0.0
RE1,DEMTRANGSBUS_BIA,2041,0.0
RE1,DEMTRANGSBUS_BIA,2042,0.0
RE1,DEMTRANGSBUS_BIA,2043,0.0
RE1,DEMTRANGSBUS_BIA,2044,0.0
RE1,DEMTRANGSBUS_BIA,2045,0.0
RE1,DEMTRANGSBUS_BIA,2046,0.0
RE1,DEMTRANGSBUS_BIA,2047,0.0
RE1,DEMTRANGSBUS_BIA,2048,0.0
RE1,DEMTRANGSBUS_BIA,2049,0.0
RE1,DEMTRANGSBUS_BIA,2050,0.0
RE1,DEMTRANGSBUS_BIA,2051,0.0
RE1,DEMTRANGSBUS_BIA,2052,0.0
RE1,DEMTRANGSBUS_BIA,2053,0.0
RE1,DEMTRANGSBUS_BIA,2054,0.0
RE1,DEMTRANGSBUS_BIA,2055,0.0
RE1,DEMTRANGSBUS_IMU,2022,0.0
RE1,DEMTRANGSBUS_IMU,2023,0.0
RE1,DEMTRANGSBUS_IMU,2024,0.0
RE1,DEMTRANGSBUS_IMU,2025,0.0
RE1,DEMTRANGSBUS_IMU,2026,0.0
RE1,DEMTRANGSBUS_IMU,2027,0.0
RE1,DEMTRANGSBUS_IMU,2028,0.0
RE1,DEMTRANGSBUS_IMU,2029,0.0
RE1,DEMTRANGSBUS_IMU,2030,0.0
RE1,DEMTRANGSBUS_IMU,2031,0.0
RE1,DEMTRANGSBUS_IMU,2032,0.0
RE1,DEMTRANGSBUS_IMU,2033,0.0
RE1,DEMTRANGSBUS_IMU,2034,0.0
RE1,DEMTRANGSBUS_IMU,2035,0.0
RE1,DEMTRANGSBUS_IMU,2036,0.0
RE1,DEMTRANGSBUS_IMU,2037,0.0
RE1,DEMTRANGSBUS_IMU,2038,0.0
RE1,DEMTRANGSBUS_IMU,2039,0.0
RE1,DEMTRANGSBUS_IMU,2040,0.0
RE1,DEMTRANGSBUS_IMU,2041,0.0
RE1,DEMTRANGSBUS_IMU,2042,0.0
RE1,DEMTRANGSBUS_IMU,2043,0.0
RE1,DEMTRANGSBUS_IMU,2044,0.0
RE1,DEMTRANGSBUS_IMU,2045,0.0
RE1,DEMTRANGSBUS_IMU,2046,0.0
RE1,DEMTRANGSBUS_IMU,2047,0.0
RE1,DEMTRANGSBUS_IMU,2048,0.0
RE1,DEMTRANGSBUS_IMU,2049,0.0
RE1,DEMTRANGSBUS_IMU,2050,0.0
RE1,DEMTRANGSBUS_IMU,2051,0.0
RE1,DEMTRANGSBUS_IMU,2052,0.0
RE1,DEMTRANGSBUS_IMU,2053,0.0
RE1,DEMTRANGSBUS_IMU,2054,0.0
RE1,DEMTRANGSBUS_IMU,2055,0.0
RE1,DEMTRANGSBUS_URB,2022,0.0
RE1,DEMTRANGSBUS_URB,2023,0.0
RE1,DEMTRANGSBUS_URB,2024,0.0
RE1,DEMTRANGSBUS_URB,2025,0.0
RE1,DEMTRANGSBUS_URB,2026,0.0
RE1,DEMTRANGSBUS_URB,2027,0.0
RE1,DEMTRANGSBUS_URB,2028,0.0
RE1,DEMTRANGSBUS_URB,2029,0.0
RE1,DEMTRANGSBUS_URB,2030,0.0
RE1,DEMTRANGSBUS_URB,2031,0.0
RE1,DEMTRANGSBUS_URB,2032,0.0
RE1,DEMTRANGSBUS_URB,2033,0.0
RE1,DEMTRANGSBUS_URB,2034,0.0
RE1,DEMTRANGSBUS_URB,2035,0.0
RE1,DEMTRANGSBUS_URB,2036,0.0
RE1,DEMTRANGSBUS_URB,2037,0.0
RE1,DEMTRANGSBUS_URB,2038,0.0
RE1,DEMTRANGSBUS_URB,2039,0.0
RE1,DEMTRANGSBUS_URB,2040,0.0
RE1,DEMTRANGSBUS_URB,2041,0.0
RE1,DEMTRANGSBUS_URB,2042,0.0
RE1,DEMTRANGSBUS_URB,2043,0.0
RE1,DEMTRANGSBUS_URB,2044,0.0
RE1,DEMTRANGSBUS_URB,2045,0.0
RE1,DEMTRANGSBUS_URB,2046,0.0
RE1,DEMTRANGSBUS_URB,2047,0.0
RE1,DEMTRANGSBUS_URB,2048,0.0
RE1,DEMTRANGSBUS_URB,2049,0.0
RE1,DEMTRANGSBUS_URB,2050,0.0
RE1,DEMTRANGSBUS_URB,2051,0.0
RE1,DEMTRANGSBUS_URB,2052,0.0
RE1,DEMTRANGSBUS_URB,2053,0.0
RE1,DEMTRANGSBUS_URB,2054,0.0
RE1,DEMTRANGSBUS_URB,2055,0.0
RE1,DEMTRANGSFWD,2022,0.0
RE1,DEMTRANGSFWD,2023,0.0
RE1,DEMTRANGSFWD,2024,0.0
RE1,DEMTRANGSFWD,2025,0.0
RE1,DEMTRANGSFWD,2026,0.0
RE1,DEMTRANGSFWD,2027,0.0
RE1,DEMTRANGSFWD,2028,0.0
RE1,DEMTRANGSFWD,2029,0.0
RE1,DEMTRANGSFWD,2030,0.0
RE1,DEMTRANGSFWD,2031,0.0
RE1,DEMTRANGSFWD,2032,0.0
RE1,DEMTRANGSFWD,2033,0.0
RE1,DEMTRANGSFWD,2034,0.0
RE1,DEMTRANGSFWD,2035,0.0
RE1,DEMTRANGSFWD,2036,0.0
RE1,DEMTRANGSFWD,2037,0.0
RE1,DEMTRANGSFWD,2038,0.0
RE1,DEMTRANGSFWD,2039,0.0
RE1,DEMTRANGSFWD,2040,0.0
RE1,DEMTRANGSFWD,2041,0.0
RE1,DEMTRANGSFWD,2042,0.0
RE1,DEMTRANGSFWD,2043,0.0
RE1,DEMTRANGSFWD,2044,0.0
RE1,DEMTRANGSFWD,2045,0.0
RE1,DEMTRANGSFWD,2046,0.0
RE1,DEMTRANGSFWD,2047,0.0
RE1,DEMTRANGSFWD,2048,0.0
RE1,DEMTRANGSFWD,2049,0.0
RE1,DEMTRANGSFWD,2050,0.0
RE1,DEMTRANGSFWD,2051,0.0
RE1,DEMTRANGSFWD,2052,0.0
RE1,DEMTRANGSFWD,2053,0.0
RE1,DEMTRANGSFWD,2054,0.0
RE1,DEMTRANGSFWD,2055,0.0
RE1,DEMTRANGSLDV,2022,0.0
RE1,DEMTRANGSLDV,2023,0.0
RE1,DEMTRANGSLDV,2024,0.0
RE1,DEMTRANGSLDV,2025,0.0
RE1,DEMTRANGSLDV,2026,0.0
RE1,DEMTRANGSLDV,2027,0.0
RE1,DEMTRANGSLDV,2028,0.0
RE1,DEMTRANGSLDV,2029,0.0
RE1,DEMTRANGSLDV,2030,0.0
RE1,DEMTRANGSLDV,2031,0.0
RE1,DEMTRANGSLDV,2032,0.0
RE1,DEMTRANGSLDV,2033,0.0
RE1,DEMTRANGSLDV,2034,0.0
RE1,DEMTRANGSLDV,2035,0.0
RE1,DEMTRANGSLDV,2036,0.0
RE1,DEMTRANGSLDV,2037,0.0
RE1,DEMTRANGSLDV,2038,0.0
RE1,DEMTRANGSLDV,2039,0.0
RE1,DEMTRANGSLDV,2040,0.0
RE1,DEMTRANGSLDV,2041,0.0
RE1,DEMTRANGSLDV,2042,0.0
RE1,DEMTRANGSLDV,2043,0.0
RE1,DEMTRANGSLDV,2044,0.0
RE1,DEMTRANGSLDV,2045,0.0
RE1,DEMTRANGSLDV,2046,0.0
RE1,DEMTRANGSLDV,2047,0.0
RE1,DEMTRANGSLDV,2048,0.0
RE1,DEMTRANGSLDV,2049,0.0
RE1,DEMTRANGSLDV,2050,0.0
RE1,DEMTRANGSLDV,2051,0.0
RE1,DEMTRANGSLDV,2052,0.0
RE1,DEMTRANGSLDV,2053,0.0
RE1,DEMTRANGSLDV,2054,0.0
RE1,DEMTRANGSLDV,2055,0.0
RE1,DEMTRANGSMIC,2022,0.0
RE1,DEMTRANGSMIC,2023,0.0
RE1,DEMTRANGSMIC,2024,0.0
RE1,DEMTRANGSMIC,2025,0.0
RE1,DEMTRANGSMIC,2026,0.0
RE1,DEMTRANGSMIC,2027,0.0
RE1,DEMTRANGSMIC,2028,0.0
RE1,DEMTRANGSMIC,2029,0.0
RE1,DEMTRANGSMIC,2030,0.0
RE1,DEMTRANGSMIC,2031,0.0
RE1,DEMTRANGSMIC,2032,0.0
RE1,DEMTRANGSMIC,2033,0.0
RE1,DEMTRANGSMIC,2034,0.0
RE1,DEMTRANGSMIC,2035,0.0
RE1,DEMTRANGSMIC,2036,0.0
RE1,DEMTRANGSMIC,2037,0.0
RE1,DEMTRANGSMIC,2038,0.0
RE1,DEMTRANGSMIC,2039,0.0
RE1,DEMTRANGSMIC,2040,0.0
RE1,DEMTRANGSMIC,2041,0.0
RE1,DEMTRANGSMIC,2042,0.0
RE1,DEMTRANGSMIC,2043,0.0
RE1,DEMTRANGSMIC,2044,0.0
RE1,DEMTRANGSMIC,2045,0.0
RE1,DEMTRANGSMIC,2046,0.0
RE1,DEMTRANGSMIC,2047,0.0
RE1,DEMTRANGSMIC,2048,0.0
RE1,DEMTRANGSMIC,2049,0.0
RE1,DEMTRANGSMIC,2050,0.0
RE1,DEMTRANGSMIC,2051,0.0
RE1,DEMTRANGSMIC,2052,0.0
RE1,DEMTRANGSMIC,2053,0.0
RE1,DEMTRANGSMIC,2054,0.0
RE1,DEMTRANGSMIC,2055,0.0
RE1,DEMTRANGSSTT,2022,0.0
RE1,DEMTRANGSSTT,2023,0.0
RE1,DEMTRANGSSTT,2024,0.0
RE1,DEMTRANGSSTT,2025,0.0
RE1,DEMTRANGSSTT,2026,0.0
RE1,DEMTRANGSSTT,2027,0.0
RE1,DEMTRANGSSTT,2028,0.0
RE1,DEMTRANGSSTT,2029,0.0
RE1,DEMTRANGSSTT,2030,0.0
RE1,DEMTRANGSSTT,2031,0.0
RE1,DEMTRANGSSTT,2032,0.0
RE1,DEMTRANGSSTT,2033,0.0
RE1,DEMTRANGSSTT,2034,0.0
RE1,DEMTRANGSSTT,2035,0.0
RE1,DEMTRANGSSTT,2036,0.0
RE1,DEMTRANGSSTT,2037,0.0
RE1,DEMTRANGSSTT,2038,0.0
RE1,DEMTRANGSSTT,2039,0.0
RE1,DEMTRANGSSTT,2040,0.0
RE1,DEMTRANGSSTT,2041,0.0
RE1,DEMTRANGSSTT,2042,0.0
RE1,DEMTRANGSSTT,2043,0.0
RE1,DEMTRANGSSTT,2044,0.0
RE1,DEMTRANGSSTT,2045,0.0
RE1,DEMTRANGSSTT,2046,0.0
RE1,DEMTRANGSSTT,2047,0.0
RE1,DEMTRANGSSTT,2048,0.0
RE1,DEMTRANGSSTT,2049,0.0
RE1,DEMTRANGSSTT,2050,0.0
RE1,DEMTRANGSSTT,2051,0.0
RE1,DEMTRANGSSTT,2052,0.0
RE1,DEMTRANGSSTT,2053,0.0
RE1,DEMTRANGSSTT,2054,0.0
RE1,DEMTRANGSSTT,2055,0.0
RE1,DEMTRANGSTAX,2022,0.0
RE1,DEMTRANGSTAX,2023,0.0
RE1,DEMTRANGSTAX,2024,0.0
RE1,DEMTRANGSTAX,2025,0.0
RE1,DEMTRANGSTAX,2026,0.0
RE1,DEMTRANGSTAX,2027,0.0
RE1,DEMTRANGSTAX,2028,0.0
RE1,DEMTRANGSTAX,2029,0.0
RE1,DEMTRANGSTAX,2030,0.0
RE1,DEMTRANGSTAX,2031,0.0
RE1,DEMTRANGSTAX,2032,0.0
RE1,DEMTRANGSTAX,2033,0.0
RE1,DEMTRANGSTAX,2034,0.0
RE1,DEMTRANGSTAX,2035,0.0
RE1,DEMTRANGSTAX,2036,0.0
RE1,DEMTRANGSTAX,2037,0.0
RE1,DEMTRANGSTAX,2038,0.0
RE1,DEMTRANGSTAX,2039,0.0
RE1,DEMTRANGSTAX,2040,0.0
RE1,DEMTRANGSTAX,2041,0.0
RE1,DEMTRANGSTAX,2042,0.0
RE1,DEMTRANGSTAX,2043,0.0
RE1,DEMTRANGSTAX,2044,0.0
RE1,DEMTRANGSTAX,2045,0.0
RE1,DEMTRANGSTAX,2046,0.0
RE1,DEMTRANGSTAX,2047,0.0
RE1,DEMTRANGSTAX,2048,0.0
RE1,DEMTRANGSTAX,2049,0.0
RE1,DEMTRANGSTAX,2050,0.0
RE1,DEMTRANGSTAX,2051,0.0
RE1,DEMTRANGSTAX,2052,0.0
RE1,DEMTRANGSTAX,2053,0.0
RE1,DEMTRANGSTAX,2054,0.0
RE1,DEMTRANGSTAX,2055,0.0
RE1,DEMTRANGSTCK_C2P,2022,0.0
RE1,DEMTRANGSTCK_C2P,2023,0.0
RE1,DEMTRANGSTCK_C2P,2024,0.0
RE1,DEMTRANGSTCK_C2P,2025,0.0
RE1,DEMTRANGSTCK_C2P,2026,0.0
RE1,DEMTRANGSTCK_C2P,2027,0.0
RE1,DEMTRANGSTCK_C2P,2028,0.0
RE1,DEMTRANGSTCK_C2P,2029,0.0
RE1,DEMTRANGSTCK_C2P,2030,0.0
RE1,DEMTRANGSTCK_C2P,2031,0.0
RE1,DEMTRANGSTCK_C2P,2032,0.0
RE1,DEMTRANGSTCK_C2P,2033,0.0
RE1,DEMTRANGSTCK_C2P,2034,0.0
RE1,DEMTRANGSTCK_C2P,2035,0.0
RE1,DEMTRANGSTCK_C2P,2036,0.0
RE1,DEMTRANGSTCK_C2P,2037,0.0
RE1,DEMTRANGSTCK_C2P,2038,0.0
RE1,DEMTRANGSTCK_C2P,2039,0.0
RE1,DEMTRANGSTCK_C2P,2040,0.0
RE1,DEMTRANGSTCK_C2P,2041,0.0
RE1,DEMTRANGSTCK_C2P,2042,0.0
RE1,DEMTRANGSTCK_C2P,2043,0.0
RE1,DEMTRANGSTCK_C2P,2044,0.0
RE1,DEMTRANGSTCK_C2P,2045,0.0
RE1,DEMTRANGSTCK_C2P,2046,0.0
RE1,DEMTRANGSTCK_C2P,2047,0.0
RE1,DEMTRANGSTCK_C2P,2048,0.0
RE1,DEMTRANGSTCK_C2P,2049,0.0
RE1,DEMTRANGSTCK_C2P,2050,0.0
RE1,DEMTRANGSTCK_C2P,2051,0.0
RE1,DEMTRANGSTCK_C2P,2052,0.0
RE1,DEMTRANGSTCK_C2P,2053,0.0
RE1,DEMTRANGSTCK_C2P,2054,0.0
RE1,DEMTRANGSTCK_C2P,2055,0.0
RE1,DEMTRANGSTCK_CSG,2022,0.0
RE1,DEMTRANGSTCK_CSG,2023,0.0
RE1,DEMTRANGSTCK_CSG,2024,0.0
RE1,DEMTRANGSTCK_CSG,2025,0.0
RE1,DEMTRANGSTCK_CSG,2026,0.0
RE1,DEMTRANGSTCK_CSG,2027,0.0
RE1,DEMTRANGSTCK_CSG,2028,0.0
RE1,DEMTRANGSTCK_CSG,2029,0.0
RE1,DEMTRANGSTCK_CSG,2030,0.0
RE1,DEMTRANGSTCK_CSG,2031,0.0
RE1,DEMTRANGSTCK_CSG,2032,0.0
RE1,DEMTRANGSTCK_CSG,2033,0.0
RE1,DEMTRANGSTCK_CSG,2034,0.0
RE1,DEMTRANGSTCK_CSG,2035,0.0
RE1,DEMTRANGSTCK_CSG,2036,0.0
RE1,DEMTRANGSTCK_CSG,2037,0.0
RE1,DEMTRANGSTCK_CSG,2038,0.0
RE1,DEMTRANGSTCK_CSG,2039,0.0
RE1,DEMTRANGSTCK_CSG,2040,0.0
RE1,DEMTRANGSTCK_CSG,2041,0.0
RE1,DEMTRANGSTCK_CSG,2042,0.0
RE1,DEMTRANGSTCK_CSG,2043,0.0
RE1,DEMTRANGSTCK_CSG,2044,0.0
RE1,DEMTRANGSTCK_CSG,2045,0.0
RE1,DEMTRANGSTCK_CSG,2046,0.0
RE1,DEMTRANGSTCK_CSG,2047,0.0
RE1,DEMTRANGSTCK_CSG,2048,0.0
RE1,DEMTRANGSTCK_CSG,2049,0.0
RE1,DEMTRANGSTCK_CSG,2050,0.0
RE1,DEMTRANGSTCK_CSG,2051,0.0
RE1,DEMTRANGSTCK_CSG,2052,0.0
RE1,DEMTRANGSTCK_CSG,2053,0.0
RE1,DEMTRANGSTCK_CSG,2054,0.0
RE1,DEMTRANGSTCK_CSG,2055,0.0
RE1,DEMTRAPHEVFWD,2022,0.0
RE1,DEMTRAPHEVFWD,2023,0.0
RE1,DEMTRAPHEVFWD,2024,0.0
RE1,DEMTRAPHEVFWD,2025,0.0
RE1,DEMTRAPHEVFWD,2026,0.0
RE1,DEMTRAPHEVFWD,2027,0.0
RE1,DEMTRAPHEVFWD,2028,0.0
RE1,DEMTRAPHEVFWD,2029,0.0
RE1,DEMTRAPHEVFWD,2030,0.0
RE1,DEMTRAPHEVFWD,2031,0.0
RE1,DEMTRAPHEVFWD,2032,0.0
RE1,DEMTRAPHEVFWD,2033,0.0
RE1,DEMTRAPHEVFWD,2034,0.0
RE1,DEMTRAPHEVFWD,2035,0.0
RE1,DEMTRAPHEVFWD,2036,0.0
RE1,DEMTRAPHEVFWD,2037,0.0
RE1,DEMTRAPHEVFWD,2038,0.0
RE1,DEMTRAPHEVFWD,2039,0.0
RE1,DEMTRAPHEVFWD,2040,0.0
RE1,DEMTRAPHEVFWD,2041,0.0
RE1,DEMTRAPHEVFWD,2042,0.0
RE1,DEMTRAPHEVFWD,2043,0.0
RE1,DEMTRAPHEVFWD,2044,0.0
RE1,DEMTRAPHEVFWD,2045,0.0
RE1,DEMTRAPHEVFWD,2046,0.0
RE1,DEMTRAPHEVFWD,2047,0.0
RE1,DEMTRAPHEVFWD,2048,0.0
RE1,DEMTRAPHEVFWD,2049,0.0
RE1,DEMTRAPHEVFWD,2050,0.0
RE1,DEMTRAPHEVFWD,2051,0.0
RE1,DEMTRAPHEVFWD,2052,0.0
RE1,DEMTRAPHEVFWD,2053,0.0
RE1,DEMTRAPHEVFWD,2054,0.0
RE1,DEMTRAPHEVFWD,2055,0.0
RE1,DEMTRAPHEVLDV,2022,0.0
RE1,DEMTRAPHEVLDV,2023,0.0
RE1,DEMTRAPHEVLDV,2024,0.0
RE1,DEMTRAPHEVLDV,2025,0.0
RE1,DEMTRAPHEVLDV,2026,0.0
RE1,DEMTRAPHEVLDV,2027,0.0
RE1,DEMTRAPHEVLDV,2028,0.0
RE1,DEMTRAPHEVLDV,2029,0.0
RE1,DEMTRAPHEVLDV,2030,0.0
RE1,DEMTRAPHEVLDV,2031,0.0
RE1,DEMTRAPHEVLDV,2032,0.0
RE1,DEMTRAPHEVLDV,2033,0.0
RE1,DEMTRAPHEVLDV,2034,0.0
RE1,DEMTRAPHEVLDV,2035,0.0
RE1,DEMTRAPHEVLDV,2036,0.0
RE1,DEMTRAPHEVLDV,2037,0.0
RE1,DEMTRAPHEVLDV,2038,0.0
RE1,DEMTRAPHEVLDV,2039,0.0
RE1,DEMTRAPHEVLDV,2040,0.0
RE1,DEMTRAPHEVLDV,2041,0.0
RE1,DEMTRAPHEVLDV,2042,0.0
RE1,DEMTRAPHEVLDV,2043,0.0
RE1,DEMTRAPHEVLDV,2044,0.0
RE1,DEMTRAPHEVLDV,2045,0.0
RE1,DEMTRAPHEVLDV,2046,0.0
RE1,DEMTRAPHEVLDV,2047,0.0
RE1,DEMTRAPHEVLDV,2048,0.0
RE1,DEMTRAPHEVLDV,2049,0.0
RE1,DEMTRAPHEVLDV,2050,0.0
RE1,DEMTRAPHEVLDV,2051,0.0
RE1,DEMTRAPHEVLDV,2052,0.0
RE1,DEMTRAPHEVLDV,2053,0.0
RE1,DEMTRAPHEVLDV,2054,0.0
RE1,DEMTRAPHEVLDV,2055,0.0
RE1,DEMTRAPHEVTAX,2022,0.0
RE1,DEMTRAPHEVTAX,2023,0.0
RE1,DEMTRAPHEVTAX,2024,0.0
RE1,DEMTRAPHEVTAX,2025,0.0
RE1,DEMTRAPHEVTAX,2026,0.0
RE1,DEMTRAPHEVTAX,2027,0.0
RE1,DEMTRAPHEVTAX,2028,0.0
RE1,DEMTRAPHEVTAX,2029,0.0
RE1,DEMTRAPHEVTAX,2030,0.0
RE1,DEMTRAPHEVTAX,2031,0.0
RE1,DEMTRAPHEVTAX,2032,0.0
RE1,DEMTRAPHEVTAX,2033,0.0
RE1,DEMTRAPHEVTAX,2034,0.0
RE1,DEMTRAPHEVTAX,2035,0.0
RE1,DEMTRAPHEVTAX,2036,0.0
RE1,DEMTRAPHEVTAX,2037,0.0
RE1,DEMTRAPHEVTAX,2038,0.0
RE1,DEMTRAPHEVTAX,2039,0.0
RE1,DEMTRAPHEVTAX,2040,0.0
RE1,DEMTRAPHEVTAX,2041,0.0
RE1,DEMTRAPHEVTAX,2042,0.0
RE1,DEMTRAPHEVTAX,2043,0.0
RE1,DEMTRAPHEVTAX,2044,0.0
RE1,DEMTRAPHEVTAX,2045,0.0
RE1,DEMTRAPHEVTAX,2046,0.0
RE1,DEMTRAPHEVTAX,2047,0.0
RE1,DEMTRAPHEVTAX,2048,0.0
RE1,DEMTRAPHEVTAX,2049,0.0
RE1,DEMTRAPHEVTAX,2050,0.0
RE1,DEMTRAPHEVTAX,2051,0.0
RE1,DEMTRAPHEVTAX,2052,0.0
RE1,DEMTRAPHEVTAX,2053,0.0
RE1,DEMTRAPHEVTAX,2054,0.0
RE1,DEMTRAPHEVTAX,2055,0.0
RE1,EXPCOA,2022,0.0
RE1,EXPCOA,2023,0.0
RE1,EXPCOA,2024,0.0
RE1,EXPCOA,2025,0.0
RE1,EXPCOA,2026,0.0
RE1,EXPCOA,2027,0.0
RE1,EXPCOA,2028,0.0
RE1,EXPCOA,2029,0.0
RE1,EXPCOA,2030,0.0
RE1,EXPCOA,2031,0.0
RE1,EXPCOA,2032,0.0
RE1,EXPCOA,2033,0.0
RE1,EXPCOA,2034,0.0
RE1,EXPCOA,2035,0.0
RE1,EXPCOA,2036,0.0
RE1,EXPCOA,2037,0.0
RE1,EXPCOA,2038,0.0
RE1,EXPCOA,2039,0.0
RE1,EXPCOA,2040,0.0
RE1,EXPCOA,2041,0.0
RE1,EXPCOA,2042,0.0
RE1,EXPCOA,2043,0.0
RE1,EXPCOA,2044,0.0
RE1,EXPCOA,2045,0.0
RE1,EXPCOA,2046,0.0
RE1,EXPCOA,2047,0.0
RE1,EXPCOA,2048,0.0
RE1,EXPCOA,2049,0.0
RE1,EXPCOA,2050,0.0
RE1,EXPCOA,2051,0.0
RE1,EXPCOA,2052,0.0
RE1,EXPCOA,2053,0.0
RE1,EXPCOA,2054,0.0
RE1,EXPCOA,2055,0.0
RE1,EXPDSL,2022,0.0
RE1,EXPDSL,2023,0.0
RE1,EXPDSL,2024,0.0
RE1,EXPDSL,2025,0.0
RE1,EXPDSL,2026,0.0
RE1,EXPDSL,2027,0.0
RE1,EXPDSL,2028,0.0
RE1,EXPDSL,2029,0.0
RE1,EXPDSL,2030,0.0
RE1,EXPDSL,2031,0.0
RE1,EXPDSL,2032,0.0
RE1,EXPDSL,2033,0.0
RE1,EXPDSL,2034,0.0
RE1,EXPDSL,2035,0.0
RE1,EXPDSL,2036,0.0
RE1,EXPDSL,2037,0.0
RE1,EXPDSL,2038,0.0
RE1,EXPDSL,2039,0.0
RE1,EXPDSL,2040,0.0
RE1,EXPDSL,2041,0.0
RE1,EXPDSL,2042,0.0
RE1,EXPDSL,2043,0.0
RE1,EXPDSL,2044,0.0
RE1,EXPDSL,2045,0.0
RE1,EXPDSL,2046,0.0
RE1,EXPDSL,2047,0.0
RE1,EXPDSL,2048,0.0
RE1,EXPDSL,2049,0.0
RE1,EXPDSL,2050,0.0
RE1,EXPDSL,2051,0.0
RE1,EXPDSL,2052,0.0
RE1,EXPDSL,2053,0.0
RE1,EXPDSL,2054,0.0
RE1,EXPDSL,2055,0.0
RE1,EXPECU,2022,1.675076953248
RE1,EXPECU,2023,4.667880941388
RE1,EXPECU,2024,4.560443958204
RE1,EXPECU,2025,0.0
RE1,EXPECU,2026,0.0
RE1,EXPECU,2027,0.0
RE1,EXPECU,2028,0.0
RE1,EXPECU,2029,0.0
RE1,EXPECU,2030,0.0
RE1,EXPECU,2031,0.0
RE1,EXPECU,2032,0.0
RE1,EXPECU,2033,0.0
RE1,EXPECU,2034,0.0
RE1,EXPECU,2035,0.0
RE1,EXPECU,2036,0.0
RE1,EXPECU,2037,0.0
RE1,EXPECU,2038,0.0
RE1,EXPECU,2039,0.0
RE1,EXPECU,2040,0.0
RE1,EXPECU,2041,0.0
RE1,EXPECU,2042,0.0
RE1,EXPECU,2043,0.0
RE1,EXPECU,2044,0.0
RE1,EXPECU,2045,0.0
RE1,EXPECU,2046,0.0
RE1,EXPECU,2047,0.0
RE1,EXPECU,2048,0.0
RE1,EXPECU,2049,0.0
RE1,EXPECU,2050,0.0
RE1,EXPECU,2051,0.0
RE1,EXPECU,2052,0.0
RE1,EXPECU,2053,0.0
RE1,EXPECU,2054,0.0
RE1,EXPECU,2055,0.0
RE1,EXPGSL,2022,0.0
RE1,EXPGSL,2023,0.0
RE1,EXPGSL,2024,0.0
RE1,EXPGSL,2025,0.0
RE1,EXPGSL,2026,0.0
RE1,EXPGSL,2027,0.0
RE1,EXPGSL,2028,0.0
RE1,EXPGSL,2029,0.0
RE1,EXPGSL,2030,0.0
RE1,EXPGSL,2031,0.0
RE1,EXPGSL,2032,0.0
RE1,EXPGSL,2033,0.0
RE1,EXPGSL,2034,0.0
RE1,EXPGSL,2035,0.0
RE1,EXPGSL,2036,0.0
RE1,EXPGSL,2037,0.0
RE1,EXPGSL,2038,0.0
RE1,EXPGSL,2039,0.0
RE1,EXPGSL,2040,0.0
RE1,EXPGSL,2041,0.0
RE1,EXPGSL,2042,0.0
RE1,EXPGSL,2043,0.0
RE1,EXPGSL,2044,0.0
RE1,EXPGSL,2045,0.0
RE1,EXPGSL,2046,0.0
RE1,EXPGSL,2047,0.0
RE1,EXPGSL,2048,0.0
RE1,EXPGSL,2049,0.0
RE1,EXPGSL,2050,0.0
RE1,EXPGSL,2051,0.0
RE1,EXPGSL,2052,0.0
RE1,EXPGSL,2053,0.0
RE1,EXPGSL,2054,0.0
RE1,EXPGSL,2055,0.0
RE1,EXPJET,2022,0.0
RE1,EXPJET,2023,0.0
RE1,EXPJET,2024,0.0
RE1,EXPJET,2025,0.0
RE1,EXPJET,2026,0.0
RE1,EXPJET,2027,0.0
RE1,EXPJET,2028,0.0
RE1,EXPJET,2029,0.0
RE1,EXPJET,2030,0.0
RE1,EXPJET,2031,0.0
RE1,EXPJET,2032,0.0
RE1,EXPJET,2033,0.0
RE1,EXPJET,2034,0.0
RE1,EXPJET,2035,0.0
RE1,EXPJET,2036,0.0
RE1,EXPJET,2037,0.0
RE1,EXPJET,2038,0.0
RE1,EXPJET,2039,0.0
RE1,EXPJET,2040,0.0
RE1,EXPJET,2041,0.0
RE1,EXPJET,2042,0.0
RE1,EXPJET,2043,0.0
RE1,EXPJET,2044,0.0
RE1,EXPJET,2045,0.0
RE1,EXPJET,2046,0.0
RE1,EXPJET,2047,0.0
RE1,EXPJET,2048,0.0
RE1,EXPJET,2049,0.0
RE1,EXPJET,2050,0.0
RE1,EXPJET,2051,0.0
RE1,EXPJET,2052,0.0
RE1,EXPJET,2053,0.0
RE1,EXPJET,2054,0.0
RE1,EXPJET,2055,0.0
RE1,EXPLPG,2022,0.0
RE1,EXPLPG,2023,0.0
RE1,EXPLPG,2024,0.0
RE1,EXPLPG,2025,0.0
RE1,EXPLPG,2026,0.0
RE1,EXPLPG,2027,0.0
RE1,EXPLPG,2028,0.0
RE1,EXPLPG,2029,0.0
RE1,EXPLPG,2030,0.0
RE1,EXPLPG,2031,0.0
RE1,EXPLPG,2032,0.0
RE1,EXPLPG,2033,0.0
RE1,EXPLPG,2034,0.0
RE1,EXPLPG,2035,0.0
RE1,EXPLPG,2036,0.0
RE1,EXPLPG,2037,0.0
RE1,EXPLPG,2038,0.0
RE1,EXPLPG,2039,0.0
RE1,EXPLPG,2040,0.0
RE1,EXPLPG,2041,0.0
RE1,EXPLPG,2042,0.0
RE1,EXPLPG,2043,0.0
RE1,EXPLPG,2044,0.0
RE1,EXPLPG,2045,0.0
RE1,EXPLPG,2046,0.0
RE1,EXPLPG,2047,0.0
RE1,EXPLPG,2048,0.0
RE1,EXPLPG,2049,0.0
RE1,EXPLPG,2050,0.0
RE1,EXPLPG,2051,0.0
RE1,EXPLPG,2052,0.0
RE1,EXPLPG,2053,0.0
RE1,EXPLPG,2054,0.0
RE1,EXPLPG,2055,0.0
RE1,EXPOIL_1LIV,2022,0.0
RE1,EXPOIL_1LIV,2023,0.0
RE1,EXPOIL_1LIV,2024,0.0
RE1,EXPOIL_1LIV,2025,0.0
RE1,EXPOIL_1LIV,2026,0.0
RE1,EXPOIL_1LIV,2027,0.0
RE1,EXPOIL_1LIV,2028,0.0
RE1,EXPOIL_1LIV,2029,0.0
RE1,EXPOIL_1LIV,2030,0.0
RE1,EXPOIL_1LIV,2031,0.0
RE1,EXPOIL_1LIV,2032,0.0
RE1,EXPOIL_1LIV,2033,0.0
RE1,EXPOIL_1LIV,2034,0.0
RE1,EXPOIL_1LIV,2035,0.0
RE1,EXPOIL_1LIV,2036,0.0
RE1,EXPOIL_1LIV,2037,0.0
RE1,EXPOIL_1LIV,2038,0.0
RE1,EXPOIL_1LIV,2039,0.0
RE1,EXPOIL_1LIV,2040,0.0
RE1,EXPOIL_1LIV,2041,0.0
RE1,EXPOIL_1LIV,2042,0.0
RE1,EXPOIL_1LIV,2043,0.0
RE1,EXPOIL_1LIV,2044,0.0
RE1,EXPOIL_1LIV,2045,0.0
RE1,EXPOIL_1LIV,2046,0.0
RE1,EXPOIL_1LIV,2047,0.0
RE1,EXPOIL_1LIV,2048,0.0
RE1,EXPOIL_1LIV,2049,0.0
RE1,EXPOIL_1LIV,2050,0.0
RE1,EXPOIL_1LIV,2051,0.0
RE1,EXPOIL_1LIV,2052,0.0
RE1,EXPOIL_1LIV,2053,0.0
RE1,EXPOIL_1LIV,2054,0.0
RE1,EXPOIL_1LIV,2055,0.0
RE1,EXPOIL_2MID,2022,0.0
RE1,EXPOIL_2MID,2023,0.0
RE1,EXPOIL_2MID,2024,0.0
RE1,EXPOIL_2MID,2025,0.0
RE1,EXPOIL_2MID,2026,0.0
RE1,EXPOIL_2MID,2027,0.0
RE1,EXPOIL_2MID,2028,0.0
RE1,EXPOIL_2MID,2029,0.0
RE1,EXPOIL_2MID,2030,0.0
RE1,EXPOIL_2MID,2031,0.0
RE1,EXPOIL_2MID,2032,0.0
RE1,EXPOIL_2MID,2033,0.0
RE1,EXPOIL_2MID,2034,0.0
RE1,EXPOIL_2MID,2035,0.0
RE1,EXPOIL_2MID,2036,0.0
RE1,EXPOIL_2MID,2037,0.0
RE1,EXPOIL_2MID,2038,0.0
RE1,EXPOIL_2MID,2039,0.0
RE1,EXPOIL_2MID,2040,0.0
RE1,EXPOIL_2MID,2041,0.0
RE1,EXPOIL_2MID,2042,0.0
RE1,EXPOIL_2MID,2043,0.0
RE1,EXPOIL_2MID,2044,0.0
RE1,EXPOIL_2MID,2045,0.0
RE1,EXPOIL_2MID,2046,0.0
RE1,EXPOIL_2MID,2047,0.0
RE1,EXPOIL_2MID,2048,0.0
RE1,EXPOIL_2MID,2049,0.0
RE1,EXPOIL_2MID,2050,0.0
RE1,EXPOIL_2MID,2051,0.0
RE1,EXPOIL_2MID,2052,0.0
RE1,EXPOIL_2MID,2053,0.0
RE1,EXPOIL_2MID,2054,0.0
RE1,EXPOIL_2MID,2055,0.0
RE1,EXPOIL_3PES,2022,0.0
RE1,EXPOIL_3PES,2023,0.0
RE1,EXPOIL_3PES,2024,0.0
RE1,EXPOIL_3PES,2025,0.0
RE1,EXPOIL_3PES,2026,0.0
RE1,EXPOIL_3PES,2027,0.0
RE1,EXPOIL_3PES,2028,0.0
RE1,EXPOIL_3PES,2029,0.0
RE1,EXPOIL_3PES,2030,0.0
RE1,EXPOIL_3PES,2031,0.0
RE1,EXPOIL_3PES,2032,0.0
RE1,EXPOIL_3PES,2033,0.0
RE1,EXPOIL_3PES,2034,0.0
RE1,EXPOIL_3PES,2035,0.0
RE1,EXPOIL_3PES,2036,0.0
RE1,EXPOIL_3PES,2037,0.0
RE1,EXPOIL_3PES,2038,0.0
RE1,EXPOIL_3PES,2039,0.0
RE1,EXPOIL_3PES,2040,0.0
RE1,EXPOIL_3PES,2041,0.0
RE1,EXPOIL_3PES,2042,0.0
RE1,EXPOIL_3PES,2043,0.0
RE1,EXPOIL_3PES,2044,0.0
RE1,EXPOIL_3PES,2045,0.0
RE1,EXPOIL_3PES,2046,0.0
RE1,EXPOIL_3PES,2047,0.0
RE1,EXPOIL_3PES,2048,0.0
RE1,EXPOIL_3PES,2049,0.0
RE1,EXPOIL_3PES,2050,0.0
RE1,EXPOIL_3PES,2051,0.0
RE1,EXPOIL_3PES,2052,0.0
RE1,EXPOIL_3PES,2053,0.0
RE1,EXPOIL_3PES,2054,0.0
RE1,EXPOIL_3PES,2055,0.0
RE1,GRDCOADST,2022,0.0
RE1,GRDCOADST,2023,0.0
RE1,GRDCOADST,2024,0.0
RE1,GRDCOADST,2025,0.0
RE1,GRDCOADST,2026,0.0
RE1,GRDCOADST,2027,0.0
RE1,GRDCOADST,2028,0.0
RE1,GRDCOADST,2029,0.0
RE1,GRDCOADST,2030,0.0
RE1,GRDCOADST,2031,0.0
RE1,GRDCOADST,2032,0.0
RE1,GRDCOADST,2033,0.0
RE1,GRDCOADST,2034,0.0
RE1,GRDCOADST,2035,0.0
RE1,GRDCOADST,2036,0.0
RE1,GRDCOADST,2037,0.0
RE1,GRDCOADST,2038,0.0
RE1,GRDCOADST,2039,0.0
RE1,GRDCOADST,2040,0.0
RE1,GRDCOADST,2041,0.0
RE1,GRDCOADST,2042,0.0
RE1,GRDCOADST,2043,0.0
RE1,GRDCOADST,2044,0.0
RE1,GRDCOADST,2045,0.0
RE1,GRDCOADST,2046,0.0
RE1,GRDCOADST,2047,0.0
RE1,GRDCOADST,2048,0.0
RE1,GRDCOADST,2049,0.0
RE1,GRDCOADST,2050,0.0
RE1,GRDCOADST,2051,0.0
RE1,GRDCOADST,2052,0.0
RE1,GRDCOADST,2053,0.0
RE1,GRDCOADST,2054,0.0
RE1,GRDCOADST,2055,0.0
RE1,GRDLPGDST,2022,0.0
RE1,GRDLPGDST,2023,0.0
RE1,GRDLPGDST,2024,0.0
RE1,GRDLPGDST,2025,0.0
RE1,GRDLPGDST,2026,0.0
RE1,GRDLPGDST,2027,0.0
RE1,GRDLPGDST,2028,0.0
RE1,GRDLPGDST,2029,0.0
RE1,GRDLPGDST,2030,0.0
RE1,GRDLPGDST,2031,0.0
RE1,GRDLPGDST,2032,0.0
RE1,GRDLPGDST,2033,0.0
RE1,GRDLPGDST,2034,0.0
RE1,GRDLPGDST,2035,0.0
RE1,GRDLPGDST,2036,0.0
RE1,GRDLPGDST,2037,0.0
RE1,GRDLPGDST,2038,0.0
RE1,GRDLPGDST,2039,0.0
RE1,GRDLPGDST,2040,0.0
RE1,GRDLPGDST,2041,0.0
RE1,GRDLPGDST,2042,0.0
RE1,GRDLPGDST,2043,0.0
RE1,GRDLPGDST,2044,0.0
RE1,GRDLPGDST,2045,0.0
RE1,GRDLPGDST,2046,0.0
RE1,GRDLPGDST,2047,0.0
RE1,GRDLPGDST,2048,0.0
RE1,GRDLPGDST,2049,0.0
RE1,GRDLPGDST,2050,0.0
RE1,GRDLPGDST,2051,0.0
RE1,GRDLPGDST,2052,0.0
RE1,GRDLPGDST,2053,0.0
RE1,GRDLPGDST,2054,0.0
RE1,GRDLPGDST,2055,0.0
RE1,GRDNGSDST,2022,0.0
RE1,GRDNGSDST,2023,0.0
RE1,GRDNGSDST,2024,0.0
RE1,GRDNGSDST,2025,0.0
RE1,GRDNGSDST,2026,0.0
RE1,GRDNGSDST,2027,0.0
RE1,GRDNGSDST,2028,0.0
RE1,GRDNGSDST,2029,0.0
RE1,GRDNGSDST,2030,0.0
RE1,GRDNGSDST,2031,0.0
RE1,GRDNGSDST,2032,0.0
RE1,GRDNGSDST,2033,0.0
RE1,GRDNGSDST,2034,0.0
RE1,GRDNGSDST,2035,0.0
RE1,GRDNGSDST,2036,0.0
RE1,GRDNGSDST,2037,0.0
RE1,GRDNGSDST,2038,0.0
RE1,GRDNGSDST,2039,0.0
RE1,GRDNGSDST,2040,0.0
RE1,GRDNGSDST,2041,0.0
RE1,GRDNGSDST,2042,0.0
RE1,GRDNGSDST,2043,0.0
RE1,GRDNGSDST,2044,0.0
RE1,GRDNGSDST,2045,0.0
RE1,GRDNGSDST,2046,0.0
RE1,GRDNGSDST,2047,0.0
RE1,GRDNGSDST,2048,0.0
RE1,GRDNGSDST,2049,0.0
RE1,GRDNGSDST,2050,0.0
RE1,GRDNGSDST,2051,0.0
RE1,GRDNGSDST,2052,0.0
RE1,GRDNGSDST,2053,0.0
RE1,GRDNGSDST,2054,0.0
RE1,GRDNGSDST,2055,0.0
RE1,GRDTYDELC,2022,0.0
RE1,GRDTYDELC,2023,0.0
RE1,GRDTYDELC,2024,0.0
RE1,GRDTYDELC,2025,0.0
RE1,GRDTYDELC,2026,0.0
RE1,GRDTYDELC,2027,0.0
RE1,GRDTYDELC,2028,0.0
RE1,GRDTYDELC,2029,0.0
RE1,GRDTYDELC,2030,0.0
RE1,GRDTYDELC,2031,0.0
RE1,GRDTYDELC,2032,0.0
RE1,GRDTYDELC,2033,0.0
RE1,GRDTYDELC,2034,0.0
RE1,GRDTYDELC,2035,0.0
RE1,GRDTYDELC,2036,0.0
RE1,GRDTYDELC,2037,0.0
RE1,GRDTYDELC,2038,0.0
RE1,GRDTYDELC,2039,0.0
RE1,GRDTYDELC,2040,0.0
RE1,GRDTYDELC,2041,0.0
RE1,GRDTYDELC,2042,0.0
RE1,GRDTYDELC,2043,0.0
RE1,GRDTYDELC,2044,0.0
RE1,GRDTYDELC,2045,0.0
RE1,GRDTYDELC,2046,0.0
RE1,GRDTYDELC,2047,0.0
RE1,GRDTYDELC,2048,0.0
RE1,GRDTYDELC,2049,0.0
RE1,GRDTYDELC,2050,0.0
RE1,GRDTYDELC,2051,0.0
RE1,GRDTYDELC,2052,0.0
RE1,GRDTYDELC,2053,0.0
RE1,GRDTYDELC,2054,0.0
RE1,GRDTYDELC,2055,0.0
RE1,IMPDSL,2022,0.0
RE1,IMPDSL,2023,0.0
RE1,IMPDSL,2024,0.0
RE1,IMPDSL,2025,0.0
RE1,IMPDSL,2026,0.0
RE1,IMPDSL,2027,0.0
RE1,IMPDSL,2028,0.0
RE1,IMPDSL,2029,0.0
RE1,IMPDSL,2030,0.0
RE1,IMPDSL,2031,0.0
RE1,IMPDSL,2032,0.0
RE1,IMPDSL,2033,0.0
RE1,IMPDSL,2034,0.0
RE1,IMPDSL,2035,0.0
RE1,IMPDSL,2036,0.0
RE1,IMPDSL,2037,0.0
RE1,IMPDSL,2038,0.0
RE1,IMPDSL,2039,0.0
RE1,IMPDSL,2040,0.0
RE1,IMPDSL,2041,0.0
RE1,IMPDSL,2042,0.0
RE1,IMPDSL,2043,0.0
RE1,IMPDSL,2044,0.0
RE1,IMPDSL,2045,0.0
RE1,IMPDSL,2046,0.0
RE1,IMPDSL,2047,0.0
RE1,IMPDSL,2048,0.0
RE1,IMPDSL,2049,0.0
RE1,IMPDSL,2050,0.0
RE1,IMPDSL,2051,0.0
RE1,IMPDSL,2052,0.0
RE1,IMPDSL,2053,0.0
RE1,IMPDSL,2054,0.0
RE1,IMPDSL,2055,0.0
RE1,IMPFOL,2022,0.0
RE1,IMPFOL,2023,0.0
RE1,IMPFOL,2024,0.0
RE1,IMPFOL,2025,0.0
RE1,IMPFOL,2026,0.0
RE1,IMPFOL,2027,0.0
RE1,IMPFOL,2028,0.0
RE1,IMPFOL,2029,0.0
RE1,IMPFOL,2030,0.0
RE1,IMPFOL,2031,0.0
RE1,IMPFOL,2032,0.0
RE1,IMPFOL,2033,0.0
RE1,IMPFOL,2034,0.0
RE1,IMPFOL,2035,0.0
RE1,IMPFOL,2036,0.0
RE1,IMPFOL,2037,0.0
RE1,IMPFOL,2038,0.0
RE1,IMPFOL,2039,0.0
RE1,IMPFOL,2040,0.0
RE1,IMPFOL,2041,0.0
RE1,IMPFOL,2042,0.0
RE1,IMPFOL,2043,0.0
RE1,IMPFOL,2044,0.0
RE1,IMPFOL,2045,0.0
RE1,IMPFOL,2046,0.0
RE1,IMPFOL,2047,0.0
RE1,IMPFOL,2048,0.0
RE1,IMPFOL,2049,0.0
RE1,IMPFOL,2050,0.0
RE1,IMPFOL,2051,0.0
RE1,IMPFOL,2052,0.0
RE1,IMPFOL,2053,0.0
RE1,IMPFOL,2054,0.0
RE1,IMPFOL,2055,0.0
RE1,IMPGSL,2022,0.0
RE1,IMPGSL,2023,0.0
RE1,IMPGSL,2024,0.0
RE1,IMPGSL,2025,0.0
RE1,IMPGSL,2026,0.0
RE1,IMPGSL,2027,0.0
RE1,IMPGSL,2028,0.0
RE1,IMPGSL,2029,0.0
RE1,IMPGSL,2030,0.0
RE1,IMPGSL,2031,0.0
RE1,IMPGSL,2032,0.0
RE1,IMPGSL,2033,0.0
RE1,IMPGSL,2034,0.0
RE1,IMPGSL,2035,0.0
RE1,IMPGSL,2036,0.0
RE1,IMPGSL,2037,0.0
RE1,IMPGSL,2038,0.0
RE1,IMPGSL,2039,0.0
RE1,IMPGSL,2040,0.0
RE1,IMPGSL,2041,0.0
RE1,IMPGSL,2042,0.0
RE1,IMPGSL,2043,0.0
RE1,IMPGSL,2044,0.0
RE1,IMPGSL,2045,0.0
RE1,IMPGSL,2046,0.0
RE1,IMPGSL,2047,0.0
RE1,IMPGSL,2048,0.0
RE1,IMPGSL,2049,0.0
RE1,IMPGSL,2050,0.0
RE1,IMPGSL,2051,0.0
RE1,IMPGSL,2052,0.0
RE1,IMPGSL,2053,0.0
RE1,IMPGSL,2054,0.0
RE1,IMPGSL,2055,0.0
RE1,IMPJET,2022,0.0
RE1,IMPJET,2023,0.0
RE1,IMPJET,2024,0.0
RE1,IMPJET,2025,0.0
RE1,IMPJET,2026,0.0
RE1,IMPJET,2027,0.0
RE1,IMPJET,2028,0.0
RE1,IMPJET,2029,0.0
RE1,IMPJET,2030,0.0
RE1,IMPJET,2031,0.0
RE1,IMPJET,2032,0.0
RE1,IMPJET,2033,0.0
RE1,IMPJET,2034,0.0
RE1,IMPJET,2035,0.0
RE1,IMPJET,2036,0.0
RE1,IMPJET,2037,0.0
RE1,IMPJET,2038,0.0
RE1,IMPJET,2039,0.0
RE1,IMPJET,2040,0.0
RE1,IMPJET,2041,0.0
RE1,IMPJET,2042,0.0
RE1,IMPJET,2043,0.0
RE1,IMPJET,2044,0.0
RE1,IMPJET,2045,0.0
RE1,IMPJET,2046,0.0
RE1,IMPJET,2047,0.0
RE1,IMPJET,2048,0.0
RE1,IMPJET,2049,0.0
RE1,IMPJET,2050,0.0
RE1,IMPJET,2051,0.0
RE1,IMPJET,2052,0.0
RE1,IMPJET,2053,0.0
RE1,IMPJET,2054,0.0
RE1,IMPJET,2055,0.0
RE1,IMPLNG,2022,0.0
RE1,IMPLNG,2023,0.0
RE1,IMPLNG,2024,0.0
RE1,IMPLNG,2025,0.0
RE1,IMPLNG,2026,0.0
RE1,IMPLNG,2027,0.0
RE1,IMPLNG,2028,0.0
RE1,IMPLNG,2029,0.0
RE1,IMPLNG,2030,0.0
RE1,IMPLNG,2031,0.0
RE1,IMPLNG,2032,0.0
RE1,IMPLNG,2033,0.0
RE1,IMPLNG,2034,0.0
RE1,IMPLNG,2035,0.0
RE1,IMPLNG,2036,0.0
RE1,IMPLNG,2037,0.0
RE1,IMPLNG,2038,0.0
RE1,IMPLNG,2039,0.0
RE1,IMPLNG,2040,0.0
RE1,IMPLNG,2041,0.0
RE1,IMPLNG,2042,0.0
RE1,IMPLNG,2043,0.0
RE1,IMPLNG,2044,0.0
RE1,IMPLNG,2045,0.0
RE1,IMPLNG,2046,0.0
RE1,IMPLNG,2047,0.0
RE1,IMPLNG,2048,0.0
RE1,IMPLNG,2049,0.0
RE1,IMPLNG,2050,0.0
RE1,IMPLNG,2051,0.0
RE1,IMPLNG,2052,0.0
RE1,IMPLNG,2053,0.0
RE1,IMPLNG,2054,0.0
RE1,IMPLNG,2055,0.0
RE1,IMPLPG,2022,0.0
RE1,IMPLPG,2023,0.0
RE1,IMPLPG,2024,0.0
RE1,IMPLPG,2025,0.0
RE1,IMPLPG,2026,0.0
RE1,IMPLPG,2027,0.0
RE1,IMPLPG,2028,0.0
RE1,IMPLPG,2029,0.0
RE1,IMPLPG,2030,0.0
RE1,IMPLPG,2031,0.0
RE1,IMPLPG,2032,0.0
RE1,IMPLPG,2033,0.0
RE1,IMPLPG,2034,0.0
RE1,IMPLPG,2035,0.0
RE1,IMPLPG,2036,0.0
RE1,IMPLPG,2037,0.0
RE1,IMPLPG,2038,0.0
RE1,IMPLPG,2039,0.0
RE1,IMPLPG,2040,0.0
RE1,IMPLPG,2041,0.0
RE1,IMPLPG,2042,0.0
RE1,IMPLPG,2043,0.0
RE1,IMPLPG,2044,0.0
RE1,IMPLPG,2045,0.0
RE1,IMPLPG,2046,0.0
RE1,IMPLPG,2047,0.0
RE1,IMPLPG,2048,0.0
RE1,IMPLPG,2049,0.0
RE1,IMPLPG,2050,0.0
RE1,IMPLPG,2051,0.0
RE1,IMPLPG,2052,0.0
RE1,IMPLPG,2053,0.0
RE1,IMPLPG,2054,0.0
RE1,IMPLPG,2055,0.0
RE1,IMPOIL_1LIV,2022,0.0
RE1,IMPOIL_1LIV,2023,0.0
RE1,IMPOIL_1LIV,2024,0.0
RE1,IMPOIL_1LIV,2025,0.0
RE1,IMPOIL_1LIV,2026,0.0
RE1,IMPOIL_1LIV,2027,0.0
RE1,IMPOIL_1LIV,2028,0.0
RE1,IMPOIL_1LIV,2029,0.0
RE1,IMPOIL_1LIV,2030,0.0
RE1,IMPOIL_1LIV,2031,0.0
RE1,IMPOIL_1LIV,2032,0.0
RE1,IMPOIL_1LIV,2033,0.0
RE1,IMPOIL_1LIV,2034,0.0
RE1,IMPOIL_1LIV,2035,0.0
RE1,IMPOIL_1LIV,2036,0.0
RE1,IMPOIL_1LIV,2037,0.0
RE1,IMPOIL_1LIV,2038,0.0
RE1,IMPOIL_1LIV,2039,0.0
RE1,IMPOIL_1LIV,2040,0.0
RE1,IMPOIL_1LIV,2041,0.0
RE1,IMPOIL_1LIV,2042,0.0
RE1,IMPOIL_1LIV,2043,0.0
RE1,IMPOIL_1LIV,2044,0.0
RE1,IMPOIL_1LIV,2045,0.0
RE1,IMPOIL_1LIV,2046,0.0
RE1,IMPOIL_1LIV,2047,0.0
RE1,IMPOIL_1LIV,2048,0.0
RE1,IMPOIL_1LIV,2049,0.0
RE1,IMPOIL_1LIV,2050,0.0
RE1,IMPOIL_1LIV,2051,0.0
RE1,IMPOIL_1LIV,2052,0.0
RE1,IMPOIL_1LIV,2053,0.0
RE1,IMPOIL_1LIV,2054,0.0
RE1,IMPOIL_1LIV,2055,0.0
RE1,IMPOIL_2MID,2022,0.0
RE1,IMPOIL_2MID,2023,0.0
RE1,IMPOIL_2MID,2024,0.0
RE1,IMPOIL_2MID,2025,0.0
RE1,IMPOIL_2MID,2026,0.0
RE1,IMPOIL_2MID,2027,0.0
RE1,IMPOIL_2MID,2028,0.0
RE1,IMPOIL_2MID,2029,0.0
RE1,IMPOIL_2MID,2030,0.0
RE1,IMPOIL_2MID,2031,0.0
RE1,IMPOIL_2MID,2032,0.0
RE1,IMPOIL_2MID,2033,0.0
RE1,IMPOIL_2MID,2034,0.0
RE1,IMPOIL_2MID,2035,0.0
RE1,IMPOIL_2MID,2036,0.0
RE1,IMPOIL_2MID,2037,0.0
RE1,IMPOIL_2MID,2038,0.0
RE1,IMPOIL_2MID,2039,0.0
RE1,IMPOIL_2MID,2040,0.0
RE1,IMPOIL_2MID,2041,0.0
RE1,IMPOIL_2MID,2042,0.0
RE1,IMPOIL_2MID,2043,0.0
RE1,IMPOIL_2MID,2044,0.0
RE1,IMPOIL_2MID,2045,0.0
RE1,IMPOIL_2MID,2046,0.0
RE1,IMPOIL_2MID,2047,0.0
RE1,IMPOIL_2MID,2048,0.0
RE1,IMPOIL_2MID,2049,0.0
RE1,IMPOIL_2MID,2050,0.0
RE1,IMPOIL_2MID,2051,0.0
RE1,IMPOIL_2MID,2052,0.0
RE1,IMPOIL_2MID,2053,0.0
RE1,IMPOIL_2MID,2054,0.0
RE1,IMPOIL_2MID,2055,0.0
RE1,IMPOIL_3PES,2022,0.0
RE1,IMPOIL_3PES,2023,0.0
RE1,IMPOIL_3PES,2024,0.0
RE1,IMPOIL_3PES,2025,0.0
RE1,IMPOIL_3PES,2026,0.0
RE1,IMPOIL_3PES,2027,0.0
RE1,IMPOIL_3PES,2028,0.0
RE1,IMPOIL_3PES,2029,0.0
RE1,IMPOIL_3PES,2030,0.0
RE1,IMPOIL_3PES,2031,0.0
RE1,IMPOIL_3PES,2032,0.0
RE1,IMPOIL_3PES,2033,0.0
RE1,IMPOIL_3PES,2034,0.0
RE1,IMPOIL_3PES,2035,0.0
RE1,IMPOIL_3PES,2036,0.0
RE1,IMPOIL_3PES,2037,0.0
RE1,IMPOIL_3PES,2038,0.0
RE1,IMPOIL_3PES,2039,0.0
RE1,IMPOIL_3PES,2040,0.0
RE1,IMPOIL_3PES,2041,0.0
RE1,IMPOIL_3PES,2042,0.0
RE1,IMPOIL_3PES,2043,0.0
RE1,IMPOIL_3PES,2044,0.0
RE1,IMPOIL_3PES,2045,0.0
RE1,IMPOIL_3PES,2046,0.0
RE1,IMPOIL_3PES,2047,0.0
RE1,IMPOIL_3PES,2048,0.0
RE1,IMPOIL_3PES,2049,0.0
RE1,IMPOIL_3PES,2050,0.0
RE1,IMPOIL_3PES,2051,0.0
RE1,IMPOIL_3PES,2052,0.0
RE1,IMPOIL_3PES,2053,0.0
RE1,IMPOIL_3PES,2054,0.0
RE1,IMPOIL_3PES,2055,0.0
RE1,IMPURN,2022,0.0
RE1,IMPURN,2023,0.0
RE1,IMPURN,2024,0.0
RE1,IMPURN,2025,0.0
RE1,IMPURN,2026,0.0
RE1,IMPURN,2027,0.0
RE1,IMPURN,2028,0.0
RE1,IMPURN,2029,0.0
RE1,IMPURN,2030,0.0
RE1,IMPURN,2031,0.0
RE1,IMPURN,2032,0.0
RE1,IMPURN,2033,0.0
RE1,IMPURN,2034,0.0
RE1,IMPURN,2035,0.0
RE1,IMPURN,2036,0.0
RE1,IMPURN,2037,0.0
RE1,IMPURN,2038,0.0
RE1,IMPURN,2039,0.0
RE1,IMPURN,2040,0.0
RE1,IMPURN,2041,0.0
RE1,IMPURN,2042,0.0
RE1,IMPURN,2043,0.0
RE1,IMPURN,2044,0.0
RE1,IMPURN,2045,0.0
RE1,IMPURN,2046,0.0
RE1,IMPURN,2047,0.0
RE1,IMPURN,2048,0.0
RE1,IMPURN,2049,0.0
RE1,IMPURN,2050,0.0
RE1,IMPURN,2051,0.0
RE1,IMPURN,2052,0.0
RE1,IMPURN,2053,0.0
RE1,IMPURN,2054,0.0
RE1,IMPURN,2055,0.0
RE1,MINAFR,2022,0.0
RE1,MINAFR,2023,0.0
RE1,MINAFR,2024,0.0
RE1,MINAFR,2025,0.0
RE1,MINAFR,2026,0.0
RE1,MINAFR,2027,0.0
RE1,MINAFR,2028,0.0
RE1,MINAFR,2029,0.0
RE1,MINAFR,2030,0.0
RE1,MINAFR,2031,0.0
RE1,MINAFR,2032,0.0
RE1,MINAFR,2033,0.0
RE1,MINAFR,2034,0.0
RE1,MINAFR,2035,0.0
RE1,MINAFR,2036,0.0
RE1,MINAFR,2037,0.0
RE1,MINAFR,2038,0.0
RE1,MINAFR,2039,0.0
RE1,MINAFR,2040,0.0
RE1,MINAFR,2041,0.0
RE1,MINAFR,2042,0.0
RE1,MINAFR,2043,0.0
RE1,MINAFR,2044,0.0
RE1,MINAFR,2045,0.0
RE1,MINAFR,2046,0.0
RE1,MINAFR,2047,0.0
RE1,MINAFR,2048,0.0
RE1,MINAFR,2049,0.0
RE1,MINAFR,2050,0.0
RE1,MINAFR,2051,0.0
RE1,MINAFR,2052,0.0
RE1,MINAFR,2053,0.0
RE1,MINAFR,2054,0.0
RE1,MINAFR,2055,0.0
RE1,MINBAG,2022,64.054592681702
RE1,MINBAG,2023,66.03923771356793
RE1,MINBAG,2024,67.00240138814867
RE1,MINBAG,2025,73.1200790577261
RE1,MINBAG,2026,76.08263401255718
RE1,MINBAG,2027,78.8335240652329
RE1,MINBAG,2028,79.41542679468658
RE1,MINBAG,2029,78.86271638491341
RE1,MINBAG,2030,79.44801581078927
RE1,MINBAG,2031,83.42343019713208
RE1,MINBAG,2032,86.16308288600297
RE1,MINBAG,2033,89.20625760118358
RE1,MINBAG,2034,92.45944142601863
RE1,MINBAG,2035,95.86062557416213
RE1,MINBAG,2036,97.20048737572685
RE1,MINBAG,2037,98.60688112143792
RE1,MINBAG,2038,100.0603626766824
RE1,MINBAG,2039,101.5472445364383
RE1,MINBAG,2040,102.9686744150006
RE1,MINBAG,2041,104.4039501989836
RE1,MINBAG,2042,105.844818756363
RE1,MINBAG,2043,107.2862763033264
RE1,MINBAG,2044,108.7238960019226
RE1,MINBAG,2045,110.1535982473781
RE1,MINBAG,2046,111.5746549534229
RE1,MINBAG,2047,112.980275806782
RE1,MINBAG,2048,114.366640589562
RE1,MINBAG,2049,115.7299765612854
RE1,MINBAG,2050,117.0661154140514
RE1,MINBAG,2051,117.0661154140514
RE1,MINBAG,2052,117.0661154140514
RE1,MINBAG,2053,117.0661154140514
RE1,MINBAG,2054,117.0661154140514
RE1,MINBAG,2055,117.0661154140514
RE1,MINCOA,2022,0.0
RE1,MINCOA,2023,0.0
RE1,MINCOA,2024,0.0
RE1,MINCOA,2025,0.0
RE1,MINCOA,2026,0.0
RE1,MINCOA,2027,0.0
RE1,MINCOA,2028,0.0
RE1,MINCOA,2029,0.0
RE1,MINCOA,2030,0.0
RE1,MINCOA,2031,0.0
RE1,MINCOA,2032,0.0
RE1,MINCOA,2033,0.0
RE1,MINCOA,2034,0.0
RE1,MINCOA,2035,0.0
RE1,MINCOA,2036,0.0
RE1,MINCOA,2037,0.0
RE1,MINCOA,2038,0.0
RE1,MINCOA,2039,0.0
RE1,MINCOA,2040,0.0
RE1,MINCOA,2041,0.0
RE1,MINCOA,2042,0.0
RE1,MINCOA,2043,0.0
RE1,MINCOA,2044,0.0
RE1,MINCOA,2045,0.0
RE1,MINCOA,2046,0.0
RE1,MINCOA,2047,0.0
RE1,MINCOA,2048,0.0
RE1,MINCOA,2049,0.0
RE1,MINCOA,2050,0.0
RE1,MINCOA,2051,0.0
RE1,MINCOA,2052,0.0
RE1,MINCOA,2053,0.0
RE1,MINCOA,2054,0.0
RE1,MINCOA,2055,0.0
RE1,MINCSP,2022,0.0
RE1,MINCSP,2023,0.0
RE1,MINCSP,2024,0.0
RE1,MINCSP,2025,0.0
RE1,MINCSP,2026,0.0
RE1,MINCSP,2027,0.0
RE1,MINCSP,2028,0.0
RE1,MINCSP,2029,0.0
RE1,MINCSP,2030,0.0
RE1,MINCSP,2031,0.0
RE1,MINCSP,2032,0.0
RE1,MINCSP,2033,0.0
RE1,MINCSP,2034,0.0
RE1,MINCSP,2035,0.0
RE1,MINCSP,2036,0.0
RE1,MINCSP,2037,0.0
RE1,MINCSP,2038,0.0
RE1,MINCSP,2039,0.0
RE1,MINCSP,2040,0.0
RE1,MINCSP,2041,0.0
RE1,MINCSP,2042,0.0
RE1,MINCSP,2043,0.0
RE1,MINCSP,2044,0.0
RE1,MINCSP,2045,0.0
RE1,MINCSP,2046,0.0
RE1,MINCSP,2047,0.0
RE1,MINCSP,2048,0.0
RE1,MINCSP,2049,0.0
RE1,MINCSP,2050,0.0
RE1,MINCSP,2051,0.0
RE1,MINCSP,2052,0.0
RE1,MINCSP,2053,0.0
RE1,MINCSP,2054,0.0
RE1,MINCSP,2055,0.0
RE1,MINDAM,2022,0.0
RE1,MINDAM,2023,0.0
RE1,MINDAM,2024,0.0
RE1,MINDAM,2025,0.0
RE1,MINDAM,2026,0.0
RE1,MINDAM,2027,0.0
RE1,MINDAM,2028,0.0
RE1,MINDAM,2029,0.0
RE1,MINDAM,2030,0.0
RE1,MINDAM,2031,0.0
RE1,MINDAM,2032,0.0
RE1,MINDAM,2033,0.0
RE1,MINDAM,2034,0.0
RE1,MINDAM,2035,0.0
RE1,MINDAM,2036,0.0
RE1,MINDAM,2037,0.0
RE1,MINDAM,2038,0.0
RE1,MINDAM,2039,0.0
RE1,MINDAM,2040,0.0
RE1,MINDAM,2041,0.0
RE1,MINDAM,2042,0.0
RE1,MINDAM,2043,0.0
RE1,MINDAM,2044,0.0
RE1,MINDAM,2045,0.0
RE1,MINDAM,2046,0.0
RE1,MINDAM,2047,0.0
RE1,MINDAM,2048,0.0
RE1,MINDAM,2049,0.0
RE1,MINDAM,2050,0.0
RE1,MINDAM,2051,0.0
RE1,MINDAM,2052,0.0
RE1,MINDAM,2053,0.0
RE1,MINDAM,2054,0.0
RE1,MINDAM,2055,0.0
RE1,MINGEO,2022,0.0
RE1,MINGEO,2023,0.0
RE1,MINGEO,2024,0.0
RE1,MINGEO,2025,0.0
RE1,MINGEO,2026,0.0
RE1,MINGEO,2027,0.0
RE1,MINGEO,2028,0.0
RE1,MINGEO,2029,0.0
RE1,MINGEO,2030,0.0
RE1,MINGEO,2031,0.0
RE1,MINGEO,2032,0.0
RE1,MINGEO,2033,0.0
RE1,MINGEO,2034,0.0
RE1,MINGEO,2035,0.0
RE1,MINGEO,2036,0.0
RE1,MINGEO,2037,0.0
RE1,MINGEO,2038,0.0
RE1,MINGEO,2039,0.0
RE1,MINGEO,2040,0.0
RE1,MINGEO,2041,0.0
RE1,MINGEO,2042,0.0
RE1,MINGEO,2043,0.0
RE1,MINGEO,2044,0.0
RE1,MINGEO,2045,0.0
RE1,MINGEO,2046,0.0
RE1,MINGEO,2047,0.0
RE1,MINGEO,2048,0.0
RE1,MINGEO,2049,0.0
RE1,MINGEO,2050,0.0
RE1,MINGEO,2051,0.0
RE1,MINGEO,2052,0.0
RE1,MINGEO,2053,0.0
RE1,MINGEO,2054,0.0
RE1,MINGEO,2055,0.0
RE1,MINNGS,2022,0.0
RE1,MINNGS,2023,0.0
RE1,MINNGS,2024,0.0
RE1,MINNGS,2025,0.0
RE1,MINNGS,2026,0.0
RE1,MINNGS,2027,0.0
RE1,MINNGS,2028,0.0
RE1,MINNGS,2029,0.0
RE1,MINNGS,2030,0.0
RE1,MINNGS,2031,0.0
RE1,MINNGS,2032,0.0
RE1,MINNGS,2033,0.0
RE1,MINNGS,2034,0.0
RE1,MINNGS,2035,0.0
RE1,MINNGS,2036,0.0
RE1,MINNGS,2037,0.0
RE1,MINNGS,2038,0.0
RE1,MINNGS,2039,0.0
RE1,MINNGS,2040,0.0
RE1,MINNGS,2041,0.0
RE1,MINNGS,2042,0.0
RE1,MINNGS,2043,0.0
RE1,MINNGS,2044,0.0
RE1,MINNGS,2045,0.0
RE1,MINNGS,2046,0.0
RE1,MINNGS,2047,0.0
RE1,MINNGS,2048,0.0
RE1,MINNGS,2049,0.0
RE1,MINNGS,2050,0.0
RE1,MINNGS,2051,0.0
RE1,MINNGS,2052,0.0
RE1,MINNGS,2053,0.0
RE1,MINNGS,2054,0.0
RE1,MINNGS,2055,0.0
RE1,MINOFW_FIX,2022,0.0
RE1,MINOFW_FIX,2023,0.0
RE1,MINOFW_FIX,2024,0.0
RE1,MINOFW_FIX,2025,0.0
RE1,MINOFW_FIX,2026,0.0
RE1,MINOFW_FIX,2027,0.0
RE1,MINOFW_FIX,2028,0.0
RE1,MINOFW_FIX,2029,0.0
RE1,MINOFW_FIX,2030,0.0
RE1,MINOFW_FIX,2031,0.0
RE1,MINOFW_FIX,2032,0.0
RE1,MINOFW_FIX,2033,0.0
RE1,MINOFW_FIX,2034,0.0
RE1,MINOFW_FIX,2035,0.0
RE1,MINOFW_FIX,2036,0.0
RE1,MINOFW_FIX,2037,0.0
RE1,MINOFW_FIX,2038,0.0
RE1,MINOFW_FIX,2039,0.0
RE1,MINOFW_FIX,2040,0.0
RE1,MINOFW_FIX,2041,0.0
RE1,MINOFW_FIX,2042,0.0
RE1,MINOFW_FIX,2043,0.0
RE1,MINOFW_FIX,2044,0.0
RE1,MINOFW_FIX,2045,0.0
RE1,MINOFW_FIX,2046,0.0
RE1,MINOFW_FIX,2047,0.0
RE1,MINOFW_FIX,2048,0.0
RE1,MINOFW_FIX,2049,0.0
RE1,MINOFW_FIX,2050,0.0
RE1,MINOFW_FIX,2051,0.0
RE1,MINOFW_FIX,2052,0.0
RE1,MINOFW_FIX,2053,0.0
RE1,MINOFW_FIX,2054,0.0
RE1,MINOFW_FIX,2055,0.0
RE1,MINOFW_FLO,2022,0.0
RE1,MINOFW_FLO,2023,0.0
RE1,MINOFW_FLO,2024,0.0
RE1,MINOFW_FLO,2025,0.0
RE1,MINOFW_FLO,2026,0.0
RE1,MINOFW_FLO,2027,0.0
RE1,MINOFW_FLO,2028,0.0
RE1,MINOFW_FLO,2029,0.0
RE1,MINOFW_FLO,2030,0.0
RE1,MINOFW_FLO,2031,0.0
RE1,MINOFW_FLO,2032,0.0
RE1,MINOFW_FLO,2033,0.0
RE1,MINOFW_FLO,2034,0.0
RE1,MINOFW_FLO,2035,0.0
RE1,MINOFW_FLO,2036,0.0
RE1,MINOFW_FLO,2037,0.0
RE1,MINOFW_FLO,2038,0.0
RE1,MINOFW_FLO,2039,0.0
RE1,MINOFW_FLO,2040,0.0
RE1,MINOFW_FLO,2041,0.0
RE1,MINOFW_FLO,2042,0.0
RE1,MINOFW_FLO,2043,0.0
RE1,MINOFW_FLO,2044,0.0
RE1,MINOFW_FLO,2045,0.0
RE1,MINOFW_FLO,2046,0.0
RE1,MINOFW_FLO,2047,0.0
RE1,MINOFW_FLO,2048,0.0
RE1,MINOFW_FLO,2049,0.0
RE1,MINOFW_FLO,2050,0.0
RE1,MINOFW_FLO,2051,0.0
RE1,MINOFW_FLO,2052,0.0
RE1,MINOFW_FLO,2053,0.0
RE1,MINOFW_FLO,2054,0.0
RE1,MINOFW_FLO,2055,0.0
RE1,MINOIL_1LIV,2022,0.0
RE1,MINOIL_1LIV,2023,0.0
RE1,MINOIL_1LIV,2024,0.0
RE1,MINOIL_1LIV,2025,0.0
RE1,MINOIL_1LIV,2026,0.0
RE1,MINOIL_1LIV,2027,0.0
RE1,MINOIL_1LIV,2028,0.0
RE1,MINOIL_1LIV,2029,0.0
RE1,MINOIL_1LIV,2030,0.0
RE1,MINOIL_1LIV,2031,0.0
RE1,MINOIL_1LIV,2032,0.0
RE1,MINOIL_1LIV,2033,0.0
RE1,MINOIL_1LIV,2034,0.0
RE1,MINOIL_1LIV,2035,0.0
RE1,MINOIL_1LIV,2036,0.0
RE1,MINOIL_1LIV,2037,0.0
RE1,MINOIL_1LIV,2038,0.0
RE1,MINOIL_1LIV,2039,0.0
RE1,MINOIL_1LIV,2040,0.0
RE1,MINOIL_1LIV,2041,0.0
RE1,MINOIL_1LIV,2042,0.0
RE1,MINOIL_1LIV,2043,0.0
RE1,MINOIL_1LIV,2044,0.0
RE1,MINOIL_1LIV,2045,0.0
RE1,MINOIL_1LIV,2046,0.0
RE1,MINOIL_1LIV,2047,0.0
RE1,MINOIL_1LIV,2048,0.0
RE1,MINOIL_1LIV,2049,0.0
RE1,MINOIL_1LIV,2050,0.0
RE1,MINOIL_1LIV,2051,0.0
RE1,MINOIL_1LIV,2052,0.0
RE1,MINOIL_1LIV,2053,0.0
RE1,MINOIL_1LIV,2054,0.0
RE1,MINOIL_1LIV,2055,0.0
RE1,MINOIL_2MID,2022,0.0
RE1,MINOIL_2MID,2023,0.0
RE1,MINOIL_2MID,2024,0.0
RE1,MINOIL_2MID,2025,0.0
RE1,MINOIL_2MID,2026,0.0
RE1,MINOIL_2MID,2027,0.0
RE1,MINOIL_2MID,2028,0.0
RE1,MINOIL_2MID,2029,0.0
RE1,MINOIL_2MID,2030,0.0
RE1,MINOIL_2MID,2031,0.0
RE1,MINOIL_2MID,2032,0.0
RE1,MINOIL_2MID,2033,0.0
RE1,MINOIL_2MID,2034,0.0
RE1,MINOIL_2MID,2035,0.0
RE1,MINOIL_2MID,2036,0.0
RE1,MINOIL_2MID,2037,0.0
RE1,MINOIL_2MID,2038,0.0
RE1,MINOIL_2MID,2039,0.0
RE1,MINOIL_2MID,2040,0.0
RE1,MINOIL_2MID,2041,0.0
RE1,MINOIL_2MID,2042,0.0
RE1,MINOIL_2MID,2043,0.0
RE1,MINOIL_2MID,2044,0.0
RE1,MINOIL_2MID,2045,0.0
RE1,MINOIL_2MID,2046,0.0
RE1,MINOIL_2MID,2047,0.0
RE1,MINOIL_2MID,2048,0.0
RE1,MINOIL_2MID,2049,0.0
RE1,MINOIL_2MID,2050,0.0
RE1,MINOIL_2MID,2051,0.0
RE1,MINOIL_2MID,2052,0.0
RE1,MINOIL_2MID,2053,0.0
RE1,MINOIL_2MID,2054,0.0
RE1,MINOIL_2MID,2055,0.0
RE1,MINOIL_3PES,2022,0.0
RE1,MINOIL_3PES,2023,0.0
RE1,MINOIL_3PES,2024,0.0
RE1,MINOIL_3PES,2025,0.0
RE1,MINOIL_3PES,2026,0.0
RE1,MINOIL_3PES,2027,0.0
RE1,MINOIL_3PES,2028,0.0
RE1,MINOIL_3PES,2029,0.0
RE1,MINOIL_3PES,2030,0.0
RE1,MINOIL_3PES,2031,0.0
RE1,MINOIL_3PES,2032,0.0
RE1,MINOIL_3PES,2033,0.0
RE1,MINOIL_3PES,2034,0.0
RE1,MINOIL_3PES,2035,0.0
RE1,MINOIL_3PES,2036,0.0
RE1,MINOIL_3PES,2037,0.0
RE1,MINOIL_3PES,2038,0.0
RE1,MINOIL_3PES,2039,0.0
RE1,MINOIL_3PES,2040,0.0
RE1,MINOIL_3PES,2041,0.0
RE1,MINOIL_3PES,2042,0.0
RE1,MINOIL_3PES,2043,0.0
RE1,MINOIL_3PES,2044,0.0
RE1,MINOIL_3PES,2045,0.0
RE1,MINOIL_3PES,2046,0.0
RE1,MINOIL_3PES,2047,0.0
RE1,MINOIL_3PES,2048,0.0
RE1,MINOIL_3PES,2049,0.0
RE1,MINOIL_3PES,2050,0.0
RE1,MINOIL_3PES,2051,0.0
RE1,MINOIL_3PES,2052,0.0
RE1,MINOIL_3PES,2053,0.0
RE1,MINOIL_3PES,2054,0.0
RE1,MINOIL_3PES,2055,0.0
RE1,MINONW,2022,0.0
RE1,MINONW,2023,0.0
RE1,MINONW,2024,0.0
RE1,MINONW,2025,0.0
RE1,MINONW,2026,0.0
RE1,MINONW,2027,0.0
RE1,MINONW,2028,0.0
RE1,MINONW,2029,0.0
RE1,MINONW,2030,0.0
RE1,MINONW,2031,0.0
RE1,MINONW,2032,0.0
RE1,MINONW,2033,0.0
RE1,MINONW,2034,0.0
RE1,MINONW,2035,0.0
RE1,MINONW,2036,0.0
RE1,MINONW,2037,0.0
RE1,MINONW,2038,0.0
RE1,MINONW,2039,0.0
RE1,MINONW,2040,0.0
RE1,MINONW,2041,0.0
RE1,MINONW,2042,0.0
RE1,MINONW,2043,0.0
RE1,MINONW,2044,0.0
RE1,MINONW,2045,0.0
RE1,MINONW,2046,0.0
RE1,MINONW,2047,0.0
RE1,MINONW,2048,0.0
RE1,MINONW,2049,0.0
RE1,MINONW,2050,0.0
RE1,MINONW,2051,0.0
RE1,MINONW,2052,0.0
RE1,MINONW,2053,0.0
RE1,MINONW,2054,0.0
RE1,MINONW,2055,0.0
RE1,MINOPL,2022,0.0
RE1,MINOPL,2023,0.0
RE1,MINOPL,2024,0.0
RE1,MINOPL,2025,0.0
RE1,MINOPL,2026,0.0
RE1,MINOPL,2027,0.0
RE1,MINOPL,2028,0.0
RE1,MINOPL,2029,0.0
RE1,MINOPL,2030,0.0
RE1,MINOPL,2031,0.0
RE1,MINOPL,2032,0.0
RE1,MINOPL,2033,0.0
RE1,MINOPL,2034,0.0
RE1,MINOPL,2035,0.0
RE1,MINOPL,2036,0.0
RE1,MINOPL,2037,0.0
RE1,MINOPL,2038,0.0
RE1,MINOPL,2039,0.0
RE1,MINOPL,2040,0.0
RE1,MINOPL,2041,0.0
RE1,MINOPL,2042,0.0
RE1,MINOPL,2043,0.0
RE1,MINOPL,2044,0.0
RE1,MINOPL,2045,0.0
RE1,MINOPL,2046,0.0
RE1,MINOPL,2047,0.0
RE1,MINOPL,2048,0.0
RE1,MINOPL,2049,0.0
RE1,MINOPL,2050,0.0
RE1,MINOPL,2051,0.0
RE1,MINOPL,2052,0.0
RE1,MINOPL,2053,0.0
RE1,MINOPL,2054,0.0
RE1,MINOPL,2055,0.0
RE1,MINROR,2022,0.0
RE1,MINROR,2023,0.0
RE1,MINROR,2024,0.0
RE1,MINROR,2025,0.0
RE1,MINROR,2026,0.0
RE1,MINROR,2027,0.0
RE1,MINROR,2028,0.0
RE1,MINROR,2029,0.0
RE1,MINROR,2030,0.0
RE1,MINROR,2031,0.0
RE1,MINROR,2032,0.0
RE1,MINROR,2033,0.0
RE1,MINROR,2034,0.0
RE1,MINROR,2035,0.0
RE1,MINROR,2036,0.0
RE1,MINROR,2037,0.0
RE1,MINROR,2038,0.0
RE1,MINROR,2039,0.0
RE1,MINROR,2040,0.0
RE1,MINROR,2041,0.0
RE1,MINROR,2042,0.0
RE1,MINROR,2043,0.0
RE1,MINROR,2044,0.0
RE1,MINROR,2045,0.0
RE1,MINROR,2046,0.0
RE1,MINROR,2047,0.0
RE1,MINROR,2048,0.0
RE1,MINROR,2049,0.0
RE1,MINROR,2050,0.0
RE1,MINROR,2051,0.0
RE1,MINROR,2052,0.0
RE1,MINROR,2053,0.0
RE1,MINROR,2054,0.0
RE1,MINROR,2055,0.0
RE1,MINSGC,2022,0.0
RE1,MINSGC,2023,0.0
RE1,MINSGC,2024,0.0
RE1,MINSGC,2025,0.0
RE1,MINSGC,2026,0.0
RE1,MINSGC,2027,0.0
RE1,MINSGC,2028,0.0
RE1,MINSGC,2029,0.0
RE1,MINSGC,2030,0.0
RE1,MINSGC,2031,0.0
RE1,MINSGC,2032,0.0
RE1,MINSGC,2033,0.0
RE1,MINSGC,2034,0.0
RE1,MINSGC,2035,0.0
RE1,MINSGC,2036,0.0
RE1,MINSGC,2037,9.0
RE1,MINSGC,2038,9.0
RE1,MINSGC,2039,9.0
RE1,MINSGC,2040,9.0
RE1,MINSGC,2041,9.0
RE1,MINSGC,2042,9.0
RE1,MINSGC,2043,9.0
RE1,MINSGC,2044,9.0
RE1,MINSGC,2045,9.0
RE1,MINSGC,2046,9.0
RE1,MINSGC,2047,9.0
RE1,MINSGC,2048,9.0
RE1,MINSGC,2049,9.0
RE1,MINSGC,2050,0.0
RE1,MINSGC,2051,0.0
RE1,MINSGC,2052,0.0
RE1,MINSGC,2053,0.0
RE1,MINSGC,2054,0.0
RE1,MINSGC,2055,0.0
RE1,MINSOL,2022,0.0
RE1,MINSOL,2023,0.0
RE1,MINSOL,2024,0.0
RE1,MINSOL,2025,0.0
RE1,MINSOL,2026,0.0
RE1,MINSOL,2027,0.0
RE1,MINSOL,2028,0.0
RE1,MINSOL,2029,0.0
RE1,MINSOL,2030,0.0
RE1,MINSOL,2031,0.0
RE1,MINSOL,2032,0.0
RE1,MINSOL,2033,0.0
RE1,MINSOL,2034,0.0
RE1,MINSOL,2035,0.0
RE1,MINSOL,2036,0.0
RE1,MINSOL,2037,0.0
RE1,MINSOL,2038,0.0
RE1,MINSOL,2039,0.0
RE1,MINSOL,2040,0.0
RE1,MINSOL,2041,0.0
RE1,MINSOL,2042,0.0
RE1,MINSOL,2043,0.0
RE1,MINSOL,2044,0.0
RE1,MINSOL,2045,0.0
RE1,MINSOL,2046,0.0
RE1,MINSOL,2047,0.0
RE1,MINSOL,2048,0.0
RE1,MINSOL,2049,0.0
RE1,MINSOL,2050,0.0
RE1,MINSOL,2051,0.0
RE1,MINSOL,2052,0.0
RE1,MINSOL,2053,0.0
RE1,MINSOL,2054,0.0
RE1,MINSOL,2055,0.0
RE1,MINSOL_RTP,2022,0.0
RE1,MINSOL_RTP,2023,0.0
RE1,MINSOL_RTP,2024,0.0
RE1,MINSOL_RTP,2025,0.0
RE1,MINSOL_RTP,2026,0.0
RE1,MINSOL_RTP,2027,0.0
RE1,MINSOL_RTP,2028,0.0
RE1,MINSOL_RTP,2029,0.0
RE1,MINSOL_RTP,2030,0.0
RE1,MINSOL_RTP,2031,0.0
RE1,MINSOL_RTP,2032,0.0
RE1,MINSOL_RTP,2033,0.0
RE1,MINSOL_RTP,2034,0.0
RE1,MINSOL_RTP,2035,0.0
RE1,MINSOL_RTP,2036,0.0
RE1,MINSOL_RTP,2037,0.0
RE1,MINSOL_RTP,2038,0.0
RE1,MINSOL_RTP,2039,0.0
RE1,MINSOL_RTP,2040,0.0
RE1,MINSOL_RTP,2041,0.0
RE1,MINSOL_RTP,2042,0.0
RE1,MINSOL_RTP,2043,0.0
RE1,MINSOL_RTP,2044,0.0
RE1,MINSOL_RTP,2045,0.0
RE1,MINSOL_RTP,2046,0.0
RE1,MINSOL_RTP,2047,0.0
RE1,MINSOL_RTP,2048,0.0
RE1,MINSOL_RTP,2049,0.0
RE1,MINSOL_RTP,2050,0.0
RE1,MINSOL_RTP,2051,0.0
RE1,MINSOL_RTP,2052,0.0
RE1,MINSOL_RTP,2053,0.0
RE1,MINSOL_RTP,2054,0.0
RE1,MINSOL_RTP,2055,0.0
RE1,MINWAS,2022,0.0
RE1,MINWAS,2023,0.0
RE1,MINWAS,2024,0.0
RE1,MINWAS,2025,0.0
RE1,MINWAS,2026,0.0
RE1,MINWAS,2027,0.0
RE1,MINWAS,2028,0.0
RE1,MINWAS,2029,0.0
RE1,MINWAS,2030,0.0
RE1,MINWAS,2031,0.0
RE1,MINWAS,2032,0.0
RE1,MINWAS,2033,0.0
RE1,MINWAS,2034,0.0
RE1,MINWAS,2035,0.0
RE1,MINWAS,2036,0.0
RE1,MINWAS,2037,0.0
RE1,MINWAS,2038,0.0
RE1,MINWAS,2039,0.0
RE1,MINWAS,2040,0.0
RE1,MINWAS,2041,0.0
RE1,MINWAS,2042,0.0
RE1,MINWAS,2043,0.0
RE1,MINWAS,2044,0.0
RE1,MINWAS,2045,0.0
RE1,MINWAS,2046,0.0
RE1,MINWAS,2047,0.0
RE1,MINWAS,2048,0.0
RE1,MINWAS,2049,0.0
RE1,MINWAS,2050,0.0
RE1,MINWAS,2051,0.0
RE1,MINWAS,2052,0.0
RE1,MINWAS,2053,0.0
RE1,MINWAS,2054,0.0
RE1,MINWAS,2055,0.0
RE1,MINWAS_ORG,2022,0.0
RE1,MINWAS_ORG,2023,0.0
RE1,MINWAS_ORG,2024,0.0
RE1,MINWAS_ORG,2025,0.0
RE1,MINWAS_ORG,2026,0.0
RE1,MINWAS_ORG,2027,0.0
RE1,MINWAS_ORG,2028,0.0
RE1,MINWAS_ORG,2029,0.0
RE1,MINWAS_ORG,2030,0.0
RE1,MINWAS_ORG,2031,0.0
RE1,MINWAS_ORG,2032,0.0
RE1,MINWAS_ORG,2033,0.0
RE1,MINWAS_ORG,2034,0.0
RE1,MINWAS_ORG,2035,0.0
RE1,MINWAS_ORG,2036,0.0
RE1,MINWAS_ORG,2037,0.0
RE1,MINWAS_ORG,2038,0.0
RE1,MINWAS_ORG,2039,0.0
RE1,MINWAS_ORG,2040,0.0
RE1,MINWAS_ORG,2041,0.0
RE1,MINWAS_ORG,2042,0.0
RE1,MINWAS_ORG,2043,0.0
RE1,MINWAS_ORG,2044,0.0
RE1,MINWAS_ORG,2045,0.0
RE1,MINWAS_ORG,2046,0.0
RE1,MINWAS_ORG,2047,0.0
RE1,MINWAS_ORG,2048,0.0
RE1,MINWAS_ORG,2049,0.0
RE1,MINWAS_ORG,2050,0.0
RE1,MINWAS_ORG,2051,0.0
RE1,MINWAS_ORG,2052,0.0
RE1,MINWAS_ORG,2053,0.0
RE1,MINWAS_ORG,2054,0.0
RE1,MINWAS_ORG,2055,0.0
RE1,MINWOO,2022,0.0
RE1,MINWOO,2023,0.0
RE1,MINWOO,2024,0.0
RE1,MINWOO,2025,0.0
RE1,MINWOO,2026,0.0
RE1,MINWOO,2027,0.0
RE1,MINWOO,2028,0.0
RE1,MINWOO,2029,0.0
RE1,MINWOO,2030,0.0
RE1,MINWOO,2031,0.0
RE1,MINWOO,2032,0.0
RE1,MINWOO,2033,0.0
RE1,MINWOO,2034,0.0
RE1,MINWOO,2035,0.0
RE1,MINWOO,2036,0.0
RE1,MINWOO,2037,0.0
RE1,MINWOO,2038,0.0
RE1,MINWOO,2039,0.0
RE1,MINWOO,2040,0.0
RE1,MINWOO,2041,0.0
RE1,MINWOO,2042,0.0
RE1,MINWOO,2043,0.0
RE1,MINWOO,2044,0.0
RE1,MINWOO,2045,0.0
RE1,MINWOO,2046,0.0
RE1,MINWOO,2047,0.0
RE1,MINWOO,2048,0.0
RE1,MINWOO,2049,0.0
RE1,MINWOO,2050,0.0
RE1,MINWOO,2051,0.0
RE1,MINWOO,2052,0.0
RE1,MINWOO,2053,0.0
RE1,MINWOO,2054,0.0
RE1,MINWOO,2055,0.0
RE1,PWRAFR,2022,0.0
RE1,PWRAFR,2023,0.0
RE1,PWRAFR,2024,0.0
RE1,PWRAFR,2025,0.0
RE1,PWRAFR,2026,0.0
RE1,PWRAFR,2027,0.0
RE1,PWRAFR,2028,0.0
RE1,PWRAFR,2029,0.0
RE1,PWRAFR,2030,0.0
RE1,PWRAFR,2031,0.0
RE1,PWRAFR,2032,0.0
RE1,PWRAFR,2033,0.0
RE1,PWRAFR,2034,0.0
RE1,PWRAFR,2035,0.0
RE1,PWRAFR,2036,0.0
RE1,PWRAFR,2037,0.0
RE1,PWRAFR,2038,0.0
RE1,PWRAFR,2039,0.0
RE1,PWRAFR,2040,0.0
RE1,PWRAFR,2041,0.0
RE1,PWRAFR,2042,0.0
RE1,PWRAFR,2043,0.0
RE1,PWRAFR,2044,0.0
RE1,PWRAFR,2045,0.0
RE1,PWRAFR,2046,0.0
RE1,PWRAFR,2047,0.0
RE1,PWRAFR,2048,0.0
RE1,PWRAFR,2049,0.0
RE1,PWRAFR,2050,0.0
RE1,PWRAFR,2051,0.0
RE1,PWRAFR,2052,0.0
RE1,PWRAFR,2053,0.0
RE1,PWRAFR,2054,0.0
RE1,PWRAFR,2055,0.0
RE1,PWRBGS,2022,0.003688431012000004
RE1,PWRBGS,2023,0.008965015200000004
RE1,PWRBGS,2024,0.01274429375999999
RE1,PWRBGS,2025,0.0168224677632
RE1,PWRBGS,2026,0.0
RE1,PWRBGS,2027,0.0
RE1,PWRBGS,2028,0.0
RE1,PWRBGS,2029,0.0
RE1,PWRBGS,2030,0.0
RE1,PWRBGS,2031,0.0
RE1,PWRBGS,2032,0.0
RE1,PWRBGS,2033,0.0
RE1,PWRBGS,2034,0.0
RE1,PWRBGS,2035,0.0
RE1,PWRBGS,2036,0.0
RE1,PWRBGS,2037,0.0
RE1,PWRBGS,2038,0.0
RE1,PWRBGS,2039,0.0
RE1,PWRBGS,2040,0.0
RE1,PWRBGS,2041,0.0
RE1,PWRBGS,2042,0.0
RE1,PWRBGS,2043,0.0
RE1,PWRBGS,2044,0.0
RE1,PWRBGS,2045,0.0
RE1,PWRBGS,2046,0.0
RE1,PWRBGS,2047,0.0
RE1,PWRBGS,2048,0.0
RE1,PWRBGS,2049,0.0
RE1,PWRBGS,2050,0.0
RE1,PWRBGS,2051,0.0
RE1,PWRBGS,2052,0.0
RE1,PWRBGS,2053,0.0
RE1,PWRBGS,2054,0.0
RE1,PWRBGS,2055,0.0
RE1,PWRCOA,2022,12.4152307866
RE1,PWRCOA,2023,26.848378520856
RE1,PWRCOA,2024,33.617072419884
RE1,PWRCOA,2025,12.461420720448
RE1,PWRCOA,2026,0.0
RE1,PWRCOA,2027,0.0
RE1,PWRCOA,2028,0.0
RE1,PWRCOA,2029,0.0
RE1,PWRCOA,2030,0.0
RE1,PWRCOA,2031,0.0
RE1,PWRCOA,2032,0.0
RE1,PWRCOA,2033,0.0
RE1,PWRCOA,2034,0.0
RE1,PWRCOA,2035,0.0
RE1,PWRCOA,2036,0.0
RE1,PWRCOA,2037,0.0
RE1,PWRCOA,2038,0.0
RE1,PWRCOA,2039,0.0
RE1,PWRCOA,2040,0.0
RE1,PWRCOA,2041,0.0
RE1,PWRCOA,2042,0.0
RE1,PWRCOA,2043,0.0
RE1,PWRCOA,2044,0.0
RE1,PWRCOA,2045,0.0
RE1,PWRCOA,2046,0.0
RE1,PWRCOA,2047,0.0
RE1,PWRCOA,2048,0.0
RE1,PWRCOA,2049,0.0
RE1,PWRCOA,2050,0.0
RE1,PWRCOA,2051,0.0
RE1,PWRCOA,2052,0.0
RE1,PWRCOA,2053,0.0
RE1,PWRCOA,2054,0.0
RE1,PWRCOA,2055,0.0
RE1,PWRCOACCS,2022,0.0
RE1,PWRCOACCS,2023,0.0
RE1,PWRCOACCS,2024,0.0
RE1,PWRCOACCS,2025,0.0
RE1,PWRCOACCS,2026,0.0
RE1,PWRCOACCS,2027,0.0
RE1,PWRCOACCS,2028,0.0
RE1,PWRCOACCS,2029,0.0
RE1,PWRCOACCS,2030,0.0
RE1,PWRCOACCS,2031,0.0
RE1,PWRCOACCS,2032,0.0
RE1,PWRCOACCS,2033,0.0
RE1,PWRCOACCS,2034,0.0
RE1,PWRCOACCS,2035,0.0
RE1,PWRCOACCS,2036,0.0
RE1,PWRCOACCS,2037,0.0
RE1,PWRCOACCS,2038,0.0
RE1,PWRCOACCS,2039,0.0
RE1,PWRCOACCS,2040,0.0
RE1,PWRCOACCS,2041,0.0
RE1,PWRCOACCS,2042,0.0
RE1,PWRCOACCS,2043,0.0
RE1,PWRCOACCS,2044,0.0
RE1,PWRCOACCS,2045,0.0
RE1,PWRCOACCS,2046,0.0
RE1,PWRCOACCS,2047,0.0
RE1,PWRCOACCS,2048,0.0
RE1,PWRCOACCS,2049,0.0
RE1,PWRCOACCS,2050,0.0
RE1,PWRCOACCS,2051,0.0
RE1,PWRCOACCS,2052,0.0
RE1,PWRCOACCS,2053,0.0
RE1,PWRCOACCS,2054,0.0
RE1,PWRCOACCS,2055,0.0
RE1,PWRCSP,2022,0.0
RE1,PWRCSP,2023,0.0
RE1,PWRCSP,2024,0.0
RE1,PWRCSP,2025,0.0
RE1,PWRCSP,2026,0.0
RE1,PWRCSP,2027,0.0
RE1,PWRCSP,2028,0.0
RE1,PWRCSP,2029,0.0
RE1,PWRCSP,2030,0.0
RE1,PWRCSP,2031,0.0
RE1,PWRCSP,2032,0.0
RE1,PWRCSP,2033,0.0
RE1,PWRCSP,2034,0.0
RE1,PWRCSP,2035,0.0
RE1,PWRCSP,2036,0.0
RE1,PWRCSP,2037,0.0
RE1,PWRCSP,2038,0.0
RE1,PWRCSP,2039,0.0
RE1,PWRCSP,2040,0.0
RE1,PWRCSP,2041,0.0
RE1,PWRCSP,2042,0.0
RE1,PWRCSP,2043,0.0
RE1,PWRCSP,2044,0.0
RE1,PWRCSP,2045,0.0
RE1,PWRCSP,2046,0.0
RE1,PWRCSP,2047,0.0
RE1,PWRCSP,2048,0.0
RE1,PWRCSP,2049,0.0
RE1,PWRCSP,2050,0.0
RE1,PWRCSP,2051,0.0
RE1,PWRCSP,2052,0.0
RE1,PWRCSP,2053,0.0
RE1,PWRCSP,2054,0.0
RE1,PWRCSP,2055,0.0
RE1,PWRDSL,2022,4.42999309572
RE1,PWRDSL,2023,3.679030320120002
RE1,PWRDSL,2024,5.948296230852002
RE1,PWRDSL,2025,3.679030320120002
RE1,PWRDSL,2026,0.0
RE1,PWRDSL,2027,0.0
RE1,PWRDSL,2028,0.0
RE1,PWRDSL,2029,0.0
RE1,PWRDSL,2030,0.0
RE1,PWRDSL,2031,0.0
RE1,PWRDSL,2032,0.0
RE1,PWRDSL,2033,0.0
RE1,PWRDSL,2034,0.0
RE1,PWRDSL,2035,0.0
RE1,PWRDSL,2036,0.0
RE1,PWRDSL,2037,0.0
RE1,PWRDSL,2038,0.0
RE1,PWRDSL,2039,0.0
RE1,PWRDSL,2040,0.0
RE1,PWRDSL,2041,0.0
RE1,PWRDSL,2042,0.0
RE1,PWRDSL,2043,0.0
RE1,PWRDSL,2044,0.0
RE1,PWRDSL,2045,0.0
RE1,PWRDSL,2046,0.0
RE1,PWRDSL,2047,0.0
RE1,PWRDSL,2048,0.0
RE1,PWRDSL,2049,0.0
RE1,PWRDSL,2050,0.0
RE1,PWRDSL,2051,0.0
RE1,PWRDSL,2052,0.0
RE1,PWRDSL,2053,0.0
RE1,PWRDSL,2054,0.0
RE1,PWRDSL,2055,0.0
RE1,PWRFOL,2022,1.354645054152
RE1,PWRFOL,2023,2.188902794435999
RE1,PWRFOL,2024,1.995154849116001
RE1,PWRFOL,2025,1.354645054152
RE1,PWRFOL,2026,0.0
RE1,PWRFOL,2027,0.0
RE1,PWRFOL,2028,0.0
RE1,PWRFOL,2029,0.0
RE1,PWRFOL,2030,0.0
RE1,PWRFOL,2031,0.0
RE1,PWRFOL,2032,0.0
RE1,PWRFOL,2033,0.0
RE1,PWRFOL,2034,0.0
RE1,PWRFOL,2035,0.0
RE1,PWRFOL,2036,0.0
RE1,PWRFOL,2037,0.0
RE1,PWRFOL,2038,0.0
RE1,PWRFOL,2039,0.0
RE1,PWRFOL,2040,0.0
RE1,PWRFOL,2041,0.0
RE1,PWRFOL,2042,0.0
RE1,PWRFOL,2043,0.0
RE1,PWRFOL,2044,0.0
RE1,PWRFOL,2045,0.0
RE1,PWRFOL,2046,0.0
RE1,PWRFOL,2047,0.0
RE1,PWRFOL,2048,0.0
RE1,PWRFOL,2049,0.0
RE1,PWRFOL,2050,0.0
RE1,PWRFOL,2051,0.0
RE1,PWRFOL,2052,0.0
RE1,PWRFOL,2053,0.0
RE1,PWRFOL,2054,0.0
RE1,PWRFOL,2055,0.0
RE1,PWRGEO,2022,0.0
RE1,PWRGEO,2023,0.0
RE1,PWRGEO,2024,0.0
RE1,PWRGEO,2025,0.0
RE1,PWRGEO,2026,0.0
RE1,PWRGEO,2027,0.0
RE1,PWRGEO,2028,0.0
RE1,PWRGEO,2029,0.0
RE1,PWRGEO,2030,0.0
RE1,PWRGEO,2031,0.0
RE1,PWRGEO,2032,0.0
RE1,PWRGEO,2033,0.0
RE1,PWRGEO,2034,0.0
RE1,PWRGEO,2035,0.0
RE1,PWRGEO,2036,0.0
RE1,PWRGEO,2037,0.0
RE1,PWRGEO,2038,0.0
RE1,PWRGEO,2039,0.0
RE1,PWRGEO,2040,0.0
RE1,PWRGEO,2041,0.0
RE1,PWRGEO,2042,0.0
RE1,PWRGEO,2043,0.0
RE1,PWRGEO,2044,0.0
RE1,PWRGEO,2045,0.0
RE1,PWRGEO,2046,0.0
RE1,PWRGEO,2047,0.0
RE1,PWRGEO,2048,0.0
RE1,PWRGEO,2049,0.0
RE1,PWRGEO,2050,0.0
RE1,PWRGEO,2051,0.0
RE1,PWRGEO,2052,0.0
RE1,PWRGEO,2053,0.0
RE1,PWRGEO,2054,0.0
RE1,PWRGEO,2055,0.0
RE1,PWRHYDDAM,2022,202.0537857514676
RE1,PWRHYDDAM,2023,190.556365640401
RE1,PWRHYDDAM,2024,174.1369918497477
RE1,PWRHYDDAM,2025,174.1369918497477
RE1,PWRHYDDAM,2026,0.0
RE1,PWRHYDDAM,2027,0.0
RE1,PWRHYDDAM,2028,0.0
RE1,PWRHYDDAM,2029,0.0
RE1,PWRHYDDAM,2030,0.0
RE1,PWRHYDDAM,2031,0.0
RE1,PWRHYDDAM,2032,0.0
RE1,PWRHYDDAM,2033,0.0
RE1,PWRHYDDAM,2034,0.0
RE1,PWRHYDDAM,2035,0.0
RE1,PWRHYDDAM,2036,0.0
RE1,PWRHYDDAM,2037,0.0
RE1,PWRHYDDAM,2038,0.0
RE1,PWRHYDDAM,2039,0.0
RE1,PWRHYDDAM,2040,0.0
RE1,PWRHYDDAM,2041,0.0
RE1,PWRHYDDAM,2042,0.0
RE1,PWRHYDDAM,2043,0.0
RE1,PWRHYDDAM,2044,0.0
RE1,PWRHYDDAM,2045,0.0
RE1,PWRHYDDAM,2046,0.0
RE1,PWRHYDDAM,2047,0.0
RE1,PWRHYDDAM,2048,0.0
RE1,PWRHYDDAM,2049,0.0
RE1,PWRHYDDAM,2050,0.0
RE1,PWRHYDDAM,2051,0.0
RE1,PWRHYDDAM,2052,0.0
RE1,PWRHYDDAM,2053,0.0
RE1,PWRHYDDAM,2054,0.0
RE1,PWRHYDDAM,2055,0.0
RE1,PWRHYDROR,2022,11.26594032246
RE1,PWRHYDROR,2023,9.572786342676014
RE1,PWRHYDROR,2024,8.085651662664004
RE1,PWRHYDROR,2025,8.085651662664004
RE1,PWRHYDROR,2026,0.0
RE1,PWRHYDROR,2027,0.0
RE1,PWRHYDROR,2028,0.0
RE1,PWRHYDROR,2029,0.0
RE1,PWRHYDROR,2030,0.0
RE1,PWRHYDROR,2031,0.0
RE1,PWRHYDROR,2032,0.0
RE1,PWRHYDROR,2033,0.0
RE1,PWRHYDROR,2034,0.0
RE1,PWRHYDROR,2035,0.0
RE1,PWRHYDROR,2036,0.0
RE1,PWRHYDROR,2037,0.0
RE1,PWRHYDROR,2038,0.0
RE1,PWRHYDROR,2039,0.0
RE1,PWRHYDROR,2040,0.0
RE1,PWRHYDROR,2041,0.0
RE1,PWRHYDROR,2042,0.0
RE1,PWRHYDROR,2043,0.0
RE1,PWRHYDROR,2044,0.0
RE1,PWRHYDROR,2045,0.0
RE1,PWRHYDROR,2046,0.0
RE1,PWRHYDROR,2047,0.0
RE1,PWRHYDROR,2048,0.0
RE1,PWRHYDROR,2049,0.0
RE1,PWRHYDROR,2050,0.0
RE1,PWRHYDROR,2051,0.0
RE1,PWRHYDROR,2052,0.0
RE1,PWRHYDROR,2053,0.0
RE1,PWRHYDROR,2054,0.0
RE1,PWRHYDROR,2055,0.0
RE1,PWRHYDROR_NDC,2022,17.69808904632007
RE1,PWRHYDROR_NDC,2023,14.60774868494401
RE1,PWRHYDROR_NDC,2024,13.17387237109201
RE1,PWRHYDROR_NDC,2025,13.17387237109201
RE1,PWRHYDROR_NDC,2026,0.0
RE1,PWRHYDROR_NDC,2027,0.0
RE1,PWRHYDROR_NDC,2028,0.0
RE1,PWRHYDROR_NDC,2029,0.0
RE1,PWRHYDROR_NDC,2030,0.0
RE1,PWRHYDROR_NDC,2031,0.0
RE1,PWRHYDROR_NDC,2032,0.0
RE1,PWRHYDROR_NDC,2033,0.0
RE1,PWRHYDROR_NDC,2034,0.0
RE1,PWRHYDROR_NDC,2035,0.0
RE1,PWRHYDROR_NDC,2036,0.0
RE1,PWRHYDROR_NDC,2037,0.0
RE1,PWRHYDROR_NDC,2038,0.0
RE1,PWRHYDROR_NDC,2039,0.0
RE1,PWRHYDROR_NDC,2040,0.0
RE1,PWRHYDROR_NDC,2041,0.0
RE1,PWRHYDROR_NDC,2042,0.0
RE1,PWRHYDROR_NDC,2043,0.0
RE1,PWRHYDROR_NDC,2044,0.0
RE1,PWRHYDROR_NDC,2045,0.0
RE1,PWRHYDROR_NDC,2046,0.0
RE1,PWRHYDROR_NDC,2047,0.0
RE1,PWRHYDROR_NDC,2048,0.0
RE1,PWRHYDROR_NDC,2049,0.0
RE1,PWRHYDROR_NDC,2050,0.0
RE1,PWRHYDROR_NDC,2051,0.0
RE1,PWRHYDROR_NDC,2052,0.0
RE1,PWRHYDROR_NDC,2053,0.0
RE1,PWRHYDROR_NDC,2054,0.0
RE1,PWRHYDROR_NDC,2055,0.0
RE1,PWRJET,2022,0.014762010492
RE1,PWRJET,2023,0.09643478932800001
RE1,PWRJET,2024,0.074900131056
RE1,PWRJET,2025,0.0
RE1,PWRJET,2026,0.0
RE1,PWRJET,2027,0.0
RE1,PWRJET,2028,0.0
RE1,PWRJET,2029,0.0
RE1,PWRJET,2030,0.0
RE1,PWRJET,2031,0.0
RE1,PWRJET,2032,0.0
RE1,PWRJET,2033,0.0
RE1,PWRJET,2034,0.0
RE1,PWRJET,2035,0.0
RE1,PWRJET,2036,0.0
RE1,PWRJET,2037,0.0
RE1,PWRJET,2038,0.0
RE1,PWRJET,2039,0.0
RE1,PWRJET,2040,0.0
RE1,PWRJET,2041,0.0
RE1,PWRJET,2042,0.0
RE1,PWRJET,2043,0.0
RE1,PWRJET,2044,0.0
RE1,PWRJET,2045,0.0
RE1,PWRJET,2046,0.0
RE1,PWRJET,2047,0.0
RE1,PWRJET,2048,0.0
RE1,PWRJET,2049,0.0
RE1,PWRJET,2050,0.0
RE1,PWRJET,2051,0.0
RE1,PWRJET,2052,0.0
RE1,PWRJET,2053,0.0
RE1,PWRJET,2054,0.0
RE1,PWRJET,2055,0.0
RE1,PWRLPG,2022,0.0
RE1,PWRLPG,2023,0.0
RE1,PWRLPG,2024,0.306646107408
RE1,PWRLPG,2025,0.0
RE1,PWRLPG,2026,0.0
RE1,PWRLPG,2027,0.0
RE1,PWRLPG,2028,0.0
RE1,PWRLPG,2029,0.0
RE1,PWRLPG,2030,0.0
RE1,PWRLPG,2031,0.0
RE1,PWRLPG,2032,0.0
RE1,PWRLPG,2033,0.0
RE1,PWRLPG,2034,0.0
RE1,PWRLPG,2035,0.0
RE1,PWRLPG,2036,0.0
RE1,PWRLPG,2037,0.0
RE1,PWRLPG,2038,0.0
RE1,PWRLPG,2039,0.0
RE1,PWRLPG,2040,0.0
RE1,PWRLPG,2041,0.0
RE1,PWRLPG,2042,0.0
RE1,PWRLPG,2043,0.0
RE1,PWRLPG,2044,0.0
RE1,PWRLPG,2045,0.0
RE1,PWRLPG,2046,0.0
RE1,PWRLPG,2047,0.0
RE1,PWRLPG,2048,0.0
RE1,PWRLPG,2049,0.0
RE1,PWRLPG,2050,0.0
RE1,PWRLPG,2051,0.0
RE1,PWRLPG,2052,0.0
RE1,PWRLPG,2053,0.0
RE1,PWRLPG,2054,0.0
RE1,PWRLPG,2055,0.0
RE1,PWRNGSCCS,2022,0.0
RE1,PWRNGSCCS,2023,0.0
RE1,PWRNGSCCS,2024,0.0
RE1,PWRNGSCCS,2025,0.0
RE1,PWRNGSCCS,2026,0.0
RE1,PWRNGSCCS,2027,0.0
RE1,PWRNGSCCS,2028,0.0
RE1,PWRNGSCCS,2029,0.0
RE1,PWRNGSCCS,2030,0.0
RE1,PWRNGSCCS,2031,0.0
RE1,PWRNGSCCS,2032,0.0
RE1,PWRNGSCCS,2033,0.0
RE1,PWRNGSCCS,2034,0.0
RE1,PWRNGSCCS,2035,0.0
RE1,PWRNGSCCS,2036,0.0
RE1,PWRNGSCCS,2037,0.0
RE1,PWRNGSCCS,2038,0.0
RE1,PWRNGSCCS,2039,0.0
RE1,PWRNGSCCS,2040,0.0
RE1,PWRNGSCCS,2041,0.0
RE1,PWRNGSCCS,2042,0.0
RE1,PWRNGSCCS,2043,0.0
RE1,PWRNGSCCS,2044,0.0
RE1,PWRNGSCCS,2045,0.0
RE1,PWRNGSCCS,2046,0.0
RE1,PWRNGSCCS,2047,0.0
RE1,PWRNGSCCS,2048,0.0
RE1,PWRNGSCCS,2049,0.0
RE1,PWRNGSCCS,2050,0.0
RE1,PWRNGSCCS,2051,0.0
RE1,PWRNGSCCS,2052,0.0
RE1,PWRNGSCCS,2053,0.0
RE1,PWRNGSCCS,2054,0.0
RE1,PWRNGSCCS,2055,0.0
RE1,PWRNGS_CC,2022,17.4816
RE1,PWRNGS_CC,2023,22.0428
RE1,PWRNGS_CC,2024,38.4624
RE1,PWRNGS_CC,2025,17.4816
RE1,PWRNGS_CC,2026,0.0
RE1,PWRNGS_CC,2027,0.0
RE1,PWRNGS_CC,2028,0.0
RE1,PWRNGS_CC,2029,0.0
RE1,PWRNGS_CC,2030,0.0
RE1,PWRNGS_CC,2031,0.0
RE1,PWRNGS_CC,2032,0.0
RE1,PWRNGS_CC,2033,0.0
RE1,PWRNGS_CC,2034,0.0
RE1,PWRNGS_CC,2035,0.0
RE1,PWRNGS_CC,2036,0.0
RE1,PWRNGS_CC,2037,0.0
RE1,PWRNGS_CC,2038,0.0
RE1,PWRNGS_CC,2039,0.0
RE1,PWRNGS_CC,2040,0.0
RE1,PWRNGS_CC,2041,0.0
RE1,PWRNGS_CC,2042,0.0
RE1,PWRNGS_CC,2043,0.0
RE1,PWRNGS_CC,2044,0.0
RE1,PWRNGS_CC,2045,0.0
RE1,PWRNGS_CC,2046,0.0
RE1,PWRNGS_CC,2047,0.0
RE1,PWRNGS_CC,2048,0.0
RE1,PWRNGS_CC,2049,0.0
RE1,PWRNGS_CC,2050,0.0
RE1,PWRNGS_CC,2051,0.0
RE1,PWRNGS_CC,2052,0.0
RE1,PWRNGS_CC,2053,0.0
RE1,PWRNGS_CC,2054,0.0
RE1,PWRNGS_CC,2055,0.0
RE1,PWRNGS_CS,2022,9.4788
RE1,PWRNGS_CS,2023,14.6088
RE1,PWRNGS_CS,2024,11.0412
RE1,PWRNGS_CS,2025,9.4788
RE1,PWRNGS_CS,2026,0.0
RE1,PWRNGS_CS,2027,0.0
RE1,PWRNGS_CS,2028,0.0
RE1,PWRNGS_CS,2029,0.0
RE1,PWRNGS_CS,2030,0.0
RE1,PWRNGS_CS,2031,0.0
RE1,PWRNGS_CS,2032,0.0
RE1,PWRNGS_CS,2033,0.0
RE1,PWRNGS_CS,2034,0.0
RE1,PWRNGS_CS,2035,0.0
RE1,PWRNGS_CS,2036,0.0
RE1,PWRNGS_CS,2037,0.0
RE1,PWRNGS_CS,2038,0.0
RE1,PWRNGS_CS,2039,0.0
RE1,PWRNGS_CS,2040,0.0
RE1,PWRNGS_CS,2041,0.0
RE1,PWRNGS_CS,2042,0.0
RE1,PWRNGS_CS,2043,0.0
RE1,PWRNGS_CS,2044,0.0
RE1,PWRNGS_CS,2045,0.0
RE1,PWRNGS_CS,2046,0.0
RE1,PWRNGS_CS,2047,0.0
RE1,PWRNGS_CS,2048,0.0
RE1,PWRNGS_CS,2049,0.0
RE1,PWRNGS_CS,2050,0.0
RE1,PWRNGS_CS,2051,0.0
RE1,PWRNGS_CS,2052,0.0
RE1,PWRNGS_CS,2053,0.0
RE1,PWRNGS_CS,2054,0.0
RE1,PWRNGS_CS,2055,0.0
RE1,PWRNUC,2022,0.0
RE1,PWRNUC,2023,0.0
RE1,PWRNUC,2024,0.0
RE1,PWRNUC,2025,0.0
RE1,PWRNUC,2026,0.0
RE1,PWRNUC,2027,0.0
RE1,PWRNUC,2028,0.0
RE1,PWRNUC,2029,0.0
RE1,PWRNUC,2030,0.0
RE1,PWRNUC,2031,0.0
RE1,PWRNUC,2032,0.0
RE1,PWRNUC,2033,0.0
RE1,PWRNUC,2034,0.0
RE1,PWRNUC,2035,0.0
RE1,PWRNUC,2036,0.0
RE1,PWRNUC,2037,0.0
RE1,PWRNUC,2038,0.0
RE1,PWRNUC,2039,0.0
RE1,PWRNUC,2040,0.0
RE1,PWRNUC,2041,0.0
RE1,PWRNUC,2042,0.0
RE1,PWRNUC,2043,0.0
RE1,PWRNUC,2044,0.0
RE1,PWRNUC,2045,0.0
RE1,PWRNUC,2046,0.0
RE1,PWRNUC,2047,0.0
RE1,PWRNUC,2048,0.0
RE1,PWRNUC,2049,0.0
RE1,PWRNUC,2050,0.0
RE1,PWRNUC,2051,0.0
RE1,PWRNUC,2052,0.0
RE1,PWRNUC,2053,0.0
RE1,PWRNUC,2054,0.0
RE1,PWRNUC,2055,0.0
RE1,PWRSOLRTP,2022,0.0
RE1,PWRSOLRTP,2023,5.535471599999999e-05
RE1,PWRSOLRTP,2024,0.09063469782000004
RE1,PWRSOLRTP,2025,0.296
RE1,PWRSOLRTP,2026,0.0
RE1,PWRSOLRTP,2027,0.0
RE1,PWRSOLRTP,2028,0.0
RE1,PWRSOLRTP,2029,0.0
RE1,PWRSOLRTP,2030,0.0
RE1,PWRSOLRTP,2031,0.0
RE1,PWRSOLRTP,2032,0.0
RE1,PWRSOLRTP,2033,0.0
RE1,PWRSOLRTP,2034,0.0
RE1,PWRSOLRTP,2035,0.0
RE1,PWRSOLRTP,2036,0.0
RE1,PWRSOLRTP,2037,0.0
RE1,PWRSOLRTP,2038,0.0
RE1,PWRSOLRTP,2039,0.0
RE1,PWRSOLRTP,2040,0.0
RE1,PWRSOLRTP,2041,0.0
RE1,PWRSOLRTP,2042,0.0
RE1,PWRSOLRTP,2043,0.0
RE1,PWRSOLRTP,2044,0.0
RE1,PWRSOLRTP,2045,0.0
RE1,PWRSOLRTP,2046,0.0
RE1,PWRSOLRTP,2047,0.0
RE1,PWRSOLRTP,2048,0.0
RE1,PWRSOLRTP,2049,0.0
RE1,PWRSOLRTP,2050,0.0
RE1,PWRSOLRTP,2051,0.0
RE1,PWRSOLRTP,2052,0.0
RE1,PWRSOLRTP,2053,0.0
RE1,PWRSOLRTP,2054,0.0
RE1,PWRSOLRTP,2055,0.0
RE1,PWRSOLRTP_ZNI,2022,0.0
RE1,PWRSOLRTP_ZNI,2023,0.0
RE1,PWRSOLRTP_ZNI,2024,0.0
RE1,PWRSOLRTP_ZNI,2025,0.0
RE1,PWRSOLRTP_ZNI,2026,0.0
RE1,PWRSOLRTP_ZNI,2027,0.0
RE1,PWRSOLRTP_ZNI,2028,0.0
RE1,PWRSOLRTP_ZNI,2029,0.0
RE1,PWRSOLRTP_ZNI,2030,0.0
RE1,PWRSOLRTP_ZNI,2031,0.0
RE1,PWRSOLRTP_ZNI,2032,0.0
RE1,PWRSOLRTP_ZNI,2033,0.0
RE1,PWRSOLRTP_ZNI,2034,0.0
RE1,PWRSOLRTP_ZNI,2035,0.0
RE1,PWRSOLRTP_ZNI,2036,0.0
RE1,PWRSOLRTP_ZNI,2037,0.0
RE1,PWRSOLRTP_ZNI,2038,0.0
RE1,PWRSOLRTP_ZNI,2039,0.0
RE1,PWRSOLRTP_ZNI,2040,0.0
RE1,PWRSOLRTP_ZNI,2041,0.0
RE1,PWRSOLRTP_ZNI,2042,0.0
RE1,PWRSOLRTP_ZNI,2043,0.0
RE1,PWRSOLRTP_ZNI,2044,0.0
RE1,PWRSOLRTP_ZNI,2045,0.0
RE1,PWRSOLRTP_ZNI,2046,0.0
RE1,PWRSOLRTP_ZNI,2047,0.0
RE1,PWRSOLRTP_ZNI,2048,0.0
RE1,PWRSOLRTP_ZNI,2049,0.0
RE1,PWRSOLRTP_ZNI,2050,0.0
RE1,PWRSOLRTP_ZNI,2051,0.0
RE1,PWRSOLRTP_ZNI,2052,0.0
RE1,PWRSOLRTP_ZNI,2053,0.0
RE1,PWRSOLRTP_ZNI,2054,0.0
RE1,PWRSOLRTP_ZNI,2055,0.0
RE1,PWRSOLUGE,2022,0.5430617739719998
RE1,PWRSOLUGE,2023,1.458889025867999
RE1,PWRSOLUGE,2024,7.258281080832001
RE1,PWRSOLUGE,2025,9.21
RE1,PWRSOLUGE,2026,0.0
RE1,PWRSOLUGE,2027,0.0
RE1,PWRSOLUGE,2028,0.0
RE1,PWRSOLUGE,2029,0.0
RE1,PWRSOLUGE,2030,0.0
RE1,PWRSOLUGE,2031,0.0
RE1,PWRSOLUGE,2032,0.0
RE1,PWRSOLUGE,2033,0.0
RE1,PWRSOLUGE,2034,0.0
RE1,PWRSOLUGE,2035,0.0
RE1,PWRSOLUGE,2036,0.0
RE1,PWRSOLUGE,2037,0.0
RE1,PWRSOLUGE,2038,0.0
RE1,PWRSOLUGE,2039,0.0
RE1,PWRSOLUGE,2040,0.0
RE1,PWRSOLUGE,2041,0.0
RE1,PWRSOLUGE,2042,0.0
RE1,PWRSOLUGE,2043,0.0
RE1,PWRSOLUGE,2044,0.0
RE1,PWRSOLUGE,2045,0.0
RE1,PWRSOLUGE,2046,0.0
RE1,PWRSOLUGE,2047,0.0
RE1,PWRSOLUGE,2048,0.0
RE1,PWRSOLUGE,2049,0.0
RE1,PWRSOLUGE,2050,0.0
RE1,PWRSOLUGE,2051,0.0
RE1,PWRSOLUGE,2052,0.0
RE1,PWRSOLUGE,2053,0.0
RE1,PWRSOLUGE,2054,0.0
RE1,PWRSOLUGE,2055,0.0
RE1,PWRSOLUGE_BAT,2022,0.0
RE1,PWRSOLUGE_BAT,2023,0.0
RE1,PWRSOLUGE_BAT,2024,0.0
RE1,PWRSOLUGE_BAT,2025,0.0
RE1,PWRSOLUGE_BAT,2026,0.0
RE1,PWRSOLUGE_BAT,2027,0.0
RE1,PWRSOLUGE_BAT,2028,0.0
RE1,PWRSOLUGE_BAT,2029,0.0
RE1,PWRSOLUGE_BAT,2030,0.0
RE1,PWRSOLUGE_BAT,2031,0.0
RE1,PWRSOLUGE_BAT,2032,0.0
RE1,PWRSOLUGE_BAT,2033,0.0
RE1,PWRSOLUGE_BAT,2034,0.0
RE1,PWRSOLUGE_BAT,2035,0.0
RE1,PWRSOLUGE_BAT,2036,0.0
RE1,PWRSOLUGE_BAT,2037,0.0
RE1,PWRSOLUGE_BAT,2038,0.0
RE1,PWRSOLUGE_BAT,2039,0.0
RE1,PWRSOLUGE_BAT,2040,0.0
RE1,PWRSOLUGE_BAT,2041,0.0
RE1,PWRSOLUGE_BAT,2042,0.0
RE1,PWRSOLUGE_BAT,2043,0.0
RE1,PWRSOLUGE_BAT,2044,0.0
RE1,PWRSOLUGE_BAT,2045,0.0
RE1,PWRSOLUGE_BAT,2046,0.0
RE1,PWRSOLUGE_BAT,2047,0.0
RE1,PWRSOLUGE_BAT,2048,0.0
RE1,PWRSOLUGE_BAT,2049,0.0
RE1,PWRSOLUGE_BAT,2050,0.0
RE1,PWRSOLUGE_BAT,2051,0.0
RE1,PWRSOLUGE_BAT,2052,0.0
RE1,PWRSOLUGE_BAT,2053,0.0
RE1,PWRSOLUGE_BAT,2054,0.0
RE1,PWRSOLUGE_BAT,2055,0.0
RE1,PWRSOLUPE,2022,1.2636
RE1,PWRSOLUPE,2023,2.9232
RE1,PWRSOLUPE,2024,4.6332
RE1,PWRSOLUPE,2025,5.88
RE1,PWRSOLUPE,2026,0.0
RE1,PWRSOLUPE,2027,0.0
RE1,PWRSOLUPE,2028,0.0
RE1,PWRSOLUPE,2029,0.0
RE1,PWRSOLUPE,2030,0.0
RE1,PWRSOLUPE,2031,0.0
RE1,PWRSOLUPE,2032,0.0
RE1,PWRSOLUPE,2033,0.0
RE1,PWRSOLUPE,2034,0.0
RE1,PWRSOLUPE,2035,0.0
RE1,PWRSOLUPE,2036,0.0
RE1,PWRSOLUPE,2037,0.0
RE1,PWRSOLUPE,2038,0.0
RE1,PWRSOLUPE,2039,0.0
RE1,PWRSOLUPE,2040,0.0
RE1,PWRSOLUPE,2041,0.0
RE1,PWRSOLUPE,2042,0.0
RE1,PWRSOLUPE,2043,0.0
RE1,PWRSOLUPE,2044,0.0
RE1,PWRSOLUPE,2045,0.0
RE1,PWRSOLUPE,2046,0.0
RE1,PWRSOLUPE,2047,0.0
RE1,PWRSOLUPE,2048,0.0
RE1,PWRSOLUPE,2049,0.0
RE1,PWRSOLUPE,2050,0.0
RE1,PWRSOLUPE,2051,0.0
RE1,PWRSOLUPE,2052,0.0
RE1,PWRSOLUPE,2053,0.0
RE1,PWRSOLUPE,2054,0.0
RE1,PWRSOLUPE,2055,0.0
RE1,PWRSTD,2022,0.0
RE1,PWRSTD,2023,0.0
RE1,PWRSTD,2024,0.0
RE1,PWRSTD,2025,0.0
RE1,PWRSTD,2026,0.0
RE1,PWRSTD,2027,0.0
RE1,PWRSTD,2028,0.0
RE1,PWRSTD,2029,0.0
RE1,PWRSTD,2030,0.0
RE1,PWRSTD,2031,0.0
RE1,PWRSTD,2032,0.0
RE1,PWRSTD,2033,0.0
RE1,PWRSTD,2034,0.0
RE1,PWRSTD,2035,0.0
RE1,PWRSTD,2036,0.0
RE1,PWRSTD,2037,0.0
RE1,PWRSTD,2038,0.0
RE1,PWRSTD,2039,0.0
RE1,PWRSTD,2040,0.0
RE1,PWRSTD,2041,0.0
RE1,PWRSTD,2042,0.0
RE1,PWRSTD,2043,0.0
RE1,PWRSTD,2044,0.0
RE1,PWRSTD,2045,0.0
RE1,PWRSTD,2046,0.0
RE1,PWRSTD,2047,0.0
RE1,PWRSTD,2048,0.0
RE1,PWRSTD,2049,0.0
RE1,PWRSTD,2050,0.0
RE1,PWRSTD,2051,0.0
RE1,PWRSTD,2052,0.0
RE1,PWRSTD,2053,0.0
RE1,PWRSTD,2054,0.0
RE1,PWRSTD,2055,0.0
RE1,PWRWNDOFS_FIX,2022,0.0
RE1,PWRWNDOFS_FIX,2023,0.0
RE1,PWRWNDOFS_FIX,2024,0.0
RE1,PWRWNDOFS_FIX,2025,0.0
RE1,PWRWNDOFS_FIX,2026,0.0
RE1,PWRWNDOFS_FIX,2027,0.0
RE1,PWRWNDOFS_FIX,2028,0.0
RE1,PWRWNDOFS_FIX,2029,0.0
RE1,PWRWNDOFS_FIX,2030,0.0
RE1,PWRWNDOFS_FIX,2031,0.0
RE1,PWRWNDOFS_FIX,2032,0.0
RE1,PWRWNDOFS_FIX,2033,0.0
RE1,PWRWNDOFS_FIX,2034,0.0
RE1,PWRWNDOFS_FIX,2035,0.0
RE1,PWRWNDOFS_FIX,2036,0.0
RE1,PWRWNDOFS_FIX,2037,0.0
RE1,PWRWNDOFS_FIX,2038,0.0
RE1,PWRWNDOFS_FIX,2039,0.0
RE1,PWRWNDOFS_FIX,2040,0.0
RE1,PWRWNDOFS_FIX,2041,0.0
RE1,PWRWNDOFS_FIX,2042,0.0
RE1,PWRWNDOFS_FIX,2043,0.0
RE1,PWRWNDOFS_FIX,2044,0.0
RE1,PWRWNDOFS_FIX,2045,0.0
RE1,PWRWNDOFS_FIX,2046,0.0
RE1,PWRWNDOFS_FIX,2047,0.0
RE1,PWRWNDOFS_FIX,2048,0.0
RE1,PWRWNDOFS_FIX,2049,0.0
RE1,PWRWNDOFS_FIX,2050,0.0
RE1,PWRWNDOFS_FIX,2051,0.0
RE1,PWRWNDOFS_FIX,2052,0.0
RE1,PWRWNDOFS_FIX,2053,0.0
RE1,PWRWNDOFS_FIX,2054,0.0
RE1,PWRWNDOFS_FIX,2055,0.0
RE1,PWRWNDOFS_FLO,2022,0.0
RE1,PWRWNDOFS_FLO,2023,0.0
RE1,PWRWNDOFS_FLO,2024,0.0
RE1,PWRWNDOFS_FLO,2025,0.0
RE1,PWRWNDOFS_FLO,2026,0.0
RE1,PWRWNDOFS_FLO,2027,0.0
RE1,PWRWNDOFS_FLO,2028,0.0
RE1,PWRWNDOFS_FLO,2029,0.0
RE1,PWRWNDOFS_FLO,2030,0.0
RE1,PWRWNDOFS_FLO,2031,0.0
RE1,PWRWNDOFS_FLO,2032,0.0
RE1,PWRWNDOFS_FLO,2033,0.0
RE1,PWRWNDOFS_FLO,2034,0.0
RE1,PWRWNDOFS_FLO,2035,0.0
RE1,PWRWNDOFS_FLO,2036,0.0
RE1,PWRWNDOFS_FLO,2037,0.0
RE1,PWRWNDOFS_FLO,2038,0.0
RE1,PWRWNDOFS_FLO,2039,0.0
RE1,PWRWNDOFS_FLO,2040,0.0
RE1,PWRWNDOFS_FLO,2041,0.0
RE1,PWRWNDOFS_FLO,2042,0.0
RE1,PWRWNDOFS_FLO,2043,0.0
RE1,PWRWNDOFS_FLO,2044,0.0
RE1,PWRWNDOFS_FLO,2045,0.0
RE1,PWRWNDOFS_FLO,2046,0.0
RE1,PWRWNDOFS_FLO,2047,0.0
RE1,PWRWNDOFS_FLO,2048,0.0
RE1,PWRWNDOFS_FLO,2049,0.0
RE1,PWRWNDOFS_FLO,2050,0.0
RE1,PWRWNDOFS_FLO,2051,0.0
RE1,PWRWNDOFS_FLO,2052,0.0
RE1,PWRWNDOFS_FLO,2053,0.0
RE1,PWRWNDOFS_FLO,2054,0.0
RE1,PWRWNDOFS_FLO,2055,0.0
RE1,PWRWNDONS,2022,0.2674800000000001
RE1,PWRWNDONS,2023,0.7308000000000001
RE1,PWRWNDONS,2024,0.5327999999999999
RE1,PWRWNDONS,2025,0.5327999999999999
RE1,PWRWNDONS,2026,0.0
RE1,PWRWNDONS,2027,0.0
RE1,PWRWNDONS,2028,0.0
RE1,PWRWNDONS,2029,0.0
RE1,PWRWNDONS,2030,0.0
RE1,PWRWNDONS,2031,0.0
RE1,PWRWNDONS,2032,0.0
RE1,PWRWNDONS,2033,0.0
RE1,PWRWNDONS,2034,0.0
RE1,PWRWNDONS,2035,0.0
RE1,PWRWNDONS,2036,0.0
RE1,PWRWNDONS,2037,0.0
RE1,PWRWNDONS,2038,0.0
RE1,PWRWNDONS,2039,0.0
RE1,PWRWNDONS,2040,0.0
RE1,PWRWNDONS,2041,0.0
RE1,PWRWNDONS,2042,0.0
RE1,PWRWNDONS,2043,0.0
RE1,PWRWNDONS,2044,0.0
RE1,PWRWNDONS,2045,0.0
RE1,PWRWNDONS,2046,0.0
RE1,PWRWNDONS,2047,0.0
RE1,PWRWNDONS,2048,0.0
RE1,PWRWNDONS,2049,0.0
RE1,PWRWNDONS,2050,0.0
RE1,PWRWNDONS,2051,0.0
RE1,PWRWNDONS,2052,0.0
RE1,PWRWNDONS,2053,0.0
RE1,PWRWNDONS,2054,0.0
RE1,PWRWNDONS,2055,0.0
RE1,UPSALK,2022,0.0
RE1,UPSALK,2023,0.0
RE1,UPSALK,2024,0.0
RE1,UPSALK,2025,0.0725328
RE1,UPSALK,2026,0.0725328
RE1,UPSALK,2027,2.184
RE1,UPSALK,2028,2.496
RE1,UPSALK,2029,2.808
RE1,UPSALK,2030,3.12
RE1,UPSALK,2031,3.432
RE1,UPSALK,2032,3.744
RE1,UPSALK,2033,4.056
RE1,UPSALK,2034,4.368
RE1,UPSALK,2035,4.68
RE1,UPSALK,2036,4.992000000000001
RE1,UPSALK,2037,5.304
RE1,UPSALK,2038,5.616
RE1,UPSALK,2039,5.928000000000001
RE1,UPSALK,2040,6.24
RE1,UPSALK,2041,6.24
RE1,UPSALK,2042,6.24
RE1,UPSALK,2043,6.24
RE1,UPSALK,2044,6.24
RE1,UPSALK,2045,6.24
RE1,UPSALK,2046,6.24
RE1,UPSALK,2047,6.24
RE1,UPSALK,2048,6.24
RE1,UPSALK,2049,6.24
RE1,UPSALK,2050,6.24
RE1,UPSALK,2051,6.24
RE1,UPSALK,2052,6.24
RE1,UPSALK,2053,6.24
RE1,UPSALK,2054,6.24
RE1,UPSALK,2055,6.24
RE1,UPSATJ,2022,0.0
RE1,UPSATJ,2023,0.0
RE1,UPSATJ,2024,0.0
RE1,UPSATJ,2025,0.0
RE1,UPSATJ,2026,0.0
RE1,UPSATJ,2027,0.0
RE1,UPSATJ,2028,0.0
RE1,UPSATJ,2029,0.0
RE1,UPSATJ,2030,0.0
RE1,UPSATJ,2031,0.0
RE1,UPSATJ,2032,0.0
RE1,UPSATJ,2033,0.0
RE1,UPSATJ,2034,0.0
RE1,UPSATJ,2035,0.0
RE1,UPSATJ,2036,0.0
RE1,UPSATJ,2037,0.0
RE1,UPSATJ,2038,0.0
RE1,UPSATJ,2039,0.0
RE1,UPSATJ,2040,0.0
RE1,UPSATJ,2041,0.0
RE1,UPSATJ,2042,0.0
RE1,UPSATJ,2043,0.0
RE1,UPSATJ,2044,0.0
RE1,UPSATJ,2045,0.0
RE1,UPSATJ,2046,0.0
RE1,UPSATJ,2047,0.0
RE1,UPSATJ,2048,0.0
RE1,UPSATJ,2049,0.0
RE1,UPSATJ,2050,0.0
RE1,UPSATJ,2051,0.0
RE1,UPSATJ,2052,0.0
RE1,UPSATJ,2053,0.0
RE1,UPSATJ,2054,0.0
RE1,UPSATJ,2055,0.0
RE1,UPSBDB,2022,0.0
RE1,UPSBDB,2023,0.0
RE1,UPSBDB,2024,0.0
RE1,UPSBDB,2025,0.0
RE1,UPSBDB,2026,0.0
RE1,UPSBDB,2027,0.0
RE1,UPSBDB,2028,0.0
RE1,UPSBDB,2029,0.0
RE1,UPSBDB,2030,0.0
RE1,UPSBDB,2031,0.0
RE1,UPSBDB,2032,0.0
RE1,UPSBDB,2033,0.0
RE1,UPSBDB,2034,0.0
RE1,UPSBDB,2035,0.0
RE1,UPSBDB,2036,0.0
RE1,UPSBDB,2037,0.0
RE1,UPSBDB,2038,0.0
RE1,UPSBDB,2039,0.0
RE1,UPSBDB,2040,0.0
RE1,UPSBDB,2041,0.0
RE1,UPSBDB,2042,0.0
RE1,UPSBDB,2043,0.0
RE1,UPSBDB,2044,0.0
RE1,UPSBDB,2045,0.0
RE1,UPSBDB,2046,0.0
RE1,UPSBDB,2047,0.0
RE1,UPSBDB,2048,0.0
RE1,UPSBDB,2049,0.0
RE1,UPSBDB,2050,0.0
RE1,UPSBDB,2051,0.0
RE1,UPSBDB,2052,0.0
RE1,UPSBDB,2053,0.0
RE1,UPSBDB,2054,0.0
RE1,UPSBDB,2055,0.0
RE1,UPSBDL,2022,0.0
RE1,UPSBDL,2023,0.0
RE1,UPSBDL,2024,0.0
RE1,UPSBDL,2025,0.0
RE1,UPSBDL,2026,0.0
RE1,UPSBDL,2027,0.0
RE1,UPSBDL,2028,0.0
RE1,UPSBDL,2029,0.0
RE1,UPSBDL,2030,0.0
RE1,UPSBDL,2031,0.0
RE1,UPSBDL,2032,0.0
RE1,UPSBDL,2033,0.0
RE1,UPSBDL,2034,0.0
RE1,UPSBDL,2035,0.0
RE1,UPSBDL,2036,0.0
RE1,UPSBDL,2037,0.0
RE1,UPSBDL,2038,0.0
RE1,UPSBDL,2039,0.0
RE1,UPSBDL,2040,0.0
RE1,UPSBDL,2041,0.0
RE1,UPSBDL,2042,0.0
RE1,UPSBDL,2043,0.0
RE1,UPSBDL,2044,0.0
RE1,UPSBDL,2045,0.0
RE1,UPSBDL,2046,0.0
RE1,UPSBDL,2047,0.0
RE1,UPSBDL,2048,0.0
RE1,UPSBDL,2049,0.0
RE1,UPSBDL,2050,0.0
RE1,UPSBDL,2051,0.0
RE1,UPSBDL,2052,0.0
RE1,UPSBDL,2053,0.0
RE1,UPSBDL,2054,0.0
RE1,UPSBDL,2055,0.0
RE1,UPSBET,2022,0.0
RE1,UPSBET,2023,0.0
RE1,UPSBET,2024,0.0
RE1,UPSBET,2025,0.0
RE1,UPSBET,2026,0.0
RE1,UPSBET,2027,0.0
RE1,UPSBET,2028,0.0
RE1,UPSBET,2029,0.0
RE1,UPSBET,2030,0.0
RE1,UPSBET,2031,0.0
RE1,UPSBET,2032,0.0
RE1,UPSBET,2033,0.0
RE1,UPSBET,2034,0.0
RE1,UPSBET,2035,0.0
RE1,UPSBET,2036,0.0
RE1,UPSBET,2037,0.0
RE1,UPSBET,2038,0.0
RE1,UPSBET,2039,0.0
RE1,UPSBET,2040,0.0
RE1,UPSBET,2041,0.0
RE1,UPSBET,2042,0.0
RE1,UPSBET,2043,0.0
RE1,UPSBET,2044,0.0
RE1,UPSBET,2045,0.0
RE1,UPSBET,2046,0.0
RE1,UPSBET,2047,0.0
RE1,UPSBET,2048,0.0
RE1,UPSBET,2049,0.0
RE1,UPSBET,2050,0.0
RE1,UPSBET,2051,0.0
RE1,UPSBET,2052,0.0
RE1,UPSBET,2053,0.0
RE1,UPSBET,2054,0.0
RE1,UPSBET,2055,0.0
RE1,UPSBGB,2022,0.0
RE1,UPSBGB,2023,0.0
RE1,UPSBGB,2024,0.0
RE1,UPSBGB,2025,0.0
RE1,UPSBGB,2026,0.0
RE1,UPSBGB,2027,0.0
RE1,UPSBGB,2028,0.0
RE1,UPSBGB,2029,0.0
RE1,UPSBGB,2030,0.0
RE1,UPSBGB,2031,0.0
RE1,UPSBGB,2032,0.0
RE1,UPSBGB,2033,0.0
RE1,UPSBGB,2034,0.0
RE1,UPSBGB,2035,0.0
RE1,UPSBGB,2036,0.0
RE1,UPSBGB,2037,0.0
RE1,UPSBGB,2038,0.0
RE1,UPSBGB,2039,0.0
RE1,UPSBGB,2040,0.0
RE1,UPSBGB,2041,0.0
RE1,UPSBGB,2042,0.0
RE1,UPSBGB,2043,0.0
RE1,UPSBGB,2044,0.0
RE1,UPSBGB,2045,0.0
RE1,UPSBGB,2046,0.0
RE1,UPSBGB,2047,0.0
RE1,UPSBGB,2048,0.0
RE1,UPSBGB,2049,0.0
RE1,UPSBGB,2050,0.0
RE1,UPSBGB,2051,0.0
RE1,UPSBGB,2052,0.0
RE1,UPSBGB,2053,0.0
RE1,UPSBGB,2054,0.0
RE1,UPSBGB,2055,0.0
RE1,UPSBGS,2022,0.0
RE1,UPSBGS,2023,0.0
RE1,UPSBGS,2024,0.0
RE1,UPSBGS,2025,0.0
RE1,UPSBGS,2026,0.0
RE1,UPSBGS,2027,0.0
RE1,UPSBGS,2028,0.0
RE1,UPSBGS,2029,0.0
RE1,UPSBGS,2030,0.1903070478037808
RE1,UPSBGS,2031,0.4017094602472652
RE1,UPSBGS,2032,0.6357002063033101
RE1,UPSBGS,2033,0.8938504083100155
RE1,UPSBGS,2034,1.177829408562618
RE1,UPSBGS,2035,1.489386699351953
RE1,UPSBGS,2036,1.821103178735523
RE1,UPSBGS,2037,2.180804331188079
RE1,UPSBGS,2038,2.570234706421114
RE1,UPSBGS,2039,2.991216422226333
RE1,UPSBGS,2040,3.660655316356632
RE1,UPSBGS,2041,4.169310541432265
RE1,UPSBGS,2042,4.715060800215799
RE1,UPSBGS,2043,5.300026083937246
RE1,UPSBGS,2044,5.926431312300033
RE1,UPSBGS,2045,6.596611055142659
RE1,UPSBGS,2046,7.31298692388579
RE1,UPSBGS,2047,8.078144951871755
RE1,UPSBGS,2048,8.894770614319851
RE1,UPSBGS,2049,9.765682039958323
RE1,UPSBGS,2050,10.69370633994948
RE1,UPSBGS,2051,10.69370633994948
RE1,UPSBGS,2052,10.69370633994948
RE1,UPSBGS,2053,10.69370633994948
RE1,UPSBGS,2054,10.69370633994948
RE1,UPSBGS,2055,10.69370633994948
RE1,UPSBJS,2022,0.0
RE1,UPSBJS,2023,0.0
RE1,UPSBJS,2024,0.0
RE1,UPSBJS,2025,0.0
RE1,UPSBJS,2026,0.0
RE1,UPSBJS,2027,0.0
RE1,UPSBJS,2028,0.0
RE1,UPSBJS,2029,0.0
RE1,UPSBJS,2030,3.870809816510692
RE1,UPSBJS,2031,4.957098761217121
RE1,UPSBJS,2032,6.313946942292925
RE1,UPSBJS,2033,7.988289
RE1,UPSBJS,2034,10.02373625871993
RE1,UPSBJS,2035,12.45364
RE1,UPSBJS,2036,15.2923461632667
RE1,UPSBJS,2037,18.52599
RE1,UPSBJS,2038,22.10532
RE1,UPSBJS,2039,25.94361
RE1,UPSBJS,2040,29.92211625592447
RE1,UPSBJS,2041,33.90336
RE1,UPSBJS,2042,37.74949983796847
RE1,UPSBJS,2043,41.34076
RE1,UPSBJS,2044,44.58902
RE1,UPSBJS,2045,47.44356621606705
RE1,UPSBJS,2046,49.88926
RE1,UPSBJS,2047,51.93952615472046
RE1,UPSBJS,2048,53.62714
RE1,UPSBJS,2049,54.99547
RE1,UPSBJS,2050,56.0914164035978
RE1,UPSBJS,2051,56.9606232723591
RE1,UPSBJS,2052,57.64464917199052
RE1,UPSBJS,2053,58.17965157411085
RE1,UPSBJS,2054,58.59609132843015
RE1,UPSBJS,2055,58.59609132843015
RE1,UPSBMET,2022,0.0
RE1,UPSBMET,2023,0.0
RE1,UPSBMET,2024,0.0
RE1,UPSBMET,2025,0.0
RE1,UPSBMET,2026,0.0
RE1,UPSBMET,2027,0.0
RE1,UPSBMET,2028,0.0
RE1,UPSBMET,2029,0.0
RE1,UPSBMET,2030,0.0
RE1,UPSBMET,2031,0.0
RE1,UPSBMET,2032,0.0
RE1,UPSBMET,2033,0.0
RE1,UPSBMET,2034,0.0
RE1,UPSBMET,2035,0.0
RE1,UPSBMET,2036,0.0
RE1,UPSBMET,2037,0.0
RE1,UPSBMET,2038,0.0
RE1,UPSBMET,2039,0.0
RE1,UPSBMET,2040,0.0
RE1,UPSBMET,2041,0.0
RE1,UPSBMET,2042,0.0
RE1,UPSBMET,2043,0.0
RE1,UPSBMET,2044,0.0
RE1,UPSBMET,2045,0.0
RE1,UPSBMET,2046,0.0
RE1,UPSBMET,2047,0.0
RE1,UPSBMET,2048,0.0
RE1,UPSBMET,2049,0.0
RE1,UPSBMET,2050,0.0
RE1,UPSBMET,2051,0.0
RE1,UPSBMET,2052,0.0
RE1,UPSBMET,2053,0.0
RE1,UPSBMET,2054,0.0
RE1,UPSBMET,2055,0.0
RE1,UPSBMETL,2022,0.0
RE1,UPSBMETL,2023,0.0
RE1,UPSBMETL,2024,0.0
RE1,UPSBMETL,2025,0.0
RE1,UPSBMETL,2026,0.0
RE1,UPSBMETL,2027,0.0
RE1,UPSBMETL,2028,0.0
RE1,UPSBMETL,2029,0.0
RE1,UPSBMETL,2030,0.0
RE1,UPSBMETL,2031,0.0
RE1,UPSBMETL,2032,0.0
RE1,UPSBMETL,2033,0.0
RE1,UPSBMETL,2034,0.0
RE1,UPSBMETL,2035,0.0
RE1,UPSBMETL,2036,0.0
RE1,UPSBMETL,2037,0.0
RE1,UPSBMETL,2038,0.0
RE1,UPSBMETL,2039,0.0
RE1,UPSBMETL,2040,0.0
RE1,UPSBMETL,2041,0.0
RE1,UPSBMETL,2042,0.0
RE1,UPSBMETL,2043,0.0
RE1,UPSBMETL,2044,0.0
RE1,UPSBMETL,2045,0.0
RE1,UPSBMETL,2046,0.0
RE1,UPSBMETL,2047,0.0
RE1,UPSBMETL,2048,0.0
RE1,UPSBMETL,2049,0.0
RE1,UPSBMETL,2050,0.0
RE1,UPSBMETL,2051,0.0
RE1,UPSBMETL,2052,0.0
RE1,UPSBMETL,2053,0.0
RE1,UPSBMETL,2054,0.0
RE1,UPSBMETL,2055,0.0
RE1,UPSEVC,2022,0.0
RE1,UPSEVC,2023,0.0
RE1,UPSEVC,2024,0.0
RE1,UPSEVC,2025,0.0
RE1,UPSEVC,2026,0.0
RE1,UPSEVC,2027,0.0
RE1,UPSEVC,2028,0.0
RE1,UPSEVC,2029,0.0
RE1,UPSEVC,2030,0.0
RE1,UPSEVC,2031,0.0
RE1,UPSEVC,2032,0.0
RE1,UPSEVC,2033,0.0
RE1,UPSEVC,2034,0.0
RE1,UPSEVC,2035,0.0
RE1,UPSEVC,2036,0.0
RE1,UPSEVC,2037,0.0
RE1,UPSEVC,2038,0.0
RE1,UPSEVC,2039,0.0
RE1,UPSEVC,2040,0.0
RE1,UPSEVC,2041,0.0
RE1,UPSEVC,2042,0.0
RE1,UPSEVC,2043,0.0
RE1,UPSEVC,2044,0.0
RE1,UPSEVC,2045,0.0
RE1,UPSEVC,2046,0.0
RE1,UPSEVC,2047,0.0
RE1,UPSEVC,2048,0.0
RE1,UPSEVC,2049,0.0
RE1,UPSEVC,2050,0.0
RE1,UPSEVC,2051,0.0
RE1,UPSEVC,2052,0.0
RE1,UPSEVC,2053,0.0
RE1,UPSEVC,2054,0.0
RE1,UPSEVC,2055,0.0
RE1,UPSEV_FC,2022,0.0
RE1,UPSEV_FC,2023,0.0
RE1,UPSEV_FC,2024,0.0
RE1,UPSEV_FC,2025,0.0
RE1,UPSEV_FC,2026,0.0
RE1,UPSEV_FC,2027,0.0
RE1,UPSEV_FC,2028,0.0
RE1,UPSEV_FC,2029,0.0
RE1,UPSEV_FC,2030,0.0
RE1,UPSEV_FC,2031,0.0
RE1,UPSEV_FC,2032,0.0
RE1,UPSEV_FC,2033,0.0
RE1,UPSEV_FC,2034,0.0
RE1,UPSEV_FC,2035,0.0
RE1,UPSEV_FC,2036,0.0
RE1,UPSEV_FC,2037,0.0
RE1,UPSEV_FC,2038,0.0
RE1,UPSEV_FC,2039,0.0
RE1,UPSEV_FC,2040,0.0
RE1,UPSEV_FC,2041,0.0
RE1,UPSEV_FC,2042,0.0
RE1,UPSEV_FC,2043,0.0
RE1,UPSEV_FC,2044,0.0
RE1,UPSEV_FC,2045,0.0
RE1,UPSEV_FC,2046,0.0
RE1,UPSEV_FC,2047,0.0
RE1,UPSEV_FC,2048,0.0
RE1,UPSEV_FC,2049,0.0
RE1,UPSEV_FC,2050,0.0
RE1,UPSEV_FC,2051,0.0
RE1,UPSEV_FC,2052,0.0
RE1,UPSEV_FC,2053,0.0
RE1,UPSEV_FC,2054,0.0
RE1,UPSEV_FC,2055,0.0
RE1,UPSHDGRST,2022,0.0
RE1,UPSHDGRST,2023,0.0
RE1,UPSHDGRST,2024,0.0
RE1,UPSHDGRST,2025,0.0
RE1,UPSHDGRST,2026,0.0
RE1,UPSHDGRST,2027,0.0
RE1,UPSHDGRST,2028,0.0
RE1,UPSHDGRST,2029,0.0
RE1,UPSHDGRST,2030,0.0
RE1,UPSHDGRST,2031,0.0
RE1,UPSHDGRST,2032,0.0
RE1,UPSHDGRST,2033,0.0
RE1,UPSHDGRST,2034,0.0
RE1,UPSHDGRST,2035,0.0
RE1,UPSHDGRST,2036,0.0
RE1,UPSHDGRST,2037,0.0
RE1,UPSHDGRST,2038,0.0
RE1,UPSHDGRST,2039,0.0
RE1,UPSHDGRST,2040,0.0
RE1,UPSHDGRST,2041,0.0
RE1,UPSHDGRST,2042,0.0
RE1,UPSHDGRST,2043,0.0
RE1,UPSHDGRST,2044,0.0
RE1,UPSHDGRST,2045,0.0
RE1,UPSHDGRST,2046,0.0
RE1,UPSHDGRST,2047,0.0
RE1,UPSHDGRST,2048,0.0
RE1,UPSHDGRST,2049,0.0
RE1,UPSHDGRST,2050,0.0
RE1,UPSHDGRST,2051,0.0
RE1,UPSHDGRST,2052,0.0
RE1,UPSHDGRST,2053,0.0
RE1,UPSHDGRST,2054,0.0
RE1,UPSHDGRST,2055,0.0
RE1,UPSPEM,2022,0.0
RE1,UPSPEM,2023,0.0
RE1,UPSPEM,2024,0.0
RE1,UPSPEM,2025,0.0
RE1,UPSPEM,2026,0.0
RE1,UPSPEM,2027,0.0
RE1,UPSPEM,2028,0.0
RE1,UPSPEM,2029,0.0
RE1,UPSPEM,2030,0.0
RE1,UPSPEM,2031,0.0
RE1,UPSPEM,2032,0.0
RE1,UPSPEM,2033,0.0
RE1,UPSPEM,2034,0.0
RE1,UPSPEM,2035,0.0
RE1,UPSPEM,2036,0.0
RE1,UPSPEM,2037,0.0
RE1,UPSPEM,2038,0.0
RE1,UPSPEM,2039,0.0
RE1,UPSPEM,2040,0.0
RE1,UPSPEM,2041,0.0
RE1,UPSPEM,2042,0.0
RE1,UPSPEM,2043,0.0
RE1,UPSPEM,2044,0.0
RE1,UPSPEM,2045,0.0
RE1,UPSPEM,2046,0.0
RE1,UPSPEM,2047,0.0
RE1,UPSPEM,2048,0.0
RE1,UPSPEM,2049,0.0
RE1,UPSPEM,2050,0.0
RE1,UPSPEM,2051,0.0
RE1,UPSPEM,2052,0.0
RE1,UPSPEM,2053,0.0
RE1,UPSPEM,2054,0.0
RE1,UPSPEM,2055,0.0
RE1,UPSREF_BAR,2022,301.5773746992495
RE1,UPSREF_BAR,2023,296.6467715675087
RE1,UPSREF_BAR,2024,289.2178358404425
RE1,UPSREF_BAR,2025,289.2178358404425
RE1,UPSREF_BAR,2026,289.2178358404425
RE1,UPSREF_BAR,2027,289.2178358404425
RE1,UPSREF_BAR,2028,289.2178358404425
RE1,UPSREF_BAR,2029,289.2178358404425
RE1,UPSREF_BAR,2030,289.2178358404425
RE1,UPSREF_BAR,2031,0.0
RE1,UPSREF_BAR,2032,0.0
RE1,UPSREF_BAR,2033,0.0
RE1,UPSREF_BAR,2034,0.0
RE1,UPSREF_BAR,2035,0.0
RE1,UPSREF_BAR,2036,0.0
RE1,UPSREF_BAR,2037,0.0
RE1,UPSREF_BAR,2038,0.0
RE1,UPSREF_BAR,2039,0.0
RE1,UPSREF_BAR,2040,0.0
RE1,UPSREF_BAR,2041,0.0
RE1,UPSREF_BAR,2042,0.0
RE1,UPSREF_BAR,2043,0.0
RE1,UPSREF_BAR,2044,0.0
RE1,UPSREF_BAR,2045,0.0
RE1,UPSREF_BAR,2046,0.0
RE1,UPSREF_BAR,2047,0.0
RE1,UPSREF_BAR,2048,0.0
RE1,UPSREF_BAR,2049,0.0
RE1,UPSREF_BAR,2050,0.0
RE1,UPSREF_BAR,2051,0.0
RE1,UPSREF_BAR,2052,0.0
RE1,UPSREF_BAR,2053,0.0
RE1,UPSREF_BAR,2054,0.0
RE1,UPSREF_BAR,2055,0.0
RE1,UPSREF_CAR,2022,219.5788297631947
RE1,UPSREF_CAR,2023,305.5790832311901
RE1,UPSREF_CAR,2024,294.3612795678297
RE1,UPSREF_CAR,2025,294.3612795678297
RE1,UPSREF_CAR,2026,294.3612795678297
RE1,UPSREF_CAR,2027,294.3612795678297
RE1,UPSREF_CAR,2028,294.3612795678297
RE1,UPSREF_CAR,2029,294.3612795678297
RE1,UPSREF_CAR,2030,294.3612795678297
RE1,UPSREF_CAR,2031,0.0
RE1,UPSREF_CAR,2032,0.0
RE1,UPSREF_CAR,2033,0.0
RE1,UPSREF_CAR,2034,0.0
RE1,UPSREF_CAR,2035,0.0
RE1,UPSREF_CAR,2036,0.0
RE1,UPSREF_CAR,2037,0.0
RE1,UPSREF_CAR,2038,0.0
RE1,UPSREF_CAR,2039,0.0
RE1,UPSREF_CAR,2040,0.0
RE1,UPSREF_CAR,2041,0.0
RE1,UPSREF_CAR,2042,0.0
RE1,UPSREF_CAR,2043,0.0
RE1,UPSREF_CAR,2044,0.0
RE1,UPSREF_CAR,2045,0.0
RE1,UPSREF_CAR,2046,0.0
RE1,UPSREF_CAR,2047,0.0
RE1,UPSREF_CAR,2048,0.0
RE1,UPSREF_CAR,2049,0.0
RE1,UPSREF_CAR,2050,0.0
RE1,UPSREF_CAR,2051,0.0
RE1,UPSREF_CAR,2052,0.0
RE1,UPSREF_CAR,2053,0.0
RE1,UPSREF_CAR,2054,0.0
RE1,UPSREF_CAR,2055,0.0
RE1,UPSREG,2022,1.237
RE1,UPSREG,2023,32.75
RE1,UPSREG,2024,87.04
RE1,UPSREG,2025,32.75
RE1,UPSREG,2026,32.75
RE1,UPSREG,2027,32.75
RE1,UPSREG,2028,32.75
RE1,UPSREG,2029,32.75
RE1,UPSREG,2030,32.75
RE1,UPSREG,2031,32.75
RE1,UPSREG,2032,32.75
RE1,UPSREG,2033,32.75
RE1,UPSREG,2034,32.75
RE1,UPSREG,2035,32.75
RE1,UPSREG,2036,32.75
RE1,UPSREG,2037,32.75
RE1,UPSREG,2038,32.75
RE1,UPSREG,2039,0.0
RE1,UPSREG,2040,0.0
RE1,UPSREG,2041,0.0
RE1,UPSREG,2042,0.0
RE1,UPSREG,2043,0.0
RE1,UPSREG,2044,0.0
RE1,UPSREG,2045,0.0
RE1,UPSREG,2046,0.0
RE1,UPSREG,2047,0.0
RE1,UPSREG,2048,0.0
RE1,UPSREG,2049,0.0
RE1,UPSREG,2050,0.0
RE1,UPSREG,2051,0.0
RE1,UPSREG,2052,0.0
RE1,UPSREG,2053,0.0
RE1,UPSREG,2054,0.0
RE1,UPSREG,2055,0.0
RE1,UPSSAF,2022,0.0
RE1,UPSSAF,2023,0.0
RE1,UPSSAF,2024,0.0
RE1,UPSSAF,2025,0.0
RE1,UPSSAF,2026,0.0
RE1,UPSSAF,2027,0.0
RE1,UPSSAF,2028,0.0
RE1,UPSSAF,2029,0.0
RE1,UPSSAF,2030,0.0
RE1,UPSSAF,2031,0.0
RE1,UPSSAF,2032,0.0
RE1,UPSSAF,2033,0.0
RE1,UPSSAF,2034,0.0
RE1,UPSSAF,2035,0.0
RE1,UPSSAF,2036,0.0
RE1,UPSSAF,2037,0.0
RE1,UPSSAF,2038,0.0
RE1,UPSSAF,2039,0.0
RE1,UPSSAF,2040,0.0
RE1,UPSSAF,2041,0.0
RE1,UPSSAF,2042,0.0
RE1,UPSSAF,2043,0.0
RE1,UPSSAF,2044,0.0
RE1,UPSSAF,2045,0.0
RE1,UPSSAF,2046,0.0
RE1,UPSSAF,2047,0.0
RE1,UPSSAF,2048,0.0
RE1,UPSSAF,2049,0.0
RE1,UPSSAF,2050,0.0
RE1,UPSSAF,2051,0.0
RE1,UPSSAF,2052,0.0
RE1,UPSSAF,2053,0.0
RE1,UPSSAF,2054,0.0
RE1,UPSSAF,2055,0.0
RE1,UPSSMR,2022,15.6
RE1,UPSSMR,2023,15.84
RE1,UPSSMR,2024,14.51754951175448
RE1,UPSSMR,2025,13.26008481924173
RE1,UPSSMR,2026,12.06682044351397
RE1,UPSSMR,2027,10.93694890638749
RE1,UPSSMR,2028,9.869639156717579
RE1,UPSSMR,2029,8.864034809461344
RE1,UPSSMR,2030,7.919252165546151
RE1,UPSSMR,2031,7.034377973274757
RE1,UPSSMR,2032,6.208466882593767
RE1,UPSSMR,2033,5.440538531265601
RE1,UPSSMR,2034,4.72957418571729
RE1,UPSSMR,2035,4.07451283748319
RE1,UPSSMR,2036,3.474246626306763
RE1,UPSSMR,2037,2.927615419438987
RE1,UPSSMR,2038,2.433400317693406
RE1,UPSSMR,2039,1.990315773065563
RE1,UPSSMR,2040,1.596999874634945
RE1,UPSSMR,2041,1.252002162061937
RE1,UPSSMR,2042,0.9537680103846378
RE1,UPSSMR,2043,0.7006181026539059
RE1,UPSSMR,2044,0.4907205782889725
RE1,UPSSMR,2045,0.3220516970882621
RE1,UPSSMR,2046,0.1923372764466128
RE1,UPSSMR,2047,0.09895892763937902
RE1,UPSSMR,2048,0.03878681975922205
RE1,UPSSMR,2049,0.007821767131302625
RE1,UPSSMR,2050,0.0
RE1,UPSSMR,2051,0.0
RE1,UPSSMR,2052,0.0
RE1,UPSSMR,2053,0.0
RE1,UPSSMR,2054,0.0
RE1,UPSSMR,2055,0.0
RE1,UPSSMRCCS,2022,1.5612
RE1,UPSSMRCCS,2023,1.5612
RE1,UPSSMRCCS,2024,1.5612
RE1,UPSSMRCCS,2025,1.5612
RE1,UPSSMRCCS,2026,1.5612
RE1,UPSSMRCCS,2027,1.5612
RE1,UPSSMRCCS,2028,1.5612
RE1,UPSSMRCCS,2029,1.5612
RE1,UPSSMRCCS,2030,1.5612
RE1,UPSSMRCCS,2031,2.142684498957052
RE1,UPSSMRCCS,2032,2.807375748218556
RE1,UPSSMRCCS,2033,3.496969654751133
RE1,UPSSMRCCS,2034,4.144049060036394
RE1,UPSSMRCCS,2035,4.696480021874417
RE1,UPSSMRCCS,2036,5.131311877326727
RE1,UPSSMRCCS,2037,5.452205360131922
RE1,UPSSMRCCS,2038,5.677920998153366
RE1,UPSSMRCCS,2039,5.831382988712527
RE1,UPSSMRCCS,2040,5.933324101862841
RE1,UPSSMRCCS,2041,6.0
RE1,UPSSMRCCS,2042,6.043169337573683
RE1,UPSSMRCCS,2043,6.07093573835817
RE1,UPSSMRCCS,2044,6.088719375991715
RE1,UPSSMRCCS,2045,6.100078378562968
RE1,UPSSMRCCS,2046,6.107321150587336
RE1,UPSSMRCCS,2047,6.111934197680256
RE1,UPSSMRCCS,2048,6.114870252735413
RE1,UPSSMRCCS,2049,6.11673811664151
RE1,UPSSMRCCS,2050,6.117926077213337
RE1,UPSSMRCCS,2051,6.117926077213337
RE1,UPSSMRCCS,2052,6.117926077213337
RE1,UPSSMRCCS,2053,6.117926077213337
RE1,UPSSMRCCS,2054,6.117926077213337
RE1,UPSSMRCCS,2055,6.117926077213337
