REGION,TECHNOLOGY,YEAR,VALUE
RE1,AN_DEMINDAUTBOI,2022,0.0
RE1,AN_DEMINDAUTBOI,2023,0.0
RE1,AN_DEMINDAUTBOI,2024,0.0
RE1,AN_DEMINDAUTBOI,2025,0.0
RE1,AN_DEMINDAUTBOI,2026,0.0
RE1,AN_DEMINDAUTBOI,2027,0.0
RE1,AN_DEMINDAUTBOI,2028,0.0
RE1,AN_DEMINDAUTBOI,2029,0.0
RE1,AN_DEMINDAUTBOI,2030,0.0
RE1,AN_DEMINDAUTBOI,2031,0.0
RE1,AN_DEMINDAUTBOI,2032,0.0
RE1,AN_DEMINDAUTBOI,2033,0.0
RE1,AN_DEMINDAUTBOI,2034,0.0
RE1,AN_DEMINDAUTBOI,2035,0.0
RE1,AN_DEMINDAUTBOI,2036,0.0
RE1,AN_DEMINDAUTBOI,2037,0.0
RE1,AN_DEMINDAUTBOI,2038,0.0
RE1,AN_DEMINDAUTBOI,2039,0.0
RE1,AN_DEMINDAUTBOI,2040,0.0
RE1,AN_DEMINDAUTBOI,2041,0.0
RE1,AN_DEMINDAUTBOI,2042,0.0
RE1,AN_DEMINDAUTBOI,2043,0.0
RE1,AN_DEMINDAUTBOI,2044,0.0
RE1,AN_DEMINDAUTBOI,2045,0.0
RE1,AN_DEMINDAUTBOI,2046,0.0
RE1,AN_DEMINDAUTBOI,2047,0.0
RE1,AN_DEMINDAUTBOI,2048,0.0
RE1,AN_DEMINDAUTBOI,2049,0.0
RE1,AN_DEMINDAUTBOI,2050,0.0
RE1,AN_DEMINDAUTBOI,2051,0.0
RE1,AN_DEMINDAUTBOI,2052,0.0
RE1,AN_DEMINDAUTBOI,2053,0.0
RE1,AN_DEMINDAUTBOI,2054,0.0
RE1,AN_DEMINDAUTBOI,2055,0.0
RE1,AN_DEMINDAUTFUR,2022,0.0
RE1,AN_DEMINDAUTFUR,2023,0.0
RE1,AN_DEMINDAUTFUR,2024,0.0
RE1,AN_DEMINDAUTFUR,2025,0.0
RE1,AN_DEMINDAUTFUR,2026,0.0
RE1,AN_DEMINDAUTFUR,2027,0.0
RE1,AN_DEMINDAUTFUR,2028,0.0
RE1,AN_DEMINDAUTFUR,2029,0.0
RE1,AN_DEMINDAUTFUR,2030,0.0
RE1,AN_DEMINDAUTFUR,2031,0.0
RE1,AN_DEMINDAUTFUR,2032,0.0
RE1,AN_DEMINDAUTFUR,2033,0.0
RE1,AN_DEMINDAUTFUR,2034,0.0
RE1,AN_DEMINDAUTFUR,2035,0.0
RE1,AN_DEMINDAUTFUR,2036,0.0
RE1,AN_DEMINDAUTFUR,2037,0.0
RE1,AN_DEMINDAUTFUR,2038,0.0
RE1,AN_DEMINDAUTFUR,2039,0.0
RE1,AN_DEMINDAUTFUR,2040,0.0
RE1,AN_DEMINDAUTFUR,2041,0.0
RE1,AN_DEMINDAUTFUR,2042,0.0
RE1,AN_DEMINDAUTFUR,2043,0.0
RE1,AN_DEMINDAUTFUR,2044,0.0
RE1,AN_DEMINDAUTFUR,2045,0.0
RE1,AN_DEMINDAUTFUR,2046,0.0
RE1,AN_DEMINDAUTFUR,2047,0.0
RE1,AN_DEMINDAUTFUR,2048,0.0
RE1,AN_DEMINDAUTFUR,2049,0.0
RE1,AN_DEMINDAUTFUR,2050,0.0
RE1,AN_DEMINDAUTFUR,2051,0.0
RE1,AN_DEMINDAUTFUR,2052,0.0
RE1,AN_DEMINDAUTFUR,2053,0.0
RE1,AN_DEMINDAUTFUR,2054,0.0
RE1,AN_DEMINDAUTFUR,2055,0.0
RE1,AN_DEMINDCOABOI_HIG,2022,0.0
RE1,AN_DEMINDCOABOI_HIG,2023,0.0
RE1,AN_DEMINDCOABOI_HIG,2024,0.0
RE1,AN_DEMINDCOABOI_HIG,2025,0.1999440938441303
RE1,AN_DEMINDCOABOI_HIG,2026,0.2001172392200231
RE1,AN_DEMINDCOABOI_HIG,2027,0.2005177217089877
RE1,AN_DEMINDCOABOI_HIG,2028,0.2009205411447489
RE1,AN_DEMINDCOABOI_HIG,2029,0.2016019471220597
RE1,AN_DEMINDCOABOI_HIG,2030,0.2025904610781409
RE1,AN_DEMINDCOABOI_HIG,2031,0.204382448539847
RE1,AN_DEMINDCOABOI_HIG,2032,0.2062784166047752
RE1,AN_DEMINDCOABOI_HIG,2033,0.2085474871275826
RE1,AN_DEMINDCOABOI_HIG,2034,0.2122037621221557
RE1,AN_DEMINDCOABOI_HIG,2035,0.2173489495050762
RE1,AN_DEMINDCOABOI_HIG,2036,0.2237922101356261
RE1,AN_DEMINDCOABOI_HIG,2037,0.232323088964416
RE1,AN_DEMINDCOABOI_HIG,2038,0.2437326055060982
RE1,AN_DEMINDCOABOI_HIG,2039,0.2582775135319874
RE1,AN_DEMINDCOABOI_HIG,2040,0.2769974470134327
RE1,AN_DEMINDCOABOI_HIG,2041,0.2998892194003026
RE1,AN_DEMINDCOABOI_HIG,2042,0.3271249518452247
RE1,AN_DEMINDCOABOI_HIG,2043,0.3582782342414137
RE1,AN_DEMINDCOABOI_HIG,2044,0.3931271458498688
RE1,AN_DEMINDCOABOI_HIG,2045,0.4295258760384017
RE1,AN_DEMINDCOABOI_HIG,2046,0.4658662067509274
RE1,AN_DEMINDCOABOI_HIG,2047,0.5003677171959906
RE1,AN_DEMINDCOABOI_HIG,2048,0.5317336512003097
RE1,AN_DEMINDCOABOI_HIG,2049,0.558921832686564
RE1,AN_DEMINDCOABOI_HIG,2050,0.5816756899284387
RE1,AN_DEMINDCOABOI_HIG,2051,0.599996222688879
RE1,AN_DEMINDCOABOI_HIG,2052,0.6144053931712526
RE1,AN_DEMINDCOABOI_HIG,2053,0.6256924428722285
RE1,AN_DEMINDCOABOI_HIG,2054,0.6341305246567769
RE1,AN_DEMINDCOABOI_HIG,2055,0.0
RE1,AN_DEMINDCOABOI_LOW,2022,0.0
RE1,AN_DEMINDCOABOI_LOW,2023,0.0
RE1,AN_DEMINDCOABOI_LOW,2024,0.0
RE1,AN_DEMINDCOABOI_LOW,2025,0.198897266127669
RE1,AN_DEMINDCOABOI_LOW,2026,0.1985476922457484
RE1,AN_DEMINDCOABOI_LOW,2027,0.1981648410109683
RE1,AN_DEMINDCOABOI_LOW,2028,0.1977852401125812
RE1,AN_DEMINDCOABOI_LOW,2029,0.1974236684252293
RE1,AN_DEMINDCOABOI_LOW,2030,0.1968469170785029
RE1,AN_DEMINDCOABOI_LOW,2031,0.1967933435364468
RE1,AN_DEMINDCOABOI_LOW,2032,0.1958207022014913
RE1,AN_DEMINDCOABOI_LOW,2033,0.194191902907286
RE1,AN_DEMINDCOABOI_LOW,2034,0.1928887825440014
RE1,AN_DEMINDCOABOI_LOW,2035,0.190702804253252
RE1,AN_DEMINDCOABOI_LOW,2036,0.1880167926460335
RE1,AN_DEMINDCOABOI_LOW,2037,0.1840312109212509
RE1,AN_DEMINDCOABOI_LOW,2038,0.1792765524439931
RE1,AN_DEMINDCOABOI_LOW,2039,0.1729676681532401
RE1,AN_DEMINDCOABOI_LOW,2040,0.1648421718573347
RE1,AN_DEMINDCOABOI_LOW,2041,0.1548993011511129
RE1,AN_DEMINDCOABOI_LOW,2042,0.1431008753490267
RE1,AN_DEMINDCOABOI_LOW,2043,0.1295012963039874
RE1,AN_DEMINDCOABOI_LOW,2044,0.1146295190019499
RE1,AN_DEMINDCOABOI_LOW,2045,0.09898109939029277
RE1,AN_DEMINDCOABOI_LOW,2046,0.08332989723884673
RE1,AN_DEMINDCOABOI_LOW,2047,0.06846863143732858
RE1,AN_DEMINDCOABOI_LOW,2048,0.05517745181324799
RE1,AN_DEMINDCOABOI_LOW,2049,0.04345435105151592
RE1,AN_DEMINDCOABOI_LOW,2050,0.03355821288048684
RE1,AN_DEMINDCOABOI_LOW,2051,0.02548748583593851
RE1,AN_DEMINDCOABOI_LOW,2052,0.01924079521568883
RE1,AN_DEMINDCOABOI_LOW,2053,0.01429708531698071
RE1,AN_DEMINDCOABOI_LOW,2054,0.01065547193070814
RE1,AN_DEMINDCOABOI_LOW,2055,0.0
RE1,AN_DEMINDCOABOI_MID,2022,0.0
RE1,AN_DEMINDCOABOI_MID,2023,0.0
RE1,AN_DEMINDCOABOI_MID,2024,0.0
RE1,AN_DEMINDCOABOI_MID,2025,0.2651091191938534
RE1,AN_DEMINDCOABOI_MID,2026,0.2647302563276646
RE1,AN_DEMINDCOABOI_MID,2027,0.2643069317441806
RE1,AN_DEMINDCOABOI_MID,2028,0.2638878368741176
RE1,AN_DEMINDCOABOI_MID,2029,0.2632315579003059
RE1,AN_DEMINDCOABOI_MID,2030,0.2626366028925383
RE1,AN_DEMINDCOABOI_MID,2031,0.2624783558072555
RE1,AN_DEMINDCOABOI_MID,2032,0.2609199743619336
RE1,AN_DEMINDCOABOI_MID,2033,0.2591835478319017
RE1,AN_DEMINDCOABOI_MID,2034,0.2570980389794876
RE1,AN_DEMINDCOABOI_MID,2035,0.2544445634831061
RE1,AN_DEMINDCOABOI_MID,2036,0.2506890568613781
RE1,AN_DEMINDCOABOI_MID,2037,0.2456359850736129
RE1,AN_DEMINDCOABOI_MID,2038,0.2390354032586574
RE1,AN_DEMINDCOABOI_MID,2039,0.2303626711603483
RE1,AN_DEMINDCOABOI_MID,2040,0.2198765045502107
RE1,AN_DEMINDCOABOI_MID,2041,0.2065324015348171
RE1,AN_DEMINDCOABOI_MID,2042,0.1908011671320354
RE1,AN_DEMINDCOABOI_MID,2043,0.1727552504014962
RE1,AN_DEMINDCOABOI_MID,2044,0.1529261992139649
RE1,AN_DEMINDCOABOI_MID,2045,0.1320616247128379
RE1,AN_DEMINDCOABOI_MID,2046,0.1111933316280861
RE1,AN_DEMINDCOABOI_MID,2047,0.09137828758365904
RE1,AN_DEMINDCOABOI_MID,2048,0.07339642175158459
RE1,AN_DEMINDCOABOI_MID,2049,0.05776566427207505
RE1,AN_DEMINDCOABOI_MID,2050,0.04474428384064912
RE1,AN_DEMINDCOABOI_MID,2051,0.03407000657661168
RE1,AN_DEMINDCOABOI_MID,2052,0.02574106386963776
RE1,AN_DEMINDCOABOI_MID,2053,0.01923607842648313
RE1,AN_DEMINDCOABOI_MID,2054,0.01429392576070604
RE1,AN_DEMINDCOABOI_MID,2055,0.0
RE1,AN_DEMINDCOAFUR_HIG,2022,0.0
RE1,AN_DEMINDCOAFUR_HIG,2023,0.0
RE1,AN_DEMINDCOAFUR_HIG,2024,0.0
RE1,AN_DEMINDCOAFUR_HIG,2025,0.2403779700239795
RE1,AN_DEMINDCOAFUR_HIG,2026,0.2402970527437402
RE1,AN_DEMINDCOAFUR_HIG,2027,0.240186873574579
RE1,AN_DEMINDCOAFUR_HIG,2028,0.2406155812407335
RE1,AN_DEMINDCOAFUR_HIG,2029,0.2409245411369682
RE1,AN_DEMINDCOAFUR_HIG,2030,0.2416066648966399
RE1,AN_DEMINDCOAFUR_HIG,2031,0.2431920937873132
RE1,AN_DEMINDCOAFUR_HIG,2032,0.2443391801831357
RE1,AN_DEMINDCOAFUR_HIG,2033,0.2460408448536163
RE1,AN_DEMINDCOAFUR_HIG,2034,0.2487065563568619
RE1,AN_DEMINDCOAFUR_HIG,2035,0.252851219498165
RE1,AN_DEMINDCOAFUR_HIG,2036,0.2578479176150967
RE1,AN_DEMINDCOAFUR_HIG,2037,0.2645095848786585
RE1,AN_DEMINDCOAFUR_HIG,2038,0.2732449009085177
RE1,AN_DEMINDCOAFUR_HIG,2039,0.2846497479406208
RE1,AN_DEMINDCOAFUR_HIG,2040,0.2991247546103641
RE1,AN_DEMINDCOAFUR_HIG,2041,0.3168750230871942
RE1,AN_DEMINDCOAFUR_HIG,2042,0.3382299123707778
RE1,AN_DEMINDCOAFUR_HIG,2043,0.3624567347631826
RE1,AN_DEMINDCOAFUR_HIG,2044,0.3896118603521787
RE1,AN_DEMINDCOAFUR_HIG,2045,0.4177627261796517
RE1,AN_DEMINDCOAFUR_HIG,2046,0.4460604699431174
RE1,AN_DEMINDCOAFUR_HIG,2047,0.4729207758696859
RE1,AN_DEMINDCOAFUR_HIG,2048,0.497320809672834
RE1,AN_DEMINDCOAFUR_HIG,2049,0.5186427068461057
RE1,AN_DEMINDCOAFUR_HIG,2050,0.5362785481814508
RE1,AN_DEMINDCOAFUR_HIG,2051,0.5506384157477686
RE1,AN_DEMINDCOAFUR_HIG,2052,0.5619281759834014
RE1,AN_DEMINDCOAFUR_HIG,2053,0.570557735679275
RE1,AN_DEMINDCOAFUR_HIG,2054,0.5771604963753093
RE1,AN_DEMINDCOAFUR_HIG,2055,0.0
RE1,AN_DEMINDCOAFUR_LOW,2022,0.0
RE1,AN_DEMINDCOAFUR_LOW,2023,0.0
RE1,AN_DEMINDCOAFUR_LOW,2024,0.0
RE1,AN_DEMINDCOAFUR_LOW,2025,0.05978525841076678
RE1,AN_DEMINDCOAFUR_LOW,2026,0.05971392056185489
RE1,AN_DEMINDCOAFUR_LOW,2027,0.05963543950053759
RE1,AN_DEMINDCOAFUR_LOW,2028,0.05938335010979673
RE1,AN_DEMINDCOAFUR_LOW,2029,0.05935822028012259
RE1,AN_DEMINDCOAFUR_LOW,2030,0.05911870814803082
RE1,AN_DEMINDCOAFUR_LOW,2031,0.05899926535668543
RE1,AN_DEMINDCOAFUR_LOW,2032,0.05872353406082086
RE1,AN_DEMINDCOAFUR_LOW,2033,0.05818118229677521
RE1,AN_DEMINDCOAFUR_LOW,2034,0.05777203368421339
RE1,AN_DEMINDCOAFUR_LOW,2035,0.05721450952148259
RE1,AN_DEMINDCOAFUR_LOW,2036,0.05636580075051797
RE1,AN_DEMINDCOAFUR_LOW,2037,0.05511470048982118
RE1,AN_DEMINDCOAFUR_LOW,2038,0.053665790133457
RE1,AN_DEMINDCOAFUR_LOW,2039,0.05181034980501946
RE1,AN_DEMINDCOAFUR_LOW,2040,0.04934227642785609
RE1,AN_DEMINDCOAFUR_LOW,2041,0.04626211577371181
RE1,AN_DEMINDCOAFUR_LOW,2042,0.04276470156412134
RE1,AN_DEMINDCOAFUR_LOW,2043,0.03865932441887219
RE1,AN_DEMINDCOAFUR_LOW,2044,0.0341549504875663
RE1,AN_DEMINDCOAFUR_LOW,2045,0.02944583092015165
RE1,AN_DEMINDCOAFUR_LOW,2046,0.02473570891985206
RE1,AN_DEMINDCOAFUR_LOW,2047,0.0202329977576054
RE1,AN_DEMINDCOAFUR_LOW,2048,0.01614147245856774
RE1,AN_DEMINDCOAFUR_LOW,2049,0.01246049827397103
RE1,AN_DEMINDCOAFUR_LOW,2050,0.009598283230970363
RE1,AN_DEMINDCOAFUR_LOW,2051,0.007145845217342196
RE1,AN_DEMINDCOAFUR_LOW,2052,0.00530698604270557
RE1,AN_DEMINDCOAFUR_LOW,2053,0.00367311847003825
RE1,AN_DEMINDCOAFUR_LOW,2054,0.002652204472562395
RE1,AN_DEMINDCOAFUR_LOW,2055,0.0
RE1,AN_DEMINDCOAFUR_MID,2022,0.0
RE1,AN_DEMINDCOAFUR_MID,2023,0.0
RE1,AN_DEMINDCOAFUR_MID,2024,0.0
RE1,AN_DEMINDCOAFUR_MID,2025,0.2991324481173193
RE1,AN_DEMINDCOAFUR_MID,2026,0.2985696028092745
RE1,AN_DEMINDCOAFUR_MID,2027,0.2979715580561344
RE1,AN_DEMINDCOAFUR_MID,2028,0.2973277079891899
RE1,AN_DEMINDCOAFUR_MID,2029,0.2965857096349378
RE1,AN_DEMINDCOAFUR_MID,2030,0.2957988140323348
RE1,AN_DEMINDCOAFUR_MID,2031,0.2952018991365863
RE1,AN_DEMINDCOAFUR_MID,2032,0.2936176703041043
RE1,AN_DEMINDCOAFUR_MID,2033,0.2913156381197688
RE1,AN_DEMINDCOAFUR_MID,2034,0.288860168421067
RE1,AN_DEMINDCOAFUR_MID,2035,0.2860725476074129
RE1,AN_DEMINDCOAFUR_MID,2036,0.2816240372044062
RE1,AN_DEMINDCOAFUR_MID,2037,0.2757783898115216
RE1,AN_DEMINDCOAFUR_MID,2038,0.268328950667285
RE1,AN_DEMINDCOAFUR_MID,2039,0.2588469650337731
RE1,AN_DEMINDCOAFUR_MID,2040,0.2467113821392805
RE1,AN_DEMINDCOAFUR_MID,2041,0.2317199781231936
RE1,AN_DEMINDCOAFUR_MID,2042,0.2138235078206066
RE1,AN_DEMINDCOAFUR_MID,2043,0.1932966220943609
RE1,AN_DEMINDCOAFUR_MID,2044,0.1707747524378316
RE1,AN_DEMINDCOAFUR_MID,2045,0.1470246696638128
RE1,AN_DEMINDCOAFUR_MID,2046,0.1234741172528153
RE1,AN_DEMINDCOAFUR_MID,2047,0.1009606150733037
RE1,AN_DEMINDCOAFUR_MID,2048,0.08050303985665432
RE1,AN_DEMINDCOAFUR_MID,2049,0.06271103229687058
RE1,AN_DEMINDCOAFUR_MID,2050,0.04778719736270354
RE1,AN_DEMINDCOAFUR_MID,2051,0.03572922608671097
RE1,AN_DEMINDCOAFUR_MID,2052,0.02612670051793512
RE1,AN_DEMINDCOAFUR_MID,2053,0.01877371662463995
RE1,AN_DEMINDCOAFUR_MID,2054,0.01326102236281198
RE1,AN_DEMINDCOAFUR_MID,2055,0.0
RE1,AN_DEMINDCOAOTH_LOW,2022,0.0
RE1,AN_DEMINDCOAOTH_LOW,2023,0.0
RE1,AN_DEMINDCOAOTH_LOW,2024,0.0
RE1,AN_DEMINDCOAOTH_LOW,2025,0.0
RE1,AN_DEMINDCOAOTH_LOW,2026,0.0
RE1,AN_DEMINDCOAOTH_LOW,2027,0.0
RE1,AN_DEMINDCOAOTH_LOW,2028,0.0
RE1,AN_DEMINDCOAOTH_LOW,2029,0.0
RE1,AN_DEMINDCOAOTH_LOW,2030,0.0
RE1,AN_DEMINDCOAOTH_LOW,2031,0.0
RE1,AN_DEMINDCOAOTH_LOW,2032,0.0
RE1,AN_DEMINDCOAOTH_LOW,2033,0.0
RE1,AN_DEMINDCOAOTH_LOW,2034,0.0
RE1,AN_DEMINDCOAOTH_LOW,2035,0.0
RE1,AN_DEMINDCOAOTH_LOW,2036,0.0
RE1,AN_DEMINDCOAOTH_LOW,2037,0.0
RE1,AN_DEMINDCOAOTH_LOW,2038,0.0
RE1,AN_DEMINDCOAOTH_LOW,2039,0.0
RE1,AN_DEMINDCOAOTH_LOW,2040,0.0
RE1,AN_DEMINDCOAOTH_LOW,2041,0.0
RE1,AN_DEMINDCOAOTH_LOW,2042,0.0
RE1,AN_DEMINDCOAOTH_LOW,2043,0.0
RE1,AN_DEMINDCOAOTH_LOW,2044,0.0
RE1,AN_DEMINDCOAOTH_LOW,2045,0.0
RE1,AN_DEMINDCOAOTH_LOW,2046,0.0
RE1,AN_DEMINDCOAOTH_LOW,2047,0.0
RE1,AN_DEMINDCOAOTH_LOW,2048,0.0
RE1,AN_DEMINDCOAOTH_LOW,2049,0.0
RE1,AN_DEMINDCOAOTH_LOW,2050,0.0
RE1,AN_DEMINDCOAOTH_LOW,2051,0.0
RE1,AN_DEMINDCOAOTH_LOW,2052,0.0
RE1,AN_DEMINDCOAOTH_LOW,2053,0.0
RE1,AN_DEMINDCOAOTH_LOW,2054,0.0
RE1,AN_DEMINDCOAOTH_LOW,2055,0.0
RE1,AN_DEMINDNGSBOI_HIG,2022,0.0
RE1,AN_DEMINDNGSBOI_HIG,2023,0.0
RE1,AN_DEMINDNGSBOI_HIG,2024,0.0
RE1,AN_DEMINDNGSBOI_HIG,2025,0.1036105249516447
RE1,AN_DEMINDNGSBOI_HIG,2026,0.1036984398372993
RE1,AN_DEMINDNGSBOI_HIG,2027,0.1038482356906784
RE1,AN_DEMINDNGSBOI_HIG,2028,0.1040244799938321
RE1,AN_DEMINDNGSBOI_HIG,2029,0.1043564280489014
RE1,AN_DEMINDNGSBOI_HIG,2030,0.1047956340214421
RE1,AN_DEMINDNGSBOI_HIG,2031,0.1054391700627289
RE1,AN_DEMINDNGSBOI_HIG,2032,0.1064141708555965
RE1,AN_DEMINDNGSBOI_HIG,2033,0.1076495607428284
RE1,AN_DEMINDNGSBOI_HIG,2034,0.1096970351359403
RE1,AN_DEMINDNGSBOI_HIG,2035,0.1124666386000019
RE1,AN_DEMINDNGSBOI_HIG,2036,0.1158082481847623
RE1,AN_DEMINDNGSBOI_HIG,2037,0.1202381423127491
RE1,AN_DEMINDNGSBOI_HIG,2038,0.1261669857629226
RE1,AN_DEMINDNGSBOI_HIG,2039,0.133725039972076
RE1,AN_DEMINDNGSBOI_HIG,2040,0.1434536910746226
RE1,AN_DEMINDNGSBOI_HIG,2041,0.1553563211624899
RE1,AN_DEMINDNGSBOI_HIG,2042,0.1695429800686848
RE1,AN_DEMINDNGSBOI_HIG,2043,0.1857732907333514
RE1,AN_DEMINDNGSBOI_HIG,2044,0.2039282165545667
RE1,AN_DEMINDNGSBOI_HIG,2045,0.2228656375988316
RE1,AN_DEMINDNGSBOI_HIG,2046,0.2417692661196541
RE1,AN_DEMINDNGSBOI_HIG,2047,0.259732352243228
RE1,AN_DEMINDNGSBOI_HIG,2048,0.2760713975496789
RE1,AN_DEMINDNGSBOI_HIG,2049,0.2902370756507485
RE1,AN_DEMINDNGSBOI_HIG,2050,0.3021094530966317
RE1,AN_DEMINDNGSBOI_HIG,2051,0.3116874154306343
RE1,AN_DEMINDNGSBOI_HIG,2052,0.319239859608065
RE1,AN_DEMINDNGSBOI_HIG,2053,0.3251660157050176
RE1,AN_DEMINDNGSBOI_HIG,2054,0.3296089588442884
RE1,AN_DEMINDNGSBOI_HIG,2055,0.0
RE1,AN_DEMINDNGSBOI_LOW,2022,0.0
RE1,AN_DEMINDNGSBOI_LOW,2023,0.0
RE1,AN_DEMINDNGSBOI_LOW,2024,0.0
RE1,AN_DEMINDNGSBOI_LOW,2025,0.0
RE1,AN_DEMINDNGSBOI_LOW,2026,0.0
RE1,AN_DEMINDNGSBOI_LOW,2027,0.0
RE1,AN_DEMINDNGSBOI_LOW,2028,0.0
RE1,AN_DEMINDNGSBOI_LOW,2029,0.0
RE1,AN_DEMINDNGSBOI_LOW,2030,0.0
RE1,AN_DEMINDNGSBOI_LOW,2031,0.0
RE1,AN_DEMINDNGSBOI_LOW,2032,0.0
RE1,AN_DEMINDNGSBOI_LOW,2033,0.0
RE1,AN_DEMINDNGSBOI_LOW,2034,0.0
RE1,AN_DEMINDNGSBOI_LOW,2035,0.0
RE1,AN_DEMINDNGSBOI_LOW,2036,0.0
RE1,AN_DEMINDNGSBOI_LOW,2037,0.0
RE1,AN_DEMINDNGSBOI_LOW,2038,0.0
RE1,AN_DEMINDNGSBOI_LOW,2039,0.0
RE1,AN_DEMINDNGSBOI_LOW,2040,0.0
RE1,AN_DEMINDNGSBOI_LOW,2041,0.0
RE1,AN_DEMINDNGSBOI_LOW,2042,0.0
RE1,AN_DEMINDNGSBOI_LOW,2043,0.0
RE1,AN_DEMINDNGSBOI_LOW,2044,0.0
RE1,AN_DEMINDNGSBOI_LOW,2045,0.0
RE1,AN_DEMINDNGSBOI_LOW,2046,0.0
RE1,AN_DEMINDNGSBOI_LOW,2047,0.0
RE1,AN_DEMINDNGSBOI_LOW,2048,0.0
RE1,AN_DEMINDNGSBOI_LOW,2049,0.0
RE1,AN_DEMINDNGSBOI_LOW,2050,0.0
RE1,AN_DEMINDNGSBOI_LOW,2051,0.0
RE1,AN_DEMINDNGSBOI_LOW,2052,0.0
RE1,AN_DEMINDNGSBOI_LOW,2053,0.0
RE1,AN_DEMINDNGSBOI_LOW,2054,0.0
RE1,AN_DEMINDNGSBOI_LOW,2055,0.0
RE1,AN_DEMINDNGSBOI_MID,2022,0.0
RE1,AN_DEMINDNGSBOI_MID,2023,0.0
RE1,AN_DEMINDNGSBOI_MID,2024,0.0
RE1,AN_DEMINDNGSBOI_MID,2025,0.240311322270045
RE1,AN_DEMINDNGSBOI_MID,2026,0.240065277061251
RE1,AN_DEMINDNGSBOI_MID,2027,0.2396497746707962
RE1,AN_DEMINDNGSBOI_MID,2028,0.2390263408961005
RE1,AN_DEMINDNGSBOI_MID,2029,0.2384517345573344
RE1,AN_DEMINDNGSBOI_MID,2030,0.2376808194300749
RE1,AN_DEMINDNGSBOI_MID,2031,0.2369343706275151
RE1,AN_DEMINDNGSBOI_MID,2032,0.2356217445940774
RE1,AN_DEMINDNGSBOI_MID,2033,0.2340266420654479
RE1,AN_DEMINDNGSBOI_MID,2034,0.2324821544147911
RE1,AN_DEMINDNGSBOI_MID,2035,0.2303403271326963
RE1,AN_DEMINDNGSBOI_MID,2036,0.2268868712978015
RE1,AN_DEMINDNGSBOI_MID,2037,0.2223730137604326
RE1,AN_DEMINDNGSBOI_MID,2038,0.2164020462443277
RE1,AN_DEMINDNGSBOI_MID,2039,0.2088271836331611
RE1,AN_DEMINDNGSBOI_MID,2040,0.1992412376036424
RE1,AN_DEMINDNGSBOI_MID,2041,0.1873732325672813
RE1,AN_DEMINDNGSBOI_MID,2042,0.1731905182853019
RE1,AN_DEMINDNGSBOI_MID,2043,0.1568602113028516
RE1,AN_DEMINDNGSBOI_MID,2044,0.1389252528946949
RE1,AN_DEMINDNGSBOI_MID,2045,0.1200149703988857
RE1,AN_DEMINDNGSBOI_MID,2046,0.1010863113792629
RE1,AN_DEMINDNGSBOI_MID,2047,0.08310894725784873
RE1,AN_DEMINDNGSBOI_MID,2048,0.06675441526654007
RE1,AN_DEMINDNGSBOI_MID,2049,0.05256155606524263
RE1,AN_DEMINDNGSBOI_MID,2050,0.04066858022454656
RE1,AN_DEMINDNGSBOI_MID,2051,0.03093906291010631
RE1,AN_DEMINDNGSBOI_MID,2052,0.02337219454599883
RE1,AN_DEMINDNGSBOI_MID,2053,0.01742684504609359
RE1,AN_DEMINDNGSBOI_MID,2054,0.01296822133157856
RE1,AN_DEMINDNGSBOI_MID,2055,0.0
RE1,AN_DEMINDNGSFURCSS,2022,0.0
RE1,AN_DEMINDNGSFURCSS,2023,0.0
RE1,AN_DEMINDNGSFURCSS,2024,0.0
RE1,AN_DEMINDNGSFURCSS,2025,0.09196765916740576
RE1,AN_DEMINDNGSFURCSS,2026,0.09182766729390149
RE1,AN_DEMINDNGSFURCSS,2027,0.0916368830028335
RE1,AN_DEMINDNGSFURCSS,2028,0.09141258383308591
RE1,AN_DEMINDNGSFURCSS,2029,0.09115101041869153
RE1,AN_DEMINDNGSFURCSS,2030,0.09087156713909053
RE1,AN_DEMINDNGSFURCSS,2031,0.09057996208959183
RE1,AN_DEMINDNGSFURCSS,2032,0.09008032442273695
RE1,AN_DEMINDNGSFURCSS,2033,0.08941802560136969
RE1,AN_DEMINDNGSFURCSS,2034,0.08874046994429521
RE1,AN_DEMINDNGSFURCSS,2035,0.08793401279945906
RE1,AN_DEMINDNGSFURCSS,2036,0.08656390494243521
RE1,AN_DEMINDNGSFURCSS,2037,0.08476240527381707
RE1,AN_DEMINDNGSFURCSS,2038,0.0824692373456691
RE1,AN_DEMINDNGSFURCSS,2039,0.07955381715606556
RE1,AN_DEMINDNGSFURCSS,2040,0.07582619462457098
RE1,AN_DEMINDNGSFURCSS,2041,0.07122361923613041
RE1,AN_DEMINDNGSFURCSS,2042,0.0657317223689922
RE1,AN_DEMINDNGSFURCSS,2043,0.05943136707230747
RE1,AN_DEMINDNGSFURCSS,2044,0.052514387334858
RE1,AN_DEMINDNGSFURCSS,2045,0.04521395256232517
RE1,AN_DEMINDNGSFURCSS,2046,0.03797237887342967
RE1,AN_DEMINDNGSFURCSS,2047,0.03104974680953156
RE1,AN_DEMINDNGSFURCSS,2048,0.02475875670753908
RE1,AN_DEMINDNGSFURCSS,2049,0.01928688020657363
RE1,AN_DEMINDNGSFURCSS,2050,0.01469730009740998
RE1,AN_DEMINDNGSFURCSS,2051,0.01098910782320115
RE1,AN_DEMINDNGSFURCSS,2052,0.00803599482864492
RE1,AN_DEMINDNGSFURCSS,2053,0.005774567760103289
RE1,AN_DEMINDNGSFURCSS,2054,0.004079023279020101
RE1,AN_DEMINDNGSFURCSS,2055,0.0
RE1,AN_DEMINDNGSFUR_HIG,2022,0.0
RE1,AN_DEMINDNGSFUR_HIG,2023,0.0
RE1,AN_DEMINDNGSFUR_HIG,2024,0.0
RE1,AN_DEMINDNGSFUR_HIG,2025,0.07390371508559276
RE1,AN_DEMINDNGSFUR_HIG,2026,0.0739054398151607
RE1,AN_DEMINDNGSFUR_HIG,2027,0.07386603129558973
RE1,AN_DEMINDNGSFUR_HIG,2028,0.07397659686837842
RE1,AN_DEMINDNGSFUR_HIG,2029,0.07404441497307836
RE1,AN_DEMINDNGSFUR_HIG,2030,0.07422334109834114
RE1,AN_DEMINDNGSFUR_HIG,2031,0.07462123617826404
RE1,AN_DEMINDNGSFUR_HIG,2032,0.07496194829584403
RE1,AN_DEMINDNGSFUR_HIG,2033,0.0755211313271765
RE1,AN_DEMINDNGSFUR_HIG,2034,0.0764049152570031
RE1,AN_DEMINDNGSFUR_HIG,2035,0.07772232099048962
RE1,AN_DEMINDNGSFUR_HIG,2036,0.07925574411760078
RE1,AN_DEMINDNGSFUR_HIG,2037,0.08129885973885423
RE1,AN_DEMINDNGSFUR_HIG,2038,0.0839801241367348
RE1,AN_DEMINDNGSFUR_HIG,2039,0.08748402361307843
RE1,AN_DEMINDNGSFUR_HIG,2040,0.09193532808838022
RE1,AN_DEMINDNGSFUR_HIG,2041,0.09739767012149282
RE1,AN_DEMINDNGSFUR_HIG,2042,0.1039756335654967
RE1,AN_DEMINDNGSFUR_HIG,2043,0.1114416745525173
RE1,AN_DEMINDNGSFUR_HIG,2044,0.119808272901682
RE1,AN_DEMINDNGSFUR_HIG,2045,0.1284730251527542
RE1,AN_DEMINDNGSFUR_HIG,2046,0.1371783620891118
RE1,AN_DEMINDNGSFUR_HIG,2047,0.1454435508446478
RE1,AN_DEMINDNGSFUR_HIG,2048,0.1529513041272846
RE1,AN_DEMINDNGSFUR_HIG,2049,0.159509409916907
RE1,AN_DEMINDNGSFUR_HIG,2050,0.1649363677598231
RE1,AN_DEMINDNGSFUR_HIG,2051,0.1693578502809914
RE1,AN_DEMINDNGSFUR_HIG,2052,0.1728366700254645
RE1,AN_DEMINDNGSFUR_HIG,2053,0.1754966462744434
RE1,AN_DEMINDNGSFUR_HIG,2054,0.1775316439438133
RE1,AN_DEMINDNGSFUR_HIG,2055,0.0
RE1,AN_DEMINDNGSFUR_LOW,2022,0.0
RE1,AN_DEMINDNGSFUR_LOW,2023,0.0
RE1,AN_DEMINDNGSFUR_LOW,2024,0.0
RE1,AN_DEMINDNGSFUR_LOW,2025,0.01838085538149391
RE1,AN_DEMINDNGSFUR_LOW,2026,0.0183655334587803
RE1,AN_DEMINDNGSFUR_LOW,2027,0.01834002489359676
RE1,AN_DEMINDNGSFUR_LOW,2028,0.01825724722029151
RE1,AN_DEMINDNGSFUR_LOW,2029,0.0182428268774251
RE1,AN_DEMINDNGSFUR_LOW,2030,0.01816170113536299
RE1,AN_DEMINDNGSFUR_LOW,2031,0.01810337682431257
RE1,AN_DEMINDNGSFUR_LOW,2032,0.01801606488454739
RE1,AN_DEMINDNGSFUR_LOW,2033,0.01785845237045639
RE1,AN_DEMINDNGSFUR_LOW,2034,0.01774809398885904
RE1,AN_DEMINDNGSFUR_LOW,2035,0.01758680255989181
RE1,AN_DEMINDNGSFUR_LOW,2036,0.01732538126577124
RE1,AN_DEMINDNGSFUR_LOW,2037,0.01693988634372719
RE1,AN_DEMINDNGSFUR_LOW,2038,0.01649384746913382
RE1,AN_DEMINDNGSFUR_LOW,2039,0.01592335106050996
RE1,AN_DEMINDNGSFUR_LOW,2040,0.01516523892491419
RE1,AN_DEMINDNGSFUR_LOW,2041,0.01421955649060554
RE1,AN_DEMINDNGSFUR_LOW,2042,0.01314634447379844
RE1,AN_DEMINDNGSFUR_LOW,2043,0.0118862734144615
RE1,AN_DEMINDNGSFUR_LOW,2044,0.0105028774669716
RE1,AN_DEMINDNGSFUR_LOW,2045,0.009055367411647877
RE1,AN_DEMINDNGSFUR_LOW,2046,0.007607049410074486
RE1,AN_DEMINDNGSFUR_LOW,2047,0.006222520109602479
RE1,AN_DEMINDNGSFUR_LOW,2048,0.004964319238313674
RE1,AN_DEMINDNGSFUR_LOW,2049,0.003832246555703555
RE1,AN_DEMINDNGSFUR_LOW,2050,0.002952021814437048
RE1,AN_DEMINDNGSFUR_LOW,2051,0.00219782156464023
RE1,AN_DEMINDNGSFUR_LOW,2052,0.001632311449568499
RE1,AN_DEMINDNGSFUR_LOW,2053,0.001129806735672383
RE1,AN_DEMINDNGSFUR_LOW,2054,0.00081580465580402
RE1,AN_DEMINDNGSFUR_LOW,2055,0.0
RE1,AN_DEMINDNGSFUR_MID,2022,0.0
RE1,AN_DEMINDNGSFUR_MID,2023,0.0
RE1,AN_DEMINDNGSFUR_MID,2024,0.0
RE1,AN_DEMINDNGSFUR_MID,2025,0.09196765916740575
RE1,AN_DEMINDNGSFUR_MID,2026,0.09182766729390147
RE1,AN_DEMINDNGSFUR_MID,2027,0.0916368830028335
RE1,AN_DEMINDNGSFUR_MID,2028,0.09141258383308588
RE1,AN_DEMINDNGSFUR_MID,2029,0.09115101041869152
RE1,AN_DEMINDNGSFUR_MID,2030,0.09087156713909054
RE1,AN_DEMINDNGSFUR_MID,2031,0.09057996208959183
RE1,AN_DEMINDNGSFUR_MID,2032,0.09008032442273695
RE1,AN_DEMINDNGSFUR_MID,2033,0.08941802560136967
RE1,AN_DEMINDNGSFUR_MID,2034,0.0887404699442952
RE1,AN_DEMINDNGSFUR_MID,2035,0.08793401279945906
RE1,AN_DEMINDNGSFUR_MID,2036,0.0865639049424352
RE1,AN_DEMINDNGSFUR_MID,2037,0.08476240527381705
RE1,AN_DEMINDNGSFUR_MID,2038,0.0824692373456691
RE1,AN_DEMINDNGSFUR_MID,2039,0.07955381715606556
RE1,AN_DEMINDNGSFUR_MID,2040,0.07582619462457096
RE1,AN_DEMINDNGSFUR_MID,2041,0.07122361923613041
RE1,AN_DEMINDNGSFUR_MID,2042,0.06573172236899219
RE1,AN_DEMINDNGSFUR_MID,2043,0.05943136707230749
RE1,AN_DEMINDNGSFUR_MID,2044,0.052514387334858
RE1,AN_DEMINDNGSFUR_MID,2045,0.04521395256232516
RE1,AN_DEMINDNGSFUR_MID,2046,0.03797237887342966
RE1,AN_DEMINDNGSFUR_MID,2047,0.03104974680953156
RE1,AN_DEMINDNGSFUR_MID,2048,0.02475875670753908
RE1,AN_DEMINDNGSFUR_MID,2049,0.01928688020657363
RE1,AN_DEMINDNGSFUR_MID,2050,0.01469730009740998
RE1,AN_DEMINDNGSFUR_MID,2051,0.01098910782320115
RE1,AN_DEMINDNGSFUR_MID,2052,0.008035994828644918
RE1,AN_DEMINDNGSFUR_MID,2053,0.005774567760103289
RE1,AN_DEMINDNGSFUR_MID,2054,0.004079023279020101
RE1,AN_DEMINDNGSFUR_MID,2055,0.0
RE1,AN_DEMINDWASBOI_HIG,2022,0.0
RE1,AN_DEMINDWASBOI_HIG,2023,0.0
RE1,AN_DEMINDWASBOI_HIG,2024,0.0
RE1,AN_DEMINDWASBOI_HIG,2025,0.009453511239508989
RE1,AN_DEMINDWASBOI_HIG,2026,0.009436371749589428
RE1,AN_DEMINDWASBOI_HIG,2027,0.009429531078770134
RE1,AN_DEMINDWASBOI_HIG,2028,0.009435173315011864
RE1,AN_DEMINDWASBOI_HIG,2029,0.009464213692988591
RE1,AN_DEMINDWASBOI_HIG,2030,0.009495094735369696
RE1,AN_DEMINDWASBOI_HIG,2031,0.009522009613159873
RE1,AN_DEMINDWASBOI_HIG,2032,0.00958776209139117
RE1,AN_DEMINDWASBOI_HIG,2033,0.009663642252495502
RE1,AN_DEMINDWASBOI_HIG,2034,0.009821309213782525
RE1,AN_DEMINDWASBOI_HIG,2035,0.01005680657003036
RE1,AN_DEMINDWASBOI_HIG,2036,0.01034360214110667
RE1,AN_DEMINDWASBOI_HIG,2037,0.01072913248793947
RE1,AN_DEMINDWASBOI_HIG,2038,0.01124834249229248
RE1,AN_DEMINDWASBOI_HIG,2039,0.01191123105636296
RE1,AN_DEMINDWASBOI_HIG,2040,0.01276447431035713
RE1,AN_DEMINDWASBOI_HIG,2041,0.0138076515279349
RE1,AN_DEMINDWASBOI_HIG,2042,0.01505192831110108
RE1,AN_DEMINDWASBOI_HIG,2043,0.01647445949047975
RE1,AN_DEMINDWASBOI_HIG,2044,0.01806717229008611
RE1,AN_DEMINDWASBOI_HIG,2045,0.01972660880157152
RE1,AN_DEMINDWASBOI_HIG,2046,0.0213805973781548
RE1,AN_DEMINDWASBOI_HIG,2047,0.02294902504616492
RE1,AN_DEMINDWASBOI_HIG,2048,0.02437150592667993
RE1,AN_DEMINDWASBOI_HIG,2049,0.02559992991652208
RE1,AN_DEMINDWASBOI_HIG,2050,0.02662409981583162
RE1,AN_DEMINDWASBOI_HIG,2051,0.02744480482784329
RE1,AN_DEMINDWASBOI_HIG,2052,0.02808659847563617
RE1,AN_DEMINDWASBOI_HIG,2053,0.02858449762920725
RE1,AN_DEMINDWASBOI_HIG,2054,0.02895263885688262
RE1,AN_DEMINDWASBOI_LOW,2022,0.0
RE1,AN_DEMINDWASBOI_LOW,2023,0.0
RE1,AN_DEMINDWASBOI_LOW,2024,0.0
RE1,AN_DEMINDWASBOI_LOW,2025,0.009404016416265487
RE1,AN_DEMINDWASBOI_LOW,2026,0.009362360990769118
RE1,AN_DEMINDWASBOI_LOW,2027,0.00931888469062289
RE1,AN_DEMINDWASBOI_LOW,2028,0.009287940441435598
RE1,AN_DEMINDWASBOI_LOW,2029,0.009268064186398153
RE1,AN_DEMINDWASBOI_LOW,2030,0.009225903905243235
RE1,AN_DEMINDWASBOI_LOW,2031,0.0091684394738748
RE1,AN_DEMINDWASBOI_LOW,2032,0.009101690502474
RE1,AN_DEMINDWASBOI_LOW,2033,0.008998435338994566
RE1,AN_DEMINDWASBOI_LOW,2034,0.008927364709699
RE1,AN_DEMINDWASBOI_LOW,2035,0.00882388076456991
RE1,AN_DEMINDWASBOI_LOW,2036,0.008690074144220303
RE1,AN_DEMINDWASBOI_LOW,2037,0.008498919555053178
RE1,AN_DEMINDWASBOI_LOW,2038,0.00827367376039072
RE1,AN_DEMINDWASBOI_LOW,2039,0.007976915343806712
RE1,AN_DEMINDWASBOI_LOW,2040,0.007596184335353769
RE1,AN_DEMINDWASBOI_LOW,2041,0.00713195218051594
RE1,AN_DEMINDWASBOI_LOW,2042,0.006584469038083264
RE1,AN_DEMINDWASBOI_LOW,2043,0.005954768266740679
RE1,AN_DEMINDWASBOI_LOW,2044,0.005268095299958841
RE1,AN_DEMINDWASBOI_LOW,2045,0.004545852846935826
RE1,AN_DEMINDWASBOI_LOW,2046,0.003824366216327299
RE1,AN_DEMINDWASBOI_LOW,2047,0.003140267214953889
RE1,AN_DEMINDWASBOI_LOW,2048,0.00252900599924432
RE1,AN_DEMINDWASBOI_LOW,2049,0.001990311124794778
RE1,AN_DEMINDWASBOI_LOW,2050,0.00153600575860567
RE1,AN_DEMINDWASBOI_LOW,2051,0.001165839130094773
RE1,AN_DEMINDWASBOI_LOW,2052,0.0008795633885726097
RE1,AN_DEMINDWASBOI_LOW,2053,0.000653156364605899
RE1,AN_DEMINDWASBOI_LOW,2054,0.0004864992594804046
RE1,AN_DEMINDWASBOI_MID,2022,0.0
RE1,AN_DEMINDWASBOI_MID,2023,0.0
RE1,AN_DEMINDWASBOI_MID,2024,0.0
RE1,AN_DEMINDWASBOI_MID,2025,0.01253456398641702
RE1,AN_DEMINDWASBOI_MID,2026,0.01248314798769216
RE1,AN_DEMINDWASBOI_MID,2027,0.01242927760187302
RE1,AN_DEMINDWASBOI_MID,2028,0.01239210019266838
RE1,AN_DEMINDWASBOI_MID,2029,0.01235741891519754
RE1,AN_DEMINDWASBOI_MID,2030,0.0123093625048736
RE1,AN_DEMINDWASBOI_MID,2031,0.01222864998975589
RE1,AN_DEMINDWASBOI_MID,2032,0.01212748614348338
RE1,AN_DEMINDWASBOI_MID,2033,0.01201000845648064
RE1,AN_DEMINDWASBOI_MID,2034,0.01189912616921991
RE1,AN_DEMINDWASBOI_MID,2035,0.01177323269135766
RE1,AN_DEMINDWASBOI_MID,2036,0.01158676552562707
RE1,AN_DEMINDWASBOI_MID,2037,0.01134394794511353
RE1,AN_DEMINDWASBOI_MID,2038,0.01103156501385429
RE1,AN_DEMINDWASBOI_MID,2039,0.01062385557855404
RE1,AN_DEMINDWASBOI_MID,2040,0.01013225220680891
RE1,AN_DEMINDWASBOI_MID,2041,0.009509269574021255
RE1,AN_DEMINDWASBOI_MID,2042,0.008779292050777685
RE1,AN_DEMINDWASBOI_MID,2043,0.007943684830682234
RE1,AN_DEMINDWASBOI_MID,2044,0.007028118047899636
RE1,AN_DEMINDWASBOI_MID,2045,0.006065124719464379
RE1,AN_DEMINDWASBOI_MID,2046,0.00510313866991174
RE1,AN_DEMINDWASBOI_MID,2047,0.004191003013113364
RE1,AN_DEMINDWASBOI_MID,2048,0.003364055149938198
RE1,AN_DEMINDWASBOI_MID,2049,0.002645802812601444
RE1,AN_DEMINDWASBOI_MID,2050,0.002048007678140894
RE1,AN_DEMINDWASBOI_MID,2051,0.001558417612677707
RE1,AN_DEMINDWASBOI_MID,2052,0.001176713182009302
RE1,AN_DEMINDWASBOI_MID,2053,0.0008787921996515731
RE1,AN_DEMINDWASBOI_MID,2054,0.0006526209578395671
RE1,AN_DEMINDWASFUR_HIG,2022,0.0
RE1,AN_DEMINDWASFUR_HIG,2023,0.0
RE1,AN_DEMINDWASFUR_HIG,2024,0.0
RE1,AN_DEMINDWASFUR_HIG,2025,0.0620288291491028
RE1,AN_DEMINDWASFUR_HIG,2026,0.06185524916645242
RE1,AN_DEMINDWASFUR_HIG,2027,0.06167643773651939
RE1,AN_DEMINDWASFUR_HIG,2028,0.06167676531496953
RE1,AN_DEMINDWASFUR_HIG,2029,0.0616865340154121
RE1,AN_DEMINDWASFUR_HIG,2030,0.06175234969346381
RE1,AN_DEMINDWASFUR_HIG,2031,0.06189679180983747
RE1,AN_DEMINDWASFUR_HIG,2032,0.06204415768819585
RE1,AN_DEMINDWASFUR_HIG,2033,0.06230954453546975
RE1,AN_DEMINDWASFUR_HIG,2034,0.0628776260114343
RE1,AN_DEMINDWASFUR_HIG,2035,0.06385982552901426
RE1,AN_DEMINDWASFUR_HIG,2036,0.06503033674761474
RE1,AN_DEMINDWASFUR_HIG,2037,0.0666272881175283
RE1,AN_DEMINDWASFUR_HIG,2038,0.06874730585951978
RE1,AN_DEMINDWASFUR_HIG,2039,0.07153360290481607
RE1,AN_DEMINDWASFUR_HIG,2040,0.0750812545841133
RE1,AN_DEMINDWASFUR_HIG,2041,0.07943940749661411
RE1,AN_DEMINDWASFUR_HIG,2042,0.08469982808265729
RE1,AN_DEMINDWASFUR_HIG,2043,0.09066860448495519
RE1,AN_DEMINDWASFUR_HIG,2044,0.09736518609779483
RE1,AN_DEMINDWASFUR_HIG,2045,0.104292208821288
RE1,AN_DEMINDWASFUR_HIG,2046,0.1112417007038411
RE1,AN_DEMINDWASFUR_HIG,2047,0.1178229601620232
RE1,AN_DEMINDWASFUR_HIG,2048,0.1237796153886092
RE1,AN_DEMINDWASFUR_HIG,2049,0.1289583533616099
RE1,AN_DEMINDWASFUR_HIG,2050,0.1332138727167799
RE1,AN_DEMINDWASFUR_HIG,2051,0.1366516974074207
RE1,AN_DEMINDWASFUR_HIG,2052,0.1393262091461716
RE1,AN_DEMINDWASFUR_HIG,2053,0.1413374938047929
RE1,AN_DEMINDWASFUR_HIG,2054,0.1428477254458846
RE1,AN_DEMINDWASFUR_LOW,2022,0.0
RE1,AN_DEMINDWASFUR_LOW,2023,0.0
RE1,AN_DEMINDWASFUR_LOW,2024,0.0
RE1,AN_DEMINDWASFUR_LOW,2025,0.01542741033725541
RE1,AN_DEMINDWASFUR_LOW,2026,0.01537105591968398
RE1,AN_DEMINDWASFUR_LOW,2027,0.01531349909553992
RE1,AN_DEMINDWASFUR_LOW,2028,0.01522167820326746
RE1,AN_DEMINDWASFUR_LOW,2029,0.01519813156901457
RE1,AN_DEMINDWASFUR_LOW,2030,0.01511017562592827
RE1,AN_DEMINDWASFUR_LOW,2031,0.01501638144499015
RE1,AN_DEMINDWASFUR_LOW,2032,0.01491145302422186
RE1,AN_DEMINDWASFUR_LOW,2033,0.01473431361205113
RE1,AN_DEMINDWASFUR_LOW,2034,0.0146058406385704
RE1,AN_DEMINDWASFUR_LOW,2035,0.01445003351386454
RE1,AN_DEMINDWASFUR_LOW,2036,0.0142156936451463
RE1,AN_DEMINDWASFUR_LOW,2037,0.01388283540171582
RE1,AN_DEMINDWASFUR_LOW,2038,0.01350209455411858
RE1,AN_DEMINDWASFUR_LOW,2039,0.01302014498914997
RE1,AN_DEMINDWASFUR_LOW,2040,0.01238506663570931
RE1,AN_DEMINDWASFUR_LOW,2041,0.01159774295493203
RE1,AN_DEMINDWASFUR_LOW,2042,0.01070917366562333
RE1,AN_DEMINDWASFUR_LOW,2043,0.009670635579941604
RE1,AN_DEMINDWASFUR_LOW,2044,0.008535425762903802
RE1,AN_DEMINDWASFUR_LOW,2045,0.007350992692249371
RE1,AN_DEMINDWASFUR_LOW,2046,0.00616876525442932
RE1,AN_DEMINDWASFUR_LOW,2047,0.005040826731218796
RE1,AN_DEMINDWASFUR_LOW,2048,0.004017497787880084
RE1,AN_DEMINDWASFUR_LOW,2049,0.003098251104788578
RE1,AN_DEMINDWASFUR_LOW,2050,0.002384254386020051
RE1,AN_DEMINDWASFUR_LOW,2051,0.001773381316002864
RE1,AN_DEMINDWASFUR_LOW,2052,0.001315830525899186
RE1,AN_DEMINDWASFUR_LOW,2053,0.0009098980287862202
RE1,AN_DEMINDWASFUR_LOW,2054,0.0006564229165063625
RE1,AN_DEMINDWASFUR_MID,2022,0.0
RE1,AN_DEMINDWASFUR_MID,2023,0.0
RE1,AN_DEMINDWASFUR_MID,2024,0.0
RE1,AN_DEMINDWASFUR_MID,2025,0.07719024965295726
RE1,AN_DEMINDWASFUR_MID,2026,0.07685527959841988
RE1,AN_DEMINDWASFUR_MID,2027,0.07651469030840463
RE1,AN_DEMINDWASFUR_MID,2028,0.07621373134992392
RE1,AN_DEMINDWASFUR_MID,2029,0.07593806915452264
RE1,AN_DEMINDWASFUR_MID,2030,0.0756033440172314
RE1,AN_DEMINDWASFUR_MID,2031,0.0751342291115187
RE1,AN_DEMINDWASFUR_MID,2032,0.0745572651211093
RE1,AN_DEMINDWASFUR_MID,2033,0.0737753308321715
RE1,AN_DEMINDWASFUR_MID,2034,0.07302920319285203
RE1,AN_DEMINDWASFUR_MID,2035,0.0722501675693227
RE1,AN_DEMINDWASFUR_MID,2036,0.07102677479429463
RE1,AN_DEMINDWASFUR_MID,2037,0.06946578606211705
RE1,AN_DEMINDWASFUR_MID,2038,0.0675104727705929
RE1,AN_DEMINDWASFUR_MID,2039,0.06504926192207736
RE1,AN_DEMINDWASFUR_MID,2040,0.06192533317854657
RE1,AN_DEMINDWASFUR_MID,2041,0.05809134966806664
RE1,AN_DEMINDWASFUR_MID,2042,0.05354586832811668
RE1,AN_DEMINDWASFUR_MID,2043,0.04835317789970804
RE1,AN_DEMINDWASFUR_MID,2044,0.042677128814519
RE1,AN_DEMINDWASFUR_MID,2045,0.03670391490088402
RE1,AN_DEMINDWASFUR_MID,2046,0.03079284474111826
RE1,AN_DEMINDWASFUR_MID,2047,0.0251532162143645
RE1,AN_DEMINDWASFUR_MID,2048,0.02003663453702219
RE1,AN_DEMINDWASFUR_MID,2049,0.01559283752737858
RE1,AN_DEMINDWASFUR_MID,2050,0.01187054311337643
RE1,AN_DEMINDWASFUR_MID,2051,0.00886690658001432
RE1,AN_DEMINDWASFUR_MID,2052,0.006477934896734456
RE1,AN_DEMINDWASFUR_MID,2053,0.004650589924907349
RE1,AN_DEMINDWASFUR_MID,2054,0.003282114582531814
RE1,CA_DEMINDAUTBOI,2022,0.0
RE1,CA_DEMINDAUTBOI,2023,0.0
RE1,CA_DEMINDAUTBOI,2024,0.0
RE1,CA_DEMINDAUTBOI,2025,0.0
RE1,CA_DEMINDAUTBOI,2026,0.0
RE1,CA_DEMINDAUTBOI,2027,0.0
RE1,CA_DEMINDAUTBOI,2028,0.0
RE1,CA_DEMINDAUTBOI,2029,0.0
RE1,CA_DEMINDAUTBOI,2030,0.0
RE1,CA_DEMINDAUTBOI,2031,0.0
RE1,CA_DEMINDAUTBOI,2032,0.0
RE1,CA_DEMINDAUTBOI,2033,0.0
RE1,CA_DEMINDAUTBOI,2034,0.0
RE1,CA_DEMINDAUTBOI,2035,0.0
RE1,CA_DEMINDAUTBOI,2036,0.0
RE1,CA_DEMINDAUTBOI,2037,0.0
RE1,CA_DEMINDAUTBOI,2038,0.0
RE1,CA_DEMINDAUTBOI,2039,0.0
RE1,CA_DEMINDAUTBOI,2040,0.0
RE1,CA_DEMINDAUTBOI,2041,0.0
RE1,CA_DEMINDAUTBOI,2042,0.0
RE1,CA_DEMINDAUTBOI,2043,0.0
RE1,CA_DEMINDAUTBOI,2044,0.0
RE1,CA_DEMINDAUTBOI,2045,0.0
RE1,CA_DEMINDAUTBOI,2046,0.0
RE1,CA_DEMINDAUTBOI,2047,0.0
RE1,CA_DEMINDAUTBOI,2048,0.0
RE1,CA_DEMINDAUTBOI,2049,0.0
RE1,CA_DEMINDAUTBOI,2050,0.0
RE1,CA_DEMINDAUTBOI,2051,0.0
RE1,CA_DEMINDAUTBOI,2052,0.0
RE1,CA_DEMINDAUTBOI,2053,0.0
RE1,CA_DEMINDAUTBOI,2054,0.0
RE1,CA_DEMINDAUTBOI,2055,0.0
RE1,CA_DEMINDAUTFUR,2022,0.0
RE1,CA_DEMINDAUTFUR,2023,0.0
RE1,CA_DEMINDAUTFUR,2024,0.0
RE1,CA_DEMINDAUTFUR,2025,0.0
RE1,CA_DEMINDAUTFUR,2026,0.0
RE1,CA_DEMINDAUTFUR,2027,0.0
RE1,CA_DEMINDAUTFUR,2028,0.0
RE1,CA_DEMINDAUTFUR,2029,0.0
RE1,CA_DEMINDAUTFUR,2030,0.0
RE1,CA_DEMINDAUTFUR,2031,0.0
RE1,CA_DEMINDAUTFUR,2032,0.0
RE1,CA_DEMINDAUTFUR,2033,0.0
RE1,CA_DEMINDAUTFUR,2034,0.0
RE1,CA_DEMINDAUTFUR,2035,0.0
RE1,CA_DEMINDAUTFUR,2036,0.0
RE1,CA_DEMINDAUTFUR,2037,0.0
RE1,CA_DEMINDAUTFUR,2038,0.0
RE1,CA_DEMINDAUTFUR,2039,0.0
RE1,CA_DEMINDAUTFUR,2040,0.0
RE1,CA_DEMINDAUTFUR,2041,0.0
RE1,CA_DEMINDAUTFUR,2042,0.0
RE1,CA_DEMINDAUTFUR,2043,0.0
RE1,CA_DEMINDAUTFUR,2044,0.0
RE1,CA_DEMINDAUTFUR,2045,0.0
RE1,CA_DEMINDAUTFUR,2046,0.0
RE1,CA_DEMINDAUTFUR,2047,0.0
RE1,CA_DEMINDAUTFUR,2048,0.0
RE1,CA_DEMINDAUTFUR,2049,0.0
RE1,CA_DEMINDAUTFUR,2050,0.0
RE1,CA_DEMINDAUTFUR,2051,0.0
RE1,CA_DEMINDAUTFUR,2052,0.0
RE1,CA_DEMINDAUTFUR,2053,0.0
RE1,CA_DEMINDAUTFUR,2054,0.0
RE1,CA_DEMINDAUTFUR,2055,0.0
RE1,CA_DEMINDCOABOI_HIG,2022,0.0
RE1,CA_DEMINDCOABOI_HIG,2023,0.0
RE1,CA_DEMINDCOABOI_HIG,2024,0.0
RE1,CA_DEMINDCOABOI_HIG,2025,0.002775784588314034
RE1,CA_DEMINDCOABOI_HIG,2026,0.002791248450322474
RE1,CA_DEMINDCOABOI_HIG,2027,0.00281268693702074
RE1,CA_DEMINDCOABOI_HIG,2028,0.002830194753355374
RE1,CA_DEMINDCOABOI_HIG,2029,0.002850648040715411
RE1,CA_DEMINDCOABOI_HIG,2030,0.002878014681787955
RE1,CA_DEMINDCOABOI_HIG,2031,0.002915068441941544
RE1,CA_DEMINDCOABOI_HIG,2032,0.002949292395116497
RE1,CA_DEMINDCOABOI_HIG,2033,0.002988646637508051
RE1,CA_DEMINDCOABOI_HIG,2034,0.003035313543984108
RE1,CA_DEMINDCOABOI_HIG,2035,0.003105039831520366
RE1,CA_DEMINDCOABOI_HIG,2036,0.00320401339783614
RE1,CA_DEMINDCOABOI_HIG,2037,0.003332213623078562
RE1,CA_DEMINDCOABOI_HIG,2038,0.003500994852940934
RE1,CA_DEMINDCOABOI_HIG,2039,0.003714647302765641
RE1,CA_DEMINDCOABOI_HIG,2040,0.003988122208671524
RE1,CA_DEMINDCOABOI_HIG,2041,0.004321204204980307
RE1,CA_DEMINDCOABOI_HIG,2042,0.004717254222811163
RE1,CA_DEMINDCOABOI_HIG,2043,0.005170041418895061
RE1,CA_DEMINDCOABOI_HIG,2044,0.005675991599658317
RE1,CA_DEMINDCOABOI_HIG,2045,0.006207079129815593
RE1,CA_DEMINDCOABOI_HIG,2046,0.006739497932029158
RE1,CA_DEMINDCOABOI_HIG,2047,0.007245618933622013
RE1,CA_DEMINDCOABOI_HIG,2048,0.007706993091074217
RE1,CA_DEMINDCOABOI_HIG,2049,0.00810881073737316
RE1,CA_DEMINDCOABOI_HIG,2050,0.00844649638729434
RE1,CA_DEMINDCOABOI_HIG,2051,0.008719974224719988
RE1,CA_DEMINDCOABOI_HIG,2052,0.00893681261793495
RE1,CA_DEMINDCOABOI_HIG,2053,0.009108793940676126
RE1,CA_DEMINDCOABOI_HIG,2054,0.009239379638781837
RE1,CA_DEMINDCOABOI_HIG,2055,0.0
RE1,CA_DEMINDCOABOI_LOW,2022,0.0
RE1,CA_DEMINDCOABOI_LOW,2023,0.0
RE1,CA_DEMINDCOABOI_LOW,2024,0.0
RE1,CA_DEMINDCOABOI_LOW,2025,0.002761251684710295
RE1,CA_DEMINDCOABOI_LOW,2026,0.002769356305614062
RE1,CA_DEMINDCOABOI_LOW,2027,0.00277968278782493
RE1,CA_DEMINDCOABOI_LOW,2028,0.002786030465916798
RE1,CA_DEMINDCOABOI_LOW,2029,0.002791567252306802
RE1,CA_DEMINDCOABOI_LOW,2030,0.002796421482046544
RE1,CA_DEMINDCOABOI_LOW,2031,0.002806826463943716
RE1,CA_DEMINDCOABOI_LOW,2032,0.002799771868114393
RE1,CA_DEMINDCOABOI_LOW,2033,0.002782920022911126
RE1,CA_DEMINDCOABOI_LOW,2034,0.002759036542440658
RE1,CA_DEMINDCOABOI_LOW,2035,0.00272437389063686
RE1,CA_DEMINDCOABOI_LOW,2036,0.00269181989083083
RE1,CA_DEMINDCOABOI_LOW,2037,0.002639562476708299
RE1,CA_DEMINDCOABOI_LOW,2038,0.002575142895043279
RE1,CA_DEMINDCOABOI_LOW,2039,0.002487688042155172
RE1,CA_DEMINDCOABOI_LOW,2040,0.002373345796497555
RE1,CA_DEMINDCOABOI_LOW,2041,0.002231995911094176
RE1,CA_DEMINDCOABOI_LOW,2042,0.00206356379946082
RE1,CA_DEMINDCOABOI_LOW,2043,0.001868734971047887
RE1,CA_DEMINDCOABOI_LOW,2044,0.001655027371669755
RE1,CA_DEMINDCOABOI_LOW,2045,0.001430376027489342
RE1,CA_DEMINDCOABOI_LOW,2046,0.001205499909585987
RE1,CA_DEMINDCOABOI_LOW,2047,0.000991466066359308
RE1,CA_DEMINDCOABOI_LOW,2048,0.0007997467133175399
RE1,CA_DEMINDCOABOI_LOW,2049,0.0006304336094698872
RE1,CA_DEMINDCOABOI_LOW,2050,0.0004872978684977502
RE1,CA_DEMINDCOABOI_LOW,2051,0.0003704193645524745
RE1,CA_DEMINDCOABOI_LOW,2052,0.0002798663282806544
RE1,CA_DEMINDCOABOI_LOW,2053,0.0002081361307591138
RE1,CA_DEMINDCOABOI_LOW,2054,0.0001552518709795309
RE1,CA_DEMINDCOABOI_LOW,2055,0.0
RE1,CA_DEMINDCOABOI_MID,2022,0.0
RE1,CA_DEMINDCOABOI_MID,2023,0.0
RE1,CA_DEMINDCOABOI_MID,2024,0.0
RE1,CA_DEMINDCOABOI_MID,2025,0.003680457837646748
RE1,CA_DEMINDCOABOI_MID,2026,0.003692475074152083
RE1,CA_DEMINDCOABOI_MID,2027,0.003707466092996047
RE1,CA_DEMINDCOABOI_MID,2028,0.003717160859413429
RE1,CA_DEMINDCOABOI_MID,2029,0.003722089669742402
RE1,CA_DEMINDCOABOI_MID,2030,0.003731034497266344
RE1,CA_DEMINDCOABOI_MID,2031,0.003743679445924928
RE1,CA_DEMINDCOABOI_MID,2032,0.003730537148702489
RE1,CA_DEMINDCOABOI_MID,2033,0.003714300514449931
RE1,CA_DEMINDCOABOI_MID,2034,0.003677470898922935
RE1,CA_DEMINDCOABOI_MID,2035,0.003634986533534659
RE1,CA_DEMINDCOABOI_MID,2036,0.003589093187774439
RE1,CA_DEMINDCOABOI_MID,2037,0.003523160695861715
RE1,CA_DEMINDCOABOI_MID,2038,0.003433523860057704
RE1,CA_DEMINDCOABOI_MID,2039,0.003313165220547537
RE1,CA_DEMINDCOABOI_MID,2040,0.003165712826657339
RE1,CA_DEMINDCOABOI_MID,2041,0.002975994548125568
RE1,CA_DEMINDCOABOI_MID,2042,0.002751418399281093
RE1,CA_DEMINDCOABOI_MID,2043,0.002492899971438128
RE1,CA_DEMINDCOABOI_MID,2044,0.002207956970841241
RE1,CA_DEMINDCOABOI_MID,2045,0.001908422752466044
RE1,CA_DEMINDCOABOI_MID,2046,0.001608588941853801
RE1,CA_DEMINDCOABOI_MID,2047,0.001323211366129722
RE1,CA_DEMINDCOABOI_MID,2048,0.001063814024318614
RE1,CA_DEMINDCOABOI_MID,2049,0.0008380614449240416
RE1,CA_DEMINDCOABOI_MID,2050,0.0006497304913303337
RE1,CA_DEMINDCOABOI_MID,2051,0.0004951524158813691
RE1,CA_DEMINDCOABOI_MID,2052,0.0003744157635106052
RE1,CA_DEMINDCOABOI_MID,2053,0.0002800377032031713
RE1,CA_DEMINDCOABOI_MID,2054,0.0002082647049725414
RE1,CA_DEMINDCOABOI_MID,2055,0.0
RE1,CA_DEMINDCOAFUR_HIG,2022,0.0
RE1,CA_DEMINDCOAFUR_HIG,2023,0.0
RE1,CA_DEMINDCOAFUR_HIG,2024,0.0
RE1,CA_DEMINDCOAFUR_HIG,2025,0.1304175877182254
RE1,CA_DEMINDCOAFUR_HIG,2026,0.1308539447347455
RE1,CA_DEMINDCOAFUR_HIG,2027,0.1314082433808749
RE1,CA_DEMINDCOAFUR_HIG,2028,0.13207458710427
RE1,CA_DEMINDCOAFUR_HIG,2029,0.1326322819819113
RE1,CA_DEMINDCOAFUR_HIG,2030,0.1335161030913228
RE1,CA_DEMINDCOAFUR_HIG,2031,0.1348190142848345
RE1,CA_DEMINDCOAFUR_HIG,2032,0.1356790665603507
RE1,CA_DEMINDCOAFUR_HIG,2033,0.1368371610873563
RE1,CA_DEMINDCOAFUR_HIG,2034,0.1379583628206367
RE1,CA_DEMINDCOAFUR_HIG,2035,0.1399841431251258
RE1,CA_DEMINDCOAFUR_HIG,2036,0.1429621459746635
RE1,CA_DEMINDCOAFUR_HIG,2037,0.1468261115112919
RE1,CA_DEMINDCOAFUR_HIG,2038,0.1518006185558951
RE1,CA_DEMINDCOAFUR_HIG,2039,0.1582398922774208
RE1,CA_DEMINDCOAFUR_HIG,2040,0.166363346977789
RE1,CA_DEMINDCOAFUR_HIG,2041,0.1762748627617084
RE1,CA_DEMINDCOAFUR_HIG,2042,0.1881910314979081
RE1,CA_DEMINDCOAFUR_HIG,2043,0.2016975291595947
RE1,CA_DEMINDCOAFUR_HIG,2044,0.2168090969613405
RE1,CA_DEMINDCOAFUR_HIG,2045,0.2325605586567934
RE1,CA_DEMINDCOAFUR_HIG,2046,0.2484540013140522
RE1,CA_DEMINDCOAFUR_HIG,2047,0.2635381198886059
RE1,CA_DEMINDCOAFUR_HIG,2048,0.2772581921428897
RE1,CA_DEMINDCOAFUR_HIG,2049,0.2892839353874996
RE1,CA_DEMINDCOAFUR_HIG,2050,0.2992497500679722
RE1,CA_DEMINDCOAFUR_HIG,2051,0.3073853134203218
RE1,CA_DEMINDCOAFUR_HIG,2052,0.3138086511283502
RE1,CA_DEMINDCOAFUR_HIG,2053,0.3187621270922514
RE1,CA_DEMINDCOAFUR_HIG,2054,0.3225837917832284
RE1,CA_DEMINDCOAFUR_HIG,2055,0.0
RE1,CA_DEMINDCOAFUR_LOW,2022,0.0
RE1,CA_DEMINDCOAFUR_LOW,2023,0.0
RE1,CA_DEMINDCOAFUR_LOW,2024,0.0
RE1,CA_DEMINDCOAFUR_LOW,2025,0.03243662130213153
RE1,CA_DEMINDCOAFUR_LOW,2026,0.03251726133082793
RE1,CA_DEMINDCOAFUR_LOW,2027,0.03262704672984051
RE1,CA_DEMINDCOAFUR_LOW,2028,0.03259569229131856
RE1,CA_DEMINDCOAFUR_LOW,2029,0.03267751874916655
RE1,CA_DEMINDCOAFUR_LOW,2030,0.03267004051852249
RE1,CA_DEMINDCOAFUR_LOW,2031,0.03270757151288882
RE1,CA_DEMINDCOAFUR_LOW,2032,0.03260858238341201
RE1,CA_DEMINDCOAFUR_LOW,2033,0.0323578299323973
RE1,CA_DEMINDCOAFUR_LOW,2034,0.03204634128123524
RE1,CA_DEMINDCOAFUR_LOW,2035,0.0316752440648095
RE1,CA_DEMINDCOAFUR_LOW,2036,0.03125166148094791
RE1,CA_DEMINDCOAFUR_LOW,2037,0.03059351200351473
RE1,CA_DEMINDCOAFUR_LOW,2038,0.02981391458893891
RE1,CA_DEMINDCOAFUR_LOW,2039,0.02880193722747299
RE1,CA_DEMINDCOAFUR_LOW,2040,0.02744255073350249
RE1,CA_DEMINDCOAFUR_LOW,2041,0.02573521898200652
RE1,CA_DEMINDCOAFUR_LOW,2042,0.02379426835031022
RE1,CA_DEMINDCOAFUR_LOW,2043,0.02151288544648047
RE1,CA_DEMINDCOAFUR_LOW,2044,0.01900636178086292
RE1,CA_DEMINDCOAFUR_LOW,2045,0.01639193364981803
RE1,CA_DEMINDCOAFUR_LOW,2046,0.01377769668148502
RE1,CA_DEMINDCOAFUR_LOW,2047,0.01127496709981503
RE1,CA_DEMINDCOAFUR_LOW,2048,0.008998930640627888
RE1,CA_DEMINDCOAFUR_LOW,2049,0.006950106364173871
RE1,CA_DEMINDCOAFUR_LOW,2050,0.005355955161155634
RE1,CA_DEMINDCOAFUR_LOW,2051,0.003989056718469138
RE1,CA_DEMINDCOAFUR_LOW,2052,0.00296368504516422
RE1,CA_DEMINDCOAFUR_LOW,2053,0.002052116698018786
RE1,CA_DEMINDCOAFUR_LOW,2054,0.001482357473729929
RE1,CA_DEMINDCOAFUR_LOW,2055,0.0
RE1,CA_DEMINDCOAFUR_MID,2022,0.0
RE1,CA_DEMINDCOAFUR_MID,2023,0.0
RE1,CA_DEMINDCOAFUR_MID,2024,0.0
RE1,CA_DEMINDCOAFUR_MID,2025,0.1622949569289409
RE1,CA_DEMINDCOAFUR_MID,2026,0.1625863066541396
RE1,CA_DEMINDCOAFUR_MID,2027,0.1630227265915134
RE1,CA_DEMINDCOAFUR_MID,2028,0.1632040371817922
RE1,CA_DEMINDCOAFUR_MID,2029,0.1632745227467007
RE1,CA_DEMINDCOAFUR_MID,2030,0.1634636402333018
RE1,CA_DEMINDCOAFUR_MID,2031,0.1636518212282522
RE1,CA_DEMINDCOAFUR_MID,2032,0.16304291191706
RE1,CA_DEMINDCOAFUR_MID,2033,0.1620170217037641
RE1,CA_DEMINDCOAFUR_MID,2034,0.1602317064061761
RE1,CA_DEMINDCOAFUR_MID,2035,0.1583762203240475
RE1,CA_DEMINDCOAFUR_MID,2036,0.1561446649993543
RE1,CA_DEMINDCOAFUR_MID,2037,0.1530812905454678
RE1,CA_DEMINDCOAFUR_MID,2038,0.1490695729446945
RE1,CA_DEMINDCOAFUR_MID,2039,0.1438958444882445
RE1,CA_DEMINDCOAFUR_MID,2040,0.1372127536675125
RE1,CA_DEMINDCOAFUR_MID,2041,0.1289038402107583
RE1,CA_DEMINDCOAFUR_MID,2042,0.1189713417515511
RE1,CA_DEMINDCOAFUR_MID,2043,0.1075644272324024
RE1,CA_DEMINDCOAFUR_MID,2044,0.09503180890431459
RE1,CA_DEMINDCOAFUR_MID,2045,0.08184583537652199
RE1,CA_DEMINDCOAFUR_MID,2046,0.06877461814559464
RE1,CA_DEMINDCOAFUR_MID,2047,0.05626094694251137
RE1,CA_DEMINDCOAFUR_MID,2048,0.04488074268870112
RE1,CA_DEMINDCOAFUR_MID,2049,0.03497840416067837
RE1,CA_DEMINDCOAFUR_MID,2050,0.02666581931298763
RE1,CA_DEMINDCOAFUR_MID,2051,0.01994528359234568
RE1,CA_DEMINDCOAFUR_MID,2052,0.01459044945311617
RE1,CA_DEMINDCOAFUR_MID,2053,0.01048859645654046
RE1,CA_DEMINDCOAFUR_MID,2054,0.007411787368649645
RE1,CA_DEMINDCOAFUR_MID,2055,0.0
RE1,CA_DEMINDCOAOTH_LOW,2022,0.0
RE1,CA_DEMINDCOAOTH_LOW,2023,0.0
RE1,CA_DEMINDCOAOTH_LOW,2024,0.0
RE1,CA_DEMINDCOAOTH_LOW,2025,0.0
RE1,CA_DEMINDCOAOTH_LOW,2026,0.0
RE1,CA_DEMINDCOAOTH_LOW,2027,0.0
RE1,CA_DEMINDCOAOTH_LOW,2028,0.0
RE1,CA_DEMINDCOAOTH_LOW,2029,0.0
RE1,CA_DEMINDCOAOTH_LOW,2030,0.0
RE1,CA_DEMINDCOAOTH_LOW,2031,0.0
RE1,CA_DEMINDCOAOTH_LOW,2032,0.0
RE1,CA_DEMINDCOAOTH_LOW,2033,0.0
RE1,CA_DEMINDCOAOTH_LOW,2034,0.0
RE1,CA_DEMINDCOAOTH_LOW,2035,0.0
RE1,CA_DEMINDCOAOTH_LOW,2036,0.0
RE1,CA_DEMINDCOAOTH_LOW,2037,0.0
RE1,CA_DEMINDCOAOTH_LOW,2038,0.0
RE1,CA_DEMINDCOAOTH_LOW,2039,0.0
RE1,CA_DEMINDCOAOTH_LOW,2040,0.0
RE1,CA_DEMINDCOAOTH_LOW,2041,0.0
RE1,CA_DEMINDCOAOTH_LOW,2042,0.0
RE1,CA_DEMINDCOAOTH_LOW,2043,0.0
RE1,CA_DEMINDCOAOTH_LOW,2044,0.0
RE1,CA_DEMINDCOAOTH_LOW,2045,0.0
RE1,CA_DEMINDCOAOTH_LOW,2046,0.0
RE1,CA_DEMINDCOAOTH_LOW,2047,0.0
RE1,CA_DEMINDCOAOTH_LOW,2048,0.0
RE1,CA_DEMINDCOAOTH_LOW,2049,0.0
RE1,CA_DEMINDCOAOTH_LOW,2050,0.0
RE1,CA_DEMINDCOAOTH_LOW,2051,0.0
RE1,CA_DEMINDCOAOTH_LOW,2052,0.0
RE1,CA_DEMINDCOAOTH_LOW,2053,0.0
RE1,CA_DEMINDCOAOTH_LOW,2054,0.0
RE1,CA_DEMINDCOAOTH_LOW,2055,0.0
RE1,CA_DEMINDNGSBOI_HIG,2022,0.0
RE1,CA_DEMINDNGSBOI_HIG,2023,0.0
RE1,CA_DEMINDNGSBOI_HIG,2024,0.0
RE1,CA_DEMINDNGSBOI_HIG,2025,0.2489595459747653
RE1,CA_DEMINDNGSBOI_HIG,2026,0.2499706598701557
RE1,CA_DEMINDNGSBOI_HIG,2027,0.2513942731211944
RE1,CA_DEMINDNGSBOI_HIG,2028,0.2525382064126623
RE1,CA_DEMINDNGSBOI_HIG,2029,0.2539828829047993
RE1,CA_DEMINDNGSBOI_HIG,2030,0.255925326586698
RE1,CA_DEMINDNGSBOI_HIG,2031,0.2582165237862373
RE1,CA_DEMINDNGSBOI_HIG,2032,0.260940081876738
RE1,CA_DEMINDNGSBOI_HIG,2033,0.2642881660330137
RE1,CA_DEMINDNGSBOI_HIG,2034,0.2685200317866212
RE1,CA_DEMINDNGSBOI_HIG,2035,0.2746729678504841
RE1,CA_DEMINDNGSBOI_HIG,2036,0.2831636113267598
RE1,CA_DEMINDNGSBOI_HIG,2037,0.2942464057684991
RE1,CA_DEMINDNGSBOI_HIG,2038,0.308919174570185
RE1,CA_DEMINDNGSBOI_HIG,2039,0.3275443409399214
RE1,CA_DEMINDNGSBOI_HIG,2040,0.3514369334623523
RE1,CA_DEMINDNGSBOI_HIG,2041,0.38057769944772
RE1,CA_DEMINDNGSBOI_HIG,2042,0.4153016693112783
RE1,CA_DEMINDNGSBOI_HIG,2043,0.4550013193653974
RE1,CA_DEMINDNGSBOI_HIG,2044,0.4993425704818636
RE1,CA_DEMINDNGSBOI_HIG,2045,0.5457819634319008
RE1,CA_DEMINDNGSBOI_HIG,2046,0.592269613947939
RE1,CA_DEMINDNGSBOI_HIG,2047,0.6364233952239645
RE1,CA_DEMINDNGSBOI_HIG,2048,0.6766055422122431
RE1,CA_DEMINDNGSBOI_HIG,2049,0.7115066382952837
RE1,CA_DEMINDNGSBOI_HIG,2050,0.7407702799414362
RE1,CA_DEMINDNGSBOI_HIG,2051,0.7643982362048898
RE1,CA_DEMINDNGSBOI_HIG,2052,0.7830598632320666
RE1,CA_DEMINDNGSBOI_HIG,2053,0.7977703483784888
RE1,CA_DEMINDNGSBOI_HIG,2054,0.8088431143750894
RE1,CA_DEMINDNGSBOI_HIG,2055,0.0
RE1,CA_DEMINDNGSBOI_LOW,2022,0.0
RE1,CA_DEMINDNGSBOI_LOW,2023,0.0
RE1,CA_DEMINDNGSBOI_LOW,2024,0.0
RE1,CA_DEMINDNGSBOI_LOW,2025,0.0
RE1,CA_DEMINDNGSBOI_LOW,2026,0.0
RE1,CA_DEMINDNGSBOI_LOW,2027,0.0
RE1,CA_DEMINDNGSBOI_LOW,2028,0.0
RE1,CA_DEMINDNGSBOI_LOW,2029,0.0
RE1,CA_DEMINDNGSBOI_LOW,2030,0.0
RE1,CA_DEMINDNGSBOI_LOW,2031,0.0
RE1,CA_DEMINDNGSBOI_LOW,2032,0.0
RE1,CA_DEMINDNGSBOI_LOW,2033,0.0
RE1,CA_DEMINDNGSBOI_LOW,2034,0.0
RE1,CA_DEMINDNGSBOI_LOW,2035,0.0
RE1,CA_DEMINDNGSBOI_LOW,2036,0.0
RE1,CA_DEMINDNGSBOI_LOW,2037,0.0
RE1,CA_DEMINDNGSBOI_LOW,2038,0.0
RE1,CA_DEMINDNGSBOI_LOW,2039,0.0
RE1,CA_DEMINDNGSBOI_LOW,2040,0.0
RE1,CA_DEMINDNGSBOI_LOW,2041,0.0
RE1,CA_DEMINDNGSBOI_LOW,2042,0.0
RE1,CA_DEMINDNGSBOI_LOW,2043,0.0
RE1,CA_DEMINDNGSBOI_LOW,2044,0.0
RE1,CA_DEMINDNGSBOI_LOW,2045,0.0
RE1,CA_DEMINDNGSBOI_LOW,2046,0.0
RE1,CA_DEMINDNGSBOI_LOW,2047,0.0
RE1,CA_DEMINDNGSBOI_LOW,2048,0.0
RE1,CA_DEMINDNGSBOI_LOW,2049,0.0
RE1,CA_DEMINDNGSBOI_LOW,2050,0.0
RE1,CA_DEMINDNGSBOI_LOW,2051,0.0
RE1,CA_DEMINDNGSBOI_LOW,2052,0.0
RE1,CA_DEMINDNGSBOI_LOW,2053,0.0
RE1,CA_DEMINDNGSBOI_LOW,2054,0.0
RE1,CA_DEMINDNGSBOI_LOW,2055,0.0
RE1,CA_DEMINDNGSBOI_MID,2022,0.0
RE1,CA_DEMINDNGSBOI_MID,2023,0.0
RE1,CA_DEMINDNGSBOI_MID,2024,0.0
RE1,CA_DEMINDNGSBOI_MID,2025,0.5774297322870211
RE1,CA_DEMINDNGSBOI_MID,2026,0.578690246575223
RE1,CA_DEMINDNGSBOI_MID,2027,0.5801406302796795
RE1,CA_DEMINDNGSBOI_MID,2028,0.5802795978298754
RE1,CA_DEMINDNGSBOI_MID,2029,0.5803443075700335
RE1,CA_DEMINDNGSBOI_MID,2030,0.5804491943203459
RE1,CA_DEMINDNGSBOI_MID,2031,0.5802432768820057
RE1,CA_DEMINDNGSBOI_MID,2032,0.5777722725458316
RE1,CA_DEMINDNGSBOI_MID,2033,0.5745538728402313
RE1,CA_DEMINDNGSBOI_MID,2034,0.569077508940158
RE1,CA_DEMINDNGSBOI_MID,2035,0.5625513668476262
RE1,CA_DEMINDNGSBOI_MID,2036,0.5547627811174208
RE1,CA_DEMINDNGSBOI_MID,2037,0.5441905437021906
RE1,CA_DEMINDNGSBOI_MID,2038,0.5298592266182403
RE1,CA_DEMINDNGSBOI_MID,2039,0.5114985364576954
RE1,CA_DEMINDNGSBOI_MID,2040,0.4881068520310449
RE1,CA_DEMINDNGSBOI_MID,2041,0.4590097992469457
RE1,CA_DEMINDNGSBOI_MID,2042,0.4242364462606046
RE1,CA_DEMINDNGSBOI_MID,2043,0.3841865685696192
RE1,CA_DEMINDNGSBOI_MID,2044,0.3401750579558356
RE1,CA_DEMINDNGSBOI_MID,2045,0.2939080555048683
RE1,CA_DEMINDNGSBOI_MID,2046,0.2476342488725871
RE1,CA_DEMINDNGSBOI_MID,2047,0.2036422414478346
RE1,CA_DEMINDNGSBOI_MID,2048,0.1636040811810318
RE1,CA_DEMINDNGSBOI_MID,2049,0.1288529247192111
RE1,CA_DEMINDNGSBOI_MID,2050,0.09971907614596255
RE1,CA_DEMINDNGSBOI_MID,2051,0.07587654793711304
RE1,CA_DEMINDNGSBOI_MID,2052,0.05732939328783221
RE1,CA_DEMINDNGSBOI_MID,2053,0.0427554528212817
RE1,CA_DEMINDNGSBOI_MID,2054,0.0318233356475445
RE1,CA_DEMINDNGSBOI_MID,2055,0.0
RE1,CA_DEMINDNGSFURCSS,2022,0.0
RE1,CA_DEMINDNGSFURCSS,2023,0.0
RE1,CA_DEMINDNGSFURCSS,2024,0.0
RE1,CA_DEMINDNGSFURCSS,2025,0.357617568949128
RE1,CA_DEMINDNGSFURCSS,2026,0.3584380203486904
RE1,CA_DEMINDNGSFURCSS,2027,0.3594206760403186
RE1,CA_DEMINDNGSFURCSS,2028,0.3597623695602788
RE1,CA_DEMINDNGSFURCSS,2029,0.3598292920262878
RE1,CA_DEMINDNGSFURCSS,2030,0.3601389624997459
RE1,CA_DEMINDNGSFURCSS,2031,0.3601635886588263
RE1,CA_DEMINDNGSFURCSS,2032,0.3588083195191383
RE1,CA_DEMINDNGSFURCSS,2033,0.3567631249530103
RE1,CA_DEMINDNGSFURCSS,2034,0.3531703504189637
RE1,CA_DEMINDNGSFURCSS,2035,0.3493129145728952
RE1,CA_DEMINDNGSFURCSS,2036,0.3444126808809755
RE1,CA_DEMINDNGSFURCSS,2037,0.337667812727378
RE1,CA_DEMINDNGSFURCSS,2038,0.3288337802115359
RE1,CA_DEMINDNGSFURCSS,2039,0.3174435573499814
RE1,CA_DEMINDNGSFURCSS,2040,0.3027339798551823
RE1,CA_DEMINDNGSFURCSS,2041,0.2844450185527342
RE1,CA_DEMINDNGSFURCSS,2042,0.2625839633487522
RE1,CA_DEMINDNGSFURCSS,2043,0.2374651432231686
RE1,CA_DEMINDNGSFURCSS,2044,0.2098437317637373
RE1,CA_DEMINDNGSFURCSS,2045,0.1807519659786996
RE1,CA_DEMINDNGSFURCSS,2046,0.1518991327170461
RE1,CA_DEMINDNGSFURCSS,2047,0.1242735380232525
RE1,CA_DEMINDNGSFURCSS,2048,0.0991452149919516
RE1,CA_DEMINDNGSFURCSS,2049,0.07727555851020233
RE1,CA_DEMINDNGSFURCSS,2050,0.05891601733062403
RE1,CA_DEMINDNGSFURCSS,2051,0.04407163881779645
RE1,CA_DEMINDNGSFURCSS,2052,0.03224267300816988
RE1,CA_DEMINDNGSFURCSS,2053,0.02318037490860963
RE1,CA_DEMINDNGSFURCSS,2054,0.01638181495108568
RE1,CA_DEMINDNGSFURCSS,2055,0.0
RE1,CA_DEMINDNGSFUR_HIG,2022,0.0
RE1,CA_DEMINDNGSFUR_HIG,2023,0.0
RE1,CA_DEMINDNGSFUR_HIG,2024,0.0
RE1,CA_DEMINDNGSFUR_HIG,2025,0.2873756618846886
RE1,CA_DEMINDNGSFUR_HIG,2026,0.288480806722015
RE1,CA_DEMINDNGSFUR_HIG,2027,0.289719357912417
RE1,CA_DEMINDNGSFUR_HIG,2028,0.2911414891189265
RE1,CA_DEMINDNGSFUR_HIG,2029,0.2922990024562573
RE1,CA_DEMINDNGSFUR_HIG,2030,0.294159305247884
RE1,CA_DEMINDNGSFUR_HIG,2031,0.2967085831360664
RE1,CA_DEMINDNGSFUR_HIG,2032,0.2985887414180242
RE1,CA_DEMINDNGSFUR_HIG,2033,0.3013168165039138
RE1,CA_DEMINDNGSFUR_HIG,2034,0.3040771669564694
RE1,CA_DEMINDNGSFUR_HIG,2035,0.3087475438483009
RE1,CA_DEMINDNGSFUR_HIG,2036,0.3153356277643866
RE1,CA_DEMINDNGSFUR_HIG,2037,0.3238700937823512
RE1,CA_DEMINDNGSFUR_HIG,2038,0.3348582158795335
RE1,CA_DEMINDNGSFUR_HIG,2039,0.3490874562630332
RE1,CA_DEMINDNGSFUR_HIG,2040,0.3670492486044989
RE1,CA_DEMINDNGSFUR_HIG,2041,0.3889760501056825
RE1,CA_DEMINDNGSFUR_HIG,2042,0.4153600874789353
RE1,CA_DEMINDNGSFUR_HIG,2043,0.4452785542766716
RE1,CA_DEMINDNGSFUR_HIG,2044,0.4787452802514007
RE1,CA_DEMINDNGSFUR_HIG,2045,0.513597032676611
RE1,CA_DEMINDNGSFUR_HIG,2046,0.5487481913718449
RE1,CA_DEMINDNGSFUR_HIG,2047,0.5821234149510247
RE1,CA_DEMINDNGSFUR_HIG,2048,0.6124859220568787
RE1,CA_DEMINDNGSFUR_HIG,2049,0.6390965571902402
RE1,CA_DEMINDNGSFUR_HIG,2050,0.6611686389325585
RE1,CA_DEMINDNGSFUR_HIG,2051,0.6792069136662688
RE1,CA_DEMINDNGSFUR_HIG,2052,0.6934693655585288
RE1,CA_DEMINDNGSFUR_HIG,2053,0.7044818287442666
RE1,CA_DEMINDNGSFUR_HIG,2054,0.7129869922557136
RE1,CA_DEMINDNGSFUR_HIG,2055,0.0
RE1,CA_DEMINDNGSFUR_LOW,2022,0.0
RE1,CA_DEMINDNGSFUR_LOW,2023,0.0
RE1,CA_DEMINDNGSFUR_LOW,2024,0.0
RE1,CA_DEMINDNGSFUR_LOW,2025,0.07147422122346458
RE1,CA_DEMINDNGSFUR_LOW,2026,0.07168760406973809
RE1,CA_DEMINDNGSFUR_LOW,2027,0.07193374468715831
RE1,CA_DEMINDNGSFUR_LOW,2028,0.07185302336069149
RE1,CA_DEMINDNGSFUR_LOW,2029,0.07201569625733877
RE1,CA_DEMINDNGSFUR_LOW,2030,0.071977807911122
RE1,CA_DEMINDNGSFUR_LOW,2031,0.07198255567206348
RE1,CA_DEMINDNGSFUR_LOW,2032,0.07176166390382765
RE1,CA_DEMINDNGSFUR_LOW,2033,0.07125226968119193
RE1,CA_DEMINDNGSFUR_LOW,2034,0.07063407008379274
RE1,CA_DEMINDNGSFUR_LOW,2035,0.06986258291457903
RE1,CA_DEMINDNGSFUR_LOW,2036,0.06893266902639612
RE1,CA_DEMINDNGSFUR_LOW,2037,0.06748338902203914
RE1,CA_DEMINDNGSFUR_LOW,2038,0.06576675604230717
RE1,CA_DEMINDNGSFUR_LOW,2039,0.06353893988096938
RE1,CA_DEMINDNGSFUR_LOW,2040,0.06054679597103645
RE1,CA_DEMINDNGSFUR_LOW,2041,0.05678849310328439
RE1,CA_DEMINDNGSFUR_LOW,2042,0.05251679266975043
RE1,CA_DEMINDNGSFUR_LOW,2043,0.04749302864463371
RE1,CA_DEMINDNGSFUR_LOW,2044,0.04196874635274746
RE1,CA_DEMINDNGSFUR_LOW,2045,0.03620067190672148
RE1,CA_DEMINDNGSFUR_LOW,2046,0.03043012426947446
RE1,CA_DEMINDNGSFUR_LOW,2047,0.02490502077793926
RE1,CA_DEMINDNGSFUR_LOW,2048,0.0198793705186908
RE1,CA_DEMINDNGSFUR_LOW,2049,0.01535442693525193
RE1,CA_DEMINDNGSFUR_LOW,2050,0.01183355903649286
RE1,CA_DEMINDNGSFUR_LOW,2051,0.008814327763559292
RE1,CA_DEMINDNGSFUR_LOW,2052,0.006549292954784507
RE1,CA_DEMINDNGSFUR_LOW,2053,0.004535290742988841
RE1,CA_DEMINDNGSFUR_LOW,2054,0.003276362990217135
RE1,CA_DEMINDNGSFUR_LOW,2055,0.0
RE1,CA_DEMINDNGSFUR_MID,2022,0.0
RE1,CA_DEMINDNGSFUR_MID,2023,0.0
RE1,CA_DEMINDNGSFUR_MID,2024,0.0
RE1,CA_DEMINDNGSFUR_MID,2025,0.357617568949128
RE1,CA_DEMINDNGSFUR_MID,2026,0.3584380203486904
RE1,CA_DEMINDNGSFUR_MID,2027,0.3594206760403187
RE1,CA_DEMINDNGSFUR_MID,2028,0.3597623695602788
RE1,CA_DEMINDNGSFUR_MID,2029,0.3598292920262878
RE1,CA_DEMINDNGSFUR_MID,2030,0.3601389624997459
RE1,CA_DEMINDNGSFUR_MID,2031,0.3601635886588262
RE1,CA_DEMINDNGSFUR_MID,2032,0.3588083195191383
RE1,CA_DEMINDNGSFUR_MID,2033,0.3567631249530103
RE1,CA_DEMINDNGSFUR_MID,2034,0.3531703504189636
RE1,CA_DEMINDNGSFUR_MID,2035,0.3493129145728952
RE1,CA_DEMINDNGSFUR_MID,2036,0.3444126808809755
RE1,CA_DEMINDNGSFUR_MID,2037,0.3376678127273778
RE1,CA_DEMINDNGSFUR_MID,2038,0.3288337802115359
RE1,CA_DEMINDNGSFUR_MID,2039,0.3174435573499813
RE1,CA_DEMINDNGSFUR_MID,2040,0.3027339798551822
RE1,CA_DEMINDNGSFUR_MID,2041,0.2844450185527342
RE1,CA_DEMINDNGSFUR_MID,2042,0.2625839633487522
RE1,CA_DEMINDNGSFUR_MID,2043,0.2374651432231686
RE1,CA_DEMINDNGSFUR_MID,2044,0.2098437317637373
RE1,CA_DEMINDNGSFUR_MID,2045,0.1807519659786996
RE1,CA_DEMINDNGSFUR_MID,2046,0.151899132717046
RE1,CA_DEMINDNGSFUR_MID,2047,0.1242735380232525
RE1,CA_DEMINDNGSFUR_MID,2048,0.0991452149919516
RE1,CA_DEMINDNGSFUR_MID,2049,0.07727555851020233
RE1,CA_DEMINDNGSFUR_MID,2050,0.05891601733062403
RE1,CA_DEMINDNGSFUR_MID,2051,0.04407163881779645
RE1,CA_DEMINDNGSFUR_MID,2052,0.03224267300816988
RE1,CA_DEMINDNGSFUR_MID,2053,0.02318037490860963
RE1,CA_DEMINDNGSFUR_MID,2054,0.01638181495108568
RE1,CA_DEMINDNGSFUR_MID,2055,0.0
RE1,CA_DEMINDWASBOI_HIG,2022,0.0
RE1,CA_DEMINDWASBOI_HIG,2023,0.0
RE1,CA_DEMINDWASBOI_HIG,2024,0.0
RE1,CA_DEMINDWASBOI_HIG,2025,0.1497560815340361
RE1,CA_DEMINDWASBOI_HIG,2026,0.1500162419700624
RE1,CA_DEMINDWASBOI_HIG,2027,0.1505933798409665
RE1,CA_DEMINDWASBOI_HIG,2028,0.151160296875377
RE1,CA_DEMINDWASBOI_HIG,2029,0.1520537371006823
RE1,CA_DEMINDWASBOI_HIG,2030,0.1531166341590435
RE1,CA_DEMINDWASBOI_HIG,2031,0.1540225905191803
RE1,CA_DEMINDWASBOI_HIG,2032,0.1553275687896043
RE1,CA_DEMINDWASBOI_HIG,2033,0.1567863501269894
RE1,CA_DEMINDWASBOI_HIG,2034,0.158913643649479
RE1,CA_DEMINDWASBOI_HIG,2035,0.1623927666980527
RE1,CA_DEMINDWASBOI_HIG,2036,0.1672572995745758
RE1,CA_DEMINDWASBOI_HIG,2037,0.1736787021632131
RE1,CA_DEMINDWASBOI_HIG,2038,0.1822197387158969
RE1,CA_DEMINDWASBOI_HIG,2039,0.1930694771196809
RE1,CA_DEMINDWASBOI_HIG,2040,0.2069795268963277
RE1,CA_DEMINDWASBOI_HIG,2041,0.2239286450828054
RE1,CA_DEMINDWASBOI_HIG,2042,0.244138167960565
RE1,CA_DEMINDWASBOI_HIG,2043,0.2672281555041304
RE1,CA_DEMINDWASBOI_HIG,2044,0.293044075584395
RE1,CA_DEMINDWASBOI_HIG,2045,0.3200573284687913
RE1,CA_DEMINDWASBOI_HIG,2046,0.347066996541921
RE1,CA_DEMINDWASBOI_HIG,2047,0.3726777341765216
RE1,CA_DEMINDWASBOI_HIG,2048,0.3959294943203912
RE1,CA_DEMINDWASBOI_HIG,2049,0.4160607502818595
RE1,CA_DEMINDWASBOI_HIG,2050,0.4328675378709337
RE1,CA_DEMINDWASBOI_HIG,2051,0.4463636434129055
RE1,CA_DEMINDWASBOI_HIG,2052,0.456952645061431
RE1,CA_DEMINDWASBOI_HIG,2053,0.4652239143603604
RE1,CA_DEMINDWASBOI_HIG,2054,0.4713845495120991
RE1,CA_DEMINDWASBOI_LOW,2022,0.0
RE1,CA_DEMINDWASBOI_LOW,2023,0.0
RE1,CA_DEMINDWASBOI_LOW,2024,0.0
RE1,CA_DEMINDWASBOI_LOW,2025,0.1489720182799312
RE1,CA_DEMINDWASBOI_LOW,2026,0.1488396439938266
RE1,CA_DEMINDWASBOI_LOW,2027,0.1488263128024154
RE1,CA_DEMINDWASBOI_LOW,2028,0.148801488601639
RE1,CA_DEMINDWASBOI_LOW,2029,0.1489023643110308
RE1,CA_DEMINDWASBOI_LOW,2030,0.1487756986545345
RE1,CA_DEMINDWASBOI_LOW,2031,0.1483034418315283
RE1,CA_DEMINDWASBOI_LOW,2032,0.1474529138446307
RE1,CA_DEMINDWASBOI_LOW,2033,0.1459937978654318
RE1,CA_DEMINDWASBOI_LOW,2034,0.1444491791598585
RE1,CA_DEMINDWASBOI_LOW,2035,0.1424840380884357
RE1,CA_DEMINDWASBOI_LOW,2036,0.1405195515679049
RE1,CA_DEMINDWASBOI_LOW,2037,0.1375769494663654
RE1,CA_DEMINDWASBOI_LOW,2038,0.134031006956982
RE1,CA_DEMINDWASBOI_LOW,2039,0.1292980437680287
RE1,CA_DEMINDWASBOI_LOW,2040,0.1231742570607148
RE1,CA_DEMINDWASBOI_LOW,2041,0.1156640131992926
RE1,CA_DEMINDWASBOI_LOW,2042,0.1067982902074504
RE1,CA_DEMINDWASBOI_LOW,2043,0.09659083148040205
RE1,CA_DEMINDWASBOI_LOW,2044,0.08544691402063208
RE1,CA_DEMINDWASBOI_LOW,2045,0.07375487253980641
RE1,CA_DEMINDWASBOI_LOW,2046,0.06208017825232797
RE1,CA_DEMINDWASBOI_LOW,2047,0.05099596466619416
RE1,CA_DEMINDWASBOI_LOW,2048,0.04108519471166075
RE1,CA_DEMINDWASBOI_LOW,2049,0.03234736745673673
RE1,CA_DEMINDWASBOI_LOW,2050,0.02497312718486156
RE1,CA_DEMINDWASBOI_LOW,2051,0.0189612644362656
RE1,CA_DEMINDWASBOI_LOW,2052,0.01430998549917304
RE1,CA_DEMINDWASBOI_LOW,2053,0.01063037610711251
RE1,CA_DEMINDWASBOI_LOW,2054,0.007920805954916423
RE1,CA_DEMINDWASBOI_MID,2022,0.0
RE1,CA_DEMINDWASBOI_MID,2023,0.0
RE1,CA_DEMINDWASBOI_MID,2024,0.0
RE1,CA_DEMINDWASBOI_MID,2025,0.1985640191020661
RE1,CA_DEMINDWASBOI_MID,2026,0.1984528586584355
RE1,CA_DEMINDWASBOI_MID,2027,0.1985005306639076
RE1,CA_DEMINDWASBOI_MID,2028,0.1985330297062818
RE1,CA_DEMINDWASBOI_MID,2029,0.1985364857480411
RE1,CA_DEMINDWASBOI_MID,2030,0.1984991417061827
RE1,CA_DEMINDWASBOI_MID,2031,0.1978036597832751
RE1,CA_DEMINDWASBOI_MID,2032,0.1964726408770913
RE1,CA_DEMINDWASBOI_MID,2033,0.1948546253768466
RE1,CA_DEMINDWASBOI_MID,2034,0.1925337503010293
RE1,CA_DEMINDWASBOI_MID,2035,0.1901088398604607
RE1,CA_DEMINDWASBOI_MID,2036,0.18735940209054
RE1,CA_DEMINDWASBOI_MID,2037,0.1836310772309927
RE1,CA_DEMINDWASBOI_MID,2038,0.178708009275976
RE1,CA_DEMINDWASBOI_MID,2039,0.1722023720168467
RE1,CA_DEMINDWASBOI_MID,2040,0.1642973080730737
RE1,CA_DEMINDWASBOI_MID,2041,0.1542186842657234
RE1,CA_DEMINDWASBOI_MID,2042,0.1423977202766005
RE1,CA_DEMINDWASBOI_MID,2043,0.1288525578903553
RE1,CA_DEMINDWASBOI_MID,2044,0.1139939512047978
RE1,CA_DEMINDWASBOI_MID,2045,0.09840452730968903
RE1,CA_DEMINDWASBOI_MID,2046,0.08283823785545012
RE1,CA_DEMINDWASBOI_MID,2047,0.06805925322370399
RE1,CA_DEMINDWASBOI_MID,2048,0.05465106089003929
RE1,CA_DEMINDWASBOI_MID,2049,0.04300069206823687
RE1,CA_DEMINDWASBOI_MID,2050,0.03329750291314874
RE1,CA_DEMINDWASBOI_MID,2051,0.02534618001174279
RE1,CA_DEMINDWASBOI_MID,2052,0.01914444005970447
RE1,CA_DEMINDWASBOI_MID,2053,0.01430268785320593
RE1,CA_DEMINDWASBOI_MID,2054,0.01062547140293666
RE1,CA_DEMINDWASFUR_HIG,2022,0.0
RE1,CA_DEMINDWASFUR_HIG,2023,0.0
RE1,CA_DEMINDWASFUR_HIG,2024,0.0
RE1,CA_DEMINDWASFUR_HIG,2025,0.1846977665704712
RE1,CA_DEMINDWASFUR_HIG,2026,0.1850591127427264
RE1,CA_DEMINDWASFUR_HIG,2027,0.1855821568567201
RE1,CA_DEMINDWASFUR_HIG,2028,0.1863758404555233
RE1,CA_DEMINDWASFUR_HIG,2029,0.1871295725420865
RE1,CA_DEMINDWASFUR_HIG,2030,0.1882163000683721
RE1,CA_DEMINDWASFUR_HIG,2031,0.1894213934324392
RE1,CA_DEMINDWASFUR_HIG,2032,0.1903470403424292
RE1,CA_DEMINDWASFUR_HIG,2033,0.1916153656071792
RE1,CA_DEMINDWASFUR_HIG,2034,0.1930088524652284
RE1,CA_DEMINDWASFUR_HIG,2035,0.195790657379347
RE1,CA_DEMINDWASFUR_HIG,2036,0.1998220968881135
RE1,CA_DEMINDWASFUR_HIG,2037,0.2051133186740577
RE1,CA_DEMINDWASFUR_HIG,2038,0.2119617430246208
RE1,CA_DEMINDWASFUR_HIG,2039,0.2208448827024509
RE1,CA_DEMINDWASFUR_HIG,2040,0.2320557720593878
RE1,CA_DEMINDWASFUR_HIG,2041,0.2457364806148979
RE1,CA_DEMINDWASFUR_HIG,2042,0.2622219373383807
RE1,CA_DEMINDWASFUR_HIG,2043,0.2809067967750896
RE1,CA_DEMINDWASFUR_HIG,2044,0.3018315479551585
RE1,CA_DEMINDWASFUR_HIG,2045,0.3236102128055163
RE1,CA_DEMINDWASFUR_HIG,2046,0.3455622003616162
RE1,CA_DEMINDWASFUR_HIG,2047,0.3663768150065716
RE1,CA_DEMINDWASFUR_HIG,2048,0.3852752213298266
RE1,CA_DEMINDWASFUR_HIG,2049,0.4017960782633542
RE1,CA_DEMINDWASFUR_HIG,2050,0.4154454362650497
RE1,CA_DEMINDWASFUR_HIG,2051,0.4265490997836529
RE1,CA_DEMINDWASFUR_HIG,2052,0.4352772554479832
RE1,CA_DEMINDWASFUR_HIG,2053,0.4419578312668379
RE1,CA_DEMINDWASFUR_HIG,2054,0.4470732449235963
RE1,CA_DEMINDWASFUR_LOW,2022,0.0
RE1,CA_DEMINDWASFUR_LOW,2023,0.0
RE1,CA_DEMINDWASFUR_LOW,2024,0.0
RE1,CA_DEMINDWASFUR_LOW,2025,0.04593683731169523
RE1,CA_DEMINDWASFUR_LOW,2026,0.04598726880496203
RE1,CA_DEMINDWASFUR_LOW,2027,0.04607776154832948
RE1,CA_DEMINDWASFUR_LOW,2028,0.04599711177766545
RE1,CA_DEMINDWASFUR_LOW,2029,0.04610438743790539
RE1,CA_DEMINDWASFUR_LOW,2030,0.04605462567518365
RE1,CA_DEMINDWASFUR_LOW,2031,0.04595430254869826
RE1,CA_DEMINDWASFUR_LOW,2032,0.04574727188061745
RE1,CA_DEMINDWASFUR_LOW,2033,0.04531121051826715
RE1,CA_DEMINDWASFUR_LOW,2034,0.04483401679999538
RE1,CA_DEMINDWASFUR_LOW,2035,0.0443029954653997
RE1,CA_DEMINDWASFUR_LOW,2036,0.04368130098905502
RE1,CA_DEMINDWASFUR_LOW,2037,0.04273856136585712
RE1,CA_DEMINDWASFUR_LOW,2038,0.04162966767050271
RE1,CA_DEMINDWASFUR_LOW,2039,0.04019694627605758
RE1,CA_DEMINDWASFUR_LOW,2040,0.03827887821102838
RE1,CA_DEMINDWASFUR_LOW,2041,0.03587625621380295
RE1,CA_DEMINDWASFUR_LOW,2042,0.03315449782439297
RE1,CA_DEMINDWASFUR_LOW,2043,0.02996127798560492
RE1,CA_DEMINDWASFUR_LOW,2044,0.02645977349528162
RE1,CA_DEMINDWASFUR_LOW,2045,0.02280953041800995
RE1,CA_DEMINDWASFUR_LOW,2046,0.01916270680282106
RE1,CA_DEMINDWASFUR_LOW,2047,0.01567472112603741
RE1,CA_DEMINDWASFUR_LOW,2048,0.0125048243570486
RE1,CA_DEMINDWASFUR_LOW,2049,0.009653233861388185
RE1,CA_DEMINDWASFUR_LOW,2050,0.00743561900398223
RE1,CA_DEMINDWASFUR_LOW,2051,0.005535490727633612
RE1,CA_DEMINDWASFUR_LOW,2052,0.004110864018033986
RE1,CA_DEMINDWASFUR_LOW,2053,0.002845222089700673
RE1,CA_DEMINDWASFUR_LOW,2054,0.002054419294452721
RE1,CA_DEMINDWASFUR_MID,2022,0.0
RE1,CA_DEMINDWASFUR_MID,2023,0.0
RE1,CA_DEMINDWASFUR_MID,2024,0.0
RE1,CA_DEMINDWASFUR_MID,2025,0.2298425894457579
RE1,CA_DEMINDWASFUR_MID,2026,0.22993634402481
RE1,CA_DEMINDWASFUR_MID,2027,0.2302299189087222
RE1,CA_DEMINDWASFUR_MID,2028,0.2303038780009755
RE1,CA_DEMINDWASFUR_MID,2029,0.2303624064371466
RE1,CA_DEMINDWASFUR_MID,2030,0.2304330402706238
RE1,CA_DEMINDWASFUR_MID,2031,0.2299316322645669
RE1,CA_DEMINDWASFUR_MID,2032,0.2287363594030873
RE1,CA_DEMINDWASFUR_MID,2033,0.2268751456231547
RE1,CA_DEMINDWASFUR_MID,2034,0.2241700839999769
RE1,CA_DEMINDWASFUR_MID,2035,0.2215149773269985
RE1,CA_DEMINDWASFUR_MID,2036,0.2182476638507694
RE1,CA_DEMINDWASFUR_MID,2037,0.2138516862395676
RE1,CA_DEMINDWASFUR_MID,2038,0.2081483383525137
RE1,CA_DEMINDWASFUR_MID,2039,0.2008258501697107
RE1,CA_DEMINDWASFUR_MID,2040,0.1913943910551419
RE1,CA_DEMINDWASFUR_MID,2041,0.1796987700620571
RE1,CA_DEMINDWASFUR_MID,2042,0.1657724891219648
RE1,CA_DEMINDWASFUR_MID,2043,0.1498063899280246
RE1,CA_DEMINDWASFUR_MID,2044,0.132298867476408
RE1,CA_DEMINDWASFUR_MID,2045,0.113889252573258
RE1,CA_DEMINDWASFUR_MID,2046,0.09565516453639605
RE1,CA_DEMINDWASFUR_MID,2047,0.07821527511376247
RE1,CA_DEMINDWASFUR_MID,2048,0.062365832869331
RE1,CA_DEMINDWASFUR_MID,2049,0.04858266877780611
RE1,CA_DEMINDWASFUR_MID,2050,0.03701989036025196
RE1,CA_DEMINDWASFUR_MID,2051,0.02767745363816805
RE1,CA_DEMINDWASFUR_MID,2052,0.0202380997810904
RE1,CA_DEMINDWASFUR_MID,2053,0.01454224623624788
RE1,CA_DEMINDWASFUR_MID,2054,0.01027209647226361
RE1,IN_DEMINDAUTBOI,2022,0.0
RE1,IN_DEMINDAUTBOI,2023,0.0
RE1,IN_DEMINDAUTBOI,2024,0.0
RE1,IN_DEMINDAUTBOI,2025,0.0
RE1,IN_DEMINDAUTBOI,2026,0.0
RE1,IN_DEMINDAUTBOI,2027,0.0
RE1,IN_DEMINDAUTBOI,2028,0.0
RE1,IN_DEMINDAUTBOI,2029,0.0
RE1,IN_DEMINDAUTBOI,2030,0.0
RE1,IN_DEMINDAUTBOI,2031,0.0
RE1,IN_DEMINDAUTBOI,2032,0.0
RE1,IN_DEMINDAUTBOI,2033,0.0
RE1,IN_DEMINDAUTBOI,2034,0.0
RE1,IN_DEMINDAUTBOI,2035,0.0
RE1,IN_DEMINDAUTBOI,2036,0.0
RE1,IN_DEMINDAUTBOI,2037,0.0
RE1,IN_DEMINDAUTBOI,2038,0.0
RE1,IN_DEMINDAUTBOI,2039,0.0
RE1,IN_DEMINDAUTBOI,2040,0.0
RE1,IN_DEMINDAUTBOI,2041,0.0
RE1,IN_DEMINDAUTBOI,2042,0.0
RE1,IN_DEMINDAUTBOI,2043,0.0
RE1,IN_DEMINDAUTBOI,2044,0.0
RE1,IN_DEMINDAUTBOI,2045,0.0
RE1,IN_DEMINDAUTBOI,2046,0.0
RE1,IN_DEMINDAUTBOI,2047,0.0
RE1,IN_DEMINDAUTBOI,2048,0.0
RE1,IN_DEMINDAUTBOI,2049,0.0
RE1,IN_DEMINDAUTBOI,2050,0.0
RE1,IN_DEMINDAUTBOI,2051,0.0
RE1,IN_DEMINDAUTBOI,2052,0.0
RE1,IN_DEMINDAUTBOI,2053,0.0
RE1,IN_DEMINDAUTBOI,2054,0.0
RE1,IN_DEMINDAUTBOI,2055,0.0
RE1,IN_DEMINDAUTFUR,2022,0.0
RE1,IN_DEMINDAUTFUR,2023,0.0
RE1,IN_DEMINDAUTFUR,2024,0.0
RE1,IN_DEMINDAUTFUR,2025,0.0
RE1,IN_DEMINDAUTFUR,2026,0.0
RE1,IN_DEMINDAUTFUR,2027,0.0
RE1,IN_DEMINDAUTFUR,2028,0.0
RE1,IN_DEMINDAUTFUR,2029,0.0
RE1,IN_DEMINDAUTFUR,2030,0.0
RE1,IN_DEMINDAUTFUR,2031,0.0
RE1,IN_DEMINDAUTFUR,2032,0.0
RE1,IN_DEMINDAUTFUR,2033,0.0
RE1,IN_DEMINDAUTFUR,2034,0.0
RE1,IN_DEMINDAUTFUR,2035,0.0
RE1,IN_DEMINDAUTFUR,2036,0.0
RE1,IN_DEMINDAUTFUR,2037,0.0
RE1,IN_DEMINDAUTFUR,2038,0.0
RE1,IN_DEMINDAUTFUR,2039,0.0
RE1,IN_DEMINDAUTFUR,2040,0.0
RE1,IN_DEMINDAUTFUR,2041,0.0
RE1,IN_DEMINDAUTFUR,2042,0.0
RE1,IN_DEMINDAUTFUR,2043,0.0
RE1,IN_DEMINDAUTFUR,2044,0.0
RE1,IN_DEMINDAUTFUR,2045,0.0
RE1,IN_DEMINDAUTFUR,2046,0.0
RE1,IN_DEMINDAUTFUR,2047,0.0
RE1,IN_DEMINDAUTFUR,2048,0.0
RE1,IN_DEMINDAUTFUR,2049,0.0
RE1,IN_DEMINDAUTFUR,2050,0.0
RE1,IN_DEMINDAUTFUR,2051,0.0
RE1,IN_DEMINDAUTFUR,2052,0.0
RE1,IN_DEMINDAUTFUR,2053,0.0
RE1,IN_DEMINDAUTFUR,2054,0.0
RE1,IN_DEMINDAUTFUR,2055,0.0
RE1,NE_DEMINDAUTBOI,2022,0.0
RE1,NE_DEMINDAUTBOI,2023,0.0
RE1,NE_DEMINDAUTBOI,2024,0.0
RE1,NE_DEMINDAUTBOI,2025,0.0
RE1,NE_DEMINDAUTBOI,2026,0.0
RE1,NE_DEMINDAUTBOI,2027,0.0
RE1,NE_DEMINDAUTBOI,2028,0.0
RE1,NE_DEMINDAUTBOI,2029,0.0
RE1,NE_DEMINDAUTBOI,2030,0.0
RE1,NE_DEMINDAUTBOI,2031,0.0
RE1,NE_DEMINDAUTBOI,2032,0.0
RE1,NE_DEMINDAUTBOI,2033,0.0
RE1,NE_DEMINDAUTBOI,2034,0.0
RE1,NE_DEMINDAUTBOI,2035,0.0
RE1,NE_DEMINDAUTBOI,2036,0.0
RE1,NE_DEMINDAUTBOI,2037,0.0
RE1,NE_DEMINDAUTBOI,2038,0.0
RE1,NE_DEMINDAUTBOI,2039,0.0
RE1,NE_DEMINDAUTBOI,2040,0.0
RE1,NE_DEMINDAUTBOI,2041,0.0
RE1,NE_DEMINDAUTBOI,2042,0.0
RE1,NE_DEMINDAUTBOI,2043,0.0
RE1,NE_DEMINDAUTBOI,2044,0.0
RE1,NE_DEMINDAUTBOI,2045,0.0
RE1,NE_DEMINDAUTBOI,2046,0.0
RE1,NE_DEMINDAUTBOI,2047,0.0
RE1,NE_DEMINDAUTBOI,2048,0.0
RE1,NE_DEMINDAUTBOI,2049,0.0
RE1,NE_DEMINDAUTBOI,2050,0.0
RE1,NE_DEMINDAUTBOI,2051,0.0
RE1,NE_DEMINDAUTBOI,2052,0.0
RE1,NE_DEMINDAUTBOI,2053,0.0
RE1,NE_DEMINDAUTBOI,2054,0.0
RE1,NE_DEMINDAUTBOI,2055,0.0
RE1,NE_DEMINDAUTFUR,2022,0.0
RE1,NE_DEMINDAUTFUR,2023,0.0
RE1,NE_DEMINDAUTFUR,2024,0.0
RE1,NE_DEMINDAUTFUR,2025,0.0
RE1,NE_DEMINDAUTFUR,2026,0.0
RE1,NE_DEMINDAUTFUR,2027,0.0
RE1,NE_DEMINDAUTFUR,2028,0.0
RE1,NE_DEMINDAUTFUR,2029,0.0
RE1,NE_DEMINDAUTFUR,2030,0.0
RE1,NE_DEMINDAUTFUR,2031,0.0
RE1,NE_DEMINDAUTFUR,2032,0.0
RE1,NE_DEMINDAUTFUR,2033,0.0
RE1,NE_DEMINDAUTFUR,2034,0.0
RE1,NE_DEMINDAUTFUR,2035,0.0
RE1,NE_DEMINDAUTFUR,2036,0.0
RE1,NE_DEMINDAUTFUR,2037,0.0
RE1,NE_DEMINDAUTFUR,2038,0.0
RE1,NE_DEMINDAUTFUR,2039,0.0
RE1,NE_DEMINDAUTFUR,2040,0.0
RE1,NE_DEMINDAUTFUR,2041,0.0
RE1,NE_DEMINDAUTFUR,2042,0.0
RE1,NE_DEMINDAUTFUR,2043,0.0
RE1,NE_DEMINDAUTFUR,2044,0.0
RE1,NE_DEMINDAUTFUR,2045,0.0
RE1,NE_DEMINDAUTFUR,2046,0.0
RE1,NE_DEMINDAUTFUR,2047,0.0
RE1,NE_DEMINDAUTFUR,2048,0.0
RE1,NE_DEMINDAUTFUR,2049,0.0
RE1,NE_DEMINDAUTFUR,2050,0.0
RE1,NE_DEMINDAUTFUR,2051,0.0
RE1,NE_DEMINDAUTFUR,2052,0.0
RE1,NE_DEMINDAUTFUR,2053,0.0
RE1,NE_DEMINDAUTFUR,2054,0.0
RE1,NE_DEMINDAUTFUR,2055,0.0
RE1,NE_DEMINDCOABOI_HIG,2022,0.0
RE1,NE_DEMINDCOABOI_HIG,2023,0.0
RE1,NE_DEMINDCOABOI_HIG,2024,0.0
RE1,NE_DEMINDCOABOI_HIG,2025,0.02334551504420393
RE1,NE_DEMINDCOABOI_HIG,2026,0.02349798670721336
RE1,NE_DEMINDCOABOI_HIG,2027,0.02366984313443498
RE1,NE_DEMINDCOABOI_HIG,2028,0.02378979778563847
RE1,NE_DEMINDCOABOI_HIG,2029,0.02389362139995902
RE1,NE_DEMINDCOABOI_HIG,2030,0.02407699837197908
RE1,NE_DEMINDCOABOI_HIG,2031,0.0244528780402393
RE1,NE_DEMINDCOABOI_HIG,2032,0.02481652844414846
RE1,NE_DEMINDCOABOI_HIG,2033,0.02529438926774391
RE1,NE_DEMINDCOABOI_HIG,2034,0.02584190390827625
RE1,NE_DEMINDCOABOI_HIG,2035,0.02649319607170003
RE1,NE_DEMINDCOABOI_HIG,2036,0.02735057273577038
RE1,NE_DEMINDCOABOI_HIG,2037,0.02845448082621433
RE1,NE_DEMINDCOABOI_HIG,2038,0.02990927730068213
RE1,NE_DEMINDCOABOI_HIG,2039,0.03175563222847924
RE1,NE_DEMINDCOABOI_HIG,2040,0.03412924681575579
RE1,NE_DEMINDCOABOI_HIG,2041,0.03703305859226672
RE1,NE_DEMINDCOABOI_HIG,2042,0.0404868020628426
RE1,NE_DEMINDCOABOI_HIG,2043,0.04443894865515856
RE1,NE_DEMINDCOABOI_HIG,2044,0.04884604524798011
RE1,NE_DEMINDCOABOI_HIG,2045,0.05346574400341239
RE1,NE_DEMINDCOABOI_HIG,2046,0.05809904725727557
RE1,NE_DEMINDCOABOI_HIG,2047,0.0625154207244109
RE1,NE_DEMINDCOABOI_HIG,2048,0.06655429227189129
RE1,NE_DEMINDCOABOI_HIG,2049,0.07008490362041461
RE1,NE_DEMINDCOABOI_HIG,2050,0.07306975670556187
RE1,NE_DEMINDCOABOI_HIG,2051,0.07550439899231766
RE1,NE_DEMINDCOABOI_HIG,2052,0.07745000549718126
RE1,NE_DEMINDCOABOI_HIG,2053,0.07900766542377265
RE1,NE_DEMINDCOABOI_HIG,2054,0.08020198223252534
RE1,NE_DEMINDCOABOI_HIG,2055,0.0
RE1,NE_DEMINDCOABOI_LOW,2022,0.0
RE1,NE_DEMINDCOABOI_LOW,2023,0.0
RE1,NE_DEMINDCOABOI_LOW,2024,0.0
RE1,NE_DEMINDCOABOI_LOW,2025,0.02322328721674735
RE1,NE_DEMINDCOABOI_LOW,2026,0.02331368877225482
RE1,NE_DEMINDCOABOI_LOW,2027,0.02339210051616911
RE1,NE_DEMINDCOABOI_LOW,2028,0.02341856557051796
RE1,NE_DEMINDCOABOI_LOW,2029,0.02339841681135884
RE1,NE_DEMINDCOABOI_LOW,2030,0.02339440305730958
RE1,NE_DEMINDCOABOI_LOW,2031,0.02354489665334182
RE1,NE_DEMINDCOABOI_LOW,2032,0.023558402794255
RE1,NE_DEMINDCOABOI_LOW,2033,0.02355322354843738
RE1,NE_DEMINDCOABOI_LOW,2034,0.02348975029300879
RE1,NE_DEMINDCOABOI_LOW,2035,0.02324523213021758
RE1,NE_DEMINDCOABOI_LOW,2036,0.02297831081651654
RE1,NE_DEMINDCOABOI_LOW,2037,0.02253978537357426
RE1,NE_DEMINDCOABOI_LOW,2038,0.02199965043422767
RE1,NE_DEMINDCOABOI_LOW,2039,0.02126665067422398
RE1,NE_DEMINDCOABOI_LOW,2040,0.02031043689977182
RE1,NE_DEMINDCOABOI_LOW,2041,0.0191283798293969
RE1,NE_DEMINDCOABOI_LOW,2042,0.01771095962749052
RE1,NE_DEMINDCOABOI_LOW,2043,0.01606265998662821
RE1,NE_DEMINDCOABOI_LOW,2044,0.01424271697091534
RE1,NE_DEMINDCOABOI_LOW,2045,0.01232079000685064
RE1,NE_DEMINDCOABOI_LOW,2046,0.0103922275697754
RE1,NE_DEMINDCOABOI_LOW,2047,0.008554399401935519
RE1,NE_DEMINDCOABOI_LOW,2048,0.006906270172119897
RE1,NE_DEMINDCOABOI_LOW,2049,0.005448872860618827
RE1,NE_DEMINDCOABOI_LOW,2050,0.004215562886859339
RE1,NE_DEMINDCOABOI_LOW,2051,0.003207382358581332
RE1,NE_DEMINDCOABOI_LOW,2052,0.002425433942780962
RE1,NE_DEMINDCOABOI_LOW,2053,0.001805326796139383
RE1,NE_DEMINDCOABOI_LOW,2054,0.001347656258825221
RE1,NE_DEMINDCOABOI_LOW,2055,0.0
RE1,NE_DEMINDCOABOI_MID,2022,0.0
RE1,NE_DEMINDCOABOI_MID,2023,0.0
RE1,NE_DEMINDCOABOI_MID,2024,0.0
RE1,NE_DEMINDCOABOI_MID,2025,0.0309541973033751
RE1,NE_DEMINDCOABOI_MID,2026,0.03108491836300642
RE1,NE_DEMINDCOABOI_MID,2027,0.03119975411853163
RE1,NE_DEMINDCOABOI_MID,2028,0.0312453781059751
RE1,NE_DEMINDCOABOI_MID,2029,0.03119788908181178
RE1,NE_DEMINDCOABOI_MID,2030,0.03121322211625123
RE1,NE_DEMINDCOABOI_MID,2031,0.03140363210545456
RE1,NE_DEMINDCOABOI_MID,2032,0.03139023496484177
RE1,NE_DEMINDCOABOI_MID,2033,0.03143595562311602
RE1,NE_DEMINDCOABOI_MID,2034,0.0313090717707898
RE1,NE_DEMINDCOABOI_MID,2035,0.03101487136278346
RE1,NE_DEMINDCOABOI_MID,2036,0.03063774775535538
RE1,NE_DEMINDCOABOI_MID,2037,0.03008501849153673
RE1,NE_DEMINDCOABOI_MID,2038,0.02933286724563687
RE1,NE_DEMINDCOABOI_MID,2039,0.02832345783610825
RE1,NE_DEMINDCOABOI_MID,2040,0.0270912947887779
RE1,NE_DEMINDCOABOI_MID,2041,0.02550450643919587
RE1,NE_DEMINDCOABOI_MID,2042,0.02361461283665401
RE1,NE_DEMINDCOABOI_MID,2043,0.02142765306063282
RE1,NE_DEMINDCOABOI_MID,2044,0.01900107923165296
RE1,NE_DEMINDCOABOI_MID,2045,0.01643852771966652
RE1,NE_DEMINDCOABOI_MID,2046,0.01386712866341904
RE1,NE_DEMINDCOABOI_MID,2047,0.01141670794706984
RE1,NE_DEMINDCOABOI_MID,2048,0.009186642398763259
RE1,NE_DEMINDCOABOI_MID,2049,0.007243411826690895
RE1,NE_DEMINDCOABOI_MID,2050,0.005620750515812451
RE1,NE_DEMINDCOABOI_MID,2051,0.004287419275246473
RE1,NE_DEMINDCOABOI_MID,2052,0.003244837301828585
RE1,NE_DEMINDCOABOI_MID,2053,0.002428985143896625
RE1,NE_DEMINDCOABOI_MID,2054,0.00180783156671676
RE1,NE_DEMINDCOABOI_MID,2055,0.0
RE1,NE_DEMINDCOAFUR_HIG,2022,0.0
RE1,NE_DEMINDCOAFUR_HIG,2023,0.0
RE1,NE_DEMINDCOAFUR_HIG,2024,0.0
RE1,NE_DEMINDCOAFUR_HIG,2025,0.1787063188566383
RE1,NE_DEMINDCOAFUR_HIG,2026,0.1795726809302322
RE1,NE_DEMINDCOAFUR_HIG,2027,0.180360820208585
RE1,NE_DEMINDCOAFUR_HIG,2028,0.1811563858474614
RE1,NE_DEMINDCOAFUR_HIG,2029,0.1814900361540956
RE1,NE_DEMINDCOAFUR_HIG,2030,0.1824336545735808
RE1,NE_DEMINDCOAFUR_HIG,2031,0.1847920965059761
RE1,NE_DEMINDCOAFUR_HIG,2032,0.1866246177942108
RE1,NE_DEMINDCOAFUR_HIG,2033,0.1893920624770006
RE1,NE_DEMINDCOAFUR_HIG,2034,0.1921525131501688
RE1,NE_DEMINDCOAFUR_HIG,2035,0.1954727955806032
RE1,NE_DEMINDCOAFUR_HIG,2036,0.1997980593349493
RE1,NE_DEMINDCOAFUR_HIG,2037,0.2053392467695521
RE1,NE_DEMINDCOAFUR_HIG,2038,0.2124647056096178
RE1,NE_DEMINDCOAFUR_HIG,2039,0.2216978375488792
RE1,NE_DEMINDCOAFUR_HIG,2040,0.2333981804358963
RE1,NE_DEMINDCOAFUR_HIG,2041,0.2477376622299378
RE1,NE_DEMINDCOAFUR_HIG,2042,0.2649546175204448
RE1,NE_DEMINDCOAFUR_HIG,2043,0.2844766740412796
RE1,NE_DEMINDCOAFUR_HIG,2044,0.3062429255368322
RE1,NE_DEMINDCOAFUR_HIG,2045,0.328886960259369
RE1,NE_DEMINDCOAFUR_HIG,2046,0.3517450769458229
RE1,NE_DEMINDCOAFUR_HIG,2047,0.3735176062780375
RE1,NE_DEMINDCOAFUR_HIG,2048,0.3934088112243556
RE1,NE_DEMINDCOAFUR_HIG,2049,0.4109322409780104
RE1,NE_DEMINDCOAFUR_HIG,2050,0.4255796998581568
RE1,NE_DEMINDCOAFUR_HIG,2051,0.4376543659711249
RE1,NE_DEMINDCOAFUR_HIG,2052,0.4472986149283352
RE1,NE_DEMINDCOAFUR_HIG,2053,0.4548512985276041
RE1,NE_DEMINDCOAFUR_HIG,2054,0.4607630179594962
RE1,NE_DEMINDCOAFUR_HIG,2055,0.0
RE1,NE_DEMINDCOAFUR_LOW,2022,0.0
RE1,NE_DEMINDCOAFUR_LOW,2023,0.0
RE1,NE_DEMINDCOAFUR_LOW,2024,0.0
RE1,NE_DEMINDCOAFUR_LOW,2025,0.04444668307755156
RE1,NE_DEMINDCOAFUR_LOW,2026,0.04462388814890089
RE1,NE_DEMINDCOAFUR_LOW,2027,0.04478136803124115
RE1,NE_DEMINDCOAFUR_LOW,2028,0.04470896286073128
RE1,NE_DEMINDCOAFUR_LOW,2029,0.04471493644376269
RE1,NE_DEMINDCOAFUR_LOW,2030,0.04463967078775806
RE1,NE_DEMINDCOAFUR_LOW,2031,0.04483121867896465
RE1,NE_DEMINDCOAFUR_LOW,2032,0.04485263923457503
RE1,NE_DEMINDCOAFUR_LOW,2033,0.0447854668971425
RE1,NE_DEMINDCOAFUR_LOW,2034,0.04463509778282336
RE1,NE_DEMINDCOAFUR_LOW,2035,0.04423107053283721
RE1,NE_DEMINDCOAFUR_LOW,2036,0.04367604635700403
RE1,NE_DEMINDCOAFUR_LOW,2037,0.04278563701085168
RE1,NE_DEMINDCOAFUR_LOW,2038,0.04172845042707635
RE1,NE_DEMINDCOAFUR_LOW,2039,0.04035219633083918
RE1,NE_DEMINDCOAFUR_LOW,2040,0.03850031586930251
RE1,NE_DEMINDCOAFUR_LOW,2041,0.0361684183875749
RE1,NE_DEMINDCOAFUR_LOW,2042,0.03350000911178037
RE1,NE_DEMINDCOAFUR_LOW,2043,0.03034203803261955
RE1,NE_DEMINDCOAFUR_LOW,2044,0.02684649268485616
RE1,NE_DEMINDCOAFUR_LOW,2045,0.02318145975396432
RE1,NE_DEMINDCOAFUR_LOW,2046,0.01950557026143197
RE1,NE_DEMINDCOAFUR_LOW,2047,0.01598022602485986
RE1,NE_DEMINDCOAFUR_LOW,2048,0.01276881515477571
RE1,NE_DEMINDCOAFUR_LOW,2049,0.009872732059731633
RE1,NE_DEMINDCOAFUR_LOW,2050,0.007617001482609813
RE1,NE_DEMINDCOAFUR_LOW,2051,0.005679608012231878
RE1,NE_DEMINDCOAFUR_LOW,2052,0.004224396653881843
RE1,NE_DEMINDCOAFUR_LOW,2053,0.002928227243739939
RE1,NE_DEMINDCOAFUR_LOW,2054,0.002117327406671421
RE1,NE_DEMINDCOAFUR_LOW,2055,0.0
RE1,NE_DEMINDCOAFUR_MID,2022,0.0
RE1,NE_DEMINDCOAFUR_MID,2023,0.0
RE1,NE_DEMINDCOAFUR_MID,2024,0.0
RE1,NE_DEMINDCOAFUR_MID,2025,0.2223866798121632
RE1,NE_DEMINDCOAFUR_MID,2026,0.2231194407445044
RE1,NE_DEMINDCOAFUR_MID,2027,0.2237524216457532
RE1,NE_DEMINDCOAFUR_MID,2028,0.2238542188909279
RE1,NE_DEMINDCOAFUR_MID,2029,0.2234199592553402
RE1,NE_DEMINDCOAFUR_MID,2030,0.2233533527956924
RE1,NE_DEMINDCOAFUR_MID,2031,0.2243122997316836
RE1,NE_DEMINDCOAFUR_MID,2032,0.2242631961728751
RE1,NE_DEMINDCOAFUR_MID,2033,0.2242427250976642
RE1,NE_DEMINDCOAFUR_MID,2034,0.2231754889141169
RE1,NE_DEMINDCOAFUR_MID,2035,0.221155352664186
RE1,NE_DEMINDCOAFUR_MID,2036,0.2182214097982674
RE1,NE_DEMINDCOAFUR_MID,2037,0.2140872394669381
RE1,NE_DEMINDCOAFUR_MID,2038,0.2086422521353818
RE1,NE_DEMINDCOAFUR_MID,2039,0.2016014868070384
RE1,NE_DEMINDCOAFUR_MID,2040,0.1925015793465127
RE1,NE_DEMINDCOAFUR_MID,2041,0.1811621664368796
RE1,NE_DEMINDCOAFUR_MID,2042,0.1675000455589019
RE1,NE_DEMINDCOAFUR_MID,2043,0.1517101901630977
RE1,NE_DEMINDCOAFUR_MID,2044,0.1342324634242808
RE1,NE_DEMINDCOAFUR_MID,2045,0.1157463164104191
RE1,NE_DEMINDCOAFUR_MID,2046,0.09736664824714802
RE1,NE_DEMINDCOAFUR_MID,2047,0.07973971369980574
RE1,NE_DEMINDCOAFUR_MID,2048,0.06368244520229913
RE1,NE_DEMINDCOAFUR_MID,2049,0.04968735643176415
RE1,NE_DEMINDCOAFUR_MID,2050,0.03792294355171694
RE1,NE_DEMINDCOAFUR_MID,2051,0.02839804006115938
RE1,NE_DEMINDCOAFUR_MID,2052,0.02079702968064908
RE1,NE_DEMINDCOAFUR_MID,2053,0.01496649480133747
RE1,NE_DEMINDCOAFUR_MID,2054,0.0105866370333571
RE1,NE_DEMINDCOAFUR_MID,2055,0.0
RE1,NE_DEMINDCOAOTH_LOW,2022,0.0
RE1,NE_DEMINDCOAOTH_LOW,2023,0.0
RE1,NE_DEMINDCOAOTH_LOW,2024,0.0
RE1,NE_DEMINDCOAOTH_LOW,2025,0.0
RE1,NE_DEMINDCOAOTH_LOW,2026,0.0
RE1,NE_DEMINDCOAOTH_LOW,2027,0.0
RE1,NE_DEMINDCOAOTH_LOW,2028,0.0
RE1,NE_DEMINDCOAOTH_LOW,2029,0.0
RE1,NE_DEMINDCOAOTH_LOW,2030,0.0
RE1,NE_DEMINDCOAOTH_LOW,2031,0.0
RE1,NE_DEMINDCOAOTH_LOW,2032,0.0
RE1,NE_DEMINDCOAOTH_LOW,2033,0.0
RE1,NE_DEMINDCOAOTH_LOW,2034,0.0
RE1,NE_DEMINDCOAOTH_LOW,2035,0.0
RE1,NE_DEMINDCOAOTH_LOW,2036,0.0
RE1,NE_DEMINDCOAOTH_LOW,2037,0.0
RE1,NE_DEMINDCOAOTH_LOW,2038,0.0
RE1,NE_DEMINDCOAOTH_LOW,2039,0.0
RE1,NE_DEMINDCOAOTH_LOW,2040,0.0
RE1,NE_DEMINDCOAOTH_LOW,2041,0.0
RE1,NE_DEMINDCOAOTH_LOW,2042,0.0
RE1,NE_DEMINDCOAOTH_LOW,2043,0.0
RE1,NE_DEMINDCOAOTH_LOW,2044,0.0
RE1,NE_DEMINDCOAOTH_LOW,2045,0.0
RE1,NE_DEMINDCOAOTH_LOW,2046,0.0
RE1,NE_DEMINDCOAOTH_LOW,2047,0.0
RE1,NE_DEMINDCOAOTH_LOW,2048,0.0
RE1,NE_DEMINDCOAOTH_LOW,2049,0.0
RE1,NE_DEMINDCOAOTH_LOW,2050,0.0
RE1,NE_DEMINDCOAOTH_LOW,2051,0.0
RE1,NE_DEMINDCOAOTH_LOW,2052,0.0
RE1,NE_DEMINDCOAOTH_LOW,2053,0.0
RE1,NE_DEMINDCOAOTH_LOW,2054,0.0
RE1,NE_DEMINDCOAOTH_LOW,2055,0.0
RE1,NE_DEMINDNGSBOI_HIG,2022,0.0
RE1,NE_DEMINDNGSBOI_HIG,2023,0.0
RE1,NE_DEMINDNGSBOI_HIG,2024,0.0
RE1,NE_DEMINDNGSBOI_HIG,2025,0.03614777752769924
RE1,NE_DEMINDNGSBOI_HIG,2026,0.03634985127268858
RE1,NE_DEMINDNGSBOI_HIG,2027,0.03656332558914986
RE1,NE_DEMINDNGSBOI_HIG,2028,0.03670644157194709
RE1,NE_DEMINDNGSBOI_HIG,2029,0.03682972324032068
RE1,NE_DEMINDNGSBOI_HIG,2030,0.03705819759569812
RE1,NE_DEMINDNGSBOI_HIG,2031,0.03750808384809369
RE1,NE_DEMINDNGSBOI_HIG,2032,0.03803768053634744
RE1,NE_DEMINDNGSBOI_HIG,2033,0.03876687662844717
RE1,NE_DEMINDNGSBOI_HIG,2034,0.03963766273110852
RE1,NE_DEMINDNGSBOI_HIG,2035,0.0406503577064226
RE1,NE_DEMINDNGSBOI_HIG,2036,0.04194266509657599
RE1,NE_DEMINDNGSBOI_HIG,2037,0.04361494905533401
RE1,NE_DEMINDNGSBOI_HIG,2038,0.04582691185728396
RE1,NE_DEMINDNGSBOI_HIG,2039,0.04863901539591438
RE1,NE_DEMINDNGSBOI_HIG,2040,0.05225922172402413
RE1,NE_DEMINDNGSBOI_HIG,2041,0.05669268704798624
RE1,NE_DEMINDNGSBOI_HIG,2042,0.06197613067727924
RE1,NE_DEMINDNGSBOI_HIG,2043,0.0680225548387067
RE1,NE_DEMINDNGSBOI_HIG,2044,0.07476307994086487
RE1,NE_DEMINDNGSBOI_HIG,2045,0.08181547857001754
RE1,NE_DEMINDNGSBOI_HIG,2046,0.08888177483850795
RE1,NE_DEMINDNGSBOI_HIG,2047,0.09561596180261375
RE1,NE_DEMINDNGSBOI_HIG,2048,0.1017693817731284
RE1,NE_DEMINDNGSBOI_HIG,2049,0.1071400595279723
RE1,NE_DEMINDNGSBOI_HIG,2050,0.1116767336224716
RE1,NE_DEMINDNGSBOI_HIG,2051,0.1153731572847757
RE1,NE_DEMINDNGSBOI_HIG,2052,0.1183230483745756
RE1,NE_DEMINDNGSBOI_HIG,2053,0.1206777065536477
RE1,NE_DEMINDNGSBOI_HIG,2054,0.1224758295130969
RE1,NE_DEMINDNGSBOI_HIG,2055,0.0
RE1,NE_DEMINDNGSBOI_LOW,2022,0.0
RE1,NE_DEMINDNGSBOI_LOW,2023,0.0
RE1,NE_DEMINDNGSBOI_LOW,2024,0.0
RE1,NE_DEMINDNGSBOI_LOW,2025,0.0
RE1,NE_DEMINDNGSBOI_LOW,2026,0.0
RE1,NE_DEMINDNGSBOI_LOW,2027,0.0
RE1,NE_DEMINDNGSBOI_LOW,2028,0.0
RE1,NE_DEMINDNGSBOI_LOW,2029,0.0
RE1,NE_DEMINDNGSBOI_LOW,2030,0.0
RE1,NE_DEMINDNGSBOI_LOW,2031,0.0
RE1,NE_DEMINDNGSBOI_LOW,2032,0.0
RE1,NE_DEMINDNGSBOI_LOW,2033,0.0
RE1,NE_DEMINDNGSBOI_LOW,2034,0.0
RE1,NE_DEMINDNGSBOI_LOW,2035,0.0
RE1,NE_DEMINDNGSBOI_LOW,2036,0.0
RE1,NE_DEMINDNGSBOI_LOW,2037,0.0
RE1,NE_DEMINDNGSBOI_LOW,2038,0.0
RE1,NE_DEMINDNGSBOI_LOW,2039,0.0
RE1,NE_DEMINDNGSBOI_LOW,2040,0.0
RE1,NE_DEMINDNGSBOI_LOW,2041,0.0
RE1,NE_DEMINDNGSBOI_LOW,2042,0.0
RE1,NE_DEMINDNGSBOI_LOW,2043,0.0
RE1,NE_DEMINDNGSBOI_LOW,2044,0.0
RE1,NE_DEMINDNGSBOI_LOW,2045,0.0
RE1,NE_DEMINDNGSBOI_LOW,2046,0.0
RE1,NE_DEMINDNGSBOI_LOW,2047,0.0
RE1,NE_DEMINDNGSBOI_LOW,2048,0.0
RE1,NE_DEMINDNGSBOI_LOW,2049,0.0
RE1,NE_DEMINDNGSBOI_LOW,2050,0.0
RE1,NE_DEMINDNGSBOI_LOW,2051,0.0
RE1,NE_DEMINDNGSBOI_LOW,2052,0.0
RE1,NE_DEMINDNGSBOI_LOW,2053,0.0
RE1,NE_DEMINDNGSBOI_LOW,2054,0.0
RE1,NE_DEMINDNGSBOI_LOW,2055,0.0
RE1,NE_DEMINDNGSBOI_MID,2022,0.0
RE1,NE_DEMINDNGSBOI_MID,2023,0.0
RE1,NE_DEMINDNGSBOI_MID,2024,0.0
RE1,NE_DEMINDNGSBOI_MID,2025,0.08384013321869509
RE1,NE_DEMINDNGSBOI_MID,2026,0.08415109359991041
RE1,NE_DEMINDNGSBOI_MID,2027,0.08437690520573045
RE1,NE_DEMINDNGSBOI_MID,2028,0.08434367003593043
RE1,NE_DEMINDNGSBOI_MID,2029,0.08415496346622497
RE1,NE_DEMINDNGSBOI_MID,2030,0.08404952032014007
RE1,NE_DEMINDNGSBOI_MID,2031,0.08428513079821309
RE1,NE_DEMINDNGSBOI_MID,2032,0.08422284904562606
RE1,NE_DEMINDNGSBOI_MID,2033,0.08427792828987828
RE1,NE_DEMINDNGSBOI_MID,2034,0.08400454229483394
RE1,NE_DEMINDNGSBOI_MID,2035,0.08325505953334629
RE1,NE_DEMINDNGSBOI_MID,2036,0.08217238587765589
RE1,NE_DEMINDNGSBOI_MID,2037,0.08066315297199975
RE1,NE_DEMINDNGSBOI_MID,2038,0.07860247622630503
RE1,NE_DEMINDNGSBOI_MID,2039,0.07595547252735721
RE1,NE_DEMINDNGSBOI_MID,2040,0.07258225239447796
RE1,NE_DEMINDNGSBOI_MID,2041,0.06837631037874514
RE1,NE_DEMINDNGSBOI_MID,2042,0.06330948169583425
RE1,NE_DEMINDNGSBOI_MID,2043,0.05743577175835526
RE1,NE_DEMINDNGSBOI_MID,2044,0.05093203855481053
RE1,NE_DEMINDNGSBOI_MID,2045,0.04405830501526718
RE1,NE_DEMINDNGSBOI_MID,2046,0.03716241899340635
RE1,NE_DEMINDNGSBOI_MID,2047,0.03059511785047215
RE1,NE_DEMINDNGSBOI_MID,2048,0.02460796602835313
RE1,NE_DEMINDNGSBOI_MID,2049,0.01940292511935811
RE1,NE_DEMINDNGSBOI_MID,2050,0.01503340644917886
RE1,NE_DEMINDNGSBOI_MID,2051,0.01145229866415849
RE1,NE_DEMINDNGSBOI_MID,2052,0.008662669220821656
RE1,NE_DEMINDNGSBOI_MID,2053,0.006467563001836543
RE1,NE_DEMINDNGSBOI_MID,2054,0.004818721161171025
RE1,NE_DEMINDNGSBOI_MID,2055,0.0
RE1,NE_DEMINDNGSFURCSS,2022,0.0
RE1,NE_DEMINDNGSFURCSS,2023,0.0
RE1,NE_DEMINDNGSFURCSS,2024,0.0
RE1,NE_DEMINDNGSFURCSS,2025,0.1335593196481731
RE1,NE_DEMINDNGSFURCSS,2026,0.1340224145933797
RE1,NE_DEMINDNGSFURCSS,2027,0.1343684025457989
RE1,NE_DEMINDNGSFURCSS,2028,0.134367719926406
RE1,NE_DEMINDNGSFURCSS,2029,0.134035696828833
RE1,NE_DEMINDNGSFURCSS,2030,0.1339190262692339
RE1,NE_DEMINDNGSFURCSS,2031,0.134312938809806
RE1,NE_DEMINDNGSFURCSS,2032,0.1342435699148531
RE1,NE_DEMINDNGSFURCSS,2033,0.1342782144240997
RE1,NE_DEMINDNGSFURCSS,2034,0.133735510700503
RE1,NE_DEMINDNGSFURCSS,2035,0.1325826063605693
RE1,NE_DEMINDNGSFURCSS,2036,0.1308027552303095
RE1,NE_DEMINDNGSFURCSS,2037,0.1283015708419992
RE1,NE_DEMINDNGSFURCSS,2038,0.1250179004936705
RE1,NE_DEMINDNGSFURCSS,2039,0.1207830593707207
RE1,NE_DEMINDNGSFURCSS,2040,0.1153211612410247
RE1,NE_DEMINDNGSFURCSS,2041,0.108523636219228
RE1,NE_DEMINDNGSFURCSS,2042,0.1003422139586142
RE1,NE_DEMINDNGSFURCSS,2043,0.0908886231517448
RE1,NE_DEMINDNGSFURCSS,2044,0.08042124571733936
RE1,NE_DEMINDNGSFURCSS,2045,0.06934328530577677
RE1,NE_DEMINDNGSFURCSS,2046,0.05832765106106987
RE1,NE_DEMINDNGSFURCSS,2047,0.04776519459417141
RE1,NE_DEMINDNGSFURCSS,2048,0.03814401877242934
RE1,NE_DEMINDNGSFURCSS,2049,0.02975872742024353
RE1,NE_DEMINDNGSFURCSS,2050,0.02271117504512207
RE1,NE_DEMINDNGSFURCSS,2051,0.01700594296737367
RE1,NE_DEMINDNGSFURCSS,2052,0.01245353582473668
RE1,NE_DEMINDNGSFURCSS,2053,0.008961673590918371
RE1,NE_DEMINDNGSFURCSS,2054,0.006338715316968955
RE1,NE_DEMINDNGSFURCSS,2055,0.0
RE1,NE_DEMINDNGSFUR_HIG,2022,0.0
RE1,NE_DEMINDNGSFUR_HIG,2023,0.0
RE1,NE_DEMINDNGSFUR_HIG,2024,0.0
RE1,NE_DEMINDNGSFUR_HIG,2025,0.1073260969743417
RE1,NE_DEMINDNGSFUR_HIG,2026,0.1078649364348097
RE1,NE_DEMINDNGSFUR_HIG,2027,0.1083107620244949
RE1,NE_DEMINDNGSFUR_HIG,2028,0.1087384934580659
RE1,NE_DEMINDNGSFUR_HIG,2029,0.1088807980472446
RE1,NE_DEMINDNGSFUR_HIG,2030,0.1093842428305956
RE1,NE_DEMINDNGSFUR_HIG,2031,0.1106491689498611
RE1,NE_DEMINDNGSFUR_HIG,2032,0.1117131805585142
RE1,NE_DEMINDNGSFUR_HIG,2033,0.1134093780051644
RE1,NE_DEMINDNGSFUR_HIG,2034,0.1151453262343338
RE1,NE_DEMINDNGSFUR_HIG,2035,0.1171859165896645
RE1,NE_DEMINDNGSFUR_HIG,2036,0.119759727860065
RE1,NE_DEMINDNGSFUR_HIG,2037,0.1230589360750527
RE1,NE_DEMINDNGSFUR_HIG,2038,0.127308304777524
RE1,NE_DEMINDNGSFUR_HIG,2039,0.1328231428206501
RE1,NE_DEMINDNGSFUR_HIG,2040,0.1398209266167112
RE1,NE_DEMINDNGSFUR_HIG,2041,0.1484051138404284
RE1,NE_DEMINDNGSFUR_HIG,2042,0.1587231384436262
RE1,NE_DEMINDNGSFUR_HIG,2043,0.1704281907141712
RE1,NE_DEMINDNGSFUR_HIG,2044,0.1834760156784809
RE1,NE_DEMINDNGSFUR_HIG,2045,0.1970352320997246
RE1,NE_DEMINDNGSFUR_HIG,2046,0.2107134679060505
RE1,NE_DEMINDNGSFUR_HIG,2047,0.2237422273095398
RE1,NE_DEMINDNGSFUR_HIG,2048,0.2356409687616574
RE1,NE_DEMINDNGSFUR_HIG,2049,0.2461153385016232
RE1,NE_DEMINDNGSFUR_HIG,2050,0.2548698532841476
RE1,NE_DEMINDNGSFUR_HIG,2051,0.2620858753314674
RE1,NE_DEMINDNGSFUR_HIG,2052,0.2678483134804693
RE1,NE_DEMINDNGSFUR_HIG,2053,0.2723569495674756
RE1,NE_DEMINDNGSFUR_HIG,2054,0.2758803943339258
RE1,NE_DEMINDNGSFUR_HIG,2055,0.0
RE1,NE_DEMINDNGSFUR_LOW,2022,0.0
RE1,NE_DEMINDNGSFUR_LOW,2023,0.0
RE1,NE_DEMINDNGSFUR_LOW,2024,0.0
RE1,NE_DEMINDNGSFUR_LOW,2025,0.02669345465056525
RE1,NE_DEMINDNGSFUR_LOW,2026,0.02680448291867593
RE1,NE_DEMINDNGSFUR_LOW,2027,0.02689222687252014
RE1,NE_DEMINDNGSFUR_LOW,2028,0.02683640017880535
RE1,NE_DEMINDNGSFUR_LOW,2029,0.02682570386671243
RE1,NE_DEMINDNGSFUR_LOW,2030,0.02676521829669629
RE1,NE_DEMINDNGSFUR_LOW,2031,0.02684388122452251
RE1,NE_DEMINDNGSFUR_LOW,2032,0.02684871398297063
RE1,NE_DEMINDNGSFUR_LOW,2033,0.02681787123519291
RE1,NE_DEMINDNGSFUR_LOW,2034,0.0267471021401006
RE1,NE_DEMINDNGSFUR_LOW,2035,0.02651652127211387
RE1,NE_DEMINDNGSFUR_LOW,2036,0.02617959074842438
RE1,NE_DEMINDNGSFUR_LOW,2037,0.02564125004197457
RE1,NE_DEMINDNGSFUR_LOW,2038,0.02500358009873409
RE1,NE_DEMINDNGSFUR_LOW,2039,0.02417572311771545
RE1,NE_DEMINDNGSFUR_LOW,2040,0.02306423224820493
RE1,NE_DEMINDNGSFUR_LOW,2041,0.02166637966920983
RE1,NE_DEMINDNGSFUR_LOW,2042,0.02006844279172285
RE1,NE_DEMINDNGSFUR_LOW,2043,0.01817772463034896
RE1,NE_DEMINDNGSFUR_LOW,2044,0.01608424914346787
RE1,NE_DEMINDNGSFUR_LOW,2045,0.01388794587487045
RE1,NE_DEMINDNGSFUR_LOW,2046,0.01168484400395605
RE1,NE_DEMINDNGSFUR_LOW,2047,0.00957237705429751
RE1,NE_DEMINDNGSFUR_LOW,2048,0.007648166200563243
RE1,NE_DEMINDNGSFUR_LOW,2049,0.005912971897833404
RE1,NE_DEMINDNGSFUR_LOW,2050,0.00456164626974674
RE1,NE_DEMINDNGSFUR_LOW,2051,0.003401188593474735
RE1,NE_DEMINDNGSFUR_LOW,2052,0.002529624464399638
RE1,NE_DEMINDNGSFUR_LOW,2053,0.00175337091996229
RE1,NE_DEMINDNGSFUR_LOW,2054,0.001267743063393791
RE1,NE_DEMINDNGSFUR_LOW,2055,0.0
RE1,NE_DEMINDNGSFUR_MID,2022,0.0
RE1,NE_DEMINDNGSFUR_MID,2023,0.0
RE1,NE_DEMINDNGSFUR_MID,2024,0.0
RE1,NE_DEMINDNGSFUR_MID,2025,0.1335593196481731
RE1,NE_DEMINDNGSFUR_MID,2026,0.1340224145933797
RE1,NE_DEMINDNGSFUR_MID,2027,0.1343684025457989
RE1,NE_DEMINDNGSFUR_MID,2028,0.134367719926406
RE1,NE_DEMINDNGSFUR_MID,2029,0.134035696828833
RE1,NE_DEMINDNGSFUR_MID,2030,0.1339190262692339
RE1,NE_DEMINDNGSFUR_MID,2031,0.134312938809806
RE1,NE_DEMINDNGSFUR_MID,2032,0.1342435699148531
RE1,NE_DEMINDNGSFUR_MID,2033,0.1342782144240997
RE1,NE_DEMINDNGSFUR_MID,2034,0.133735510700503
RE1,NE_DEMINDNGSFUR_MID,2035,0.1325826063605694
RE1,NE_DEMINDNGSFUR_MID,2036,0.1308027552303095
RE1,NE_DEMINDNGSFUR_MID,2037,0.1283015708419992
RE1,NE_DEMINDNGSFUR_MID,2038,0.1250179004936705
RE1,NE_DEMINDNGSFUR_MID,2039,0.1207830593707207
RE1,NE_DEMINDNGSFUR_MID,2040,0.1153211612410246
RE1,NE_DEMINDNGSFUR_MID,2041,0.108523636219228
RE1,NE_DEMINDNGSFUR_MID,2042,0.1003422139586143
RE1,NE_DEMINDNGSFUR_MID,2043,0.0908886231517448
RE1,NE_DEMINDNGSFUR_MID,2044,0.08042124571733938
RE1,NE_DEMINDNGSFUR_MID,2045,0.06934328530577677
RE1,NE_DEMINDNGSFUR_MID,2046,0.05832765106106988
RE1,NE_DEMINDNGSFUR_MID,2047,0.04776519459417141
RE1,NE_DEMINDNGSFUR_MID,2048,0.03814401877242933
RE1,NE_DEMINDNGSFUR_MID,2049,0.02975872742024352
RE1,NE_DEMINDNGSFUR_MID,2050,0.02271117504512207
RE1,NE_DEMINDNGSFUR_MID,2051,0.01700594296737367
RE1,NE_DEMINDNGSFUR_MID,2052,0.01245353582473668
RE1,NE_DEMINDNGSFUR_MID,2053,0.00896167359091837
RE1,NE_DEMINDNGSFUR_MID,2054,0.006338715316968955
RE1,NE_DEMINDNGSFUR_MID,2055,0.0
RE1,NE_DEMINDWASBOI_HIG,2022,0.0
RE1,NE_DEMINDWASBOI_HIG,2023,0.0
RE1,NE_DEMINDWASBOI_HIG,2024,0.0
RE1,NE_DEMINDWASBOI_HIG,2025,0.4135224428632632
RE1,NE_DEMINDWASBOI_HIG,2026,0.4148564318112698
RE1,NE_DEMINDWASBOI_HIG,2027,0.4165115063287456
RE1,NE_DEMINDWASBOI_HIG,2028,0.4178008058433253
RE1,NE_DEMINDWASBOI_HIG,2029,0.4192698054900846
RE1,NE_DEMINDWASBOI_HIG,2030,0.4215825032193514
RE1,NE_DEMINDWASBOI_HIG,2031,0.4254040905952055
RE1,NE_DEMINDWASBOI_HIG,2032,0.4305125905410969
RE1,NE_DEMINDWASBOI_HIG,2033,0.437263834656707
RE1,NE_DEMINDWASBOI_HIG,2034,0.445998393954173
RE1,NE_DEMINDWASBOI_HIG,2035,0.4569249013495238
RE1,NE_DEMINDWASBOI_HIG,2036,0.4710018894125887
RE1,NE_DEMINDWASBOI_HIG,2037,0.4894173813813715
RE1,NE_DEMINDWASBOI_HIG,2038,0.5138894688447924
RE1,NE_DEMINDWASBOI_HIG,2039,0.5450258693421209
RE1,NE_DEMINDWASBOI_HIG,2040,0.585089467710643
RE1,NE_DEMINDWASBOI_HIG,2041,0.6341084048195236
RE1,NE_DEMINDWASBOI_HIG,2042,0.6925604171459344
RE1,NE_DEMINDWASBOI_HIG,2043,0.759407688965257
RE1,NE_DEMINDWASBOI_HIG,2044,0.833999031278593
RE1,NE_DEMINDWASBOI_HIG,2045,0.9119684453028204
RE1,NE_DEMINDWASBOI_HIG,2046,0.9899978696350126
RE1,NE_DEMINDWASBOI_HIG,2047,1.064234945902872
RE1,NE_DEMINDWASBOI_HIG,2048,1.131909135319984
RE1,NE_DEMINDWASBOI_HIG,2049,1.19078757259595
RE1,NE_DEMINDWASBOI_HIG,2050,1.240313450874911
RE1,NE_DEMINDWASBOI_HIG,2051,1.280454125387879
RE1,NE_DEMINDWASBOI_HIG,2052,1.312286529771174
RE1,NE_DEMINDWASBOI_HIG,2053,1.337480343735023
RE1,NE_DEMINDWASBOI_HIG,2054,1.356534777833655
RE1,NE_DEMINDWASBOI_LOW,2022,0.0
RE1,NE_DEMINDWASBOI_LOW,2023,0.0
RE1,NE_DEMINDWASBOI_LOW,2024,0.0
RE1,NE_DEMINDWASBOI_LOW,2025,0.4113574038953927
RE1,NE_DEMINDWASBOI_LOW,2026,0.4116026558754951
RE1,NE_DEMINDWASBOI_LOW,2027,0.4116241483666091
RE1,NE_DEMINDWASBOI_LOW,2028,0.4112811573776297
RE1,NE_DEMINDWASBOI_LOW,2029,0.4105802758426217
RE1,NE_DEMINDWASBOI_LOW,2030,0.409630421942514
RE1,NE_DEMINDWASBOI_LOW,2031,0.4096080360148458
RE1,NE_DEMINDWASBOI_LOW,2032,0.4086868571803314
RE1,NE_DEMINDWASBOI_LOW,2033,0.4071643216327785
RE1,NE_DEMINDWASBOI_LOW,2034,0.4054032141846665
RE1,NE_DEMINDWASBOI_LOW,2035,0.400907665847539
RE1,NE_DEMINDWASBOI_LOW,2036,0.3957075383629683
RE1,NE_DEMINDWASBOI_LOW,2037,0.3876845549144571
RE1,NE_DEMINDWASBOI_LOW,2038,0.3779893630582146
RE1,NE_DEMINDWASBOI_LOW,2039,0.3650021731048749
RE1,NE_DEMINDWASBOI_LOW,2040,0.3481888357750718
RE1,NE_DEMINDWASBOI_LOW,2041,0.327530776054606
RE1,NE_DEMINDWASBOI_LOW,2042,0.3029606924407315
RE1,NE_DEMINDWASBOI_LOW,2043,0.2744913610296238
RE1,NE_DEMINDWASBOI_LOW,2044,0.2431806320494241
RE1,NE_DEMINDWASBOI_LOW,2045,0.2101564640479513
RE1,NE_DEMINDWASBOI_LOW,2046,0.1770817877491359
RE1,NE_DEMINDWASBOI_LOW,2047,0.1456263219419642
RE1,NE_DEMINDWASBOI_LOW,2048,0.1174570419421618
RE1,NE_DEMINDWASBOI_LOW,2049,0.09257985317668703
RE1,NE_DEMINDWASBOI_LOW,2050,0.07155654524278329
RE1,NE_DEMINDWASBOI_LOW,2051,0.05439293640572699
RE1,NE_DEMINDWASBOI_LOW,2052,0.04109572712783192
RE1,NE_DEMINDWASBOI_LOW,2053,0.03056145363748495
RE1,NE_DEMINDWASBOI_LOW,2054,0.0227942319226147
RE1,NE_DEMINDWASBOI_MID,2022,0.0
RE1,NE_DEMINDWASBOI_MID,2023,0.0
RE1,NE_DEMINDWASBOI_MID,2024,0.0
RE1,NE_DEMINDWASBOI_MID,2025,0.5482961186132009
RE1,NE_DEMINDWASBOI_MID,2026,0.5488035411673269
RE1,NE_DEMINDWASBOI_MID,2027,0.5490132110800023
RE1,NE_DEMINDWASBOI_MID,2028,0.548737079196045
RE1,NE_DEMINDWASBOI_MID,2029,0.5474403677901624
RE1,NE_DEMINDWASBOI_MID,2030,0.5465360802044684
RE1,NE_DEMINDWASBOI_MID,2031,0.5463256118655456
RE1,NE_DEMINDWASBOI_MID,2032,0.5445520473510959
RE1,NE_DEMINDWASBOI_MID,2033,0.5434330260502004
RE1,NE_DEMINDWASBOI_MID,2034,0.5403547577427557
RE1,NE_DEMINDWASBOI_MID,2035,0.5349096801856205
RE1,NE_DEMINDWASBOI_MID,2036,0.5276100511506244
RE1,NE_DEMINDWASBOI_MID,2037,0.5174626470560343
RE1,NE_DEMINDWASBOI_MID,2038,0.5039858174109527
RE1,NE_DEMINDWASBOI_MID,2039,0.4861190329586796
RE1,NE_DEMINDWASBOI_MID,2040,0.4644354249341544
RE1,NE_DEMINDWASBOI_MID,2041,0.4367077014061415
RE1,NE_DEMINDWASBOI_MID,2042,0.4039475899209753
RE1,NE_DEMINDWASBOI_MID,2043,0.3661725802065203
RE1,NE_DEMINDWASBOI_MID,2044,0.324425070484118
RE1,NE_DEMINDWASBOI_MID,2045,0.2803929665060824
RE1,NE_DEMINDWASBOI_MID,2046,0.2362935105277531
RE1,NE_DEMINDWASBOI_MID,2047,0.1943530000061956
RE1,NE_DEMINDWASBOI_MID,2048,0.156240027489102
RE1,NE_DEMINDWASBOI_MID,2049,0.1230702239833804
RE1,NE_DEMINDWASBOI_MID,2050,0.09540872699037772
RE1,NE_DEMINDWASBOI_MID,2051,0.07270892519541057
RE1,NE_DEMINDWASBOI_MID,2052,0.05497941872507245
RE1,NE_DEMINDWASBOI_MID,2053,0.04111904671225248
RE1,NE_DEMINDWASBOI_MID,2054,0.03057762818887337
RE1,NE_DEMINDWASFUR_HIG,2022,0.0
RE1,NE_DEMINDWASFUR_HIG,2023,0.0
RE1,NE_DEMINDWASFUR_HIG,2024,0.0
RE1,NE_DEMINDWASFUR_HIG,2025,0.5182872861084459
RE1,NE_DEMINDWASFUR_HIG,2026,0.5201359843340881
RE1,NE_DEMINDWASFUR_HIG,2027,0.5217403184884529
RE1,NE_DEMINDWASFUR_HIG,2028,0.5236802460335566
RE1,NE_DEMINDWASFUR_HIG,2029,0.5246019742437533
RE1,NE_DEMINDWASFUR_HIG,2030,0.5269295503628038
RE1,NE_DEMINDWASFUR_HIG,2031,0.5320148837836092
RE1,NE_DEMINDWASFUR_HIG,2032,0.536539586940676
RE1,NE_DEMINDWASFUR_HIG,2033,0.543529736930319
RE1,NE_DEMINDWASFUR_HIG,2034,0.5509915941854295
RE1,NE_DEMINDWASFUR_HIG,2035,0.5604055552236096
RE1,NE_DEMINDWASFUR_HIG,2036,0.5724649344878191
RE1,NE_DEMINDWASFUR_HIG,2037,0.5880697749855497
RE1,NE_DEMINDWASFUR_HIG,2038,0.6082291948380344
RE1,NE_DEMINDWASFUR_HIG,2039,0.6343933672202132
RE1,NE_DEMINDWASFUR_HIG,2040,0.6675540603606213
RE1,NE_DEMINDWASFUR_HIG,2041,0.7081954979780216
RE1,NE_DEMINDWASFUR_HIG,2042,0.7570949238140354
RE1,NE_DEMINDWASFUR_HIG,2043,0.8125371307944939
RE1,NE_DEMINDWASFUR_HIG,2044,0.8744068221972492
RE1,NE_DEMINDWASFUR_HIG,2045,0.9386808539957533
RE1,NE_DEMINDWASFUR_HIG,2046,1.003500510587751
RE1,NE_DEMINDWASFUR_HIG,2047,1.06519360276864
RE1,NE_DEMINDWASFUR_HIG,2048,1.121467628267169
RE1,NE_DEMINDWASFUR_HIG,2049,1.170927647218374
RE1,NE_DEMINDWASFUR_HIG,2050,1.21216448286429
RE1,NE_DEMINDWASFUR_HIG,2051,1.246060513321769
RE1,NE_DEMINDWASFUR_HIG,2052,1.273038672567567
RE1,NE_DEMINDWASFUR_HIG,2053,1.294038261010973
RE1,NE_DEMINDWASFUR_HIG,2054,1.310380622077661
RE1,NE_DEMINDWASFUR_LOW,2022,0.0
RE1,NE_DEMINDWASFUR_LOW,2023,0.0
RE1,NE_DEMINDWASFUR_LOW,2024,0.0
RE1,NE_DEMINDWASFUR_LOW,2025,0.1289050711590474
RE1,NE_DEMINDWASFUR_LOW,2026,0.1292540149587708
RE1,NE_DEMINDWASFUR_LOW,2027,0.1295416886657974
RE1,NE_DEMINDWASFUR_LOW,2028,0.1292430325394517
RE1,NE_DEMINDWASFUR_LOW,2029,0.1292497617702001
RE1,NE_DEMINDWASFUR_LOW,2030,0.1289343334787489
RE1,NE_DEMINDWASFUR_LOW,2031,0.1290686996161418
RE1,NE_DEMINDWASFUR_LOW,2032,0.1289498503067507
RE1,NE_DEMINDWASFUR_LOW,2033,0.1285282641866866
RE1,NE_DEMINDWASFUR_LOW,2034,0.1279898101814589
RE1,NE_DEMINDWASFUR_LOW,2035,0.1268070964374591
RE1,NE_DEMINDWASFUR_LOW,2036,0.1251413807505169
RE1,NE_DEMINDWASFUR_LOW,2037,0.1225335162440843
RE1,NE_DEMINDWASFUR_LOW,2038,0.119457308131608
RE1,NE_DEMINDWASFUR_LOW,2039,0.1154687207961971
RE1,NE_DEMINDWASFUR_LOW,2040,0.1101167204290963
RE1,NE_DEMINDWASFUR_LOW,2041,0.103392882779737
RE1,NE_DEMINDWASFUR_LOW,2042,0.09572464553970564
RE1,NE_DEMINDWASFUR_LOW,2043,0.08666451338609442
RE1,NE_DEMINDWASFUR_LOW,2044,0.07665403638159612
RE1,NE_DEMINDWASFUR_LOW,2045,0.06616252715388568
RE1,NE_DEMINDWASFUR_LOW,2046,0.05564782849730426
RE1,NE_DEMINDWASFUR_LOW,2047,0.0455722414321933
RE1,NE_DEMINDWASFUR_LOW,2048,0.03639931907687196
RE1,NE_DEMINDWASFUR_LOW,2049,0.02813177884219015
RE1,NE_DEMINDWASFUR_LOW,2050,0.02169525159734259
RE1,NE_DEMINDWASFUR_LOW,2051,0.01617060362115755
RE1,NE_DEMINDWASFUR_LOW,2052,0.01202288611941763
RE1,NE_DEMINDWASFUR_LOW,2053,0.008330718418525574
RE1,NE_DEMINDWASFUR_LOW,2054,0.006021544039239868
RE1,NE_DEMINDWASFUR_MID,2022,0.0
RE1,NE_DEMINDWASFUR_MID,2023,0.0
RE1,NE_DEMINDWASFUR_MID,2024,0.0
RE1,NE_DEMINDWASFUR_MID,2025,0.6449698560406132
RE1,NE_DEMINDWASFUR_MID,2026,0.6462700747938541
RE1,NE_DEMINDWASFUR_MID,2027,0.6472617478508291
RE1,NE_DEMINDWASFUR_MID,2028,0.6471095781473581
RE1,NE_DEMINDWASFUR_MID,2029,0.6458015778414149
RE1,NE_DEMINDWASFUR_MID,2030,0.6451193560516569
RE1,NE_DEMINDWASFUR_MID,2031,0.6457932148041104
RE1,NE_DEMINDWASFUR_MID,2032,0.6447492515337536
RE1,NE_DEMINDWASFUR_MID,2033,0.6435464495544659
RE1,NE_DEMINDWASFUR_MID,2034,0.6399490509072945
RE1,NE_DEMINDWASFUR_MID,2035,0.6340354821872954
RE1,NE_DEMINDWASFUR_MID,2036,0.625251844186219
RE1,NE_DEMINDWASFUR_MID,2037,0.613123096150697
RE1,NE_DEMINDWASFUR_MID,2038,0.5972865406580398
RE1,NE_DEMINDWASFUR_MID,2039,0.5768872058750717
RE1,NE_DEMINDWASFUR_MID,2040,0.5505836021454816
RE1,NE_DEMINDWASFUR_MID,2041,0.5178793951622225
RE1,NE_DEMINDWASFUR_MID,2042,0.4786232276985281
RE1,NE_DEMINDWASFUR_MID,2043,0.4333225669304722
RE1,NE_DEMINDWASFUR_MID,2044,0.3832701819079806
RE1,NE_DEMINDWASFUR_MID,2045,0.3303531737753042
RE1,NE_DEMINDWASFUR_MID,2046,0.2777792430774526
RE1,NE_DEMINDWASFUR_MID,2047,0.2274008814899343
RE1,NE_DEMINDWASFUR_MID,2048,0.181535844509969
RE1,NE_DEMINDWASFUR_MID,2049,0.1415812476156127
RE1,NE_DEMINDWASFUR_MID,2050,0.1080146568888972
RE1,NE_DEMINDWASFUR_MID,2051,0.08085301810578772
RE1,NE_DEMINDWASFUR_MID,2052,0.05918959320328681
RE1,NE_DEMINDWASFUR_MID,2053,0.04257922747246405
RE1,NE_DEMINDWASFUR_MID,2054,0.03010772019619934
RE1,OR_DEMINDAUTBOI,2022,0.0
RE1,OR_DEMINDAUTBOI,2023,0.0
RE1,OR_DEMINDAUTBOI,2024,0.0
RE1,OR_DEMINDAUTBOI,2025,0.0
RE1,OR_DEMINDAUTBOI,2026,0.0
RE1,OR_DEMINDAUTBOI,2027,0.0
RE1,OR_DEMINDAUTBOI,2028,0.0
RE1,OR_DEMINDAUTBOI,2029,0.0
RE1,OR_DEMINDAUTBOI,2030,0.0
RE1,OR_DEMINDAUTBOI,2031,0.0
RE1,OR_DEMINDAUTBOI,2032,0.0
RE1,OR_DEMINDAUTBOI,2033,0.0
RE1,OR_DEMINDAUTBOI,2034,0.0
RE1,OR_DEMINDAUTBOI,2035,0.0
RE1,OR_DEMINDAUTBOI,2036,0.0
RE1,OR_DEMINDAUTBOI,2037,0.0
RE1,OR_DEMINDAUTBOI,2038,0.0
RE1,OR_DEMINDAUTBOI,2039,0.0
RE1,OR_DEMINDAUTBOI,2040,0.0
RE1,OR_DEMINDAUTBOI,2041,0.0
RE1,OR_DEMINDAUTBOI,2042,0.0
RE1,OR_DEMINDAUTBOI,2043,0.0
RE1,OR_DEMINDAUTBOI,2044,0.0
RE1,OR_DEMINDAUTBOI,2045,0.0
RE1,OR_DEMINDAUTBOI,2046,0.0
RE1,OR_DEMINDAUTBOI,2047,0.0
RE1,OR_DEMINDAUTBOI,2048,0.0
RE1,OR_DEMINDAUTBOI,2049,0.0
RE1,OR_DEMINDAUTBOI,2050,0.0
RE1,OR_DEMINDAUTBOI,2051,0.0
RE1,OR_DEMINDAUTBOI,2052,0.0
RE1,OR_DEMINDAUTBOI,2053,0.0
RE1,OR_DEMINDAUTBOI,2054,0.0
RE1,OR_DEMINDAUTBOI,2055,0.0
RE1,OR_DEMINDAUTFUR,2022,0.0
RE1,OR_DEMINDAUTFUR,2023,0.0
RE1,OR_DEMINDAUTFUR,2024,0.0
RE1,OR_DEMINDAUTFUR,2025,0.0
RE1,OR_DEMINDAUTFUR,2026,0.0
RE1,OR_DEMINDAUTFUR,2027,0.0
RE1,OR_DEMINDAUTFUR,2028,0.0
RE1,OR_DEMINDAUTFUR,2029,0.0
RE1,OR_DEMINDAUTFUR,2030,0.0
RE1,OR_DEMINDAUTFUR,2031,0.0
RE1,OR_DEMINDAUTFUR,2032,0.0
RE1,OR_DEMINDAUTFUR,2033,0.0
RE1,OR_DEMINDAUTFUR,2034,0.0
RE1,OR_DEMINDAUTFUR,2035,0.0
RE1,OR_DEMINDAUTFUR,2036,0.0
RE1,OR_DEMINDAUTFUR,2037,0.0
RE1,OR_DEMINDAUTFUR,2038,0.0
RE1,OR_DEMINDAUTFUR,2039,0.0
RE1,OR_DEMINDAUTFUR,2040,0.0
RE1,OR_DEMINDAUTFUR,2041,0.0
RE1,OR_DEMINDAUTFUR,2042,0.0
RE1,OR_DEMINDAUTFUR,2043,0.0
RE1,OR_DEMINDAUTFUR,2044,0.0
RE1,OR_DEMINDAUTFUR,2045,0.0
RE1,OR_DEMINDAUTFUR,2046,0.0
RE1,OR_DEMINDAUTFUR,2047,0.0
RE1,OR_DEMINDAUTFUR,2048,0.0
RE1,OR_DEMINDAUTFUR,2049,0.0
RE1,OR_DEMINDAUTFUR,2050,0.0
RE1,OR_DEMINDAUTFUR,2051,0.0
RE1,OR_DEMINDAUTFUR,2052,0.0
RE1,OR_DEMINDAUTFUR,2053,0.0
RE1,OR_DEMINDAUTFUR,2054,0.0
RE1,OR_DEMINDAUTFUR,2055,0.0
RE1,OR_DEMINDCOABOI_HIG,2022,0.0
RE1,OR_DEMINDCOABOI_HIG,2023,0.0
RE1,OR_DEMINDCOABOI_HIG,2024,0.0
RE1,OR_DEMINDCOABOI_HIG,2025,0.159662737233806
RE1,OR_DEMINDCOABOI_HIG,2026,0.1596351123840802
RE1,OR_DEMINDCOABOI_HIG,2027,0.1599770807510766
RE1,OR_DEMINDCOABOI_HIG,2028,0.1604852081695963
RE1,OR_DEMINDCOABOI_HIG,2029,0.1612075562353374
RE1,OR_DEMINDCOABOI_HIG,2030,0.1621458410118147
RE1,OR_DEMINDCOABOI_HIG,2031,0.1639218035874721
RE1,OR_DEMINDCOABOI_HIG,2032,0.1658201658383828
RE1,OR_DEMINDCOABOI_HIG,2033,0.1678440685439263
RE1,OR_DEMINDCOABOI_HIG,2034,0.1706790003310375
RE1,OR_DEMINDCOABOI_HIG,2035,0.1745679849270601
RE1,OR_DEMINDCOABOI_HIG,2036,0.1798677461081079
RE1,OR_DEMINDCOABOI_HIG,2037,0.1868773142521021
RE1,OR_DEMINDCOABOI_HIG,2038,0.1962160317216173
RE1,OR_DEMINDCOABOI_HIG,2039,0.2080816490078871
RE1,OR_DEMINDCOABOI_HIG,2040,0.2233150293539185
RE1,OR_DEMINDCOABOI_HIG,2041,0.2419239231313312
RE1,OR_DEMINDCOABOI_HIG,2042,0.2640663675795903
RE1,OR_DEMINDCOABOI_HIG,2043,0.2893441564061998
RE1,OR_DEMINDCOABOI_HIG,2044,0.3175840461339752
RE1,OR_DEMINDCOABOI_HIG,2045,0.3471379390663502
RE1,OR_DEMINDCOABOI_HIG,2046,0.3767324811905342
RE1,OR_DEMINDCOABOI_HIG,2047,0.4048676184404606
RE1,OR_DEMINDCOABOI_HIG,2048,0.4305066803885386
RE1,OR_DEMINDCOABOI_HIG,2049,0.4528164308837516
RE1,OR_DEMINDCOABOI_HIG,2050,0.4715398737310211
RE1,OR_DEMINDCOABOI_HIG,2051,0.4866719623761284
RE1,OR_DEMINDCOABOI_HIG,2052,0.4986288582345133
RE1,OR_DEMINDCOABOI_HIG,2053,0.5080565437434492
RE1,OR_DEMINDCOABOI_HIG,2054,0.515174187762977
RE1,OR_DEMINDCOABOI_HIG,2055,0.0
RE1,OR_DEMINDCOABOI_LOW,2022,0.0
RE1,OR_DEMINDCOABOI_LOW,2023,0.0
RE1,OR_DEMINDCOABOI_LOW,2024,0.0
RE1,OR_DEMINDCOABOI_LOW,2025,0.1588268066723725
RE1,OR_DEMINDCOABOI_LOW,2026,0.1583830722869501
RE1,OR_DEMINDCOABOI_LOW,2027,0.1580999050968919
RE1,OR_DEMINDCOABOI_LOW,2028,0.1579808876259875
RE1,OR_DEMINDCOABOI_LOW,2029,0.1578664669869367
RE1,OR_DEMINDCOABOI_LOW,2030,0.1575489228387994
RE1,OR_DEMINDCOABOI_LOW,2031,0.1578350784862727
RE1,OR_DEMINDCOABOI_LOW,2032,0.1574135668098209
RE1,OR_DEMINDCOABOI_LOW,2033,0.1562903466792004
RE1,OR_DEMINDCOABOI_LOW,2034,0.1551436423673268
RE1,OR_DEMINDCOABOI_LOW,2035,0.1531666213903292
RE1,OR_DEMINDCOABOI_LOW,2036,0.1511140924128794
RE1,OR_DEMINDCOABOI_LOW,2037,0.1480320298289123
RE1,OR_DEMINDCOABOI_LOW,2038,0.1443259248316393
RE1,OR_DEMINDCOABOI_LOW,2039,0.1393516497901305
RE1,OR_DEMINDCOABOI_LOW,2040,0.1328955730241775
RE1,OR_DEMINDCOABOI_LOW,2041,0.1249589655130528
RE1,OR_DEMINDCOABOI_LOW,2042,0.1155158851005539
RE1,OR_DEMINDCOABOI_LOW,2043,0.1045847605337319
RE1,OR_DEMINDCOABOI_LOW,2044,0.09260237263018496
RE1,OR_DEMINDCOABOI_LOW,2045,0.07999540136156037
RE1,OR_DEMINDCOABOI_LOW,2046,0.06738646952541696
RE1,OR_DEMINDCOABOI_LOW,2047,0.05540071990106199
RE1,OR_DEMINDCOABOI_LOW,2048,0.04467323359881065
RE1,OR_DEMINDCOABOI_LOW,2049,0.03520500184245182
RE1,OR_DEMINDCOABOI_LOW,2050,0.02720422348448199
RE1,OR_DEMINDCOABOI_LOW,2051,0.02067353806365868
RE1,OR_DEMINDCOABOI_LOW,2052,0.01561512294090308
RE1,OR_DEMINDCOABOI_LOW,2053,0.01160910257826743
RE1,OR_DEMINDCOABOI_LOW,2054,0.008656615450115597
RE1,OR_DEMINDCOABOI_LOW,2055,0.0
RE1,OR_DEMINDCOABOI_MID,2022,0.0
RE1,OR_DEMINDCOABOI_MID,2023,0.0
RE1,OR_DEMINDCOABOI_MID,2024,0.0
RE1,OR_DEMINDCOABOI_MID,2025,0.2116994146830438
RE1,OR_DEMINDCOABOI_MID,2026,0.2111774297159335
RE1,OR_DEMINDCOABOI_MID,2027,0.2108693984867516
RE1,OR_DEMINDCOABOI_MID,2028,0.210780312420406
RE1,OR_DEMINDCOABOI_MID,2029,0.2104886226492489
RE1,OR_DEMINDCOABOI_MID,2030,0.2102045310024299
RE1,OR_DEMINDCOABOI_MID,2031,0.2105167336725153
RE1,OR_DEMINDCOABOI_MID,2032,0.2097446457626185
RE1,OR_DEMINDCOABOI_MID,2033,0.2085971965758683
RE1,OR_DEMINDCOABOI_MID,2034,0.2067882107331758
RE1,OR_DEMINDCOABOI_MID,2035,0.2043620400468228
RE1,OR_DEMINDCOABOI_MID,2036,0.2014854565505059
RE1,OR_DEMINDCOABOI_MID,2037,0.1975860142822787
RE1,OR_DEMINDCOABOI_MID,2038,0.1924345664421857
RE1,OR_DEMINDCOABOI_MID,2039,0.1855920162363276
RE1,OR_DEMINDCOABOI_MID,2040,0.1772641899673759
RE1,OR_DEMINDCOABOI_MID,2041,0.1666119540174037
RE1,OR_DEMINDCOABOI_MID,2042,0.1540211801340718
RE1,OR_DEMINDCOABOI_MID,2043,0.1395164914162258
RE1,OR_DEMINDCOABOI_MID,2044,0.1235399834861786
RE1,OR_DEMINDCOABOI_MID,2045,0.1067307065534503
RE1,OR_DEMINDCOABOI_MID,2046,0.08991882027297826
RE1,OR_DEMINDCOABOI_MID,2047,0.07393784290978234
RE1,OR_DEMINDCOABOI_MID,2048,0.05942382959841794
RE1,OR_DEMINDCOABOI_MID,2049,0.04679946352709165
RE1,OR_DEMINDCOABOI_MID,2050,0.03627229797930931
RE1,OR_DEMINDCOABOI_MID,2051,0.02763503557489069
RE1,OR_DEMINDCOABOI_MID,2052,0.0208905023128298
RE1,OR_DEMINDCOABOI_MID,2053,0.015619519832578
RE1,OR_DEMINDCOABOI_MID,2054,0.01161253292088678
RE1,OR_DEMINDCOABOI_MID,2055,0.0
RE1,OR_DEMINDCOAFUR_HIG,2022,0.0
RE1,OR_DEMINDCOAFUR_HIG,2023,0.0
RE1,OR_DEMINDCOAFUR_HIG,2024,0.0
RE1,OR_DEMINDCOAFUR_HIG,2025,0.1008006882373457
RE1,OR_DEMINDCOAFUR_HIG,2026,0.1005857922554009
RE1,OR_DEMINDCOAFUR_HIG,2027,0.100481057367107
RE1,OR_DEMINDCOAFUR_HIG,2028,0.1007079774939399
RE1,OR_DEMINDCOAFUR_HIG,2029,0.1008819433146671
RE1,OR_DEMINDCOAFUR_HIG,2030,0.1011955571229548
RE1,OR_DEMINDCOAFUR_HIG,2031,0.1020100818137969
RE1,OR_DEMINDCOAFUR_HIG,2032,0.1026649036734011
RE1,OR_DEMINDCOAFUR_HIG,2033,0.1034445697845421
RE1,OR_DEMINDCOAFUR_HIG,2034,0.1044423097093851
RE1,OR_DEMINDCOAFUR_HIG,2035,0.1059754271339941
RE1,OR_DEMINDCOAFUR_HIG,2036,0.1080894800065753
RE1,OR_DEMINDCOAFUR_HIG,2037,0.1109181401522409
RE1,OR_DEMINDCOAFUR_HIG,2038,0.1146204238062867
RE1,OR_DEMINDCOAFUR_HIG,2039,0.1194388087324584
RE1,OR_DEMINDCOAFUR_HIG,2040,0.1255412080098098
RE1,OR_DEMINDCOAFUR_HIG,2041,0.1330171343189272
RE1,OR_DEMINDCOAFUR_HIG,2042,0.1420130218884045
RE1,OR_DEMINDCOAFUR_HIG,2043,0.1521904169675221
RE1,OR_DEMINDCOAFUR_HIG,2044,0.1635759651512652
RE1,OR_DEMINDCOAFUR_HIG,2045,0.1754015563280049
RE1,OR_DEMINDCOAFUR_HIG,2046,0.1873226091345994
RE1,OR_DEMINDCOAFUR_HIG,2047,0.1986435286373056
RE1,OR_DEMINDCOAFUR_HIG,2048,0.2089422114655668
RE1,OR_DEMINDCOAFUR_HIG,2049,0.2179658325293737
RE1,OR_DEMINDCOAFUR_HIG,2050,0.2254372850941115
RE1,OR_DEMINDCOAFUR_HIG,2051,0.2315284025016189
RE1,OR_DEMINDCOAFUR_HIG,2052,0.2363243845559604
RE1,OR_DEMINDCOAFUR_HIG,2053,0.2400018276742936
RE1,OR_DEMINDCOAFUR_HIG,2054,0.2428271761962491
RE1,OR_DEMINDCOAFUR_HIG,2055,0.0
RE1,OR_DEMINDCOAFUR_LOW,2022,0.0
RE1,OR_DEMINDCOAFUR_LOW,2023,0.0
RE1,OR_DEMINDCOAFUR_LOW,2024,0.0
RE1,OR_DEMINDCOAFUR_LOW,2025,0.02507049707446849
RE1,OR_DEMINDCOAFUR_LOW,2026,0.0249956124713507
RE1,OR_DEMINDCOAFUR_LOW,2027,0.02494820773669609
RE1,OR_DEMINDCOAFUR_LOW,2028,0.02485448804077596
RE1,OR_DEMINDCOAFUR_LOW,2029,0.02485497154129478
RE1,OR_DEMINDCOAFUR_LOW,2030,0.02476152969533643
RE1,OR_DEMINDCOAFUR_LOW,2031,0.02474800801399806
RE1,OR_DEMINDCOAFUR_LOW,2032,0.02467408609293505
RE1,OR_DEMINDCOAFUR_LOW,2033,0.02446149693489589
RE1,OR_DEMINDCOAFUR_LOW,2034,0.02426089896049967
RE1,OR_DEMINDCOAFUR_LOW,2035,0.02397984117630524
RE1,OR_DEMINDCOAFUR_LOW,2036,0.02362846343545963
RE1,OR_DEMINDCOAFUR_LOW,2037,0.02311152571723688
RE1,OR_DEMINDCOAFUR_LOW,2038,0.02251165744921075
RE1,OR_DEMINDCOAFUR_LOW,2039,0.02173958173331797
RE1,OR_DEMINDCOAFUR_LOW,2040,0.02070871398382216
RE1,OR_DEMINDCOAFUR_LOW,2041,0.01941981418351263
RE1,OR_DEMINDCOAFUR_LOW,2042,0.01795566943416608
RE1,OR_DEMINDCOAFUR_LOW,2043,0.01623249932667138
RE1,OR_DEMINDCOAFUR_LOW,2044,0.01433973027835238
RE1,OR_DEMINDCOAFUR_LOW,2045,0.01236310529184176
RE1,OR_DEMINDCOAFUR_LOW,2046,0.01038773405375184
RE1,OR_DEMINDCOAFUR_LOW,2047,0.00849857793219242
RE1,OR_DEMINDCOAFUR_LOW,2048,0.006781608342555372
RE1,OR_DEMINDCOAFUR_LOW,2049,0.005236674196255138
RE1,OR_DEMINDCOAFUR_LOW,2050,0.004034863823085773
RE1,OR_DEMINDCOAFUR_LOW,2051,0.003004632587154862
RE1,OR_DEMINDCOAFUR_LOW,2052,0.002231904830532136
RE1,OR_DEMINDCOAFUR_LOW,2053,0.001545076143825924
RE1,OR_DEMINDCOAFUR_LOW,2054,0.001115854821686546
RE1,OR_DEMINDCOAFUR_LOW,2055,0.0
RE1,OR_DEMINDCOAFUR_MID,2022,0.0
RE1,OR_DEMINDCOAFUR_MID,2023,0.0
RE1,OR_DEMINDCOAFUR_MID,2024,0.0
RE1,OR_DEMINDCOAFUR_MID,2025,0.1254389353622544
RE1,OR_DEMINDCOAFUR_MID,2026,0.1249780623567535
RE1,OR_DEMINDCOAFUR_MID,2027,0.1246550103809401
RE1,OR_DEMINDCOAFUR_MID,2028,0.1244444435813246
RE1,OR_DEMINDCOAFUR_MID,2029,0.1241888543447393
RE1,OR_DEMINDCOAFUR_MID,2030,0.1238936260103465
RE1,OR_DEMINDCOAFUR_MID,2031,0.1238262700630704
RE1,OR_DEMINDCOAFUR_MID,2032,0.1233704304646752
RE1,OR_DEMINDCOAFUR_MID,2033,0.1224797487374012
RE1,OR_DEMINDCOAFUR_MID,2034,0.1213044948024983
RE1,OR_DEMINDCOAFUR_MID,2035,0.1198992058815262
RE1,OR_DEMINDCOAFUR_MID,2036,0.1180563954920782
RE1,OR_DEMINDCOAFUR_MID,2037,0.1156435450386648
RE1,OR_DEMINDCOAFUR_MID,2038,0.1125582872460537
RE1,OR_DEMINDCOAFUR_MID,2039,0.1086119814660629
RE1,OR_DEMINDCOAFUR_MID,2040,0.1035435699191108
RE1,OR_DEMINDCOAFUR_MID,2041,0.09727092768024904
RE1,OR_DEMINDCOAFUR_MID,2042,0.0897783471708304
RE1,OR_DEMINDCOAFUR_MID,2043,0.08116249663335688
RE1,OR_DEMINDCOAFUR_MID,2044,0.0716986513917619
RE1,OR_DEMINDCOAFUR_MID,2045,0.06172967156134877
RE1,OR_DEMINDCOAFUR_MID,2046,0.05185282122699267
RE1,OR_DEMINDCOAFUR_MID,2047,0.04240704543942479
RE1,OR_DEMINDCOAFUR_MID,2048,0.03382219856920021
RE1,OR_DEMINDCOAFUR_MID,2049,0.02635506521721848
RE1,OR_DEMINDCOAFUR_MID,2050,0.02008847094898023
RE1,OR_DEMINDCOAFUR_MID,2051,0.01502316293577431
RE1,OR_DEMINDCOAFUR_MID,2052,0.01098783916569667
RE1,OR_DEMINDCOAFUR_MID,2053,0.007897055846221393
RE1,OR_DEMINDCOAFUR_MID,2054,0.005579274108432728
RE1,OR_DEMINDCOAFUR_MID,2055,0.0
RE1,OR_DEMINDCOAOTH_LOW,2022,0.0
RE1,OR_DEMINDCOAOTH_LOW,2023,0.0
RE1,OR_DEMINDCOAOTH_LOW,2024,0.0
RE1,OR_DEMINDCOAOTH_LOW,2025,0.0
RE1,OR_DEMINDCOAOTH_LOW,2026,0.0
RE1,OR_DEMINDCOAOTH_LOW,2027,0.0
RE1,OR_DEMINDCOAOTH_LOW,2028,0.0
RE1,OR_DEMINDCOAOTH_LOW,2029,0.0
RE1,OR_DEMINDCOAOTH_LOW,2030,0.0
RE1,OR_DEMINDCOAOTH_LOW,2031,0.0
RE1,OR_DEMINDCOAOTH_LOW,2032,0.0
RE1,OR_DEMINDCOAOTH_LOW,2033,0.0
RE1,OR_DEMINDCOAOTH_LOW,2034,0.0
RE1,OR_DEMINDCOAOTH_LOW,2035,0.0
RE1,OR_DEMINDCOAOTH_LOW,2036,0.0
RE1,OR_DEMINDCOAOTH_LOW,2037,0.0
RE1,OR_DEMINDCOAOTH_LOW,2038,0.0
RE1,OR_DEMINDCOAOTH_LOW,2039,0.0
RE1,OR_DEMINDCOAOTH_LOW,2040,0.0
RE1,OR_DEMINDCOAOTH_LOW,2041,0.0
RE1,OR_DEMINDCOAOTH_LOW,2042,0.0
RE1,OR_DEMINDCOAOTH_LOW,2043,0.0
RE1,OR_DEMINDCOAOTH_LOW,2044,0.0
RE1,OR_DEMINDCOAOTH_LOW,2045,0.0
RE1,OR_DEMINDCOAOTH_LOW,2046,0.0
RE1,OR_DEMINDCOAOTH_LOW,2047,0.0
RE1,OR_DEMINDCOAOTH_LOW,2048,0.0
RE1,OR_DEMINDCOAOTH_LOW,2049,0.0
RE1,OR_DEMINDCOAOTH_LOW,2050,0.0
RE1,OR_DEMINDCOAOTH_LOW,2051,0.0
RE1,OR_DEMINDCOAOTH_LOW,2052,0.0
RE1,OR_DEMINDCOAOTH_LOW,2053,0.0
RE1,OR_DEMINDCOAOTH_LOW,2054,0.0
RE1,OR_DEMINDCOAOTH_LOW,2055,0.0
RE1,OR_DEMINDNGSBOI_HIG,2022,0.0
RE1,OR_DEMINDNGSBOI_HIG,2023,0.0
RE1,OR_DEMINDNGSBOI_HIG,2024,0.0
RE1,OR_DEMINDNGSBOI_HIG,2025,0.2435145334716963
RE1,OR_DEMINDNGSBOI_HIG,2026,0.2431172439842723
RE1,OR_DEMINDNGSBOI_HIG,2027,0.2431678275037292
RE1,OR_DEMINDNGSBOI_HIG,2028,0.2435436715116106
RE1,OR_DEMINDNGSBOI_HIG,2029,0.2442829941008387
RE1,OR_DEMINDNGSBOI_HIG,2030,0.2452382853418631
RE1,OR_DEMINDNGSBOI_HIG,2031,0.2469725808012239
RE1,OR_DEMINDNGSBOI_HIG,2032,0.2495462154829123
RE1,OR_DEMINDNGSBOI_HIG,2033,0.252471988638841
RE1,OR_DEMINDNGSBOI_HIG,2034,0.2568444163593303
RE1,OR_DEMINDNGSBOI_HIG,2035,0.2626894432832148
RE1,OR_DEMINDNGSBOI_HIG,2036,0.270419250848124
RE1,OR_DEMINDNGSBOI_HIG,2037,0.2807292098429112
RE1,OR_DEMINDNGSBOI_HIG,2038,0.2945450099785977
RE1,OR_DEMINDNGSBOI_HIG,2039,0.3121481844414667
RE1,OR_DEMINDNGSBOI_HIG,2040,0.3347971811472388
RE1,OR_DEMINDNGSBOI_HIG,2041,0.3625035913082862
RE1,OR_DEMINDNGSBOI_HIG,2042,0.3955416133875333
RE1,OR_DEMINDNGSBOI_HIG,2043,0.4332589031351267
RE1,OR_DEMINDNGSBOI_HIG,2044,0.4753777477612935
RE1,OR_DEMINDNGSBOI_HIG,2045,0.5193572705490599
RE1,OR_DEMINDNGSBOI_HIG,2046,0.5633338887672772
RE1,OR_DEMINDNGSBOI_HIG,2047,0.6051081827878746
RE1,OR_DEMINDNGSBOI_HIG,2048,0.6431140838672701
RE1,OR_DEMINDNGSBOI_HIG,2049,0.6760977786850423
RE1,OR_DEMINDNGSBOI_HIG,2050,0.7037180712454765
RE1,OR_DEMINDNGSBOI_HIG,2051,0.7259751116125404
RE1,OR_DEMINDNGSBOI_HIG,2052,0.7434950237571025
RE1,OR_DEMINDNGSBOI_HIG,2053,0.7572244765500735
RE1,OR_DEMINDNGSBOI_HIG,2054,0.76749971926808
RE1,OR_DEMINDNGSBOI_HIG,2055,0.0
RE1,OR_DEMINDNGSBOI_LOW,2022,0.0
RE1,OR_DEMINDNGSBOI_LOW,2023,0.0
RE1,OR_DEMINDNGSBOI_LOW,2024,0.0
RE1,OR_DEMINDNGSBOI_LOW,2025,0.0
RE1,OR_DEMINDNGSBOI_LOW,2026,0.0
RE1,OR_DEMINDNGSBOI_LOW,2027,0.0
RE1,OR_DEMINDNGSBOI_LOW,2028,0.0
RE1,OR_DEMINDNGSBOI_LOW,2029,0.0
RE1,OR_DEMINDNGSBOI_LOW,2030,0.0
RE1,OR_DEMINDNGSBOI_LOW,2031,0.0
RE1,OR_DEMINDNGSBOI_LOW,2032,0.0
RE1,OR_DEMINDNGSBOI_LOW,2033,0.0
RE1,OR_DEMINDNGSBOI_LOW,2034,0.0
RE1,OR_DEMINDNGSBOI_LOW,2035,0.0
RE1,OR_DEMINDNGSBOI_LOW,2036,0.0
RE1,OR_DEMINDNGSBOI_LOW,2037,0.0
RE1,OR_DEMINDNGSBOI_LOW,2038,0.0
RE1,OR_DEMINDNGSBOI_LOW,2039,0.0
RE1,OR_DEMINDNGSBOI_LOW,2040,0.0
RE1,OR_DEMINDNGSBOI_LOW,2041,0.0
RE1,OR_DEMINDNGSBOI_LOW,2042,0.0
RE1,OR_DEMINDNGSBOI_LOW,2043,0.0
RE1,OR_DEMINDNGSBOI_LOW,2044,0.0
RE1,OR_DEMINDNGSBOI_LOW,2045,0.0
RE1,OR_DEMINDNGSBOI_LOW,2046,0.0
RE1,OR_DEMINDNGSBOI_LOW,2047,0.0
RE1,OR_DEMINDNGSBOI_LOW,2048,0.0
RE1,OR_DEMINDNGSBOI_LOW,2049,0.0
RE1,OR_DEMINDNGSBOI_LOW,2050,0.0
RE1,OR_DEMINDNGSBOI_LOW,2051,0.0
RE1,OR_DEMINDNGSBOI_LOW,2052,0.0
RE1,OR_DEMINDNGSBOI_LOW,2053,0.0
RE1,OR_DEMINDNGSBOI_LOW,2054,0.0
RE1,OR_DEMINDNGSBOI_LOW,2055,0.0
RE1,OR_DEMINDNGSBOI_MID,2022,0.0
RE1,OR_DEMINDNGSBOI_MID,2023,0.0
RE1,OR_DEMINDNGSBOI_MID,2024,0.0
RE1,OR_DEMINDNGSBOI_MID,2025,0.5648007242301647
RE1,OR_DEMINDNGSBOI_MID,2026,0.5628243648315635
RE1,OR_DEMINDNGSBOI_MID,2027,0.5611565250086058
RE1,OR_DEMINDNGSBOI_MID,2028,0.559612051444754
RE1,OR_DEMINDNGSBOI_MID,2029,0.5581803129454398
RE1,OR_DEMINDNGSBOI_MID,2030,0.5562105440743286
RE1,OR_DEMINDNGSBOI_MID,2031,0.5549767980872573
RE1,OR_DEMINDNGSBOI_MID,2032,0.5525440284520251
RE1,OR_DEMINDNGSBOI_MID,2033,0.5488658876916981
RE1,OR_DEMINDNGSBOI_MID,2034,0.5443332464786299
RE1,OR_DEMINDNGSBOI_MID,2035,0.5380081867242764
RE1,OR_DEMINDNGSBOI_MID,2036,0.5297945416266047
RE1,OR_DEMINDNGSBOI_MID,2037,0.5191913251701481
RE1,OR_DEMINDNGSBOI_MID,2038,0.5052046102630766
RE1,OR_DEMINDNGSBOI_MID,2039,0.4874556496429369
RE1,OR_DEMINDNGSBOI_MID,2040,0.4649960849267206
RE1,OR_DEMINDNGSBOI_MID,2041,0.4372108531692114
RE1,OR_DEMINDNGSBOI_MID,2042,0.4040512735958707
RE1,OR_DEMINDNGSBOI_MID,2043,0.3658280629380961
RE1,OR_DEMINDNGSBOI_MID,2044,0.3238491217353279
RE1,OR_DEMINDNGSBOI_MID,2045,0.2796781420543148
RE1,OR_DEMINDNGSBOI_MID,2046,0.2355359132464636
RE1,OR_DEMINDNGSBOI_MID,2047,0.1936220251896685
RE1,OR_DEMINDNGSBOI_MID,2048,0.1555058039307055
RE1,OR_DEMINDNGSBOI_MID,2049,0.1224404264005966
RE1,OR_DEMINDNGSBOI_MID,2050,0.09473127882150643
RE1,OR_DEMINDNGSBOI_MID,2051,0.07206254900705321
RE1,OR_DEMINDNGSBOI_MID,2052,0.05443277152347809
RE1,OR_DEMINDNGSBOI_MID,2053,0.04058245013500602
RE1,OR_DEMINDNGSBOI_MID,2054,0.03019671026628511
RE1,OR_DEMINDNGSBOI_MID,2055,0.0
RE1,OR_DEMINDNGSFURCSS,2022,0.0
RE1,OR_DEMINDNGSFURCSS,2023,0.0
RE1,OR_DEMINDNGSFURCSS,2024,0.0
RE1,OR_DEMINDNGSFURCSS,2025,0.4312795632466112
RE1,OR_DEMINDNGSFURCSS,2026,0.4296698753469816
RE1,OR_DEMINDNGSFURCSS,2027,0.4283557579596735
RE1,OR_DEMINDNGSFURCSS,2028,0.4273453656139965
RE1,OR_DEMINDNGSFURCSS,2029,0.4261544142962622
RE1,OR_DEMINDNGSFURCSS,2030,0.4248152113411863
RE1,OR_DEMINDNGSFURCSS,2031,0.4239331755668816
RE1,OR_DEMINDNGSFURCSS,2032,0.4221705011366241
RE1,OR_DEMINDNGSFURCSS,2033,0.419195851053179
RE1,OR_DEMINDNGSFURCSS,2034,0.4154027166520881
RE1,OR_DEMINDNGSFURCSS,2035,0.4107018477075483
RE1,OR_DEMINDNGSFURCSS,2036,0.4042607505992184
RE1,OR_DEMINDNGSFURCSS,2037,0.3958662339503393
RE1,OR_DEMINDNGSFURCSS,2038,0.3851843099073577
RE1,OR_DEMINDNGSFURCSS,2039,0.371576592493612
RE1,OR_DEMINDNGSFURCSS,2040,0.354156356739877
RE1,OR_DEMINDNGSFURCSS,2041,0.3326424048119379
RE1,OR_DEMINDNGSFURCSS,2042,0.3069871242727856
RE1,OR_DEMINDNGSFURCSS,2043,0.2775067393143615
RE1,OR_DEMINDNGSFURCSS,2044,0.2451277901486227
RE1,OR_DEMINDNGSFURCSS,2045,0.2110113546069581
RE1,OR_DEMINDNGSFURCSS,2046,0.1772143349253612
RE1,OR_DEMINDNGSFURCSS,2047,0.1449058320635349
RE1,OR_DEMINDNGSFURCSS,2048,0.1155498687128064
RE1,OR_DEMINDNGSFURCSS,2049,0.09002113889755231
RE1,OR_DEMINDNGSFURCSS,2050,0.0686038494629985
RE1,OR_DEMINDNGSFURCSS,2051,0.05129687089310226
RE1,OR_DEMINDNGSFURCSS,2052,0.03751240238500783
RE1,OR_DEMINDNGSFURCSS,2053,0.02695631104164876
RE1,OR_DEMINDNGSFURCSS,2054,0.01904158288927504
RE1,OR_DEMINDNGSFURCSS,2055,0.0
RE1,OR_DEMINDNGSFUR_HIG,2022,0.0
RE1,OR_DEMINDNGSFUR_HIG,2023,0.0
RE1,OR_DEMINDNGSFUR_HIG,2024,0.0
RE1,OR_DEMINDNGSFUR_HIG,2025,0.3465692424159535
RE1,OR_DEMINDNGSFUR_HIG,2026,0.3458101686413294
RE1,OR_DEMINDNGSFUR_HIG,2027,0.3452860768094538
RE1,OR_DEMINDNGSFUR_HIG,2028,0.3458337409357221
RE1,OR_DEMINDNGSFUR_HIG,2029,0.3461766814193321
RE1,OR_DEMINDNGSFUR_HIG,2030,0.3469864703321139
RE1,OR_DEMINDNGSFUR_HIG,2031,0.3492429990916582
RE1,OR_DEMINDNGSFUR_HIG,2032,0.3513167107360718
RE1,OR_DEMINDNGSFUR_HIG,2033,0.3540465661848579
RE1,OR_DEMINDNGSFUR_HIG,2034,0.3576587929188901
RE1,OR_DEMINDNGSFUR_HIG,2035,0.3630074395866717
RE1,OR_DEMINDNGSFUR_HIG,2036,0.3701310220187893
RE1,OR_DEMINDNGSFUR_HIG,2037,0.3796904220132897
RE1,OR_DEMINDNGSFUR_HIG,2038,0.39224112169192
RE1,OR_DEMINDNGSFUR_HIG,2039,0.408616664213703
RE1,OR_DEMINDNGSFUR_HIG,2040,0.4293962134414608
RE1,OR_DEMINDNGSFUR_HIG,2041,0.45488555004318
RE1,OR_DEMINDNGSFUR_HIG,2042,0.4855978147587701
RE1,OR_DEMINDNGSFUR_HIG,2043,0.520361843455078
RE1,OR_DEMINDNGSFUR_HIG,2044,0.5592436409977564
RE1,OR_DEMINDNGSFUR_HIG,2045,0.5995774651766554
RE1,OR_DEMINDNGSFUR_HIG,2046,0.6402014549787056
RE1,OR_DEMINDNGSFUR_HIG,2047,0.6787694238765585
RE1,OR_DEMINDNGSFUR_HIG,2048,0.7138283767689615
RE1,OR_DEMINDNGSFUR_HIG,2049,0.7445070738139586
RE1,OR_DEMINDNGSFUR_HIG,2050,0.7698876439736497
RE1,OR_DEMINDNGSFUR_HIG,2051,0.7905580617068388
RE1,OR_DEMINDNGSFUR_HIG,2052,0.8068097169213013
RE1,OR_DEMINDNGSFUR_HIG,2053,0.8192374529614123
RE1,OR_DEMINDNGSFUR_HIG,2054,0.8287482768270625
RE1,OR_DEMINDNGSFUR_HIG,2055,0.0
RE1,OR_DEMINDNGSFUR_LOW,2022,0.0
RE1,OR_DEMINDNGSFUR_LOW,2023,0.0
RE1,OR_DEMINDNGSFUR_LOW,2024,0.0
RE1,OR_DEMINDNGSFUR_LOW,2025,0.08619646681014281
RE1,OR_DEMINDNGSFUR_LOW,2026,0.08593397506939632
RE1,OR_DEMINDNGSFUR_LOW,2027,0.08573027592015547
RE1,OR_DEMINDNGSFUR_LOW,2028,0.08535094033341048
RE1,OR_DEMINDNGSFUR_LOW,2029,0.08528990701635718
RE1,OR_DEMINDNGSFUR_LOW,2030,0.08490408110080615
RE1,OR_DEMINDNGSFUR_LOW,2031,0.08472759149560935
RE1,OR_DEMINDNGSFUR_LOW,2032,0.08443410022732481
RE1,OR_DEMINDNGSFUR_LOW,2033,0.08372125295295557
RE1,OR_DEMINDNGSFUR_LOW,2034,0.08308054333041762
RE1,OR_DEMINDNGSFUR_LOW,2035,0.08214036954150966
RE1,OR_DEMINDNGSFUR_LOW,2036,0.0809109944794651
RE1,OR_DEMINDNGSFUR_LOW,2037,0.07911442565575132
RE1,OR_DEMINDNGSFUR_LOW,2038,0.07703686198147154
RE1,OR_DEMINDNGSFUR_LOW,2039,0.07437411226335745
RE1,OR_DEMINDNGSFUR_LOW,2040,0.07083127134797539
RE1,OR_DEMINDNGSFUR_LOW,2041,0.06641093947658831
RE1,OR_DEMINDNGSFUR_LOW,2042,0.06139742485455713
RE1,OR_DEMINDNGSFUR_LOW,2043,0.05550134786287231
RE1,OR_DEMINDNGSFUR_LOW,2044,0.04902555802972455
RE1,OR_DEMINDNGSFUR_LOW,2045,0.04226096670848674
RE1,OR_DEMINDNGSFUR_LOW,2046,0.03550154722842502
RE1,OR_DEMINDNGSFUR_LOW,2047,0.02903983274147764
RE1,OR_DEMINDNGSFUR_LOW,2048,0.02316862849825306
RE1,OR_DEMINDNGSFUR_LOW,2049,0.01788693639332473
RE1,OR_DEMINDNGSFUR_LOW,2050,0.01377940566137149
RE1,OR_DEMINDNGSFUR_LOW,2051,0.01025937417862045
RE1,OR_DEMINDNGSFUR_LOW,2052,0.007619706734454715
RE1,OR_DEMINDNGSFUR_LOW,2053,0.005274060855974757
RE1,OR_DEMINDNGSFUR_LOW,2054,0.003808316577855007
RE1,OR_DEMINDNGSFUR_LOW,2055,0.0
RE1,OR_DEMINDNGSFUR_MID,2022,0.0
RE1,OR_DEMINDNGSFUR_MID,2023,0.0
RE1,OR_DEMINDNGSFUR_MID,2024,0.0
RE1,OR_DEMINDNGSFUR_MID,2025,0.4312795632466112
RE1,OR_DEMINDNGSFUR_MID,2026,0.4296698753469816
RE1,OR_DEMINDNGSFUR_MID,2027,0.4283557579596735
RE1,OR_DEMINDNGSFUR_MID,2028,0.4273453656139965
RE1,OR_DEMINDNGSFUR_MID,2029,0.4261544142962622
RE1,OR_DEMINDNGSFUR_MID,2030,0.4248152113411862
RE1,OR_DEMINDNGSFUR_MID,2031,0.4239331755668818
RE1,OR_DEMINDNGSFUR_MID,2032,0.4221705011366241
RE1,OR_DEMINDNGSFUR_MID,2033,0.419195851053179
RE1,OR_DEMINDNGSFUR_MID,2034,0.4154027166520881
RE1,OR_DEMINDNGSFUR_MID,2035,0.4107018477075483
RE1,OR_DEMINDNGSFUR_MID,2036,0.4042607505992182
RE1,OR_DEMINDNGSFUR_MID,2037,0.3958662339503393
RE1,OR_DEMINDNGSFUR_MID,2038,0.3851843099073577
RE1,OR_DEMINDNGSFUR_MID,2039,0.371576592493612
RE1,OR_DEMINDNGSFUR_MID,2040,0.354156356739877
RE1,OR_DEMINDNGSFUR_MID,2041,0.3326424048119379
RE1,OR_DEMINDNGSFUR_MID,2042,0.3069871242727856
RE1,OR_DEMINDNGSFUR_MID,2043,0.2775067393143615
RE1,OR_DEMINDNGSFUR_MID,2044,0.2451277901486228
RE1,OR_DEMINDNGSFUR_MID,2045,0.211011354606958
RE1,OR_DEMINDNGSFUR_MID,2046,0.1772143349253612
RE1,OR_DEMINDNGSFUR_MID,2047,0.1449058320635349
RE1,OR_DEMINDNGSFUR_MID,2048,0.1155498687128064
RE1,OR_DEMINDNGSFUR_MID,2049,0.0900211388975523
RE1,OR_DEMINDNGSFUR_MID,2050,0.0686038494629985
RE1,OR_DEMINDNGSFUR_MID,2051,0.05129687089310226
RE1,OR_DEMINDNGSFUR_MID,2052,0.03751240238500783
RE1,OR_DEMINDNGSFUR_MID,2053,0.02695631104164876
RE1,OR_DEMINDNGSFUR_MID,2054,0.01904158288927503
RE1,OR_DEMINDNGSFUR_MID,2055,0.0
RE1,OR_DEMINDWASBOI_HIG,2022,0.0
RE1,OR_DEMINDWASBOI_HIG,2023,0.0
RE1,OR_DEMINDWASBOI_HIG,2024,0.0
RE1,OR_DEMINDWASBOI_HIG,2025,0.1231134733519982
RE1,OR_DEMINDWASBOI_HIG,2026,0.1226450181987749
RE1,OR_DEMINDWASBOI_HIG,2027,0.1224612479865891
RE1,OR_DEMINDWASBOI_HIG,2028,0.122570012446661
RE1,OR_DEMINDWASBOI_HIG,2029,0.1229801465853135
RE1,OR_DEMINDWASBOI_HIG,2030,0.1233947781240278
RE1,OR_DEMINDWASBOI_HIG,2031,0.1239072942692213
RE1,OR_DEMINDWASBOI_HIG,2032,0.1249548205555384
RE1,OR_DEMINDWASBOI_HIG,2033,0.1260035772368804
RE1,OR_DEMINDWASBOI_HIG,2034,0.1278901427191217
RE1,OR_DEMINDWASBOI_HIG,2035,0.1306825741960325
RE1,OR_DEMINDWASBOI_HIG,2036,0.1344157112256128
RE1,OR_DEMINDWASBOI_HIG,2037,0.1394527258177228
RE1,OR_DEMINDWASBOI_HIG,2038,0.146232614640319
RE1,OR_DEMINDWASBOI_HIG,2039,0.1548756858048343
RE1,OR_DEMINDWASBOI_HIG,2040,0.1659879320163616
RE1,OR_DEMINDWASBOI_HIG,2041,0.1795676832163367
RE1,OR_DEMINDWASBOI_HIG,2042,0.1957706587227138
RE1,OR_DEMINDWASBOI_HIG,2043,0.2142562190870766
RE1,OR_DEMINDWASBOI_HIG,2044,0.2349209215297186
RE1,OR_DEMINDWASBOI_HIG,2045,0.2564806496704511
RE1,OR_DEMINDWASBOI_HIG,2046,0.27801617438692
RE1,OR_DEMINDWASBOI_HIG,2047,0.2984423467440208
RE1,OR_DEMINDWASBOI_HIG,2048,0.3169855933871216
RE1,OR_DEMINDWASBOI_HIG,2049,0.333031198354782
RE1,OR_DEMINDWASBOI_HIG,2050,0.3464141085140395
RE1,OR_DEMINDWASBOI_HIG,2051,0.3571440651784055
RE1,OR_DEMINDWASBOI_HIG,2052,0.3655387714820103
RE1,OR_DEMINDWASBOI_HIG,2053,0.3720608346005214
RE1,OR_DEMINDWASBOI_HIG,2054,0.3768946133348965
RE1,OR_DEMINDWASBOI_LOW,2022,0.0
RE1,OR_DEMINDWASBOI_LOW,2023,0.0
RE1,OR_DEMINDWASBOI_LOW,2024,0.0
RE1,OR_DEMINDWASBOI_LOW,2025,0.1224689001930871
RE1,OR_DEMINDWASBOI_LOW,2026,0.121683096487412
RE1,OR_DEMINDWASBOI_LOW,2027,0.1210242841901363
RE1,OR_DEMINDWASBOI_LOW,2028,0.1206573464526949
RE1,OR_DEMINDWASBOI_LOW,2029,0.1204313352571205
RE1,OR_DEMINDWASBOI_LOW,2030,0.1198964725586558
RE1,OR_DEMINDWASBOI_LOW,2031,0.1193063832144103
RE1,OR_DEMINDWASBOI_LOW,2032,0.1186199754069686
RE1,OR_DEMINDWASBOI_LOW,2033,0.1173299893169449
RE1,OR_DEMINDWASBOI_LOW,2034,0.1162494655220553
RE1,OR_DEMINDWASBOI_LOW,2035,0.1146613932248844
RE1,OR_DEMINDWASBOI_LOW,2036,0.1129280187659757
RE1,OR_DEMINDWASBOI_LOW,2037,0.1104653614623534
RE1,OR_DEMINDWASBOI_LOW,2038,0.1075608204046029
RE1,OR_DEMINDWASBOI_LOW,2039,0.1037197774632375
RE1,OR_DEMINDWASBOI_LOW,2040,0.09878001227339034
RE1,OR_DEMINDWASBOI_LOW,2041,0.09275061202652522
RE1,OR_DEMINDWASBOI_LOW,2042,0.08563991365639037
RE1,OR_DEMINDWASBOI_LOW,2043,0.07744388428092874
RE1,OR_DEMINDWASBOI_LOW,2044,0.06849914212927513
RE1,OR_DEMINDWASBOI_LOW,2045,0.05910409149470674
RE1,OR_DEMINDWASBOI_LOW,2046,0.04972899709548038
RE1,OR_DEMINDWASBOI_LOW,2047,0.04083784453365111
RE1,OR_DEMINDWASBOI_LOW,2048,0.03289326764467441
RE1,OR_DEMINDWASBOI_LOW,2049,0.02589209037488296
RE1,OR_DEMINDWASBOI_LOW,2050,0.01998542933734843
RE1,OR_DEMINDWASBOI_LOW,2051,0.01517126934871424
RE1,OR_DEMINDWASBOI_LOW,2052,0.01144725733798932
RE1,OR_DEMINDWASBOI_LOW,2053,0.008501597799347185
RE1,OR_DEMINDWASBOI_LOW,2054,0.006333065224069978
RE1,OR_DEMINDWASBOI_MID,2022,0.0
RE1,OR_DEMINDWASBOI_MID,2023,0.0
RE1,OR_DEMINDWASBOI_MID,2024,0.0
RE1,OR_DEMINDWASBOI_MID,2025,0.163238152494207
RE1,OR_DEMINDWASBOI_MID,2026,0.1622441286498827
RE1,OR_DEMINDWASBOI_MID,2027,0.1614189331348651
RE1,OR_DEMINDWASBOI_MID,2028,0.1609827211588135
RE1,OR_DEMINDWASBOI_MID,2029,0.1605751136761606
RE1,OR_DEMINDWASBOI_MID,2030,0.1599679726710978
RE1,OR_DEMINDWASBOI_MID,2031,0.1591280616543264
RE1,OR_DEMINDWASBOI_MID,2032,0.1580543864568153
RE1,OR_DEMINDWASBOI_MID,2033,0.1565976873544709
RE1,OR_DEMINDWASBOI_MID,2034,0.1549468518798707
RE1,OR_DEMINDWASBOI_MID,2035,0.1529865712342977
RE1,OR_DEMINDWASBOI_MID,2036,0.1505706916879676
RE1,OR_DEMINDWASBOI_MID,2037,0.1474438370724462
RE1,OR_DEMINDWASBOI_MID,2038,0.1434144272061372
RE1,OR_DEMINDWASBOI_MID,2039,0.1381365965309785
RE1,OR_DEMINDWASBOI_MID,2040,0.1317587821937786
RE1,OR_DEMINDWASBOI_MID,2041,0.1236674827020336
RE1,OR_DEMINDWASBOI_MID,2042,0.1141865515418538
RE1,OR_DEMINDWASBOI_MID,2043,0.1033104532761686
RE1,OR_DEMINDWASBOI_MID,2044,0.09138408279519204
RE1,OR_DEMINDWASBOI_MID,2045,0.07885730102056925
RE1,OR_DEMINDWASBOI_MID,2046,0.06635713049928163
RE1,OR_DEMINDWASBOI_MID,2047,0.05450221837000589
RE1,OR_DEMINDWASBOI_MID,2048,0.04375425224433103
RE1,OR_DEMINDWASBOI_MID,2049,0.03441942552828752
RE1,OR_DEMINDWASBOI_MID,2050,0.02664723911646457
RE1,OR_DEMINDWASBOI_MID,2051,0.0202799620885874
RE1,OR_DEMINDWASBOI_MID,2052,0.01531457400622896
RE1,OR_DEMINDWASBOI_MID,2053,0.01143851340275803
RE1,OR_DEMINDWASBOI_MID,2054,0.008495575300581683
RE1,OR_DEMINDWASFUR_HIG,2022,0.0
RE1,OR_DEMINDWASFUR_HIG,2023,0.0
RE1,OR_DEMINDWASFUR_HIG,2024,0.0
RE1,OR_DEMINDWASFUR_HIG,2025,0.1346106789610514
RE1,OR_DEMINDWASFUR_HIG,2026,0.1341567716152915
RE1,OR_DEMINDWASFUR_HIG,2027,0.133847096239056
RE1,OR_DEMINDWASFUR_HIG,2028,0.1340607246668173
RE1,OR_DEMINDWASFUR_HIG,2029,0.1342850627876334
RE1,OR_DEMINDWASFUR_HIG,2030,0.1346038927489007
RE1,OR_DEMINDWASFUR_HIG,2031,0.1352517852881676
RE1,OR_DEMINDWASFUR_HIG,2032,0.1359329822225234
RE1,OR_DEMINDWASFUR_HIG,2033,0.1367254271897945
RE1,OR_DEMINDWASFUR_HIG,2034,0.137932016055811
RE1,OR_DEMINDWASFUR_HIG,2035,0.1399330446665651
RE1,OR_DEMINDWASFUR_HIG,2036,0.142642518066923
RE1,OR_DEMINDWASFUR_HIG,2037,0.146310684340666
RE1,OR_DEMINDWASFUR_HIG,2038,0.1511358067631463
RE1,OR_DEMINDWASFUR_HIG,2039,0.1574256784694832
RE1,OR_DEMINDWASFUR_HIG,2040,0.1653925678314025
RE1,OR_DEMINDWASFUR_HIG,2041,0.1751527467820499
RE1,OR_DEMINDWASFUR_HIG,2042,0.186922913661568
RE1,OR_DEMINDWASFUR_HIG,2043,0.2002379838354982
RE1,OR_DEMINDWASFUR_HIG,2044,0.2151475612237159
RE1,OR_DEMINDWASFUR_HIG,2045,0.2306114538304995
RE1,OR_DEMINDWASFUR_HIG,2046,0.24618544266561
RE1,OR_DEMINDWASFUR_HIG,2047,0.2609641132606055
RE1,OR_DEMINDWASFUR_HIG,2048,0.2743872124552391
RE1,OR_DEMINDWASFUR_HIG,2049,0.2861206805800128
RE1,OR_DEMINDWASFUR_HIG,2050,0.2958102311560505
RE1,OR_DEMINDWASFUR_HIG,2051,0.3036858805620489
RE1,OR_DEMINDWASFUR_HIG,2052,0.3098635969300659
RE1,OR_DEMINDWASFUR_HIG,2053,0.3145687627329133
RE1,OR_DEMINDWASFUR_HIG,2054,0.3181601360983331
RE1,OR_DEMINDWASFUR_LOW,2022,0.0
RE1,OR_DEMINDWASFUR_LOW,2023,0.0
RE1,OR_DEMINDWASFUR_LOW,2024,0.0
RE1,OR_DEMINDWASFUR_LOW,2025,0.03347949991312599
RE1,OR_DEMINDWASFUR_LOW,2026,0.03333801522573655
RE1,OR_DEMINDWASFUR_LOW,2027,0.03323258382647794
RE1,OR_DEMINDWASFUR_LOW,2028,0.03308586629266459
RE1,OR_DEMINDWASFUR_LOW,2029,0.03308472561434445
RE1,OR_DEMINDWASFUR_LOW,2030,0.03293621164968854
RE1,OR_DEMINDWASFUR_LOW,2031,0.03281256329476256
RE1,OR_DEMINDWASFUR_LOW,2032,0.03266960749213584
RE1,OR_DEMINDWASFUR_LOW,2033,0.03233140826136689
RE1,OR_DEMINDWASFUR_LOW,2034,0.032040221192536
RE1,OR_DEMINDWASFUR_LOW,2035,0.0316636816398797
RE1,OR_DEMINDWASFUR_LOW,2036,0.03118179051542434
RE1,OR_DEMINDWASFUR_LOW,2037,0.0304861147076988
RE1,OR_DEMINDWASFUR_LOW,2038,0.02968334435677986
RE1,OR_DEMINDWASFUR_LOW,2039,0.02865373859912176
RE1,OR_DEMINDWASFUR_LOW,2040,0.02728241536438604
RE1,OR_DEMINDWASFUR_LOW,2041,0.02557139584802539
RE1,OR_DEMINDWASFUR_LOW,2042,0.02363393161238216
RE1,OR_DEMINDWASFUR_LOW,2043,0.02135721159419253
RE1,OR_DEMINDWASFUR_LOW,2044,0.01886070484218402
RE1,OR_DEMINDWASFUR_LOW,2045,0.01625455181184137
RE1,OR_DEMINDWASFUR_LOW,2046,0.0136518966831067
RE1,OR_DEMINDWASFUR_LOW,2047,0.01116484322074327
RE1,OR_DEMINDWASFUR_LOW,2048,0.008905747651587465
RE1,OR_DEMINDWASFUR_LOW,2049,0.006874108513344144
RE1,OR_DEMINDWASFUR_LOW,2050,0.005294394845519565
RE1,OR_DEMINDWASFUR_LOW,2051,0.003941047764060701
RE1,OR_DEMINDWASFUR_LOW,2052,0.002926426996070365
RE1,OR_DEMINDWASFUR_LOW,2053,0.002025120790126051
RE1,OR_DEMINDWASFUR_LOW,2054,0.001462029610914927
RE1,OR_DEMINDWASFUR_MID,2022,0.0
RE1,OR_DEMINDWASFUR_MID,2023,0.0
RE1,OR_DEMINDWASFUR_MID,2024,0.0
RE1,OR_DEMINDWASFUR_MID,2025,0.1675129461170546
RE1,OR_DEMINDWASFUR_MID,2026,0.1666900761286827
RE1,OR_DEMINDWASFUR_MID,2027,0.1660483240157467
RE1,OR_DEMINDWASFUR_MID,2028,0.165658299396144
RE1,OR_DEMINDWASFUR_MID,2029,0.1653091480522954
RE1,OR_DEMINDWASFUR_MID,2030,0.1647954200944486
RE1,OR_DEMINDWASFUR_MID,2031,0.1641771459626447
RE1,OR_DEMINDWASFUR_MID,2032,0.1633480374606794
RE1,OR_DEMINDWASFUR_MID,2033,0.161884727280506
RE1,OR_DEMINDWASFUR_MID,2034,0.16020110596268
RE1,OR_DEMINDWASFUR_MID,2035,0.1583184081993985
RE1,OR_DEMINDWASFUR_MID,2036,0.1557955642479747
RE1,OR_DEMINDWASFUR_MID,2037,0.1525439048199353
RE1,OR_DEMINDWASFUR_MID,2038,0.1484167217838993
RE1,OR_DEMINDWASFUR_MID,2039,0.1431554371118178
RE1,OR_DEMINDWASFUR_MID,2040,0.1364120768219302
RE1,OR_DEMINDWASFUR_MID,2041,0.1280832747786049
RE1,OR_DEMINDWASFUR_MID,2042,0.1181696580619108
RE1,OR_DEMINDWASFUR_MID,2043,0.1067860579709626
RE1,OR_DEMINDWASFUR_MID,2044,0.09430352421092009
RE1,OR_DEMINDWASFUR_MID,2045,0.08115988022718018
RE1,OR_DEMINDWASFUR_MID,2046,0.06814665782311112
RE1,OR_DEMINDWASFUR_MID,2047,0.05571143990956746
RE1,OR_DEMINDWASFUR_MID,2048,0.04441600727500584
RE1,OR_DEMINDWASFUR_MID,2049,0.03459592317371561
RE1,OR_DEMINDWASFUR_MID,2050,0.02635932752875698
RE1,OR_DEMINDWASFUR_MID,2051,0.0197052388203035
RE1,OR_DEMINDWASFUR_MID,2052,0.01440702521142334
RE1,OR_DEMINDWASFUR_MID,2053,0.01035061737175537
RE1,OR_DEMINDWASFUR_MID,2054,0.007310148054574638
RE1,SE_DEMINDAUTBOI,2022,0.0
RE1,SE_DEMINDAUTBOI,2023,0.0
RE1,SE_DEMINDAUTBOI,2024,0.0
RE1,SE_DEMINDAUTBOI,2025,0.0
RE1,SE_DEMINDAUTBOI,2026,0.0
RE1,SE_DEMINDAUTBOI,2027,0.0
RE1,SE_DEMINDAUTBOI,2028,0.0
RE1,SE_DEMINDAUTBOI,2029,0.0
RE1,SE_DEMINDAUTBOI,2030,0.0
RE1,SE_DEMINDAUTBOI,2031,0.0
RE1,SE_DEMINDAUTBOI,2032,0.0
RE1,SE_DEMINDAUTBOI,2033,0.0
RE1,SE_DEMINDAUTBOI,2034,0.0
RE1,SE_DEMINDAUTBOI,2035,0.0
RE1,SE_DEMINDAUTBOI,2036,0.0
RE1,SE_DEMINDAUTBOI,2037,0.0
RE1,SE_DEMINDAUTBOI,2038,0.0
RE1,SE_DEMINDAUTBOI,2039,0.0
RE1,SE_DEMINDAUTBOI,2040,0.0
RE1,SE_DEMINDAUTBOI,2041,0.0
RE1,SE_DEMINDAUTBOI,2042,0.0
RE1,SE_DEMINDAUTBOI,2043,0.0
RE1,SE_DEMINDAUTBOI,2044,0.0
RE1,SE_DEMINDAUTBOI,2045,0.0
RE1,SE_DEMINDAUTBOI,2046,0.0
RE1,SE_DEMINDAUTBOI,2047,0.0
RE1,SE_DEMINDAUTBOI,2048,0.0
RE1,SE_DEMINDAUTBOI,2049,0.0
RE1,SE_DEMINDAUTBOI,2050,0.0
RE1,SE_DEMINDAUTBOI,2051,0.0
RE1,SE_DEMINDAUTBOI,2052,0.0
RE1,SE_DEMINDAUTBOI,2053,0.0
RE1,SE_DEMINDAUTBOI,2054,0.0
RE1,SE_DEMINDAUTBOI,2055,0.0
RE1,SE_DEMINDAUTFUR,2022,0.0
RE1,SE_DEMINDAUTFUR,2023,0.0
RE1,SE_DEMINDAUTFUR,2024,0.0
RE1,SE_DEMINDAUTFUR,2025,0.0
RE1,SE_DEMINDAUTFUR,2026,0.0
RE1,SE_DEMINDAUTFUR,2027,0.0
RE1,SE_DEMINDAUTFUR,2028,0.0
RE1,SE_DEMINDAUTFUR,2029,0.0
RE1,SE_DEMINDAUTFUR,2030,0.0
RE1,SE_DEMINDAUTFUR,2031,0.0
RE1,SE_DEMINDAUTFUR,2032,0.0
RE1,SE_DEMINDAUTFUR,2033,0.0
RE1,SE_DEMINDAUTFUR,2034,0.0
RE1,SE_DEMINDAUTFUR,2035,0.0
RE1,SE_DEMINDAUTFUR,2036,0.0
RE1,SE_DEMINDAUTFUR,2037,0.0
RE1,SE_DEMINDAUTFUR,2038,0.0
RE1,SE_DEMINDAUTFUR,2039,0.0
RE1,SE_DEMINDAUTFUR,2040,0.0
RE1,SE_DEMINDAUTFUR,2041,0.0
RE1,SE_DEMINDAUTFUR,2042,0.0
RE1,SE_DEMINDAUTFUR,2043,0.0
RE1,SE_DEMINDAUTFUR,2044,0.0
RE1,SE_DEMINDAUTFUR,2045,0.0
RE1,SE_DEMINDAUTFUR,2046,0.0
RE1,SE_DEMINDAUTFUR,2047,0.0
RE1,SE_DEMINDAUTFUR,2048,0.0
RE1,SE_DEMINDAUTFUR,2049,0.0
RE1,SE_DEMINDAUTFUR,2050,0.0
RE1,SE_DEMINDAUTFUR,2051,0.0
RE1,SE_DEMINDAUTFUR,2052,0.0
RE1,SE_DEMINDAUTFUR,2053,0.0
RE1,SE_DEMINDAUTFUR,2054,0.0
RE1,SE_DEMINDAUTFUR,2055,0.0
RE1,SE_DEMINDCOABOI_HIG,2022,0.0
RE1,SE_DEMINDCOABOI_HIG,2023,0.0
RE1,SE_DEMINDCOABOI_HIG,2024,0.0
RE1,SE_DEMINDCOABOI_HIG,2025,0.0002051895191795873
RE1,SE_DEMINDCOABOI_HIG,2026,0.0002064987628695568
RE1,SE_DEMINDCOABOI_HIG,2027,0.000207118086613007
RE1,SE_DEMINDCOABOI_HIG,2028,0.000207308392203413
RE1,SE_DEMINDCOABOI_HIG,2029,0.0002075664128466332
RE1,SE_DEMINDCOABOI_HIG,2030,0.0002078496161743719
RE1,SE_DEMINDCOABOI_HIG,2031,0.0002077630211387149
RE1,SE_DEMINDCOABOI_HIG,2032,0.0002090849884468511
RE1,SE_DEMINDCOABOI_HIG,2033,0.0002118909846076313
RE1,SE_DEMINDCOABOI_HIG,2034,0.0002147977450926419
RE1,SE_DEMINDCOABOI_HIG,2035,0.0002188573443676089
RE1,SE_DEMINDCOABOI_HIG,2036,0.0002254024240186305
RE1,SE_DEMINDCOABOI_HIG,2037,0.0002339232885449417
RE1,SE_DEMINDCOABOI_HIG,2038,0.0002452428122181123
RE1,SE_DEMINDCOABOI_HIG,2039,0.0002596611565690891
RE1,SE_DEMINDCOABOI_HIG,2040,0.0002782421657979035
RE1,SE_DEMINDCOABOI_HIG,2041,0.0003009793548671648
RE1,SE_DEMINDCOABOI_HIG,2042,0.000328215570878616
RE1,SE_DEMINDCOABOI_HIG,2043,0.0003593494384599064
RE1,SE_DEMINDCOABOI_HIG,2044,0.000393942825365071
RE1,SE_DEMINDCOABOI_HIG,2045,0.0004300666471970727
RE1,SE_DEMINDCOABOI_HIG,2046,0.0004662738320199989
RE1,SE_DEMINDCOABOI_HIG,2047,0.0005005918026001289
RE1,SE_DEMINDCOABOI_HIG,2048,0.000531717027853255
RE1,SE_DEMINDCOABOI_HIG,2049,0.0005586288415465945
RE1,SE_DEMINDCOABOI_HIG,2050,0.0005811010170282422
RE1,SE_DEMINDCOABOI_HIG,2051,0.000599150100133327
RE1,SE_DEMINDCOABOI_HIG,2052,0.0006133062676924502
RE1,SE_DEMINDCOABOI_HIG,2053,0.0006243858489206493
RE1,SE_DEMINDCOABOI_HIG,2054,0.0006325593806560259
RE1,SE_DEMINDCOABOI_HIG,2055,0.0
RE1,SE_DEMINDCOABOI_LOW,2022,0.0
RE1,SE_DEMINDCOABOI_LOW,2023,0.0
RE1,SE_DEMINDCOABOI_LOW,2024,0.0
RE1,SE_DEMINDCOABOI_LOW,2025,0.0002041152285032543
RE1,SE_DEMINDCOABOI_LOW,2026,0.0002048791647294034
RE1,SE_DEMINDCOABOI_LOW,2027,0.0002046877570438844
RE1,SE_DEMINDCOABOI_LOW,2028,0.0002040734107906159
RE1,SE_DEMINDCOABOI_LOW,2029,0.0002032645182798636
RE1,SE_DEMINDCOABOI_LOW,2030,0.000201956972416851
RE1,SE_DEMINDCOABOI_LOW,2031,0.0002000483891117971
RE1,SE_DEMINDCOABOI_LOW,2032,0.000198484989032562
RE1,SE_DEMINDCOABOI_LOW,2033,0.0001973052472441523
RE1,SE_DEMINDCOABOI_LOW,2034,0.0001952466588234468
RE1,SE_DEMINDCOABOI_LOW,2035,0.0001920262757071568
RE1,SE_DEMINDCOABOI_LOW,2036,0.0001893695977752788
RE1,SE_DEMINDCOABOI_LOW,2037,0.000185298784746274
RE1,SE_DEMINDCOABOI_LOW,2038,0.0001803873790083973
RE1,SE_DEMINDCOABOI_LOW,2039,0.0001738942897023292
RE1,SE_DEMINDCOABOI_LOW,2040,0.0001655829084597693
RE1,SE_DEMINDCOABOI_LOW,2041,0.0001554623798183442
RE1,SE_DEMINDCOABOI_LOW,2042,0.0001435779668624383
RE1,SE_DEMINDCOABOI_LOW,2043,0.0001298884879378716
RE1,SE_DEMINDCOABOI_LOW,2044,0.0001148673579593315
RE1,SE_DEMINDCOABOI_LOW,2045,9.910571615214524e-05
RE1,SE_DEMINDCOABOI_LOW,2046,8.340280952845145e-05
RE1,SE_DEMINDCOABOI_LOW,2047,6.849929452852961e-05
RE1,SE_DEMINDCOABOI_LOW,2048,5.51757268256926e-05
RE1,SE_DEMINDCOABOI_LOW,2049,4.343157194519612e-05
RE1,SE_DEMINDCOABOI_LOW,2050,3.352505867470628e-05
RE1,SE_DEMINDCOABOI_LOW,2051,2.545154304857652e-05
RE1,SE_DEMINDCOABOI_LOW,2052,1.920637486637381e-05
RE1,SE_DEMINDCOABOI_LOW,2053,1.426722961804558e-05
RE1,SE_DEMINDCOABOI_LOW,2054,1.062907156020372e-05
RE1,SE_DEMINDCOABOI_LOW,2055,0.0
RE1,SE_DEMINDCOABOI_MID,2022,0.0
RE1,SE_DEMINDCOABOI_MID,2023,0.0
RE1,SE_DEMINDCOABOI_MID,2024,0.0
RE1,SE_DEMINDCOABOI_MID,2025,0.0002720641137813113
RE1,SE_DEMINDCOABOI_MID,2026,0.0002731722196392045
RE1,SE_DEMINDCOABOI_MID,2027,0.0002730070215981096
RE1,SE_DEMINDCOABOI_MID,2028,0.0002722776022437544
RE1,SE_DEMINDCOABOI_MID,2029,0.0002710193577064848
RE1,SE_DEMINDCOABOI_MID,2030,0.0002694545281848171
RE1,SE_DEMINDCOABOI_MID,2031,0.0002668198594137401
RE1,SE_DEMINDCOABOI_MID,2032,0.0002644699853865112
RE1,SE_DEMINDCOABOI_MID,2033,0.0002633388582169936
RE1,SE_DEMINDCOABOI_MID,2034,0.000260240810475095
RE1,SE_DEMINDCOABOI_MID,2035,0.0002562104007380421
RE1,SE_DEMINDCOABOI_MID,2036,0.0002524927970337051
RE1,SE_DEMINDCOABOI_MID,2037,0.0002473278814840339
RE1,SE_DEMINDCOABOI_MID,2038,0.0002405165053445298
RE1,SE_DEMINDCOABOI_MID,2039,0.0002315967689399047
RE1,SE_DEMINDCOABOI_MID,2040,0.0002208645440373188
RE1,SE_DEMINDCOABOI_MID,2041,0.0002072831730911257
RE1,SE_DEMINDCOABOI_MID,2042,0.0001914372891499179
RE1,SE_DEMINDCOABOI_MID,2043,0.0001732717655992131
RE1,SE_DEMINDCOABOI_MID,2044,0.0001532434980048355
RE1,SE_DEMINDCOABOI_MID,2045,0.0001322278897082571
RE1,SE_DEMINDCOABOI_MID,2046,0.0001112906239645274
RE1,SE_DEMINDCOABOI_MID,2047,9.141921056849389e-05
RE1,SE_DEMINDCOABOI_MID,2048,7.33941271926666e-05
RE1,SE_DEMINDCOABOI_MID,2049,5.773538306487149e-05
RE1,SE_DEMINDCOABOI_MID,2050,4.47000782329417e-05
RE1,SE_DEMINDCOABOI_MID,2051,3.402196060575026e-05
RE1,SE_DEMINDCOABOI_MID,2052,2.569501502393253e-05
RE1,SE_DEMINDCOABOI_MID,2053,1.919590894064314e-05
RE1,SE_DEMINDCOABOI_MID,2054,1.425851062954157e-05
RE1,SE_DEMINDCOABOI_MID,2055,0.0
RE1,SE_DEMINDCOAFUR_HIG,2022,0.0
RE1,SE_DEMINDCOAFUR_HIG,2023,0.0
RE1,SE_DEMINDCOAFUR_HIG,2024,0.0
RE1,SE_DEMINDCOAFUR_HIG,2025,1.223813453145582e-05
RE1,SE_DEMINDCOAFUR_HIG,2026,1.231461571921548e-05
RE1,SE_DEMINDCOAFUR_HIG,2027,1.233385878644643e-05
RE1,SE_DEMINDCOAFUR_HIG,2028,1.235454937788393e-05
RE1,SE_DEMINDCOAFUR_HIG,2029,1.235557422539364e-05
RE1,SE_DEMINDCOAFUR_HIG,2030,1.235809944263244e-05
RE1,SE_DEMINDCOAFUR_HIG,2031,1.23357323142237e-05
RE1,SE_DEMINDCOAFUR_HIG,2032,1.236851749181369e-05
RE1,SE_DEMINDCOAFUR_HIG,2033,1.249459388004422e-05
RE1,SE_DEMINDCOAFUR_HIG,2034,1.259248374882266e-05
RE1,SE_DEMINDCOAFUR_HIG,2035,1.27451574171094e-05
RE1,SE_DEMINDCOAFUR_HIG,2036,1.300985627983735e-05
RE1,SE_DEMINDCOAFUR_HIG,2037,1.335139697330447e-05
RE1,SE_DEMINDCOAFUR_HIG,2038,1.3792364781755e-05
RE1,SE_DEMINDCOAFUR_HIG,2039,1.436568667532486e-05
RE1,SE_DEMINDCOAFUR_HIG,2040,1.509307662477652e-05
RE1,SE_DEMINDCOAFUR_HIG,2041,1.598517732446322e-05
RE1,SE_DEMINDCOAFUR_HIG,2042,1.706786459339391e-05
RE1,SE_DEMINDCOAFUR_HIG,2043,1.829513207342402e-05
RE1,SE_DEMINDCOAFUR_HIG,2044,1.965937764940797e-05
RE1,SE_DEMINDCOAFUR_HIG,2045,2.107472530247418e-05
RE1,SE_DEMINDCOAFUR_HIG,2046,2.25061809996142e-05
RE1,SE_DEMINDCOAFUR_HIG,2047,2.386425352884741e-05
RE1,SE_DEMINDCOAFUR_HIG,2048,2.509686294542224e-05
RE1,SE_DEMINDCOAFUR_HIG,2049,2.617358168524141e-05
RE1,SE_DEMINDCOAFUR_HIG,2050,2.70648132842013e-05
RE1,SE_DEMINDCOAFUR_HIG,2051,2.779163399523452e-05
RE1,SE_DEMINDCOAFUR_HIG,2052,2.83645365097607e-05
RE1,SE_DEMINDCOAFUR_HIG,2053,2.880526974380019e-05
RE1,SE_DEMINDCOAFUR_HIG,2054,2.914090212078777e-05
RE1,SE_DEMINDCOAFUR_HIG,2055,0.0
RE1,SE_DEMINDCOAFUR_LOW,2022,0.0
RE1,SE_DEMINDCOAFUR_LOW,2023,0.0
RE1,SE_DEMINDCOAFUR_LOW,2024,0.0
RE1,SE_DEMINDCOAFUR_LOW,2025,3.043789892043043e-06
RE1,SE_DEMINDCOAFUR_LOW,2026,3.060187282410015e-06
RE1,SE_DEMINDCOAFUR_LOW,2027,3.062345075401938e-06
RE1,SE_DEMINDCOAFUR_LOW,2028,3.049073245267681e-06
RE1,SE_DEMINDCOAFUR_LOW,2029,3.044126983067998e-06
RE1,SE_DEMINDCOAFUR_LOW,2030,3.023901987661973e-06
RE1,SE_DEMINDCOAFUR_LOW,2031,2.992692454930011e-06
RE1,SE_DEMINDCOAFUR_LOW,2032,2.972601682906484e-06
RE1,SE_DEMINDCOAFUR_LOW,2033,2.954591725172822e-06
RE1,SE_DEMINDCOAFUR_LOW,2034,2.925107427650733e-06
RE1,SE_DEMINDCOAFUR_LOW,2035,2.883940729418916e-06
RE1,SE_DEMINDCOAFUR_LOW,2036,2.843966992810232e-06
RE1,SE_DEMINDCOAFUR_LOW,2037,2.781971948736563e-06
RE1,SE_DEMINDCOAFUR_LOW,2038,2.708845256986364e-06
RE1,SE_DEMINDCOAFUR_LOW,2039,2.614761675436827e-06
RE1,SE_DEMINDCOAFUR_LOW,2040,2.489686150972718e-06
RE1,SE_DEMINDCOAFUR_LOW,2041,2.333753278636102e-06
RE1,SE_DEMINDCOAFUR_LOW,2042,2.158005868130264e-06
RE1,SE_DEMINDCOAFUR_LOW,2043,1.951343093610124e-06
RE1,SE_DEMINDCOAFUR_LOW,2044,1.723420507848365e-06
RE1,SE_DEMINDCOAFUR_LOW,2045,1.485443193125933e-06
RE1,SE_DEMINDCOAFUR_LOW,2046,1.248051283663299e-06
RE1,SE_DEMINDCOAFUR_LOW,2047,1.020985781916981e-06
RE1,SE_DEMINDCOAFUR_LOW,2048,8.145653955169913e-07
RE1,SE_DEMINDCOAFUR_LOW,2049,6.288257120124954e-07
RE1,SE_DEMINDCOAFUR_LOW,2050,4.84404502801775e-07
RE1,SE_DEMINDCOAFUR_LOW,2051,3.606626584476115e-07
RE1,SE_DEMINDCOAFUR_LOW,2052,2.678815652937806e-07
RE1,SE_DEMINDCOAFUR_LOW,2053,1.8544165071116e-07
RE1,SE_DEMINDCOAFUR_LOW,2054,1.339101193249349e-07
RE1,SE_DEMINDCOAFUR_LOW,2055,0.0
RE1,SE_DEMINDCOAFUR_MID,2022,0.0
RE1,SE_DEMINDCOAFUR_MID,2023,0.0
RE1,SE_DEMINDCOAFUR_MID,2024,0.0
RE1,SE_DEMINDCOAFUR_MID,2025,1.522944528742916e-05
RE1,SE_DEMINDCOAFUR_MID,2026,1.530093641205008e-05
RE1,SE_DEMINDCOAFUR_MID,2027,1.530116556640486e-05
RE1,SE_DEMINDCOAFUR_MID,2028,1.526646707924683e-05
RE1,SE_DEMINDCOAFUR_MID,2029,1.52101016039799e-05
RE1,SE_DEMINDCOAFUR_MID,2030,1.513000959798925e-05
RE1,SE_DEMINDCOAFUR_MID,2031,1.497388977449302e-05
RE1,SE_DEMINDCOAFUR_MID,2032,1.486300841453242e-05
RE1,SE_DEMINDCOAFUR_MID,2033,1.47937656098442e-05
RE1,SE_DEMINDCOAFUR_MID,2034,1.462553713825367e-05
RE1,SE_DEMINDCOAFUR_MID,2035,1.441970364709458e-05
RE1,SE_DEMINDCOAFUR_MID,2036,1.420949326589549e-05
RE1,SE_DEMINDCOAFUR_MID,2037,1.392020164683797e-05
RE1,SE_DEMINDCOAFUR_MID,2038,1.354422628493182e-05
RE1,SE_DEMINDCOAFUR_MID,2039,1.306347335079901e-05
RE1,SE_DEMINDCOAFUR_MID,2040,1.244843075486359e-05
RE1,SE_DEMINDCOAFUR_MID,2041,1.168941907706225e-05
RE1,SE_DEMINDCOAFUR_MID,2042,1.079002934065132e-05
RE1,SE_DEMINDCOAFUR_MID,2043,9.75671546805062e-06
RE1,SE_DEMINDCOAFUR_MID,2044,8.617102539241816e-06
RE1,SE_DEMINDCOAFUR_MID,2045,7.416900387899623e-06
RE1,SE_DEMINDCOAFUR_MID,2046,6.229941944897791e-06
RE1,SE_DEMINDCOAFUR_MID,2047,5.094615921888773e-06
RE1,SE_DEMINDCOAFUR_MID,2048,4.062516023211324e-06
RE1,SE_DEMINDCOAFUR_MID,2049,3.164745796521903e-06
RE1,SE_DEMINDCOAFUR_MID,2050,2.411716035225859e-06
RE1,SE_DEMINDCOAFUR_MID,2051,1.803313292238057e-06
RE1,SE_DEMINDCOAFUR_MID,2052,1.318801552215535e-06
RE1,SE_DEMINDCOAFUR_MID,2053,9.478128814125958e-07
RE1,SE_DEMINDCOAFUR_MID,2054,6.695505966246747e-07
RE1,SE_DEMINDCOAFUR_MID,2055,0.0
RE1,SE_DEMINDCOAOTH_LOW,2022,0.0
RE1,SE_DEMINDCOAOTH_LOW,2023,0.0
RE1,SE_DEMINDCOAOTH_LOW,2024,0.0
RE1,SE_DEMINDCOAOTH_LOW,2025,0.0
RE1,SE_DEMINDCOAOTH_LOW,2026,0.0
RE1,SE_DEMINDCOAOTH_LOW,2027,0.0
RE1,SE_DEMINDCOAOTH_LOW,2028,0.0
RE1,SE_DEMINDCOAOTH_LOW,2029,0.0
RE1,SE_DEMINDCOAOTH_LOW,2030,0.0
RE1,SE_DEMINDCOAOTH_LOW,2031,0.0
RE1,SE_DEMINDCOAOTH_LOW,2032,0.0
RE1,SE_DEMINDCOAOTH_LOW,2033,0.0
RE1,SE_DEMINDCOAOTH_LOW,2034,0.0
RE1,SE_DEMINDCOAOTH_LOW,2035,0.0
RE1,SE_DEMINDCOAOTH_LOW,2036,0.0
RE1,SE_DEMINDCOAOTH_LOW,2037,0.0
RE1,SE_DEMINDCOAOTH_LOW,2038,0.0
RE1,SE_DEMINDCOAOTH_LOW,2039,0.0
RE1,SE_DEMINDCOAOTH_LOW,2040,0.0
RE1,SE_DEMINDCOAOTH_LOW,2041,0.0
RE1,SE_DEMINDCOAOTH_LOW,2042,0.0
RE1,SE_DEMINDCOAOTH_LOW,2043,0.0
RE1,SE_DEMINDCOAOTH_LOW,2044,0.0
RE1,SE_DEMINDCOAOTH_LOW,2045,0.0
RE1,SE_DEMINDCOAOTH_LOW,2046,0.0
RE1,SE_DEMINDCOAOTH_LOW,2047,0.0
RE1,SE_DEMINDCOAOTH_LOW,2048,0.0
RE1,SE_DEMINDCOAOTH_LOW,2049,0.0
RE1,SE_DEMINDCOAOTH_LOW,2050,0.0
RE1,SE_DEMINDCOAOTH_LOW,2051,0.0
RE1,SE_DEMINDCOAOTH_LOW,2052,0.0
RE1,SE_DEMINDCOAOTH_LOW,2053,0.0
RE1,SE_DEMINDCOAOTH_LOW,2054,0.0
RE1,SE_DEMINDCOAOTH_LOW,2055,0.0
RE1,SE_DEMINDNGSBOI_HIG,2022,0.0
RE1,SE_DEMINDNGSBOI_HIG,2023,0.0
RE1,SE_DEMINDNGSBOI_HIG,2024,0.0
RE1,SE_DEMINDNGSBOI_HIG,2025,5.80810051402741e-05
RE1,SE_DEMINDNGSBOI_HIG,2026,5.840605490159058e-05
RE1,SE_DEMINDNGSBOI_HIG,2027,5.850611931753586e-05
RE1,SE_DEMINDNGSBOI_HIG,2028,5.850096970054503e-05
RE1,SE_DEMINDNGSBOI_HIG,2029,5.852309642378306e-05
RE1,SE_DEMINDNGSBOI_HIG,2030,5.852502604638651e-05
RE1,SE_DEMINDNGSBOI_HIG,2031,5.830799132206593e-05
RE1,SE_DEMINDNGSBOI_HIG,2032,5.864260195381168e-05
RE1,SE_DEMINDNGSBOI_HIG,2033,5.943154530766977e-05
RE1,SE_DEMINDNGSBOI_HIG,2034,6.03017559982972e-05
RE1,SE_DEMINDNGSBOI_HIG,2035,6.146883529226305e-05
RE1,SE_DEMINDNGSBOI_HIG,2036,6.327870866184271e-05
RE1,SE_DEMINDNGSBOI_HIG,2037,6.564652354466956e-05
RE1,SE_DEMINDNGSBOI_HIG,2038,6.880298946555908e-05
RE1,SE_DEMINDNGSBOI_HIG,2039,7.282975468754007e-05
RE1,SE_DEMINDNGSBOI_HIG,2040,7.802563682355279e-05
RE1,SE_DEMINDNGSBOI_HIG,2041,8.439009292291919e-05
RE1,SE_DEMINDNGSBOI_HIG,2042,9.202917776574774e-05
RE1,SE_DEMINDNGSBOI_HIG,2043,0.0001007624152866432
RE1,SE_DEMINDNGSBOI_HIG,2044,0.0001104636773591344
RE1,SE_DEMINDNGSBOI_HIG,2045,0.0001205755686485578
RE1,SE_DEMINDNGSBOI_HIG,2046,0.000130702153052216
RE1,SE_DEMINDNGSBOI_HIG,2047,0.0001403002445589371
RE1,SE_DEMINDNGSBOI_HIG,2048,0.0001489998255327058
RE1,SE_DEMINDNGSBOI_HIG,2049,0.0001565116947885549
RE1,SE_DEMINDNGSBOI_HIG,2050,0.000162781071617508
RE1,SE_DEMINDNGSBOI_HIG,2051,0.0001678131083367905
RE1,SE_DEMINDNGSBOI_HIG,2052,0.0001717563717550841
RE1,SE_DEMINDNGSBOI_HIG,2053,0.0001748346979806515
RE1,SE_DEMINDNGSBOI_HIG,2054,0.0001770972985050633
RE1,SE_DEMINDNGSBOI_HIG,2055,0.0
RE1,SE_DEMINDNGSBOI_LOW,2022,0.0
RE1,SE_DEMINDNGSBOI_LOW,2023,0.0
RE1,SE_DEMINDNGSBOI_LOW,2024,0.0
RE1,SE_DEMINDNGSBOI_LOW,2025,0.0
RE1,SE_DEMINDNGSBOI_LOW,2026,0.0
RE1,SE_DEMINDNGSBOI_LOW,2027,0.0
RE1,SE_DEMINDNGSBOI_LOW,2028,0.0
RE1,SE_DEMINDNGSBOI_LOW,2029,0.0
RE1,SE_DEMINDNGSBOI_LOW,2030,0.0
RE1,SE_DEMINDNGSBOI_LOW,2031,0.0
RE1,SE_DEMINDNGSBOI_LOW,2032,0.0
RE1,SE_DEMINDNGSBOI_LOW,2033,0.0
RE1,SE_DEMINDNGSBOI_LOW,2034,0.0
RE1,SE_DEMINDNGSBOI_LOW,2035,0.0
RE1,SE_DEMINDNGSBOI_LOW,2036,0.0
RE1,SE_DEMINDNGSBOI_LOW,2037,0.0
RE1,SE_DEMINDNGSBOI_LOW,2038,0.0
RE1,SE_DEMINDNGSBOI_LOW,2039,0.0
RE1,SE_DEMINDNGSBOI_LOW,2040,0.0
RE1,SE_DEMINDNGSBOI_LOW,2041,0.0
RE1,SE_DEMINDNGSBOI_LOW,2042,0.0
RE1,SE_DEMINDNGSBOI_LOW,2043,0.0
RE1,SE_DEMINDNGSBOI_LOW,2044,0.0
RE1,SE_DEMINDNGSBOI_LOW,2045,0.0
RE1,SE_DEMINDNGSBOI_LOW,2046,0.0
RE1,SE_DEMINDNGSBOI_LOW,2047,0.0
RE1,SE_DEMINDNGSBOI_LOW,2048,0.0
RE1,SE_DEMINDNGSBOI_LOW,2049,0.0
RE1,SE_DEMINDNGSBOI_LOW,2050,0.0
RE1,SE_DEMINDNGSBOI_LOW,2051,0.0
RE1,SE_DEMINDNGSBOI_LOW,2052,0.0
RE1,SE_DEMINDNGSBOI_LOW,2053,0.0
RE1,SE_DEMINDNGSBOI_LOW,2054,0.0
RE1,SE_DEMINDNGSBOI_LOW,2055,0.0
RE1,SE_DEMINDNGSBOI_MID,2022,0.0
RE1,SE_DEMINDNGSBOI_MID,2023,0.0
RE1,SE_DEMINDNGSBOI_MID,2024,0.0
RE1,SE_DEMINDNGSBOI_MID,2025,0.0001347114412415781
RE1,SE_DEMINDNGSBOI_MID,2026,0.0001352119257917868
RE1,SE_DEMINDNGSBOI_MID,2027,0.0001350141215020058
RE1,SE_DEMINDNGSBOI_MID,2028,0.0001344229043704331
RE1,SE_DEMINDNGSBOI_MID,2029,0.0001337237591859499
RE1,SE_DEMINDNGSBOI_MID,2030,0.0001327371724763405
RE1,SE_DEMINDNGSBOI_MID,2031,0.0001310249997057947
RE1,SE_DEMINDNGSBOI_MID,2032,0.0001298461668102776
RE1,SE_DEMINDNGSBOI_MID,2033,0.0001292022455562233
RE1,SE_DEMINDNGSBOI_MID,2034,0.0001277981864514958
RE1,SE_DEMINDNGSBOI_MID,2035,0.0001258929030505003
RE1,SE_DEMINDNGSBOI_MID,2036,0.0001239731060014398
RE1,SE_DEMINDNGSBOI_MID,2037,0.0001214091884882315
RE1,SE_DEMINDNGSBOI_MID,2038,0.000118011123258914
RE1,SE_DEMINDNGSBOI_MID,2039,0.000113732121966603
RE1,SE_DEMINDNGSBOI_MID,2040,0.0001083689400327122
RE1,SE_DEMINDNGSBOI_MID,2041,0.0001017817903339904
RE1,SE_DEMINDNGSBOI_MID,2042,9.40090883630985e-05
RE1,SE_DEMINDNGSBOI_MID,2043,8.508011938021289e-05
RE1,SE_DEMINDNGSBOI_MID,2044,7.525292268070918e-05
RE1,SE_DEMINDNGSBOI_MID,2045,6.493093084288619e-05
RE1,SE_DEMINDNGSBOI_MID,2046,5.464796561378289e-05
RE1,SE_DEMINDNGSBOI_MID,2047,4.489315837864012e-05
RE1,SE_DEMINDNGSBOI_MID,2048,3.60283474366895e-05
RE1,SE_DEMINDNGSBOI_MID,2049,2.834406390723829e-05
RE1,SE_DEMINDNGSBOI_MID,2050,2.191283656389531e-05
RE1,SE_DEMINDNGSBOI_MID,2051,1.665765141271133e-05
RE1,SE_DEMINDNGSBOI_MID,2052,1.257463068710518e-05
RE1,SE_DEMINDNGSBOI_MID,2053,9.37003574553554e-06
RE1,SE_DEMINDNGSBOI_MID,2054,6.96776256413364e-06
RE1,SE_DEMINDNGSBOI_MID,2055,0.0
RE1,SE_DEMINDNGSFURCSS,2022,0.0
RE1,SE_DEMINDNGSFURCSS,2023,0.0
RE1,SE_DEMINDNGSFURCSS,2024,0.0
RE1,SE_DEMINDNGSFURCSS,2025,8.818844963613973e-06
RE1,SE_DEMINDNGSFURCSS,2026,8.857645074059509e-06
RE1,SE_DEMINDNGSFURCSS,2027,8.851584161505669e-06
RE1,SE_DEMINDNGSFURCSS,2028,8.82368883746756e-06
RE1,SE_DEMINDNGSFURCSS,2029,8.782838540932944e-06
RE1,SE_DEMINDNGSFURCSS,2030,8.728154303393535e-06
RE1,SE_DEMINDNGSFURCSS,2031,8.62319583077007e-06
RE1,SE_DEMINDNGSFURCSS,2032,8.553667687787462e-06
RE1,SE_DEMINDNGSFURCSS,2033,8.51378856649365e-06
RE1,SE_DEMINDNGSFURCSS,2034,8.42016999241013e-06
RE1,SE_DEMINDNGSFURCSS,2035,8.302537323185465e-06
RE1,SE_DEMINDNGSFURCSS,2036,8.177576309539929e-06
RE1,SE_DEMINDNGSFURCSS,2037,8.00715916222059e-06
RE1,SE_DEMINDNGSFURCSS,2038,7.78726739200803e-06
RE1,SE_DEMINDNGSFURCSS,2039,7.507663929184433e-06
RE1,SE_DEMINDNGSFURCSS,2040,7.151540583640665e-06
RE1,SE_DEMINDNGSFURCSS,2041,6.713357752752227e-06
RE1,SE_DEMINDNGSFURCSS,2042,6.195327785915592e-06
RE1,SE_DEMINDNGSFURCSS,2043,5.600891871956646e-06
RE1,SE_DEMINDNGSFURCSS,2044,4.945633921496606e-06
RE1,SE_DEMINDNGSFURCSS,2045,4.255577819566557e-06
RE1,SE_DEMINDNGSFURCSS,2046,3.57339537583178e-06
RE1,SE_DEMINDNGSFURCSS,2047,2.92130919423729e-06
RE1,SE_DEMINDNGSFURCSS,2048,2.328786783020133e-06
RE1,SE_DEMINDNGSFURCSS,2049,1.813577733588314e-06
RE1,SE_DEMINDNGSFURCSS,2050,1.381642558926727e-06
RE1,SE_DEMINDNGSFURCSS,2051,1.032810464900882e-06
RE1,SE_DEMINDNGSFURCSS,2052,7.551182949507259e-07
RE1,SE_DEMINDNGSFURCSS,2053,5.425562497759352e-07
RE1,SE_DEMINDNGSFURCSS,2054,3.831691442979847e-07
RE1,SE_DEMINDNGSFURCSS,2055,0.0
RE1,SE_DEMINDNGSFUR_HIG,2022,0.0
RE1,SE_DEMINDNGSFUR_HIG,2023,0.0
RE1,SE_DEMINDNGSFUR_HIG,2024,0.0
RE1,SE_DEMINDNGSFUR_HIG,2025,7.086680377376906e-06
RE1,SE_DEMINDNGSFUR_HIG,2026,7.128877104432722e-06
RE1,SE_DEMINDNGSFUR_HIG,2027,7.135024362069442e-06
RE1,SE_DEMINDNGSFUR_HIG,2028,7.140663184985843e-06
RE1,SE_DEMINDNGSFUR_HIG,2029,7.134535739968382e-06
RE1,SE_DEMINDNGSFUR_HIG,2030,7.129103133306171e-06
RE1,SE_DEMINDNGSFUR_HIG,2031,7.103928041644146e-06
RE1,SE_DEMINDNGSFUR_HIG,2032,7.118087096830126e-06
RE1,SE_DEMINDNGSFUR_HIG,2033,7.19061889476714e-06
RE1,SE_DEMINDNGSFUR_HIG,2034,7.249706645947447e-06
RE1,SE_DEMINDNGSFUR_HIG,2035,7.338371698557477e-06
RE1,SE_DEMINDNGSFUR_HIG,2036,7.487184132024188e-06
RE1,SE_DEMINDNGSFUR_HIG,2037,7.679972123645456e-06
RE1,SE_DEMINDNGSFUR_HIG,2038,7.929934886212756e-06
RE1,SE_DEMINDNGSFUR_HIG,2039,8.256054479087313e-06
RE1,SE_DEMINDNGSFUR_HIG,2040,8.670872027136107e-06
RE1,SE_DEMINDNGSFUR_HIG,2041,9.18045742160817e-06
RE1,SE_DEMINDNGSFUR_HIG,2042,9.799882134084665e-06
RE1,SE_DEMINDNGSFUR_HIG,2043,1.050241311863193e-05
RE1,SE_DEMINDNGSFUR_HIG,2044,1.128315283886352e-05
RE1,SE_DEMINDNGSFUR_HIG,2045,1.209199650260706e-05
RE1,SE_DEMINDNGSFUR_HIG,2046,1.290918660606779e-05
RE1,SE_DEMINDNGSFUR_HIG,2047,1.368402727826942e-05
RE1,SE_DEMINDNGSFUR_HIG,2048,1.438646454281981e-05
RE1,SE_DEMINDNGSFUR_HIG,2049,1.499893767290141e-05
RE1,SE_DEMINDNGSFUR_HIG,2050,1.55050998279555e-05
RE1,SE_DEMINDNGSFUR_HIG,2051,1.591708470764387e-05
RE1,SE_DEMINDNGSFUR_HIG,2052,1.624094270311991e-05
RE1,SE_DEMINDNGSFUR_HIG,2053,1.64889921127556e-05
RE1,SE_DEMINDNGSFUR_HIG,2054,1.667670014183076e-05
RE1,SE_DEMINDNGSFUR_HIG,2055,0.0
RE1,SE_DEMINDNGSFUR_LOW,2022,0.0
RE1,SE_DEMINDNGSFUR_LOW,2023,0.0
RE1,SE_DEMINDNGSFUR_LOW,2024,0.0
RE1,SE_DEMINDNGSFUR_LOW,2025,1.762553438627189e-06
RE1,SE_DEMINDNGSFUR_LOW,2026,1.771529014811902e-06
RE1,SE_DEMINDNGSFUR_LOW,2027,1.771538583048063e-06
RE1,SE_DEMINDNGSFUR_LOW,2028,1.76229859988122e-06
RE1,SE_DEMINDNGSFUR_LOW,2029,1.757784167818297e-06
RE1,SE_DEMINDNGSFUR_LOW,2030,1.744419458277126e-06
RE1,SE_DEMINDNGSFUR_LOW,2031,1.723438163949171e-06
RE1,SE_DEMINDNGSFUR_LOW,2032,1.710733537557492e-06
RE1,SE_DEMINDNGSFUR_LOW,2033,1.700362836064836e-06
RE1,SE_DEMINDNGSFUR_LOW,2034,1.684033998482026e-06
RE1,SE_DEMINDNGSFUR_LOW,2035,1.660507464637093e-06
RE1,SE_DEMINDNGSFUR_LOW,2036,1.63670559324853e-06
RE1,SE_DEMINDNGSFUR_LOW,2037,1.600242061394754e-06
RE1,SE_DEMINDNGSFUR_LOW,2038,1.557453478401606e-06
RE1,SE_DEMINDNGSFUR_LOW,2039,1.502720707344669e-06
RE1,SE_DEMINDNGSFUR_LOW,2040,1.430308116728133e-06
RE1,SE_DEMINDNGSFUR_LOW,2041,1.340299339330392e-06
RE1,SE_DEMINDNGSFUR_LOW,2042,1.239065557183118e-06
RE1,SE_DEMINDNGSFUR_LOW,2043,1.120178374391329e-06
RE1,SE_DEMINDNGSFUR_LOW,2044,9.891267842993213e-07
RE1,SE_DEMINDNGSFUR_LOW,2045,8.522993129590878e-07
RE1,SE_DEMINDNGSFUR_LOW,2046,7.158623186682871e-07
RE1,SE_DEMINDNGSFUR_LOW,2047,5.854445551204286e-07
RE1,SE_DEMINDNGSFUR_LOW,2048,4.669394818745952e-07
RE1,SE_DEMINDNGSFUR_LOW,2049,3.603525789866032e-07
RE1,SE_DEMINDNGSFUR_LOW,2050,2.775094028613512e-07
RE1,SE_DEMINDNGSFUR_LOW,2051,2.065620929801763e-07
RE1,SE_DEMINDNGSFUR_LOW,2052,1.533834036618662e-07
RE1,SE_DEMINDNGSFUR_LOW,2053,1.061523097387699e-07
RE1,SE_DEMINDNGSFUR_LOW,2054,7.663382885959693e-08
RE1,SE_DEMINDNGSFUR_LOW,2055,0.0
RE1,SE_DEMINDNGSFUR_MID,2022,0.0
RE1,SE_DEMINDNGSFUR_MID,2023,0.0
RE1,SE_DEMINDNGSFUR_MID,2024,0.0
RE1,SE_DEMINDNGSFUR_MID,2025,8.818844963613973e-06
RE1,SE_DEMINDNGSFUR_MID,2026,8.857645074059509e-06
RE1,SE_DEMINDNGSFUR_MID,2027,8.851584161505669e-06
RE1,SE_DEMINDNGSFUR_MID,2028,8.823688837467562e-06
RE1,SE_DEMINDNGSFUR_MID,2029,8.782838540932944e-06
RE1,SE_DEMINDNGSFUR_MID,2030,8.728154303393537e-06
RE1,SE_DEMINDNGSFUR_MID,2031,8.62319583077007e-06
RE1,SE_DEMINDNGSFUR_MID,2032,8.553667687787462e-06
RE1,SE_DEMINDNGSFUR_MID,2033,8.51378856649365e-06
RE1,SE_DEMINDNGSFUR_MID,2034,8.420169992410132e-06
RE1,SE_DEMINDNGSFUR_MID,2035,8.302537323185467e-06
RE1,SE_DEMINDNGSFUR_MID,2036,8.177576309539932e-06
RE1,SE_DEMINDNGSFUR_MID,2037,8.007159162220594e-06
RE1,SE_DEMINDNGSFUR_MID,2038,7.78726739200803e-06
RE1,SE_DEMINDNGSFUR_MID,2039,7.507663929184435e-06
RE1,SE_DEMINDNGSFUR_MID,2040,7.151540583640663e-06
RE1,SE_DEMINDNGSFUR_MID,2041,6.713357752752227e-06
RE1,SE_DEMINDNGSFUR_MID,2042,6.195327785915592e-06
RE1,SE_DEMINDNGSFUR_MID,2043,5.600891871956644e-06
RE1,SE_DEMINDNGSFUR_MID,2044,4.945633921496607e-06
RE1,SE_DEMINDNGSFUR_MID,2045,4.255577819566557e-06
RE1,SE_DEMINDNGSFUR_MID,2046,3.57339537583178e-06
RE1,SE_DEMINDNGSFUR_MID,2047,2.921309194237291e-06
RE1,SE_DEMINDNGSFUR_MID,2048,2.328786783020133e-06
RE1,SE_DEMINDNGSFUR_MID,2049,1.813577733588315e-06
RE1,SE_DEMINDNGSFUR_MID,2050,1.381642558926728e-06
RE1,SE_DEMINDNGSFUR_MID,2051,1.032810464900881e-06
RE1,SE_DEMINDNGSFUR_MID,2052,7.55118294950726e-07
RE1,SE_DEMINDNGSFUR_MID,2053,5.425562497759352e-07
RE1,SE_DEMINDNGSFUR_MID,2054,3.831691442979848e-07
RE1,SE_DEMINDNGSFUR_MID,2055,0.0
RE1,SO_DEMINDAUTBOI,2022,0.0
RE1,SO_DEMINDAUTBOI,2023,0.0
RE1,SO_DEMINDAUTBOI,2024,0.0
RE1,SO_DEMINDAUTBOI,2025,0.0
RE1,SO_DEMINDAUTBOI,2026,0.0
RE1,SO_DEMINDAUTBOI,2027,0.0
RE1,SO_DEMINDAUTBOI,2028,0.0
RE1,SO_DEMINDAUTBOI,2029,0.0
RE1,SO_DEMINDAUTBOI,2030,0.0
RE1,SO_DEMINDAUTBOI,2031,0.0
RE1,SO_DEMINDAUTBOI,2032,0.0
RE1,SO_DEMINDAUTBOI,2033,0.0
RE1,SO_DEMINDAUTBOI,2034,0.0
RE1,SO_DEMINDAUTBOI,2035,0.0
RE1,SO_DEMINDAUTBOI,2036,0.0
RE1,SO_DEMINDAUTBOI,2037,0.0
RE1,SO_DEMINDAUTBOI,2038,0.0
RE1,SO_DEMINDAUTBOI,2039,0.0
RE1,SO_DEMINDAUTBOI,2040,0.0
RE1,SO_DEMINDAUTBOI,2041,0.0
RE1,SO_DEMINDAUTBOI,2042,0.0
RE1,SO_DEMINDAUTBOI,2043,0.0
RE1,SO_DEMINDAUTBOI,2044,0.0
RE1,SO_DEMINDAUTBOI,2045,0.0
RE1,SO_DEMINDAUTBOI,2046,0.0
RE1,SO_DEMINDAUTBOI,2047,0.0
RE1,SO_DEMINDAUTBOI,2048,0.0
RE1,SO_DEMINDAUTBOI,2049,0.0
RE1,SO_DEMINDAUTBOI,2050,0.0
RE1,SO_DEMINDAUTBOI,2051,0.0
RE1,SO_DEMINDAUTBOI,2052,0.0
RE1,SO_DEMINDAUTBOI,2053,0.0
RE1,SO_DEMINDAUTBOI,2054,0.0
RE1,SO_DEMINDAUTBOI,2055,0.0
RE1,SO_DEMINDAUTFUR,2022,0.0
RE1,SO_DEMINDAUTFUR,2023,0.0
RE1,SO_DEMINDAUTFUR,2024,0.0
RE1,SO_DEMINDAUTFUR,2025,0.0
RE1,SO_DEMINDAUTFUR,2026,0.0
RE1,SO_DEMINDAUTFUR,2027,0.0
RE1,SO_DEMINDAUTFUR,2028,0.0
RE1,SO_DEMINDAUTFUR,2029,0.0
RE1,SO_DEMINDAUTFUR,2030,0.0
RE1,SO_DEMINDAUTFUR,2031,0.0
RE1,SO_DEMINDAUTFUR,2032,0.0
RE1,SO_DEMINDAUTFUR,2033,0.0
RE1,SO_DEMINDAUTFUR,2034,0.0
RE1,SO_DEMINDAUTFUR,2035,0.0
RE1,SO_DEMINDAUTFUR,2036,0.0
RE1,SO_DEMINDAUTFUR,2037,0.0
RE1,SO_DEMINDAUTFUR,2038,0.0
RE1,SO_DEMINDAUTFUR,2039,0.0
RE1,SO_DEMINDAUTFUR,2040,0.0
RE1,SO_DEMINDAUTFUR,2041,0.0
RE1,SO_DEMINDAUTFUR,2042,0.0
RE1,SO_DEMINDAUTFUR,2043,0.0
RE1,SO_DEMINDAUTFUR,2044,0.0
RE1,SO_DEMINDAUTFUR,2045,0.0
RE1,SO_DEMINDAUTFUR,2046,0.0
RE1,SO_DEMINDAUTFUR,2047,0.0
RE1,SO_DEMINDAUTFUR,2048,0.0
RE1,SO_DEMINDAUTFUR,2049,0.0
RE1,SO_DEMINDAUTFUR,2050,0.0
RE1,SO_DEMINDAUTFUR,2051,0.0
RE1,SO_DEMINDAUTFUR,2052,0.0
RE1,SO_DEMINDAUTFUR,2053,0.0
RE1,SO_DEMINDAUTFUR,2054,0.0
RE1,SO_DEMINDAUTFUR,2055,0.0
RE1,SO_DEMINDCOABOI_HIG,2022,0.0
RE1,SO_DEMINDCOABOI_HIG,2023,0.0
RE1,SO_DEMINDCOABOI_HIG,2024,0.0
RE1,SO_DEMINDCOABOI_HIG,2025,0.3780666797703662
RE1,SO_DEMINDCOABOI_HIG,2026,0.3787519144754913
RE1,SO_DEMINDCOABOI_HIG,2027,0.379815549381867
RE1,SO_DEMINDCOABOI_HIG,2028,0.3807669497544576
RE1,SO_DEMINDCOABOI_HIG,2029,0.3822386607890819
RE1,SO_DEMINDCOABOI_HIG,2030,0.384100835240103
RE1,SO_DEMINDCOABOI_HIG,2031,0.3851200383693612
RE1,SO_DEMINDCOABOI_HIG,2032,0.3889265117291302
RE1,SO_DEMINDCOABOI_HIG,2033,0.3941135174386317
RE1,SO_DEMINDCOABOI_HIG,2034,0.4010252223494538
RE1,SO_DEMINDCOABOI_HIG,2035,0.4102659723202755
RE1,SO_DEMINDCOABOI_HIG,2036,0.4225600551986409
RE1,SO_DEMINDCOABOI_HIG,2037,0.4387789790456441
RE1,SO_DEMINDCOABOI_HIG,2038,0.4603958478064431
RE1,SO_DEMINDCOABOI_HIG,2039,0.4879108967723116
RE1,SO_DEMINDCOABOI_HIG,2040,0.5232919124424238
RE1,SO_DEMINDCOABOI_HIG,2041,0.5665316153162518
RE1,SO_DEMINDCOABOI_HIG,2042,0.6182764087186524
RE1,SO_DEMINDCOABOI_HIG,2043,0.6774092698398729
RE1,SO_DEMINDCOABOI_HIG,2044,0.7433728283431522
RE1,SO_DEMINDCOABOI_HIG,2045,0.8122332951148232
RE1,SO_DEMINDCOABOI_HIG,2046,0.8810964930372136
RE1,SO_DEMINDCOABOI_HIG,2047,0.9465030329029159
RE1,SO_DEMINDCOABOI_HIG,2048,1.005966666020333
RE1,SO_DEMINDCOABOI_HIG,2049,1.05750939323035
RE1,SO_DEMINDCOABOI_HIG,2050,1.100687082230656
RE1,SO_DEMINDCOABOI_HIG,2051,1.135508291617822
RE1,SO_DEMINDCOABOI_HIG,2052,1.162965624211426
RE1,SO_DEMINDCOABOI_HIG,2053,1.184510168170953
RE1,SO_DEMINDCOABOI_HIG,2054,1.200621366328283
RE1,SO_DEMINDCOABOI_HIG,2055,0.0
RE1,SO_DEMINDCOABOI_LOW,2022,0.0
RE1,SO_DEMINDCOABOI_LOW,2023,0.0
RE1,SO_DEMINDCOABOI_LOW,2024,0.0
RE1,SO_DEMINDCOABOI_LOW,2025,0.3760872730699978
RE1,SO_DEMINDCOABOI_LOW,2026,0.3757813112247031
RE1,SO_DEMINDCOABOI_LOW,2027,0.3753587828311019
RE1,SO_DEMINDCOABOI_LOW,2028,0.3748252028142059
RE1,SO_DEMINDCOABOI_LOW,2029,0.3743166160058884
RE1,SO_DEMINDCOABOI_LOW,2030,0.3732113785709248
RE1,SO_DEMINDCOABOI_LOW,2031,0.3708198064708831
RE1,SO_DEMINDCOABOI_LOW,2032,0.3692090713372858
RE1,SO_DEMINDCOABOI_LOW,2033,0.3669843015949211
RE1,SO_DEMINDCOABOI_LOW,2034,0.3645235415943989
RE1,SO_DEMINDCOABOI_LOW,2035,0.3599689420598572
RE1,SO_DEMINDCOABOI_LOW,2036,0.3550096146359643
RE1,SO_DEMINDCOABOI_LOW,2037,0.3475721126148079
RE1,SO_DEMINDCOABOI_LOW,2038,0.3386423420160883
RE1,SO_DEMINDCOABOI_LOW,2039,0.326752449050548
RE1,SO_DEMINDCOABOI_LOW,2040,0.3114128895137587
RE1,SO_DEMINDCOABOI_LOW,2041,0.2926258952155248
RE1,SO_DEMINDCOABOI_LOW,2042,0.2704651381566058
RE1,SO_DEMINDCOABOI_LOW,2043,0.2448526597166668
RE1,SO_DEMINDCOABOI_LOW,2044,0.2167554966673207
RE1,SO_DEMINDCOABOI_LOW,2045,0.1871732274976548
RE1,SO_DEMINDCOABOI_LOW,2046,0.1576025029468465
RE1,SO_DEMINDCOABOI_LOW,2047,0.1295162838987861
RE1,SO_DEMINDCOABOI_LOW,2048,0.1043881219756782
RE1,SO_DEMINDCOABOI_LOW,2049,0.08221790906399834
RE1,SO_DEMINDCOABOI_LOW,2050,0.06350117782099939
RE1,SO_DEMINDCOABOI_LOW,2051,0.04823572283422042
RE1,SO_DEMINDCOABOI_LOW,2052,0.0364195751974801
RE1,SO_DEMINDCOABOI_LOW,2053,0.02706608194823532
RE1,SO_DEMINDCOABOI_LOW,2054,0.02017437541781131
RE1,SO_DEMINDCOABOI_LOW,2055,0.0
RE1,SO_DEMINDCOABOI_MID,2022,0.0
RE1,SO_DEMINDCOABOI_MID,2023,0.0
RE1,SO_DEMINDCOABOI_MID,2024,0.0
RE1,SO_DEMINDCOABOI_MID,2025,0.5012847468682996
RE1,SO_DEMINDCOABOI_MID,2026,0.5010417482996041
RE1,SO_DEMINDCOABOI_MID,2027,0.500643442535942
RE1,SO_DEMINDCOABOI_MID,2028,0.5000970341378441
RE1,SO_DEMINDCOABOI_MID,2029,0.4990888213411846
RE1,SO_DEMINDCOABOI_MID,2030,0.4979451549633294
RE1,SO_DEMINDCOABOI_MID,2031,0.4945907791094357
RE1,SO_DEMINDCOABOI_MID,2032,0.4919501377765171
RE1,SO_DEMINDCOABOI_MID,2033,0.489805660596447
RE1,SO_DEMINDCOABOI_MID,2034,0.4858669668071487
RE1,SO_DEMINDCOABOI_MID,2035,0.4802873281730148
RE1,SO_DEMINDCOABOI_MID,2036,0.4733461528479525
RE1,SO_DEMINDCOABOI_MID,2037,0.4639224935752259
RE1,SO_DEMINDCOABOI_MID,2038,0.4515231226881177
RE1,SO_DEMINDCOABOI_MID,2039,0.4351770927777284
RE1,SO_DEMINDCOABOI_MID,2040,0.4153814333229409
RE1,SO_DEMINDCOABOI_MID,2041,0.3901678602873666
RE1,SO_DEMINDCOABOI_MID,2042,0.3606201842088076
RE1,SO_DEMINDCOABOI_MID,2043,0.3266344333846078
RE1,SO_DEMINDCOABOI_MID,2044,0.2891715375993574
RE1,SO_DEMINDCOABOI_MID,2045,0.249728490371871
RE1,SO_DEMINDCOABOI_MID,2046,0.2103008398696983
RE1,SO_DEMINDCOABOI_MID,2047,0.1728525309827906
RE1,SO_DEMINDCOABOI_MID,2048,0.1388558980997229
RE1,SO_DEMINDCOABOI_MID,2049,0.1092956635461535
RE1,SO_DEMINDCOABOI_MID,2050,0.08466823709466585
RE1,SO_DEMINDCOABOI_MID,2051,0.06447836419676403
RE1,SO_DEMINDCOABOI_MID,2052,0.04872348573716934
RE1,SO_DEMINDCOABOI_MID,2053,0.03641618298489843
RE1,SO_DEMINDCOABOI_MID,2054,0.02706318653608835
RE1,SO_DEMINDCOABOI_MID,2055,0.0
RE1,SO_DEMINDCOAFUR_HIG,2022,0.0
RE1,SO_DEMINDCOAFUR_HIG,2023,0.0
RE1,SO_DEMINDCOAFUR_HIG,2024,0.0
RE1,SO_DEMINDCOAFUR_HIG,2025,0.5156851970292794
RE1,SO_DEMINDCOAFUR_HIG,2026,0.5156782147201618
RE1,SO_DEMINDCOAFUR_HIG,2027,0.5155506716100676
RE1,SO_DEMINDCOAFUR_HIG,2028,0.5164331137642173
RE1,SO_DEMINDCOAFUR_HIG,2029,0.5170588418381323
RE1,SO_DEMINDCOAFUR_HIG,2030,0.5182356622160592
RE1,SO_DEMINDCOAFUR_HIG,2031,0.5181743778757651
RE1,SO_DEMINDCOAFUR_HIG,2032,0.5206798632714099
RE1,SO_DEMINDCOAFUR_HIG,2033,0.5252728672036048
RE1,SO_DEMINDCOAFUR_HIG,2034,0.5307276654791986
RE1,SO_DEMINDCOAFUR_HIG,2035,0.5387036695046948
RE1,SO_DEMINDCOAFUR_HIG,2036,0.5492893872124353
RE1,SO_DEMINDCOAFUR_HIG,2037,0.5633935652912831
RE1,SO_DEMINDCOAFUR_HIG,2038,0.5818555587549011
RE1,SO_DEMINDCOAFUR_HIG,2039,0.6059593478139454
RE1,SO_DEMINDCOAFUR_HIG,2040,0.6365574168895162
RE1,SO_DEMINDCOAFUR_HIG,2041,0.674079332424908
RE1,SO_DEMINDCOAFUR_HIG,2042,0.7195943488578715
RE1,SO_DEMINDCOAFUR_HIG,2043,0.7711603499363474
RE1,SO_DEMINDCOAFUR_HIG,2044,0.8287404926207342
RE1,SO_DEMINDCOAFUR_HIG,2045,0.8883671238508786
RE1,SO_DEMINDCOAFUR_HIG,2046,0.9483953364814087
RE1,SO_DEMINDCOAFUR_HIG,2047,1.005356105072836
RE1,SO_DEMINDCOAFUR_HIG,2048,1.057044878631409
RE1,SO_DEMINDCOAFUR_HIG,2049,1.102149110677326
RE1,SO_DEMINDCOAFUR_HIG,2050,1.139427651985025
RE1,SO_DEMINDCOAFUR_HIG,2051,1.16976571072517
RE1,SO_DEMINDCOAFUR_HIG,2052,1.193611808867443
RE1,SO_DEMINDCOAFUR_HIG,2053,1.211798205756832
RE1,SO_DEMINDCOAFUR_HIG,2054,1.225636376783596
RE1,SO_DEMINDCOAFUR_HIG,2055,0.0
RE1,SO_DEMINDCOAFUR_LOW,2022,0.0
RE1,SO_DEMINDCOAFUR_LOW,2023,0.0
RE1,SO_DEMINDCOAFUR_LOW,2024,0.0
RE1,SO_DEMINDCOAFUR_LOW,2025,0.1282578963451896
RE1,SO_DEMINDCOAFUR_LOW,2026,0.1281462572997832
RE1,SO_DEMINDCOAFUR_LOW,2027,0.1280048756566093
RE1,SO_DEMINDCOAFUR_LOW,2028,0.1274544576241322
RE1,SO_DEMINDCOAFUR_LOW,2029,0.1273913088586703
RE1,SO_DEMINDCOAFUR_LOW,2030,0.1268070269483645
RE1,SO_DEMINDCOAFUR_LOW,2031,0.1257109437450081
RE1,SO_DEMINDCOAFUR_LOW,2032,0.1251381856265741
RE1,SO_DEMINDCOAFUR_LOW,2033,0.1242110693470639
RE1,SO_DEMINDCOAFUR_LOW,2034,0.1232827031838007
RE1,SO_DEMINDCOAFUR_LOW,2035,0.1218964507638361
RE1,SO_DEMINDCOAFUR_LOW,2036,0.1200751840090777
RE1,SO_DEMINDCOAFUR_LOW,2037,0.1173918428066268
RE1,SO_DEMINDCOAFUR_LOW,2038,0.11427747855606
RE1,SO_DEMINDCOAFUR_LOW,2039,0.110293320141675
RE1,SO_DEMINDCOAFUR_LOW,2040,0.1050036532993658
RE1,SO_DEMINDCOAFUR_LOW,2041,0.09841209891991548
RE1,SO_DEMINDCOAFUR_LOW,2042,0.09098319353375382
RE1,SO_DEMINDCOAFUR_LOW,2043,0.08225130143226281
RE1,SO_DEMINDCOAFUR_LOW,2044,0.07265074134785439
RE1,SO_DEMINDCOAFUR_LOW,2045,0.06261618494103109
RE1,SO_DEMINDCOAFUR_LOW,2046,0.05259204203219545
RE1,SO_DEMINDCOAFUR_LOW,2047,0.04301221019974537
RE1,SO_DEMINDCOAFUR_LOW,2048,0.03430835883807776
RE1,SO_DEMINDCOAFUR_LOW,2049,0.0264793602801563
RE1,SO_DEMINDCOAFUR_LOW,2050,0.02039341189767562
RE1,SO_DEMINDCOAFUR_LOW,2051,0.01518049680214348
RE1,SO_DEMINDCOAFUR_LOW,2052,0.01127275954615093
RE1,SO_DEMINDCOAFUR_LOW,2053,0.007801276002726387
RE1,SO_DEMINDCOAFUR_LOW,2054,0.005632121915230385
RE1,SO_DEMINDCOAFUR_LOW,2055,0.0
RE1,SO_DEMINDCOAFUR_MID,2022,0.0
RE1,SO_DEMINDCOAFUR_MID,2023,0.0
RE1,SO_DEMINDCOAFUR_MID,2024,0.0
RE1,SO_DEMINDCOAFUR_MID,2025,0.6417317503340347
RE1,SO_DEMINDCOAFUR_MID,2026,0.6407312864989156
RE1,SO_DEMINDCOAFUR_MID,2027,0.6395829821600925
RE1,SO_DEMINDCOAFUR_MID,2028,0.638154325889686
RE1,SO_DEMINDCOAFUR_MID,2029,0.6365157439166779
RE1,SO_DEMINDCOAFUR_MID,2030,0.6344754369187267
RE1,SO_DEMINDCOAFUR_MID,2031,0.6289927359506329
RE1,SO_DEMINDCOAFUR_MID,2032,0.6256909281328707
RE1,SO_DEMINDCOAFUR_MID,2033,0.6219300725757917
RE1,SO_DEMINDCOAFUR_MID,2034,0.6164135159190033
RE1,SO_DEMINDCOAFUR_MID,2035,0.6094822538191802
RE1,SO_DEMINDCOAFUR_MID,2036,0.599939283012628
RE1,SO_DEMINDCOAFUR_MID,2037,0.5873956149357609
RE1,SO_DEMINDCOAFUR_MID,2038,0.5713873927803002
RE1,SO_DEMINDCOAFUR_MID,2039,0.5510306587315302
RE1,SO_DEMINDCOAFUR_MID,2040,0.5250182664968289
RE1,SO_DEMINDCOAFUR_MID,2041,0.4929313981298422
RE1,SO_DEMINDCOAFUR_MID,2042,0.4549159676687693
RE1,SO_DEMINDCOAFUR_MID,2043,0.411256507161314
RE1,SO_DEMINDCOAFUR_MID,2044,0.3632537067392719
RE1,SO_DEMINDCOAFUR_MID,2045,0.3126460900875094
RE1,SO_DEMINDCOAFUR_MID,2046,0.2625255651855045
RE1,SO_DEMINDCOAFUR_MID,2047,0.2146265842290324
RE1,SO_DEMINDCOAFUR_MID,2048,0.171107511167122
RE1,SO_DEMINDCOAFUR_MID,2049,0.1332649771476719
RE1,SO_DEMINDCOAFUR_MID,2050,0.1015331571075765
RE1,SO_DEMINDCOAFUR_MID,2051,0.07590248401071738
RE1,SO_DEMINDCOAFUR_MID,2052,0.05549666238105076
RE1,SO_DEMINDCOAFUR_MID,2053,0.03987318845837931
RE1,SO_DEMINDCOAFUR_MID,2054,0.02816060957615192
RE1,SO_DEMINDCOAFUR_MID,2055,0.0
RE1,SO_DEMINDCOAOTH_LOW,2022,0.0
RE1,SO_DEMINDCOAOTH_LOW,2023,0.0
RE1,SO_DEMINDCOAOTH_LOW,2024,0.0
RE1,SO_DEMINDCOAOTH_LOW,2025,0.0
RE1,SO_DEMINDCOAOTH_LOW,2026,0.0
RE1,SO_DEMINDCOAOTH_LOW,2027,0.0
RE1,SO_DEMINDCOAOTH_LOW,2028,0.0
RE1,SO_DEMINDCOAOTH_LOW,2029,0.0
RE1,SO_DEMINDCOAOTH_LOW,2030,0.0
RE1,SO_DEMINDCOAOTH_LOW,2031,0.0
RE1,SO_DEMINDCOAOTH_LOW,2032,0.0
RE1,SO_DEMINDCOAOTH_LOW,2033,0.0
RE1,SO_DEMINDCOAOTH_LOW,2034,0.0
RE1,SO_DEMINDCOAOTH_LOW,2035,0.0
RE1,SO_DEMINDCOAOTH_LOW,2036,0.0
RE1,SO_DEMINDCOAOTH_LOW,2037,0.0
RE1,SO_DEMINDCOAOTH_LOW,2038,0.0
RE1,SO_DEMINDCOAOTH_LOW,2039,0.0
RE1,SO_DEMINDCOAOTH_LOW,2040,0.0
RE1,SO_DEMINDCOAOTH_LOW,2041,0.0
RE1,SO_DEMINDCOAOTH_LOW,2042,0.0
RE1,SO_DEMINDCOAOTH_LOW,2043,0.0
RE1,SO_DEMINDCOAOTH_LOW,2044,0.0
RE1,SO_DEMINDCOAOTH_LOW,2045,0.0
RE1,SO_DEMINDCOAOTH_LOW,2046,0.0
RE1,SO_DEMINDCOAOTH_LOW,2047,0.0
RE1,SO_DEMINDCOAOTH_LOW,2048,0.0
RE1,SO_DEMINDCOAOTH_LOW,2049,0.0
RE1,SO_DEMINDCOAOTH_LOW,2050,0.0
RE1,SO_DEMINDCOAOTH_LOW,2051,0.0
RE1,SO_DEMINDCOAOTH_LOW,2052,0.0
RE1,SO_DEMINDCOAOTH_LOW,2053,0.0
RE1,SO_DEMINDCOAOTH_LOW,2054,0.0
RE1,SO_DEMINDCOAOTH_LOW,2055,0.0
RE1,SO_DEMINDNGSBOI_HIG,2022,0.0
RE1,SO_DEMINDNGSBOI_HIG,2023,0.0
RE1,SO_DEMINDNGSBOI_HIG,2024,0.0
RE1,SO_DEMINDNGSBOI_HIG,2025,0.1317095370690542
RE1,SO_DEMINDNGSBOI_HIG,2026,0.1318053989806828
RE1,SO_DEMINDNGSBOI_HIG,2027,0.1319678319759307
RE1,SO_DEMINDNGSBOI_HIG,2028,0.1321286995402474
RE1,SO_DEMINDNGSBOI_HIG,2029,0.1324894486087161
RE1,SO_DEMINDNGSBOI_HIG,2030,0.1329240314282525
RE1,SO_DEMINDNGSBOI_HIG,2031,0.132805333510394
RE1,SO_DEMINDNGSBOI_HIG,2032,0.1340032086464521
RE1,SO_DEMINDNGSBOI_HIG,2033,0.1357639764115622
RE1,SO_DEMINDNGSBOI_HIG,2034,0.1382405522310013
RE1,SO_DEMINDNGSBOI_HIG,2035,0.1414591237245844
RE1,SO_DEMINDNGSBOI_HIG,2036,0.1456029458351161
RE1,SO_DEMINDNGSBOI_HIG,2037,0.1511056464969618
RE1,SO_DEMINDNGSBOI_HIG,2038,0.1584731148415453
RE1,SO_DEMINDNGSBOI_HIG,2039,0.167870589495934
RE1,SO_DEMINDNGSBOI_HIG,2040,0.1799749469549386
RE1,SO_DEMINDNGSBOI_HIG,2041,0.1947853109405949
RE1,SO_DEMINDNGSBOI_HIG,2042,0.2125455773774586
RE1,SO_DEMINDNGSBOI_HIG,2043,0.2328431695121312
RE1,SO_DEMINDNGSBOI_HIG,2044,0.2554779215840521
RE1,SO_DEMINDNGSBOI_HIG,2045,0.2790590742815416
RE1,SO_DEMINDNGSBOI_HIG,2046,0.3026147541735694
RE1,SO_DEMINDNGSBOI_HIG,2047,0.32497980769776
RE1,SO_DEMINDNGSBOI_HIG,2048,0.3452905947721467
RE1,SO_DEMINDNGSBOI_HIG,2049,0.3628619361461651
RE1,SO_DEMINDNGSBOI_HIG,2050,0.377562681022367
RE1,SO_DEMINDNGSBOI_HIG,2051,0.3893982663588229
RE1,SO_DEMINDNGSBOI_HIG,2052,0.3987104486564354
RE1,SO_DEMINDNGSBOI_HIG,2053,0.4059866181147914
RE1,SO_DEMINDNGSBOI_HIG,2054,0.4113952807009403
RE1,SO_DEMINDNGSBOI_HIG,2055,0.0
RE1,SO_DEMINDNGSBOI_LOW,2022,0.0
RE1,SO_DEMINDNGSBOI_LOW,2023,0.0
RE1,SO_DEMINDNGSBOI_LOW,2024,0.0
RE1,SO_DEMINDNGSBOI_LOW,2025,0.0
RE1,SO_DEMINDNGSBOI_LOW,2026,0.0
RE1,SO_DEMINDNGSBOI_LOW,2027,0.0
RE1,SO_DEMINDNGSBOI_LOW,2028,0.0
RE1,SO_DEMINDNGSBOI_LOW,2029,0.0
RE1,SO_DEMINDNGSBOI_LOW,2030,0.0
RE1,SO_DEMINDNGSBOI_LOW,2031,0.0
RE1,SO_DEMINDNGSBOI_LOW,2032,0.0
RE1,SO_DEMINDNGSBOI_LOW,2033,0.0
RE1,SO_DEMINDNGSBOI_LOW,2034,0.0
RE1,SO_DEMINDNGSBOI_LOW,2035,0.0
RE1,SO_DEMINDNGSBOI_LOW,2036,0.0
RE1,SO_DEMINDNGSBOI_LOW,2037,0.0
RE1,SO_DEMINDNGSBOI_LOW,2038,0.0
RE1,SO_DEMINDNGSBOI_LOW,2039,0.0
RE1,SO_DEMINDNGSBOI_LOW,2040,0.0
RE1,SO_DEMINDNGSBOI_LOW,2041,0.0
RE1,SO_DEMINDNGSBOI_LOW,2042,0.0
RE1,SO_DEMINDNGSBOI_LOW,2043,0.0
RE1,SO_DEMINDNGSBOI_LOW,2044,0.0
RE1,SO_DEMINDNGSBOI_LOW,2045,0.0
RE1,SO_DEMINDNGSBOI_LOW,2046,0.0
RE1,SO_DEMINDNGSBOI_LOW,2047,0.0
RE1,SO_DEMINDNGSBOI_LOW,2048,0.0
RE1,SO_DEMINDNGSBOI_LOW,2049,0.0
RE1,SO_DEMINDNGSBOI_LOW,2050,0.0
RE1,SO_DEMINDNGSBOI_LOW,2051,0.0
RE1,SO_DEMINDNGSBOI_LOW,2052,0.0
RE1,SO_DEMINDNGSBOI_LOW,2053,0.0
RE1,SO_DEMINDNGSBOI_LOW,2054,0.0
RE1,SO_DEMINDNGSBOI_LOW,2055,0.0
RE1,SO_DEMINDNGSBOI_MID,2022,0.0
RE1,SO_DEMINDNGSBOI_MID,2023,0.0
RE1,SO_DEMINDNGSBOI_MID,2024,0.0
RE1,SO_DEMINDNGSBOI_MID,2025,0.3054833765528324
RE1,SO_DEMINDNGSBOI_MID,2026,0.3051338060062604
RE1,SO_DEMINDNGSBOI_MID,2027,0.3045411507136862
RE1,SO_DEMINDNGSBOI_MID,2028,0.303603916888969
RE1,SO_DEMINDNGSBOI_MID,2029,0.3027349577017814
RE1,SO_DEMINDNGSBOI_MID,2030,0.3014771846826344
RE1,SO_DEMINDNGSBOI_MID,2031,0.2984293986053028
RE1,SO_DEMINDNGSBOI_MID,2032,0.2967092591956296
RE1,SO_DEMINDNGSBOI_MID,2033,0.2951464668671884
RE1,SO_DEMINDNGSBOI_MID,2034,0.2929747496851356
RE1,SO_DEMINDNGSBOI_MID,2035,0.2897191668590046
RE1,SO_DEMINDNGSBOI_MID,2036,0.2852594469745157
RE1,SO_DEMINDNGSBOI_MID,2037,0.2794605552067406
RE1,SO_DEMINDNGSBOI_MID,2038,0.2718136295247918
RE1,SO_DEMINDNGSBOI_MID,2039,0.2621494256168829
RE1,SO_DEMINDNGSBOI_MID,2040,0.2499652041040814
RE1,SO_DEMINDNGSBOI_MID,2041,0.2349280228474827
RE1,SO_DEMINDNGSBOI_MID,2042,0.2171182710740255
RE1,SO_DEMINDNGSBOI_MID,2043,0.1966043053116977
RE1,SO_DEMINDNGSBOI_MID,2044,0.1740432759366505
RE1,SO_DEMINDNGSBOI_MID,2045,0.1502755960958211
RE1,SO_DEMINDNGSBOI_MID,2046,0.1265264595426663
RE1,SO_DEMINDNGSBOI_MID,2047,0.1039867750957973
RE1,SO_DEMINDNGSBOI_MID,2048,0.08349170524593269
RE1,SO_DEMINDNGSBOI_MID,2049,0.06571382363168445
RE1,SO_DEMINDNGSBOI_MID,2050,0.05082574552224171
RE1,SO_DEMINDNGSBOI_MID,2051,0.03865288383015624
RE1,SO_DEMINDNGSBOI_MID,2052,0.02919039679118211
RE1,SO_DEMINDNGSBOI_MID,2053,0.0217583189600366
RE1,SO_DEMINDNGSBOI_MID,2054,0.01618604383085667
RE1,SO_DEMINDNGSBOI_MID,2055,0.0
RE1,SO_DEMINDNGSFURCSS,2022,0.0
RE1,SO_DEMINDNGSFURCSS,2023,0.0
RE1,SO_DEMINDNGSFURCSS,2024,0.0
RE1,SO_DEMINDNGSFURCSS,2025,0.4365670701437188
RE1,SO_DEMINDNGSFURCSS,2026,0.4360331647719727
RE1,SO_DEMINDNGSFURCSS,2027,0.435209428867214
RE1,SO_DEMINDNGSFURCSS,2028,0.4341031373773954
RE1,SO_DEMINDNGSFURCSS,2029,0.4328208035913845
RE1,SO_DEMINDNGSFURCSS,2030,0.4312465045964401
RE1,SO_DEMINDNGSFURCSS,2031,0.4270017116790633
RE1,SO_DEMINDNGSFURCSS,2032,0.42468873133896
RE1,SO_DEMINDNGSFURCSS,2033,0.4223362701797749
RE1,SO_DEMINDNGSFURCSS,2034,0.4189425321141574
RE1,SO_DEMINDNGSFURCSS,2035,0.4144603160222048
RE1,SO_DEMINDNGSFURCSS,2036,0.407951730770752
RE1,SO_DEMINDNGSFURCSS,2037,0.3993939700473045
RE1,SO_DEMINDNGSFURCSS,2038,0.3884869847743748
RE1,SO_DEMINDNGSFURCSS,2039,0.3746354659656913
RE1,SO_DEMINDNGSFURCSS,2040,0.3569551559987615
RE1,SO_DEMINDNGSFURCSS,2041,0.3351586078222168
RE1,SO_DEMINDNGSFURCSS,2042,0.3093487807230698
RE1,SO_DEMINDNGSFURCSS,2043,0.2797025263465456
RE1,SO_DEMINDNGSFURCSS,2044,0.247087899401521
RE1,SO_DEMINDNGSFURCSS,2045,0.2126751859684206
RE1,SO_DEMINDNGSFURCSS,2046,0.1785829290277174
RE1,SO_DEMINDNGSFURCSS,2047,0.1460027672003154
RE1,SO_DEMINDNGSFURCSS,2048,0.1163998120284906
RE1,SO_DEMINDNGSFURCSS,2049,0.09065588138769462
RE1,SO_DEMINDNGSFURCSS,2050,0.0690702764212865
RE1,SO_DEMINDNGSFURCSS,2051,0.05163540668806155
RE1,SO_DEMINDNGSFURCSS,2052,0.03775463883514574
RE1,SO_DEMINDNGSFURCSS,2053,0.02712653014247018
RE1,SO_DEMINDNGSFURCSS,2054,0.01915848039450594
RE1,SO_DEMINDNGSFURCSS,2055,0.0
RE1,SO_DEMINDNGSFUR_HIG,2022,0.0
RE1,SO_DEMINDNGSFUR_HIG,2023,0.0
RE1,SO_DEMINDNGSFUR_HIG,2024,0.0
RE1,SO_DEMINDNGSFUR_HIG,2025,0.350818196959046
RE1,SO_DEMINDNGSFUR_HIG,2026,0.3509315195095808
RE1,SO_DEMINDNGSFUR_HIG,2027,0.3508106369336825
RE1,SO_DEMINDNGSFUR_HIG,2028,0.3513025389557222
RE1,SO_DEMINDNGSFUR_HIG,2029,0.3515919685683476
RE1,SO_DEMINDNGSFUR_HIG,2030,0.352239511387932
RE1,SO_DEMINDNGSFUR_HIG,2031,0.3517709087161086
RE1,SO_DEMINDNGSFUR_HIG,2032,0.3534123009044492
RE1,SO_DEMINDNGSFUR_HIG,2033,0.3566989173599927
RE1,SO_DEMINDNGSFUR_HIG,2034,0.3607065489266575
RE1,SO_DEMINDNGSFUR_HIG,2035,0.3663294406131746
RE1,SO_DEMINDNGSFUR_HIG,2036,0.3735103910550262
RE1,SO_DEMINDNGSFUR_HIG,2037,0.3830740084183284
RE1,SO_DEMINDNGSFUR_HIG,2038,0.3956043035794015
RE1,SO_DEMINDNGSFUR_HIG,2039,0.4119804570350561
RE1,SO_DEMINDNGSFUR_HIG,2040,0.4327896123769215
RE1,SO_DEMINDNGSFUR_HIG,2041,0.4583264354317948
RE1,SO_DEMINDNGSFUR_HIG,2042,0.4893335258710378
RE1,SO_DEMINDNGSFUR_HIG,2043,0.5244792345884433
RE1,SO_DEMINDNGSFUR_HIG,2044,0.5637155070178415
RE1,SO_DEMINDNGSFUR_HIG,2045,0.6043051528977516
RE1,SO_DEMINDNGSFUR_HIG,2046,0.645145614467681
RE1,SO_DEMINDNGSFUR_HIG,2047,0.6839076989909513
RE1,SO_DEMINDNGSFUR_HIG,2048,0.7190790418206754
RE1,SO_DEMINDNGSFUR_HIG,2049,0.7497566216395983
RE1,SO_DEMINDNGSFUR_HIG,2050,0.7751219909499932
RE1,SO_DEMINDNGSFUR_HIG,2051,0.7957753819297259
RE1,SO_DEMINDNGSFUR_HIG,2052,0.812019693071533
RE1,SO_DEMINDNGSFUR_HIG,2053,0.8244106334602892
RE1,SO_DEMINDNGSFUR_HIG,2054,0.8338360159393432
RE1,SO_DEMINDNGSFUR_HIG,2055,0.0
RE1,SO_DEMINDNGSFUR_LOW,2022,0.0
RE1,SO_DEMINDNGSFUR_LOW,2023,0.0
RE1,SO_DEMINDNGSFUR_LOW,2024,0.0
RE1,SO_DEMINDNGSFUR_LOW,2025,0.08725323938089485
RE1,SO_DEMINDNGSFUR_LOW,2026,0.08720663295439454
RE1,SO_DEMINDNGSFUR_LOW,2027,0.08710195608798624
RE1,SO_DEMINDNGSFUR_LOW,2028,0.08670062660820128
RE1,SO_DEMINDNGSFUR_LOW,2029,0.08662410819799868
RE1,SO_DEMINDNGSFUR_LOW,2030,0.0861894471365543
RE1,SO_DEMINDNGSFUR_LOW,2031,0.0853408713453281
RE1,SO_DEMINDNGSFUR_LOW,2032,0.08493774626779199
RE1,SO_DEMINDNGSFUR_LOW,2033,0.08434845339736713
RE1,SO_DEMINDNGSFUR_LOW,2034,0.08378850642283149
RE1,SO_DEMINDNGSFUR_LOW,2035,0.08289206320444098
RE1,SO_DEMINDNGSFUR_LOW,2036,0.08164972777434994
RE1,SO_DEMINDNGSFUR_LOW,2037,0.07981944869444645
RE1,SO_DEMINDNGSFUR_LOW,2038,0.07769739695487496
RE1,SO_DEMINDNGSFUR_LOW,2039,0.07498637095674043
RE1,SO_DEMINDNGSFUR_LOW,2040,0.0713910311997523
RE1,SO_DEMINDNGSFUR_LOW,2041,0.06691329096097262
RE1,SO_DEMINDNGSFUR_LOW,2042,0.06186975614461396
RE1,SO_DEMINDNGSFUR_LOW,2043,0.05594050526930913
RE1,SO_DEMINDNGSFUR_LOW,2044,0.04941757988030421
RE1,SO_DEMINDNGSFUR_LOW,2045,0.04259419579896046
RE1,SO_DEMINDNGSFUR_LOW,2046,0.03577571922575133
RE1,SO_DEMINDNGSFUR_LOW,2047,0.02925966387212799
RE1,SO_DEMINDNGSFUR_LOW,2048,0.02333904860469735
RE1,SO_DEMINDNGSFUR_LOW,2049,0.0180130578653074
RE1,SO_DEMINDNGSFUR_LOW,2050,0.013873089708549
RE1,SO_DEMINDNGSFUR_LOW,2051,0.01032708133761231
RE1,SO_DEMINDNGSFUR_LOW,2052,0.007668911013388978
RE1,SO_DEMINDNGSFUR_LOW,2053,0.005307364593091991
RE1,SO_DEMINDNGSFUR_LOW,2054,0.003831696078901188
RE1,SO_DEMINDNGSFUR_LOW,2055,0.0
RE1,SO_DEMINDNGSFUR_MID,2022,0.0
RE1,SO_DEMINDNGSFUR_MID,2023,0.0
RE1,SO_DEMINDNGSFUR_MID,2024,0.0
RE1,SO_DEMINDNGSFUR_MID,2025,0.4365670701437186
RE1,SO_DEMINDNGSFUR_MID,2026,0.4360331647719727
RE1,SO_DEMINDNGSFUR_MID,2027,0.435209428867214
RE1,SO_DEMINDNGSFUR_MID,2028,0.4341031373773954
RE1,SO_DEMINDNGSFUR_MID,2029,0.4328208035913845
RE1,SO_DEMINDNGSFUR_MID,2030,0.4312465045964401
RE1,SO_DEMINDNGSFUR_MID,2031,0.4270017116790633
RE1,SO_DEMINDNGSFUR_MID,2032,0.42468873133896
RE1,SO_DEMINDNGSFUR_MID,2033,0.4223362701797748
RE1,SO_DEMINDNGSFUR_MID,2034,0.4189425321141574
RE1,SO_DEMINDNGSFUR_MID,2035,0.4144603160222048
RE1,SO_DEMINDNGSFUR_MID,2036,0.407951730770752
RE1,SO_DEMINDNGSFUR_MID,2037,0.3993939700473045
RE1,SO_DEMINDNGSFUR_MID,2038,0.3884869847743748
RE1,SO_DEMINDNGSFUR_MID,2039,0.3746354659656913
RE1,SO_DEMINDNGSFUR_MID,2040,0.3569551559987614
RE1,SO_DEMINDNGSFUR_MID,2041,0.3351586078222168
RE1,SO_DEMINDNGSFUR_MID,2042,0.3093487807230699
RE1,SO_DEMINDNGSFUR_MID,2043,0.2797025263465456
RE1,SO_DEMINDNGSFUR_MID,2044,0.247087899401521
RE1,SO_DEMINDNGSFUR_MID,2045,0.2126751859684206
RE1,SO_DEMINDNGSFUR_MID,2046,0.1785829290277174
RE1,SO_DEMINDNGSFUR_MID,2047,0.1460027672003154
RE1,SO_DEMINDNGSFUR_MID,2048,0.1163998120284906
RE1,SO_DEMINDNGSFUR_MID,2049,0.09065588138769463
RE1,SO_DEMINDNGSFUR_MID,2050,0.06907027642128653
RE1,SO_DEMINDNGSFUR_MID,2051,0.05163540668806155
RE1,SO_DEMINDNGSFUR_MID,2052,0.03775463883514574
RE1,SO_DEMINDNGSFUR_MID,2053,0.02712653014247018
RE1,SO_DEMINDNGSFUR_MID,2054,0.01915848039450594
RE1,SO_DEMINDNGSFUR_MID,2055,0.0
RE1,SO_DEMINDWASBOI_HIG,2022,0.0
RE1,SO_DEMINDWASBOI_HIG,2023,0.0
RE1,SO_DEMINDWASBOI_HIG,2024,0.0
RE1,SO_DEMINDWASBOI_HIG,2025,0.0681544910111936
RE1,SO_DEMINDWASBOI_HIG,2026,0.06804593627030348
RE1,SO_DEMINDWASBOI_HIG,2027,0.06800433476492869
RE1,SO_DEMINDWASBOI_HIG,2028,0.06803371151962488
RE1,SO_DEMINDWASBOI_HIG,2029,0.068232097130931
RE1,SO_DEMINDWASBOI_HIG,2030,0.06841098976220768
RE1,SO_DEMINDWASBOI_HIG,2031,0.06814401500323304
RE1,SO_DEMINDWASBOI_HIG,2032,0.06861725802236926
RE1,SO_DEMINDWASBOI_HIG,2033,0.0692825957269277
RE1,SO_DEMINDWASBOI_HIG,2034,0.07037651046344377
RE1,SO_DEMINDWASBOI_HIG,2035,0.07194295118636043
RE1,SO_DEMINDWASBOI_HIG,2036,0.07398149764611621
RE1,SO_DEMINDWASBOI_HIG,2037,0.07672205814975327
RE1,SO_DEMINDWASBOI_HIG,2038,0.0804098353066992
RE1,SO_DEMINDWASBOI_HIG,2039,0.08511773667700095
RE1,SO_DEMINDWASBOI_HIG,2040,0.09117859906631066
RE1,SO_DEMINDWASBOI_HIG,2041,0.09858761535339944
RE1,SO_DEMINDWASBOI_HIG,2042,0.1074788278596858
RE1,SO_DEMINDWASBOI_HIG,2043,0.1176334769530563
RE1,SO_DEMINDWASBOI_HIG,2044,0.1289687993172072
RE1,SO_DEMINDWASBOI_HIG,2045,0.1407669677563656
RE1,SO_DEMINDWASBOI_HIG,2046,0.1525383620579917
RE1,SO_DEMINDWASBOI_HIG,2047,0.1636959481304209
RE1,SO_DEMINDWASBOI_HIG,2048,0.1738042710458232
RE1,SO_DEMINDWASBOI_HIG,2049,0.1825205488508862
RE1,SO_DEMINDWASBOI_HIG,2050,0.1897808029242848
RE1,SO_DEMINDWASBOI_HIG,2051,0.1955933611929668
RE1,SO_DEMINDWASBOI_HIG,2052,0.2001354552097491
RE1,SO_DEMINDWASBOI_HIG,2053,0.2036504096748878
RE1,SO_DEMINDWASBOI_HIG,2054,0.2062334204624666
RE1,SO_DEMINDWASBOI_LOW,2022,0.0
RE1,SO_DEMINDWASBOI_LOW,2023,0.0
RE1,SO_DEMINDWASBOI_LOW,2024,0.0
RE1,SO_DEMINDWASBOI_LOW,2025,0.06779766121532348
RE1,SO_DEMINDWASBOI_LOW,2026,0.06751224265249718
RE1,SO_DEMINDWASBOI_LOW,2027,0.06720636995021638
RE1,SO_DEMINDWASBOI_LOW,2028,0.06697206712660084
RE1,SO_DEMINDWASBOI_LOW,2029,0.06681796040282878
RE1,SO_DEMINDWASBOI_LOW,2030,0.06647150293905232
RE1,SO_DEMINDWASBOI_LOW,2031,0.0656136994653409
RE1,SO_DEMINDWASBOI_LOW,2032,0.06513856306559518
RE1,SO_DEMINDWASBOI_LOW,2033,0.06451345584585007
RE1,SO_DEMINDWASBOI_LOW,2034,0.06397077642372075
RE1,SO_DEMINDWASBOI_LOW,2035,0.06312302207457106
RE1,SO_DEMINDWASBOI_LOW,2036,0.06215481715893078
RE1,SO_DEMINDWASBOI_LOW,2037,0.06077421460177085
RE1,SO_DEMINDWASBOI_LOW,2038,0.0591451358198098
RE1,SO_DEMINDWASBOI_LOW,2039,0.05700309032005216
RE1,SO_DEMINDWASBOI_LOW,2040,0.05426071055546924
RE1,SO_DEMINDWASBOI_LOW,2041,0.05092264653906023
RE1,SO_DEMINDWASBOI_LOW,2042,0.04701663465734461
RE1,SO_DEMINDWASBOI_LOW,2043,0.04251915494230473
RE1,SO_DEMINDWASBOI_LOW,2044,0.03760521650070986
RE1,SO_DEMINDWASBOI_LOW,2045,0.03243871907059973
RE1,SO_DEMINDWASBOI_LOW,2046,0.02728467068672854
RE1,SO_DEMINDWASBOI_LOW,2047,0.02239960164323658
RE1,SO_DEMINDWASBOI_LOW,2048,0.0180354897022587
RE1,SO_DEMINDWASBOI_LOW,2049,0.01419037786689851
RE1,SO_DEMINDWASBOI_LOW,2050,0.01094889247640105
RE1,SO_DEMINDWASBOI_LOW,2051,0.008308690679198417
RE1,SO_DEMINDWASBOI_LOW,2052,0.006267466646433104
RE1,SO_DEMINDWASBOI_LOW,2053,0.004653416091449453
RE1,SO_DEMINDWASBOI_LOW,2054,0.003465397638918496
RE1,SO_DEMINDWASBOI_MID,2022,0.0
RE1,SO_DEMINDWASBOI_MID,2023,0.0
RE1,SO_DEMINDWASBOI_MID,2024,0.0
RE1,SO_DEMINDWASBOI_MID,2025,0.09036714580410878
RE1,SO_DEMINDWASBOI_MID,2026,0.09001632353666289
RE1,SO_DEMINDWASBOI_MID,2027,0.0896380475193519
RE1,SO_DEMINDWASBOI_MID,2028,0.08935506974619134
RE1,SO_DEMINDWASBOI_MID,2029,0.08909061387043839
RE1,SO_DEMINDWASBOI_MID,2030,0.08868744291337748
RE1,SO_DEMINDWASBOI_MID,2031,0.08751401670709696
RE1,SO_DEMINDWASBOI_MID,2032,0.08679343917151396
RE1,SO_DEMINDWASBOI_MID,2033,0.08610465276200151
RE1,SO_DEMINDWASBOI_MID,2034,0.08526551390712438
RE1,SO_DEMINDWASBOI_MID,2035,0.0842216760282633
RE1,SO_DEMINDWASBOI_MID,2036,0.08287308954524103
RE1,SO_DEMINDWASBOI_MID,2037,0.08111849069541328
RE1,SO_DEMINDWASBOI_MID,2038,0.07886018109307974
RE1,SO_DEMINDWASBOI_MID,2039,0.07591814291494126
RE1,SO_DEMINDWASBOI_MID,2040,0.07237623259218445
RE1,SO_DEMINDWASBOI_MID,2041,0.06789686205208031
RE1,SO_DEMINDWASBOI_MID,2042,0.06268884620979281
RE1,SO_DEMINDWASBOI_MID,2043,0.05672072379627371
RE1,SO_DEMINDWASBOI_MID,2044,0.05016877746799245
RE1,SO_DEMINDWASBOI_MID,2045,0.04328008044419489
RE1,SO_DEMINDWASBOI_MID,2046,0.03640798244760338
RE1,SO_DEMINDWASBOI_MID,2047,0.02989452538698114
RE1,SO_DEMINDWASBOI_MID,2048,0.02399060422658939
RE1,SO_DEMINDWASBOI_MID,2049,0.01886385560749383
RE1,SO_DEMINDWASBOI_MID,2050,0.01459852330186806
RE1,SO_DEMINDWASBOI_MID,2051,0.01110651509158156
RE1,SO_DEMINDWASBOI_MID,2052,0.008384854026984833
RE1,SO_DEMINDWASBOI_MID,2053,0.006260959832131988
RE1,SO_DEMINDWASBOI_MID,2054,0.004648704149768714
RE1,SO_DEMINDWASFUR_HIG,2022,0.0
RE1,SO_DEMINDWASFUR_HIG,2023,0.0
RE1,SO_DEMINDWASFUR_HIG,2024,0.0
RE1,SO_DEMINDWASFUR_HIG,2025,0.2663754392109287
RE1,SO_DEMINDWASFUR_HIG,2026,0.2657928821414415
RE1,SO_DEMINDWASFUR_HIG,2027,0.2651539906792512
RE1,SO_DEMINDWASFUR_HIG,2028,0.2652064235291332
RE1,SO_DEMINDWASFUR_HIG,2029,0.2652968564111146
RE1,SO_DEMINDWASFUR_HIG,2030,0.2654979071264597
RE1,SO_DEMINDWASFUR_HIG,2031,0.2644151456859466
RE1,SO_DEMINDWASFUR_HIG,2032,0.2651362328061752
RE1,SO_DEMINDWASFUR_HIG,2033,0.2668199257372376
RE1,SO_DEMINDWASFUR_HIG,2034,0.269189911282097
RE1,SO_DEMINDWASFUR_HIG,2035,0.2730109172014641
RE1,SO_DEMINDWASFUR_HIG,2036,0.2780401138095298
RE1,SO_DEMINDWASFUR_HIG,2037,0.2848789338821981
RE1,SO_DEMINDWASFUR_HIG,2038,0.2939259495146789
RE1,SO_DEMINDWASFUR_HIG,2039,0.3058024687030368
RE1,SO_DEMINDWASFUR_HIG,2040,0.3209163451644751
RE1,SO_DEMINDWASFUR_HIG,2041,0.3394758671284165
RE1,SO_DEMINDWASFUR_HIG,2042,0.3620603971033584
RE1,SO_DEMINDWASFUR_HIG,2043,0.3876494841099634
RE1,SO_DEMINDWASFUR_HIG,2044,0.4162488825260812
RE1,SO_DEMINDWASFUR_HIG,2045,0.4458052705469428
RE1,SO_DEMINDWASFUR_HIG,2046,0.4755101456811813
RE1,SO_DEMINDWASFUR_HIG,2047,0.5036425088021604
RE1,SO_DEMINDWASFUR_HIG,2048,0.5290903225591563
RE1,SO_DEMINDWASFUR_HIG,2049,0.5511972405766502
RE1,SO_DEMINDWASFUR_HIG,2050,0.5693659769978292
RE1,SO_DEMINDWASFUR_HIG,2051,0.5840528089251082
RE1,SO_DEMINDWASFUR_HIG,2052,0.5954942659082123
RE1,SO_DEMINDWASFUR_HIG,2053,0.6040976511844829
RE1,SO_DEMINDWASFUR_HIG,2054,0.6105382714545255
RE1,SO_DEMINDWASFUR_LOW,2022,0.0
RE1,SO_DEMINDWASFUR_LOW,2023,0.0
RE1,SO_DEMINDWASFUR_LOW,2024,0.0
RE1,SO_DEMINDWASFUR_LOW,2025,0.06625118127887593
RE1,SO_DEMINDWASFUR_LOW,2026,0.06604964509084663
RE1,SO_DEMINDWASFUR_LOW,2027,0.06583446686385522
RE1,SO_DEMINDWASFUR_LOW,2028,0.06545231118695088
RE1,SO_DEMINDWASFUR_LOW,2029,0.06536299360853551
RE1,SO_DEMINDWASFUR_LOW,2030,0.06496465357045059
RE1,SO_DEMINDWASFUR_LOW,2031,0.06414805309540716
RE1,SO_DEMINDWASFUR_LOW,2032,0.06372181729627405
RE1,SO_DEMINDWASFUR_LOW,2033,0.06309480342162822
RE1,SO_DEMINDWASFUR_LOW,2034,0.06253011118743933
RE1,SO_DEMINDWASFUR_LOW,2035,0.06177619294339699
RE1,SO_DEMINDWASFUR_LOW,2036,0.06077983409985746
RE1,SO_DEMINDWASFUR_LOW,2037,0.05935897228064392
RE1,SO_DEMINDWASFUR_LOW,2038,0.05772758528699088
RE1,SO_DEMINDWASFUR_LOW,2039,0.0556604493394736
RE1,SO_DEMINDWASFUR_LOW,2040,0.05293691935977993
RE1,SO_DEMINDWASFUR_LOW,2041,0.04956172220350267
RE1,SO_DEMINDWASFUR_LOW,2042,0.04577775135789589
RE1,SO_DEMINDWASFUR_LOW,2043,0.04134636145416652
RE1,SO_DEMINDWASFUR_LOW,2044,0.03649005951803441
RE1,SO_DEMINDWASFUR_LOW,2045,0.0314223979240136
RE1,SO_DEMINDWASFUR_LOW,2046,0.02636880276233865
RE1,SO_DEMINDWASFUR_LOW,2047,0.02154736748980721
RE1,SO_DEMINDWASFUR_LOW,2048,0.01717261112661188
RE1,SO_DEMINDWASFUR_LOW,2049,0.01324262767828895
RE1,SO_DEMINDWASFUR_LOW,2050,0.01019048016713556
RE1,SO_DEMINDWASFUR_LOW,2051,0.007579476571145273
RE1,SO_DEMINDWASFUR_LOW,2052,0.005623992340578829
RE1,SO_DEMINDWASFUR_LOW,2053,0.003889040672861477
RE1,SO_DEMINDWASFUR_LOW,2054,0.002805584138886119
RE1,SO_DEMINDWASFUR_MID,2022,0.0
RE1,SO_DEMINDWASFUR_MID,2023,0.0
RE1,SO_DEMINDWASFUR_MID,2024,0.0
RE1,SO_DEMINDWASFUR_MID,2025,0.3314843587436171
RE1,SO_DEMINDWASFUR_MID,2026,0.3302482254542332
RE1,SO_DEMINDWASFUR_MID,2027,0.3289453189162972
RE1,SO_DEMINDWASFUR_MID,2028,0.3277145131055984
RE1,SO_DEMINDWASFUR_MID,2029,0.3265887985146202
RE1,SO_DEMINDWASFUR_MID,2030,0.3250488395660394
RE1,SO_DEMINDWASFUR_MID,2031,0.3209637778571592
RE1,SO_DEMINDWASFUR_MID,2032,0.3186090864813702
RE1,SO_DEMINDWASFUR_MID,2033,0.3159183467097018
RE1,SO_DEMINDWASFUR_MID,2034,0.3126505559371966
RE1,SO_DEMINDWASFUR_MID,2035,0.308880964716985
RE1,SO_DEMINDWASFUR_MID,2036,0.3036781529207424
RE1,SO_DEMINDWASFUR_MID,2037,0.2970155267276829
RE1,SO_DEMINDWASFUR_MID,2038,0.2886379264349545
RE1,SO_DEMINDWASFUR_MID,2039,0.2780822449213227
RE1,SO_DEMINDWASFUR_MID,2040,0.2646845967988997
RE1,SO_DEMINDWASFUR_MID,2041,0.2482472103290487
RE1,SO_DEMINDWASFUR_MID,2042,0.2288887567894794
RE1,SO_DEMINDWASFUR_MID,2043,0.2067318072708326
RE1,SO_DEMINDWASFUR_MID,2044,0.1824502975901721
RE1,SO_DEMINDWASFUR_MID,2045,0.1568937785233734
RE1,SO_DEMINDWASFUR_MID,2046,0.1316260898219218
RE1,SO_DEMINDWASFUR_MID,2047,0.1075191872723713
RE1,SO_DEMINDWASFUR_MID,2048,0.08564568080867198
RE1,SO_DEMINDWASFUR_MID,2049,0.06664732290548704
RE1,SO_DEMINDWASFUR_MID,2050,0.05073558210871746
RE1,SO_DEMINDWASFUR_MID,2051,0.03789738285572634
RE1,SO_DEMINDWASFUR_MID,2052,0.02768734690746501
RE1,SO_DEMINDWASFUR_MID,2053,0.01987731899462533
RE1,SO_DEMINDWASFUR_MID,2054,0.0140279206944306
