REGION,TECHNOLOGY,YEAR,VALUE
RE1,AN_DEMINDCOABOI_LOW,2022,7.507979567726114
RE1,AN_DEMINDCOABOI_LOW,2023,7.567158942079026
RE1,AN_DEMINDCOABOI_LOW,2024,7.035153456684818
RE1,AN_DEMINDCOABOI_LOW,2025,7.098369263144467
RE1,AN_DEMINDCOABOI_LOW,2026,7.094615847733682
RE1,AN_DEMINDCOABOI_LOW,2027,7.088920256197533
RE1,AN_DEMINDCOABOI_LOW,2028,7.082054898017785
RE1,AN_DEMINDCOABOI_LOW,2029,7.073811021537955
RE1,AN_DEMINDCOABOI_LOW,2030,7.064210040536488
RE1,AN_DEMINDCOABOI_LOW,2031,7.06914697937809
RE1,AN_DEMINDCOABOI_LOW,2032,7.044661303194041
RE1,AN_DEMINDCOABOI_LOW,2033,7.007654379039495
RE1,AN_DEMINDCOABOI_LOW,2034,6.972497675192502
RE1,AN_DEMINDCOABOI_LOW,2035,6.930806727495555
RE1,AN_DEMINDCOABOI_LOW,2036,6.865214459132413
RE1,AN_DEMINDCOABOI_LOW,2037,6.781467324465908
RE1,AN_DEMINDCOABOI_LOW,2038,6.676555338581478
RE1,AN_DEMINDCOABOI_LOW,2039,6.546999848830592
RE1,AN_DEMINDCOABOI_LOW,2040,6.389392659472973
RE1,AN_DEMINDCOABOI_LOW,2041,6.20059888939159
RE1,AN_DEMINDCOABOI_LOW,2042,5.976401140861139
RE1,AN_DEMINDCOABOI_LOW,2043,5.717058657818725
RE1,AN_DEMINDCOABOI_LOW,2044,5.42217894274291
RE1,AN_DEMINDCOABOI_LOW,2045,5.09120668774054
RE1,AN_DEMINDCOABOI_LOW,2046,4.725843370885408
RE1,AN_DEMINDCOABOI_LOW,2047,4.330631469926322
RE1,AN_DEMINDCOABOI_LOW,2048,3.911478057263914
RE1,AN_DEMINDCOABOI_LOW,2049,3.476092387246452
RE1,AN_DEMINDCOABOI_LOW,2050,3.033831151879953
RE1,AN_DEMINDCOABOI_LOW,2051,2.595183716146509
RE1,AN_DEMINDCOABOI_LOW,2052,2.17113599207513
RE1,AN_DEMINDCOABOI_LOW,2053,1.772372231483317
RE1,AN_DEMINDCOABOI_LOW,2054,1.408363931796467
RE1,AN_DEMINDCOABOI_LOW,2055,0.0
RE1,AN_DEMINDCOABOI_MID,2022,0.05173710256515599
RE1,AN_DEMINDCOABOI_MID,2023,0.07145748129970073
RE1,AN_DEMINDCOABOI_MID,2024,0.1592109014427037
RE1,AN_DEMINDCOABOI_MID,2025,0.1606415234744526
RE1,AN_DEMINDCOABOI_MID,2026,0.1605565808140375
RE1,AN_DEMINDCOABOI_MID,2027,0.160427685223017
RE1,AN_DEMINDCOABOI_MID,2028,0.160272316918508
RE1,AN_DEMINDCOABOI_MID,2029,0.160085751690924
RE1,AN_DEMINDCOABOI_MID,2030,0.1598684741504424
RE1,AN_DEMINDCOABOI_MID,2031,0.1599802008509585
RE1,AN_DEMINDCOABOI_MID,2032,0.1594260712784198
RE1,AN_DEMINDCOABOI_MID,2033,0.158588576291204
RE1,AN_DEMINDCOABOI_MID,2034,0.1577929532041319
RE1,AN_DEMINDCOABOI_MID,2035,0.1568494551829872
RE1,AN_DEMINDCOABOI_MID,2036,0.1553650520014412
RE1,AN_DEMINDCOABOI_MID,2037,0.1534697903151693
RE1,AN_DEMINDCOABOI_MID,2038,0.1510955518642748
RE1,AN_DEMINDCOABOI_MID,2039,0.1481636120797218
RE1,AN_DEMINDCOABOI_MID,2040,0.1445968408861761
RE1,AN_DEMINDCOABOI_MID,2041,0.1403242935271895
RE1,AN_DEMINDCOABOI_MID,2042,0.1352505270678324
RE1,AN_DEMINDCOABOI_MID,2043,0.1293814083966061
RE1,AN_DEMINDCOABOI_MID,2044,0.1227080549945167
RE1,AN_DEMINDCOABOI_MID,2045,0.1152178998193823
RE1,AN_DEMINDCOABOI_MID,2046,0.106949448620876
RE1,AN_DEMINDCOABOI_MID,2047,0.09800550114339893
RE1,AN_DEMINDCOABOI_MID,2048,0.08851973895162232
RE1,AN_DEMINDCOABOI_MID,2049,0.07866662836554836
RE1,AN_DEMINDCOABOI_MID,2050,0.06865791847892068
RE1,AN_DEMINDCOABOI_MID,2051,0.05873099164091517
RE1,AN_DEMINDCOABOI_MID,2052,0.04913446744001372
RE1,AN_DEMINDCOABOI_MID,2053,0.04011013866347807
RE1,AN_DEMINDCOABOI_MID,2054,0.03187235253946667
RE1,AN_DEMINDCOABOI_MID,2055,0.0
RE1,AN_DEMINDCOAFUR_LOW,2022,5.676645462057547
RE1,AN_DEMINDCOAFUR_LOW,2023,5.547393057088959
RE1,AN_DEMINDCOAFUR_LOW,2024,5.155619415834598
RE1,AN_DEMINDCOAFUR_LOW,2025,5.232178970168399
RE1,AN_DEMINDCOAFUR_LOW,2026,5.225726706625672
RE1,AN_DEMINDCOAFUR_LOW,2027,5.218396488522655
RE1,AN_DEMINDCOAFUR_LOW,2028,5.213421312526857
RE1,AN_DEMINDCOAFUR_LOW,2029,5.209631690145441
RE1,AN_DEMINDCOAFUR_LOW,2030,5.204022034726325
RE1,AN_DEMINDCOAFUR_LOW,2031,5.207541858459079
RE1,AN_DEMINDCOAFUR_LOW,2032,5.195285192376841
RE1,AN_DEMINDCOAFUR_LOW,2033,5.174895663369639
RE1,AN_DEMINDCOAFUR_LOW,2034,5.16289549011132
RE1,AN_DEMINDCOAFUR_LOW,2035,5.151690285942323
RE1,AN_DEMINDCOAFUR_LOW,2036,5.127418776811695
RE1,AN_DEMINDCOAFUR_LOW,2037,5.097293253460935
RE1,AN_DEMINDCOAFUR_LOW,2038,5.060001261503362
RE1,AN_DEMINDCOAFUR_LOW,2039,5.013793363554021
RE1,AN_DEMINDCOAFUR_LOW,2040,4.957042493211022
RE1,AN_DEMINDCOAFUR_LOW,2041,4.888231211824344
RE1,AN_DEMINDCOAFUR_LOW,2042,4.804667805518325
RE1,AN_DEMINDCOAFUR_LOW,2043,4.706227227216967
RE1,AN_DEMINDCOAFUR_LOW,2044,4.592097547633717
RE1,AN_DEMINDCOAFUR_LOW,2045,4.459792769365999
RE1,AN_DEMINDCOAFUR_LOW,2046,4.308078803609181
RE1,AN_DEMINDCOAFUR_LOW,2047,4.136898827735568
RE1,AN_DEMINDCOAFUR_LOW,2048,3.946047635745926
RE1,AN_DEMINDCOAFUR_LOW,2049,3.735862675508656
RE1,AN_DEMINDCOAFUR_LOW,2050,3.507417254542877
RE1,AN_DEMINDCOAFUR_LOW,2051,3.262480501652782
RE1,AN_DEMINDCOAFUR_LOW,2052,3.003585131835793
RE1,AN_DEMINDCOAFUR_LOW,2053,2.734018604257473
RE1,AN_DEMINDCOAFUR_LOW,2054,2.457845982107977
RE1,AN_DEMINDCOAFUR_LOW,2055,0.0
RE1,AN_DEMINDCOAFUR_MID,2022,0.0391174730627893
RE1,AN_DEMINDCOAFUR_MID,2023,0.05238461867567364
RE1,AN_DEMINDCOAFUR_MID,2024,0.116675609102823
RE1,AN_DEMINDCOAFUR_MID,2025,0.1184082103509101
RE1,AN_DEMINDCOAFUR_MID,2026,0.118262190693868
RE1,AN_DEMINDCOAFUR_MID,2027,0.1180963022538875
RE1,AN_DEMINDCOAFUR_MID,2028,0.1179837102173379
RE1,AN_DEMINDCOAFUR_MID,2029,0.1178979481654953
RE1,AN_DEMINDCOAFUR_MID,2030,0.1177709973745056
RE1,AN_DEMINDCOAFUR_MID,2031,0.1178506536766547
RE1,AN_DEMINDCOAFUR_MID,2032,0.1175732759523947
RE1,AN_DEMINDCOAFUR_MID,2033,0.1171118453221724
RE1,AN_DEMINDCOAFUR_MID,2034,0.1168402722266189
RE1,AN_DEMINDCOAFUR_MID,2035,0.1165866898893494
RE1,AN_DEMINDCOAFUR_MID,2036,0.1160374070809708
RE1,AN_DEMINDCOAFUR_MID,2037,0.1153556434551113
RE1,AN_DEMINDCOAFUR_MID,2038,0.1145116971655648
RE1,AN_DEMINDCOAFUR_MID,2039,0.1134659771067797
RE1,AN_DEMINDCOAFUR_MID,2040,0.1121816615221095
RE1,AN_DEMINDCOAFUR_MID,2041,0.1106244096147483
RE1,AN_DEMINDCOAFUR_MID,2042,0.1087333058417435
RE1,AN_DEMINDCOAFUR_MID,2043,0.1065055202921607
RE1,AN_DEMINDCOAFUR_MID,2044,0.1039226783854856
RE1,AN_DEMINDCOAFUR_MID,2045,0.1009285200998315
RE1,AN_DEMINDCOAFUR_MID,2046,0.09749511706202871
RE1,AN_DEMINDCOAFUR_MID,2047,0.0936211833325688
RE1,AN_DEMINDCOAFUR_MID,2048,0.089302074942799
RE1,AN_DEMINDCOAFUR_MID,2049,0.08454542859597658
RE1,AN_DEMINDCOAFUR_MID,2050,0.07937553406185532
RE1,AN_DEMINDCOAFUR_MID,2051,0.07383242807785907
RE1,AN_DEMINDCOAFUR_MID,2052,0.06797342792076394
RE1,AN_DEMINDCOAFUR_MID,2053,0.06187293130490933
RE1,AN_DEMINDCOAFUR_MID,2054,0.05562293371822749
RE1,AN_DEMINDCOAFUR_MID,2055,0.0
RE1,AN_DEMINDCOAOTH_LOW,2022,0.01952474537957855
RE1,AN_DEMINDCOAOTH_LOW,2023,0.01770444369000646
RE1,AN_DEMINDCOAOTH_LOW,2024,0.01717524928393813
RE1,AN_DEMINDCOAOTH_LOW,2025,0.01253989781772454
RE1,AN_DEMINDCOAOTH_LOW,2026,0.006400029559848304
RE1,AN_DEMINDCOAOTH_LOW,2027,0.001444222254869126
RE1,AN_DEMINDCOAOTH_LOW,2028,8.024709062371963e-05
RE1,AN_DEMINDCOAOTH_LOW,2029,4.854811914091532e-07
RE1,AN_DEMINDCOAOTH_LOW,2030,1.080859529640697e-10
RE1,AN_DEMINDCOAOTH_LOW,2031,2.206530290646425e-16
RE1,AN_DEMINDCOAOTH_LOW,2032,7.226717525768361e-25
RE1,AN_DEMINDCOAOTH_LOW,2033,4.561081232036129e-37
RE1,AN_DEMINDCOAOTH_LOW,2034,4.367599610056764e-54
RE1,AN_DEMINDCOAOTH_LOW,2035,3.141534842182875e-77
RE1,AN_DEMINDCOAOTH_LOW,2036,5.095533109269014e-108
RE1,AN_DEMINDCOAOTH_LOW,2037,3.278262152263223e-148
RE1,AN_DEMINDCOAOTH_LOW,2038,8.262633460445813e-200
RE1,AN_DEMINDCOAOTH_LOW,2039,4.358885466846192e-265
RE1,AN_DEMINDCOAOTH_LOW,2040,0.0
RE1,AN_DEMINDCOAOTH_LOW,2041,0.0
RE1,AN_DEMINDCOAOTH_LOW,2042,0.0
RE1,AN_DEMINDCOAOTH_LOW,2043,0.0
RE1,AN_DEMINDCOAOTH_LOW,2044,0.0
RE1,AN_DEMINDCOAOTH_LOW,2045,0.0
RE1,AN_DEMINDCOAOTH_LOW,2046,0.0
RE1,AN_DEMINDCOAOTH_LOW,2047,0.0
RE1,AN_DEMINDCOAOTH_LOW,2048,0.0
RE1,AN_DEMINDCOAOTH_LOW,2049,0.0
RE1,AN_DEMINDCOAOTH_LOW,2050,0.0
RE1,AN_DEMINDCOAOTH_LOW,2051,0.0
RE1,AN_DEMINDCOAOTH_LOW,2052,0.0
RE1,AN_DEMINDCOAOTH_LOW,2053,0.0
RE1,AN_DEMINDCOAOTH_LOW,2054,0.0
RE1,AN_DEMINDCOAOTH_LOW,2055,0.0
RE1,AN_DEMINDDSLBOI_LOW,2022,0.1746806034589052
RE1,AN_DEMINDDSLBOI_LOW,2023,0.1774673724241206
RE1,AN_DEMINDDSLBOI_LOW,2024,0.1708725890291778
RE1,AN_DEMINDDSLBOI_LOW,2025,0.1725271520988146
RE1,AN_DEMINDDSLBOI_LOW,2026,0.1723865143901824
RE1,AN_DEMINDDSLBOI_LOW,2027,0.1721413645468449
RE1,AN_DEMINDDSLBOI_LOW,2028,0.1719278701946864
RE1,AN_DEMINDDSLBOI_LOW,2029,0.1717282662137073
RE1,AN_DEMINDDSLBOI_LOW,2030,0.171404251723404
RE1,AN_DEMINDDSLBOI_LOW,2031,0.1710790382512804
RE1,AN_DEMINDDSLBOI_LOW,2032,0.1704203834148817
RE1,AN_DEMINDDSLBOI_LOW,2033,0.169498908808506
RE1,AN_DEMINDDSLBOI_LOW,2034,0.1687636008177881
RE1,AN_DEMINDDSLBOI_LOW,2035,0.1678596414723996
RE1,AN_DEMINDDSLBOI_LOW,2036,0.1662609164965927
RE1,AN_DEMINDDSLBOI_LOW,2037,0.1642358879468183
RE1,AN_DEMINDDSLBOI_LOW,2038,0.1617067160314528
RE1,AN_DEMINDDSLBOI_LOW,2039,0.1585814000449682
RE1,AN_DEMINDDSLBOI_LOW,2040,0.1547757054030333
RE1,AN_DEMINDDSLBOI_LOW,2041,0.1502155366336763
RE1,AN_DEMINDDSLBOI_LOW,2042,0.1448147931732913
RE1,AN_DEMINDDSLBOI_LOW,2043,0.1385594121356379
RE1,AN_DEMINDDSLBOI_LOW,2044,0.1314405694531416
RE1,AN_DEMINDDSLBOI_LOW,2045,0.1234285177401282
RE1,AN_DEMINDDSLBOI_LOW,2046,0.1145767488168108
RE1,AN_DEMINDDSLBOI_LOW,2047,0.1050025025688846
RE1,AN_DEMINDDSLBOI_LOW,2048,0.09484510958678964
RE1,AN_DEMINDDSLBOI_LOW,2049,0.0842903485621187
RE1,AN_DEMINDDSLBOI_LOW,2050,0.07356904178561988
RE1,AN_DEMINDDSLBOI_LOW,2051,0.06293524198695563
RE1,AN_DEMINDDSLBOI_LOW,2052,0.05265502250712921
RE1,AN_DEMINDDSLBOI_LOW,2053,0.04298606387308141
RE1,AN_DEMINDDSLBOI_LOW,2054,0.03415910424649574
RE1,AN_DEMINDDSLBOI_LOW,2055,0.0
RE1,AN_DEMINDDSLBOI_MID,2022,0.00120371508949562
RE1,AN_DEMINDDSLBOI_MID,2023,0.001675843145805458
RE1,AN_DEMINDDSLBOI_MID,2024,0.003866977330158167
RE1,AN_DEMINDDSLBOI_MID,2025,0.003904421357418207
RE1,AN_DEMINDDSLBOI_MID,2026,0.003901238618547474
RE1,AN_DEMINDDSLBOI_MID,2027,0.003895690690163735
RE1,AN_DEMINDDSLBOI_MID,2028,0.003890859149747547
RE1,AN_DEMINDDSLBOI_MID,2029,0.003886341959051006
RE1,AN_DEMINDDSLBOI_MID,2030,0.003879009263410565
RE1,AN_DEMINDDSLBOI_MID,2031,0.00387164943389485
RE1,AN_DEMINDDSLBOI_MID,2032,0.003856743571373398
RE1,AN_DEMINDDSLBOI_MID,2033,0.00383588989651884
RE1,AN_DEMINDDSLBOI_MID,2034,0.003819249314510074
RE1,AN_DEMINDDSLBOI_MID,2035,0.003798792023402927
RE1,AN_DEMINDDSLBOI_MID,2036,0.0037626116548972
RE1,AN_DEMINDDSLBOI_MID,2037,0.003716783710582719
RE1,AN_DEMINDDSLBOI_MID,2038,0.003659546616462718
RE1,AN_DEMINDDSLBOI_MID,2039,0.003588818326232077
RE1,AN_DEMINDDSLBOI_MID,2040,0.003502692546845934
RE1,AN_DEMINDDSLBOI_MID,2041,0.003399492441123956
RE1,AN_DEMINDDSLBOI_MID,2042,0.003277269487483667
RE1,AN_DEMINDDSLBOI_MID,2043,0.003135705432057688
RE1,AN_DEMINDDSLBOI_MID,2044,0.002974600579450378
RE1,AN_DEMINDDSLBOI_MID,2045,0.002793281723580601
RE1,AN_DEMINDDSLBOI_MID,2046,0.002592959425236877
RE1,AN_DEMINDDSLBOI_MID,2047,0.002376286912668109
RE1,AN_DEMINDDSLBOI_MID,2048,0.002146417343660982
RE1,AN_DEMINDDSLBOI_MID,2049,0.001907555032043114
RE1,AN_DEMINDDSLBOI_MID,2050,0.00166492366272903
RE1,AN_DEMINDDSLBOI_MID,2051,0.001424272643226695
RE1,AN_DEMINDDSLBOI_MID,2052,0.001191623416669058
RE1,AN_DEMINDDSLBOI_MID,2053,0.0009728074903901198
RE1,AN_DEMINDDSLBOI_MID,2054,0.0007730466453993553
RE1,AN_DEMINDDSLBOI_MID,2055,0.0
RE1,AN_DEMINDDSLFUR_LOW,2022,0.07385766303045259
RE1,AN_DEMINDDSLFUR_LOW,2023,0.07663687594724944
RE1,AN_DEMINDDSLFUR_LOW,2024,0.0720149147775677
RE1,AN_DEMINDDSLFUR_LOW,2025,0.07729261489854074
RE1,AN_DEMINDDSLFUR_LOW,2026,0.0771227578592521
RE1,AN_DEMINDDSLFUR_LOW,2027,0.07693432561087918
RE1,AN_DEMINDDSLFUR_LOW,2028,0.07680333495508133
RE1,AN_DEMINDDSLFUR_LOW,2029,0.07672369824076486
RE1,AN_DEMINDDSLFUR_LOW,2030,0.07658497870548106
RE1,AN_DEMINDDSLFUR_LOW,2031,0.07643306990439185
RE1,AN_DEMINDDSLFUR_LOW,2032,0.07614673444400462
RE1,AN_DEMINDDSLFUR_LOW,2033,0.07572959985916264
RE1,AN_DEMINDDSLFUR_LOW,2034,0.07548718156833077
RE1,AN_DEMINDDSLFUR_LOW,2035,0.07529990747921816
RE1,AN_DEMINDDSLFUR_LOW,2036,0.07489658731118569
RE1,AN_DEMINDDSLFUR_LOW,2037,0.07441404583630734
RE1,AN_DEMINDDSLFUR_LOW,2038,0.07382983234150858
RE1,AN_DEMINDDSLFUR_LOW,2039,0.07311569875218786
RE1,AN_DEMINDDSLFUR_LOW,2040,0.07224591185423844
RE1,AN_DEMINDDSLFUR_LOW,2041,0.07119901690543412
RE1,AN_DEMINDDSLFUR_LOW,2042,0.06994418095680219
RE1,AN_DEMINDDSLFUR_LOW,2043,0.06847558814323826
RE1,AN_DEMINDDSLFUR_LOW,2044,0.06678484436762719
RE1,AN_DEMINDDSLFUR_LOW,2045,0.06482896174643459
RE1,AN_DEMINDDSLFUR_LOW,2046,0.06259220115546005
RE1,AN_DEMINDDSLFUR_LOW,2047,0.06007601302673863
RE1,AN_DEMINDDSLFUR_LOW,2048,0.05727647574627823
RE1,AN_DEMINDDSLFUR_LOW,2049,0.05419843203597202
RE1,AN_DEMINDDSLFUR_LOW,2050,0.05085925212085295
RE1,AN_DEMINDDSLFUR_LOW,2051,0.04728507177111285
RE1,AN_DEMINDDSLFUR_LOW,2052,0.04351296479273219
RE1,AN_DEMINDDSLFUR_LOW,2053,0.03958980257335927
RE1,AN_DEMINDDSLFUR_LOW,2054,0.03557519514042987
RE1,AN_DEMINDDSLFUR_LOW,2055,0.0
RE1,AN_DEMINDDSLFUR_MID,2022,0.0005089493721926242
RE1,AN_DEMINDDSLFUR_MID,2023,0.0007236901156411406
RE1,AN_DEMINDDSLFUR_MID,2024,0.001629752580330916
RE1,AN_DEMINDDSLFUR_MID,2025,0.001749190969127675
RE1,AN_DEMINDDSLFUR_MID,2026,0.001745346974464582
RE1,AN_DEMINDDSLFUR_MID,2027,0.001741082608618259
RE1,AN_DEMINDDSLFUR_MID,2028,0.001738118189928809
RE1,AN_DEMINDDSLFUR_MID,2029,0.001736315950197675
RE1,AN_DEMINDDSLFUR_MID,2030,0.001733176621056353
RE1,AN_DEMINDDSLFUR_MID,2031,0.001729738808746017
RE1,AN_DEMINDDSLFUR_MID,2032,0.001723258818360029
RE1,AN_DEMINDDSLFUR_MID,2033,0.001713818743785321
RE1,AN_DEMINDDSLFUR_MID,2034,0.001708332632523191
RE1,AN_DEMINDDSLFUR_MID,2035,0.001704094476706398
RE1,AN_DEMINDDSLFUR_MID,2036,0.001694967032945884
RE1,AN_DEMINDDSLFUR_MID,2037,0.001684046750442895
RE1,AN_DEMINDDSLFUR_MID,2038,0.001670825552395891
RE1,AN_DEMINDDSLFUR_MID,2039,0.001654664163279604
RE1,AN_DEMINDDSLFUR_MID,2040,0.001634980220784506
RE1,AN_DEMINDDSLFUR_MID,2041,0.001611288187690818
RE1,AN_DEMINDDSLFUR_MID,2042,0.001582890290789995
RE1,AN_DEMINDDSLFUR_MID,2043,0.001549654912608214
RE1,AN_DEMINDDSLFUR_MID,2044,0.00151139208831006
RE1,AN_DEMINDDSLFUR_MID,2045,0.001467128969224818
RE1,AN_DEMINDDSLFUR_MID,2046,0.001416509366938504
RE1,AN_DEMINDDSLFUR_MID,2047,0.001359566105836997
RE1,AN_DEMINDDSLFUR_MID,2048,0.001296210436797392
RE1,AN_DEMINDDSLFUR_MID,2049,0.001226551954318629
RE1,AN_DEMINDDSLFUR_MID,2050,0.001150983759873585
RE1,AN_DEMINDDSLFUR_MID,2051,0.001070097325923775
RE1,AN_DEMINDDSLFUR_MID,2052,0.0009847316610432674
RE1,AN_DEMINDDSLFUR_MID,2053,0.0008959475005700067
RE1,AN_DEMINDDSLFUR_MID,2054,0.0008050938649996371
RE1,AN_DEMINDDSLFUR_MID,2055,0.0
RE1,AN_DEMINDELCAIR_LOW,2022,0.06633215063000217
RE1,AN_DEMINDELCAIR_LOW,2023,0.0609942423548166
RE1,AN_DEMINDELCAIR_LOW,2024,0.0586381469702042
RE1,AN_DEMINDELCAIR_LOW,2025,0.0594674681264232
RE1,AN_DEMINDELCAIR_LOW,2026,0.05929700712796292
RE1,AN_DEMINDELCAIR_LOW,2027,0.05906837155500845
RE1,AN_DEMINDELCAIR_LOW,2028,0.05881463825330909
RE1,AN_DEMINDELCAIR_LOW,2029,0.05848751769252758
RE1,AN_DEMINDELCAIR_LOW,2030,0.05793273660051879
RE1,AN_DEMINDELCAIR_LOW,2031,0.05708370991688686
RE1,AN_DEMINDELCAIR_LOW,2032,0.05585751610683644
RE1,AN_DEMINDELCAIR_LOW,2033,0.05413730362799898
RE1,AN_DEMINDELCAIR_LOW,2034,0.05205731602508054
RE1,AN_DEMINDELCAIR_LOW,2035,0.04945039496721617
RE1,AN_DEMINDELCAIR_LOW,2036,0.04609066692724916
RE1,AN_DEMINDELCAIR_LOW,2037,0.0420695505959219
RE1,AN_DEMINDELCAIR_LOW,2038,0.03743230679317555
RE1,AN_DEMINDELCAIR_LOW,2039,0.03229820299691232
RE1,AN_DEMINDELCAIR_LOW,2040,0.02686823261153615
RE1,AN_DEMINDELCAIR_LOW,2041,0.02141141220120177
RE1,AN_DEMINDELCAIR_LOW,2042,0.01622819524151039
RE1,AN_DEMINDELCAIR_LOW,2043,0.01160817874974715
RE1,AN_DEMINDELCAIR_LOW,2044,0.007770393614869138
RE1,AN_DEMINDELCAIR_LOW,2045,0.004819726490903331
RE1,AN_DEMINDELCAIR_LOW,2046,0.00274155482429042
RE1,AN_DEMINDELCAIR_LOW,2047,0.00141430365868006
RE1,AN_DEMINDELCAIR_LOW,2048,0.0006536531737944709
RE1,AN_DEMINDELCAIR_LOW,2049,0.0002671034320235686
RE1,AN_DEMINDELCAIR_LOW,2050,9.514674431084572e-05
RE1,AN_DEMINDELCAIR_LOW,2051,2.909888461302768e-05
RE1,AN_DEMINDELCAIR_LOW,2052,7.516926332372681e-06
RE1,AN_DEMINDELCAIR_LOW,2053,1.611748583438694e-06
RE1,AN_DEMINDELCAIR_LOW,2054,2.815711686941737e-07
RE1,AN_DEMINDELCAIR_LOW,2055,0.0
RE1,AN_DEMINDELCAIR_MID,2022,0.0004570914517753772
RE1,AN_DEMINDELCAIR_MID,2023,0.0005759750741090225
RE1,AN_DEMINDELCAIR_MID,2024,0.001327026097658898
RE1,AN_DEMINDELCAIR_MID,2025,0.001345794269480604
RE1,AN_DEMINDELCAIR_MID,2026,0.001341936606759702
RE1,AN_DEMINDELCAIR_MID,2027,0.001336762408940696
RE1,AN_DEMINDELCAIR_MID,2028,0.001331020230331755
RE1,AN_DEMINDELCAIR_MID,2029,0.001323617241941647
RE1,AN_DEMINDELCAIR_MID,2030,0.001311062121672287
RE1,AN_DEMINDELCAIR_MID,2031,0.001291847998699389
RE1,AN_DEMINDELCAIR_MID,2032,0.001264098295292978
RE1,AN_DEMINDELCAIR_MID,2033,0.00122516857171055
RE1,AN_DEMINDELCAIR_MID,2034,0.001178096862004541
RE1,AN_DEMINDELCAIR_MID,2035,0.001119100245346781
RE1,AN_DEMINDELCAIR_MID,2036,0.001043067031126385
RE1,AN_DEMINDELCAIR_MID,2037,0.0009520660942089009
RE1,AN_DEMINDELCAIR_MID,2038,0.0008471217215537027
RE1,AN_DEMINDELCAIR_MID,2039,0.0007309330273715202
RE1,AN_DEMINDELCAIR_MID,2040,0.0006080486460732751
RE1,AN_DEMINDELCAIR_MID,2041,0.0004845566281820717
RE1,AN_DEMINDELCAIR_MID,2042,0.0003672564655621013
RE1,AN_DEMINDELCAIR_MID,2043,0.0002627019601255703
RE1,AN_DEMINDELCAIR_MID,2044,0.000175849948349374
RE1,AN_DEMINDELCAIR_MID,2045,0.0001090740954051057
RE1,AN_DEMINDELCAIR_MID,2046,6.204348172606269e-05
RE1,AN_DEMINDELCAIR_MID,2047,3.200677310005327e-05
RE1,AN_DEMINDELCAIR_MID,2048,1.479267107269932e-05
RE1,AN_DEMINDELCAIR_MID,2049,6.044754880293937e-06
RE1,AN_DEMINDELCAIR_MID,2050,2.153243568080829e-06
RE1,AN_DEMINDELCAIR_MID,2051,6.585300063092735e-07
RE1,AN_DEMINDELCAIR_MID,2052,1.7011378995838e-07
RE1,AN_DEMINDELCAIR_MID,2053,3.647510270361565e-08
RE1,AN_DEMINDELCAIR_MID,2054,6.372170822440017e-09
RE1,AN_DEMINDELCAIR_MID,2055,0.0
RE1,AN_DEMINDELCBOI_LOW,2022,0.007148232516648255
RE1,AN_DEMINDELCBOI_LOW,2023,0.006406397378717896
RE1,AN_DEMINDELCBOI_LOW,2024,0.006583487327654245
RE1,AN_DEMINDELCBOI_LOW,2025,0.006700199358827761
RE1,AN_DEMINDELCBOI_LOW,2026,0.006688036407670388
RE1,AN_DEMINDELCBOI_LOW,2027,0.006671504615962881
RE1,AN_DEMINDELCBOI_LOW,2028,0.006658742975645789
RE1,AN_DEMINDELCBOI_LOW,2029,0.006646393551757004
RE1,AN_DEMINDELCBOI_LOW,2030,0.006628198302860749
RE1,AN_DEMINDELCBOI_LOW,2031,0.006611745973220662
RE1,AN_DEMINDELCBOI_LOW,2032,0.006586586958415562
RE1,AN_DEMINDELCBOI_LOW,2033,0.006551666823911716
RE1,AN_DEMINDELCBOI_LOW,2034,0.006526346131973513
RE1,AN_DEMINDELCBOI_LOW,2035,0.0064913786118009
RE1,AN_DEMINDELCBOI_LOW,2036,0.006427688671807381
RE1,AN_DEMINDELCBOI_LOW,2037,0.006348026493151686
RE1,AN_DEMINDELCBOI_LOW,2038,0.006249331345275163
RE1,AN_DEMINDELCBOI_LOW,2039,0.006127830817228313
RE1,AN_DEMINDELCBOI_LOW,2040,0.005980335589549457
RE1,AN_DEMINDELCBOI_LOW,2041,0.005804044232968053
RE1,AN_DEMINDELCBOI_LOW,2042,0.005595472365721779
RE1,AN_DEMINDELCBOI_LOW,2043,0.00535376128084589
RE1,AN_DEMINDELCBOI_LOW,2044,0.005078572153706053
RE1,AN_DEMINDELCBOI_LOW,2045,0.004768610450430858
RE1,AN_DEMINDELCBOI_LOW,2046,0.004426237623147349
RE1,AN_DEMINDELCBOI_LOW,2047,0.004056098785937528
RE1,AN_DEMINDELCBOI_LOW,2048,0.003663523628487221
RE1,AN_DEMINDELCBOI_LOW,2049,0.003255655946282222
RE1,AN_DEMINDELCBOI_LOW,2050,0.002841419930541632
RE1,AN_DEMINDELCBOI_LOW,2051,0.002430611375792023
RE1,AN_DEMINDELCBOI_LOW,2052,0.002033490559484066
RE1,AN_DEMINDELCBOI_LOW,2053,0.001659997310988365
RE1,AN_DEMINDELCBOI_LOW,2054,0.001319052512397159
RE1,AN_DEMINDELCBOI_LOW,2055,0.0
RE1,AN_DEMINDELCBOI_MID,2022,4.925810406612779e-05
RE1,AN_DEMINDELCBOI_MID,2023,6.049628723173254e-05
RE1,AN_DEMINDELCBOI_MID,2024,0.0001489893516219582
RE1,AN_DEMINDELCBOI_MID,2025,0.0001516306341194548
RE1,AN_DEMINDELCBOI_MID,2026,0.0001513553772355941
RE1,AN_DEMINDELCBOI_MID,2027,0.0001509812501498922
RE1,AN_DEMINDELCBOI_MID,2028,0.00015069244447262
RE1,AN_DEMINDELCBOI_MID,2029,0.00015041296756828
RE1,AN_DEMINDELCBOI_MID,2030,0.0001500011951746026
RE1,AN_DEMINDELCBOI_MID,2031,0.000149628866376239
RE1,AN_DEMINDELCBOI_MID,2032,0.0001490594986359057
RE1,AN_DEMINDELCBOI_MID,2033,0.0001482692292939378
RE1,AN_DEMINDELCBOI_MID,2034,0.0001476962026764723
RE1,AN_DEMINDELCBOI_MID,2035,0.0001469048609605916
RE1,AN_DEMINDELCBOI_MID,2036,0.0001454635089244729
RE1,AN_DEMINDELCBOI_MID,2037,0.0001436606929158738
RE1,AN_DEMINDELCBOI_MID,2038,0.0001414271462621742
RE1,AN_DEMINDELCBOI_MID,2039,0.0001386774964193945
RE1,AN_DEMINDELCBOI_MID,2040,0.0001353395666497269
RE1,AN_DEMINDELCBOI_MID,2041,0.0001313499584669499
RE1,AN_DEMINDELCBOI_MID,2042,0.000126629817647802
RE1,AN_DEMINDELCBOI_MID,2043,0.0001211597109971479
RE1,AN_DEMINDELCBOI_MID,2044,0.0001149319706544645
RE1,AN_DEMINDELCBOI_MID,2045,0.0001079173003285077
RE1,AN_DEMINDELCBOI_MID,2046,0.0001001691414863578
RE1,AN_DEMINDELCBOI_MID,2047,9.179261661110651e-05
RE1,AN_DEMINDELCBOI_MID,2048,8.290834065515204e-05
RE1,AN_DEMINDELCBOI_MID,2049,7.367798317211793e-05
RE1,AN_DEMINDELCBOI_MID,2050,6.43035054322718e-05
RE1,AN_DEMINDELCBOI_MID,2051,5.500659375511266e-05
RE1,AN_DEMINDELCBOI_MID,2052,4.601944606383171e-05
RE1,AN_DEMINDELCBOI_MID,2053,3.756700829657002e-05
RE1,AN_DEMINDELCBOI_MID,2054,2.985116683552443e-05
RE1,AN_DEMINDELCBOI_MID,2055,0.0
RE1,AN_DEMINDELCFUR_LOW,2022,0.3583032728572663
RE1,AN_DEMINDELCFUR_LOW,2023,0.2270772399590434
RE1,AN_DEMINDELCFUR_LOW,2024,0.2183927989566232
RE1,AN_DEMINDELCFUR_LOW,2025,0.2236174030170697
RE1,AN_DEMINDELCFUR_LOW,2026,0.2232698889114139
RE1,AN_DEMINDELCFUR_LOW,2027,0.2228696682376328
RE1,AN_DEMINDELCFUR_LOW,2028,0.2226050933710802
RE1,AN_DEMINDELCFUR_LOW,2029,0.2224396841262565
RE1,AN_DEMINDELCFUR_LOW,2030,0.2221491821095823
RE1,AN_DEMINDELCFUR_LOW,2031,0.2220747614853464
RE1,AN_DEMINDELCFUR_LOW,2032,0.2214235995430338
RE1,AN_DEMINDELCFUR_LOW,2033,0.2203982700423481
RE1,AN_DEMINDELCFUR_LOW,2034,0.2198371777183905
RE1,AN_DEMINDELCFUR_LOW,2035,0.2193798609208563
RE1,AN_DEMINDELCFUR_LOW,2036,0.2183027532884954
RE1,AN_DEMINDELCFUR_LOW,2037,0.2169852785296685
RE1,AN_DEMINDELCFUR_LOW,2038,0.2153673656688917
RE1,AN_DEMINDELCFUR_LOW,2039,0.2133699304366066
RE1,AN_DEMINDELCFUR_LOW,2040,0.2109206592619698
RE1,AN_DEMINDELCFUR_LOW,2041,0.2079558316568933
RE1,AN_DEMINDELCFUR_LOW,2042,0.204368858694214
RE1,AN_DEMINDELCFUR_LOW,2043,0.2001528525444057
RE1,AN_DEMINDELCFUR_LOW,2044,0.1952791625589025
RE1,AN_DEMINDELCFUR_LOW,2045,0.1896286214519433
RE1,AN_DEMINDELCFUR_LOW,2046,0.1831511756671633
RE1,AN_DEMINDELCFUR_LOW,2047,0.1758494433598339
RE1,AN_DEMINDELCFUR_LOW,2048,0.1677130365378399
RE1,AN_DEMINDELCFUR_LOW,2049,0.1587558332479818
RE1,AN_DEMINDELCFUR_LOW,2050,0.1490260473963649
RE1,AN_DEMINDELCFUR_LOW,2051,0.1385993316078971
RE1,AN_DEMINDELCFUR_LOW,2052,0.1275836547139517
RE1,AN_DEMINDELCFUR_LOW,2053,0.1161175223445394
RE1,AN_DEMINDELCFUR_LOW,2054,0.1043748045314214
RE1,AN_DEMINDELCFUR_LOW,2055,0.0
RE1,AN_DEMINDELCFUR_MID,2022,0.00246904949727531
RE1,AN_DEMINDELCFUR_MID,2023,0.002144314365822335
RE1,AN_DEMINDELCFUR_MID,2024,0.004942396012334334
RE1,AN_DEMINDELCFUR_MID,2025,0.005060632796686849
RE1,AN_DEMINDELCFUR_MID,2026,0.005052768286784379
RE1,AN_DEMINDELCFUR_MID,2027,0.005043710986948486
RE1,AN_DEMINDELCFUR_MID,2028,0.005037723455438009
RE1,AN_DEMINDELCFUR_MID,2029,0.005033980117764215
RE1,AN_DEMINDELCFUR_MID,2030,0.005027405835023919
RE1,AN_DEMINDELCFUR_MID,2031,0.005025721639399263
RE1,AN_DEMINDELCFUR_MID,2032,0.005010985346799667
RE1,AN_DEMINDELCFUR_MID,2033,0.004987781356284738
RE1,AN_DEMINDELCFUR_MID,2034,0.004975083408011133
RE1,AN_DEMINDELCFUR_MID,2035,0.00496473397924194
RE1,AN_DEMINDELCFUR_MID,2036,0.004940358210020296
RE1,AN_DEMINDELCFUR_MID,2037,0.004910542748954336
RE1,AN_DEMINDELCFUR_MID,2038,0.00487392814394167
RE1,AN_DEMINDELCFUR_MID,2039,0.004828724657498407
RE1,AN_DEMINDELCFUR_MID,2040,0.00477329577822911
RE1,AN_DEMINDELCFUR_MID,2041,0.004706199462770927
RE1,AN_DEMINDELCFUR_MID,2042,0.004625023522209727
RE1,AN_DEMINDELCFUR_MID,2043,0.004529612079697245
RE1,AN_DEMINDELCFUR_MID,2044,0.004419316749151621
RE1,AN_DEMINDELCFUR_MID,2045,0.00429144068378688
RE1,AN_DEMINDELCFUR_MID,2046,0.004144851133354095
RE1,AN_DEMINDELCFUR_MID,2047,0.003979607348708774
RE1,AN_DEMINDELCFUR_MID,2048,0.003795474241647214
RE1,AN_DEMINDELCFUR_MID,2049,0.003592765882978964
RE1,AN_DEMINDELCFUR_MID,2050,0.003372573390261062
RE1,AN_DEMINDELCFUR_MID,2051,0.003136608840235297
RE1,AN_DEMINDELCFUR_MID,2052,0.002887315650103087
RE1,AN_DEMINDELCFUR_MID,2053,0.002627828308165879
RE1,AN_DEMINDELCFUR_MID,2054,0.002362081626174553
RE1,AN_DEMINDELCFUR_MID,2055,0.0
RE1,AN_DEMINDELCILU_LOW,2022,0.1794579566704354
RE1,AN_DEMINDELCILU_LOW,2023,0.1610693525713349
RE1,AN_DEMINDELCILU_LOW,2024,0.1549703521488336
RE1,AN_DEMINDELCILU_LOW,2025,0.148215210146297
RE1,AN_DEMINDELCILU_LOW,2026,0.1305810578904441
RE1,AN_DEMINDELCILU_LOW,2027,0.09882207171576252
RE1,AN_DEMINDELCILU_LOW,2028,0.05767006231854604
RE1,AN_DEMINDELCILU_LOW,2029,0.0222992748516472
RE1,AN_DEMINDELCILU_LOW,2030,0.004663475368967964
RE1,AN_DEMINDELCILU_LOW,2031,0.0004072626520635179
RE1,AN_DEMINDELCILU_LOW,2032,1.074802913860072e-05
RE1,AN_DEMINDELCILU_LOW,2033,5.776513492165901e-08
RE1,AN_DEMINDELCILU_LOW,2034,3.953964858238274e-11
RE1,AN_DEMINDELCILU_LOW,2035,1.968866151413187e-15
RE1,AN_DEMINDELCILU_LOW,2036,3.706126452399101e-21
RE1,AN_DEMINDELCILU_LOW,2037,1.246277797993546e-28
RE1,AN_DEMINDELCILU_LOW,2038,3.172553572298418e-38
RE1,AN_DEMINDELCILU_LOW,2039,2.310870904382491e-50
RE1,AN_DEMINDELCILU_LOW,2040,1.612474773207495e-65
RE1,AN_DEMINDELCILU_LOW,2041,3.173588261543091e-84
RE1,AN_DEMINDELCILU_LOW,2042,4.528822848223469e-107
RE1,AN_DEMINDELCILU_LOW,2043,1.044545887950885e-134
RE1,AN_DEMINDELCILU_LOW,2044,7.471059861570048e-168
RE1,AN_DEMINDELCILU_LOW,2045,2.715951702526416e-207
RE1,AN_DEMINDELCILU_LOW,2046,6.981370907689537e-254
RE1,AN_DEMINDELCILU_LOW,2047,0.0
RE1,AN_DEMINDELCILU_LOW,2048,0.0
RE1,AN_DEMINDELCILU_LOW,2049,0.0
RE1,AN_DEMINDELCILU_LOW,2050,0.0
RE1,AN_DEMINDELCILU_LOW,2051,0.0
RE1,AN_DEMINDELCILU_LOW,2052,0.0
RE1,AN_DEMINDELCILU_LOW,2053,0.0
RE1,AN_DEMINDELCILU_LOW,2054,0.0
RE1,AN_DEMINDELCILU_LOW,2055,0.0
RE1,AN_DEMINDELCILU_MID,2022,0.001236635585731036
RE1,AN_DEMINDELCILU_MID,2023,0.001520994912016328
RE1,AN_DEMINDELCILU_MID,2024,0.003507097551520323
RE1,AN_DEMINDELCILU_MID,2025,0.003354223523367404
RE1,AN_DEMINDELCILU_MID,2026,0.002955149175648026
RE1,AN_DEMINDELCILU_MID,2027,0.002236419037221146
RE1,AN_DEMINDELCILU_MID,2028,0.001305117601843944
RE1,AN_DEMINDELCILU_MID,2029,0.0005046496387759497
RE1,AN_DEMINDELCILU_MID,2030,0.0001055380130541052
RE1,AN_DEMINDELCILU_MID,2031,9.216665188357365e-06
RE1,AN_DEMINDELCILU_MID,2032,2.432361167989988e-07
RE1,AN_DEMINDELCILU_MID,2033,1.307269167540032e-09
RE1,AN_DEMINDELCILU_MID,2034,8.948124774090359e-13
RE1,AN_DEMINDELCILU_MID,2035,4.455694630067602e-17
RE1,AN_DEMINDELCILU_MID,2036,8.387247513221461e-23
RE1,AN_DEMINDELCILU_MID,2037,2.820421940875225e-30
RE1,AN_DEMINDELCILU_MID,2038,7.179731291304662e-40
RE1,AN_DEMINDELCILU_MID,2039,5.229677533968479e-52
RE1,AN_DEMINDELCILU_MID,2040,3.649153693329111e-67
RE1,AN_DEMINDELCILU_MID,2041,7.182072872172397e-86
RE1,AN_DEMINDELCILU_MID,2042,1.02490723561238e-108
RE1,AN_DEMINDELCILU_MID,2043,2.363887205060301e-136
RE1,AN_DEMINDELCILU_MID,2044,1.690757966569626e-169
RE1,AN_DEMINDELCILU_MID,2045,6.146406350570803e-209
RE1,AN_DEMINDELCILU_MID,2046,1.579937612395589e-255
RE1,AN_DEMINDELCILU_MID,2047,0.0
RE1,AN_DEMINDELCILU_MID,2048,0.0
RE1,AN_DEMINDELCILU_MID,2049,0.0
RE1,AN_DEMINDELCILU_MID,2050,0.0
RE1,AN_DEMINDELCILU_MID,2051,0.0
RE1,AN_DEMINDELCILU_MID,2052,0.0
RE1,AN_DEMINDELCILU_MID,2053,0.0
RE1,AN_DEMINDELCILU_MID,2054,0.0
RE1,AN_DEMINDELCILU_MID,2055,0.0
RE1,AN_DEMINDELCMPW_LOW,2022,4.426994723285119
RE1,AN_DEMINDELCMPW_LOW,2023,3.943164584651784
RE1,AN_DEMINDELCMPW_LOW,2024,3.810205565149986
RE1,AN_DEMINDELCMPW_LOW,2025,3.860709797810809
RE1,AN_DEMINDELCMPW_LOW,2026,3.855228278663814
RE1,AN_DEMINDELCMPW_LOW,2027,3.848123502339028
RE1,AN_DEMINDELCMPW_LOW,2028,3.842680745951476
RE1,AN_DEMINDELCMPW_LOW,2029,3.838566401664101
RE1,AN_DEMINDELCMPW_LOW,2030,3.830939650397106
RE1,AN_DEMINDELCMPW_LOW,2031,3.820965665601619
RE1,AN_DEMINDELCMPW_LOW,2032,3.803979227043202
RE1,AN_DEMINDELCMPW_LOW,2033,3.779595147008915
RE1,AN_DEMINDELCMPW_LOW,2034,3.759908080947998
RE1,AN_DEMINDELCMPW_LOW,2035,3.738183759090982
RE1,AN_DEMINDELCMPW_LOW,2036,3.701579812236368
RE1,AN_DEMINDELCMPW_LOW,2037,3.655685047854667
RE1,AN_DEMINDELCMPW_LOW,2038,3.598616107365297
RE1,AN_DEMINDELCMPW_LOW,2039,3.528238440118681
RE1,AN_DEMINDELCMPW_LOW,2040,3.442610189865357
RE1,AN_DEMINDELCMPW_LOW,2041,3.340114541501763
RE1,AN_DEMINDELCMPW_LOW,2042,3.219019050184174
RE1,AN_DEMINDELCMPW_LOW,2043,3.078990908519081
RE1,AN_DEMINDELCMPW_LOW,2044,2.91999820826461
RE1,AN_DEMINDELCMPW_LOW,2045,2.74132176585765
RE1,AN_DEMINDELCMPW_LOW,2046,2.544128546497334
RE1,AN_DEMINDELCMPW_LOW,2047,2.330994398281128
RE1,AN_DEMINDELCMPW_LOW,2048,2.105019916640576
RE1,AN_DEMINDELCMPW_LOW,2049,1.87033864979692
RE1,AN_DEMINDELCMPW_LOW,2050,1.632065255211765
RE1,AN_DEMINDELCMPW_LOW,2051,1.395844851328398
RE1,AN_DEMINDELCMPW_LOW,2052,1.167579736098728
RE1,AN_DEMINDELCMPW_LOW,2053,0.9529700652346688
RE1,AN_DEMINDELCMPW_LOW,2054,0.7571270301536417
RE1,AN_DEMINDELCMPW_LOW,2055,0.0
RE1,AN_DEMINDELCMPW_MID,2022,0.03050619384189059
RE1,AN_DEMINDELCMPW_MID,2023,0.03723571973657831
RE1,AN_DEMINDELCMPW_MID,2024,0.08622786502732478
RE1,AN_DEMINDELCMPW_MID,2025,0.0873708144253882
RE1,AN_DEMINDELCMPW_MID,2026,0.08724676345620296
RE1,AN_DEMINDELCMPW_MID,2027,0.08708597693602507
RE1,AN_DEMINDELCMPW_MID,2028,0.08696280319772207
RE1,AN_DEMINDELCMPW_MID,2029,0.08686969244088191
RE1,AN_DEMINDELCMPW_MID,2030,0.08669709322868659
RE1,AN_DEMINDELCMPW_MID,2031,0.08647137432716683
RE1,AN_DEMINDELCMPW_MID,2032,0.08608695823562913
RE1,AN_DEMINDELCMPW_MID,2033,0.08553512786163478
RE1,AN_DEMINDELCMPW_MID,2034,0.08508959450495408
RE1,AN_DEMINDELCMPW_MID,2035,0.08459795649202626
RE1,AN_DEMINDELCMPW_MID,2036,0.08376958118920379
RE1,AN_DEMINDELCMPW_MID,2037,0.08273094758246019
RE1,AN_DEMINDELCMPW_MID,2038,0.08143943382719745
RE1,AN_DEMINDELCMPW_MID,2039,0.07984673341024756
RE1,AN_DEMINDELCMPW_MID,2040,0.0779089006400414
RE1,AN_DEMINDELCMPW_MID,2041,0.07558934575465129
RE1,AN_DEMINDELCMPW_MID,2042,0.07284886220272523
RE1,AN_DEMINDELCMPW_MID,2043,0.06967991829850062
RE1,AN_DEMINDELCMPW_MID,2044,0.06608179193406843
RE1,AN_DEMINDELCMPW_MID,2045,0.06203820743554456
RE1,AN_DEMINDELCMPW_MID,2046,0.05757557411758719
RE1,AN_DEMINDELCMPW_MID,2047,0.0527521853920034
RE1,AN_DEMINDELCMPW_MID,2048,0.04763821010396568
RE1,AN_DEMINDELCMPW_MID,2049,0.04232719361001963
RE1,AN_DEMINDELCMPW_MID,2050,0.03693488451892667
RE1,AN_DEMINDELCMPW_MID,2051,0.03158903617702668
RE1,AN_DEMINDELCMPW_MID,2052,0.02642322209956603
RE1,AN_DEMINDELCMPW_MID,2053,0.02156644116835236
RE1,AN_DEMINDELCMPW_MID,2054,0.01713436355291701
RE1,AN_DEMINDELCMPW_MID,2055,0.0
RE1,AN_DEMINDELCOTH_LOW,2022,0.03954041819490377
RE1,AN_DEMINDELCOTH_LOW,2023,0.03578083897655109
RE1,AN_DEMINDELCOTH_LOW,2024,0.03449065022423339
RE1,AN_DEMINDELCOTH_LOW,2025,0.02520757071140585
RE1,AN_DEMINDELCOTH_LOW,2026,0.01283881941479072
RE1,AN_DEMINDELCOTH_LOW,2027,0.002891348265269074
RE1,AN_DEMINDELCOTH_LOW,2028,0.0001604751712820437
RE1,AN_DEMINDELCOTH_LOW,2029,9.705765018214962e-07
RE1,AN_DEMINDELCOTH_LOW,2030,2.158332434426175e-10
RE1,AN_DEMINDELCOTH_LOW,2031,4.386901251271437e-16
RE1,AN_DEMINDELCOTH_LOW,2032,1.433976969193045e-24
RE1,AN_DEMINDELCOTH_LOW,2033,9.027465491741409e-37
RE1,AN_DEMINDELCOTH_LOW,2034,8.635639010900866e-54
RE1,AN_DEMINDELCOTH_LOW,2035,6.210384483032285e-77
RE1,AN_DEMINDELCOTH_LOW,2036,1.00637022653368e-107
RE1,AN_DEMINDELCOTH_LOW,2037,6.469802835652554e-148
RE1,AN_DEMINDELCOTH_LOW,2038,1.629621537588708e-199
RE1,AN_DEMINDELCOTH_LOW,2039,8.591332626194248e-265
RE1,AN_DEMINDELCOTH_LOW,2040,0.0
RE1,AN_DEMINDELCOTH_LOW,2041,0.0
RE1,AN_DEMINDELCOTH_LOW,2042,0.0
RE1,AN_DEMINDELCOTH_LOW,2043,0.0
RE1,AN_DEMINDELCOTH_LOW,2044,0.0
RE1,AN_DEMINDELCOTH_LOW,2045,0.0
RE1,AN_DEMINDELCOTH_LOW,2046,0.0
RE1,AN_DEMINDELCOTH_LOW,2047,0.0
RE1,AN_DEMINDELCOTH_LOW,2048,0.0
RE1,AN_DEMINDELCOTH_LOW,2049,0.0
RE1,AN_DEMINDELCOTH_LOW,2050,0.0
RE1,AN_DEMINDELCOTH_LOW,2051,0.0
RE1,AN_DEMINDELCOTH_LOW,2052,0.0
RE1,AN_DEMINDELCOTH_LOW,2053,0.0
RE1,AN_DEMINDELCOTH_LOW,2054,0.0
RE1,AN_DEMINDELCOTH_LOW,2055,0.0
RE1,AN_DEMINDELCOTH_MID,2022,0.000272470996113601
RE1,AN_DEMINDELCOTH_MID,2023,0.0003378822424142233
RE1,AN_DEMINDELCOTH_MID,2024,0.0007805497843586281
RE1,AN_DEMINDELCOTH_MID,2025,0.000570466597616312
RE1,AN_DEMINDELCOTH_MID,2026,0.0002905522992603136
RE1,AN_DEMINDELCOTH_MID,2027,6.543342181980078e-05
RE1,AN_DEMINDELCOTH_MID,2028,3.631675817207566e-06
RE1,AN_DEMINDELCOTH_MID,2029,2.196488828929172e-08
RE1,AN_DEMINDELCOTH_MID,2030,4.884471314147363e-12
RE1,AN_DEMINDELCOTH_MID,2031,9.927892931623106e-18
RE1,AN_DEMINDELCOTH_MID,2032,3.245199515816747e-26
RE1,AN_DEMINDELCOTH_MID,2033,2.042984460157514e-38
RE1,AN_DEMINDELCOTH_MID,2034,1.954311131838757e-55
RE1,AN_DEMINDELCOTH_MID,2035,1.405457489928421e-78
RE1,AN_DEMINDELCOTH_MID,2036,2.277492764557664e-109
RE1,AN_DEMINDELCOTH_MID,2037,1.464165846506214e-149
RE1,AN_DEMINDELCOTH_MID,2038,3.687958132077556e-201
RE1,AN_DEMINDELCOTH_MID,2039,1.944284258235731e-266
RE1,AN_DEMINDELCOTH_MID,2040,0.0
RE1,AN_DEMINDELCOTH_MID,2041,0.0
RE1,AN_DEMINDELCOTH_MID,2042,0.0
RE1,AN_DEMINDELCOTH_MID,2043,0.0
RE1,AN_DEMINDELCOTH_MID,2044,0.0
RE1,AN_DEMINDELCOTH_MID,2045,0.0
RE1,AN_DEMINDELCOTH_MID,2046,0.0
RE1,AN_DEMINDELCOTH_MID,2047,0.0
RE1,AN_DEMINDELCOTH_MID,2048,0.0
RE1,AN_DEMINDELCOTH_MID,2049,0.0
RE1,AN_DEMINDELCOTH_MID,2050,0.0
RE1,AN_DEMINDELCOTH_MID,2051,0.0
RE1,AN_DEMINDELCOTH_MID,2052,0.0
RE1,AN_DEMINDELCOTH_MID,2053,0.0
RE1,AN_DEMINDELCOTH_MID,2054,0.0
RE1,AN_DEMINDELCOTH_MID,2055,0.0
RE1,AN_DEMINDELCREF_LOW,2022,0.2118023717996896
RE1,AN_DEMINDELCREF_LOW,2023,0.2150178096074526
RE1,AN_DEMINDELCREF_LOW,2024,0.2086913287419903
RE1,AN_DEMINDELCREF_LOW,2025,0.21061283900768
RE1,AN_DEMINDELCREF_LOW,2026,0.210182468897617
RE1,AN_DEMINDELCREF_LOW,2027,0.209487389919317
RE1,AN_DEMINDELCREF_LOW,2028,0.2086301948261653
RE1,AN_DEMINDELCREF_LOW,2029,0.2074421624553484
RE1,AN_DEMINDELCREF_LOW,2030,0.205489136070163
RE1,AN_DEMINDELCREF_LOW,2031,0.2025564864711225
RE1,AN_DEMINDELCREF_LOW,2032,0.1983547093430089
RE1,AN_DEMINDELCREF_LOW,2033,0.1925202493512722
RE1,AN_DEMINDELCREF_LOW,2034,0.1853344911226321
RE1,AN_DEMINDELCREF_LOW,2035,0.1761384227360766
RE1,AN_DEMINDELCREF_LOW,2036,0.164227439793156
RE1,AN_DEMINDELCREF_LOW,2037,0.1499409121084868
RE1,AN_DEMINDELCREF_LOW,2038,0.1334480763956751
RE1,AN_DEMINDELCREF_LOW,2039,0.115177471917357
RE1,AN_DEMINDELCREF_LOW,2040,0.0958463306829122
RE1,AN_DEMINDELCREF_LOW,2041,0.0764102494747877
RE1,AN_DEMINDELCREF_LOW,2042,0.05793732686831486
RE1,AN_DEMINDELCREF_LOW,2043,0.04146061343678274
RE1,AN_DEMINDELCREF_LOW,2044,0.02776300506712221
RE1,AN_DEMINDELCREF_LOW,2045,0.01722584410463563
RE1,AN_DEMINDELCREF_LOW,2046,0.009801295089304425
RE1,AN_DEMINDELCREF_LOW,2047,0.00505774362705823
RE1,AN_DEMINDELCREF_LOW,2048,0.002338230245349088
RE1,AN_DEMINDELCREF_LOW,2049,0.0009557447879966073
RE1,AN_DEMINDELCREF_LOW,2050,0.0003405503621594883
RE1,AN_DEMINDELCREF_LOW,2051,0.0001041810536706086
RE1,AN_DEMINDELCREF_LOW,2052,2.692002244173627e-05
RE1,AN_DEMINDELCREF_LOW,2053,5.773686835619802e-06
RE1,AN_DEMINDELCREF_LOW,2054,1.008919122319183e-06
RE1,AN_DEMINDELCREF_LOW,2055,0.0
RE1,AN_DEMINDELCREF_MID,2022,0.00145951929337264
RE1,AN_DEMINDELCREF_MID,2023,0.00203043589103017
RE1,AN_DEMINDELCREF_MID,2024,0.004722844324130068
RE1,AN_DEMINDELCREF_MID,2025,0.004766329570530936
RE1,AN_DEMINDELCREF_MID,2026,0.004756589965901272
RE1,AN_DEMINDELCREF_MID,2027,0.004740859797200565
RE1,AN_DEMINDELCREF_MID,2028,0.004721460816875089
RE1,AN_DEMINDELCREF_MID,2029,0.004694574736014812
RE1,AN_DEMINDELCREF_MID,2030,0.004650376255734147
RE1,AN_DEMINDELCREF_MID,2031,0.004584008153154214
RE1,AN_DEMINDELCREF_MID,2032,0.004488918724281467
RE1,AN_DEMINDELCREF_MID,2033,0.004356880433939252
RE1,AN_DEMINDELCREF_MID,2034,0.004194261231362504
RE1,AN_DEMINDELCREF_MID,2035,0.003986147172931975
RE1,AN_DEMINDELCREF_MID,2036,0.003716592522406314
RE1,AN_DEMINDELCREF_MID,2037,0.003393277478155072
RE1,AN_DEMINDELCREF_MID,2038,0.003020031996396876
RE1,AN_DEMINDELCREF_MID,2039,0.002606554248284345
RE1,AN_DEMINDELCREF_MID,2040,0.002169075742548595
RE1,AN_DEMINDELCREF_MID,2041,0.001729222364976744
RE1,AN_DEMINDELCREF_MID,2042,0.001311166002941995
RE1,AN_DEMINDELCREF_MID,2043,0.0009382853807354252
RE1,AN_DEMINDELCREF_MID,2044,0.0006282980308403688
RE1,AN_DEMINDELCREF_MID,2045,0.0003898340220858375
RE1,AN_DEMINDELCREF_MID,2046,0.0002218108014390701
RE1,AN_DEMINDELCREF_MID,2047,0.0001144606051719999
RE1,AN_DEMINDELCREF_MID,2048,5.291593814330939e-05
RE1,AN_DEMINDELCREF_MID,2049,2.162923526586591e-05
RE1,AN_DEMINDELCREF_MID,2050,7.706915063029941e-06
RE1,AN_DEMINDELCREF_MID,2051,2.357696896062377e-06
RE1,AN_DEMINDELCREF_MID,2052,6.092206895265547e-07
RE1,AN_DEMINDELCREF_MID,2053,1.306629473552482e-07
RE1,AN_DEMINDELCREF_MID,2054,2.283261110595773e-08
RE1,AN_DEMINDELCREF_MID,2055,0.0
RE1,AN_DEMINDLPGBOI_LOW,2022,0.08184697150312578
RE1,AN_DEMINDLPGBOI_LOW,2023,0.08529604980749597
RE1,AN_DEMINDLPGBOI_LOW,2024,0.08478002102473155
RE1,AN_DEMINDLPGBOI_LOW,2025,0.08520815376586152
RE1,AN_DEMINDLPGBOI_LOW,2026,0.08515688034726614
RE1,AN_DEMINDLPGBOI_LOW,2027,0.08505336577859204
RE1,AN_DEMINDLPGBOI_LOW,2028,0.08494958429648869
RE1,AN_DEMINDLPGBOI_LOW,2029,0.08485391652000673
RE1,AN_DEMINDLPGBOI_LOW,2030,0.08470156809740897
RE1,AN_DEMINDLPGBOI_LOW,2031,0.0845082826511992
RE1,AN_DEMINDLPGBOI_LOW,2032,0.08416380507273537
RE1,AN_DEMINDLPGBOI_LOW,2033,0.0836998804977553
RE1,AN_DEMINDLPGBOI_LOW,2034,0.08331182996820373
RE1,AN_DEMINDLPGBOI_LOW,2035,0.08285177734588312
RE1,AN_DEMINDLPGBOI_LOW,2036,0.08205778197727816
RE1,AN_DEMINDLPGBOI_LOW,2037,0.08105107071613818
RE1,AN_DEMINDLPGBOI_LOW,2038,0.079793739488934
RE1,AN_DEMINDLPGBOI_LOW,2039,0.07824194264649831
RE1,AN_DEMINDLPGBOI_LOW,2040,0.07635400493470813
RE1,AN_DEMINDLPGBOI_LOW,2041,0.07409312948774209
RE1,AN_DEMINDLPGBOI_LOW,2042,0.0714197088344724
RE1,AN_DEMINDLPGBOI_LOW,2043,0.06832642942853
RE1,AN_DEMINDLPGBOI_LOW,2044,0.06480824592267624
RE1,AN_DEMINDLPGBOI_LOW,2045,0.06085153772009867
RE1,AN_DEMINDLPGBOI_LOW,2046,0.05648197324091599
RE1,AN_DEMINDLPGBOI_LOW,2047,0.05175694569699074
RE1,AN_DEMINDLPGBOI_LOW,2048,0.04674530276583602
RE1,AN_DEMINDLPGBOI_LOW,2049,0.04153880245658291
RE1,AN_DEMINDLPGBOI_LOW,2050,0.03625144743048567
RE1,AN_DEMINDLPGBOI_LOW,2051,0.0310084341258775
RE1,AN_DEMINDLPGBOI_LOW,2052,0.0259408265232269
RE1,AN_DEMINDLPGBOI_LOW,2053,0.02117541270331559
RE1,AN_DEMINDLPGBOI_LOW,2054,0.01682563790398167
RE1,AN_DEMINDLPGBOI_LOW,2055,0.0
RE1,AN_DEMINDLPGBOI_MID,2022,0.0005640032875831463
RE1,AN_DEMINDLPGBOI_MID,2023,0.0008054596091757142
RE1,AN_DEMINDLPGBOI_MID,2024,0.001918636694250521
RE1,AN_DEMINDLPGBOI_MID,2025,0.001928325665510652
RE1,AN_DEMINDLPGBOI_MID,2026,0.00192716530884681
RE1,AN_DEMINDLPGBOI_MID,2027,0.001924822695015779
RE1,AN_DEMINDLPGBOI_MID,2028,0.001922474040729776
RE1,AN_DEMINDLPGBOI_MID,2029,0.001920309005805309
RE1,AN_DEMINDLPGBOI_MID,2030,0.001916861244524121
RE1,AN_DEMINDLPGBOI_MID,2031,0.001912487047100244
RE1,AN_DEMINDLPGBOI_MID,2032,0.0019046912561297
RE1,AN_DEMINDLPGBOI_MID,2033,0.001894192288304937
RE1,AN_DEMINDLPGBOI_MID,2034,0.001885410408137629
RE1,AN_DEMINDLPGBOI_MID,2035,0.001874999065561847
RE1,AN_DEMINDLPGBOI_MID,2036,0.001857030343322133
RE1,AN_DEMINDLPGBOI_MID,2037,0.001834247697802678
RE1,AN_DEMINDLPGBOI_MID,2038,0.001805793330840005
RE1,AN_DEMINDLPGBOI_MID,2039,0.001770674981871317
RE1,AN_DEMINDLPGBOI_MID,2040,0.001727949508033048
RE1,AN_DEMINDLPGBOI_MID,2041,0.001676784168118663
RE1,AN_DEMINDLPGBOI_MID,2042,0.001616282614774697
RE1,AN_DEMINDLPGBOI_MID,2043,0.001546279336855253
RE1,AN_DEMINDLPGBOI_MID,2044,0.001466660154294909
RE1,AN_DEMINDLPGBOI_MID,2045,0.001377116822574186
RE1,AN_DEMINDLPGBOI_MID,2046,0.001278230237665131
RE1,AN_DEMINDLPGBOI_MID,2047,0.001171299251832103
RE1,AN_DEMINDLPGBOI_MID,2048,0.00105788194065463
RE1,AN_DEMINDLPGBOI_MID,2049,0.0009400548580328218
RE1,AN_DEMINDLPGBOI_MID,2050,0.0008203979713514564
RE1,AN_DEMINDLPGBOI_MID,2051,0.0007017445717287968
RE1,AN_DEMINDLPGBOI_MID,2052,0.0005870607372476515
RE1,AN_DEMINDLPGBOI_MID,2053,0.0004792157791117811
RE1,AN_DEMINDLPGBOI_MID,2054,0.0003807770497878794
RE1,AN_DEMINDLPGBOI_MID,2055,0.0
RE1,AN_DEMINDLPGFUR_LOW,2022,0.4925126375214814
RE1,AN_DEMINDLPGFUR_LOW,2023,0.4868247860621081
RE1,AN_DEMINDLPGFUR_LOW,2024,0.4842990870126915
RE1,AN_DEMINDLPGFUR_LOW,2025,0.4740079320319223
RE1,AN_DEMINDLPGFUR_LOW,2026,0.4738059154151916
RE1,AN_DEMINDLPGFUR_LOW,2027,0.4734106437929357
RE1,AN_DEMINDLPGFUR_LOW,2028,0.4730607925269191
RE1,AN_DEMINDLPGFUR_LOW,2029,0.4727396482656021
RE1,AN_DEMINDLPGFUR_LOW,2030,0.4723108054884984
RE1,AN_DEMINDLPGFUR_LOW,2031,0.472554420626818
RE1,AN_DEMINDLPGFUR_LOW,2032,0.4715663568240514
RE1,AN_DEMINDLPGFUR_LOW,2033,0.4700826202954583
RE1,AN_DEMINDLPGFUR_LOW,2034,0.4692665917176232
RE1,AN_DEMINDLPGFUR_LOW,2035,0.4684068623639958
RE1,AN_DEMINDLPGFUR_LOW,2036,0.4663063810891549
RE1,AN_DEMINDLPGFUR_LOW,2037,0.4636431005619714
RE1,AN_DEMINDLPGFUR_LOW,2038,0.460314495121401
RE1,AN_DEMINDLPGFUR_LOW,2039,0.4561768457912023
RE1,AN_DEMINDLPGFUR_LOW,2040,0.4510884648722843
RE1,AN_DEMINDLPGFUR_LOW,2041,0.444907886028466
RE1,AN_DEMINDLPGFUR_LOW,2042,0.4373962806743864
RE1,AN_DEMINDLPGFUR_LOW,2043,0.4285335590106002
RE1,AN_DEMINDLPGFUR_LOW,2044,0.4182224186129764
RE1,AN_DEMINDLPGFUR_LOW,2045,0.4062421585216436
RE1,AN_DEMINDLPGFUR_LOW,2046,0.3924840424289495
RE1,AN_DEMINDLPGFUR_LOW,2047,0.3769463222091426
RE1,AN_DEMINDLPGFUR_LOW,2048,0.3596081394617796
RE1,AN_DEMINDLPGFUR_LOW,2049,0.3404990529722977
RE1,AN_DEMINDLPGFUR_LOW,2050,0.3197220178356375
RE1,AN_DEMINDLPGFUR_LOW,2051,0.2974366289154333
RE1,AN_DEMINDLPGFUR_LOW,2052,0.2738725600990576
RE1,AN_DEMINDLPGFUR_LOW,2053,0.249328448050975
RE1,AN_DEMINDLPGFUR_LOW,2054,0.2241723082318255
RE1,AN_DEMINDLPGFUR_LOW,2055,0.0
RE1,AN_DEMINDLPGFUR_MID,2022,0.00339387935359042
RE1,AN_DEMINDLPGFUR_MID,2023,0.004597137883918468
RE1,AN_DEMINDLPGFUR_MID,2024,0.01096005860936879
RE1,AN_DEMINDLPGFUR_MID,2025,0.0107271619040641
RE1,AN_DEMINDLPGFUR_MID,2026,0.01072259011357593
RE1,AN_DEMINDLPGFUR_MID,2027,0.01071364481455984
RE1,AN_DEMINDLPGFUR_MID,2028,0.01070572741293153
RE1,AN_DEMINDLPGFUR_MID,2029,0.01069845967276748
RE1,AN_DEMINDLPGFUR_MID,2030,0.0106887546328504
RE1,AN_DEMINDLPGFUR_MID,2031,0.01069426782968623
RE1,AN_DEMINDLPGFUR_MID,2032,0.01067190719040665
RE1,AN_DEMINDLPGFUR_MID,2033,0.01063832909837565
RE1,AN_DEMINDLPGFUR_MID,2034,0.0106198617477656
RE1,AN_DEMINDLPGFUR_MID,2035,0.01060040541518799
RE1,AN_DEMINDLPGFUR_MID,2036,0.01055286991801797
RE1,AN_DEMINDLPGFUR_MID,2037,0.01049259784347995
RE1,AN_DEMINDLPGFUR_MID,2038,0.01041726895747864
RE1,AN_DEMINDLPGFUR_MID,2039,0.01032363078970154
RE1,AN_DEMINDLPGFUR_MID,2040,0.01020847683919105
RE1,AN_DEMINDLPGFUR_MID,2041,0.01006860561460149
RE1,AN_DEMINDLPGFUR_MID,2042,0.009898612242450023
RE1,AN_DEMINDLPGFUR_MID,2043,0.009698042075215588
RE1,AN_DEMINDLPGFUR_MID,2044,0.00946469308464765
RE1,AN_DEMINDLPGFUR_MID,2045,0.009193570639287666
RE1,AN_DEMINDLPGFUR_MID,2046,0.008882213953359249
RE1,AN_DEMINDLPGFUR_MID,2047,0.008530583465440129
RE1,AN_DEMINDLPGFUR_MID,2048,0.008138207133980998
RE1,AN_DEMINDLPGFUR_MID,2049,0.007705753896895441
RE1,AN_DEMINDLPGFUR_MID,2050,0.007235553706696143
RE1,AN_DEMINDLPGFUR_MID,2051,0.006731218317165227
RE1,AN_DEMINDLPGFUR_MID,2052,0.006197945423970799
RE1,AN_DEMINDLPGFUR_MID,2053,0.005642493403152
RE1,AN_DEMINDLPGFUR_MID,2054,0.005073190725948879
RE1,AN_DEMINDLPGFUR_MID,2055,0.0
RE1,AN_DEMINDNGSBOI_LOW,2022,3.337722711486114
RE1,AN_DEMINDNGSBOI_LOW,2023,2.661549396317552
RE1,AN_DEMINDNGSBOI_LOW,2024,2.667803127591627
RE1,AN_DEMINDNGSBOI_LOW,2025,2.709825689823714
RE1,AN_DEMINDNGSBOI_LOW,2026,2.70834557477838
RE1,AN_DEMINDNGSBOI_LOW,2027,2.704667769155544
RE1,AN_DEMINDNGSBOI_LOW,2028,2.701207686627801
RE1,AN_DEMINDNGSBOI_LOW,2029,2.697524576718883
RE1,AN_DEMINDNGSBOI_LOW,2030,2.692001353804392
RE1,AN_DEMINDNGSBOI_LOW,2031,2.686660969492478
RE1,AN_DEMINDNGSBOI_LOW,2032,2.67727675765486
RE1,AN_DEMINDNGSBOI_LOW,2033,2.664817357671318
RE1,AN_DEMINDNGSBOI_LOW,2034,2.655324865165659
RE1,AN_DEMINDNGSBOI_LOW,2035,2.64202809522004
RE1,AN_DEMINDNGSBOI_LOW,2036,2.617195162856331
RE1,AN_DEMINDNGSBOI_LOW,2037,2.585598168499243
RE1,AN_DEMINDNGSBOI_LOW,2038,2.546079868597598
RE1,AN_DEMINDNGSBOI_LOW,2039,2.49721505302209
RE1,AN_DEMINDNGSBOI_LOW,2040,2.437715467219834
RE1,AN_DEMINDNGSBOI_LOW,2041,2.366405612257316
RE1,AN_DEMINDNGSBOI_LOW,2042,2.281882902960362
RE1,AN_DEMINDNGSBOI_LOW,2043,2.183850833153733
RE1,AN_DEMINDNGSBOI_LOW,2044,2.072075651680421
RE1,AN_DEMINDNGSBOI_LOW,2045,1.946085792303952
RE1,AN_DEMINDNGSBOI_LOW,2046,1.806785851319657
RE1,AN_DEMINDNGSBOI_LOW,2047,1.656057713276566
RE1,AN_DEMINDNGSBOI_LOW,2048,1.496082833739828
RE1,AN_DEMINDNGSBOI_LOW,2049,1.329782457227912
RE1,AN_DEMINDNGSBOI_LOW,2050,1.160813048055399
RE1,AN_DEMINDNGSBOI_LOW,2051,0.9931762658820517
RE1,AN_DEMINDNGSBOI_LOW,2052,0.8310680616742997
RE1,AN_DEMINDNGSBOI_LOW,2053,0.6785574932917344
RE1,AN_DEMINDNGSBOI_LOW,2054,0.5392904334009104
RE1,AN_DEMINDNGSBOI_LOW,2055,0.0
RE1,AN_DEMINDNGSBOI_MID,2022,0.02300007621231542
RE1,AN_DEMINDNGSBOI_MID,2023,0.02513329212077293
RE1,AN_DEMINDNGSBOI_MID,2024,0.06037442444299989
RE1,AN_DEMINDNGSBOI_MID,2025,0.06132542715461036
RE1,AN_DEMINDNGSBOI_MID,2026,0.06129193101951434
RE1,AN_DEMINDNGSBOI_MID,2027,0.06120869946640777
RE1,AN_DEMINDNGSBOI_MID,2028,0.06113039515340309
RE1,AN_DEMINDNGSBOI_MID,2029,0.06104704356024714
RE1,AN_DEMINDNGSBOI_MID,2030,0.06092204880291893
RE1,AN_DEMINDNGSBOI_MID,2031,0.06080119182295599
RE1,AN_DEMINDNGSBOI_MID,2032,0.06058881993438317
RE1,AN_DEMINDNGSBOI_MID,2033,0.06030685418693661
RE1,AN_DEMINDNGSBOI_MID,2034,0.06009203182406008
RE1,AN_DEMINDNGSBOI_MID,2035,0.0597911157541616
RE1,AN_DEMINDNGSBOI_MID,2036,0.05922912750878297
RE1,AN_DEMINDNGSBOI_MID,2037,0.05851406336903888
RE1,AN_DEMINDNGSBOI_MID,2038,0.05761973402859705
RE1,AN_DEMINDNGSBOI_MID,2039,0.0565138858925886
RE1,AN_DEMINDNGSBOI_MID,2040,0.05516736477554836
RE1,AN_DEMINDNGSBOI_MID,2041,0.05355356823788473
RE1,AN_DEMINDNGSBOI_MID,2042,0.05164075470476111
RE1,AN_DEMINDNGSBOI_MID,2043,0.04942221401473866
RE1,AN_DEMINDNGSBOI_MID,2044,0.04689265620042001
RE1,AN_DEMINDNGSBOI_MID,2045,0.04404140935733842
RE1,AN_DEMINDNGSBOI_MID,2046,0.04088894519126521
RE1,AN_DEMINDNGSBOI_MID,2047,0.03747785218833745
RE1,AN_DEMINDNGSBOI_MID,2048,0.03385749835582356
RE1,AN_DEMINDNGSBOI_MID,2049,0.03009399369061053
RE1,AN_DEMINDNGSBOI_MID,2050,0.02627008677568247
RE1,AN_DEMINDNGSBOI_MID,2051,0.02247633822860391
RE1,AN_DEMINDNGSBOI_MID,2052,0.01880770562775424
RE1,AN_DEMINDNGSBOI_MID,2053,0.01535627486348923
RE1,AN_DEMINDNGSBOI_MID,2054,0.01220455482170046
RE1,AN_DEMINDNGSBOI_MID,2055,0.0
RE1,AN_DEMINDNGSFUR_LOW,2022,1.074917377264969
RE1,AN_DEMINDNGSFUR_LOW,2023,0.9304920147389797
RE1,AN_DEMINDNGSFUR_LOW,2024,0.9458920304460117
RE1,AN_DEMINDNGSFUR_LOW,2025,0.9703469383758585
RE1,AN_DEMINDNGSFUR_LOW,2026,0.969499293030023
RE1,AN_DEMINDNGSFUR_LOW,2027,0.9680669901967186
RE1,AN_DEMINDNGSFUR_LOW,2028,0.966865950832407
RE1,AN_DEMINDNGSFUR_LOW,2029,0.9658087328194878
RE1,AN_DEMINDNGSFUR_LOW,2030,0.9643697027218409
RE1,AN_DEMINDNGSFUR_LOW,2031,0.9638703004409117
RE1,AN_DEMINDNGSFUR_LOW,2032,0.9614572701538021
RE1,AN_DEMINDNGSFUR_LOW,2033,0.9581548828999559
RE1,AN_DEMINDNGSFUR_LOW,2034,0.9567538968199629
RE1,AN_DEMINDNGSFUR_LOW,2035,0.9552197564084217
RE1,AN_DEMINDNGSFUR_LOW,2036,0.9506896165948703
RE1,AN_DEMINDNGSFUR_LOW,2037,0.9450515569963449
RE1,AN_DEMINDNGSFUR_LOW,2038,0.9380973579713472
RE1,AN_DEMINDNGSFUR_LOW,2039,0.9295167460842209
RE1,AN_DEMINDNGSFUR_LOW,2040,0.9190212605324212
RE1,AN_DEMINDNGSFUR_LOW,2041,0.9063274656251329
RE1,AN_DEMINDNGSFUR_LOW,2042,0.8909550010042856
RE1,AN_DEMINDNGSFUR_LOW,2043,0.8728451222811465
RE1,AN_DEMINDNGSFUR_LOW,2044,0.8518018624779983
RE1,AN_DEMINDNGSFUR_LOW,2045,0.8273128744380873
RE1,AN_DEMINDNGSFUR_LOW,2046,0.799186899114405
RE1,AN_DEMINDNGSFUR_LOW,2047,0.7674565852941404
RE1,AN_DEMINDNGSFUR_LOW,2048,0.73206849577559
RE1,AN_DEMINDNGSFUR_LOW,2049,0.6930774657739698
RE1,AN_DEMINDNGSFUR_LOW,2050,0.6507081962510024
RE1,AN_DEMINDNGSFUR_LOW,2051,0.6052845544668143
RE1,AN_DEMINDNGSFUR_LOW,2052,0.5572728294571181
RE1,AN_DEMINDNGSFUR_LOW,2053,0.5072750832017475
RE1,AN_DEMINDNGSFUR_LOW,2054,0.4560439335412549
RE1,AN_DEMINDNGSFUR_LOW,2055,0.0
RE1,AN_DEMINDNGSFUR_MID,2022,0.007407200578393328
RE1,AN_DEMINDNGSFUR_MID,2023,0.008786734394198366
RE1,AN_DEMINDNGSFUR_MID,2024,0.02140625982958224
RE1,AN_DEMINDNGSFUR_MID,2025,0.02195969309300447
RE1,AN_DEMINDNGSFUR_MID,2026,0.02194051023076201
RE1,AN_DEMINDNGSFUR_MID,2027,0.02190809612257896
RE1,AN_DEMINDNGSFUR_MID,2028,0.02188091568351142
RE1,AN_DEMINDNGSFUR_MID,2029,0.02185699003158433
RE1,AN_DEMINDNGSFUR_MID,2030,0.0218244236802659
RE1,AN_DEMINDNGSFUR_MID,2031,0.02181312182483106
RE1,AN_DEMINDNGSFUR_MID,2032,0.02175851310455443
RE1,AN_DEMINDNGSFUR_MID,2033,0.02168377755616377
RE1,AN_DEMINDNGSFUR_MID,2034,0.02165207217005134
RE1,AN_DEMINDNGSFUR_MID,2035,0.021617353399613
RE1,AN_DEMINDNGSFUR_MID,2036,0.02151483287211951
RE1,AN_DEMINDNGSFUR_MID,2037,0.02138723927283335
RE1,AN_DEMINDNGSFUR_MID,2038,0.02122986043207333
RE1,AN_DEMINDNGSFUR_MID,2039,0.0210356746247714
RE1,AN_DEMINDNGSFUR_MID,2040,0.02079815376242359
RE1,AN_DEMINDNGSFUR_MID,2041,0.02051088347864638
RE1,AN_DEMINDNGSFUR_MID,2042,0.02016299285127767
RE1,AN_DEMINDNGSFUR_MID,2043,0.01975315244988753
RE1,AN_DEMINDNGSFUR_MID,2044,0.01927692739194386
RE1,AN_DEMINDNGSFUR_MID,2045,0.01872272286957498
RE1,AN_DEMINDNGSFUR_MID,2046,0.01808621054432018
RE1,AN_DEMINDNGSFUR_MID,2047,0.01736812928319518
RE1,AN_DEMINDNGSFUR_MID,2048,0.01656726976147005
RE1,AN_DEMINDNGSFUR_MID,2049,0.01568487294198933
RE1,AN_DEMINDNGSFUR_MID,2050,0.01472602397931165
RE1,AN_DEMINDNGSFUR_MID,2051,0.01369805223714599
RE1,AN_DEMINDNGSFUR_MID,2052,0.01261151019287123
RE1,AN_DEMINDNGSFUR_MID,2053,0.01148002296939677
RE1,AN_DEMINDNGSFUR_MID,2054,0.01032062288386733
RE1,AN_DEMINDNGSFUR_MID,2055,0.0
RE1,AN_DEMINDWASBOI_LOW,2022,0.05629647902786724
RE1,AN_DEMINDWASBOI_LOW,2023,0.05879679464426138
RE1,AN_DEMINDWASBOI_LOW,2024,0.0560484093181668
RE1,AN_DEMINDWASBOI_LOW,2025,0.05790388399096882
RE1,AN_DEMINDWASBOI_LOW,2026,0.05768546190258123
RE1,AN_DEMINDWASBOI_LOW,2027,0.05740983257028962
RE1,AN_DEMINDWASBOI_LOW,2028,0.05713331583936545
RE1,AN_DEMINDWASBOI_LOW,2029,0.0568024339614579
RE1,AN_DEMINDWASBOI_LOW,2030,0.05623031415259391
RE1,AN_DEMINDWASBOI_LOW,2031,0.05531625407729324
RE1,AN_DEMINDWASBOI_LOW,2032,0.05409159238734072
RE1,AN_DEMINDWASBOI_LOW,2033,0.05238056871213485
RE1,AN_DEMINDWASBOI_LOW,2034,0.0503541119356894
RE1,AN_DEMINDWASBOI_LOW,2035,0.04782905286443438
RE1,AN_DEMINDWASBOI_LOW,2036,0.04456334197052687
RE1,AN_DEMINDWASBOI_LOW,2037,0.04066416597342922
RE1,AN_DEMINDWASBOI_LOW,2038,0.03617343657973669
RE1,AN_DEMINDWASBOI_LOW,2039,0.03120482775040077
RE1,AN_DEMINDWASBOI_LOW,2040,0.02595233921518101
RE1,AN_DEMINDWASBOI_LOW,2041,0.02067637400422739
RE1,AN_DEMINDWASBOI_LOW,2042,0.01566798903842955
RE1,AN_DEMINDWASBOI_LOW,2043,0.01120520365181209
RE1,AN_DEMINDWASBOI_LOW,2044,0.007499399719487469
RE1,AN_DEMINDWASBOI_LOW,2045,0.004650664546805018
RE1,AN_DEMINDWASBOI_LOW,2046,0.002644811960808675
RE1,AN_DEMINDWASBOI_LOW,2047,0.001364120481012638
RE1,AN_DEMINDWASBOI_LOW,2048,0.0006303327956393713
RE1,AN_DEMINDWASBOI_LOW,2049,0.0002575202756732511
RE1,AN_DEMINDWASBOI_LOW,2050,9.171447479079716e-05
RE1,AN_DEMINDWASBOI_LOW,2051,2.804372590857669e-05
RE1,AN_DEMINDWASBOI_LOW,2052,7.243010063185222e-06
RE1,AN_DEMINDWASBOI_LOW,2053,1.55272180069617e-06
RE1,AN_DEMINDWASBOI_LOW,2054,2.712102362257309e-07
RE1,AN_DEMINDWASBOI_LOW,2055,0.0
RE1,AN_DEMINDWASBOI_MID,2022,0.0003879361528955311
RE1,AN_DEMINDWASBOI_MID,2023,0.0005552243432355243
RE1,AN_DEMINDWASBOI_MID,2024,0.001268418354612553
RE1,AN_DEMINDWASBOI_MID,2025,0.001310409165058943
RE1,AN_DEMINDWASBOI_MID,2026,0.001305466106204393
RE1,AN_DEMINDWASBOI_MID,2027,0.001299228403682568
RE1,AN_DEMINDWASBOI_MID,2028,0.001292970618651227
RE1,AN_DEMINDWASBOI_MID,2029,0.001285482508778844
RE1,AN_DEMINDWASBOI_MID,2030,0.001272535000090756
RE1,AN_DEMINDWASBOI_MID,2031,0.001251849121743197
RE1,AN_DEMINDWASBOI_MID,2032,0.00122413409138598
RE1,AN_DEMINDWASBOI_MID,2033,0.001185412317455023
RE1,AN_DEMINDWASBOI_MID,2034,0.001139552051279026
RE1,AN_DEMINDWASBOI_MID,2035,0.001082408033965717
RE1,AN_DEMINDWASBOI_MID,2036,0.001008502499641341
RE1,AN_DEMINDWASBOI_MID,2037,0.0009202611657168057
RE1,AN_DEMINDWASBOI_MID,2038,0.0008186325261559067
RE1,AN_DEMINDWASBOI_MID,2039,0.0007061891096042628
RE1,AN_DEMINDWASBOI_MID,2040,0.0005873212782685879
RE1,AN_DEMINDWASBOI_MID,2041,0.0004679221518119912
RE1,AN_DEMINDWASBOI_MID,2042,0.0003545785708814177
RE1,AN_DEMINDWASBOI_MID,2043,0.0002535823255651839
RE1,AN_DEMINDWASBOI_MID,2044,0.0001697171493088372
RE1,AN_DEMINDWASBOI_MID,2045,0.0001052480943540593
RE1,AN_DEMINDWASBOI_MID,2046,5.985411676083344e-05
RE1,AN_DEMINDWASBOI_MID,2047,3.087108942195273e-05
RE1,AN_DEMINDWASBOI_MID,2048,1.426491308548294e-05
RE1,AN_DEMINDWASBOI_MID,2049,5.827880725295851e-06
RE1,AN_DEMINDWASBOI_MID,2050,2.075568684704688e-06
RE1,AN_DEMINDWASBOI_MID,2051,6.346509581072572e-07
RE1,AN_DEMINDWASBOI_MID,2052,1.639148553643209e-07
RE1,AN_DEMINDWASBOI_MID,2053,3.513928148129814e-08
RE1,AN_DEMINDWASBOI_MID,2054,6.137694999240972e-09
RE1,AN_DEMINDWASBOI_MID,2055,0.0
RE1,AN_DEMINDWASFUR_LOW,2022,0.03295246466588408
RE1,AN_DEMINDWASFUR_LOW,2023,0.03159402203670976
RE1,AN_DEMINDWASFUR_LOW,2024,0.02892812177212029
RE1,AN_DEMINDWASFUR_LOW,2025,0.03424714760573681
RE1,AN_DEMINDWASFUR_LOW,2026,0.03411909692528695
RE1,AN_DEMINDWASFUR_LOW,2027,0.03398483288558324
RE1,AN_DEMINDWASFUR_LOW,2028,0.03388535104453456
RE1,AN_DEMINDWASFUR_LOW,2029,0.03381071807260597
RE1,AN_DEMINDWASFUR_LOW,2030,0.03369530271984467
RE1,AN_DEMINDWASFUR_LOW,2031,0.03354623990163777
RE1,AN_DEMINDWASFUR_LOW,2032,0.03334442781106597
RE1,AN_DEMINDWASFUR_LOW,2033,0.03306070172705059
RE1,AN_DEMINDWASFUR_LOW,2034,0.03283895284249234
RE1,AN_DEMINDWASFUR_LOW,2035,0.03261371157389953
RE1,AN_DEMINDWASFUR_LOW,2036,0.03225606108442258
RE1,AN_DEMINDWASFUR_LOW,2037,0.03182242028569482
RE1,AN_DEMINDWASFUR_LOW,2038,0.03129475513154707
RE1,AN_DEMINDWASFUR_LOW,2039,0.03065294697744748
RE1,AN_DEMINDWASFUR_LOW,2040,0.02987965920781186
RE1,AN_DEMINDWASFUR_LOW,2041,0.02896154129155704
RE1,AN_DEMINDWASFUR_LOW,2042,0.02788466782214823
RE1,AN_DEMINDWASFUR_LOW,2043,0.0266461299136546
RE1,AN_DEMINDWASFUR_LOW,2044,0.02524787182128757
RE1,AN_DEMINDWASFUR_LOW,2045,0.02368217340084912
RE1,AN_DEMINDWASFUR_LOW,2046,0.02195974715475116
RE1,AN_DEMINDWASFUR_LOW,2047,0.02010332574444915
RE1,AN_DEMINDWASFUR_LOW,2048,0.01813968244557155
RE1,AN_DEMINDWASFUR_LOW,2049,0.01610450191417589
RE1,AN_DEMINDWASFUR_LOW,2050,0.01404180799416382
RE1,AN_DEMINDWASFUR_LOW,2051,0.01200016661124385
RE1,AN_DEMINDWASFUR_LOW,2052,0.01003017117342868
RE1,AN_DEMINDWASFUR_LOW,2053,0.008180433957652708
RE1,AN_DEMINDWASFUR_LOW,2054,0.006494600619703709
RE1,AN_DEMINDWASFUR_LOW,2055,0.0
RE1,AN_DEMINDWASFUR_MID,2022,0.000227073745847961
RE1,AN_DEMINDWASFUR_MID,2023,0.0002983456877476729
RE1,AN_DEMINDWASFUR_MID,2024,0.0006546655126630192
RE1,AN_DEMINDWASFUR_MID,2025,0.0007750391339324234
RE1,AN_DEMINDWASFUR_MID,2026,0.0007721412491328523
RE1,AN_DEMINDWASFUR_MID,2027,0.0007691027512629507
RE1,AN_DEMINDWASFUR_MID,2028,0.0007668514011412996
RE1,AN_DEMINDWASFUR_MID,2029,0.0007651623999260088
RE1,AN_DEMINDWASFUR_MID,2030,0.0007625504622523549
RE1,AN_DEMINDWASFUR_MID,2031,0.0007591770567105383
RE1,AN_DEMINDWASFUR_MID,2032,0.0007546098948057124
RE1,AN_DEMINDWASFUR_MID,2033,0.0007481889566020157
RE1,AN_DEMINDWASFUR_MID,2034,0.0007431706098066257
RE1,AN_DEMINDWASFUR_MID,2035,0.0007380732276904355
RE1,AN_DEMINDWASFUR_MID,2036,0.0007299793236723297
RE1,AN_DEMINDWASFUR_MID,2037,0.0007201657008575811
RE1,AN_DEMINDWASFUR_MID,2038,0.0007082242349934728
RE1,AN_DEMINDWASFUR_MID,2039,0.0006936996257725635
RE1,AN_DEMINDWASFUR_MID,2040,0.0006761995323294961
RE1,AN_DEMINDWASFUR_MID,2041,0.0006554218219387254
RE1,AN_DEMINDWASFUR_MID,2042,0.0006310513520037167
RE1,AN_DEMINDWASFUR_MID,2043,0.0006030222922118712
RE1,AN_DEMINDWASFUR_MID,2044,0.0005713786425450991
RE1,AN_DEMINDWASFUR_MID,2045,0.0005359456902377749
RE1,AN_DEMINDWASFUR_MID,2046,0.0004969658674097089
RE1,AN_DEMINDWASFUR_MID,2047,0.0004549536315698673
RE1,AN_DEMINDWASFUR_MID,2048,0.0004105148824151972
RE1,AN_DEMINDWASFUR_MID,2049,0.0003644571909949402
RE1,AN_DEMINDWASFUR_MID,2050,0.0003177768505549664
RE1,AN_DEMINDWASFUR_MID,2051,0.0002715729451250781
RE1,AN_DEMINDWASFUR_MID,2052,0.0002269904422097307
RE1,AN_DEMINDWASFUR_MID,2053,0.0001851294748024062
RE1,AN_DEMINDWASFUR_MID,2054,0.0001469777774628144
RE1,AN_DEMINDWASFUR_MID,2055,0.0
RE1,AN_PWRDSL,2022,4.372
RE1,AN_PWRDSL,2023,0.773
RE1,AN_PWRDSL,2024,1.509
RE1,AN_PWRDSL,2025,1.409
RE1,AN_PWRDSL,2026,1.309
RE1,AN_PWRDSL,2027,1.209
RE1,AN_PWRDSL,2028,1.109
RE1,AN_PWRDSL,2029,1.009
RE1,AN_PWRDSL,2030,0.909
RE1,AN_PWRDSL,2031,0.809
RE1,AN_PWRDSL,2032,0.709
RE1,AN_PWRDSL,2033,0.609
RE1,AN_PWRDSL,2034,0.509
RE1,AN_PWRDSL,2035,0.409
RE1,AN_PWRDSL,2036,0.309
RE1,AN_PWRDSL,2037,0.209
RE1,AN_PWRDSL,2038,0.109
RE1,AN_PWRDSL,2039,0.009
RE1,AN_PWRDSL,2040,0.0
RE1,AN_PWRDSL,2041,0.0
RE1,AN_PWRDSL,2042,0.0
RE1,AN_PWRDSL,2043,0.0
RE1,AN_PWRDSL,2044,0.0
RE1,AN_PWRDSL,2045,0.0
RE1,AN_PWRDSL,2046,0.0
RE1,AN_PWRDSL,2047,0.0
RE1,AN_PWRDSL,2048,0.0
RE1,AN_PWRDSL,2049,0.0
RE1,AN_PWRDSL,2050,0.0
RE1,AN_PWRDSL,2051,0.0
RE1,AN_PWRDSL,2052,0.0
RE1,AN_PWRDSL,2053,0.0
RE1,AN_PWRDSL,2054,0.0
RE1,AN_PWRDSL,2055,0.0
RE1,AN_PWRHYDDAM,2022,104.215
RE1,AN_PWRHYDDAM,2023,94.877
RE1,AN_PWRHYDDAM,2024,95.553
RE1,AN_PWRHYDDAM,2025,95.553
RE1,AN_PWRHYDDAM,2026,95.553
RE1,AN_PWRHYDDAM,2027,95.553
RE1,AN_PWRHYDDAM,2028,95.553
RE1,AN_PWRHYDDAM,2029,95.553
RE1,AN_PWRHYDDAM,2030,95.553
RE1,AN_PWRHYDDAM,2031,95.553
RE1,AN_PWRHYDDAM,2032,95.553
RE1,AN_PWRHYDDAM,2033,95.553
RE1,AN_PWRHYDDAM,2034,95.553
RE1,AN_PWRHYDDAM,2035,95.553
RE1,AN_PWRHYDDAM,2036,95.553
RE1,AN_PWRHYDDAM,2037,95.553
RE1,AN_PWRHYDDAM,2038,95.553
RE1,AN_PWRHYDDAM,2039,95.553
RE1,AN_PWRHYDDAM,2040,95.553
RE1,AN_PWRHYDDAM,2041,95.553
RE1,AN_PWRHYDDAM,2042,95.553
RE1,AN_PWRHYDDAM,2043,95.553
RE1,AN_PWRHYDDAM,2044,95.553
RE1,AN_PWRHYDDAM,2045,95.553
RE1,AN_PWRHYDDAM,2046,95.553
RE1,AN_PWRHYDDAM,2047,95.553
RE1,AN_PWRHYDDAM,2048,95.553
RE1,AN_PWRHYDDAM,2049,95.553
RE1,AN_PWRHYDDAM,2050,95.553
RE1,AN_PWRHYDDAM,2051,95.553
RE1,AN_PWRHYDDAM,2052,95.553
RE1,AN_PWRHYDDAM,2053,95.553
RE1,AN_PWRHYDDAM,2054,95.553
RE1,AN_PWRHYDDAM,2055,95.553
RE1,AN_PWRHYDROR,2022,5.01
RE1,AN_PWRHYDROR,2023,4.256
RE1,AN_PWRHYDROR,2024,4.052
RE1,AN_PWRHYDROR,2025,4.052
RE1,AN_PWRHYDROR,2026,4.052
RE1,AN_PWRHYDROR,2027,4.052
RE1,AN_PWRHYDROR,2028,4.052
RE1,AN_PWRHYDROR,2029,4.052
RE1,AN_PWRHYDROR,2030,4.052
RE1,AN_PWRHYDROR,2031,4.052
RE1,AN_PWRHYDROR,2032,4.052
RE1,AN_PWRHYDROR,2033,4.052
RE1,AN_PWRHYDROR,2034,4.052
RE1,AN_PWRHYDROR,2035,4.052
RE1,AN_PWRHYDROR,2036,4.052
RE1,AN_PWRHYDROR,2037,4.052
RE1,AN_PWRHYDROR,2038,4.052
RE1,AN_PWRHYDROR,2039,4.052
RE1,AN_PWRHYDROR,2040,4.052
RE1,AN_PWRHYDROR,2041,4.052
RE1,AN_PWRHYDROR,2042,4.052
RE1,AN_PWRHYDROR,2043,4.052
RE1,AN_PWRHYDROR,2044,4.052
RE1,AN_PWRHYDROR,2045,4.052
RE1,AN_PWRHYDROR,2046,4.052
RE1,AN_PWRHYDROR,2047,4.052
RE1,AN_PWRHYDROR,2048,4.052
RE1,AN_PWRHYDROR,2049,4.052
RE1,AN_PWRHYDROR,2050,4.052
RE1,AN_PWRHYDROR,2051,4.052
RE1,AN_PWRHYDROR,2052,4.052
RE1,AN_PWRHYDROR,2053,4.052
RE1,AN_PWRHYDROR,2054,4.052
RE1,AN_PWRHYDROR,2055,4.052
RE1,CA_DEMINDCOABOI_LOW,2022,0.1186118519783483
RE1,CA_DEMINDCOABOI_LOW,2023,0.1089802482985384
RE1,CA_DEMINDCOABOI_LOW,2024,0.09962909142915412
RE1,CA_DEMINDCOABOI_LOW,2025,0.09854526644912383
RE1,CA_DEMINDCOABOI_LOW,2026,0.09895616973232002
RE1,CA_DEMINDCOABOI_LOW,2027,0.09943716312080365
RE1,CA_DEMINDCOABOI_LOW,2028,0.09975881261888836
RE1,CA_DEMINDCOABOI_LOW,2029,0.1000235653315859
RE1,CA_DEMINDCOABOI_LOW,2030,0.1003546766402594
RE1,CA_DEMINDCOABOI_LOW,2031,0.1008259144474133
RE1,CA_DEMINDCOABOI_LOW,2032,0.1007219579714414
RE1,CA_DEMINDCOABOI_LOW,2033,0.1004251021443498
RE1,CA_DEMINDCOABOI_LOW,2034,0.09973299444487012
RE1,CA_DEMINDCOABOI_LOW,2035,0.09901327336730653
RE1,CA_DEMINDCOABOI_LOW,2036,0.09828867185657687
RE1,CA_DEMINDCOABOI_LOW,2037,0.09726668969397421
RE1,CA_DEMINDCOABOI_LOW,2038,0.09590258072863471
RE1,CA_DEMINDCOABOI_LOW,2039,0.09416148931081313
RE1,CA_DEMINDCOABOI_LOW,2040,0.09199246794477232
RE1,CA_DEMINDCOABOI_LOW,2041,0.08934650617923519
RE1,CA_DEMINDCOABOI_LOW,2042,0.08618175825450167
RE1,CA_DEMINDCOABOI_LOW,2043,0.0824985366966477
RE1,CA_DEMINDCOABOI_LOW,2044,0.07828572118651429
RE1,CA_DEMINDCOABOI_LOW,2045,0.07357303608462118
RE1,CA_DEMINDCOABOI_LOW,2046,0.06836686405589452
RE1,CA_DEMINDCOABOI_LOW,2047,0.0627100915879969
RE1,CA_DEMINDCOABOI_LOW,2048,0.05669329803590928
RE1,CA_DEMINDCOABOI_LOW,2049,0.05043097911977973
RE1,CA_DEMINDCOABOI_LOW,2050,0.04405417710884156
RE1,CA_DEMINDCOABOI_LOW,2051,0.03771679596880575
RE1,CA_DEMINDCOABOI_LOW,2052,0.0315801842641403
RE1,CA_DEMINDCOABOI_LOW,2053,0.02580209114984409
RE1,CA_DEMINDCOABOI_LOW,2054,0.02052007990386203
RE1,CA_DEMINDCOABOI_LOW,2055,0.0
RE1,CA_DEMINDCOABOI_MID,2022,0.0008173481954620535
RE1,CA_DEMINDCOABOI_MID,2023,0.001029111997572235
RE1,CA_DEMINDCOABOI_MID,2024,0.002254682510341126
RE1,CA_DEMINDCOABOI_MID,2025,0.002230154722405985
RE1,CA_DEMINDCOABOI_MID,2026,0.002239453777860315
RE1,CA_DEMINDCOABOI_MID,2027,0.002250339025984603
RE1,CA_DEMINDCOABOI_MID,2028,0.002257618200042988
RE1,CA_DEMINDCOABOI_MID,2029,0.002263609756347694
RE1,CA_DEMINDCOABOI_MID,2030,0.00227110305841372
RE1,CA_DEMINDCOABOI_MID,2031,0.002281767530273898
RE1,CA_DEMINDCOABOI_MID,2032,0.00227941491574286
RE1,CA_DEMINDCOABOI_MID,2033,0.002272696841415018
RE1,CA_DEMINDCOABOI_MID,2034,0.002257033915025703
RE1,CA_DEMINDCOABOI_MID,2035,0.002240746076778573
RE1,CA_DEMINDCOABOI_MID,2036,0.002224347790597566
RE1,CA_DEMINDCOABOI_MID,2037,0.002201219552902663
RE1,CA_DEMINDCOABOI_MID,2038,0.002170348724089197
RE1,CA_DEMINDCOABOI_MID,2039,0.002130946494154592
RE1,CA_DEMINDCOABOI_MID,2040,0.002081859882318469
RE1,CA_DEMINDCOABOI_MID,2041,0.00202197974459755
RE1,CA_DEMINDCOABOI_MID,2042,0.001950359079456695
RE1,CA_DEMINDCOABOI_MID,2043,0.001867004959599946
RE1,CA_DEMINDCOABOI_MID,2044,0.001771665723702707
RE1,CA_DEMINDCOABOI_MID,2045,0.001665014056769266
RE1,CA_DEMINDCOABOI_MID,2046,0.001547194403386757
RE1,CA_DEMINDCOABOI_MID,2047,0.001419177317559797
RE1,CA_DEMINDCOABOI_MID,2048,0.001283012679343942
RE1,CA_DEMINDCOABOI_MID,2049,0.001141291614423701
RE1,CA_DEMINDCOABOI_MID,2050,0.0009969797095400325
RE1,CA_DEMINDCOABOI_MID,2051,0.0008535599291040634
RE1,CA_DEMINDCOABOI_MID,2052,0.0007146837144885496
RE1,CA_DEMINDCOABOI_MID,2053,0.0005839210496780394
RE1,CA_DEMINDCOABOI_MID,2054,0.0004643850968262609
RE1,CA_DEMINDCOABOI_MID,2055,0.0
RE1,CA_DEMINDCOAFUR_LOW,2022,3.16368158671692
RE1,CA_DEMINDCOAFUR_LOW,2023,3.175204208013168
RE1,CA_DEMINDCOAFUR_LOW,2024,2.871823585354651
RE1,CA_DEMINDCOAFUR_LOW,2025,2.838730020605965
RE1,CA_DEMINDCOAFUR_LOW,2026,2.845673493952133
RE1,CA_DEMINDCOAFUR_LOW,2027,2.855028277008496
RE1,CA_DEMINDCOAFUR_LOW,2028,2.861662007514335
RE1,CA_DEMINDCOAFUR_LOW,2029,2.867974080550184
RE1,CA_DEMINDCOAFUR_LOW,2030,2.875834335014235
RE1,CA_DEMINDCOAFUR_LOW,2031,2.886918111813607
RE1,CA_DEMINDCOAFUR_LOW,2032,2.884889131936087
RE1,CA_DEMINDCOAFUR_LOW,2033,2.878050723326332
RE1,CA_DEMINDCOAFUR_LOW,2034,2.863875483072505
RE1,CA_DEMINDCOAFUR_LOW,2035,2.852092039559668
RE1,CA_DEMINDCOAFUR_LOW,2036,2.842864888821836
RE1,CA_DEMINDCOAFUR_LOW,2037,2.829446607697563
RE1,CA_DEMINDCOAFUR_LOW,2038,2.811072846504766
RE1,CA_DEMINDCOAFUR_LOW,2039,2.787222288057457
RE1,CA_DEMINDCOAFUR_LOW,2040,2.756943942522957
RE1,CA_DEMINDCOAFUR_LOW,2041,2.71928117785014
RE1,CA_DEMINDCOAFUR_LOW,2042,2.673315863719581
RE1,CA_DEMINDCOAFUR_LOW,2043,2.618890235308971
RE1,CA_DEMINDCOAFUR_LOW,2044,2.555385561314537
RE1,CA_DEMINDCOAFUR_LOW,2045,2.482681754358493
RE1,CA_DEMINDCOAFUR_LOW,2046,2.399583663778703
RE1,CA_DEMINDCOAFUR_LOW,2047,2.305313267800323
RE1,CA_DEMINDCOAFUR_LOW,2048,2.199936162567547
RE1,CA_DEMINDCOAFUR_LOW,2049,2.08375639447504
RE1,CA_DEMINDCOAFUR_LOW,2050,1.957180163863124
RE1,CA_DEMINDCOAFUR_LOW,2051,1.821228891497465
RE1,CA_DEMINDCOAFUR_LOW,2052,1.677351375237676
RE1,CA_DEMINDCOAFUR_LOW,2053,1.527455560242888
RE1,CA_DEMINDCOAFUR_LOW,2054,1.373727553266209
RE1,CA_DEMINDCOAFUR_LOW,2055,0.0
RE1,CA_DEMINDCOAFUR_MID,2022,0.02180076773770993
RE1,CA_DEMINDCOAFUR_MID,2023,0.02998378877112562
RE1,CA_DEMINDCOAFUR_MID,2024,0.06499156338576732
RE1,CA_DEMINDCOAFUR_MID,2025,0.06424263071386034
RE1,CA_DEMINDCOAFUR_MID,2026,0.06439976682430812
RE1,CA_DEMINDCOAFUR_MID,2027,0.0646114727170615
RE1,CA_DEMINDCOAFUR_MID,2028,0.06476159911021914
RE1,CA_DEMINDCOAFUR_MID,2029,0.06490444614890806
RE1,CA_DEMINDCOAFUR_MID,2030,0.06508232971697742
RE1,CA_DEMINDCOAFUR_MID,2031,0.06533316406003523
RE1,CA_DEMINDCOAFUR_MID,2032,0.0652872466941528
RE1,CA_DEMINDCOAFUR_MID,2033,0.06513248827901721
RE1,CA_DEMINDCOAFUR_MID,2034,0.06481169175441048
RE1,CA_DEMINDCOAFUR_MID,2035,0.06454502341869778
RE1,CA_DEMINDCOAFUR_MID,2036,0.0643362059428939
RE1,CA_DEMINDCOAFUR_MID,2037,0.06403253998212126
RE1,CA_DEMINDCOAFUR_MID,2038,0.06361672771869172
RE1,CA_DEMINDCOAFUR_MID,2039,0.06307697134611401
RE1,CA_DEMINDCOAFUR_MID,2040,0.06239174923739641
RE1,CA_DEMINDCOAFUR_MID,2041,0.06153941207783012
RE1,CA_DEMINDCOAFUR_MID,2042,0.06049918187633114
RE1,CA_DEMINDCOAFUR_MID,2043,0.05926748829435177
RE1,CA_DEMINDCOAFUR_MID,2044,0.0578303289694373
RE1,CA_DEMINDCOAFUR_MID,2045,0.0561849862324158
RE1,CA_DEMINDCOAFUR_MID,2046,0.05430441291005214
RE1,CA_DEMINDCOAFUR_MID,2047,0.05217100177474607
RE1,CA_DEMINDCOAFUR_MID,2048,0.04978623731739209
RE1,CA_DEMINDCOAFUR_MID,2049,0.04715700034035984
RE1,CA_DEMINDCOAFUR_MID,2050,0.04429248346791062
RE1,CA_DEMINDCOAFUR_MID,2051,0.0412158022328976
RE1,CA_DEMINDCOAFUR_MID,2052,0.03795974403856045
RE1,CA_DEMINDCOAFUR_MID,2053,0.03456748714256729
RE1,CA_DEMINDCOAFUR_MID,2054,0.03108850481212631
RE1,CA_DEMINDCOAFUR_MID,2055,0.0
RE1,CA_DEMINDCOAOTH_LOW,2022,0.001405617487645117
RE1,CA_DEMINDCOAOTH_LOW,2023,0.00148459000629365
RE1,CA_DEMINDCOAOTH_LOW,2024,0.001408940157374718
RE1,CA_DEMINDCOAOTH_LOW,2025,0.0009947620979645921
RE1,CA_DEMINDCOAOTH_LOW,2026,0.0005095295475354475
RE1,CA_DEMINDCOAOTH_LOW,2027,0.0001155109536204111
RE1,CA_DEMINDCOAOTH_LOW,2028,6.438856538175214e-06
RE1,CA_DEMINDCOAOTH_LOW,2029,3.906555039062328e-08
RE1,CA_DEMINDCOAOTH_LOW,2030,8.730073267834974e-12
RE1,CA_DEMINDCOAOTH_LOW,2031,1.787751352072465e-17
RE1,CA_DEMINDCOAOTH_LOW,2032,5.864472678086365e-26
RE1,CA_DEMINDCOAOTH_LOW,2033,3.706861507481827e-38
RE1,CA_DEMINDCOAOTH_LOW,2034,3.540134352585307e-55
RE1,CA_DEMINDCOAOTH_LOW,2035,2.541247882719203e-78
RE1,CA_DEMINDCOAOTH_LOW,2036,4.1277596937964e-109
RE1,CA_DEMINDCOAOTH_LOW,2037,2.658579268120751e-149
RE1,CA_DEMINDCOAOTH_LOW,2038,6.705966619015899e-201
RE1,CA_DEMINDCOAOTH_LOW,2039,3.539810922383617e-266
RE1,CA_DEMINDCOAOTH_LOW,2040,0.0
RE1,CA_DEMINDCOAOTH_LOW,2041,0.0
RE1,CA_DEMINDCOAOTH_LOW,2042,0.0
RE1,CA_DEMINDCOAOTH_LOW,2043,0.0
RE1,CA_DEMINDCOAOTH_LOW,2044,0.0
RE1,CA_DEMINDCOAOTH_LOW,2045,0.0
RE1,CA_DEMINDCOAOTH_LOW,2046,0.0
RE1,CA_DEMINDCOAOTH_LOW,2047,0.0
RE1,CA_DEMINDCOAOTH_LOW,2048,0.0
RE1,CA_DEMINDCOAOTH_LOW,2049,0.0
RE1,CA_DEMINDCOAOTH_LOW,2050,0.0
RE1,CA_DEMINDCOAOTH_LOW,2051,0.0
RE1,CA_DEMINDCOAOTH_LOW,2052,0.0
RE1,CA_DEMINDCOAOTH_LOW,2053,0.0
RE1,CA_DEMINDCOAOTH_LOW,2054,0.0
RE1,CA_DEMINDCOAOTH_LOW,2055,0.0
RE1,CA_DEMINDDSLBOI_LOW,2022,0.2934810570106141
RE1,CA_DEMINDDSLBOI_LOW,2023,0.2932612428501482
RE1,CA_DEMINDDSLBOI_LOW,2024,0.2808456725667089
RE1,CA_DEMINDDSLBOI_LOW,2025,0.2716964737147187
RE1,CA_DEMINDDSLBOI_LOW,2026,0.2724066934190327
RE1,CA_DEMINDDSLBOI_LOW,2027,0.273231505126947
RE1,CA_DEMINDDSLBOI_LOW,2028,0.273725120960244
RE1,CA_DEMINDDSLBOI_LOW,2029,0.2741496615067756
RE1,CA_DEMINDDSLBOI_LOW,2030,0.2746203977839393
RE1,CA_DEMINDDSLBOI_LOW,2031,0.2749142588318786
RE1,CA_DEMINDDSLBOI_LOW,2032,0.274255695003775
RE1,CA_DEMINDDSLBOI_LOW,2033,0.2731472393622084
RE1,CA_DEMINDDSLBOI_LOW,2034,0.2712028083758399
RE1,CA_DEMINDDSLBOI_LOW,2035,0.2691775826879024
RE1,CA_DEMINDDSLBOI_LOW,2036,0.2669642494043457
RE1,CA_DEMINDDSLBOI_LOW,2037,0.2639760277553346
RE1,CA_DEMINDDSLBOI_LOW,2038,0.2600850016945586
RE1,CA_DEMINDDSLBOI_LOW,2039,0.2551857961579471
RE1,CA_DEMINDDSLBOI_LOW,2040,0.2491393957920519
RE1,CA_DEMINDDSLBOI_LOW,2041,0.2418180065302019
RE1,CA_DEMINDDSLBOI_LOW,2042,0.2331363903903795
RE1,CA_DEMINDDSLBOI_LOW,2043,0.2230648483835254
RE1,CA_DEMINDDSLBOI_LOW,2044,0.2115765336307996
RE1,CA_DEMINDDSLBOI_LOW,2045,0.1987275770211457
RE1,CA_DEMINDDSLBOI_LOW,2046,0.1845567483867496
RE1,CA_DEMINDDSLBOI_LOW,2047,0.1691929050432222
RE1,CA_DEMINDDSLBOI_LOW,2048,0.15287543135766
RE1,CA_DEMINDDSLBOI_LOW,2049,0.1359119554477879
RE1,CA_DEMINDDSLBOI_LOW,2050,0.1186621407518769
RE1,CA_DEMINDDSLBOI_LOW,2051,0.1015395595978945
RE1,CA_DEMINDDSLBOI_LOW,2052,0.08497688183105213
RE1,CA_DEMINDDSLBOI_LOW,2053,0.06939446441538163
RE1,CA_DEMINDDSLBOI_LOW,2054,0.05516156442541795
RE1,CA_DEMINDDSLBOI_LOW,2055,0.0
RE1,CA_DEMINDDSLBOI_MID,2022,0.002022362928737586
RE1,CA_DEMINDDSLBOI_MID,2023,0.0027692968969321
RE1,CA_DEMINDDSLBOI_MID,2024,0.006355752290398313
RE1,CA_DEMINDDSLBOI_MID,2025,0.006148698925369038
RE1,CA_DEMINDDSLBOI_MID,2026,0.006164771740275274
RE1,CA_DEMINDDSLBOI_MID,2027,0.006183437859834145
RE1,CA_DEMINDDSLBOI_MID,2028,0.006194608763535035
RE1,CA_DEMINDDSLBOI_MID,2029,0.006204216440684999
RE1,CA_DEMINDDSLBOI_MID,2030,0.00621486956253805
RE1,CA_DEMINDDSLBOI_MID,2031,0.006221519862724029
RE1,CA_DEMINDDSLBOI_MID,2032,0.006206616059789873
RE1,CA_DEMINDDSLBOI_MID,2033,0.006181530861152828
RE1,CA_DEMINDDSLBOI_MID,2034,0.006137526901318986
RE1,CA_DEMINDDSLBOI_MID,2035,0.006091694495617151
RE1,CA_DEMINDDSLBOI_MID,2036,0.006041605071209021
RE1,CA_DEMINDDSLBOI_MID,2037,0.005973979330650712
RE1,CA_DEMINDDSLBOI_MID,2038,0.005885922436016164
RE1,CA_DEMINDDSLBOI_MID,2039,0.005775049669041073
RE1,CA_DEMINDDSLBOI_MID,2040,0.005638215005992897
RE1,CA_DEMINDDSLBOI_MID,2041,0.005472526369438074
RE1,CA_DEMINDDSLBOI_MID,2042,0.005276054758674939
RE1,CA_DEMINDDSLBOI_MID,2043,0.005048128062874778
RE1,CA_DEMINDDSLBOI_MID,2044,0.00478813871664367
RE1,CA_DEMINDDSLBOI_MID,2045,0.004497357004913224
RE1,CA_DEMINDDSLBOI_MID,2046,0.00417666031862723
RE1,CA_DEMINDDSLBOI_MID,2047,0.003828964797355663
RE1,CA_DEMINDDSLBOI_MID,2048,0.003459687892346947
RE1,CA_DEMINDDSLBOI_MID,2049,0.00307579146310189
RE1,CA_DEMINDDSLBOI_MID,2050,0.002685414968208804
RE1,CA_DEMINDDSLBOI_MID,2051,0.002297917865645811
RE1,CA_DEMINDDSLBOI_MID,2052,0.001923091804807244
RE1,CA_DEMINDDSLBOI_MID,2053,0.001570449785172542
RE1,CA_DEMINDDSLBOI_MID,2054,0.001248348376653475
RE1,CA_DEMINDDSLBOI_MID,2055,0.0
RE1,CA_DEMINDDSLFUR_LOW,2022,0.1734180676647774
RE1,CA_DEMINDDSLFUR_LOW,2023,0.1891916520495518
RE1,CA_DEMINDDSLFUR_LOW,2024,0.1790841538466753
RE1,CA_DEMINDDSLFUR_LOW,2025,0.1762089773124188
RE1,CA_DEMINDDSLFUR_LOW,2026,0.1764582607156033
RE1,CA_DEMINDDSLFUR_LOW,2027,0.1768431727222491
RE1,CA_DEMINDDSLFUR_LOW,2028,0.1771108784797384
RE1,CA_DEMINDDSLFUR_LOW,2029,0.1774366064600605
RE1,CA_DEMINDDSLFUR_LOW,2030,0.1777831543174046
RE1,CA_DEMINDDSLFUR_LOW,2031,0.1779848002817259
RE1,CA_DEMINDDSLFUR_LOW,2032,0.1776026238868418
RE1,CA_DEMINDDSLFUR_LOW,2033,0.1768968318033279
RE1,CA_DEMINDDSLFUR_LOW,2034,0.1758617686547729
RE1,CA_DEMINDDSLFUR_LOW,2035,0.1750758292060973
RE1,CA_DEMINDDSLFUR_LOW,2036,0.1743887870122748
RE1,CA_DEMINDDSLFUR_LOW,2037,0.1734593072205307
RE1,CA_DEMINDDSLFUR_LOW,2038,0.1722330175786345
RE1,CA_DEMINDDSLFUR_LOW,2039,0.1706717400282763
RE1,CA_DEMINDDSLFUR_LOW,2040,0.1687126348259823
RE1,CA_DEMINDDSLFUR_LOW,2041,0.1662987918572781
RE1,CA_DEMINDDSLFUR_LOW,2042,0.1633937083895903
RE1,CA_DEMINDDSLFUR_LOW,2043,0.1599784642838016
RE1,CA_DEMINDDSLFUR_LOW,2044,0.156023314760888
RE1,CA_DEMINDDSLFUR_LOW,2045,0.1515049978450018
RE1,CA_DEMINDDSLFUR_LOW,2046,0.1463556930078858
RE1,CA_DEMINDDSLFUR_LOW,2047,0.1405332992563787
RE1,CA_DEMINDDSLFUR_LOW,2048,0.1340396858400476
RE1,CA_DEMINDDSLFUR_LOW,2049,0.1268933009932237
RE1,CA_DEMINDDSLFUR_LOW,2050,0.119123140603003
RE1,CA_DEMINDDSLFUR_LOW,2051,0.1107925589984512
RE1,CA_DEMINDDSLFUR_LOW,2052,0.1019905937363599
RE1,CA_DEMINDDSLFUR_LOW,2053,0.092831519265708
RE1,CA_DEMINDDSLFUR_LOW,2054,0.08344996264820813
RE1,CA_DEMINDDSLFUR_LOW,2055,0.0
RE1,CA_DEMINDDSLFUR_MID,2022,0.001195015020018372
RE1,CA_DEMINDDSLFUR_MID,2023,0.001786556756884511
RE1,CA_DEMINDDSLFUR_MID,2024,0.004052811320119921
RE1,CA_DEMINDDSLFUR_MID,2025,0.003987743876937008
RE1,CA_DEMINDDSLFUR_MID,2026,0.003993385350940396
RE1,CA_DEMINDDSLFUR_MID,2027,0.00400209620393479
RE1,CA_DEMINDDSLFUR_MID,2028,0.004008154589900883
RE1,CA_DEMINDDSLFUR_MID,2029,0.0040155260631305
RE1,CA_DEMINDDSLFUR_MID,2030,0.004023368706094935
RE1,CA_DEMINDDSLFUR_MID,2031,0.004027932108435701
RE1,CA_DEMINDDSLFUR_MID,2032,0.00401928316442698
RE1,CA_DEMINDDSLFUR_MID,2033,0.00400331054996459
RE1,CA_DEMINDDSLFUR_MID,2034,0.003979886279556534
RE1,CA_DEMINDDSLFUR_MID,2035,0.003962099868943966
RE1,CA_DEMINDDSLFUR_MID,2036,0.003946551578820497
RE1,CA_DEMINDDSLFUR_MID,2037,0.003925516740500695
RE1,CA_DEMINDDSLFUR_MID,2038,0.003897764868346349
RE1,CA_DEMINDDSLFUR_MID,2039,0.003862431963708909
RE1,CA_DEMINDDSLFUR_MID,2040,0.003818095915149527
RE1,CA_DEMINDDSLFUR_MID,2041,0.003763468803267072
RE1,CA_DEMINDDSLFUR_MID,2042,0.003697724543315303
RE1,CA_DEMINDDSLFUR_MID,2043,0.003620434958080621
RE1,CA_DEMINDDSLFUR_MID,2044,0.003530926900472384
RE1,CA_DEMINDDSLFUR_MID,2045,0.003428673934192232
RE1,CA_DEMINDDSLFUR_MID,2046,0.003312141228833616
RE1,CA_DEMINDDSLFUR_MID,2047,0.003180376006733025
RE1,CA_DEMINDDSLFUR_MID,2048,0.003033420570437299
RE1,CA_DEMINDDSLFUR_MID,2049,0.002871692417593926
RE1,CA_DEMINDDSLFUR_MID,2050,0.002695847747296657
RE1,CA_DEMINDDSLFUR_MID,2051,0.002507320316449727
RE1,CA_DEMINDDSLFUR_MID,2052,0.002308125113036882
RE1,CA_DEMINDDSLFUR_MID,2053,0.002100848255206902
RE1,CA_DEMINDDSLFUR_MID,2054,0.0018885364562953
RE1,CA_DEMINDDSLFUR_MID,2055,0.0
RE1,CA_DEMINDELCAIR_LOW,2022,0.08521102855307228
RE1,CA_DEMINDELCAIR_LOW,2023,0.07649428480521665
RE1,CA_DEMINDELCAIR_LOW,2024,0.07301436472425615
RE1,CA_DEMINDELCAIR_LOW,2025,0.07053261145823148
RE1,CA_DEMINDELCAIR_LOW,2026,0.07058307347266948
RE1,CA_DEMINDELCAIR_LOW,2027,0.07063500505705018
RE1,CA_DEMINDELCAIR_LOW,2028,0.07055641067072008
RE1,CA_DEMINDELCAIR_LOW,2029,0.07036429592364261
RE1,CA_DEMINDELCAIR_LOW,2030,0.06995786779160237
RE1,CA_DEMINDELCAIR_LOW,2031,0.06914643501861462
RE1,CA_DEMINDELCAIR_LOW,2032,0.06776829968421512
RE1,CA_DEMINDELCAIR_LOW,2033,0.0657792845594112
RE1,CA_DEMINDELCAIR_LOW,2034,0.06308262125596581
RE1,CA_DEMINDELCAIR_LOW,2035,0.05980302710407114
RE1,CA_DEMINDELCAIR_LOW,2036,0.05581917243421743
RE1,CA_DEMINDELCAIR_LOW,2037,0.05100549132375705
RE1,CA_DEMINDELCAIR_LOW,2038,0.0454182349734789
RE1,CA_DEMINDELCAIR_LOW,2039,0.03921222436970828
RE1,CA_DEMINDELCAIR_LOW,2040,0.03263313544696032
RE1,CA_DEMINDELCAIR_LOW,2041,0.0260099330358856
RE1,CA_DEMINDELCAIR_LOW,2042,0.01971634665076976
RE1,CA_DEMINDELCAIR_LOW,2043,0.01410445041873824
RE1,CA_DEMINDELCAIR_LOW,2044,0.009440933989375738
RE1,CA_DEMINDELCAIR_LOW,2045,0.00585780419278516
RE1,CA_DEMINDELCAIR_LOW,2046,0.003333767142872206
RE1,CA_DEMINDELCAIR_LOW,2047,0.00172053795527784
RE1,CA_DEMINDELCAIR_LOW,2048,0.0007955044464513569
RE1,CA_DEMINDELCAIR_LOW,2049,0.0003252103625598148
RE1,CA_DEMINDELCAIR_LOW,2050,0.0001158905374338803
RE1,CA_DEMINDELCAIR_LOW,2051,3.545568131445633e-05
RE1,CA_DEMINDELCAIR_LOW,2052,9.162202476857153e-06
RE1,CA_DEMINDELCAIR_LOW,2053,1.9652729498417e-06
RE1,CA_DEMINDELCAIR_LOW,2054,3.434598047805221e-07
RE1,CA_DEMINDELCAIR_LOW,2055,0.0
RE1,CA_DEMINDELCAIR_MID,2022,0.0005871848323726764
RE1,CA_DEMINDELCAIR_MID,2023,0.0007223436124233142
RE1,CA_DEMINDELCAIR_MID,2024,0.001652370896752704
RE1,CA_DEMINDELCAIR_MID,2025,0.001596206922921157
RE1,CA_DEMINDELCAIR_MID,2026,0.00159734891688856
RE1,CA_DEMINDELCAIR_MID,2027,0.001598524168347324
RE1,CA_DEMINDELCAIR_MID,2028,0.001596745517295431
RE1,CA_DEMINDELCAIR_MID,2029,0.001592397813687976
RE1,CA_DEMINDELCAIR_MID,2030,0.001583200034325778
RE1,CA_DEMINDELCAIR_MID,2031,0.001564836690293136
RE1,CA_DEMINDELCAIR_MID,2032,0.001533648434023998
RE1,CA_DEMINDELCAIR_MID,2033,0.001488635501050617
RE1,CA_DEMINDELCAIR_MID,2034,0.001427607948763035
RE1,CA_DEMINDELCAIR_MID,2035,0.001353388225695982
RE1,CA_DEMINDELCAIR_MID,2036,0.001263230548666002
RE1,CA_DEMINDELCAIR_MID,2037,0.001154293264842308
RE1,CA_DEMINDELCAIR_MID,2038,0.00102784938190554
RE1,CA_DEMINDELCAIR_MID,2039,0.0008874026171444331
RE1,CA_DEMINDELCAIR_MID,2040,0.0007385128047882992
RE1,CA_DEMINDELCAIR_MID,2041,0.0005886246704644175
RE1,CA_DEMINDELCAIR_MID,2042,0.0004461959988155126
RE1,CA_DEMINDELCAIR_MID,2043,0.0003191944965162742
RE1,CA_DEMINDELCAIR_MID,2044,0.0002136555542340479
RE1,CA_DEMINDELCAIR_MID,2045,0.0001325665874597222
RE1,CA_DEMINDELCAIR_MID,2046,7.544569927076863e-05
RE1,CA_DEMINDELCAIR_MID,2047,3.893708936311602e-05
RE1,CA_DEMINDELCAIR_MID,2048,1.800287382514077e-05
RE1,CA_DEMINDELCAIR_MID,2049,7.359759143911501e-06
RE1,CA_DEMINDELCAIR_MID,2050,2.622691466096632e-06
RE1,CA_DEMINDELCAIR_MID,2051,8.023891757437067e-07
RE1,CA_DEMINDELCAIR_MID,2052,2.073476470019172e-07
RE1,CA_DEMINDELCAIR_MID,2053,4.447562940193542e-08
RE1,CA_DEMINDELCAIR_MID,2054,7.772757973954716e-09
RE1,CA_DEMINDELCAIR_MID,2055,0.0
RE1,CA_DEMINDELCBOI_LOW,2022,0.02222609008936653
RE1,CA_DEMINDELCBOI_LOW,2023,0.01956337068416207
RE1,CA_DEMINDELCBOI_LOW,2024,0.01788913465410814
RE1,CA_DEMINDELCBOI_LOW,2025,0.01869272956883921
RE1,CA_DEMINDELCBOI_LOW,2026,0.01871502395045378
RE1,CA_DEMINDELCBOI_LOW,2027,0.01874445699905867
RE1,CA_DEMINDELCBOI_LOW,2028,0.01875846372830406
RE1,CA_DEMINDELCBOI_LOW,2029,0.01876756928376394
RE1,CA_DEMINDELCBOI_LOW,2030,0.01877707612578584
RE1,CA_DEMINDELCBOI_LOW,2031,0.01877969463113907
RE1,CA_DEMINDELCBOI_LOW,2032,0.01872932390557139
RE1,CA_DEMINDELCBOI_LOW,2033,0.01864960358358798
RE1,CA_DEMINDELCBOI_LOW,2034,0.0185198776353905
RE1,CA_DEMINDELCBOI_LOW,2035,0.01837599947789699
RE1,CA_DEMINDELCBOI_LOW,2036,0.01821427448865366
RE1,CA_DEMINDELCBOI_LOW,2037,0.01800137027554597
RE1,CA_DEMINDELCBOI_LOW,2038,0.01772845661394476
RE1,CA_DEMINDELCBOI_LOW,2039,0.01738777800852492
RE1,CA_DEMINDELCBOI_LOW,2040,0.01697009359794138
RE1,CA_DEMINDELCBOI_LOW,2041,0.01646692290411307
RE1,CA_DEMINDELCBOI_LOW,2042,0.01587206676584143
RE1,CA_DEMINDELCBOI_LOW,2043,0.01518266227704426
RE1,CA_DEMINDELCBOI_LOW,2044,0.01439694125993218
RE1,CA_DEMINDELCBOI_LOW,2045,0.01351836249273984
RE1,CA_DEMINDELCBOI_LOW,2046,0.0125504445122451
RE1,CA_DEMINDELCBOI_LOW,2047,0.01150232006402518
RE1,CA_DEMINDELCBOI_LOW,2048,0.01039014746697488
RE1,CA_DEMINDELCBOI_LOW,2049,0.009234763481518339
RE1,CA_DEMINDELCBOI_LOW,2050,0.008060636720804494
RE1,CA_DEMINDELCBOI_LOW,2051,0.00689580435148284
RE1,CA_DEMINDELCBOI_LOW,2052,0.005769578756031621
RE1,CA_DEMINDELCBOI_LOW,2053,0.004710424802230606
RE1,CA_DEMINDELCBOI_LOW,2054,0.003743379966685328
RE1,CA_DEMINDELCBOI_LOW,2055,0.0
RE1,CA_DEMINDELCBOI_MID,2022,0.0001531588481565647
RE1,CA_DEMINDELCBOI_MID,2023,0.0001847389760837437
RE1,CA_DEMINDELCBOI_MID,2024,0.0004048447943383742
RE1,CA_DEMINDELCBOI_MID,2025,0.0004230307616462427
RE1,CA_DEMINDELCBOI_MID,2026,0.0004235353005473221
RE1,CA_DEMINDELCBOI_MID,2027,0.0004242013929402519
RE1,CA_DEMINDELCBOI_MID,2028,0.0004245183759319027
RE1,CA_DEMINDELCBOI_MID,2029,0.0004247244416136011
RE1,CA_DEMINDELCBOI_MID,2030,0.0004249395887170013
RE1,CA_DEMINDELCBOI_MID,2031,0.0004249988474951198
RE1,CA_DEMINDELCBOI_MID,2032,0.0004238589194646468
RE1,CA_DEMINDELCBOI_MID,2033,0.0004220547876280881
RE1,CA_DEMINDELCBOI_MID,2034,0.0004191189902385649
RE1,CA_DEMINDELCBOI_MID,2035,0.0004158629175326184
RE1,CA_DEMINDELCBOI_MID,2036,0.0004122029573794002
RE1,CA_DEMINDELCBOI_MID,2037,0.0004073847722611184
RE1,CA_DEMINDELCBOI_MID,2038,0.0004012085274432788
RE1,CA_DEMINDELCBOI_MID,2039,0.0003934987101372189
RE1,CA_DEMINDELCBOI_MID,2040,0.0003840461925856107
RE1,CA_DEMINDELCBOI_MID,2041,0.0003726590550857406
RE1,CA_DEMINDELCBOI_MID,2042,0.0003591970058801243
RE1,CA_DEMINDELCBOI_MID,2043,0.0003435952552152899
RE1,CA_DEMINDELCBOI_MID,2044,0.000325813787876006
RE1,CA_DEMINDELCBOI_MID,2045,0.0003059308786581271
RE1,CA_DEMINDELCBOI_MID,2046,0.0002840261547390291
RE1,CA_DEMINDELCBOI_MID,2047,0.0002603062971335541
RE1,CA_DEMINDELCBOI_MID,2048,0.0002351369809521139
RE1,CA_DEMINDELCBOI_MID,2049,0.0002089897580138266
RE1,CA_DEMINDELCBOI_MID,2050,0.0001824183717417009
RE1,CA_DEMINDELCBOI_MID,2051,0.0001560573246527959
RE1,CA_DEMINDELCBOI_MID,2052,0.0001305699783733405
RE1,CA_DEMINDELCBOI_MID,2053,0.0001066005146239701
RE1,CA_DEMINDELCBOI_MID,2054,8.471555064264042e-05
RE1,CA_DEMINDELCBOI_MID,2055,0.0
RE1,CA_DEMINDELCFUR_LOW,2022,0.6272053908864468
RE1,CA_DEMINDELCFUR_LOW,2023,0.4179479156508621
RE1,CA_DEMINDELCFUR_LOW,2024,0.3966483762728758
RE1,CA_DEMINDELCFUR_LOW,2025,0.3888844320967373
RE1,CA_DEMINDELCFUR_LOW,2026,0.3895938119828437
RE1,CA_DEMINDELCFUR_LOW,2027,0.3906102866459158
RE1,CA_DEMINDELCFUR_LOW,2028,0.3913191732548948
RE1,CA_DEMINDELCFUR_LOW,2029,0.3920730550151549
RE1,CA_DEMINDELCFUR_LOW,2030,0.3929583065478844
RE1,CA_DEMINDELCFUR_LOW,2031,0.3939785263276172
RE1,CA_DEMINDELCFUR_LOW,2032,0.3933813512830804
RE1,CA_DEMINDELCFUR_LOW,2033,0.3920822664291596
RE1,CA_DEMINDELCFUR_LOW,2034,0.3899774410650834
RE1,CA_DEMINDELCFUR_LOW,2035,0.3883260989663674
RE1,CA_DEMINDELCFUR_LOW,2036,0.3869136691848217
RE1,CA_DEMINDELCFUR_LOW,2037,0.3849494583334861
RE1,CA_DEMINDELCFUR_LOW,2038,0.3823222997772565
RE1,CA_DEMINDELCFUR_LOW,2039,0.3789533663832388
RE1,CA_DEMINDELCFUR_LOW,2040,0.3747081991192547
RE1,CA_DEMINDELCFUR_LOW,2041,0.369458637932752
RE1,CA_DEMINDELCFUR_LOW,2042,0.3630944231629389
RE1,CA_DEMINDELCFUR_LOW,2043,0.3555917526531652
RE1,CA_DEMINDELCFUR_LOW,2044,0.3468774818205907
RE1,CA_DEMINDELCFUR_LOW,2045,0.3369118311289589
RE1,CA_DEMINDELCFUR_LOW,2046,0.3255373031959905
RE1,CA_DEMINDELCFUR_LOW,2047,0.3126577640657998
RE1,CA_DEMINDELCFUR_LOW,2048,0.2982796579531136
RE1,CA_DEMINDELCFUR_LOW,2049,0.2824438520921528
RE1,CA_DEMINDELCFUR_LOW,2050,0.2652104671648447
RE1,CA_DEMINDELCFUR_LOW,2051,0.2467191633015022
RE1,CA_DEMINDELCFUR_LOW,2052,0.2271671781689431
RE1,CA_DEMINDELCFUR_LOW,2053,0.2068110947671455
RE1,CA_DEMINDELCFUR_LOW,2054,0.1859491731989618
RE1,CA_DEMINDELCFUR_LOW,2055,0.0
RE1,CA_DEMINDELCFUR_MID,2022,0.004322040216678251
RE1,CA_DEMINDELCFUR_MID,2023,0.003946726320336153
RE1,CA_DEMINDELCFUR_MID,2024,0.00897645601208362
RE1,CA_DEMINDELCFUR_MID,2025,0.008800752019463629
RE1,CA_DEMINDELCFUR_MID,2026,0.008816805828641739
RE1,CA_DEMINDELCFUR_MID,2027,0.008839809427411515
RE1,CA_DEMINDELCFUR_MID,2028,0.008855852073351092
RE1,CA_DEMINDELCFUR_MID,2029,0.008872912993965159
RE1,CA_DEMINDELCFUR_MID,2030,0.008892946912968798
RE1,CA_DEMINDELCFUR_MID,2031,0.008916035266591923
RE1,CA_DEMINDELCFUR_MID,2032,0.008902520738764609
RE1,CA_DEMINDELCFUR_MID,2033,0.008873121455306655
RE1,CA_DEMINDELCFUR_MID,2034,0.008825487648075966
RE1,CA_DEMINDELCFUR_MID,2035,0.00878811651385045
RE1,CA_DEMINDELCFUR_MID,2036,0.008756152148022629
RE1,CA_DEMINDELCFUR_MID,2037,0.008711700554721901
RE1,CA_DEMINDELCFUR_MID,2038,0.008652245948003581
RE1,CA_DEMINDELCFUR_MID,2039,0.008576004409583077
RE1,CA_DEMINDELCFUR_MID,2040,0.008479933028761703
RE1,CA_DEMINDELCFUR_MID,2041,0.008361131445565597
RE1,CA_DEMINDELCFUR_MID,2042,0.008217104399572156
RE1,CA_DEMINDELCFUR_MID,2043,0.008047313229778454
RE1,CA_DEMINDELCFUR_MID,2044,0.007850102618352244
RE1,CA_DEMINDELCFUR_MID,2045,0.007624572323974629
RE1,CA_DEMINDELCFUR_MID,2046,0.007367158060470208
RE1,CA_DEMINDELCFUR_MID,2047,0.007075684242918192
RE1,CA_DEMINDELCFUR_MID,2048,0.006750296708824742
RE1,CA_DEMINDELCFUR_MID,2049,0.006391920314945298
RE1,CA_DEMINDELCFUR_MID,2050,0.006001915638277055
RE1,CA_DEMINDELCFUR_MID,2051,0.005583443294345985
RE1,CA_DEMINDELCFUR_MID,2052,0.005140966922349973
RE1,CA_DEMINDELCFUR_MID,2053,0.004680293191748754
RE1,CA_DEMINDELCFUR_MID,2054,0.004208171956704265
RE1,CA_DEMINDELCFUR_MID,2055,0.0
RE1,CA_DEMINDELCILU_LOW,2022,0.1508877669955225
RE1,CA_DEMINDELCILU_LOW,2023,0.1418871668422709
RE1,CA_DEMINDELCILU_LOW,2024,0.1355649438399738
RE1,CA_DEMINDELCILU_LOW,2025,0.1234415218889364
RE1,CA_DEMINDELCILU_LOW,2026,0.1091771398162796
RE1,CA_DEMINDELCILU_LOW,2027,0.08302764561751495
RE1,CA_DEMINDELCILU_LOW,2028,0.04862057409178737
RE1,CA_DEMINDELCILU_LOW,2029,0.01885856079641507
RE1,CA_DEMINDELCILU_LOW,2030,0.003959647109271719
RE1,CA_DEMINDELCILU_LOW,2031,0.0003469508979567953
RE1,CA_DEMINDELCILU_LOW,2032,9.172915872781544e-06
RE1,CA_DEMINDELCILU_LOW,2033,4.93839920170179e-08
RE1,CA_DEMINDELCILU_LOW,2034,3.371938514787806e-11
RE1,CA_DEMINDELCILU_LOW,2035,1.676009345797849e-15
RE1,CA_DEMINDELCILU_LOW,2036,3.159967223889284e-21
RE1,CA_DEMINDELCILU_LOW,2037,1.063991826680144e-28
RE1,CA_DEMINDELCILU_LOW,2038,2.711108566280157e-38
RE1,CA_DEMINDELCILU_LOW,2039,1.976289817774664e-50
RE1,CA_DEMINDELCILU_LOW,2040,1.379811549309775e-65
RE1,CA_DEMINDELCILU_LOW,2041,2.71659470940819e-84
RE1,CA_DEMINDELCILU_LOW,2042,3.877868803919344e-107
RE1,CA_DEMINDELCILU_LOW,2043,8.946238727459424e-135
RE1,CA_DEMINDELCILU_LOW,2044,6.399448713054725e-168
RE1,CA_DEMINDELCILU_LOW,2045,2.327494840348952e-207
RE1,CA_DEMINDELCILU_LOW,2046,5.986837471144852e-254
RE1,CA_DEMINDELCILU_LOW,2047,0.0
RE1,CA_DEMINDELCILU_LOW,2048,0.0
RE1,CA_DEMINDELCILU_LOW,2049,0.0
RE1,CA_DEMINDELCILU_LOW,2050,0.0
RE1,CA_DEMINDELCILU_LOW,2051,0.0
RE1,CA_DEMINDELCILU_LOW,2052,0.0
RE1,CA_DEMINDELCILU_LOW,2053,0.0
RE1,CA_DEMINDELCILU_LOW,2054,0.0
RE1,CA_DEMINDELCILU_LOW,2055,0.0
RE1,CA_DEMINDELCILU_MID,2022,0.001039759872340596
RE1,CA_DEMINDELCILU_MID,2023,0.00133985550573271
RE1,CA_DEMINDELCILU_MID,2024,0.003067938325109758
RE1,CA_DEMINDELCILU_MID,2025,0.002793576017410433
RE1,CA_DEMINDELCILU_MID,2026,0.002470762145290433
RE1,CA_DEMINDELCILU_MID,2027,0.001878979099008748
RE1,CA_DEMINDELCILU_MID,2028,0.001100320764497297
RE1,CA_DEMINDELCILU_MID,2029,0.0004267836491123457
RE1,CA_DEMINDELCILU_MID,2030,8.960984142614847e-05
RE1,CA_DEMINDELCILU_MID,2031,7.851764081644777e-06
RE1,CA_DEMINDELCILU_MID,2032,2.075900993425997e-07
RE1,CA_DEMINDELCILU_MID,2033,1.117597495815501e-09
RE1,CA_DEMINDELCILU_MID,2034,7.630954660109413e-13
RE1,CA_DEMINDELCILU_MID,2035,3.792937288629021e-17
RE1,CA_DEMINDELCILU_MID,2036,7.151247422567072e-23
RE1,CA_DEMINDELCILU_MID,2037,2.407894851141469e-30
RE1,CA_DEMINDELCILU_MID,2038,6.135445962964132e-40
RE1,CA_DEMINDELCILU_MID,2039,4.472494954619122e-52
RE1,CA_DEMINDELCILU_MID,2040,3.122619029410391e-67
RE1,CA_DEMINDELCILU_MID,2041,6.147861524305268e-86
RE1,CA_DEMINDELCILU_MID,2042,8.775913585252144e-109
RE1,CA_DEMINDELCILU_MID,2043,2.024602222382276e-136
RE1,CA_DEMINDELCILU_MID,2044,1.448244170670747e-169
RE1,CA_DEMINDELCILU_MID,2045,5.267298772041559e-209
RE1,CA_DEMINDELCILU_MID,2046,1.354867092012366e-255
RE1,CA_DEMINDELCILU_MID,2047,0.0
RE1,CA_DEMINDELCILU_MID,2048,0.0
RE1,CA_DEMINDELCILU_MID,2049,0.0
RE1,CA_DEMINDELCILU_MID,2050,0.0
RE1,CA_DEMINDELCILU_MID,2051,0.0
RE1,CA_DEMINDELCILU_MID,2052,0.0
RE1,CA_DEMINDELCILU_MID,2053,0.0
RE1,CA_DEMINDELCILU_MID,2054,0.0
RE1,CA_DEMINDELCILU_MID,2055,0.0
RE1,CA_DEMINDELCMPW_LOW,2022,4.566519675852126
RE1,CA_DEMINDELCMPW_LOW,2023,4.178173585633327
RE1,CA_DEMINDELCMPW_LOW,2024,3.999912190681085
RE1,CA_DEMINDELCMPW_LOW,2025,3.876296636132012
RE1,CA_DEMINDELCMPW_LOW,2026,3.884273030993724
RE1,CA_DEMINDELCMPW_LOW,2027,3.894578791010089
RE1,CA_DEMINDELCMPW_LOW,2028,3.901112332496514
RE1,CA_DEMINDELCMPW_LOW,2029,3.907686299506828
RE1,CA_DEMINDELCMPW_LOW,2030,3.914166776279135
RE1,CA_DEMINDELCMPW_LOW,2031,3.915739301459646
RE1,CA_DEMINDELCMPW_LOW,2032,3.904173244579649
RE1,CA_DEMINDELCMPW_LOW,2033,3.884615447008974
RE1,CA_DEMINDELCMPW_LOW,2034,3.8537264411008
RE1,CA_DEMINDELCMPW_LOW,2035,3.823458283171626
RE1,CA_DEMINDELCMPW_LOW,2036,3.791119748447389
RE1,CA_DEMINDELCMPW_LOW,2037,3.747973366498401
RE1,CA_DEMINDELCMPW_LOW,2038,3.692049032237888
RE1,CA_DEMINDELCMPW_LOW,2039,3.621761354503221
RE1,CA_DEMINDELCMPW_LOW,2040,3.535067235905542
RE1,CA_DEMINDELCMPW_LOW,2041,3.430184949961854
RE1,CA_DEMINDELCMPW_LOW,2042,3.306091750360454
RE1,CA_DEMINDELCMPW_LOW,2043,3.162344718447375
RE1,CA_DEMINDELCMPW_LOW,2044,2.998730998165323
RE1,CA_DEMINDELCMPW_LOW,2045,2.815985103868335
RE1,CA_DEMINDELCMPW_LOW,2046,2.614633181760409
RE1,CA_DEMINDELCMPW_LOW,2047,2.396471684162647
RE1,CA_DEMINDELCMPW_LOW,2048,2.164898640002532
RE1,CA_DEMINDELCMPW_LOW,2049,1.924280801524492
RE1,CA_DEMINDELCMPW_LOW,2050,1.67970312443518
RE1,CA_DEMINDELCMPW_LOW,2051,1.43702977365745
RE1,CA_DEMINDELCMPW_LOW,2052,1.202385930066746
RE1,CA_DEMINDELCMPW_LOW,2053,0.9817064591511442
RE1,CA_DEMINDELCMPW_LOW,2054,0.7802122901924387
RE1,CA_DEMINDELCMPW_LOW,2055,0.0
RE1,CA_DEMINDELCMPW_MID,2022,0.03146765314212465
RE1,CA_DEMINDELCMPW_MID,2023,0.03945493455966304
RE1,CA_DEMINDELCMPW_MID,2024,0.09052107100306088
RE1,CA_DEMINDELCMPW_MID,2025,0.0877235564934951
RE1,CA_DEMINDELCMPW_MID,2026,0.08790406840755852
RE1,CA_DEMINDELCMPW_MID,2027,0.088137295635985
RE1,CA_DEMINDELCMPW_MID,2028,0.08828515467503395
RE1,CA_DEMINDELCMPW_MID,2029,0.08843392857459574
RE1,CA_DEMINDELCMPW_MID,2030,0.08858058671859359
RE1,CA_DEMINDELCMPW_MID,2031,0.08861617416570075
RE1,CA_DEMINDELCMPW_MID,2032,0.08835442545569185
RE1,CA_DEMINDELCMPW_MID,2033,0.08791181754377736
RE1,CA_DEMINDELCMPW_MID,2034,0.08721277572392391
RE1,CA_DEMINDELCMPW_MID,2035,0.08652778416850378
RE1,CA_DEMINDELCMPW_MID,2036,0.08579593840330733
RE1,CA_DEMINDELCMPW_MID,2037,0.08481950279228843
RE1,CA_DEMINDELCMPW_MID,2038,0.08355389235109202
RE1,CA_DEMINDELCMPW_MID,2039,0.0819632284655989
RE1,CA_DEMINDELCMPW_MID,2040,0.08000127427985167
RE1,CA_DEMINDELCMPW_MID,2041,0.07762770796132319
RE1,CA_DEMINDELCMPW_MID,2042,0.07481938397904032
RE1,CA_DEMINDELCMPW_MID,2043,0.07156627874523079
RE1,CA_DEMINDELCMPW_MID,2044,0.06786357516457929
RE1,CA_DEMINDELCMPW_MID,2045,0.06372789585848963
RE1,CA_DEMINDELCMPW_MID,2046,0.05917114791782276
RE1,CA_DEMINDELCMPW_MID,2047,0.05423398643208064
RE1,CA_DEMINDELCMPW_MID,2048,0.04899331139385103
RE1,CA_DEMINDELCMPW_MID,2049,0.04354794574502037
RE1,CA_DEMINDELCMPW_MID,2050,0.03801296592092689
RE1,CA_DEMINDELCMPW_MID,2051,0.03252108245721488
RE1,CA_DEMINDELCMPW_MID,2052,0.02721091288009509
RE1,CA_DEMINDELCMPW_MID,2053,0.02221676773305684
RE1,CA_DEMINDELCMPW_MID,2054,0.01765680063740217
RE1,CA_DEMINDELCMPW_MID,2055,0.0
RE1,CA_DEMINDELCOTH_LOW,2022,0.05305471675370807
RE1,CA_DEMINDELCOTH_LOW,2023,0.04782934444873486
RE1,CA_DEMINDELCOTH_LOW,2024,0.04570572182373947
RE1,CA_DEMINDELCOTH_LOW,2025,0.03196108823138703
RE1,CA_DEMINDELCOTH_LOW,2026,0.01633643409189375
RE1,CA_DEMINDELCOTH_LOW,2027,0.0036958540701617
RE1,CA_DEMINDELCOTH_LOW,2028,0.0002057756651494558
RE1,CA_DEMINDELCOTH_LOW,2029,1.248073987092048e-06
RE1,CA_DEMINDELCOTH_LOW,2030,2.785730453328115e-10
RE1,CA_DEMINDELCOTH_LOW,2031,5.679512168295168e-16
RE1,CA_DEMINDELCOTH_LOW,2032,1.859390144166723e-24
RE1,CA_DEMINDELCOTH_LOW,2033,1.172276290349873e-36
RE1,CA_DEMINDELCOTH_LOW,2034,1.118362780453083e-53
RE1,CA_DEMINDELCOTH_LOW,2035,8.02640711704935e-77
RE1,CA_DEMINDELCOTH_LOW,2036,1.302467377828361e-107
RE1,CA_DEMINDELCOTH_LOW,2037,8.382402205256945e-148
RE1,CA_DEMINDELCOTH_LOW,2038,2.112948097386086e-199
RE1,CA_DEMINDELCOTH_LOW,2039,1.114582922756868e-264
RE1,CA_DEMINDELCOTH_LOW,2040,0.0
RE1,CA_DEMINDELCOTH_LOW,2041,0.0
RE1,CA_DEMINDELCOTH_LOW,2042,0.0
RE1,CA_DEMINDELCOTH_LOW,2043,0.0
RE1,CA_DEMINDELCOTH_LOW,2044,0.0
RE1,CA_DEMINDELCOTH_LOW,2045,0.0
RE1,CA_DEMINDELCOTH_LOW,2046,0.0
RE1,CA_DEMINDELCOTH_LOW,2047,0.0
RE1,CA_DEMINDELCOTH_LOW,2048,0.0
RE1,CA_DEMINDELCOTH_LOW,2049,0.0
RE1,CA_DEMINDELCOTH_LOW,2050,0.0
RE1,CA_DEMINDELCOTH_LOW,2051,0.0
RE1,CA_DEMINDELCOTH_LOW,2052,0.0
RE1,CA_DEMINDELCOTH_LOW,2053,0.0
RE1,CA_DEMINDELCOTH_LOW,2054,0.0
RE1,CA_DEMINDELCOTH_LOW,2055,0.0
RE1,CA_DEMINDELCOTH_MID,2022,0.000365597335140754
RE1,CA_DEMINDELCOTH_MID,2023,0.0004516575524160202
RE1,CA_DEMINDELCOTH_MID,2024,0.001034355429124654
RE1,CA_DEMINDELCOTH_MID,2025,0.0007233038624870029
RE1,CA_DEMINDELCOTH_MID,2026,0.0003697059935001566
RE1,CA_DEMINDELCOTH_MID,2027,8.364000326844502e-05
RE1,CA_DEMINDELCOTH_MID,2028,4.656860627863997e-06
RE1,CA_DEMINDELCOTH_MID,2029,2.824486854132552e-08
RE1,CA_DEMINDELCOTH_MID,2030,6.304320998560855e-12
RE1,CA_DEMINDELCOTH_MID,2031,1.285317026325655e-17
RE1,CA_DEMINDELCOTH_MID,2032,4.207942055694172e-26
RE1,CA_DEMINDELCOTH_MID,2033,2.652950871301422e-38
RE1,CA_DEMINDELCOTH_MID,2034,2.530940476454215e-55
RE1,CA_DEMINDELCOTH_MID,2035,1.816437296385204e-78
RE1,CA_DEMINDELCOTH_MID,2036,2.94758325600883e-109
RE1,CA_DEMINDELCOTH_MID,2037,1.897001706602654e-149
RE1,CA_DEMINDELCOTH_MID,2038,4.781763089571732e-201
RE1,CA_DEMINDELCOTH_MID,2039,2.522386369499125e-266
RE1,CA_DEMINDELCOTH_MID,2040,0.0
RE1,CA_DEMINDELCOTH_MID,2041,0.0
RE1,CA_DEMINDELCOTH_MID,2042,0.0
RE1,CA_DEMINDELCOTH_MID,2043,0.0
RE1,CA_DEMINDELCOTH_MID,2044,0.0
RE1,CA_DEMINDELCOTH_MID,2045,0.0
RE1,CA_DEMINDELCOTH_MID,2046,0.0
RE1,CA_DEMINDELCOTH_MID,2047,0.0
RE1,CA_DEMINDELCOTH_MID,2048,0.0
RE1,CA_DEMINDELCOTH_MID,2049,0.0
RE1,CA_DEMINDELCOTH_MID,2050,0.0
RE1,CA_DEMINDELCOTH_MID,2051,0.0
RE1,CA_DEMINDELCOTH_MID,2052,0.0
RE1,CA_DEMINDELCOTH_MID,2053,0.0
RE1,CA_DEMINDELCOTH_MID,2054,0.0
RE1,CA_DEMINDELCOTH_MID,2055,0.0
RE1,CA_DEMINDELCREF_LOW,2022,0.3524815738781921
RE1,CA_DEMINDELCREF_LOW,2023,0.3306596301675154
RE1,CA_DEMINDELCREF_LOW,2024,0.3182174490212325
RE1,CA_DEMINDELCREF_LOW,2025,0.3071992441663171
RE1,CA_DEMINDELCREF_LOW,2026,0.3076522867384278
RE1,CA_DEMINDELCREF_LOW,2027,0.3080286749549019
RE1,CA_DEMINDELCREF_LOW,2028,0.3077302005644197
RE1,CA_DEMINDELCREF_LOW,2029,0.306833544546237
RE1,CA_DEMINDELCREF_LOW,2030,0.3050659969884082
RE1,CA_DEMINDELCREF_LOW,2031,0.3016288578637421
RE1,CA_DEMINDELCREF_LOW,2032,0.2958245464707513
RE1,CA_DEMINDELCREF_LOW,2033,0.2875372176021151
RE1,CA_DEMINDELCREF_LOW,2034,0.2760504737264426
RE1,CA_DEMINDELCREF_LOW,2035,0.2618132755945769
RE1,CA_DEMINDELCREF_LOW,2036,0.2444448056184703
RE1,CA_DEMINDELCREF_LOW,2037,0.223416401116356
RE1,CA_DEMINDELCREF_LOW,2038,0.1989864726379023
RE1,CA_DEMINDELCREF_LOW,2039,0.171838517406468
RE1,CA_DEMINDELCREF_LOW,2040,0.1430499958877806
RE1,CA_DEMINDELCREF_LOW,2041,0.1140568780175799
RE1,CA_DEMINDELCREF_LOW,2042,0.08649168597623257
RE1,CA_DEMINDELCREF_LOW,2043,0.0618972960205274
RE1,CA_DEMINDELCREF_LOW,2044,0.04144449820703762
RE1,CA_DEMINDELCREF_LOW,2045,0.02572210063212598
RE1,CA_DEMINDELCREF_LOW,2046,0.01464268170144375
RE1,CA_DEMINDELCREF_LOW,2047,0.007558975848447114
RE1,CA_DEMINDELCREF_LOW,2048,0.003495852718067424
RE1,CA_DEMINDELCREF_LOW,2049,0.001429498976462809
RE1,CA_DEMINDELCREF_LOW,2050,0.0005095409479540066
RE1,CA_DEMINDELCREF_LOW,2051,0.0001559297313754909
RE1,CA_DEMINDELCREF_LOW,2052,4.030444796541292e-05
RE1,CA_DEMINDELCREF_LOW,2053,8.64737553232567e-06
RE1,CA_DEMINDELCREF_LOW,2054,1.511601843560641e-06
RE1,CA_DEMINDELCREF_LOW,2055,0.0
RE1,CA_DEMINDELCREF_MID,2022,0.002428932467857893
RE1,CA_DEMINDELCREF_MID,2023,0.00312245381920966
RE1,CA_DEMINDELCREF_MID,2024,0.007201504164109928
RE1,CA_DEMINDELCREF_MID,2025,0.006952153764288215
RE1,CA_DEMINDELCREF_MID,2026,0.006962406464068223
RE1,CA_DEMINDELCREF_MID,2027,0.00697092441717418
RE1,CA_DEMINDELCREF_MID,2028,0.006964169713519339
RE1,CA_DEMINDELCREF_MID,2029,0.006943877702290609
RE1,CA_DEMINDELCREF_MID,2030,0.006903876749680631
RE1,CA_DEMINDELCREF_MID,2031,0.006826091663428947
RE1,CA_DEMINDELCREF_MID,2032,0.006694735658926422
RE1,CA_DEMINDELCREF_MID,2033,0.006507187070562091
RE1,CA_DEMINDELCREF_MID,2034,0.006247233274479712
RE1,CA_DEMINDELCREF_MID,2035,0.00592503459572326
RE1,CA_DEMINDELCREF_MID,2036,0.0055319728411216
RE1,CA_DEMINDELCREF_MID,2037,0.005056083969997942
RE1,CA_DEMINDELCREF_MID,2038,0.004503216010658753
RE1,CA_DEMINDELCREF_MID,2039,0.003888837027835596
RE1,CA_DEMINDELCREF_MID,2040,0.003237330775638967
RE1,CA_DEMINDELCREF_MID,2041,0.0025811943515837
RE1,CA_DEMINDELCREF_MID,2042,0.001957372980754324
RE1,CA_DEMINDELCREF_MID,2043,0.001400783132446112
RE1,CA_DEMINDELCREF_MID,2044,0.0009379206807654145
RE1,CA_DEMINDELCREF_MID,2045,0.0005821108031054267
RE1,CA_DEMINDELCREF_MID,2046,0.0003313750819479654
RE1,CA_DEMINDELCREF_MID,2047,0.0001710654026560502
RE1,CA_DEMINDELCREF_MID,2048,7.911381975976365e-05
RE1,CA_DEMINDELCREF_MID,2049,3.235065475903841e-05
RE1,CA_DEMINDELCREF_MID,2050,1.15313012211045e-05
RE1,CA_DEMINDELCREF_MID,2051,3.528809036911783e-06
RE1,CA_DEMINDELCREF_MID,2052,9.121204721734369e-07
RE1,CA_DEMINDELCREF_MID,2053,1.956967196368622e-07
RE1,CA_DEMINDELCREF_MID,2054,3.420870541310846e-08
RE1,CA_DEMINDELCREF_MID,2055,0.0
RE1,CA_DEMINDLPGBOI_LOW,2022,0.07759439896777943
RE1,CA_DEMINDLPGBOI_LOW,2023,0.07793916619982956
RE1,CA_DEMINDLPGBOI_LOW,2024,0.07411391665397347
RE1,CA_DEMINDLPGBOI_LOW,2025,0.07236520569574564
RE1,CA_DEMINDLPGBOI_LOW,2026,0.07257938123878754
RE1,CA_DEMINDLPGBOI_LOW,2027,0.07282330424294893
RE1,CA_DEMINDLPGBOI_LOW,2028,0.07296505054446366
RE1,CA_DEMINDLPGBOI_LOW,2029,0.07308913027244017
RE1,CA_DEMINDLPGBOI_LOW,2030,0.07322937358942622
RE1,CA_DEMINDLPGBOI_LOW,2031,0.07328721813648417
RE1,CA_DEMINDLPGBOI_LOW,2032,0.07310247369278967
RE1,CA_DEMINDLPGBOI_LOW,2033,0.07280644682345648
RE1,CA_DEMINDLPGBOI_LOW,2034,0.07227334649344015
RE1,CA_DEMINDLPGBOI_LOW,2035,0.07172823184664495
RE1,CA_DEMINDLPGBOI_LOW,2036,0.07114046703924319
RE1,CA_DEMINDLPGBOI_LOW,2037,0.0703438713821965
RE1,CA_DEMINDLPGBOI_LOW,2038,0.06930476354458237
RE1,CA_DEMINDLPGBOI_LOW,2039,0.06799637256410933
RE1,CA_DEMINDLPGBOI_LOW,2040,0.06638151227547197
RE1,CA_DEMINDLPGBOI_LOW,2041,0.06442587141151432
RE1,CA_DEMINDLPGBOI_LOW,2042,0.06210917495016877
RE1,CA_DEMINDLPGBOI_LOW,2043,0.05942312416408046
RE1,CA_DEMINDLPGBOI_LOW,2044,0.05635990730920261
RE1,CA_DEMINDLPGBOI_LOW,2045,0.05293533077331105
RE1,CA_DEMINDLPGBOI_LOW,2046,0.04915905447273134
RE1,CA_DEMINDLPGBOI_LOW,2047,0.04506500621744765
RE1,CA_DEMINDLPGBOI_LOW,2048,0.04071706189044007
RE1,CA_DEMINDLPGBOI_LOW,2049,0.03619730614848754
RE1,CA_DEMINDLPGBOI_LOW,2050,0.0316017442909878
RE1,CA_DEMINDLPGBOI_LOW,2051,0.0270405425180206
RE1,CA_DEMINDLPGBOI_LOW,2052,0.02262892942000368
RE1,CA_DEMINDLPGBOI_LOW,2053,0.01847875561262403
RE1,CA_DEMINDLPGBOI_LOW,2054,0.01468822430786997
RE1,CA_DEMINDLPGBOI_LOW,2055,0.0
RE1,CA_DEMINDLPGBOI_MID,2022,0.0005346990281026408
RE1,CA_DEMINDLPGBOI_MID,2023,0.0007359877800727744
RE1,CA_DEMINDLPGBOI_MID,2024,0.001677254597583284
RE1,CA_DEMINDLPGBOI_MID,2025,0.001637679931623773
RE1,CA_DEMINDLPGBOI_MID,2026,0.001642526887910459
RE1,CA_DEMINDLPGBOI_MID,2027,0.001648047051985664
RE1,CA_DEMINDLPGBOI_MID,2028,0.001651254879160903
RE1,CA_DEMINDLPGBOI_MID,2029,0.001654062898270016
RE1,CA_DEMINDLPGBOI_MID,2030,0.001657236711756266
RE1,CA_DEMINDLPGBOI_MID,2031,0.001658545778081164
RE1,CA_DEMINDLPGBOI_MID,2032,0.001654364870074222
RE1,CA_DEMINDLPGBOI_MID,2033,0.001647665555694231
RE1,CA_DEMINDLPGBOI_MID,2034,0.001635601087644759
RE1,CA_DEMINDLPGBOI_MID,2035,0.001623264726421051
RE1,CA_DEMINDLPGBOI_MID,2036,0.00160996315945469
RE1,CA_DEMINDLPGBOI_MID,2037,0.001591935590699491
RE1,CA_DEMINDLPGBOI_MID,2038,0.001568419785885664
RE1,CA_DEMINDLPGBOI_MID,2039,0.001538809897668844
RE1,CA_DEMINDLPGBOI_MID,2040,0.001502264374697531
RE1,CA_DEMINDLPGBOI_MID,2041,0.001458006726763352
RE1,CA_DEMINDLPGBOI_MID,2042,0.001405578114615672
RE1,CA_DEMINDLPGBOI_MID,2043,0.001344790731709666
RE1,CA_DEMINDLPGBOI_MID,2044,0.0012754677923051
RE1,CA_DEMINDLPGBOI_MID,2045,0.001197967007042093
RE1,CA_DEMINDLPGBOI_MID,2046,0.001112506987212571
RE1,CA_DEMINDLPGBOI_MID,2047,0.001019855545095941
RE1,CA_DEMINDLPGBOI_MID,2048,0.0009214582407602697
RE1,CA_DEMINDLPGBOI_MID,2049,0.0008191727127461881
RE1,CA_DEMINDLPGBOI_MID,2050,0.0007151716343798005
RE1,CA_DEMINDLPGBOI_MID,2051,0.0006119481509963452
RE1,CA_DEMINDLPGBOI_MID,2052,0.000512109973694851
RE1,CA_DEMINDLPGBOI_MID,2053,0.000418188367423568
RE1,CA_DEMINDLPGBOI_MID,2054,0.0003324057459509343
RE1,CA_DEMINDLPGBOI_MID,2055,0.0
RE1,CA_DEMINDLPGFUR_LOW,2022,0.3275888449587321
RE1,CA_DEMINDLPGFUR_LOW,2023,0.3282684253769779
RE1,CA_DEMINDLPGFUR_LOW,2024,0.3096692766287046
RE1,CA_DEMINDLPGFUR_LOW,2025,0.2890131715198277
RE1,CA_DEMINDLPGFUR_LOW,2026,0.2899761464923333
RE1,CA_DEMINDLPGFUR_LOW,2027,0.2911160897434905
RE1,CA_DEMINDLPGFUR_LOW,2028,0.2918753451152544
RE1,CA_DEMINDLPGFUR_LOW,2029,0.2925526474692954
RE1,CA_DEMINDLPGFUR_LOW,2030,0.2934229990174854
RE1,CA_DEMINDLPGFUR_LOW,2031,0.2945247119163528
RE1,CA_DEMINDLPGFUR_LOW,2032,0.294412654175738
RE1,CA_DEMINDLPGFUR_LOW,2033,0.2939610382144645
RE1,CA_DEMINDLPGFUR_LOW,2034,0.2927002760460203
RE1,CA_DEMINDLPGFUR_LOW,2035,0.2916103382150709
RE1,CA_DEMINDLPGFUR_LOW,2036,0.290748249384551
RE1,CA_DEMINDLPGFUR_LOW,2037,0.2894381383436933
RE1,CA_DEMINDLPGFUR_LOW,2038,0.2876121966627035
RE1,CA_DEMINDLPGFUR_LOW,2039,0.2852266333827394
RE1,CA_DEMINDLPGFUR_LOW,2040,0.2821880316287515
RE1,CA_DEMINDLPGFUR_LOW,2041,0.2783962759324594
RE1,CA_DEMINDLPGFUR_LOW,2042,0.2737611303412434
RE1,CA_DEMINDLPGFUR_LOW,2043,0.2682609086145366
RE1,CA_DEMINDLPGFUR_LOW,2044,0.2618175074766644
RE1,CA_DEMINDLPGFUR_LOW,2045,0.2544221156056545
RE1,CA_DEMINDLPGFUR_LOW,2046,0.2459545084176442
RE1,CA_DEMINDLPGFUR_LOW,2047,0.2363369987622709
RE1,CA_DEMINDLPGFUR_LOW,2048,0.2255748469541287
RE1,CA_DEMINDLPGFUR_LOW,2049,0.2136983826139542
RE1,CA_DEMINDLPGFUR_LOW,2050,0.2007523946232883
RE1,CA_DEMINDLPGFUR_LOW,2051,0.1868405223400576
RE1,CA_DEMINDLPGFUR_LOW,2052,0.1721105604840794
RE1,CA_DEMINDLPGFUR_LOW,2053,0.1567575319813962
RE1,CA_DEMINDLPGFUR_LOW,2054,0.1410040703630928
RE1,CA_DEMINDLPGFUR_LOW,2055,0.0
RE1,CA_DEMINDLPGFUR_MID,2022,0.002257397948135863
RE1,CA_DEMINDLPGFUR_MID,2023,0.003099873419761007
RE1,CA_DEMINDLPGFUR_MID,2024,0.007008052487372328
RE1,CA_DEMINDLPGFUR_MID,2025,0.006540589036158678
RE1,CA_DEMINDLPGFUR_MID,2026,0.006562381896027804
RE1,CA_DEMINDLPGFUR_MID,2027,0.006588179683343708
RE1,CA_DEMINDLPGFUR_MID,2028,0.006605362212894486
RE1,CA_DEMINDLPGFUR_MID,2029,0.006620690082997116
RE1,CA_DEMINDLPGFUR_MID,2030,0.006640386803958863
RE1,CA_DEMINDLPGFUR_MID,2031,0.006665319409173468
RE1,CA_DEMINDLPGFUR_MID,2032,0.006662783456829753
RE1,CA_DEMINDLPGFUR_MID,2033,0.006652563042343704
RE1,CA_DEMINDLPGFUR_MID,2034,0.006624031030557643
RE1,CA_DEMINDLPGFUR_MID,2035,0.006599364904132635
RE1,CA_DEMINDLPGFUR_MID,2036,0.006579855174789005
RE1,CA_DEMINDLPGFUR_MID,2037,0.006550206360290617
RE1,CA_DEMINDLPGFUR_MID,2038,0.006508883904028351
RE1,CA_DEMINDLPGFUR_MID,2039,0.006454896783123291
RE1,CA_DEMINDLPGFUR_MID,2040,0.00638613090227131
RE1,CA_DEMINDLPGFUR_MID,2041,0.006300320571882065
RE1,CA_DEMINDLPGFUR_MID,2042,0.006195423683357976
RE1,CA_DEMINDLPGFUR_MID,2043,0.006070949460494845
RE1,CA_DEMINDLPGFUR_MID,2044,0.00592513036645038
RE1,CA_DEMINDLPGFUR_MID,2045,0.005757766994271665
RE1,CA_DEMINDLPGFUR_MID,2046,0.005566138569708325
RE1,CA_DEMINDLPGFUR_MID,2047,0.005348486973152045
RE1,CA_DEMINDLPGFUR_MID,2048,0.005104931249543851
RE1,CA_DEMINDLPGFUR_MID,2049,0.004836157781389494
RE1,CA_DEMINDLPGFUR_MID,2050,0.004543180175321519
RE1,CA_DEMINDLPGFUR_MID,2051,0.004228343869247154
RE1,CA_DEMINDLPGFUR_MID,2052,0.003894993570672143
RE1,CA_DEMINDLPGFUR_MID,2053,0.003547542797517357
RE1,CA_DEMINDLPGFUR_MID,2054,0.003191029916805438
RE1,CA_DEMINDLPGFUR_MID,2055,0.0
RE1,CA_DEMINDNGSBOI_LOW,2022,6.584015361034654
RE1,CA_DEMINDNGSBOI_LOW,2023,6.701013264225002
RE1,CA_DEMINDNGSBOI_LOW,2024,6.658436223841618
RE1,CA_DEMINDNGSBOI_LOW,2025,6.511278402692407
RE1,CA_DEMINDNGSBOI_LOW,2026,6.528612499339213
RE1,CA_DEMINDNGSBOI_LOW,2027,6.547419735530599
RE1,CA_DEMINDNGSBOI_LOW,2028,6.557669352151809
RE1,CA_DEMINDNGSBOI_LOW,2029,6.565240699696627
RE1,CA_DEMINDNGSBOI_LOW,2030,6.574236914328475
RE1,CA_DEMINDNGSBOI_LOW,2031,6.579530697384875
RE1,CA_DEMINDNGSBOI_LOW,2032,6.56499797660554
RE1,CA_DEMINDNGSBOI_LOW,2033,6.542336888437452
RE1,CA_DEMINDNGSBOI_LOW,2034,6.499792052852702
RE1,CA_DEMINDNGSBOI_LOW,2035,6.452524118191589
RE1,CA_DEMINDNGSBOI_LOW,2036,6.399323411567131
RE1,CA_DEMINDNGSBOI_LOW,2037,6.327467750321745
RE1,CA_DEMINDNGSBOI_LOW,2038,6.234062632477328
RE1,CA_DEMINDNGSBOI_LOW,2039,6.116645460701842
RE1,CA_DEMINDNGSBOI_LOW,2040,5.971984701375433
RE1,CA_DEMINDNGSBOI_LOW,2041,5.797003927063314
RE1,CA_DEMINDNGSBOI_LOW,2042,5.589554804264892
RE1,CA_DEMINDNGSBOI_LOW,2043,5.348750654411392
RE1,CA_DEMINDNGSBOI_LOW,2044,5.073724468463281
RE1,CA_DEMINDNGSBOI_LOW,2045,4.765824539727724
RE1,CA_DEMINDNGSBOI_LOW,2046,4.426138920891978
RE1,CA_DEMINDNGSBOI_LOW,2047,4.057845945904056
RE1,CA_DEMINDNGSBOI_LOW,2048,3.666652706152981
RE1,CA_DEMINDNGSBOI_LOW,2049,3.259917926353439
RE1,CA_DEMINDNGSBOI_LOW,2050,2.846305528521898
RE1,CA_DEMINDNGSBOI_LOW,2051,2.435716516920954
RE1,CA_DEMINDNGSBOI_LOW,2052,2.038517506899615
RE1,CA_DEMINDNGSBOI_LOW,2053,1.66478974330843
RE1,CA_DEMINDNGSBOI_LOW,2054,1.323390466188
RE1,CA_DEMINDNGSBOI_LOW,2055,0.0
RE1,CA_DEMINDNGSBOI_MID,2022,0.04537011255180851
RE1,CA_DEMINDNGSBOI_MID,2023,0.06327837616238137
RE1,CA_DEMINDNGSBOI_MID,2024,0.1506855024447649
RE1,CA_DEMINDNGSBOI_MID,2025,0.147355208442827
RE1,CA_DEMINDNGSBOI_MID,2026,0.1477474923027066
RE1,CA_DEMINDNGSBOI_MID,2027,0.1481731144367669
RE1,CA_DEMINDNGSBOI_MID,2028,0.1484050710972366
RE1,CA_DEMINDNGSBOI_MID,2029,0.1485764164808404
RE1,CA_DEMINDNGSBOI_MID,2030,0.148780007696004
RE1,CA_DEMINDNGSBOI_MID,2031,0.1488998100539256
RE1,CA_DEMINDNGSBOI_MID,2032,0.1485709234717154
RE1,CA_DEMINDNGSBOI_MID,2033,0.1480580857209644
RE1,CA_DEMINDNGSBOI_MID,2034,0.1470952635640799
RE1,CA_DEMINDNGSBOI_MID,2035,0.1460255540640576
RE1,CA_DEMINDNGSBOI_MID,2036,0.1448215813986112
RE1,CA_DEMINDNGSBOI_MID,2037,0.1431954328474706
RE1,CA_DEMINDNGSBOI_MID,2038,0.1410816036178835
RE1,CA_DEMINDNGSBOI_MID,2039,0.1384243632494499
RE1,CA_DEMINDNGSBOI_MID,2040,0.1351505796656876
RE1,CA_DEMINDNGSBOI_MID,2041,0.1311906309616685
RE1,CA_DEMINDNGSBOI_MID,2042,0.1264958987077683
RE1,CA_DEMINDNGSBOI_MID,2043,0.1210463166900669
RE1,CA_DEMINDNGSBOI_MID,2044,0.1148222638311288
RE1,CA_DEMINDNGSBOI_MID,2045,0.1078542530393311
RE1,CA_DEMINDNGSBOI_MID,2046,0.100166907778856
RE1,CA_DEMINDNGSBOI_MID,2047,0.09183215617693806
RE1,CA_DEMINDNGSBOI_MID,2048,0.08297915407506067
RE1,CA_DEMINDNGSBOI_MID,2049,0.07377443503962124
RE1,CA_DEMINDNGSBOI_MID,2050,0.06441407024984315
RE1,CA_DEMINDNGSBOI_MID,2051,0.05512212700198976
RE1,CA_DEMINDNGSBOI_MID,2052,0.04613320972719204
RE1,CA_DEMINDNGSBOI_MID,2053,0.03767546470402133
RE1,CA_DEMINDNGSBOI_MID,2054,0.02994933804638839
RE1,CA_DEMINDNGSBOI_MID,2055,0.0
RE1,CA_DEMINDNGSFUR_LOW,2022,3.626201314595829
RE1,CA_DEMINDNGSFUR_LOW,2023,3.838283283784822
RE1,CA_DEMINDNGSFUR_LOW,2024,3.894245935576584
RE1,CA_DEMINDNGSFUR_LOW,2025,3.773208063364395
RE1,CA_DEMINDNGSFUR_LOW,2026,3.78432140948238
RE1,CA_DEMINDNGSFUR_LOW,2027,3.796978690971652
RE1,CA_DEMINDNGSFUR_LOW,2028,3.805187108087418
RE1,CA_DEMINDNGSFUR_LOW,2029,3.812643117908634
RE1,CA_DEMINDNGSFUR_LOW,2030,3.821955702302727
RE1,CA_DEMINDNGSFUR_LOW,2031,3.832536229868322
RE1,CA_DEMINDNGSFUR_LOW,2032,3.829680561255491
RE1,CA_DEMINDNGSFUR_LOW,2033,3.822879424069254
RE1,CA_DEMINDNGSFUR_LOW,2034,3.807700243380754
RE1,CA_DEMINDNGSFUR_LOW,2035,3.794556697072391
RE1,CA_DEMINDNGSFUR_LOW,2036,3.782518357448013
RE1,CA_DEMINDNGSFUR_LOW,2037,3.764799867756139
RE1,CA_DEMINDNGSFUR_LOW,2038,3.740523258814546
RE1,CA_DEMINDNGSFUR_LOW,2039,3.709050213322882
RE1,CA_DEMINDNGSFUR_LOW,2040,3.669166903996936
RE1,CA_DEMINDNGSFUR_LOW,2041,3.619590460853978
RE1,CA_DEMINDNGSFUR_LOW,2042,3.559171841197011
RE1,CA_DEMINDNGSFUR_LOW,2043,3.487557197228192
RE1,CA_DEMINDNGSFUR_LOW,2044,3.403739253510007
RE1,CA_DEMINDNGSFUR_LOW,2045,3.307351382917521
RE1,CA_DEMINDNGSFUR_LOW,2046,3.19695000565918
RE1,CA_DEMINDNGSFUR_LOW,2047,3.071669012916687
RE1,CA_DEMINDNGSFUR_LOW,2048,2.931532033690707
RE1,CA_DEMINDNGSFUR_LOW,2049,2.776910920007932
RE1,CA_DEMINDNGSFUR_LOW,2050,2.608447477660137
RE1,CA_DEMINDNGSFUR_LOW,2051,2.427483895474377
RE1,CA_DEMINDNGSFUR_LOW,2052,2.235935437946686
RE1,CA_DEMINDNGSFUR_LOW,2053,2.036312863389505
RE1,CA_DEMINDNGSFUR_LOW,2054,1.831523582437794
RE1,CA_DEMINDNGSFUR_LOW,2055,0.0
RE1,CA_DEMINDNGSFUR_MID,2022,0.02498796748749913
RE1,CA_DEMINDNGSFUR_MID,2023,0.03624531453262337
RE1,CA_DEMINDNGSFUR_MID,2024,0.0881297628630406
RE1,CA_DEMINDNGSFUR_MID,2025,0.08539058327552235
RE1,CA_DEMINDNGSFUR_MID,2026,0.08564208679486747
RE1,CA_DEMINDNGSFUR_MID,2027,0.08592853075207871
RE1,CA_DEMINDNGSFUR_MID,2028,0.08611429350714371
RE1,CA_DEMINDNGSFUR_MID,2029,0.08628302870988097
RE1,CA_DEMINDNGSFUR_MID,2030,0.08649377961464426
RE1,CA_DEMINDNGSFUR_MID,2031,0.08673322504278295
RE1,CA_DEMINDNGSFUR_MID,2032,0.08666859907877666
RE1,CA_DEMINDNGSFUR_MID,2033,0.08651468414445107
RE1,CA_DEMINDNGSFUR_MID,2034,0.08617116768024634
RE1,CA_DEMINDNGSFUR_MID,2035,0.08587371917840594
RE1,CA_DEMINDNGSFUR_MID,2036,0.08560128234880854
RE1,CA_DEMINDNGSFUR_MID,2037,0.08520029938043187
RE1,CA_DEMINDNGSFUR_MID,2038,0.08465090115943212
RE1,CA_DEMINDNGSFUR_MID,2039,0.08393864207727751
RE1,CA_DEMINDNGSFUR_MID,2040,0.08303605229449627
RE1,CA_DEMINDNGSFUR_MID,2041,0.08191409948256248
RE1,CA_DEMINDNGSFUR_MID,2042,0.08054677992674394
RE1,CA_DEMINDNGSFUR_MID,2043,0.07892608578084158
RE1,CA_DEMINDNGSFUR_MID,2044,0.07702922163159319
RE1,CA_DEMINDNGSFUR_MID,2045,0.0748478904268573
RE1,CA_DEMINDNGSFUR_MID,2046,0.07234942285226373
RE1,CA_DEMINDNGSFUR_MID,2047,0.06951421820307219
RE1,CA_DEMINDNGSFUR_MID,2048,0.06634281122163307
RE1,CA_DEMINDNGSFUR_MID,2049,0.0628436172036095
RE1,CA_DEMINDNGSFUR_MID,2050,0.05903116070476114
RE1,CA_DEMINDNGSFUR_MID,2051,0.05493581648441313
RE1,CA_DEMINDNGSFUR_MID,2052,0.05060092844242375
RE1,CA_DEMINDNGSFUR_MID,2053,0.04608331695900077
RE1,CA_DEMINDNGSFUR_MID,2054,0.04144877895967058
RE1,CA_DEMINDNGSFUR_MID,2055,0.0
RE1,CA_DEMINDWASBOI_LOW,2022,0.942759294771388
RE1,CA_DEMINDWASBOI_LOW,2023,0.9781179422342514
RE1,CA_DEMINDWASBOI_LOW,2024,0.9358325895853559
RE1,CA_DEMINDWASBOI_LOW,2025,0.9172738628424467
RE1,CA_DEMINDWASBOI_LOW,2026,0.9170639352258417
RE1,CA_DEMINDWASBOI_LOW,2027,0.916857969992664
RE1,CA_DEMINDWASBOI_LOW,2028,0.9153291302039327
RE1,CA_DEMINDWASBOI_LOW,2029,0.9125979865240136
RE1,CA_DEMINDWASBOI_LOW,2030,0.9067625632716325
RE1,CA_DEMINDWASBOI_LOW,2031,0.8947641408623346
RE1,CA_DEMINDWASBOI_LOW,2032,0.8763166479723109
RE1,CA_DEMINDWASBOI_LOW,2033,0.8498408748348286
RE1,CA_DEMINDWASBOI_LOW,2034,0.8147544513927681
RE1,CA_DEMINDWASBOI_LOW,2035,0.7723219263607126
RE1,CA_DEMINDWASBOI_LOW,2036,0.7205946377604212
RE1,CA_DEMINDWASBOI_LOW,2037,0.6582544841117
RE1,CA_DEMINDWASBOI_LOW,2038,0.5859987075013307
RE1,CA_DEMINDWASBOI_LOW,2039,0.5057999252026262
RE1,CA_DEMINDWASBOI_LOW,2040,0.4208244508943582
RE1,CA_DEMINDWASBOI_LOW,2041,0.3353236722859602
RE1,CA_DEMINDWASBOI_LOW,2042,0.2541305047704274
RE1,CA_DEMINDWASBOI_LOW,2043,0.1817568525178178
RE1,CA_DEMINDWASBOI_LOW,2044,0.1216379975211163
RE1,CA_DEMINDWASBOI_LOW,2045,0.07545540571252964
RE1,CA_DEMINDWASBOI_LOW,2046,0.04293270797914605
RE1,CA_DEMINDWASBOI_LOW,2047,0.02215245872035567
RE1,CA_DEMINDWASBOI_LOW,2048,0.0102401281965038
RE1,CA_DEMINDWASBOI_LOW,2049,0.004185327048112498
RE1,CA_DEMINDWASBOI_LOW,2050,0.001491138448414735
RE1,CA_DEMINDWASBOI_LOW,2051,0.0004561045250620887
RE1,CA_DEMINDWASBOI_LOW,2052,0.0001178395671319926
RE1,CA_DEMINDWASBOI_LOW,2053,2.527115653396821e-05
RE1,CA_DEMINDWASBOI_LOW,2054,4.415636020546883e-06
RE1,CA_DEMINDWASBOI_LOW,2055,0.0
RE1,CA_DEMINDWASBOI_MID,2022,0.00649650600242826
RE1,CA_DEMINDWASBOI_MID,2023,0.009236471058833465
RE1,CA_DEMINDWASBOI_MID,2024,0.02117860699197247
RE1,CA_DEMINDWASBOI_MID,2025,0.02075860881672871
RE1,CA_DEMINDWASBOI_MID,2026,0.02075385799426504
RE1,CA_DEMINDWASBOI_MID,2027,0.02074919684356777
RE1,CA_DEMINDWASBOI_MID,2028,0.0207145980302762
RE1,CA_DEMINDWASBOI_MID,2029,0.02065279016070707
RE1,CA_DEMINDWASBOI_MID,2030,0.02052073007104002
RE1,CA_DEMINDWASBOI_MID,2031,0.02024919659853851
RE1,CA_DEMINDWASBOI_MID,2032,0.01983171573042926
RE1,CA_DEMINDWASBOI_MID,2033,0.01923254874230824
RE1,CA_DEMINDWASBOI_MID,2034,0.0184385161545325
RE1,CA_DEMINDWASBOI_MID,2035,0.01747823567132224
RE1,CA_DEMINDWASBOI_MID,2036,0.01630760758226274
RE1,CA_DEMINDWASBOI_MID,2037,0.01489680224310434
RE1,CA_DEMINDWASBOI_MID,2038,0.01326159877534651
RE1,CA_DEMINDWASBOI_MID,2039,0.01144663901604641
RE1,CA_DEMINDWASBOI_MID,2040,0.009523579064555894
RE1,CA_DEMINDWASBOI_MID,2041,0.007588631075132675
RE1,CA_DEMINDWASBOI_MID,2042,0.005751167618119764
RE1,CA_DEMINDWASBOI_MID,2043,0.004113296534456358
RE1,CA_DEMINDWASBOI_MID,2044,0.002752760882084325
RE1,CA_DEMINDWASBOI_MID,2045,0.001707613520612218
RE1,CA_DEMINDWASBOI_MID,2046,0.0009716000057171794
RE1,CA_DEMINDWASBOI_MID,2047,0.0005013270774767294
RE1,CA_DEMINDWASBOI_MID,2048,0.0002317419301643044
RE1,CA_DEMINDWASBOI_MID,2049,9.471715098543511e-05
RE1,CA_DEMINDWASBOI_MID,2050,3.374560313569298e-05
RE1,CA_DEMINDWASBOI_MID,2051,1.032199411630897e-05
RE1,CA_DEMINDWASBOI_MID,2052,2.666799498293172e-06
RE1,CA_DEMINDWASBOI_MID,2053,5.719055933953603e-07
RE1,CA_DEMINDWASBOI_MID,2054,9.992921911406685e-08
RE1,CA_DEMINDWASBOI_MID,2055,0.0
RE1,CA_DEMINDWASFUR_LOW,2022,0.1065883467330446
RE1,CA_DEMINDWASFUR_LOW,2023,0.1107097779301368
RE1,CA_DEMINDWASFUR_LOW,2024,0.1068421212897825
RE1,CA_DEMINDWASFUR_LOW,2025,0.1019747069380293
RE1,CA_DEMINDWASFUR_LOW,2026,0.1020778331615089
RE1,CA_DEMINDWASFUR_LOW,2027,0.1022591255069728
RE1,CA_DEMINDWASFUR_LOW,2028,0.1023952982586583
RE1,CA_DEMINDWASFUR_LOW,2029,0.102566716079185
RE1,CA_DEMINDWASFUR_LOW,2030,0.102700629839907
RE1,CA_DEMINDWASFUR_LOW,2031,0.1026608216805382
RE1,CA_DEMINDWASFUR_LOW,2032,0.102298320780584
RE1,CA_DEMINDWASFUR_LOW,2033,0.1016688293244148
RE1,CA_DEMINDWASFUR_LOW,2034,0.1008022886095699
RE1,CA_DEMINDWASFUR_LOW,2035,0.09999181763709988
RE1,CA_DEMINDWASFUR_LOW,2036,0.09911487600403378
RE1,CA_DEMINDWASFUR_LOW,2037,0.09796589982059233
RE1,CA_DEMINDWASFUR_LOW,2038,0.09648801159955367
RE1,CA_DEMINDWASFUR_LOW,2039,0.09463449630415673
RE1,CA_DEMINDWASFUR_LOW,2040,0.09234991376672216
RE1,CA_DEMINDWASFUR_LOW,2041,0.08958912779496268
RE1,CA_DEMINDWASFUR_LOW,2042,0.08632805737486587
RE1,CA_DEMINDWASFUR_LOW,2043,0.0825542539561158
RE1,CA_DEMINDWASFUR_LOW,2044,0.0782682654839115
RE1,CA_DEMINDWASFUR_LOW,2045,0.07348385138796293
RE1,CA_DEMINDWASFUR_LOW,2046,0.06821595227479767
RE1,CA_DEMINDWASFUR_LOW,2047,0.06251236980604151
RE1,CA_DEMINDWASFUR_LOW,2048,0.05646139832579807
RE1,CA_DEMINDWASFUR_LOW,2049,0.05017686363717833
RE1,CA_DEMINDWASFUR_LOW,2050,0.04379127285405193
RE1,CA_DEMINDWASFUR_LOW,2051,0.03745771448428382
RE1,CA_DEMINDWASFUR_LOW,2052,0.03133585135775211
RE1,CA_DEMINDWASFUR_LOW,2053,0.02557995584483177
RE1,CA_DEMINDWASFUR_LOW,2054,0.02032627516098393
RE1,CA_DEMINDWASFUR_LOW,2055,0.0
RE1,CA_DEMINDWASFUR_MID,2022,0.0007344948367844448
RE1,CA_DEMINDWASFUR_MID,2023,0.001045444128594352
RE1,CA_DEMINDWASFUR_MID,2024,0.00241791889080026
RE1,CA_DEMINDWASFUR_MID,2025,0.002307765582644427
RE1,CA_DEMINDWASFUR_MID,2026,0.002310099407926795
RE1,CA_DEMINDWASFUR_MID,2027,0.002314202192311484
RE1,CA_DEMINDWASFUR_MID,2028,0.002317283885792836
RE1,CA_DEMINDWASFUR_MID,2029,0.002321163202128638
RE1,CA_DEMINDWASFUR_MID,2030,0.00232419377291738
RE1,CA_DEMINDWASFUR_MID,2031,0.002323292883835584
RE1,CA_DEMINDWASFUR_MID,2032,0.002315089211320003
RE1,CA_DEMINDWASFUR_MID,2033,0.002300843338389977
RE1,CA_DEMINDWASFUR_MID,2034,0.002281232859500397
RE1,CA_DEMINDWASFUR_MID,2035,0.002262891281748816
RE1,CA_DEMINDWASFUR_MID,2036,0.002243045422127882
RE1,CA_DEMINDWASFUR_MID,2037,0.002217043212648275
RE1,CA_DEMINDWASFUR_MID,2038,0.002183597472288549
RE1,CA_DEMINDWASFUR_MID,2039,0.002141651004050874
RE1,CA_DEMINDWASFUR_MID,2040,0.002089949154553959
RE1,CA_DEMINDWASFUR_MID,2041,0.00202747045725752
RE1,CA_DEMINDWASFUR_MID,2042,0.00195366994040335
RE1,CA_DEMINDWASFUR_MID,2043,0.001868265883780272
RE1,CA_DEMINDWASFUR_MID,2044,0.00177127068780707
RE1,CA_DEMINDWASFUR_MID,2045,0.00166299573889784
RE1,CA_DEMINDWASFUR_MID,2046,0.001543779154401119
RE1,CA_DEMINDWASFUR_MID,2047,0.001414702722466203
RE1,CA_DEMINDWASFUR_MID,2048,0.001277764611605488
RE1,CA_DEMINDWASFUR_MID,2049,0.001135540786768752
RE1,CA_DEMINDWASFUR_MID,2050,0.0009910299852510193
RE1,CA_DEMINDWASFUR_MID,2051,0.0008476967170289017
RE1,CA_DEMINDWASFUR_MID,2052,0.0007091542740125618
RE1,CA_DEMINDWASFUR_MID,2053,0.0005788939578923362
RE1,CA_DEMINDWASFUR_MID,2054,0.0004599991473217519
RE1,CA_DEMINDWASFUR_MID,2055,0.0
RE1,CA_PWRCOA,2022,7.879
RE1,CA_PWRCOA,2023,10.804
RE1,CA_PWRCOA,2024,14.65
RE1,CA_PWRCOA,2025,13.674
RE1,CA_PWRCOA,2026,12.698
RE1,CA_PWRCOA,2027,11.722
RE1,CA_PWRCOA,2028,10.746
RE1,CA_PWRCOA,2029,9.77
RE1,CA_PWRCOA,2030,8.794
RE1,CA_PWRCOA,2031,7.818
RE1,CA_PWRCOA,2032,6.842
RE1,CA_PWRCOA,2033,5.866
RE1,CA_PWRCOA,2034,4.89
RE1,CA_PWRCOA,2035,3.914
RE1,CA_PWRCOA,2036,2.938
RE1,CA_PWRCOA,2037,1.962
RE1,CA_PWRCOA,2038,0.986
RE1,CA_PWRCOA,2039,0.01
RE1,CA_PWRCOA,2040,0.0
RE1,CA_PWRCOA,2041,0.0
RE1,CA_PWRCOA,2042,0.0
RE1,CA_PWRCOA,2043,0.0
RE1,CA_PWRCOA,2044,0.0
RE1,CA_PWRCOA,2045,0.0
RE1,CA_PWRCOA,2046,0.0
RE1,CA_PWRCOA,2047,0.0
RE1,CA_PWRCOA,2048,0.0
RE1,CA_PWRCOA,2049,0.0
RE1,CA_PWRCOA,2050,0.0
RE1,CA_PWRCOA,2051,0.0
RE1,CA_PWRCOA,2052,0.0
RE1,CA_PWRCOA,2053,0.0
RE1,CA_PWRCOA,2054,0.0
RE1,CA_PWRCOA,2055,0.0
RE1,CA_PWRFOL,2022,1.355
RE1,CA_PWRFOL,2023,2.189
RE1,CA_PWRFOL,2024,1.995
RE1,CA_PWRFOL,2025,1.862
RE1,CA_PWRFOL,2026,1.729
RE1,CA_PWRFOL,2027,1.596
RE1,CA_PWRFOL,2028,1.463
RE1,CA_PWRFOL,2029,1.33
RE1,CA_PWRFOL,2030,1.197
RE1,CA_PWRFOL,2031,1.064
RE1,CA_PWRFOL,2032,0.931
RE1,CA_PWRFOL,2033,0.798
RE1,CA_PWRFOL,2034,0.665
RE1,CA_PWRFOL,2035,0.532
RE1,CA_PWRFOL,2036,0.399
RE1,CA_PWRFOL,2037,0.266
RE1,CA_PWRFOL,2038,0.133
RE1,CA_PWRFOL,2039,0.0
RE1,CA_PWRFOL,2040,0.0
RE1,CA_PWRFOL,2041,0.0
RE1,CA_PWRFOL,2042,0.0
RE1,CA_PWRFOL,2043,0.0
RE1,CA_PWRFOL,2044,0.0
RE1,CA_PWRFOL,2045,0.0
RE1,CA_PWRFOL,2046,0.0
RE1,CA_PWRFOL,2047,0.0
RE1,CA_PWRFOL,2048,0.0
RE1,CA_PWRFOL,2049,0.0
RE1,CA_PWRFOL,2050,0.0
RE1,CA_PWRFOL,2051,0.0
RE1,CA_PWRFOL,2052,0.0
RE1,CA_PWRFOL,2053,0.0
RE1,CA_PWRFOL,2054,0.0
RE1,CA_PWRFOL,2055,0.0
RE1,CA_PWRHYDDAM,2022,6.43
RE1,CA_PWRHYDDAM,2023,4.544
RE1,CA_PWRHYDDAM,2024,4.726
RE1,CA_PWRHYDDAM,2025,4.726
RE1,CA_PWRHYDDAM,2026,4.726
RE1,CA_PWRHYDDAM,2027,4.726
RE1,CA_PWRHYDDAM,2028,4.726
RE1,CA_PWRHYDDAM,2029,4.726
RE1,CA_PWRHYDDAM,2030,4.726
RE1,CA_PWRHYDDAM,2031,4.726
RE1,CA_PWRHYDDAM,2032,4.726
RE1,CA_PWRHYDDAM,2033,4.726
RE1,CA_PWRHYDDAM,2034,4.726
RE1,CA_PWRHYDDAM,2035,4.726
RE1,CA_PWRHYDDAM,2036,4.726
RE1,CA_PWRHYDDAM,2037,4.726
RE1,CA_PWRHYDDAM,2038,4.726
RE1,CA_PWRHYDDAM,2039,4.726
RE1,CA_PWRHYDDAM,2040,4.726
RE1,CA_PWRHYDDAM,2041,4.726
RE1,CA_PWRHYDDAM,2042,4.726
RE1,CA_PWRHYDDAM,2043,4.726
RE1,CA_PWRHYDDAM,2044,4.726
RE1,CA_PWRHYDDAM,2045,4.726
RE1,CA_PWRHYDDAM,2046,4.726
RE1,CA_PWRHYDDAM,2047,4.726
RE1,CA_PWRHYDDAM,2048,4.726
RE1,CA_PWRHYDDAM,2049,4.726
RE1,CA_PWRHYDDAM,2050,4.726
RE1,CA_PWRHYDDAM,2051,4.726
RE1,CA_PWRHYDDAM,2052,4.726
RE1,CA_PWRHYDDAM,2053,4.726
RE1,CA_PWRHYDDAM,2054,4.726
RE1,CA_PWRHYDDAM,2055,4.726
RE1,CA_PWRLPG,2022,0.0
RE1,CA_PWRLPG,2023,0.0
RE1,CA_PWRLPG,2024,0.3
RE1,CA_PWRLPG,2025,0.28
RE1,CA_PWRLPG,2026,0.26
RE1,CA_PWRLPG,2027,0.24
RE1,CA_PWRLPG,2028,0.22
RE1,CA_PWRLPG,2029,0.2
RE1,CA_PWRLPG,2030,0.18
RE1,CA_PWRLPG,2031,0.16
RE1,CA_PWRLPG,2032,0.14
RE1,CA_PWRLPG,2033,0.12
RE1,CA_PWRLPG,2034,0.1
RE1,CA_PWRLPG,2035,0.08
RE1,CA_PWRLPG,2036,0.06
RE1,CA_PWRLPG,2037,0.04
RE1,CA_PWRLPG,2038,0.02
RE1,CA_PWRLPG,2039,0.0
RE1,CA_PWRLPG,2040,0.0
RE1,CA_PWRLPG,2041,0.0
RE1,CA_PWRLPG,2042,0.0
RE1,CA_PWRLPG,2043,0.0
RE1,CA_PWRLPG,2044,0.0
RE1,CA_PWRLPG,2045,0.0
RE1,CA_PWRLPG,2046,0.0
RE1,CA_PWRLPG,2047,0.0
RE1,CA_PWRLPG,2048,0.0
RE1,CA_PWRLPG,2049,0.0
RE1,CA_PWRLPG,2050,0.0
RE1,CA_PWRLPG,2051,0.0
RE1,CA_PWRLPG,2052,0.0
RE1,CA_PWRLPG,2053,0.0
RE1,CA_PWRLPG,2054,0.0
RE1,CA_PWRLPG,2055,0.0
RE1,CA_PWRNGS_CC,2022,13.067
RE1,CA_PWRNGS_CC,2023,19.013
RE1,CA_PWRNGS_CC,2024,34.956
RE1,CA_PWRNGS_CC,2025,32.626
RE1,CA_PWRNGS_CC,2026,30.296
RE1,CA_PWRNGS_CC,2027,27.966
RE1,CA_PWRNGS_CC,2028,25.636
RE1,CA_PWRNGS_CC,2029,23.306
RE1,CA_PWRNGS_CC,2030,20.976
RE1,CA_PWRNGS_CC,2031,18.646
RE1,CA_PWRNGS_CC,2032,16.316
RE1,CA_PWRNGS_CC,2033,13.986
RE1,CA_PWRNGS_CC,2034,11.656
RE1,CA_PWRNGS_CC,2035,9.326
RE1,CA_PWRNGS_CC,2036,6.996
RE1,CA_PWRNGS_CC,2037,4.666
RE1,CA_PWRNGS_CC,2038,2.336
RE1,CA_PWRNGS_CC,2039,0.006
RE1,CA_PWRNGS_CC,2040,0.0
RE1,CA_PWRNGS_CC,2041,0.0
RE1,CA_PWRNGS_CC,2042,0.0
RE1,CA_PWRNGS_CC,2043,0.0
RE1,CA_PWRNGS_CC,2044,0.0
RE1,CA_PWRNGS_CC,2045,0.0
RE1,CA_PWRNGS_CC,2046,0.0
RE1,CA_PWRNGS_CC,2047,0.0
RE1,CA_PWRNGS_CC,2048,0.0
RE1,CA_PWRNGS_CC,2049,0.0
RE1,CA_PWRNGS_CC,2050,0.0
RE1,CA_PWRNGS_CC,2051,0.0
RE1,CA_PWRNGS_CC,2052,0.0
RE1,CA_PWRNGS_CC,2053,0.0
RE1,CA_PWRNGS_CC,2054,0.0
RE1,CA_PWRNGS_CC,2055,0.0
RE1,CA_PWRNGS_CS,2022,1.669
RE1,CA_PWRNGS_CS,2023,3.754
RE1,CA_PWRNGS_CS,2024,3.975
RE1,CA_PWRNGS_CS,2025,3.71
RE1,CA_PWRNGS_CS,2026,3.445
RE1,CA_PWRNGS_CS,2027,3.18
RE1,CA_PWRNGS_CS,2028,2.915
RE1,CA_PWRNGS_CS,2029,2.65
RE1,CA_PWRNGS_CS,2030,2.385
RE1,CA_PWRNGS_CS,2031,2.12
RE1,CA_PWRNGS_CS,2032,1.855
RE1,CA_PWRNGS_CS,2033,1.59
RE1,CA_PWRNGS_CS,2034,1.325
RE1,CA_PWRNGS_CS,2035,1.06
RE1,CA_PWRNGS_CS,2036,0.795
RE1,CA_PWRNGS_CS,2037,0.53
RE1,CA_PWRNGS_CS,2038,0.265
RE1,CA_PWRNGS_CS,2039,0.0
RE1,CA_PWRNGS_CS,2040,0.0
RE1,CA_PWRNGS_CS,2041,0.0
RE1,CA_PWRNGS_CS,2042,0.0
RE1,CA_PWRNGS_CS,2043,0.0
RE1,CA_PWRNGS_CS,2044,0.0
RE1,CA_PWRNGS_CS,2045,0.0
RE1,CA_PWRNGS_CS,2046,0.0
RE1,CA_PWRNGS_CS,2047,0.0
RE1,CA_PWRNGS_CS,2048,0.0
RE1,CA_PWRNGS_CS,2049,0.0
RE1,CA_PWRNGS_CS,2050,0.0
RE1,CA_PWRNGS_CS,2051,0.0
RE1,CA_PWRNGS_CS,2052,0.0
RE1,CA_PWRNGS_CS,2053,0.0
RE1,CA_PWRNGS_CS,2054,0.0
RE1,CA_PWRNGS_CS,2055,0.0
RE1,CA_PWRSOLRTP,2022,0.0
RE1,CA_PWRSOLRTP,2023,0.0
RE1,CA_PWRSOLRTP,2024,0.045
RE1,CA_PWRSOLRTP,2025,0.045
RE1,CA_PWRSOLRTP,2026,0.045
RE1,CA_PWRSOLRTP,2027,0.045
RE1,CA_PWRSOLRTP,2028,0.045
RE1,CA_PWRSOLRTP,2029,0.045
RE1,CA_PWRSOLRTP,2030,0.045
RE1,CA_PWRSOLRTP,2031,0.045
RE1,CA_PWRSOLRTP,2032,0.045
RE1,CA_PWRSOLRTP,2033,0.045
RE1,CA_PWRSOLRTP,2034,0.045
RE1,CA_PWRSOLRTP,2035,0.045
RE1,CA_PWRSOLRTP,2036,0.045
RE1,CA_PWRSOLRTP,2037,0.045
RE1,CA_PWRSOLRTP,2038,0.045
RE1,CA_PWRSOLRTP,2039,0.045
RE1,CA_PWRSOLRTP,2040,0.045
RE1,CA_PWRSOLRTP,2041,0.045
RE1,CA_PWRSOLRTP,2042,0.045
RE1,CA_PWRSOLRTP,2043,0.045
RE1,CA_PWRSOLRTP,2044,0.045
RE1,CA_PWRSOLRTP,2045,0.045
RE1,CA_PWRSOLRTP,2046,0.045
RE1,CA_PWRSOLRTP,2047,0.045
RE1,CA_PWRSOLRTP,2048,0.045
RE1,CA_PWRSOLRTP,2049,0.045
RE1,CA_PWRSOLRTP,2050,0.045
RE1,CA_PWRSOLRTP,2051,0.045
RE1,CA_PWRSOLRTP,2052,0.045
RE1,CA_PWRSOLRTP,2053,0.045
RE1,CA_PWRSOLRTP,2054,0.045
RE1,CA_PWRSOLRTP,2055,0.045
RE1,CA_PWRSOLUGE,2022,0.341
RE1,CA_PWRSOLUGE,2023,0.837
RE1,CA_PWRSOLUGE,2024,3.675
RE1,CA_PWRSOLUGE,2025,3.43
RE1,CA_PWRSOLUGE,2026,3.185
RE1,CA_PWRSOLUGE,2027,2.94
RE1,CA_PWRSOLUGE,2028,2.695
RE1,CA_PWRSOLUGE,2029,2.45
RE1,CA_PWRSOLUGE,2030,2.205
RE1,CA_PWRSOLUGE,2031,1.96
RE1,CA_PWRSOLUGE,2032,1.715
RE1,CA_PWRSOLUGE,2033,1.47
RE1,CA_PWRSOLUGE,2034,1.225
RE1,CA_PWRSOLUGE,2035,0.98
RE1,CA_PWRSOLUGE,2036,0.735
RE1,CA_PWRSOLUGE,2037,0.49
RE1,CA_PWRSOLUGE,2038,0.245
RE1,CA_PWRSOLUGE,2039,0.0
RE1,CA_PWRSOLUGE,2040,0.0
RE1,CA_PWRSOLUGE,2041,0.0
RE1,CA_PWRSOLUGE,2042,0.0
RE1,CA_PWRSOLUGE,2043,0.0
RE1,CA_PWRSOLUGE,2044,0.0
RE1,CA_PWRSOLUGE,2045,0.0
RE1,CA_PWRSOLUGE,2046,0.0
RE1,CA_PWRSOLUGE,2047,0.0
RE1,CA_PWRSOLUGE,2048,0.0
RE1,CA_PWRSOLUGE,2049,0.0
RE1,CA_PWRSOLUGE,2050,0.0
RE1,CA_PWRSOLUGE,2051,0.0
RE1,CA_PWRSOLUGE,2052,0.0
RE1,CA_PWRSOLUGE,2053,0.0
RE1,CA_PWRSOLUGE,2054,0.0
RE1,CA_PWRSOLUGE,2055,0.0
RE1,NE_DEMINDCOABOI_LOW,2022,0.9720209137631189
RE1,NE_DEMINDCOABOI_LOW,2023,0.9031287640004773
RE1,NE_DEMINDCOABOI_LOW,2024,0.8364784581390795
RE1,NE_DEMINDCOABOI_LOW,2025,0.828807109207435
RE1,NE_DEMINDCOABOI_LOW,2026,0.8330576092924173
RE1,NE_DEMINDCOABOI_LOW,2027,0.8368019994773023
RE1,NE_DEMINDCOABOI_LOW,2028,0.8385436997666416
RE1,NE_DEMINDCOABOI_LOW,2029,0.8383796129764213
RE1,NE_DEMINDCOABOI_LOW,2030,0.8395507505149123
RE1,NE_DEMINDCOABOI_LOW,2031,0.8457721794127396
RE1,NE_DEMINDCOABOI_LOW,2032,0.8475149290343147
RE1,NE_DEMINDCOABOI_LOW,2033,0.8499471279114321
RE1,NE_DEMINDCOABOI_LOW,2034,0.8491018873608916
RE1,NE_DEMINDCOABOI_LOW,2035,0.844813016049608
RE1,NE_DEMINDCOABOI_LOW,2036,0.8390262882580667
RE1,NE_DEMINDCOABOI_LOW,2037,0.8305809500801252
RE1,NE_DEMINDCOABOI_LOW,2038,0.8193033698562207
RE1,NE_DEMINDCOABOI_LOW,2039,0.8049640735511602
RE1,NE_DEMINDCOABOI_LOW,2040,0.787246097135894
RE1,NE_DEMINDCOABOI_LOW,2041,0.7657065580322456
RE1,NE_DEMINDCOABOI_LOW,2042,0.7396726195092409
RE1,NE_DEMINDCOABOI_LOW,2043,0.7091139005171776
RE1,NE_DEMINDCOABOI_LOW,2044,0.6737056974463148
RE1,NE_DEMINDCOABOI_LOW,2045,0.6337340044464753
RE1,NE_DEMINDCOABOI_LOW,2046,0.5893687787540026
RE1,NE_DEMINDCOABOI_LOW,2047,0.5410645791898171
RE1,NE_DEMINDCOABOI_LOW,2048,0.4895790462961777
RE1,NE_DEMINDCOABOI_LOW,2049,0.4358777662429306
RE1,NE_DEMINDCOABOI_LOW,2050,0.3811080779066
RE1,NE_DEMINDCOABOI_LOW,2051,0.3265817006049689
RE1,NE_DEMINDCOABOI_LOW,2052,0.2736865535203355
RE1,NE_DEMINDCOABOI_LOW,2053,0.2238016358781797
RE1,NE_DEMINDCOABOI_LOW,2054,0.1781235481386201
RE1,NE_DEMINDCOABOI_LOW,2055,0.0
RE1,NE_DEMINDCOABOI_MID,2022,0.006698146319818763
RE1,NE_DEMINDCOABOI_MID,2023,0.008528340326766718
RE1,NE_DEMINDCOABOI_MID,2024,0.01893014703626417
RE1,NE_DEMINDCOABOI_MID,2025,0.01875653854482067
RE1,NE_DEMINDCOABOI_MID,2026,0.01885273061145843
RE1,NE_DEMINDCOABOI_MID,2027,0.01893746902411129
RE1,NE_DEMINDCOABOI_MID,2028,0.01897688503327385
RE1,NE_DEMINDCOABOI_MID,2029,0.01897317162375882
RE1,NE_DEMINDCOABOI_MID,2030,0.01899967536164663
RE1,NE_DEMINDCOABOI_MID,2031,0.01914047105419027
RE1,NE_DEMINDCOABOI_MID,2032,0.0191799108105436
RE1,NE_DEMINDCOABOI_MID,2033,0.01923495333066743
RE1,NE_DEMINDCOABOI_MID,2034,0.01921582489078108
RE1,NE_DEMINDCOABOI_MID,2035,0.01911876445395544
RE1,NE_DEMINDCOABOI_MID,2036,0.01898780637979723
RE1,NE_DEMINDCOABOI_MID,2037,0.01879668191995752
RE1,NE_DEMINDCOABOI_MID,2038,0.01854146165723044
RE1,NE_DEMINDCOABOI_MID,2039,0.01821695241875557
RE1,NE_DEMINDCOABOI_MID,2040,0.017815981066221
RE1,NE_DEMINDCOABOI_MID,2041,0.01732852482827731
RE1,NE_DEMINDCOABOI_MID,2042,0.01673935689528601
RE1,NE_DEMINDCOABOI_MID,2043,0.01604778972086459
RE1,NE_DEMINDCOABOI_MID,2044,0.01524647501407284
RE1,NE_DEMINDCOABOI_MID,2045,0.01434188504117772
RE1,NE_DEMINDCOABOI_MID,2046,0.0133378660643783
RE1,NE_DEMINDCOABOI_MID,2047,0.01224470509732439
RE1,NE_DEMINDCOABOI_MID,2048,0.01107954812474046
RE1,NE_DEMINDCOABOI_MID,2049,0.00986424709988783
RE1,NE_DEMINDCOABOI_MID,2050,0.008624767178738781
RE1,NE_DEMINDCOABOI_MID,2051,0.007390793572328144
RE1,NE_DEMINDCOABOI_MID,2052,0.006193735952883218
RE1,NE_DEMINDCOABOI_MID,2053,0.005064802127188774
RE1,NE_DEMINDCOABOI_MID,2054,0.004031072078516717
RE1,NE_DEMINDCOABOI_MID,2055,0.0
RE1,NE_DEMINDCOAFUR_LOW,2022,3.416643004628403
RE1,NE_DEMINDCOAFUR_LOW,2023,4.189021162783997
RE1,NE_DEMINDCOAFUR_LOW,2024,3.852545169719532
RE1,NE_DEMINDCOAFUR_LOW,2025,3.889805056863721
RE1,NE_DEMINDCOAFUR_LOW,2026,3.905157153626098
RE1,NE_DEMINDCOAFUR_LOW,2027,3.918591623414847
RE1,NE_DEMINDCOAFUR_LOW,2028,3.925118057639777
RE1,NE_DEMINDCOAFUR_LOW,2029,3.924449702516996
RE1,NE_DEMINDCOAFUR_LOW,2030,3.929480830682864
RE1,NE_DEMINDCOAFUR_LOW,2031,3.95700601397381
RE1,NE_DEMINDCOAFUR_LOW,2032,3.968123788548957
RE1,NE_DEMINDCOAFUR_LOW,2033,3.983420571376958
RE1,NE_DEMINDCOAFUR_LOW,2034,3.988890997039412
RE1,NE_DEMINDCOAFUR_LOW,2035,3.982639688893773
RE1,NE_DEMINDCOAFUR_LOW,2036,3.973071919602641
RE1,NE_DEMINDCOAFUR_LOW,2037,3.957037540659786
RE1,NE_DEMINDCOAFUR_LOW,2038,3.934461996674331
RE1,NE_DEMINDCOAFUR_LOW,2039,3.904964450728135
RE1,NE_DEMINDCOAFUR_LOW,2040,3.86783333852097
RE1,NE_DEMINDCOAFUR_LOW,2041,3.821692732543169
RE1,NE_DEMINDCOAFUR_LOW,2042,3.763767999704239
RE1,NE_DEMINDCOAFUR_LOW,2043,3.693714974715346
RE1,NE_DEMINDCOAFUR_LOW,2044,3.609483002048963
RE1,NE_DEMINDCOAFUR_LOW,2045,3.511006596296333
RE1,NE_DEMINDCOAFUR_LOW,2046,3.397175074620308
RE1,NE_DEMINDCOAFUR_LOW,2047,3.267364485539102
RE1,NE_DEMINDCOAFUR_LOW,2048,3.121546251874616
RE1,NE_DEMINDCOAFUR_LOW,2049,2.960007729730604
RE1,NE_DEMINDCOAFUR_LOW,2050,2.783414677927087
RE1,NE_DEMINDCOAFUR_LOW,2051,2.593060699379277
RE1,NE_DEMINDCOAFUR_LOW,2052,2.390874006163336
RE1,NE_DEMINDCOAFUR_LOW,2053,2.179572433392056
RE1,NE_DEMINDCOAFUR_LOW,2054,1.962165705220537
RE1,NE_DEMINDCOAFUR_LOW,2055,0.0
RE1,NE_DEMINDCOAFUR_MID,2022,0.02354391190924865
RE1,NE_DEMINDCOAFUR_MID,2023,0.03955736937665633
RE1,NE_DEMINDCOAFUR_MID,2024,0.08718604264942621
RE1,NE_DEMINDCOAFUR_MID,2025,0.08802926238250014
RE1,NE_DEMINDCOAFUR_MID,2026,0.08837669206965942
RE1,NE_DEMINDCOAFUR_MID,2027,0.08868072439228616
RE1,NE_DEMINDCOAFUR_MID,2028,0.08882842258857361
RE1,NE_DEMINDCOAFUR_MID,2029,0.08881329720115495
RE1,NE_DEMINDCOAFUR_MID,2030,0.08892715547809145
RE1,NE_DEMINDCOAFUR_MID,2031,0.08955007142031052
RE1,NE_DEMINDCOAFUR_MID,2032,0.08980167515902703
RE1,NE_DEMINDCOAFUR_MID,2033,0.09014785304956122
RE1,NE_DEMINDCOAFUR_MID,2034,0.09027165296470982
RE1,NE_DEMINDCOAFUR_MID,2035,0.09013018108194397
RE1,NE_DEMINDCOAFUR_MID,2036,0.08991365514785943
RE1,NE_DEMINDCOAFUR_MID,2037,0.0895507848933179
RE1,NE_DEMINDCOAFUR_MID,2038,0.08903988307282264
RE1,NE_DEMINDCOAFUR_MID,2039,0.08837233105574778
RE1,NE_DEMINDCOAFUR_MID,2040,0.08753202559795348
RE1,NE_DEMINDCOAFUR_MID,2041,0.0864878284079322
RE1,NE_DEMINDCOAFUR_MID,2042,0.08517694741750391
RE1,NE_DEMINDCOAFUR_MID,2043,0.08359159390305115
RE1,NE_DEMINDCOAFUR_MID,2044,0.08168535996215978
RE1,NE_DEMINDCOAFUR_MID,2045,0.07945676360996286
RE1,NE_DEMINDCOAFUR_MID,2046,0.0768806692446844
RE1,NE_DEMINDCOAFUR_MID,2047,0.07394295636725041
RE1,NE_DEMINDCOAFUR_MID,2048,0.07064297825427182
RE1,NE_DEMINDCOAFUR_MID,2049,0.06698723799407436
RE1,NE_DEMINDCOAFUR_MID,2050,0.06299080221776009
RE1,NE_DEMINDCOAFUR_MID,2051,0.05868294614832281
RE1,NE_DEMINDCOAFUR_MID,2052,0.05410730669925838
RE1,NE_DEMINDCOAFUR_MID,2053,0.04932539055708664
RE1,NE_DEMINDCOAFUR_MID,2054,0.04440531008051839
RE1,NE_DEMINDCOAFUR_MID,2055,0.0
RE1,NE_DEMINDCOAOTH_LOW,2022,0.001908498108451994
RE1,NE_DEMINDCOAOTH_LOW,2023,0.001858758351098557
RE1,NE_DEMINDCOAOTH_LOW,2024,0.001801360276994438
RE1,NE_DEMINDCOAOTH_LOW,2025,0.001291993197228277
RE1,NE_DEMINDCOAOTH_LOW,2026,0.0006631735989051558
RE1,NE_DEMINDCOAOTH_LOW,2027,0.0001504536453411869
RE1,NE_DEMINDCOAOTH_LOW,2028,8.385867613205897e-06
RE1,NE_DEMINDCOAOTH_LOW,2029,5.078523886929095e-08
RE1,NE_DEMINDCOAOTH_LOW,2030,1.133849283506647e-11
RE1,NE_DEMINDCOAOTH_LOW,2031,2.330361380670313e-17
RE1,NE_DEMINDCOAOTH_LOW,2032,7.67501100206288e-26
RE1,NE_DEMINDCOAOTH_LOW,2033,4.883833738843909e-38
RE1,NE_DEMINDCOAOTH_LOW,2034,4.695811871766046e-55
RE1,NE_DEMINDCOAOTH_LOW,2035,3.380938334601376e-78
RE1,NE_DEMINDCOAOTH_LOW,2036,5.49858942644799e-109
RE1,NE_DEMINDCOAOTH_LOW,2037,3.545384730491758e-149
RE1,NE_DEMINDCOAOTH_LOW,2038,8.95350199789181e-201
RE1,NE_DEMINDCOAOTH_LOW,2039,4.732734413877914e-266
RE1,NE_DEMINDCOAOTH_LOW,2040,0.0
RE1,NE_DEMINDCOAOTH_LOW,2041,0.0
RE1,NE_DEMINDCOAOTH_LOW,2042,0.0
RE1,NE_DEMINDCOAOTH_LOW,2043,0.0
RE1,NE_DEMINDCOAOTH_LOW,2044,0.0
RE1,NE_DEMINDCOAOTH_LOW,2045,0.0
RE1,NE_DEMINDCOAOTH_LOW,2046,0.0
RE1,NE_DEMINDCOAOTH_LOW,2047,0.0
RE1,NE_DEMINDCOAOTH_LOW,2048,0.0
RE1,NE_DEMINDCOAOTH_LOW,2049,0.0
RE1,NE_DEMINDCOAOTH_LOW,2050,0.0
RE1,NE_DEMINDCOAOTH_LOW,2051,0.0
RE1,NE_DEMINDCOAOTH_LOW,2052,0.0
RE1,NE_DEMINDCOAOTH_LOW,2053,0.0
RE1,NE_DEMINDCOAOTH_LOW,2054,0.0
RE1,NE_DEMINDCOAOTH_LOW,2055,0.0
RE1,NE_DEMINDDSLBOI_LOW,2022,0.1977279778870016
RE1,NE_DEMINDDSLBOI_LOW,2023,0.1918538070241263
RE1,NE_DEMINDDSLBOI_LOW,2024,0.185887236554125
RE1,NE_DEMINDDSLBOI_LOW,2025,0.1875296922521349
RE1,NE_DEMINDDSLBOI_LOW,2026,0.1882726225436194
RE1,NE_DEMINDDSLBOI_LOW,2027,0.1888439137628304
RE1,NE_DEMINDDSLBOI_LOW,2028,0.1890345129923089
RE1,NE_DEMINDDSLBOI_LOW,2029,0.1888536070422735
RE1,NE_DEMINDDSLBOI_LOW,2030,0.1888784546200049
RE1,NE_DEMINDDSLBOI_LOW,2031,0.1896506237602733
RE1,NE_DEMINDDSLBOI_LOW,2032,0.1898387835073176
RE1,NE_DEMINDDSLBOI_LOW,2033,0.1902295706102183
RE1,NE_DEMINDDSLBOI_LOW,2034,0.1900499364259232
RE1,NE_DEMINDDSLBOI_LOW,2035,0.1890930226285889
RE1,NE_DEMINDDSLBOI_LOW,2036,0.187675499305341
RE1,NE_DEMINDDSLBOI_LOW,2037,0.1856837798272085
RE1,NE_DEMINDDSLBOI_LOW,2038,0.1830742429531005
RE1,NE_DEMINDDSLBOI_LOW,2039,0.1797876193470829
RE1,NE_DEMINDDSLBOI_LOW,2040,0.1757520218894523
RE1,NE_DEMINDDSLBOI_LOW,2041,0.1708715685604967
RE1,NE_DEMINDDSLBOI_LOW,2042,0.1650154560963877
RE1,NE_DEMINDDSLBOI_LOW,2043,0.158154907084721
RE1,NE_DEMINDDSLBOI_LOW,2044,0.1502193652820932
RE1,NE_DEMINDDSLBOI_LOW,2045,0.1412550231735621
RE1,NE_DEMINDDSLBOI_LOW,2046,0.1313146854859027
RE1,NE_DEMINDDSLBOI_LOW,2047,0.1205086155058768
RE1,NE_DEMINDDSLBOI_LOW,2048,0.1090017480379399
RE1,NE_DEMINDDSLBOI_LOW,2049,0.09700812937905942
RE1,NE_DEMINDDSLBOI_LOW,2050,0.08478774059604109
RE1,NE_DEMINDDSLBOI_LOW,2051,0.07263184677128974
RE1,NE_DEMINDDSLBOI_LOW,2052,0.06084818442607658
RE1,NE_DEMINDDSLBOI_LOW,2053,0.04974081505771917
RE1,NE_DEMINDDSLBOI_LOW,2054,0.03957571257717084
RE1,NE_DEMINDDSLBOI_LOW,2055,0.0
RE1,NE_DEMINDDSLBOI_MID,2022,0.001362533365955728
RE1,NE_DEMINDDSLBOI_MID,2023,0.001811695767544738
RE1,NE_DEMINDDSLBOI_MID,2024,0.004206770283078028
RE1,NE_DEMINDDSLBOI_MID,2025,0.004243940311261476
RE1,NE_DEMINDDSLBOI_MID,2026,0.004260753391764213
RE1,NE_DEMINDDSLBOI_MID,2027,0.004273682148834957
RE1,NE_DEMINDDSLBOI_MID,2028,0.004277995555120459
RE1,NE_DEMINDDSLBOI_MID,2029,0.004273901515159737
RE1,NE_DEMINDDSLBOI_MID,2030,0.004274463834840983
RE1,NE_DEMINDDSLBOI_MID,2031,0.004291938612846227
RE1,NE_DEMINDDSLBOI_MID,2032,0.00429619681177914
RE1,NE_DEMINDDSLBOI_MID,2033,0.004305040622693584
RE1,NE_DEMINDDSLBOI_MID,2034,0.004300975363763891
RE1,NE_DEMINDDSLBOI_MID,2035,0.004279319672922947
RE1,NE_DEMINDDSLBOI_MID,2036,0.004247240036352134
RE1,NE_DEMINDDSLBOI_MID,2037,0.004202165901795315
RE1,NE_DEMINDDSLBOI_MID,2038,0.004143110087216045
RE1,NE_DEMINDDSLBOI_MID,2039,0.004068731282227828
RE1,NE_DEMINDDSLBOI_MID,2040,0.003977402626350574
RE1,NE_DEMINDDSLBOI_MID,2041,0.003866954236171716
RE1,NE_DEMINDDSLBOI_MID,2042,0.003734425933825341
RE1,NE_DEMINDDSLBOI_MID,2043,0.003579166464467011
RE1,NE_DEMINDDSLBOI_MID,2044,0.003399579086364817
RE1,NE_DEMINDDSLBOI_MID,2045,0.00319670917077202
RE1,NE_DEMINDDSLBOI_MID,2046,0.002971751729027328
RE1,NE_DEMINDDSLBOI_MID,2047,0.002727202103611826
RE1,NE_DEMINDDSLBOI_MID,2048,0.002466792895251035
RE1,NE_DEMINDDSLBOI_MID,2049,0.00219536813529417
RE1,NE_DEMINDDSLBOI_MID,2050,0.001918811394051245
RE1,NE_DEMINDDSLBOI_MID,2051,0.001643714223023443
RE1,NE_DEMINDDSLBOI_MID,2052,0.001377040934966709
RE1,NE_DEMINDDSLBOI_MID,2053,0.001125672674035186
RE1,NE_DEMINDDSLBOI_MID,2054,0.0008956286331837731
RE1,NE_DEMINDDSLBOI_MID,2055,0.0
RE1,NE_DEMINDDSLFUR_LOW,2022,0.7328498033684828
RE1,NE_DEMINDDSLFUR_LOW,2023,0.6542860050177984
RE1,NE_DEMINDDSLFUR_LOW,2024,0.6474350047576484
RE1,NE_DEMINDDSLFUR_LOW,2025,0.6152889645739258
RE1,NE_DEMINDDSLFUR_LOW,2026,0.6176633337315109
RE1,NE_DEMINDDSLFUR_LOW,2027,0.6196622852921088
RE1,NE_DEMINDDSLFUR_LOW,2028,0.620727393579699
RE1,NE_DEMINDDSLFUR_LOW,2029,0.6209074262082066
RE1,NE_DEMINDDSLFUR_LOW,2030,0.6217083321039418
RE1,NE_DEMINDDSLFUR_LOW,2031,0.6248439506769301
RE1,NE_DEMINDDSLFUR_LOW,2032,0.6261543670206484
RE1,NE_DEMINDDSLFUR_LOW,2033,0.628003440005912
RE1,NE_DEMINDDSLFUR_LOW,2034,0.6287116962453848
RE1,NE_DEMINDDSLFUR_LOW,2035,0.6279191996035135
RE1,NE_DEMINDDSLFUR_LOW,2036,0.6263797465514174
RE1,NE_DEMINDDSLFUR_LOW,2037,0.6238575944743924
RE1,NE_DEMINDDSLFUR_LOW,2038,0.6203131886156663
RE1,NE_DEMINDDSLFUR_LOW,2039,0.6156628974585626
RE1,NE_DEMINDDSLFUR_LOW,2040,0.609776466407293
RE1,NE_DEMINDDSLFUR_LOW,2041,0.6024410125425882
RE1,NE_DEMINDDSLFUR_LOW,2042,0.5932883274135202
RE1,NE_DEMINDDSLFUR_LOW,2043,0.5822285961146099
RE1,NE_DEMINDDSLFUR_LOW,2044,0.5689658772679097
RE1,NE_DEMINDDSLFUR_LOW,2045,0.5534296692214388
RE1,NE_DEMINDDSLFUR_LOW,2046,0.5354612288696261
RE1,NE_DEMINDDSLFUR_LOW,2047,0.5149792805052538
RE1,NE_DEMINDDSLFUR_LOW,2048,0.4919689776203146
RE1,NE_DEMINDDSLFUR_LOW,2049,0.4664728930447113
RE1,NE_DEMINDDSLFUR_LOW,2050,0.4386093738305277
RE1,NE_DEMINDDSLFUR_LOW,2051,0.4085847029738464
RE1,NE_DEMINDDSLFUR_LOW,2052,0.3767045161185963
RE1,NE_DEMINDDSLFUR_LOW,2053,0.3433895979082942
RE1,NE_DEMINDDSLFUR_LOW,2054,0.309120208310442
RE1,NE_DEMINDDSLFUR_LOW,2055,0.0
RE1,NE_DEMINDDSLFUR_MID,2022,0.005050030450897033
RE1,NE_DEMINDDSLFUR_MID,2023,0.006178491865451686
RE1,NE_DEMINDDSLFUR_MID,2024,0.01465194915330252
RE1,NE_DEMINDDSLFUR_MID,2025,0.01392445968672938
RE1,NE_DEMINDDSLFUR_MID,2026,0.01397819347608654
RE1,NE_DEMINDDSLFUR_MID,2027,0.01402343127819882
RE1,NE_DEMINDDSLFUR_MID,2028,0.01404753549307423
RE1,NE_DEMINDDSLFUR_MID,2029,0.01405160976910109
RE1,NE_DEMINDDSLFUR_MID,2030,0.0140697348818532
RE1,NE_DEMINDDSLFUR_MID,2031,0.01414069632749324
RE1,NE_DEMINDDSLFUR_MID,2032,0.01417035205122879
RE1,NE_DEMINDDSLFUR_MID,2033,0.01421219798659179
RE1,NE_DEMINDDSLFUR_MID,2034,0.0142282263667875
RE1,NE_DEMINDDSLFUR_MID,2035,0.01421029156187962
RE1,NE_DEMINDDSLFUR_MID,2036,0.01417545256232374
RE1,NE_DEMINDDSLFUR_MID,2037,0.01411837433251239
RE1,NE_DEMINDDSLFUR_MID,2038,0.01403816171805828
RE1,NE_DEMINDDSLFUR_MID,2039,0.01393292207379863
RE1,NE_DEMINDDSLFUR_MID,2040,0.01379970763864478
RE1,NE_DEMINDDSLFUR_MID,2041,0.01363370070937427
RE1,NE_DEMINDDSLFUR_MID,2042,0.0134265684472293
RE1,NE_DEMINDDSLFUR_MID,2043,0.013176278272231
RE1,NE_DEMINDDSLFUR_MID,2044,0.01287613280473478
RE1,NE_DEMINDDSLFUR_MID,2045,0.01252453653845438
RE1,NE_DEMINDDSLFUR_MID,2046,0.01211789699554388
RE1,NE_DEMINDDSLFUR_MID,2047,0.01165437484460969
RE1,NE_DEMINDDSLFUR_MID,2048,0.01113363409782473
RE1,NE_DEMINDDSLFUR_MID,2049,0.01055663821087872
RE1,NE_DEMINDDSLFUR_MID,2050,0.009926065468042382
RE1,NE_DEMINDDSLFUR_MID,2051,0.009246584211230495
RE1,NE_DEMINDDSLFUR_MID,2052,0.008525111208738514
RE1,NE_DEMINDDSLFUR_MID,2053,0.00777116913875962
RE1,NE_DEMINDDSLFUR_MID,2054,0.006995626651540536
RE1,NE_DEMINDDSLFUR_MID,2055,0.0
RE1,NE_DEMINDELCAIR_LOW,2022,0.2598705801880054
RE1,NE_DEMINDELCAIR_LOW,2023,0.2584789011913488
RE1,NE_DEMINDELCAIR_LOW,2024,0.2520449836331159
RE1,NE_DEMINDELCAIR_LOW,2025,0.252481422670251
RE1,NE_DEMINDELCAIR_LOW,2026,0.2531335649800295
RE1,NE_DEMINDELCAIR_LOW,2027,0.2534474172002812
RE1,NE_DEMINDELCAIR_LOW,2028,0.2530841538929928
RE1,NE_DEMINDELCAIR_LOW,2029,0.251877604522563
RE1,NE_DEMINDELCAIR_LOW,2030,0.2501355346173149
RE1,NE_DEMINDELCAIR_LOW,2031,0.2480836460759695
RE1,NE_DEMINDELCAIR_LOW,2032,0.2440632916394339
RE1,NE_DEMINDELCAIR_LOW,2033,0.2384436790857326
RE1,NE_DEMINDELCAIR_LOW,2034,0.2301768586144689
RE1,NE_DEMINDELCAIR_LOW,2035,0.2188242970227279
RE1,NE_DEMINDELCAIR_LOW,2036,0.2044682196415311
RE1,NE_DEMINDELCAIR_LOW,2037,0.1870086477880977
RE1,NE_DEMINDELCAIR_LOW,2038,0.1666940996515746
RE1,NE_DEMINDELCAIR_LOW,2039,0.1440924625346761
RE1,NE_DEMINDELCAIR_LOW,2040,0.1201068123416777
RE1,NE_DEMINDELCAIR_LOW,2041,0.09591839609333089
RE1,NE_DEMINDELCAIR_LOW,2042,0.07285334220634883
RE1,NE_DEMINDELCAIR_LOW,2043,0.05222034434729052
RE1,NE_DEMINDELCAIR_LOW,2044,0.03501270926356968
RE1,NE_DEMINDELCAIR_LOW,2045,0.02175455297383376
RE1,NE_DEMINDELCAIR_LOW,2046,0.01239659649505406
RE1,NE_DEMINDELCAIR_LOW,2047,0.006406126888633117
RE1,NE_DEMINDELCAIR_LOW,2048,0.002965804643511336
RE1,NE_DEMINDELCAIR_LOW,2049,0.001214018487726691
RE1,NE_DEMINDELCAIR_LOW,2050,0.0004331947496005927
RE1,NE_DEMINDELCAIR_LOW,2051,0.0001327069047498068
RE1,NE_DEMINDELCAIR_LOW,2052,3.433696623966292e-05
RE1,NE_DEMINDELCAIR_LOW,2053,7.37434330846941e-06
RE1,NE_DEMINDELCAIR_LOW,2054,1.290255320606415e-06
RE1,NE_DEMINDELCAIR_LOW,2055,0.0
RE1,NE_DEMINDELCAIR_MID,2022,0.001790754854827795
RE1,NE_DEMINDELCAIR_MID,2023,0.002440843570172639
RE1,NE_DEMINDELCAIR_MID,2024,0.005703970680299788
RE1,NE_DEMINDELCAIR_MID,2025,0.005713847629389083
RE1,NE_DEMINDELCAIR_MID,2026,0.005728606108453975
RE1,NE_DEMINDELCAIR_MID,2027,0.005735708824153601
RE1,NE_DEMINDELCAIR_MID,2028,0.005727487897777145
RE1,NE_DEMINDELCAIR_MID,2029,0.005700182763058483
RE1,NE_DEMINDELCAIR_MID,2030,0.005660758389205316
RE1,NE_DEMINDELCAIR_MID,2031,0.005614322582745805
RE1,NE_DEMINDELCAIR_MID,2032,0.005523338888089965
RE1,NE_DEMINDELCAIR_MID,2033,0.005396162759531833
RE1,NE_DEMINDELCAIR_MID,2034,0.005209078291879708
RE1,NE_DEMINDELCAIR_MID,2035,0.004952161143471604
RE1,NE_DEMINDELCAIR_MID,2036,0.004627272136413805
RE1,NE_DEMINDELCAIR_MID,2037,0.004232148676676412
RE1,NE_DEMINDELCAIR_MID,2038,0.00377241492088409
RE1,NE_DEMINDELCAIR_MID,2039,0.003260922592874804
RE1,NE_DEMINDELCAIR_MID,2040,0.002718108990807884
RE1,NE_DEMINDELCAIR_MID,2041,0.00217070663788389
RE1,NE_DEMINDELCAIR_MID,2042,0.001648726834062893
RE1,NE_DEMINDELCAIR_MID,2043,0.001181786317579256
RE1,NE_DEMINDELCAIR_MID,2044,0.0007923643795584049
RE1,NE_DEMINDELCAIR_MID,2045,0.0004923221662145892
RE1,NE_DEMINDELCAIR_MID,2046,0.0002805444564856836
RE1,NE_DEMINDELCAIR_MID,2047,0.0001449755492862045
RE1,NE_DEMINDELCAIR_MID,2048,6.711842658495562e-05
RE1,NE_DEMINDELCAIR_MID,2049,2.747416655359731e-05
RE1,NE_DEMINDELCAIR_MID,2050,9.803528381974654e-06
RE1,NE_DEMINDELCAIR_MID,2051,3.003258715389005e-06
RE1,NE_DEMINDELCAIR_MID,2052,7.77071798288897e-07
RE1,NE_DEMINDELCAIR_MID,2053,1.668870271157733e-07
RE1,NE_DEMINDELCAIR_MID,2054,2.919946436844231e-08
RE1,NE_DEMINDELCAIR_MID,2055,0.0
RE1,NE_DEMINDELCBOI_LOW,2022,0.004480950287263373
RE1,NE_DEMINDELCBOI_LOW,2023,0.004809135891694778
RE1,NE_DEMINDELCBOI_LOW,2024,0.004666559740559891
RE1,NE_DEMINDELCBOI_LOW,2025,0.004065008778255233
RE1,NE_DEMINDELCBOI_LOW,2026,0.004083009070195287
RE1,NE_DEMINDELCBOI_LOW,2027,0.004096824998429541
RE1,NE_DEMINDELCBOI_LOW,2028,0.004103692515754796
RE1,NE_DEMINDELCBOI_LOW,2029,0.004102184081028572
RE1,NE_DEMINDELCBOI_LOW,2030,0.004104286262590212
RE1,NE_DEMINDELCBOI_LOW,2031,0.004123540263110958
RE1,NE_DEMINDELCBOI_LOW,2032,0.004132537232203534
RE1,NE_DEMINDELCBOI_LOW,2033,0.004146050537682022
RE1,NE_DEMINDELCBOI_LOW,2034,0.004148518509407723
RE1,NE_DEMINDELCBOI_LOW,2035,0.004131874537141502
RE1,NE_DEMINDELCBOI_LOW,2036,0.004103796883842143
RE1,NE_DEMINDELCBOI_LOW,2037,0.004063286373335082
RE1,NE_DEMINDELCBOI_LOW,2038,0.00400933243386946
RE1,NE_DEMINDELCBOI_LOW,2039,0.003940471968957925
RE1,NE_DEMINDELCBOI_LOW,2040,0.003855142295136273
RE1,NE_DEMINDELCBOI_LOW,2041,0.003751247713268802
RE1,NE_DEMINDELCBOI_LOW,2042,0.003625778229931716
RE1,NE_DEMINDELCBOI_LOW,2043,0.003477856124032867
RE1,NE_DEMINDELCBOI_LOW,2044,0.003305888730224471
RE1,NE_DEMINDELCBOI_LOW,2045,0.003110755670300271
RE1,NE_DEMINDELCBOI_LOW,2046,0.002893773772922732
RE1,NE_DEMINDELCBOI_LOW,2047,0.002657416399630402
RE1,NE_DEMINDELCBOI_LOW,2048,0.002405261624635996
RE1,NE_DEMINDELCBOI_LOW,2049,0.002141996033863958
RE1,NE_DEMINDELCBOI_LOW,2050,0.001873361368500541
RE1,NE_DEMINDELCBOI_LOW,2051,0.001605789791123489
RE1,NE_DEMINDELCBOI_LOW,2052,0.001346094559428948
RE1,NE_DEMINDELCBOI_LOW,2053,0.001101026665802914
RE1,NE_DEMINDELCBOI_LOW,2054,0.0008765234261498892
RE1,NE_DEMINDELCBOI_LOW,2055,0.0
RE1,NE_DEMINDELCBOI_MID,2022,3.0877998869105e-05
RE1,NE_DEMINDELCBOI_MID,2023,4.541317827190821e-05
RE1,NE_DEMINDELCBOI_MID,2024,0.0001056078147413829
RE1,NE_DEMINDELCBOI_MID,2025,9.199425654937984e-05
RE1,NE_DEMINDELCBOI_MID,2026,9.240161691808434e-05
RE1,NE_DEMINDELCBOI_MID,2027,9.271428193697644e-05
RE1,NE_DEMINDELCBOI_MID,2028,9.286969910459891e-05
RE1,NE_DEMINDELCBOI_MID,2029,9.283556207347255e-05
RE1,NE_DEMINDELCBOI_MID,2030,9.288313604943277e-05
RE1,NE_DEMINDELCBOI_MID,2031,9.331886880183966e-05
RE1,NE_DEMINDELCBOI_MID,2032,9.35224770910263e-05
RE1,NE_DEMINDELCBOI_MID,2033,9.382829352558564e-05
RE1,NE_DEMINDELCBOI_MID,2034,9.388414561262298e-05
RE1,NE_DEMINDELCBOI_MID,2035,9.350747979510984e-05
RE1,NE_DEMINDELCBOI_MID,2036,9.287206103421005e-05
RE1,NE_DEMINDELCBOI_MID,2037,9.195527720917423e-05
RE1,NE_DEMINDELCBOI_MID,2038,9.073425830864912e-05
RE1,NE_DEMINDELCBOI_MID,2039,8.917589334051732e-05
RE1,NE_DEMINDELCBOI_MID,2040,8.72448175832361e-05
RE1,NE_DEMINDELCBOI_MID,2041,8.48936037631004e-05
RE1,NE_DEMINDELCBOI_MID,2042,8.20541334276429e-05
RE1,NE_DEMINDELCBOI_MID,2043,7.870654307748775e-05
RE1,NE_DEMINDELCBOI_MID,2044,7.481478947814423e-05
RE1,NE_DEMINDELCBOI_MID,2045,7.039877914331852e-05
RE1,NE_DEMINDELCBOI_MID,2046,6.548831291242193e-05
RE1,NE_DEMINDELCBOI_MID,2047,6.013936484807733e-05
RE1,NE_DEMINDELCBOI_MID,2048,5.443290950533069e-05
RE1,NE_DEMINDELCBOI_MID,2049,4.847500790677576e-05
RE1,NE_DEMINDELCBOI_MID,2050,4.239560004529843e-05
RE1,NE_DEMINDELCBOI_MID,2051,3.634025067773522e-05
RE1,NE_DEMINDELCBOI_MID,2052,3.046314903481762e-05
RE1,NE_DEMINDELCBOI_MID,2053,2.491707523570368e-05
RE1,NE_DEMINDELCBOI_MID,2054,1.983639527867987e-05
RE1,NE_DEMINDELCBOI_MID,2055,0.0
RE1,NE_DEMINDELCFUR_LOW,2022,0.2449621107061962
RE1,NE_DEMINDELCFUR_LOW,2023,0.8570831822486682
RE1,NE_DEMINDELCFUR_LOW,2024,0.8227823107503202
RE1,NE_DEMINDELCFUR_LOW,2025,0.8259484227754227
RE1,NE_DEMINDELCFUR_LOW,2026,0.8289310187553539
RE1,NE_DEMINDELCFUR_LOW,2027,0.831447606513352
RE1,NE_DEMINDELCFUR_LOW,2028,0.8326275698886508
RE1,NE_DEMINDELCFUR_LOW,2029,0.8324627581044527
RE1,NE_DEMINDELCFUR_LOW,2030,0.8333295122058375
RE1,NE_DEMINDELCFUR_LOW,2031,0.8383097496699232
RE1,NE_DEMINDELCFUR_LOW,2032,0.8401689690901026
RE1,NE_DEMINDELCFUR_LOW,2033,0.8428015961506853
RE1,NE_DEMINDELCFUR_LOW,2034,0.8437589912312315
RE1,NE_DEMINDELCFUR_LOW,2035,0.8425049004132305
RE1,NE_DEMINDELCFUR_LOW,2036,0.840305779447461
RE1,NE_DEMINDELCFUR_LOW,2037,0.836772754478641
RE1,NE_DEMINDELCFUR_LOW,2038,0.831874202600135
RE1,NE_DEMINDELCFUR_LOW,2039,0.8255118742934837
RE1,NE_DEMINDELCFUR_LOW,2040,0.8175234315374811
RE1,NE_DEMINDELCFUR_LOW,2041,0.8076212257875791
RE1,NE_DEMINDELCFUR_LOW,2042,0.7952496687843028
RE1,NE_DEMINDELCFUR_LOW,2043,0.780330095520032
RE1,NE_DEMINDELCFUR_LOW,2044,0.7624524273992909
RE1,NE_DEMINDELCFUR_LOW,2045,0.7415505265568305
RE1,NE_DEMINDELCFUR_LOW,2046,0.7173992332454512
RE1,NE_DEMINDELCFUR_LOW,2047,0.6898865400699609
RE1,NE_DEMINDELCFUR_LOW,2048,0.6589999930839352
RE1,NE_DEMINDELCFUR_LOW,2049,0.6247985033669644
RE1,NE_DEMINDELCFUR_LOW,2050,0.5874329178049589
RE1,NE_DEMINDELCFUR_LOW,2051,0.5471782660682308
RE1,NE_DEMINDELCFUR_LOW,2052,0.5044430117298296
RE1,NE_DEMINDELCFUR_LOW,2053,0.4597961843860421
RE1,NE_DEMINDELCFUR_LOW,2054,0.4138776151007642
RE1,NE_DEMINDELCFUR_LOW,2055,0.0
RE1,NE_DEMINDELCFUR_MID,2022,0.001688021355394011
RE1,NE_DEMINDELCFUR_MID,2023,0.00809352703393799
RE1,NE_DEMINDELCFUR_MID,2024,0.0186201927494839
RE1,NE_DEMINDELCFUR_MID,2025,0.01869184428525903
RE1,NE_DEMINDELCFUR_MID,2026,0.01875934271262496
RE1,NE_DEMINDELCFUR_MID,2027,0.01881629501764254
RE1,NE_DEMINDELCFUR_MID,2028,0.01884299849096508
RE1,NE_DEMINDELCFUR_MID,2029,0.01883926867428204
RE1,NE_DEMINDELCFUR_MID,2030,0.01885888398227216
RE1,NE_DEMINDELCFUR_MID,2031,0.01897159056371886
RE1,NE_DEMINDELCFUR_MID,2032,0.01901366612066144
RE1,NE_DEMINDELCFUR_MID,2033,0.0190732444838142
RE1,NE_DEMINDELCFUR_MID,2034,0.01909491106646221
RE1,NE_DEMINDELCFUR_MID,2035,0.01906653003243724
RE1,NE_DEMINDELCFUR_MID,2036,0.01901676224364665
RE1,NE_DEMINDELCFUR_MID,2037,0.01893680718743236
RE1,NE_DEMINDELCFUR_MID,2038,0.01882594921323994
RE1,NE_DEMINDELCFUR_MID,2039,0.01868196485935014
RE1,NE_DEMINDELCFUR_MID,2040,0.01850118029222771
RE1,NE_DEMINDELCFUR_MID,2041,0.0182770858053882
RE1,NE_DEMINDELCFUR_MID,2042,0.01799710801174535
RE1,NE_DEMINDELCFUR_MID,2043,0.01765946666203351
RE1,NE_DEMINDELCFUR_MID,2044,0.01725488136411197
RE1,NE_DEMINDELCFUR_MID,2045,0.01678185536752448
RE1,NE_DEMINDELCFUR_MID,2046,0.01623529313504637
RE1,NE_DEMINDELCFUR_MID,2047,0.01561265985368927
RE1,NE_DEMINDELCFUR_MID,2048,0.01491367368112399
RE1,NE_DEMINDELCFUR_MID,2049,0.01413966782012203
RE1,NE_DEMINDELCFUR_MID,2050,0.01329405605104133
RE1,NE_DEMINDELCFUR_MID,2051,0.01238306250559468
RE1,NE_DEMINDELCFUR_MID,2052,0.0114159310267305
RE1,NE_DEMINDELCFUR_MID,2053,0.01040553918926364
RE1,NE_DEMINDELCFUR_MID,2054,0.009366366859352097
RE1,NE_DEMINDELCFUR_MID,2055,0.0
RE1,NE_DEMINDELCILU_LOW,2022,0.3964412792695361
RE1,NE_DEMINDELCILU_LOW,2023,0.3923566307700693
RE1,NE_DEMINDELCILU_LOW,2024,0.3844403263297427
RE1,NE_DEMINDELCILU_LOW,2025,0.3602124541065482
RE1,NE_DEMINDELCILU_LOW,2026,0.3191085778449145
RE1,NE_DEMINDELCILU_LOW,2027,0.2427462446406717
RE1,NE_DEMINDELCILU_LOW,2028,0.1420754608142354
RE1,NE_DEMINDELCILU_LOW,2029,0.05498304842394557
RE1,NE_DEMINDELCILU_LOW,2030,0.01152907686391475
RE1,NE_DEMINDELCILU_LOW,2031,0.001013479766786975
RE1,NE_DEMINDELCILU_LOW,2032,2.689209273235934e-05
RE1,NE_DEMINDELCILU_LOW,2033,1.456966722670942e-07
RE1,NE_DEMINDELCILU_LOW,2034,1.001212968368909e-10
RE1,NE_DEMINDELCILU_LOW,2035,4.989698567117433e-15
RE1,NE_DEMINDELCILU_LOW,2036,9.416368204221437e-21
RE1,NE_DEMINDELCILU_LOW,2037,3.173047606128301e-28
RE1,NE_DEMINDELCILU_LOW,2038,8.092218090702893e-38
RE1,NE_DEMINDELCILU_LOW,2039,5.90527582061484e-50
RE1,NE_DEMINDELCILU_LOW,2040,4.128946620187625e-65
RE1,NE_DEMINDELCILU_LOW,2041,8.144056424741271e-84
RE1,NE_DEMINDELCILU_LOW,2042,1.164698739441992e-106
RE1,NE_DEMINDELCILU_LOW,2043,2.691951569850194e-134
RE1,NE_DEMINDELCILU_LOW,2044,1.928606841657477e-167
RE1,NE_DEMINDELCILU_LOW,2045,7.023328573395652e-207
RE1,NE_DEMINDELCILU_LOW,2046,1.808645651869072e-253
RE1,NE_DEMINDELCILU_LOW,2047,3.860625788241706e-308
RE1,NE_DEMINDELCILU_LOW,2048,0.0
RE1,NE_DEMINDELCILU_LOW,2049,0.0
RE1,NE_DEMINDELCILU_LOW,2050,0.0
RE1,NE_DEMINDELCILU_LOW,2051,0.0
RE1,NE_DEMINDELCILU_LOW,2052,0.0
RE1,NE_DEMINDELCILU_LOW,2053,0.0
RE1,NE_DEMINDELCILU_LOW,2054,0.0
RE1,NE_DEMINDELCILU_LOW,2055,0.0
RE1,NE_DEMINDELCILU_MID,2022,0.002731856545640756
RE1,NE_DEMINDELCILU_MID,2023,0.003705065113692838
RE1,NE_DEMINDELCILU_MID,2024,0.008700178508220953
RE1,NE_DEMINDELCILU_MID,2025,0.008151883236420134
RE1,NE_DEMINDELCILU_MID,2026,0.007221671090701301
RE1,NE_DEMINDELCILU_MID,2027,0.005493533107561316
RE1,NE_DEMINDELCILU_MID,2028,0.00321527630184505
RE1,NE_DEMINDELCILU_MID,2029,0.001244308423055966
RE1,NE_DEMINDELCILU_MID,2030,0.0002609118239719336
RE1,NE_DEMINDELCILU_MID,2031,2.2935821977099e-05
RE1,NE_DEMINDELCILU_MID,2032,6.085886188497298e-07
RE1,NE_DEMINDELCILU_MID,2033,3.297227085616009e-09
RE1,NE_DEMINDELCILU_MID,2034,2.265821495033251e-12
RE1,NE_DEMINDELCILU_MID,2035,1.129206934417728e-16
RE1,NE_DEMINDELCILU_MID,2036,2.130996117342654e-22
RE1,NE_DEMINDELCILU_MID,2037,7.180849327632984e-30
RE1,NE_DEMINDELCILU_MID,2038,1.831330822879994e-39
RE1,NE_DEMINDELCILU_MID,2039,1.336409066918826e-51
RE1,NE_DEMINDELCILU_MID,2040,9.344121879590836e-67
RE1,NE_DEMINDELCILU_MID,2041,1.843062234202224e-85
RE1,NE_DEMINDELCILU_MID,2042,2.635802294256166e-108
RE1,NE_DEMINDELCILU_MID,2043,6.092092215397319e-136
RE1,NE_DEMINDELCILU_MID,2044,4.364584734069849e-169
RE1,NE_DEMINDELCILU_MID,2045,1.589432952931701e-208
RE1,NE_DEMINDELCILU_MID,2046,4.093103389960672e-255
RE1,NE_DEMINDELCILU_MID,2047,0.0
RE1,NE_DEMINDELCILU_MID,2048,0.0
RE1,NE_DEMINDELCILU_MID,2049,0.0
RE1,NE_DEMINDELCILU_MID,2050,0.0
RE1,NE_DEMINDELCILU_MID,2051,0.0
RE1,NE_DEMINDELCILU_MID,2052,0.0
RE1,NE_DEMINDELCILU_MID,2053,0.0
RE1,NE_DEMINDELCILU_MID,2054,0.0
RE1,NE_DEMINDELCILU_MID,2055,0.0
RE1,NE_DEMINDELCMPW_LOW,2022,8.888001231857281
RE1,NE_DEMINDELCMPW_LOW,2023,8.90051710976423
RE1,NE_DEMINDELCMPW_LOW,2024,8.646005968245692
RE1,NE_DEMINDELCMPW_LOW,2025,8.608528005352197
RE1,NE_DEMINDELCMPW_LOW,2026,8.639424636169299
RE1,NE_DEMINDELCMPW_LOW,2027,8.663922685942534
RE1,NE_DEMINDELCMPW_LOW,2028,8.673005377875139
RE1,NE_DEMINDELCMPW_LOW,2029,8.667259182284665
RE1,NE_DEMINDELCMPW_LOW,2030,8.669229043872072
RE1,NE_DEMINDELCMPW_LOW,2031,8.700149390349583
RE1,NE_DEMINDELCMPW_LOW,2032,8.705150927165493
RE1,NE_DEMINDELCMPW_LOW,2033,8.715793996991167
RE1,NE_DEMINDELCMPW_LOW,2034,8.701414128949247
RE1,NE_DEMINDELCMPW_LOW,2035,8.655340126887381
RE1,NE_DEMINDELCMPW_LOW,2036,8.589484219982939
RE1,NE_DEMINDELCMPW_LOW,2037,8.497737785489102
RE1,NE_DEMINDELCMPW_LOW,2038,8.3777499036675
RE1,NE_DEMINDELCMPW_LOW,2039,8.22659740584128
RE1,NE_DEMINDELCMPW_LOW,2040,8.04082200779817
RE1,NE_DEMINDELCMPW_LOW,2041,7.816096827303873
RE1,NE_DEMINDELCMPW_LOW,2042,7.546851268716328
RE1,NE_DEMINDELCMPW_LOW,2043,7.231709699480553
RE1,NE_DEMINDELCMPW_LOW,2044,6.867820609989024
RE1,NE_DEMINDELCMPW_LOW,2045,6.457149032276675
RE1,NE_DEMINDELCMPW_LOW,2046,6.002048289431788
RE1,NE_DEMINDELCMPW_LOW,2047,5.507484389759291
RE1,NE_DEMINDELCMPW_LOW,2048,4.981006373224691
RE1,NE_DEMINDELCMPW_LOW,2049,4.432416116598273
RE1,NE_DEMINDELCMPW_LOW,2050,3.87357542239281
RE1,NE_DEMINDELCMPW_LOW,2051,3.317816472469632
RE1,NE_DEMINDELCMPW_LOW,2052,2.779207016907414
RE1,NE_DEMINDELCMPW_LOW,2053,2.271614044205174
RE1,NE_DEMINDELCMPW_LOW,2054,1.807189582993589
RE1,NE_DEMINDELCMPW_LOW,2055,0.0
RE1,NE_DEMINDELCMPW_MID,2022,0.06124676115376018
RE1,NE_DEMINDELCMPW_MID,2023,0.0840485233357481
RE1,NE_DEMINDELCMPW_MID,2024,0.1956657253546337
RE1,NE_DEMINDELCMPW_MID,2025,0.1948175704006235
RE1,NE_DEMINDELCMPW_MID,2026,0.1955167847779955
RE1,NE_DEMINDELCMPW_MID,2027,0.1960711943743177
RE1,NE_DEMINDELCMPW_MID,2028,0.1962767426369135
RE1,NE_DEMINDELCMPW_MID,2029,0.1961467018374543
RE1,NE_DEMINDELCMPW_MID,2030,0.1961912813112326
RE1,NE_DEMINDELCMPW_MID,2031,0.1968910323921316
RE1,NE_DEMINDELCMPW_MID,2032,0.1970042209941945
RE1,NE_DEMINDELCMPW_MID,2033,0.1972450818014954
RE1,NE_DEMINDELCMPW_MID,2034,0.1969196543935963
RE1,NE_DEMINDELCMPW_MID,2035,0.1958769645011147
RE1,NE_DEMINDELCMPW_MID,2036,0.1943865949778146
RE1,NE_DEMINDELCMPW_MID,2037,0.1923103030205952
RE1,NE_DEMINDELCMPW_MID,2038,0.1895948855183848
RE1,NE_DEMINDELCMPW_MID,2039,0.186174188929121
RE1,NE_DEMINDELCMPW_MID,2040,0.1819699496370533
RE1,NE_DEMINDELCMPW_MID,2041,0.1768842469891069
RE1,NE_DEMINDELCMPW_MID,2042,0.1707910141469099
RE1,NE_DEMINDELCMPW_MID,2043,0.163659119494005
RE1,NE_DEMINDELCMPW_MID,2044,0.1554240311878557
RE1,NE_DEMINDELCMPW_MID,2045,0.1461302194057754
RE1,NE_DEMINDELCMPW_MID,2046,0.1358309416484822
RE1,NE_DEMINDELCMPW_MID,2047,0.1246385824806721
RE1,NE_DEMINDELCMPW_MID,2048,0.1127239824483739
RE1,NE_DEMINDELCMPW_MID,2049,0.1003089655169117
RE1,NE_DEMINDELCMPW_MID,2050,0.08766197334607635
RE1,NE_DEMINDELCMPW_MID,2051,0.07508472340449289
RE1,NE_DEMINDELCMPW_MID,2052,0.06289557963192284
RE1,NE_DEMINDELCMPW_MID,2053,0.05140836258008789
RE1,NE_DEMINDELCMPW_MID,2054,0.04089808194771886
RE1,NE_DEMINDELCMPW_MID,2055,0.0
RE1,NE_DEMINDELCOTH_LOW,2022,0.1585789673762819
RE1,NE_DEMINDELCOTH_LOW,2023,0.1565486657452252
RE1,NE_DEMINDELCOTH_LOW,2024,0.1525072151121972
RE1,NE_DEMINDELCOTH_LOW,2025,0.1097357544488155
RE1,NE_DEMINDELCOTH_LOW,2026,0.05619431291562848
RE1,NE_DEMINDELCOTH_LOW,2027,0.0127194266231674
RE1,NE_DEMINDELCOTH_LOW,2028,0.0007079560676654983
RE1,NE_DEMINDELCOTH_LOW,2029,4.285094744440955e-06
RE1,NE_DEMINDELCOTH_LOW,2030,9.553443766037563e-10
RE1,NE_DEMINDELCOTH_LOW,2031,1.954432227999157e-15
RE1,NE_DEMINDELCOTH_LOW,2032,6.422837075559375e-24
RE1,NE_DEMINDELCOTH_LOW,2033,4.075740050114369e-36
RE1,NE_DEMINDELCOTH_LOW,2034,3.913936993161675e-53
RE1,NE_DEMINDELCOTH_LOW,2035,2.81690481128622e-76
RE1,NE_DEMINDELCOTH_LOW,2036,4.576014020582164e-107
RE1,NE_DEMINDELCOTH_LOW,2037,2.947751131272253e-147
RE1,NE_DEMINDELCOTH_LOW,2038,7.437995287786507e-199
RE1,NE_DEMINDELCOTH_LOW,2039,3.928337805785862e-264
RE1,NE_DEMINDELCOTH_LOW,2040,0.0
RE1,NE_DEMINDELCOTH_LOW,2041,0.0
RE1,NE_DEMINDELCOTH_LOW,2042,0.0
RE1,NE_DEMINDELCOTH_LOW,2043,0.0
RE1,NE_DEMINDELCOTH_LOW,2044,0.0
RE1,NE_DEMINDELCOTH_LOW,2045,0.0
RE1,NE_DEMINDELCOTH_LOW,2046,0.0
RE1,NE_DEMINDELCOTH_LOW,2047,0.0
RE1,NE_DEMINDELCOTH_LOW,2048,0.0
RE1,NE_DEMINDELCOTH_LOW,2049,0.0
RE1,NE_DEMINDELCOTH_LOW,2050,0.0
RE1,NE_DEMINDELCOTH_LOW,2051,0.0
RE1,NE_DEMINDELCOTH_LOW,2052,0.0
RE1,NE_DEMINDELCOTH_LOW,2053,0.0
RE1,NE_DEMINDELCOTH_LOW,2054,0.0
RE1,NE_DEMINDELCOTH_LOW,2055,0.0
RE1,NE_DEMINDELCOTH_MID,2022,0.001092759540141907
RE1,NE_DEMINDELCOTH_MID,2023,0.001478305588743071
RE1,NE_DEMINDELCOTH_MID,2024,0.003451354877192845
RE1,NE_DEMINDELCOTH_MID,2025,0.00248340402151285
RE1,NE_DEMINDELCOTH_MID,2026,0.001271720264573527
RE1,NE_DEMINDELCOTH_MID,2027,0.0002878503491042659
RE1,NE_DEMINDELCOTH_MID,2028,1.602158707821141e-05
RE1,NE_DEMINDELCOTH_MID,2029,9.697497023061764e-08
RE1,NE_DEMINDELCOTH_MID,2030,2.162017364991163e-11
RE1,NE_DEMINDELCOTH_MID,2031,4.423029557837805e-17
RE1,NE_DEMINDELCOTH_MID,2032,1.453537135920985e-25
RE1,NE_DEMINDELCOTH_MID,2033,9.223711343613281e-38
RE1,NE_DEMINDELCOTH_MID,2034,8.857538655096503e-55
RE1,NE_DEMINDELCOTH_MID,2035,6.374870954051753e-78
RE1,NE_DEMINDELCOTH_MID,2036,1.035586958716682e-108
RE1,NE_DEMINDELCOTH_MID,2037,6.670986180019455e-149
RE1,NE_DEMINDELCOTH_MID,2038,1.683275200727616e-200
RE1,NE_DEMINDELCOTH_MID,2039,8.890128795077401e-266
RE1,NE_DEMINDELCOTH_MID,2040,0.0
RE1,NE_DEMINDELCOTH_MID,2041,0.0
RE1,NE_DEMINDELCOTH_MID,2042,0.0
RE1,NE_DEMINDELCOTH_MID,2043,0.0
RE1,NE_DEMINDELCOTH_MID,2044,0.0
RE1,NE_DEMINDELCOTH_MID,2045,0.0
RE1,NE_DEMINDELCOTH_MID,2046,0.0
RE1,NE_DEMINDELCOTH_MID,2047,0.0
RE1,NE_DEMINDELCOTH_MID,2048,0.0
RE1,NE_DEMINDELCOTH_MID,2049,0.0
RE1,NE_DEMINDELCOTH_MID,2050,0.0
RE1,NE_DEMINDELCOTH_MID,2051,0.0
RE1,NE_DEMINDELCOTH_MID,2052,0.0
RE1,NE_DEMINDELCOTH_MID,2053,0.0
RE1,NE_DEMINDELCOTH_MID,2054,0.0
RE1,NE_DEMINDELCOTH_MID,2055,0.0
RE1,NE_DEMINDELCREF_LOW,2022,0.3518235655546992
RE1,NE_DEMINDELCREF_LOW,2023,0.3234019491193562
RE1,NE_DEMINDELCREF_LOW,2024,0.3142136461048423
RE1,NE_DEMINDELCREF_LOW,2025,0.3151325918718669
RE1,NE_DEMINDELCREF_LOW,2026,0.3160674897430565
RE1,NE_DEMINDELCREF_LOW,2027,0.3165001386331163
RE1,NE_DEMINDELCREF_LOW,2028,0.3159837326805416
RE1,NE_DEMINDELCREF_LOW,2029,0.3143140302701478
RE1,NE_DEMINDELCREF_LOW,2030,0.3120468247513807
RE1,NE_DEMINDELCREF_LOW,2031,0.3094975065663025
RE1,NE_DEMINDELCREF_LOW,2032,0.3046069204095815
RE1,NE_DEMINDELCREF_LOW,2033,0.2979194078204825
RE1,NE_DEMINDELCREF_LOW,2034,0.2878267549743869
RE1,NE_DEMINDELCREF_LOW,2035,0.2736789916127318
RE1,NE_DEMINDELCREF_LOW,2036,0.2557355432970518
RE1,NE_DEMINDELCREF_LOW,2037,0.2338953633122214
RE1,NE_DEMINDELCREF_LOW,2038,0.2084839290957213
RE1,NE_DEMINDELCREF_LOW,2039,0.1802186404939557
RE1,NE_DEMINDELCREF_LOW,2040,0.1502309360272425
RE1,NE_DEMINDELCREF_LOW,2041,0.1199921625500291
RE1,NE_DEMINDELCREF_LOW,2042,0.09115379961056264
RE1,NE_DEMINDELCREF_LOW,2043,0.0653497218486193
RE1,NE_DEMINDELCREF_LOW,2044,0.0438207307267518
RE1,NE_DEMINDELCREF_LOW,2045,0.02722948425800361
RE1,NE_DEMINDELCREF_LOW,2046,0.01551755554266121
RE1,NE_DEMINDELCREF_LOW,2047,0.00801954168229755
RE1,NE_DEMINDELCREF_LOW,2048,0.003713044196365768
RE1,NE_DEMINDELCREF_LOW,2049,0.001520006404712951
RE1,NE_DEMINDELCREF_LOW,2050,0.0005424257209924488
RE1,NE_DEMINDELCREF_LOW,2051,0.0001661841492566183
RE1,NE_DEMINDELCREF_LOW,2052,4.300278706929169e-05
RE1,NE_DEMINDELCREF_LOW,2053,9.236268015991287e-06
RE1,NE_DEMINDELCREF_LOW,2054,1.616145645345171e-06
RE1,NE_DEMINDELCREF_LOW,2055,0.0
RE1,NE_DEMINDELCREF_MID,2022,0.002424398166210667
RE1,NE_DEMINDELCREF_MID,2023,0.003053918770356101
RE1,NE_DEMINDELCREF_MID,2024,0.007110895043009421
RE1,NE_DEMINDELCREF_MID,2025,0.007131691488296043
RE1,NE_DEMINDELCREF_MID,2026,0.007152848941896082
RE1,NE_DEMINDELCREF_MID,2027,0.007162640117059313
RE1,NE_DEMINDELCREF_MID,2028,0.00715095345553501
RE1,NE_DEMINDELCREF_MID,2029,0.007113166813418871
RE1,NE_DEMINDELCREF_MID,2030,0.007061858219139984
RE1,NE_DEMINDELCREF_MID,2031,0.007004165199533579
RE1,NE_DEMINDELCREF_MID,2032,0.006893487495715351
RE1,NE_DEMINDELCREF_MID,2033,0.006742143972894513
RE1,NE_DEMINDELCREF_MID,2034,0.006513739522662042
RE1,NE_DEMINDELCREF_MID,2035,0.006193564821132704
RE1,NE_DEMINDELCREF_MID,2036,0.005787490867107511
RE1,NE_DEMINDELCREF_MID,2037,0.005293230896168044
RE1,NE_DEMINDELCREF_MID,2038,0.004718150711567857
RE1,NE_DEMINDELCREF_MID,2039,0.004078485620318248
RE1,NE_DEMINDELCREF_MID,2040,0.003399840941173946
RE1,NE_DEMINDELCREF_MID,2041,0.002715514378367521
RE1,NE_DEMINDELCREF_MID,2042,0.002062880176712461
RE1,NE_DEMINDELCREF_MID,2043,0.001478914168483754
RE1,NE_DEMINDELCREF_MID,2044,0.0009916966394321978
RE1,NE_DEMINDELCREF_MID,2045,0.0006162240470273355
RE1,NE_DEMINDELCREF_MID,2046,0.0003511741458584364
RE1,NE_DEMINDELCREF_MID,2047,0.0001814883596011277
RE1,NE_DEMINDELCREF_MID,2048,8.40290289671329e-05
RE1,NE_DEMINDELCREF_MID,2049,3.439890705768215e-05
RE1,NE_DEMINDELCREF_MID,2050,1.227550877697725e-05
RE1,NE_DEMINDELCREF_MID,2051,3.760874353564281e-06
RE1,NE_DEMINDELCREF_MID,2052,9.731859491060585e-07
RE1,NE_DEMINDELCREF_MID,2053,2.090238067792395e-07
RE1,NE_DEMINDELCREF_MID,2054,3.65746115763275e-08
RE1,NE_DEMINDELCREF_MID,2055,0.0
RE1,NE_DEMINDLPGBOI_LOW,2022,0.09839889636948558
RE1,NE_DEMINDLPGBOI_LOW,2023,0.09382761325359992
RE1,NE_DEMINDLPGBOI_LOW,2024,0.09103035402647075
RE1,NE_DEMINDLPGBOI_LOW,2025,0.09119244059247668
RE1,NE_DEMINDLPGBOI_LOW,2026,0.09159752270152537
RE1,NE_DEMINDLPGBOI_LOW,2027,0.0919176864814859
RE1,NE_DEMINDLPGBOI_LOW,2028,0.09203453309911723
RE1,NE_DEMINDLPGBOI_LOW,2029,0.09197093743372974
RE1,NE_DEMINDLPGBOI_LOW,2030,0.09201188333550188
RE1,NE_DEMINDLPGBOI_LOW,2031,0.09237214993435142
RE1,NE_DEMINDLPGBOI_LOW,2032,0.09246177974432615
RE1,NE_DEMINDLPGBOI_LOW,2033,0.09266066085164579
RE1,NE_DEMINDLPGBOI_LOW,2034,0.09256312273503069
RE1,NE_DEMINDLPGBOI_LOW,2035,0.09209871200868056
RE1,NE_DEMINDLPGBOI_LOW,2036,0.09141915610150511
RE1,NE_DEMINDLPGBOI_LOW,2037,0.09045649046520549
RE1,NE_DEMINDLPGBOI_LOW,2038,0.08918992843008441
RE1,NE_DEMINDLPGBOI_LOW,2039,0.08759221831149115
RE1,NE_DEMINDLPGBOI_LOW,2040,0.0856280852718509
RE1,NE_DEMINDLPGBOI_LOW,2041,0.08325040095944537
RE1,NE_DEMINDLPGBOI_LOW,2042,0.08039850086242119
RE1,NE_DEMINDLPGBOI_LOW,2043,0.07705778945919334
RE1,NE_DEMINDLPGBOI_LOW,2044,0.07319295708270786
RE1,NE_DEMINDLPGBOI_LOW,2045,0.0688275437542623
RE1,NE_DEMINDLPGBOI_LOW,2046,0.06398634366584383
RE1,NE_DEMINDLPGBOI_LOW,2047,0.05872250922415204
RE1,NE_DEMINDLPGBOI_LOW,2048,0.05311651253440795
RE1,NE_DEMINDLPGBOI_LOW,2049,0.04727282513533825
RE1,NE_DEMINDLPGBOI_LOW,2050,0.04131841359094756
RE1,NE_DEMINDLPGBOI_LOW,2051,0.03539526612999862
RE1,NE_DEMINDLPGBOI_LOW,2052,0.02965340111841736
RE1,NE_DEMINDLPGBOI_LOW,2053,0.02424094902307388
RE1,NE_DEMINDLPGBOI_LOW,2054,0.01928745501565361
RE1,NE_DEMINDLPGBOI_LOW,2055,0.0
RE1,NE_DEMINDLPGBOI_MID,2022,0.0006780617538771573
RE1,NE_DEMINDLPGBOI_MID,2023,0.000886024064088523
RE1,NE_DEMINDLPGBOI_MID,2024,0.002060086508764292
RE1,NE_DEMINDLPGBOI_MID,2025,0.002063754651676091
RE1,NE_DEMINDLPGBOI_MID,2026,0.002072921969508892
RE1,NE_DEMINDLPGBOI_MID,2027,0.002080167520630221
RE1,NE_DEMINDLPGBOI_MID,2028,0.002082811848922157
RE1,NE_DEMINDLPGBOI_MID,2029,0.002081372630392452
RE1,NE_DEMINDLPGBOI_MID,2030,0.002082299267454693
RE1,NE_DEMINDLPGBOI_MID,2031,0.002090452376028042
RE1,NE_DEMINDLPGBOI_MID,2032,0.002092480767154133
RE1,NE_DEMINDLPGBOI_MID,2033,0.002096981598667082
RE1,NE_DEMINDLPGBOI_MID,2034,0.002094774236515434
RE1,NE_DEMINDLPGBOI_MID,2035,0.002084264266713483
RE1,NE_DEMINDLPGBOI_MID,2036,0.002068885396980467
RE1,NE_DEMINDLPGBOI_MID,2037,0.002047099537626179
RE1,NE_DEMINDLPGBOI_MID,2038,0.002018436270422942
RE1,NE_DEMINDLPGBOI_MID,2039,0.00198227886891187
RE1,NE_DEMINDLPGBOI_MID,2040,0.001937829036549309
RE1,NE_DEMINDLPGBOI_MID,2041,0.001884020222703954
RE1,NE_DEMINDLPGBOI_MID,2042,0.001819479543091586
RE1,NE_DEMINDLPGBOI_MID,2043,0.001743876689899742
RE1,NE_DEMINDLPGBOI_MID,2044,0.001656412578367034
RE1,NE_DEMINDLPGBOI_MID,2045,0.001557619937172917
RE1,NE_DEMINDLPGBOI_MID,2046,0.001448059877838431
RE1,NE_DEMINDLPGBOI_MID,2047,0.001328935279964795
RE1,NE_DEMINDLPGBOI_MID,2048,0.001202067288818009
RE1,NE_DEMINDLPGBOI_MID,2049,0.001069820175193045
RE1,NE_DEMINDLPGBOI_MID,2050,0.0009350672895054574
RE1,NE_DEMINDLPGBOI_MID,2051,0.000801021933929074
RE1,NE_DEMINDLPGBOI_MID,2052,0.0006710791387811543
RE1,NE_DEMINDLPGBOI_MID,2053,0.0005485912097799356
RE1,NE_DEMINDLPGBOI_MID,2054,0.0004364898532042617
RE1,NE_DEMINDLPGBOI_MID,2055,0.0
RE1,NE_DEMINDLPGFUR_LOW,2022,0.1767381136720802
RE1,NE_DEMINDLPGFUR_LOW,2023,0.1656232531543916
RE1,NE_DEMINDLPGFUR_LOW,2024,0.1553591774435042
RE1,NE_DEMINDLPGFUR_LOW,2025,0.1656835528138244
RE1,NE_DEMINDLPGFUR_LOW,2026,0.1664262433419736
RE1,NE_DEMINDLPGFUR_LOW,2027,0.1670500771353773
RE1,NE_DEMINDLPGFUR_LOW,2028,0.1673222190445633
RE1,NE_DEMINDLPGFUR_LOW,2029,0.1672614979311526
RE1,NE_DEMINDLPGFUR_LOW,2030,0.1674656180410087
RE1,NE_DEMINDLPGFUR_LOW,2031,0.1685740746375586
RE1,NE_DEMINDLPGFUR_LOW,2032,0.1690559359495819
RE1,NE_DEMINDLPGFUR_LOW,2033,0.1698050406941189
RE1,NE_DEMINDLPGFUR_LOW,2034,0.1701035382105233
RE1,NE_DEMINDLPGFUR_LOW,2035,0.1698616285322139
RE1,NE_DEMINDLPGFUR_LOW,2036,0.1694604274999431
RE1,NE_DEMINDLPGFUR_LOW,2037,0.168773665359897
RE1,NE_DEMINDLPGFUR_LOW,2038,0.1678042978724312
RE1,NE_DEMINDLPGFUR_LOW,2039,0.166541766087805
RE1,NE_DEMINDLPGFUR_LOW,2040,0.1649581447172601
RE1,NE_DEMINDLPGFUR_LOW,2041,0.1629936505751655
RE1,NE_DEMINDLPGFUR_LOW,2042,0.1605323673396403
RE1,NE_DEMINDLPGFUR_LOW,2043,0.1575566094224962
RE1,NE_DEMINDLPGFUR_LOW,2044,0.1539704713645818
RE1,NE_DEMINDLPGFUR_LOW,2045,0.1497734108955612
RE1,NE_DEMINDLPGFUR_LOW,2046,0.1449195926340793
RE1,NE_DEMINDLPGFUR_LOW,2047,0.1393838640848087
RE1,NE_DEMINDLPGFUR_LOW,2048,0.1331644026610364
RE1,NE_DEMINDLPGFUR_LOW,2049,0.1262732116836581
RE1,NE_DEMINDLPGFUR_LOW,2050,0.1187407692150573
RE1,NE_DEMINDLPGFUR_LOW,2051,0.110621796347487
RE1,NE_DEMINDLPGFUR_LOW,2052,0.1019982181631775
RE1,NE_DEMINDLPGFUR_LOW,2053,0.09298564840966636
RE1,NE_DEMINDLPGFUR_LOW,2054,0.08371151916575251
RE1,NE_DEMINDLPGFUR_LOW,2055,0.0
RE1,NE_DEMINDLPGFUR_MID,2022,0.001217893286967743
RE1,NE_DEMINDLPGFUR_MID,2023,0.001563997876305204
RE1,NE_DEMINDLPGFUR_MID,2024,0.003515896965214618
RE1,NE_DEMINDLPGFUR_MID,2025,0.003749545473333463
RE1,NE_DEMINDLPGFUR_MID,2026,0.003766353127808608
RE1,NE_DEMINDLPGFUR_MID,2027,0.003780470963504692
RE1,NE_DEMINDLPGFUR_MID,2028,0.003786629742975335
RE1,NE_DEMINDLPGFUR_MID,2029,0.003785255577754596
RE1,NE_DEMINDLPGFUR_MID,2030,0.003789874971900419
RE1,NE_DEMINDLPGFUR_MID,2031,0.00381496019214947
RE1,NE_DEMINDLPGFUR_MID,2032,0.003825865082047032
RE1,NE_DEMINDLPGFUR_MID,2033,0.003842817895143017
RE1,NE_DEMINDLPGFUR_MID,2034,0.003849573122155158
RE1,NE_DEMINDLPGFUR_MID,2035,0.00384409852118327
RE1,NE_DEMINDLPGFUR_MID,2036,0.003835019035085222
RE1,NE_DEMINDLPGFUR_MID,2037,0.003819477082792832
RE1,NE_DEMINDLPGFUR_MID,2038,0.003797539555422761
RE1,NE_DEMINDLPGFUR_MID,2039,0.003768967495869546
RE1,NE_DEMINDLPGFUR_MID,2040,0.003733128933498342
RE1,NE_DEMINDLPGFUR_MID,2041,0.00368867092911116
RE1,NE_DEMINDLPGFUR_MID,2042,0.003632970207720153
RE1,NE_DEMINDLPGFUR_MID,2043,0.003565626530943122
RE1,NE_DEMINDLPGFUR_MID,2044,0.003484469484915077
RE1,NE_DEMINDLPGFUR_MID,2045,0.003389486797643721
RE1,NE_DEMINDLPGFUR_MID,2046,0.0032796411794056
RE1,NE_DEMINDLPGFUR_MID,2047,0.003154363410001152
RE1,NE_DEMINDLPGFUR_MID,2048,0.003013612242899598
RE1,NE_DEMINDLPGFUR_MID,2049,0.002857659322429938
RE1,NE_DEMINDLPGFUR_MID,2050,0.002687194390445872
RE1,NE_DEMINDLPGFUR_MID,2051,0.002503455827102032
RE1,NE_DEMINDLPGFUR_MID,2052,0.002308297659645007
RE1,NE_DEMINDLPGFUR_MID,2053,0.002104336315573926
RE1,NE_DEMINDLPGFUR_MID,2054,0.001894455680260044
RE1,NE_DEMINDLPGFUR_MID,2055,0.0
RE1,NE_DEMINDNGSBOI_LOW,2022,0.8066267331993423
RE1,NE_DEMINDNGSBOI_LOW,2023,0.9413384197698282
RE1,NE_DEMINDNGSBOI_LOW,2024,0.9472021383507978
RE1,NE_DEMINDNGSBOI_LOW,2025,0.9454075849949333
RE1,NE_DEMINDNGSBOI_LOW,2026,0.9493677917691064
RE1,NE_DEMINDNGSBOI_LOW,2027,0.9522708556038618
RE1,NE_DEMINDNGSBOI_LOW,2028,0.9531575849144043
RE1,NE_DEMINDNGSBOI_LOW,2029,0.9520169044878066
RE1,NE_DEMINDNGSBOI_LOW,2030,0.9519549075561494
RE1,NE_DEMINDNGSBOI_LOW,2031,0.9557312036425597
RE1,NE_DEMINDNGSBOI_LOW,2032,0.9569909458135661
RE1,NE_DEMINDNGSBOI_LOW,2033,0.9596569185171605
RE1,NE_DEMINDNGSBOI_LOW,2034,0.9594686977321868
RE1,NE_DEMINDNGSBOI_LOW,2035,0.9549444037630473
RE1,NE_DEMINDNGSBOI_LOW,2036,0.9478784277345216
RE1,NE_DEMINDNGSBOI_LOW,2037,0.9378948329335757
RE1,NE_DEMINDNGSBOI_LOW,2038,0.9247980128420912
RE1,NE_DEMINDNGSBOI_LOW,2039,0.9082972152127519
RE1,NE_DEMINDNGSBOI_LOW,2040,0.8880434664818505
RE1,NE_DEMINDNGSBOI_LOW,2041,0.8635496245047173
RE1,NE_DEMINDNGSBOI_LOW,2042,0.8341381809310423
RE1,NE_DEMINDNGSBOI_LOW,2043,0.7996365487812623
RE1,NE_DEMINDNGSBOI_LOW,2044,0.7596533731694316
RE1,NE_DEMINDNGSBOI_LOW,2045,0.7144212187715665
RE1,NE_DEMINDNGSBOI_LOW,2046,0.664229725290715
RE1,NE_DEMINDNGSBOI_LOW,2047,0.6096489316328695
RE1,NE_DEMINDNGSBOI_LOW,2048,0.5515074231610467
RE1,NE_DEMINDNGSBOI_LOW,2049,0.4908848096240265
RE1,NE_DEMINDNGSBOI_LOW,2050,0.429102129127046
RE1,NE_DEMINDNGSBOI_LOW,2051,0.3676307603783158
RE1,NE_DEMINDNGSBOI_LOW,2052,0.3080270320403583
RE1,NE_DEMINDNGSBOI_LOW,2053,0.2518306283566986
RE1,NE_DEMINDNGSBOI_LOW,2054,0.2003891017126659
RE1,NE_DEMINDNGSBOI_LOW,2055,0.0
RE1,NE_DEMINDNGSBOI_MID,2022,0.005558423494747245
RE1,NE_DEMINDNGSBOI_MID,2023,0.008889158142740359
RE1,NE_DEMINDNGSBOI_MID,2024,0.02143590857310895
RE1,NE_DEMINDNGSBOI_MID,2025,0.02139529645864218
RE1,NE_DEMINDNGSBOI_MID,2026,0.02148491896571294
RE1,NE_DEMINDNGSBOI_MID,2027,0.02155061751982733
RE1,NE_DEMINDNGSBOI_MID,2028,0.0215706848820727
RE1,NE_DEMINDNGSBOI_MID,2029,0.02154487041191299
RE1,NE_DEMINDNGSBOI_MID,2030,0.02154346737394991
RE1,NE_DEMINDNGSBOI_MID,2031,0.0216289278415479
RE1,NE_DEMINDNGSBOI_MID,2032,0.02165743677001211
RE1,NE_DEMINDNGSBOI_MID,2033,0.0217177697705606
RE1,NE_DEMINDNGSBOI_MID,2034,0.02171351019029268
RE1,NE_DEMINDNGSBOI_MID,2035,0.02161112195872765
RE1,NE_DEMINDNGSBOI_MID,2036,0.02145121351891884
RE1,NE_DEMINDNGSBOI_MID,2037,0.02122527713562831
RE1,NE_DEMINDNGSBOI_MID,2038,0.0209288860838003
RE1,NE_DEMINDNGSBOI_MID,2039,0.02055546041778381
RE1,NE_DEMINDNGSBOI_MID,2040,0.02009710259902482
RE1,NE_DEMINDNGSBOI_MID,2041,0.01954278822834553
RE1,NE_DEMINDNGSBOI_MID,2042,0.01887718477379023
RE1,NE_DEMINDNGSBOI_MID,2043,0.01809638646006027
RE1,NE_DEMINDNGSBOI_MID,2044,0.01719153662687678
RE1,NE_DEMINDNGSBOI_MID,2045,0.01616789839066506
RE1,NE_DEMINDNGSBOI_MID,2046,0.01503202651934876
RE1,NE_DEMINDNGSBOI_MID,2047,0.01379682142919302
RE1,NE_DEMINDNGSBOI_MID,2048,0.01248103464045685
RE1,NE_DEMINDNGSBOI_MID,2049,0.01110909854716943
RE1,NE_DEMINDNGSBOI_MID,2050,0.009710909251650338
RE1,NE_DEMINDNGSBOI_MID,2051,0.008319765179007173
RE1,NE_DEMINDNGSBOI_MID,2052,0.006970887236761966
RE1,NE_DEMINDNGSBOI_MID,2053,0.005699119656509401
RE1,NE_DEMINDNGSBOI_MID,2054,0.004534958578998987
RE1,NE_DEMINDNGSBOI_MID,2055,0.0
RE1,NE_DEMINDNGSFUR_LOW,2022,2.084977070101435
RE1,NE_DEMINDNGSFUR_LOW,2023,1.408540325180642
RE1,NE_DEMINDNGSFUR_LOW,2024,1.464508335053649
RE1,NE_DEMINDNGSFUR_LOW,2025,1.409178814438048
RE1,NE_DEMINDNGSFUR_LOW,2026,1.41498352324025
RE1,NE_DEMINDNGSFUR_LOW,2027,1.419489737838754
RE1,NE_DEMINDNGSFUR_LOW,2028,1.421200100032677
RE1,NE_DEMINDNGSFUR_LOW,2029,1.420201991313159
RE1,NE_DEMINDNGSFUR_LOW,2030,1.421208587218297
RE1,NE_DEMINDNGSFUR_LOW,2031,1.429237214249014
RE1,NE_DEMINDNGSFUR_LOW,2032,1.432826281356705
RE1,NE_DEMINDNGSFUR_LOW,2033,1.438852244301486
RE1,NE_DEMINDNGSFUR_LOW,2034,1.441867178371187
RE1,NE_DEMINDNGSFUR_LOW,2035,1.440233658397491
RE1,NE_DEMINDNGSFUR_LOW,2036,1.436543572082959
RE1,NE_DEMINDNGSFUR_LOW,2037,1.430487949198895
RE1,NE_DEMINDNGSFUR_LOW,2038,1.42209344874457
RE1,NE_DEMINDNGSFUR_LOW,2039,1.411244366918597
RE1,NE_DEMINDNGSFUR_LOW,2040,1.397704309104892
RE1,NE_DEMINDNGSFUR_LOW,2041,1.380973800964914
RE1,NE_DEMINDNGSFUR_LOW,2042,1.360079944907125
RE1,NE_DEMINDNGSFUR_LOW,2043,1.33484547465197
RE1,NE_DEMINDNGSFUR_LOW,2044,1.304460936543375
RE1,NE_DEMINDNGSFUR_LOW,2045,1.268824985168524
RE1,NE_DEMINDNGSFUR_LOW,2046,1.227594793033656
RE1,NE_DEMINDNGSFUR_LOW,2047,1.1806123046356
RE1,NE_DEMINDNGSFUR_LOW,2048,1.127844777321363
RE1,NE_DEMINDNGSFUR_LOW,2049,1.069385155306299
RE1,NE_DEMINDNGSFUR_LOW,2050,1.005514458465501
RE1,NE_DEMINDNGSFUR_LOW,2051,0.9366942956517765
RE1,NE_DEMINDNGSFUR_LOW,2052,0.8636164275589591
RE1,NE_DEMINDNGSFUR_LOW,2053,0.7872509086946285
RE1,NE_DEMINDNGSFUR_LOW,2054,0.7086825617340342
RE1,NE_DEMINDNGSFUR_LOW,2055,0.0
RE1,NE_DEMINDNGSFUR_MID,2022,0.01436747017606847
RE1,NE_DEMINDNGSFUR_MID,2023,0.01330099509166871
RE1,NE_DEMINDNGSFUR_MID,2024,0.03314294331031119
RE1,NE_DEMINDNGSFUR_MID,2025,0.03189079395666318
RE1,NE_DEMINDNGSFUR_MID,2026,0.03202215895483998
RE1,NE_DEMINDNGSFUR_MID,2027,0.03212413803642496
RE1,NE_DEMINDNGSFUR_MID,2028,0.03216284484052874
RE1,NE_DEMINDNGSFUR_MID,2029,0.03214025687710329
RE1,NE_DEMINDNGSFUR_MID,2030,0.03216303691202822
RE1,NE_DEMINDNGSFUR_MID,2031,0.03234473088001025
RE1,NE_DEMINDNGSFUR_MID,2032,0.03242595421267414
RE1,NE_DEMINDNGSFUR_MID,2033,0.03256232636125708
RE1,NE_DEMINDNGSFUR_MID,2034,0.03263055662431857
RE1,NE_DEMINDNGSFUR_MID,2035,0.03259358881840814
RE1,NE_DEMINDNGSFUR_MID,2036,0.03251007934385931
RE1,NE_DEMINDNGSFUR_MID,2037,0.03237303596817392
RE1,NE_DEMINDNGSFUR_MID,2038,0.03218306200488753
RE1,NE_DEMINDNGSFUR_MID,2039,0.03193753898851361
RE1,NE_DEMINDNGSFUR_MID,2040,0.03163111712815491
RE1,NE_DEMINDNGSFUR_MID,2041,0.03125249293765778
RE1,NE_DEMINDNGSFUR_MID,2042,0.03077964900069807
RE1,NE_DEMINDNGSFUR_MID,2043,0.03020857364584069
RE1,NE_DEMINDNGSFUR_MID,2044,0.02952094831798192
RE1,NE_DEMINDNGSFUR_MID,2045,0.02871447949294622
RE1,NE_DEMINDNGSFUR_MID,2046,0.02778140872244145
RE1,NE_DEMINDNGSFUR_MID,2047,0.02671815908958971
RE1,NE_DEMINDNGSFUR_MID,2048,0.02552398960312038
RE1,NE_DEMINDNGSFUR_MID,2049,0.02420100366168735
RE1,NE_DEMINDNGSFUR_MID,2050,0.02275556095991734
RE1,NE_DEMINDNGSFUR_MID,2051,0.02119810805907188
RE1,NE_DEMINDNGSFUR_MID,2052,0.01954430003253721
RE1,NE_DEMINDNGSFUR_MID,2053,0.01781608995547384
RE1,NE_DEMINDNGSFUR_MID,2054,0.01603802819442252
RE1,NE_DEMINDNGSFUR_MID,2055,0.0
RE1,NE_DEMINDWASBOI_LOW,2022,2.64890060894993
RE1,NE_DEMINDWASBOI_LOW,2023,2.594544399482921
RE1,NE_DEMINDWASBOI_LOW,2024,2.525634446198122
RE1,NE_DEMINDWASBOI_LOW,2025,2.532874288988532
RE1,NE_DEMINDWASBOI_LOW,2026,2.536057875563352
RE1,NE_DEMINDWASBOI_LOW,2027,2.535847821294968
RE1,NE_DEMINDWASBOI_LOW,2028,2.529931841337682
RE1,NE_DEMINDWASBOI_LOW,2029,2.516378667149833
RE1,NE_DEMINDWASBOI_LOW,2030,2.49662770703657
RE1,NE_DEMINDWASBOI_LOW,2031,2.471301932772917
RE1,NE_DEMINDWASBOI_LOW,2032,2.428837026116508
RE1,NE_DEMINDWASBOI_LOW,2033,2.370134131429847
RE1,NE_DEMINDWASBOI_LOW,2034,2.28664555442266
RE1,NE_DEMINDWASBOI_LOW,2035,2.17308398143496
RE1,NE_DEMINDWASBOI_LOW,2036,2.029217479589929
RE1,NE_DEMINDWASBOI_LOW,2037,1.854926262598079
RE1,NE_DEMINDWASBOI_LOW,2038,1.652612206908637
RE1,NE_DEMINDWASBOI_LOW,2039,1.427848917702589
RE1,NE_DEMINDWASBOI_LOW,2040,1.189586031360148
RE1,NE_DEMINDWASBOI_LOW,2041,0.9495505090599143
RE1,NE_DEMINDWASBOI_LOW,2042,0.7209062387235696
RE1,NE_DEMINDWASBOI_LOW,2043,0.5165157506093014
RE1,NE_DEMINDWASBOI_LOW,2044,0.3461799113221214
RE1,NE_DEMINDWASBOI_LOW,2045,0.2150019478277908
RE1,NE_DEMINDWASBOI_LOW,2046,0.1224642212037089
RE1,NE_DEMINDWASBOI_LOW,2047,0.06325953644632455
RE1,NE_DEMINDWASBOI_LOW,2048,0.02927514827448271
RE1,NE_DEMINDWASBOI_LOW,2049,0.01197862435417369
RE1,NE_DEMINDWASBOI_LOW,2050,0.004272621328414307
RE1,NE_DEMINDWASBOI_LOW,2051,0.001308397154074635
RE1,NE_DEMINDWASBOI_LOW,2052,0.0003384142280226667
RE1,NE_DEMINDWASBOI_LOW,2053,7.265248858521124e-05
RE1,NE_DEMINDWASBOI_LOW,2054,1.270717047117197e-05
RE1,NE_DEMINDWASBOI_LOW,2055,0.0
RE1,NE_DEMINDWASBOI_MID,2022,0.01825343839230146
RE1,NE_DEMINDWASBOI_MID,2023,0.02450055685712303
RE1,NE_DEMINDWASBOI_MID,2024,0.05715703848817434
RE1,NE_DEMINDWASBOI_MID,2025,0.05732088166573423
RE1,NE_DEMINDWASBOI_MID,2026,0.05739292866392959
RE1,NE_DEMINDWASBOI_MID,2027,0.05738817497523933
RE1,NE_DEMINDWASBOI_MID,2028,0.05725429182575078
RE1,NE_DEMINDWASBOI_MID,2029,0.05694757313181705
RE1,NE_DEMINDWASBOI_MID,2030,0.05650059380388165
RE1,NE_DEMINDWASBOI_MID,2031,0.05592745216950561
RE1,NE_DEMINDWASBOI_MID,2032,0.0549664388653789
RE1,NE_DEMINDWASBOI_MID,2033,0.0536379474773938
RE1,NE_DEMINDWASBOI_MID,2034,0.05174853714863224
RE1,NE_DEMINDWASBOI_MID,2035,0.04917855192855955
RE1,NE_DEMINDWASBOI_MID,2036,0.04592274299884941
RE1,NE_DEMINDWASBOI_MID,2037,0.04197839950418816
RE1,NE_DEMINDWASBOI_MID,2038,0.03739987774497353
RE1,NE_DEMINDWASBOI_MID,2039,0.03231331266774422
RE1,NE_DEMINDWASBOI_MID,2040,0.02692124138621796
RE1,NE_DEMINDWASBOI_MID,2041,0.02148905399770019
RE1,NE_DEMINDWASBOI_MID,2042,0.01631465935029291
RE1,NE_DEMINDWASBOI_MID,2043,0.01168914633777062
RE1,NE_DEMINDWASBOI_MID,2044,0.007834316064645215
RE1,NE_DEMINDWASBOI_MID,2045,0.004865658458817795
RE1,NE_DEMINDWASBOI_MID,2046,0.002771458955709697
RE1,NE_DEMINDWASBOI_MID,2047,0.001431611674781144
RE1,NE_DEMINDWASBOI_MID,2048,0.0006625189877301658
RE1,NE_DEMINDWASBOI_MID,2049,0.0002710854273774742
RE1,NE_DEMINDWASBOI_MID,2050,9.669268728939967e-05
RE1,NE_DEMINDWASBOI_MID,2051,2.961002793014461e-05
RE1,NE_DEMINDWASBOI_MID,2052,7.658572714334938e-06
RE1,NE_DEMINDWASBOI_MID,2053,1.64418136305416e-06
RE1,NE_DEMINDWASBOI_MID,2054,2.875729830141833e-07
RE1,NE_DEMINDWASBOI_MID,2055,0.0
RE1,NE_DEMINDWASFUR_LOW,2022,0.3019788658110338
RE1,NE_DEMINDWASFUR_LOW,2023,0.3020896533330797
RE1,NE_DEMINDWASFUR_LOW,2024,0.2978934385660235
RE1,NE_DEMINDWASFUR_LOW,2025,0.2861550255424971
RE1,NE_DEMINDWASFUR_LOW,2026,0.2869048351267374
RE1,NE_DEMINDWASFUR_LOW,2027,0.2874883534819025
RE1,NE_DEMINDWASFUR_LOW,2028,0.2877110834414722
RE1,NE_DEMINDWASFUR_LOW,2029,0.2875371381225032
RE1,NE_DEMINDWASFUR_LOW,2030,0.2875202449727286
RE1,NE_DEMINDWASFUR_LOW,2031,0.2883364129352241
RE1,NE_DEMINDWASFUR_LOW,2032,0.2883527827782291
RE1,NE_DEMINDWASFUR_LOW,2033,0.2883904006424958
RE1,NE_DEMINDWASFUR_LOW,2034,0.2877651101963457
RE1,NE_DEMINDWASFUR_LOW,2035,0.2862034932145226
RE1,NE_DEMINDWASFUR_LOW,2036,0.2839515342999722
RE1,NE_DEMINDWASFUR_LOW,2037,0.2808729585975887
RE1,NE_DEMINDWASFUR_LOW,2038,0.2768746131697106
RE1,NE_DEMINDWASFUR_LOW,2039,0.2718446360673432
RE1,NE_DEMINDWASFUR_LOW,2040,0.2656626868697388
RE1,NE_DEMINDWASFUR_LOW,2041,0.2581896542727798
RE1,NE_DEMINDWASFUR_LOW,2042,0.2492489174805262
RE1,NE_DEMINDWASFUR_LOW,2043,0.238792358940639
RE1,NE_DEMINDWASFUR_LOW,2044,0.2267433797571259
RE1,NE_DEMINDWASFUR_LOW,2045,0.2131511356756979
RE1,NE_DEMINDWASFUR_LOW,2046,0.1980967329943904
RE1,NE_DEMINDWASFUR_LOW,2047,0.1817466981640433
RE1,NE_DEMINDWASFUR_LOW,2048,0.164349085961264
RE1,NE_DEMINDWASFUR_LOW,2049,0.1462271039016186
RE1,NE_DEMINDWASFUR_LOW,2050,0.1277718347090832
RE1,NE_DEMINDWASFUR_LOW,2051,0.1094236957991952
RE1,NE_DEMINDWASFUR_LOW,2052,0.09164676104013551
RE1,NE_DEMINDWASFUR_LOW,2053,0.07489728484570769
RE1,NE_DEMINDWASFUR_LOW,2054,0.05957671901060353
RE1,NE_DEMINDWASFUR_LOW,2055,0.0
RE1,NE_DEMINDWASFUR_MID,2022,0.002080920893835985
RE1,NE_DEMINDWASFUR_MID,2023,0.002852664509773181
RE1,NE_DEMINDWASFUR_MID,2024,0.00674155626881134
RE1,NE_DEMINDWASFUR_MID,2025,0.006475907007499691
RE1,NE_DEMINDWASFUR_MID,2026,0.006492875771657044
RE1,NE_DEMINDWASFUR_MID,2027,0.006506081238162677
RE1,NE_DEMINDWASFUR_MID,2028,0.006511121787435648
RE1,NE_DEMINDWASFUR_MID,2029,0.006507185271877703
RE1,NE_DEMINDWASFUR_MID,2030,0.006506802966982667
RE1,NE_DEMINDWASFUR_MID,2031,0.006525273471974152
RE1,NE_DEMINDWASFUR_MID,2032,0.006525643934036898
RE1,NE_DEMINDWASFUR_MID,2033,0.006526495255065945
RE1,NE_DEMINDWASFUR_MID,2034,0.006512344454204526
RE1,NE_DEMINDWASFUR_MID,2035,0.006477003867973529
RE1,NE_DEMINDWASFUR_MID,2036,0.006426040316004829
RE1,NE_DEMINDWASFUR_MID,2037,0.006356369794138627
RE1,NE_DEMINDWASFUR_MID,2038,0.006265884180175666
RE1,NE_DEMINDWASFUR_MID,2039,0.006152051952686277
RE1,NE_DEMINDWASFUR_MID,2040,0.006012149715942832
RE1,NE_DEMINDWASFUR_MID,2041,0.005843029274775769
RE1,NE_DEMINDWASFUR_MID,2042,0.005640693565537743
RE1,NE_DEMINDWASFUR_MID,2043,0.005404053651231123
RE1,NE_DEMINDWASFUR_MID,2044,0.005131376040275999
RE1,NE_DEMINDWASFUR_MID,2045,0.00482377316477978
RE1,NE_DEMINDWASFUR_MID,2046,0.004483080522276727
RE1,NE_DEMINDWASFUR_MID,2047,0.004113066733666945
RE1,NE_DEMINDWASFUR_MID,2048,0.003719345468195028
RE1,NE_DEMINDWASFUR_MID,2049,0.003309231159046147
RE1,NE_DEMINDWASFUR_MID,2050,0.002891574307265699
RE1,NE_DEMINDWASFUR_MID,2051,0.002476341895687884
RE1,NE_DEMINDWASFUR_MID,2052,0.00207403627075675
RE1,NE_DEMINDWASFUR_MID,2053,0.001694982818685416
RE1,NE_DEMINDWASFUR_MID,2054,0.001348266700517235
RE1,NE_DEMINDWASFUR_MID,2055,0.0
RE1,NE_PWRCOA,2022,3.809
RE1,NE_PWRCOA,2023,13.724
RE1,NE_PWRCOA,2024,15.503
RE1,NE_PWRCOA,2025,14.47
RE1,NE_PWRCOA,2026,13.437
RE1,NE_PWRCOA,2027,12.404
RE1,NE_PWRCOA,2028,11.371
RE1,NE_PWRCOA,2029,10.338
RE1,NE_PWRCOA,2030,9.305
RE1,NE_PWRCOA,2031,8.272
RE1,NE_PWRCOA,2032,7.239
RE1,NE_PWRCOA,2033,6.206
RE1,NE_PWRCOA,2034,5.173
RE1,NE_PWRCOA,2035,4.14
RE1,NE_PWRCOA,2036,3.107
RE1,NE_PWRCOA,2037,2.074
RE1,NE_PWRCOA,2038,1.041
RE1,NE_PWRCOA,2039,0.008
RE1,NE_PWRCOA,2040,0.0
RE1,NE_PWRCOA,2041,0.0
RE1,NE_PWRCOA,2042,0.0
RE1,NE_PWRCOA,2043,0.0
RE1,NE_PWRCOA,2044,0.0
RE1,NE_PWRCOA,2045,0.0
RE1,NE_PWRCOA,2046,0.0
RE1,NE_PWRCOA,2047,0.0
RE1,NE_PWRCOA,2048,0.0
RE1,NE_PWRCOA,2049,0.0
RE1,NE_PWRCOA,2050,0.0
RE1,NE_PWRCOA,2051,0.0
RE1,NE_PWRCOA,2052,0.0
RE1,NE_PWRCOA,2053,0.0
RE1,NE_PWRCOA,2054,0.0
RE1,NE_PWRCOA,2055,0.0
RE1,NE_PWRHYDDAM,2022,35.691
RE1,NE_PWRHYDDAM,2023,34.596
RE1,NE_PWRHYDDAM,2024,27.04
RE1,NE_PWRHYDDAM,2025,27.04
RE1,NE_PWRHYDDAM,2026,27.04
RE1,NE_PWRHYDDAM,2027,27.04
RE1,NE_PWRHYDDAM,2028,27.04
RE1,NE_PWRHYDDAM,2029,27.04
RE1,NE_PWRHYDDAM,2030,27.04
RE1,NE_PWRHYDDAM,2031,27.04
RE1,NE_PWRHYDDAM,2032,27.04
RE1,NE_PWRHYDDAM,2033,27.04
RE1,NE_PWRHYDDAM,2034,27.04
RE1,NE_PWRHYDDAM,2035,27.04
RE1,NE_PWRHYDDAM,2036,27.04
RE1,NE_PWRHYDDAM,2037,27.04
RE1,NE_PWRHYDDAM,2038,27.04
RE1,NE_PWRHYDDAM,2039,27.04
RE1,NE_PWRHYDDAM,2040,27.04
RE1,NE_PWRHYDDAM,2041,27.04
RE1,NE_PWRHYDDAM,2042,27.04
RE1,NE_PWRHYDDAM,2043,27.04
RE1,NE_PWRHYDDAM,2044,27.04
RE1,NE_PWRHYDDAM,2045,27.04
RE1,NE_PWRHYDDAM,2046,27.04
RE1,NE_PWRHYDDAM,2047,27.04
RE1,NE_PWRHYDDAM,2048,27.04
RE1,NE_PWRHYDDAM,2049,27.04
RE1,NE_PWRHYDDAM,2050,27.04
RE1,NE_PWRHYDDAM,2051,27.04
RE1,NE_PWRHYDDAM,2052,27.04
RE1,NE_PWRHYDDAM,2053,27.04
RE1,NE_PWRHYDDAM,2054,27.04
RE1,NE_PWRHYDDAM,2055,27.04
RE1,NE_PWRNGS_CC,2022,0.0
RE1,NE_PWRNGS_CC,2023,0.006
RE1,NE_PWRNGS_CC,2024,0.0
RE1,NE_PWRNGS_CC,2025,0.0
RE1,NE_PWRNGS_CC,2026,0.0
RE1,NE_PWRNGS_CC,2027,0.0
RE1,NE_PWRNGS_CC,2028,0.0
RE1,NE_PWRNGS_CC,2029,0.0
RE1,NE_PWRNGS_CC,2030,0.0
RE1,NE_PWRNGS_CC,2031,0.0
RE1,NE_PWRNGS_CC,2032,0.0
RE1,NE_PWRNGS_CC,2033,0.0
RE1,NE_PWRNGS_CC,2034,0.0
RE1,NE_PWRNGS_CC,2035,0.0
RE1,NE_PWRNGS_CC,2036,0.0
RE1,NE_PWRNGS_CC,2037,0.0
RE1,NE_PWRNGS_CC,2038,0.0
RE1,NE_PWRNGS_CC,2039,0.0
RE1,NE_PWRNGS_CC,2040,0.0
RE1,NE_PWRNGS_CC,2041,0.0
RE1,NE_PWRNGS_CC,2042,0.0
RE1,NE_PWRNGS_CC,2043,0.0
RE1,NE_PWRNGS_CC,2044,0.0
RE1,NE_PWRNGS_CC,2045,0.0
RE1,NE_PWRNGS_CC,2046,0.0
RE1,NE_PWRNGS_CC,2047,0.0
RE1,NE_PWRNGS_CC,2048,0.0
RE1,NE_PWRNGS_CC,2049,0.0
RE1,NE_PWRNGS_CC,2050,0.0
RE1,NE_PWRNGS_CC,2051,0.0
RE1,NE_PWRNGS_CC,2052,0.0
RE1,NE_PWRNGS_CC,2053,0.0
RE1,NE_PWRNGS_CC,2054,0.0
RE1,NE_PWRNGS_CC,2055,0.0
RE1,NE_PWRNGS_CS,2022,6.271
RE1,NE_PWRNGS_CS,2023,7.729
RE1,NE_PWRNGS_CS,2024,5.942
RE1,NE_PWRNGS_CS,2025,5.546
RE1,NE_PWRNGS_CS,2026,5.15
RE1,NE_PWRNGS_CS,2027,4.754
RE1,NE_PWRNGS_CS,2028,4.358
RE1,NE_PWRNGS_CS,2029,3.962
RE1,NE_PWRNGS_CS,2030,3.566
RE1,NE_PWRNGS_CS,2031,3.17
RE1,NE_PWRNGS_CS,2032,2.774
RE1,NE_PWRNGS_CS,2033,2.378
RE1,NE_PWRNGS_CS,2034,1.982
RE1,NE_PWRNGS_CS,2035,1.586
RE1,NE_PWRNGS_CS,2036,1.19
RE1,NE_PWRNGS_CS,2037,0.794
RE1,NE_PWRNGS_CS,2038,0.398
RE1,NE_PWRNGS_CS,2039,0.002
RE1,NE_PWRNGS_CS,2040,0.0
RE1,NE_PWRNGS_CS,2041,0.0
RE1,NE_PWRNGS_CS,2042,0.0
RE1,NE_PWRNGS_CS,2043,0.0
RE1,NE_PWRNGS_CS,2044,0.0
RE1,NE_PWRNGS_CS,2045,0.0
RE1,NE_PWRNGS_CS,2046,0.0
RE1,NE_PWRNGS_CS,2047,0.0
RE1,NE_PWRNGS_CS,2048,0.0
RE1,NE_PWRNGS_CS,2049,0.0
RE1,NE_PWRNGS_CS,2050,0.0
RE1,NE_PWRNGS_CS,2051,0.0
RE1,NE_PWRNGS_CS,2052,0.0
RE1,NE_PWRNGS_CS,2053,0.0
RE1,NE_PWRNGS_CS,2054,0.0
RE1,NE_PWRNGS_CS,2055,0.0
RE1,NE_PWRSOLUGE,2022,0.0
RE1,NE_PWRSOLUGE,2023,0.052
RE1,NE_PWRSOLUGE,2024,0.122
RE1,NE_PWRSOLUGE,2025,0.114
RE1,NE_PWRSOLUGE,2026,0.106
RE1,NE_PWRSOLUGE,2027,0.098
RE1,NE_PWRSOLUGE,2028,0.09
RE1,NE_PWRSOLUGE,2029,0.082
RE1,NE_PWRSOLUGE,2030,0.074
RE1,NE_PWRSOLUGE,2031,0.066
RE1,NE_PWRSOLUGE,2032,0.058
RE1,NE_PWRSOLUGE,2033,0.05
RE1,NE_PWRSOLUGE,2034,0.042
RE1,NE_PWRSOLUGE,2035,0.034
RE1,NE_PWRSOLUGE,2036,0.026
RE1,NE_PWRSOLUGE,2037,0.018
RE1,NE_PWRSOLUGE,2038,0.01
RE1,NE_PWRSOLUGE,2039,0.002
RE1,NE_PWRSOLUGE,2040,0.0
RE1,NE_PWRSOLUGE,2041,0.0
RE1,NE_PWRSOLUGE,2042,0.0
RE1,NE_PWRSOLUGE,2043,0.0
RE1,NE_PWRSOLUGE,2044,0.0
RE1,NE_PWRSOLUGE,2045,0.0
RE1,NE_PWRSOLUGE,2046,0.0
RE1,NE_PWRSOLUGE,2047,0.0
RE1,NE_PWRSOLUGE,2048,0.0
RE1,NE_PWRSOLUGE,2049,0.0
RE1,NE_PWRSOLUGE,2050,0.0
RE1,NE_PWRSOLUGE,2051,0.0
RE1,NE_PWRSOLUGE,2052,0.0
RE1,NE_PWRSOLUGE,2053,0.0
RE1,NE_PWRSOLUGE,2054,0.0
RE1,NE_PWRSOLUGE,2055,0.0
RE1,OR_DEMINDBAGBOI_LOW,2022,0.0
RE1,OR_DEMINDBAGBOI_LOW,2023,0.0
RE1,OR_DEMINDBAGBOI_LOW,2024,0.0
RE1,OR_DEMINDBAGBOI_LOW,2025,0.0
RE1,OR_DEMINDBAGBOI_LOW,2026,0.0
RE1,OR_DEMINDBAGBOI_LOW,2027,0.0
RE1,OR_DEMINDBAGBOI_LOW,2028,0.0
RE1,OR_DEMINDBAGBOI_LOW,2029,0.0
RE1,OR_DEMINDBAGBOI_LOW,2030,0.0
RE1,OR_DEMINDBAGBOI_LOW,2031,0.0
RE1,OR_DEMINDBAGBOI_LOW,2032,0.0
RE1,OR_DEMINDBAGBOI_LOW,2033,0.0
RE1,OR_DEMINDBAGBOI_LOW,2034,0.0
RE1,OR_DEMINDBAGBOI_LOW,2035,0.0
RE1,OR_DEMINDBAGBOI_LOW,2036,0.0
RE1,OR_DEMINDBAGBOI_LOW,2037,0.0
RE1,OR_DEMINDBAGBOI_LOW,2038,0.0
RE1,OR_DEMINDBAGBOI_LOW,2039,0.0
RE1,OR_DEMINDBAGBOI_LOW,2040,0.0
RE1,OR_DEMINDBAGBOI_LOW,2041,0.0
RE1,OR_DEMINDBAGBOI_LOW,2042,0.0
RE1,OR_DEMINDBAGBOI_LOW,2043,0.0
RE1,OR_DEMINDBAGBOI_LOW,2044,0.0
RE1,OR_DEMINDBAGBOI_LOW,2045,0.0
RE1,OR_DEMINDBAGBOI_LOW,2046,0.0
RE1,OR_DEMINDBAGBOI_LOW,2047,0.0
RE1,OR_DEMINDBAGBOI_LOW,2048,0.0
RE1,OR_DEMINDBAGBOI_LOW,2049,0.0
RE1,OR_DEMINDBAGBOI_LOW,2050,0.0
RE1,OR_DEMINDBAGBOI_LOW,2051,0.0
RE1,OR_DEMINDBAGBOI_LOW,2052,0.0
RE1,OR_DEMINDBAGBOI_LOW,2053,0.0
RE1,OR_DEMINDBAGBOI_LOW,2054,0.0
RE1,OR_DEMINDBAGBOI_LOW,2055,0.0
RE1,OR_DEMINDBAGBOI_MID,2022,0.0
RE1,OR_DEMINDBAGBOI_MID,2023,0.0
RE1,OR_DEMINDBAGBOI_MID,2024,0.0
RE1,OR_DEMINDBAGBOI_MID,2025,0.0
RE1,OR_DEMINDBAGBOI_MID,2026,0.0
RE1,OR_DEMINDBAGBOI_MID,2027,0.0
RE1,OR_DEMINDBAGBOI_MID,2028,0.0
RE1,OR_DEMINDBAGBOI_MID,2029,0.0
RE1,OR_DEMINDBAGBOI_MID,2030,0.0
RE1,OR_DEMINDBAGBOI_MID,2031,0.0
RE1,OR_DEMINDBAGBOI_MID,2032,0.0
RE1,OR_DEMINDBAGBOI_MID,2033,0.0
RE1,OR_DEMINDBAGBOI_MID,2034,0.0
RE1,OR_DEMINDBAGBOI_MID,2035,0.0
RE1,OR_DEMINDBAGBOI_MID,2036,0.0
RE1,OR_DEMINDBAGBOI_MID,2037,0.0
RE1,OR_DEMINDBAGBOI_MID,2038,0.0
RE1,OR_DEMINDBAGBOI_MID,2039,0.0
RE1,OR_DEMINDBAGBOI_MID,2040,0.0
RE1,OR_DEMINDBAGBOI_MID,2041,0.0
RE1,OR_DEMINDBAGBOI_MID,2042,0.0
RE1,OR_DEMINDBAGBOI_MID,2043,0.0
RE1,OR_DEMINDBAGBOI_MID,2044,0.0
RE1,OR_DEMINDBAGBOI_MID,2045,0.0
RE1,OR_DEMINDBAGBOI_MID,2046,0.0
RE1,OR_DEMINDBAGBOI_MID,2047,0.0
RE1,OR_DEMINDBAGBOI_MID,2048,0.0
RE1,OR_DEMINDBAGBOI_MID,2049,0.0
RE1,OR_DEMINDBAGBOI_MID,2050,0.0
RE1,OR_DEMINDBAGBOI_MID,2051,0.0
RE1,OR_DEMINDBAGBOI_MID,2052,0.0
RE1,OR_DEMINDBAGBOI_MID,2053,0.0
RE1,OR_DEMINDBAGBOI_MID,2054,0.0
RE1,OR_DEMINDBAGBOI_MID,2055,0.0
RE1,OR_DEMINDBAGFUR_LOW,2022,0.0
RE1,OR_DEMINDBAGFUR_LOW,2023,0.0
RE1,OR_DEMINDBAGFUR_LOW,2024,0.0
RE1,OR_DEMINDBAGFUR_LOW,2025,0.0
RE1,OR_DEMINDBAGFUR_LOW,2026,0.0
RE1,OR_DEMINDBAGFUR_LOW,2027,0.0
RE1,OR_DEMINDBAGFUR_LOW,2028,0.0
RE1,OR_DEMINDBAGFUR_LOW,2029,0.0
RE1,OR_DEMINDBAGFUR_LOW,2030,0.0
RE1,OR_DEMINDBAGFUR_LOW,2031,0.0
RE1,OR_DEMINDBAGFUR_LOW,2032,0.0
RE1,OR_DEMINDBAGFUR_LOW,2033,0.0
RE1,OR_DEMINDBAGFUR_LOW,2034,0.0
RE1,OR_DEMINDBAGFUR_LOW,2035,0.0
RE1,OR_DEMINDBAGFUR_LOW,2036,0.0
RE1,OR_DEMINDBAGFUR_LOW,2037,0.0
RE1,OR_DEMINDBAGFUR_LOW,2038,0.0
RE1,OR_DEMINDBAGFUR_LOW,2039,0.0
RE1,OR_DEMINDBAGFUR_LOW,2040,0.0
RE1,OR_DEMINDBAGFUR_LOW,2041,0.0
RE1,OR_DEMINDBAGFUR_LOW,2042,0.0
RE1,OR_DEMINDBAGFUR_LOW,2043,0.0
RE1,OR_DEMINDBAGFUR_LOW,2044,0.0
RE1,OR_DEMINDBAGFUR_LOW,2045,0.0
RE1,OR_DEMINDBAGFUR_LOW,2046,0.0
RE1,OR_DEMINDBAGFUR_LOW,2047,0.0
RE1,OR_DEMINDBAGFUR_LOW,2048,0.0
RE1,OR_DEMINDBAGFUR_LOW,2049,0.0
RE1,OR_DEMINDBAGFUR_LOW,2050,0.0
RE1,OR_DEMINDBAGFUR_LOW,2051,0.0
RE1,OR_DEMINDBAGFUR_LOW,2052,0.0
RE1,OR_DEMINDBAGFUR_LOW,2053,0.0
RE1,OR_DEMINDBAGFUR_LOW,2054,0.0
RE1,OR_DEMINDBAGFUR_LOW,2055,0.0
RE1,OR_DEMINDBAGFUR_MID,2022,0.0
RE1,OR_DEMINDBAGFUR_MID,2023,0.0
RE1,OR_DEMINDBAGFUR_MID,2024,0.0
RE1,OR_DEMINDBAGFUR_MID,2025,0.0
RE1,OR_DEMINDBAGFUR_MID,2026,0.0
RE1,OR_DEMINDBAGFUR_MID,2027,0.0
RE1,OR_DEMINDBAGFUR_MID,2028,0.0
RE1,OR_DEMINDBAGFUR_MID,2029,0.0
RE1,OR_DEMINDBAGFUR_MID,2030,0.0
RE1,OR_DEMINDBAGFUR_MID,2031,0.0
RE1,OR_DEMINDBAGFUR_MID,2032,0.0
RE1,OR_DEMINDBAGFUR_MID,2033,0.0
RE1,OR_DEMINDBAGFUR_MID,2034,0.0
RE1,OR_DEMINDBAGFUR_MID,2035,0.0
RE1,OR_DEMINDBAGFUR_MID,2036,0.0
RE1,OR_DEMINDBAGFUR_MID,2037,0.0
RE1,OR_DEMINDBAGFUR_MID,2038,0.0
RE1,OR_DEMINDBAGFUR_MID,2039,0.0
RE1,OR_DEMINDBAGFUR_MID,2040,0.0
RE1,OR_DEMINDBAGFUR_MID,2041,0.0
RE1,OR_DEMINDBAGFUR_MID,2042,0.0
RE1,OR_DEMINDBAGFUR_MID,2043,0.0
RE1,OR_DEMINDBAGFUR_MID,2044,0.0
RE1,OR_DEMINDBAGFUR_MID,2045,0.0
RE1,OR_DEMINDBAGFUR_MID,2046,0.0
RE1,OR_DEMINDBAGFUR_MID,2047,0.0
RE1,OR_DEMINDBAGFUR_MID,2048,0.0
RE1,OR_DEMINDBAGFUR_MID,2049,0.0
RE1,OR_DEMINDBAGFUR_MID,2050,0.0
RE1,OR_DEMINDBAGFUR_MID,2051,0.0
RE1,OR_DEMINDBAGFUR_MID,2052,0.0
RE1,OR_DEMINDBAGFUR_MID,2053,0.0
RE1,OR_DEMINDBAGFUR_MID,2054,0.0
RE1,OR_DEMINDBAGFUR_MID,2055,0.0
RE1,OR_DEMINDCOABOI_LOW,2022,6.2604518085278
RE1,OR_DEMINDCOABOI_LOW,2023,6.154259318392233
RE1,OR_DEMINDCOABOI_LOW,2024,5.678430486965231
RE1,OR_DEMINDCOABOI_LOW,2025,5.668309799305586
RE1,OR_DEMINDCOABOI_LOW,2026,5.659431454226873
RE1,OR_DEMINDCOABOI_LOW,2027,5.655683490706767
RE1,OR_DEMINDCOABOI_LOW,2028,5.65678873897756
RE1,OR_DEMINDCOABOI_LOW,2029,5.656452253223057
RE1,OR_DEMINDCOABOI_LOW,2030,5.653929962996093
RE1,OR_DEMINDCOABOI_LOW,2031,5.669700754459187
RE1,OR_DEMINDCOABOI_LOW,2032,5.662962343796815
RE1,OR_DEMINDCOABOI_LOW,2033,5.63992996572571
RE1,OR_DEMINDCOABOI_LOW,2034,5.608095356609549
RE1,OR_DEMINDCOABOI_LOW,2035,5.566610591368669
RE1,OR_DEMINDCOABOI_LOW,2036,5.517755289894088
RE1,OR_DEMINDCOABOI_LOW,2037,5.45491369770262
RE1,OR_DEMINDCOABOI_LOW,2038,5.374936157540311
RE1,OR_DEMINDCOABOI_LOW,2039,5.274599813081817
RE1,OR_DEMINDCOABOI_LOW,2040,5.151121155404456
RE1,OR_DEMINDCOABOI_LOW,2041,5.002091145807539
RE1,OR_DEMINDCOABOI_LOW,2042,4.82435390991639
RE1,OR_DEMINDCOABOI_LOW,2043,4.617075100790785
RE1,OR_DEMINDCOABOI_LOW,2044,4.380255969798498
RE1,OR_DEMINDCOABOI_LOW,2045,4.114655473713669
RE1,OR_DEMINDCOABOI_LOW,2046,3.821652382232924
RE1,OR_DEMINDCOABOI_LOW,2047,3.504087872410867
RE1,OR_DEMINDCOABOI_LOW,2048,3.16684383251672
RE1,OR_DEMINDCOABOI_LOW,2049,2.816192991870143
RE1,OR_DEMINDCOABOI_LOW,2050,2.459398567017145
RE1,OR_DEMINDCOABOI_LOW,2051,2.105018505289008
RE1,OR_DEMINDCOABOI_LOW,2052,1.762014254485115
RE1,OR_DEMINDCOABOI_LOW,2053,1.439150049536655
RE1,OR_DEMINDCOABOI_LOW,2054,1.144169404288846
RE1,OR_DEMINDCOABOI_LOW,2055,0.0
RE1,OR_DEMINDCOABOI_MID,2022,0.04314045268774162
RE1,OR_DEMINDCOABOI_MID,2023,0.0581153208917135
RE1,OR_DEMINDCOABOI_MID,2024,0.1285072233570709
RE1,OR_DEMINDCOABOI_MID,2025,0.1282781844575738
RE1,OR_DEMINDCOABOI_MID,2026,0.1280772607205147
RE1,OR_DEMINDCOABOI_MID,2027,0.1279924414405539
RE1,OR_DEMINDCOABOI_MID,2028,0.1280174540539381
RE1,OR_DEMINDCOABOI_MID,2029,0.128009839124054
RE1,OR_DEMINDCOABOI_MID,2030,0.1279527577678039
RE1,OR_DEMINDCOABOI_MID,2031,0.1283096628361529
RE1,OR_DEMINDCOABOI_MID,2032,0.1281571674510198
RE1,OR_DEMINDCOABOI_MID,2033,0.1276359271258944
RE1,OR_DEMINDCOABOI_MID,2034,0.1269154855824844
RE1,OR_DEMINDCOABOI_MID,2035,0.125976653627957
RE1,OR_DEMINDCOABOI_MID,2036,0.1248710208033266
RE1,OR_DEMINDCOABOI_MID,2037,0.1234488675265716
RE1,OR_DEMINDCOABOI_MID,2038,0.1216389146459686
RE1,OR_DEMINDCOABOI_MID,2039,0.119368226458844
RE1,OR_DEMINDCOABOI_MID,2040,0.1165738100301494
RE1,OR_DEMINDCOABOI_MID,2041,0.1132011469722606
RE1,OR_DEMINDCOABOI_MID,2042,0.1091788174352586
RE1,OR_DEMINDCOABOI_MID,2043,0.1044879395099876
RE1,OR_DEMINDCOABOI_MID,2044,0.09912854151585664
RE1,OR_DEMINDCOABOI_MID,2045,0.09311779922492422
RE1,OR_DEMINDCOABOI_MID,2046,0.08648691524956155
RE1,OR_DEMINDCOABOI_MID,2047,0.07930018759873285
RE1,OR_DEMINDCOABOI_MID,2048,0.07166809713641224
RE1,OR_DEMINDCOABOI_MID,2049,0.06373260052291103
RE1,OR_DEMINDCOABOI_MID,2050,0.0556580699017488
RE1,OR_DEMINDCOABOI_MID,2051,0.04763817816400057
RE1,OR_DEMINDCOABOI_MID,2052,0.03987572972483022
RE1,OR_DEMINDCOABOI_MID,2053,0.03256906592141558
RE1,OR_DEMINDCOABOI_MID,2054,0.025893428392368
RE1,OR_DEMINDCOABOI_MID,2055,0.0
RE1,OR_DEMINDCOAFUR_LOW,2022,2.392501520022009
RE1,OR_DEMINDCOAFUR_LOW,2023,2.390427123942326
RE1,OR_DEMINDCOAFUR_LOW,2024,2.204978864363258
RE1,OR_DEMINDCOAFUR_LOW,2025,2.194074777823145
RE1,OR_DEMINDCOAFUR_LOW,2026,2.18743365719388
RE1,OR_DEMINDCOAFUR_LOW,2027,2.183091811487949
RE1,OR_DEMINDCOAFUR_LOW,2028,2.182041219030996
RE1,OR_DEMINDCOAFUR_LOW,2029,2.181420648869309
RE1,OR_DEMINDCOAFUR_LOW,2030,2.179674593453598
RE1,OR_DEMINDCOAFUR_LOW,2031,2.184371057287617
RE1,OR_DEMINDCOAFUR_LOW,2032,2.182922335384135
RE1,OR_DEMINDCOAFUR_LOW,2033,2.17571540162632
RE1,OR_DEMINDCOAFUR_LOW,2034,2.168116263898069
RE1,OR_DEMINDCOAFUR_LOW,2035,2.159185071752237
RE1,OR_DEMINDCOAFUR_LOW,2036,2.149406652136862
RE1,OR_DEMINDCOAFUR_LOW,2037,2.137473724227485
RE1,OR_DEMINDCOAFUR_LOW,2038,2.122562899162894
RE1,OR_DEMINDCOAFUR_LOW,2039,2.103783723351545
RE1,OR_DEMINDCOAFUR_LOW,2040,2.080446680396907
RE1,OR_DEMINDCOAFUR_LOW,2041,2.051971472381688
RE1,OR_DEMINDCOAFUR_LOW,2042,2.017341959641938
RE1,OR_DEMINDCOAFUR_LOW,2043,1.976077736621518
RE1,OR_DEMINDCOAFUR_LOW,2044,1.927961812414942
RE1,OR_DEMINDCOAFUR_LOW,2045,1.872485369388327
RE1,OR_DEMINDCOAFUR_LOW,2046,1.809173007310972
RE1,OR_DEMINDCOAFUR_LOW,2047,1.737644490762162
RE1,OR_DEMINDCOAFUR_LOW,2048,1.657875366413132
RE1,OR_DEMINDCOAFUR_LOW,2049,1.570041200876807
RE1,OR_DEMINDCOAFUR_LOW,2050,1.474425233374901
RE1,OR_DEMINDCOAFUR_LOW,2051,1.371783873296548
RE1,OR_DEMINDCOAFUR_LOW,2052,1.263187072796816
RE1,OR_DEMINDCOAFUR_LOW,2053,1.150049190264882
RE1,OR_DEMINDCOAFUR_LOW,2054,1.034082899139507
RE1,OR_DEMINDCOAFUR_LOW,2055,0.0
RE1,OR_DEMINDCOAFUR_MID,2022,0.01648660540590136
RE1,OR_DEMINDCOAFUR_MID,2023,0.02257305586084018
RE1,OR_DEMINDCOAFUR_MID,2024,0.04990035751442047
RE1,OR_DEMINDCOAFUR_MID,2025,0.04965358969931177
RE1,OR_DEMINDCOAFUR_MID,2026,0.04950329606201088
RE1,OR_DEMINDCOAFUR_MID,2027,0.04940503677413286
RE1,OR_DEMINDCOAFUR_MID,2028,0.04938126106360283
RE1,OR_DEMINDCOAFUR_MID,2029,0.04936721708638771
RE1,OR_DEMINDCOAFUR_MID,2030,0.04932770251738564
RE1,OR_DEMINDCOAFUR_MID,2031,0.04943398708462515
RE1,OR_DEMINDCOAFUR_MID,2032,0.04940120140033078
RE1,OR_DEMINDCOAFUR_MID,2033,0.04923810297933912
RE1,OR_DEMINDCOAFUR_MID,2034,0.04906612868263738
RE1,OR_DEMINDCOAFUR_MID,2035,0.04886400897604525
RE1,OR_DEMINDCOAFUR_MID,2036,0.04864271586407059
RE1,OR_DEMINDCOAFUR_MID,2037,0.04837266458217603
RE1,OR_DEMINDCOAFUR_MID,2038,0.04803522121091135
RE1,OR_DEMINDCOAFUR_MID,2039,0.04761023410470477
RE1,OR_DEMINDCOAFUR_MID,2040,0.0470820989803338
RE1,OR_DEMINDCOAFUR_MID,2041,0.0464376832522641
RE1,OR_DEMINDCOAFUR_MID,2042,0.04565399090301218
RE1,OR_DEMINDCOAFUR_MID,2043,0.04472014998754908
RE1,OR_DEMINDCOAFUR_MID,2044,0.0436312498357836
RE1,OR_DEMINDCOAFUR_MID,2045,0.04237577551564498
RE1,OR_DEMINDCOAFUR_MID,2046,0.04094296835644583
RE1,OR_DEMINDCOAFUR_MID,2047,0.03932422333990687
RE1,OR_DEMINDCOAFUR_MID,2048,0.03751898706850239
RE1,OR_DEMINDCOAFUR_MID,2049,0.03553123274891207
RE1,OR_DEMINDCOAFUR_MID,2050,0.03336737030127354
RE1,OR_DEMINDCOAFUR_MID,2051,0.03104451784837473
RE1,OR_DEMINDCOAFUR_MID,2052,0.02858688922551549
RE1,OR_DEMINDCOAFUR_MID,2053,0.02602649244438884
RE1,OR_DEMINDCOAFUR_MID,2054,0.02340208661433628
RE1,OR_DEMINDCOAFUR_MID,2055,0.0
RE1,OR_DEMINDCOAOTH_LOW,2022,0.005472062275809439
RE1,OR_DEMINDCOAOTH_LOW,2023,0.006778330289068298
RE1,OR_DEMINDCOAOTH_LOW,2024,0.00657547235766935
RE1,OR_DEMINDCOAOTH_LOW,2025,0.004708068718100577
RE1,OR_DEMINDCOAOTH_LOW,2026,0.002399616644717307
RE1,OR_DEMINDCOAOTH_LOW,2027,0.0005414071994037723
RE1,OR_DEMINDCOAOTH_LOW,2028,3.010926955197475e-05
RE1,OR_DEMINDCOAOTH_LOW,2029,1.823074039898125e-07
RE1,OR_DEMINDCOAOTH_LOW,2030,4.061472433240045e-11
RE1,OR_DEMINDCOAOTH_LOW,2031,8.306565204864038e-17
RE1,OR_DEMINDCOAOTH_LOW,2032,2.726079823965668e-25
RE1,OR_DEMINDCOAOTH_LOW,2033,1.72219518279746e-37
RE1,OR_DEMINDCOAOTH_LOW,2034,1.647732748561905e-54
RE1,OR_DEMINDCOAOTH_LOW,2035,1.18324003176623e-77
RE1,OR_DEMINDCOAOTH_LOW,2036,1.920136809845783e-108
RE1,OR_DEMINDCOAOTH_LOW,2037,1.236105421620022e-148
RE1,OR_DEMINDCOAOTH_LOW,2038,3.117477140445094e-200
RE1,OR_DEMINDCOAOTH_LOW,2039,1.645529293836155e-265
RE1,OR_DEMINDCOAOTH_LOW,2040,0.0
RE1,OR_DEMINDCOAOTH_LOW,2041,0.0
RE1,OR_DEMINDCOAOTH_LOW,2042,0.0
RE1,OR_DEMINDCOAOTH_LOW,2043,0.0
RE1,OR_DEMINDCOAOTH_LOW,2044,0.0
RE1,OR_DEMINDCOAOTH_LOW,2045,0.0
RE1,OR_DEMINDCOAOTH_LOW,2046,0.0
RE1,OR_DEMINDCOAOTH_LOW,2047,0.0
RE1,OR_DEMINDCOAOTH_LOW,2048,0.0
RE1,OR_DEMINDCOAOTH_LOW,2049,0.0
RE1,OR_DEMINDCOAOTH_LOW,2050,0.0
RE1,OR_DEMINDCOAOTH_LOW,2051,0.0
RE1,OR_DEMINDCOAOTH_LOW,2052,0.0
RE1,OR_DEMINDCOAOTH_LOW,2053,0.0
RE1,OR_DEMINDCOAOTH_LOW,2054,0.0
RE1,OR_DEMINDCOAOTH_LOW,2055,0.0
RE1,OR_DEMINDDSLBOI_LOW,2022,0.3908579205621605
RE1,OR_DEMINDDSLBOI_LOW,2023,0.3903672633070675
RE1,OR_DEMINDDSLBOI_LOW,2024,0.377057481464516
RE1,OR_DEMINDDSLBOI_LOW,2025,0.3754091756496978
RE1,OR_DEMINDDSLBOI_LOW,2026,0.3742784597714507
RE1,OR_DEMINDDSLBOI_LOW,2027,0.373384459744854
RE1,OR_DEMINDDSLBOI_LOW,2028,0.3729601961375369
RE1,OR_DEMINDDSLBOI_LOW,2029,0.3725606162367427
RE1,OR_DEMINDDSLBOI_LOW,2030,0.3718345320437527
RE1,OR_DEMINDDSLBOI_LOW,2031,0.3715562356519058
RE1,OR_DEMINDDSLBOI_LOW,2032,0.3706366127481313
RE1,OR_DEMINDDSLBOI_LOW,2033,0.3687516315221378
RE1,OR_DEMINDDSLBOI_LOW,2034,0.3666129424667788
RE1,OR_DEMINDDSLBOI_LOW,2035,0.3638343193624963
RE1,OR_DEMINDDSLBOI_LOW,2036,0.3603368413058232
RE1,OR_DEMINDDSLBOI_LOW,2037,0.3559697600381259
RE1,OR_DEMINDDSLBOI_LOW,2038,0.3505181932311067
RE1,OR_DEMINDDSLBOI_LOW,2039,0.3437569244569671
RE1,OR_DEMINDDSLBOI_LOW,2040,0.3355029813073407
RE1,OR_DEMINDDSLBOI_LOW,2041,0.3256057839918207
RE1,OR_DEMINDDSLBOI_LOW,2042,0.3138972980699856
RE1,OR_DEMINDDSLBOI_LOW,2043,0.3002818671401307
RE1,OR_DEMINDDSLBOI_LOW,2044,0.2847637116609472
RE1,OR_DEMINDDSLBOI_LOW,2045,0.2673594138878697
RE1,OR_DEMINDDSLBOI_LOW,2046,0.2481874113516382
RE1,OR_DEMINDDSLBOI_LOW,2047,0.2274496137327459
RE1,OR_DEMINDDSLBOI_LOW,2048,0.2054559894592291
RE1,OR_DEMINDDSLBOI_LOW,2049,0.1826118870802914
RE1,OR_DEMINDDSLBOI_LOW,2050,0.1593969769856939
RE1,OR_DEMINDDSLBOI_LOW,2051,0.1363646290417568
RE1,OR_DEMINDDSLBOI_LOW,2052,0.1140931849030535
RE1,OR_DEMINDDSLBOI_LOW,2053,0.09314478826029801
RE1,OR_DEMINDDSLBOI_LOW,2054,0.0740198879633848
RE1,OR_DEMINDDSLBOI_LOW,2055,0.0
RE1,OR_DEMINDDSLBOI_MID,2022,0.002693381906825373
RE1,OR_DEMINDDSLBOI_MID,2023,0.003686279306578994
RE1,OR_DEMINDDSLBOI_MID,2024,0.008533099084375903
RE1,OR_DEMINDDSLBOI_MID,2025,0.008495796663576378
RE1,OR_DEMINDDSLBOI_MID,2026,0.008470207698764214
RE1,OR_DEMINDDSLBOI_MID,2027,0.008449975794655711
RE1,OR_DEMINDDSLBOI_MID,2028,0.0084403743848519
RE1,OR_DEMINDDSLBOI_MID,2029,0.008431331586198606
RE1,OR_DEMINDDSLBOI_MID,2030,0.008414899745784465
RE1,OR_DEMINDDSLBOI_MID,2031,0.00840860168566581
RE1,OR_DEMINDDSLBOI_MID,2032,0.008387789916256827
RE1,OR_DEMINDDSLBOI_MID,2033,0.00834513134995252
RE1,OR_DEMINDDSLBOI_MID,2034,0.008296731181497659
RE1,OR_DEMINDDSLBOI_MID,2035,0.008233848816254866
RE1,OR_DEMINDDSLBOI_MID,2036,0.008154698213839804
RE1,OR_DEMINDDSLBOI_MID,2037,0.008055867825905201
RE1,OR_DEMINDDSLBOI_MID,2038,0.007932494701073654
RE1,OR_DEMINDDSLBOI_MID,2039,0.007779482019395147
RE1,OR_DEMINDDSLBOI_MID,2040,0.007592688975377021
RE1,OR_DEMINDDSLBOI_MID,2041,0.007368707833236756
RE1,OR_DEMINDDSLBOI_MID,2042,0.007103735845117108
RE1,OR_DEMINDDSLBOI_MID,2043,0.006795608233513514
RE1,OR_DEMINDDSLBOI_MID,2044,0.006444420510632902
RE1,OR_DEMINDDSLBOI_MID,2045,0.00605054794559369
RE1,OR_DEMINDDSLBOI_MID,2046,0.005616670870267805
RE1,OR_DEMINDDSLBOI_MID,2047,0.005147358655094594
RE1,OR_DEMINDDSLBOI_MID,2048,0.00464962612258651
RE1,OR_DEMINDDSLBOI_MID,2049,0.00413264662032076
RE1,OR_DEMINDDSLBOI_MID,2050,0.003607275455949043
RE1,OR_DEMINDDSLBOI_MID,2051,0.003086035812624445
RE1,OR_DEMINDDSLBOI_MID,2052,0.002582016004160355
RE1,OR_DEMINDDSLBOI_MID,2053,0.002107937772063898
RE1,OR_DEMINDDSLBOI_MID,2054,0.001675126656425741
RE1,OR_DEMINDDSLBOI_MID,2055,0.0
RE1,OR_DEMINDDSLFUR_LOW,2022,0.3268030960296942
RE1,OR_DEMINDDSLFUR_LOW,2023,0.358396568075829
RE1,OR_DEMINDDSLFUR_LOW,2024,0.342608174660716
RE1,OR_DEMINDDSLFUR_LOW,2025,0.3450229507220697
RE1,OR_DEMINDDSLFUR_LOW,2026,0.3435960301382102
RE1,OR_DEMINDDSLFUR_LOW,2027,0.3425085970281032
RE1,OR_DEMINDDSLFUR_LOW,2028,0.3420409859038409
RE1,OR_DEMINDDSLFUR_LOW,2029,0.3417934606955972
RE1,OR_DEMINDDSLFUR_LOW,2030,0.3412274666018668
RE1,OR_DEMINDDSLFUR_LOW,2031,0.3410129071337901
RE1,OR_DEMINDDSLFUR_LOW,2032,0.3402717630663524
RE1,OR_DEMINDDSLFUR_LOW,2033,0.3385816928952819
RE1,OR_DEMINDDSLFUR_LOW,2034,0.3370644538334983
RE1,OR_DEMINDDSLFUR_LOW,2035,0.3355364966840193
RE1,OR_DEMINDDSLFUR_LOW,2036,0.3337667909241555
RE1,OR_DEMINDDSLFUR_LOW,2037,0.3316918429722298
RE1,OR_DEMINDDSLFUR_LOW,2038,0.3291691996072862
RE1,OR_DEMINDDSLFUR_LOW,2039,0.3260487107686268
RE1,OR_DEMINDDSLFUR_LOW,2040,0.3222147006750571
RE1,OR_DEMINDDSLFUR_LOW,2041,0.3175803920693119
RE1,OR_DEMINDDSLFUR_LOW,2042,0.3120260249139626
RE1,OR_DEMINDDSLFUR_LOW,2043,0.3054596760072922
RE1,OR_DEMINDDSLFUR_LOW,2044,0.2978633191435291
RE1,OR_DEMINDDSLFUR_LOW,2045,0.2891280682551065
RE1,OR_DEMINDDSLFUR_LOW,2046,0.2791904626623377
RE1,OR_DEMINDDSLFUR_LOW,2047,0.2680021350227688
RE1,OR_DEMINDDSLFUR_LOW,2048,0.2555553231675775
RE1,OR_DEMINDDSLFUR_LOW,2049,0.241877029212125
RE1,OR_DEMINDDSLFUR_LOW,2050,0.2270190959040857
RE1,OR_DEMINDDSLFUR_LOW,2051,0.2111003268886689
RE1,OR_DEMINDDSLFUR_LOW,2052,0.1942871554518656
RE1,OR_DEMINDDSLFUR_LOW,2053,0.1767938566042493
RE1,OR_DEMINDDSLFUR_LOW,2054,0.1588870962359481
RE1,OR_DEMINDDSLFUR_LOW,2055,0.0
RE1,OR_DEMINDDSLFUR_MID,2022,0.002251983392520015
RE1,OR_DEMINDDSLFUR_MID,2023,0.003384376654062887
RE1,OR_DEMINDDSLFUR_MID,2024,0.007753484933230745
RE1,OR_DEMINDDSLFUR_MID,2025,0.007808133161713246
RE1,OR_DEMINDDSLFUR_MID,2026,0.007775840857950126
RE1,OR_DEMINDDSLFUR_MID,2027,0.007751231415272749
RE1,OR_DEMINDDSLFUR_MID,2028,0.007740649018019193
RE1,OR_DEMINDDSLFUR_MID,2029,0.00773504733331154
RE1,OR_DEMINDDSLFUR_MID,2030,0.007722238454240337
RE1,OR_DEMINDDSLFUR_MID,2031,0.007717382809436583
RE1,OR_DEMINDDSLFUR_MID,2032,0.007700610152549676
RE1,OR_DEMINDDSLFUR_MID,2033,0.007662362572437281
RE1,OR_DEMINDDSLFUR_MID,2034,0.007628026292465863
RE1,OR_DEMINDDSLFUR_MID,2035,0.007593447453975394
RE1,OR_DEMINDDSLFUR_MID,2036,0.00755339765960331
RE1,OR_DEMINDDSLFUR_MID,2037,0.007506440001052325
RE1,OR_DEMINDDSLFUR_MID,2038,0.007449350653019771
RE1,OR_DEMINDDSLFUR_MID,2039,0.007378731604835002
RE1,OR_DEMINDDSLFUR_MID,2040,0.007291965025129817
RE1,OR_DEMINDDSLFUR_MID,2041,0.007187087078226856
RE1,OR_DEMINDDSLFUR_MID,2042,0.007061387502916718
RE1,OR_DEMINDDSLFUR_MID,2043,0.006912786006864786
RE1,OR_DEMINDDSLFUR_MID,2044,0.006740874643252526
RE1,OR_DEMINDDSLFUR_MID,2045,0.006543189237122193
RE1,OR_DEMINDDSLFUR_MID,2046,0.006318293624773695
RE1,OR_DEMINDDSLFUR_MID,2047,0.006065093216268104
RE1,OR_DEMINDDSLFUR_MID,2048,0.005783412347790429
RE1,OR_DEMINDDSLFUR_MID,2049,0.005473862097855713
RE1,OR_DEMINDDSLFUR_MID,2050,0.005137615707480136
RE1,OR_DEMINDDSLFUR_MID,2051,0.004777361793985977
RE1,OR_DEMINDDSLFUR_MID,2052,0.004396866869881564
RE1,OR_DEMINDDSLFUR_MID,2053,0.00400098014247988
RE1,OR_DEMINDDSLFUR_MID,2054,0.003595736464753598
RE1,OR_DEMINDDSLFUR_MID,2055,0.0
RE1,OR_DEMINDELCAIR_LOW,2022,0.1285864827088398
RE1,OR_DEMINDELCAIR_LOW,2023,0.1208244985148984
RE1,OR_DEMINDELCAIR_LOW,2024,0.1157709251566342
RE1,OR_DEMINDELCAIR_LOW,2025,0.1162481867061853
RE1,OR_DEMINDELCAIR_LOW,2026,0.1156394624017355
RE1,OR_DEMINDELCAIR_LOW,2027,0.115062464929098
RE1,OR_DEMINDELCAIR_LOW,2028,0.1145614337167642
RE1,OR_DEMINDELCAIR_LOW,2029,0.113916654294331
RE1,OR_DEMINDELCAIR_LOW,2030,0.1128121341200006
RE1,OR_DEMINDELCAIR_LOW,2031,0.1112707079705833
RE1,OR_DEMINDELCAIR_LOW,2032,0.1090156592872317
RE1,OR_DEMINDELCAIR_LOW,2033,0.1056783153350839
RE1,OR_DEMINDELCAIR_LOW,2034,0.101455765638079
RE1,OR_DEMINDELCAIR_LOW,2035,0.09614765387635786
RE1,OR_DEMINDELCAIR_LOW,2036,0.08959636745274843
RE1,OR_DEMINDELCAIR_LOW,2037,0.0817750520107138
RE1,OR_DEMINDELCAIR_LOW,2038,0.07275913995753507
RE1,OR_DEMINDELCAIR_LOW,2039,0.06277518838376747
RE1,OR_DEMINDELCAIR_LOW,2040,0.05221514876233024
RE1,OR_DEMINDELCAIR_LOW,2041,0.04160457262610395
RE1,OR_DEMINDELCAIR_LOW,2042,0.03152965814310305
RE1,OR_DEMINDELCAIR_LOW,2043,0.02254699180505105
RE1,OR_DEMINDELCAIR_LOW,2044,0.01508647699740972
RE1,OR_DEMINDELCAIR_LOW,2045,0.009355158940104679
RE1,OR_DEMINDELCAIR_LOW,2046,0.005320950312195036
RE1,OR_DEMINDELCAIR_LOW,2047,0.002744722144763297
RE1,OR_DEMINDELCAIR_LOW,2048,0.001268479536792547
RE1,OR_DEMINDELCAIR_LOW,2049,0.0005183532376848604
RE1,OR_DEMINDELCAIR_LOW,2050,0.0001846451129606101
RE1,OR_DEMINDELCAIR_LOW,2051,5.64686776695012e-05
RE1,OR_DEMINDELCAIR_LOW,2052,1.458642761888763e-05
RE1,OR_DEMINDELCAIR_LOW,2053,3.127396525247671e-06
RE1,OR_DEMINDELCAIR_LOW,2054,5.46325695324133e-07
RE1,OR_DEMINDELCAIR_LOW,2055,0.0
RE1,OR_DEMINDELCAIR_MID,2022,0.0008860828648225464
RE1,OR_DEMINDELCAIR_MID,2023,0.001140958503615359
RE1,OR_DEMINDELCAIR_MID,2024,0.002619984548813134
RE1,OR_DEMINDELCAIR_MID,2025,0.002630785342569205
RE1,OR_DEMINDELCAIR_MID,2026,0.002617009446160091
RE1,OR_DEMINDELCAIR_MID,2027,0.002603951552211594
RE1,OR_DEMINDELCAIR_MID,2028,0.002592612832813682
RE1,OR_DEMINDELCAIR_MID,2029,0.002578020981518703
RE1,OR_DEMINDELCAIR_MID,2030,0.002553024845514065
RE1,OR_DEMINDELCAIR_MID,2031,0.002518141193257285
RE1,OR_DEMINDELCAIR_MID,2032,0.00246710771745834
RE1,OR_DEMINDELCAIR_MID,2033,0.002391581072259019
RE1,OR_DEMINDELCAIR_MID,2034,0.002296021544270617
RE1,OR_DEMINDELCAIR_MID,2035,0.002175894916792549
RE1,OR_DEMINDELCAIR_MID,2036,0.002027634296248285
RE1,OR_DEMINDELCAIR_MID,2037,0.001850631948017935
RE1,OR_DEMINDELCAIR_MID,2038,0.001646594965150024
RE1,OR_DEMINDELCAIR_MID,2039,0.001420650507817762
RE1,OR_DEMINDELCAIR_MID,2040,0.001181668737519328
RE1,OR_DEMINDELCAIR_MID,2041,0.0009415432872535855
RE1,OR_DEMINDELCAIR_MID,2042,0.000713540269739793
RE1,OR_DEMINDELCAIR_MID,2043,0.0005102556628231707
RE1,OR_DEMINDELCAIR_MID,2044,0.000341418508798823
RE1,OR_DEMINDELCAIR_MID,2045,0.0002117143992898353
RE1,OR_DEMINDELCAIR_MID,2046,0.0001204171736909934
RE1,OR_DEMINDELCAIR_MID,2047,6.211516060993487e-05
RE1,OR_DEMINDELCAIR_MID,2048,2.870666173208576e-05
RE1,OR_DEMINDELCAIR_MID,2049,1.173073007513901e-05
RE1,OR_DEMINDELCAIR_MID,2050,4.178660076492719e-06
RE1,OR_DEMINDELCAIR_MID,2051,1.277929348718902e-06
RE1,OR_DEMINDELCAIR_MID,2052,3.301020090507308e-07
RE1,OR_DEMINDELCAIR_MID,2053,7.077537441352338e-08
RE1,OR_DEMINDELCAIR_MID,2054,1.236376817782385e-08
RE1,OR_DEMINDELCAIR_MID,2055,0.0
RE1,OR_DEMINDELCBOI_LOW,2022,0.006210269758941701
RE1,OR_DEMINDELCBOI_LOW,2023,0.006363253359473024
RE1,OR_DEMINDELCBOI_LOW,2024,0.006142746004789133
RE1,OR_DEMINDELCBOI_LOW,2025,0.005369290116321715
RE1,OR_DEMINDELCBOI_LOW,2026,0.00535554815347711
RE1,OR_DEMINDELCBOI_LOW,2027,0.005344562666674917
RE1,OR_DEMINDELCBOI_LOW,2028,0.005341995196969845
RE1,OR_DEMINDELCBOI_LOW,2029,0.005339370578864253
RE1,OR_DEMINDELCBOI_LOW,2030,0.005330946527624873
RE1,OR_DEMINDELCBOI_LOW,2031,0.005330110031382384
RE1,OR_DEMINDELCBOI_LOW,2032,0.005323193080725698
RE1,OR_DEMINDELCBOI_LOW,2033,0.005302481028724236
RE1,OR_DEMINDELCBOI_LOW,2034,0.005279810874045841
RE1,OR_DEMINDELCBOI_LOW,2035,0.005245142931079708
RE1,OR_DEMINDELCBOI_LOW,2036,0.005198354179561864
RE1,OR_DEMINDELCBOI_LOW,2037,0.005139163885339488
RE1,OR_DEMINDELCBOI_LOW,2038,0.005064404101031408
RE1,OR_DEMINDELCBOI_LOW,2039,0.004970614002742154
RE1,OR_DEMINDELCBOI_LOW,2040,0.004855163144647874
RE1,OR_DEMINDELCBOI_LOW,2041,0.004715879783200075
RE1,OR_DEMINDELCBOI_LOW,2042,0.004550155685409353
RE1,OR_DEMINDELCBOI_LOW,2043,0.004356297917973545
RE1,OR_DEMINDELCBOI_LOW,2044,0.004134319191532707
RE1,OR_DEMINDELCBOI_LOW,2045,0.003884294209531698
RE1,OR_DEMINDELCBOI_LOW,2046,0.003608139420245403
RE1,OR_DEMINDELCBOI_LOW,2047,0.003308847135406171
RE1,OR_DEMINDELCBOI_LOW,2048,0.002990855353000686
RE1,OR_DEMINDELCBOI_LOW,2049,0.002660021393927991
RE1,OR_DEMINDELCBOI_LOW,2050,0.002323335828080426
RE1,OR_DEMINDELCBOI_LOW,2051,0.001988862036774898
RE1,OR_DEMINDELCBOI_LOW,2052,0.001665048606232963
RE1,OR_DEMINDELCBOI_LOW,2053,0.001360131070435987
RE1,OR_DEMINDELCBOI_LOW,2054,0.001081480032286989
RE1,OR_DEMINDELCBOI_LOW,2055,0.0
RE1,OR_DEMINDELCBOI_MID,2022,4.279465075488527e-05
RE1,OR_DEMINDELCBOI_MID,2023,6.008887370018358e-05
RE1,OR_DEMINDELCBOI_MID,2024,0.0001390150385172841
RE1,OR_DEMINDELCBOI_MID,2025,0.0001215111404165179
RE1,OR_DEMINDELCBOI_MID,2026,0.0001212001492909436
RE1,OR_DEMINDELCBOI_MID,2027,0.0001209515393256696
RE1,OR_DEMINDELCBOI_MID,2028,0.0001208934355232879
RE1,OR_DEMINDELCBOI_MID,2029,0.0001208340384089099
RE1,OR_DEMINDELCBOI_MID,2030,0.0001206433956887647
RE1,OR_DEMINDELCBOI_MID,2031,0.0001206244651392551
RE1,OR_DEMINDELCBOI_MID,2032,0.0001204679292575481
RE1,OR_DEMINDELCBOI_MID,2033,0.0001199991996853811
RE1,OR_DEMINDELCBOI_MID,2034,0.0001194861567525702
RE1,OR_DEMINDELCBOI_MID,2035,0.0001187015946979134
RE1,OR_DEMINDELCBOI_MID,2036,0.000117642729478782
RE1,OR_DEMINDELCBOI_MID,2037,0.0001163032078666631
RE1,OR_DEMINDELCBOI_MID,2038,0.00011461133679027
RE1,OR_DEMINDELCBOI_MID,2039,0.0001124887951588798
RE1,OR_DEMINDELCBOI_MID,2040,0.0001098760539723947
RE1,OR_DEMINDELCBOI_MID,2041,0.0001067239650139082
RE1,OR_DEMINDELCBOI_MID,2042,0.000102973501976749
RE1,OR_DEMINDELCBOI_MID,2043,9.85863524859589e-05
RE1,OR_DEMINDELCBOI_MID,2044,9.356280419304034e-05
RE1,OR_DEMINDELCBOI_MID,2045,8.79045476940649e-05
RE1,OR_DEMINDELCBOI_MID,2046,8.165495367871139e-05
RE1,OR_DEMINDELCBOI_MID,2047,7.488174044925115e-05
RE1,OR_DEMINDELCBOI_MID,2048,6.76853432931887e-05
RE1,OR_DEMINDELCBOI_MID,2049,6.019831786067696e-05
RE1,OR_DEMINDELCBOI_MID,2050,5.257886609301109e-05
RE1,OR_DEMINDELCBOI_MID,2051,4.500946847424106e-05
RE1,OR_DEMINDELCBOI_MID,2052,3.768132296991683e-05
RE1,OR_DEMINDELCBOI_MID,2053,3.078080601050412e-05
RE1,OR_DEMINDELCBOI_MID,2054,2.447471997488367e-05
RE1,OR_DEMINDELCBOI_MID,2055,0.0
RE1,OR_DEMINDELCFUR_LOW,2022,0.6666529703789719
RE1,OR_DEMINDELCFUR_LOW,2023,0.5168440117384695
RE1,OR_DEMINDELCFUR_LOW,2024,0.4953716826354211
RE1,OR_DEMINDELCFUR_LOW,2025,0.4958397866512014
RE1,OR_DEMINDELCFUR_LOW,2026,0.4941050797493034
RE1,OR_DEMINDELCFUR_LOW,2027,0.4928602451109436
RE1,OR_DEMINDELCFUR_LOW,2028,0.4924392984535126
RE1,OR_DEMINDELCFUR_LOW,2029,0.4922255732035406
RE1,OR_DEMINDELCFUR_LOW,2030,0.4916556486062065
RE1,OR_DEMINDELCFUR_LOW,2031,0.4921562251626483
RE1,OR_DEMINDELCFUR_LOW,2032,0.4914860750131907
RE1,OR_DEMINDELCFUR_LOW,2033,0.4894599588769504
RE1,OR_DEMINDELCFUR_LOW,2034,0.487585326759815
RE1,OR_DEMINDELCFUR_LOW,2035,0.4855684421889448
RE1,OR_DEMINDELCFUR_LOW,2036,0.4832227484585616
RE1,OR_DEMINDELCFUR_LOW,2037,0.4804143319935841
RE1,OR_DEMINDELCFUR_LOW,2038,0.4769488605787803
RE1,OR_DEMINDELCFUR_LOW,2039,0.4726161159675283
RE1,OR_DEMINDELCFUR_LOW,2040,0.4672545580226468
RE1,OR_DEMINDELCFUR_LOW,2041,0.460735924835516
RE1,OR_DEMINDELCFUR_LOW,2042,0.4528498370088396
RE1,OR_DEMINDELCFUR_LOW,2043,0.4434852513914374
RE1,OR_DEMINDELCFUR_LOW,2044,0.4326068012807197
RE1,OR_DEMINDELCFUR_LOW,2045,0.420070799383519
RE1,OR_DEMINDELCFUR_LOW,2046,0.4057762255617356
RE1,OR_DEMINDELCFUR_LOW,2047,0.3896492357416532
RE1,OR_DEMINDELCFUR_LOW,2048,0.3716809656330504
RE1,OR_DEMINDELCFUR_LOW,2049,0.3519100353369111
RE1,OR_DEMINDELCFUR_LOW,2050,0.3304059710173883
RE1,OR_DEMINDELCFUR_LOW,2051,0.3073396025508904
RE1,OR_DEMINDELCFUR_LOW,2052,0.2829516719202372
RE1,OR_DEMINDELCFUR_LOW,2053,0.2575566114988364
RE1,OR_DEMINDELCFUR_LOW,2054,0.2315407518308731
RE1,OR_DEMINDELCFUR_LOW,2055,0.0
RE1,OR_DEMINDELCFUR_MID,2022,0.004593871466049915
RE1,OR_DEMINDELCFUR_MID,2023,0.004880612603270764
RE1,OR_DEMINDELCFUR_MID,2024,0.01121063991385054
RE1,OR_DEMINDELCFUR_MID,2025,0.01122123346561598
RE1,OR_DEMINDELCFUR_MID,2026,0.01118197572215801
RE1,OR_DEMINDELCFUR_MID,2027,0.01115380416255513
RE1,OR_DEMINDELCFUR_MID,2028,0.01114427781786321
RE1,OR_DEMINDELCFUR_MID,2029,0.01113944105205297
RE1,OR_DEMINDELCFUR_MID,2030,0.01112654322268015
RE1,OR_DEMINDELCFUR_MID,2031,0.01113787165286762
RE1,OR_DEMINDELCFUR_MID,2032,0.01112270564262293
RE1,OR_DEMINDELCFUR_MID,2033,0.01107685308539521
RE1,OR_DEMINDELCFUR_MID,2034,0.01103442872733674
RE1,OR_DEMINDELCFUR_MID,2035,0.01098878508749134
RE1,OR_DEMINDELCFUR_MID,2036,0.01093570024497551
RE1,OR_DEMINDELCFUR_MID,2037,0.01087214363320172
RE1,OR_DEMINDELCFUR_MID,2038,0.01079371736556279
RE1,OR_DEMINDELCFUR_MID,2039,0.01069566404241559
RE1,OR_DEMINDELCFUR_MID,2040,0.01057432788695039
RE1,OR_DEMINDELCFUR_MID,2041,0.01042680623411263
RE1,OR_DEMINDELCFUR_MID,2042,0.01024833803729619
RE1,OR_DEMINDELCFUR_MID,2043,0.01003641030509195
RE1,OR_DEMINDELCFUR_MID,2044,0.00979022266198076
RE1,OR_DEMINDELCFUR_MID,2045,0.00950652335466227
RE1,OR_DEMINDELCFUR_MID,2046,0.009183026220176463
RE1,OR_DEMINDELCFUR_MID,2047,0.008818060110677765
RE1,OR_DEMINDELCFUR_MID,2048,0.008411424420501265
RE1,OR_DEMINDELCFUR_MID,2049,0.007963993152059182
RE1,OR_DEMINDELCFUR_MID,2050,0.007477339735602437
RE1,OR_DEMINDELCFUR_MID,2051,0.006955330181841935
RE1,OR_DEMINDELCFUR_MID,2052,0.006403412665907876
RE1,OR_DEMINDELCFUR_MID,2053,0.005828703032809347
RE1,OR_DEMINDELCFUR_MID,2054,0.005239944238129814
RE1,OR_DEMINDELCFUR_MID,2055,0.0
RE1,OR_DEMINDELCILU_LOW,2022,0.2939128334956607
RE1,OR_DEMINDELCILU_LOW,2023,0.283018300385929
RE1,OR_DEMINDELCILU_LOW,2024,0.2710591624620866
RE1,OR_DEMINDELCILU_LOW,2025,0.2559044030238013
RE1,OR_DEMINDELCILU_LOW,2026,0.2249906506072965
RE1,OR_DEMINDELCILU_LOW,2027,0.170125822580293
RE1,OR_DEMINDELCILU_LOW,2028,0.09930292441501075
RE1,OR_DEMINDELCILU_LOW,2029,0.03840512974101058
RE1,OR_DEMINDELCILU_LOW,2030,0.0080320619254444
RE1,OR_DEMINDELCILU_LOW,2031,0.0007023209028886179
RE1,OR_DEMINDELCILU_LOW,2032,1.856227344380031e-05
RE1,OR_DEMINDELCILU_LOW,2033,9.980426022519104e-08
RE1,OR_DEMINDELCILU_LOW,2034,6.822087140448747e-11
RE1,OR_DEMINDELCILU_LOW,2035,3.38974342741806e-15
RE1,OR_DEMINDELCILU_LOW,2036,6.380702749041771e-21
RE1,OR_DEMINDELCILU_LOW,2037,2.145976637332117e-28
RE1,OR_DEMINDELCILU_LOW,2038,5.463748835991548e-38
RE1,OR_DEMINDELCILU_LOW,2039,3.980221533766074e-50
RE1,OR_DEMINDELCILU_LOW,2040,2.777480150773208e-65
RE1,OR_DEMINDELCILU_LOW,2041,5.466677100733683e-84
RE1,OR_DEMINDELCILU_LOW,2042,7.801638252119559e-107
RE1,OR_DEMINDELCILU_LOW,2043,1.799184995565792e-134
RE1,OR_DEMINDELCILU_LOW,2044,1.286533919305015e-167
RE1,OR_DEMINDELCILU_LOW,2045,4.676421500752539e-207
RE1,OR_DEMINDELCILU_LOW,2046,1.202161203534828e-253
RE1,OR_DEMINDELCILU_LOW,2047,2.561736903927082e-308
RE1,OR_DEMINDELCILU_LOW,2048,0.0
RE1,OR_DEMINDELCILU_LOW,2049,0.0
RE1,OR_DEMINDELCILU_LOW,2050,0.0
RE1,OR_DEMINDELCILU_LOW,2051,0.0
RE1,OR_DEMINDELCILU_LOW,2052,0.0
RE1,OR_DEMINDELCILU_LOW,2053,0.0
RE1,OR_DEMINDELCILU_LOW,2054,0.0
RE1,OR_DEMINDELCILU_LOW,2055,0.0
RE1,OR_DEMINDELCILU_MID,2022,0.002025338278376003
RE1,OR_DEMINDELCILU_MID,2023,0.002672571709157763
RE1,OR_DEMINDELCILU_MID,2024,0.006134276084466446
RE1,OR_DEMINDELCILU_MID,2025,0.005791312291825351
RE1,OR_DEMINDELCILU_MID,2026,0.005091710439568443
RE1,OR_DEMINDELCILU_MID,2027,0.003850077434480532
RE1,OR_DEMINDELCILU_MID,2028,0.002247301101440474
RE1,OR_DEMINDELCILU_MID,2029,0.0008691374486337984
RE1,OR_DEMINDELCILU_MID,2030,0.0001817717022758775
RE1,OR_DEMINDELCILU_MID,2031,1.589405899095231e-05
RE1,OR_DEMINDELCILU_MID,2032,4.200784397965425e-07
RE1,OR_DEMINDELCILU_MID,2033,2.258646714120531e-09
RE1,OR_DEMINDELCILU_MID,2034,1.543890478066915e-12
RE1,OR_DEMINDELCILU_MID,2035,7.67124853866409e-17
RE1,OR_DEMINDELCILU_MID,2036,1.444001815692578e-22
RE1,OR_DEMINDELCILU_MID,2037,4.856509200662569e-30
RE1,OR_DEMINDELCILU_MID,2038,1.236488134609443e-39
RE1,OR_DEMINDELCILU_MID,2039,9.007545638260673e-52
RE1,OR_DEMINDELCILU_MID,2040,6.285649933103241e-67
RE1,OR_DEMINDELCILU_MID,2041,1.2371508233086e-85
RE1,OR_DEMINDELCILU_MID,2042,1.765570383784001e-108
RE1,OR_DEMINDELCILU_MID,2043,4.071693201433036e-136
RE1,OR_DEMINDELCILU_MID,2044,2.911524621179885e-169
RE1,OR_DEMINDELCILU_MID,2045,1.058309939143393e-208
RE1,OR_DEMINDELCILU_MID,2046,2.720582714686342e-255
RE1,OR_DEMINDELCILU_MID,2047,0.0
RE1,OR_DEMINDELCILU_MID,2048,0.0
RE1,OR_DEMINDELCILU_MID,2049,0.0
RE1,OR_DEMINDELCILU_MID,2050,0.0
RE1,OR_DEMINDELCILU_MID,2051,0.0
RE1,OR_DEMINDELCILU_MID,2052,0.0
RE1,OR_DEMINDELCILU_MID,2053,0.0
RE1,OR_DEMINDELCILU_MID,2054,0.0
RE1,OR_DEMINDELCILU_MID,2055,0.0
RE1,OR_DEMINDELCMPW_LOW,2022,7.935922899718725
RE1,OR_DEMINDELCMPW_LOW,2023,7.61638098820582
RE1,OR_DEMINDELCMPW_LOW,2024,7.320685284336283
RE1,OR_DEMINDELCMPW_LOW,2025,7.331678122556418
RE1,OR_DEMINDELCMPW_LOW,2026,7.305812076908851
RE1,OR_DEMINDELCMPW_LOW,2027,7.285897870597483
RE1,OR_DEMINDELCMPW_LOW,2028,7.276929218545765
RE1,OR_DEMINDELCMPW_LOW,2029,7.270343069088882
RE1,OR_DEMINDELCMPW_LOW,2030,7.255974962447358
RE1,OR_DEMINDELCMPW_LOW,2031,7.245920814473995
RE1,OR_DEMINDELCMPW_LOW,2032,7.224150404748534
RE1,OR_DEMINDELCMPW_LOW,2033,7.180625109919319
RE1,OR_DEMINDELCMPW_LOW,2034,7.133180318603611
RE1,OR_DEMINDELCMPW_LOW,2035,7.076541612134983
RE1,OR_DEMINDELCMPW_LOW,2036,7.007027972927975
RE1,OR_DEMINDELCMPW_LOW,2037,6.920961040609727
RE1,OR_DEMINDELCMPW_LOW,2038,6.813875345093799
RE1,OR_DEMINDELCMPW_LOW,2039,6.681225407554202
RE1,OR_DEMINDELCMPW_LOW,2040,6.519324048595615
RE1,OR_DEMINDELCMPW_LOW,2041,6.325301449606555
RE1,OR_DEMINDELCMPW_LOW,2042,6.096234597522257
RE1,OR_DEMINDELCMPW_LOW,2043,5.830223958059279
RE1,OR_DEMINDELCMPW_LOW,2044,5.527659461554332
RE1,OR_DEMINDELCMPW_LOW,2045,5.188749014446358
RE1,OR_DEMINDELCMPW_LOW,2046,4.815747296939554
RE1,OR_DEMINDELCMPW_LOW,2047,4.412517024224272
RE1,OR_DEMINDELCMPW_LOW,2048,3.985083793200719
RE1,OR_DEMINDELCMPW_LOW,2049,3.541328144273024
RE1,OR_DEMINDELCMPW_LOW,2050,3.090538512329925
RE1,OR_DEMINDELCMPW_LOW,2051,2.643462635654409
RE1,OR_DEMINDELCMPW_LOW,2052,2.21131601361778
RE1,OR_DEMINDELCMPW_LOW,2053,1.804971309644228
RE1,OR_DEMINDELCMPW_LOW,2054,1.434122744796165
RE1,OR_DEMINDELCMPW_LOW,2055,0.0
RE1,OR_DEMINDELCMPW_MID,2022,0.05468603814225185
RE1,OR_DEMINDELCMPW_MID,2023,0.07192229028119042
RE1,OR_DEMINDELCMPW_MID,2024,0.1656727050054643
RE1,OR_DEMINDELCMPW_MID,2025,0.1659214813389468
RE1,OR_DEMINDELCMPW_MID,2026,0.165336112950089
RE1,OR_DEMINDELCMPW_MID,2027,0.1648854392358808
RE1,OR_DEMINDELCMPW_MID,2028,0.1646824717829785
RE1,OR_DEMINDELCMPW_MID,2029,0.1645334221853368
RE1,OR_DEMINDELCMPW_MID,2030,0.1642082609469208
RE1,OR_DEMINDELCMPW_MID,2031,0.1639807278913971
RE1,OR_DEMINDELCMPW_MID,2032,0.16348804687477
RE1,OR_DEMINDELCMPW_MID,2033,0.1625030361755742
RE1,OR_DEMINDELCMPW_MID,2034,0.1614293242742428
RE1,OR_DEMINDELCMPW_MID,2035,0.1601475470438044
RE1,OR_DEMINDELCMPW_MID,2036,0.1585744002419824
RE1,OR_DEMINDELCMPW_MID,2037,0.1566266397612531
RE1,OR_DEMINDELCMPW_MID,2038,0.1542032085994909
RE1,OR_DEMINDELCMPW_MID,2039,0.151201239095623
RE1,OR_DEMINDELCMPW_MID,2040,0.1475372875609053
RE1,OR_DEMINDELCMPW_MID,2041,0.1431464078060433
RE1,OR_DEMINDELCMPW_MID,2042,0.1379624498105955
RE1,OR_DEMINDELCMPW_MID,2043,0.131942425661441
RE1,OR_DEMINDELCMPW_MID,2044,0.1250951597802202
RE1,OR_DEMINDELCMPW_MID,2045,0.1174253572486011
RE1,OR_DEMINDELCMPW_MID,2046,0.1089840432034175
RE1,OR_DEMINDELCMPW_MID,2047,0.0998586338426614
RE1,OR_DEMINDELCMPW_MID,2048,0.09018549303104718
RE1,OR_DEMINDELCMPW_MID,2049,0.08014296342297758
RE1,OR_DEMINDELCMPW_MID,2050,0.06994124940144633
RE1,OR_DEMINDELCMPW_MID,2051,0.0598235805009675
RE1,OR_DEMINDELCMPW_MID,2052,0.05004377204711002
RE1,OR_DEMINDELCMPW_MID,2053,0.04084788072584465
RE1,OR_DEMINDELCMPW_MID,2054,0.03245529417151865
RE1,OR_DEMINDELCMPW_MID,2055,0.0
RE1,OR_DEMINDELCOTH_LOW,2022,0.07115505917649519
RE1,OR_DEMINDELCOTH_LOW,2023,0.0659452846768738
RE1,OR_DEMINDELCOTH_LOW,2024,0.06332638825249876
RE1,OR_DEMINDELCOTH_LOW,2025,0.04567116372635038
RE1,OR_DEMINDELCOTH_LOW,2026,0.02321024536916753
RE1,OR_DEMINDELCOTH_LOW,2027,0.005221964517213688
RE1,OR_DEMINDELCOTH_LOW,2028,0.000289858445233882
RE1,OR_DEMINDELCOTH_LOW,2029,1.753259571807612e-06
RE1,OR_DEMINDELCOTH_LOW,2030,3.898586003434465e-10
RE1,OR_DEMINDELCOTH_LOW,2031,7.933149132908187e-16
RE1,OR_DEMINDELCOTH_LOW,2032,2.596739033185643e-24
RE1,OR_DEMINDELCOTH_LOW,2033,1.635277898317138e-36
RE1,OR_DEMINDELCOTH_LOW,2034,1.562001714165462e-53
RE1,OR_DEMINDELCOTH_LOW,2035,1.120813110817165e-76
RE1,OR_DEMINDELCOTH_LOW,2036,1.81607150073541e-107
RE1,OR_DEMINDELCOTH_LOW,2037,1.167594595937868e-147
RE1,OR_DEMINDELCOTH_LOW,2038,2.941200083713886e-199
RE1,OR_DEMINDELCOTH_LOW,2039,1.550652083434679e-264
RE1,OR_DEMINDELCOTH_LOW,2040,0.0
RE1,OR_DEMINDELCOTH_LOW,2041,0.0
RE1,OR_DEMINDELCOTH_LOW,2042,0.0
RE1,OR_DEMINDELCOTH_LOW,2043,0.0
RE1,OR_DEMINDELCOTH_LOW,2044,0.0
RE1,OR_DEMINDELCOTH_LOW,2045,0.0
RE1,OR_DEMINDELCOTH_LOW,2046,0.0
RE1,OR_DEMINDELCOTH_LOW,2047,0.0
RE1,OR_DEMINDELCOTH_LOW,2048,0.0
RE1,OR_DEMINDELCOTH_LOW,2049,0.0
RE1,OR_DEMINDELCOTH_LOW,2050,0.0
RE1,OR_DEMINDELCOTH_LOW,2051,0.0
RE1,OR_DEMINDELCOTH_LOW,2052,0.0
RE1,OR_DEMINDELCOTH_LOW,2053,0.0
RE1,OR_DEMINDELCOTH_LOW,2054,0.0
RE1,OR_DEMINDELCOTH_LOW,2055,0.0
RE1,OR_DEMINDELCOTH_MID,2022,0.0004903258674902098
RE1,OR_DEMINDELCOTH_MID,2023,0.0006227282897941195
RE1,OR_DEMINDELCOTH_MID,2024,0.001433124582266332
RE1,OR_DEMINDELCOTH_MID,2025,0.001033573352959389
RE1,OR_DEMINDELCOTH_MID,2026,0.0005252655980688237
RE1,OR_DEMINDELCOTH_MID,2027,0.0001181770494710976
RE1,OR_DEMINDELCOTH_MID,2028,6.559718226560704e-06
RE1,OR_DEMINDELCOTH_MID,2029,3.967760456245646e-08
RE1,OR_DEMINDELCOTH_MID,2030,8.822798191685796e-12
RE1,OR_DEMINDELCOTH_MID,2031,1.795332301571288e-17
RE1,OR_DEMINDELCOTH_MID,2032,5.876618965462649e-26
RE1,OR_DEMINDELCOTH_MID,2033,3.700758908862359e-38
RE1,OR_DEMINDELCOTH_MID,2034,3.534929301805465e-55
RE1,OR_DEMINDELCOTH_MID,2035,2.53648576140784e-78
RE1,OR_DEMINDELCOTH_MID,2036,4.109908653687555e-109
RE1,OR_DEMINDELCOTH_MID,2037,2.642355838908685e-149
RE1,OR_DEMINDELCOTH_MID,2038,6.656160658535332e-201
RE1,OR_DEMINDELCOTH_MID,2039,3.509244219727081e-266
RE1,OR_DEMINDELCOTH_MID,2040,0.0
RE1,OR_DEMINDELCOTH_MID,2041,0.0
RE1,OR_DEMINDELCOTH_MID,2042,0.0
RE1,OR_DEMINDELCOTH_MID,2043,0.0
RE1,OR_DEMINDELCOTH_MID,2044,0.0
RE1,OR_DEMINDELCOTH_MID,2045,0.0
RE1,OR_DEMINDELCOTH_MID,2046,0.0
RE1,OR_DEMINDELCOTH_MID,2047,0.0
RE1,OR_DEMINDELCOTH_MID,2048,0.0
RE1,OR_DEMINDELCOTH_MID,2049,0.0
RE1,OR_DEMINDELCOTH_MID,2050,0.0
RE1,OR_DEMINDELCOTH_MID,2051,0.0
RE1,OR_DEMINDELCOTH_MID,2052,0.0
RE1,OR_DEMINDELCOTH_MID,2053,0.0
RE1,OR_DEMINDELCOTH_MID,2054,0.0
RE1,OR_DEMINDELCOTH_MID,2055,0.0
RE1,OR_DEMINDELCREF_LOW,2022,0.3920465303840015
RE1,OR_DEMINDELCREF_LOW,2023,0.3723979437900193
RE1,OR_DEMINDELCREF_LOW,2024,0.3596391665163665
RE1,OR_DEMINDELCREF_LOW,2025,0.3601255138286223
RE1,OR_DEMINDELCREF_LOW,2026,0.3586381817383823
RE1,OR_DEMINDELCREF_LOW,2027,0.3571429546054586
RE1,OR_DEMINDELCREF_LOW,2028,0.3557536080539911
RE1,OR_DEMINDELCREF_LOW,2029,0.3537928696084883
RE1,OR_DEMINDELCREF_LOW,2030,0.3504718643784175
RE1,OR_DEMINDELCREF_LOW,2031,0.3458978116852569
RE1,OR_DEMINDELCREF_LOW,2032,0.3392184946904412
RE1,OR_DEMINDELCREF_LOW,2033,0.3293735251597495
RE1,OR_DEMINDELCREF_LOW,2034,0.3166388954970386
RE1,OR_DEMINDELCREF_LOW,2035,0.3002777162792164
RE1,OR_DEMINDELCREF_LOW,2036,0.2799673619490107
RE1,OR_DEMINDELCREF_LOW,2037,0.2556459560804446
RE1,OR_DEMINDELCREF_LOW,2038,0.2275611748661656
RE1,OR_DEMINDELCREF_LOW,2039,0.1964259262497206
RE1,OR_DEMINDELCREF_LOW,2040,0.163466598020359
RE1,OR_DEMINDELCREF_LOW,2041,0.1303214509802275
RE1,OR_DEMINDELCREF_LOW,2042,0.09882037031353916
RE1,OR_DEMINDELCREF_LOW,2043,0.07070787858567537
RE1,OR_DEMINDELCREF_LOW,2044,0.04733535695718804
RE1,OR_DEMINDELCREF_LOW,2045,0.02936626917250581
RE1,OR_DEMINDELCREF_LOW,2046,0.01671008785251983
RE1,OR_DEMINDELCREF_LOW,2047,0.008623379906124731
RE1,OR_DEMINDELCREF_LOW,2048,0.003987024291842529
RE1,OR_DEMINDELCREF_LOW,2049,0.001629944968397001
RE1,OR_DEMINDELCREF_LOW,2050,0.0005808549553917984
RE1,OR_DEMINDELCREF_LOW,2051,0.0001777129304561761
RE1,OR_DEMINDELCREF_LOW,2052,4.592386119934589e-05
RE1,OR_DEMINDELCREF_LOW,2053,9.850252530705339e-06
RE1,OR_DEMINDELCREF_LOW,2054,1.721398122110982e-06
RE1,OR_DEMINDELCREF_LOW,2055,0.0
RE1,OR_DEMINDELCREF_MID,2022,0.002701572556214839
RE1,OR_DEMINDELCREF_MID,2023,0.003516593124065028
RE1,OR_DEMINDELCREF_MID,2024,0.008138909299947998
RE1,OR_DEMINDELCREF_MID,2025,0.008149915711460584
RE1,OR_DEMINDELCREF_MID,2026,0.008116256249120534
RE1,OR_DEMINDELCREF_MID,2027,0.008082418115928405
RE1,OR_DEMINDELCREF_MID,2028,0.008050976141245498
RE1,OR_DEMINDELCREF_MID,2029,0.008006603131143599
RE1,OR_DEMINDELCREF_MID,2030,0.007931446243716634
RE1,OR_DEMINDELCREF_MID,2031,0.007827931934184044
RE1,OR_DEMINDELCREF_MID,2032,0.007676773883927773
RE1,OR_DEMINDELCREF_MID,2033,0.007453974696488865
RE1,OR_DEMINDELCREF_MID,2034,0.007165780290976267
RE1,OR_DEMINDELCREF_MID,2035,0.00679551429635749
RE1,OR_DEMINDELCREF_MID,2036,0.006335875449608501
RE1,OR_DEMINDELCREF_MID,2037,0.005785463439901891
RE1,OR_DEMINDELCREF_MID,2038,0.005149883368837812
RE1,OR_DEMINDELCREF_MID,2039,0.004445268888231606
RE1,OR_DEMINDELCREF_MID,2040,0.003699374091387277
RE1,OR_DEMINDELCREF_MID,2041,0.002949274072787681
RE1,OR_DEMINDELCREF_MID,2042,0.002236380533188025
RE1,OR_DEMINDELCREF_MID,2043,0.001600173352015479
RE1,OR_DEMINDELCREF_MID,2044,0.001071235318130133
RE1,OR_DEMINDELCREF_MID,2045,0.0006645811233188001
RE1,OR_DEMINDELCREF_MID,2046,0.0003781620637796483
RE1,OR_DEMINDELCREF_MID,2047,0.0001951536802701084
RE1,OR_DEMINDELCREF_MID,2048,9.022940799891716e-05
RE1,OR_DEMINDELCREF_MID,2049,3.688690080724589e-05
RE1,OR_DEMINDELCREF_MID,2050,1.314519173245845e-05
RE1,OR_DEMINDELCREF_MID,2051,4.021779486425767e-06
RE1,OR_DEMINDELCREF_MID,2052,1.039292089972819e-06
RE1,OR_DEMINDELCREF_MID,2053,2.229187457683244e-07
RE1,OR_DEMINDELCREF_MID,2054,3.895655559618952e-08
RE1,OR_DEMINDELCREF_MID,2055,0.0
RE1,OR_DEMINDLPGBOI_LOW,2022,0.2308588104122495
RE1,OR_DEMINDLPGBOI_LOW,2023,0.2331244752370857
RE1,OR_DEMINDLPGBOI_LOW,2024,0.2231440932805933
RE1,OR_DEMINDLPGBOI_LOW,2025,0.2238866295566521
RE1,OR_DEMINDLPGBOI_LOW,2026,0.2233020203118642
RE1,OR_DEMINDLPGBOI_LOW,2027,0.2228547506129013
RE1,OR_DEMINDLPGBOI_LOW,2028,0.2226442325000006
RE1,OR_DEMINDLPGBOI_LOW,2029,0.2224500391547764
RE1,OR_DEMINDLPGBOI_LOW,2030,0.2220718772667044
RE1,OR_DEMINDLPGBOI_LOW,2031,0.2218538072803658
RE1,OR_DEMINDLPGBOI_LOW,2032,0.221286740643723
RE1,OR_DEMINDLPGBOI_LOW,2033,0.2201690281042884
RE1,OR_DEMINDLPGBOI_LOW,2034,0.2188562625701179
RE1,OR_DEMINDLPGBOI_LOW,2035,0.2171898110740131
RE1,OR_DEMINDLPGBOI_LOW,2036,0.2151164389403691
RE1,OR_DEMINDLPGBOI_LOW,2037,0.2125164034751488
RE1,OR_DEMINDLPGBOI_LOW,2038,0.2092626237018038
RE1,OR_DEMINDLPGBOI_LOW,2039,0.2052245471703156
RE1,OR_DEMINDLPGBOI_LOW,2040,0.2002924411117501
RE1,OR_DEMINDLPGBOI_LOW,2041,0.1943755501407179
RE1,OR_DEMINDLPGBOI_LOW,2042,0.187380827699132
RE1,OR_DEMINDLPGBOI_LOW,2043,0.1792499254678008
RE1,OR_DEMINDLPGBOI_LOW,2044,0.1699832951983704
RE1,OR_DEMINDLPGBOI_LOW,2045,0.1595933374503009
RE1,OR_DEMINDLPGBOI_LOW,2046,0.1481486704706463
RE1,OR_DEMINDLPGBOI_LOW,2047,0.1357685685654273
RE1,OR_DEMINDLPGBOI_LOW,2048,0.1226383584456538
RE1,OR_DEMINDLPGBOI_LOW,2049,0.1090004221919062
RE1,OR_DEMINDLPGBOI_LOW,2050,0.09514171947858813
RE1,OR_DEMINDLPGBOI_LOW,2051,0.0813926410140607
RE1,OR_DEMINDLPGBOI_LOW,2052,0.06809844534903049
RE1,OR_DEMINDLPGBOI_LOW,2053,0.05559445712696068
RE1,OR_DEMINDLPGBOI_LOW,2054,0.04417908586300025
RE1,OR_DEMINDLPGBOI_LOW,2055,0.0
RE1,OR_DEMINDLPGBOI_MID,2022,0.001590836235584726
RE1,OR_DEMINDLPGBOI_MID,2023,0.002201419047394792
RE1,OR_DEMINDLPGBOI_MID,2024,0.005049921435482011
RE1,OR_DEMINDLPGBOI_MID,2025,0.005066725599114418
RE1,OR_DEMINDLPGBOI_MID,2026,0.00505349544494259
RE1,OR_DEMINDLPGBOI_MID,2027,0.005043373389695558
RE1,OR_DEMINDLPGBOI_MID,2028,0.005038609203849252
RE1,OR_DEMINDLPGBOI_MID,2029,0.005034214459976548
RE1,OR_DEMINDLPGBOI_MID,2030,0.005025656367326273
RE1,OR_DEMINDLPGBOI_MID,2031,0.005020721276810286
RE1,OR_DEMINDLPGBOI_MID,2032,0.005007888125272962
RE1,OR_DEMINDLPGBOI_MID,2033,0.004982593435959809
RE1,OR_DEMINDLPGBOI_MID,2034,0.004952884548248253
RE1,OR_DEMINDLPGBOI_MID,2035,0.004915171476807961
RE1,OR_DEMINDLPGBOI_MID,2036,0.004868249480229479
RE1,OR_DEMINDLPGBOI_MID,2037,0.004809408689797626
RE1,OR_DEMINDLPGBOI_MID,2038,0.004735773165853504
RE1,OR_DEMINDLPGBOI_MID,2039,0.004644388406639479
RE1,OR_DEMINDLPGBOI_MID,2040,0.004532771075698517
RE1,OR_DEMINDLPGBOI_MID,2041,0.004398867309272341
RE1,OR_DEMINDLPGBOI_MID,2042,0.004240571392612809
RE1,OR_DEMINDLPGBOI_MID,2043,0.004056562858646481
RE1,OR_DEMINDLPGBOI_MID,2044,0.003846851930858491
RE1,OR_DEMINDLPGBOI_MID,2045,0.003611719243390253
RE1,OR_DEMINDLPGBOI_MID,2046,0.003352717679634599
RE1,OR_DEMINDLPGBOI_MID,2047,0.003072546508327804
RE1,OR_DEMINDLPGBOI_MID,2048,0.002775399814631325
RE1,OR_DEMINDLPGBOI_MID,2049,0.00246676289034162
RE1,OR_DEMINDLPGBOI_MID,2050,0.002153129852285109
RE1,OR_DEMINDLPGBOI_MID,2051,0.001841977694791818
RE1,OR_DEMINDLPGBOI_MID,2052,0.001541119882831232
RE1,OR_DEMINDLPGBOI_MID,2053,0.001258145069456969
RE1,OR_DEMINDLPGBOI_MID,2054,0.0009998064901454791
RE1,OR_DEMINDLPGBOI_MID,2055,0.0
RE1,OR_DEMINDLPGFUR_LOW,2022,0.5650353852193944
RE1,OR_DEMINDLPGFUR_LOW,2023,0.5714246667515913
RE1,OR_DEMINDLPGFUR_LOW,2024,0.5367978002458842
RE1,OR_DEMINDLPGFUR_LOW,2025,0.5593651346475775
RE1,OR_DEMINDLPGFUR_LOW,2026,0.557882145142641
RE1,OR_DEMINDLPGFUR_LOW,2027,0.5568622705649594
RE1,OR_DEMINDLPGFUR_LOW,2028,0.5564940439045666
RE1,OR_DEMINDLPGFUR_LOW,2029,0.5561518314728463
RE1,OR_DEMINDLPGFUR_LOW,2030,0.5555987315132732
RE1,OR_DEMINDLPGFUR_LOW,2031,0.5565114258973307
RE1,OR_DEMINDLPGFUR_LOW,2032,0.5561008645194895
RE1,OR_DEMINDLPGFUR_LOW,2033,0.5545170345195642
RE1,OR_DEMINDLPGFUR_LOW,2034,0.5527288958819179
RE1,OR_DEMINDLPGFUR_LOW,2035,0.5504706888882732
RE1,OR_DEMINDLPGFUR_LOW,2036,0.5479408367922752
RE1,OR_DEMINDLPGFUR_LOW,2037,0.5448325726969685
RE1,OR_DEMINDLPGFUR_LOW,2038,0.5409560090371001
RE1,OR_DEMINDLPGFUR_LOW,2039,0.5361026681624622
RE1,OR_DEMINDLPGFUR_LOW,2040,0.5301047824068411
RE1,OR_DEMINDLPGFUR_LOW,2041,0.5228111056929078
RE1,OR_DEMINDLPGFUR_LOW,2042,0.5139706928600485
RE1,OR_DEMINDLPGFUR_LOW,2043,0.5034517447269031
RE1,OR_DEMINDLPGFUR_LOW,2044,0.4911723482254531
RE1,OR_DEMINDLPGFUR_LOW,2045,0.4770104838447166
RE1,OR_DEMINDLPGFUR_LOW,2046,0.4608503578683391
RE1,OR_DEMINDLPGFUR_LOW,2047,0.4426001534891265
RE1,OR_DEMINDLPGFUR_LOW,2048,0.4222520977704222
RE1,OR_DEMINDLPGFUR_LOW,2049,0.3998504587895362
RE1,OR_DEMINDLPGFUR_LOW,2050,0.3754742761877998
RE1,OR_DEMINDLPGFUR_LOW,2051,0.3493149840909368
RE1,OR_DEMINDLPGFUR_LOW,2052,0.321644208477984
RE1,OR_DEMINDLPGFUR_LOW,2053,0.2928211928878457
RE1,OR_DEMINDLPGFUR_LOW,2054,0.2632790370832112
RE1,OR_DEMINDLPGFUR_LOW,2055,0.0
RE1,OR_DEMINDLPGFUR_MID,2022,0.003893629892614627
RE1,OR_DEMINDLPGFUR_MID,2023,0.005396023494568107
RE1,OR_DEMINDLPGFUR_MID,2024,0.01214814462766261
RE1,OR_DEMINDLPGFUR_MID,2025,0.0126588606590007
RE1,OR_DEMINDLPGFUR_MID,2026,0.01262529947268617
RE1,OR_DEMINDLPGFUR_MID,2027,0.0126022189312494
RE1,OR_DEMINDLPGFUR_MID,2028,0.01259388568039746
RE1,OR_DEMINDLPGFUR_MID,2029,0.01258614115142953
RE1,OR_DEMINDLPGFUR_MID,2030,0.0125736240764725
RE1,OR_DEMINDLPGFUR_MID,2031,0.01259427904818309
RE1,OR_DEMINDLPGFUR_MID,2032,0.01258498773030835
RE1,OR_DEMINDLPGFUR_MID,2033,0.01254914444649476
RE1,OR_DEMINDLPGFUR_MID,2034,0.01250867750200563
RE1,OR_DEMINDLPGFUR_MID,2035,0.01245757255123007
RE1,OR_DEMINDLPGFUR_MID,2036,0.01240032006410232
RE1,OR_DEMINDLPGFUR_MID,2037,0.01232997767120603
RE1,OR_DEMINDLPGFUR_MID,2038,0.01224224807176124
RE1,OR_DEMINDLPGFUR_MID,2039,0.01213241325715238
RE1,OR_DEMINDLPGFUR_MID,2040,0.01199667651682649
RE1,OR_DEMINDLPGFUR_MID,2041,0.01183161503641862
RE1,OR_DEMINDLPGFUR_MID,2042,0.01163154973508425
RE1,OR_DEMINDLPGFUR_MID,2043,0.01139349789658231
RE1,OR_DEMINDLPGFUR_MID,2044,0.011115605765557
RE1,OR_DEMINDLPGFUR_MID,2045,0.01079511194718494
RE1,OR_DEMINDLPGFUR_MID,2046,0.01042939594113506
RE1,OR_DEMINDLPGFUR_MID,2047,0.01001637986286215
RE1,OR_DEMINDLPGFUR_MID,2048,0.009555887804866893
RE1,OR_DEMINDLPGFUR_MID,2049,0.009048921587583905
RE1,OR_DEMINDLPGFUR_MID,2050,0.008497269938526167
RE1,OR_DEMINDLPGFUR_MID,2051,0.007905265158319543
RE1,OR_DEMINDLPGFUR_MID,2052,0.007279054350540942
RE1,OR_DEMINDLPGFUR_MID,2053,0.006626767471134978
RE1,OR_DEMINDLPGFUR_MID,2054,0.005958205898857203
RE1,OR_DEMINDLPGFUR_MID,2055,0.0
RE1,OR_DEMINDNGSBOI_LOW,2022,6.367172541908415
RE1,OR_DEMINDNGSBOI_LOW,2023,6.29918767904634
RE1,OR_DEMINDNGSBOI_LOW,2024,6.319972753806198
RE1,OR_DEMINDNGSBOI_LOW,2025,6.368869754834347
RE1,OR_DEMINDNGSBOI_LOW,2026,6.349618306024728
RE1,OR_DEMINDNGSBOI_LOW,2027,6.333166675107479
RE1,OR_DEMINDNGSBOI_LOW,2028,6.324107917249147
RE1,OR_DEMINDNGSBOI_LOW,2029,6.314506854840777
RE1,OR_DEMINDNGSBOI_LOW,2030,6.299707066134873
RE1,OR_DEMINDNGSBOI_LOW,2031,6.293027467673734
RE1,OR_DEMINDNGSBOI_LOW,2032,6.278339410074881
RE1,OR_DEMINDNGSBOI_LOW,2033,6.24983263292508
RE1,OR_DEMINDNGSBOI_LOW,2034,6.217172272639157
RE1,OR_DEMINDNGSBOI_LOW,2035,6.171011227074698
RE1,OR_DEMINDNGSBOI_LOW,2036,6.111308705177924
RE1,OR_DEMINDNGSBOI_LOW,2037,6.036794288837803
RE1,OR_DEMINDNGSBOI_LOW,2038,5.943988562202568
RE1,OR_DEMINDNGSBOI_LOW,2039,5.829133759268416
RE1,OR_DEMINDNGSBOI_LOW,2040,5.68922459053131
RE1,OR_DEMINDNGSBOI_LOW,2041,5.521697002841242
RE1,OR_DEMINDNGSBOI_LOW,2042,5.323603753058483
RE1,OR_DEMINDNGSBOI_LOW,2043,5.093158509750482
RE1,OR_DEMINDNGSBOI_LOW,2044,4.83022248283765
RE1,OR_DEMINDNGSBOI_LOW,2045,4.535081389104122
RE1,OR_DEMINDNGSBOI_LOW,2046,4.20989696552194
RE1,OR_DEMINDNGSBOI_LOW,2047,3.85817964076423
RE1,OR_DEMINDNGSBOI_LOW,2048,3.485156193469844
RE1,OR_DEMINDNGSBOI_LOW,2049,3.097684758056207
RE1,OR_DEMINDNGSBOI_LOW,2050,2.703937632143017
RE1,OR_DEMINDNGSBOI_LOW,2051,2.313283163769926
RE1,OR_DEMINDNGSBOI_LOW,2052,1.935519483741474
RE1,OR_DEMINDNGSBOI_LOW,2053,1.580178486835133
RE1,OR_DEMINDNGSBOI_LOW,2054,1.255746378042759
RE1,OR_DEMINDNGSBOI_LOW,2055,0.0
RE1,OR_DEMINDNGSBOI_MID,2022,0.04387585979413225
RE1,OR_DEMINDNGSBOI_MID,2023,0.05948389471188911
RE1,OR_DEMINDNGSBOI_MID,2024,0.1430258153460335
RE1,OR_DEMINDNGSBOI_MID,2025,0.1441323918634425
RE1,OR_DEMINDNGSBOI_MID,2026,0.1436967168582093
RE1,OR_DEMINDNGSBOI_MID,2027,0.1433244038724777
RE1,OR_DEMINDNGSBOI_MID,2028,0.1431193972562814
RE1,OR_DEMINDNGSBOI_MID,2029,0.1429021178734997
RE1,OR_DEMINDNGSBOI_MID,2030,0.1425671873399248
RE1,OR_DEMINDNGSBOI_MID,2031,0.1424160229198703
RE1,OR_DEMINDNGSBOI_MID,2032,0.142083620946672
RE1,OR_DEMINDNGSBOI_MID,2033,0.1414384907849505
RE1,OR_DEMINDNGSBOI_MID,2034,0.1406993618612418
RE1,OR_DEMINDNGSBOI_MID,2035,0.1396547021077475
RE1,OR_DEMINDNGSBOI_MID,2036,0.1383035883917337
RE1,OR_DEMINDNGSBOI_MID,2037,0.1366172701800514
RE1,OR_DEMINDNGSBOI_MID,2038,0.1345170056317919
RE1,OR_DEMINDNGSBOI_MID,2039,0.1319177536292935
RE1,OR_DEMINDNGSBOI_MID,2040,0.1287515021733899
RE1,OR_DEMINDNGSBOI_MID,2041,0.1249602247809525
RE1,OR_DEMINDNGSBOI_MID,2042,0.120477223086418
RE1,OR_DEMINDNGSBOI_MID,2043,0.1152620710437306
RE1,OR_DEMINDNGSBOI_MID,2044,0.109311627727277
RE1,OR_DEMINDNGSBOI_MID,2045,0.1026323591263269
RE1,OR_DEMINDNGSBOI_MID,2046,0.09527318700131084
RE1,OR_DEMINDNGSBOI_MID,2047,0.08731355503699569
RE1,OR_DEMINDNGSBOI_MID,2048,0.07887174923010563
RE1,OR_DEMINDNGSBOI_MID,2049,0.07010297440588543
RE1,OR_DEMINDNGSBOI_MID,2050,0.06119217590758892
RE1,OR_DEMINDNGSBOI_MID,2051,0.05235136661391233
RE1,OR_DEMINDNGSBOI_MID,2052,0.04380228571611133
RE1,OR_DEMINDNGSBOI_MID,2053,0.0357606472805985
RE1,OR_DEMINDNGSBOI_MID,2054,0.02841850061445715
RE1,OR_DEMINDNGSBOI_MID,2055,0.0
RE1,OR_DEMINDNGSFUR_LOW,2022,4.207830471313048
RE1,OR_DEMINDNGSFUR_LOW,2023,4.314466242866473
RE1,OR_DEMINDNGSFUR_LOW,2024,4.366461548701853
RE1,OR_DEMINDNGSFUR_LOW,2025,4.550412694735019
RE1,OR_DEMINDNGSFUR_LOW,2026,4.536373978138307
RE1,OR_DEMINDNGSFUR_LOW,2027,4.52522014884152
RE1,OR_DEMINDNGSFUR_LOW,2028,4.520008798926989
RE1,OR_DEMINDNGSFUR_LOW,2029,4.515404195371422
RE1,OR_DEMINDNGSFUR_LOW,2030,4.508328974295667
RE1,OR_DEMINDNGSFUR_LOW,2031,4.511114686671661
RE1,OR_DEMINDNGSFUR_LOW,2032,4.50596620475569
RE1,OR_DEMINDNGSFUR_LOW,2033,4.491874528393228
RE1,OR_DEMINDNGSFUR_LOW,2034,4.478657462102317
RE1,OR_DEMINDNGSFUR_LOW,2035,4.461419494392804
RE1,OR_DEMINDNGSFUR_LOW,2036,4.439800841321814
RE1,OR_DEMINDNGSFUR_LOW,2037,4.413678440913834
RE1,OR_DEMINDNGSFUR_LOW,2038,4.381517218857667
RE1,OR_DEMINDNGSFUR_LOW,2039,4.341547364071276
RE1,OR_DEMINDNGSFUR_LOW,2040,4.292411389074019
RE1,OR_DEMINDNGSFUR_LOW,2041,4.232906877606643
RE1,OR_DEMINDNGSFUR_LOW,2042,4.161030682862296
RE1,OR_DEMINDNGSFUR_LOW,2043,4.075632376350816
RE1,OR_DEMINDNGSFUR_LOW,2044,3.976059110473813
RE1,OR_DEMINDNGSFUR_LOW,2045,3.861029625275909
RE1,OR_DEMINDNGSFUR_LOW,2046,3.729747227048808
RE1,OR_DEMINDNGSFUR_LOW,2047,3.581637420326663
RE1,OR_DEMINDNGSFUR_LOW,2048,3.416585880093615
RE1,OR_DEMINDNGSFUR_LOW,2049,3.234925614975142
RE1,OR_DEMINDNGSFUR_LOW,2050,3.037366512493671
RE1,OR_DEMINDNGSFUR_LOW,2051,2.825452633972646
RE1,OR_DEMINDNGSFUR_LOW,2052,2.601375817504394
RE1,OR_DEMINDNGSFUR_LOW,2053,2.368015320720727
RE1,OR_DEMINDNGSFUR_LOW,2054,2.128891591852583
RE1,OR_DEMINDNGSFUR_LOW,2055,0.0
RE1,OR_DEMINDNGSFUR_MID,2022,0.02899594420940137
RE1,OR_DEMINDNGSFUR_MID,2023,0.04074196052014172
RE1,OR_DEMINDNGSFUR_MID,2024,0.09881636321993191
RE1,OR_DEMINDNGSFUR_MID,2025,0.102979318294285
RE1,OR_DEMINDNGSFUR_MID,2026,0.1026616114044179
RE1,OR_DEMINDNGSFUR_MID,2027,0.1024091917197851
RE1,OR_DEMINDNGSFUR_MID,2028,0.1022912548868881
RE1,OR_DEMINDNGSFUR_MID,2029,0.1021870491879817
RE1,OR_DEMINDNGSFUR_MID,2030,0.1020269315256857
RE1,OR_DEMINDNGSFUR_MID,2031,0.1020899743265675
RE1,OR_DEMINDNGSFUR_MID,2032,0.1019734602445435
RE1,OR_DEMINDNGSFUR_MID,2033,0.1016545548346872
RE1,OR_DEMINDNGSFUR_MID,2034,0.1013554425194321
RE1,OR_DEMINDNGSFUR_MID,2035,0.1009653341308987
RE1,OR_DEMINDNGSFUR_MID,2036,0.1004760874833876
RE1,OR_DEMINDNGSFUR_MID,2037,0.09988491759030593
RE1,OR_DEMINDNGSFUR_MID,2038,0.09915708454635205
RE1,OR_DEMINDNGSFUR_MID,2039,0.09825253617363275
RE1,OR_DEMINDNGSFUR_MID,2040,0.09714055149259553
RE1,OR_DEMINDNGSFUR_MID,2041,0.09579391890398771
RE1,OR_DEMINDNGSFUR_MID,2042,0.09416730566406681
RE1,OR_DEMINDNGSFUR_MID,2043,0.09223467669654177
RE1,OR_DEMINDNGSFUR_MID,2044,0.08998125756112721
RE1,OR_DEMINDNGSFUR_MID,2045,0.08737805236544707
RE1,OR_DEMINDNGSFUR_MID,2046,0.08440703132177164
RE1,OR_DEMINDNGSFUR_MID,2047,0.08105519315847891
RE1,OR_DEMINDNGSFUR_MID,2048,0.07731995061305283
RE1,OR_DEMINDNGSFUR_MID,2049,0.0732088399252894
RE1,OR_DEMINDNGSFUR_MID,2050,0.06873792639256478
RE1,OR_DEMINDNGSFUR_MID,2051,0.0639421533031387
RE1,OR_DEMINDNGSFUR_MID,2052,0.05887112362880761
RE1,OR_DEMINDNGSFUR_MID,2053,0.05358999717111228
RE1,OR_DEMINDNGSFUR_MID,2054,0.04817844436507324
RE1,OR_DEMINDNGSFUR_MID,2055,0.0
RE1,OR_DEMINDWASBOI_LOW,2022,0.7580112528591231
RE1,OR_DEMINDWASBOI_LOW,2023,0.7786677588658112
RE1,OR_DEMINDWASBOI_LOW,2024,0.7540915680611109
RE1,OR_DEMINDWASBOI_LOW,2025,0.7540847097008998
RE1,OR_DEMINDWASBOI_LOW,2026,0.7497409716986444
RE1,OR_DEMINDWASBOI_LOW,2027,0.7455810564204393
RE1,OR_DEMINDWASBOI_LOW,2028,0.7422048328893082
RE1,OR_DEMINDWASBOI_LOW,2029,0.7381037539502969
RE1,OR_DEMINDWASBOI_LOW,2030,0.7307485951516994
RE1,OR_DEMINDWASBOI_LOW,2031,0.7198152123637342
RE1,OR_DEMINDWASBOI_LOW,2032,0.7049617163938996
RE1,OR_DEMINDWASBOI_LOW,2033,0.6829866900057071
RE1,OR_DEMINDWASBOI_LOW,2034,0.6556961421103409
RE1,OR_DEMINDWASBOI_LOW,2035,0.6215117797242807
RE1,OR_DEMINDWASBOI_LOW,2036,0.579103219926989
RE1,OR_DEMINDWASBOI_LOW,2037,0.5285356289964184
RE1,OR_DEMINDWASBOI_LOW,2038,0.4702680608458761
RE1,OR_DEMINDWASBOI_LOW,2039,0.4057405213110473
RE1,OR_DEMINDWASBOI_LOW,2040,0.3374815924710414
RE1,OR_DEMINDWASBOI_LOW,2041,0.2688950086654524
RE1,OR_DEMINDWASBOI_LOW,2042,0.203783360611105
RE1,OR_DEMINDWASBOI_LOW,2043,0.1457276683295937
RE1,OR_DEMINDWASBOI_LOW,2044,0.09751198830314092
RE1,OR_DEMINDWASBOI_LOW,2045,0.06046682814883318
RE1,OR_DEMINDWASBOI_LOW,2046,0.0343910177209583
RE1,OR_DEMINDWASBOI_LOW,2047,0.01773980884922289
RE1,OR_DEMINDWASBOI_LOW,2048,0.008198361474182759
RE1,OR_DEMINDWASBOI_LOW,2049,0.003350098468541749
RE1,OR_DEMINDWASBOI_LOW,2050,0.001193324403163298
RE1,OR_DEMINDWASBOI_LOW,2051,0.0003649379303866275
RE1,OR_DEMINDWASBOI_LOW,2052,9.426563357699707e-05
RE1,OR_DEMINDWASBOI_LOW,2053,2.021049929102648e-05
RE1,OR_DEMINDWASBOI_LOW,2054,3.530513319357194e-06
RE1,OR_DEMINDWASBOI_LOW,2055,0.0
RE1,OR_DEMINDWASBOI_MID,2022,0.00522341671030843
RE1,OR_DEMINDWASBOI_MID,2023,0.007353041906973137
RE1,OR_DEMINDWASBOI_MID,2024,0.01706566872500423
RE1,OR_DEMINDWASBOI_MID,2025,0.01706551351506911
RE1,OR_DEMINDWASBOI_MID,2026,0.0169672114030785
RE1,OR_DEMINDWASBOI_MID,2027,0.01687306933987462
RE1,OR_DEMINDWASBOI_MID,2028,0.01679666282007757
RE1,OR_DEMINDWASBOI_MID,2029,0.01670385226821287
RE1,OR_DEMINDWASBOI_MID,2030,0.016537399401223
RE1,OR_DEMINDWASBOI_MID,2031,0.01628996858962698
RE1,OR_DEMINDWASBOI_MID,2032,0.01595382261960754
RE1,OR_DEMINDWASBOI_MID,2033,0.01545651097146333
RE1,OR_DEMINDWASBOI_MID,2034,0.01483890500763635
RE1,OR_DEMINDWASBOI_MID,2035,0.01406528675122757
RE1,OR_DEMINDWASBOI_MID,2036,0.01310554861960261
RE1,OR_DEMINDWASBOI_MID,2037,0.01196116537545432
RE1,OR_DEMINDWASBOI_MID,2038,0.01064252575980995
RE1,OR_DEMINDWASBOI_MID,2039,0.00918221820568575
RE1,OR_DEMINDWASBOI_MID,2040,0.007637466458756292
RE1,OR_DEMINDWASBOI_MID,2041,0.006085299629447484
RE1,OR_DEMINDWASBOI_MID,2042,0.004611773252947129
RE1,OR_DEMINDWASBOI_MID,2043,0.003297928550208374
RE1,OR_DEMINDWASBOI_MID,2044,0.002206770847970855
RE1,OR_DEMINDWASBOI_MID,2045,0.001368410550847218
RE1,OR_DEMINDWASBOI_MID,2046,0.0007782950246356049
RE1,OR_DEMINDWASBOI_MID,2047,0.0004014654372069607
RE1,OR_DEMINDWASBOI_MID,2048,0.0001855351882079417
RE1,OR_DEMINDWASBOI_MID,2049,7.581528965676532e-05
RE1,OR_DEMINDWASBOI_MID,2050,2.700584359829081e-05
RE1,OR_DEMINDWASBOI_MID,2051,8.258824377495407e-06
RE1,OR_DEMINDWASBOI_MID,2052,2.133303358521705e-06
RE1,OR_DEMINDWASBOI_MID,2053,4.573790508683156e-07
RE1,OR_DEMINDWASBOI_MID,2054,7.989821566667127e-08
RE1,OR_DEMINDWASBOI_MID,2055,0.0
RE1,OR_DEMINDWASFUR_LOW,2022,0.07590852356293205
RE1,OR_DEMINDWASFUR_LOW,2023,0.07981375196899353
RE1,OR_DEMINDWASFUR_LOW,2024,0.07858370721876047
RE1,OR_DEMINDWASFUR_LOW,2025,0.07432079332992311
RE1,OR_DEMINDWASFUR_LOW,2026,0.07400031453447364
RE1,OR_DEMINDWASFUR_LOW,2027,0.07375217124791092
RE1,OR_DEMINDWASFUR_LOW,2028,0.07365325813410073
RE1,OR_DEMINDWASFUR_LOW,2029,0.07360235863049941
RE1,OR_DEMINDWASFUR_LOW,2030,0.0734469042223956
RE1,OR_DEMINDWASFUR_LOW,2031,0.07330248795997474
RE1,OR_DEMINDWASFUR_LOW,2032,0.07305454182552609
RE1,OR_DEMINDWASFUR_LOW,2033,0.07254488217695476
RE1,OR_DEMINDWASFUR_LOW,2034,0.07203743617647046
RE1,OR_DEMINDWASFUR_LOW,2035,0.0714648986370853
RE1,OR_DEMINDWASFUR_LOW,2036,0.07075291327276241
RE1,OR_DEMINDWASFUR_LOW,2037,0.06988067833652996
RE1,OR_DEMINDWASFUR_LOW,2038,0.06879917700231632
RE1,OR_DEMINDWASFUR_LOW,2039,0.06745865969360923
RE1,OR_DEMINDWASFUR_LOW,2040,0.06582033810810722
RE1,OR_DEMINDWASFUR_LOW,2041,0.06385613473356012
RE1,OR_DEMINDWASFUR_LOW,2042,0.06153829911808473
RE1,OR_DEMINDWASFUR_LOW,2043,0.05884691135633723
RE1,OR_DEMINDWASFUR_LOW,2044,0.0557901470345161
RE1,OR_DEMINDWASFUR_LOW,2045,0.05236614028564934
RE1,OR_DEMINDWASFUR_LOW,2046,0.04859841264482406
RE1,OR_DEMINDWASFUR_LOW,2047,0.04452652156485409
RE1,OR_DEMINDWASFUR_LOW,2048,0.04021095788217845
RE1,OR_DEMINDWASFUR_LOW,2049,0.03573115605132914
RE1,OR_DEMINDWASFUR_LOW,2050,0.03118076506516329
RE1,OR_DEMINDWASFUR_LOW,2051,0.02666839295352206
RE1,OR_DEMINDWASFUR_LOW,2052,0.02230725243060468
RE1,OR_DEMINDWASFUR_LOW,2053,0.01820683895974005
RE1,OR_DEMINDWASFUR_LOW,2054,0.01446521469361472
RE1,OR_DEMINDWASFUR_LOW,2055,0.0
RE1,OR_DEMINDWASFUR_MID,2022,0.0005230817470557402
RE1,OR_DEMINDWASFUR_MID,2023,0.0007536896915259407
RE1,OR_DEMINDWASFUR_MID,2024,0.001778409375437294
RE1,OR_DEMINDWASFUR_MID,2025,0.001681936374927332
RE1,OR_DEMINDWASFUR_MID,2026,0.001674683694764641
RE1,OR_DEMINDWASFUR_MID,2027,0.001669068022472082
RE1,OR_DEMINDWASFUR_MID,2028,0.001666829543082655
RE1,OR_DEMINDWASFUR_MID,2029,0.001665677648401007
RE1,OR_DEMINDWASFUR_MID,2030,0.001662159596293141
RE1,OR_DEMINDWASFUR_MID,2031,0.001658891345861281
RE1,OR_DEMINDWASFUR_MID,2032,0.001653280135271797
RE1,OR_DEMINDWASFUR_MID,2033,0.001641746147764969
RE1,OR_DEMINDWASFUR_MID,2034,0.001630262256806793
RE1,OR_DEMINDWASFUR_MID,2035,0.001617305294557636
RE1,OR_DEMINDWASFUR_MID,2036,0.001601192521415473
RE1,OR_DEMINDWASFUR_MID,2037,0.001581453177942385
RE1,OR_DEMINDWASFUR_MID,2038,0.001556977975888615
RE1,OR_DEMINDWASFUR_MID,2039,0.001526641044301712
RE1,OR_DEMINDWASFUR_MID,2040,0.001489564574245049
RE1,OR_DEMINDWASFUR_MID,2041,0.001445113150149771
RE1,OR_DEMINDWASFUR_MID,2042,0.001392658758073194
RE1,OR_DEMINDWASFUR_MID,2043,0.001331750595327644
RE1,OR_DEMINDWASFUR_MID,2044,0.001262573681679427
RE1,OR_DEMINDWASFUR_MID,2045,0.001185085791132422
RE1,OR_DEMINDWASFUR_MID,2046,0.00109981923400901
RE1,OR_DEMINDWASFUR_MID,2047,0.001007669225709971
RE1,OR_DEMINDWASFUR_MID,2048,0.0009100047201121125
RE1,OR_DEMINDWASFUR_MID,2049,0.0008086233796530098
RE1,OR_DEMINDWASFUR_MID,2050,0.0007056445526402424
RE1,OR_DEMINDWASFUR_MID,2051,0.000603526121825251
RE1,OR_DEMINDWASFUR_MID,2052,0.0005048301774870055
RE1,OR_DEMINDWASFUR_MID,2053,0.0004120346856752606
RE1,OR_DEMINDWASFUR_MID,2054,0.0003273588678786117
RE1,OR_DEMINDWASFUR_MID,2055,0.0
RE1,OR_PWRAFR,2022,0.167
RE1,OR_PWRAFR,2023,0.187
RE1,OR_PWRAFR,2024,0.251
RE1,OR_PWRAFR,2025,0.235
RE1,OR_PWRAFR,2026,0.219
RE1,OR_PWRAFR,2027,0.203
RE1,OR_PWRAFR,2028,0.187
RE1,OR_PWRAFR,2029,0.171
RE1,OR_PWRAFR,2030,0.155
RE1,OR_PWRAFR,2031,0.139
RE1,OR_PWRAFR,2032,0.123
RE1,OR_PWRAFR,2033,0.107
RE1,OR_PWRAFR,2034,0.091
RE1,OR_PWRAFR,2035,0.075
RE1,OR_PWRAFR,2036,0.059
RE1,OR_PWRAFR,2037,0.043
RE1,OR_PWRAFR,2038,0.027
RE1,OR_PWRAFR,2039,0.011
RE1,OR_PWRAFR,2040,0.0
RE1,OR_PWRAFR,2041,0.0
RE1,OR_PWRAFR,2042,0.0
RE1,OR_PWRAFR,2043,0.0
RE1,OR_PWRAFR,2044,0.0
RE1,OR_PWRAFR,2045,0.0
RE1,OR_PWRAFR,2046,0.0
RE1,OR_PWRAFR,2047,0.0
RE1,OR_PWRAFR,2048,0.0
RE1,OR_PWRAFR,2049,0.0
RE1,OR_PWRAFR,2050,0.0
RE1,OR_PWRAFR,2051,0.0
RE1,OR_PWRAFR,2052,0.0
RE1,OR_PWRAFR,2053,0.0
RE1,OR_PWRAFR,2054,0.0
RE1,OR_PWRAFR,2055,0.0
RE1,OR_PWRBGS,2022,0.003
RE1,OR_PWRBGS,2023,0.009
RE1,OR_PWRBGS,2024,0.013
RE1,OR_PWRBGS,2025,0.012
RE1,OR_PWRBGS,2026,0.011
RE1,OR_PWRBGS,2027,0.01
RE1,OR_PWRBGS,2028,0.009
RE1,OR_PWRBGS,2029,0.008
RE1,OR_PWRBGS,2030,0.007
RE1,OR_PWRBGS,2031,0.006
RE1,OR_PWRBGS,2032,0.005
RE1,OR_PWRBGS,2033,0.004
RE1,OR_PWRBGS,2034,0.003
RE1,OR_PWRBGS,2035,0.002
RE1,OR_PWRBGS,2036,0.001
RE1,OR_PWRBGS,2037,0.0
RE1,OR_PWRBGS,2038,0.0
RE1,OR_PWRBGS,2039,0.0
RE1,OR_PWRBGS,2040,0.0
RE1,OR_PWRBGS,2041,0.0
RE1,OR_PWRBGS,2042,0.0
RE1,OR_PWRBGS,2043,0.0
RE1,OR_PWRBGS,2044,0.0
RE1,OR_PWRBGS,2045,0.0
RE1,OR_PWRBGS,2046,0.0
RE1,OR_PWRBGS,2047,0.0
RE1,OR_PWRBGS,2048,0.0
RE1,OR_PWRBGS,2049,0.0
RE1,OR_PWRBGS,2050,0.0
RE1,OR_PWRBGS,2051,0.0
RE1,OR_PWRBGS,2052,0.0
RE1,OR_PWRBGS,2053,0.0
RE1,OR_PWRBGS,2054,0.0
RE1,OR_PWRBGS,2055,0.0
RE1,OR_PWRCOA,2022,0.728
RE1,OR_PWRCOA,2023,2.32
RE1,OR_PWRCOA,2024,3.464
RE1,OR_PWRCOA,2025,3.234
RE1,OR_PWRCOA,2026,3.004
RE1,OR_PWRCOA,2027,2.774
RE1,OR_PWRCOA,2028,2.544
RE1,OR_PWRCOA,2029,2.314
RE1,OR_PWRCOA,2030,2.084
RE1,OR_PWRCOA,2031,1.854
RE1,OR_PWRCOA,2032,1.624
RE1,OR_PWRCOA,2033,1.394
RE1,OR_PWRCOA,2034,1.164
RE1,OR_PWRCOA,2035,0.934
RE1,OR_PWRCOA,2036,0.704
RE1,OR_PWRCOA,2037,0.474
RE1,OR_PWRCOA,2038,0.244
RE1,OR_PWRCOA,2039,0.014
RE1,OR_PWRCOA,2040,0.0
RE1,OR_PWRCOA,2041,0.0
RE1,OR_PWRCOA,2042,0.0
RE1,OR_PWRCOA,2043,0.0
RE1,OR_PWRCOA,2044,0.0
RE1,OR_PWRCOA,2045,0.0
RE1,OR_PWRCOA,2046,0.0
RE1,OR_PWRCOA,2047,0.0
RE1,OR_PWRCOA,2048,0.0
RE1,OR_PWRCOA,2049,0.0
RE1,OR_PWRCOA,2050,0.0
RE1,OR_PWRCOA,2051,0.0
RE1,OR_PWRCOA,2052,0.0
RE1,OR_PWRCOA,2053,0.0
RE1,OR_PWRCOA,2054,0.0
RE1,OR_PWRCOA,2055,0.0
RE1,OR_PWRHYDDAM,2022,30.069
RE1,OR_PWRHYDDAM,2023,36.663
RE1,OR_PWRHYDDAM,2024,30.457
RE1,OR_PWRHYDDAM,2025,30.457
RE1,OR_PWRHYDDAM,2026,30.457
RE1,OR_PWRHYDDAM,2027,30.457
RE1,OR_PWRHYDDAM,2028,30.457
RE1,OR_PWRHYDDAM,2029,30.457
RE1,OR_PWRHYDDAM,2030,30.457
RE1,OR_PWRHYDDAM,2031,30.457
RE1,OR_PWRHYDDAM,2032,30.457
RE1,OR_PWRHYDDAM,2033,30.457
RE1,OR_PWRHYDDAM,2034,30.457
RE1,OR_PWRHYDDAM,2035,30.457
RE1,OR_PWRHYDDAM,2036,30.457
RE1,OR_PWRHYDDAM,2037,30.457
RE1,OR_PWRHYDDAM,2038,30.457
RE1,OR_PWRHYDDAM,2039,30.457
RE1,OR_PWRHYDDAM,2040,30.457
RE1,OR_PWRHYDDAM,2041,30.457
RE1,OR_PWRHYDDAM,2042,30.457
RE1,OR_PWRHYDDAM,2043,30.457
RE1,OR_PWRHYDDAM,2044,30.457
RE1,OR_PWRHYDDAM,2045,30.457
RE1,OR_PWRHYDDAM,2046,30.457
RE1,OR_PWRHYDDAM,2047,30.457
RE1,OR_PWRHYDDAM,2048,30.457
RE1,OR_PWRHYDDAM,2049,30.457
RE1,OR_PWRHYDDAM,2050,30.457
RE1,OR_PWRHYDDAM,2051,30.457
RE1,OR_PWRHYDDAM,2052,30.457
RE1,OR_PWRHYDDAM,2053,30.457
RE1,OR_PWRHYDDAM,2054,30.457
RE1,OR_PWRHYDDAM,2055,30.457
RE1,OR_PWRHYDROR,2022,3.043
RE1,OR_PWRHYDROR,2023,2.305
RE1,OR_PWRHYDROR,2024,1.236
RE1,OR_PWRHYDROR,2025,1.236
RE1,OR_PWRHYDROR,2026,1.236
RE1,OR_PWRHYDROR,2027,1.236
RE1,OR_PWRHYDROR,2028,1.236
RE1,OR_PWRHYDROR,2029,1.236
RE1,OR_PWRHYDROR,2030,1.236
RE1,OR_PWRHYDROR,2031,1.236
RE1,OR_PWRHYDROR,2032,1.236
RE1,OR_PWRHYDROR,2033,1.236
RE1,OR_PWRHYDROR,2034,1.236
RE1,OR_PWRHYDROR,2035,1.236
RE1,OR_PWRHYDROR,2036,1.236
RE1,OR_PWRHYDROR,2037,1.236
RE1,OR_PWRHYDROR,2038,1.236
RE1,OR_PWRHYDROR,2039,1.236
RE1,OR_PWRHYDROR,2040,1.236
RE1,OR_PWRHYDROR,2041,1.236
RE1,OR_PWRHYDROR,2042,1.236
RE1,OR_PWRHYDROR,2043,1.236
RE1,OR_PWRHYDROR,2044,1.236
RE1,OR_PWRHYDROR,2045,1.236
RE1,OR_PWRHYDROR,2046,1.236
RE1,OR_PWRHYDROR,2047,1.236
RE1,OR_PWRHYDROR,2048,1.236
RE1,OR_PWRHYDROR,2049,1.236
RE1,OR_PWRHYDROR,2050,1.236
RE1,OR_PWRHYDROR,2051,1.236
RE1,OR_PWRHYDROR,2052,1.236
RE1,OR_PWRHYDROR,2053,1.236
RE1,OR_PWRHYDROR,2054,1.236
RE1,OR_PWRHYDROR,2055,1.236
RE1,OR_PWRSOLUGE,2022,0.625
RE1,OR_PWRSOLUGE,2023,0.869
RE1,OR_PWRSOLUGE,2024,1.192
RE1,OR_PWRSOLUGE,2025,1.113
RE1,OR_PWRSOLUGE,2026,1.034
RE1,OR_PWRSOLUGE,2027,0.955
RE1,OR_PWRSOLUGE,2028,0.876
RE1,OR_PWRSOLUGE,2029,0.797
RE1,OR_PWRSOLUGE,2030,0.718
RE1,OR_PWRSOLUGE,2031,0.639
RE1,OR_PWRSOLUGE,2032,0.56
RE1,OR_PWRSOLUGE,2033,0.481
RE1,OR_PWRSOLUGE,2034,0.402
RE1,OR_PWRSOLUGE,2035,0.323
RE1,OR_PWRSOLUGE,2036,0.244
RE1,OR_PWRSOLUGE,2037,0.165
RE1,OR_PWRSOLUGE,2038,0.086
RE1,OR_PWRSOLUGE,2039,0.007
RE1,OR_PWRSOLUGE,2040,0.0
RE1,OR_PWRSOLUGE,2041,0.0
RE1,OR_PWRSOLUGE,2042,0.0
RE1,OR_PWRSOLUGE,2043,0.0
RE1,OR_PWRSOLUGE,2044,0.0
RE1,OR_PWRSOLUGE,2045,0.0
RE1,OR_PWRSOLUGE,2046,0.0
RE1,OR_PWRSOLUGE,2047,0.0
RE1,OR_PWRSOLUGE,2048,0.0
RE1,OR_PWRSOLUGE,2049,0.0
RE1,OR_PWRSOLUGE,2050,0.0
RE1,OR_PWRSOLUGE,2051,0.0
RE1,OR_PWRSOLUGE,2052,0.0
RE1,OR_PWRSOLUGE,2053,0.0
RE1,OR_PWRSOLUGE,2054,0.0
RE1,OR_PWRSOLUGE,2055,0.0
RE1,SO_DEMINDBAGBOI_LOW,2022,39.57160121423282
RE1,SO_DEMINDBAGBOI_LOW,2023,41.13229844264231
RE1,SO_DEMINDBAGBOI_LOW,2024,39.82165714577279
RE1,SO_DEMINDBAGBOI_LOW,2025,39.80891625413752
RE1,SO_DEMINDBAGBOI_LOW,2026,39.78278779098257
RE1,SO_DEMINDBAGBOI_LOW,2027,39.72500799518515
RE1,SO_DEMINDBAGBOI_LOW,2028,39.61305462519107
RE1,SO_DEMINDBAGBOI_LOW,2029,39.4159640701413
RE1,SO_DEMINDBAGBOI_LOW,2030,39.09357382515103
RE1,SO_DEMINDBAGBOI_LOW,2031,38.59647355760539
RE1,SO_DEMINDBAGBOI_LOW,2032,37.86709299347532
RE1,SO_DEMINDBAGBOI_LOW,2033,36.84245739464998
RE1,SO_DEMINDBAGBOI_LOW,2034,35.45916849189806
RE1,SO_DEMINDBAGBOI_LOW,2035,33.66103421681014
RE1,SO_DEMINDBAGBOI_LOW,2036,31.40936906221859
RE1,SO_DEMINDBAGBOI_LOW,2037,28.69523019582165
RE1,SO_DEMINDBAGBOI_LOW,2038,25.55174472947235
RE1,SO_DEMINDBAGBOI_LOW,2039,22.06341735559454
RE1,SO_DEMINDBAGBOI_LOW,2040,18.36836655636401
RE1,SO_DEMINDBAGBOI_LOW,2041,14.64956897730767
RE1,SO_DEMINDBAGBOI_LOW,2042,11.11315288239883
RE1,SO_DEMINDBAGBOI_LOW,2043,7.955797543812219
RE1,SO_DEMINDBAGBOI_LOW,2044,5.328414496949131
RE1,SO_DEMINDBAGBOI_LOW,2045,3.307163633371215
RE1,SO_DEMINDBAGBOI_LOW,2046,1.882598684166773
RE1,SO_DEMINDBAGBOI_LOW,2047,0.9718837442908684
RE1,SO_DEMINDBAGBOI_LOW,2048,0.44949860711697
RE1,SO_DEMINDBAGBOI_LOW,2049,0.1838143337877166
RE1,SO_DEMINDBAGBOI_LOW,2050,0.06552502496232628
RE1,SO_DEMINDBAGBOI_LOW,2051,0.02005375048099044
RE1,SO_DEMINDBAGBOI_LOW,2052,0.005183893968161313
RE1,SO_DEMINDBAGBOI_LOW,2053,0.001112273582134664
RE1,SO_DEMINDBAGBOI_LOW,2054,0.000194437574759774
RE1,SO_DEMINDBAGBOI_LOW,2055,0.0
RE1,SO_DEMINDBAGBOI_MID,2022,0.2726858767022819
RE1,SO_DEMINDBAGBOI_MID,2023,0.3884166394912927
RE1,SO_DEMINDBAGBOI_MID,2024,0.9011945468078527
RE1,SO_DEMINDBAGBOI_MID,2025,0.9009062106891136
RE1,SO_DEMINDBAGBOI_MID,2026,0.9003149035914327
RE1,SO_DEMINDBAGBOI_MID,2027,0.8990073026370652
RE1,SO_DEMINDBAGBOI_MID,2028,0.8964737122802876
RE1,SO_DEMINDBAGBOI_MID,2029,0.8920134023341699
RE1,SO_DEMINDBAGBOI_MID,2030,0.8847174646069745
RE1,SO_DEMINDBAGBOI_MID,2031,0.8734677054950182
RE1,SO_DEMINDBAGBOI_MID,2032,0.8569612656817411
RE1,SO_DEMINDBAGBOI_MID,2033,0.8337729786964365
RE1,SO_DEMINDBAGBOI_MID,2034,0.8024680932353305
RE1,SO_DEMINDBAGBOI_MID,2035,0.7617749398287413
RE1,SO_DEMINDBAGBOI_MID,2036,0.7108180358725089
RE1,SO_DEMINDBAGBOI_MID,2037,0.6493949982344126
RE1,SO_DEMINDBAGBOI_MID,2038,0.5782555187829791
RE1,SO_DEMINDBAGBOI_MID,2039,0.4993120033157191
RE1,SO_DEMINDBAGBOI_MID,2040,0.4156901786825865
RE1,SO_DEMINDBAGBOI_MID,2041,0.3315309462664241
RE1,SO_DEMINDBAGBOI_MID,2042,0.2514991462760594
RE1,SO_DEMINDBAGBOI_MID,2043,0.1800457810117018
RE1,SO_DEMINDBAGBOI_MID,2044,0.1205860938987118
RE1,SO_DEMINDBAGBOI_MID,2045,0.0748436415110807
RE1,SO_DEMINDBAGBOI_MID,2046,0.04260464756120361
RE1,SO_DEMINDBAGBOI_MID,2047,0.02199447218582423
RE1,SO_DEMINDBAGBOI_MID,2048,0.0101724971426645
RE1,SO_DEMINDBAGBOI_MID,2049,0.004159858908638945
RE1,SO_DEMINDBAGBOI_MID,2050,0.001482881411974723
RE1,SO_DEMINDBAGBOI_MID,2051,0.0004538317054550901
RE1,SO_DEMINDBAGBOI_MID,2052,0.0001173154838392509
RE1,SO_DEMINDBAGBOI_MID,2053,2.517160155110724e-05
RE1,SO_DEMINDBAGBOI_MID,2054,4.400270973822429e-06
RE1,SO_DEMINDBAGBOI_MID,2055,0.0
RE1,SO_DEMINDBAGFUR_LOW,2022,1.841376370300716
RE1,SO_DEMINDBAGFUR_LOW,2023,1.913999941483209
RE1,SO_DEMINDBAGFUR_LOW,2024,1.853012166413652
RE1,SO_DEMINDBAGFUR_LOW,2025,1.852419297384504
RE1,SO_DEMINDBAGFUR_LOW,2026,1.851203467517389
RE1,SO_DEMINDBAGFUR_LOW,2027,1.848514813346279
RE1,SO_DEMINDBAGFUR_LOW,2028,1.843305312498269
RE1,SO_DEMINDBAGFUR_LOW,2029,1.834134142271588
RE1,SO_DEMINDBAGFUR_LOW,2030,1.81913242990906
RE1,SO_DEMINDBAGFUR_LOW,2031,1.796000975577122
RE1,SO_DEMINDBAGFUR_LOW,2032,1.762060874733726
RE1,SO_DEMINDBAGFUR_LOW,2033,1.714381738131912
RE1,SO_DEMINDBAGFUR_LOW,2034,1.650013468446872
RE1,SO_DEMINDBAGFUR_LOW,2035,1.566341292866982
RE1,SO_DEMINDBAGFUR_LOW,2036,1.461565067435822
RE1,SO_DEMINDBAGFUR_LOW,2037,1.335268657360292
RE1,SO_DEMINDBAGFUR_LOW,2038,1.188993559044649
RE1,SO_DEMINDBAGFUR_LOW,2039,1.026672010230965
RE1,SO_DEMINDBAGFUR_LOW,2040,0.8547310470152366
RE1,SO_DEMINDBAGFUR_LOW,2041,0.681685080264138
RE1,SO_DEMINDBAGFUR_LOW,2042,0.5171258298698396
RE1,SO_DEMINDBAGFUR_LOW,2043,0.3702053279260084
RE1,SO_DEMINDBAGFUR_LOW,2044,0.2479459067812736
RE1,SO_DEMINDBAGFUR_LOW,2045,0.153891497446338
RE1,SO_DEMINDBAGFUR_LOW,2046,0.08760253882617937
RE1,SO_DEMINDBAGFUR_LOW,2047,0.04522444648443786
RE1,SO_DEMINDBAGFUR_LOW,2048,0.02091641703218656
RE1,SO_DEMINDBAGFUR_LOW,2049,0.008553390825073082
RE1,SO_DEMINDBAGFUR_LOW,2050,0.003049061168280333
RE1,SO_DEMINDBAGFUR_LOW,2051,0.0009331566360352629
RE1,SO_DEMINDBAGFUR_LOW,2052,0.0002412209656980825
RE1,SO_DEMINDBAGFUR_LOW,2053,5.175717506007443e-05
RE1,SO_DEMINDBAGFUR_LOW,2054,9.04771969481114e-06
RE1,SO_DEMINDBAGFUR_LOW,2055,0.0
RE1,SO_DEMINDBAGFUR_MID,2022,0.01268883023347862
RE1,SO_DEMINDBAGFUR_MID,2023,0.01807410364616818
RE1,SO_DEMINDBAGFUR_MID,2024,0.04193508204411471
RE1,SO_DEMINDBAGFUR_MID,2025,0.04192166496470779
RE1,SO_DEMINDBAGFUR_MID,2026,0.04189414980525377
RE1,SO_DEMINDBAGFUR_MID,2027,0.04183330350575429
RE1,SO_DEMINDBAGFUR_MID,2028,0.04171540851864636
RE1,SO_DEMINDBAGFUR_MID,2029,0.04150785792460964
RE1,SO_DEMINDBAGFUR_MID,2030,0.0411683577043049
RE1,SO_DEMINDBAGFUR_MID,2031,0.04064487520764816
RE1,SO_DEMINDBAGFUR_MID,2032,0.03987678477669974
RE1,SO_DEMINDBAGFUR_MID,2033,0.03879776946237543
RE1,SO_DEMINDBAGFUR_MID,2034,0.03734106630672152
RE1,SO_DEMINDBAGFUR_MID,2035,0.03544750100188961
RE1,SO_DEMINDBAGFUR_MID,2036,0.03307633491384814
RE1,SO_DEMINDBAGFUR_MID,2037,0.03021815059407384
RE1,SO_DEMINDBAGFUR_MID,2038,0.02690783328474424
RE1,SO_DEMINDBAGFUR_MID,2039,0.02323437253234997
RE1,SO_DEMINDBAGFUR_MID,2040,0.01934321707752601
RE1,SO_DEMINDBAGFUR_MID,2041,0.01542705454786751
RE1,SO_DEMINDBAGFUR_MID,2042,0.01170295289787195
RE1,SO_DEMINDBAGFUR_MID,2043,0.00837802961099391
RE1,SO_DEMINDBAGFUR_MID,2044,0.00561120543719843
RE1,SO_DEMINDBAGFUR_MID,2045,0.003482682244765809
RE1,SO_DEMINDBAGFUR_MID,2046,0.001982512430049801
RE1,SO_DEMINDBAGFUR_MID,2047,0.00102346380023779
RE1,SO_DEMINDBAGFUR_MID,2048,0.0004733545090593095
RE1,SO_DEMINDBAGFUR_MID,2049,0.0001935697738558437
RE1,SO_DEMINDBAGFUR_MID,2050,6.900258539415167e-05
RE1,SO_DEMINDBAGFUR_MID,2051,2.111804811723687e-05
RE1,SO_DEMINDBAGFUR_MID,2052,5.459014878940377e-06
RE1,SO_DEMINDBAGFUR_MID,2053,1.171304442494047e-06
RE1,SO_DEMINDBAGFUR_MID,2054,2.047568141165456e-07
RE1,SO_DEMINDBAGFUR_MID,2055,0.0
RE1,SO_DEMINDCOABOI_LOW,2022,13.68744994761713
RE1,SO_DEMINDCOABOI_LOW,2023,14.17036227953342
RE1,SO_DEMINDCOABOI_LOW,2024,13.46727377887246
RE1,SO_DEMINDCOABOI_LOW,2025,13.42203636779157
RE1,SO_DEMINDCOABOI_LOW,2026,13.4276254523125
RE1,SO_DEMINDCOABOI_LOW,2027,13.42765177403882
RE1,SO_DEMINDCOABOI_LOW,2028,13.42128796860611
RE1,SO_DEMINDCOABOI_LOW,2029,13.41199373392288
RE1,SO_DEMINDCOABOI_LOW,2030,13.3933698676712
RE1,SO_DEMINDCOABOI_LOW,2031,13.32046942086597
RE1,SO_DEMINDCOABOI_LOW,2032,13.28231810220818
RE1,SO_DEMINDCOABOI_LOW,2033,13.24308124905815
RE1,SO_DEMINDCOABOI_LOW,2034,13.17670998177455
RE1,SO_DEMINDCOABOI_LOW,2035,13.0825300398034
RE1,SO_DEMINDCOABOI_LOW,2036,12.9627630874346
RE1,SO_DEMINDCOABOI_LOW,2037,12.807875972742
RE1,SO_DEMINDCOABOI_LOW,2038,12.61160093517297
RE1,SO_DEMINDCOABOI_LOW,2039,12.36790816098477
RE1,SO_DEMINDCOABOI_LOW,2040,12.07057155280949
RE1,SO_DEMINDCOABOI_LOW,2041,11.71377654641902
RE1,SO_DEMINDCOABOI_LOW,2042,11.29558541343541
RE1,SO_DEMINDCOABOI_LOW,2043,10.80944406021371
RE1,SO_DEMINDCOABOI_LOW,2044,10.25291827084554
RE1,SO_DEMINDCOABOI_LOW,2045,9.627470228881876
RE1,SO_DEMINDCOABOI_LOW,2046,8.938025468236019
RE1,SO_DEMINDCOABOI_LOW,2047,8.191887045871393
RE1,SO_DEMINDCOABOI_LOW,2048,7.399976532602752
RE1,SO_DEMINDCOABOI_LOW,2049,6.576948933234974
RE1,SO_DEMINDCOABOI_LOW,2050,5.740825715020061
RE1,SO_DEMINDCOABOI_LOW,2051,4.911451966730077
RE1,SO_DEMINDCOABOI_LOW,2052,4.109593685756866
RE1,SO_DEMINDCOABOI_LOW,2053,3.355311309720491
RE1,SO_DEMINDCOABOI_LOW,2054,2.666504390395263
RE1,SO_DEMINDCOABOI_LOW,2055,0.0
RE1,SO_DEMINDCOABOI_MID,2022,0.0943195163768644
RE1,SO_DEMINDCOABOI_MID,2023,0.133812227990753
RE1,SO_DEMINDCOABOI_MID,2024,0.3047747020034948
RE1,SO_DEMINDCOABOI_MID,2025,0.3037509448045272
RE1,SO_DEMINDCOABOI_MID,2026,0.3038774300603636
RE1,SO_DEMINDCOABOI_MID,2027,0.3038780257411544
RE1,SO_DEMINDCOABOI_MID,2028,0.3037340079587725
RE1,SO_DEMINDCOABOI_MID,2029,0.3035236723219954
RE1,SO_DEMINDCOABOI_MID,2030,0.3031021999898657
RE1,SO_DEMINDCOABOI_MID,2031,0.3014524071427164
RE1,SO_DEMINDCOABOI_MID,2032,0.300589013632947
RE1,SO_DEMINDCOABOI_MID,2033,0.2997010536476739
RE1,SO_DEMINDCOABOI_MID,2034,0.2981990211249753
RE1,SO_DEMINDCOABOI_MID,2035,0.2960676570330091
RE1,SO_DEMINDCOABOI_MID,2036,0.2933572393332271
RE1,SO_DEMINDCOABOI_MID,2037,0.2898520255089806
RE1,SO_DEMINDCOABOI_MID,2038,0.2854101713469546
RE1,SO_DEMINDCOABOI_MID,2039,0.2798952175520649
RE1,SO_DEMINDCOABOI_MID,2040,0.27316626278072
RE1,SO_DEMINDCOABOI_MID,2041,0.2650917189989203
RE1,SO_DEMINDCOABOI_MID,2042,0.2556277339319844
RE1,SO_DEMINDCOABOI_MID,2043,0.2446259834298034
RE1,SO_DEMINDCOABOI_MID,2044,0.2320313793252936
RE1,SO_DEMINDCOABOI_MID,2045,0.2178770119501244
RE1,SO_DEMINDCOABOI_MID,2046,0.2022743499025644
RE1,SO_DEMINDCOABOI_MID,2047,0.1853886669452395
RE1,SO_DEMINDCOABOI_MID,2048,0.1674671265757608
RE1,SO_DEMINDCOABOI_MID,2049,0.1488413827573286
RE1,SO_DEMINDCOABOI_MID,2050,0.1299192750721466
RE1,SO_DEMINDCOABOI_MID,2051,0.1111499130516647
RE1,SO_DEMINDCOABOI_MID,2052,0.09300324709347804
RE1,SO_DEMINDCOABOI_MID,2053,0.07593326023811155
RE1,SO_DEMINDCOABOI_MID,2054,0.06034503302729829
RE1,SO_DEMINDCOABOI_MID,2055,0.0
RE1,SO_DEMINDCOAFUR_LOW,2022,12.56423148677013
RE1,SO_DEMINDCOAFUR_LOW,2023,11.99784416890289
RE1,SO_DEMINDCOAFUR_LOW,2024,11.29488689888815
RE1,SO_DEMINDCOAFUR_LOW,2025,11.22464443332549
RE1,SO_DEMINDCOAFUR_LOW,2026,11.21442559498224
RE1,SO_DEMINDCOAFUR_LOW,2027,11.20106096701454
RE1,SO_DEMINDCOAFUR_LOW,2028,11.18956381756207
RE1,SO_DEMINDCOAFUR_LOW,2029,11.18062159794026
RE1,SO_DEMINDCOAFUR_LOW,2030,11.16239821656869
RE1,SO_DEMINDCOAFUR_LOW,2031,11.0958161539946
RE1,SO_DEMINDCOAFUR_LOW,2032,11.0710054015703
RE1,SO_DEMINDCOAFUR_LOW,2033,11.04789037850566
RE1,SO_DEMINDCOAFUR_LOW,2034,11.01736725688962
RE1,SO_DEMINDCOAFUR_LOW,2035,10.97576063384959
RE1,SO_DEMINDCOAFUR_LOW,2036,10.92286004845955
RE1,SO_DEMINDCOAFUR_LOW,2037,10.85700626206028
RE1,SO_DEMINDCOAFUR_LOW,2038,10.77491236441501
RE1,SO_DEMINDCOAFUR_LOW,2039,10.67330984353043
RE1,SO_DEMINDCOAFUR_LOW,2040,10.54891685243574
RE1,SO_DEMINDCOAFUR_LOW,2041,10.39859689761176
RE1,SO_DEMINDCOAFUR_LOW,2042,10.22207579677405
RE1,SO_DEMINDCOAFUR_LOW,2043,10.01293530327652
RE1,SO_DEMINDCOAFUR_LOW,2044,9.76781656582122
RE1,SO_DEMINDCOAFUR_LOW,2045,9.483692601596193
RE1,SO_DEMINDCOAFUR_LOW,2046,9.159659108681788
RE1,SO_DEMINDCOAFUR_LOW,2047,8.79440427391722
RE1,SO_DEMINDCOAFUR_LOW,2048,8.387240917879208
RE1,SO_DEMINDCOAFUR_LOW,2049,7.938948472760917
RE1,SO_DEMINDCOAFUR_LOW,2050,7.45218733888895
RE1,SO_DEMINDCOAFUR_LOW,2051,6.930751131049
RE1,SO_DEMINDCOAFUR_LOW,2052,6.380022991414791
RE1,SO_DEMINDCOAFUR_LOW,2053,5.806737218628074
RE1,SO_DEMINDCOAFUR_LOW,2054,5.219389516645051
RE1,SO_DEMINDCOAFUR_LOW,2055,0.0
RE1,SO_DEMINDCOAFUR_MID,2022,0.08657947550598628
RE1,SO_DEMINDCOAFUR_MID,2023,0.1132969099629556
RE1,SO_DEMINDCOAFUR_MID,2024,0.2556119260137314
RE1,SO_DEMINDCOAFUR_MID,2025,0.2540222853142579
RE1,SO_DEMINDCOAFUR_MID,2026,0.2537910251897498
RE1,SO_DEMINDCOAFUR_MID,2027,0.2534885734409308
RE1,SO_DEMINDCOAFUR_MID,2028,0.2532283841586899
RE1,SO_DEMINDCOAFUR_MID,2029,0.2530260148918854
RE1,SO_DEMINDCOAFUR_MID,2030,0.2526136058387827
RE1,SO_DEMINDCOAFUR_MID,2031,0.2511068028574973
RE1,SO_DEMINDCOAFUR_MID,2032,0.250545316561105
RE1,SO_DEMINDCOAFUR_MID,2033,0.2500222059165897
RE1,SO_DEMINDCOAFUR_MID,2034,0.2493314443380037
RE1,SO_DEMINDCOAFUR_MID,2035,0.2483898546483152
RE1,SO_DEMINDCOAFUR_MID,2036,0.2471926739558611
RE1,SO_DEMINDCOAFUR_MID,2037,0.2457023524212142
RE1,SO_DEMINDCOAFUR_MID,2038,0.2438445047527133
RE1,SO_DEMINDCOAFUR_MID,2039,0.2415451620250128
RE1,SO_DEMINDCOAFUR_MID,2040,0.2387300535320315
RE1,SO_DEMINDCOAFUR_MID,2041,0.2353281980274282
RE1,SO_DEMINDCOAFUR_MID,2042,0.2313333905564802
RE1,SO_DEMINDCOAFUR_MID,2043,0.2266003812905237
RE1,SO_DEMINDCOAFUR_MID,2044,0.2210531568566811
RE1,SO_DEMINDCOAFUR_MID,2045,0.2146232143196411
RE1,SO_DEMINDCOAFUR_MID,2046,0.2072900886355795
RE1,SO_DEMINDCOAFUR_MID,2047,0.1990240924697226
RE1,SO_DEMINDCOAFUR_MID,2048,0.189809674426339
RE1,SO_DEMINDCOAFUR_MID,2049,0.1796644736518744
RE1,SO_DEMINDCOAFUR_MID,2050,0.1686486970397252
RE1,SO_DEMINDCOAFUR_MID,2051,0.1568481969928954
RE1,SO_DEMINDCOAFUR_MID,2052,0.1443847981344513
RE1,SO_DEMINDCOAFUR_MID,2053,0.131410902791355
RE1,SO_DEMINDCOAFUR_MID,2054,0.1181187752395157
RE1,SO_DEMINDCOAFUR_MID,2055,0.0
RE1,SO_DEMINDCOAOTH_LOW,2022,0.02173553354763217
RE1,SO_DEMINDCOAOTH_LOW,2023,0.0234976733755793
RE1,SO_DEMINDCOAOTH_LOW,2024,0.0233143311506401
RE1,SO_DEMINDCOAOTH_LOW,2025,0.01669355336870285
RE1,SO_DEMINDCOAOTH_LOW,2026,0.008522996870228982
RE1,SO_DEMINDCOAOTH_LOW,2027,0.001923759120880867
RE1,SO_DEMINDCOAOTH_LOW,2028,0.0001068878061442754
RE1,SO_DEMINDCOAOTH_LOW,2029,6.466261741000763e-07
RE1,SO_DEMINDCOAOTH_LOW,2030,1.438873066040858e-10
RE1,SO_DEMINDCOAOTH_LOW,2031,2.917988975638309e-16
RE1,SO_DEMINDCOAOTH_LOW,2032,9.5582417300343e-25
RE1,SO_DEMINDCOAOTH_LOW,2033,6.04388800759479e-37
RE1,SO_DEMINDCOAOTH_LOW,2034,5.785079828513066e-54
RE1,SO_DEMINDCOAOTH_LOW,2035,4.154508512922349e-77
RE1,SO_DEMINDCOAOTH_LOW,2036,6.737993867423684e-108
RE1,SO_DEMINDCOAOTH_LOW,2037,4.334387660713588e-148
RE1,SO_DEMINDCOAOTH_LOW,2038,1.092207403859802e-199
RE1,SO_DEMINDCOAOTH_LOW,2039,5.76024926474286e-265
RE1,SO_DEMINDCOAOTH_LOW,2040,0.0
RE1,SO_DEMINDCOAOTH_LOW,2041,0.0
RE1,SO_DEMINDCOAOTH_LOW,2042,0.0
RE1,SO_DEMINDCOAOTH_LOW,2043,0.0
RE1,SO_DEMINDCOAOTH_LOW,2044,0.0
RE1,SO_DEMINDCOAOTH_LOW,2045,0.0
RE1,SO_DEMINDCOAOTH_LOW,2046,0.0
RE1,SO_DEMINDCOAOTH_LOW,2047,0.0
RE1,SO_DEMINDCOAOTH_LOW,2048,0.0
RE1,SO_DEMINDCOAOTH_LOW,2049,0.0
RE1,SO_DEMINDCOAOTH_LOW,2050,0.0
RE1,SO_DEMINDCOAOTH_LOW,2051,0.0
RE1,SO_DEMINDCOAOTH_LOW,2052,0.0
RE1,SO_DEMINDCOAOTH_LOW,2053,0.0
RE1,SO_DEMINDCOAOTH_LOW,2054,0.0
RE1,SO_DEMINDCOAOTH_LOW,2055,0.0
RE1,SO_DEMINDDSLBOI_LOW,2022,0.2879739047471577
RE1,SO_DEMINDDSLBOI_LOW,2023,0.2968007684673435
RE1,SO_DEMINDDSLBOI_LOW,2024,0.2919559303195151
RE1,SO_DEMINDDSLBOI_LOW,2025,0.2994479843796172
RE1,SO_DEMINDDSLBOI_LOW,2026,0.2991494811989388
RE1,SO_DEMINDDSLBOI_LOW,2027,0.2986432760067063
RE1,SO_DEMINDDSLBOI_LOW,2028,0.2981137736050994
RE1,SO_DEMINDDSLBOI_LOW,2029,0.2976148580463958
RE1,SO_DEMINDDSLBOI_LOW,2030,0.2967632544055777
RE1,SO_DEMINDDSLBOI_LOW,2031,0.2941147952888634
RE1,SO_DEMINDDSLBOI_LOW,2032,0.2929023726629845
RE1,SO_DEMINDDSLBOI_LOW,2033,0.2917458034479942
RE1,SO_DEMINDDSLBOI_LOW,2034,0.2902453366846879
RE1,SO_DEMINDDSLBOI_LOW,2035,0.2881247309974284
RE1,SO_DEMINDDSLBOI_LOW,2036,0.2852525432370394
RE1,SO_DEMINDDSLBOI_LOW,2037,0.2816420022464885
RE1,SO_DEMINDDSLBOI_LOW,2038,0.2771479096005441
RE1,SO_DEMINDDSLBOI_LOW,2039,0.2716258245236462
RE1,SO_DEMINDDSLBOI_LOW,2040,0.2649376987438429
RE1,SO_DEMINDDSLBOI_LOW,2041,0.256960823540708
RE1,SO_DEMINDDSLBOI_LOW,2042,0.247682051928234
RE1,SO_DEMINDDSLBOI_LOW,2043,0.2369248217627034
RE1,SO_DEMINDDSLBOI_LOW,2044,0.2246389778537131
RE1,SO_DEMINDDSLBOI_LOW,2045,0.2108307053027567
RE1,SO_DEMINDDSLBOI_LOW,2046,0.195630620318773
RE1,SO_DEMINDDSLBOI_LOW,2047,0.1792122332607795
RE1,SO_DEMINDDSLBOI_LOW,2048,0.1618089728545978
RE1,SO_DEMINDDSLBOI_LOW,2049,0.1437400001231342
RE1,SO_DEMINDDSLBOI_LOW,2050,0.1254060066033354
RE1,SO_DEMINDDSLBOI_LOW,2051,0.1072394651288726
RE1,SO_DEMINDDSLBOI_LOW,2052,0.08969207017233835
RE1,SO_DEMINDDSLBOI_LOW,2053,0.07319745621235237
RE1,SO_DEMINDDSLBOI_LOW,2054,0.05814558564019714
RE1,SO_DEMINDDSLBOI_LOW,2055,0.0
RE1,SO_DEMINDDSLBOI_MID,2022,0.001984413424623169
RE1,SO_DEMINDDSLBOI_MID,2023,0.002802721011257768
RE1,SO_DEMINDDSLBOI_MID,2024,0.006607185917678227
RE1,SO_DEMINDDSLBOI_MID,2025,0.006776736829099054
RE1,SO_DEMINDDSLBOI_MID,2026,0.006769981473900061
RE1,SO_DEMINDDSLBOI_MID,2027,0.006758525663381285
RE1,SO_DEMINDDSLBOI_MID,2028,0.00674654261920251
RE1,SO_DEMINDDSLBOI_MID,2029,0.006735251778663765
RE1,SO_DEMINDDSLBOI_MID,2030,0.00671597933717954
RE1,SO_DEMINDDSLBOI_MID,2031,0.006656042682492134
RE1,SO_DEMINDDSLBOI_MID,2032,0.006628604631512263
RE1,SO_DEMINDDSLBOI_MID,2033,0.006602430585923465
RE1,SO_DEMINDDSLBOI_MID,2034,0.006568473875889824
RE1,SO_DEMINDDSLBOI_MID,2035,0.006520482947880669
RE1,SO_DEMINDDSLBOI_MID,2036,0.006455483142935442
RE1,SO_DEMINDDSLBOI_MID,2037,0.006373773839884606
RE1,SO_DEMINDDSLBOI_MID,2038,0.006272069087353875
RE1,SO_DEMINDDSLBOI_MID,2039,0.006147100080160318
RE1,SO_DEMINDDSLBOI_MID,2040,0.005995742680365028
RE1,SO_DEMINDDSLBOI_MID,2041,0.005815219895807954
RE1,SO_DEMINDDSLBOI_MID,2042,0.005605234200144234
RE1,SO_DEMINDDSLBOI_MID,2043,0.005361789857071178
RE1,SO_DEMINDDSLBOI_MID,2044,0.005083751816283877
RE1,SO_DEMINDDSLBOI_MID,2045,0.004771260051357929
RE1,SO_DEMINDDSLBOI_MID,2046,0.00442727050696409
RE1,SO_DEMINDDSLBOI_MID,2047,0.004055709855184058
RE1,SO_DEMINDDSLBOI_MID,2048,0.003661860766550816
RE1,SO_DEMINDDSLBOI_MID,2049,0.003252946099026908
RE1,SO_DEMINDDSLBOI_MID,2050,0.002838033808441654
RE1,SO_DEMINDDSLBOI_MID,2051,0.002426911085667612
RE1,SO_DEMINDDSLBOI_MID,2052,0.002029800121962002
RE1,SO_DEMINDDSLBOI_MID,2053,0.001656514397110693
RE1,SO_DEMINDDSLBOI_MID,2054,0.001315879058173678
RE1,SO_DEMINDDSLBOI_MID,2055,0.0
RE1,SO_DEMINDDSLFUR_LOW,2022,0.444065785029038
RE1,SO_DEMINDDSLFUR_LOW,2023,0.478925791422698
RE1,SO_DEMINDDSLFUR_LOW,2024,0.4602207444757822
RE1,SO_DEMINDDSLFUR_LOW,2025,0.4875236241076774
RE1,SO_DEMINDDSLFUR_LOW,2026,0.4864285197571693
RE1,SO_DEMINDDSLFUR_LOW,2027,0.4851699227397916
RE1,SO_DEMINDDSLFUR_LOW,2028,0.4841433403102179
RE1,SO_DEMINDDSLFUR_LOW,2029,0.4834480718273303
RE1,SO_DEMINDDSLFUR_LOW,2030,0.4821549516654695
RE1,SO_DEMINDDSLFUR_LOW,2031,0.4778600820921706
RE1,SO_DEMINDDSLFUR_LOW,2032,0.4759868085872968
RE1,SO_DEMINDDSLFUR_LOW,2033,0.4741183184413547
RE1,SO_DEMINDDSLFUR_LOW,2034,0.4722613799630306
RE1,SO_DEMINDDSLFUR_LOW,2035,0.4702071893308151
RE1,SO_DEMINDDSLFUR_LOW,2036,0.4675179861305052
RE1,SO_DEMINDDSLFUR_LOW,2037,0.464318745455729
RE1,SO_DEMINDDSLFUR_LOW,2038,0.4604485380377127
RE1,SO_DEMINDDSLFUR_LOW,2039,0.4557510152211204
RE1,SO_DEMINDDSLFUR_LOW,2040,0.4500739306911727
RE1,SO_DEMINDDSLFUR_LOW,2041,0.4432880597959951
RE1,SO_DEMINDDSLFUR_LOW,2042,0.4354342047689337
RE1,SO_DEMINDDSLFUR_LOW,2043,0.4262143612034789
RE1,SO_DEMINDDSLFUR_LOW,2044,0.4155075582659319
RE1,SO_DEMINDDSLFUR_LOW,2045,0.4031433089437766
RE1,SO_DEMINDDSLFUR_LOW,2046,0.3890975764558463
RE1,SO_DEMINDDSLFUR_LOW,2047,0.3733294408019317
RE1,SO_DEMINDDSLFUR_LOW,2048,0.355804583928012
RE1,SO_DEMINDDSLFUR_LOW,2049,0.3365564251092288
RE1,SO_DEMINDDSLFUR_LOW,2050,0.3157095467800112
RE1,SO_DEMINDDSLFUR_LOW,2051,0.2934281734515584
RE1,SO_DEMINDDSLFUR_LOW,2052,0.2699428801954322
RE1,SO_DEMINDDSLFUR_LOW,2053,0.2455341889731674
RE1,SO_DEMINDDSLFUR_LOW,2054,0.2205660831247014
RE1,SO_DEMINDDSLFUR_LOW,2055,0.0
RE1,SO_DEMINDDSLFUR_MID,2022,0.003060034575011773
RE1,SO_DEMINDDSLFUR_MID,2023,0.004522546843073092
RE1,SO_DEMINDDSLFUR_MID,2024,0.01041514730869135
RE1,SO_DEMINDDSLFUR_MID,2025,0.0110330323491442
RE1,SO_DEMINDDSLFUR_MID,2026,0.01100824930043151
RE1,SO_DEMINDDSLFUR_MID,2027,0.01097976628766945
RE1,SO_DEMINDDSLFUR_MID,2028,0.01095653394241587
RE1,SO_DEMINDDSLFUR_MID,2029,0.01094079948508145
RE1,SO_DEMINDDSLFUR_MID,2030,0.01091153518716511
RE1,SO_DEMINDDSLFUR_MID,2031,0.01081433900508411
RE1,SO_DEMINDDSLFUR_MID,2032,0.01077194539345986
RE1,SO_DEMINDDSLFUR_MID,2033,0.01072966003290534
RE1,SO_DEMINDDSLFUR_MID,2034,0.01068763609542084
RE1,SO_DEMINDDSLFUR_MID,2035,0.01064114819088489
RE1,SO_DEMINDDSLFUR_MID,2036,0.01058028946643487
RE1,SO_DEMINDDSLFUR_MID,2037,0.01050788820398916
RE1,SO_DEMINDDSLFUR_MID,2038,0.01042030245115713
RE1,SO_DEMINDDSLFUR_MID,2039,0.01031399391833234
RE1,SO_DEMINDDSLFUR_MID,2040,0.01018551715501163
RE1,SO_DEMINDDSLFUR_MID,2041,0.01003194770852451
RE1,SO_DEMINDDSLFUR_MID,2042,0.009854208964606906
RE1,SO_DEMINDDSLFUR_MID,2043,0.009645556855700602
RE1,SO_DEMINDDSLFUR_MID,2044,0.009403253719350893
RE1,SO_DEMINDDSLFUR_MID,2045,0.009123441304118896
RE1,SO_DEMINDDSLFUR_MID,2046,0.008805575639269527
RE1,SO_DEMINDDSLFUR_MID,2047,0.008448730673912708
RE1,SO_DEMINDDSLFUR_MID,2048,0.008052129764248128
RE1,SO_DEMINDDSLFUR_MID,2049,0.007616529214022909
RE1,SO_DEMINDDSLFUR_MID,2050,0.007144748418977515
RE1,SO_DEMINDDSLFUR_MID,2051,0.006640503905358042
RE1,SO_DEMINDDSLFUR_MID,2052,0.006109013763319817
RE1,SO_DEMINDDSLFUR_MID,2053,0.005556626419325102
RE1,SO_DEMINDDSLFUR_MID,2054,0.004991579094639684
RE1,SO_DEMINDDSLFUR_MID,2055,0.0
RE1,SO_DEMINDELCAIR_LOW,2022,0.1290505789869793
RE1,SO_DEMINDELCAIR_LOW,2023,0.1194511144953515
RE1,SO_DEMINDELCAIR_LOW,2024,0.116285841546338
RE1,SO_DEMINDELCAIR_LOW,2025,0.1168300079782184
RE1,SO_DEMINDELCAIR_LOW,2026,0.1165024598670811
RE1,SO_DEMINDELCAIR_LOW,2027,0.1160489817248082
RE1,SO_DEMINDELCAIR_LOW,2028,0.1155146501398137
RE1,SO_DEMINDELCAIR_LOW,2029,0.1148377995506876
RE1,SO_DEMINDELCAIR_LOW,2030,0.1136607848981869
RE1,SO_DEMINDELCAIR_LOW,2031,0.1112285043459448
RE1,SO_DEMINDELCAIR_LOW,2032,0.1088301840468815
RE1,SO_DEMINDELCAIR_LOW,2033,0.1056526282895183
RE1,SO_DEMINDELCAIR_LOW,2034,0.1015292133284446
RE1,SO_DEMINDELCAIR_LOW,2035,0.09627222541064354
RE1,SO_DEMINDELCAIR_LOW,2036,0.08970592848337382
RE1,SO_DEMINDELCAIR_LOW,2037,0.08185318047696657
RE1,SO_DEMINDELCAIR_LOW,2038,0.07280075144591291
RE1,SO_DEMINDELCAIR_LOW,2039,0.06278678961794447
RE1,SO_DEMINDELCAIR_LOW,2040,0.05220530883312065
RE1,SO_DEMINDELCAIR_LOW,2041,0.04158088062428165
RE1,SO_DEMINDELCAIR_LOW,2042,0.03151433568826646
RE1,SO_DEMINDELCAIR_LOW,2043,0.02253997111415959
RE1,SO_DEMINDELCAIR_LOW,2044,0.01508239577032799
RE1,SO_DEMINDELCAIR_LOW,2045,0.00935121028877643
RE1,SO_DEMINDELCAIR_LOW,2046,0.005317633862020028
RE1,SO_DEMINDELCAIR_LOW,2047,0.002742487111766751
RE1,SO_DEMINDELCAIR_LOW,2048,0.001267127989543326
RE1,SO_DEMINDELCAIR_LOW,2049,0.0005176247624949329
RE1,SO_DEMINDELCAIR_LOW,2050,0.0001843326016151675
RE1,SO_DEMINDELCAIR_LOW,2051,5.635989376176979e-05
RE1,SO_DEMINDELCAIR_LOW,2052,1.455575370969904e-05
RE1,SO_DEMINDELCAIR_LOW,2053,3.120267563861037e-06
RE1,SO_DEMINDELCAIR_LOW,2054,5.449664973657276e-07
RE1,SO_DEMINDELCAIR_LOW,2055,0.0
RE1,SO_DEMINDELCAIR_MID,2022,0.0008892809284994149
RE1,SO_DEMINDELCAIR_MID,2023,0.001127989493231771
RE1,SO_DEMINDELCAIR_MID,2024,0.002631637500390823
RE1,SO_DEMINDELCAIR_MID,2025,0.00264395240278605
RE1,SO_DEMINDELCAIR_MID,2026,0.002636539738604511
RE1,SO_DEMINDELCAIR_MID,2027,0.00262627718153872
RE1,SO_DEMINDELCAIR_MID,2028,0.002614184849247736
RE1,SO_DEMINDELCAIR_MID,2029,0.002598867202930524
RE1,SO_DEMINDELCAIR_MID,2030,0.00257223046145933
RE1,SO_DEMINDELCAIR_MID,2031,0.002517186092964985
RE1,SO_DEMINDELCAIR_MID,2032,0.002462910270964347
RE1,SO_DEMINDELCAIR_MID,2033,0.002390999754778869
RE1,SO_DEMINDELCAIR_MID,2034,0.002297683721657932
RE1,SO_DEMINDELCAIR_MID,2035,0.002178714065854445
RE1,SO_DEMINDELCAIR_MID,2036,0.002030113746136088
RE1,SO_DEMINDELCAIR_MID,2037,0.001852400054942258
RE1,SO_DEMINDELCAIR_MID,2038,0.001647536664946027
RE1,SO_DEMINDELCAIR_MID,2039,0.001420913052616896
RE1,SO_DEMINDELCAIR_MID,2040,0.001181446052398208
RE1,SO_DEMINDELCAIR_MID,2041,0.0009410071191386561
RE1,SO_DEMINDELCAIR_MID,2042,0.0007131935108720772
RE1,SO_DEMINDELCAIR_MID,2043,0.0005100967792206365
RE1,SO_DEMINDELCAIR_MID,2044,0.0003413261475096663
RE1,SO_DEMINDELCAIR_MID,2045,0.0002116250382913406
RE1,SO_DEMINDELCAIR_MID,2046,0.000120342119887945
RE1,SO_DEMINDELCAIR_MID,2047,6.206458010443128e-05
RE1,SO_DEMINDELCAIR_MID,2048,2.867607518451209e-05
RE1,SO_DEMINDELCAIR_MID,2049,1.171424412463614e-05
RE1,SO_DEMINDELCAIR_MID,2050,4.171587705815188e-06
RE1,SO_DEMINDELCAIR_MID,2051,1.275467485716338e-06
RE1,SO_DEMINDELCAIR_MID,2052,3.294078350340934e-07
RE1,SO_DEMINDELCAIR_MID,2053,7.061404056690515e-08
RE1,SO_DEMINDELCAIR_MID,2054,1.2333008488852e-08
RE1,SO_DEMINDELCAIR_MID,2055,0.0
RE1,SO_DEMINDELCBOI_LOW,2022,0.006468931577296709
RE1,SO_DEMINDELCBOI_LOW,2023,0.00708399476608768
RE1,SO_DEMINDELCBOI_LOW,2024,0.007501943247137281
RE1,SO_DEMINDELCBOI_LOW,2025,0.007956346447115965
RE1,SO_DEMINDELCBOI_LOW,2026,0.007938228381463873
RE1,SO_DEMINDELCBOI_LOW,2027,0.007914322911120049
RE1,SO_DEMINDELCBOI_LOW,2028,0.007892909525422877
RE1,SO_DEMINDELCBOI_LOW,2029,0.007872242840082193
RE1,SO_DEMINDELCBOI_LOW,2030,0.007841112829869238
RE1,SO_DEMINDELCBOI_LOW,2031,0.00776474703518814
RE1,SO_DEMINDELCBOI_LOW,2032,0.00773131524439848
RE1,SO_DEMINDELCBOI_LOW,2033,0.007699890565626943
RE1,SO_DEMINDELCBOI_LOW,2034,0.007662275876048386
RE1,SO_DEMINDELCBOI_LOW,2035,0.007604683622731903
RE1,SO_DEMINDELCBOI_LOW,2036,0.007525152942010106
RE1,SO_DEMINDELCBOI_LOW,2037,0.007426816666811093
RE1,SO_DEMINDELCBOI_LOW,2038,0.007305792808681051
RE1,SO_DEMINDELCBOI_LOW,2039,0.007158030041179109
RE1,SO_DEMINDELCBOI_LOW,2040,0.006979978781202067
RE1,SO_DEMINDELCBOI_LOW,2041,0.006768490833283281
RE1,SO_DEMINDELCBOI_LOW,2042,0.006523049666671105
RE1,SO_DEMINDELCBOI_LOW,2043,0.006238652340379508
RE1,SO_DEMINDELCBOI_LOW,2044,0.005913996893343815
RE1,SO_DEMINDELCBOI_LOW,2045,0.00554909342961811
RE1,SO_DEMINDELCBOI_LOW,2046,0.005147737913444312
RE1,SO_DEMINDELCBOI_LOW,2047,0.00471464298999166
RE1,SO_DEMINDELCBOI_LOW,2048,0.004255897931897592
RE1,SO_DEMINDELCBOI_LOW,2049,0.00377986588359787
RE1,SO_DEMINDELCBOI_LOW,2050,0.003297095602636164
RE1,SO_DEMINDELCBOI_LOW,2051,0.002818935285562798
RE1,SO_DEMINDELCBOI_LOW,2052,0.002357232179508841
RE1,SO_DEMINDELCBOI_LOW,2053,0.001923356788718189
RE1,SO_DEMINDELCBOI_LOW,2054,0.001527551232900649
RE1,SO_DEMINDELCBOI_LOW,2055,0.0
RE1,SO_DEMINDELCBOI_MID,2022,4.457707609384712e-05
RE1,SO_DEMINDELCBOI_MID,2023,6.689491094339454e-05
RE1,SO_DEMINDELCBOI_MID,2024,0.0001697747112842034
RE1,SO_DEMINDELCBOI_MID,2025,0.0001800582031131289
RE1,SO_DEMINDELCBOI_MID,2026,0.0001796481774352773
RE1,SO_DEMINDELCBOI_MID,2027,0.0001791071783644985
RE1,SO_DEMINDELCBOI_MID,2028,0.0001786225770745939
RE1,SO_DEMINDELCBOI_MID,2029,0.0001781548741846454
RE1,SO_DEMINDELCBOI_MID,2030,0.0001774503782531151
RE1,SO_DEMINDELCBOI_MID,2031,0.0001757221619341074
RE1,SO_DEMINDELCBOI_MID,2032,0.0001749655749483028
RE1,SO_DEMINDELCBOI_MID,2033,0.0001742544104420035
RE1,SO_DEMINDELCBOI_MID,2034,0.0001734031612585761
RE1,SO_DEMINDELCBOI_MID,2035,0.0001720998045339376
RE1,SO_DEMINDELCBOI_MID,2036,0.0001702999644241191
RE1,SO_DEMINDELCBOI_MID,2037,0.0001680745393334871
RE1,SO_DEMINDELCBOI_MID,2038,0.0001653356768953623
RE1,SO_DEMINDELCBOI_MID,2039,0.0001619916924949512
RE1,SO_DEMINDELCBOI_MID,2040,0.0001579622563527988
RE1,SO_DEMINDELCBOI_MID,2041,0.000153176122398546
RE1,SO_DEMINDELCBOI_MID,2042,0.0001476216011463704
RE1,SO_DEMINDELCBOI_MID,2043,0.0001411854722167653
RE1,SO_DEMINDELCBOI_MID,2044,0.0001338382712354247
RE1,SO_DEMINDELCBOI_MID,2045,0.0001255802268648174
RE1,SO_DEMINDELCBOI_MID,2046,0.0001164972446779379
RE1,SO_DEMINDELCBOI_MID,2047,0.0001066959754380131
RE1,SO_DEMINDELCBOI_MID,2048,9.631422404037421e-05
RE1,SO_DEMINDELCBOI_MID,2049,8.554125483763411e-05
RE1,SO_DEMINDELCBOI_MID,2050,7.461579427804602e-05
RE1,SO_DEMINDELCBOI_MID,2051,6.379466072579311e-05
RE1,SO_DEMINDELCBOI_MID,2052,5.334596644124996e-05
RE1,SO_DEMINDELCBOI_MID,2053,4.352703462876084e-05
RE1,SO_DEMINDELCBOI_MID,2054,3.456965228795886e-05
RE1,SO_DEMINDELCBOI_MID,2055,0.0
RE1,SO_DEMINDELCFUR_LOW,2022,1.58835072484369
RE1,SO_DEMINDELCFUR_LOW,2023,1.293410852231999
RE1,SO_DEMINDELCFUR_LOW,2024,1.270356043748633
RE1,SO_DEMINDELCFUR_LOW,2025,1.269200007920105
RE1,SO_DEMINDELCFUR_LOW,2026,1.267462028651987
RE1,SO_DEMINDELCFUR_LOW,2027,1.265290437164444
RE1,SO_DEMINDELCFUR_LOW,2028,1.263536510707945
RE1,SO_DEMINDELCFUR_LOW,2029,1.262353628049649
RE1,SO_DEMINDELCFUR_LOW,2030,1.259860632861035
RE1,SO_DEMINDELCFUR_LOW,2031,1.25094033050526
RE1,SO_DEMINDELCFUR_LOW,2032,1.247285244189423
RE1,SO_DEMINDELCFUR_LOW,2033,1.243669882523456
RE1,SO_DEMINDELCFUR_LOW,2034,1.239827696624547
RE1,SO_DEMINDELCFUR_LOW,2035,1.235137520098667
RE1,SO_DEMINDELCFUR_LOW,2036,1.228824334599035
RE1,SO_DEMINDELCFUR_LOW,2037,1.221108787844019
RE1,SO_DEMINDELCFUR_LOW,2038,1.211597702365482
RE1,SO_DEMINDELCFUR_LOW,2039,1.199897803055825
RE1,SO_DEMINDELCFUR_LOW,2040,1.185623231397113
RE1,SO_DEMINDELCFUR_LOW,2041,1.168426668411036
RE1,SO_DEMINDELCFUR_LOW,2042,1.148322186453347
RE1,SO_DEMINDELCFUR_LOW,2043,1.124580268731181
RE1,SO_DEMINDELCFUR_LOW,2044,1.096857371837933
RE1,SO_DEMINDELCFUR_LOW,2045,1.064738751496729
RE1,SO_DEMINDELCFUR_LOW,2046,1.028137164119044
RE1,SO_DEMINDELCFUR_LOW,2047,0.9869342633835431
RE1,SO_DEMINDELCFUR_LOW,2048,0.9410442568918221
RE1,SO_DEMINDELCFUR_LOW,2049,0.8905526548132545
RE1,SO_DEMINDELCFUR_LOW,2050,0.8357730906466976
RE1,SO_DEMINDELCFUR_LOW,2051,0.7771342314407018
RE1,SO_DEMINDELCFUR_LOW,2052,0.7152421484554174
RE1,SO_DEMINDELCFUR_LOW,2053,0.6508456867870924
RE1,SO_DEMINDELCFUR_LOW,2054,0.5849040421972423
RE1,SO_DEMINDELCFUR_LOW,2055,0.0
RE1,SO_DEMINDELCFUR_MID,2022,0.01094524347321394
RE1,SO_DEMINDELCFUR_MID,2023,0.01221381531610928
RE1,SO_DEMINDELCFUR_MID,2024,0.02874912851918303
RE1,SO_DEMINDELCFUR_MID,2025,0.02872296654453768
RE1,SO_DEMINDELCFUR_MID,2026,0.02868363474493025
RE1,SO_DEMINDELCFUR_MID,2027,0.02863448996927957
RE1,SO_DEMINDELCFUR_MID,2028,0.02859479727260667
RE1,SO_DEMINDELCFUR_MID,2029,0.02856802773367795
RE1,SO_DEMINDELCFUR_MID,2030,0.0285116093465432
RE1,SO_DEMINDELCFUR_MID,2031,0.02830973608422582
RE1,SO_DEMINDELCFUR_MID,2032,0.02822701868640668
RE1,SO_DEMINDELCFUR_MID,2033,0.02814520028778552
RE1,SO_DEMINDELCFUR_MID,2034,0.02805824868335469
RE1,SO_DEMINDELCFUR_MID,2035,0.02795210640270535
RE1,SO_DEMINDELCFUR_MID,2036,0.02780923418811045
RE1,SO_DEMINDELCFUR_MID,2037,0.02763462546613266
RE1,SO_DEMINDELCFUR_MID,2038,0.02741938233006465
RE1,SO_DEMINDELCFUR_MID,2039,0.0271546046635435
RE1,SO_DEMINDELCFUR_MID,2040,0.02683156019330064
RE1,SO_DEMINDELCFUR_MID,2041,0.02644238882531461
RE1,SO_DEMINDELCFUR_MID,2042,0.02598740902775514
RE1,SO_DEMINDELCFUR_MID,2043,0.02545011127784853
RE1,SO_DEMINDELCFUR_MID,2044,0.02482272092564759
RE1,SO_DEMINDELCFUR_MID,2045,0.02409585199107445
RE1,SO_DEMINDELCFUR_MID,2046,0.0232675300850188
RE1,SO_DEMINDELCFUR_MID,2047,0.0223350769397473
RE1,SO_DEMINDELCFUR_MID,2048,0.02129655100769162
RE1,SO_DEMINDELCFUR_MID,2049,0.02015388744936134
RE1,SO_DEMINDELCFUR_MID,2050,0.01891418403062372
RE1,SO_DEMINDELCFUR_MID,2051,0.01758714181452432
RE1,SO_DEMINDELCFUR_MID,2052,0.01618647665705139
RE1,SO_DEMINDELCFUR_MID,2053,0.01472913549526159
RE1,SO_DEMINDELCFUR_MID,2054,0.01323682566258998
RE1,SO_DEMINDELCFUR_MID,2055,0.0
RE1,SO_DEMINDELCILU_LOW,2022,0.2400389772364279
RE1,SO_DEMINDELCILU_LOW,2023,0.2200832092422377
RE1,SO_DEMINDELCILU_LOW,2024,0.2133181763721624
RE1,SO_DEMINDELCILU_LOW,2025,0.2030566618362634
RE1,SO_DEMINDELCILU_LOW,2026,0.1787895150942608
RE1,SO_DEMINDELCILU_LOW,2027,0.1352142259094798
RE1,SO_DEMINDELCILU_LOW,2028,0.07883483764429114
RE1,SO_DEMINDELCILU_LOW,2029,0.03045601688365805
RE1,SO_DEMINDELCILU_LOW,2030,0.006360793387459636
RE1,SO_DEMINDELCILU_LOW,2031,0.0005513873499330194
RE1,SO_DEMINDELCILU_LOW,2032,1.45427506940791e-05
RE1,SO_DEMINDELCILU_LOW,2033,7.82490210380308e-08
RE1,SO_DEMINDELCILU_LOW,2034,5.35005455867218e-11
RE1,SO_DEMINDELCILU_LOW,2035,2.658013064449398e-15
RE1,SO_DEMINDELCILU_LOW,2036,4.999630886213135e-21
RE1,SO_DEMINDELCILU_LOW,2037,1.67995622878837e-28
RE1,SO_DEMINDELCILU_LOW,2038,4.272923850900543e-38
RE1,SO_DEMINDELCILU_LOW,2039,3.109634356000966e-50
RE1,SO_DEMINDELCILU_LOW,2040,2.167874023581064e-65
RE1,SO_DEMINDELCILU_LOW,2041,4.262761716950234e-84
RE1,SO_DEMINDELCILU_LOW,2042,6.080599887134893e-107
RE1,SO_DEMINDELCILU_LOW,2043,1.401765197580687e-134
RE1,SO_DEMINDELCILU_LOW,2044,1.001860795906769e-167
RE1,SO_DEMINDELCILU_LOW,2045,3.639222002746609e-207
RE1,SO_DEMINDELCILU_LOW,2046,9.348677552186621e-254
RE1,SO_DEMINDELCILU_LOW,2047,0.0
RE1,SO_DEMINDELCILU_LOW,2048,0.0
RE1,SO_DEMINDELCILU_LOW,2049,0.0
RE1,SO_DEMINDELCILU_LOW,2050,0.0
RE1,SO_DEMINDELCILU_LOW,2051,0.0
RE1,SO_DEMINDELCILU_LOW,2052,0.0
RE1,SO_DEMINDELCILU_LOW,2053,0.0
RE1,SO_DEMINDELCILU_LOW,2054,0.0
RE1,SO_DEMINDELCILU_LOW,2055,0.0
RE1,SO_DEMINDELCILU_MID,2022,0.001654096294867441
RE1,SO_DEMINDELCILU_MID,2023,0.00207826899490029
RE1,SO_DEMINDELCILU_MID,2024,0.004827553423451536
RE1,SO_DEMINDELCILU_MID,2025,0.004595327504075814
RE1,SO_DEMINDELCILU_MID,2026,0.004046143419887087
RE1,SO_DEMINDELCILU_MID,2027,0.003060001310201717
RE1,SO_DEMINDELCILU_MID,2028,0.001784092648968512
RE1,SO_DEMINDELCILU_MID,2029,0.000689242947187448
RE1,SO_DEMINDELCILU_MID,2030,0.0001439496174949761
RE1,SO_DEMINDELCILU_MID,2031,1.247831729150476e-05
RE1,SO_DEMINDELCILU_MID,2032,3.291135668491747e-07
RE1,SO_DEMINDELCILU_MID,2033,1.770835171283474e-09
RE1,SO_DEMINDELCILU_MID,2034,1.21075825040387e-12
RE1,SO_DEMINDELCILU_MID,2035,6.015286782911062e-17
RE1,SO_DEMINDELCILU_MID,2036,1.131454694166509e-22
RE1,SO_DEMINDELCILU_MID,2037,3.801869386595023e-30
RE1,SO_DEMINDELCILU_MID,2038,9.669953360455646e-40
RE1,SO_DEMINDELCILU_MID,2039,7.037340294342578e-52
RE1,SO_DEMINDELCILU_MID,2040,4.906064659905906e-67
RE1,SO_DEMINDELCILU_MID,2041,9.646955674381394e-86
RE1,SO_DEMINDELCILU_MID,2042,1.376086243610309e-108
RE1,SO_DEMINDELCILU_MID,2043,3.172301813910946e-136
RE1,SO_DEMINDELCILU_MID,2044,2.267287578281003e-169
RE1,SO_DEMINDELCILU_MID,2045,8.235837628486398e-209
RE1,SO_DEMINDELCILU_MID,2046,2.115677205259128e-255
RE1,SO_DEMINDELCILU_MID,2047,0.0
RE1,SO_DEMINDELCILU_MID,2048,0.0
RE1,SO_DEMINDELCILU_MID,2049,0.0
RE1,SO_DEMINDELCILU_MID,2050,0.0
RE1,SO_DEMINDELCILU_MID,2051,0.0
RE1,SO_DEMINDELCILU_MID,2052,0.0
RE1,SO_DEMINDELCILU_MID,2053,0.0
RE1,SO_DEMINDELCILU_MID,2054,0.0
RE1,SO_DEMINDELCILU_MID,2055,0.0
RE1,SO_DEMINDELCMPW_LOW,2022,7.196221201901237
RE1,SO_DEMINDELCMPW_LOW,2023,6.758797297162204
RE1,SO_DEMINDELCMPW_LOW,2024,6.61045531230824
RE1,SO_DEMINDELCMPW_LOW,2025,6.708890367642224
RE1,SO_DEMINDELCMPW_LOW,2026,6.69873187171111
RE1,SO_DEMINDELCMPW_LOW,2027,6.685133540378946
RE1,SO_DEMINDELCMPW_LOW,2028,6.672644590971887
RE1,SO_DEMINDELCMPW_LOW,2029,6.662582407363024
RE1,SO_DEMINDELCMPW_LOW,2030,6.643331214398232
RE1,SO_DEMINDELCMPW_LOW,2031,6.579839435369581
RE1,SO_DEMINDELCMPW_LOW,2032,6.549232176828935
RE1,SO_DEMINDELCMPW_LOW,2033,6.517207876875639
RE1,SO_DEMINDELCMPW_LOW,2034,6.478417149590871
RE1,SO_DEMINDELCMPW_LOW,2035,6.428738560095256
RE1,SO_DEMINDELCMPW_LOW,2036,6.363295528702997
RE1,SO_DEMINDELCMPW_LOW,2037,6.281706643797514
RE1,SO_DEMINDELCMPW_LOW,2038,6.180472635588514
RE1,SO_DEMINDELCMPW_LOW,2039,6.05622090059707
RE1,SO_DEMINDELCMPW_LOW,2040,5.905755130597069
RE1,SO_DEMINDELCMPW_LOW,2041,5.726391349768872
RE1,SO_DEMINDELCMPW_LOW,2042,5.518145112194325
RE1,SO_DEMINDELCMPW_LOW,2043,5.277043396405944
RE1,SO_DEMINDELCMPW_LOW,2044,5.002247813180317
RE1,SO_DEMINDELCMPW_LOW,2045,4.693793447955357
RE1,SO_DEMINDELCMPW_LOW,2046,4.354548908948541
RE1,SO_DEMINDELCMPW_LOW,2047,3.988326553892958
RE1,SO_DEMINDELCMPW_LOW,2048,3.600332278684038
RE1,SO_DEMINDELCMPW_LOW,2049,3.197684122335287
RE1,SO_DEMINDELCMPW_LOW,2050,2.789283577326406
RE1,SO_DEMINDELCMPW_LOW,2051,2.384766098052222
RE1,SO_DEMINDELCMPW_LOW,2052,1.994179833291085
RE1,SO_DEMINDELCMPW_LOW,2053,1.627145355355865
RE1,SO_DEMINDELCMPW_LOW,2054,1.292327904192215
RE1,SO_DEMINDELCMPW_LOW,2055,0.0
RE1,SO_DEMINDELCMPW_MID,2022,0.04958879163773134
RE1,SO_DEMINDELCMPW_MID,2023,0.06382403688982699
RE1,SO_DEMINDELCMPW_MID,2024,0.1495996577330176
RE1,SO_DEMINDELCMPW_MID,2025,0.1518273182936262
RE1,SO_DEMINDELCMPW_MID,2026,0.1515974237640396
RE1,SO_DEMINDELCMPW_MID,2027,0.1512896831294052
RE1,SO_DEMINDELCMPW_MID,2028,0.1510070486559126
RE1,SO_DEMINDELCMPW_MID,2029,0.1507793337478139
RE1,SO_DEMINDELCMPW_MID,2030,0.1503436645325447
RE1,SO_DEMINDELCMPW_MID,2031,0.1489067970305648
RE1,SO_DEMINDELCMPW_MID,2032,0.1482141313690481
RE1,SO_DEMINDELCMPW_MID,2033,0.1474893969769658
RE1,SO_DEMINDELCMPW_MID,2034,0.1466115331611085
RE1,SO_DEMINDELCMPW_MID,2035,0.1454872686991183
RE1,SO_DEMINDELCMPW_MID,2036,0.1440062428643224
RE1,SO_DEMINDELCMPW_MID,2037,0.1421598240202296
RE1,SO_DEMINDELCMPW_MID,2038,0.1398688210161234
RE1,SO_DEMINDELCMPW_MID,2039,0.1370569092567558
RE1,SO_DEMINDELCMPW_MID,2040,0.1336517538432363
RE1,SO_DEMINDELCMPW_MID,2041,0.129592614350736
RE1,SO_DEMINDELCMPW_MID,2042,0.1248798427800191
RE1,SO_DEMINDELCMPW_MID,2043,0.1194235266177077
RE1,SO_DEMINDELCMPW_MID,2044,0.1132046924746864
RE1,SO_DEMINDELCMPW_MID,2045,0.1062241343612399
RE1,SO_DEMINDELCMPW_MID,2046,0.09854677107452037
RE1,SO_DEMINDELCMPW_MID,2047,0.09025887918476123
RE1,SO_DEMINDELCMPW_MID,2048,0.08147827209623727
RE1,SO_DEMINDELCMPW_MID,2049,0.07236603647391204
RE1,SO_DEMINDELCMPW_MID,2050,0.06312361989822651
RE1,SO_DEMINDELCMPW_MID,2051,0.05396908006891024
RE1,SO_DEMINDELCMPW_MID,2052,0.04512981427511717
RE1,SO_DEMINDELCMPW_MID,2053,0.03682354342368425
RE1,SO_DEMINDELCMPW_MID,2054,0.0292463685195802
RE1,SO_DEMINDELCMPW_MID,2055,0.0
RE1,SO_DEMINDELCOTH_LOW,2022,0.06583039245059949
RE1,SO_DEMINDELCOTH_LOW,2023,0.06053884743969885
RE1,SO_DEMINDELCOTH_LOW,2024,0.05911130612552077
RE1,SO_DEMINDELCOTH_LOW,2025,0.04309518705805591
RE1,SO_DEMINDELCOTH_LOW,2026,0.02193993007308248
RE1,SO_DEMINDELCOTH_LOW,2027,0.004938433443591353
RE1,SO_DEMINDELCOTH_LOW,2028,0.0002738831961784888
RE1,SO_DEMINDELCOTH_LOW,2029,1.655270098022977e-06
RE1,SO_DEMINDELCOTH_LOW,2030,3.676557278109374e-10
RE1,SO_DEMINDELCOTH_LOW,2031,7.418635062152418e-16
RE1,SO_DEMINDELCOTH_LOW,2032,2.42384247720843e-24
RE1,SO_DEMINDELCOTH_LOW,2033,1.527855043035659e-36
RE1,SO_DEMINDELCOTH_LOW,2034,1.460091406801043e-53
RE1,SO_DEMINDELCOTH_LOW,2035,1.047791570976282e-76
RE1,SO_DEMINDELCOTH_LOW,2036,1.696855192324902e-107
RE1,SO_DEMINDELCOTH_LOW,2037,1.090173946396474e-147
RE1,SO_DEMINDELCOTH_LOW,2038,2.743946087448284e-199
RE1,SO_DEMINDELCOTH_LOW,2039,1.445494674672657e-264
RE1,SO_DEMINDELCOTH_LOW,2040,0.0
RE1,SO_DEMINDELCOTH_LOW,2041,0.0
RE1,SO_DEMINDELCOTH_LOW,2042,0.0
RE1,SO_DEMINDELCOTH_LOW,2043,0.0
RE1,SO_DEMINDELCOTH_LOW,2044,0.0
RE1,SO_DEMINDELCOTH_LOW,2045,0.0
RE1,SO_DEMINDELCOTH_LOW,2046,0.0
RE1,SO_DEMINDELCOTH_LOW,2047,0.0
RE1,SO_DEMINDELCOTH_LOW,2048,0.0
RE1,SO_DEMINDELCOTH_LOW,2049,0.0
RE1,SO_DEMINDELCOTH_LOW,2050,0.0
RE1,SO_DEMINDELCOTH_LOW,2051,0.0
RE1,SO_DEMINDELCOTH_LOW,2052,0.0
RE1,SO_DEMINDELCOTH_LOW,2053,0.0
RE1,SO_DEMINDELCOTH_LOW,2054,0.0
RE1,SO_DEMINDELCOTH_LOW,2055,0.0
RE1,SO_DEMINDELCOTH_MID,2022,0.0004536338618663356
RE1,SO_DEMINDELCOTH_MID,2023,0.0005716747318167453
RE1,SO_DEMINDELCOTH_MID,2024,0.001337734051096962
RE1,SO_DEMINDELCOTH_MID,2025,0.0009752770314960895
RE1,SO_DEMINDELCOTH_MID,2026,0.0004965173917004212
RE1,SO_DEMINDELCOTH_MID,2027,0.0001117605245016903
RE1,SO_DEMINDELCOTH_MID,2028,6.198186126580128e-06
RE1,SO_DEMINDELCOTH_MID,2029,3.746002785297845e-08
RE1,SO_DEMINDELCOTH_MID,2030,8.320330211096214e-12
RE1,SO_DEMINDELCOTH_MID,2031,1.678893833648255e-17
RE1,SO_DEMINDELCOTH_MID,2032,5.485340840501286e-26
RE1,SO_DEMINDELCOTH_MID,2033,3.457652774359177e-38
RE1,SO_DEMINDELCOTH_MID,2034,3.304298484699764e-55
RE1,SO_DEMINDELCOTH_MID,2035,2.371232433895069e-78
RE1,SO_DEMINDELCOTH_MID,2036,3.840113033086372e-109
RE1,SO_DEMINDELCOTH_MID,2037,2.467146989810268e-149
RE1,SO_DEMINDELCOTH_MID,2038,6.209759783956236e-201
RE1,SO_DEMINDELCOTH_MID,2039,3.271264963901868e-266
RE1,SO_DEMINDELCOTH_MID,2040,0.0
RE1,SO_DEMINDELCOTH_MID,2041,0.0
RE1,SO_DEMINDELCOTH_MID,2042,0.0
RE1,SO_DEMINDELCOTH_MID,2043,0.0
RE1,SO_DEMINDELCOTH_MID,2044,0.0
RE1,SO_DEMINDELCOTH_MID,2045,0.0
RE1,SO_DEMINDELCOTH_MID,2046,0.0
RE1,SO_DEMINDELCOTH_MID,2047,0.0
RE1,SO_DEMINDELCOTH_MID,2048,0.0
RE1,SO_DEMINDELCOTH_MID,2049,0.0
RE1,SO_DEMINDELCOTH_MID,2050,0.0
RE1,SO_DEMINDELCOTH_MID,2051,0.0
RE1,SO_DEMINDELCOTH_MID,2052,0.0
RE1,SO_DEMINDELCOTH_MID,2053,0.0
RE1,SO_DEMINDELCOTH_MID,2054,0.0
RE1,SO_DEMINDELCOTH_MID,2055,0.0
RE1,SO_DEMINDELCREF_LOW,2022,0.1755495800463241
RE1,SO_DEMINDELCREF_LOW,2023,0.1702292813945492
RE1,SO_DEMINDELCREF_LOW,2024,0.1662135363861796
RE1,SO_DEMINDELCREF_LOW,2025,0.1734790823833731
RE1,SO_DEMINDELCREF_LOW,2026,0.1731112517597511
RE1,SO_DEMINDELCREF_LOW,2027,0.1725093545985327
RE1,SO_DEMINDELCREF_LOW,2028,0.1717282342712919
RE1,SO_DEMINDELCREF_LOW,2029,0.1706783385699573
RE1,SO_DEMINDELCREF_LOW,2030,0.1689211829587481
RE1,SO_DEMINDELCREF_LOW,2031,0.1653520626571039
RE1,SO_DEMINDELCREF_LOW,2032,0.1618909451550184
RE1,SO_DEMINDELCREF_LOW,2033,0.157371774356914
RE1,SO_DEMINDELCREF_LOW,2034,0.1513868899765979
RE1,SO_DEMINDELCREF_LOW,2035,0.1436036978605972
RE1,SO_DEMINDELCREF_LOW,2036,0.1338421911391401
RE1,SO_DEMINDELCREF_LOW,2037,0.1221482309663788
RE1,SO_DEMINDELCREF_LOW,2038,0.1086581580746735
RE1,SO_DEMINDELCREF_LOW,2039,0.09373046253228726
RE1,SO_DEMINDELCREF_LOW,2040,0.07795392617449862
RE1,SO_DEMINDELCREF_LOW,2041,0.06210857624805328
RE1,SO_DEMINDELCREF_LOW,2042,0.04708836288186202
RE1,SO_DEMINDELCREF_LOW,2043,0.03369059894086426
RE1,SO_DEMINDELCREF_LOW,2044,0.02254991607705004
RE1,SO_DEMINDELCREF_LOW,2045,0.01398444755566468
RE1,SO_DEMINDELCREF_LOW,2046,0.007954142124168275
RE1,SO_DEMINDELCREF_LOW,2047,0.004103145225268964
RE1,SO_DEMINDELCREF_LOW,2048,0.001896221226320852
RE1,SO_DEMINDELCREF_LOW,2049,0.0007747780134268968
RE1,SO_DEMINDELCREF_LOW,2050,0.0002759695363009571
RE1,SO_DEMINDELCREF_LOW,2051,8.439691484649871e-05
RE1,SO_DEMINDELCREF_LOW,2052,2.180152355769892e-05
RE1,SO_DEMINDELCREF_LOW,2053,4.674534574586598e-06
RE1,SO_DEMINDELCREF_LOW,2054,8.165874940917255e-07
RE1,SO_DEMINDELCREF_LOW,2055,0.0
RE1,SO_DEMINDELCREF_MID,2022,0.001209703162641592
RE1,SO_DEMINDELCREF_MID,2023,0.001607493087566953
RE1,SO_DEMINDELCREF_MID,2024,0.003761539406774149
RE1,SO_DEMINDELCREF_MID,2025,0.003925964267554901
RE1,SO_DEMINDELCREF_MID,2026,0.00391763997931788
RE1,SO_DEMINDELCREF_MID,2027,0.003904018586379774
RE1,SO_DEMINDELCREF_MID,2028,0.003886341236169727
RE1,SO_DEMINDELCREF_MID,2029,0.003862581293752058
RE1,SO_DEMINDELCREF_MID,2030,0.003822815518839231
RE1,SO_DEMINDELCREF_MID,2031,0.003742043597646485
RE1,SO_DEMINDELCREF_MID,2032,0.00366371586238116
RE1,SO_DEMINDELCREF_MID,2033,0.00356144357209358
RE1,SO_DEMINDELCREF_MID,2034,0.00342600106283103
RE1,SO_DEMINDELCREF_MID,2035,0.00324986147461597
RE1,SO_DEMINDELCREF_MID,2036,0.003028951114361433
RE1,SO_DEMINDELCREF_MID,2037,0.002764307855048968
RE1,SO_DEMINDELCREF_MID,2038,0.002459017191691035
RE1,SO_DEMINDELCREF_MID,2039,0.002121192028615558
RE1,SO_DEMINDELCREF_MID,2040,0.001764156948907326
RE1,SO_DEMINDELCREF_MID,2041,0.001405564565529061
RE1,SO_DEMINDELCREF_MID,2042,0.001065645653366489
RE1,SO_DEMINDELCREF_MID,2043,0.0007624440121377595
RE1,SO_DEMINDELCREF_MID,2044,0.0005103218413342566
RE1,SO_DEMINDELCREF_MID,2045,0.0003164787399768782
RE1,SO_DEMINDELCREF_MID,2046,0.0001800083175995104
RE1,SO_DEMINDELCREF_MID,2047,9.285731350247429e-05
RE1,SO_DEMINDELCREF_MID,2048,4.291293610524827e-05
RE1,SO_DEMINDELCREF_MID,2049,1.753381879942834e-05
RE1,SO_DEMINDELCREF_MID,2050,6.245401598660364e-06
RE1,SO_DEMINDELCREF_MID,2051,1.909966708533755e-06
RE1,SO_DEMINDELCREF_MID,2052,4.933851464387603e-07
RE1,SO_DEMINDELCREF_MID,2053,1.057882913325569e-07
RE1,SO_DEMINDELCREF_MID,2054,1.847999931226046e-08
RE1,SO_DEMINDELCREF_MID,2055,0.0
RE1,SO_DEMINDLPGBOI_LOW,2022,0.1056732716646972
RE1,SO_DEMINDLPGBOI_LOW,2023,0.1069805322232514
RE1,SO_DEMINDLPGBOI_LOW,2024,0.1052883162015359
RE1,SO_DEMINDLPGBOI_LOW,2025,0.1057695256631651
RE1,SO_DEMINDLPGBOI_LOW,2026,0.1057230973096036
RE1,SO_DEMINDLPGBOI_LOW,2027,0.1056007599483343
RE1,SO_DEMINDLPGBOI_LOW,2028,0.1054488087360427
RE1,SO_DEMINDLPGBOI_LOW,2029,0.1053077340475889
RE1,SO_DEMINDLPGBOI_LOW,2030,0.1050463948781855
RE1,SO_DEMINDLPGBOI_LOW,2031,0.1040977299737409
RE1,SO_DEMINDLPGBOI_LOW,2032,0.1036728066725851
RE1,SO_DEMINDLPGBOI_LOW,2033,0.1032791683215088
RE1,SO_DEMINDLPGBOI_LOW,2034,0.1027428153347116
RE1,SO_DEMINDLPGBOI_LOW,2035,0.1019996988952211
RE1,SO_DEMINDLPGBOI_LOW,2036,0.1010003846962977
RE1,SO_DEMINDLPGBOI_LOW,2037,0.09973553107316441
RE1,SO_DEMINDLPGBOI_LOW,2038,0.09815423489096387
RE1,SO_DEMINDLPGBOI_LOW,2039,0.09620710986280191
RE1,SO_DEMINDLPGBOI_LOW,2040,0.09384495227356514
RE1,SO_DEMINDLPGBOI_LOW,2041,0.09102380940049086
RE1,SO_DEMINDLPGBOI_LOW,2042,0.08774233507939264
RE1,SO_DEMINDLPGBOI_LOW,2043,0.08393730151944385
RE1,SO_DEMINDLPGBOI_LOW,2044,0.07958987063327985
RE1,SO_DEMINDLPGBOI_LOW,2045,0.07470330655145618
RE1,SO_DEMINDLPGBOI_LOW,2046,0.06932282543913772
RE1,SO_DEMINDLPGBOI_LOW,2047,0.06350925167060197
RE1,SO_DEMINDLPGBOI_LOW,2048,0.05734539268107375
RE1,SO_DEMINDLPGBOI_LOW,2049,0.05094452593625471
RE1,SO_DEMINDLPGBOI_LOW,2050,0.04444896154923177
RE1,SO_DEMINDLPGBOI_LOW,2051,0.03801205358064438
RE1,SO_DEMINDLPGBOI_LOW,2052,0.03179399411481525
RE1,SO_DEMINDLPGBOI_LOW,2053,0.02594849019332743
RE1,SO_DEMINDLPGBOI_LOW,2054,0.02061376094556328
RE1,SO_DEMINDLPGBOI_LOW,2055,0.0
RE1,SO_DEMINDLPGBOI_MID,2022,0.0007281891013680326
RE1,SO_DEMINDLPGBOI_MID,2023,0.001010228467419336
RE1,SO_DEMINDLPGBOI_MID,2024,0.002382755093693468
RE1,SO_DEMINDLPGBOI_MID,2025,0.002393645231718239
RE1,SO_DEMINDLPGBOI_MID,2026,0.002392594522580403
RE1,SO_DEMINDLPGBOI_MID,2027,0.002389825934561998
RE1,SO_DEMINDLPGBOI_MID,2028,0.002386387162453729
RE1,SO_DEMINDLPGBOI_MID,2029,0.002383194534395538
RE1,SO_DEMINDLPGBOI_MID,2030,0.002377280229185399
RE1,SO_DEMINDLPGBOI_MID,2031,0.00235581121709723
RE1,SO_DEMINDLPGBOI_MID,2032,0.00234619487791749
RE1,SO_DEMINDLPGBOI_MID,2033,0.002337286541076914
RE1,SO_DEMINDLPGBOI_MID,2034,0.002325148462917676
RE1,SO_DEMINDLPGBOI_MID,2035,0.002308331169743246
RE1,SO_DEMINDLPGBOI_MID,2036,0.002285715925397167
RE1,SO_DEMINDLPGBOI_MID,2037,0.002257091320863377
RE1,SO_DEMINDLPGBOI_MID,2038,0.002221305379282128
RE1,SO_DEMINDLPGBOI_MID,2039,0.002177240451222777
RE1,SO_DEMINDLPGBOI_MID,2040,0.002123783018993666
RE1,SO_DEMINDLPGBOI_MID,2041,0.002059938398874681
RE1,SO_DEMINDLPGBOI_MID,2042,0.00198567612614107
RE1,SO_DEMINDLPGBOI_MID,2043,0.001899565307545699
RE1,SO_DEMINDLPGBOI_MID,2044,0.001801179622768869
RE1,SO_DEMINDLPGBOI_MID,2045,0.001690592941580638
RE1,SO_DEMINDLPGBOI_MID,2046,0.001568828540368651
RE1,SO_DEMINDLPGBOI_MID,2047,0.001437262921226009
RE1,SO_DEMINDLPGBOI_MID,2048,0.001297770079722173
RE1,SO_DEMINDLPGBOI_MID,2049,0.001152913571512119
RE1,SO_DEMINDLPGBOI_MID,2050,0.001005913983258022
RE1,SO_DEMINDLPGBOI_MID,2051,0.0008602418345988153
RE1,SO_DEMINDLPGBOI_MID,2052,0.0007195223948773823
RE1,SO_DEMINDLPGBOI_MID,2053,0.0005872341719612759
RE1,SO_DEMINDLPGBOI_MID,2054,0.0004665051704236855
RE1,SO_DEMINDLPGBOI_MID,2055,0.0
RE1,SO_DEMINDLPGFUR_LOW,2022,0.8386597233255378
RE1,SO_DEMINDLPGFUR_LOW,2023,0.8580294010198408
RE1,SO_DEMINDLPGFUR_LOW,2024,0.846539979520181
RE1,SO_DEMINDLPGFUR_LOW,2025,0.8446284378694863
RE1,SO_DEMINDLPGFUR_LOW,2026,0.8445105318365357
RE1,SO_DEMINDLPGFUR_LOW,2027,0.8439549218799063
RE1,SO_DEMINDLPGFUR_LOW,2028,0.8432415449521845
RE1,SO_DEMINDLPGFUR_LOW,2029,0.842581337526325
RE1,SO_DEMINDLPGFUR_LOW,2030,0.8413251719373677
RE1,SO_DEMINDLPGFUR_LOW,2031,0.8361480605640172
RE1,SO_DEMINDLPGFUR_LOW,2032,0.8344745497953645
RE1,SO_DEMINDLPGFUR_LOW,2033,0.8333601940396763
RE1,SO_DEMINDLPGFUR_LOW,2034,0.831521592167065
RE1,SO_DEMINDLPGFUR_LOW,2035,0.8286412011481599
RE1,SO_DEMINDLPGFUR_LOW,2036,0.824815257367271
RE1,SO_DEMINDLPGFUR_LOW,2037,0.8199581994517477
RE1,SO_DEMINDLPGFUR_LOW,2038,0.8138516175021555
RE1,SO_DEMINDLPGFUR_LOW,2039,0.8062759378731632
RE1,SO_DEMINDLPGFUR_LOW,2040,0.7969945004282961
RE1,SO_DEMINDLPGFUR_LOW,2041,0.7857644045606068
RE1,SO_DEMINDLPGFUR_LOW,2042,0.7725759467852847
RE1,SO_DEMINDLPGFUR_LOW,2043,0.7569288939986895
RE1,SO_DEMINDLPGFUR_LOW,2044,0.7385280877270384
RE1,SO_DEMINDLPGFUR_LOW,2045,0.7171547909241912
RE1,SO_DEMINDLPGFUR_LOW,2046,0.6927472508222853
RE1,SO_DEMINDLPGFUR_LOW,2047,0.6652124648113209
RE1,SO_DEMINDLPGFUR_LOW,2048,0.6344947649704602
RE1,SO_DEMINDLPGFUR_LOW,2049,0.6006511254959657
RE1,SO_DEMINDLPGFUR_LOW,2050,0.563891988555127
RE1,SO_DEMINDLPGFUR_LOW,2051,0.5245015594357196
RE1,SO_DEMINDLPGFUR_LOW,2052,0.4828851315272412
RE1,SO_DEMINDLPGFUR_LOW,2053,0.4395504853671919
RE1,SO_DEMINDLPGFUR_LOW,2054,0.3951359851695656
RE1,SO_DEMINDLPGFUR_LOW,2055,0.0
RE1,SO_DEMINDLPGFUR_MID,2022,0.005779161188647167
RE1,SO_DEMINDLPGFUR_MID,2023,0.008102462277754595
RE1,SO_DEMINDLPGFUR_MID,2024,0.01915784695764231
RE1,SO_DEMINDLPGFUR_MID,2025,0.01911458730862027
RE1,SO_DEMINDLPGFUR_MID,2026,0.01911191900494968
RE1,SO_DEMINDLPGFUR_MID,2027,0.01909934512684026
RE1,SO_DEMINDLPGFUR_MID,2028,0.01908320086155446
RE1,SO_DEMINDLPGFUR_MID,2029,0.01906825986274648
RE1,SO_DEMINDLPGFUR_MID,2030,0.01903983187506852
RE1,SO_DEMINDLPGFUR_MID,2031,0.01892266988653547
RE1,SO_DEMINDLPGFUR_MID,2032,0.01888479705836025
RE1,SO_DEMINDLPGFUR_MID,2033,0.0188595783356297
RE1,SO_DEMINDLPGFUR_MID,2034,0.01881796936955171
RE1,SO_DEMINDLPGFUR_MID,2035,0.01875278391859447
RE1,SO_DEMINDLPGFUR_MID,2036,0.01866619988571234
RE1,SO_DEMINDLPGFUR_MID,2037,0.0185562809516264
RE1,SO_DEMINDLPGFUR_MID,2038,0.0184180843333274
RE1,SO_DEMINDLPGFUR_MID,2039,0.01824664091134676
RE1,SO_DEMINDLPGFUR_MID,2040,0.01803659488585783
RE1,SO_DEMINDLPGFUR_MID,2041,0.01778244923041604
RE1,SO_DEMINDLPGFUR_MID,2042,0.01748398434774131
RE1,SO_DEMINDLPGFUR_MID,2043,0.01712987958024569
RE1,SO_DEMINDLPGFUR_MID,2044,0.01671345526600442
RE1,SO_DEMINDLPGFUR_MID,2045,0.01622976121842819
RE1,SO_DEMINDLPGFUR_MID,2046,0.01567739992516727
RE1,SO_DEMINDLPGFUR_MID,2047,0.01505426666605236
RE1,SO_DEMINDLPGFUR_MID,2048,0.01435910163347403
RE1,SO_DEMINDLPGFUR_MID,2049,0.01359319419705327
RE1,SO_DEMINDLPGFUR_MID,2050,0.01276130682392913
RE1,SO_DEMINDLPGFUR_MID,2051,0.01186987129705278
RE1,SO_DEMINDLPGFUR_MID,2052,0.01092805971569512
RE1,SO_DEMINDLPGFUR_MID,2053,0.00994736354164276
RE1,SO_DEMINDLPGFUR_MID,2054,0.00894222944511896
RE1,SO_DEMINDLPGFUR_MID,2055,0.0
RE1,SO_DEMINDNGSBOI_LOW,2022,3.055711751385095
RE1,SO_DEMINDNGSBOI_LOW,2023,3.307744305498222
RE1,SO_DEMINDNGSBOI_LOW,2024,3.387474476022467
RE1,SO_DEMINDNGSBOI_LOW,2025,3.444726173437327
RE1,SO_DEMINDNGSBOI_LOW,2026,3.4424295063775
RE1,SO_DEMINDNGSBOI_LOW,2027,3.437026535277697
RE1,SO_DEMINDNGSBOI_LOW,2028,3.430991040218741
RE1,SO_DEMINDNGSBOI_LOW,2029,3.424739141229235
RE1,SO_DEMINDNGSBOI_LOW,2030,3.414566607658269
RE1,SO_DEMINDNGSBOI_LOW,2031,3.383969220077644
RE1,SO_DEMINDNGSBOI_LOW,2032,3.371390042094692
RE1,SO_DEMINDNGSBOI_LOW,2033,3.36077730732508
RE1,SO_DEMINDNGSBOI_LOW,2034,3.346248832143184
RE1,SO_DEMINDNGSBOI_LOW,2035,3.323109713759625
RE1,SO_DEMINDNGSBOI_LOW,2036,3.290536999828641
RE1,SO_DEMINDNGSBOI_LOW,2037,3.249372248418476
RE1,SO_DEMINDNGSBOI_LOW,2038,3.198025259715669
RE1,SO_DEMINDNGSBOI_LOW,2039,3.134857638752444
RE1,SO_DEMINDNGSBOI_LOW,2040,3.05832292370855
RE1,SO_DEMINDNGSBOI_LOW,2041,2.966992585470688
RE1,SO_DEMINDNGSBOI_LOW,2042,2.860655858007084
RE1,SO_DEMINDNGSBOI_LOW,2043,2.737178997723031
RE1,SO_DEMINDNGSBOI_LOW,2044,2.595862356863139
RE1,SO_DEMINDNGSBOI_LOW,2045,2.436772691940772
RE1,SO_DEMINDNGSBOI_LOW,2046,2.26149528853177
RE1,SO_DEMINDNGSBOI_LOW,2047,2.072076553224387
RE1,SO_DEMINDNGSBOI_LOW,2048,1.871194683967451
RE1,SO_DEMINDNGSBOI_LOW,2049,1.662528593223445
RE1,SO_DEMINDNGSBOI_LOW,2050,1.45073145542836
RE1,SO_DEMINDNGSBOI_LOW,2051,1.240797982134986
RE1,SO_DEMINDNGSBOI_LOW,2052,1.037951589569685
RE1,SO_DEMINDNGSBOI_LOW,2053,0.8472141878069901
RE1,SO_DEMINDNGSBOI_LOW,2054,0.6731053063794592
RE1,SO_DEMINDNGSBOI_LOW,2055,0.0
RE1,SO_DEMINDNGSBOI_MID,2022,0.02105675313376534
RE1,SO_DEMINDNGSBOI_MID,2023,0.03123537891347523
RE1,SO_DEMINDNGSBOI_MID,2024,0.07666113728183453
RE1,SO_DEMINDNGSBOI_MID,2025,0.07795678696604769
RE1,SO_DEMINDNGSBOI_MID,2026,0.07790481163456985
RE1,SO_DEMINDNGSBOI_MID,2027,0.07778253826774642
RE1,SO_DEMINDNGSBOI_MID,2028,0.07764595040013185
RE1,SO_DEMINDNGSBOI_MID,2029,0.07750446514611767
RE1,SO_DEMINDNGSBOI_MID,2030,0.07727425293400869
RE1,SO_DEMINDNGSBOI_MID,2031,0.07658181065986401
RE1,SO_DEMINDNGSBOI_MID,2032,0.0762971342447148
RE1,SO_DEMINDNGSBOI_MID,2033,0.07605695994292515
RE1,SO_DEMINDNGSBOI_MID,2034,0.07572816944183094
RE1,SO_DEMINDNGSBOI_MID,2035,0.07520451350182657
RE1,SO_DEMINDNGSBOI_MID,2036,0.07446736808214
RE1,SO_DEMINDNGSBOI_MID,2037,0.07353577828526792
RE1,SO_DEMINDNGSBOI_MID,2038,0.07237375667364629
RE1,SO_DEMINDNGSBOI_MID,2039,0.07094422511652153
RE1,SO_DEMINDNGSBOI_MID,2040,0.06921218600055591
RE1,SO_DEMINDNGSBOI_MID,2041,0.06714531061973532
RE1,SO_DEMINDNGSBOI_MID,2042,0.06473882917761968
RE1,SO_DEMINDNGSBOI_MID,2043,0.0619444534253098
RE1,SO_DEMINDNGSBOI_MID,2044,0.05874634979918644
RE1,SO_DEMINDNGSBOI_MID,2045,0.05514602905018552
RE1,SO_DEMINDNGSBOI_MID,2046,0.05117936740291653
RE1,SO_DEMINDNGSBOI_MID,2047,0.0468926766030493
RE1,SO_DEMINDNGSBOI_MID,2048,0.0423465663177786
RE1,SO_DEMINDNGSBOI_MID,2049,0.03762429314883862
RE1,SO_DEMINDNGSBOI_MID,2050,0.0328311619912945
RE1,SO_DEMINDNGSBOI_MID,2051,0.02808020698628656
RE1,SO_DEMINDNGSBOI_MID,2052,0.02348963803657372
RE1,SO_DEMINDNGSBOI_MID,2053,0.01917310480663792
RE1,SO_DEMINDNGSBOI_MID,2054,0.01523288770520164
RE1,SO_DEMINDNGSBOI_MID,2055,0.0
RE1,SO_DEMINDNGSFUR_LOW,2022,3.765192798851976
RE1,SO_DEMINDNGSFUR_LOW,2023,4.436185074679615
RE1,SO_DEMINDNGSFUR_LOW,2024,4.638526416262483
RE1,SO_DEMINDNGSFUR_LOW,2025,4.606200959606589
RE1,SO_DEMINDNGSFUR_LOW,2026,4.603556394731002
RE1,SO_DEMINDNGSFUR_LOW,2027,4.597623447053404
RE1,SO_DEMINDNGSFUR_LOW,2028,4.591485385054972
RE1,SO_DEMINDNGSFUR_LOW,2029,4.586039254357923
RE1,SO_DEMINDNGSFUR_LOW,2030,4.576580734003882
RE1,SO_DEMINDNGSFUR_LOW,2031,4.543767281750436
RE1,SO_DEMINDNGSFUR_LOW,2032,4.532844113460751
RE1,SO_DEMINDNGSFUR_LOW,2033,4.525525550100133
RE1,SO_DEMINDNGSFUR_LOW,2034,4.516821923474725
RE1,SO_DEMINDNGSFUR_LOW,2035,4.502247418351907
RE1,SO_DEMINDNGSFUR_LOW,2036,4.480337096317104
RE1,SO_DEMINDNGSFUR_LOW,2037,4.453010648162312
RE1,SO_DEMINDNGSFUR_LOW,2038,4.419085537259846
RE1,SO_DEMINDNGSFUR_LOW,2039,4.377287624163041
RE1,SO_DEMINDNGSFUR_LOW,2040,4.32633312331919
RE1,SO_DEMINDNGSFUR_LOW,2041,4.264925805060242
RE1,SO_DEMINDNGSFUR_LOW,2042,4.193041552944521
RE1,SO_DEMINDNGSFUR_LOW,2043,4.107881037201547
RE1,SO_DEMINDNGSFUR_LOW,2044,4.00785277306827
RE1,SO_DEMINDNGSFUR_LOW,2045,3.891473968851807
RE1,SO_DEMINDNGSFUR_LOW,2046,3.758551387052953
RE1,SO_DEMINDNGSFUR_LOW,2047,3.608750365869404
RE1,SO_DEMINDNGSFUR_LOW,2048,3.441717058203942
RE1,SO_DEMINDNGSFUR_LOW,2049,3.257735199095281
RE1,SO_DEMINDNGSFUR_LOW,2050,3.058017097478591
RE1,SO_DEMINDNGSFUR_LOW,2051,2.84409932405156
RE1,SO_DEMINDNGSFUR_LOW,2052,2.618174209594545
RE1,SO_DEMINDNGSFUR_LOW,2053,2.382968458707658
RE1,SO_DEMINDNGSFUR_LOW,2054,2.141960994613988
RE1,SO_DEMINDNGSFUR_LOW,2055,0.0
RE1,SO_DEMINDNGSFUR_MID,2022,0.02594575068493283
RE1,SO_DEMINDNGSFUR_MID,2023,0.04189136430757152
RE1,SO_DEMINDNGSFUR_MID,2024,0.104973399179689
RE1,SO_DEMINDNGSFUR_MID,2025,0.1042418493811779
RE1,SO_DEMINDNGSFUR_MID,2026,0.1041820008561446
RE1,SO_DEMINDNGSFUR_MID,2027,0.1040477337141727
RE1,SO_DEMINDNGSFUR_MID,2028,0.1039088246783005
RE1,SO_DEMINDNGSFUR_MID,2029,0.1037855745767937
RE1,SO_DEMINDNGSFUR_MID,2030,0.1035715210296817
RE1,SO_DEMINDNGSFUR_MID,2031,0.1028289275177016
RE1,SO_DEMINDNGSFUR_MID,2032,0.1025817278680111
RE1,SO_DEMINDNGSFUR_MID,2033,0.1024161031837617
RE1,SO_DEMINDNGSFUR_MID,2034,0.1022191334588817
RE1,SO_DEMINDNGSFUR_MID,2035,0.1018893012650323
RE1,SO_DEMINDNGSFUR_MID,2036,0.101393453925875
RE1,SO_DEMINDNGSFUR_MID,2037,0.1007750355117297
RE1,SO_DEMINDNGSFUR_MID,2038,0.100007284314605
RE1,SO_DEMINDNGSFUR_MID,2039,0.09906136558468132
RE1,SO_DEMINDNGSFUR_MID,2040,0.09790822627338393
RE1,SO_DEMINDNGSFUR_MID,2041,0.0965185317122943
RE1,SO_DEMINDNGSFUR_MID,2042,0.09489173612789896
RE1,SO_DEMINDNGSFUR_MID,2043,0.09296448854726781
RE1,SO_DEMINDNGSFUR_MID,2044,0.09070077245344539
RE1,SO_DEMINDNGSFUR_MID,2045,0.08806703113675514
RE1,SO_DEMINDNGSFUR_MID,2046,0.08505889148485055
RE1,SO_DEMINDNGSFUR_MID,2047,0.08166877984528031
RE1,SO_DEMINDNGSFUR_MID,2048,0.07788868838770087
RE1,SO_DEMINDNGSFUR_MID,2049,0.07372503825296767
RE1,SO_DEMINDNGSFUR_MID,2050,0.06920526491915288
RE1,SO_DEMINDNGSFUR_MID,2051,0.0643641421559285
RE1,SO_DEMINDNGSFUR_MID,2052,0.05925128408499774
RE1,SO_DEMINDNGSFUR_MID,2053,0.05392839811615981
RE1,SO_DEMINDNGSFUR_MID,2054,0.04847421494175966
RE1,SO_DEMINDNGSFUR_MID,2055,0.0
RE1,SO_DEMINDWASBOI_LOW,2022,0.4101916224768606
RE1,SO_DEMINDWASBOI_LOW,2023,0.4249860818090579
RE1,SO_DEMINDWASBOI_LOW,2024,0.4094818283006672
RE1,SO_DEMINDWASBOI_LOW,2025,0.4174543871574914
RE1,SO_DEMINDWASBOI_LOW,2026,0.4159714526419382
RE1,SO_DEMINDWASBOI_LOW,2027,0.4140309247931009
RE1,SO_DEMINDWASBOI_LOW,2028,0.4119682170321765
RE1,SO_DEMINDWASBOI_LOW,2029,0.4095162384385693
RE1,SO_DEMINDWASBOI_LOW,2030,0.40513249767687
RE1,SO_DEMINDWASBOI_LOW,2031,0.3958693386064361
RE1,SO_DEMINDWASBOI_LOW,2032,0.3871202389362202
RE1,SO_DEMINDWASBOI_LOW,2033,0.3755376773278459
RE1,SO_DEMINDWASBOI_LOW,2034,0.3608222293364334
RE1,SO_DEMINDWASBOI_LOW,2035,0.3421526695929548
RE1,SO_DEMINDWASBOI_LOW,2036,0.3187344925027127
RE1,SO_DEMINDWASBOI_LOW,2037,0.2907819909887066
RE1,SO_DEMINDWASBOI_LOW,2038,0.2585892170199331
RE1,SO_DEMINDWASBOI_LOW,2039,0.2229899075033818
RE1,SO_DEMINDWASBOI_LOW,2040,0.1853815421300869
RE1,SO_DEMINDWASBOI_LOW,2041,0.1476307830558836
RE1,SO_DEMINDWASBOI_LOW,2042,0.1118778313292156
RE1,SO_DEMINDWASBOI_LOW,2043,0.08000912359470409
RE1,SO_DEMINDWASBOI_LOW,2044,0.05353292490340719
RE1,SO_DEMINDWASBOI_LOW,2045,0.03318664413589534
RE1,SO_DEMINDWASBOI_LOW,2046,0.01886922415298567
RE1,SO_DEMINDWASBOI_LOW,2047,0.009730304230976743
RE1,SO_DEMINDWASBOI_LOW,2048,0.004495189275211978
RE1,SO_DEMINDWASBOI_LOW,2049,0.001836049638002251
RE1,SO_DEMINDWASBOI_LOW,2050,0.0006537553113899669
RE1,SO_DEMINDWASBOI_LOW,2051,0.0001998617459748882
RE1,SO_DEMINDWASBOI_LOW,2052,5.161120230852496e-05
RE1,SO_DEMINDWASBOI_LOW,2053,1.106237496018832e-05
RE1,SO_DEMINDWASBOI_LOW,2054,1.931865864032279e-06
RE1,SO_DEMINDWASBOI_LOW,2055,0.0
RE1,SO_DEMINDWASBOI_MID,2022,0.002826609456248223
RE1,SO_DEMINDWASBOI_MID,2023,0.0040131884668938
RE1,SO_DEMINDWASBOI_MID,2024,0.009266886843272511
RE1,SO_DEMINDWASBOI_MID,2025,0.009447311945612515
RE1,SO_DEMINDWASBOI_MID,2026,0.009413752003749783
RE1,SO_DEMINDWASBOI_MID,2027,0.009369836374902418
RE1,SO_DEMINDWASBOI_MID,2028,0.009323155721232018
RE1,SO_DEMINDWASBOI_MID,2029,0.009267665571001461
RE1,SO_DEMINDWASBOI_MID,2030,0.009168458165980593
RE1,SO_DEMINDWASBOI_MID,2031,0.008958825794079802
RE1,SO_DEMINDWASBOI_MID,2032,0.008760826979429414
RE1,SO_DEMINDWASBOI_MID,2033,0.00849870475479867
RE1,SO_DEMINDWASBOI_MID,2034,0.00816568291607533
RE1,SO_DEMINDWASBOI_MID,2035,0.007743176505291462
RE1,SO_DEMINDWASBOI_MID,2036,0.007213205253400779
RE1,SO_DEMINDWASBOI_MID,2037,0.006580618773088154
RE1,SO_DEMINDWASBOI_MID,2038,0.005852071685229052
RE1,SO_DEMINDWASBOI_MID,2039,0.005046432093461167
RE1,SO_DEMINDWASBOI_MID,2040,0.004195326031633993
RE1,SO_DEMINDWASBOI_MID,2041,0.003340997491488334
RE1,SO_DEMINDWASBOI_MID,2042,0.00253188085903855
RE1,SO_DEMINDWASBOI_MID,2043,0.001810667637825235
RE1,SO_DEMINDWASBOI_MID,2044,0.001211491019096026
RE1,SO_DEMINDWASBOI_MID,2045,0.0007510391296032861
RE1,SO_DEMINDWASBOI_MID,2046,0.0004270249690241941
RE1,SO_DEMINDWASBOI_MID,2047,0.0002202042240391411
RE1,SO_DEMINDWASBOI_MID,2048,0.000101729570089481
RE1,SO_DEMINDWASBOI_MID,2049,4.155120705748446e-05
RE1,SO_DEMINDWASBOI_MID,2050,1.479498252457455e-05
RE1,SO_DEMINDWASBOI_MID,2051,4.523024115463898e-06
RE1,SO_DEMINDWASBOI_MID,2052,1.168000967523195e-06
RE1,SO_DEMINDWASBOI_MID,2053,2.503500030742373e-07
RE1,SO_DEMINDWASBOI_MID,2054,4.371960150872177e-08
RE1,SO_DEMINDWASBOI_MID,2055,0.0
RE1,SO_DEMINDWASFUR_LOW,2022,0.1447817573048057
RE1,SO_DEMINDWASFUR_LOW,2023,0.1407972142545164
RE1,SO_DEMINDWASFUR_LOW,2024,0.1315477211058731
RE1,SO_DEMINDWASFUR_LOW,2025,0.1470703076350363
RE1,SO_DEMINDWASFUR_LOW,2026,0.1466102429469095
RE1,SO_DEMINDWASFUR_LOW,2027,0.1461046453537993
RE1,SO_DEMINDWASFUR_LOW,2028,0.1457049946549167
RE1,SO_DEMINDWASFUR_LOW,2029,0.1454106209861579
RE1,SO_DEMINDWASFUR_LOW,2030,0.1448695053146805
RE1,SO_DEMINDWASFUR_LOW,2031,0.1433052287759688
RE1,SO_DEMINDWASFUR_LOW,2032,0.1424923200558735
RE1,SO_DEMINDWASFUR_LOW,2033,0.1415714726435065
RE1,SO_DEMINDWASFUR_LOW,2034,0.1405891946470744
RE1,SO_DEMINDWASFUR_LOW,2035,0.1394288073350419
RE1,SO_DEMINDWASFUR_LOW,2036,0.1379122320981823
RE1,SO_DEMINDWASFUR_LOW,2037,0.1360634271733928
RE1,SO_DEMINDWASFUR_LOW,2038,0.1337992885956214
RE1,SO_DEMINDWASFUR_LOW,2039,0.1310397698155874
RE1,SO_DEMINDWASFUR_LOW,2040,0.1277132498763543
RE1,SO_DEMINDWASFUR_LOW,2041,0.1237640694103341
RE1,SO_DEMINDWASFUR_LOW,2042,0.1191966280608003
RE1,SO_DEMINDWASFUR_LOW,2043,0.1139243134184253
RE1,SO_DEMINDWASFUR_LOW,2044,0.1079379483875983
RE1,SO_DEMINDWASFUR_LOW,2045,0.1012313176547676
RE1,SO_DEMINDWASFUR_LOW,2046,0.09386841897066636
RE1,SO_DEMINDWASFUR_LOW,2047,0.08593307619566068
RE1,SO_DEMINDWASFUR_LOW,2048,0.0775372455805136
RE1,SO_DEMINDWASFUR_LOW,2049,0.06883429250266539
RE1,SO_DEMINDWASFUR_LOW,2050,0.06001572932580888
RE1,SO_DEMINDWASFUR_LOW,2051,0.05128901543001011
RE1,SO_DEMINDWASFUR_LOW,2052,0.04286996291981401
RE1,SO_DEMINDWASFUR_LOW,2053,0.03496440191810026
RE1,SO_DEMINDWASFUR_LOW,2054,0.02775824552868741
RE1,SO_DEMINDWASFUR_LOW,2055,0.0
RE1,SO_DEMINDWASFUR_MID,2022,0.000997683672374574
RE1,SO_DEMINDWASFUR_MID,2023,0.001329562968301794
RE1,SO_DEMINDWASFUR_MID,2024,0.002977025503274358
RE1,SO_DEMINDWASFUR_MID,2025,0.003328313504203767
RE1,SO_DEMINDWASFUR_MID,2026,0.003317901888569567
RE1,SO_DEMINDWASFUR_MID,2027,0.003306459828483464
RE1,SO_DEMINDWASFUR_MID,2028,0.0032974154276153
RE1,SO_DEMINDWASFUR_MID,2029,0.003290753526428261
RE1,SO_DEMINDWASFUR_MID,2030,0.003278507665073408
RE1,SO_DEMINDWASFUR_MID,2031,0.003243106891036655
RE1,SO_DEMINDWASFUR_MID,2032,0.003224710145192538
RE1,SO_DEMINDWASFUR_MID,2033,0.003203870664217913
RE1,SO_DEMINDWASFUR_MID,2034,0.00318164096215922
RE1,SO_DEMINDWASFUR_MID,2035,0.003155380510115234
RE1,SO_DEMINDWASFUR_MID,2036,0.003121059253009368
RE1,SO_DEMINDWASFUR_MID,2037,0.003079219384059851
RE1,SO_DEMINDWASFUR_MID,2038,0.003027980197000518
RE1,SO_DEMINDWASFUR_MID,2039,0.002965530177221655
RE1,SO_DEMINDWASFUR_MID,2040,0.002890248487710083
RE1,SO_DEMINDWASFUR_MID,2041,0.002800875514422975
RE1,SO_DEMINDWASFUR_MID,2042,0.002697510824651355
RE1,SO_DEMINDWASFUR_MID,2043,0.002578194313352732
RE1,SO_DEMINDWASFUR_MID,2044,0.002442718295837092
RE1,SO_DEMINDWASFUR_MID,2045,0.002290942114806851
RE1,SO_DEMINDWASFUR_MID,2046,0.002124314088290503
RE1,SO_DEMINDWASFUR_MID,2047,0.001944731214335561
RE1,SO_DEMINDWASFUR_MID,2048,0.001754727148492809
RE1,SO_DEMINDWASFUR_MID,2049,0.001557772666509026
RE1,SO_DEMINDWASFUR_MID,2050,0.001358201839595127
RE1,SO_DEMINDWASFUR_MID,2051,0.001160709632134821
RE1,SO_DEMINDWASFUR_MID,2052,0.0009701800370528373
RE1,SO_DEMINDWASFUR_MID,2053,0.0007912711473971103
RE1,SO_DEMINDWASFUR_MID,2054,0.0006281903188466895
RE1,SO_DEMINDWASFUR_MID,2055,0.0
RE1,SO_PWRAFR,2022,2.558
RE1,SO_PWRAFR,2023,2.623
RE1,SO_PWRAFR,2024,2.735
RE1,SO_PWRAFR,2025,2.553
RE1,SO_PWRAFR,2026,2.371
RE1,SO_PWRAFR,2027,2.189
RE1,SO_PWRAFR,2028,2.007
RE1,SO_PWRAFR,2029,1.825
RE1,SO_PWRAFR,2030,1.643
RE1,SO_PWRAFR,2031,1.461
RE1,SO_PWRAFR,2032,1.279
RE1,SO_PWRAFR,2033,1.097
RE1,SO_PWRAFR,2034,0.915
RE1,SO_PWRAFR,2035,0.733
RE1,SO_PWRAFR,2036,0.551
RE1,SO_PWRAFR,2037,0.369
RE1,SO_PWRAFR,2038,0.187
RE1,SO_PWRAFR,2039,0.005
RE1,SO_PWRAFR,2040,0.0
RE1,SO_PWRAFR,2041,0.0
RE1,SO_PWRAFR,2042,0.0
RE1,SO_PWRAFR,2043,0.0
RE1,SO_PWRAFR,2044,0.0
RE1,SO_PWRAFR,2045,0.0
RE1,SO_PWRAFR,2046,0.0
RE1,SO_PWRAFR,2047,0.0
RE1,SO_PWRAFR,2048,0.0
RE1,SO_PWRAFR,2049,0.0
RE1,SO_PWRAFR,2050,0.0
RE1,SO_PWRAFR,2051,0.0
RE1,SO_PWRAFR,2052,0.0
RE1,SO_PWRAFR,2053,0.0
RE1,SO_PWRAFR,2054,0.0
RE1,SO_PWRAFR,2055,0.0
RE1,SO_PWRCOA,2022,0.046
RE1,SO_PWRCOA,2023,0.239
RE1,SO_PWRCOA,2024,0.229
RE1,SO_PWRCOA,2025,0.214
RE1,SO_PWRCOA,2026,0.199
RE1,SO_PWRCOA,2027,0.184
RE1,SO_PWRCOA,2028,0.169
RE1,SO_PWRCOA,2029,0.154
RE1,SO_PWRCOA,2030,0.139
RE1,SO_PWRCOA,2031,0.124
RE1,SO_PWRCOA,2032,0.109
RE1,SO_PWRCOA,2033,0.094
RE1,SO_PWRCOA,2034,0.079
RE1,SO_PWRCOA,2035,0.064
RE1,SO_PWRCOA,2036,0.049
RE1,SO_PWRCOA,2037,0.034
RE1,SO_PWRCOA,2038,0.019
RE1,SO_PWRCOA,2039,0.004
RE1,SO_PWRCOA,2040,0.0
RE1,SO_PWRCOA,2041,0.0
RE1,SO_PWRCOA,2042,0.0
RE1,SO_PWRCOA,2043,0.0
RE1,SO_PWRCOA,2044,0.0
RE1,SO_PWRCOA,2045,0.0
RE1,SO_PWRCOA,2046,0.0
RE1,SO_PWRCOA,2047,0.0
RE1,SO_PWRCOA,2048,0.0
RE1,SO_PWRCOA,2049,0.0
RE1,SO_PWRCOA,2050,0.0
RE1,SO_PWRCOA,2051,0.0
RE1,SO_PWRCOA,2052,0.0
RE1,SO_PWRCOA,2053,0.0
RE1,SO_PWRCOA,2054,0.0
RE1,SO_PWRCOA,2055,0.0
RE1,SO_PWRDSL,2022,0.058
RE1,SO_PWRDSL,2023,2.906
RE1,SO_PWRDSL,2024,4.44
RE1,SO_PWRDSL,2025,4.144
RE1,SO_PWRDSL,2026,3.848
RE1,SO_PWRDSL,2027,3.552
RE1,SO_PWRDSL,2028,3.256
RE1,SO_PWRDSL,2029,2.96
RE1,SO_PWRDSL,2030,2.664
RE1,SO_PWRDSL,2031,2.368
RE1,SO_PWRDSL,2032,2.072
RE1,SO_PWRDSL,2033,1.776
RE1,SO_PWRDSL,2034,1.48
RE1,SO_PWRDSL,2035,1.184
RE1,SO_PWRDSL,2036,0.888
RE1,SO_PWRDSL,2037,0.592
RE1,SO_PWRDSL,2038,0.296
RE1,SO_PWRDSL,2039,0.0
RE1,SO_PWRDSL,2040,0.0
RE1,SO_PWRDSL,2041,0.0
RE1,SO_PWRDSL,2042,0.0
RE1,SO_PWRDSL,2043,0.0
RE1,SO_PWRDSL,2044,0.0
RE1,SO_PWRDSL,2045,0.0
RE1,SO_PWRDSL,2046,0.0
RE1,SO_PWRDSL,2047,0.0
RE1,SO_PWRDSL,2048,0.0
RE1,SO_PWRDSL,2049,0.0
RE1,SO_PWRDSL,2050,0.0
RE1,SO_PWRDSL,2051,0.0
RE1,SO_PWRDSL,2052,0.0
RE1,SO_PWRDSL,2053,0.0
RE1,SO_PWRDSL,2054,0.0
RE1,SO_PWRDSL,2055,0.0
RE1,SO_PWRHYDDAM,2022,41.113
RE1,SO_PWRHYDDAM,2023,32.55
RE1,SO_PWRHYDDAM,2024,27.881
RE1,SO_PWRHYDDAM,2025,27.881
RE1,SO_PWRHYDDAM,2026,27.881
RE1,SO_PWRHYDDAM,2027,27.881
RE1,SO_PWRHYDDAM,2028,27.881
RE1,SO_PWRHYDDAM,2029,27.881
RE1,SO_PWRHYDDAM,2030,27.881
RE1,SO_PWRHYDDAM,2031,27.881
RE1,SO_PWRHYDDAM,2032,27.881
RE1,SO_PWRHYDDAM,2033,27.881
RE1,SO_PWRHYDDAM,2034,27.881
RE1,SO_PWRHYDDAM,2035,27.881
RE1,SO_PWRHYDDAM,2036,27.881
RE1,SO_PWRHYDDAM,2037,27.881
RE1,SO_PWRHYDDAM,2038,27.881
RE1,SO_PWRHYDDAM,2039,27.881
RE1,SO_PWRHYDDAM,2040,27.881
RE1,SO_PWRHYDDAM,2041,27.881
RE1,SO_PWRHYDDAM,2042,27.881
RE1,SO_PWRHYDDAM,2043,27.881
RE1,SO_PWRHYDDAM,2044,27.881
RE1,SO_PWRHYDDAM,2045,27.881
RE1,SO_PWRHYDDAM,2046,27.881
RE1,SO_PWRHYDDAM,2047,27.881
RE1,SO_PWRHYDDAM,2048,27.881
RE1,SO_PWRHYDDAM,2049,27.881
RE1,SO_PWRHYDDAM,2050,27.881
RE1,SO_PWRHYDDAM,2051,27.881
RE1,SO_PWRHYDDAM,2052,27.881
RE1,SO_PWRHYDDAM,2053,27.881
RE1,SO_PWRHYDDAM,2054,27.881
RE1,SO_PWRHYDDAM,2055,27.881
RE1,SO_PWRHYDROR,2022,5.225
RE1,SO_PWRHYDROR,2023,4.898
RE1,SO_PWRHYDROR,2024,4.413
RE1,SO_PWRHYDROR,2025,4.413
RE1,SO_PWRHYDROR,2026,4.413
RE1,SO_PWRHYDROR,2027,4.413
RE1,SO_PWRHYDROR,2028,4.413
RE1,SO_PWRHYDROR,2029,4.413
RE1,SO_PWRHYDROR,2030,4.413
RE1,SO_PWRHYDROR,2031,4.413
RE1,SO_PWRHYDROR,2032,4.413
RE1,SO_PWRHYDROR,2033,4.413
RE1,SO_PWRHYDROR,2034,4.413
RE1,SO_PWRHYDROR,2035,4.413
RE1,SO_PWRHYDROR,2036,4.413
RE1,SO_PWRHYDROR,2037,4.413
RE1,SO_PWRHYDROR,2038,4.413
RE1,SO_PWRHYDROR,2039,4.413
RE1,SO_PWRHYDROR,2040,4.413
RE1,SO_PWRHYDROR,2041,4.413
RE1,SO_PWRHYDROR,2042,4.413
RE1,SO_PWRHYDROR,2043,4.413
RE1,SO_PWRHYDROR,2044,4.413
RE1,SO_PWRHYDROR,2045,4.413
RE1,SO_PWRHYDROR,2046,4.413
RE1,SO_PWRHYDROR,2047,4.413
RE1,SO_PWRHYDROR,2048,4.413
RE1,SO_PWRHYDROR,2049,4.413
RE1,SO_PWRHYDROR,2050,4.413
RE1,SO_PWRHYDROR,2051,4.413
RE1,SO_PWRHYDROR,2052,4.413
RE1,SO_PWRHYDROR,2053,4.413
RE1,SO_PWRHYDROR,2054,4.413
RE1,SO_PWRHYDROR,2055,4.413
RE1,SO_PWRJET,2022,0.015
RE1,SO_PWRJET,2023,0.096
RE1,SO_PWRJET,2024,0.075
RE1,SO_PWRJET,2025,0.07
RE1,SO_PWRJET,2026,0.065
RE1,SO_PWRJET,2027,0.06
RE1,SO_PWRJET,2028,0.055
RE1,SO_PWRJET,2029,0.05
RE1,SO_PWRJET,2030,0.045
RE1,SO_PWRJET,2031,0.04
RE1,SO_PWRJET,2032,0.035
RE1,SO_PWRJET,2033,0.03
RE1,SO_PWRJET,2034,0.025
RE1,SO_PWRJET,2035,0.02
RE1,SO_PWRJET,2036,0.015
RE1,SO_PWRJET,2037,0.01
RE1,SO_PWRJET,2038,0.005
RE1,SO_PWRJET,2039,0.0
RE1,SO_PWRJET,2040,0.0
RE1,SO_PWRJET,2041,0.0
RE1,SO_PWRJET,2042,0.0
RE1,SO_PWRJET,2043,0.0
RE1,SO_PWRJET,2044,0.0
RE1,SO_PWRJET,2045,0.0
RE1,SO_PWRJET,2046,0.0
RE1,SO_PWRJET,2047,0.0
RE1,SO_PWRJET,2048,0.0
RE1,SO_PWRJET,2049,0.0
RE1,SO_PWRJET,2050,0.0
RE1,SO_PWRJET,2051,0.0
RE1,SO_PWRJET,2052,0.0
RE1,SO_PWRJET,2053,0.0
RE1,SO_PWRJET,2054,0.0
RE1,SO_PWRJET,2055,0.0
RE1,SO_PWRNGS_CS,2022,0.034
RE1,SO_PWRNGS_CS,2023,0.059
RE1,SO_PWRNGS_CS,2024,0.045
RE1,SO_PWRNGS_CS,2025,0.042
RE1,SO_PWRNGS_CS,2026,0.039
RE1,SO_PWRNGS_CS,2027,0.036
RE1,SO_PWRNGS_CS,2028,0.033
RE1,SO_PWRNGS_CS,2029,0.03
RE1,SO_PWRNGS_CS,2030,0.027
RE1,SO_PWRNGS_CS,2031,0.024
RE1,SO_PWRNGS_CS,2032,0.021
RE1,SO_PWRNGS_CS,2033,0.018
RE1,SO_PWRNGS_CS,2034,0.015
RE1,SO_PWRNGS_CS,2035,0.012
RE1,SO_PWRNGS_CS,2036,0.009
RE1,SO_PWRNGS_CS,2037,0.006
RE1,SO_PWRNGS_CS,2038,0.003
RE1,SO_PWRNGS_CS,2039,0.0
RE1,SO_PWRNGS_CS,2040,0.0
RE1,SO_PWRNGS_CS,2041,0.0
RE1,SO_PWRNGS_CS,2042,0.0
RE1,SO_PWRNGS_CS,2043,0.0
RE1,SO_PWRNGS_CS,2044,0.0
RE1,SO_PWRNGS_CS,2045,0.0
RE1,SO_PWRNGS_CS,2046,0.0
RE1,SO_PWRNGS_CS,2047,0.0
RE1,SO_PWRNGS_CS,2048,0.0
RE1,SO_PWRNGS_CS,2049,0.0
RE1,SO_PWRNGS_CS,2050,0.0
RE1,SO_PWRNGS_CS,2051,0.0
RE1,SO_PWRNGS_CS,2052,0.0
RE1,SO_PWRNGS_CS,2053,0.0
RE1,SO_PWRNGS_CS,2054,0.0
RE1,SO_PWRNGS_CS,2055,0.0
RE1,SO_PWRSOLRTP,2022,0.0
RE1,SO_PWRSOLRTP,2023,0.0
RE1,SO_PWRSOLRTP,2024,0.041
RE1,SO_PWRSOLRTP,2025,0.041
RE1,SO_PWRSOLRTP,2026,0.041
RE1,SO_PWRSOLRTP,2027,0.041
RE1,SO_PWRSOLRTP,2028,0.041
RE1,SO_PWRSOLRTP,2029,0.041
RE1,SO_PWRSOLRTP,2030,0.041
RE1,SO_PWRSOLRTP,2031,0.041
RE1,SO_PWRSOLRTP,2032,0.041
RE1,SO_PWRSOLRTP,2033,0.041
RE1,SO_PWRSOLRTP,2034,0.041
RE1,SO_PWRSOLRTP,2035,0.041
RE1,SO_PWRSOLRTP,2036,0.041
RE1,SO_PWRSOLRTP,2037,0.041
RE1,SO_PWRSOLRTP,2038,0.041
RE1,SO_PWRSOLRTP,2039,0.041
RE1,SO_PWRSOLRTP,2040,0.041
RE1,SO_PWRSOLRTP,2041,0.041
RE1,SO_PWRSOLRTP,2042,0.041
RE1,SO_PWRSOLRTP,2043,0.041
RE1,SO_PWRSOLRTP,2044,0.041
RE1,SO_PWRSOLRTP,2045,0.041
RE1,SO_PWRSOLRTP,2046,0.041
RE1,SO_PWRSOLRTP,2047,0.041
RE1,SO_PWRSOLRTP,2048,0.041
RE1,SO_PWRSOLRTP,2049,0.041
RE1,SO_PWRSOLRTP,2050,0.041
RE1,SO_PWRSOLRTP,2051,0.041
RE1,SO_PWRSOLRTP,2052,0.041
RE1,SO_PWRSOLRTP,2053,0.041
RE1,SO_PWRSOLRTP,2054,0.041
RE1,SO_PWRSOLRTP,2055,0.041
RE1,SO_PWRSOLUGE,2022,0.12
RE1,SO_PWRSOLUGE,2023,0.844
RE1,SO_PWRSOLUGE,2024,2.296
RE1,SO_PWRSOLUGE,2025,2.143
RE1,SO_PWRSOLUGE,2026,1.99
RE1,SO_PWRSOLUGE,2027,1.837
RE1,SO_PWRSOLUGE,2028,1.684
RE1,SO_PWRSOLUGE,2029,1.531
RE1,SO_PWRSOLUGE,2030,1.378
RE1,SO_PWRSOLUGE,2031,1.225
RE1,SO_PWRSOLUGE,2032,1.072
RE1,SO_PWRSOLUGE,2033,0.919
RE1,SO_PWRSOLUGE,2034,0.766
RE1,SO_PWRSOLUGE,2035,0.613
RE1,SO_PWRSOLUGE,2036,0.46
RE1,SO_PWRSOLUGE,2037,0.307
RE1,SO_PWRSOLUGE,2038,0.154
RE1,SO_PWRSOLUGE,2039,0.001
RE1,SO_PWRSOLUGE,2040,0.0
RE1,SO_PWRSOLUGE,2041,0.0
RE1,SO_PWRSOLUGE,2042,0.0
RE1,SO_PWRSOLUGE,2043,0.0
RE1,SO_PWRSOLUGE,2044,0.0
RE1,SO_PWRSOLUGE,2045,0.0
RE1,SO_PWRSOLUGE,2046,0.0
RE1,SO_PWRSOLUGE,2047,0.0
RE1,SO_PWRSOLUGE,2048,0.0
RE1,SO_PWRSOLUGE,2049,0.0
RE1,SO_PWRSOLUGE,2050,0.0
RE1,SO_PWRSOLUGE,2051,0.0
RE1,SO_PWRSOLUGE,2052,0.0
RE1,SO_PWRSOLUGE,2053,0.0
RE1,SO_PWRSOLUGE,2054,0.0
RE1,SO_PWRSOLUGE,2055,0.0
