REGION,FUEL,YEAR,VALUE
RE1,AN_AGFELC,2022,0.4537857
RE1,AN_AGFHEA,2022,5.7577374
RE1,AN_INDCLIM,2022,0.085546881
RE1,AN_INDDHT,2022,8.29509926
RE1,AN_INDIHT,2022,12.92590791
RE1,AN_INDILU,2022,0.249301743
RE1,AN_INDMPW,2022,4.517512754
RE1,AN_INDREF,2022,0.269609298
RE1,AN_RESCLIM_RUR,2022,0.0257434
RE1,AN_RESCLIM_URB,2022,0.101094847
RE1,AN_RESDHT_RUR,2022,1.190000938
RE1,AN_RESDHT_URB,2022,4.835726504
RE1,AN_RESILU_RUR,2022,0.03717434
RE1,AN_RESILU_URB,2022,0.159296108
RE1,AN_RESOTH_RUR,2022,0.19233376
RE1,AN_RESOTH_URB,2022,0.828673231
RE1,AN_RESREF_RUR,2022,0.080297926
RE1,AN_RESREF_URB,2022,1.145408648
RE1,AN_RESTV_RUR,2022,0.090260359
RE1,AN_RESTV_URB,2022,0.280669183
RE1,AN_RESWHT_RUR,2022,0.068023517
RE1,AN_RESWHT_URB,2022,1.519028576
RE1,AN_RESWSH_RUR,2022,0.063428631
RE1,AN_RESWSH_URB,2022,0.280197488
RE1,AN_TERCLIM_CEN,2022,2.926
RE1,AN_TERCLIM_FAN,2022,0.082
RE1,AN_TERCLIM_SPL,2022,0.322
RE1,AN_TERDHT,2022,2.88
RE1,AN_TERIHT,2022,0.251
RE1,AN_TERILU,2022,0.333
RE1,AN_TERMPW,2022,0.292
RE1,AN_TEROTH,2022,1.432
RE1,AN_TERREF_AUC,2022,0.227
RE1,AN_TERREF_CEN,2022,0.36
RE1,AN_TRAAVI,2022,13.177828
RE1,AN_TRABUS,2022,2.51545045
RE1,AN_TRAFWD,2022,2.78171436
RE1,AN_TRAMET,2022,0.123
RE1,AN_TRAMIC,2022,0.405500725
RE1,AN_TRAMRT,2022,0.850053
RE1,AN_TRAMTC,2022,2.84159483
RE1,AN_TRASTT,2022,7.065804059
RE1,AN_TRATAX,2022,1.668801645
RE1,AN_TRATCK,2022,3.486250567
RE1,CA_AGFELC,2022,0.4149926
RE1,CA_AGFHEA,2022,5.2602378
RE1,CA_INDCLIM,2022,0.109894488
RE1,CA_INDDHT,2022,8.948741413
RE1,CA_INDIHT,2022,14.48645029
RE1,CA_INDILU,2022,0.209612234
RE1,CA_INDMPW,2022,4.659890551
RE1,CA_INDREF,2022,0.448683879
RE1,CA_RESCLIM_RUR,2022,0.036544262
RE1,CA_RESCLIM_URB,2022,1.689174791
RE1,CA_RESDHT_RUR,2022,7.218916762
RE1,CA_RESDHT_URB,2022,8.873398116
RE1,CA_RESILU_RUR,2022,0.009900885
RE1,CA_RESILU_URB,2022,0.26122357
RE1,CA_RESOTH_RUR,2022,0.089742623
RE1,CA_RESOTH_URB,2022,1.469716895
RE1,CA_RESREF_RUR,2022,0.025740121
RE1,CA_RESREF_URB,2022,1.83848359
RE1,CA_RESTV_RUR,2022,0.031671472
RE1,CA_RESTV_URB,2022,0.47911379
RE1,CA_RESWHT_RUR,2022,0.000572177
RE1,CA_RESWHT_URB,2022,0.056422103
RE1,CA_RESWSH_RUR,2022,0.020670731
RE1,CA_RESWSH_URB,2022,0.410082933
RE1,CA_TERCLIM_CEN,2022,3.556
RE1,CA_TERCLIM_FAN,2022,0.1
RE1,CA_TERCLIM_SPL,2022,0.391
RE1,CA_TERDHT,2022,2.724
RE1,CA_TERIHT,2022,0.305
RE1,CA_TERILU,2022,0.404
RE1,CA_TERMPW,2022,0.355
RE1,CA_TEROTH,2022,1.74
RE1,CA_TERREF_AUC,2022,0.276
RE1,CA_TERREF_CEN,2022,0.438
RE1,CA_TRAAVI,2022,15.524564
RE1,CA_TRABUS,2022,2.808027666
RE1,CA_TRAFWD,2022,1.734695316
RE1,CA_TRAMIC,2022,0.318522898
RE1,CA_TRAMRT,2022,4.218463
RE1,CA_TRAMTC,2022,3.176607522
RE1,CA_TRASTT,2022,0.625434313
RE1,CA_TRATAX,2022,2.17743959
RE1,CA_TRATCK,2022,1.507012907
RE1,IN_AGFELC,2022,0.0008417
RE1,IN_AGFHEA,2022,0.010831
RE1,IN_RESCLIM,2022,0.021757
RE1,IN_RESDHT,2022,0.054036
RE1,IN_RESOTH,2022,0.0498
RE1,IN_RESREF,2022,0.017495
RE1,IN_TERDHT,2022,0.039
RE1,IN_TRAAVI,2022,0.159689
RE1,IN_TRAFWD,2022,0.012769
RE1,IN_TRAMIC,2022,0.002672
RE1,IN_TRAMRT,2022,0.435795
RE1,IN_TRAMTC,2022,0.018898
RE1,IN_TRATAX,2022,0.007464
RE1,IN_TRATCK,2022,0.012319
RE1,NE_AGFELC,2022,0.6364991
RE1,NE_AGFHEA,2022,8.0788453
RE1,NE_INDCLIM,2022,0.335148453
RE1,NE_INDDHT,2022,7.107193147
RE1,NE_INDIHT,2022,9.263194361
RE1,NE_INDILU,2022,0.550733462
RE1,NE_INDMPW,2022,9.069732727
RE1,NE_INDREF,2022,0.447846281
RE1,NE_RESCLIM_RUR,2022,0.01993831
RE1,NE_RESCLIM_URB,2022,0.243859942
RE1,NE_RESDHT_RUR,2022,3.071275045
RE1,NE_RESDHT_URB,2022,4.575414083
RE1,NE_RESILU_RUR,2022,0.023135761
RE1,NE_RESILU_URB,2022,0.12163586
RE1,NE_RESOTH_RUR,2022,0.151101518
RE1,NE_RESOTH_URB,2022,0.639002533
RE1,NE_RESREF_RUR,2022,0.060952408
RE1,NE_RESREF_URB,2022,0.846977709
RE1,NE_RESTV_RUR,2022,0.064339633
RE1,NE_RESTV_URB,2022,0.217465624
RE1,NE_RESWHT_RUR,2022,0.046044944
RE1,NE_RESWHT_URB,2022,0.530260873
RE1,NE_RESWSH_RUR,2022,0.038131457
RE1,NE_RESWSH_URB,2022,0.196307147
RE1,NE_TERCLIM_CEN,2022,1.848
RE1,NE_TERCLIM_FAN,2022,0.052
RE1,NE_TERCLIM_SPL,2022,0.203
RE1,NE_TERDHT,2022,2.046
RE1,NE_TERIHT,2022,0.158
RE1,NE_TERILU,2022,0.21
RE1,NE_TERMPW,2022,0.184
RE1,NE_TEROTH,2022,0.904
RE1,NE_TERREF_AUC,2022,0.143
RE1,NE_TERREF_CEN,2022,0.227
RE1,NE_TRAAVI,2022,10.400625
RE1,NE_TRABUS,2022,1.430773944
RE1,NE_TRAFWD,2022,1.929871339
RE1,NE_TRAMIC,2022,0.341974257
RE1,NE_TRAMTC,2022,2.211083764
RE1,NE_TRASTT,2022,5.978510561
RE1,NE_TRATAX,2022,1.053531007
RE1,NE_TRATCK,2022,2.25846621
RE1,OR_AGFELC,2022,0.5852293
RE1,OR_AGFHEA,2022,7.4221758
RE1,OR_INDCLIM,2022,0.165834704
RE1,OR_INDDHT,2022,9.144226698
RE1,OR_INDIHT,2022,19.68100303
RE1,OR_INDILU,2022,0.40830166
RE1,OR_INDMPW,2022,8.098187406
RE1,OR_INDREF,2022,0.499047244
RE1,OR_RESCLIM_RUR,2022,0.010737407
RE1,OR_RESCLIM_URB,2022,0.132776498
RE1,OR_RESDHT_RUR,2022,1.404781703
RE1,OR_RESDHT_URB,2022,12.09413698
RE1,OR_RESILU_RUR,2022,0.020071799
RE1,OR_RESILU_URB,2022,0.255081897
RE1,OR_RESOTH_RUR,2022,0.14187012
RE1,OR_RESOTH_URB,2022,1.418027244
RE1,OR_RESREF_RUR,2022,0.060001928
RE1,OR_RESREF_URB,2022,1.827588418
RE1,OR_RESTV_RUR,2022,0.065824662
RE1,OR_RESTV_URB,2022,0.499778038
RE1,OR_RESWHT_RUR,2022,0.127526853
RE1,OR_RESWHT_URB,2022,4.235320223
RE1,OR_RESWSH_RUR,2022,0.047217363
RE1,OR_RESWSH_URB,2022,0.501427289
RE1,OR_TERCLIM_CEN,2022,5.353
RE1,OR_TERCLIM_FAN,2022,0.15
RE1,OR_TERCLIM_SPL,2022,0.589
RE1,OR_TERDHT,2022,7.658
RE1,OR_TERIHT,2022,0.458
RE1,OR_TERILU,2022,0.609
RE1,OR_TERMPW,2022,0.534
RE1,OR_TEROTH,2022,2.619
RE1,OR_TERREF_AUC,2022,0.415
RE1,OR_TERREF_CEN,2022,0.659
RE1,OR_TRAAVI,2022,10.400625
RE1,OR_TRABUS,2022,9.114493866
RE1,OR_TRAFWD,2022,8.471004254
RE1,OR_TRAMET,2022,0.25
RE1,OR_TRAMIC,2022,1.345929932
RE1,OR_TRAMTC,2022,3.968611885
RE1,OR_TRASTT,2022,15.26059724
RE1,OR_TRATAX,2022,3.401582906
RE1,OR_TRATCK,2022,9.67034168
RE1,SE_AGFELC,2022,0.0178568
RE1,SE_AGFHEA,2022,0.2266759
RE1,SE_OTHDSL,2022,0.001022629
RE1,SE_OTHELC,2022,0.011517203
RE1,SE_OTHGSL,2022,0.000189099
RE1,SE_RESCLIM,2022,0.010962
RE1,SE_RESDHT,2022,0.413271
RE1,SE_RESOTH,2022,0.028821
RE1,SE_RESREF,2022,0.020523
RE1,SE_TERCLIM_CEN,2022,0.005
RE1,SE_TERCLIM_SPL,2022,0.001
RE1,SE_TERDHT,2022,0.039
RE1,SE_TEROTH,2022,0.005
RE1,SE_TERREF_AUC,2022,0.0
RE1,SE_TERREF_CEN,2022,0.001
RE1,SE_TRAAVI,2022,0.395751
RE1,SE_TRAFWD,2022,0.005472
RE1,SE_TRAMIC,2022,0.000891
RE1,SE_TRAMTC,2022,0.079029
RE1,SE_TRATAX,2022,0.005332
RE1,SE_TRATCK,2022,0.004106
RE1,SO_AGFELC,2022,1.0778389
RE1,SO_AGFHEA,2022,13.6813383
RE1,SO_INDCLIM,2022,0.166433237
RE1,SO_INDDHT,2022,21.43415133
RE1,SO_INDIHT,2022,60.70739354
RE1,SO_INDILU,2022,0.333460474
RE1,SO_INDMPW,2022,7.34336115
RE1,SO_INDREF,2022,0.223462082
RE1,SO_RESCLIM_RUR,2022,0.012523144
RE1,SO_RESCLIM_URB,2022,0.242228215
RE1,SO_RESDHT_RUR,2022,5.321990927
RE1,SO_RESDHT_URB,2022,8.925980106
RE1,SO_RESILU_RUR,2022,0.041478854
RE1,SO_RESILU_URB,2022,0.244584823
RE1,SO_RESOTH_RUR,2022,0.291041409
RE1,SO_RESOTH_URB,2022,1.406417326
RE1,SO_RESREF_RUR,2022,0.102240875
RE1,SO_RESREF_URB,2022,1.882609101
RE1,SO_RESTV_RUR,2022,0.129476265
RE1,SO_RESTV_URB,2022,0.485514337
RE1,SO_RESWHT_RUR,2022,0.048132562
RE1,SO_RESWHT_URB,2022,1.196060865
RE1,SO_RESWSH_RUR,2022,0.054057019
RE1,SO_RESWSH_URB,2022,0.435580263
RE1,SO_TERCLIM_CEN,2022,4.5
RE1,SO_TERCLIM_FAN,2022,0.126
RE1,SO_TERCLIM_SPL,2022,0.495
RE1,SO_TERDHT,2022,4.194
RE1,SO_TERIHT,2022,0.385
RE1,SO_TERILU,2022,0.512
RE1,SO_TERMPW,2022,0.449
RE1,SO_TEROTH,2022,2.202
RE1,SO_TERREF_AUC,2022,0.349
RE1,SO_TERREF_CEN,2022,0.554
RE1,SO_TRAAVI,2022,19.37099
RE1,SO_TRABUS,2022,1.942784071
RE1,SO_TRAFWD,2022,3.305223882
RE1,SO_TRAMIC,2022,0.553036494
RE1,SO_TRAMRT,2022,1.794565
RE1,SO_TRAMTC,2022,4.884313242
RE1,SO_TRASTT,2022,3.140000987
RE1,SO_TRATAX,2022,2.349118226
RE1,SO_TRATCK,2022,3.593014424
RE1,AN_AGFELC,2023,0.4771851
RE1,AN_AGFHEA,2023,5.9187802
RE1,AN_INDCLIM,2023,0.08067129
RE1,AN_INDDHT,2023,7.485252644
RE1,AN_INDIHT,2023,12.02649126
RE1,AN_INDILU,2023,0.22582349
RE1,AN_INDMPW,2023,4.09729699
RE1,AN_INDREF,2023,0.276660333
RE1,AN_RESCLIM_RUR,2023,0.028480309
RE1,AN_RESCLIM_URB,2023,0.098869545
RE1,AN_RESDHT_RUR,2023,1.076954196
RE1,AN_RESDHT_URB,2023,4.752413853
RE1,AN_RESILU_RUR,2023,0.042947862
RE1,AN_RESILU_URB,2023,0.180647057
RE1,AN_RESOTH_RUR,2023,0.223218548
RE1,AN_RESOTH_URB,2023,0.94032188
RE1,AN_RESREF_RUR,2023,0.093780084
RE1,AN_RESREF_URB,2023,1.321196895
RE1,AN_RESTV_RUR,2023,0.104291699
RE1,AN_RESTV_URB,2023,0.325290006
RE1,AN_RESWHT_RUR,2023,0.106644323
RE1,AN_RESWHT_URB,2023,1.618744715
RE1,AN_RESWSH_RUR,2023,0.075339226
RE1,AN_RESWSH_URB,2023,0.350404325
RE1,AN_TERCLIM_CEN,2023,3.026
RE1,AN_TERCLIM_FAN,2023,0.085
RE1,AN_TERCLIM_SPL,2023,0.333
RE1,AN_TERDHT,2023,3.13
RE1,AN_TERIHT,2023,0.252
RE1,AN_TERILU,2023,0.344
RE1,AN_TERMPW,2023,0.302
RE1,AN_TEROTH,2023,1.481
RE1,AN_TERREF_AUC,2023,0.235
RE1,AN_TERREF_CEN,2023,0.372
RE1,AN_TRAAVI,2023,13.605912
RE1,AN_TRABUS,2023,2.971340063
RE1,AN_TRAFWD,2023,2.633051884
RE1,AN_TRAMET,2023,0.119
RE1,AN_TRAMIC,2023,0.46315873
RE1,AN_TRAMRT,2023,0.877915
RE1,AN_TRAMTC,2023,2.70665624
RE1,AN_TRASTT,2023,6.850647018
RE1,AN_TRATAX,2023,1.634159942
RE1,AN_TRATCK,2023,3.372934337
RE1,CA_AGFELC,2023,0.4363916
RE1,CA_AGFHEA,2023,5.4073656
RE1,CA_INDCLIM,2023,0.101171724
RE1,CA_INDDHT,2023,8.830805767
RE1,CA_INDIHT,2023,15.17208758
RE1,CA_INDILU,2023,0.198929559
RE1,CA_INDMPW,2023,4.341492141
RE1,CA_INDREF,2023,0.425455006
RE1,CA_RESCLIM_RUR,2023,0.062319184
RE1,CA_RESCLIM_URB,2023,1.744622853
RE1,CA_RESDHT_RUR,2023,6.831302271
RE1,CA_RESDHT_URB,2023,8.792409893
RE1,CA_RESILU_RUR,2023,0.016062673
RE1,CA_RESILU_URB,2023,0.249405096
RE1,CA_RESOTH_RUR,2023,0.1462578
RE1,CA_RESOTH_URB,2023,1.403222853
RE1,CA_RESREF_RUR,2023,0.04287969
RE1,CA_RESREF_URB,2023,1.783397323
RE1,CA_RESTV_RUR,2023,0.053223161
RE1,CA_RESTV_URB,2023,0.461260875
RE1,CA_RESWHT_RUR,2023,0.003957211
RE1,CA_RESWHT_URB,2023,0.089892762
RE1,CA_RESWSH_RUR,2023,0.03681469
RE1,CA_RESWSH_URB,2023,0.408410325
RE1,CA_TERCLIM_CEN,2023,3.677
RE1,CA_TERCLIM_FAN,2023,0.103
RE1,CA_TERCLIM_SPL,2023,0.404
RE1,CA_TERDHT,2023,2.96
RE1,CA_TERIHT,2023,0.306
RE1,CA_TERILU,2023,0.418
RE1,CA_TERMPW,2023,0.367
RE1,CA_TEROTH,2023,1.799
RE1,CA_TERREF_AUC,2023,0.285
RE1,CA_TERREF_CEN,2023,0.453
RE1,CA_TRAAVI,2023,16.028883
RE1,CA_TRABUS,2023,3.316942737
RE1,CA_TRAFWD,2023,1.641988421
RE1,CA_TRAMIC,2023,0.363813556
RE1,CA_TRAMRT,2023,4.356729
RE1,CA_TRAMTC,2023,3.02576021
RE1,CA_TRASTT,2023,0.606389545
RE1,CA_TRATAX,2023,2.132239362
RE1,CA_TRATCK,2023,1.458029331
RE1,IN_AGFELC,2023,0.0008851
RE1,IN_AGFHEA,2023,0.011134
RE1,IN_RESCLIM,2023,0.021531
RE1,IN_RESDHT,2023,0.056263
RE1,IN_RESOTH,2023,0.052082
RE1,IN_RESREF,2023,0.019464
RE1,IN_TERDHT,2023,0.043
RE1,IN_TRAAVI,2023,0.164877
RE1,IN_TRAFWD,2023,0.012086
RE1,IN_TRAMIC,2023,0.003052
RE1,IN_TRAMRT,2023,0.450079
RE1,IN_TRAMTC,2023,0.018001
RE1,IN_TRATAX,2023,0.007309
RE1,IN_TRATCK,2023,0.011918
RE1,NE_AGFELC,2023,0.6693202
RE1,NE_AGFHEA,2023,8.304809
RE1,NE_INDCLIM,2023,0.341865488
RE1,NE_INDDHT,2023,6.984944423
RE1,NE_INDIHT,2023,9.82415481
RE1,NE_INDILU,2023,0.550094368
RE1,NE_INDMPW,2023,9.24842501
RE1,NE_INDREF,2023,0.416116652
RE1,NE_RESCLIM_RUR,2023,0.019779705
RE1,NE_RESCLIM_URB,2023,0.277586034
RE1,NE_RESDHT_RUR,2023,2.973797088
RE1,NE_RESDHT_URB,2023,4.590314135
RE1,NE_RESILU_RUR,2023,0.020881773
RE1,NE_RESILU_URB,2023,0.13479714
RE1,NE_RESOTH_RUR,2023,0.137002628
RE1,NE_RESOTH_URB,2023,0.708144077
RE1,NE_RESREF_RUR,2023,0.052963134
RE1,NE_RESREF_URB,2023,0.93591225
RE1,NE_RESTV_RUR,2023,0.056631829
RE1,NE_RESTV_URB,2023,0.234507177
RE1,NE_RESWHT_RUR,2023,0.04165989
RE1,NE_RESWHT_URB,2023,0.576027246
RE1,NE_RESWSH_RUR,2023,0.033723713
RE1,NE_RESWSH_URB,2023,0.221712452
RE1,NE_TERCLIM_CEN,2023,1.911
RE1,NE_TERCLIM_FAN,2023,0.054
RE1,NE_TERCLIM_SPL,2023,0.21
RE1,NE_TERDHT,2023,2.224
RE1,NE_TERIHT,2023,0.159
RE1,NE_TERILU,2023,0.217
RE1,NE_TERMPW,2023,0.191
RE1,NE_TEROTH,2023,0.935
RE1,NE_TERREF_AUC,2023,0.148
RE1,NE_TERREF_CEN,2023,0.235
RE1,NE_TRAAVI,2023,10.738491
RE1,NE_TRABUS,2023,1.690081369
RE1,NE_TRAFWD,2023,1.826733701
RE1,NE_TRAMIC,2023,0.390599456
RE1,NE_TRAMTC,2023,2.106086204
RE1,NE_TRASTT,2023,5.796462116
RE1,NE_TRATAX,2023,1.031661356
RE1,NE_TRATCK,2023,2.18505758
RE1,OR_AGFELC,2023,0.6154067
RE1,OR_AGFHEA,2023,7.6297726
RE1,OR_INDCLIM,2023,0.159803086
RE1,OR_INDDHT,2023,9.132047677
RE1,OR_INDIHT,2023,20.08541645
RE1,OR_INDILU,2023,0.396799139
RE1,OR_INDMPW,2023,7.914093928
RE1,OR_INDREF,2023,0.479159096
RE1,OR_RESCLIM_RUR,2023,0.01165167
RE1,OR_RESCLIM_URB,2023,0.114406719
RE1,OR_RESDHT_RUR,2023,1.449710091
RE1,OR_RESDHT_URB,2023,11.65788883
RE1,OR_RESILU_RUR,2023,0.018972942
RE1,OR_RESILU_URB,2023,0.265302533
RE1,OR_RESOTH_RUR,2023,0.134714957
RE1,OR_RESOTH_URB,2023,1.474844839
RE1,OR_RESREF_RUR,2023,0.058113987
RE1,OR_RESREF_URB,2023,1.908632094
RE1,OR_RESTV_RUR,2023,0.066391218
RE1,OR_RESTV_URB,2023,0.50655985
RE1,OR_RESWHT_RUR,2023,0.13375572
RE1,OR_RESWHT_URB,2023,4.118481076
RE1,OR_RESWSH_RUR,2023,0.050515135
RE1,OR_RESWSH_URB,2023,0.515429461
RE1,OR_TERCLIM_CEN,2023,5.535
RE1,OR_TERCLIM_FAN,2023,0.156
RE1,OR_TERCLIM_SPL,2023,0.609
RE1,OR_TERDHT,2023,8.323
RE1,OR_TERIHT,2023,0.461
RE1,OR_TERILU,2023,0.629
RE1,OR_TERMPW,2023,0.552
RE1,OR_TEROTH,2023,2.708
RE1,OR_TERREF_AUC,2023,0.429
RE1,OR_TERREF_CEN,2023,0.681
RE1,OR_TRAAVI,2023,10.738491
RE1,OR_TRABUS,2023,10.76636623
RE1,OR_TRAFWD,2023,8.018290459
RE1,OR_TRAMET,2023,0.242
RE1,OR_TRAMIC,2023,1.537307233
RE1,OR_TRAMTC,2023,3.780154725
RE1,OR_TRASTT,2023,14.79590491
RE1,OR_TRATAX,2023,3.330971384
RE1,OR_TRATCK,2023,9.356019274
RE1,SE_AGFELC,2023,0.0187776
RE1,SE_AGFHEA,2023,0.233016
RE1,SE_OTHDSL,2023,0.000785565
RE1,SE_OTHELC,2023,0.010765015
RE1,SE_OTHGSL,2023,2.375e-05
RE1,SE_RESCLIM,2023,0.010552
RE1,SE_RESDHT,2023,0.532424
RE1,SE_RESOTH,2023,0.030421
RE1,SE_RESREF,2023,0.022614
RE1,SE_TERCLIM_CEN,2023,0.006
RE1,SE_TERCLIM_SPL,2023,0.001
RE1,SE_TERDHT,2023,0.043
RE1,SE_TEROTH,2023,0.006
RE1,SE_TERREF_AUC,2023,0.0
RE1,SE_TERREF_CEN,2023,0.001
RE1,SE_TRAAVI,2023,0.408607
RE1,SE_TRAFWD,2023,0.00518
RE1,SE_TRAMIC,2023,0.001017
RE1,SE_TRAMTC,2023,0.075276
RE1,SE_TRATAX,2023,0.005221
RE1,SE_TRATCK,2023,0.003973
RE1,SO_AGFELC,2023,1.1334176
RE1,SO_AGFHEA,2023,14.0640026
RE1,SO_INDCLIM,2023,0.157986642
RE1,SO_INDDHT,2023,20.8508929
RE1,SO_INDIHT,2023,61.26020881
RE1,SO_INDILU,2023,0.308562477
RE1,SO_INDMPW,2023,7.022988574
RE1,SO_INDREF,2023,0.219031576
RE1,SO_RESCLIM_RUR,2023,0.017079676
RE1,SO_RESCLIM_URB,2023,0.301396989
RE1,SO_RESDHT_RUR,2023,5.436719385
RE1,SO_RESDHT_URB,2023,8.908097551
RE1,SO_RESILU_RUR,2023,0.042302274
RE1,SO_RESILU_URB,2023,0.251181755
RE1,SO_RESOTH_RUR,2023,0.298172943
RE1,SO_RESOTH_URB,2023,1.444351161
RE1,SO_RESREF_RUR,2023,0.102198662
RE1,SO_RESREF_URB,2023,1.941852833
RE1,SO_RESTV_RUR,2023,0.132435897
RE1,SO_RESTV_URB,2023,0.49741818
RE1,SO_RESWHT_RUR,2023,0.06549762
RE1,SO_RESWHT_URB,2023,1.240336649
RE1,SO_RESWSH_RUR,2023,0.056242588
RE1,SO_RESWSH_URB,2023,0.458872523
RE1,SO_TERCLIM_CEN,2023,4.653
RE1,SO_TERCLIM_FAN,2023,0.131
RE1,SO_TERCLIM_SPL,2023,0.512
RE1,SO_TERDHT,2023,4.558
RE1,SO_TERIHT,2023,0.387
RE1,SO_TERILU,2023,0.529
RE1,SO_TERMPW,2023,0.464
RE1,SO_TEROTH,2023,2.276
RE1,SO_TERREF_AUC,2023,0.361
RE1,SO_TERREF_CEN,2023,0.573
RE1,SO_TRAAVI,2023,20.000261
RE1,SO_TRABUS,2023,2.294886049
RE1,SO_TRAFWD,2023,3.128583616
RE1,SO_TRAMIC,2023,0.631672557
RE1,SO_TRAMRT,2023,1.853384
RE1,SO_TRAMTC,2023,4.652372243
RE1,SO_TRASTT,2023,3.044386487
RE1,SO_TRATAX,2023,2.300354219
RE1,SO_TRATCK,2023,3.476227968
RE1,AN_AGFELC,2024,0.4849713
RE1,AN_AGFHEA,2024,6.350602
RE1,AN_INDCLIM,2024,0.079269753
RE1,AN_INDDHT,2024,7.076634876
RE1,AN_INDIHT,2024,11.89527691
RE1,AN_INDILU,2024,0.220057716
RE1,AN_INDMPW,2024,4.002049583
RE1,AN_INDREF,2024,0.271874975
RE1,AN_RESCLIM_RUR,2024,0.036846878
RE1,AN_RESCLIM_URB,2024,0.197930987
RE1,AN_RESDHT_RUR,2024,1.433996754
RE1,AN_RESDHT_URB,2024,4.961558852
RE1,AN_RESILU_RUR,2024,0.040995797
RE1,AN_RESILU_URB,2024,0.186449877
RE1,AN_RESOTH_RUR,2024,0.213971998
RE1,AN_RESOTH_URB,2024,0.971124904
RE1,AN_RESREF_RUR,2024,0.091503592
RE1,AN_RESREF_URB,2024,1.355647493
RE1,AN_RESTV_RUR,2024,0.109007164
RE1,AN_RESTV_URB,2024,0.332007652
RE1,AN_RESWHT_RUR,2024,0.111388097
RE1,AN_RESWHT_URB,2024,1.830518016
RE1,AN_RESWSH_RUR,2024,0.075188735
RE1,AN_RESWSH_URB,2024,0.35048495
RE1,AN_TERCLIM_CEN,2024,3.13
RE1,AN_TERCLIM_FAN,2024,0.088
RE1,AN_TERCLIM_SPL,2024,0.344
RE1,AN_TERDHT,2024,3.219
RE1,AN_TERIHT,2024,0.254
RE1,AN_TERILU,2024,0.352
RE1,AN_TERMPW,2024,0.312
RE1,AN_TEROTH,2024,1.531
RE1,AN_TERREF_AUC,2024,0.243
RE1,AN_TERREF_CEN,2024,0.385
RE1,AN_TRAAVI,2024,13.828341
RE1,AN_TRABUS,2024,3.547740572
RE1,AN_TRAFWD,2024,2.426414578
RE1,AN_TRAMET,2024,0.12
RE1,AN_TRAMIC,2024,0.466180306
RE1,AN_TRAMRT,2024,0.907724
RE1,AN_TRAMTC,2024,2.509476419
RE1,AN_TRASTT,2024,6.351319238
RE1,AN_TRATAX,2024,1.481774948
RE1,AN_TRATCK,2024,3.146399066
RE1,CA_AGFELC,2024,0.4435122
RE1,CA_AGFHEA,2024,5.8018756
RE1,CA_INDCLIM,2024,0.098704187
RE1,CA_INDDHT,2024,8.235375276
RE1,CA_INDIHT,2024,14.66894378
RE1,CA_INDILU,2024,0.192502059
RE1,CA_INDMPW,2024,4.201307945
RE1,CA_INDREF,2024,0.41456136
RE1,CA_RESCLIM_RUR,2024,0.066147702
RE1,CA_RESCLIM_URB,2024,1.653332471
RE1,CA_RESDHT_RUR,2024,7.547383133
RE1,CA_RESDHT_URB,2024,8.804666373
RE1,CA_RESILU_RUR,2024,0.015780829
RE1,CA_RESILU_URB,2024,0.213703221
RE1,CA_RESOTH_RUR,2024,0.144297865
RE1,CA_RESOTH_URB,2024,1.203588567
RE1,CA_RESREF_RUR,2024,0.043057876
RE1,CA_RESREF_URB,2024,1.534637202
RE1,CA_RESTV_RUR,2024,0.053935143
RE1,CA_RESTV_URB,2024,0.386363854
RE1,CA_RESWHT_RUR,2024,0.003002518
RE1,CA_RESWHT_URB,2024,0.104453109
RE1,CA_RESWSH_RUR,2024,0.036667541
RE1,CA_RESWSH_URB,2024,0.345892723
RE1,CA_TERCLIM_CEN,2024,3.803
RE1,CA_TERCLIM_FAN,2024,0.107
RE1,CA_TERCLIM_SPL,2024,0.418
RE1,CA_TERDHT,2024,3.044
RE1,CA_TERIHT,2024,0.308
RE1,CA_TERILU,2024,0.427
RE1,CA_TERMPW,2024,0.379
RE1,CA_TEROTH,2024,1.86
RE1,CA_TERREF_AUC,2024,0.295
RE1,CA_TERREF_CEN,2024,0.468
RE1,CA_TRAAVI,2024,16.290922
RE1,CA_TRABUS,2024,3.960385575
RE1,CA_TRAFWD,2024,1.513128042
RE1,CA_TRAMIC,2024,0.366187019
RE1,CA_TRAMRT,2024,4.504659
RE1,CA_TRAMTC,2024,2.805333676
RE1,CA_TRASTT,2024,0.562191217
RE1,CA_TRATAX,2024,1.933408591
RE1,CA_TRATCK,2024,1.36010419
RE1,IN_AGFELC,2024,0.0008995
RE1,IN_AGFHEA,2024,0.0119463
RE1,IN_RESCLIM,2024,0.027431
RE1,IN_RESDHT,2024,0.052691
RE1,IN_RESOTH,2024,0.047851
RE1,IN_RESREF,2024,0.016413
RE1,IN_TERDHT,2024,0.044
RE1,IN_TRAAVI,2024,0.167572
RE1,IN_TRAFWD,2024,0.011138
RE1,IN_TRAMIC,2024,0.003071
RE1,IN_TRAMRT,2024,0.465361
RE1,IN_TRAMTC,2024,0.016689
RE1,IN_TRATAX,2024,0.006628
RE1,IN_TRATCK,2024,0.011118
RE1,NE_AGFELC,2024,0.6802414
RE1,NE_AGFHEA,2024,8.9107104
RE1,NE_INDCLIM,2024,0.340726038
RE1,NE_INDDHT,2024,6.607932483
RE1,NE_INDIHT,2024,9.69141795
RE1,NE_INDILU,2024,0.545904806
RE1,NE_INDMPW,2024,9.081332749
RE1,NE_INDREF,2024,0.409345361
RE1,NE_RESCLIM_RUR,2024,0.02034703
RE1,NE_RESCLIM_URB,2024,0.349270887
RE1,NE_RESDHT_RUR,2024,2.960811961
RE1,NE_RESDHT_URB,2024,4.741574689
RE1,NE_RESILU_RUR,2024,0.022050554
RE1,NE_RESILU_URB,2024,0.135856373
RE1,NE_RESOTH_RUR,2024,0.145281364
RE1,NE_RESOTH_URB,2024,0.714441417
RE1,NE_RESREF_RUR,2024,0.058022641
RE1,NE_RESREF_URB,2024,0.964810151
RE1,NE_RESTV_RUR,2024,0.061159268
RE1,NE_RESTV_URB,2024,0.238491981
RE1,NE_RESWHT_RUR,2024,0.041096387
RE1,NE_RESWHT_URB,2024,0.655124246
RE1,NE_RESWSH_RUR,2024,0.042949892
RE1,NE_RESWSH_URB,2024,0.241599196
RE1,NE_TERCLIM_CEN,2024,1.976
RE1,NE_TERCLIM_FAN,2024,0.056
RE1,NE_TERCLIM_SPL,2024,0.217
RE1,NE_TERDHT,2024,2.287
RE1,NE_TERIHT,2024,0.16
RE1,NE_TERILU,2024,0.222
RE1,NE_TERMPW,2024,0.197
RE1,NE_TEROTH,2024,0.966
RE1,NE_TERREF_AUC,2024,0.153
RE1,NE_TERREF_CEN,2024,0.243
RE1,NE_TRAAVI,2024,10.914044
RE1,NE_TRABUS,2024,2.017934709
RE1,NE_TRAFWD,2024,1.683374835
RE1,NE_TRAMIC,2024,0.393147666
RE1,NE_TRAMTC,2024,1.952657891
RE1,NE_TRASTT,2024,5.373971429
RE1,NE_TRATAX,2024,0.935459201
RE1,NE_TRATCK,2024,2.038303282
RE1,OR_AGFELC,2024,0.6254481
RE1,OR_AGFHEA,2024,8.1864247
RE1,OR_INDCLIM,2024,0.156504478
RE1,OR_INDDHT,2024,8.588521517
RE1,OR_INDIHT,2024,19.67824431
RE1,OR_INDILU,2024,0.384903688
RE1,OR_INDMPW,2024,7.68928211
RE1,OR_INDREF,2024,0.468523969
RE1,OR_RESCLIM_RUR,2024,0.014328399
RE1,OR_RESCLIM_URB,2024,0.094252731
RE1,OR_RESDHT_RUR,2024,1.6643176
RE1,OR_RESDHT_URB,2024,11.71430542
RE1,OR_RESILU_RUR,2024,0.020264677
RE1,OR_RESILU_URB,2024,0.270071272
RE1,OR_RESOTH_RUR,2024,0.144493956
RE1,OR_RESOTH_URB,2024,1.502896195
RE1,OR_RESREF_RUR,2024,0.060569728
RE1,OR_RESREF_URB,2024,2.033500455
RE1,OR_RESTV_RUR,2024,0.071622445
RE1,OR_RESTV_URB,2024,0.533158818
RE1,OR_RESWHT_RUR,2024,0.113997335
RE1,OR_RESWHT_URB,2024,4.37604489
RE1,OR_RESWSH_RUR,2024,0.04950366
RE1,OR_RESWSH_URB,2024,0.563105606
RE1,OR_TERCLIM_CEN,2024,5.724
RE1,OR_TERCLIM_FAN,2024,0.161
RE1,OR_TERCLIM_SPL,2024,0.63
RE1,OR_TERDHT,2024,8.559
RE1,OR_TERIHT,2024,0.464
RE1,OR_TERILU,2024,0.643
RE1,OR_TERMPW,2024,0.571
RE1,OR_TEROTH,2024,2.799
RE1,OR_TERREF_AUC,2024,0.444
RE1,OR_TERREF_CEN,2024,0.705
RE1,OR_TRAAVI,2024,10.914044
RE1,OR_TRABUS,2024,12.85489829
RE1,OR_TRAFWD,2024,7.38902905
RE1,OR_TRAMET,2024,0.244
RE1,OR_TRAMIC,2024,1.547336388
RE1,OR_TRAMTC,2024,3.504770574
RE1,OR_TRASTT,2024,13.7174657
RE1,OR_TRATAX,2024,3.02035916
RE1,OR_TRATCK,2024,8.727644053
RE1,SE_AGFELC,2024,0.019084
RE1,SE_AGFHEA,2024,0.2500163
RE1,SE_OTHDSL,2024,0.000683714
RE1,SE_OTHELC,2024,0.015270572
RE1,SE_OTHGSL,2024,1.81e-05
RE1,SE_RESCLIM,2024,0.012814
RE1,SE_RESDHT,2024,0.54427
RE1,SE_RESOTH,2024,0.029831
RE1,SE_RESREF,2024,0.021233
RE1,SE_TERCLIM_CEN,2024,0.006
RE1,SE_TERCLIM_SPL,2024,0.001
RE1,SE_TERDHT,2024,0.044
RE1,SE_TEROTH,2024,0.006
RE1,SE_TERREF_AUC,2024,0.0
RE1,SE_TERREF_CEN,2024,0.001
RE1,SE_TRAAVI,2024,0.415287
RE1,SE_TRAFWD,2024,0.004773
RE1,SE_TRAMIC,2024,0.001024
RE1,SE_TRAMTC,2024,0.069792
RE1,SE_TRATAX,2024,0.004734
RE1,SE_TRATCK,2024,0.003706
RE1,SO_AGFELC,2024,1.1519114
RE1,SO_AGFHEA,2024,15.0900826
RE1,SO_INDCLIM,2024,0.157200566
RE1,SO_INDDHT,2024,19.97785748
RE1,SO_INDIHT,2024,60.15493079
RE1,SO_INDILU,2024,0.302911557
RE1,SO_INDMPW,2024,6.943292028
RE1,SO_INDREF,2024,0.216536554
RE1,SO_RESCLIM_RUR,2024,0.018092846
RE1,SO_RESCLIM_URB,2024,0.316569119
RE1,SO_RESDHT_RUR,2024,5.718952677
RE1,SO_RESDHT_URB,2024,8.866753751
RE1,SO_RESILU_RUR,2024,0.041318722
RE1,SO_RESILU_URB,2024,0.257516391
RE1,SO_RESOTH_RUR,2024,0.292469292
RE1,SO_RESOTH_URB,2024,1.482297033
RE1,SO_RESREF_RUR,2024,0.105324722
RE1,SO_RESREF_URB,2024,2.007067839
RE1,SO_RESTV_RUR,2024,0.133017653
RE1,SO_RESTV_URB,2024,0.512175822
RE1,SO_RESWHT_RUR,2024,0.06852744
RE1,SO_RESWHT_URB,2024,1.27165823
RE1,SO_RESWSH_RUR,2024,0.062000441
RE1,SO_RESWSH_URB,2024,0.493716488
RE1,SO_TERCLIM_CEN,2024,4.812
RE1,SO_TERCLIM_FAN,2024,0.135
RE1,SO_TERCLIM_SPL,2024,0.529
RE1,SO_TERDHT,2024,4.688
RE1,SO_TERIHT,2024,0.39
RE1,SO_TERILU,2024,0.541
RE1,SO_TERMPW,2024,0.48
RE1,SO_TEROTH,2024,2.353
RE1,SO_TERREF_AUC,2024,0.373
RE1,SO_TERREF_CEN,2024,0.592
RE1,SO_TRAAVI,2024,20.327224
RE1,SO_TRABUS,2024,2.740063463
RE1,SO_TRAFWD,2024,2.883057846
RE1,SO_TRAMIC,2024,0.635793492
RE1,SO_TRAMRT,2024,1.916315
RE1,SO_TRAMTC,2024,4.313447074
RE1,SO_TRASTT,2024,2.822488213
RE1,SO_TRATAX,2024,2.08584678
RE1,SO_TRATCK,2024,3.242755221
RE1,AN_AGFELC,2025,0.5029186
RE1,AN_AGFHEA,2025,6.585618
RE1,AN_INDCLIM,2025,0.081121061
RE1,AN_INDDHT,2025,8.556926422
RE1,AN_INDIHT,2025,12.05038168
RE1,AN_INDILU,2025,0.22797655
RE1,AN_INDMPW,2025,4.177543949
RE1,AN_INDREF,2025,0.277999268
RE1,AN_RESCLIM_RUR,2025,0.038753381
RE1,AN_RESCLIM_URB,2025,0.204911456
RE1,AN_RESDHT_RUR,2025,1.435874228
RE1,AN_RESDHT_URB,2025,5.324934699
RE1,AN_RESILU_RUR,2025,0.04311697
RE1,AN_RESILU_URB,2025,0.19302544
RE1,AN_RESOTH_RUR,2025,0.225936902
RE1,AN_RESOTH_URB,2025,1.005992442
RE1,AN_RESREF_RUR,2025,0.096238102
RE1,AN_RESREF_URB,2025,1.403457369
RE1,AN_RESTV_RUR,2025,0.114647331
RE1,AN_RESTV_URB,2025,0.343716629
RE1,AN_RESWHT_RUR,2025,0.120838797
RE1,AN_RESWHT_URB,2025,1.903808263
RE1,AN_RESWSH_RUR,2025,0.079079095
RE1,AN_RESWSH_URB,2025,0.362845569
RE1,AN_TERCLIM_CEN,2025,3.241
RE1,AN_TERCLIM_FAN,2025,0.091
RE1,AN_TERCLIM_SPL,2025,0.356
RE1,AN_TERDHT,2025,3.35
RE1,AN_TERIHT,2025,0.255
RE1,AN_TERILU,2025,0.365
RE1,AN_TERMPW,2025,0.323
RE1,AN_TEROTH,2025,1.584
RE1,AN_TERREF_AUC,2025,0.251
RE1,AN_TERREF_CEN,2025,0.399
RE1,AN_TRAAVI,2025,14.219967
RE1,AN_TRABUS,2025,3.626965738
RE1,AN_TRAFWD,2025,2.560831994
RE1,AN_TRAMET,2025,0.249
RE1,AN_TRAMIC,2025,0.465816221
RE1,AN_TRAMRT,2025,0.940137
RE1,AN_TRAMTC,2025,2.599081558
RE1,AN_TRASTT,2025,6.468925065
RE1,AN_TRATAX,2025,1.494996114
RE1,AN_TRATCK,2025,3.216939171
RE1,CA_AGFELC,2025,0.4599252
RE1,CA_AGFHEA,2025,6.016585
RE1,CA_INDCLIM,2025,0.0962153
RE1,CA_INDDHT,2025,9.098914931
RE1,CA_INDIHT,2025,14.38324748
RE1,CA_INDILU,2025,0.189871014
RE1,CA_INDMPW,2025,4.194409941
RE1,CA_INDREF,2025,0.405488884
RE1,CA_RESCLIM_RUR,2025,0.069581663
RE1,CA_RESCLIM_URB,2025,1.863765102
RE1,CA_RESDHT_RUR,2025,7.36785805
RE1,CA_RESDHT_URB,2025,9.149278278
RE1,CA_RESILU_RUR,2025,0.016600068
RE1,CA_RESILU_URB,2025,0.240902911
RE1,CA_RESOTH_RUR,2025,0.152391683
RE1,CA_RESOTH_URB,2025,1.358170321
RE1,CA_RESREF_RUR,2025,0.045293163
RE1,CA_RESREF_URB,2025,1.729962553
RE1,CA_RESTV_RUR,2025,0.056735107
RE1,CA_RESTV_URB,2025,0.435539422
RE1,CA_RESWHT_RUR,2025,0.002990296
RE1,CA_RESWHT_URB,2025,0.116458837
RE1,CA_RESWSH_RUR,2025,0.038571083
RE1,CA_RESWSH_URB,2025,0.389917211
RE1,CA_TERCLIM_CEN,2025,3.937
RE1,CA_TERCLIM_FAN,2025,0.111
RE1,CA_TERCLIM_SPL,2025,0.433
RE1,CA_TERDHT,2025,3.168
RE1,CA_TERIHT,2025,0.31
RE1,CA_TERILU,2025,0.444
RE1,CA_TERMPW,2025,0.393
RE1,CA_TEROTH,2025,1.925
RE1,CA_TERREF_AUC,2025,0.305
RE1,CA_TERREF_CEN,2025,0.485
RE1,CA_TRAAVI,2025,16.75229
RE1,CA_TRABUS,2025,4.048825582
RE1,CA_TRAFWD,2025,1.596951624
RE1,CA_TRAMIC,2025,0.365901029
RE1,CA_TRAMRT,2025,4.66551
RE1,CA_TRAMTC,2025,2.905502902
RE1,CA_TRASTT,2025,0.572601175
RE1,CA_TRATAX,2025,1.950659467
RE1,CA_TRATCK,2025,1.390596791
RE1,IN_AGFELC,2025,0.0009328
RE1,IN_AGFHEA,2025,0.0123884
RE1,IN_RESCLIM,2025,0.031375
RE1,IN_RESDHT,2025,0.058686
RE1,IN_RESOTH,2025,0.050876
RE1,IN_RESREF,2025,0.018773
RE1,IN_TERDHT,2025,0.046
RE1,IN_TRAAVI,2025,0.172318
RE1,IN_TRAFWD,2025,0.011755
RE1,IN_TRAMIC,2025,0.003069
RE1,IN_TRAMRT,2025,0.481978
RE1,IN_TRAMTC,2025,0.017285
RE1,IN_TRATAX,2025,0.006687
RE1,IN_TRATCK,2025,0.011367
RE1,NE_AGFELC,2025,0.705415
RE1,NE_AGFHEA,2025,9.2404681
RE1,NE_INDCLIM,2025,0.344416227
RE1,NE_INDDHT,2025,7.597977442
RE1,NE_INDIHT,2025,9.6218897
RE1,NE_INDILU,2025,0.554059144
RE1,NE_INDMPW,2025,9.314998008
RE1,NE_INDREF,2025,0.415960538
RE1,NE_RESCLIM_RUR,2025,0.020078715
RE1,NE_RESCLIM_URB,2025,0.360985912
RE1,NE_RESDHT_RUR,2025,2.979941555
RE1,NE_RESDHT_URB,2025,4.826506294
RE1,NE_RESILU_RUR,2025,0.021759775
RE1,NE_RESILU_URB,2025,0.140413182
RE1,NE_RESOTH_RUR,2025,0.1439349
RE1,NE_RESOTH_URB,2025,0.739162101
RE1,NE_RESREF_RUR,2025,0.057257499
RE1,NE_RESREF_URB,2025,0.997171208
RE1,NE_RESTV_RUR,2025,0.060352764
RE1,NE_RESTV_URB,2025,0.24649133
RE1,NE_RESWHT_RUR,2025,0.040056546
RE1,NE_RESWHT_URB,2025,0.677727607
RE1,NE_RESWSH_RUR,2025,0.042383513
RE1,NE_RESWSH_URB,2025,0.249702765
RE1,NE_TERCLIM_CEN,2025,2.046
RE1,NE_TERCLIM_FAN,2025,0.058
RE1,NE_TERCLIM_SPL,2025,0.225
RE1,NE_TERDHT,2025,2.38
RE1,NE_TERIHT,2025,0.161
RE1,NE_TERILU,2025,0.231
RE1,NE_TERMPW,2025,0.204
RE1,NE_TEROTH,2025,1.0
RE1,NE_TERREF_AUC,2025,0.159
RE1,NE_TERREF_CEN,2025,0.252
RE1,NE_TRAAVI,2025,11.223135
RE1,NE_TRABUS,2025,2.062997533
RE1,NE_TRAFWD,2025,1.776629672
RE1,NE_TRAMIC,2025,0.39284062
RE1,NE_TRAMTC,2025,2.022380873
RE1,NE_TRASTT,2025,5.473479946
RE1,NE_TRATAX,2025,0.943805854
RE1,NE_TRATCK,2025,2.084000641
RE1,OR_AGFELC,2025,0.648594
RE1,OR_AGFHEA,2025,8.4893789
RE1,OR_INDCLIM,2025,0.158577061
RE1,OR_INDDHT,2025,9.831383734
RE1,OR_INDIHT,2025,19.77201349
RE1,OR_INDILU,2025,0.393618191
RE1,OR_INDMPW,2025,7.933361786
RE1,OR_INDREF,2025,0.475349127
RE1,OR_RESCLIM_RUR,2025,0.014224561
RE1,OR_RESCLIM_URB,2025,0.097853768
RE1,OR_RESDHT_RUR,2025,1.594187919
RE1,OR_RESDHT_URB,2025,12.23409144
RE1,OR_RESILU_RUR,2025,0.020117819
RE1,OR_RESILU_URB,2025,0.280389664
RE1,OR_RESOTH_RUR,2025,0.14401649
RE1,OR_RESOTH_URB,2025,1.561916445
RE1,OR_RESREF_RUR,2025,0.060130781
RE1,OR_RESREF_URB,2025,2.111192743
RE1,OR_RESTV_RUR,2025,0.0711034
RE1,OR_RESTV_URB,2025,0.553528781
RE1,OR_RESWHT_RUR,2025,0.112468822
RE1,OR_RESWHT_URB,2025,4.548752335
RE1,OR_RESWSH_RUR,2025,0.049144909
RE1,OR_RESWSH_URB,2025,0.584619722
RE1,OR_TERCLIM_CEN,2025,5.927
RE1,OR_TERCLIM_FAN,2025,0.167
RE1,OR_TERCLIM_SPL,2025,0.652
RE1,OR_TERDHT,2025,8.907
RE1,OR_TERIHT,2025,0.467
RE1,OR_TERILU,2025,0.668
RE1,OR_TERMPW,2025,0.591
RE1,OR_TEROTH,2025,2.898
RE1,OR_TERREF_AUC,2025,0.459
RE1,OR_TERREF_CEN,2025,0.729
RE1,OR_TRAAVI,2025,11.223135
RE1,OR_TRABUS,2025,13.14196309
RE1,OR_TRAFWD,2025,7.798363136
RE1,OR_TRAMET,2025,0.507
RE1,OR_TRAMIC,2025,1.546127925
RE1,OR_TRAMTC,2025,3.629914388
RE1,OR_TRASTT,2025,13.97146866
RE1,OR_TRATAX,2025,3.047308374
RE1,OR_TRATCK,2025,8.923311836
RE1,SE_AGFELC,2025,0.0197903
RE1,SE_AGFHEA,2025,0.2592687
RE1,SE_OTHDSL,2025,0.000666331
RE1,SE_OTHELC,2025,0.014532395
RE1,SE_OTHGSL,2025,1.7706e-05
RE1,SE_RESCLIM,2025,0.01436
RE1,SE_RESDHT,2025,0.56491
RE1,SE_RESOTH,2025,0.031865
RE1,SE_RESREF,2025,0.023845
RE1,SE_TERCLIM_CEN,2025,0.006
RE1,SE_TERCLIM_SPL,2025,0.001
RE1,SE_TERDHT,2025,0.046
RE1,SE_TEROTH,2025,0.006
RE1,SE_TERREF_AUC,2025,0.0
RE1,SE_TERREF_CEN,2025,0.001
RE1,SE_TRAAVI,2025,0.427049
RE1,SE_TRAFWD,2025,0.005038
RE1,SE_TRAMIC,2025,0.001023
RE1,SE_TRAMTC,2025,0.072284
RE1,SE_TRATAX,2025,0.004776
RE1,SE_TRATCK,2025,0.003789
RE1,SO_AGFELC,2025,1.1945401
RE1,SO_AGFHEA,2025,15.6485197
RE1,SO_INDCLIM,2025,0.159370737
RE1,SO_INDDHT,2025,22.97876063
RE1,SO_INDIHT,2025,60.38548441
RE1,SO_INDILU,2025,0.312330679
RE1,SO_INDMPW,2025,7.259464147
RE1,SO_INDREF,2025,0.228984416
RE1,SO_RESCLIM_RUR,2025,0.018847343
RE1,SO_RESCLIM_URB,2025,0.323725697
RE1,SO_RESDHT_RUR,2025,5.730147568
RE1,SO_RESDHT_URB,2025,9.228319987
RE1,SO_RESILU_RUR,2025,0.043041771
RE1,SO_RESILU_URB,2025,0.263337982
RE1,SO_RESOTH_RUR,2025,0.30587561
RE1,SO_RESOTH_URB,2025,1.517361529
RE1,SO_RESREF_RUR,2025,0.109716913
RE1,SO_RESREF_URB,2025,2.052440989
RE1,SO_RESTV_RUR,2025,0.138564679
RE1,SO_RESTV_URB,2025,0.523754419
RE1,SO_RESWHT_RUR,2025,0.071347387
RE1,SO_RESWHT_URB,2025,1.301427515
RE1,SO_RESWSH_RUR,2025,0.064585947
RE1,SO_RESWSH_URB,2025,0.504877782
RE1,SO_TERCLIM_CEN,2025,4.983
RE1,SO_TERCLIM_FAN,2025,0.14
RE1,SO_TERCLIM_SPL,2025,0.548
RE1,SO_TERDHT,2025,4.878
RE1,SO_TERIHT,2025,0.392
RE1,SO_TERILU,2025,0.562
RE1,SO_TERMPW,2025,0.497
RE1,SO_TEROTH,2025,2.436
RE1,SO_TERREF_AUC,2025,0.386
RE1,SO_TERREF_CEN,2025,0.613
RE1,SO_TRAAVI,2025,20.902902
RE1,SO_TRABUS,2025,2.801252261
RE1,SO_TRAFWD,2025,3.04277218
RE1,SO_TRAMIC,2025,0.63529694
RE1,SO_TRAMRT,2025,1.984742
RE1,SO_TRAMTC,2025,4.467466063
RE1,SO_TRASTT,2025,2.874751538
RE1,SO_TRATAX,2025,2.104457789
RE1,SO_TRATCK,2025,3.315455565
RE1,AN_AGFELC,2026,0.516717
RE1,AN_AGFHEA,2026,6.7663057
RE1,AN_INDCLIM,2026,0.082839684
RE1,AN_INDDHT,2026,8.725282737
RE1,AN_INDIHT,2026,12.30291763
RE1,AN_INDILU,2026,0.232656532
RE1,AN_INDMPW,2026,4.264614672
RE1,AN_INDREF,2026,0.283895227
RE1,AN_RESCLIM_RUR,2026,0.039492932
RE1,AN_RESCLIM_URB,2026,0.211586751
RE1,AN_RESDHT_RUR,2026,1.463275761
RE1,AN_RESDHT_URB,2026,5.498402346
RE1,AN_RESILU_RUR,2026,0.043939794
RE1,AN_RESILU_URB,2026,0.19931353
RE1,AN_RESOTH_RUR,2026,0.231115492
RE1,AN_RESOTH_URB,2026,1.039402984
RE1,AN_RESREF_RUR,2026,0.098074664
RE1,AN_RESREF_URB,2026,1.449177075
RE1,AN_RESTV_RUR,2026,0.116835206
RE1,AN_RESTV_URB,2026,0.354913708
RE1,AN_RESWHT_RUR,2026,0.123144826
RE1,AN_RESWHT_URB,2026,1.965827641
RE1,AN_RESWSH_RUR,2026,0.080588202
RE1,AN_RESWSH_URB,2026,0.374665801
RE1,AN_TERCLIM_CEN,2026,3.369
RE1,AN_TERCLIM_FAN,2026,0.095
RE1,AN_TERCLIM_SPL,2026,0.371
RE1,AN_TERDHT,2026,3.467
RE1,AN_TERIHT,2026,0.257
RE1,AN_TERILU,2026,0.38
RE1,AN_TERMPW,2026,0.336
RE1,AN_TEROTH,2026,1.647
RE1,AN_TERREF_AUC,2026,0.261
RE1,AN_TERREF_CEN,2026,0.415
RE1,AN_TRAAVI,2026,14.556462
RE1,AN_TRABUS,2026,3.709552769
RE1,AN_TRAFWD,2026,2.69396488
RE1,AN_TRAMET,2026,0.46
RE1,AN_TRAMIC,2026,0.465631742
RE1,AN_TRAMRT,2026,0.978231
RE1,AN_TRAMTC,2026,2.686549908
RE1,AN_TRASTT,2026,6.590935458
RE1,AN_TRATAX,2026,1.506048998
RE1,AN_TRATCK,2026,3.290773474
RE1,CA_AGFELC,2026,0.472544
RE1,CA_AGFHEA,2026,6.1816602
RE1,CA_INDCLIM,2026,0.098606655
RE1,CA_INDDHT,2026,9.315630635
RE1,CA_INDIHT,2026,14.73868573
RE1,CA_INDILU,2026,0.194521128
RE1,CA_INDMPW,2026,4.296743684
RE1,CA_INDREF,2026,0.41554853
RE1,CA_RESCLIM_RUR,2026,0.071539181
RE1,CA_RESCLIM_URB,2026,1.911303212
RE1,CA_RESDHT_RUR,2026,7.575135628
RE1,CA_RESDHT_URB,2026,9.382644271
RE1,CA_RESILU_RUR,2026,0.017067072
RE1,CA_RESILU_URB,2026,0.247047499
RE1,CA_RESOTH_RUR,2026,0.157268788
RE1,CA_RESOTH_URB,2026,1.392812482
RE1,CA_RESREF_RUR,2026,0.046567381
RE1,CA_RESREF_URB,2026,1.774087829
RE1,CA_RESTV_RUR,2026,0.058331218
RE1,CA_RESTV_URB,2026,0.446648505
RE1,CA_RESWHT_RUR,2026,0.003074421
RE1,CA_RESWHT_URB,2026,0.119429293
RE1,CA_RESWSH_RUR,2026,0.039656191
RE1,CA_RESWSH_URB,2026,0.399862631
RE1,CA_TERCLIM_CEN,2026,4.094
RE1,CA_TERCLIM_FAN,2026,0.115
RE1,CA_TERCLIM_SPL,2026,0.45
RE1,CA_TERDHT,2026,3.278
RE1,CA_TERIHT,2026,0.312
RE1,CA_TERILU,2026,0.461
RE1,CA_TERMPW,2026,0.409
RE1,CA_TEROTH,2026,2.001
RE1,CA_TERREF_AUC,2026,0.317
RE1,CA_TERREF_CEN,2026,0.504
RE1,CA_TRAAVI,2026,17.148708
RE1,CA_TRABUS,2026,4.141018481
RE1,CA_TRAFWD,2026,1.679974164
RE1,CA_TRAMIC,2026,0.36575612
RE1,CA_TRAMRT,2026,4.854558
RE1,CA_TRAMTC,2026,3.003283422
RE1,CA_TRASTT,2026,0.583401005
RE1,CA_TRATAX,2026,1.965081185
RE1,CA_TRATCK,2026,1.422513386
RE1,IN_AGFELC,2026,0.0009584
RE1,IN_AGFHEA,2026,0.0127283
RE1,IN_RESCLIM,2026,0.032227
RE1,IN_RESDHT,2026,0.060278
RE1,IN_RESOTH,2026,0.051433
RE1,IN_RESREF,2026,0.019283
RE1,IN_TERDHT,2026,0.047
RE1,IN_TRAAVI,2026,0.176395
RE1,IN_TRAFWD,2026,0.012366
RE1,IN_TRAMIC,2026,0.003068
RE1,IN_TRAMRT,2026,0.501508
RE1,IN_TRAMTC,2026,0.017867
RE1,IN_TRATAX,2026,0.006736
RE1,IN_TRATCK,2026,0.011628
RE1,NE_AGFELC,2026,0.7247693
RE1,NE_AGFHEA,2026,9.4939961
RE1,NE_INDCLIM,2026,0.353635126
RE1,NE_INDDHT,2026,7.788946259
RE1,NE_INDIHT,2026,9.875570381
RE1,NE_INDILU,2026,0.568556391
RE1,NE_INDMPW,2026,9.556844471
RE1,NE_INDREF,2026,0.426915015
RE1,NE_RESCLIM_RUR,2026,0.020295588
RE1,NE_RESCLIM_URB,2026,0.369569552
RE1,NE_RESDHT_RUR,2026,3.01212843
RE1,NE_RESDHT_URB,2026,4.941272525
RE1,NE_RESILU_RUR,2026,0.021994806
RE1,NE_RESILU_URB,2026,0.143751972
RE1,NE_RESOTH_RUR,2026,0.146037356
RE1,NE_RESOTH_URB,2026,0.756738137
RE1,NE_RESREF_RUR,2026,0.057875948
RE1,NE_RESREF_URB,2026,1.020882268
RE1,NE_RESTV_RUR,2026,0.061004645
RE1,NE_RESTV_URB,2026,0.252352481
RE1,NE_RESWHT_RUR,2026,0.040489204
RE1,NE_RESWHT_URB,2026,0.693842834
RE1,NE_RESWSH_RUR,2026,0.042841305
RE1,NE_RESWSH_URB,2026,0.255640278
RE1,NE_TERCLIM_CEN,2026,2.128
RE1,NE_TERCLIM_FAN,2026,0.06
RE1,NE_TERCLIM_SPL,2026,0.234
RE1,NE_TERDHT,2026,2.463
RE1,NE_TERIHT,2026,0.162
RE1,NE_TERILU,2026,0.24
RE1,NE_TERMPW,2026,0.212
RE1,NE_TEROTH,2026,1.04
RE1,NE_TERREF_AUC,2026,0.165
RE1,NE_TERREF_CEN,2026,0.262
RE1,NE_TRAAVI,2026,11.488714
RE1,NE_TRABUS,2026,2.109972568
RE1,NE_TRAFWD,2026,1.868993339
RE1,NE_TRAMIC,2026,0.392685042
RE1,NE_TRAMTC,2026,2.090441192
RE1,NE_TRASTT,2026,5.576715249
RE1,NE_TRATAX,2026,0.950783649
RE1,NE_TRATCK,2026,2.13183205
RE1,OR_AGFELC,2026,0.6663893
RE1,OR_AGFHEA,2026,8.7222994
RE1,OR_INDCLIM,2026,0.161551772
RE1,OR_INDDHT,2026,10.00806389
RE1,OR_INDIHT,2026,20.1496285
RE1,OR_INDILU,2026,0.400866292
RE1,OR_INDMPW,2026,8.081615697
RE1,OR_INDREF,2026,0.484415607
RE1,OR_RESCLIM_RUR,2026,0.014459788
RE1,OR_RESCLIM_URB,2026,0.100775556
RE1,OR_RESDHT_RUR,2026,1.620550433
RE1,OR_RESDHT_URB,2026,12.59938572
RE1,OR_RESILU_RUR,2026,0.0204505
RE1,OR_RESILU_URB,2026,0.288761739
RE1,OR_RESOTH_RUR,2026,0.146949249
RE1,OR_RESOTH_URB,2026,1.608553266
RE1,OR_RESREF_RUR,2026,0.061125143
RE1,OR_RESREF_URB,2026,2.17423025
RE1,OR_RESTV_RUR,2026,0.072279211
RE1,OR_RESTV_URB,2026,0.57005644
RE1,OR_RESWHT_RUR,2026,0.114328679
RE1,OR_RESWHT_URB,2026,4.684572244
RE1,OR_RESWSH_RUR,2026,0.049957601
RE1,OR_RESWSH_URB,2026,0.602075717
RE1,OR_TERCLIM_CEN,2026,6.163
RE1,OR_TERCLIM_FAN,2026,0.173
RE1,OR_TERCLIM_SPL,2026,0.678
RE1,OR_TERDHT,2026,9.218
RE1,OR_TERIHT,2026,0.47
RE1,OR_TERILU,2026,0.694
RE1,OR_TERMPW,2026,0.615
RE1,OR_TEROTH,2026,3.012
RE1,OR_TERREF_AUC,2026,0.478
RE1,OR_TERREF_CEN,2026,0.759
RE1,OR_TRAAVI,2026,11.488714
RE1,OR_TRABUS,2026,13.44120929
RE1,OR_TRAFWD,2026,8.203785509
RE1,OR_TRAMET,2026,0.936
RE1,OR_TRAMIC,2026,1.545515607
RE1,OR_TRAMTC,2026,3.752073934
RE1,OR_TRASTT,2026,14.23498452
RE1,OR_TRATAX,2026,3.069837894
RE1,OR_TRATCK,2026,9.128117234
RE1,SE_AGFELC,2026,0.0203332
RE1,SE_AGFHEA,2026,0.2663821
RE1,SE_OTHDSL,2026,0.000642459
RE1,SE_OTHELC,2026,0.015075339
RE1,SE_OTHGSL,2026,1.7103e-05
RE1,SE_RESCLIM,2026,0.014906
RE1,SE_RESDHT,2026,0.585061
RE1,SE_RESOTH,2026,0.033106
RE1,SE_RESREF,2026,0.024754
RE1,SE_TERCLIM_CEN,2026,0.006
RE1,SE_TERCLIM_SPL,2026,0.001
RE1,SE_TERDHT,2026,0.047
RE1,SE_TEROTH,2026,0.006
RE1,SE_TERREF_AUC,2026,0.0
RE1,SE_TERREF_CEN,2026,0.001
RE1,SE_TRAAVI,2026,0.437154
RE1,SE_TRAFWD,2026,0.0053
RE1,SE_TRAMIC,2026,0.001023
RE1,SE_TRAMTC,2026,0.074717
RE1,SE_TRATAX,2026,0.004812
RE1,SE_TRATCK,2026,0.003876
RE1,SO_AGFELC,2026,1.2273143
RE1,SO_AGFHEA,2026,16.0778635
RE1,SO_INDCLIM,2026,0.162757405
RE1,SO_INDDHT,2026,23.44337855
RE1,SO_INDIHT,2026,61.68329042
RE1,SO_INDILU,2026,0.318549637
RE1,SO_INDMPW,2026,7.410069692
RE1,SO_INDREF,2026,0.233822823
RE1,SO_RESCLIM_RUR,2026,0.019228615
RE1,SO_RESCLIM_URB,2026,0.331257514
RE1,SO_RESDHT_RUR,2026,5.846065235
RE1,SO_RESDHT_URB,2026,9.44302649
RE1,SO_RESILU_RUR,2026,0.043912482
RE1,SO_RESILU_URB,2026,0.269464816
RE1,SO_RESOTH_RUR,2026,0.313238266
RE1,SO_RESOTH_URB,2026,1.55266453
RE1,SO_RESREF_RUR,2026,0.111936424
RE1,SO_RESREF_URB,2026,2.100193172
RE1,SO_RESTV_RUR,2026,0.141367764
RE1,SO_RESTV_URB,2026,0.535940113
RE1,SO_RESWHT_RUR,2026,0.072790704
RE1,SO_RESWHT_URB,2026,1.331706586
RE1,SO_RESWSH_RUR,2026,0.065892485
RE1,SO_RESWSH_URB,2026,0.51662429
RE1,SO_TERCLIM_CEN,2026,5.181
RE1,SO_TERCLIM_FAN,2026,0.146
RE1,SO_TERCLIM_SPL,2026,0.57
RE1,SO_TERDHT,2026,5.048
RE1,SO_TERIHT,2026,0.395
RE1,SO_TERILU,2026,0.584
RE1,SO_TERMPW,2026,0.517
RE1,SO_TEROTH,2026,2.532
RE1,SO_TERREF_AUC,2026,0.402
RE1,SO_TERREF_CEN,2026,0.638
RE1,SO_TRAAVI,2026,21.397538
RE1,SO_TRABUS,2026,2.865037564
RE1,SO_TRAFWD,2026,3.200960237
RE1,SO_TRAMIC,2026,0.635045341
RE1,SO_TRAMRT,2026,2.065164
RE1,SO_TRAMTC,2026,4.617812205
RE1,SO_TRASTT,2026,2.928972226
RE1,SO_TRATAX,2026,2.120016577
RE1,SO_TRATCK,2026,3.391550989
RE1,AN_AGFELC,2027,0.5315408
RE1,AN_AGFHEA,2027,6.9604204
RE1,AN_INDCLIM,2027,0.084107914
RE1,AN_INDDHT,2027,8.846339939
RE1,AN_INDIHT,2027,12.48859332
RE1,AN_INDILU,2027,0.236073196
RE1,AN_INDMPW,2027,4.328514477
RE1,AN_INDREF,2027,0.288247601
RE1,AN_RESCLIM_RUR,2027,0.040289489
RE1,AN_RESCLIM_URB,2027,0.218116004
RE1,AN_RESDHT_RUR,2027,1.492789448
RE1,AN_RESDHT_URB,2027,5.668074877
RE1,AN_RESILU_RUR,2027,0.044826042
RE1,AN_RESILU_URB,2027,0.205464049
RE1,AN_RESOTH_RUR,2027,0.236623731
RE1,AN_RESOTH_URB,2027,1.072135977
RE1,AN_RESREF_RUR,2027,0.100052791
RE1,AN_RESREF_URB,2027,1.493896527
RE1,AN_RESTV_RUR,2027,0.119191725
RE1,AN_RESTV_URB,2027,0.365865818
RE1,AN_RESWHT_RUR,2027,0.125628608
RE1,AN_RESWHT_URB,2027,2.026490163
RE1,AN_RESWSH_RUR,2027,0.082213634
RE1,AN_RESWSH_URB,2027,0.386227432
RE1,AN_TERCLIM_CEN,2027,3.491
RE1,AN_TERCLIM_FAN,2027,0.098
RE1,AN_TERCLIM_SPL,2027,0.384
RE1,AN_TERDHT,2027,3.582
RE1,AN_TERIHT,2027,0.258
RE1,AN_TERILU,2027,0.393
RE1,AN_TERMPW,2027,0.348
RE1,AN_TEROTH,2027,1.705
RE1,AN_TERREF_AUC,2027,0.271
RE1,AN_TERREF_CEN,2027,0.43
RE1,AN_TRAAVI,2027,14.710451
RE1,AN_TRABUS,2027,3.801914953
RE1,AN_TRAFWD,2027,2.817180351
RE1,AN_TRAMET,2027,0.629
RE1,AN_TRAMIC,2027,0.465343261
RE1,AN_TRAMRT,2027,1.012334
RE1,AN_TRAMTC,2027,2.775197411
RE1,AN_TRASTT,2027,6.70807666
RE1,AN_TRATAX,2027,1.515349439
RE1,AN_TRATCK,2027,3.362395462
RE1,CA_AGFELC,2027,0.4861006
RE1,CA_AGFHEA,2027,6.3590024
RE1,CA_INDCLIM,2027,0.100577733
RE1,CA_INDDHT,2027,9.492666746
RE1,CA_INDIHT,2027,15.0313109
RE1,CA_INDILU,2027,0.198342347
RE1,CA_INDMPW,2027,4.380769138
RE1,CA_INDREF,2027,0.423837094
RE1,CA_RESCLIM_RUR,2027,0.073545902
RE1,CA_RESCLIM_URB,2027,1.959493197
RE1,CA_RESDHT_RUR,2027,7.78762318
RE1,CA_RESDHT_URB,2027,9.61921034
RE1,CA_RESILU_RUR,2027,0.017545815
RE1,CA_RESILU_URB,2027,0.253276346
RE1,CA_RESOTH_RUR,2027,0.162260914
RE1,CA_RESOTH_URB,2027,1.429392722
RE1,CA_RESREF_RUR,2027,0.047873627
RE1,CA_RESREF_URB,2027,1.818818181
RE1,CA_RESTV_RUR,2027,0.059967447
RE1,CA_RESTV_URB,2027,0.457909923
RE1,CA_RESWHT_RUR,2027,0.003160661
RE1,CA_RESWHT_URB,2027,0.122440483
RE1,CA_RESWSH_RUR,2027,0.040768573
RE1,CA_RESWSH_URB,2027,0.40994443
RE1,CA_TERCLIM_CEN,2027,4.241
RE1,CA_TERCLIM_FAN,2027,0.119
RE1,CA_TERCLIM_SPL,2027,0.467
RE1,CA_TERDHT,2027,3.387
RE1,CA_TERIHT,2027,0.314
RE1,CA_TERILU,2027,0.478
RE1,CA_TERMPW,2027,0.423
RE1,CA_TEROTH,2027,2.072
RE1,CA_TERREF_AUC,2027,0.329
RE1,CA_TERREF_CEN,2027,0.522
RE1,CA_TRAAVI,2027,17.33012
RE1,CA_TRABUS,2027,4.2441235
RE1,CA_TRAFWD,2027,1.75681214
RE1,CA_TRAMIC,2027,0.365529517
RE1,CA_TRAMRT,2027,5.023797
RE1,CA_TRAMTC,2027,3.102382112
RE1,CA_TRASTT,2027,0.593769836
RE1,CA_TRATAX,2027,1.977216328
RE1,CA_TRATCK,2027,1.453473657
RE1,IN_AGFELC,2027,0.0009859
RE1,IN_AGFHEA,2027,0.0130934
RE1,IN_RESCLIM,2027,0.033076
RE1,IN_RESDHT,2027,0.061867
RE1,IN_RESOTH,2027,0.051813
RE1,IN_RESREF,2027,0.019791
RE1,IN_TERDHT,2027,0.049
RE1,IN_TRAAVI,2027,0.178262
RE1,IN_TRAFWD,2027,0.012931
RE1,IN_TRAMIC,2027,0.003066
RE1,IN_TRAMRT,2027,0.518991
RE1,IN_TRAMTC,2027,0.018457
RE1,IN_TRATAX,2027,0.006778
RE1,IN_TRATCK,2027,0.011881
RE1,NE_AGFELC,2027,0.7455618
RE1,NE_AGFHEA,2027,9.766364
RE1,NE_INDCLIM,2027,0.360885748
RE1,NE_INDDHT,2027,7.936576313
RE1,NE_INDIHT,2027,10.07428934
RE1,NE_INDILU,2027,0.5798895
RE1,NE_INDMPW,2027,9.745507064
RE1,NE_INDREF,2027,0.435493543
RE1,NE_RESCLIM_RUR,2027,0.020546517
RE1,NE_RESCLIM_URB,2027,0.378047515
RE1,NE_RESDHT_RUR,2027,3.04936949
RE1,NE_RESDHT_URB,2027,5.054625815
RE1,NE_RESILU_RUR,2027,0.022266743
RE1,NE_RESILU_URB,2027,0.147049657
RE1,NE_RESOTH_RUR,2027,0.148373857
RE1,NE_RESOTH_URB,2027,0.774890919
RE1,NE_RESREF_RUR,2027,0.058591509
RE1,NE_RESREF_URB,2027,1.04430141
RE1,NE_RESTV_RUR,2027,0.061758888
RE1,NE_RESTV_URB,2027,0.258141472
RE1,NE_RESWHT_RUR,2027,0.0409898
RE1,NE_RESWHT_URB,2027,0.709759659
RE1,NE_RESWSH_RUR,2027,0.043370982
RE1,NE_RESWSH_URB,2027,0.261504692
RE1,NE_TERCLIM_CEN,2027,2.204
RE1,NE_TERCLIM_FAN,2027,0.062
RE1,NE_TERCLIM_SPL,2027,0.242
RE1,NE_TERDHT,2027,2.544
RE1,NE_TERIHT,2027,0.163
RE1,NE_TERILU,2027,0.248
RE1,NE_TERMPW,2027,0.22
RE1,NE_TEROTH,2027,1.077
RE1,NE_TERREF_AUC,2027,0.171
RE1,NE_TERREF_CEN,2027,0.271
RE1,NE_TRAAVI,2027,11.61025
RE1,NE_TRABUS,2027,2.162507654
RE1,NE_TRAFWD,2027,1.954476598
RE1,NE_TRAMIC,2027,0.392441755
RE1,NE_TRAMTC,2027,2.159419026
RE1,NE_TRASTT,2027,5.675830637
RE1,NE_TRATAX,2027,0.956655109
RE1,NE_TRATCK,2027,2.178230276
RE1,OR_AGFELC,2027,0.685507
RE1,OR_AGFHEA,2027,8.9725285
RE1,OR_INDCLIM,2027,0.163838339
RE1,OR_INDDHT,2027,10.14221661
RE1,OR_INDIHT,2027,20.44132523
RE1,OR_INDILU,2027,0.406408669
RE1,OR_INDMPW,2027,8.195452769
RE1,OR_INDREF,2027,0.49141669
RE1,OR_RESCLIM_RUR,2027,0.01470111
RE1,OR_RESCLIM_URB,2027,0.103668209
RE1,OR_RESDHT_RUR,2027,1.647596052
RE1,OR_RESDHT_URB,2027,12.96103741
RE1,OR_RESILU_RUR,2027,0.020791802
RE1,OR_RESILU_URB,2027,0.297050332
RE1,OR_RESOTH_RUR,2027,0.149938245
RE1,OR_RESOTH_URB,2027,1.656420457
RE1,OR_RESREF_RUR,2027,0.06214527
RE1,OR_RESREF_URB,2027,2.236639169
RE1,OR_RESTV_RUR,2027,0.07348549
RE1,OR_RESTV_URB,2027,0.586419292
RE1,OR_RESWHT_RUR,2027,0.116236728
RE1,OR_RESWHT_URB,2027,4.819037807
RE1,OR_RESWSH_RUR,2027,0.050791351
RE1,OR_RESWSH_URB,2027,0.619357647
RE1,OR_TERCLIM_CEN,2027,6.385
RE1,OR_TERCLIM_FAN,2027,0.18
RE1,OR_TERCLIM_SPL,2027,0.702
RE1,OR_TERDHT,2027,9.523
RE1,OR_TERIHT,2027,0.473
RE1,OR_TERILU,2027,0.719
RE1,OR_TERMPW,2027,0.637
RE1,OR_TEROTH,2027,3.119
RE1,OR_TERREF_AUC,2027,0.495
RE1,OR_TERREF_CEN,2027,0.786
RE1,OR_TRAAVI,2027,11.61025
RE1,OR_TRABUS,2027,13.77587482
RE1,OR_TRAFWD,2027,8.579006918
RE1,OR_TRAMET,2027,1.279
RE1,OR_TRAMIC,2027,1.544558088
RE1,OR_TRAMTC,2027,3.875880302
RE1,OR_TRASTT,2027,14.487984
RE1,OR_TRATAX,2027,3.088795341
RE1,OR_TRATCK,2027,9.326785999
RE1,SE_AGFELC,2027,0.0209166
RE1,SE_AGFHEA,2027,0.2740242
RE1,SE_OTHDSL,2027,0.000659294
RE1,SE_OTHELC,2027,0.01545929
RE1,SE_OTHGSL,2027,1.7552e-05
RE1,SE_RESCLIM,2027,0.015472
RE1,SE_RESDHT,2027,0.60647
RE1,SE_RESOTH,2027,0.034428
RE1,SE_RESREF,2027,0.025694
RE1,SE_TERCLIM_CEN,2027,0.007
RE1,SE_TERCLIM_SPL,2027,0.001
RE1,SE_TERDHT,2027,0.049
RE1,SE_TEROTH,2027,0.006
RE1,SE_TERREF_AUC,2027,0.001
RE1,SE_TERREF_CEN,2027,0.001
RE1,SE_TRAAVI,2027,0.441779
RE1,SE_TRAFWD,2027,0.005542
RE1,SE_TRAMIC,2027,0.001022
RE1,SE_TRAMTC,2027,0.077182
RE1,SE_TRATAX,2027,0.004841
RE1,SE_TRATCK,2027,0.00396
RE1,SO_AGFELC,2027,1.2625241
RE1,SO_AGFHEA,2027,16.5391122
RE1,SO_INDCLIM,2027,0.165243048
RE1,SO_INDDHT,2027,23.77845524
RE1,SO_INDIHT,2027,62.63946927
RE1,SO_INDILU,2027,0.323009363
RE1,SO_INDMPW,2027,7.519690388
RE1,SO_INDREF,2027,0.237367068
RE1,SO_RESCLIM_RUR,2027,0.019623657
RE1,SO_RESCLIM_URB,2027,0.338801714
RE1,SO_RESDHT_RUR,2027,5.966169636
RE1,SO_RESDHT_URB,2027,9.658086008
RE1,SO_RESILU_RUR,2027,0.044814641
RE1,SO_RESILU_URB,2027,0.275601722
RE1,SO_RESOTH_RUR,2027,0.320821609
RE1,SO_RESOTH_URB,2027,1.58965265
RE1,SO_RESREF_RUR,2027,0.1142361
RE1,SO_RESREF_URB,2027,2.148023869
RE1,SO_RESTV_RUR,2027,0.144272092
RE1,SO_RESTV_URB,2027,0.548145842
RE1,SO_RESWHT_RUR,2027,0.074286152
RE1,SO_RESWHT_URB,2027,1.36203544
RE1,SO_RESWSH_RUR,2027,0.067246212
RE1,SO_RESWSH_URB,2027,0.528390113
RE1,SO_TERCLIM_CEN,2027,5.367
RE1,SO_TERCLIM_FAN,2027,0.151
RE1,SO_TERCLIM_SPL,2027,0.59
RE1,SO_TERDHT,2027,5.216
RE1,SO_TERIHT,2027,0.397
RE1,SO_TERILU,2027,0.604
RE1,SO_TERMPW,2027,0.536
RE1,SO_TEROTH,2027,2.622
RE1,SO_TERREF_AUC,2027,0.416
RE1,SO_TERREF_CEN,2027,0.661
RE1,SO_TRAAVI,2027,21.623897
RE1,SO_TRABUS,2027,2.936372612
RE1,SO_TRAFWD,2027,3.347364457
RE1,SO_TRAMIC,2027,0.634651901
RE1,SO_TRAMRT,2027,2.13716
RE1,SO_TRAMTC,2027,4.770185151
RE1,SO_TRASTT,2027,2.981029074
RE1,SO_TRATAX,2027,2.133108507
RE1,SO_TRATCK,2027,3.465366348
RE1,AN_AGFELC,2028,0.5469911
RE1,AN_AGFHEA,2028,7.1627383
RE1,AN_INDCLIM,2028,0.085825366
RE1,AN_INDDHT,2028,9.014765789
RE1,AN_INDIHT,2028,12.74099666
RE1,AN_INDILU,2028,0.240752126
RE1,AN_INDMPW,2028,4.415546341
RE1,AN_INDREF,2028,0.294139456
RE1,AN_RESCLIM_RUR,2028,0.041144714
RE1,AN_RESCLIM_URB,2028,0.224459419
RE1,AN_RESDHT_RUR,2028,1.524476882
RE1,AN_RESDHT_URB,2028,5.832918123
RE1,AN_RESILU_RUR,2028,0.045777564
RE1,AN_RESILU_URB,2028,0.21143951
RE1,AN_RESOTH_RUR,2028,0.242478404
RE1,AN_RESOTH_URB,2028,1.10399436
RE1,AN_RESREF_RUR,2028,0.102176611
RE1,AN_RESREF_URB,2028,1.537343157
RE1,AN_RESTV_RUR,2028,0.121721807
RE1,AN_RESTV_URB,2028,0.376506204
RE1,AN_RESWHT_RUR,2028,0.128295326
RE1,AN_RESWHT_URB,2028,2.085426084
RE1,AN_RESWSH_RUR,2028,0.083958783
RE1,AN_RESWSH_URB,2028,0.39745999
RE1,AN_TERCLIM_CEN,2028,3.608
RE1,AN_TERCLIM_FAN,2028,0.102
RE1,AN_TERCLIM_SPL,2028,0.397
RE1,AN_TERDHT,2028,3.696
RE1,AN_TERIHT,2028,0.26
RE1,AN_TERILU,2028,0.406
RE1,AN_TERMPW,2028,0.36
RE1,AN_TEROTH,2028,1.761
RE1,AN_TERREF_AUC,2028,0.28
RE1,AN_TERREF_CEN,2028,0.444
RE1,AN_TRAAVI,2028,14.991813
RE1,AN_TRABUS,2028,3.892932969
RE1,AN_TRAFWD,2028,2.935585486
RE1,AN_TRAMET,2028,0.916
RE1,AN_TRAMIC,2028,0.464963345
RE1,AN_TRAMRT,2028,1.045067
RE1,AN_TRAMTC,2028,2.858858557
RE1,AN_TRASTT,2028,6.824255049
RE1,AN_TRATAX,2028,1.522818332
RE1,AN_TRATCK,2028,3.433395353
RE1,CA_AGFELC,2028,0.50023
RE1,CA_AGFHEA,2028,6.543839
RE1,CA_INDCLIM,2028,0.102959569
RE1,CA_INDDHT,2028,9.708487077
RE1,CA_INDIHT,2028,15.38532719
RE1,CA_INDILU,2028,0.202973712
RE1,CA_INDMPW,2028,4.482688889
RE1,CA_INDREF,2028,0.433856632
RE1,CA_RESCLIM_RUR,2028,0.075599261
RE1,CA_RESCLIM_URB,2028,2.008261155
RE1,CA_RESDHT_RUR,2028,8.005049064
RE1,CA_RESDHT_URB,2028,9.858613695
RE1,CA_RESILU_RUR,2028,0.018035683
RE1,CA_RESILU_URB,2028,0.2595799
RE1,CA_RESOTH_RUR,2028,0.167365318
RE1,CA_RESOTH_URB,2028,1.464967515
RE1,CA_RESREF_RUR,2028,0.04921023
RE1,CA_RESREF_URB,2028,1.864085013
RE1,CA_RESTV_RUR,2028,0.061641703
RE1,CA_RESTV_URB,2028,0.469306406
RE1,CA_RESWHT_RUR,2028,0.003248905
RE1,CA_RESWHT_URB,2028,0.125487787
RE1,CA_RESWSH_RUR,2028,0.041906808
RE1,CA_RESWSH_URB,2028,0.420147146
RE1,CA_TERCLIM_CEN,2028,4.384
RE1,CA_TERCLIM_FAN,2028,0.123
RE1,CA_TERCLIM_SPL,2028,0.482
RE1,CA_TERDHT,2028,3.495
RE1,CA_TERIHT,2028,0.316
RE1,CA_TERILU,2028,0.493
RE1,CA_TERMPW,2028,0.438
RE1,CA_TEROTH,2028,2.14
RE1,CA_TERREF_AUC,2028,0.34
RE1,CA_TERREF_CEN,2028,0.54
RE1,CA_TRAAVI,2028,17.661588
RE1,CA_TRABUS,2028,4.34572801
RE1,CA_TRAFWD,2028,1.830650359
RE1,CA_TRAMIC,2028,0.36523109
RE1,CA_TRAMRT,2028,5.186238
RE1,CA_TRAMTC,2028,3.195906573
RE1,CA_TRASTT,2028,0.604053443
RE1,CA_TRATAX,2028,1.986961683
RE1,CA_TRATCK,2028,1.484165011
RE1,IN_AGFELC,2028,0.0010145
RE1,IN_AGFHEA,2028,0.013474
RE1,IN_RESCLIM,2028,0.03391
RE1,IN_RESDHT,2028,0.063427
RE1,IN_RESOTH,2028,0.051974
RE1,IN_RESREF,2028,0.02029
RE1,IN_TERDHT,2028,0.05
RE1,IN_TRAAVI,2028,0.181671
RE1,IN_TRAFWD,2028,0.013475
RE1,IN_TRAMIC,2028,0.003063
RE1,IN_TRAMRT,2028,0.535772
RE1,IN_TRAMTC,2028,0.019013
RE1,IN_TRATAX,2028,0.006811
RE1,IN_TRATCK,2028,0.012132
RE1,NE_AGFELC,2028,0.767233
RE1,NE_AGFHEA,2028,10.0502421
RE1,NE_INDCLIM,2028,0.369313505
RE1,NE_INDDHT,2028,8.11012154
RE1,NE_INDIHT,2028,10.30587717
RE1,NE_INDILU,2028,0.593114832
RE1,NE_INDMPW,2028,9.965974197
RE1,NE_INDREF,2028,0.445492961
RE1,NE_RESCLIM_RUR,2028,0.020831501
RE1,NE_RESCLIM_URB,2028,0.386386176
RE1,NE_RESDHT_RUR,2028,3.091664735
RE1,NE_RESDHT_URB,2028,5.166116594
RE1,NE_RESILU_RUR,2028,0.022575586
RE1,NE_RESILU_URB,2028,0.150293157
RE1,NE_RESOTH_RUR,2028,0.150949684
RE1,NE_RESOTH_URB,2028,0.791982825
RE1,NE_RESREF_RUR,2028,0.059404182
RE1,NE_RESREF_URB,2028,1.067335752
RE1,NE_RESTV_RUR,2028,0.062615494
RE1,NE_RESTV_URB,2028,0.263835344
RE1,NE_RESWHT_RUR,2028,0.041558335
RE1,NE_RESWHT_URB,2028,0.725414953
RE1,NE_RESWSH_RUR,2028,0.043972545
RE1,NE_RESWSH_URB,2028,0.267272748
RE1,NE_TERCLIM_CEN,2028,2.278
RE1,NE_TERCLIM_FAN,2028,0.064
RE1,NE_TERCLIM_SPL,2028,0.251
RE1,NE_TERDHT,2028,2.625
RE1,NE_TERIHT,2028,0.164
RE1,NE_TERILU,2028,0.256
RE1,NE_TERMPW,2028,0.227
RE1,NE_TEROTH,2028,1.112
RE1,NE_TERREF_AUC,2028,0.177
RE1,NE_TERREF_CEN,2028,0.28
RE1,NE_TRAAVI,2028,11.832316
RE1,NE_TRABUS,2028,2.214278185
RE1,NE_TRAFWD,2028,2.036622586
RE1,NE_TRAMIC,2028,0.392121357
RE1,NE_TRAMTC,2028,2.224516906
RE1,NE_TRASTT,2028,5.774131372
RE1,NE_TRATAX,2028,0.961370295
RE1,NE_TRATCK,2028,2.224225494
RE1,OR_AGFELC,2028,0.7054326
RE1,OR_AGFHEA,2028,9.2333323
RE1,OR_INDCLIM,2028,0.167173977
RE1,OR_INDDHT,2028,10.34138467
RE1,OR_INDIHT,2028,20.86384559
RE1,OR_INDILU,2028,0.41455461
RE1,OR_INDMPW,2028,8.361771458
RE1,OR_INDREF,2028,0.501562934
RE1,OR_RESCLIM_RUR,2028,0.014947914
RE1,OR_RESCLIM_URB,2028,0.106508217
RE1,OR_RESDHT_RUR,2028,1.675256084
RE1,OR_RESDHT_URB,2028,13.31610723
RE1,OR_RESILU_RUR,2028,0.021140857
RE1,OR_RESILU_URB,2028,0.305188076
RE1,OR_RESOTH_RUR,2028,0.15298025
RE1,OR_RESOTH_URB,2028,1.701798376
RE1,OR_RESREF_RUR,2028,0.063188572
RE1,OR_RESREF_URB,2028,2.297912278
RE1,OR_RESTV_RUR,2028,0.074719173
RE1,OR_RESTV_URB,2028,0.602484347
RE1,OR_RESWHT_RUR,2028,0.118188124
RE1,OR_RESWHT_URB,2028,4.951056164
RE1,OR_RESWSH_RUR,2028,0.051644042
RE1,OR_RESWSH_URB,2028,0.636325054
RE1,OR_TERCLIM_CEN,2028,6.599
RE1,OR_TERCLIM_FAN,2028,0.186
RE1,OR_TERCLIM_SPL,2028,0.726
RE1,OR_TERDHT,2028,9.825
RE1,OR_TERIHT,2028,0.476
RE1,OR_TERILU,2028,0.743
RE1,OR_TERMPW,2028,0.659
RE1,OR_TEROTH,2028,3.222
RE1,OR_TERREF_AUC,2028,0.512
RE1,OR_TERREF_CEN,2028,0.812
RE1,OR_TRAAVI,2028,11.832316
RE1,OR_TRABUS,2028,14.10566989
RE1,OR_TRAFWD,2028,8.93957967
RE1,OR_TRAMET,2028,1.863
RE1,OR_TRAMIC,2028,1.543297077
RE1,OR_TRAMTC,2028,3.992722652
RE1,OR_TRASTT,2028,14.73890401
RE1,OR_TRATAX,2028,3.104019475
RE1,OR_TRATCK,2028,9.523729159
RE1,SE_AGFELC,2028,0.0215246
RE1,SE_AGFHEA,2028,0.2819893
RE1,SE_OTHDSL,2028,0.000669675
RE1,SE_OTHELC,2028,0.015691968
RE1,SE_OTHGSL,2028,1.7829e-05
RE1,SE_RESCLIM,2028,0.016041
RE1,SE_RESDHT,2028,0.628882
RE1,SE_RESOTH,2028,0.035822
RE1,SE_RESREF,2028,0.02664
RE1,SE_TERCLIM_CEN,2028,0.007
RE1,SE_TERCLIM_SPL,2028,0.001
RE1,SE_TERDHT,2028,0.05
RE1,SE_TEROTH,2028,0.007
RE1,SE_TERREF_AUC,2028,0.001
RE1,SE_TERREF_CEN,2028,0.001
RE1,SE_TRAAVI,2028,0.450228
RE1,SE_TRAFWD,2028,0.005775
RE1,SE_TRAMIC,2028,0.001021
RE1,SE_TRAMTC,2028,0.079509
RE1,SE_TRATAX,2028,0.004865
RE1,SE_TRATCK,2028,0.004044
RE1,SO_AGFELC,2028,1.2992217
RE1,SO_AGFHEA,2028,17.0198532
RE1,SO_INDCLIM,2028,0.16856496
RE1,SO_INDDHT,2028,24.23408585
RE1,SO_INDIHT,2028,63.91252442
RE1,SO_INDILU,2028,0.329107583
RE1,SO_INDMPW,2028,7.667400275
RE1,SO_INDREF,2028,0.242112842
RE1,SO_RESCLIM_RUR,2028,0.020031731
RE1,SO_RESCLIM_URB,2028,0.346326599
RE1,SO_RESDHT_RUR,2028,6.090236153
RE1,SO_RESDHT_URB,2028,9.872594929
RE1,SO_RESILU_RUR,2028,0.045746562
RE1,SO_RESILU_URB,2028,0.281722917
RE1,SO_RESOTH_RUR,2028,0.328620482
RE1,SO_RESOTH_URB,2028,1.624959301
RE1,SO_RESREF_RUR,2028,0.11661164
RE1,SO_RESREF_URB,2028,2.195732108
RE1,SO_RESTV_RUR,2028,0.147272231
RE1,SO_RESTV_URB,2028,0.560320322
RE1,SO_RESWHT_RUR,2028,0.075830932
RE1,SO_RESWHT_URB,2028,1.392286646
RE1,SO_RESWSH_RUR,2028,0.068644597
RE1,SO_RESWSH_URB,2028,0.540125812
RE1,SO_TERCLIM_CEN,2028,5.547
RE1,SO_TERCLIM_FAN,2028,0.156
RE1,SO_TERCLIM_SPL,2028,0.61
RE1,SO_TERDHT,2028,5.381
RE1,SO_TERIHT,2028,0.4
RE1,SO_TERILU,2028,0.624
RE1,SO_TERMPW,2028,0.554
RE1,SO_TEROTH,2028,2.708
RE1,SO_TERREF_AUC,2028,0.43
RE1,SO_TERREF_CEN,2028,0.683
RE1,SO_TRAAVI,2028,22.037492
RE1,SO_TRABUS,2028,3.006669506
RE1,SO_TRAFWD,2028,3.488053049
RE1,SO_TRAMIC,2028,0.634133757
RE1,SO_TRAMRT,2028,2.206263
RE1,SO_TRAMTC,2028,4.913987229
RE1,SO_TRASTT,2028,3.032658054
RE1,SO_TRATAX,2028,2.143622227
RE1,SO_TRATCK,2028,3.538540558
RE1,AN_AGFELC,2029,0.5629437
RE1,AN_AGFHEA,2029,7.3716355
RE1,AN_INDCLIM,2029,0.087724027
RE1,AN_INDDHT,2029,9.202239558
RE1,AN_INDIHT,2029,13.02030399
RE1,AN_INDILU,2029,0.24593954
RE1,AN_INDMPW,2029,4.511902641
RE1,AN_INDREF,2029,0.30065234
RE1,AN_RESCLIM_RUR,2029,0.04205452
RE1,AN_RESCLIM_URB,2029,0.230565881
RE1,AN_RESDHT_RUR,2029,1.558186645
RE1,AN_RESDHT_URB,2029,5.991603792
RE1,AN_RESILU_RUR,2029,0.046789814
RE1,AN_RESILU_URB,2029,0.217191763
RE1,AN_RESOTH_RUR,2029,0.248661429
RE1,AN_RESOTH_URB,2029,1.134724891
RE1,AN_RESREF_RUR,2029,0.104435976
RE1,AN_RESREF_URB,2029,1.579166876
RE1,AN_RESTV_RUR,2029,0.124413362
RE1,AN_RESTV_URB,2029,0.386749129
RE1,AN_RESWHT_RUR,2029,0.131132237
RE1,AN_RESWHT_URB,2029,2.142160505
RE1,AN_RESWSH_RUR,2029,0.085815308
RE1,AN_RESWSH_URB,2029,0.408272966
RE1,AN_TERCLIM_CEN,2029,3.731
RE1,AN_TERCLIM_FAN,2029,0.105
RE1,AN_TERCLIM_SPL,2029,0.41
RE1,AN_TERDHT,2029,3.812
RE1,AN_TERIHT,2029,0.262
RE1,AN_TERILU,2029,0.42
RE1,AN_TERMPW,2029,0.373
RE1,AN_TEROTH,2029,1.82
RE1,AN_TERREF_AUC,2029,0.289
RE1,AN_TERREF_CEN,2029,0.459
RE1,AN_TRAAVI,2029,15.240857
RE1,AN_TRABUS,2029,4.007039531
RE1,AN_TRAFWD,2029,3.059916203
RE1,AN_TRAMET,2029,0.92
RE1,AN_TRAMIC,2029,0.46451016
RE1,AN_TRAMRT,2029,1.078488
RE1,AN_TRAMTC,2029,2.948106874
RE1,AN_TRASTT,2029,6.936593387
RE1,AN_TRATAX,2029,1.529830163
RE1,AN_TRATCK,2029,3.503298204
RE1,CA_AGFELC,2029,0.5148189
RE1,CA_AGFHEA,2029,6.7346863
RE1,CA_INDCLIM,2029,0.105537723
RE1,CA_INDDHT,2029,9.942775147
RE1,CA_INDIHT,2029,15.76866999
RE1,CA_INDILU,2029,0.207991776
RE1,CA_INDMPW,2029,4.5931471
RE1,CA_INDREF,2029,0.444703343
RE1,CA_RESCLIM_RUR,2029,0.077687877
RE1,CA_RESCLIM_URB,2029,2.057284286
RE1,CA_RESDHT_RUR,2029,8.226208299
RE1,CA_RESDHT_URB,2029,10.0992697
RE1,CA_RESILU_RUR,2029,0.018533964
RE1,CA_RESILU_URB,2029,0.265916436
RE1,CA_RESOTH_RUR,2029,0.172559112
RE1,CA_RESOTH_URB,2029,1.502264506
RE1,CA_RESREF_RUR,2029,0.050569785
RE1,CA_RESREF_URB,2029,1.909588698
RE1,CA_RESTV_RUR,2029,0.063344707
RE1,CA_RESTV_URB,2029,0.480762521
RE1,CA_RESWHT_RUR,2029,0.003338664
RE1,CA_RESWHT_URB,2029,0.128551036
RE1,CA_RESWSH_RUR,2029,0.043064587
RE1,CA_RESWSH_URB,2029,0.430403247
RE1,CA_TERCLIM_CEN,2029,4.533
RE1,CA_TERCLIM_FAN,2029,0.128
RE1,CA_TERCLIM_SPL,2029,0.499
RE1,CA_TERDHT,2029,3.605
RE1,CA_TERIHT,2029,0.319
RE1,CA_TERILU,2029,0.51
RE1,CA_TERMPW,2029,0.453
RE1,CA_TEROTH,2029,2.211
RE1,CA_TERREF_AUC,2029,0.351
RE1,CA_TERREF_CEN,2029,0.558
RE1,CA_TRAAVI,2029,17.954982
RE1,CA_TRABUS,2029,4.47310654
RE1,CA_TRAFWD,2029,1.908183809
RE1,CA_TRAMIC,2029,0.364875111
RE1,CA_TRAMRT,2029,5.35209
RE1,CA_TRAMTC,2029,3.295676911
RE1,CA_TRASTT,2029,0.613997145
RE1,CA_TRATAX,2029,1.996110666
RE1,CA_TRATCK,2029,1.514382145
RE1,IN_AGFELC,2029,0.0010441
RE1,IN_AGFHEA,2029,0.013867
RE1,IN_RESCLIM,2029,0.034739
RE1,IN_RESDHT,2029,0.064977
RE1,IN_RESOTH,2029,0.052052
RE1,IN_RESREF,2029,0.020786
RE1,IN_TERDHT,2029,0.052
RE1,IN_TRAAVI,2029,0.184689
RE1,IN_TRAFWD,2029,0.014046
RE1,IN_TRAMIC,2029,0.00306
RE1,IN_TRAMRT,2029,0.552906
RE1,IN_TRAMTC,2029,0.019607
RE1,IN_TRATAX,2029,0.006843
RE1,IN_TRATCK,2029,0.012379
RE1,NE_AGFELC,2029,0.7896089
RE1,NE_AGFHEA,2029,10.3433516
RE1,NE_INDCLIM,2029,0.377785188
RE1,NE_INDDHT,2029,8.28460895
RE1,NE_INDIHT,2029,10.53868382
RE1,NE_INDILU,2029,0.606410107
RE1,NE_INDMPW,2029,10.18761316
RE1,NE_INDREF,2029,0.455545042
RE1,NE_RESCLIM_RUR,2029,0.021150462
RE1,NE_RESCLIM_URB,2029,0.39451577
RE1,NE_RESDHT_RUR,2029,3.139002742
RE1,NE_RESDHT_URB,2029,5.274812075
RE1,NE_RESILU_RUR,2029,0.022921252
RE1,NE_RESILU_URB,2029,0.153455336
RE1,NE_RESOTH_RUR,2029,0.153768804
RE1,NE_RESOTH_URB,2029,0.809473886
RE1,NE_RESREF_RUR,2029,0.060313749
RE1,NE_RESREF_URB,2029,1.089792576
RE1,NE_RESTV_RUR,2029,0.063574231
RE1,NE_RESTV_URB,2029,0.26938646
RE1,NE_RESWHT_RUR,2029,0.042194655
RE1,NE_RESWHT_URB,2029,0.740677738
RE1,NE_RESWSH_RUR,2029,0.04464583
RE1,NE_RESWSH_URB,2029,0.272896186
RE1,NE_TERCLIM_CEN,2029,2.356
RE1,NE_TERCLIM_FAN,2029,0.066
RE1,NE_TERCLIM_SPL,2029,0.259
RE1,NE_TERDHT,2029,2.708
RE1,NE_TERIHT,2029,0.166
RE1,NE_TERILU,2029,0.265
RE1,NE_TERMPW,2029,0.235
RE1,NE_TEROTH,2029,1.149
RE1,NE_TERREF_AUC,2029,0.183
RE1,NE_TERREF_CEN,2029,0.29
RE1,NE_TRAAVI,2029,12.028875
RE1,NE_TRABUS,2029,2.27918135
RE1,NE_TRAFWD,2029,2.122879569
RE1,NE_TRAMIC,2029,0.391739168
RE1,NE_TRAMTC,2029,2.293962241
RE1,NE_TRASTT,2029,5.869182966
RE1,NE_TRATAX,2029,0.965796933
RE1,NE_TRATCK,2029,2.269510026
RE1,OR_AGFELC,2029,0.7260061
RE1,OR_AGFHEA,2029,9.5026171
RE1,OR_INDCLIM,2029,0.170860862
RE1,OR_INDDHT,2029,10.5622839
RE1,OR_INDIHT,2029,21.33019998
RE1,OR_INDILU,2029,0.423571619
RE1,OR_INDMPW,2029,8.545659151
RE1,OR_INDREF,2029,0.512762945
RE1,OR_RESCLIM_RUR,2029,0.015197646
RE1,OR_RESCLIM_URB,2029,0.10927381
RE1,OR_RESDHT_RUR,2029,1.703244312
RE1,OR_RESDHT_URB,2029,13.66187329
RE1,OR_RESILU_RUR,2029,0.021494054
RE1,OR_RESILU_URB,2029,0.31311259
RE1,OR_RESOTH_RUR,2029,0.156051459
RE1,OR_RESOTH_URB,2029,1.747774366
RE1,OR_RESREF_RUR,2029,0.064244253
RE1,OR_RESREF_URB,2029,2.357579873
RE1,OR_RESTV_RUR,2029,0.075967494
RE1,OR_RESTV_URB,2029,0.618128457
RE1,OR_RESWHT_RUR,2029,0.120162673
RE1,OR_RESWHT_URB,2029,5.079615298
RE1,OR_RESWSH_RUR,2029,0.05250685
RE1,OR_RESWSH_URB,2029,0.652847872
RE1,OR_TERCLIM_CEN,2029,6.824
RE1,OR_TERCLIM_FAN,2029,0.192
RE1,OR_TERCLIM_SPL,2029,0.751
RE1,OR_TERDHT,2029,10.135
RE1,OR_TERIHT,2029,0.48
RE1,OR_TERILU,2029,0.767
RE1,OR_TERMPW,2029,0.682
RE1,OR_TEROTH,2029,3.329
RE1,OR_TERREF_AUC,2029,0.529
RE1,OR_TERREF_CEN,2029,0.84
RE1,OR_TRAAVI,2029,12.028875
RE1,OR_TRABUS,2029,14.51912409
RE1,OR_TRAFWD,2029,9.318197275
RE1,OR_TRAMET,2029,1.87
RE1,OR_TRAMIC,2029,1.541792873
RE1,OR_TRAMTC,2029,4.117368125
RE1,OR_TRASTT,2029,14.98153034
RE1,OR_TRATAX,2029,3.118311961
RE1,OR_TRATCK,2029,9.717629294
RE1,SE_AGFELC,2029,0.0221523
RE1,SE_AGFHEA,2029,0.2902133
RE1,SE_OTHDSL,2029,0.000682236
RE1,SE_OTHELC,2029,0.01597586
RE1,SE_OTHGSL,2029,1.8164e-05
RE1,SE_RESCLIM,2029,0.016634
RE1,SE_RESDHT,2029,0.652493
RE1,SE_RESOTH,2029,0.037293
RE1,SE_RESREF,2029,0.027625
RE1,SE_TERCLIM_CEN,2029,0.007
RE1,SE_TERCLIM_SPL,2029,0.001
RE1,SE_TERDHT,2029,0.052
RE1,SE_TEROTH,2029,0.007
RE1,SE_TERREF_AUC,2029,0.001
RE1,SE_TERREF_CEN,2029,0.001
RE1,SE_TRAAVI,2029,0.457708
RE1,SE_TRAFWD,2029,0.00602
RE1,SE_TRAMIC,2029,0.00102
RE1,SE_TRAMTC,2029,0.081991
RE1,SE_TRATAX,2029,0.004888
RE1,SE_TRATCK,2029,0.004126
RE1,SO_AGFELC,2029,1.3371128
RE1,SO_AGFHEA,2029,17.5162275
RE1,SO_INDCLIM,2029,0.172242466
RE1,SO_INDDHT,2029,24.7408668
RE1,SO_INDIHT,2029,65.32038818
RE1,SO_INDILU,2029,0.335900555
RE1,SO_INDMPW,2029,7.831289085
RE1,SO_INDREF,2029,0.247369393
RE1,SO_RESCLIM_RUR,2029,0.020449978
RE1,SO_RESCLIM_URB,2029,0.353772008
RE1,SO_RESDHT_RUR,2029,6.217395771
RE1,SO_RESDHT_URB,2029,10.08483824
RE1,SO_RESILU_RUR,2029,0.046701716
RE1,SO_RESILU_URB,2029,0.287779461
RE1,SO_RESOTH_RUR,2029,0.336593507
RE1,SO_RESOTH_URB,2029,1.661592018
RE1,SO_RESREF_RUR,2029,0.119046405
RE1,SO_RESREF_URB,2029,2.24293646
RE1,SO_RESTV_RUR,2029,0.150347166
RE1,SO_RESTV_URB,2029,0.572366216
RE1,SO_RESWHT_RUR,2029,0.077414226
RE1,SO_RESWHT_URB,2029,1.422218344
RE1,SO_RESWSH_RUR,2029,0.070077845
RE1,SO_RESWSH_URB,2029,0.55173756
RE1,SO_TERCLIM_CEN,2029,5.737
RE1,SO_TERCLIM_FAN,2029,0.162
RE1,SO_TERCLIM_SPL,2029,0.631
RE1,SO_TERDHT,2029,5.551
RE1,SO_TERIHT,2029,0.403
RE1,SO_TERILU,2029,0.645
RE1,SO_TERMPW,2029,0.573
RE1,SO_TEROTH,2029,2.799
RE1,SO_TERREF_AUC,2029,0.445
RE1,SO_TERREF_CEN,2029,0.706
RE1,SO_TRAAVI,2029,22.403578
RE1,SO_TRABUS,2029,3.094798616
RE1,SO_TRAFWD,2029,3.635782399
RE1,SO_TRAMIC,2029,0.633515686
RE1,SO_TRAMRT,2029,2.276818
RE1,SO_TRAMTC,2029,5.067392892
RE1,SO_TRASTT,2029,3.082580538
RE1,SO_TRATAX,2029,2.153492555
RE1,SO_TRATCK,2029,3.610584133
RE1,AN_AGFELC,2030,0.57929
RE1,AN_AGFHEA,2030,7.5856866
RE1,AN_INDCLIM,2030,0.089036728
RE1,AN_INDDHT,2030,9.328302484
RE1,AN_INDIHT,2030,13.21265299
RE1,AN_INDILU,2030,0.249484831
RE1,AN_INDMPW,2030,4.578127511
RE1,AN_INDREF,2030,0.30515696
RE1,AN_RESCLIM_RUR,2030,0.04302812
RE1,AN_RESCLIM_URB,2030,0.23639532
RE1,AN_RESDHT_RUR,2030,1.59426007
RE1,AN_RESDHT_URB,2030,6.1430906
RE1,AN_RESILU_RUR,2030,0.04787304
RE1,AN_RESILU_URB,2030,0.222683062
RE1,AN_RESOTH_RUR,2030,0.255232544
RE1,AN_RESOTH_URB,2030,1.164128098
RE1,AN_RESREF_RUR,2030,0.106853763
RE1,AN_RESREF_URB,2030,1.61909324
RE1,AN_RESTV_RUR,2030,0.127293644
RE1,AN_RESTV_URB,2030,0.396527377
RE1,AN_RESWHT_RUR,2030,0.134168066
RE1,AN_RESWHT_URB,2030,2.196321139
RE1,AN_RESWSH_RUR,2030,0.08780201
RE1,AN_RESWSH_URB,2030,0.418595406
RE1,AN_TERCLIM_CEN,2030,3.856
RE1,AN_TERCLIM_FAN,2030,0.109
RE1,AN_TERCLIM_SPL,2030,0.424
RE1,AN_TERDHT,2030,3.928
RE1,AN_TERIHT,2030,0.265
RE1,AN_TERILU,2030,0.433
RE1,AN_TERMPW,2030,0.385
RE1,AN_TEROTH,2030,1.879
RE1,AN_TERREF_AUC,2030,0.299
RE1,AN_TERREF_CEN,2030,0.475
RE1,AN_TRAAVI,2030,15.354923
RE1,AN_TRABUS,2030,4.164133234
RE1,AN_TRAFWD,2030,3.196989659
RE1,AN_TRAMET,2030,0.929
RE1,AN_TRAMIC,2030,0.464028792
RE1,AN_TRAMRT,2030,1.112142
RE1,AN_TRAMTC,2030,3.016906373
RE1,AN_TRASTT,2030,7.056708611
RE1,AN_TRATAX,2030,1.534186788
RE1,AN_TRATCK,2030,3.576637469
RE1,CA_AGFELC,2030,0.5297678
RE1,CA_AGFHEA,2030,6.9302422
RE1,CA_INDCLIM,2030,0.107518132
RE1,CA_INDDHT,2030,10.12073283
RE1,CA_INDIHT,2030,16.06269857
RE1,CA_INDILU,2030,0.211831695
RE1,CA_INDMPW,2030,4.677587286
RE1,CA_INDREF,2030,0.453031309
RE1,CA_RESCLIM_RUR,2030,0.07981254
RE1,CA_RESCLIM_URB,2030,2.106392474
RE1,CA_RESDHT_RUR,2030,8.451184467
RE1,CA_RESDHT_URB,2030,10.34034326
RE1,CA_RESILU_RUR,2030,0.019040844
RE1,CA_RESILU_URB,2030,0.272263966
RE1,CA_RESOTH_RUR,2030,0.177845839
RE1,CA_RESOTH_URB,2030,1.539696878
RE1,CA_RESREF_RUR,2030,0.051952803
RE1,CA_RESREF_URB,2030,1.955171334
RE1,CA_RESTV_RUR,2030,0.065077103
RE1,CA_RESTV_URB,2030,0.492238512
RE1,CA_RESWHT_RUR,2030,0.003429972
RE1,CA_RESWHT_URB,2030,0.1316196
RE1,CA_RESWSH_RUR,2030,0.044242348
RE1,CA_RESWSH_URB,2030,0.440677142
RE1,CA_TERCLIM_CEN,2030,4.685
RE1,CA_TERCLIM_FAN,2030,0.132
RE1,CA_TERCLIM_SPL,2030,0.515
RE1,CA_TERDHT,2030,3.714
RE1,CA_TERIHT,2030,0.322
RE1,CA_TERILU,2030,0.526
RE1,CA_TERMPW,2030,0.468
RE1,CA_TEROTH,2030,2.283
RE1,CA_TERREF_AUC,2030,0.363
RE1,CA_TERREF_CEN,2030,0.577
RE1,CA_TRAAVI,2030,18.089361
RE1,CA_TRABUS,2030,4.648472135
RE1,CA_TRAFWD,2030,1.993663715
RE1,CA_TRAMIC,2030,0.364496994
RE1,CA_TRAMRT,2030,5.519101
RE1,CA_TRAMTC,2030,3.372587596
RE1,CA_TRASTT,2030,0.624629223
RE1,CA_TRATAX,2030,2.001795158
RE1,CA_TRATCK,2030,1.546084748
RE1,IN_AGFELC,2030,0.0010745
RE1,IN_AGFHEA,2030,0.0142696
RE1,IN_RESCLIM,2030,0.035538
RE1,IN_RESDHT,2030,0.06647
RE1,IN_RESOTH,2030,0.051968
RE1,IN_RESREF,2030,0.021264
RE1,IN_TERDHT,2030,0.053
RE1,IN_TRAAVI,2030,0.186071
RE1,IN_TRAFWD,2030,0.014675
RE1,IN_TRAMIC,2030,0.003057
RE1,IN_TRAMRT,2030,0.570159
RE1,IN_TRAMTC,2030,0.020064
RE1,IN_TRATAX,2030,0.006862
RE1,IN_TRATCK,2030,0.012638
RE1,NE_AGFELC,2030,0.8125368
RE1,NE_AGFHEA,2030,10.6436928
RE1,NE_INDCLIM,2030,0.384432892
RE1,NE_INDDHT,2030,8.419119397
RE1,NE_INDIHT,2030,10.72061558
RE1,NE_INDILU,2030,0.616778168
RE1,NE_INDMPW,2030,10.36007863
RE1,NE_INDREF,2030,0.463398028
RE1,NE_RESCLIM_RUR,2030,0.021501862
RE1,NE_RESCLIM_URB,2030,0.402369277
RE1,NE_RESDHT_RUR,2030,3.191155075
RE1,NE_RESDHT_URB,2030,5.379816173
RE1,NE_RESILU_RUR,2030,0.023302073
RE1,NE_RESILU_URB,2030,0.156510126
RE1,NE_RESOTH_RUR,2030,0.156823949
RE1,NE_RESOTH_URB,2030,0.826431999
RE1,NE_RESREF_RUR,2030,0.06131582
RE1,NE_RESREF_URB,2030,1.111486749
RE1,NE_RESTV_RUR,2030,0.064630472
RE1,NE_RESTV_URB,2030,0.274749055
RE1,NE_RESWHT_RUR,2030,0.04289569
RE1,NE_RESWHT_URB,2030,0.755422187
RE1,NE_RESWSH_RUR,2030,0.045387589
RE1,NE_RESWSH_URB,2030,0.278328649
RE1,NE_TERCLIM_CEN,2030,2.435
RE1,NE_TERCLIM_FAN,2030,0.069
RE1,NE_TERCLIM_SPL,2030,0.268
RE1,NE_TERDHT,2030,2.79
RE1,NE_TERIHT,2030,0.167
RE1,NE_TERILU,2030,0.274
RE1,NE_TERMPW,2030,0.243
RE1,NE_TEROTH,2030,1.187
RE1,NE_TERREF_AUC,2030,0.189
RE1,NE_TERREF_CEN,2030,0.3
RE1,NE_TRAAVI,2030,12.118901
RE1,NE_TRABUS,2030,2.368535357
RE1,NE_TRAFWD,2030,2.217977088
RE1,NE_TRAMIC,2030,0.391333213
RE1,NE_TRAMTC,2030,2.347496072
RE1,NE_TRASTT,2030,5.970814731
RE1,NE_TRATAX,2030,0.968547314
RE1,NE_TRATCK,2030,2.31702074
RE1,OR_AGFELC,2030,0.7470872
RE1,OR_AGFHEA,2030,9.7785458
RE1,OR_INDCLIM,2030,0.173380784
RE1,OR_INDDHT,2030,10.71107342
RE1,OR_INDIHT,2030,21.65084531
RE1,OR_INDILU,2030,0.429696194
RE1,OR_INDMPW,2030,8.671182955
RE1,OR_INDREF,2030,0.520460258
RE1,OR_RESCLIM_RUR,2030,0.015448638
RE1,OR_RESCLIM_URB,2030,0.11194663
RE1,OR_RESDHT_RUR,2030,1.73137374
RE1,OR_RESDHT_URB,2030,13.99604054
RE1,OR_RESILU_RUR,2030,0.021849033
RE1,OR_RESILU_URB,2030,0.320771274
RE1,OR_RESOTH_RUR,2030,0.159136443
RE1,OR_RESOTH_URB,2030,1.792355452
RE1,OR_RESREF_RUR,2030,0.06530526
RE1,OR_RESREF_URB,2030,2.415245902
RE1,OR_RESTV_RUR,2030,0.077222113
RE1,OR_RESTV_URB,2030,0.633247781
RE1,OR_RESWHT_RUR,2030,0.122147184
RE1,OR_RESWHT_URB,2030,5.203861881
RE1,OR_RESWSH_RUR,2030,0.053374012
RE1,OR_RESWSH_URB,2030,0.668816427
RE1,OR_TERCLIM_CEN,2030,7.053
RE1,OR_TERCLIM_FAN,2030,0.199
RE1,OR_TERCLIM_SPL,2030,0.776
RE1,OR_TERDHT,2030,10.443
RE1,OR_TERIHT,2030,0.484
RE1,OR_TERILU,2030,0.792
RE1,OR_TERMPW,2030,0.705
RE1,OR_TEROTH,2030,3.437
RE1,OR_TERREF_AUC,2030,0.547
RE1,OR_TERREF_CEN,2030,0.868
RE1,OR_TRAAVI,2030,12.118901
RE1,OR_TRABUS,2030,15.08833808
RE1,OR_TRAFWD,2030,9.735619658
RE1,OR_TRAMET,2030,1.89
RE1,OR_TRAMIC,2030,1.540195127
RE1,OR_TRAMTC,2030,4.213454488
RE1,OR_TRASTT,2030,15.24095305
RE1,OR_TRATAX,2030,3.12719224
RE1,OR_TRATCK,2030,9.92106153
RE1,SE_AGFELC,2030,0.0227955
RE1,SE_AGFHEA,2030,0.2986403
RE1,SE_OTHDSL,2030,0.000695476
RE1,SE_OTHELC,2030,0.016275689
RE1,SE_OTHGSL,2030,1.8517e-05
RE1,SE_RESCLIM,2030,0.017239
RE1,SE_RESDHT,2030,0.677553
RE1,SE_RESOTH,2030,0.038865
RE1,SE_RESREF,2030,0.028627
RE1,SE_TERCLIM_CEN,2030,0.007
RE1,SE_TERCLIM_SPL,2030,0.001
RE1,SE_TERDHT,2030,0.053
RE1,SE_TEROTH,2030,0.007
RE1,SE_TERREF_AUC,2030,0.001
RE1,SE_TERREF_CEN,2030,0.001
RE1,SE_TRAAVI,2030,0.461133
RE1,SE_TRAFWD,2030,0.006289
RE1,SE_TRAMIC,2030,0.001019
RE1,SE_TRAMTC,2030,0.083904
RE1,SE_TRATAX,2030,0.004902
RE1,SE_TRATCK,2030,0.004213
RE1,SO_AGFELC,2030,1.3759387
RE1,SO_AGFHEA,2030,18.0248483
RE1,SO_INDCLIM,2030,0.174685074
RE1,SO_INDDHT,2030,25.07038216
RE1,SO_INDIHT,2030,66.25986422
RE1,SO_INDILU,2030,0.340287305
RE1,SO_INDMPW,2030,7.939048947
RE1,SO_INDREF,2030,0.250852554
RE1,SO_RESCLIM_RUR,2030,0.02087863
RE1,SO_RESCLIM_URB,2030,0.361104393
RE1,SO_RESDHT_RUR,2030,6.347718454
RE1,SO_RESDHT_URB,2030,10.29385963
RE1,SO_RESILU_RUR,2030,0.04768063
RE1,SO_RESILU_URB,2030,0.293744065
RE1,SO_RESOTH_RUR,2030,0.344748837
RE1,SO_RESOTH_URB,2030,1.697764857
RE1,SO_RESREF_RUR,2030,0.121541734
RE1,SO_RESREF_URB,2030,2.289424236
RE1,SO_RESTV_RUR,2030,0.153498589
RE1,SO_RESTV_URB,2030,0.584229251
RE1,SO_RESWHT_RUR,2030,0.079036904
RE1,SO_RESWHT_URB,2030,1.451695669
RE1,SO_RESWSH_RUR,2030,0.071546745
RE1,SO_RESWSH_URB,2030,0.563173039
RE1,SO_TERCLIM_CEN,2030,5.929
RE1,SO_TERCLIM_FAN,2030,0.167
RE1,SO_TERCLIM_SPL,2030,0.652
RE1,SO_TERDHT,2030,5.72
RE1,SO_TERIHT,2030,0.407
RE1,SO_TERILU,2030,0.666
RE1,SO_TERMPW,2030,0.593
RE1,SO_TEROTH,2030,2.889
RE1,SO_TERREF_AUC,2030,0.46
RE1,SO_TERREF_CEN,2030,0.73
RE1,SO_TRAAVI,2030,22.571251
RE1,SO_TRABUS,2030,3.216128434
RE1,SO_TRAFWD,2030,3.798652631
RE1,SO_TRAMIC,2030,0.63285918
RE1,SO_TRAMRT,2030,2.347866
RE1,SO_TRAMTC,2030,5.185649831
RE1,SO_TRASTT,2030,3.135959024
RE1,SO_TRATAX,2030,2.159625236
RE1,SO_TRATCK,2030,3.686169358
RE1,AN_AGFELC,2031,0.5960336
RE1,AN_AGFHEA,2031,7.8049412
RE1,AN_INDCLIM,2031,0.090438089
RE1,AN_INDDHT,2031,9.463762806
RE1,AN_INDIHT,2031,13.41818214
RE1,AN_INDILU,2031,0.253279813
RE1,AN_INDMPW,2031,4.648923243
RE1,AN_INDREF,2031,0.309965399
RE1,AN_RESCLIM_RUR,2031,0.044041963
RE1,AN_RESCLIM_URB,2031,0.24202742
RE1,AN_RESDHT_RUR,2031,1.631824577
RE1,AN_RESDHT_URB,2031,6.289449258
RE1,AN_RESILU_RUR,2031,0.049001041
RE1,AN_RESILU_URB,2031,0.227988469
RE1,AN_RESOTH_RUR,2031,0.261246422
RE1,AN_RESOTH_URB,2031,1.192594116
RE1,AN_RESREF_RUR,2031,0.109371488
RE1,AN_RESREF_URB,2031,1.65766801
RE1,AN_RESTV_RUR,2031,0.13029298
RE1,AN_RESTV_URB,2031,0.405974611
RE1,AN_RESWHT_RUR,2031,0.137329381
RE1,AN_RESWHT_URB,2031,2.24864832
RE1,AN_RESWSH_RUR,2031,0.089870831
RE1,AN_RESWSH_URB,2031,0.428568409
RE1,AN_TERCLIM_CEN,2031,3.943
RE1,AN_TERCLIM_FAN,2031,0.112
RE1,AN_TERCLIM_SPL,2031,0.434
RE1,AN_TERDHT,2031,4.033
RE1,AN_TERIHT,2031,0.273
RE1,AN_TERILU,2031,0.444
RE1,AN_TERMPW,2031,0.396
RE1,AN_TEROTH,2031,1.939
RE1,AN_TERREF_AUC,2031,0.306
RE1,AN_TERREF_CEN,2031,0.485
RE1,AN_TRAAVI,2031,15.573549
RE1,AN_TRABUS,2031,4.406049509
RE1,AN_TRAFWD,2031,3.3303098
RE1,AN_TRAMET,2031,0.93
RE1,AN_TRAMIC,2031,0.463523211
RE1,AN_TRAMRT,2031,1.146058
RE1,AN_TRAMTC,2031,3.097954895
RE1,AN_TRASTT,2031,7.16188825
RE1,AN_TRATAX,2031,1.539477614
RE1,AN_TRATCK,2031,3.644024596
RE1,CA_AGFELC,2031,0.5450801
RE1,CA_AGFHEA,2031,7.1305521
RE1,CA_INDCLIM,2031,0.109549143
RE1,CA_INDDHT,2031,10.30347485
RE1,CA_INDIHT,2031,16.36429134
RE1,CA_INDILU,2031,0.215771463
RE1,CA_INDMPW,2031,4.764233193
RE1,CA_INDREF,2031,0.461572527
RE1,CA_RESCLIM_RUR,2031,0.081969238
RE1,CA_RESCLIM_URB,2031,2.155322878
RE1,CA_RESDHT_RUR,2031,8.67955269
RE1,CA_RESDHT_URB,2031,10.58054407
RE1,CA_RESILU_RUR,2031,0.019555366
RE1,CA_RESILU_URB,2031,0.278588517
RE1,CA_RESOTH_RUR,2031,0.182651596
RE1,CA_RESOTH_URB,2031,1.575463237
RE1,CA_RESREF_RUR,2031,0.053356673
RE1,CA_RESREF_URB,2031,2.00058895
RE1,CA_RESTV_RUR,2031,0.066835619
RE1,CA_RESTV_URB,2031,0.503672957
RE1,CA_RESWHT_RUR,2031,0.003522657
RE1,CA_RESWHT_URB,2031,0.134677055
RE1,CA_RESWSH_RUR,2031,0.045437866
RE1,CA_RESWSH_URB,2031,0.450913843
RE1,CA_TERCLIM_CEN,2031,4.79
RE1,CA_TERCLIM_FAN,2031,0.136
RE1,CA_TERCLIM_SPL,2031,0.527
RE1,CA_TERDHT,2031,3.814
RE1,CA_TERIHT,2031,0.332
RE1,CA_TERILU,2031,0.54
RE1,CA_TERMPW,2031,0.481
RE1,CA_TEROTH,2031,2.356
RE1,CA_TERREF_AUC,2031,0.371
RE1,CA_TERREF_CEN,2031,0.59
RE1,CA_TRAAVI,2031,18.346921
RE1,CA_TRABUS,2031,4.918526189
RE1,CA_TRAFWD,2031,2.07680303
RE1,CA_TRAMIC,2031,0.364099857
RE1,CA_TRAMRT,2031,5.687411
RE1,CA_TRAMTC,2031,3.463191415
RE1,CA_TRASTT,2031,0.633939269
RE1,CA_TRATAX,2031,2.008698586
RE1,CA_TRATCK,2031,1.575214401
RE1,IN_AGFELC,2031,0.0011055
RE1,IN_AGFHEA,2031,0.0146821
RE1,IN_RESCLIM,2031,0.036298
RE1,IN_RESDHT,2031,0.067893
RE1,IN_RESOTH,2031,0.051643
RE1,IN_RESREF,2031,0.021719
RE1,IN_TERDHT,2031,0.055
RE1,IN_TRAAVI,2031,0.188721
RE1,IN_TRAFWD,2031,0.015287
RE1,IN_TRAMIC,2031,0.003054
RE1,IN_TRAMRT,2031,0.587547
RE1,IN_TRAMTC,2031,0.020603
RE1,IN_TRATAX,2031,0.006886
RE1,IN_TRATCK,2031,0.012876
RE1,NE_AGFELC,2031,0.8360222
RE1,NE_AGFHEA,2031,10.9513353
RE1,NE_INDCLIM,2031,0.393040519
RE1,NE_INDDHT,2031,8.596561812
RE1,NE_INDIHT,2031,10.95720635
RE1,NE_INDILU,2031,0.630290954
RE1,NE_INDMPW,2031,10.58536775
RE1,NE_INDREF,2031,0.473613656
RE1,NE_RESCLIM_RUR,2031,0.021873041
RE1,NE_RESCLIM_URB,2031,0.409985125
RE1,NE_RESDHT_RUR,2031,3.246242832
RE1,NE_RESDHT_URB,2031,5.481642684
RE1,NE_RESILU_RUR,2031,0.023704328
RE1,NE_RESILU_URB,2031,0.159472472
RE1,NE_RESOTH_RUR,2031,0.159531144
RE1,NE_RESOTH_URB,2031,0.842074297
RE1,NE_RESREF_RUR,2031,0.062374293
RE1,NE_RESREF_URB,2031,1.132524423
RE1,NE_RESTV_RUR,2031,0.065746164
RE1,NE_RESTV_URB,2031,0.27994937
RE1,NE_RESWHT_RUR,2031,0.043636183
RE1,NE_RESWHT_URB,2031,0.769720446
RE1,NE_RESWSH_RUR,2031,0.046171099
RE1,NE_RESWSH_URB,2031,0.283596716
RE1,NE_TERCLIM_CEN,2031,2.49
RE1,NE_TERCLIM_FAN,2031,0.07
RE1,NE_TERCLIM_SPL,2031,0.274
RE1,NE_TERDHT,2031,2.865
RE1,NE_TERIHT,2031,0.172
RE1,NE_TERILU,2031,0.281
RE1,NE_TERMPW,2031,0.25
RE1,NE_TEROTH,2031,1.225
RE1,NE_TERREF_AUC,2031,0.193
RE1,NE_TERREF_CEN,2031,0.306
RE1,NE_TRAAVI,2031,12.291453
RE1,NE_TRABUS,2031,2.506135962
RE1,NE_TRAFWD,2031,2.310470668
RE1,NE_TRAMIC,2031,0.390906837
RE1,NE_TRAMTC,2031,2.410561034
RE1,NE_TRASTT,2031,6.059809214
RE1,NE_TRATAX,2031,0.971887465
RE1,NE_TRATCK,2031,2.360675534
RE1,OR_AGFELC,2031,0.7686808
RE1,OR_AGFHEA,2031,10.0611823
RE1,OR_INDCLIM,2031,0.1762869
RE1,OR_INDDHT,2031,10.88377516
RE1,OR_INDIHT,2031,22.01966975
RE1,OR_INDILU,2031,0.436778835
RE1,OR_INDMPW,2031,8.816025225
RE1,OR_INDREF,2031,0.529315822
RE1,OR_RESCLIM_RUR,2031,0.015699869
RE1,OR_RESCLIM_URB,2031,0.114544003
RE1,OR_RESDHT_RUR,2031,1.759529881
RE1,OR_RESDHT_URB,2031,14.3207752
RE1,OR_RESILU_RUR,2031,0.022204348
RE1,OR_RESILU_URB,2031,0.328213775
RE1,OR_RESOTH_RUR,2031,0.16172437
RE1,OR_RESOTH_URB,2031,1.833941493
RE1,OR_RESREF_RUR,2031,0.066367274
RE1,OR_RESREF_URB,2031,2.471284182
RE1,OR_RESTV_RUR,2031,0.078477923
RE1,OR_RESTV_URB,2031,0.647940329
RE1,OR_RESWHT_RUR,2031,0.12413358
RE1,OR_RESWHT_URB,2031,5.324601335
RE1,OR_RESWSH_RUR,2031,0.054241997
RE1,OR_RESWSH_URB,2031,0.684334235
RE1,OR_TERCLIM_CEN,2031,7.211
RE1,OR_TERCLIM_FAN,2031,0.204
RE1,OR_TERCLIM_SPL,2031,0.793
RE1,OR_TERDHT,2031,10.724
RE1,OR_TERIHT,2031,0.499
RE1,OR_TERILU,2031,0.813
RE1,OR_TERMPW,2031,0.724
RE1,OR_TEROTH,2031,3.547
RE1,OR_TERREF_AUC,2031,0.559
RE1,OR_TERREF_CEN,2031,0.888
RE1,OR_TRAAVI,2031,12.291453
RE1,OR_TRABUS,2031,15.96489854
RE1,OR_TRAFWD,2031,10.14161227
RE1,OR_TRAMET,2031,1.892
RE1,OR_TRAMIC,2031,1.538517012
RE1,OR_TRAMTC,2031,4.326648009
RE1,OR_TRASTT,2031,15.46811815
RE1,OR_TRATAX,2031,3.137976733
RE1,OR_TRATCK,2031,10.10798342
RE1,SE_AGFELC,2031,0.0234544
RE1,SE_AGFHEA,2031,0.3072721
RE1,SE_OTHDSL,2031,0.000703047
RE1,SE_OTHELC,2031,0.016442971
RE1,SE_OTHGSL,2031,1.8719e-05
RE1,SE_RESCLIM,2031,0.01786
RE1,SE_RESDHT,2031,0.704061
RE1,SE_RESOTH,2031,0.040415
RE1,SE_RESREF,2031,0.029652
RE1,SE_TERCLIM_CEN,2031,0.007
RE1,SE_TERCLIM_SPL,2031,0.001
RE1,SE_TERDHT,2031,0.055
RE1,SE_TEROTH,2031,0.007
RE1,SE_TERREF_AUC,2031,0.001
RE1,SE_TERREF_CEN,2031,0.001
RE1,SE_TRAAVI,2031,0.467699
RE1,SE_TRAFWD,2031,0.006551
RE1,SE_TRAMIC,2031,0.001018
RE1,SE_TRAMTC,2031,0.086158
RE1,SE_TRATAX,2031,0.004918
RE1,SE_TRATCK,2031,0.004292
RE1,SO_AGFELC,2031,1.4157085
RE1,SO_AGFHEA,2031,18.5458337
RE1,SO_INDCLIM,2031,0.176220036
RE1,SO_INDDHT,2031,25.26998146
RE1,SO_INDIHT,2031,66.85484729
RE1,SO_INDILU,2031,0.342912084
RE1,SO_INDMPW,2031,8.005611975
RE1,SO_INDREF,2031,0.253032717
RE1,SO_RESCLIM_RUR,2031,0.021313325
RE1,SO_RESCLIM_URB,2031,0.368310262
RE1,SO_RESDHT_RUR,2031,6.479878587
RE1,SO_RESDHT_URB,2031,10.49927448
RE1,SO_RESILU_RUR,2031,0.048673345
RE1,SO_RESILU_URB,2031,0.299605753
RE1,SO_RESOTH_RUR,2031,0.351926542
RE1,SO_RESOTH_URB,2031,1.7316439
RE1,SO_RESREF_RUR,2031,0.124072245
RE1,SO_RESREF_URB,2031,2.335109892
RE1,SO_RESTV_RUR,2031,0.156694445
RE1,SO_RESTV_URB,2031,0.595887595
RE1,SO_RESWHT_RUR,2031,0.08068246
RE1,SO_RESWHT_URB,2031,1.48066438
RE1,SO_RESWSH_RUR,2031,0.073036356
RE1,SO_RESWSH_URB,2031,0.574411205
RE1,SO_TERCLIM_CEN,2031,6.062
RE1,SO_TERCLIM_FAN,2031,0.172
RE1,SO_TERCLIM_SPL,2031,0.667
RE1,SO_TERDHT,2031,5.873
RE1,SO_TERIHT,2031,0.42
RE1,SO_TERILU,2031,0.683
RE1,SO_TERMPW,2031,0.609
RE1,SO_TEROTH,2031,2.982
RE1,SO_TERREF_AUC,2031,0.47
RE1,SO_TERREF_CEN,2031,0.746
RE1,SO_TRAAVI,2031,22.892625
RE1,SO_TRABUS,2031,3.402970152
RE1,SO_TRAFWD,2031,3.957063186
RE1,SO_TRAMIC,2031,0.63216965
RE1,SO_TRAMRT,2031,2.419466
RE1,SO_TRAMTC,2031,5.324961164
RE1,SO_TRASTT,2031,3.182700226
RE1,SO_TRATAX,2031,2.16707296
RE1,SO_TRATCK,2031,3.755620167
RE1,AN_AGFELC,2032,0.6133195
RE1,AN_AGFHEA,2032,8.0312963
RE1,AN_INDCLIM,2032,0.091724607
RE1,AN_INDDHT,2032,9.587302763
RE1,AN_INDIHT,2032,13.60669278
RE1,AN_INDILU,2032,0.256754291
RE1,AN_INDMPW,2032,4.713826263
RE1,AN_INDREF,2032,0.314380176
RE1,AN_RESCLIM_RUR,2032,0.045064188
RE1,AN_RESCLIM_URB,2032,0.247550445
RE1,AN_RESDHT_RUR,2032,1.66969962
RE1,AN_RESDHT_URB,2032,6.432973438
RE1,AN_RESILU_RUR,2032,0.050138367
RE1,AN_RESILU_URB,2032,0.233191128
RE1,AN_RESOTH_RUR,2032,0.267310014
RE1,AN_RESOTH_URB,2032,1.220556346
RE1,AN_RESREF_RUR,2032,0.111910027
RE1,AN_RESREF_URB,2032,1.695495717
RE1,AN_RESTV_RUR,2032,0.133317112
RE1,AN_RESTV_URB,2032,0.415238884
RE1,AN_RESWHT_RUR,2032,0.140516829
RE1,AN_RESWHT_URB,2032,2.299962098
RE1,AN_RESWSH_RUR,2032,0.091956755
RE1,AN_RESWSH_URB,2032,0.438348269
RE1,AN_TERCLIM_CEN,2032,4.022
RE1,AN_TERCLIM_FAN,2032,0.115
RE1,AN_TERCLIM_SPL,2032,0.442
RE1,AN_TERDHT,2032,4.137
RE1,AN_TERIHT,2032,0.282
RE1,AN_TERILU,2032,0.456
RE1,AN_TERMPW,2032,0.406
RE1,AN_TEROTH,2032,2.002
RE1,AN_TERREF_AUC,2032,0.312
RE1,AN_TERREF_CEN,2032,0.495
RE1,AN_TRAAVI,2032,15.680011
RE1,AN_TRABUS,2032,4.726657349
RE1,AN_TRAFWD,2032,3.507756166
RE1,AN_TRAMET,2032,0.961
RE1,AN_TRAMIC,2032,0.463101832
RE1,AN_TRAMRT,2032,1.180915
RE1,AN_TRAMTC,2032,3.179597336
RE1,AN_TRASTT,2032,7.299501916
RE1,AN_TRATAX,2032,1.545032583
RE1,AN_TRATCK,2032,3.731036496
RE1,CA_AGFELC,2032,0.5608882
RE1,CA_AGFHEA,2032,7.3373488
RE1,CA_INDCLIM,2032,0.111283514
RE1,CA_INDDHT,2032,10.45834928
RE1,CA_INDIHT,2032,16.62157956
RE1,CA_INDILU,2032,0.219127198
RE1,CA_INDMPW,2032,4.837984982
RE1,CA_INDREF,2032,0.468863952
RE1,CA_RESCLIM_RUR,2032,0.084140341
RE1,CA_RESCLIM_URB,2032,2.203549814
RE1,CA_RESDHT_RUR,2032,8.909446293
RE1,CA_RESDHT_URB,2032,10.81729153
RE1,CA_RESILU_RUR,2032,0.020073325
RE1,CA_RESILU_URB,2032,0.28482214
RE1,CA_RESOTH_RUR,2032,0.187489453
RE1,CA_RESOTH_URB,2032,1.612360653
RE1,CA_RESREF_RUR,2032,0.054769921
RE1,CA_RESREF_URB,2032,2.045353601
RE1,CA_RESTV_RUR,2032,0.068605881
RE1,CA_RESTV_URB,2032,0.51494301
RE1,CA_RESWHT_RUR,2032,0.003615961
RE1,CA_RESWHT_URB,2032,0.137690554
RE1,CA_RESWSH_RUR,2032,0.04664137
RE1,CA_RESWSH_URB,2032,0.461003373
RE1,CA_TERCLIM_CEN,2032,4.887
RE1,CA_TERCLIM_FAN,2032,0.139
RE1,CA_TERCLIM_SPL,2032,0.538
RE1,CA_TERDHT,2032,3.912
RE1,CA_TERIHT,2032,0.342
RE1,CA_TERILU,2032,0.554
RE1,CA_TERMPW,2032,0.494
RE1,CA_TEROTH,2032,2.432
RE1,CA_TERREF_AUC,2032,0.379
RE1,CA_TERREF_CEN,2032,0.601
RE1,CA_TRAAVI,2032,18.472342
RE1,CA_TRABUS,2032,5.276424587
RE1,CA_TRAFWD,2032,2.187459747
RE1,CA_TRAMIC,2032,0.363768862
RE1,CA_TRAMRT,2032,5.860394
RE1,CA_TRAMTC,2032,3.554459175
RE1,CA_TRASTT,2032,0.646120233
RE1,CA_TRATAX,2032,2.015946667
RE1,CA_TRATCK,2032,1.612827319
RE1,IN_AGFELC,2032,0.0011376
RE1,IN_AGFHEA,2032,0.0151079
RE1,IN_RESCLIM,2032,0.03704
RE1,IN_RESDHT,2032,0.069281
RE1,IN_RESOTH,2032,0.051281
RE1,IN_RESREF,2032,0.022163
RE1,IN_TERDHT,2032,0.056
RE1,IN_TRAAVI,2032,0.190011
RE1,IN_TRAFWD,2032,0.016101
RE1,IN_TRAMIC,2032,0.003051
RE1,IN_TRAMRT,2032,0.605417
RE1,IN_TRAMTC,2032,0.021146
RE1,IN_TRATAX,2032,0.006911
RE1,IN_TRATCK,2032,0.013184
RE1,NE_AGFELC,2032,0.8602681
RE1,NE_AGFHEA,2032,11.2689405
RE1,NE_INDCLIM,2032,0.400780612
RE1,NE_INDDHT,2032,8.755000248
RE1,NE_INDIHT,2032,11.16960282
RE1,NE_INDILU,2032,0.64241175
RE1,NE_INDMPW,2032,10.78727475
RE1,NE_INDREF,2032,0.482783481
RE1,NE_RESCLIM_RUR,2032,0.022246683
RE1,NE_RESCLIM_URB,2032,0.417385501
RE1,NE_RESDHT_RUR,2032,3.301696089
RE1,NE_RESDHT_URB,2032,5.580588265
RE1,NE_RESILU_RUR,2032,0.024109252
RE1,NE_RESILU_URB,2032,0.162351006
RE1,NE_RESOTH_RUR,2032,0.162256301
RE1,NE_RESOTH_URB,2032,0.858149697
RE1,NE_RESREF_RUR,2032,0.063439788
RE1,NE_RESREF_URB,2032,1.152966888
RE1,NE_RESTV_RUR,2032,0.066869259
RE1,NE_RESTV_URB,2032,0.285002554
RE1,NE_RESWHT_RUR,2032,0.044381589
RE1,NE_RESWHT_URB,2032,0.783614172
RE1,NE_RESWSH_RUR,2032,0.046959807
RE1,NE_RESWSH_URB,2032,0.288715737
RE1,NE_TERCLIM_CEN,2032,2.54
RE1,NE_TERCLIM_FAN,2032,0.072
RE1,NE_TERCLIM_SPL,2032,0.279
RE1,NE_TERDHT,2032,2.939
RE1,NE_TERIHT,2032,0.178
RE1,NE_TERILU,2032,0.288
RE1,NE_TERMPW,2032,0.257
RE1,NE_TEROTH,2032,1.264
RE1,NE_TERREF_AUC,2032,0.197
RE1,NE_TERREF_CEN,2032,0.313
RE1,NE_TRAAVI,2032,12.375478
RE1,NE_TRABUS,2032,2.688495882
RE1,NE_TRAFWD,2032,2.43357772
RE1,NE_TRAMIC,2032,0.390551472
RE1,NE_TRAMTC,2032,2.474088133
RE1,NE_TRASTT,2032,6.176246741
RE1,NE_TRATAX,2032,0.975394372
RE1,NE_TRATCK,2032,2.417043667
RE1,OR_AGFELC,2032,0.7909737
RE1,OR_AGFHEA,2032,10.3529718
RE1,OR_INDCLIM,2032,0.179016526
RE1,OR_INDDHT,2032,11.04561876
RE1,OR_INDIHT,2032,22.36641614
RE1,OR_INDILU,2032,0.443424864
RE1,OR_INDMPW,2032,8.952044128
RE1,OR_INDREF,2032,0.537640726
RE1,OR_RESCLIM_RUR,2032,0.015948648
RE1,OR_RESCLIM_URB,2032,0.117080681
RE1,OR_RESDHT_RUR,2032,1.787411254
RE1,OR_RESDHT_URB,2032,14.63792137
RE1,OR_RESILU_RUR,2032,0.022556197
RE1,OR_RESILU_URB,2032,0.335482358
RE1,OR_RESOTH_RUR,2032,0.164287041
RE1,OR_RESOTH_URB,2032,1.876470507
RE1,OR_RESREF_RUR,2032,0.067418925
RE1,OR_RESREF_URB,2032,2.526012945
RE1,OR_RESTV_RUR,2032,0.079721478
RE1,OR_RESTV_URB,2032,0.662289538
RE1,OR_RESWHT_RUR,2032,0.126100591
RE1,OR_RESWHT_URB,2032,5.442519316
RE1,OR_RESWSH_RUR,2032,0.055101511
RE1,OR_RESWSH_URB,2032,0.699489419
RE1,OR_TERCLIM_CEN,2032,7.357
RE1,OR_TERCLIM_FAN,2032,0.21
RE1,OR_TERCLIM_SPL,2032,0.809
RE1,OR_TERDHT,2032,10.999
RE1,OR_TERIHT,2032,0.515
RE1,OR_TERILU,2032,0.833
RE1,OR_TERMPW,2032,0.743
RE1,OR_TEROTH,2032,3.661
RE1,OR_TERREF_AUC,2032,0.57
RE1,OR_TERREF_CEN,2032,0.905
RE1,OR_TRAAVI,2032,12.375478
RE1,OR_TRABUS,2032,17.12659035
RE1,OR_TRAFWD,2032,10.68198009
RE1,OR_TRAMET,2032,1.955
RE1,OR_TRAMIC,2032,1.53711838
RE1,OR_TRAMTC,2032,4.440671008
RE1,OR_TRASTT,2032,15.76533369
RE1,OR_TRATAX,2032,3.149299641
RE1,OR_TRATCK,2032,10.34934152
RE1,SE_AGFELC,2032,0.0241346
RE1,SE_AGFHEA,2032,0.3161835
RE1,SE_OTHDSL,2032,0.000707218
RE1,SE_OTHELC,2032,0.016530946
RE1,SE_OTHGSL,2032,1.883e-05
RE1,SE_RESCLIM,2032,0.01848
RE1,SE_RESDHT,2032,0.731333
RE1,SE_RESOTH,2032,0.04202
RE1,SE_RESREF,2032,0.030676
RE1,SE_TERCLIM_CEN,2032,0.007
RE1,SE_TERCLIM_SPL,2032,0.001
RE1,SE_TERDHT,2032,0.056
RE1,SE_TEROTH,2032,0.007
RE1,SE_TERREF_AUC,2032,0.001
RE1,SE_TERREF_CEN,2032,0.001
RE1,SE_TRAAVI,2032,0.470896
RE1,SE_TRAFWD,2032,0.006901
RE1,SE_TRAMIC,2032,0.001017
RE1,SE_TRAMTC,2032,0.088429
RE1,SE_TRATAX,2032,0.004936
RE1,SE_TRATCK,2032,0.004395
RE1,SO_AGFELC,2032,1.4567662
RE1,SO_AGFHEA,2032,19.0836909
RE1,SO_INDCLIM,2032,0.178711954
RE1,SO_INDDHT,2032,25.60711782
RE1,SO_INDIHT,2032,67.81269195
RE1,SO_INDILU,2032,0.347404496
RE1,SO_INDMPW,2032,8.115696956
RE1,SO_INDREF,2032,0.256587322
RE1,SO_RESCLIM_RUR,2032,0.021748541
RE1,SO_RESCLIM_URB,2032,0.375387952
RE1,SO_RESDHT_RUR,2032,6.612197057
RE1,SO_RESDHT_URB,2032,10.70103536
RE1,SO_RESILU_RUR,2032,0.04966725
RE1,SO_RESILU_URB,2032,0.305363172
RE1,SO_RESOTH_RUR,2032,0.359112847
RE1,SO_RESOTH_URB,2032,1.766723074
RE1,SO_RESREF_RUR,2032,0.126605788
RE1,SO_RESREF_URB,2032,2.379982883
RE1,SO_RESTV_RUR,2032,0.15989413
RE1,SO_RESTV_URB,2032,0.607338559
RE1,SO_RESWHT_RUR,2032,0.082329988
RE1,SO_RESWHT_URB,2032,1.50911779
RE1,SO_RESWSH_RUR,2032,0.074527751
RE1,SO_RESWSH_URB,2032,0.585449464
RE1,SO_TERCLIM_CEN,2032,6.184
RE1,SO_TERCLIM_FAN,2032,0.176
RE1,SO_TERCLIM_SPL,2032,0.68
RE1,SO_TERDHT,2032,6.024
RE1,SO_TERIHT,2032,0.433
RE1,SO_TERILU,2032,0.701
RE1,SO_TERMPW,2032,0.625
RE1,SO_TEROTH,2032,3.078
RE1,SO_TERREF_AUC,2032,0.479
RE1,SO_TERREF_CEN,2032,0.761
RE1,SO_TRAAVI,2032,23.04912
RE1,SO_TRABUS,2032,3.650588549
RE1,SO_TRAFWD,2032,4.167904376
RE1,SO_TRAMIC,2032,0.631594958
RE1,SO_TRAMRT,2032,2.493054
RE1,SO_TRAMTC,2032,5.465293366
RE1,SO_TRASTT,2032,3.243854914
RE1,SO_TRATAX,2032,2.174892511
RE1,SO_TRATCK,2032,3.845296742
RE1,AN_AGFELC,2033,0.6311742
RE1,AN_AGFHEA,2033,8.2650999
RE1,AN_INDCLIM,2033,0.092973562
RE1,AN_INDDHT,2033,9.707019508
RE1,AN_INDIHT,2033,13.78965331
RE1,AN_INDILU,2033,0.260124819
RE1,AN_INDMPW,2033,4.77681033
RE1,AN_INDREF,2033,0.31866616
RE1,AN_RESCLIM_RUR,2033,0.046097218
RE1,AN_RESCLIM_URB,2033,0.252966495
RE1,AN_RESDHT_RUR,2033,1.707975022
RE1,AN_RESDHT_URB,2033,6.573717695
RE1,AN_RESILU_RUR,2033,0.051287715
RE1,AN_RESILU_URB,2033,0.238293016
RE1,AN_RESOTH_RUR,2033,0.273437702
RE1,AN_RESOTH_URB,2033,1.248024158
RE1,AN_RESREF_RUR,2033,0.114475399
RE1,AN_RESREF_URB,2033,1.732590738
RE1,AN_RESTV_RUR,2033,0.13637321
RE1,AN_RESTV_URB,2033,0.424323717
RE1,AN_RESWHT_RUR,2033,0.14373797
RE1,AN_RESWHT_URB,2033,2.350281979
RE1,AN_RESWSH_RUR,2033,0.094064728
RE1,AN_RESWSH_URB,2033,0.447938702
RE1,AN_TERCLIM_CEN,2033,4.096
RE1,AN_TERCLIM_FAN,2033,0.118
RE1,AN_TERCLIM_SPL,2033,0.451
RE1,AN_TERDHT,2033,4.241
RE1,AN_TERIHT,2033,0.291
RE1,AN_TERILU,2033,0.467
RE1,AN_TERMPW,2033,0.417
RE1,AN_TEROTH,2033,2.068
RE1,AN_TERREF_AUC,2033,0.318
RE1,AN_TERREF_CEN,2033,0.504
RE1,AN_TRAAVI,2033,15.788373
RE1,AN_TRABUS,2033,5.094635564
RE1,AN_TRAFWD,2033,3.712642796
RE1,AN_TRAMET,2033,0.958
RE1,AN_TRAMIC,2033,0.462792203
RE1,AN_TRAMRT,2033,1.216665
RE1,AN_TRAMTC,2033,3.213191652
RE1,AN_TRASTT,2033,7.459152118
RE1,AN_TRATAX,2033,1.547948877
RE1,AN_TRATCK,2033,3.828450786
RE1,CA_AGFELC,2033,0.5772165
RE1,CA_AGFHEA,2033,7.5509505
RE1,CA_INDCLIM,2033,0.112967104
RE1,CA_INDDHT,2033,10.60850192
RE1,CA_INDIHT,2033,16.87129401
RE1,CA_INDILU,2033,0.222383311
RE1,CA_INDMPW,2033,4.909539374
RE1,CA_INDREF,2033,0.475941524
RE1,CA_RESCLIM_RUR,2033,0.086322889
RE1,CA_RESCLIM_URB,2033,2.250930358
RE1,CA_RESDHT_RUR,2033,9.140551843
RE1,CA_RESDHT_URB,2033,11.04988403
RE1,CA_RESILU_RUR,2033,0.020594015
RE1,CA_RESILU_URB,2033,0.290946362
RE1,CA_RESOTH_RUR,2033,0.192352814
RE1,CA_RESOTH_URB,2033,1.647029497
RE1,CA_RESREF_RUR,2033,0.056190619
RE1,CA_RESREF_URB,2033,2.0893326229999998
RE1,CA_RESTV_RUR,2033,0.070385475
RE1,CA_RESTV_URB,2033,0.526015272
RE1,CA_RESWHT_RUR,2033,0.003709756
RE1,CA_RESWHT_URB,2033,0.140651164
RE1,CA_RESWSH_RUR,2033,0.047851219
RE1,CA_RESWSH_URB,2033,0.470915829
RE1,CA_TERCLIM_CEN,2033,4.977
RE1,CA_TERCLIM_FAN,2033,0.143
RE1,CA_TERCLIM_SPL,2033,0.548
RE1,CA_TERDHT,2033,4.011
RE1,CA_TERIHT,2033,0.353
RE1,CA_TERILU,2033,0.568
RE1,CA_TERMPW,2033,0.506
RE1,CA_TEROTH,2033,2.512
RE1,CA_TERREF_AUC,2033,0.386
RE1,CA_TERREF_CEN,2033,0.613
RE1,CA_TRAAVI,2033,18.600002
RE1,CA_TRABUS,2033,5.687203105
RE1,CA_TRAFWD,2033,2.315228393
RE1,CA_TRAMIC,2033,0.363525647
RE1,CA_TRAMRT,2033,6.037807
RE1,CA_TRAMTC,2033,3.592014126
RE1,CA_TRASTT,2033,0.660251776
RE1,CA_TRATAX,2033,2.019751825
RE1,CA_TRATCK,2033,1.654936912
RE1,IN_AGFELC,2033,0.0011707
RE1,IN_AGFHEA,2033,0.0155477
RE1,IN_RESCLIM,2033,0.037765
RE1,IN_RESDHT,2033,0.070636
RE1,IN_RESOTH,2033,0.050964
RE1,IN_RESREF,2033,0.022596
RE1,IN_TERDHT,2033,0.058
RE1,IN_TRAAVI,2033,0.191324
RE1,IN_TRAFWD,2033,0.017042
RE1,IN_TRAMIC,2033,0.003049
RE1,IN_TRAMRT,2033,0.623745
RE1,IN_TRAMTC,2033,0.021369
RE1,IN_TRATAX,2033,0.006924
RE1,IN_TRATCK,2033,0.013528
RE1,NE_AGFELC,2033,0.8853118
RE1,NE_AGFHEA,2033,11.596997
RE1,NE_INDCLIM,2033,0.409495057
RE1,NE_INDDHT,2033,8.934686313
RE1,NE_INDIHT,2033,11.40914257
RE1,NE_INDILU,2033,0.656093343
RE1,NE_INDMPW,2033,11.01538476
RE1,NE_INDREF,2033,0.493126484
RE1,NE_RESCLIM_RUR,2033,0.02262094
RE1,NE_RESCLIM_URB,2033,0.424573607
RE1,NE_RESDHT_RUR,2033,3.357240722
RE1,NE_RESDHT_URB,2033,5.676695732
RE1,NE_RESILU_RUR,2033,0.024514844
RE1,NE_RESILU_URB,2033,0.165146974
RE1,NE_RESOTH_RUR,2033,0.164985948
RE1,NE_RESOTH_URB,2033,0.872928533
RE1,NE_RESREF_RUR,2033,0.06450704
RE1,NE_RESREF_URB,2033,1.172822989
RE1,NE_RESTV_RUR,2033,0.067994205
RE1,NE_RESTV_URB,2033,0.289910796
RE1,NE_RESWHT_RUR,2033,0.045128223
RE1,NE_RESWHT_URB,2033,0.797109375
RE1,NE_RESWSH_RUR,2033,0.047749815
RE1,NE_RESWSH_URB,2033,0.293687926
RE1,NE_TERCLIM_CEN,2033,2.587
RE1,NE_TERCLIM_FAN,2033,0.074
RE1,NE_TERCLIM_SPL,2033,0.285
RE1,NE_TERDHT,2033,3.013
RE1,NE_TERIHT,2033,0.184
RE1,NE_TERILU,2033,0.295
RE1,NE_TERMPW,2033,0.263
RE1,NE_TEROTH,2033,1.306
RE1,NE_TERREF_AUC,2033,0.201
RE1,NE_TERREF_CEN,2033,0.318
RE1,NE_TRAAVI,2033,12.461003
RE1,NE_TRABUS,2033,2.897799803
RE1,NE_TRAFWD,2033,2.575722018
RE1,NE_TRAMIC,2033,0.39029035
RE1,NE_TRAMTC,2033,2.500228329
RE1,NE_TRASTT,2033,6.3113298
RE1,NE_TRATAX,2033,0.977235457
RE1,NE_TRATCK,2033,2.480150686
RE1,OR_AGFELC,2033,0.8140002
RE1,OR_AGFHEA,2033,10.6543629
RE1,OR_INDCLIM,2033,0.181488341
RE1,OR_INDDHT,2033,11.1916025
RE1,OR_INDIHT,2033,22.68091012
RE1,OR_INDILU,2033,0.449433125
RE1,OR_INDMPW,2033,9.075174156
RE1,OR_INDREF,2033,0.545190424
RE1,OR_RESCLIM_RUR,2033,0.016194328
RE1,OR_RESCLIM_URB,2033,0.11956173
RE1,OR_RESDHT_RUR,2033,1.814945351
RE1,OR_RESDHT_URB,2033,14.94811254
RE1,OR_RESILU_RUR,2033,0.022903663
RE1,OR_RESILU_URB,2033,0.342591542
RE1,OR_RESOTH_RUR,2033,0.166817794
RE1,OR_RESOTH_URB,2033,1.916234663
RE1,OR_RESREF_RUR,2033,0.068457477
RE1,OR_RESREF_URB,2033,2.579541509
RE1,OR_RESTV_RUR,2033,0.080949544
RE1,OR_RESTV_URB,2033,0.676324069
RE1,OR_RESWHT_RUR,2033,0.128043102
RE1,OR_RESWHT_URB,2033,5.557851364
RE1,OR_RESWSH_RUR,2033,0.05595032
RE1,OR_RESWSH_URB,2033,0.71431225
RE1,OR_TERCLIM_CEN,2033,7.493
RE1,OR_TERCLIM_FAN,2033,0.215
RE1,OR_TERCLIM_SPL,2033,0.824
RE1,OR_TERDHT,2033,11.276
RE1,OR_TERIHT,2033,0.532
RE1,OR_TERILU,2033,0.855
RE1,OR_TERMPW,2033,0.762
RE1,OR_TEROTH,2033,3.782
RE1,OR_TERREF_AUC,2033,0.581
RE1,OR_TERREF_CEN,2033,0.922
RE1,OR_TRAAVI,2033,12.461003
RE1,OR_TRABUS,2033,18.45992418
RE1,OR_TRAFWD,2033,11.30591026
RE1,OR_TRAMET,2033,1.947
RE1,OR_TRAMIC,2033,1.536090666
RE1,OR_TRAMTC,2033,4.487589308
RE1,OR_TRASTT,2033,16.11014334
RE1,OR_TRATAX,2033,3.155244036
RE1,OR_TRATCK,2033,10.6195543
RE1,SE_AGFELC,2033,0.0248372
RE1,SE_AGFHEA,2033,0.325388
RE1,SE_OTHDSL,2033,0.000714879
RE1,SE_OTHELC,2033,0.016700693
RE1,SE_OTHGSL,2033,1.9035e-05
RE1,SE_RESCLIM,2033,0.01911
RE1,SE_RESDHT,2033,0.759312
RE1,SE_RESOTH,2033,0.043669
RE1,SE_RESREF,2033,0.031715
RE1,SE_TERCLIM_CEN,2033,0.008
RE1,SE_TERCLIM_SPL,2033,0.001
RE1,SE_TERDHT,2033,0.058
RE1,SE_TEROTH,2033,0.008
RE1,SE_TERREF_AUC,2033,0.001
RE1,SE_TERREF_CEN,2033,0.001
RE1,SE_TRAAVI,2033,0.47415
RE1,SE_TRAFWD,2033,0.007304
RE1,SE_TRAMIC,2033,0.001016
RE1,SE_TRAMTC,2033,0.089363
RE1,SE_TRATAX,2033,0.004946
RE1,SE_TRATCK,2033,0.004509
RE1,SO_AGFELC,2033,1.4991749
RE1,SO_AGFHEA,2033,19.6392469
RE1,SO_INDCLIM,2033,0.181444227
RE1,SO_INDDHT,2033,25.9788412
RE1,SO_INDIHT,2033,68.86164905
RE1,SO_INDILU,2033,0.352366743
RE1,SO_INDMPW,2033,8.236719727
RE1,SO_INDREF,2033,0.260487191
RE1,SO_RESCLIM_RUR,2033,0.022183902
RE1,SO_RESCLIM_URB,2033,0.38232517
RE1,SO_RESDHT_RUR,2033,6.744559715
RE1,SO_RESDHT_URB,2033,10.89879191
RE1,SO_RESILU_RUR,2033,0.050661487
RE1,SO_RESILU_URB,2033,0.311006324
RE1,SO_RESOTH_RUR,2033,0.366301552
RE1,SO_RESOTH_URB,2033,1.799372349
RE1,SO_RESREF_RUR,2033,0.129140177
RE1,SO_RESREF_URB,2033,2.42396528
RE1,SO_RESTV_RUR,2033,0.163094883
RE1,SO_RESTV_URB,2033,0.618562256
RE1,SO_RESWHT_RUR,2033,0.083978066
RE1,SO_RESWHT_URB,2033,1.537006486
RE1,SO_RESWSH_RUR,2033,0.076019644
RE1,SO_RESWSH_URB,2033,0.596268648
RE1,SO_TERCLIM_CEN,2033,6.299
RE1,SO_TERCLIM_FAN,2033,0.181
RE1,SO_TERCLIM_SPL,2033,0.693
RE1,SO_TERDHT,2033,6.176
RE1,SO_TERIHT,2033,0.447
RE1,SO_TERILU,2033,0.719
RE1,SO_TERMPW,2033,0.641
RE1,SO_TEROTH,2033,3.179
RE1,SO_TERREF_AUC,2033,0.488
RE1,SO_TERREF_CEN,2033,0.775
RE1,SO_TRAAVI,2033,23.20841
RE1,SO_TRABUS,2033,3.934793
RE1,SO_TRAFWD,2033,4.411349997
RE1,SO_TRAMIC,2033,0.631172676
RE1,SO_TRAMRT,2033,2.568527
RE1,SO_TRAMTC,2033,5.523037404
RE1,SO_TRASTT,2033,3.314802507
RE1,SO_TRATAX,2033,2.178997684
RE1,SO_TRATCK,2033,3.945694273
RE1,AN_AGFELC,2034,0.649547
RE1,AN_AGFHEA,2034,8.5056882
RE1,AN_INDCLIM,2034,0.095924864
RE1,AN_INDDHT,2034,10.00437584
RE1,AN_INDIHT,2034,14.22508196
RE1,AN_INDILU,2034,0.268257121
RE1,AN_INDMPW,2034,4.927247174
RE1,AN_INDREF,2034,0.32878697
RE1,AN_RESCLIM_RUR,2034,0.047141123
RE1,AN_RESCLIM_URB,2034,0.258275386
RE1,AN_RESDHT_RUR,2034,1.74665335
RE1,AN_RESDHT_URB,2034,6.711677286
RE1,AN_RESILU_RUR,2034,0.052449163
RE1,AN_RESILU_URB,2034,0.243293962
RE1,AN_RESOTH_RUR,2034,0.279629896
RE1,AN_RESOTH_URB,2034,1.274995681
RE1,AN_RESREF_RUR,2034,0.117067777
RE1,AN_RESREF_URB,2034,1.768951824
RE1,AN_RESTV_RUR,2034,0.13946148
RE1,AN_RESTV_URB,2034,0.433228804
RE1,AN_RESWHT_RUR,2034,0.14699302
RE1,AN_RESWHT_URB,2034,2.399606267
RE1,AN_RESWSH_RUR,2034,0.096194892
RE1,AN_RESWSH_URB,2034,0.457339385
RE1,AN_TERCLIM_CEN,2034,4.162
RE1,AN_TERCLIM_FAN,2034,0.12
RE1,AN_TERCLIM_SPL,2034,0.458
RE1,AN_TERDHT,2034,4.343
RE1,AN_TERIHT,2034,0.3
RE1,AN_TERILU,2034,0.479
RE1,AN_TERMPW,2034,0.427
RE1,AN_TEROTH,2034,2.136
RE1,AN_TERREF_AUC,2034,0.323
RE1,AN_TERREF_CEN,2034,0.512
RE1,AN_TRAAVI,2034,16.001296
RE1,AN_TRABUS,2034,5.32888996
RE1,AN_TRAFWD,2034,3.890242288
RE1,AN_TRAMET,2034,0.971
RE1,AN_TRAMIC,2034,0.46250818
RE1,AN_TRAMRT,2034,1.253443
RE1,AN_TRAMTC,2034,3.206670091
RE1,AN_TRASTT,2034,7.589132563
RE1,AN_TRATAX,2034,1.549908958
RE1,AN_TRATCK,2034,3.90840143
RE1,CA_AGFELC,2034,0.5940187
RE1,CA_AGFHEA,2034,7.7707507
RE1,CA_INDCLIM,2034,0.11624095
RE1,CA_INDDHT,2034,10.90792913
RE1,CA_INDIHT,2034,17.35849464
RE1,CA_INDILU,2034,0.228769488
RE1,CA_INDMPW,2034,5.050193332
RE1,CA_INDREF,2034,0.489718877
RE1,CA_RESCLIM_RUR,2034,0.088515568
RE1,CA_RESCLIM_URB,2034,2.297475665
RE1,CA_RESDHT_RUR,2034,9.372730034
RE1,CA_RESDHT_URB,2034,11.27837632
RE1,CA_RESILU_RUR,2034,0.021117121
RE1,CA_RESILU_URB,2034,0.296962625
RE1,CA_RESOTH_RUR,2034,0.197238748
RE1,CA_RESOTH_URB,2034,1.682802584
RE1,CA_RESREF_RUR,2034,0.057617911
RE1,CA_RESREF_URB,2034,2.132536371
RE1,CA_RESTV_RUR,2034,0.072173329
RE1,CA_RESTV_URB,2034,0.536892348
RE1,CA_RESWHT_RUR,2034,0.003803988
RE1,CA_RESWHT_URB,2034,0.143559585
RE1,CA_RESWSH_RUR,2034,0.049066682
RE1,CA_RESWSH_URB,2034,0.480653545
RE1,CA_TERCLIM_CEN,2034,5.057
RE1,CA_TERCLIM_FAN,2034,0.146
RE1,CA_TERCLIM_SPL,2034,0.556
RE1,CA_TERDHT,2034,4.107
RE1,CA_TERIHT,2034,0.365
RE1,CA_TERILU,2034,0.583
RE1,CA_TERMPW,2034,0.519
RE1,CA_TEROTH,2034,2.596
RE1,CA_TERREF_AUC,2034,0.392
RE1,CA_TERREF_CEN,2034,0.622
RE1,CA_TRAAVI,2034,18.850842
RE1,CA_TRABUS,2034,5.948704111
RE1,CA_TRAFWD,2034,2.425980601
RE1,CA_TRAMIC,2034,0.363302546
RE1,CA_TRAMRT,2034,6.220322
RE1,CA_TRAMTC,2034,3.584723699
RE1,CA_TRASTT,2034,0.671757081
RE1,CA_TRATAX,2034,2.022309324
RE1,CA_TRATCK,2034,1.689497438
RE1,IN_AGFELC,2034,0.0012048
RE1,IN_AGFHEA,2034,0.0160002
RE1,IN_RESCLIM,2034,0.038469
RE1,IN_RESDHT,2034,0.071953
RE1,IN_RESOTH,2034,0.050536
RE1,IN_RESREF,2034,0.023018
RE1,IN_TERDHT,2034,0.059
RE1,IN_TRAAVI,2034,0.193904
RE1,IN_TRAFWD,2034,0.017857
RE1,IN_TRAMIC,2034,0.003047
RE1,IN_TRAMRT,2034,0.6426
RE1,IN_TRAMTC,2034,0.021326
RE1,IN_TRATAX,2034,0.006933
RE1,IN_TRATCK,2034,0.013811
RE1,NE_AGFELC,2034,0.9110823
RE1,NE_AGFHEA,2034,11.9345733
RE1,NE_INDCLIM,2034,0.424141802
RE1,NE_INDDHT,2034,9.243592528
RE1,NE_INDIHT,2034,11.81389791
RE1,NE_INDILU,2034,0.679273887
RE1,NE_INDMPW,2034,11.40294317
RE1,NE_INDREF,2034,0.510610228
RE1,NE_RESCLIM_RUR,2034,0.022997583
RE1,NE_RESCLIM_URB,2034,0.431567744
RE1,NE_RESDHT_RUR,2034,3.413139433
RE1,NE_RESDHT_URB,2034,5.77020975
RE1,NE_RESILU_RUR,2034,0.024923021
RE1,NE_RESILU_URB,2034,0.167867493
RE1,NE_RESOTH_RUR,2034,0.167732997
RE1,NE_RESOTH_URB,2034,0.888213979
RE1,NE_RESREF_RUR,2034,0.065581095
RE1,NE_RESREF_URB,2034,1.192143276
RE1,NE_RESTV_RUR,2034,0.069126322
RE1,NE_RESTV_URB,2034,0.294686589
RE1,NE_RESWHT_RUR,2034,0.045879617
RE1,NE_RESWHT_URB,2034,0.810240412
RE1,NE_RESWSH_RUR,2034,0.048544858
RE1,NE_RESWSH_URB,2034,0.29852594
RE1,NE_TERCLIM_CEN,2034,2.628
RE1,NE_TERCLIM_FAN,2034,0.076
RE1,NE_TERCLIM_SPL,2034,0.289
RE1,NE_TERDHT,2034,3.085
RE1,NE_TERIHT,2034,0.19
RE1,NE_TERILU,2034,0.303
RE1,NE_TERMPW,2034,0.27
RE1,NE_TEROTH,2034,1.349
RE1,NE_TERREF_AUC,2034,0.204
RE1,NE_TERREF_CEN,2034,0.323
RE1,NE_TRAAVI,2034,12.629053
RE1,NE_TRABUS,2034,3.031042374
RE1,NE_TRAFWD,2034,2.698935305
RE1,NE_TRAMIC,2034,0.390050823
RE1,NE_TRAMTC,2034,2.495153813
RE1,NE_TRASTT,2034,6.421308714
RE1,NE_TRATAX,2034,0.978472876
RE1,NE_TRATCK,2034,2.531944389
RE1,OR_AGFELC,2034,0.8376949
RE1,OR_AGFHEA,2034,10.9645002
RE1,OR_INDCLIM,2034,0.186950294
RE1,OR_INDDHT,2034,11.52192153
RE1,OR_INDIHT,2034,23.36913324
RE1,OR_INDILU,2034,0.462845149
RE1,OR_INDMPW,2034,9.347819631
RE1,OR_INDREF,2034,0.561723522
RE1,OR_RESCLIM_RUR,2034,0.016439123
RE1,OR_RESCLIM_URB,2034,0.121988566
RE1,OR_RESDHT_RUR,2034,1.842380225
RE1,OR_RESDHT_URB,2034,15.25152588
RE1,OR_RESILU_RUR,2034,0.023249876
RE1,OR_RESILU_URB,2034,0.349545386
RE1,OR_RESOTH_RUR,2034,0.169339426
RE1,OR_RESOTH_URB,2034,1.957124983
RE1,OR_RESREF_RUR,2034,0.069492286
RE1,OR_RESREF_URB,2034,2.631900448
RE1,OR_RESTV_RUR,2034,0.082173184
RE1,OR_RESTV_URB,2034,0.690051939
RE1,OR_RESWHT_RUR,2034,0.129978613
RE1,OR_RESWHT_URB,2034,5.670663349
RE1,OR_RESWSH_RUR,2034,0.05679607
RE1,OR_RESWSH_URB,2034,0.728811196
RE1,OR_TERCLIM_CEN,2034,7.612
RE1,OR_TERCLIM_FAN,2034,0.22
RE1,OR_TERCLIM_SPL,2034,0.837
RE1,OR_TERDHT,2034,11.546
RE1,OR_TERIHT,2034,0.549
RE1,OR_TERILU,2034,0.877
RE1,OR_TERMPW,2034,0.781
RE1,OR_TEROTH,2034,3.907
RE1,OR_TERREF_AUC,2034,0.59
RE1,OR_TERREF_CEN,2034,0.937
RE1,OR_TRAAVI,2034,12.629053
RE1,OR_TRABUS,2034,19.30872256
RE1,OR_TRAFWD,2034,11.84674438
RE1,OR_TRAMET,2034,1.974
RE1,OR_TRAMIC,2034,1.535147943
RE1,OR_TRAMTC,2034,4.478481203
RE1,OR_TRASTT,2034,16.39087278
RE1,OR_TRATAX,2034,3.159239346
RE1,OR_TRATCK,2034,10.84132552
RE1,SE_AGFELC,2034,0.0255602
RE1,SE_AGFHEA,2034,0.3348597
RE1,SE_OTHDSL,2034,0.000726025
RE1,SE_OTHELC,2034,0.016951975
RE1,SE_OTHGSL,2034,1.9333e-05
RE1,SE_RESCLIM,2034,0.01974
RE1,SE_RESDHT,2034,0.788142
RE1,SE_RESOTH,2034,0.045379
RE1,SE_RESREF,2034,0.032753
RE1,SE_TERCLIM_CEN,2034,0.008
RE1,SE_TERCLIM_SPL,2034,0.001
RE1,SE_TERDHT,2034,0.059
RE1,SE_TEROTH,2034,0.008
RE1,SE_TERREF_AUC,2034,0.001
RE1,SE_TERREF_CEN,2034,0.001
RE1,SE_TRAAVI,2034,0.480545
RE1,SE_TRAFWD,2034,0.007653
RE1,SE_TRAMIC,2034,0.001016
RE1,SE_TRAMTC,2034,0.089182
RE1,SE_TRATAX,2034,0.004952
RE1,SE_TRATCK,2034,0.004604
RE1,SO_AGFELC,2034,1.5428143
RE1,SO_AGFHEA,2034,20.2109246
RE1,SO_INDCLIM,2034,0.187085634
RE1,SO_INDDHT,2034,26.76688489
RE1,SO_INDIHT,2034,71.01480551
RE1,SO_INDILU,2034,0.362974959
RE1,SO_INDMPW,2034,8.489772066
RE1,SO_INDREF,2034,0.26856327
RE1,SO_RESCLIM_RUR,2034,0.022618391
RE1,SO_RESCLIM_URB,2034,0.38913116
RE1,SO_RESDHT_RUR,2034,6.876657249
RE1,SO_RESDHT_URB,2034,11.09280755
RE1,SO_RESILU_RUR,2034,0.051653732
RE1,SO_RESILU_URB,2034,0.316542725
RE1,SO_RESOTH_RUR,2034,0.373475857
RE1,SO_RESOTH_URB,2034,1.833272788
RE1,SO_RESREF_RUR,2034,0.131669489
RE1,SO_RESREF_URB,2034,2.467115676
RE1,SO_RESTV_RUR,2034,0.166289226
RE1,SO_RESTV_URB,2034,0.629573637
RE1,SO_RESWHT_RUR,2034,0.085622842
RE1,SO_RESWHT_URB,2034,1.56436762
RE1,SO_RESWSH_RUR,2034,0.077508549
RE1,SO_RESWSH_URB,2034,0.606883168
RE1,SO_TERCLIM_CEN,2034,6.399
RE1,SO_TERCLIM_FAN,2034,0.185
RE1,SO_TERCLIM_SPL,2034,0.704
RE1,SO_TERDHT,2034,6.324
RE1,SO_TERIHT,2034,0.462
RE1,SO_TERILU,2034,0.737
RE1,SO_TERMPW,2034,0.657
RE1,SO_TEROTH,2034,3.285
RE1,SO_TERREF_AUC,2034,0.496
RE1,SO_TERREF_CEN,2034,0.788
RE1,SO_TRAAVI,2034,23.5214
RE1,SO_TRABUS,2034,4.115717139
RE1,SO_TRAFWD,2034,4.622373132
RE1,SO_TRAMIC,2034,0.630785315
RE1,SO_TRAMRT,2034,2.64617
RE1,SO_TRAMTC,2034,5.511827732
RE1,SO_TRASTT,2034,3.372565038
RE1,SO_TRATAX,2034,2.181756827
RE1,SO_TRATCK,2034,4.028093347
RE1,AN_AGFELC,2035,0.6694715
RE1,AN_AGFHEA,2035,8.7665951
RE1,AN_INDCLIM,2035,0.099674776
RE1,AN_INDDHT,2035,10.38465059
RE1,AN_INDIHT,2035,14.7788603
RE1,AN_INDILU,2035,0.278618453
RE1,AN_INDMPW,2035,5.118663949
RE1,AN_INDREF,2035,0.341645235
RE1,AN_RESCLIM_RUR,2035,0.048194794
RE1,AN_RESCLIM_URB,2035,0.263485882
RE1,AN_RESDHT_RUR,2035,1.785693542
RE1,AN_RESDHT_URB,2035,6.847079917
RE1,AN_RESILU_RUR,2035,0.053621476
RE1,AN_RESILU_URB,2035,0.24820222
RE1,AN_RESOTH_RUR,2035,0.285880023
RE1,AN_RESOTH_URB,2035,1.301513228
RE1,AN_RESREF_RUR,2035,0.119684409
RE1,AN_RESREF_URB,2035,1.804638988
RE1,AN_RESTV_RUR,2035,0.142578643
RE1,AN_RESTV_URB,2035,0.441968842
RE1,AN_RESWHT_RUR,2035,0.150278524
RE1,AN_RESWHT_URB,2035,2.448016372
RE1,AN_RESWSH_RUR,2035,0.098344985
RE1,AN_RESWSH_URB,2035,0.466565836
RE1,AN_TERCLIM_CEN,2035,4.219
RE1,AN_TERCLIM_FAN,2035,0.123
RE1,AN_TERCLIM_SPL,2035,0.464
RE1,AN_TERDHT,2035,4.442
RE1,AN_TERIHT,2035,0.31
RE1,AN_TERILU,2035,0.492
RE1,AN_TERMPW,2035,0.437
RE1,AN_TEROTH,2035,2.207
RE1,AN_TERREF_AUC,2035,0.327
RE1,AN_TERREF_CEN,2035,0.519
RE1,AN_TRAAVI,2035,16.105857
RE1,AN_TRABUS,2035,5.744138592
RE1,AN_TRAFWD,2035,4.072426808
RE1,AN_TRAMET,2035,1.001
RE1,AN_TRAMIC,2035,0.462733537
RE1,AN_TRAMRT,2035,1.29141
RE1,AN_TRAMTC,2035,3.167830263
RE1,AN_TRASTT,2035,7.718101482
RE1,AN_TRATAX,2035,1.551453608
RE1,AN_TRATCK,2035,3.988669178
RE1,CA_AGFELC,2035,0.6122399
RE1,CA_AGFHEA,2035,8.0091138
RE1,CA_INDCLIM,2035,0.120542077
RE1,CA_INDDHT,2035,11.30351496
RE1,CA_INDIHT,2035,17.99904911
RE1,CA_INDILU,2035,0.237175661
RE1,CA_INDMPW,2035,5.235429646
RE1,CA_INDREF,2035,0.507823658
RE1,CA_RESCLIM_RUR,2035,0.090720481
RE1,CA_RESCLIM_URB,2035,2.343337722
RE1,CA_RESDHT_RUR,2035,9.606203753
RE1,CA_RESDHT_URB,2035,11.50351452
RE1,CA_RESILU_RUR,2035,0.021643147
RE1,CA_RESILU_URB,2035,0.302890573
RE1,CA_RESOTH_RUR,2035,0.202151944
RE1,CA_RESOTH_URB,2035,1.718144216
RE1,CA_RESREF_RUR,2035,0.059053167
RE1,CA_RESREF_URB,2035,2.175105921
RE1,CA_RESTV_RUR,2035,0.073971159
RE1,CA_RESTV_URB,2035,0.547609758
RE1,CA_RESWHT_RUR,2035,0.003898744
RE1,CA_RESWHT_URB,2035,0.146425312
RE1,CA_RESWSH_RUR,2035,0.050288928
RE1,CA_RESWSH_URB,2035,0.490248319
RE1,CA_TERCLIM_CEN,2035,5.126
RE1,CA_TERCLIM_FAN,2035,0.15
RE1,CA_TERCLIM_SPL,2035,0.564
RE1,CA_TERDHT,2035,4.2
RE1,CA_TERIHT,2035,0.377
RE1,CA_TERILU,2035,0.597
RE1,CA_TERMPW,2035,0.531
RE1,CA_TEROTH,2035,2.681
RE1,CA_TERREF_AUC,2035,0.397
RE1,CA_TERREF_CEN,2035,0.631
RE1,CA_TRAAVI,2035,18.974023
RE1,CA_TRABUS,2035,6.412251166
RE1,CA_TRAFWD,2035,2.539592062
RE1,CA_TRAMIC,2035,0.363479565
RE1,CA_TRAMRT,2035,6.408733
RE1,CA_TRAMTC,2035,3.54130481
RE1,CA_TRASTT,2035,0.68317285
RE1,CA_TRATAX,2035,2.024324771
RE1,CA_TRATCK,2035,1.724195039
RE1,IN_AGFELC,2035,0.0012417
RE1,IN_AGFHEA,2035,0.016491
RE1,IN_RESCLIM,2035,0.039161
RE1,IN_RESDHT,2035,0.073248
RE1,IN_RESOTH,2035,0.050183
RE1,IN_RESREF,2035,0.023432
RE1,IN_TERDHT,2035,0.06
RE1,IN_TRAAVI,2035,0.195171
RE1,IN_TRAFWD,2035,0.018693
RE1,IN_TRAMIC,2035,0.003049
RE1,IN_TRAMRT,2035,0.662064
RE1,IN_TRAMTC,2035,0.021068
RE1,IN_TRATAX,2035,0.006939
RE1,IN_TRATCK,2035,0.014094
RE1,NE_AGFELC,2035,0.9390292
RE1,NE_AGFHEA,2035,12.3006591
RE1,NE_INDCLIM,2035,0.44107358
RE1,NE_INDDHT,2035,9.601885634
RE1,NE_INDIHT,2035,12.28217126
RE1,NE_INDILU,2035,0.706102898
RE1,NE_INDMPW,2035,11.85168529
RE1,NE_INDREF,2035,0.530838883
RE1,NE_RESCLIM_RUR,2035,0.023374611
RE1,NE_RESCLIM_URB,2035,0.438381634
RE1,NE_RESDHT_RUR,2035,3.469095254
RE1,NE_RESDHT_URB,2035,5.861313818
RE1,NE_RESILU_RUR,2035,0.025331614
RE1,NE_RESILU_URB,2035,0.170517901
RE1,NE_RESOTH_RUR,2035,0.170482851
RE1,NE_RESOTH_URB,2035,0.903157429
RE1,NE_RESREF_RUR,2035,0.066656247
RE1,NE_RESREF_URB,2035,1.21096566
RE1,NE_RESTV_RUR,2035,0.070259595
RE1,NE_RESTV_URB,2035,0.299339305
RE1,NE_RESWHT_RUR,2035,0.046631778
RE1,NE_RESWHT_URB,2035,0.823033049
RE1,NE_RESWSH_RUR,2035,0.049340714
RE1,NE_RESWSH_URB,2035,0.303239275
RE1,NE_TERCLIM_CEN,2035,2.664
RE1,NE_TERCLIM_FAN,2035,0.078
RE1,NE_TERCLIM_SPL,2035,0.293
RE1,NE_TERDHT,2035,3.155
RE1,NE_TERIHT,2035,0.196
RE1,NE_TERILU,2035,0.31
RE1,NE_TERMPW,2035,0.276
RE1,NE_TEROTH,2035,1.393
RE1,NE_TERREF_AUC,2035,0.206
RE1,NE_TERREF_CEN,2035,0.328
RE1,NE_TRAAVI,2035,12.711577
RE1,NE_TRABUS,2035,3.26723344
RE1,NE_TRAFWD,2035,2.825329549
RE1,NE_TRAMIC,2035,0.390240875
RE1,NE_TRAMTC,2035,2.464932012
RE1,NE_TRASTT,2035,6.530431758
RE1,NE_TRATAX,2035,0.979448029
RE1,NE_TRATCK,2035,2.583943519
RE1,OR_AGFELC,2035,0.8633907
RE1,OR_AGFHEA,2035,11.3008296
RE1,OR_INDCLIM,2035,0.193800188
RE1,OR_INDDHT,2035,11.93757746
RE1,OR_INDIHT,2035,24.23102797
RE1,OR_INDILU,2035,0.47968983
RE1,OR_INDMPW,2035,9.689849609
RE1,OR_INDREF,2035,0.582430849
RE1,OR_RESCLIM_RUR,2035,0.016683134
RE1,OR_RESCLIM_URB,2035,0.12436469
RE1,OR_RESDHT_RUR,2035,1.869727326
RE1,OR_RESDHT_URB,2035,15.54859893
RE1,OR_RESILU_RUR,2035,0.023594983
RE1,OR_RESILU_URB,2035,0.356353918
RE1,OR_RESOTH_RUR,2035,0.171852991
RE1,OR_RESOTH_URB,2035,1.997280245
RE1,OR_RESREF_RUR,2035,0.070523784
RE1,OR_RESREF_URB,2035,2.683165265
RE1,OR_RESTV_RUR,2035,0.08339291
RE1,OR_RESTV_URB,2035,0.703492944
RE1,OR_RESWHT_RUR,2035,0.131907931
RE1,OR_RESWHT_URB,2035,5.781117953
RE1,OR_RESWSH_RUR,2035,0.057639114
RE1,OR_RESWSH_URB,2035,0.743007163
RE1,OR_TERCLIM_CEN,2035,7.717
RE1,OR_TERCLIM_FAN,2035,0.226
RE1,OR_TERCLIM_SPL,2035,0.849
RE1,OR_TERDHT,2035,11.809
RE1,OR_TERIHT,2035,0.567
RE1,OR_TERILU,2035,0.899
RE1,OR_TERMPW,2035,0.8
RE1,OR_TEROTH,2035,4.036
RE1,OR_TERREF_AUC,2035,0.598
RE1,OR_TERREF_CEN,2035,0.95
RE1,OR_TRAAVI,2035,12.711577
RE1,OR_TRABUS,2035,20.81333622
RE1,OR_TRAFWD,2035,12.40154105
RE1,OR_TRAMET,2035,2.037
RE1,OR_TRAMIC,2035,1.535895942
RE1,OR_TRAMTC,2035,4.424236945
RE1,OR_TRASTT,2035,16.66941755
RE1,OR_TRATAX,2035,3.162387865
RE1,OR_TRATCK,2035,11.06397634
RE1,SE_AGFELC,2035,0.0263443
RE1,SE_AGFHEA,2035,0.3451314
RE1,SE_OTHDSL,2035,0.000745944
RE1,SE_OTHELC,2035,0.017408032
RE1,SE_OTHGSL,2035,1.9864e-05
RE1,SE_RESCLIM,2035,0.020371
RE1,SE_RESDHT,2035,0.817597
RE1,SE_RESOTH,2035,0.047133
RE1,SE_RESREF,2035,0.033791
RE1,SE_TERCLIM_CEN,2035,0.008
RE1,SE_TERCLIM_SPL,2035,0.001
RE1,SE_TERDHT,2035,0.06
RE1,SE_TEROTH,2035,0.008
RE1,SE_TERREF_AUC,2035,0.001
RE1,SE_TERREF_CEN,2035,0.001
RE1,SE_TRAAVI,2035,0.483685
RE1,SE_TRAFWD,2035,0.008011
RE1,SE_TRAMIC,2035,0.001016
RE1,SE_TRAMTC,2035,0.088102
RE1,SE_TRATAX,2035,0.004957
RE1,SE_TRATCK,2035,0.004698
RE1,SO_AGFELC,2035,1.5901392
RE1,SO_AGFHEA,2035,20.8308825
RE1,SO_INDCLIM,2035,0.194051281
RE1,SO_INDDHT,2035,27.7437513
RE1,SO_INDIHT,2035,73.67101746
RE1,SO_INDILU,2035,0.376141104
RE1,SO_INDMPW,2035,8.802818274
RE1,SO_INDREF,2035,0.278539562
RE1,SO_RESCLIM_RUR,2035,0.023053305
RE1,SO_RESCLIM_URB,2035,0.395823757
RE1,SO_RESDHT_RUR,2035,7.008883662
RE1,SO_RESDHT_URB,2035,11.28359075
RE1,SO_RESILU_RUR,2035,0.052646945
RE1,SO_RESILU_URB,2035,0.321986887
RE1,SO_RESOTH_RUR,2035,0.380657162
RE1,SO_RESOTH_URB,2035,1.866703836
RE1,SO_RESREF_RUR,2035,0.134201269
RE1,SO_RESREF_URB,2035,2.509547153
RE1,SO_RESTV_RUR,2035,0.169486684
RE1,SO_RESTV_URB,2035,0.64040156
RE1,SO_RESWHT_RUR,2035,0.087269224
RE1,SO_RESWHT_URB,2035,1.591272896
RE1,SO_RESWSH_RUR,2035,0.078998906
RE1,SO_RESWSH_URB,2035,0.617320842
RE1,SO_TERCLIM_CEN,2035,6.487
RE1,SO_TERCLIM_FAN,2035,0.19
RE1,SO_TERCLIM_SPL,2035,0.714
RE1,SO_TERDHT,2035,6.468
RE1,SO_TERIHT,2035,0.477
RE1,SO_TERILU,2035,0.756
RE1,SO_TERMPW,2035,0.672
RE1,SO_TEROTH,2035,3.393
RE1,SO_TERREF_AUC,2035,0.503
RE1,SO_TERREF_CEN,2035,0.798
RE1,SO_TRAAVI,2035,23.6751
RE1,SO_TRABUS,2035,4.436430444
RE1,SO_TRAFWD,2035,4.838844181
RE1,SO_TRAMIC,2035,0.631092664
RE1,SO_TRAMRT,2035,2.726321
RE1,SO_TRAMTC,2035,5.445067375
RE1,SO_TRASTT,2035,3.429878053
RE1,SO_TRATAX,2035,2.183931181
RE1,SO_TRATCK,2035,4.110819235
RE1,AN_AGFELC,2036,0.6899945
RE1,AN_AGFHEA,2036,9.0353402
RE1,AN_INDCLIM,2036,0.103396147
RE1,AN_INDDHT,2036,10.76151079
RE1,AN_INDIHT,2036,15.32831269
RE1,AN_INDILU,2036,0.288894893
RE1,AN_INDMPW,2036,5.308566135
RE1,AN_INDREF,2036,0.35440589
RE1,AN_RESCLIM_RUR,2036,0.049263427
RE1,AN_RESCLIM_URB,2036,0.268601999
RE1,AN_RESDHT_RUR,2036,1.825288078
RE1,AN_RESDHT_URB,2036,6.980029954
RE1,AN_RESILU_RUR,2036,0.054810436
RE1,AN_RESILU_URB,2036,0.253021573
RE1,AN_RESOTH_RUR,2036,0.292218897
RE1,AN_RESOTH_URB,2036,1.327595758
RE1,AN_RESREF_RUR,2036,0.122338195
RE1,AN_RESREF_URB,2036,1.839679739
RE1,AN_RESTV_RUR,2036,0.145740067
RE1,AN_RESTV_URB,2036,0.45055057
RE1,AN_RESWHT_RUR,2036,0.153610679
RE1,AN_RESWHT_URB,2036,2.495549608
RE1,AN_RESWSH_RUR,2036,0.100525608
RE1,AN_RESWSH_URB,2036,0.475625164
RE1,AN_TERCLIM_CEN,2036,4.269
RE1,AN_TERCLIM_FAN,2036,0.126
RE1,AN_TERCLIM_SPL,2036,0.47
RE1,AN_TERDHT,2036,4.539
RE1,AN_TERIHT,2036,0.32
RE1,AN_TERILU,2036,0.504
RE1,AN_TERMPW,2036,0.447
RE1,AN_TEROTH,2036,2.28
RE1,AN_TERREF_AUC,2036,0.331
RE1,AN_TERREF_CEN,2036,0.525
RE1,AN_TRAAVI,2036,16.322582
RE1,AN_TRABUS,2036,6.124536739
RE1,AN_TRAFWD,2036,4.273959186
RE1,AN_TRAMET,2036,1.03
RE1,AN_TRAMIC,2036,0.463585913
RE1,AN_TRAMRT,2036,1.330043
RE1,AN_TRAMTC,2036,3.085226823
RE1,AN_TRASTT,2036,7.860206819
RE1,AN_TRATAX,2036,1.552259103
RE1,AN_TRATCK,2036,4.075127326
RE1,CA_AGFELC,2036,0.6310084
RE1,CA_AGFHEA,2036,8.2546379
RE1,CA_INDCLIM,2036,0.125220305
RE1,CA_INDDHT,2036,11.73413825
RE1,CA_INDIHT,2036,18.695841
RE1,CA_INDILU,2036,0.246321437
RE1,CA_INDMPW,2036,5.436978515
RE1,CA_INDREF,2036,0.527516467
RE1,CA_RESCLIM_RUR,2036,0.092936972
RE1,CA_RESCLIM_URB,2036,2.388555573
RE1,CA_RESDHT_RUR,2036,9.840903349
RE1,CA_RESDHT_URB,2036,11.7254903
RE1,CA_RESILU_RUR,2036,0.022171934
RE1,CA_RESILU_URB,2036,0.308735254
RE1,CA_RESOTH_RUR,2036,0.207090938
RE1,CA_RESOTH_URB,2036,1.751298118
RE1,CA_RESREF_RUR,2036,0.060495959
RE1,CA_RESREF_URB,2036,2.217077513
RE1,CA_RESTV_RUR,2036,0.075778429
RE1,CA_RESTV_URB,2036,0.558176624
RE1,CA_RESWHT_RUR,2036,0.003993999
RE1,CA_RESWHT_URB,2036,0.149250785
RE1,CA_RESWSH_RUR,2036,0.051517592
RE1,CA_RESWSH_URB,2036,0.49970832
RE1,CA_TERCLIM_CEN,2036,5.187
RE1,CA_TERCLIM_FAN,2036,0.153
RE1,CA_TERCLIM_SPL,2036,0.571
RE1,CA_TERDHT,2036,4.292
RE1,CA_TERIHT,2036,0.389
RE1,CA_TERILU,2036,0.613
RE1,CA_TERMPW,2036,0.544
RE1,CA_TEROTH,2036,2.77
RE1,CA_TERREF_AUC,2036,0.402
RE1,CA_TERREF_CEN,2036,0.638
RE1,CA_TRAAVI,2036,19.229344
RE1,CA_TRABUS,2036,6.836894203
RE1,CA_TRAFWD,2036,2.665268974
RE1,CA_TRAMIC,2036,0.36414911
RE1,CA_TRAMRT,2036,6.600454
RE1,CA_TRAMTC,2036,3.448962754
RE1,CA_TRASTT,2036,0.695751398
RE1,CA_TRATAX,2036,2.025375775
RE1,CA_TRATCK,2036,1.761568585
RE1,IN_AGFELC,2036,0.0012798
RE1,IN_AGFHEA,2036,0.0169966
RE1,IN_RESCLIM,2036,0.039831
RE1,IN_RESDHT,2036,0.074502
RE1,IN_RESOTH,2036,0.049701
RE1,IN_RESREF,2036,0.023833
RE1,IN_TERDHT,2036,0.062
RE1,IN_TRAAVI,2036,0.197797
RE1,IN_TRAFWD,2036,0.019618
RE1,IN_TRAMIC,2036,0.003054
RE1,IN_TRAMRT,2036,0.68187
RE1,IN_TRAMTC,2036,0.020518
RE1,IN_TRATAX,2036,0.006943
RE1,IN_TRATCK,2036,0.0144
RE1,NE_AGFELC,2036,0.9678157
RE1,NE_AGFHEA,2036,12.6777431
RE1,NE_INDCLIM,2036,0.458687789
RE1,NE_INDDHT,2036,9.974567213
RE1,NE_INDIHT,2036,12.7693019
RE1,NE_INDILU,2036,0.734011837
RE1,NE_INDMPW,2036,12.3184822
RE1,NE_INDREF,2036,0.55188209
RE1,NE_RESCLIM_RUR,2036,0.023755641
RE1,NE_RESCLIM_URB,2036,0.445038839
RE1,NE_RESDHT_RUR,2036,3.525645012
RE1,NE_RESDHT_URB,2036,5.950322942
RE1,NE_RESILU_RUR,2036,0.025744545
RE1,NE_RESILU_URB,2036,0.173107363
RE1,NE_RESOTH_RUR,2036,0.173261894
RE1,NE_RESOTH_URB,2036,0.916872656
RE1,NE_RESREF_RUR,2036,0.067742811
RE1,NE_RESREF_URB,2036,1.229355222
RE1,NE_RESTV_RUR,2036,0.071404898
RE1,NE_RESTV_URB,2036,0.303885031
RE1,NE_RESWHT_RUR,2036,0.047391923
RE1,NE_RESWHT_URB,2036,0.835531518
RE1,NE_RESWSH_RUR,2036,0.050145018
RE1,NE_RESWSH_URB,2036,0.307844226
RE1,NE_TERCLIM_CEN,2036,2.696
RE1,NE_TERCLIM_FAN,2036,0.08
RE1,NE_TERCLIM_SPL,2036,0.297
RE1,NE_TERDHT,2036,3.225
RE1,NE_TERIHT,2036,0.202
RE1,NE_TERILU,2036,0.319
RE1,NE_TERMPW,2036,0.282
RE1,NE_TEROTH,2036,1.44
RE1,NE_TERREF_AUC,2036,0.209
RE1,NE_TERREF_CEN,2036,0.332
RE1,NE_TRAAVI,2036,12.882628
RE1,NE_TRABUS,2036,3.483601748
RE1,NE_TRAFWD,2036,2.965146766
RE1,NE_TRAMIC,2036,0.390959716
RE1,NE_TRAMTC,2036,2.400657147
RE1,NE_TRASTT,2036,6.650669774
RE1,NE_TRATAX,2036,0.979956545
RE1,NE_TRATCK,2036,2.639952921
RE1,OR_AGFELC,2036,0.8898584
RE1,OR_AGFHEA,2036,11.6472632
RE1,OR_INDCLIM,2036,0.200993386
RE1,OR_INDDHT,2036,12.3741262
RE1,OR_INDIHT,2036,25.13606626
RE1,OR_INDILU,2036,0.497379801
RE1,OR_INDMPW,2036,10.0490259
RE1,OR_INDREF,2036,0.604174808
RE1,OR_RESCLIM_RUR,2036,0.016925307
RE1,OR_RESCLIM_URB,2036,0.126694718
RE1,OR_RESDHT_RUR,2036,1.896868351
RE1,OR_RESDHT_URB,2036,15.8399088
RE1,OR_RESILU_RUR,2036,0.023937488
RE1,OR_RESILU_URB,2036,0.363030367
RE1,OR_RESOTH_RUR,2036,0.174347615
RE1,OR_RESOTH_URB,2036,2.034700173
RE1,OR_RESREF_RUR,2036,0.07154751
RE1,OR_RESREF_URB,2036,2.733435553
RE1,OR_RESTV_RUR,2036,0.084603444
RE1,OR_RESTV_URB,2036,0.716673196
RE1,OR_RESWHT_RUR,2036,0.133822711
RE1,OR_RESWHT_URB,2036,5.889429754
RE1,OR_RESWSH_RUR,2036,0.058475805
RE1,OR_RESWSH_URB,2036,0.756927731
RE1,OR_TERCLIM_CEN,2036,7.809
RE1,OR_TERCLIM_FAN,2036,0.231
RE1,OR_TERCLIM_SPL,2036,0.859
RE1,OR_TERDHT,2036,12.068
RE1,OR_TERIHT,2036,0.585
RE1,OR_TERILU,2036,0.923
RE1,OR_TERMPW,2036,0.818
RE1,OR_TEROTH,2036,4.17
RE1,OR_TERREF_AUC,2036,0.605
RE1,OR_TERREF_CEN,2036,0.961
RE1,OR_TRAAVI,2036,12.882628
RE1,OR_TRABUS,2036,22.19167248
RE1,OR_TRAFWD,2036,13.0152567
RE1,OR_TRAMET,2036,2.095
RE1,OR_TRAMIC,2036,1.538725132
RE1,OR_TRAMTC,2036,4.308871802
RE1,OR_TRASTT,2036,16.97633411
RE1,OR_TRATAX,2036,3.164029737
RE1,OR_TRATCK,2036,11.30379841
RE1,SE_AGFELC,2036,0.0271519
RE1,SE_AGFHEA,2036,0.3557116
RE1,SE_OTHDSL,2036,0.000770739
RE1,SE_OTHELC,2036,0.017977655
RE1,SE_OTHGSL,2036,2.0524e-05
RE1,SE_RESCLIM,2036,0.020888
RE1,SE_RESDHT,2036,0.84997
RE1,SE_RESOTH,2036,0.049154
RE1,SE_RESREF,2036,0.034625
RE1,SE_TERCLIM_CEN,2036,0.008
RE1,SE_TERCLIM_SPL,2036,0.001
RE1,SE_TERDHT,2036,0.062
RE1,SE_TEROTH,2036,0.008
RE1,SE_TERREF_AUC,2036,0.001
RE1,SE_TERREF_CEN,2036,0.001
RE1,SE_TRAAVI,2036,0.490193
RE1,SE_TRAFWD,2036,0.008408
RE1,SE_TRAMIC,2036,0.001018
RE1,SE_TRAMTC,2036,0.085804
RE1,SE_TRATAX,2036,0.004959
RE1,SE_TRATCK,2036,0.0048
RE1,SO_AGFELC,2036,1.6388859
RE1,SO_AGFHEA,2036,21.4694656
RE1,SO_INDCLIM,2036,0.201239166
RE1,SO_INDDHT,2036,28.75161829
RE1,SO_INDIHT,2036,76.41207805
RE1,SO_INDILU,2036,0.389724379
RE1,SO_INDMPW,2036,9.125826502
RE1,SO_INDREF,2036,0.288833954
RE1,SO_RESCLIM_RUR,2036,0.023488109
RE1,SO_RESCLIM_URB,2036,0.402402868
RE1,SO_RESDHT_RUR,2036,7.141076936
RE1,SO_RESDHT_URB,2036,11.47113885
RE1,SO_RESILU_RUR,2036,0.05363991
RE1,SO_RESILU_URB,2036,0.327338732
RE1,SO_RESOTH_RUR,2036,0.387836667
RE1,SO_RESOTH_URB,2036,1.897730907
RE1,SO_RESREF_RUR,2036,0.136732415
RE1,SO_RESREF_URB,2036,2.551259125
RE1,SO_RESTV_RUR,2036,0.172683342
RE1,SO_RESTV_URB,2036,0.651045876
RE1,SO_RESWHT_RUR,2036,0.088915193
RE1,SO_RESWHT_URB,2036,1.617721942
RE1,SO_RESWSH_RUR,2036,0.08048889
RE1,SO_RESWSH_URB,2036,0.627581526
RE1,SO_TERCLIM_CEN,2036,6.564
RE1,SO_TERCLIM_FAN,2036,0.194
RE1,SO_TERCLIM_SPL,2036,0.722
RE1,SO_TERDHT,2036,6.61
RE1,SO_TERIHT,2036,0.492
RE1,SO_TERILU,2036,0.776
RE1,SO_TERMPW,2036,0.688
RE1,SO_TEROTH,2036,3.505
RE1,SO_TERREF_AUC,2036,0.509
RE1,SO_TERREF_CEN,2036,0.808
RE1,SO_TRAAVI,2036,23.99368
RE1,SO_TRABUS,2036,4.730227311
RE1,SO_TRAFWD,2036,5.078304292
RE1,SO_TRAMIC,2036,0.632255165
RE1,SO_TRAMRT,2036,2.807881
RE1,SO_TRAMTC,2036,5.303083348
RE1,SO_TRASTT,2036,3.493028814
RE1,SO_TRATAX,2036,2.18506505
RE1,SO_TRATCK,2036,4.199925101
RE1,AN_AGFELC,2037,0.7119658
RE1,AN_AGFHEA,2037,9.3230502
RE1,AN_INDCLIM,2037,0.107303797
RE1,AN_INDDHT,2037,11.15731794
RE1,AN_INDIHT,2037,15.90528632
RE1,AN_INDILU,2037,0.299686693
RE1,AN_INDMPW,2037,5.507983307
RE1,AN_INDREF,2037,0.367805255
RE1,AN_RESCLIM_RUR,2037,0.050343211
RE1,AN_RESCLIM_URB,2037,0.273636058
RE1,AN_RESDHT_RUR,2037,1.865295805
RE1,AN_RESDHT_URB,2037,7.110847611
RE1,AN_RESILU_RUR,2037,0.056011803
RE1,AN_RESILU_URB,2037,0.257763628
RE1,AN_RESOTH_RUR,2037,0.298623921
RE1,AN_RESOTH_URB,2037,1.353303357
RE1,AN_RESREF_RUR,2037,0.125019675
RE1,AN_RESREF_URB,2037,1.874158472
RE1,AN_RESTV_RUR,2037,0.148934483
RE1,AN_RESTV_URB,2037,0.458994655
RE1,AN_RESWHT_RUR,2037,0.156977607
RE1,AN_RESWHT_URB,2037,2.542320461
RE1,AN_RESWSH_RUR,2037,0.102728986
RE1,AN_RESWSH_URB,2037,0.48453919
RE1,AN_TERCLIM_CEN,2037,4.316
RE1,AN_TERCLIM_FAN,2037,0.129
RE1,AN_TERCLIM_SPL,2037,0.475
RE1,AN_TERDHT,2037,4.637
RE1,AN_TERIHT,2037,0.33
RE1,AN_TERILU,2037,0.517
RE1,AN_TERMPW,2037,0.457
RE1,AN_TEROTH,2037,2.355
RE1,AN_TERREF_AUC,2037,0.335
RE1,AN_TERREF_CEN,2037,0.531
RE1,AN_TRAAVI,2037,16.432846
RE1,AN_TRABUS,2037,6.545942
RE1,AN_TRAFWD,2037,4.483840842
RE1,AN_TRAMET,2037,1.022
RE1,AN_TRAMIC,2037,0.465724996
RE1,AN_TRAMRT,2037,1.369817
RE1,AN_TRAMTC,2037,2.93936629
RE1,AN_TRASTT,2037,8.006717411
RE1,AN_TRATAX,2037,1.552480662
RE1,AN_TRATCK,2037,4.162965523
RE1,CA_AGFELC,2037,0.6511015
RE1,CA_AGFHEA,2037,8.5174881
RE1,CA_INDCLIM,2037,0.130096062
RE1,CA_INDDHT,2037,12.18292294
RE1,CA_INDIHT,2037,19.42204911
RE1,CA_INDILU,2037,0.255853223
RE1,CA_INDMPW,2037,5.647033174
RE1,CA_INDREF,2037,0.548040727
RE1,CA_RESCLIM_RUR,2037,0.095172802
RE1,CA_RESCLIM_URB,2037,2.433190571
RE1,CA_RESDHT_RUR,2037,10.07765072
RE1,CA_RESDHT_URB,2037,11.94460483
RE1,CA_RESILU_RUR,2037,0.022705335
RE1,CA_RESILU_URB,2037,0.314504597
RE1,CA_RESOTH_RUR,2037,0.212073024
RE1,CA_RESOTH_URB,2037,1.785841395
RE1,CA_RESREF_RUR,2037,0.06195134
RE1,CA_RESREF_URB,2037,2.258508096
RE1,CA_RESTV_RUR,2037,0.077601467
RE1,CA_RESTV_URB,2037,0.568607285
RE1,CA_RESWHT_RUR,2037,0.004090084
RE1,CA_RESWHT_URB,2037,0.152039838
RE1,CA_RESWSH_RUR,2037,0.052756975
RE1,CA_RESWSH_URB,2037,0.509046381
RE1,CA_TERCLIM_CEN,2037,5.245
RE1,CA_TERCLIM_FAN,2037,0.157
RE1,CA_TERCLIM_SPL,2037,0.577
RE1,CA_TERDHT,2037,4.385
RE1,CA_TERIHT,2037,0.401
RE1,CA_TERILU,2037,0.629
RE1,CA_TERMPW,2037,0.556
RE1,CA_TEROTH,2037,2.862
RE1,CA_TERREF_AUC,2037,0.407
RE1,CA_TERREF_CEN,2037,0.645
RE1,CA_TRAAVI,2037,19.359243
RE1,CA_TRABUS,2037,7.307313977
RE1,CA_TRAFWD,2037,2.796152551
RE1,CA_TRAMIC,2037,0.365829371
RE1,CA_TRAMRT,2037,6.797836
RE1,CA_TRAMTC,2037,3.285905846
RE1,CA_TRASTT,2037,0.70871988
RE1,CA_TRATAX,2037,2.025664864
RE1,CA_TRATCK,2037,1.799538689
RE1,IN_AGFELC,2037,0.0013205
RE1,IN_AGFHEA,2037,0.0175378
RE1,IN_RESCLIM,2037,0.040527
RE1,IN_RESDHT,2037,0.075803
RE1,IN_RESOTH,2037,0.049378
RE1,IN_RESREF,2037,0.024249
RE1,IN_TERDHT,2037,0.063
RE1,IN_TRAAVI,2037,0.199134
RE1,IN_TRAFWD,2037,0.020582
RE1,IN_TRAMIC,2037,0.003068
RE1,IN_TRAMRT,2037,0.702261
RE1,IN_TRAMTC,2037,0.019548
RE1,IN_TRATAX,2037,0.006944
RE1,IN_TRATCK,2037,0.01471
RE1,NE_AGFELC,2037,0.9986336
RE1,NE_AGFHEA,2037,13.0814371
RE1,NE_INDCLIM,2037,0.476989595
RE1,NE_INDDHT,2037,10.36171984
RE1,NE_INDIHT,2037,13.27542439
RE1,NE_INDILU,2037,0.763008171
RE1,NE_INDMPW,2037,12.80345469
RE1,NE_INDREF,2037,0.573745635
RE1,NE_RESCLIM_RUR,2037,0.02413617
RE1,NE_RESCLIM_URB,2037,0.451539129
RE1,NE_RESDHT_RUR,2037,3.582120528
RE1,NE_RESDHT_URB,2037,6.037234064
RE1,NE_RESILU_RUR,2037,0.026156934
RE1,NE_RESILU_URB,2037,0.17563579
RE1,NE_RESOTH_RUR,2037,0.176037288
RE1,NE_RESOTH_URB,2037,0.931211923
RE1,NE_RESREF_RUR,2037,0.068827948
RE1,NE_RESREF_URB,2037,1.24731133
RE1,NE_RESTV_RUR,2037,0.072548696
RE1,NE_RESTV_URB,2037,0.308323612
RE1,NE_RESWHT_RUR,2037,0.04815107
RE1,NE_RESWHT_URB,2037,0.84773539
RE1,NE_RESWSH_RUR,2037,0.050948265
RE1,NE_RESWSH_URB,2037,0.312340635
RE1,NE_TERCLIM_CEN,2037,2.726
RE1,NE_TERCLIM_FAN,2037,0.081
RE1,NE_TERCLIM_SPL,2037,0.3
RE1,NE_TERDHT,2037,3.294
RE1,NE_TERIHT,2037,0.209
RE1,NE_TERILU,2037,0.327
RE1,NE_TERMPW,2037,0.289
RE1,NE_TEROTH,2037,1.487
RE1,NE_TERREF_AUC,2037,0.211
RE1,NE_TERREF_CEN,2037,0.335
RE1,NE_TRAAVI,2037,12.969654
RE1,NE_TRABUS,2037,3.72329467
RE1,NE_TRAFWD,2037,3.110756466
RE1,NE_TRAMIC,2037,0.392763686
RE1,NE_TRAMTC,2037,2.287161073
RE1,NE_TRASTT,2037,6.774635158
RE1,NE_TRATAX,2037,0.980096418
RE1,NE_TRATCK,2037,2.696856346
RE1,OR_AGFELC,2037,0.918194
RE1,OR_AGFHEA,2037,12.0181439
RE1,OR_INDCLIM,2037,0.208577782
RE1,OR_INDDHT,2037,12.83449084
RE1,OR_INDIHT,2037,26.09026016
RE1,OR_INDILU,2037,0.516033137
RE1,OR_INDMPW,2037,10.42774128
RE1,OR_INDREF,2037,0.627099868
RE1,OR_RESCLIM_RUR,2037,0.017167208
RE1,OR_RESCLIM_URB,2037,0.128981397
RE1,OR_RESDHT_RUR,2037,1.923978845
RE1,OR_RESDHT_URB,2037,16.1257991
RE1,OR_RESILU_RUR,2037,0.024279608
RE1,OR_RESILU_URB,2037,0.369582605
RE1,OR_RESOTH_RUR,2037,0.176839433
RE1,OR_RESOTH_URB,2037,2.073533328
RE1,OR_RESREF_RUR,2037,0.072570084
RE1,OR_RESREF_URB,2037,2.782770603
RE1,OR_RESTV_RUR,2037,0.085812617
RE1,OR_RESTV_URB,2037,0.729608239
RE1,OR_RESWHT_RUR,2037,0.135735337
RE1,OR_RESWHT_URB,2037,5.995726503
RE1,OR_RESWSH_RUR,2037,0.059311555
RE1,OR_RESWSH_URB,2037,0.770589318
RE1,OR_TERCLIM_CEN,2037,7.895
RE1,OR_TERCLIM_FAN,2037,0.236
RE1,OR_TERCLIM_SPL,2037,0.868
RE1,OR_TERDHT,2037,12.329
RE1,OR_TERIHT,2037,0.604
RE1,OR_TERILU,2037,0.946
RE1,OR_TERMPW,2037,0.837
RE1,OR_TEROTH,2037,4.308
RE1,OR_TERREF_AUC,2037,0.612
RE1,OR_TERREF_CEN,2037,0.972
RE1,OR_TRAAVI,2037,12.969654
RE1,OR_TRABUS,2037,23.7185941
RE1,OR_TRAFWD,2037,13.65439795
RE1,OR_TRAMET,2037,2.078
RE1,OR_TRAMIC,2037,1.545825134
RE1,OR_TRAMTC,2037,4.105160901
RE1,OR_TRASTT,2037,17.29276507
RE1,OR_TRATAX,2037,3.16448135
RE1,OR_TRATCK,2037,11.54744853
RE1,SE_AGFELC,2037,0.0280164
RE1,SE_AGFHEA,2037,0.3670384
RE1,SE_OTHDSL,2037,0.000799397
RE1,SE_OTHELC,2037,0.01863706
RE1,SE_OTHGSL,2037,2.1288e-05
RE1,SE_RESCLIM,2037,0.021522
RE1,SE_RESDHT,2037,0.880496
RE1,SE_RESOTH,2037,0.050983
RE1,SE_RESREF,2037,0.035665
RE1,SE_TERCLIM_CEN,2037,0.008
RE1,SE_TERCLIM_SPL,2037,0.001
RE1,SE_TERDHT,2037,0.063
RE1,SE_TEROTH,2037,0.008
RE1,SE_TERREF_AUC,2037,0.001
RE1,SE_TERREF_CEN,2037,0.001
RE1,SE_TRAAVI,2037,0.493505
RE1,SE_TRAFWD,2037,0.008821
RE1,SE_TRAMIC,2037,0.001023
RE1,SE_TRAMTC,2037,0.081748
RE1,SE_TRATAX,2037,0.00496
RE1,SE_TRATCK,2037,0.004903
RE1,SO_AGFELC,2037,1.6910725
RE1,SO_AGFHEA,2037,22.1531121
RE1,SO_INDCLIM,2037,0.208777059
RE1,SO_INDDHT,2037,29.80869118
RE1,SO_INDIHT,2037,79.28653272
RE1,SO_INDILU,2037,0.403971352
RE1,SO_INDMPW,2037,9.464583213
RE1,SO_INDREF,2037,0.299629772
RE1,SO_RESCLIM_RUR,2037,0.02392198
RE1,SO_RESCLIM_URB,2037,0.408880692
RE1,SO_RESDHT_RUR,2037,7.272986674
RE1,SO_RESDHT_URB,2037,11.65579962
RE1,SO_RESILU_RUR,2037,0.054630744
RE1,SO_RESILU_URB,2037,0.332608184
RE1,SO_RESOTH_RUR,2037,0.395000773
RE1,SO_RESOTH_URB,2037,1.930243935
RE1,SO_RESREF_RUR,2037,0.139258131
RE1,SO_RESREF_URB,2037,2.592328932
RE1,SO_RESTV_RUR,2037,0.175873143
RE1,SO_RESTV_URB,2037,0.66152632
RE1,SO_RESWHT_RUR,2037,0.090557631
RE1,SO_RESWHT_URB,2037,1.643763801
RE1,SO_RESWSH_RUR,2037,0.081975678
RE1,SO_RESWSH_URB,2037,0.637684244
RE1,SO_TERCLIM_CEN,2037,6.637
RE1,SO_TERCLIM_FAN,2037,0.198
RE1,SO_TERCLIM_SPL,2037,0.73
RE1,SO_TERDHT,2037,6.752
RE1,SO_TERIHT,2037,0.508
RE1,SO_TERILU,2037,0.796
RE1,SO_TERMPW,2037,0.703
RE1,SO_TEROTH,2037,3.621
RE1,SO_TERREF_AUC,2037,0.514
RE1,SO_TERREF_CEN,2037,0.817
RE1,SO_TRAAVI,2037,24.155764
RE1,SO_TRABUS,2037,5.05569563
RE1,SO_TRAFWD,2037,5.327684987
RE1,SO_TRAMIC,2037,0.635172524
RE1,SO_TRAMRT,2037,2.891849
RE1,SO_TRAMTC,2037,5.052369022
RE1,SO_TRASTT,2037,3.558137243
RE1,SO_TRATAX,2037,2.185376932
RE1,SO_TRATCK,2037,4.290453277
RE1,AN_AGFELC,2038,0.7346022
RE1,AN_AGFHEA,2038,9.6194687
RE1,AN_INDCLIM,2038,0.111377989
RE1,AN_INDDHT,2038,11.56998169
RE1,AN_INDIHT,2038,16.50684768
RE1,AN_INDILU,2038,0.31093829
RE1,AN_INDMPW,2038,5.715898173
RE1,AN_INDREF,2038,0.381775703
RE1,AN_RESCLIM_RUR,2038,0.051434563
RE1,AN_RESCLIM_URB,2038,0.27859235
RE1,AN_RESDHT_RUR,2038,1.905732122
RE1,AN_RESDHT_URB,2038,7.239644368
RE1,AN_RESILU_RUR,2038,0.05722604
RE1,AN_RESILU_URB,2038,0.262432427
RE1,AN_RESOTH_RUR,2038,0.30509756
RE1,AN_RESOTH_URB,2038,1.378656512
RE1,AN_RESREF_RUR,2038,0.12772988
RE1,AN_RESREF_URB,2038,1.908104571
RE1,AN_RESTV_RUR,2038,0.152163119
RE1,AN_RESTV_URB,2038,0.467308295
RE1,AN_RESWHT_RUR,2038,0.160380604
RE1,AN_RESWHT_URB,2038,2.588368787
RE1,AN_RESWSH_RUR,2038,0.104955969
RE1,AN_RESWSH_URB,2038,0.49331551
RE1,AN_TERCLIM_CEN,2038,4.364
RE1,AN_TERCLIM_FAN,2038,0.132
RE1,AN_TERCLIM_SPL,2038,0.48
RE1,AN_TERDHT,2038,4.738
RE1,AN_TERIHT,2038,0.341
RE1,AN_TERILU,2038,0.531
RE1,AN_TERMPW,2038,0.468
RE1,AN_TEROTH,2038,2.433
RE1,AN_TERREF_AUC,2038,0.338
RE1,AN_TERREF_CEN,2038,0.537
RE1,AN_TRAAVI,2038,16.659077
RE1,AN_TRABUS,2038,6.990494403
RE1,AN_TRAFWD,2038,4.704125211
RE1,AN_TRAMET,2038,1.031
RE1,AN_TRAMIC,2038,0.469560907
RE1,AN_TRAMRT,2038,1.410735
RE1,AN_TRAMTC,2038,2.752831646
RE1,AN_TRASTT,2038,8.163367232
RE1,AN_TRATAX,2038,1.551761883
RE1,AN_TRATCK,2038,4.253302407
RE1,CA_AGFELC,2038,0.6718027
RE1,CA_AGFHEA,2038,8.7882945
RE1,CA_INDCLIM,2038,0.135139726
RE1,CA_INDDHT,2038,12.64707293
RE1,CA_INDIHT,2038,20.17324618
RE1,CA_INDILU,2038,0.265712601
RE1,CA_INDMPW,2038,5.864303301
RE1,CA_INDREF,2038,0.569271604
RE1,CA_RESCLIM_RUR,2038,0.097423169
RE1,CA_RESCLIM_URB,2038,2.477325681
RE1,CA_RESDHT_RUR,2038,10.31593739
RE1,CA_RESDHT_URB,2038,12.1612654
RE1,CA_RESILU_RUR,2038,0.023242204
RE1,CA_RESILU_URB,2038,0.320209327
RE1,CA_RESOTH_RUR,2038,0.217087504
RE1,CA_RESOTH_URB,2038,1.81823438
RE1,CA_RESREF_RUR,2038,0.063416183
RE1,CA_RESREF_URB,2038,2.299474679
RE1,CA_RESTV_RUR,2038,0.079436359
RE1,CA_RESTV_URB,2038,0.578921128
RE1,CA_RESWHT_RUR,2038,0.004186795
RE1,CA_RESWHT_URB,2038,0.154797655
RE1,CA_RESWSH_RUR,2038,0.054004417
RE1,CA_RESWSH_URB,2038,0.518279862
RE1,CA_TERCLIM_CEN,2038,5.303
RE1,CA_TERCLIM_FAN,2038,0.16
RE1,CA_TERCLIM_SPL,2038,0.583
RE1,CA_TERDHT,2038,4.48
RE1,CA_TERIHT,2038,0.414
RE1,CA_TERILU,2038,0.645
RE1,CA_TERMPW,2038,0.569
RE1,CA_TEROTH,2038,2.956
RE1,CA_TERREF_AUC,2038,0.411
RE1,CA_TERREF_CEN,2038,0.653
RE1,CA_TRAAVI,2038,19.625761
RE1,CA_TRABUS,2038,7.803573184
RE1,CA_TRAFWD,2038,2.933523329
RE1,CA_TRAMIC,2038,0.368842498
RE1,CA_TRAMRT,2038,7.000897
RE1,CA_TRAMTC,2038,3.077379512
RE1,CA_TRASTT,2038,0.722585842
RE1,CA_TRATAX,2038,2.024727006
RE1,CA_TRATCK,2038,1.838588909
RE1,IN_AGFELC,2038,0.0013625
RE1,IN_AGFHEA,2038,0.0180954
RE1,IN_RESCLIM,2038,0.041194
RE1,IN_RESDHT,2038,0.07705
RE1,IN_RESOTH,2038,0.048974
RE1,IN_RESREF,2038,0.024648
RE1,IN_TERDHT,2038,0.064
RE1,IN_TRAAVI,2038,0.201875
RE1,IN_TRAFWD,2038,0.021593
RE1,IN_TRAMIC,2038,0.003094
RE1,IN_TRAMRT,2038,0.723239
RE1,IN_TRAMTC,2038,0.018308
RE1,IN_TRATAX,2038,0.006941
RE1,IN_TRATCK,2038,0.015029
RE1,NE_AGFELC,2038,1.0303843
RE1,NE_AGFHEA,2038,13.4973504
RE1,NE_INDCLIM,2038,0.4959901
RE1,NE_INDDHT,2038,10.76355617
RE1,NE_INDIHT,2038,13.80083879
RE1,NE_INDILU,2038,0.793108894
RE1,NE_INDMPW,2038,13.30688352
RE1,NE_INDREF,2038,0.596442458
RE1,NE_RESCLIM_RUR,2038,0.024519932
RE1,NE_RESCLIM_URB,2038,0.457913155
RE1,NE_RESDHT_RUR,2038,3.639075764
RE1,NE_RESDHT_URB,2038,6.122456997
RE1,NE_RESILU_RUR,2038,0.026572826
RE1,NE_RESILU_URB,2038,0.178115103
RE1,NE_RESOTH_RUR,2038,0.178836258
RE1,NE_RESOTH_URB,2038,0.944357117
RE1,NE_RESREF_RUR,2038,0.069922304
RE1,NE_RESREF_URB,2038,1.264918653
RE1,NE_RESTV_RUR,2038,0.073702211
RE1,NE_RESTV_URB,2038,0.312675976
RE1,NE_RESWHT_RUR,2038,0.048916666
RE1,NE_RESWHT_URB,2038,0.859702211
RE1,NE_RESWSH_RUR,2038,0.051758336
RE1,NE_RESWSH_URB,2038,0.316749704
RE1,NE_TERCLIM_CEN,2038,2.756
RE1,NE_TERCLIM_FAN,2038,0.083
RE1,NE_TERCLIM_SPL,2038,0.303
RE1,NE_TERDHT,2038,3.366
RE1,NE_TERIHT,2038,0.215
RE1,NE_TERILU,2038,0.335
RE1,NE_TERMPW,2038,0.295
RE1,NE_TEROTH,2038,1.536
RE1,NE_TERREF_AUC,2038,0.214
RE1,NE_TERREF_CEN,2038,0.339
RE1,NE_TRAAVI,2038,13.148207
RE1,NE_TRABUS,2038,3.976153554
RE1,NE_TRAFWD,2038,3.263583261
RE1,NE_TRAMIC,2038,0.395998656
RE1,NE_TRAMTC,2038,2.142015918
RE1,NE_TRASTT,2038,6.907179537
RE1,NE_TRATAX,2038,0.979642645
RE1,NE_TRATCK,2038,2.755378473
RE1,OR_AGFELC,2038,0.9473872
RE1,OR_AGFHEA,2038,12.4002507
RE1,OR_INDCLIM,2038,0.216491244
RE1,OR_INDDHT,2038,13.31482295
RE1,OR_INDIHT,2038,27.08585951
RE1,OR_INDILU,2038,0.535495676
RE1,OR_INDMPW,2038,10.8228876
RE1,OR_INDREF,2038,0.651019707
RE1,OR_RESCLIM_RUR,2038,0.017409755
RE1,OR_RESCLIM_URB,2038,0.131229516
RE1,OR_RESDHT_RUR,2038,1.951161849
RE1,OR_RESDHT_URB,2038,16.40686841
RE1,OR_RESILU_RUR,2038,0.024622644
RE1,OR_RESILU_URB,2038,0.376024353
RE1,OR_RESOTH_RUR,2038,0.179337915
RE1,OR_RESOTH_URB,2038,2.109674581
RE1,OR_RESREF_RUR,2038,0.073595393
RE1,OR_RESREF_URB,2038,2.831273714
RE1,OR_RESTV_RUR,2038,0.087025024
RE1,OR_RESTV_URB,2038,0.742325158
RE1,OR_RESWHT_RUR,2038,0.137653079
RE1,OR_RESWHT_URB,2038,6.100230764
RE1,OR_RESWSH_RUR,2038,0.060149541
RE1,OR_RESWSH_URB,2038,0.784020529
RE1,OR_TERCLIM_CEN,2038,7.982
RE1,OR_TERCLIM_FAN,2038,0.241
RE1,OR_TERCLIM_SPL,2038,0.878
RE1,OR_TERDHT,2038,12.596
RE1,OR_TERIHT,2038,0.624
RE1,OR_TERILU,2038,0.97
RE1,OR_TERMPW,2038,0.856
RE1,OR_TEROTH,2038,4.45
RE1,OR_TERREF_AUC,2038,0.619
RE1,OR_TERREF_CEN,2038,0.982
RE1,OR_TRAAVI,2038,13.148207
RE1,OR_TRABUS,2038,25.32938717
RE1,OR_TRAFWD,2038,14.32521802
RE1,OR_TRAMET,2038,2.097
RE1,OR_TRAMIC,2038,1.558557211
RE1,OR_TRAMTC,2038,3.844643955
RE1,OR_TRASTT,2038,17.63109455
RE1,OR_TRATAX,2038,3.163016234
RE1,OR_TRATCK,2038,11.79802964
RE1,SE_AGFELC,2038,0.0289072
RE1,SE_AGFHEA,2038,0.3787081
RE1,SE_OTHDSL,2038,0.000829034
RE1,SE_OTHELC,2038,0.019318924
RE1,SE_OTHGSL,2038,2.2078e-05
RE1,SE_RESCLIM,2038,0.022157
RE1,SE_RESDHT,2038,0.911536
RE1,SE_RESOTH,2038,0.052847
RE1,SE_RESREF,2038,0.036707
RE1,SE_TERCLIM_CEN,2038,0.008
RE1,SE_TERCLIM_SPL,2038,0.001
RE1,SE_TERDHT,2038,0.064
RE1,SE_TEROTH,2038,0.009
RE1,SE_TERREF_AUC,2038,0.001
RE1,SE_TERREF_CEN,2038,0.001
RE1,SE_TRAAVI,2038,0.500299
RE1,SE_TRAFWD,2038,0.009254
RE1,SE_TRAMIC,2038,0.001031
RE1,SE_TRAMTC,2038,0.07656
RE1,SE_TRATAX,2038,0.004958
RE1,SE_TRATCK,2038,0.00501
RE1,SO_AGFELC,2038,1.7448387
RE1,SO_AGFHEA,2038,22.8574516
RE1,SO_INDCLIM,2038,0.216615057
RE1,SO_INDDHT,2038,30.90777927
RE1,SO_INDIHT,2038,82.27547117
RE1,SO_INDILU,2038,0.418784303
RE1,SO_INDMPW,2038,9.816816018
RE1,SO_INDREF,2038,0.310855322
RE1,SO_RESCLIM_RUR,2038,0.024355731
RE1,SO_RESCLIM_URB,2038,0.415265547
RE1,SO_RESDHT_RUR,2038,7.404859591
RE1,SO_RESDHT_URB,2038,11.83781014
RE1,SO_RESILU_RUR,2038,0.055621302
RE1,SO_RESILU_URB,2038,0.33780201
RE1,SO_RESOTH_RUR,2038,0.40216288
RE1,SO_RESOTH_URB,2038,1.960385557
RE1,SO_RESREF_RUR,2038,0.141783143
RE1,SO_RESREF_URB,2038,2.632809308
RE1,SO_RESTV_RUR,2038,0.179062053
RE1,SO_RESTV_URB,2038,0.671856349
RE1,SO_RESWHT_RUR,2038,0.092199611
RE1,SO_RESWHT_URB,2038,1.669431907
RE1,SO_RESWSH_RUR,2038,0.083462051
RE1,SO_RESWSH_URB,2038,0.647641969
RE1,SO_TERCLIM_CEN,2038,6.71
RE1,SO_TERCLIM_FAN,2038,0.203
RE1,SO_TERCLIM_SPL,2038,0.738
RE1,SO_TERDHT,2038,6.899
RE1,SO_TERIHT,2038,0.524
RE1,SO_TERILU,2038,0.816
RE1,SO_TERMPW,2038,0.719
RE1,SO_TEROTH,2038,3.741
RE1,SO_TERREF_AUC,2038,0.52
RE1,SO_TERREF_CEN,2038,0.826
RE1,SO_TRAAVI,2038,24.488316
RE1,SO_TRABUS,2038,5.399041422
RE1,SO_TRAFWD,2038,5.589426153
RE1,SO_TRAMIC,2038,0.640404077
RE1,SO_TRAMRT,2038,2.978232
RE1,SO_TRAMTC,2038,4.731741456
RE1,SO_TRASTT,2038,3.627751484
RE1,SO_TRATAX,2038,2.184365129
RE1,SO_TRATCK,2038,4.383556662
RE1,AN_AGFELC,2039,0.7579243
RE1,AN_AGFHEA,2039,9.9248673
RE1,AN_INDCLIM,2039,0.11562167
RE1,AN_INDDHT,2039,11.99977557
RE1,AN_INDIHT,2039,17.13342643
RE1,AN_INDILU,2039,0.322657532
RE1,AN_INDMPW,2039,5.932458315
RE1,AN_INDREF,2039,0.396327347
RE1,AN_RESCLIM_RUR,2039,0.052538383
RE1,AN_RESCLIM_URB,2039,0.283478177
RE1,AN_RESDHT_RUR,2039,1.946630393
RE1,AN_RESDHT_URB,2039,7.366609981
RE1,AN_RESILU_RUR,2039,0.058454148
RE1,AN_RESILU_URB,2039,0.267034849
RE1,AN_RESOTH_RUR,2039,0.311645156
RE1,AN_RESOTH_URB,2039,1.403690677
RE1,AN_RESREF_RUR,2039,0.130471048
RE1,AN_RESREF_URB,2039,1.941568047
RE1,AN_RESTV_RUR,2039,0.155428641
RE1,AN_RESTV_URB,2039,0.475503737
RE1,AN_RESWHT_RUR,2039,0.163822478
RE1,AN_RESWHT_URB,2039,2.63376243
RE1,AN_RESWSH_RUR,2039,0.107208394
RE1,AN_RESWSH_URB,2039,0.501967055
RE1,AN_TERCLIM_CEN,2039,4.417
RE1,AN_TERCLIM_FAN,2039,0.135
RE1,AN_TERCLIM_SPL,2039,0.486
RE1,AN_TERDHT,2039,4.843
RE1,AN_TERIHT,2039,0.352
RE1,AN_TERILU,2039,0.544
RE1,AN_TERMPW,2039,0.479
RE1,AN_TEROTH,2039,2.513
RE1,AN_TERREF_AUC,2039,0.342
RE1,AN_TERREF_CEN,2039,0.544
RE1,AN_TRAAVI,2039,16.780747
RE1,AN_TRABUS,2039,7.489370414
RE1,AN_TRAFWD,2039,4.909030518
RE1,AN_TRAMET,2039,1.031
RE1,AN_TRAMIC,2039,0.47604325
RE1,AN_TRAMRT,2039,1.452828
RE1,AN_TRAMTC,2039,2.541744251
RE1,AN_TRASTT,2039,8.311010638
RE1,AN_TRATAX,2039,1.550229454
RE1,AN_TRATCK,2039,4.334899526
RE1,CA_AGFELC,2039,0.6931311
RE1,CA_AGFHEA,2039,9.067305
RE1,CA_INDCLIM,2039,0.140372604
RE1,CA_INDDHT,2039,13.12856388
RE1,CA_INDIHT,2039,20.95260909
RE1,CA_INDILU,2039,0.275941332
RE1,CA_INDMPW,2039,6.089709816
RE1,CA_INDREF,2039,0.591298825
RE1,CA_RESCLIM_RUR,2039,0.099692545
RE1,CA_RESCLIM_URB,2039,2.520928833
RE1,CA_RESDHT_RUR,2039,10.55623702
RE1,CA_RESDHT_URB,2039,12.37531456
RE1,CA_RESILU_RUR,2039,0.023783608
RE1,CA_RESILU_URB,2039,0.325845298
RE1,CA_RESOTH_RUR,2039,0.222144344
RE1,CA_RESOTH_URB,2039,1.85211917
RE1,CA_RESREF_RUR,2039,0.064893401
RE1,CA_RESREF_URB,2039,2.339947494
RE1,CA_RESTV_RUR,2039,0.08128675
RE1,CA_RESTV_URB,2039,0.589110658
RE1,CA_RESWHT_RUR,2039,0.004284322
RE1,CA_RESWHT_URB,2039,0.157522233
RE1,CA_RESWSH_RUR,2039,0.055262397
RE1,CA_RESWSH_URB,2039,0.527402052
RE1,CA_TERCLIM_CEN,2039,5.366
RE1,CA_TERCLIM_FAN,2039,0.164
RE1,CA_TERCLIM_SPL,2039,0.59
RE1,CA_TERDHT,2039,4.58
RE1,CA_TERIHT,2039,0.428
RE1,CA_TERILU,2039,0.661
RE1,CA_TERMPW,2039,0.582
RE1,CA_TEROTH,2039,3.054
RE1,CA_TERREF_AUC,2039,0.416
RE1,CA_TERREF_CEN,2039,0.66
RE1,CA_TRAAVI,2039,19.769099
RE1,CA_TRABUS,2039,8.36047449
RE1,CA_TRAFWD,2039,3.061303621
RE1,CA_TRAMIC,2039,0.373934412
RE1,CA_TRAMRT,2039,7.209785
RE1,CA_TRAMTC,2039,2.841405756
RE1,CA_TRASTT,2039,0.735654596
RE1,CA_TRATAX,2039,2.022727505
RE1,CA_TRATCK,2039,1.873861162
RE1,IN_AGFELC,2039,0.0014058
RE1,IN_AGFHEA,2039,0.0186699
RE1,IN_RESCLIM,2039,0.041835
RE1,IN_RESDHT,2039,0.078249
RE1,IN_RESOTH,2039,0.048578
RE1,IN_RESREF,2039,0.025031
RE1,IN_TERDHT,2039,0.066
RE1,IN_TRAAVI,2039,0.203349
RE1,IN_TRAFWD,2039,0.022533
RE1,IN_TRAMIC,2039,0.003136
RE1,IN_TRAMRT,2039,0.744818
RE1,IN_TRAMTC,2039,0.016904
RE1,IN_TRATAX,2039,0.006934
RE1,IN_TRATCK,2039,0.015318
RE1,NE_AGFELC,2039,1.0630969
RE1,NE_AGFHEA,2039,13.9258639
RE1,NE_INDCLIM,2039,0.515824707
RE1,NE_INDDHT,2039,11.18298441
RE1,NE_INDIHT,2039,14.3493033
RE1,NE_INDILU,2039,0.824529711
RE1,NE_INDMPW,2039,13.83238322
RE1,NE_INDREF,2039,0.620134949
RE1,NE_RESCLIM_RUR,2039,0.024905425
RE1,NE_RESCLIM_URB,2039,0.464152683
RE1,NE_RESDHT_RUR,2039,3.696287992
RE1,NE_RESDHT_URB,2039,6.205881643
RE1,NE_RESILU_RUR,2039,0.026990594
RE1,NE_RESILU_URB,2039,0.180542101
RE1,NE_RESOTH_RUR,2039,0.181647856
RE1,NE_RESOTH_URB,2039,0.958198714
RE1,NE_RESREF_RUR,2039,0.071021597
RE1,NE_RESREF_URB,2039,1.282154444
RE1,NE_RESTV_RUR,2039,0.07486093
RE1,NE_RESTV_URB,2039,0.316936501
RE1,NE_RESWHT_RUR,2039,0.049685716
RE1,NE_RESWHT_URB,2039,0.87141652
RE1,NE_RESWSH_RUR,2039,0.052572062
RE1,NE_RESWSH_URB,2039,0.321065738
RE1,NE_TERCLIM_CEN,2039,2.789
RE1,NE_TERCLIM_FAN,2039,0.085
RE1,NE_TERCLIM_SPL,2039,0.307
RE1,NE_TERDHT,2039,3.441
RE1,NE_TERIHT,2039,0.222
RE1,NE_TERILU,2039,0.343
RE1,NE_TERMPW,2039,0.302
RE1,NE_TEROTH,2039,1.587
RE1,NE_TERREF_AUC,2039,0.216
RE1,NE_TERREF_CEN,2039,0.343
RE1,NE_TRAAVI,2039,13.244235
RE1,NE_TRABUS,2039,4.259911398
RE1,NE_TRAFWD,2039,3.405740517
RE1,NE_TRAMIC,2039,0.401465464
RE1,NE_TRAMTC,2039,1.977765932
RE1,NE_TRASTT,2039,7.032103418
RE1,NE_TRATAX,2039,0.978675208
RE1,NE_TRATCK,2039,2.808238798
RE1,OR_AGFELC,2039,0.9774648
RE1,OR_AGFHEA,2039,12.7939335
RE1,OR_INDCLIM,2039,0.224723713
RE1,OR_INDDHT,2039,13.8144841
RE1,OR_INDIHT,2039,28.12162275
RE1,OR_INDILU,2039,0.555742189
RE1,OR_INDMPW,2039,11.23396049
RE1,OR_INDREF,2039,0.675904454
RE1,OR_RESCLIM_RUR,2039,0.017652167
RE1,OR_RESCLIM_URB,2039,0.133441586
RE1,OR_RESDHT_RUR,2039,1.978329587
RE1,OR_RESDHT_URB,2039,16.6834308
RE1,OR_RESILU_RUR,2039,0.024965486
RE1,OR_RESILU_URB,2039,0.382362807
RE1,OR_RESOTH_RUR,2039,0.181834994
RE1,OR_RESOTH_URB,2039,2.147418648
RE1,OR_RESREF_RUR,2039,0.074620126
RE1,OR_RESREF_URB,2039,2.878999081
RE1,OR_RESTV_RUR,2039,0.088236749
RE1,OR_RESTV_URB,2039,0.754838163
RE1,OR_RESWHT_RUR,2039,0.139569744
RE1,OR_RESWHT_URB,2039,6.203059308
RE1,OR_RESWSH_RUR,2039,0.060987056
RE1,OR_RESWSH_URB,2039,0.797236371
RE1,OR_TERCLIM_CEN,2039,8.078
RE1,OR_TERCLIM_FAN,2039,0.247
RE1,OR_TERCLIM_SPL,2039,0.889
RE1,OR_TERDHT,2039,12.877
RE1,OR_TERIHT,2039,0.644
RE1,OR_TERILU,2039,0.995
RE1,OR_TERMPW,2039,0.876
RE1,OR_TEROTH,2039,4.597
RE1,OR_TERREF_AUC,2039,0.626
RE1,OR_TERREF_CEN,2039,0.994
RE1,OR_TRAAVI,2039,13.244235
RE1,OR_TRABUS,2039,27.13701663
RE1,OR_TRAFWD,2039,14.94920506
RE1,OR_TRAMET,2039,2.097
RE1,OR_TRAMIC,2039,1.580073275
RE1,OR_TRAMTC,2039,3.549836287
RE1,OR_TRASTT,2039,17.94997214
RE1,OR_TRATAX,2039,3.159892626
RE1,OR_TRATCK,2039,12.02436794
RE1,SE_AGFELC,2039,0.0298249
RE1,SE_AGFHEA,2039,0.3907313
RE1,SE_OTHDSL,2039,0.000859597
RE1,SE_OTHELC,2039,0.020022003
RE1,SE_OTHGSL,2039,2.2892e-05
RE1,SE_RESCLIM,2039,0.022795
RE1,SE_RESDHT,2039,0.942945
RE1,SE_RESOTH,2039,0.054736
RE1,SE_RESREF,2039,0.037754
RE1,SE_TERCLIM_CEN,2039,0.008
RE1,SE_TERCLIM_SPL,2039,0.001
RE1,SE_TERDHT,2039,0.066
RE1,SE_TEROTH,2039,0.009
RE1,SE_TERREF_AUC,2039,0.001
RE1,SE_TERREF_CEN,2039,0.001
RE1,SE_TRAAVI,2039,0.503953
RE1,SE_TRAFWD,2039,0.009657
RE1,SE_TRAMIC,2039,0.001045
RE1,SE_TRAMTC,2039,0.070689
RE1,SE_TRATAX,2039,0.004953
RE1,SE_TRATCK,2039,0.005106
RE1,SO_AGFELC,2039,1.8002338
RE1,SO_AGFHEA,2039,23.5831293
RE1,SO_INDCLIM,2039,0.224765243
RE1,SO_INDDHT,2039,32.0505522
RE1,SO_INDIHT,2039,85.38351544
RE1,SO_INDILU,2039,0.434185633
RE1,SO_INDMPW,2039,10.18306406
RE1,SO_INDREF,2039,0.322527878
RE1,SO_RESCLIM_RUR,2039,0.024789372
RE1,SO_RESCLIM_URB,2039,0.421559835
RE1,SO_RESDHT_RUR,2039,7.536699367
RE1,SO_RESDHT_URB,2039,12.01723892
RE1,SO_RESILU_RUR,2039,0.056611612
RE1,SO_RESILU_URB,2039,0.342922163
RE1,SO_RESOTH_RUR,2039,0.409323186
RE1,SO_RESOTH_URB,2039,1.992124149
RE1,SO_RESREF_RUR,2039,0.14430752
RE1,SO_RESREF_URB,2039,2.672715485
RE1,SO_RESTV_RUR,2039,0.182250163
RE1,SO_RESTV_URB,2039,0.682039851
RE1,SO_RESWHT_RUR,2039,0.093841179
RE1,SO_RESWHT_URB,2039,1.694735922
RE1,SO_RESWSH_RUR,2039,0.084948051
RE1,SO_RESWSH_URB,2039,0.657458447
RE1,SO_TERCLIM_CEN,2039,6.791
RE1,SO_TERCLIM_FAN,2039,0.208
RE1,SO_TERCLIM_SPL,2039,0.747
RE1,SO_TERDHT,2039,7.053
RE1,SO_TERIHT,2039,0.541
RE1,SO_TERILU,2039,0.836
RE1,SO_TERMPW,2039,0.736
RE1,SO_TEROTH,2039,3.865
RE1,SO_TERREF_AUC,2039,0.526
RE1,SO_TERREF_CEN,2039,0.836
RE1,SO_TRAAVI,2039,24.667167
RE1,SO_TRABUS,2039,5.784343532
RE1,SO_TRAFWD,2039,5.832893966
RE1,SO_TRAMIC,2039,0.64924493
RE1,SO_TRAMRT,2039,3.067095
RE1,SO_TRAMTC,2039,4.368911067
RE1,SO_TRASTT,2039,3.693363329
RE1,SO_TRATAX,2039,2.18220798
RE1,SO_TRATCK,2039,4.467652633
RE1,AN_AGFELC,2040,0.781953
RE1,AN_AGFHEA,2040,10.2395174
RE1,AN_INDCLIM,2040,0.120040099
RE1,AN_INDDHT,2040,12.44721372
RE1,AN_INDIHT,2040,17.78579523
RE1,AN_INDILU,2040,0.334858728
RE1,AN_INDMPW,2040,6.157930093
RE1,AN_INDREF,2040,0.411478233
RE1,AN_RESCLIM_RUR,2040,0.053653285
RE1,AN_RESCLIM_URB,2040,0.288292534
RE1,AN_RESDHT_RUR,2040,1.987939289
RE1,AN_RESDHT_URB,2040,7.49171836
RE1,AN_RESILU_RUR,2040,0.059694587
RE1,AN_RESILU_URB,2040,0.271569946
RE1,AN_RESOTH_RUR,2040,0.31825849
RE1,AN_RESOTH_URB,2040,1.428400237
RE1,AN_RESREF_RUR,2040,0.133239737
RE1,AN_RESREF_URB,2040,1.974542024
RE1,AN_RESTV_RUR,2040,0.158726948
RE1,AN_RESTV_URB,2040,0.483579297
RE1,AN_RESWHT_RUR,2040,0.167298909
RE1,AN_RESWHT_URB,2040,2.678492061
RE1,AN_RESWSH_RUR,2040,0.109483433
RE1,AN_RESWSH_URB,2040,0.510492046
RE1,AN_TERCLIM_CEN,2040,4.477
RE1,AN_TERCLIM_FAN,2040,0.138
RE1,AN_TERCLIM_SPL,2040,0.492
RE1,AN_TERDHT,2040,4.956
RE1,AN_TERIHT,2040,0.364
RE1,AN_TERILU,2040,0.557
RE1,AN_TERMPW,2040,0.49
RE1,AN_TEROTH,2040,2.596
RE1,AN_TERREF_AUC,2040,0.347
RE1,AN_TERREF_CEN,2040,0.551
RE1,AN_TRAAVI,2040,17.033593
RE1,AN_TRABUS,2040,7.818766077
RE1,AN_TRAFWD,2040,5.106368609
RE1,AN_TRAMET,2040,1.031
RE1,AN_TRAMIC,2040,0.485514022
RE1,AN_TRAMRT,2040,1.496156
RE1,AN_TRAMTC,2040,2.308034658
RE1,AN_TRASTT,2040,8.449194018
RE1,AN_TRATAX,2040,1.54827832
RE1,AN_TRATCK,2040,4.407673456
RE1,CA_AGFELC,2040,0.7151055
RE1,CA_AGFHEA,2040,9.3547677
RE1,CA_INDCLIM,2040,0.145796148
RE1,CA_INDDHT,2040,13.62751145
RE1,CA_INDIHT,2040,21.76035006
RE1,CA_INDILU,2040,0.28654212
RE1,CA_INDMPW,2040,6.32331159
RE1,CA_INDREF,2040,0.614128461
RE1,CA_RESCLIM_RUR,2040,0.101979749
RE1,CA_RESCLIM_URB,2040,2.564034189
RE1,CA_RESDHT_RUR,2040,10.79842421
RE1,CA_RESDHT_URB,2040,12.58692004
RE1,CA_RESILU_RUR,2040,0.024329265
RE1,CA_RESILU_URB,2040,0.331416926
RE1,CA_RESOTH_RUR,2040,0.227240906
RE1,CA_RESOTH_URB,2040,1.88570297
RE1,CA_RESREF_RUR,2040,0.066382222
RE1,CA_RESREF_URB,2040,2.37995825
RE1,CA_RESTV_RUR,2040,0.083151677
RE1,CA_RESTV_URB,2040,0.59918386
RE1,CA_RESWHT_RUR,2040,0.004382615
RE1,CA_RESWHT_URB,2040,0.160215705
RE1,CA_RESWSH_RUR,2040,0.056530258
RE1,CA_RESWSH_URB,2040,0.536420099
RE1,CA_TERCLIM_CEN,2040,5.44
RE1,CA_TERCLIM_FAN,2040,0.168
RE1,CA_TERCLIM_SPL,2040,0.598
RE1,CA_TERDHT,2040,4.687
RE1,CA_TERIHT,2040,0.442
RE1,CA_TERILU,2040,0.677
RE1,CA_TERMPW,2040,0.596
RE1,CA_TEROTH,2040,3.155
RE1,CA_TERREF_AUC,2040,0.422
RE1,CA_TERREF_CEN,2040,0.67
RE1,CA_TRAAVI,2040,20.066973
RE1,CA_TRABUS,2040,8.72818284
RE1,CA_TRAFWD,2040,3.184364949
RE1,CA_TRAMIC,2040,0.381373753
RE1,CA_TRAMRT,2040,7.424806
RE1,CA_TRAMTC,2040,2.580142735
RE1,CA_TRASTT,2040,0.747885989
RE1,CA_TRATAX,2040,2.02018168
RE1,CA_TRATCK,2040,1.905319385
RE1,IN_AGFELC,2040,0.0014503
RE1,IN_AGFHEA,2040,0.0192618
RE1,IN_RESCLIM,2040,0.042482
RE1,IN_RESDHT,2040,0.07946
RE1,IN_RESOTH,2040,0.048117
RE1,IN_RESREF,2040,0.025419
RE1,IN_TERDHT,2040,0.067
RE1,IN_TRAAVI,2040,0.206413
RE1,IN_TRAFWD,2040,0.023439
RE1,IN_TRAMIC,2040,0.003199
RE1,IN_TRAMRT,2040,0.767031
RE1,IN_TRAMTC,2040,0.01535
RE1,IN_TRATAX,2040,0.006925
RE1,IN_TRATCK,2040,0.015575
RE1,NE_AGFELC,2040,1.0968005
RE1,NE_AGFHEA,2040,14.3673585
RE1,NE_INDCLIM,2040,0.536605211
RE1,NE_INDDHT,2040,11.62239159
RE1,NE_INDIHT,2040,14.92391639
RE1,NE_INDILU,2040,0.857448338
RE1,NE_INDMPW,2040,14.38292955
RE1,NE_INDREF,2040,0.644956981
RE1,NE_RESCLIM_RUR,2040,0.025292881
RE1,NE_RESCLIM_URB,2040,0.470281044
RE1,NE_RESDHT_RUR,2040,3.753791478
RE1,NE_RESDHT_URB,2040,6.287819949
RE1,NE_RESILU_RUR,2040,0.027410489
RE1,NE_RESILU_URB,2040,0.182925858
RE1,NE_RESOTH_RUR,2040,0.184473768
RE1,NE_RESOTH_URB,2040,0.971836764
RE1,NE_RESREF_RUR,2040,0.072126486
RE1,NE_RESREF_URB,2040,1.299083152
RE1,NE_RESTV_RUR,2040,0.076025548
RE1,NE_RESTV_URB,2040,0.321121119
RE1,NE_RESWHT_RUR,2040,0.050458681
RE1,NE_RESWHT_URB,2040,0.88292212
RE1,NE_RESWSH_RUR,2040,0.05338993
RE1,NE_RESWSH_URB,2040,0.325304875
RE1,NE_TERCLIM_CEN,2040,2.827
RE1,NE_TERCLIM_FAN,2040,0.087
RE1,NE_TERCLIM_SPL,2040,0.311
RE1,NE_TERDHT,2040,3.521
RE1,NE_TERIHT,2040,0.23
RE1,NE_TERILU,2040,0.352
RE1,NE_TERMPW,2040,0.31
RE1,NE_TEROTH,2040,1.64
RE1,NE_TERREF_AUC,2040,0.219
RE1,NE_TERREF_CEN,2040,0.348
RE1,NE_TRAAVI,2040,13.443795
RE1,NE_TRABUS,2040,4.447269783
RE1,NE_TRAFWD,2040,3.542647861
RE1,NE_TRAMIC,2040,0.409452528
RE1,NE_TRAMTC,2040,1.795913304
RE1,NE_TRASTT,2040,7.149022991
RE1,NE_TRATAX,2040,0.977443438
RE1,NE_TRATCK,2040,2.855383275
RE1,OR_AGFELC,2040,1.0084536
RE1,OR_AGFHEA,2040,13.1995422
RE1,OR_INDCLIM,2040,0.233283362
RE1,OR_INDDHT,2040,14.33395852
RE1,OR_INDIHT,2040,29.1985887
RE1,OR_INDILU,2040,0.576792572
RE1,OR_INDMPW,2040,11.66136726
RE1,OR_INDREF,2040,0.70177905
RE1,OR_RESCLIM_RUR,2040,0.017895327
RE1,OR_RESCLIM_URB,2040,0.135620893
RE1,OR_RESDHT_RUR,2040,2.005581282
RE1,OR_RESDHT_URB,2040,16.95589696
RE1,OR_RESILU_RUR,2040,0.025309389
RE1,OR_RESILU_URB,2040,0.388607382
RE1,OR_RESOTH_RUR,2040,0.18433979
RE1,OR_RESOTH_URB,2040,2.184707284
RE1,OR_RESREF_RUR,2040,0.075648026
RE1,OR_RESREF_URB,2040,2.926017578
RE1,OR_RESTV_RUR,2040,0.08945222
RE1,OR_RESTV_URB,2040,0.767165835
RE1,OR_RESWHT_RUR,2040,0.141492331
RE1,OR_RESWHT_URB,2040,6.304364836
RE1,OR_RESWSH_RUR,2040,0.061827159
RE1,OR_RESWSH_URB,2040,0.810256471
RE1,OR_TERCLIM_CEN,2040,8.189
RE1,OR_TERCLIM_FAN,2040,0.253
RE1,OR_TERCLIM_SPL,2040,0.901
RE1,OR_TERDHT,2040,13.177
RE1,OR_TERIHT,2040,0.665
RE1,OR_TERILU,2040,1.02
RE1,OR_TERMPW,2040,0.897
RE1,OR_TEROTH,2040,4.749
RE1,OR_TERREF_AUC,2040,0.635
RE1,OR_TERREF_CEN,2040,1.008
RE1,OR_TRAAVI,2040,13.443795
RE1,OR_TRABUS,2040,28.33055027
RE1,OR_TRAFWD,2040,15.55014808
RE1,OR_TRAMET,2040,2.097
RE1,OR_TRAMIC,2040,1.611508475
RE1,OR_TRAMTC,2040,3.223434136
RE1,OR_TRASTT,2040,18.24841813
RE1,OR_TRATAX,2040,3.155915554
RE1,OR_TRATCK,2040,12.22623202
RE1,SE_AGFELC,2040,0.0307705
RE1,SE_AGFHEA,2040,0.4031187
RE1,SE_OTHDSL,2040,0.00089128
RE1,SE_OTHELC,2040,0.020750786
RE1,SE_OTHGSL,2040,2.3737e-05
RE1,SE_RESCLIM,2040,0.023438
RE1,SE_RESDHT,2040,0.97475
RE1,SE_RESOTH,2040,0.056651
RE1,SE_RESREF,2040,0.038807
RE1,SE_TERCLIM_CEN,2040,0.008
RE1,SE_TERCLIM_SPL,2040,0.001
RE1,SE_TERDHT,2040,0.067
RE1,SE_TEROTH,2040,0.009
RE1,SE_TERREF_AUC,2040,0.001
RE1,SE_TERREF_CEN,2040,0.001
RE1,SE_TRAAVI,2040,0.511546
RE1,SE_TRAFWD,2040,0.010045
RE1,SE_TRAMIC,2040,0.001066
RE1,SE_TRAMTC,2040,0.06419
RE1,SE_TRATAX,2040,0.004947
RE1,SE_TRATCK,2040,0.005192
RE1,SO_AGFELC,2040,1.857307
RE1,SO_AGFHEA,2040,24.3307902
RE1,SO_INDCLIM,2040,0.233239399
RE1,SO_INDDHT,2040,33.2386359
RE1,SO_INDIHT,2040,88.61517535
RE1,SO_INDILU,2040,0.450197145
RE1,SO_INDMPW,2040,10.56385279
RE1,SO_INDREF,2040,0.334664286
RE1,SO_RESCLIM_RUR,2040,0.025222505
RE1,SO_RESCLIM_URB,2040,0.427789433
RE1,SO_RESDHT_RUR,2040,7.668384487
RE1,SO_RESDHT_URB,2040,12.19482359
RE1,SO_RESILU_RUR,2040,0.057600759
RE1,SO_RESILU_URB,2040,0.347989693
RE1,SO_RESOTH_RUR,2040,0.416475093
RE1,SO_RESOTH_URB,2040,2.023617185
RE1,SO_RESREF_RUR,2040,0.146828936
RE1,SO_RESREF_URB,2040,2.712211521
RE1,SO_RESTV_RUR,2040,0.185434532
RE1,SO_RESTV_URB,2040,0.692118691
RE1,SO_RESWHT_RUR,2040,0.095480821
RE1,SO_RESWHT_URB,2040,1.719779872
RE1,SO_RESWSH_RUR,2040,0.086432307
RE1,SO_RESWSH_URB,2040,0.667174035
RE1,SO_TERCLIM_CEN,2040,6.884
RE1,SO_TERCLIM_FAN,2040,0.213
RE1,SO_TERCLIM_SPL,2040,0.757
RE1,SO_TERDHT,2040,7.217
RE1,SO_TERIHT,2040,0.559
RE1,SO_TERILU,2040,0.857
RE1,SO_TERMPW,2040,0.754
RE1,SO_TEROTH,2040,3.992
RE1,SO_TERREF_AUC,2040,0.534
RE1,SO_TERREF_CEN,2040,0.847
RE1,SO_TRAAVI,2040,25.038843
RE1,SO_TRABUS,2040,6.038749119
RE1,SO_TRAFWD,2040,6.067370439
RE1,SO_TRAMIC,2040,0.662161511
RE1,SO_TRAMRT,2040,3.158566
RE1,SO_TRAMTC,2040,3.967196211
RE1,SO_TRASTT,2040,3.754771195
RE1,SO_TRATAX,2040,2.179461431
RE1,SO_TRATCK,2040,4.54265521
RE1,AN_AGFELC,2041,0.8067097
RE1,AN_AGFHEA,2041,10.5637024
RE1,AN_INDCLIM,2041,0.124641021
RE1,AN_INDDHT,2041,12.91306746
RE1,AN_INDIHT,2041,18.46509475
RE1,AN_INDILU,2041,0.347563115
RE1,AN_INDMPW,2041,6.392707267
RE1,AN_INDREF,2041,0.427254922
RE1,AN_RESCLIM_RUR,2041,0.054780309
RE1,AN_RESCLIM_URB,2041,0.293037887
RE1,AN_RESDHT_RUR,2041,2.029697306
RE1,AN_RESDHT_URB,2041,7.615033546
RE1,AN_RESILU_RUR,2041,0.060948513
RE1,AN_RESILU_URB,2041,0.276040042
RE1,AN_RESOTH_RUR,2041,0.324943726
RE1,AN_RESOTH_URB,2041,1.452796764
RE1,AN_RESREF_RUR,2041,0.136038529
RE1,AN_RESREF_URB,2041,2.007043382
RE1,AN_RESTV_RUR,2041,0.162061116
RE1,AN_RESTV_URB,2041,0.491539109
RE1,AN_RESWHT_RUR,2041,0.170813136
RE1,AN_RESWHT_URB,2041,2.722580577
RE1,AN_RESWSH_RUR,2041,0.111783207
RE1,AN_RESWSH_URB,2041,0.518894847
RE1,AN_TERCLIM_CEN,2041,4.548
RE1,AN_TERCLIM_FAN,2041,0.142
RE1,AN_TERCLIM_SPL,2041,0.5
RE1,AN_TERDHT,2041,5.077
RE1,AN_TERIHT,2041,0.375
RE1,AN_TERILU,2041,0.572
RE1,AN_TERMPW,2041,0.503
RE1,AN_TEROTH,2041,2.682
RE1,AN_TERREF_AUC,2041,0.353
RE1,AN_TERREF_CEN,2041,0.56
RE1,AN_TRAAVI,2041,17.33967
RE1,AN_TRABUS,2041,8.243481676
RE1,AN_TRAFWD,2041,5.317586804
RE1,AN_TRAMET,2041,1.031
RE1,AN_TRAMIC,2041,0.500548826
RE1,AN_TRAMRT,2041,1.54078
RE1,AN_TRAMTC,2041,2.079116136
RE1,AN_TRASTT,2041,8.595282426
RE1,AN_TRATAX,2041,1.54615358
RE1,AN_TRATCK,2041,4.482308137
RE1,CA_AGFELC,2041,0.7377459
RE1,CA_AGFHEA,2041,9.6509413
RE1,CA_INDCLIM,2041,0.151410126
RE1,CA_INDDHT,2041,14.14387483
RE1,CA_INDIHT,2041,22.5964304
RE1,CA_INDILU,2041,0.297514373
RE1,CA_INDMPW,2041,6.565094695
RE1,CA_INDREF,2041,0.6377595
RE1,CA_RESCLIM_RUR,2041,0.104291224
RE1,CA_RESCLIM_URB,2041,2.606679397
RE1,CA_RESDHT_RUR,2041,11.04318156
RE1,CA_RESDHT_URB,2041,12.79626663
RE1,CA_RESILU_RUR,2041,0.024880713
RE1,CA_RESILU_URB,2041,0.336929077
RE1,CA_RESOTH_RUR,2041,0.232391554
RE1,CA_RESOTH_URB,2041,1.917066123
RE1,CA_RESREF_RUR,2041,0.067886843
RE1,CA_RESREF_URB,2041,2.419541894
RE1,CA_RESTV_RUR,2041,0.085036395
RE1,CA_RESTV_URB,2041,0.609149531
RE1,CA_RESWHT_RUR,2041,0.004481952
RE1,CA_RESWHT_URB,2041,0.162880424
RE1,CA_RESWSH_RUR,2041,0.057811575
RE1,CA_RESWSH_URB,2041,0.545341878
RE1,CA_TERCLIM_CEN,2041,5.526
RE1,CA_TERCLIM_FAN,2041,0.172
RE1,CA_TERCLIM_SPL,2041,0.608
RE1,CA_TERDHT,2041,4.801
RE1,CA_TERIHT,2041,0.456
RE1,CA_TERILU,2041,0.695
RE1,CA_TERMPW,2041,0.611
RE1,CA_TEROTH,2041,3.259
RE1,CA_TERREF_AUC,2041,0.428
RE1,CA_TERREF_CEN,2041,0.68
RE1,CA_TRAAVI,2041,20.427556
RE1,CA_TRABUS,2041,9.202297984
RE1,CA_TRAFWD,2041,3.316082
RE1,CA_TRAMIC,2041,0.393183668
RE1,CA_TRAMRT,2041,7.646258
RE1,CA_TRAMTC,2041,2.324235632
RE1,CA_TRASTT,2041,0.760817101
RE1,CA_TRATAX,2041,2.017409336
RE1,CA_TRATCK,2041,1.937581963
RE1,IN_AGFELC,2041,0.0014963
RE1,IN_AGFHEA,2041,0.0198716
RE1,IN_RESCLIM,2041,0.043115
RE1,IN_RESDHT,2041,0.080643
RE1,IN_RESOTH,2041,0.047682
RE1,IN_RESREF,2041,0.025798
RE1,IN_TERDHT,2041,0.069
RE1,IN_TRAAVI,2041,0.210122
RE1,IN_TRAFWD,2041,0.024409
RE1,IN_TRAMIC,2041,0.003298
RE1,IN_TRAMRT,2041,0.789909
RE1,IN_TRAMTC,2041,0.013827
RE1,IN_TRATAX,2041,0.006916
RE1,IN_TRATCK,2041,0.015839
RE1,NE_AGFELC,2041,1.1315254
RE1,NE_AGFHEA,2041,14.8222316
RE1,NE_INDCLIM,2041,0.558364236
RE1,NE_INDDHT,2041,12.08244448
RE1,NE_INDIHT,2041,15.525573
RE1,NE_INDILU,2041,0.891915835
RE1,NE_INDMPW,2041,14.95937291
RE1,NE_INDREF,2041,0.670947188
RE1,NE_RESCLIM_RUR,2041,0.025682915
RE1,NE_RESCLIM_URB,2041,0.476290462
RE1,NE_RESDHT_RUR,2041,3.811677597
RE1,NE_RESDHT_URB,2041,6.368167932
RE1,NE_RESILU_RUR,2041,0.027833179
RE1,NE_RESILU_URB,2041,0.185263349
RE1,NE_RESOTH_RUR,2041,0.187318484
RE1,NE_RESOTH_URB,2041,0.984255237
RE1,NE_RESREF_RUR,2041,0.073238727
RE1,NE_RESREF_URB,2041,1.315683296
RE1,NE_RESTV_RUR,2041,0.077197916
RE1,NE_RESTV_URB,2041,0.325224518
RE1,NE_RESWHT_RUR,2041,0.05123679
RE1,NE_RESWHT_URB,2041,0.89420441
RE1,NE_RESWSH_RUR,2041,0.05421324
RE1,NE_RESWSH_URB,2041,0.329461736
RE1,NE_TERCLIM_CEN,2041,2.872
RE1,NE_TERCLIM_FAN,2041,0.09
RE1,NE_TERCLIM_SPL,2041,0.316
RE1,NE_TERDHT,2041,3.607
RE1,NE_TERIHT,2041,0.237
RE1,NE_TERILU,2041,0.361
RE1,NE_TERMPW,2041,0.318
RE1,NE_TEROTH,2041,1.694
RE1,NE_TERREF_AUC,2041,0.223
RE1,NE_TERREF_CEN,2041,0.353
RE1,NE_TRAAVI,2041,13.685366
RE1,NE_TRABUS,2041,4.688845606
RE1,NE_TRAFWD,2041,3.689184812
RE1,NE_TRAMIC,2041,0.422131953
RE1,NE_TRAMTC,2041,1.617788674
RE1,NE_TRASTT,2041,7.272631159
RE1,NE_TRATAX,2041,0.976102068
RE1,NE_TRATCK,2041,2.903733187
RE1,OR_AGFELC,2041,1.0403814
RE1,OR_AGFHEA,2041,13.6174421
RE1,OR_INDCLIM,2041,0.242190303
RE1,OR_INDDHT,2041,14.87446361
RE1,OR_INDIHT,2041,30.31929065
RE1,OR_INDILU,2041,0.598696229
RE1,OR_INDMPW,2041,12.10611194
RE1,OR_INDREF,2041,0.728704352
RE1,OR_RESCLIM_RUR,2041,0.018138794
RE1,OR_RESCLIM_URB,2041,0.137768338
RE1,OR_RESDHT_RUR,2041,2.032867323
RE1,OR_RESDHT_URB,2041,17.22437964
RE1,OR_RESILU_RUR,2041,0.025653724
RE1,OR_RESILU_URB,2041,0.39476066
RE1,OR_RESOTH_RUR,2041,0.186847743
RE1,OR_RESOTH_URB,2041,2.219300326
RE1,OR_RESREF_RUR,2041,0.076677222
RE1,OR_RESREF_URB,2041,2.972348658
RE1,OR_RESTV_RUR,2041,0.090669222
RE1,OR_RESTV_URB,2041,0.779313274
RE1,OR_RESWHT_RUR,2041,0.143417342
RE1,OR_RESWHT_URB,2041,6.404189266
RE1,OR_RESWSH_RUR,2041,0.062668321
RE1,OR_RESWSH_URB,2041,0.823086216
RE1,OR_TERCLIM_CEN,2041,8.318
RE1,OR_TERCLIM_FAN,2041,0.259
RE1,OR_TERCLIM_SPL,2041,0.915
RE1,OR_TERDHT,2041,13.499
RE1,OR_TERIHT,2041,0.687
RE1,OR_TERILU,2041,1.046
RE1,OR_TERMPW,2041,0.92
RE1,OR_TEROTH,2041,4.906
RE1,OR_TERREF_AUC,2041,0.645
RE1,OR_TERREF_CEN,2041,1.024
RE1,OR_TRAAVI,2041,13.685366
RE1,OR_TRABUS,2041,29.86946658
RE1,OR_TRAFWD,2041,16.19335942
RE1,OR_TRAMET,2041,2.097
RE1,OR_TRAMIC,2041,1.661411697
RE1,OR_TRAMTC,2041,2.903723261
RE1,OR_TRASTT,2041,18.56393726
RE1,OR_TRATAX,2041,3.151584614
RE1,OR_TRATCK,2041,12.43325755
RE1,SE_AGFELC,2041,0.0317447
RE1,SE_AGFHEA,2041,0.4158815
RE1,SE_OTHDSL,2041,0.000924218
RE1,SE_OTHELC,2041,0.021508393
RE1,SE_OTHGSL,2041,2.4614e-05
RE1,SE_RESCLIM,2041,0.024078
RE1,SE_RESDHT,2041,1.006796
RE1,SE_RESOTH,2041,0.058584
RE1,SE_RESREF,2041,0.039855
RE1,SE_TERCLIM_CEN,2041,0.008
RE1,SE_TERCLIM_SPL,2041,0.001
RE1,SE_TERDHT,2041,0.069
RE1,SE_TEROTH,2041,0.009
RE1,SE_TERREF_AUC,2041,0.001
RE1,SE_TERREF_CEN,2041,0.001
RE1,SE_TRAAVI,2041,0.520738
RE1,SE_TRAFWD,2041,0.010461
RE1,SE_TRAMIC,2041,0.001099
RE1,SE_TRAMTC,2041,0.057823
RE1,SE_TRATAX,2041,0.00494
RE1,SE_TRATCK,2041,0.00528
RE1,SO_AGFELC,2041,1.9161096
RE1,SO_AGFHEA,2041,25.1011073
RE1,SO_INDCLIM,2041,0.242052386
RE1,SO_INDDHT,2041,34.47409326
RE1,SO_INDIHT,2041,91.97613048
RE1,SO_INDILU,2041,0.466846554
RE1,SO_INDMPW,2041,10.95984678
RE1,SO_INDREF,2041,0.347285803
RE1,SO_RESCLIM_RUR,2041,0.025656147
RE1,SO_RESCLIM_URB,2041,0.433936874
RE1,SO_RESDHT_RUR,2041,7.800224263
RE1,SO_RESDHT_URB,2041,12.37006625
RE1,SO_RESILU_RUR,2041,0.058591068
RE1,SO_RESILU_URB,2041,0.352990392
RE1,SO_RESOTH_RUR,2041,0.4236354
RE1,SO_RESOTH_URB,2041,2.052697068
RE1,SO_RESREF_RUR,2041,0.149353313
RE1,SO_RESREF_URB,2041,2.751186677
RE1,SO_RESTV_RUR,2041,0.188622641
RE1,SO_RESTV_URB,2041,0.702064609
RE1,SO_RESWHT_RUR,2041,0.097122388
RE1,SO_RESWHT_URB,2041,1.744493537
RE1,SO_RESWSH_RUR,2041,0.087918307
RE1,SO_RESWSH_URB,2041,0.676761492
RE1,SO_TERCLIM_CEN,2041,6.993
RE1,SO_TERCLIM_FAN,2041,0.218
RE1,SO_TERCLIM_SPL,2041,0.769
RE1,SO_TERDHT,2041,7.393
RE1,SO_TERIHT,2041,0.577
RE1,SO_TERILU,2041,0.879
RE1,SO_TERMPW,2041,0.773
RE1,SO_TEROTH,2041,4.124
RE1,SO_TERREF_AUC,2041,0.542
RE1,SO_TERREF_CEN,2041,0.861
RE1,SO_TRAAVI,2041,25.488766
RE1,SO_TRABUS,2041,6.366774145
RE1,SO_TRAFWD,2041,6.318339205
RE1,SO_TRAMIC,2041,0.682666518
RE1,SO_TRAMRT,2041,3.252773
RE1,SO_TRAMTC,2041,3.573716551
RE1,SO_TRASTT,2041,3.819692009
RE1,SO_TRATAX,2041,2.176470503
RE1,SO_TRATCK,2041,4.619575524
RE1,AN_AGFELC,2042,0.8347293
RE1,AN_AGFHEA,2042,10.930613
RE1,AN_INDCLIM,2042,0.129504435
RE1,AN_INDDHT,2042,13.40558633
RE1,AN_INDIHT,2042,19.18316825
RE1,AN_INDILU,2042,0.360993324
RE1,AN_INDMPW,2042,6.640888608
RE1,AN_INDREF,2042,0.443931658
RE1,AN_RESCLIM_RUR,2042,0.055916129
RE1,AN_RESCLIM_URB,2042,0.297708576
RE1,AN_RESDHT_RUR,2042,2.071781257
RE1,AN_RESDHT_URB,2042,7.736408479
RE1,AN_RESILU_RUR,2042,0.062212226
RE1,AN_RESILU_URB,2042,0.280439805
RE1,AN_RESOTH_RUR,2042,0.331681142
RE1,AN_RESOTH_URB,2042,1.476851559
RE1,AN_RESREF_RUR,2042,0.138859165
RE1,AN_RESREF_URB,2042,2.03903336
RE1,AN_RESTV_RUR,2042,0.165421307
RE1,AN_RESTV_URB,2042,0.499373681
RE1,AN_RESWHT_RUR,2042,0.174354793
RE1,AN_RESWHT_URB,2042,2.7659754
RE1,AN_RESWSH_RUR,2042,0.114100931
RE1,AN_RESWSH_URB,2042,0.527165438
RE1,AN_TERCLIM_CEN,2042,4.63
RE1,AN_TERCLIM_FAN,2042,0.146
RE1,AN_TERCLIM_SPL,2042,0.509
RE1,AN_TERDHT,2042,5.208
RE1,AN_TERIHT,2042,0.388
RE1,AN_TERILU,2042,0.586
RE1,AN_TERMPW,2042,0.516
RE1,AN_TEROTH,2042,2.771
RE1,AN_TERREF_AUC,2042,0.359
RE1,AN_TERREF_CEN,2042,0.57
RE1,AN_TRAAVI,2042,16.64333
RE1,AN_TRABUS,2042,8.690130959
RE1,AN_TRAFWD,2042,5.573299836
RE1,AN_TRAMET,2042,1.031
RE1,AN_TRAMIC,2042,0.519003436
RE1,AN_TRAMRT,2042,1.586749
RE1,AN_TRAMTC,2042,1.839574748
RE1,AN_TRASTT,2042,8.776405447
RE1,AN_TRATAX,2042,1.54367287
RE1,AN_TRATCK,2042,4.570972972
RE1,CA_AGFELC,2042,0.7633701
RE1,CA_AGFHEA,2042,9.9861489
RE1,CA_INDCLIM,2042,0.157340621
RE1,CA_INDDHT,2042,14.68940707
RE1,CA_INDIHT,2042,23.47966137
RE1,CA_INDILU,2042,0.309105654
RE1,CA_INDMPW,2042,6.820521003
RE1,CA_INDREF,2042,0.662722974
RE1,CA_RESCLIM_RUR,2042,0.106621512
RE1,CA_RESCLIM_URB,2042,2.64879195
RE1,CA_RESDHT_RUR,2042,11.28993096
RE1,CA_RESDHT_URB,2042,13.00299841
RE1,CA_RESILU_RUR,2042,0.025436649
RE1,CA_RESILU_URB,2042,0.342372379
RE1,CA_RESOTH_RUR,2042,0.237584123
RE1,CA_RESOTH_URB,2042,1.950015241
RE1,CA_RESREF_RUR,2042,0.06940371
RE1,CA_RESREF_URB,2042,2.458631122
RE1,CA_RESTV_RUR,2042,0.086936453
RE1,CA_RESTV_URB,2042,0.618990726
RE1,CA_RESWHT_RUR,2042,0.004582097
RE1,CA_RESWHT_URB,2042,0.165511861
RE1,CA_RESWSH_RUR,2042,0.059103319
RE1,CA_RESWSH_URB,2042,0.55415222
RE1,CA_TERCLIM_CEN,2042,5.626
RE1,CA_TERCLIM_FAN,2042,0.177
RE1,CA_TERCLIM_SPL,2042,0.619
RE1,CA_TERDHT,2042,4.925
RE1,CA_TERIHT,2042,0.471
RE1,CA_TERILU,2042,0.712
RE1,CA_TERMPW,2042,0.627
RE1,CA_TEROTH,2042,3.367
RE1,CA_TERREF_AUC,2042,0.436
RE1,CA_TERREF_CEN,2042,0.692
RE1,CA_TRAAVI,2042,19.607211
RE1,CA_TRABUS,2042,9.700897965
RE1,CA_TRAFWD,2042,3.475546324
RE1,CA_TRAMIC,2042,0.407679858
RE1,CA_TRAMRT,2042,7.874379
RE1,CA_TRAMTC,2042,2.05645327
RE1,CA_TRASTT,2042,0.776849325
RE1,CA_TRATAX,2042,2.014172524
RE1,CA_TRATCK,2042,1.9759094
RE1,IN_AGFELC,2042,0.0015482
RE1,IN_AGFHEA,2042,0.0205618
RE1,IN_RESCLIM,2042,0.043768
RE1,IN_RESDHT,2042,0.081864
RE1,IN_RESOTH,2042,0.047286
RE1,IN_RESREF,2042,0.026188
RE1,IN_TERDHT,2042,0.071
RE1,IN_TRAAVI,2042,0.201684
RE1,IN_TRAFWD,2042,0.025582
RE1,IN_TRAMIC,2042,0.003419
RE1,IN_TRAMRT,2042,0.813475
RE1,IN_TRAMTC,2042,0.012234
RE1,IN_TRATAX,2042,0.006905
RE1,IN_TRATCK,2042,0.016152
RE1,NE_AGFELC,2042,1.1708269
RE1,NE_AGFHEA,2042,15.3370543
RE1,NE_INDCLIM,2042,0.581385098
RE1,NE_INDDHT,2042,12.56922912
RE1,NE_INDIHT,2042,16.16213694
RE1,NE_INDILU,2042,0.928383564
RE1,NE_INDMPW,2042,15.5692768
RE1,NE_INDREF,2042,0.698445365
RE1,NE_RESCLIM_RUR,2042,0.026074989
RE1,NE_RESCLIM_URB,2042,0.48218734
RE1,NE_RESDHT_RUR,2042,3.869866397
RE1,NE_RESDHT_URB,2042,6.447011226
RE1,NE_RESILU_RUR,2042,0.028258078
RE1,NE_RESILU_URB,2042,0.187557066
RE1,NE_RESOTH_RUR,2042,0.190178075
RE1,NE_RESOTH_URB,2042,0.997452763
RE1,NE_RESREF_RUR,2042,0.074356785
RE1,NE_RESREF_URB,2042,1.331972565
RE1,NE_RESTV_RUR,2042,0.078376414
RE1,NE_RESTV_URB,2042,0.329251072
RE1,NE_RESWHT_RUR,2042,0.052018967
RE1,NE_RESWHT_URB,2042,0.905275416
RE1,NE_RESWSH_RUR,2042,0.055040856
RE1,NE_RESWSH_URB,2042,0.33354075
RE1,NE_TERCLIM_CEN,2042,2.924
RE1,NE_TERCLIM_FAN,2042,0.092
RE1,NE_TERCLIM_SPL,2042,0.322
RE1,NE_TERDHT,2042,3.7
RE1,NE_TERIHT,2042,0.245
RE1,NE_TERILU,2042,0.37
RE1,NE_TERMPW,2042,0.326
RE1,NE_TEROTH,2042,1.75
RE1,NE_TERREF_AUC,2042,0.227
RE1,NE_TERREF_CEN,2042,0.36
RE1,NE_TRAAVI,2042,13.135779
RE1,NE_TRABUS,2042,4.942897184
RE1,NE_TRAFWD,2042,3.866590968
RE1,NE_TRAMIC,2042,0.437695431
RE1,NE_TRAMTC,2042,1.431398247
RE1,NE_TRASTT,2042,7.425882775
RE1,NE_TRATAX,2042,0.974535972
RE1,NE_TRATCK,2042,2.961172126
RE1,OR_AGFELC,2042,1.0765171
RE1,OR_AGFHEA,2042,14.0904187
RE1,OR_INDCLIM,2042,0.251613349
RE1,OR_INDDHT,2042,15.44634399
RE1,OR_INDIHT,2042,31.50488178
RE1,OR_INDILU,2042,0.621870058
RE1,OR_INDMPW,2042,12.57663104
RE1,OR_INDREF,2042,0.757188728
RE1,OR_RESCLIM_RUR,2042,0.018382976
RE1,OR_RESCLIM_URB,2042,0.139882913
RE1,OR_RESDHT_RUR,2042,2.060233506
RE1,OR_RESDHT_URB,2042,17.48875266
RE1,OR_RESILU_RUR,2042,0.025999071
RE1,OR_RESILU_URB,2042,0.40081975
RE1,OR_RESOTH_RUR,2042,0.189363061
RE1,OR_RESOTH_URB,2042,2.255651534
RE1,OR_RESREF_RUR,2042,0.07770944
RE1,OR_RESREF_URB,2042,3.017970552
RE1,OR_RESTV_RUR,2042,0.091889799
RE1,OR_RESTV_URB,2042,0.791274774
RE1,OR_RESWHT_RUR,2042,0.145348007
RE1,OR_RESWHT_URB,2042,6.502485689
RE1,OR_RESWSH_RUR,2042,0.063511953
RE1,OR_RESWSH_URB,2042,0.835719576
RE1,OR_TERCLIM_CEN,2042,8.469
RE1,OR_TERCLIM_FAN,2042,0.266
RE1,OR_TERCLIM_SPL,2042,0.932
RE1,OR_TERDHT,2042,13.846
RE1,OR_TERIHT,2042,0.709
RE1,OR_TERILU,2042,1.072
RE1,OR_TERMPW,2042,0.944
RE1,OR_TEROTH,2042,5.069
RE1,OR_TERREF_AUC,2042,0.657
RE1,OR_TERREF_CEN,2042,1.042
RE1,OR_TRAAVI,2042,13.135779
RE1,OR_TRABUS,2042,31.4878575
RE1,OR_TRAFWD,2042,16.97206848
RE1,OR_TRAMET,2042,2.097
RE1,OR_TRAMIC,2042,1.72266587
RE1,OR_TRAMTC,2042,2.56917634
RE1,OR_TRASTT,2042,18.95512352
RE1,OR_TRATAX,2042,3.146528086
RE1,OR_TRATCK,2042,12.67920065
RE1,SE_AGFELC,2042,0.0328473
RE1,SE_AGFHEA,2042,0.4303264
RE1,SE_OTHDSL,2042,0.000958491
RE1,SE_OTHELC,2042,0.022296688
RE1,SE_OTHGSL,2042,2.5528e-05
RE1,SE_RESCLIM,2042,0.02472
RE1,SE_RESDHT,2042,1.039342
RE1,SE_RESOTH,2042,0.060552
RE1,SE_RESREF,2042,0.040906
RE1,SE_TERCLIM_CEN,2042,0.009
RE1,SE_TERCLIM_SPL,2042,0.001
RE1,SE_TERDHT,2042,0.071
RE1,SE_TEROTH,2042,0.01
RE1,SE_TERREF_AUC,2042,0.001
RE1,SE_TERREF_CEN,2042,0.001
RE1,SE_TRAAVI,2042,0.499826
RE1,SE_TRAFWD,2042,0.010964
RE1,SE_TRAMIC,2042,0.00114
RE1,SE_TRAMTC,2042,0.051161
RE1,SE_TRATAX,2042,0.004932
RE1,SE_TRATCK,2042,0.005384
RE1,SO_AGFELC,2042,1.9826621
RE1,SO_AGFHEA,2042,25.9729478
RE1,SO_INDCLIM,2042,0.251491072
RE1,SO_INDDHT,2042,35.79770315
RE1,SO_INDIHT,2042,95.57543452
RE1,SO_INDILU,2042,0.484685765
RE1,SO_INDMPW,2042,11.38402303
RE1,SO_INDREF,2042,0.360803926
RE1,SO_RESCLIM_RUR,2042,0.02608911
RE1,SO_RESCLIM_URB,2042,0.440006778
RE1,SO_RESDHT_RUR,2042,7.931857832
RE1,SO_RESDHT_URB,2042,12.54309861
RE1,SO_RESILU_RUR,2042,0.059579828
RE1,SO_RESILU_URB,2042,0.357928018
RE1,SO_RESOTH_RUR,2042,0.430784507
RE1,SO_RESOTH_URB,2042,2.083523282
RE1,SO_RESREF_RUR,2042,0.151873742
RE1,SO_RESREF_URB,2042,2.78967025
RE1,SO_RESTV_RUR,2042,0.191805764
RE1,SO_RESTV_URB,2042,0.711885082
RE1,SO_RESWHT_RUR,2042,0.098761388
RE1,SO_RESWHT_URB,2042,1.768895496
RE1,SO_RESWSH_RUR,2042,0.089401982
RE1,SO_RESWSH_URB,2042,0.686228025
RE1,SO_TERCLIM_CEN,2042,7.12
RE1,SO_TERCLIM_FAN,2042,0.224
RE1,SO_TERCLIM_SPL,2042,0.783
RE1,SO_TERDHT,2042,7.583
RE1,SO_TERIHT,2042,0.596
RE1,SO_TERILU,2042,0.901
RE1,SO_TERMPW,2042,0.794
RE1,SO_TEROTH,2042,4.261
RE1,SO_TERREF_AUC,2042,0.552
RE1,SO_TERREF_CEN,2042,0.876
RE1,SO_TRAAVI,2042,24.465169
RE1,SO_TRABUS,2042,6.711739443
RE1,SO_TRAFWD,2042,6.622176592
RE1,SO_TRAMIC,2042,0.707835579
RE1,SO_TRAMRT,2042,3.349818
RE1,SO_TRAMTC,2042,3.161977634
RE1,SO_TRASTT,2042,3.900181994
RE1,SO_TRATAX,2042,2.172978487
RE1,SO_TRATCK,2042,4.710955654
RE1,AN_AGFELC,2043,0.8636144
RE1,AN_AGFHEA,2043,11.3088571
RE1,AN_INDCLIM,2043,0.134577687
RE1,AN_INDDHT,2043,13.91927423
RE1,AN_INDIHT,2043,19.93220673
RE1,AN_INDILU,2043,0.375002055
RE1,AN_INDMPW,2043,6.899769078
RE1,AN_INDREF,2043,0.461327978
RE1,AN_RESCLIM_RUR,2043,0.057061647
RE1,AN_RESCLIM_URB,2043,0.302303232
RE1,AN_RESDHT_RUR,2043,2.114224505
RE1,AN_RESDHT_URB,2043,7.855807579
RE1,AN_RESILU_RUR,2043,0.063486727
RE1,AN_RESILU_URB,2043,0.284767945
RE1,AN_RESOTH_RUR,2043,0.33847608
RE1,AN_RESOTH_URB,2043,1.50055715
RE1,AN_RESREF_RUR,2043,0.141703884
RE1,AN_RESREF_URB,2043,2.070502581
RE1,AN_RESTV_RUR,2043,0.168810187
RE1,AN_RESTV_URB,2043,0.507080715
RE1,AN_RESWHT_RUR,2043,0.177926688
RE1,AN_RESWHT_URB,2043,2.80866381
RE1,AN_RESWSH_RUR,2043,0.116438444
RE1,AN_RESWSH_URB,2043,0.535301394
RE1,AN_TERCLIM_CEN,2043,4.726
RE1,AN_TERCLIM_FAN,2043,0.15
RE1,AN_TERCLIM_SPL,2043,0.52
RE1,AN_TERDHT,2043,5.348
RE1,AN_TERIHT,2043,0.4
RE1,AN_TERILU,2043,0.601
RE1,AN_TERMPW,2043,0.53
RE1,AN_TEROTH,2043,2.863
RE1,AN_TERREF_AUC,2043,0.366
RE1,AN_TERREF_CEN,2043,0.582
RE1,AN_TRAAVI,2043,17.064161
RE1,AN_TRABUS,2043,9.269015822
RE1,AN_TRAFWD,2043,5.831586659
RE1,AN_TRAMET,2043,1.031
RE1,AN_TRAMIC,2043,0.544375627
RE1,AN_TRAMRT,2043,1.634102
RE1,AN_TRAMTC,2043,1.800651022
RE1,AN_TRASTT,2043,8.9621415
RE1,AN_TRATAX,2043,1.540851615
RE1,AN_TRATCK,2043,4.657275261
RE1,CA_AGFELC,2043,0.7897859
RE1,CA_AGFHEA,2043,10.3317106
RE1,CA_INDCLIM,2043,0.16351784
RE1,CA_INDDHT,2043,15.25755865
RE1,CA_INDIHT,2043,24.3996204
RE1,CA_INDILU,2043,0.321178605
RE1,CA_INDMPW,2043,7.086558211
RE1,CA_INDREF,2043,0.688724841
RE1,CA_RESCLIM_RUR,2043,0.108972324
RE1,CA_RESCLIM_URB,2043,2.690355813
RE1,CA_RESDHT_RUR,2043,11.53885351
RE1,CA_RESDHT_URB,2043,13.20703664
RE1,CA_RESILU_RUR,2043,0.025997481
RE1,CA_RESILU_URB,2043,0.34774476
RE1,CA_RESOTH_RUR,2043,0.242822423
RE1,CA_RESOTH_URB,2043,1.980614158
RE1,CA_RESREF_RUR,2043,0.070933936
RE1,CA_RESREF_URB,2043,2.497211051
RE1,CA_RESTV_RUR,2043,0.088853244
RE1,CA_RESTV_URB,2043,0.6287037
RE1,CA_RESWHT_RUR,2043,0.004683124
RE1,CA_RESWHT_URB,2043,0.168109011
RE1,CA_RESWSH_RUR,2043,0.060406441
RE1,CA_RESWSH_URB,2043,0.562847772
RE1,CA_TERCLIM_CEN,2043,5.742
RE1,CA_TERCLIM_FAN,2043,0.182
RE1,CA_TERCLIM_SPL,2043,0.632
RE1,CA_TERDHT,2043,5.057
RE1,CA_TERIHT,2043,0.486
RE1,CA_TERILU,2043,0.73
RE1,CA_TERMPW,2043,0.644
RE1,CA_TEROTH,2043,3.478
RE1,CA_TERREF_AUC,2043,0.445
RE1,CA_TERREF_CEN,2043,0.707
RE1,CA_TRAAVI,2043,20.102984
RE1,CA_TRABUS,2043,10.34711412
RE1,CA_TRAFWD,2043,3.636615681
RE1,CA_TRAMIC,2043,0.427609845
RE1,CA_TRAMRT,2043,8.109375
RE1,CA_TRAMTC,2043,2.012940592
RE1,CA_TRASTT,2043,0.793289874
RE1,CA_TRATAX,2043,2.010491372
RE1,CA_TRATCK,2043,2.013215572
RE1,IN_AGFELC,2043,0.0016018
RE1,IN_AGFHEA,2043,0.0212734
RE1,IN_RESCLIM,2043,0.0444
RE1,IN_RESDHT,2043,0.083047
RE1,IN_RESOTH,2043,0.046863
RE1,IN_RESREF,2043,0.026567
RE1,IN_TERDHT,2043,0.073
RE1,IN_TRAAVI,2043,0.206784
RE1,IN_TRAFWD,2043,0.026768
RE1,IN_TRAMIC,2043,0.003587
RE1,IN_TRAMRT,2043,0.837752
RE1,IN_TRAMTC,2043,0.011975
RE1,IN_TRATAX,2043,0.006892
RE1,IN_TRATCK,2043,0.016457
RE1,NE_AGFELC,2043,1.2113423
RE1,NE_AGFHEA,2043,15.8677793
RE1,NE_INDCLIM,2043,0.605408767
RE1,NE_INDDHT,2043,13.07709708
RE1,NE_INDIHT,2043,16.82639225
RE1,NE_INDILU,2043,0.966436595
RE1,NE_INDMPW,2043,16.20567532
RE1,NE_INDREF,2043,0.727139628
RE1,NE_RESCLIM_RUR,2043,0.026468409
RE1,NE_RESCLIM_URB,2043,0.487970077
RE1,NE_RESDHT_RUR,2043,3.928255079
RE1,NE_RESDHT_URB,2043,6.524328421
RE1,NE_RESILU_RUR,2043,0.028684437
RE1,NE_RESILU_URB,2043,0.189806385
RE1,NE_RESOTH_RUR,2043,0.193047489
RE1,NE_RESOTH_URB,2043,1.009414934
RE1,NE_RESREF_RUR,2043,0.075478682
RE1,NE_RESREF_URB,2043,1.347946538
RE1,NE_RESTV_RUR,2043,0.07955896
RE1,NE_RESTV_URB,2043,0.333199688
RE1,NE_RESWHT_RUR,2043,0.052803831
RE1,NE_RESWHT_URB,2043,0.91613213
RE1,NE_RESWSH_RUR,2043,0.055871314
RE1,NE_RESWSH_URB,2043,0.337540811
RE1,NE_TERCLIM_CEN,2043,2.984
RE1,NE_TERCLIM_FAN,2043,0.094
RE1,NE_TERCLIM_SPL,2043,0.328
RE1,NE_TERDHT,2043,3.799
RE1,NE_TERIHT,2043,0.253
RE1,NE_TERILU,2043,0.379
RE1,NE_TERMPW,2043,0.335
RE1,NE_TEROTH,2043,1.808
RE1,NE_TERREF_AUC,2043,0.231
RE1,NE_TERREF_CEN,2043,0.367
RE1,NE_TRAAVI,2043,13.46792
RE1,NE_TRABUS,2043,5.272163609
RE1,NE_TRAFWD,2043,4.045782745
RE1,NE_TRAMIC,2043,0.459092769
RE1,NE_TRAMTC,2043,1.401111164
RE1,NE_TRASTT,2043,7.583037565
RE1,NE_TRATAX,2043,0.972754885
RE1,NE_TRATCK,2043,3.017080558
RE1,OR_AGFELC,2043,1.113769
RE1,OR_AGFHEA,2043,14.578005
RE1,OR_INDCLIM,2043,0.261395184
RE1,OR_INDDHT,2043,16.03991532
RE1,OR_INDIHT,2043,32.73568786
RE1,OR_INDILU,2043,0.645924779
RE1,OR_INDMPW,2043,13.06505936
RE1,OR_INDREF,2043,0.786759286
RE1,OR_RESCLIM_RUR,2043,0.018627396
RE1,OR_RESCLIM_URB,2043,0.141964981
RE1,OR_RESDHT_RUR,2043,2.087626401
RE1,OR_RESDHT_URB,2043,17.74906168
RE1,OR_RESILU_RUR,2043,0.026344755
RE1,OR_RESILU_URB,2043,0.406785699
RE1,OR_RESOTH_RUR,2043,0.191880836
RE1,OR_RESOTH_URB,2043,2.289225479
RE1,OR_RESREF_RUR,2043,0.078742666
RE1,OR_RESREF_URB,2043,3.062891133
RE1,OR_RESTV_RUR,2043,0.093111567
RE1,OR_RESTV_URB,2043,0.803052398
RE1,OR_RESWHT_RUR,2043,0.147280556
RE1,OR_RESWHT_URB,2043,6.599271072
RE1,OR_RESWSH_RUR,2043,0.064356409
RE1,OR_RESWSH_URB,2043,0.848158733
RE1,OR_TERCLIM_CEN,2043,8.644
RE1,OR_TERCLIM_FAN,2043,0.274
RE1,OR_TERCLIM_SPL,2043,0.951
RE1,OR_TERDHT,2043,14.219
RE1,OR_TERIHT,2043,0.732
RE1,OR_TERILU,2043,1.099
RE1,OR_TERMPW,2043,0.97
RE1,OR_TEROTH,2043,5.236
RE1,OR_TERREF_AUC,2043,0.67
RE1,OR_TERREF_CEN,2043,1.064
RE1,OR_TRAAVI,2043,13.46792
RE1,OR_TRABUS,2043,33.58539137
RE1,OR_TRAFWD,2043,17.75861537
RE1,OR_TRAMET,2043,2.097
RE1,OR_TRAMIC,2043,1.806880743
RE1,OR_TRAMTC,2043,2.514814909
RE1,OR_TRASTT,2043,19.35627293
RE1,OR_TRATAX,2043,3.140777413
RE1,OR_TRATCK,2043,12.91859039
RE1,SE_AGFELC,2043,0.0339839
RE1,SE_AGFHEA,2043,0.4452175
RE1,SE_OTHDSL,2043,0.000995258
RE1,SE_OTHELC,2043,0.023142579
RE1,SE_OTHGSL,2043,2.6507e-05
RE1,SE_RESCLIM,2043,0.025369
RE1,SE_RESDHT,2043,1.072054
RE1,SE_RESOTH,2043,0.062527
RE1,SE_RESREF,2043,0.041969
RE1,SE_TERCLIM_CEN,2043,0.009
RE1,SE_TERCLIM_SPL,2043,0.001
RE1,SE_TERDHT,2043,0.073
RE1,SE_TEROTH,2043,0.01
RE1,SE_TERREF_AUC,2043,0.001
RE1,SE_TERREF_CEN,2043,0.001
RE1,SE_TRAAVI,2043,0.512464
RE1,SE_TRAFWD,2043,0.011472
RE1,SE_TRAMIC,2043,0.001196
RE1,SE_TRAMTC,2043,0.050079
RE1,SE_TRATAX,2043,0.004923
RE1,SE_TRATCK,2043,0.005486
RE1,SO_AGFELC,2043,2.0512704
RE1,SO_AGFHEA,2043,26.8717183
RE1,SO_INDCLIM,2043,0.26131379
RE1,SO_INDDHT,2043,37.17496485
RE1,SO_INDIHT,2043,99.321308
RE1,SO_INDILU,2043,0.503247235
RE1,SO_INDMPW,2043,11.82542655
RE1,SO_INDREF,2043,0.374871826
RE1,SO_RESCLIM_RUR,2043,0.026521685
RE1,SO_RESCLIM_URB,2043,0.44600155
RE1,SO_RESDHT_RUR,2043,8.063373569
RE1,SO_RESDHT_URB,2043,12.71398918
RE1,SO_RESILU_RUR,2043,0.060567703
RE1,SO_RESILU_URB,2043,0.362804526
RE1,SO_RESOTH_RUR,2043,0.437927215
RE1,SO_RESOTH_URB,2043,2.111909767
RE1,SO_RESREF_RUR,2043,0.154391914
RE1,SO_RESREF_URB,2043,2.827677472
RE1,SO_RESTV_RUR,2043,0.194986037
RE1,SO_RESTV_URB,2043,0.721583997
RE1,SO_RESWHT_RUR,2043,0.100398921
RE1,SO_RESWHT_URB,2043,1.792995407
RE1,SO_RESWSH_RUR,2043,0.090884329
RE1,SO_RESWSH_URB,2043,0.695577382
RE1,SO_TERCLIM_CEN,2043,7.266
RE1,SO_TERCLIM_FAN,2043,0.23
RE1,SO_TERCLIM_SPL,2043,0.799
RE1,SO_TERDHT,2043,7.788
RE1,SO_TERIHT,2043,0.616
RE1,SO_TERILU,2043,0.924
RE1,SO_TERMPW,2043,0.815
RE1,SO_TEROTH,2043,4.402
RE1,SO_TERREF_AUC,2043,0.563
RE1,SO_TERREF_CEN,2043,0.894
RE1,SO_TRAAVI,2043,25.083777
RE1,SO_TRABUS,2043,7.158835624
RE1,SO_TRAFWD,2043,6.929072149
RE1,SO_TRAMIC,2043,0.742439088
RE1,SO_TRAMRT,2043,3.449787
RE1,SO_TRAMTC,2043,3.095073068
RE1,SO_TRASTT,2043,3.982721983
RE1,SO_TRATAX,2043,2.169007097
RE1,SO_TRATCK,2043,4.799900887
RE1,AN_AGFELC,2044,0.893391
RE1,AN_AGFHEA,2044,11.6987769
RE1,AN_INDCLIM,2044,0.139882374
RE1,AN_INDDHT,2044,14.45632811
RE1,AN_INDIHT,2044,20.71540074
RE1,AN_INDILU,2044,0.389649059
RE1,AN_INDMPW,2044,7.17045177
RE1,AN_INDREF,2044,0.479517923
RE1,AN_RESCLIM_RUR,2044,0.058214645
RE1,AN_RESCLIM_URB,2044,0.30682505
RE1,AN_RESDHT_RUR,2044,2.156944925
RE1,AN_RESDHT_URB,2044,7.973313866
RE1,AN_RESILU_RUR,2044,0.064769552
RE1,AN_RESILU_URB,2044,0.289027472
RE1,AN_RESOTH_RUR,2044,0.345315392
RE1,AN_RESOTH_URB,2044,1.523928716
RE1,AN_RESREF_RUR,2044,0.144567179
RE1,AN_RESREF_URB,2044,2.101472926
RE1,AN_RESTV_RUR,2044,0.172221198
RE1,AN_RESTV_URB,2044,0.514665572
RE1,AN_RESWHT_RUR,2044,0.181521908
RE1,AN_RESWHT_URB,2044,2.850675487
RE1,AN_RESWSH_RUR,2044,0.118791221
RE1,AN_RESWSH_URB,2044,0.543308372
RE1,AN_TERCLIM_CEN,2044,4.834
RE1,AN_TERCLIM_FAN,2044,0.154
RE1,AN_TERCLIM_SPL,2044,0.532
RE1,AN_TERDHT,2044,5.499
RE1,AN_TERIHT,2044,0.413
RE1,AN_TERILU,2044,0.616
RE1,AN_TERMPW,2044,0.545
RE1,AN_TEROTH,2044,2.958
RE1,AN_TERREF_AUC,2044,0.375
RE1,AN_TERREF_CEN,2044,0.595
RE1,AN_TRAAVI,2044,17.620451
RE1,AN_TRABUS,2044,9.576429025
RE1,AN_TRAFWD,2044,6.115527209
RE1,AN_TRAMET,2044,1.031
RE1,AN_TRAMIC,2044,0.570485406
RE1,AN_TRAMRT,2044,1.682883
RE1,AN_TRAMTC,2044,1.762764259
RE1,AN_TRASTT,2044,9.146960688
RE1,AN_TRATAX,2044,1.537766632
RE1,AN_TRATCK,2044,4.741370567
RE1,CA_AGFELC,2044,0.817017
RE1,CA_AGFHEA,2044,10.6879392
RE1,CA_INDCLIM,2044,0.169955388
RE1,CA_INDDHT,2044,15.84957376
RE1,CA_INDIHT,2044,25.35833217
RE1,CA_INDILU,2044,0.333759763
RE1,CA_INDMPW,2044,7.363790818
RE1,CA_INDREF,2044,0.715822357
RE1,CA_RESCLIM_RUR,2044,0.111338988
RE1,CA_RESCLIM_URB,2044,2.731297081
RE1,CA_RESDHT_RUR,2044,11.78945467
RE1,CA_RESDHT_URB,2044,13.40801855
RE1,CA_RESILU_RUR,2044,0.026562095
RE1,CA_RESILU_URB,2044,0.353036666
RE1,CA_RESOTH_RUR,2044,0.248096047
RE1,CA_RESOTH_URB,2044,2.012794032
RE1,CA_RESREF_RUR,2044,0.072474482
RE1,CA_RESREF_URB,2044,2.535213084
RE1,CA_RESTV_RUR,2044,0.090782962
RE1,CA_RESTV_URB,2044,0.63827118
RE1,CA_RESWHT_RUR,2044,0.004784832
RE1,CA_RESWHT_URB,2044,0.170667259
RE1,CA_RESWSH_RUR,2044,0.061718349
RE1,CA_RESWSH_URB,2044,0.571413071
RE1,CA_TERCLIM_CEN,2044,5.873
RE1,CA_TERCLIM_FAN,2044,0.187
RE1,CA_TERCLIM_SPL,2044,0.646
RE1,CA_TERDHT,2044,5.199
RE1,CA_TERIHT,2044,0.502
RE1,CA_TERILU,2044,0.748
RE1,CA_TERMPW,2044,0.663
RE1,CA_TEROTH,2044,3.594
RE1,CA_TERREF_AUC,2044,0.455
RE1,CA_TERREF_CEN,2044,0.723
RE1,CA_TRAAVI,2044,20.75834
RE1,CA_TRABUS,2044,10.69028318
RE1,CA_TRAFWD,2044,3.813682869
RE1,CA_TRAMIC,2044,0.44811921
RE1,CA_TRAMRT,2044,8.351455
RE1,CA_TRAMTC,2044,1.970587132
RE1,CA_TRASTT,2044,0.809649267
RE1,CA_TRATAX,2044,2.006466111
RE1,CA_TRATCK,2044,2.049567725
RE1,IN_AGFELC,2044,0.001657
RE1,IN_AGFHEA,2044,0.0220068
RE1,IN_RESCLIM,2044,0.045039
RE1,IN_RESDHT,2044,0.084243
RE1,IN_RESOTH,2044,0.046502
RE1,IN_RESREF,2044,0.026949
RE1,IN_TERDHT,2044,0.075
RE1,IN_TRAAVI,2044,0.213525
RE1,IN_TRAFWD,2044,0.028071
RE1,IN_TRAMIC,2044,0.003759
RE1,IN_TRAMRT,2044,0.86276
RE1,IN_TRAMTC,2044,0.011723
RE1,IN_TRATAX,2044,0.006878
RE1,IN_TRATCK,2044,0.016754
RE1,NE_AGFELC,2044,1.2531083
RE1,NE_AGFHEA,2044,16.4148869
RE1,NE_INDCLIM,2044,0.630297659
RE1,NE_INDDHT,2044,13.60304283
RE1,NE_INDIHT,2044,17.51450455
RE1,NE_INDILU,2044,1.005854397
RE1,NE_INDMPW,2044,16.8648653
RE1,NE_INDREF,2044,0.756864243
RE1,NE_RESCLIM_RUR,2044,0.026863523
RE1,NE_RESCLIM_URB,2044,0.493639589
RE1,NE_RESDHT_RUR,2044,3.986895043
RE1,NE_RESDHT_URB,2044,6.600131752
RE1,NE_RESILU_RUR,2044,0.02911263
RE1,NE_RESILU_URB,2044,0.192011663
RE1,NE_RESOTH_RUR,2044,0.195929251
RE1,NE_RESOTH_URB,2044,1.022178529
RE1,NE_RESREF_RUR,2044,0.076605409
RE1,NE_RESREF_URB,2044,1.363607742
RE1,NE_RESTV_RUR,2044,0.080746596
RE1,NE_RESTV_URB,2044,0.33707099
RE1,NE_RESWHT_RUR,2044,0.053592073
RE1,NE_RESWHT_URB,2044,0.92677627
RE1,NE_RESWSH_RUR,2044,0.056705347
RE1,NE_RESWSH_URB,2044,0.34146255
RE1,NE_TERCLIM_CEN,2044,3.052
RE1,NE_TERCLIM_FAN,2044,0.097
RE1,NE_TERCLIM_SPL,2044,0.336
RE1,NE_TERDHT,2044,3.906
RE1,NE_TERIHT,2044,0.261
RE1,NE_TERILU,2044,0.389
RE1,NE_TERMPW,2044,0.344
RE1,NE_TEROTH,2044,1.868
RE1,NE_TERREF_AUC,2044,0.237
RE1,NE_TERREF_CEN,2044,0.376
RE1,NE_TRAAVI,2044,13.906974
RE1,NE_TRABUS,2044,5.447018495
RE1,NE_TRAFWD,2044,4.242772319
RE1,NE_TRAMIC,2044,0.481112143
RE1,NE_TRAMTC,2044,1.371630956
RE1,NE_TRASTT,2044,7.739416578
RE1,NE_TRATAX,2044,0.970807305
RE1,NE_TRATCK,2044,3.07155926
RE1,OR_AGFELC,2044,1.1521708
RE1,OR_AGFHEA,2044,15.0806423
RE1,OR_INDCLIM,2044,0.271586271
RE1,OR_INDDHT,2044,16.65825541
RE1,OR_INDIHT,2044,34.01804476
RE1,OR_INDILU,2044,0.67098476
RE1,OR_INDMPW,2044,13.57391777
RE1,OR_INDREF,2044,0.817568272
RE1,OR_RESCLIM_RUR,2044,0.018870863
RE1,OR_RESCLIM_URB,2044,0.144013943
RE1,OR_RESDHT_RUR,2044,2.114912443
RE1,OR_RESDHT_URB,2044,18.00523151
RE1,OR_RESILU_RUR,2044,0.026689091
RE1,OR_RESILU_URB,2044,0.412656782
RE1,OR_RESOTH_RUR,2044,0.194388788
RE1,OR_RESOTH_URB,2044,2.324620804
RE1,OR_RESREF_RUR,2044,0.079771861
RE1,OR_RESREF_URB,2044,3.107097432
RE1,OR_RESTV_RUR,2044,0.094328569
RE1,OR_RESTV_URB,2044,0.814642746
RE1,OR_RESWHT_RUR,2044,0.149205567
RE1,OR_RESWHT_URB,2044,6.694517471
RE1,OR_RESWSH_RUR,2044,0.065197571
RE1,OR_RESWSH_URB,2044,0.860400095
RE1,OR_TERCLIM_CEN,2044,8.841
RE1,OR_TERCLIM_FAN,2044,0.281
RE1,OR_TERCLIM_SPL,2044,0.973
RE1,OR_TERDHT,2044,14.619
RE1,OR_TERIHT,2044,0.756
RE1,OR_TERILU,2044,1.126
RE1,OR_TERMPW,2044,0.998
RE1,OR_TEROTH,2044,5.41
RE1,OR_TERREF_AUC,2044,0.685
RE1,OR_TERREF_CEN,2044,1.088
RE1,OR_TRAAVI,2044,13.906974
RE1,OR_TRABUS,2044,34.69927368
RE1,OR_TRAFWD,2044,18.62328417
RE1,OR_TRAMET,2044,2.097
RE1,OR_TRAMIC,2044,1.8935438
RE1,OR_TRAMTC,2044,2.461901717
RE1,OR_TRASTT,2044,19.7554421
RE1,OR_TRATAX,2044,3.134489174
RE1,OR_TRATCK,2044,13.15185829
RE1,SE_AGFELC,2044,0.0351557
RE1,SE_AGFHEA,2044,0.4605682
RE1,SE_OTHDSL,2044,0.001033555
RE1,SE_OTHELC,2044,0.024023586
RE1,SE_OTHGSL,2044,2.7528e-05
RE1,SE_RESCLIM,2044,0.026021
RE1,SE_RESDHT,2044,1.104859
RE1,SE_RESOTH,2044,0.064508
RE1,SE_RESREF,2044,0.043037
RE1,SE_TERCLIM_CEN,2044,0.009
RE1,SE_TERCLIM_SPL,2044,0.001
RE1,SE_TERDHT,2044,0.075
RE1,SE_TEROTH,2044,0.01
RE1,SE_TERREF_AUC,2044,0.001
RE1,SE_TERREF_CEN,2044,0.001
RE1,SE_TRAAVI,2044,0.529171
RE1,SE_TRAFWD,2044,0.012031
RE1,SE_TRAMIC,2044,0.001253
RE1,SE_TRAMTC,2044,0.049025
RE1,SE_TRATAX,2044,0.004913
RE1,SE_TRATCK,2044,0.005585
RE1,SO_AGFELC,2044,2.1219965
RE1,SO_AGFHEA,2044,27.7982324
RE1,SO_INDCLIM,2044,0.271512801
RE1,SO_INDDHT,2044,38.60471966
RE1,SO_INDIHT,2044,103.2108446
RE1,SO_INDILU,2044,0.522515043
RE1,SO_INDMPW,2044,12.28369818
RE1,SO_INDREF,2044,0.389478333
RE1,SO_RESCLIM_RUR,2044,0.026953086
RE1,SO_RESCLIM_URB,2044,0.451910837
RE1,SO_RESDHT_RUR,2044,8.194532126
RE1,SO_RESDHT_URB,2044,12.8824429
RE1,SO_RESILU_RUR,2044,0.061552896
RE1,SO_RESILU_URB,2044,0.367611497
RE1,SO_RESOTH_RUR,2044,0.445050524
RE1,SO_RESOTH_URB,2044,2.142061744
RE1,SO_RESREF_RUR,2044,0.156903248
RE1,SO_RESREF_URB,2044,2.865142722
RE1,SO_RESTV_RUR,2044,0.198157673
RE1,SO_RESTV_URB,2044,0.731144608
RE1,SO_RESWHT_RUR,2044,0.102032006
RE1,SO_RESWHT_URB,2044,1.81675166
RE1,SO_RESWSH_RUR,2044,0.092362651
RE1,SO_RESWSH_URB,2044,0.704793419
RE1,SO_TERCLIM_CEN,2044,7.432
RE1,SO_TERCLIM_FAN,2044,0.237
RE1,SO_TERCLIM_SPL,2044,0.818
RE1,SO_TERDHT,2044,8.007
RE1,SO_TERIHT,2044,0.636
RE1,SO_TERILU,2044,0.947
RE1,SO_TERMPW,2044,0.839
RE1,SO_TEROTH,2044,4.548
RE1,SO_TERREF_AUC,2044,0.576
RE1,SO_TERREF_CEN,2044,0.915
RE1,SO_TRAAVI,2044,25.901506
RE1,SO_TRABUS,2044,7.396263268
RE1,SO_TRAFWD,2044,7.266449379
RE1,SO_TRAMIC,2044,0.778048544
RE1,SO_TRAMRT,2044,3.552769
RE1,SO_TRAMTC,2044,3.029950901
RE1,SO_TRASTT,2044,4.064854523
RE1,SO_TRATAX,2044,2.164664467
RE1,SO_TRATCK,2044,4.88657155
RE1,AN_AGFELC,2045,0.9240863
RE1,AN_AGFHEA,2045,12.1007256
RE1,AN_INDCLIM,2045,0.145390311
RE1,AN_INDDHT,2045,15.01379914
RE1,AN_INDIHT,2045,21.52856867
RE1,AN_INDILU,2045,0.404855407
RE1,AN_INDMPW,2045,7.451487925
RE1,AN_INDREF,2045,0.498404896
RE1,AN_RESCLIM_RUR,2045,0.059373601
RE1,AN_RESCLIM_URB,2045,0.311274212
RE1,AN_RESDHT_RUR,2045,2.199886057
RE1,AN_RESDHT_URB,2045,8.088932082
RE1,AN_RESILU_RUR,2045,0.066059005
RE1,AN_RESILU_URB,2045,0.293218558
RE1,AN_RESOTH_RUR,2045,0.352190038
RE1,AN_RESOTH_URB,2045,1.546966503
RE1,AN_RESREF_RUR,2045,0.147445267
RE1,AN_RESREF_URB,2045,2.131945644
RE1,AN_RESTV_RUR,2045,0.175649831
RE1,AN_RESTV_URB,2045,0.522128556
RE1,AN_RESWHT_RUR,2045,0.185135703
RE1,AN_RESWHT_URB,2045,2.892012129
RE1,AN_RESWSH_RUR,2045,0.121156154
RE1,AN_RESWSH_URB,2045,0.551186696
RE1,AN_TERCLIM_CEN,2045,4.954
RE1,AN_TERCLIM_FAN,2045,0.158
RE1,AN_TERCLIM_SPL,2045,0.545
RE1,AN_TERDHT,2045,5.659
RE1,AN_TERIHT,2045,0.427
RE1,AN_TERILU,2045,0.631
RE1,AN_TERMPW,2045,0.562
RE1,AN_TEROTH,2045,3.055
RE1,AN_TERREF_AUC,2045,0.384
RE1,AN_TERREF_CEN,2045,0.61
RE1,AN_TRAAVI,2045,17.829646
RE1,AN_TRABUS,2045,10.00086303
RE1,AN_TRAFWD,2045,6.384822468
RE1,AN_TRAMET,2045,1.031
RE1,AN_TRAMIC,2045,0.600367601
RE1,AN_TRAMRT,2045,1.733135
RE1,AN_TRAMTC,2045,1.720008526
RE1,AN_TRASTT,2045,9.329191052
RE1,AN_TRATAX,2045,1.534223425
RE1,AN_TRATCK,2045,4.816768376
RE1,CA_AGFELC,2045,0.8450883
RE1,CA_AGFHEA,2045,11.0551574
RE1,CA_INDCLIM,2045,0.176704627
RE1,CA_INDDHT,2045,16.47021429
RE1,CA_INDIHT,2045,26.36345417
RE1,CA_INDILU,2045,0.346949789
RE1,CA_INDMPW,2045,7.654438548
RE1,CA_INDREF,2045,0.744231796
RE1,CA_RESCLIM_RUR,2045,0.113724333
RE1,CA_RESCLIM_URB,2045,2.771714061
RE1,CA_RESDHT_RUR,2045,12.04203396
RE1,CA_RESDHT_URB,2045,13.6064267
RE1,CA_RESILU_RUR,2045,0.027131166
RE1,CA_RESILU_URB,2045,0.358260805
RE1,CA_RESOTH_RUR,2045,0.253411299
RE1,CA_RESOTH_URB,2045,2.044648284
RE1,CA_RESREF_RUR,2045,0.074027187
RE1,CA_RESREF_URB,2045,2.572728466
RE1,CA_RESTV_RUR,2045,0.092727911
RE1,CA_RESTV_URB,2045,0.647716141
RE1,CA_RESWHT_RUR,2045,0.004887343
RE1,CA_RESWHT_URB,2045,0.173192746
RE1,CA_RESWSH_RUR,2045,0.063040614
RE1,CA_RESWSH_URB,2045,0.579868684
RE1,CA_TERCLIM_CEN,2045,6.019
RE1,CA_TERCLIM_FAN,2045,0.192
RE1,CA_TERCLIM_SPL,2045,0.662
RE1,CA_TERDHT,2045,5.351
RE1,CA_TERIHT,2045,0.519
RE1,CA_TERILU,2045,0.767
RE1,CA_TERMPW,2045,0.682
RE1,CA_TEROTH,2045,3.713
RE1,CA_TERREF_AUC,2045,0.467
RE1,CA_TERREF_CEN,2045,0.741
RE1,CA_TRAAVI,2045,21.004788
RE1,CA_TRABUS,2045,11.16408397
RE1,CA_TRAFWD,2045,3.981617159
RE1,CA_TRAMIC,2045,0.471591827
RE1,CA_TRAMRT,2045,8.600835
RE1,CA_TRAMTC,2045,1.922790668
RE1,CA_TRASTT,2045,0.825779508
RE1,CA_TRATAX,2045,2.001842961
RE1,CA_TRATCK,2045,2.082160181
RE1,IN_AGFELC,2045,0.001714
RE1,IN_AGFHEA,2045,0.022763
RE1,IN_RESCLIM,2045,0.045682
RE1,IN_RESDHT,2045,0.085445
RE1,IN_RESOTH,2045,0.046155
RE1,IN_RESREF,2045,0.027334
RE1,IN_TERDHT,2045,0.077
RE1,IN_TRAAVI,2045,0.21606
RE1,IN_TRAFWD,2045,0.029307
RE1,IN_TRAMIC,2045,0.003956
RE1,IN_TRAMRT,2045,0.888523
RE1,IN_TRAMTC,2045,0.011439
RE1,IN_TRATAX,2045,0.006862
RE1,IN_TRATCK,2045,0.01702
RE1,NE_AGFELC,2045,1.2961629
RE1,NE_AGFHEA,2045,16.9788727
RE1,NE_INDCLIM,2045,0.65624081
RE1,NE_INDDHT,2045,14.15111561
RE1,NE_INDIHT,2045,18.23171717
RE1,NE_INDILU,2045,1.046937817
RE1,NE_INDMPW,2045,17.55188633
RE1,NE_INDREF,2045,0.787845762
RE1,NE_RESCLIM_RUR,2045,0.027260291
RE1,NE_RESCLIM_URB,2045,0.499203881
RE1,NE_RESDHT_RUR,2045,4.045780577
RE1,NE_RESDHT_URB,2045,6.67452826
RE1,NE_RESILU_RUR,2045,0.029542617
RE1,NE_RESILU_URB,2045,0.194176013
RE1,NE_RESOTH_RUR,2045,0.198823081
RE1,NE_RESOTH_URB,2045,1.034747813
RE1,NE_RESREF_RUR,2045,0.077736853
RE1,NE_RESREF_URB,2045,1.378978292
RE1,NE_RESTV_RUR,2045,0.081939204
RE1,NE_RESTV_URB,2045,0.340870445
RE1,NE_RESWHT_RUR,2045,0.054383615
RE1,NE_RESWHT_URB,2045,0.937222867
RE1,NE_RESWSH_RUR,2045,0.057542872
RE1,NE_RESWSH_URB,2045,0.345311507
RE1,NE_TERCLIM_CEN,2045,3.128
RE1,NE_TERCLIM_FAN,2045,0.1
RE1,NE_TERCLIM_SPL,2045,0.344
RE1,NE_TERDHT,2045,4.02
RE1,NE_TERIHT,2045,0.27
RE1,NE_TERILU,2045,0.398
RE1,NE_TERMPW,2045,0.355
RE1,NE_TEROTH,2045,1.929
RE1,NE_TERREF_AUC,2045,0.242
RE1,NE_TERREF_CEN,2045,0.385
RE1,NE_TRAAVI,2045,14.072081
RE1,NE_TRABUS,2045,5.688434147
RE1,NE_TRAFWD,2045,4.429601424
RE1,NE_TRAMIC,2045,0.50631294
RE1,NE_TRAMTC,2045,1.338362136
RE1,NE_TRASTT,2045,7.893605139
RE1,NE_TRATAX,2045,0.968570443
RE1,NE_TRATCK,2045,3.120403541
RE1,OR_AGFELC,2045,1.1917573
RE1,OR_AGFHEA,2045,15.5987858
RE1,OR_INDCLIM,2045,0.282204699
RE1,OR_INDDHT,2045,17.30245295
RE1,OR_INDIHT,2045,35.35423644
RE1,OR_INDILU,2045,0.697094329
RE1,OR_INDMPW,2045,14.10410887
RE1,OR_INDREF,2045,0.849670544
RE1,OR_RESCLIM_RUR,2045,0.019115624
RE1,OR_RESCLIM_URB,2045,0.146031859
RE1,OR_RESDHT_RUR,2045,2.142343501
RE1,OR_RESDHT_URB,2045,18.25751987
RE1,OR_RESILU_RUR,2045,0.027035256
RE1,OR_RESILU_URB,2045,0.418438907
RE1,OR_RESOTH_RUR,2045,0.19691007
RE1,OR_RESOTH_URB,2045,2.359581508
RE1,OR_RESREF_RUR,2045,0.080806527
RE1,OR_RESREF_URB,2045,3.150633917
RE1,OR_RESTV_RUR,2045,0.095552039
RE1,OR_RESTV_URB,2045,0.826057477
RE1,OR_RESWHT_RUR,2045,0.151140808
RE1,OR_RESWHT_URB,2045,6.788320697
RE1,OR_RESWSH_RUR,2045,0.066043203
RE1,OR_RESWSH_URB,2045,0.872455975
RE1,OR_TERCLIM_CEN,2045,9.061
RE1,OR_TERCLIM_FAN,2045,0.29
RE1,OR_TERCLIM_SPL,2045,0.997
RE1,OR_TERDHT,2045,15.045
RE1,OR_TERIHT,2045,0.781
RE1,OR_TERILU,2045,1.154
RE1,OR_TERMPW,2045,1.027
RE1,OR_TEROTH,2045,5.589
RE1,OR_TERREF_AUC,2045,0.702
RE1,OR_TERREF_CEN,2045,1.115
RE1,OR_TRAAVI,2045,14.072081
RE1,OR_TRABUS,2045,36.23716965
RE1,OR_TRAFWD,2045,19.44335445
RE1,OR_TRAMET,2045,2.097
RE1,OR_TRAMIC,2045,1.992728187
RE1,OR_TRAMTC,2045,2.40218845
RE1,OR_TRASTT,2045,20.14901998
RE1,OR_TRATAX,2045,3.127266917
RE1,OR_TRATCK,2045,13.36100062
RE1,SE_AGFELC,2045,0.0363636
RE1,SE_AGFHEA,2045,0.4763925
RE1,SE_OTHDSL,2045,0.001072975
RE1,SE_OTHELC,2045,0.024930222
RE1,SE_OTHGSL,2045,2.8578e-05
RE1,SE_RESCLIM,2045,0.026671
RE1,SE_RESDHT,2045,1.137755
RE1,SE_RESOTH,2045,0.066496
RE1,SE_RESREF,2045,0.044102
RE1,SE_TERCLIM_CEN,2045,0.009
RE1,SE_TERCLIM_SPL,2045,0.001
RE1,SE_TERDHT,2045,0.077
RE1,SE_TEROTH,2045,0.011
RE1,SE_TERREF_AUC,2045,0.001
RE1,SE_TERREF_CEN,2045,0.001
RE1,SE_TRAAVI,2045,0.535453
RE1,SE_TRAFWD,2045,0.01256
RE1,SE_TRAMIC,2045,0.001319
RE1,SE_TRAMTC,2045,0.047836
RE1,SE_TRATAX,2045,0.004902
RE1,SE_TRATCK,2045,0.005673
RE1,SO_AGFELC,2045,2.1949044
RE1,SO_AGFHEA,2045,28.7533293
RE1,SO_INDCLIM,2045,0.282085586
RE1,SO_INDDHT,2045,40.08655609
RE1,SO_INDIHT,2045,107.2431204
RE1,SO_INDILU,2045,0.542483397
RE1,SO_INDMPW,2045,12.75871575
RE1,SO_INDREF,2045,0.404619773
RE1,SO_RESCLIM_RUR,2045,0.027384051
RE1,SO_RESCLIM_URB,2045,0.457751091
RE1,SO_RESDHT_RUR,2045,8.325558122
RE1,SO_RESDHT_URB,2045,13.04892869
RE1,SO_RESILU_RUR,2045,0.062537092
RE1,SO_RESILU_URB,2045,0.372362311
RE1,SO_RESOTH_RUR,2045,0.452166633
RE1,SO_RESOTH_URB,2045,2.171942926
RE1,SO_RESREF_RUR,2045,0.159412043
RE1,SO_RESREF_URB,2045,2.902170293
RE1,SO_RESTV_RUR,2045,0.201326104
RE1,SO_RESTV_URB,2045,0.74059353
RE1,SO_RESWHT_RUR,2045,0.103663441
RE1,SO_RESWHT_URB,2045,1.840230385
RE1,SO_RESWSH_RUR,2045,0.093839478
RE1,SO_RESWSH_URB,2045,0.713901791
RE1,SO_TERCLIM_CEN,2045,7.617
RE1,SO_TERCLIM_FAN,2045,0.244
RE1,SO_TERCLIM_SPL,2045,0.838
RE1,SO_TERDHT,2045,8.24
RE1,SO_TERIHT,2045,0.657
RE1,SO_TERILU,2045,0.97
RE1,SO_TERMPW,2045,0.863
RE1,SO_TEROTH,2045,4.698
RE1,SO_TERREF_AUC,2045,0.59
RE1,SO_TERREF_CEN,2045,0.937
RE1,SO_TRAAVI,2045,26.209015
RE1,SO_TRABUS,2045,7.724070806
RE1,SO_TRAFWD,2045,7.586425122
RE1,SO_TRAMIC,2045,0.818802958
RE1,SO_TRAMRT,2045,3.658858
RE1,SO_TRAMTC,2045,2.956459638
RE1,SO_TRASTT,2045,4.145836605
RE1,SO_TRATAX,2045,2.159676808
RE1,SO_TRATCK,2045,4.964278361
RE1,AN_AGFELC,2046,0.9557281
RE1,AN_AGFHEA,2046,12.5150676
RE1,AN_INDCLIM,2046,0.151105458
RE1,AN_INDDHT,2046,15.59206617
RE1,AN_INDIHT,2046,22.37229071
RE1,AN_INDILU,2046,0.420631781
RE1,AN_INDMPW,2046,7.74307724
RE1,AN_INDREF,2046,0.518002492
RE1,AN_RESCLIM_RUR,2046,0.060538028
RE1,AN_RESCLIM_URB,2046,0.31566231
RE1,AN_RESDHT_RUR,2046,2.243029934
RE1,AN_RESDHT_URB,2046,8.202963465
RE1,AN_RESILU_RUR,2046,0.067354545
RE1,AN_RESILU_URB,2046,0.297352122
RE1,AN_RESOTH_RUR,2046,0.359097143
RE1,AN_RESOTH_URB,2046,1.569727499
RE1,AN_RESREF_RUR,2046,0.150336945
RE1,AN_RESREF_URB,2046,2.162000132
RE1,AN_RESTV_RUR,2046,0.179094652
RE1,AN_RESTV_URB,2046,0.529489112
RE1,AN_RESWHT_RUR,2046,0.18876656
RE1,AN_RESWHT_URB,2046,2.932781434
RE1,AN_RESWSH_RUR,2046,0.123532252
RE1,AN_RESWSH_URB,2046,0.558956891
RE1,AN_TERCLIM_CEN,2046,5.086
RE1,AN_TERCLIM_FAN,2046,0.163
RE1,AN_TERCLIM_SPL,2046,0.559
RE1,AN_TERDHT,2046,5.828
RE1,AN_TERIHT,2046,0.441
RE1,AN_TERILU,2046,0.647
RE1,AN_TERMPW,2046,0.579
RE1,AN_TEROTH,2046,3.157
RE1,AN_TERREF_AUC,2046,0.394
RE1,AN_TERREF_CEN,2046,0.626
RE1,AN_TRAAVI,2046,18.352469
RE1,AN_TRABUS,2046,10.25848442
RE1,AN_TRAFWD,2046,6.637581847
RE1,AN_TRAMET,2046,1.031
RE1,AN_TRAMIC,2046,0.627263475
RE1,AN_TRAMRT,2046,1.784904
RE1,AN_TRAMTC,2046,1.685392955
RE1,AN_TRASTT,2046,9.478972658
RE1,AN_TRATAX,2046,1.530875779
RE1,AN_TRATCK,2046,4.874925518
RE1,CA_AGFELC,2046,0.874025
RE1,CA_AGFHEA,2046,11.433698
RE1,CA_INDCLIM,2046,0.183746248
RE1,CA_INDDHT,2046,17.11764959
RE1,CA_INDIHT,2046,27.41209888
RE1,CA_INDILU,2046,0.360710545
RE1,CA_INDMPW,2046,7.957658707
RE1,CA_INDREF,2046,0.773871773
RE1,CA_RESCLIM_RUR,2046,0.116126781
RE1,CA_RESCLIM_URB,2046,2.811605357
RE1,CA_RESDHT_RUR,2046,12.29642419
RE1,CA_RESDHT_URB,2046,13.80225426
RE1,CA_RESILU_RUR,2046,0.027704317
RE1,CA_RESILU_URB,2046,0.363416997
RE1,CA_RESOTH_RUR,2046,0.258764661
RE1,CA_RESOTH_URB,2046,2.074075443
RE1,CA_RESREF_RUR,2046,0.075591026
RE1,CA_RESREF_URB,2046,2.609755905
RE1,CA_RESTV_RUR,2046,0.094686806
RE1,CA_RESTV_URB,2046,0.657038255
RE1,CA_RESWHT_RUR,2046,0.004990589
RE1,CA_RESWHT_URB,2046,0.175685385
RE1,CA_RESWSH_RUR,2046,0.064372359
RE1,CA_RESWSH_URB,2046,0.588214318
RE1,CA_TERCLIM_CEN,2046,6.179
RE1,CA_TERCLIM_FAN,2046,0.198
RE1,CA_TERCLIM_SPL,2046,0.68
RE1,CA_TERDHT,2046,5.511
RE1,CA_TERIHT,2046,0.536
RE1,CA_TERILU,2046,0.786
RE1,CA_TERMPW,2046,0.703
RE1,CA_TEROTH,2046,3.835
RE1,CA_TERREF_AUC,2046,0.479
RE1,CA_TERREF_CEN,2046,0.761
RE1,CA_TRAAVI,2046,21.620716
RE1,CA_TRABUS,2046,11.45166984
RE1,CA_TRAFWD,2046,4.139239565
RE1,CA_TRAMIC,2046,0.492718674
RE1,CA_TRAMRT,2046,8.857741
RE1,CA_TRAMTC,2046,1.884094059
RE1,CA_TRASTT,2046,0.839037525
RE1,CA_TRATAX,2046,1.997474979
RE1,CA_TRATCK,2046,2.107299959
RE1,IN_AGFELC,2046,0.0017727
RE1,IN_AGFHEA,2046,0.0235424
RE1,IN_RESCLIM,2046,0.046285
RE1,IN_RESDHT,2046,0.086574
RE1,IN_RESOTH,2046,0.045708
RE1,IN_RESREF,2046,0.027695
RE1,IN_TERDHT,2046,0.079
RE1,IN_TRAAVI,2046,0.222396
RE1,IN_TRAFWD,2046,0.030468
RE1,IN_TRAMIC,2046,0.004133
RE1,IN_TRAMRT,2046,0.915063
RE1,IN_TRAMTC,2046,0.011209
RE1,IN_TRATAX,2046,0.006847
RE1,IN_TRATCK,2046,0.017226
RE1,NE_AGFELC,2046,1.3405449
RE1,NE_AGFHEA,2046,17.5602477
RE1,NE_INDCLIM,2046,0.683259506
RE1,NE_INDDHT,2046,14.72173818
RE1,NE_INDIHT,2046,18.9786102
RE1,NE_INDILU,2046,1.089719844
RE1,NE_INDMPW,2046,18.26728589
RE1,NE_INDREF,2046,0.820109217
RE1,NE_RESCLIM_RUR,2046,0.027657098
RE1,NE_RESCLIM_URB,2046,0.50467622
RE1,NE_RESDHT_RUR,2046,4.104671822
RE1,NE_RESDHT_URB,2046,6.747695326
RE1,NE_RESILU_RUR,2046,0.029972646
RE1,NE_RESILU_URB,2046,0.196304596
RE1,NE_RESOTH_RUR,2046,0.201717193
RE1,NE_RESOTH_URB,2046,1.046090856
RE1,NE_RESREF_RUR,2046,0.078868407
RE1,NE_RESREF_URB,2046,1.394094835
RE1,NE_RESTV_RUR,2046,0.083131929
RE1,NE_RESTV_URB,2046,0.344607112
RE1,NE_RESWHT_RUR,2046,0.055175235
RE1,NE_RESWHT_URB,2046,0.947496829
RE1,NE_RESWSH_RUR,2046,0.058380478
RE1,NE_RESWSH_URB,2046,0.349096858
RE1,NE_TERCLIM_CEN,2046,3.211
RE1,NE_TERCLIM_FAN,2046,0.103
RE1,NE_TERCLIM_SPL,2046,0.353
RE1,NE_TERDHT,2046,4.14
RE1,NE_TERIHT,2046,0.279
RE1,NE_TERILU,2046,0.409
RE1,NE_TERMPW,2046,0.365
RE1,NE_TEROTH,2046,1.993
RE1,NE_TERREF_AUC,2046,0.249
RE1,NE_TERREF_CEN,2046,0.395
RE1,NE_TRAAVI,2046,14.48472
RE1,NE_TRABUS,2046,5.834967735
RE1,NE_TRAFWD,2046,4.604958423
RE1,NE_TRAMIC,2046,0.528995258
RE1,NE_TRAMTC,2046,1.311427287
RE1,NE_TRASTT,2046,8.020338191
RE1,NE_TRATAX,2046,0.966457042
RE1,NE_TRATCK,2046,3.158078957
RE1,OR_AGFELC,2046,1.2325644
RE1,OR_AGFHEA,2046,16.1329052
RE1,OR_INDCLIM,2046,0.293273229
RE1,OR_INDDHT,2046,17.97388193
RE1,OR_INDIHT,2046,36.74713276
RE1,OR_INDILU,2046,0.72430933
RE1,OR_INDMPW,2046,14.65676856
RE1,OR_INDREF,2046,0.883135041
RE1,OR_RESCLIM_RUR,2046,0.01935967
RE1,OR_RESCLIM_URB,2046,0.148020596
RE1,OR_RESDHT_RUR,2046,2.169694418
RE1,OR_RESDHT_URB,2046,18.50616027
RE1,OR_RESILU_RUR,2046,0.027380411
RE1,OR_RESILU_URB,2046,0.424137426
RE1,OR_RESOTH_RUR,2046,0.199423986
RE1,OR_RESOTH_URB,2046,2.391715517
RE1,OR_RESREF_RUR,2046,0.081838169
RE1,OR_RESREF_URB,2046,3.193540889
RE1,OR_RESTV_RUR,2046,0.096771935
RE1,OR_RESTV_URB,2046,0.837307158
RE1,OR_RESWHT_RUR,2046,0.153070396
RE1,OR_RESWHT_URB,2046,6.88076758
RE1,OR_RESWSH_RUR,2046,0.066886365
RE1,OR_RESWSH_URB,2046,0.884337535
RE1,OR_TERCLIM_CEN,2046,9.302
RE1,OR_TERCLIM_FAN,2046,0.299
RE1,OR_TERCLIM_SPL,2046,1.023
RE1,OR_TERDHT,2046,15.496
RE1,OR_TERIHT,2046,0.807
RE1,OR_TERILU,2046,1.184
RE1,OR_TERMPW,2046,1.058
RE1,OR_TEROTH,2046,5.774
RE1,OR_TERREF_AUC,2046,0.721
RE1,OR_TERREF_CEN,2046,1.145
RE1,OR_TRAAVI,2046,14.48472
RE1,OR_TRABUS,2046,37.17063611
RE1,OR_TRAFWD,2046,20.21306892
RE1,OR_TRAMET,2046,2.097
RE1,OR_TRAMIC,2046,2.082000434
RE1,OR_TRAMTC,2046,2.353843849
RE1,OR_TRASTT,2046,20.47251562
RE1,OR_TRATAX,2046,3.120443282
RE1,OR_TRATCK,2046,13.5223199
RE1,SE_AGFELC,2046,0.0376087
RE1,SE_AGFHEA,2046,0.4927047
RE1,SE_OTHDSL,2046,0.001113971
RE1,SE_OTHELC,2046,0.025873033
RE1,SE_OTHGSL,2046,2.967e-05
RE1,SE_RESCLIM,2046,0.027328
RE1,SE_RESDHT,2046,1.170839
RE1,SE_RESOTH,2046,0.068494
RE1,SE_RESREF,2046,0.045177
RE1,SE_TERCLIM_CEN,2046,0.009
RE1,SE_TERCLIM_SPL,2046,0.001
RE1,SE_TERDHT,2046,0.079
RE1,SE_TEROTH,2046,0.011
RE1,SE_TERREF_AUC,2046,0.001
RE1,SE_TERREF_CEN,2046,0.001
RE1,SE_TRAAVI,2046,0.551154
RE1,SE_TRAFWD,2046,0.013058
RE1,SE_TRAMIC,2046,0.001378
RE1,SE_TRAMTC,2046,0.046873
RE1,SE_TRATAX,2046,0.004891
RE1,SE_TRATCK,2046,0.005742
RE1,SO_AGFELC,2046,2.2700603
RE1,SO_AGFHEA,2046,29.7378745
RE1,SO_INDCLIM,2046,0.293090437
RE1,SO_INDDHT,2046,41.62870268
RE1,SO_INDIHT,2046,111.4403308
RE1,SO_INDILU,2046,0.563263425
RE1,SO_INDMPW,2046,13.25310727
RE1,SO_INDREF,2046,0.420379695
RE1,SO_RESCLIM_RUR,2046,0.027813708
RE1,SO_RESCLIM_URB,2046,0.463532014
RE1,SO_RESDHT_RUR,2046,8.456186433
RE1,SO_RESDHT_URB,2046,13.21372318
RE1,SO_RESILU_RUR,2046,0.063518301
RE1,SO_RESILU_URB,2046,0.377064862
RE1,SO_RESOTH_RUR,2046,0.459261144
RE1,SO_RESOTH_URB,2046,2.19937232
RE1,SO_RESREF_RUR,2046,0.161913224
RE1,SO_RESREF_URB,2046,2.938821705
RE1,SO_RESTV_RUR,2046,0.204484918
RE1,SO_RESTV_URB,2046,0.749946461
RE1,SO_RESWHT_RUR,2046,0.105289924
RE1,SO_RESWHT_URB,2046,1.863470594
RE1,SO_RESWSH_RUR,2046,0.095311823
RE1,SO_RESWSH_URB,2046,0.722917633
RE1,SO_TERCLIM_CEN,2046,7.82
RE1,SO_TERCLIM_FAN,2046,0.251
RE1,SO_TERCLIM_SPL,2046,0.86
RE1,SO_TERDHT,2046,8.487
RE1,SO_TERIHT,2046,0.678
RE1,SO_TERILU,2046,0.995
RE1,SO_TERMPW,2046,0.89
RE1,SO_TEROTH,2046,4.854
RE1,SO_TERREF_AUC,2046,0.606
RE1,SO_TERREF_CEN,2046,0.962
RE1,SO_TRAAVI,2046,26.977549
RE1,SO_TRABUS,2046,7.923042224
RE1,SO_TRAFWD,2046,7.886752988
RE1,SO_TRAMIC,2046,0.855484519
RE1,SO_TRAMRT,2046,3.768147
RE1,SO_TRAMTC,2046,2.8969602
RE1,SO_TRASTT,2046,4.212398653
RE1,SO_TRATAX,2046,2.154964436
RE1,SO_TRATCK,2046,5.024216523
RE1,AN_AGFELC,2047,0.9883455
RE1,AN_AGFHEA,2047,12.9421865
RE1,AN_INDCLIM,2047,0.157087651
RE1,AN_INDDHT,2047,16.19726912
RE1,AN_INDIHT,2047,23.25541842
RE1,AN_INDILU,2047,0.437144345
RE1,AN_INDMPW,2047,8.048281987
RE1,AN_INDREF,2047,0.538515843
RE1,AN_RESCLIM_RUR,2047,0.061700239
RE1,AN_RESCLIM_URB,2047,0.319999294
RE1,AN_RESDHT_RUR,2047,2.286091686
RE1,AN_RESDHT_URB,2047,8.315666557
RE1,AN_RESILU_RUR,2047,0.06864762
RE1,AN_RESILU_URB,2047,0.301437536
RE1,AN_RESOTH_RUR,2047,0.3659911
RE1,AN_RESOTH_URB,2047,1.592260656
RE1,AN_RESREF_RUR,2047,0.153223118
RE1,AN_RESREF_URB,2047,2.191704531
RE1,AN_RESTV_RUR,2047,0.182532917
RE1,AN_RESTV_URB,2047,0.53676393
RE1,AN_RESWHT_RUR,2047,0.192390506
RE1,AN_RESWHT_URB,2047,2.97307584
RE1,AN_RESWSH_RUR,2047,0.125903828
RE1,AN_RESWSH_URB,2047,0.566636575
RE1,AN_TERCLIM_CEN,2047,5.228
RE1,AN_TERCLIM_FAN,2047,0.168
RE1,AN_TERCLIM_SPL,2047,0.575
RE1,AN_TERDHT,2047,6.007
RE1,AN_TERIHT,2047,0.456
RE1,AN_TERILU,2047,0.663
RE1,AN_TERMPW,2047,0.596
RE1,AN_TEROTH,2047,3.261
RE1,AN_TERREF_AUC,2047,0.405
RE1,AN_TERREF_CEN,2047,0.643
RE1,AN_TRAAVI,2047,18.765697
RE1,AN_TRABUS,2047,10.75622232
RE1,AN_TRAFWD,2047,6.941454542
RE1,AN_TRAMET,2047,1.031
RE1,AN_TRAMIC,2047,0.662777426
RE1,AN_TRAMRT,2047,1.838235
RE1,AN_TRAMTC,2047,1.650653249
RE1,AN_TRASTT,2047,9.683901264
RE1,AN_TRATAX,2047,1.527113896
RE1,AN_TRATCK,2047,4.95351872
RE1,CA_AGFELC,2047,0.9038541
RE1,CA_AGFHEA,2047,11.8239115
RE1,CA_INDCLIM,2047,0.191101299
RE1,CA_INDDHT,2047,17.79381187
RE1,CA_INDIHT,2047,28.50740015
RE1,CA_INDILU,2047,0.375083142
RE1,CA_INDMPW,2047,8.274357031
RE1,CA_INDREF,2047,0.80483088
RE1,CA_RESCLIM_RUR,2047,0.118542451
RE1,CA_RESCLIM_URB,2047,2.850977941
RE1,CA_RESDHT_RUR,2047,12.55221443
RE1,CA_RESDHT_URB,2047,13.99553544
RE1,CA_RESILU_RUR,2047,0.028280622
RE1,CA_RESILU_URB,2047,0.368506141
RE1,CA_RESOTH_RUR,2047,0.264147484
RE1,CA_RESOTH_URB,2047,2.105248621
RE1,CA_RESREF_RUR,2047,0.07716347
RE1,CA_RESREF_URB,2047,2.646301871
RE1,CA_RESTV_RUR,2047,0.096656481
RE1,CA_RESTV_URB,2047,0.666239153
RE1,CA_RESWHT_RUR,2047,0.005094403
RE1,CA_RESWHT_URB,2047,0.178145612
RE1,CA_RESWSH_RUR,2047,0.065711433
RE1,CA_RESWSH_URB,2047,0.596451434
RE1,CA_TERCLIM_CEN,2047,6.352
RE1,CA_TERCLIM_FAN,2047,0.204
RE1,CA_TERCLIM_SPL,2047,0.699
RE1,CA_TERDHT,2047,5.681
RE1,CA_TERIHT,2047,0.554
RE1,CA_TERILU,2047,0.806
RE1,CA_TERMPW,2047,0.725
RE1,CA_TEROTH,2047,3.963
RE1,CA_TERREF_AUC,2047,0.492
RE1,CA_TERREF_CEN,2047,0.782
RE1,CA_TRAAVI,2047,22.107533
RE1,CA_TRABUS,2047,12.00730066
RE1,CA_TRAFWD,2047,4.32873657
RE1,CA_TRAMIC,2047,0.520615064
RE1,CA_TRAMRT,2047,9.1224
RE1,CA_TRAMTC,2047,1.84525868
RE1,CA_TRASTT,2047,0.857176916
RE1,CA_TRATAX,2047,1.992566502
RE1,CA_TRATCK,2047,2.141273699
RE1,IN_AGFELC,2047,0.0018332
RE1,IN_AGFHEA,2047,0.0243458
RE1,IN_RESCLIM,2047,0.046914
RE1,IN_RESDHT,2047,0.08775
RE1,IN_RESOTH,2047,0.045361
RE1,IN_RESREF,2047,0.028071
RE1,IN_TERDHT,2047,0.082
RE1,IN_TRAAVI,2047,0.227403
RE1,IN_TRAFWD,2047,0.031862
RE1,IN_TRAMIC,2047,0.004367
RE1,IN_TRAMRT,2047,0.942404
RE1,IN_TRAMTC,2047,0.010978
RE1,IN_TRATAX,2047,0.006831
RE1,IN_TRATCK,2047,0.017504
RE1,NE_AGFELC,2047,1.3862955
RE1,NE_AGFHEA,2047,18.1595503
RE1,NE_INDCLIM,2047,0.711532788
RE1,NE_INDDHT,2047,15.31872978
RE1,NE_INDIHT,2047,19.7601448
RE1,NE_INDILU,2047,1.134484994
RE1,NE_INDMPW,2047,19.01582751
RE1,NE_INDREF,2047,0.853868952
RE1,NE_RESCLIM_RUR,2047,0.02805325
RE1,NE_RESCLIM_URB,2047,0.510045627
RE1,NE_RESDHT_RUR,2047,4.163465981
RE1,NE_RESDHT_URB,2047,6.819486151
RE1,NE_RESILU_RUR,2047,0.030401966
RE1,NE_RESILU_URB,2047,0.198393142
RE1,NE_RESOTH_RUR,2047,0.204606533
RE1,NE_RESOTH_URB,2047,1.058290603
RE1,NE_RESREF_RUR,2047,0.079998096
RE1,NE_RESREF_URB,2047,1.408927043
RE1,NE_RESTV_RUR,2047,0.084322687
RE1,NE_RESTV_URB,2047,0.348273494
RE1,NE_RESWHT_RUR,2047,0.055965549
RE1,NE_RESWHT_URB,2047,0.957577542
RE1,NE_RESWSH_RUR,2047,0.059216704
RE1,NE_RESWSH_URB,2047,0.352811008
RE1,NE_TERCLIM_CEN,2047,3.301
RE1,NE_TERCLIM_FAN,2047,0.106
RE1,NE_TERCLIM_SPL,2047,0.363
RE1,NE_TERDHT,2047,4.268
RE1,NE_TERIHT,2047,0.288
RE1,NE_TERILU,2047,0.419
RE1,NE_TERMPW,2047,0.377
RE1,NE_TEROTH,2047,2.059
RE1,NE_TERREF_AUC,2047,0.256
RE1,NE_TERREF_CEN,2047,0.406
RE1,NE_TRAAVI,2047,14.810861
RE1,NE_TRABUS,2047,6.118078226
RE1,NE_TRAFWD,2047,4.815776332
RE1,NE_TRAMIC,2047,0.55894553
RE1,NE_TRAMTC,2047,1.284395847
RE1,NE_TRASTT,2047,8.193732163
RE1,NE_TRATAX,2047,0.964082127
RE1,NE_TRATCK,2047,3.208993281
RE1,OR_AGFELC,2047,1.2746298
RE1,OR_AGFHEA,2047,16.6834949
RE1,OR_INDCLIM,2047,0.30485812
RE1,OR_INDDHT,2047,18.67658009
RE1,OR_INDIHT,2047,38.20505627
RE1,OR_INDILU,2047,0.752793002
RE1,OR_INDMPW,2047,15.23520662
RE1,OR_INDREF,2047,0.918161742
RE1,OR_RESCLIM_RUR,2047,0.019603137
RE1,OR_RESCLIM_URB,2047,0.149984386
RE1,OR_RESDHT_RUR,2047,2.196980459
RE1,OR_RESDHT_URB,2047,18.75168153
RE1,OR_RESILU_RUR,2047,0.027724746
RE1,OR_RESILU_URB,2047,0.429764458
RE1,OR_RESOTH_RUR,2047,0.201931939
RE1,OR_RESOTH_URB,2047,2.425899292
RE1,OR_RESREF_RUR,2047,0.082867365
RE1,OR_RESREF_URB,2047,3.235909602
RE1,OR_RESTV_RUR,2047,0.097988937
RE1,OR_RESTV_URB,2047,0.848415713
RE1,OR_RESWHT_RUR,2047,0.154995407
RE1,OR_RESWHT_URB,2047,6.972054735
RE1,OR_RESWSH_RUR,2047,0.067727527
RE1,OR_RESWSH_URB,2047,0.896070042
RE1,OR_TERCLIM_CEN,2047,9.563
RE1,OR_TERCLIM_FAN,2047,0.308
RE1,OR_TERCLIM_SPL,2047,1.052
RE1,OR_TERDHT,2047,15.972
RE1,OR_TERIHT,2047,0.833
RE1,OR_TERILU,2047,1.214
RE1,OR_TERMPW,2047,1.091
RE1,OR_TEROTH,2047,5.965
RE1,OR_TERREF_AUC,2047,0.741
RE1,OR_TERREF_CEN,2047,1.177
RE1,OR_TRAAVI,2047,14.810861
RE1,OR_TRABUS,2047,38.97414172
RE1,OR_TRAFWD,2047,21.138436
RE1,OR_TRAMET,2047,2.097
RE1,OR_TRAMIC,2047,2.199877634
RE1,OR_TRAMTC,2047,2.30532588
RE1,OR_TRASTT,2047,20.91511676
RE1,OR_TRATAX,2047,3.112775289
RE1,OR_TRATCK,2047,13.74032578
RE1,SE_AGFELC,2047,0.0388922
RE1,SE_AGFHEA,2047,0.5095199
RE1,SE_OTHDSL,2047,0.001156967
RE1,SE_OTHELC,2047,0.026861807
RE1,SE_OTHGSL,2047,3.0816e-05
RE1,SE_RESCLIM,2047,0.027987
RE1,SE_RESDHT,2047,1.203923
RE1,SE_RESOTH,2047,0.070491
RE1,SE_RESREF,2047,0.046256
RE1,SE_TERCLIM_CEN,2047,0.01
RE1,SE_TERCLIM_SPL,2047,0.001
RE1,SE_TERDHT,2047,0.082
RE1,SE_TEROTH,2047,0.011
RE1,SE_TERREF_AUC,2047,0.001
RE1,SE_TERREF_CEN,2047,0.001
RE1,SE_TRAAVI,2047,0.563564
RE1,SE_TRAFWD,2047,0.013655
RE1,SE_TRAMIC,2047,0.001456
RE1,SE_TRAMTC,2047,0.045907
RE1,SE_TRATAX,2047,0.004879
RE1,SE_TRATCK,2047,0.005835
RE1,SO_AGFELC,2047,2.3475338
RE1,SO_AGFHEA,2047,30.7527797
RE1,SO_INDCLIM,2047,0.304609874
RE1,SO_INDDHT,2047,43.24281247
RE1,SO_INDIHT,2047,115.8338928
RE1,SO_INDILU,2047,0.585012524
RE1,SO_INDMPW,2047,13.77059369
RE1,SO_INDREF,2047,0.436876377
RE1,SO_RESCLIM_RUR,2047,0.028241996
RE1,SO_RESCLIM_URB,2047,0.469277912
RE1,SO_RESDHT_RUR,2047,8.586398648
RE1,SO_RESDHT_URB,2047,13.37751922
RE1,SO_RESILU_RUR,2047,0.064496385
RE1,SO_RESILU_URB,2047,0.381738922
RE1,SO_RESOTH_RUR,2047,0.466333057
RE1,SO_RESOTH_URB,2047,2.228889207
RE1,SO_RESREF_RUR,2047,0.164406438
RE1,SO_RESREF_URB,2047,2.975251054
RE1,SO_RESTV_RUR,2047,0.20763367
RE1,SO_RESTV_URB,2047,0.759242725
RE1,SO_RESWHT_RUR,2047,0.106911226
RE1,SO_RESWHT_URB,2047,1.886569995
RE1,SO_RESWSH_RUR,2047,0.096779478
RE1,SO_RESWSH_URB,2047,0.731878851
RE1,SO_TERCLIM_CEN,2047,8.039
RE1,SO_TERCLIM_FAN,2047,0.259
RE1,SO_TERCLIM_SPL,2047,0.884
RE1,SO_TERDHT,2047,8.748
RE1,SO_TERIHT,2047,0.701
RE1,SO_TERILU,2047,1.02
RE1,SO_TERMPW,2047,0.917
RE1,SO_TEROTH,2047,5.015
RE1,SO_TERREF_AUC,2047,0.623
RE1,SO_TERREF_CEN,2047,0.989
RE1,SO_TRAAVI,2047,27.584981
RE1,SO_TRABUS,2047,8.307465322
RE1,SO_TRAFWD,2047,8.247813528
RE1,SO_TRAMIC,2047,0.903919725
RE1,SO_TRAMRT,2047,3.880735
RE1,SO_TRAMTC,2047,2.837247392
RE1,SO_TRASTT,2047,4.303467697
RE1,SO_TRATAX,2047,2.149668954
RE1,SO_TRATCK,2047,5.105216584
RE1,AN_AGFELC,2048,1.0236888
RE1,AN_AGFHEA,2048,13.4049999
RE1,AN_INDCLIM,2048,0.163302797
RE1,AN_INDDHT,2048,16.82585356
RE1,AN_INDIHT,2048,24.17289644
RE1,AN_INDILU,2048,0.454297772
RE1,AN_INDMPW,2048,8.365351145
RE1,AN_INDREF,2048,0.559828098
RE1,AN_RESCLIM_RUR,2048,0.062858986
RE1,AN_RESCLIM_URB,2048,0.324287719
RE1,AN_RESDHT_RUR,2048,2.329025118
RE1,AN_RESDHT_URB,2048,8.427107773
RE1,AN_RESILU_RUR,2048,0.069936841
RE1,AN_RESILU_URB,2048,0.305477208
RE1,AN_RESOTH_RUR,2048,0.372864514
RE1,AN_RESOTH_URB,2048,1.614578235
RE1,AN_RESREF_RUR,2048,0.15610069
RE1,AN_RESREF_URB,2048,2.221076346
RE1,AN_RESTV_RUR,2048,0.185960935
RE1,AN_RESTV_URB,2048,0.543957295
RE1,AN_RESWHT_RUR,2048,0.196003652
RE1,AN_RESWHT_URB,2048,3.01291909
RE1,AN_RESWSH_RUR,2048,0.128268336
RE1,AN_RESWSH_URB,2048,0.574230274
RE1,AN_TERCLIM_CEN,2048,5.381
RE1,AN_TERCLIM_FAN,2048,0.174
RE1,AN_TERCLIM_SPL,2048,0.592
RE1,AN_TERDHT,2048,6.195
RE1,AN_TERIHT,2048,0.471
RE1,AN_TERILU,2048,0.68
RE1,AN_TERMPW,2048,0.615
RE1,AN_TEROTH,2048,3.369
RE1,AN_TERREF_AUC,2048,0.417
RE1,AN_TERREF_CEN,2048,0.662
RE1,AN_TRAAVI,2048,18.460433
RE1,AN_TRABUS,2048,11.08760783
RE1,AN_TRAFWD,2048,7.215873475
RE1,AN_TRAMET,2048,1.031
RE1,AN_TRAMIC,2048,0.692435139
RE1,AN_TRAMRT,2048,1.893176
RE1,AN_TRAMTC,2048,1.608254329
RE1,AN_TRASTT,2048,9.850706422
RE1,AN_TRATAX,2048,1.523148546
RE1,AN_TRATCK,2048,5.010867742
RE1,CA_AGFELC,2048,0.9361759
RE1,CA_AGFHEA,2048,12.2467354
RE1,CA_INDCLIM,2048,0.198741637
RE1,CA_INDDHT,2048,18.49605253
RE1,CA_INDIHT,2048,29.64515358
RE1,CA_INDILU,2048,0.390012134
RE1,CA_INDMPW,2048,8.603309248
RE1,CA_INDREF,2048,0.836990533
RE1,CA_RESCLIM_RUR,2048,0.120961409
RE1,CA_RESCLIM_URB,2048,2.889844363
RE1,CA_RESDHT_RUR,2048,12.80835293
RE1,CA_RESDHT_URB,2048,14.18633187
RE1,CA_RESILU_RUR,2048,0.028857712
RE1,CA_RESILU_URB,2048,0.373529861
RE1,CA_RESOTH_RUR,2048,0.269537635
RE1,CA_RESOTH_URB,2048,2.133948766
RE1,CA_RESREF_RUR,2048,0.078738056
RE1,CA_RESREF_URB,2048,2.682378013
RE1,CA_RESTV_RUR,2048,0.098628838
RE1,CA_RESTV_URB,2048,0.675321767
RE1,CA_RESWHT_RUR,2048,0.005198359
RE1,CA_RESWHT_URB,2048,0.180574211
RE1,CA_RESWSH_RUR,2048,0.06705233
RE1,CA_RESWSH_URB,2048,0.604582655
RE1,CA_TERCLIM_CEN,2048,6.538
RE1,CA_TERCLIM_FAN,2048,0.211
RE1,CA_TERCLIM_SPL,2048,0.719
RE1,CA_TERDHT,2048,5.858
RE1,CA_TERIHT,2048,0.572
RE1,CA_TERILU,2048,0.826
RE1,CA_TERMPW,2048,0.747
RE1,CA_TEROTH,2048,4.094
RE1,CA_TERREF_AUC,2048,0.507
RE1,CA_TERREF_CEN,2048,0.805
RE1,CA_TRAAVI,2048,21.747908
RE1,CA_TRABUS,2048,12.3772303
RE1,CA_TRAFWD,2048,4.499866016
RE1,CA_TRAMIC,2048,0.54391135
RE1,CA_TRAMRT,2048,9.395053
RE1,CA_TRAMTC,2048,1.797861097
RE1,CA_TRASTT,2048,0.871941785
RE1,CA_TRATAX,2048,1.987392544
RE1,CA_TRATCK,2048,2.166064147
RE1,IN_AGFELC,2048,0.0018987
RE1,IN_AGFHEA,2048,0.0252165
RE1,IN_RESCLIM,2048,0.047538
RE1,IN_RESDHT,2048,0.088917
RE1,IN_RESOTH,2048,0.04494
RE1,IN_RESREF,2048,0.028444
RE1,IN_TERDHT,2048,0.084
RE1,IN_TRAAVI,2048,0.223704
RE1,IN_TRAFWD,2048,0.033122
RE1,IN_TRAMIC,2048,0.004562
RE1,IN_TRAMRT,2048,0.970571
RE1,IN_TRAMTC,2048,0.010696
RE1,IN_TRATAX,2048,0.006813
RE1,IN_TRATCK,2048,0.017706
RE1,NE_AGFELC,2048,1.4358695
RE1,NE_AGFHEA,2048,18.8089371
RE1,NE_INDCLIM,2048,0.74094981
RE1,NE_INDDHT,2048,15.93966296
RE1,NE_INDIHT,2048,20.57322984
RE1,NE_INDILU,2048,1.181055429
RE1,NE_INDMPW,2048,19.79452405
RE1,NE_INDREF,2048,0.888991354
RE1,NE_RESCLIM_RUR,2048,0.028448017
RE1,NE_RESCLIM_URB,2048,0.515321938
RE1,NE_RESDHT_RUR,2048,4.222054547
RE1,NE_RESDHT_URB,2048,6.890032243
RE1,NE_RESILU_RUR,2048,0.030829784
RE1,NE_RESILU_URB,2048,0.200445476
RE1,NE_RESOTH_RUR,2048,0.207485769
RE1,NE_RESOTH_URB,2048,1.069238388
RE1,NE_RESREF_RUR,2048,0.081123834
RE1,NE_RESREF_URB,2048,1.423502085
RE1,NE_RESTV_RUR,2048,0.085509282
RE1,NE_RESTV_URB,2048,0.351876307
RE1,NE_RESWHT_RUR,2048,0.0567531
RE1,NE_RESWHT_URB,2048,0.967483472
RE1,NE_RESWSH_RUR,2048,0.060050005
RE1,NE_RESWSH_URB,2048,0.35646076
RE1,NE_TERCLIM_CEN,2048,3.398
RE1,NE_TERCLIM_FAN,2048,0.11
RE1,NE_TERCLIM_SPL,2048,0.374
RE1,NE_TERDHT,2048,4.401
RE1,NE_TERIHT,2048,0.297
RE1,NE_TERILU,2048,0.429
RE1,NE_TERMPW,2048,0.388
RE1,NE_TEROTH,2048,2.128
RE1,NE_TERREF_AUC,2048,0.263
RE1,NE_TERREF_CEN,2048,0.418
RE1,NE_TRAAVI,2048,14.569931
RE1,NE_TRABUS,2048,6.306568425
RE1,NE_TRAFWD,2048,5.00616009
RE1,NE_TRAMIC,2048,0.583957013
RE1,NE_TRAMTC,2048,1.251404669
RE1,NE_TRASTT,2048,8.334869165
RE1,NE_TRATAX,2048,0.961578763
RE1,NE_TRATCK,2048,3.24614518
RE1,OR_AGFELC,2048,1.3202106
RE1,OR_AGFHEA,2048,17.2800978
RE1,OR_INDCLIM,2048,0.316905456
RE1,OR_INDDHT,2048,19.40722018
RE1,OR_INDIHT,2048,39.72127086
RE1,OR_INDILU,2048,0.782411785
RE1,OR_INDMPW,2048,15.83672677
RE1,OR_INDREF,2048,0.954588724
RE1,OR_RESCLIM_RUR,2048,0.019844901
RE1,OR_RESCLIM_URB,2048,0.151922261
RE1,OR_RESDHT_RUR,2048,2.224075689
RE1,OR_RESDHT_URB,2048,18.99396286
RE1,OR_RESILU_RUR,2048,0.028066674
RE1,OR_RESILU_URB,2048,0.435317235
RE1,OR_RESOTH_RUR,2048,0.204422353
RE1,OR_RESOTH_URB,2048,2.457243152
RE1,OR_RESREF_RUR,2048,0.083889363
RE1,OR_RESREF_URB,2048,3.27771921
RE1,OR_RESTV_RUR,2048,0.099197429
RE1,OR_RESTV_URB,2048,0.859377679
RE1,OR_RESWHT_RUR,2048,0.156906956
RE1,OR_RESWHT_URB,2048,7.06213725
RE1,OR_RESWSH_RUR,2048,0.068562806
RE1,OR_RESWSH_URB,2048,0.907647726
RE1,OR_TERCLIM_CEN,2048,9.842
RE1,OR_TERCLIM_FAN,2048,0.317
RE1,OR_TERCLIM_SPL,2048,1.083
RE1,OR_TERDHT,2048,16.472
RE1,OR_TERIHT,2048,0.861
RE1,OR_TERILU,2048,1.244
RE1,OR_TERMPW,2048,1.125
RE1,OR_TEROTH,2048,6.163
RE1,OR_TERREF_AUC,2048,0.763
RE1,OR_TERREF_CEN,2048,1.211
RE1,OR_TRAAVI,2048,14.569931
RE1,OR_TRABUS,2048,40.17488539
RE1,OR_TRAFWD,2048,21.97410913
RE1,OR_TRAMET,2048,2.097
RE1,OR_TRAMIC,2048,2.298316925
RE1,OR_TRAMTC,2048,2.246110944
RE1,OR_TRASTT,2048,21.27537955
RE1,OR_TRATAX,2048,3.104692563
RE1,OR_TRATCK,2048,13.89940345
RE1,SE_AGFELC,2048,0.040283
RE1,SE_AGFHEA,2048,0.5277404
RE1,SE_OTHDSL,2048,0.001201903
RE1,SE_OTHELC,2048,0.027895137
RE1,SE_OTHGSL,2048,3.2014e-05
RE1,SE_RESCLIM,2048,0.028662
RE1,SE_RESDHT,2048,1.236847
RE1,SE_RESOTH,2048,0.072467
RE1,SE_RESREF,2048,0.047363
RE1,SE_TERCLIM_CEN,2048,0.01
RE1,SE_TERCLIM_SPL,2048,0.001
RE1,SE_TERDHT,2048,0.084
RE1,SE_TEROTH,2048,0.012
RE1,SE_TERREF_AUC,2048,0.001
RE1,SE_TERREF_CEN,2048,0.001
RE1,SE_TRAAVI,2048,0.554397
RE1,SE_TRAFWD,2048,0.014195
RE1,SE_TRAMIC,2048,0.001521
RE1,SE_TRAMTC,2048,0.044728
RE1,SE_TRATAX,2048,0.004866
RE1,SE_TRATCK,2048,0.005902
RE1,SO_AGFELC,2048,2.4314817
RE1,SO_AGFHEA,2048,31.8525011
RE1,SO_INDCLIM,2048,0.316567797
RE1,SO_INDDHT,2048,44.91801166
RE1,SO_INDIHT,2048,120.3949124
RE1,SO_INDILU,2048,0.607583293
RE1,SO_INDMPW,2048,14.30772389
RE1,SO_INDREF,2048,0.454000595
RE1,SO_RESCLIM_RUR,2048,0.028667583
RE1,SO_RESCLIM_URB,2048,0.4749886
RE1,SO_RESDHT_RUR,2048,8.715789718
RE1,SO_RESDHT_URB,2048,13.54031153
RE1,SO_RESILU_RUR,2048,0.065468301
RE1,SO_RESILU_URB,2048,0.386384339
RE1,SO_RESOTH_RUR,2048,0.473360372
RE1,SO_RESOTH_URB,2048,2.256012773
RE1,SO_RESREF_RUR,2048,0.166883929
RE1,SO_RESREF_URB,2048,3.01145717
RE1,SO_RESTV_RUR,2048,0.210762565
RE1,SO_RESTV_URB,2048,0.768482022
RE1,SO_RESWHT_RUR,2048,0.108522304
RE1,SO_RESWHT_URB,2048,1.909527846
RE1,SO_RESWSH_RUR,2048,0.098237877
RE1,SO_RESWSH_URB,2048,0.740785154
RE1,SO_TERCLIM_CEN,2048,8.274
RE1,SO_TERCLIM_FAN,2048,0.267
RE1,SO_TERCLIM_SPL,2048,0.91
RE1,SO_TERDHT,2048,9.021
RE1,SO_TERIHT,2048,0.724
RE1,SO_TERILU,2048,1.046
RE1,SO_TERMPW,2048,0.946
RE1,SO_TEROTH,2048,5.181
RE1,SO_TERREF_AUC,2048,0.641
RE1,SO_TERREF_CEN,2048,1.018
RE1,SO_TRAAVI,2048,27.136253
RE1,SO_TRABUS,2048,8.563407749
RE1,SO_TRAFWD,2048,8.573877204
RE1,SO_TRAMIC,2048,0.944367982
RE1,SO_TRAMRT,2048,3.996724
RE1,SO_TRAMTC,2048,2.764369443
RE1,SO_TRASTT,2048,4.37759491
RE1,SO_TRATAX,2048,2.144087059
RE1,SO_TRATCK,2048,5.164321877
RE1,AN_AGFELC,2049,1.0627332
RE1,AN_AGFHEA,2049,13.9162779
RE1,AN_INDCLIM,2049,0.16975488
RE1,AN_INDDHT,2049,17.47819703
RE1,AN_INDIHT,2049,25.12530729
RE1,AN_INDILU,2049,0.472102763
RE1,AN_INDMPW,2049,8.694485085
RE1,AN_INDREF,2049,0.581952926
RE1,AN_RESCLIM_RUR,2049,0.064002426
RE1,AN_RESCLIM_URB,2049,0.328487788
RE1,AN_RESDHT_RUR,2049,2.371391374
RE1,AN_RESDHT_URB,2049,8.536252944
RE1,AN_RESILU_RUR,2049,0.071209031
RE1,AN_RESILU_URB,2049,0.30943365
RE1,AN_RESOTH_RUR,2049,0.379647126
RE1,AN_RESOTH_URB,2049,1.636481537
RE1,AN_RESREF_RUR,2049,0.158940248
RE1,AN_RESREF_URB,2049,2.249843008
RE1,AN_RESTV_RUR,2049,0.189343667
RE1,AN_RESTV_URB,2049,0.551002453
RE1,AN_RESWHT_RUR,2049,0.199569067
RE1,AN_RESWHT_URB,2049,3.051941443
RE1,AN_RESWSH_RUR,2049,0.130601608
RE1,AN_RESWSH_URB,2049,0.581667519
RE1,AN_TERCLIM_CEN,2049,5.543
RE1,AN_TERCLIM_FAN,2049,0.179
RE1,AN_TERCLIM_SPL,2049,0.61
RE1,AN_TERDHT,2049,6.392
RE1,AN_TERIHT,2049,0.486
RE1,AN_TERILU,2049,0.697
RE1,AN_TERMPW,2049,0.635
RE1,AN_TEROTH,2049,3.481
RE1,AN_TERREF_AUC,2049,0.43
RE1,AN_TERREF_CEN,2049,0.682
RE1,AN_TRAAVI,2049,18.826009
RE1,AN_TRABUS,2049,11.396883
RE1,AN_TRAFWD,2049,7.505357672
RE1,AN_TRAMET,2049,1.031
RE1,AN_TRAMIC,2049,0.720399537
RE1,AN_TRAMRT,2049,1.949778
RE1,AN_TRAMTC,2049,1.576418802
RE1,AN_TRASTT,2049,10.01824101
RE1,AN_TRATAX,2049,1.519165851
RE1,AN_TRATCK,2049,5.068670456
RE1,CA_AGFELC,2049,0.9718825
RE1,CA_AGFHEA,2049,12.7138362
RE1,CA_INDCLIM,2049,0.206684151
RE1,CA_INDDHT,2049,19.22591833
RE1,CA_INDIHT,2049,30.82787308
RE1,CA_INDILU,2049,0.405530483
RE1,CA_INDMPW,2049,8.945241403
RE1,CA_INDREF,2049,0.870421814
RE1,CA_RESCLIM_RUR,2049,0.123359976
RE1,CA_RESCLIM_URB,2049,2.927602248
RE1,CA_RESDHT_RUR,2049,13.06233222
RE1,CA_RESDHT_URB,2049,14.37168645
RE1,CA_RESILU_RUR,2049,0.029429937
RE1,CA_RESILU_URB,2049,0.378410296
RE1,CA_RESOTH_RUR,2049,0.274882349
RE1,CA_RESOTH_URB,2049,2.164016209
RE1,CA_RESREF_RUR,2049,0.080299368
RE1,CA_RESREF_URB,2049,2.717425202
RE1,CA_RESTV_RUR,2049,0.100584568
RE1,CA_RESTV_URB,2049,0.68414533
RE1,CA_RESWHT_RUR,2049,0.005301438
RE1,CA_RESWHT_URB,2049,0.182933543
RE1,CA_RESWSH_RUR,2049,0.068381923
RE1,CA_RESWSH_URB,2049,0.61248196
RE1,CA_TERCLIM_CEN,2049,6.735
RE1,CA_TERCLIM_FAN,2049,0.218
RE1,CA_TERCLIM_SPL,2049,0.741
RE1,CA_TERDHT,2049,6.044
RE1,CA_TERIHT,2049,0.591
RE1,CA_TERILU,2049,0.847
RE1,CA_TERMPW,2049,0.771
RE1,CA_TEROTH,2049,4.23
RE1,CA_TERREF_AUC,2049,0.522
RE1,CA_TERREF_CEN,2049,0.829
RE1,CA_TRAAVI,2049,22.178586
RE1,CA_TRABUS,2049,12.72247791
RE1,CA_TRAFWD,2049,4.68039026
RE1,CA_TRAMIC,2049,0.565877528
RE1,CA_TRAMRT,2049,9.675943
RE1,CA_TRAMTC,2049,1.762272288
RE1,CA_TRASTT,2049,0.88677122
RE1,CA_TRATAX,2049,1.982195954
RE1,CA_TRATCK,2049,2.191050716
RE1,IN_AGFELC,2049,0.0019711
RE1,IN_AGFHEA,2049,0.0261782
RE1,IN_RESCLIM,2049,0.048131
RE1,IN_RESDHT,2049,0.090027
RE1,IN_RESOTH,2049,0.044584
RE1,IN_RESREF,2049,0.028799
RE1,IN_TERDHT,2049,0.087
RE1,IN_TRAAVI,2049,0.228134
RE1,IN_TRAFWD,2049,0.034451
RE1,IN_TRAMIC,2049,0.004746
RE1,IN_TRAMRT,2049,0.999588
RE1,IN_TRAMTC,2049,0.010484
RE1,IN_TRATAX,2049,0.006795
RE1,IN_TRATCK,2049,0.01791
RE1,NE_AGFELC,2049,1.4906348
RE1,NE_AGFHEA,2049,19.5263258
RE1,NE_INDCLIM,2049,0.771557148
RE1,NE_INDDHT,2049,16.58550338
RE1,NE_INDIHT,2049,21.41914725
RE1,NE_INDILU,2049,1.229504417
RE1,NE_INDMPW,2049,20.6045979
RE1,NE_INDREF,2049,0.92553178
RE1,NE_RESCLIM_RUR,2049,0.028836743
RE1,NE_RESCLIM_URB,2049,0.520396043
RE1,NE_RESDHT_RUR,2049,4.279746494
RE1,NE_RESDHT_URB,2049,6.957874787
RE1,NE_RESILU_RUR,2049,0.031251055
RE1,NE_RESILU_URB,2049,0.202419157
RE1,NE_RESOTH_RUR,2049,0.210320943
RE1,NE_RESOTH_URB,2049,1.080858395
RE1,NE_RESREF_RUR,2049,0.082232345
RE1,NE_RESREF_URB,2049,1.437518565
RE1,NE_RESTV_RUR,2049,0.086677717
RE1,NE_RESTV_URB,2049,0.355341049
RE1,NE_RESWHT_RUR,2049,0.057528599
RE1,NE_RESWHT_URB,2049,0.977009775
RE1,NE_RESWSH_RUR,2049,0.060870554
RE1,NE_RESWSH_URB,2049,0.359970643
RE1,NE_TERCLIM_CEN,2049,3.5
RE1,NE_TERCLIM_FAN,2049,0.113
RE1,NE_TERCLIM_SPL,2049,0.385
RE1,NE_TERDHT,2049,4.541
RE1,NE_TERIHT,2049,0.307
RE1,NE_TERILU,2049,0.44
RE1,NE_TERMPW,2049,0.401
RE1,NE_TEROTH,2049,2.198
RE1,NE_TERREF_AUC,2049,0.271
RE1,NE_TERREF_CEN,2049,0.431
RE1,NE_TRAAVI,2049,14.858462
RE1,NE_TRABUS,2049,6.48248239
RE1,NE_TRAFWD,2049,5.206995683
RE1,NE_TRAMIC,2049,0.607540458
RE1,NE_TRAMTC,2049,1.22663301
RE1,NE_TRASTT,2049,8.476623352
RE1,NE_TRATAX,2049,0.959064448
RE1,NE_TRATCK,2049,3.283590991
RE1,OR_AGFELC,2049,1.3705646
RE1,OR_AGFHEA,2049,17.9391753
RE1,OR_INDCLIM,2049,0.329434148
RE1,OR_INDDHT,2049,20.16693941
RE1,OR_INDIHT,2049,41.29816531
RE1,OR_INDILU,2049,0.813212003
RE1,OR_INDMPW,2049,16.46227261
RE1,OR_INDREF,2049,0.992473363
RE1,OR_RESCLIM_RUR,2049,0.020082273
RE1,OR_RESCLIM_URB,2049,0.153812837
RE1,OR_RESDHT_RUR,2049,2.250678626
RE1,OR_RESDHT_URB,2049,19.23033069
RE1,OR_RESILU_RUR,2049,0.028402389
RE1,OR_RESILU_URB,2049,0.440734482
RE1,OR_RESOTH_RUR,2049,0.206867519
RE1,OR_RESOTH_URB,2049,2.490337478
RE1,OR_RESREF_RUR,2049,0.084892793
RE1,OR_RESREF_URB,2049,3.318508348
RE1,OR_RESTV_RUR,2049,0.100383964
RE1,OR_RESTV_URB,2049,0.870072089
RE1,OR_RESWHT_RUR,2049,0.158783774
RE1,OR_RESWHT_URB,2049,7.150021073
RE1,OR_RESWSH_RUR,2049,0.06938291
RE1,OR_RESWSH_URB,2049,0.918942827
RE1,OR_TERCLIM_CEN,2049,10.139
RE1,OR_TERCLIM_FAN,2049,0.328
RE1,OR_TERCLIM_SPL,2049,1.115
RE1,OR_TERDHT,2049,16.995
RE1,OR_TERIHT,2049,0.889
RE1,OR_TERILU,2049,1.275
RE1,OR_TERMPW,2049,1.161
RE1,OR_TEROTH,2049,6.367
RE1,OR_TERREF_AUC,2049,0.786
RE1,OR_TERREF_CEN,2049,1.248
RE1,OR_TRAAVI,2049,14.858462
RE1,OR_TRABUS,2049,41.29551438
RE1,OR_TRAFWD,2049,22.85565969
RE1,OR_TRAMET,2049,2.097
RE1,OR_TRAMIC,2049,2.391135797
RE1,OR_TRAMTC,2049,2.201648992
RE1,OR_TRASTT,2049,21.63721776
RE1,OR_TRATAX,2049,3.096574482
RE1,OR_TRATCK,2049,14.05973961
RE1,SE_AGFELC,2049,0.0418194
RE1,SE_AGFHEA,2049,0.5478688
RE1,SE_OTHDSL,2049,0.001248499
RE1,SE_OTHELC,2049,0.028966464
RE1,SE_OTHGSL,2049,3.3256e-05
RE1,SE_RESCLIM,2049,0.029323
RE1,SE_RESDHT,2049,1.269597
RE1,SE_RESOTH,2049,0.07444
RE1,SE_RESREF,2049,0.048448
RE1,SE_TERCLIM_CEN,2049,0.01
RE1,SE_TERCLIM_SPL,2049,0.001
RE1,SE_TERDHT,2049,0.087
RE1,SE_TEROTH,2049,0.012
RE1,SE_TERREF_AUC,2049,0.001
RE1,SE_TERREF_CEN,2049,0.001
RE1,SE_TRAAVI,2049,0.565375
RE1,SE_TRAFWD,2049,0.014765
RE1,SE_TRAMIC,2049,0.001582
RE1,SE_TRAMTC,2049,0.043842
RE1,SE_TRATAX,2049,0.004854
RE1,SE_TRATCK,2049,0.00597
RE1,SO_AGFELC,2049,2.5242205
RE1,SO_AGFHEA,2049,33.0673824
RE1,SO_INDCLIM,2049,0.328971173
RE1,SO_INDDHT,2049,46.6552307
RE1,SO_INDIHT,2049,125.1260741
RE1,SO_INDILU,2049,0.630988081
RE1,SO_INDMPW,2049,14.86480371
RE1,SO_INDREF,2049,0.471762271
RE1,SO_RESCLIM_RUR,2049,0.029087212
RE1,SO_RESCLIM_URB,2049,0.480593935
RE1,SO_RESDHT_RUR,2049,8.843369115
RE1,SO_RESDHT_URB,2049,13.70010059
RE1,SO_RESILU_RUR,2049,0.066426608
RE1,SO_RESILU_URB,2049,0.390944056
RE1,SO_RESOTH_RUR,2049,0.480289295
RE1,SO_RESOTH_URB,2049,2.284943978
RE1,SO_RESREF_RUR,2049,0.169326731
RE1,SO_RESREF_URB,2049,3.046995341
RE1,SO_RESTV_RUR,2049,0.213847651
RE1,SO_RESTV_URB,2049,0.777550869
RE1,SO_RESWHT_RUR,2049,0.110110825
RE1,SO_RESWHT_URB,2049,1.932062162
RE1,SO_RESWSH_RUR,2049,0.099675857
RE1,SO_RESWSH_URB,2049,0.749527151
RE1,SO_TERCLIM_CEN,2049,8.523
RE1,SO_TERCLIM_FAN,2049,0.275
RE1,SO_TERCLIM_SPL,2049,0.938
RE1,SO_TERDHT,2049,9.308
RE1,SO_TERIHT,2049,0.748
RE1,SO_TERILU,2049,1.072
RE1,SO_TERMPW,2049,0.976
RE1,SO_TEROTH,2049,5.352
RE1,SO_TERREF_AUC,2049,0.661
RE1,SO_TERREF_CEN,2049,1.049
RE1,SO_TRAAVI,2049,27.673638
RE1,SO_TRABUS,2049,8.802273469
RE1,SO_TRAFWD,2049,8.917841378
RE1,SO_TRAMIC,2049,0.982506835
RE1,SO_TRAMRT,2049,4.116216
RE1,SO_TRAMTC,2049,2.709648521
RE1,SO_TRASTT,2049,4.452046277
RE1,SO_TRATAX,2049,2.138480747
RE1,SO_TRATCK,2049,5.223894758
RE1,AN_AGFELC,2050,1.1030277
RE1,AN_AGFHEA,2050,14.4439268
RE1,AN_INDCLIM,2050,0.176460301
RE1,AN_INDDHT,2050,18.15595518
RE1,AN_INDIHT,2050,26.11507167
RE1,AN_INDILU,2050,0.490604549
RE1,AN_INDMPW,2050,9.036520256
RE1,AN_INDREF,2050,0.604946576
RE1,AN_RESCLIM_RUR,2050,0.065137692
RE1,AN_RESCLIM_URB,2050,0.332593205
RE1,AN_RESDHT_RUR,2050,2.413454794
RE1,AN_RESDHT_URB,2050,8.642938405
RE1,AN_RESILU_RUR,2050,0.072472127
RE1,AN_RESILU_URB,2050,0.313300929
RE1,AN_RESOTH_RUR,2050,0.386381255
RE1,AN_RESOTH_URB,2050,1.673670871
RE1,AN_RESREF_RUR,2050,0.161759509
RE1,AN_RESREF_URB,2050,2.27796138
RE1,AN_RESTV_RUR,2050,0.19270222
RE1,AN_RESTV_URB,2050,0.557888841
RE1,AN_RESWHT_RUR,2050,0.203108996
RE1,AN_RESWHT_URB,2050,3.090084382
RE1,AN_RESWSH_RUR,2050,0.132918202
RE1,AN_RESWSH_URB,2050,0.588937157
RE1,AN_TERCLIM_CEN,2050,5.714
RE1,AN_TERCLIM_FAN,2050,0.185
RE1,AN_TERCLIM_SPL,2050,0.629
RE1,AN_TERDHT,2050,6.597
RE1,AN_TERIHT,2050,0.502
RE1,AN_TERILU,2050,0.714
RE1,AN_TERMPW,2050,0.655
RE1,AN_TEROTH,2050,3.596
RE1,AN_TERREF_AUC,2050,0.443
RE1,AN_TERREF_CEN,2050,0.703
RE1,AN_TRAAVI,2050,18.740605
RE1,AN_TRABUS,2050,11.66867389
RE1,AN_TRAFWD,2050,7.837728241
RE1,AN_TRAMET,2050,1.031
RE1,AN_TRAMIC,2050,0.746207257
RE1,AN_TRAMRT,2050,2.00809
RE1,AN_TRAMTC,2050,1.5317754
RE1,AN_TRASTT,2050,10.21474052
RE1,AN_TRATAX,2050,1.515028451
RE1,AN_TRATCK,2050,5.13981559
RE1,CA_AGFELC,2050,1.0087323
RE1,CA_AGFHEA,2050,13.1958934
RE1,CA_INDCLIM,2050,0.21493199
RE1,CA_INDDHT,2050,19.98367649
RE1,CA_INDIHT,2050,32.05602281
RE1,CA_INDILU,2050,0.421644181
RE1,CA_INDMPW,2050,9.300284568
RE1,CA_INDREF,2050,0.905137935
RE1,CA_RESCLIM_RUR,2050,0.125741441
RE1,CA_RESCLIM_URB,2050,2.964003396
RE1,CA_RESDHT_RUR,2050,13.31450055
RE1,CA_RESDHT_URB,2050,14.55038076
RE1,CA_RESILU_RUR,2050,0.029998082
RE1,CA_RESILU_URB,2050,0.383115365
RE1,CA_RESOTH_RUR,2050,0.280188953
RE1,CA_RESOTH_URB,2050,2.213053636
RE1,CA_RESREF_RUR,2050,0.081849547
RE1,CA_RESREF_URB,2050,2.751213056
RE1,CA_RESTV_RUR,2050,0.102526353
RE1,CA_RESTV_URB,2050,0.692651839
RE1,CA_RESWHT_RUR,2050,0.005403782
RE1,CA_RESWHT_URB,2050,0.185208097
RE1,CA_RESWSH_RUR,2050,0.069702036
RE1,CA_RESWSH_URB,2050,0.620097423
RE1,CA_TERCLIM_CEN,2050,6.943
RE1,CA_TERCLIM_FAN,2050,0.225
RE1,CA_TERCLIM_SPL,2050,0.764
RE1,CA_TERDHT,2050,6.239
RE1,CA_TERIHT,2050,0.61
RE1,CA_TERILU,2050,0.868
RE1,CA_TERMPW,2050,0.796
RE1,CA_TEROTH,2050,4.37
RE1,CA_TERREF_AUC,2050,0.538
RE1,CA_TERREF_CEN,2050,0.855
RE1,CA_TRAAVI,2050,22.077973
RE1,CA_TRABUS,2050,13.02588135
RE1,CA_TRAFWD,2050,4.887658726
RE1,CA_TRAMIC,2050,0.586149624
RE1,CA_TRAMRT,2050,9.965323
RE1,CA_TRAMTC,2050,1.712365607
RE1,CA_TRASTT,2050,0.904164504
RE1,CA_TRATAX,2050,1.976797506
RE1,CA_TRATCK,2050,2.221804854
RE1,IN_AGFELC,2050,0.0020459
RE1,IN_AGFHEA,2050,0.0271708
RE1,IN_RESCLIM,2050,0.048737
RE1,IN_RESDHT,2050,0.091158
RE1,IN_RESOTH,2050,0.044422
RE1,IN_RESREF,2050,0.029161
RE1,IN_TERDHT,2050,0.09
RE1,IN_TRAAVI,2050,0.227099
RE1,IN_TRAFWD,2050,0.035976
RE1,IN_TRAMIC,2050,0.004916
RE1,IN_TRAMRT,2050,1.029483
RE1,IN_TRAMTC,2050,0.010187
RE1,IN_TRATAX,2050,0.006776
RE1,IN_TRATCK,2050,0.018162
RE1,NE_AGFELC,2050,1.5471536
RE1,NE_AGFHEA,2050,20.266685
RE1,NE_INDCLIM,2050,0.803408214
RE1,NE_INDDHT,2050,17.25736194
RE1,NE_INDIHT,2050,22.29936818
RE1,NE_INDILU,2050,1.27991607
RE1,NE_INDMPW,2050,21.44745295
RE1,NE_INDREF,2050,0.963553762
RE1,NE_RESCLIM_RUR,2050,0.029213771
RE1,NE_RESCLIM_URB,2050,0.525163639
RE1,NE_RESDHT_RUR,2050,4.335702314
RE1,NE_RESDHT_URB,2050,7.021619192
RE1,NE_RESILU_RUR,2050,0.031659649
RE1,NE_RESILU_URB,2050,0.204273616
RE1,NE_RESOTH_RUR,2050,0.213070798
RE1,NE_RESOTH_URB,2050,1.101778438
RE1,NE_RESREF_RUR,2050,0.083307497
RE1,NE_RESREF_URB,2050,1.450688358
RE1,NE_RESTV_RUR,2050,0.08781099
RE1,NE_RESTV_URB,2050,0.358596498
RE1,NE_RESWHT_RUR,2050,0.05828076
RE1,NE_RESWHT_URB,2050,0.985960627
RE1,NE_RESWSH_RUR,2050,0.06166641
RE1,NE_RESWSH_URB,2050,0.363268505
RE1,NE_TERCLIM_CEN,2050,3.608
RE1,NE_TERCLIM_FAN,2050,0.117
RE1,NE_TERCLIM_SPL,2050,0.397
RE1,NE_TERDHT,2050,4.687
RE1,NE_TERIHT,2050,0.317
RE1,NE_TERILU,2050,0.451
RE1,NE_TERMPW,2050,0.414
RE1,NE_TEROTH,2050,2.271
RE1,NE_TERREF_AUC,2050,0.28
RE1,NE_TERREF_CEN,2050,0.444
RE1,NE_TRAAVI,2050,14.791057
RE1,NE_TRABUS,2050,6.637075501
RE1,NE_TRAFWD,2050,5.437584576
RE1,NE_TRAMIC,2050,0.629305095
RE1,NE_TRAMTC,2050,1.191895368
RE1,NE_TRASTT,2050,8.642885309
RE1,NE_TRATAX,2050,0.956452466
RE1,NE_TRATCK,2050,3.3296803
RE1,OR_AGFELC,2050,1.4225309
RE1,OR_AGFHEA,2050,18.6193562
RE1,OR_INDCLIM,2050,0.342445057
RE1,OR_INDDHT,2050,20.95576932
RE1,OR_INDIHT,2050,42.93586566
RE1,OR_INDILU,2050,0.845195411
RE1,OR_INDMPW,2050,17.11188556
RE1,OR_INDREF,2050,1.031818654
RE1,OR_RESCLIM_RUR,2050,0.020315354
RE1,OR_RESCLIM_URB,2050,0.155653495
RE1,OR_RESDHT_RUR,2050,2.276800717
RE1,OR_RESDHT_URB,2050,19.46045755
RE1,OR_RESILU_RUR,2050,0.028732036
RE1,OR_RESILU_URB,2050,0.446008694
RE1,OR_RESOTH_RUR,2050,0.20926849
RE1,OR_RESOTH_URB,2050,2.545594972
RE1,OR_RESREF_RUR,2050,0.085878085
RE1,OR_RESREF_URB,2050,3.358220505
RE1,OR_RESTV_RUR,2050,0.101549052
RE1,OR_RESTV_URB,2050,0.880484128
RE1,OR_RESWHT_RUR,2050,0.160626669
RE1,OR_RESWHT_URB,2050,7.235584442
RE1,OR_RESWSH_RUR,2050,0.07018819
RE1,OR_RESWSH_URB,2050,0.929939696
RE1,OR_TERCLIM_CEN,2050,10.452
RE1,OR_TERCLIM_FAN,2050,0.338
RE1,OR_TERCLIM_SPL,2050,1.15
RE1,OR_TERDHT,2050,17.541
RE1,OR_TERIHT,2050,0.919
RE1,OR_TERILU,2050,1.307
RE1,OR_TERMPW,2050,1.198
RE1,OR_TEROTH,2050,6.578
RE1,OR_TERREF_AUC,2050,0.81
RE1,OR_TERREF_CEN,2050,1.286
RE1,OR_TRAAVI,2050,14.791057
RE1,OR_TRABUS,2050,42.28032261
RE1,OR_TRAFWD,2050,23.8678098
RE1,OR_TRAMET,2050,2.097
RE1,OR_TRAMIC,2050,2.476796269
RE1,OR_TRAMTC,2050,2.139299379
RE1,OR_TRASTT,2050,22.06161389
RE1,OR_TRATAX,2050,3.08814106
RE1,OR_TRATCK,2050,14.25708565
RE1,SE_AGFELC,2050,0.0434051
RE1,SE_AGFHEA,2050,0.5686418
RE1,SE_OTHDSL,2050,0.001296823
RE1,SE_OTHELC,2050,0.030077363
RE1,SE_OTHGSL,2050,3.4544e-05
RE1,SE_RESCLIM,2050,0.03001
RE1,SE_RESDHT,2050,1.303723
RE1,SE_RESOTH,2050,0.076509
RE1,SE_RESREF,2050,0.049573
RE1,SE_TERCLIM_CEN,2050,0.011
RE1,SE_TERCLIM_SPL,2050,0.001
RE1,SE_TERDHT,2050,0.09
RE1,SE_TEROTH,2050,0.012
RE1,SE_TERREF_AUC,2050,0.001
RE1,SE_TERREF_CEN,2050,0.001
RE1,SE_TRAAVI,2050,0.562811
RE1,SE_TRAFWD,2050,0.015418
RE1,SE_TRAMIC,2050,0.001639
RE1,SE_TRAMTC,2050,0.042601
RE1,SE_TRATAX,2050,0.00484
RE1,SE_TRATCK,2050,0.006054
RE1,SO_AGFELC,2050,2.6199287
RE1,SO_AGFHEA,2050,34.3211636
RE1,SO_INDCLIM,2050,0.341865469
RE1,SO_INDDHT,2050,48.46085858
RE1,SO_INDIHT,2050,130.0447088
RE1,SO_INDILU,2050,0.655313049
RE1,SO_INDMPW,2050,15.44387852
RE1,SO_INDREF,2050,0.490226541
RE1,SO_RESCLIM_RUR,2050,0.02950271
RE1,SO_RESCLIM_URB,2050,0.486068041
RE1,SO_RESDHT_RUR,2050,8.969692859
RE1,SO_RESDHT_URB,2050,13.85614875
RE1,SO_RESILU_RUR,2050,0.067375484
RE1,SO_RESILU_URB,2050,0.395397024
RE1,SO_RESOTH_RUR,2050,0.487150022
RE1,SO_RESOTH_URB,2050,2.334313292
RE1,SO_RESREF_RUR,2050,0.171745491
RE1,SO_RESREF_URB,2050,3.081701511
RE1,SO_RESTV_RUR,2050,0.216902374
RE1,SO_RESTV_URB,2050,0.786407402
RE1,SO_RESWHT_RUR,2050,0.111683711
RE1,SO_RESWHT_URB,2050,1.954068916
RE1,SO_RESWSH_RUR,2050,0.101099684
RE1,SO_RESWSH_URB,2050,0.758064485
RE1,SO_TERCLIM_CEN,2050,8.787
RE1,SO_TERCLIM_FAN,2050,0.284
RE1,SO_TERCLIM_SPL,2050,0.966
RE1,SO_TERDHT,2050,9.607
RE1,SO_TERIHT,2050,0.772
RE1,SO_TERILU,2050,1.099
RE1,SO_TERMPW,2050,1.007
RE1,SO_TEROTH,2050,5.53
RE1,SO_TERREF_AUC,2050,0.681
RE1,SO_TERREF_CEN,2050,1.081
RE1,SO_TRAAVI,2050,27.548097
RE1,SO_TRABUS,2050,9.012188555
RE1,SO_TRAFWD,2050,9.312762998
RE1,SO_TRAMIC,2050,1.017704334
RE1,SO_TRAMRT,2050,4.239321
RE1,SO_TRAMTC,2050,2.632912613
RE1,SO_TRASTT,2050,4.539369484
RE1,SO_TRATAX,2050,2.132656663
RE1,SO_TRATCK,2050,5.297218658
RE1,AN_AGFELC,2051,1.1446097
RE1,AN_AGFHEA,2051,14.988435
RE1,AN_INDCLIM,2051,0.183439734
RE1,AN_INDDHT,2051,18.86121925
RE1,AN_INDIHT,2051,27.14524129
RE1,AN_INDILU,2051,0.509860191
RE1,AN_INDMPW,2051,9.392511306
RE1,AN_INDREF,2051,0.628879933
RE1,AN_RESCLIM_RUR,2051,0.066263123
RE1,AN_RESCLIM_URB,2051,0.336631641
RE1,AN_RESDHT_RUR,2051,2.455153772
RE1,AN_RESDHT_URB,2051,8.747883304
RE1,AN_RESILU_RUR,2051,0.073724279
RE1,AN_RESILU_URB,2051,0.317105113
RE1,AN_RESOTH_RUR,2051,0.39305704
RE1,AN_RESOTH_URB,2051,1.693993037
RE1,AN_RESREF_RUR,2051,0.164554343
RE1,AN_RESREF_URB,2051,2.305621004
RE1,AN_RESTV_RUR,2051,0.196031673
RE1,AN_RESTV_URB,2051,0.564662879
RE1,AN_RESWHT_RUR,2051,0.206618255
RE1,AN_RESWHT_URB,2051,3.127605024
RE1,AN_RESWSH_RUR,2051,0.135214725
RE1,AN_RESWSH_URB,2051,0.596088191
RE1,AN_TERCLIM_CEN,2051,5.899
RE1,AN_TERCLIM_FAN,2051,0.191
RE1,AN_TERCLIM_SPL,2051,0.649
RE1,AN_TERDHT,2051,6.814
RE1,AN_TERIHT,2051,0.519
RE1,AN_TERILU,2051,0.738
RE1,AN_TERMPW,2051,0.677
RE1,AN_TEROTH,2051,3.716
RE1,AN_TERREF_AUC,2051,0.457
RE1,AN_TERREF_CEN,2051,0.726
RE1,AN_TRAAVI,2051,18.740605
RE1,AN_TRABUS,2051,11.91793462
RE1,AN_TRAFWD,2051,8.116363734
RE1,AN_TRAMET,2051,1.031
RE1,AN_TRAMIC,2051,0.771161501
RE1,AN_TRAMRT,2051,2.00809
RE1,AN_TRAMTC,2051,1.46906643
RE1,AN_TRASTT,2051,10.38017543
RE1,AN_TRATAX,2051,1.510717872
RE1,AN_TRATCK,2051,5.190036537
RE1,CA_AGFELC,2051,1.0467596
RE1,CA_AGFHEA,2051,13.6933531
RE1,CA_INDCLIM,2051,0.22351306
RE1,CA_INDDHT,2051,20.77189523
RE1,CA_INDIHT,2051,33.33375881
RE1,CA_INDILU,2051,0.438407775
RE1,CA_INDMPW,2051,9.669640851
RE1,CA_INDREF,2051,0.941256357
RE1,CA_RESCLIM_RUR,2051,0.128119091
RE1,CA_RESCLIM_URB,2051,2.999715766
RE1,CA_RESDHT_RUR,2051,13.56626502
RE1,CA_RESDHT_URB,2051,14.72569385
RE1,CA_RESILU_RUR,2051,0.030565317
RE1,CA_RESILU_URB,2051,0.387731405
RE1,CA_RESOTH_RUR,2051,0.285487058
RE1,CA_RESOTH_URB,2051,2.239718042
RE1,CA_RESREF_RUR,2051,0.083397244
RE1,CA_RESREF_URB,2051,2.78436158
RE1,CA_RESTV_RUR,2051,0.104465028
RE1,CA_RESTV_URB,2051,0.700997389
RE1,CA_RESWHT_RUR,2051,0.005505963
RE1,CA_RESWHT_URB,2051,0.187439613
RE1,CA_RESWSH_RUR,2051,0.071020035
RE1,CA_RESWSH_URB,2051,0.627568787
RE1,CA_TERCLIM_CEN,2051,7.168
RE1,CA_TERCLIM_FAN,2051,0.232
RE1,CA_TERCLIM_SPL,2051,0.788
RE1,CA_TERDHT,2051,6.443
RE1,CA_TERIHT,2051,0.631
RE1,CA_TERILU,2051,0.897
RE1,CA_TERMPW,2051,0.822
RE1,CA_TEROTH,2051,4.515
RE1,CA_TERREF_AUC,2051,0.556
RE1,CA_TERREF_CEN,2051,0.882
RE1,CA_TRAAVI,2051,22.077973
RE1,CA_TRABUS,2051,13.30413411
RE1,CA_TRAFWD,2051,5.061417647
RE1,CA_TRAMIC,2051,0.605751311
RE1,CA_TRAMRT,2051,9.965323
RE1,CA_TRAMTC,2051,1.6422635
RE1,CA_TRASTT,2051,0.918808084
RE1,CA_TRATAX,2051,1.971173095
RE1,CA_TRATCK,2051,2.243514027
RE1,IN_AGFELC,2051,0.002123
RE1,IN_AGFHEA,2051,0.0281951
RE1,IN_RESCLIM,2051,0.049338
RE1,IN_RESDHT,2051,0.092283
RE1,IN_RESOTH,2051,0.044065
RE1,IN_RESREF,2051,0.029521
RE1,IN_TERDHT,2051,0.093
RE1,IN_TRAAVI,2051,0.227099
RE1,IN_TRAFWD,2051,0.037255
RE1,IN_TRAMIC,2051,0.005081
RE1,IN_TRAMRT,2051,1.029483
RE1,IN_TRAMTC,2051,0.00977
RE1,IN_TRATAX,2051,0.006757
RE1,IN_TRATCK,2051,0.018339
RE1,NE_AGFELC,2051,1.6054783
RE1,NE_AGFHEA,2051,21.0306999
RE1,NE_INDCLIM,2051,0.836585992
RE1,NE_INDDHT,2051,17.95698245
RE1,NE_INDIHT,2051,23.21618387
RE1,NE_INDILU,2051,1.332421551
RE1,NE_INDMPW,2051,22.32528114
RE1,NE_INDREF,2051,1.003156265
RE1,NE_RESCLIM_RUR,2051,0.029589192
RE1,NE_RESCLIM_URB,2051,0.529822898
RE1,NE_RESDHT_RUR,2051,4.391419727
RE1,NE_RESDHT_URB,2051,7.08391509
RE1,NE_RESILU_RUR,2051,0.032066502
RE1,NE_RESILU_URB,2051,0.206085934
RE1,NE_RESOTH_RUR,2051,0.215808936
RE1,NE_RESOTH_URB,2051,1.111553431
RE1,NE_RESREF_RUR,2051,0.084378068
RE1,NE_RESREF_URB,2051,1.463558884
RE1,NE_RESTV_RUR,2051,0.088939435
RE1,NE_RESTV_URB,2051,0.36177797
RE1,NE_RESWHT_RUR,2051,0.059029717
RE1,NE_RESWHT_URB,2051,0.994708083
RE1,NE_RESWSH_RUR,2051,0.062458875
RE1,NE_RESWSH_URB,2051,0.366491428
RE1,NE_TERCLIM_CEN,2051,3.725
RE1,NE_TERCLIM_FAN,2051,0.121
RE1,NE_TERCLIM_SPL,2051,0.41
RE1,NE_TERDHT,2051,4.841
RE1,NE_TERIHT,2051,0.328
RE1,NE_TERILU,2051,0.466
RE1,NE_TERMPW,2051,0.427
RE1,NE_TEROTH,2051,2.346
RE1,NE_TERREF_AUC,2051,0.289
RE1,NE_TERREF_CEN,2051,0.458
RE1,NE_TRAAVI,2051,14.791057
RE1,NE_TRABUS,2051,6.778853592
RE1,NE_TRAFWD,2051,5.630893659
RE1,NE_TRAMIC,2051,0.650349963
RE1,NE_TRAMTC,2051,1.143100662
RE1,NE_TRASTT,2051,8.782862916
RE1,NE_TRATAX,2051,0.953731155
RE1,NE_TRATCK,2051,3.362214482
RE1,OR_AGFELC,2051,1.4761575
RE1,OR_AGFHEA,2051,19.32127
RE1,OR_INDCLIM,2051,0.355979252
RE1,OR_INDDHT,2051,21.77620203
RE1,OR_INDIHT,2051,44.63953973
RE1,OR_INDILU,2051,0.878463003
RE1,OR_INDMPW,2051,17.78761634
RE1,OR_INDREF,2051,1.072748757
RE1,OR_RESCLIM_RUR,2051,0.0205463
RE1,OR_RESCLIM_URB,2051,0.157459966
RE1,OR_RESDHT_RUR,2051,2.302683468
RE1,OR_RESDHT_URB,2051,19.68631017
RE1,OR_RESILU_RUR,2051,0.029058663
RE1,OR_RESILU_URB,2051,0.451184946
RE1,OR_RESOTH_RUR,2051,0.211647461
RE1,OR_RESOTH_URB,2051,2.575138435
RE1,OR_RESREF_RUR,2051,0.08685435
RE1,OR_RESREF_URB,2051,3.397195073
RE1,OR_RESTV_RUR,2051,0.102703465
RE1,OR_RESTV_URB,2051,0.890702781
RE1,OR_RESWHT_RUR,2051,0.162452679
RE1,OR_RESWHT_URB,2051,7.319558611
RE1,OR_RESWSH_RUR,2051,0.070986091
RE1,OR_RESWSH_URB,2051,0.940732316
RE1,OR_TERCLIM_CEN,2051,10.79
RE1,OR_TERCLIM_FAN,2051,0.349
RE1,OR_TERCLIM_SPL,2051,1.187
RE1,OR_TERDHT,2051,18.116
RE1,OR_TERIHT,2051,0.949
RE1,OR_TERILU,2051,1.35
RE1,OR_TERMPW,2051,1.238
RE1,OR_TEROTH,2051,6.796
RE1,OR_TERREF_AUC,2051,0.836
RE1,OR_TERREF_CEN,2051,1.328
RE1,OR_TRAAVI,2051,14.791057
RE1,OR_TRABUS,2051,43.18349502
RE1,OR_TRAFWD,2051,24.7163234
RE1,OR_TRAMET,2051,2.097
RE1,OR_TRAMIC,2051,2.559623899
RE1,OR_TRAMTC,2051,2.051719138
RE1,OR_TRASTT,2051,22.41891725
RE1,OR_TRATAX,2051,3.079354639
RE1,OR_TRATCK,2051,14.3963911
RE1,SE_AGFELC,2051,0.0450413
RE1,SE_AGFHEA,2051,0.5900785
RE1,SE_OTHDSL,2051,0.001347053
RE1,SE_OTHELC,2051,0.031231929
RE1,SE_OTHGSL,2051,3.5882e-05
RE1,SE_RESCLIM,2051,0.030696
RE1,SE_RESDHT,2051,1.337305
RE1,SE_RESOTH,2051,0.078527
RE1,SE_RESREF,2051,0.050698
RE1,SE_TERCLIM_CEN,2051,0.011
RE1,SE_TERCLIM_SPL,2051,0.001
RE1,SE_TERDHT,2051,0.093
RE1,SE_TEROTH,2051,0.013
RE1,SE_TERREF_AUC,2051,0.001
RE1,SE_TERREF_CEN,2051,0.001
RE1,SE_TRAAVI,2051,0.562811
RE1,SE_TRAFWD,2051,0.015967
RE1,SE_TRAMIC,2051,0.001694
RE1,SE_TRAMTC,2051,0.040857
RE1,SE_TRATAX,2051,0.004827
RE1,SE_TRATCK,2051,0.006113
RE1,SO_AGFELC,2051,2.718695
RE1,SO_AGFHEA,2051,35.6150053
RE1,SO_INDCLIM,2051,0.355293477
RE1,SO_INDDHT,2051,50.34089499
RE1,SO_INDIHT,2051,135.1671348
RE1,SO_INDILU,2051,0.680639056
RE1,SO_INDMPW,2051,16.0468712
RE1,SO_INDREF,2051,0.509454688
RE1,SO_RESCLIM_RUR,2051,0.029914121
RE1,SO_RESCLIM_URB,2051,0.491490476
RE1,SO_RESDHT_RUR,2051,9.094774041
RE1,SO_RESDHT_URB,2051,14.01072396
RE1,SO_RESILU_RUR,2051,0.068315026
RE1,SO_RESILU_URB,2051,0.399807959
RE1,SO_RESOTH_RUR,2051,0.493943264
RE1,SO_RESOTH_URB,2051,2.360354221
RE1,SO_RESREF_RUR,2051,0.174140459
RE1,SO_RESREF_URB,2051,3.116080087
RE1,SO_RESTV_RUR,2051,0.219927048
RE1,SO_RESTV_URB,2051,0.795180337
RE1,SO_RESWHT_RUR,2051,0.113241125
RE1,SO_RESWHT_URB,2051,1.975867948
RE1,SO_RESWSH_RUR,2051,0.102509506
RE1,SO_RESWSH_URB,2051,0.766521235
RE1,SO_TERCLIM_CEN,2051,9.071
RE1,SO_TERCLIM_FAN,2051,0.294
RE1,SO_TERCLIM_SPL,2051,0.998
RE1,SO_TERDHT,2051,9.922
RE1,SO_TERIHT,2051,0.798
RE1,SO_TERILU,2051,1.135
RE1,SO_TERMPW,2051,1.04
RE1,SO_TEROTH,2051,5.713
RE1,SO_TERREF_AUC,2051,0.703
RE1,SO_TERREF_CEN,2051,1.116
RE1,SO_TRAAVI,2051,27.548097
RE1,SO_TRABUS,2051,9.204702696
RE1,SO_TRAFWD,2051,9.643836778
RE1,SO_TRAMIC,2051,1.051737831
RE1,SO_TRAMRT,2051,4.239321
RE1,SO_TRAMTC,2051,2.525124462
RE1,SO_TRASTT,2051,4.612887765
RE1,SO_TRATAX,2051,2.126588799
RE1,SO_TRATCK,2051,5.348977585
RE1,AN_AGFELC,2052,1.1875175
RE1,AN_AGFHEA,2052,15.5503037
RE1,AN_INDCLIM,2052,0.190704925
RE1,AN_INDDHT,2052,19.59515918
RE1,AN_INDIHT,2052,28.21754651
RE1,AN_INDILU,2052,0.529901901
RE1,AN_INDMPW,2052,9.763055551
RE1,AN_INDREF,2052,0.653793292
RE1,AN_RESCLIM_RUR,2052,0.067376528
RE1,AN_RESCLIM_URB,2052,0.340585137
RE1,AN_RESDHT_RUR,2052,2.496407217
RE1,AN_RESDHT_URB,2052,8.850620874
RE1,AN_RESILU_RUR,2052,0.074963053
RE1,AN_RESILU_URB,2052,0.320829284
RE1,AN_RESOTH_RUR,2052,0.399661496
RE1,AN_RESOTH_URB,2052,1.713887761
RE1,AN_RESREF_RUR,2052,0.167319316
RE1,AN_RESREF_URB,2052,2.332698857
RE1,AN_RESTV_RUR,2052,0.199325553
RE1,AN_RESTV_URB,2052,0.571294437
RE1,AN_RESWHT_RUR,2052,0.210090019
RE1,AN_RESWHT_URB,2052,3.164336485
RE1,AN_RESWSH_RUR,2052,0.13748671
RE1,AN_RESWSH_URB,2052,0.603088816
RE1,AN_TERCLIM_CEN,2052,6.091
RE1,AN_TERCLIM_FAN,2052,0.197
RE1,AN_TERCLIM_SPL,2052,0.67
RE1,AN_TERDHT,2052,7.038
RE1,AN_TERIHT,2052,0.536
RE1,AN_TERILU,2052,0.763
RE1,AN_TERMPW,2052,0.699
RE1,AN_TEROTH,2052,3.839
RE1,AN_TERREF_AUC,2052,0.472
RE1,AN_TERREF_CEN,2052,0.75
RE1,AN_TRAAVI,2052,18.740605
RE1,AN_TRABUS,2052,12.16716373
RE1,AN_TRAFWD,2052,8.340231712
RE1,AN_TRAMET,2052,1.031
RE1,AN_TRAMIC,2052,0.796569452
RE1,AN_TRAMRT,2052,2.00809
RE1,AN_TRAMTC,2052,1.411691956
RE1,AN_TRASTT,2052,10.50926991
RE1,AN_TRATAX,2052,1.506388691
RE1,AN_TRATCK,2052,5.220165689
RE1,CA_AGFELC,2052,1.0859993
RE1,CA_AGFHEA,2052,14.2066733
RE1,CA_INDCLIM,2052,0.232445692
RE1,CA_INDDHT,2052,21.59224992
RE1,CA_INDIHT,2052,34.66380898
RE1,CA_INDILU,2052,0.455857017
RE1,CA_INDMPW,2052,10.05409761
RE1,CA_INDREF,2052,0.978854226
RE1,CA_RESCLIM_RUR,2052,0.130482538
RE1,CA_RESCLIM_URB,2052,3.034400714
RE1,CA_RESDHT_RUR,2052,13.81652546
RE1,CA_RESDHT_URB,2052,14.89596329
RE1,CA_RESILU_RUR,2052,0.031129163
RE1,CA_RESILU_URB,2052,0.392214644
RE1,CA_RESOTH_RUR,2052,0.290753512
RE1,CA_RESOTH_URB,2052,2.265615331
RE1,CA_RESREF_RUR,2052,0.084935695
RE1,CA_RESREF_URB,2052,2.816556443
RE1,CA_RESTV_RUR,2052,0.106392122
RE1,CA_RESTV_URB,2052,0.709102843
RE1,CA_RESWHT_RUR,2052,0.005607533
RE1,CA_RESWHT_URB,2052,0.189606929
RE1,CA_RESWSH_RUR,2052,0.07233016
RE1,CA_RESWSH_URB,2052,0.634825205
RE1,CA_TERCLIM_CEN,2052,7.401
RE1,CA_TERCLIM_FAN,2052,0.24
RE1,CA_TERCLIM_SPL,2052,0.814
RE1,CA_TERDHT,2052,6.655
RE1,CA_TERIHT,2052,0.652
RE1,CA_TERILU,2052,0.927
RE1,CA_TERMPW,2052,0.849
RE1,CA_TEROTH,2052,4.665
RE1,CA_TERREF_AUC,2052,0.574
RE1,CA_TERREF_CEN,2052,0.911
RE1,CA_TRAAVI,2052,22.077973
RE1,CA_TRABUS,2052,13.58235157
RE1,CA_TRAFWD,2052,5.201023186
RE1,CA_TRAMIC,2052,0.625709387
RE1,CA_TRAMRT,2052,9.965323
RE1,CA_TRAMTC,2052,1.578124805
RE1,CA_TRASTT,2052,0.930234967
RE1,CA_TRATAX,2052,1.965524413
RE1,CA_TRATCK,2052,2.256538054
RE1,IN_AGFELC,2052,0.0022026
RE1,IN_AGFHEA,2052,0.029252
RE1,IN_RESCLIM,2052,0.049936
RE1,IN_RESDHT,2052,0.093401
RE1,IN_RESOTH,2052,0.04372
RE1,IN_RESREF,2052,0.029879
RE1,IN_TERDHT,2052,0.096
RE1,IN_TRAAVI,2052,0.227099
RE1,IN_TRAFWD,2052,0.038283
RE1,IN_TRAMIC,2052,0.005248
RE1,IN_TRAMRT,2052,1.029483
RE1,IN_TRAMTC,2052,0.009389
RE1,IN_TRATAX,2052,0.006738
RE1,IN_TRATCK,2052,0.018446
RE1,NE_AGFELC,2052,1.6656626
RE1,NE_AGFHEA,2052,21.8190739
RE1,NE_INDCLIM,2052,0.871131137
RE1,NE_INDDHT,2052,18.68519717
RE1,NE_INDIHT,2052,24.17070996
RE1,NE_INDILU,2052,1.387084527
RE1,NE_INDMPW,2052,23.23914304
RE1,NE_INDREF,2052,1.044387456
RE1,NE_RESCLIM_RUR,2052,0.029958702
RE1,NE_RESCLIM_URB,2052,0.534290367
RE1,NE_RESDHT_RUR,2052,4.446259707
RE1,NE_RESDHT_URB,2052,7.143646698
RE1,NE_RESILU_RUR,2052,0.032466948
RE1,NE_RESILU_URB,2052,0.207823652
RE1,NE_RESOTH_RUR,2052,0.218503955
RE1,NE_RESOTH_URB,2052,1.120926055
RE1,NE_RESREF_RUR,2052,0.08543178
RE1,NE_RESREF_URB,2052,1.47589962
RE1,NE_RESTV_RUR,2052,0.090050109
RE1,NE_RESTV_URB,2052,0.364828484
RE1,NE_RESWHT_RUR,2052,0.059766879
RE1,NE_RESWHT_URB,2052,1.003095467
RE1,NE_RESWSH_RUR,2052,0.06323886
RE1,NE_RESWSH_URB,2052,0.369581686
RE1,NE_TERCLIM_CEN,2052,3.846
RE1,NE_TERCLIM_FAN,2052,0.125
RE1,NE_TERCLIM_SPL,2052,0.423
RE1,NE_TERDHT,2052,5.0
RE1,NE_TERIHT,2052,0.339
RE1,NE_TERILU,2052,0.482
RE1,NE_TERMPW,2052,0.441
RE1,NE_TEROTH,2052,2.424
RE1,NE_TERREF_AUC,2052,0.298
RE1,NE_TERREF_CEN,2052,0.473
RE1,NE_TRAAVI,2052,14.791057
RE1,NE_TRABUS,2052,6.920613699
RE1,NE_TRAFWD,2052,5.786206657
RE1,NE_TRAMIC,2052,0.671777459
RE1,NE_TRAMTC,2052,1.0984568
RE1,NE_TRASTT,2052,8.892092197
RE1,NE_TRATAX,2052,0.9509981
RE1,NE_TRATCK,2052,3.381732779
RE1,OR_AGFELC,2052,1.531494
RE1,OR_AGFHEA,2052,20.0455628
RE1,OR_INDCLIM,2052,0.370058647
RE1,OR_INDDHT,2052,22.62955531
RE1,OR_INDIHT,2052,46.41195488
RE1,OR_INDILU,2052,0.913068457
RE1,OR_INDMPW,2052,18.49055822
RE1,OR_INDREF,2052,1.115330141
RE1,OR_RESCLIM_RUR,2052,0.02077384
RE1,OR_RESCLIM_URB,2052,0.159222442
RE1,OR_RESDHT_RUR,2052,2.328184558
RE1,OR_RESDHT_URB,2052,19.9066623
RE1,OR_RESILU_RUR,2052,0.029380474
RE1,OR_RESILU_URB,2052,0.456235134
RE1,OR_RESOTH_RUR,2052,0.213991353
RE1,OR_RESOTH_URB,2052,2.603962385
RE1,OR_RESREF_RUR,2052,0.08781622
RE1,OR_RESREF_URB,2052,3.435220439
RE1,OR_RESTV_RUR,2052,0.103840856
RE1,OR_RESTV_URB,2052,0.900672564
RE1,OR_RESWHT_RUR,2052,0.164251763
RE1,OR_RESWHT_URB,2052,7.401487642
RE1,OR_RESWSH_RUR,2052,0.071772228
RE1,OR_RESWSH_URB,2052,0.951262088
RE1,OR_TERCLIM_CEN,2052,11.141
RE1,OR_TERCLIM_FAN,2052,0.361
RE1,OR_TERCLIM_SPL,2052,1.226
RE1,OR_TERDHT,2052,18.712
RE1,OR_TERIHT,2052,0.981
RE1,OR_TERILU,2052,1.395
RE1,OR_TERMPW,2052,1.278
RE1,OR_TEROTH,2052,7.022
RE1,OR_TERREF_AUC,2052,0.864
RE1,OR_TERREF_CEN,2052,1.371
RE1,OR_TRAAVI,2052,14.791057
RE1,OR_TRABUS,2052,44.08655285
RE1,OR_TRAFWD,2052,25.39805644
RE1,OR_TRAMET,2052,2.097
RE1,OR_TRAMIC,2052,2.643957465
RE1,OR_TRAMTC,2052,1.971589129
RE1,OR_TRASTT,2052,22.69773319
RE1,OR_TRATAX,2052,3.070530302
RE1,OR_TRATCK,2052,14.4799649
RE1,SE_AGFELC,2052,0.0467298
RE1,SE_AGFHEA,2052,0.6121986
RE1,SE_OTHDSL,2052,0.001399364
RE1,SE_OTHELC,2052,0.032434206
RE1,SE_OTHGSL,2052,3.7276e-05
RE1,SE_RESCLIM,2052,0.031387
RE1,SE_RESDHT,2052,1.370929
RE1,SE_RESOTH,2052,0.080544
RE1,SE_RESREF,2052,0.051831
RE1,SE_TERCLIM_CEN,2052,0.011
RE1,SE_TERCLIM_SPL,2052,0.001
RE1,SE_TERDHT,2052,0.096
RE1,SE_TEROTH,2052,0.013
RE1,SE_TERREF_AUC,2052,0.001
RE1,SE_TERREF_CEN,2052,0.001
RE1,SE_TRAAVI,2052,0.562811
RE1,SE_TRAFWD,2052,0.016407
RE1,SE_TRAMIC,2052,0.001749
RE1,SE_TRAMTC,2052,0.039261
RE1,SE_TRATAX,2052,0.004813
RE1,SE_TRATCK,2052,0.006149
RE1,SO_AGFELC,2052,2.8206102
RE1,SO_AGFHEA,2052,36.9500984
RE1,SO_INDCLIM,2052,0.369280448
RE1,SO_INDDHT,2052,52.29884693
RE1,SO_INDIHT,2052,140.5030023
RE1,SO_INDILU,2052,0.707013225
RE1,SO_INDMPW,2052,16.67491126
RE1,SO_INDREF,2052,0.529482837
RE1,SO_RESCLIM_RUR,2052,0.030320595
RE1,SO_RESCLIM_URB,2052,0.496822562
RE1,SO_RESDHT_RUR,2052,9.218354055
RE1,SO_RESDHT_URB,2052,14.16272361
RE1,SO_RESILU_RUR,2052,0.069243293
RE1,SO_RESILU_URB,2052,0.404145399
RE1,SO_RESOTH_RUR,2052,0.500654978
RE1,SO_RESOTH_URB,2052,2.38596125
RE1,SO_RESREF_RUR,2052,0.176506684
RE1,SO_RESREF_URB,2052,3.149885841
RE1,SO_RESTV_RUR,2052,0.222915423
RE1,SO_RESTV_URB,2052,0.803807095
RE1,SO_RESWHT_RUR,2052,0.114779849
RE1,SO_RESWHT_URB,2052,1.997303759
RE1,SO_RESWSH_RUR,2052,0.103902407
RE1,SO_RESWSH_URB,2052,0.774837076
RE1,SO_TERCLIM_CEN,2052,9.366
RE1,SO_TERCLIM_FAN,2052,0.303
RE1,SO_TERCLIM_SPL,2052,1.03
RE1,SO_TERDHT,2052,10.249
RE1,SO_TERIHT,2052,0.824
RE1,SO_TERILU,2052,1.173
RE1,SO_TERMPW,2052,1.075
RE1,SO_TEROTH,2052,5.903
RE1,SO_TERREF_AUC,2052,0.726
RE1,SO_TERREF_CEN,2052,1.153
RE1,SO_TRAAVI,2052,27.548097
RE1,SO_TRABUS,2052,9.397192416
RE1,SO_TRAFWD,2052,9.909835975
RE1,SO_TRAMIC,2052,1.08639011
RE1,SO_TRAMRT,2052,4.239321
RE1,SO_TRAMTC,2052,2.426505581
RE1,SO_TRASTT,2052,4.670256578
RE1,SO_TRATAX,2052,2.120494751
RE1,SO_TRATCK,2052,5.380029421
RE1,AN_AGFELC,2053,1.2317897
RE1,AN_AGFHEA,2053,16.1300394
RE1,AN_INDCLIM,2053,0.198265728
RE1,AN_INDDHT,2053,20.3587485
RE1,AN_INDIHT,2053,29.33343678
RE1,AN_INDILU,2053,0.550756605
RE1,AN_INDMPW,2053,10.14865305
RE1,AN_INDREF,2053,0.679720448
RE1,AN_RESCLIM_RUR,2053,0.068476656
RE1,AN_RESCLIM_URB,2053,0.344449572
RE1,AN_RESDHT_RUR,2053,2.537168686
RE1,AN_RESDHT_URB,2053,8.951044084
RE1,AN_RESILU_RUR,2053,0.076187054
RE1,AN_RESILU_URB,2053,0.32446956
RE1,AN_RESOTH_RUR,2053,0.40618719
RE1,AN_RESOTH_URB,2053,1.733334319
RE1,AN_RESREF_RUR,2053,0.170051314
RE1,AN_RESREF_URB,2053,2.35916673
RE1,AN_RESTV_RUR,2053,0.202580151
RE1,AN_RESTV_URB,2053,0.577776606
RE1,AN_RESWHT_RUR,2053,0.21352038
RE1,AN_RESWHT_URB,2053,3.2002405
RE1,AN_RESWSH_RUR,2053,0.1397316
RE1,AN_RESWSH_URB,2053,0.609931739
RE1,AN_TERCLIM_CEN,2053,6.283
RE1,AN_TERCLIM_FAN,2053,0.204
RE1,AN_TERCLIM_SPL,2053,0.691
RE1,AN_TERDHT,2053,7.262
RE1,AN_TERIHT,2053,0.553
RE1,AN_TERILU,2053,0.787
RE1,AN_TERMPW,2053,0.721
RE1,AN_TEROTH,2053,3.962
RE1,AN_TERREF_AUC,2053,0.487
RE1,AN_TERREF_CEN,2053,0.773
RE1,AN_TRAAVI,2053,18.740605
RE1,AN_TRABUS,2053,12.01123549
RE1,AN_TRAFWD,2053,8.581502704
RE1,AN_TRAMET,2053,1.031
RE1,AN_TRAMIC,2053,0.801010279
RE1,AN_TRAMRT,2053,2.00809
RE1,AN_TRAMTC,2053,1.32484262
RE1,AN_TRASTT,2053,10.60810644
RE1,AN_TRATAX,2053,1.501953717
RE1,AN_TRATCK,2053,5.239702632
RE1,CA_AGFELC,2053,1.1264867
RE1,CA_AGFHEA,2053,14.7363167
RE1,CA_INDCLIM,2053,0.241753755
RE1,CA_INDDHT,2053,22.44692806
RE1,CA_INDIHT,2053,36.04972646
RE1,CA_INDILU,2053,0.474038501
RE1,CA_INDMPW,2053,10.45468123
RE1,CA_INDREF,2053,1.018032002
RE1,CA_RESCLIM_RUR,2053,0.132829311
RE1,CA_RESCLIM_URB,2053,3.068011742
RE1,CA_RESDHT_RUR,2053,14.06502045
RE1,CA_RESDHT_URB,2053,15.06096082
RE1,CA_RESILU_RUR,2053,0.031689032
RE1,CA_RESILU_URB,2053,0.396559073
RE1,CA_RESOTH_RUR,2053,0.295982815
RE1,CA_RESOTH_URB,2053,2.290710784
RE1,CA_RESREF_RUR,2053,0.086463292
RE1,CA_RESREF_URB,2053,2.847754483
RE1,CA_RESTV_RUR,2053,0.108305621
RE1,CA_RESTV_URB,2053,0.716957335
RE1,CA_RESWHT_RUR,2053,0.005708386
RE1,CA_RESWHT_URB,2053,0.191707141
RE1,CA_RESWSH_RUR,2053,0.073631043
RE1,CA_RESWSH_URB,2053,0.641856949
RE1,CA_TERCLIM_CEN,2053,7.635
RE1,CA_TERCLIM_FAN,2053,0.247
RE1,CA_TERCLIM_SPL,2053,0.84
RE1,CA_TERDHT,2053,6.867
RE1,CA_TERIHT,2053,0.672
RE1,CA_TERILU,2053,0.956
RE1,CA_TERMPW,2053,0.876
RE1,CA_TEROTH,2053,4.814
RE1,CA_TERREF_AUC,2053,0.592
RE1,CA_TERREF_CEN,2053,0.94
RE1,CA_TRAAVI,2053,22.077973
RE1,CA_TRABUS,2053,13.408287
RE1,CA_TRAFWD,2053,5.351481358
RE1,CA_TRAMIC,2053,0.629197679
RE1,CA_TRAMRT,2053,9.965323
RE1,CA_TRAMTC,2053,1.481036278
RE1,CA_TRASTT,2053,0.938983548
RE1,CA_TRATAX,2053,1.959737693
RE1,CA_TRATCK,2053,2.264983352
RE1,IN_AGFELC,2053,0.0022847
RE1,IN_AGFHEA,2053,0.0303426
RE1,IN_RESCLIM,2053,0.050531
RE1,IN_RESDHT,2053,0.094514
RE1,IN_RESOTH,2053,0.043388
RE1,IN_RESREF,2053,0.030235
RE1,IN_TERDHT,2053,0.099
RE1,IN_TRAAVI,2053,0.227099
RE1,IN_TRAFWD,2053,0.039391
RE1,IN_TRAMIC,2053,0.005278
RE1,IN_TRAMRT,2053,1.029483
RE1,IN_TRAMTC,2053,0.008811
RE1,IN_TRATAX,2053,0.006718
RE1,IN_TRATCK,2053,0.018515
RE1,NE_AGFELC,2053,1.7277607
RE1,NE_AGFHEA,2053,22.6325175
RE1,NE_INDCLIM,2053,0.90713872
RE1,NE_INDDHT,2053,19.44400383
RE1,NE_INDIHT,2053,25.16557138
RE1,NE_INDILU,2053,1.444055263
RE1,NE_INDMPW,2053,24.19154982
RE1,NE_INDREF,2053,1.087360712
RE1,NE_RESCLIM_RUR,2053,0.030321949
RE1,NE_RESCLIM_URB,2053,0.538560318
RE1,NE_RESDHT_RUR,2053,4.500170379
RE1,NE_RESDHT_URB,2053,7.200737419
RE1,NE_RESILU_RUR,2053,0.032860609
RE1,NE_RESILU_URB,2053,0.20948454
RE1,NE_RESOTH_RUR,2053,0.221153304
RE1,NE_RESOTH_URB,2053,1.129884291
RE1,NE_RESREF_RUR,2053,0.086467636
RE1,NE_RESREF_URB,2053,1.48769474
RE1,NE_RESTV_RUR,2053,0.091141962
RE1,NE_RESTV_URB,2053,0.367744127
RE1,NE_RESWHT_RUR,2053,0.060491549
RE1,NE_RESWHT_URB,2053,1.011112023
RE1,NE_RESWSH_RUR,2053,0.064005628
RE1,NE_RESWSH_URB,2053,0.372535315
RE1,NE_TERCLIM_CEN,2053,3.968
RE1,NE_TERCLIM_FAN,2053,0.129
RE1,NE_TERCLIM_SPL,2053,0.436
RE1,NE_TERDHT,2053,5.159
RE1,NE_TERIHT,2053,0.349
RE1,NE_TERILU,2053,0.497
RE1,NE_TERMPW,2053,0.455
RE1,NE_TEROTH,2053,2.502
RE1,NE_TERREF_AUC,2053,0.308
RE1,NE_TERREF_CEN,2053,0.488
RE1,NE_TRAAVI,2053,14.791057
RE1,NE_TRABUS,2053,6.831922599
RE1,NE_TRAFWD,2053,5.953593351
RE1,NE_TRAMIC,2053,0.675522578
RE1,NE_TRAMTC,2053,1.030878145
RE1,NE_TRASTT,2053,8.975719661
RE1,NE_TRATAX,2053,0.948198257
RE1,NE_TRATCK,2053,3.39438922
RE1,OR_AGFELC,2053,1.5885901
RE1,OR_AGFHEA,2053,20.7928877
RE1,OR_INDCLIM,2053,0.384709846
RE1,OR_INDDHT,2053,23.51743282
RE1,OR_INDIHT,2053,48.25646804
RE1,OR_INDILU,2053,0.949077007
RE1,OR_INDMPW,2053,19.22203882
RE1,OR_INDREF,2053,1.159643439
RE1,OR_RESCLIM_RUR,2053,0.020997802
RE1,OR_RESCLIM_URB,2053,0.160938957
RE1,OR_RESDHT_RUR,2053,2.353284686
RE1,OR_RESDHT_URB,2053,20.12126835
RE1,OR_RESILU_RUR,2053,0.029697224
RE1,OR_RESILU_URB,2053,0.461153629
RE1,OR_RESOTH_RUR,2053,0.216298391
RE1,OR_RESOTH_URB,2053,2.6320347
RE1,OR_RESREF_RUR,2053,0.088762965
RE1,OR_RESREF_URB,2053,3.472254226
RE1,OR_RESTV_RUR,2053,0.104960363
RE1,OR_RESTV_URB,2053,0.910382368
RE1,OR_RESWHT_RUR,2053,0.166022559
RE1,OR_RESWHT_URB,2053,7.481280226
RE1,OR_RESWSH_RUR,2053,0.072546003
RE1,OR_RESWSH_URB,2053,0.961517278
RE1,OR_TERCLIM_CEN,2053,11.493
RE1,OR_TERCLIM_FAN,2053,0.372
RE1,OR_TERCLIM_SPL,2053,1.264
RE1,OR_TERDHT,2053,19.307
RE1,OR_TERIHT,2053,1.012
RE1,OR_TERILU,2053,1.44
RE1,OR_TERMPW,2053,1.319
RE1,OR_TEROTH,2053,7.247
RE1,OR_TERREF_AUC,2053,0.891
RE1,OR_TERREF_CEN,2053,1.415
RE1,OR_TRAAVI,2053,14.791057
RE1,OR_TRABUS,2053,43.52156179
RE1,OR_TRAFWD,2053,26.13278594
RE1,OR_TRAMET,2053,2.097
RE1,OR_TRAMIC,2053,2.658697369
RE1,OR_TRAMTC,2053,1.850294107
RE1,OR_TRASTT,2053,22.91119858
RE1,OR_TRATAX,2053,3.061490323
RE1,OR_TRATCK,2053,14.53415748
RE1,SE_AGFELC,2053,0.0484719
RE1,SE_AGFHEA,2053,0.6350222
RE1,SE_OTHDSL,2053,0.001453853
RE1,SE_OTHELC,2053,0.033686373
RE1,SE_OTHGSL,2053,3.8728e-05
RE1,SE_RESCLIM,2053,0.032082
RE1,SE_RESDHT,2053,1.404556
RE1,SE_RESOTH,2053,0.08256
RE1,SE_RESREF,2053,0.052973
RE1,SE_TERCLIM_CEN,2053,0.012
RE1,SE_TERCLIM_SPL,2053,0.001
RE1,SE_TERDHT,2053,0.099
RE1,SE_TEROTH,2053,0.014
RE1,SE_TERREF_AUC,2053,0.001
RE1,SE_TERREF_CEN,2053,0.001
RE1,SE_TRAAVI,2053,0.562811
RE1,SE_TRAFWD,2053,0.016882
RE1,SE_TRAMIC,2053,0.001759
RE1,SE_TRAMTC,2053,0.036846
RE1,SE_TRATAX,2053,0.004799
RE1,SE_TRATCK,2053,0.006172
RE1,SO_AGFELC,2053,2.9257662
RE1,SO_AGFHEA,2053,38.3276465
RE1,SO_INDCLIM,2053,0.383832893
RE1,SO_INDDHT,2053,54.33556476
RE1,SO_INDIHT,2053,146.0548325
RE1,SO_INDILU,2053,0.734446756
RE1,SO_INDMPW,2053,17.32828163
RE1,SO_INDREF,2053,0.550320241
RE1,SO_RESCLIM_RUR,2053,0.030721775
RE1,SO_RESCLIM_URB,2053,0.50206006
RE1,SO_RESDHT_RUR,2053,9.340324568
RE1,SO_RESDHT_URB,2053,14.31202689
RE1,SO_RESILU_RUR,2053,0.070159469
RE1,SO_RESILU_URB,2053,0.408405895
RE1,SO_RESOTH_RUR,2053,0.507279278
RE1,SO_RESOTH_URB,2053,2.411114027
RE1,SO_RESREF_RUR,2053,0.178842091
RE1,SO_RESREF_URB,2053,3.183091903
RE1,SO_RESTV_RUR,2053,0.225864876
RE1,SO_RESTV_URB,2053,0.812280821
RE1,SO_RESWHT_RUR,2053,0.116298531
RE1,SO_RESWHT_URB,2053,2.018359313
RE1,SO_RESWSH_RUR,2053,0.105277168
RE1,SO_RESWSH_URB,2053,0.7830054
RE1,SO_TERCLIM_CEN,2053,9.661
RE1,SO_TERCLIM_FAN,2053,0.313
RE1,SO_TERCLIM_SPL,2053,1.063
RE1,SO_TERDHT,2053,10.574
RE1,SO_TERIHT,2053,0.851
RE1,SO_TERILU,2053,1.21
RE1,SO_TERMPW,2053,1.109
RE1,SO_TEROTH,2053,6.092
RE1,SO_TERREF_AUC,2053,0.749
RE1,SO_TERREF_CEN,2053,1.189
RE1,SO_TRAAVI,2053,27.548097
RE1,SO_TRABUS,2053,9.276762731
RE1,SO_TRAFWD,2053,10.19651338
RE1,SO_TRAMIC,2053,1.092446669
RE1,SO_TRAMRT,2053,4.239321
RE1,SO_TRAMTC,2053,2.27722344
RE1,SO_TRASTT,2053,4.714178942
RE1,SO_TRATAX,2053,2.114251781
RE1,SO_TRATCK,2053,5.400164668
RE1,AN_AGFELC,2054,1.2778321
RE1,AN_AGFHEA,2054,16.7329557
RE1,AN_INDCLIM,2054,0.206096616
RE1,AN_INDDHT,2054,21.14932909
RE1,AN_INDIHT,2054,30.48912758
RE1,AN_INDILU,2054,0.572352965
RE1,AN_INDMPW,2054,10.54799309
RE1,AN_INDREF,2054,0.706573904
RE1,AN_RESCLIM_RUR,2054,0.06956225
RE1,AN_RESCLIM_URB,2054,0.348220887
RE1,AN_RESDHT_RUR,2054,2.577391651
RE1,AN_RESDHT_URB,2054,9.049047402
RE1,AN_RESILU_RUR,2054,0.077394884
RE1,AN_RESILU_URB,2054,0.328022117
RE1,AN_RESOTH_RUR,2054,0.412626673
RE1,AN_RESOTH_URB,2054,1.752312274
RE1,AN_RESREF_RUR,2054,0.17274722
RE1,AN_RESREF_URB,2054,2.384996808
RE1,AN_RESTV_RUR,2054,0.205791753
RE1,AN_RESTV_URB,2054,0.584102574
RE1,AN_RESWHT_RUR,2054,0.216905422
RE1,AN_RESWHT_URB,2054,3.235279339
RE1,AN_RESWSH_RUR,2054,0.141946833
RE1,AN_RESWSH_URB,2054,0.616609768
RE1,AN_TERCLIM_CEN,2054,6.482
RE1,AN_TERCLIM_FAN,2054,0.21
RE1,AN_TERCLIM_SPL,2054,0.713
RE1,AN_TERDHT,2054,7.493
RE1,AN_TERIHT,2054,0.571
RE1,AN_TERILU,2054,0.812
RE1,AN_TERMPW,2054,0.744
RE1,AN_TEROTH,2054,4.089
RE1,AN_TERREF_AUC,2054,0.502
RE1,AN_TERREF_CEN,2054,0.798
RE1,AN_TRAAVI,2054,18.740605
RE1,AN_TRABUS,2054,11.86026793
RE1,AN_TRAFWD,2054,8.775531928
RE1,AN_TRAMET,2054,1.031
RE1,AN_TRAMIC,2054,0.804744359
RE1,AN_TRAMRT,2054,2.00809
RE1,AN_TRAMTC,2054,1.238950816
RE1,AN_TRASTT,2054,10.67899359
RE1,AN_TRATAX,2054,1.773162785
RE1,AN_TRATCK,2054,5.242920629
RE1,CA_AGFELC,2054,1.1685931
RE1,CA_AGFHEA,2054,15.2871377
RE1,CA_INDCLIM,2054,0.251396135
RE1,CA_INDDHT,2054,23.33208305
RE1,CA_INDIHT,2054,37.48537383
RE1,CA_INDILU,2054,0.492871394
RE1,CA_INDMPW,2054,10.86960777
RE1,CA_INDREF,2054,1.058616486
RE1,CA_RESCLIM_RUR,2054,0.135156918
RE1,CA_RESCLIM_URB,2054,3.100503339
RE1,CA_RESDHT_RUR,2054,14.3114859
RE1,CA_RESDHT_URB,2054,15.22046304
RE1,CA_RESILU_RUR,2054,0.032244328
RE1,CA_RESILU_URB,2054,0.400758808
RE1,CA_RESOTH_RUR,2054,0.301169408
RE1,CA_RESOTH_URB,2054,2.31497042
RE1,CA_RESREF_RUR,2054,0.087978414
RE1,CA_RESREF_URB,2054,2.877913459
RE1,CA_RESTV_RUR,2054,0.110203492
RE1,CA_RESTV_URB,2054,0.724550229
RE1,CA_RESWHT_RUR,2054,0.005808416
RE1,CA_RESWHT_URB,2054,0.193737404
RE1,CA_RESWSH_RUR,2054,0.074921301
RE1,CA_RESWSH_URB,2054,0.648654497
RE1,CA_TERCLIM_CEN,2054,7.876
RE1,CA_TERCLIM_FAN,2054,0.255
RE1,CA_TERCLIM_SPL,2054,0.866
RE1,CA_TERDHT,2054,7.086
RE1,CA_TERIHT,2054,0.694
RE1,CA_TERILU,2054,0.987
RE1,CA_TERMPW,2054,0.904
RE1,CA_TEROTH,2054,4.968
RE1,CA_TERREF_AUC,2054,0.611
RE1,CA_TERREF_CEN,2054,0.969
RE1,CA_TRAAVI,2054,22.077973
RE1,CA_TRABUS,2054,13.23976009
RE1,CA_TRAFWD,2054,5.472479255
RE1,CA_TRAMIC,2054,0.632130818
RE1,CA_TRAMRT,2054,9.965323
RE1,CA_TRAMTC,2054,1.385018173
RE1,CA_TRASTT,2054,0.94525817
RE1,CA_TRATAX,2054,2.313609205
RE1,CA_TRATCK,2054,2.266374406
RE1,IN_AGFELC,2054,0.0023701
RE1,IN_AGFHEA,2054,0.0314767
RE1,IN_RESCLIM,2054,0.051122
RE1,IN_RESDHT,2054,0.09562
RE1,IN_RESOTH,2054,0.043069
RE1,IN_RESREF,2054,0.030589
RE1,IN_TERDHT,2054,0.102
RE1,IN_TRAAVI,2054,0.227099
RE1,IN_TRAFWD,2054,0.040281
RE1,IN_TRAMIC,2054,0.005302
RE1,IN_TRAMRT,2054,1.029483
RE1,IN_TRAMTC,2054,0.00824
RE1,IN_TRATAX,2054,0.007931
RE1,IN_TRATCK,2054,0.018526
RE1,NE_AGFELC,2054,1.7923418
RE1,NE_AGFHEA,2054,23.4784866
RE1,NE_INDCLIM,2054,0.944405127
RE1,NE_INDDHT,2054,20.22899839
RE1,NE_INDIHT,2054,26.19510718
RE1,NE_INDILU,2054,1.503008566
RE1,NE_INDMPW,2054,25.17704755
RE1,NE_INDREF,2054,1.131831396
RE1,NE_RESCLIM_RUR,2054,0.030678588
RE1,NE_RESCLIM_URB,2054,0.542627228
RE1,NE_RESDHT_RUR,2054,4.553100163
RE1,NE_RESDHT_URB,2054,7.255113399
RE1,NE_RESILU_RUR,2054,0.033247106
RE1,NE_RESILU_URB,2054,0.211066451
RE1,NE_RESOTH_RUR,2054,0.223754449
RE1,NE_RESOTH_URB,2054,1.138416552
RE1,NE_RESREF_RUR,2054,0.087484645
RE1,NE_RESREF_URB,2054,1.498928987
RE1,NE_RESTV_RUR,2054,0.092213949
RE1,NE_RESTV_URB,2054,0.370521127
RE1,NE_RESWHT_RUR,2054,0.061203034
RE1,NE_RESWHT_URB,2054,1.01874738
RE1,NE_RESWSH_RUR,2054,0.064758445
RE1,NE_RESWSH_URB,2054,0.375348496
RE1,NE_TERCLIM_CEN,2054,4.093
RE1,NE_TERCLIM_FAN,2054,0.133
RE1,NE_TERCLIM_SPL,2054,0.45
RE1,NE_TERDHT,2054,5.323
RE1,NE_TERIHT,2054,0.361
RE1,NE_TERILU,2054,0.513
RE1,NE_TERMPW,2054,0.47
RE1,NE_TEROTH,2054,2.582
RE1,NE_TERREF_AUC,2054,0.317
RE1,NE_TERREF_CEN,2054,0.504
RE1,NE_TRAAVI,2054,14.791057
RE1,NE_TRABUS,2054,6.746053108
RE1,NE_TRAFWD,2054,6.088205102
RE1,NE_TRAMIC,2054,0.67867167
RE1,NE_TRAMTC,2054,0.964044559
RE1,NE_TRASTT,2054,9.035698613
RE1,NE_TRATAX,2054,1.119415228
RE1,NE_TRATCK,2054,3.396473905
RE1,OR_AGFELC,2054,1.6479691
RE1,OR_AGFHEA,2054,21.5700942
RE1,OR_INDCLIM,2054,0.399884255
RE1,OR_INDDHT,2054,24.43684143
RE1,OR_INDIHT,2054,50.16700332
RE1,OR_INDILU,2054,0.986368379
RE1,OR_INDMPW,2054,19.97962852
RE1,OR_INDREF,2054,1.20554261
RE1,OR_RESCLIM_RUR,2054,0.021218016
RE1,OR_RESCLIM_URB,2054,0.162607583
RE1,OR_RESDHT_RUR,2054,2.377964681
RE1,OR_RESDHT_URB,2054,20.32988695
RE1,OR_RESILU_RUR,2054,0.030008673
RE1,OR_RESILU_URB,2054,0.465934899
RE1,OR_RESOTH_RUR,2054,0.218566813
RE1,OR_RESOTH_URB,2054,2.659323805
RE1,OR_RESREF_RUR,2054,0.089693864
RE1,OR_RESREF_URB,2054,3.508254781
RE1,OR_RESTV_RUR,2054,0.106061131
RE1,OR_RESTV_URB,2054,0.919821271
RE1,OR_RESWHT_RUR,2054,0.167763715
RE1,OR_RESWHT_URB,2054,7.558846621
RE1,OR_RESWSH_RUR,2054,0.073306827
RE1,OR_RESWSH_URB,2054,0.971486351
RE1,OR_TERCLIM_CEN,2054,11.857
RE1,OR_TERCLIM_FAN,2054,0.384
RE1,OR_TERCLIM_SPL,2054,1.304
RE1,OR_TERDHT,2054,19.922
RE1,OR_TERIHT,2054,1.045
RE1,OR_TERILU,2054,1.486
RE1,OR_TERMPW,2054,1.361
RE1,OR_TEROTH,2054,7.478
RE1,OR_TERREF_AUC,2054,0.919
RE1,OR_TERREF_CEN,2054,1.459
RE1,OR_TRAAVI,2054,14.791057
RE1,OR_TRABUS,2054,42.9745453
RE1,OR_TRAFWD,2054,26.72365264
RE1,OR_TRAMET,2054,2.097
RE1,OR_TRAMIC,2054,2.671091452
RE1,OR_TRAMTC,2054,1.730336387
RE1,OR_TRASTT,2054,23.06429936
RE1,OR_TRATAX,2054,3.614306251
RE1,OR_TRATCK,2054,14.54308372
RE1,SE_AGFELC,2054,0.0502838
RE1,SE_AGFHEA,2054,0.6587584
RE1,SE_OTHDSL,2054,0.001510652
RE1,SE_OTHELC,2054,0.03499148
RE1,SE_OTHGSL,2054,4.0242e-05
RE1,SE_RESCLIM,2054,0.032782
RE1,SE_RESDHT,2054,1.438145
RE1,SE_RESOTH,2054,0.08457
RE1,SE_RESREF,2054,0.054123
RE1,SE_TERCLIM_CEN,2054,0.012
RE1,SE_TERCLIM_SPL,2054,0.001
RE1,SE_TERDHT,2054,0.102
RE1,SE_TEROTH,2054,0.014
RE1,SE_TERREF_AUC,2054,0.001
RE1,SE_TERREF_CEN,2054,0.001
RE1,SE_TRAAVI,2054,0.562811
RE1,SE_TRAFWD,2054,0.017263
RE1,SE_TRAMIC,2054,0.001767
RE1,SE_TRAMTC,2054,0.034457
RE1,SE_TRATAX,2054,0.005665
RE1,SE_TRATCK,2054,0.006175
RE1,SO_AGFELC,2054,3.0351269
RE1,SO_AGFHEA,2054,39.7602755
RE1,SO_INDCLIM,2054,0.398889387
RE1,SO_INDDHT,2054,56.44228726
RE1,SO_INDIHT,2054,151.7992937
RE1,SO_INDILU,2054,0.762820952
RE1,SO_INDMPW,2054,18.00419912
RE1,SO_INDREF,2054,0.571878757
RE1,SO_RESCLIM_RUR,2054,0.031117306
RE1,SO_RESCLIM_URB,2054,0.507198773
RE1,SO_RESDHT_RUR,2054,9.460577473
RE1,SO_RESDHT_URB,2054,14.45851413
RE1,SO_RESILU_RUR,2054,0.071062744
RE1,SO_RESILU_URB,2054,0.412586034
RE1,SO_RESOTH_RUR,2054,0.513810294
RE1,SO_RESOTH_URB,2054,2.435792393
RE1,SO_RESREF_RUR,2054,0.181144611
RE1,SO_RESREF_URB,2054,3.215671659
RE1,SO_RESTV_RUR,2054,0.228772795
RE1,SO_RESTV_URB,2054,0.820594722
RE1,SO_RESWHT_RUR,2054,0.117795828
RE1,SO_RESWHT_URB,2054,2.039017735
RE1,SO_RESWSH_RUR,2054,0.106632569
RE1,SO_RESWSH_URB,2054,0.79101966
RE1,SO_TERCLIM_CEN,2054,9.967
RE1,SO_TERCLIM_FAN,2054,0.323
RE1,SO_TERCLIM_SPL,2054,1.096
RE1,SO_TERDHT,2054,10.911
RE1,SO_TERIHT,2054,0.878
RE1,SO_TERILU,2054,1.249
RE1,SO_TERMPW,2054,1.144
RE1,SO_TEROTH,2054,6.287
RE1,SO_TERREF_AUC,2054,0.773
RE1,SO_TERREF_CEN,2054,1.227
RE1,SO_TRAAVI,2054,27.548097
RE1,SO_TRABUS,2054,9.160164383
RE1,SO_TRAFWD,2054,10.42705827
RE1,SO_TRAMIC,2054,1.097539341
RE1,SO_TRAMRT,2054,4.239321
RE1,SO_TRAMTC,2054,2.129587164
RE1,SO_TRASTT,2054,4.745680763
RE1,SO_TRATAX,2054,2.496024035
RE1,SO_TRATCK,2054,5.403481213
