REGION,FUEL,YEAR,VALUE
RE1,AN_AGFELC,2022,0.0
RE1,AN_AGFELC,2023,0.0
RE1,AN_AGFELC,2024,0.0
RE1,AN_AGFELC,2025,0.0
RE1,AN_AGFELC,2026,0.0
RE1,AN_AGFELC,2027,0.0
RE1,AN_AGFELC,2028,0.0
RE1,AN_AGFELC,2029,0.0
RE1,AN_AGFELC,2030,0.0
RE1,AN_AGFELC,2031,0.0
RE1,AN_AGFELC,2032,0.0
RE1,AN_AGFELC,2033,0.0
RE1,AN_AGFELC,2034,0.0
RE1,AN_AGFELC,2035,0.0
RE1,AN_AGFELC,2036,0.0
RE1,AN_AGFELC,2037,0.0
RE1,AN_AGFELC,2038,0.0
RE1,AN_AGFELC,2039,0.0
RE1,AN_AGFELC,2040,0.0
RE1,AN_AGFELC,2041,0.0
RE1,AN_AGFELC,2042,0.0
RE1,AN_AGFELC,2043,0.0
RE1,AN_AGFELC,2044,0.0
RE1,AN_AGFELC,2045,0.0
RE1,AN_AGFELC,2046,0.0
RE1,AN_AGFELC,2047,0.0
RE1,AN_AGFELC,2048,0.0
RE1,AN_AGFELC,2049,0.0
RE1,AN_AGFELC,2050,0.0
RE1,AN_AGFELC,2051,0.0
RE1,AN_AGFELC,2052,0.0
RE1,AN_AGFELC,2053,0.0
RE1,AN_AGFELC,2054,0.0
RE1,AN_AGFHEA,2022,5.757737402969179
RE1,AN_AGFHEA,2023,5.918780162876052
RE1,AN_AGFHEA,2024,6.350601913585652
RE1,AN_AGFHEA,2025,6.585617955565517
RE1,AN_AGFHEA,2026,6.76630561192064
RE1,AN_AGFHEA,2027,6.960420303869359
RE1,AN_AGFHEA,2028,7.162738271835699
RE1,AN_AGFHEA,2029,7.371635435559002
RE1,AN_AGFHEA,2030,7.585686518806627
RE1,AN_AGFHEA,2031,7.804941173265422
RE1,AN_AGFHEA,2032,8.031296267209513
RE1,AN_AGFHEA,2033,8.265099827236655
RE1,AN_AGFHEA,2034,8.50568813859683
RE1,AN_AGFHEA,2035,8.766594989833179
RE1,AN_AGFHEA,2036,9.035340174634936
RE1,AN_AGFHEA,2037,9.323050085298293
RE1,AN_AGFHEA,2038,9.619468625192798
RE1,AN_AGFHEA,2039,9.92486720942099
RE1,AN_AGFHEA,2040,10.23951736213855
RE1,AN_AGFHEA,2041,10.56370230813233
RE1,AN_AGFHEA,2042,10.93061291985022
RE1,AN_AGFHEA,2043,11.30885697126095
RE1,AN_AGFHEA,2044,11.6987768003505
RE1,AN_AGFHEA,2045,12.1007255555026
RE1,AN_AGFHEA,2046,12.51506755027293
RE1,AN_AGFHEA,2047,12.94218639121534
RE1,AN_AGFHEA,2048,13.40499982463255
RE1,AN_AGFHEA,2049,13.91627783045394
RE1,AN_AGFHEA,2050,14.44392673233616
RE1,AN_AGFHEA,2051,14.98843492016319
RE1,AN_AGFHEA,2052,15.55030357816706
RE1,AN_AGFHEA,2053,16.13003928628966
RE1,AN_AGFHEA,2054,16.7329555883771
RE1,AN_INDCLIM,2022,0.0
RE1,AN_INDCLIM,2023,0.0
RE1,AN_INDCLIM,2024,0.0
RE1,AN_INDCLIM,2025,0.0
RE1,AN_INDCLIM,2026,0.0
RE1,AN_INDCLIM,2027,0.0
RE1,AN_INDCLIM,2028,0.0
RE1,AN_INDCLIM,2029,0.0
RE1,AN_INDCLIM,2030,0.0
RE1,AN_INDCLIM,2031,0.0
RE1,AN_INDCLIM,2032,0.0
RE1,AN_INDCLIM,2033,0.0
RE1,AN_INDCLIM,2034,0.0
RE1,AN_INDCLIM,2035,0.0
RE1,AN_INDCLIM,2036,0.0
RE1,AN_INDCLIM,2037,0.0
RE1,AN_INDCLIM,2038,0.0
RE1,AN_INDCLIM,2039,0.0
RE1,AN_INDCLIM,2040,0.0
RE1,AN_INDCLIM,2041,0.0
RE1,AN_INDCLIM,2042,0.0
RE1,AN_INDCLIM,2043,0.0
RE1,AN_INDCLIM,2044,0.0
RE1,AN_INDCLIM,2045,0.0
RE1,AN_INDCLIM,2046,0.0
RE1,AN_INDCLIM,2047,0.0
RE1,AN_INDCLIM,2048,0.0
RE1,AN_INDCLIM,2049,0.0
RE1,AN_INDCLIM,2050,0.0
RE1,AN_INDCLIM,2051,0.0
RE1,AN_INDCLIM,2052,0.0
RE1,AN_INDCLIM,2053,0.0
RE1,AN_INDCLIM,2054,0.0
RE1,AN_INDDHT,2022,0.0
RE1,AN_INDDHT,2023,0.0
RE1,AN_INDDHT,2024,0.0
RE1,AN_INDDHT,2025,0.0
RE1,AN_INDDHT,2026,0.0
RE1,AN_INDDHT,2027,0.0
RE1,AN_INDDHT,2028,0.0
RE1,AN_INDDHT,2029,0.0
RE1,AN_INDDHT,2030,0.0
RE1,AN_INDDHT,2031,0.0
RE1,AN_INDDHT,2032,0.0
RE1,AN_INDDHT,2033,0.0
RE1,AN_INDDHT,2034,0.0
RE1,AN_INDDHT,2035,0.0
RE1,AN_INDDHT,2036,0.0
RE1,AN_INDDHT,2037,0.0
RE1,AN_INDDHT,2038,0.0
RE1,AN_INDDHT,2039,0.0
RE1,AN_INDDHT,2040,0.0
RE1,AN_INDDHT,2041,0.0
RE1,AN_INDDHT,2042,0.0
RE1,AN_INDDHT,2043,0.0
RE1,AN_INDDHT,2044,0.0
RE1,AN_INDDHT,2045,0.0
RE1,AN_INDDHT,2046,0.0
RE1,AN_INDDHT,2047,0.0
RE1,AN_INDDHT,2048,0.0
RE1,AN_INDDHT,2049,0.0
RE1,AN_INDDHT,2050,0.0
RE1,AN_INDDHT,2051,0.0
RE1,AN_INDDHT,2052,0.0
RE1,AN_INDDHT,2053,0.0
RE1,AN_INDDHT,2054,0.0
RE1,AN_INDIHT,2022,0.0
RE1,AN_INDIHT,2023,0.0
RE1,AN_INDIHT,2024,0.0
RE1,AN_INDIHT,2025,0.0
RE1,AN_INDIHT,2026,0.0
RE1,AN_INDIHT,2027,0.0
RE1,AN_INDIHT,2028,0.0
RE1,AN_INDIHT,2029,0.0
RE1,AN_INDIHT,2030,0.0
RE1,AN_INDIHT,2031,0.0
RE1,AN_INDIHT,2032,0.0
RE1,AN_INDIHT,2033,0.0
RE1,AN_INDIHT,2034,0.0
RE1,AN_INDIHT,2035,0.0
RE1,AN_INDIHT,2036,0.0
RE1,AN_INDIHT,2037,0.0
RE1,AN_INDIHT,2038,0.0
RE1,AN_INDIHT,2039,0.0
RE1,AN_INDIHT,2040,0.0
RE1,AN_INDIHT,2041,0.0
RE1,AN_INDIHT,2042,0.0
RE1,AN_INDIHT,2043,0.0
RE1,AN_INDIHT,2044,0.0
RE1,AN_INDIHT,2045,0.0
RE1,AN_INDIHT,2046,0.0
RE1,AN_INDIHT,2047,0.0
RE1,AN_INDIHT,2048,0.0
RE1,AN_INDIHT,2049,0.0
RE1,AN_INDIHT,2050,0.0
RE1,AN_INDIHT,2051,0.0
RE1,AN_INDIHT,2052,0.0
RE1,AN_INDIHT,2053,0.0
RE1,AN_INDIHT,2054,0.0
RE1,AN_INDILU,2022,0.0
RE1,AN_INDILU,2023,0.0
RE1,AN_INDILU,2024,0.0
RE1,AN_INDILU,2025,0.0
RE1,AN_INDILU,2026,0.0
RE1,AN_INDILU,2027,0.0
RE1,AN_INDILU,2028,0.0
RE1,AN_INDILU,2029,0.0
RE1,AN_INDILU,2030,0.0
RE1,AN_INDILU,2031,0.0
RE1,AN_INDILU,2032,0.0
RE1,AN_INDILU,2033,0.0
RE1,AN_INDILU,2034,0.0
RE1,AN_INDILU,2035,0.0
RE1,AN_INDILU,2036,0.0
RE1,AN_INDILU,2037,0.0
RE1,AN_INDILU,2038,0.0
RE1,AN_INDILU,2039,0.0
RE1,AN_INDILU,2040,0.0
RE1,AN_INDILU,2041,0.0
RE1,AN_INDILU,2042,0.0
RE1,AN_INDILU,2043,0.0
RE1,AN_INDILU,2044,0.0
RE1,AN_INDILU,2045,0.0
RE1,AN_INDILU,2046,0.0
RE1,AN_INDILU,2047,0.0
RE1,AN_INDILU,2048,0.0
RE1,AN_INDILU,2049,0.0
RE1,AN_INDILU,2050,0.0
RE1,AN_INDILU,2051,0.0
RE1,AN_INDILU,2052,0.0
RE1,AN_INDILU,2053,0.0
RE1,AN_INDILU,2054,0.0
RE1,AN_INDMPW,2022,0.0
RE1,AN_INDMPW,2023,0.0
RE1,AN_INDMPW,2024,0.0
RE1,AN_INDMPW,2025,0.0
RE1,AN_INDMPW,2026,0.0
RE1,AN_INDMPW,2027,0.0
RE1,AN_INDMPW,2028,0.0
RE1,AN_INDMPW,2029,0.0
RE1,AN_INDMPW,2030,0.0
RE1,AN_INDMPW,2031,0.0
RE1,AN_INDMPW,2032,0.0
RE1,AN_INDMPW,2033,0.0
RE1,AN_INDMPW,2034,0.0
RE1,AN_INDMPW,2035,0.0
RE1,AN_INDMPW,2036,0.0
RE1,AN_INDMPW,2037,0.0
RE1,AN_INDMPW,2038,0.0
RE1,AN_INDMPW,2039,0.0
RE1,AN_INDMPW,2040,0.0
RE1,AN_INDMPW,2041,0.0
RE1,AN_INDMPW,2042,0.0
RE1,AN_INDMPW,2043,0.0
RE1,AN_INDMPW,2044,0.0
RE1,AN_INDMPW,2045,0.0
RE1,AN_INDMPW,2046,0.0
RE1,AN_INDMPW,2047,0.0
RE1,AN_INDMPW,2048,0.0
RE1,AN_INDMPW,2049,0.0
RE1,AN_INDMPW,2050,0.0
RE1,AN_INDMPW,2051,0.0
RE1,AN_INDMPW,2052,0.0
RE1,AN_INDMPW,2053,0.0
RE1,AN_INDMPW,2054,0.0
RE1,AN_INDOTH_COA,2022,0.01952474537957855
RE1,AN_INDOTH_COA,2023,0.01770444369000646
RE1,AN_INDOTH_COA,2024,0.01717524928393813
RE1,AN_INDOTH_COA,2025,0.01759282433366464
RE1,AN_INDOTH_COA,2026,0.01794951126403636
RE1,AN_INDOTH_COA,2027,0.01821499879073058
RE1,AN_INDOTH_COA,2028,0.0185762231892657
RE1,AN_INDOTH_COA,2029,0.01897248653645883
RE1,AN_INDOTH_COA,2030,0.01924870557398671
RE1,AN_INDOTH_COA,2031,0.01958246913979679
RE1,AN_INDOTH_COA,2032,0.01985646358687624
RE1,AN_INDOTH_COA,2033,0.02011566127098974
RE1,AN_INDOTH_COA,2034,0.02073006233111164
RE1,AN_INDOTH_COA,2035,0.02151464748998024
RE1,AN_INDOTH_COA,2036,0.02230610364315109
RE1,AN_INDOTH_COA,2037,0.02313645218829698
RE1,AN_INDOTH_COA,2038,0.02400145208466522
RE1,AN_INDOTH_COA,2039,0.02490213812913597
RE1,AN_INDOTH_COA,2040,0.02583981032454022
RE1,AN_INDOTH_COA,2041,0.02681601845473926
RE1,AN_INDOTH_COA,2042,0.02784526515279234
RE1,AN_INDOTH_COA,2043,0.02891822195552556
RE1,AN_INDOTH_COA,2044,0.03003958401916794
RE1,AN_INDOTH_COA,2045,0.03120655958851696
RE1,AN_INDOTH_COA,2046,0.03241848065263456
RE1,AN_INDOTH_COA,2047,0.03368640238617079
RE1,AN_INDOTH_COA,2048,0.03500399461418011
RE1,AN_INDOTH_COA,2049,0.03637275738864083
RE1,AN_INDOTH_COA,2050,0.03779455989598749
RE1,AN_INDOTH_COA,2051,0.03927372886308944
RE1,AN_INDOTH_COA,2052,0.04081264946607054
RE1,AN_INDOTH_COA,2053,0.04241427972697254
RE1,AN_INDOTH_COA,2054,0.04407285184899654
RE1,AN_INDOTH_ELC,2022,0.0
RE1,AN_INDOTH_ELC,2023,0.0
RE1,AN_INDOTH_ELC,2024,0.0
RE1,AN_INDOTH_ELC,2025,0.0
RE1,AN_INDOTH_ELC,2026,0.0
RE1,AN_INDOTH_ELC,2027,0.0
RE1,AN_INDOTH_ELC,2028,0.0
RE1,AN_INDOTH_ELC,2029,0.0
RE1,AN_INDOTH_ELC,2030,0.0
RE1,AN_INDOTH_ELC,2031,0.0
RE1,AN_INDOTH_ELC,2032,0.0
RE1,AN_INDOTH_ELC,2033,0.0
RE1,AN_INDOTH_ELC,2034,0.0
RE1,AN_INDOTH_ELC,2035,0.0
RE1,AN_INDOTH_ELC,2036,0.0
RE1,AN_INDOTH_ELC,2037,0.0
RE1,AN_INDOTH_ELC,2038,0.0
RE1,AN_INDOTH_ELC,2039,0.0
RE1,AN_INDOTH_ELC,2040,0.0
RE1,AN_INDOTH_ELC,2041,0.0
RE1,AN_INDOTH_ELC,2042,0.0
RE1,AN_INDOTH_ELC,2043,0.0
RE1,AN_INDOTH_ELC,2044,0.0
RE1,AN_INDOTH_ELC,2045,0.0
RE1,AN_INDOTH_ELC,2046,0.0
RE1,AN_INDOTH_ELC,2047,0.0
RE1,AN_INDOTH_ELC,2048,0.0
RE1,AN_INDOTH_ELC,2049,0.0
RE1,AN_INDOTH_ELC,2050,0.0
RE1,AN_INDOTH_ELC,2051,0.0
RE1,AN_INDOTH_ELC,2052,0.0
RE1,AN_INDOTH_ELC,2053,0.0
RE1,AN_INDOTH_ELC,2054,0.0
RE1,AN_INDREF,2022,0.0
RE1,AN_INDREF,2023,0.0
RE1,AN_INDREF,2024,0.0
RE1,AN_INDREF,2025,0.0
RE1,AN_INDREF,2026,0.0
RE1,AN_INDREF,2027,0.0
RE1,AN_INDREF,2028,0.0
RE1,AN_INDREF,2029,0.0
RE1,AN_INDREF,2030,0.0
RE1,AN_INDREF,2031,0.0
RE1,AN_INDREF,2032,0.0
RE1,AN_INDREF,2033,0.0
RE1,AN_INDREF,2034,0.0
RE1,AN_INDREF,2035,0.0
RE1,AN_INDREF,2036,0.0
RE1,AN_INDREF,2037,0.0
RE1,AN_INDREF,2038,0.0
RE1,AN_INDREF,2039,0.0
RE1,AN_INDREF,2040,0.0
RE1,AN_INDREF,2041,0.0
RE1,AN_INDREF,2042,0.0
RE1,AN_INDREF,2043,0.0
RE1,AN_INDREF,2044,0.0
RE1,AN_INDREF,2045,0.0
RE1,AN_INDREF,2046,0.0
RE1,AN_INDREF,2047,0.0
RE1,AN_INDREF,2048,0.0
RE1,AN_INDREF,2049,0.0
RE1,AN_INDREF,2050,0.0
RE1,AN_INDREF,2051,0.0
RE1,AN_INDREF,2052,0.0
RE1,AN_INDREF,2053,0.0
RE1,AN_INDREF,2054,0.0
RE1,AN_RESCLIM_RUR,2022,0.0
RE1,AN_RESCLIM_RUR,2023,0.0
RE1,AN_RESCLIM_RUR,2024,0.0
RE1,AN_RESCLIM_RUR,2025,0.0
RE1,AN_RESCLIM_RUR,2026,0.0
RE1,AN_RESCLIM_RUR,2027,0.0
RE1,AN_RESCLIM_RUR,2028,0.0
RE1,AN_RESCLIM_RUR,2029,0.0
RE1,AN_RESCLIM_RUR,2030,0.0
RE1,AN_RESCLIM_RUR,2031,0.0
RE1,AN_RESCLIM_RUR,2032,0.0
RE1,AN_RESCLIM_RUR,2033,0.0
RE1,AN_RESCLIM_RUR,2034,0.0
RE1,AN_RESCLIM_RUR,2035,0.0
RE1,AN_RESCLIM_RUR,2036,0.0
RE1,AN_RESCLIM_RUR,2037,0.0
RE1,AN_RESCLIM_RUR,2038,0.0
RE1,AN_RESCLIM_RUR,2039,0.0
RE1,AN_RESCLIM_RUR,2040,0.0
RE1,AN_RESCLIM_RUR,2041,0.0
RE1,AN_RESCLIM_RUR,2042,0.0
RE1,AN_RESCLIM_RUR,2043,0.0
RE1,AN_RESCLIM_RUR,2044,0.0
RE1,AN_RESCLIM_RUR,2045,0.0
RE1,AN_RESCLIM_RUR,2046,0.0
RE1,AN_RESCLIM_RUR,2047,0.0
RE1,AN_RESCLIM_RUR,2048,0.0
RE1,AN_RESCLIM_RUR,2049,0.0
RE1,AN_RESCLIM_RUR,2050,0.0
RE1,AN_RESCLIM_RUR,2051,0.0
RE1,AN_RESCLIM_RUR,2052,0.0
RE1,AN_RESCLIM_RUR,2053,0.0
RE1,AN_RESCLIM_RUR,2054,0.0
RE1,AN_RESCLIM_URB,2022,0.0
RE1,AN_RESCLIM_URB,2023,0.0
RE1,AN_RESCLIM_URB,2024,0.0
RE1,AN_RESCLIM_URB,2025,0.0
RE1,AN_RESCLIM_URB,2026,0.0
RE1,AN_RESCLIM_URB,2027,0.0
RE1,AN_RESCLIM_URB,2028,0.0
RE1,AN_RESCLIM_URB,2029,0.0
RE1,AN_RESCLIM_URB,2030,0.0
RE1,AN_RESCLIM_URB,2031,0.0
RE1,AN_RESCLIM_URB,2032,0.0
RE1,AN_RESCLIM_URB,2033,0.0
RE1,AN_RESCLIM_URB,2034,0.0
RE1,AN_RESCLIM_URB,2035,0.0
RE1,AN_RESCLIM_URB,2036,0.0
RE1,AN_RESCLIM_URB,2037,0.0
RE1,AN_RESCLIM_URB,2038,0.0
RE1,AN_RESCLIM_URB,2039,0.0
RE1,AN_RESCLIM_URB,2040,0.0
RE1,AN_RESCLIM_URB,2041,0.0
RE1,AN_RESCLIM_URB,2042,0.0
RE1,AN_RESCLIM_URB,2043,0.0
RE1,AN_RESCLIM_URB,2044,0.0
RE1,AN_RESCLIM_URB,2045,0.0
RE1,AN_RESCLIM_URB,2046,0.0
RE1,AN_RESCLIM_URB,2047,0.0
RE1,AN_RESCLIM_URB,2048,0.0
RE1,AN_RESCLIM_URB,2049,0.0
RE1,AN_RESCLIM_URB,2050,0.0
RE1,AN_RESCLIM_URB,2051,0.0
RE1,AN_RESCLIM_URB,2052,0.0
RE1,AN_RESCLIM_URB,2053,0.0
RE1,AN_RESCLIM_URB,2054,0.0
RE1,AN_RESDHT_RUR,2022,0.0
RE1,AN_RESDHT_RUR,2023,0.0
RE1,AN_RESDHT_RUR,2024,0.0
RE1,AN_RESDHT_RUR,2025,0.0
RE1,AN_RESDHT_RUR,2026,0.0
RE1,AN_RESDHT_RUR,2027,0.0
RE1,AN_RESDHT_RUR,2028,0.0
RE1,AN_RESDHT_RUR,2029,0.0
RE1,AN_RESDHT_RUR,2030,0.0
RE1,AN_RESDHT_RUR,2031,0.0
RE1,AN_RESDHT_RUR,2032,0.0
RE1,AN_RESDHT_RUR,2033,0.0
RE1,AN_RESDHT_RUR,2034,0.0
RE1,AN_RESDHT_RUR,2035,0.0
RE1,AN_RESDHT_RUR,2036,0.0
RE1,AN_RESDHT_RUR,2037,0.0
RE1,AN_RESDHT_RUR,2038,0.0
RE1,AN_RESDHT_RUR,2039,0.0
RE1,AN_RESDHT_RUR,2040,0.0
RE1,AN_RESDHT_RUR,2041,0.0
RE1,AN_RESDHT_RUR,2042,0.0
RE1,AN_RESDHT_RUR,2043,0.0
RE1,AN_RESDHT_RUR,2044,0.0
RE1,AN_RESDHT_RUR,2045,0.0
RE1,AN_RESDHT_RUR,2046,0.0
RE1,AN_RESDHT_RUR,2047,0.0
RE1,AN_RESDHT_RUR,2048,0.0
RE1,AN_RESDHT_RUR,2049,0.0
RE1,AN_RESDHT_RUR,2050,0.0
RE1,AN_RESDHT_RUR,2051,0.0
RE1,AN_RESDHT_RUR,2052,0.0
RE1,AN_RESDHT_RUR,2053,0.0
RE1,AN_RESDHT_RUR,2054,0.0
RE1,AN_RESDHT_URB,2022,0.0
RE1,AN_RESDHT_URB,2023,0.0
RE1,AN_RESDHT_URB,2024,0.0
RE1,AN_RESDHT_URB,2025,0.0
RE1,AN_RESDHT_URB,2026,0.0
RE1,AN_RESDHT_URB,2027,0.0
RE1,AN_RESDHT_URB,2028,0.0
RE1,AN_RESDHT_URB,2029,0.0
RE1,AN_RESDHT_URB,2030,0.0
RE1,AN_RESDHT_URB,2031,0.0
RE1,AN_RESDHT_URB,2032,0.0
RE1,AN_RESDHT_URB,2033,0.0
RE1,AN_RESDHT_URB,2034,0.0
RE1,AN_RESDHT_URB,2035,0.0
RE1,AN_RESDHT_URB,2036,0.0
RE1,AN_RESDHT_URB,2037,0.0
RE1,AN_RESDHT_URB,2038,0.0
RE1,AN_RESDHT_URB,2039,0.0
RE1,AN_RESDHT_URB,2040,0.0
RE1,AN_RESDHT_URB,2041,0.0
RE1,AN_RESDHT_URB,2042,0.0
RE1,AN_RESDHT_URB,2043,0.0
RE1,AN_RESDHT_URB,2044,0.0
RE1,AN_RESDHT_URB,2045,0.0
RE1,AN_RESDHT_URB,2046,0.0
RE1,AN_RESDHT_URB,2047,0.0
RE1,AN_RESDHT_URB,2048,0.0
RE1,AN_RESDHT_URB,2049,0.0
RE1,AN_RESDHT_URB,2050,0.0
RE1,AN_RESDHT_URB,2051,0.0
RE1,AN_RESDHT_URB,2052,0.0
RE1,AN_RESDHT_URB,2053,0.0
RE1,AN_RESDHT_URB,2054,0.0
RE1,AN_RESILU_RUR,2022,0.0
RE1,AN_RESILU_RUR,2023,0.0
RE1,AN_RESILU_RUR,2024,0.0
RE1,AN_RESILU_RUR,2025,0.0
RE1,AN_RESILU_RUR,2026,0.0
RE1,AN_RESILU_RUR,2027,0.0
RE1,AN_RESILU_RUR,2028,0.0
RE1,AN_RESILU_RUR,2029,0.0
RE1,AN_RESILU_RUR,2030,0.0
RE1,AN_RESILU_RUR,2031,0.0
RE1,AN_RESILU_RUR,2032,0.0
RE1,AN_RESILU_RUR,2033,0.0
RE1,AN_RESILU_RUR,2034,0.0
RE1,AN_RESILU_RUR,2035,0.0
RE1,AN_RESILU_RUR,2036,0.0
RE1,AN_RESILU_RUR,2037,0.0
RE1,AN_RESILU_RUR,2038,0.0
RE1,AN_RESILU_RUR,2039,0.0
RE1,AN_RESILU_RUR,2040,0.0
RE1,AN_RESILU_RUR,2041,0.0
RE1,AN_RESILU_RUR,2042,0.0
RE1,AN_RESILU_RUR,2043,0.0
RE1,AN_RESILU_RUR,2044,0.0
RE1,AN_RESILU_RUR,2045,0.0
RE1,AN_RESILU_RUR,2046,0.0
RE1,AN_RESILU_RUR,2047,0.0
RE1,AN_RESILU_RUR,2048,0.0
RE1,AN_RESILU_RUR,2049,0.0
RE1,AN_RESILU_RUR,2050,0.0
RE1,AN_RESILU_RUR,2051,0.0
RE1,AN_RESILU_RUR,2052,0.0
RE1,AN_RESILU_RUR,2053,0.0
RE1,AN_RESILU_RUR,2054,0.0
RE1,AN_RESILU_URB,2022,0.0
RE1,AN_RESILU_URB,2023,0.0
RE1,AN_RESILU_URB,2024,0.0
RE1,AN_RESILU_URB,2025,0.0
RE1,AN_RESILU_URB,2026,0.0
RE1,AN_RESILU_URB,2027,0.0
RE1,AN_RESILU_URB,2028,0.0
RE1,AN_RESILU_URB,2029,0.0
RE1,AN_RESILU_URB,2030,0.0
RE1,AN_RESILU_URB,2031,0.0
RE1,AN_RESILU_URB,2032,0.0
RE1,AN_RESILU_URB,2033,0.0
RE1,AN_RESILU_URB,2034,0.0
RE1,AN_RESILU_URB,2035,0.0
RE1,AN_RESILU_URB,2036,0.0
RE1,AN_RESILU_URB,2037,0.0
RE1,AN_RESILU_URB,2038,0.0
RE1,AN_RESILU_URB,2039,0.0
RE1,AN_RESILU_URB,2040,0.0
RE1,AN_RESILU_URB,2041,0.0
RE1,AN_RESILU_URB,2042,0.0
RE1,AN_RESILU_URB,2043,0.0
RE1,AN_RESILU_URB,2044,0.0
RE1,AN_RESILU_URB,2045,0.0
RE1,AN_RESILU_URB,2046,0.0
RE1,AN_RESILU_URB,2047,0.0
RE1,AN_RESILU_URB,2048,0.0
RE1,AN_RESILU_URB,2049,0.0
RE1,AN_RESILU_URB,2050,0.0
RE1,AN_RESILU_URB,2051,0.0
RE1,AN_RESILU_URB,2052,0.0
RE1,AN_RESILU_URB,2053,0.0
RE1,AN_RESILU_URB,2054,0.0
RE1,AN_RESOTH_RUR,2022,0.0
RE1,AN_RESOTH_RUR,2023,0.0
RE1,AN_RESOTH_RUR,2024,0.0
RE1,AN_RESOTH_RUR,2025,0.0
RE1,AN_RESOTH_RUR,2026,0.0
RE1,AN_RESOTH_RUR,2027,0.0
RE1,AN_RESOTH_RUR,2028,0.0
RE1,AN_RESOTH_RUR,2029,0.0
RE1,AN_RESOTH_RUR,2030,0.0
RE1,AN_RESOTH_RUR,2031,0.0
RE1,AN_RESOTH_RUR,2032,0.0
RE1,AN_RESOTH_RUR,2033,0.0
RE1,AN_RESOTH_RUR,2034,0.0
RE1,AN_RESOTH_RUR,2035,0.0
RE1,AN_RESOTH_RUR,2036,0.0
RE1,AN_RESOTH_RUR,2037,0.0
RE1,AN_RESOTH_RUR,2038,0.0
RE1,AN_RESOTH_RUR,2039,0.0
RE1,AN_RESOTH_RUR,2040,0.0
RE1,AN_RESOTH_RUR,2041,0.0
RE1,AN_RESOTH_RUR,2042,0.0
RE1,AN_RESOTH_RUR,2043,0.0
RE1,AN_RESOTH_RUR,2044,0.0
RE1,AN_RESOTH_RUR,2045,0.0
RE1,AN_RESOTH_RUR,2046,0.0
RE1,AN_RESOTH_RUR,2047,0.0
RE1,AN_RESOTH_RUR,2048,0.0
RE1,AN_RESOTH_RUR,2049,0.0
RE1,AN_RESOTH_RUR,2050,0.0
RE1,AN_RESOTH_RUR,2051,0.0
RE1,AN_RESOTH_RUR,2052,0.0
RE1,AN_RESOTH_RUR,2053,0.0
RE1,AN_RESOTH_RUR,2054,0.0
RE1,AN_RESOTH_URB,2022,0.0
RE1,AN_RESOTH_URB,2023,0.0
RE1,AN_RESOTH_URB,2024,0.0
RE1,AN_RESOTH_URB,2025,0.0
RE1,AN_RESOTH_URB,2026,0.0
RE1,AN_RESOTH_URB,2027,0.0
RE1,AN_RESOTH_URB,2028,0.0
RE1,AN_RESOTH_URB,2029,0.0
RE1,AN_RESOTH_URB,2030,0.0
RE1,AN_RESOTH_URB,2031,0.0
RE1,AN_RESOTH_URB,2032,0.0
RE1,AN_RESOTH_URB,2033,0.0
RE1,AN_RESOTH_URB,2034,0.0
RE1,AN_RESOTH_URB,2035,0.0
RE1,AN_RESOTH_URB,2036,0.0
RE1,AN_RESOTH_URB,2037,0.0
RE1,AN_RESOTH_URB,2038,0.0
RE1,AN_RESOTH_URB,2039,0.0
RE1,AN_RESOTH_URB,2040,0.0
RE1,AN_RESOTH_URB,2041,0.0
RE1,AN_RESOTH_URB,2042,0.0
RE1,AN_RESOTH_URB,2043,0.0
RE1,AN_RESOTH_URB,2044,0.0
RE1,AN_RESOTH_URB,2045,0.0
RE1,AN_RESOTH_URB,2046,0.0
RE1,AN_RESOTH_URB,2047,0.0
RE1,AN_RESOTH_URB,2048,0.0
RE1,AN_RESOTH_URB,2049,0.0
RE1,AN_RESOTH_URB,2050,0.0
RE1,AN_RESOTH_URB,2051,0.0
RE1,AN_RESOTH_URB,2052,0.0
RE1,AN_RESOTH_URB,2053,0.0
RE1,AN_RESOTH_URB,2054,0.0
RE1,AN_RESREF_RUR,2022,0.0
RE1,AN_RESREF_RUR,2023,0.0
RE1,AN_RESREF_RUR,2024,0.0
RE1,AN_RESREF_RUR,2025,0.0
RE1,AN_RESREF_RUR,2026,0.0
RE1,AN_RESREF_RUR,2027,0.0
RE1,AN_RESREF_RUR,2028,0.0
RE1,AN_RESREF_RUR,2029,0.0
RE1,AN_RESREF_RUR,2030,0.0
RE1,AN_RESREF_RUR,2031,0.0
RE1,AN_RESREF_RUR,2032,0.0
RE1,AN_RESREF_RUR,2033,0.0
RE1,AN_RESREF_RUR,2034,0.0
RE1,AN_RESREF_RUR,2035,0.0
RE1,AN_RESREF_RUR,2036,0.0
RE1,AN_RESREF_RUR,2037,0.0
RE1,AN_RESREF_RUR,2038,0.0
RE1,AN_RESREF_RUR,2039,0.0
RE1,AN_RESREF_RUR,2040,0.0
RE1,AN_RESREF_RUR,2041,0.0
RE1,AN_RESREF_RUR,2042,0.0
RE1,AN_RESREF_RUR,2043,0.0
RE1,AN_RESREF_RUR,2044,0.0
RE1,AN_RESREF_RUR,2045,0.0
RE1,AN_RESREF_RUR,2046,0.0
RE1,AN_RESREF_RUR,2047,0.0
RE1,AN_RESREF_RUR,2048,0.0
RE1,AN_RESREF_RUR,2049,0.0
RE1,AN_RESREF_RUR,2050,0.0
RE1,AN_RESREF_RUR,2051,0.0
RE1,AN_RESREF_RUR,2052,0.0
RE1,AN_RESREF_RUR,2053,0.0
RE1,AN_RESREF_RUR,2054,0.0
RE1,AN_RESREF_URB,2022,0.0
RE1,AN_RESREF_URB,2023,0.0
RE1,AN_RESREF_URB,2024,0.0
RE1,AN_RESREF_URB,2025,0.0
RE1,AN_RESREF_URB,2026,0.0
RE1,AN_RESREF_URB,2027,0.0
RE1,AN_RESREF_URB,2028,0.0
RE1,AN_RESREF_URB,2029,0.0
RE1,AN_RESREF_URB,2030,0.0
RE1,AN_RESREF_URB,2031,0.0
RE1,AN_RESREF_URB,2032,0.0
RE1,AN_RESREF_URB,2033,0.0
RE1,AN_RESREF_URB,2034,0.0
RE1,AN_RESREF_URB,2035,0.0
RE1,AN_RESREF_URB,2036,0.0
RE1,AN_RESREF_URB,2037,0.0
RE1,AN_RESREF_URB,2038,0.0
RE1,AN_RESREF_URB,2039,0.0
RE1,AN_RESREF_URB,2040,0.0
RE1,AN_RESREF_URB,2041,0.0
RE1,AN_RESREF_URB,2042,0.0
RE1,AN_RESREF_URB,2043,0.0
RE1,AN_RESREF_URB,2044,0.0
RE1,AN_RESREF_URB,2045,0.0
RE1,AN_RESREF_URB,2046,0.0
RE1,AN_RESREF_URB,2047,0.0
RE1,AN_RESREF_URB,2048,0.0
RE1,AN_RESREF_URB,2049,0.0
RE1,AN_RESREF_URB,2050,0.0
RE1,AN_RESREF_URB,2051,0.0
RE1,AN_RESREF_URB,2052,0.0
RE1,AN_RESREF_URB,2053,0.0
RE1,AN_RESREF_URB,2054,0.0
RE1,AN_RESTV_RUR,2022,0.0
RE1,AN_RESTV_RUR,2023,0.0
RE1,AN_RESTV_RUR,2024,0.0
RE1,AN_RESTV_RUR,2025,0.0
RE1,AN_RESTV_RUR,2026,0.0
RE1,AN_RESTV_RUR,2027,0.0
RE1,AN_RESTV_RUR,2028,0.0
RE1,AN_RESTV_RUR,2029,0.0
RE1,AN_RESTV_RUR,2030,0.0
RE1,AN_RESTV_RUR,2031,0.0
RE1,AN_RESTV_RUR,2032,0.0
RE1,AN_RESTV_RUR,2033,0.0
RE1,AN_RESTV_RUR,2034,0.0
RE1,AN_RESTV_RUR,2035,0.0
RE1,AN_RESTV_RUR,2036,0.0
RE1,AN_RESTV_RUR,2037,0.0
RE1,AN_RESTV_RUR,2038,0.0
RE1,AN_RESTV_RUR,2039,0.0
RE1,AN_RESTV_RUR,2040,0.0
RE1,AN_RESTV_RUR,2041,0.0
RE1,AN_RESTV_RUR,2042,0.0
RE1,AN_RESTV_RUR,2043,0.0
RE1,AN_RESTV_RUR,2044,0.0
RE1,AN_RESTV_RUR,2045,0.0
RE1,AN_RESTV_RUR,2046,0.0
RE1,AN_RESTV_RUR,2047,0.0
RE1,AN_RESTV_RUR,2048,0.0
RE1,AN_RESTV_RUR,2049,0.0
RE1,AN_RESTV_RUR,2050,0.0
RE1,AN_RESTV_RUR,2051,0.0
RE1,AN_RESTV_RUR,2052,0.0
RE1,AN_RESTV_RUR,2053,0.0
RE1,AN_RESTV_RUR,2054,0.0
RE1,AN_RESTV_URB,2022,0.0
RE1,AN_RESTV_URB,2023,0.0
RE1,AN_RESTV_URB,2024,0.0
RE1,AN_RESTV_URB,2025,0.0
RE1,AN_RESTV_URB,2026,0.0
RE1,AN_RESTV_URB,2027,0.0
RE1,AN_RESTV_URB,2028,0.0
RE1,AN_RESTV_URB,2029,0.0
RE1,AN_RESTV_URB,2030,0.0
RE1,AN_RESTV_URB,2031,0.0
RE1,AN_RESTV_URB,2032,0.0
RE1,AN_RESTV_URB,2033,0.0
RE1,AN_RESTV_URB,2034,0.0
RE1,AN_RESTV_URB,2035,0.0
RE1,AN_RESTV_URB,2036,0.0
RE1,AN_RESTV_URB,2037,0.0
RE1,AN_RESTV_URB,2038,0.0
RE1,AN_RESTV_URB,2039,0.0
RE1,AN_RESTV_URB,2040,0.0
RE1,AN_RESTV_URB,2041,0.0
RE1,AN_RESTV_URB,2042,0.0
RE1,AN_RESTV_URB,2043,0.0
RE1,AN_RESTV_URB,2044,0.0
RE1,AN_RESTV_URB,2045,0.0
RE1,AN_RESTV_URB,2046,0.0
RE1,AN_RESTV_URB,2047,0.0
RE1,AN_RESTV_URB,2048,0.0
RE1,AN_RESTV_URB,2049,0.0
RE1,AN_RESTV_URB,2050,0.0
RE1,AN_RESTV_URB,2051,0.0
RE1,AN_RESTV_URB,2052,0.0
RE1,AN_RESTV_URB,2053,0.0
RE1,AN_RESTV_URB,2054,0.0
RE1,AN_RESWHT_RUR,2022,0.0
RE1,AN_RESWHT_RUR,2023,0.0
RE1,AN_RESWHT_RUR,2024,0.0
RE1,AN_RESWHT_RUR,2025,0.0
RE1,AN_RESWHT_RUR,2026,0.0
RE1,AN_RESWHT_RUR,2027,0.0
RE1,AN_RESWHT_RUR,2028,0.0
RE1,AN_RESWHT_RUR,2029,0.0
RE1,AN_RESWHT_RUR,2030,0.0
RE1,AN_RESWHT_RUR,2031,0.0
RE1,AN_RESWHT_RUR,2032,0.0
RE1,AN_RESWHT_RUR,2033,0.0
RE1,AN_RESWHT_RUR,2034,0.0
RE1,AN_RESWHT_RUR,2035,0.0
RE1,AN_RESWHT_RUR,2036,0.0
RE1,AN_RESWHT_RUR,2037,0.0
RE1,AN_RESWHT_RUR,2038,0.0
RE1,AN_RESWHT_RUR,2039,0.0
RE1,AN_RESWHT_RUR,2040,0.0
RE1,AN_RESWHT_RUR,2041,0.0
RE1,AN_RESWHT_RUR,2042,0.0
RE1,AN_RESWHT_RUR,2043,0.0
RE1,AN_RESWHT_RUR,2044,0.0
RE1,AN_RESWHT_RUR,2045,0.0
RE1,AN_RESWHT_RUR,2046,0.0
RE1,AN_RESWHT_RUR,2047,0.0
RE1,AN_RESWHT_RUR,2048,0.0
RE1,AN_RESWHT_RUR,2049,0.0
RE1,AN_RESWHT_RUR,2050,0.0
RE1,AN_RESWHT_RUR,2051,0.0
RE1,AN_RESWHT_RUR,2052,0.0
RE1,AN_RESWHT_RUR,2053,0.0
RE1,AN_RESWHT_RUR,2054,0.0
RE1,AN_RESWHT_URB,2022,0.0
RE1,AN_RESWHT_URB,2023,0.0
RE1,AN_RESWHT_URB,2024,0.0
RE1,AN_RESWHT_URB,2025,0.0
RE1,AN_RESWHT_URB,2026,0.0
RE1,AN_RESWHT_URB,2027,0.0
RE1,AN_RESWHT_URB,2028,0.0
RE1,AN_RESWHT_URB,2029,0.0
RE1,AN_RESWHT_URB,2030,0.0
RE1,AN_RESWHT_URB,2031,0.0
RE1,AN_RESWHT_URB,2032,0.0
RE1,AN_RESWHT_URB,2033,0.0
RE1,AN_RESWHT_URB,2034,0.0
RE1,AN_RESWHT_URB,2035,0.0
RE1,AN_RESWHT_URB,2036,0.0
RE1,AN_RESWHT_URB,2037,0.0
RE1,AN_RESWHT_URB,2038,0.0
RE1,AN_RESWHT_URB,2039,0.0
RE1,AN_RESWHT_URB,2040,0.0
RE1,AN_RESWHT_URB,2041,0.0
RE1,AN_RESWHT_URB,2042,0.0
RE1,AN_RESWHT_URB,2043,0.0
RE1,AN_RESWHT_URB,2044,0.0
RE1,AN_RESWHT_URB,2045,0.0
RE1,AN_RESWHT_URB,2046,0.0
RE1,AN_RESWHT_URB,2047,0.0
RE1,AN_RESWHT_URB,2048,0.0
RE1,AN_RESWHT_URB,2049,0.0
RE1,AN_RESWHT_URB,2050,0.0
RE1,AN_RESWHT_URB,2051,0.0
RE1,AN_RESWHT_URB,2052,0.0
RE1,AN_RESWHT_URB,2053,0.0
RE1,AN_RESWHT_URB,2054,0.0
RE1,AN_RESWSH_RUR,2022,0.0
RE1,AN_RESWSH_RUR,2023,0.0
RE1,AN_RESWSH_RUR,2024,0.0
RE1,AN_RESWSH_RUR,2025,0.0
RE1,AN_RESWSH_RUR,2026,0.0
RE1,AN_RESWSH_RUR,2027,0.0
RE1,AN_RESWSH_RUR,2028,0.0
RE1,AN_RESWSH_RUR,2029,0.0
RE1,AN_RESWSH_RUR,2030,0.0
RE1,AN_RESWSH_RUR,2031,0.0
RE1,AN_RESWSH_RUR,2032,0.0
RE1,AN_RESWSH_RUR,2033,0.0
RE1,AN_RESWSH_RUR,2034,0.0
RE1,AN_RESWSH_RUR,2035,0.0
RE1,AN_RESWSH_RUR,2036,0.0
RE1,AN_RESWSH_RUR,2037,0.0
RE1,AN_RESWSH_RUR,2038,0.0
RE1,AN_RESWSH_RUR,2039,0.0
RE1,AN_RESWSH_RUR,2040,0.0
RE1,AN_RESWSH_RUR,2041,0.0
RE1,AN_RESWSH_RUR,2042,0.0
RE1,AN_RESWSH_RUR,2043,0.0
RE1,AN_RESWSH_RUR,2044,0.0
RE1,AN_RESWSH_RUR,2045,0.0
RE1,AN_RESWSH_RUR,2046,0.0
RE1,AN_RESWSH_RUR,2047,0.0
RE1,AN_RESWSH_RUR,2048,0.0
RE1,AN_RESWSH_RUR,2049,0.0
RE1,AN_RESWSH_RUR,2050,0.0
RE1,AN_RESWSH_RUR,2051,0.0
RE1,AN_RESWSH_RUR,2052,0.0
RE1,AN_RESWSH_RUR,2053,0.0
RE1,AN_RESWSH_RUR,2054,0.0
RE1,AN_RESWSH_URB,2022,0.0
RE1,AN_RESWSH_URB,2023,0.0
RE1,AN_RESWSH_URB,2024,0.0
RE1,AN_RESWSH_URB,2025,0.0
RE1,AN_RESWSH_URB,2026,0.0
RE1,AN_RESWSH_URB,2027,0.0
RE1,AN_RESWSH_URB,2028,0.0
RE1,AN_RESWSH_URB,2029,0.0
RE1,AN_RESWSH_URB,2030,0.0
RE1,AN_RESWSH_URB,2031,0.0
RE1,AN_RESWSH_URB,2032,0.0
RE1,AN_RESWSH_URB,2033,0.0
RE1,AN_RESWSH_URB,2034,0.0
RE1,AN_RESWSH_URB,2035,0.0
RE1,AN_RESWSH_URB,2036,0.0
RE1,AN_RESWSH_URB,2037,0.0
RE1,AN_RESWSH_URB,2038,0.0
RE1,AN_RESWSH_URB,2039,0.0
RE1,AN_RESWSH_URB,2040,0.0
RE1,AN_RESWSH_URB,2041,0.0
RE1,AN_RESWSH_URB,2042,0.0
RE1,AN_RESWSH_URB,2043,0.0
RE1,AN_RESWSH_URB,2044,0.0
RE1,AN_RESWSH_URB,2045,0.0
RE1,AN_RESWSH_URB,2046,0.0
RE1,AN_RESWSH_URB,2047,0.0
RE1,AN_RESWSH_URB,2048,0.0
RE1,AN_RESWSH_URB,2049,0.0
RE1,AN_RESWSH_URB,2050,0.0
RE1,AN_RESWSH_URB,2051,0.0
RE1,AN_RESWSH_URB,2052,0.0
RE1,AN_RESWSH_URB,2053,0.0
RE1,AN_RESWSH_URB,2054,0.0
RE1,AN_TERCLIM_CEN,2022,0.0
RE1,AN_TERCLIM_CEN,2023,0.0
RE1,AN_TERCLIM_CEN,2024,0.0
RE1,AN_TERCLIM_CEN,2025,0.0
RE1,AN_TERCLIM_CEN,2026,0.0
RE1,AN_TERCLIM_CEN,2027,0.0
RE1,AN_TERCLIM_CEN,2028,0.0
RE1,AN_TERCLIM_CEN,2029,0.0
RE1,AN_TERCLIM_CEN,2030,0.0
RE1,AN_TERCLIM_CEN,2031,0.0
RE1,AN_TERCLIM_CEN,2032,0.0
RE1,AN_TERCLIM_CEN,2033,0.0
RE1,AN_TERCLIM_CEN,2034,0.0
RE1,AN_TERCLIM_CEN,2035,0.0
RE1,AN_TERCLIM_CEN,2036,0.0
RE1,AN_TERCLIM_CEN,2037,0.0
RE1,AN_TERCLIM_CEN,2038,0.0
RE1,AN_TERCLIM_CEN,2039,0.0
RE1,AN_TERCLIM_CEN,2040,0.0
RE1,AN_TERCLIM_CEN,2041,0.0
RE1,AN_TERCLIM_CEN,2042,0.0
RE1,AN_TERCLIM_CEN,2043,0.0
RE1,AN_TERCLIM_CEN,2044,0.0
RE1,AN_TERCLIM_CEN,2045,0.0
RE1,AN_TERCLIM_CEN,2046,0.0
RE1,AN_TERCLIM_CEN,2047,0.0
RE1,AN_TERCLIM_CEN,2048,0.0
RE1,AN_TERCLIM_CEN,2049,0.0
RE1,AN_TERCLIM_CEN,2050,0.0
RE1,AN_TERCLIM_CEN,2051,0.0
RE1,AN_TERCLIM_CEN,2052,0.0
RE1,AN_TERCLIM_CEN,2053,0.0
RE1,AN_TERCLIM_CEN,2054,0.0
RE1,AN_TERCLIM_FAN,2022,0.0
RE1,AN_TERCLIM_FAN,2023,0.0
RE1,AN_TERCLIM_FAN,2024,0.0
RE1,AN_TERCLIM_FAN,2025,0.0
RE1,AN_TERCLIM_FAN,2026,0.0
RE1,AN_TERCLIM_FAN,2027,0.0
RE1,AN_TERCLIM_FAN,2028,0.0
RE1,AN_TERCLIM_FAN,2029,0.0
RE1,AN_TERCLIM_FAN,2030,0.0
RE1,AN_TERCLIM_FAN,2031,0.0
RE1,AN_TERCLIM_FAN,2032,0.0
RE1,AN_TERCLIM_FAN,2033,0.0
RE1,AN_TERCLIM_FAN,2034,0.0
RE1,AN_TERCLIM_FAN,2035,0.0
RE1,AN_TERCLIM_FAN,2036,0.0
RE1,AN_TERCLIM_FAN,2037,0.0
RE1,AN_TERCLIM_FAN,2038,0.0
RE1,AN_TERCLIM_FAN,2039,0.0
RE1,AN_TERCLIM_FAN,2040,0.0
RE1,AN_TERCLIM_FAN,2041,0.0
RE1,AN_TERCLIM_FAN,2042,0.0
RE1,AN_TERCLIM_FAN,2043,0.0
RE1,AN_TERCLIM_FAN,2044,0.0
RE1,AN_TERCLIM_FAN,2045,0.0
RE1,AN_TERCLIM_FAN,2046,0.0
RE1,AN_TERCLIM_FAN,2047,0.0
RE1,AN_TERCLIM_FAN,2048,0.0
RE1,AN_TERCLIM_FAN,2049,0.0
RE1,AN_TERCLIM_FAN,2050,0.0
RE1,AN_TERCLIM_FAN,2051,0.0
RE1,AN_TERCLIM_FAN,2052,0.0
RE1,AN_TERCLIM_FAN,2053,0.0
RE1,AN_TERCLIM_FAN,2054,0.0
RE1,AN_TERCLIM_SPL,2022,0.0
RE1,AN_TERCLIM_SPL,2023,0.0
RE1,AN_TERCLIM_SPL,2024,0.0
RE1,AN_TERCLIM_SPL,2025,0.0
RE1,AN_TERCLIM_SPL,2026,0.0
RE1,AN_TERCLIM_SPL,2027,0.0
RE1,AN_TERCLIM_SPL,2028,0.0
RE1,AN_TERCLIM_SPL,2029,0.0
RE1,AN_TERCLIM_SPL,2030,0.0
RE1,AN_TERCLIM_SPL,2031,0.0
RE1,AN_TERCLIM_SPL,2032,0.0
RE1,AN_TERCLIM_SPL,2033,0.0
RE1,AN_TERCLIM_SPL,2034,0.0
RE1,AN_TERCLIM_SPL,2035,0.0
RE1,AN_TERCLIM_SPL,2036,0.0
RE1,AN_TERCLIM_SPL,2037,0.0
RE1,AN_TERCLIM_SPL,2038,0.0
RE1,AN_TERCLIM_SPL,2039,0.0
RE1,AN_TERCLIM_SPL,2040,0.0
RE1,AN_TERCLIM_SPL,2041,0.0
RE1,AN_TERCLIM_SPL,2042,0.0
RE1,AN_TERCLIM_SPL,2043,0.0
RE1,AN_TERCLIM_SPL,2044,0.0
RE1,AN_TERCLIM_SPL,2045,0.0
RE1,AN_TERCLIM_SPL,2046,0.0
RE1,AN_TERCLIM_SPL,2047,0.0
RE1,AN_TERCLIM_SPL,2048,0.0
RE1,AN_TERCLIM_SPL,2049,0.0
RE1,AN_TERCLIM_SPL,2050,0.0
RE1,AN_TERCLIM_SPL,2051,0.0
RE1,AN_TERCLIM_SPL,2052,0.0
RE1,AN_TERCLIM_SPL,2053,0.0
RE1,AN_TERCLIM_SPL,2054,0.0
RE1,AN_TERDATA,2022,0.0
RE1,AN_TERDATA,2023,0.0
RE1,AN_TERDATA,2024,0.0
RE1,AN_TERDATA,2025,0.0
RE1,AN_TERDATA,2026,0.0
RE1,AN_TERDATA,2027,0.0
RE1,AN_TERDATA,2028,0.0
RE1,AN_TERDATA,2029,0.0
RE1,AN_TERDATA,2030,0.0
RE1,AN_TERDATA,2031,0.0
RE1,AN_TERDATA,2032,0.0
RE1,AN_TERDATA,2033,0.0
RE1,AN_TERDATA,2034,0.0
RE1,AN_TERDATA,2035,0.0
RE1,AN_TERDATA,2036,0.0
RE1,AN_TERDATA,2037,0.0
RE1,AN_TERDATA,2038,0.0
RE1,AN_TERDATA,2039,0.0
RE1,AN_TERDATA,2040,0.0
RE1,AN_TERDATA,2041,0.0
RE1,AN_TERDATA,2042,0.0
RE1,AN_TERDATA,2043,0.0
RE1,AN_TERDATA,2044,0.0
RE1,AN_TERDATA,2045,0.0
RE1,AN_TERDATA,2046,0.0
RE1,AN_TERDATA,2047,0.0
RE1,AN_TERDATA,2048,0.0
RE1,AN_TERDATA,2049,0.0
RE1,AN_TERDATA,2050,0.0
RE1,AN_TERDATA,2051,0.0
RE1,AN_TERDATA,2052,0.0
RE1,AN_TERDATA,2053,0.0
RE1,AN_TERDATA,2054,0.0
RE1,AN_TERDHT,2022,0.0
RE1,AN_TERDHT,2023,0.0
RE1,AN_TERDHT,2024,0.0
RE1,AN_TERDHT,2025,0.0
RE1,AN_TERDHT,2026,0.0
RE1,AN_TERDHT,2027,0.0
RE1,AN_TERDHT,2028,0.0
RE1,AN_TERDHT,2029,0.0
RE1,AN_TERDHT,2030,0.0
RE1,AN_TERDHT,2031,0.0
RE1,AN_TERDHT,2032,0.0
RE1,AN_TERDHT,2033,0.0
RE1,AN_TERDHT,2034,0.0
RE1,AN_TERDHT,2035,0.0
RE1,AN_TERDHT,2036,0.0
RE1,AN_TERDHT,2037,0.0
RE1,AN_TERDHT,2038,0.0
RE1,AN_TERDHT,2039,0.0
RE1,AN_TERDHT,2040,0.0
RE1,AN_TERDHT,2041,0.0
RE1,AN_TERDHT,2042,0.0
RE1,AN_TERDHT,2043,0.0
RE1,AN_TERDHT,2044,0.0
RE1,AN_TERDHT,2045,0.0
RE1,AN_TERDHT,2046,0.0
RE1,AN_TERDHT,2047,0.0
RE1,AN_TERDHT,2048,0.0
RE1,AN_TERDHT,2049,0.0
RE1,AN_TERDHT,2050,0.0
RE1,AN_TERDHT,2051,0.0
RE1,AN_TERDHT,2052,0.0
RE1,AN_TERDHT,2053,0.0
RE1,AN_TERDHT,2054,0.0
RE1,AN_TERIHT,2022,0.0
RE1,AN_TERIHT,2023,0.0
RE1,AN_TERIHT,2024,0.0
RE1,AN_TERIHT,2025,0.0
RE1,AN_TERIHT,2026,0.0
RE1,AN_TERIHT,2027,0.0
RE1,AN_TERIHT,2028,0.0
RE1,AN_TERIHT,2029,0.0
RE1,AN_TERIHT,2030,0.0
RE1,AN_TERIHT,2031,0.0
RE1,AN_TERIHT,2032,0.0
RE1,AN_TERIHT,2033,0.0
RE1,AN_TERIHT,2034,0.0
RE1,AN_TERIHT,2035,0.0
RE1,AN_TERIHT,2036,0.0
RE1,AN_TERIHT,2037,0.0
RE1,AN_TERIHT,2038,0.0
RE1,AN_TERIHT,2039,0.0
RE1,AN_TERIHT,2040,0.0
RE1,AN_TERIHT,2041,0.0
RE1,AN_TERIHT,2042,0.0
RE1,AN_TERIHT,2043,0.0
RE1,AN_TERIHT,2044,0.0
RE1,AN_TERIHT,2045,0.0
RE1,AN_TERIHT,2046,0.0
RE1,AN_TERIHT,2047,0.0
RE1,AN_TERIHT,2048,0.0
RE1,AN_TERIHT,2049,0.0
RE1,AN_TERIHT,2050,0.0
RE1,AN_TERIHT,2051,0.0
RE1,AN_TERIHT,2052,0.0
RE1,AN_TERIHT,2053,0.0
RE1,AN_TERIHT,2054,0.0
RE1,AN_TERILU,2022,0.0
RE1,AN_TERILU,2023,0.0
RE1,AN_TERILU,2024,0.0
RE1,AN_TERILU,2025,0.0
RE1,AN_TERILU,2026,0.0
RE1,AN_TERILU,2027,0.0
RE1,AN_TERILU,2028,0.0
RE1,AN_TERILU,2029,0.0
RE1,AN_TERILU,2030,0.0
RE1,AN_TERILU,2031,0.0
RE1,AN_TERILU,2032,0.0
RE1,AN_TERILU,2033,0.0
RE1,AN_TERILU,2034,0.0
RE1,AN_TERILU,2035,0.0
RE1,AN_TERILU,2036,0.0
RE1,AN_TERILU,2037,0.0
RE1,AN_TERILU,2038,0.0
RE1,AN_TERILU,2039,0.0
RE1,AN_TERILU,2040,0.0
RE1,AN_TERILU,2041,0.0
RE1,AN_TERILU,2042,0.0
RE1,AN_TERILU,2043,0.0
RE1,AN_TERILU,2044,0.0
RE1,AN_TERILU,2045,0.0
RE1,AN_TERILU,2046,0.0
RE1,AN_TERILU,2047,0.0
RE1,AN_TERILU,2048,0.0
RE1,AN_TERILU,2049,0.0
RE1,AN_TERILU,2050,0.0
RE1,AN_TERILU,2051,0.0
RE1,AN_TERILU,2052,0.0
RE1,AN_TERILU,2053,0.0
RE1,AN_TERILU,2054,0.0
RE1,AN_TERMPW,2022,0.0
RE1,AN_TERMPW,2023,0.0
RE1,AN_TERMPW,2024,0.0
RE1,AN_TERMPW,2025,0.0
RE1,AN_TERMPW,2026,0.0
RE1,AN_TERMPW,2027,0.0
RE1,AN_TERMPW,2028,0.0
RE1,AN_TERMPW,2029,0.0
RE1,AN_TERMPW,2030,0.0
RE1,AN_TERMPW,2031,0.0
RE1,AN_TERMPW,2032,0.0
RE1,AN_TERMPW,2033,0.0
RE1,AN_TERMPW,2034,0.0
RE1,AN_TERMPW,2035,0.0
RE1,AN_TERMPW,2036,0.0
RE1,AN_TERMPW,2037,0.0
RE1,AN_TERMPW,2038,0.0
RE1,AN_TERMPW,2039,0.0
RE1,AN_TERMPW,2040,0.0
RE1,AN_TERMPW,2041,0.0
RE1,AN_TERMPW,2042,0.0
RE1,AN_TERMPW,2043,0.0
RE1,AN_TERMPW,2044,0.0
RE1,AN_TERMPW,2045,0.0
RE1,AN_TERMPW,2046,0.0
RE1,AN_TERMPW,2047,0.0
RE1,AN_TERMPW,2048,0.0
RE1,AN_TERMPW,2049,0.0
RE1,AN_TERMPW,2050,0.0
RE1,AN_TERMPW,2051,0.0
RE1,AN_TERMPW,2052,0.0
RE1,AN_TERMPW,2053,0.0
RE1,AN_TERMPW,2054,0.0
RE1,AN_TEROTH,2022,0.0
RE1,AN_TEROTH,2023,0.0
RE1,AN_TEROTH,2024,0.0
RE1,AN_TEROTH,2025,0.0
RE1,AN_TEROTH,2026,0.0
RE1,AN_TEROTH,2027,0.0
RE1,AN_TEROTH,2028,0.0
RE1,AN_TEROTH,2029,0.0
RE1,AN_TEROTH,2030,0.0
RE1,AN_TEROTH,2031,0.0
RE1,AN_TEROTH,2032,0.0
RE1,AN_TEROTH,2033,0.0
RE1,AN_TEROTH,2034,0.0
RE1,AN_TEROTH,2035,0.0
RE1,AN_TEROTH,2036,0.0
RE1,AN_TEROTH,2037,0.0
RE1,AN_TEROTH,2038,0.0
RE1,AN_TEROTH,2039,0.0
RE1,AN_TEROTH,2040,0.0
RE1,AN_TEROTH,2041,0.0
RE1,AN_TEROTH,2042,0.0
RE1,AN_TEROTH,2043,0.0
RE1,AN_TEROTH,2044,0.0
RE1,AN_TEROTH,2045,0.0
RE1,AN_TEROTH,2046,0.0
RE1,AN_TEROTH,2047,0.0
RE1,AN_TEROTH,2048,0.0
RE1,AN_TEROTH,2049,0.0
RE1,AN_TEROTH,2050,0.0
RE1,AN_TEROTH,2051,0.0
RE1,AN_TEROTH,2052,0.0
RE1,AN_TEROTH,2053,0.0
RE1,AN_TEROTH,2054,0.0
RE1,AN_TERREF_AUC,2022,0.0
RE1,AN_TERREF_AUC,2023,0.0
RE1,AN_TERREF_AUC,2024,0.0
RE1,AN_TERREF_AUC,2025,0.0
RE1,AN_TERREF_AUC,2026,0.0
RE1,AN_TERREF_AUC,2027,0.0
RE1,AN_TERREF_AUC,2028,0.0
RE1,AN_TERREF_AUC,2029,0.0
RE1,AN_TERREF_AUC,2030,0.0
RE1,AN_TERREF_AUC,2031,0.0
RE1,AN_TERREF_AUC,2032,0.0
RE1,AN_TERREF_AUC,2033,0.0
RE1,AN_TERREF_AUC,2034,0.0
RE1,AN_TERREF_AUC,2035,0.0
RE1,AN_TERREF_AUC,2036,0.0
RE1,AN_TERREF_AUC,2037,0.0
RE1,AN_TERREF_AUC,2038,0.0
RE1,AN_TERREF_AUC,2039,0.0
RE1,AN_TERREF_AUC,2040,0.0
RE1,AN_TERREF_AUC,2041,0.0
RE1,AN_TERREF_AUC,2042,0.0
RE1,AN_TERREF_AUC,2043,0.0
RE1,AN_TERREF_AUC,2044,0.0
RE1,AN_TERREF_AUC,2045,0.0
RE1,AN_TERREF_AUC,2046,0.0
RE1,AN_TERREF_AUC,2047,0.0
RE1,AN_TERREF_AUC,2048,0.0
RE1,AN_TERREF_AUC,2049,0.0
RE1,AN_TERREF_AUC,2050,0.0
RE1,AN_TERREF_AUC,2051,0.0
RE1,AN_TERREF_AUC,2052,0.0
RE1,AN_TERREF_AUC,2053,0.0
RE1,AN_TERREF_AUC,2054,0.0
RE1,AN_TERREF_CEN,2022,0.0
RE1,AN_TERREF_CEN,2023,0.0
RE1,AN_TERREF_CEN,2024,0.0
RE1,AN_TERREF_CEN,2025,0.0
RE1,AN_TERREF_CEN,2026,0.0
RE1,AN_TERREF_CEN,2027,0.0
RE1,AN_TERREF_CEN,2028,0.0
RE1,AN_TERREF_CEN,2029,0.0
RE1,AN_TERREF_CEN,2030,0.0
RE1,AN_TERREF_CEN,2031,0.0
RE1,AN_TERREF_CEN,2032,0.0
RE1,AN_TERREF_CEN,2033,0.0
RE1,AN_TERREF_CEN,2034,0.0
RE1,AN_TERREF_CEN,2035,0.0
RE1,AN_TERREF_CEN,2036,0.0
RE1,AN_TERREF_CEN,2037,0.0
RE1,AN_TERREF_CEN,2038,0.0
RE1,AN_TERREF_CEN,2039,0.0
RE1,AN_TERREF_CEN,2040,0.0
RE1,AN_TERREF_CEN,2041,0.0
RE1,AN_TERREF_CEN,2042,0.0
RE1,AN_TERREF_CEN,2043,0.0
RE1,AN_TERREF_CEN,2044,0.0
RE1,AN_TERREF_CEN,2045,0.0
RE1,AN_TERREF_CEN,2046,0.0
RE1,AN_TERREF_CEN,2047,0.0
RE1,AN_TERREF_CEN,2048,0.0
RE1,AN_TERREF_CEN,2049,0.0
RE1,AN_TERREF_CEN,2050,0.0
RE1,AN_TERREF_CEN,2051,0.0
RE1,AN_TERREF_CEN,2052,0.0
RE1,AN_TERREF_CEN,2053,0.0
RE1,AN_TERREF_CEN,2054,0.0
RE1,AN_TRAAVI,2022,12.14738441425151
RE1,AN_TRAAVI,2023,13.27810655494466
RE1,AN_TRAAVI,2024,13.69456952151281
RE1,AN_TRAAVI,2025,14.01937047375495
RE1,AN_TRAAVI,2026,14.4537088047767
RE1,AN_TRAAVI,2027,14.88804713579845
RE1,AN_TRAAVI,2028,15.27027967149797
RE1,AN_TRAAVI,2029,15.65669539930363
RE1,AN_TRAAVI,2030,16.0495776132734
RE1,AN_TRAAVI,2031,16.44892441540721
RE1,AN_TRAAVI,2032,16.85587840173405
RE1,AN_TRAAVI,2033,17.26853777620568
RE1,AN_TRAAVI,2034,17.68766173884135
RE1,AN_TRAAVI,2035,18.11363178765075
RE1,AN_TRAAVI,2036,18.54682942064355
RE1,AN_TRAAVI,2037,18.98573244178113
RE1,AN_TRAAVI,2038,19.43109815308271
RE1,AN_TRAAVI,2039,19.88293604454854
RE1,AN_TRAAVI,2040,20.34274553621664
RE1,AN_TRAAVI,2041,20.97992313238563
RE1,AN_TRAAVI,2042,21.43836606401906
RE1,AN_TRAAVI,2043,21.89682797565297
RE1,AN_TRAAVI,2044,22.3552709072864
RE1,AN_TRAAVI,2045,22.81371383891983
RE1,AN_TRAAVI,2046,23.27217575055374
RE1,AN_TRAAVI,2047,23.73061868218717
RE1,AN_TRAAVI,2048,24.18906161382059
RE1,AN_TRAAVI,2049,24.6475235254545
RE1,AN_TRAAVI,2050,25.10596645708793
RE1,AN_TRAAVI,2051,25.56440938872136
RE1,AN_TRAAVI,2052,26.02287130035527
RE1,AN_TRAAVI,2053,26.4813142319887
RE1,AN_TRAAVI,2054,26.93977614362261
RE1,AN_TRABUS,2022,2.519481620551814
RE1,AN_TRABUS,2023,2.976101825753219
RE1,AN_TRABUS,2024,3.553426053628828
RE1,AN_TRABUS,2025,3.63277818235203
RE1,AN_TRABUS,2026,3.715497564241645
RE1,AN_TRABUS,2027,3.808007764759809
RE1,AN_TRABUS,2028,3.899171643409421
RE1,AN_TRABUS,2029,4.013461067807219
RE1,AN_TRABUS,2030,4.170806523760438
RE1,AN_TRABUS,2031,4.413110484822665
RE1,AN_TRABUS,2032,4.734232120289707
RE1,AN_TRABUS,2033,5.102800043812799
RE1,AN_TRABUS,2034,5.337429847164154
RE1,AN_TRABUS,2035,5.753343941595129
RE1,AN_TRABUS,2036,6.134351700793235
RE1,AN_TRABUS,2037,6.556432291011483
RE1,AN_TRABUS,2038,7.00169711726694
RE1,AN_TRABUS,2039,7.501372608939499
RE1,AN_TRABUS,2040,7.831296149576607
RE1,AN_TRABUS,2041,8.25669238238458
RE1,AN_TRABUS,2042,8.70405745029318
RE1,AN_TRABUS,2043,9.283870012498504
RE1,AN_TRABUS,2044,9.591775864860278
RE1,AN_TRABUS,2045,10.01689004998807
RE1,AN_TRABUS,2046,10.2749242994903
RE1,AN_TRABUS,2047,10.77345985278991
RE1,AN_TRABUS,2048,11.1053764297337
RE1,AN_TRABUS,2049,11.41514723878012
RE1,AN_TRABUS,2050,11.68737368308596
RE1,AN_TRABUS,2051,11.93703387242025
RE1,AN_TRABUS,2052,12.18666239296646
RE1,AN_TRABUS,2053,12.03048426492341
RE1,AN_TRABUS,2054,11.87927477164177
RE1,AN_TRAFWD,2022,2.781714321754617
RE1,AN_TRAFWD,2023,2.633051848209228
RE1,AN_TRAFWD,2024,2.426414545125539
RE1,AN_TRAFWD,2025,2.560831959383887
RE1,AN_TRAFWD,2026,2.693964842802528
RE1,AN_TRAFWD,2027,2.817180312576435
RE1,AN_TRAFWD,2028,2.935585445700727
RE1,AN_TRAFWD,2029,3.059916160736009
RE1,AN_TRAFWD,2030,3.196989615708701
RE1,AN_TRAFWD,2031,3.330309754773676
RE1,AN_TRAFWD,2032,3.507756118015918
RE1,AN_TRAFWD,2033,3.712642745086147
RE1,AN_TRAFWD,2034,3.890242234839722
RE1,AN_TRAFWD,2035,4.07242675228424
RE1,AN_TRAFWD,2036,4.27395912766151
RE1,AN_TRAFWD,2037,4.483840780335848
RE1,AN_TRAFWD,2038,4.704125147122842
RE1,AN_TRAFWD,2039,4.909030450538266
RE1,AN_TRAFWD,2040,5.106368539405092
RE1,AN_TRAFWD,2041,5.317586730958301
RE1,AN_TRAFWD,2042,5.573299759542302
RE1,AN_TRAFWD,2043,5.831586579716971
RE1,AN_TRAFWD,2044,6.115527125429733
RE1,AN_TRAFWD,2045,6.384822380438041
RE1,AN_TRAFWD,2046,6.637581756451945
RE1,AN_TRAFWD,2047,6.941454447335442
RE1,AN_TRAFWD,2048,7.215873376312572
RE1,AN_TRAFWD,2049,7.505357569687076
RE1,AN_TRAFWD,2050,7.837728133693462
RE1,AN_TRAFWD,2051,8.116363622929855
RE1,AN_TRAFWD,2052,8.340231598249995
RE1,AN_TRAFWD,2053,8.581502586522136
RE1,AN_TRAFWD,2054,8.775531808438307
RE1,AN_TRALDV,2022,2.476325187175913
RE1,AN_TRALDV,2023,2.395038758542773
RE1,AN_TRALDV,2024,2.199482377736317
RE1,AN_TRALDV,2025,2.236633519180774
RE1,AN_TRALDV,2026,2.270491738160233
RE1,AN_TRALDV,2027,2.302108953525669
RE1,AN_TRALDV,2028,2.330036748314095
RE1,AN_TRALDV,2029,2.358700739215321
RE1,AN_TRALDV,2030,2.380803462048791
RE1,AN_TRALDV,2031,2.408010853594256
RE1,AN_TRALDV,2032,2.438950942238504
RE1,AN_TRALDV,2033,2.462459443633366
RE1,AN_TRALDV,2034,2.482931162562743
RE1,AN_TRALDV,2035,2.505867446345843
RE1,AN_TRALDV,2036,2.528892591430154
RE1,AN_TRALDV,2037,2.554400168237235
RE1,AN_TRALDV,2038,2.578229787919462
RE1,AN_TRALDV,2039,2.60111715790031
RE1,AN_TRALDV,2040,2.617963076817497
RE1,AN_TRALDV,2041,2.638081925277151
RE1,AN_TRALDV,2042,2.651829934701018
RE1,AN_TRALDV,2043,2.667506372778915
RE1,AN_TRALDV,2044,2.664701204517468
RE1,AN_TRALDV,2045,2.657157279698384
RE1,AN_TRALDV,2046,2.634666634968224
RE1,AN_TRALDV,2047,2.615492362423093
RE1,AN_TRALDV,2048,2.575846781692737
RE1,AN_TRALDV,2049,2.526629488868844
RE1,AN_TRALDV,2050,2.46487850228597
RE1,AN_TRALDV,2051,2.392600832174022
RE1,AN_TRALDV,2052,2.31493073214075
RE1,AN_TRALDV,2053,2.201636165635923
RE1,AN_TRALDV,2054,2.088850737203854
RE1,AN_TRAMAS,2022,0.0
RE1,AN_TRAMAS,2023,0.0
RE1,AN_TRAMAS,2024,0.0
RE1,AN_TRAMAS,2025,0.0
RE1,AN_TRAMAS,2026,0.0
RE1,AN_TRAMAS,2027,0.0
RE1,AN_TRAMAS,2028,0.0
RE1,AN_TRAMAS,2029,0.0
RE1,AN_TRAMAS,2030,0.0
RE1,AN_TRAMAS,2031,0.0
RE1,AN_TRAMAS,2032,0.0
RE1,AN_TRAMAS,2033,0.0
RE1,AN_TRAMAS,2034,0.0
RE1,AN_TRAMAS,2035,0.0
RE1,AN_TRAMAS,2036,0.0
RE1,AN_TRAMAS,2037,0.0
RE1,AN_TRAMAS,2038,0.0
RE1,AN_TRAMAS,2039,0.0
RE1,AN_TRAMAS,2040,0.0
RE1,AN_TRAMAS,2041,0.0
RE1,AN_TRAMAS,2042,0.0
RE1,AN_TRAMAS,2043,0.0
RE1,AN_TRAMAS,2044,0.0
RE1,AN_TRAMAS,2045,0.0
RE1,AN_TRAMAS,2046,0.0
RE1,AN_TRAMAS,2047,0.0
RE1,AN_TRAMAS,2048,0.0
RE1,AN_TRAMAS,2049,0.0
RE1,AN_TRAMAS,2050,0.0
RE1,AN_TRAMAS,2051,0.0
RE1,AN_TRAMAS,2052,0.0
RE1,AN_TRAMAS,2053,0.0
RE1,AN_TRAMAS,2054,0.0
RE1,AN_TRAMET,2022,0.0
RE1,AN_TRAMET,2023,0.0
RE1,AN_TRAMET,2024,0.0
RE1,AN_TRAMET,2025,0.0
RE1,AN_TRAMET,2026,0.0
RE1,AN_TRAMET,2027,0.0
RE1,AN_TRAMET,2028,0.0
RE1,AN_TRAMET,2029,0.0
RE1,AN_TRAMET,2030,0.0
RE1,AN_TRAMET,2031,0.0
RE1,AN_TRAMET,2032,0.0
RE1,AN_TRAMET,2033,0.0
RE1,AN_TRAMET,2034,0.0
RE1,AN_TRAMET,2035,0.0
RE1,AN_TRAMET,2036,0.0
RE1,AN_TRAMET,2037,0.0
RE1,AN_TRAMET,2038,0.0
RE1,AN_TRAMET,2039,0.0
RE1,AN_TRAMET,2040,0.0
RE1,AN_TRAMET,2041,0.0
RE1,AN_TRAMET,2042,0.0
RE1,AN_TRAMET,2043,0.0
RE1,AN_TRAMET,2044,0.0
RE1,AN_TRAMET,2045,0.0
RE1,AN_TRAMET,2046,0.0
RE1,AN_TRAMET,2047,0.0
RE1,AN_TRAMET,2048,0.0
RE1,AN_TRAMET,2049,0.0
RE1,AN_TRAMET,2050,0.0
RE1,AN_TRAMET,2051,0.0
RE1,AN_TRAMET,2052,0.0
RE1,AN_TRAMET,2053,0.0
RE1,AN_TRAMET,2054,0.0
RE1,AN_TRAMIC,2022,0.4055006201046064
RE1,AN_TRAMIC,2023,0.463158609793853
RE1,AN_TRAMIC,2024,0.4661801850661236
RE1,AN_TRAMIC,2025,0.4658161004305462
RE1,AN_TRAMIC,2026,0.4656316217712286
RE1,AN_TRAMIC,2027,0.465343140983786
RE1,AN_TRAMIC,2028,0.4649632249462028
RE1,AN_TRAMIC,2029,0.4645100394250132
RE1,AN_TRAMIC,2030,0.4640286720477553
RE1,AN_TRAMIC,2031,0.463523090869872
RE1,AN_TRAMIC,2032,0.4631017122027083
RE1,AN_TRAMIC,2033,0.4627920835036538
RE1,AN_TRAMIC,2034,0.4625080607080054
RE1,AN_TRAMIC,2035,0.4627334171912432
RE1,AN_TRAMIC,2036,0.4635857930287389
RE1,AN_TRAMIC,2037,0.4657248756960675
RE1,AN_TRAMIC,2038,0.4695607849755112
RE1,AN_TRAMIC,2039,0.4760431263510709
RE1,AN_TRAMIC,2040,0.4855138966048893
RE1,AN_TRAMIC,2041,0.5005486966069609
RE1,AN_TRAMIC,2042,0.5190033014790935
RE1,AN_TRAMIC,2043,0.5443754863759355
RE1,AN_TRAMIC,2044,0.5704852583874046
RE1,AN_TRAMIC,2045,0.6003674455826695
RE1,AN_TRAMIC,2046,0.6272633121024884
RE1,AN_TRAMIC,2047,0.6627772540807016
RE1,AN_TRAMIC,2048,0.6924349594858561
RE1,AN_TRAMIC,2049,0.7203993501210963
RE1,AN_TRAMIC,2050,0.7462070639170714
RE1,AN_TRAMIC,2051,0.7711613014021903
RE1,AN_TRAMIC,2052,0.7965692461809174
RE1,AN_TRAMIC,2053,0.8010100716918632
RE1,AN_TRAMIC,2054,0.804744150427584
RE1,AN_TRAMRT,2022,0.8500530816312172
RE1,AN_TRAMRT,2023,0.8779145987801228
RE1,AN_TRAMRT,2024,0.9077237127493201
RE1,AN_TRAMRT,2025,0.9401363885789549
RE1,AN_TRAMRT,2026,0.9782309722802031
RE1,AN_TRAMRT,2027,1.012333959507699
RE1,AN_TRAMRT,2028,1.045067096933591
RE1,AN_TRAMRT,2029,1.078487529514853
RE1,AN_TRAMRT,2030,1.112141721125779
RE1,AN_TRAMRT,2031,1.146057459239946
RE1,AN_TRAMRT,2032,1.180914780753403
RE1,AN_TRAMRT,2033,1.216664897724135
RE1,AN_TRAMRT,2034,1.253443088278907
RE1,AN_TRAMRT,2035,1.291409280707428
RE1,AN_TRAMRT,2036,1.330042651201604
RE1,AN_TRAMRT,2037,1.369816725138056
RE1,AN_TRAMRT,2038,1.410735015869504
RE1,AN_TRAMRT,2039,1.452827461374676
RE1,AN_TRAMRT,2040,1.496156010824002
RE1,AN_TRAMRT,2041,1.540780165681786
RE1,AN_TRAMRT,2042,1.586748426906944
RE1,AN_TRAMRT,2043,1.634101874727337
RE1,AN_TRAMRT,2044,1.682882848786706
RE1,AN_TRAMRT,2045,1.733135006289827
RE1,AN_TRAMRT,2046,1.784903372529574
RE1,AN_TRAMRT,2047,1.838234385712412
RE1,AN_TRAMRT,2048,1.893175941067434
RE1,AN_TRAMRT,2049,1.949777436877228
RE1,AN_TRAMRT,2050,2.008089822806324
RE1,AN_TRAMRT,2051,2.008089822806324
RE1,AN_TRAMRT,2052,2.008089822806324
RE1,AN_TRAMRT,2053,2.008089822806324
RE1,AN_TRAMRT,2054,2.008089822806324
RE1,AN_TRAMTC,2022,2.841594794775078
RE1,AN_TRAMTC,2023,2.706656206288683
RE1,AN_TRAMTC,2024,2.509476388131466
RE1,AN_TRAMTC,2025,2.599081525173562
RE1,AN_TRAMTC,2026,2.686549874337579
RE1,AN_TRAMTC,2027,2.775197376783323
RE1,AN_TRAMTC,2028,2.85885852135976
RE1,AN_TRAMTC,2029,2.948106837538331
RE1,AN_TRAMTC,2030,3.016906335889917
RE1,AN_TRAMTC,2031,3.097954856104169
RE1,AN_TRAMTC,2032,3.17959729669895
RE1,AN_TRAMTC,2033,3.213191611924739
RE1,AN_TRAMTC,2034,3.2066700509875
RE1,AN_TRAMTC,2035,3.167830223540355
RE1,AN_TRAMTC,2036,3.085226784263356
RE1,AN_TRAMTC,2037,2.939366253259927
RE1,AN_TRAMTC,2038,2.752831611276853
RE1,AN_TRAMTC,2039,2.541744219112162
RE1,AN_TRAMTC,2040,2.308034629558867
RE1,AN_TRAMTC,2041,2.07911611021074
RE1,AN_TRAMTC,2042,1.839574724648583
RE1,AN_TRAMTC,2043,1.800650999085713
RE1,AN_TRAMTC,2044,1.762764237474302
RE1,AN_TRAMTC,2045,1.720008505052403
RE1,AN_TRAMTC,2046,1.685392934021013
RE1,AN_TRAMTC,2047,1.650653228388991
RE1,AN_TRAMTC,2048,1.608254309345496
RE1,AN_TRAMTC,2049,1.576418782220777
RE1,AN_TRAMTC,2050,1.531775380583783
RE1,AN_TRAMTC,2051,1.469066411807894
RE1,AN_TRAMTC,2052,1.411691938729591
RE1,AN_TRAMTC,2053,1.324842603620928
RE1,AN_TRAMTC,2054,1.238950800418544
RE1,AN_TRARVT,2022,0.3479356938069474
RE1,AN_TRARVT,2023,0.3509829693314563
RE1,AN_TRARVT,2024,0.352531822642457
RE1,AN_TRARVT,2025,0.3508014761176795
RE1,AN_TRARVT,2026,0.3538420872642903
RE1,AN_TRARVT,2027,0.3584686895272903
RE1,AN_TRARVT,2028,0.3621012638698133
RE1,AN_TRARVT,2029,0.3654682117303021
RE1,AN_TRARVT,2030,0.3662863330914738
RE1,AN_TRARVT,2031,0.368729237152482
RE1,AN_TRARVT,2032,0.3709513712034826
RE1,AN_TRARVT,2033,0.3729162707015188
RE1,AN_TRARVT,2034,0.3746439730550493
RE1,AN_TRARVT,2035,0.3761575750783278
RE1,AN_TRARVT,2036,0.3798142940952498
RE1,AN_TRARVT,2037,0.380741133457181
RE1,AN_TRARVT,2038,0.3840572445428013
RE1,AN_TRARVT,2039,0.3844530570996452
RE1,AN_TRARVT,2040,0.3845254847539572
RE1,AN_TRARVT,2041,0.3871944187662013
RE1,AN_TRARVT,2042,0.3896837221648691
RE1,AN_TRARVT,2043,0.2177667884700276
RE1,AN_TRARVT,2044,0.221063709432592
RE1,AN_TRARVT,2045,0.2243653489386993
RE1,AN_TRARVT,2046,0.2310670931843666
RE1,AN_TRARVT,2047,0.2344715565441155
RE1,AN_TRARVT,2048,0.2378753226614265
RE1,AN_TRARVT,2049,0.244987233808619
RE1,AN_TRARVT,2050,0.2484911751243433
RE1,AN_TRARVT,2051,0.2484911751243433
RE1,AN_TRARVT,2052,0.2484911751243433
RE1,AN_TRARVT,2053,0.2484911751243433
RE1,AN_TRARVT,2054,0.2484911751243433
RE1,AN_TRASTT,2022,7.066510709195599
RE1,AN_TRASTT,2023,6.851332150448801
RE1,AN_TRASTT,2024,6.351954432373565
RE1,AN_TRASTT,2025,6.469572021038267
RE1,AN_TRASTT,2026,6.591594616527538
RE1,AN_TRASTT,2027,6.708747533907512
RE1,AN_TRASTT,2028,6.824937542407461
RE1,AN_TRASTT,2029,6.937287114867857
RE1,AN_TRASTT,2030,7.057414352021038
RE1,AN_TRASTT,2031,7.162604510091075
RE1,AN_TRASTT,2032,7.300231937976922
RE1,AN_TRASTT,2033,7.459898107307593
RE1,AN_TRASTT,2034,7.589891551330932
RE1,AN_TRASTT,2035,7.718873368997968
RE1,AN_TRASTT,2036,7.860992917917172
RE1,AN_TRASTT,2037,8.007518161949362
RE1,AN_TRASTT,2038,8.164183649600202
RE1,AN_TRASTT,2039,8.31184182156114
RE1,AN_TRASTT,2040,8.45003902055786
RE1,AN_TRASTT,2041,8.596142039614383
RE1,AN_TRASTT,2042,8.777283174614302
RE1,AN_TRASTT,2043,8.963037802405433
RE1,AN_TRASTT,2044,9.147875474390236
RE1,AN_TRASTT,2045,9.33012406354301
RE1,AN_TRASTT,2046,9.479920649406024
RE1,AN_TRASTT,2047,9.684869749869403
RE1,AN_TRASTT,2048,9.851691590606288
RE1,AN_TRASTT,2049,10.01924293366372
RE1,AN_TRASTT,2050,10.21576209840859
RE1,AN_TRASTT,2051,10.38121355108821
RE1,AN_TRASTT,2052,10.51032093967597
RE1,AN_TRASTT,2053,10.60916735991884
RE1,AN_TRASTT,2054,10.68006159157527
RE1,AN_TRATAX,2022,1.668801632982008
RE1,AN_TRATAX,2023,1.634159930349102
RE1,AN_TRATAX,2024,1.481774937534773
RE1,AN_TRATAX,2025,1.494996103694881
RE1,AN_TRATAX,2026,1.506048987213805
RE1,AN_TRATAX,2027,1.515349427738691
RE1,AN_TRATAX,2028,1.522818320758383
RE1,AN_TRATAX,2029,1.529830151493969
RE1,AN_TRATAX,2030,1.534186777378674
RE1,AN_TRATAX,2031,1.539477602589344
RE1,AN_TRATAX,2032,1.545032571602977
RE1,AN_TRATAX,2033,1.547948865506932
RE1,AN_TRATAX,2034,1.549908946917086
RE1,AN_TRATAX,2035,1.551453596718888
RE1,AN_TRATAX,2036,1.552259091630465
RE1,AN_TRATAX,2037,1.552480651228513
RE1,AN_TRATAX,2038,1.551761871514127
RE1,AN_TRATAX,2039,1.550229443206151
RE1,AN_TRATAX,2040,1.548278309042391
RE1,AN_TRATAX,2041,1.546153568874355
RE1,AN_TRATAX,2042,1.54367285877544
RE1,AN_TRATAX,2043,1.540851603622416
RE1,AN_TRATAX,2044,1.537766621236472
RE1,AN_TRATAX,2045,1.534223413737378
RE1,AN_TRATAX,2046,1.53087576831405
RE1,AN_TRATAX,2047,1.527113884890891
RE1,AN_TRATAX,2048,1.523148534997999
RE1,AN_TRATAX,2049,1.519165839837278
RE1,AN_TRATAX,2050,1.515028440154603
RE1,AN_TRATAX,2051,1.510717860744945
RE1,AN_TRATAX,2052,1.506388679859122
RE1,AN_TRATAX,2053,1.501953705781976
RE1,AN_TRATAX,2054,1.497415464204585
RE1,AN_TRATCK,2022,3.486250602495391
RE1,AN_TRATCK,2023,3.372934370944694
RE1,AN_TRATCK,2024,3.146399097909564
RE1,AN_TRATCK,2025,3.216939203773473
RE1,AN_TRATCK,2026,3.290773507248079
RE1,AN_TRATCK,2027,3.362395496163807
RE1,AN_TRATCK,2028,3.433395387602556
RE1,AN_TRATCK,2029,3.503298239474092
RE1,AN_TRATCK,2030,3.576637504987917
RE1,AN_TRATCK,2031,3.644024633123598
RE1,AN_TRATCK,2032,3.731036534010528
RE1,AN_TRATCK,2033,3.828450824731547
RE1,AN_TRATCK,2034,3.908401469767385
RE1,AN_TRATCK,2035,3.98866921797745
RE1,AN_TRATCK,2036,4.07512736756884
RE1,AN_TRATCK,2037,4.162965564642773
RE1,AN_TRATCK,2038,4.253302449809815
RE1,AN_TRATCK,2039,4.334899570072334
RE1,AN_TRATCK,2040,4.407673500027069
RE1,AN_TRATCK,2041,4.482308182311514
RE1,AN_TRATCK,2042,4.570973018192787
RE1,AN_TRATCK,2043,4.657275308062999
RE1,AN_TRATCK,2044,4.741370614924328
RE1,AN_TRATCK,2045,4.816768424183365
RE1,AN_TRATCK,2046,4.87492556710421
RE1,AN_TRATCK,2047,4.953518769517297
RE1,AN_TRATCK,2048,5.010867792278937
RE1,AN_TRATCK,2049,5.06867050752074
RE1,AN_TRATCK,2050,5.13981564165366
RE1,AN_TRATCK,2051,5.190036589278432
RE1,AN_TRATCK,2052,5.220165741937874
RE1,AN_TRATCK,2053,5.23970268513411
RE1,AN_TRATCK,2054,5.242920681434728
RE1,CA_AGFELC,2022,0.0
RE1,CA_AGFELC,2023,0.0
RE1,CA_AGFELC,2024,0.0
RE1,CA_AGFELC,2025,0.0
RE1,CA_AGFELC,2026,0.0
RE1,CA_AGFELC,2027,0.0
RE1,CA_AGFELC,2028,0.0
RE1,CA_AGFELC,2029,0.0
RE1,CA_AGFELC,2030,0.0
RE1,CA_AGFELC,2031,0.0
RE1,CA_AGFELC,2032,0.0
RE1,CA_AGFELC,2033,0.0
RE1,CA_AGFELC,2034,0.0
RE1,CA_AGFELC,2035,0.0
RE1,CA_AGFELC,2036,0.0
RE1,CA_AGFELC,2037,0.0
RE1,CA_AGFELC,2038,0.0
RE1,CA_AGFELC,2039,0.0
RE1,CA_AGFELC,2040,0.0
RE1,CA_AGFELC,2041,0.0
RE1,CA_AGFELC,2042,0.0
RE1,CA_AGFELC,2043,0.0
RE1,CA_AGFELC,2044,0.0
RE1,CA_AGFELC,2045,0.0
RE1,CA_AGFELC,2046,0.0
RE1,CA_AGFELC,2047,0.0
RE1,CA_AGFELC,2048,0.0
RE1,CA_AGFELC,2049,0.0
RE1,CA_AGFELC,2050,0.0
RE1,CA_AGFELC,2051,0.0
RE1,CA_AGFELC,2052,0.0
RE1,CA_AGFELC,2053,0.0
RE1,CA_AGFELC,2054,0.0
RE1,CA_AGFHEA,2022,5.260237802712625
RE1,CA_AGFHEA,2023,5.407365598620522
RE1,CA_AGFHEA,2024,5.801875618467
RE1,CA_AGFHEA,2025,6.016585005461425
RE1,CA_AGFHEA,2026,6.181660272692721
RE1,CA_AGFHEA,2027,6.359002407143661
RE1,CA_AGFHEA,2028,6.543839010271086
RE1,CA_AGFHEA,2029,6.734686331118005
RE1,CA_AGFHEA,2030,6.930242245013992
RE1,CA_AGFHEA,2031,7.130552113472059
RE1,CA_AGFHEA,2032,7.337348905105393
RE1,CA_AGFHEA,2033,7.550950575134552
RE1,CA_AGFHEA,2034,7.770750757347614
RE1,CA_AGFHEA,2035,8.00911384788252
RE1,CA_AGFHEA,2036,8.25463799764006
RE1,CA_AGFHEA,2037,8.517488218545587
RE1,CA_AGFHEA,2038,8.788294596094847
RE1,CA_AGFHEA,2039,9.06730509366002
RE1,CA_AGFHEA,2040,9.354767774243665
RE1,CA_AGFHEA,2041,9.650941390481776
RE1,CA_AGFHEA,2042,9.986148944230157
RE1,CA_AGFHEA,2043,10.33171066728753
RE1,CA_AGFHEA,2044,10.68793931778944
RE1,CA_AGFHEA,2045,11.05515753019247
RE1,CA_AGFHEA,2046,11.43369813939397
RE1,CA_AGFHEA,2047,11.82391160627028
RE1,CA_AGFHEA,2048,12.24673546010026
RE1,CA_AGFHEA,2049,12.71383628559646
RE1,CA_AGFHEA,2050,13.19589347333992
RE1,CA_AGFHEA,2051,13.69335321369161
RE1,CA_AGFHEA,2052,14.2066733858598
RE1,CA_AGFHEA,2053,14.73631679854415
RE1,CA_AGFHEA,2054,15.28713787671221
RE1,CA_INDCLIM,2022,0.0
RE1,CA_INDCLIM,2023,0.0
RE1,CA_INDCLIM,2024,0.0
RE1,CA_INDCLIM,2025,0.0
RE1,CA_INDCLIM,2026,0.0
RE1,CA_INDCLIM,2027,0.0
RE1,CA_INDCLIM,2028,0.0
RE1,CA_INDCLIM,2029,0.0
RE1,CA_INDCLIM,2030,0.0
RE1,CA_INDCLIM,2031,0.0
RE1,CA_INDCLIM,2032,0.0
RE1,CA_INDCLIM,2033,0.0
RE1,CA_INDCLIM,2034,0.0
RE1,CA_INDCLIM,2035,0.0
RE1,CA_INDCLIM,2036,0.0
RE1,CA_INDCLIM,2037,0.0
RE1,CA_INDCLIM,2038,0.0
RE1,CA_INDCLIM,2039,0.0
RE1,CA_INDCLIM,2040,0.0
RE1,CA_INDCLIM,2041,0.0
RE1,CA_INDCLIM,2042,0.0
RE1,CA_INDCLIM,2043,0.0
RE1,CA_INDCLIM,2044,0.0
RE1,CA_INDCLIM,2045,0.0
RE1,CA_INDCLIM,2046,0.0
RE1,CA_INDCLIM,2047,0.0
RE1,CA_INDCLIM,2048,0.0
RE1,CA_INDCLIM,2049,0.0
RE1,CA_INDCLIM,2050,0.0
RE1,CA_INDCLIM,2051,0.0
RE1,CA_INDCLIM,2052,0.0
RE1,CA_INDCLIM,2053,0.0
RE1,CA_INDCLIM,2054,0.0
RE1,CA_INDDHT,2022,0.0
RE1,CA_INDDHT,2023,0.0
RE1,CA_INDDHT,2024,0.0
RE1,CA_INDDHT,2025,0.0
RE1,CA_INDDHT,2026,0.0
RE1,CA_INDDHT,2027,0.0
RE1,CA_INDDHT,2028,0.0
RE1,CA_INDDHT,2029,0.0
RE1,CA_INDDHT,2030,0.0
RE1,CA_INDDHT,2031,0.0
RE1,CA_INDDHT,2032,0.0
RE1,CA_INDDHT,2033,0.0
RE1,CA_INDDHT,2034,0.0
RE1,CA_INDDHT,2035,0.0
RE1,CA_INDDHT,2036,0.0
RE1,CA_INDDHT,2037,0.0
RE1,CA_INDDHT,2038,0.0
RE1,CA_INDDHT,2039,0.0
RE1,CA_INDDHT,2040,0.0
RE1,CA_INDDHT,2041,0.0
RE1,CA_INDDHT,2042,0.0
RE1,CA_INDDHT,2043,0.0
RE1,CA_INDDHT,2044,0.0
RE1,CA_INDDHT,2045,0.0
RE1,CA_INDDHT,2046,0.0
RE1,CA_INDDHT,2047,0.0
RE1,CA_INDDHT,2048,0.0
RE1,CA_INDDHT,2049,0.0
RE1,CA_INDDHT,2050,0.0
RE1,CA_INDDHT,2051,0.0
RE1,CA_INDDHT,2052,0.0
RE1,CA_INDDHT,2053,0.0
RE1,CA_INDDHT,2054,0.0
RE1,CA_INDIHT,2022,0.0
RE1,CA_INDIHT,2023,0.0
RE1,CA_INDIHT,2024,0.0
RE1,CA_INDIHT,2025,0.0
RE1,CA_INDIHT,2026,0.0
RE1,CA_INDIHT,2027,0.0
RE1,CA_INDIHT,2028,0.0
RE1,CA_INDIHT,2029,0.0
RE1,CA_INDIHT,2030,0.0
RE1,CA_INDIHT,2031,0.0
RE1,CA_INDIHT,2032,0.0
RE1,CA_INDIHT,2033,0.0
RE1,CA_INDIHT,2034,0.0
RE1,CA_INDIHT,2035,0.0
RE1,CA_INDIHT,2036,0.0
RE1,CA_INDIHT,2037,0.0
RE1,CA_INDIHT,2038,0.0
RE1,CA_INDIHT,2039,0.0
RE1,CA_INDIHT,2040,0.0
RE1,CA_INDIHT,2041,0.0
RE1,CA_INDIHT,2042,0.0
RE1,CA_INDIHT,2043,0.0
RE1,CA_INDIHT,2044,0.0
RE1,CA_INDIHT,2045,0.0
RE1,CA_INDIHT,2046,0.0
RE1,CA_INDIHT,2047,0.0
RE1,CA_INDIHT,2048,0.0
RE1,CA_INDIHT,2049,0.0
RE1,CA_INDIHT,2050,0.0
RE1,CA_INDIHT,2051,0.0
RE1,CA_INDIHT,2052,0.0
RE1,CA_INDIHT,2053,0.0
RE1,CA_INDIHT,2054,0.0
RE1,CA_INDILU,2022,0.0
RE1,CA_INDILU,2023,0.0
RE1,CA_INDILU,2024,0.0
RE1,CA_INDILU,2025,0.0
RE1,CA_INDILU,2026,0.0
RE1,CA_INDILU,2027,0.0
RE1,CA_INDILU,2028,0.0
RE1,CA_INDILU,2029,0.0
RE1,CA_INDILU,2030,0.0
RE1,CA_INDILU,2031,0.0
RE1,CA_INDILU,2032,0.0
RE1,CA_INDILU,2033,0.0
RE1,CA_INDILU,2034,0.0
RE1,CA_INDILU,2035,0.0
RE1,CA_INDILU,2036,0.0
RE1,CA_INDILU,2037,0.0
RE1,CA_INDILU,2038,0.0
RE1,CA_INDILU,2039,0.0
RE1,CA_INDILU,2040,0.0
RE1,CA_INDILU,2041,0.0
RE1,CA_INDILU,2042,0.0
RE1,CA_INDILU,2043,0.0
RE1,CA_INDILU,2044,0.0
RE1,CA_INDILU,2045,0.0
RE1,CA_INDILU,2046,0.0
RE1,CA_INDILU,2047,0.0
RE1,CA_INDILU,2048,0.0
RE1,CA_INDILU,2049,0.0
RE1,CA_INDILU,2050,0.0
RE1,CA_INDILU,2051,0.0
RE1,CA_INDILU,2052,0.0
RE1,CA_INDILU,2053,0.0
RE1,CA_INDILU,2054,0.0
RE1,CA_INDMPW,2022,0.0
RE1,CA_INDMPW,2023,0.0
RE1,CA_INDMPW,2024,0.0
RE1,CA_INDMPW,2025,0.0
RE1,CA_INDMPW,2026,0.0
RE1,CA_INDMPW,2027,0.0
RE1,CA_INDMPW,2028,0.0
RE1,CA_INDMPW,2029,0.0
RE1,CA_INDMPW,2030,0.0
RE1,CA_INDMPW,2031,0.0
RE1,CA_INDMPW,2032,0.0
RE1,CA_INDMPW,2033,0.0
RE1,CA_INDMPW,2034,0.0
RE1,CA_INDMPW,2035,0.0
RE1,CA_INDMPW,2036,0.0
RE1,CA_INDMPW,2037,0.0
RE1,CA_INDMPW,2038,0.0
RE1,CA_INDMPW,2039,0.0
RE1,CA_INDMPW,2040,0.0
RE1,CA_INDMPW,2041,0.0
RE1,CA_INDMPW,2042,0.0
RE1,CA_INDMPW,2043,0.0
RE1,CA_INDMPW,2044,0.0
RE1,CA_INDMPW,2045,0.0
RE1,CA_INDMPW,2046,0.0
RE1,CA_INDMPW,2047,0.0
RE1,CA_INDMPW,2048,0.0
RE1,CA_INDMPW,2049,0.0
RE1,CA_INDMPW,2050,0.0
RE1,CA_INDMPW,2051,0.0
RE1,CA_INDMPW,2052,0.0
RE1,CA_INDMPW,2053,0.0
RE1,CA_INDMPW,2054,0.0
RE1,CA_INDOTH_COA,2022,0.001405617487645117
RE1,CA_INDOTH_COA,2023,0.00148459000629365
RE1,CA_INDOTH_COA,2024,0.001408940157374718
RE1,CA_INDOTH_COA,2025,0.001395599477576476
RE1,CA_INDOTH_COA,2026,0.001429025642354008
RE1,CA_INDOTH_COA,2027,0.001456861555358452
RE1,CA_INDOTH_COA,2028,0.00149051679266053
RE1,CA_INDOTH_COA,2029,0.001526672179974963
RE1,CA_INDOTH_COA,2030,0.00155471275742694
RE1,CA_INDOTH_COA,2031,0.001586589852402748
RE1,CA_INDOTH_COA,2032,0.001611349658727273
RE1,CA_INDOTH_COA,2033,0.001634831011981068
RE1,CA_INDOTH_COA,2034,0.001680264042991092
RE1,CA_INDOTH_COA,2035,0.001740361165097643
RE1,CA_INDOTH_COA,2036,0.001806959813024407
RE1,CA_INDOTH_COA,2037,0.001876301810799617
RE1,CA_INDOTH_COA,2038,0.001947961715331739
RE1,CA_INDOTH_COA,2039,0.00202227980548431
RE1,CA_INDOTH_COA,2040,0.002099291043218292
RE1,CA_INDOTH_COA,2041,0.002178983198873162
RE1,CA_INDOTH_COA,2042,0.002262951174181948
RE1,CA_INDOTH_COA,2043,0.002350353160060035
RE1,CA_INDOTH_COA,2044,0.00244138953184325
RE1,CA_INDOTH_COA,2045,0.002537063031618285
RE1,CA_INDOTH_COA,2046,0.00263697191488083
RE1,CA_INDOTH_COA,2047,0.002741272991093943
RE1,CA_INDOTH_COA,2048,0.002849642526516529
RE1,CA_INDOTH_COA,2049,0.002962375338086089
RE1,CA_INDOTH_COA,2050,0.003079382524971955
RE1,CA_INDOTH_COA,2051,0.00320105570214967
RE1,CA_INDOTH_COA,2052,0.003327646813193893
RE1,CA_INDOTH_COA,2053,0.003459566749275124
RE1,CA_INDOTH_COA,2054,0.003596201958243205
RE1,CA_INDOTH_ELC,2022,0.0
RE1,CA_INDOTH_ELC,2023,0.0
RE1,CA_INDOTH_ELC,2024,0.0
RE1,CA_INDOTH_ELC,2025,0.0
RE1,CA_INDOTH_ELC,2026,0.0
RE1,CA_INDOTH_ELC,2027,0.0
RE1,CA_INDOTH_ELC,2028,0.0
RE1,CA_INDOTH_ELC,2029,0.0
RE1,CA_INDOTH_ELC,2030,0.0
RE1,CA_INDOTH_ELC,2031,0.0
RE1,CA_INDOTH_ELC,2032,0.0
RE1,CA_INDOTH_ELC,2033,0.0
RE1,CA_INDOTH_ELC,2034,0.0
RE1,CA_INDOTH_ELC,2035,0.0
RE1,CA_INDOTH_ELC,2036,0.0
RE1,CA_INDOTH_ELC,2037,0.0
RE1,CA_INDOTH_ELC,2038,0.0
RE1,CA_INDOTH_ELC,2039,0.0
RE1,CA_INDOTH_ELC,2040,0.0
RE1,CA_INDOTH_ELC,2041,0.0
RE1,CA_INDOTH_ELC,2042,0.0
RE1,CA_INDOTH_ELC,2043,0.0
RE1,CA_INDOTH_ELC,2044,0.0
RE1,CA_INDOTH_ELC,2045,0.0
RE1,CA_INDOTH_ELC,2046,0.0
RE1,CA_INDOTH_ELC,2047,0.0
RE1,CA_INDOTH_ELC,2048,0.0
RE1,CA_INDOTH_ELC,2049,0.0
RE1,CA_INDOTH_ELC,2050,0.0
RE1,CA_INDOTH_ELC,2051,0.0
RE1,CA_INDOTH_ELC,2052,0.0
RE1,CA_INDOTH_ELC,2053,0.0
RE1,CA_INDOTH_ELC,2054,0.0
RE1,CA_INDREF,2022,0.0
RE1,CA_INDREF,2023,0.0
RE1,CA_INDREF,2024,0.0
RE1,CA_INDREF,2025,0.0
RE1,CA_INDREF,2026,0.0
RE1,CA_INDREF,2027,0.0
RE1,CA_INDREF,2028,0.0
RE1,CA_INDREF,2029,0.0
RE1,CA_INDREF,2030,0.0
RE1,CA_INDREF,2031,0.0
RE1,CA_INDREF,2032,0.0
RE1,CA_INDREF,2033,0.0
RE1,CA_INDREF,2034,0.0
RE1,CA_INDREF,2035,0.0
RE1,CA_INDREF,2036,0.0
RE1,CA_INDREF,2037,0.0
RE1,CA_INDREF,2038,0.0
RE1,CA_INDREF,2039,0.0
RE1,CA_INDREF,2040,0.0
RE1,CA_INDREF,2041,0.0
RE1,CA_INDREF,2042,0.0
RE1,CA_INDREF,2043,0.0
RE1,CA_INDREF,2044,0.0
RE1,CA_INDREF,2045,0.0
RE1,CA_INDREF,2046,0.0
RE1,CA_INDREF,2047,0.0
RE1,CA_INDREF,2048,0.0
RE1,CA_INDREF,2049,0.0
RE1,CA_INDREF,2050,0.0
RE1,CA_INDREF,2051,0.0
RE1,CA_INDREF,2052,0.0
RE1,CA_INDREF,2053,0.0
RE1,CA_INDREF,2054,0.0
RE1,CA_RESCLIM_RUR,2022,0.0
RE1,CA_RESCLIM_RUR,2023,0.0
RE1,CA_RESCLIM_RUR,2024,0.0
RE1,CA_RESCLIM_RUR,2025,0.0
RE1,CA_RESCLIM_RUR,2026,0.0
RE1,CA_RESCLIM_RUR,2027,0.0
RE1,CA_RESCLIM_RUR,2028,0.0
RE1,CA_RESCLIM_RUR,2029,0.0
RE1,CA_RESCLIM_RUR,2030,0.0
RE1,CA_RESCLIM_RUR,2031,0.0
RE1,CA_RESCLIM_RUR,2032,0.0
RE1,CA_RESCLIM_RUR,2033,0.0
RE1,CA_RESCLIM_RUR,2034,0.0
RE1,CA_RESCLIM_RUR,2035,0.0
RE1,CA_RESCLIM_RUR,2036,0.0
RE1,CA_RESCLIM_RUR,2037,0.0
RE1,CA_RESCLIM_RUR,2038,0.0
RE1,CA_RESCLIM_RUR,2039,0.0
RE1,CA_RESCLIM_RUR,2040,0.0
RE1,CA_RESCLIM_RUR,2041,0.0
RE1,CA_RESCLIM_RUR,2042,0.0
RE1,CA_RESCLIM_RUR,2043,0.0
RE1,CA_RESCLIM_RUR,2044,0.0
RE1,CA_RESCLIM_RUR,2045,0.0
RE1,CA_RESCLIM_RUR,2046,0.0
RE1,CA_RESCLIM_RUR,2047,0.0
RE1,CA_RESCLIM_RUR,2048,0.0
RE1,CA_RESCLIM_RUR,2049,0.0
RE1,CA_RESCLIM_RUR,2050,0.0
RE1,CA_RESCLIM_RUR,2051,0.0
RE1,CA_RESCLIM_RUR,2052,0.0
RE1,CA_RESCLIM_RUR,2053,0.0
RE1,CA_RESCLIM_RUR,2054,0.0
RE1,CA_RESCLIM_URB,2022,0.0
RE1,CA_RESCLIM_URB,2023,0.0
RE1,CA_RESCLIM_URB,2024,0.0
RE1,CA_RESCLIM_URB,2025,0.0
RE1,CA_RESCLIM_URB,2026,0.0
RE1,CA_RESCLIM_URB,2027,0.0
RE1,CA_RESCLIM_URB,2028,0.0
RE1,CA_RESCLIM_URB,2029,0.0
RE1,CA_RESCLIM_URB,2030,0.0
RE1,CA_RESCLIM_URB,2031,0.0
RE1,CA_RESCLIM_URB,2032,0.0
RE1,CA_RESCLIM_URB,2033,0.0
RE1,CA_RESCLIM_URB,2034,0.0
RE1,CA_RESCLIM_URB,2035,0.0
RE1,CA_RESCLIM_URB,2036,0.0
RE1,CA_RESCLIM_URB,2037,0.0
RE1,CA_RESCLIM_URB,2038,0.0
RE1,CA_RESCLIM_URB,2039,0.0
RE1,CA_RESCLIM_URB,2040,0.0
RE1,CA_RESCLIM_URB,2041,0.0
RE1,CA_RESCLIM_URB,2042,0.0
RE1,CA_RESCLIM_URB,2043,0.0
RE1,CA_RESCLIM_URB,2044,0.0
RE1,CA_RESCLIM_URB,2045,0.0
RE1,CA_RESCLIM_URB,2046,0.0
RE1,CA_RESCLIM_URB,2047,0.0
RE1,CA_RESCLIM_URB,2048,0.0
RE1,CA_RESCLIM_URB,2049,0.0
RE1,CA_RESCLIM_URB,2050,0.0
RE1,CA_RESCLIM_URB,2051,0.0
RE1,CA_RESCLIM_URB,2052,0.0
RE1,CA_RESCLIM_URB,2053,0.0
RE1,CA_RESCLIM_URB,2054,0.0
RE1,CA_RESDHT_RUR,2022,0.0
RE1,CA_RESDHT_RUR,2023,0.0
RE1,CA_RESDHT_RUR,2024,0.0
RE1,CA_RESDHT_RUR,2025,0.0
RE1,CA_RESDHT_RUR,2026,0.0
RE1,CA_RESDHT_RUR,2027,0.0
RE1,CA_RESDHT_RUR,2028,0.0
RE1,CA_RESDHT_RUR,2029,0.0
RE1,CA_RESDHT_RUR,2030,0.0
RE1,CA_RESDHT_RUR,2031,0.0
RE1,CA_RESDHT_RUR,2032,0.0
RE1,CA_RESDHT_RUR,2033,0.0
RE1,CA_RESDHT_RUR,2034,0.0
RE1,CA_RESDHT_RUR,2035,0.0
RE1,CA_RESDHT_RUR,2036,0.0
RE1,CA_RESDHT_RUR,2037,0.0
RE1,CA_RESDHT_RUR,2038,0.0
RE1,CA_RESDHT_RUR,2039,0.0
RE1,CA_RESDHT_RUR,2040,0.0
RE1,CA_RESDHT_RUR,2041,0.0
RE1,CA_RESDHT_RUR,2042,0.0
RE1,CA_RESDHT_RUR,2043,0.0
RE1,CA_RESDHT_RUR,2044,0.0
RE1,CA_RESDHT_RUR,2045,0.0
RE1,CA_RESDHT_RUR,2046,0.0
RE1,CA_RESDHT_RUR,2047,0.0
RE1,CA_RESDHT_RUR,2048,0.0
RE1,CA_RESDHT_RUR,2049,0.0
RE1,CA_RESDHT_RUR,2050,0.0
RE1,CA_RESDHT_RUR,2051,0.0
RE1,CA_RESDHT_RUR,2052,0.0
RE1,CA_RESDHT_RUR,2053,0.0
RE1,CA_RESDHT_RUR,2054,0.0
RE1,CA_RESDHT_URB,2022,0.0
RE1,CA_RESDHT_URB,2023,0.0
RE1,CA_RESDHT_URB,2024,0.0
RE1,CA_RESDHT_URB,2025,0.0
RE1,CA_RESDHT_URB,2026,0.0
RE1,CA_RESDHT_URB,2027,0.0
RE1,CA_RESDHT_URB,2028,0.0
RE1,CA_RESDHT_URB,2029,0.0
RE1,CA_RESDHT_URB,2030,0.0
RE1,CA_RESDHT_URB,2031,0.0
RE1,CA_RESDHT_URB,2032,0.0
RE1,CA_RESDHT_URB,2033,0.0
RE1,CA_RESDHT_URB,2034,0.0
RE1,CA_RESDHT_URB,2035,0.0
RE1,CA_RESDHT_URB,2036,0.0
RE1,CA_RESDHT_URB,2037,0.0
RE1,CA_RESDHT_URB,2038,0.0
RE1,CA_RESDHT_URB,2039,0.0
RE1,CA_RESDHT_URB,2040,0.0
RE1,CA_RESDHT_URB,2041,0.0
RE1,CA_RESDHT_URB,2042,0.0
RE1,CA_RESDHT_URB,2043,0.0
RE1,CA_RESDHT_URB,2044,0.0
RE1,CA_RESDHT_URB,2045,0.0
RE1,CA_RESDHT_URB,2046,0.0
RE1,CA_RESDHT_URB,2047,0.0
RE1,CA_RESDHT_URB,2048,0.0
RE1,CA_RESDHT_URB,2049,0.0
RE1,CA_RESDHT_URB,2050,0.0
RE1,CA_RESDHT_URB,2051,0.0
RE1,CA_RESDHT_URB,2052,0.0
RE1,CA_RESDHT_URB,2053,0.0
RE1,CA_RESDHT_URB,2054,0.0
RE1,CA_RESILU_RUR,2022,0.0
RE1,CA_RESILU_RUR,2023,0.0
RE1,CA_RESILU_RUR,2024,0.0
RE1,CA_RESILU_RUR,2025,0.0
RE1,CA_RESILU_RUR,2026,0.0
RE1,CA_RESILU_RUR,2027,0.0
RE1,CA_RESILU_RUR,2028,0.0
RE1,CA_RESILU_RUR,2029,0.0
RE1,CA_RESILU_RUR,2030,0.0
RE1,CA_RESILU_RUR,2031,0.0
RE1,CA_RESILU_RUR,2032,0.0
RE1,CA_RESILU_RUR,2033,0.0
RE1,CA_RESILU_RUR,2034,0.0
RE1,CA_RESILU_RUR,2035,0.0
RE1,CA_RESILU_RUR,2036,0.0
RE1,CA_RESILU_RUR,2037,0.0
RE1,CA_RESILU_RUR,2038,0.0
RE1,CA_RESILU_RUR,2039,0.0
RE1,CA_RESILU_RUR,2040,0.0
RE1,CA_RESILU_RUR,2041,0.0
RE1,CA_RESILU_RUR,2042,0.0
RE1,CA_RESILU_RUR,2043,0.0
RE1,CA_RESILU_RUR,2044,0.0
RE1,CA_RESILU_RUR,2045,0.0
RE1,CA_RESILU_RUR,2046,0.0
RE1,CA_RESILU_RUR,2047,0.0
RE1,CA_RESILU_RUR,2048,0.0
RE1,CA_RESILU_RUR,2049,0.0
RE1,CA_RESILU_RUR,2050,0.0
RE1,CA_RESILU_RUR,2051,0.0
RE1,CA_RESILU_RUR,2052,0.0
RE1,CA_RESILU_RUR,2053,0.0
RE1,CA_RESILU_RUR,2054,0.0
RE1,CA_RESILU_URB,2022,0.0
RE1,CA_RESILU_URB,2023,0.0
RE1,CA_RESILU_URB,2024,0.0
RE1,CA_RESILU_URB,2025,0.0
RE1,CA_RESILU_URB,2026,0.0
RE1,CA_RESILU_URB,2027,0.0
RE1,CA_RESILU_URB,2028,0.0
RE1,CA_RESILU_URB,2029,0.0
RE1,CA_RESILU_URB,2030,0.0
RE1,CA_RESILU_URB,2031,0.0
RE1,CA_RESILU_URB,2032,0.0
RE1,CA_RESILU_URB,2033,0.0
RE1,CA_RESILU_URB,2034,0.0
RE1,CA_RESILU_URB,2035,0.0
RE1,CA_RESILU_URB,2036,0.0
RE1,CA_RESILU_URB,2037,0.0
RE1,CA_RESILU_URB,2038,0.0
RE1,CA_RESILU_URB,2039,0.0
RE1,CA_RESILU_URB,2040,0.0
RE1,CA_RESILU_URB,2041,0.0
RE1,CA_RESILU_URB,2042,0.0
RE1,CA_RESILU_URB,2043,0.0
RE1,CA_RESILU_URB,2044,0.0
RE1,CA_RESILU_URB,2045,0.0
RE1,CA_RESILU_URB,2046,0.0
RE1,CA_RESILU_URB,2047,0.0
RE1,CA_RESILU_URB,2048,0.0
RE1,CA_RESILU_URB,2049,0.0
RE1,CA_RESILU_URB,2050,0.0
RE1,CA_RESILU_URB,2051,0.0
RE1,CA_RESILU_URB,2052,0.0
RE1,CA_RESILU_URB,2053,0.0
RE1,CA_RESILU_URB,2054,0.0
RE1,CA_RESOTH_RUR,2022,0.0
RE1,CA_RESOTH_RUR,2023,0.0
RE1,CA_RESOTH_RUR,2024,0.0
RE1,CA_RESOTH_RUR,2025,0.0
RE1,CA_RESOTH_RUR,2026,0.0
RE1,CA_RESOTH_RUR,2027,0.0
RE1,CA_RESOTH_RUR,2028,0.0
RE1,CA_RESOTH_RUR,2029,0.0
RE1,CA_RESOTH_RUR,2030,0.0
RE1,CA_RESOTH_RUR,2031,0.0
RE1,CA_RESOTH_RUR,2032,0.0
RE1,CA_RESOTH_RUR,2033,0.0
RE1,CA_RESOTH_RUR,2034,0.0
RE1,CA_RESOTH_RUR,2035,0.0
RE1,CA_RESOTH_RUR,2036,0.0
RE1,CA_RESOTH_RUR,2037,0.0
RE1,CA_RESOTH_RUR,2038,0.0
RE1,CA_RESOTH_RUR,2039,0.0
RE1,CA_RESOTH_RUR,2040,0.0
RE1,CA_RESOTH_RUR,2041,0.0
RE1,CA_RESOTH_RUR,2042,0.0
RE1,CA_RESOTH_RUR,2043,0.0
RE1,CA_RESOTH_RUR,2044,0.0
RE1,CA_RESOTH_RUR,2045,0.0
RE1,CA_RESOTH_RUR,2046,0.0
RE1,CA_RESOTH_RUR,2047,0.0
RE1,CA_RESOTH_RUR,2048,0.0
RE1,CA_RESOTH_RUR,2049,0.0
RE1,CA_RESOTH_RUR,2050,0.0
RE1,CA_RESOTH_RUR,2051,0.0
RE1,CA_RESOTH_RUR,2052,0.0
RE1,CA_RESOTH_RUR,2053,0.0
RE1,CA_RESOTH_RUR,2054,0.0
RE1,CA_RESOTH_URB,2022,0.0
RE1,CA_RESOTH_URB,2023,0.0
RE1,CA_RESOTH_URB,2024,0.0
RE1,CA_RESOTH_URB,2025,0.0
RE1,CA_RESOTH_URB,2026,0.0
RE1,CA_RESOTH_URB,2027,0.0
RE1,CA_RESOTH_URB,2028,0.0
RE1,CA_RESOTH_URB,2029,0.0
RE1,CA_RESOTH_URB,2030,0.0
RE1,CA_RESOTH_URB,2031,0.0
RE1,CA_RESOTH_URB,2032,0.0
RE1,CA_RESOTH_URB,2033,0.0
RE1,CA_RESOTH_URB,2034,0.0
RE1,CA_RESOTH_URB,2035,0.0
RE1,CA_RESOTH_URB,2036,0.0
RE1,CA_RESOTH_URB,2037,0.0
RE1,CA_RESOTH_URB,2038,0.0
RE1,CA_RESOTH_URB,2039,0.0
RE1,CA_RESOTH_URB,2040,0.0
RE1,CA_RESOTH_URB,2041,0.0
RE1,CA_RESOTH_URB,2042,0.0
RE1,CA_RESOTH_URB,2043,0.0
RE1,CA_RESOTH_URB,2044,0.0
RE1,CA_RESOTH_URB,2045,0.0
RE1,CA_RESOTH_URB,2046,0.0
RE1,CA_RESOTH_URB,2047,0.0
RE1,CA_RESOTH_URB,2048,0.0
RE1,CA_RESOTH_URB,2049,0.0
RE1,CA_RESOTH_URB,2050,0.0
RE1,CA_RESOTH_URB,2051,0.0
RE1,CA_RESOTH_URB,2052,0.0
RE1,CA_RESOTH_URB,2053,0.0
RE1,CA_RESOTH_URB,2054,0.0
RE1,CA_RESREF_RUR,2022,0.0
RE1,CA_RESREF_RUR,2023,0.0
RE1,CA_RESREF_RUR,2024,0.0
RE1,CA_RESREF_RUR,2025,0.0
RE1,CA_RESREF_RUR,2026,0.0
RE1,CA_RESREF_RUR,2027,0.0
RE1,CA_RESREF_RUR,2028,0.0
RE1,CA_RESREF_RUR,2029,0.0
RE1,CA_RESREF_RUR,2030,0.0
RE1,CA_RESREF_RUR,2031,0.0
RE1,CA_RESREF_RUR,2032,0.0
RE1,CA_RESREF_RUR,2033,0.0
RE1,CA_RESREF_RUR,2034,0.0
RE1,CA_RESREF_RUR,2035,0.0
RE1,CA_RESREF_RUR,2036,0.0
RE1,CA_RESREF_RUR,2037,0.0
RE1,CA_RESREF_RUR,2038,0.0
RE1,CA_RESREF_RUR,2039,0.0
RE1,CA_RESREF_RUR,2040,0.0
RE1,CA_RESREF_RUR,2041,0.0
RE1,CA_RESREF_RUR,2042,0.0
RE1,CA_RESREF_RUR,2043,0.0
RE1,CA_RESREF_RUR,2044,0.0
RE1,CA_RESREF_RUR,2045,0.0
RE1,CA_RESREF_RUR,2046,0.0
RE1,CA_RESREF_RUR,2047,0.0
RE1,CA_RESREF_RUR,2048,0.0
RE1,CA_RESREF_RUR,2049,0.0
RE1,CA_RESREF_RUR,2050,0.0
RE1,CA_RESREF_RUR,2051,0.0
RE1,CA_RESREF_RUR,2052,0.0
RE1,CA_RESREF_RUR,2053,0.0
RE1,CA_RESREF_RUR,2054,0.0
RE1,CA_RESREF_URB,2022,0.0
RE1,CA_RESREF_URB,2023,0.0
RE1,CA_RESREF_URB,2024,0.0
RE1,CA_RESREF_URB,2025,0.0
RE1,CA_RESREF_URB,2026,0.0
RE1,CA_RESREF_URB,2027,0.0
RE1,CA_RESREF_URB,2028,0.0
RE1,CA_RESREF_URB,2029,0.0
RE1,CA_RESREF_URB,2030,0.0
RE1,CA_RESREF_URB,2031,0.0
RE1,CA_RESREF_URB,2032,0.0
RE1,CA_RESREF_URB,2033,0.0
RE1,CA_RESREF_URB,2034,0.0
RE1,CA_RESREF_URB,2035,0.0
RE1,CA_RESREF_URB,2036,0.0
RE1,CA_RESREF_URB,2037,0.0
RE1,CA_RESREF_URB,2038,0.0
RE1,CA_RESREF_URB,2039,0.0
RE1,CA_RESREF_URB,2040,0.0
RE1,CA_RESREF_URB,2041,0.0
RE1,CA_RESREF_URB,2042,0.0
RE1,CA_RESREF_URB,2043,0.0
RE1,CA_RESREF_URB,2044,0.0
RE1,CA_RESREF_URB,2045,0.0
RE1,CA_RESREF_URB,2046,0.0
RE1,CA_RESREF_URB,2047,0.0
RE1,CA_RESREF_URB,2048,0.0
RE1,CA_RESREF_URB,2049,0.0
RE1,CA_RESREF_URB,2050,0.0
RE1,CA_RESREF_URB,2051,0.0
RE1,CA_RESREF_URB,2052,0.0
RE1,CA_RESREF_URB,2053,0.0
RE1,CA_RESREF_URB,2054,0.0
RE1,CA_RESTV_RUR,2022,0.0
RE1,CA_RESTV_RUR,2023,0.0
RE1,CA_RESTV_RUR,2024,0.0
RE1,CA_RESTV_RUR,2025,0.0
RE1,CA_RESTV_RUR,2026,0.0
RE1,CA_RESTV_RUR,2027,0.0
RE1,CA_RESTV_RUR,2028,0.0
RE1,CA_RESTV_RUR,2029,0.0
RE1,CA_RESTV_RUR,2030,0.0
RE1,CA_RESTV_RUR,2031,0.0
RE1,CA_RESTV_RUR,2032,0.0
RE1,CA_RESTV_RUR,2033,0.0
RE1,CA_RESTV_RUR,2034,0.0
RE1,CA_RESTV_RUR,2035,0.0
RE1,CA_RESTV_RUR,2036,0.0
RE1,CA_RESTV_RUR,2037,0.0
RE1,CA_RESTV_RUR,2038,0.0
RE1,CA_RESTV_RUR,2039,0.0
RE1,CA_RESTV_RUR,2040,0.0
RE1,CA_RESTV_RUR,2041,0.0
RE1,CA_RESTV_RUR,2042,0.0
RE1,CA_RESTV_RUR,2043,0.0
RE1,CA_RESTV_RUR,2044,0.0
RE1,CA_RESTV_RUR,2045,0.0
RE1,CA_RESTV_RUR,2046,0.0
RE1,CA_RESTV_RUR,2047,0.0
RE1,CA_RESTV_RUR,2048,0.0
RE1,CA_RESTV_RUR,2049,0.0
RE1,CA_RESTV_RUR,2050,0.0
RE1,CA_RESTV_RUR,2051,0.0
RE1,CA_RESTV_RUR,2052,0.0
RE1,CA_RESTV_RUR,2053,0.0
RE1,CA_RESTV_RUR,2054,0.0
RE1,CA_RESTV_URB,2022,0.0
RE1,CA_RESTV_URB,2023,0.0
RE1,CA_RESTV_URB,2024,0.0
RE1,CA_RESTV_URB,2025,0.0
RE1,CA_RESTV_URB,2026,0.0
RE1,CA_RESTV_URB,2027,0.0
RE1,CA_RESTV_URB,2028,0.0
RE1,CA_RESTV_URB,2029,0.0
RE1,CA_RESTV_URB,2030,0.0
RE1,CA_RESTV_URB,2031,0.0
RE1,CA_RESTV_URB,2032,0.0
RE1,CA_RESTV_URB,2033,0.0
RE1,CA_RESTV_URB,2034,0.0
RE1,CA_RESTV_URB,2035,0.0
RE1,CA_RESTV_URB,2036,0.0
RE1,CA_RESTV_URB,2037,0.0
RE1,CA_RESTV_URB,2038,0.0
RE1,CA_RESTV_URB,2039,0.0
RE1,CA_RESTV_URB,2040,0.0
RE1,CA_RESTV_URB,2041,0.0
RE1,CA_RESTV_URB,2042,0.0
RE1,CA_RESTV_URB,2043,0.0
RE1,CA_RESTV_URB,2044,0.0
RE1,CA_RESTV_URB,2045,0.0
RE1,CA_RESTV_URB,2046,0.0
RE1,CA_RESTV_URB,2047,0.0
RE1,CA_RESTV_URB,2048,0.0
RE1,CA_RESTV_URB,2049,0.0
RE1,CA_RESTV_URB,2050,0.0
RE1,CA_RESTV_URB,2051,0.0
RE1,CA_RESTV_URB,2052,0.0
RE1,CA_RESTV_URB,2053,0.0
RE1,CA_RESTV_URB,2054,0.0
RE1,CA_RESWHT_RUR,2022,0.0
RE1,CA_RESWHT_RUR,2023,0.0
RE1,CA_RESWHT_RUR,2024,0.0
RE1,CA_RESWHT_RUR,2025,0.0
RE1,CA_RESWHT_RUR,2026,0.0
RE1,CA_RESWHT_RUR,2027,0.0
RE1,CA_RESWHT_RUR,2028,0.0
RE1,CA_RESWHT_RUR,2029,0.0
RE1,CA_RESWHT_RUR,2030,0.0
RE1,CA_RESWHT_RUR,2031,0.0
RE1,CA_RESWHT_RUR,2032,0.0
RE1,CA_RESWHT_RUR,2033,0.0
RE1,CA_RESWHT_RUR,2034,0.0
RE1,CA_RESWHT_RUR,2035,0.0
RE1,CA_RESWHT_RUR,2036,0.0
RE1,CA_RESWHT_RUR,2037,0.0
RE1,CA_RESWHT_RUR,2038,0.0
RE1,CA_RESWHT_RUR,2039,0.0
RE1,CA_RESWHT_RUR,2040,0.0
RE1,CA_RESWHT_RUR,2041,0.0
RE1,CA_RESWHT_RUR,2042,0.0
RE1,CA_RESWHT_RUR,2043,0.0
RE1,CA_RESWHT_RUR,2044,0.0
RE1,CA_RESWHT_RUR,2045,0.0
RE1,CA_RESWHT_RUR,2046,0.0
RE1,CA_RESWHT_RUR,2047,0.0
RE1,CA_RESWHT_RUR,2048,0.0
RE1,CA_RESWHT_RUR,2049,0.0
RE1,CA_RESWHT_RUR,2050,0.0
RE1,CA_RESWHT_RUR,2051,0.0
RE1,CA_RESWHT_RUR,2052,0.0
RE1,CA_RESWHT_RUR,2053,0.0
RE1,CA_RESWHT_RUR,2054,0.0
RE1,CA_RESWHT_URB,2022,0.0
RE1,CA_RESWHT_URB,2023,0.0
RE1,CA_RESWHT_URB,2024,0.0
RE1,CA_RESWHT_URB,2025,0.0
RE1,CA_RESWHT_URB,2026,0.0
RE1,CA_RESWHT_URB,2027,0.0
RE1,CA_RESWHT_URB,2028,0.0
RE1,CA_RESWHT_URB,2029,0.0
RE1,CA_RESWHT_URB,2030,0.0
RE1,CA_RESWHT_URB,2031,0.0
RE1,CA_RESWHT_URB,2032,0.0
RE1,CA_RESWHT_URB,2033,0.0
RE1,CA_RESWHT_URB,2034,0.0
RE1,CA_RESWHT_URB,2035,0.0
RE1,CA_RESWHT_URB,2036,0.0
RE1,CA_RESWHT_URB,2037,0.0
RE1,CA_RESWHT_URB,2038,0.0
RE1,CA_RESWHT_URB,2039,0.0
RE1,CA_RESWHT_URB,2040,0.0
RE1,CA_RESWHT_URB,2041,0.0
RE1,CA_RESWHT_URB,2042,0.0
RE1,CA_RESWHT_URB,2043,0.0
RE1,CA_RESWHT_URB,2044,0.0
RE1,CA_RESWHT_URB,2045,0.0
RE1,CA_RESWHT_URB,2046,0.0
RE1,CA_RESWHT_URB,2047,0.0
RE1,CA_RESWHT_URB,2048,0.0
RE1,CA_RESWHT_URB,2049,0.0
RE1,CA_RESWHT_URB,2050,0.0
RE1,CA_RESWHT_URB,2051,0.0
RE1,CA_RESWHT_URB,2052,0.0
RE1,CA_RESWHT_URB,2053,0.0
RE1,CA_RESWHT_URB,2054,0.0
RE1,CA_RESWSH_RUR,2022,0.0
RE1,CA_RESWSH_RUR,2023,0.0
RE1,CA_RESWSH_RUR,2024,0.0
RE1,CA_RESWSH_RUR,2025,0.0
RE1,CA_RESWSH_RUR,2026,0.0
RE1,CA_RESWSH_RUR,2027,0.0
RE1,CA_RESWSH_RUR,2028,0.0
RE1,CA_RESWSH_RUR,2029,0.0
RE1,CA_RESWSH_RUR,2030,0.0
RE1,CA_RESWSH_RUR,2031,0.0
RE1,CA_RESWSH_RUR,2032,0.0
RE1,CA_RESWSH_RUR,2033,0.0
RE1,CA_RESWSH_RUR,2034,0.0
RE1,CA_RESWSH_RUR,2035,0.0
RE1,CA_RESWSH_RUR,2036,0.0
RE1,CA_RESWSH_RUR,2037,0.0
RE1,CA_RESWSH_RUR,2038,0.0
RE1,CA_RESWSH_RUR,2039,0.0
RE1,CA_RESWSH_RUR,2040,0.0
RE1,CA_RESWSH_RUR,2041,0.0
RE1,CA_RESWSH_RUR,2042,0.0
RE1,CA_RESWSH_RUR,2043,0.0
RE1,CA_RESWSH_RUR,2044,0.0
RE1,CA_RESWSH_RUR,2045,0.0
RE1,CA_RESWSH_RUR,2046,0.0
RE1,CA_RESWSH_RUR,2047,0.0
RE1,CA_RESWSH_RUR,2048,0.0
RE1,CA_RESWSH_RUR,2049,0.0
RE1,CA_RESWSH_RUR,2050,0.0
RE1,CA_RESWSH_RUR,2051,0.0
RE1,CA_RESWSH_RUR,2052,0.0
RE1,CA_RESWSH_RUR,2053,0.0
RE1,CA_RESWSH_RUR,2054,0.0
RE1,CA_RESWSH_URB,2022,0.0
RE1,CA_RESWSH_URB,2023,0.0
RE1,CA_RESWSH_URB,2024,0.0
RE1,CA_RESWSH_URB,2025,0.0
RE1,CA_RESWSH_URB,2026,0.0
RE1,CA_RESWSH_URB,2027,0.0
RE1,CA_RESWSH_URB,2028,0.0
RE1,CA_RESWSH_URB,2029,0.0
RE1,CA_RESWSH_URB,2030,0.0
RE1,CA_RESWSH_URB,2031,0.0
RE1,CA_RESWSH_URB,2032,0.0
RE1,CA_RESWSH_URB,2033,0.0
RE1,CA_RESWSH_URB,2034,0.0
RE1,CA_RESWSH_URB,2035,0.0
RE1,CA_RESWSH_URB,2036,0.0
RE1,CA_RESWSH_URB,2037,0.0
RE1,CA_RESWSH_URB,2038,0.0
RE1,CA_RESWSH_URB,2039,0.0
RE1,CA_RESWSH_URB,2040,0.0
RE1,CA_RESWSH_URB,2041,0.0
RE1,CA_RESWSH_URB,2042,0.0
RE1,CA_RESWSH_URB,2043,0.0
RE1,CA_RESWSH_URB,2044,0.0
RE1,CA_RESWSH_URB,2045,0.0
RE1,CA_RESWSH_URB,2046,0.0
RE1,CA_RESWSH_URB,2047,0.0
RE1,CA_RESWSH_URB,2048,0.0
RE1,CA_RESWSH_URB,2049,0.0
RE1,CA_RESWSH_URB,2050,0.0
RE1,CA_RESWSH_URB,2051,0.0
RE1,CA_RESWSH_URB,2052,0.0
RE1,CA_RESWSH_URB,2053,0.0
RE1,CA_RESWSH_URB,2054,0.0
RE1,CA_TERCLIM_CEN,2022,0.0
RE1,CA_TERCLIM_CEN,2023,0.0
RE1,CA_TERCLIM_CEN,2024,0.0
RE1,CA_TERCLIM_CEN,2025,0.0
RE1,CA_TERCLIM_CEN,2026,0.0
RE1,CA_TERCLIM_CEN,2027,0.0
RE1,CA_TERCLIM_CEN,2028,0.0
RE1,CA_TERCLIM_CEN,2029,0.0
RE1,CA_TERCLIM_CEN,2030,0.0
RE1,CA_TERCLIM_CEN,2031,0.0
RE1,CA_TERCLIM_CEN,2032,0.0
RE1,CA_TERCLIM_CEN,2033,0.0
RE1,CA_TERCLIM_CEN,2034,0.0
RE1,CA_TERCLIM_CEN,2035,0.0
RE1,CA_TERCLIM_CEN,2036,0.0
RE1,CA_TERCLIM_CEN,2037,0.0
RE1,CA_TERCLIM_CEN,2038,0.0
RE1,CA_TERCLIM_CEN,2039,0.0
RE1,CA_TERCLIM_CEN,2040,0.0
RE1,CA_TERCLIM_CEN,2041,0.0
RE1,CA_TERCLIM_CEN,2042,0.0
RE1,CA_TERCLIM_CEN,2043,0.0
RE1,CA_TERCLIM_CEN,2044,0.0
RE1,CA_TERCLIM_CEN,2045,0.0
RE1,CA_TERCLIM_CEN,2046,0.0
RE1,CA_TERCLIM_CEN,2047,0.0
RE1,CA_TERCLIM_CEN,2048,0.0
RE1,CA_TERCLIM_CEN,2049,0.0
RE1,CA_TERCLIM_CEN,2050,0.0
RE1,CA_TERCLIM_CEN,2051,0.0
RE1,CA_TERCLIM_CEN,2052,0.0
RE1,CA_TERCLIM_CEN,2053,0.0
RE1,CA_TERCLIM_CEN,2054,0.0
RE1,CA_TERCLIM_FAN,2022,0.0
RE1,CA_TERCLIM_FAN,2023,0.0
RE1,CA_TERCLIM_FAN,2024,0.0
RE1,CA_TERCLIM_FAN,2025,0.0
RE1,CA_TERCLIM_FAN,2026,0.0
RE1,CA_TERCLIM_FAN,2027,0.0
RE1,CA_TERCLIM_FAN,2028,0.0
RE1,CA_TERCLIM_FAN,2029,0.0
RE1,CA_TERCLIM_FAN,2030,0.0
RE1,CA_TERCLIM_FAN,2031,0.0
RE1,CA_TERCLIM_FAN,2032,0.0
RE1,CA_TERCLIM_FAN,2033,0.0
RE1,CA_TERCLIM_FAN,2034,0.0
RE1,CA_TERCLIM_FAN,2035,0.0
RE1,CA_TERCLIM_FAN,2036,0.0
RE1,CA_TERCLIM_FAN,2037,0.0
RE1,CA_TERCLIM_FAN,2038,0.0
RE1,CA_TERCLIM_FAN,2039,0.0
RE1,CA_TERCLIM_FAN,2040,0.0
RE1,CA_TERCLIM_FAN,2041,0.0
RE1,CA_TERCLIM_FAN,2042,0.0
RE1,CA_TERCLIM_FAN,2043,0.0
RE1,CA_TERCLIM_FAN,2044,0.0
RE1,CA_TERCLIM_FAN,2045,0.0
RE1,CA_TERCLIM_FAN,2046,0.0
RE1,CA_TERCLIM_FAN,2047,0.0
RE1,CA_TERCLIM_FAN,2048,0.0
RE1,CA_TERCLIM_FAN,2049,0.0
RE1,CA_TERCLIM_FAN,2050,0.0
RE1,CA_TERCLIM_FAN,2051,0.0
RE1,CA_TERCLIM_FAN,2052,0.0
RE1,CA_TERCLIM_FAN,2053,0.0
RE1,CA_TERCLIM_FAN,2054,0.0
RE1,CA_TERCLIM_SPL,2022,0.0
RE1,CA_TERCLIM_SPL,2023,0.0
RE1,CA_TERCLIM_SPL,2024,0.0
RE1,CA_TERCLIM_SPL,2025,0.0
RE1,CA_TERCLIM_SPL,2026,0.0
RE1,CA_TERCLIM_SPL,2027,0.0
RE1,CA_TERCLIM_SPL,2028,0.0
RE1,CA_TERCLIM_SPL,2029,0.0
RE1,CA_TERCLIM_SPL,2030,0.0
RE1,CA_TERCLIM_SPL,2031,0.0
RE1,CA_TERCLIM_SPL,2032,0.0
RE1,CA_TERCLIM_SPL,2033,0.0
RE1,CA_TERCLIM_SPL,2034,0.0
RE1,CA_TERCLIM_SPL,2035,0.0
RE1,CA_TERCLIM_SPL,2036,0.0
RE1,CA_TERCLIM_SPL,2037,0.0
RE1,CA_TERCLIM_SPL,2038,0.0
RE1,CA_TERCLIM_SPL,2039,0.0
RE1,CA_TERCLIM_SPL,2040,0.0
RE1,CA_TERCLIM_SPL,2041,0.0
RE1,CA_TERCLIM_SPL,2042,0.0
RE1,CA_TERCLIM_SPL,2043,0.0
RE1,CA_TERCLIM_SPL,2044,0.0
RE1,CA_TERCLIM_SPL,2045,0.0
RE1,CA_TERCLIM_SPL,2046,0.0
RE1,CA_TERCLIM_SPL,2047,0.0
RE1,CA_TERCLIM_SPL,2048,0.0
RE1,CA_TERCLIM_SPL,2049,0.0
RE1,CA_TERCLIM_SPL,2050,0.0
RE1,CA_TERCLIM_SPL,2051,0.0
RE1,CA_TERCLIM_SPL,2052,0.0
RE1,CA_TERCLIM_SPL,2053,0.0
RE1,CA_TERCLIM_SPL,2054,0.0
RE1,CA_TERDATA,2022,0.0
RE1,CA_TERDATA,2023,0.0
RE1,CA_TERDATA,2024,0.0
RE1,CA_TERDATA,2025,0.0
RE1,CA_TERDATA,2026,0.0
RE1,CA_TERDATA,2027,0.0
RE1,CA_TERDATA,2028,0.0
RE1,CA_TERDATA,2029,0.0
RE1,CA_TERDATA,2030,0.0
RE1,CA_TERDATA,2031,0.0
RE1,CA_TERDATA,2032,0.0
RE1,CA_TERDATA,2033,0.0
RE1,CA_TERDATA,2034,0.0
RE1,CA_TERDATA,2035,0.0
RE1,CA_TERDATA,2036,0.0
RE1,CA_TERDATA,2037,0.0
RE1,CA_TERDATA,2038,0.0
RE1,CA_TERDATA,2039,0.0
RE1,CA_TERDATA,2040,0.0
RE1,CA_TERDATA,2041,0.0
RE1,CA_TERDATA,2042,0.0
RE1,CA_TERDATA,2043,0.0
RE1,CA_TERDATA,2044,0.0
RE1,CA_TERDATA,2045,0.0
RE1,CA_TERDATA,2046,0.0
RE1,CA_TERDATA,2047,0.0
RE1,CA_TERDATA,2048,0.0
RE1,CA_TERDATA,2049,0.0
RE1,CA_TERDATA,2050,0.0
RE1,CA_TERDATA,2051,0.0
RE1,CA_TERDATA,2052,0.0
RE1,CA_TERDATA,2053,0.0
RE1,CA_TERDATA,2054,0.0
RE1,CA_TERDHT,2022,0.0
RE1,CA_TERDHT,2023,0.0
RE1,CA_TERDHT,2024,0.0
RE1,CA_TERDHT,2025,0.0
RE1,CA_TERDHT,2026,0.0
RE1,CA_TERDHT,2027,0.0
RE1,CA_TERDHT,2028,0.0
RE1,CA_TERDHT,2029,0.0
RE1,CA_TERDHT,2030,0.0
RE1,CA_TERDHT,2031,0.0
RE1,CA_TERDHT,2032,0.0
RE1,CA_TERDHT,2033,0.0
RE1,CA_TERDHT,2034,0.0
RE1,CA_TERDHT,2035,0.0
RE1,CA_TERDHT,2036,0.0
RE1,CA_TERDHT,2037,0.0
RE1,CA_TERDHT,2038,0.0
RE1,CA_TERDHT,2039,0.0
RE1,CA_TERDHT,2040,0.0
RE1,CA_TERDHT,2041,0.0
RE1,CA_TERDHT,2042,0.0
RE1,CA_TERDHT,2043,0.0
RE1,CA_TERDHT,2044,0.0
RE1,CA_TERDHT,2045,0.0
RE1,CA_TERDHT,2046,0.0
RE1,CA_TERDHT,2047,0.0
RE1,CA_TERDHT,2048,0.0
RE1,CA_TERDHT,2049,0.0
RE1,CA_TERDHT,2050,0.0
RE1,CA_TERDHT,2051,0.0
RE1,CA_TERDHT,2052,0.0
RE1,CA_TERDHT,2053,0.0
RE1,CA_TERDHT,2054,0.0
RE1,CA_TERIHT,2022,0.0
RE1,CA_TERIHT,2023,0.0
RE1,CA_TERIHT,2024,0.0
RE1,CA_TERIHT,2025,0.0
RE1,CA_TERIHT,2026,0.0
RE1,CA_TERIHT,2027,0.0
RE1,CA_TERIHT,2028,0.0
RE1,CA_TERIHT,2029,0.0
RE1,CA_TERIHT,2030,0.0
RE1,CA_TERIHT,2031,0.0
RE1,CA_TERIHT,2032,0.0
RE1,CA_TERIHT,2033,0.0
RE1,CA_TERIHT,2034,0.0
RE1,CA_TERIHT,2035,0.0
RE1,CA_TERIHT,2036,0.0
RE1,CA_TERIHT,2037,0.0
RE1,CA_TERIHT,2038,0.0
RE1,CA_TERIHT,2039,0.0
RE1,CA_TERIHT,2040,0.0
RE1,CA_TERIHT,2041,0.0
RE1,CA_TERIHT,2042,0.0
RE1,CA_TERIHT,2043,0.0
RE1,CA_TERIHT,2044,0.0
RE1,CA_TERIHT,2045,0.0
RE1,CA_TERIHT,2046,0.0
RE1,CA_TERIHT,2047,0.0
RE1,CA_TERIHT,2048,0.0
RE1,CA_TERIHT,2049,0.0
RE1,CA_TERIHT,2050,0.0
RE1,CA_TERIHT,2051,0.0
RE1,CA_TERIHT,2052,0.0
RE1,CA_TERIHT,2053,0.0
RE1,CA_TERIHT,2054,0.0
RE1,CA_TERILU,2022,0.0
RE1,CA_TERILU,2023,0.0
RE1,CA_TERILU,2024,0.0
RE1,CA_TERILU,2025,0.0
RE1,CA_TERILU,2026,0.0
RE1,CA_TERILU,2027,0.0
RE1,CA_TERILU,2028,0.0
RE1,CA_TERILU,2029,0.0
RE1,CA_TERILU,2030,0.0
RE1,CA_TERILU,2031,0.0
RE1,CA_TERILU,2032,0.0
RE1,CA_TERILU,2033,0.0
RE1,CA_TERILU,2034,0.0
RE1,CA_TERILU,2035,0.0
RE1,CA_TERILU,2036,0.0
RE1,CA_TERILU,2037,0.0
RE1,CA_TERILU,2038,0.0
RE1,CA_TERILU,2039,0.0
RE1,CA_TERILU,2040,0.0
RE1,CA_TERILU,2041,0.0
RE1,CA_TERILU,2042,0.0
RE1,CA_TERILU,2043,0.0
RE1,CA_TERILU,2044,0.0
RE1,CA_TERILU,2045,0.0
RE1,CA_TERILU,2046,0.0
RE1,CA_TERILU,2047,0.0
RE1,CA_TERILU,2048,0.0
RE1,CA_TERILU,2049,0.0
RE1,CA_TERILU,2050,0.0
RE1,CA_TERILU,2051,0.0
RE1,CA_TERILU,2052,0.0
RE1,CA_TERILU,2053,0.0
RE1,CA_TERILU,2054,0.0
RE1,CA_TERMPW,2022,0.0
RE1,CA_TERMPW,2023,0.0
RE1,CA_TERMPW,2024,0.0
RE1,CA_TERMPW,2025,0.0
RE1,CA_TERMPW,2026,0.0
RE1,CA_TERMPW,2027,0.0
RE1,CA_TERMPW,2028,0.0
RE1,CA_TERMPW,2029,0.0
RE1,CA_TERMPW,2030,0.0
RE1,CA_TERMPW,2031,0.0
RE1,CA_TERMPW,2032,0.0
RE1,CA_TERMPW,2033,0.0
RE1,CA_TERMPW,2034,0.0
RE1,CA_TERMPW,2035,0.0
RE1,CA_TERMPW,2036,0.0
RE1,CA_TERMPW,2037,0.0
RE1,CA_TERMPW,2038,0.0
RE1,CA_TERMPW,2039,0.0
RE1,CA_TERMPW,2040,0.0
RE1,CA_TERMPW,2041,0.0
RE1,CA_TERMPW,2042,0.0
RE1,CA_TERMPW,2043,0.0
RE1,CA_TERMPW,2044,0.0
RE1,CA_TERMPW,2045,0.0
RE1,CA_TERMPW,2046,0.0
RE1,CA_TERMPW,2047,0.0
RE1,CA_TERMPW,2048,0.0
RE1,CA_TERMPW,2049,0.0
RE1,CA_TERMPW,2050,0.0
RE1,CA_TERMPW,2051,0.0
RE1,CA_TERMPW,2052,0.0
RE1,CA_TERMPW,2053,0.0
RE1,CA_TERMPW,2054,0.0
RE1,CA_TEROTH,2022,0.0
RE1,CA_TEROTH,2023,0.0
RE1,CA_TEROTH,2024,0.0
RE1,CA_TEROTH,2025,0.0
RE1,CA_TEROTH,2026,0.0
RE1,CA_TEROTH,2027,0.0
RE1,CA_TEROTH,2028,0.0
RE1,CA_TEROTH,2029,0.0
RE1,CA_TEROTH,2030,0.0
RE1,CA_TEROTH,2031,0.0
RE1,CA_TEROTH,2032,0.0
RE1,CA_TEROTH,2033,0.0
RE1,CA_TEROTH,2034,0.0
RE1,CA_TEROTH,2035,0.0
RE1,CA_TEROTH,2036,0.0
RE1,CA_TEROTH,2037,0.0
RE1,CA_TEROTH,2038,0.0
RE1,CA_TEROTH,2039,0.0
RE1,CA_TEROTH,2040,0.0
RE1,CA_TEROTH,2041,0.0
RE1,CA_TEROTH,2042,0.0
RE1,CA_TEROTH,2043,0.0
RE1,CA_TEROTH,2044,0.0
RE1,CA_TEROTH,2045,0.0
RE1,CA_TEROTH,2046,0.0
RE1,CA_TEROTH,2047,0.0
RE1,CA_TEROTH,2048,0.0
RE1,CA_TEROTH,2049,0.0
RE1,CA_TEROTH,2050,0.0
RE1,CA_TEROTH,2051,0.0
RE1,CA_TEROTH,2052,0.0
RE1,CA_TEROTH,2053,0.0
RE1,CA_TEROTH,2054,0.0
RE1,CA_TERREF_AUC,2022,0.0
RE1,CA_TERREF_AUC,2023,0.0
RE1,CA_TERREF_AUC,2024,0.0
RE1,CA_TERREF_AUC,2025,0.0
RE1,CA_TERREF_AUC,2026,0.0
RE1,CA_TERREF_AUC,2027,0.0
RE1,CA_TERREF_AUC,2028,0.0
RE1,CA_TERREF_AUC,2029,0.0
RE1,CA_TERREF_AUC,2030,0.0
RE1,CA_TERREF_AUC,2031,0.0
RE1,CA_TERREF_AUC,2032,0.0
RE1,CA_TERREF_AUC,2033,0.0
RE1,CA_TERREF_AUC,2034,0.0
RE1,CA_TERREF_AUC,2035,0.0
RE1,CA_TERREF_AUC,2036,0.0
RE1,CA_TERREF_AUC,2037,0.0
RE1,CA_TERREF_AUC,2038,0.0
RE1,CA_TERREF_AUC,2039,0.0
RE1,CA_TERREF_AUC,2040,0.0
RE1,CA_TERREF_AUC,2041,0.0
RE1,CA_TERREF_AUC,2042,0.0
RE1,CA_TERREF_AUC,2043,0.0
RE1,CA_TERREF_AUC,2044,0.0
RE1,CA_TERREF_AUC,2045,0.0
RE1,CA_TERREF_AUC,2046,0.0
RE1,CA_TERREF_AUC,2047,0.0
RE1,CA_TERREF_AUC,2048,0.0
RE1,CA_TERREF_AUC,2049,0.0
RE1,CA_TERREF_AUC,2050,0.0
RE1,CA_TERREF_AUC,2051,0.0
RE1,CA_TERREF_AUC,2052,0.0
RE1,CA_TERREF_AUC,2053,0.0
RE1,CA_TERREF_AUC,2054,0.0
RE1,CA_TERREF_CEN,2022,0.0
RE1,CA_TERREF_CEN,2023,0.0
RE1,CA_TERREF_CEN,2024,0.0
RE1,CA_TERREF_CEN,2025,0.0
RE1,CA_TERREF_CEN,2026,0.0
RE1,CA_TERREF_CEN,2027,0.0
RE1,CA_TERREF_CEN,2028,0.0
RE1,CA_TERREF_CEN,2029,0.0
RE1,CA_TERREF_CEN,2030,0.0
RE1,CA_TERREF_CEN,2031,0.0
RE1,CA_TERREF_CEN,2032,0.0
RE1,CA_TERREF_CEN,2033,0.0
RE1,CA_TERREF_CEN,2034,0.0
RE1,CA_TERREF_CEN,2035,0.0
RE1,CA_TERREF_CEN,2036,0.0
RE1,CA_TERREF_CEN,2037,0.0
RE1,CA_TERREF_CEN,2038,0.0
RE1,CA_TERREF_CEN,2039,0.0
RE1,CA_TERREF_CEN,2040,0.0
RE1,CA_TERREF_CEN,2041,0.0
RE1,CA_TERREF_CEN,2042,0.0
RE1,CA_TERREF_CEN,2043,0.0
RE1,CA_TERREF_CEN,2044,0.0
RE1,CA_TERREF_CEN,2045,0.0
RE1,CA_TERREF_CEN,2046,0.0
RE1,CA_TERREF_CEN,2047,0.0
RE1,CA_TERREF_CEN,2048,0.0
RE1,CA_TERREF_CEN,2049,0.0
RE1,CA_TERREF_CEN,2050,0.0
RE1,CA_TERREF_CEN,2051,0.0
RE1,CA_TERREF_CEN,2052,0.0
RE1,CA_TERREF_CEN,2053,0.0
RE1,CA_TERREF_CEN,2054,0.0
RE1,CA_TRAAVI,2022,14.31061680055697
RE1,CA_TRAAVI,2023,15.64270037604513
RE1,CA_TRAAVI,2024,16.13332796491008
RE1,CA_TRAAVI,2025,16.51597017046504
RE1,CA_TRAAVI,2026,17.02765640719543
RE1,CA_TRAAVI,2027,17.53934264392582
RE1,CA_TRAAVI,2028,17.98964397304846
RE1,CA_TRAAVI,2029,18.44487344613959
RE1,CA_TRAAVI,2030,18.90772097118206
RE1,CA_TRAAVI,2031,19.37818431217586
RE1,CA_TRAAVI,2032,19.85760954111239
RE1,CA_TRAAVI,2033,20.34375618600597
RE1,CA_TRAAVI,2034,20.8375186468509
RE1,CA_TRAAVI,2035,21.33934635964428
RE1,CA_TRAAVI,2036,21.84968876038325
RE1,CA_TRAAVI,2037,22.36675257707928
RE1,CA_TRAAVI,2038,22.89142997372666
RE1,CA_TRAAVI,2039,23.42373213032532
RE1,CA_TRAAVI,2040,23.96542548686396
RE1,CA_TRAAVI,2041,24.71607304206742
RE1,CA_TRAAVI,2042,25.25615647861636
RE1,CA_TRAAVI,2043,25.79626227516515
RE1,CA_TRAAVI,2044,26.33634571171408
RE1,CA_TRAAVI,2045,26.87642914826302
RE1,CA_TRAAVI,2046,27.41653494481181
RE1,CA_TRAAVI,2047,27.95661838136075
RE1,CA_TRAAVI,2048,28.49670181790968
RE1,CA_TRAAVI,2049,29.03680761445847
RE1,CA_TRAAVI,2050,29.57689105100741
RE1,CA_TRAAVI,2051,30.11697448755635
RE1,CA_TRAAVI,2052,30.65708028410513
RE1,CA_TRAAVI,2053,31.19716372065407
RE1,CA_TRAAVI,2054,31.73726951720286
RE1,CA_TRABUS,2022,2.81252771029062
RE1,CA_TRABUS,2023,3.322258350804784
RE1,CA_TRABUS,2024,3.966732347152753
RE1,CA_TRABUS,2025,4.055314085191261
RE1,CA_TRABUS,2026,4.147654728538244
RE1,CA_TRABUS,2027,4.250924980767706
RE1,CA_TRABUS,2028,4.352692317662764
RE1,CA_TRABUS,2029,4.480274980100115
RE1,CA_TRABUS,2030,4.655921609687282
RE1,CA_TRABUS,2031,4.926408442868242
RE1,CA_TRABUS,2032,5.284880396288203
RE1,CA_TRABUS,2033,5.696317213122744
RE1,CA_TRABUS,2034,5.958237291524108
RE1,CA_TRABUS,2035,6.422527209793623
RE1,CA_TRABUS,2036,6.847850765178682
RE1,CA_TRABUS,2037,7.319024417044673
RE1,CA_TRABUS,2038,7.816078911130218
RE1,CA_TRABUS,2039,8.373872687047648
RE1,CA_TRABUS,2040,8.742170313333101
RE1,CA_TRABUS,2041,9.217045256998546
RE1,CA_TRABUS,2042,9.716444276164005
RE1,CA_TRABUS,2043,10.36369603012596
RE1,CA_TRABUS,2044,10.70741504552345
RE1,CA_TRABUS,2045,11.18197513596287
RE1,CA_TRABUS,2046,11.47002187978874
RE1,CA_TRABUS,2047,12.02654312875627
RE1,CA_TRABUS,2048,12.39706560550081
RE1,CA_TRABUS,2049,12.74286649453106
RE1,CA_TRABUS,2050,13.04675615653081
RE1,CA_TRABUS,2051,13.32545483602556
RE1,CA_TRABUS,2052,13.60411816327035
RE1,CA_TRABUS,2053,13.42977463590373
RE1,CA_TRABUS,2054,13.26097765542785
RE1,CA_TRAFWD,2022,1.734695292149928
RE1,CA_TRAFWD,2023,1.641988398792208
RE1,CA_TRAFWD,2024,1.513128021564207
RE1,CA_TRAFWD,2025,1.59695160253849
RE1,CA_TRAFWD,2026,1.679974141657816
RE1,CA_TRAFWD,2027,1.756812116594803
RE1,CA_TRAFWD,2028,1.830650334053286
RE1,CA_TRAFWD,2029,1.908183783248492
RE1,CA_TRAFWD,2030,1.993663688629239
RE1,CA_TRAFWD,2031,2.076803001597549
RE1,CA_TRAFWD,2032,2.187459717320709
RE1,CA_TRAFWD,2033,2.315228361506651
RE1,CA_TRAFWD,2034,2.425980567926405
RE1,CA_TRAFWD,2035,2.539592027680571
RE1,CA_TRAFWD,2036,2.665268938515264
RE1,CA_TRAFWD,2037,2.796152513422831
RE1,CA_TRAFWD,2038,2.933523289066892
RE1,CA_TRAFWD,2039,3.061303579944168
RE1,CA_TRAFWD,2040,3.184364906206895
RE1,CA_TRAFWD,2041,3.316081955523686
RE1,CA_TRAFWD,2042,3.475546276987964
RE1,CA_TRAFWD,2043,3.636615631765833
RE1,CA_TRAFWD,2044,3.813682818013673
RE1,CA_TRAFWD,2045,3.981617104941659
RE1,CA_TRAFWD,2046,4.139239509294636
RE1,CA_TRAFWD,2047,4.328736511976075
RE1,CA_TRAFWD,2048,4.499865955589532
RE1,CA_TRAFWD,2049,4.680390196871729
RE1,CA_TRAFWD,2050,4.887658660107528
RE1,CA_TRAFWD,2051,5.061417578348775
RE1,CA_TRAFWD,2052,5.201023115773634
RE1,CA_TRAFWD,2053,5.351481286195694
RE1,CA_TRAFWD,2054,5.472479181330084
RE1,CA_TRALDV,2022,2.476325187175913
RE1,CA_TRALDV,2023,2.395038758542773
RE1,CA_TRALDV,2024,2.199482377736317
RE1,CA_TRALDV,2025,2.236633519180774
RE1,CA_TRALDV,2026,2.270491738160233
RE1,CA_TRALDV,2027,2.302108953525669
RE1,CA_TRALDV,2028,2.330036748314095
RE1,CA_TRALDV,2029,2.358700739215321
RE1,CA_TRALDV,2030,2.380803462048791
RE1,CA_TRALDV,2031,2.408010853594256
RE1,CA_TRALDV,2032,2.438950942238504
RE1,CA_TRALDV,2033,2.462459443633366
RE1,CA_TRALDV,2034,2.482931162562743
RE1,CA_TRALDV,2035,2.505867446345843
RE1,CA_TRALDV,2036,2.528892591430154
RE1,CA_TRALDV,2037,2.554400168237235
RE1,CA_TRALDV,2038,2.578229787919462
RE1,CA_TRALDV,2039,2.60111715790031
RE1,CA_TRALDV,2040,2.617963076817497
RE1,CA_TRALDV,2041,2.638081925277151
RE1,CA_TRALDV,2042,2.651829934701018
RE1,CA_TRALDV,2043,2.667506372778915
RE1,CA_TRALDV,2044,2.664701204517468
RE1,CA_TRALDV,2045,2.657157279698384
RE1,CA_TRALDV,2046,2.634666634968224
RE1,CA_TRALDV,2047,2.615492362423093
RE1,CA_TRALDV,2048,2.575846781692737
RE1,CA_TRALDV,2049,2.526629488868844
RE1,CA_TRALDV,2050,2.46487850228597
RE1,CA_TRALDV,2051,2.392600832174022
RE1,CA_TRALDV,2052,2.31493073214075
RE1,CA_TRALDV,2053,2.201636165635923
RE1,CA_TRALDV,2054,2.088850737203854
RE1,CA_TRAMAS,2022,0.0
RE1,CA_TRAMAS,2023,0.0
RE1,CA_TRAMAS,2024,0.0
RE1,CA_TRAMAS,2025,0.0
RE1,CA_TRAMAS,2026,0.0
RE1,CA_TRAMAS,2027,0.0
RE1,CA_TRAMAS,2028,0.0
RE1,CA_TRAMAS,2029,0.0
RE1,CA_TRAMAS,2030,0.0
RE1,CA_TRAMAS,2031,0.0
RE1,CA_TRAMAS,2032,0.0
RE1,CA_TRAMAS,2033,0.0
RE1,CA_TRAMAS,2034,0.0
RE1,CA_TRAMAS,2035,0.0
RE1,CA_TRAMAS,2036,0.0
RE1,CA_TRAMAS,2037,0.0
RE1,CA_TRAMAS,2038,0.0
RE1,CA_TRAMAS,2039,0.0
RE1,CA_TRAMAS,2040,0.0
RE1,CA_TRAMAS,2041,0.0
RE1,CA_TRAMAS,2042,0.0
RE1,CA_TRAMAS,2043,0.0
RE1,CA_TRAMAS,2044,0.0
RE1,CA_TRAMAS,2045,0.0
RE1,CA_TRAMAS,2046,0.0
RE1,CA_TRAMAS,2047,0.0
RE1,CA_TRAMAS,2048,0.0
RE1,CA_TRAMAS,2049,0.0
RE1,CA_TRAMAS,2050,0.0
RE1,CA_TRAMAS,2051,0.0
RE1,CA_TRAMAS,2052,0.0
RE1,CA_TRAMAS,2053,0.0
RE1,CA_TRAMAS,2054,0.0
RE1,CA_TRAMIC,2022,0.3185228156041306
RE1,CA_TRAMIC,2023,0.3638134620479143
RE1,CA_TRAMIC,2024,0.3661869249122501
RE1,CA_TRAMIC,2025,0.3659009345647819
RE1,CA_TRAMIC,2026,0.3657560256322886
RE1,CA_TRAMIC,2027,0.3655294224950598
RE1,CA_TRAMIC,2028,0.3652309965001675
RE1,CA_TRAMIC,2029,0.3648750169503383
RE1,CA_TRAMIC,2030,0.3644969004081129
RE1,CA_TRAMIC,2031,0.3640997638013815
RE1,CA_TRAMIC,2032,0.3637687686984248
RE1,CA_TRAMIC,2033,0.3635255537682252
RE1,CA_TRAMIC,2034,0.3633024524064015
RE1,CA_TRAMIC,2035,0.3634794710791153
RE1,CA_TRAMIC,2036,0.3641490166685697
RE1,CA_TRAMIC,2037,0.3658292770682498
RE1,CA_TRAMIC,2038,0.3688424034693272
RE1,CA_TRAMIC,2039,0.3739343158469649
RE1,CA_TRAMIC,2040,0.3813736544265406
RE1,CA_TRAMIC,2041,0.3931835668934301
RE1,CA_TRAMIC,2042,0.4076797536149621
RE1,CA_TRAMIC,2043,0.4276097349039819
RE1,CA_TRAMIC,2044,0.4481190946522596
RE1,CA_TRAMIC,2045,0.4715917058640257
RE1,CA_TRAMIC,2046,0.4927185468779693
RE1,CA_TRAMIC,2047,0.5206149303389467
RE1,CA_TRAMIC,2048,0.5439112099539339
RE1,CA_TRAMIC,2049,0.5658773821375738
RE1,CA_TRAMIC,2050,0.5861494736092933
RE1,CA_TRAMIC,2051,0.6057511550640929
RE1,CA_TRAMIC,2052,0.6257092259236311
RE1,CA_TRAMIC,2053,0.6291975171252283
RE1,CA_TRAMIC,2054,0.6321306551122491
RE1,CA_TRAMRT,2022,4.218463405102117
RE1,CA_TRAMRT,2023,4.356728641759742
RE1,CA_TRAMRT,2024,4.504658999445488
RE1,CA_TRAMRT,2025,4.665509762537094
RE1,CA_TRAMRT,2026,4.854557494671583
RE1,CA_TRAMRT,2027,5.023796577186043
RE1,CA_TRAMRT,2028,5.186237659218622
RE1,CA_TRAMRT,2029,5.352089504089528
RE1,CA_TRAMRT,2030,5.519101398766214
RE1,CA_TRAMRT,2031,5.687411241037584
RE1,CA_TRAMRT,2032,5.860393773989788
RE1,CA_TRAMRT,2033,6.037806883156756
RE1,CA_TRAMRT,2034,6.220321898176118
RE1,CA_TRAMRT,2035,6.408732477293653
RE1,CA_TRAMRT,2036,6.60045398641717
RE1,CA_TRAMRT,2037,6.797836337000235
RE1,CA_TRAMRT,2038,7.000896964365653
RE1,CA_TRAMRT,2039,7.209784438373841
RE1,CA_TRAMRT,2040,7.424806187247919
RE1,CA_TRAMRT,2041,7.646257492253405
RE1,CA_TRAMRT,2042,7.874379043677449
RE1,CA_TRAMRT,2043,8.10937470577471
RE1,CA_TRAMRT,2044,8.351454592762234
RE1,CA_TRAMRT,2045,8.600835357369954
RE1,CA_TRAMRT,2046,8.857740441585673
RE1,CA_TRAMRT,2047,9.122400299105514
RE1,CA_TRAMRT,2048,9.395052614228941
RE1,CA_TRAMRT,2049,9.67594253029096
RE1,CA_TRAMRT,2050,9.96532288949634
RE1,CA_TRAMRT,2051,9.96532288949634
RE1,CA_TRAMRT,2052,9.96532288949634
RE1,CA_TRAMRT,2053,9.96532288949634
RE1,CA_TRAMRT,2054,9.96532288949634
RE1,CA_TRAMTC,2022,3.1766074826222
RE1,CA_TRAMTC,2023,3.025760172981668
RE1,CA_TRAMTC,2024,2.805333641045443
RE1,CA_TRAMTC,2025,2.905502866204739
RE1,CA_TRAMTC,2026,3.003283384721287
RE1,CA_TRAMTC,2027,3.102382073986448
RE1,CA_TRAMTC,2028,3.195906533685948
RE1,CA_TRAMTC,2029,3.295676870225688
RE1,CA_TRAMTC,2030,3.372587554910975
RE1,CA_TRAMTC,2031,3.463191372260812
RE1,CA_TRAMTC,2032,3.554459130834198
RE1,CA_TRAMTC,2033,3.592014081777954
RE1,CA_TRAMTC,2034,3.584723654828375
RE1,CA_TRAMTC,2035,3.541304766702871
RE1,CA_TRAMTC,2036,3.448962711537185
RE1,CA_TRAMTC,2037,3.285905805937309
RE1,CA_TRAMTC,2038,3.077379473970056
RE1,CA_TRAMTC,2039,2.841405720544512
RE1,CA_TRAMTC,2040,2.580142702924745
RE1,CA_TRAMTC,2041,2.324235603570132
RE1,CA_TRAMTC,2042,2.056453244461937
RE1,CA_TRAMTC,2043,2.012940566967631
RE1,CA_TRAMTC,2044,1.970587107336996
RE1,CA_TRAMTC,2045,1.922790644665355
RE1,CA_TRAMTC,2046,1.884094035931505
RE1,CA_TRAMTC,2047,1.845258657622928
RE1,CA_TRAMTC,2048,1.797861075203257
RE1,CA_TRAMTC,2049,1.762272266459818
RE1,CA_TRAMTC,2050,1.712365585904749
RE1,CA_TRAMTC,2051,1.642263479929862
RE1,CA_TRAMTC,2052,1.578124785409742
RE1,CA_TRAMTC,2053,1.481036260235701
RE1,CA_TRAMTC,2054,1.385018156158972
RE1,CA_TRARVT,2022,0.3479356938069474
RE1,CA_TRARVT,2023,0.3509829693314563
RE1,CA_TRARVT,2024,0.352531822642457
RE1,CA_TRARVT,2025,0.3508014761176795
RE1,CA_TRARVT,2026,0.3538420872642903
RE1,CA_TRARVT,2027,0.3584686895272903
RE1,CA_TRARVT,2028,0.3621012638698133
RE1,CA_TRARVT,2029,0.3654682117303021
RE1,CA_TRARVT,2030,0.3662863330914738
RE1,CA_TRARVT,2031,0.368729237152482
RE1,CA_TRARVT,2032,0.3709513712034826
RE1,CA_TRARVT,2033,0.3729162707015188
RE1,CA_TRARVT,2034,0.3746439730550493
RE1,CA_TRARVT,2035,0.3761575750783278
RE1,CA_TRARVT,2036,0.3798142940952498
RE1,CA_TRARVT,2037,0.380741133457181
RE1,CA_TRARVT,2038,0.3840572445428013
RE1,CA_TRARVT,2039,0.3844530570996452
RE1,CA_TRARVT,2040,0.3845254847539572
RE1,CA_TRARVT,2041,0.3871944187662013
RE1,CA_TRARVT,2042,0.3896837221648691
RE1,CA_TRARVT,2043,0.2177667884700276
RE1,CA_TRARVT,2044,0.221063709432592
RE1,CA_TRARVT,2045,0.2243653489386993
RE1,CA_TRARVT,2046,0.2310670931843666
RE1,CA_TRARVT,2047,0.2344715565441155
RE1,CA_TRARVT,2048,0.2378753226614265
RE1,CA_TRARVT,2049,0.244987233808619
RE1,CA_TRARVT,2050,0.2484911751243433
RE1,CA_TRARVT,2051,0.2484911751243433
RE1,CA_TRARVT,2052,0.2484911751243433
RE1,CA_TRARVT,2053,0.2484911751243433
RE1,CA_TRARVT,2054,0.2484911751243433
RE1,CA_TRASTT,2022,0.6254968626087812
RE1,CA_TRASTT,2023,0.606450190363361
RE1,CA_TRASTT,2024,0.5622474418263324
RE1,CA_TRASTT,2025,0.5726584403693115
RE1,CA_TRASTT,2026,0.5834593510007208
RE1,CA_TRASTT,2027,0.593829218858033
RE1,CA_TRASTT,2028,0.604113854199862
RE1,CA_TRASTT,2029,0.6140585508091756
RE1,CA_TRASTT,2030,0.6246916925456477
RE1,CA_TRASTT,2031,0.6340026688616547
RE1,CA_TRASTT,2032,0.6461848515390957
RE1,CA_TRASTT,2033,0.6603178079713468
RE1,CA_TRASTT,2034,0.6718242635252172
RE1,CA_TRASTT,2035,0.6832411743040155
RE1,CA_TRASTT,2036,0.6958209800416136
RE1,CA_TRASTT,2037,0.708790758791946
RE1,CA_TRASTT,2038,0.7226581079034611
RE1,CA_TRASTT,2039,0.735728168517666
RE1,CA_TRASTT,2040,0.7479607848612998
RE1,CA_TRASTT,2041,0.7608931900890461
RE1,CA_TRASTT,2042,0.7769270172909779
RE1,CA_TRASTT,2043,0.7933692108543753
RE1,CA_TRASTT,2044,0.8097302394689582
RE1,CA_TRASTT,2045,0.8258620937066649
RE1,CA_TRASTT,2046,0.83912143743976
RE1,CA_TRASTT,2047,0.8572626424290224
RE1,CA_TRASTT,2048,0.8720289878418662
RE1,CA_TRASTT,2049,0.886859905634424
RE1,CA_TRASTT,2050,0.9042549292958844
RE1,CA_TRASTT,2051,0.9188999739047451
RE1,CA_TRASTT,2052,0.9303279996765268
RE1,CA_TRASTT,2053,0.9390774558489441
RE1,CA_TRASTT,2054,0.945352705587185
RE1,CA_TRATAX,2022,2.177439574319016
RE1,CA_TRATAX,2023,2.132239346356695
RE1,CA_TRATAX,2024,1.933408576222964
RE1,CA_TRATAX,2025,1.950659452448574
RE1,CA_TRATAX,2026,1.96508117011039
RE1,CA_TRATAX,2027,1.977216313591343
RE1,CA_TRATAX,2028,1.986961667931853
RE1,CA_TRATAX,2029,1.996110650908823
RE1,CA_TRATAX,2030,2.001795142956515
RE1,CA_TRATAX,2031,2.00869857112127
RE1,CA_TRATAX,2032,2.015946652094672
RE1,CA_TRATAX,2033,2.019751810018368
RE1,CA_TRATAX,2034,2.022309309212404
RE1,CA_TRATAX,2035,2.024324756429396
RE1,CA_TRATAX,2036,2.025375760013474
RE1,CA_TRATAX,2037,2.025664849278086
RE1,CA_TRATAX,2038,2.024726991018369
RE1,CA_TRATAX,2039,2.022727490312804
RE1,CA_TRATAX,2040,2.020181665417257
RE1,CA_TRATAX,2041,2.017409320738542
RE1,CA_TRATAX,2042,2.0141725092236
RE1,CA_TRATAX,2043,2.010491357133362
RE1,CA_TRATAX,2044,2.006466095771873
RE1,CA_TRATAX,2045,2.001842945796422
RE1,CA_TRATAX,2046,1.99747496371786
RE1,CA_TRATAX,2047,1.9925664870735
RE1,CA_TRATAX,2048,1.987392528939618
RE1,CA_TRATAX,2049,1.982195938833275
RE1,CA_TRATAX,2050,1.976797491452963
RE1,CA_TRATAX,2051,1.971173080492829
RE1,CA_TRATAX,2052,1.96552439846923
RE1,CA_TRATAX,2053,1.959737678300819
RE1,CA_TRATAX,2054,1.953816215489943
RE1,CA_TRATCK,2022,1.507012922343709
RE1,CA_TRATCK,2023,1.458029345220492
RE1,CA_TRATCK,2024,1.360104203641101
RE1,CA_TRATCK,2025,1.390596805350316
RE1,CA_TRATCK,2026,1.422513400608509
RE1,CA_TRATCK,2027,1.453473671434336
RE1,CA_TRATCK,2028,1.484165026154106
RE1,CA_TRATCK,2029,1.514382160000903
RE1,CA_TRATCK,2030,1.546084763584656
RE1,CA_TRATCK,2031,1.575214417324239
RE1,CA_TRATCK,2032,1.612827335609698
RE1,CA_TRATCK,2033,1.65493692888806
RE1,CA_TRATCK,2034,1.689497455068387
RE1,CA_TRATCK,2035,1.724195056472432
RE1,CA_TRATCK,2036,1.761568602878674
RE1,CA_TRATCK,2037,1.799538706912802
RE1,CA_TRATCK,2038,1.838588927001273
RE1,CA_TRATCK,2039,1.873861180399705
RE1,CA_TRATCK,2040,1.905319404536839
RE1,CA_TRATCK,2041,1.937581982154515
RE1,CA_TRATCK,2042,1.975909420042921
RE1,CA_TRATCK,2043,2.013215592458975
RE1,CA_TRATCK,2044,2.049567745129173
RE1,CA_TRATCK,2045,2.082160202133969
RE1,CA_TRATCK,2046,2.107299980050556
RE1,CA_TRATCK,2047,2.141273720079491
RE1,CA_TRATCK,2048,2.166064169258248
RE1,CA_TRATCK,2049,2.191050737565644
RE1,CA_TRATCK,2050,2.221804876818698
RE1,CA_TRATCK,2051,2.243514049701654
RE1,CA_TRATCK,2052,2.256538076822522
RE1,CA_TRATCK,2053,2.264983375000097
RE1,CA_TRATCK,2054,2.266374428760149
RE1,IN_AGFELC,2022,0.0
RE1,IN_AGFELC,2023,0.0
RE1,IN_AGFELC,2024,0.0
RE1,IN_AGFELC,2025,0.0
RE1,IN_AGFELC,2026,0.0
RE1,IN_AGFELC,2027,0.0
RE1,IN_AGFELC,2028,0.0
RE1,IN_AGFELC,2029,0.0
RE1,IN_AGFELC,2030,0.0
RE1,IN_AGFELC,2031,0.0
RE1,IN_AGFELC,2032,0.0
RE1,IN_AGFELC,2033,0.0
RE1,IN_AGFELC,2034,0.0
RE1,IN_AGFELC,2035,0.0
RE1,IN_AGFELC,2036,0.0
RE1,IN_AGFELC,2037,0.0
RE1,IN_AGFELC,2038,0.0
RE1,IN_AGFELC,2039,0.0
RE1,IN_AGFELC,2040,0.0
RE1,IN_AGFELC,2041,0.0
RE1,IN_AGFELC,2042,0.0
RE1,IN_AGFELC,2043,0.0
RE1,IN_AGFELC,2044,0.0
RE1,IN_AGFELC,2045,0.0
RE1,IN_AGFELC,2046,0.0
RE1,IN_AGFELC,2047,0.0
RE1,IN_AGFELC,2048,0.0
RE1,IN_AGFELC,2049,0.0
RE1,IN_AGFELC,2050,0.0
RE1,IN_AGFELC,2051,0.0
RE1,IN_AGFELC,2052,0.0
RE1,IN_AGFELC,2053,0.0
RE1,IN_AGFELC,2054,0.0
RE1,IN_AGFHEA,2022,0.01083100000558538
RE1,IN_AGFHEA,2023,0.01113394090256887
RE1,IN_AGFHEA,2024,0.01194624981091465
RE1,IN_AGFHEA,2025,0.01238834339279352
RE1,IN_AGFHEA,2026,0.01272823871451874
RE1,IN_AGFHEA,2027,0.01309339191315134
RE1,IN_AGFHEA,2028,0.01347397646552142
RE1,IN_AGFHEA,2029,0.01386693728035245
RE1,IN_AGFHEA,2030,0.01426959324077451
RE1,IN_AGFHEA,2031,0.01468203774761207
RE1,IN_AGFHEA,2032,0.01510783903936748
RE1,IN_AGFHEA,2033,0.01554765179613788
RE1,IN_AGFHEA,2034,0.01600022749025377
RE1,IN_AGFHEA,2035,0.01649102481382412
RE1,IN_AGFHEA,2036,0.01699656699026791
RE1,IN_AGFHEA,2037,0.01753778410836622
RE1,IN_AGFHEA,2038,0.01809538321067981
RE1,IN_AGFHEA,2039,0.01866987486182311
RE1,IN_AGFHEA,2040,0.0192617698315527
RE1,IN_AGFHEA,2041,0.01987160089992664
RE1,IN_AGFHEA,2042,0.02056180410987444
RE1,IN_AGFHEA,2043,0.02127332688978268
RE1,IN_AGFHEA,2044,0.02200681321878213
RE1,IN_AGFHEA,2045,0.02276292741166847
RE1,IN_AGFHEA,2046,0.02354235478627527
RE1,IN_AGFHEA,2047,0.02434581695289773
RE1,IN_AGFHEA,2048,0.02521642496245055
RE1,IN_AGFHEA,2049,0.02617820069071693
RE1,IN_AGFHEA,2050,0.02717077205326054
RE1,IN_AGFHEA,2051,0.02819505777048594
RE1,IN_AGFHEA,2052,0.02925200063051286
RE1,IN_AGFHEA,2053,0.03034255357144342
RE1,IN_AGFHEA,2054,0.03147671201151209
RE1,IN_RESCLIM,2022,0.0
RE1,IN_RESCLIM,2023,0.0
RE1,IN_RESCLIM,2024,0.0
RE1,IN_RESCLIM,2025,0.0
RE1,IN_RESCLIM,2026,0.0
RE1,IN_RESCLIM,2027,0.0
RE1,IN_RESCLIM,2028,0.0
RE1,IN_RESCLIM,2029,0.0
RE1,IN_RESCLIM,2030,0.0
RE1,IN_RESCLIM,2031,0.0
RE1,IN_RESCLIM,2032,0.0
RE1,IN_RESCLIM,2033,0.0
RE1,IN_RESCLIM,2034,0.0
RE1,IN_RESCLIM,2035,0.0
RE1,IN_RESCLIM,2036,0.0
RE1,IN_RESCLIM,2037,0.0
RE1,IN_RESCLIM,2038,0.0
RE1,IN_RESCLIM,2039,0.0
RE1,IN_RESCLIM,2040,0.0
RE1,IN_RESCLIM,2041,0.0
RE1,IN_RESCLIM,2042,0.0
RE1,IN_RESCLIM,2043,0.0
RE1,IN_RESCLIM,2044,0.0
RE1,IN_RESCLIM,2045,0.0
RE1,IN_RESCLIM,2046,0.0
RE1,IN_RESCLIM,2047,0.0
RE1,IN_RESCLIM,2048,0.0
RE1,IN_RESCLIM,2049,0.0
RE1,IN_RESCLIM,2050,0.0
RE1,IN_RESCLIM,2051,0.0
RE1,IN_RESCLIM,2052,0.0
RE1,IN_RESCLIM,2053,0.0
RE1,IN_RESCLIM,2054,0.0
RE1,IN_RESDHT,2022,0.0
RE1,IN_RESDHT,2023,0.0
RE1,IN_RESDHT,2024,0.0
RE1,IN_RESDHT,2025,0.0
RE1,IN_RESDHT,2026,0.0
RE1,IN_RESDHT,2027,0.0
RE1,IN_RESDHT,2028,0.0
RE1,IN_RESDHT,2029,0.0
RE1,IN_RESDHT,2030,0.0
RE1,IN_RESDHT,2031,0.0
RE1,IN_RESDHT,2032,0.0
RE1,IN_RESDHT,2033,0.0
RE1,IN_RESDHT,2034,0.0
RE1,IN_RESDHT,2035,0.0
RE1,IN_RESDHT,2036,0.0
RE1,IN_RESDHT,2037,0.0
RE1,IN_RESDHT,2038,0.0
RE1,IN_RESDHT,2039,0.0
RE1,IN_RESDHT,2040,0.0
RE1,IN_RESDHT,2041,0.0
RE1,IN_RESDHT,2042,0.0
RE1,IN_RESDHT,2043,0.0
RE1,IN_RESDHT,2044,0.0
RE1,IN_RESDHT,2045,0.0
RE1,IN_RESDHT,2046,0.0
RE1,IN_RESDHT,2047,0.0
RE1,IN_RESDHT,2048,0.0
RE1,IN_RESDHT,2049,0.0
RE1,IN_RESDHT,2050,0.0
RE1,IN_RESDHT,2051,0.0
RE1,IN_RESDHT,2052,0.0
RE1,IN_RESDHT,2053,0.0
RE1,IN_RESDHT,2054,0.0
RE1,IN_RESOTH,2022,0.0
RE1,IN_RESOTH,2023,0.0
RE1,IN_RESOTH,2024,0.0
RE1,IN_RESOTH,2025,0.0
RE1,IN_RESOTH,2026,0.0
RE1,IN_RESOTH,2027,0.0
RE1,IN_RESOTH,2028,0.0
RE1,IN_RESOTH,2029,0.0
RE1,IN_RESOTH,2030,0.0
RE1,IN_RESOTH,2031,0.0
RE1,IN_RESOTH,2032,0.0
RE1,IN_RESOTH,2033,0.0
RE1,IN_RESOTH,2034,0.0
RE1,IN_RESOTH,2035,0.0
RE1,IN_RESOTH,2036,0.0
RE1,IN_RESOTH,2037,0.0
RE1,IN_RESOTH,2038,0.0
RE1,IN_RESOTH,2039,0.0
RE1,IN_RESOTH,2040,0.0
RE1,IN_RESOTH,2041,0.0
RE1,IN_RESOTH,2042,0.0
RE1,IN_RESOTH,2043,0.0
RE1,IN_RESOTH,2044,0.0
RE1,IN_RESOTH,2045,0.0
RE1,IN_RESOTH,2046,0.0
RE1,IN_RESOTH,2047,0.0
RE1,IN_RESOTH,2048,0.0
RE1,IN_RESOTH,2049,0.0
RE1,IN_RESOTH,2050,0.0
RE1,IN_RESOTH,2051,0.0
RE1,IN_RESOTH,2052,0.0
RE1,IN_RESOTH,2053,0.0
RE1,IN_RESOTH,2054,0.0
RE1,IN_RESREF,2022,0.0
RE1,IN_RESREF,2023,0.0
RE1,IN_RESREF,2024,0.0
RE1,IN_RESREF,2025,0.0
RE1,IN_RESREF,2026,0.0
RE1,IN_RESREF,2027,0.0
RE1,IN_RESREF,2028,0.0
RE1,IN_RESREF,2029,0.0
RE1,IN_RESREF,2030,0.0
RE1,IN_RESREF,2031,0.0
RE1,IN_RESREF,2032,0.0
RE1,IN_RESREF,2033,0.0
RE1,IN_RESREF,2034,0.0
RE1,IN_RESREF,2035,0.0
RE1,IN_RESREF,2036,0.0
RE1,IN_RESREF,2037,0.0
RE1,IN_RESREF,2038,0.0
RE1,IN_RESREF,2039,0.0
RE1,IN_RESREF,2040,0.0
RE1,IN_RESREF,2041,0.0
RE1,IN_RESREF,2042,0.0
RE1,IN_RESREF,2043,0.0
RE1,IN_RESREF,2044,0.0
RE1,IN_RESREF,2045,0.0
RE1,IN_RESREF,2046,0.0
RE1,IN_RESREF,2047,0.0
RE1,IN_RESREF,2048,0.0
RE1,IN_RESREF,2049,0.0
RE1,IN_RESREF,2050,0.0
RE1,IN_RESREF,2051,0.0
RE1,IN_RESREF,2052,0.0
RE1,IN_RESREF,2053,0.0
RE1,IN_RESREF,2054,0.0
RE1,IN_TERCLIM_CEN,2022,0.0
RE1,IN_TERCLIM_CEN,2023,0.0
RE1,IN_TERCLIM_CEN,2024,0.0
RE1,IN_TERCLIM_CEN,2025,0.0
RE1,IN_TERCLIM_CEN,2026,0.0
RE1,IN_TERCLIM_CEN,2027,0.0
RE1,IN_TERCLIM_CEN,2028,0.0
RE1,IN_TERCLIM_CEN,2029,0.0
RE1,IN_TERCLIM_CEN,2030,0.0
RE1,IN_TERCLIM_CEN,2031,0.0
RE1,IN_TERCLIM_CEN,2032,0.0
RE1,IN_TERCLIM_CEN,2033,0.0
RE1,IN_TERCLIM_CEN,2034,0.0
RE1,IN_TERCLIM_CEN,2035,0.0
RE1,IN_TERCLIM_CEN,2036,0.0
RE1,IN_TERCLIM_CEN,2037,0.0
RE1,IN_TERCLIM_CEN,2038,0.0
RE1,IN_TERCLIM_CEN,2039,0.0
RE1,IN_TERCLIM_CEN,2040,0.0
RE1,IN_TERCLIM_CEN,2041,0.0
RE1,IN_TERCLIM_CEN,2042,0.0
RE1,IN_TERCLIM_CEN,2043,0.0
RE1,IN_TERCLIM_CEN,2044,0.0
RE1,IN_TERCLIM_CEN,2045,0.0
RE1,IN_TERCLIM_CEN,2046,0.0
RE1,IN_TERCLIM_CEN,2047,0.0
RE1,IN_TERCLIM_CEN,2048,0.0
RE1,IN_TERCLIM_CEN,2049,0.0
RE1,IN_TERCLIM_CEN,2050,0.0
RE1,IN_TERCLIM_CEN,2051,0.0
RE1,IN_TERCLIM_CEN,2052,0.0
RE1,IN_TERCLIM_CEN,2053,0.0
RE1,IN_TERCLIM_CEN,2054,0.0
RE1,IN_TERCLIM_FAN,2022,0.0
RE1,IN_TERCLIM_FAN,2023,0.0
RE1,IN_TERCLIM_FAN,2024,0.0
RE1,IN_TERCLIM_FAN,2025,0.0
RE1,IN_TERCLIM_FAN,2026,0.0
RE1,IN_TERCLIM_FAN,2027,0.0
RE1,IN_TERCLIM_FAN,2028,0.0
RE1,IN_TERCLIM_FAN,2029,0.0
RE1,IN_TERCLIM_FAN,2030,0.0
RE1,IN_TERCLIM_FAN,2031,0.0
RE1,IN_TERCLIM_FAN,2032,0.0
RE1,IN_TERCLIM_FAN,2033,0.0
RE1,IN_TERCLIM_FAN,2034,0.0
RE1,IN_TERCLIM_FAN,2035,0.0
RE1,IN_TERCLIM_FAN,2036,0.0
RE1,IN_TERCLIM_FAN,2037,0.0
RE1,IN_TERCLIM_FAN,2038,0.0
RE1,IN_TERCLIM_FAN,2039,0.0
RE1,IN_TERCLIM_FAN,2040,0.0
RE1,IN_TERCLIM_FAN,2041,0.0
RE1,IN_TERCLIM_FAN,2042,0.0
RE1,IN_TERCLIM_FAN,2043,0.0
RE1,IN_TERCLIM_FAN,2044,0.0
RE1,IN_TERCLIM_FAN,2045,0.0
RE1,IN_TERCLIM_FAN,2046,0.0
RE1,IN_TERCLIM_FAN,2047,0.0
RE1,IN_TERCLIM_FAN,2048,0.0
RE1,IN_TERCLIM_FAN,2049,0.0
RE1,IN_TERCLIM_FAN,2050,0.0
RE1,IN_TERCLIM_FAN,2051,0.0
RE1,IN_TERCLIM_FAN,2052,0.0
RE1,IN_TERCLIM_FAN,2053,0.0
RE1,IN_TERCLIM_FAN,2054,0.0
RE1,IN_TERCLIM_SPL,2022,0.0
RE1,IN_TERCLIM_SPL,2023,0.0
RE1,IN_TERCLIM_SPL,2024,0.0
RE1,IN_TERCLIM_SPL,2025,0.0
RE1,IN_TERCLIM_SPL,2026,0.0
RE1,IN_TERCLIM_SPL,2027,0.0
RE1,IN_TERCLIM_SPL,2028,0.0
RE1,IN_TERCLIM_SPL,2029,0.0
RE1,IN_TERCLIM_SPL,2030,0.0
RE1,IN_TERCLIM_SPL,2031,0.0
RE1,IN_TERCLIM_SPL,2032,0.0
RE1,IN_TERCLIM_SPL,2033,0.0
RE1,IN_TERCLIM_SPL,2034,0.0
RE1,IN_TERCLIM_SPL,2035,0.0
RE1,IN_TERCLIM_SPL,2036,0.0
RE1,IN_TERCLIM_SPL,2037,0.0
RE1,IN_TERCLIM_SPL,2038,0.0
RE1,IN_TERCLIM_SPL,2039,0.0
RE1,IN_TERCLIM_SPL,2040,0.0
RE1,IN_TERCLIM_SPL,2041,0.0
RE1,IN_TERCLIM_SPL,2042,0.0
RE1,IN_TERCLIM_SPL,2043,0.0
RE1,IN_TERCLIM_SPL,2044,0.0
RE1,IN_TERCLIM_SPL,2045,0.0
RE1,IN_TERCLIM_SPL,2046,0.0
RE1,IN_TERCLIM_SPL,2047,0.0
RE1,IN_TERCLIM_SPL,2048,0.0
RE1,IN_TERCLIM_SPL,2049,0.0
RE1,IN_TERCLIM_SPL,2050,0.0
RE1,IN_TERCLIM_SPL,2051,0.0
RE1,IN_TERCLIM_SPL,2052,0.0
RE1,IN_TERCLIM_SPL,2053,0.0
RE1,IN_TERCLIM_SPL,2054,0.0
RE1,IN_TERDHT,2022,0.0
RE1,IN_TERDHT,2023,0.0
RE1,IN_TERDHT,2024,0.0
RE1,IN_TERDHT,2025,0.0
RE1,IN_TERDHT,2026,0.0
RE1,IN_TERDHT,2027,0.0
RE1,IN_TERDHT,2028,0.0
RE1,IN_TERDHT,2029,0.0
RE1,IN_TERDHT,2030,0.0
RE1,IN_TERDHT,2031,0.0
RE1,IN_TERDHT,2032,0.0
RE1,IN_TERDHT,2033,0.0
RE1,IN_TERDHT,2034,0.0
RE1,IN_TERDHT,2035,0.0
RE1,IN_TERDHT,2036,0.0
RE1,IN_TERDHT,2037,0.0
RE1,IN_TERDHT,2038,0.0
RE1,IN_TERDHT,2039,0.0
RE1,IN_TERDHT,2040,0.0
RE1,IN_TERDHT,2041,0.0
RE1,IN_TERDHT,2042,0.0
RE1,IN_TERDHT,2043,0.0
RE1,IN_TERDHT,2044,0.0
RE1,IN_TERDHT,2045,0.0
RE1,IN_TERDHT,2046,0.0
RE1,IN_TERDHT,2047,0.0
RE1,IN_TERDHT,2048,0.0
RE1,IN_TERDHT,2049,0.0
RE1,IN_TERDHT,2050,0.0
RE1,IN_TERDHT,2051,0.0
RE1,IN_TERDHT,2052,0.0
RE1,IN_TERDHT,2053,0.0
RE1,IN_TERDHT,2054,0.0
RE1,IN_TEROTH,2022,0.0
RE1,IN_TEROTH,2023,0.0
RE1,IN_TEROTH,2024,0.0
RE1,IN_TEROTH,2025,0.0
RE1,IN_TEROTH,2026,0.0
RE1,IN_TEROTH,2027,0.0
RE1,IN_TEROTH,2028,0.0
RE1,IN_TEROTH,2029,0.0
RE1,IN_TEROTH,2030,0.0
RE1,IN_TEROTH,2031,0.0
RE1,IN_TEROTH,2032,0.0
RE1,IN_TEROTH,2033,0.0
RE1,IN_TEROTH,2034,0.0
RE1,IN_TEROTH,2035,0.0
RE1,IN_TEROTH,2036,0.0
RE1,IN_TEROTH,2037,0.0
RE1,IN_TEROTH,2038,0.0
RE1,IN_TEROTH,2039,0.0
RE1,IN_TEROTH,2040,0.0
RE1,IN_TEROTH,2041,0.0
RE1,IN_TEROTH,2042,0.0
RE1,IN_TEROTH,2043,0.0
RE1,IN_TEROTH,2044,0.0
RE1,IN_TEROTH,2045,0.0
RE1,IN_TEROTH,2046,0.0
RE1,IN_TEROTH,2047,0.0
RE1,IN_TEROTH,2048,0.0
RE1,IN_TEROTH,2049,0.0
RE1,IN_TEROTH,2050,0.0
RE1,IN_TEROTH,2051,0.0
RE1,IN_TEROTH,2052,0.0
RE1,IN_TEROTH,2053,0.0
RE1,IN_TEROTH,2054,0.0
RE1,IN_TERREF_AUC,2022,0.0
RE1,IN_TERREF_AUC,2023,0.0
RE1,IN_TERREF_AUC,2024,0.0
RE1,IN_TERREF_AUC,2025,0.0
RE1,IN_TERREF_AUC,2026,0.0
RE1,IN_TERREF_AUC,2027,0.0
RE1,IN_TERREF_AUC,2028,0.0
RE1,IN_TERREF_AUC,2029,0.0
RE1,IN_TERREF_AUC,2030,0.0
RE1,IN_TERREF_AUC,2031,0.0
RE1,IN_TERREF_AUC,2032,0.0
RE1,IN_TERREF_AUC,2033,0.0
RE1,IN_TERREF_AUC,2034,0.0
RE1,IN_TERREF_AUC,2035,0.0
RE1,IN_TERREF_AUC,2036,0.0
RE1,IN_TERREF_AUC,2037,0.0
RE1,IN_TERREF_AUC,2038,0.0
RE1,IN_TERREF_AUC,2039,0.0
RE1,IN_TERREF_AUC,2040,0.0
RE1,IN_TERREF_AUC,2041,0.0
RE1,IN_TERREF_AUC,2042,0.0
RE1,IN_TERREF_AUC,2043,0.0
RE1,IN_TERREF_AUC,2044,0.0
RE1,IN_TERREF_AUC,2045,0.0
RE1,IN_TERREF_AUC,2046,0.0
RE1,IN_TERREF_AUC,2047,0.0
RE1,IN_TERREF_AUC,2048,0.0
RE1,IN_TERREF_AUC,2049,0.0
RE1,IN_TERREF_AUC,2050,0.0
RE1,IN_TERREF_AUC,2051,0.0
RE1,IN_TERREF_AUC,2052,0.0
RE1,IN_TERREF_AUC,2053,0.0
RE1,IN_TERREF_AUC,2054,0.0
RE1,IN_TERREF_CEN,2022,0.0
RE1,IN_TERREF_CEN,2023,0.0
RE1,IN_TERREF_CEN,2024,0.0
RE1,IN_TERREF_CEN,2025,0.0
RE1,IN_TERREF_CEN,2026,0.0
RE1,IN_TERREF_CEN,2027,0.0
RE1,IN_TERREF_CEN,2028,0.0
RE1,IN_TERREF_CEN,2029,0.0
RE1,IN_TERREF_CEN,2030,0.0
RE1,IN_TERREF_CEN,2031,0.0
RE1,IN_TERREF_CEN,2032,0.0
RE1,IN_TERREF_CEN,2033,0.0
RE1,IN_TERREF_CEN,2034,0.0
RE1,IN_TERREF_CEN,2035,0.0
RE1,IN_TERREF_CEN,2036,0.0
RE1,IN_TERREF_CEN,2037,0.0
RE1,IN_TERREF_CEN,2038,0.0
RE1,IN_TERREF_CEN,2039,0.0
RE1,IN_TERREF_CEN,2040,0.0
RE1,IN_TERREF_CEN,2041,0.0
RE1,IN_TERREF_CEN,2042,0.0
RE1,IN_TERREF_CEN,2043,0.0
RE1,IN_TERREF_CEN,2044,0.0
RE1,IN_TERREF_CEN,2045,0.0
RE1,IN_TERREF_CEN,2046,0.0
RE1,IN_TERREF_CEN,2047,0.0
RE1,IN_TERREF_CEN,2048,0.0
RE1,IN_TERREF_CEN,2049,0.0
RE1,IN_TERREF_CEN,2050,0.0
RE1,IN_TERREF_CEN,2051,0.0
RE1,IN_TERREF_CEN,2052,0.0
RE1,IN_TERREF_CEN,2053,0.0
RE1,IN_TERREF_CEN,2054,0.0
RE1,IN_TRAAVI,2022,0.1472020783491338
RE1,IN_TRAAVI,2023,0.1609041761398433
RE1,IN_TRAAVI,2024,0.1659508769063353
RE1,IN_TRAAVI,2025,0.1698868168247039
RE1,IN_TRAAVI,2026,0.175150131366564
RE1,IN_TRAAVI,2027,0.1804134459084242
RE1,IN_TRAAVI,2028,0.1850453421050752
RE1,IN_TRAAVI,2029,0.1897279302491577
RE1,IN_TRAAVI,2030,0.1944888793119788
RE1,IN_TRAAVI,2031,0.1993281662935623
RE1,IN_TRAAVI,2032,0.2042596371795495
RE1,IN_TRAAVI,2033,0.2092602459938397
RE1,IN_TRAAVI,2034,0.2143391927268922
RE1,IN_TRAAVI,2035,0.2195011003739129
RE1,IN_TRAAVI,2036,0.2247505919301077
RE1,IN_TRAAVI,2037,0.2300692214146055
RE1,IN_TRAAVI,2038,0.2354661658178894
RE1,IN_TRAAVI,2039,0.2409415401398403
RE1,IN_TRAAVI,2040,0.2465135143616155
RE1,IN_TRAAVI,2041,0.2542348363544834
RE1,IN_TRAAVI,2042,0.2597902505934316
RE1,IN_TRAAVI,2043,0.2653458948321413
RE1,IN_TRAAVI,2044,0.2709013090710896
RE1,IN_TRAAVI,2045,0.2764567233100378
RE1,IN_TRAAVI,2046,0.2820123675487475
RE1,IN_TRAAVI,2047,0.2875677817876957
RE1,IN_TRAAVI,2048,0.2931231960266439
RE1,IN_TRAAVI,2049,0.2986788402653536
RE1,IN_TRAAVI,2050,0.3042342545043019
RE1,IN_TRAAVI,2051,0.3097896687432501
RE1,IN_TRAAVI,2052,0.3153453129819597
RE1,IN_TRAAVI,2053,0.320900727220908
RE1,IN_TRAAVI,2054,0.3264563714596177
RE1,IN_TRAFWD,2022,0.01276899982444089
RE1,IN_TRAFWD,2023,0.0120865893109829
RE1,IN_TRAFWD,2024,0.01113805492477236
RE1,IN_TRAFWD,2025,0.01175507584803669
RE1,IN_TRAFWD,2026,0.01236620034479223
RE1,IN_TRAFWD,2027,0.01293180059338965
RE1,IN_TRAFWD,2028,0.01347531978666299
RE1,IN_TRAFWD,2029,0.01404603938430188
RE1,IN_TRAFWD,2030,0.01467525242346752
RE1,IN_TRAFWD,2031,0.0152872364863174
RE1,IN_TRAFWD,2032,0.01610177468794648
RE1,IN_TRAFWD,2033,0.01704227288527389
RE1,IN_TRAFWD,2034,0.01785751398884406
RE1,IN_TRAFWD,2035,0.01869380190420323
RE1,IN_TRAFWD,2036,0.01961890296353426
RE1,IN_TRAFWD,2037,0.02058233000030544
RE1,IN_TRAFWD,2038,0.02159350897682089
RE1,IN_TRAFWD,2039,0.02253409290482403
RE1,IN_TRAFWD,2040,0.02343994078517235
RE1,IN_TRAFWD,2041,0.02440950298276008
RE1,IN_TRAFWD,2042,0.02558331137550574
RE1,IN_TRAFWD,2043,0.02676893433314483
RE1,IN_TRAFWD,2044,0.02807231647774657
RE1,IN_TRAFWD,2045,0.02930847183598439
RE1,IN_TRAFWD,2046,0.03046872197479503
RE1,IN_TRAFWD,2047,0.03186359933736196
RE1,IN_TRAFWD,2048,0.0331232740740984
RE1,IN_TRAFWD,2049,0.03445210341702168
RE1,IN_TRAFWD,2050,0.03597779555595054
RE1,IN_TRAFWD,2051,0.03725682571563219
RE1,IN_TRAFWD,2052,0.03828445465481013
RE1,IN_TRAFWD,2053,0.03939196924852527
RE1,IN_TRAFWD,2054,0.04028262832203545
RE1,IN_TRALDV,2022,2.476325187175913
RE1,IN_TRALDV,2023,2.395038758542773
RE1,IN_TRALDV,2024,2.199482377736317
RE1,IN_TRALDV,2025,2.236633519180774
RE1,IN_TRALDV,2026,2.270491738160233
RE1,IN_TRALDV,2027,2.302108953525669
RE1,IN_TRALDV,2028,2.330036748314095
RE1,IN_TRALDV,2029,2.358700739215321
RE1,IN_TRALDV,2030,2.380803462048791
RE1,IN_TRALDV,2031,2.408010853594256
RE1,IN_TRALDV,2032,2.438950942238504
RE1,IN_TRALDV,2033,2.462459443633366
RE1,IN_TRALDV,2034,2.482931162562743
RE1,IN_TRALDV,2035,2.505867446345843
RE1,IN_TRALDV,2036,2.528892591430154
RE1,IN_TRALDV,2037,2.554400168237235
RE1,IN_TRALDV,2038,2.578229787919462
RE1,IN_TRALDV,2039,2.60111715790031
RE1,IN_TRALDV,2040,2.617963076817497
RE1,IN_TRALDV,2041,2.638081925277151
RE1,IN_TRALDV,2042,2.651829934701018
RE1,IN_TRALDV,2043,2.667506372778915
RE1,IN_TRALDV,2044,2.664701204517468
RE1,IN_TRALDV,2045,2.657157279698384
RE1,IN_TRALDV,2046,2.634666634968224
RE1,IN_TRALDV,2047,2.615492362423093
RE1,IN_TRALDV,2048,2.575846781692737
RE1,IN_TRALDV,2049,2.526629488868844
RE1,IN_TRALDV,2050,2.46487850228597
RE1,IN_TRALDV,2051,2.392600832174022
RE1,IN_TRALDV,2052,2.31493073214075
RE1,IN_TRALDV,2053,2.201636165635923
RE1,IN_TRALDV,2054,2.088850737203854
RE1,IN_TRAMIC,2022,0.002671999308803968
RE1,IN_TRAMIC,2023,0.0030519299450554
RE1,IN_TRAMIC,2024,0.003071840264889001
RE1,IN_TRAMIC,2025,0.003069441171407078
RE1,IN_TRAMIC,2026,0.003068225570676162
RE1,IN_TRAMIC,2027,0.003066324659983471
RE1,IN_TRAMIC,2028,0.003063821247314055
RE1,IN_TRAMIC,2029,0.003060835033879743
RE1,IN_TRAMIC,2030,0.00305766311937322
RE1,IN_TRAMIC,2031,0.003054331650835638
RE1,IN_TRAMIC,2032,0.003051555024977172
RE1,IN_TRAMIC,2033,0.003049514762573514
RE1,IN_TRAMIC,2034,0.00304764322730074
RE1,IN_TRAMIC,2035,0.003049128187711629
RE1,IN_TRAMIC,2036,0.003054744819439694
RE1,IN_TRAMIC,2037,0.003068840056598893
RE1,IN_TRAMIC,2038,0.003094116335931498
RE1,IN_TRAMIC,2039,0.003136830972645144
RE1,IN_TRAMIC,2040,0.003199237514873158
RE1,IN_TRAMIC,2041,0.003298307585846608
RE1,IN_TRAMIC,2042,0.00341991206440417
RE1,IN_TRAMIC,2043,0.003587099134277748
RE1,IN_TRAMIC,2044,0.003759146448902513
RE1,IN_TRAMIC,2045,0.003956051655880252
RE1,IN_TRAMIC,2046,0.004133278849101561
RE1,IN_TRAMIC,2047,0.004367293851086541
RE1,IN_TRAMIC,2048,0.004562719861342312
RE1,IN_TRAMIC,2049,0.00474698797030158
RE1,IN_TRAMIC,2050,0.004917044907346132
RE1,IN_TRAMIC,2051,0.005081477961221037
RE1,IN_TRAMIC,2052,0.005248900666689094
RE1,IN_TRAMIC,2053,0.005278162971374855
RE1,IN_TRAMIC,2054,0.005302768250149255
RE1,IN_TRAMRT,2022,0.4357950418497156
RE1,IN_TRAMRT,2023,0.4500787510606793
RE1,IN_TRAMRT,2024,0.465360930903826
RE1,IN_TRAMRT,2025,0.4819778736864239
RE1,IN_TRAMRT,2026,0.5015077490048869
RE1,IN_TRAMRT,2027,0.5189912604080661
RE1,IN_TRAMRT,2028,0.5357724936070742
RE1,IN_TRAMRT,2029,0.5529060810619165
RE1,IN_TRAMRT,2030,0.5701595092988423
RE1,IN_TRAMRT,2031,0.5875470240672903
RE1,IN_TRAMRT,2032,0.6054172585455603
RE1,IN_TRAMRT,2033,0.6237452007153549
RE1,IN_TRAMRT,2034,0.6426002033479163
RE1,IN_TRAMRT,2035,0.662064256565054
RE1,IN_TRAMRT,2036,0.6818703506491987
RE1,IN_TRAMRT,2037,0.7022612469240616
RE1,IN_TRAMRT,2038,0.7232387465732731
RE1,IN_TRAMRT,2039,0.744818197841519
RE1,IN_TRAMRT,2040,0.7670313600881901
RE1,IN_TRAMRT,2041,0.789908737811988
RE1,IN_TRAMRT,2042,0.8134751959041513
RE1,IN_TRAMRT,2043,0.8377517948843192
RE1,IN_TRAMRT,2044,0.862760240934392
RE1,IN_TRAMRT,2045,0.888522915707697
RE1,IN_TRAMRT,2046,0.9150629022325971
RE1,IN_TRAMRT,2047,0.9424040078930851
RE1,IN_TRAMRT,2048,0.9705707870420817
RE1,IN_TRAMRT,2049,0.9995885645999856
RE1,IN_TRAMRT,2050,1.029483460831127
RE1,IN_TRAMRT,2051,1.029483460831127
RE1,IN_TRAMRT,2052,1.029483460831127
RE1,IN_TRAMRT,2053,1.029483460831127
RE1,IN_TRAMRT,2054,1.029483460831127
RE1,IN_TRAMTC,2022,0.01889799976573699
RE1,IN_TRAMTC,2023,0.01800059193746616
RE1,IN_TRAMTC,2024,0.01668924938989576
RE1,IN_TRAMTC,2025,0.01728516752077916
RE1,IN_TRAMTC,2026,0.01786687496374407
RE1,IN_TRAMTC,2027,0.01845642435464708
RE1,IN_TRAMTC,2028,0.01901281201889601
RE1,IN_TRAMTC,2029,0.01960635711594372
RE1,IN_TRAMTC,2030,0.02006390754013571
RE1,IN_TRAMTC,2031,0.02060291997035221
RE1,IN_TRAMTC,2032,0.02114588226253803
RE1,IN_TRAMTC,2033,0.02136930094363725
RE1,IN_TRAMTC,2034,0.02132592936325189
RE1,IN_TRAMTC,2035,0.02106762545188951
RE1,IN_TRAMTC,2036,0.02051827204690153
RE1,IN_TRAMTC,2037,0.01954822794145713
RE1,IN_TRAMTC,2038,0.01830768103906987
RE1,IN_TRAMTC,2039,0.01690384629985466
RE1,IN_TRAMTC,2040,0.01534956284721403
RE1,IN_TRAMTC,2041,0.01382714236243263
RE1,IN_TRAMTC,2042,0.01223407460465042
RE1,IN_TRAMTC,2043,0.01197521272964936
RE1,IN_TRAMTC,2044,0.01172324717376733
RE1,IN_TRAMTC,2045,0.01143890057277459
RE1,IN_TRAMTC,2046,0.01120869003943433
RE1,IN_TRAMTC,2047,0.0109776539500866
RE1,IN_TRAMTC,2048,0.01069568033314981
RE1,IN_TRAMTC,2049,0.01048395845596617
RE1,IN_TRAMTC,2050,0.01018705792840717
RE1,IN_TRAMTC,2051,0.009770012514537683
RE1,IN_TRAMTC,2052,0.0093884441147128
RE1,IN_TRAMTC,2053,0.008810853418968352
RE1,IN_TRAMTC,2054,0.008239630780264911
RE1,IN_TRATAX,2022,0.007463999946247481
RE1,IN_TRATAX,2023,0.00730905902248538
RE1,IN_TRATAX,2024,0.00662749115024964
RE1,IN_TRATAX,2025,0.006686625070997334
RE1,IN_TRATAX,2026,0.006736060977794544
RE1,IN_TRATAX,2027,0.006777658784391709
RE1,IN_TRATAX,2028,0.006811064682370064
RE1,IN_TRATAX,2029,0.006842426291322945
RE1,IN_TRATAX,2030,0.006861912043689545
RE1,IN_TRATAX,2031,0.006885576161885233
RE1,IN_TRATAX,2032,0.00691042170829393
RE1,IN_TRATAX,2033,0.006923465330203304
RE1,IN_TRATAX,2034,0.006932232128635715
RE1,IN_TRATAX,2035,0.006939140838340784
RE1,IN_TRATAX,2036,0.00694274355172378
RE1,IN_TRATAX,2037,0.006943734514816841
RE1,IN_TRATAX,2038,0.006940519649944044
RE1,IN_TRATAX,2039,0.006933665602954693
RE1,IN_TRATAX,2040,0.006924938822607889
RE1,IN_TRATAX,2041,0.006915435559795473
RE1,IN_TRATAX,2042,0.00690434016075043
RE1,IN_TRATAX,2043,0.006891721615865086
RE1,IN_TRATAX,2044,0.006877923505947302
RE1,IN_TRATAX,2045,0.006862075906052804
RE1,IN_TRATAX,2046,0.00684710299089864
RE1,IN_TRATAX,2047,0.006830277325634832
RE1,IN_TRATAX,2048,0.006812541621880452
RE1,IN_TRATAX,2049,0.006794728338457171
RE1,IN_TRATAX,2050,0.006776223112671941
RE1,IN_TRATAX,2051,0.00675694331101901
RE1,IN_TRATAX,2052,0.006737580311091126
RE1,IN_TRATAX,2053,0.006717744133070212
RE1,IN_TRATAX,2054,0.006697446073540408
RE1,IN_TRATCK,2022,0.01231900012542636
RE1,IN_TRATCK,2023,0.01191858637729056
RE1,IN_TRATCK,2024,0.01111810231141884
RE1,IN_TRATCK,2025,0.01136736252592065
RE1,IN_TRATCK,2026,0.0116282631029226
RE1,IN_TRATCK,2027,0.01188134625472029
RE1,IN_TRATCK,2028,0.01213223116555061
RE1,IN_TRATCK,2029,0.01237923958208749
RE1,IN_TRATCK,2030,0.01263839089508168
RE1,IN_TRATCK,2031,0.0128765097610523
RE1,IN_TRATCK,2032,0.01318397463955886
RE1,IN_TRATCK,2033,0.01352819735801507
RE1,IN_TRATCK,2034,0.01381071061323528
RE1,IN_TRATCK,2035,0.01409434438286725
RE1,IN_TRATCK,2036,0.01439985252817903
RE1,IN_TRATCK,2037,0.01471023720333591
RE1,IN_TRATCK,2038,0.01502945123198516
RE1,IN_TRATCK,2039,0.01531778246498055
RE1,IN_TRATCK,2040,0.01557493611067614
RE1,IN_TRATCK,2041,0.015838664902796
RE1,IN_TRATCK,2042,0.01615197058528494
RE1,IN_TRATCK,2043,0.01645692798535674
RE1,IN_TRATCK,2044,0.01675408679976639
RE1,IN_TRATCK,2045,0.01702051217407945
RE1,IN_TRATCK,2046,0.01722601600401741
RE1,IN_TRATCK,2047,0.01750373260582781
RE1,IN_TRATCK,2048,0.01770638086584906
RE1,IN_TRATCK,2049,0.01791063229166568
RE1,IN_TRATCK,2050,0.01816203043145505
RE1,IN_TRATCK,2051,0.01833949095584931
RE1,IN_TRATCK,2052,0.01844595520002182
RE1,IN_TRATCK,2053,0.01851499085842016
RE1,IN_TRATCK,2054,0.01852636195629894
RE1,NE_AGFELC,2022,0.0
RE1,NE_AGFELC,2023,0.0
RE1,NE_AGFELC,2024,0.0
RE1,NE_AGFELC,2025,0.0
RE1,NE_AGFELC,2026,0.0
RE1,NE_AGFELC,2027,0.0
RE1,NE_AGFELC,2028,0.0
RE1,NE_AGFELC,2029,0.0
RE1,NE_AGFELC,2030,0.0
RE1,NE_AGFELC,2031,0.0
RE1,NE_AGFELC,2032,0.0
RE1,NE_AGFELC,2033,0.0
RE1,NE_AGFELC,2034,0.0
RE1,NE_AGFELC,2035,0.0
RE1,NE_AGFELC,2036,0.0
RE1,NE_AGFELC,2037,0.0
RE1,NE_AGFELC,2038,0.0
RE1,NE_AGFELC,2039,0.0
RE1,NE_AGFELC,2040,0.0
RE1,NE_AGFELC,2041,0.0
RE1,NE_AGFELC,2042,0.0
RE1,NE_AGFELC,2043,0.0
RE1,NE_AGFELC,2044,0.0
RE1,NE_AGFELC,2045,0.0
RE1,NE_AGFELC,2046,0.0
RE1,NE_AGFELC,2047,0.0
RE1,NE_AGFELC,2048,0.0
RE1,NE_AGFELC,2049,0.0
RE1,NE_AGFELC,2050,0.0
RE1,NE_AGFELC,2051,0.0
RE1,NE_AGFELC,2052,0.0
RE1,NE_AGFELC,2053,0.0
RE1,NE_AGFELC,2054,0.0
RE1,NE_AGFHEA,2022,8.078845304166139
RE1,NE_AGFHEA,2023,8.304808986353637
RE1,NE_AGFHEA,2024,8.91071038108519
RE1,NE_AGFHEA,2025,9.240468081770468
RE1,NE_AGFHEA,2026,9.493996077561418
RE1,NE_AGFHEA,2027,9.766363929334384
RE1,NE_AGFHEA,2028,10.0502420312795
RE1,NE_AGFHEA,2029,10.34335159013666
RE1,NE_AGFHEA,2030,10.64369276023847
RE1,NE_AGFHEA,2031,10.95133520928062
RE1,NE_AGFHEA,2032,11.26894048715266
RE1,NE_AGFHEA,2033,11.59699691988413
RE1,NE_AGFHEA,2034,11.9345732304097
RE1,NE_AGFHEA,2035,12.30065906281473
RE1,NE_AGFHEA,2036,12.67774308424532
RE1,NE_AGFHEA,2037,13.08143705256108
RE1,NE_AGFHEA,2038,13.49735034653305
RE1,NE_AGFHEA,2039,13.92586379642025
RE1,NE_AGFHEA,2040,14.36735838549731
RE1,NE_AGFHEA,2041,14.82223151452757
RE1,NE_AGFHEA,2042,15.33705424176713
RE1,NE_AGFHEA,2043,15.86777924096431
RE1,NE_AGFHEA,2044,16.41488685629544
RE1,NE_AGFHEA,2045,16.97887260031381
RE1,NE_AGFHEA,2046,17.56024765174337
RE1,NE_AGFHEA,2047,18.15955025986318
RE1,NE_AGFHEA,2048,18.80893696710334
RE1,NE_AGFHEA,2049,19.52632569593345
RE1,NE_AGFHEA,2050,20.26668489519484
RE1,NE_AGFHEA,2051,21.03069983864082
RE1,NE_AGFHEA,2052,21.81907375213884
RE1,NE_AGFHEA,2053,22.63251743243042
RE1,NE_AGFHEA,2054,23.47848646419148
RE1,NE_INDCLIM,2022,0.0
RE1,NE_INDCLIM,2023,0.0
RE1,NE_INDCLIM,2024,0.0
RE1,NE_INDCLIM,2025,0.0
RE1,NE_INDCLIM,2026,0.0
RE1,NE_INDCLIM,2027,0.0
RE1,NE_INDCLIM,2028,0.0
RE1,NE_INDCLIM,2029,0.0
RE1,NE_INDCLIM,2030,0.0
RE1,NE_INDCLIM,2031,0.0
RE1,NE_INDCLIM,2032,0.0
RE1,NE_INDCLIM,2033,0.0
RE1,NE_INDCLIM,2034,0.0
RE1,NE_INDCLIM,2035,0.0
RE1,NE_INDCLIM,2036,0.0
RE1,NE_INDCLIM,2037,0.0
RE1,NE_INDCLIM,2038,0.0
RE1,NE_INDCLIM,2039,0.0
RE1,NE_INDCLIM,2040,0.0
RE1,NE_INDCLIM,2041,0.0
RE1,NE_INDCLIM,2042,0.0
RE1,NE_INDCLIM,2043,0.0
RE1,NE_INDCLIM,2044,0.0
RE1,NE_INDCLIM,2045,0.0
RE1,NE_INDCLIM,2046,0.0
RE1,NE_INDCLIM,2047,0.0
RE1,NE_INDCLIM,2048,0.0
RE1,NE_INDCLIM,2049,0.0
RE1,NE_INDCLIM,2050,0.0
RE1,NE_INDCLIM,2051,0.0
RE1,NE_INDCLIM,2052,0.0
RE1,NE_INDCLIM,2053,0.0
RE1,NE_INDCLIM,2054,0.0
RE1,NE_INDDHT,2022,0.0
RE1,NE_INDDHT,2023,0.0
RE1,NE_INDDHT,2024,0.0
RE1,NE_INDDHT,2025,0.0
RE1,NE_INDDHT,2026,0.0
RE1,NE_INDDHT,2027,0.0
RE1,NE_INDDHT,2028,0.0
RE1,NE_INDDHT,2029,0.0
RE1,NE_INDDHT,2030,0.0
RE1,NE_INDDHT,2031,0.0
RE1,NE_INDDHT,2032,0.0
RE1,NE_INDDHT,2033,0.0
RE1,NE_INDDHT,2034,0.0
RE1,NE_INDDHT,2035,0.0
RE1,NE_INDDHT,2036,0.0
RE1,NE_INDDHT,2037,0.0
RE1,NE_INDDHT,2038,0.0
RE1,NE_INDDHT,2039,0.0
RE1,NE_INDDHT,2040,0.0
RE1,NE_INDDHT,2041,0.0
RE1,NE_INDDHT,2042,0.0
RE1,NE_INDDHT,2043,0.0
RE1,NE_INDDHT,2044,0.0
RE1,NE_INDDHT,2045,0.0
RE1,NE_INDDHT,2046,0.0
RE1,NE_INDDHT,2047,0.0
RE1,NE_INDDHT,2048,0.0
RE1,NE_INDDHT,2049,0.0
RE1,NE_INDDHT,2050,0.0
RE1,NE_INDDHT,2051,0.0
RE1,NE_INDDHT,2052,0.0
RE1,NE_INDDHT,2053,0.0
RE1,NE_INDDHT,2054,0.0
RE1,NE_INDIHT,2022,0.0
RE1,NE_INDIHT,2023,0.0
RE1,NE_INDIHT,2024,0.0
RE1,NE_INDIHT,2025,0.0
RE1,NE_INDIHT,2026,0.0
RE1,NE_INDIHT,2027,0.0
RE1,NE_INDIHT,2028,0.0
RE1,NE_INDIHT,2029,0.0
RE1,NE_INDIHT,2030,0.0
RE1,NE_INDIHT,2031,0.0
RE1,NE_INDIHT,2032,0.0
RE1,NE_INDIHT,2033,0.0
RE1,NE_INDIHT,2034,0.0
RE1,NE_INDIHT,2035,0.0
RE1,NE_INDIHT,2036,0.0
RE1,NE_INDIHT,2037,0.0
RE1,NE_INDIHT,2038,0.0
RE1,NE_INDIHT,2039,0.0
RE1,NE_INDIHT,2040,0.0
RE1,NE_INDIHT,2041,0.0
RE1,NE_INDIHT,2042,0.0
RE1,NE_INDIHT,2043,0.0
RE1,NE_INDIHT,2044,0.0
RE1,NE_INDIHT,2045,0.0
RE1,NE_INDIHT,2046,0.0
RE1,NE_INDIHT,2047,0.0
RE1,NE_INDIHT,2048,0.0
RE1,NE_INDIHT,2049,0.0
RE1,NE_INDIHT,2050,0.0
RE1,NE_INDIHT,2051,0.0
RE1,NE_INDIHT,2052,0.0
RE1,NE_INDIHT,2053,0.0
RE1,NE_INDIHT,2054,0.0
RE1,NE_INDILU,2022,0.0
RE1,NE_INDILU,2023,0.0
RE1,NE_INDILU,2024,0.0
RE1,NE_INDILU,2025,0.0
RE1,NE_INDILU,2026,0.0
RE1,NE_INDILU,2027,0.0
RE1,NE_INDILU,2028,0.0
RE1,NE_INDILU,2029,0.0
RE1,NE_INDILU,2030,0.0
RE1,NE_INDILU,2031,0.0
RE1,NE_INDILU,2032,0.0
RE1,NE_INDILU,2033,0.0
RE1,NE_INDILU,2034,0.0
RE1,NE_INDILU,2035,0.0
RE1,NE_INDILU,2036,0.0
RE1,NE_INDILU,2037,0.0
RE1,NE_INDILU,2038,0.0
RE1,NE_INDILU,2039,0.0
RE1,NE_INDILU,2040,0.0
RE1,NE_INDILU,2041,0.0
RE1,NE_INDILU,2042,0.0
RE1,NE_INDILU,2043,0.0
RE1,NE_INDILU,2044,0.0
RE1,NE_INDILU,2045,0.0
RE1,NE_INDILU,2046,0.0
RE1,NE_INDILU,2047,0.0
RE1,NE_INDILU,2048,0.0
RE1,NE_INDILU,2049,0.0
RE1,NE_INDILU,2050,0.0
RE1,NE_INDILU,2051,0.0
RE1,NE_INDILU,2052,0.0
RE1,NE_INDILU,2053,0.0
RE1,NE_INDILU,2054,0.0
RE1,NE_INDMPW,2022,0.0
RE1,NE_INDMPW,2023,0.0
RE1,NE_INDMPW,2024,0.0
RE1,NE_INDMPW,2025,0.0
RE1,NE_INDMPW,2026,0.0
RE1,NE_INDMPW,2027,0.0
RE1,NE_INDMPW,2028,0.0
RE1,NE_INDMPW,2029,0.0
RE1,NE_INDMPW,2030,0.0
RE1,NE_INDMPW,2031,0.0
RE1,NE_INDMPW,2032,0.0
RE1,NE_INDMPW,2033,0.0
RE1,NE_INDMPW,2034,0.0
RE1,NE_INDMPW,2035,0.0
RE1,NE_INDMPW,2036,0.0
RE1,NE_INDMPW,2037,0.0
RE1,NE_INDMPW,2038,0.0
RE1,NE_INDMPW,2039,0.0
RE1,NE_INDMPW,2040,0.0
RE1,NE_INDMPW,2041,0.0
RE1,NE_INDMPW,2042,0.0
RE1,NE_INDMPW,2043,0.0
RE1,NE_INDMPW,2044,0.0
RE1,NE_INDMPW,2045,0.0
RE1,NE_INDMPW,2046,0.0
RE1,NE_INDMPW,2047,0.0
RE1,NE_INDMPW,2048,0.0
RE1,NE_INDMPW,2049,0.0
RE1,NE_INDMPW,2050,0.0
RE1,NE_INDMPW,2051,0.0
RE1,NE_INDMPW,2052,0.0
RE1,NE_INDMPW,2053,0.0
RE1,NE_INDMPW,2054,0.0
RE1,NE_INDOTH_COA,2022,0.001908498108451995
RE1,NE_INDOTH_COA,2023,0.001858758351098556
RE1,NE_INDOTH_COA,2024,0.001801360276994438
RE1,NE_INDOTH_COA,2025,0.001812599248376595
RE1,NE_INDOTH_COA,2026,0.001859935469398327
RE1,NE_INDOTH_COA,2027,0.001897570099554427
RE1,NE_INDOTH_COA,2028,0.001941226120570437
RE1,NE_INDOTH_COA,2029,0.001984674746928417
RE1,NE_INDOTH_COA,2030,0.002019238432467761
RE1,NE_INDOTH_COA,2031,0.002068144272253867
RE1,NE_INDOTH_COA,2032,0.002108821549312358
RE1,NE_INDOTH_COA,2033,0.002153909132430844
RE1,NE_INDOTH_COA,2034,0.002228786552978446
RE1,NE_INDOTH_COA,2035,0.002315419058149511
RE1,NE_INDOTH_COA,2036,0.002407051490144841
RE1,NE_INDOTH_COA,2037,0.002502167932162201
RE1,NE_INDOTH_COA,2038,0.002600829992291098
RE1,NE_INDOTH_COA,2039,0.002703792219348575
RE1,NE_INDOTH_COA,2040,0.002811659496797573
RE1,NE_INDOTH_COA,2041,0.002924590527604179
RE1,NE_INDOTH_COA,2042,0.003043774139370002
RE1,NE_INDOTH_COA,2043,0.003168072200582475
RE1,NE_INDOTH_COA,2044,0.003296772353539333
RE1,NE_INDOTH_COA,2045,0.003431223937975547
RE1,NE_INDOTH_COA,2046,0.003571373384469922
RE1,NE_INDOTH_COA,2047,0.003717961771796408
RE1,NE_INDOTH_COA,2048,0.003870519601921042
RE1,NE_INDOTH_COA,2049,0.00402936326642764
RE1,NE_INDOTH_COA,2050,0.004194590966136634
RE1,NE_INDOTH_COA,2051,0.004366625859371067
RE1,NE_INDOTH_COA,2052,0.004545666919086583
RE1,NE_INDOTH_COA,2053,0.004732306269206552
RE1,NE_INDOTH_COA,2054,0.004925449080365646
RE1,NE_INDOTH_ELC,2022,0.0
RE1,NE_INDOTH_ELC,2023,0.0
RE1,NE_INDOTH_ELC,2024,0.0
RE1,NE_INDOTH_ELC,2025,0.0
RE1,NE_INDOTH_ELC,2026,0.0
RE1,NE_INDOTH_ELC,2027,0.0
RE1,NE_INDOTH_ELC,2028,0.0
RE1,NE_INDOTH_ELC,2029,0.0
RE1,NE_INDOTH_ELC,2030,0.0
RE1,NE_INDOTH_ELC,2031,0.0
RE1,NE_INDOTH_ELC,2032,0.0
RE1,NE_INDOTH_ELC,2033,0.0
RE1,NE_INDOTH_ELC,2034,0.0
RE1,NE_INDOTH_ELC,2035,0.0
RE1,NE_INDOTH_ELC,2036,0.0
RE1,NE_INDOTH_ELC,2037,0.0
RE1,NE_INDOTH_ELC,2038,0.0
RE1,NE_INDOTH_ELC,2039,0.0
RE1,NE_INDOTH_ELC,2040,0.0
RE1,NE_INDOTH_ELC,2041,0.0
RE1,NE_INDOTH_ELC,2042,0.0
RE1,NE_INDOTH_ELC,2043,0.0
RE1,NE_INDOTH_ELC,2044,0.0
RE1,NE_INDOTH_ELC,2045,0.0
RE1,NE_INDOTH_ELC,2046,0.0
RE1,NE_INDOTH_ELC,2047,0.0
RE1,NE_INDOTH_ELC,2048,0.0
RE1,NE_INDOTH_ELC,2049,0.0
RE1,NE_INDOTH_ELC,2050,0.0
RE1,NE_INDOTH_ELC,2051,0.0
RE1,NE_INDOTH_ELC,2052,0.0
RE1,NE_INDOTH_ELC,2053,0.0
RE1,NE_INDOTH_ELC,2054,0.0
RE1,NE_INDREF,2022,0.0
RE1,NE_INDREF,2023,0.0
RE1,NE_INDREF,2024,0.0
RE1,NE_INDREF,2025,0.0
RE1,NE_INDREF,2026,0.0
RE1,NE_INDREF,2027,0.0
RE1,NE_INDREF,2028,0.0
RE1,NE_INDREF,2029,0.0
RE1,NE_INDREF,2030,0.0
RE1,NE_INDREF,2031,0.0
RE1,NE_INDREF,2032,0.0
RE1,NE_INDREF,2033,0.0
RE1,NE_INDREF,2034,0.0
RE1,NE_INDREF,2035,0.0
RE1,NE_INDREF,2036,0.0
RE1,NE_INDREF,2037,0.0
RE1,NE_INDREF,2038,0.0
RE1,NE_INDREF,2039,0.0
RE1,NE_INDREF,2040,0.0
RE1,NE_INDREF,2041,0.0
RE1,NE_INDREF,2042,0.0
RE1,NE_INDREF,2043,0.0
RE1,NE_INDREF,2044,0.0
RE1,NE_INDREF,2045,0.0
RE1,NE_INDREF,2046,0.0
RE1,NE_INDREF,2047,0.0
RE1,NE_INDREF,2048,0.0
RE1,NE_INDREF,2049,0.0
RE1,NE_INDREF,2050,0.0
RE1,NE_INDREF,2051,0.0
RE1,NE_INDREF,2052,0.0
RE1,NE_INDREF,2053,0.0
RE1,NE_INDREF,2054,0.0
RE1,NE_RESCLIM_RUR,2022,0.0
RE1,NE_RESCLIM_RUR,2023,0.0
RE1,NE_RESCLIM_RUR,2024,0.0
RE1,NE_RESCLIM_RUR,2025,0.0
RE1,NE_RESCLIM_RUR,2026,0.0
RE1,NE_RESCLIM_RUR,2027,0.0
RE1,NE_RESCLIM_RUR,2028,0.0
RE1,NE_RESCLIM_RUR,2029,0.0
RE1,NE_RESCLIM_RUR,2030,0.0
RE1,NE_RESCLIM_RUR,2031,0.0
RE1,NE_RESCLIM_RUR,2032,0.0
RE1,NE_RESCLIM_RUR,2033,0.0
RE1,NE_RESCLIM_RUR,2034,0.0
RE1,NE_RESCLIM_RUR,2035,0.0
RE1,NE_RESCLIM_RUR,2036,0.0
RE1,NE_RESCLIM_RUR,2037,0.0
RE1,NE_RESCLIM_RUR,2038,0.0
RE1,NE_RESCLIM_RUR,2039,0.0
RE1,NE_RESCLIM_RUR,2040,0.0
RE1,NE_RESCLIM_RUR,2041,0.0
RE1,NE_RESCLIM_RUR,2042,0.0
RE1,NE_RESCLIM_RUR,2043,0.0
RE1,NE_RESCLIM_RUR,2044,0.0
RE1,NE_RESCLIM_RUR,2045,0.0
RE1,NE_RESCLIM_RUR,2046,0.0
RE1,NE_RESCLIM_RUR,2047,0.0
RE1,NE_RESCLIM_RUR,2048,0.0
RE1,NE_RESCLIM_RUR,2049,0.0
RE1,NE_RESCLIM_RUR,2050,0.0
RE1,NE_RESCLIM_RUR,2051,0.0
RE1,NE_RESCLIM_RUR,2052,0.0
RE1,NE_RESCLIM_RUR,2053,0.0
RE1,NE_RESCLIM_RUR,2054,0.0
RE1,NE_RESCLIM_URB,2022,0.0
RE1,NE_RESCLIM_URB,2023,0.0
RE1,NE_RESCLIM_URB,2024,0.0
RE1,NE_RESCLIM_URB,2025,0.0
RE1,NE_RESCLIM_URB,2026,0.0
RE1,NE_RESCLIM_URB,2027,0.0
RE1,NE_RESCLIM_URB,2028,0.0
RE1,NE_RESCLIM_URB,2029,0.0
RE1,NE_RESCLIM_URB,2030,0.0
RE1,NE_RESCLIM_URB,2031,0.0
RE1,NE_RESCLIM_URB,2032,0.0
RE1,NE_RESCLIM_URB,2033,0.0
RE1,NE_RESCLIM_URB,2034,0.0
RE1,NE_RESCLIM_URB,2035,0.0
RE1,NE_RESCLIM_URB,2036,0.0
RE1,NE_RESCLIM_URB,2037,0.0
RE1,NE_RESCLIM_URB,2038,0.0
RE1,NE_RESCLIM_URB,2039,0.0
RE1,NE_RESCLIM_URB,2040,0.0
RE1,NE_RESCLIM_URB,2041,0.0
RE1,NE_RESCLIM_URB,2042,0.0
RE1,NE_RESCLIM_URB,2043,0.0
RE1,NE_RESCLIM_URB,2044,0.0
RE1,NE_RESCLIM_URB,2045,0.0
RE1,NE_RESCLIM_URB,2046,0.0
RE1,NE_RESCLIM_URB,2047,0.0
RE1,NE_RESCLIM_URB,2048,0.0
RE1,NE_RESCLIM_URB,2049,0.0
RE1,NE_RESCLIM_URB,2050,0.0
RE1,NE_RESCLIM_URB,2051,0.0
RE1,NE_RESCLIM_URB,2052,0.0
RE1,NE_RESCLIM_URB,2053,0.0
RE1,NE_RESCLIM_URB,2054,0.0
RE1,NE_RESDHT_RUR,2022,0.0
RE1,NE_RESDHT_RUR,2023,0.0
RE1,NE_RESDHT_RUR,2024,0.0
RE1,NE_RESDHT_RUR,2025,0.0
RE1,NE_RESDHT_RUR,2026,0.0
RE1,NE_RESDHT_RUR,2027,0.0
RE1,NE_RESDHT_RUR,2028,0.0
RE1,NE_RESDHT_RUR,2029,0.0
RE1,NE_RESDHT_RUR,2030,0.0
RE1,NE_RESDHT_RUR,2031,0.0
RE1,NE_RESDHT_RUR,2032,0.0
RE1,NE_RESDHT_RUR,2033,0.0
RE1,NE_RESDHT_RUR,2034,0.0
RE1,NE_RESDHT_RUR,2035,0.0
RE1,NE_RESDHT_RUR,2036,0.0
RE1,NE_RESDHT_RUR,2037,0.0
RE1,NE_RESDHT_RUR,2038,0.0
RE1,NE_RESDHT_RUR,2039,0.0
RE1,NE_RESDHT_RUR,2040,0.0
RE1,NE_RESDHT_RUR,2041,0.0
RE1,NE_RESDHT_RUR,2042,0.0
RE1,NE_RESDHT_RUR,2043,0.0
RE1,NE_RESDHT_RUR,2044,0.0
RE1,NE_RESDHT_RUR,2045,0.0
RE1,NE_RESDHT_RUR,2046,0.0
RE1,NE_RESDHT_RUR,2047,0.0
RE1,NE_RESDHT_RUR,2048,0.0
RE1,NE_RESDHT_RUR,2049,0.0
RE1,NE_RESDHT_RUR,2050,0.0
RE1,NE_RESDHT_RUR,2051,0.0
RE1,NE_RESDHT_RUR,2052,0.0
RE1,NE_RESDHT_RUR,2053,0.0
RE1,NE_RESDHT_RUR,2054,0.0
RE1,NE_RESDHT_URB,2022,0.0
RE1,NE_RESDHT_URB,2023,0.0
RE1,NE_RESDHT_URB,2024,0.0
RE1,NE_RESDHT_URB,2025,0.0
RE1,NE_RESDHT_URB,2026,0.0
RE1,NE_RESDHT_URB,2027,0.0
RE1,NE_RESDHT_URB,2028,0.0
RE1,NE_RESDHT_URB,2029,0.0
RE1,NE_RESDHT_URB,2030,0.0
RE1,NE_RESDHT_URB,2031,0.0
RE1,NE_RESDHT_URB,2032,0.0
RE1,NE_RESDHT_URB,2033,0.0
RE1,NE_RESDHT_URB,2034,0.0
RE1,NE_RESDHT_URB,2035,0.0
RE1,NE_RESDHT_URB,2036,0.0
RE1,NE_RESDHT_URB,2037,0.0
RE1,NE_RESDHT_URB,2038,0.0
RE1,NE_RESDHT_URB,2039,0.0
RE1,NE_RESDHT_URB,2040,0.0
RE1,NE_RESDHT_URB,2041,0.0
RE1,NE_RESDHT_URB,2042,0.0
RE1,NE_RESDHT_URB,2043,0.0
RE1,NE_RESDHT_URB,2044,0.0
RE1,NE_RESDHT_URB,2045,0.0
RE1,NE_RESDHT_URB,2046,0.0
RE1,NE_RESDHT_URB,2047,0.0
RE1,NE_RESDHT_URB,2048,0.0
RE1,NE_RESDHT_URB,2049,0.0
RE1,NE_RESDHT_URB,2050,0.0
RE1,NE_RESDHT_URB,2051,0.0
RE1,NE_RESDHT_URB,2052,0.0
RE1,NE_RESDHT_URB,2053,0.0
RE1,NE_RESDHT_URB,2054,0.0
RE1,NE_RESILU_RUR,2022,0.0
RE1,NE_RESILU_RUR,2023,0.0
RE1,NE_RESILU_RUR,2024,0.0
RE1,NE_RESILU_RUR,2025,0.0
RE1,NE_RESILU_RUR,2026,0.0
RE1,NE_RESILU_RUR,2027,0.0
RE1,NE_RESILU_RUR,2028,0.0
RE1,NE_RESILU_RUR,2029,0.0
RE1,NE_RESILU_RUR,2030,0.0
RE1,NE_RESILU_RUR,2031,0.0
RE1,NE_RESILU_RUR,2032,0.0
RE1,NE_RESILU_RUR,2033,0.0
RE1,NE_RESILU_RUR,2034,0.0
RE1,NE_RESILU_RUR,2035,0.0
RE1,NE_RESILU_RUR,2036,0.0
RE1,NE_RESILU_RUR,2037,0.0
RE1,NE_RESILU_RUR,2038,0.0
RE1,NE_RESILU_RUR,2039,0.0
RE1,NE_RESILU_RUR,2040,0.0
RE1,NE_RESILU_RUR,2041,0.0
RE1,NE_RESILU_RUR,2042,0.0
RE1,NE_RESILU_RUR,2043,0.0
RE1,NE_RESILU_RUR,2044,0.0
RE1,NE_RESILU_RUR,2045,0.0
RE1,NE_RESILU_RUR,2046,0.0
RE1,NE_RESILU_RUR,2047,0.0
RE1,NE_RESILU_RUR,2048,0.0
RE1,NE_RESILU_RUR,2049,0.0
RE1,NE_RESILU_RUR,2050,0.0
RE1,NE_RESILU_RUR,2051,0.0
RE1,NE_RESILU_RUR,2052,0.0
RE1,NE_RESILU_RUR,2053,0.0
RE1,NE_RESILU_RUR,2054,0.0
RE1,NE_RESILU_URB,2022,0.0
RE1,NE_RESILU_URB,2023,0.0
RE1,NE_RESILU_URB,2024,0.0
RE1,NE_RESILU_URB,2025,0.0
RE1,NE_RESILU_URB,2026,0.0
RE1,NE_RESILU_URB,2027,0.0
RE1,NE_RESILU_URB,2028,0.0
RE1,NE_RESILU_URB,2029,0.0
RE1,NE_RESILU_URB,2030,0.0
RE1,NE_RESILU_URB,2031,0.0
RE1,NE_RESILU_URB,2032,0.0
RE1,NE_RESILU_URB,2033,0.0
RE1,NE_RESILU_URB,2034,0.0
RE1,NE_RESILU_URB,2035,0.0
RE1,NE_RESILU_URB,2036,0.0
RE1,NE_RESILU_URB,2037,0.0
RE1,NE_RESILU_URB,2038,0.0
RE1,NE_RESILU_URB,2039,0.0
RE1,NE_RESILU_URB,2040,0.0
RE1,NE_RESILU_URB,2041,0.0
RE1,NE_RESILU_URB,2042,0.0
RE1,NE_RESILU_URB,2043,0.0
RE1,NE_RESILU_URB,2044,0.0
RE1,NE_RESILU_URB,2045,0.0
RE1,NE_RESILU_URB,2046,0.0
RE1,NE_RESILU_URB,2047,0.0
RE1,NE_RESILU_URB,2048,0.0
RE1,NE_RESILU_URB,2049,0.0
RE1,NE_RESILU_URB,2050,0.0
RE1,NE_RESILU_URB,2051,0.0
RE1,NE_RESILU_URB,2052,0.0
RE1,NE_RESILU_URB,2053,0.0
RE1,NE_RESILU_URB,2054,0.0
RE1,NE_RESOTH_RUR,2022,0.0
RE1,NE_RESOTH_RUR,2023,0.0
RE1,NE_RESOTH_RUR,2024,0.0
RE1,NE_RESOTH_RUR,2025,0.0
RE1,NE_RESOTH_RUR,2026,0.0
RE1,NE_RESOTH_RUR,2027,0.0
RE1,NE_RESOTH_RUR,2028,0.0
RE1,NE_RESOTH_RUR,2029,0.0
RE1,NE_RESOTH_RUR,2030,0.0
RE1,NE_RESOTH_RUR,2031,0.0
RE1,NE_RESOTH_RUR,2032,0.0
RE1,NE_RESOTH_RUR,2033,0.0
RE1,NE_RESOTH_RUR,2034,0.0
RE1,NE_RESOTH_RUR,2035,0.0
RE1,NE_RESOTH_RUR,2036,0.0
RE1,NE_RESOTH_RUR,2037,0.0
RE1,NE_RESOTH_RUR,2038,0.0
RE1,NE_RESOTH_RUR,2039,0.0
RE1,NE_RESOTH_RUR,2040,0.0
RE1,NE_RESOTH_RUR,2041,0.0
RE1,NE_RESOTH_RUR,2042,0.0
RE1,NE_RESOTH_RUR,2043,0.0
RE1,NE_RESOTH_RUR,2044,0.0
RE1,NE_RESOTH_RUR,2045,0.0
RE1,NE_RESOTH_RUR,2046,0.0
RE1,NE_RESOTH_RUR,2047,0.0
RE1,NE_RESOTH_RUR,2048,0.0
RE1,NE_RESOTH_RUR,2049,0.0
RE1,NE_RESOTH_RUR,2050,0.0
RE1,NE_RESOTH_RUR,2051,0.0
RE1,NE_RESOTH_RUR,2052,0.0
RE1,NE_RESOTH_RUR,2053,0.0
RE1,NE_RESOTH_RUR,2054,0.0
RE1,NE_RESOTH_URB,2022,0.0
RE1,NE_RESOTH_URB,2023,0.0
RE1,NE_RESOTH_URB,2024,0.0
RE1,NE_RESOTH_URB,2025,0.0
RE1,NE_RESOTH_URB,2026,0.0
RE1,NE_RESOTH_URB,2027,0.0
RE1,NE_RESOTH_URB,2028,0.0
RE1,NE_RESOTH_URB,2029,0.0
RE1,NE_RESOTH_URB,2030,0.0
RE1,NE_RESOTH_URB,2031,0.0
RE1,NE_RESOTH_URB,2032,0.0
RE1,NE_RESOTH_URB,2033,0.0
RE1,NE_RESOTH_URB,2034,0.0
RE1,NE_RESOTH_URB,2035,0.0
RE1,NE_RESOTH_URB,2036,0.0
RE1,NE_RESOTH_URB,2037,0.0
RE1,NE_RESOTH_URB,2038,0.0
RE1,NE_RESOTH_URB,2039,0.0
RE1,NE_RESOTH_URB,2040,0.0
RE1,NE_RESOTH_URB,2041,0.0
RE1,NE_RESOTH_URB,2042,0.0
RE1,NE_RESOTH_URB,2043,0.0
RE1,NE_RESOTH_URB,2044,0.0
RE1,NE_RESOTH_URB,2045,0.0
RE1,NE_RESOTH_URB,2046,0.0
RE1,NE_RESOTH_URB,2047,0.0
RE1,NE_RESOTH_URB,2048,0.0
RE1,NE_RESOTH_URB,2049,0.0
RE1,NE_RESOTH_URB,2050,0.0
RE1,NE_RESOTH_URB,2051,0.0
RE1,NE_RESOTH_URB,2052,0.0
RE1,NE_RESOTH_URB,2053,0.0
RE1,NE_RESOTH_URB,2054,0.0
RE1,NE_RESREF_RUR,2022,0.0
RE1,NE_RESREF_RUR,2023,0.0
RE1,NE_RESREF_RUR,2024,0.0
RE1,NE_RESREF_RUR,2025,0.0
RE1,NE_RESREF_RUR,2026,0.0
RE1,NE_RESREF_RUR,2027,0.0
RE1,NE_RESREF_RUR,2028,0.0
RE1,NE_RESREF_RUR,2029,0.0
RE1,NE_RESREF_RUR,2030,0.0
RE1,NE_RESREF_RUR,2031,0.0
RE1,NE_RESREF_RUR,2032,0.0
RE1,NE_RESREF_RUR,2033,0.0
RE1,NE_RESREF_RUR,2034,0.0
RE1,NE_RESREF_RUR,2035,0.0
RE1,NE_RESREF_RUR,2036,0.0
RE1,NE_RESREF_RUR,2037,0.0
RE1,NE_RESREF_RUR,2038,0.0
RE1,NE_RESREF_RUR,2039,0.0
RE1,NE_RESREF_RUR,2040,0.0
RE1,NE_RESREF_RUR,2041,0.0
RE1,NE_RESREF_RUR,2042,0.0
RE1,NE_RESREF_RUR,2043,0.0
RE1,NE_RESREF_RUR,2044,0.0
RE1,NE_RESREF_RUR,2045,0.0
RE1,NE_RESREF_RUR,2046,0.0
RE1,NE_RESREF_RUR,2047,0.0
RE1,NE_RESREF_RUR,2048,0.0
RE1,NE_RESREF_RUR,2049,0.0
RE1,NE_RESREF_RUR,2050,0.0
RE1,NE_RESREF_RUR,2051,0.0
RE1,NE_RESREF_RUR,2052,0.0
RE1,NE_RESREF_RUR,2053,0.0
RE1,NE_RESREF_RUR,2054,0.0
RE1,NE_RESREF_URB,2022,0.0
RE1,NE_RESREF_URB,2023,0.0
RE1,NE_RESREF_URB,2024,0.0
RE1,NE_RESREF_URB,2025,0.0
RE1,NE_RESREF_URB,2026,0.0
RE1,NE_RESREF_URB,2027,0.0
RE1,NE_RESREF_URB,2028,0.0
RE1,NE_RESREF_URB,2029,0.0
RE1,NE_RESREF_URB,2030,0.0
RE1,NE_RESREF_URB,2031,0.0
RE1,NE_RESREF_URB,2032,0.0
RE1,NE_RESREF_URB,2033,0.0
RE1,NE_RESREF_URB,2034,0.0
RE1,NE_RESREF_URB,2035,0.0
RE1,NE_RESREF_URB,2036,0.0
RE1,NE_RESREF_URB,2037,0.0
RE1,NE_RESREF_URB,2038,0.0
RE1,NE_RESREF_URB,2039,0.0
RE1,NE_RESREF_URB,2040,0.0
RE1,NE_RESREF_URB,2041,0.0
RE1,NE_RESREF_URB,2042,0.0
RE1,NE_RESREF_URB,2043,0.0
RE1,NE_RESREF_URB,2044,0.0
RE1,NE_RESREF_URB,2045,0.0
RE1,NE_RESREF_URB,2046,0.0
RE1,NE_RESREF_URB,2047,0.0
RE1,NE_RESREF_URB,2048,0.0
RE1,NE_RESREF_URB,2049,0.0
RE1,NE_RESREF_URB,2050,0.0
RE1,NE_RESREF_URB,2051,0.0
RE1,NE_RESREF_URB,2052,0.0
RE1,NE_RESREF_URB,2053,0.0
RE1,NE_RESREF_URB,2054,0.0
RE1,NE_RESTV_RUR,2022,0.0
RE1,NE_RESTV_RUR,2023,0.0
RE1,NE_RESTV_RUR,2024,0.0
RE1,NE_RESTV_RUR,2025,0.0
RE1,NE_RESTV_RUR,2026,0.0
RE1,NE_RESTV_RUR,2027,0.0
RE1,NE_RESTV_RUR,2028,0.0
RE1,NE_RESTV_RUR,2029,0.0
RE1,NE_RESTV_RUR,2030,0.0
RE1,NE_RESTV_RUR,2031,0.0
RE1,NE_RESTV_RUR,2032,0.0
RE1,NE_RESTV_RUR,2033,0.0
RE1,NE_RESTV_RUR,2034,0.0
RE1,NE_RESTV_RUR,2035,0.0
RE1,NE_RESTV_RUR,2036,0.0
RE1,NE_RESTV_RUR,2037,0.0
RE1,NE_RESTV_RUR,2038,0.0
RE1,NE_RESTV_RUR,2039,0.0
RE1,NE_RESTV_RUR,2040,0.0
RE1,NE_RESTV_RUR,2041,0.0
RE1,NE_RESTV_RUR,2042,0.0
RE1,NE_RESTV_RUR,2043,0.0
RE1,NE_RESTV_RUR,2044,0.0
RE1,NE_RESTV_RUR,2045,0.0
RE1,NE_RESTV_RUR,2046,0.0
RE1,NE_RESTV_RUR,2047,0.0
RE1,NE_RESTV_RUR,2048,0.0
RE1,NE_RESTV_RUR,2049,0.0
RE1,NE_RESTV_RUR,2050,0.0
RE1,NE_RESTV_RUR,2051,0.0
RE1,NE_RESTV_RUR,2052,0.0
RE1,NE_RESTV_RUR,2053,0.0
RE1,NE_RESTV_RUR,2054,0.0
RE1,NE_RESTV_URB,2022,0.0
RE1,NE_RESTV_URB,2023,0.0
RE1,NE_RESTV_URB,2024,0.0
RE1,NE_RESTV_URB,2025,0.0
RE1,NE_RESTV_URB,2026,0.0
RE1,NE_RESTV_URB,2027,0.0
RE1,NE_RESTV_URB,2028,0.0
RE1,NE_RESTV_URB,2029,0.0
RE1,NE_RESTV_URB,2030,0.0
RE1,NE_RESTV_URB,2031,0.0
RE1,NE_RESTV_URB,2032,0.0
RE1,NE_RESTV_URB,2033,0.0
RE1,NE_RESTV_URB,2034,0.0
RE1,NE_RESTV_URB,2035,0.0
RE1,NE_RESTV_URB,2036,0.0
RE1,NE_RESTV_URB,2037,0.0
RE1,NE_RESTV_URB,2038,0.0
RE1,NE_RESTV_URB,2039,0.0
RE1,NE_RESTV_URB,2040,0.0
RE1,NE_RESTV_URB,2041,0.0
RE1,NE_RESTV_URB,2042,0.0
RE1,NE_RESTV_URB,2043,0.0
RE1,NE_RESTV_URB,2044,0.0
RE1,NE_RESTV_URB,2045,0.0
RE1,NE_RESTV_URB,2046,0.0
RE1,NE_RESTV_URB,2047,0.0
RE1,NE_RESTV_URB,2048,0.0
RE1,NE_RESTV_URB,2049,0.0
RE1,NE_RESTV_URB,2050,0.0
RE1,NE_RESTV_URB,2051,0.0
RE1,NE_RESTV_URB,2052,0.0
RE1,NE_RESTV_URB,2053,0.0
RE1,NE_RESTV_URB,2054,0.0
RE1,NE_RESWHT_RUR,2022,0.0
RE1,NE_RESWHT_RUR,2023,0.0
RE1,NE_RESWHT_RUR,2024,0.0
RE1,NE_RESWHT_RUR,2025,0.0
RE1,NE_RESWHT_RUR,2026,0.0
RE1,NE_RESWHT_RUR,2027,0.0
RE1,NE_RESWHT_RUR,2028,0.0
RE1,NE_RESWHT_RUR,2029,0.0
RE1,NE_RESWHT_RUR,2030,0.0
RE1,NE_RESWHT_RUR,2031,0.0
RE1,NE_RESWHT_RUR,2032,0.0
RE1,NE_RESWHT_RUR,2033,0.0
RE1,NE_RESWHT_RUR,2034,0.0
RE1,NE_RESWHT_RUR,2035,0.0
RE1,NE_RESWHT_RUR,2036,0.0
RE1,NE_RESWHT_RUR,2037,0.0
RE1,NE_RESWHT_RUR,2038,0.0
RE1,NE_RESWHT_RUR,2039,0.0
RE1,NE_RESWHT_RUR,2040,0.0
RE1,NE_RESWHT_RUR,2041,0.0
RE1,NE_RESWHT_RUR,2042,0.0
RE1,NE_RESWHT_RUR,2043,0.0
RE1,NE_RESWHT_RUR,2044,0.0
RE1,NE_RESWHT_RUR,2045,0.0
RE1,NE_RESWHT_RUR,2046,0.0
RE1,NE_RESWHT_RUR,2047,0.0
RE1,NE_RESWHT_RUR,2048,0.0
RE1,NE_RESWHT_RUR,2049,0.0
RE1,NE_RESWHT_RUR,2050,0.0
RE1,NE_RESWHT_RUR,2051,0.0
RE1,NE_RESWHT_RUR,2052,0.0
RE1,NE_RESWHT_RUR,2053,0.0
RE1,NE_RESWHT_RUR,2054,0.0
RE1,NE_RESWHT_URB,2022,0.0
RE1,NE_RESWHT_URB,2023,0.0
RE1,NE_RESWHT_URB,2024,0.0
RE1,NE_RESWHT_URB,2025,0.0
RE1,NE_RESWHT_URB,2026,0.0
RE1,NE_RESWHT_URB,2027,0.0
RE1,NE_RESWHT_URB,2028,0.0
RE1,NE_RESWHT_URB,2029,0.0
RE1,NE_RESWHT_URB,2030,0.0
RE1,NE_RESWHT_URB,2031,0.0
RE1,NE_RESWHT_URB,2032,0.0
RE1,NE_RESWHT_URB,2033,0.0
RE1,NE_RESWHT_URB,2034,0.0
RE1,NE_RESWHT_URB,2035,0.0
RE1,NE_RESWHT_URB,2036,0.0
RE1,NE_RESWHT_URB,2037,0.0
RE1,NE_RESWHT_URB,2038,0.0
RE1,NE_RESWHT_URB,2039,0.0
RE1,NE_RESWHT_URB,2040,0.0
RE1,NE_RESWHT_URB,2041,0.0
RE1,NE_RESWHT_URB,2042,0.0
RE1,NE_RESWHT_URB,2043,0.0
RE1,NE_RESWHT_URB,2044,0.0
RE1,NE_RESWHT_URB,2045,0.0
RE1,NE_RESWHT_URB,2046,0.0
RE1,NE_RESWHT_URB,2047,0.0
RE1,NE_RESWHT_URB,2048,0.0
RE1,NE_RESWHT_URB,2049,0.0
RE1,NE_RESWHT_URB,2050,0.0
RE1,NE_RESWHT_URB,2051,0.0
RE1,NE_RESWHT_URB,2052,0.0
RE1,NE_RESWHT_URB,2053,0.0
RE1,NE_RESWHT_URB,2054,0.0
RE1,NE_RESWSH_RUR,2022,0.0
RE1,NE_RESWSH_RUR,2023,0.0
RE1,NE_RESWSH_RUR,2024,0.0
RE1,NE_RESWSH_RUR,2025,0.0
RE1,NE_RESWSH_RUR,2026,0.0
RE1,NE_RESWSH_RUR,2027,0.0
RE1,NE_RESWSH_RUR,2028,0.0
RE1,NE_RESWSH_RUR,2029,0.0
RE1,NE_RESWSH_RUR,2030,0.0
RE1,NE_RESWSH_RUR,2031,0.0
RE1,NE_RESWSH_RUR,2032,0.0
RE1,NE_RESWSH_RUR,2033,0.0
RE1,NE_RESWSH_RUR,2034,0.0
RE1,NE_RESWSH_RUR,2035,0.0
RE1,NE_RESWSH_RUR,2036,0.0
RE1,NE_RESWSH_RUR,2037,0.0
RE1,NE_RESWSH_RUR,2038,0.0
RE1,NE_RESWSH_RUR,2039,0.0
RE1,NE_RESWSH_RUR,2040,0.0
RE1,NE_RESWSH_RUR,2041,0.0
RE1,NE_RESWSH_RUR,2042,0.0
RE1,NE_RESWSH_RUR,2043,0.0
RE1,NE_RESWSH_RUR,2044,0.0
RE1,NE_RESWSH_RUR,2045,0.0
RE1,NE_RESWSH_RUR,2046,0.0
RE1,NE_RESWSH_RUR,2047,0.0
RE1,NE_RESWSH_RUR,2048,0.0
RE1,NE_RESWSH_RUR,2049,0.0
RE1,NE_RESWSH_RUR,2050,0.0
RE1,NE_RESWSH_RUR,2051,0.0
RE1,NE_RESWSH_RUR,2052,0.0
RE1,NE_RESWSH_RUR,2053,0.0
RE1,NE_RESWSH_RUR,2054,0.0
RE1,NE_RESWSH_URB,2022,0.0
RE1,NE_RESWSH_URB,2023,0.0
RE1,NE_RESWSH_URB,2024,0.0
RE1,NE_RESWSH_URB,2025,0.0
RE1,NE_RESWSH_URB,2026,0.0
RE1,NE_RESWSH_URB,2027,0.0
RE1,NE_RESWSH_URB,2028,0.0
RE1,NE_RESWSH_URB,2029,0.0
RE1,NE_RESWSH_URB,2030,0.0
RE1,NE_RESWSH_URB,2031,0.0
RE1,NE_RESWSH_URB,2032,0.0
RE1,NE_RESWSH_URB,2033,0.0
RE1,NE_RESWSH_URB,2034,0.0
RE1,NE_RESWSH_URB,2035,0.0
RE1,NE_RESWSH_URB,2036,0.0
RE1,NE_RESWSH_URB,2037,0.0
RE1,NE_RESWSH_URB,2038,0.0
RE1,NE_RESWSH_URB,2039,0.0
RE1,NE_RESWSH_URB,2040,0.0
RE1,NE_RESWSH_URB,2041,0.0
RE1,NE_RESWSH_URB,2042,0.0
RE1,NE_RESWSH_URB,2043,0.0
RE1,NE_RESWSH_URB,2044,0.0
RE1,NE_RESWSH_URB,2045,0.0
RE1,NE_RESWSH_URB,2046,0.0
RE1,NE_RESWSH_URB,2047,0.0
RE1,NE_RESWSH_URB,2048,0.0
RE1,NE_RESWSH_URB,2049,0.0
RE1,NE_RESWSH_URB,2050,0.0
RE1,NE_RESWSH_URB,2051,0.0
RE1,NE_RESWSH_URB,2052,0.0
RE1,NE_RESWSH_URB,2053,0.0
RE1,NE_RESWSH_URB,2054,0.0
RE1,NE_TERCLIM_CEN,2022,0.0
RE1,NE_TERCLIM_CEN,2023,0.0
RE1,NE_TERCLIM_CEN,2024,0.0
RE1,NE_TERCLIM_CEN,2025,0.0
RE1,NE_TERCLIM_CEN,2026,0.0
RE1,NE_TERCLIM_CEN,2027,0.0
RE1,NE_TERCLIM_CEN,2028,0.0
RE1,NE_TERCLIM_CEN,2029,0.0
RE1,NE_TERCLIM_CEN,2030,0.0
RE1,NE_TERCLIM_CEN,2031,0.0
RE1,NE_TERCLIM_CEN,2032,0.0
RE1,NE_TERCLIM_CEN,2033,0.0
RE1,NE_TERCLIM_CEN,2034,0.0
RE1,NE_TERCLIM_CEN,2035,0.0
RE1,NE_TERCLIM_CEN,2036,0.0
RE1,NE_TERCLIM_CEN,2037,0.0
RE1,NE_TERCLIM_CEN,2038,0.0
RE1,NE_TERCLIM_CEN,2039,0.0
RE1,NE_TERCLIM_CEN,2040,0.0
RE1,NE_TERCLIM_CEN,2041,0.0
RE1,NE_TERCLIM_CEN,2042,0.0
RE1,NE_TERCLIM_CEN,2043,0.0
RE1,NE_TERCLIM_CEN,2044,0.0
RE1,NE_TERCLIM_CEN,2045,0.0
RE1,NE_TERCLIM_CEN,2046,0.0
RE1,NE_TERCLIM_CEN,2047,0.0
RE1,NE_TERCLIM_CEN,2048,0.0
RE1,NE_TERCLIM_CEN,2049,0.0
RE1,NE_TERCLIM_CEN,2050,0.0
RE1,NE_TERCLIM_CEN,2051,0.0
RE1,NE_TERCLIM_CEN,2052,0.0
RE1,NE_TERCLIM_CEN,2053,0.0
RE1,NE_TERCLIM_CEN,2054,0.0
RE1,NE_TERCLIM_FAN,2022,0.0
RE1,NE_TERCLIM_FAN,2023,0.0
RE1,NE_TERCLIM_FAN,2024,0.0
RE1,NE_TERCLIM_FAN,2025,0.0
RE1,NE_TERCLIM_FAN,2026,0.0
RE1,NE_TERCLIM_FAN,2027,0.0
RE1,NE_TERCLIM_FAN,2028,0.0
RE1,NE_TERCLIM_FAN,2029,0.0
RE1,NE_TERCLIM_FAN,2030,0.0
RE1,NE_TERCLIM_FAN,2031,0.0
RE1,NE_TERCLIM_FAN,2032,0.0
RE1,NE_TERCLIM_FAN,2033,0.0
RE1,NE_TERCLIM_FAN,2034,0.0
RE1,NE_TERCLIM_FAN,2035,0.0
RE1,NE_TERCLIM_FAN,2036,0.0
RE1,NE_TERCLIM_FAN,2037,0.0
RE1,NE_TERCLIM_FAN,2038,0.0
RE1,NE_TERCLIM_FAN,2039,0.0
RE1,NE_TERCLIM_FAN,2040,0.0
RE1,NE_TERCLIM_FAN,2041,0.0
RE1,NE_TERCLIM_FAN,2042,0.0
RE1,NE_TERCLIM_FAN,2043,0.0
RE1,NE_TERCLIM_FAN,2044,0.0
RE1,NE_TERCLIM_FAN,2045,0.0
RE1,NE_TERCLIM_FAN,2046,0.0
RE1,NE_TERCLIM_FAN,2047,0.0
RE1,NE_TERCLIM_FAN,2048,0.0
RE1,NE_TERCLIM_FAN,2049,0.0
RE1,NE_TERCLIM_FAN,2050,0.0
RE1,NE_TERCLIM_FAN,2051,0.0
RE1,NE_TERCLIM_FAN,2052,0.0
RE1,NE_TERCLIM_FAN,2053,0.0
RE1,NE_TERCLIM_FAN,2054,0.0
RE1,NE_TERCLIM_SPL,2022,0.0
RE1,NE_TERCLIM_SPL,2023,0.0
RE1,NE_TERCLIM_SPL,2024,0.0
RE1,NE_TERCLIM_SPL,2025,0.0
RE1,NE_TERCLIM_SPL,2026,0.0
RE1,NE_TERCLIM_SPL,2027,0.0
RE1,NE_TERCLIM_SPL,2028,0.0
RE1,NE_TERCLIM_SPL,2029,0.0
RE1,NE_TERCLIM_SPL,2030,0.0
RE1,NE_TERCLIM_SPL,2031,0.0
RE1,NE_TERCLIM_SPL,2032,0.0
RE1,NE_TERCLIM_SPL,2033,0.0
RE1,NE_TERCLIM_SPL,2034,0.0
RE1,NE_TERCLIM_SPL,2035,0.0
RE1,NE_TERCLIM_SPL,2036,0.0
RE1,NE_TERCLIM_SPL,2037,0.0
RE1,NE_TERCLIM_SPL,2038,0.0
RE1,NE_TERCLIM_SPL,2039,0.0
RE1,NE_TERCLIM_SPL,2040,0.0
RE1,NE_TERCLIM_SPL,2041,0.0
RE1,NE_TERCLIM_SPL,2042,0.0
RE1,NE_TERCLIM_SPL,2043,0.0
RE1,NE_TERCLIM_SPL,2044,0.0
RE1,NE_TERCLIM_SPL,2045,0.0
RE1,NE_TERCLIM_SPL,2046,0.0
RE1,NE_TERCLIM_SPL,2047,0.0
RE1,NE_TERCLIM_SPL,2048,0.0
RE1,NE_TERCLIM_SPL,2049,0.0
RE1,NE_TERCLIM_SPL,2050,0.0
RE1,NE_TERCLIM_SPL,2051,0.0
RE1,NE_TERCLIM_SPL,2052,0.0
RE1,NE_TERCLIM_SPL,2053,0.0
RE1,NE_TERCLIM_SPL,2054,0.0
RE1,NE_TERDATA,2022,0.0
RE1,NE_TERDATA,2023,0.0
RE1,NE_TERDATA,2024,0.0
RE1,NE_TERDATA,2025,0.0
RE1,NE_TERDATA,2026,0.0
RE1,NE_TERDATA,2027,0.0
RE1,NE_TERDATA,2028,0.0
RE1,NE_TERDATA,2029,0.0
RE1,NE_TERDATA,2030,0.0
RE1,NE_TERDATA,2031,0.0
RE1,NE_TERDATA,2032,0.0
RE1,NE_TERDATA,2033,0.0
RE1,NE_TERDATA,2034,0.0
RE1,NE_TERDATA,2035,0.0
RE1,NE_TERDATA,2036,0.0
RE1,NE_TERDATA,2037,0.0
RE1,NE_TERDATA,2038,0.0
RE1,NE_TERDATA,2039,0.0
RE1,NE_TERDATA,2040,0.0
RE1,NE_TERDATA,2041,0.0
RE1,NE_TERDATA,2042,0.0
RE1,NE_TERDATA,2043,0.0
RE1,NE_TERDATA,2044,0.0
RE1,NE_TERDATA,2045,0.0
RE1,NE_TERDATA,2046,0.0
RE1,NE_TERDATA,2047,0.0
RE1,NE_TERDATA,2048,0.0
RE1,NE_TERDATA,2049,0.0
RE1,NE_TERDATA,2050,0.0
RE1,NE_TERDATA,2051,0.0
RE1,NE_TERDATA,2052,0.0
RE1,NE_TERDATA,2053,0.0
RE1,NE_TERDATA,2054,0.0
RE1,NE_TERDHT,2022,0.0
RE1,NE_TERDHT,2023,0.0
RE1,NE_TERDHT,2024,0.0
RE1,NE_TERDHT,2025,0.0
RE1,NE_TERDHT,2026,0.0
RE1,NE_TERDHT,2027,0.0
RE1,NE_TERDHT,2028,0.0
RE1,NE_TERDHT,2029,0.0
RE1,NE_TERDHT,2030,0.0
RE1,NE_TERDHT,2031,0.0
RE1,NE_TERDHT,2032,0.0
RE1,NE_TERDHT,2033,0.0
RE1,NE_TERDHT,2034,0.0
RE1,NE_TERDHT,2035,0.0
RE1,NE_TERDHT,2036,0.0
RE1,NE_TERDHT,2037,0.0
RE1,NE_TERDHT,2038,0.0
RE1,NE_TERDHT,2039,0.0
RE1,NE_TERDHT,2040,0.0
RE1,NE_TERDHT,2041,0.0
RE1,NE_TERDHT,2042,0.0
RE1,NE_TERDHT,2043,0.0
RE1,NE_TERDHT,2044,0.0
RE1,NE_TERDHT,2045,0.0
RE1,NE_TERDHT,2046,0.0
RE1,NE_TERDHT,2047,0.0
RE1,NE_TERDHT,2048,0.0
RE1,NE_TERDHT,2049,0.0
RE1,NE_TERDHT,2050,0.0
RE1,NE_TERDHT,2051,0.0
RE1,NE_TERDHT,2052,0.0
RE1,NE_TERDHT,2053,0.0
RE1,NE_TERDHT,2054,0.0
RE1,NE_TERIHT,2022,0.0
RE1,NE_TERIHT,2023,0.0
RE1,NE_TERIHT,2024,0.0
RE1,NE_TERIHT,2025,0.0
RE1,NE_TERIHT,2026,0.0
RE1,NE_TERIHT,2027,0.0
RE1,NE_TERIHT,2028,0.0
RE1,NE_TERIHT,2029,0.0
RE1,NE_TERIHT,2030,0.0
RE1,NE_TERIHT,2031,0.0
RE1,NE_TERIHT,2032,0.0
RE1,NE_TERIHT,2033,0.0
RE1,NE_TERIHT,2034,0.0
RE1,NE_TERIHT,2035,0.0
RE1,NE_TERIHT,2036,0.0
RE1,NE_TERIHT,2037,0.0
RE1,NE_TERIHT,2038,0.0
RE1,NE_TERIHT,2039,0.0
RE1,NE_TERIHT,2040,0.0
RE1,NE_TERIHT,2041,0.0
RE1,NE_TERIHT,2042,0.0
RE1,NE_TERIHT,2043,0.0
RE1,NE_TERIHT,2044,0.0
RE1,NE_TERIHT,2045,0.0
RE1,NE_TERIHT,2046,0.0
RE1,NE_TERIHT,2047,0.0
RE1,NE_TERIHT,2048,0.0
RE1,NE_TERIHT,2049,0.0
RE1,NE_TERIHT,2050,0.0
RE1,NE_TERIHT,2051,0.0
RE1,NE_TERIHT,2052,0.0
RE1,NE_TERIHT,2053,0.0
RE1,NE_TERIHT,2054,0.0
RE1,NE_TERILU,2022,0.0
RE1,NE_TERILU,2023,0.0
RE1,NE_TERILU,2024,0.0
RE1,NE_TERILU,2025,0.0
RE1,NE_TERILU,2026,0.0
RE1,NE_TERILU,2027,0.0
RE1,NE_TERILU,2028,0.0
RE1,NE_TERILU,2029,0.0
RE1,NE_TERILU,2030,0.0
RE1,NE_TERILU,2031,0.0
RE1,NE_TERILU,2032,0.0
RE1,NE_TERILU,2033,0.0
RE1,NE_TERILU,2034,0.0
RE1,NE_TERILU,2035,0.0
RE1,NE_TERILU,2036,0.0
RE1,NE_TERILU,2037,0.0
RE1,NE_TERILU,2038,0.0
RE1,NE_TERILU,2039,0.0
RE1,NE_TERILU,2040,0.0
RE1,NE_TERILU,2041,0.0
RE1,NE_TERILU,2042,0.0
RE1,NE_TERILU,2043,0.0
RE1,NE_TERILU,2044,0.0
RE1,NE_TERILU,2045,0.0
RE1,NE_TERILU,2046,0.0
RE1,NE_TERILU,2047,0.0
RE1,NE_TERILU,2048,0.0
RE1,NE_TERILU,2049,0.0
RE1,NE_TERILU,2050,0.0
RE1,NE_TERILU,2051,0.0
RE1,NE_TERILU,2052,0.0
RE1,NE_TERILU,2053,0.0
RE1,NE_TERILU,2054,0.0
RE1,NE_TERMPW,2022,0.0
RE1,NE_TERMPW,2023,0.0
RE1,NE_TERMPW,2024,0.0
RE1,NE_TERMPW,2025,0.0
RE1,NE_TERMPW,2026,0.0
RE1,NE_TERMPW,2027,0.0
RE1,NE_TERMPW,2028,0.0
RE1,NE_TERMPW,2029,0.0
RE1,NE_TERMPW,2030,0.0
RE1,NE_TERMPW,2031,0.0
RE1,NE_TERMPW,2032,0.0
RE1,NE_TERMPW,2033,0.0
RE1,NE_TERMPW,2034,0.0
RE1,NE_TERMPW,2035,0.0
RE1,NE_TERMPW,2036,0.0
RE1,NE_TERMPW,2037,0.0
RE1,NE_TERMPW,2038,0.0
RE1,NE_TERMPW,2039,0.0
RE1,NE_TERMPW,2040,0.0
RE1,NE_TERMPW,2041,0.0
RE1,NE_TERMPW,2042,0.0
RE1,NE_TERMPW,2043,0.0
RE1,NE_TERMPW,2044,0.0
RE1,NE_TERMPW,2045,0.0
RE1,NE_TERMPW,2046,0.0
RE1,NE_TERMPW,2047,0.0
RE1,NE_TERMPW,2048,0.0
RE1,NE_TERMPW,2049,0.0
RE1,NE_TERMPW,2050,0.0
RE1,NE_TERMPW,2051,0.0
RE1,NE_TERMPW,2052,0.0
RE1,NE_TERMPW,2053,0.0
RE1,NE_TERMPW,2054,0.0
RE1,NE_TEROTH,2022,0.0
RE1,NE_TEROTH,2023,0.0
RE1,NE_TEROTH,2024,0.0
RE1,NE_TEROTH,2025,0.0
RE1,NE_TEROTH,2026,0.0
RE1,NE_TEROTH,2027,0.0
RE1,NE_TEROTH,2028,0.0
RE1,NE_TEROTH,2029,0.0
RE1,NE_TEROTH,2030,0.0
RE1,NE_TEROTH,2031,0.0
RE1,NE_TEROTH,2032,0.0
RE1,NE_TEROTH,2033,0.0
RE1,NE_TEROTH,2034,0.0
RE1,NE_TEROTH,2035,0.0
RE1,NE_TEROTH,2036,0.0
RE1,NE_TEROTH,2037,0.0
RE1,NE_TEROTH,2038,0.0
RE1,NE_TEROTH,2039,0.0
RE1,NE_TEROTH,2040,0.0
RE1,NE_TEROTH,2041,0.0
RE1,NE_TEROTH,2042,0.0
RE1,NE_TEROTH,2043,0.0
RE1,NE_TEROTH,2044,0.0
RE1,NE_TEROTH,2045,0.0
RE1,NE_TEROTH,2046,0.0
RE1,NE_TEROTH,2047,0.0
RE1,NE_TEROTH,2048,0.0
RE1,NE_TEROTH,2049,0.0
RE1,NE_TEROTH,2050,0.0
RE1,NE_TEROTH,2051,0.0
RE1,NE_TEROTH,2052,0.0
RE1,NE_TEROTH,2053,0.0
RE1,NE_TEROTH,2054,0.0
RE1,NE_TERREF_AUC,2022,0.0
RE1,NE_TERREF_AUC,2023,0.0
RE1,NE_TERREF_AUC,2024,0.0
RE1,NE_TERREF_AUC,2025,0.0
RE1,NE_TERREF_AUC,2026,0.0
RE1,NE_TERREF_AUC,2027,0.0
RE1,NE_TERREF_AUC,2028,0.0
RE1,NE_TERREF_AUC,2029,0.0
RE1,NE_TERREF_AUC,2030,0.0
RE1,NE_TERREF_AUC,2031,0.0
RE1,NE_TERREF_AUC,2032,0.0
RE1,NE_TERREF_AUC,2033,0.0
RE1,NE_TERREF_AUC,2034,0.0
RE1,NE_TERREF_AUC,2035,0.0
RE1,NE_TERREF_AUC,2036,0.0
RE1,NE_TERREF_AUC,2037,0.0
RE1,NE_TERREF_AUC,2038,0.0
RE1,NE_TERREF_AUC,2039,0.0
RE1,NE_TERREF_AUC,2040,0.0
RE1,NE_TERREF_AUC,2041,0.0
RE1,NE_TERREF_AUC,2042,0.0
RE1,NE_TERREF_AUC,2043,0.0
RE1,NE_TERREF_AUC,2044,0.0
RE1,NE_TERREF_AUC,2045,0.0
RE1,NE_TERREF_AUC,2046,0.0
RE1,NE_TERREF_AUC,2047,0.0
RE1,NE_TERREF_AUC,2048,0.0
RE1,NE_TERREF_AUC,2049,0.0
RE1,NE_TERREF_AUC,2050,0.0
RE1,NE_TERREF_AUC,2051,0.0
RE1,NE_TERREF_AUC,2052,0.0
RE1,NE_TERREF_AUC,2053,0.0
RE1,NE_TERREF_AUC,2054,0.0
RE1,NE_TERREF_CEN,2022,0.0
RE1,NE_TERREF_CEN,2023,0.0
RE1,NE_TERREF_CEN,2024,0.0
RE1,NE_TERREF_CEN,2025,0.0
RE1,NE_TERREF_CEN,2026,0.0
RE1,NE_TERREF_CEN,2027,0.0
RE1,NE_TERREF_CEN,2028,0.0
RE1,NE_TERREF_CEN,2029,0.0
RE1,NE_TERREF_CEN,2030,0.0
RE1,NE_TERREF_CEN,2031,0.0
RE1,NE_TERREF_CEN,2032,0.0
RE1,NE_TERREF_CEN,2033,0.0
RE1,NE_TERREF_CEN,2034,0.0
RE1,NE_TERREF_CEN,2035,0.0
RE1,NE_TERREF_CEN,2036,0.0
RE1,NE_TERREF_CEN,2037,0.0
RE1,NE_TERREF_CEN,2038,0.0
RE1,NE_TERREF_CEN,2039,0.0
RE1,NE_TERREF_CEN,2040,0.0
RE1,NE_TERREF_CEN,2041,0.0
RE1,NE_TERREF_CEN,2042,0.0
RE1,NE_TERREF_CEN,2043,0.0
RE1,NE_TERREF_CEN,2044,0.0
RE1,NE_TERREF_CEN,2045,0.0
RE1,NE_TERREF_CEN,2046,0.0
RE1,NE_TERREF_CEN,2047,0.0
RE1,NE_TERREF_CEN,2048,0.0
RE1,NE_TERREF_CEN,2049,0.0
RE1,NE_TERREF_CEN,2050,0.0
RE1,NE_TERREF_CEN,2051,0.0
RE1,NE_TERREF_CEN,2052,0.0
RE1,NE_TERREF_CEN,2053,0.0
RE1,NE_TERREF_CEN,2054,0.0
RE1,NE_TRAAVI,2022,9.587345503634937
RE1,NE_TRAAVI,2023,10.47977003403151
RE1,NE_TRAAVI,2024,10.80846419680726
RE1,NE_TRAAVI,2025,11.06481394609169
RE1,NE_TRAAVI,2026,11.40761627315826
RE1,NE_TRAAVI,2027,11.75041860022484
RE1,NE_TRAAVI,2028,12.05209633244367
RE1,NE_TRAAVI,2029,12.35707565673056
RE1,NE_TRAAVI,2030,12.66715866712265
RE1,NE_TRAAVI,2031,12.98234386561993
RE1,NE_TRAAVI,2032,13.30353304824097
RE1,NE_TRAAVI,2033,13.62922521895483
RE1,NE_TRAAVI,2034,13.96001957777388
RE1,NE_TRAAVI,2035,14.29621722270431
RE1,NE_TRAAVI,2036,14.63811925175232
RE1,NE_TRAAVI,2037,14.98452426889317
RE1,NE_TRAAVI,2038,15.33602997613916
RE1,NE_TRAAVI,2039,15.69264386349045
RE1,NE_TRAAVI,2040,16.05554935097144
RE1,NE_TRAAVI,2041,16.55844294133816
RE1,NE_TRAAVI,2042,16.92026986879691
RE1,NE_TRAAVI,2043,17.28211177625597
RE1,NE_TRAAVI,2044,17.64393870371472
RE1,NE_TRAAVI,2045,18.00576563117348
RE1,NE_TRAAVI,2046,18.36760753863254
RE1,NE_TRAAVI,2047,18.72943446609129
RE1,NE_TRAAVI,2048,19.09126139355005
RE1,NE_TRAAVI,2049,19.45310330100911
RE1,NE_TRAAVI,2050,19.81493022846786
RE1,NE_TRAAVI,2051,20.17675715592662
RE1,NE_TRAAVI,2052,20.53859906338567
RE1,NE_TRAAVI,2053,20.90042599084443
RE1,NE_TRAAVI,2054,21.26226789830349
RE1,NE_TRABUS,2022,1.433066850938142
RE1,NE_TRABUS,2023,1.692789832921787
RE1,NE_TRABUS,2024,2.021168578161766
RE1,NE_TRABUS,2025,2.066303618757812
RE1,NE_TRABUS,2026,2.113353933850064
RE1,NE_TRABUS,2027,2.165973211027877
RE1,NE_TRABUS,2028,2.217826707965509
RE1,NE_TRABUS,2029,2.282833884116854
RE1,NE_TRABUS,2030,2.37233108672908
RE1,NE_TRABUS,2031,2.510152205016591
RE1,NE_TRABUS,2032,2.692804369316194
RE1,NE_TRABUS,2033,2.902443713065154
RE1,NE_TRABUS,2034,3.035899813987739
RE1,NE_TRABUS,2035,3.272469391120215
RE1,NE_TRABUS,2036,3.489184442820985
RE1,NE_TRABUS,2037,3.729261487770295
RE1,NE_TRABUS,2038,3.982525594636719
RE1,NE_TRABUS,2039,4.266738179281543
RE1,NE_TRABUS,2040,4.45439681730234
RE1,NE_TRABUS,2041,4.696359780944659
RE1,NE_TRABUS,2042,4.950818493347209
RE1,NE_TRABUS,2043,5.280612589035819
RE1,NE_TRABUS,2044,5.45574769088779
RE1,NE_TRABUS,2045,5.69755022740988
RE1,NE_TRABUS,2046,5.844318644512825
RE1,NE_TRABUS,2047,6.127882838678806
RE1,NE_TRABUS,2048,6.316675104442913
RE1,NE_TRABUS,2049,6.492870983075871
RE1,NE_TRABUS,2050,6.647711840060576
RE1,NE_TRABUS,2051,6.789717139252061
RE1,NE_TRABUS,2052,6.931704425416569
RE1,NE_TRABUS,2053,6.84287119229656
RE1,NE_TRABUS,2054,6.756864090438196
RE1,NE_TRAFWD,2022,1.929871312466482
RE1,NE_TRAFWD,2023,1.826733675113921
RE1,NE_TRAFWD,2024,1.68337481177273
RE1,NE_TRAFWD,2025,1.776629647340993
RE1,NE_TRAFWD,2026,1.86899331331713
RE1,NE_TRAFWD,2027,1.954476570353659
RE1,NE_TRAFWD,2028,2.036622557768071
RE1,NE_TRAFWD,2029,2.122879539057828
RE1,NE_TRAFWD,2030,2.217977057298164
RE1,NE_TRAFWD,2031,2.310470635716111
RE1,NE_TRAFWD,2032,2.433577686373528
RE1,NE_TRAFWD,2033,2.575721982356247
RE1,NE_TRAFWD,2034,2.698935267668707
RE1,NE_TRAFWD,2035,2.825329509896267
RE1,NE_TRAFWD,2036,2.965146725033044
RE1,NE_TRAFWD,2037,3.110756422384629
RE1,NE_TRAFWD,2038,3.263583215820021
RE1,NE_TRAFWD,2039,3.405740468899925
RE1,NE_TRAFWD,2040,3.542647811822483
RE1,NE_TRAFWD,2041,3.689184760409091
RE1,NE_TRAFWD,2042,3.866590913955767
RE1,NE_TRAFWD,2043,4.045782688159549
RE1,NE_TRAFWD,2044,4.242772260141009
RE1,NE_TRAFWD,2045,4.429601361590961
RE1,NE_TRAFWD,2046,4.604958358142095
RE1,NE_TRAFWD,2047,4.815776264277096
RE1,NE_TRAFWD,2048,5.006160019535145
RE1,NE_TRAFWD,2049,5.206995610680092
RE1,NE_TRAFWD,2050,5.437584500260829
RE1,NE_TRAFWD,2051,5.630893580602765
RE1,NE_TRAFWD,2052,5.786206575891864
RE1,NE_TRAFWD,2053,5.953593268031817
RE1,NE_TRAFWD,2054,6.088205016703413
RE1,NE_TRALDV,2022,2.476325187175913
RE1,NE_TRALDV,2023,2.395038758542773
RE1,NE_TRALDV,2024,2.199482377736317
RE1,NE_TRALDV,2025,2.236633519180774
RE1,NE_TRALDV,2026,2.270491738160233
RE1,NE_TRALDV,2027,2.302108953525669
RE1,NE_TRALDV,2028,2.330036748314095
RE1,NE_TRALDV,2029,2.358700739215321
RE1,NE_TRALDV,2030,2.380803462048791
RE1,NE_TRALDV,2031,2.408010853594256
RE1,NE_TRALDV,2032,2.438950942238504
RE1,NE_TRALDV,2033,2.462459443633366
RE1,NE_TRALDV,2034,2.482931162562743
RE1,NE_TRALDV,2035,2.505867446345843
RE1,NE_TRALDV,2036,2.528892591430154
RE1,NE_TRALDV,2037,2.554400168237235
RE1,NE_TRALDV,2038,2.578229787919462
RE1,NE_TRALDV,2039,2.60111715790031
RE1,NE_TRALDV,2040,2.617963076817497
RE1,NE_TRALDV,2041,2.638081925277151
RE1,NE_TRALDV,2042,2.651829934701018
RE1,NE_TRALDV,2043,2.667506372778915
RE1,NE_TRALDV,2044,2.664701204517468
RE1,NE_TRALDV,2045,2.657157279698384
RE1,NE_TRALDV,2046,2.634666634968224
RE1,NE_TRALDV,2047,2.615492362423093
RE1,NE_TRALDV,2048,2.575846781692737
RE1,NE_TRALDV,2049,2.526629488868844
RE1,NE_TRALDV,2050,2.46487850228597
RE1,NE_TRALDV,2051,2.392600832174022
RE1,NE_TRALDV,2052,2.31493073214075
RE1,NE_TRALDV,2053,2.201636165635923
RE1,NE_TRALDV,2054,2.088850737203854
RE1,NE_TRAMAS,2022,0.0
RE1,NE_TRAMAS,2023,0.0
RE1,NE_TRAMAS,2024,0.0
RE1,NE_TRAMAS,2025,0.0
RE1,NE_TRAMAS,2026,0.0
RE1,NE_TRAMAS,2027,0.0
RE1,NE_TRAMAS,2028,0.0
RE1,NE_TRAMAS,2029,0.0
RE1,NE_TRAMAS,2030,0.0
RE1,NE_TRAMAS,2031,0.0
RE1,NE_TRAMAS,2032,0.0
RE1,NE_TRAMAS,2033,0.0
RE1,NE_TRAMAS,2034,0.0
RE1,NE_TRAMAS,2035,0.0
RE1,NE_TRAMAS,2036,0.0
RE1,NE_TRAMAS,2037,0.0
RE1,NE_TRAMAS,2038,0.0
RE1,NE_TRAMAS,2039,0.0
RE1,NE_TRAMAS,2040,0.0
RE1,NE_TRAMAS,2041,0.0
RE1,NE_TRAMAS,2042,0.0
RE1,NE_TRAMAS,2043,0.0
RE1,NE_TRAMAS,2044,0.0
RE1,NE_TRAMAS,2045,0.0
RE1,NE_TRAMAS,2046,0.0
RE1,NE_TRAMAS,2047,0.0
RE1,NE_TRAMAS,2048,0.0
RE1,NE_TRAMAS,2049,0.0
RE1,NE_TRAMAS,2050,0.0
RE1,NE_TRAMAS,2051,0.0
RE1,NE_TRAMAS,2052,0.0
RE1,NE_TRAMAS,2053,0.0
RE1,NE_TRAMAS,2054,0.0
RE1,NE_TRAMIC,2022,0.3419741685377061
RE1,NE_TRAMIC,2023,0.3905993545570253
RE1,NE_TRAMIC,2024,0.393147564449139
RE1,NE_TRAMIC,2025,0.3928405179630034
RE1,NE_TRAMIC,2026,0.3926849400600231
RE1,NE_TRAMIC,2027,0.3924416531881082
RE1,NE_TRAMIC,2028,0.3921212554756876
RE1,NE_TRAMIC,2029,0.3917390668078574
RE1,NE_TRAMIC,2030,0.3913331113038769
RE1,NE_TRAMIC,2031,0.3909067353765346
RE1,NE_TRAMIC,2032,0.390551370644156
RE1,NE_TRAMIC,2033,0.3902902489302428
RE1,NE_TRAMIC,2034,0.3900507216531635
RE1,NE_TRAMIC,2035,0.390240773387141
RE1,NE_TRAMIC,2036,0.390959614503177
RE1,NE_TRAMIC,2037,0.3927635846583998
RE1,NE_TRAMIC,2038,0.3959985535373265
RE1,NE_TRAMIC,2039,0.4014653597323767
RE1,NE_TRAMIC,2040,0.4094524221988304
RE1,NE_TRAMIC,2041,0.4221318435731128
RE1,NE_TRAMIC,2042,0.4376953170770779
RE1,NE_TRAMIC,2043,0.4590926501609193
RE1,NE_TRAMIC,2044,0.481112018644321
RE1,NE_TRAMIC,2045,0.506312809009457
RE1,NE_TRAMIC,2046,0.5289951210311833
RE1,NE_TRAMIC,2047,0.5589453854139179
RE1,NE_TRAMIC,2048,0.5839568617072157
RE1,NE_TRAMIC,2049,0.6075403009475377
RE1,NE_TRAMIC,2050,0.6293049321951075
RE1,NE_TRAMIC,2051,0.6503497942554038
RE1,NE_TRAMIC,2052,0.6717772850141496
RE1,NE_TRAMIC,2053,0.6755224028670765
RE1,NE_TRAMIC,2054,0.6786714941571788
RE1,NE_TRAMTC,2022,2.211083736591007
RE1,NE_TRAMTC,2023,2.10608617712566
RE1,NE_TRAMTC,2024,1.952657866406256
RE1,NE_TRAMTC,2025,2.022380847878872
RE1,NE_TRAMTC,2026,2.090441165507069
RE1,NE_TRAMTC,2027,2.159418998415406
RE1,NE_TRAMTC,2028,2.224516878133401
RE1,NE_TRAMTC,2029,2.293962212416607
RE1,NE_TRAMTC,2030,2.347496042141562
RE1,NE_TRAMTC,2031,2.410561003145154
RE1,NE_TRAMTC,2032,2.474088101712002
RE1,NE_TRAMTC,2033,2.500228297412753
RE1,NE_TRAMTC,2034,2.495153781738656
RE1,NE_TRAMTC,2035,2.464931981305221
RE1,NE_TRAMTC,2036,2.400657116532915
RE1,NE_TRAMTC,2037,2.28716104436062
RE1,NE_TRAMTC,2038,2.1420158906751
RE1,NE_TRAMTC,2039,1.97776590659118
RE1,NE_TRAMTC,2040,1.79591328161565
RE1,NE_TRAMTC,2041,1.617788653830638
RE1,NE_TRAMTC,2042,1.431398228696543
RE1,NE_TRAMTC,2043,1.4011111459929
RE1,NE_TRAMTC,2044,1.37163093910868
RE1,NE_TRAMTC,2045,1.33836211950853
RE1,NE_TRAMTC,2046,1.31142727071128
RE1,NE_TRAMTC,2047,1.284395831085138
RE1,NE_TRAMTC,2048,1.251404652850125
RE1,NE_TRAMTC,2049,1.226632994202419
RE1,NE_TRAMTC,2050,1.191895353393405
RE1,NE_TRAMTC,2051,1.143100647950634
RE1,NE_TRAMTC,2052,1.09845678649925
RE1,NE_TRAMTC,2053,1.030878132165563
RE1,NE_TRAMTC,2054,0.9640445464916074
RE1,NE_TRARVT,2022,0.3479356938069474
RE1,NE_TRARVT,2023,0.3509829693314563
RE1,NE_TRARVT,2024,0.352531822642457
RE1,NE_TRARVT,2025,0.3508014761176795
RE1,NE_TRARVT,2026,0.3538420872642903
RE1,NE_TRARVT,2027,0.3584686895272903
RE1,NE_TRARVT,2028,0.3621012638698133
RE1,NE_TRARVT,2029,0.3654682117303021
RE1,NE_TRARVT,2030,0.3662863330914738
RE1,NE_TRARVT,2031,0.368729237152482
RE1,NE_TRARVT,2032,0.3709513712034826
RE1,NE_TRARVT,2033,0.3729162707015188
RE1,NE_TRARVT,2034,0.3746439730550493
RE1,NE_TRARVT,2035,0.3761575750783278
RE1,NE_TRARVT,2036,0.3798142940952498
RE1,NE_TRARVT,2037,0.380741133457181
RE1,NE_TRARVT,2038,0.3840572445428013
RE1,NE_TRARVT,2039,0.3844530570996452
RE1,NE_TRARVT,2040,0.3845254847539572
RE1,NE_TRARVT,2041,0.3871944187662013
RE1,NE_TRARVT,2042,0.3896837221648691
RE1,NE_TRARVT,2043,0.2177667884700276
RE1,NE_TRARVT,2044,0.221063709432592
RE1,NE_TRARVT,2045,0.2243653489386993
RE1,NE_TRARVT,2046,0.2310670931843666
RE1,NE_TRARVT,2047,0.2344715565441155
RE1,NE_TRARVT,2048,0.2378753226614265
RE1,NE_TRARVT,2049,0.244987233808619
RE1,NE_TRARVT,2050,0.2484911751243433
RE1,NE_TRARVT,2051,0.2484911751243433
RE1,NE_TRARVT,2052,0.2484911751243433
RE1,NE_TRARVT,2053,0.2484911751243433
RE1,NE_TRARVT,2054,0.2484911751243433
RE1,NE_TRASTT,2022,5.979108471106485
RE1,NE_TRASTT,2023,5.797041819494503
RE1,NE_TRASTT,2024,5.374508879646265
RE1,NE_TRASTT,2025,5.474027347766763
RE1,NE_TRASTT,2026,5.577272975542702
RE1,NE_TRASTT,2027,5.676398276493555
RE1,NE_TRASTT,2028,5.77470884201438
RE1,NE_TRASTT,2029,5.86976994190757
RE1,NE_TRASTT,2030,5.971411871118622
RE1,NE_TRASTT,2031,6.060415254977526
RE1,NE_TRASTT,2032,6.17686442682383
RE1,NE_TRASTT,2033,6.311960994971932
RE1,NE_TRASTT,2034,6.421950908570567
RE1,NE_TRASTT,2035,6.531084865960335
RE1,NE_TRASTT,2036,6.651334906443097
RE1,NE_TRASTT,2037,6.775312688955159
RE1,NE_TRASTT,2038,6.907870323534871
RE1,NE_TRASTT,2039,7.03280669781233
RE1,NE_TRASTT,2040,7.149737963780586
RE1,NE_TRASTT,2041,7.273358493748556
RE1,NE_TRASTT,2042,7.426625436843183
RE1,NE_TRASTT,2043,7.583795943516004
RE1,NE_TRASTT,2044,7.740190596524284
RE1,NE_TRASTT,2045,7.89439457754034
RE1,NE_TRASTT,2046,8.0211403042978
RE1,NE_TRASTT,2047,8.194551617625555
RE1,NE_TRASTT,2048,8.335702734798208
RE1,NE_TRASTT,2049,8.477471097692824
RE1,NE_TRASTT,2050,8.6437496828412
RE1,NE_TRASTT,2051,8.783741288738891
RE1,NE_TRASTT,2052,8.892981494061583
RE1,NE_TRASTT,2053,8.976617321266037
RE1,NE_TRASTT,2054,9.036602272608137
RE1,NE_TRATAX,2022,1.053530999412922
RE1,NE_TRATAX,2023,1.031661349434815
RE1,NE_TRATAX,2024,0.9354591941862394
RE1,NE_TRATAX,2025,0.9438058473310914
RE1,NE_TRATAX,2026,0.950783642168983
RE1,NE_TRATAX,2027,0.9566551023878072
RE1,NE_TRATAX,2028,0.9613702885261881
RE1,NE_TRATAX,2029,0.9657969267176765
RE1,NE_TRATAX,2030,0.9685473077885415
RE1,NE_TRATAX,2031,0.9718874581465894
RE1,NE_TRATAX,2032,0.9753943651036393
RE1,NE_TRATAX,2033,0.9772354503294043
RE1,NE_TRATAX,2034,0.9784728691371031
RE1,NE_TRATAX,2035,0.9794480218558399
RE1,NE_TRATAX,2036,0.9799565387714777
RE1,NE_TRATAX,2037,0.980096411540145
RE1,NE_TRATAX,2038,0.9796426387873572
RE1,NE_TRATAX,2039,0.978675201618719
RE1,NE_TRATAX,2040,0.9774434312962865
RE1,NE_TRATAX,2041,0.976102061783887
RE1,NE_TRATAX,2042,0.9745359649284486
RE1,NE_TRATAX,2043,0.9727548786074505
RE1,NE_TRATAX,2044,0.9708072986722442
RE1,NE_TRATAX,2045,0.9685704366846526
RE1,NE_TRATAX,2046,0.9664570349724216
RE1,NE_TRATAX,2047,0.9640821207081096
RE1,NE_TRATAX,2048,0.9615787560462387
RE1,NE_TRATAX,2049,0.9590644411449918
RE1,NE_TRATAX,2050,0.956452459746777
RE1,NE_TRATAX,2051,0.9537311482716734
RE1,NE_TRATAX,2052,0.9509980935004295
RE1,NE_TRATAX,2053,0.9481982504396841
RE1,NE_TRATAX,2054,0.9453332135832291
RE1,NE_TRATCK,2022,2.258466232994659
RE1,NE_TRATCK,2023,2.185057602409046
RE1,NE_TRATCK,2024,2.038303303000433
RE1,NE_TRATCK,2025,2.084000662522286
RE1,NE_TRATCK,2026,2.131832072322465
RE1,NE_TRATCK,2027,2.178230298368036
RE1,NE_TRATCK,2028,2.22422551662513
RE1,NE_TRATCK,2029,2.269510049650061
RE1,NE_TRATCK,2030,2.317020763480286
RE1,NE_TRATCK,2031,2.36067555792449
RE1,NE_TRATCK,2032,2.417043691609758
RE1,NE_TRATCK,2033,2.48015071152596
RE1,NE_TRATCK,2034,2.531944415624666
RE1,NE_TRATCK,2035,2.583943545808018
RE1,NE_TRATCK,2036,2.639952947794092
RE1,NE_TRATCK,2037,2.69685637347342
RE1,NE_TRATCK,2038,2.755378501686935
RE1,NE_TRATCK,2039,2.80823882695747
RE1,NE_TRATCK,2040,2.855383304559695
RE1,NE_TRATCK,2041,2.903733216533622
RE1,NE_TRATCK,2042,2.961172156163646
RE1,NE_TRATCK,2043,3.017080588954588
RE1,NE_TRATCK,2044,3.071559291880789
RE1,NE_TRATCK,2045,3.12040357350857
RE1,NE_TRATCK,2046,3.158078990014818
RE1,NE_TRATCK,2047,3.208993314322377
RE1,NE_TRATCK,2048,3.246145213646451
RE1,NE_TRATCK,2049,3.283591024471289
RE1,NE_TRATCK,2050,3.329680333990824
RE1,NE_TRATCK,2051,3.362214516794079
RE1,NE_TRATCK,2052,3.381732813574403
RE1,NE_TRATCK,2053,3.394389254988297
RE1,NE_TRATCK,2054,3.396473940460318
RE1,OR_AGFELC,2022,0.0
RE1,OR_AGFELC,2023,0.0
RE1,OR_AGFELC,2024,0.0
RE1,OR_AGFELC,2025,0.0
RE1,OR_AGFELC,2026,0.0
RE1,OR_AGFELC,2027,0.0
RE1,OR_AGFELC,2028,0.0
RE1,OR_AGFELC,2029,0.0
RE1,OR_AGFELC,2030,0.0
RE1,OR_AGFELC,2031,0.0
RE1,OR_AGFELC,2032,0.0
RE1,OR_AGFELC,2033,0.0
RE1,OR_AGFELC,2034,0.0
RE1,OR_AGFELC,2035,0.0
RE1,OR_AGFELC,2036,0.0
RE1,OR_AGFELC,2037,0.0
RE1,OR_AGFELC,2038,0.0
RE1,OR_AGFELC,2039,0.0
RE1,OR_AGFELC,2040,0.0
RE1,OR_AGFELC,2041,0.0
RE1,OR_AGFELC,2042,0.0
RE1,OR_AGFELC,2043,0.0
RE1,OR_AGFELC,2044,0.0
RE1,OR_AGFELC,2045,0.0
RE1,OR_AGFELC,2046,0.0
RE1,OR_AGFELC,2047,0.0
RE1,OR_AGFELC,2048,0.0
RE1,OR_AGFELC,2049,0.0
RE1,OR_AGFELC,2050,0.0
RE1,OR_AGFELC,2051,0.0
RE1,OR_AGFELC,2052,0.0
RE1,OR_AGFELC,2053,0.0
RE1,OR_AGFELC,2054,0.0
RE1,OR_AGFHEA,2022,7.422175803827504
RE1,OR_AGFHEA,2023,7.629772571847179
RE1,OR_AGFHEA,2024,8.186424729694883
RE1,OR_AGFHEA,2025,8.489378869179387
RE1,OR_AGFHEA,2026,8.722299451899554
RE1,OR_AGFHEA,2027,8.972528538242782
RE1,OR_AGFHEA,2028,9.233332291770157
RE1,OR_AGFHEA,2029,9.502617145448225
RE1,OR_AGFHEA,2030,9.778545806252433
RE1,OR_AGFHEA,2031,10.06118227910745
RE1,OR_AGFHEA,2032,10.35297177622459
RE1,OR_AGFHEA,2033,10.65436293122713
RE1,OR_AGFHEA,2034,10.96450016366506
RE1,OR_AGFHEA,2035,11.30082959009924
RE1,OR_AGFHEA,2036,11.64726324422909
RE1,OR_AGFHEA,2037,12.01814391974336
RE1,OR_AGFHEA,2038,12.40025070243135
RE1,OR_AGFHEA,2039,12.7939334676809
RE1,OR_AGFHEA,2040,13.1995422314579
RE1,OR_AGFHEA,2041,13.61744209276094
RE1,OR_AGFHEA,2042,14.09041869344018
RE1,OR_AGFHEA,2043,14.57800498816677
RE1,OR_AGFHEA,2044,15.08064227749652
RE1,OR_AGFHEA,2045,15.5987857974372
RE1,OR_AGFHEA,2046,16.13290517678021
RE1,OR_AGFHEA,2047,16.68349491450718
RE1,OR_AGFHEA,2048,17.28009778587539
RE1,OR_AGFHEA,2049,17.93917529814259
RE1,OR_AGFHEA,2050,18.61935618142616
RE1,OR_AGFHEA,2051,19.32127000865134
RE1,OR_AGFHEA,2052,20.04556284566312
RE1,OR_AGFHEA,2053,20.79288771380029
RE1,OR_AGFHEA,2054,21.57009418847884
RE1,OR_HDGFUR,2022,0.0
RE1,OR_HDGFUR,2023,0.0
RE1,OR_HDGFUR,2024,0.0
RE1,OR_HDGFUR,2025,0.0
RE1,OR_HDGFUR,2026,0.0
RE1,OR_HDGFUR,2027,0.0
RE1,OR_HDGFUR,2028,0.0
RE1,OR_HDGFUR,2029,0.0
RE1,OR_HDGFUR,2030,0.6950818481450394
RE1,OR_HDGFUR,2031,0.9289176806809466
RE1,OR_HDGFUR,2032,1.18489181989211
RE1,OR_HDGFUR,2033,1.463977747153815
RE1,OR_HDGFUR,2034,1.767186338605542
RE1,OR_HDGFUR,2035,2.095526640675152
RE1,OR_HDGFUR,2036,2.409273756580069
RE1,OR_HDGFUR,2037,2.741590374053665
RE1,OR_HDGFUR,2038,3.093309642201302
RE1,OR_HDGFUR,2039,3.465278638742497
RE1,OR_HDGFUR,2040,6.561549379666487
RE1,OR_HDGFUR,2041,7.612198058031606
RE1,OR_HDGFUR,2042,8.743406070838894
RE1,OR_HDGFUR,2043,9.95978238130597
RE1,OR_HDGFUR,2044,11.26615653513917
RE1,OR_HDGFUR,2045,12.66758809127472
RE1,OR_HDGFUR,2046,14.16929519032283
RE1,OR_HDGFUR,2047,15.77688397381712
RE1,OR_HDGFUR,2048,17.49614710440407
RE1,OR_HDGFUR,2049,19.333152266658
RE1,OR_HDGFUR,2050,21.29392805538587
RE1,OR_HDGFUR,2051,21.29392805538587
RE1,OR_HDGFUR,2052,21.29392805538587
RE1,OR_HDGFUR,2053,21.29392805538587
RE1,OR_HDGFUR,2054,21.29392805538587
RE1,OR_INDCLIM,2022,0.0
RE1,OR_INDCLIM,2023,0.0
RE1,OR_INDCLIM,2024,0.0
RE1,OR_INDCLIM,2025,0.0
RE1,OR_INDCLIM,2026,0.0
RE1,OR_INDCLIM,2027,0.0
RE1,OR_INDCLIM,2028,0.0
RE1,OR_INDCLIM,2029,0.0
RE1,OR_INDCLIM,2030,0.0
RE1,OR_INDCLIM,2031,0.0
RE1,OR_INDCLIM,2032,0.0
RE1,OR_INDCLIM,2033,0.0
RE1,OR_INDCLIM,2034,0.0
RE1,OR_INDCLIM,2035,0.0
RE1,OR_INDCLIM,2036,0.0
RE1,OR_INDCLIM,2037,0.0
RE1,OR_INDCLIM,2038,0.0
RE1,OR_INDCLIM,2039,0.0
RE1,OR_INDCLIM,2040,0.0
RE1,OR_INDCLIM,2041,0.0
RE1,OR_INDCLIM,2042,0.0
RE1,OR_INDCLIM,2043,0.0
RE1,OR_INDCLIM,2044,0.0
RE1,OR_INDCLIM,2045,0.0
RE1,OR_INDCLIM,2046,0.0
RE1,OR_INDCLIM,2047,0.0
RE1,OR_INDCLIM,2048,0.0
RE1,OR_INDCLIM,2049,0.0
RE1,OR_INDCLIM,2050,0.0
RE1,OR_INDCLIM,2051,0.0
RE1,OR_INDCLIM,2052,0.0
RE1,OR_INDCLIM,2053,0.0
RE1,OR_INDCLIM,2054,0.0
RE1,OR_INDDHT,2022,0.0
RE1,OR_INDDHT,2023,0.0
RE1,OR_INDDHT,2024,0.0
RE1,OR_INDDHT,2025,0.0
RE1,OR_INDDHT,2026,0.0
RE1,OR_INDDHT,2027,0.0
RE1,OR_INDDHT,2028,0.0
RE1,OR_INDDHT,2029,0.0
RE1,OR_INDDHT,2030,0.0
RE1,OR_INDDHT,2031,0.0
RE1,OR_INDDHT,2032,0.0
RE1,OR_INDDHT,2033,0.0
RE1,OR_INDDHT,2034,0.0
RE1,OR_INDDHT,2035,0.0
RE1,OR_INDDHT,2036,0.0
RE1,OR_INDDHT,2037,0.0
RE1,OR_INDDHT,2038,0.0
RE1,OR_INDDHT,2039,0.0
RE1,OR_INDDHT,2040,0.0
RE1,OR_INDDHT,2041,0.0
RE1,OR_INDDHT,2042,0.0
RE1,OR_INDDHT,2043,0.0
RE1,OR_INDDHT,2044,0.0
RE1,OR_INDDHT,2045,0.0
RE1,OR_INDDHT,2046,0.0
RE1,OR_INDDHT,2047,0.0
RE1,OR_INDDHT,2048,0.0
RE1,OR_INDDHT,2049,0.0
RE1,OR_INDDHT,2050,0.0
RE1,OR_INDDHT,2051,0.0
RE1,OR_INDDHT,2052,0.0
RE1,OR_INDDHT,2053,0.0
RE1,OR_INDDHT,2054,0.0
RE1,OR_INDIHT,2022,0.0
RE1,OR_INDIHT,2023,0.0
RE1,OR_INDIHT,2024,0.0
RE1,OR_INDIHT,2025,0.0
RE1,OR_INDIHT,2026,0.0
RE1,OR_INDIHT,2027,0.0
RE1,OR_INDIHT,2028,0.0
RE1,OR_INDIHT,2029,0.0
RE1,OR_INDIHT,2030,0.0
RE1,OR_INDIHT,2031,0.0
RE1,OR_INDIHT,2032,0.0
RE1,OR_INDIHT,2033,0.0
RE1,OR_INDIHT,2034,0.0
RE1,OR_INDIHT,2035,0.0
RE1,OR_INDIHT,2036,0.0
RE1,OR_INDIHT,2037,0.0
RE1,OR_INDIHT,2038,0.0
RE1,OR_INDIHT,2039,0.0
RE1,OR_INDIHT,2040,0.0
RE1,OR_INDIHT,2041,0.0
RE1,OR_INDIHT,2042,0.0
RE1,OR_INDIHT,2043,0.0
RE1,OR_INDIHT,2044,0.0
RE1,OR_INDIHT,2045,0.0
RE1,OR_INDIHT,2046,0.0
RE1,OR_INDIHT,2047,0.0
RE1,OR_INDIHT,2048,0.0
RE1,OR_INDIHT,2049,0.0
RE1,OR_INDIHT,2050,0.0
RE1,OR_INDIHT,2051,0.0
RE1,OR_INDIHT,2052,0.0
RE1,OR_INDIHT,2053,0.0
RE1,OR_INDIHT,2054,0.0
RE1,OR_INDILU,2022,0.0
RE1,OR_INDILU,2023,0.0
RE1,OR_INDILU,2024,0.0
RE1,OR_INDILU,2025,0.0
RE1,OR_INDILU,2026,0.0
RE1,OR_INDILU,2027,0.0
RE1,OR_INDILU,2028,0.0
RE1,OR_INDILU,2029,0.0
RE1,OR_INDILU,2030,0.0
RE1,OR_INDILU,2031,0.0
RE1,OR_INDILU,2032,0.0
RE1,OR_INDILU,2033,0.0
RE1,OR_INDILU,2034,0.0
RE1,OR_INDILU,2035,0.0
RE1,OR_INDILU,2036,0.0
RE1,OR_INDILU,2037,0.0
RE1,OR_INDILU,2038,0.0
RE1,OR_INDILU,2039,0.0
RE1,OR_INDILU,2040,0.0
RE1,OR_INDILU,2041,0.0
RE1,OR_INDILU,2042,0.0
RE1,OR_INDILU,2043,0.0
RE1,OR_INDILU,2044,0.0
RE1,OR_INDILU,2045,0.0
RE1,OR_INDILU,2046,0.0
RE1,OR_INDILU,2047,0.0
RE1,OR_INDILU,2048,0.0
RE1,OR_INDILU,2049,0.0
RE1,OR_INDILU,2050,0.0
RE1,OR_INDILU,2051,0.0
RE1,OR_INDILU,2052,0.0
RE1,OR_INDILU,2053,0.0
RE1,OR_INDILU,2054,0.0
RE1,OR_INDMPW,2022,0.0
RE1,OR_INDMPW,2023,0.0
RE1,OR_INDMPW,2024,0.0
RE1,OR_INDMPW,2025,0.0
RE1,OR_INDMPW,2026,0.0
RE1,OR_INDMPW,2027,0.0
RE1,OR_INDMPW,2028,0.0
RE1,OR_INDMPW,2029,0.0
RE1,OR_INDMPW,2030,0.0
RE1,OR_INDMPW,2031,0.0
RE1,OR_INDMPW,2032,0.0
RE1,OR_INDMPW,2033,0.0
RE1,OR_INDMPW,2034,0.0
RE1,OR_INDMPW,2035,0.0
RE1,OR_INDMPW,2036,0.0
RE1,OR_INDMPW,2037,0.0
RE1,OR_INDMPW,2038,0.0
RE1,OR_INDMPW,2039,0.0
RE1,OR_INDMPW,2040,0.0
RE1,OR_INDMPW,2041,0.0
RE1,OR_INDMPW,2042,0.0
RE1,OR_INDMPW,2043,0.0
RE1,OR_INDMPW,2044,0.0
RE1,OR_INDMPW,2045,0.0
RE1,OR_INDMPW,2046,0.0
RE1,OR_INDMPW,2047,0.0
RE1,OR_INDMPW,2048,0.0
RE1,OR_INDMPW,2049,0.0
RE1,OR_INDMPW,2050,0.0
RE1,OR_INDMPW,2051,0.0
RE1,OR_INDMPW,2052,0.0
RE1,OR_INDMPW,2053,0.0
RE1,OR_INDMPW,2054,0.0
RE1,OR_INDOTH_COA,2022,0.005472062275809439
RE1,OR_INDOTH_COA,2023,0.006778330289068298
RE1,OR_INDOTH_COA,2024,0.00657547235766935
RE1,OR_INDOTH_COA,2025,0.006605175505600327
RE1,OR_INDOTH_COA,2026,0.00672996047767369
RE1,OR_INDOTH_COA,2027,0.006828402933955763
RE1,OR_INDOTH_COA,2028,0.006969928839986142
RE1,OR_INDOTH_COA,2029,0.00712452887753267
RE1,OR_INDOTH_COA,2030,0.007232955339746063
RE1,OR_INDOTH_COA,2031,0.007371893214949064
RE1,OR_INDOTH_COA,2032,0.007490303110157473
RE1,OR_INDOTH_COA,2033,0.00759536898758955
RE1,OR_INDOTH_COA,2034,0.007820680838978798
RE1,OR_INDOTH_COA,2035,0.008103361400822422
RE1,OR_INDOTH_COA,2036,0.008405552426209998
RE1,OR_INDOTH_COA,2037,0.00872385814760491
RE1,OR_INDOTH_COA,2038,0.009055705855720594
RE1,OR_INDOTH_COA,2039,0.009400842963716583
RE1,OR_INDOTH_COA,2040,0.009759691620022385
RE1,OR_INDOTH_COA,2041,0.01013306614571474
RE1,OR_INDOTH_COA,2042,0.01052702637484487
RE1,OR_INDOTH_COA,2043,0.01093576787860194
RE1,OR_INDOTH_COA,2044,0.01136144261703831
RE1,OR_INDOTH_COA,2045,0.01180606069969405
RE1,OR_INDOTH_COA,2046,0.01227001725326778
RE1,OR_INDOTH_COA,2047,0.01275542945332073
RE1,OR_INDOTH_COA,2048,0.01326043415813679
RE1,OR_INDOTH_COA,2049,0.01378608621628755
RE1,OR_INDOTH_COA,2050,0.01433181676293071
RE1,OR_INDOTH_COA,2051,0.01489932578514734
RE1,OR_INDOTH_COA,2052,0.01548950169132681
RE1,OR_INDOTH_COA,2053,0.01610380179186267
RE1,OR_INDOTH_COA,2054,0.01674009594286791
RE1,OR_INDOTH_ELC,2022,0.0
RE1,OR_INDOTH_ELC,2023,0.0
RE1,OR_INDOTH_ELC,2024,0.0
RE1,OR_INDOTH_ELC,2025,0.0
RE1,OR_INDOTH_ELC,2026,0.0
RE1,OR_INDOTH_ELC,2027,0.0
RE1,OR_INDOTH_ELC,2028,0.0
RE1,OR_INDOTH_ELC,2029,0.0
RE1,OR_INDOTH_ELC,2030,0.0
RE1,OR_INDOTH_ELC,2031,0.0
RE1,OR_INDOTH_ELC,2032,0.0
RE1,OR_INDOTH_ELC,2033,0.0
RE1,OR_INDOTH_ELC,2034,0.0
RE1,OR_INDOTH_ELC,2035,0.0
RE1,OR_INDOTH_ELC,2036,0.0
RE1,OR_INDOTH_ELC,2037,0.0
RE1,OR_INDOTH_ELC,2038,0.0
RE1,OR_INDOTH_ELC,2039,0.0
RE1,OR_INDOTH_ELC,2040,0.0
RE1,OR_INDOTH_ELC,2041,0.0
RE1,OR_INDOTH_ELC,2042,0.0
RE1,OR_INDOTH_ELC,2043,0.0
RE1,OR_INDOTH_ELC,2044,0.0
RE1,OR_INDOTH_ELC,2045,0.0
RE1,OR_INDOTH_ELC,2046,0.0
RE1,OR_INDOTH_ELC,2047,0.0
RE1,OR_INDOTH_ELC,2048,0.0
RE1,OR_INDOTH_ELC,2049,0.0
RE1,OR_INDOTH_ELC,2050,0.0
RE1,OR_INDOTH_ELC,2051,0.0
RE1,OR_INDOTH_ELC,2052,0.0
RE1,OR_INDOTH_ELC,2053,0.0
RE1,OR_INDOTH_ELC,2054,0.0
RE1,OR_INDREF,2022,0.0
RE1,OR_INDREF,2023,0.0
RE1,OR_INDREF,2024,0.0
RE1,OR_INDREF,2025,0.0
RE1,OR_INDREF,2026,0.0
RE1,OR_INDREF,2027,0.0
RE1,OR_INDREF,2028,0.0
RE1,OR_INDREF,2029,0.0
RE1,OR_INDREF,2030,0.0
RE1,OR_INDREF,2031,0.0
RE1,OR_INDREF,2032,0.0
RE1,OR_INDREF,2033,0.0
RE1,OR_INDREF,2034,0.0
RE1,OR_INDREF,2035,0.0
RE1,OR_INDREF,2036,0.0
RE1,OR_INDREF,2037,0.0
RE1,OR_INDREF,2038,0.0
RE1,OR_INDREF,2039,0.0
RE1,OR_INDREF,2040,0.0
RE1,OR_INDREF,2041,0.0
RE1,OR_INDREF,2042,0.0
RE1,OR_INDREF,2043,0.0
RE1,OR_INDREF,2044,0.0
RE1,OR_INDREF,2045,0.0
RE1,OR_INDREF,2046,0.0
RE1,OR_INDREF,2047,0.0
RE1,OR_INDREF,2048,0.0
RE1,OR_INDREF,2049,0.0
RE1,OR_INDREF,2050,0.0
RE1,OR_INDREF,2051,0.0
RE1,OR_INDREF,2052,0.0
RE1,OR_INDREF,2053,0.0
RE1,OR_INDREF,2054,0.0
RE1,OR_RESCLIM_RUR,2022,0.0
RE1,OR_RESCLIM_RUR,2023,0.0
RE1,OR_RESCLIM_RUR,2024,0.0
RE1,OR_RESCLIM_RUR,2025,0.0
RE1,OR_RESCLIM_RUR,2026,0.0
RE1,OR_RESCLIM_RUR,2027,0.0
RE1,OR_RESCLIM_RUR,2028,0.0
RE1,OR_RESCLIM_RUR,2029,0.0
RE1,OR_RESCLIM_RUR,2030,0.0
RE1,OR_RESCLIM_RUR,2031,0.0
RE1,OR_RESCLIM_RUR,2032,0.0
RE1,OR_RESCLIM_RUR,2033,0.0
RE1,OR_RESCLIM_RUR,2034,0.0
RE1,OR_RESCLIM_RUR,2035,0.0
RE1,OR_RESCLIM_RUR,2036,0.0
RE1,OR_RESCLIM_RUR,2037,0.0
RE1,OR_RESCLIM_RUR,2038,0.0
RE1,OR_RESCLIM_RUR,2039,0.0
RE1,OR_RESCLIM_RUR,2040,0.0
RE1,OR_RESCLIM_RUR,2041,0.0
RE1,OR_RESCLIM_RUR,2042,0.0
RE1,OR_RESCLIM_RUR,2043,0.0
RE1,OR_RESCLIM_RUR,2044,0.0
RE1,OR_RESCLIM_RUR,2045,0.0
RE1,OR_RESCLIM_RUR,2046,0.0
RE1,OR_RESCLIM_RUR,2047,0.0
RE1,OR_RESCLIM_RUR,2048,0.0
RE1,OR_RESCLIM_RUR,2049,0.0
RE1,OR_RESCLIM_RUR,2050,0.0
RE1,OR_RESCLIM_RUR,2051,0.0
RE1,OR_RESCLIM_RUR,2052,0.0
RE1,OR_RESCLIM_RUR,2053,0.0
RE1,OR_RESCLIM_RUR,2054,0.0
RE1,OR_RESCLIM_URB,2022,0.0
RE1,OR_RESCLIM_URB,2023,0.0
RE1,OR_RESCLIM_URB,2024,0.0
RE1,OR_RESCLIM_URB,2025,0.0
RE1,OR_RESCLIM_URB,2026,0.0
RE1,OR_RESCLIM_URB,2027,0.0
RE1,OR_RESCLIM_URB,2028,0.0
RE1,OR_RESCLIM_URB,2029,0.0
RE1,OR_RESCLIM_URB,2030,0.0
RE1,OR_RESCLIM_URB,2031,0.0
RE1,OR_RESCLIM_URB,2032,0.0
RE1,OR_RESCLIM_URB,2033,0.0
RE1,OR_RESCLIM_URB,2034,0.0
RE1,OR_RESCLIM_URB,2035,0.0
RE1,OR_RESCLIM_URB,2036,0.0
RE1,OR_RESCLIM_URB,2037,0.0
RE1,OR_RESCLIM_URB,2038,0.0
RE1,OR_RESCLIM_URB,2039,0.0
RE1,OR_RESCLIM_URB,2040,0.0
RE1,OR_RESCLIM_URB,2041,0.0
RE1,OR_RESCLIM_URB,2042,0.0
RE1,OR_RESCLIM_URB,2043,0.0
RE1,OR_RESCLIM_URB,2044,0.0
RE1,OR_RESCLIM_URB,2045,0.0
RE1,OR_RESCLIM_URB,2046,0.0
RE1,OR_RESCLIM_URB,2047,0.0
RE1,OR_RESCLIM_URB,2048,0.0
RE1,OR_RESCLIM_URB,2049,0.0
RE1,OR_RESCLIM_URB,2050,0.0
RE1,OR_RESCLIM_URB,2051,0.0
RE1,OR_RESCLIM_URB,2052,0.0
RE1,OR_RESCLIM_URB,2053,0.0
RE1,OR_RESCLIM_URB,2054,0.0
RE1,OR_RESDHT_RUR,2022,0.0
RE1,OR_RESDHT_RUR,2023,0.0
RE1,OR_RESDHT_RUR,2024,0.0
RE1,OR_RESDHT_RUR,2025,0.0
RE1,OR_RESDHT_RUR,2026,0.0
RE1,OR_RESDHT_RUR,2027,0.0
RE1,OR_RESDHT_RUR,2028,0.0
RE1,OR_RESDHT_RUR,2029,0.0
RE1,OR_RESDHT_RUR,2030,0.0
RE1,OR_RESDHT_RUR,2031,0.0
RE1,OR_RESDHT_RUR,2032,0.0
RE1,OR_RESDHT_RUR,2033,0.0
RE1,OR_RESDHT_RUR,2034,0.0
RE1,OR_RESDHT_RUR,2035,0.0
RE1,OR_RESDHT_RUR,2036,0.0
RE1,OR_RESDHT_RUR,2037,0.0
RE1,OR_RESDHT_RUR,2038,0.0
RE1,OR_RESDHT_RUR,2039,0.0
RE1,OR_RESDHT_RUR,2040,0.0
RE1,OR_RESDHT_RUR,2041,0.0
RE1,OR_RESDHT_RUR,2042,0.0
RE1,OR_RESDHT_RUR,2043,0.0
RE1,OR_RESDHT_RUR,2044,0.0
RE1,OR_RESDHT_RUR,2045,0.0
RE1,OR_RESDHT_RUR,2046,0.0
RE1,OR_RESDHT_RUR,2047,0.0
RE1,OR_RESDHT_RUR,2048,0.0
RE1,OR_RESDHT_RUR,2049,0.0
RE1,OR_RESDHT_RUR,2050,0.0
RE1,OR_RESDHT_RUR,2051,0.0
RE1,OR_RESDHT_RUR,2052,0.0
RE1,OR_RESDHT_RUR,2053,0.0
RE1,OR_RESDHT_RUR,2054,0.0
RE1,OR_RESDHT_URB,2022,0.0
RE1,OR_RESDHT_URB,2023,0.0
RE1,OR_RESDHT_URB,2024,0.0
RE1,OR_RESDHT_URB,2025,0.0
RE1,OR_RESDHT_URB,2026,0.0
RE1,OR_RESDHT_URB,2027,0.0
RE1,OR_RESDHT_URB,2028,0.0
RE1,OR_RESDHT_URB,2029,0.0
RE1,OR_RESDHT_URB,2030,0.0
RE1,OR_RESDHT_URB,2031,0.0
RE1,OR_RESDHT_URB,2032,0.0
RE1,OR_RESDHT_URB,2033,0.0
RE1,OR_RESDHT_URB,2034,0.0
RE1,OR_RESDHT_URB,2035,0.0
RE1,OR_RESDHT_URB,2036,0.0
RE1,OR_RESDHT_URB,2037,0.0
RE1,OR_RESDHT_URB,2038,0.0
RE1,OR_RESDHT_URB,2039,0.0
RE1,OR_RESDHT_URB,2040,0.0
RE1,OR_RESDHT_URB,2041,0.0
RE1,OR_RESDHT_URB,2042,0.0
RE1,OR_RESDHT_URB,2043,0.0
RE1,OR_RESDHT_URB,2044,0.0
RE1,OR_RESDHT_URB,2045,0.0
RE1,OR_RESDHT_URB,2046,0.0
RE1,OR_RESDHT_URB,2047,0.0
RE1,OR_RESDHT_URB,2048,0.0
RE1,OR_RESDHT_URB,2049,0.0
RE1,OR_RESDHT_URB,2050,0.0
RE1,OR_RESDHT_URB,2051,0.0
RE1,OR_RESDHT_URB,2052,0.0
RE1,OR_RESDHT_URB,2053,0.0
RE1,OR_RESDHT_URB,2054,0.0
RE1,OR_RESILU_RUR,2022,0.0
RE1,OR_RESILU_RUR,2023,0.0
RE1,OR_RESILU_RUR,2024,0.0
RE1,OR_RESILU_RUR,2025,0.0
RE1,OR_RESILU_RUR,2026,0.0
RE1,OR_RESILU_RUR,2027,0.0
RE1,OR_RESILU_RUR,2028,0.0
RE1,OR_RESILU_RUR,2029,0.0
RE1,OR_RESILU_RUR,2030,0.0
RE1,OR_RESILU_RUR,2031,0.0
RE1,OR_RESILU_RUR,2032,0.0
RE1,OR_RESILU_RUR,2033,0.0
RE1,OR_RESILU_RUR,2034,0.0
RE1,OR_RESILU_RUR,2035,0.0
RE1,OR_RESILU_RUR,2036,0.0
RE1,OR_RESILU_RUR,2037,0.0
RE1,OR_RESILU_RUR,2038,0.0
RE1,OR_RESILU_RUR,2039,0.0
RE1,OR_RESILU_RUR,2040,0.0
RE1,OR_RESILU_RUR,2041,0.0
RE1,OR_RESILU_RUR,2042,0.0
RE1,OR_RESILU_RUR,2043,0.0
RE1,OR_RESILU_RUR,2044,0.0
RE1,OR_RESILU_RUR,2045,0.0
RE1,OR_RESILU_RUR,2046,0.0
RE1,OR_RESILU_RUR,2047,0.0
RE1,OR_RESILU_RUR,2048,0.0
RE1,OR_RESILU_RUR,2049,0.0
RE1,OR_RESILU_RUR,2050,0.0
RE1,OR_RESILU_RUR,2051,0.0
RE1,OR_RESILU_RUR,2052,0.0
RE1,OR_RESILU_RUR,2053,0.0
RE1,OR_RESILU_RUR,2054,0.0
RE1,OR_RESILU_URB,2022,0.0
RE1,OR_RESILU_URB,2023,0.0
RE1,OR_RESILU_URB,2024,0.0
RE1,OR_RESILU_URB,2025,0.0
RE1,OR_RESILU_URB,2026,0.0
RE1,OR_RESILU_URB,2027,0.0
RE1,OR_RESILU_URB,2028,0.0
RE1,OR_RESILU_URB,2029,0.0
RE1,OR_RESILU_URB,2030,0.0
RE1,OR_RESILU_URB,2031,0.0
RE1,OR_RESILU_URB,2032,0.0
RE1,OR_RESILU_URB,2033,0.0
RE1,OR_RESILU_URB,2034,0.0
RE1,OR_RESILU_URB,2035,0.0
RE1,OR_RESILU_URB,2036,0.0
RE1,OR_RESILU_URB,2037,0.0
RE1,OR_RESILU_URB,2038,0.0
RE1,OR_RESILU_URB,2039,0.0
RE1,OR_RESILU_URB,2040,0.0
RE1,OR_RESILU_URB,2041,0.0
RE1,OR_RESILU_URB,2042,0.0
RE1,OR_RESILU_URB,2043,0.0
RE1,OR_RESILU_URB,2044,0.0
RE1,OR_RESILU_URB,2045,0.0
RE1,OR_RESILU_URB,2046,0.0
RE1,OR_RESILU_URB,2047,0.0
RE1,OR_RESILU_URB,2048,0.0
RE1,OR_RESILU_URB,2049,0.0
RE1,OR_RESILU_URB,2050,0.0
RE1,OR_RESILU_URB,2051,0.0
RE1,OR_RESILU_URB,2052,0.0
RE1,OR_RESILU_URB,2053,0.0
RE1,OR_RESILU_URB,2054,0.0
RE1,OR_RESOTH_RUR,2022,0.0
RE1,OR_RESOTH_RUR,2023,0.0
RE1,OR_RESOTH_RUR,2024,0.0
RE1,OR_RESOTH_RUR,2025,0.0
RE1,OR_RESOTH_RUR,2026,0.0
RE1,OR_RESOTH_RUR,2027,0.0
RE1,OR_RESOTH_RUR,2028,0.0
RE1,OR_RESOTH_RUR,2029,0.0
RE1,OR_RESOTH_RUR,2030,0.0
RE1,OR_RESOTH_RUR,2031,0.0
RE1,OR_RESOTH_RUR,2032,0.0
RE1,OR_RESOTH_RUR,2033,0.0
RE1,OR_RESOTH_RUR,2034,0.0
RE1,OR_RESOTH_RUR,2035,0.0
RE1,OR_RESOTH_RUR,2036,0.0
RE1,OR_RESOTH_RUR,2037,0.0
RE1,OR_RESOTH_RUR,2038,0.0
RE1,OR_RESOTH_RUR,2039,0.0
RE1,OR_RESOTH_RUR,2040,0.0
RE1,OR_RESOTH_RUR,2041,0.0
RE1,OR_RESOTH_RUR,2042,0.0
RE1,OR_RESOTH_RUR,2043,0.0
RE1,OR_RESOTH_RUR,2044,0.0
RE1,OR_RESOTH_RUR,2045,0.0
RE1,OR_RESOTH_RUR,2046,0.0
RE1,OR_RESOTH_RUR,2047,0.0
RE1,OR_RESOTH_RUR,2048,0.0
RE1,OR_RESOTH_RUR,2049,0.0
RE1,OR_RESOTH_RUR,2050,0.0
RE1,OR_RESOTH_RUR,2051,0.0
RE1,OR_RESOTH_RUR,2052,0.0
RE1,OR_RESOTH_RUR,2053,0.0
RE1,OR_RESOTH_RUR,2054,0.0
RE1,OR_RESOTH_URB,2022,0.0
RE1,OR_RESOTH_URB,2023,0.0
RE1,OR_RESOTH_URB,2024,0.0
RE1,OR_RESOTH_URB,2025,0.0
RE1,OR_RESOTH_URB,2026,0.0
RE1,OR_RESOTH_URB,2027,0.0
RE1,OR_RESOTH_URB,2028,0.0
RE1,OR_RESOTH_URB,2029,0.0
RE1,OR_RESOTH_URB,2030,0.0
RE1,OR_RESOTH_URB,2031,0.0
RE1,OR_RESOTH_URB,2032,0.0
RE1,OR_RESOTH_URB,2033,0.0
RE1,OR_RESOTH_URB,2034,0.0
RE1,OR_RESOTH_URB,2035,0.0
RE1,OR_RESOTH_URB,2036,0.0
RE1,OR_RESOTH_URB,2037,0.0
RE1,OR_RESOTH_URB,2038,0.0
RE1,OR_RESOTH_URB,2039,0.0
RE1,OR_RESOTH_URB,2040,0.0
RE1,OR_RESOTH_URB,2041,0.0
RE1,OR_RESOTH_URB,2042,0.0
RE1,OR_RESOTH_URB,2043,0.0
RE1,OR_RESOTH_URB,2044,0.0
RE1,OR_RESOTH_URB,2045,0.0
RE1,OR_RESOTH_URB,2046,0.0
RE1,OR_RESOTH_URB,2047,0.0
RE1,OR_RESOTH_URB,2048,0.0
RE1,OR_RESOTH_URB,2049,0.0
RE1,OR_RESOTH_URB,2050,0.0
RE1,OR_RESOTH_URB,2051,0.0
RE1,OR_RESOTH_URB,2052,0.0
RE1,OR_RESOTH_URB,2053,0.0
RE1,OR_RESOTH_URB,2054,0.0
RE1,OR_RESREF_RUR,2022,0.0
RE1,OR_RESREF_RUR,2023,0.0
RE1,OR_RESREF_RUR,2024,0.0
RE1,OR_RESREF_RUR,2025,0.0
RE1,OR_RESREF_RUR,2026,0.0
RE1,OR_RESREF_RUR,2027,0.0
RE1,OR_RESREF_RUR,2028,0.0
RE1,OR_RESREF_RUR,2029,0.0
RE1,OR_RESREF_RUR,2030,0.0
RE1,OR_RESREF_RUR,2031,0.0
RE1,OR_RESREF_RUR,2032,0.0
RE1,OR_RESREF_RUR,2033,0.0
RE1,OR_RESREF_RUR,2034,0.0
RE1,OR_RESREF_RUR,2035,0.0
RE1,OR_RESREF_RUR,2036,0.0
RE1,OR_RESREF_RUR,2037,0.0
RE1,OR_RESREF_RUR,2038,0.0
RE1,OR_RESREF_RUR,2039,0.0
RE1,OR_RESREF_RUR,2040,0.0
RE1,OR_RESREF_RUR,2041,0.0
RE1,OR_RESREF_RUR,2042,0.0
RE1,OR_RESREF_RUR,2043,0.0
RE1,OR_RESREF_RUR,2044,0.0
RE1,OR_RESREF_RUR,2045,0.0
RE1,OR_RESREF_RUR,2046,0.0
RE1,OR_RESREF_RUR,2047,0.0
RE1,OR_RESREF_RUR,2048,0.0
RE1,OR_RESREF_RUR,2049,0.0
RE1,OR_RESREF_RUR,2050,0.0
RE1,OR_RESREF_RUR,2051,0.0
RE1,OR_RESREF_RUR,2052,0.0
RE1,OR_RESREF_RUR,2053,0.0
RE1,OR_RESREF_RUR,2054,0.0
RE1,OR_RESREF_URB,2022,0.0
RE1,OR_RESREF_URB,2023,0.0
RE1,OR_RESREF_URB,2024,0.0
RE1,OR_RESREF_URB,2025,0.0
RE1,OR_RESREF_URB,2026,0.0
RE1,OR_RESREF_URB,2027,0.0
RE1,OR_RESREF_URB,2028,0.0
RE1,OR_RESREF_URB,2029,0.0
RE1,OR_RESREF_URB,2030,0.0
RE1,OR_RESREF_URB,2031,0.0
RE1,OR_RESREF_URB,2032,0.0
RE1,OR_RESREF_URB,2033,0.0
RE1,OR_RESREF_URB,2034,0.0
RE1,OR_RESREF_URB,2035,0.0
RE1,OR_RESREF_URB,2036,0.0
RE1,OR_RESREF_URB,2037,0.0
RE1,OR_RESREF_URB,2038,0.0
RE1,OR_RESREF_URB,2039,0.0
RE1,OR_RESREF_URB,2040,0.0
RE1,OR_RESREF_URB,2041,0.0
RE1,OR_RESREF_URB,2042,0.0
RE1,OR_RESREF_URB,2043,0.0
RE1,OR_RESREF_URB,2044,0.0
RE1,OR_RESREF_URB,2045,0.0
RE1,OR_RESREF_URB,2046,0.0
RE1,OR_RESREF_URB,2047,0.0
RE1,OR_RESREF_URB,2048,0.0
RE1,OR_RESREF_URB,2049,0.0
RE1,OR_RESREF_URB,2050,0.0
RE1,OR_RESREF_URB,2051,0.0
RE1,OR_RESREF_URB,2052,0.0
RE1,OR_RESREF_URB,2053,0.0
RE1,OR_RESREF_URB,2054,0.0
RE1,OR_RESTV_RUR,2022,0.0
RE1,OR_RESTV_RUR,2023,0.0
RE1,OR_RESTV_RUR,2024,0.0
RE1,OR_RESTV_RUR,2025,0.0
RE1,OR_RESTV_RUR,2026,0.0
RE1,OR_RESTV_RUR,2027,0.0
RE1,OR_RESTV_RUR,2028,0.0
RE1,OR_RESTV_RUR,2029,0.0
RE1,OR_RESTV_RUR,2030,0.0
RE1,OR_RESTV_RUR,2031,0.0
RE1,OR_RESTV_RUR,2032,0.0
RE1,OR_RESTV_RUR,2033,0.0
RE1,OR_RESTV_RUR,2034,0.0
RE1,OR_RESTV_RUR,2035,0.0
RE1,OR_RESTV_RUR,2036,0.0
RE1,OR_RESTV_RUR,2037,0.0
RE1,OR_RESTV_RUR,2038,0.0
RE1,OR_RESTV_RUR,2039,0.0
RE1,OR_RESTV_RUR,2040,0.0
RE1,OR_RESTV_RUR,2041,0.0
RE1,OR_RESTV_RUR,2042,0.0
RE1,OR_RESTV_RUR,2043,0.0
RE1,OR_RESTV_RUR,2044,0.0
RE1,OR_RESTV_RUR,2045,0.0
RE1,OR_RESTV_RUR,2046,0.0
RE1,OR_RESTV_RUR,2047,0.0
RE1,OR_RESTV_RUR,2048,0.0
RE1,OR_RESTV_RUR,2049,0.0
RE1,OR_RESTV_RUR,2050,0.0
RE1,OR_RESTV_RUR,2051,0.0
RE1,OR_RESTV_RUR,2052,0.0
RE1,OR_RESTV_RUR,2053,0.0
RE1,OR_RESTV_RUR,2054,0.0
RE1,OR_RESTV_URB,2022,0.0
RE1,OR_RESTV_URB,2023,0.0
RE1,OR_RESTV_URB,2024,0.0
RE1,OR_RESTV_URB,2025,0.0
RE1,OR_RESTV_URB,2026,0.0
RE1,OR_RESTV_URB,2027,0.0
RE1,OR_RESTV_URB,2028,0.0
RE1,OR_RESTV_URB,2029,0.0
RE1,OR_RESTV_URB,2030,0.0
RE1,OR_RESTV_URB,2031,0.0
RE1,OR_RESTV_URB,2032,0.0
RE1,OR_RESTV_URB,2033,0.0
RE1,OR_RESTV_URB,2034,0.0
RE1,OR_RESTV_URB,2035,0.0
RE1,OR_RESTV_URB,2036,0.0
RE1,OR_RESTV_URB,2037,0.0
RE1,OR_RESTV_URB,2038,0.0
RE1,OR_RESTV_URB,2039,0.0
RE1,OR_RESTV_URB,2040,0.0
RE1,OR_RESTV_URB,2041,0.0
RE1,OR_RESTV_URB,2042,0.0
RE1,OR_RESTV_URB,2043,0.0
RE1,OR_RESTV_URB,2044,0.0
RE1,OR_RESTV_URB,2045,0.0
RE1,OR_RESTV_URB,2046,0.0
RE1,OR_RESTV_URB,2047,0.0
RE1,OR_RESTV_URB,2048,0.0
RE1,OR_RESTV_URB,2049,0.0
RE1,OR_RESTV_URB,2050,0.0
RE1,OR_RESTV_URB,2051,0.0
RE1,OR_RESTV_URB,2052,0.0
RE1,OR_RESTV_URB,2053,0.0
RE1,OR_RESTV_URB,2054,0.0
RE1,OR_RESWHT_RUR,2022,0.0
RE1,OR_RESWHT_RUR,2023,0.0
RE1,OR_RESWHT_RUR,2024,0.0
RE1,OR_RESWHT_RUR,2025,0.0
RE1,OR_RESWHT_RUR,2026,0.0
RE1,OR_RESWHT_RUR,2027,0.0
RE1,OR_RESWHT_RUR,2028,0.0
RE1,OR_RESWHT_RUR,2029,0.0
RE1,OR_RESWHT_RUR,2030,0.0
RE1,OR_RESWHT_RUR,2031,0.0
RE1,OR_RESWHT_RUR,2032,0.0
RE1,OR_RESWHT_RUR,2033,0.0
RE1,OR_RESWHT_RUR,2034,0.0
RE1,OR_RESWHT_RUR,2035,0.0
RE1,OR_RESWHT_RUR,2036,0.0
RE1,OR_RESWHT_RUR,2037,0.0
RE1,OR_RESWHT_RUR,2038,0.0
RE1,OR_RESWHT_RUR,2039,0.0
RE1,OR_RESWHT_RUR,2040,0.0
RE1,OR_RESWHT_RUR,2041,0.0
RE1,OR_RESWHT_RUR,2042,0.0
RE1,OR_RESWHT_RUR,2043,0.0
RE1,OR_RESWHT_RUR,2044,0.0
RE1,OR_RESWHT_RUR,2045,0.0
RE1,OR_RESWHT_RUR,2046,0.0
RE1,OR_RESWHT_RUR,2047,0.0
RE1,OR_RESWHT_RUR,2048,0.0
RE1,OR_RESWHT_RUR,2049,0.0
RE1,OR_RESWHT_RUR,2050,0.0
RE1,OR_RESWHT_RUR,2051,0.0
RE1,OR_RESWHT_RUR,2052,0.0
RE1,OR_RESWHT_RUR,2053,0.0
RE1,OR_RESWHT_RUR,2054,0.0
RE1,OR_RESWHT_URB,2022,0.0
RE1,OR_RESWHT_URB,2023,0.0
RE1,OR_RESWHT_URB,2024,0.0
RE1,OR_RESWHT_URB,2025,0.0
RE1,OR_RESWHT_URB,2026,0.0
RE1,OR_RESWHT_URB,2027,0.0
RE1,OR_RESWHT_URB,2028,0.0
RE1,OR_RESWHT_URB,2029,0.0
RE1,OR_RESWHT_URB,2030,0.0
RE1,OR_RESWHT_URB,2031,0.0
RE1,OR_RESWHT_URB,2032,0.0
RE1,OR_RESWHT_URB,2033,0.0
RE1,OR_RESWHT_URB,2034,0.0
RE1,OR_RESWHT_URB,2035,0.0
RE1,OR_RESWHT_URB,2036,0.0
RE1,OR_RESWHT_URB,2037,0.0
RE1,OR_RESWHT_URB,2038,0.0
RE1,OR_RESWHT_URB,2039,0.0
RE1,OR_RESWHT_URB,2040,0.0
RE1,OR_RESWHT_URB,2041,0.0
RE1,OR_RESWHT_URB,2042,0.0
RE1,OR_RESWHT_URB,2043,0.0
RE1,OR_RESWHT_URB,2044,0.0
RE1,OR_RESWHT_URB,2045,0.0
RE1,OR_RESWHT_URB,2046,0.0
RE1,OR_RESWHT_URB,2047,0.0
RE1,OR_RESWHT_URB,2048,0.0
RE1,OR_RESWHT_URB,2049,0.0
RE1,OR_RESWHT_URB,2050,0.0
RE1,OR_RESWHT_URB,2051,0.0
RE1,OR_RESWHT_URB,2052,0.0
RE1,OR_RESWHT_URB,2053,0.0
RE1,OR_RESWHT_URB,2054,0.0
RE1,OR_RESWSH_RUR,2022,0.0
RE1,OR_RESWSH_RUR,2023,0.0
RE1,OR_RESWSH_RUR,2024,0.0
RE1,OR_RESWSH_RUR,2025,0.0
RE1,OR_RESWSH_RUR,2026,0.0
RE1,OR_RESWSH_RUR,2027,0.0
RE1,OR_RESWSH_RUR,2028,0.0
RE1,OR_RESWSH_RUR,2029,0.0
RE1,OR_RESWSH_RUR,2030,0.0
RE1,OR_RESWSH_RUR,2031,0.0
RE1,OR_RESWSH_RUR,2032,0.0
RE1,OR_RESWSH_RUR,2033,0.0
RE1,OR_RESWSH_RUR,2034,0.0
RE1,OR_RESWSH_RUR,2035,0.0
RE1,OR_RESWSH_RUR,2036,0.0
RE1,OR_RESWSH_RUR,2037,0.0
RE1,OR_RESWSH_RUR,2038,0.0
RE1,OR_RESWSH_RUR,2039,0.0
RE1,OR_RESWSH_RUR,2040,0.0
RE1,OR_RESWSH_RUR,2041,0.0
RE1,OR_RESWSH_RUR,2042,0.0
RE1,OR_RESWSH_RUR,2043,0.0
RE1,OR_RESWSH_RUR,2044,0.0
RE1,OR_RESWSH_RUR,2045,0.0
RE1,OR_RESWSH_RUR,2046,0.0
RE1,OR_RESWSH_RUR,2047,0.0
RE1,OR_RESWSH_RUR,2048,0.0
RE1,OR_RESWSH_RUR,2049,0.0
RE1,OR_RESWSH_RUR,2050,0.0
RE1,OR_RESWSH_RUR,2051,0.0
RE1,OR_RESWSH_RUR,2052,0.0
RE1,OR_RESWSH_RUR,2053,0.0
RE1,OR_RESWSH_RUR,2054,0.0
RE1,OR_RESWSH_URB,2022,0.0
RE1,OR_RESWSH_URB,2023,0.0
RE1,OR_RESWSH_URB,2024,0.0
RE1,OR_RESWSH_URB,2025,0.0
RE1,OR_RESWSH_URB,2026,0.0
RE1,OR_RESWSH_URB,2027,0.0
RE1,OR_RESWSH_URB,2028,0.0
RE1,OR_RESWSH_URB,2029,0.0
RE1,OR_RESWSH_URB,2030,0.0
RE1,OR_RESWSH_URB,2031,0.0
RE1,OR_RESWSH_URB,2032,0.0
RE1,OR_RESWSH_URB,2033,0.0
RE1,OR_RESWSH_URB,2034,0.0
RE1,OR_RESWSH_URB,2035,0.0
RE1,OR_RESWSH_URB,2036,0.0
RE1,OR_RESWSH_URB,2037,0.0
RE1,OR_RESWSH_URB,2038,0.0
RE1,OR_RESWSH_URB,2039,0.0
RE1,OR_RESWSH_URB,2040,0.0
RE1,OR_RESWSH_URB,2041,0.0
RE1,OR_RESWSH_URB,2042,0.0
RE1,OR_RESWSH_URB,2043,0.0
RE1,OR_RESWSH_URB,2044,0.0
RE1,OR_RESWSH_URB,2045,0.0
RE1,OR_RESWSH_URB,2046,0.0
RE1,OR_RESWSH_URB,2047,0.0
RE1,OR_RESWSH_URB,2048,0.0
RE1,OR_RESWSH_URB,2049,0.0
RE1,OR_RESWSH_URB,2050,0.0
RE1,OR_RESWSH_URB,2051,0.0
RE1,OR_RESWSH_URB,2052,0.0
RE1,OR_RESWSH_URB,2053,0.0
RE1,OR_RESWSH_URB,2054,0.0
RE1,OR_TERCLIM_CEN,2022,0.0
RE1,OR_TERCLIM_CEN,2023,0.0
RE1,OR_TERCLIM_CEN,2024,0.0
RE1,OR_TERCLIM_CEN,2025,0.0
RE1,OR_TERCLIM_CEN,2026,0.0
RE1,OR_TERCLIM_CEN,2027,0.0
RE1,OR_TERCLIM_CEN,2028,0.0
RE1,OR_TERCLIM_CEN,2029,0.0
RE1,OR_TERCLIM_CEN,2030,0.0
RE1,OR_TERCLIM_CEN,2031,0.0
RE1,OR_TERCLIM_CEN,2032,0.0
RE1,OR_TERCLIM_CEN,2033,0.0
RE1,OR_TERCLIM_CEN,2034,0.0
RE1,OR_TERCLIM_CEN,2035,0.0
RE1,OR_TERCLIM_CEN,2036,0.0
RE1,OR_TERCLIM_CEN,2037,0.0
RE1,OR_TERCLIM_CEN,2038,0.0
RE1,OR_TERCLIM_CEN,2039,0.0
RE1,OR_TERCLIM_CEN,2040,0.0
RE1,OR_TERCLIM_CEN,2041,0.0
RE1,OR_TERCLIM_CEN,2042,0.0
RE1,OR_TERCLIM_CEN,2043,0.0
RE1,OR_TERCLIM_CEN,2044,0.0
RE1,OR_TERCLIM_CEN,2045,0.0
RE1,OR_TERCLIM_CEN,2046,0.0
RE1,OR_TERCLIM_CEN,2047,0.0
RE1,OR_TERCLIM_CEN,2048,0.0
RE1,OR_TERCLIM_CEN,2049,0.0
RE1,OR_TERCLIM_CEN,2050,0.0
RE1,OR_TERCLIM_CEN,2051,0.0
RE1,OR_TERCLIM_CEN,2052,0.0
RE1,OR_TERCLIM_CEN,2053,0.0
RE1,OR_TERCLIM_CEN,2054,0.0
RE1,OR_TERCLIM_FAN,2022,0.0
RE1,OR_TERCLIM_FAN,2023,0.0
RE1,OR_TERCLIM_FAN,2024,0.0
RE1,OR_TERCLIM_FAN,2025,0.0
RE1,OR_TERCLIM_FAN,2026,0.0
RE1,OR_TERCLIM_FAN,2027,0.0
RE1,OR_TERCLIM_FAN,2028,0.0
RE1,OR_TERCLIM_FAN,2029,0.0
RE1,OR_TERCLIM_FAN,2030,0.0
RE1,OR_TERCLIM_FAN,2031,0.0
RE1,OR_TERCLIM_FAN,2032,0.0
RE1,OR_TERCLIM_FAN,2033,0.0
RE1,OR_TERCLIM_FAN,2034,0.0
RE1,OR_TERCLIM_FAN,2035,0.0
RE1,OR_TERCLIM_FAN,2036,0.0
RE1,OR_TERCLIM_FAN,2037,0.0
RE1,OR_TERCLIM_FAN,2038,0.0
RE1,OR_TERCLIM_FAN,2039,0.0
RE1,OR_TERCLIM_FAN,2040,0.0
RE1,OR_TERCLIM_FAN,2041,0.0
RE1,OR_TERCLIM_FAN,2042,0.0
RE1,OR_TERCLIM_FAN,2043,0.0
RE1,OR_TERCLIM_FAN,2044,0.0
RE1,OR_TERCLIM_FAN,2045,0.0
RE1,OR_TERCLIM_FAN,2046,0.0
RE1,OR_TERCLIM_FAN,2047,0.0
RE1,OR_TERCLIM_FAN,2048,0.0
RE1,OR_TERCLIM_FAN,2049,0.0
RE1,OR_TERCLIM_FAN,2050,0.0
RE1,OR_TERCLIM_FAN,2051,0.0
RE1,OR_TERCLIM_FAN,2052,0.0
RE1,OR_TERCLIM_FAN,2053,0.0
RE1,OR_TERCLIM_FAN,2054,0.0
RE1,OR_TERCLIM_SPL,2022,0.0
RE1,OR_TERCLIM_SPL,2023,0.0
RE1,OR_TERCLIM_SPL,2024,0.0
RE1,OR_TERCLIM_SPL,2025,0.0
RE1,OR_TERCLIM_SPL,2026,0.0
RE1,OR_TERCLIM_SPL,2027,0.0
RE1,OR_TERCLIM_SPL,2028,0.0
RE1,OR_TERCLIM_SPL,2029,0.0
RE1,OR_TERCLIM_SPL,2030,0.0
RE1,OR_TERCLIM_SPL,2031,0.0
RE1,OR_TERCLIM_SPL,2032,0.0
RE1,OR_TERCLIM_SPL,2033,0.0
RE1,OR_TERCLIM_SPL,2034,0.0
RE1,OR_TERCLIM_SPL,2035,0.0
RE1,OR_TERCLIM_SPL,2036,0.0
RE1,OR_TERCLIM_SPL,2037,0.0
RE1,OR_TERCLIM_SPL,2038,0.0
RE1,OR_TERCLIM_SPL,2039,0.0
RE1,OR_TERCLIM_SPL,2040,0.0
RE1,OR_TERCLIM_SPL,2041,0.0
RE1,OR_TERCLIM_SPL,2042,0.0
RE1,OR_TERCLIM_SPL,2043,0.0
RE1,OR_TERCLIM_SPL,2044,0.0
RE1,OR_TERCLIM_SPL,2045,0.0
RE1,OR_TERCLIM_SPL,2046,0.0
RE1,OR_TERCLIM_SPL,2047,0.0
RE1,OR_TERCLIM_SPL,2048,0.0
RE1,OR_TERCLIM_SPL,2049,0.0
RE1,OR_TERCLIM_SPL,2050,0.0
RE1,OR_TERCLIM_SPL,2051,0.0
RE1,OR_TERCLIM_SPL,2052,0.0
RE1,OR_TERCLIM_SPL,2053,0.0
RE1,OR_TERCLIM_SPL,2054,0.0
RE1,OR_TERDATA,2022,0.0
RE1,OR_TERDATA,2023,0.0
RE1,OR_TERDATA,2024,0.0
RE1,OR_TERDATA,2025,0.0
RE1,OR_TERDATA,2026,0.0
RE1,OR_TERDATA,2027,0.0
RE1,OR_TERDATA,2028,0.0
RE1,OR_TERDATA,2029,0.0
RE1,OR_TERDATA,2030,0.0
RE1,OR_TERDATA,2031,0.0
RE1,OR_TERDATA,2032,0.0
RE1,OR_TERDATA,2033,0.0
RE1,OR_TERDATA,2034,0.0
RE1,OR_TERDATA,2035,0.0
RE1,OR_TERDATA,2036,0.0
RE1,OR_TERDATA,2037,0.0
RE1,OR_TERDATA,2038,0.0
RE1,OR_TERDATA,2039,0.0
RE1,OR_TERDATA,2040,0.0
RE1,OR_TERDATA,2041,0.0
RE1,OR_TERDATA,2042,0.0
RE1,OR_TERDATA,2043,0.0
RE1,OR_TERDATA,2044,0.0
RE1,OR_TERDATA,2045,0.0
RE1,OR_TERDATA,2046,0.0
RE1,OR_TERDATA,2047,0.0
RE1,OR_TERDATA,2048,0.0
RE1,OR_TERDATA,2049,0.0
RE1,OR_TERDATA,2050,0.0
RE1,OR_TERDATA,2051,0.0
RE1,OR_TERDATA,2052,0.0
RE1,OR_TERDATA,2053,0.0
RE1,OR_TERDATA,2054,0.0
RE1,OR_TERDHT,2022,0.0
RE1,OR_TERDHT,2023,0.0
RE1,OR_TERDHT,2024,0.0
RE1,OR_TERDHT,2025,0.0
RE1,OR_TERDHT,2026,0.0
RE1,OR_TERDHT,2027,0.0
RE1,OR_TERDHT,2028,0.0
RE1,OR_TERDHT,2029,0.0
RE1,OR_TERDHT,2030,0.0
RE1,OR_TERDHT,2031,0.0
RE1,OR_TERDHT,2032,0.0
RE1,OR_TERDHT,2033,0.0
RE1,OR_TERDHT,2034,0.0
RE1,OR_TERDHT,2035,0.0
RE1,OR_TERDHT,2036,0.0
RE1,OR_TERDHT,2037,0.0
RE1,OR_TERDHT,2038,0.0
RE1,OR_TERDHT,2039,0.0
RE1,OR_TERDHT,2040,0.0
RE1,OR_TERDHT,2041,0.0
RE1,OR_TERDHT,2042,0.0
RE1,OR_TERDHT,2043,0.0
RE1,OR_TERDHT,2044,0.0
RE1,OR_TERDHT,2045,0.0
RE1,OR_TERDHT,2046,0.0
RE1,OR_TERDHT,2047,0.0
RE1,OR_TERDHT,2048,0.0
RE1,OR_TERDHT,2049,0.0
RE1,OR_TERDHT,2050,0.0
RE1,OR_TERDHT,2051,0.0
RE1,OR_TERDHT,2052,0.0
RE1,OR_TERDHT,2053,0.0
RE1,OR_TERDHT,2054,0.0
RE1,OR_TERIHT,2022,0.0
RE1,OR_TERIHT,2023,0.0
RE1,OR_TERIHT,2024,0.0
RE1,OR_TERIHT,2025,0.0
RE1,OR_TERIHT,2026,0.0
RE1,OR_TERIHT,2027,0.0
RE1,OR_TERIHT,2028,0.0
RE1,OR_TERIHT,2029,0.0
RE1,OR_TERIHT,2030,0.0
RE1,OR_TERIHT,2031,0.0
RE1,OR_TERIHT,2032,0.0
RE1,OR_TERIHT,2033,0.0
RE1,OR_TERIHT,2034,0.0
RE1,OR_TERIHT,2035,0.0
RE1,OR_TERIHT,2036,0.0
RE1,OR_TERIHT,2037,0.0
RE1,OR_TERIHT,2038,0.0
RE1,OR_TERIHT,2039,0.0
RE1,OR_TERIHT,2040,0.0
RE1,OR_TERIHT,2041,0.0
RE1,OR_TERIHT,2042,0.0
RE1,OR_TERIHT,2043,0.0
RE1,OR_TERIHT,2044,0.0
RE1,OR_TERIHT,2045,0.0
RE1,OR_TERIHT,2046,0.0
RE1,OR_TERIHT,2047,0.0
RE1,OR_TERIHT,2048,0.0
RE1,OR_TERIHT,2049,0.0
RE1,OR_TERIHT,2050,0.0
RE1,OR_TERIHT,2051,0.0
RE1,OR_TERIHT,2052,0.0
RE1,OR_TERIHT,2053,0.0
RE1,OR_TERIHT,2054,0.0
RE1,OR_TERILU,2022,0.0
RE1,OR_TERILU,2023,0.0
RE1,OR_TERILU,2024,0.0
RE1,OR_TERILU,2025,0.0
RE1,OR_TERILU,2026,0.0
RE1,OR_TERILU,2027,0.0
RE1,OR_TERILU,2028,0.0
RE1,OR_TERILU,2029,0.0
RE1,OR_TERILU,2030,0.0
RE1,OR_TERILU,2031,0.0
RE1,OR_TERILU,2032,0.0
RE1,OR_TERILU,2033,0.0
RE1,OR_TERILU,2034,0.0
RE1,OR_TERILU,2035,0.0
RE1,OR_TERILU,2036,0.0
RE1,OR_TERILU,2037,0.0
RE1,OR_TERILU,2038,0.0
RE1,OR_TERILU,2039,0.0
RE1,OR_TERILU,2040,0.0
RE1,OR_TERILU,2041,0.0
RE1,OR_TERILU,2042,0.0
RE1,OR_TERILU,2043,0.0
RE1,OR_TERILU,2044,0.0
RE1,OR_TERILU,2045,0.0
RE1,OR_TERILU,2046,0.0
RE1,OR_TERILU,2047,0.0
RE1,OR_TERILU,2048,0.0
RE1,OR_TERILU,2049,0.0
RE1,OR_TERILU,2050,0.0
RE1,OR_TERILU,2051,0.0
RE1,OR_TERILU,2052,0.0
RE1,OR_TERILU,2053,0.0
RE1,OR_TERILU,2054,0.0
RE1,OR_TERMPW,2022,0.0
RE1,OR_TERMPW,2023,0.0
RE1,OR_TERMPW,2024,0.0
RE1,OR_TERMPW,2025,0.0
RE1,OR_TERMPW,2026,0.0
RE1,OR_TERMPW,2027,0.0
RE1,OR_TERMPW,2028,0.0
RE1,OR_TERMPW,2029,0.0
RE1,OR_TERMPW,2030,0.0
RE1,OR_TERMPW,2031,0.0
RE1,OR_TERMPW,2032,0.0
RE1,OR_TERMPW,2033,0.0
RE1,OR_TERMPW,2034,0.0
RE1,OR_TERMPW,2035,0.0
RE1,OR_TERMPW,2036,0.0
RE1,OR_TERMPW,2037,0.0
RE1,OR_TERMPW,2038,0.0
RE1,OR_TERMPW,2039,0.0
RE1,OR_TERMPW,2040,0.0
RE1,OR_TERMPW,2041,0.0
RE1,OR_TERMPW,2042,0.0
RE1,OR_TERMPW,2043,0.0
RE1,OR_TERMPW,2044,0.0
RE1,OR_TERMPW,2045,0.0
RE1,OR_TERMPW,2046,0.0
RE1,OR_TERMPW,2047,0.0
RE1,OR_TERMPW,2048,0.0
RE1,OR_TERMPW,2049,0.0
RE1,OR_TERMPW,2050,0.0
RE1,OR_TERMPW,2051,0.0
RE1,OR_TERMPW,2052,0.0
RE1,OR_TERMPW,2053,0.0
RE1,OR_TERMPW,2054,0.0
RE1,OR_TEROTH,2022,0.0
RE1,OR_TEROTH,2023,0.0
RE1,OR_TEROTH,2024,0.0
RE1,OR_TEROTH,2025,0.0
RE1,OR_TEROTH,2026,0.0
RE1,OR_TEROTH,2027,0.0
RE1,OR_TEROTH,2028,0.0
RE1,OR_TEROTH,2029,0.0
RE1,OR_TEROTH,2030,0.0
RE1,OR_TEROTH,2031,0.0
RE1,OR_TEROTH,2032,0.0
RE1,OR_TEROTH,2033,0.0
RE1,OR_TEROTH,2034,0.0
RE1,OR_TEROTH,2035,0.0
RE1,OR_TEROTH,2036,0.0
RE1,OR_TEROTH,2037,0.0
RE1,OR_TEROTH,2038,0.0
RE1,OR_TEROTH,2039,0.0
RE1,OR_TEROTH,2040,0.0
RE1,OR_TEROTH,2041,0.0
RE1,OR_TEROTH,2042,0.0
RE1,OR_TEROTH,2043,0.0
RE1,OR_TEROTH,2044,0.0
RE1,OR_TEROTH,2045,0.0
RE1,OR_TEROTH,2046,0.0
RE1,OR_TEROTH,2047,0.0
RE1,OR_TEROTH,2048,0.0
RE1,OR_TEROTH,2049,0.0
RE1,OR_TEROTH,2050,0.0
RE1,OR_TEROTH,2051,0.0
RE1,OR_TEROTH,2052,0.0
RE1,OR_TEROTH,2053,0.0
RE1,OR_TEROTH,2054,0.0
RE1,OR_TERREF_AUC,2022,0.0
RE1,OR_TERREF_AUC,2023,0.0
RE1,OR_TERREF_AUC,2024,0.0
RE1,OR_TERREF_AUC,2025,0.0
RE1,OR_TERREF_AUC,2026,0.0
RE1,OR_TERREF_AUC,2027,0.0
RE1,OR_TERREF_AUC,2028,0.0
RE1,OR_TERREF_AUC,2029,0.0
RE1,OR_TERREF_AUC,2030,0.0
RE1,OR_TERREF_AUC,2031,0.0
RE1,OR_TERREF_AUC,2032,0.0
RE1,OR_TERREF_AUC,2033,0.0
RE1,OR_TERREF_AUC,2034,0.0
RE1,OR_TERREF_AUC,2035,0.0
RE1,OR_TERREF_AUC,2036,0.0
RE1,OR_TERREF_AUC,2037,0.0
RE1,OR_TERREF_AUC,2038,0.0
RE1,OR_TERREF_AUC,2039,0.0
RE1,OR_TERREF_AUC,2040,0.0
RE1,OR_TERREF_AUC,2041,0.0
RE1,OR_TERREF_AUC,2042,0.0
RE1,OR_TERREF_AUC,2043,0.0
RE1,OR_TERREF_AUC,2044,0.0
RE1,OR_TERREF_AUC,2045,0.0
RE1,OR_TERREF_AUC,2046,0.0
RE1,OR_TERREF_AUC,2047,0.0
RE1,OR_TERREF_AUC,2048,0.0
RE1,OR_TERREF_AUC,2049,0.0
RE1,OR_TERREF_AUC,2050,0.0
RE1,OR_TERREF_AUC,2051,0.0
RE1,OR_TERREF_AUC,2052,0.0
RE1,OR_TERREF_AUC,2053,0.0
RE1,OR_TERREF_AUC,2054,0.0
RE1,OR_TERREF_CEN,2022,0.0
RE1,OR_TERREF_CEN,2023,0.0
RE1,OR_TERREF_CEN,2024,0.0
RE1,OR_TERREF_CEN,2025,0.0
RE1,OR_TERREF_CEN,2026,0.0
RE1,OR_TERREF_CEN,2027,0.0
RE1,OR_TERREF_CEN,2028,0.0
RE1,OR_TERREF_CEN,2029,0.0
RE1,OR_TERREF_CEN,2030,0.0
RE1,OR_TERREF_CEN,2031,0.0
RE1,OR_TERREF_CEN,2032,0.0
RE1,OR_TERREF_CEN,2033,0.0
RE1,OR_TERREF_CEN,2034,0.0
RE1,OR_TERREF_CEN,2035,0.0
RE1,OR_TERREF_CEN,2036,0.0
RE1,OR_TERREF_CEN,2037,0.0
RE1,OR_TERREF_CEN,2038,0.0
RE1,OR_TERREF_CEN,2039,0.0
RE1,OR_TERREF_CEN,2040,0.0
RE1,OR_TERREF_CEN,2041,0.0
RE1,OR_TERREF_CEN,2042,0.0
RE1,OR_TERREF_CEN,2043,0.0
RE1,OR_TERREF_CEN,2044,0.0
RE1,OR_TERREF_CEN,2045,0.0
RE1,OR_TERREF_CEN,2046,0.0
RE1,OR_TERREF_CEN,2047,0.0
RE1,OR_TERREF_CEN,2048,0.0
RE1,OR_TERREF_CEN,2049,0.0
RE1,OR_TERREF_CEN,2050,0.0
RE1,OR_TERREF_CEN,2051,0.0
RE1,OR_TERREF_CEN,2052,0.0
RE1,OR_TERREF_CEN,2053,0.0
RE1,OR_TERREF_CEN,2054,0.0
RE1,OR_TRAAVI,2022,9.587345503634937
RE1,OR_TRAAVI,2023,10.47977003403151
RE1,OR_TRAAVI,2024,10.80846419680726
RE1,OR_TRAAVI,2025,11.06481394609169
RE1,OR_TRAAVI,2026,11.40761627315826
RE1,OR_TRAAVI,2027,11.75041860022484
RE1,OR_TRAAVI,2028,12.05209633244367
RE1,OR_TRAAVI,2029,12.35707565673056
RE1,OR_TRAAVI,2030,12.66715866712265
RE1,OR_TRAAVI,2031,12.98234386561993
RE1,OR_TRAAVI,2032,13.30353304824097
RE1,OR_TRAAVI,2033,13.62922521895483
RE1,OR_TRAAVI,2034,13.96001957777388
RE1,OR_TRAAVI,2035,14.29621722270431
RE1,OR_TRAAVI,2036,14.63811925175232
RE1,OR_TRAAVI,2037,14.98452426889317
RE1,OR_TRAAVI,2038,15.33602997613916
RE1,OR_TRAAVI,2039,15.69264386349045
RE1,OR_TRAAVI,2040,16.05554935097144
RE1,OR_TRAAVI,2041,16.55844294133816
RE1,OR_TRAAVI,2042,16.92026986879691
RE1,OR_TRAAVI,2043,17.28211177625597
RE1,OR_TRAAVI,2044,17.64393870371472
RE1,OR_TRAAVI,2045,18.00576563117348
RE1,OR_TRAAVI,2046,18.36760753863254
RE1,OR_TRAAVI,2047,18.72943446609129
RE1,OR_TRAAVI,2048,19.09126139355005
RE1,OR_TRAAVI,2049,19.45310330100911
RE1,OR_TRAAVI,2050,19.81493022846786
RE1,OR_TRAAVI,2051,20.17675715592662
RE1,OR_TRAAVI,2052,20.53859906338567
RE1,OR_TRAAVI,2053,20.90042599084443
RE1,OR_TRAAVI,2054,21.26226789830349
RE1,OR_TRABUS,2022,9.129100426533647
RE1,OR_TRABUS,2023,10.78362002138389
RE1,OR_TRABUS,2024,12.87549908569439
RE1,OR_TRABUS,2025,13.16302392662365
RE1,OR_TRABUS,2026,13.46274968700672
RE1,OR_TRABUS,2027,13.79795154127709
RE1,OR_TRABUS,2028,14.12827512715916
RE1,OR_TRABUS,2029,14.54239191392489
RE1,OR_TRABUS,2030,15.11251810867008
RE1,OR_TRABUS,2031,15.99048331240095
RE1,OR_TRABUS,2032,17.15403681300926
RE1,OR_TRABUS,2033,18.48950739568585
RE1,OR_TRABUS,2034,19.33966602370681
RE1,OR_TRABUS,2035,20.84669092355092
RE1,OR_TRABUS,2036,22.22723605975487
RE1,OR_TRABUS,2037,23.75660466667849
RE1,OR_TRABUS,2038,25.36997913312879
RE1,OR_TRABUS,2039,27.180505436217
RE1,OR_TRABUS,2040,28.37595179747843
RE1,OR_TRABUS,2041,29.91733431787265
RE1,OR_TRABUS,2042,31.53831880886733
RE1,OR_TRABUS,2043,33.63921411437819
RE1,OR_TRABUS,2044,34.75488149023801
RE1,OR_TRABUS,2045,36.29524203786748
RE1,OR_TRABUS,2046,37.23020443567819
RE1,OR_TRABUS,2047,39.03660028121441
RE1,OR_TRABUS,2048,40.23926821871159
RE1,OR_TRABUS,2049,41.3616930865596
RE1,OR_TRABUS,2050,42.34807954342205
RE1,OR_TRABUS,2051,43.25269933598118
RE1,OR_TRABUS,2052,44.15720437971882
RE1,OR_TRABUS,2053,43.59130788589137
RE1,OR_TRABUS,2054,43.04341476440433
RE1,OR_TRAFWD,2022,8.471004137533404
RE1,OR_TRAFWD,2023,8.018290349258914
RE1,OR_TRAFWD,2024,7.38902894894137
RE1,OR_TRAFWD,2025,7.798363028805036
RE1,OR_TRAFWD,2026,8.203785396393704
RE1,OR_TRAFWD,2027,8.579006800727027
RE1,OR_TRAFWD,2028,8.939579547093162
RE1,OR_TRAFWD,2029,9.318197147487881
RE1,OR_TRAFWD,2030,9.735619524451185
RE1,OR_TRAFWD,2031,10.14161213152939
RE1,OR_TRAFWD,2032,10.68197994193313
RE1,OR_TRAFWD,2033,11.30591010329579
RE1,OR_TRAFWD,2034,11.84674422158059
RE1,OR_TRAFWD,2035,12.40154087664961
RE1,OR_TRAFWD,2036,13.0152565167916
RE1,OR_TRAFWD,2037,13.65439775940318
RE1,OR_TRAFWD,2038,14.32521782453104
RE1,OR_TRAFWD,2039,14.94920485995736
RE1,OR_TRAFWD,2040,15.55014786629361
RE1,OR_TRAFWD,2041,16.1933591984483
RE1,OR_TRAFWD,2042,16.97206825070997
RE1,OR_TRAFWD,2043,17.75861513126451
RE1,OR_TRAFWD,2044,18.62328391437274
RE1,OR_TRAFWD,2045,19.44335418598661
RE1,OR_TRAFWD,2046,20.21306863986467
RE1,OR_TRAFWD,2047,21.13843570636266
RE1,OR_TRAFWD,2048,21.97410882513082
RE1,OR_TRAFWD,2049,22.85565937856046
RE1,OR_TRAFWD,2050,23.86780947638808
RE1,OR_TRAFWD,2051,24.7163230580043
RE1,OR_TRAFWD,2052,25.39805609233039
RE1,OR_TRAFWD,2053,26.13278558052273
RE1,OR_TRAFWD,2054,26.72365227333881
RE1,OR_TRALDV,2022,2.476325187175913
RE1,OR_TRALDV,2023,2.395038758542773
RE1,OR_TRALDV,2024,2.199482377736317
RE1,OR_TRALDV,2025,2.236633519180774
RE1,OR_TRALDV,2026,2.270491738160233
RE1,OR_TRALDV,2027,2.302108953525669
RE1,OR_TRALDV,2028,2.330036748314095
RE1,OR_TRALDV,2029,2.358700739215321
RE1,OR_TRALDV,2030,2.380803462048791
RE1,OR_TRALDV,2031,2.408010853594256
RE1,OR_TRALDV,2032,2.438950942238504
RE1,OR_TRALDV,2033,2.462459443633366
RE1,OR_TRALDV,2034,2.482931162562743
RE1,OR_TRALDV,2035,2.505867446345843
RE1,OR_TRALDV,2036,2.528892591430154
RE1,OR_TRALDV,2037,2.554400168237235
RE1,OR_TRALDV,2038,2.578229787919462
RE1,OR_TRALDV,2039,2.60111715790031
RE1,OR_TRALDV,2040,2.617963076817497
RE1,OR_TRALDV,2041,2.638081925277151
RE1,OR_TRALDV,2042,2.651829934701018
RE1,OR_TRALDV,2043,2.667506372778915
RE1,OR_TRALDV,2044,2.664701204517468
RE1,OR_TRALDV,2045,2.657157279698384
RE1,OR_TRALDV,2046,2.634666634968224
RE1,OR_TRALDV,2047,2.615492362423093
RE1,OR_TRALDV,2048,2.575846781692737
RE1,OR_TRALDV,2049,2.526629488868844
RE1,OR_TRALDV,2050,2.46487850228597
RE1,OR_TRALDV,2051,2.392600832174022
RE1,OR_TRALDV,2052,2.31493073214075
RE1,OR_TRALDV,2053,2.201636165635923
RE1,OR_TRALDV,2054,2.088850737203854
RE1,OR_TRAMAS,2022,0.0
RE1,OR_TRAMAS,2023,0.0
RE1,OR_TRAMAS,2024,0.0
RE1,OR_TRAMAS,2025,0.0
RE1,OR_TRAMAS,2026,0.0
RE1,OR_TRAMAS,2027,0.0
RE1,OR_TRAMAS,2028,0.0
RE1,OR_TRAMAS,2029,0.0
RE1,OR_TRAMAS,2030,0.0
RE1,OR_TRAMAS,2031,0.0
RE1,OR_TRAMAS,2032,0.0
RE1,OR_TRAMAS,2033,0.0
RE1,OR_TRAMAS,2034,0.0
RE1,OR_TRAMAS,2035,0.0
RE1,OR_TRAMAS,2036,0.0
RE1,OR_TRAMAS,2037,0.0
RE1,OR_TRAMAS,2038,0.0
RE1,OR_TRAMAS,2039,0.0
RE1,OR_TRAMAS,2040,0.0
RE1,OR_TRAMAS,2041,0.0
RE1,OR_TRAMAS,2042,0.0
RE1,OR_TRAMAS,2043,0.0
RE1,OR_TRAMAS,2044,0.0
RE1,OR_TRAMAS,2045,0.0
RE1,OR_TRAMAS,2046,0.0
RE1,OR_TRAMAS,2047,0.0
RE1,OR_TRAMAS,2048,0.0
RE1,OR_TRAMAS,2049,0.0
RE1,OR_TRAMAS,2050,0.0
RE1,OR_TRAMAS,2051,0.0
RE1,OR_TRAMAS,2052,0.0
RE1,OR_TRAMAS,2053,0.0
RE1,OR_TRAMAS,2054,0.0
RE1,OR_TRAMET,2022,0.0
RE1,OR_TRAMET,2023,0.0
RE1,OR_TRAMET,2024,0.0
RE1,OR_TRAMET,2025,0.0
RE1,OR_TRAMET,2026,0.0
RE1,OR_TRAMET,2027,0.0
RE1,OR_TRAMET,2028,0.0
RE1,OR_TRAMET,2029,0.0
RE1,OR_TRAMET,2030,0.0
RE1,OR_TRAMET,2031,0.0
RE1,OR_TRAMET,2032,0.0
RE1,OR_TRAMET,2033,0.0
RE1,OR_TRAMET,2034,0.0
RE1,OR_TRAMET,2035,0.0
RE1,OR_TRAMET,2036,0.0
RE1,OR_TRAMET,2037,0.0
RE1,OR_TRAMET,2038,0.0
RE1,OR_TRAMET,2039,0.0
RE1,OR_TRAMET,2040,0.0
RE1,OR_TRAMET,2041,0.0
RE1,OR_TRAMET,2042,0.0
RE1,OR_TRAMET,2043,0.0
RE1,OR_TRAMET,2044,0.0
RE1,OR_TRAMET,2045,0.0
RE1,OR_TRAMET,2046,0.0
RE1,OR_TRAMET,2047,0.0
RE1,OR_TRAMET,2048,0.0
RE1,OR_TRAMET,2049,0.0
RE1,OR_TRAMET,2050,0.0
RE1,OR_TRAMET,2051,0.0
RE1,OR_TRAMET,2052,0.0
RE1,OR_TRAMET,2053,0.0
RE1,OR_TRAMET,2054,0.0
RE1,OR_TRAMIC,2022,1.345929583833298
RE1,OR_TRAMIC,2023,1.53730683511122
RE1,OR_TRAMIC,2024,1.547335987588666
RE1,OR_TRAMIC,2025,1.546127525115991
RE1,OR_TRAMIC,2026,1.545515207223364
RE1,OR_TRAMIC,2027,1.544557687537978
RE1,OR_TRAMIC,2028,1.543296677791004
RE1,OR_TRAMIC,2029,1.541792473433002
RE1,OR_TRAMIC,2030,1.540194728419501
RE1,OR_TRAMIC,2031,1.538516613441114
RE1,OR_TRAMIC,2032,1.537117981759649
RE1,OR_TRAMIC,2033,1.536090268347143
RE1,OR_TRAMIC,2034,1.535147545539351
RE1,OR_TRAMIC,2035,1.535895544291166
RE1,OR_TRAMIC,2036,1.538724733198286
RE1,OR_TRAMIC,2037,1.545824733793796
RE1,OR_TRAMIC,2038,1.558556807492653
RE1,OR_TRAMIC,2039,1.580072865908598
RE1,OR_TRAMIC,2040,1.611508057951003
RE1,OR_TRAMIC,2041,1.66141126674162
RE1,OR_TRAMIC,2042,1.722665423761034
RE1,OR_TRAMIC,2043,1.806880274654083
RE1,OR_TRAMIC,2044,1.893543310011004
RE1,OR_TRAMIC,2045,1.992727670728816
RE1,OR_TRAMIC,2046,2.081999895324964
RE1,OR_TRAMIC,2047,2.199877064377592
RE1,OR_TRAMIC,2048,2.298316329607601
RE1,OR_TRAMIC,2049,2.391135178170967
RE1,OR_TRAMIC,2050,2.47679562791367
RE1,OR_TRAMIC,2051,2.559623236079989
RE1,OR_TRAMIC,2052,2.643956780460931
RE1,OR_TRAMIC,2053,2.658696680070164
RE1,OR_TRAMIC,2054,2.671090759855968
RE1,OR_TRAMTC,2022,3.968611835804372
RE1,OR_TRAMTC,2023,3.780154677747031
RE1,OR_TRAMTC,2024,3.504770530239672
RE1,OR_TRAMTC,2025,3.629914343167539
RE1,OR_TRAMTC,2026,3.752073887656029
RE1,OR_TRAMTC,2027,3.875880254442579
RE1,OR_TRAMTC,2028,3.992722602680788
RE1,OR_TRAMTC,2029,4.117368074499343
RE1,OR_TRAMTC,2030,4.213454435565864
RE1,OR_TRAMTC,2031,4.326647955341497
RE1,OR_TRAMTC,2032,4.440670952794957
RE1,OR_TRAMTC,2033,4.487589252781273
RE1,OR_TRAMTC,2034,4.478481147723143
RE1,OR_TRAMTC,2035,4.424236890522659
RE1,OR_TRAMTC,2036,4.30887174859756
RE1,OR_TRAMTC,2037,4.105160849780709
RE1,OR_TRAMTC,2038,3.844643907209326
RE1,OR_TRAMTC,2039,3.54983624340229
RE1,OR_TRAMTC,2040,3.223434095936503
RE1,OR_TRAMTC,2041,2.903723225480851
RE1,OR_TRAMTC,2042,2.569176308497848
RE1,OR_TRAMTC,2043,2.514814877991837
RE1,OR_TRAMTC,2044,2.461901686136401
RE1,OR_TRAMTC,2045,2.40218842017391
RE1,OR_TRAMTC,2046,2.353843819757658
RE1,OR_TRAMTC,2047,2.305325851186944
RE1,OR_TRAMTC,2048,2.24611091587994
RE1,OR_TRAMTC,2049,2.201648964450925
RE1,OR_TRAMTC,2050,2.139299352728341
RE1,OR_TRAMTC,2051,2.051719112170229
RE1,OR_TRAMTC,2052,1.971589104418855
RE1,OR_TRAMTC,2053,1.850294083792501
RE1,OR_TRAMTC,2054,1.730336365889044
RE1,OR_TRARVT,2022,0.3479356938069474
RE1,OR_TRARVT,2023,0.3509829693314563
RE1,OR_TRARVT,2024,0.352531822642457
RE1,OR_TRARVT,2025,0.3508014761176795
RE1,OR_TRARVT,2026,0.3538420872642903
RE1,OR_TRARVT,2027,0.3584686895272903
RE1,OR_TRARVT,2028,0.3621012638698133
RE1,OR_TRARVT,2029,0.3654682117303021
RE1,OR_TRARVT,2030,0.3662863330914738
RE1,OR_TRARVT,2031,0.368729237152482
RE1,OR_TRARVT,2032,0.3709513712034826
RE1,OR_TRARVT,2033,0.3729162707015188
RE1,OR_TRARVT,2034,0.3746439730550493
RE1,OR_TRARVT,2035,0.3761575750783278
RE1,OR_TRARVT,2036,0.3798142940952498
RE1,OR_TRARVT,2037,0.380741133457181
RE1,OR_TRARVT,2038,0.3840572445428013
RE1,OR_TRARVT,2039,0.3844530570996452
RE1,OR_TRARVT,2040,0.3845254847539572
RE1,OR_TRARVT,2041,0.3871944187662013
RE1,OR_TRARVT,2042,0.3896837221648691
RE1,OR_TRARVT,2043,0.2177667884700276
RE1,OR_TRARVT,2044,0.221063709432592
RE1,OR_TRARVT,2045,0.2243653489386993
RE1,OR_TRARVT,2046,0.2310670931843666
RE1,OR_TRARVT,2047,0.2344715565441155
RE1,OR_TRARVT,2048,0.2378753226614265
RE1,OR_TRARVT,2049,0.244987233808619
RE1,OR_TRARVT,2050,0.2484911751243433
RE1,OR_TRARVT,2051,0.2484911751243433
RE1,OR_TRARVT,2052,0.2484911751243433
RE1,OR_TRARVT,2053,0.2484911751243433
RE1,OR_TRARVT,2054,0.2484911751243433
RE1,OR_TRASTT,2022,15.26212345045454
RE1,OR_TRASTT,2023,14.79738464758102
RE1,OR_TRASTT,2024,13.71883758307963
RE1,OR_TRASTT,2025,13.97286594757493
RE1,OR_TRASTT,2026,14.23640816702967
RE1,OR_TRASTT,2027,14.48943294279451
RE1,OR_TRASTT,2028,14.74037804518118
RE1,OR_TRASTT,2029,14.98302864249295
RE1,OR_TRASTT,2030,15.24247730091048
RE1,OR_TRASTT,2031,15.46966512306273
RE1,OR_TRASTT,2032,15.76691038044683
RE1,OR_TRASTT,2033,16.11175451745703
RE1,OR_TRASTT,2034,16.39251203302298
RE1,OR_TRASTT,2035,16.67108465607678
RE1,OR_TRASTT,2036,16.97803191613049
RE1,OR_TRASTT,2037,17.29449451769666
RE1,OR_TRASTT,2038,17.63285783607971
RE1,OR_TRASTT,2039,17.95176731512482
RE1,OR_TRASTT,2040,18.25024315396425
RE1,OR_TRASTT,2041,18.56579384157916
RE1,OR_TRASTT,2042,18.95701922537808
RE1,OR_TRASTT,2043,19.35820874839858
RE1,OR_TRASTT,2044,19.75741784666765
RE1,OR_TRASTT,2045,20.15103509013992
RE1,OR_TRASTT,2046,20.4745630772868
RE1,OR_TRASTT,2047,20.91720847910602
RE1,OR_TRASTT,2048,21.27750730724551
RE1,OR_TRASTT,2049,21.63938170145032
RE1,OR_TRASTT,2050,22.06382027886783
RE1,OR_TRASTT,2051,22.42115936738959
RE1,OR_TRASTT,2052,22.70000319627223
RE1,OR_TRASTT,2053,22.91348992691838
RE1,OR_TRASTT,2054,23.06660602055955
RE1,OR_TRATAX,2022,3.401582881503262
RE1,OR_TRATAX,2023,3.330971359838067
RE1,OR_TRATAX,2024,3.020359138043335
RE1,OR_TRATAX,2025,3.04730835213499
RE1,OR_TRATAX,2026,3.069837871897048
RE1,OR_TRATAX,2027,3.088795319357928
RE1,OR_TRATAX,2028,3.104019452734502
RE1,OR_TRATAX,2029,3.118311938388143
RE1,OR_TRATAX,2030,3.127192217348591
RE1,OR_TRATAX,2031,3.137976710909686
RE1,OR_TRATAX,2032,3.149299618995706
RE1,OR_TRATAX,2033,3.155244013599036
RE1,OR_TRATAX,2034,3.159239323310723
RE1,OR_TRATAX,2035,3.162387842715236
RE1,OR_TRATAX,2036,3.164029714132548
RE1,OR_TRATAX,2037,3.164481327626362
RE1,OR_TRATAX,2038,3.163016211147744
RE1,OR_TRATAX,2039,3.159892603286557
RE1,OR_TRATAX,2040,3.155915531093081
RE1,OR_TRATAX,2041,3.151584591069778
RE1,OR_TRATAX,2042,3.146528063775181
RE1,OR_TRATAX,2043,3.140777390331909
RE1,OR_TRATAX,2044,3.134489151474535
RE1,OR_TRATAX,2045,3.127266894654833
RE1,OR_TRATAX,2046,3.120443259574261
RE1,OR_TRATAX,2047,3.112775267164903
RE1,OR_TRATAX,2048,3.104692541184627
RE1,OR_TRATAX,2049,3.096574459674396
RE1,OR_TRATAX,2050,3.088141037956455
RE1,OR_TRATAX,2051,3.079354617306177
RE1,OR_TRATAX,2052,3.070530280547928
RE1,OR_TRATAX,2053,3.061490301438025
RE1,OR_TRATAX,2054,3.052239828190229
RE1,OR_TRATCK,2022,9.670341778458948
RE1,OR_TRATCK,2023,9.356019369347601
RE1,OR_TRATCK,2024,8.727644141944793
RE1,OR_TRATCK,2025,8.923311926786308
RE1,OR_TRATCK,2026,9.128117326909532
RE1,OR_TRATCK,2027,9.326786094775024
RE1,OR_TRATCK,2028,9.52372925656458
RE1,OR_TRATCK,2029,9.717629393405828
RE1,OR_TRATCK,2030,9.921061631694204
RE1,OR_TRATCK,2031,10.1079835242496
RE1,OR_TRATCK,2032,10.34934162391339
RE1,OR_TRATCK,2033,10.619554409163
RE1,OR_TRATCK,2034,10.84132563305362
RE1,OR_TRATCK,2035,11.0639764540884
RE1,OR_TRATCK,2036,11.30379852984034
RE1,OR_TRATCK,2037,11.54744865249662
RE1,OR_TRATCK,2038,11.79802976509404
RE1,OR_TRATCK,2039,12.02436806691083
RE1,OR_TRATCK,2040,12.22623214825948
RE1,OR_TRATCK,2041,12.43325768041734
RE1,OR_TRATCK,2042,12.67920077644411
RE1,OR_TRATCK,2043,12.91859052046056
RE1,OR_TRATCK,2044,13.15185842114772
RE1,OR_TRATCK,2045,13.36100075427778
RE1,OR_TRATCK,2046,13.52232003766512
RE1,OR_TRATCK,2047,13.74032591717767
RE1,OR_TRATCK,2048,13.89940359517612
RE1,OR_TRATCK,2049,14.05973974878225
RE1,OR_TRATCK,2050,14.25708579225003
RE1,OR_TRATCK,2051,14.3963912476932
RE1,OR_TRATCK,2052,14.47996504571668
RE1,OR_TRATCK,2053,14.5341576266742
RE1,OR_TRATCK,2054,14.54308387083075
RE1,SE_AGFELC,2022,0.0
RE1,SE_AGFELC,2023,0.0
RE1,SE_AGFELC,2024,0.0
RE1,SE_AGFELC,2025,0.0
RE1,SE_AGFELC,2026,0.0
RE1,SE_AGFELC,2027,0.0
RE1,SE_AGFELC,2028,0.0
RE1,SE_AGFELC,2029,0.0
RE1,SE_AGFELC,2030,0.0
RE1,SE_AGFELC,2031,0.0
RE1,SE_AGFELC,2032,0.0
RE1,SE_AGFELC,2033,0.0
RE1,SE_AGFELC,2034,0.0
RE1,SE_AGFELC,2035,0.0
RE1,SE_AGFELC,2036,0.0
RE1,SE_AGFELC,2037,0.0
RE1,SE_AGFELC,2038,0.0
RE1,SE_AGFELC,2039,0.0
RE1,SE_AGFELC,2040,0.0
RE1,SE_AGFELC,2041,0.0
RE1,SE_AGFELC,2042,0.0
RE1,SE_AGFELC,2043,0.0
RE1,SE_AGFELC,2044,0.0
RE1,SE_AGFELC,2045,0.0
RE1,SE_AGFELC,2046,0.0
RE1,SE_AGFELC,2047,0.0
RE1,SE_AGFELC,2048,0.0
RE1,SE_AGFELC,2049,0.0
RE1,SE_AGFELC,2050,0.0
RE1,SE_AGFELC,2051,0.0
RE1,SE_AGFELC,2052,0.0
RE1,SE_AGFELC,2053,0.0
RE1,SE_AGFELC,2054,0.0
RE1,SE_AGFHEA,2022,0.2266759001168934
RE1,SE_AGFHEA,2023,0.2330159795620543
RE1,SE_AGFHEA,2024,0.2500163352888845
RE1,SE_AGFHEA,2025,0.2592686629185231
RE1,SE_AGFHEA,2026,0.2663821407098493
RE1,SE_AGFHEA,2027,0.2740242263841106
RE1,SE_AGFHEA,2028,0.2819892661712571
RE1,SE_AGFHEA,2029,0.2902133217863025
RE1,SE_AGFHEA,2030,0.298640281644029
RE1,SE_AGFHEA,2031,0.3072721004776973
RE1,SE_AGFHEA,2032,0.3161834559416268
RE1,SE_AGFHEA,2033,0.3253880494669162
RE1,SE_AGFHEA,2034,0.3348597513210244
RE1,SE_AGFHEA,2035,0.3451313721351597
RE1,SE_AGFHEA,2036,0.3557115796721697
RE1,SE_AGFHEA,2037,0.3670384079742969
RE1,SE_AGFHEA,2038,0.3787080855992739
RE1,SE_AGFHEA,2039,0.3907312978664139
RE1,SE_AGFHEA,2040,0.4031187343883351
RE1,SE_AGFHEA,2041,0.4158815454188608
RE1,SE_AGFHEA,2042,0.4303264197423586
RE1,SE_AGFHEA,2043,0.4452174793403831
RE1,SE_AGFHEA,2044,0.4605682016895334
RE1,SE_AGFHEA,2045,0.4763924898600886
RE1,SE_AGFHEA,2046,0.4927046864830814
RE1,SE_AGFHEA,2047,0.5095198937340367
RE1,SE_AGFHEA,2048,0.5277403585214611
RE1,SE_AGFHEA,2049,0.5478688211567612
RE1,SE_AGFHEA,2050,0.5686417882806464
RE1,SE_AGFHEA,2051,0.5900784872751264
RE1,SE_AGFHEA,2052,0.6121986492218695
RE1,SE_AGFHEA,2053,0.6350222176258103
RE1,SE_AGFHEA,2054,0.6587583809666986
RE1,SE_OTHDSL,2022,0.001022629
RE1,SE_OTHDSL,2023,0.000785565
RE1,SE_OTHDSL,2024,0.000683714
RE1,SE_OTHDSL,2025,0.000666331
RE1,SE_OTHDSL,2026,0.000642459
RE1,SE_OTHDSL,2027,0.000659294
RE1,SE_OTHDSL,2028,0.000669675
RE1,SE_OTHDSL,2029,0.000682236
RE1,SE_OTHDSL,2030,0.000695476
RE1,SE_OTHDSL,2031,0.000703047
RE1,SE_OTHDSL,2032,0.000707218
RE1,SE_OTHDSL,2033,0.000714879
RE1,SE_OTHDSL,2034,0.000726025
RE1,SE_OTHDSL,2035,0.000745944
RE1,SE_OTHDSL,2036,0.000770739
RE1,SE_OTHDSL,2037,0.000799397
RE1,SE_OTHDSL,2038,0.000829034
RE1,SE_OTHDSL,2039,0.000859597
RE1,SE_OTHDSL,2040,0.00089128
RE1,SE_OTHDSL,2041,0.000924218
RE1,SE_OTHDSL,2042,0.000958491
RE1,SE_OTHDSL,2043,0.000995258
RE1,SE_OTHDSL,2044,0.001033555
RE1,SE_OTHDSL,2045,0.001072975
RE1,SE_OTHDSL,2046,0.001113971
RE1,SE_OTHDSL,2047,0.001156967
RE1,SE_OTHDSL,2048,0.001201903
RE1,SE_OTHDSL,2049,0.001248499
RE1,SE_OTHDSL,2050,0.001296823
RE1,SE_OTHDSL,2051,0.001347053
RE1,SE_OTHDSL,2052,0.001399364
RE1,SE_OTHDSL,2053,0.001453853
RE1,SE_OTHDSL,2054,0.001510652
RE1,SE_OTHELC,2022,0.011517203
RE1,SE_OTHELC,2023,0.010765015
RE1,SE_OTHELC,2024,0.015270572
RE1,SE_OTHELC,2025,0.014532395
RE1,SE_OTHELC,2026,0.015075339
RE1,SE_OTHELC,2027,0.01545929
RE1,SE_OTHELC,2028,0.015691968
RE1,SE_OTHELC,2029,0.01597586
RE1,SE_OTHELC,2030,0.016275689
RE1,SE_OTHELC,2031,0.016442971
RE1,SE_OTHELC,2032,0.016530946
RE1,SE_OTHELC,2033,0.016700693
RE1,SE_OTHELC,2034,0.016951975
RE1,SE_OTHELC,2035,0.017408032
RE1,SE_OTHELC,2036,0.017977655
RE1,SE_OTHELC,2037,0.01863706
RE1,SE_OTHELC,2038,0.019318924
RE1,SE_OTHELC,2039,0.020022003
RE1,SE_OTHELC,2040,0.020750786
RE1,SE_OTHELC,2041,0.021508393
RE1,SE_OTHELC,2042,0.022296688
RE1,SE_OTHELC,2043,0.023142579
RE1,SE_OTHELC,2044,0.024023586
RE1,SE_OTHELC,2045,0.024930222
RE1,SE_OTHELC,2046,0.025873033
RE1,SE_OTHELC,2047,0.026861807
RE1,SE_OTHELC,2048,0.027895137
RE1,SE_OTHELC,2049,0.028966464
RE1,SE_OTHELC,2050,0.030077363
RE1,SE_OTHELC,2051,0.031231929
RE1,SE_OTHELC,2052,0.032434206
RE1,SE_OTHELC,2053,0.033686373
RE1,SE_OTHELC,2054,0.03499148
RE1,SE_OTHGSL,2022,0.000189099
RE1,SE_OTHGSL,2023,2.375e-05
RE1,SE_OTHGSL,2024,1.81e-05
RE1,SE_OTHGSL,2025,1.7706e-05
RE1,SE_OTHGSL,2026,1.7103e-05
RE1,SE_OTHGSL,2027,1.7552e-05
RE1,SE_OTHGSL,2028,1.7829e-05
RE1,SE_OTHGSL,2029,1.8164e-05
RE1,SE_OTHGSL,2030,1.8517e-05
RE1,SE_OTHGSL,2031,1.8719e-05
RE1,SE_OTHGSL,2032,1.883e-05
RE1,SE_OTHGSL,2033,1.9035e-05
RE1,SE_OTHGSL,2034,1.9333e-05
RE1,SE_OTHGSL,2035,1.9864e-05
RE1,SE_OTHGSL,2036,2.0524e-05
RE1,SE_OTHGSL,2037,2.1288e-05
RE1,SE_OTHGSL,2038,2.2078e-05
RE1,SE_OTHGSL,2039,2.2892e-05
RE1,SE_OTHGSL,2040,2.3737e-05
RE1,SE_OTHGSL,2041,2.4614e-05
RE1,SE_OTHGSL,2042,2.5528e-05
RE1,SE_OTHGSL,2043,2.6507e-05
RE1,SE_OTHGSL,2044,2.7528e-05
RE1,SE_OTHGSL,2045,2.8578e-05
RE1,SE_OTHGSL,2046,2.967e-05
RE1,SE_OTHGSL,2047,3.0816e-05
RE1,SE_OTHGSL,2048,3.2014e-05
RE1,SE_OTHGSL,2049,3.3256e-05
RE1,SE_OTHGSL,2050,3.4544e-05
RE1,SE_OTHGSL,2051,3.5882e-05
RE1,SE_OTHGSL,2052,3.7276e-05
RE1,SE_OTHGSL,2053,3.8728e-05
RE1,SE_OTHGSL,2054,4.0242e-05
RE1,SE_RESCLIM,2022,0.0
RE1,SE_RESCLIM,2023,0.0
RE1,SE_RESCLIM,2024,0.0
RE1,SE_RESCLIM,2025,0.0
RE1,SE_RESCLIM,2026,0.0
RE1,SE_RESCLIM,2027,0.0
RE1,SE_RESCLIM,2028,0.0
RE1,SE_RESCLIM,2029,0.0
RE1,SE_RESCLIM,2030,0.0
RE1,SE_RESCLIM,2031,0.0
RE1,SE_RESCLIM,2032,0.0
RE1,SE_RESCLIM,2033,0.0
RE1,SE_RESCLIM,2034,0.0
RE1,SE_RESCLIM,2035,0.0
RE1,SE_RESCLIM,2036,0.0
RE1,SE_RESCLIM,2037,0.0
RE1,SE_RESCLIM,2038,0.0
RE1,SE_RESCLIM,2039,0.0
RE1,SE_RESCLIM,2040,0.0
RE1,SE_RESCLIM,2041,0.0
RE1,SE_RESCLIM,2042,0.0
RE1,SE_RESCLIM,2043,0.0
RE1,SE_RESCLIM,2044,0.0
RE1,SE_RESCLIM,2045,0.0
RE1,SE_RESCLIM,2046,0.0
RE1,SE_RESCLIM,2047,0.0
RE1,SE_RESCLIM,2048,0.0
RE1,SE_RESCLIM,2049,0.0
RE1,SE_RESCLIM,2050,0.0
RE1,SE_RESCLIM,2051,0.0
RE1,SE_RESCLIM,2052,0.0
RE1,SE_RESCLIM,2053,0.0
RE1,SE_RESCLIM,2054,0.0
RE1,SE_RESDHT,2022,0.0
RE1,SE_RESDHT,2023,0.0
RE1,SE_RESDHT,2024,0.0
RE1,SE_RESDHT,2025,0.0
RE1,SE_RESDHT,2026,0.0
RE1,SE_RESDHT,2027,0.0
RE1,SE_RESDHT,2028,0.0
RE1,SE_RESDHT,2029,0.0
RE1,SE_RESDHT,2030,0.0
RE1,SE_RESDHT,2031,0.0
RE1,SE_RESDHT,2032,0.0
RE1,SE_RESDHT,2033,0.0
RE1,SE_RESDHT,2034,0.0
RE1,SE_RESDHT,2035,0.0
RE1,SE_RESDHT,2036,0.0
RE1,SE_RESDHT,2037,0.0
RE1,SE_RESDHT,2038,0.0
RE1,SE_RESDHT,2039,0.0
RE1,SE_RESDHT,2040,0.0
RE1,SE_RESDHT,2041,0.0
RE1,SE_RESDHT,2042,0.0
RE1,SE_RESDHT,2043,0.0
RE1,SE_RESDHT,2044,0.0
RE1,SE_RESDHT,2045,0.0
RE1,SE_RESDHT,2046,0.0
RE1,SE_RESDHT,2047,0.0
RE1,SE_RESDHT,2048,0.0
RE1,SE_RESDHT,2049,0.0
RE1,SE_RESDHT,2050,0.0
RE1,SE_RESDHT,2051,0.0
RE1,SE_RESDHT,2052,0.0
RE1,SE_RESDHT,2053,0.0
RE1,SE_RESDHT,2054,0.0
RE1,SE_RESOTH,2022,0.0
RE1,SE_RESOTH,2023,0.0
RE1,SE_RESOTH,2024,0.0
RE1,SE_RESOTH,2025,0.0
RE1,SE_RESOTH,2026,0.0
RE1,SE_RESOTH,2027,0.0
RE1,SE_RESOTH,2028,0.0
RE1,SE_RESOTH,2029,0.0
RE1,SE_RESOTH,2030,0.0
RE1,SE_RESOTH,2031,0.0
RE1,SE_RESOTH,2032,0.0
RE1,SE_RESOTH,2033,0.0
RE1,SE_RESOTH,2034,0.0
RE1,SE_RESOTH,2035,0.0
RE1,SE_RESOTH,2036,0.0
RE1,SE_RESOTH,2037,0.0
RE1,SE_RESOTH,2038,0.0
RE1,SE_RESOTH,2039,0.0
RE1,SE_RESOTH,2040,0.0
RE1,SE_RESOTH,2041,0.0
RE1,SE_RESOTH,2042,0.0
RE1,SE_RESOTH,2043,0.0
RE1,SE_RESOTH,2044,0.0
RE1,SE_RESOTH,2045,0.0
RE1,SE_RESOTH,2046,0.0
RE1,SE_RESOTH,2047,0.0
RE1,SE_RESOTH,2048,0.0
RE1,SE_RESOTH,2049,0.0
RE1,SE_RESOTH,2050,0.0
RE1,SE_RESOTH,2051,0.0
RE1,SE_RESOTH,2052,0.0
RE1,SE_RESOTH,2053,0.0
RE1,SE_RESOTH,2054,0.0
RE1,SE_RESREF,2022,0.0
RE1,SE_RESREF,2023,0.0
RE1,SE_RESREF,2024,0.0
RE1,SE_RESREF,2025,0.0
RE1,SE_RESREF,2026,0.0
RE1,SE_RESREF,2027,0.0
RE1,SE_RESREF,2028,0.0
RE1,SE_RESREF,2029,0.0
RE1,SE_RESREF,2030,0.0
RE1,SE_RESREF,2031,0.0
RE1,SE_RESREF,2032,0.0
RE1,SE_RESREF,2033,0.0
RE1,SE_RESREF,2034,0.0
RE1,SE_RESREF,2035,0.0
RE1,SE_RESREF,2036,0.0
RE1,SE_RESREF,2037,0.0
RE1,SE_RESREF,2038,0.0
RE1,SE_RESREF,2039,0.0
RE1,SE_RESREF,2040,0.0
RE1,SE_RESREF,2041,0.0
RE1,SE_RESREF,2042,0.0
RE1,SE_RESREF,2043,0.0
RE1,SE_RESREF,2044,0.0
RE1,SE_RESREF,2045,0.0
RE1,SE_RESREF,2046,0.0
RE1,SE_RESREF,2047,0.0
RE1,SE_RESREF,2048,0.0
RE1,SE_RESREF,2049,0.0
RE1,SE_RESREF,2050,0.0
RE1,SE_RESREF,2051,0.0
RE1,SE_RESREF,2052,0.0
RE1,SE_RESREF,2053,0.0
RE1,SE_RESREF,2054,0.0
RE1,SE_TERCLIM_CEN,2022,0.0
RE1,SE_TERCLIM_CEN,2023,0.0
RE1,SE_TERCLIM_CEN,2024,0.0
RE1,SE_TERCLIM_CEN,2025,0.0
RE1,SE_TERCLIM_CEN,2026,0.0
RE1,SE_TERCLIM_CEN,2027,0.0
RE1,SE_TERCLIM_CEN,2028,0.0
RE1,SE_TERCLIM_CEN,2029,0.0
RE1,SE_TERCLIM_CEN,2030,0.0
RE1,SE_TERCLIM_CEN,2031,0.0
RE1,SE_TERCLIM_CEN,2032,0.0
RE1,SE_TERCLIM_CEN,2033,0.0
RE1,SE_TERCLIM_CEN,2034,0.0
RE1,SE_TERCLIM_CEN,2035,0.0
RE1,SE_TERCLIM_CEN,2036,0.0
RE1,SE_TERCLIM_CEN,2037,0.0
RE1,SE_TERCLIM_CEN,2038,0.0
RE1,SE_TERCLIM_CEN,2039,0.0
RE1,SE_TERCLIM_CEN,2040,0.0
RE1,SE_TERCLIM_CEN,2041,0.0
RE1,SE_TERCLIM_CEN,2042,0.0
RE1,SE_TERCLIM_CEN,2043,0.0
RE1,SE_TERCLIM_CEN,2044,0.0
RE1,SE_TERCLIM_CEN,2045,0.0
RE1,SE_TERCLIM_CEN,2046,0.0
RE1,SE_TERCLIM_CEN,2047,0.0
RE1,SE_TERCLIM_CEN,2048,0.0
RE1,SE_TERCLIM_CEN,2049,0.0
RE1,SE_TERCLIM_CEN,2050,0.0
RE1,SE_TERCLIM_CEN,2051,0.0
RE1,SE_TERCLIM_CEN,2052,0.0
RE1,SE_TERCLIM_CEN,2053,0.0
RE1,SE_TERCLIM_CEN,2054,0.0
RE1,SE_TERCLIM_FAN,2022,0.0
RE1,SE_TERCLIM_FAN,2023,0.0
RE1,SE_TERCLIM_FAN,2024,0.0
RE1,SE_TERCLIM_FAN,2025,0.0
RE1,SE_TERCLIM_FAN,2026,0.0
RE1,SE_TERCLIM_FAN,2027,0.0
RE1,SE_TERCLIM_FAN,2028,0.0
RE1,SE_TERCLIM_FAN,2029,0.0
RE1,SE_TERCLIM_FAN,2030,0.0
RE1,SE_TERCLIM_FAN,2031,0.0
RE1,SE_TERCLIM_FAN,2032,0.0
RE1,SE_TERCLIM_FAN,2033,0.0
RE1,SE_TERCLIM_FAN,2034,0.0
RE1,SE_TERCLIM_FAN,2035,0.0
RE1,SE_TERCLIM_FAN,2036,0.0
RE1,SE_TERCLIM_FAN,2037,0.0
RE1,SE_TERCLIM_FAN,2038,0.0
RE1,SE_TERCLIM_FAN,2039,0.0
RE1,SE_TERCLIM_FAN,2040,0.0
RE1,SE_TERCLIM_FAN,2041,0.0
RE1,SE_TERCLIM_FAN,2042,0.0
RE1,SE_TERCLIM_FAN,2043,0.0
RE1,SE_TERCLIM_FAN,2044,0.0
RE1,SE_TERCLIM_FAN,2045,0.0
RE1,SE_TERCLIM_FAN,2046,0.0
RE1,SE_TERCLIM_FAN,2047,0.0
RE1,SE_TERCLIM_FAN,2048,0.0
RE1,SE_TERCLIM_FAN,2049,0.0
RE1,SE_TERCLIM_FAN,2050,0.0
RE1,SE_TERCLIM_FAN,2051,0.0
RE1,SE_TERCLIM_FAN,2052,0.0
RE1,SE_TERCLIM_FAN,2053,0.0
RE1,SE_TERCLIM_FAN,2054,0.0
RE1,SE_TERCLIM_SPL,2022,0.0
RE1,SE_TERCLIM_SPL,2023,0.0
RE1,SE_TERCLIM_SPL,2024,0.0
RE1,SE_TERCLIM_SPL,2025,0.0
RE1,SE_TERCLIM_SPL,2026,0.0
RE1,SE_TERCLIM_SPL,2027,0.0
RE1,SE_TERCLIM_SPL,2028,0.0
RE1,SE_TERCLIM_SPL,2029,0.0
RE1,SE_TERCLIM_SPL,2030,0.0
RE1,SE_TERCLIM_SPL,2031,0.0
RE1,SE_TERCLIM_SPL,2032,0.0
RE1,SE_TERCLIM_SPL,2033,0.0
RE1,SE_TERCLIM_SPL,2034,0.0
RE1,SE_TERCLIM_SPL,2035,0.0
RE1,SE_TERCLIM_SPL,2036,0.0
RE1,SE_TERCLIM_SPL,2037,0.0
RE1,SE_TERCLIM_SPL,2038,0.0
RE1,SE_TERCLIM_SPL,2039,0.0
RE1,SE_TERCLIM_SPL,2040,0.0
RE1,SE_TERCLIM_SPL,2041,0.0
RE1,SE_TERCLIM_SPL,2042,0.0
RE1,SE_TERCLIM_SPL,2043,0.0
RE1,SE_TERCLIM_SPL,2044,0.0
RE1,SE_TERCLIM_SPL,2045,0.0
RE1,SE_TERCLIM_SPL,2046,0.0
RE1,SE_TERCLIM_SPL,2047,0.0
RE1,SE_TERCLIM_SPL,2048,0.0
RE1,SE_TERCLIM_SPL,2049,0.0
RE1,SE_TERCLIM_SPL,2050,0.0
RE1,SE_TERCLIM_SPL,2051,0.0
RE1,SE_TERCLIM_SPL,2052,0.0
RE1,SE_TERCLIM_SPL,2053,0.0
RE1,SE_TERCLIM_SPL,2054,0.0
RE1,SE_TERDHT,2022,0.0
RE1,SE_TERDHT,2023,0.0
RE1,SE_TERDHT,2024,0.0
RE1,SE_TERDHT,2025,0.0
RE1,SE_TERDHT,2026,0.0
RE1,SE_TERDHT,2027,0.0
RE1,SE_TERDHT,2028,0.0
RE1,SE_TERDHT,2029,0.0
RE1,SE_TERDHT,2030,0.0
RE1,SE_TERDHT,2031,0.0
RE1,SE_TERDHT,2032,0.0
RE1,SE_TERDHT,2033,0.0
RE1,SE_TERDHT,2034,0.0
RE1,SE_TERDHT,2035,0.0
RE1,SE_TERDHT,2036,0.0
RE1,SE_TERDHT,2037,0.0
RE1,SE_TERDHT,2038,0.0
RE1,SE_TERDHT,2039,0.0
RE1,SE_TERDHT,2040,0.0
RE1,SE_TERDHT,2041,0.0
RE1,SE_TERDHT,2042,0.0
RE1,SE_TERDHT,2043,0.0
RE1,SE_TERDHT,2044,0.0
RE1,SE_TERDHT,2045,0.0
RE1,SE_TERDHT,2046,0.0
RE1,SE_TERDHT,2047,0.0
RE1,SE_TERDHT,2048,0.0
RE1,SE_TERDHT,2049,0.0
RE1,SE_TERDHT,2050,0.0
RE1,SE_TERDHT,2051,0.0
RE1,SE_TERDHT,2052,0.0
RE1,SE_TERDHT,2053,0.0
RE1,SE_TERDHT,2054,0.0
RE1,SE_TEROTH,2022,0.0
RE1,SE_TEROTH,2023,0.0
RE1,SE_TEROTH,2024,0.0
RE1,SE_TEROTH,2025,0.0
RE1,SE_TEROTH,2026,0.0
RE1,SE_TEROTH,2027,0.0
RE1,SE_TEROTH,2028,0.0
RE1,SE_TEROTH,2029,0.0
RE1,SE_TEROTH,2030,0.0
RE1,SE_TEROTH,2031,0.0
RE1,SE_TEROTH,2032,0.0
RE1,SE_TEROTH,2033,0.0
RE1,SE_TEROTH,2034,0.0
RE1,SE_TEROTH,2035,0.0
RE1,SE_TEROTH,2036,0.0
RE1,SE_TEROTH,2037,0.0
RE1,SE_TEROTH,2038,0.0
RE1,SE_TEROTH,2039,0.0
RE1,SE_TEROTH,2040,0.0
RE1,SE_TEROTH,2041,0.0
RE1,SE_TEROTH,2042,0.0
RE1,SE_TEROTH,2043,0.0
RE1,SE_TEROTH,2044,0.0
RE1,SE_TEROTH,2045,0.0
RE1,SE_TEROTH,2046,0.0
RE1,SE_TEROTH,2047,0.0
RE1,SE_TEROTH,2048,0.0
RE1,SE_TEROTH,2049,0.0
RE1,SE_TEROTH,2050,0.0
RE1,SE_TEROTH,2051,0.0
RE1,SE_TEROTH,2052,0.0
RE1,SE_TEROTH,2053,0.0
RE1,SE_TEROTH,2054,0.0
RE1,SE_TERREF_AUC,2022,0.0
RE1,SE_TERREF_AUC,2023,0.0
RE1,SE_TERREF_AUC,2024,0.0
RE1,SE_TERREF_AUC,2025,0.0
RE1,SE_TERREF_AUC,2026,0.0
RE1,SE_TERREF_AUC,2027,0.0
RE1,SE_TERREF_AUC,2028,0.0
RE1,SE_TERREF_AUC,2029,0.0
RE1,SE_TERREF_AUC,2030,0.0
RE1,SE_TERREF_AUC,2031,0.0
RE1,SE_TERREF_AUC,2032,0.0
RE1,SE_TERREF_AUC,2033,0.0
RE1,SE_TERREF_AUC,2034,0.0
RE1,SE_TERREF_AUC,2035,0.0
RE1,SE_TERREF_AUC,2036,0.0
RE1,SE_TERREF_AUC,2037,0.0
RE1,SE_TERREF_AUC,2038,0.0
RE1,SE_TERREF_AUC,2039,0.0
RE1,SE_TERREF_AUC,2040,0.0
RE1,SE_TERREF_AUC,2041,0.0
RE1,SE_TERREF_AUC,2042,0.0
RE1,SE_TERREF_AUC,2043,0.0
RE1,SE_TERREF_AUC,2044,0.0
RE1,SE_TERREF_AUC,2045,0.0
RE1,SE_TERREF_AUC,2046,0.0
RE1,SE_TERREF_AUC,2047,0.0
RE1,SE_TERREF_AUC,2048,0.0
RE1,SE_TERREF_AUC,2049,0.0
RE1,SE_TERREF_AUC,2050,0.0
RE1,SE_TERREF_AUC,2051,0.0
RE1,SE_TERREF_AUC,2052,0.0
RE1,SE_TERREF_AUC,2053,0.0
RE1,SE_TERREF_AUC,2054,0.0
RE1,SE_TERREF_CEN,2022,0.0
RE1,SE_TERREF_CEN,2023,0.0
RE1,SE_TERREF_CEN,2024,0.0
RE1,SE_TERREF_CEN,2025,0.0
RE1,SE_TERREF_CEN,2026,0.0
RE1,SE_TERREF_CEN,2027,0.0
RE1,SE_TERREF_CEN,2028,0.0
RE1,SE_TERREF_CEN,2029,0.0
RE1,SE_TERREF_CEN,2030,0.0
RE1,SE_TERREF_CEN,2031,0.0
RE1,SE_TERREF_CEN,2032,0.0
RE1,SE_TERREF_CEN,2033,0.0
RE1,SE_TERREF_CEN,2034,0.0
RE1,SE_TERREF_CEN,2035,0.0
RE1,SE_TERREF_CEN,2036,0.0
RE1,SE_TERREF_CEN,2037,0.0
RE1,SE_TERREF_CEN,2038,0.0
RE1,SE_TERREF_CEN,2039,0.0
RE1,SE_TERREF_CEN,2040,0.0
RE1,SE_TERREF_CEN,2041,0.0
RE1,SE_TERREF_CEN,2042,0.0
RE1,SE_TERREF_CEN,2043,0.0
RE1,SE_TERREF_CEN,2044,0.0
RE1,SE_TERREF_CEN,2045,0.0
RE1,SE_TERREF_CEN,2046,0.0
RE1,SE_TERREF_CEN,2047,0.0
RE1,SE_TERREF_CEN,2048,0.0
RE1,SE_TERREF_CEN,2049,0.0
RE1,SE_TERREF_CEN,2050,0.0
RE1,SE_TERREF_CEN,2051,0.0
RE1,SE_TERREF_CEN,2052,0.0
RE1,SE_TERREF_CEN,2053,0.0
RE1,SE_TERREF_CEN,2054,0.0
RE1,SE_TRAAVI,2022,0.3648051506913316
RE1,SE_TRAAVI,2023,0.3987625234770029
RE1,SE_TRAAVI,2024,0.411269564507005
RE1,SE_TRAAVI,2025,0.4210238503916575
RE1,SE_TRAAVI,2026,0.4340677168649631
RE1,SE_TRAAVI,2027,0.4471115833382688
RE1,SE_TRAAVI,2028,0.4585906304343168
RE1,SE_TRAAVI,2029,0.4701953054000866
RE1,SE_TRAAVI,2030,0.4819941791644693
RE1,SE_TRAAVI,2031,0.4939871947275239
RE1,SE_TRAAVI,2032,0.5062086660536662
RE1,SE_TRAAVI,2033,0.5186014792021245
RE1,SE_TRAAVI,2034,0.5311884341492547
RE1,SE_TRAAVI,2035,0.5439809878831755
RE1,SE_TRAAVI,2036,0.5569905973920062
RE1,SE_TRAAVI,2037,0.5701715487231527
RE1,SE_TRAAVI,2038,0.5835465848530303
RE1,SE_TRAAVI,2039,0.5971159907813434
RE1,SE_TRAAVI,2040,0.6109247964613951
RE1,SE_TRAAVI,2041,0.6300602466176329
RE1,SE_TRAAVI,2042,0.6438280123402437
RE1,SE_TRAAVI,2043,0.6575963480622634
RE1,SE_TRAAVI,2044,0.6713641137848742
RE1,SE_TRAAVI,2045,0.685131879507485
RE1,SE_TRAAVI,2046,0.6989002152295046
RE1,SE_TRAAVI,2047,0.7126679809521155
RE1,SE_TRAAVI,2048,0.7264357466747262
RE1,SE_TRAAVI,2049,0.740204082396746
RE1,SE_TRAAVI,2050,0.7539718481193568
RE1,SE_TRAAVI,2051,0.7677396138419676
RE1,SE_TRAAVI,2052,0.7815079495639873
RE1,SE_TRAAVI,2053,0.7952757152865981
RE1,SE_TRAAVI,2054,0.8090440510086179
RE1,SE_TRAFWD,2022,0.005471999924766274
RE1,SE_TRAFWD,2023,0.005179561180178434
RE1,SE_TRAFWD,2024,0.004773078279297861
RE1,SE_TRAFWD,2025,0.00503749510850159
RE1,SE_TRAFWD,2026,0.005299385095677269
RE1,SE_TRAFWD,2027,0.005541766218735073
RE1,SE_TRAFWD,2028,0.005774684773484211
RE1,SE_TRAFWD,2029,0.006019259731451162
RE1,SE_TRAFWD,2030,0.006288901343974804
RE1,SE_TRAFWD,2031,0.006551159687769507
RE1,SE_TRAFWD,2032,0.006900220149772352
RE1,SE_TRAFWD,2033,0.00730325923942507
RE1,SE_TRAFWD,2034,0.007652620921525155
RE1,SE_TRAFWD,2035,0.008011001959417343
RE1,SE_TRAFWD,2036,0.0084074427924238
RE1,SE_TRAFWD,2037,0.008820307757981939
RE1,SE_TRAFWD,2038,0.009253636237854483
RE1,SE_TRAFWD,2039,0.00965671206634796
RE1,SE_TRAFWD,2040,0.01004490218313596
RE1,SE_TRAFWD,2041,0.01046039629741273
RE1,SE_TRAFWD,2042,0.01096341764012588
RE1,SE_TRAFWD,2043,0.01147150197125605
RE1,SE_TRAFWD,2044,0.01203005057296807
RE1,SE_TRAFWD,2045,0.01255978995117132
RE1,SE_TRAFWD,2046,0.0130570010686881
RE1,SE_TRAFWD,2047,0.01365475883577764
RE1,SE_TRAFWD,2048,0.01419457715823216
RE1,SE_TRAFWD,2049,0.01476403084798674
RE1,SE_TRAFWD,2050,0.01541784770006746
RE1,SE_TRAFWD,2051,0.01596596055414984
RE1,SE_TRAFWD,2052,0.01640633846590344
RE1,SE_TRAFWD,2053,0.01688095040550789
RE1,SE_TRAFWD,2054,0.01726263154343943
RE1,SE_TRALDV,2022,2.476325187175913
RE1,SE_TRALDV,2023,2.395038758542773
RE1,SE_TRALDV,2024,2.199482377736317
RE1,SE_TRALDV,2025,2.236633519180774
RE1,SE_TRALDV,2026,2.270491738160233
RE1,SE_TRALDV,2027,2.302108953525669
RE1,SE_TRALDV,2028,2.330036748314095
RE1,SE_TRALDV,2029,2.358700739215321
RE1,SE_TRALDV,2030,2.380803462048791
RE1,SE_TRALDV,2031,2.408010853594256
RE1,SE_TRALDV,2032,2.438950942238504
RE1,SE_TRALDV,2033,2.462459443633366
RE1,SE_TRALDV,2034,2.482931162562743
RE1,SE_TRALDV,2035,2.505867446345843
RE1,SE_TRALDV,2036,2.528892591430154
RE1,SE_TRALDV,2037,2.554400168237235
RE1,SE_TRALDV,2038,2.578229787919462
RE1,SE_TRALDV,2039,2.60111715790031
RE1,SE_TRALDV,2040,2.617963076817497
RE1,SE_TRALDV,2041,2.638081925277151
RE1,SE_TRALDV,2042,2.651829934701018
RE1,SE_TRALDV,2043,2.667506372778915
RE1,SE_TRALDV,2044,2.664701204517468
RE1,SE_TRALDV,2045,2.657157279698384
RE1,SE_TRALDV,2046,2.634666634968224
RE1,SE_TRALDV,2047,2.615492362423093
RE1,SE_TRALDV,2048,2.575846781692737
RE1,SE_TRALDV,2049,2.526629488868844
RE1,SE_TRALDV,2050,2.46487850228597
RE1,SE_TRALDV,2051,2.392600832174022
RE1,SE_TRALDV,2052,2.31493073214075
RE1,SE_TRALDV,2053,2.201636165635923
RE1,SE_TRALDV,2054,2.088850737203854
RE1,SE_TRAMIC,2022,0.0008909997695150957
RE1,SE_TRAMIC,2023,0.001017690711468698
RE1,SE_TRAMIC,2024,0.0010243299685689
RE1,SE_TRAMIC,2025,0.001023529971453483
RE1,SE_TRAMIC,2026,0.001023124619563047
RE1,SE_TRAMIC,2027,0.001022490745525925
RE1,SE_TRAMIC,2028,0.00102165596233414
RE1,SE_TRAMIC,2029,0.00102066018532442
RE1,SE_TRAMIC,2030,0.001019602484790995
RE1,SE_TRAMIC,2031,0.001018491579676105
RE1,SE_TRAMIC,2032,0.001017565691337822
RE1,SE_TRAMIC,2033,0.001016885349346183
RE1,SE_TRAMIC,2034,0.001016261270780299
RE1,SE_TRAMIC,2035,0.001016756442833481
RE1,SE_TRAMIC,2036,0.001018629354087114
RE1,SE_TRAMIC,2037,0.001023329524861382
RE1,SE_TRAMIC,2038,0.001031758104534044
RE1,SE_TRAMIC,2039,0.001046001645444171
RE1,SE_TRAMIC,2040,0.001066811611434126
RE1,SE_TRAMIC,2041,0.001099847327466066
RE1,SE_TRAMIC,2042,0.0011403973238713
RE1,SE_TRAMIC,2043,0.001196147203832887
RE1,SE_TRAMIC,2044,0.00125351777169616
RE1,SE_TRAMIC,2045,0.001319177404711566
RE1,SE_TRAMIC,2046,0.001378275244966127
RE1,SE_TRAMIC,2047,0.001456309439116058
RE1,SE_TRAMIC,2048,0.001521475822026946
RE1,SE_TRAMIC,2049,0.001582921512551911
RE1,SE_TRAMIC,2050,0.001639628372921184
RE1,SE_TRAMIC,2051,0.001694459903985009
RE1,SE_TRAMIC,2052,0.001750288358540413
RE1,SE_TRAMIC,2053,0.001760046110589445
RE1,SE_TRAMIC,2054,0.001768250939701716
RE1,SE_TRAMTC,2022,0.07902899902034229
RE1,SE_TRAMTC,2023,0.07527615516065263
RE1,SE_TRAMTC,2024,0.06979228966208448
RE1,SE_TRAMTC,2025,0.07228434247008446
RE1,SE_TRAMTC,2026,0.07471696801300295
RE1,SE_TRAMTC,2027,0.0771823875713517
RE1,SE_TRAMTC,2028,0.07950912906346347
RE1,SE_TRAMTC,2029,0.08199125814985271
RE1,SE_TRAMTC,2030,0.08390467504441661
RE1,SE_TRAMTC,2031,0.08615875554751637
RE1,SE_TRAMTC,2032,0.08842935386422468
RE1,SE_TRAMTC,2033,0.08936366198934852
RE1,SE_TRAMTC,2034,0.08918228763088339
RE1,SE_TRAMTC,2035,0.08810209396959341
RE1,SE_TRAMTC,2036,0.0858047688429771
RE1,SE_TRAMTC,2037,0.08174816943514739
RE1,SE_TRAMTC,2038,0.07656036219899741
RE1,SE_TRAMTC,2039,0.0706897062774481
RE1,SE_TRAMTC,2040,0.06418989322957339
RE1,SE_TRAMTC,2041,0.05782332700606883
RE1,SE_TRAMTC,2042,0.05116132299348704
RE1,SE_TRAMTC,2043,0.05007879600018304
RE1,SE_TRAMTC,2044,0.04902510852448189
RE1,SE_TRAMTC,2045,0.04783600769212633
RE1,SE_TRAMTC,2046,0.0468732969164174
RE1,SE_TRAMTC,2047,0.04590713377190146
RE1,SE_TRAMTC,2048,0.04472795645298426
RE1,SE_TRAMTC,2049,0.04384256285408776
RE1,SE_TRAMTC,2050,0.042600963119065
RE1,SE_TRAMTC,2051,0.04085693295647151
RE1,SE_TRAMTC,2052,0.03926126309353571
RE1,SE_TRAMTC,2053,0.03684585325683405
RE1,SE_TRAMTC,2054,0.03445707381381923
RE1,SE_TRARVT,2022,0.3479356938069474
RE1,SE_TRARVT,2023,0.3509829693314563
RE1,SE_TRARVT,2024,0.352531822642457
RE1,SE_TRARVT,2025,0.3508014761176795
RE1,SE_TRARVT,2026,0.3538420872642903
RE1,SE_TRARVT,2027,0.3584686895272903
RE1,SE_TRARVT,2028,0.3621012638698133
RE1,SE_TRARVT,2029,0.3654682117303021
RE1,SE_TRARVT,2030,0.3662863330914738
RE1,SE_TRARVT,2031,0.368729237152482
RE1,SE_TRARVT,2032,0.3709513712034826
RE1,SE_TRARVT,2033,0.3729162707015188
RE1,SE_TRARVT,2034,0.3746439730550493
RE1,SE_TRARVT,2035,0.3761575750783278
RE1,SE_TRARVT,2036,0.3798142940952498
RE1,SE_TRARVT,2037,0.380741133457181
RE1,SE_TRARVT,2038,0.3840572445428013
RE1,SE_TRARVT,2039,0.3844530570996452
RE1,SE_TRARVT,2040,0.3845254847539572
RE1,SE_TRARVT,2041,0.3871944187662013
RE1,SE_TRARVT,2042,0.3896837221648691
RE1,SE_TRARVT,2043,0.2177667884700276
RE1,SE_TRARVT,2044,0.221063709432592
RE1,SE_TRARVT,2045,0.2243653489386993
RE1,SE_TRARVT,2046,0.2310670931843666
RE1,SE_TRARVT,2047,0.2344715565441155
RE1,SE_TRARVT,2048,0.2378753226614265
RE1,SE_TRARVT,2049,0.244987233808619
RE1,SE_TRARVT,2050,0.2484911751243433
RE1,SE_TRARVT,2051,0.2484911751243433
RE1,SE_TRARVT,2052,0.2484911751243433
RE1,SE_TRARVT,2053,0.2484911751243433
RE1,SE_TRARVT,2054,0.2484911751243433
RE1,SE_TRATAX,2022,0.005331999961601229
RE1,SE_TRATAX,2023,0.005221316011239556
RE1,SE_TRATAX,2024,0.004734429637343393
RE1,SE_TRATAX,2025,0.00477667267933518
RE1,SE_TRATAX,2026,0.004811987826045084
RE1,SE_TRATAX,2027,0.004841703729686039
RE1,SE_TRATAX,2028,0.004865567642872077
RE1,SE_TRATAX,2029,0.004887971193104762
RE1,SE_TRATAX,2030,0.004901891079441674
RE1,SE_TRATAX,2031,0.004918795832686503
RE1,SE_TRATAX,2032,0.004936544553674067
RE1,SE_TRATAX,2033,0.004945862425059488
RE1,SE_TRATAX,2034,0.004952125095107935
RE1,SE_TRATAX,2035,0.004957060416671096
RE1,SE_TRATAX,2036,0.004959634059189603
RE1,SE_TRATAX,2037,0.004960341965836468
RE1,SE_TRATAX,2038,0.004958045387660991
RE1,SE_TRATAX,2039,0.004953149115079639
RE1,SE_TRATAX,2040,0.004946915032441756
RE1,SE_TRATAX,2041,0.004940126260025384
RE1,SE_TRATAX,2042,0.004932200125552156
RE1,SE_TRATAX,2043,0.004923185913155498
RE1,SE_TRATAX,2044,0.004913329064002012
RE1,SE_TRATAX,2045,0.004902008136531826
RE1,SE_TRATAX,2046,0.00489131205084024
RE1,SE_TRATAX,2047,0.004879292430370434
RE1,SE_TRATAX,2048,0.004866622712736679
RE1,SE_TRATAX,2049,0.004853897575114367
RE1,SE_TRATAX,2050,0.004840678139974114
RE1,SE_TRATAX,2051,0.004826905377056988
RE1,SE_TRATAX,2052,0.004813073180431121
RE1,SE_TRATAX,2053,0.004798902963227542
RE1,SE_TRATAX,2054,0.004784402795299767
RE1,SE_TRATCK,2022,0.004106000041805394
RE1,SE_TRATCK,2023,0.00397253962701153
RE1,SE_TRATCK,2024,0.003705733264931061
RE1,SE_TRATCK,2025,0.003788813258497458
RE1,SE_TRATCK,2026,0.003875773057926796
RE1,SE_TRATCK,2027,0.003960127260482306
RE1,SE_TRATCK,2028,0.004043748775529737
RE1,SE_TRATCK,2029,0.004126078230704702
RE1,SE_TRATCK,2030,0.004212454989463869
RE1,SE_TRATCK,2031,0.004291821501654415
RE1,SE_TRATCK,2032,0.004394301474959711
RE1,SE_TRATCK,2033,0.004509033066970523
RE1,SE_TRATCK,2034,0.004603196507666538
RE1,SE_TRATCK,2035,0.004697733422847059
RE1,SE_TRATCK,2036,0.00479956120470031
RE1,SE_TRATCK,2037,0.004903014364550472
RE1,SE_TRATCK,2038,0.005009410403322597
RE1,SE_TRATCK,2039,0.005105513012518072
RE1,SE_TRATCK,2040,0.005191223936231532
RE1,SE_TRATCK,2041,0.005279126397506321
RE1,SE_TRATCK,2042,0.005383553147429172
RE1,SE_TRATCK,2043,0.005485197362438085
RE1,SE_TRATCK,2044,0.005584242259910773
RE1,SE_TRATCK,2045,0.005673043508951233
RE1,SE_TRATCK,2046,0.005741539224977311
RE1,SE_TRATCK,2047,0.005834103910993506
RE1,SE_TRATCK,2048,0.005901647847648042
RE1,SE_TRATCK,2049,0.00596972612952182
RE1,SE_TRATCK,2050,0.006053518707001742
RE1,SE_TRATCK,2051,0.006112667413322287
RE1,SE_TRATCK,2052,0.006148152613953211
RE1,SE_TRATCK,2053,0.006171162632086467
RE1,SE_TRATCK,2054,0.006174952690361512
RE1,SO_AGFELC,2022,0.0
RE1,SO_AGFELC,2023,0.0
RE1,SO_AGFELC,2024,0.0
RE1,SO_AGFELC,2025,0.0
RE1,SO_AGFELC,2026,0.0
RE1,SO_AGFELC,2027,0.0
RE1,SO_AGFELC,2028,0.0
RE1,SO_AGFELC,2029,0.0
RE1,SO_AGFELC,2030,0.0
RE1,SO_AGFELC,2031,0.0
RE1,SO_AGFELC,2032,0.0
RE1,SO_AGFELC,2033,0.0
RE1,SO_AGFELC,2034,0.0
RE1,SO_AGFELC,2035,0.0
RE1,SO_AGFELC,2036,0.0
RE1,SO_AGFELC,2037,0.0
RE1,SO_AGFELC,2038,0.0
RE1,SO_AGFELC,2039,0.0
RE1,SO_AGFELC,2040,0.0
RE1,SO_AGFELC,2041,0.0
RE1,SO_AGFELC,2042,0.0
RE1,SO_AGFELC,2043,0.0
RE1,SO_AGFELC,2044,0.0
RE1,SO_AGFELC,2045,0.0
RE1,SO_AGFELC,2046,0.0
RE1,SO_AGFELC,2047,0.0
RE1,SO_AGFELC,2048,0.0
RE1,SO_AGFELC,2049,0.0
RE1,SO_AGFELC,2050,0.0
RE1,SO_AGFELC,2051,0.0
RE1,SO_AGFELC,2052,0.0
RE1,SO_AGFELC,2053,0.0
RE1,SO_AGFELC,2054,0.0
RE1,SO_AGFHEA,2022,13.68133830705526
RE1,SO_AGFHEA,2023,14.06400259442822
RE1,SO_AGFHEA,2024,15.09008264051651
RE1,SO_AGFHEA,2025,15.6485197057869
RE1,SO_AGFHEA,2026,16.07786352289613
RE1,SO_AGFHEA,2027,16.5391122018565
RE1,SO_AGFHEA,2028,17.01985322417475
RE1,SO_AGFHEA,2029,17.51622750599056
RE1,SO_AGFHEA,2030,18.0248483547622
RE1,SO_AGFHEA,2031,18.54583375112647
RE1,SO_AGFHEA,2032,19.08369096847323
RE1,SO_AGFHEA,2033,19.63924697567767
RE1,SO_AGFHEA,2034,20.21092467649541
RE1,SO_AGFHEA,2035,20.83088259547801
RE1,SO_AGFHEA,2036,21.46946569406962
RE1,SO_AGFHEA,2037,22.15311212435805
RE1,SO_AGFHEA,2038,22.85745170099258
RE1,SO_AGFHEA,2039,23.58312935123882
RE1,SO_AGFHEA,2040,24.33079026149077
RE1,SO_AGFHEA,2041,25.10110742078117
RE1,SO_AGFHEA,2042,25.97294784281437
RE1,SO_AGFHEA,2043,26.87171839586406
RE1,SO_AGFHEA,2044,27.79823253172101
RE1,SO_AGFHEA,2045,28.75332938947277
RE1,SO_AGFHEA,2046,29.73787463850578
RE1,SO_AGFHEA,2047,30.75277979156763
RE1,SO_AGFHEA,2048,31.85250121206267
RE1,SO_AGFHEA,2049,33.06738248868913
RE1,SO_AGFHEA,2050,34.32116372752683
RE1,SO_AGFHEA,2051,35.61500542388163
RE1,SO_AGFHEA,2052,36.95009847455079
RE1,SO_AGFHEA,2053,38.32764659743243
RE1,SO_AGFHEA,2054,39.76027565332567
RE1,SO_INDCLIM,2022,0.0
RE1,SO_INDCLIM,2023,0.0
RE1,SO_INDCLIM,2024,0.0
RE1,SO_INDCLIM,2025,0.0
RE1,SO_INDCLIM,2026,0.0
RE1,SO_INDCLIM,2027,0.0
RE1,SO_INDCLIM,2028,0.0
RE1,SO_INDCLIM,2029,0.0
RE1,SO_INDCLIM,2030,0.0
RE1,SO_INDCLIM,2031,0.0
RE1,SO_INDCLIM,2032,0.0
RE1,SO_INDCLIM,2033,0.0
RE1,SO_INDCLIM,2034,0.0
RE1,SO_INDCLIM,2035,0.0
RE1,SO_INDCLIM,2036,0.0
RE1,SO_INDCLIM,2037,0.0
RE1,SO_INDCLIM,2038,0.0
RE1,SO_INDCLIM,2039,0.0
RE1,SO_INDCLIM,2040,0.0
RE1,SO_INDCLIM,2041,0.0
RE1,SO_INDCLIM,2042,0.0
RE1,SO_INDCLIM,2043,0.0
RE1,SO_INDCLIM,2044,0.0
RE1,SO_INDCLIM,2045,0.0
RE1,SO_INDCLIM,2046,0.0
RE1,SO_INDCLIM,2047,0.0
RE1,SO_INDCLIM,2048,0.0
RE1,SO_INDCLIM,2049,0.0
RE1,SO_INDCLIM,2050,0.0
RE1,SO_INDCLIM,2051,0.0
RE1,SO_INDCLIM,2052,0.0
RE1,SO_INDCLIM,2053,0.0
RE1,SO_INDCLIM,2054,0.0
RE1,SO_INDDHT,2022,0.0
RE1,SO_INDDHT,2023,0.0
RE1,SO_INDDHT,2024,0.0
RE1,SO_INDDHT,2025,0.0
RE1,SO_INDDHT,2026,0.0
RE1,SO_INDDHT,2027,0.0
RE1,SO_INDDHT,2028,0.0
RE1,SO_INDDHT,2029,0.0
RE1,SO_INDDHT,2030,0.0
RE1,SO_INDDHT,2031,0.0
RE1,SO_INDDHT,2032,0.0
RE1,SO_INDDHT,2033,0.0
RE1,SO_INDDHT,2034,0.0
RE1,SO_INDDHT,2035,0.0
RE1,SO_INDDHT,2036,0.0
RE1,SO_INDDHT,2037,0.0
RE1,SO_INDDHT,2038,0.0
RE1,SO_INDDHT,2039,0.0
RE1,SO_INDDHT,2040,0.0
RE1,SO_INDDHT,2041,0.0
RE1,SO_INDDHT,2042,0.0
RE1,SO_INDDHT,2043,0.0
RE1,SO_INDDHT,2044,0.0
RE1,SO_INDDHT,2045,0.0
RE1,SO_INDDHT,2046,0.0
RE1,SO_INDDHT,2047,0.0
RE1,SO_INDDHT,2048,0.0
RE1,SO_INDDHT,2049,0.0
RE1,SO_INDDHT,2050,0.0
RE1,SO_INDDHT,2051,0.0
RE1,SO_INDDHT,2052,0.0
RE1,SO_INDDHT,2053,0.0
RE1,SO_INDDHT,2054,0.0
RE1,SO_INDIHT,2022,0.0
RE1,SO_INDIHT,2023,0.0
RE1,SO_INDIHT,2024,0.0
RE1,SO_INDIHT,2025,0.0
RE1,SO_INDIHT,2026,0.0
RE1,SO_INDIHT,2027,0.0
RE1,SO_INDIHT,2028,0.0
RE1,SO_INDIHT,2029,0.0
RE1,SO_INDIHT,2030,0.0
RE1,SO_INDIHT,2031,0.0
RE1,SO_INDIHT,2032,0.0
RE1,SO_INDIHT,2033,0.0
RE1,SO_INDIHT,2034,0.0
RE1,SO_INDIHT,2035,0.0
RE1,SO_INDIHT,2036,0.0
RE1,SO_INDIHT,2037,0.0
RE1,SO_INDIHT,2038,0.0
RE1,SO_INDIHT,2039,0.0
RE1,SO_INDIHT,2040,0.0
RE1,SO_INDIHT,2041,0.0
RE1,SO_INDIHT,2042,0.0
RE1,SO_INDIHT,2043,0.0
RE1,SO_INDIHT,2044,0.0
RE1,SO_INDIHT,2045,0.0
RE1,SO_INDIHT,2046,0.0
RE1,SO_INDIHT,2047,0.0
RE1,SO_INDIHT,2048,0.0
RE1,SO_INDIHT,2049,0.0
RE1,SO_INDIHT,2050,0.0
RE1,SO_INDIHT,2051,0.0
RE1,SO_INDIHT,2052,0.0
RE1,SO_INDIHT,2053,0.0
RE1,SO_INDIHT,2054,0.0
RE1,SO_INDILU,2022,0.0
RE1,SO_INDILU,2023,0.0
RE1,SO_INDILU,2024,0.0
RE1,SO_INDILU,2025,0.0
RE1,SO_INDILU,2026,0.0
RE1,SO_INDILU,2027,0.0
RE1,SO_INDILU,2028,0.0
RE1,SO_INDILU,2029,0.0
RE1,SO_INDILU,2030,0.0
RE1,SO_INDILU,2031,0.0
RE1,SO_INDILU,2032,0.0
RE1,SO_INDILU,2033,0.0
RE1,SO_INDILU,2034,0.0
RE1,SO_INDILU,2035,0.0
RE1,SO_INDILU,2036,0.0
RE1,SO_INDILU,2037,0.0
RE1,SO_INDILU,2038,0.0
RE1,SO_INDILU,2039,0.0
RE1,SO_INDILU,2040,0.0
RE1,SO_INDILU,2041,0.0
RE1,SO_INDILU,2042,0.0
RE1,SO_INDILU,2043,0.0
RE1,SO_INDILU,2044,0.0
RE1,SO_INDILU,2045,0.0
RE1,SO_INDILU,2046,0.0
RE1,SO_INDILU,2047,0.0
RE1,SO_INDILU,2048,0.0
RE1,SO_INDILU,2049,0.0
RE1,SO_INDILU,2050,0.0
RE1,SO_INDILU,2051,0.0
RE1,SO_INDILU,2052,0.0
RE1,SO_INDILU,2053,0.0
RE1,SO_INDILU,2054,0.0
RE1,SO_INDMPW,2022,0.0
RE1,SO_INDMPW,2023,0.0
RE1,SO_INDMPW,2024,0.0
RE1,SO_INDMPW,2025,0.0
RE1,SO_INDMPW,2026,0.0
RE1,SO_INDMPW,2027,0.0
RE1,SO_INDMPW,2028,0.0
RE1,SO_INDMPW,2029,0.0
RE1,SO_INDMPW,2030,0.0
RE1,SO_INDMPW,2031,0.0
RE1,SO_INDMPW,2032,0.0
RE1,SO_INDMPW,2033,0.0
RE1,SO_INDMPW,2034,0.0
RE1,SO_INDMPW,2035,0.0
RE1,SO_INDMPW,2036,0.0
RE1,SO_INDMPW,2037,0.0
RE1,SO_INDMPW,2038,0.0
RE1,SO_INDMPW,2039,0.0
RE1,SO_INDMPW,2040,0.0
RE1,SO_INDMPW,2041,0.0
RE1,SO_INDMPW,2042,0.0
RE1,SO_INDMPW,2043,0.0
RE1,SO_INDMPW,2044,0.0
RE1,SO_INDMPW,2045,0.0
RE1,SO_INDMPW,2046,0.0
RE1,SO_INDMPW,2047,0.0
RE1,SO_INDMPW,2048,0.0
RE1,SO_INDMPW,2049,0.0
RE1,SO_INDMPW,2050,0.0
RE1,SO_INDMPW,2051,0.0
RE1,SO_INDMPW,2052,0.0
RE1,SO_INDMPW,2053,0.0
RE1,SO_INDMPW,2054,0.0
RE1,SO_INDOTH_COA,2022,0.02173553354763217
RE1,SO_INDOTH_COA,2023,0.0234976733755793
RE1,SO_INDOTH_COA,2024,0.0233143311506401
RE1,SO_INDOTH_COA,2025,0.02342018700544217
RE1,SO_INDOTH_COA,2026,0.02390358152176219
RE1,SO_INDOTH_COA,2027,0.02426307304319815
RE1,SO_INDOTH_COA,2028,0.02474322405602733
RE1,SO_INDOTH_COA,2029,0.02526999315179705
RE1,SO_INDOTH_COA,2030,0.02562446205731003
RE1,SO_INDOTH_COA,2031,0.02589650788295513
RE1,SO_INDOTH_COA,2032,0.02626266741300476
RE1,SO_INDOTH_COA,2033,0.02665525951755529
RE1,SO_INDOTH_COA,2034,0.02745788903346246
RE1,SO_INDOTH_COA,2035,0.0284519480571921
RE1,SO_INDOTH_COA,2036,0.02949610694909808
RE1,SO_INDOTH_COA,2037,0.03059009567261487
RE1,SO_INDOTH_COA,2038,0.03172664477463485
RE1,SO_INDOTH_COA,2039,0.03290807339167514
RE1,SO_INDOTH_COA,2040,0.03413634710252507
RE1,SO_INDOTH_COA,2041,0.0354135048945979
RE1,SO_INDOTH_COA,2042,0.03677795528057483
RE1,SO_INDOTH_COA,2043,0.03819699981571753
RE1,SO_INDOTH_COA,2044,0.03966960684952463
RE1,SO_INDOTH_COA,2045,0.04119974378204214
RE1,SO_INDOTH_COA,2046,0.0427939340107627
RE1,SO_INDOTH_COA,2047,0.04446188876395957
RE1,SO_INDOTH_COA,2048,0.04619381635528708
RE1,SO_INDOTH_COA,2049,0.04799160446566948
RE1,SO_INDOTH_COA,2050,0.04985973321680907
RE1,SO_INDOTH_COA,2051,0.05180432932098053
RE1,SO_INDOTH_COA,2052,0.05382892274421384
RE1,SO_INDOTH_COA,2053,0.05593560337498015
RE1,SO_INDOTH_COA,2054,0.0581150355947324
RE1,SO_INDOTH_ELC,2022,0.0
RE1,SO_INDOTH_ELC,2023,0.0
RE1,SO_INDOTH_ELC,2024,0.0
RE1,SO_INDOTH_ELC,2025,0.0
RE1,SO_INDOTH_ELC,2026,0.0
RE1,SO_INDOTH_ELC,2027,0.0
RE1,SO_INDOTH_ELC,2028,0.0
RE1,SO_INDOTH_ELC,2029,0.0
RE1,SO_INDOTH_ELC,2030,0.0
RE1,SO_INDOTH_ELC,2031,0.0
RE1,SO_INDOTH_ELC,2032,0.0
RE1,SO_INDOTH_ELC,2033,0.0
RE1,SO_INDOTH_ELC,2034,0.0
RE1,SO_INDOTH_ELC,2035,0.0
RE1,SO_INDOTH_ELC,2036,0.0
RE1,SO_INDOTH_ELC,2037,0.0
RE1,SO_INDOTH_ELC,2038,0.0
RE1,SO_INDOTH_ELC,2039,0.0
RE1,SO_INDOTH_ELC,2040,0.0
RE1,SO_INDOTH_ELC,2041,0.0
RE1,SO_INDOTH_ELC,2042,0.0
RE1,SO_INDOTH_ELC,2043,0.0
RE1,SO_INDOTH_ELC,2044,0.0
RE1,SO_INDOTH_ELC,2045,0.0
RE1,SO_INDOTH_ELC,2046,0.0
RE1,SO_INDOTH_ELC,2047,0.0
RE1,SO_INDOTH_ELC,2048,0.0
RE1,SO_INDOTH_ELC,2049,0.0
RE1,SO_INDOTH_ELC,2050,0.0
RE1,SO_INDOTH_ELC,2051,0.0
RE1,SO_INDOTH_ELC,2052,0.0
RE1,SO_INDOTH_ELC,2053,0.0
RE1,SO_INDOTH_ELC,2054,0.0
RE1,SO_INDREF,2022,0.0
RE1,SO_INDREF,2023,0.0
RE1,SO_INDREF,2024,0.0
RE1,SO_INDREF,2025,0.0
RE1,SO_INDREF,2026,0.0
RE1,SO_INDREF,2027,0.0
RE1,SO_INDREF,2028,0.0
RE1,SO_INDREF,2029,0.0
RE1,SO_INDREF,2030,0.0
RE1,SO_INDREF,2031,0.0
RE1,SO_INDREF,2032,0.0
RE1,SO_INDREF,2033,0.0
RE1,SO_INDREF,2034,0.0
RE1,SO_INDREF,2035,0.0
RE1,SO_INDREF,2036,0.0
RE1,SO_INDREF,2037,0.0
RE1,SO_INDREF,2038,0.0
RE1,SO_INDREF,2039,0.0
RE1,SO_INDREF,2040,0.0
RE1,SO_INDREF,2041,0.0
RE1,SO_INDREF,2042,0.0
RE1,SO_INDREF,2043,0.0
RE1,SO_INDREF,2044,0.0
RE1,SO_INDREF,2045,0.0
RE1,SO_INDREF,2046,0.0
RE1,SO_INDREF,2047,0.0
RE1,SO_INDREF,2048,0.0
RE1,SO_INDREF,2049,0.0
RE1,SO_INDREF,2050,0.0
RE1,SO_INDREF,2051,0.0
RE1,SO_INDREF,2052,0.0
RE1,SO_INDREF,2053,0.0
RE1,SO_INDREF,2054,0.0
RE1,SO_RESCLIM_RUR,2022,0.0
RE1,SO_RESCLIM_RUR,2023,0.0
RE1,SO_RESCLIM_RUR,2024,0.0
RE1,SO_RESCLIM_RUR,2025,0.0
RE1,SO_RESCLIM_RUR,2026,0.0
RE1,SO_RESCLIM_RUR,2027,0.0
RE1,SO_RESCLIM_RUR,2028,0.0
RE1,SO_RESCLIM_RUR,2029,0.0
RE1,SO_RESCLIM_RUR,2030,0.0
RE1,SO_RESCLIM_RUR,2031,0.0
RE1,SO_RESCLIM_RUR,2032,0.0
RE1,SO_RESCLIM_RUR,2033,0.0
RE1,SO_RESCLIM_RUR,2034,0.0
RE1,SO_RESCLIM_RUR,2035,0.0
RE1,SO_RESCLIM_RUR,2036,0.0
RE1,SO_RESCLIM_RUR,2037,0.0
RE1,SO_RESCLIM_RUR,2038,0.0
RE1,SO_RESCLIM_RUR,2039,0.0
RE1,SO_RESCLIM_RUR,2040,0.0
RE1,SO_RESCLIM_RUR,2041,0.0
RE1,SO_RESCLIM_RUR,2042,0.0
RE1,SO_RESCLIM_RUR,2043,0.0
RE1,SO_RESCLIM_RUR,2044,0.0
RE1,SO_RESCLIM_RUR,2045,0.0
RE1,SO_RESCLIM_RUR,2046,0.0
RE1,SO_RESCLIM_RUR,2047,0.0
RE1,SO_RESCLIM_RUR,2048,0.0
RE1,SO_RESCLIM_RUR,2049,0.0
RE1,SO_RESCLIM_RUR,2050,0.0
RE1,SO_RESCLIM_RUR,2051,0.0
RE1,SO_RESCLIM_RUR,2052,0.0
RE1,SO_RESCLIM_RUR,2053,0.0
RE1,SO_RESCLIM_RUR,2054,0.0
RE1,SO_RESCLIM_URB,2022,0.0
RE1,SO_RESCLIM_URB,2023,0.0
RE1,SO_RESCLIM_URB,2024,0.0
RE1,SO_RESCLIM_URB,2025,0.0
RE1,SO_RESCLIM_URB,2026,0.0
RE1,SO_RESCLIM_URB,2027,0.0
RE1,SO_RESCLIM_URB,2028,0.0
RE1,SO_RESCLIM_URB,2029,0.0
RE1,SO_RESCLIM_URB,2030,0.0
RE1,SO_RESCLIM_URB,2031,0.0
RE1,SO_RESCLIM_URB,2032,0.0
RE1,SO_RESCLIM_URB,2033,0.0
RE1,SO_RESCLIM_URB,2034,0.0
RE1,SO_RESCLIM_URB,2035,0.0
RE1,SO_RESCLIM_URB,2036,0.0
RE1,SO_RESCLIM_URB,2037,0.0
RE1,SO_RESCLIM_URB,2038,0.0
RE1,SO_RESCLIM_URB,2039,0.0
RE1,SO_RESCLIM_URB,2040,0.0
RE1,SO_RESCLIM_URB,2041,0.0
RE1,SO_RESCLIM_URB,2042,0.0
RE1,SO_RESCLIM_URB,2043,0.0
RE1,SO_RESCLIM_URB,2044,0.0
RE1,SO_RESCLIM_URB,2045,0.0
RE1,SO_RESCLIM_URB,2046,0.0
RE1,SO_RESCLIM_URB,2047,0.0
RE1,SO_RESCLIM_URB,2048,0.0
RE1,SO_RESCLIM_URB,2049,0.0
RE1,SO_RESCLIM_URB,2050,0.0
RE1,SO_RESCLIM_URB,2051,0.0
RE1,SO_RESCLIM_URB,2052,0.0
RE1,SO_RESCLIM_URB,2053,0.0
RE1,SO_RESCLIM_URB,2054,0.0
RE1,SO_RESDHT_RUR,2022,0.0
RE1,SO_RESDHT_RUR,2023,0.0
RE1,SO_RESDHT_RUR,2024,0.0
RE1,SO_RESDHT_RUR,2025,0.0
RE1,SO_RESDHT_RUR,2026,0.0
RE1,SO_RESDHT_RUR,2027,0.0
RE1,SO_RESDHT_RUR,2028,0.0
RE1,SO_RESDHT_RUR,2029,0.0
RE1,SO_RESDHT_RUR,2030,0.0
RE1,SO_RESDHT_RUR,2031,0.0
RE1,SO_RESDHT_RUR,2032,0.0
RE1,SO_RESDHT_RUR,2033,0.0
RE1,SO_RESDHT_RUR,2034,0.0
RE1,SO_RESDHT_RUR,2035,0.0
RE1,SO_RESDHT_RUR,2036,0.0
RE1,SO_RESDHT_RUR,2037,0.0
RE1,SO_RESDHT_RUR,2038,0.0
RE1,SO_RESDHT_RUR,2039,0.0
RE1,SO_RESDHT_RUR,2040,0.0
RE1,SO_RESDHT_RUR,2041,0.0
RE1,SO_RESDHT_RUR,2042,0.0
RE1,SO_RESDHT_RUR,2043,0.0
RE1,SO_RESDHT_RUR,2044,0.0
RE1,SO_RESDHT_RUR,2045,0.0
RE1,SO_RESDHT_RUR,2046,0.0
RE1,SO_RESDHT_RUR,2047,0.0
RE1,SO_RESDHT_RUR,2048,0.0
RE1,SO_RESDHT_RUR,2049,0.0
RE1,SO_RESDHT_RUR,2050,0.0
RE1,SO_RESDHT_RUR,2051,0.0
RE1,SO_RESDHT_RUR,2052,0.0
RE1,SO_RESDHT_RUR,2053,0.0
RE1,SO_RESDHT_RUR,2054,0.0
RE1,SO_RESDHT_URB,2022,0.0
RE1,SO_RESDHT_URB,2023,0.0
RE1,SO_RESDHT_URB,2024,0.0
RE1,SO_RESDHT_URB,2025,0.0
RE1,SO_RESDHT_URB,2026,0.0
RE1,SO_RESDHT_URB,2027,0.0
RE1,SO_RESDHT_URB,2028,0.0
RE1,SO_RESDHT_URB,2029,0.0
RE1,SO_RESDHT_URB,2030,0.0
RE1,SO_RESDHT_URB,2031,0.0
RE1,SO_RESDHT_URB,2032,0.0
RE1,SO_RESDHT_URB,2033,0.0
RE1,SO_RESDHT_URB,2034,0.0
RE1,SO_RESDHT_URB,2035,0.0
RE1,SO_RESDHT_URB,2036,0.0
RE1,SO_RESDHT_URB,2037,0.0
RE1,SO_RESDHT_URB,2038,0.0
RE1,SO_RESDHT_URB,2039,0.0
RE1,SO_RESDHT_URB,2040,0.0
RE1,SO_RESDHT_URB,2041,0.0
RE1,SO_RESDHT_URB,2042,0.0
RE1,SO_RESDHT_URB,2043,0.0
RE1,SO_RESDHT_URB,2044,0.0
RE1,SO_RESDHT_URB,2045,0.0
RE1,SO_RESDHT_URB,2046,0.0
RE1,SO_RESDHT_URB,2047,0.0
RE1,SO_RESDHT_URB,2048,0.0
RE1,SO_RESDHT_URB,2049,0.0
RE1,SO_RESDHT_URB,2050,0.0
RE1,SO_RESDHT_URB,2051,0.0
RE1,SO_RESDHT_URB,2052,0.0
RE1,SO_RESDHT_URB,2053,0.0
RE1,SO_RESDHT_URB,2054,0.0
RE1,SO_RESILU_RUR,2022,0.0
RE1,SO_RESILU_RUR,2023,0.0
RE1,SO_RESILU_RUR,2024,0.0
RE1,SO_RESILU_RUR,2025,0.0
RE1,SO_RESILU_RUR,2026,0.0
RE1,SO_RESILU_RUR,2027,0.0
RE1,SO_RESILU_RUR,2028,0.0
RE1,SO_RESILU_RUR,2029,0.0
RE1,SO_RESILU_RUR,2030,0.0
RE1,SO_RESILU_RUR,2031,0.0
RE1,SO_RESILU_RUR,2032,0.0
RE1,SO_RESILU_RUR,2033,0.0
RE1,SO_RESILU_RUR,2034,0.0
RE1,SO_RESILU_RUR,2035,0.0
RE1,SO_RESILU_RUR,2036,0.0
RE1,SO_RESILU_RUR,2037,0.0
RE1,SO_RESILU_RUR,2038,0.0
RE1,SO_RESILU_RUR,2039,0.0
RE1,SO_RESILU_RUR,2040,0.0
RE1,SO_RESILU_RUR,2041,0.0
RE1,SO_RESILU_RUR,2042,0.0
RE1,SO_RESILU_RUR,2043,0.0
RE1,SO_RESILU_RUR,2044,0.0
RE1,SO_RESILU_RUR,2045,0.0
RE1,SO_RESILU_RUR,2046,0.0
RE1,SO_RESILU_RUR,2047,0.0
RE1,SO_RESILU_RUR,2048,0.0
RE1,SO_RESILU_RUR,2049,0.0
RE1,SO_RESILU_RUR,2050,0.0
RE1,SO_RESILU_RUR,2051,0.0
RE1,SO_RESILU_RUR,2052,0.0
RE1,SO_RESILU_RUR,2053,0.0
RE1,SO_RESILU_RUR,2054,0.0
RE1,SO_RESILU_URB,2022,0.0
RE1,SO_RESILU_URB,2023,0.0
RE1,SO_RESILU_URB,2024,0.0
RE1,SO_RESILU_URB,2025,0.0
RE1,SO_RESILU_URB,2026,0.0
RE1,SO_RESILU_URB,2027,0.0
RE1,SO_RESILU_URB,2028,0.0
RE1,SO_RESILU_URB,2029,0.0
RE1,SO_RESILU_URB,2030,0.0
RE1,SO_RESILU_URB,2031,0.0
RE1,SO_RESILU_URB,2032,0.0
RE1,SO_RESILU_URB,2033,0.0
RE1,SO_RESILU_URB,2034,0.0
RE1,SO_RESILU_URB,2035,0.0
RE1,SO_RESILU_URB,2036,0.0
RE1,SO_RESILU_URB,2037,0.0
RE1,SO_RESILU_URB,2038,0.0
RE1,SO_RESILU_URB,2039,0.0
RE1,SO_RESILU_URB,2040,0.0
RE1,SO_RESILU_URB,2041,0.0
RE1,SO_RESILU_URB,2042,0.0
RE1,SO_RESILU_URB,2043,0.0
RE1,SO_RESILU_URB,2044,0.0
RE1,SO_RESILU_URB,2045,0.0
RE1,SO_RESILU_URB,2046,0.0
RE1,SO_RESILU_URB,2047,0.0
RE1,SO_RESILU_URB,2048,0.0
RE1,SO_RESILU_URB,2049,0.0
RE1,SO_RESILU_URB,2050,0.0
RE1,SO_RESILU_URB,2051,0.0
RE1,SO_RESILU_URB,2052,0.0
RE1,SO_RESILU_URB,2053,0.0
RE1,SO_RESILU_URB,2054,0.0
RE1,SO_RESOTH_RUR,2022,0.0
RE1,SO_RESOTH_RUR,2023,0.0
RE1,SO_RESOTH_RUR,2024,0.0
RE1,SO_RESOTH_RUR,2025,0.0
RE1,SO_RESOTH_RUR,2026,0.0
RE1,SO_RESOTH_RUR,2027,0.0
RE1,SO_RESOTH_RUR,2028,0.0
RE1,SO_RESOTH_RUR,2029,0.0
RE1,SO_RESOTH_RUR,2030,0.0
RE1,SO_RESOTH_RUR,2031,0.0
RE1,SO_RESOTH_RUR,2032,0.0
RE1,SO_RESOTH_RUR,2033,0.0
RE1,SO_RESOTH_RUR,2034,0.0
RE1,SO_RESOTH_RUR,2035,0.0
RE1,SO_RESOTH_RUR,2036,0.0
RE1,SO_RESOTH_RUR,2037,0.0
RE1,SO_RESOTH_RUR,2038,0.0
RE1,SO_RESOTH_RUR,2039,0.0
RE1,SO_RESOTH_RUR,2040,0.0
RE1,SO_RESOTH_RUR,2041,0.0
RE1,SO_RESOTH_RUR,2042,0.0
RE1,SO_RESOTH_RUR,2043,0.0
RE1,SO_RESOTH_RUR,2044,0.0
RE1,SO_RESOTH_RUR,2045,0.0
RE1,SO_RESOTH_RUR,2046,0.0
RE1,SO_RESOTH_RUR,2047,0.0
RE1,SO_RESOTH_RUR,2048,0.0
RE1,SO_RESOTH_RUR,2049,0.0
RE1,SO_RESOTH_RUR,2050,0.0
RE1,SO_RESOTH_RUR,2051,0.0
RE1,SO_RESOTH_RUR,2052,0.0
RE1,SO_RESOTH_RUR,2053,0.0
RE1,SO_RESOTH_RUR,2054,0.0
RE1,SO_RESOTH_URB,2022,0.0
RE1,SO_RESOTH_URB,2023,0.0
RE1,SO_RESOTH_URB,2024,0.0
RE1,SO_RESOTH_URB,2025,0.0
RE1,SO_RESOTH_URB,2026,0.0
RE1,SO_RESOTH_URB,2027,0.0
RE1,SO_RESOTH_URB,2028,0.0
RE1,SO_RESOTH_URB,2029,0.0
RE1,SO_RESOTH_URB,2030,0.0
RE1,SO_RESOTH_URB,2031,0.0
RE1,SO_RESOTH_URB,2032,0.0
RE1,SO_RESOTH_URB,2033,0.0
RE1,SO_RESOTH_URB,2034,0.0
RE1,SO_RESOTH_URB,2035,0.0
RE1,SO_RESOTH_URB,2036,0.0
RE1,SO_RESOTH_URB,2037,0.0
RE1,SO_RESOTH_URB,2038,0.0
RE1,SO_RESOTH_URB,2039,0.0
RE1,SO_RESOTH_URB,2040,0.0
RE1,SO_RESOTH_URB,2041,0.0
RE1,SO_RESOTH_URB,2042,0.0
RE1,SO_RESOTH_URB,2043,0.0
RE1,SO_RESOTH_URB,2044,0.0
RE1,SO_RESOTH_URB,2045,0.0
RE1,SO_RESOTH_URB,2046,0.0
RE1,SO_RESOTH_URB,2047,0.0
RE1,SO_RESOTH_URB,2048,0.0
RE1,SO_RESOTH_URB,2049,0.0
RE1,SO_RESOTH_URB,2050,0.0
RE1,SO_RESOTH_URB,2051,0.0
RE1,SO_RESOTH_URB,2052,0.0
RE1,SO_RESOTH_URB,2053,0.0
RE1,SO_RESOTH_URB,2054,0.0
RE1,SO_RESREF_RUR,2022,0.0
RE1,SO_RESREF_RUR,2023,0.0
RE1,SO_RESREF_RUR,2024,0.0
RE1,SO_RESREF_RUR,2025,0.0
RE1,SO_RESREF_RUR,2026,0.0
RE1,SO_RESREF_RUR,2027,0.0
RE1,SO_RESREF_RUR,2028,0.0
RE1,SO_RESREF_RUR,2029,0.0
RE1,SO_RESREF_RUR,2030,0.0
RE1,SO_RESREF_RUR,2031,0.0
RE1,SO_RESREF_RUR,2032,0.0
RE1,SO_RESREF_RUR,2033,0.0
RE1,SO_RESREF_RUR,2034,0.0
RE1,SO_RESREF_RUR,2035,0.0
RE1,SO_RESREF_RUR,2036,0.0
RE1,SO_RESREF_RUR,2037,0.0
RE1,SO_RESREF_RUR,2038,0.0
RE1,SO_RESREF_RUR,2039,0.0
RE1,SO_RESREF_RUR,2040,0.0
RE1,SO_RESREF_RUR,2041,0.0
RE1,SO_RESREF_RUR,2042,0.0
RE1,SO_RESREF_RUR,2043,0.0
RE1,SO_RESREF_RUR,2044,0.0
RE1,SO_RESREF_RUR,2045,0.0
RE1,SO_RESREF_RUR,2046,0.0
RE1,SO_RESREF_RUR,2047,0.0
RE1,SO_RESREF_RUR,2048,0.0
RE1,SO_RESREF_RUR,2049,0.0
RE1,SO_RESREF_RUR,2050,0.0
RE1,SO_RESREF_RUR,2051,0.0
RE1,SO_RESREF_RUR,2052,0.0
RE1,SO_RESREF_RUR,2053,0.0
RE1,SO_RESREF_RUR,2054,0.0
RE1,SO_RESREF_URB,2022,0.0
RE1,SO_RESREF_URB,2023,0.0
RE1,SO_RESREF_URB,2024,0.0
RE1,SO_RESREF_URB,2025,0.0
RE1,SO_RESREF_URB,2026,0.0
RE1,SO_RESREF_URB,2027,0.0
RE1,SO_RESREF_URB,2028,0.0
RE1,SO_RESREF_URB,2029,0.0
RE1,SO_RESREF_URB,2030,0.0
RE1,SO_RESREF_URB,2031,0.0
RE1,SO_RESREF_URB,2032,0.0
RE1,SO_RESREF_URB,2033,0.0
RE1,SO_RESREF_URB,2034,0.0
RE1,SO_RESREF_URB,2035,0.0
RE1,SO_RESREF_URB,2036,0.0
RE1,SO_RESREF_URB,2037,0.0
RE1,SO_RESREF_URB,2038,0.0
RE1,SO_RESREF_URB,2039,0.0
RE1,SO_RESREF_URB,2040,0.0
RE1,SO_RESREF_URB,2041,0.0
RE1,SO_RESREF_URB,2042,0.0
RE1,SO_RESREF_URB,2043,0.0
RE1,SO_RESREF_URB,2044,0.0
RE1,SO_RESREF_URB,2045,0.0
RE1,SO_RESREF_URB,2046,0.0
RE1,SO_RESREF_URB,2047,0.0
RE1,SO_RESREF_URB,2048,0.0
RE1,SO_RESREF_URB,2049,0.0
RE1,SO_RESREF_URB,2050,0.0
RE1,SO_RESREF_URB,2051,0.0
RE1,SO_RESREF_URB,2052,0.0
RE1,SO_RESREF_URB,2053,0.0
RE1,SO_RESREF_URB,2054,0.0
RE1,SO_RESTV_RUR,2022,0.0
RE1,SO_RESTV_RUR,2023,0.0
RE1,SO_RESTV_RUR,2024,0.0
RE1,SO_RESTV_RUR,2025,0.0
RE1,SO_RESTV_RUR,2026,0.0
RE1,SO_RESTV_RUR,2027,0.0
RE1,SO_RESTV_RUR,2028,0.0
RE1,SO_RESTV_RUR,2029,0.0
RE1,SO_RESTV_RUR,2030,0.0
RE1,SO_RESTV_RUR,2031,0.0
RE1,SO_RESTV_RUR,2032,0.0
RE1,SO_RESTV_RUR,2033,0.0
RE1,SO_RESTV_RUR,2034,0.0
RE1,SO_RESTV_RUR,2035,0.0
RE1,SO_RESTV_RUR,2036,0.0
RE1,SO_RESTV_RUR,2037,0.0
RE1,SO_RESTV_RUR,2038,0.0
RE1,SO_RESTV_RUR,2039,0.0
RE1,SO_RESTV_RUR,2040,0.0
RE1,SO_RESTV_RUR,2041,0.0
RE1,SO_RESTV_RUR,2042,0.0
RE1,SO_RESTV_RUR,2043,0.0
RE1,SO_RESTV_RUR,2044,0.0
RE1,SO_RESTV_RUR,2045,0.0
RE1,SO_RESTV_RUR,2046,0.0
RE1,SO_RESTV_RUR,2047,0.0
RE1,SO_RESTV_RUR,2048,0.0
RE1,SO_RESTV_RUR,2049,0.0
RE1,SO_RESTV_RUR,2050,0.0
RE1,SO_RESTV_RUR,2051,0.0
RE1,SO_RESTV_RUR,2052,0.0
RE1,SO_RESTV_RUR,2053,0.0
RE1,SO_RESTV_RUR,2054,0.0
RE1,SO_RESTV_URB,2022,0.0
RE1,SO_RESTV_URB,2023,0.0
RE1,SO_RESTV_URB,2024,0.0
RE1,SO_RESTV_URB,2025,0.0
RE1,SO_RESTV_URB,2026,0.0
RE1,SO_RESTV_URB,2027,0.0
RE1,SO_RESTV_URB,2028,0.0
RE1,SO_RESTV_URB,2029,0.0
RE1,SO_RESTV_URB,2030,0.0
RE1,SO_RESTV_URB,2031,0.0
RE1,SO_RESTV_URB,2032,0.0
RE1,SO_RESTV_URB,2033,0.0
RE1,SO_RESTV_URB,2034,0.0
RE1,SO_RESTV_URB,2035,0.0
RE1,SO_RESTV_URB,2036,0.0
RE1,SO_RESTV_URB,2037,0.0
RE1,SO_RESTV_URB,2038,0.0
RE1,SO_RESTV_URB,2039,0.0
RE1,SO_RESTV_URB,2040,0.0
RE1,SO_RESTV_URB,2041,0.0
RE1,SO_RESTV_URB,2042,0.0
RE1,SO_RESTV_URB,2043,0.0
RE1,SO_RESTV_URB,2044,0.0
RE1,SO_RESTV_URB,2045,0.0
RE1,SO_RESTV_URB,2046,0.0
RE1,SO_RESTV_URB,2047,0.0
RE1,SO_RESTV_URB,2048,0.0
RE1,SO_RESTV_URB,2049,0.0
RE1,SO_RESTV_URB,2050,0.0
RE1,SO_RESTV_URB,2051,0.0
RE1,SO_RESTV_URB,2052,0.0
RE1,SO_RESTV_URB,2053,0.0
RE1,SO_RESTV_URB,2054,0.0
RE1,SO_RESWHT_RUR,2022,0.0
RE1,SO_RESWHT_RUR,2023,0.0
RE1,SO_RESWHT_RUR,2024,0.0
RE1,SO_RESWHT_RUR,2025,0.0
RE1,SO_RESWHT_RUR,2026,0.0
RE1,SO_RESWHT_RUR,2027,0.0
RE1,SO_RESWHT_RUR,2028,0.0
RE1,SO_RESWHT_RUR,2029,0.0
RE1,SO_RESWHT_RUR,2030,0.0
RE1,SO_RESWHT_RUR,2031,0.0
RE1,SO_RESWHT_RUR,2032,0.0
RE1,SO_RESWHT_RUR,2033,0.0
RE1,SO_RESWHT_RUR,2034,0.0
RE1,SO_RESWHT_RUR,2035,0.0
RE1,SO_RESWHT_RUR,2036,0.0
RE1,SO_RESWHT_RUR,2037,0.0
RE1,SO_RESWHT_RUR,2038,0.0
RE1,SO_RESWHT_RUR,2039,0.0
RE1,SO_RESWHT_RUR,2040,0.0
RE1,SO_RESWHT_RUR,2041,0.0
RE1,SO_RESWHT_RUR,2042,0.0
RE1,SO_RESWHT_RUR,2043,0.0
RE1,SO_RESWHT_RUR,2044,0.0
RE1,SO_RESWHT_RUR,2045,0.0
RE1,SO_RESWHT_RUR,2046,0.0
RE1,SO_RESWHT_RUR,2047,0.0
RE1,SO_RESWHT_RUR,2048,0.0
RE1,SO_RESWHT_RUR,2049,0.0
RE1,SO_RESWHT_RUR,2050,0.0
RE1,SO_RESWHT_RUR,2051,0.0
RE1,SO_RESWHT_RUR,2052,0.0
RE1,SO_RESWHT_RUR,2053,0.0
RE1,SO_RESWHT_RUR,2054,0.0
RE1,SO_RESWHT_URB,2022,0.0
RE1,SO_RESWHT_URB,2023,0.0
RE1,SO_RESWHT_URB,2024,0.0
RE1,SO_RESWHT_URB,2025,0.0
RE1,SO_RESWHT_URB,2026,0.0
RE1,SO_RESWHT_URB,2027,0.0
RE1,SO_RESWHT_URB,2028,0.0
RE1,SO_RESWHT_URB,2029,0.0
RE1,SO_RESWHT_URB,2030,0.0
RE1,SO_RESWHT_URB,2031,0.0
RE1,SO_RESWHT_URB,2032,0.0
RE1,SO_RESWHT_URB,2033,0.0
RE1,SO_RESWHT_URB,2034,0.0
RE1,SO_RESWHT_URB,2035,0.0
RE1,SO_RESWHT_URB,2036,0.0
RE1,SO_RESWHT_URB,2037,0.0
RE1,SO_RESWHT_URB,2038,0.0
RE1,SO_RESWHT_URB,2039,0.0
RE1,SO_RESWHT_URB,2040,0.0
RE1,SO_RESWHT_URB,2041,0.0
RE1,SO_RESWHT_URB,2042,0.0
RE1,SO_RESWHT_URB,2043,0.0
RE1,SO_RESWHT_URB,2044,0.0
RE1,SO_RESWHT_URB,2045,0.0
RE1,SO_RESWHT_URB,2046,0.0
RE1,SO_RESWHT_URB,2047,0.0
RE1,SO_RESWHT_URB,2048,0.0
RE1,SO_RESWHT_URB,2049,0.0
RE1,SO_RESWHT_URB,2050,0.0
RE1,SO_RESWHT_URB,2051,0.0
RE1,SO_RESWHT_URB,2052,0.0
RE1,SO_RESWHT_URB,2053,0.0
RE1,SO_RESWHT_URB,2054,0.0
RE1,SO_RESWSH_RUR,2022,0.0
RE1,SO_RESWSH_RUR,2023,0.0
RE1,SO_RESWSH_RUR,2024,0.0
RE1,SO_RESWSH_RUR,2025,0.0
RE1,SO_RESWSH_RUR,2026,0.0
RE1,SO_RESWSH_RUR,2027,0.0
RE1,SO_RESWSH_RUR,2028,0.0
RE1,SO_RESWSH_RUR,2029,0.0
RE1,SO_RESWSH_RUR,2030,0.0
RE1,SO_RESWSH_RUR,2031,0.0
RE1,SO_RESWSH_RUR,2032,0.0
RE1,SO_RESWSH_RUR,2033,0.0
RE1,SO_RESWSH_RUR,2034,0.0
RE1,SO_RESWSH_RUR,2035,0.0
RE1,SO_RESWSH_RUR,2036,0.0
RE1,SO_RESWSH_RUR,2037,0.0
RE1,SO_RESWSH_RUR,2038,0.0
RE1,SO_RESWSH_RUR,2039,0.0
RE1,SO_RESWSH_RUR,2040,0.0
RE1,SO_RESWSH_RUR,2041,0.0
RE1,SO_RESWSH_RUR,2042,0.0
RE1,SO_RESWSH_RUR,2043,0.0
RE1,SO_RESWSH_RUR,2044,0.0
RE1,SO_RESWSH_RUR,2045,0.0
RE1,SO_RESWSH_RUR,2046,0.0
RE1,SO_RESWSH_RUR,2047,0.0
RE1,SO_RESWSH_RUR,2048,0.0
RE1,SO_RESWSH_RUR,2049,0.0
RE1,SO_RESWSH_RUR,2050,0.0
RE1,SO_RESWSH_RUR,2051,0.0
RE1,SO_RESWSH_RUR,2052,0.0
RE1,SO_RESWSH_RUR,2053,0.0
RE1,SO_RESWSH_RUR,2054,0.0
RE1,SO_RESWSH_URB,2022,0.0
RE1,SO_RESWSH_URB,2023,0.0
RE1,SO_RESWSH_URB,2024,0.0
RE1,SO_RESWSH_URB,2025,0.0
RE1,SO_RESWSH_URB,2026,0.0
RE1,SO_RESWSH_URB,2027,0.0
RE1,SO_RESWSH_URB,2028,0.0
RE1,SO_RESWSH_URB,2029,0.0
RE1,SO_RESWSH_URB,2030,0.0
RE1,SO_RESWSH_URB,2031,0.0
RE1,SO_RESWSH_URB,2032,0.0
RE1,SO_RESWSH_URB,2033,0.0
RE1,SO_RESWSH_URB,2034,0.0
RE1,SO_RESWSH_URB,2035,0.0
RE1,SO_RESWSH_URB,2036,0.0
RE1,SO_RESWSH_URB,2037,0.0
RE1,SO_RESWSH_URB,2038,0.0
RE1,SO_RESWSH_URB,2039,0.0
RE1,SO_RESWSH_URB,2040,0.0
RE1,SO_RESWSH_URB,2041,0.0
RE1,SO_RESWSH_URB,2042,0.0
RE1,SO_RESWSH_URB,2043,0.0
RE1,SO_RESWSH_URB,2044,0.0
RE1,SO_RESWSH_URB,2045,0.0
RE1,SO_RESWSH_URB,2046,0.0
RE1,SO_RESWSH_URB,2047,0.0
RE1,SO_RESWSH_URB,2048,0.0
RE1,SO_RESWSH_URB,2049,0.0
RE1,SO_RESWSH_URB,2050,0.0
RE1,SO_RESWSH_URB,2051,0.0
RE1,SO_RESWSH_URB,2052,0.0
RE1,SO_RESWSH_URB,2053,0.0
RE1,SO_RESWSH_URB,2054,0.0
RE1,SO_TERCLIM_CEN,2022,0.0
RE1,SO_TERCLIM_CEN,2023,0.0
RE1,SO_TERCLIM_CEN,2024,0.0
RE1,SO_TERCLIM_CEN,2025,0.0
RE1,SO_TERCLIM_CEN,2026,0.0
RE1,SO_TERCLIM_CEN,2027,0.0
RE1,SO_TERCLIM_CEN,2028,0.0
RE1,SO_TERCLIM_CEN,2029,0.0
RE1,SO_TERCLIM_CEN,2030,0.0
RE1,SO_TERCLIM_CEN,2031,0.0
RE1,SO_TERCLIM_CEN,2032,0.0
RE1,SO_TERCLIM_CEN,2033,0.0
RE1,SO_TERCLIM_CEN,2034,0.0
RE1,SO_TERCLIM_CEN,2035,0.0
RE1,SO_TERCLIM_CEN,2036,0.0
RE1,SO_TERCLIM_CEN,2037,0.0
RE1,SO_TERCLIM_CEN,2038,0.0
RE1,SO_TERCLIM_CEN,2039,0.0
RE1,SO_TERCLIM_CEN,2040,0.0
RE1,SO_TERCLIM_CEN,2041,0.0
RE1,SO_TERCLIM_CEN,2042,0.0
RE1,SO_TERCLIM_CEN,2043,0.0
RE1,SO_TERCLIM_CEN,2044,0.0
RE1,SO_TERCLIM_CEN,2045,0.0
RE1,SO_TERCLIM_CEN,2046,0.0
RE1,SO_TERCLIM_CEN,2047,0.0
RE1,SO_TERCLIM_CEN,2048,0.0
RE1,SO_TERCLIM_CEN,2049,0.0
RE1,SO_TERCLIM_CEN,2050,0.0
RE1,SO_TERCLIM_CEN,2051,0.0
RE1,SO_TERCLIM_CEN,2052,0.0
RE1,SO_TERCLIM_CEN,2053,0.0
RE1,SO_TERCLIM_CEN,2054,0.0
RE1,SO_TERCLIM_FAN,2022,0.0
RE1,SO_TERCLIM_FAN,2023,0.0
RE1,SO_TERCLIM_FAN,2024,0.0
RE1,SO_TERCLIM_FAN,2025,0.0
RE1,SO_TERCLIM_FAN,2026,0.0
RE1,SO_TERCLIM_FAN,2027,0.0
RE1,SO_TERCLIM_FAN,2028,0.0
RE1,SO_TERCLIM_FAN,2029,0.0
RE1,SO_TERCLIM_FAN,2030,0.0
RE1,SO_TERCLIM_FAN,2031,0.0
RE1,SO_TERCLIM_FAN,2032,0.0
RE1,SO_TERCLIM_FAN,2033,0.0
RE1,SO_TERCLIM_FAN,2034,0.0
RE1,SO_TERCLIM_FAN,2035,0.0
RE1,SO_TERCLIM_FAN,2036,0.0
RE1,SO_TERCLIM_FAN,2037,0.0
RE1,SO_TERCLIM_FAN,2038,0.0
RE1,SO_TERCLIM_FAN,2039,0.0
RE1,SO_TERCLIM_FAN,2040,0.0
RE1,SO_TERCLIM_FAN,2041,0.0
RE1,SO_TERCLIM_FAN,2042,0.0
RE1,SO_TERCLIM_FAN,2043,0.0
RE1,SO_TERCLIM_FAN,2044,0.0
RE1,SO_TERCLIM_FAN,2045,0.0
RE1,SO_TERCLIM_FAN,2046,0.0
RE1,SO_TERCLIM_FAN,2047,0.0
RE1,SO_TERCLIM_FAN,2048,0.0
RE1,SO_TERCLIM_FAN,2049,0.0
RE1,SO_TERCLIM_FAN,2050,0.0
RE1,SO_TERCLIM_FAN,2051,0.0
RE1,SO_TERCLIM_FAN,2052,0.0
RE1,SO_TERCLIM_FAN,2053,0.0
RE1,SO_TERCLIM_FAN,2054,0.0
RE1,SO_TERCLIM_SPL,2022,0.0
RE1,SO_TERCLIM_SPL,2023,0.0
RE1,SO_TERCLIM_SPL,2024,0.0
RE1,SO_TERCLIM_SPL,2025,0.0
RE1,SO_TERCLIM_SPL,2026,0.0
RE1,SO_TERCLIM_SPL,2027,0.0
RE1,SO_TERCLIM_SPL,2028,0.0
RE1,SO_TERCLIM_SPL,2029,0.0
RE1,SO_TERCLIM_SPL,2030,0.0
RE1,SO_TERCLIM_SPL,2031,0.0
RE1,SO_TERCLIM_SPL,2032,0.0
RE1,SO_TERCLIM_SPL,2033,0.0
RE1,SO_TERCLIM_SPL,2034,0.0
RE1,SO_TERCLIM_SPL,2035,0.0
RE1,SO_TERCLIM_SPL,2036,0.0
RE1,SO_TERCLIM_SPL,2037,0.0
RE1,SO_TERCLIM_SPL,2038,0.0
RE1,SO_TERCLIM_SPL,2039,0.0
RE1,SO_TERCLIM_SPL,2040,0.0
RE1,SO_TERCLIM_SPL,2041,0.0
RE1,SO_TERCLIM_SPL,2042,0.0
RE1,SO_TERCLIM_SPL,2043,0.0
RE1,SO_TERCLIM_SPL,2044,0.0
RE1,SO_TERCLIM_SPL,2045,0.0
RE1,SO_TERCLIM_SPL,2046,0.0
RE1,SO_TERCLIM_SPL,2047,0.0
RE1,SO_TERCLIM_SPL,2048,0.0
RE1,SO_TERCLIM_SPL,2049,0.0
RE1,SO_TERCLIM_SPL,2050,0.0
RE1,SO_TERCLIM_SPL,2051,0.0
RE1,SO_TERCLIM_SPL,2052,0.0
RE1,SO_TERCLIM_SPL,2053,0.0
RE1,SO_TERCLIM_SPL,2054,0.0
RE1,SO_TERDATA,2022,0.0
RE1,SO_TERDATA,2023,0.0
RE1,SO_TERDATA,2024,0.0
RE1,SO_TERDATA,2025,0.0
RE1,SO_TERDATA,2026,0.0
RE1,SO_TERDATA,2027,0.0
RE1,SO_TERDATA,2028,0.0
RE1,SO_TERDATA,2029,0.0
RE1,SO_TERDATA,2030,0.0
RE1,SO_TERDATA,2031,0.0
RE1,SO_TERDATA,2032,0.0
RE1,SO_TERDATA,2033,0.0
RE1,SO_TERDATA,2034,0.0
RE1,SO_TERDATA,2035,0.0
RE1,SO_TERDATA,2036,0.0
RE1,SO_TERDATA,2037,0.0
RE1,SO_TERDATA,2038,0.0
RE1,SO_TERDATA,2039,0.0
RE1,SO_TERDATA,2040,0.0
RE1,SO_TERDATA,2041,0.0
RE1,SO_TERDATA,2042,0.0
RE1,SO_TERDATA,2043,0.0
RE1,SO_TERDATA,2044,0.0
RE1,SO_TERDATA,2045,0.0
RE1,SO_TERDATA,2046,0.0
RE1,SO_TERDATA,2047,0.0
RE1,SO_TERDATA,2048,0.0
RE1,SO_TERDATA,2049,0.0
RE1,SO_TERDATA,2050,0.0
RE1,SO_TERDATA,2051,0.0
RE1,SO_TERDATA,2052,0.0
RE1,SO_TERDATA,2053,0.0
RE1,SO_TERDATA,2054,0.0
RE1,SO_TERDHT,2022,0.0
RE1,SO_TERDHT,2023,0.0
RE1,SO_TERDHT,2024,0.0
RE1,SO_TERDHT,2025,0.0
RE1,SO_TERDHT,2026,0.0
RE1,SO_TERDHT,2027,0.0
RE1,SO_TERDHT,2028,0.0
RE1,SO_TERDHT,2029,0.0
RE1,SO_TERDHT,2030,0.0
RE1,SO_TERDHT,2031,0.0
RE1,SO_TERDHT,2032,0.0
RE1,SO_TERDHT,2033,0.0
RE1,SO_TERDHT,2034,0.0
RE1,SO_TERDHT,2035,0.0
RE1,SO_TERDHT,2036,0.0
RE1,SO_TERDHT,2037,0.0
RE1,SO_TERDHT,2038,0.0
RE1,SO_TERDHT,2039,0.0
RE1,SO_TERDHT,2040,0.0
RE1,SO_TERDHT,2041,0.0
RE1,SO_TERDHT,2042,0.0
RE1,SO_TERDHT,2043,0.0
RE1,SO_TERDHT,2044,0.0
RE1,SO_TERDHT,2045,0.0
RE1,SO_TERDHT,2046,0.0
RE1,SO_TERDHT,2047,0.0
RE1,SO_TERDHT,2048,0.0
RE1,SO_TERDHT,2049,0.0
RE1,SO_TERDHT,2050,0.0
RE1,SO_TERDHT,2051,0.0
RE1,SO_TERDHT,2052,0.0
RE1,SO_TERDHT,2053,0.0
RE1,SO_TERDHT,2054,0.0
RE1,SO_TERIHT,2022,0.0
RE1,SO_TERIHT,2023,0.0
RE1,SO_TERIHT,2024,0.0
RE1,SO_TERIHT,2025,0.0
RE1,SO_TERIHT,2026,0.0
RE1,SO_TERIHT,2027,0.0
RE1,SO_TERIHT,2028,0.0
RE1,SO_TERIHT,2029,0.0
RE1,SO_TERIHT,2030,0.0
RE1,SO_TERIHT,2031,0.0
RE1,SO_TERIHT,2032,0.0
RE1,SO_TERIHT,2033,0.0
RE1,SO_TERIHT,2034,0.0
RE1,SO_TERIHT,2035,0.0
RE1,SO_TERIHT,2036,0.0
RE1,SO_TERIHT,2037,0.0
RE1,SO_TERIHT,2038,0.0
RE1,SO_TERIHT,2039,0.0
RE1,SO_TERIHT,2040,0.0
RE1,SO_TERIHT,2041,0.0
RE1,SO_TERIHT,2042,0.0
RE1,SO_TERIHT,2043,0.0
RE1,SO_TERIHT,2044,0.0
RE1,SO_TERIHT,2045,0.0
RE1,SO_TERIHT,2046,0.0
RE1,SO_TERIHT,2047,0.0
RE1,SO_TERIHT,2048,0.0
RE1,SO_TERIHT,2049,0.0
RE1,SO_TERIHT,2050,0.0
RE1,SO_TERIHT,2051,0.0
RE1,SO_TERIHT,2052,0.0
RE1,SO_TERIHT,2053,0.0
RE1,SO_TERIHT,2054,0.0
RE1,SO_TERILU,2022,0.0
RE1,SO_TERILU,2023,0.0
RE1,SO_TERILU,2024,0.0
RE1,SO_TERILU,2025,0.0
RE1,SO_TERILU,2026,0.0
RE1,SO_TERILU,2027,0.0
RE1,SO_TERILU,2028,0.0
RE1,SO_TERILU,2029,0.0
RE1,SO_TERILU,2030,0.0
RE1,SO_TERILU,2031,0.0
RE1,SO_TERILU,2032,0.0
RE1,SO_TERILU,2033,0.0
RE1,SO_TERILU,2034,0.0
RE1,SO_TERILU,2035,0.0
RE1,SO_TERILU,2036,0.0
RE1,SO_TERILU,2037,0.0
RE1,SO_TERILU,2038,0.0
RE1,SO_TERILU,2039,0.0
RE1,SO_TERILU,2040,0.0
RE1,SO_TERILU,2041,0.0
RE1,SO_TERILU,2042,0.0
RE1,SO_TERILU,2043,0.0
RE1,SO_TERILU,2044,0.0
RE1,SO_TERILU,2045,0.0
RE1,SO_TERILU,2046,0.0
RE1,SO_TERILU,2047,0.0
RE1,SO_TERILU,2048,0.0
RE1,SO_TERILU,2049,0.0
RE1,SO_TERILU,2050,0.0
RE1,SO_TERILU,2051,0.0
RE1,SO_TERILU,2052,0.0
RE1,SO_TERILU,2053,0.0
RE1,SO_TERILU,2054,0.0
RE1,SO_TERMPW,2022,0.0
RE1,SO_TERMPW,2023,0.0
RE1,SO_TERMPW,2024,0.0
RE1,SO_TERMPW,2025,0.0
RE1,SO_TERMPW,2026,0.0
RE1,SO_TERMPW,2027,0.0
RE1,SO_TERMPW,2028,0.0
RE1,SO_TERMPW,2029,0.0
RE1,SO_TERMPW,2030,0.0
RE1,SO_TERMPW,2031,0.0
RE1,SO_TERMPW,2032,0.0
RE1,SO_TERMPW,2033,0.0
RE1,SO_TERMPW,2034,0.0
RE1,SO_TERMPW,2035,0.0
RE1,SO_TERMPW,2036,0.0
RE1,SO_TERMPW,2037,0.0
RE1,SO_TERMPW,2038,0.0
RE1,SO_TERMPW,2039,0.0
RE1,SO_TERMPW,2040,0.0
RE1,SO_TERMPW,2041,0.0
RE1,SO_TERMPW,2042,0.0
RE1,SO_TERMPW,2043,0.0
RE1,SO_TERMPW,2044,0.0
RE1,SO_TERMPW,2045,0.0
RE1,SO_TERMPW,2046,0.0
RE1,SO_TERMPW,2047,0.0
RE1,SO_TERMPW,2048,0.0
RE1,SO_TERMPW,2049,0.0
RE1,SO_TERMPW,2050,0.0
RE1,SO_TERMPW,2051,0.0
RE1,SO_TERMPW,2052,0.0
RE1,SO_TERMPW,2053,0.0
RE1,SO_TERMPW,2054,0.0
RE1,SO_TEROTH,2022,0.0
RE1,SO_TEROTH,2023,0.0
RE1,SO_TEROTH,2024,0.0
RE1,SO_TEROTH,2025,0.0
RE1,SO_TEROTH,2026,0.0
RE1,SO_TEROTH,2027,0.0
RE1,SO_TEROTH,2028,0.0
RE1,SO_TEROTH,2029,0.0
RE1,SO_TEROTH,2030,0.0
RE1,SO_TEROTH,2031,0.0
RE1,SO_TEROTH,2032,0.0
RE1,SO_TEROTH,2033,0.0
RE1,SO_TEROTH,2034,0.0
RE1,SO_TEROTH,2035,0.0
RE1,SO_TEROTH,2036,0.0
RE1,SO_TEROTH,2037,0.0
RE1,SO_TEROTH,2038,0.0
RE1,SO_TEROTH,2039,0.0
RE1,SO_TEROTH,2040,0.0
RE1,SO_TEROTH,2041,0.0
RE1,SO_TEROTH,2042,0.0
RE1,SO_TEROTH,2043,0.0
RE1,SO_TEROTH,2044,0.0
RE1,SO_TEROTH,2045,0.0
RE1,SO_TEROTH,2046,0.0
RE1,SO_TEROTH,2047,0.0
RE1,SO_TEROTH,2048,0.0
RE1,SO_TEROTH,2049,0.0
RE1,SO_TEROTH,2050,0.0
RE1,SO_TEROTH,2051,0.0
RE1,SO_TEROTH,2052,0.0
RE1,SO_TEROTH,2053,0.0
RE1,SO_TEROTH,2054,0.0
RE1,SO_TERREF_AUC,2022,0.0
RE1,SO_TERREF_AUC,2023,0.0
RE1,SO_TERREF_AUC,2024,0.0
RE1,SO_TERREF_AUC,2025,0.0
RE1,SO_TERREF_AUC,2026,0.0
RE1,SO_TERREF_AUC,2027,0.0
RE1,SO_TERREF_AUC,2028,0.0
RE1,SO_TERREF_AUC,2029,0.0
RE1,SO_TERREF_AUC,2030,0.0
RE1,SO_TERREF_AUC,2031,0.0
RE1,SO_TERREF_AUC,2032,0.0
RE1,SO_TERREF_AUC,2033,0.0
RE1,SO_TERREF_AUC,2034,0.0
RE1,SO_TERREF_AUC,2035,0.0
RE1,SO_TERREF_AUC,2036,0.0
RE1,SO_TERREF_AUC,2037,0.0
RE1,SO_TERREF_AUC,2038,0.0
RE1,SO_TERREF_AUC,2039,0.0
RE1,SO_TERREF_AUC,2040,0.0
RE1,SO_TERREF_AUC,2041,0.0
RE1,SO_TERREF_AUC,2042,0.0
RE1,SO_TERREF_AUC,2043,0.0
RE1,SO_TERREF_AUC,2044,0.0
RE1,SO_TERREF_AUC,2045,0.0
RE1,SO_TERREF_AUC,2046,0.0
RE1,SO_TERREF_AUC,2047,0.0
RE1,SO_TERREF_AUC,2048,0.0
RE1,SO_TERREF_AUC,2049,0.0
RE1,SO_TERREF_AUC,2050,0.0
RE1,SO_TERREF_AUC,2051,0.0
RE1,SO_TERREF_AUC,2052,0.0
RE1,SO_TERREF_AUC,2053,0.0
RE1,SO_TERREF_AUC,2054,0.0
RE1,SO_TERREF_CEN,2022,0.0
RE1,SO_TERREF_CEN,2023,0.0
RE1,SO_TERREF_CEN,2024,0.0
RE1,SO_TERREF_CEN,2025,0.0
RE1,SO_TERREF_CEN,2026,0.0
RE1,SO_TERREF_CEN,2027,0.0
RE1,SO_TERREF_CEN,2028,0.0
RE1,SO_TERREF_CEN,2029,0.0
RE1,SO_TERREF_CEN,2030,0.0
RE1,SO_TERREF_CEN,2031,0.0
RE1,SO_TERREF_CEN,2032,0.0
RE1,SO_TERREF_CEN,2033,0.0
RE1,SO_TERREF_CEN,2034,0.0
RE1,SO_TERREF_CEN,2035,0.0
RE1,SO_TERREF_CEN,2036,0.0
RE1,SO_TERREF_CEN,2037,0.0
RE1,SO_TERREF_CEN,2038,0.0
RE1,SO_TERREF_CEN,2039,0.0
RE1,SO_TERREF_CEN,2040,0.0
RE1,SO_TERREF_CEN,2041,0.0
RE1,SO_TERREF_CEN,2042,0.0
RE1,SO_TERREF_CEN,2043,0.0
RE1,SO_TERREF_CEN,2044,0.0
RE1,SO_TERREF_CEN,2045,0.0
RE1,SO_TERREF_CEN,2046,0.0
RE1,SO_TERREF_CEN,2047,0.0
RE1,SO_TERREF_CEN,2048,0.0
RE1,SO_TERREF_CEN,2049,0.0
RE1,SO_TERREF_CEN,2050,0.0
RE1,SO_TERREF_CEN,2051,0.0
RE1,SO_TERREF_CEN,2052,0.0
RE1,SO_TERREF_CEN,2053,0.0
RE1,SO_TERREF_CEN,2054,0.0
RE1,SO_TRAAVI,2022,17.85627054888118
RE1,SO_TRAAVI,2023,19.51839630133035
RE1,SO_TRAAVI,2024,20.13058367854926
RE1,SO_TRAAVI,2025,20.60803079638028
RE1,SO_TRAAVI,2026,21.24649439347981
RE1,SO_TRAAVI,2027,21.88495799057935
RE1,SO_TRAAVI,2028,22.44682771802685
RE1,SO_TRAAVI,2029,23.01484660544641
RE1,SO_TRAAVI,2030,23.59237102282279
RE1,SO_TRAAVI,2031,24.179398180156
RE1,SO_TRAAVI,2032,24.77760765743841
RE1,SO_TRAAVI,2033,25.38420387468271
RE1,SO_TRAAVI,2034,26.00030283188386
RE1,SO_TRAAVI,2035,26.62646531903928
RE1,SO_TRAAVI,2036,27.26325212614643
RE1,SO_TRAAVI,2037,27.90842567321549
RE1,SO_TRAAVI,2038,28.56309917024139
RE1,SO_TRAAVI,2039,29.22728656722407
RE1,SO_TRAAVI,2040,29.90319196415351
RE1,SO_TRAAVI,2041,30.83982285989852
RE1,SO_TRAAVI,2042,31.51371945683709
RE1,SO_TRAAVI,2043,32.18764395377553
RE1,SO_TRAAVI,2044,32.8615405507141
RE1,SO_TRAAVI,2045,33.53543714765268
RE1,SO_TRAAVI,2046,34.20936164459112
RE1,SO_TRAAVI,2047,34.8832582415297
RE1,SO_TRAAVI,2048,35.55715483846826
RE1,SO_TRAAVI,2049,36.23107933540671
RE1,SO_TRAAVI,2050,36.90497593234528
RE1,SO_TRAAVI,2051,37.57887252928386
RE1,SO_TRAAVI,2052,38.2527970262223
RE1,SO_TRAAVI,2053,38.92669362316087
RE1,SO_TRAAVI,2054,39.60061812009931
RE1,SO_TRABUS,2022,1.945897506979448
RE1,SO_TRABUS,2023,2.298563750578897
RE1,SO_TRABUS,2024,2.744454590415994
RE1,SO_TRABUS,2025,2.805741447282279
RE1,SO_TRABUS,2026,2.86962896989204
RE1,SO_TRABUS,2027,2.941078337527847
RE1,SO_TRABUS,2028,3.011487886358769
RE1,SO_TRABUS,2029,3.099758229033896
RE1,SO_TRABUS,2030,3.22128248544298
RE1,SO_TRABUS,2031,3.408423629841948
RE1,SO_TRABUS,2032,3.6564388504315
RE1,SO_TRABUS,2033,3.941098757328974
RE1,SO_TRABUS,2034,4.122312839495798
RE1,SO_TRABUS,2035,4.443540108180374
RE1,SO_TRABUS,2036,4.737807803056847
RE1,SO_TRABUS,2037,5.063797705721911
RE1,SO_TRABUS,2038,5.407693731113977
RE1,SO_TRABUS,2039,5.793613312988683
RE1,SO_TRABUS,2040,6.048426600762924
RE1,SO_TRABUS,2041,6.376977308236704
RE1,SO_TRABUS,2042,6.722495435160914
RE1,SO_TRABUS,2043,7.170308116193132
RE1,SO_TRABUS,2044,7.408116253235201
RE1,SO_TRABUS,2045,7.736449123883641
RE1,SO_TRABUS,2046,7.935739405950369
RE1,SO_TRABUS,2047,8.320778567337014
RE1,SO_TRABUS,2048,8.577131157620489
RE1,SO_TRABUS,2049,8.816379676102008
RE1,SO_TRABUS,2050,9.026631163942824
RE1,SO_TRABUS,2051,9.219453820815872
RE1,SO_TRABUS,2052,9.412252018603658
RE1,SO_TRABUS,2053,9.291629336729473
RE1,SO_TRABUS,2054,9.174844132341306
RE1,SO_TRAFWD,2022,3.305223836556961
RE1,SO_TRAFWD,2023,3.128583572917738
RE1,SO_TRAFWD,2024,2.883057806906205
RE1,SO_TRAFWD,2025,3.042772137806586
RE1,SO_TRAFWD,2026,3.200960193374884
RE1,SO_TRAFWD,2027,3.347364410567251
RE1,SO_TRAFWD,2028,3.488053001524447
RE1,SO_TRAFWD,2029,3.635782349479767
RE1,SO_TRAFWD,2030,3.798652579248432
RE1,SO_TRAFWD,2031,3.957063131361739
RE1,SO_TRAFWD,2032,4.167904318363522
RE1,SO_TRAFWD,2033,4.411349936875895
RE1,SO_TRAFWD,2034,4.62237306829638
RE1,SO_TRAFWD,2035,4.838844114586074
RE1,SO_TRAFWD,2036,5.078304222234633
RE1,SO_TRAFWD,2037,5.327684913792357
RE1,SO_TRAFWD,2038,5.589426076150817
RE1,SO_TRAFWD,2039,5.832893885835315
RE1,SO_TRAFWD,2040,6.067370356004189
RE1,SO_TRAFWD,2041,6.318339118675609
RE1,SO_TRAFWD,2042,6.622176500819471
RE1,SO_TRAFWD,2043,6.929072053692539
RE1,SO_TRAFWD,2044,7.266449279137762
RE1,SO_TRAFWD,2045,7.586425018186231
RE1,SO_TRAFWD,2046,7.8867528800306
RE1,SO_TRAFWD,2047,8.247813415015125
RE1,SO_TRAFWD,2048,8.57387708667409
RE1,SO_TRAFWD,2049,8.917841256094748
RE1,SO_TRAFWD,2050,9.312762870486427
RE1,SO_TRAFWD,2051,9.643836645220397
RE1,SO_TRAFWD,2052,9.909835839488176
RE1,SO_TRAFWD,2053,10.19651323668536
RE1,SO_TRAFWD,2054,10.42705812199242
RE1,SO_TRALDV,2022,2.476325187175913
RE1,SO_TRALDV,2023,2.395038758542773
RE1,SO_TRALDV,2024,2.199482377736317
RE1,SO_TRALDV,2025,2.236633519180774
RE1,SO_TRALDV,2026,2.270491738160233
RE1,SO_TRALDV,2027,2.302108953525669
RE1,SO_TRALDV,2028,2.330036748314095
RE1,SO_TRALDV,2029,2.358700739215321
RE1,SO_TRALDV,2030,2.380803462048791
RE1,SO_TRALDV,2031,2.408010853594256
RE1,SO_TRALDV,2032,2.438950942238504
RE1,SO_TRALDV,2033,2.462459443633366
RE1,SO_TRALDV,2034,2.482931162562743
RE1,SO_TRALDV,2035,2.505867446345843
RE1,SO_TRALDV,2036,2.528892591430154
RE1,SO_TRALDV,2037,2.554400168237235
RE1,SO_TRALDV,2038,2.578229787919462
RE1,SO_TRALDV,2039,2.60111715790031
RE1,SO_TRALDV,2040,2.617963076817497
RE1,SO_TRALDV,2041,2.638081925277151
RE1,SO_TRALDV,2042,2.651829934701018
RE1,SO_TRALDV,2043,2.667506372778915
RE1,SO_TRALDV,2044,2.664701204517468
RE1,SO_TRALDV,2045,2.657157279698384
RE1,SO_TRALDV,2046,2.634666634968224
RE1,SO_TRALDV,2047,2.615492362423093
RE1,SO_TRALDV,2048,2.575846781692737
RE1,SO_TRALDV,2049,2.526629488868844
RE1,SO_TRALDV,2050,2.46487850228597
RE1,SO_TRALDV,2051,2.392600832174022
RE1,SO_TRALDV,2052,2.31493073214075
RE1,SO_TRALDV,2053,2.201636165635923
RE1,SO_TRALDV,2054,2.088850737203854
RE1,SO_TRAMAS,2022,0.0
RE1,SO_TRAMAS,2023,0.0
RE1,SO_TRAMAS,2024,0.0
RE1,SO_TRAMAS,2025,0.0
RE1,SO_TRAMAS,2026,0.0
RE1,SO_TRAMAS,2027,0.0
RE1,SO_TRAMAS,2028,0.0
RE1,SO_TRAMAS,2029,0.0
RE1,SO_TRAMAS,2030,0.0
RE1,SO_TRAMAS,2031,0.0
RE1,SO_TRAMAS,2032,0.0
RE1,SO_TRAMAS,2033,0.0
RE1,SO_TRAMAS,2034,0.0
RE1,SO_TRAMAS,2035,0.0
RE1,SO_TRAMAS,2036,0.0
RE1,SO_TRAMAS,2037,0.0
RE1,SO_TRAMAS,2038,0.0
RE1,SO_TRAMAS,2039,0.0
RE1,SO_TRAMAS,2040,0.0
RE1,SO_TRAMAS,2041,0.0
RE1,SO_TRAMAS,2042,0.0
RE1,SO_TRAMAS,2043,0.0
RE1,SO_TRAMAS,2044,0.0
RE1,SO_TRAMAS,2045,0.0
RE1,SO_TRAMAS,2046,0.0
RE1,SO_TRAMAS,2047,0.0
RE1,SO_TRAMAS,2048,0.0
RE1,SO_TRAMAS,2049,0.0
RE1,SO_TRAMAS,2050,0.0
RE1,SO_TRAMAS,2051,0.0
RE1,SO_TRAMAS,2052,0.0
RE1,SO_TRAMAS,2053,0.0
RE1,SO_TRAMAS,2054,0.0
RE1,SO_TRAMET,2022,0.0
RE1,SO_TRAMET,2023,0.0
RE1,SO_TRAMET,2024,0.0
RE1,SO_TRAMET,2025,0.0
RE1,SO_TRAMET,2026,0.0
RE1,SO_TRAMET,2027,0.0
RE1,SO_TRAMET,2028,0.0
RE1,SO_TRAMET,2029,0.0
RE1,SO_TRAMET,2030,0.0
RE1,SO_TRAMET,2031,0.0
RE1,SO_TRAMET,2032,0.0
RE1,SO_TRAMET,2033,0.0
RE1,SO_TRAMET,2034,0.0
RE1,SO_TRAMET,2035,0.0
RE1,SO_TRAMET,2036,0.0
RE1,SO_TRAMET,2037,0.0
RE1,SO_TRAMET,2038,0.0
RE1,SO_TRAMET,2039,0.0
RE1,SO_TRAMET,2040,0.0
RE1,SO_TRAMET,2041,0.0
RE1,SO_TRAMET,2042,0.0
RE1,SO_TRAMET,2043,0.0
RE1,SO_TRAMET,2044,0.0
RE1,SO_TRAMET,2045,0.0
RE1,SO_TRAMET,2046,0.0
RE1,SO_TRAMET,2047,0.0
RE1,SO_TRAMET,2048,0.0
RE1,SO_TRAMET,2049,0.0
RE1,SO_TRAMET,2050,0.0
RE1,SO_TRAMET,2051,0.0
RE1,SO_TRAMET,2052,0.0
RE1,SO_TRAMET,2053,0.0
RE1,SO_TRAMET,2054,0.0
RE1,SO_TRAMIC,2022,0.553036350939884
RE1,SO_TRAMIC,2023,0.6316723939921599
RE1,SO_TRAMIC,2024,0.6357933271789836
RE1,SO_TRAMIC,2025,0.6352967754394548
RE1,SO_TRAMIC,2026,0.6350451767993616
RE1,SO_TRAMIC,2027,0.6346517363110032
RE1,SO_TRAMIC,2028,0.6341335931352066
RE1,SO_TRAMIC,2029,0.6335155223986617
RE1,SO_TRAMIC,2030,0.6328590162317622
RE1,SO_TRAMIC,2031,0.632169486411442
RE1,SO_TRAMIC,2032,0.6315947950080305
RE1,SO_TRAMIC,2033,0.6311725122361147
RE1,SO_TRAMIC,2034,0.6307851517175325
RE1,SO_TRAMIC,2035,0.6310925010062175
RE1,SO_TRAMIC,2036,0.6322550018740987
RE1,SO_TRAMIC,2037,0.6351723598608583
RE1,SO_TRAMIC,2038,0.6404039110971862
RE1,SO_TRAMIC,2039,0.6492447617448655
RE1,SO_TRAMIC,2040,0.662161339333355
RE1,SO_TRAMIC,2041,0.6826663410966363
RE1,SO_TRAMIC,2042,0.7078353959155629
RE1,SO_TRAMIC,2043,0.742438895528219
RE1,SO_TRAMIC,2044,0.7780483430140704
RE1,SO_TRAMIC,2045,0.8188027462016875
RE1,SO_TRAMIC,2046,0.8554842976914231
RE1,SO_TRAMIC,2047,0.9039194908954561
RE1,SO_TRAMIC,2048,0.9443677377323797
RE1,SO_TRAMIC,2049,0.9825065808966174
RE1,SO_TRAMIC,2050,1.017704070508705
RE1,SO_TRAMIC,2051,1.051737558387706
RE1,SO_TRAMIC,2052,1.086389828615269
RE1,SO_TRAMIC,2053,1.092446386395873
RE1,SO_TRAMIC,2054,1.097539057468959
RE1,SO_TRAMRT,2022,1.794565172333402
RE1,SO_TRAMRT,2023,1.853384214819372
RE1,SO_TRAMRT,2024,1.916314870449235
RE1,SO_TRAMRT,2025,1.9847419609956
RE1,SO_TRAMRT,2026,2.065164248311603
RE1,SO_TRAMRT,2027,2.137159791264703
RE1,SO_TRAMRT,2028,2.206263415114857
RE1,SO_TRAMRT,2029,2.276818002411405
RE1,SO_TRAMRT,2030,2.347866083376076
RE1,SO_TRAMRT,2031,2.419466320736394
RE1,SO_TRAMRT,2032,2.493054354872849
RE1,SO_TRAMRT,2033,2.568527188521554
RE1,SO_TRAMRT,2034,2.64617041021823
RE1,SO_TRAMRT,2035,2.726321647982804
RE1,SO_TRAMRT,2036,2.807881379577047
RE1,SO_TRAMRT,2037,2.891849274512738
RE1,SO_TRAMRT,2038,2.978232749903661
RE1,SO_TRAMRT,2039,3.067095008454585
RE1,SO_TRAMRT,2040,3.15856683237913
RE1,SO_TRAMRT,2041,3.252773836486353
RE1,SO_TRAMRT,2042,3.349818412184016
RE1,SO_TRAMRT,2043,3.449787284816435
RE1,SO_TRAMRT,2044,3.552769838507617
RE1,SO_TRAMRT,2045,3.658858238912754
RE1,SO_TRAMRT,2046,3.768147539886967
RE1,SO_TRAMRT,2047,3.880735778117359
RE1,SO_TRAMRT,2048,3.996724066242553
RE1,SO_TRAMRT,2049,4.116216690029424
RE1,SO_TRAMRT,2050,4.239321210400329
RE1,SO_TRAMRT,2051,4.239321210400329
RE1,SO_TRAMRT,2052,4.239321210400329
RE1,SO_TRAMRT,2053,4.239321210400329
RE1,SO_TRAMRT,2054,4.239321210400329
RE1,SO_TRAMTC,2022,4.884313181453174
RE1,SO_TRAMTC,2023,4.652372185628343
RE1,SO_TRAMTC,2024,4.313447020537004
RE1,SO_TRAMTC,2025,4.467466007616148
RE1,SO_TRAMTC,2026,4.617812148300001
RE1,SO_TRAMTC,2027,4.770185092357607
RE1,SO_TRAMTC,2028,4.913987168565485
RE1,SO_TRAMTC,2029,5.067392829335637
RE1,SO_TRAMTC,2030,5.185649766353503
RE1,SO_TRAMTC,2031,5.324961098267411
RE1,SO_TRAMTC,2032,5.465293298163162
RE1,SO_TRAMTC,2033,5.523037335765188
RE1,SO_TRAMTC,2034,5.511827663609264
RE1,SO_TRAMTC,2035,5.445067307236754
RE1,SO_TRAMTC,2036,5.303083281915526
RE1,SO_TRAMTC,2037,5.052368959259893
RE1,SO_TRAMTC,2038,4.731741397472818
RE1,SO_TRAMTC,2039,4.368911012970305
RE1,SO_TRAMTC,2040,3.96719616221604
RE1,SO_TRAMTC,2041,3.573716506500629
RE1,SO_TRAMTC,2042,3.161977595253993
RE1,SO_TRAMTC,2043,3.095073029484249
RE1,SO_TRAMTC,2044,3.029950863058042
RE1,SO_TRAMTC,2045,2.956459601096642
RE1,SO_TRAMTC,2046,2.896960164307473
RE1,SO_TRAMTC,2047,2.837247357101364
RE1,SO_TRAMTC,2048,2.764369408583057
RE1,SO_TRAMTC,2049,2.709648487408903
RE1,SO_TRAMTC,2050,2.632912579994721
RE1,SO_TRAMTC,2051,2.525124431117691
RE1,SO_TRAMTC,2052,2.426505551448233
RE1,SO_TRAMTC,2053,2.277223411344486
RE1,SO_TRAMTC,2054,2.129587137752075
RE1,SO_TRARVT,2022,0.3479356938069474
RE1,SO_TRARVT,2023,0.3509829693314563
RE1,SO_TRARVT,2024,0.352531822642457
RE1,SO_TRARVT,2025,0.3508014761176795
RE1,SO_TRARVT,2026,0.3538420872642903
RE1,SO_TRARVT,2027,0.3584686895272903
RE1,SO_TRARVT,2028,0.3621012638698133
RE1,SO_TRARVT,2029,0.3654682117303021
RE1,SO_TRARVT,2030,0.3662863330914738
RE1,SO_TRARVT,2031,0.368729237152482
RE1,SO_TRARVT,2032,0.3709513712034826
RE1,SO_TRARVT,2033,0.3729162707015188
RE1,SO_TRARVT,2034,0.3746439730550493
RE1,SO_TRARVT,2035,0.3761575750783278
RE1,SO_TRARVT,2036,0.3798142940952498
RE1,SO_TRARVT,2037,0.380741133457181
RE1,SO_TRARVT,2038,0.3840572445428013
RE1,SO_TRARVT,2039,0.3844530570996452
RE1,SO_TRARVT,2040,0.3845254847539572
RE1,SO_TRARVT,2041,0.3871944187662013
RE1,SO_TRARVT,2042,0.3896837221648691
RE1,SO_TRARVT,2043,0.2177667884700276
RE1,SO_TRARVT,2044,0.221063709432592
RE1,SO_TRARVT,2045,0.2243653489386993
RE1,SO_TRARVT,2046,0.2310670931843666
RE1,SO_TRARVT,2047,0.2344715565441155
RE1,SO_TRARVT,2048,0.2378753226614265
RE1,SO_TRARVT,2049,0.244987233808619
RE1,SO_TRARVT,2050,0.2484911751243433
RE1,SO_TRARVT,2051,0.2484911751243433
RE1,SO_TRARVT,2052,0.2484911751243433
RE1,SO_TRARVT,2053,0.2484911751243433
RE1,SO_TRARVT,2054,0.2484911751243433
RE1,SO_TRASTT,2022,3.140315018112824
RE1,SO_TRASTT,2023,3.044690955910651
RE1,SO_TRASTT,2024,2.822770490164822
RE1,SO_TRASTT,2025,2.875039041827433
RE1,SO_TRASTT,2026,2.929265152129002
RE1,SO_TRASTT,2027,2.981327206656893
RE1,SO_TRASTT,2028,3.032961350248049
RE1,SO_TRASTT,2029,3.082888827074317
RE1,SO_TRASTT,2030,3.136272651487918
RE1,SO_TRASTT,2031,3.183018527456824
RE1,SO_TRASTT,2032,3.244179331774541
RE1,SO_TRASTT,2033,3.31513402073881
RE1,SO_TRASTT,2034,3.372902328369263
RE1,SO_TRASTT,2035,3.430221075308428
RE1,SO_TRASTT,2036,3.49337815129752
RE1,SO_TRASTT,2037,3.558493091796819
RE1,SO_TRASTT,2038,3.628114295802029
RE1,SO_TRASTT,2039,3.693732702684596
RE1,SO_TRASTT,2040,3.755146709870036
RE1,SO_TRASTT,2041,3.820074016120032
RE1,SO_TRASTT,2042,3.900572051154214
RE1,SO_TRASTT,2043,3.983120294741727
RE1,SO_TRASTT,2044,4.065261048663116
RE1,SO_TRASTT,2045,4.146251229687192
RE1,SO_TRASTT,2046,4.212819934894914
RE1,SO_TRASTT,2047,4.30389808712871
RE1,SO_TRASTT,2048,4.378032713590613
RE1,SO_TRASTT,2049,4.452491526512743
RE1,SO_TRASTT,2050,4.539823465823648
RE1,SO_TRASTT,2051,4.613349100043979
RE1,SO_TRASTT,2052,4.67072364994792
RE1,SO_TRASTT,2053,4.714650406836783
RE1,SO_TRASTT,2054,4.746155378601496
RE1,SO_TRATAX,2022,2.34911820908266
RE1,SO_TRATAX,2023,2.300354202120867
RE1,SO_TRATAX,2024,2.085846764965854
RE1,SO_TRATAX,2025,2.104457773942709
RE1,SO_TRATAX,2026,2.12001656141272
RE1,SO_TRATAX,2027,2.133108491428667
RE1,SO_TRATAX,2028,2.143622211122779
RE1,SO_TRATAX,2029,2.153492538988252
RE1,SO_TRATAX,2030,2.159625220664525
RE1,SO_TRATAX,2031,2.16707294458678
RE1,SO_TRATAX,2032,2.174892495216952
RE1,SO_TRATAX,2033,2.178997668041223
RE1,SO_TRATAX,2034,2.18175681139348
RE1,SO_TRATAX,2035,2.183931165075999
RE1,SO_TRATAX,2036,2.185065034270941
RE1,SO_TRATAX,2037,2.185376916567726
RE1,SO_TRATAX,2038,2.184365113557702
RE1,SO_TRATAX,2039,2.182207963677673
RE1,SO_TRATAX,2040,2.179461415075452
RE1,SO_TRATAX,2041,2.176470486903009
RE1,SO_TRATAX,2042,2.172978471345472
RE1,SO_TRATAX,2043,2.169007081504132
RE1,SO_TRATAX,2044,2.164664451347083
RE1,SO_TRATAX,2045,2.159676792484473
RE1,SO_TRATAX,2046,2.154964420045432
RE1,SO_TRATAX,2047,2.149668938140852
RE1,SO_TRATAX,2048,2.144087043052381
RE1,SO_TRATAX,2049,2.138480731590091
RE1,SO_TRATAX,2050,2.132656647564323
RE1,SO_TRATAX,2051,2.126588784025126
RE1,SO_TRATAX,2052,2.120494735788172
RE1,SO_TRATAX,2053,2.114251765889577
RE1,SO_TRATAX,2054,2.107863429663171
RE1,SO_TRATCK,2022,3.593014460582412
RE1,SO_TRATCK,2023,3.476228002865077
RE1,SO_TRATCK,2024,3.2427552538709
RE1,SO_TRATCK,2025,3.315455598544522
RE1,SO_TRATCK,2026,3.391551023205446
RE1,SO_TRATCK,2027,3.465366382802856
RE1,SO_TRATCK,2028,3.538540593646049
RE1,SO_TRATCK,2029,3.610584168892935
RE1,SO_TRATCK,2030,3.686169395419982
RE1,SO_TRATCK,2031,3.755620204743705
RE1,SO_TRATCK,2032,3.845296781036219
RE1,SO_TRATCK,2033,3.945694312693143
RE1,SO_TRATCK,2034,4.028093387372697
RE1,SO_TRATCK,2035,4.110819276277733
RE1,SO_TRATCK,2036,4.19992514304896
RE1,SO_TRATCK,2037,4.290453320240877
RE1,SO_TRATCK,2038,4.383556706009193
RE1,SO_TRATCK,2039,4.467652678007093
RE1,SO_TRATCK,2040,4.542655255989758
RE1,SO_TRATCK,2041,4.619575570472325
RE1,SO_TRATCK,2042,4.710955701676476
RE1,SO_TRATCK,2043,4.79990093563731
RE1,SO_TRATCK,2044,4.886571599359416
RE1,SO_TRATCK,2045,4.964278411018351
RE1,SO_TRATCK,2046,5.024216573625244
RE1,SO_TRATCK,2047,5.10521663500109
RE1,SO_TRATCK,2048,5.16432192936385
RE1,SO_TRATCK,2049,5.223894810204966
RE1,SO_TRATCK,2050,5.297218711692909
RE1,SO_TRATCK,2051,5.348977638865501
RE1,SO_TRATCK,2052,5.380029474643738
RE1,SO_TRATCK,2053,5.400164722342055
RE1,SO_TRATCK,2054,5.403481267410257
