REGION,FUEL,YEAR,VALUE
RE1,AN_AGFELC,2022,0.4537856895995034
RE1,AN_AGFELC,2023,0.4771851515887417
RE1,AN_AGFELC,2024,0.484971305560404
RE1,AN_AGFELC,2025,0.5029185865044021
RE1,AN_AGFELC,2026,0.5167170153452546
RE1,AN_AGFELC,2027,0.5315408158076068
RE1,AN_AGFELC,2028,0.5469910692478456
RE1,AN_AGFELC,2029,0.5629437508357166
RE1,AN_AGFELC,2030,0.5792900176481811
RE1,AN_AGFELC,2031,0.5960336613956511
RE1,AN_AGFELC,2032,0.6133195386910726
RE1,AN_AGFELC,2033,0.6311742270015567
RE1,AN_AGFELC,2034,0.6495470409569251
RE1,AN_AGFELC,2035,0.6694715044952646
RE1,AN_AGFELC,2036,0.6899945517449375
RE1,AN_AGFELC,2037,0.711965862952239
RE1,AN_AGFELC,2038,0.7346022190395916
RE1,AN_AGFELC,2039,0.7579243469457034
RE1,AN_AGFELC,2040,0.7819529819372583
RE1,AN_AGFELC,2041,0.8067097528136208
RE1,AN_AGFELC,2042,0.8347293202199997
RE1,AN_AGFELC,2043,0.8636143792945888
RE1,AN_AGFELC,2044,0.8933910730868589
RE1,AN_AGFELC,2045,0.9240863701952293
RE1,AN_AGFELC,2046,0.9557280918598159
RE1,AN_AGFELC,2047,0.988345532653602
RE1,AN_AGFELC,2048,1.023688833664972
RE1,AN_AGFELC,2049,1.062733189674294
RE1,AN_AGFELC,2050,1.103027728728286
RE1,AN_AGFELC,2051,1.144609747304177
RE1,AN_AGFELC,2052,1.187517518934875
RE1,AN_AGFELC,2053,1.231789729203123
RE1,AN_AGFELC,2054,1.277832153235635
RE1,AN_AGFHEA,2022,0.0
RE1,AN_AGFHEA,2023,0.0
RE1,AN_AGFHEA,2024,0.0
RE1,AN_AGFHEA,2025,0.0
RE1,AN_AGFHEA,2026,0.0
RE1,AN_AGFHEA,2027,0.0
RE1,AN_AGFHEA,2028,0.0
RE1,AN_AGFHEA,2029,0.0
RE1,AN_AGFHEA,2030,0.0
RE1,AN_AGFHEA,2031,0.0
RE1,AN_AGFHEA,2032,0.0
RE1,AN_AGFHEA,2033,0.0
RE1,AN_AGFHEA,2034,0.0
RE1,AN_AGFHEA,2035,0.0
RE1,AN_AGFHEA,2036,0.0
RE1,AN_AGFHEA,2037,0.0
RE1,AN_AGFHEA,2038,0.0
RE1,AN_AGFHEA,2039,0.0
RE1,AN_AGFHEA,2040,0.0
RE1,AN_AGFHEA,2041,0.0
RE1,AN_AGFHEA,2042,0.0
RE1,AN_AGFHEA,2043,0.0
RE1,AN_AGFHEA,2044,0.0
RE1,AN_AGFHEA,2045,0.0
RE1,AN_AGFHEA,2046,0.0
RE1,AN_AGFHEA,2047,0.0
RE1,AN_AGFHEA,2048,0.0
RE1,AN_AGFHEA,2049,0.0
RE1,AN_AGFHEA,2050,0.0
RE1,AN_AGFHEA,2051,0.0
RE1,AN_AGFHEA,2052,0.0
RE1,AN_AGFHEA,2053,0.0
RE1,AN_AGFHEA,2054,0.0
RE1,AN_INDCLIM,2022,0.06678924208177754
RE1,AN_INDCLIM,2023,0.06157021742892562
RE1,AN_INDCLIM,2024,0.05996517306786309
RE1,AN_INDCLIM,2025,0.06155097130267019
RE1,AN_INDCLIM,2026,0.0627286832919085
RE1,AN_INDCLIM,2027,0.06357815522898691
RE1,AN_INDCLIM,2028,0.06480961991097767
RE1,AN_INDCLIM,2029,0.06621327341567948
RE1,AN_INDCLIM,2030,0.06713745889085417
RE1,AN_INDCLIM,2031,0.06804319536152299
RE1,AN_INDCLIM,2032,0.06889683079241729
RE1,AN_INDCLIM,2033,0.06966242920820052
RE1,AN_INDCLIM,2034,0.07175051303042389
RE1,AN_INDCLIM,2035,0.0744861827074608
RE1,AN_INDCLIM,2036,0.07719439871419148
RE1,AN_INDCLIM,2037,0.08004823181997449
RE1,AN_INDCLIM,2038,0.08302637792539351
RE1,AN_INDCLIM,2039,0.08612474424745345
RE1,AN_INDCLIM,2040,0.08934280200919355
RE1,AN_INDCLIM,2041,0.09268662393552703
RE1,AN_INDCLIM,2042,0.09622334189857008
RE1,AN_INDCLIM,2043,0.09990922869555992
RE1,AN_INDCLIM,2044,0.1037709352796329
RE1,AN_INDCLIM,2045,0.1077783359739213
RE1,AN_INDCLIM,2046,0.1119353825589829
RE1,AN_INDCLIM,2047,0.1162864632341194
RE1,AN_INDCLIM,2048,0.1208051843808508
RE1,AN_INDCLIM,2049,0.1254941766706393
RE1,AN_INDCLIM,2050,0.1303643367410216
RE1,AN_INDCLIM,2051,0.1354316127266607
RE1,AN_INDCLIM,2052,0.1407053180861247
RE1,AN_INDCLIM,2053,0.1461906297349455
RE1,AN_INDCLIM,2054,0.1518725760310208
RE1,AN_INDDHT,2022,7.923845696030341
RE1,AN_INDDHT,2023,7.414588919584265
RE1,AN_INDDHT,2024,7.227879462807423
RE1,AN_INDDHT,2025,7.062227367090242
RE1,AN_INDDHT,2026,7.196992175475883
RE1,AN_INDDHT,2027,7.293365420510439
RE1,AN_INDDHT,2028,7.429851851462651
RE1,AN_INDDHT,2029,7.581522311139919
RE1,AN_INDDHT,2030,7.682240116051919
RE1,AN_INDDHT,2031,7.799445685905388
RE1,AN_INDDHT,2032,7.898010236977155
RE1,AN_INDDHT,2033,7.989450863126559
RE1,AN_INDDHT,2034,8.22828567190759
RE1,AN_INDDHT,2035,8.53547513068903
RE1,AN_INDDHT,2036,8.839512734607245
RE1,AN_INDDHT,2037,9.158732244259328
RE1,AN_INDDHT,2038,9.491280784693233
RE1,AN_INDDHT,2039,9.837174675544574
RE1,AN_INDDHT,2040,10.19677090820434
RE1,AN_INDDHT,2041,10.57068054415624
RE1,AN_INDDHT,2042,10.96484354914159
RE1,AN_INDDHT,2043,11.37529917722216
RE1,AN_INDDHT,2044,11.80422667352525
RE1,AN_INDDHT,2045,12.24913330105004
RE1,AN_INDDHT,2046,12.7099908160662
RE1,AN_INDDHT,2047,13.19173673083335
RE1,AN_INDDHT,2048,13.69156961842924
RE1,AN_INDDHT,2049,14.2098264433407
RE1,AN_INDDHT,2050,14.74744772127378
RE1,AN_INDDHT,2051,15.3060060179541
RE1,AN_INDDHT,2052,15.88638600120396
RE1,AN_INDDHT,2053,16.51421985597977
RE1,AN_INDDHT,2054,17.1645410054563
RE1,AN_INDIHT,2022,10.56877507647326
RE1,AN_INDIHT,2023,9.92475796397938
RE1,AN_INDIHT,2024,9.799968972432044
RE1,AN_INDIHT,2025,9.225223136380194
RE1,AN_INDIHT,2026,9.410179286214023
RE1,AN_INDIHT,2027,9.5455601911461
RE1,AN_INDIHT,2028,9.732616548962403
RE1,AN_INDIHT,2029,9.938817383725366
RE1,AN_INDIHT,2030,10.08028708751941
RE1,AN_INDIHT,2031,10.25321927478675
RE1,AN_INDIHT,2032,10.3923841708441
RE1,AN_INDIHT,2033,10.52151522275434
RE1,AN_INDIHT,2034,10.84458202790391
RE1,AN_INDIHT,2035,11.25851713179278
RE1,AN_INDIHT,2036,11.66910502692517
RE1,AN_INDIHT,2037,12.10009893169061
RE1,AN_INDIHT,2038,12.54928156046181
RE1,AN_INDIHT,2039,13.01687427916357
RE1,AN_INDIHT,2040,13.5034695935965
RE1,AN_INDIHT,2041,14.00991460362198
RE1,AN_INDIHT,2042,14.5431421724381
RE1,AN_INDIHT,2043,15.09891393960578
RE1,AN_INDIHT,2044,15.68019636075361
RE1,AN_INDIHT,2045,16.28400222267857
RE1,AN_INDIHT,2046,16.90994256004385
RE1,AN_INDIHT,2047,17.56457076538027
RE1,AN_INDIHT,2048,18.24437871952752
RE1,AN_INDIHT,2049,18.94994382425235
RE1,AN_INDIHT,2050,19.68239989614648
RE1,AN_INDIHT,2051,20.44391414187424
RE1,AN_INDIHT,2052,21.2356740447385
RE1,AN_INDIHT,2053,22.07756763062537
RE1,AN_INDIHT,2054,22.94970037238077
RE1,AN_INDILU,2022,0.1806945922561664
RE1,AN_INDILU,2023,0.1625903474833513
RE1,AN_INDILU,2024,0.158477449700354
RE1,AN_INDILU,2025,0.1629306980996997
RE1,AN_INDILU,2026,0.1660788854913488
RE1,AN_INDILU,2027,0.1683477057329124
RE1,AN_INDILU,2028,0.1715915873199318
RE1,AN_INDILU,2029,0.1752639870743969
RE1,AN_INDILU,2030,0.1776944593069243
RE1,AN_INDILU,2031,0.1801200440750041
RE1,AN_INDILU,2032,0.1823961877612556
RE1,AN_INDILU,2033,0.1844904375507929
RE1,AN_INDILU,2034,0.190042544993216
RE1,AN_INDILU,2035,0.1972701801869605
RE1,AN_INDILU,2036,0.2044350250385989
RE1,AN_INDILU,2037,0.2119768995159382
RE1,AN_INDILU,2038,0.2198438568864516
RE1,AN_INDILU,2039,0.2280300768716512
RE1,AN_INDILU,2040,0.2365372450202351
RE1,AN_INDILU,2041,0.2453809467975819
RE1,AN_INDILU,2042,0.2547360037897781
RE1,AN_INDILU,2043,0.2644876233838565
RE1,AN_INDILU,2044,0.2746972960270814
RE1,AN_INDILU,2045,0.2852931131380141
RE1,AN_INDILU,2046,0.2962849819250462
RE1,AN_INDILU,2047,0.3077891799917193
RE1,AN_INDILU,2048,0.3197365743119699
RE1,AN_INDILU,2049,0.3321344339195012
RE1,AN_INDILU,2050,0.3450122042794334
RE1,AN_INDILU,2051,0.3584115015611581
RE1,AN_INDILU,2052,0.3723563988215529
RE1,AN_INDILU,2053,0.3868617363641014
RE1,AN_INDILU,2054,0.4018846155693947
RE1,AN_INDMPW,2022,4.457500917127012
RE1,AN_INDMPW,2023,3.980400304388362
RE1,AN_INDMPW,2024,3.896433430177311
RE1,AN_INDMPW,2025,3.995031709568192
RE1,AN_INDMPW,2026,4.075218780978472
RE1,AN_INDMPW,2027,4.133689812557623
RE1,AN_INDMPW,2028,4.215760676849705
RE1,AN_INDMPW,2029,4.307971685253997
RE1,AN_INDMPW,2030,4.370042117562367
RE1,AN_INDMPW,2031,4.433771392126787
RE1,AN_INDMPW,2032,4.492648131892154
RE1,AN_INDMPW,2033,4.547392409330079
RE1,AN_INDMPW,2034,4.687236040500309
RE1,AN_INDMPW,2035,4.867997164883326
RE1,AN_INDMPW,2036,5.047156507078379
RE1,AN_INDMPW,2037,5.235643508749073
RE1,AN_INDMPW,2038,5.432252654871198
RE1,AN_INDMPW,2039,5.636897990963602
RE1,AN_INDMPW,2040,5.849675326952503
RE1,AN_INDMPW,2041,6.070978554710502
RE1,AN_INDMPW,2042,6.304962002516785
RE1,AN_INDMPW,2043,6.548917808552879
RE1,AN_INDMPW,2044,6.804299205810887
RE1,AN_INDMPW,2045,7.069390821223307
RE1,AN_INDMPW,2046,7.344410581727985
RE1,AN_INDMPW,2047,7.632266651526085
RE1,AN_INDMPW,2048,7.931273452172616
RE1,AN_INDMPW,2049,8.241623509920137
RE1,AN_INDMPW,2050,8.564044810757007
RE1,AN_INDMPW,2051,8.899565979547553
RE1,AN_INDMPW,2052,9.24877968813877
RE1,AN_INDMPW,2053,9.612090780540951
RE1,AN_INDMPW,2054,9.988409509552438
RE1,AN_INDOTH_ELC,2022,0.03981288919101738
RE1,AN_INDOTH_ELC,2023,0.03611872121896532
RE1,AN_INDOTH_ELC,2024,0.03527120000859203
RE1,AN_INDOTH_ELC,2025,0.03619497888328903
RE1,AN_INDOTH_ELC,2026,0.03688176788105711
RE1,AN_INDOTH_ELC,2027,0.03737976286466325
RE1,AN_INDOTH_ELC,2028,0.03810554040492539
RE1,AN_INDOTH_ELC,2029,0.03893427914306263
RE1,AN_INDOTH_ELC,2030,0.03948096350292944
RE1,AN_INDOTH_ELC,2031,0.0400155038608405
RE1,AN_INDOTH_ELC,2032,0.04052112933638116
RE1,AN_INDOTH_ELC,2033,0.0409701150595041
RE1,AN_INDOTH_ELC,2034,0.04220215983956303
RE1,AN_INDOTH_ELC,2035,0.04381599357131261
RE1,AN_INDOTH_ELC,2036,0.04540936889418527
RE1,AN_INDOTH_ELC,2037,0.0470893113020371
RE1,AN_INDOTH_ELC,2038,0.04884294794618536
RE1,AN_INDOTH_ELC,2039,0.05066748231233659
RE1,AN_INDOTH_ELC,2040,0.05256242264865122
RE1,AN_INDOTH_ELC,2041,0.05453136103685362
RE1,AN_INDOTH_ELC,2042,0.05661387230422909
RE1,AN_INDOTH_ELC,2043,0.05878404169924053
RE1,AN_INDOTH_ELC,2044,0.06105828417259521
RE1,AN_INDOTH_ELC,2045,0.06341802171831623
RE1,AN_INDOTH_ELC,2046,0.06586547247710826
RE1,AN_INDOTH_ELC,2047,0.06842730809870376
RE1,AN_INDOTH_ELC,2048,0.07108793727956991
RE1,AN_INDOTH_ELC,2049,0.07384883601660329
RE1,AN_INDOTH_ELC,2050,0.07671640275942368
RE1,AN_INDOTH_ELC,2051,0.07970002729064452
RE1,AN_INDOTH_ELC,2052,0.08280520252758093
RE1,AN_INDOTH_ELC,2053,0.08603478416914787
RE1,AN_INDOTH_ELC,2054,0.08938033218589062
RE1,AN_INDREF,2022,0.2132618910930623
RE1,AN_INDREF,2023,0.2170482454984826
RE1,AN_INDREF,2024,0.2134141730661204
RE1,AN_INDREF,2025,0.2181018675570808
RE1,AN_INDREF,2026,0.2225653369822398
RE1,AN_INDREF,2027,0.2258070211090839
RE1,AN_INDREF,2028,0.2303287173996198
RE1,AN_INDREF,2029,0.2353845835982619
RE1,AN_INDREF,2030,0.2387831592082139
RE1,AN_INDREF,2031,0.242192495750507
RE1,AN_INDREF,2032,0.2455070100714109
RE1,AN_INDREF,2033,0.2486783884872645
RE1,AN_INDREF,2034,0.2565130998735208
RE1,AN_INDREF,2035,0.2665111925887039
RE1,AN_INDREF,2036,0.2763850118572181
RE1,AN_INDREF,2037,0.2867715713969217
RE1,AN_INDREF,2038,0.2976088283638303
RE1,AN_INDREF,2039,0.3088937258687753
RE1,AN_INDREF,2040,0.3206359159039172
RE1,AN_INDREF,2041,0.3328590047926145
RE1,AN_INDREF,2042,0.3457984311549804
RE1,AN_INDREF,2043,0.3592906033554255
RE1,AN_INDREF,2044,0.3734040971290463
RE1,AN_INDREF,2045,0.3880412809653851
RE1,AN_INDREF,2046,0.4032255096617446
RE1,AN_INDREF,2047,0.4191221064125549
RE1,AN_INDREF,2048,0.4356356985124647
RE1,AN_INDREF,2049,0.4527749861754353
RE1,AN_INDREF,2050,0.4705857341977872
RE1,AN_INDREF,2051,0.4891240579245091
RE1,AN_INDREF,2052,0.5084218323852568
RE1,AN_INDREF,2053,0.5284988500172697
RE1,AN_INDREF,2054,0.5492932502171078
RE1,AN_RESCLIM_RUR,2022,0.03450590808612554
RE1,AN_RESCLIM_RUR,2023,0.03215395544742298
RE1,AN_RESCLIM_RUR,2024,0.03915667573980658
RE1,AN_RESCLIM_RUR,2025,0.04199687336005717
RE1,AN_RESCLIM_RUR,2026,0.04425160032686586
RE1,AN_RESCLIM_RUR,2027,0.04661962453691479
RE1,AN_RESCLIM_RUR,2028,0.04910883012340392
RE1,AN_RESCLIM_RUR,2029,0.05171968689827008
RE1,AN_RESCLIM_RUR,2030,0.05446768817864898
RE1,AN_RESCLIM_RUR,2031,0.05732703840441572
RE1,AN_RESCLIM_RUR,2032,0.06026461160249883
RE1,AN_RESCLIM_RUR,2033,0.06328442869223273
RE1,AN_RESCLIM_RUR,2034,0.06638634887485716
RE1,AN_RESCLIM_RUR,2035,0.06957124132554492
RE1,AN_RESCLIM_RUR,2036,0.07284529868584633
RE1,AN_RESCLIM_RUR,2037,0.07620561564016992
RE1,AN_RESCLIM_RUR,2038,0.0796534731797887
RE1,AN_RESCLIM_RUR,2039,0.08319051719495937
RE1,AN_RESCLIM_RUR,2040,0.08681535148398005
RE1,AN_RESCLIM_RUR,2041,0.0905305884130545
RE1,AN_RESCLIM_RUR,2042,0.0943316414514565
RE1,AN_RESCLIM_RUR,2043,0.09822051951217102
RE1,AN_RESCLIM_RUR,2044,0.1021943769491873
RE1,AN_RESCLIM_RUR,2045,0.1062515161588051
RE1,AN_RESCLIM_RUR,2046,0.1103903835360855
RE1,AN_RESCLIM_RUR,2047,0.11459933330117
RE1,AN_RESCLIM_RUR,2048,0.1188756683445855
RE1,AN_RESCLIM_RUR,2049,0.1231987092731175
RE1,AN_RESCLIM_RUR,2050,0.1275798960031158
RE1,AN_RESCLIM_RUR,2051,0.1296187487932415
RE1,AN_RESCLIM_RUR,2052,0.1316332106464748
RE1,AN_RESCLIM_RUR,2053,0.1336212121104528
RE1,AN_RESCLIM_RUR,2054,0.1355806882843655
RE1,AN_RESCLIM_URB,2022,0.07334319637603813
RE1,AN_RESCLIM_URB,2023,0.07519096613946387
RE1,AN_RESCLIM_URB,2024,0.1599500492148354
RE1,AN_RESCLIM_URB,2025,0.165448007160097
RE1,AN_RESCLIM_URB,2026,0.181056315747692
RE1,AN_RESCLIM_URB,2027,0.1971437191146794
RE1,AN_RESCLIM_URB,2028,0.2136272359792147
RE1,AN_RESCLIM_URB,2029,0.2304127548991034
RE1,AN_RESCLIM_URB,2030,0.247404569271386
RE1,AN_RESCLIM_URB,2031,0.264512244687571
RE1,AN_RESCLIM_URB,2032,0.2819934289860486
RE1,AN_RESCLIM_URB,2033,0.2998454363241095
RE1,AN_RESCLIM_URB,2034,0.3180538175461393
RE1,AN_RESCLIM_URB,2035,0.3366057330122846
RE1,AN_RESCLIM_URB,2036,0.355499480880675
RE1,AN_RESCLIM_URB,2037,0.3747200576618777
RE1,AN_RESCLIM_URB,2038,0.3942727737677119
RE1,AN_RESCLIM_URB,2039,0.4141569082371684
RE1,AN_RESCLIM_URB,2040,0.4343650957708255
RE1,AN_RESCLIM_URB,2041,0.4548858114288944
RE1,AN_RESCLIM_URB,2042,0.4756991017167763
RE1,AN_RESCLIM_URB,2043,0.496801117804782
RE1,AN_RESCLIM_URB,2044,0.5181834846529567
RE1,AN_RESCLIM_URB,2045,0.5398347753786866
RE1,AN_RESCLIM_URB,2046,0.561775659079742
RE1,AN_RESCLIM_URB,2047,0.5840162818216008
RE1,AN_RESCLIM_URB,2048,0.6065546906371314
RE1,AN_RESCLIM_URB,2049,0.6293338016669107
RE1,AN_RESCLIM_URB,2050,0.6523444016398425
RE1,AN_RESCLIM_URB,2051,0.6601314488354282
RE1,AN_RESCLIM_URB,2052,0.6677795948810751
RE1,AN_RESCLIM_URB,2053,0.6752816154986842
RE1,AN_RESCLIM_URB,2054,0.6826306517106577
RE1,AN_RESDHT_RUR,2022,1.158754104652178
RE1,AN_RESDHT_RUR,2023,1.102084802901437
RE1,AN_RESDHT_RUR,2024,1.348656505679497
RE1,AN_RESDHT_RUR,2025,1.362748784004733
RE1,AN_RESDHT_RUR,2026,1.359467453962646
RE1,AN_RESDHT_RUR,2027,1.357055111515966
RE1,AN_RESDHT_RUR,2028,1.355465859203533
RE1,AN_RESDHT_RUR,2029,1.354429355840039
RE1,AN_RESDHT_RUR,2030,1.354116862583998
RE1,AN_RESDHT_RUR,2031,1.381140023876875
RE1,AN_RESDHT_RUR,2032,1.408196654650605
RE1,AN_RESDHT_RUR,2033,1.435384145115059
RE1,AN_RESDHT_RUR,2034,1.462681058028624
RE1,AN_RESDHT_RUR,2035,1.490078672189637
RE1,AN_RESDHT_RUR,2036,1.517366479778013
RE1,AN_RESDHT_RUR,2037,1.54488995866727
RE1,AN_RESDHT_RUR,2038,1.572548829931115
RE1,AN_RESDHT_RUR,2039,1.60036911030573
RE1,AN_RESDHT_RUR,2040,1.628299707405445
RE1,AN_RESDHT_RUR,2041,1.654137930530327
RE1,AN_RESDHT_RUR,2042,1.679916524743781
RE1,AN_RESDHT_RUR,2043,1.705671315274018
RE1,AN_RESDHT_RUR,2044,1.731334523089632
RE1,AN_RESDHT_RUR,2045,1.756855189354162
RE1,AN_RESDHT_RUR,2046,1.780957959775488
RE1,AN_RESDHT_RUR,2047,1.804627177723793
RE1,AN_RESDHT_RUR,2048,1.827840191438547
RE1,AN_RESDHT_RUR,2049,1.85026299957688
RE1,AN_RESDHT_RUR,2050,1.872090935252869
RE1,AN_RESDHT_RUR,2051,1.90315012302506
RE1,AN_RESDHT_RUR,2052,1.93384732630133
RE1,AN_RESDHT_RUR,2053,1.964149880373329
RE1,AN_RESDHT_RUR,2054,1.994025183043595
RE1,AN_RESDHT_URB,2022,5.43138678467042
RE1,AN_RESDHT_URB,2023,5.352057024633027
RE1,AN_RESDHT_URB,2024,5.739189961500029
RE1,AN_RESDHT_URB,2025,6.120336295830375
RE1,AN_RESDHT_URB,2026,6.370129280858494
RE1,AN_RESDHT_URB,2027,6.618170690303821
RE1,AN_RESDHT_URB,2028,6.863040883378048
RE1,AN_RESDHT_URB,2029,7.103029810351368
RE1,AN_RESDHT_URB,2030,7.336627822329101
RE1,AN_RESDHT_URB,2031,7.579721148685761
RE1,AN_RESDHT_URB,2032,7.822555275853389
RE1,AN_RESDHT_URB,2033,8.065159346542039
RE1,AN_RESDHT_URB,2034,8.307424270357599
RE1,AN_RESDHT_URB,2035,8.549450591382048
RE1,AN_RESDHT_URB,2036,8.793995067587776
RE1,AN_RESDHT_URB,2037,9.038738788165324
RE1,AN_RESDHT_URB,2038,9.283818689721668
RE1,AN_RESDHT_URB,2039,9.529302754656909
RE1,AN_RESDHT_URB,2040,9.77519443879859
RE1,AN_RESDHT_URB,2041,10.02307406825953
RE1,AN_RESDHT_URB,2042,10.2710788611427
RE1,AN_RESDHT_URB,2043,10.5191656579522
RE1,AN_RESDHT_URB,2044,10.76726728612286
RE1,AN_RESDHT_URB,2045,11.01535147919519
RE1,AN_RESDHT_URB,2046,11.2647204871293
RE1,AN_RESDHT_URB,2047,11.51474847983059
RE1,AN_RESDHT_URB,2048,11.7654486564271
RE1,AN_RESDHT_URB,2049,12.01536925032918
RE1,AN_RESDHT_URB,2050,12.24593198436115
RE1,AN_RESDHT_URB,2051,12.40154475864177
RE1,AN_RESDHT_URB,2052,12.55425947038789
RE1,AN_RESDHT_URB,2053,12.69700497528148
RE1,AN_RESDHT_URB,2054,12.83638580888325
RE1,AN_RESILU_RUR,2022,0.04071285936091353
RE1,AN_RESILU_RUR,2023,0.04777735122272297
RE1,AN_RESILU_RUR,2024,0.04708876191309586
RE1,AN_RESILU_RUR,2025,0.04922299533274565
RE1,AN_RESILU_RUR,2026,0.05047618200966567
RE1,AN_RESILU_RUR,2027,0.05180832384001342
RE1,AN_RESILU_RUR,2028,0.05322342145498343
RE1,AN_RESILU_RUR,2029,0.05470964469447508
RE1,AN_RESILU_RUR,2030,0.05628191737957802
RE1,AN_RESILU_RUR,2031,0.057909010048422
RE1,AN_RESILU_RUR,2032,0.05955416897890793
RE1,AN_RESILU_RUR,2033,0.06121262460692719
RE1,AN_RESILU_RUR,2034,0.06289651249386763
RE1,AN_RESILU_RUR,2035,0.06459221056983193
RE1,AN_RESILU_RUR,2036,0.06631816815481911
RE1,AN_RESILU_RUR,2037,0.0680552032569847
RE1,AN_RESILU_RUR,2038,0.06981569672341055
RE1,AN_RESILU_RUR,2039,0.07159794716293207
RE1,AN_RESILU_RUR,2040,0.0734050095838792
RE1,AN_RESILU_RUR,2041,0.07523069601394737
RE1,AN_RESILU_RUR,2042,0.0770731315069998
RE1,AN_RESILU_RUR,2043,0.07893464084163068
RE1,AN_RESILU_RUR,2044,0.08080921842306717
RE1,AN_RESILU_RUR,2045,0.08269737100084516
RE1,AN_RESILU_RUR,2046,0.08460403858315615
RE1,AN_RESILU_RUR,2047,0.08651007829462345
RE1,AN_RESILU_RUR,2048,0.08842167058920132
RE1,AN_RESILU_RUR,2049,0.09031377362506439
RE1,AN_RESILU_RUR,2050,0.09220042127304844
RE1,AN_RESILU_RUR,2051,0.09410424833273158
RE1,AN_RESILU_RUR,2052,0.09599742430029427
RE1,AN_RESILU_RUR,2053,0.09766551256401576
RE1,AN_RESILU_RUR,2054,0.09931343288328706
RE1,AN_RESILU_URB,2022,0.1483189164155245
RE1,AN_RESILU_URB,2023,0.1671445156747621
RE1,AN_RESILU_URB,2024,0.1807131185547234
RE1,AN_RESILU_URB,2025,0.1831475440812412
RE1,AN_RESILU_URB,2026,0.1893725495934546
RE1,AN_RESILU_URB,2027,0.1954736794840242
RE1,AN_RESILU_URB,2028,0.2014116965596158
RE1,AN_RESILU_URB,2029,0.2071413345676381
RE1,AN_RESILU_URB,2030,0.2126234034071859
RE1,AN_RESILU_URB,2031,0.2178005046000362
RE1,AN_RESILU_URB,2032,0.2228833583775785
RE1,AN_RESILU_URB,2033,0.2278761786626461
RE1,AN_RESILU_URB,2034,0.2327783434180388
RE1,AN_RESILU_URB,2035,0.2375953241568298
RE1,AN_RESILU_URB,2036,0.2423277362523799
RE1,AN_RESILU_URB,2037,0.2469916478254197
RE1,AN_RESILU_URB,2038,0.2515896022333113
RE1,AN_RESILU_URB,2039,0.2561255454706596
RE1,AN_RESILU_URB,2040,0.2606015416319668
RE1,AN_RESILU_URB,2041,0.2650178446693429
RE1,AN_RESILU_URB,2042,0.2693686208454832
RE1,AN_RESILU_URB,2043,0.2736553463436122
RE1,AN_RESILU_URB,2044,0.2778778970643686
RE1,AN_RESILU_URB,2045,0.2820375299084422
RE1,AN_RESILU_URB,2046,0.2861456647803971
RE1,AN_RESILU_URB,2047,0.2902103257887324
RE1,AN_RESILU_URB,2048,0.2942337934807426
RE1,AN_RESILU_URB,2049,0.2981806294751179
RE1,AN_RESILU_URB,2050,0.3049141197586901
RE1,AN_RESILU_URB,2051,0.3086293210035991
RE1,AN_RESILU_URB,2052,0.3122681000536031
RE1,AN_RESILU_URB,2053,0.3158265545256099
RE1,AN_RESILU_URB,2054,0.3193009684073346
RE1,AN_RESOTH_RUR,2022,0.169149823432702
RE1,AN_RESOTH_RUR,2023,0.1970195220258397
RE1,AN_RESOTH_RUR,2024,0.1936560120887341
RE1,AN_RESOTH_RUR,2025,0.2024229593738764
RE1,AN_RESOTH_RUR,2026,0.2073875968212406
RE1,AN_RESOTH_RUR,2027,0.2126615334562041
RE1,AN_RESOTH_RUR,2028,0.2182623817373045
RE1,AN_RESOTH_RUR,2029,0.2241496301548459
RE1,AN_RESOTH_RUR,2030,0.2303801185517156
RE1,AN_RESOTH_RUR,2031,0.2368226640607316
RE1,AN_RESOTH_RUR,2032,0.2433267302163225
RE1,AN_RESOTH_RUR,2033,0.2498846748212744
RE1,AN_RESOTH_RUR,2034,0.2565285212525638
RE1,AN_RESOTH_RUR,2035,0.2632205175422923
RE1,AN_RESOTH_RUR,2036,0.2699932379035773
RE1,AN_RESOTH_RUR,2037,0.2768464101860318
RE1,AN_RESOTH_RUR,2038,0.2837856076473751
RE1,AN_RESOTH_RUR,2039,0.2908096357805697
RE1,AN_RESOTH_RUR,2040,0.29792414873623
RE1,AN_RESOTH_RUR,2041,0.3051151872245729
RE1,AN_RESOTH_RUR,2042,0.3123690857271866
RE1,AN_RESOTH_RUR,2043,0.3196979065107324
RE1,AN_RESOTH_RUR,2044,0.3270813440258825
RE1,AN_RESOTH_RUR,2045,0.3345173469286817
RE1,AN_RESOTH_RUR,2046,0.3420189525333039
RE1,AN_RESOTH_RUR,2047,0.3495198204080319
RE1,AN_RESOTH_RUR,2048,0.35703731629927
RE1,AN_RESOTH_RUR,2049,0.3644769023400029
RE1,AN_RESOTH_RUR,2050,0.3718792659457753
RE1,AN_RESOTH_RUR,2051,0.3793527470013568
RE1,AN_RESOTH_RUR,2052,0.3867796981485942
RE1,AN_RESOTH_RUR,2053,0.3932968032212481
RE1,AN_RESOTH_RUR,2054,0.3997303749954098
RE1,AN_RESOTH_URB,2022,0.7407071539465633
RE1,AN_RESOTH_URB,2023,0.8366094995537434
RE1,AN_RESOTH_URB,2024,0.9048068725246984
RE1,AN_RESOTH_URB,2025,0.9164989810398797
RE1,AN_RESOTH_URB,2026,0.948210492550748
RE1,AN_RESOTH_URB,2027,0.978486625245755
RE1,AN_RESOTH_URB,2028,1.008779035942615
RE1,AN_RESOTH_URB,2029,1.037161450526391
RE1,AN_RESOTH_URB,2030,1.06427479907864
RE1,AN_RESOTH_URB,2031,1.090766424246462
RE1,AN_RESOTH_URB,2032,1.115859642213696
RE1,AN_RESOTH_URB,2033,1.141455300844818
RE1,AN_RESOTH_URB,2034,1.165629395356803
RE1,AN_RESOTH_URB,2035,1.189359964002885
RE1,AN_RESOTH_URB,2036,1.213674681494092
RE1,AN_RESOTH_URB,2037,1.236625222964661
RE1,AN_RESOTH_URB,2038,1.26029630109485
RE1,AN_RESOTH_URB,2039,1.282593043820889
RE1,AN_RESOTH_URB,2040,1.304574197093316
RE1,AN_RESOTH_URB,2041,1.327361671374658
RE1,AN_RESOTH_URB,2042,1.348703109607173
RE1,AN_RESOTH_URB,2043,1.370864630928314
RE1,AN_RESOTH_URB,2044,1.391552191550391
RE1,AN_RESOTH_URB,2045,1.411910441349713
RE1,AN_RESOTH_URB,2046,1.433202204265552
RE1,AN_RESOTH_URB,2047,1.453073275523208
RE1,AN_RESOTH_URB,2048,1.473962641006042
RE1,AN_RESOTH_URB,2049,1.493232376638886
RE1,AN_RESOTH_URB,2050,1.526952035166555
RE1,AN_RESOTH_URB,2051,1.545555757221728
RE1,AN_RESOTH_URB,2052,1.563775998633084
RE1,AN_RESOTH_URB,2053,1.58159320508825
RE1,AN_RESOTH_URB,2054,1.598988756951551
RE1,AN_RESREF_RUR,2022,0.06332775648904654
RE1,AN_RESREF_RUR,2023,0.07511277131659631
RE1,AN_RESREF_RUR,2024,0.07368819195306092
RE1,AN_RESREF_RUR,2025,0.07773371825140016
RE1,AN_RESREF_RUR,2026,0.0802327860325465
RE1,AN_RESREF_RUR,2027,0.08287292551670575
RE1,AN_RESREF_RUR,2028,0.08566080993834631
RE1,AN_RESREF_RUR,2029,0.08859008578569731
RE1,AN_RESREF_RUR,2030,0.09168168194990478
RE1,AN_RESREF_RUR,2031,0.09405161210128037
RE1,AN_RESREF_RUR,2032,0.09644556827372669
RE1,AN_RESREF_RUR,2033,0.09886854096337871
RE1,AN_RESREF_RUR,2034,0.1013184827066752
RE1,AN_RESREF_RUR,2035,0.1037953983312708
RE1,AN_RESREF_RUR,2036,0.1063105277877579
RE1,AN_RESREF_RUR,2037,0.1088548507797662
RE1,AN_RESREF_RUR,2038,0.1114291218066892
RE1,AN_RESREF_RUR,2039,0.1140364189498986
RE1,AN_RESREF_RUR,2040,0.1166732912324672
RE1,AN_RESREF_RUR,2041,0.1193436206564689
RE1,AN_RESREF_RUR,2042,0.1220398096212236
RE1,AN_RESREF_RUR,2043,0.1247640246540804
RE1,AN_RESREF_RUR,2044,0.1275116390770746
RE1,AN_RESREF_RUR,2045,0.1302795534202238
RE1,AN_RESREF_RUR,2046,0.1330670798516176
RE1,AN_RESREF_RUR,2047,0.1358593609147472
RE1,AN_RESREF_RUR,2048,0.1386518512379889
RE1,AN_RESREF_RUR,2049,0.1414190723463615
RE1,AN_RESREF_RUR,2050,0.1441769568895032
RE1,AN_RESREF_RUR,2051,0.1467371056064558
RE1,AN_RESREF_RUR,2052,0.1492730313076125
RE1,AN_RESREF_RUR,2053,0.1517819944921376
RE1,AN_RESREF_RUR,2054,0.1542612486714326
RE1,AN_RESREF_URB,2022,0.9876268572535456
RE1,AN_RESREF_URB,2023,1.135004052942785
RE1,AN_RESREF_URB,2024,1.212366041140604
RE1,AN_RESREF_URB,2025,1.242434641175479
RE1,AN_RESREF_URB,2026,1.29814324162662
RE1,AN_RESREF_URB,2027,1.353858532977944
RE1,AN_RESREF_URB,2028,1.409281079765654
RE1,AN_RESREF_URB,2029,1.46405018243534
RE1,AN_RESREF_URB,2030,1.517842004863302
RE1,AN_RESREF_URB,2031,1.556286424055867
RE1,AN_RESREF_URB,2032,1.594124831122163
RE1,AN_RESREF_URB,2033,1.631382881840449
RE1,AN_RESREF_URB,2034,1.668056269786485
RE1,AN_RESREF_URB,2035,1.704182206036027
RE1,AN_RESREF_URB,2036,1.73979235330871
RE1,AN_RESREF_URB,2037,1.774942992478792
RE1,AN_RESREF_URB,2038,1.809679852611992
RE1,AN_RESREF_URB,2039,1.844028835118226
RE1,AN_RESREF_URB,2040,1.878002849169654
RE1,AN_RESREF_URB,2041,1.911604395940591
RE1,AN_RESREF_URB,2042,1.944788829920046
RE1,AN_RESREF_URB,2043,1.977563399125549
RE1,AN_RESREF_URB,2044,2.00992698837435
RE1,AN_RESREF_URB,2045,2.041888195415942
RE1,AN_RESREF_URB,2046,2.073526485887325
RE1,AN_RESREF_URB,2047,2.104898517462038
RE1,AN_RESREF_URB,2048,2.136016865140438
RE1,AN_RESREF_URB,2049,2.166627270935823
RE1,AN_RESREF_URB,2050,2.196697596648521
RE1,AN_RESREF_URB,2051,2.223396485561454
RE1,AN_RESREF_URB,2052,2.249537898172428
RE1,AN_RESREF_URB,2053,2.275093546134898
RE1,AN_RESREF_URB,2054,2.300036492846416
RE1,AN_RESTV_RUR,2022,0.08072663801381343
RE1,AN_RESTV_RUR,2023,0.09352648124443722
RE1,AN_RESTV_RUR,2024,0.09728938748947807
RE1,AN_RESTV_RUR,2025,0.1028423921072363
RE1,AN_RESTV_RUR,2026,0.1056491844522247
RE1,AN_RESTV_RUR,2027,0.108608182123202
RE1,AN_RESTV_RUR,2028,0.1117279565215382
RE1,AN_RESTV_RUR,2029,0.1149997306952178
RE1,AN_RESTV_RUR,2030,0.118449296662817
RE1,AN_RESTV_RUR,2031,0.1216761277380038
RE1,AN_RESTV_RUR,2032,0.1249322829773984
RE1,AN_RESTV_RUR,2033,0.1282246786213996
RE1,AN_RESTV_RUR,2034,0.1315512424821869
RE1,AN_RESTV_RUR,2035,0.1349121560498517
RE1,AN_RESTV_RUR,2036,0.1383203817927728
RE1,AN_RESTV_RUR,2037,0.141768943492493
RE1,AN_RESTV_RUR,2038,0.145256997469557
RE1,AN_RESTV_RUR,2039,0.1487886780009593
RE1,AN_RESTV_RUR,2040,0.1523597230609352
RE1,AN_RESTV_RUR,2041,0.155975367299182
RE1,AN_RESTV_RUR,2042,0.1596257255758405
RE1,AN_RESTV_RUR,2043,0.1633139112402579
RE1,AN_RESTV_RUR,2044,0.1670340958311951
RE1,AN_RESTV_RUR,2045,0.1707822179120759
RE1,AN_RESTV_RUR,2046,0.1745572713323859
RE1,AN_RESTV_RUR,2047,0.1783398178102618
RE1,AN_RESTV_RUR,2048,0.1821241798110225
RE1,AN_RESTV_RUR,2049,0.1858764608909188
RE1,AN_RESTV_RUR,2050,0.1896157873923636
RE1,AN_RESTV_RUR,2051,0.1933921700853525
RE1,AN_RESTV_RUR,2052,0.1971478034389865
RE1,AN_RESTV_RUR,2053,0.2004426575300877
RE1,AN_RESTV_RUR,2054,0.2036979082009987
RE1,AN_RESTV_URB,2022,0.2657713427193236
RE1,AN_RESTV_URB,2023,0.3078818807850858
RE1,AN_RESTV_URB,2024,0.3274533050243003
RE1,AN_RESTV_URB,2025,0.3321416682595499
RE1,AN_RESTV_URB,2026,0.3434409990846379
RE1,AN_RESTV_URB,2027,0.3545149592536079
RE1,AN_RESTV_URB,2028,0.3652927163694076
RE1,AN_RESTV_URB,2029,0.375692319373281
RE1,AN_RESTV_URB,2030,0.3856424250330587
RE1,AN_RESTV_URB,2031,0.3950394787815587
RE1,AN_RESTV_URB,2032,0.4042656643762543
RE1,AN_RESTV_URB,2033,0.4133285100188916
RE1,AN_RESTV_URB,2034,0.4222267532326246
RE1,AN_RESTV_URB,2035,0.4309703964201507
RE1,AN_RESTV_URB,2036,0.4395594675856931
RE1,AN_RESTV_URB,2037,0.4480255027685298
RE1,AN_RESTV_URB,2038,0.4563719987354222
RE1,AN_RESTV_URB,2039,0.4646059928519611
RE1,AN_RESTV_URB,2040,0.4727309424147904
RE1,AN_RESTV_URB,2041,0.4807474926951055
RE1,AN_RESTV_URB,2042,0.4886449415226074
RE1,AN_RESTV_URB,2043,0.4964258939305145
RE1,AN_RESTV_URB,2044,0.5040902248426631
RE1,AN_RESTV_URB,2045,0.5116400481458389
RE1,AN_RESTV_URB,2046,0.5190961828095817
RE1,AN_RESTV_URB,2047,0.5264727196448276
RE1,AN_RESTV_URB,2048,0.533774093672859
RE1,AN_RESTV_URB,2049,0.5409353062531014
RE1,AN_RESTV_URB,2050,0.55315018677552
RE1,AN_RESTV_URB,2051,0.5598888661097936
RE1,AN_RESTV_URB,2052,0.566487812390315
RE1,AN_RESTV_URB,2053,0.5729399113405301
RE1,AN_RESTV_URB,2054,0.5792383885340594
RE1,AN_RESWHT_RUR,2022,0.06917497547111104
RE1,AN_RESWHT_RUR,2023,0.09447733350499833
RE1,AN_RESWHT_RUR,2024,0.1047060573999715
RE1,AN_RESWHT_RUR,2025,0.1126571259018751
RE1,AN_RESWHT_RUR,2026,0.11515269688457
RE1,AN_RESWHT_RUR,2027,0.1178019135687389
RE1,AN_RESWHT_RUR,2028,0.1206086825811942
RE1,AN_RESWHT_RUR,2029,0.123560172623846
RE1,AN_RESWHT_RUR,2030,0.1266813377928261
RE1,AN_RESWHT_RUR,2031,0.1299090410565172
RE1,AN_RESWHT_RUR,2032,0.1331675365616138
RE1,AN_RESWHT_RUR,2033,0.1364624316035183
RE1,AN_RESWHT_RUR,2034,0.1397878546330442
RE1,AN_RESWHT_RUR,2035,0.143144062356774
RE1,AN_RESWHT_RUR,2036,0.1465534267902363
RE1,AN_RESWHT_RUR,2037,0.1499887344225629
RE1,AN_RESWHT_RUR,2038,0.1534565802693277
RE1,AN_RESWHT_RUR,2039,0.1569620740154039
RE1,AN_RESWHT_RUR,2040,0.160499138615036
RE1,AN_RESWHT_RUR,2041,0.1640750010423612
RE1,AN_RESWHT_RUR,2042,0.1676781013674145
RE1,AN_RESWHT_RUR,2043,0.1713112535412077
RE1,AN_RESWHT_RUR,2044,0.1749689946289138
RE1,AN_RESWHT_RUR,2045,0.1786452402780095
RE1,AN_RESWHT_RUR,2046,0.1823409079479508
RE1,AN_RESWHT_RUR,2047,0.186036453617364
RE1,AN_RESWHT_RUR,2048,0.189724236221006
RE1,AN_RESWHT_RUR,2049,0.1933699717914234
RE1,AN_RESWHT_RUR,2050,0.1969963134963319
RE1,AN_RESWHT_RUR,2051,0.200651392729532
RE1,AN_RESWHT_RUR,2052,0.2042762903858445
RE1,AN_RESWHT_RUR,2053,0.2078670356262026
RE1,AN_RESWHT_RUR,2054,0.211419637557575
RE1,AN_RESWHT_URB,2022,1.707397384899871
RE1,AN_RESWHT_URB,2023,1.828537925609701
RE1,AN_RESWHT_URB,2024,1.973656961749712
RE1,AN_RESWHT_URB,2025,2.034704897077102
RE1,AN_RESWHT_URB,2026,2.098812990890397
RE1,AN_RESWHT_URB,2027,2.161805038596419
RE1,AN_RESWHT_URB,2028,2.223373428809537
RE1,AN_RESWHT_URB,2029,2.283064669866627
RE1,AN_RESWHT_URB,2030,2.340509392683059
RE1,AN_RESWHT_URB,2031,2.394889888020711
RE1,AN_RESWHT_URB,2032,2.448289586783178
RE1,AN_RESWHT_URB,2033,2.500689564276728
RE1,AN_RESWHT_URB,2034,2.552088199183572
RE1,AN_RESWHT_URB,2035,2.602571124987098
RE1,AN_RESWHT_URB,2036,2.652122204427991
RE1,AN_RESWHT_URB,2037,2.700942046722805
RE1,AN_RESWHT_URB,2038,2.749045815412882
RE1,AN_RESWHT_URB,2039,2.79645225165811
RE1,AN_RESWHT_URB,2040,2.843197765750354
RE1,AN_RESWHT_URB,2041,2.889274325566462
RE1,AN_RESWHT_URB,2042,2.934620317968105
RE1,AN_RESWHT_URB,2043,2.979245491932402
RE1,AN_RESWHT_URB,2044,3.023132324024383
RE1,AN_RESWHT_URB,2045,3.066316265510745
RE1,AN_RESWHT_URB,2046,3.108910878971583
RE1,AN_RESWHT_URB,2047,3.150992673259112
RE1,AN_RESWHT_URB,2048,3.192595247602908
RE1,AN_RESWHT_URB,2049,3.233272349841118
RE1,AN_RESWHT_URB,2050,3.27292056619462
RE1,AN_RESWHT_URB,2051,3.312521771749071
RE1,AN_RESWHT_URB,2052,3.351270626823517
RE1,AN_RESWHT_URB,2053,3.389124420436805
RE1,AN_RESWHT_URB,2054,3.426042519124141
RE1,AN_RESWSH_RUR,2022,0.04403560628021224
RE1,AN_RESWSH_RUR,2023,0.05009866985600509
RE1,AN_RESWSH_RUR,2024,0.04905460529843731
RE1,AN_RESWSH_RUR,2025,0.05194049483546026
RE1,AN_RESWSH_RUR,2026,0.05378018635168414
RE1,AN_RESWSH_RUR,2027,0.05572110217633949
RE1,AN_RESWSH_RUR,2028,0.05776815460301449
RE1,AN_RESWSH_RUR,2029,0.05991769466805443
RE1,AN_RESWSH_RUR,2030,0.06218445406432326
RE1,AN_RESWSH_RUR,2031,0.0643273289264889
RE1,AN_RESWSH_RUR,2032,0.06651223888126656
RE1,AN_RESWSH_RUR,2033,0.06874277587368224
RE1,AN_RESWSH_RUR,2034,0.07101769563085335
RE1,AN_RESWSH_RUR,2035,0.07333742705000919
RE1,AN_RESWSH_RUR,2036,0.07571234151298839
RE1,AN_RESWSH_RUR,2037,0.07813156213508306
RE1,AN_RESWSH_RUR,2038,0.08059843477880868
RE1,AN_RESWSH_RUR,2039,0.08311538601649691
RE1,AN_RESWSH_RUR,2040,0.08568023938805835
RE1,AN_RESWSH_RUR,2041,0.08829620764834224
RE1,AN_RESWSH_RUR,2042,0.09095817530266653
RE1,AN_RESWSH_RUR,2043,0.09366778333328776
RE1,AN_RESWSH_RUR,2044,0.09642192695915404
RE1,AN_RESWSH_RUR,2045,0.09921850572706314
RE1,AN_RESWSH_RUR,2046,0.1020572219364543
RE1,AN_RESWSH_RUR,2047,0.1049270862290878
RE1,AN_RESWSH_RUR,2048,0.1078243278057347
RE1,AN_RESWSH_RUR,2049,0.1107295996546178
RE1,AN_RESWSH_RUR,2050,0.113655927396245
RE1,AN_RESWSH_RUR,2051,0.1156661411946373
RE1,AN_RESWSH_RUR,2052,0.1176572979112375
RE1,AN_RESWSH_RUR,2053,0.1196272569951242
RE1,AN_RESWSH_RUR,2054,0.1215738723777943
RE1,AN_RESWSH_URB,2022,0.2370758078255998
RE1,AN_RESWSH_URB,2023,0.28932572410661
RE1,AN_RESWSH_URB,2024,0.296406880596819
RE1,AN_RESWSH_URB,2025,0.3052568503927587
RE1,AN_RESWSH_URB,2026,0.3199004643728052
RE1,AN_RESWSH_URB,2027,0.3346132777273175
RE1,AN_RESWSH_URB,2028,0.3493209255493725
RE1,AN_RESWSH_URB,2029,0.3639324452332429
RE1,AN_RESWSH_URB,2030,0.3783650513558547
RE1,AN_RESWSH_URB,2031,0.3912044339857122
RE1,AN_RESWSH_URB,2032,0.4040428775787306
RE1,AN_RESWSH_URB,2033,0.4168816011069007
RE1,AN_RESWSH_URB,2034,0.429715017293215
RE1,AN_RESWSH_URB,2035,0.4425489108805374
RE1,AN_RESWSH_URB,2036,0.4553844536648434
RE1,AN_RESWSH_URB,2037,0.4682383071586047
RE1,AN_RESWSH_URB,2038,0.4811165177551908
RE1,AN_RESWSH_URB,2039,0.4940225411824264
RE1,AN_RESWSH_URB,2040,0.5069568253411845
RE1,AN_RESWSH_URB,2041,0.5199170907946058
RE1,AN_RESWSH_URB,2042,0.5328880645111791
RE1,AN_RESWSH_URB,2043,0.5458689118717287
RE1,AN_RESWSH_URB,2044,0.5588557188379984
RE1,AN_RESWSH_URB,2045,0.5718481429899623
RE1,AN_RESWSH_URB,2046,0.5848658254189714
RE1,AN_RESWSH_URB,2047,0.5979217540160815
RE1,AN_RESWSH_URB,2048,0.6110180557975664
RE1,AN_RESWSH_URB,2049,0.6240778757898351
RE1,AN_RESWSH_URB,2050,0.6370877838711633
RE1,AN_RESWSH_URB,2051,0.6448391625851024
RE1,AN_RESWSH_URB,2052,0.652428458588824
RE1,AN_RESWSH_URB,2053,0.6598474388436436
RE1,AN_RESWSH_URB,2054,0.6670882633304358
RE1,AN_TERCLIM_CEN,2022,2.925966839483222
RE1,AN_TERCLIM_CEN,2023,3.025661696954258
RE1,AN_TERCLIM_CEN,2024,3.12916446420117
RE1,AN_TERCLIM_CEN,2025,3.240029378786051
RE1,AN_TERCLIM_CEN,2026,3.368937349063025
RE1,AN_TERCLIM_CEN,2027,3.490128031290464
RE1,AN_TERCLIM_CEN,2028,3.607203260305076
RE1,AN_TERCLIM_CEN,2029,3.730246828030176
RE1,AN_TERCLIM_CEN,2030,3.855227713011308
RE1,AN_TERCLIM_CEN,2031,3.942029022229678
RE1,AN_TERCLIM_CEN,2032,4.021370630224162
RE1,AN_TERCLIM_CEN,2033,4.095869017118307
RE1,AN_TERCLIM_CEN,2034,4.161218351581771
RE1,AN_TERCLIM_CEN,2035,4.218129747881147
RE1,AN_TERCLIM_CEN,2036,4.268510557984685
RE1,AN_TERCLIM_CEN,2037,4.315679277653494
RE1,AN_TERCLIM_CEN,2038,4.363515885535238
RE1,AN_TERCLIM_CEN,2039,4.41592723480858
RE1,AN_TERCLIM_CEN,2040,4.476275896063401
RE1,AN_TERCLIM_CEN,2041,4.54703601211518
RE1,AN_TERCLIM_CEN,2042,4.629736325768489
RE1,AN_TERCLIM_CEN,2043,4.725034644106783
RE1,AN_TERCLIM_CEN,2044,4.832947288088291
RE1,AN_TERCLIM_CEN,2045,4.953071020215495
RE1,AN_TERCLIM_CEN,2046,5.084774171215793
RE1,AN_TERCLIM_CEN,2047,5.227340287884373
RE1,AN_TERCLIM_CEN,2048,5.380064936266783
RE1,AN_TERCLIM_CEN,2049,5.542313990673517
RE1,AN_TERCLIM_CEN,2050,5.713553543675762
RE1,AN_TERCLIM_CEN,2051,5.898233835733349
RE1,AN_TERCLIM_CEN,2052,6.0902435442139
RE1,AN_TERCLIM_CEN,2053,6.282435378545218
RE1,AN_TERCLIM_CEN,2054,6.481455330316633
RE1,AN_TERCLIM_FAN,2022,0.08220875788243281
RE1,AN_TERCLIM_FAN,2023,0.08501495325145728
RE1,AN_TERCLIM_FAN,2024,0.08794911392294501
RE1,AN_TERCLIM_FAN,2025,0.09108228708069695
RE1,AN_TERCLIM_FAN,2026,0.09472436922226357
RE1,AN_TERCLIM_FAN,2027,0.09815972099782246
RE1,AN_TERCLIM_FAN,2028,0.1014889444998223
RE1,AN_TERCLIM_FAN,2029,0.1050003901332685
RE1,AN_TERCLIM_FAN,2030,0.1085828495343121
RE1,AN_TERCLIM_FAN,2031,0.1115569667319194
RE1,AN_TERCLIM_FAN,2032,0.1144834575780795
RE1,AN_TERCLIM_FAN,2033,0.1174586068587824
RE1,AN_TERCLIM_FAN,2034,0.1203700260797113
RE1,AN_TERCLIM_FAN,2035,0.123230248130538
RE1,AN_TERCLIM_FAN,2036,0.126066633033577
RE1,AN_TERCLIM_FAN,2037,0.1289290183423981
RE1,AN_TERCLIM_FAN,2038,0.1318738375940036
RE1,AN_TERCLIM_FAN,2039,0.1349580391406984
RE1,AN_TERCLIM_FAN,2040,0.1382311410395374
RE1,AN_TERCLIM_FAN,2041,0.1417303421961733
RE1,AN_TERCLIM_FAN,2042,0.1454801167595287
RE1,AN_TERCLIM_FAN,2043,0.1494924838746614
RE1,AN_TERCLIM_FAN,2044,0.1537706085983169
RE1,AN_TERCLIM_FAN,2045,0.1583118996546624
RE1,AN_TERCLIM_FAN,2046,0.1631106784902921
RE1,AN_TERCLIM_FAN,2047,0.168160186686174
RE1,AN_TERCLIM_FAN,2048,0.1734539402733161
RE1,AN_TERCLIM_FAN,2049,0.1789865469710768
RE1,AN_TERCLIM_FAN,2050,0.1847541276423329
RE1,AN_TERCLIM_FAN,2051,0.190821689034753
RE1,AN_TERCLIM_FAN,2052,0.1971076760275018
RE1,AN_TERCLIM_FAN,2053,0.2033774908071293
RE1,AN_TERCLIM_FAN,2054,0.2098574030520411
RE1,AN_TERCLIM_SPL,2022,0.3219392295591676
RE1,AN_TERCLIM_SPL,2023,0.3329084877107415
RE1,AN_TERCLIM_SPL,2024,0.3442967237956719
RE1,AN_TERCLIM_SPL,2025,0.3564950046186027
RE1,AN_TERCLIM_SPL,2026,0.3706785326323155
RE1,AN_TERCLIM_SPL,2027,0.3840129403704916
RE1,AN_TERCLIM_SPL,2028,0.3968945316861622
RE1,AN_TERCLIM_SPL,2029,0.4104328093115594
RE1,AN_TERCLIM_SPL,2030,0.4241842467091054
RE1,AN_TERCLIM_SPL,2031,0.4337348493466338
RE1,AN_TERCLIM_SPL,2032,0.4424646735555234
RE1,AN_TERCLIM_SPL,2033,0.4506616062604539
RE1,AN_TERCLIM_SPL,2034,0.4578518840535842
RE1,AN_TERCLIM_SPL,2035,0.464113749646358
RE1,AN_TERCLIM_SPL,2036,0.4696570657805097
RE1,AN_TERCLIM_SPL,2037,0.4748469609852522
RE1,AN_TERCLIM_SPL,2038,0.4801103428111693
RE1,AN_TERCLIM_SPL,2039,0.4858770757684698
RE1,AN_TERCLIM_SPL,2040,0.492517137865939
RE1,AN_TERCLIM_SPL,2041,0.5003027548927028
RE1,AN_TERCLIM_SPL,2042,0.5094021318584889
RE1,AN_TERCLIM_SPL,2043,0.5198876461746845
RE1,AN_TERCLIM_SPL,2044,0.5317610936089813
RE1,AN_TERCLIM_SPL,2045,0.5449781066150595
RE1,AN_TERCLIM_SPL,2046,0.559469183681073
RE1,AN_TERCLIM_SPL,2047,0.5751554946611491
RE1,AN_TERCLIM_SPL,2048,0.5919595318673987
RE1,AN_TERCLIM_SPL,2049,0.6098115235125373
RE1,AN_TERCLIM_SPL,2050,0.6286527246566131
RE1,AN_TERCLIM_SPL,2051,0.6489727878020597
RE1,AN_TERCLIM_SPL,2052,0.6700992943577615
RE1,AN_TERCLIM_SPL,2053,0.6912458399157132
RE1,AN_TERCLIM_SPL,2054,0.7131436717966475
RE1,AN_TERDATA,2022,0.0
RE1,AN_TERDATA,2023,0.0
RE1,AN_TERDATA,2024,0.0
RE1,AN_TERDATA,2025,0.0
RE1,AN_TERDATA,2026,0.1721095473909159
RE1,AN_TERDATA,2027,0.2025654607174254
RE1,AN_TERDATA,2028,0.2448418790119678
RE1,AN_TERDATA,2029,0.2922914425612652
RE1,AN_TERDATA,2030,0.2929516273092478
RE1,AN_TERDATA,2031,0.29816336196249
RE1,AN_TERDATA,2032,0.2974558975843352
RE1,AN_TERDATA,2033,0.3109714248639353
RE1,AN_TERDATA,2034,0.3069073314562794
RE1,AN_TERDATA,2035,0.3139801399993586
RE1,AN_TERDATA,2036,0.3279631148362963
RE1,AN_TERDATA,2037,0.3358933014047756
RE1,AN_TERDATA,2038,0.330318807600293
RE1,AN_TERDATA,2039,0.365653536342204
RE1,AN_TERDATA,2040,0.3769401587130841
RE1,AN_TERDATA,2041,0.388226781083962
RE1,AN_TERDATA,2042,0.399513403454842
RE1,AN_TERDATA,2043,0.410800025825722
RE1,AN_TERDATA,2044,0.422086648196602
RE1,AN_TERDATA,2045,0.433373270567482
RE1,AN_TERDATA,2046,0.444659892938362
RE1,AN_TERDATA,2047,0.455946515309242
RE1,AN_TERDATA,2048,0.46723313768012
RE1,AN_TERDATA,2049,0.4785197600510001
RE1,AN_TERDATA,2050,0.4898063824218801
RE1,AN_TERDATA,2051,0.50109300479276
RE1,AN_TERDATA,2052,0.51237962716364
RE1,AN_TERDATA,2053,0.52366624953452
RE1,AN_TERDATA,2054,0.5349528719054
RE1,AN_TERDHT,2022,2.880122302868493
RE1,AN_TERDHT,2023,3.130120608166362
RE1,AN_TERDHT,2024,3.218953363760353
RE1,AN_TERDHT,2025,3.349715650219688
RE1,AN_TERDHT,2026,3.466644703235107
RE1,AN_TERDHT,2027,3.581434582078296
RE1,AN_TERDHT,2028,3.695252910126198
RE1,AN_TERDHT,2029,3.811697842341784
RE1,AN_TERDHT,2030,3.927526976820254
RE1,AN_TERDHT,2031,4.033180396692731
RE1,AN_TERDHT,2032,4.136518375224221
RE1,AN_TERDHT,2033,4.240942140396434
RE1,AN_TERDHT,2034,4.342354603557824
RE1,AN_TERDHT,2035,4.441237060555371
RE1,AN_TERDHT,2036,4.538679702783574
RE1,AN_TERDHT,2037,4.636643700816856
RE1,AN_TERDHT,2038,4.737364488566347
RE1,AN_TERDHT,2039,4.843096461069362
RE1,AN_TERDHT,2040,4.955795765198181
RE1,AN_TERDHT,2041,5.076926209639146
RE1,AN_TERDHT,2042,5.207440828287599
RE1,AN_TERDHT,2043,5.347797664959244
RE1,AN_TERDHT,2044,5.498100867361412
RE1,AN_TERDHT,2045,5.658224313855349
RE1,AN_TERDHT,2046,5.827918098438351
RE1,AN_TERDHT,2047,6.00688859252226
RE1,AN_TERDHT,2048,6.194852435881916
RE1,AN_TERDHT,2049,6.391569093704891
RE1,AN_TERDHT,2050,6.596857621876409
RE1,AN_TERDHT,2051,6.813288315918726
RE1,AN_TERDHT,2052,7.037582039343834
RE1,AN_TERDHT,2053,7.261284452813919
RE1,AN_TERDHT,2054,7.492522616192085
RE1,AN_TERIHT,2022,0.2511393872946853
RE1,AN_TERIHT,2023,0.2524753414698008
RE1,AN_TERIHT,2024,0.2541489413000791
RE1,AN_TERIHT,2025,0.2556494377020107
RE1,AN_TERIHT,2026,0.2572373673793295
RE1,AN_TERIHT,2027,0.2589397486365688
RE1,AN_TERIHT,2028,0.2607904140160009
RE1,AN_TERIHT,2029,0.2628303000229664
RE1,AN_TERIHT,2030,0.2651063209101319
RE1,AN_TERIHT,2031,0.2735230712254088
RE1,AN_TERIHT,2032,0.2821830571915342
RE1,AN_TERIHT,2033,0.2913712395881362
RE1,AN_TERIHT,2034,0.3008334076767936
RE1,AN_TERIHT,2035,0.3105840071740553
RE1,AN_TERIHT,2036,0.3206294126135584
RE1,AN_TERIHT,2037,0.3309959839312263
RE1,AN_TERIHT,2038,0.3417040094994214
RE1,AN_TERIHT,2039,0.3527745418621978
RE1,AN_TERIHT,2040,0.3642280991699204
RE1,AN_TERIHT,2041,0.3760832923653675
RE1,AN_TERIHT,2042,0.388358307230043
RE1,AN_TERIHT,2043,0.4010678850250707
RE1,AN_TERIHT,2044,0.4142256168080596
RE1,AN_TERIHT,2045,0.4278445079604699
RE1,AN_TERIHT,2046,0.4419374677205307
RE1,AN_TERIHT,2047,0.4565176819778056
RE1,AN_TERIHT,2048,0.4715988704195918
RE1,AN_TERIHT,2049,0.4871954484882783
RE1,AN_TERIHT,2050,0.5033226193093894
RE1,AN_TERIHT,2051,0.5200048950506905
RE1,AN_TERIHT,2052,0.5372444065608682
RE1,AN_TERIHT,2053,0.5544295259435432
RE1,AN_TERIHT,2054,0.5721662544690833
RE1,AN_TERILU,2022,0.3331453639537377
RE1,AN_TERILU,2023,0.3443557011360899
RE1,AN_TERILU,2024,0.3519154438538956
RE1,AN_TERILU,2025,0.3655056036897519
RE1,AN_TERILU,2026,0.3799197895728575
RE1,AN_TERILU,2027,0.3934080958042541
RE1,AN_TERILU,2028,0.4063592016795567
RE1,AN_TERILU,2029,0.4198841516579515
RE1,AN_TERILU,2030,0.4334981962492624
RE1,AN_TERILU,2031,0.4446664881464646
RE1,AN_TERILU,2032,0.4559674857751098
RE1,AN_TERILU,2033,0.4678463810040099
RE1,AN_TERILU,2034,0.4798725859281873
RE1,AN_TERILU,2035,0.4920463816084633
RE1,AN_TERILU,2036,0.5048069878817195
RE1,AN_TERILU,2037,0.5177669221677637
RE1,AN_TERILU,2038,0.5309239069892537
RE1,AN_TERILU,2039,0.5442758891182443
RE1,AN_TERILU,2040,0.5578211746287006
RE1,AN_TERILU,2041,0.5720629296755154
RE1,AN_TERILU,2042,0.5865580361935426
RE1,AN_TERILU,2043,0.601306965493045
RE1,AN_TERILU,2044,0.6163099406096034
RE1,AN_TERILU,2045,0.6315669158929381
RE1,AN_TERILU,2046,0.6476180228770445
RE1,AN_TERILU,2047,0.6639835465379745
RE1,AN_TERILU,2048,0.6806662906196974
RE1,AN_TERILU,2049,0.6976688971822954
RE1,AN_TERILU,2050,0.7149938328769475
RE1,AN_TERILU,2051,0.7387018901143654
RE1,AN_TERILU,2052,0.7631974712635063
RE1,AN_TERILU,2053,0.7876197903439387
RE1,AN_TERILU,2054,0.8128236236349449
RE1,AN_TERMPW,2022,0.2919983393967651
RE1,AN_TERMPW,2023,0.3019623355559248
RE1,AN_TERMPW,2024,0.312370393047732
RE1,AN_TERMPW,2025,0.3234823186339011
RE1,AN_TERMPW,2026,0.3364151740023061
RE1,AN_TERMPW,2027,0.3486033979413389
RE1,AN_TERMPW,2028,0.3604153345450288
RE1,AN_TERMPW,2029,0.3728690049971219
RE1,AN_TERMPW,2030,0.3855745925073674
RE1,AN_TERMPW,2031,0.3961190492863848
RE1,AN_TERMPW,2032,0.4064934166662627
RE1,AN_TERMPW,2033,0.4170393685894558
RE1,AN_TERMPW,2034,0.4273582022752164
RE1,AN_TERMPW,2035,0.4374948260996626
RE1,AN_TERMPW,2036,0.4475447690742519
RE1,AN_TERMPW,2037,0.4576862892103696
RE1,AN_TERMPW,2038,0.4681196180007393
RE1,AN_TERMPW,2039,0.4790468554107507
RE1,AN_TERMPW,2040,0.4906437799986921
RE1,AN_TERMPW,2041,0.5030424027401645
RE1,AN_TERMPW,2042,0.5163293646197429
RE1,AN_TERMPW,2043,0.5305472159354334
RE1,AN_TERMPW,2044,0.5457070790144597
RE1,AN_TERMPW,2045,0.5617996479620045
RE1,AN_TERMPW,2046,0.5788046642690946
RE1,AN_TERMPW,2047,0.5966980422000444
RE1,AN_TERMPW,2048,0.6154566750160384
RE1,AN_TERMPW,2049,0.6350613343870021
RE1,AN_TERMPW,2050,0.6554981648676106
RE1,AN_TERMPW,2051,0.6769977832195678
RE1,AN_TERMPW,2052,0.6992707483450429
RE1,AN_TERMPW,2053,0.7215139108707035
RE1,AN_TERMPW,2054,0.744502427482697
RE1,AN_TEROTH,2022,1.431555748365219
RE1,AN_TEROTH,2023,1.480202308369688
RE1,AN_TEROTH,2024,1.530150559488551
RE1,AN_TEROTH,2025,1.583966832611887
RE1,AN_TEROTH,2026,1.646432766527786
RE1,AN_TEROTH,2027,1.704890642832066
RE1,AN_TEROTH,2028,1.761020254619172
RE1,AN_TEROTH,2029,1.819638643176804
RE1,AN_TEROTH,2030,1.878643216189035
RE1,AN_TEROTH,2031,1.938926286240748
RE1,AN_TEROTH,2032,2.001133155953196
RE1,AN_TEROTH,2033,2.067310858942658
RE1,AN_TEROTH,2034,2.135669306948533
RE1,AN_TEROTH,2035,2.206301952860318
RE1,AN_TEROTH,2036,2.279219589692079
RE1,AN_TEROTH,2037,2.354556288035742
RE1,AN_TEROTH,2038,2.432390201559626
RE1,AN_TEROTH,2039,2.512804662302731
RE1,AN_TEROTH,2040,2.595889081783116
RE1,AN_TEROTH,2041,2.681735073330201
RE1,AN_TEROTH,2042,2.770448255533505
RE1,AN_TEROTH,2043,2.862124931562055
RE1,AN_TEROTH,2044,2.956864669063304
RE1,AN_TEROTH,2045,3.05477039517415
RE1,AN_TEROTH,2046,3.155948502894724
RE1,AN_TEROTH,2047,3.260508966742177
RE1,AN_TEROTH,2048,3.368565464154844
RE1,AN_TEROTH,2049,3.480235500860231
RE1,AN_TEROTH,2050,3.595640539987104
RE1,AN_TEROTH,2051,3.714879456510575
RE1,AN_TEROTH,2052,3.838079535789825
RE1,AN_TEROTH,2053,3.9608980809351
RE1,AN_TEROTH,2054,4.087646819525024
RE1,AN_TERREF_AUC,2022,0.2269705961978986
RE1,AN_TERREF_AUC,2023,0.2347040591009059
RE1,AN_TERREF_AUC,2024,0.242732964085478
RE1,AN_TERREF_AUC,2025,0.2513329759646279
RE1,AN_TERREF_AUC,2026,0.2613325341787761
RE1,AN_TERREF_AUC,2027,0.2707335109937472
RE1,AN_TERREF_AUC,2028,0.2798152435976365
RE1,AN_TERREF_AUC,2029,0.2893599775379946
RE1,AN_TERREF_AUC,2030,0.2990549929993611
RE1,AN_TERREF_AUC,2031,0.3057883741125469
RE1,AN_TERREF_AUC,2032,0.3119431008126396
RE1,AN_TERREF_AUC,2033,0.3177221376330912
RE1,AN_TERREF_AUC,2034,0.3227914730531145
RE1,AN_TERREF_AUC,2035,0.3272062665042575
RE1,AN_TERREF_AUC,2036,0.3311144820912391
RE1,AN_TERREF_AUC,2037,0.3347735327335353
RE1,AN_TERREF_AUC,2038,0.3384843943412431
RE1,AN_TERREF_AUC,2039,0.3425501274910971
RE1,AN_TERREF_AUC,2040,0.3472315718609207
RE1,AN_TERREF_AUC,2041,0.3527206508077758
RE1,AN_TERREF_AUC,2042,0.3591359526842227
RE1,AN_TERREF_AUC,2043,0.366528505458239
RE1,AN_TERREF_AUC,2044,0.374899576031694
RE1,AN_TERREF_AUC,2045,0.3842178854592261
RE1,AN_TERREF_AUC,2046,0.3944344349150815
RE1,AN_TERREF_AUC,2047,0.4054936486734178
RE1,AN_TERREF_AUC,2048,0.4173408832881766
RE1,AN_TERREF_AUC,2049,0.4299269491754233
RE1,AN_TERREF_AUC,2050,0.4432104307931609
RE1,AN_TERREF_AUC,2051,0.4575365414402869
RE1,AN_TERREF_AUC,2052,0.4724312155848174
RE1,AN_TERREF_AUC,2053,0.4873398840575067
RE1,AN_TERREF_AUC,2054,0.5027782219594988
RE1,AN_TERREF_CEN,2022,0.363977808689228
RE1,AN_TERREF_CEN,2023,0.3763794542246776
RE1,AN_TERREF_CEN,2024,0.3892548807839422
RE1,AN_TERREF_CEN,2025,0.4030461538867591
RE1,AN_TERREF_CEN,2026,0.4190817873459609
RE1,AN_TERREF_CEN,2027,0.4341575152066215
RE1,AN_TERREF_CEN,2028,0.4487212921347264
RE1,AN_TERREF_CEN,2029,0.4640275538370311
RE1,AN_TERREF_CEN,2030,0.4795748121248826
RE1,AN_TERREF_CEN,2031,0.4903726923071684
RE1,AN_TERREF_CEN,2032,0.5002426224871445
RE1,AN_TERREF_CEN,2033,0.5095100835304608
RE1,AN_TERREF_CEN,2034,0.5176394431417914
RE1,AN_TERREF_CEN,2035,0.5247191568715888
RE1,AN_TERREF_CEN,2036,0.5309865050174002
RE1,AN_TERREF_CEN,2037,0.5368542837384142
RE1,AN_TERREF_CEN,2038,0.5428051482950937
RE1,AN_TERREF_CEN,2039,0.549325096990601
RE1,AN_TERREF_CEN,2040,0.5568324212509788
RE1,AN_TERREF_CEN,2041,0.5656348959338955
RE1,AN_TERREF_CEN,2042,0.5759226933763146
RE1,AN_TERREF_CEN,2043,0.5877776437724435
RE1,AN_TERREF_CEN,2044,0.6012017787694385
RE1,AN_TERREF_CEN,2045,0.6161449383810212
RE1,AN_TERREF_CEN,2046,0.6325285464148348
RE1,AN_TERREF_CEN,2047,0.6502634797366617
RE1,AN_TERREF_CEN,2048,0.6692621102480222
RE1,AN_TERREF_CEN,2049,0.6894455558502182
RE1,AN_TERREF_CEN,2050,0.7107474011640144
RE1,AN_TERREF_CEN,2051,0.733721242039129
RE1,AN_TERREF_CEN,2052,0.7576068507791236
RE1,AN_TERREF_CEN,2053,0.7815149013022505
RE1,AN_TERREF_CEN,2054,0.8062723478327761
RE1,AN_TRAAVI,2022,0.0
RE1,AN_TRAAVI,2023,0.0
RE1,AN_TRAAVI,2024,0.0
RE1,AN_TRAAVI,2025,0.0
RE1,AN_TRAAVI,2026,0.0
RE1,AN_TRAAVI,2027,0.0
RE1,AN_TRAAVI,2028,0.0
RE1,AN_TRAAVI,2029,0.0
RE1,AN_TRAAVI,2030,0.0
RE1,AN_TRAAVI,2031,0.0
RE1,AN_TRAAVI,2032,0.0
RE1,AN_TRAAVI,2033,0.0
RE1,AN_TRAAVI,2034,0.0
RE1,AN_TRAAVI,2035,0.0
RE1,AN_TRAAVI,2036,0.0
RE1,AN_TRAAVI,2037,0.0
RE1,AN_TRAAVI,2038,0.0
RE1,AN_TRAAVI,2039,0.0
RE1,AN_TRAAVI,2040,0.0
RE1,AN_TRAAVI,2041,0.0
RE1,AN_TRAAVI,2042,0.0
RE1,AN_TRAAVI,2043,0.0
RE1,AN_TRAAVI,2044,0.0
RE1,AN_TRAAVI,2045,0.0
RE1,AN_TRAAVI,2046,0.0
RE1,AN_TRAAVI,2047,0.0
RE1,AN_TRAAVI,2048,0.0
RE1,AN_TRAAVI,2049,0.0
RE1,AN_TRAAVI,2050,0.0
RE1,AN_TRAAVI,2051,0.0
RE1,AN_TRAAVI,2052,0.0
RE1,AN_TRAAVI,2053,0.0
RE1,AN_TRAAVI,2054,0.0
RE1,AN_TRABUS,2022,0.0
RE1,AN_TRABUS,2023,0.0
RE1,AN_TRABUS,2024,0.0
RE1,AN_TRABUS,2025,0.0
RE1,AN_TRABUS,2026,0.0
RE1,AN_TRABUS,2027,0.0
RE1,AN_TRABUS,2028,0.0
RE1,AN_TRABUS,2029,0.0
RE1,AN_TRABUS,2030,0.0
RE1,AN_TRABUS,2031,0.0
RE1,AN_TRABUS,2032,0.0
RE1,AN_TRABUS,2033,0.0
RE1,AN_TRABUS,2034,0.0
RE1,AN_TRABUS,2035,0.0
RE1,AN_TRABUS,2036,0.0
RE1,AN_TRABUS,2037,0.0
RE1,AN_TRABUS,2038,0.0
RE1,AN_TRABUS,2039,0.0
RE1,AN_TRABUS,2040,0.0
RE1,AN_TRABUS,2041,0.0
RE1,AN_TRABUS,2042,0.0
RE1,AN_TRABUS,2043,0.0
RE1,AN_TRABUS,2044,0.0
RE1,AN_TRABUS,2045,0.0
RE1,AN_TRABUS,2046,0.0
RE1,AN_TRABUS,2047,0.0
RE1,AN_TRABUS,2048,0.0
RE1,AN_TRABUS,2049,0.0
RE1,AN_TRABUS,2050,0.0
RE1,AN_TRABUS,2051,0.0
RE1,AN_TRABUS,2052,0.0
RE1,AN_TRABUS,2053,0.0
RE1,AN_TRABUS,2054,0.0
RE1,AN_TRAFWD,2022,0.0
RE1,AN_TRAFWD,2023,0.0
RE1,AN_TRAFWD,2024,0.0
RE1,AN_TRAFWD,2025,0.0
RE1,AN_TRAFWD,2026,0.0
RE1,AN_TRAFWD,2027,0.0
RE1,AN_TRAFWD,2028,0.0
RE1,AN_TRAFWD,2029,0.0
RE1,AN_TRAFWD,2030,0.0
RE1,AN_TRAFWD,2031,0.0
RE1,AN_TRAFWD,2032,0.0
RE1,AN_TRAFWD,2033,0.0
RE1,AN_TRAFWD,2034,0.0
RE1,AN_TRAFWD,2035,0.0
RE1,AN_TRAFWD,2036,0.0
RE1,AN_TRAFWD,2037,0.0
RE1,AN_TRAFWD,2038,0.0
RE1,AN_TRAFWD,2039,0.0
RE1,AN_TRAFWD,2040,0.0
RE1,AN_TRAFWD,2041,0.0
RE1,AN_TRAFWD,2042,0.0
RE1,AN_TRAFWD,2043,0.0
RE1,AN_TRAFWD,2044,0.0
RE1,AN_TRAFWD,2045,0.0
RE1,AN_TRAFWD,2046,0.0
RE1,AN_TRAFWD,2047,0.0
RE1,AN_TRAFWD,2048,0.0
RE1,AN_TRAFWD,2049,0.0
RE1,AN_TRAFWD,2050,0.0
RE1,AN_TRAFWD,2051,0.0
RE1,AN_TRAFWD,2052,0.0
RE1,AN_TRAFWD,2053,0.0
RE1,AN_TRAFWD,2054,0.0
RE1,AN_TRALDV,2022,0.0
RE1,AN_TRALDV,2023,0.0
RE1,AN_TRALDV,2024,0.0
RE1,AN_TRALDV,2025,0.0
RE1,AN_TRALDV,2026,0.0
RE1,AN_TRALDV,2027,0.0
RE1,AN_TRALDV,2028,0.0
RE1,AN_TRALDV,2029,0.0
RE1,AN_TRALDV,2030,0.0
RE1,AN_TRALDV,2031,0.0
RE1,AN_TRALDV,2032,0.0
RE1,AN_TRALDV,2033,0.0
RE1,AN_TRALDV,2034,0.0
RE1,AN_TRALDV,2035,0.0
RE1,AN_TRALDV,2036,0.0
RE1,AN_TRALDV,2037,0.0
RE1,AN_TRALDV,2038,0.0
RE1,AN_TRALDV,2039,0.0
RE1,AN_TRALDV,2040,0.0
RE1,AN_TRALDV,2041,0.0
RE1,AN_TRALDV,2042,0.0
RE1,AN_TRALDV,2043,0.0
RE1,AN_TRALDV,2044,0.0
RE1,AN_TRALDV,2045,0.0
RE1,AN_TRALDV,2046,0.0
RE1,AN_TRALDV,2047,0.0
RE1,AN_TRALDV,2048,0.0
RE1,AN_TRALDV,2049,0.0
RE1,AN_TRALDV,2050,0.0
RE1,AN_TRALDV,2051,0.0
RE1,AN_TRALDV,2052,0.0
RE1,AN_TRALDV,2053,0.0
RE1,AN_TRALDV,2054,0.0
RE1,AN_TRAMAS,2022,0.0
RE1,AN_TRAMAS,2023,0.0
RE1,AN_TRAMAS,2024,0.0
RE1,AN_TRAMAS,2025,0.0
RE1,AN_TRAMAS,2026,0.0
RE1,AN_TRAMAS,2027,0.0
RE1,AN_TRAMAS,2028,0.0
RE1,AN_TRAMAS,2029,0.0
RE1,AN_TRAMAS,2030,0.0
RE1,AN_TRAMAS,2031,0.0
RE1,AN_TRAMAS,2032,0.0
RE1,AN_TRAMAS,2033,0.0
RE1,AN_TRAMAS,2034,0.0
RE1,AN_TRAMAS,2035,0.0
RE1,AN_TRAMAS,2036,0.0
RE1,AN_TRAMAS,2037,0.0
RE1,AN_TRAMAS,2038,0.0
RE1,AN_TRAMAS,2039,0.0
RE1,AN_TRAMAS,2040,0.0
RE1,AN_TRAMAS,2041,0.0
RE1,AN_TRAMAS,2042,0.0
RE1,AN_TRAMAS,2043,0.0
RE1,AN_TRAMAS,2044,0.0
RE1,AN_TRAMAS,2045,0.0
RE1,AN_TRAMAS,2046,0.0
RE1,AN_TRAMAS,2047,0.0
RE1,AN_TRAMAS,2048,0.0
RE1,AN_TRAMAS,2049,0.0
RE1,AN_TRAMAS,2050,0.0
RE1,AN_TRAMAS,2051,0.0
RE1,AN_TRAMAS,2052,0.0
RE1,AN_TRAMAS,2053,0.0
RE1,AN_TRAMAS,2054,0.0
RE1,AN_TRAMET,2022,0.1231020319453191
RE1,AN_TRAMET,2023,0.1189782811074209
RE1,AN_TRAMET,2024,0.1198230069873137
RE1,AN_TRAMET,2025,0.2492217426273459
RE1,AN_TRAMET,2026,0.4605311260053619
RE1,AN_TRAMET,2027,0.6291037801608579
RE1,AN_TRAMET,2028,0.9163895710455765
RE1,AN_TRAMET,2029,0.919950965147453
RE1,AN_TRAMET,2030,0.9294480160857909
RE1,AN_TRAMET,2031,0.9306351474530831
RE1,AN_TRAMET,2032,0.961500563002681
RE1,AN_TRAMET,2033,0.9579391689008043
RE1,AN_TRAMET,2034,0.9709976139410188
RE1,AN_TRAMET,2035,1.001863029490617
RE1,AN_TRAMET,2036,1.03035418230563
RE1,AN_TRAMET,2037,1.022044262734584
RE1,AN_TRAMET,2038,1.031541313672922
RE1,AN_TRAMET,2039,1.031541313672922
RE1,AN_TRAMET,2040,1.031541313672922
RE1,AN_TRAMET,2041,1.031541313672922
RE1,AN_TRAMET,2042,1.031541313672922
RE1,AN_TRAMET,2043,1.031541313672922
RE1,AN_TRAMET,2044,1.031541313672922
RE1,AN_TRAMET,2045,1.031541313672922
RE1,AN_TRAMET,2046,1.031541313672922
RE1,AN_TRAMET,2047,1.031541313672922
RE1,AN_TRAMET,2048,1.031541313672922
RE1,AN_TRAMET,2049,1.031541313672922
RE1,AN_TRAMET,2050,1.031541313672922
RE1,AN_TRAMET,2051,1.031541313672922
RE1,AN_TRAMET,2052,1.031541313672922
RE1,AN_TRAMET,2053,1.031541313672922
RE1,AN_TRAMET,2054,1.031541313672922
RE1,AN_TRAMIC,2022,0.0
RE1,AN_TRAMIC,2023,0.0
RE1,AN_TRAMIC,2024,0.0
RE1,AN_TRAMIC,2025,0.0
RE1,AN_TRAMIC,2026,0.0
RE1,AN_TRAMIC,2027,0.0
RE1,AN_TRAMIC,2028,0.0
RE1,AN_TRAMIC,2029,0.0
RE1,AN_TRAMIC,2030,0.0
RE1,AN_TRAMIC,2031,0.0
RE1,AN_TRAMIC,2032,0.0
RE1,AN_TRAMIC,2033,0.0
RE1,AN_TRAMIC,2034,0.0
RE1,AN_TRAMIC,2035,0.0
RE1,AN_TRAMIC,2036,0.0
RE1,AN_TRAMIC,2037,0.0
RE1,AN_TRAMIC,2038,0.0
RE1,AN_TRAMIC,2039,0.0
RE1,AN_TRAMIC,2040,0.0
RE1,AN_TRAMIC,2041,0.0
RE1,AN_TRAMIC,2042,0.0
RE1,AN_TRAMIC,2043,0.0
RE1,AN_TRAMIC,2044,0.0
RE1,AN_TRAMIC,2045,0.0
RE1,AN_TRAMIC,2046,0.0
RE1,AN_TRAMIC,2047,0.0
RE1,AN_TRAMIC,2048,0.0
RE1,AN_TRAMIC,2049,0.0
RE1,AN_TRAMIC,2050,0.0
RE1,AN_TRAMIC,2051,0.0
RE1,AN_TRAMIC,2052,0.0
RE1,AN_TRAMIC,2053,0.0
RE1,AN_TRAMIC,2054,0.0
RE1,AN_TRAMRT,2022,0.0
RE1,AN_TRAMRT,2023,0.0
RE1,AN_TRAMRT,2024,0.0
RE1,AN_TRAMRT,2025,0.0
RE1,AN_TRAMRT,2026,0.0
RE1,AN_TRAMRT,2027,0.0
RE1,AN_TRAMRT,2028,0.0
RE1,AN_TRAMRT,2029,0.0
RE1,AN_TRAMRT,2030,0.0
RE1,AN_TRAMRT,2031,0.0
RE1,AN_TRAMRT,2032,0.0
RE1,AN_TRAMRT,2033,0.0
RE1,AN_TRAMRT,2034,0.0
RE1,AN_TRAMRT,2035,0.0
RE1,AN_TRAMRT,2036,0.0
RE1,AN_TRAMRT,2037,0.0
RE1,AN_TRAMRT,2038,0.0
RE1,AN_TRAMRT,2039,0.0
RE1,AN_TRAMRT,2040,0.0
RE1,AN_TRAMRT,2041,0.0
RE1,AN_TRAMRT,2042,0.0
RE1,AN_TRAMRT,2043,0.0
RE1,AN_TRAMRT,2044,0.0
RE1,AN_TRAMRT,2045,0.0
RE1,AN_TRAMRT,2046,0.0
RE1,AN_TRAMRT,2047,0.0
RE1,AN_TRAMRT,2048,0.0
RE1,AN_TRAMRT,2049,0.0
RE1,AN_TRAMRT,2050,0.0
RE1,AN_TRAMRT,2051,0.0
RE1,AN_TRAMRT,2052,0.0
RE1,AN_TRAMRT,2053,0.0
RE1,AN_TRAMRT,2054,0.0
RE1,AN_TRAMTC,2022,0.0
RE1,AN_TRAMTC,2023,0.0
RE1,AN_TRAMTC,2024,0.0
RE1,AN_TRAMTC,2025,0.0
RE1,AN_TRAMTC,2026,0.0
RE1,AN_TRAMTC,2027,0.0
RE1,AN_TRAMTC,2028,0.0
RE1,AN_TRAMTC,2029,0.0
RE1,AN_TRAMTC,2030,0.0
RE1,AN_TRAMTC,2031,0.0
RE1,AN_TRAMTC,2032,0.0
RE1,AN_TRAMTC,2033,0.0
RE1,AN_TRAMTC,2034,0.0
RE1,AN_TRAMTC,2035,0.0
RE1,AN_TRAMTC,2036,0.0
RE1,AN_TRAMTC,2037,0.0
RE1,AN_TRAMTC,2038,0.0
RE1,AN_TRAMTC,2039,0.0
RE1,AN_TRAMTC,2040,0.0
RE1,AN_TRAMTC,2041,0.0
RE1,AN_TRAMTC,2042,0.0
RE1,AN_TRAMTC,2043,0.0
RE1,AN_TRAMTC,2044,0.0
RE1,AN_TRAMTC,2045,0.0
RE1,AN_TRAMTC,2046,0.0
RE1,AN_TRAMTC,2047,0.0
RE1,AN_TRAMTC,2048,0.0
RE1,AN_TRAMTC,2049,0.0
RE1,AN_TRAMTC,2050,0.0
RE1,AN_TRAMTC,2051,0.0
RE1,AN_TRAMTC,2052,0.0
RE1,AN_TRAMTC,2053,0.0
RE1,AN_TRAMTC,2054,0.0
RE1,AN_TRARVT,2022,0.0
RE1,AN_TRARVT,2023,0.0
RE1,AN_TRARVT,2024,0.0
RE1,AN_TRARVT,2025,0.0
RE1,AN_TRARVT,2026,0.0
RE1,AN_TRARVT,2027,0.0
RE1,AN_TRARVT,2028,0.0
RE1,AN_TRARVT,2029,0.0
RE1,AN_TRARVT,2030,0.0
RE1,AN_TRARVT,2031,0.0
RE1,AN_TRARVT,2032,0.0
RE1,AN_TRARVT,2033,0.0
RE1,AN_TRARVT,2034,0.0
RE1,AN_TRARVT,2035,0.0
RE1,AN_TRARVT,2036,0.0
RE1,AN_TRARVT,2037,0.0
RE1,AN_TRARVT,2038,0.0
RE1,AN_TRARVT,2039,0.0
RE1,AN_TRARVT,2040,0.0
RE1,AN_TRARVT,2041,0.0
RE1,AN_TRARVT,2042,0.0
RE1,AN_TRARVT,2043,0.0
RE1,AN_TRARVT,2044,0.0
RE1,AN_TRARVT,2045,0.0
RE1,AN_TRARVT,2046,0.0
RE1,AN_TRARVT,2047,0.0
RE1,AN_TRARVT,2048,0.0
RE1,AN_TRARVT,2049,0.0
RE1,AN_TRARVT,2050,0.0
RE1,AN_TRARVT,2051,0.0
RE1,AN_TRARVT,2052,0.0
RE1,AN_TRARVT,2053,0.0
RE1,AN_TRARVT,2054,0.0
RE1,AN_TRASTT,2022,0.0
RE1,AN_TRASTT,2023,0.0
RE1,AN_TRASTT,2024,0.0
RE1,AN_TRASTT,2025,0.0
RE1,AN_TRASTT,2026,0.0
RE1,AN_TRASTT,2027,0.0
RE1,AN_TRASTT,2028,0.0
RE1,AN_TRASTT,2029,0.0
RE1,AN_TRASTT,2030,0.0
RE1,AN_TRASTT,2031,0.0
RE1,AN_TRASTT,2032,0.0
RE1,AN_TRASTT,2033,0.0
RE1,AN_TRASTT,2034,0.0
RE1,AN_TRASTT,2035,0.0
RE1,AN_TRASTT,2036,0.0
RE1,AN_TRASTT,2037,0.0
RE1,AN_TRASTT,2038,0.0
RE1,AN_TRASTT,2039,0.0
RE1,AN_TRASTT,2040,0.0
RE1,AN_TRASTT,2041,0.0
RE1,AN_TRASTT,2042,0.0
RE1,AN_TRASTT,2043,0.0
RE1,AN_TRASTT,2044,0.0
RE1,AN_TRASTT,2045,0.0
RE1,AN_TRASTT,2046,0.0
RE1,AN_TRASTT,2047,0.0
RE1,AN_TRASTT,2048,0.0
RE1,AN_TRASTT,2049,0.0
RE1,AN_TRASTT,2050,0.0
RE1,AN_TRASTT,2051,0.0
RE1,AN_TRASTT,2052,0.0
RE1,AN_TRASTT,2053,0.0
RE1,AN_TRASTT,2054,0.0
RE1,AN_TRATAX,2022,0.0
RE1,AN_TRATAX,2023,0.0
RE1,AN_TRATAX,2024,0.0
RE1,AN_TRATAX,2025,0.0
RE1,AN_TRATAX,2026,0.0
RE1,AN_TRATAX,2027,0.0
RE1,AN_TRATAX,2028,0.0
RE1,AN_TRATAX,2029,0.0
RE1,AN_TRATAX,2030,0.0
RE1,AN_TRATAX,2031,0.0
RE1,AN_TRATAX,2032,0.0
RE1,AN_TRATAX,2033,0.0
RE1,AN_TRATAX,2034,0.0
RE1,AN_TRATAX,2035,0.0
RE1,AN_TRATAX,2036,0.0
RE1,AN_TRATAX,2037,0.0
RE1,AN_TRATAX,2038,0.0
RE1,AN_TRATAX,2039,0.0
RE1,AN_TRATAX,2040,0.0
RE1,AN_TRATAX,2041,0.0
RE1,AN_TRATAX,2042,0.0
RE1,AN_TRATAX,2043,0.0
RE1,AN_TRATAX,2044,0.0
RE1,AN_TRATAX,2045,0.0
RE1,AN_TRATAX,2046,0.0
RE1,AN_TRATAX,2047,0.0
RE1,AN_TRATAX,2048,0.0
RE1,AN_TRATAX,2049,0.0
RE1,AN_TRATAX,2050,0.0
RE1,AN_TRATAX,2051,0.0
RE1,AN_TRATAX,2052,0.0
RE1,AN_TRATAX,2053,0.0
RE1,AN_TRATAX,2054,0.0
RE1,AN_TRATCK,2022,0.0
RE1,AN_TRATCK,2023,0.0
RE1,AN_TRATCK,2024,0.0
RE1,AN_TRATCK,2025,0.0
RE1,AN_TRATCK,2026,0.0
RE1,AN_TRATCK,2027,0.0
RE1,AN_TRATCK,2028,0.0
RE1,AN_TRATCK,2029,0.0
RE1,AN_TRATCK,2030,0.0
RE1,AN_TRATCK,2031,0.0
RE1,AN_TRATCK,2032,0.0
RE1,AN_TRATCK,2033,0.0
RE1,AN_TRATCK,2034,0.0
RE1,AN_TRATCK,2035,0.0
RE1,AN_TRATCK,2036,0.0
RE1,AN_TRATCK,2037,0.0
RE1,AN_TRATCK,2038,0.0
RE1,AN_TRATCK,2039,0.0
RE1,AN_TRATCK,2040,0.0
RE1,AN_TRATCK,2041,0.0
RE1,AN_TRATCK,2042,0.0
RE1,AN_TRATCK,2043,0.0
RE1,AN_TRATCK,2044,0.0
RE1,AN_TRATCK,2045,0.0
RE1,AN_TRATCK,2046,0.0
RE1,AN_TRATCK,2047,0.0
RE1,AN_TRATCK,2048,0.0
RE1,AN_TRATCK,2049,0.0
RE1,AN_TRATCK,2050,0.0
RE1,AN_TRATCK,2051,0.0
RE1,AN_TRATCK,2052,0.0
RE1,AN_TRATCK,2053,0.0
RE1,AN_TRATCK,2054,0.0
RE1,CA_AGFELC,2022,0.414992590488618
RE1,CA_AGFELC,2023,0.4363916860738583
RE1,CA_AGFELC,2024,0.4435122195783307
RE1,CA_AGFELC,2025,0.459925228586504
RE1,CA_AGFELC,2026,0.4725440613539984
RE1,CA_AGFELC,2027,0.4861006090719031
RE1,CA_AGFELC,2028,0.5002300557376389
RE1,CA_AGFELC,2029,0.5148189791195849
RE1,CA_AGFELC,2030,0.5297678410268649
RE1,CA_AGFELC,2031,0.5450801090252533
RE1,CA_AGFELC,2032,0.5608882562676806
RE1,CA_AGFELC,2033,0.5772165881744757
RE1,CA_AGFELC,2034,0.5940187523516516
RE1,CA_AGFELC,2035,0.6122399191433348
RE1,CA_AGFELC,2036,0.6310084980960532
RE1,CA_AGFELC,2037,0.6511015322382202
RE1,CA_AGFELC,2038,0.67180275809707
RE1,CA_AGFELC,2039,0.6931311307128002
RE1,CA_AGFELC,2040,0.7151056127416441
RE1,CA_AGFELC,2041,0.737745983986454
RE1,CA_AGFELC,2042,0.7633702227600612
RE1,CA_AGFELC,2043,0.7897859643017565
RE1,CA_AGFELC,2044,0.817017116751598
RE1,CA_AGFELC,2045,0.8450883432243034
RE1,CA_AGFELC,2046,0.8740250865859014
RE1,CA_AGFELC,2047,0.9038541370834365
RE1,CA_AGFELC,2048,0.9361760202527187
RE1,CA_AGFELC,2049,0.9718825637062349
RE1,CA_AGFELC,2050,1.008732414919743
RE1,CA_AGFELC,2051,1.04675968198007
RE1,CA_AGFELC,2052,1.085999366503468
RE1,CA_AGFELC,2053,1.126486846930831
RE1,CA_AGFELC,2054,1.168593209602803
RE1,CA_AGFHEA,2022,0.0
RE1,CA_AGFHEA,2023,0.0
RE1,CA_AGFHEA,2024,0.0
RE1,CA_AGFHEA,2025,0.0
RE1,CA_AGFHEA,2026,0.0
RE1,CA_AGFHEA,2027,0.0
RE1,CA_AGFHEA,2028,0.0
RE1,CA_AGFHEA,2029,0.0
RE1,CA_AGFHEA,2030,0.0
RE1,CA_AGFHEA,2031,0.0
RE1,CA_AGFHEA,2032,0.0
RE1,CA_AGFHEA,2033,0.0
RE1,CA_AGFHEA,2034,0.0
RE1,CA_AGFHEA,2035,0.0
RE1,CA_AGFHEA,2036,0.0
RE1,CA_AGFHEA,2037,0.0
RE1,CA_AGFHEA,2038,0.0
RE1,CA_AGFHEA,2039,0.0
RE1,CA_AGFHEA,2040,0.0
RE1,CA_AGFHEA,2041,0.0
RE1,CA_AGFHEA,2042,0.0
RE1,CA_AGFHEA,2043,0.0
RE1,CA_AGFHEA,2044,0.0
RE1,CA_AGFHEA,2045,0.0
RE1,CA_AGFHEA,2046,0.0
RE1,CA_AGFHEA,2047,0.0
RE1,CA_AGFHEA,2048,0.0
RE1,CA_AGFHEA,2049,0.0
RE1,CA_AGFHEA,2050,0.0
RE1,CA_AGFHEA,2051,0.0
RE1,CA_AGFHEA,2052,0.0
RE1,CA_AGFHEA,2053,0.0
RE1,CA_AGFHEA,2054,0.0
RE1,CA_INDCLIM,2022,0.08579821338544494
RE1,CA_INDCLIM,2023,0.07721662841763997
RE1,CA_INDCLIM,2024,0.07466673562100887
RE1,CA_INDCLIM,2025,0.07300379317543199
RE1,CA_INDCLIM,2026,0.07466790443709703
RE1,CA_INDCLIM,2027,0.07602788426180389
RE1,CA_INDCLIM,2028,0.07774823230498983
RE1,CA_INDCLIM,2029,0.07965888361319827
RE1,CA_INDCLIM,2030,0.08107321953971798
RE1,CA_INDCLIM,2031,0.08242183966975494
RE1,CA_INDCLIM,2032,0.08358805406783475
RE1,CA_INDCLIM,2033,0.08464301778812905
RE1,CA_INDCLIM,2034,0.08694667309084472
RE1,CA_INDCLIM,2035,0.0900801541885812
RE1,CA_INDCLIM,2036,0.09348806906145493
RE1,CA_INDCLIM,2037,0.09705117681888395
RE1,CA_INDCLIM,2038,0.1007394912220552
RE1,CA_INDCLIM,2039,0.1045613217409569
RE1,CA_INDCLIM,2040,0.1085123759843122
RE1,CA_INDCLIM,2041,0.1125928948184958
RE1,CA_INDCLIM,2042,0.1169059612935229
RE1,CA_INDCLIM,2043,0.1213941301982104
RE1,CA_INDCLIM,2044,0.1260804276524794
RE1,CA_INDCLIM,2045,0.130991746015263
RE1,CA_INDCLIM,2046,0.1361149144980358
RE1,CA_INDCLIM,2047,0.1414655703189296
RE1,CA_INDCLIM,2048,0.1470214865958258
RE1,CA_INDCLIM,2049,0.1527947671245307
RE1,CA_INDCLIM,2050,0.1587862323251999
RE1,CA_INDCLIM,2051,0.1650173250485881
RE1,CA_INDCLIM,2052,0.171502361054634
RE1,CA_INDCLIM,2053,0.1782563937642452
RE1,CA_INDCLIM,2054,0.1852537870160452
RE1,CA_INDDHT,2022,8.548233590080923
RE1,CA_INDDHT,2023,8.747439493231447
RE1,CA_INDDHT,2024,8.41138491217392
RE1,CA_INDDHT,2025,7.5095428979003
RE1,CA_INDDHT,2026,7.68393676257998
RE1,CA_INDDHT,2027,7.826229590030174
RE1,CA_INDDHT,2028,8.00160784825609
RE1,CA_INDDHT,2029,8.191633258025993
RE1,CA_INDDHT,2030,8.334839042659153
RE1,CA_INDDHT,2031,8.49148421228968
RE1,CA_INDDHT,2032,8.61557746858963
RE1,CA_INDDHT,2033,8.731424180826064
RE1,CA_INDDHT,2034,8.971429941748275
RE1,CA_INDDHT,2035,9.29071902882202
RE1,CA_INDDHT,2036,9.638429632594308
RE1,CA_INDDHT,2037,10.00062288766019
RE1,CA_INDDHT,2038,10.3748582727343
RE1,CA_INDDHT,2039,10.76253263609003
RE1,CA_INDDHT,2040,11.16367208220553
RE1,CA_INDDHT,2041,11.57822360460168
RE1,CA_INDDHT,2042,12.01492022453074
RE1,CA_INDDHT,2043,12.46899022471603
RE1,CA_INDDHT,2044,12.94187292049966
RE1,CA_INDDHT,2045,13.43736175283682
RE1,CA_INDDHT,2046,13.9535816927352
RE1,CA_INDDHT,2047,14.49202824171667
RE1,CA_INDDHT,2048,15.05064749790086
RE1,CA_INDDHT,2049,15.63072908880978
RE1,CA_INDDHT,2050,16.23204185499108
RE1,CA_INDDHT,2051,16.85653240378789
RE1,CA_INDDHT,2052,17.50548763556376
RE1,CA_INDDHT,2053,18.20806937179658
RE1,CA_INDDHT,2054,18.93603785126323
RE1,CA_INDIHT,2022,11.84474126450908
RE1,CA_INDIHT,2023,12.52063413858605
RE1,CA_INDIHT,2024,12.0850649371082
RE1,CA_INDIHT,2025,11.01115890008241
RE1,CA_INDIHT,2026,11.27323447491667
RE1,CA_INDIHT,2027,11.48906679957326
RE1,CA_INDIHT,2028,11.7525727420888
RE1,CA_INDIHT,2029,12.03673367144961
RE1,CA_INDIHT,2030,12.25466324447765
RE1,CA_INDIHT,2031,12.50442613546298
RE1,CA_INDIHT,2032,12.6950643413033
RE1,CA_INDIHT,2033,12.87280925713771
RE1,CA_INDIHT,2034,13.23335918308522
RE1,CA_INDIHT,2035,13.71165290142272
RE1,CA_INDIHT,2036,14.23272976318286
RE1,CA_INDIHT,2037,14.77550990900387
RE1,CA_INDIHT,2038,15.33665005004847
RE1,CA_INDIHT,2039,15.91844337120848
RE1,CA_INDIHT,2040,16.52106198350641
RE1,CA_INDIHT,2041,17.14445901596141
RE1,CA_INDIHT,2042,17.80039923621256
RE1,CA_INDIHT,2043,18.48303971255916
RE1,CA_INDIHT,2044,19.19459019399155
RE1,CA_INDIHT,2045,19.94106310657239
RE1,CA_INDIHT,2046,20.71924701753197
RE1,CA_INDIHT,2047,21.53133683216481
RE1,CA_INDIHT,2048,22.37453878723291
RE1,CA_INDIHT,2049,23.25091814954572
RE1,CA_INDIHT,2050,24.15997428702498
RE1,CA_INDIHT,2051,25.10467657065131
RE1,CA_INDIHT,2052,26.08693666164557
RE1,CA_INDIHT,2053,27.13252729250763
RE1,CA_INDIHT,2054,28.21589747094187
RE1,CA_INDILU,2022,0.1519275268678631
RE1,CA_INDILU,2023,0.1432270223480037
RE1,CA_INDILU,2024,0.1386328821650835
RE1,CA_INDILU,2025,0.135697364096449
RE1,CA_INDILU,2026,0.1388564160433852
RE1,CA_INDILU,2027,0.1414412125695648
RE1,CA_INDILU,2028,0.1446657268850075
RE1,CA_INDILU,2029,0.1482212573123413
RE1,CA_INDILU,2030,0.1508761806292061
RE1,CA_INDILU,2031,0.1534459659269067
RE1,CA_INDILU,2032,0.1556662030103023
RE1,CA_INDILU,2033,0.1577227216309743
RE1,CA_INDILU,2034,0.1620681518136808
RE1,CA_INDILU,2035,0.1679274466693729
RE1,CA_INDILU,2036,0.1743081319091999
RE1,CA_INDILU,2037,0.1809722430208328
RE1,CA_INDILU,2038,0.1878677696267015
RE1,CA_INDILU,2039,0.1950145800932317
RE1,CA_INDILU,2040,0.2024073975877562
RE1,CA_INDILU,2041,0.2100463345978482
RE1,CA_INDILU,2042,0.2181213166063584
RE1,CA_INDILU,2043,0.2265261341358723
RE1,CA_INDILU,2044,0.2352961012375951
RE1,CA_INDILU,2045,0.2444882389470101
RE1,CA_INDILU,2046,0.2540776095956458
RE1,CA_INDILU,2047,0.2640924766475017
RE1,CA_INDILU,2048,0.2744920871461819
RE1,CA_INDILU,2049,0.2852994055570969
RE1,CA_INDILU,2050,0.2965165904646577
RE1,CA_INDILU,2051,0.3081832855710298
RE1,CA_INDILU,2052,0.3203258506367438
RE1,CA_INDILU,2053,0.3329735059373615
RE1,CA_INDILU,2054,0.3460756606080043
RE1,CA_INDMPW,2022,4.59798732899425
RE1,CA_INDMPW,2023,4.21762852019299
RE1,CA_INDMPW,2024,4.090433261684146
RE1,CA_INDMPW,2025,4.011160845557752
RE1,CA_INDMPW,2026,4.105920911080283
RE1,CA_INDMPW,2027,4.183592512770406
RE1,CA_INDMPW,2028,4.279865295767642
RE1,CA_INDMPW,2029,4.3855440212868
RE1,CA_INDMPW,2030,4.464981239192859
RE1,CA_INDMPW,2031,4.543744805177333
RE1,CA_INDMPW,2032,4.610981182323077
RE1,CA_INDMPW,2033,4.673746819384757
RE1,CA_INDMPW,2034,4.804193367515064
RE1,CA_INDMPW,2035,4.97904471316177
RE1,CA_INDMPW,2036,5.169245478440528
RE1,CA_INDMPW,2037,5.367818116275503
RE1,CA_INDMPW,2038,5.573293332467429
RE1,CA_INDMPW,2039,5.786315083133126
RE1,CA_INDMPW,2040,6.00677812721039
RE1,CA_INDMPW,2041,6.234690161417669
RE1,CA_INDMPW,2042,6.475507767393998
RE1,CA_INDMPW,2043,6.726208767334139
RE1,CA_INDMPW,2044,6.987765571740982
RE1,CA_INDMPW,2045,7.261934550671095
RE1,CA_INDMPW,2046,7.547943925198346
RE1,CA_INDMPW,2047,7.846655886367003
RE1,CA_INDMPW,2048,8.156883920366461
RE1,CA_INDMPW,2049,8.479318916525733
RE1,CA_INDMPW,2050,8.814018177578893
RE1,CA_INDMPW,2051,9.162150989107266
RE1,CA_INDMPW,2052,9.524490896410034
RE1,CA_INDMPW,2053,9.90193915784809
RE1,CA_INDMPW,2054,10.29296214301899
RE1,CA_INDOTH_ELC,2022,0.05342031408884883
RE1,CA_INDOTH_ELC,2023,0.04828100200115087
RE1,CA_INDOTH_ELC,2024,0.04674007725286413
RE1,CA_INDOTH_ELC,2025,0.04589220146860686
RE1,CA_INDOTH_ELC,2026,0.04692928147951793
RE1,CA_INDOTH_ELC,2027,0.04778052868431899
RE1,CA_INDOTH_ELC,2028,0.04886234337722985
RE1,CA_INDOTH_ELC,2029,0.05006597719339172
RE1,CA_INDOTH_ELC,2030,0.05095754509480236
RE1,CA_INDOTH_ELC,2031,0.05180616751567807
RE1,CA_INDOTH_ELC,2032,0.05254239791659382
RE1,CA_INDOTH_ELC,2033,0.05320241272713879
RE1,CA_INDOTH_ELC,2034,0.05465411970060516
RE1,CA_INDOTH_ELC,2035,0.0566285394410328
RE1,CA_INDOTH_ELC,2036,0.05876984441020811
RE1,CA_INDOTH_ELC,2037,0.06100982625422068
RE1,CA_INDOTH_ELC,2038,0.06332919119756186
RE1,CA_INDOTH_ELC,2039,0.06573265520209783
RE1,CA_INDOTH_ELC,2040,0.06821728123688121
RE1,CA_INDOTH_ELC,2041,0.07078324147544159
RE1,CA_INDOTH_ELC,2042,0.0734954371513489
RE1,CA_INDOTH_ELC,2043,0.07631750462416442
RE1,CA_INDOTH_ELC,2044,0.0792648680172084
RE1,CA_INDOTH_ELC,2045,0.08235332288575324
RE1,CA_INDOTH_ELC,2046,0.08557444618365363
RE1,CA_INDOTH_ELC,2047,0.08893878206574558
RE1,CA_INDOTH_ELC,2048,0.0924322731765024
RE1,CA_INDOTH_ELC,2049,0.09606243132525366
RE1,CA_INDOTH_ELC,2050,0.09982975002152268
RE1,CA_INDOTH_ELC,2051,0.1037477118817392
RE1,CA_INDOTH_ELC,2052,0.1078253280144738
RE1,CA_INDOTH_ELC,2053,0.1120718088913379
RE1,CA_INDOTH_ELC,2054,0.1164715150485884
RE1,CA_INDREF,2022,0.3549105063460499
RE1,CA_INDREF,2023,0.333782083986725
RE1,CA_INDREF,2024,0.3254189531853424
RE1,CA_INDREF,2025,0.3181227183512503
RE1,CA_INDREF,2026,0.325777574268808
RE1,CA_INDREF,2027,0.3320249373221626
RE1,CA_INDREF,2028,0.3397355903357535
RE1,CA_INDREF,2029,0.3481639665829306
RE1,CA_INDREF,2030,0.3544937894090089
RE1,CA_INDREF,2031,0.3606512294377169
RE1,CA_INDREF,2032,0.366147091492411
RE1,CA_INDREF,2033,0.3714117976906378
RE1,CA_INDREF,2034,0.3820689948654501
RE1,CA_INDREF,2035,0.3961439374236782
RE1,CA_INDREF,2036,0.411386066691346
RE1,CA_INDREF,2037,0.4272981371330207
RE1,CA_INDREF,2038,0.4437690866852895
RE1,CA_INDREF,2039,0.4608526216614351
RE1,CA_INDREF,2040,0.4785469211468459
RE1,CA_INDREF,2041,0.4968555811247696
RE1,CA_INDREF,2042,0.5162248749672138
RE1,CA_INDREF,2043,0.5363914083710762
RE1,CA_INDREF,2044,0.5574160792951002
RE1,CA_INDREF,2045,0.5794338331277865
RE1,CA_INDREF,2046,0.6024002683402906
RE1,CA_INDREF,2047,0.6263927382506509
RE1,CA_INDREF,2048,0.6513123520496735
RE1,CA_INDREF,2049,0.6772115186340358
RE1,CA_INDREF,2050,0.7041034975745418
RE1,CA_INDREF,2051,0.7320811248713222
RE1,CA_INDREF,2052,0.7612052082126652
RE1,CA_INDREF,2053,0.7915441475465803
RE1,CA_INDREF,2054,0.8229724973147232
RE1,CA_RESCLIM_RUR,2022,0.04898315451552819
RE1,CA_RESCLIM_RUR,2023,0.0703576733722115
RE1,CA_RESCLIM_RUR,2024,0.07029426293470534
RE1,CA_RESCLIM_RUR,2025,0.07540534992716401
RE1,CA_RESCLIM_RUR,2026,0.08015923558801659
RE1,CA_RESCLIM_RUR,2027,0.0851011630635096
RE1,CA_RESCLIM_RUR,2028,0.09023252180416129
RE1,CA_RESCLIM_RUR,2029,0.09554246963017587
RE1,CA_RESCLIM_RUR,2030,0.1010317106549559
RE1,CA_RESCLIM_RUR,2031,0.1066949174305054
RE1,CA_RESCLIM_RUR,2032,0.1125213876428579
RE1,CA_RESCLIM_RUR,2033,0.1185081221188582
RE1,CA_RESCLIM_RUR,2034,0.124651790826492
RE1,CA_RESCLIM_RUR,2035,0.1309588853347107
RE1,CA_RESCLIM_RUR,2036,0.1374248998823814
RE1,CA_RESCLIM_RUR,2037,0.1440651434107837
RE1,CA_RESCLIM_RUR,2038,0.150873134169971
RE1,CA_RESCLIM_RUR,2039,0.1578555329022175
RE1,CA_RESCLIM_RUR,2040,0.1650114751314149
RE1,CA_RESCLIM_RUR,2041,0.1723529145032963
RE1,CA_RESCLIM_RUR,2042,0.1798726485809693
RE1,CA_RESCLIM_RUR,2043,0.1875746462249063
RE1,CA_RESCLIM_RUR,2044,0.1954528523364576
RE1,CA_RESCLIM_RUR,2045,0.2035144018545897
RE1,CA_RESCLIM_RUR,2046,0.211755822628913
RE1,CA_RESCLIM_RUR,2047,0.2201755794729834
RE1,CA_RESCLIM_RUR,2048,0.2287559698975745
RE1,CA_RESCLIM_RUR,2049,0.2374564652712096
RE1,CA_RESCLIM_RUR,2050,0.2462795247358833
RE1,CA_RESCLIM_RUR,2051,0.2506165660156353
RE1,CA_RESCLIM_RUR,2052,0.254923127559249
RE1,CA_RESCLIM_RUR,2053,0.2591950979837764
RE1,CA_RESCLIM_RUR,2054,0.2634283401391159
RE1,CA_RESCLIM_URB,2022,1.225477677681628
RE1,CA_RESCLIM_URB,2023,1.326797633991992
RE1,CA_RESCLIM_URB,2024,1.336074832517515
RE1,CA_RESCLIM_URB,2025,1.504826657520006
RE1,CA_RESCLIM_URB,2026,1.635516005159489
RE1,CA_RESCLIM_URB,2027,1.771084053477223
RE1,CA_RESCLIM_URB,2028,1.911344518656464
RE1,CA_RESCLIM_URB,2029,2.055917980125979
RE1,CA_RESCLIM_URB,2030,2.204490017230867
RE1,CA_RESCLIM_URB,2031,2.355556624281321
RE1,CA_RESCLIM_URB,2032,2.510141185246262
RE1,CA_RESCLIM_URB,2033,2.668065569752322
RE1,CA_RESCLIM_URB,2034,2.829231681686396
RE1,CA_RESCLIM_URB,2035,2.993636337195914
RE1,CA_RESCLIM_URB,2036,3.161295412250109
RE1,CA_RESCLIM_URB,2037,3.332036420453952
RE1,CA_RESCLIM_URB,2038,3.505990268946828
RE1,CA_RESCLIM_URB,2039,3.683035157610247
RE1,CA_RESCLIM_URB,2040,3.863183479424827
RE1,CA_RESCLIM_URB,2041,4.046375995465492
RE1,CA_RESCLIM_URB,2042,4.232420734986033
RE1,CA_RESCLIM_URB,2043,4.421295016635825
RE1,CA_RESCLIM_URB,2044,4.612768867584355
RE1,CA_RESCLIM_URB,2045,4.806911652277239
RE1,CA_RESCLIM_URB,2046,5.003737855960228
RE1,CA_RESCLIM_URB,2047,5.20319128033501
RE1,CA_RESCLIM_URB,2048,5.405226753119249
RE1,CA_RESCLIM_URB,2049,5.608850976765087
RE1,CA_RESCLIM_URB,2050,5.813561416761456
RE1,CA_RESCLIM_URB,2051,5.88241410214597
RE1,CA_RESCLIM_URB,2052,5.949498849442056
RE1,CA_RESCLIM_URB,2053,6.014732177875572
RE1,CA_RESCLIM_URB,2054,6.078034650846114
RE1,CA_RESDHT_RUR,2022,7.029363727820765
RE1,CA_RESDHT_RUR,2023,6.99070995580144
RE1,CA_RESDHT_RUR,2024,7.098222040579838
RE1,CA_RESDHT_RUR,2025,6.992631668566474
RE1,CA_RESDHT_RUR,2026,7.037737258972654
RE1,CA_RESDHT_RUR,2027,7.079520730009447
RE1,CA_RESDHT_RUR,2028,7.117569859535608
RE1,CA_RESDHT_RUR,2029,7.150502823718694
RE1,CA_RESDHT_RUR,2030,7.178183541942916
RE1,CA_RESDHT_RUR,2031,7.346180329024179
RE1,CA_RESDHT_RUR,2032,7.514077571872734
RE1,CA_RESDHT_RUR,2033,7.681730132679256
RE1,CA_RESDHT_RUR,2034,7.848904123265474
RE1,CA_RESDHT_RUR,2035,8.015932744257032
RE1,CA_RESDHT_RUR,2036,8.180767220430635
RE1,CA_RESDHT_RUR,2037,8.346591118176729
RE1,CA_RESDHT_RUR,2038,8.51237961914399
RE1,CA_RESDHT_RUR,2039,8.678522487142844
RE1,CA_RESDHT_RUR,2040,8.8448732191069
RE1,CA_RESDHT_RUR,2041,8.999837285701258
RE1,CA_RESDHT_RUR,2042,9.154509688147261
RE1,CA_RESDHT_RUR,2043,9.309083021981047
RE1,CA_RESDHT_RUR,2044,9.463148384503125
RE1,CA_RESDHT_RUR,2045,9.616911649466116
RE1,CA_RESDHT_RUR,2046,9.76331800422435
RE1,CA_RESDHT_RUR,2047,9.908643401845012
RE1,CA_RESDHT_RUR,2048,10.05211240244343
RE1,CA_RESDHT_RUR,2049,10.19180142892347
RE1,CA_RESDHT_RUR,2050,10.32791492823065
RE1,CA_RESDHT_RUR,2051,10.51609851447864
RE1,CA_RESDHT_RUR,2052,10.70300175582326
RE1,CA_RESDHT_RUR,2053,10.88843969273795
RE1,CA_RESDHT_RUR,2054,11.07222616980541
RE1,CA_RESDHT_URB,2022,9.9664150199791
RE1,CA_RESDHT_URB,2023,9.901805816124087
RE1,CA_RESDHT_URB,2024,10.18463236366368
RE1,CA_RESDHT_URB,2025,10.51593363851663
RE1,CA_RESDHT_URB,2026,10.8701861444021
RE1,CA_RESDHT_URB,2027,11.23160461246907
RE1,CA_RESDHT_URB,2028,11.59969459946736
RE1,CA_RESDHT_URB,2029,11.9726564445326
RE1,CA_RESDHT_URB,2030,12.34936206763505
RE1,CA_RESDHT_URB,2031,12.75112817248053
RE1,CA_RESDHT_URB,2032,13.15392667826695
RE1,CA_RESDHT_URB,2033,13.55687596827238
RE1,CA_RESDHT_URB,2034,13.95988710242331
RE1,CA_RESDHT_URB,2035,14.36360174527443
RE1,CA_RESDHT_URB,2036,14.77270219737883
RE1,CA_RESDHT_URB,2037,15.18302301969207
RE1,CA_RESDHT_URB,2038,15.59510070222944
RE1,CA_RESDHT_URB,2039,16.00846514975341
RE1,CA_RESDHT_URB,2040,16.42341380679687
RE1,CA_RESDHT_URB,2041,16.84272662618942
RE1,CA_RESDHT_URB,2042,17.26315543507985
RE1,CA_RESDHT_URB,2043,17.68462438629458
RE1,CA_RESDHT_URB,2044,18.10636354068971
RE1,CA_RESDHT_URB,2045,18.52896908688242
RE1,CA_RESDHT_URB,2046,18.95394719019058
RE1,CA_RESDHT_URB,2047,19.37969366413589
RE1,CA_RESDHT_URB,2048,19.80614983065033
RE1,CA_RESDHT_URB,2049,20.22914744176794
RE1,CA_RESDHT_URB,2050,20.61601793209433
RE1,CA_RESDHT_URB,2051,20.87606166837362
RE1,CA_RESDHT_URB,2052,21.12934118977463
RE1,CA_RESDHT_URB,2053,21.3638870204338
RE1,CA_RESDHT_URB,2054,21.59075171728869
RE1,CA_RESILU_RUR,2022,0.01084332216536629
RE1,CA_RESILU_RUR,2023,0.01786892172023525
RE1,CA_RESILU_RUR,2024,0.01812624119490584
RE1,CA_RESILU_RUR,2025,0.01895089192509101
RE1,CA_RESILU_RUR,2026,0.01960593232998559
RE1,CA_RESILU_RUR,2027,0.02027882006285744
RE1,CA_RESILU_RUR,2028,0.02096924105374481
RE1,CA_RESILU_RUR,2029,0.02167109650198099
RE1,CA_RESILU_RUR,2030,0.02238535902376394
RE1,CA_RESILU_RUR,2031,0.02311036380341592
RE1,CA_RESILU_RUR,2032,0.02384302214550195
RE1,CA_RESILU_RUR,2033,0.02457925241156076
RE1,CA_RESILU_RUR,2034,0.02532344107222594
RE1,CA_RESILU_RUR,2035,0.02607124562674089
RE1,CA_RESILU_RUR,2036,0.02682704503635089
RE1,CA_RESILU_RUR,2037,0.02758733135106808
RE1,CA_RESILU_RUR,2038,0.02835545935430779
RE1,CA_RESILU_RUR,2039,0.02913150828136677
RE1,CA_RESILU_RUR,2040,0.02991711662262496
RE1,CA_RESILU_RUR,2041,0.0307110584330771
RE1,CA_RESILU_RUR,2042,0.03151281201382404
RE1,CA_RESILU_RUR,2043,0.03232332003690941
RE1,CA_RESILU_RUR,2044,0.03313998707213534
RE1,CA_RESILU_RUR,2045,0.03396472722392162
RE1,CA_RESILU_RUR,2046,0.03479938983431988
RE1,CA_RESILU_RUR,2047,0.03563938309098883
RE1,CA_RESILU_RUR,2048,0.03648502069725108
RE1,CA_RESILU_RUR,2049,0.03732572445710111
RE1,CA_RESILU_RUR,2050,0.03816413156089529
RE1,CA_RESILU_RUR,2051,0.03901463928751776
RE1,CA_RESILU_RUR,2052,0.03986389776278929
RE1,CA_RESILU_RUR,2053,0.04062272251060751
RE1,CA_RESILU_RUR,2054,0.04137605409551563
RE1,CA_RESILU_URB,2022,0.2432224951431569
RE1,CA_RESILU_URB,2023,0.23076320522471
RE1,CA_RESILU_URB,2024,0.2071279220113495
RE1,CA_RESILU_URB,2025,0.2285749309868649
RE1,CA_RESILU_URB,2026,0.2347257353578887
RE1,CA_RESILU_URB,2027,0.240961178069209
RE1,CA_RESILU_URB,2028,0.2472689610492746
RE1,CA_RESILU_URB,2029,0.253611300155245
RE1,CA_RESILU_URB,2030,0.2599645012461373
RE1,CA_RESILU_URB,2031,0.2661394233004429
RE1,CA_RESILU_URB,2032,0.2722321206970816
RE1,CA_RESILU_URB,2033,0.2782278153241764
RE1,CA_RESILU_URB,2034,0.2841273465426223
RE1,CA_RESILU_URB,2035,0.2899465763854103
RE1,CA_RESILU_URB,2036,0.295686705069767
RE1,CA_RESILU_URB,2037,0.3013614032769736
RE1,CA_RESILU_URB,2038,0.3069793548223529
RE1,CA_RESILU_URB,2039,0.3125333832828336
RE1,CA_RESILU_URB,2040,0.3180313689449401
RE1,CA_RESILU_URB,2041,0.3234755983428376
RE1,CA_RESILU_URB,2042,0.3288562249812124
RE1,CA_RESILU_URB,2043,0.3341745947278561
RE1,CA_RESILU_URB,2044,0.3394178613083362
RE1,CA_RESILU_URB,2045,0.3445995827336557
RE1,CA_RESILU_URB,2046,0.349720720191544
RE1,CA_RESILU_URB,2047,0.3547809235013107
RE1,CA_RESILU_URB,2048,0.3597816966202093
RE1,CA_RESILU_URB,2049,0.3646488366954656
RE1,CA_RESILU_URB,2050,0.3728596807842527
RE1,CA_RESILU_URB,2051,0.3773678666677774
RE1,CA_RESILU_URB,2052,0.381748574278479
RE1,CA_RESILU_URB,2053,0.3859957941176287
RE1,CA_RESILU_URB,2054,0.390103803339738
RE1,CA_RESOTH_RUR,2022,0.07892503536706628
RE1,CA_RESOTH_RUR,2023,0.1290916104413921
RE1,CA_RESOTH_RUR,2024,0.1305972244645055
RE1,CA_RESOTH_RUR,2025,0.1365318160210764
RE1,CA_RESOTH_RUR,2026,0.1411224998105353
RE1,CA_RESOTH_RUR,2027,0.1458292227927645
RE1,CA_RESOTH_RUR,2028,0.1506507481258246
RE1,CA_RESOTH_RUR,2029,0.1555490985097475
RE1,CA_RESOTH_RUR,2030,0.1605286884214572
RE1,CA_RESOTH_RUR,2031,0.1655756176641471
RE1,CA_RESOTH_RUR,2032,0.1706677384420819
RE1,CA_RESOTH_RUR,2033,0.175784173196901
RE1,CA_RESOTH_RUR,2034,0.1809440438561153
RE1,CA_RESOTH_RUR,2035,0.1861289177933982
RE1,CA_RESOTH_RUR,2036,0.1913399623015421
RE1,CA_RESOTH_RUR,2037,0.1966073422391212
RE1,CA_RESOTH_RUR,2038,0.2019233101573363
RE1,CA_RESOTH_RUR,2039,0.2072925398900359
RE1,CA_RESOTH_RUR,2040,0.2127219090711456
RE1,CA_RESOTH_RUR,2041,0.2182106836692769
RE1,CA_RESOTH_RUR,2042,0.223750843096476
RE1,CA_RESOTH_RUR,2043,0.2293509785782971
RE1,CA_RESOTH_RUR,2044,0.2349955736878423
RE1,CA_RESOTH_RUR,2045,0.2406952676333122
RE1,CA_RESOTH_RUR,2046,0.2464581517314043
RE1,CA_RESOTH_RUR,2047,0.2522596341192613
RE1,CA_RESOTH_RUR,2048,0.2580964140314945
RE1,CA_RESOTH_RUR,2049,0.2638983945863182
RE1,CA_RESOTH_RUR,2050,0.2696726631530258
RE1,CA_RESOTH_RUR,2051,0.2755332908505093
RE1,CA_RESOTH_RUR,2052,0.2813820114930094
RE1,CA_RESOTH_RUR,2053,0.2865897733915882
RE1,CA_RESOTH_RUR,2054,0.2917566126302685
RE1,CA_RESOTH_URB,2022,1.31370216537448
RE1,CA_RESOTH_URB,2023,1.248455017131371
RE1,CA_RESOTH_URB,2024,1.121395612723654
RE1,CA_RESOTH_URB,2025,1.237346986100992
RE1,CA_RESOTH_URB,2026,1.270613447936228
RE1,CA_RESOTH_URB,2027,1.304537569111201
RE1,CA_RESOTH_URB,2028,1.338619626140521
RE1,CA_RESOTH_URB,2029,1.373100076457638
RE1,CA_RESOTH_URB,2030,1.407629098521077
RE1,CA_RESOTH_URB,2031,1.440944893838305
RE1,CA_RESOTH_URB,2032,1.474055816597399
RE1,CA_RESOTH_URB,2033,1.506389550484392
RE1,CA_RESOTH_URB,2034,1.538455532162386
RE1,CA_RESOTH_URB,2035,1.5700892614543
RE1,CA_RESOTH_URB,2036,1.601019115055666
RE1,CA_RESOTH_URB,2037,1.63187100776939
RE1,CA_RESOTH_URB,2038,1.662135596106626
RE1,CA_RESOTH_URB,2039,1.692335215151934
RE1,CA_RESOTH_URB,2040,1.722233989154558
RE1,CA_RESOTH_URB,2041,1.751545815969921
RE1,CA_RESOTH_URB,2042,1.780809725234468
RE1,CA_RESOTH_URB,2043,1.80943051443487
RE1,CA_RESOTH_URB,2044,1.837952075897939
RE1,CA_RESOTH_URB,2045,1.866142709283462
RE1,CA_RESOTH_URB,2046,1.893685049111515
RE1,CA_RESOTH_URB,2047,1.921218424200734
RE1,CA_RESOTH_URB,2048,1.948100556535489
RE1,CA_RESOTH_URB,2049,1.974589382314884
RE1,CA_RESOTH_URB,2050,2.01905094431393
RE1,CA_RESOTH_URB,2051,2.043461242005605
RE1,CA_RESOTH_URB,2052,2.067180218500957
RE1,CA_RESOTH_URB,2053,2.090175317626936
RE1,CA_RESOTH_URB,2054,2.112415537817529
RE1,CA_RESREF_RUR,2022,0.02030020171783921
RE1,CA_RESREF_RUR,2023,0.03434431037103589
RE1,CA_RESREF_RUR,2024,0.03467467239564007
RE1,CA_RESREF_RUR,2025,0.03658432462395398
RE1,CA_RESREF_RUR,2026,0.03809577893793328
RE1,CA_RESREF_RUR,2027,0.03965334178964548
RE1,CA_RESREF_RUR,2028,0.04125590156682372
RE1,CA_RESREF_RUR,2029,0.0428969186436868
RE1,CA_RESREF_RUR,2030,0.04457606572851737
RE1,CA_RESREF_RUR,2031,0.04588290098114551
RE1,CA_RESREF_RUR,2032,0.0472014557380761
RE1,CA_RESREF_RUR,2033,0.04852994250684741
RE1,CA_RESREF_RUR,2034,0.04986649167881643
RE1,CA_RESREF_RUR,2035,0.05121341267284796
RE1,CA_RESREF_RUR,2036,0.05257031438500991
RE1,CA_RESREF_RUR,2037,0.0539411406435439
RE1,CA_RESREF_RUR,2038,0.05532307378593875
RE1,CA_RESREF_RUR,2039,0.05671918140855749
RE1,CA_RESREF_RUR,2040,0.05812854695240711
RE1,CA_RESREF_RUR,2041,0.05955564014712485
RE1,CA_RESREF_RUR,2042,0.06099716612991686
RE1,CA_RESREF_RUR,2043,0.06245420494567779
RE1,CA_RESREF_RUR,2044,0.06392419091676306
RE1,CA_RESREF_RUR,2045,0.06540887389213682
RE1,CA_RESREF_RUR,2046,0.06690755260255436
RE1,CA_RESREF_RUR,2047,0.06841904743025376
RE1,CA_RESREF_RUR,2048,0.06993676452762973
RE1,CA_RESREF_RUR,2049,0.07144736624409403
RE1,CA_RESREF_RUR,2050,0.07295285907296176
RE1,CA_RESREF_RUR,2051,0.07436734851510918
RE1,CA_RESREF_RUR,2052,0.07577492498338742
RE1,CA_RESREF_RUR,2053,0.07717418133149964
RE1,CA_RESREF_RUR,2054,0.07856369530538442
RE1,CA_RESREF_URB,2022,1.58522966737178
RE1,CA_RESREF_URB,2023,1.53206777719465
RE1,CA_RESREF_URB,2024,1.372437923164898
RE1,CA_RESREF_URB,2025,1.531478939705299
RE1,CA_RESREF_URB,2026,1.589191662539459
RE1,CA_RESREF_URB,2027,1.648322001809252
RE1,CA_RESREF_URB,2028,1.708805042788255
RE1,CA_RESREF_URB,2029,1.770385210002258
RE1,CA_RESREF_URB,2030,1.832903198915471
RE1,CA_RESREF_URB,2031,1.878234606203325
RE1,CA_RESREF_URB,2032,1.923065290080149
RE1,CA_RESREF_URB,2033,1.967285983874121
RE1,CA_RESREF_URB,2034,2.010903076149277
RE1,CA_RESREF_URB,2035,2.054026778112569
RE1,CA_RESREF_URB,2036,2.096698910314877
RE1,CA_RESREF_URB,2037,2.138945653405381
RE1,CA_RESREF_URB,2038,2.180862129674624
RE1,CA_RESREF_URB,2039,2.222394758490824
RE1,CA_RESREF_URB,2040,2.263597492343579
RE1,CA_RESREF_URB,2041,2.304487766656767
RE1,CA_RESREF_URB,2042,2.344992699857162
RE1,CA_RESREF_URB,2043,2.385118096491256
RE1,CA_RESREF_URB,2044,2.424772232616316
RE1,CA_RESREF_URB,2045,2.464051510388394
RE1,CA_RESREF_URB,2046,2.502959139596485
RE1,CA_RESREF_URB,2047,2.541490792173861
RE1,CA_RESREF_URB,2048,2.579652286716621
RE1,CA_RESREF_URB,2049,2.616914837878895
RE1,CA_RESREF_URB,2050,2.653066535643513
RE1,CA_RESREF_URB,2051,2.685063910967204
RE1,CA_RESREF_URB,2052,2.716145909859202
RE1,CA_RESREF_URB,2053,2.746269589279583
RE1,CA_RESREF_URB,2054,2.775394061584649
RE1,CA_RESTV_RUR,2022,0.02832618322145418
RE1,CA_RESTV_RUR,2023,0.0477293497947781
RE1,CA_RESTV_RUR,2024,0.04813735963388416
RE1,CA_RESTV_RUR,2025,0.05089323998461018
RE1,CA_RESTV_RUR,2026,0.05274647772808857
RE1,CA_RESTV_RUR,2027,0.05464268078747424
RE1,CA_RESTV_RUR,2028,0.05658067074734813
RE1,CA_RESTV_RUR,2029,0.05855178351320011
RE1,CA_RESTV_RUR,2030,0.06055555368685231
RE1,CA_RESTV_RUR,2031,0.06241548289489279
RE1,CA_RESTV_RUR,2032,0.06429099139851183
RE1,CA_RESTV_RUR,2033,0.06617982295090886
RE1,CA_RESTV_RUR,2034,0.06807966684320539
RE1,CA_RESTV_RUR,2035,0.06999371255083821
RE1,CA_RESTV_RUR,2036,0.07192051839547513
RE1,CA_RESTV_RUR,2037,0.07386790330370549
RE1,CA_RESTV_RUR,2038,0.07583103558426586
RE1,CA_RESTV_RUR,2039,0.07781415373049962
RE1,CA_RESTV_RUR,2040,0.07981610354484396
RE1,CA_RESTV_RUR,2041,0.0818430931980217
RE1,CA_RESTV_RUR,2042,0.0838906098480256
RE1,CA_RESTV_RUR,2043,0.08596027937062238
RE1,CA_RESTV_RUR,2044,0.08804868459469756
RE1,CA_RESTV_RUR,2045,0.09015823279261258
RE1,CA_RESTV_RUR,2046,0.0922879060631275
RE1,CA_RESTV_RUR,2047,0.09443611335320017
RE1,CA_RESTV_RUR,2048,0.09659392271291517
RE1,CA_RESTV_RUR,2049,0.09874269241058321
RE1,CA_RESTV_RUR,2050,0.1008842305731875
RE1,CA_RESTV_RUR,2051,0.1030584404034547
RE1,CA_RESTV_RUR,2052,0.1052297250526038
RE1,CA_RESTV_RUR,2053,0.1071628506970295
RE1,CA_RESTV_RUR,2054,0.1090822178735793
RE1,CA_RESTV_URB,2022,0.4536825668945275
RE1,CA_RESTV_URB,2023,0.4365761719364207
RE1,CA_RESTV_URB,2024,0.3810638708343607
RE1,CA_RESTV_URB,2025,0.4208722478917903
RE1,CA_RESTV_URB,2026,0.4322104367792977
RE1,CA_RESTV_URB,2027,0.4437034282935221
RE1,CA_RESTV_URB,2028,0.4553290488665556
RE1,CA_RESTV_URB,2029,0.467017952929749
RE1,CA_RESTV_URB,2030,0.4787262222816665
RE1,CA_RESTV_URB,2031,0.4901062697834224
RE1,CA_RESTV_URB,2032,0.5013349812015166
RE1,CA_RESTV_URB,2033,0.5123850019750172
RE1,CA_RESTV_URB,2034,0.5232577132525639
RE1,CA_RESTV_URB,2035,0.5339824255023389
RE1,CA_RESTV_URB,2036,0.5445600031534747
RE1,CA_RESTV_URB,2037,0.5550185860072521
RE1,CA_RESTV_URB,2038,0.5653727850001357
RE1,CA_RESTV_URB,2039,0.5756092352907332
RE1,CA_RESTV_URB,2040,0.5857420958109419
RE1,CA_RESTV_URB,2041,0.5957758075641958
RE1,CA_RESTV_URB,2042,0.6056920879461966
RE1,CA_RESTV_URB,2043,0.6154933261253936
RE1,CA_RESTV_URB,2044,0.6251559857062694
RE1,CA_RESTV_URB,2045,0.63470483229221
RE1,CA_RESTV_URB,2046,0.644141763154299
RE1,CA_RESTV_URB,2047,0.6534655548343944
RE1,CA_RESTV_URB,2048,0.6626793462142307
RE1,CA_RESTV_URB,2049,0.6716455820184195
RE1,CA_RESTV_URB,2050,0.6867685200478645
RE1,CA_RESTV_URB,2051,0.6950707189101191
RE1,CA_RESTV_URB,2052,0.7031367585224242
RE1,CA_RESTV_URB,2053,0.7109555281738525
RE1,CA_RESTV_URB,2054,0.7185164480886528
RE1,CA_RESWHT_RUR,2022,0.0005818623691778576
RE1,CA_RESWHT_RUR,2023,0.003505734691933061
RE1,CA_RESWHT_RUR,2024,0.00282240031976826
RE1,CA_RESWHT_RUR,2025,0.002787831373505323
RE1,CA_RESWHT_RUR,2026,0.002874890662059396
RE1,CA_RESWHT_RUR,2027,0.002963750921778757
RE1,CA_RESWHT_RUR,2028,0.003054250918669862
RE1,CA_RESWHT_RUR,2029,0.003145876832389304
RE1,CA_RESWHT_RUR,2030,0.003238575587235431
RE1,CA_RESWHT_RUR,2031,0.003332316437375148
RE1,CA_RESWHT_RUR,2032,0.003426839120709561
RE1,CA_RESWHT_RUR,2033,0.003521980856078268
RE1,CA_RESWHT_RUR,2034,0.003617527246586365
RE1,CA_RESWHT_RUR,2035,0.003713651864840197
RE1,CA_RESWHT_RUR,2036,0.003810504786594769
RE1,CA_RESWHT_RUR,2037,0.003907987927310954
RE1,CA_RESWHT_RUR,2038,0.004006040573979798
RE1,CA_RESWHT_RUR,2039,0.004104907222697214
RE1,CA_RESWHT_RUR,2040,0.004204486453797128
RE1,CA_RESWHT_RUR,2041,0.004305150489954198
RE1,CA_RESWHT_RUR,2042,0.004406631337613704
RE1,CA_RESWHT_RUR,2043,0.004509002072639831
RE1,CA_RESWHT_RUR,2044,0.004612100281614104
RE1,CA_RESWHT_RUR,2045,0.004716003234887835
RE1,CA_RESWHT_RUR,2046,0.004820708425321415
RE1,CA_RESWHT_RUR,2047,0.004926151247303688
RE1,CA_RESWHT_RUR,2048,0.005031817846349197
RE1,CA_RESWHT_RUR,2049,0.005136762749918372
RE1,CA_RESWHT_RUR,2050,0.00524115248189309
RE1,CA_RESWHT_RUR,2051,0.005346957860021033
RE1,CA_RESWHT_RUR,2052,0.005452357943075364
RE1,CA_RESWHT_RUR,2053,0.00555724613112588
RE1,CA_RESWHT_RUR,2054,0.005661514421072228
RE1,CA_RESWHT_URB,2022,0.06341878777793615
RE1,CA_RESWHT_URB,2023,0.1015430801758264
RE1,CA_RESWHT_URB,2024,0.1126209102115972
RE1,CA_RESWHT_URB,2025,0.1244659824908894
RE1,CA_RESWHT_URB,2026,0.1275085094715814
RE1,CA_RESWHT_URB,2027,0.130616203970465
RE1,CA_RESWHT_URB,2028,0.1337885882032986
RE1,CA_RESWHT_URB,2029,0.1370066941459546
RE1,CA_RESWHT_URB,2030,0.1402604132961538
RE1,CA_RESWHT_URB,2031,0.1434358209700368
RE1,CA_RESWHT_URB,2032,0.1465703929149823
RE1,CA_RESWHT_URB,2033,0.1496522127610925
RE1,CA_RESWHT_URB,2034,0.1526820157570883
RE1,CA_RESWHT_URB,2035,0.155669828138929
RE1,CA_RESWHT_URB,2036,0.1586148874890726
RE1,CA_RESWHT_URB,2037,0.161525974929862
RE1,CA_RESWHT_URB,2038,0.1644069610105519
RE1,CA_RESWHT_URB,2039,0.1672525194908973
RE1,CA_RESWHT_URB,2040,0.1700676813157365
RE1,CA_RESWHT_URB,2041,0.1728530029900377
RE1,CA_RESWHT_URB,2042,0.1756033221373791
RE1,CA_RESWHT_URB,2043,0.1783189618041386
RE1,CA_RESWHT_URB,2044,0.180992087597734
RE1,CA_RESWHT_URB,2045,0.183631226473872
RE1,CA_RESWHT_URB,2046,0.1862362462380749
RE1,CA_RESWHT_URB,2047,0.188806323598631
RE1,CA_RESWHT_URB,2048,0.1913427981032476
RE1,CA_RESWHT_URB,2049,0.1938025275749289
RE1,CA_RESWHT_URB,2050,0.1961666140757553
RE1,CA_RESWHT_URB,2051,0.1985218062862072
RE1,CA_RESWHT_URB,2052,0.2008080164588737
RE1,CA_RESWHT_URB,2053,0.2030220394944138
RE1,CA_RESWHT_URB,2054,0.2051608268185171
RE1,CA_RESWSH_RUR,2022,0.01435074590426577
RE1,CA_RESWSH_RUR,2023,0.02448083335018713
RE1,CA_RESWSH_RUR,2024,0.02392262304924707
RE1,CA_RESWSH_RUR,2025,0.02533414363103711
RE1,CA_RESWSH_RUR,2026,0.02646438665409379
RE1,CA_RESWSH_RUR,2027,0.02763130310538715
RE1,CA_RESWSH_RUR,2028,0.02883413620106372
RE1,CA_RESWSH_RUR,2029,0.03006842056160107
RE1,CA_RESWSH_RUR,2030,0.03133397801891338
RE1,CA_RESWSH_RUR,2031,0.0325233062532674
RE1,CA_RESWSH_RUR,2032,0.03373566139126913
RE1,CA_RESWSH_RUR,2033,0.03496980916775547
RE1,CA_RESWSH_RUR,2034,0.03622440487058579
RE1,CA_RESWSH_RUR,2035,0.03750125754784962
RE1,CA_RESWSH_RUR,2036,0.03880123268750912
RE1,CA_RESWSH_RUR,2037,0.04012484724456045
RE1,CA_RESWSH_RUR,2038,0.04147140484885475
RE1,CA_RESWSH_RUR,2039,0.04284324478373918
RE1,CA_RESWSH_RUR,2040,0.04423980812048867
RE1,CA_RESWSH_RUR,2041,0.04566466585656154
RE1,CA_RESWSH_RUR,2042,0.04711556701546154
RE1,CA_RESWSH_RUR,2043,0.04859337867542537
RE1,CA_RESWSH_RUR,2044,0.05009631297284221
RE1,CA_RESWSH_RUR,2045,0.05162590032562533
RE1,CA_RESWSH_RUR,2046,0.05318177222743498
RE1,CA_RESWSH_RUR,2047,0.05476330049164786
RE1,CA_RESWSH_RUR,2048,0.05636521515051279
RE1,CA_RESWSH_RUR,2049,0.05797710359136243
RE1,CA_RESWSH_RUR,2050,0.05960093840117426
RE1,CA_RESWSH_RUR,2051,0.06075235837530211
RE1,CA_RESWSH_RUR,2052,0.06189813710932034
RE1,CA_RESWSH_RUR,2053,0.06303713491455926
RE1,CA_RESWSH_RUR,2054,0.06416819982641242
RE1,CA_RESWSH_URB,2022,0.346972213637759
RE1,CA_RESWSH_URB,2023,0.3372207602201259
RE1,CA_RESWSH_URB,2024,0.2925232111471331
RE1,CA_RESWSH_URB,2025,0.3280318404339426
RE1,CA_RESWSH_URB,2026,0.3414142440726634
RE1,CA_RESWSH_URB,2027,0.3551608148407622
RE1,CA_RESWSH_URB,2028,0.3692602864765566
RE1,CA_RESWSH_URB,2029,0.3836592643171994
RE1,CA_RESWSH_URB,2030,0.3983245564409398
RE1,CA_RESWSH_URB,2031,0.411601721136199
RE1,CA_RESWSH_URB,2032,0.4249249798830994
RE1,CA_RESWSH_URB,2033,0.4382656462306278
RE1,CA_RESWSH_URB,2034,0.4516209472374061
RE1,CA_RESWSH_URB,2035,0.4650123160812806
RE1,CA_RESWSH_URB,2036,0.4784427263042773
RE1,CA_RESWSH_URB,2037,0.4919210268706363
RE1,CA_RESWSH_URB,2038,0.5054635365471289
RE1,CA_RESWSH_URB,2039,0.5190549846410013
RE1,CA_RESWSH_URB,2040,0.5327053228425671
RE1,CA_RESWSH_URB,2041,0.5464162227850905
RE1,CA_RESWSH_URB,2042,0.5601678006518392
RE1,CA_RESWSH_URB,2043,0.5739590891474008
RE1,CA_RESWSH_URB,2044,0.5877646629686604
RE1,CA_RESWSH_URB,2045,0.6016052861447214
RE1,CA_RESWSH_URB,2046,0.6154794016004947
RE1,CA_RESWSH_URB,2047,0.6293827524542989
RE1,CA_RESWSH_URB,2048,0.643314947080914
RE1,CA_RESWSH_URB,2049,0.6571390499845096
RE1,CA_RESWSH_URB,2050,0.6707956674155758
RE1,CA_RESWSH_URB,2051,0.678894393813699
RE1,CA_RESWSH_URB,2052,0.6867612510648343
RE1,CA_RESWSH_URB,2053,0.6943853492938509
RE1,CA_RESWSH_URB,2054,0.7017563195999789
RE1,CA_TERCLIM_CEN,2022,3.555959699659035
RE1,CA_TERCLIM_CEN,2023,3.677119957064026
RE1,CA_TERCLIM_CEN,2024,3.802908009124867
RE1,CA_TERCLIM_CEN,2025,3.937643359864387
RE1,CA_TERCLIM_CEN,2026,4.094306634746452
RE1,CA_TERCLIM_CEN,2027,4.241591004534822
RE1,CA_TERCLIM_CEN,2028,4.383873818743967
RE1,CA_TERCLIM_CEN,2029,4.533410020668253
RE1,CA_TERCLIM_CEN,2030,4.685300665573552
RE1,CA_TERCLIM_CEN,2031,4.790791251896355
RE1,CA_TERCLIM_CEN,2032,4.887215981229364
RE1,CA_TERCLIM_CEN,2033,4.977754690660526
RE1,CA_TERCLIM_CEN,2034,5.057174455989329
RE1,CA_TERCLIM_CEN,2035,5.126339502209622
RE1,CA_TERCLIM_CEN,2036,5.187567855158421
RE1,CA_TERCLIM_CEN,2037,5.244892519253529
RE1,CA_TERCLIM_CEN,2038,5.303028875243781
RE1,CA_TERCLIM_CEN,2039,5.366724964791288
RE1,CA_TERCLIM_CEN,2040,5.440067356938295
RE1,CA_TERCLIM_CEN,2041,5.526062904675864
RE1,CA_TERCLIM_CEN,2042,5.626569505957876
RE1,CA_TERCLIM_CEN,2043,5.74238660097188
RE1,CA_TERCLIM_CEN,2044,5.873534024758019
RE1,CA_TERCLIM_CEN,2045,6.019521718348017
RE1,CA_TERCLIM_CEN,2046,6.179582007123499
RE1,CA_TERCLIM_CEN,2047,6.352844177620242
RE1,CA_TERCLIM_CEN,2048,6.538452123501258
RE1,CA_TERCLIM_CEN,2049,6.735635184837671
RE1,CA_TERCLIM_CEN,2050,6.943744498055711
RE1,CA_TERCLIM_CEN,2051,7.168188489360147
RE1,CA_TERCLIM_CEN,2052,7.40154000110206
RE1,CA_TERCLIM_CEN,2053,7.635112852394665
RE1,CA_TERCLIM_CEN,2054,7.876983989954185
RE1,CA_TERCLIM_FAN,2022,0.1002545827834546
RE1,CA_TERCLIM_FAN,2023,0.1036767722578747
RE1,CA_TERCLIM_FAN,2024,0.1072550169792012
RE1,CA_TERCLIM_FAN,2025,0.1110759598545085
RE1,CA_TERCLIM_FAN,2026,0.1155175234417848
RE1,CA_TERCLIM_FAN,2027,0.1197069768266127
RE1,CA_TERCLIM_FAN,2028,0.1237670054875881
RE1,CA_TERCLIM_FAN,2029,0.1280492562600835
RE1,CA_TERCLIM_FAN,2030,0.1324181091881855
RE1,CA_TERCLIM_FAN,2031,0.1360450813803895
RE1,CA_TERCLIM_FAN,2032,0.1396139726561945
RE1,CA_TERCLIM_FAN,2033,0.14324220348632
RE1,CA_TERCLIM_FAN,2034,0.1467927147313552
RE1,CA_TERCLIM_FAN,2035,0.1502807904030951
RE1,CA_TERCLIM_FAN,2036,0.1537397963824109
RE1,CA_TERCLIM_FAN,2037,0.1572305101736562
RE1,CA_TERCLIM_FAN,2038,0.1608217531634191
RE1,CA_TERCLIM_FAN,2039,0.1645829745618273
RE1,CA_TERCLIM_FAN,2040,0.1685745622433383
RE1,CA_TERCLIM_FAN,2041,0.1728418807270406
RE1,CA_TERCLIM_FAN,2042,0.1774147765360105
RE1,CA_TERCLIM_FAN,2043,0.1823079071642213
RE1,CA_TERCLIM_FAN,2044,0.1875251324369718
RE1,CA_TERCLIM_FAN,2045,0.1930632922617834
RE1,CA_TERCLIM_FAN,2046,0.1989154615735269
RE1,CA_TERCLIM_FAN,2047,0.2050733983977731
RE1,CA_TERCLIM_FAN,2048,0.2115291954552635
RE1,CA_TERCLIM_FAN,2049,0.2182762767939961
RE1,CA_TERCLIM_FAN,2050,0.2253099117589425
RE1,CA_TERCLIM_FAN,2051,0.23270937687165
RE1,CA_TERCLIM_FAN,2052,0.2403752146676851
RE1,CA_TERCLIM_FAN,2053,0.2480213302525967
RE1,CA_TERCLIM_FAN,2054,0.2559236622585866
RE1,CA_TERCLIM_SPL,2022,0.3909262073218464
RE1,CA_TERCLIM_SPL,2023,0.4042460207916146
RE1,CA_TERCLIM_SPL,2024,0.4180745931804588
RE1,CA_TERCLIM_SPL,2025,0.4328867913225889
RE1,CA_TERCLIM_SPL,2026,0.4501096467678117
RE1,CA_TERCLIM_SPL,2027,0.4663014275927397
RE1,CA_TERCLIM_SPL,2028,0.4819433599046254
RE1,CA_TERCLIM_SPL,2029,0.4983826970211792
RE1,CA_TERCLIM_SPL,2030,0.5150808710039136
RE1,CA_TERCLIM_SPL,2031,0.5266780313494838
RE1,CA_TERCLIM_SPL,2032,0.5372785321745641
RE1,CA_TERCLIM_SPL,2033,0.5472319504591225
RE1,CA_TERCLIM_SPL,2034,0.5559630020650664
RE1,CA_TERCLIM_SPL,2035,0.563566695999149
RE1,CA_TERCLIM_SPL,2036,0.5702978655906188
RE1,CA_TERCLIM_SPL,2037,0.5765998811963776
RE1,CA_TERCLIM_SPL,2038,0.5829911305564198
RE1,CA_TERCLIM_SPL,2039,0.5899935920045704
RE1,CA_TERCLIM_SPL,2040,0.5980565245514973
RE1,CA_TERCLIM_SPL,2041,0.6075104880839963
RE1,CA_TERCLIM_SPL,2042,0.6185597315424508
RE1,CA_TERCLIM_SPL,2043,0.6312921417835454
RE1,CA_TERCLIM_SPL,2044,0.6457098993823343
RE1,CA_TERCLIM_SPL,2045,0.6617591294611437
RE1,CA_TERCLIM_SPL,2046,0.6793554373270172
RE1,CA_TERCLIM_SPL,2047,0.6984031006599668
RE1,CA_TERCLIM_SPL,2048,0.7188080029818412
RE1,CA_TERCLIM_SPL,2049,0.7404854214080809
RE1,CA_TERCLIM_SPL,2050,0.7633640227973159
RE1,CA_TERCLIM_SPL,2051,0.7880383851882153
RE1,CA_TERCLIM_SPL,2052,0.8136920002915674
RE1,CA_TERCLIM_SPL,2053,0.8393699484690802
RE1,CA_TERCLIM_SPL,2054,0.8659601728959291
RE1,CA_TERDATA,2022,0.0
RE1,CA_TERDATA,2023,0.0
RE1,CA_TERDATA,2024,0.0
RE1,CA_TERDATA,2025,0.0
RE1,CA_TERDATA,2026,0.1721095473909159
RE1,CA_TERDATA,2027,0.2025654607174254
RE1,CA_TERDATA,2028,0.2448418790119678
RE1,CA_TERDATA,2029,0.2922914425612652
RE1,CA_TERDATA,2030,0.2929516273092478
RE1,CA_TERDATA,2031,0.29816336196249
RE1,CA_TERDATA,2032,0.2974558975843352
RE1,CA_TERDATA,2033,0.3109714248639353
RE1,CA_TERDATA,2034,0.3069073314562794
RE1,CA_TERDATA,2035,0.3139801399993586
RE1,CA_TERDATA,2036,0.3279631148362963
RE1,CA_TERDATA,2037,0.3358933014047756
RE1,CA_TERDATA,2038,0.330318807600293
RE1,CA_TERDATA,2039,0.365653536342204
RE1,CA_TERDATA,2040,0.3769401587130841
RE1,CA_TERDATA,2041,0.388226781083962
RE1,CA_TERDATA,2042,0.399513403454842
RE1,CA_TERDATA,2043,0.410800025825722
RE1,CA_TERDATA,2044,0.422086648196602
RE1,CA_TERDATA,2045,0.433373270567482
RE1,CA_TERDATA,2046,0.444659892938362
RE1,CA_TERDATA,2047,0.455946515309242
RE1,CA_TERDATA,2048,0.46723313768012
RE1,CA_TERDATA,2049,0.4785197600510001
RE1,CA_TERDATA,2050,0.4898063824218801
RE1,CA_TERDATA,2051,0.50109300479276
RE1,CA_TERDATA,2052,0.51237962716364
RE1,CA_TERDATA,2053,0.52366624953452
RE1,CA_TERDATA,2054,0.5349528719054
RE1,CA_TERDHT,2022,2.724115678129783
RE1,CA_TERDHT,2023,2.960572408557351
RE1,CA_TERDHT,2024,3.044593389890001
RE1,CA_TERDHT,2025,3.168272719166122
RE1,CA_TERDHT,2026,3.278868115143206
RE1,CA_TERDHT,2027,3.387440208882389
RE1,CA_TERDHT,2028,3.495093377494363
RE1,CA_TERDHT,2029,3.605230875881604
RE1,CA_TERDHT,2030,3.714785932242491
RE1,CA_TERDHT,2031,3.814716458538542
RE1,CA_TERDHT,2032,3.91245696323291
RE1,CA_TERDHT,2033,4.011224441124962
RE1,CA_TERDHT,2034,4.107143729198443
RE1,CA_TERDHT,2035,4.200670053108623
RE1,CA_TERDHT,2036,4.292834552216131
RE1,CA_TERDHT,2037,4.38549216702261
RE1,CA_TERDHT,2038,4.480757245435671
RE1,CA_TERDHT,2039,4.580762069428106
RE1,CA_TERDHT,2040,4.687356827916613
RE1,CA_TERDHT,2041,4.80192603995036
RE1,CA_TERDHT,2042,4.925371116755355
RE1,CA_TERDHT,2043,5.058125291440619
RE1,CA_TERDHT,2044,5.200287070379336
RE1,CA_TERDHT,2045,5.351737163521517
RE1,CA_TERDHT,2046,5.512239201439607
RE1,CA_TERDHT,2047,5.681515460427305
RE1,CA_TERDHT,2048,5.859297928938313
RE1,CA_TERDHT,2049,6.045359101129209
RE1,CA_TERDHT,2050,6.239527834024771
RE1,CA_TERDHT,2051,6.444235198806462
RE1,CA_TERDHT,2052,6.656379678879377
RE1,CA_TERDHT,2053,6.867964878286498
RE1,CA_TERDHT,2054,7.086677641148349
RE1,CA_TERIHT,2022,0.305169374999518
RE1,CA_TERIHT,2023,0.3067927456107141
RE1,CA_TERIHT,2024,0.3088264027749966
RE1,CA_TERIHT,2025,0.3106497151359094
RE1,CA_TERIHT,2026,0.3125792711183087
RE1,CA_TERIHT,2027,0.3146479017296952
RE1,CA_TERIHT,2028,0.3168967182266147
RE1,CA_TERIHT,2029,0.3193754641713337
RE1,CA_TERIHT,2030,0.3221411469226703
RE1,CA_TERIHT,2031,0.332368672206174
RE1,CA_TERIHT,2032,0.3428917627227807
RE1,CA_TERIHT,2033,0.3540566855553049
RE1,CA_TERIHT,2034,0.3655545392088528
RE1,CA_TERIHT,2035,0.377402877243374
RE1,CA_TERIHT,2036,0.3896094456061168
RE1,CA_TERIHT,2037,0.4022062752949164
RE1,CA_TERIHT,2038,0.4152180195112492
RE1,CA_TERIHT,2039,0.4286702600317543
RE1,CA_TERIHT,2040,0.4425879292702221
RE1,CA_TERIHT,2041,0.4569936421172793
RE1,CA_TERIHT,2042,0.4719094968333192
RE1,CA_TERIHT,2043,0.4873534061061617
RE1,CA_TERIHT,2044,0.5033418849659689
RE1,CA_TERIHT,2045,0.5198907367647145
RE1,CA_TERIHT,2046,0.5370156480269398
RE1,CA_TERIHT,2047,0.5547326414471344
RE1,CA_TERIHT,2048,0.5730583883584681
RE1,CA_TERIHT,2049,0.5920104055335654
RE1,CA_TERIHT,2050,0.6116071668898956
RE1,CA_TERIHT,2051,0.6318784581293252
RE1,CA_TERIHT,2052,0.6528268685301388
RE1,CA_TERIHT,2053,0.6737091849114769
RE1,CA_TERIHT,2054,0.6952617833190057
RE1,CA_TERILU,2022,0.4041763574693994
RE1,CA_TERILU,2023,0.4177768866636045
RE1,CA_TERILU,2024,0.4269484664173387
RE1,CA_TERILU,2025,0.4434362278998792
RE1,CA_TERILU,2026,0.4609237086709742
RE1,CA_TERILU,2027,0.4772879000147707
RE1,CA_TERILU,2028,0.4930003527884111
RE1,CA_TERILU,2029,0.5094090008102473
RE1,CA_TERILU,2030,0.5259257395936998
RE1,CA_TERILU,2031,0.5394752588924075
RE1,CA_TERILU,2032,0.553185778537971
RE1,CA_TERILU,2033,0.567597411188048
RE1,CA_TERILU,2034,0.5821877619068698
RE1,CA_TERILU,2035,0.5969571716811386
RE1,CA_TERILU,2036,0.6124385078204644
RE1,CA_TERILU,2037,0.6281616713386682
RE1,CA_TERILU,2038,0.6441238991701456
RE1,CA_TERILU,2039,0.6603227003116238
RE1,CA_TERILU,2040,0.6767560196696547
RE1,CA_TERILU,2041,0.6940343050717964
RE1,CA_TERILU,2042,0.7116199598264
RE1,CA_TERILU,2043,0.7295135557333038
RE1,CA_TERILU,2044,0.7477153633822214
RE1,CA_TERILU,2045,0.7662253273896306
RE1,CA_TERILU,2046,0.7856987424694474
RE1,CA_TERILU,2047,0.8055536120160411
RE1,CA_TERILU,2048,0.8257933375686419
RE1,CA_TERILU,2049,0.8464211245094515
RE1,CA_TERILU,2050,0.8674399654122726
RE1,CA_TERILU,2051,0.8962028937123231
RE1,CA_TERILU,2052,0.9259212564277974
RE1,CA_TERILU,2053,0.9555507366334871
RE1,CA_TERILU,2054,0.9861283602057589
RE1,CA_TERMPW,2022,0.3549979811159301
RE1,CA_TERMPW,2023,0.3671117435697031
RE1,CA_TERMPW,2024,0.3797653751094002
RE1,CA_TERMPW,2025,0.393274736695325
RE1,CA_TERMPW,2026,0.408997899900064
RE1,CA_TERMPW,2027,0.423815774894436
RE1,CA_TERMPW,2028,0.4381761772722096
RE1,CA_TERMPW,2029,0.4533167697738982
RE1,CA_TERMPW,2030,0.4687636313017652
RE1,CA_TERMPW,2031,0.4815830907420089
RE1,CA_TERMPW,2032,0.4941957634127509
RE1,CA_TERMPW,2033,0.5070170405796467
RE1,CA_TERMPW,2034,0.5195621979715815
RE1,CA_TERMPW,2035,0.5318858331006171
RE1,CA_TERMPW,2036,0.544104085689587
RE1,CA_TERMPW,2037,0.5564336735263055
RE1,CA_TERMPW,2038,0.5691180287337755
RE1,CA_TERMPW,2039,0.5824028550370428
RE1,CA_TERMPW,2040,0.5965018558203278
RE1,CA_TERMPW,2041,0.6115755238793096
RE1,CA_TERMPW,2042,0.627729193287701
RE1,CA_TERMPW,2043,0.6450145947160234
RE1,CA_TERMPW,2044,0.663445250171689
RE1,CA_TERMPW,2045,0.6830098459812041
RE1,CA_TERMPW,2046,0.7036837527929061
RE1,CA_TERMPW,2047,0.7254376882911499
RE1,CA_TERMPW,2048,0.7482435603790878
RE1,CA_TERMPW,2049,0.7720779921485813
RE1,CA_TERMPW,2050,0.7969241387945265
RE1,CA_TERMPW,2051,0.8230623734347485
RE1,CA_TERMPW,2052,0.8501408070633226
RE1,CA_TERMPW,2053,0.8771830080791088
RE1,CA_TERMPW,2054,0.9051313758779364
RE1,CA_TEROTH,2022,1.739460197035951
RE1,CA_TEROTH,2023,1.798569843968755
RE1,CA_TEROTH,2024,1.85926115468581
RE1,CA_TEROTH,2025,1.924652436274221
RE1,CA_TEROTH,2026,2.000553780557505
RE1,CA_TEROTH,2027,2.071584998971924
RE1,CA_TEROTH,2028,2.139787180892011
RE1,CA_TEROTH,2029,2.211013435144999
RE1,CA_TEROTH,2030,2.282708935872151
RE1,CA_TEROTH,2031,2.355957917638898
RE1,CA_TEROTH,2032,2.431544477205699
RE1,CA_TEROTH,2033,2.511955931955465
RE1,CA_TEROTH,2034,2.595017174644167
RE1,CA_TEROTH,2035,2.680841758363795
RE1,CA_TEROTH,2036,2.769442797530878
RE1,CA_TEROTH,2037,2.860983199149575
RE1,CA_TEROTH,2038,2.955557926476082
RE1,CA_TEROTH,2039,3.053268234920916
RE1,CA_TEROTH,2040,3.154222766971104
RE1,CA_TEROTH,2041,3.258532840498987
RE1,CA_TEROTH,2042,3.36632679094155
RE1,CA_TEROTH,2043,3.477721634719257
RE1,CA_TEROTH,2044,3.592838354867423
RE1,CA_TEROTH,2045,3.711802016482556
RE1,CA_TEROTH,2046,3.834741895975432
RE1,CA_TEROTH,2047,3.961791621600132
RE1,CA_TEROTH,2048,4.093089320970271
RE1,CA_TEROTH,2049,4.228777773391621
RE1,CA_TEROTH,2050,4.369004566744107
RE1,CA_TEROTH,2051,4.513889842408101
RE1,CA_TEROTH,2052,4.66358826276138
RE1,CA_TEROTH,2053,4.812823087169745
RE1,CA_TEROTH,2054,4.966833425959178
RE1,CA_TERREF_AUC,2022,0.2759642491216741
RE1,CA_TERREF_AUC,2023,0.2853670498319384
RE1,CA_TERREF_AUC,2024,0.2951290664651627
RE1,CA_TERREF_AUC,2025,0.3055854685737327
RE1,CA_TERREF_AUC,2026,0.3177435217327851
RE1,CA_TERREF_AUC,2027,0.329173784291957
RE1,CA_TERREF_AUC,2028,0.3402158908940427
RE1,CA_TERREF_AUC,2029,0.3518209418523635
RE1,CA_TERREF_AUC,2030,0.3636087139551703
RE1,CA_TERREF_AUC,2031,0.3717955561897047
RE1,CA_TERREF_AUC,2032,0.379278836230346
RE1,CA_TERREF_AUC,2033,0.3863053303380316
RE1,CA_TERREF_AUC,2034,0.3924689275888089
RE1,CA_TERREF_AUC,2035,0.3978366940756612
RE1,CA_TERREF_AUC,2036,0.4025885332915506
RE1,CA_TERREF_AUC,2037,0.4070374230592765
RE1,CA_TERREF_AUC,2038,0.4115493076571943
RE1,CA_TERREF_AUC,2039,0.4164926660244177
RE1,CA_TERREF_AUC,2040,0.4221846424388287
RE1,CA_TERREF_AUC,2041,0.4288585886473397
RE1,CA_TERREF_AUC,2042,0.4366586913693634
RE1,CA_TERREF_AUC,2043,0.4456469934205902
RE1,CA_TERREF_AUC,2044,0.4558250351750994
RE1,CA_TERREF_AUC,2045,0.4671547858446979
RE1,CA_TERREF_AUC,2046,0.4795766697645925
RE1,CA_TERREF_AUC,2047,0.4930231146866226
RE1,CA_TERREF_AUC,2048,0.5074276818834218
RE1,CA_TERREF_AUC,2049,0.5227305637551403
RE1,CA_TERREF_AUC,2050,0.5388814048410239
RE1,CA_TERREF_AUC,2051,0.5562999358481022
RE1,CA_TERREF_AUC,2052,0.5744097599181041
RE1,CA_TERREF_AUC,2053,0.5925365991183782
RE1,CA_TERREF_AUC,2054,0.6113074416776286
RE1,CA_TERREF_CEN,2022,0.2092984324258476
RE1,CA_TERREF_CEN,2023,0.2164297599631449
RE1,CA_TERREF_CEN,2024,0.2238335261580479
RE1,CA_TERREF_CEN,2025,0.2317639322780564
RE1,CA_TERREF_CEN,2026,0.2409849146177573
RE1,CA_TERREF_CEN,2027,0.2496539217209047
RE1,CA_TERREF_CEN,2028,0.258028541295184
RE1,CA_TERREF_CEN,2029,0.2668301124462633
RE1,CA_TERREF_CEN,2030,0.275770264044751
RE1,CA_TERREF_CEN,2031,0.2819793771877014
RE1,CA_TERREF_CEN,2032,0.2876548905445757
RE1,CA_TERREF_CEN,2033,0.2929839656217594
RE1,CA_TERREF_CEN,2034,0.2976585973785824
RE1,CA_TERREF_CEN,2035,0.3017296504765901
RE1,CA_TERREF_CEN,2036,0.3053335683833144
RE1,CA_TERREF_CEN,2037,0.3087077215838975
RE1,CA_TERREF_CEN,2038,0.3121296516949032
RE1,CA_TERREF_CEN,2039,0.3158788226852471
RE1,CA_TERREF_CEN,2040,0.320195764987494
RE1,CA_TERREF_CEN,2041,0.3252574586089744
RE1,CA_TERREF_CEN,2042,0.3311732584913002
RE1,CA_TERREF_CEN,2043,0.3379902195124444
RE1,CA_TERREF_CEN,2044,0.3457095099319957
RE1,CA_TERREF_CEN,2045,0.3543022862154089
RE1,CA_TERREF_CEN,2046,0.3637233646358368
RE1,CA_TERREF_CEN,2047,0.3739214966505404
RE1,CA_TERREF_CEN,2048,0.3848462934083031
RE1,CA_TERREF_CEN,2049,0.3964523952767244
RE1,CA_TERREF_CEN,2050,0.4087016113704511
RE1,CA_TERREF_CEN,2051,0.4219122763263134
RE1,CA_TERREF_CEN,2052,0.435647235841624
RE1,CA_TERREF_CEN,2053,0.4493951000723274
RE1,CA_TERREF_CEN,2054,0.4636313931264734
RE1,CA_TRAAVI,2022,0.0
RE1,CA_TRAAVI,2023,0.0
RE1,CA_TRAAVI,2024,0.0
RE1,CA_TRAAVI,2025,0.0
RE1,CA_TRAAVI,2026,0.0
RE1,CA_TRAAVI,2027,0.0
RE1,CA_TRAAVI,2028,0.0
RE1,CA_TRAAVI,2029,0.0
RE1,CA_TRAAVI,2030,0.0
RE1,CA_TRAAVI,2031,0.0
RE1,CA_TRAAVI,2032,0.0
RE1,CA_TRAAVI,2033,0.0
RE1,CA_TRAAVI,2034,0.0
RE1,CA_TRAAVI,2035,0.0
RE1,CA_TRAAVI,2036,0.0
RE1,CA_TRAAVI,2037,0.0
RE1,CA_TRAAVI,2038,0.0
RE1,CA_TRAAVI,2039,0.0
RE1,CA_TRAAVI,2040,0.0
RE1,CA_TRAAVI,2041,0.0
RE1,CA_TRAAVI,2042,0.0
RE1,CA_TRAAVI,2043,0.0
RE1,CA_TRAAVI,2044,0.0
RE1,CA_TRAAVI,2045,0.0
RE1,CA_TRAAVI,2046,0.0
RE1,CA_TRAAVI,2047,0.0
RE1,CA_TRAAVI,2048,0.0
RE1,CA_TRAAVI,2049,0.0
RE1,CA_TRAAVI,2050,0.0
RE1,CA_TRAAVI,2051,0.0
RE1,CA_TRAAVI,2052,0.0
RE1,CA_TRAAVI,2053,0.0
RE1,CA_TRAAVI,2054,0.0
RE1,CA_TRABUS,2022,0.0
RE1,CA_TRABUS,2023,0.0
RE1,CA_TRABUS,2024,0.0
RE1,CA_TRABUS,2025,0.0
RE1,CA_TRABUS,2026,0.0
RE1,CA_TRABUS,2027,0.0
RE1,CA_TRABUS,2028,0.0
RE1,CA_TRABUS,2029,0.0
RE1,CA_TRABUS,2030,0.0
RE1,CA_TRABUS,2031,0.0
RE1,CA_TRABUS,2032,0.0
RE1,CA_TRABUS,2033,0.0
RE1,CA_TRABUS,2034,0.0
RE1,CA_TRABUS,2035,0.0
RE1,CA_TRABUS,2036,0.0
RE1,CA_TRABUS,2037,0.0
RE1,CA_TRABUS,2038,0.0
RE1,CA_TRABUS,2039,0.0
RE1,CA_TRABUS,2040,0.0
RE1,CA_TRABUS,2041,0.0
RE1,CA_TRABUS,2042,0.0
RE1,CA_TRABUS,2043,0.0
RE1,CA_TRABUS,2044,0.0
RE1,CA_TRABUS,2045,0.0
RE1,CA_TRABUS,2046,0.0
RE1,CA_TRABUS,2047,0.0
RE1,CA_TRABUS,2048,0.0
RE1,CA_TRABUS,2049,0.0
RE1,CA_TRABUS,2050,0.0
RE1,CA_TRABUS,2051,0.0
RE1,CA_TRABUS,2052,0.0
RE1,CA_TRABUS,2053,0.0
RE1,CA_TRABUS,2054,0.0
RE1,CA_TRAFWD,2022,0.0
RE1,CA_TRAFWD,2023,0.0
RE1,CA_TRAFWD,2024,0.0
RE1,CA_TRAFWD,2025,0.0
RE1,CA_TRAFWD,2026,0.0
RE1,CA_TRAFWD,2027,0.0
RE1,CA_TRAFWD,2028,0.0
RE1,CA_TRAFWD,2029,0.0
RE1,CA_TRAFWD,2030,0.0
RE1,CA_TRAFWD,2031,0.0
RE1,CA_TRAFWD,2032,0.0
RE1,CA_TRAFWD,2033,0.0
RE1,CA_TRAFWD,2034,0.0
RE1,CA_TRAFWD,2035,0.0
RE1,CA_TRAFWD,2036,0.0
RE1,CA_TRAFWD,2037,0.0
RE1,CA_TRAFWD,2038,0.0
RE1,CA_TRAFWD,2039,0.0
RE1,CA_TRAFWD,2040,0.0
RE1,CA_TRAFWD,2041,0.0
RE1,CA_TRAFWD,2042,0.0
RE1,CA_TRAFWD,2043,0.0
RE1,CA_TRAFWD,2044,0.0
RE1,CA_TRAFWD,2045,0.0
RE1,CA_TRAFWD,2046,0.0
RE1,CA_TRAFWD,2047,0.0
RE1,CA_TRAFWD,2048,0.0
RE1,CA_TRAFWD,2049,0.0
RE1,CA_TRAFWD,2050,0.0
RE1,CA_TRAFWD,2051,0.0
RE1,CA_TRAFWD,2052,0.0
RE1,CA_TRAFWD,2053,0.0
RE1,CA_TRAFWD,2054,0.0
RE1,CA_TRALDV,2022,0.0
RE1,CA_TRALDV,2023,0.0
RE1,CA_TRALDV,2024,0.0
RE1,CA_TRALDV,2025,0.0
RE1,CA_TRALDV,2026,0.0
RE1,CA_TRALDV,2027,0.0
RE1,CA_TRALDV,2028,0.0
RE1,CA_TRALDV,2029,0.0
RE1,CA_TRALDV,2030,0.0
RE1,CA_TRALDV,2031,0.0
RE1,CA_TRALDV,2032,0.0
RE1,CA_TRALDV,2033,0.0
RE1,CA_TRALDV,2034,0.0
RE1,CA_TRALDV,2035,0.0
RE1,CA_TRALDV,2036,0.0
RE1,CA_TRALDV,2037,0.0
RE1,CA_TRALDV,2038,0.0
RE1,CA_TRALDV,2039,0.0
RE1,CA_TRALDV,2040,0.0
RE1,CA_TRALDV,2041,0.0
RE1,CA_TRALDV,2042,0.0
RE1,CA_TRALDV,2043,0.0
RE1,CA_TRALDV,2044,0.0
RE1,CA_TRALDV,2045,0.0
RE1,CA_TRALDV,2046,0.0
RE1,CA_TRALDV,2047,0.0
RE1,CA_TRALDV,2048,0.0
RE1,CA_TRALDV,2049,0.0
RE1,CA_TRALDV,2050,0.0
RE1,CA_TRALDV,2051,0.0
RE1,CA_TRALDV,2052,0.0
RE1,CA_TRALDV,2053,0.0
RE1,CA_TRALDV,2054,0.0
RE1,CA_TRAMAS,2022,0.0
RE1,CA_TRAMAS,2023,0.0
RE1,CA_TRAMAS,2024,0.0
RE1,CA_TRAMAS,2025,0.0
RE1,CA_TRAMAS,2026,0.0
RE1,CA_TRAMAS,2027,0.0
RE1,CA_TRAMAS,2028,0.0
RE1,CA_TRAMAS,2029,0.0
RE1,CA_TRAMAS,2030,0.0
RE1,CA_TRAMAS,2031,0.0
RE1,CA_TRAMAS,2032,0.0
RE1,CA_TRAMAS,2033,0.0
RE1,CA_TRAMAS,2034,0.0
RE1,CA_TRAMAS,2035,0.0
RE1,CA_TRAMAS,2036,0.0
RE1,CA_TRAMAS,2037,0.0
RE1,CA_TRAMAS,2038,0.0
RE1,CA_TRAMAS,2039,0.0
RE1,CA_TRAMAS,2040,0.0
RE1,CA_TRAMAS,2041,0.0
RE1,CA_TRAMAS,2042,0.0
RE1,CA_TRAMAS,2043,0.0
RE1,CA_TRAMAS,2044,0.0
RE1,CA_TRAMAS,2045,0.0
RE1,CA_TRAMAS,2046,0.0
RE1,CA_TRAMAS,2047,0.0
RE1,CA_TRAMAS,2048,0.0
RE1,CA_TRAMAS,2049,0.0
RE1,CA_TRAMAS,2050,0.0
RE1,CA_TRAMAS,2051,0.0
RE1,CA_TRAMAS,2052,0.0
RE1,CA_TRAMAS,2053,0.0
RE1,CA_TRAMAS,2054,0.0
RE1,CA_TRAMIC,2022,0.0
RE1,CA_TRAMIC,2023,0.0
RE1,CA_TRAMIC,2024,0.0
RE1,CA_TRAMIC,2025,0.0
RE1,CA_TRAMIC,2026,0.0
RE1,CA_TRAMIC,2027,0.0
RE1,CA_TRAMIC,2028,0.0
RE1,CA_TRAMIC,2029,0.0
RE1,CA_TRAMIC,2030,0.0
RE1,CA_TRAMIC,2031,0.0
RE1,CA_TRAMIC,2032,0.0
RE1,CA_TRAMIC,2033,0.0
RE1,CA_TRAMIC,2034,0.0
RE1,CA_TRAMIC,2035,0.0
RE1,CA_TRAMIC,2036,0.0
RE1,CA_TRAMIC,2037,0.0
RE1,CA_TRAMIC,2038,0.0
RE1,CA_TRAMIC,2039,0.0
RE1,CA_TRAMIC,2040,0.0
RE1,CA_TRAMIC,2041,0.0
RE1,CA_TRAMIC,2042,0.0
RE1,CA_TRAMIC,2043,0.0
RE1,CA_TRAMIC,2044,0.0
RE1,CA_TRAMIC,2045,0.0
RE1,CA_TRAMIC,2046,0.0
RE1,CA_TRAMIC,2047,0.0
RE1,CA_TRAMIC,2048,0.0
RE1,CA_TRAMIC,2049,0.0
RE1,CA_TRAMIC,2050,0.0
RE1,CA_TRAMIC,2051,0.0
RE1,CA_TRAMIC,2052,0.0
RE1,CA_TRAMIC,2053,0.0
RE1,CA_TRAMIC,2054,0.0
RE1,CA_TRAMRT,2022,0.0
RE1,CA_TRAMRT,2023,0.0
RE1,CA_TRAMRT,2024,0.0
RE1,CA_TRAMRT,2025,0.0
RE1,CA_TRAMRT,2026,0.0
RE1,CA_TRAMRT,2027,0.0
RE1,CA_TRAMRT,2028,0.0
RE1,CA_TRAMRT,2029,0.0
RE1,CA_TRAMRT,2030,0.0
RE1,CA_TRAMRT,2031,0.0
RE1,CA_TRAMRT,2032,0.0
RE1,CA_TRAMRT,2033,0.0
RE1,CA_TRAMRT,2034,0.0
RE1,CA_TRAMRT,2035,0.0
RE1,CA_TRAMRT,2036,0.0
RE1,CA_TRAMRT,2037,0.0
RE1,CA_TRAMRT,2038,0.0
RE1,CA_TRAMRT,2039,0.0
RE1,CA_TRAMRT,2040,0.0
RE1,CA_TRAMRT,2041,0.0
RE1,CA_TRAMRT,2042,0.0
RE1,CA_TRAMRT,2043,0.0
RE1,CA_TRAMRT,2044,0.0
RE1,CA_TRAMRT,2045,0.0
RE1,CA_TRAMRT,2046,0.0
RE1,CA_TRAMRT,2047,0.0
RE1,CA_TRAMRT,2048,0.0
RE1,CA_TRAMRT,2049,0.0
RE1,CA_TRAMRT,2050,0.0
RE1,CA_TRAMRT,2051,0.0
RE1,CA_TRAMRT,2052,0.0
RE1,CA_TRAMRT,2053,0.0
RE1,CA_TRAMRT,2054,0.0
RE1,CA_TRAMTC,2022,0.0
RE1,CA_TRAMTC,2023,0.0
RE1,CA_TRAMTC,2024,0.0
RE1,CA_TRAMTC,2025,0.0
RE1,CA_TRAMTC,2026,0.0
RE1,CA_TRAMTC,2027,0.0
RE1,CA_TRAMTC,2028,0.0
RE1,CA_TRAMTC,2029,0.0
RE1,CA_TRAMTC,2030,0.0
RE1,CA_TRAMTC,2031,0.0
RE1,CA_TRAMTC,2032,0.0
RE1,CA_TRAMTC,2033,0.0
RE1,CA_TRAMTC,2034,0.0
RE1,CA_TRAMTC,2035,0.0
RE1,CA_TRAMTC,2036,0.0
RE1,CA_TRAMTC,2037,0.0
RE1,CA_TRAMTC,2038,0.0
RE1,CA_TRAMTC,2039,0.0
RE1,CA_TRAMTC,2040,0.0
RE1,CA_TRAMTC,2041,0.0
RE1,CA_TRAMTC,2042,0.0
RE1,CA_TRAMTC,2043,0.0
RE1,CA_TRAMTC,2044,0.0
RE1,CA_TRAMTC,2045,0.0
RE1,CA_TRAMTC,2046,0.0
RE1,CA_TRAMTC,2047,0.0
RE1,CA_TRAMTC,2048,0.0
RE1,CA_TRAMTC,2049,0.0
RE1,CA_TRAMTC,2050,0.0
RE1,CA_TRAMTC,2051,0.0
RE1,CA_TRAMTC,2052,0.0
RE1,CA_TRAMTC,2053,0.0
RE1,CA_TRAMTC,2054,0.0
RE1,CA_TRARVT,2022,0.0
RE1,CA_TRARVT,2023,0.0
RE1,CA_TRARVT,2024,0.0
RE1,CA_TRARVT,2025,0.0
RE1,CA_TRARVT,2026,0.0
RE1,CA_TRARVT,2027,0.0
RE1,CA_TRARVT,2028,0.0
RE1,CA_TRARVT,2029,0.0
RE1,CA_TRARVT,2030,0.0
RE1,CA_TRARVT,2031,0.0
RE1,CA_TRARVT,2032,0.0
RE1,CA_TRARVT,2033,0.0
RE1,CA_TRARVT,2034,0.0
RE1,CA_TRARVT,2035,0.0
RE1,CA_TRARVT,2036,0.0
RE1,CA_TRARVT,2037,0.0
RE1,CA_TRARVT,2038,0.0
RE1,CA_TRARVT,2039,0.0
RE1,CA_TRARVT,2040,0.0
RE1,CA_TRARVT,2041,0.0
RE1,CA_TRARVT,2042,0.0
RE1,CA_TRARVT,2043,0.0
RE1,CA_TRARVT,2044,0.0
RE1,CA_TRARVT,2045,0.0
RE1,CA_TRARVT,2046,0.0
RE1,CA_TRARVT,2047,0.0
RE1,CA_TRARVT,2048,0.0
RE1,CA_TRARVT,2049,0.0
RE1,CA_TRARVT,2050,0.0
RE1,CA_TRARVT,2051,0.0
RE1,CA_TRARVT,2052,0.0
RE1,CA_TRARVT,2053,0.0
RE1,CA_TRARVT,2054,0.0
RE1,CA_TRASTT,2022,0.0
RE1,CA_TRASTT,2023,0.0
RE1,CA_TRASTT,2024,0.0
RE1,CA_TRASTT,2025,0.0
RE1,CA_TRASTT,2026,0.0
RE1,CA_TRASTT,2027,0.0
RE1,CA_TRASTT,2028,0.0
RE1,CA_TRASTT,2029,0.0
RE1,CA_TRASTT,2030,0.0
RE1,CA_TRASTT,2031,0.0
RE1,CA_TRASTT,2032,0.0
RE1,CA_TRASTT,2033,0.0
RE1,CA_TRASTT,2034,0.0
RE1,CA_TRASTT,2035,0.0
RE1,CA_TRASTT,2036,0.0
RE1,CA_TRASTT,2037,0.0
RE1,CA_TRASTT,2038,0.0
RE1,CA_TRASTT,2039,0.0
RE1,CA_TRASTT,2040,0.0
RE1,CA_TRASTT,2041,0.0
RE1,CA_TRASTT,2042,0.0
RE1,CA_TRASTT,2043,0.0
RE1,CA_TRASTT,2044,0.0
RE1,CA_TRASTT,2045,0.0
RE1,CA_TRASTT,2046,0.0
RE1,CA_TRASTT,2047,0.0
RE1,CA_TRASTT,2048,0.0
RE1,CA_TRASTT,2049,0.0
RE1,CA_TRASTT,2050,0.0
RE1,CA_TRASTT,2051,0.0
RE1,CA_TRASTT,2052,0.0
RE1,CA_TRASTT,2053,0.0
RE1,CA_TRASTT,2054,0.0
RE1,CA_TRATAX,2022,0.0
RE1,CA_TRATAX,2023,0.0
RE1,CA_TRATAX,2024,0.0
RE1,CA_TRATAX,2025,0.0
RE1,CA_TRATAX,2026,0.0
RE1,CA_TRATAX,2027,0.0
RE1,CA_TRATAX,2028,0.0
RE1,CA_TRATAX,2029,0.0
RE1,CA_TRATAX,2030,0.0
RE1,CA_TRATAX,2031,0.0
RE1,CA_TRATAX,2032,0.0
RE1,CA_TRATAX,2033,0.0
RE1,CA_TRATAX,2034,0.0
RE1,CA_TRATAX,2035,0.0
RE1,CA_TRATAX,2036,0.0
RE1,CA_TRATAX,2037,0.0
RE1,CA_TRATAX,2038,0.0
RE1,CA_TRATAX,2039,0.0
RE1,CA_TRATAX,2040,0.0
RE1,CA_TRATAX,2041,0.0
RE1,CA_TRATAX,2042,0.0
RE1,CA_TRATAX,2043,0.0
RE1,CA_TRATAX,2044,0.0
RE1,CA_TRATAX,2045,0.0
RE1,CA_TRATAX,2046,0.0
RE1,CA_TRATAX,2047,0.0
RE1,CA_TRATAX,2048,0.0
RE1,CA_TRATAX,2049,0.0
RE1,CA_TRATAX,2050,0.0
RE1,CA_TRATAX,2051,0.0
RE1,CA_TRATAX,2052,0.0
RE1,CA_TRATAX,2053,0.0
RE1,CA_TRATAX,2054,0.0
RE1,CA_TRATCK,2022,0.0
RE1,CA_TRATCK,2023,0.0
RE1,CA_TRATCK,2024,0.0
RE1,CA_TRATCK,2025,0.0
RE1,CA_TRATCK,2026,0.0
RE1,CA_TRATCK,2027,0.0
RE1,CA_TRATCK,2028,0.0
RE1,CA_TRATCK,2029,0.0
RE1,CA_TRATCK,2030,0.0
RE1,CA_TRATCK,2031,0.0
RE1,CA_TRATCK,2032,0.0
RE1,CA_TRATCK,2033,0.0
RE1,CA_TRATCK,2034,0.0
RE1,CA_TRATCK,2035,0.0
RE1,CA_TRATCK,2036,0.0
RE1,CA_TRATCK,2037,0.0
RE1,CA_TRATCK,2038,0.0
RE1,CA_TRATCK,2039,0.0
RE1,CA_TRATCK,2040,0.0
RE1,CA_TRATCK,2041,0.0
RE1,CA_TRATCK,2042,0.0
RE1,CA_TRATCK,2043,0.0
RE1,CA_TRATCK,2044,0.0
RE1,CA_TRATCK,2045,0.0
RE1,CA_TRATCK,2046,0.0
RE1,CA_TRATCK,2047,0.0
RE1,CA_TRATCK,2048,0.0
RE1,CA_TRATCK,2049,0.0
RE1,CA_TRATCK,2050,0.0
RE1,CA_TRATCK,2051,0.0
RE1,CA_TRATCK,2052,0.0
RE1,CA_TRATCK,2053,0.0
RE1,CA_TRATCK,2054,0.0
RE1,IN_AGFELC,2022,0.0008416999807087398
RE1,IN_AGFELC,2023,0.000885102245602371
RE1,IN_AGFELC,2024,0.0008995443177036914
RE1,IN_AGFELC,2025,0.0009328336575188579
RE1,IN_AGFELC,2026,0.0009584275392902437
RE1,IN_AGFELC,2027,0.0009859233216587978
RE1,IN_AGFELC,2028,0.001014581074251374
RE1,IN_AGFELC,2029,0.001044170750815688
RE1,IN_AGFELC,2030,0.00107449046511266
RE1,IN_AGFELC,2031,0.001105547250159534
RE1,IN_AGFELC,2032,0.001137609791838473
RE1,IN_AGFELC,2033,0.001170727387106315
RE1,IN_AGFELC,2034,0.001204806022696272
RE1,IN_AGFELC,2035,0.001241762720450786
RE1,IN_AGFELC,2036,0.001279829695390828
RE1,IN_AGFELC,2037,0.001320582968671995
RE1,IN_AGFELC,2038,0.001362569793992239
RE1,IN_AGFELC,2039,0.001405828616512593
RE1,IN_AGFELC,2040,0.001450397896841153
RE1,IN_AGFELC,2041,0.001496317752946434
RE1,IN_AGFELC,2042,0.001548289575518078
RE1,IN_AGFELC,2043,0.001601866746907748
RE1,IN_AGFELC,2044,0.001657097758296943
RE1,IN_AGFELC,2045,0.001714032632128612
RE1,IN_AGFELC,2046,0.001772722972359876
RE1,IN_AGFELC,2047,0.001833223115745024
RE1,IN_AGFELC,2048,0.001898779294490343
RE1,IN_AGFELC,2049,0.00197120033916638
RE1,IN_AGFELC,2050,0.002045940273725236
RE1,IN_AGFELC,2051,0.002123068277175604
RE1,IN_AGFELC,2052,0.002202655340808413
RE1,IN_AGFELC,2053,0.002284773220201228
RE1,IN_AGFELC,2054,0.002370174563408309
RE1,IN_AGFHEA,2022,0.0
RE1,IN_AGFHEA,2023,0.0
RE1,IN_AGFHEA,2024,0.0
RE1,IN_AGFHEA,2025,0.0
RE1,IN_AGFHEA,2026,0.0
RE1,IN_AGFHEA,2027,0.0
RE1,IN_AGFHEA,2028,0.0
RE1,IN_AGFHEA,2029,0.0
RE1,IN_AGFHEA,2030,0.0
RE1,IN_AGFHEA,2031,0.0
RE1,IN_AGFHEA,2032,0.0
RE1,IN_AGFHEA,2033,0.0
RE1,IN_AGFHEA,2034,0.0
RE1,IN_AGFHEA,2035,0.0
RE1,IN_AGFHEA,2036,0.0
RE1,IN_AGFHEA,2037,0.0
RE1,IN_AGFHEA,2038,0.0
RE1,IN_AGFHEA,2039,0.0
RE1,IN_AGFHEA,2040,0.0
RE1,IN_AGFHEA,2041,0.0
RE1,IN_AGFHEA,2042,0.0
RE1,IN_AGFHEA,2043,0.0
RE1,IN_AGFHEA,2044,0.0
RE1,IN_AGFHEA,2045,0.0
RE1,IN_AGFHEA,2046,0.0
RE1,IN_AGFHEA,2047,0.0
RE1,IN_AGFHEA,2048,0.0
RE1,IN_AGFHEA,2049,0.0
RE1,IN_AGFHEA,2050,0.0
RE1,IN_AGFHEA,2051,0.0
RE1,IN_AGFHEA,2052,0.0
RE1,IN_AGFHEA,2053,0.0
RE1,IN_AGFHEA,2054,0.0
RE1,IN_RESCLIM,2022,0.015784
RE1,IN_RESCLIM,2023,0.016374
RE1,IN_RESCLIM,2024,0.022167
RE1,IN_RESCLIM,2025,0.025333
RE1,IN_RESCLIM,2026,0.027577
RE1,IN_RESCLIM,2027,0.029896
RE1,IN_RESCLIM,2028,0.032274
RE1,IN_RESCLIM,2029,0.034716
RE1,IN_RESCLIM,2030,0.037193
RE1,IN_RESCLIM,2031,0.03967
RE1,IN_RESCLIM,2032,0.042194
RE1,IN_RESCLIM,2033,0.044763
RE1,IN_RESCLIM,2034,0.047373
RE1,IN_RESCLIM,2035,0.050029
RE1,IN_RESCLIM,2036,0.052717
RE1,IN_RESCLIM,2037,0.055498
RE1,IN_RESCLIM,2038,0.058298
RE1,IN_RESCLIM,2039,0.06112
RE1,IN_RESCLIM,2040,0.064007
RE1,IN_RESCLIM,2041,0.066927
RE1,IN_RESCLIM,2042,0.069935
RE1,IN_RESCLIM,2043,0.072967
RE1,IN_RESCLIM,2044,0.076065
RE1,IN_RESCLIM,2045,0.079225
RE1,IN_RESCLIM,2046,0.082373
RE1,IN_RESCLIM,2047,0.085621
RE1,IN_RESCLIM,2048,0.088917
RE1,IN_RESCLIM,2049,0.092213
RE1,IN_RESCLIM,2050,0.095591
RE1,IN_RESCLIM,2051,0.096751
RE1,IN_RESCLIM,2052,0.097908
RE1,IN_RESCLIM,2053,0.099063
RE1,IN_RESCLIM,2054,0.100216
RE1,IN_RESDHT,2022,0.060692
RE1,IN_RESDHT,2023,0.063362
RE1,IN_RESDHT,2024,0.060949
RE1,IN_RESDHT,2025,0.067452
RE1,IN_RESDHT,2026,0.069834
RE1,IN_RESDHT,2027,0.072237
RE1,IN_RESDHT,2028,0.074628
RE1,IN_RESDHT,2029,0.077031
RE1,IN_RESDHT,2030,0.079385
RE1,IN_RESDHT,2031,0.081821
RE1,IN_RESDHT,2032,0.084246
RE1,IN_RESDHT,2033,0.086662
RE1,IN_RESDHT,2034,0.089061
RE1,IN_RESDHT,2035,0.09146
RE1,IN_RESDHT,2036,0.093863
RE1,IN_RESDHT,2037,0.096354
RE1,IN_RESDHT,2038,0.098805
RE1,IN_RESDHT,2039,0.101221
RE1,IN_RESDHT,2040,0.10368
RE1,IN_RESDHT,2041,0.106144
RE1,IN_RESDHT,2042,0.108686
RE1,IN_RESDHT,2043,0.111203
RE1,IN_RESDHT,2044,0.113763
RE1,IN_RESDHT,2045,0.116358
RE1,IN_RESDHT,2046,0.118887
RE1,IN_RESDHT,2047,0.121508
RE1,IN_RESDHT,2048,0.124141
RE1,IN_RESDHT,2049,0.126719
RE1,IN_RESDHT,2050,0.12916
RE1,IN_RESDHT,2051,0.130826
RE1,IN_RESDHT,2052,0.132486
RE1,IN_RESDHT,2053,0.134067
RE1,IN_RESDHT,2054,0.135641
RE1,IN_RESOTH,2022,0.064478
RE1,IN_RESOTH,2023,0.06863
RE1,IN_RESOTH,2024,0.069179
RE1,IN_RESOTH,2025,0.073759
RE1,IN_RESOTH,2026,0.074991
RE1,IN_RESOTH,2027,0.076012
RE1,IN_RESOTH,2028,0.076795
RE1,IN_RESOTH,2029,0.077464
RE1,IN_RESOTH,2030,0.077932
RE1,IN_RESOTH,2031,0.078204
RE1,IN_RESOTH,2032,0.078398
RE1,IN_RESOTH,2033,0.078638
RE1,IN_RESOTH,2034,0.078717
RE1,IN_RESOTH,2035,0.078864
RE1,IN_RESOTH,2036,0.078856
RE1,IN_RESOTH,2037,0.079024
RE1,IN_RESOTH,2038,0.079093
RE1,IN_RESOTH,2039,0.079132
RE1,IN_RESOTH,2040,0.079093
RE1,IN_RESOTH,2041,0.079089
RE1,IN_RESOTH,2042,0.079116
RE1,IN_RESOTH,2043,0.079115
RE1,IN_RESOTH,2044,0.079165
RE1,IN_RESOTH,2045,0.079229
RE1,IN_RESOTH,2046,0.079171
RE1,IN_RESOTH,2047,0.07922
RE1,IN_RESOTH,2048,0.079196
RE1,IN_RESOTH,2049,0.079207
RE1,IN_RESOTH,2050,0.07951
RE1,IN_RESOTH,2051,0.079464
RE1,IN_RESOTH,2052,0.079426
RE1,IN_RESOTH,2053,0.079341
RE1,IN_RESOTH,2054,0.079268
RE1,IN_RESREF,2022,0.015085
RE1,IN_RESREF,2023,0.016721
RE1,IN_RESREF,2024,0.014679
RE1,IN_RESREF,2025,0.016619
RE1,IN_RESREF,2026,0.017273
RE1,IN_RESREF,2027,0.017936
RE1,IN_RESREF,2028,0.0186
RE1,IN_RESREF,2029,0.019271
RE1,IN_RESREF,2030,0.019934
RE1,IN_RESREF,2031,0.020391
RE1,IN_RESREF,2032,0.020838
RE1,IN_RESREF,2033,0.021276
RE1,IN_RESREF,2034,0.021705
RE1,IN_RESREF,2035,0.022128
RE1,IN_RESREF,2036,0.022539
RE1,IN_RESREF,2037,0.022965
RE1,IN_RESREF,2038,0.023377
RE1,IN_RESREF,2039,0.023774
RE1,IN_RESREF,2040,0.024176
RE1,IN_RESREF,2041,0.024571
RE1,IN_RESREF,2042,0.024978
RE1,IN_RESREF,2043,0.025374
RE1,IN_RESREF,2044,0.025775
RE1,IN_RESREF,2045,0.026179
RE1,IN_RESREF,2046,0.026561
RE1,IN_RESREF,2047,0.026959
RE1,IN_RESREF,2048,0.027355
RE1,IN_RESREF,2049,0.027734
RE1,IN_RESREF,2050,0.028121
RE1,IN_RESREF,2051,0.028468
RE1,IN_RESREF,2052,0.028814
RE1,IN_RESREF,2053,0.029157
RE1,IN_RESREF,2054,0.029499
RE1,IN_TERCLIM_CEN,2022,0.0
RE1,IN_TERCLIM_CEN,2023,0.0
RE1,IN_TERCLIM_CEN,2024,0.0
RE1,IN_TERCLIM_CEN,2025,0.0
RE1,IN_TERCLIM_CEN,2026,0.0
RE1,IN_TERCLIM_CEN,2027,0.0
RE1,IN_TERCLIM_CEN,2028,0.0
RE1,IN_TERCLIM_CEN,2029,0.0
RE1,IN_TERCLIM_CEN,2030,0.0
RE1,IN_TERCLIM_CEN,2031,0.0
RE1,IN_TERCLIM_CEN,2032,0.0
RE1,IN_TERCLIM_CEN,2033,0.0
RE1,IN_TERCLIM_CEN,2034,0.0
RE1,IN_TERCLIM_CEN,2035,0.0
RE1,IN_TERCLIM_CEN,2036,0.0
RE1,IN_TERCLIM_CEN,2037,0.0
RE1,IN_TERCLIM_CEN,2038,0.0
RE1,IN_TERCLIM_CEN,2039,0.0
RE1,IN_TERCLIM_CEN,2040,0.0
RE1,IN_TERCLIM_CEN,2041,0.0
RE1,IN_TERCLIM_CEN,2042,0.0
RE1,IN_TERCLIM_CEN,2043,0.0
RE1,IN_TERCLIM_CEN,2044,0.0
RE1,IN_TERCLIM_CEN,2045,0.0
RE1,IN_TERCLIM_CEN,2046,0.0
RE1,IN_TERCLIM_CEN,2047,0.0
RE1,IN_TERCLIM_CEN,2048,0.0
RE1,IN_TERCLIM_CEN,2049,0.0
RE1,IN_TERCLIM_CEN,2050,0.0
RE1,IN_TERCLIM_CEN,2051,0.0
RE1,IN_TERCLIM_CEN,2052,0.0
RE1,IN_TERCLIM_CEN,2053,0.0
RE1,IN_TERCLIM_CEN,2054,0.0
RE1,IN_TERCLIM_FAN,2022,0.0
RE1,IN_TERCLIM_FAN,2023,0.0
RE1,IN_TERCLIM_FAN,2024,0.0
RE1,IN_TERCLIM_FAN,2025,0.0
RE1,IN_TERCLIM_FAN,2026,0.0
RE1,IN_TERCLIM_FAN,2027,0.0
RE1,IN_TERCLIM_FAN,2028,0.0
RE1,IN_TERCLIM_FAN,2029,0.0
RE1,IN_TERCLIM_FAN,2030,0.0
RE1,IN_TERCLIM_FAN,2031,0.0
RE1,IN_TERCLIM_FAN,2032,0.0
RE1,IN_TERCLIM_FAN,2033,0.0
RE1,IN_TERCLIM_FAN,2034,0.0
RE1,IN_TERCLIM_FAN,2035,0.0
RE1,IN_TERCLIM_FAN,2036,0.0
RE1,IN_TERCLIM_FAN,2037,0.0
RE1,IN_TERCLIM_FAN,2038,0.0
RE1,IN_TERCLIM_FAN,2039,0.0
RE1,IN_TERCLIM_FAN,2040,0.0
RE1,IN_TERCLIM_FAN,2041,0.0
RE1,IN_TERCLIM_FAN,2042,0.0
RE1,IN_TERCLIM_FAN,2043,0.0
RE1,IN_TERCLIM_FAN,2044,0.0
RE1,IN_TERCLIM_FAN,2045,0.0
RE1,IN_TERCLIM_FAN,2046,0.0
RE1,IN_TERCLIM_FAN,2047,0.0
RE1,IN_TERCLIM_FAN,2048,0.0
RE1,IN_TERCLIM_FAN,2049,0.0
RE1,IN_TERCLIM_FAN,2050,0.0
RE1,IN_TERCLIM_FAN,2051,0.0
RE1,IN_TERCLIM_FAN,2052,0.0
RE1,IN_TERCLIM_FAN,2053,0.0
RE1,IN_TERCLIM_FAN,2054,0.0
RE1,IN_TERCLIM_SPL,2022,0.0
RE1,IN_TERCLIM_SPL,2023,0.0
RE1,IN_TERCLIM_SPL,2024,0.0
RE1,IN_TERCLIM_SPL,2025,0.0
RE1,IN_TERCLIM_SPL,2026,0.0
RE1,IN_TERCLIM_SPL,2027,0.0
RE1,IN_TERCLIM_SPL,2028,0.0
RE1,IN_TERCLIM_SPL,2029,0.0
RE1,IN_TERCLIM_SPL,2030,0.0
RE1,IN_TERCLIM_SPL,2031,0.0
RE1,IN_TERCLIM_SPL,2032,0.0
RE1,IN_TERCLIM_SPL,2033,0.0
RE1,IN_TERCLIM_SPL,2034,0.0
RE1,IN_TERCLIM_SPL,2035,0.0
RE1,IN_TERCLIM_SPL,2036,0.0
RE1,IN_TERCLIM_SPL,2037,0.0
RE1,IN_TERCLIM_SPL,2038,0.0
RE1,IN_TERCLIM_SPL,2039,0.0
RE1,IN_TERCLIM_SPL,2040,0.0
RE1,IN_TERCLIM_SPL,2041,0.0
RE1,IN_TERCLIM_SPL,2042,0.0
RE1,IN_TERCLIM_SPL,2043,0.0
RE1,IN_TERCLIM_SPL,2044,0.0
RE1,IN_TERCLIM_SPL,2045,0.0
RE1,IN_TERCLIM_SPL,2046,0.0
RE1,IN_TERCLIM_SPL,2047,0.0
RE1,IN_TERCLIM_SPL,2048,0.0
RE1,IN_TERCLIM_SPL,2049,0.0
RE1,IN_TERCLIM_SPL,2050,0.0
RE1,IN_TERCLIM_SPL,2051,0.0
RE1,IN_TERCLIM_SPL,2052,0.0
RE1,IN_TERCLIM_SPL,2053,0.0
RE1,IN_TERCLIM_SPL,2054,0.0
RE1,IN_TERDHT,2022,0.03900165618467752
RE1,IN_TERDHT,2023,0.04238704990225282
RE1,IN_TERDHT,2024,0.04358999346758811
RE1,IN_TERDHT,2025,0.04536073276339161
RE1,IN_TERDHT,2026,0.04694414702297541
RE1,IN_TERDHT,2027,0.04849859329897693
RE1,IN_TERDHT,2028,0.05003988315795894
RE1,IN_TERDHT,2029,0.05161674161504499
RE1,IN_TERDHT,2030,0.05318526114444095
RE1,IN_TERDHT,2031,0.05461598453854741
RE1,IN_TERDHT,2032,0.05601535299782801
RE1,IN_TERDHT,2033,0.0574294248178684
RE1,IN_TERDHT,2034,0.05880271858984555
RE1,IN_TERDHT,2035,0.06014175186168733
RE1,IN_TERDHT,2036,0.06146128764186091
RE1,IN_TERDHT,2037,0.0627878834485616
RE1,IN_TERDHT,2038,0.0641518107826693
RE1,IN_TERDHT,2039,0.06558359791031429
RE1,IN_TERDHT,2040,0.06710973432039204
RE1,IN_TERDHT,2041,0.06875004242219679
RE1,IN_TERDHT,2042,0.07051742788306124
RE1,IN_TERDHT,2043,0.07241809337965643
RE1,IN_TERDHT,2044,0.07445344924551912
RE1,IN_TERDHT,2045,0.07662178758345785
RE1,IN_TERDHT,2046,0.078919724249686
RE1,IN_TERDHT,2047,0.08134328302373894
RE1,IN_TERDHT,2048,0.08388862673590096
RE1,IN_TERDHT,2049,0.08655249814392041
RE1,IN_TERDHT,2050,0.0893324469629097
RE1,IN_TERDHT,2051,0.09226327927806609
RE1,IN_TERDHT,2052,0.09530059011611443
RE1,IN_TERDHT,2053,0.09832989363185515
RE1,IN_TERDHT,2054,0.1014612437609345
RE1,IN_TEROTH,2022,0.0
RE1,IN_TEROTH,2023,0.0
RE1,IN_TEROTH,2024,0.0
RE1,IN_TEROTH,2025,0.0
RE1,IN_TEROTH,2026,0.0
RE1,IN_TEROTH,2027,0.0
RE1,IN_TEROTH,2028,0.0
RE1,IN_TEROTH,2029,0.0
RE1,IN_TEROTH,2030,0.0
RE1,IN_TEROTH,2031,0.0
RE1,IN_TEROTH,2032,0.0
RE1,IN_TEROTH,2033,0.0
RE1,IN_TEROTH,2034,0.0
RE1,IN_TEROTH,2035,0.0
RE1,IN_TEROTH,2036,0.0
RE1,IN_TEROTH,2037,0.0
RE1,IN_TEROTH,2038,0.0
RE1,IN_TEROTH,2039,0.0
RE1,IN_TEROTH,2040,0.0
RE1,IN_TEROTH,2041,0.0
RE1,IN_TEROTH,2042,0.0
RE1,IN_TEROTH,2043,0.0
RE1,IN_TEROTH,2044,0.0
RE1,IN_TEROTH,2045,0.0
RE1,IN_TEROTH,2046,0.0
RE1,IN_TEROTH,2047,0.0
RE1,IN_TEROTH,2048,0.0
RE1,IN_TEROTH,2049,0.0
RE1,IN_TEROTH,2050,0.0
RE1,IN_TEROTH,2051,0.0
RE1,IN_TEROTH,2052,0.0
RE1,IN_TEROTH,2053,0.0
RE1,IN_TEROTH,2054,0.0
RE1,IN_TERREF_AUC,2022,0.0
RE1,IN_TERREF_AUC,2023,0.0
RE1,IN_TERREF_AUC,2024,0.0
RE1,IN_TERREF_AUC,2025,0.0
RE1,IN_TERREF_AUC,2026,0.0
RE1,IN_TERREF_AUC,2027,0.0
RE1,IN_TERREF_AUC,2028,0.0
RE1,IN_TERREF_AUC,2029,0.0
RE1,IN_TERREF_AUC,2030,0.0
RE1,IN_TERREF_AUC,2031,0.0
RE1,IN_TERREF_AUC,2032,0.0
RE1,IN_TERREF_AUC,2033,0.0
RE1,IN_TERREF_AUC,2034,0.0
RE1,IN_TERREF_AUC,2035,0.0
RE1,IN_TERREF_AUC,2036,0.0
RE1,IN_TERREF_AUC,2037,0.0
RE1,IN_TERREF_AUC,2038,0.0
RE1,IN_TERREF_AUC,2039,0.0
RE1,IN_TERREF_AUC,2040,0.0
RE1,IN_TERREF_AUC,2041,0.0
RE1,IN_TERREF_AUC,2042,0.0
RE1,IN_TERREF_AUC,2043,0.0
RE1,IN_TERREF_AUC,2044,0.0
RE1,IN_TERREF_AUC,2045,0.0
RE1,IN_TERREF_AUC,2046,0.0
RE1,IN_TERREF_AUC,2047,0.0
RE1,IN_TERREF_AUC,2048,0.0
RE1,IN_TERREF_AUC,2049,0.0
RE1,IN_TERREF_AUC,2050,0.0
RE1,IN_TERREF_AUC,2051,0.0
RE1,IN_TERREF_AUC,2052,0.0
RE1,IN_TERREF_AUC,2053,0.0
RE1,IN_TERREF_AUC,2054,0.0
RE1,IN_TERREF_CEN,2022,0.0008953943633191341
RE1,IN_TERREF_CEN,2023,0.0009259027164198712
RE1,IN_TERREF_CEN,2024,0.0009575765824943228
RE1,IN_TERREF_CEN,2025,0.0009915034535959632
RE1,IN_TERREF_CEN,2026,0.001030951506386128
RE1,IN_TERREF_CEN,2027,0.001068038167789967
RE1,IN_TERREF_CEN,2028,0.0011038654173056
RE1,IN_TERREF_CEN,2029,0.001141519197631073
RE1,IN_TERREF_CEN,2030,0.001179765835485566
RE1,IN_TERREF_CEN,2031,0.001206328886364498
RE1,IN_TERREF_CEN,2032,0.00123060915740995
RE1,IN_TERREF_CEN,2033,0.001253407339558329
RE1,IN_TERREF_CEN,2034,0.001273405764186449
RE1,IN_TERREF_CEN,2035,0.00129082203412445
RE1,IN_TERREF_CEN,2036,0.001306239864741452
RE1,IN_TERREF_CEN,2037,0.001320674744743946
RE1,IN_TERREF_CEN,2038,0.00133531401794611
RE1,IN_TERREF_CEN,2039,0.0013513532521294
RE1,IN_TERREF_CEN,2040,0.001369821454491953
RE1,IN_TERREF_CEN,2041,0.001391475758754971
RE1,IN_TERREF_CEN,2042,0.00141678399354567
RE1,IN_TERREF_CEN,2043,0.001445947463154843
RE1,IN_TERREF_CEN,2044,0.001478971165484474
RE1,IN_TERREF_CEN,2045,0.00151573170573437
RE1,IN_TERREF_CEN,2046,0.001556035784538339
RE1,IN_TERREF_CEN,2047,0.001599664156793756
RE1,IN_TERREF_CEN,2048,0.001646401255222687
RE1,IN_TERREF_CEN,2049,0.001696053027921816
RE1,IN_TERREF_CEN,2050,0.00174845609142439
RE1,IN_TERREF_CEN,2051,0.001804972305139309
RE1,IN_TERREF_CEN,2052,0.001863731490231546
RE1,IN_TERREF_CEN,2053,0.001922545882662363
RE1,IN_TERREF_CEN,2054,0.001983449810166731
RE1,IN_TRAAVI,2022,0.0
RE1,IN_TRAAVI,2023,0.0
RE1,IN_TRAAVI,2024,0.0
RE1,IN_TRAAVI,2025,0.0
RE1,IN_TRAAVI,2026,0.0
RE1,IN_TRAAVI,2027,0.0
RE1,IN_TRAAVI,2028,0.0
RE1,IN_TRAAVI,2029,0.0
RE1,IN_TRAAVI,2030,0.0
RE1,IN_TRAAVI,2031,0.0
RE1,IN_TRAAVI,2032,0.0
RE1,IN_TRAAVI,2033,0.0
RE1,IN_TRAAVI,2034,0.0
RE1,IN_TRAAVI,2035,0.0
RE1,IN_TRAAVI,2036,0.0
RE1,IN_TRAAVI,2037,0.0
RE1,IN_TRAAVI,2038,0.0
RE1,IN_TRAAVI,2039,0.0
RE1,IN_TRAAVI,2040,0.0
RE1,IN_TRAAVI,2041,0.0
RE1,IN_TRAAVI,2042,0.0
RE1,IN_TRAAVI,2043,0.0
RE1,IN_TRAAVI,2044,0.0
RE1,IN_TRAAVI,2045,0.0
RE1,IN_TRAAVI,2046,0.0
RE1,IN_TRAAVI,2047,0.0
RE1,IN_TRAAVI,2048,0.0
RE1,IN_TRAAVI,2049,0.0
RE1,IN_TRAAVI,2050,0.0
RE1,IN_TRAAVI,2051,0.0
RE1,IN_TRAAVI,2052,0.0
RE1,IN_TRAAVI,2053,0.0
RE1,IN_TRAAVI,2054,0.0
RE1,IN_TRAFWD,2022,0.0
RE1,IN_TRAFWD,2023,0.0
RE1,IN_TRAFWD,2024,0.0
RE1,IN_TRAFWD,2025,0.0
RE1,IN_TRAFWD,2026,0.0
RE1,IN_TRAFWD,2027,0.0
RE1,IN_TRAFWD,2028,0.0
RE1,IN_TRAFWD,2029,0.0
RE1,IN_TRAFWD,2030,0.0
RE1,IN_TRAFWD,2031,0.0
RE1,IN_TRAFWD,2032,0.0
RE1,IN_TRAFWD,2033,0.0
RE1,IN_TRAFWD,2034,0.0
RE1,IN_TRAFWD,2035,0.0
RE1,IN_TRAFWD,2036,0.0
RE1,IN_TRAFWD,2037,0.0
RE1,IN_TRAFWD,2038,0.0
RE1,IN_TRAFWD,2039,0.0
RE1,IN_TRAFWD,2040,0.0
RE1,IN_TRAFWD,2041,0.0
RE1,IN_TRAFWD,2042,0.0
RE1,IN_TRAFWD,2043,0.0
RE1,IN_TRAFWD,2044,0.0
RE1,IN_TRAFWD,2045,0.0
RE1,IN_TRAFWD,2046,0.0
RE1,IN_TRAFWD,2047,0.0
RE1,IN_TRAFWD,2048,0.0
RE1,IN_TRAFWD,2049,0.0
RE1,IN_TRAFWD,2050,0.0
RE1,IN_TRAFWD,2051,0.0
RE1,IN_TRAFWD,2052,0.0
RE1,IN_TRAFWD,2053,0.0
RE1,IN_TRAFWD,2054,0.0
RE1,IN_TRALDV,2022,0.0
RE1,IN_TRALDV,2023,0.0
RE1,IN_TRALDV,2024,0.0
RE1,IN_TRALDV,2025,0.0
RE1,IN_TRALDV,2026,0.0
RE1,IN_TRALDV,2027,0.0
RE1,IN_TRALDV,2028,0.0
RE1,IN_TRALDV,2029,0.0
RE1,IN_TRALDV,2030,0.0
RE1,IN_TRALDV,2031,0.0
RE1,IN_TRALDV,2032,0.0
RE1,IN_TRALDV,2033,0.0
RE1,IN_TRALDV,2034,0.0
RE1,IN_TRALDV,2035,0.0
RE1,IN_TRALDV,2036,0.0
RE1,IN_TRALDV,2037,0.0
RE1,IN_TRALDV,2038,0.0
RE1,IN_TRALDV,2039,0.0
RE1,IN_TRALDV,2040,0.0
RE1,IN_TRALDV,2041,0.0
RE1,IN_TRALDV,2042,0.0
RE1,IN_TRALDV,2043,0.0
RE1,IN_TRALDV,2044,0.0
RE1,IN_TRALDV,2045,0.0
RE1,IN_TRALDV,2046,0.0
RE1,IN_TRALDV,2047,0.0
RE1,IN_TRALDV,2048,0.0
RE1,IN_TRALDV,2049,0.0
RE1,IN_TRALDV,2050,0.0
RE1,IN_TRALDV,2051,0.0
RE1,IN_TRALDV,2052,0.0
RE1,IN_TRALDV,2053,0.0
RE1,IN_TRALDV,2054,0.0
RE1,IN_TRAMIC,2022,0.0
RE1,IN_TRAMIC,2023,0.0
RE1,IN_TRAMIC,2024,0.0
RE1,IN_TRAMIC,2025,0.0
RE1,IN_TRAMIC,2026,0.0
RE1,IN_TRAMIC,2027,0.0
RE1,IN_TRAMIC,2028,0.0
RE1,IN_TRAMIC,2029,0.0
RE1,IN_TRAMIC,2030,0.0
RE1,IN_TRAMIC,2031,0.0
RE1,IN_TRAMIC,2032,0.0
RE1,IN_TRAMIC,2033,0.0
RE1,IN_TRAMIC,2034,0.0
RE1,IN_TRAMIC,2035,0.0
RE1,IN_TRAMIC,2036,0.0
RE1,IN_TRAMIC,2037,0.0
RE1,IN_TRAMIC,2038,0.0
RE1,IN_TRAMIC,2039,0.0
RE1,IN_TRAMIC,2040,0.0
RE1,IN_TRAMIC,2041,0.0
RE1,IN_TRAMIC,2042,0.0
RE1,IN_TRAMIC,2043,0.0
RE1,IN_TRAMIC,2044,0.0
RE1,IN_TRAMIC,2045,0.0
RE1,IN_TRAMIC,2046,0.0
RE1,IN_TRAMIC,2047,0.0
RE1,IN_TRAMIC,2048,0.0
RE1,IN_TRAMIC,2049,0.0
RE1,IN_TRAMIC,2050,0.0
RE1,IN_TRAMIC,2051,0.0
RE1,IN_TRAMIC,2052,0.0
RE1,IN_TRAMIC,2053,0.0
RE1,IN_TRAMIC,2054,0.0
RE1,IN_TRAMRT,2022,0.0
RE1,IN_TRAMRT,2023,0.0
RE1,IN_TRAMRT,2024,0.0
RE1,IN_TRAMRT,2025,0.0
RE1,IN_TRAMRT,2026,0.0
RE1,IN_TRAMRT,2027,0.0
RE1,IN_TRAMRT,2028,0.0
RE1,IN_TRAMRT,2029,0.0
RE1,IN_TRAMRT,2030,0.0
RE1,IN_TRAMRT,2031,0.0
RE1,IN_TRAMRT,2032,0.0
RE1,IN_TRAMRT,2033,0.0
RE1,IN_TRAMRT,2034,0.0
RE1,IN_TRAMRT,2035,0.0
RE1,IN_TRAMRT,2036,0.0
RE1,IN_TRAMRT,2037,0.0
RE1,IN_TRAMRT,2038,0.0
RE1,IN_TRAMRT,2039,0.0
RE1,IN_TRAMRT,2040,0.0
RE1,IN_TRAMRT,2041,0.0
RE1,IN_TRAMRT,2042,0.0
RE1,IN_TRAMRT,2043,0.0
RE1,IN_TRAMRT,2044,0.0
RE1,IN_TRAMRT,2045,0.0
RE1,IN_TRAMRT,2046,0.0
RE1,IN_TRAMRT,2047,0.0
RE1,IN_TRAMRT,2048,0.0
RE1,IN_TRAMRT,2049,0.0
RE1,IN_TRAMRT,2050,0.0
RE1,IN_TRAMRT,2051,0.0
RE1,IN_TRAMRT,2052,0.0
RE1,IN_TRAMRT,2053,0.0
RE1,IN_TRAMRT,2054,0.0
RE1,IN_TRAMTC,2022,0.0
RE1,IN_TRAMTC,2023,0.0
RE1,IN_TRAMTC,2024,0.0
RE1,IN_TRAMTC,2025,0.0
RE1,IN_TRAMTC,2026,0.0
RE1,IN_TRAMTC,2027,0.0
RE1,IN_TRAMTC,2028,0.0
RE1,IN_TRAMTC,2029,0.0
RE1,IN_TRAMTC,2030,0.0
RE1,IN_TRAMTC,2031,0.0
RE1,IN_TRAMTC,2032,0.0
RE1,IN_TRAMTC,2033,0.0
RE1,IN_TRAMTC,2034,0.0
RE1,IN_TRAMTC,2035,0.0
RE1,IN_TRAMTC,2036,0.0
RE1,IN_TRAMTC,2037,0.0
RE1,IN_TRAMTC,2038,0.0
RE1,IN_TRAMTC,2039,0.0
RE1,IN_TRAMTC,2040,0.0
RE1,IN_TRAMTC,2041,0.0
RE1,IN_TRAMTC,2042,0.0
RE1,IN_TRAMTC,2043,0.0
RE1,IN_TRAMTC,2044,0.0
RE1,IN_TRAMTC,2045,0.0
RE1,IN_TRAMTC,2046,0.0
RE1,IN_TRAMTC,2047,0.0
RE1,IN_TRAMTC,2048,0.0
RE1,IN_TRAMTC,2049,0.0
RE1,IN_TRAMTC,2050,0.0
RE1,IN_TRAMTC,2051,0.0
RE1,IN_TRAMTC,2052,0.0
RE1,IN_TRAMTC,2053,0.0
RE1,IN_TRAMTC,2054,0.0
RE1,IN_TRATAX,2022,0.0
RE1,IN_TRATAX,2023,0.0
RE1,IN_TRATAX,2024,0.0
RE1,IN_TRATAX,2025,0.0
RE1,IN_TRATAX,2026,0.0
RE1,IN_TRATAX,2027,0.0
RE1,IN_TRATAX,2028,0.0
RE1,IN_TRATAX,2029,0.0
RE1,IN_TRATAX,2030,0.0
RE1,IN_TRATAX,2031,0.0
RE1,IN_TRATAX,2032,0.0
RE1,IN_TRATAX,2033,0.0
RE1,IN_TRATAX,2034,0.0
RE1,IN_TRATAX,2035,0.0
RE1,IN_TRATAX,2036,0.0
RE1,IN_TRATAX,2037,0.0
RE1,IN_TRATAX,2038,0.0
RE1,IN_TRATAX,2039,0.0
RE1,IN_TRATAX,2040,0.0
RE1,IN_TRATAX,2041,0.0
RE1,IN_TRATAX,2042,0.0
RE1,IN_TRATAX,2043,0.0
RE1,IN_TRATAX,2044,0.0
RE1,IN_TRATAX,2045,0.0
RE1,IN_TRATAX,2046,0.0
RE1,IN_TRATAX,2047,0.0
RE1,IN_TRATAX,2048,0.0
RE1,IN_TRATAX,2049,0.0
RE1,IN_TRATAX,2050,0.0
RE1,IN_TRATAX,2051,0.0
RE1,IN_TRATAX,2052,0.0
RE1,IN_TRATAX,2053,0.0
RE1,IN_TRATAX,2054,0.0
RE1,IN_TRATCK,2022,0.0
RE1,IN_TRATCK,2023,0.0
RE1,IN_TRATCK,2024,0.0
RE1,IN_TRATCK,2025,0.0
RE1,IN_TRATCK,2026,0.0
RE1,IN_TRATCK,2027,0.0
RE1,IN_TRATCK,2028,0.0
RE1,IN_TRATCK,2029,0.0
RE1,IN_TRATCK,2030,0.0
RE1,IN_TRATCK,2031,0.0
RE1,IN_TRATCK,2032,0.0
RE1,IN_TRATCK,2033,0.0
RE1,IN_TRATCK,2034,0.0
RE1,IN_TRATCK,2035,0.0
RE1,IN_TRATCK,2036,0.0
RE1,IN_TRATCK,2037,0.0
RE1,IN_TRATCK,2038,0.0
RE1,IN_TRATCK,2039,0.0
RE1,IN_TRATCK,2040,0.0
RE1,IN_TRATCK,2041,0.0
RE1,IN_TRATCK,2042,0.0
RE1,IN_TRATCK,2043,0.0
RE1,IN_TRATCK,2044,0.0
RE1,IN_TRATCK,2045,0.0
RE1,IN_TRATCK,2046,0.0
RE1,IN_TRATCK,2047,0.0
RE1,IN_TRATCK,2048,0.0
RE1,IN_TRATCK,2049,0.0
RE1,IN_TRATCK,2050,0.0
RE1,IN_TRATCK,2051,0.0
RE1,IN_TRATCK,2052,0.0
RE1,IN_TRATCK,2053,0.0
RE1,IN_TRATCK,2054,0.0
RE1,NE_AGFELC,2022,0.6364990854118217
RE1,NE_AGFELC,2023,0.6693201648258147
RE1,NE_AGFELC,2024,0.6802413551485252
RE1,NE_AGFELC,2025,0.7054149738154466
RE1,NE_AGFELC,2026,0.7247692362759354
RE1,NE_AGFELC,2027,0.7455617285313476
RE1,NE_AGFELC,2028,0.7672329103457677
RE1,NE_AGFELC,2029,0.7896088192236068
RE1,NE_AGFELC,2030,0.8125367874572765
RE1,NE_AGFELC,2031,0.8360221334608752
RE1,NE_AGFELC,2032,0.8602680392733463
RE1,NE_AGFELC,2033,0.8853117835790915
RE1,NE_AGFELC,2034,0.911082272924744
RE1,NE_AGFELC,2035,0.9390291718907888
RE1,NE_AGFELC,2036,0.9678156697986653
RE1,NE_AGFELC,2037,0.9986335642569244
RE1,NE_AGFELC,2038,1.030384278915583
RE1,NE_AGFELC,2039,1.063096886259369
RE1,NE_AGFELC,2040,1.096800470454184
RE1,NE_AGFELC,2041,1.131525368972826
RE1,NE_AGFELC,2042,1.170826804510679
RE1,NE_AGFELC,2043,1.211342215429143
RE1,NE_AGFELC,2044,1.253108271079983
RE1,NE_AGFELC,2045,1.29616279876499
RE1,NE_AGFELC,2046,1.34054482173742
RE1,NE_AGFELC,2047,1.386295429809794
RE1,NE_AGFELC,2048,1.435869445220077
RE1,NE_AGFELC,2049,1.490634717594268
RE1,NE_AGFELC,2050,1.547153549815691
RE1,NE_AGFELC,2051,1.60547825550769
RE1,NE_AGFELC,2052,1.665662518753414
RE1,NE_AGFELC,2053,1.727760601594611
RE1,NE_AGFELC,2054,1.792341661461663
RE1,NE_AGFHEA,2022,0.0
RE1,NE_AGFHEA,2023,0.0
RE1,NE_AGFHEA,2024,0.0
RE1,NE_AGFHEA,2025,0.0
RE1,NE_AGFHEA,2026,0.0
RE1,NE_AGFHEA,2027,0.0
RE1,NE_AGFHEA,2028,0.0
RE1,NE_AGFHEA,2029,0.0
RE1,NE_AGFHEA,2030,0.0
RE1,NE_AGFHEA,2031,0.0
RE1,NE_AGFHEA,2032,0.0
RE1,NE_AGFHEA,2033,0.0
RE1,NE_AGFHEA,2034,0.0
RE1,NE_AGFHEA,2035,0.0
RE1,NE_AGFHEA,2036,0.0
RE1,NE_AGFHEA,2037,0.0
RE1,NE_AGFHEA,2038,0.0
RE1,NE_AGFHEA,2039,0.0
RE1,NE_AGFHEA,2040,0.0
RE1,NE_AGFHEA,2041,0.0
RE1,NE_AGFHEA,2042,0.0
RE1,NE_AGFHEA,2043,0.0
RE1,NE_AGFHEA,2044,0.0
RE1,NE_AGFHEA,2045,0.0
RE1,NE_AGFHEA,2046,0.0
RE1,NE_AGFHEA,2047,0.0
RE1,NE_AGFHEA,2048,0.0
RE1,NE_AGFHEA,2049,0.0
RE1,NE_AGFHEA,2050,0.0
RE1,NE_AGFHEA,2051,0.0
RE1,NE_AGFHEA,2052,0.0
RE1,NE_AGFHEA,2053,0.0
RE1,NE_AGFHEA,2054,0.0
RE1,NE_INDCLIM,2022,0.2616613350428331
RE1,NE_INDCLIM,2023,0.2609197447615214
RE1,NE_INDCLIM,2024,0.2577489543134157
RE1,NE_INDCLIM,2025,0.2613273658834124
RE1,NE_INDCLIM,2026,0.267783080416145
RE1,NE_INDCLIM,2027,0.2727977563786248
RE1,NE_INDCLIM,2028,0.2788810457126869
RE1,NE_INDCLIM,2029,0.2851487181113448
RE1,NE_INDCLIM,2030,0.2898786620130322
RE1,NE_INDCLIM,2031,0.2957131556537542
RE1,NE_INDCLIM,2032,0.3010371473475608
RE1,NE_INDCLIM,2033,0.306822926176582
RE1,NE_INDCLIM,2034,0.3172523855314135
RE1,NE_INDCLIM,2035,0.329610846984589
RE1,NE_INDCLIM,2036,0.342451136502382
RE1,NE_INDCLIM,2037,0.3558324578806583
RE1,NE_INDCLIM,2038,0.369734288406935
RE1,NE_INDCLIM,2039,0.3842296267990858
RE1,NE_INDCLIM,2040,0.3993816530526292
RE1,NE_INDCLIM,2041,0.4152155973487114
RE1,NE_INDCLIM,2042,0.4319760732015062
RE1,NE_INDCLIM,2043,0.4494498610359511
RE1,NE_INDCLIM,2044,0.4675826949103248
RE1,NE_INDCLIM,2045,0.4864735631371642
RE1,NE_INDCLIM,2046,0.5061426307469055
RE1,NE_INDCLIM,2047,0.5267226980119538
RE1,NE_INDCLIM,2048,0.5481264241663826
RE1,NE_INDCLIM,2049,0.570386720327699
RE1,NE_INDCLIM,2050,0.5935373471831643
RE1,NE_INDCLIM,2051,0.6176425787187465
RE1,NE_INDCLIM,2052,0.6427352807832148
RE1,NE_INDCLIM,2053,0.6688759668997287
RE1,NE_INDCLIM,2054,0.695932045127323
RE1,NE_INDDHT,2022,6.78910523642935
RE1,NE_INDDHT,2023,6.919003805344179
RE1,NE_INDDHT,2024,6.749159779649004
RE1,NE_INDDHT,2025,6.270784810058881
RE1,NE_INDDHT,2026,6.424661179758549
RE1,NE_INDDHT,2027,6.543310752405161
RE1,NE_INDDHT,2028,6.684255914548178
RE1,NE_INDDHT,2029,6.825506682297898
RE1,NE_INDDHT,2030,6.933490512994173
RE1,NE_INDDHT,2031,7.084752472277888
RE1,NE_INDDHT,2032,7.212360273692732
RE1,NE_INDDHT,2033,7.353774988654814
RE1,NE_INDDHT,2034,7.602565236002855
RE1,NE_INDDHT,2035,7.892095676748028
RE1,NE_INDDHT,2036,8.193116710716513
RE1,NE_INDDHT,2037,8.505647872180571
RE1,NE_INDDHT,2038,8.8297403229993
RE1,NE_INDDHT,2039,9.167585708448682
RE1,NE_INDDHT,2040,9.52107572736608
RE1,NE_INDDHT,2041,9.890729769678197
RE1,NE_INDDHT,2042,10.28076112419649
RE1,NE_INDDHT,2043,10.68704367898472
RE1,NE_INDDHT,2044,11.1074817735196
RE1,NE_INDDHT,2045,11.54530574569424
RE1,NE_INDDHT,2046,12.0005363640055
RE1,NE_INDDHT,2047,12.47621736723145
RE1,NE_INDDHT,2048,12.97045670460081
RE1,NE_INDDHT,2049,13.48406383785841
RE1,NE_INDDHT,2050,14.01755184513911
RE1,NE_INDDHT,2051,14.57221178437298
RE1,NE_INDDHT,2052,15.14865237301337
RE1,NE_INDDHT,2053,15.77221478627029
RE1,NE_INDDHT,2054,16.41761167993829
RE1,NE_INDIHT,2022,7.573983845558629
RE1,NE_INDIHT,2023,8.107298843945879
RE1,NE_INDIHT,2024,7.984311413315369
RE1,NE_INDIHT,2025,7.366080332039814
RE1,NE_INDIHT,2026,7.553564985934488
RE1,NE_INDIHT,2027,7.700205522432801
RE1,NE_INDIHT,2028,7.872472882566188
RE1,NE_INDIHT,2029,8.04451678189786
RE1,NE_INDIHT,2030,8.179044957989872
RE1,NE_INDIHT,2031,8.372716825151938
RE1,NE_INDIHT,2032,8.531007891956829
RE1,NE_INDIHT,2033,8.705183846681525
RE1,NE_INDIHT,2034,9.006400475547462
RE1,NE_INDIHT,2035,9.356542566950313
RE1,NE_INDIHT,2036,9.720986784456462
RE1,NE_INDIHT,2037,10.09940627550759
RE1,NE_INDIHT,2038,10.49204639538596
RE1,NE_INDIHT,2039,10.90167677529311
RE1,NE_INDIHT,2040,11.33065171507767
RE1,NE_INDIHT,2041,11.77962826072093
RE1,NE_INDIHT,2042,12.25283812338813
RE1,NE_INDIHT,2043,12.74621781309379
RE1,NE_INDIHT,2044,13.25732840142085
RE1,NE_INDIHT,2045,13.7902954719435
RE1,NE_INDIHT,2046,14.34485241631146
RE1,NE_INDIHT,2047,14.92462769111496
RE1,NE_INDIHT,2048,15.52754745298816
RE1,NE_INDIHT,2049,16.15469345446046
RE1,NE_INDIHT,2050,16.80658156116544
RE1,NE_INDIHT,2051,17.48482043783234
RE1,NE_INDIHT,2052,18.19014696455461
RE1,NE_INDIHT,2053,18.94065834052192
RE1,NE_INDIHT,2054,19.7175160053978
RE1,NE_INDILU,2022,0.3991731358151768
RE1,NE_INDILU,2023,0.3960616958837621
RE1,NE_INDILU,2024,0.3931405048379638
RE1,NE_INDILU,2025,0.3959760037708401
RE1,NE_INDILU,2026,0.4058566978656027
RE1,NE_INDILU,2027,0.4135288063791838
RE1,NE_INDILU,2028,0.4227315327954038
RE1,NE_INDILU,2029,0.4321462627101305
RE1,NE_INDILU,2030,0.4392975018745888
RE1,NE_INDILU,2031,0.4482316739280187
RE1,NE_INDILU,2032,0.4563641512366697
RE1,NE_INDILU,2033,0.4653264093073586
RE1,NE_INDILU,2034,0.4812209197878853
RE1,NE_INDILU,2035,0.499941925817234
RE1,NE_INDILU,2036,0.5194198024075879
RE1,NE_INDILU,2037,0.5396973248231053
RE1,NE_INDILU,2038,0.5607547344070831
RE1,NE_INDILU,2039,0.5827155886420824
RE1,NE_INDILU,2040,0.605683682376044
RE1,NE_INDILU,2041,0.6296961393801804
RE1,NE_INDILU,2042,0.655116599716036
RE1,NE_INDILU,2043,0.6816243127153045
RE1,NE_INDILU,2044,0.7091136924598328
RE1,NE_INDILU,2045,0.737755119662598
RE1,NE_INDILU,2046,0.7675778172487717
RE1,NE_INDILU,2047,0.798780106278642
RE1,NE_INDILU,2048,0.8312314964092138
RE1,NE_INDILU,2049,0.8649827661418614
RE1,NE_INDILU,2050,0.9000867711714899
RE1,NE_INDILU,2051,0.9366395281086352
RE1,NE_INDILU,2052,0.9746894624261979
RE1,NE_INDILU,2053,1.014331414850594
RE1,NE_INDILU,2054,1.055355796642256
RE1,NE_INDMPW,2022,8.949247993011046
RE1,NE_INDMPW,2023,8.98456563309998
RE1,NE_INDMPW,2024,8.841671693600327
RE1,NE_INDMPW,2025,8.908036126825497
RE1,NE_INDMPW,2026,9.132415252558749
RE1,NE_INDMPW,2027,9.306865780658677
RE1,NE_INDMPW,2028,9.515054057164118
RE1,NE_INDMPW,2029,9.727148950674154
RE1,NE_INDMPW,2030,9.889191557634906
RE1,NE_INDMPW,2031,10.09547764886489
RE1,NE_INDMPW,2032,10.28112345428566
RE1,NE_INDMPW,2033,10.48634415105752
RE1,NE_INDMPW,2034,10.84749441487573
RE1,NE_INDMPW,2035,11.27129480896211
RE1,NE_INDMPW,2036,11.71188340449206
RE1,NE_INDMPW,2037,12.1703935358866
RE1,NE_INDMPW,2038,12.6465432261305
RE1,NE_INDMPW,2039,13.14324164210773
RE1,NE_INDMPW,2040,13.66294628590327
RE1,NE_INDMPW,2041,14.20650568431339
RE1,NE_INDMPW,2042,14.78171136799567
RE1,NE_INDMPW,2043,15.38162139620988
RE1,NE_INDMPW,2044,16.00367636868263
RE1,NE_INDMPW,2045,16.65186140079627
RE1,NE_INDMPW,2046,17.32676087835067
RE1,NE_INDMPW,2047,18.03290023895236
RE1,NE_INDMPW,2048,18.7673870925208
RE1,NE_INDMPW,2049,19.5313853329565
RE1,NE_INDMPW,2050,20.32607053503794
RE1,NE_INDMPW,2051,21.15358779070097
RE1,NE_INDMPW,2052,22.01500472506706
RE1,NE_INDMPW,2053,22.91253545920673
RE1,NE_INDMPW,2054,23.84137522163783
RE1,NE_INDOTH_ELC,2022,0.1596717269164238
RE1,NE_INDOTH_ELC,2023,0.1580269713339683
RE1,NE_INDOTH_ELC,2024,0.15595856998939
RE1,NE_INDOTH_ELC,2025,0.1575670801637176
RE1,NE_INDOTH_ELC,2026,0.1614280517725845
RE1,NE_INDOTH_ELC,2027,0.1644385619883932
RE1,NE_INDOTH_ELC,2028,0.16810730486105
RE1,NE_INDOTH_ELC,2029,0.171894821914016
RE1,NE_INDOTH_ELC,2030,0.1747548981047011
RE1,NE_INDOTH_ELC,2031,0.178275246890011
RE1,NE_INDOTH_ELC,2032,0.1814956707371
RE1,NE_INDOTH_ELC,2033,0.1849727799663995
RE1,NE_INDOTH_ELC,2034,0.1912731581054783
RE1,NE_INDOTH_ELC,2035,0.1987404860995865
RE1,NE_INDOTH_ELC,2036,0.2064785933118276
RE1,NE_INDOTH_ELC,2037,0.2145468327048498
RE1,NE_INDOTH_ELC,2038,0.2229312808438215
RE1,NE_INDOTH_ELC,2039,0.2316741708785494
RE1,NE_INDOTH_ELC,2040,0.2408127593781854
RE1,NE_INDOTH_ELC,2041,0.2503623338708099
RE1,NE_INDOTH_ELC,2042,0.2604707310929165
RE1,NE_INDOTH_ELC,2043,0.2710084994280453
RE1,NE_INDOTH_ELC,2044,0.2819462853737413
RE1,NE_INDOTH_ELC,2045,0.2933398286399388
RE1,NE_INDOTH_ELC,2046,0.3052007718177547
RE1,NE_INDOTH_ELC,2047,0.3176117316461007
RE1,NE_INDOTH_ELC,2048,0.3305197462642716
RE1,NE_INDOTH_ELC,2049,0.343944312166953
RE1,NE_INDOTH_ELC,2050,0.3579057072519843
RE1,NE_INDOTH_ELC,2051,0.3724426938308327
RE1,NE_INDOTH_ELC,2052,0.3875751283071348
RE1,NE_INDOTH_ELC,2053,0.4033385873351682
RE1,NE_INDOTH_ELC,2054,0.4196548365422718
RE1,NE_INDREF,2022,0.3542479637209098
RE1,NE_INDREF,2023,0.3264558678897121
RE1,NE_INDREF,2024,0.3213245411478517
RE1,NE_INDREF,2025,0.3263381621898713
RE1,NE_INDREF,2026,0.3346885576744291
RE1,NE_INDREF,2027,0.3411563508089037
RE1,NE_INDREF,2028,0.3488475286527689
RE1,NE_INDREF,2029,0.3566520723585079
RE1,NE_INDREF,2030,0.3626056737597312
RE1,NE_INDREF,2031,0.3700596058400633
RE1,NE_INDREF,2032,0.3770171856494535
RE1,NE_INDREF,2033,0.3848224718465863
RE1,NE_INDREF,2034,0.3983680139503209
RE1,NE_INDREF,2035,0.4140976926452506
RE1,NE_INDREF,2036,0.430387706557996
RE1,NE_INDREF,2037,0.4473398216423361
RE1,NE_INDREF,2038,0.4649498107930491
RE1,NE_INDREF,2039,0.4833272202147912
RE1,NE_INDREF,2040,0.5025694090424422
RE1,NE_INDREF,2041,0.5227109201167455
RE1,NE_INDREF,2042,0.5440506596169239
RE1,NE_INDREF,2043,0.5663095416545197
RE1,NE_INDREF,2044,0.5893756944897575
RE1,NE_INDREF,2045,0.6133901994770207
RE1,NE_INDREF,2046,0.6383925986701466
RE1,NE_INDREF,2047,0.664558635270885
RE1,NE_INDREF,2048,0.6917772983686481
RE1,NE_INDREF,2049,0.7200885503368528
RE1,NE_INDREF,2050,0.7495449558249242
RE1,NE_INDREF,2051,0.7802250273272223
RE1,NE_INDREF,2052,0.8121670718054641
RE1,NE_INDREF,2053,0.8454488724237621
RE1,NE_INDREF,2054,0.8798900473957202
RE1,NE_RESCLIM_RUR,2022,0.026724888285053
RE1,NE_RESCLIM_RUR,2023,0.02233106975356666
RE1,NE_RESCLIM_RUR,2024,0.02162251216507581
RE1,NE_RESCLIM_RUR,2025,0.02175921715900556
RE1,NE_RESCLIM_RUR,2026,0.02274108857592863
RE1,NE_RESCLIM_RUR,2027,0.023774709969227
RE1,NE_RESCLIM_RUR,2028,0.02486371961554729
RE1,NE_RESCLIM_RUR,2029,0.02601136038743568
RE1,NE_RESCLIM_RUR,2030,0.02721840330903979
RE1,NE_RESCLIM_RUR,2031,0.02847095283298424
RE1,NE_RESCLIM_RUR,2032,0.02975062343305851
RE1,NE_RESCLIM_RUR,2033,0.03105509004934165
RE1,NE_RESCLIM_RUR,2034,0.03238627915609389
RE1,NE_RESCLIM_RUR,2035,0.03374224784127641
RE1,NE_RESCLIM_RUR,2036,0.03512720986705146
RE1,NE_RESCLIM_RUR,2037,0.03653544647739562
RE1,NE_RESCLIM_RUR,2038,0.03797247653990385
RE1,NE_RESCLIM_RUR,2039,0.03943583926899958
RE1,NE_RESCLIM_RUR,2040,0.04092592620324983
RE1,NE_RESCLIM_RUR,2041,0.04244389088364654
RE1,NE_RESCLIM_RUR,2042,0.04398903404248796
RE1,NE_RESCLIM_RUR,2043,0.0455602152461637
RE1,NE_RESCLIM_RUR,2044,0.0471582530758251
RE1,NE_RESCLIM_RUR,2045,0.0487834191364831
RE1,NE_RESCLIM_RUR,2046,0.0504323928841364
RE1,NE_RESCLIM_RUR,2047,0.05210488350354837
RE1,NE_RESCLIM_RUR,2048,0.05379942092094513
RE1,NE_RESCLIM_RUR,2049,0.05550804463155309
RE1,NE_RESCLIM_RUR,2050,0.05721863505049612
RE1,NE_RESCLIM_RUR,2051,0.05788006858954644
RE1,NE_RESCLIM_RUR,2052,0.05853017640805083
RE1,NE_RESCLIM_RUR,2053,0.05916842146701808
RE1,NE_RESCLIM_RUR,2054,0.0597942720830428
RE1,NE_RESCLIM_URB,2022,0.1769176982429175
RE1,NE_RESCLIM_URB,2023,0.2111060812389741
RE1,NE_RESCLIM_URB,2024,0.2822493664270635
RE1,NE_RESCLIM_URB,2025,0.2914644250269737
RE1,NE_RESCLIM_URB,2026,0.3162433434033438
RE1,NE_RESCLIM_URB,2027,0.3416974995259908
RE1,NE_RESCLIM_URB,2028,0.3677395733360522
RE1,NE_RESCLIM_URB,2029,0.3942537604873543
RE1,NE_RESCLIM_URB,2030,0.4211081581560505
RE1,NE_RESCLIM_URB,2031,0.4480735515383112
RE1,NE_RESCLIM_URB,2032,0.475458520930371
RE1,NE_RESCLIM_URB,2033,0.5032542296924659
RE1,NE_RESCLIM_URB,2034,0.5314550886930739
RE1,NE_RESCLIM_URB,2035,0.5600367275415745
RE1,NE_RESCLIM_URB,2036,0.5890167492315974
RE1,NE_RESCLIM_URB,2037,0.6183423691342708
RE1,NE_RESCLIM_URB,2038,0.6480532931140741
RE1,NE_RESCLIM_URB,2039,0.6781193615805556
RE1,NE_RESCLIM_URB,2040,0.7085638598114438
RE1,NE_RESCLIM_URB,2041,0.7393507206267279
RE1,NE_RESCLIM_URB,2042,0.7704718725479485
RE1,NE_RESCLIM_URB,2043,0.8019235446062308
RE1,NE_RESCLIM_URB,2044,0.8336864351454919
RE1,NE_RESCLIM_URB,2045,0.8657563152515709
RE1,NE_RESCLIM_URB,2046,0.8981585919059785
RE1,NE_RESCLIM_URB,2047,0.930861274606652
RE1,NE_RESCLIM_URB,2048,0.9638691824404393
RE1,NE_RESCLIM_URB,2049,0.9970015076390225
RE1,NE_RESCLIM_URB,2050,1.030049788441486
RE1,NE_RESCLIM_URB,2051,1.038977666606257
RE1,NE_RESCLIM_URB,2052,1.047574208334178
RE1,NE_RESCLIM_URB,2053,1.055829100288611
RE1,NE_RESCLIM_URB,2054,1.063732798204834
RE1,NE_RESDHT_RUR,2022,2.990630050099422
RE1,NE_RESDHT_RUR,2023,3.043190314517952
RE1,NE_RESDHT_RUR,2024,2.784607637979677
RE1,NE_RESDHT_RUR,2025,2.828180666405785
RE1,NE_RESDHT_RUR,2026,2.798440783796003
RE1,NE_RESDHT_RUR,2027,2.772100552449765
RE1,NE_RESDHT_RUR,2028,2.748907540310527
RE1,NE_RESDHT_RUR,2029,2.728529008400536
RE1,NE_RESDHT_RUR,2030,2.710471760217726
RE1,NE_RESDHT_RUR,2031,2.74754772357581
RE1,NE_RESDHT_RUR,2032,2.784595104734204
RE1,NE_RESDHT_RUR,2033,2.821428909367889
RE1,NE_RESDHT_RUR,2034,2.858228506783803
RE1,NE_RESDHT_RUR,2035,2.894799543030687
RE1,NE_RESDHT_RUR,2036,2.930877392255454
RE1,NE_RESDHT_RUR,2037,2.966812030861643
RE1,NE_RESDHT_RUR,2038,3.002848232323684
RE1,NE_RESDHT_RUR,2039,3.038802407666501
RE1,NE_RESDHT_RUR,2040,3.074690258055416
RE1,NE_RESDHT_RUR,2041,3.106394472391841
RE1,NE_RESDHT_RUR,2042,3.137904875536814
RE1,NE_RESDHT_RUR,2043,3.169158237536695
RE1,NE_RESDHT_RUR,2044,3.20019716119486
RE1,NE_RESDHT_RUR,2045,3.231008524428744
RE1,NE_RESDHT_RUR,2046,3.259095138879004
RE1,NE_RESDHT_RUR,2047,3.286615278329041
RE1,NE_RESDHT_RUR,2048,3.313506982285269
RE1,NE_RESDHT_RUR,2049,3.339244914211147
RE1,NE_RESDHT_RUR,2050,3.363157669962341
RE1,NE_RESDHT_RUR,2051,3.404076391707801
RE1,NE_RESDHT_RUR,2052,3.444304834436029
RE1,NE_RESDHT_RUR,2053,3.483808215299408
RE1,NE_RESDHT_RUR,2054,3.522552105287168
RE1,NE_RESDHT_URB,2022,5.139009322180345
RE1,NE_RESDHT_URB,2023,5.169504124304429
RE1,NE_RESDHT_URB,2024,5.484727414798432
RE1,NE_RESDHT_URB,2025,5.547456132370498
RE1,NE_RESDHT_URB,2026,5.724671061241016
RE1,NE_RESDHT_URB,2027,5.901893878929415
RE1,NE_RESDHT_URB,2028,6.078478841590784
RE1,NE_RESDHT_URB,2029,6.253275201980721
RE1,NE_RESDHT_URB,2030,6.425057284872752
RE1,NE_RESDHT_URB,2031,6.606194164251059
RE1,NE_RESDHT_URB,2032,6.786047012114133
RE1,NE_RESDHT_URB,2033,6.964621507371271
RE1,NE_RESDHT_URB,2034,7.142116416499712
RE1,NE_RESDHT_URB,2035,7.318596174968724
RE1,NE_RESDHT_URB,2036,7.496688545364066
RE1,NE_RESDHT_URB,2037,7.674047412374719
RE1,NE_RESDHT_URB,2038,7.851184092751358
RE1,NE_RESDHT_URB,2039,8.02780725243294
RE1,NE_RESDHT_URB,2040,8.204347739916914
RE1,NE_RESDHT_URB,2041,8.381922216858667
RE1,NE_RESDHT_URB,2042,8.559237907013037
RE1,NE_RESDHT_URB,2043,8.736274504815308
RE1,NE_RESDHT_URB,2044,8.912904207559913
RE1,NE_RESDHT_URB,2045,9.089243672361535
RE1,NE_RESDHT_URB,2046,9.266273353847495
RE1,NE_RESDHT_URB,2047,9.44297937518428
RE1,NE_RESDHT_URB,2048,9.619471208540405
RE1,NE_RESDHT_URB,2049,9.793692303846502
RE1,NE_RESDHT_URB,2050,9.94873120880674
RE1,NE_RESDHT_URB,2051,10.04259967732768
RE1,NE_RESDHT_URB,2052,10.13298337899994
RE1,NE_RESDHT_URB,2053,10.21420495533766
RE1,NE_RESDHT_URB,2054,10.29162855915527
RE1,NE_RESILU_RUR,2022,0.02533798790925805
RE1,NE_RESILU_RUR,2023,0.02322992996251333
RE1,NE_RESILU_RUR,2024,0.02532779909628788
RE1,NE_RESILU_RUR,2025,0.02484129264910012
RE1,NE_RESILU_RUR,2026,0.02526670510027262
RE1,NE_RESILU_RUR,2027,0.02573509899637081
RE1,NE_RESILU_RUR,2028,0.02624757263414096
RE1,NE_RESILU_RUR,2029,0.02680099506980369
RE1,NE_RESILU_RUR,2030,0.02739507111038246
RE1,NE_RESILU_RUR,2031,0.0280135715343348
RE1,NE_RESILU_RUR,2032,0.02863688155246663
RE1,NE_RESILU_RUR,2033,0.02925881786754765
RE1,NE_RESILU_RUR,2034,0.02988743754741711
RE1,NE_RESILU_RUR,2035,0.03051435903804139
RE1,NE_RESILU_RUR,2036,0.0311497448722528
RE1,NE_RESILU_RUR,2037,0.03178107796763243
RE1,NE_RESILU_RUR,2038,0.03241881430897973
RE1,NE_RESILU_RUR,2039,0.03305960645687674
RE1,NE_RESILU_RUR,2040,0.03370602464237877
RE1,NE_RESILU_RUR,2041,0.03435538117224543
RE1,NE_RESILU_RUR,2042,0.03500820826827071
RE1,NE_RESILU_RUR,2043,0.03566407980006368
RE1,NE_RESILU_RUR,2044,0.03632214269238883
RE1,NE_RESILU_RUR,2045,0.03698355446614405
RE1,NE_RESILU_RUR,2046,0.03764863825857598
RE1,NE_RESILU_RUR,2047,0.03831271143351486
RE1,NE_RESILU_RUR,2048,0.03897832664450803
RE1,NE_RESILU_RUR,2049,0.039635432842631
RE1,NE_RESILU_RUR,2050,0.04027800954057784
RE1,NE_RESILU_RUR,2051,0.04093080513821595
RE1,NE_RESILU_RUR,2052,0.04157706082516412
RE1,NE_RESILU_RUR,2053,0.04212458690729898
RE1,NE_RESILU_RUR,2054,0.0426628229039657
RE1,NE_RESILU_URB,2022,0.113253859161334
RE1,NE_RESILU_URB,2023,0.1247216701645393
RE1,NE_RESILU_URB,2024,0.1316762938824294
RE1,NE_RESILU_URB,2025,0.1332276689901706
RE1,NE_RESILU_URB,2026,0.1365821851388226
RE1,NE_RESILU_URB,2027,0.1398995957979746
RE1,NE_RESILU_URB,2028,0.1431652943225572
RE1,NE_RESILU_URB,2029,0.1463542755028616
RE1,NE_RESILU_URB,2030,0.1494398147922619
RE1,NE_RESILU_URB,2031,0.1523462352261281
RE1,NE_RESILU_URB,2032,0.1551745897338584
RE1,NE_RESILU_URB,2033,0.1579276724533603
RE1,NE_RESILU_URB,2034,0.1606119469032969
RE1,NE_RESILU_URB,2035,0.1632308366103963
RE1,NE_RESILU_URB,2036,0.1657910626590281
RE1,NE_RESILU_URB,2037,0.1682959439278506
RE1,NE_RESILU_URB,2038,0.1707559864891967
RE1,NE_RESILU_URB,2039,0.1731663277589135
RE1,NE_RESILU_URB,2040,0.1755376883435938
RE1,NE_RESILU_URB,2041,0.1778658383494149
RE1,NE_RESILU_URB,2042,0.1801527003876654
RE1,NE_RESILU_URB,2043,0.182399504353854
RE1,NE_RESILU_URB,2044,0.1846045869026951
RE1,NE_RESILU_URB,2045,0.1867716816958372
RE1,NE_RESILU_URB,2046,0.1889063678008542
RE1,NE_RESILU_URB,2047,0.1910038781749317
RE1,NE_RESILU_URB,2048,0.193067866159691
RE1,NE_RESILU_URB,2049,0.1950578801727358
RE1,NE_RESILU_URB,2050,0.1988053785314345
RE1,NE_RESILU_URB,2051,0.2005775345577801
RE1,NE_RESILU_URB,2052,0.2022779717191049
RE1,NE_RESILU_URB,2053,0.2039044294663026
RE1,NE_RESILU_URB,2054,0.2054548117515039
RE1,NE_RESOTH_RUR,2022,0.1328877217650331
RE1,NE_RESOTH_RUR,2023,0.1209227124246579
RE1,NE_RESOTH_RUR,2024,0.1314873439285862
RE1,NE_RESOTH_RUR,2025,0.1289551558222332
RE1,NE_RESOTH_RUR,2026,0.131044162759725
RE1,NE_RESOTH_RUR,2027,0.1333484678741493
RE1,NE_RESOTH_RUR,2028,0.135874523526101
RE1,NE_RESOTH_RUR,2029,0.1386110453152704
RE1,NE_RESOTH_RUR,2030,0.1415537349070773
RE1,NE_RESOTH_RUR,2031,0.1446166812663961
RE1,NE_RESOTH_RUR,2032,0.1476985263031655
RE1,NE_RESOTH_RUR,2033,0.1507745996813254
RE1,NE_RESOTH_RUR,2034,0.1538758842571374
RE1,NE_RESOTH_RUR,2035,0.156969989888412
RE1,NE_RESOTH_RUR,2036,0.1600838966806203
RE1,NE_RESOTH_RUR,2037,0.1631995558046986
RE1,NE_RESOTH_RUR,2038,0.1663440243627218
RE1,NE_RESOTH_RUR,2039,0.1695035073122731
RE1,NE_RESOTH_RUR,2040,0.172687272016597
RE1,NE_RESOTH_RUR,2041,0.1758880380092783
RE1,NE_RESOTH_RUR,2042,0.1791050012710231
RE1,NE_RESOTH_RUR,2043,0.1823374872407524
RE1,NE_RESOTH_RUR,2044,0.1855833949114018
RE1,NE_RESOTH_RUR,2045,0.1888462549096183
RE1,NE_RESOTH_RUR,2046,0.1921237867620924
RE1,NE_RESOTH_RUR,2047,0.1953982993889538
RE1,NE_RESOTH_RUR,2048,0.1986784996774218
RE1,NE_RESOTH_RUR,2049,0.2019167815726285
RE1,NE_RESOTH_RUR,2050,0.2050736435538843
RE1,NE_RESOTH_RUR,2051,0.2082845605600543
RE1,NE_RESOTH_RUR,2052,0.2114611851148542
RE1,NE_RESOTH_RUR,2053,0.2141349839868782
RE1,NE_RESOTH_RUR,2054,0.2167611931302627
RE1,NE_RESOTH_URB,2022,0.5711705526872191
RE1,NE_RESOTH_URB,2023,0.6300396436842206
RE1,NE_RESOTH_URB,2024,0.6656522768884563
RE1,NE_RESOTH_URB,2025,0.6734059660604049
RE1,NE_RESOTH_URB,2026,0.6903453734648701
RE1,NE_RESOTH_URB,2027,0.7072054445950545
RE1,NE_RESOTH_URB,2028,0.7236773121106485
RE1,NE_RESOTH_URB,2029,0.7398754682898654
RE1,NE_RESOTH_URB,2030,0.7555446442649734
RE1,NE_RESOTH_URB,2031,0.7701751648199274
RE1,NE_RESOTH_URB,2032,0.784539458157644
RE1,NE_RESOTH_URB,2033,0.7983891133770803
RE1,NE_RESOTH_URB,2034,0.8120249655639779
RE1,NE_RESOTH_URB,2035,0.8253310565721195
RE1,NE_RESOTH_URB,2036,0.8381957556493004
RE1,NE_RESOTH_URB,2037,0.8509253644482602
RE1,NE_RESOTH_URB,2038,0.8632823121082389
RE1,NE_RESOTH_URB,2039,0.8755340653385486
RE1,NE_RESOTH_URB,2040,0.8875895798886873
RE1,NE_RESOTH_URB,2041,0.8992742201994344
RE1,NE_RESOTH_URB,2042,0.910902409403201
RE1,NE_RESOTH_URB,2043,0.9221716287479592
RE1,NE_RESOTH_URB,2044,0.9333866847241284
RE1,NE_RESOTH_URB,2045,0.9444103919340818
RE1,NE_RESOTH_URB,2046,0.9551082729739898
RE1,NE_RESOTH_URB,2047,0.9657801859648641
RE1,NE_RESOTH_URB,2048,0.9761171078704891
RE1,NE_RESOTH_URB,2049,0.9862456211488867
RE1,NE_RESOTH_URB,2050,1.005193348823181
RE1,NE_RESOTH_URB,2051,1.014152813608728
RE1,NE_RESOTH_URB,2052,1.022749155938536
RE1,NE_RESOTH_URB,2053,1.030970943440152
RE1,NE_RESOTH_URB,2054,1.038807576577847
RE1,NE_RESREF_RUR,2022,0.04807072212696025
RE1,NE_RESREF_RUR,2023,0.0424206035870769
RE1,NE_RESREF_RUR,2024,0.04672585465447462
RE1,NE_RESREF_RUR,2025,0.04624819285733581
RE1,NE_RESREF_RUR,2026,0.04734707552763719
RE1,NE_RESREF_RUR,2027,0.04853087750678237
RE1,NE_RESREF_RUR,2028,0.04980210565562184
RE1,NE_RESREF_RUR,2029,0.05116244833611162
RE1,NE_RESREF_RUR,2030,0.05260963541819316
RE1,NE_RESREF_RUR,2031,0.05363740489054524
RE1,NE_RESREF_RUR,2032,0.05467326411784908
RE1,NE_RESREF_RUR,2033,0.05571255449803221
RE1,NE_RESREF_RUR,2034,0.05675837671022564
RE1,NE_RESREF_RUR,2035,0.05780712576432211
RE1,NE_RESREF_RUR,2036,0.05886774757608339
RE1,NE_RESREF_RUR,2037,0.05992861590602717
RE1,NE_RESREF_RUR,2038,0.06099888976732615
RE1,NE_RESREF_RUR,2039,0.06207544650010235
RE1,NE_RESREF_RUR,2040,0.06315859431844384
RE1,NE_RESREF_RUR,2041,0.06425073102163881
RE1,NE_RESREF_RUR,2042,0.06535029809243931
RE1,NE_RESREF_RUR,2043,0.06645565361813016
RE1,NE_RESREF_RUR,2044,0.067567765147295
RE1,NE_RESREF_RUR,2045,0.06868665687092664
RE1,NE_RESREF_RUR,2046,0.0698084470129066
RE1,NE_RESREF_RUR,2047,0.07093244388647921
RE1,NE_RESREF_RUR,2048,0.07205586227317576
RE1,NE_RESREF_RUR,2049,0.07316725681106534
RE1,NE_RESREF_RUR,2050,0.07425233614843983
RE1,NE_RESREF_RUR,2051,0.07524197353518096
RE1,NE_RESREF_RUR,2052,0.07621750513210182
RE1,NE_RESREF_RUR,2053,0.0771780584737033
RE1,NE_RESREF_RUR,2054,0.07812276557952784
RE1,NE_RESREF_URB,2022,0.730305235580796
RE1,NE_RESREF_URB,2023,0.8040165710309493
RE1,NE_RESREF_URB,2024,0.8628371825033907
RE1,NE_RESREF_URB,2025,0.8827628674068732
RE1,NE_RESREF_URB,2026,0.9144854961747104
RE1,NE_RESREF_URB,2027,0.9464085023320755
RE1,NE_RESREF_URB,2028,0.9784257166849168
RE1,NE_RESREF_URB,2029,1.010349851963301
RE1,NE_RESREF_URB,2030,1.041979074690141
RE1,NE_RESREF_URB,2031,1.063260178233126
RE1,NE_RESREF_URB,2032,1.084032903377819
RE1,NE_RESREF_URB,2033,1.104313503226463
RE1,NE_RESREF_URB,2034,1.12414710205202
RE1,NE_RESREF_URB,2035,1.143556214385073
RE1,NE_RESREF_URB,2036,1.162606060619581
RE1,NE_RESREF_URB,2037,1.181280311447866
RE1,NE_RESREF_URB,2038,1.199671043073945
RE1,NE_RESREF_URB,2039,1.217742416453638
RE1,NE_RESREF_URB,2040,1.235568466822842
RE1,NE_RESREF_URB,2041,1.253119884884148
RE1,NE_RESREF_URB,2042,1.270408526730394
RE1,NE_RESREF_URB,2043,1.287440915357041
RE1,NE_RESREF_URB,2044,1.304205240540437
RE1,NE_RESREF_URB,2045,1.320727619583886
RE1,NE_RESREF_URB,2046,1.337045507841012
RE1,NE_RESREF_URB,2047,1.353124201546274
RE1,NE_RESREF_URB,2048,1.36898691765484
RE1,NE_RESREF_URB,2049,1.384348559309655
RE1,NE_RESREF_URB,2050,1.398936635604017
RE1,NE_RESREF_URB,2051,1.411364518715915
RE1,NE_RESREF_URB,2052,1.423283643595729
RE1,NE_RESREF_URB,2053,1.434678041045734
RE1,NE_RESREF_URB,2054,1.445532907443433
RE1,NE_RESTV_RUR,2022,0.0575437802528172
RE1,NE_RESTV_RUR,2023,0.0507861678270236
RE1,NE_RESTV_RUR,2024,0.05458492424434868
RE1,NE_RESTV_RUR,2025,0.05413839605102851
RE1,NE_RESTV_RUR,2026,0.0551639460012404
RE1,NE_RESTV_RUR,2027,0.05627505238653979
RE1,NE_RESTV_RUR,2028,0.05747450957951765
RE1,NE_RESTV_RUR,2029,0.05876394042788398
RE1,NE_RESTV_RUR,2030,0.06013995461007703
RE1,NE_RESTV_RUR,2031,0.06139807897908128
RE1,NE_RESTV_RUR,2032,0.06266359295376453
RE1,NE_RESTV_RUR,2033,0.06393143542683881
RE1,NE_RESTV_RUR,2034,0.06520548546200558
RE1,NE_RESTV_RUR,2035,0.06648172029963598
RE1,NE_RESTV_RUR,2036,0.0677696454142239
RE1,NE_RESTV_RUR,2037,0.06905823162031857
RE1,NE_RESTV_RUR,2038,0.0703571396809557
RE1,NE_RESTV_RUR,2039,0.07166284669866174
RE1,NE_RESTV_RUR,2040,0.07297583463398034
RE1,NE_RESTV_RUR,2041,0.07429896611526586
RE1,NE_RESTV_RUR,2042,0.07563047454662024
RE1,NE_RESTV_RUR,2043,0.0769686071563654
RE1,NE_RESTV_RUR,2044,0.07831460221594339
RE1,NE_RESTV_RUR,2045,0.07966850297983481
RE1,NE_RESTV_RUR,2046,0.08102577323612924
RE1,NE_RESTV_RUR,2047,0.08238564839802012
RE1,NE_RESTV_RUR,2048,0.08374504989560237
RE1,NE_RESTV_RUR,2049,0.08509049950769794
RE1,NE_RESTV_RUR,2050,0.08640455757764
RE1,NE_RESTV_RUR,2051,0.08774189426506712
RE1,NE_RESTV_RUR,2052,0.08906625848285826
RE1,NE_RESTV_RUR,2053,0.09018029162663023
RE1,NE_RESTV_RUR,2054,0.09127571117642769
RE1,NE_RESTV_URB,2022,0.2059226110983099
RE1,NE_RESTV_URB,2023,0.2219573591401973
RE1,NE_RESTV_URB,2024,0.2352204446733454
RE1,NE_RESTV_URB,2025,0.2381905170592717
RE1,NE_RESTV_URB,2026,0.2441950991520981
RE1,NE_RESTV_URB,2027,0.2501327235094756
RE1,NE_RESTV_URB,2028,0.2559775335181635
RE1,NE_RESTV_URB,2029,0.2616849433107441
RE1,NE_RESTV_URB,2030,0.2672070022662815
RE1,NE_RESTV_URB,2031,0.2724087911106713
RE1,NE_RESTV_URB,2032,0.2774709966677185
RE1,NE_RESTV_URB,2033,0.2823985378394095
RE1,NE_RESTV_URB,2034,0.2872028833104647
RE1,NE_RESTV_URB,2035,0.2918902111959863
RE1,NE_RESTV_URB,2036,0.2964718088469274
RE1,NE_RESTV_URB,2037,0.3009552280232513
RE1,NE_RESTV_URB,2038,0.3053585005331025
RE1,NE_RESTV_URB,2039,0.3096728512155739
RE1,NE_RESTV_URB,2040,0.3139172626057033
RE1,NE_RESTV_URB,2041,0.3180842961269963
RE1,NE_RESTV_URB,2042,0.3221773132193245
RE1,NE_RESTV_URB,2043,0.3261984684386285
RE1,NE_RESTV_URB,2044,0.3301448557690606
RE1,NE_RESTV_URB,2045,0.3340230462151185
RE1,NE_RESTV_URB,2046,0.3378430871478962
RE1,NE_RESTV_URB,2047,0.3415961531411668
RE1,NE_RESTV_URB,2048,0.3452889752204902
RE1,NE_RESTV_URB,2049,0.3488487536571852
RE1,NE_RESTV_URB,2050,0.3555506130200347
RE1,NE_RESTV_URB,2051,0.3587192733391335
RE1,NE_RESTV_URB,2052,0.3617589751049437
RE1,NE_RESTV_URB,2053,0.3646656602857448
RE1,NE_RESTV_URB,2054,0.3674355665952062
RE1,NE_RESWHT_RUR,2022,0.04682436362742929
RE1,NE_RESWHT_RUR,2023,0.03690693676733175
RE1,NE_RESWHT_RUR,2024,0.0386310639096176
RE1,NE_RESWHT_RUR,2025,0.03734442453411399
RE1,NE_RESWHT_RUR,2026,0.03786144442562901
RE1,NE_RESWHT_RUR,2027,0.03843612504202958
RE1,NE_RESWHT_RUR,2028,0.03906842299308289
RE1,NE_RESWHT_RUR,2029,0.03975817874281681
RE1,NE_RESWHT_RUR,2030,0.04050206252108814
RE1,NE_RESWHT_RUR,2031,0.04127838230675122
RE1,NE_RESWHT_RUR,2032,0.04206034892282598
RE1,NE_RESWHT_RUR,2033,0.04284398227869449
RE1,NE_RESWHT_RUR,2034,0.04363073277999708
RE1,NE_RESWHT_RUR,2035,0.04441793795387479
RE1,NE_RESWHT_RUR,2036,0.04521462165544351
RE1,NE_RESWHT_RUR,2037,0.04600731409706179
RE1,NE_RESWHT_RUR,2038,0.04680481330215241
RE1,NE_RESWHT_RUR,2039,0.0476050240009358
RE1,NE_RESWHT_RUR,2040,0.04840781621938849
RE1,NE_RESWHT_RUR,2041,0.04921563106650331
RE1,NE_RESWHT_RUR,2042,0.05002696749159575
RE1,NE_RESWHT_RUR,2043,0.05084054875987013
RE1,NE_RESWHT_RUR,2044,0.05165740684541104
RE1,NE_RESWHT_RUR,2045,0.05247704186575694
RE1,NE_RESWHT_RUR,2046,0.05329705863777225
RE1,NE_RESWHT_RUR,2047,0.05411718357424605
RE1,NE_RESWHT_RUR,2048,0.05493488742419148
RE1,NE_RESWHT_RUR,2049,0.0557416219013846
RE1,NE_RESWHT_RUR,2050,0.05652676673411754
RE1,NE_RESWHT_RUR,2051,0.0573250163161566
RE1,NE_RESWHT_RUR,2052,0.05811297615797614
RE1,NE_RESWHT_RUR,2053,0.05888992415156599
RE1,NE_RESWHT_RUR,2054,0.05965513999718342
RE1,NE_RESWHT_URB,2022,0.5960164555644162
RE1,NE_RESWHT_URB,2023,0.6506817630895274
RE1,NE_RESWHT_URB,2024,0.7063522555741059
RE1,NE_RESWHT_URB,2025,0.7243248745705811
RE1,NE_RESWHT_URB,2026,0.7407802814781854
RE1,NE_RESWHT_URB,2027,0.7571524571070596
RE1,NE_RESWHT_URB,2028,0.7733999033739452
RE1,NE_RESWHT_URB,2029,0.7893970465291171
RE1,NE_RESWHT_URB,2030,0.8050155751562268
RE1,NE_RESWHT_URB,2031,0.8197794637945243
RE1,NE_RESWHT_URB,2032,0.8341504487547607
RE1,NE_RESWHT_URB,2033,0.8481208268018535
RE1,NE_RESWHT_URB,2034,0.8617267849729019
RE1,NE_RESWHT_URB,2035,0.8749949844494149
RE1,NE_RESWHT_URB,2036,0.8879533725897274
RE1,NE_RESWHT_URB,2037,0.9006276727459497
RE1,NE_RESWHT_URB,2038,0.9130695659925422
RE1,NE_RESWHT_URB,2039,0.9252446844709781
RE1,NE_RESWHT_URB,2040,0.9372147242946639
RE1,NE_RESWHT_URB,2041,0.948953307900974
RE1,NE_RESWHT_URB,2042,0.9604711696956559
RE1,NE_RESWHT_URB,2043,0.971772594231863
RE1,NE_RESWHT_URB,2044,0.9828432983424952
RE1,NE_RESWHT_URB,2045,0.9937101207664306
RE1,NE_RESWHT_URB,2046,1.004399156442646
RE1,NE_RESWHT_URB,2047,1.014881550367436
RE1,NE_RESWHT_URB,2048,1.025179582074074
RE1,NE_RESWHT_URB,2049,1.035058749238601
RE1,NE_RESWHT_URB,2050,1.044298606646431
RE1,NE_RESWHT_URB,2051,1.053519276344195
RE1,NE_RESWHT_URB,2052,1.062353636782263
RE1,NE_RESWHT_URB,2053,1.07078966314786
RE1,NE_RESWHT_URB,2054,1.078816224456381
RE1,NE_RESWSH_RUR,2022,0.02647293194352302
RE1,NE_RESWSH_RUR,2023,0.02242541190739684
RE1,NE_RESWSH_RUR,2024,0.02802135138882841
RE1,NE_RESWSH_RUR,2025,0.02783821250788848
RE1,NE_RESWSH_RUR,2026,0.02858995859254642
RE1,NE_RESWSH_RUR,2027,0.02939511134115474
RE1,NE_RESWSH_RUR,2028,0.0302554739575295
RE1,NE_RESWSH_RUR,2029,0.03117247101975653
RE1,NE_RESWSH_RUR,2030,0.03214507796451492
RE1,NE_RESWSH_RUR,2031,0.03304813601466102
RE1,NE_RESWSH_RUR,2032,0.03396598637484951
RE1,NE_RESWSH_RUR,2033,0.0348957027974002
RE1,NE_RESWSH_RUR,2034,0.03583915838086773
RE1,NE_RESWSH_RUR,2035,0.03679415919489563
RE1,NE_RESWSH_RUR,2036,0.03776745841867051
RE1,NE_RESWSH_RUR,2037,0.03874921471974851
RE1,NE_RESWSH_RUR,2038,0.03974658022265716
RE1,NE_RESWSH_RUR,2039,0.04075751010530061
RE1,NE_RESWSH_RUR,2040,0.04178222998512657
RE1,NE_RESWSH_RUR,2041,0.04282238504936711
RE1,NE_RESWSH_RUR,2042,0.04387708107001702
RE1,NE_RESWSH_RUR,2043,0.0449451400580762
RE1,NE_RESWSH_RUR,2044,0.04602729687903549
RE1,NE_RESWSH_RUR,2045,0.04712362997664422
RE1,NE_RESWSH_RUR,2046,0.04823152902298927
RE1,NE_RESWSH_RUR,2047,0.0493506532976319
RE1,NE_RESWSH_RUR,2048,0.05047895363085527
RE1,NE_RESWSH_RUR,2049,0.05160864489434887
RE1,NE_RESWSH_RUR,2050,0.05272982073200363
RE1,NE_RESWSH_RUR,2051,0.05342892231761449
RE1,NE_RESWSH_RUR,2052,0.05411805556294483
RE1,NE_RESWSH_RUR,2053,0.05479660800096382
RE1,NE_RESWSH_RUR,2054,0.05546397024284889
RE1,NE_RESWSH_URB,2022,0.1660959765979505
RE1,NE_RESWSH_URB,2023,0.183065992830291
RE1,NE_RESWSH_URB,2024,0.2043216526615989
RE1,NE_RESWSH_URB,2025,0.2100714082438011
RE1,NE_RESWSH_URB,2026,0.2182730408057081
RE1,NE_RESWSH_URB,2027,0.2265580717952859
RE1,NE_RESWSH_URB,2028,0.2349015393762184
RE1,NE_RESWSH_URB,2029,0.2432582720871869
RE1,NE_RESWSH_URB,2030,0.25157904715708
RE1,NE_RESWSH_URB,2031,0.2588718404038649
RE1,NE_RESWSH_URB,2032,0.2661206749100198
RE1,NE_RESWSH_URB,2033,0.2733255513379694
RE1,NE_RESWSH_URB,2034,0.2804942756506461
RE1,NE_RESWSH_URB,2035,0.2876297416441057
RE1,NE_RESWSH_URB,2036,0.2947436029442225
RE1,NE_RESWSH_URB,2037,0.3018328611784751
RE1,NE_RESWSH_URB,2038,0.3089169336059995
RE1,NE_RESWSH_URB,2039,0.3159843067607268
RE1,NE_RESWSH_URB,2040,0.3230520986557502
RE1,NE_RESWSH_URB,2041,0.3301107884192136
RE1,NE_RESWSH_URB,2042,0.3371614901865753
RE1,NE_RESWSH_URB,2043,0.3442042875055535
RE1,NE_RESWSH_URB,2044,0.3512338641360669
RE1,NE_RESWSH_URB,2045,0.3582556429498778
RE1,NE_RESWSH_URB,2046,0.3652782980905211
RE1,NE_RESWSH_URB,2047,0.372290433875771
RE1,NE_RESWSH_URB,2048,0.3792972443549473
RE1,NE_RESWSH_URB,2049,0.3862167077757993
RE1,NE_RESWSH_URB,2050,0.3929687988366671
RE1,NE_RESWSH_URB,2051,0.3964648675197751
RE1,NE_RESWSH_URB,2052,0.3998177434977252
RE1,NE_RESWSH_URB,2053,0.4030229252989301
RE1,NE_RESWSH_URB,2054,0.4060762397531237
RE1,NE_TERCLIM_CEN,2022,1.847979056515719
RE1,NE_TERCLIM_CEN,2023,1.910944229655321
RE1,NE_TERCLIM_CEN,2024,1.976314398442844
RE1,NE_TERCLIM_CEN,2025,2.046334344496453
RE1,NE_TERCLIM_CEN,2026,2.127749904671385
RE1,NE_TERCLIM_CEN,2027,2.204291388183451
RE1,NE_TERCLIM_CEN,2028,2.278233638087416
RE1,NE_TERCLIM_CEN,2029,2.35594536507169
RE1,NE_TERCLIM_CEN,2030,2.434880660849247
RE1,NE_TERCLIM_CEN,2031,2.489702540355586
RE1,NE_TERCLIM_CEN,2032,2.53981302961526
RE1,NE_TERCLIM_CEN,2033,2.58686464239051
RE1,NE_TERCLIM_CEN,2034,2.628137906262171
RE1,NE_TERCLIM_CEN,2035,2.664081946030198
RE1,NE_TERCLIM_CEN,2036,2.695901405042959
RE1,NE_TERCLIM_CEN,2037,2.725692175360102
RE1,NE_TERCLIM_CEN,2038,2.755904769811729
RE1,NE_TERCLIM_CEN,2039,2.789006674615945
RE1,NE_TERCLIM_CEN,2040,2.827121618566358
RE1,NE_TERCLIM_CEN,2041,2.871812218178008
RE1,NE_TERCLIM_CEN,2042,2.924043995222203
RE1,NE_TERCLIM_CEN,2043,2.984232406804284
RE1,NE_TERCLIM_CEN,2044,3.052387760897868
RE1,NE_TERCLIM_CEN,2045,3.128255381188734
RE1,NE_TERCLIM_CEN,2046,3.211436318662606
RE1,NE_TERCLIM_CEN,2047,3.301478076558551
RE1,NE_TERCLIM_CEN,2048,3.397935749221126
RE1,NE_TERCLIM_CEN,2049,3.500408836214853
RE1,NE_TERCLIM_CEN,2050,3.60856013284785
RE1,NE_TERCLIM_CEN,2051,3.725200317305273
RE1,NE_TERCLIM_CEN,2052,3.846469606871937
RE1,NE_TERCLIM_CEN,2053,3.967853923291716
RE1,NE_TERCLIM_CEN,2054,4.093550734936821
RE1,NE_TERCLIM_FAN,2022,0.05213238304739642
RE1,NE_TERCLIM_FAN,2023,0.05391192157409486
RE1,NE_TERCLIM_FAN,2024,0.05577260882918464
RE1,NE_TERCLIM_FAN,2025,0.0577594991243444
RE1,NE_TERCLIM_FAN,2026,0.06006911218972811
RE1,NE_TERCLIM_FAN,2027,0.06224762794983862
RE1,NE_TERCLIM_FAN,2028,0.06435884285354582
RE1,NE_TERCLIM_FAN,2029,0.06658561325524344
RE1,NE_TERCLIM_FAN,2030,0.06885741677785648
RE1,NE_TERCLIM_FAN,2031,0.07074344231780254
RE1,NE_TERCLIM_FAN,2032,0.07259926578122114
RE1,NE_TERCLIM_FAN,2033,0.07448594581288638
RE1,NE_TERCLIM_FAN,2034,0.07633221166030471
RE1,NE_TERCLIM_FAN,2035,0.07814601100960947
RE1,NE_TERCLIM_FAN,2036,0.07994469411885367
RE1,NE_TERCLIM_FAN,2037,0.08175986529030123
RE1,NE_TERCLIM_FAN,2038,0.08362731164497791
RE1,NE_TERCLIM_FAN,2039,0.0855831467721502
RE1,NE_TERCLIM_FAN,2040,0.08765877236653591
RE1,NE_TERCLIM_FAN,2041,0.08987777797806111
RE1,NE_TERCLIM_FAN,2042,0.09225568379872548
RE1,NE_TERCLIM_FAN,2043,0.09480011172539506
RE1,NE_TERCLIM_FAN,2044,0.09751306886722533
RE1,NE_TERCLIM_FAN,2045,0.1003929119761274
RE1,NE_TERCLIM_FAN,2046,0.103436040018234
RE1,NE_TERCLIM_FAN,2047,0.106638167166842
RE1,NE_TERCLIM_FAN,2048,0.109995181636737
RE1,NE_TERCLIM_FAN,2049,0.113503663932878
RE1,NE_TERCLIM_FAN,2050,0.1171611541146501
RE1,NE_TERCLIM_FAN,2051,0.121008875973258
RE1,NE_TERCLIM_FAN,2052,0.1249951116271962
RE1,NE_TERCLIM_FAN,2053,0.1289710917313503
RE1,NE_TERCLIM_FAN,2054,0.1330803043744651
RE1,NE_TERCLIM_SPL,2022,0.2029616882003448
RE1,NE_TERCLIM_SPL,2023,0.2098770900785109
RE1,NE_TERCLIM_SPL,2024,0.2170566302190106
RE1,NE_TERCLIM_SPL,2025,0.2247468507378147
RE1,NE_TERCLIM_SPL,2026,0.2336886401377641
RE1,NE_TERCLIM_SPL,2027,0.2420951145813968
RE1,NE_TERCLIM_SPL,2028,0.2502161178021457
RE1,NE_TERCLIM_SPL,2029,0.2587511189138091
RE1,NE_TERCLIM_SPL,2030,0.2674205033600882
RE1,NE_TERCLIM_SPL,2031,0.2734415354576604
RE1,NE_TERCLIM_SPL,2032,0.2789451202850039
RE1,NE_TERCLIM_SPL,2033,0.2841127517728949
RE1,NE_TERCLIM_SPL,2034,0.288645752990303
RE1,NE_TERCLIM_SPL,2035,0.2925934508640083
RE1,NE_TERCLIM_SPL,2036,0.2960881501659735
RE1,NE_TERCLIM_SPL,2037,0.2993600406211372
RE1,NE_TERCLIM_SPL,2038,0.3026782595983458
RE1,NE_TERCLIM_SPL,2039,0.306313808636644
RE1,NE_TERCLIM_SPL,2040,0.3104999347415702
RE1,NE_TERCLIM_SPL,2041,0.3154082585193126
RE1,NE_TERCLIM_SPL,2042,0.3211448222586126
RE1,NE_TERCLIM_SPL,2043,0.3277552551970837
RE1,NE_TERCLIM_SPL,2044,0.3352406894491403
RE1,NE_TERCLIM_SPL,2045,0.3435731541703636
RE1,NE_TERCLIM_SPL,2046,0.3527088331902417
RE1,NE_TERCLIM_SPL,2047,0.3625980292428984
RE1,NE_TERCLIM_SPL,2048,0.3731918787859687
RE1,NE_TERCLIM_SPL,2049,0.3844463952579039
RE1,NE_TERCLIM_SPL,2050,0.3963245438052561
RE1,NE_TERCLIM_SPL,2051,0.4091350183969507
RE1,NE_TERCLIM_SPL,2052,0.4224539029646757
RE1,NE_TERCLIM_SPL,2053,0.4357854208164278
RE1,NE_TERCLIM_SPL,2054,0.4495905756978865
RE1,NE_TERDATA,2022,0.0
RE1,NE_TERDATA,2023,0.0
RE1,NE_TERDATA,2024,0.0
RE1,NE_TERDATA,2025,0.0
RE1,NE_TERDATA,2026,0.1721095473909159
RE1,NE_TERDATA,2027,0.2025654607174254
RE1,NE_TERDATA,2028,0.2448418790119678
RE1,NE_TERDATA,2029,0.2922914425612652
RE1,NE_TERDATA,2030,0.2929516273092478
RE1,NE_TERDATA,2031,0.29816336196249
RE1,NE_TERDATA,2032,0.2974558975843352
RE1,NE_TERDATA,2033,0.3109714248639353
RE1,NE_TERDATA,2034,0.3069073314562794
RE1,NE_TERDATA,2035,0.3139801399993586
RE1,NE_TERDATA,2036,0.3279631148362963
RE1,NE_TERDATA,2037,0.3358933014047756
RE1,NE_TERDATA,2038,0.330318807600293
RE1,NE_TERDATA,2039,0.365653536342204
RE1,NE_TERDATA,2040,0.3769401587130841
RE1,NE_TERDATA,2041,0.388226781083962
RE1,NE_TERDATA,2042,0.399513403454842
RE1,NE_TERDATA,2043,0.410800025825722
RE1,NE_TERDATA,2044,0.422086648196602
RE1,NE_TERDATA,2045,0.433373270567482
RE1,NE_TERDATA,2046,0.444659892938362
RE1,NE_TERDATA,2047,0.455946515309242
RE1,NE_TERDATA,2048,0.46723313768012
RE1,NE_TERDATA,2049,0.4785197600510001
RE1,NE_TERDATA,2050,0.4898063824218801
RE1,NE_TERDATA,2051,0.50109300479276
RE1,NE_TERDATA,2052,0.51237962716364
RE1,NE_TERDATA,2053,0.52366624953452
RE1,NE_TERDATA,2054,0.5349528719054
RE1,NE_TERDHT,2022,2.046086885996159
RE1,NE_TERDHT,2023,2.223689848718187
RE1,NE_TERDHT,2024,2.286798118838084
RE1,NE_TERDHT,2025,2.379693826510237
RE1,NE_TERDHT,2026,2.46276217458994
RE1,NE_TERDHT,2027,2.54431081768479
RE1,NE_TERDHT,2028,2.625169254902154
RE1,NE_TERDHT,2029,2.707893675496976
RE1,NE_TERDHT,2030,2.790180623116056
RE1,NE_TERDHT,2031,2.865238573483794
RE1,NE_TERDHT,2032,2.938651595732207
RE1,NE_TERDHT,2033,3.012835978906634
RE1,NE_TERDHT,2034,3.084881082944205
RE1,NE_TERDHT,2035,3.155128828436212
RE1,NE_TERDHT,2036,3.224353705519164
RE1,NE_TERDHT,2037,3.293948962455308
RE1,NE_TERDHT,2038,3.365502688752342
RE1,NE_TERDHT,2039,3.440616444218026
RE1,NE_TERDHT,2040,3.520679908192874
RE1,NE_TERDHT,2041,3.606732994764477
RE1,NE_TERDHT,2042,3.699452755095982
RE1,NE_TERDHT,2043,3.79916459114813
RE1,NE_TERDHT,2044,3.905942491188003
RE1,NE_TERDHT,2045,4.019696856301404
RE1,NE_TERDHT,2046,4.140250149098912
RE1,NE_TERDHT,2047,4.267393770937689
RE1,NE_TERDHT,2048,4.400926417991111
RE1,NE_TERDHT,2049,4.540677210319516
RE1,NE_TERDHT,2050,4.686517602208032
RE1,NE_TERDHT,2051,4.840273574433928
RE1,NE_TERDHT,2052,4.999615573783848
RE1,NE_TERDHT,2053,5.158537496686555
RE1,NE_TERDHT,2054,5.322812941919794
RE1,NE_TERIHT,2022,0.158087741803029
RE1,NE_TERIHT,2023,0.1589287010048945
RE1,NE_TERIHT,2024,0.1599822020932769
RE1,NE_TERIHT,2025,0.1609267376769629
RE1,NE_TERIHT,2026,0.1619263109399763
RE1,NE_TERIHT,2027,0.162997929420629
RE1,NE_TERIHT,2028,0.1641628900977217
RE1,NE_TERIHT,2029,0.165446961767445
RE1,NE_TERIHT,2030,0.1668796761107603
RE1,NE_TERIHT,2031,0.1721778695363131
RE1,NE_TERIHT,2032,0.1776291754432765
RE1,NE_TERIHT,2033,0.1834129715335678
RE1,NE_TERIHT,2034,0.1893692367049139
RE1,NE_TERIHT,2035,0.1955070642768953
RE1,NE_TERIHT,2036,0.2018304669041523
RE1,NE_TERIHT,2037,0.20835603769376
RE1,NE_TERIHT,2038,0.2150965478123848
RE1,NE_TERIHT,2039,0.2220652494590727
RE1,NE_TERIHT,2040,0.2292750584416232
RE1,NE_TERIHT,2041,0.2367376900148528
RE1,NE_TERIHT,2042,0.2444645918021785
RE1,NE_TERIHT,2043,0.252465043163192
RE1,NE_TERIHT,2044,0.2607475994249937
RE1,NE_TERIHT,2045,0.2693204472420488
RE1,NE_TERIHT,2046,0.2781917127483819
RE1,NE_TERIHT,2047,0.2873696962250729
RE1,NE_TERIHT,2048,0.2968630339693047
RE1,NE_TERIHT,2049,0.3066808002436174
RE1,NE_TERIHT,2050,0.3168325651429623
RE1,NE_TERIHT,2051,0.3273337586374865
RE1,NE_TERIHT,2052,0.3381857220582358
RE1,NE_TERIHT,2053,0.3490034466098798
RE1,NE_TERIHT,2054,0.3601683992275505
RE1,NE_TERILU,2022,0.2100916709618165
RE1,NE_TERILU,2023,0.2171612529687053
RE1,NE_TERILU,2024,0.2219286582862404
RE1,NE_TERILU,2025,0.2304990293538976
RE1,NE_TERILU,2026,0.2395890564873876
RE1,NE_TERILU,2027,0.2480951955522323
RE1,NE_TERILU,2028,0.2562625596177385
RE1,NE_TERILU,2029,0.2647918073518612
RE1,NE_TERILU,2030,0.2733772408779132
RE1,NE_TERILU,2031,0.2804203078401128
RE1,NE_TERILU,2032,0.2875470631014205
RE1,NE_TERILU,2033,0.295038258290817
RE1,NE_TERILU,2034,0.3026223514862442
RE1,NE_TERILU,2035,0.3102995199332651
RE1,NE_TERILU,2036,0.3183467491145978
RE1,NE_TERILU,2037,0.3265196806463374
RE1,NE_TERILU,2038,0.3348168782815113
RE1,NE_TERILU,2039,0.3432370471916856
RE1,NE_TERILU,2040,0.3517791191352165
RE1,NE_TERILU,2041,0.3607604061016763
RE1,NE_TERILU,2042,0.369901464266198
RE1,NE_TERILU,2043,0.3792025908514697
RE1,NE_TERILU,2044,0.3886639265105606
RE1,NE_TERILU,2045,0.398285442455006
RE1,NE_TERILU,2046,0.4084077621747127
RE1,NE_TERILU,2047,0.4187283626816055
RE1,NE_TERILU,2048,0.4292490121025118
RE1,NE_TERILU,2049,0.4399713766014475
RE1,NE_TERILU,2050,0.4508970117242011
RE1,NE_TERILU,2051,0.465848038810861
RE1,NE_TERILU,2052,0.4812957025986075
RE1,NE_TERILU,2053,0.4966971650817631
RE1,NE_TERILU,2054,0.5125914743643796
RE1,NE_TERMPW,2022,0.1839989535924821
RE1,NE_TERMPW,2023,0.1902776361037334
RE1,NE_TERMPW,2024,0.1968361380848722
RE1,NE_TERMPW,2025,0.2038381733857459
RE1,NE_TERMPW,2026,0.2119876438918641
RE1,NE_TERMPW,2027,0.2196678945931725
RE1,NE_TERMPW,2028,0.2271110327270044
RE1,NE_TERMPW,2029,0.2349585510940768
RE1,NE_TERMPW,2030,0.2429648117169713
RE1,NE_TERMPW,2031,0.2496092639338863
RE1,NE_TERMPW,2032,0.2561465365294258
RE1,NE_TERMPW,2033,0.2627919308919859
RE1,NE_TERMPW,2034,0.2692942096528761
RE1,NE_TERMPW,2035,0.2756816712408833
RE1,NE_TERMPW,2036,0.2820145120193916
RE1,NE_TERMPW,2037,0.2884050589544795
RE1,NE_TERMPW,2038,0.2949794853155343
RE1,NE_TERMPW,2039,0.3018651417656785
RE1,NE_TERMPW,2040,0.3091727928758882
RE1,NE_TERMPW,2041,0.3169856236444872
RE1,NE_TERMPW,2042,0.3253582297603859
RE1,NE_TERMPW,2043,0.3343174237401361
RE1,NE_TERMPW,2044,0.3438702141734952
RE1,NE_TERMPW,2045,0.3540107370719481
RE1,NE_TERMPW,2046,0.3647262267997035
RE1,NE_TERMPW,2047,0.3760015060438636
RE1,NE_TERMPW,2048,0.387822014393668
RE1,NE_TERMPW,2049,0.400175635367152
RE1,NE_TERMPW,2050,0.4130536381357546
RE1,NE_TERMPW,2051,0.4266013428506866
RE1,NE_TERMPW,2052,0.4406363619708489
RE1,NE_TERMPW,2053,0.4546526013705803
RE1,NE_TERMPW,2054,0.4691385159480009
RE1,NE_TEROTH,2022,0.9037195506439651
RE1,NE_TEROTH,2023,0.9344293901998592
RE1,NE_TEROTH,2024,0.9659609677218229
RE1,NE_TEROTH,2025,0.9999343691907445
RE1,NE_TEROTH,2026,1.039368171048267
RE1,NE_TEROTH,2027,1.07627174659231
RE1,NE_TEROTH,2028,1.111705523865735
RE1,NE_TEROTH,2029,1.148710428374184
RE1,NE_TEROTH,2030,1.185959125303692
RE1,NE_TEROTH,2031,1.224014918129634
RE1,NE_TEROTH,2032,1.263285176663191
RE1,NE_TEROTH,2033,1.305062162349276
RE1,NE_TEROTH,2034,1.348215819470303
RE1,NE_TEROTH,2035,1.392805143425788
RE1,NE_TEROTH,2036,1.438836947682709
RE1,NE_TEROTH,2037,1.486395868983458
RE1,NE_TEROTH,2038,1.535531244559988
RE1,NE_TEROTH,2039,1.586295680671556
RE1,NE_TEROTH,2040,1.638745621460849
RE1,NE_TEROTH,2041,1.692938901040853
RE1,NE_TEROTH,2042,1.748942194834001
RE1,NE_TEROTH,2043,1.80681629757828
RE1,NE_TEROTH,2044,1.866624064827672
RE1,NE_TEROTH,2045,1.928430472931167
RE1,NE_TEROTH,2046,1.992302686184937
RE1,NE_TEROTH,2047,2.058310129842827
RE1,NE_TEROTH,2048,2.126524566756968
RE1,NE_TEROTH,2049,2.197020176520704
RE1,NE_TEROTH,2050,2.269873636975099
RE1,NE_TEROTH,2051,2.345147366400531
RE1,NE_TEROTH,2052,2.422921718124303
RE1,NE_TEROTH,2053,2.500455213104281
RE1,NE_TEROTH,2054,2.580469779923618
RE1,NE_TERREF_AUC,2022,0.1429814768999978
RE1,NE_TERREF_AUC,2023,0.1478532178477072
RE1,NE_TERREF_AUC,2024,0.1529110742917328
RE1,NE_TERREF_AUC,2025,0.1583287029204484
RE1,NE_TERREF_AUC,2026,0.1646279840861893
RE1,NE_TERREF_AUC,2027,0.1705501853396733
RE1,NE_TERREF_AUC,2028,0.1762712768037974
RE1,NE_TERREF_AUC,2029,0.1822840387133622
RE1,NE_TERREF_AUC,2030,0.1883914713608309
RE1,NE_TERREF_AUC,2031,0.1926332048374194
RE1,NE_TERREF_AUC,2032,0.196510411525143
RE1,NE_TERREF_AUC,2033,0.2001509501389076
RE1,NE_TERREF_AUC,2034,0.2033444081347814
RE1,NE_TERREF_AUC,2035,0.2061255335247085
RE1,NE_TERREF_AUC,2036,0.2085875371764193
RE1,NE_TERREF_AUC,2037,0.2108925778894077
RE1,NE_TERREF_AUC,2038,0.2132302572281839
RE1,NE_TERREF_AUC,2039,0.2157914900054048
RE1,NE_TERREF_AUC,2040,0.2187405937273641
RE1,NE_TERREF_AUC,2041,0.2221984716542376
RE1,NE_TERREF_AUC,2042,0.2262398292239817
RE1,NE_TERREF_AUC,2043,0.2308968118084941
RE1,NE_TERREF_AUC,2044,0.2361702175001421
RE1,NE_TERREF_AUC,2045,0.2420403419412746
RE1,NE_TERREF_AUC,2046,0.2484763180302055
RE1,NE_TERREF_AUC,2047,0.255443135507924
RE1,NE_TERREF_AUC,2048,0.2629063714106134
RE1,NE_TERREF_AUC,2049,0.2708350384673371
RE1,NE_TERREF_AUC,2050,0.2792030467111101
RE1,NE_TERREF_AUC,2051,0.2882278653126036
RE1,NE_TERREF_AUC,2052,0.2976108538706118
RE1,NE_TERREF_AUC,2053,0.3070026582388698
RE1,NE_TERREF_AUC,2054,0.3167281310141336
RE1,NE_TERREF_CEN,2022,0.1913905451594649
RE1,NE_TERREF_CEN,2023,0.1979117056347475
RE1,NE_TERREF_CEN,2024,0.2046819945081615
RE1,NE_TERREF_CEN,2025,0.2119338632061372
RE1,NE_TERREF_CEN,2026,0.2203658844900348
RE1,NE_TERREF_CEN,2027,0.2282931583651054
RE1,NE_TERREF_CEN,2028,0.235951232949072
RE1,NE_TERREF_CEN,2029,0.2439997284936418
RE1,NE_TERREF_CEN,2030,0.2521749473350398
RE1,NE_TERREF_CEN,2031,0.2578527994604115
RE1,NE_TERREF_CEN,2032,0.2630427073963768
RE1,NE_TERREF_CEN,2033,0.2679158188305929
RE1,NE_TERREF_CEN,2034,0.2721904820948535
RE1,NE_TERREF_CEN,2035,0.2759132097941011
RE1,NE_TERREF_CEN,2036,0.2792087710884854
RE1,NE_TERREF_CEN,2037,0.2822942266890185
RE1,NE_TERREF_CEN,2038,0.2854233713359811
RE1,NE_TERREF_CEN,2039,0.2888517576426592
RE1,NE_TERREF_CEN,2040,0.2927993358976549
RE1,NE_TERREF_CEN,2041,0.297427943433875
RE1,NE_TERREF_CEN,2042,0.3028375786203869
RE1,NE_TERREF_CEN,2043,0.3090712702493476
RE1,NE_TERREF_CEN,2044,0.3161300866223062
RE1,NE_TERREF_CEN,2045,0.3239876521007216
RE1,NE_TERREF_CEN,2046,0.33260264894507
RE1,NE_TERREF_CEN,2047,0.3419282135146653
RE1,NE_TERREF_CEN,2048,0.3519182683038494
RE1,NE_TERREF_CEN,2049,0.3625313347182881
RE1,NE_TERREF_CEN,2050,0.3737324895419633
RE1,NE_TERREF_CEN,2051,0.3858128302235272
RE1,NE_TERREF_CEN,2052,0.398372606036993
RE1,NE_TERREF_CEN,2053,0.4109441824190801
RE1,NE_TERREF_CEN,2054,0.4239623969231388
RE1,NE_TRAAVI,2022,0.0
RE1,NE_TRAAVI,2023,0.0
RE1,NE_TRAAVI,2024,0.0
RE1,NE_TRAAVI,2025,0.0
RE1,NE_TRAAVI,2026,0.0
RE1,NE_TRAAVI,2027,0.0
RE1,NE_TRAAVI,2028,0.0
RE1,NE_TRAAVI,2029,0.0
RE1,NE_TRAAVI,2030,0.0
RE1,NE_TRAAVI,2031,0.0
RE1,NE_TRAAVI,2032,0.0
RE1,NE_TRAAVI,2033,0.0
RE1,NE_TRAAVI,2034,0.0
RE1,NE_TRAAVI,2035,0.0
RE1,NE_TRAAVI,2036,0.0
RE1,NE_TRAAVI,2037,0.0
RE1,NE_TRAAVI,2038,0.0
RE1,NE_TRAAVI,2039,0.0
RE1,NE_TRAAVI,2040,0.0
RE1,NE_TRAAVI,2041,0.0
RE1,NE_TRAAVI,2042,0.0
RE1,NE_TRAAVI,2043,0.0
RE1,NE_TRAAVI,2044,0.0
RE1,NE_TRAAVI,2045,0.0
RE1,NE_TRAAVI,2046,0.0
RE1,NE_TRAAVI,2047,0.0
RE1,NE_TRAAVI,2048,0.0
RE1,NE_TRAAVI,2049,0.0
RE1,NE_TRAAVI,2050,0.0
RE1,NE_TRAAVI,2051,0.0
RE1,NE_TRAAVI,2052,0.0
RE1,NE_TRAAVI,2053,0.0
RE1,NE_TRAAVI,2054,0.0
RE1,NE_TRABUS,2022,0.0
RE1,NE_TRABUS,2023,0.0
RE1,NE_TRABUS,2024,0.0
RE1,NE_TRABUS,2025,0.0
RE1,NE_TRABUS,2026,0.0
RE1,NE_TRABUS,2027,0.0
RE1,NE_TRABUS,2028,0.0
RE1,NE_TRABUS,2029,0.0
RE1,NE_TRABUS,2030,0.0
RE1,NE_TRABUS,2031,0.0
RE1,NE_TRABUS,2032,0.0
RE1,NE_TRABUS,2033,0.0
RE1,NE_TRABUS,2034,0.0
RE1,NE_TRABUS,2035,0.0
RE1,NE_TRABUS,2036,0.0
RE1,NE_TRABUS,2037,0.0
RE1,NE_TRABUS,2038,0.0
RE1,NE_TRABUS,2039,0.0
RE1,NE_TRABUS,2040,0.0
RE1,NE_TRABUS,2041,0.0
RE1,NE_TRABUS,2042,0.0
RE1,NE_TRABUS,2043,0.0
RE1,NE_TRABUS,2044,0.0
RE1,NE_TRABUS,2045,0.0
RE1,NE_TRABUS,2046,0.0
RE1,NE_TRABUS,2047,0.0
RE1,NE_TRABUS,2048,0.0
RE1,NE_TRABUS,2049,0.0
RE1,NE_TRABUS,2050,0.0
RE1,NE_TRABUS,2051,0.0
RE1,NE_TRABUS,2052,0.0
RE1,NE_TRABUS,2053,0.0
RE1,NE_TRABUS,2054,0.0
RE1,NE_TRAFWD,2022,0.0
RE1,NE_TRAFWD,2023,0.0
RE1,NE_TRAFWD,2024,0.0
RE1,NE_TRAFWD,2025,0.0
RE1,NE_TRAFWD,2026,0.0
RE1,NE_TRAFWD,2027,0.0
RE1,NE_TRAFWD,2028,0.0
RE1,NE_TRAFWD,2029,0.0
RE1,NE_TRAFWD,2030,0.0
RE1,NE_TRAFWD,2031,0.0
RE1,NE_TRAFWD,2032,0.0
RE1,NE_TRAFWD,2033,0.0
RE1,NE_TRAFWD,2034,0.0
RE1,NE_TRAFWD,2035,0.0
RE1,NE_TRAFWD,2036,0.0
RE1,NE_TRAFWD,2037,0.0
RE1,NE_TRAFWD,2038,0.0
RE1,NE_TRAFWD,2039,0.0
RE1,NE_TRAFWD,2040,0.0
RE1,NE_TRAFWD,2041,0.0
RE1,NE_TRAFWD,2042,0.0
RE1,NE_TRAFWD,2043,0.0
RE1,NE_TRAFWD,2044,0.0
RE1,NE_TRAFWD,2045,0.0
RE1,NE_TRAFWD,2046,0.0
RE1,NE_TRAFWD,2047,0.0
RE1,NE_TRAFWD,2048,0.0
RE1,NE_TRAFWD,2049,0.0
RE1,NE_TRAFWD,2050,0.0
RE1,NE_TRAFWD,2051,0.0
RE1,NE_TRAFWD,2052,0.0
RE1,NE_TRAFWD,2053,0.0
RE1,NE_TRAFWD,2054,0.0
RE1,NE_TRALDV,2022,0.0
RE1,NE_TRALDV,2023,0.0
RE1,NE_TRALDV,2024,0.0
RE1,NE_TRALDV,2025,0.0
RE1,NE_TRALDV,2026,0.0
RE1,NE_TRALDV,2027,0.0
RE1,NE_TRALDV,2028,0.0
RE1,NE_TRALDV,2029,0.0
RE1,NE_TRALDV,2030,0.0
RE1,NE_TRALDV,2031,0.0
RE1,NE_TRALDV,2032,0.0
RE1,NE_TRALDV,2033,0.0
RE1,NE_TRALDV,2034,0.0
RE1,NE_TRALDV,2035,0.0
RE1,NE_TRALDV,2036,0.0
RE1,NE_TRALDV,2037,0.0
RE1,NE_TRALDV,2038,0.0
RE1,NE_TRALDV,2039,0.0
RE1,NE_TRALDV,2040,0.0
RE1,NE_TRALDV,2041,0.0
RE1,NE_TRALDV,2042,0.0
RE1,NE_TRALDV,2043,0.0
RE1,NE_TRALDV,2044,0.0
RE1,NE_TRALDV,2045,0.0
RE1,NE_TRALDV,2046,0.0
RE1,NE_TRALDV,2047,0.0
RE1,NE_TRALDV,2048,0.0
RE1,NE_TRALDV,2049,0.0
RE1,NE_TRALDV,2050,0.0
RE1,NE_TRALDV,2051,0.0
RE1,NE_TRALDV,2052,0.0
RE1,NE_TRALDV,2053,0.0
RE1,NE_TRALDV,2054,0.0
RE1,NE_TRAMAS,2022,0.0
RE1,NE_TRAMAS,2023,0.0
RE1,NE_TRAMAS,2024,0.0
RE1,NE_TRAMAS,2025,0.0
RE1,NE_TRAMAS,2026,0.0
RE1,NE_TRAMAS,2027,0.0
RE1,NE_TRAMAS,2028,0.0
RE1,NE_TRAMAS,2029,0.0
RE1,NE_TRAMAS,2030,0.0
RE1,NE_TRAMAS,2031,0.0
RE1,NE_TRAMAS,2032,0.0
RE1,NE_TRAMAS,2033,0.0
RE1,NE_TRAMAS,2034,0.0
RE1,NE_TRAMAS,2035,0.0
RE1,NE_TRAMAS,2036,0.0
RE1,NE_TRAMAS,2037,0.0
RE1,NE_TRAMAS,2038,0.0
RE1,NE_TRAMAS,2039,0.0
RE1,NE_TRAMAS,2040,0.0
RE1,NE_TRAMAS,2041,0.0
RE1,NE_TRAMAS,2042,0.0
RE1,NE_TRAMAS,2043,0.0
RE1,NE_TRAMAS,2044,0.0
RE1,NE_TRAMAS,2045,0.0
RE1,NE_TRAMAS,2046,0.0
RE1,NE_TRAMAS,2047,0.0
RE1,NE_TRAMAS,2048,0.0
RE1,NE_TRAMAS,2049,0.0
RE1,NE_TRAMAS,2050,0.0
RE1,NE_TRAMAS,2051,0.0
RE1,NE_TRAMAS,2052,0.0
RE1,NE_TRAMAS,2053,0.0
RE1,NE_TRAMAS,2054,0.0
RE1,NE_TRAMIC,2022,0.0
RE1,NE_TRAMIC,2023,0.0
RE1,NE_TRAMIC,2024,0.0
RE1,NE_TRAMIC,2025,0.0
RE1,NE_TRAMIC,2026,0.0
RE1,NE_TRAMIC,2027,0.0
RE1,NE_TRAMIC,2028,0.0
RE1,NE_TRAMIC,2029,0.0
RE1,NE_TRAMIC,2030,0.0
RE1,NE_TRAMIC,2031,0.0
RE1,NE_TRAMIC,2032,0.0
RE1,NE_TRAMIC,2033,0.0
RE1,NE_TRAMIC,2034,0.0
RE1,NE_TRAMIC,2035,0.0
RE1,NE_TRAMIC,2036,0.0
RE1,NE_TRAMIC,2037,0.0
RE1,NE_TRAMIC,2038,0.0
RE1,NE_TRAMIC,2039,0.0
RE1,NE_TRAMIC,2040,0.0
RE1,NE_TRAMIC,2041,0.0
RE1,NE_TRAMIC,2042,0.0
RE1,NE_TRAMIC,2043,0.0
RE1,NE_TRAMIC,2044,0.0
RE1,NE_TRAMIC,2045,0.0
RE1,NE_TRAMIC,2046,0.0
RE1,NE_TRAMIC,2047,0.0
RE1,NE_TRAMIC,2048,0.0
RE1,NE_TRAMIC,2049,0.0
RE1,NE_TRAMIC,2050,0.0
RE1,NE_TRAMIC,2051,0.0
RE1,NE_TRAMIC,2052,0.0
RE1,NE_TRAMIC,2053,0.0
RE1,NE_TRAMIC,2054,0.0
RE1,NE_TRAMTC,2022,0.0
RE1,NE_TRAMTC,2023,0.0
RE1,NE_TRAMTC,2024,0.0
RE1,NE_TRAMTC,2025,0.0
RE1,NE_TRAMTC,2026,0.0
RE1,NE_TRAMTC,2027,0.0
RE1,NE_TRAMTC,2028,0.0
RE1,NE_TRAMTC,2029,0.0
RE1,NE_TRAMTC,2030,0.0
RE1,NE_TRAMTC,2031,0.0
RE1,NE_TRAMTC,2032,0.0
RE1,NE_TRAMTC,2033,0.0
RE1,NE_TRAMTC,2034,0.0
RE1,NE_TRAMTC,2035,0.0
RE1,NE_TRAMTC,2036,0.0
RE1,NE_TRAMTC,2037,0.0
RE1,NE_TRAMTC,2038,0.0
RE1,NE_TRAMTC,2039,0.0
RE1,NE_TRAMTC,2040,0.0
RE1,NE_TRAMTC,2041,0.0
RE1,NE_TRAMTC,2042,0.0
RE1,NE_TRAMTC,2043,0.0
RE1,NE_TRAMTC,2044,0.0
RE1,NE_TRAMTC,2045,0.0
RE1,NE_TRAMTC,2046,0.0
RE1,NE_TRAMTC,2047,0.0
RE1,NE_TRAMTC,2048,0.0
RE1,NE_TRAMTC,2049,0.0
RE1,NE_TRAMTC,2050,0.0
RE1,NE_TRAMTC,2051,0.0
RE1,NE_TRAMTC,2052,0.0
RE1,NE_TRAMTC,2053,0.0
RE1,NE_TRAMTC,2054,0.0
RE1,NE_TRARVT,2022,0.0
RE1,NE_TRARVT,2023,0.0
RE1,NE_TRARVT,2024,0.0
RE1,NE_TRARVT,2025,0.0
RE1,NE_TRARVT,2026,0.0
RE1,NE_TRARVT,2027,0.0
RE1,NE_TRARVT,2028,0.0
RE1,NE_TRARVT,2029,0.0
RE1,NE_TRARVT,2030,0.0
RE1,NE_TRARVT,2031,0.0
RE1,NE_TRARVT,2032,0.0
RE1,NE_TRARVT,2033,0.0
RE1,NE_TRARVT,2034,0.0
RE1,NE_TRARVT,2035,0.0
RE1,NE_TRARVT,2036,0.0
RE1,NE_TRARVT,2037,0.0
RE1,NE_TRARVT,2038,0.0
RE1,NE_TRARVT,2039,0.0
RE1,NE_TRARVT,2040,0.0
RE1,NE_TRARVT,2041,0.0
RE1,NE_TRARVT,2042,0.0
RE1,NE_TRARVT,2043,0.0
RE1,NE_TRARVT,2044,0.0
RE1,NE_TRARVT,2045,0.0
RE1,NE_TRARVT,2046,0.0
RE1,NE_TRARVT,2047,0.0
RE1,NE_TRARVT,2048,0.0
RE1,NE_TRARVT,2049,0.0
RE1,NE_TRARVT,2050,0.0
RE1,NE_TRARVT,2051,0.0
RE1,NE_TRARVT,2052,0.0
RE1,NE_TRARVT,2053,0.0
RE1,NE_TRARVT,2054,0.0
RE1,NE_TRASTT,2022,0.0
RE1,NE_TRASTT,2023,0.0
RE1,NE_TRASTT,2024,0.0
RE1,NE_TRASTT,2025,0.0
RE1,NE_TRASTT,2026,0.0
RE1,NE_TRASTT,2027,0.0
RE1,NE_TRASTT,2028,0.0
RE1,NE_TRASTT,2029,0.0
RE1,NE_TRASTT,2030,0.0
RE1,NE_TRASTT,2031,0.0
RE1,NE_TRASTT,2032,0.0
RE1,NE_TRASTT,2033,0.0
RE1,NE_TRASTT,2034,0.0
RE1,NE_TRASTT,2035,0.0
RE1,NE_TRASTT,2036,0.0
RE1,NE_TRASTT,2037,0.0
RE1,NE_TRASTT,2038,0.0
RE1,NE_TRASTT,2039,0.0
RE1,NE_TRASTT,2040,0.0
RE1,NE_TRASTT,2041,0.0
RE1,NE_TRASTT,2042,0.0
RE1,NE_TRASTT,2043,0.0
RE1,NE_TRASTT,2044,0.0
RE1,NE_TRASTT,2045,0.0
RE1,NE_TRASTT,2046,0.0
RE1,NE_TRASTT,2047,0.0
RE1,NE_TRASTT,2048,0.0
RE1,NE_TRASTT,2049,0.0
RE1,NE_TRASTT,2050,0.0
RE1,NE_TRASTT,2051,0.0
RE1,NE_TRASTT,2052,0.0
RE1,NE_TRASTT,2053,0.0
RE1,NE_TRASTT,2054,0.0
RE1,NE_TRATAX,2022,0.0
RE1,NE_TRATAX,2023,0.0
RE1,NE_TRATAX,2024,0.0
RE1,NE_TRATAX,2025,0.0
RE1,NE_TRATAX,2026,0.0
RE1,NE_TRATAX,2027,0.0
RE1,NE_TRATAX,2028,0.0
RE1,NE_TRATAX,2029,0.0
RE1,NE_TRATAX,2030,0.0
RE1,NE_TRATAX,2031,0.0
RE1,NE_TRATAX,2032,0.0
RE1,NE_TRATAX,2033,0.0
RE1,NE_TRATAX,2034,0.0
RE1,NE_TRATAX,2035,0.0
RE1,NE_TRATAX,2036,0.0
RE1,NE_TRATAX,2037,0.0
RE1,NE_TRATAX,2038,0.0
RE1,NE_TRATAX,2039,0.0
RE1,NE_TRATAX,2040,0.0
RE1,NE_TRATAX,2041,0.0
RE1,NE_TRATAX,2042,0.0
RE1,NE_TRATAX,2043,0.0
RE1,NE_TRATAX,2044,0.0
RE1,NE_TRATAX,2045,0.0
RE1,NE_TRATAX,2046,0.0
RE1,NE_TRATAX,2047,0.0
RE1,NE_TRATAX,2048,0.0
RE1,NE_TRATAX,2049,0.0
RE1,NE_TRATAX,2050,0.0
RE1,NE_TRATAX,2051,0.0
RE1,NE_TRATAX,2052,0.0
RE1,NE_TRATAX,2053,0.0
RE1,NE_TRATAX,2054,0.0
RE1,NE_TRATCK,2022,0.0
RE1,NE_TRATCK,2023,0.0
RE1,NE_TRATCK,2024,0.0
RE1,NE_TRATCK,2025,0.0
RE1,NE_TRATCK,2026,0.0
RE1,NE_TRATCK,2027,0.0
RE1,NE_TRATCK,2028,0.0
RE1,NE_TRATCK,2029,0.0
RE1,NE_TRATCK,2030,0.0
RE1,NE_TRATCK,2031,0.0
RE1,NE_TRATCK,2032,0.0
RE1,NE_TRATCK,2033,0.0
RE1,NE_TRATCK,2034,0.0
RE1,NE_TRATCK,2035,0.0
RE1,NE_TRATCK,2036,0.0
RE1,NE_TRATCK,2037,0.0
RE1,NE_TRATCK,2038,0.0
RE1,NE_TRATCK,2039,0.0
RE1,NE_TRATCK,2040,0.0
RE1,NE_TRATCK,2041,0.0
RE1,NE_TRATCK,2042,0.0
RE1,NE_TRATCK,2043,0.0
RE1,NE_TRATCK,2044,0.0
RE1,NE_TRATCK,2045,0.0
RE1,NE_TRATCK,2046,0.0
RE1,NE_TRATCK,2047,0.0
RE1,NE_TRATCK,2048,0.0
RE1,NE_TRATCK,2049,0.0
RE1,NE_TRATCK,2050,0.0
RE1,NE_TRATCK,2051,0.0
RE1,NE_TRATCK,2052,0.0
RE1,NE_TRATCK,2053,0.0
RE1,NE_TRATCK,2054,0.0
RE1,OR_AGFELC,2022,0.5852292865868948
RE1,OR_AGFELC,2023,0.6154066384962619
RE1,OR_AGFELC,2024,0.6254481304131031
RE1,OR_AGFELC,2025,0.6485940221055019
RE1,OR_AGFELC,2026,0.6663893048824424
RE1,OR_AGFELC,2027,0.6855069685019045
RE1,OR_AGFELC,2028,0.7054325435159552
RE1,OR_AGFELC,2029,0.7260060800526786
RE1,OR_AGFELC,2030,0.7470872077397606
RE1,OR_AGFELC,2031,0.7686808165947359
RE1,OR_AGFELC,2032,0.7909737224079545
RE1,OR_AGFELC,2033,0.8140002010776498
RE1,OR_AGFELC,2034,0.837694885705505
RE1,OR_AGFELC,2035,0.8633906708512643
RE1,OR_AGFELC,2036,0.8898584255112127
RE1,OR_AGFELC,2037,0.9181939483757083
RE1,OR_AGFELC,2038,0.9473871530702417
RE1,OR_AGFELC,2039,0.9774647703001463
RE1,OR_AGFELC,2040,1.008453541511013
RE1,OR_AGFELC,2041,1.040381360501859
RE1,OR_AGFELC,2042,1.076517077911063
RE1,OR_AGFELC,2043,1.113768985370202
RE1,OR_AGFELC,2044,1.152170798526422
RE1,OR_AGFELC,2045,1.19175729770439
RE1,OR_AGFELC,2046,1.232564362846726
RE1,OR_AGFELC,2047,1.274629773994629
RE1,OR_AGFELC,2048,1.320210618235806
RE1,OR_AGFELC,2049,1.370564565344069
RE1,OR_AGFELC,2050,1.422530823611772
RE1,OR_AGFELC,2051,1.476157492816543
RE1,OR_AGFELC,2052,1.531493932805713
RE1,OR_AGFELC,2053,1.588590034830831
RE1,OR_AGFELC,2054,1.647969110872342
RE1,OR_AGFHEA,2022,0.0
RE1,OR_AGFHEA,2023,0.0
RE1,OR_AGFHEA,2024,0.0
RE1,OR_AGFHEA,2025,0.0
RE1,OR_AGFHEA,2026,0.0
RE1,OR_AGFHEA,2027,0.0
RE1,OR_AGFHEA,2028,0.0
RE1,OR_AGFHEA,2029,0.0
RE1,OR_AGFHEA,2030,0.0
RE1,OR_AGFHEA,2031,0.0
RE1,OR_AGFHEA,2032,0.0
RE1,OR_AGFHEA,2033,0.0
RE1,OR_AGFHEA,2034,0.0
RE1,OR_AGFHEA,2035,0.0
RE1,OR_AGFHEA,2036,0.0
RE1,OR_AGFHEA,2037,0.0
RE1,OR_AGFHEA,2038,0.0
RE1,OR_AGFHEA,2039,0.0
RE1,OR_AGFHEA,2040,0.0
RE1,OR_AGFHEA,2041,0.0
RE1,OR_AGFHEA,2042,0.0
RE1,OR_AGFHEA,2043,0.0
RE1,OR_AGFHEA,2044,0.0
RE1,OR_AGFHEA,2045,0.0
RE1,OR_AGFHEA,2046,0.0
RE1,OR_AGFHEA,2047,0.0
RE1,OR_AGFHEA,2048,0.0
RE1,OR_AGFHEA,2049,0.0
RE1,OR_AGFHEA,2050,0.0
RE1,OR_AGFHEA,2051,0.0
RE1,OR_AGFHEA,2052,0.0
RE1,OR_AGFHEA,2053,0.0
RE1,OR_AGFHEA,2054,0.0
RE1,OR_INDCLIM,2022,0.1294725655736623
RE1,OR_INDCLIM,2023,0.1219654570185138
RE1,OR_INDCLIM,2024,0.1183909097054474
RE1,OR_INDCLIM,2025,0.1203210600580553
RE1,OR_INDCLIM,2026,0.1223318269232559
RE1,OR_INDCLIM,2027,0.1238473156396296
RE1,OR_INDCLIM,2028,0.1262386915254455
RE1,OR_INDCLIM,2029,0.1289641768871591
RE1,OR_INDCLIM,2030,0.1307364447341374
RE1,OR_INDCLIM,2031,0.1326335399622933
RE1,OR_INDCLIM,2032,0.1344641501292422
RE1,OR_INDCLIM,2033,0.1359840196596855
RE1,OR_INDCLIM,2034,0.1398363148595568
RE1,OR_INDCLIM,2035,0.1448253693074852
RE1,OR_INDCLIM,2036,0.1500593975654034
RE1,OR_INDCLIM,2037,0.1555982468963819
RE1,OR_INDCLIM,2038,0.1613827297638588
RE1,OR_INDCLIM,2039,0.1673931223094529
RE1,OR_INDCLIM,2040,0.173626891102263
RE1,OR_INDCLIM,2041,0.180099628214975
RE1,OR_INDCLIM,2042,0.1869517238545662
RE1,OR_INDCLIM,2043,0.1940573632790439
RE1,OR_INDCLIM,2044,0.201474713597535
RE1,OR_INDCLIM,2045,0.2091993114628087
RE1,OR_INDCLIM,2046,0.217249935509514
RE1,OR_INDCLIM,2047,0.2256757442547868
RE1,OR_INDCLIM,2048,0.2344345755043224
RE1,OR_INDCLIM,2049,0.2435397864228188
RE1,OR_INDCLIM,2050,0.2529896094493807
RE1,OR_INDCLIM,2051,0.262815712252374
RE1,OR_INDCLIM,2052,0.2730355263715871
RE1,OR_INDCLIM,2053,0.2836646311680954
RE1,OR_INDCLIM,2054,0.2946746681686503
RE1,OR_INDDHT,2022,8.734969780816845
RE1,OR_INDDHT,2023,9.045837561607428
RE1,OR_INDDHT,2024,8.772078731031936
RE1,OR_INDDHT,2025,8.114066177402776
RE1,OR_INDDHT,2026,8.255085783431612
RE1,OR_INDDHT,2027,8.361751008110694
RE1,OR_INDDHT,2028,8.523233748093839
RE1,OR_INDDHT,2029,8.702032860084115
RE1,OR_INDDHT,2030,8.821008756823108
RE1,OR_INDDHT,2031,8.969731695641247
RE1,OR_INDDHT,2032,9.099369467911194
RE1,OR_INDDHT,2033,9.211350420158308
RE1,OR_INDDHT,2034,9.476419458698375
RE1,OR_INDDHT,2035,9.811875193323836
RE1,OR_INDDHT,2036,10.16411619157808
RE1,OR_INDDHT,2037,10.53547686353959
RE1,OR_INDDHT,2038,10.92263813076362
RE1,OR_INDDHT,2039,11.32483623610205
RE1,OR_INDDHT,2040,11.74239428139726
RE1,OR_INDDHT,2041,12.17628604039691
RE1,OR_INDDHT,2042,12.63404233473567
RE1,OR_INDDHT,2043,13.10835841686264
RE1,OR_INDDHT,2044,13.60219699656814
RE1,OR_INDDHT,2045,14.11635061046453
RE1,OR_INDDHT,2046,14.65154596829023
RE1,OR_INDDHT,2047,15.21099178521587
RE1,OR_INDDHT,2048,15.79208479827462
RE1,OR_INDDHT,2049,16.39578203606046
RE1,OR_INDDHT,2050,17.02163887386353
RE1,OR_INDDHT,2051,17.67153411288178
RE1,OR_INDDHT,2052,18.34646237711137
RE1,OR_INDDHT,2053,19.07642092391725
RE1,OR_INDDHT,2054,19.83264646140593
RE1,OR_INDIHT,2022,16.09202972825355
RE1,OR_INDIHT,2023,16.57531632241362
RE1,OR_INDIHT,2024,16.21199616327465
RE1,OR_INDIHT,2025,15.13655261415818
RE1,OR_INDIHT,2026,15.41192279689597
RE1,OR_INDIHT,2027,15.6241696159911
RE1,OR_INDIHT,2028,15.93751370615285
RE1,OR_INDIHT,2029,16.28202863717756
RE1,OR_INDIHT,2030,16.51801016394075
RE1,OR_INDIHT,2031,16.82586359426749
RE1,OR_INDIHT,2032,17.08279835330816
RE1,OR_INDIHT,2033,17.30555045458155
RE1,OR_INDIHT,2034,17.81560787932888
RE1,OR_INDIHT,2035,18.45916653092887
RE1,OR_INDIHT,2036,19.13553064412954
RE1,OR_INDIHT,2037,19.84841534595477
RE1,OR_INDIHT,2038,20.5919436503064
RE1,OR_INDIHT,2039,21.36499837579704
RE1,OR_INDIHT,2040,22.16837929558482
RE1,OR_INDIHT,2041,23.00398013403498
RE1,OR_INDIHT,2042,23.88447877268587
RE1,OR_INDIHT,2043,24.79772261805025
RE1,OR_INDIHT,2044,25.74942326011784
RE1,OR_INDIHT,2045,26.74160432058057
RE1,OR_INDIHT,2046,27.77506838315926
RE1,OR_INDIHT,2047,28.85587359783768
RE1,OR_INDIHT,2048,29.97944042149238
RE1,OR_INDIHT,2049,31.14779467986419
RE1,OR_INDIHT,2050,32.35989119253463
RE1,OR_INDIHT,2051,33.61940709007284
RE1,OR_INDIHT,2052,34.92823677043244
RE1,OR_INDIHT,2053,36.31982998697902
RE1,OR_INDIHT,2054,37.76158211384369
RE1,OR_INDILU,2022,0.2959381717740366
RE1,OR_INDILU,2023,0.2856908720950868
RE1,OR_INDILU,2024,0.2771934385465531
RE1,OR_INDILU,2025,0.2813117694891084
RE1,OR_INDILU,2026,0.2861532683414393
RE1,OR_INDILU,2027,0.2898167526753901
RE1,OR_INDILU,2028,0.2954660657684633
RE1,OR_INDILU,2029,0.3018500021771698
RE1,OR_INDILU,2030,0.3060491989426826
RE1,OR_INDILU,2031,0.3106154501085087
RE1,OR_INDILU,2032,0.3150054645992476
RE1,OR_INDILU,2033,0.3187551048456874
RE1,OR_INDILU,2034,0.3278953781379922
RE1,OR_INDILU,2035,0.339634716272794
RE1,OR_INDILU,2036,0.3519683267741184
RE1,OR_INDILU,2037,0.3650048767198349
RE1,OR_INDILU,2038,0.3786135016446802
RE1,OR_INDILU,2039,0.3927567829901819
RE1,OR_INDILU,2040,0.4074342829286183
RE1,OR_INDILU,2041,0.4226819272902323
RE1,OR_INDILU,2042,0.4388244402489695
RE1,OR_INDILU,2043,0.4555684618495824
RE1,OR_INDILU,2044,0.4730351455194233
RE1,OR_INDILU,2045,0.4912277516033109
RE1,OR_INDILU,2046,0.510189639212545
RE1,OR_INDILU,2047,0.5300344007982061
RE1,OR_INDILU,2048,0.550664517968249
RE1,OR_INDILU,2049,0.572112111558882
RE1,OR_INDILU,2050,0.5943742924611672
RE1,OR_INDILU,2051,0.6175246658234136
RE1,OR_INDILU,2052,0.6416034394635756
RE1,OR_INDILU,2053,0.6666494337869403
RE1,OR_INDILU,2054,0.6925905879715273
RE1,OR_INDMPW,2022,7.990608937860977
RE1,OR_INDMPW,2023,7.688303278487008
RE1,OR_INDMPW,2024,7.486357989341748
RE1,OR_INDMPW,2025,7.586762051001386
RE1,OR_INDMPW,2026,7.722702894376271
RE1,OR_INDMPW,2027,7.826578794759969
RE1,OR_INDMPW,2028,7.983435022564655
RE1,OR_INDMPW,2029,8.159408697512555
RE1,OR_INDMPW,2030,8.27705969907046
RE1,OR_INDMPW,2031,8.408020178263602
RE1,OR_INDMPW,2032,8.532003957768419
RE1,OR_INDMPW,2033,8.639316870996886
RE1,OR_INDMPW,2034,8.892477994918503
RE1,OR_INDMPW,2035,9.21532667335457
RE1,OR_INDMPW,2036,9.55418189604751
RE1,OR_INDMPW,2037,9.912146224915737
RE1,OR_INDMPW,2038,10.28581302617668
RE1,OR_INDMPW,2039,10.67427463200316
RE1,OR_INDMPW,2040,11.07762044850317
RE1,OR_INDMPW,2041,11.49684209194069
RE1,OR_INDMPW,2042,11.94044735262033
RE1,OR_INDMPW,2043,12.40070485467932
RE1,OR_INDMPW,2044,12.88077806958668
RE1,OR_INDMPW,2045,13.38087892972405
RE1,OR_INDMPW,2046,13.9021377104806
RE1,OR_INDMPW,2047,14.44769947028263
RE1,OR_INDMPW,2048,15.01495973688353
RE1,OR_INDMPW,2049,15.60481749834525
RE1,OR_INDMPW,2050,16.21718875789042
RE1,OR_INDMPW,2051,16.85407236920792
RE1,OR_INDMPW,2052,17.51655497134694
RE1,OR_INDMPW,2053,18.20576397675188
RE1,OR_INDMPW,2054,18.91968545764454
RE1,OR_INDOTH_ELC,2022,0.07164538504398539
RE1,OR_INDOTH_ELC,2023,0.06656801296666792
RE1,OR_INDOTH_ELC,2024,0.0647595128347651
RE1,OR_INDOTH_ELC,2025,0.06557818782206223
RE1,OR_INDOTH_ELC,2026,0.06667551388578913
RE1,OR_INDOTH_ELC,2027,0.06751030226480449
RE1,OR_INDOTH_ELC,2028,0.06882817203638307
RE1,OR_INDOTH_ELC,2029,0.07033129016712834
RE1,OR_INDOTH_ELC,2030,0.07131428377739668
RE1,OR_INDOTH_ELC,2031,0.07236291440672525
RE1,OR_INDOTH_ELC,2032,0.0733783041688304
RE1,OR_INDOTH_ELC,2033,0.07421520880872766
RE1,OR_INDOTH_ELC,2034,0.07633464753178185
RE1,OR_INDOTH_ELC,2035,0.07907648905213925
RE1,OR_INDOTH_ELC,2036,0.08194465470143855
RE1,OR_INDOTH_ELC,2037,0.0849812997387099
RE1,OR_INDOTH_ELC,2038,0.08815352477527841
RE1,OR_INDOTH_ELC,2039,0.0914498837706136
RE1,OR_INDOTH_ELC,2040,0.09486869152760868
RE1,OR_INDOTH_ELC,2041,0.09841852665540847
RE1,OR_INDOTH_ELC,2042,0.1021762819976356
RE1,OR_INDOTH_ELC,2043,0.1060728959494046
RE1,OR_INDOTH_ELC,2044,0.1101415136779328
RE1,OR_INDOTH_ELC,2045,0.1143781889219364
RE1,OR_INDOTH_ELC,2046,0.1187930282031207
RE1,OR_INDOTH_ELC,2047,0.1234139429621628
RE1,OR_INDOTH_ELC,2048,0.1282178026038233
RE1,OR_INDOTH_ELC,2049,0.1332118132921421
RE1,OR_INDOTH_ELC,2050,0.1383950137877587
RE1,OR_INDOTH_ELC,2051,0.1437847659875754
RE1,OR_INDOTH_ELC,2052,0.1493906607173255
RE1,OR_INDOTH_ELC,2053,0.1552209111084818
RE1,OR_INDOTH_ELC,2054,0.1612607010861341
RE1,OR_INDREF,2022,0.3947481029402161
RE1,OR_INDREF,2023,0.3759145369140843
RE1,OR_INDREF,2024,0.3677780758163145
RE1,OR_INDREF,2025,0.3729309546893851
RE1,OR_INDREF,2026,0.3797672954930534
RE1,OR_INDREF,2027,0.3849653514734971
RE1,OR_INDREF,2028,0.39275365831699
RE1,OR_INDREF,2029,0.4014487040972374
RE1,OR_INDREF,2030,0.4072564642117958
RE1,OR_INDREF,2031,0.4135826788180118
RE1,OR_INDREF,2032,0.4198565220267116
RE1,OR_INDREF,2033,0.4254517523382517
RE1,OR_INDREF,2034,0.4382455965561761
RE1,OR_INDREF,2035,0.4543436408153737
RE1,OR_INDREF,2036,0.4711684158833003
RE1,OR_INDREF,2037,0.4889392195601299
RE1,OR_INDREF,2038,0.5074948733784157
RE1,OR_INDREF,2039,0.5267934363070345
RE1,OR_INDREF,2040,0.5468468328678509
RE1,OR_INDREF,2041,0.5677074577635196
RE1,OR_INDREF,2042,0.5898085201315045
RE1,OR_INDREF,2043,0.6127424139000106
RE1,OR_INDREF,2044,0.6366463638985332
RE1,OR_INDREF,2045,0.6615248946672442
RE1,OR_INDREF,2046,0.6874534058440446
RE1,OR_INDREF,2047,0.7145971439348889
RE1,OR_INDREF,2048,0.7428225324763401
RE1,OR_INDREF,2049,0.7721708972953271
RE1,OR_INDREF,2050,0.8026479664040396
RE1,OR_INDREF,2051,0.8343519923037953
RE1,OR_INDREF,2052,0.8673355942296054
RE1,OR_INDREF,2053,0.9016504155959516
RE1,OR_INDREF,2054,0.9371934266033576
RE1,OR_RESCLIM_RUR,2022,0.0143921929000939
RE1,OR_RESCLIM_RUR,2023,0.01315460738876977
RE1,OR_RESCLIM_RUR,2024,0.01522659466248085
RE1,OR_RESCLIM_RUR,2025,0.01541509636103145
RE1,OR_RESCLIM_RUR,2026,0.01620210811391339
RE1,OR_RESCLIM_RUR,2027,0.01701089365477974
RE1,OR_RESCLIM_RUR,2028,0.01784128461158267
RE1,OR_RESCLIM_RUR,2029,0.0186904401271551
RE1,OR_RESCLIM_RUR,2030,0.01955585334932096
RE1,OR_RESCLIM_RUR,2031,0.02043566877287514
RE1,OR_RESCLIM_RUR,2032,0.02132822304223483
RE1,OR_RESCLIM_RUR,2033,0.02223233476808249
RE1,OR_RESCLIM_RUR,2034,0.0231503466353644
RE1,OR_RESCLIM_RUR,2035,0.02408281622632429
RE1,OR_RESCLIM_RUR,2036,0.02502726969525953
RE1,OR_RESCLIM_RUR,2037,0.02598637653750377
RE1,OR_RESCLIM_RUR,2038,0.02696139322622288
RE1,OR_RESCLIM_RUR,2039,0.02795085791987456
RE1,OR_RESCLIM_RUR,2040,0.02895608551529816
RE1,OR_RESCLIM_RUR,2041,0.02997638616102718
RE1,OR_RESCLIM_RUR,2042,0.03101245231999797
RE1,OR_RESCLIM_RUR,2043,0.03206343721909981
RE1,OR_RESCLIM_RUR,2044,0.03312733567444166
RE1,OR_RESCLIM_RUR,2045,0.03420820035701654
RE1,OR_RESCLIM_RUR,2046,0.03530213053477215
RE1,OR_RESCLIM_RUR,2047,0.03641001123648298
RE1,OR_RESCLIM_RUR,2048,0.0375296517304738
RE1,OR_RESCLIM_RUR,2049,0.0386565044988279
RE1,OR_RESCLIM_RUR,2050,0.0397900300152423
RE1,OR_RESCLIM_RUR,2051,0.04019106751220577
RE1,OR_RESCLIM_RUR,2052,0.04058575422141297
RE1,OR_RESCLIM_RUR,2053,0.04097384356837802
RE1,OR_RESCLIM_RUR,2054,0.04135509176094658
RE1,OR_RESCLIM_URB,2022,0.09632788492296109
RE1,OR_RESCLIM_URB,2023,0.08700709347924371
RE1,OR_RESCLIM_URB,2024,0.07616659316706528
RE1,OR_RESCLIM_URB,2025,0.07900832474995846
RE1,OR_RESCLIM_URB,2026,0.086234373238493
RE1,OR_RESCLIM_URB,2027,0.09370030567126829
RE1,OR_RESCLIM_URB,2028,0.1013682389789886
RE1,OR_RESCLIM_URB,2029,0.1092012374453759
RE1,OR_RESCLIM_URB,2030,0.1171601353232651
RE1,OR_RESCLIM_URB,2031,0.1251853672513323
RE1,OR_RESCLIM_URB,2032,0.1333707265763475
RE1,OR_RESCLIM_URB,2033,0.1417185269058966
RE1,OR_RESCLIM_URB,2034,0.1502230998110494
RE1,OR_RESCLIM_URB,2035,0.1588770801625952
RE1,OR_RESCLIM_URB,2036,0.167682692282103
RE1,OR_RESCLIM_URB,2037,0.1766284632908161
RE1,OR_RESCLIM_URB,2038,0.1857201933414044
RE1,OR_RESCLIM_URB,2039,0.1949559408912487
RE1,OR_RESCLIM_URB,2040,0.2043375221758003
RE1,OR_RESCLIM_URB,2041,0.21385924826261
RE1,OR_RESCLIM_URB,2042,0.2235144740316536
RE1,OR_RESCLIM_URB,2043,0.2333033648856483
RE1,OR_RESCLIM_URB,2044,0.2432188854158639
RE1,OR_RESCLIM_URB,2045,0.2532592566162257
RE1,OR_RESCLIM_URB,2046,0.2634282439102836
RE1,OR_RESCLIM_URB,2047,0.2737297394431192
RE1,OR_RESCLIM_URB,2048,0.2841586487043324
RE1,OR_RESCLIM_URB,2049,0.2946825453056453
RE1,OR_RESCLIM_URB,2050,0.3052969359762862
RE1,OR_RESCLIM_URB,2051,0.308777497132657
RE1,OR_RESCLIM_URB,2052,0.3121847847742907
RE1,OR_RESCLIM_URB,2053,0.3155153264005619
RE1,OR_RESCLIM_URB,2054,0.3187658311171417
RE1,OR_RESDHT_RUR,2022,1.367895194971906
RE1,OR_RESDHT_RUR,2023,1.483538915841952
RE1,OR_RESDHT_RUR,2024,1.565270460449482
RE1,OR_RESDHT_RUR,2025,1.512999959612377
RE1,OR_RESDHT_RUR,2026,1.505584681878202
RE1,OR_RESDHT_RUR,2027,1.497785670388664
RE1,OR_RESDHT_RUR,2028,1.489528935383727
RE1,OR_RESDHT_RUR,2029,1.480518462076273
RE1,OR_RESDHT_RUR,2030,1.470577116379177
RE1,OR_RESDHT_RUR,2031,1.489226952634617
RE1,OR_RESDHT_RUR,2032,1.50747267303127
RE1,OR_RESDHT_RUR,2033,1.525282130654532
RE1,OR_RESDHT_RUR,2034,1.542844581321607
RE1,OR_RESDHT_RUR,2035,1.560200978498262
RE1,OR_RESDHT_RUR,2036,1.576871337296919
RE1,OR_RESDHT_RUR,2037,1.593492887948805
RE1,OR_RESDHT_RUR,2038,1.610035978382703
RE1,OR_RESDHT_RUR,2039,1.626429738349309
RE1,OR_RESDHT_RUR,2040,1.642750074403066
RE1,OR_RESDHT_RUR,2041,1.656721392476481
RE1,OR_RESDHT_RUR,2042,1.67055295959818
RE1,OR_RESDHT_RUR,2043,1.68421303456874
RE1,OR_RESDHT_RUR,2044,1.697595929445674
RE1,OR_RESDHT_RUR,2045,1.710901019416885
RE1,OR_RESDHT_RUR,2046,1.722729815464762
RE1,OR_RESDHT_RUR,2047,1.734283305384689
RE1,OR_RESDHT_RUR,2048,1.745474920817954
RE1,OR_RESDHT_RUR,2049,1.75607764725562
RE1,OR_RESDHT_RUR,2050,1.766089837044125
RE1,OR_RESDHT_RUR,2051,1.784960426866039
RE1,OR_RESDHT_RUR,2052,1.803533274060813
RE1,OR_RESDHT_RUR,2053,1.821796028197278
RE1,OR_RESDHT_RUR,2054,1.839736485594616
RE1,OR_RESDHT_URB,2022,13.58388149730657
RE1,OR_RESDHT_URB,2023,13.12884099686129
RE1,OR_RESDHT_URB,2024,13.55030264851014
RE1,OR_RESDHT_URB,2025,14.06153467272447
RE1,OR_RESDHT_URB,2026,14.59691576358883
RE1,OR_RESDHT_URB,2027,15.13359646356035
RE1,OR_RESDHT_URB,2028,15.66779892781924
RE1,OR_RESDHT_URB,2029,16.19611320078397
RE1,OR_RESDHT_URB,2030,16.71532248730153
RE1,OR_RESDHT_URB,2031,17.25866259313754
RE1,OR_RESDHT_URB,2032,17.79984794196958
RE1,OR_RESDHT_URB,2033,18.33953253547412
RE1,OR_RESDHT_URB,2034,18.87768002581659
RE1,OR_RESDHT_URB,2035,19.41440437207309
RE1,OR_RESDHT_URB,2036,19.95637279334405
RE1,OR_RESDHT_URB,2037,20.49782160645446
RE1,OR_RESDHT_URB,2038,21.03948534432178
RE1,OR_RESDHT_URB,2039,21.5813601449567
RE1,OR_RESDHT_URB,2040,22.12405508341021
RE1,OR_RESDHT_URB,2041,22.67110601976461
RE1,OR_RESDHT_URB,2042,23.2185720645725
RE1,OR_RESDHT_URB,2043,23.76653426905719
RE1,OR_RESDHT_URB,2044,24.31450003468444
RE1,OR_RESDHT_URB,2045,24.86273793220791
RE1,OR_RESDHT_URB,2046,25.4135866477494
RE1,OR_RESDHT_URB,2047,25.96555489078919
RE1,OR_RESDHT_URB,2048,26.51829082787528
RE1,OR_RESDHT_URB,2049,27.06802686532367
RE1,OR_RESDHT_URB,2050,27.57296515487813
RE1,OR_RESDHT_URB,2051,27.90854064287482
RE1,OR_RESDHT_URB,2052,28.23682171340054
RE1,OR_RESDHT_URB,2053,28.54190437897792
RE1,OR_RESDHT_URB,2054,28.83864574768348
RE1,OR_RESILU_RUR,2022,0.02198237581395087
RE1,OR_RESILU_RUR,2023,0.02110645099375842
RE1,OR_RESILU_RUR,2024,0.02327649695263581
RE1,OR_RESILU_RUR,2025,0.02296681118612054
RE1,OR_RESILU_RUR,2026,0.02349267220786196
RE1,OR_RESILU_RUR,2027,0.02403041530730236
RE1,OR_RESILU_RUR,2028,0.02457948048295134
RE1,OR_RESILU_RUR,2029,0.02513222345249009
RE1,OR_RESILU_RUR,2030,0.02568680509374379
RE1,OR_RESILU_RUR,2031,0.02624090846760523
RE1,OR_RESILU_RUR,2032,0.02679216798261267
RE1,OR_RESILU_RUR,2033,0.02733585029504487
RE1,OR_RESILU_RUR,2034,0.02788101989238754
RE1,OR_RESILU_RUR,2035,0.02842241942378949
RE1,OR_RESILU_RUR,2036,0.02896328672603039
RE1,OR_RESILU_RUR,2037,0.02950009830800081
RE1,OR_RESILU_RUR,2038,0.03003959453415792
RE1,OR_RESILU_RUR,2039,0.03057913988307831
RE1,OR_RESILU_RUR,2040,0.03112235119738531
RE1,OR_RESILU_RUR,2041,0.0316652111448334
RE1,OR_RESILU_RUR,2042,0.03220958280451534
RE1,OR_RESILU_RUR,2043,0.03275509506919223
RE1,OR_RESILU_RUR,2044,0.0332984326070767
RE1,OR_RESILU_RUR,2045,0.03384466122808847
RE1,OR_RESILU_RUR,2046,0.03439253165393461
RE1,OR_RESILU_RUR,2047,0.03493886589122076
RE1,OR_RESILU_RUR,2048,0.0354849056927122
RE1,OR_RESILU_RUR,2049,0.03602249489565968
RE1,OR_RESILU_RUR,2050,0.03655344429237231
RE1,OR_RESILU_RUR,2051,0.03709149374814784
RE1,OR_RESILU_RUR,2052,0.03762453180054915
RE1,OR_RESILU_RUR,2053,0.03806938916324237
RE1,OR_RESILU_RUR,2054,0.03850725184377839
RE1,OR_RESILU_URB,2022,0.2375040487991135
RE1,OR_RESILU_URB,2023,0.2454723815769708
RE1,OR_RESILU_URB,2024,0.2617616197102134
RE1,OR_RESILU_URB,2025,0.2660409858474992
RE1,OR_RESILU_URB,2026,0.274359431864604
RE1,OR_RESILU_URB,2027,0.2826067212835345
RE1,OR_RESILU_URB,2028,0.2907141054485481
RE1,OR_RESILU_URB,2029,0.2986234780506841
RE1,OR_RESILU_URB,2030,0.3062805018673671
RE1,OR_RESILU_URB,2031,0.3135471116807768
RE1,OR_RESILU_URB,2032,0.3206530002516974
RE1,OR_RESILU_URB,2033,0.3276153564119065
RE1,OR_RESILU_URB,2034,0.3344373826573334
RE1,OR_RESILU_URB,2035,0.3411251714596361
RE1,OR_RESILU_URB,2036,0.3476870609747504
RE1,OR_RESILU_URB,2037,0.3541376931954638
RE1,OR_RESILU_URB,2038,0.3604882914987253
RE1,OR_RESILU_URB,2039,0.3667419557100819
RE1,OR_RESILU_URB,2040,0.372911966705247
RE1,OR_RESILU_URB,2041,0.3789979832523833
RE1,OR_RESILU_URB,2042,0.3849962145726377
RE1,OR_RESILU_URB,2043,0.3909115583514389
RE1,OR_RESILU_URB,2044,0.396738061014533
RE1,OR_RESILU_URB,2045,0.4024829696263439
RE1,OR_RESILU_URB,2046,0.4081527486759874
RE1,OR_RESILU_URB,2047,0.4137576398731497
RE1,OR_RESILU_URB,2048,0.4192949198053085
RE1,OR_RESILU_URB,2049,0.424706509383311
RE1,OR_RESILU_URB,2050,0.4340694069709054
RE1,OR_RESILU_URB,2051,0.4391253804131351
RE1,OR_RESILU_URB,2052,0.4440607063136462
RE1,OR_RESILU_URB,2053,0.4488697231736414
RE1,OR_RESILU_URB,2054,0.4535470529806084
RE1,OR_RESOTH_RUR,2022,0.1247690772483579
RE1,OR_RESOTH_RUR,2023,0.1189035434115917
RE1,OR_RESOTH_RUR,2024,0.1307746975458075
RE1,OR_RESOTH_RUR,2025,0.1290282547211467
RE1,OR_RESOTH_RUR,2026,0.1318624350672191
RE1,OR_RESOTH_RUR,2027,0.134754434867709
RE1,OR_RESOTH_RUR,2028,0.1377022989023945
RE1,OR_RESOTH_RUR,2029,0.1406686876396981
RE1,OR_RESOTH_RUR,2030,0.1436410577521988
RE1,OR_RESOTH_RUR,2031,0.1466048638334068
RE1,OR_RESOTH_RUR,2032,0.1495470670105674
RE1,OR_RESOTH_RUR,2033,0.1524486558158931
RE1,OR_RESOTH_RUR,2034,0.1553496001579846
RE1,OR_RESOTH_RUR,2035,0.1582315294040664
RE1,OR_RESOTH_RUR,2036,0.1610870396040728
RE1,OR_RESOTH_RUR,2037,0.1639432028476534
RE1,OR_RESOTH_RUR,2038,0.1668106394577605
RE1,OR_RESOTH_RUR,2039,0.1696781336611149
RE1,OR_RESOTH_RUR,2040,0.1725618537733936
RE1,OR_RESOTH_RUR,2041,0.1754460216839454
RE1,OR_RESOTH_RUR,2042,0.1783374416938638
RE1,OR_RESOTH_RUR,2043,0.1812355584892398
RE1,OR_RESOTH_RUR,2044,0.1841242749343506
RE1,OR_RESOTH_RUR,2045,0.1870292372912775
RE1,OR_RESOTH_RUR,2046,0.1899396418032493
RE1,OR_RESOTH_RUR,2047,0.1928440742311879
RE1,OR_RESOTH_RUR,2048,0.1957451182528196
RE1,OR_RESOTH_RUR,2049,0.1986013525653132
RE1,OR_RESOTH_RUR,2050,0.2014140470088878
RE1,OR_RESOTH_RUR,2051,0.2042681792425313
RE1,OR_RESOTH_RUR,2052,0.2070940325362227
RE1,OR_RESOTH_RUR,2053,0.2094341421728776
RE1,OR_RESOTH_RUR,2054,0.2117356923386383
RE1,OR_RESOTH_URB,2022,1.267499521333893
RE1,OR_RESOTH_URB,2023,1.312177488277023
RE1,OR_RESOTH_URB,2024,1.400263549920244
RE1,OR_RESOTH_URB,2025,1.422967778615564
RE1,OR_RESOTH_URB,2026,1.467426116616758
RE1,OR_RESOTH_URB,2027,1.511734796560294
RE1,OR_RESOTH_URB,2028,1.555024723895489
RE1,OR_RESOTH_URB,2029,1.597501042777718
RE1,OR_RESOTH_URB,2030,1.638615837473973
RE1,OR_RESOTH_URB,2031,1.677353408518272
RE1,OR_RESOTH_URB,2032,1.715510894563208
RE1,OR_RESOTH_URB,2033,1.752607271676283
RE1,OR_RESOTH_URB,2034,1.789247167640653
RE1,OR_RESOTH_URB,2035,1.825171737984685
RE1,OR_RESOTH_URB,2036,1.860102422334844
RE1,OR_RESOTH_URB,2037,1.894758924792784
RE1,OR_RESOTH_URB,2038,1.928555116306605
RE1,OR_RESOTH_URB,2039,1.962158946820298
RE1,OR_RESOTH_URB,2040,1.995318032861549
RE1,OR_RESOTH_URB,2041,2.027684988959225
RE1,OR_RESOTH_URB,2042,2.059925534734272
RE1,OR_RESOTH_URB,2043,2.091368689742013
RE1,OR_RESOTH_URB,2044,2.122691921346506
RE1,OR_RESOTH_URB,2045,2.153581064410287
RE1,OR_RESOTH_URB,2046,2.183698732383827
RE1,OR_RESOTH_URB,2047,2.213839433786636
RE1,OR_RESOTH_URB,2048,2.243238838713512
RE1,OR_RESOTH_URB,2049,2.272346169218124
RE1,OR_RESOTH_URB,2050,2.322440743227076
RE1,OR_RESOTH_URB,2051,2.349490197375159
RE1,OR_RESOTH_URB,2052,2.375892968105382
RE1,OR_RESOTH_URB,2053,2.401618748148031
RE1,OR_RESOTH_URB,2054,2.42663874921633
RE1,OR_RESREF_RUR,2022,0.04732111642217228
RE1,OR_RESREF_RUR,2023,0.04654615803255782
RE1,OR_RESREF_RUR,2024,0.04877703348191951
RE1,OR_RESREF_RUR,2025,0.04856900855402154
RE1,OR_RESREF_RUR,2026,0.05000517238277811
RE1,OR_RESREF_RUR,2027,0.05147442920164268
RE1,OR_RESREF_RUR,2028,0.05297478715210963
RE1,OR_RESREF_RUR,2029,0.05449658329017341
RE1,OR_RESREF_RUR,2030,0.05603261775470411
RE1,OR_RESREF_RUR,2031,0.05707108168855485
RE1,OR_RESREF_RUR,2032,0.05810253745860804
RE1,OR_RESREF_RUR,2033,0.05912441351745833
RE1,OR_RESREF_RUR,2034,0.06014338989128976
RE1,OR_RESREF_RUR,2035,0.0611612186652603
RE1,OR_RESREF_RUR,2036,0.06217398880265238
RE1,OR_RESREF_RUR,2037,0.0631868999898553
RE1,OR_RESREF_RUR,2038,0.06420322328311107
RE1,OR_RESREF_RUR,2039,0.06522069167708347
RE1,OR_RESREF_RUR,2040,0.0662422816433049
RE1,OR_RESREF_RUR,2041,0.06726724671887878
RE1,OR_RESREF_RUR,2042,0.0682968621187236
RE1,OR_RESREF_RUR,2043,0.06932944717825675
RE1,OR_RESREF_RUR,2044,0.07036065077093835
RE1,OR_RESREF_RUR,2045,0.07139895633554151
RE1,OR_RESREF_RUR,2046,0.0724370594142196
RE1,OR_RESREF_RUR,2047,0.07347655744524269
RE1,OR_RESREF_RUR,2048,0.07451226175913152
RE1,OR_RESREF_RUR,2049,0.07553442333462768
RE1,OR_RESREF_RUR,2050,0.07654351270497199
RE1,OR_RESREF_RUR,2051,0.07745013448303825
RE1,OR_RESREF_RUR,2052,0.0783447700379847
RE1,OR_RESREF_RUR,2053,0.07922679079843936
RE1,OR_RESREF_RUR,2054,0.08009557215641555
RE1,OR_RESREF_URB,2022,1.575835321845393
RE1,OR_RESREF_URB,2023,1.639653537439074
RE1,OR_RESREF_URB,2024,1.818575189525871
RE1,OR_RESREF_URB,2025,1.868969485888518
RE1,OR_RESREF_URB,2026,1.94763107492154
RE1,OR_RESREF_URB,2027,2.026976413188317
RE1,OR_RESREF_URB,2028,2.106494103978363
RE1,OR_RESREF_URB,2029,2.185719125112767
RE1,OR_RESREF_URB,2030,2.264206651360999
RE1,OR_RESREF_URB,2031,2.320142512703568
RE1,OR_RESREF_URB,2032,2.374986806886889
RE1,OR_RESREF_URB,2033,2.428859723461932
RE1,OR_RESREF_URB,2034,2.481784967426391
RE1,OR_RESREF_URB,2035,2.533804562112452
RE1,OR_RESREF_URB,2036,2.585020736576051
RE1,OR_RESREF_URB,2037,2.635454394831636
RE1,OR_RESREF_URB,2038,2.685229665098162
RE1,OR_RESREF_URB,2039,2.734365828867566
RE1,OR_RESREF_URB,2040,2.782958924117344
RE1,OR_RESREF_URB,2041,2.831007447453128
RE1,OR_RESREF_URB,2042,2.878479348963857
RE1,OR_RESREF_URB,2043,2.925406351094209
RE1,OR_RESREF_URB,2044,2.971743726801892
RE1,OR_RESREF_URB,2045,3.017545133411557
RE1,OR_RESREF_URB,2046,3.062854400066895
RE1,OR_RESREF_URB,2047,3.107746152012294
RE1,OR_RESREF_URB,2048,3.152193990874777
RE1,OR_RESREF_URB,2049,3.195765509815337
RE1,OR_RESREF_URB,2050,3.238419657275323
RE1,OR_RESREF_URB,2051,3.276042147298783
RE1,OR_RESREF_URB,2052,3.312754469732931
RE1,OR_RESREF_URB,2053,3.348514151108878
RE1,OR_RESREF_URB,2054,3.383280847823027
RE1,OR_RESTV_RUR,2022,0.05887195367896952
RE1,OR_RESTV_RUR,2023,0.05953817129683188
RE1,OR_RESTV_RUR,2024,0.0639233570132395
RE1,OR_RESTV_RUR,2025,0.06378206679895082
RE1,OR_RESTV_RUR,2026,0.06535906436996092
RE1,OR_RESTV_RUR,2027,0.06696039943957137
RE1,OR_RESTV_RUR,2028,0.06858442811298093
RE1,OR_RESTV_RUR,2029,0.07021947816754019
RE1,OR_RESTV_RUR,2030,0.07185672981142663
RE1,OR_RESTV_RUR,2031,0.07328782987852857
RE1,OR_RESTV_RUR,2032,0.07470748583381714
RE1,OR_RESTV_RUR,2033,0.07611267082847324
RE1,OR_RESTV_RUR,2034,0.07751233174471396
RE1,OR_RESTV_RUR,2035,0.07890885383645023
RE1,OR_RESTV_RUR,2036,0.08029624889632872
RE1,OR_RESTV_RUR,2037,0.08168399818305153
RE1,OR_RESTV_RUR,2038,0.08307527911907726
RE1,OR_RESTV_RUR,2039,0.08446724636811104
RE1,OR_RESTV_RUR,2040,0.08586390390797027
RE1,OR_RESTV_RUR,2041,0.08726439492904038
RE1,OR_RESTV_RUR,2042,0.0886704138415796
RE1,OR_RESTV_RUR,2043,0.09007995556240571
RE1,OR_RESTV_RUR,2044,0.0914875024434019
RE1,OR_RESTV_RUR,2045,0.09290409854023098
RE1,OR_RESTV_RUR,2046,0.0943202084194244
RE1,OR_RESTV_RUR,2047,0.09573796096560924
RE1,OR_RESTV_RUR,2048,0.09715078287003842
RE1,OR_RESTV_RUR,2049,0.09854576168980252
RE1,OR_RESTV_RUR,2050,0.09992258249942543
RE1,OR_RESTV_RUR,2051,0.101320596167616
RE1,OR_RESTV_RUR,2052,0.1027063327593389
RE1,OR_RESTV_RUR,2053,0.1038528892095859
RE1,OR_RESTV_RUR,2054,0.104982003520672
RE1,OR_RESTV_URB,2022,0.473249962200112
RE1,OR_RESTV_URB,2023,0.4794509399623366
RE1,OR_RESTV_URB,2024,0.5258451606737592
RE1,OR_RESTV_URB,2025,0.5348882113559636
RE1,OR_RESTV_URB,2026,0.5516291681255509
RE1,OR_RESTV_URB,2027,0.5682258392177707
RE1,OR_RESTV_URB,2028,0.5845405501387787
RE1,OR_RESTV_URB,2029,0.6004567211471175
RE1,OR_RESTV_URB,2030,0.6158646890530675
RE1,OR_RESTV_URB,2031,0.6304877270077769
RE1,OR_RESTV_URB,2032,0.6447876880611907
RE1,OR_RESTV_URB,2033,0.6587989517117212
RE1,OR_RESTV_URB,2034,0.6725277438705026
RE1,OR_RESTV_URB,2035,0.6859864403948213
RE1,OR_RESTV_URB,2036,0.6991900782181523
RE1,OR_RESTV_URB,2037,0.7121719050368036
RE1,OR_RESTV_URB,2038,0.724952713158245
RE1,OR_RESTV_URB,2039,0.7375385450298695
RE1,OR_RESTV_URB,2040,0.7499556544023368
RE1,OR_RESTV_URB,2041,0.7622036493557905
RE1,OR_RESTV_URB,2042,0.7742747177006422
RE1,OR_RESTV_URB,2043,0.7861785954825207
RE1,OR_RESTV_URB,2044,0.7979034691331469
RE1,OR_RESTV_URB,2045,0.8094636517447109
RE1,OR_RESTV_URB,2046,0.8208723076579616
RE1,OR_RESTV_URB,2047,0.8321492995326756
RE1,OR_RESTV_URB,2048,0.843289622278468
RE1,OR_RESTV_URB,2049,0.8541753474793903
RE1,OR_RESTV_URB,2050,0.8730053800297538
RE1,OR_RESTV_URB,2051,0.883172223081976
RE1,OR_RESTV_URB,2052,0.8930946953406216
RE1,OR_RESTV_URB,2053,0.9027613583273264
RE1,OR_RESTV_URB,2054,0.9121613467518741
RE1,OR_RESWHT_RUR,2022,0.129685546749701
RE1,OR_RESWHT_RUR,2023,0.1184956058790074
RE1,OR_RESWHT_RUR,2024,0.1071587704099745
RE1,OR_RESWHT_RUR,2025,0.1048538601205439
RE1,OR_RESWHT_RUR,2026,0.1069087197782307
RE1,OR_RESWHT_RUR,2027,0.1089951501460811
RE1,OR_RESWHT_RUR,2028,0.1111070398906251
RE1,OR_RESWHT_RUR,2029,0.1132240325284845
RE1,OR_RESWHT_RUR,2030,0.1153312345875322
RE1,OR_RESWHT_RUR,2031,0.1174262512446387
RE1,OR_RESWHT_RUR,2032,0.1195052950580585
RE1,OR_RESWHT_RUR,2033,0.121561985776982
RE1,OR_RESWHT_RUR,2034,0.1236074436294428
RE1,OR_RESWHT_RUR,2035,0.1256456126094367
RE1,OR_RESWHT_RUR,2036,0.1276745670466973
RE1,OR_RESWHT_RUR,2037,0.129692201519679
RE1,OR_RESWHT_RUR,2038,0.1317102577984051
RE1,OR_RESWHT_RUR,2039,0.1337249726255547
RE1,OR_RESWHT_RUR,2040,0.1357414547822166
RE1,OR_RESWHT_RUR,2041,0.1377598997610185
RE1,OR_RESWHT_RUR,2042,0.1397820921959217
RE1,OR_RESWHT_RUR,2043,0.1418045656562883
RE1,OR_RESWHT_RUR,2044,0.1438192684265174
RE1,OR_RESWHT_RUR,2045,0.145842134403732
RE1,OR_RESWHT_RUR,2046,0.1478598488793988
RE1,OR_RESWHT_RUR,2047,0.1498763971710479
RE1,OR_RESWHT_RUR,2048,0.1518800902383581
RE1,OR_RESWHT_RUR,2049,0.1538515681945312
RE1,OR_RESWHT_RUR,2050,0.1557925165951425
RE1,OR_RESWHT_RUR,2051,0.1577612599231246
RE1,OR_RESWHT_RUR,2052,0.1597064955831883
RE1,OR_RESWHT_RUR,2053,0.1616268062813162
RE1,OR_RESWHT_RUR,2054,0.163520779684017
RE1,OR_RESWHT_URB,2022,4.76052576262127
RE1,OR_RESWHT_URB,2023,4.652246134308806
RE1,OR_RESWHT_URB,2024,4.718233520691264
RE1,OR_RESWHT_URB,2025,4.861502512286493
RE1,OR_RESWHT_URB,2026,5.001476669596353
RE1,OR_RESWHT_URB,2027,5.140819533206892
RE1,OR_RESWHT_URB,2028,5.27856000431072
RE1,OR_RESWHT_URB,2029,5.413735429375458
RE1,OR_RESWHT_URB,2030,5.545494870662106
RE1,OR_RESWHT_URB,2031,5.670888498553959
RE1,OR_RESWHT_URB,2032,5.793514326824554
RE1,OR_RESWHT_URB,2033,5.913529112020192
RE1,OR_RESWHT_URB,2034,6.031003175904496
RE1,OR_RESWHT_URB,2035,6.146107038993326
RE1,OR_RESWHT_URB,2036,6.258936857754633
RE1,OR_RESWHT_URB,2037,6.369814531607082
RE1,OR_RESWHT_URB,2038,6.478912101456114
RE1,OR_RESWHT_URB,2039,6.586227738147442
RE1,OR_RESWHT_URB,2040,6.692032535444263
RE1,OR_RESWHT_URB,2041,6.796294580674033
RE1,OR_RESWHT_URB,2042,6.898950228265754
RE1,OR_RESWHT_URB,2043,7.000071892364202
RE1,OR_RESWHT_URB,2044,7.099514570658009
RE1,OR_RESWHT_URB,2045,7.197458807818641
RE1,OR_RESWHT_URB,2046,7.293995023289299
RE1,OR_RESWHT_URB,2047,7.389281193157936
RE1,OR_RESWHT_URB,2048,7.483289510067376
RE1,OR_RESWHT_URB,2049,7.574839121558385
RE1,OR_RESWHT_URB,2050,7.663704352285163
RE1,OR_RESWHT_URB,2051,7.752320729676164
RE1,OR_RESWHT_URB,2052,7.838732777707796
RE1,OR_RESWHT_URB,2053,7.922838769580134
RE1,OR_RESWHT_URB,2054,8.004542174963893
RE1,OR_RESWSH_RUR,2022,0.03278086221627686
RE1,OR_RESWSH_RUR,2023,0.03359128084050786
RE1,OR_RESWSH_RUR,2024,0.0322971586804074
RE1,OR_RESWSH_RUR,2025,0.03227921224670674
RE1,OR_RESWSH_RUR,2026,0.03333898754059371
RE1,OR_RESWSH_RUR,2027,0.03442433946821512
RE1,OR_RESWSH_RUR,2028,0.03553387633804485
RE1,OR_RESWSH_RUR,2029,0.03666116792614948
RE1,OR_RESWSH_RUR,2030,0.03780134169210826
RE1,OR_RESWSH_RUR,2031,0.03882508603357757
RE1,OR_RESWSH_RUR,2032,0.03985487379719332
RE1,OR_RESWSH_RUR,2033,0.04088865586189625
RE1,OR_RESWSH_RUR,2034,0.0419307711904768
RE1,OR_RESWSH_RUR,2035,0.04298240856360292
RE1,OR_RESWSH_RUR,2036,0.04404191377115253
RE1,OR_RESWSH_RUR,2037,0.04510999905843975
RE1,OR_RESWSH_RUR,2038,0.04619040610143106
RE1,OR_RESWSH_RUR,2039,0.04728139743948054
RE1,OR_RESWSH_RUR,2040,0.04838509001608168
RE1,OR_RESWSH_RUR,2041,0.04950095093485427
RE1,OR_RESWSH_RUR,2042,0.05063001043414442
RE1,OR_RESWSH_RUR,2043,0.05177089254277935
RE1,OR_RESWSH_RUR,2044,0.05292037025648991
RE1,OR_RESWSH_RUR,2045,0.05408481304231184
RE1,OR_RESWSH_RUR,2046,0.05525873975702308
RE1,OR_RESWSH_RUR,2047,0.0564434945682106
RE1,OR_RESWSH_RUR,2048,0.057634944782533
RE1,OR_RESWSH_RUR,2049,0.05882578236525766
RE1,OR_RESWSH_RUR,2050,0.0600166392282123
RE1,OR_RESWSH_RUR,2051,0.06072332209627369
RE1,OR_RESWSH_RUR,2052,0.0614206738113947
RE1,OR_RESWSH_RUR,2053,0.06210820847724696
RE1,OR_RESWSH_RUR,2054,0.06278544316770175
RE1,OR_RESWSH_URB,2022,0.4242589061756855
RE1,OR_RESWSH_URB,2023,0.4255855060232773
RE1,OR_RESWSH_URB,2024,0.4762212367654
RE1,OR_RESWSH_URB,2025,0.4918323117165281
RE1,OR_RESWSH_URB,2026,0.5140696069457679
RE1,OR_RESWSH_URB,2027,0.5365887433030766
RE1,OR_RESWSH_URB,2028,0.5592554277096975
RE1,OR_RESWSH_URB,2029,0.5819452715648935
RE1,OR_RESWSH_URB,2030,0.6045378378253969
RE1,OR_RESWSH_URB,2031,0.6246717707916486
RE1,OR_RESWSH_URB,2032,0.6447469691458455
RE1,OR_RESWSH_URB,2033,0.6647865734267208
RE1,OR_RESWSH_URB,2034,0.6847892956714139
RE1,OR_RESWSH_URB,2035,0.7047601554574441
RE1,OR_RESWSH_URB,2036,0.7247159051598151
RE1,OR_RESWSH_URB,2037,0.744665127518231
RE1,OR_RESWSH_URB,2038,0.7646328136070664
RE1,OR_RESWSH_URB,2039,0.7846186999807975
RE1,OR_RESWSH_URB,2040,0.8046453446817006
RE1,OR_RESWSH_URB,2041,0.8247077280099524
RE1,OR_RESWSH_URB,2042,0.8447917009140203
RE1,OR_RESWSH_URB,2043,0.8649024446346294
RE1,OR_RESWSH_URB,2044,0.8850213576443646
RE1,OR_RESWSH_URB,2045,0.9051603262835176
RE1,OR_RESWSH_URB,2046,0.9253286087283751
RE1,OR_RESWSH_URB,2047,0.9455439250287376
RE1,OR_RESWSH_URB,2048,0.965795733248003
RE1,OR_RESWSH_URB,2049,0.9859444934597436
RE1,OR_RESWSH_URB,2050,1.005970183778918
RE1,OR_RESWSH_URB,2051,1.017669948095803
RE1,OR_RESWSH_URB,2052,1.02908633173367
RE1,OR_RESWSH_URB,2053,1.040206095954099
RE1,OR_RESWSH_URB,2054,1.051016665337134
RE1,OR_TERCLIM_CEN,2022,5.352939334160522
RE1,OR_TERCLIM_CEN,2023,5.535327089472364
RE1,OR_TERCLIM_CEN,2024,5.72468126345484
RE1,OR_TERCLIM_CEN,2025,5.927504191606879
RE1,OR_TERCLIM_CEN,2026,6.163336168672035
RE1,OR_TERCLIM_CEN,2027,6.385049675836586
RE1,OR_TERCLIM_CEN,2028,6.599234125910139
RE1,OR_TERCLIM_CEN,2029,6.824337413002574
RE1,OR_TERCLIM_CEN,2030,7.052984944548712
RE1,OR_TERCLIM_CEN,2031,7.211784468897972
RE1,OR_TERCLIM_CEN,2032,7.356936768144202
RE1,OR_TERCLIM_CEN,2033,7.493228588049999
RE1,OR_TERCLIM_CEN,2034,7.612782582370887
RE1,OR_TERCLIM_CEN,2035,7.716899706222752
RE1,OR_TERCLIM_CEN,2036,7.809069383763505
RE1,OR_TERCLIM_CEN,2037,7.895362670293627
RE1,OR_TERCLIM_CEN,2038,7.982877831602913
RE1,OR_TERCLIM_CEN,2039,8.078762299361014
RE1,OR_TERCLIM_CEN,2040,8.189167762005257
RE1,OR_TERCLIM_CEN,2041,8.318620564884673
RE1,OR_TERCLIM_CEN,2042,8.469917481831414
RE1,OR_TERCLIM_CEN,2043,8.64426194460137
RE1,OR_TERCLIM_CEN,2044,8.841683811735003
RE1,OR_TERCLIM_CEN,2045,9.061445376354593
RE1,OR_TERCLIM_CEN,2046,9.302391024784052
RE1,OR_TERCLIM_CEN,2047,9.563210034533508
RE1,OR_TERCLIM_CEN,2048,9.842613671851021
RE1,OR_TERCLIM_CEN,2049,10.139441829144
RE1,OR_TERCLIM_CEN,2050,10.45271774412042
RE1,OR_TERCLIM_CEN,2051,10.79058295375277
RE1,OR_TERCLIM_CEN,2052,11.14185703765448
RE1,OR_TERCLIM_CEN,2053,11.49346431351762
RE1,OR_TERCLIM_CEN,2054,11.85756335720606
RE1,OR_TERCLIM_FAN,2022,0.150381874175182
RE1,OR_TERCLIM_FAN,2023,0.1555151583868121
RE1,OR_TERCLIM_FAN,2024,0.1608825254688019
RE1,OR_TERCLIM_FAN,2025,0.1666139397817627
RE1,OR_TERCLIM_FAN,2026,0.1732762851626773
RE1,OR_TERCLIM_FAN,2027,0.1795604652399191
RE1,OR_TERCLIM_FAN,2028,0.1856505082313822
RE1,OR_TERCLIM_FAN,2029,0.1920738843901253
RE1,OR_TERCLIM_FAN,2030,0.1986271637822783
RE1,OR_TERCLIM_FAN,2031,0.2040676220705843
RE1,OR_TERCLIM_FAN,2032,0.2094209589842917
RE1,OR_TERCLIM_FAN,2033,0.21486330522948
RE1,OR_TERCLIM_FAN,2034,0.2201890720970328
RE1,OR_TERCLIM_FAN,2035,0.2254211856046427
RE1,OR_TERCLIM_FAN,2036,0.2306096945736164
RE1,OR_TERCLIM_FAN,2037,0.2358457652604843
RE1,OR_TERCLIM_FAN,2038,0.2412326297451286
RE1,OR_TERCLIM_FAN,2039,0.246874461842741
RE1,OR_TERCLIM_FAN,2040,0.2528618433650074
RE1,OR_TERCLIM_FAN,2041,0.2592628210905609
RE1,OR_TERCLIM_FAN,2042,0.2661221648040158
RE1,OR_TERCLIM_FAN,2043,0.2734618607463319
RE1,OR_TERCLIM_FAN,2044,0.2812876986554577
RE1,OR_TERCLIM_FAN,2045,0.2895949383926751
RE1,OR_TERCLIM_FAN,2046,0.2983731923602903
RE1,OR_TERCLIM_FAN,2047,0.3076100975966597
RE1,OR_TERCLIM_FAN,2048,0.3172937931828953
RE1,OR_TERCLIM_FAN,2049,0.3274144151909941
RE1,OR_TERCLIM_FAN,2050,0.3379648676384138
RE1,OR_TERCLIM_FAN,2051,0.349064065307475
RE1,OR_TERCLIM_FAN,2052,0.3605628220015277
RE1,OR_TERCLIM_FAN,2053,0.372031995378895
RE1,OR_TERCLIM_FAN,2054,0.38388549338788
RE1,OR_TERCLIM_SPL,2022,0.5888888391625767
RE1,OR_TERCLIM_SPL,2023,0.6089537244149898
RE1,OR_TERCLIM_SPL,2024,0.6297850009802818
RE1,OR_TERCLIM_SPL,2025,0.6520980053427236
RE1,OR_TERCLIM_SPL,2026,0.6780424090696703
RE1,OR_TERCLIM_SPL,2027,0.7024336083174518
RE1,OR_TERCLIM_SPL,2028,0.7259965191402158
RE1,OR_TERCLIM_SPL,2029,0.7507606356661753
RE1,OR_TERCLIM_SPL,2030,0.7759146624585809
RE1,OR_TERCLIM_SPL,2031,0.7933845536185319
RE1,OR_TERCLIM_SPL,2032,0.8093530829944201
RE1,OR_TERCLIM_SPL,2033,0.8243468512031283
RE1,OR_TERCLIM_SPL,2034,0.8374992537501896
RE1,OR_TERCLIM_SPL,2035,0.8489534116202014
RE1,OR_TERCLIM_SPL,2036,0.8590932041761496
RE1,OR_TERCLIM_SPL,2037,0.8685865218022158
RE1,OR_TERCLIM_SPL,2038,0.8782142606080083
RE1,OR_TERCLIM_SPL,2039,0.8887627255516418
RE1,OR_TERCLIM_SPL,2040,0.9009086776491865
RE1,OR_TERCLIM_SPL,2041,0.9151500702850992
RE1,OR_TERCLIM_SPL,2042,0.9317945828094719
RE1,OR_TERCLIM_SPL,2043,0.9509746074437552
RE1,OR_TERCLIM_SPL,2044,0.9726934289928258
RE1,OR_TERCLIM_SPL,2045,0.9968698906716461
RE1,OR_TERCLIM_SPL,2046,1.02337686083277
RE1,OR_TERCLIM_SPL,2047,1.052070143960922
RE1,OR_TERCLIM_SPL,2048,1.082807963571111
RE1,OR_TERCLIM_SPL,2049,1.115462693630076
RE1,OR_TERCLIM_SPL,2050,1.149926878331507
RE1,OR_TERCLIM_SPL,2051,1.187096186383271
RE1,OR_TERCLIM_SPL,2052,1.225740634710315
RE1,OR_TERCLIM_SPL,2053,1.264421738230916
RE1,OR_TERCLIM_SPL,2054,1.304477089093868
RE1,OR_TERDATA,2022,0.0
RE1,OR_TERDATA,2023,0.0
RE1,OR_TERDATA,2024,0.0
RE1,OR_TERDATA,2025,0.0
RE1,OR_TERDATA,2026,0.1721095473909159
RE1,OR_TERDATA,2027,0.2025654607174254
RE1,OR_TERDATA,2028,0.2448418790119678
RE1,OR_TERDATA,2029,0.2922914425612652
RE1,OR_TERDATA,2030,0.2929516273092478
RE1,OR_TERDATA,2031,0.29816336196249
RE1,OR_TERDATA,2032,0.2974558975843352
RE1,OR_TERDATA,2033,0.3109714248639353
RE1,OR_TERDATA,2034,0.3069073314562794
RE1,OR_TERDATA,2035,0.3139801399993586
RE1,OR_TERDATA,2036,0.3279631148362963
RE1,OR_TERDATA,2037,0.3358933014047756
RE1,OR_TERDATA,2038,0.330318807600293
RE1,OR_TERDATA,2039,0.365653536342204
RE1,OR_TERDATA,2040,0.3769401587130841
RE1,OR_TERDATA,2041,0.388226781083962
RE1,OR_TERDATA,2042,0.399513403454842
RE1,OR_TERDATA,2043,0.410800025825722
RE1,OR_TERDATA,2044,0.422086648196602
RE1,OR_TERDATA,2045,0.433373270567482
RE1,OR_TERDATA,2046,0.444659892938362
RE1,OR_TERDATA,2047,0.455946515309242
RE1,OR_TERDATA,2048,0.46723313768012
RE1,OR_TERDATA,2049,0.4785197600510001
RE1,OR_TERDATA,2050,0.4898063824218801
RE1,OR_TERDATA,2051,0.50109300479276
RE1,OR_TERDATA,2052,0.51237962716364
RE1,OR_TERDATA,2053,0.52366624953452
RE1,OR_TERDATA,2054,0.5349528719054
RE1,OR_TERDHT,2022,7.658325206724626
RE1,OR_TERDHT,2023,8.323077644909029
RE1,OR_TERDHT,2024,8.559286409609994
RE1,OR_TERDHT,2025,8.906986961591102
RE1,OR_TERDHT,2026,9.217904561588352
RE1,OR_TERDHT,2027,9.523134038040137
RE1,OR_TERDHT,2028,9.825780133939734
RE1,OR_TERDHT,2029,10.13541044328242
RE1,OR_TERDHT,2030,10.44340332933664
RE1,OR_TERDHT,2031,10.72433870759477
RE1,OR_TERDHT,2032,10.99911726300941
RE1,OR_TERDHT,2033,11.27678295526247
RE1,OR_TERDHT,2034,11.54644151182147
RE1,OR_TERDHT,2035,11.80937271171286
RE1,OR_TERDHT,2036,12.06847540413771
RE1,OR_TERDHT,2037,12.32896439613038
RE1,OR_TERDHT,2038,12.59678376855593
RE1,OR_TERDHT,2039,12.87792802044069
RE1,OR_TERDHT,2040,13.17759860065544
RE1,OR_TERDHT,2041,13.49968781715854
RE1,OR_TERDHT,2042,13.84672981355085
RE1,OR_TERDHT,2043,14.21994254106177
RE1,OR_TERDHT,2044,14.61960293133809
RE1,OR_TERDHT,2045,15.04537562343898
RE1,OR_TERDHT,2046,15.49659611036142
RE1,OR_TERDHT,2047,15.97248362553315
RE1,OR_TERDHT,2048,16.47228470624435
RE1,OR_TERDHT,2049,16.99535976374724
RE1,OR_TERDHT,2050,17.54122766261442
RE1,OR_TERDHT,2051,18.11672289003667
RE1,OR_TERDHT,2052,18.71312613100524
RE1,OR_TERDHT,2053,19.30795706237812
RE1,OR_TERDHT,2054,19.92282576208299
RE1,OR_TERIHT,2022,0.4582543401632107
RE1,OR_TERIHT,2023,0.4606920573433018
RE1,OR_TERIHT,2024,0.4637458769539294
RE1,OR_TERIHT,2025,0.4664838345319558
RE1,OR_TERIHT,2026,0.4693813317120832
RE1,OR_TERIHT,2027,0.4724876688268866
RE1,OR_TERIHT,2028,0.475864580156687
RE1,OR_TERIHT,2029,0.4795867625917076
RE1,OR_TERIHT,2030,0.4837398206248623
RE1,OR_TERIHT,2031,0.4990978749850088
RE1,OR_TERIHT,2032,0.5148997617279789
RE1,OR_TERIHT,2033,0.5316654491289496
RE1,OR_TERIHT,2034,0.5489310785496871
RE1,OR_TERIHT,2035,0.5667230091064435
RE1,OR_TERIHT,2036,0.5850528724183656
RE1,OR_TERIHT,2037,0.6039687674920384
RE1,OR_TERIHT,2038,0.6235077145447612
RE1,OR_TERIHT,2039,0.6437081281788312
RE1,OR_TERIHT,2040,0.6646074478877433
RE1,OR_TERIHT,2041,0.6862396330810292
RE1,OR_TERIHT,2042,0.7086378673759351
RE1,OR_TERIHT,2043,0.7318290491692527
RE1,OR_TERIHT,2044,0.7558379780800452
RE1,OR_TERIHT,2045,0.7806883850434073
RE1,OR_TERIHT,2046,0.8064038255617654
RE1,OR_TERIHT,2047,0.8330083599435658
RE1,OR_TERIHT,2048,0.8605270225186177
RE1,OR_TERIHT,2049,0.8889861171618786
RE1,OR_TERIHT,2050,0.9184133850346629
RE1,OR_TERIHT,2051,0.94885355351879
RE1,OR_TERIHT,2052,0.9803105107764052
RE1,OR_TERIHT,2053,1.011668218653956
RE1,OR_TERIHT,2054,1.044032448393786
RE1,OR_TERILU,2022,0.6092658457892679
RE1,OR_TERILU,2023,0.6297676336092454
RE1,OR_TERILU,2024,0.6435931090300973
RE1,OR_TERILU,2025,0.668447185126303
RE1,OR_TERILU,2026,0.694808263813424
RE1,OR_TERILU,2027,0.7194760671014736
RE1,OR_TERILU,2028,0.7431614228914415
RE1,OR_TERILU,2029,0.7678962413203976
RE1,OR_TERILU,2030,0.7927939985459483
RE1,OR_TERILU,2031,0.8132188927363272
RE1,OR_TERILU,2032,0.8338864829941196
RE1,OR_TERILU,2033,0.8556109490433693
RE1,OR_TERILU,2034,0.8776048193101081
RE1,OR_TERILU,2035,0.8998686078064688
RE1,OR_TERILU,2036,0.9232055724323337
RE1,OR_TERILU,2037,0.9469070738743786
RE1,OR_TERILU,2038,0.9709689470163828
RE1,OR_TERILU,2039,0.9953874368558882
RE1,OR_TERILU,2040,1.020159445492128
RE1,OR_TERILU,2041,1.046205177694861
RE1,OR_TERILU,2042,1.072714246371974
RE1,OR_TERILU,2043,1.099687513469262
RE1,OR_TERILU,2044,1.127125386880626
RE1,OR_TERILU,2045,1.155027783119517
RE1,OR_TERILU,2046,1.184382510306667
RE1,OR_TERILU,2047,1.214312251776656
RE1,OR_TERILU,2048,1.244822135097284
RE1,OR_TERILU,2049,1.275916992144198
RE1,OR_TERILU,2050,1.307601334000183
RE1,OR_TERILU,2051,1.350959312551497
RE1,OR_TERILU,2052,1.395757537535962
RE1,OR_TERILU,2053,1.440421778737113
RE1,OR_TERILU,2054,1.486515275656701
RE1,OR_TERMPW,2022,0.5339969631433992
RE1,OR_TERMPW,2023,0.5522187917358351
RE1,OR_TERMPW,2024,0.5712527050941401
RE1,OR_TERMPW,2025,0.5915738292825453
RE1,OR_TERMPW,2026,0.6152250099905188
RE1,OR_TERMPW,2027,0.6375144332214897
RE1,OR_TERMPW,2028,0.6591157145446759
RE1,OR_TERMPW,2029,0.681890577631723
RE1,OR_TERMPW,2030,0.7051261383525144
RE1,OR_TERMPW,2031,0.7244094942429092
RE1,OR_TERMPW,2032,0.743381796232138
RE1,OR_TERMPW,2033,0.762667886393046
RE1,OR_TERMPW,2034,0.7815386301882382
RE1,OR_TERMPW,2035,0.80007615457952
RE1,OR_TERMPW,2036,0.8184551598823648
RE1,OR_TERMPW,2037,0.8370016384874567
RE1,OR_TERMPW,2038,0.8560817671657355
RE1,OR_TERMPW,2039,0.8760651396895236
RE1,OR_TERMPW,2040,0.8972732141071973
RE1,OR_TERMPW,2041,0.9199474077508488
RE1,OR_TERMPW,2042,0.9442461668045983
RE1,OR_TERMPW,2043,0.9702473058545255
RE1,OR_TERMPW,2044,0.9979711650469913
RE1,OR_TERMPW,2045,1.027400726067502
RE1,OR_TERMPW,2046,1.058498940820878
RE1,OR_TERMPW,2047,1.091221762105561
RE1,OR_TERMPW,2048,1.125526933077276
RE1,OR_TERMPW,2049,1.161379289598148
RE1,OR_TERMPW,2050,1.198753493285288
RE1,OR_TERMPW,2051,1.23807128849058
RE1,OR_TERMPW,2052,1.278803354850181
RE1,OR_TERMPW,2053,1.319480919195054
RE1,OR_TERMPW,2054,1.36152156258822
RE1,OR_TEROTH,2022,2.618187503469629
RE1,OR_TEROTH,2023,2.707157713421938
RE1,OR_TEROTH,2024,2.798508600070193
RE1,OR_TEROTH,2025,2.896933753219646
RE1,OR_TEROTH,2026,3.011178362804658
RE1,OR_TEROTH,2027,3.118092593280155
RE1,OR_TEROTH,2028,3.220748636066769
RE1,OR_TEROTH,2029,3.327956429106181
RE1,OR_TEROTH,2030,3.435870518993773
RE1,OR_TEROTH,2031,3.546122865687515
RE1,OR_TEROTH,2032,3.659893670000992
RE1,OR_TEROTH,2033,3.780926773443312
RE1,OR_TEROTH,2034,3.905948264593721
RE1,OR_TEROTH,2035,4.035129060433781
RE1,OR_TEROTH,2036,4.168488900421477
RE1,OR_TEROTH,2037,4.306272987685482
RE1,OR_TEROTH,2038,4.448624258299345
RE1,OR_TEROTH,2039,4.595695119113724
RE1,OR_TEROTH,2040,4.747649095803059
RE1,OR_TEROTH,2041,4.904653740957959
RE1,OR_TEROTH,2042,5.066902221537886
RE1,OR_TEROTH,2043,5.234570667430882
RE1,OR_TEROTH,2044,5.407841178964242
RE1,OR_TEROTH,2045,5.586902000671158
RE1,OR_TEROTH,2046,5.771947715838884
RE1,OR_TEROTH,2047,5.963179458029164
RE1,OR_TEROTH,2048,6.160805133115598
RE1,OR_TEROTH,2049,6.365039648570493
RE1,OR_TEROTH,2050,6.576105149599321
RE1,OR_TEROTH,2051,6.794182469693573
RE1,OR_TEROTH,2052,7.019504402397732
RE1,OR_TEROTH,2053,7.244128543274462
RE1,OR_TEROTH,2054,7.475940656659246
RE1,OR_TERREF_AUC,2022,0.4149462441503433
RE1,OR_TERREF_AUC,2023,0.4290845133342552
RE1,OR_TERREF_AUC,2024,0.4437629079095742
RE1,OR_TERREF_AUC,2025,0.4594853965873154
RE1,OR_TERREF_AUC,2026,0.4777665272431368
RE1,OR_TERREF_AUC,2027,0.4949533350766743
RE1,OR_TERREF_AUC,2028,0.5115565026124191
RE1,OR_TERREF_AUC,2029,0.5290061263359812
RE1,OR_TERREF_AUC,2030,0.5467304938094044
RE1,OR_TERREF_AUC,2031,0.5590404196330704
RE1,OR_TERREF_AUC,2032,0.5702924530275129
RE1,OR_TERREF_AUC,2033,0.5808576525010257
RE1,OR_TERREF_AUC,2034,0.5901253802512886
RE1,OR_TERREF_AUC,2035,0.5981964784108672
RE1,OR_TERREF_AUC,2036,0.6053414540434546
RE1,OR_TERREF_AUC,2037,0.6120309078608686
RE1,OR_TERREF_AUC,2038,0.6188150821657086
RE1,OR_TERREF_AUC,2039,0.6262480304352656
RE1,OR_TERREF_AUC,2040,0.6348066181598329
RE1,OR_TERREF_AUC,2041,0.644841718437123
RE1,OR_TERREF_AUC,2042,0.6565701337619049
RE1,OR_TERREF_AUC,2043,0.670085153150525
RE1,OR_TERREF_AUC,2044,0.6853890927451675
RE1,OR_TERREF_AUC,2045,0.7024247685708318
RE1,OR_TERREF_AUC,2046,0.7211026012764705
RE1,OR_TERREF_AUC,2047,0.7413209876628563
RE1,OR_TERREF_AUC,2048,0.762980028918913
RE1,OR_TERREF_AUC,2049,0.7859897969506636
RE1,OR_TERREF_AUC,2050,0.8102745761196551
RE1,OR_TERREF_AUC,2051,0.8364654832498636
RE1,OR_TERREF_AUC,2052,0.8636958346594679
RE1,OR_TERREF_AUC,2053,0.8909517704135033
RE1,OR_TERREF_AUC,2054,0.9191760445515067
RE1,OR_TERREF_CEN,2022,0.9793375848803028
RE1,OR_TERREF_CEN,2023,1.012706096084234
RE1,OR_TERREF_CEN,2024,1.047349387103165
RE1,OR_TERREF_CEN,2025,1.084456902370585
RE1,OR_TERREF_CEN,2026,1.127603210109827
RE1,OR_TERREF_CEN,2027,1.168166746020276
RE1,OR_TERREF_CEN,2028,1.207352800178
RE1,OR_TERREF_CEN,2029,1.248536622408986
RE1,OR_TERREF_CEN,2030,1.290368882562338
RE1,OR_TERREF_CEN,2031,1.31942221946117
RE1,OR_TERREF_CEN,2032,1.345978765917132
RE1,OR_TERREF_CEN,2033,1.370914277641923
RE1,OR_TERREF_CEN,2034,1.392787554578928
RE1,OR_TERREF_CEN,2035,1.411836599823617
RE1,OR_TERREF_CEN,2036,1.428699852060963
RE1,OR_TERREF_CEN,2037,1.444488002063691
RE1,OR_TERREF_CEN,2038,1.460499707128558
RE1,OR_TERREF_CEN,2039,1.478042619516531
RE1,OR_TERREF_CEN,2040,1.498242215850573
RE1,OR_TERREF_CEN,2041,1.521926611138249
RE1,OR_TERREF_CEN,2042,1.549607492940576
RE1,OR_TERREF_CEN,2043,1.581505037825609
RE1,OR_TERREF_CEN,2044,1.617624712248643
RE1,OR_TERREF_CEN,2045,1.657831553146967
RE1,OR_TERREF_CEN,2046,1.701914139338808
RE1,OR_TERREF_CEN,2047,1.74963267149317
RE1,OR_TERREF_CEN,2048,1.800751372899814
RE1,OR_TERREF_CEN,2049,1.855057999289486
RE1,OR_TERREF_CEN,2050,1.912373849995426
RE1,OR_TERREF_CEN,2051,1.974188458746119
RE1,OR_TERREF_CEN,2052,2.038456317440754
RE1,OR_TERREF_CEN,2053,2.10278455916196
RE1,OR_TERREF_CEN,2054,2.169398229869862
RE1,OR_TRAAVI,2022,0.0
RE1,OR_TRAAVI,2023,0.0
RE1,OR_TRAAVI,2024,0.0
RE1,OR_TRAAVI,2025,0.0
RE1,OR_TRAAVI,2026,0.0
RE1,OR_TRAAVI,2027,0.0
RE1,OR_TRAAVI,2028,0.0
RE1,OR_TRAAVI,2029,0.0
RE1,OR_TRAAVI,2030,0.0
RE1,OR_TRAAVI,2031,0.0
RE1,OR_TRAAVI,2032,0.0
RE1,OR_TRAAVI,2033,0.0
RE1,OR_TRAAVI,2034,0.0
RE1,OR_TRAAVI,2035,0.0
RE1,OR_TRAAVI,2036,0.0
RE1,OR_TRAAVI,2037,0.0
RE1,OR_TRAAVI,2038,0.0
RE1,OR_TRAAVI,2039,0.0
RE1,OR_TRAAVI,2040,0.0
RE1,OR_TRAAVI,2041,0.0
RE1,OR_TRAAVI,2042,0.0
RE1,OR_TRAAVI,2043,0.0
RE1,OR_TRAAVI,2044,0.0
RE1,OR_TRAAVI,2045,0.0
RE1,OR_TRAAVI,2046,0.0
RE1,OR_TRAAVI,2047,0.0
RE1,OR_TRAAVI,2048,0.0
RE1,OR_TRAAVI,2049,0.0
RE1,OR_TRAAVI,2050,0.0
RE1,OR_TRAAVI,2051,0.0
RE1,OR_TRAAVI,2052,0.0
RE1,OR_TRAAVI,2053,0.0
RE1,OR_TRAAVI,2054,0.0
RE1,OR_TRABUS,2022,0.0
RE1,OR_TRABUS,2023,0.0
RE1,OR_TRABUS,2024,0.0
RE1,OR_TRABUS,2025,0.0
RE1,OR_TRABUS,2026,0.0
RE1,OR_TRABUS,2027,0.0
RE1,OR_TRABUS,2028,0.0
RE1,OR_TRABUS,2029,0.0
RE1,OR_TRABUS,2030,0.0
RE1,OR_TRABUS,2031,0.0
RE1,OR_TRABUS,2032,0.0
RE1,OR_TRABUS,2033,0.0
RE1,OR_TRABUS,2034,0.0
RE1,OR_TRABUS,2035,0.0
RE1,OR_TRABUS,2036,0.0
RE1,OR_TRABUS,2037,0.0
RE1,OR_TRABUS,2038,0.0
RE1,OR_TRABUS,2039,0.0
RE1,OR_TRABUS,2040,0.0
RE1,OR_TRABUS,2041,0.0
RE1,OR_TRABUS,2042,0.0
RE1,OR_TRABUS,2043,0.0
RE1,OR_TRABUS,2044,0.0
RE1,OR_TRABUS,2045,0.0
RE1,OR_TRABUS,2046,0.0
RE1,OR_TRABUS,2047,0.0
RE1,OR_TRABUS,2048,0.0
RE1,OR_TRABUS,2049,0.0
RE1,OR_TRABUS,2050,0.0
RE1,OR_TRABUS,2051,0.0
RE1,OR_TRABUS,2052,0.0
RE1,OR_TRABUS,2053,0.0
RE1,OR_TRABUS,2054,0.0
RE1,OR_TRAFWD,2022,0.0
RE1,OR_TRAFWD,2023,0.0
RE1,OR_TRAFWD,2024,0.0
RE1,OR_TRAFWD,2025,0.0
RE1,OR_TRAFWD,2026,0.0
RE1,OR_TRAFWD,2027,0.0
RE1,OR_TRAFWD,2028,0.0
RE1,OR_TRAFWD,2029,0.0
RE1,OR_TRAFWD,2030,0.0
RE1,OR_TRAFWD,2031,0.0
RE1,OR_TRAFWD,2032,0.0
RE1,OR_TRAFWD,2033,0.0
RE1,OR_TRAFWD,2034,0.0
RE1,OR_TRAFWD,2035,0.0
RE1,OR_TRAFWD,2036,0.0
RE1,OR_TRAFWD,2037,0.0
RE1,OR_TRAFWD,2038,0.0
RE1,OR_TRAFWD,2039,0.0
RE1,OR_TRAFWD,2040,0.0
RE1,OR_TRAFWD,2041,0.0
RE1,OR_TRAFWD,2042,0.0
RE1,OR_TRAFWD,2043,0.0
RE1,OR_TRAFWD,2044,0.0
RE1,OR_TRAFWD,2045,0.0
RE1,OR_TRAFWD,2046,0.0
RE1,OR_TRAFWD,2047,0.0
RE1,OR_TRAFWD,2048,0.0
RE1,OR_TRAFWD,2049,0.0
RE1,OR_TRAFWD,2050,0.0
RE1,OR_TRAFWD,2051,0.0
RE1,OR_TRAFWD,2052,0.0
RE1,OR_TRAFWD,2053,0.0
RE1,OR_TRAFWD,2054,0.0
RE1,OR_TRALDV,2022,0.0
RE1,OR_TRALDV,2023,0.0
RE1,OR_TRALDV,2024,0.0
RE1,OR_TRALDV,2025,0.0
RE1,OR_TRALDV,2026,0.0
RE1,OR_TRALDV,2027,0.0
RE1,OR_TRALDV,2028,0.0
RE1,OR_TRALDV,2029,0.0
RE1,OR_TRALDV,2030,0.0
RE1,OR_TRALDV,2031,0.0
RE1,OR_TRALDV,2032,0.0
RE1,OR_TRALDV,2033,0.0
RE1,OR_TRALDV,2034,0.0
RE1,OR_TRALDV,2035,0.0
RE1,OR_TRALDV,2036,0.0
RE1,OR_TRALDV,2037,0.0
RE1,OR_TRALDV,2038,0.0
RE1,OR_TRALDV,2039,0.0
RE1,OR_TRALDV,2040,0.0
RE1,OR_TRALDV,2041,0.0
RE1,OR_TRALDV,2042,0.0
RE1,OR_TRALDV,2043,0.0
RE1,OR_TRALDV,2044,0.0
RE1,OR_TRALDV,2045,0.0
RE1,OR_TRALDV,2046,0.0
RE1,OR_TRALDV,2047,0.0
RE1,OR_TRALDV,2048,0.0
RE1,OR_TRALDV,2049,0.0
RE1,OR_TRALDV,2050,0.0
RE1,OR_TRALDV,2051,0.0
RE1,OR_TRALDV,2052,0.0
RE1,OR_TRALDV,2053,0.0
RE1,OR_TRALDV,2054,0.0
RE1,OR_TRAMAS,2022,0.0
RE1,OR_TRAMAS,2023,0.0
RE1,OR_TRAMAS,2024,0.0
RE1,OR_TRAMAS,2025,0.0
RE1,OR_TRAMAS,2026,0.0
RE1,OR_TRAMAS,2027,0.0
RE1,OR_TRAMAS,2028,0.0
RE1,OR_TRAMAS,2029,0.0
RE1,OR_TRAMAS,2030,0.0
RE1,OR_TRAMAS,2031,0.0
RE1,OR_TRAMAS,2032,0.0
RE1,OR_TRAMAS,2033,0.0
RE1,OR_TRAMAS,2034,0.0
RE1,OR_TRAMAS,2035,0.0
RE1,OR_TRAMAS,2036,0.0
RE1,OR_TRAMAS,2037,0.0
RE1,OR_TRAMAS,2038,0.0
RE1,OR_TRAMAS,2039,0.0
RE1,OR_TRAMAS,2040,0.0
RE1,OR_TRAMAS,2041,0.0
RE1,OR_TRAMAS,2042,0.0
RE1,OR_TRAMAS,2043,0.0
RE1,OR_TRAMAS,2044,0.0
RE1,OR_TRAMAS,2045,0.0
RE1,OR_TRAMAS,2046,0.0
RE1,OR_TRAMAS,2047,0.0
RE1,OR_TRAMAS,2048,0.0
RE1,OR_TRAMAS,2049,0.0
RE1,OR_TRAMAS,2050,0.0
RE1,OR_TRAMAS,2051,0.0
RE1,OR_TRAMAS,2052,0.0
RE1,OR_TRAMAS,2053,0.0
RE1,OR_TRAMAS,2054,0.0
RE1,OR_TRAMET,2022,0.2502073820026811
RE1,OR_TRAMET,2023,0.241825774608579
RE1,OR_TRAMET,2024,0.2435426971286864
RE1,OR_TRAMET,2025,0.5065482573726542
RE1,OR_TRAMET,2026,0.9360388739946381
RE1,OR_TRAMET,2027,1.278666219839142
RE1,OR_TRAMET,2028,1.862580428954424
RE1,OR_TRAMET,2029,1.869819034852547
RE1,OR_TRAMET,2030,1.889121983914209
RE1,OR_TRAMET,2031,1.891534852546917
RE1,OR_TRAMET,2032,1.954269436997319
RE1,OR_TRAMET,2033,1.947030831099196
RE1,OR_TRAMET,2034,1.973572386058981
RE1,OR_TRAMET,2035,2.036306970509383
RE1,OR_TRAMET,2036,2.09421581769437
RE1,OR_TRAMET,2037,2.077325737265415
RE1,OR_TRAMET,2038,2.096628686327078
RE1,OR_TRAMET,2039,2.096628686327078
RE1,OR_TRAMET,2040,2.096628686327078
RE1,OR_TRAMET,2041,2.096628686327078
RE1,OR_TRAMET,2042,2.096628686327078
RE1,OR_TRAMET,2043,2.096628686327078
RE1,OR_TRAMET,2044,2.096628686327078
RE1,OR_TRAMET,2045,2.096628686327078
RE1,OR_TRAMET,2046,2.096628686327078
RE1,OR_TRAMET,2047,2.096628686327078
RE1,OR_TRAMET,2048,2.096628686327078
RE1,OR_TRAMET,2049,2.096628686327078
RE1,OR_TRAMET,2050,2.096628686327078
RE1,OR_TRAMET,2051,2.096628686327078
RE1,OR_TRAMET,2052,2.096628686327078
RE1,OR_TRAMET,2053,2.096628686327078
RE1,OR_TRAMET,2054,2.096628686327078
RE1,OR_TRAMIC,2022,0.0
RE1,OR_TRAMIC,2023,0.0
RE1,OR_TRAMIC,2024,0.0
RE1,OR_TRAMIC,2025,0.0
RE1,OR_TRAMIC,2026,0.0
RE1,OR_TRAMIC,2027,0.0
RE1,OR_TRAMIC,2028,0.0
RE1,OR_TRAMIC,2029,0.0
RE1,OR_TRAMIC,2030,0.0
RE1,OR_TRAMIC,2031,0.0
RE1,OR_TRAMIC,2032,0.0
RE1,OR_TRAMIC,2033,0.0
RE1,OR_TRAMIC,2034,0.0
RE1,OR_TRAMIC,2035,0.0
RE1,OR_TRAMIC,2036,0.0
RE1,OR_TRAMIC,2037,0.0
RE1,OR_TRAMIC,2038,0.0
RE1,OR_TRAMIC,2039,0.0
RE1,OR_TRAMIC,2040,0.0
RE1,OR_TRAMIC,2041,0.0
RE1,OR_TRAMIC,2042,0.0
RE1,OR_TRAMIC,2043,0.0
RE1,OR_TRAMIC,2044,0.0
RE1,OR_TRAMIC,2045,0.0
RE1,OR_TRAMIC,2046,0.0
RE1,OR_TRAMIC,2047,0.0
RE1,OR_TRAMIC,2048,0.0
RE1,OR_TRAMIC,2049,0.0
RE1,OR_TRAMIC,2050,0.0
RE1,OR_TRAMIC,2051,0.0
RE1,OR_TRAMIC,2052,0.0
RE1,OR_TRAMIC,2053,0.0
RE1,OR_TRAMIC,2054,0.0
RE1,OR_TRAMTC,2022,0.0
RE1,OR_TRAMTC,2023,0.0
RE1,OR_TRAMTC,2024,0.0
RE1,OR_TRAMTC,2025,0.0
RE1,OR_TRAMTC,2026,0.0
RE1,OR_TRAMTC,2027,0.0
RE1,OR_TRAMTC,2028,0.0
RE1,OR_TRAMTC,2029,0.0
RE1,OR_TRAMTC,2030,0.0
RE1,OR_TRAMTC,2031,0.0
RE1,OR_TRAMTC,2032,0.0
RE1,OR_TRAMTC,2033,0.0
RE1,OR_TRAMTC,2034,0.0
RE1,OR_TRAMTC,2035,0.0
RE1,OR_TRAMTC,2036,0.0
RE1,OR_TRAMTC,2037,0.0
RE1,OR_TRAMTC,2038,0.0
RE1,OR_TRAMTC,2039,0.0
RE1,OR_TRAMTC,2040,0.0
RE1,OR_TRAMTC,2041,0.0
RE1,OR_TRAMTC,2042,0.0
RE1,OR_TRAMTC,2043,0.0
RE1,OR_TRAMTC,2044,0.0
RE1,OR_TRAMTC,2045,0.0
RE1,OR_TRAMTC,2046,0.0
RE1,OR_TRAMTC,2047,0.0
RE1,OR_TRAMTC,2048,0.0
RE1,OR_TRAMTC,2049,0.0
RE1,OR_TRAMTC,2050,0.0
RE1,OR_TRAMTC,2051,0.0
RE1,OR_TRAMTC,2052,0.0
RE1,OR_TRAMTC,2053,0.0
RE1,OR_TRAMTC,2054,0.0
RE1,OR_TRARVT,2022,0.0
RE1,OR_TRARVT,2023,0.0
RE1,OR_TRARVT,2024,0.0
RE1,OR_TRARVT,2025,0.0
RE1,OR_TRARVT,2026,0.0
RE1,OR_TRARVT,2027,0.0
RE1,OR_TRARVT,2028,0.0
RE1,OR_TRARVT,2029,0.0
RE1,OR_TRARVT,2030,0.0
RE1,OR_TRARVT,2031,0.0
RE1,OR_TRARVT,2032,0.0
RE1,OR_TRARVT,2033,0.0
RE1,OR_TRARVT,2034,0.0
RE1,OR_TRARVT,2035,0.0
RE1,OR_TRARVT,2036,0.0
RE1,OR_TRARVT,2037,0.0
RE1,OR_TRARVT,2038,0.0
RE1,OR_TRARVT,2039,0.0
RE1,OR_TRARVT,2040,0.0
RE1,OR_TRARVT,2041,0.0
RE1,OR_TRARVT,2042,0.0
RE1,OR_TRARVT,2043,0.0
RE1,OR_TRARVT,2044,0.0
RE1,OR_TRARVT,2045,0.0
RE1,OR_TRARVT,2046,0.0
RE1,OR_TRARVT,2047,0.0
RE1,OR_TRARVT,2048,0.0
RE1,OR_TRARVT,2049,0.0
RE1,OR_TRARVT,2050,0.0
RE1,OR_TRARVT,2051,0.0
RE1,OR_TRARVT,2052,0.0
RE1,OR_TRARVT,2053,0.0
RE1,OR_TRARVT,2054,0.0
RE1,OR_TRASTT,2022,0.0
RE1,OR_TRASTT,2023,0.0
RE1,OR_TRASTT,2024,0.0
RE1,OR_TRASTT,2025,0.0
RE1,OR_TRASTT,2026,0.0
RE1,OR_TRASTT,2027,0.0
RE1,OR_TRASTT,2028,0.0
RE1,OR_TRASTT,2029,0.0
RE1,OR_TRASTT,2030,0.0
RE1,OR_TRASTT,2031,0.0
RE1,OR_TRASTT,2032,0.0
RE1,OR_TRASTT,2033,0.0
RE1,OR_TRASTT,2034,0.0
RE1,OR_TRASTT,2035,0.0
RE1,OR_TRASTT,2036,0.0
RE1,OR_TRASTT,2037,0.0
RE1,OR_TRASTT,2038,0.0
RE1,OR_TRASTT,2039,0.0
RE1,OR_TRASTT,2040,0.0
RE1,OR_TRASTT,2041,0.0
RE1,OR_TRASTT,2042,0.0
RE1,OR_TRASTT,2043,0.0
RE1,OR_TRASTT,2044,0.0
RE1,OR_TRASTT,2045,0.0
RE1,OR_TRASTT,2046,0.0
RE1,OR_TRASTT,2047,0.0
RE1,OR_TRASTT,2048,0.0
RE1,OR_TRASTT,2049,0.0
RE1,OR_TRASTT,2050,0.0
RE1,OR_TRASTT,2051,0.0
RE1,OR_TRASTT,2052,0.0
RE1,OR_TRASTT,2053,0.0
RE1,OR_TRASTT,2054,0.0
RE1,OR_TRATAX,2022,0.0
RE1,OR_TRATAX,2023,0.0
RE1,OR_TRATAX,2024,0.0
RE1,OR_TRATAX,2025,0.0
RE1,OR_TRATAX,2026,0.0
RE1,OR_TRATAX,2027,0.0
RE1,OR_TRATAX,2028,0.0
RE1,OR_TRATAX,2029,0.0
RE1,OR_TRATAX,2030,0.0
RE1,OR_TRATAX,2031,0.0
RE1,OR_TRATAX,2032,0.0
RE1,OR_TRATAX,2033,0.0
RE1,OR_TRATAX,2034,0.0
RE1,OR_TRATAX,2035,0.0
RE1,OR_TRATAX,2036,0.0
RE1,OR_TRATAX,2037,0.0
RE1,OR_TRATAX,2038,0.0
RE1,OR_TRATAX,2039,0.0
RE1,OR_TRATAX,2040,0.0
RE1,OR_TRATAX,2041,0.0
RE1,OR_TRATAX,2042,0.0
RE1,OR_TRATAX,2043,0.0
RE1,OR_TRATAX,2044,0.0
RE1,OR_TRATAX,2045,0.0
RE1,OR_TRATAX,2046,0.0
RE1,OR_TRATAX,2047,0.0
RE1,OR_TRATAX,2048,0.0
RE1,OR_TRATAX,2049,0.0
RE1,OR_TRATAX,2050,0.0
RE1,OR_TRATAX,2051,0.0
RE1,OR_TRATAX,2052,0.0
RE1,OR_TRATAX,2053,0.0
RE1,OR_TRATAX,2054,0.0
RE1,OR_TRATCK,2022,0.0
RE1,OR_TRATCK,2023,0.0
RE1,OR_TRATCK,2024,0.0
RE1,OR_TRATCK,2025,0.0
RE1,OR_TRATCK,2026,0.0
RE1,OR_TRATCK,2027,0.0
RE1,OR_TRATCK,2028,0.0
RE1,OR_TRATCK,2029,0.0
RE1,OR_TRATCK,2030,0.0
RE1,OR_TRATCK,2031,0.0
RE1,OR_TRATCK,2032,0.0
RE1,OR_TRATCK,2033,0.0
RE1,OR_TRATCK,2034,0.0
RE1,OR_TRATCK,2035,0.0
RE1,OR_TRATCK,2036,0.0
RE1,OR_TRATCK,2037,0.0
RE1,OR_TRATCK,2038,0.0
RE1,OR_TRATCK,2039,0.0
RE1,OR_TRATCK,2040,0.0
RE1,OR_TRATCK,2041,0.0
RE1,OR_TRATCK,2042,0.0
RE1,OR_TRATCK,2043,0.0
RE1,OR_TRATCK,2044,0.0
RE1,OR_TRATCK,2045,0.0
RE1,OR_TRATCK,2046,0.0
RE1,OR_TRATCK,2047,0.0
RE1,OR_TRATCK,2048,0.0
RE1,OR_TRATCK,2049,0.0
RE1,OR_TRATCK,2050,0.0
RE1,OR_TRATCK,2051,0.0
RE1,OR_TRATCK,2052,0.0
RE1,OR_TRATCK,2053,0.0
RE1,OR_TRATCK,2054,0.0
RE1,SE_AGFELC,2022,0.01785679959073283
RE1,SE_AGFELC,2023,0.01877758557594442
RE1,SE_AGFELC,2024,0.01908397644335426
RE1,SE_AGFELC,2025,0.01979021510702476
RE1,SE_AGFELC,2026,0.02033319339859573
RE1,SE_AGFELC,2027,0.02091652081525106
RE1,SE_AGFELC,2028,0.02152449961588682
RE1,SE_AGFELC,2029,0.02215224933250039
RE1,SE_AGFELC,2030,0.02279548691626916
RE1,SE_AGFELC,2031,0.0234543615737778
RE1,SE_AGFELC,2032,0.02413457351895123
RE1,SE_AGFELC,2033,0.02483716859460621
RE1,SE_AGFELC,2034,0.02556015229426493
RE1,SE_AGFELC,2035,0.02634419454264654
RE1,SE_AGFELC,2036,0.02715179149893661
RE1,SE_AGFELC,2037,0.02801637870379243
RE1,SE_AGFELC,2038,0.02890713591227352
RE1,SE_AGFELC,2039,0.02982487874461455
RE1,SE_AGFELC,2040,0.03077042314876214
RE1,SE_AGFELC,2041,0.03174462023382901
RE1,SE_AGFELC,2042,0.0328472107545577
RE1,SE_AGFELC,2043,0.03398385900698857
RE1,SE_AGFELC,2044,0.0351555937392858
RE1,SE_AGFELC,2045,0.03636347618556991
RE1,SE_AGFELC,2046,0.03760860113203735
RE1,SE_AGFELC,2047,0.0388921213416131
RE1,SE_AGFELC,2048,0.04028290614928735
RE1,SE_AGFELC,2049,0.0418193301846575
RE1,SE_AGFELC,2050,0.04340494983944018
RE1,SE_AGFELC,2051,0.04504123275735929
RE1,SE_AGFELC,2052,0.04672968502999603
RE1,SE_AGFELC,2053,0.04847182896339466
RE1,SE_AGFELC,2054,0.05028363210629618
RE1,SE_AGFHEA,2022,0.0
RE1,SE_AGFHEA,2023,0.0
RE1,SE_AGFHEA,2024,0.0
RE1,SE_AGFHEA,2025,0.0
RE1,SE_AGFHEA,2026,0.0
RE1,SE_AGFHEA,2027,0.0
RE1,SE_AGFHEA,2028,0.0
RE1,SE_AGFHEA,2029,0.0
RE1,SE_AGFHEA,2030,0.0
RE1,SE_AGFHEA,2031,0.0
RE1,SE_AGFHEA,2032,0.0
RE1,SE_AGFHEA,2033,0.0
RE1,SE_AGFHEA,2034,0.0
RE1,SE_AGFHEA,2035,0.0
RE1,SE_AGFHEA,2036,0.0
RE1,SE_AGFHEA,2037,0.0
RE1,SE_AGFHEA,2038,0.0
RE1,SE_AGFHEA,2039,0.0
RE1,SE_AGFHEA,2040,0.0
RE1,SE_AGFHEA,2041,0.0
RE1,SE_AGFHEA,2042,0.0
RE1,SE_AGFHEA,2043,0.0
RE1,SE_AGFHEA,2044,0.0
RE1,SE_AGFHEA,2045,0.0
RE1,SE_AGFHEA,2046,0.0
RE1,SE_AGFHEA,2047,0.0
RE1,SE_AGFHEA,2048,0.0
RE1,SE_AGFHEA,2049,0.0
RE1,SE_AGFHEA,2050,0.0
RE1,SE_AGFHEA,2051,0.0
RE1,SE_AGFHEA,2052,0.0
RE1,SE_AGFHEA,2053,0.0
RE1,SE_AGFHEA,2054,0.0
RE1,SE_RESCLIM,2022,0.008663
RE1,SE_RESCLIM,2023,0.00843
RE1,SE_RESCLIM,2024,0.010899
RE1,SE_RESCLIM,2025,0.012221
RE1,SE_RESCLIM,2026,0.013377
RE1,SE_RESCLIM,2027,0.0146
RE1,SE_RESCLIM,2028,0.015877
RE1,SE_RESCLIM,2029,0.017227
RE1,SE_RESCLIM,2030,0.018639
RE1,SE_RESCLIM,2031,0.020109
RE1,SE_RESCLIM,2032,0.021634
RE1,SE_RESCLIM,2033,0.023225
RE1,SE_RESCLIM,2034,0.024871
RE1,SE_RESCLIM,2035,0.026572
RE1,SE_RESCLIM,2036,0.028181
RE1,SE_RESCLIM,2037,0.029988
RE1,SE_RESCLIM,2038,0.031851
RE1,SE_RESCLIM,2039,0.033774
RE1,SE_RESCLIM,2040,0.035756
RE1,SE_RESCLIM,2041,0.037788
RE1,SE_RESCLIM,2042,0.039877
RE1,SE_RESCLIM,2043,0.042032
RE1,SE_RESCLIM,2044,0.044247
RE1,SE_RESCLIM,2045,0.046513
RE1,SE_RESCLIM,2046,0.048846
RE1,SE_RESCLIM,2047,0.051238
RE1,SE_RESCLIM,2048,0.053715
RE1,SE_RESCLIM,2049,0.056227
RE1,SE_RESCLIM,2050,0.058847
RE1,SE_RESCLIM,2051,0.060168
RE1,SE_RESCLIM,2052,0.0615
RE1,SE_RESCLIM,2053,0.062843
RE1,SE_RESCLIM,2054,0.064198
RE1,SE_RESDHT,2022,0.412583
RE1,SE_RESDHT,2023,0.554243
RE1,SE_RESDHT,2024,0.530921
RE1,SE_RESDHT,2025,0.556372
RE1,SE_RESDHT,2026,0.567629
RE1,SE_RESDHT,2027,0.579485
RE1,SE_RESDHT,2028,0.591622
RE1,SE_RESDHT,2029,0.604197
RE1,SE_RESDHT,2030,0.617326
RE1,SE_RESDHT,2031,0.640947
RE1,SE_RESDHT,2032,0.665159
RE1,SE_RESDHT,2033,0.689949
RE1,SE_RESDHT,2034,0.715392
RE1,SE_RESDHT,2035,0.741304
RE1,SE_RESDHT,2036,0.769033
RE1,SE_RESDHT,2037,0.795655
RE1,SE_RESDHT,2038,0.822642
RE1,SE_RESDHT,2039,0.849879
RE1,SE_RESDHT,2040,0.877385
RE1,SE_RESDHT,2041,0.904121
RE1,SE_RESDHT,2042,0.931133
RE1,SE_RESDHT,2043,0.958185
RE1,SE_RESDHT,2044,0.985198
RE1,SE_RESDHT,2045,1.012148
RE1,SE_RESDHT,2046,1.038619
RE1,SE_RESDHT,2047,1.064945
RE1,SE_RESDHT,2048,1.091082
RE1,SE_RESDHT,2049,1.116879
RE1,SE_RESDHT,2050,1.143261
RE1,SE_RESDHT,2051,1.171797
RE1,SE_RESDHT,2052,1.200385
RE1,SE_RESDHT,2053,1.228825
RE1,SE_RESDHT,2054,1.257249
RE1,SE_RESOTH,2022,0.035379
RE1,SE_RESOTH,2023,0.037612
RE1,SE_RESOTH,2024,0.038483
RE1,SE_RESOTH,2025,0.041037
RE1,SE_RESOTH,2026,0.042758
RE1,SE_RESOTH,2027,0.044586
RE1,SE_RESOTH,2028,0.046503
RE1,SE_RESOTH,2029,0.048521
RE1,SE_RESOTH,2030,0.050662
RE1,SE_RESOTH,2031,0.052887
RE1,SE_RESOTH,2032,0.055185
RE1,SE_RESOTH,2033,0.057546
RE1,SE_RESOTH,2034,0.059989
RE1,SE_RESOTH,2035,0.06249
RE1,SE_RESOTH,2036,0.065248
RE1,SE_RESOTH,2037,0.067858
RE1,SE_RESOTH,2038,0.070521
RE1,SE_RESOTH,2039,0.073227
RE1,SE_RESOTH,2040,0.075979
RE1,SE_RESOTH,2041,0.078761
RE1,SE_RESOTH,2042,0.081596
RE1,SE_RESOTH,2043,0.084456
RE1,SE_RESOTH,2044,0.087335
RE1,SE_RESOTH,2045,0.090234
RE1,SE_RESOTH,2046,0.093163
RE1,SE_RESOTH,2047,0.096103
RE1,SE_RESOTH,2048,0.099043
RE1,SE_RESOTH,2049,0.101981
RE1,SE_RESOTH,2050,0.105075
RE1,SE_RESOTH,2051,0.108047
RE1,SE_RESOTH,2052,0.111032
RE1,SE_RESOTH,2053,0.113816
RE1,SE_RESOTH,2054,0.116598
RE1,SE_RESREF,2022,0.01753
RE1,SE_RESREF,2023,0.019294
RE1,SE_RESREF,2024,0.018739
RE1,SE_RESREF,2025,0.020877
RE1,SE_RESREF,2026,0.021934
RE1,SE_RESREF,2027,0.023036
RE1,SE_RESREF,2028,0.024161
RE1,SE_RESREF,2029,0.02534
RE1,SE_RESREF,2030,0.026552
RE1,SE_RESREF,2031,0.027545
RE1,SE_RESREF,2032,0.028539
RE1,SE_RESREF,2033,0.029549
RE1,SE_RESREF,2034,0.030561
RE1,SE_RESREF,2035,0.031576
RE1,SE_RESREF,2036,0.032398
RE1,SE_RESREF,2037,0.033419
RE1,SE_RESREF,2038,0.034443
RE1,SE_RESREF,2039,0.035476
RE1,SE_RESREF,2040,0.036516
RE1,SE_RESREF,2041,0.037554
RE1,SE_RESREF,2042,0.038597
RE1,SE_RESREF,2043,0.039654
RE1,SE_RESREF,2044,0.040719
RE1,SE_RESREF,2045,0.041784
RE1,SE_RESREF,2046,0.042861
RE1,SE_RESREF,2047,0.043945
RE1,SE_RESREF,2048,0.045058
RE1,SE_RESREF,2049,0.046153
RE1,SE_RESREF,2050,0.047289
RE1,SE_RESREF,2051,0.048364
RE1,SE_RESREF,2052,0.049447
RE1,SE_RESREF,2053,0.050538
RE1,SE_RESREF,2054,0.051638
RE1,SE_TERCLIM_CEN,2022,0.004999943334728678
RE1,SE_TERCLIM_CEN,2023,0.005170303651664828
RE1,SE_TERCLIM_CEN,2024,0.005347170991457911
RE1,SE_TERCLIM_CEN,2025,0.005536618897447113
RE1,SE_TERCLIM_CEN,2026,0.005756899092725608
RE1,SE_TERCLIM_CEN,2027,0.005963991851145701
RE1,SE_TERCLIM_CEN,2028,0.006164052051102317
RE1,SE_TERCLIM_CEN,2029,0.006374311052683145
RE1,SE_TERCLIM_CEN,2030,0.00658788057589082
RE1,SE_TERCLIM_CEN,2031,0.006736208171957755
RE1,SE_TERCLIM_CEN,2032,0.006871788500041288
RE1,SE_TERCLIM_CEN,2033,0.00699909264716047
RE1,SE_TERCLIM_CEN,2034,0.00711076273339332
RE1,SE_TERCLIM_CEN,2035,0.007208013923241876
RE1,SE_TERCLIM_CEN,2036,0.007294105533124889
RE1,SE_TERCLIM_CEN,2037,0.007374708266666942
RE1,SE_TERCLIM_CEN,2038,0.007456452299274158
RE1,SE_TERCLIM_CEN,2039,0.007546013730021497
RE1,SE_TERCLIM_CEN,2040,0.007649138578372182
RE1,SE_TERCLIM_CEN,2041,0.007770054702862576
RE1,SE_TERCLIM_CEN,2042,0.00791137444594752
RE1,SE_TERCLIM_CEN,2043,0.00807422187988172
RE1,SE_TERCLIM_CEN,2044,0.008258624894204189
RE1,SE_TERCLIM_CEN,2045,0.008463894429623196
RE1,SE_TERCLIM_CEN,2046,0.008688951078632592
RE1,SE_TERCLIM_CEN,2047,0.008932570553459284
RE1,SE_TERCLIM_CEN,2048,0.009193549105035514
RE1,SE_TERCLIM_CEN,2049,0.009470803128286938
RE1,SE_TERCLIM_CEN,2050,0.009763420272856737
RE1,SE_TERCLIM_CEN,2051,0.01007900518751427
RE1,SE_TERCLIM_CEN,2052,0.01040711473720762
RE1,SE_TERCLIM_CEN,2053,0.01073553550674166
RE1,SE_TERCLIM_CEN,2054,0.01107562428283772
RE1,SE_TERCLIM_FAN,2022,0.0
RE1,SE_TERCLIM_FAN,2023,0.0
RE1,SE_TERCLIM_FAN,2024,0.0
RE1,SE_TERCLIM_FAN,2025,0.0
RE1,SE_TERCLIM_FAN,2026,0.0
RE1,SE_TERCLIM_FAN,2027,0.0
RE1,SE_TERCLIM_FAN,2028,0.0
RE1,SE_TERCLIM_FAN,2029,0.0
RE1,SE_TERCLIM_FAN,2030,0.0
RE1,SE_TERCLIM_FAN,2031,0.0
RE1,SE_TERCLIM_FAN,2032,0.0
RE1,SE_TERCLIM_FAN,2033,0.0
RE1,SE_TERCLIM_FAN,2034,0.0
RE1,SE_TERCLIM_FAN,2035,0.0
RE1,SE_TERCLIM_FAN,2036,0.0
RE1,SE_TERCLIM_FAN,2037,0.0
RE1,SE_TERCLIM_FAN,2038,0.0
RE1,SE_TERCLIM_FAN,2039,0.0
RE1,SE_TERCLIM_FAN,2040,0.0
RE1,SE_TERCLIM_FAN,2041,0.0
RE1,SE_TERCLIM_FAN,2042,0.0
RE1,SE_TERCLIM_FAN,2043,0.0
RE1,SE_TERCLIM_FAN,2044,0.0
RE1,SE_TERCLIM_FAN,2045,0.0
RE1,SE_TERCLIM_FAN,2046,0.0
RE1,SE_TERCLIM_FAN,2047,0.0
RE1,SE_TERCLIM_FAN,2048,0.0
RE1,SE_TERCLIM_FAN,2049,0.0
RE1,SE_TERCLIM_FAN,2050,0.0
RE1,SE_TERCLIM_FAN,2051,0.0
RE1,SE_TERCLIM_FAN,2052,0.0
RE1,SE_TERCLIM_FAN,2053,0.0
RE1,SE_TERCLIM_FAN,2054,0.0
RE1,SE_TERCLIM_SPL,2022,0.0009998112719228807
RE1,SE_TERCLIM_SPL,2023,0.001033877291027148
RE1,SE_TERCLIM_SPL,2024,0.00106924448383749
RE1,SE_TERCLIM_SPL,2025,0.001107127343536033
RE1,SE_TERCLIM_SPL,2026,0.001151175567181104
RE1,SE_TERCLIM_SPL,2027,0.00119258677133693
RE1,SE_TERCLIM_SPL,2028,0.001232591713311063
RE1,SE_TERCLIM_SPL,2029,0.001274636053762607
RE1,SE_TERCLIM_SPL,2030,0.001317342381084178
RE1,SE_TERCLIM_SPL,2031,0.001347002637722465
RE1,SE_TERCLIM_SPL,2032,0.001374113893029576
RE1,SE_TERCLIM_SPL,2033,0.001399570205777807
RE1,SE_TERCLIM_SPL,2034,0.001421900261035976
RE1,SE_TERCLIM_SPL,2035,0.001441347048591174
RE1,SE_TERCLIM_SPL,2036,0.00145856231608854
RE1,SE_TERCLIM_SPL,2037,0.00147468000305979
RE1,SE_TERCLIM_SPL,2038,0.001491025909351457
RE1,SE_TERCLIM_SPL,2039,0.001508935017914502
RE1,SE_TERCLIM_SPL,2040,0.001529556328776208
RE1,SE_TERCLIM_SPL,2041,0.001553735263641934
RE1,SE_TERCLIM_SPL,2042,0.001581994198318289
RE1,SE_TERCLIM_SPL,2043,0.001614557907374797
RE1,SE_TERCLIM_SPL,2044,0.001651431967729755
RE1,SE_TERCLIM_SPL,2045,0.001692478591972235
RE1,SE_TERCLIM_SPL,2046,0.001737481936897742
RE1,SE_TERCLIM_SPL,2047,0.001786197188388662
RE1,SE_TERCLIM_SPL,2048,0.001838383639339747
RE1,SE_TERCLIM_SPL,2049,0.001893824607181793
RE1,SE_TERCLIM_SPL,2050,0.001952337654213084
RE1,SE_TERCLIM_SPL,2051,0.002015443440379067
RE1,SE_TERCLIM_SPL,2052,0.002081053709185595
RE1,SE_TERCLIM_SPL,2053,0.002146726210918364
RE1,SE_TERCLIM_SPL,2054,0.002214731899989589
RE1,SE_TERDHT,2022,0.03900165618467752
RE1,SE_TERDHT,2023,0.04238704990225282
RE1,SE_TERDHT,2024,0.04358999346758811
RE1,SE_TERDHT,2025,0.04536073276339161
RE1,SE_TERDHT,2026,0.04694414702297541
RE1,SE_TERDHT,2027,0.04849859329897693
RE1,SE_TERDHT,2028,0.05003988315795894
RE1,SE_TERDHT,2029,0.05161674161504499
RE1,SE_TERDHT,2030,0.05318526114444095
RE1,SE_TERDHT,2031,0.05461598453854741
RE1,SE_TERDHT,2032,0.05601535299782801
RE1,SE_TERDHT,2033,0.0574294248178684
RE1,SE_TERDHT,2034,0.05880271858984555
RE1,SE_TERDHT,2035,0.06014175186168733
RE1,SE_TERDHT,2036,0.06146128764186091
RE1,SE_TERDHT,2037,0.0627878834485616
RE1,SE_TERDHT,2038,0.0641518107826693
RE1,SE_TERDHT,2039,0.06558359791031429
RE1,SE_TERDHT,2040,0.06710973432039204
RE1,SE_TERDHT,2041,0.06875004242219679
RE1,SE_TERDHT,2042,0.07051742788306124
RE1,SE_TERDHT,2043,0.07241809337965643
RE1,SE_TERDHT,2044,0.07445344924551912
RE1,SE_TERDHT,2045,0.07662178758345785
RE1,SE_TERDHT,2046,0.078919724249686
RE1,SE_TERDHT,2047,0.08134328302373894
RE1,SE_TERDHT,2048,0.08388862673590096
RE1,SE_TERDHT,2049,0.08655249814392041
RE1,SE_TERDHT,2050,0.0893324469629097
RE1,SE_TERDHT,2051,0.09226327927806609
RE1,SE_TERDHT,2052,0.09530059011611443
RE1,SE_TERDHT,2053,0.09832989363185515
RE1,SE_TERDHT,2054,0.1014612437609345
RE1,SE_TEROTH,2022,0.004998448842057329
RE1,SE_TEROTH,2023,0.005168304149335504
RE1,SE_TEROTH,2024,0.005342704467487959
RE1,SE_TEROTH,2025,0.005530610449063853
RE1,SE_TEROTH,2026,0.005748717760222715
RE1,SE_TEROTH,2027,0.005952830456815873
RE1,SE_TEROTH,2028,0.006148813738195434
RE1,SE_TEROTH,2029,0.006353486882600574
RE1,SE_TEROTH,2030,0.006559508436414228
RE1,SE_TEROTH,2031,0.006769994016203731
RE1,SE_TEROTH,2032,0.006987196773579596
RE1,SE_TEROTH,2033,0.007218264172285818
RE1,SE_TEROTH,2034,0.007456945904149906
RE1,SE_TEROTH,2035,0.00770356827116033
RE1,SE_TEROTH,2036,0.007958168958422062
RE1,SE_TEROTH,2037,0.008221216089510274
RE1,SE_TEROTH,2038,0.008492982547345063
RE1,SE_TEROTH,2039,0.00877375929574976
RE1,SE_TEROTH,2040,0.009063858525779034
RE1,SE_TEROTH,2041,0.0093636001163764
RE1,SE_TEROTH,2042,0.009673352847533189
RE1,SE_TEROTH,2043,0.009993452973331197
RE1,SE_TEROTH,2044,0.01032424814617076
RE1,SE_TEROTH,2045,0.01066609774851309
RE1,SE_TEROTH,2046,0.01101937326429722
RE1,SE_TEROTH,2047,0.011384458682759
RE1,SE_TEROTH,2048,0.01176175092232837
RE1,SE_TEROTH,2049,0.01215166026836673
RE1,SE_TEROTH,2050,0.01255461082397732
RE1,SE_TEROTH,2051,0.01297094782301179
RE1,SE_TEROTH,2052,0.01340111569759017
RE1,SE_TEROTH,2053,0.01382995139991306
RE1,SE_TEROTH,2054,0.01427250984471028
RE1,SE_TERREF_AUC,2022,0.0
RE1,SE_TERREF_AUC,2023,0.0
RE1,SE_TERREF_AUC,2024,0.0
RE1,SE_TERREF_AUC,2025,0.0
RE1,SE_TERREF_AUC,2026,0.0
RE1,SE_TERREF_AUC,2027,0.0
RE1,SE_TERREF_AUC,2028,0.0
RE1,SE_TERREF_AUC,2029,0.0
RE1,SE_TERREF_AUC,2030,0.0
RE1,SE_TERREF_AUC,2031,0.0
RE1,SE_TERREF_AUC,2032,0.0
RE1,SE_TERREF_AUC,2033,0.0
RE1,SE_TERREF_AUC,2034,0.0
RE1,SE_TERREF_AUC,2035,0.0
RE1,SE_TERREF_AUC,2036,0.0
RE1,SE_TERREF_AUC,2037,0.0
RE1,SE_TERREF_AUC,2038,0.0
RE1,SE_TERREF_AUC,2039,0.0
RE1,SE_TERREF_AUC,2040,0.0
RE1,SE_TERREF_AUC,2041,0.0
RE1,SE_TERREF_AUC,2042,0.0
RE1,SE_TERREF_AUC,2043,0.0
RE1,SE_TERREF_AUC,2044,0.0
RE1,SE_TERREF_AUC,2045,0.0
RE1,SE_TERREF_AUC,2046,0.0
RE1,SE_TERREF_AUC,2047,0.0
RE1,SE_TERREF_AUC,2048,0.0
RE1,SE_TERREF_AUC,2049,0.0
RE1,SE_TERREF_AUC,2050,0.0
RE1,SE_TERREF_AUC,2051,0.0
RE1,SE_TERREF_AUC,2052,0.0
RE1,SE_TERREF_AUC,2053,0.0
RE1,SE_TERREF_AUC,2054,0.0
RE1,SE_TERREF_CEN,2022,0.0002238485908297835
RE1,SE_TERREF_CEN,2023,0.0002314756791049678
RE1,SE_TERREF_CEN,2024,0.0002393941456235807
RE1,SE_TERREF_CEN,2025,0.0002478758633989908
RE1,SE_TERREF_CEN,2026,0.0002577378765965319
RE1,SE_TERREF_CEN,2027,0.0002670095419474917
RE1,SE_TERREF_CEN,2028,0.0002759663543264
RE1,SE_TERREF_CEN,2029,0.0002853797994077682
RE1,SE_TERREF_CEN,2030,0.0002949414588713915
RE1,SE_TERREF_CEN,2031,0.0003015822215911245
RE1,SE_TERREF_CEN,2032,0.0003076522893524874
RE1,SE_TERREF_CEN,2033,0.0003133518348895823
RE1,SE_TERREF_CEN,2034,0.0003183514410466122
RE1,SE_TERREF_CEN,2035,0.0003227055085311124
RE1,SE_TERREF_CEN,2036,0.000326559966185363
RE1,SE_TERREF_CEN,2037,0.0003301686861859866
RE1,SE_TERREF_CEN,2038,0.0003338285044865275
RE1,SE_TERREF_CEN,2039,0.0003378383130323499
RE1,SE_TERREF_CEN,2040,0.0003424553636229882
RE1,SE_TERREF_CEN,2041,0.0003478689396887427
RE1,SE_TERREF_CEN,2042,0.0003541959983864174
RE1,SE_TERREF_CEN,2043,0.0003614868657887106
RE1,SE_TERREF_CEN,2044,0.0003697427913711184
RE1,SE_TERREF_CEN,2045,0.0003789329264335924
RE1,SE_TERREF_CEN,2046,0.0003890089461345848
RE1,SE_TERREF_CEN,2047,0.0003999160391984389
RE1,SE_TERREF_CEN,2048,0.0004116003138056717
RE1,SE_TERREF_CEN,2049,0.000424013256980454
RE1,SE_TERREF_CEN,2050,0.0004371140228560974
RE1,SE_TERREF_CEN,2051,0.0004512430762848272
RE1,SE_TERREF_CEN,2052,0.0004659328725578866
RE1,SE_TERREF_CEN,2053,0.0004806364706655908
RE1,SE_TERREF_CEN,2054,0.0004958624525416827
RE1,SE_TRAAVI,2022,0.0
RE1,SE_TRAAVI,2023,0.0
RE1,SE_TRAAVI,2024,0.0
RE1,SE_TRAAVI,2025,0.0
RE1,SE_TRAAVI,2026,0.0
RE1,SE_TRAAVI,2027,0.0
RE1,SE_TRAAVI,2028,0.0
RE1,SE_TRAAVI,2029,0.0
RE1,SE_TRAAVI,2030,0.0
RE1,SE_TRAAVI,2031,0.0
RE1,SE_TRAAVI,2032,0.0
RE1,SE_TRAAVI,2033,0.0
RE1,SE_TRAAVI,2034,0.0
RE1,SE_TRAAVI,2035,0.0
RE1,SE_TRAAVI,2036,0.0
RE1,SE_TRAAVI,2037,0.0
RE1,SE_TRAAVI,2038,0.0
RE1,SE_TRAAVI,2039,0.0
RE1,SE_TRAAVI,2040,0.0
RE1,SE_TRAAVI,2041,0.0
RE1,SE_TRAAVI,2042,0.0
RE1,SE_TRAAVI,2043,0.0
RE1,SE_TRAAVI,2044,0.0
RE1,SE_TRAAVI,2045,0.0
RE1,SE_TRAAVI,2046,0.0
RE1,SE_TRAAVI,2047,0.0
RE1,SE_TRAAVI,2048,0.0
RE1,SE_TRAAVI,2049,0.0
RE1,SE_TRAAVI,2050,0.0
RE1,SE_TRAAVI,2051,0.0
RE1,SE_TRAAVI,2052,0.0
RE1,SE_TRAAVI,2053,0.0
RE1,SE_TRAAVI,2054,0.0
RE1,SE_TRAFWD,2022,0.0
RE1,SE_TRAFWD,2023,0.0
RE1,SE_TRAFWD,2024,0.0
RE1,SE_TRAFWD,2025,0.0
RE1,SE_TRAFWD,2026,0.0
RE1,SE_TRAFWD,2027,0.0
RE1,SE_TRAFWD,2028,0.0
RE1,SE_TRAFWD,2029,0.0
RE1,SE_TRAFWD,2030,0.0
RE1,SE_TRAFWD,2031,0.0
RE1,SE_TRAFWD,2032,0.0
RE1,SE_TRAFWD,2033,0.0
RE1,SE_TRAFWD,2034,0.0
RE1,SE_TRAFWD,2035,0.0
RE1,SE_TRAFWD,2036,0.0
RE1,SE_TRAFWD,2037,0.0
RE1,SE_TRAFWD,2038,0.0
RE1,SE_TRAFWD,2039,0.0
RE1,SE_TRAFWD,2040,0.0
RE1,SE_TRAFWD,2041,0.0
RE1,SE_TRAFWD,2042,0.0
RE1,SE_TRAFWD,2043,0.0
RE1,SE_TRAFWD,2044,0.0
RE1,SE_TRAFWD,2045,0.0
RE1,SE_TRAFWD,2046,0.0
RE1,SE_TRAFWD,2047,0.0
RE1,SE_TRAFWD,2048,0.0
RE1,SE_TRAFWD,2049,0.0
RE1,SE_TRAFWD,2050,0.0
RE1,SE_TRAFWD,2051,0.0
RE1,SE_TRAFWD,2052,0.0
RE1,SE_TRAFWD,2053,0.0
RE1,SE_TRAFWD,2054,0.0
RE1,SE_TRALDV,2022,0.0
RE1,SE_TRALDV,2023,0.0
RE1,SE_TRALDV,2024,0.0
RE1,SE_TRALDV,2025,0.0
RE1,SE_TRALDV,2026,0.0
RE1,SE_TRALDV,2027,0.0
RE1,SE_TRALDV,2028,0.0
RE1,SE_TRALDV,2029,0.0
RE1,SE_TRALDV,2030,0.0
RE1,SE_TRALDV,2031,0.0
RE1,SE_TRALDV,2032,0.0
RE1,SE_TRALDV,2033,0.0
RE1,SE_TRALDV,2034,0.0
RE1,SE_TRALDV,2035,0.0
RE1,SE_TRALDV,2036,0.0
RE1,SE_TRALDV,2037,0.0
RE1,SE_TRALDV,2038,0.0
RE1,SE_TRALDV,2039,0.0
RE1,SE_TRALDV,2040,0.0
RE1,SE_TRALDV,2041,0.0
RE1,SE_TRALDV,2042,0.0
RE1,SE_TRALDV,2043,0.0
RE1,SE_TRALDV,2044,0.0
RE1,SE_TRALDV,2045,0.0
RE1,SE_TRALDV,2046,0.0
RE1,SE_TRALDV,2047,0.0
RE1,SE_TRALDV,2048,0.0
RE1,SE_TRALDV,2049,0.0
RE1,SE_TRALDV,2050,0.0
RE1,SE_TRALDV,2051,0.0
RE1,SE_TRALDV,2052,0.0
RE1,SE_TRALDV,2053,0.0
RE1,SE_TRALDV,2054,0.0
RE1,SE_TRAMIC,2022,0.0
RE1,SE_TRAMIC,2023,0.0
RE1,SE_TRAMIC,2024,0.0
RE1,SE_TRAMIC,2025,0.0
RE1,SE_TRAMIC,2026,0.0
RE1,SE_TRAMIC,2027,0.0
RE1,SE_TRAMIC,2028,0.0
RE1,SE_TRAMIC,2029,0.0
RE1,SE_TRAMIC,2030,0.0
RE1,SE_TRAMIC,2031,0.0
RE1,SE_TRAMIC,2032,0.0
RE1,SE_TRAMIC,2033,0.0
RE1,SE_TRAMIC,2034,0.0
RE1,SE_TRAMIC,2035,0.0
RE1,SE_TRAMIC,2036,0.0
RE1,SE_TRAMIC,2037,0.0
RE1,SE_TRAMIC,2038,0.0
RE1,SE_TRAMIC,2039,0.0
RE1,SE_TRAMIC,2040,0.0
RE1,SE_TRAMIC,2041,0.0
RE1,SE_TRAMIC,2042,0.0
RE1,SE_TRAMIC,2043,0.0
RE1,SE_TRAMIC,2044,0.0
RE1,SE_TRAMIC,2045,0.0
RE1,SE_TRAMIC,2046,0.0
RE1,SE_TRAMIC,2047,0.0
RE1,SE_TRAMIC,2048,0.0
RE1,SE_TRAMIC,2049,0.0
RE1,SE_TRAMIC,2050,0.0
RE1,SE_TRAMIC,2051,0.0
RE1,SE_TRAMIC,2052,0.0
RE1,SE_TRAMIC,2053,0.0
RE1,SE_TRAMIC,2054,0.0
RE1,SE_TRAMTC,2022,0.0
RE1,SE_TRAMTC,2023,0.0
RE1,SE_TRAMTC,2024,0.0
RE1,SE_TRAMTC,2025,0.0
RE1,SE_TRAMTC,2026,0.0
RE1,SE_TRAMTC,2027,0.0
RE1,SE_TRAMTC,2028,0.0
RE1,SE_TRAMTC,2029,0.0
RE1,SE_TRAMTC,2030,0.0
RE1,SE_TRAMTC,2031,0.0
RE1,SE_TRAMTC,2032,0.0
RE1,SE_TRAMTC,2033,0.0
RE1,SE_TRAMTC,2034,0.0
RE1,SE_TRAMTC,2035,0.0
RE1,SE_TRAMTC,2036,0.0
RE1,SE_TRAMTC,2037,0.0
RE1,SE_TRAMTC,2038,0.0
RE1,SE_TRAMTC,2039,0.0
RE1,SE_TRAMTC,2040,0.0
RE1,SE_TRAMTC,2041,0.0
RE1,SE_TRAMTC,2042,0.0
RE1,SE_TRAMTC,2043,0.0
RE1,SE_TRAMTC,2044,0.0
RE1,SE_TRAMTC,2045,0.0
RE1,SE_TRAMTC,2046,0.0
RE1,SE_TRAMTC,2047,0.0
RE1,SE_TRAMTC,2048,0.0
RE1,SE_TRAMTC,2049,0.0
RE1,SE_TRAMTC,2050,0.0
RE1,SE_TRAMTC,2051,0.0
RE1,SE_TRAMTC,2052,0.0
RE1,SE_TRAMTC,2053,0.0
RE1,SE_TRAMTC,2054,0.0
RE1,SE_TRARVT,2022,0.0
RE1,SE_TRARVT,2023,0.0
RE1,SE_TRARVT,2024,0.0
RE1,SE_TRARVT,2025,0.0
RE1,SE_TRARVT,2026,0.0
RE1,SE_TRARVT,2027,0.0
RE1,SE_TRARVT,2028,0.0
RE1,SE_TRARVT,2029,0.0
RE1,SE_TRARVT,2030,0.0
RE1,SE_TRARVT,2031,0.0
RE1,SE_TRARVT,2032,0.0
RE1,SE_TRARVT,2033,0.0
RE1,SE_TRARVT,2034,0.0
RE1,SE_TRARVT,2035,0.0
RE1,SE_TRARVT,2036,0.0
RE1,SE_TRARVT,2037,0.0
RE1,SE_TRARVT,2038,0.0
RE1,SE_TRARVT,2039,0.0
RE1,SE_TRARVT,2040,0.0
RE1,SE_TRARVT,2041,0.0
RE1,SE_TRARVT,2042,0.0
RE1,SE_TRARVT,2043,0.0
RE1,SE_TRARVT,2044,0.0
RE1,SE_TRARVT,2045,0.0
RE1,SE_TRARVT,2046,0.0
RE1,SE_TRARVT,2047,0.0
RE1,SE_TRARVT,2048,0.0
RE1,SE_TRARVT,2049,0.0
RE1,SE_TRARVT,2050,0.0
RE1,SE_TRARVT,2051,0.0
RE1,SE_TRARVT,2052,0.0
RE1,SE_TRARVT,2053,0.0
RE1,SE_TRARVT,2054,0.0
RE1,SE_TRATAX,2022,0.0
RE1,SE_TRATAX,2023,0.0
RE1,SE_TRATAX,2024,0.0
RE1,SE_TRATAX,2025,0.0
RE1,SE_TRATAX,2026,0.0
RE1,SE_TRATAX,2027,0.0
RE1,SE_TRATAX,2028,0.0
RE1,SE_TRATAX,2029,0.0
RE1,SE_TRATAX,2030,0.0
RE1,SE_TRATAX,2031,0.0
RE1,SE_TRATAX,2032,0.0
RE1,SE_TRATAX,2033,0.0
RE1,SE_TRATAX,2034,0.0
RE1,SE_TRATAX,2035,0.0
RE1,SE_TRATAX,2036,0.0
RE1,SE_TRATAX,2037,0.0
RE1,SE_TRATAX,2038,0.0
RE1,SE_TRATAX,2039,0.0
RE1,SE_TRATAX,2040,0.0
RE1,SE_TRATAX,2041,0.0
RE1,SE_TRATAX,2042,0.0
RE1,SE_TRATAX,2043,0.0
RE1,SE_TRATAX,2044,0.0
RE1,SE_TRATAX,2045,0.0
RE1,SE_TRATAX,2046,0.0
RE1,SE_TRATAX,2047,0.0
RE1,SE_TRATAX,2048,0.0
RE1,SE_TRATAX,2049,0.0
RE1,SE_TRATAX,2050,0.0
RE1,SE_TRATAX,2051,0.0
RE1,SE_TRATAX,2052,0.0
RE1,SE_TRATAX,2053,0.0
RE1,SE_TRATAX,2054,0.0
RE1,SE_TRATCK,2022,0.0
RE1,SE_TRATCK,2023,0.0
RE1,SE_TRATCK,2024,0.0
RE1,SE_TRATCK,2025,0.0
RE1,SE_TRATCK,2026,0.0
RE1,SE_TRATCK,2027,0.0
RE1,SE_TRATCK,2028,0.0
RE1,SE_TRATCK,2029,0.0
RE1,SE_TRATCK,2030,0.0
RE1,SE_TRATCK,2031,0.0
RE1,SE_TRATCK,2032,0.0
RE1,SE_TRATCK,2033,0.0
RE1,SE_TRATCK,2034,0.0
RE1,SE_TRATCK,2035,0.0
RE1,SE_TRATCK,2036,0.0
RE1,SE_TRATCK,2037,0.0
RE1,SE_TRATCK,2038,0.0
RE1,SE_TRATCK,2039,0.0
RE1,SE_TRATCK,2040,0.0
RE1,SE_TRATCK,2041,0.0
RE1,SE_TRATCK,2042,0.0
RE1,SE_TRATCK,2043,0.0
RE1,SE_TRATCK,2044,0.0
RE1,SE_TRATCK,2045,0.0
RE1,SE_TRATCK,2046,0.0
RE1,SE_TRATCK,2047,0.0
RE1,SE_TRATCK,2048,0.0
RE1,SE_TRATCK,2049,0.0
RE1,SE_TRATCK,2050,0.0
RE1,SE_TRATCK,2051,0.0
RE1,SE_TRATCK,2052,0.0
RE1,SE_TRATCK,2053,0.0
RE1,SE_TRATCK,2054,0.0
RE1,SO_AGFELC,2022,1.077838875296578
RE1,SO_AGFELC,2023,1.133417643801342
RE1,SO_AGFELC,2024,1.15191143863015
RE1,SO_AGFELC,2025,1.194540101346207
RE1,SO_AGFELC,2026,1.227314345584297
RE1,SO_AGFELC,2027,1.262524068553005
RE1,SO_AGFELC,2028,1.299221752443767
RE1,SO_AGFELC,2029,1.337112811537787
RE1,SO_AGFELC,2030,1.375938720420005
RE1,SO_AGFELC,2031,1.415708485220361
RE1,SO_AGFELC,2032,1.456766171634084
RE1,SO_AGFELC,2033,1.499174906877207
RE1,SO_AGFELC,2034,1.542814302264851
RE1,SO_AGFELC,2035,1.590139200037641
RE1,SO_AGFELC,2036,1.638885863214192
RE1,SO_AGFELC,2037,1.691072465619767
RE1,SO_AGFELC,2038,1.744838693037688
RE1,SO_AGFELC,2039,1.800233776417316
RE1,SO_AGFELC,2040,1.857306966488751
RE1,SO_AGFELC,2041,1.916109636314906
RE1,SO_AGFELC,2042,1.982662151547905
RE1,SO_AGFELC,2043,2.051270396143074
RE1,SO_AGFELC,2044,2.121996465480864
RE1,SO_AGFELC,2045,2.194904415798512
RE1,SO_AGFELC,2046,2.270060328541166
RE1,SO_AGFELC,2047,2.347533784637269
RE1,SO_AGFELC,2048,2.431481746603597
RE1,SO_AGFELC,2049,2.524220512352047
RE1,SO_AGFELC,2050,2.619928732443516
RE1,SO_AGFELC,2051,2.718694994054708
RE1,SO_AGFELC,2052,2.820610205080272
RE1,SO_AGFELC,2053,2.925766252122074
RE1,SO_AGFELC,2054,3.035126938614699
RE1,SO_AGFHEA,2022,0.0
RE1,SO_AGFHEA,2023,0.0
RE1,SO_AGFHEA,2024,0.0
RE1,SO_AGFHEA,2025,0.0
RE1,SO_AGFHEA,2026,0.0
RE1,SO_AGFHEA,2027,0.0
RE1,SO_AGFHEA,2028,0.0
RE1,SO_AGFHEA,2029,0.0
RE1,SO_AGFHEA,2030,0.0
RE1,SO_AGFHEA,2031,0.0
RE1,SO_AGFHEA,2032,0.0
RE1,SO_AGFHEA,2033,0.0
RE1,SO_AGFHEA,2034,0.0
RE1,SO_AGFHEA,2035,0.0
RE1,SO_AGFHEA,2036,0.0
RE1,SO_AGFHEA,2037,0.0
RE1,SO_AGFHEA,2038,0.0
RE1,SO_AGFHEA,2039,0.0
RE1,SO_AGFHEA,2040,0.0
RE1,SO_AGFHEA,2041,0.0
RE1,SO_AGFHEA,2042,0.0
RE1,SO_AGFHEA,2043,0.0
RE1,SO_AGFHEA,2044,0.0
RE1,SO_AGFHEA,2045,0.0
RE1,SO_AGFHEA,2046,0.0
RE1,SO_AGFHEA,2047,0.0
RE1,SO_AGFHEA,2048,0.0
RE1,SO_AGFHEA,2049,0.0
RE1,SO_AGFHEA,2050,0.0
RE1,SO_AGFHEA,2051,0.0
RE1,SO_AGFHEA,2052,0.0
RE1,SO_AGFHEA,2053,0.0
RE1,SO_AGFHEA,2054,0.0
RE1,SO_INDCLIM,2022,0.1299398599154787
RE1,SO_INDCLIM,2023,0.1205791039885833
RE1,SO_INDCLIM,2024,0.1189174790467288
RE1,SO_INDCLIM,2025,0.1209232660295969
RE1,SO_INDCLIM,2026,0.1232447683566837
RE1,SO_INDCLIM,2027,0.1249091515481287
RE1,SO_INDCLIM,2028,0.1272890693889405
RE1,SO_INDCLIM,2029,0.1300069984176493
RE1,SO_INDCLIM,2030,0.1317199345548593
RE1,SO_INDCLIM,2031,0.1325832336756062
RE1,SO_INDCLIM,2032,0.13423537776088
RE1,SO_INDCLIM,2033,0.135950966258918
RE1,SO_INDCLIM,2034,0.1399375476903484
RE1,SO_INDCLIM,2035,0.1450130090233885
RE1,SO_INDCLIM,2036,0.1502428945387707
RE1,SO_INDCLIM,2037,0.1557469065680388
RE1,SO_INDCLIM,2038,0.1614750257364043
RE1,SO_INDCLIM,2039,0.1674240575700476
RE1,SO_INDCLIM,2040,0.1735941711664239
RE1,SO_INDCLIM,2041,0.179997069278528
RE1,SO_INDCLIM,2042,0.1868608710031849
RE1,SO_INDCLIM,2043,0.1939969376233922
RE1,SO_INDCLIM,2044,0.2014202102129767
RE1,SO_INDCLIM,2045,0.2091110120395316
RE1,SO_INDCLIM,2046,0.2171145276322802
RE1,SO_INDCLIM,2047,0.225491976023131
RE1,SO_INDCLIM,2048,0.2341847887348437
RE1,SO_INDCLIM,2049,0.2431975242755586
RE1,SO_INDCLIM,2050,0.2525614252317518
RE1,SO_INDCLIM,2051,0.2623094117443409
RE1,SO_INDCLIM,2052,0.2724613578938759
RE1,SO_INDCLIM,2053,0.283018012107792
RE1,SO_INDCLIM,2054,0.2939415501571846
RE1,SO_INDDHT,2022,20.4748493603526
RE1,SO_INDDHT,2023,20.65405228321564
RE1,SO_INDDHT,2024,20.40483199848473
RE1,SO_INDDHT,2025,18.96489746121449
RE1,SO_INDDHT,2026,19.33711686979349
RE1,SO_INDDHT,2027,19.60414865128956
RE1,SO_INDDHT,2028,19.97341604581033
RE1,SO_INDDHT,2029,20.38345474926821
RE1,SO_INDDHT,2030,20.6464890984885
RE1,SO_INDDHT,2031,20.82594966906415
RE1,SO_INDDHT,2032,21.09511753979426
RE1,SO_INDDHT,2033,21.38212198921444
RE1,SO_INDDHT,2034,22.01492416307965
RE1,SO_INDDHT,2035,22.80347298861029
RE1,SO_INDDHT,2036,23.61660001941401
RE1,SO_INDDHT,2037,24.46912621957551
RE1,SO_INDDHT,2038,25.35478614116841
RE1,SO_INDDHT,2039,26.27439810717535
RE1,SO_INDDHT,2040,27.22912639095778
RE1,SO_INDDHT,2041,28.22060892430518
RE1,SO_INDDHT,2042,29.28004823568044
RE1,SO_INDDHT,2043,30.38063192702142
RE1,SO_INDDHT,2044,31.52244871488407
RE1,SO_INDDHT,2045,32.70495127251512
RE1,SO_INDDHT,2046,33.93395223830637
RE1,SO_INDDHT,2047,35.21876393533088
RE1,SO_INDDHT,2048,36.55078070553279
RE1,SO_INDDHT,2049,37.93084205522864
RE1,SO_INDDHT,2050,39.36306139751054
RE1,SO_INDDHT,2051,40.85197417736119
RE1,SO_INDDHT,2052,42.40025110083307
RE1,SO_INDDHT,2053,44.07488319899019
RE1,SO_INDDHT,2054,45.80788117908609
RE1,SO_INDIHT,2022,49.63696107539056
RE1,SO_INDIHT,2023,50.55445782553412
RE1,SO_INDIHT,2024,49.55886775077496
RE1,SO_INDIHT,2025,46.22837539201799
RE1,SO_INDIHT,2026,47.17993237723618
RE1,SO_INDIHT,2027,47.87799624448028
RE1,SO_INDIHT,2028,48.82161965047453
RE1,SO_INDIHT,2029,49.86115609940376
RE1,SO_INDIHT,2030,50.55142627193124
RE1,SO_INDIHT,2031,51.08571353347878
RE1,SO_INDIHT,2032,51.79330185253171
RE1,SO_INDIHT,2033,52.54148691235272
RE1,SO_INDIHT,2034,54.13859024280839
RE1,SO_INDIHT,2035,56.12248814327984
RE1,SO_INDIHT,2036,58.17082300191832
RE1,SO_INDIHT,2037,60.31798928509352
RE1,SO_INDIHT,2038,62.54968079707314
RE1,SO_INDIHT,2039,64.86889768047818
RE1,SO_INDIHT,2040,67.27910168688183
RE1,SO_INDIHT,2041,69.78451781242937
RE1,SO_INDIHT,2042,72.45764173690513
RE1,SO_INDIHT,2043,75.23722295450419
RE1,SO_INDIHT,2044,78.12382344605393
RE1,SO_INDIHT,2045,81.11766455628239
RE1,SO_INDIHT,2046,84.23141009769408
RE1,SO_INDIHT,2047,87.48811011915018
RE1,SO_INDIHT,2048,90.86748804496793
RE1,SO_INDIHT,2049,94.3722617056561
RE1,SO_INDIHT,2050,98.0120596686318
RE1,SO_INDIHT,2051,101.7985166998075
RE1,SO_INDIHT,2052,105.7383198415687
RE1,SO_INDIHT,2053,109.9269569647735
RE1,SO_INDIHT,2054,114.2619872804447
RE1,SO_INDILU,2022,0.2416930735312953
RE1,SO_INDILU,2023,0.222161478237138
RE1,SO_INDILU,2024,0.218145729795614
RE1,SO_INDILU,2025,0.2232170614211664
RE1,SO_INDILU,2026,0.227392578097397
RE1,SO_INDILU,2027,0.2303433263348784
RE1,SO_INDILU,2028,0.2345652906142738
RE1,SO_INDILU,2029,0.239372938579694
RE1,SO_INDILU,2030,0.2423681165486315
RE1,SO_INDILU,2031,0.2438620709979701
RE1,SO_INDILU,2032,0.2467933657377221
RE1,SO_INDILU,2033,0.249911926091852
RE1,SO_INDILU,2034,0.2571439101347086
RE1,SO_INDILU,2035,0.2663191277816773
RE1,SO_INDILU,2036,0.2757865060824071
RE1,SO_INDILU,2037,0.2857403969439012
RE1,SO_INDILU,2038,0.2960946247736758
RE1,SO_INDILU,2039,0.3068497508436585
RE1,SO_INDILU,2040,0.3180099047805765
RE1,SO_INDILU,2041,0.3295955303190901
RE1,SO_INDILU,2042,0.3420199393537611
RE1,SO_INDILU,2043,0.3549384952130996
RE1,SO_INDILU,2044,0.368366010620204
RE1,SO_INDILU,2045,0.3822766706779611
RE1,SO_INDILU,2046,0.3967519841299162
RE1,SO_INDILU,2047,0.4119017599186818
RE1,SO_INDILU,2048,0.4276195319385203
RE1,SO_INDILU,2049,0.4439136680623494
RE1,SO_INDILU,2050,0.460841629006708
RE1,SO_INDILU,2051,0.47846227320963
RE1,SO_INDILU,2052,0.4968106320139569
RE1,SO_INDILU,2053,0.5158891328452214
RE1,SO_INDILU,2054,0.5356240353408831
RE1,SO_INDMPW,2022,7.245809993538969
RE1,SO_INDMPW,2023,6.82262133405203
RE1,SO_INDMPW,2024,6.760054970041258
RE1,SO_INDMPW,2025,6.942306248955908
RE1,SO_INDMPW,2026,7.080980932677143
RE1,SO_INDMPW,2027,7.181232201787346
RE1,SO_INDMPW,2028,7.32048133502902
RE1,SO_INDMPW,2029,7.477327043020094
RE1,SO_INDMPW,2030,7.578202701477601
RE1,SO_INDMPW,2031,7.635112797784298
RE1,SO_INDMPW,2032,7.734899153860271
RE1,SO_INDMPW,2033,7.841131252585074
RE1,SO_INDMPW,2034,8.076226784060465
RE1,SO_INDMPW,2035,8.371734270208771
RE1,SO_INDMPW,2036,8.676443589839108
RE1,SO_INDMPW,2037,8.996611081899712
RE1,SO_INDMPW,2038,9.329666705575717
RE1,SO_INDMPW,2039,9.675734791398927
RE1,SO_INDMPW,2040,10.03504555240626
RE1,SO_INDMPW,2041,10.40826553950925
RE1,SO_INDMPW,2042,10.80816693357822
RE1,SO_INDMPW,2043,11.22410702143036
RE1,SO_INDMPW,2044,11.65644236566862
RE1,SO_INDMPW,2045,12.10447483070718
RE1,SO_INDMPW,2046,12.57074652519615
RE1,SO_INDMPW,2047,13.05879232276131
RE1,SO_INDMPW,2048,13.56529674384193
RE1,SO_INDMPW,2049,14.09055447942454
RE1,SO_INDMPW,2050,14.63639365512531
RE1,SO_INDMPW,2051,15.20468640566038
RE1,SO_INDMPW,2052,15.7965485066272
RE1,SO_INDMPW,2053,16.41213028550348
RE1,SO_INDMPW,2054,17.04905493213476
RE1,SO_INDOTH_ELC,2022,0.06628402631246583
RE1,SO_INDOTH_ELC,2023,0.06111052217151559
RE1,SO_INDOTH_ELC,2024,0.06044904017661774
RE1,SO_INDOTH_ELC,2025,0.06187940136698443
RE1,SO_INDOTH_ELC,2026,0.0630263096737577
RE1,SO_INDOTH_ELC,2027,0.06384477209534221
RE1,SO_INDOTH_ELC,2028,0.06503477836996269
RE1,SO_INDOTH_ELC,2029,0.0664004825303755
RE1,SO_INDOTH_ELC,2030,0.06725285752936254
RE1,SO_INDOTH_ELC,2031,0.0676697292617856
RE1,SO_INDOTH_ELC,2032,0.06849261642273638
RE1,SO_INDOTH_ELC,2033,0.06933994592909778
RE1,SO_INDOTH_ELC,2034,0.071354315358027
RE1,SO_INDOTH_ELC,2035,0.07392461588071635
RE1,SO_INDOTH_ELC,2036,0.07656538454411087
RE1,SO_INDOTH_ELC,2037,0.07934637521308036
RE1,SO_INDOTH_ELC,2038,0.08224143632434042
RE1,SO_INDOTH_ELC,2039,0.08524821357544965
RE1,SO_INDOTH_ELC,2040,0.08836642256690098
RE1,SO_INDOTH_ELC,2041,0.09160198867028196
RE1,SO_INDOTH_ELC,2042,0.09507103927595072
RE1,SO_INDOTH_ELC,2043,0.09867715586449302
RE1,SO_INDOTH_ELC,2044,0.102429095024988
RE1,SO_INDOTH_ELC,2045,0.106315345983632
RE1,SO_INDOTH_ELC,2046,0.1103586329942003
RE1,SO_INDOTH_ELC,2047,0.114590914460233
RE1,SO_INDOTH_ELC,2048,0.1189822350066787
RE1,SO_INDOTH_ELC,2049,0.1235347167205847
RE1,SO_INDOTH_ELC,2050,0.1282641314126794
RE1,SO_INDOTH_ELC,2051,0.1331871225015111
RE1,SO_INDOTH_ELC,2052,0.1383137115866593
RE1,SO_INDOTH_ELC,2053,0.1436438690378065
RE1,SO_INDOTH_ELC,2054,0.1491589331118446
RE1,SO_INDREF,2022,0.1767592832089657
RE1,SO_INDREF,2023,0.1718367744821161
RE1,SO_INDREF,2024,0.1699750757929538
RE1,SO_INDREF,2025,0.1796476987261098
RE1,SO_INDREF,2026,0.1833100747431709
RE1,SO_INDREF,2027,0.1859482973669594
RE1,SO_INDREF,2028,0.1895887791983571
RE1,SO_INDREF,2029,0.1936686793948178
RE1,SO_INDREF,2030,0.1962903465140183
RE1,SO_INDREF,2031,0.1977079550998606
RE1,SO_INDREF,2032,0.2003751866254553
RE1,SO_INDREF,2033,0.2032771065502476
RE1,SO_INDREF,2034,0.2095277581247084
RE1,SO_INDREF,2035,0.2172836124138678
RE1,SO_INDREF,2036,0.2252484458844307
RE1,SO_INDREF,2037,0.2336162935452753
RE1,SO_INDREF,2038,0.2423236661793012
RE1,SO_INDREF,2039,0.2513751284606789
RE1,SO_INDREF,2040,0.2607802337259728
RE1,SO_INDREF,2041,0.2705579293499705
RE1,SO_INDREF,2042,0.281046484025988
RE1,SO_INDREF,2043,0.2919569832058924
RE1,SO_INDREF,2044,0.3032896126600548
RE1,SO_INDREF,2045,0.3150233399379854
RE1,SO_INDREF,2046,0.3272335933890671
RE1,SO_INDREF,2047,0.3400170108526432
RE1,SO_INDREF,2048,0.3532849941127671
RE1,SO_INDREF,2049,0.3670437011262463
RE1,SO_INDREF,2050,0.3813454375232426
RE1,SO_INDREF,2051,0.3962386634766268
RE1,SO_INDREF,2052,0.4117519062246636
RE1,SO_INDREF,2053,0.4278871053056997
RE1,SO_INDREF,2054,0.4445807288152327
RE1,SO_RESCLIM_RUR,2022,0.0167857567382647
RE1,SO_RESCLIM_RUR,2023,0.01928276588509199
RE1,SO_RESCLIM_RUR,2024,0.01922702142675143
RE1,SO_RESCLIM_RUR,2025,0.02042478537025471
RE1,SO_RESCLIM_RUR,2026,0.02154555058581012
RE1,SO_RESCLIM_RUR,2027,0.02270685304795696
RE1,SO_RESCLIM_RUR,2028,0.02390914332630243
RE1,SO_RESCLIM_RUR,2029,0.02514988824772005
RE1,SO_RESCLIM_RUR,2030,0.02642947683817877
RE1,SO_RESCLIM_RUR,2031,0.02774240080210391
RE1,SO_RESCLIM_RUR,2032,0.02908445556235259
RE1,SO_RESCLIM_RUR,2033,0.03045510420097309
RE1,SO_RESCLIM_RUR,2034,0.03185228391168117
RE1,SO_RESCLIM_RUR,2035,0.03327842874251119
RE1,SO_RESCLIM_RUR,2036,0.03473161356433711
RE1,SO_RESCLIM_RUR,2037,0.03621122285946706
RE1,SO_RESCLIM_RUR,2038,0.03771818861337152
RE1,SO_RESCLIM_RUR,2039,0.03925207801868314
RE1,SO_RESCLIM_RUR,2040,0.04081205166397963
RE1,SO_RESCLIM_RUR,2041,0.04239965218185072
RE1,SO_RESCLIM_RUR,2042,0.04401285592774377
RE1,SO_RESCLIM_RUR,2043,0.0456519194476617
RE1,SO_RESCLIM_RUR,2044,0.04731547923747201
RE1,SO_RESCLIM_RUR,2045,0.0490048927263932
RE1,SO_RESCLIM_RUR,2046,0.05071796959730407
RE1,SO_RESCLIM_RUR,2047,0.05245545176852781
RE1,SO_RESCLIM_RUR,2048,0.05421465268829524
RE1,SO_RESCLIM_RUR,2049,0.05599017327098998
RE1,SO_RESCLIM_RUR,2050,0.05778455650431363
RE1,SO_RESCLIM_RUR,2051,0.05851566934373086
RE1,SO_RESCLIM_RUR,2052,0.05923720597157527
RE1,SO_RESCLIM_RUR,2053,0.05994861709337288
RE1,SO_RESCLIM_RUR,2054,0.06064935694113499
RE1,SO_RESCLIM_URB,2022,0.1757338980805539
RE1,SO_RESCLIM_URB,2023,0.2292144756226735
RE1,SO_RESCLIM_URB,2024,0.2558227339983636
RE1,SO_RESCLIM_URB,2025,0.2613800734475008
RE1,SO_RESCLIM_URB,2026,0.2834594545764499
RE1,SO_RESCLIM_URB,2027,0.3062252596929718
RE1,SO_RESCLIM_URB,2028,0.3296132307545653
RE1,SO_RESCLIM_URB,2029,0.3535370571142633
RE1,SO_RESCLIM_URB,2030,0.3779215124519686
RE1,SO_RESCLIM_URB,2031,0.4025270118006192
RE1,SO_RESCLIM_URB,2032,0.4276176338727602
RE1,SO_RESCLIM_URB,2033,0.4531764476681055
RE1,SO_RESCLIM_URB,2034,0.4791964604071702
RE1,SO_RESCLIM_URB,2035,0.505668632282326
RE1,SO_RESCLIM_URB,2036,0.5325872898290972
RE1,SO_RESCLIM_URB,2037,0.5599254630310938
RE1,SO_RESCLIM_URB,2038,0.5876970383992456
RE1,SO_RESCLIM_URB,2039,0.615891917651346
RE1,SO_RESCLIM_URB,2040,0.6445425245404335
RE1,SO_RESCLIM_URB,2041,0.6736047979643058
RE1,SO_RESCLIM_URB,2042,0.7030728902404156
RE1,SO_RESCLIM_URB,2043,0.7329530243854322
RE1,SO_RESCLIM_URB,2044,0.7632125615505518
RE1,SO_RESCLIM_URB,2045,0.7938658192562397
RE1,SO_RESCLIM_URB,2046,0.8249353638056095
RE1,SO_RESCLIM_URB,2047,0.8564579567012608
RE1,SO_RESCLIM_URB,2048,0.8884288451299533
RE1,SO_RESCLIM_URB,2049,0.9207465819652634
RE1,SO_RESCLIM_URB,2050,0.9533681416898244
RE1,SO_RESCLIM_URB,2051,0.9638081524665041
RE1,SO_RESCLIM_URB,2052,0.9741117078620004
RE1,SO_RESCLIM_URB,2053,0.9842715910625113
RE1,SO_RESCLIM_URB,2054,0.9942810501644019
RE1,SO_RESDHT_RUR,2022,5.182247034061941
RE1,SO_RESDHT_RUR,2023,5.563584632251915
RE1,SO_RESDHT_RUR,2024,5.378605435368165
RE1,SO_RESDHT_RUR,2025,5.438325640907616
RE1,SO_RESDHT_RUR,2026,5.431331284814152
RE1,SO_RESDHT_RUR,2027,5.423685845711241
RE1,SO_RESDHT_RUR,2028,5.415042547361553
RE1,SO_RESDHT_RUR,2029,5.404373971770907
RE1,SO_RESDHT_RUR,2030,5.391562368163244
RE1,SO_RESDHT_RUR,2031,5.484425097822498
RE1,SO_RESDHT_RUR,2032,5.576616096236378
RE1,SO_RESDHT_RUR,2033,5.668135631406022
RE1,SO_RESDHT_RUR,2034,5.7586448387366
RE1,SO_RESDHT_RUR,2035,5.84858925460335
RE1,SO_RESDHT_RUR,2036,5.936394865311106
RE1,SO_RESDHT_RUR,2037,6.023690212197114
RE1,SO_RESDHT_RUR,2038,6.110251881150651
RE1,SO_RESDHT_RUR,2039,6.19609192539802
RE1,SO_RESDHT_RUR,2040,6.281091322240231
RE1,SO_RESDHT_RUR,2041,6.35693153894087
RE1,SO_RESDHT_RUR,2042,6.431595516088139
RE1,SO_RESDHT_RUR,2043,6.505205557057858
RE1,SO_RESDHT_RUR,2044,6.577579335995845
RE1,SO_RESDHT_RUR,2045,6.648889812490006
RE1,SO_RESDHT_RUR,2046,6.714182592419904
RE1,SO_RESDHT_RUR,2047,6.778052014351791
RE1,SO_RESDHT_RUR,2048,6.840231401167605
RE1,SO_RESDHT_RUR,2049,6.899982366576367
RE1,SO_RESDHT_RUR,2050,6.957694313391068
RE1,SO_RESDHT_RUR,2051,7.04995366552892
RE1,SO_RESDHT_RUR,2052,7.141018188138953
RE1,SO_RESDHT_RUR,2053,7.230814996265014
RE1,SO_RESDHT_RUR,2054,7.319271683847439
RE1,SO_RESDHT_URB,2022,10.02547401066109
RE1,SO_RESDHT_URB,2023,10.0320905441255
RE1,SO_RESDHT_URB,2024,10.25645077130024
RE1,SO_RESDHT_URB,2025,10.60678204591553
RE1,SO_RESDHT_URB,2026,10.94014147312843
RE1,SO_RESDHT_URB,2027,11.27699671023675
RE1,SO_RESDHT_URB,2028,11.61614498923393
RE1,SO_RESDHT_URB,2029,11.95554798087894
RE1,SO_RESDHT_URB,2030,12.29384716114987
RE1,SO_RESDHT_URB,2031,12.65318623769717
RE1,SO_RESDHT_URB,2032,13.0125581030421
RE1,SO_RESDHT_URB,2033,13.37150414656214
RE1,SO_RESDHT_URB,2034,13.7301980966966
RE1,SO_RESDHT_URB,2035,14.08899892405774
RE1,SO_RESDHT_URB,2036,14.45225008435637
RE1,SO_RESDHT_URB,2037,14.81591701665092
RE1,SO_RESDHT_URB,2038,15.18031514438088
RE1,SO_RESDHT_URB,2039,15.5452654899057
RE1,SO_RESDHT_URB,2040,15.91180634410754
RE1,SO_RESDHT_URB,2041,16.28175233514953
RE1,SO_RESDHT_URB,2042,16.65257921282838
RE1,SO_RESDHT_URB,2043,17.02441881881091
RE1,SO_RESDHT_URB,2044,17.39661931587737
RE1,SO_RESDHT_URB,2045,17.76977906890988
RE1,SO_RESDHT_URB,2046,18.14574682227411
RE1,SO_RESDHT_URB,2047,18.52392324719468
RE1,SO_RESDHT_URB,2048,18.90421297481082
RE1,SO_RESDHT_URB,2049,19.28384367523356
RE1,SO_RESDHT_URB,2050,19.63238046957565
RE1,SO_RESDHT_URB,2051,19.86247578900631
RE1,SO_RESDHT_URB,2052,20.08926939571815
RE1,SO_RESDHT_URB,2053,20.30152850632604
RE1,SO_RESDHT_URB,2054,20.5099009171826
RE1,SO_RESILU_RUR,2022,0.0454271072918675
RE1,SO_RESILU_RUR,2023,0.04705916708454583
RE1,SO_RESILU_RUR,2024,0.0474596814445858
RE1,SO_RESILU_RUR,2025,0.04913714647535116
RE1,SO_RESILU_RUR,2026,0.05044480697310152
RE1,SO_RESILU_RUR,2027,0.05179514711714727
RE1,SO_RESILU_RUR,2028,0.05318737638006982
RE1,SO_RESILU_RUR,2029,0.0546066354043695
RE1,SO_RESILU_RUR,2030,0.05605571025658437
RE1,SO_RESILU_RUR,2031,0.05752174173778518
RE1,SO_RESILU_RUR,2032,0.05899457772672399
RE1,SO_RESILU_RUR,2033,0.06046521179287399
RE1,SO_RESILU_RUR,2034,0.06194263995689062
RE1,SO_RESILU_RUR,2035,0.06341829466964094
RE1,SO_RESILU_RUR,2036,0.06490188414981954
RE1,SO_RESILU_RUR,2037,0.06637719595782438
RE1,SO_RESILU_RUR,2038,0.06785791920874384
RE1,SO_RESILU_RUR,2039,0.0693411038504618
RE1,SO_RESILU_RUR,2040,0.07083027874936004
RE1,SO_RESILU_RUR,2041,0.072320826716032
RE1,SO_RESILU_RUR,2042,0.07381192211991085
RE1,SO_RESILU_RUR,2043,0.07530534525890611
RE1,SO_RESILU_RUR,2044,0.07679598245455452
RE1,SO_RESILU_RUR,2045,0.07828838994120206
RE1,SO_RESILU_RUR,2046,0.07978533314575253
RE1,SO_RESILU_RUR,2047,0.08127867161906349
RE1,SO_RESILU_RUR,2048,0.08277206223481741
RE1,SO_RESILU_RUR,2049,0.08424827047223002
RE1,SO_RESILU_RUR,2050,0.08571637524185548
RE1,SO_RESILU_RUR,2051,0.08719968853902996
RE1,SO_RESILU_RUR,2052,0.08867271865098489
RE1,SO_RESILU_RUR,2053,0.08993864642660247
RE1,SO_RESILU_RUR,2054,0.09118800440995696
RE1,SO_RESILU_URB,2022,0.2277303342182996
RE1,SO_RESILU_URB,2023,0.2324070677115204
RE1,SO_RESILU_URB,2024,0.2495930318581704
RE1,SO_RESILU_URB,2025,0.2498619083860363
RE1,SO_RESILU_URB,2026,0.2560249633630045
RE1,SO_RESILU_URB,2027,0.2622010173116741
RE1,SO_RESILU_URB,2028,0.2683618149722369
RE1,SO_RESILU_URB,2029,0.2744626258272215
RE1,SO_RESILU_URB,2030,0.2804742409058836
RE1,SO_RESILU_URB,2031,0.2862174762082377
RE1,SO_RESILU_URB,2032,0.2918651750758727
RE1,SO_RESILU_URB,2033,0.297410867411017
RE1,SO_RESILU_URB,2034,0.3028611590113845
RE1,SO_RESILU_URB,2035,0.3082268112376839
RE1,SO_RESILU_URB,2036,0.313503916196251
RE1,SO_RESILU_URB,2037,0.3187084390207501
RE1,SO_RESILU_URB,2038,0.3238451673044489
RE1,SO_RESILU_URB,2039,0.3289125989442709
RE1,SO_RESILU_URB,2040,0.3339347806652497
RE1,SO_RESILU_URB,2041,0.3388955895302179
RE1,SO_RESILU_URB,2042,0.3437977592408715
RE1,SO_RESILU_URB,2043,0.3486466785882341
RE1,SO_RESILU_URB,2044,0.3534304503670347
RE1,SO_RESILU_URB,2045,0.3581633686718323
RE1,SO_RESILU_URB,2046,0.3628542316896168
RE1,SO_RESILU_URB,2047,0.3675208414796086
RE1,SO_RESILU_URB,2048,0.3721630516096855
RE1,SO_RESILU_URB,2049,0.3767267874814428
RE1,SO_RESILU_URB,2050,0.3848125695651096
RE1,SO_RESILU_URB,2051,0.3891216311752179
RE1,SO_RESILU_URB,2052,0.3933609623449879
RE1,SO_RESILU_URB,2053,0.3975270488100176
RE1,SO_RESILU_URB,2054,0.4016165775530159
RE1,SO_RESOTH_RUR,2022,0.2559592398048438
RE1,SO_RESOTH_RUR,2023,0.2631765647057735
RE1,SO_RESOTH_RUR,2024,0.2647002286529866
RE1,SO_RESOTH_RUR,2025,0.2740422024633392
RE1,SO_RESOTH_RUR,2026,0.2810790850075108
RE1,SO_RESOTH_RUR,2027,0.2883329368442267
RE1,SO_RESOTH_RUR,2028,0.2958015556017424
RE1,SO_RESOTH_RUR,2029,0.3034138042242236
RE1,SO_RESOTH_RUR,2030,0.311180058404146
RE1,SO_RESOTH_RUR,2031,0.3190251595436358
RE1,SO_RESOTH_RUR,2032,0.3268929341732869
RE1,SO_RESOTH_RUR,2033,0.3347495366833123
RE1,SO_RESOTH_RUR,2034,0.342621481320339
RE1,SO_RESOTH_RUR,2035,0.3504854033076282
RE1,SO_RESOTH_RUR,2036,0.3583384869984584
RE1,SO_RESOTH_RUR,2037,0.3661948635266264
RE1,SO_RESOTH_RUR,2038,0.3740706318866175
RE1,SO_RESOTH_RUR,2039,0.3819572502092392
RE1,SO_RESOTH_RUR,2040,0.3898654445550533
RE1,SO_RESOTH_RUR,2041,0.397784551518677
RE1,SO_RESOTH_RUR,2042,0.4057021802217391
RE1,SO_RESOTH_RUR,2043,0.4136316327539921
RE1,SO_RESOTH_RUR,2044,0.4215500578183772
RE1,SO_RESOTH_RUR,2045,0.429477174410911
RE1,SO_RESOTH_RUR,2046,0.4374192845495521
RE1,SO_RESOTH_RUR,2047,0.4453459280200646
RE1,SO_RESOTH_RUR,2048,0.4532673681667601
RE1,SO_RESOTH_RUR,2049,0.4610975361311357
RE1,SO_RESOTH_RUR,2050,0.4688658934981109
RE1,SO_RESOTH_RUR,2051,0.4767214814978498
RE1,SO_RESOTH_RUR,2052,0.484517980621829
RE1,SO_RESOTH_RUR,2053,0.4911807241847546
RE1,SO_RESOTH_RUR,2054,0.4977515873440992
RE1,SO_RESOTH_URB,2022,1.257122030176707
RE1,SO_RESOTH_URB,2023,1.285047097387316
RE1,SO_RESOTH_URB,2024,1.381071102999477
RE1,SO_RESOTH_URB,2025,1.382376484755641
RE1,SO_RESOTH_URB,2026,1.416440804124169
RE1,SO_RESOTH_URB,2027,1.4507990504857
RE1,SO_RESOTH_URB,2028,1.484812728273581
RE1,SO_RESOTH_URB,2029,1.518728637419838
RE1,SO_RESOTH_URB,2030,1.5521387681182
RE1,SO_RESOTH_URB,2031,1.583790326861767
RE1,SO_RESOTH_URB,2032,1.615177360236975
RE1,SO_RESOTH_URB,2033,1.645723837513572
RE1,SO_RESOTH_URB,2034,1.676018737689053
RE1,SO_RESOTH_URB,2035,1.705847285923002
RE1,SO_RESOTH_URB,2036,1.734886497318852
RE1,SO_RESOTH_URB,2037,1.76382355376931
RE1,SO_RESOTH_URB,2038,1.792082831612513
RE1,SO_RESOTH_URB,2039,1.820261841389643
RE1,SO_RESOTH_URB,2040,1.848192611152953
RE1,SO_RESOTH_URB,2041,1.875466327587069
RE1,SO_RESOTH_URB,2042,1.902733088983214
RE1,SO_RESOTH_URB,2043,1.929378299608098
RE1,SO_RESOTH_URB,2044,1.955990908861676
RE1,SO_RESOTH_URB,2045,1.982324043946626
RE1,SO_RESOTH_URB,2046,2.008084370530618
RE1,SO_RESOTH_URB,2047,2.034050974981576
RE1,SO_RESOTH_URB,2048,2.059533860013822
RE1,SO_RESOTH_URB,2049,2.084931757465803
RE1,SO_RESOTH_URB,2050,2.12968062795144
RE1,SO_RESOTH_URB,2051,2.153526594549391
RE1,SO_RESOTH_URB,2052,2.176985577090103
RE1,SO_RESOTH_URB,2053,2.200038111963784
RE1,SO_RESOTH_URB,2054,2.222665850695776
RE1,SO_RESREF_RUR,2022,0.0806332816596375
RE1,SO_RESREF_RUR,2023,0.08185559644000034
RE1,SO_RESREF_RUR,2024,0.08481840094540659
RE1,SO_RESREF_RUR,2025,0.08862086181552108
RE1,SO_RESREF_RUR,2026,0.09157279561312436
RE1,SO_RESREF_RUR,2027,0.09462084724456363
RE1,SO_RESREF_RUR,2028,0.0977625650315982
RE1,SO_RESREF_RUR,2029,0.1009837000293051
RE1,SO_RESREF_RUR,2030,0.104284119932943
RE1,SO_RESREF_RUR,2031,0.1066932056947205
RE1,SO_RESREF_RUR,2032,0.1091105732154023
RE1,SO_RESREF_RUR,2033,0.1115340148130411
RE1,SO_RESREF_RUR,2034,0.1139558056695181
RE1,SO_RESREF_RUR,2035,0.1163850358268315
RE1,SO_RESREF_RUR,2036,0.118818944609674
RE1,SO_RESREF_RUR,2037,0.1212523003092775
RE1,SO_RESREF_RUR,2038,0.1236889214880356
RE1,SO_RESREF_RUR,2039,0.1261299966720432
RE1,SO_RESREF_RUR,2040,0.128572868501539
RE1,SO_RESREF_RUR,2041,0.1310243894217306
RE1,SO_RESREF_RUR,2042,0.1334779919335378
RE1,SO_RESREF_RUR,2043,0.1359352767111194
RE1,SO_RESREF_RUR,2044,0.1383923409761884
RE1,SO_RESREF_RUR,2045,0.1408531462976077
RE1,SO_RESREF_RUR,2046,0.1433135412795062
RE1,SO_RESREF_RUR,2047,0.1457753498366432
RE1,SO_RESREF_RUR,2048,0.1482297462506699
RE1,SO_RESREF_RUR,2049,0.1506605755307703
RE1,SO_RESREF_RUR,2050,0.1530775066334232
RE1,SO_RESREF_RUR,2051,0.1552852783859696
RE1,SO_RESREF_RUR,2052,0.1574694926938643
RE1,SO_RESREF_RUR,2053,0.1596283416518699
RE1,SO_RESREF_RUR,2054,0.1617600203743237
RE1,SO_RESREF_URB,2022,1.62327682154883
RE1,SO_RESREF_URB,2023,1.66819256433084
RE1,SO_RESREF_URB,2024,1.79493629668981
RE1,SO_RESREF_URB,2025,1.816958490998607
RE1,SO_RESREF_URB,2026,1.881310172514954
RE1,SO_RESREF_URB,2027,1.946667918649177
RE1,SO_RESREF_URB,2028,2.012825634725874
RE1,SO_RESREF_URB,2029,2.079432884969814
RE1,SO_RESREF_URB,2030,2.146253339318075
RE1,SO_RESREF_URB,2031,2.192296527947767
RE1,SO_RESREF_URB,2032,2.237687640420509
RE1,SO_RESREF_URB,2033,2.282371350990233
RE1,SO_RESREF_URB,2034,2.326399010725937
RE1,SO_RESREF_URB,2035,2.369851051763279
RE1,SO_RESREF_URB,2036,2.41273577307996
RE1,SO_RESREF_URB,2037,2.455094454716445
RE1,SO_RESREF_URB,2038,2.497002540061799
RE1,SO_RESREF_URB,2039,2.538445371590795
RE1,SO_RESREF_URB,2040,2.57960625878398
RE1,SO_RESREF_URB,2041,2.620362167592794
RE1,SO_RESREF_URB,2042,2.660731132627427
RE1,SO_RESREF_URB,2043,2.700750786390302
RE1,SO_RESREF_URB,2044,2.740329229243864
RE1,SO_RESREF_URB,2045,2.77957708575776
RE1,SO_RESREF_URB,2046,2.818558866339819
RE1,SO_RESREF_URB,2047,2.857411409142167
RE1,SO_RESREF_URB,2048,2.896128858707598
RE1,SO_RESREF_URB,2049,2.934295049553673
RE1,SO_RESREF_URB,2050,2.971765176082847
RE1,SO_RESREF_URB,2051,3.004952462783504
RE1,SO_RESREF_URB,2052,3.037592080182104
RE1,SO_RESREF_URB,2053,3.06965665154258
RE1,SO_RESREF_URB,2054,3.101120362219183
RE1,SO_RESTV_RUR,2022,0.1158003776549493
RE1,SO_RESTV_RUR,2023,0.1187655743030795
RE1,SO_RESTV_RUR,2024,0.1187188583136187
RE1,SO_RESTV_RUR,2025,0.1242970322063896
RE1,SO_RESTV_RUR,2026,0.1278329499427322
RE1,SO_RESTV_RUR,2027,0.1314615562148898
RE1,SO_RESTV_RUR,2028,0.1351805874370712
RE1,SO_RESTV_RUR,2029,0.1389712751753892
RE1,SO_RESTV_RUR,2030,0.142833525864182
RE1,SO_RESTV_RUR,2031,0.1463315465214297
RE1,SO_RESTV_RUR,2032,0.1498377695161246
RE1,SO_RESTV_RUR,2033,0.153349686279101
RE1,SO_RESTV_RUR,2034,0.1568573216515986
RE1,SO_RESTV_RUR,2035,0.1603733458247013
RE1,SO_RESTV_RUR,2036,0.1638919632201719
RE1,SO_RESTV_RUR,2037,0.1674115297443584
RE1,SO_RESTV_RUR,2038,0.1709350880635712
RE1,SO_RESTV_RUR,2039,0.1744643757281769
RE1,SO_RESTV_RUR,2040,0.1779959501369457
RE1,SO_RESTV_RUR,2041,0.1815394496376196
RE1,SO_RESTV_RUR,2042,0.1850857953767042
RE1,SO_RESTV_RUR,2043,0.1886375042932557
RE1,SO_RESTV_RUR,2044,0.1921893952442648
RE1,SO_RESTV_RUR,2045,0.1957469495550448
RE1,SO_RESTV_RUR,2046,0.1993042720736483
RE1,SO_RESTV_RUR,2047,0.2028639633031954
RE1,SO_RESTV_RUR,2048,0.2064141016986089
RE1,SO_RESTV_RUR,2049,0.2099317350601225
RE1,SO_RESTV_RUR,2050,0.213428337327011
RE1,SO_RESTV_RUR,2051,0.2169658017958028
RE1,SO_RESTV_RUR,2052,0.2204799395400091
RE1,SO_RESTV_RUR,2053,0.2234816972097007
RE1,SO_RESTV_RUR,2054,0.2264451284116921
RE1,SO_RESTV_URB,2022,0.4597433748581569
RE1,SO_RESTV_URB,2023,0.4707984929771843
RE1,SO_RESTV_URB,2024,0.5051500007573274
RE1,SO_RESTV_URB,2025,0.5061165277056766
RE1,SO_RESTV_URB,2026,0.5186156630703241
RE1,SO_RESTV_URB,2027,0.531139809911276
RE1,SO_RESTV_URB,2028,0.5436322960919239
RE1,SO_RESTV_URB,2029,0.5560027815926931
RE1,SO_RESTV_URB,2030,0.5681917515558272
RE1,SO_RESTV_URB,2031,0.5798370601141778
RE1,SO_RESTV_URB,2032,0.5912888592481088
RE1,SO_RESTV_URB,2033,0.6025338799580716
RE1,SO_RESTV_URB,2034,0.6135853168554491
RE1,SO_RESTV_URB,2035,0.6244650931811505
RE1,SO_RESTV_URB,2036,0.6351637256770505
RE1,SO_RESTV_URB,2037,0.6457170222660454
RE1,SO_RESTV_URB,2038,0.6561330675798785
RE1,SO_RESTV_URB,2039,0.6664086479437948
RE1,SO_RESTV_URB,2040,0.6765920773484303
RE1,SO_RESTV_URB,2041,0.6866509589775498
RE1,SO_RESTV_URB,2042,0.6965906649700856
RE1,SO_RESTV_URB,2043,0.7064220151961766
RE1,SO_RESTV_URB,2044,0.7161210507386769
RE1,SO_RESTV_URB,2045,0.7257165020482558
RE1,SO_RESTV_URB,2046,0.7352263455548209
RE1,SO_RESTV_URB,2047,0.7446859969783809
RE1,SO_RESTV_URB,2048,0.7540955859872834
RE1,SO_RESTV_URB,2049,0.7633445461893368
RE1,SO_RESTV_URB,2050,0.7797277321151183
RE1,SO_RESTV_URB,2051,0.7884573853455598
RE1,SO_RESTV_URB,2052,0.7970442103717476
RE1,SO_RESTV_URB,2053,0.8054810405894055
RE1,SO_RESTV_URB,2054,0.8137611189396718
RE1,SO_RESWHT_RUR,2022,0.04894731883994886
RE1,SO_RESWHT_RUR,2023,0.05802503404944825
RE1,SO_RESWHT_RUR,2024,0.06441656065888353
RE1,SO_RESWHT_RUR,2025,0.06651664629803178
RE1,SO_RESWHT_RUR,2026,0.06806656953515268
RE1,SO_RESWHT_RUR,2027,0.06965810525404109
RE1,SO_RESWHT_RUR,2028,0.0712876231515847
RE1,SO_RESWHT_RUR,2029,0.07294404001654389
RE1,SO_RESWHT_RUR,2030,0.07462655594922331
RE1,SO_RESWHT_RUR,2031,0.07632293219758224
RE1,SO_RESWHT_RUR,2032,0.07802397583581806
RE1,SO_RESWHT_RUR,2033,0.07972737508416479
RE1,SO_RESWHT_RUR,2034,0.08142586260194062
RE1,SO_RESWHT_RUR,2035,0.08312612436707395
RE1,SO_RESWHT_RUR,2036,0.08483021034469229
RE1,SO_RESWHT_RUR,2037,0.08652587306878727
RE1,SO_RESWHT_RUR,2038,0.08821912797932757
RE1,SO_RESWHT_RUR,2039,0.08991138588183281
RE1,SO_RESWHT_RUR,2040,0.09160005616793049
RE1,SO_RESWHT_RUR,2041,0.09329116160740708
RE1,SO_RESWHT_RUR,2042,0.09497944785128606
RE1,SO_RESWHT_RUR,2043,0.09666602103681564
RE1,SO_RESWHT_RUR,2044,0.09834866600390561
RE1,SO_RESWHT_RUR,2045,0.100029221927065
RE1,SO_RESWHT_RUR,2046,0.1017058336557545
RE1,SO_RESWHT_RUR,2047,0.1033802854173817
RE1,SO_RESWHT_RUR,2048,0.1050455491062956
RE1,SO_RESWHT_RUR,2049,0.1066905175089081
RE1,SO_RESWHT_RUR,2050,0.1083225247427046
RE1,SO_RESWHT_RUR,2051,0.1099708710441202
RE1,SO_RESWHT_RUR,2052,0.1116035960636746
RE1,SO_RESWHT_RUR,2053,0.1132193139535509
RE1,SO_RESWHT_RUR,2054,0.1148166375647682
RE1,SO_RESWHT_URB,2022,1.34437970684784
RE1,SO_RESWHT_URB,2023,1.401087264207848
RE1,SO_RESWHT_URB,2024,1.371096649563031
RE1,SO_RESWHT_URB,2025,1.390907367104127
RE1,SO_RESWHT_URB,2026,1.421794578274496
RE1,SO_RESWHT_URB,2027,1.452982664980894
RE1,SO_RESWHT_URB,2028,1.484384010816222
RE1,SO_RESWHT_URB,2029,1.515767116811169
RE1,SO_RESWHT_URB,2030,1.546999338075717
RE1,SO_RESWHT_URB,2031,1.576959865141451
RE1,SO_RESWHT_URB,2032,1.606442720266389
RE1,SO_RESWHT_URB,2033,1.635368058954354
RE1,SO_RESWHT_URB,2034,1.663774676947738
RE1,SO_RESWHT_URB,2035,1.69173741574332
RE1,SO_RESWHT_URB,2036,1.719218992969024
RE1,SO_RESWHT_URB,2037,1.746322241021608
RE1,SO_RESWHT_URB,2038,1.773064496287176
RE1,SO_RESWHT_URB,2039,1.79942125091523
RE1,SO_RESWHT_URB,2040,1.825532492657459
RE1,SO_RESWHT_URB,2041,1.851302558748038
RE1,SO_RESWHT_URB,2042,1.876747227183577
RE1,SO_RESWHT_URB,2043,1.901891377777313
RE1,SO_RESWHT_URB,2044,1.92665938011242
RE1,SO_RESWHT_URB,2045,1.951142703510443
RE1,SO_RESWHT_URB,2046,1.97538211824261
RE1,SO_RESWHT_URB,2047,1.999467404373041
RE1,SO_RESWHT_URB,2048,2.02340300046929
RE1,SO_RESWHT_URB,2049,2.046855513004509
RE1,SO_RESWHT_URB,2050,2.069688575772166
RE1,SO_RESWHT_URB,2051,2.09268930872201
RE1,SO_RESWHT_URB,2052,2.115295087052837
RE1,SO_RESWHT_URB,2053,2.137486491138954
RE1,SO_RESWHT_URB,2054,2.159245222986985
RE1,SO_RESWSH_RUR,2022,0.0375293230244492
RE1,SO_RESWSH_RUR,2023,0.037399891125063
RE1,SO_RESWSH_RUR,2024,0.0404503031251024
RE1,SO_RESWSH_RUR,2025,0.04242114874961738
RE1,SO_RESWSH_RUR,2026,0.04397306293964199
RE1,SO_RESWSH_RUR,2027,0.0455767838086341
RE1,SO_RESWSH_RUR,2028,0.04723117179707523
RE1,SO_RESWSH_RUR,2029,0.04892953261188917
RE1,SO_RESWSH_RUR,2030,0.05067190701389871
RE1,SO_RESWSH_RUR,2031,0.05227762551471817
RE1,SO_RESWSH_RUR,2032,0.05390585549602394
RE1,SO_RESWSH_RUR,2033,0.05555537588528176
RE1,SO_RESWSH_RUR,2034,0.05722214976212795
RE1,SO_RESWSH_RUR,2035,0.05891074686986345
RE1,SO_RESWSH_RUR,2036,0.06062139258067197
RE1,SO_RESWSH_RUR,2037,0.06234742508026843
RE1,SO_RESWSH_RUR,2038,0.06409269267364452
RE1,SO_RESWSH_RUR,2039,0.06585762342971865
RE1,SO_RESWSH_RUR,2040,0.06764074312790087
RE1,SO_RESWSH_RUR,2041,0.06944561061608807
RE1,SO_RESWSH_RUR,2042,0.0712688411690676
RE1,SO_RESWSH_RUR,2043,0.07311102240904281
RE1,SO_RESWSH_RUR,2044,0.07497005831152802
RE1,SO_RESWSH_RUR,2045,0.07684803873069254
RE1,SO_RESWSH_RUR,2046,0.07874267392004843
RE1,SO_RESWSH_RUR,2047,0.08065512205040509
RE1,SO_RESWSH_RUR,2048,0.08258026397973259
RE1,SO_RESWSH_RUR,2049,0.08450943196000707
RE1,SO_RESWSH_RUR,2050,0.08644849358257635
RE1,SO_RESWSH_RUR,2051,0.08768925866518766
RE1,SO_RESWSH_RUR,2052,0.088916787030662
RE1,SO_RESWSH_RUR,2053,0.09013006950283355
RE1,SO_RESWSH_RUR,2054,0.09132809848311015
RE1,SO_RESWSH_URB,2022,0.3685455692205423
RE1,SO_RESWSH_URB,2023,0.3788869469586176
RE1,SO_RESWSH_URB,2024,0.4175385115145594
RE1,SO_RESWSH_URB,2025,0.4247465441863228
RE1,SO_RESWSH_URB,2026,0.4411087154955137
RE1,SO_RESWSH_URB,2027,0.4577778091710648
RE1,SO_RESWSH_URB,2028,0.4747075256383251
RE1,SO_RESWSH_URB,2029,0.4918160543135591
RE1,SO_RESWSH_URB,2030,0.5090476214043631
RE1,SO_RESWSH_URB,2031,0.5243321848729192
RE1,SO_RESWSH_URB,2032,0.5396318480320701
RE1,SO_RESWSH_URB,2033,0.5549273317617472
RE1,SO_RESWSH_URB,2034,0.5702260058264562
RE1,SO_RESWSH_URB,2035,0.5855436584978961
RE1,SO_RESWSH_URB,2036,0.600874158603007
RE1,SO_RESWSH_URB,2037,0.6162312502998434
RE1,SO_RESWSH_URB,2038,0.6316267016427112
RE1,SO_RESWSH_URB,2039,0.6470530075454474
RE1,SO_RESWSH_URB,2040,0.6625537718874647
RE1,SO_RESWSH_URB,2041,0.6780947389964124
RE1,SO_RESWSH_URB,2042,0.6936773498377476
RE1,SO_RESWSH_URB,2043,0.7093089470973467
RE1,SO_RESWSH_URB,2044,0.7249618312812127
RE1,SO_RESWSH_URB,2045,0.7406626771531541
RE1,SO_RESWSH_URB,2046,0.756426524461048
RE1,SO_RESWSH_URB,2047,0.7722873973740182
RE1,SO_RESWSH_URB,2048,0.7882431927654342
RE1,SO_RESWSH_URB,2049,0.8041764363691896
RE1,SO_RESWSH_URB,2050,0.8200427115616832
RE1,SO_RESWSH_URB,2051,0.8292110437510225
RE1,SO_RESWSH_URB,2052,0.8382277131583593
RE1,SO_RESWSH_URB,2053,0.8470851323809896
RE1,SO_RESWSH_URB,2054,0.8557761461456043
RE1,SO_TERCLIM_CEN,2022,4.49994900125581
RE1,SO_TERCLIM_CEN,2023,4.653273286498345
RE1,SO_TERCLIM_CEN,2024,4.81245389231212
RE1,SO_TERCLIM_CEN,2025,4.982957007702401
RE1,SO_TERCLIM_CEN,2026,5.181209183453046
RE1,SO_TERCLIM_CEN,2027,5.36759266603113
RE1,SO_TERCLIM_CEN,2028,5.547646845992085
RE1,SO_TERCLIM_CEN,2029,5.73687994741483
RE1,SO_TERCLIM_CEN,2030,5.929092518301738
RE1,SO_TERCLIM_CEN,2031,6.062587354761979
RE1,SO_TERCLIM_CEN,2032,6.184609650037158
RE1,SO_TERCLIM_CEN,2033,6.299183382444423
RE1,SO_TERCLIM_CEN,2034,6.399686460053987
RE1,SO_TERCLIM_CEN,2035,6.487212530917688
RE1,SO_TERCLIM_CEN,2036,6.5646949798124
RE1,SO_TERCLIM_CEN,2037,6.637237440000248
RE1,SO_TERCLIM_CEN,2038,6.710807069346742
RE1,SO_TERCLIM_CEN,2039,6.791412357019347
RE1,SO_TERCLIM_CEN,2040,6.884224720534963
RE1,SO_TERCLIM_CEN,2041,6.993049232576318
RE1,SO_TERCLIM_CEN,2042,7.120237001352767
RE1,SO_TERCLIM_CEN,2043,7.266799691893548
RE1,SO_TERCLIM_CEN,2044,7.432762404783769
RE1,SO_TERCLIM_CEN,2045,7.617504986660876
RE1,SO_TERCLIM_CEN,2046,7.820055970769332
RE1,SO_TERCLIM_CEN,2047,8.039313498113355
RE1,SO_TERCLIM_CEN,2048,8.274194194531962
RE1,SO_TERCLIM_CEN,2049,8.523722815458244
RE1,SO_TERCLIM_CEN,2050,8.787078245571063
RE1,SO_TERCLIM_CEN,2051,9.07110466876284
RE1,SO_TERCLIM_CEN,2052,9.366403263486857
RE1,SO_TERCLIM_CEN,2053,9.66198195606749
RE1,SO_TERCLIM_CEN,2054,9.968061854553946
RE1,SO_TERCLIM_FAN,2022,0.1263207743071529
RE1,SO_TERCLIM_FAN,2023,0.1306327330449222
RE1,SO_TERCLIM_FAN,2024,0.1351413213937936
RE1,SO_TERCLIM_FAN,2025,0.1399557094166807
RE1,SO_TERCLIM_FAN,2026,0.1455520795366489
RE1,SO_TERCLIM_FAN,2027,0.1508307908015321
RE1,SO_TERCLIM_FAN,2028,0.155946426914361
RE1,SO_TERCLIM_FAN,2029,0.1613420628877053
RE1,SO_TERCLIM_FAN,2030,0.1668468175771138
RE1,SO_TERCLIM_FAN,2031,0.1714168025392908
RE1,SO_TERCLIM_FAN,2032,0.1759136055468051
RE1,SO_TERCLIM_FAN,2033,0.1804851763927632
RE1,SO_TERCLIM_FAN,2034,0.1849588205615076
RE1,SO_TERCLIM_FAN,2035,0.1893537959078999
RE1,SO_TERCLIM_FAN,2036,0.1937121434418378
RE1,SO_TERCLIM_FAN,2037,0.1981104428188068
RE1,SO_TERCLIM_FAN,2038,0.202635408985908
RE1,SO_TERCLIM_FAN,2039,0.2073745479479024
RE1,SO_TERCLIM_FAN,2040,0.2124039484266062
RE1,SO_TERCLIM_FAN,2041,0.2177807697160712
RE1,SO_TERCLIM_FAN,2042,0.2235426184353733
RE1,SO_TERCLIM_FAN,2043,0.2297079630269188
RE1,SO_TERCLIM_FAN,2044,0.2362816668705844
RE1,SO_TERCLIM_FAN,2045,0.2432597482498471
RE1,SO_TERCLIM_FAN,2046,0.2506334815826439
RE1,SO_TERCLIM_FAN,2047,0.2583924819811941
RE1,SO_TERCLIM_FAN,2048,0.2665267862736321
RE1,SO_TERCLIM_FAN,2049,0.2750281087604351
RE1,SO_TERCLIM_FAN,2050,0.2838904888162676
RE1,SO_TERCLIM_FAN,2051,0.293213814858279
RE1,SO_TERCLIM_FAN,2052,0.3028727704812832
RE1,SO_TERCLIM_FAN,2053,0.3125068761182718
RE1,SO_TERCLIM_FAN,2054,0.3224638144458192
RE1,SO_TERCLIM_SPL,2022,0.4949065796018259
RE1,SO_TERCLIM_SPL,2023,0.511769259058438
RE1,SO_TERCLIM_SPL,2024,0.5292760194995577
RE1,SO_TERCLIM_SPL,2025,0.5480280350503364
RE1,SO_TERCLIM_SPL,2026,0.5698319057546465
RE1,SO_TERCLIM_SPL,2027,0.5903304518117803
RE1,SO_TERCLIM_SPL,2028,0.610132898088976
RE1,SO_TERCLIM_SPL,2029,0.6309448466124903
RE1,SO_TERCLIM_SPL,2030,0.6520844786366681
RE1,SO_TERCLIM_SPL,2031,0.6667663056726201
RE1,SO_TERCLIM_SPL,2032,0.68018637704964
RE1,SO_TERCLIM_SPL,2033,0.6927872518600144
RE1,SO_TERCLIM_SPL,2034,0.7038406292128079
RE1,SO_TERCLIM_SPL,2035,0.7134667890526311
RE1,SO_TERCLIM_SPL,2036,0.7219883464638269
RE1,SO_TERCLIM_SPL,2037,0.7299666015145957
RE1,SO_TERCLIM_SPL,2038,0.7380578251289713
RE1,SO_TERCLIM_SPL,2039,0.7469228338676787
RE1,SO_TERCLIM_SPL,2040,0.757130382744223
RE1,SO_TERCLIM_SPL,2041,0.7690989555027574
RE1,SO_TERCLIM_SPL,2042,0.7830871281675527
RE1,SO_TERCLIM_SPL,2043,0.7992061641505243
RE1,SO_TERCLIM_SPL,2044,0.8174588240262288
RE1,SO_TERCLIM_SPL,2045,0.8377769030262561
RE1,SO_TERCLIM_SPL,2046,0.8600535587643824
RE1,SO_TERCLIM_SPL,2047,0.8841676082523875
RE1,SO_TERCLIM_SPL,2048,0.9099999014731749
RE1,SO_TERCLIM_SPL,2049,0.9374431805549874
RE1,SO_TERCLIM_SPL,2050,0.9664071388354766
RE1,SO_TERCLIM_SPL,2051,0.9976445029876383
RE1,SO_TERCLIM_SPL,2052,1.030121586046869
RE1,SO_TERCLIM_SPL,2053,1.06262947440459
RE1,SO_TERCLIM_SPL,2054,1.096292290494846
RE1,SO_TERDATA,2022,0.0
RE1,SO_TERDATA,2023,0.0
RE1,SO_TERDATA,2024,0.0
RE1,SO_TERDATA,2025,0.0
RE1,SO_TERDATA,2026,0.1721095473909159
RE1,SO_TERDATA,2027,0.2025654607174254
RE1,SO_TERDATA,2028,0.2448418790119678
RE1,SO_TERDATA,2029,0.2922914425612652
RE1,SO_TERDATA,2030,0.2929516273092478
RE1,SO_TERDATA,2031,0.29816336196249
RE1,SO_TERDATA,2032,0.2974558975843352
RE1,SO_TERDATA,2033,0.3109714248639353
RE1,SO_TERDATA,2034,0.3069073314562794
RE1,SO_TERDATA,2035,0.3139801399993586
RE1,SO_TERDATA,2036,0.3279631148362963
RE1,SO_TERDATA,2037,0.3358933014047756
RE1,SO_TERDATA,2038,0.330318807600293
RE1,SO_TERDATA,2039,0.365653536342204
RE1,SO_TERDATA,2040,0.3769401587130841
RE1,SO_TERDATA,2041,0.388226781083962
RE1,SO_TERDATA,2042,0.399513403454842
RE1,SO_TERDATA,2043,0.410800025825722
RE1,SO_TERDATA,2044,0.422086648196602
RE1,SO_TERDATA,2045,0.433373270567482
RE1,SO_TERDATA,2046,0.444659892938362
RE1,SO_TERDATA,2047,0.455946515309242
RE1,SO_TERDATA,2048,0.46723313768012
RE1,SO_TERDATA,2049,0.4785197600510001
RE1,SO_TERDATA,2050,0.4898063824218801
RE1,SO_TERDATA,2051,0.50109300479276
RE1,SO_TERDATA,2052,0.51237962716364
RE1,SO_TERDATA,2053,0.52366624953452
RE1,SO_TERDATA,2054,0.5349528719054
RE1,SO_TERDHT,2022,4.194178103552243
RE1,SO_TERDHT,2023,4.558238135642266
RE1,SO_TERDHT,2024,4.687600835976014
RE1,SO_TERDHT,2025,4.878023415632421
RE1,SO_TERDHT,2026,5.048301349086125
RE1,SO_TERDHT,2027,5.215464110151519
RE1,SO_TERDHT,2028,5.381212050371277
RE1,SO_TERDHT,2029,5.550784982910223
RE1,SO_TERDHT,2030,5.719461159994496
RE1,SO_TERDHT,2031,5.87331895268379
RE1,SO_TERDHT,2032,6.023804883920272
RE1,SO_TERDHT,2033,6.175871991952309
RE1,SO_TERDHT,2034,6.323553891431082
RE1,SO_TERDHT,2035,6.46755146943376
RE1,SO_TERDHT,2036,6.60945231717858
RE1,SO_TERDHT,2037,6.752112389314547
RE1,SO_TERDHT,2038,6.898787036474743
RE1,SO_TERDHT,2039,7.052759221432259
RE1,SO_TERDHT,2040,7.216877583069851
RE1,SO_TERDHT,2041,7.393273792787007
RE1,SO_TERDHT,2042,7.583335706193816
RE1,SO_TERDHT,2043,7.7877303495969
RE1,SO_TERDHT,2044,8.006609388095058
RE1,SO_TERDHT,2045,8.23978915705185
RE1,SO_TERDHT,2046,8.486905730850848
RE1,SO_TERDHT,2047,8.747531512860542
RE1,SO_TERDHT,2048,9.02125385975304
RE1,SO_TERDHT,2049,9.307722492707747
RE1,SO_TERDHT,2050,9.60667391185752
RE1,SO_TERDHT,2051,9.921851110056645
RE1,SO_TERDHT,2052,10.24847884479446
RE1,SO_TERDHT,2053,10.57424548441027
RE1,SO_TERDHT,2054,10.91098605982972
RE1,SO_TERIHT,2022,0.3852138012288998
RE1,SO_TERIHT,2023,0.3872629739676227
RE1,SO_TERIHT,2024,0.3898300494045039
RE1,SO_TERIHT,2025,0.3921316076305742
RE1,SO_TERIHT,2026,0.3945672766575372
RE1,SO_TERIHT,2027,0.3971784989046973
RE1,SO_TERIHT,2028,0.4000171689090055
RE1,SO_TERIHT,2029,0.4031460777244704
RE1,SO_TERIHT,2030,0.4066371854597641
RE1,SO_TERIHT,2031,0.4195473403258262
RE1,SO_TERIHT,2032,0.4328305857320346
RE1,SO_TERIHT,2033,0.4469240129140734
RE1,SO_TERIHT,2034,0.4614376970341256
RE1,SO_TERIHT,2035,0.4763937958645868
RE1,SO_TERIHT,2036,0.4918020870765737
RE1,SO_TERIHT,2037,0.5077030032411239
RE1,SO_TERIHT,2038,0.5241276639732162
RE1,SO_TERIHT,2039,0.54110836102369
RE1,SO_TERIHT,2040,0.5586765664558541
RE1,SO_TERIHT,2041,0.5768608269349262
RE1,SO_TERIHT,2042,0.595689036986321
RE1,SO_TERIHT,2043,0.6151838077077779
RE1,SO_TERIHT,2044,0.6353659859406493
RE1,SO_TERIHT,2045,0.6562555201784102
RE1,SO_TERIHT,2046,0.677872211443842
RE1,SO_TERIHT,2047,0.7002362851053991
RE1,SO_TERIHT,2048,0.7233687853049515
RE1,SO_TERIHT,2049,0.747291823378435
RE1,SO_TERIHT,2050,0.7720287188610158
RE1,SO_TERIHT,2051,0.7976170700976728
RE1,SO_TERIHT,2052,0.8240601455216506
RE1,SO_TERIHT,2053,0.8504197907898972
RE1,SO_TERIHT,2054,0.877625529763335
RE1,SO_TERILU,2022,0.5122235025354765
RE1,SO_TERILU,2023,0.5294598167617958
RE1,SO_TERILU,2024,0.5410832049645481
RE1,SO_TERILU,2025,0.5619785858533123
RE1,SO_TERILU,2026,0.5841409377216307
RE1,SO_TERILU,2027,0.6048797148702044
RE1,SO_TERILU,2028,0.6247925263061053
RE1,SO_TERILU,2029,0.6455876445912045
RE1,SO_TERILU,2030,0.6665197491880551
RE1,SO_TERILU,2031,0.6836914172101798
RE1,SO_TERILU,2032,0.7010671252758444
RE1,SO_TERILU,2033,0.7193313725947539
RE1,SO_TERILU,2034,0.7378221140997954
RE1,SO_TERILU,2035,0.7565397819325321
RE1,SO_TERILU,2036,0.7761596930794005
RE1,SO_TERILU,2037,0.7960860785282132
RE1,SO_TERILU,2038,0.8163154365720657
RE1,SO_TERILU,2039,0.8368446102959192
RE1,SO_TERILU,2040,0.857670995224909
RE1,SO_TERILU,2041,0.8795682282098014
RE1,SO_TERILU,2042,0.9018549985918732
RE1,SO_TERILU,2043,0.9245320310283454
RE1,SO_TERILU,2044,0.9475996684447955
RE1,SO_TERILU,2045,0.9710578406522051
RE1,SO_TERILU,2046,0.9957370201592997
RE1,SO_TERILU,2047,1.020899627109438
RE1,SO_TERILU,2048,1.04654997236422
RE1,SO_TERILU,2049,1.072692118190196
RE1,SO_TERILU,2050,1.099329857156147
RE1,SO_TERILU,2051,1.135781885100766
RE1,SO_TERILU,2052,1.173444760621367
RE1,SO_TERILU,2053,1.210994992961251
RE1,SO_TERILU,2054,1.249746832736011
RE1,SO_TERMPW,2022,0.4489974465381765
RE1,SO_TERMPW,2023,0.4643187967966104
RE1,SO_TERMPW,2024,0.4803229673918893
RE1,SO_TERMPW,2025,0.4974094557076083
RE1,SO_TERMPW,2026,0.5172959353665598
RE1,SO_TERMPW,2027,0.5360374166974697
RE1,SO_TERMPW,2028,0.5542002918175271
RE1,SO_TERMPW,2029,0.5733499426154376
RE1,SO_TERMPW,2030,0.5928869590267396
RE1,SO_TERMPW,2031,0.6091008668821465
RE1,SO_TERMPW,2032,0.6250532331614793
RE1,SO_TERMPW,2033,0.6412694400570742
RE1,SO_TERMPW,2034,0.6571364137725074
RE1,SO_TERMPW,2035,0.672723208625851
RE1,SO_TERMPW,2036,0.6881767168299284
RE1,SO_TERMPW,2037,0.7037710406008765
RE1,SO_TERMPW,2038,0.7198140701449723
RE1,SO_TERMPW,2039,0.7366165687651612
RE1,SO_TERMPW,2040,0.7544488260938794
RE1,SO_TERMPW,2041,0.7735138316107324
RE1,SO_TERMPW,2042,0.7939448106652895
RE1,SO_TERMPW,2043,0.8158071916267452
RE1,SO_TERMPW,2044,0.8391180769777137
RE1,SO_TERMPW,2045,0.8638631573114385
RE1,SO_TERMPW,2046,0.8900112817014503
RE1,SO_TERMPW,2047,0.9175254142048629
RE1,SO_TERMPW,2048,0.9463700242541139
RE1,SO_TERMPW,2049,0.9765155449991916
RE1,SO_TERMPW,2050,1.007940671320401
RE1,SO_TERMPW,2051,1.041000015978034
RE1,SO_TERMPW,2052,1.075248513722343
RE1,SO_TERMPW,2053,1.109451184866253
RE1,SO_TERMPW,2054,1.144799965547024
RE1,SO_TEROTH,2022,2.201316870042048
RE1,SO_TEROTH,2023,2.276121147367356
RE1,SO_TEROTH,2024,2.352927047481697
RE1,SO_TEROTH,2025,2.43568084176772
RE1,SO_TEROTH,2026,2.531735301602084
RE1,SO_TEROTH,2027,2.621626533181711
RE1,SO_TEROTH,2028,2.707937570301269
RE1,SO_TEROTH,2029,2.798075623097293
RE1,SO_TEROTH,2030,2.888807515396826
RE1,SO_TEROTH,2031,2.981505364736123
RE1,SO_TEROTH,2032,3.077161459084454
RE1,SO_TEROTH,2033,3.178923541474674
RE1,SO_TEROTH,2034,3.284038976187619
RE1,SO_TEROTH,2035,3.39265146661901
RE1,SO_TEROTH,2036,3.504777609289076
RE1,SO_TEROTH,2037,3.620623565820325
RE1,SO_TEROTH,2038,3.740309513850766
RE1,SO_TEROTH,2039,3.863963593848194
RE1,SO_TEROTH,2040,3.991723294753087
RE1,SO_TEROTH,2041,4.123729491252166
RE1,SO_TEROTH,2042,4.260144594053616
RE1,SO_TEROTH,2043,4.401116689455059
RE1,SO_TEROTH,2044,4.546798883573601
RE1,SO_TEROTH,2045,4.697349448445166
RE1,SO_TEROTH,2046,4.852931985596496
RE1,SO_TEROTH,2047,5.013715603887063
RE1,SO_TEROTH,2048,5.179875106193412
RE1,SO_TEROTH,2049,5.351591182188707
RE1,SO_TEROTH,2050,5.529050606879612
RE1,SO_TEROTH,2051,5.71240542125439
RE1,SO_TEROTH,2052,5.901851353218712
RE1,SO_TEROTH,2053,6.090710596521712
RE1,SO_TEROTH,2054,6.285613335610408
RE1,SO_TERREF_AUC,2022,0.3489547932734212
RE1,SO_TERREF_AUC,2023,0.3608445666353134
RE1,SO_TERREF_AUC,2024,0.3731885659287745
RE1,SO_TERREF_AUC,2025,0.3864106106240315
RE1,SO_TERREF_AUC,2026,0.4017843807418187
RE1,SO_TERREF_AUC,2027,0.4162378649199021
RE1,SO_TERREF_AUC,2028,0.4302005287029742
RE1,SO_TERREF_AUC,2029,0.4448750315451986
RE1,SO_TERREF_AUC,2030,0.4597805839505594
RE1,SO_TERREF_AUC,2031,0.4701327866311845
RE1,SO_TERREF_AUC,2032,0.4795953400159085
RE1,SO_TERREF_AUC,2033,0.488480290898453
RE1,SO_TERREF_AUC,2034,0.4962741149583126
RE1,SO_TERREF_AUC,2035,0.5030616167840788
RE1,SO_TERREF_AUC,2036,0.5090702830389534
RE1,SO_TERREF_AUC,2037,0.5146958719119111
RE1,SO_TERREF_AUC,2038,0.5204011172911622
RE1,SO_TERREF_AUC,2039,0.5266519581250788
RE1,SO_TERREF_AUC,2040,0.5338494210548956
RE1,SO_TERREF_AUC,2041,0.5422885776736288
RE1,SO_TERREF_AUC,2042,0.5521517510431442
RE1,SO_TERREF_AUC,2043,0.5635173938542969
RE1,SO_TERREF_AUC,2044,0.5763874538989481
RE1,SO_TERREF_AUC,2045,0.5907138415210128
RE1,SO_TERREF_AUC,2046,0.6064212237240679
RE1,SO_TERREF_AUC,2047,0.6234241558899682
RE1,SO_TERREF_AUC,2048,0.6416386267293992
RE1,SO_TERREF_AUC,2049,0.6609890099657388
RE1,SO_TERREF_AUC,2050,0.6814116314837583
RE1,SO_TERREF_AUC,2051,0.7034372377209697
RE1,SO_TERREF_AUC,2052,0.7263369790268779
RE1,SO_TERREF_AUC,2053,0.7492582358417172
RE1,SO_TERREF_AUC,2054,0.7729938302372912
RE1,SO_TERREF_CEN,2022,0.4933622941888429
RE1,SO_TERREF_CEN,2023,0.510172396747349
RE1,SO_TERREF_CEN,2024,0.5276246969543719
RE1,SO_TERREF_CEN,2025,0.5463184029313758
RE1,SO_TERREF_CEN,2026,0.5680542800187564
RE1,SO_TERREF_CEN,2027,0.5884890304522717
RE1,SO_TERREF_CEN,2028,0.6082298449353857
RE1,SO_TERREF_CEN,2029,0.6289770778947211
RE1,SO_TERREF_CEN,2030,0.6500509753525469
RE1,SO_TERREF_CEN,2031,0.6646872163868384
RE1,SO_TERREF_CEN,2032,0.6780656457328822
RE1,SO_TERREF_CEN,2033,0.6906274440966395
RE1,SO_TERREF_CEN,2034,0.7016465760667334
RE1,SO_TERREF_CEN,2035,0.7112429408025718
RE1,SO_TERREF_CEN,2036,0.7197381654725401
RE1,SO_TERREF_CEN,2037,0.7276917843539145
RE1,SO_TERREF_CEN,2038,0.7357580238883067
RE1,SO_TERREF_CEN,2039,0.7445956419232992
RE1,SO_TERREF_CEN,2040,0.754771621425066
RE1,SO_TERREF_CEN,2041,0.7667031430739888
RE1,SO_TERREF_CEN,2042,0.780647980443664
RE1,SO_TERREF_CEN,2043,0.7967170521983182
RE1,SO_TERREF_CEN,2044,0.814913112181945
RE1,SO_TERREF_CEN,2045,0.8351681698596377
RE1,SO_TERREF_CEN,2046,0.8573757172806249
RE1,SO_TERREF_CEN,2047,0.8814149503933595
RE1,SO_TERREF_CEN,2048,0.9071670916277005
RE1,SO_TERREF_CEN,2049,0.9345252183849205
RE1,SO_TERREF_CEN,2050,0.9633993063748387
RE1,SO_TERREF_CEN,2051,0.9945397401317592
RE1,SO_TERREF_CEN,2052,1.026916051117582
RE1,SO_TERREF_CEN,2053,1.059322781346962
RE1,SO_TERREF_CEN,2054,1.092880845401869
RE1,SO_TRAAVI,2022,0.0
RE1,SO_TRAAVI,2023,0.0
RE1,SO_TRAAVI,2024,0.0
RE1,SO_TRAAVI,2025,0.0
RE1,SO_TRAAVI,2026,0.0
RE1,SO_TRAAVI,2027,0.0
RE1,SO_TRAAVI,2028,0.0
RE1,SO_TRAAVI,2029,0.0
RE1,SO_TRAAVI,2030,0.0
RE1,SO_TRAAVI,2031,0.0
RE1,SO_TRAAVI,2032,0.0
RE1,SO_TRAAVI,2033,0.0
RE1,SO_TRAAVI,2034,0.0
RE1,SO_TRAAVI,2035,0.0
RE1,SO_TRAAVI,2036,0.0
RE1,SO_TRAAVI,2037,0.0
RE1,SO_TRAAVI,2038,0.0
RE1,SO_TRAAVI,2039,0.0
RE1,SO_TRAAVI,2040,0.0
RE1,SO_TRAAVI,2041,0.0
RE1,SO_TRAAVI,2042,0.0
RE1,SO_TRAAVI,2043,0.0
RE1,SO_TRAAVI,2044,0.0
RE1,SO_TRAAVI,2045,0.0
RE1,SO_TRAAVI,2046,0.0
RE1,SO_TRAAVI,2047,0.0
RE1,SO_TRAAVI,2048,0.0
RE1,SO_TRAAVI,2049,0.0
RE1,SO_TRAAVI,2050,0.0
RE1,SO_TRAAVI,2051,0.0
RE1,SO_TRAAVI,2052,0.0
RE1,SO_TRAAVI,2053,0.0
RE1,SO_TRAAVI,2054,0.0
RE1,SO_TRABUS,2022,0.0
RE1,SO_TRABUS,2023,0.0
RE1,SO_TRABUS,2024,0.0
RE1,SO_TRABUS,2025,0.0
RE1,SO_TRABUS,2026,0.0
RE1,SO_TRABUS,2027,0.0
RE1,SO_TRABUS,2028,0.0
RE1,SO_TRABUS,2029,0.0
RE1,SO_TRABUS,2030,0.0
RE1,SO_TRABUS,2031,0.0
RE1,SO_TRABUS,2032,0.0
RE1,SO_TRABUS,2033,0.0
RE1,SO_TRABUS,2034,0.0
RE1,SO_TRABUS,2035,0.0
RE1,SO_TRABUS,2036,0.0
RE1,SO_TRABUS,2037,0.0
RE1,SO_TRABUS,2038,0.0
RE1,SO_TRABUS,2039,0.0
RE1,SO_TRABUS,2040,0.0
RE1,SO_TRABUS,2041,0.0
RE1,SO_TRABUS,2042,0.0
RE1,SO_TRABUS,2043,0.0
RE1,SO_TRABUS,2044,0.0
RE1,SO_TRABUS,2045,0.0
RE1,SO_TRABUS,2046,0.0
RE1,SO_TRABUS,2047,0.0
RE1,SO_TRABUS,2048,0.0
RE1,SO_TRABUS,2049,0.0
RE1,SO_TRABUS,2050,0.0
RE1,SO_TRABUS,2051,0.0
RE1,SO_TRABUS,2052,0.0
RE1,SO_TRABUS,2053,0.0
RE1,SO_TRABUS,2054,0.0
RE1,SO_TRAFWD,2022,0.0
RE1,SO_TRAFWD,2023,0.0
RE1,SO_TRAFWD,2024,0.0
RE1,SO_TRAFWD,2025,0.0
RE1,SO_TRAFWD,2026,0.0
RE1,SO_TRAFWD,2027,0.0
RE1,SO_TRAFWD,2028,0.0
RE1,SO_TRAFWD,2029,0.0
RE1,SO_TRAFWD,2030,0.0
RE1,SO_TRAFWD,2031,0.0
RE1,SO_TRAFWD,2032,0.0
RE1,SO_TRAFWD,2033,0.0
RE1,SO_TRAFWD,2034,0.0
RE1,SO_TRAFWD,2035,0.0
RE1,SO_TRAFWD,2036,0.0
RE1,SO_TRAFWD,2037,0.0
RE1,SO_TRAFWD,2038,0.0
RE1,SO_TRAFWD,2039,0.0
RE1,SO_TRAFWD,2040,0.0
RE1,SO_TRAFWD,2041,0.0
RE1,SO_TRAFWD,2042,0.0
RE1,SO_TRAFWD,2043,0.0
RE1,SO_TRAFWD,2044,0.0
RE1,SO_TRAFWD,2045,0.0
RE1,SO_TRAFWD,2046,0.0
RE1,SO_TRAFWD,2047,0.0
RE1,SO_TRAFWD,2048,0.0
RE1,SO_TRAFWD,2049,0.0
RE1,SO_TRAFWD,2050,0.0
RE1,SO_TRAFWD,2051,0.0
RE1,SO_TRAFWD,2052,0.0
RE1,SO_TRAFWD,2053,0.0
RE1,SO_TRAFWD,2054,0.0
RE1,SO_TRALDV,2022,0.0
RE1,SO_TRALDV,2023,0.0
RE1,SO_TRALDV,2024,0.0
RE1,SO_TRALDV,2025,0.0
RE1,SO_TRALDV,2026,0.0
RE1,SO_TRALDV,2027,0.0
RE1,SO_TRALDV,2028,0.0
RE1,SO_TRALDV,2029,0.0
RE1,SO_TRALDV,2030,0.0
RE1,SO_TRALDV,2031,0.0
RE1,SO_TRALDV,2032,0.0
RE1,SO_TRALDV,2033,0.0
RE1,SO_TRALDV,2034,0.0
RE1,SO_TRALDV,2035,0.0
RE1,SO_TRALDV,2036,0.0
RE1,SO_TRALDV,2037,0.0
RE1,SO_TRALDV,2038,0.0
RE1,SO_TRALDV,2039,0.0
RE1,SO_TRALDV,2040,0.0
RE1,SO_TRALDV,2041,0.0
RE1,SO_TRALDV,2042,0.0
RE1,SO_TRALDV,2043,0.0
RE1,SO_TRALDV,2044,0.0
RE1,SO_TRALDV,2045,0.0
RE1,SO_TRALDV,2046,0.0
RE1,SO_TRALDV,2047,0.0
RE1,SO_TRALDV,2048,0.0
RE1,SO_TRALDV,2049,0.0
RE1,SO_TRALDV,2050,0.0
RE1,SO_TRALDV,2051,0.0
RE1,SO_TRALDV,2052,0.0
RE1,SO_TRALDV,2053,0.0
RE1,SO_TRALDV,2054,0.0
RE1,SO_TRAMAS,2022,0.0
RE1,SO_TRAMAS,2023,0.0
RE1,SO_TRAMAS,2024,0.0
RE1,SO_TRAMAS,2025,0.0
RE1,SO_TRAMAS,2026,0.0
RE1,SO_TRAMAS,2027,0.0
RE1,SO_TRAMAS,2028,0.0
RE1,SO_TRAMAS,2029,0.0
RE1,SO_TRAMAS,2030,0.0
RE1,SO_TRAMAS,2031,0.0
RE1,SO_TRAMAS,2032,0.0
RE1,SO_TRAMAS,2033,0.0
RE1,SO_TRAMAS,2034,0.0
RE1,SO_TRAMAS,2035,0.0
RE1,SO_TRAMAS,2036,0.0
RE1,SO_TRAMAS,2037,0.0
RE1,SO_TRAMAS,2038,0.0
RE1,SO_TRAMAS,2039,0.0
RE1,SO_TRAMAS,2040,0.0
RE1,SO_TRAMAS,2041,0.0
RE1,SO_TRAMAS,2042,0.0
RE1,SO_TRAMAS,2043,0.0
RE1,SO_TRAMAS,2044,0.0
RE1,SO_TRAMAS,2045,0.0
RE1,SO_TRAMAS,2046,0.0
RE1,SO_TRAMAS,2047,0.0
RE1,SO_TRAMAS,2048,0.0
RE1,SO_TRAMAS,2049,0.0
RE1,SO_TRAMAS,2050,0.0
RE1,SO_TRAMAS,2051,0.0
RE1,SO_TRAMAS,2052,0.0
RE1,SO_TRAMAS,2053,0.0
RE1,SO_TRAMAS,2054,0.0
RE1,SO_TRAMET,2022,0.0
RE1,SO_TRAMET,2023,0.0
RE1,SO_TRAMET,2024,0.0
RE1,SO_TRAMET,2025,0.0
RE1,SO_TRAMET,2026,0.0
RE1,SO_TRAMET,2027,0.0
RE1,SO_TRAMET,2028,0.0
RE1,SO_TRAMET,2029,0.0
RE1,SO_TRAMET,2030,0.0
RE1,SO_TRAMET,2031,0.0
RE1,SO_TRAMET,2032,0.0
RE1,SO_TRAMET,2033,0.0
RE1,SO_TRAMET,2034,0.0
RE1,SO_TRAMET,2035,0.0
RE1,SO_TRAMET,2036,0.0
RE1,SO_TRAMET,2037,0.0
RE1,SO_TRAMET,2038,0.0
RE1,SO_TRAMET,2039,0.0
RE1,SO_TRAMET,2040,0.0
RE1,SO_TRAMET,2041,0.0
RE1,SO_TRAMET,2042,0.0
RE1,SO_TRAMET,2043,0.0
RE1,SO_TRAMET,2044,0.0
RE1,SO_TRAMET,2045,0.0
RE1,SO_TRAMET,2046,0.0
RE1,SO_TRAMET,2047,0.0
RE1,SO_TRAMET,2048,0.0
RE1,SO_TRAMET,2049,0.0
RE1,SO_TRAMET,2050,0.0
RE1,SO_TRAMET,2051,0.0
RE1,SO_TRAMET,2052,0.0
RE1,SO_TRAMET,2053,0.0
RE1,SO_TRAMET,2054,0.0
RE1,SO_TRAMIC,2022,0.0
RE1,SO_TRAMIC,2023,0.0
RE1,SO_TRAMIC,2024,0.0
RE1,SO_TRAMIC,2025,0.0
RE1,SO_TRAMIC,2026,0.0
RE1,SO_TRAMIC,2027,0.0
RE1,SO_TRAMIC,2028,0.0
RE1,SO_TRAMIC,2029,0.0
RE1,SO_TRAMIC,2030,0.0
RE1,SO_TRAMIC,2031,0.0
RE1,SO_TRAMIC,2032,0.0
RE1,SO_TRAMIC,2033,0.0
RE1,SO_TRAMIC,2034,0.0
RE1,SO_TRAMIC,2035,0.0
RE1,SO_TRAMIC,2036,0.0
RE1,SO_TRAMIC,2037,0.0
RE1,SO_TRAMIC,2038,0.0
RE1,SO_TRAMIC,2039,0.0
RE1,SO_TRAMIC,2040,0.0
RE1,SO_TRAMIC,2041,0.0
RE1,SO_TRAMIC,2042,0.0
RE1,SO_TRAMIC,2043,0.0
RE1,SO_TRAMIC,2044,0.0
RE1,SO_TRAMIC,2045,0.0
RE1,SO_TRAMIC,2046,0.0
RE1,SO_TRAMIC,2047,0.0
RE1,SO_TRAMIC,2048,0.0
RE1,SO_TRAMIC,2049,0.0
RE1,SO_TRAMIC,2050,0.0
RE1,SO_TRAMIC,2051,0.0
RE1,SO_TRAMIC,2052,0.0
RE1,SO_TRAMIC,2053,0.0
RE1,SO_TRAMIC,2054,0.0
RE1,SO_TRAMRT,2022,0.0
RE1,SO_TRAMRT,2023,0.0
RE1,SO_TRAMRT,2024,0.0
RE1,SO_TRAMRT,2025,0.0
RE1,SO_TRAMRT,2026,0.0
RE1,SO_TRAMRT,2027,0.0
RE1,SO_TRAMRT,2028,0.0
RE1,SO_TRAMRT,2029,0.0
RE1,SO_TRAMRT,2030,0.0
RE1,SO_TRAMRT,2031,0.0
RE1,SO_TRAMRT,2032,0.0
RE1,SO_TRAMRT,2033,0.0
RE1,SO_TRAMRT,2034,0.0
RE1,SO_TRAMRT,2035,0.0
RE1,SO_TRAMRT,2036,0.0
RE1,SO_TRAMRT,2037,0.0
RE1,SO_TRAMRT,2038,0.0
RE1,SO_TRAMRT,2039,0.0
RE1,SO_TRAMRT,2040,0.0
RE1,SO_TRAMRT,2041,0.0
RE1,SO_TRAMRT,2042,0.0
RE1,SO_TRAMRT,2043,0.0
RE1,SO_TRAMRT,2044,0.0
RE1,SO_TRAMRT,2045,0.0
RE1,SO_TRAMRT,2046,0.0
RE1,SO_TRAMRT,2047,0.0
RE1,SO_TRAMRT,2048,0.0
RE1,SO_TRAMRT,2049,0.0
RE1,SO_TRAMRT,2050,0.0
RE1,SO_TRAMRT,2051,0.0
RE1,SO_TRAMRT,2052,0.0
RE1,SO_TRAMRT,2053,0.0
RE1,SO_TRAMRT,2054,0.0
RE1,SO_TRAMTC,2022,0.0
RE1,SO_TRAMTC,2023,0.0
RE1,SO_TRAMTC,2024,0.0
RE1,SO_TRAMTC,2025,0.0
RE1,SO_TRAMTC,2026,0.0
RE1,SO_TRAMTC,2027,0.0
RE1,SO_TRAMTC,2028,0.0
RE1,SO_TRAMTC,2029,0.0
RE1,SO_TRAMTC,2030,0.0
RE1,SO_TRAMTC,2031,0.0
RE1,SO_TRAMTC,2032,0.0
RE1,SO_TRAMTC,2033,0.0
RE1,SO_TRAMTC,2034,0.0
RE1,SO_TRAMTC,2035,0.0
RE1,SO_TRAMTC,2036,0.0
RE1,SO_TRAMTC,2037,0.0
RE1,SO_TRAMTC,2038,0.0
RE1,SO_TRAMTC,2039,0.0
RE1,SO_TRAMTC,2040,0.0
RE1,SO_TRAMTC,2041,0.0
RE1,SO_TRAMTC,2042,0.0
RE1,SO_TRAMTC,2043,0.0
RE1,SO_TRAMTC,2044,0.0
RE1,SO_TRAMTC,2045,0.0
RE1,SO_TRAMTC,2046,0.0
RE1,SO_TRAMTC,2047,0.0
RE1,SO_TRAMTC,2048,0.0
RE1,SO_TRAMTC,2049,0.0
RE1,SO_TRAMTC,2050,0.0
RE1,SO_TRAMTC,2051,0.0
RE1,SO_TRAMTC,2052,0.0
RE1,SO_TRAMTC,2053,0.0
RE1,SO_TRAMTC,2054,0.0
RE1,SO_TRARVT,2022,0.0
RE1,SO_TRARVT,2023,0.0
RE1,SO_TRARVT,2024,0.0
RE1,SO_TRARVT,2025,0.0
RE1,SO_TRARVT,2026,0.0
RE1,SO_TRARVT,2027,0.0
RE1,SO_TRARVT,2028,0.0
RE1,SO_TRARVT,2029,0.0
RE1,SO_TRARVT,2030,0.0
RE1,SO_TRARVT,2031,0.0
RE1,SO_TRARVT,2032,0.0
RE1,SO_TRARVT,2033,0.0
RE1,SO_TRARVT,2034,0.0
RE1,SO_TRARVT,2035,0.0
RE1,SO_TRARVT,2036,0.0
RE1,SO_TRARVT,2037,0.0
RE1,SO_TRARVT,2038,0.0
RE1,SO_TRARVT,2039,0.0
RE1,SO_TRARVT,2040,0.0
RE1,SO_TRARVT,2041,0.0
RE1,SO_TRARVT,2042,0.0
RE1,SO_TRARVT,2043,0.0
RE1,SO_TRARVT,2044,0.0
RE1,SO_TRARVT,2045,0.0
RE1,SO_TRARVT,2046,0.0
RE1,SO_TRARVT,2047,0.0
RE1,SO_TRARVT,2048,0.0
RE1,SO_TRARVT,2049,0.0
RE1,SO_TRARVT,2050,0.0
RE1,SO_TRARVT,2051,0.0
RE1,SO_TRARVT,2052,0.0
RE1,SO_TRARVT,2053,0.0
RE1,SO_TRARVT,2054,0.0
RE1,SO_TRASTT,2022,0.0
RE1,SO_TRASTT,2023,0.0
RE1,SO_TRASTT,2024,0.0
RE1,SO_TRASTT,2025,0.0
RE1,SO_TRASTT,2026,0.0
RE1,SO_TRASTT,2027,0.0
RE1,SO_TRASTT,2028,0.0
RE1,SO_TRASTT,2029,0.0
RE1,SO_TRASTT,2030,0.0
RE1,SO_TRASTT,2031,0.0
RE1,SO_TRASTT,2032,0.0
RE1,SO_TRASTT,2033,0.0
RE1,SO_TRASTT,2034,0.0
RE1,SO_TRASTT,2035,0.0
RE1,SO_TRASTT,2036,0.0
RE1,SO_TRASTT,2037,0.0
RE1,SO_TRASTT,2038,0.0
RE1,SO_TRASTT,2039,0.0
RE1,SO_TRASTT,2040,0.0
RE1,SO_TRASTT,2041,0.0
RE1,SO_TRASTT,2042,0.0
RE1,SO_TRASTT,2043,0.0
RE1,SO_TRASTT,2044,0.0
RE1,SO_TRASTT,2045,0.0
RE1,SO_TRASTT,2046,0.0
RE1,SO_TRASTT,2047,0.0
RE1,SO_TRASTT,2048,0.0
RE1,SO_TRASTT,2049,0.0
RE1,SO_TRASTT,2050,0.0
RE1,SO_TRASTT,2051,0.0
RE1,SO_TRASTT,2052,0.0
RE1,SO_TRASTT,2053,0.0
RE1,SO_TRASTT,2054,0.0
RE1,SO_TRATAX,2022,0.0
RE1,SO_TRATAX,2023,0.0
RE1,SO_TRATAX,2024,0.0
RE1,SO_TRATAX,2025,0.0
RE1,SO_TRATAX,2026,0.0
RE1,SO_TRATAX,2027,0.0
RE1,SO_TRATAX,2028,0.0
RE1,SO_TRATAX,2029,0.0
RE1,SO_TRATAX,2030,0.0
RE1,SO_TRATAX,2031,0.0
RE1,SO_TRATAX,2032,0.0
RE1,SO_TRATAX,2033,0.0
RE1,SO_TRATAX,2034,0.0
RE1,SO_TRATAX,2035,0.0
RE1,SO_TRATAX,2036,0.0
RE1,SO_TRATAX,2037,0.0
RE1,SO_TRATAX,2038,0.0
RE1,SO_TRATAX,2039,0.0
RE1,SO_TRATAX,2040,0.0
RE1,SO_TRATAX,2041,0.0
RE1,SO_TRATAX,2042,0.0
RE1,SO_TRATAX,2043,0.0
RE1,SO_TRATAX,2044,0.0
RE1,SO_TRATAX,2045,0.0
RE1,SO_TRATAX,2046,0.0
RE1,SO_TRATAX,2047,0.0
RE1,SO_TRATAX,2048,0.0
RE1,SO_TRATAX,2049,0.0
RE1,SO_TRATAX,2050,0.0
RE1,SO_TRATAX,2051,0.0
RE1,SO_TRATAX,2052,0.0
RE1,SO_TRATAX,2053,0.0
RE1,SO_TRATAX,2054,0.0
RE1,SO_TRATCK,2022,0.0
RE1,SO_TRATCK,2023,0.0
RE1,SO_TRATCK,2024,0.0
RE1,SO_TRATCK,2025,0.0
RE1,SO_TRATCK,2026,0.0
RE1,SO_TRATCK,2027,0.0
RE1,SO_TRATCK,2028,0.0
RE1,SO_TRATCK,2029,0.0
RE1,SO_TRATCK,2030,0.0
RE1,SO_TRATCK,2031,0.0
RE1,SO_TRATCK,2032,0.0
RE1,SO_TRATCK,2033,0.0
RE1,SO_TRATCK,2034,0.0
RE1,SO_TRATCK,2035,0.0
RE1,SO_TRATCK,2036,0.0
RE1,SO_TRATCK,2037,0.0
RE1,SO_TRATCK,2038,0.0
RE1,SO_TRATCK,2039,0.0
RE1,SO_TRATCK,2040,0.0
RE1,SO_TRATCK,2041,0.0
RE1,SO_TRATCK,2042,0.0
RE1,SO_TRATCK,2043,0.0
RE1,SO_TRATCK,2044,0.0
RE1,SO_TRATCK,2045,0.0
RE1,SO_TRATCK,2046,0.0
RE1,SO_TRATCK,2047,0.0
RE1,SO_TRATCK,2048,0.0
RE1,SO_TRATCK,2049,0.0
RE1,SO_TRATCK,2050,0.0
RE1,SO_TRATCK,2051,0.0
RE1,SO_TRATCK,2052,0.0
RE1,SO_TRATCK,2053,0.0
RE1,SO_TRATCK,2054,0.0
