REGION,FUEL,TIMESLICE,YEAR,VALUE
RE1,AN_AGFELC,TS_0,2022,1.0
RE1,AN_AGFELC,TS_0,2023,1.0
RE1,AN_AGFELC,TS_0,2024,1.0
RE1,AN_AGFELC,TS_0,2025,1.0
RE1,AN_AGFELC,TS_0,2026,1.0
RE1,AN_AGFELC,TS_0,2027,1.0
RE1,AN_AGFELC,TS_0,2028,1.0
RE1,AN_AGFELC,TS_0,2029,1.0
RE1,AN_AGFELC,TS_0,2030,1.0
RE1,AN_AGFELC,TS_0,2031,1.0
RE1,AN_AGFELC,TS_0,2032,1.0
RE1,AN_AGFELC,TS_0,2033,1.0
RE1,AN_AGFELC,TS_0,2034,1.0
RE1,AN_AGFELC,TS_0,2035,1.0
RE1,AN_AGFELC,TS_0,2036,1.0
RE1,AN_AGFELC,TS_0,2037,1.0
RE1,AN_AGFELC,TS_0,2038,1.0
RE1,AN_AGFELC,TS_0,2039,1.0
RE1,AN_AGFELC,TS_0,2040,1.0
RE1,AN_AGFELC,TS_0,2041,1.0
RE1,AN_AGFELC,TS_0,2042,1.0
RE1,AN_AGFELC,TS_0,2043,1.0
RE1,AN_AGFELC,TS_0,2044,1.0
RE1,AN_AGFELC,TS_0,2045,1.0
RE1,AN_AGFELC,TS_0,2046,1.0
RE1,AN_AGFELC,TS_0,2047,1.0
RE1,AN_AGFELC,TS_0,2048,1.0
RE1,AN_AGFELC,TS_0,2049,1.0
RE1,AN_AGFELC,TS_0,2050,1.0
RE1,AN_AGFELC,TS_0,2051,1.0
RE1,AN_AGFELC,TS_0,2052,1.0
RE1,AN_AGFELC,TS_0,2053,1.0
RE1,AN_AGFELC,TS_0,2054,1.0
RE1,AN_INDCLIM,TS_0,2022,1.0
RE1,AN_INDCLIM,TS_0,2023,1.0
RE1,AN_INDCLIM,TS_0,2024,1.0
RE1,AN_INDCLIM,TS_0,2025,1.0
RE1,AN_INDCLIM,TS_0,2026,1.0
RE1,AN_INDCLIM,TS_0,2027,1.0
RE1,AN_INDCLIM,TS_0,2028,1.0
RE1,AN_INDCLIM,TS_0,2029,1.0
RE1,AN_INDCLIM,TS_0,2030,1.0
RE1,AN_INDCLIM,TS_0,2031,1.0
RE1,AN_INDCLIM,TS_0,2032,1.0
RE1,AN_INDCLIM,TS_0,2033,1.0
RE1,AN_INDCLIM,TS_0,2034,1.0
RE1,AN_INDCLIM,TS_0,2035,1.0
RE1,AN_INDCLIM,TS_0,2036,1.0
RE1,AN_INDCLIM,TS_0,2037,1.0
RE1,AN_INDCLIM,TS_0,2038,1.0
RE1,AN_INDCLIM,TS_0,2039,1.0
RE1,AN_INDCLIM,TS_0,2040,1.0
RE1,AN_INDCLIM,TS_0,2041,1.0
RE1,AN_INDCLIM,TS_0,2042,1.0
RE1,AN_INDCLIM,TS_0,2043,1.0
RE1,AN_INDCLIM,TS_0,2044,1.0
RE1,AN_INDCLIM,TS_0,2045,1.0
RE1,AN_INDCLIM,TS_0,2046,1.0
RE1,AN_INDCLIM,TS_0,2047,1.0
RE1,AN_INDCLIM,TS_0,2048,1.0
RE1,AN_INDCLIM,TS_0,2049,1.0
RE1,AN_INDCLIM,TS_0,2050,1.0
RE1,AN_INDCLIM,TS_0,2051,1.0
RE1,AN_INDCLIM,TS_0,2052,1.0
RE1,AN_INDCLIM,TS_0,2053,1.0
RE1,AN_INDCLIM,TS_0,2054,1.0
RE1,AN_INDDHT,TS_0,2022,1.0
RE1,AN_INDDHT,TS_0,2023,1.0
RE1,AN_INDDHT,TS_0,2024,1.0
RE1,AN_INDDHT,TS_0,2025,1.0
RE1,AN_INDDHT,TS_0,2026,1.0
RE1,AN_INDDHT,TS_0,2027,1.0
RE1,AN_INDDHT,TS_0,2028,1.0
RE1,AN_INDDHT,TS_0,2029,1.0
RE1,AN_INDDHT,TS_0,2030,1.0
RE1,AN_INDDHT,TS_0,2031,1.0
RE1,AN_INDDHT,TS_0,2032,1.0
RE1,AN_INDDHT,TS_0,2033,1.0
RE1,AN_INDDHT,TS_0,2034,1.0
RE1,AN_INDDHT,TS_0,2035,1.0
RE1,AN_INDDHT,TS_0,2036,1.0
RE1,AN_INDDHT,TS_0,2037,1.0
RE1,AN_INDDHT,TS_0,2038,1.0
RE1,AN_INDDHT,TS_0,2039,1.0
RE1,AN_INDDHT,TS_0,2040,1.0
RE1,AN_INDDHT,TS_0,2041,1.0
RE1,AN_INDDHT,TS_0,2042,1.0
RE1,AN_INDDHT,TS_0,2043,1.0
RE1,AN_INDDHT,TS_0,2044,1.0
RE1,AN_INDDHT,TS_0,2045,1.0
RE1,AN_INDDHT,TS_0,2046,1.0
RE1,AN_INDDHT,TS_0,2047,1.0
RE1,AN_INDDHT,TS_0,2048,1.0
RE1,AN_INDDHT,TS_0,2049,1.0
RE1,AN_INDDHT,TS_0,2050,1.0
RE1,AN_INDDHT,TS_0,2051,1.0
RE1,AN_INDDHT,TS_0,2052,1.0
RE1,AN_INDDHT,TS_0,2053,1.0
RE1,AN_INDDHT,TS_0,2054,1.0
RE1,AN_INDIHT,TS_0,2022,1.0
RE1,AN_INDIHT,TS_0,2023,1.0
RE1,AN_INDIHT,TS_0,2024,1.0
RE1,AN_INDIHT,TS_0,2025,1.0
RE1,AN_INDIHT,TS_0,2026,1.0
RE1,AN_INDIHT,TS_0,2027,1.0
RE1,AN_INDIHT,TS_0,2028,1.0
RE1,AN_INDIHT,TS_0,2029,1.0
RE1,AN_INDIHT,TS_0,2030,1.0
RE1,AN_INDIHT,TS_0,2031,1.0
RE1,AN_INDIHT,TS_0,2032,1.0
RE1,AN_INDIHT,TS_0,2033,1.0
RE1,AN_INDIHT,TS_0,2034,1.0
RE1,AN_INDIHT,TS_0,2035,1.0
RE1,AN_INDIHT,TS_0,2036,1.0
RE1,AN_INDIHT,TS_0,2037,1.0
RE1,AN_INDIHT,TS_0,2038,1.0
RE1,AN_INDIHT,TS_0,2039,1.0
RE1,AN_INDIHT,TS_0,2040,1.0
RE1,AN_INDIHT,TS_0,2041,1.0
RE1,AN_INDIHT,TS_0,2042,1.0
RE1,AN_INDIHT,TS_0,2043,1.0
RE1,AN_INDIHT,TS_0,2044,1.0
RE1,AN_INDIHT,TS_0,2045,1.0
RE1,AN_INDIHT,TS_0,2046,1.0
RE1,AN_INDIHT,TS_0,2047,1.0
RE1,AN_INDIHT,TS_0,2048,1.0
RE1,AN_INDIHT,TS_0,2049,1.0
RE1,AN_INDIHT,TS_0,2050,1.0
RE1,AN_INDIHT,TS_0,2051,1.0
RE1,AN_INDIHT,TS_0,2052,1.0
RE1,AN_INDIHT,TS_0,2053,1.0
RE1,AN_INDIHT,TS_0,2054,1.0
RE1,AN_INDILU,TS_0,2022,1.0
RE1,AN_INDILU,TS_0,2023,1.0
RE1,AN_INDILU,TS_0,2024,1.0
RE1,AN_INDILU,TS_0,2025,1.0
RE1,AN_INDILU,TS_0,2026,1.0
RE1,AN_INDILU,TS_0,2027,1.0
RE1,AN_INDILU,TS_0,2028,1.0
RE1,AN_INDILU,TS_0,2029,1.0
RE1,AN_INDILU,TS_0,2030,1.0
RE1,AN_INDILU,TS_0,2031,1.0
RE1,AN_INDILU,TS_0,2032,1.0
RE1,AN_INDILU,TS_0,2033,1.0
RE1,AN_INDILU,TS_0,2034,1.0
RE1,AN_INDILU,TS_0,2035,1.0
RE1,AN_INDILU,TS_0,2036,1.0
RE1,AN_INDILU,TS_0,2037,1.0
RE1,AN_INDILU,TS_0,2038,1.0
RE1,AN_INDILU,TS_0,2039,1.0
RE1,AN_INDILU,TS_0,2040,1.0
RE1,AN_INDILU,TS_0,2041,1.0
RE1,AN_INDILU,TS_0,2042,1.0
RE1,AN_INDILU,TS_0,2043,1.0
RE1,AN_INDILU,TS_0,2044,1.0
RE1,AN_INDILU,TS_0,2045,1.0
RE1,AN_INDILU,TS_0,2046,1.0
RE1,AN_INDILU,TS_0,2047,1.0
RE1,AN_INDILU,TS_0,2048,1.0
RE1,AN_INDILU,TS_0,2049,1.0
RE1,AN_INDILU,TS_0,2050,1.0
RE1,AN_INDILU,TS_0,2051,1.0
RE1,AN_INDILU,TS_0,2052,1.0
RE1,AN_INDILU,TS_0,2053,1.0
RE1,AN_INDILU,TS_0,2054,1.0
RE1,AN_INDMPW,TS_0,2022,1.0
RE1,AN_INDMPW,TS_0,2023,1.0
RE1,AN_INDMPW,TS_0,2024,1.0
RE1,AN_INDMPW,TS_0,2025,1.0
RE1,AN_INDMPW,TS_0,2026,1.0
RE1,AN_INDMPW,TS_0,2027,1.0
RE1,AN_INDMPW,TS_0,2028,1.0
RE1,AN_INDMPW,TS_0,2029,1.0
RE1,AN_INDMPW,TS_0,2030,1.0
RE1,AN_INDMPW,TS_0,2031,1.0
RE1,AN_INDMPW,TS_0,2032,1.0
RE1,AN_INDMPW,TS_0,2033,1.0
RE1,AN_INDMPW,TS_0,2034,1.0
RE1,AN_INDMPW,TS_0,2035,1.0
RE1,AN_INDMPW,TS_0,2036,1.0
RE1,AN_INDMPW,TS_0,2037,1.0
RE1,AN_INDMPW,TS_0,2038,1.0
RE1,AN_INDMPW,TS_0,2039,1.0
RE1,AN_INDMPW,TS_0,2040,1.0
RE1,AN_INDMPW,TS_0,2041,1.0
RE1,AN_INDMPW,TS_0,2042,1.0
RE1,AN_INDMPW,TS_0,2043,1.0
RE1,AN_INDMPW,TS_0,2044,1.0
RE1,AN_INDMPW,TS_0,2045,1.0
RE1,AN_INDMPW,TS_0,2046,1.0
RE1,AN_INDMPW,TS_0,2047,1.0
RE1,AN_INDMPW,TS_0,2048,1.0
RE1,AN_INDMPW,TS_0,2049,1.0
RE1,AN_INDMPW,TS_0,2050,1.0
RE1,AN_INDMPW,TS_0,2051,1.0
RE1,AN_INDMPW,TS_0,2052,1.0
RE1,AN_INDMPW,TS_0,2053,1.0
RE1,AN_INDMPW,TS_0,2054,1.0
RE1,AN_INDOTH_ELC,TS_0,2022,1.0
RE1,AN_INDOTH_ELC,TS_0,2023,1.0
RE1,AN_INDOTH_ELC,TS_0,2024,1.0
RE1,AN_INDOTH_ELC,TS_0,2025,1.0
RE1,AN_INDOTH_ELC,TS_0,2026,1.0
RE1,AN_INDOTH_ELC,TS_0,2027,1.0
RE1,AN_INDOTH_ELC,TS_0,2028,1.0
RE1,AN_INDOTH_ELC,TS_0,2029,1.0
RE1,AN_INDOTH_ELC,TS_0,2030,1.0
RE1,AN_INDOTH_ELC,TS_0,2031,1.0
RE1,AN_INDOTH_ELC,TS_0,2032,1.0
RE1,AN_INDOTH_ELC,TS_0,2033,1.0
RE1,AN_INDOTH_ELC,TS_0,2034,1.0
RE1,AN_INDOTH_ELC,TS_0,2035,1.0
RE1,AN_INDOTH_ELC,TS_0,2036,1.0
RE1,AN_INDOTH_ELC,TS_0,2037,1.0
RE1,AN_INDOTH_ELC,TS_0,2038,1.0
RE1,AN_INDOTH_ELC,TS_0,2039,1.0
RE1,AN_INDOTH_ELC,TS_0,2040,1.0
RE1,AN_INDOTH_ELC,TS_0,2041,1.0
RE1,AN_INDOTH_ELC,TS_0,2042,1.0
RE1,AN_INDOTH_ELC,TS_0,2043,1.0
RE1,AN_INDOTH_ELC,TS_0,2044,1.0
RE1,AN_INDOTH_ELC,TS_0,2045,1.0
RE1,AN_INDOTH_ELC,TS_0,2046,1.0
RE1,AN_INDOTH_ELC,TS_0,2047,1.0
RE1,AN_INDOTH_ELC,TS_0,2048,1.0
RE1,AN_INDOTH_ELC,TS_0,2049,1.0
RE1,AN_INDOTH_ELC,TS_0,2050,1.0
RE1,AN_INDOTH_ELC,TS_0,2051,1.0
RE1,AN_INDOTH_ELC,TS_0,2052,1.0
RE1,AN_INDOTH_ELC,TS_0,2053,1.0
RE1,AN_INDOTH_ELC,TS_0,2054,1.0
RE1,AN_INDREF,TS_0,2022,1.0
RE1,AN_INDREF,TS_0,2023,1.0
RE1,AN_INDREF,TS_0,2024,1.0
RE1,AN_INDREF,TS_0,2025,1.0
RE1,AN_INDREF,TS_0,2026,1.0
RE1,AN_INDREF,TS_0,2027,1.0
RE1,AN_INDREF,TS_0,2028,1.0
RE1,AN_INDREF,TS_0,2029,1.0
RE1,AN_INDREF,TS_0,2030,1.0
RE1,AN_INDREF,TS_0,2031,1.0
RE1,AN_INDREF,TS_0,2032,1.0
RE1,AN_INDREF,TS_0,2033,1.0
RE1,AN_INDREF,TS_0,2034,1.0
RE1,AN_INDREF,TS_0,2035,1.0
RE1,AN_INDREF,TS_0,2036,1.0
RE1,AN_INDREF,TS_0,2037,1.0
RE1,AN_INDREF,TS_0,2038,1.0
RE1,AN_INDREF,TS_0,2039,1.0
RE1,AN_INDREF,TS_0,2040,1.0
RE1,AN_INDREF,TS_0,2041,1.0
RE1,AN_INDREF,TS_0,2042,1.0
RE1,AN_INDREF,TS_0,2043,1.0
RE1,AN_INDREF,TS_0,2044,1.0
RE1,AN_INDREF,TS_0,2045,1.0
RE1,AN_INDREF,TS_0,2046,1.0
RE1,AN_INDREF,TS_0,2047,1.0
RE1,AN_INDREF,TS_0,2048,1.0
RE1,AN_INDREF,TS_0,2049,1.0
RE1,AN_INDREF,TS_0,2050,1.0
RE1,AN_INDREF,TS_0,2051,1.0
RE1,AN_INDREF,TS_0,2052,1.0
RE1,AN_INDREF,TS_0,2053,1.0
RE1,AN_INDREF,TS_0,2054,1.0
RE1,AN_RESCLIM_RUR,TS_0,2022,1.0
RE1,AN_RESCLIM_RUR,TS_0,2023,1.0
RE1,AN_RESCLIM_RUR,TS_0,2024,1.0
RE1,AN_RESCLIM_RUR,TS_0,2025,1.0
RE1,AN_RESCLIM_RUR,TS_0,2026,1.0
RE1,AN_RESCLIM_RUR,TS_0,2027,1.0
RE1,AN_RESCLIM_RUR,TS_0,2028,1.0
RE1,AN_RESCLIM_RUR,TS_0,2029,1.0
RE1,AN_RESCLIM_RUR,TS_0,2030,1.0
RE1,AN_RESCLIM_RUR,TS_0,2031,1.0
RE1,AN_RESCLIM_RUR,TS_0,2032,1.0
RE1,AN_RESCLIM_RUR,TS_0,2033,1.0
RE1,AN_RESCLIM_RUR,TS_0,2034,1.0
RE1,AN_RESCLIM_RUR,TS_0,2035,1.0
RE1,AN_RESCLIM_RUR,TS_0,2036,1.0
RE1,AN_RESCLIM_RUR,TS_0,2037,1.0
RE1,AN_RESCLIM_RUR,TS_0,2038,1.0
RE1,AN_RESCLIM_RUR,TS_0,2039,1.0
RE1,AN_RESCLIM_RUR,TS_0,2040,1.0
RE1,AN_RESCLIM_RUR,TS_0,2041,1.0
RE1,AN_RESCLIM_RUR,TS_0,2042,1.0
RE1,AN_RESCLIM_RUR,TS_0,2043,1.0
RE1,AN_RESCLIM_RUR,TS_0,2044,1.0
RE1,AN_RESCLIM_RUR,TS_0,2045,1.0
RE1,AN_RESCLIM_RUR,TS_0,2046,1.0
RE1,AN_RESCLIM_RUR,TS_0,2047,1.0
RE1,AN_RESCLIM_RUR,TS_0,2048,1.0
RE1,AN_RESCLIM_RUR,TS_0,2049,1.0
RE1,AN_RESCLIM_RUR,TS_0,2050,1.0
RE1,AN_RESCLIM_RUR,TS_0,2051,1.0
RE1,AN_RESCLIM_RUR,TS_0,2052,1.0
RE1,AN_RESCLIM_RUR,TS_0,2053,1.0
RE1,AN_RESCLIM_RUR,TS_0,2054,1.0
RE1,AN_RESCLIM_URB,TS_0,2022,1.0
RE1,AN_RESCLIM_URB,TS_0,2023,1.0
RE1,AN_RESCLIM_URB,TS_0,2024,1.0
RE1,AN_RESCLIM_URB,TS_0,2025,1.0
RE1,AN_RESCLIM_URB,TS_0,2026,1.0
RE1,AN_RESCLIM_URB,TS_0,2027,1.0
RE1,AN_RESCLIM_URB,TS_0,2028,1.0
RE1,AN_RESCLIM_URB,TS_0,2029,1.0
RE1,AN_RESCLIM_URB,TS_0,2030,1.0
RE1,AN_RESCLIM_URB,TS_0,2031,1.0
RE1,AN_RESCLIM_URB,TS_0,2032,1.0
RE1,AN_RESCLIM_URB,TS_0,2033,1.0
RE1,AN_RESCLIM_URB,TS_0,2034,1.0
RE1,AN_RESCLIM_URB,TS_0,2035,1.0
RE1,AN_RESCLIM_URB,TS_0,2036,1.0
RE1,AN_RESCLIM_URB,TS_0,2037,1.0
RE1,AN_RESCLIM_URB,TS_0,2038,1.0
RE1,AN_RESCLIM_URB,TS_0,2039,1.0
RE1,AN_RESCLIM_URB,TS_0,2040,1.0
RE1,AN_RESCLIM_URB,TS_0,2041,1.0
RE1,AN_RESCLIM_URB,TS_0,2042,1.0
RE1,AN_RESCLIM_URB,TS_0,2043,1.0
RE1,AN_RESCLIM_URB,TS_0,2044,1.0
RE1,AN_RESCLIM_URB,TS_0,2045,1.0
RE1,AN_RESCLIM_URB,TS_0,2046,1.0
RE1,AN_RESCLIM_URB,TS_0,2047,1.0
RE1,AN_RESCLIM_URB,TS_0,2048,1.0
RE1,AN_RESCLIM_URB,TS_0,2049,1.0
RE1,AN_RESCLIM_URB,TS_0,2050,1.0
RE1,AN_RESCLIM_URB,TS_0,2051,1.0
RE1,AN_RESCLIM_URB,TS_0,2052,1.0
RE1,AN_RESCLIM_URB,TS_0,2053,1.0
RE1,AN_RESCLIM_URB,TS_0,2054,1.0
RE1,AN_RESDHT_RUR,TS_0,2022,1.0
RE1,AN_RESDHT_RUR,TS_0,2023,1.0
RE1,AN_RESDHT_RUR,TS_0,2024,1.0
RE1,AN_RESDHT_RUR,TS_0,2025,1.0
RE1,AN_RESDHT_RUR,TS_0,2026,1.0
RE1,AN_RESDHT_RUR,TS_0,2027,1.0
RE1,AN_RESDHT_RUR,TS_0,2028,1.0
RE1,AN_RESDHT_RUR,TS_0,2029,1.0
RE1,AN_RESDHT_RUR,TS_0,2030,1.0
RE1,AN_RESDHT_RUR,TS_0,2031,1.0
RE1,AN_RESDHT_RUR,TS_0,2032,1.0
RE1,AN_RESDHT_RUR,TS_0,2033,1.0
RE1,AN_RESDHT_RUR,TS_0,2034,1.0
RE1,AN_RESDHT_RUR,TS_0,2035,1.0
RE1,AN_RESDHT_RUR,TS_0,2036,1.0
RE1,AN_RESDHT_RUR,TS_0,2037,1.0
RE1,AN_RESDHT_RUR,TS_0,2038,1.0
RE1,AN_RESDHT_RUR,TS_0,2039,1.0
RE1,AN_RESDHT_RUR,TS_0,2040,1.0
RE1,AN_RESDHT_RUR,TS_0,2041,1.0
RE1,AN_RESDHT_RUR,TS_0,2042,1.0
RE1,AN_RESDHT_RUR,TS_0,2043,1.0
RE1,AN_RESDHT_RUR,TS_0,2044,1.0
RE1,AN_RESDHT_RUR,TS_0,2045,1.0
RE1,AN_RESDHT_RUR,TS_0,2046,1.0
RE1,AN_RESDHT_RUR,TS_0,2047,1.0
RE1,AN_RESDHT_RUR,TS_0,2048,1.0
RE1,AN_RESDHT_RUR,TS_0,2049,1.0
RE1,AN_RESDHT_RUR,TS_0,2050,1.0
RE1,AN_RESDHT_RUR,TS_0,2051,1.0
RE1,AN_RESDHT_RUR,TS_0,2052,1.0
RE1,AN_RESDHT_RUR,TS_0,2053,1.0
RE1,AN_RESDHT_RUR,TS_0,2054,1.0
RE1,AN_RESDHT_URB,TS_0,2022,1.0
RE1,AN_RESDHT_URB,TS_0,2023,1.0
RE1,AN_RESDHT_URB,TS_0,2024,1.0
RE1,AN_RESDHT_URB,TS_0,2025,1.0
RE1,AN_RESDHT_URB,TS_0,2026,1.0
RE1,AN_RESDHT_URB,TS_0,2027,1.0
RE1,AN_RESDHT_URB,TS_0,2028,1.0
RE1,AN_RESDHT_URB,TS_0,2029,1.0
RE1,AN_RESDHT_URB,TS_0,2030,1.0
RE1,AN_RESDHT_URB,TS_0,2031,1.0
RE1,AN_RESDHT_URB,TS_0,2032,1.0
RE1,AN_RESDHT_URB,TS_0,2033,1.0
RE1,AN_RESDHT_URB,TS_0,2034,1.0
RE1,AN_RESDHT_URB,TS_0,2035,1.0
RE1,AN_RESDHT_URB,TS_0,2036,1.0
RE1,AN_RESDHT_URB,TS_0,2037,1.0
RE1,AN_RESDHT_URB,TS_0,2038,1.0
RE1,AN_RESDHT_URB,TS_0,2039,1.0
RE1,AN_RESDHT_URB,TS_0,2040,1.0
RE1,AN_RESDHT_URB,TS_0,2041,1.0
RE1,AN_RESDHT_URB,TS_0,2042,1.0
RE1,AN_RESDHT_URB,TS_0,2043,1.0
RE1,AN_RESDHT_URB,TS_0,2044,1.0
RE1,AN_RESDHT_URB,TS_0,2045,1.0
RE1,AN_RESDHT_URB,TS_0,2046,1.0
RE1,AN_RESDHT_URB,TS_0,2047,1.0
RE1,AN_RESDHT_URB,TS_0,2048,1.0
RE1,AN_RESDHT_URB,TS_0,2049,1.0
RE1,AN_RESDHT_URB,TS_0,2050,1.0
RE1,AN_RESDHT_URB,TS_0,2051,1.0
RE1,AN_RESDHT_URB,TS_0,2052,1.0
RE1,AN_RESDHT_URB,TS_0,2053,1.0
RE1,AN_RESDHT_URB,TS_0,2054,1.0
RE1,AN_RESILU_RUR,TS_0,2022,1.0
RE1,AN_RESILU_RUR,TS_0,2023,1.0
RE1,AN_RESILU_RUR,TS_0,2024,1.0
RE1,AN_RESILU_RUR,TS_0,2025,1.0
RE1,AN_RESILU_RUR,TS_0,2026,1.0
RE1,AN_RESILU_RUR,TS_0,2027,1.0
RE1,AN_RESILU_RUR,TS_0,2028,1.0
RE1,AN_RESILU_RUR,TS_0,2029,1.0
RE1,AN_RESILU_RUR,TS_0,2030,1.0
RE1,AN_RESILU_RUR,TS_0,2031,1.0
RE1,AN_RESILU_RUR,TS_0,2032,1.0
RE1,AN_RESILU_RUR,TS_0,2033,1.0
RE1,AN_RESILU_RUR,TS_0,2034,1.0
RE1,AN_RESILU_RUR,TS_0,2035,1.0
RE1,AN_RESILU_RUR,TS_0,2036,1.0
RE1,AN_RESILU_RUR,TS_0,2037,1.0
RE1,AN_RESILU_RUR,TS_0,2038,1.0
RE1,AN_RESILU_RUR,TS_0,2039,1.0
RE1,AN_RESILU_RUR,TS_0,2040,1.0
RE1,AN_RESILU_RUR,TS_0,2041,1.0
RE1,AN_RESILU_RUR,TS_0,2042,1.0
RE1,AN_RESILU_RUR,TS_0,2043,1.0
RE1,AN_RESILU_RUR,TS_0,2044,1.0
RE1,AN_RESILU_RUR,TS_0,2045,1.0
RE1,AN_RESILU_RUR,TS_0,2046,1.0
RE1,AN_RESILU_RUR,TS_0,2047,1.0
RE1,AN_RESILU_RUR,TS_0,2048,1.0
RE1,AN_RESILU_RUR,TS_0,2049,1.0
RE1,AN_RESILU_RUR,TS_0,2050,1.0
RE1,AN_RESILU_RUR,TS_0,2051,1.0
RE1,AN_RESILU_RUR,TS_0,2052,1.0
RE1,AN_RESILU_RUR,TS_0,2053,1.0
RE1,AN_RESILU_RUR,TS_0,2054,1.0
RE1,AN_RESILU_URB,TS_0,2022,1.0
RE1,AN_RESILU_URB,TS_0,2023,1.0
RE1,AN_RESILU_URB,TS_0,2024,1.0
RE1,AN_RESILU_URB,TS_0,2025,1.0
RE1,AN_RESILU_URB,TS_0,2026,1.0
RE1,AN_RESILU_URB,TS_0,2027,1.0
RE1,AN_RESILU_URB,TS_0,2028,1.0
RE1,AN_RESILU_URB,TS_0,2029,1.0
RE1,AN_RESILU_URB,TS_0,2030,1.0
RE1,AN_RESILU_URB,TS_0,2031,1.0
RE1,AN_RESILU_URB,TS_0,2032,1.0
RE1,AN_RESILU_URB,TS_0,2033,1.0
RE1,AN_RESILU_URB,TS_0,2034,1.0
RE1,AN_RESILU_URB,TS_0,2035,1.0
RE1,AN_RESILU_URB,TS_0,2036,1.0
RE1,AN_RESILU_URB,TS_0,2037,1.0
RE1,AN_RESILU_URB,TS_0,2038,1.0
RE1,AN_RESILU_URB,TS_0,2039,1.0
RE1,AN_RESILU_URB,TS_0,2040,1.0
RE1,AN_RESILU_URB,TS_0,2041,1.0
RE1,AN_RESILU_URB,TS_0,2042,1.0
RE1,AN_RESILU_URB,TS_0,2043,1.0
RE1,AN_RESILU_URB,TS_0,2044,1.0
RE1,AN_RESILU_URB,TS_0,2045,1.0
RE1,AN_RESILU_URB,TS_0,2046,1.0
RE1,AN_RESILU_URB,TS_0,2047,1.0
RE1,AN_RESILU_URB,TS_0,2048,1.0
RE1,AN_RESILU_URB,TS_0,2049,1.0
RE1,AN_RESILU_URB,TS_0,2050,1.0
RE1,AN_RESILU_URB,TS_0,2051,1.0
RE1,AN_RESILU_URB,TS_0,2052,1.0
RE1,AN_RESILU_URB,TS_0,2053,1.0
RE1,AN_RESILU_URB,TS_0,2054,1.0
RE1,AN_RESOTH_RUR,TS_0,2022,1.0
RE1,AN_RESOTH_RUR,TS_0,2023,1.0
RE1,AN_RESOTH_RUR,TS_0,2024,1.0
RE1,AN_RESOTH_RUR,TS_0,2025,1.0
RE1,AN_RESOTH_RUR,TS_0,2026,1.0
RE1,AN_RESOTH_RUR,TS_0,2027,1.0
RE1,AN_RESOTH_RUR,TS_0,2028,1.0
RE1,AN_RESOTH_RUR,TS_0,2029,1.0
RE1,AN_RESOTH_RUR,TS_0,2030,1.0
RE1,AN_RESOTH_RUR,TS_0,2031,1.0
RE1,AN_RESOTH_RUR,TS_0,2032,1.0
RE1,AN_RESOTH_RUR,TS_0,2033,1.0
RE1,AN_RESOTH_RUR,TS_0,2034,1.0
RE1,AN_RESOTH_RUR,TS_0,2035,1.0
RE1,AN_RESOTH_RUR,TS_0,2036,1.0
RE1,AN_RESOTH_RUR,TS_0,2037,1.0
RE1,AN_RESOTH_RUR,TS_0,2038,1.0
RE1,AN_RESOTH_RUR,TS_0,2039,1.0
RE1,AN_RESOTH_RUR,TS_0,2040,1.0
RE1,AN_RESOTH_RUR,TS_0,2041,1.0
RE1,AN_RESOTH_RUR,TS_0,2042,1.0
RE1,AN_RESOTH_RUR,TS_0,2043,1.0
RE1,AN_RESOTH_RUR,TS_0,2044,1.0
RE1,AN_RESOTH_RUR,TS_0,2045,1.0
RE1,AN_RESOTH_RUR,TS_0,2046,1.0
RE1,AN_RESOTH_RUR,TS_0,2047,1.0
RE1,AN_RESOTH_RUR,TS_0,2048,1.0
RE1,AN_RESOTH_RUR,TS_0,2049,1.0
RE1,AN_RESOTH_RUR,TS_0,2050,1.0
RE1,AN_RESOTH_RUR,TS_0,2051,1.0
RE1,AN_RESOTH_RUR,TS_0,2052,1.0
RE1,AN_RESOTH_RUR,TS_0,2053,1.0
RE1,AN_RESOTH_RUR,TS_0,2054,1.0
RE1,AN_RESOTH_URB,TS_0,2022,1.0
RE1,AN_RESOTH_URB,TS_0,2023,1.0
RE1,AN_RESOTH_URB,TS_0,2024,1.0
RE1,AN_RESOTH_URB,TS_0,2025,1.0
RE1,AN_RESOTH_URB,TS_0,2026,1.0
RE1,AN_RESOTH_URB,TS_0,2027,1.0
RE1,AN_RESOTH_URB,TS_0,2028,1.0
RE1,AN_RESOTH_URB,TS_0,2029,1.0
RE1,AN_RESOTH_URB,TS_0,2030,1.0
RE1,AN_RESOTH_URB,TS_0,2031,1.0
RE1,AN_RESOTH_URB,TS_0,2032,1.0
RE1,AN_RESOTH_URB,TS_0,2033,1.0
RE1,AN_RESOTH_URB,TS_0,2034,1.0
RE1,AN_RESOTH_URB,TS_0,2035,1.0
RE1,AN_RESOTH_URB,TS_0,2036,1.0
RE1,AN_RESOTH_URB,TS_0,2037,1.0
RE1,AN_RESOTH_URB,TS_0,2038,1.0
RE1,AN_RESOTH_URB,TS_0,2039,1.0
RE1,AN_RESOTH_URB,TS_0,2040,1.0
RE1,AN_RESOTH_URB,TS_0,2041,1.0
RE1,AN_RESOTH_URB,TS_0,2042,1.0
RE1,AN_RESOTH_URB,TS_0,2043,1.0
RE1,AN_RESOTH_URB,TS_0,2044,1.0
RE1,AN_RESOTH_URB,TS_0,2045,1.0
RE1,AN_RESOTH_URB,TS_0,2046,1.0
RE1,AN_RESOTH_URB,TS_0,2047,1.0
RE1,AN_RESOTH_URB,TS_0,2048,1.0
RE1,AN_RESOTH_URB,TS_0,2049,1.0
RE1,AN_RESOTH_URB,TS_0,2050,1.0
RE1,AN_RESOTH_URB,TS_0,2051,1.0
RE1,AN_RESOTH_URB,TS_0,2052,1.0
RE1,AN_RESOTH_URB,TS_0,2053,1.0
RE1,AN_RESOTH_URB,TS_0,2054,1.0
RE1,AN_RESREF_RUR,TS_0,2022,1.0
RE1,AN_RESREF_RUR,TS_0,2023,1.0
RE1,AN_RESREF_RUR,TS_0,2024,1.0
RE1,AN_RESREF_RUR,TS_0,2025,1.0
RE1,AN_RESREF_RUR,TS_0,2026,1.0
RE1,AN_RESREF_RUR,TS_0,2027,1.0
RE1,AN_RESREF_RUR,TS_0,2028,1.0
RE1,AN_RESREF_RUR,TS_0,2029,1.0
RE1,AN_RESREF_RUR,TS_0,2030,1.0
RE1,AN_RESREF_RUR,TS_0,2031,1.0
RE1,AN_RESREF_RUR,TS_0,2032,1.0
RE1,AN_RESREF_RUR,TS_0,2033,1.0
RE1,AN_RESREF_RUR,TS_0,2034,1.0
RE1,AN_RESREF_RUR,TS_0,2035,1.0
RE1,AN_RESREF_RUR,TS_0,2036,1.0
RE1,AN_RESREF_RUR,TS_0,2037,1.0
RE1,AN_RESREF_RUR,TS_0,2038,1.0
RE1,AN_RESREF_RUR,TS_0,2039,1.0
RE1,AN_RESREF_RUR,TS_0,2040,1.0
RE1,AN_RESREF_RUR,TS_0,2041,1.0
RE1,AN_RESREF_RUR,TS_0,2042,1.0
RE1,AN_RESREF_RUR,TS_0,2043,1.0
RE1,AN_RESREF_RUR,TS_0,2044,1.0
RE1,AN_RESREF_RUR,TS_0,2045,1.0
RE1,AN_RESREF_RUR,TS_0,2046,1.0
RE1,AN_RESREF_RUR,TS_0,2047,1.0
RE1,AN_RESREF_RUR,TS_0,2048,1.0
RE1,AN_RESREF_RUR,TS_0,2049,1.0
RE1,AN_RESREF_RUR,TS_0,2050,1.0
RE1,AN_RESREF_RUR,TS_0,2051,1.0
RE1,AN_RESREF_RUR,TS_0,2052,1.0
RE1,AN_RESREF_RUR,TS_0,2053,1.0
RE1,AN_RESREF_RUR,TS_0,2054,1.0
RE1,AN_RESREF_URB,TS_0,2022,1.0
RE1,AN_RESREF_URB,TS_0,2023,1.0
RE1,AN_RESREF_URB,TS_0,2024,1.0
RE1,AN_RESREF_URB,TS_0,2025,1.0
RE1,AN_RESREF_URB,TS_0,2026,1.0
RE1,AN_RESREF_URB,TS_0,2027,1.0
RE1,AN_RESREF_URB,TS_0,2028,1.0
RE1,AN_RESREF_URB,TS_0,2029,1.0
RE1,AN_RESREF_URB,TS_0,2030,1.0
RE1,AN_RESREF_URB,TS_0,2031,1.0
RE1,AN_RESREF_URB,TS_0,2032,1.0
RE1,AN_RESREF_URB,TS_0,2033,1.0
RE1,AN_RESREF_URB,TS_0,2034,1.0
RE1,AN_RESREF_URB,TS_0,2035,1.0
RE1,AN_RESREF_URB,TS_0,2036,1.0
RE1,AN_RESREF_URB,TS_0,2037,1.0
RE1,AN_RESREF_URB,TS_0,2038,1.0
RE1,AN_RESREF_URB,TS_0,2039,1.0
RE1,AN_RESREF_URB,TS_0,2040,1.0
RE1,AN_RESREF_URB,TS_0,2041,1.0
RE1,AN_RESREF_URB,TS_0,2042,1.0
RE1,AN_RESREF_URB,TS_0,2043,1.0
RE1,AN_RESREF_URB,TS_0,2044,1.0
RE1,AN_RESREF_URB,TS_0,2045,1.0
RE1,AN_RESREF_URB,TS_0,2046,1.0
RE1,AN_RESREF_URB,TS_0,2047,1.0
RE1,AN_RESREF_URB,TS_0,2048,1.0
RE1,AN_RESREF_URB,TS_0,2049,1.0
RE1,AN_RESREF_URB,TS_0,2050,1.0
RE1,AN_RESREF_URB,TS_0,2051,1.0
RE1,AN_RESREF_URB,TS_0,2052,1.0
RE1,AN_RESREF_URB,TS_0,2053,1.0
RE1,AN_RESREF_URB,TS_0,2054,1.0
RE1,AN_RESTV_RUR,TS_0,2022,1.0
RE1,AN_RESTV_RUR,TS_0,2023,1.0
RE1,AN_RESTV_RUR,TS_0,2024,1.0
RE1,AN_RESTV_RUR,TS_0,2025,1.0
RE1,AN_RESTV_RUR,TS_0,2026,1.0
RE1,AN_RESTV_RUR,TS_0,2027,1.0
RE1,AN_RESTV_RUR,TS_0,2028,1.0
RE1,AN_RESTV_RUR,TS_0,2029,1.0
RE1,AN_RESTV_RUR,TS_0,2030,1.0
RE1,AN_RESTV_RUR,TS_0,2031,1.0
RE1,AN_RESTV_RUR,TS_0,2032,1.0
RE1,AN_RESTV_RUR,TS_0,2033,1.0
RE1,AN_RESTV_RUR,TS_0,2034,1.0
RE1,AN_RESTV_RUR,TS_0,2035,1.0
RE1,AN_RESTV_RUR,TS_0,2036,1.0
RE1,AN_RESTV_RUR,TS_0,2037,1.0
RE1,AN_RESTV_RUR,TS_0,2038,1.0
RE1,AN_RESTV_RUR,TS_0,2039,1.0
RE1,AN_RESTV_RUR,TS_0,2040,1.0
RE1,AN_RESTV_RUR,TS_0,2041,1.0
RE1,AN_RESTV_RUR,TS_0,2042,1.0
RE1,AN_RESTV_RUR,TS_0,2043,1.0
RE1,AN_RESTV_RUR,TS_0,2044,1.0
RE1,AN_RESTV_RUR,TS_0,2045,1.0
RE1,AN_RESTV_RUR,TS_0,2046,1.0
RE1,AN_RESTV_RUR,TS_0,2047,1.0
RE1,AN_RESTV_RUR,TS_0,2048,1.0
RE1,AN_RESTV_RUR,TS_0,2049,1.0
RE1,AN_RESTV_RUR,TS_0,2050,1.0
RE1,AN_RESTV_RUR,TS_0,2051,1.0
RE1,AN_RESTV_RUR,TS_0,2052,1.0
RE1,AN_RESTV_RUR,TS_0,2053,1.0
RE1,AN_RESTV_RUR,TS_0,2054,1.0
RE1,AN_RESTV_URB,TS_0,2022,1.0
RE1,AN_RESTV_URB,TS_0,2023,1.0
RE1,AN_RESTV_URB,TS_0,2024,1.0
RE1,AN_RESTV_URB,TS_0,2025,1.0
RE1,AN_RESTV_URB,TS_0,2026,1.0
RE1,AN_RESTV_URB,TS_0,2027,1.0
RE1,AN_RESTV_URB,TS_0,2028,1.0
RE1,AN_RESTV_URB,TS_0,2029,1.0
RE1,AN_RESTV_URB,TS_0,2030,1.0
RE1,AN_RESTV_URB,TS_0,2031,1.0
RE1,AN_RESTV_URB,TS_0,2032,1.0
RE1,AN_RESTV_URB,TS_0,2033,1.0
RE1,AN_RESTV_URB,TS_0,2034,1.0
RE1,AN_RESTV_URB,TS_0,2035,1.0
RE1,AN_RESTV_URB,TS_0,2036,1.0
RE1,AN_RESTV_URB,TS_0,2037,1.0
RE1,AN_RESTV_URB,TS_0,2038,1.0
RE1,AN_RESTV_URB,TS_0,2039,1.0
RE1,AN_RESTV_URB,TS_0,2040,1.0
RE1,AN_RESTV_URB,TS_0,2041,1.0
RE1,AN_RESTV_URB,TS_0,2042,1.0
RE1,AN_RESTV_URB,TS_0,2043,1.0
RE1,AN_RESTV_URB,TS_0,2044,1.0
RE1,AN_RESTV_URB,TS_0,2045,1.0
RE1,AN_RESTV_URB,TS_0,2046,1.0
RE1,AN_RESTV_URB,TS_0,2047,1.0
RE1,AN_RESTV_URB,TS_0,2048,1.0
RE1,AN_RESTV_URB,TS_0,2049,1.0
RE1,AN_RESTV_URB,TS_0,2050,1.0
RE1,AN_RESTV_URB,TS_0,2051,1.0
RE1,AN_RESTV_URB,TS_0,2052,1.0
RE1,AN_RESTV_URB,TS_0,2053,1.0
RE1,AN_RESTV_URB,TS_0,2054,1.0
RE1,AN_RESWHT_RUR,TS_0,2022,1.0
RE1,AN_RESWHT_RUR,TS_0,2023,1.0
RE1,AN_RESWHT_RUR,TS_0,2024,1.0
RE1,AN_RESWHT_RUR,TS_0,2025,1.0
RE1,AN_RESWHT_RUR,TS_0,2026,1.0
RE1,AN_RESWHT_RUR,TS_0,2027,1.0
RE1,AN_RESWHT_RUR,TS_0,2028,1.0
RE1,AN_RESWHT_RUR,TS_0,2029,1.0
RE1,AN_RESWHT_RUR,TS_0,2030,1.0
RE1,AN_RESWHT_RUR,TS_0,2031,1.0
RE1,AN_RESWHT_RUR,TS_0,2032,1.0
RE1,AN_RESWHT_RUR,TS_0,2033,1.0
RE1,AN_RESWHT_RUR,TS_0,2034,1.0
RE1,AN_RESWHT_RUR,TS_0,2035,1.0
RE1,AN_RESWHT_RUR,TS_0,2036,1.0
RE1,AN_RESWHT_RUR,TS_0,2037,1.0
RE1,AN_RESWHT_RUR,TS_0,2038,1.0
RE1,AN_RESWHT_RUR,TS_0,2039,1.0
RE1,AN_RESWHT_RUR,TS_0,2040,1.0
RE1,AN_RESWHT_RUR,TS_0,2041,1.0
RE1,AN_RESWHT_RUR,TS_0,2042,1.0
RE1,AN_RESWHT_RUR,TS_0,2043,1.0
RE1,AN_RESWHT_RUR,TS_0,2044,1.0
RE1,AN_RESWHT_RUR,TS_0,2045,1.0
RE1,AN_RESWHT_RUR,TS_0,2046,1.0
RE1,AN_RESWHT_RUR,TS_0,2047,1.0
RE1,AN_RESWHT_RUR,TS_0,2048,1.0
RE1,AN_RESWHT_RUR,TS_0,2049,1.0
RE1,AN_RESWHT_RUR,TS_0,2050,1.0
RE1,AN_RESWHT_RUR,TS_0,2051,1.0
RE1,AN_RESWHT_RUR,TS_0,2052,1.0
RE1,AN_RESWHT_RUR,TS_0,2053,1.0
RE1,AN_RESWHT_RUR,TS_0,2054,1.0
RE1,AN_RESWHT_URB,TS_0,2022,1.0
RE1,AN_RESWHT_URB,TS_0,2023,1.0
RE1,AN_RESWHT_URB,TS_0,2024,1.0
RE1,AN_RESWHT_URB,TS_0,2025,1.0
RE1,AN_RESWHT_URB,TS_0,2026,1.0
RE1,AN_RESWHT_URB,TS_0,2027,1.0
RE1,AN_RESWHT_URB,TS_0,2028,1.0
RE1,AN_RESWHT_URB,TS_0,2029,1.0
RE1,AN_RESWHT_URB,TS_0,2030,1.0
RE1,AN_RESWHT_URB,TS_0,2031,1.0
RE1,AN_RESWHT_URB,TS_0,2032,1.0
RE1,AN_RESWHT_URB,TS_0,2033,1.0
RE1,AN_RESWHT_URB,TS_0,2034,1.0
RE1,AN_RESWHT_URB,TS_0,2035,1.0
RE1,AN_RESWHT_URB,TS_0,2036,1.0
RE1,AN_RESWHT_URB,TS_0,2037,1.0
RE1,AN_RESWHT_URB,TS_0,2038,1.0
RE1,AN_RESWHT_URB,TS_0,2039,1.0
RE1,AN_RESWHT_URB,TS_0,2040,1.0
RE1,AN_RESWHT_URB,TS_0,2041,1.0
RE1,AN_RESWHT_URB,TS_0,2042,1.0
RE1,AN_RESWHT_URB,TS_0,2043,1.0
RE1,AN_RESWHT_URB,TS_0,2044,1.0
RE1,AN_RESWHT_URB,TS_0,2045,1.0
RE1,AN_RESWHT_URB,TS_0,2046,1.0
RE1,AN_RESWHT_URB,TS_0,2047,1.0
RE1,AN_RESWHT_URB,TS_0,2048,1.0
RE1,AN_RESWHT_URB,TS_0,2049,1.0
RE1,AN_RESWHT_URB,TS_0,2050,1.0
RE1,AN_RESWHT_URB,TS_0,2051,1.0
RE1,AN_RESWHT_URB,TS_0,2052,1.0
RE1,AN_RESWHT_URB,TS_0,2053,1.0
RE1,AN_RESWHT_URB,TS_0,2054,1.0
RE1,AN_RESWSH_RUR,TS_0,2022,1.0
RE1,AN_RESWSH_RUR,TS_0,2023,1.0
RE1,AN_RESWSH_RUR,TS_0,2024,1.0
RE1,AN_RESWSH_RUR,TS_0,2025,1.0
RE1,AN_RESWSH_RUR,TS_0,2026,1.0
RE1,AN_RESWSH_RUR,TS_0,2027,1.0
RE1,AN_RESWSH_RUR,TS_0,2028,1.0
RE1,AN_RESWSH_RUR,TS_0,2029,1.0
RE1,AN_RESWSH_RUR,TS_0,2030,1.0
RE1,AN_RESWSH_RUR,TS_0,2031,1.0
RE1,AN_RESWSH_RUR,TS_0,2032,1.0
RE1,AN_RESWSH_RUR,TS_0,2033,1.0
RE1,AN_RESWSH_RUR,TS_0,2034,1.0
RE1,AN_RESWSH_RUR,TS_0,2035,1.0
RE1,AN_RESWSH_RUR,TS_0,2036,1.0
RE1,AN_RESWSH_RUR,TS_0,2037,1.0
RE1,AN_RESWSH_RUR,TS_0,2038,1.0
RE1,AN_RESWSH_RUR,TS_0,2039,1.0
RE1,AN_RESWSH_RUR,TS_0,2040,1.0
RE1,AN_RESWSH_RUR,TS_0,2041,1.0
RE1,AN_RESWSH_RUR,TS_0,2042,1.0
RE1,AN_RESWSH_RUR,TS_0,2043,1.0
RE1,AN_RESWSH_RUR,TS_0,2044,1.0
RE1,AN_RESWSH_RUR,TS_0,2045,1.0
RE1,AN_RESWSH_RUR,TS_0,2046,1.0
RE1,AN_RESWSH_RUR,TS_0,2047,1.0
RE1,AN_RESWSH_RUR,TS_0,2048,1.0
RE1,AN_RESWSH_RUR,TS_0,2049,1.0
RE1,AN_RESWSH_RUR,TS_0,2050,1.0
RE1,AN_RESWSH_RUR,TS_0,2051,1.0
RE1,AN_RESWSH_RUR,TS_0,2052,1.0
RE1,AN_RESWSH_RUR,TS_0,2053,1.0
RE1,AN_RESWSH_RUR,TS_0,2054,1.0
RE1,AN_RESWSH_URB,TS_0,2022,1.0
RE1,AN_RESWSH_URB,TS_0,2023,1.0
RE1,AN_RESWSH_URB,TS_0,2024,1.0
RE1,AN_RESWSH_URB,TS_0,2025,1.0
RE1,AN_RESWSH_URB,TS_0,2026,1.0
RE1,AN_RESWSH_URB,TS_0,2027,1.0
RE1,AN_RESWSH_URB,TS_0,2028,1.0
RE1,AN_RESWSH_URB,TS_0,2029,1.0
RE1,AN_RESWSH_URB,TS_0,2030,1.0
RE1,AN_RESWSH_URB,TS_0,2031,1.0
RE1,AN_RESWSH_URB,TS_0,2032,1.0
RE1,AN_RESWSH_URB,TS_0,2033,1.0
RE1,AN_RESWSH_URB,TS_0,2034,1.0
RE1,AN_RESWSH_URB,TS_0,2035,1.0
RE1,AN_RESWSH_URB,TS_0,2036,1.0
RE1,AN_RESWSH_URB,TS_0,2037,1.0
RE1,AN_RESWSH_URB,TS_0,2038,1.0
RE1,AN_RESWSH_URB,TS_0,2039,1.0
RE1,AN_RESWSH_URB,TS_0,2040,1.0
RE1,AN_RESWSH_URB,TS_0,2041,1.0
RE1,AN_RESWSH_URB,TS_0,2042,1.0
RE1,AN_RESWSH_URB,TS_0,2043,1.0
RE1,AN_RESWSH_URB,TS_0,2044,1.0
RE1,AN_RESWSH_URB,TS_0,2045,1.0
RE1,AN_RESWSH_URB,TS_0,2046,1.0
RE1,AN_RESWSH_URB,TS_0,2047,1.0
RE1,AN_RESWSH_URB,TS_0,2048,1.0
RE1,AN_RESWSH_URB,TS_0,2049,1.0
RE1,AN_RESWSH_URB,TS_0,2050,1.0
RE1,AN_RESWSH_URB,TS_0,2051,1.0
RE1,AN_RESWSH_URB,TS_0,2052,1.0
RE1,AN_RESWSH_URB,TS_0,2053,1.0
RE1,AN_RESWSH_URB,TS_0,2054,1.0
RE1,AN_TERCLIM_CEN,TS_0,2022,1.0
RE1,AN_TERCLIM_CEN,TS_0,2023,1.0
RE1,AN_TERCLIM_CEN,TS_0,2024,1.0
RE1,AN_TERCLIM_CEN,TS_0,2025,1.0
RE1,AN_TERCLIM_CEN,TS_0,2026,1.0
RE1,AN_TERCLIM_CEN,TS_0,2027,1.0
RE1,AN_TERCLIM_CEN,TS_0,2028,1.0
RE1,AN_TERCLIM_CEN,TS_0,2029,1.0
RE1,AN_TERCLIM_CEN,TS_0,2030,1.0
RE1,AN_TERCLIM_CEN,TS_0,2031,1.0
RE1,AN_TERCLIM_CEN,TS_0,2032,1.0
RE1,AN_TERCLIM_CEN,TS_0,2033,1.0
RE1,AN_TERCLIM_CEN,TS_0,2034,1.0
RE1,AN_TERCLIM_CEN,TS_0,2035,1.0
RE1,AN_TERCLIM_CEN,TS_0,2036,1.0
RE1,AN_TERCLIM_CEN,TS_0,2037,1.0
RE1,AN_TERCLIM_CEN,TS_0,2038,1.0
RE1,AN_TERCLIM_CEN,TS_0,2039,1.0
RE1,AN_TERCLIM_CEN,TS_0,2040,1.0
RE1,AN_TERCLIM_CEN,TS_0,2041,1.0
RE1,AN_TERCLIM_CEN,TS_0,2042,1.0
RE1,AN_TERCLIM_CEN,TS_0,2043,1.0
RE1,AN_TERCLIM_CEN,TS_0,2044,1.0
RE1,AN_TERCLIM_CEN,TS_0,2045,1.0
RE1,AN_TERCLIM_CEN,TS_0,2046,1.0
RE1,AN_TERCLIM_CEN,TS_0,2047,1.0
RE1,AN_TERCLIM_CEN,TS_0,2048,1.0
RE1,AN_TERCLIM_CEN,TS_0,2049,1.0
RE1,AN_TERCLIM_CEN,TS_0,2050,1.0
RE1,AN_TERCLIM_CEN,TS_0,2051,1.0
RE1,AN_TERCLIM_CEN,TS_0,2052,1.0
RE1,AN_TERCLIM_CEN,TS_0,2053,1.0
RE1,AN_TERCLIM_CEN,TS_0,2054,1.0
RE1,AN_TERCLIM_FAN,TS_0,2022,1.0
RE1,AN_TERCLIM_FAN,TS_0,2023,1.0
RE1,AN_TERCLIM_FAN,TS_0,2024,1.0
RE1,AN_TERCLIM_FAN,TS_0,2025,1.0
RE1,AN_TERCLIM_FAN,TS_0,2026,1.0
RE1,AN_TERCLIM_FAN,TS_0,2027,1.0
RE1,AN_TERCLIM_FAN,TS_0,2028,1.0
RE1,AN_TERCLIM_FAN,TS_0,2029,1.0
RE1,AN_TERCLIM_FAN,TS_0,2030,1.0
RE1,AN_TERCLIM_FAN,TS_0,2031,1.0
RE1,AN_TERCLIM_FAN,TS_0,2032,1.0
RE1,AN_TERCLIM_FAN,TS_0,2033,1.0
RE1,AN_TERCLIM_FAN,TS_0,2034,1.0
RE1,AN_TERCLIM_FAN,TS_0,2035,1.0
RE1,AN_TERCLIM_FAN,TS_0,2036,1.0
RE1,AN_TERCLIM_FAN,TS_0,2037,1.0
RE1,AN_TERCLIM_FAN,TS_0,2038,1.0
RE1,AN_TERCLIM_FAN,TS_0,2039,1.0
RE1,AN_TERCLIM_FAN,TS_0,2040,1.0
RE1,AN_TERCLIM_FAN,TS_0,2041,1.0
RE1,AN_TERCLIM_FAN,TS_0,2042,1.0
RE1,AN_TERCLIM_FAN,TS_0,2043,1.0
RE1,AN_TERCLIM_FAN,TS_0,2044,1.0
RE1,AN_TERCLIM_FAN,TS_0,2045,1.0
RE1,AN_TERCLIM_FAN,TS_0,2046,1.0
RE1,AN_TERCLIM_FAN,TS_0,2047,1.0
RE1,AN_TERCLIM_FAN,TS_0,2048,1.0
RE1,AN_TERCLIM_FAN,TS_0,2049,1.0
RE1,AN_TERCLIM_FAN,TS_0,2050,1.0
RE1,AN_TERCLIM_FAN,TS_0,2051,1.0
RE1,AN_TERCLIM_FAN,TS_0,2052,1.0
RE1,AN_TERCLIM_FAN,TS_0,2053,1.0
RE1,AN_TERCLIM_FAN,TS_0,2054,1.0
RE1,AN_TERCLIM_SPL,TS_0,2022,1.0
RE1,AN_TERCLIM_SPL,TS_0,2023,1.0
RE1,AN_TERCLIM_SPL,TS_0,2024,1.0
RE1,AN_TERCLIM_SPL,TS_0,2025,1.0
RE1,AN_TERCLIM_SPL,TS_0,2026,1.0
RE1,AN_TERCLIM_SPL,TS_0,2027,1.0
RE1,AN_TERCLIM_SPL,TS_0,2028,1.0
RE1,AN_TERCLIM_SPL,TS_0,2029,1.0
RE1,AN_TERCLIM_SPL,TS_0,2030,1.0
RE1,AN_TERCLIM_SPL,TS_0,2031,1.0
RE1,AN_TERCLIM_SPL,TS_0,2032,1.0
RE1,AN_TERCLIM_SPL,TS_0,2033,1.0
RE1,AN_TERCLIM_SPL,TS_0,2034,1.0
RE1,AN_TERCLIM_SPL,TS_0,2035,1.0
RE1,AN_TERCLIM_SPL,TS_0,2036,1.0
RE1,AN_TERCLIM_SPL,TS_0,2037,1.0
RE1,AN_TERCLIM_SPL,TS_0,2038,1.0
RE1,AN_TERCLIM_SPL,TS_0,2039,1.0
RE1,AN_TERCLIM_SPL,TS_0,2040,1.0
RE1,AN_TERCLIM_SPL,TS_0,2041,1.0
RE1,AN_TERCLIM_SPL,TS_0,2042,1.0
RE1,AN_TERCLIM_SPL,TS_0,2043,1.0
RE1,AN_TERCLIM_SPL,TS_0,2044,1.0
RE1,AN_TERCLIM_SPL,TS_0,2045,1.0
RE1,AN_TERCLIM_SPL,TS_0,2046,1.0
RE1,AN_TERCLIM_SPL,TS_0,2047,1.0
RE1,AN_TERCLIM_SPL,TS_0,2048,1.0
RE1,AN_TERCLIM_SPL,TS_0,2049,1.0
RE1,AN_TERCLIM_SPL,TS_0,2050,1.0
RE1,AN_TERCLIM_SPL,TS_0,2051,1.0
RE1,AN_TERCLIM_SPL,TS_0,2052,1.0
RE1,AN_TERCLIM_SPL,TS_0,2053,1.0
RE1,AN_TERCLIM_SPL,TS_0,2054,1.0
RE1,AN_TERDATA,TS_0,2022,1.0
RE1,AN_TERDATA,TS_0,2023,1.0
RE1,AN_TERDATA,TS_0,2024,1.0
RE1,AN_TERDATA,TS_0,2025,1.0
RE1,AN_TERDATA,TS_0,2026,1.0
RE1,AN_TERDATA,TS_0,2027,1.0
RE1,AN_TERDATA,TS_0,2028,1.0
RE1,AN_TERDATA,TS_0,2029,1.0
RE1,AN_TERDATA,TS_0,2030,1.0
RE1,AN_TERDATA,TS_0,2031,1.0
RE1,AN_TERDATA,TS_0,2032,1.0
RE1,AN_TERDATA,TS_0,2033,1.0
RE1,AN_TERDATA,TS_0,2034,1.0
RE1,AN_TERDATA,TS_0,2035,1.0
RE1,AN_TERDATA,TS_0,2036,1.0
RE1,AN_TERDATA,TS_0,2037,1.0
RE1,AN_TERDATA,TS_0,2038,1.0
RE1,AN_TERDATA,TS_0,2039,1.0
RE1,AN_TERDATA,TS_0,2040,1.0
RE1,AN_TERDATA,TS_0,2041,1.0
RE1,AN_TERDATA,TS_0,2042,1.0
RE1,AN_TERDATA,TS_0,2043,1.0
RE1,AN_TERDATA,TS_0,2044,1.0
RE1,AN_TERDATA,TS_0,2045,1.0
RE1,AN_TERDATA,TS_0,2046,1.0
RE1,AN_TERDATA,TS_0,2047,1.0
RE1,AN_TERDATA,TS_0,2048,1.0
RE1,AN_TERDATA,TS_0,2049,1.0
RE1,AN_TERDATA,TS_0,2050,1.0
RE1,AN_TERDATA,TS_0,2051,1.0
RE1,AN_TERDATA,TS_0,2052,1.0
RE1,AN_TERDATA,TS_0,2053,1.0
RE1,AN_TERDATA,TS_0,2054,1.0
RE1,AN_TERDHT,TS_0,2022,1.0
RE1,AN_TERDHT,TS_0,2023,1.0
RE1,AN_TERDHT,TS_0,2024,1.0
RE1,AN_TERDHT,TS_0,2025,1.0
RE1,AN_TERDHT,TS_0,2026,1.0
RE1,AN_TERDHT,TS_0,2027,1.0
RE1,AN_TERDHT,TS_0,2028,1.0
RE1,AN_TERDHT,TS_0,2029,1.0
RE1,AN_TERDHT,TS_0,2030,1.0
RE1,AN_TERDHT,TS_0,2031,1.0
RE1,AN_TERDHT,TS_0,2032,1.0
RE1,AN_TERDHT,TS_0,2033,1.0
RE1,AN_TERDHT,TS_0,2034,1.0
RE1,AN_TERDHT,TS_0,2035,1.0
RE1,AN_TERDHT,TS_0,2036,1.0
RE1,AN_TERDHT,TS_0,2037,1.0
RE1,AN_TERDHT,TS_0,2038,1.0
RE1,AN_TERDHT,TS_0,2039,1.0
RE1,AN_TERDHT,TS_0,2040,1.0
RE1,AN_TERDHT,TS_0,2041,1.0
RE1,AN_TERDHT,TS_0,2042,1.0
RE1,AN_TERDHT,TS_0,2043,1.0
RE1,AN_TERDHT,TS_0,2044,1.0
RE1,AN_TERDHT,TS_0,2045,1.0
RE1,AN_TERDHT,TS_0,2046,1.0
RE1,AN_TERDHT,TS_0,2047,1.0
RE1,AN_TERDHT,TS_0,2048,1.0
RE1,AN_TERDHT,TS_0,2049,1.0
RE1,AN_TERDHT,TS_0,2050,1.0
RE1,AN_TERDHT,TS_0,2051,1.0
RE1,AN_TERDHT,TS_0,2052,1.0
RE1,AN_TERDHT,TS_0,2053,1.0
RE1,AN_TERDHT,TS_0,2054,1.0
RE1,AN_TERIHT,TS_0,2022,1.0
RE1,AN_TERIHT,TS_0,2023,1.0
RE1,AN_TERIHT,TS_0,2024,1.0
RE1,AN_TERIHT,TS_0,2025,1.0
RE1,AN_TERIHT,TS_0,2026,1.0
RE1,AN_TERIHT,TS_0,2027,1.0
RE1,AN_TERIHT,TS_0,2028,1.0
RE1,AN_TERIHT,TS_0,2029,1.0
RE1,AN_TERIHT,TS_0,2030,1.0
RE1,AN_TERIHT,TS_0,2031,1.0
RE1,AN_TERIHT,TS_0,2032,1.0
RE1,AN_TERIHT,TS_0,2033,1.0
RE1,AN_TERIHT,TS_0,2034,1.0
RE1,AN_TERIHT,TS_0,2035,1.0
RE1,AN_TERIHT,TS_0,2036,1.0
RE1,AN_TERIHT,TS_0,2037,1.0
RE1,AN_TERIHT,TS_0,2038,1.0
RE1,AN_TERIHT,TS_0,2039,1.0
RE1,AN_TERIHT,TS_0,2040,1.0
RE1,AN_TERIHT,TS_0,2041,1.0
RE1,AN_TERIHT,TS_0,2042,1.0
RE1,AN_TERIHT,TS_0,2043,1.0
RE1,AN_TERIHT,TS_0,2044,1.0
RE1,AN_TERIHT,TS_0,2045,1.0
RE1,AN_TERIHT,TS_0,2046,1.0
RE1,AN_TERIHT,TS_0,2047,1.0
RE1,AN_TERIHT,TS_0,2048,1.0
RE1,AN_TERIHT,TS_0,2049,1.0
RE1,AN_TERIHT,TS_0,2050,1.0
RE1,AN_TERIHT,TS_0,2051,1.0
RE1,AN_TERIHT,TS_0,2052,1.0
RE1,AN_TERIHT,TS_0,2053,1.0
RE1,AN_TERIHT,TS_0,2054,1.0
RE1,AN_TERILU,TS_0,2022,1.0
RE1,AN_TERILU,TS_0,2023,1.0
RE1,AN_TERILU,TS_0,2024,1.0
RE1,AN_TERILU,TS_0,2025,1.0
RE1,AN_TERILU,TS_0,2026,1.0
RE1,AN_TERILU,TS_0,2027,1.0
RE1,AN_TERILU,TS_0,2028,1.0
RE1,AN_TERILU,TS_0,2029,1.0
RE1,AN_TERILU,TS_0,2030,1.0
RE1,AN_TERILU,TS_0,2031,1.0
RE1,AN_TERILU,TS_0,2032,1.0
RE1,AN_TERILU,TS_0,2033,1.0
RE1,AN_TERILU,TS_0,2034,1.0
RE1,AN_TERILU,TS_0,2035,1.0
RE1,AN_TERILU,TS_0,2036,1.0
RE1,AN_TERILU,TS_0,2037,1.0
RE1,AN_TERILU,TS_0,2038,1.0
RE1,AN_TERILU,TS_0,2039,1.0
RE1,AN_TERILU,TS_0,2040,1.0
RE1,AN_TERILU,TS_0,2041,1.0
RE1,AN_TERILU,TS_0,2042,1.0
RE1,AN_TERILU,TS_0,2043,1.0
RE1,AN_TERILU,TS_0,2044,1.0
RE1,AN_TERILU,TS_0,2045,1.0
RE1,AN_TERILU,TS_0,2046,1.0
RE1,AN_TERILU,TS_0,2047,1.0
RE1,AN_TERILU,TS_0,2048,1.0
RE1,AN_TERILU,TS_0,2049,1.0
RE1,AN_TERILU,TS_0,2050,1.0
RE1,AN_TERILU,TS_0,2051,1.0
RE1,AN_TERILU,TS_0,2052,1.0
RE1,AN_TERILU,TS_0,2053,1.0
RE1,AN_TERILU,TS_0,2054,1.0
RE1,AN_TERMPW,TS_0,2022,1.0
RE1,AN_TERMPW,TS_0,2023,1.0
RE1,AN_TERMPW,TS_0,2024,1.0
RE1,AN_TERMPW,TS_0,2025,1.0
RE1,AN_TERMPW,TS_0,2026,1.0
RE1,AN_TERMPW,TS_0,2027,1.0
RE1,AN_TERMPW,TS_0,2028,1.0
RE1,AN_TERMPW,TS_0,2029,1.0
RE1,AN_TERMPW,TS_0,2030,1.0
RE1,AN_TERMPW,TS_0,2031,1.0
RE1,AN_TERMPW,TS_0,2032,1.0
RE1,AN_TERMPW,TS_0,2033,1.0
RE1,AN_TERMPW,TS_0,2034,1.0
RE1,AN_TERMPW,TS_0,2035,1.0
RE1,AN_TERMPW,TS_0,2036,1.0
RE1,AN_TERMPW,TS_0,2037,1.0
RE1,AN_TERMPW,TS_0,2038,1.0
RE1,AN_TERMPW,TS_0,2039,1.0
RE1,AN_TERMPW,TS_0,2040,1.0
RE1,AN_TERMPW,TS_0,2041,1.0
RE1,AN_TERMPW,TS_0,2042,1.0
RE1,AN_TERMPW,TS_0,2043,1.0
RE1,AN_TERMPW,TS_0,2044,1.0
RE1,AN_TERMPW,TS_0,2045,1.0
RE1,AN_TERMPW,TS_0,2046,1.0
RE1,AN_TERMPW,TS_0,2047,1.0
RE1,AN_TERMPW,TS_0,2048,1.0
RE1,AN_TERMPW,TS_0,2049,1.0
RE1,AN_TERMPW,TS_0,2050,1.0
RE1,AN_TERMPW,TS_0,2051,1.0
RE1,AN_TERMPW,TS_0,2052,1.0
RE1,AN_TERMPW,TS_0,2053,1.0
RE1,AN_TERMPW,TS_0,2054,1.0
RE1,AN_TEROTH,TS_0,2022,1.0
RE1,AN_TEROTH,TS_0,2023,1.0
RE1,AN_TEROTH,TS_0,2024,1.0
RE1,AN_TEROTH,TS_0,2025,1.0
RE1,AN_TEROTH,TS_0,2026,1.0
RE1,AN_TEROTH,TS_0,2027,1.0
RE1,AN_TEROTH,TS_0,2028,1.0
RE1,AN_TEROTH,TS_0,2029,1.0
RE1,AN_TEROTH,TS_0,2030,1.0
RE1,AN_TEROTH,TS_0,2031,1.0
RE1,AN_TEROTH,TS_0,2032,1.0
RE1,AN_TEROTH,TS_0,2033,1.0
RE1,AN_TEROTH,TS_0,2034,1.0
RE1,AN_TEROTH,TS_0,2035,1.0
RE1,AN_TEROTH,TS_0,2036,1.0
RE1,AN_TEROTH,TS_0,2037,1.0
RE1,AN_TEROTH,TS_0,2038,1.0
RE1,AN_TEROTH,TS_0,2039,1.0
RE1,AN_TEROTH,TS_0,2040,1.0
RE1,AN_TEROTH,TS_0,2041,1.0
RE1,AN_TEROTH,TS_0,2042,1.0
RE1,AN_TEROTH,TS_0,2043,1.0
RE1,AN_TEROTH,TS_0,2044,1.0
RE1,AN_TEROTH,TS_0,2045,1.0
RE1,AN_TEROTH,TS_0,2046,1.0
RE1,AN_TEROTH,TS_0,2047,1.0
RE1,AN_TEROTH,TS_0,2048,1.0
RE1,AN_TEROTH,TS_0,2049,1.0
RE1,AN_TEROTH,TS_0,2050,1.0
RE1,AN_TEROTH,TS_0,2051,1.0
RE1,AN_TEROTH,TS_0,2052,1.0
RE1,AN_TEROTH,TS_0,2053,1.0
RE1,AN_TEROTH,TS_0,2054,1.0
RE1,AN_TERREF_AUC,TS_0,2022,1.0
RE1,AN_TERREF_AUC,TS_0,2023,1.0
RE1,AN_TERREF_AUC,TS_0,2024,1.0
RE1,AN_TERREF_AUC,TS_0,2025,1.0
RE1,AN_TERREF_AUC,TS_0,2026,1.0
RE1,AN_TERREF_AUC,TS_0,2027,1.0
RE1,AN_TERREF_AUC,TS_0,2028,1.0
RE1,AN_TERREF_AUC,TS_0,2029,1.0
RE1,AN_TERREF_AUC,TS_0,2030,1.0
RE1,AN_TERREF_AUC,TS_0,2031,1.0
RE1,AN_TERREF_AUC,TS_0,2032,1.0
RE1,AN_TERREF_AUC,TS_0,2033,1.0
RE1,AN_TERREF_AUC,TS_0,2034,1.0
RE1,AN_TERREF_AUC,TS_0,2035,1.0
RE1,AN_TERREF_AUC,TS_0,2036,1.0
RE1,AN_TERREF_AUC,TS_0,2037,1.0
RE1,AN_TERREF_AUC,TS_0,2038,1.0
RE1,AN_TERREF_AUC,TS_0,2039,1.0
RE1,AN_TERREF_AUC,TS_0,2040,1.0
RE1,AN_TERREF_AUC,TS_0,2041,1.0
RE1,AN_TERREF_AUC,TS_0,2042,1.0
RE1,AN_TERREF_AUC,TS_0,2043,1.0
RE1,AN_TERREF_AUC,TS_0,2044,1.0
RE1,AN_TERREF_AUC,TS_0,2045,1.0
RE1,AN_TERREF_AUC,TS_0,2046,1.0
RE1,AN_TERREF_AUC,TS_0,2047,1.0
RE1,AN_TERREF_AUC,TS_0,2048,1.0
RE1,AN_TERREF_AUC,TS_0,2049,1.0
RE1,AN_TERREF_AUC,TS_0,2050,1.0
RE1,AN_TERREF_AUC,TS_0,2051,1.0
RE1,AN_TERREF_AUC,TS_0,2052,1.0
RE1,AN_TERREF_AUC,TS_0,2053,1.0
RE1,AN_TERREF_AUC,TS_0,2054,1.0
RE1,AN_TERREF_CEN,TS_0,2022,1.0
RE1,AN_TERREF_CEN,TS_0,2023,1.0
RE1,AN_TERREF_CEN,TS_0,2024,1.0
RE1,AN_TERREF_CEN,TS_0,2025,1.0
RE1,AN_TERREF_CEN,TS_0,2026,1.0
RE1,AN_TERREF_CEN,TS_0,2027,1.0
RE1,AN_TERREF_CEN,TS_0,2028,1.0
RE1,AN_TERREF_CEN,TS_0,2029,1.0
RE1,AN_TERREF_CEN,TS_0,2030,1.0
RE1,AN_TERREF_CEN,TS_0,2031,1.0
RE1,AN_TERREF_CEN,TS_0,2032,1.0
RE1,AN_TERREF_CEN,TS_0,2033,1.0
RE1,AN_TERREF_CEN,TS_0,2034,1.0
RE1,AN_TERREF_CEN,TS_0,2035,1.0
RE1,AN_TERREF_CEN,TS_0,2036,1.0
RE1,AN_TERREF_CEN,TS_0,2037,1.0
RE1,AN_TERREF_CEN,TS_0,2038,1.0
RE1,AN_TERREF_CEN,TS_0,2039,1.0
RE1,AN_TERREF_CEN,TS_0,2040,1.0
RE1,AN_TERREF_CEN,TS_0,2041,1.0
RE1,AN_TERREF_CEN,TS_0,2042,1.0
RE1,AN_TERREF_CEN,TS_0,2043,1.0
RE1,AN_TERREF_CEN,TS_0,2044,1.0
RE1,AN_TERREF_CEN,TS_0,2045,1.0
RE1,AN_TERREF_CEN,TS_0,2046,1.0
RE1,AN_TERREF_CEN,TS_0,2047,1.0
RE1,AN_TERREF_CEN,TS_0,2048,1.0
RE1,AN_TERREF_CEN,TS_0,2049,1.0
RE1,AN_TERREF_CEN,TS_0,2050,1.0
RE1,AN_TERREF_CEN,TS_0,2051,1.0
RE1,AN_TERREF_CEN,TS_0,2052,1.0
RE1,AN_TERREF_CEN,TS_0,2053,1.0
RE1,AN_TERREF_CEN,TS_0,2054,1.0
RE1,AN_TRAMET,TS_0,2022,1.0
RE1,AN_TRAMET,TS_0,2023,1.0
RE1,AN_TRAMET,TS_0,2024,1.0
RE1,AN_TRAMET,TS_0,2025,1.0
RE1,AN_TRAMET,TS_0,2026,1.0
RE1,AN_TRAMET,TS_0,2027,1.0
RE1,AN_TRAMET,TS_0,2028,1.0
RE1,AN_TRAMET,TS_0,2029,1.0
RE1,AN_TRAMET,TS_0,2030,1.0
RE1,AN_TRAMET,TS_0,2031,1.0
RE1,AN_TRAMET,TS_0,2032,1.0
RE1,AN_TRAMET,TS_0,2033,1.0
RE1,AN_TRAMET,TS_0,2034,1.0
RE1,AN_TRAMET,TS_0,2035,1.0
RE1,AN_TRAMET,TS_0,2036,1.0
RE1,AN_TRAMET,TS_0,2037,1.0
RE1,AN_TRAMET,TS_0,2038,1.0
RE1,AN_TRAMET,TS_0,2039,1.0
RE1,AN_TRAMET,TS_0,2040,1.0
RE1,AN_TRAMET,TS_0,2041,1.0
RE1,AN_TRAMET,TS_0,2042,1.0
RE1,AN_TRAMET,TS_0,2043,1.0
RE1,AN_TRAMET,TS_0,2044,1.0
RE1,AN_TRAMET,TS_0,2045,1.0
RE1,AN_TRAMET,TS_0,2046,1.0
RE1,AN_TRAMET,TS_0,2047,1.0
RE1,AN_TRAMET,TS_0,2048,1.0
RE1,AN_TRAMET,TS_0,2049,1.0
RE1,AN_TRAMET,TS_0,2050,1.0
RE1,AN_TRAMET,TS_0,2051,1.0
RE1,AN_TRAMET,TS_0,2052,1.0
RE1,AN_TRAMET,TS_0,2053,1.0
RE1,AN_TRAMET,TS_0,2054,1.0
RE1,CA_AGFELC,TS_0,2022,1.0
RE1,CA_AGFELC,TS_0,2023,1.0
RE1,CA_AGFELC,TS_0,2024,1.0
RE1,CA_AGFELC,TS_0,2025,1.0
RE1,CA_AGFELC,TS_0,2026,1.0
RE1,CA_AGFELC,TS_0,2027,1.0
RE1,CA_AGFELC,TS_0,2028,1.0
RE1,CA_AGFELC,TS_0,2029,1.0
RE1,CA_AGFELC,TS_0,2030,1.0
RE1,CA_AGFELC,TS_0,2031,1.0
RE1,CA_AGFELC,TS_0,2032,1.0
RE1,CA_AGFELC,TS_0,2033,1.0
RE1,CA_AGFELC,TS_0,2034,1.0
RE1,CA_AGFELC,TS_0,2035,1.0
RE1,CA_AGFELC,TS_0,2036,1.0
RE1,CA_AGFELC,TS_0,2037,1.0
RE1,CA_AGFELC,TS_0,2038,1.0
RE1,CA_AGFELC,TS_0,2039,1.0
RE1,CA_AGFELC,TS_0,2040,1.0
RE1,CA_AGFELC,TS_0,2041,1.0
RE1,CA_AGFELC,TS_0,2042,1.0
RE1,CA_AGFELC,TS_0,2043,1.0
RE1,CA_AGFELC,TS_0,2044,1.0
RE1,CA_AGFELC,TS_0,2045,1.0
RE1,CA_AGFELC,TS_0,2046,1.0
RE1,CA_AGFELC,TS_0,2047,1.0
RE1,CA_AGFELC,TS_0,2048,1.0
RE1,CA_AGFELC,TS_0,2049,1.0
RE1,CA_AGFELC,TS_0,2050,1.0
RE1,CA_AGFELC,TS_0,2051,1.0
RE1,CA_AGFELC,TS_0,2052,1.0
RE1,CA_AGFELC,TS_0,2053,1.0
RE1,CA_AGFELC,TS_0,2054,1.0
RE1,CA_INDCLIM,TS_0,2022,1.0
RE1,CA_INDCLIM,TS_0,2023,1.0
RE1,CA_INDCLIM,TS_0,2024,1.0
RE1,CA_INDCLIM,TS_0,2025,1.0
RE1,CA_INDCLIM,TS_0,2026,1.0
RE1,CA_INDCLIM,TS_0,2027,1.0
RE1,CA_INDCLIM,TS_0,2028,1.0
RE1,CA_INDCLIM,TS_0,2029,1.0
RE1,CA_INDCLIM,TS_0,2030,1.0
RE1,CA_INDCLIM,TS_0,2031,1.0
RE1,CA_INDCLIM,TS_0,2032,1.0
RE1,CA_INDCLIM,TS_0,2033,1.0
RE1,CA_INDCLIM,TS_0,2034,1.0
RE1,CA_INDCLIM,TS_0,2035,1.0
RE1,CA_INDCLIM,TS_0,2036,1.0
RE1,CA_INDCLIM,TS_0,2037,1.0
RE1,CA_INDCLIM,TS_0,2038,1.0
RE1,CA_INDCLIM,TS_0,2039,1.0
RE1,CA_INDCLIM,TS_0,2040,1.0
RE1,CA_INDCLIM,TS_0,2041,1.0
RE1,CA_INDCLIM,TS_0,2042,1.0
RE1,CA_INDCLIM,TS_0,2043,1.0
RE1,CA_INDCLIM,TS_0,2044,1.0
RE1,CA_INDCLIM,TS_0,2045,1.0
RE1,CA_INDCLIM,TS_0,2046,1.0
RE1,CA_INDCLIM,TS_0,2047,1.0
RE1,CA_INDCLIM,TS_0,2048,1.0
RE1,CA_INDCLIM,TS_0,2049,1.0
RE1,CA_INDCLIM,TS_0,2050,1.0
RE1,CA_INDCLIM,TS_0,2051,1.0
RE1,CA_INDCLIM,TS_0,2052,1.0
RE1,CA_INDCLIM,TS_0,2053,1.0
RE1,CA_INDCLIM,TS_0,2054,1.0
RE1,CA_INDDHT,TS_0,2022,1.0
RE1,CA_INDDHT,TS_0,2023,1.0
RE1,CA_INDDHT,TS_0,2024,1.0
RE1,CA_INDDHT,TS_0,2025,1.0
RE1,CA_INDDHT,TS_0,2026,1.0
RE1,CA_INDDHT,TS_0,2027,1.0
RE1,CA_INDDHT,TS_0,2028,1.0
RE1,CA_INDDHT,TS_0,2029,1.0
RE1,CA_INDDHT,TS_0,2030,1.0
RE1,CA_INDDHT,TS_0,2031,1.0
RE1,CA_INDDHT,TS_0,2032,1.0
RE1,CA_INDDHT,TS_0,2033,1.0
RE1,CA_INDDHT,TS_0,2034,1.0
RE1,CA_INDDHT,TS_0,2035,1.0
RE1,CA_INDDHT,TS_0,2036,1.0
RE1,CA_INDDHT,TS_0,2037,1.0
RE1,CA_INDDHT,TS_0,2038,1.0
RE1,CA_INDDHT,TS_0,2039,1.0
RE1,CA_INDDHT,TS_0,2040,1.0
RE1,CA_INDDHT,TS_0,2041,1.0
RE1,CA_INDDHT,TS_0,2042,1.0
RE1,CA_INDDHT,TS_0,2043,1.0
RE1,CA_INDDHT,TS_0,2044,1.0
RE1,CA_INDDHT,TS_0,2045,1.0
RE1,CA_INDDHT,TS_0,2046,1.0
RE1,CA_INDDHT,TS_0,2047,1.0
RE1,CA_INDDHT,TS_0,2048,1.0
RE1,CA_INDDHT,TS_0,2049,1.0
RE1,CA_INDDHT,TS_0,2050,1.0
RE1,CA_INDDHT,TS_0,2051,1.0
RE1,CA_INDDHT,TS_0,2052,1.0
RE1,CA_INDDHT,TS_0,2053,1.0
RE1,CA_INDDHT,TS_0,2054,1.0
RE1,CA_INDIHT,TS_0,2022,1.0
RE1,CA_INDIHT,TS_0,2023,1.0
RE1,CA_INDIHT,TS_0,2024,1.0
RE1,CA_INDIHT,TS_0,2025,1.0
RE1,CA_INDIHT,TS_0,2026,1.0
RE1,CA_INDIHT,TS_0,2027,1.0
RE1,CA_INDIHT,TS_0,2028,1.0
RE1,CA_INDIHT,TS_0,2029,1.0
RE1,CA_INDIHT,TS_0,2030,1.0
RE1,CA_INDIHT,TS_0,2031,1.0
RE1,CA_INDIHT,TS_0,2032,1.0
RE1,CA_INDIHT,TS_0,2033,1.0
RE1,CA_INDIHT,TS_0,2034,1.0
RE1,CA_INDIHT,TS_0,2035,1.0
RE1,CA_INDIHT,TS_0,2036,1.0
RE1,CA_INDIHT,TS_0,2037,1.0
RE1,CA_INDIHT,TS_0,2038,1.0
RE1,CA_INDIHT,TS_0,2039,1.0
RE1,CA_INDIHT,TS_0,2040,1.0
RE1,CA_INDIHT,TS_0,2041,1.0
RE1,CA_INDIHT,TS_0,2042,1.0
RE1,CA_INDIHT,TS_0,2043,1.0
RE1,CA_INDIHT,TS_0,2044,1.0
RE1,CA_INDIHT,TS_0,2045,1.0
RE1,CA_INDIHT,TS_0,2046,1.0
RE1,CA_INDIHT,TS_0,2047,1.0
RE1,CA_INDIHT,TS_0,2048,1.0
RE1,CA_INDIHT,TS_0,2049,1.0
RE1,CA_INDIHT,TS_0,2050,1.0
RE1,CA_INDIHT,TS_0,2051,1.0
RE1,CA_INDIHT,TS_0,2052,1.0
RE1,CA_INDIHT,TS_0,2053,1.0
RE1,CA_INDIHT,TS_0,2054,1.0
RE1,CA_INDILU,TS_0,2022,1.0
RE1,CA_INDILU,TS_0,2023,1.0
RE1,CA_INDILU,TS_0,2024,1.0
RE1,CA_INDILU,TS_0,2025,1.0
RE1,CA_INDILU,TS_0,2026,1.0
RE1,CA_INDILU,TS_0,2027,1.0
RE1,CA_INDILU,TS_0,2028,1.0
RE1,CA_INDILU,TS_0,2029,1.0
RE1,CA_INDILU,TS_0,2030,1.0
RE1,CA_INDILU,TS_0,2031,1.0
RE1,CA_INDILU,TS_0,2032,1.0
RE1,CA_INDILU,TS_0,2033,1.0
RE1,CA_INDILU,TS_0,2034,1.0
RE1,CA_INDILU,TS_0,2035,1.0
RE1,CA_INDILU,TS_0,2036,1.0
RE1,CA_INDILU,TS_0,2037,1.0
RE1,CA_INDILU,TS_0,2038,1.0
RE1,CA_INDILU,TS_0,2039,1.0
RE1,CA_INDILU,TS_0,2040,1.0
RE1,CA_INDILU,TS_0,2041,1.0
RE1,CA_INDILU,TS_0,2042,1.0
RE1,CA_INDILU,TS_0,2043,1.0
RE1,CA_INDILU,TS_0,2044,1.0
RE1,CA_INDILU,TS_0,2045,1.0
RE1,CA_INDILU,TS_0,2046,1.0
RE1,CA_INDILU,TS_0,2047,1.0
RE1,CA_INDILU,TS_0,2048,1.0
RE1,CA_INDILU,TS_0,2049,1.0
RE1,CA_INDILU,TS_0,2050,1.0
RE1,CA_INDILU,TS_0,2051,1.0
RE1,CA_INDILU,TS_0,2052,1.0
RE1,CA_INDILU,TS_0,2053,1.0
RE1,CA_INDILU,TS_0,2054,1.0
RE1,CA_INDMPW,TS_0,2022,1.0
RE1,CA_INDMPW,TS_0,2023,1.0
RE1,CA_INDMPW,TS_0,2024,1.0
RE1,CA_INDMPW,TS_0,2025,1.0
RE1,CA_INDMPW,TS_0,2026,1.0
RE1,CA_INDMPW,TS_0,2027,1.0
RE1,CA_INDMPW,TS_0,2028,1.0
RE1,CA_INDMPW,TS_0,2029,1.0
RE1,CA_INDMPW,TS_0,2030,1.0
RE1,CA_INDMPW,TS_0,2031,1.0
RE1,CA_INDMPW,TS_0,2032,1.0
RE1,CA_INDMPW,TS_0,2033,1.0
RE1,CA_INDMPW,TS_0,2034,1.0
RE1,CA_INDMPW,TS_0,2035,1.0
RE1,CA_INDMPW,TS_0,2036,1.0
RE1,CA_INDMPW,TS_0,2037,1.0
RE1,CA_INDMPW,TS_0,2038,1.0
RE1,CA_INDMPW,TS_0,2039,1.0
RE1,CA_INDMPW,TS_0,2040,1.0
RE1,CA_INDMPW,TS_0,2041,1.0
RE1,CA_INDMPW,TS_0,2042,1.0
RE1,CA_INDMPW,TS_0,2043,1.0
RE1,CA_INDMPW,TS_0,2044,1.0
RE1,CA_INDMPW,TS_0,2045,1.0
RE1,CA_INDMPW,TS_0,2046,1.0
RE1,CA_INDMPW,TS_0,2047,1.0
RE1,CA_INDMPW,TS_0,2048,1.0
RE1,CA_INDMPW,TS_0,2049,1.0
RE1,CA_INDMPW,TS_0,2050,1.0
RE1,CA_INDMPW,TS_0,2051,1.0
RE1,CA_INDMPW,TS_0,2052,1.0
RE1,CA_INDMPW,TS_0,2053,1.0
RE1,CA_INDMPW,TS_0,2054,1.0
RE1,CA_INDOTH_ELC,TS_0,2022,1.0
RE1,CA_INDOTH_ELC,TS_0,2023,1.0
RE1,CA_INDOTH_ELC,TS_0,2024,1.0
RE1,CA_INDOTH_ELC,TS_0,2025,1.0
RE1,CA_INDOTH_ELC,TS_0,2026,1.0
RE1,CA_INDOTH_ELC,TS_0,2027,1.0
RE1,CA_INDOTH_ELC,TS_0,2028,1.0
RE1,CA_INDOTH_ELC,TS_0,2029,1.0
RE1,CA_INDOTH_ELC,TS_0,2030,1.0
RE1,CA_INDOTH_ELC,TS_0,2031,1.0
RE1,CA_INDOTH_ELC,TS_0,2032,1.0
RE1,CA_INDOTH_ELC,TS_0,2033,1.0
RE1,CA_INDOTH_ELC,TS_0,2034,1.0
RE1,CA_INDOTH_ELC,TS_0,2035,1.0
RE1,CA_INDOTH_ELC,TS_0,2036,1.0
RE1,CA_INDOTH_ELC,TS_0,2037,1.0
RE1,CA_INDOTH_ELC,TS_0,2038,1.0
RE1,CA_INDOTH_ELC,TS_0,2039,1.0
RE1,CA_INDOTH_ELC,TS_0,2040,1.0
RE1,CA_INDOTH_ELC,TS_0,2041,1.0
RE1,CA_INDOTH_ELC,TS_0,2042,1.0
RE1,CA_INDOTH_ELC,TS_0,2043,1.0
RE1,CA_INDOTH_ELC,TS_0,2044,1.0
RE1,CA_INDOTH_ELC,TS_0,2045,1.0
RE1,CA_INDOTH_ELC,TS_0,2046,1.0
RE1,CA_INDOTH_ELC,TS_0,2047,1.0
RE1,CA_INDOTH_ELC,TS_0,2048,1.0
RE1,CA_INDOTH_ELC,TS_0,2049,1.0
RE1,CA_INDOTH_ELC,TS_0,2050,1.0
RE1,CA_INDOTH_ELC,TS_0,2051,1.0
RE1,CA_INDOTH_ELC,TS_0,2052,1.0
RE1,CA_INDOTH_ELC,TS_0,2053,1.0
RE1,CA_INDOTH_ELC,TS_0,2054,1.0
RE1,CA_INDREF,TS_0,2022,1.0
RE1,CA_INDREF,TS_0,2023,1.0
RE1,CA_INDREF,TS_0,2024,1.0
RE1,CA_INDREF,TS_0,2025,1.0
RE1,CA_INDREF,TS_0,2026,1.0
RE1,CA_INDREF,TS_0,2027,1.0
RE1,CA_INDREF,TS_0,2028,1.0
RE1,CA_INDREF,TS_0,2029,1.0
RE1,CA_INDREF,TS_0,2030,1.0
RE1,CA_INDREF,TS_0,2031,1.0
RE1,CA_INDREF,TS_0,2032,1.0
RE1,CA_INDREF,TS_0,2033,1.0
RE1,CA_INDREF,TS_0,2034,1.0
RE1,CA_INDREF,TS_0,2035,1.0
RE1,CA_INDREF,TS_0,2036,1.0
RE1,CA_INDREF,TS_0,2037,1.0
RE1,CA_INDREF,TS_0,2038,1.0
RE1,CA_INDREF,TS_0,2039,1.0
RE1,CA_INDREF,TS_0,2040,1.0
RE1,CA_INDREF,TS_0,2041,1.0
RE1,CA_INDREF,TS_0,2042,1.0
RE1,CA_INDREF,TS_0,2043,1.0
RE1,CA_INDREF,TS_0,2044,1.0
RE1,CA_INDREF,TS_0,2045,1.0
RE1,CA_INDREF,TS_0,2046,1.0
RE1,CA_INDREF,TS_0,2047,1.0
RE1,CA_INDREF,TS_0,2048,1.0
RE1,CA_INDREF,TS_0,2049,1.0
RE1,CA_INDREF,TS_0,2050,1.0
RE1,CA_INDREF,TS_0,2051,1.0
RE1,CA_INDREF,TS_0,2052,1.0
RE1,CA_INDREF,TS_0,2053,1.0
RE1,CA_INDREF,TS_0,2054,1.0
RE1,CA_RESCLIM_RUR,TS_0,2022,1.0
RE1,CA_RESCLIM_RUR,TS_0,2023,1.0
RE1,CA_RESCLIM_RUR,TS_0,2024,1.0
RE1,CA_RESCLIM_RUR,TS_0,2025,1.0
RE1,CA_RESCLIM_RUR,TS_0,2026,1.0
RE1,CA_RESCLIM_RUR,TS_0,2027,1.0
RE1,CA_RESCLIM_RUR,TS_0,2028,1.0
RE1,CA_RESCLIM_RUR,TS_0,2029,1.0
RE1,CA_RESCLIM_RUR,TS_0,2030,1.0
RE1,CA_RESCLIM_RUR,TS_0,2031,1.0
RE1,CA_RESCLIM_RUR,TS_0,2032,1.0
RE1,CA_RESCLIM_RUR,TS_0,2033,1.0
RE1,CA_RESCLIM_RUR,TS_0,2034,1.0
RE1,CA_RESCLIM_RUR,TS_0,2035,1.0
RE1,CA_RESCLIM_RUR,TS_0,2036,1.0
RE1,CA_RESCLIM_RUR,TS_0,2037,1.0
RE1,CA_RESCLIM_RUR,TS_0,2038,1.0
RE1,CA_RESCLIM_RUR,TS_0,2039,1.0
RE1,CA_RESCLIM_RUR,TS_0,2040,1.0
RE1,CA_RESCLIM_RUR,TS_0,2041,1.0
RE1,CA_RESCLIM_RUR,TS_0,2042,1.0
RE1,CA_RESCLIM_RUR,TS_0,2043,1.0
RE1,CA_RESCLIM_RUR,TS_0,2044,1.0
RE1,CA_RESCLIM_RUR,TS_0,2045,1.0
RE1,CA_RESCLIM_RUR,TS_0,2046,1.0
RE1,CA_RESCLIM_RUR,TS_0,2047,1.0
RE1,CA_RESCLIM_RUR,TS_0,2048,1.0
RE1,CA_RESCLIM_RUR,TS_0,2049,1.0
RE1,CA_RESCLIM_RUR,TS_0,2050,1.0
RE1,CA_RESCLIM_RUR,TS_0,2051,1.0
RE1,CA_RESCLIM_RUR,TS_0,2052,1.0
RE1,CA_RESCLIM_RUR,TS_0,2053,1.0
RE1,CA_RESCLIM_RUR,TS_0,2054,1.0
RE1,CA_RESCLIM_URB,TS_0,2022,1.0
RE1,CA_RESCLIM_URB,TS_0,2023,1.0
RE1,CA_RESCLIM_URB,TS_0,2024,1.0
RE1,CA_RESCLIM_URB,TS_0,2025,1.0
RE1,CA_RESCLIM_URB,TS_0,2026,1.0
RE1,CA_RESCLIM_URB,TS_0,2027,1.0
RE1,CA_RESCLIM_URB,TS_0,2028,1.0
RE1,CA_RESCLIM_URB,TS_0,2029,1.0
RE1,CA_RESCLIM_URB,TS_0,2030,1.0
RE1,CA_RESCLIM_URB,TS_0,2031,1.0
RE1,CA_RESCLIM_URB,TS_0,2032,1.0
RE1,CA_RESCLIM_URB,TS_0,2033,1.0
RE1,CA_RESCLIM_URB,TS_0,2034,1.0
RE1,CA_RESCLIM_URB,TS_0,2035,1.0
RE1,CA_RESCLIM_URB,TS_0,2036,1.0
RE1,CA_RESCLIM_URB,TS_0,2037,1.0
RE1,CA_RESCLIM_URB,TS_0,2038,1.0
RE1,CA_RESCLIM_URB,TS_0,2039,1.0
RE1,CA_RESCLIM_URB,TS_0,2040,1.0
RE1,CA_RESCLIM_URB,TS_0,2041,1.0
RE1,CA_RESCLIM_URB,TS_0,2042,1.0
RE1,CA_RESCLIM_URB,TS_0,2043,1.0
RE1,CA_RESCLIM_URB,TS_0,2044,1.0
RE1,CA_RESCLIM_URB,TS_0,2045,1.0
RE1,CA_RESCLIM_URB,TS_0,2046,1.0
RE1,CA_RESCLIM_URB,TS_0,2047,1.0
RE1,CA_RESCLIM_URB,TS_0,2048,1.0
RE1,CA_RESCLIM_URB,TS_0,2049,1.0
RE1,CA_RESCLIM_URB,TS_0,2050,1.0
RE1,CA_RESCLIM_URB,TS_0,2051,1.0
RE1,CA_RESCLIM_URB,TS_0,2052,1.0
RE1,CA_RESCLIM_URB,TS_0,2053,1.0
RE1,CA_RESCLIM_URB,TS_0,2054,1.0
RE1,CA_RESDHT_RUR,TS_0,2022,1.0
RE1,CA_RESDHT_RUR,TS_0,2023,1.0
RE1,CA_RESDHT_RUR,TS_0,2024,1.0
RE1,CA_RESDHT_RUR,TS_0,2025,1.0
RE1,CA_RESDHT_RUR,TS_0,2026,1.0
RE1,CA_RESDHT_RUR,TS_0,2027,1.0
RE1,CA_RESDHT_RUR,TS_0,2028,1.0
RE1,CA_RESDHT_RUR,TS_0,2029,1.0
RE1,CA_RESDHT_RUR,TS_0,2030,1.0
RE1,CA_RESDHT_RUR,TS_0,2031,1.0
RE1,CA_RESDHT_RUR,TS_0,2032,1.0
RE1,CA_RESDHT_RUR,TS_0,2033,1.0
RE1,CA_RESDHT_RUR,TS_0,2034,1.0
RE1,CA_RESDHT_RUR,TS_0,2035,1.0
RE1,CA_RESDHT_RUR,TS_0,2036,1.0
RE1,CA_RESDHT_RUR,TS_0,2037,1.0
RE1,CA_RESDHT_RUR,TS_0,2038,1.0
RE1,CA_RESDHT_RUR,TS_0,2039,1.0
RE1,CA_RESDHT_RUR,TS_0,2040,1.0
RE1,CA_RESDHT_RUR,TS_0,2041,1.0
RE1,CA_RESDHT_RUR,TS_0,2042,1.0
RE1,CA_RESDHT_RUR,TS_0,2043,1.0
RE1,CA_RESDHT_RUR,TS_0,2044,1.0
RE1,CA_RESDHT_RUR,TS_0,2045,1.0
RE1,CA_RESDHT_RUR,TS_0,2046,1.0
RE1,CA_RESDHT_RUR,TS_0,2047,1.0
RE1,CA_RESDHT_RUR,TS_0,2048,1.0
RE1,CA_RESDHT_RUR,TS_0,2049,1.0
RE1,CA_RESDHT_RUR,TS_0,2050,1.0
RE1,CA_RESDHT_RUR,TS_0,2051,1.0
RE1,CA_RESDHT_RUR,TS_0,2052,1.0
RE1,CA_RESDHT_RUR,TS_0,2053,1.0
RE1,CA_RESDHT_RUR,TS_0,2054,1.0
RE1,CA_RESDHT_URB,TS_0,2022,1.0
RE1,CA_RESDHT_URB,TS_0,2023,1.0
RE1,CA_RESDHT_URB,TS_0,2024,1.0
RE1,CA_RESDHT_URB,TS_0,2025,1.0
RE1,CA_RESDHT_URB,TS_0,2026,1.0
RE1,CA_RESDHT_URB,TS_0,2027,1.0
RE1,CA_RESDHT_URB,TS_0,2028,1.0
RE1,CA_RESDHT_URB,TS_0,2029,1.0
RE1,CA_RESDHT_URB,TS_0,2030,1.0
RE1,CA_RESDHT_URB,TS_0,2031,1.0
RE1,CA_RESDHT_URB,TS_0,2032,1.0
RE1,CA_RESDHT_URB,TS_0,2033,1.0
RE1,CA_RESDHT_URB,TS_0,2034,1.0
RE1,CA_RESDHT_URB,TS_0,2035,1.0
RE1,CA_RESDHT_URB,TS_0,2036,1.0
RE1,CA_RESDHT_URB,TS_0,2037,1.0
RE1,CA_RESDHT_URB,TS_0,2038,1.0
RE1,CA_RESDHT_URB,TS_0,2039,1.0
RE1,CA_RESDHT_URB,TS_0,2040,1.0
RE1,CA_RESDHT_URB,TS_0,2041,1.0
RE1,CA_RESDHT_URB,TS_0,2042,1.0
RE1,CA_RESDHT_URB,TS_0,2043,1.0
RE1,CA_RESDHT_URB,TS_0,2044,1.0
RE1,CA_RESDHT_URB,TS_0,2045,1.0
RE1,CA_RESDHT_URB,TS_0,2046,1.0
RE1,CA_RESDHT_URB,TS_0,2047,1.0
RE1,CA_RESDHT_URB,TS_0,2048,1.0
RE1,CA_RESDHT_URB,TS_0,2049,1.0
RE1,CA_RESDHT_URB,TS_0,2050,1.0
RE1,CA_RESDHT_URB,TS_0,2051,1.0
RE1,CA_RESDHT_URB,TS_0,2052,1.0
RE1,CA_RESDHT_URB,TS_0,2053,1.0
RE1,CA_RESDHT_URB,TS_0,2054,1.0
RE1,CA_RESILU_RUR,TS_0,2022,1.0
RE1,CA_RESILU_RUR,TS_0,2023,1.0
RE1,CA_RESILU_RUR,TS_0,2024,1.0
RE1,CA_RESILU_RUR,TS_0,2025,1.0
RE1,CA_RESILU_RUR,TS_0,2026,1.0
RE1,CA_RESILU_RUR,TS_0,2027,1.0
RE1,CA_RESILU_RUR,TS_0,2028,1.0
RE1,CA_RESILU_RUR,TS_0,2029,1.0
RE1,CA_RESILU_RUR,TS_0,2030,1.0
RE1,CA_RESILU_RUR,TS_0,2031,1.0
RE1,CA_RESILU_RUR,TS_0,2032,1.0
RE1,CA_RESILU_RUR,TS_0,2033,1.0
RE1,CA_RESILU_RUR,TS_0,2034,1.0
RE1,CA_RESILU_RUR,TS_0,2035,1.0
RE1,CA_RESILU_RUR,TS_0,2036,1.0
RE1,CA_RESILU_RUR,TS_0,2037,1.0
RE1,CA_RESILU_RUR,TS_0,2038,1.0
RE1,CA_RESILU_RUR,TS_0,2039,1.0
RE1,CA_RESILU_RUR,TS_0,2040,1.0
RE1,CA_RESILU_RUR,TS_0,2041,1.0
RE1,CA_RESILU_RUR,TS_0,2042,1.0
RE1,CA_RESILU_RUR,TS_0,2043,1.0
RE1,CA_RESILU_RUR,TS_0,2044,1.0
RE1,CA_RESILU_RUR,TS_0,2045,1.0
RE1,CA_RESILU_RUR,TS_0,2046,1.0
RE1,CA_RESILU_RUR,TS_0,2047,1.0
RE1,CA_RESILU_RUR,TS_0,2048,1.0
RE1,CA_RESILU_RUR,TS_0,2049,1.0
RE1,CA_RESILU_RUR,TS_0,2050,1.0
RE1,CA_RESILU_RUR,TS_0,2051,1.0
RE1,CA_RESILU_RUR,TS_0,2052,1.0
RE1,CA_RESILU_RUR,TS_0,2053,1.0
RE1,CA_RESILU_RUR,TS_0,2054,1.0
RE1,CA_RESILU_URB,TS_0,2022,1.0
RE1,CA_RESILU_URB,TS_0,2023,1.0
RE1,CA_RESILU_URB,TS_0,2024,1.0
RE1,CA_RESILU_URB,TS_0,2025,1.0
RE1,CA_RESILU_URB,TS_0,2026,1.0
RE1,CA_RESILU_URB,TS_0,2027,1.0
RE1,CA_RESILU_URB,TS_0,2028,1.0
RE1,CA_RESILU_URB,TS_0,2029,1.0
RE1,CA_RESILU_URB,TS_0,2030,1.0
RE1,CA_RESILU_URB,TS_0,2031,1.0
RE1,CA_RESILU_URB,TS_0,2032,1.0
RE1,CA_RESILU_URB,TS_0,2033,1.0
RE1,CA_RESILU_URB,TS_0,2034,1.0
RE1,CA_RESILU_URB,TS_0,2035,1.0
RE1,CA_RESILU_URB,TS_0,2036,1.0
RE1,CA_RESILU_URB,TS_0,2037,1.0
RE1,CA_RESILU_URB,TS_0,2038,1.0
RE1,CA_RESILU_URB,TS_0,2039,1.0
RE1,CA_RESILU_URB,TS_0,2040,1.0
RE1,CA_RESILU_URB,TS_0,2041,1.0
RE1,CA_RESILU_URB,TS_0,2042,1.0
RE1,CA_RESILU_URB,TS_0,2043,1.0
RE1,CA_RESILU_URB,TS_0,2044,1.0
RE1,CA_RESILU_URB,TS_0,2045,1.0
RE1,CA_RESILU_URB,TS_0,2046,1.0
RE1,CA_RESILU_URB,TS_0,2047,1.0
RE1,CA_RESILU_URB,TS_0,2048,1.0
RE1,CA_RESILU_URB,TS_0,2049,1.0
RE1,CA_RESILU_URB,TS_0,2050,1.0
RE1,CA_RESILU_URB,TS_0,2051,1.0
RE1,CA_RESILU_URB,TS_0,2052,1.0
RE1,CA_RESILU_URB,TS_0,2053,1.0
RE1,CA_RESILU_URB,TS_0,2054,1.0
RE1,CA_RESOTH_RUR,TS_0,2022,1.0
RE1,CA_RESOTH_RUR,TS_0,2023,1.0
RE1,CA_RESOTH_RUR,TS_0,2024,1.0
RE1,CA_RESOTH_RUR,TS_0,2025,1.0
RE1,CA_RESOTH_RUR,TS_0,2026,1.0
RE1,CA_RESOTH_RUR,TS_0,2027,1.0
RE1,CA_RESOTH_RUR,TS_0,2028,1.0
RE1,CA_RESOTH_RUR,TS_0,2029,1.0
RE1,CA_RESOTH_RUR,TS_0,2030,1.0
RE1,CA_RESOTH_RUR,TS_0,2031,1.0
RE1,CA_RESOTH_RUR,TS_0,2032,1.0
RE1,CA_RESOTH_RUR,TS_0,2033,1.0
RE1,CA_RESOTH_RUR,TS_0,2034,1.0
RE1,CA_RESOTH_RUR,TS_0,2035,1.0
RE1,CA_RESOTH_RUR,TS_0,2036,1.0
RE1,CA_RESOTH_RUR,TS_0,2037,1.0
RE1,CA_RESOTH_RUR,TS_0,2038,1.0
RE1,CA_RESOTH_RUR,TS_0,2039,1.0
RE1,CA_RESOTH_RUR,TS_0,2040,1.0
RE1,CA_RESOTH_RUR,TS_0,2041,1.0
RE1,CA_RESOTH_RUR,TS_0,2042,1.0
RE1,CA_RESOTH_RUR,TS_0,2043,1.0
RE1,CA_RESOTH_RUR,TS_0,2044,1.0
RE1,CA_RESOTH_RUR,TS_0,2045,1.0
RE1,CA_RESOTH_RUR,TS_0,2046,1.0
RE1,CA_RESOTH_RUR,TS_0,2047,1.0
RE1,CA_RESOTH_RUR,TS_0,2048,1.0
RE1,CA_RESOTH_RUR,TS_0,2049,1.0
RE1,CA_RESOTH_RUR,TS_0,2050,1.0
RE1,CA_RESOTH_RUR,TS_0,2051,1.0
RE1,CA_RESOTH_RUR,TS_0,2052,1.0
RE1,CA_RESOTH_RUR,TS_0,2053,1.0
RE1,CA_RESOTH_RUR,TS_0,2054,1.0
RE1,CA_RESOTH_URB,TS_0,2022,1.0
RE1,CA_RESOTH_URB,TS_0,2023,1.0
RE1,CA_RESOTH_URB,TS_0,2024,1.0
RE1,CA_RESOTH_URB,TS_0,2025,1.0
RE1,CA_RESOTH_URB,TS_0,2026,1.0
RE1,CA_RESOTH_URB,TS_0,2027,1.0
RE1,CA_RESOTH_URB,TS_0,2028,1.0
RE1,CA_RESOTH_URB,TS_0,2029,1.0
RE1,CA_RESOTH_URB,TS_0,2030,1.0
RE1,CA_RESOTH_URB,TS_0,2031,1.0
RE1,CA_RESOTH_URB,TS_0,2032,1.0
RE1,CA_RESOTH_URB,TS_0,2033,1.0
RE1,CA_RESOTH_URB,TS_0,2034,1.0
RE1,CA_RESOTH_URB,TS_0,2035,1.0
RE1,CA_RESOTH_URB,TS_0,2036,1.0
RE1,CA_RESOTH_URB,TS_0,2037,1.0
RE1,CA_RESOTH_URB,TS_0,2038,1.0
RE1,CA_RESOTH_URB,TS_0,2039,1.0
RE1,CA_RESOTH_URB,TS_0,2040,1.0
RE1,CA_RESOTH_URB,TS_0,2041,1.0
RE1,CA_RESOTH_URB,TS_0,2042,1.0
RE1,CA_RESOTH_URB,TS_0,2043,1.0
RE1,CA_RESOTH_URB,TS_0,2044,1.0
RE1,CA_RESOTH_URB,TS_0,2045,1.0
RE1,CA_RESOTH_URB,TS_0,2046,1.0
RE1,CA_RESOTH_URB,TS_0,2047,1.0
RE1,CA_RESOTH_URB,TS_0,2048,1.0
RE1,CA_RESOTH_URB,TS_0,2049,1.0
RE1,CA_RESOTH_URB,TS_0,2050,1.0
RE1,CA_RESOTH_URB,TS_0,2051,1.0
RE1,CA_RESOTH_URB,TS_0,2052,1.0
RE1,CA_RESOTH_URB,TS_0,2053,1.0
RE1,CA_RESOTH_URB,TS_0,2054,1.0
RE1,CA_RESREF_RUR,TS_0,2022,1.0
RE1,CA_RESREF_RUR,TS_0,2023,1.0
RE1,CA_RESREF_RUR,TS_0,2024,1.0
RE1,CA_RESREF_RUR,TS_0,2025,1.0
RE1,CA_RESREF_RUR,TS_0,2026,1.0
RE1,CA_RESREF_RUR,TS_0,2027,1.0
RE1,CA_RESREF_RUR,TS_0,2028,1.0
RE1,CA_RESREF_RUR,TS_0,2029,1.0
RE1,CA_RESREF_RUR,TS_0,2030,1.0
RE1,CA_RESREF_RUR,TS_0,2031,1.0
RE1,CA_RESREF_RUR,TS_0,2032,1.0
RE1,CA_RESREF_RUR,TS_0,2033,1.0
RE1,CA_RESREF_RUR,TS_0,2034,1.0
RE1,CA_RESREF_RUR,TS_0,2035,1.0
RE1,CA_RESREF_RUR,TS_0,2036,1.0
RE1,CA_RESREF_RUR,TS_0,2037,1.0
RE1,CA_RESREF_RUR,TS_0,2038,1.0
RE1,CA_RESREF_RUR,TS_0,2039,1.0
RE1,CA_RESREF_RUR,TS_0,2040,1.0
RE1,CA_RESREF_RUR,TS_0,2041,1.0
RE1,CA_RESREF_RUR,TS_0,2042,1.0
RE1,CA_RESREF_RUR,TS_0,2043,1.0
RE1,CA_RESREF_RUR,TS_0,2044,1.0
RE1,CA_RESREF_RUR,TS_0,2045,1.0
RE1,CA_RESREF_RUR,TS_0,2046,1.0
RE1,CA_RESREF_RUR,TS_0,2047,1.0
RE1,CA_RESREF_RUR,TS_0,2048,1.0
RE1,CA_RESREF_RUR,TS_0,2049,1.0
RE1,CA_RESREF_RUR,TS_0,2050,1.0
RE1,CA_RESREF_RUR,TS_0,2051,1.0
RE1,CA_RESREF_RUR,TS_0,2052,1.0
RE1,CA_RESREF_RUR,TS_0,2053,1.0
RE1,CA_RESREF_RUR,TS_0,2054,1.0
RE1,CA_RESREF_URB,TS_0,2022,1.0
RE1,CA_RESREF_URB,TS_0,2023,1.0
RE1,CA_RESREF_URB,TS_0,2024,1.0
RE1,CA_RESREF_URB,TS_0,2025,1.0
RE1,CA_RESREF_URB,TS_0,2026,1.0
RE1,CA_RESREF_URB,TS_0,2027,1.0
RE1,CA_RESREF_URB,TS_0,2028,1.0
RE1,CA_RESREF_URB,TS_0,2029,1.0
RE1,CA_RESREF_URB,TS_0,2030,1.0
RE1,CA_RESREF_URB,TS_0,2031,1.0
RE1,CA_RESREF_URB,TS_0,2032,1.0
RE1,CA_RESREF_URB,TS_0,2033,1.0
RE1,CA_RESREF_URB,TS_0,2034,1.0
RE1,CA_RESREF_URB,TS_0,2035,1.0
RE1,CA_RESREF_URB,TS_0,2036,1.0
RE1,CA_RESREF_URB,TS_0,2037,1.0
RE1,CA_RESREF_URB,TS_0,2038,1.0
RE1,CA_RESREF_URB,TS_0,2039,1.0
RE1,CA_RESREF_URB,TS_0,2040,1.0
RE1,CA_RESREF_URB,TS_0,2041,1.0
RE1,CA_RESREF_URB,TS_0,2042,1.0
RE1,CA_RESREF_URB,TS_0,2043,1.0
RE1,CA_RESREF_URB,TS_0,2044,1.0
RE1,CA_RESREF_URB,TS_0,2045,1.0
RE1,CA_RESREF_URB,TS_0,2046,1.0
RE1,CA_RESREF_URB,TS_0,2047,1.0
RE1,CA_RESREF_URB,TS_0,2048,1.0
RE1,CA_RESREF_URB,TS_0,2049,1.0
RE1,CA_RESREF_URB,TS_0,2050,1.0
RE1,CA_RESREF_URB,TS_0,2051,1.0
RE1,CA_RESREF_URB,TS_0,2052,1.0
RE1,CA_RESREF_URB,TS_0,2053,1.0
RE1,CA_RESREF_URB,TS_0,2054,1.0
RE1,CA_RESTV_RUR,TS_0,2022,1.0
RE1,CA_RESTV_RUR,TS_0,2023,1.0
RE1,CA_RESTV_RUR,TS_0,2024,1.0
RE1,CA_RESTV_RUR,TS_0,2025,1.0
RE1,CA_RESTV_RUR,TS_0,2026,1.0
RE1,CA_RESTV_RUR,TS_0,2027,1.0
RE1,CA_RESTV_RUR,TS_0,2028,1.0
RE1,CA_RESTV_RUR,TS_0,2029,1.0
RE1,CA_RESTV_RUR,TS_0,2030,1.0
RE1,CA_RESTV_RUR,TS_0,2031,1.0
RE1,CA_RESTV_RUR,TS_0,2032,1.0
RE1,CA_RESTV_RUR,TS_0,2033,1.0
RE1,CA_RESTV_RUR,TS_0,2034,1.0
RE1,CA_RESTV_RUR,TS_0,2035,1.0
RE1,CA_RESTV_RUR,TS_0,2036,1.0
RE1,CA_RESTV_RUR,TS_0,2037,1.0
RE1,CA_RESTV_RUR,TS_0,2038,1.0
RE1,CA_RESTV_RUR,TS_0,2039,1.0
RE1,CA_RESTV_RUR,TS_0,2040,1.0
RE1,CA_RESTV_RUR,TS_0,2041,1.0
RE1,CA_RESTV_RUR,TS_0,2042,1.0
RE1,CA_RESTV_RUR,TS_0,2043,1.0
RE1,CA_RESTV_RUR,TS_0,2044,1.0
RE1,CA_RESTV_RUR,TS_0,2045,1.0
RE1,CA_RESTV_RUR,TS_0,2046,1.0
RE1,CA_RESTV_RUR,TS_0,2047,1.0
RE1,CA_RESTV_RUR,TS_0,2048,1.0
RE1,CA_RESTV_RUR,TS_0,2049,1.0
RE1,CA_RESTV_RUR,TS_0,2050,1.0
RE1,CA_RESTV_RUR,TS_0,2051,1.0
RE1,CA_RESTV_RUR,TS_0,2052,1.0
RE1,CA_RESTV_RUR,TS_0,2053,1.0
RE1,CA_RESTV_RUR,TS_0,2054,1.0
RE1,CA_RESTV_URB,TS_0,2022,1.0
RE1,CA_RESTV_URB,TS_0,2023,1.0
RE1,CA_RESTV_URB,TS_0,2024,1.0
RE1,CA_RESTV_URB,TS_0,2025,1.0
RE1,CA_RESTV_URB,TS_0,2026,1.0
RE1,CA_RESTV_URB,TS_0,2027,1.0
RE1,CA_RESTV_URB,TS_0,2028,1.0
RE1,CA_RESTV_URB,TS_0,2029,1.0
RE1,CA_RESTV_URB,TS_0,2030,1.0
RE1,CA_RESTV_URB,TS_0,2031,1.0
RE1,CA_RESTV_URB,TS_0,2032,1.0
RE1,CA_RESTV_URB,TS_0,2033,1.0
RE1,CA_RESTV_URB,TS_0,2034,1.0
RE1,CA_RESTV_URB,TS_0,2035,1.0
RE1,CA_RESTV_URB,TS_0,2036,1.0
RE1,CA_RESTV_URB,TS_0,2037,1.0
RE1,CA_RESTV_URB,TS_0,2038,1.0
RE1,CA_RESTV_URB,TS_0,2039,1.0
RE1,CA_RESTV_URB,TS_0,2040,1.0
RE1,CA_RESTV_URB,TS_0,2041,1.0
RE1,CA_RESTV_URB,TS_0,2042,1.0
RE1,CA_RESTV_URB,TS_0,2043,1.0
RE1,CA_RESTV_URB,TS_0,2044,1.0
RE1,CA_RESTV_URB,TS_0,2045,1.0
RE1,CA_RESTV_URB,TS_0,2046,1.0
RE1,CA_RESTV_URB,TS_0,2047,1.0
RE1,CA_RESTV_URB,TS_0,2048,1.0
RE1,CA_RESTV_URB,TS_0,2049,1.0
RE1,CA_RESTV_URB,TS_0,2050,1.0
RE1,CA_RESTV_URB,TS_0,2051,1.0
RE1,CA_RESTV_URB,TS_0,2052,1.0
RE1,CA_RESTV_URB,TS_0,2053,1.0
RE1,CA_RESTV_URB,TS_0,2054,1.0
RE1,CA_RESWHT_RUR,TS_0,2022,1.0
RE1,CA_RESWHT_RUR,TS_0,2023,1.0
RE1,CA_RESWHT_RUR,TS_0,2024,1.0
RE1,CA_RESWHT_RUR,TS_0,2025,1.0
RE1,CA_RESWHT_RUR,TS_0,2026,1.0
RE1,CA_RESWHT_RUR,TS_0,2027,1.0
RE1,CA_RESWHT_RUR,TS_0,2028,1.0
RE1,CA_RESWHT_RUR,TS_0,2029,1.0
RE1,CA_RESWHT_RUR,TS_0,2030,1.0
RE1,CA_RESWHT_RUR,TS_0,2031,1.0
RE1,CA_RESWHT_RUR,TS_0,2032,1.0
RE1,CA_RESWHT_RUR,TS_0,2033,1.0
RE1,CA_RESWHT_RUR,TS_0,2034,1.0
RE1,CA_RESWHT_RUR,TS_0,2035,1.0
RE1,CA_RESWHT_RUR,TS_0,2036,1.0
RE1,CA_RESWHT_RUR,TS_0,2037,1.0
RE1,CA_RESWHT_RUR,TS_0,2038,1.0
RE1,CA_RESWHT_RUR,TS_0,2039,1.0
RE1,CA_RESWHT_RUR,TS_0,2040,1.0
RE1,CA_RESWHT_RUR,TS_0,2041,1.0
RE1,CA_RESWHT_RUR,TS_0,2042,1.0
RE1,CA_RESWHT_RUR,TS_0,2043,1.0
RE1,CA_RESWHT_RUR,TS_0,2044,1.0
RE1,CA_RESWHT_RUR,TS_0,2045,1.0
RE1,CA_RESWHT_RUR,TS_0,2046,1.0
RE1,CA_RESWHT_RUR,TS_0,2047,1.0
RE1,CA_RESWHT_RUR,TS_0,2048,1.0
RE1,CA_RESWHT_RUR,TS_0,2049,1.0
RE1,CA_RESWHT_RUR,TS_0,2050,1.0
RE1,CA_RESWHT_RUR,TS_0,2051,1.0
RE1,CA_RESWHT_RUR,TS_0,2052,1.0
RE1,CA_RESWHT_RUR,TS_0,2053,1.0
RE1,CA_RESWHT_RUR,TS_0,2054,1.0
RE1,CA_RESWHT_URB,TS_0,2022,1.0
RE1,CA_RESWHT_URB,TS_0,2023,1.0
RE1,CA_RESWHT_URB,TS_0,2024,1.0
RE1,CA_RESWHT_URB,TS_0,2025,1.0
RE1,CA_RESWHT_URB,TS_0,2026,1.0
RE1,CA_RESWHT_URB,TS_0,2027,1.0
RE1,CA_RESWHT_URB,TS_0,2028,1.0
RE1,CA_RESWHT_URB,TS_0,2029,1.0
RE1,CA_RESWHT_URB,TS_0,2030,1.0
RE1,CA_RESWHT_URB,TS_0,2031,1.0
RE1,CA_RESWHT_URB,TS_0,2032,1.0
RE1,CA_RESWHT_URB,TS_0,2033,1.0
RE1,CA_RESWHT_URB,TS_0,2034,1.0
RE1,CA_RESWHT_URB,TS_0,2035,1.0
RE1,CA_RESWHT_URB,TS_0,2036,1.0
RE1,CA_RESWHT_URB,TS_0,2037,1.0
RE1,CA_RESWHT_URB,TS_0,2038,1.0
RE1,CA_RESWHT_URB,TS_0,2039,1.0
RE1,CA_RESWHT_URB,TS_0,2040,1.0
RE1,CA_RESWHT_URB,TS_0,2041,1.0
RE1,CA_RESWHT_URB,TS_0,2042,1.0
RE1,CA_RESWHT_URB,TS_0,2043,1.0
RE1,CA_RESWHT_URB,TS_0,2044,1.0
RE1,CA_RESWHT_URB,TS_0,2045,1.0
RE1,CA_RESWHT_URB,TS_0,2046,1.0
RE1,CA_RESWHT_URB,TS_0,2047,1.0
RE1,CA_RESWHT_URB,TS_0,2048,1.0
RE1,CA_RESWHT_URB,TS_0,2049,1.0
RE1,CA_RESWHT_URB,TS_0,2050,1.0
RE1,CA_RESWHT_URB,TS_0,2051,1.0
RE1,CA_RESWHT_URB,TS_0,2052,1.0
RE1,CA_RESWHT_URB,TS_0,2053,1.0
RE1,CA_RESWHT_URB,TS_0,2054,1.0
RE1,CA_RESWSH_RUR,TS_0,2022,1.0
RE1,CA_RESWSH_RUR,TS_0,2023,1.0
RE1,CA_RESWSH_RUR,TS_0,2024,1.0
RE1,CA_RESWSH_RUR,TS_0,2025,1.0
RE1,CA_RESWSH_RUR,TS_0,2026,1.0
RE1,CA_RESWSH_RUR,TS_0,2027,1.0
RE1,CA_RESWSH_RUR,TS_0,2028,1.0
RE1,CA_RESWSH_RUR,TS_0,2029,1.0
RE1,CA_RESWSH_RUR,TS_0,2030,1.0
RE1,CA_RESWSH_RUR,TS_0,2031,1.0
RE1,CA_RESWSH_RUR,TS_0,2032,1.0
RE1,CA_RESWSH_RUR,TS_0,2033,1.0
RE1,CA_RESWSH_RUR,TS_0,2034,1.0
RE1,CA_RESWSH_RUR,TS_0,2035,1.0
RE1,CA_RESWSH_RUR,TS_0,2036,1.0
RE1,CA_RESWSH_RUR,TS_0,2037,1.0
RE1,CA_RESWSH_RUR,TS_0,2038,1.0
RE1,CA_RESWSH_RUR,TS_0,2039,1.0
RE1,CA_RESWSH_RUR,TS_0,2040,1.0
RE1,CA_RESWSH_RUR,TS_0,2041,1.0
RE1,CA_RESWSH_RUR,TS_0,2042,1.0
RE1,CA_RESWSH_RUR,TS_0,2043,1.0
RE1,CA_RESWSH_RUR,TS_0,2044,1.0
RE1,CA_RESWSH_RUR,TS_0,2045,1.0
RE1,CA_RESWSH_RUR,TS_0,2046,1.0
RE1,CA_RESWSH_RUR,TS_0,2047,1.0
RE1,CA_RESWSH_RUR,TS_0,2048,1.0
RE1,CA_RESWSH_RUR,TS_0,2049,1.0
RE1,CA_RESWSH_RUR,TS_0,2050,1.0
RE1,CA_RESWSH_RUR,TS_0,2051,1.0
RE1,CA_RESWSH_RUR,TS_0,2052,1.0
RE1,CA_RESWSH_RUR,TS_0,2053,1.0
RE1,CA_RESWSH_RUR,TS_0,2054,1.0
RE1,CA_RESWSH_URB,TS_0,2022,1.0
RE1,CA_RESWSH_URB,TS_0,2023,1.0
RE1,CA_RESWSH_URB,TS_0,2024,1.0
RE1,CA_RESWSH_URB,TS_0,2025,1.0
RE1,CA_RESWSH_URB,TS_0,2026,1.0
RE1,CA_RESWSH_URB,TS_0,2027,1.0
RE1,CA_RESWSH_URB,TS_0,2028,1.0
RE1,CA_RESWSH_URB,TS_0,2029,1.0
RE1,CA_RESWSH_URB,TS_0,2030,1.0
RE1,CA_RESWSH_URB,TS_0,2031,1.0
RE1,CA_RESWSH_URB,TS_0,2032,1.0
RE1,CA_RESWSH_URB,TS_0,2033,1.0
RE1,CA_RESWSH_URB,TS_0,2034,1.0
RE1,CA_RESWSH_URB,TS_0,2035,1.0
RE1,CA_RESWSH_URB,TS_0,2036,1.0
RE1,CA_RESWSH_URB,TS_0,2037,1.0
RE1,CA_RESWSH_URB,TS_0,2038,1.0
RE1,CA_RESWSH_URB,TS_0,2039,1.0
RE1,CA_RESWSH_URB,TS_0,2040,1.0
RE1,CA_RESWSH_URB,TS_0,2041,1.0
RE1,CA_RESWSH_URB,TS_0,2042,1.0
RE1,CA_RESWSH_URB,TS_0,2043,1.0
RE1,CA_RESWSH_URB,TS_0,2044,1.0
RE1,CA_RESWSH_URB,TS_0,2045,1.0
RE1,CA_RESWSH_URB,TS_0,2046,1.0
RE1,CA_RESWSH_URB,TS_0,2047,1.0
RE1,CA_RESWSH_URB,TS_0,2048,1.0
RE1,CA_RESWSH_URB,TS_0,2049,1.0
RE1,CA_RESWSH_URB,TS_0,2050,1.0
RE1,CA_RESWSH_URB,TS_0,2051,1.0
RE1,CA_RESWSH_URB,TS_0,2052,1.0
RE1,CA_RESWSH_URB,TS_0,2053,1.0
RE1,CA_RESWSH_URB,TS_0,2054,1.0
RE1,CA_TERCLIM_CEN,TS_0,2022,1.0
RE1,CA_TERCLIM_CEN,TS_0,2023,1.0
RE1,CA_TERCLIM_CEN,TS_0,2024,1.0
RE1,CA_TERCLIM_CEN,TS_0,2025,1.0
RE1,CA_TERCLIM_CEN,TS_0,2026,1.0
RE1,CA_TERCLIM_CEN,TS_0,2027,1.0
RE1,CA_TERCLIM_CEN,TS_0,2028,1.0
RE1,CA_TERCLIM_CEN,TS_0,2029,1.0
RE1,CA_TERCLIM_CEN,TS_0,2030,1.0
RE1,CA_TERCLIM_CEN,TS_0,2031,1.0
RE1,CA_TERCLIM_CEN,TS_0,2032,1.0
RE1,CA_TERCLIM_CEN,TS_0,2033,1.0
RE1,CA_TERCLIM_CEN,TS_0,2034,1.0
RE1,CA_TERCLIM_CEN,TS_0,2035,1.0
RE1,CA_TERCLIM_CEN,TS_0,2036,1.0
RE1,CA_TERCLIM_CEN,TS_0,2037,1.0
RE1,CA_TERCLIM_CEN,TS_0,2038,1.0
RE1,CA_TERCLIM_CEN,TS_0,2039,1.0
RE1,CA_TERCLIM_CEN,TS_0,2040,1.0
RE1,CA_TERCLIM_CEN,TS_0,2041,1.0
RE1,CA_TERCLIM_CEN,TS_0,2042,1.0
RE1,CA_TERCLIM_CEN,TS_0,2043,1.0
RE1,CA_TERCLIM_CEN,TS_0,2044,1.0
RE1,CA_TERCLIM_CEN,TS_0,2045,1.0
RE1,CA_TERCLIM_CEN,TS_0,2046,1.0
RE1,CA_TERCLIM_CEN,TS_0,2047,1.0
RE1,CA_TERCLIM_CEN,TS_0,2048,1.0
RE1,CA_TERCLIM_CEN,TS_0,2049,1.0
RE1,CA_TERCLIM_CEN,TS_0,2050,1.0
RE1,CA_TERCLIM_CEN,TS_0,2051,1.0
RE1,CA_TERCLIM_CEN,TS_0,2052,1.0
RE1,CA_TERCLIM_CEN,TS_0,2053,1.0
RE1,CA_TERCLIM_CEN,TS_0,2054,1.0
RE1,CA_TERCLIM_FAN,TS_0,2022,1.0
RE1,CA_TERCLIM_FAN,TS_0,2023,1.0
RE1,CA_TERCLIM_FAN,TS_0,2024,1.0
RE1,CA_TERCLIM_FAN,TS_0,2025,1.0
RE1,CA_TERCLIM_FAN,TS_0,2026,1.0
RE1,CA_TERCLIM_FAN,TS_0,2027,1.0
RE1,CA_TERCLIM_FAN,TS_0,2028,1.0
RE1,CA_TERCLIM_FAN,TS_0,2029,1.0
RE1,CA_TERCLIM_FAN,TS_0,2030,1.0
RE1,CA_TERCLIM_FAN,TS_0,2031,1.0
RE1,CA_TERCLIM_FAN,TS_0,2032,1.0
RE1,CA_TERCLIM_FAN,TS_0,2033,1.0
RE1,CA_TERCLIM_FAN,TS_0,2034,1.0
RE1,CA_TERCLIM_FAN,TS_0,2035,1.0
RE1,CA_TERCLIM_FAN,TS_0,2036,1.0
RE1,CA_TERCLIM_FAN,TS_0,2037,1.0
RE1,CA_TERCLIM_FAN,TS_0,2038,1.0
RE1,CA_TERCLIM_FAN,TS_0,2039,1.0
RE1,CA_TERCLIM_FAN,TS_0,2040,1.0
RE1,CA_TERCLIM_FAN,TS_0,2041,1.0
RE1,CA_TERCLIM_FAN,TS_0,2042,1.0
RE1,CA_TERCLIM_FAN,TS_0,2043,1.0
RE1,CA_TERCLIM_FAN,TS_0,2044,1.0
RE1,CA_TERCLIM_FAN,TS_0,2045,1.0
RE1,CA_TERCLIM_FAN,TS_0,2046,1.0
RE1,CA_TERCLIM_FAN,TS_0,2047,1.0
RE1,CA_TERCLIM_FAN,TS_0,2048,1.0
RE1,CA_TERCLIM_FAN,TS_0,2049,1.0
RE1,CA_TERCLIM_FAN,TS_0,2050,1.0
RE1,CA_TERCLIM_FAN,TS_0,2051,1.0
RE1,CA_TERCLIM_FAN,TS_0,2052,1.0
RE1,CA_TERCLIM_FAN,TS_0,2053,1.0
RE1,CA_TERCLIM_FAN,TS_0,2054,1.0
RE1,CA_TERCLIM_SPL,TS_0,2022,1.0
RE1,CA_TERCLIM_SPL,TS_0,2023,1.0
RE1,CA_TERCLIM_SPL,TS_0,2024,1.0
RE1,CA_TERCLIM_SPL,TS_0,2025,1.0
RE1,CA_TERCLIM_SPL,TS_0,2026,1.0
RE1,CA_TERCLIM_SPL,TS_0,2027,1.0
RE1,CA_TERCLIM_SPL,TS_0,2028,1.0
RE1,CA_TERCLIM_SPL,TS_0,2029,1.0
RE1,CA_TERCLIM_SPL,TS_0,2030,1.0
RE1,CA_TERCLIM_SPL,TS_0,2031,1.0
RE1,CA_TERCLIM_SPL,TS_0,2032,1.0
RE1,CA_TERCLIM_SPL,TS_0,2033,1.0
RE1,CA_TERCLIM_SPL,TS_0,2034,1.0
RE1,CA_TERCLIM_SPL,TS_0,2035,1.0
RE1,CA_TERCLIM_SPL,TS_0,2036,1.0
RE1,CA_TERCLIM_SPL,TS_0,2037,1.0
RE1,CA_TERCLIM_SPL,TS_0,2038,1.0
RE1,CA_TERCLIM_SPL,TS_0,2039,1.0
RE1,CA_TERCLIM_SPL,TS_0,2040,1.0
RE1,CA_TERCLIM_SPL,TS_0,2041,1.0
RE1,CA_TERCLIM_SPL,TS_0,2042,1.0
RE1,CA_TERCLIM_SPL,TS_0,2043,1.0
RE1,CA_TERCLIM_SPL,TS_0,2044,1.0
RE1,CA_TERCLIM_SPL,TS_0,2045,1.0
RE1,CA_TERCLIM_SPL,TS_0,2046,1.0
RE1,CA_TERCLIM_SPL,TS_0,2047,1.0
RE1,CA_TERCLIM_SPL,TS_0,2048,1.0
RE1,CA_TERCLIM_SPL,TS_0,2049,1.0
RE1,CA_TERCLIM_SPL,TS_0,2050,1.0
RE1,CA_TERCLIM_SPL,TS_0,2051,1.0
RE1,CA_TERCLIM_SPL,TS_0,2052,1.0
RE1,CA_TERCLIM_SPL,TS_0,2053,1.0
RE1,CA_TERCLIM_SPL,TS_0,2054,1.0
RE1,CA_TERDATA,TS_0,2022,1.0
RE1,CA_TERDATA,TS_0,2023,1.0
RE1,CA_TERDATA,TS_0,2024,1.0
RE1,CA_TERDATA,TS_0,2025,1.0
RE1,CA_TERDATA,TS_0,2026,1.0
RE1,CA_TERDATA,TS_0,2027,1.0
RE1,CA_TERDATA,TS_0,2028,1.0
RE1,CA_TERDATA,TS_0,2029,1.0
RE1,CA_TERDATA,TS_0,2030,1.0
RE1,CA_TERDATA,TS_0,2031,1.0
RE1,CA_TERDATA,TS_0,2032,1.0
RE1,CA_TERDATA,TS_0,2033,1.0
RE1,CA_TERDATA,TS_0,2034,1.0
RE1,CA_TERDATA,TS_0,2035,1.0
RE1,CA_TERDATA,TS_0,2036,1.0
RE1,CA_TERDATA,TS_0,2037,1.0
RE1,CA_TERDATA,TS_0,2038,1.0
RE1,CA_TERDATA,TS_0,2039,1.0
RE1,CA_TERDATA,TS_0,2040,1.0
RE1,CA_TERDATA,TS_0,2041,1.0
RE1,CA_TERDATA,TS_0,2042,1.0
RE1,CA_TERDATA,TS_0,2043,1.0
RE1,CA_TERDATA,TS_0,2044,1.0
RE1,CA_TERDATA,TS_0,2045,1.0
RE1,CA_TERDATA,TS_0,2046,1.0
RE1,CA_TERDATA,TS_0,2047,1.0
RE1,CA_TERDATA,TS_0,2048,1.0
RE1,CA_TERDATA,TS_0,2049,1.0
RE1,CA_TERDATA,TS_0,2050,1.0
RE1,CA_TERDATA,TS_0,2051,1.0
RE1,CA_TERDATA,TS_0,2052,1.0
RE1,CA_TERDATA,TS_0,2053,1.0
RE1,CA_TERDATA,TS_0,2054,1.0
RE1,CA_TERDHT,TS_0,2022,1.0
RE1,CA_TERDHT,TS_0,2023,1.0
RE1,CA_TERDHT,TS_0,2024,1.0
RE1,CA_TERDHT,TS_0,2025,1.0
RE1,CA_TERDHT,TS_0,2026,1.0
RE1,CA_TERDHT,TS_0,2027,1.0
RE1,CA_TERDHT,TS_0,2028,1.0
RE1,CA_TERDHT,TS_0,2029,1.0
RE1,CA_TERDHT,TS_0,2030,1.0
RE1,CA_TERDHT,TS_0,2031,1.0
RE1,CA_TERDHT,TS_0,2032,1.0
RE1,CA_TERDHT,TS_0,2033,1.0
RE1,CA_TERDHT,TS_0,2034,1.0
RE1,CA_TERDHT,TS_0,2035,1.0
RE1,CA_TERDHT,TS_0,2036,1.0
RE1,CA_TERDHT,TS_0,2037,1.0
RE1,CA_TERDHT,TS_0,2038,1.0
RE1,CA_TERDHT,TS_0,2039,1.0
RE1,CA_TERDHT,TS_0,2040,1.0
RE1,CA_TERDHT,TS_0,2041,1.0
RE1,CA_TERDHT,TS_0,2042,1.0
RE1,CA_TERDHT,TS_0,2043,1.0
RE1,CA_TERDHT,TS_0,2044,1.0
RE1,CA_TERDHT,TS_0,2045,1.0
RE1,CA_TERDHT,TS_0,2046,1.0
RE1,CA_TERDHT,TS_0,2047,1.0
RE1,CA_TERDHT,TS_0,2048,1.0
RE1,CA_TERDHT,TS_0,2049,1.0
RE1,CA_TERDHT,TS_0,2050,1.0
RE1,CA_TERDHT,TS_0,2051,1.0
RE1,CA_TERDHT,TS_0,2052,1.0
RE1,CA_TERDHT,TS_0,2053,1.0
RE1,CA_TERDHT,TS_0,2054,1.0
RE1,CA_TERIHT,TS_0,2022,1.0
RE1,CA_TERIHT,TS_0,2023,1.0
RE1,CA_TERIHT,TS_0,2024,1.0
RE1,CA_TERIHT,TS_0,2025,1.0
RE1,CA_TERIHT,TS_0,2026,1.0
RE1,CA_TERIHT,TS_0,2027,1.0
RE1,CA_TERIHT,TS_0,2028,1.0
RE1,CA_TERIHT,TS_0,2029,1.0
RE1,CA_TERIHT,TS_0,2030,1.0
RE1,CA_TERIHT,TS_0,2031,1.0
RE1,CA_TERIHT,TS_0,2032,1.0
RE1,CA_TERIHT,TS_0,2033,1.0
RE1,CA_TERIHT,TS_0,2034,1.0
RE1,CA_TERIHT,TS_0,2035,1.0
RE1,CA_TERIHT,TS_0,2036,1.0
RE1,CA_TERIHT,TS_0,2037,1.0
RE1,CA_TERIHT,TS_0,2038,1.0
RE1,CA_TERIHT,TS_0,2039,1.0
RE1,CA_TERIHT,TS_0,2040,1.0
RE1,CA_TERIHT,TS_0,2041,1.0
RE1,CA_TERIHT,TS_0,2042,1.0
RE1,CA_TERIHT,TS_0,2043,1.0
RE1,CA_TERIHT,TS_0,2044,1.0
RE1,CA_TERIHT,TS_0,2045,1.0
RE1,CA_TERIHT,TS_0,2046,1.0
RE1,CA_TERIHT,TS_0,2047,1.0
RE1,CA_TERIHT,TS_0,2048,1.0
RE1,CA_TERIHT,TS_0,2049,1.0
RE1,CA_TERIHT,TS_0,2050,1.0
RE1,CA_TERIHT,TS_0,2051,1.0
RE1,CA_TERIHT,TS_0,2052,1.0
RE1,CA_TERIHT,TS_0,2053,1.0
RE1,CA_TERIHT,TS_0,2054,1.0
RE1,CA_TERILU,TS_0,2022,1.0
RE1,CA_TERILU,TS_0,2023,1.0
RE1,CA_TERILU,TS_0,2024,1.0
RE1,CA_TERILU,TS_0,2025,1.0
RE1,CA_TERILU,TS_0,2026,1.0
RE1,CA_TERILU,TS_0,2027,1.0
RE1,CA_TERILU,TS_0,2028,1.0
RE1,CA_TERILU,TS_0,2029,1.0
RE1,CA_TERILU,TS_0,2030,1.0
RE1,CA_TERILU,TS_0,2031,1.0
RE1,CA_TERILU,TS_0,2032,1.0
RE1,CA_TERILU,TS_0,2033,1.0
RE1,CA_TERILU,TS_0,2034,1.0
RE1,CA_TERILU,TS_0,2035,1.0
RE1,CA_TERILU,TS_0,2036,1.0
RE1,CA_TERILU,TS_0,2037,1.0
RE1,CA_TERILU,TS_0,2038,1.0
RE1,CA_TERILU,TS_0,2039,1.0
RE1,CA_TERILU,TS_0,2040,1.0
RE1,CA_TERILU,TS_0,2041,1.0
RE1,CA_TERILU,TS_0,2042,1.0
RE1,CA_TERILU,TS_0,2043,1.0
RE1,CA_TERILU,TS_0,2044,1.0
RE1,CA_TERILU,TS_0,2045,1.0
RE1,CA_TERILU,TS_0,2046,1.0
RE1,CA_TERILU,TS_0,2047,1.0
RE1,CA_TERILU,TS_0,2048,1.0
RE1,CA_TERILU,TS_0,2049,1.0
RE1,CA_TERILU,TS_0,2050,1.0
RE1,CA_TERILU,TS_0,2051,1.0
RE1,CA_TERILU,TS_0,2052,1.0
RE1,CA_TERILU,TS_0,2053,1.0
RE1,CA_TERILU,TS_0,2054,1.0
RE1,CA_TERMPW,TS_0,2022,1.0
RE1,CA_TERMPW,TS_0,2023,1.0
RE1,CA_TERMPW,TS_0,2024,1.0
RE1,CA_TERMPW,TS_0,2025,1.0
RE1,CA_TERMPW,TS_0,2026,1.0
RE1,CA_TERMPW,TS_0,2027,1.0
RE1,CA_TERMPW,TS_0,2028,1.0
RE1,CA_TERMPW,TS_0,2029,1.0
RE1,CA_TERMPW,TS_0,2030,1.0
RE1,CA_TERMPW,TS_0,2031,1.0
RE1,CA_TERMPW,TS_0,2032,1.0
RE1,CA_TERMPW,TS_0,2033,1.0
RE1,CA_TERMPW,TS_0,2034,1.0
RE1,CA_TERMPW,TS_0,2035,1.0
RE1,CA_TERMPW,TS_0,2036,1.0
RE1,CA_TERMPW,TS_0,2037,1.0
RE1,CA_TERMPW,TS_0,2038,1.0
RE1,CA_TERMPW,TS_0,2039,1.0
RE1,CA_TERMPW,TS_0,2040,1.0
RE1,CA_TERMPW,TS_0,2041,1.0
RE1,CA_TERMPW,TS_0,2042,1.0
RE1,CA_TERMPW,TS_0,2043,1.0
RE1,CA_TERMPW,TS_0,2044,1.0
RE1,CA_TERMPW,TS_0,2045,1.0
RE1,CA_TERMPW,TS_0,2046,1.0
RE1,CA_TERMPW,TS_0,2047,1.0
RE1,CA_TERMPW,TS_0,2048,1.0
RE1,CA_TERMPW,TS_0,2049,1.0
RE1,CA_TERMPW,TS_0,2050,1.0
RE1,CA_TERMPW,TS_0,2051,1.0
RE1,CA_TERMPW,TS_0,2052,1.0
RE1,CA_TERMPW,TS_0,2053,1.0
RE1,CA_TERMPW,TS_0,2054,1.0
RE1,CA_TEROTH,TS_0,2022,1.0
RE1,CA_TEROTH,TS_0,2023,1.0
RE1,CA_TEROTH,TS_0,2024,1.0
RE1,CA_TEROTH,TS_0,2025,1.0
RE1,CA_TEROTH,TS_0,2026,1.0
RE1,CA_TEROTH,TS_0,2027,1.0
RE1,CA_TEROTH,TS_0,2028,1.0
RE1,CA_TEROTH,TS_0,2029,1.0
RE1,CA_TEROTH,TS_0,2030,1.0
RE1,CA_TEROTH,TS_0,2031,1.0
RE1,CA_TEROTH,TS_0,2032,1.0
RE1,CA_TEROTH,TS_0,2033,1.0
RE1,CA_TEROTH,TS_0,2034,1.0
RE1,CA_TEROTH,TS_0,2035,1.0
RE1,CA_TEROTH,TS_0,2036,1.0
RE1,CA_TEROTH,TS_0,2037,1.0
RE1,CA_TEROTH,TS_0,2038,1.0
RE1,CA_TEROTH,TS_0,2039,1.0
RE1,CA_TEROTH,TS_0,2040,1.0
RE1,CA_TEROTH,TS_0,2041,1.0
RE1,CA_TEROTH,TS_0,2042,1.0
RE1,CA_TEROTH,TS_0,2043,1.0
RE1,CA_TEROTH,TS_0,2044,1.0
RE1,CA_TEROTH,TS_0,2045,1.0
RE1,CA_TEROTH,TS_0,2046,1.0
RE1,CA_TEROTH,TS_0,2047,1.0
RE1,CA_TEROTH,TS_0,2048,1.0
RE1,CA_TEROTH,TS_0,2049,1.0
RE1,CA_TEROTH,TS_0,2050,1.0
RE1,CA_TEROTH,TS_0,2051,1.0
RE1,CA_TEROTH,TS_0,2052,1.0
RE1,CA_TEROTH,TS_0,2053,1.0
RE1,CA_TEROTH,TS_0,2054,1.0
RE1,CA_TERREF_AUC,TS_0,2022,1.0
RE1,CA_TERREF_AUC,TS_0,2023,1.0
RE1,CA_TERREF_AUC,TS_0,2024,1.0
RE1,CA_TERREF_AUC,TS_0,2025,1.0
RE1,CA_TERREF_AUC,TS_0,2026,1.0
RE1,CA_TERREF_AUC,TS_0,2027,1.0
RE1,CA_TERREF_AUC,TS_0,2028,1.0
RE1,CA_TERREF_AUC,TS_0,2029,1.0
RE1,CA_TERREF_AUC,TS_0,2030,1.0
RE1,CA_TERREF_AUC,TS_0,2031,1.0
RE1,CA_TERREF_AUC,TS_0,2032,1.0
RE1,CA_TERREF_AUC,TS_0,2033,1.0
RE1,CA_TERREF_AUC,TS_0,2034,1.0
RE1,CA_TERREF_AUC,TS_0,2035,1.0
RE1,CA_TERREF_AUC,TS_0,2036,1.0
RE1,CA_TERREF_AUC,TS_0,2037,1.0
RE1,CA_TERREF_AUC,TS_0,2038,1.0
RE1,CA_TERREF_AUC,TS_0,2039,1.0
RE1,CA_TERREF_AUC,TS_0,2040,1.0
RE1,CA_TERREF_AUC,TS_0,2041,1.0
RE1,CA_TERREF_AUC,TS_0,2042,1.0
RE1,CA_TERREF_AUC,TS_0,2043,1.0
RE1,CA_TERREF_AUC,TS_0,2044,1.0
RE1,CA_TERREF_AUC,TS_0,2045,1.0
RE1,CA_TERREF_AUC,TS_0,2046,1.0
RE1,CA_TERREF_AUC,TS_0,2047,1.0
RE1,CA_TERREF_AUC,TS_0,2048,1.0
RE1,CA_TERREF_AUC,TS_0,2049,1.0
RE1,CA_TERREF_AUC,TS_0,2050,1.0
RE1,CA_TERREF_AUC,TS_0,2051,1.0
RE1,CA_TERREF_AUC,TS_0,2052,1.0
RE1,CA_TERREF_AUC,TS_0,2053,1.0
RE1,CA_TERREF_AUC,TS_0,2054,1.0
RE1,CA_TERREF_CEN,TS_0,2022,1.0
RE1,CA_TERREF_CEN,TS_0,2023,1.0
RE1,CA_TERREF_CEN,TS_0,2024,1.0
RE1,CA_TERREF_CEN,TS_0,2025,1.0
RE1,CA_TERREF_CEN,TS_0,2026,1.0
RE1,CA_TERREF_CEN,TS_0,2027,1.0
RE1,CA_TERREF_CEN,TS_0,2028,1.0
RE1,CA_TERREF_CEN,TS_0,2029,1.0
RE1,CA_TERREF_CEN,TS_0,2030,1.0
RE1,CA_TERREF_CEN,TS_0,2031,1.0
RE1,CA_TERREF_CEN,TS_0,2032,1.0
RE1,CA_TERREF_CEN,TS_0,2033,1.0
RE1,CA_TERREF_CEN,TS_0,2034,1.0
RE1,CA_TERREF_CEN,TS_0,2035,1.0
RE1,CA_TERREF_CEN,TS_0,2036,1.0
RE1,CA_TERREF_CEN,TS_0,2037,1.0
RE1,CA_TERREF_CEN,TS_0,2038,1.0
RE1,CA_TERREF_CEN,TS_0,2039,1.0
RE1,CA_TERREF_CEN,TS_0,2040,1.0
RE1,CA_TERREF_CEN,TS_0,2041,1.0
RE1,CA_TERREF_CEN,TS_0,2042,1.0
RE1,CA_TERREF_CEN,TS_0,2043,1.0
RE1,CA_TERREF_CEN,TS_0,2044,1.0
RE1,CA_TERREF_CEN,TS_0,2045,1.0
RE1,CA_TERREF_CEN,TS_0,2046,1.0
RE1,CA_TERREF_CEN,TS_0,2047,1.0
RE1,CA_TERREF_CEN,TS_0,2048,1.0
RE1,CA_TERREF_CEN,TS_0,2049,1.0
RE1,CA_TERREF_CEN,TS_0,2050,1.0
RE1,CA_TERREF_CEN,TS_0,2051,1.0
RE1,CA_TERREF_CEN,TS_0,2052,1.0
RE1,CA_TERREF_CEN,TS_0,2053,1.0
RE1,CA_TERREF_CEN,TS_0,2054,1.0
RE1,IN_AGFELC,TS_0,2022,1.0
RE1,IN_AGFELC,TS_0,2023,1.0
RE1,IN_AGFELC,TS_0,2024,1.0
RE1,IN_AGFELC,TS_0,2025,1.0
RE1,IN_AGFELC,TS_0,2026,1.0
RE1,IN_AGFELC,TS_0,2027,1.0
RE1,IN_AGFELC,TS_0,2028,1.0
RE1,IN_AGFELC,TS_0,2029,1.0
RE1,IN_AGFELC,TS_0,2030,1.0
RE1,IN_AGFELC,TS_0,2031,1.0
RE1,IN_AGFELC,TS_0,2032,1.0
RE1,IN_AGFELC,TS_0,2033,1.0
RE1,IN_AGFELC,TS_0,2034,1.0
RE1,IN_AGFELC,TS_0,2035,1.0
RE1,IN_AGFELC,TS_0,2036,1.0
RE1,IN_AGFELC,TS_0,2037,1.0
RE1,IN_AGFELC,TS_0,2038,1.0
RE1,IN_AGFELC,TS_0,2039,1.0
RE1,IN_AGFELC,TS_0,2040,1.0
RE1,IN_AGFELC,TS_0,2041,1.0
RE1,IN_AGFELC,TS_0,2042,1.0
RE1,IN_AGFELC,TS_0,2043,1.0
RE1,IN_AGFELC,TS_0,2044,1.0
RE1,IN_AGFELC,TS_0,2045,1.0
RE1,IN_AGFELC,TS_0,2046,1.0
RE1,IN_AGFELC,TS_0,2047,1.0
RE1,IN_AGFELC,TS_0,2048,1.0
RE1,IN_AGFELC,TS_0,2049,1.0
RE1,IN_AGFELC,TS_0,2050,1.0
RE1,IN_AGFELC,TS_0,2051,1.0
RE1,IN_AGFELC,TS_0,2052,1.0
RE1,IN_AGFELC,TS_0,2053,1.0
RE1,IN_AGFELC,TS_0,2054,1.0
RE1,IN_RESCLIM,TS_0,2022,1.0
RE1,IN_RESCLIM,TS_0,2023,1.0
RE1,IN_RESCLIM,TS_0,2024,1.0
RE1,IN_RESCLIM,TS_0,2025,1.0
RE1,IN_RESCLIM,TS_0,2026,1.0
RE1,IN_RESCLIM,TS_0,2027,1.0
RE1,IN_RESCLIM,TS_0,2028,1.0
RE1,IN_RESCLIM,TS_0,2029,1.0
RE1,IN_RESCLIM,TS_0,2030,1.0
RE1,IN_RESCLIM,TS_0,2031,1.0
RE1,IN_RESCLIM,TS_0,2032,1.0
RE1,IN_RESCLIM,TS_0,2033,1.0
RE1,IN_RESCLIM,TS_0,2034,1.0
RE1,IN_RESCLIM,TS_0,2035,1.0
RE1,IN_RESCLIM,TS_0,2036,1.0
RE1,IN_RESCLIM,TS_0,2037,1.0
RE1,IN_RESCLIM,TS_0,2038,1.0
RE1,IN_RESCLIM,TS_0,2039,1.0
RE1,IN_RESCLIM,TS_0,2040,1.0
RE1,IN_RESCLIM,TS_0,2041,1.0
RE1,IN_RESCLIM,TS_0,2042,1.0
RE1,IN_RESCLIM,TS_0,2043,1.0
RE1,IN_RESCLIM,TS_0,2044,1.0
RE1,IN_RESCLIM,TS_0,2045,1.0
RE1,IN_RESCLIM,TS_0,2046,1.0
RE1,IN_RESCLIM,TS_0,2047,1.0
RE1,IN_RESCLIM,TS_0,2048,1.0
RE1,IN_RESCLIM,TS_0,2049,1.0
RE1,IN_RESCLIM,TS_0,2050,1.0
RE1,IN_RESCLIM,TS_0,2051,1.0
RE1,IN_RESCLIM,TS_0,2052,1.0
RE1,IN_RESCLIM,TS_0,2053,1.0
RE1,IN_RESCLIM,TS_0,2054,1.0
RE1,IN_RESDHT,TS_0,2022,1.0
RE1,IN_RESDHT,TS_0,2023,1.0
RE1,IN_RESDHT,TS_0,2024,1.0
RE1,IN_RESDHT,TS_0,2025,1.0
RE1,IN_RESDHT,TS_0,2026,1.0
RE1,IN_RESDHT,TS_0,2027,1.0
RE1,IN_RESDHT,TS_0,2028,1.0
RE1,IN_RESDHT,TS_0,2029,1.0
RE1,IN_RESDHT,TS_0,2030,1.0
RE1,IN_RESDHT,TS_0,2031,1.0
RE1,IN_RESDHT,TS_0,2032,1.0
RE1,IN_RESDHT,TS_0,2033,1.0
RE1,IN_RESDHT,TS_0,2034,1.0
RE1,IN_RESDHT,TS_0,2035,1.0
RE1,IN_RESDHT,TS_0,2036,1.0
RE1,IN_RESDHT,TS_0,2037,1.0
RE1,IN_RESDHT,TS_0,2038,1.0
RE1,IN_RESDHT,TS_0,2039,1.0
RE1,IN_RESDHT,TS_0,2040,1.0
RE1,IN_RESDHT,TS_0,2041,1.0
RE1,IN_RESDHT,TS_0,2042,1.0
RE1,IN_RESDHT,TS_0,2043,1.0
RE1,IN_RESDHT,TS_0,2044,1.0
RE1,IN_RESDHT,TS_0,2045,1.0
RE1,IN_RESDHT,TS_0,2046,1.0
RE1,IN_RESDHT,TS_0,2047,1.0
RE1,IN_RESDHT,TS_0,2048,1.0
RE1,IN_RESDHT,TS_0,2049,1.0
RE1,IN_RESDHT,TS_0,2050,1.0
RE1,IN_RESDHT,TS_0,2051,1.0
RE1,IN_RESDHT,TS_0,2052,1.0
RE1,IN_RESDHT,TS_0,2053,1.0
RE1,IN_RESDHT,TS_0,2054,1.0
RE1,IN_RESOTH,TS_0,2022,1.0
RE1,IN_RESOTH,TS_0,2023,1.0
RE1,IN_RESOTH,TS_0,2024,1.0
RE1,IN_RESOTH,TS_0,2025,1.0
RE1,IN_RESOTH,TS_0,2026,1.0
RE1,IN_RESOTH,TS_0,2027,1.0
RE1,IN_RESOTH,TS_0,2028,1.0
RE1,IN_RESOTH,TS_0,2029,1.0
RE1,IN_RESOTH,TS_0,2030,1.0
RE1,IN_RESOTH,TS_0,2031,1.0
RE1,IN_RESOTH,TS_0,2032,1.0
RE1,IN_RESOTH,TS_0,2033,1.0
RE1,IN_RESOTH,TS_0,2034,1.0
RE1,IN_RESOTH,TS_0,2035,1.0
RE1,IN_RESOTH,TS_0,2036,1.0
RE1,IN_RESOTH,TS_0,2037,1.0
RE1,IN_RESOTH,TS_0,2038,1.0
RE1,IN_RESOTH,TS_0,2039,1.0
RE1,IN_RESOTH,TS_0,2040,1.0
RE1,IN_RESOTH,TS_0,2041,1.0
RE1,IN_RESOTH,TS_0,2042,1.0
RE1,IN_RESOTH,TS_0,2043,1.0
RE1,IN_RESOTH,TS_0,2044,1.0
RE1,IN_RESOTH,TS_0,2045,1.0
RE1,IN_RESOTH,TS_0,2046,1.0
RE1,IN_RESOTH,TS_0,2047,1.0
RE1,IN_RESOTH,TS_0,2048,1.0
RE1,IN_RESOTH,TS_0,2049,1.0
RE1,IN_RESOTH,TS_0,2050,1.0
RE1,IN_RESOTH,TS_0,2051,1.0
RE1,IN_RESOTH,TS_0,2052,1.0
RE1,IN_RESOTH,TS_0,2053,1.0
RE1,IN_RESOTH,TS_0,2054,1.0
RE1,IN_RESREF,TS_0,2022,1.0
RE1,IN_RESREF,TS_0,2023,1.0
RE1,IN_RESREF,TS_0,2024,1.0
RE1,IN_RESREF,TS_0,2025,1.0
RE1,IN_RESREF,TS_0,2026,1.0
RE1,IN_RESREF,TS_0,2027,1.0
RE1,IN_RESREF,TS_0,2028,1.0
RE1,IN_RESREF,TS_0,2029,1.0
RE1,IN_RESREF,TS_0,2030,1.0
RE1,IN_RESREF,TS_0,2031,1.0
RE1,IN_RESREF,TS_0,2032,1.0
RE1,IN_RESREF,TS_0,2033,1.0
RE1,IN_RESREF,TS_0,2034,1.0
RE1,IN_RESREF,TS_0,2035,1.0
RE1,IN_RESREF,TS_0,2036,1.0
RE1,IN_RESREF,TS_0,2037,1.0
RE1,IN_RESREF,TS_0,2038,1.0
RE1,IN_RESREF,TS_0,2039,1.0
RE1,IN_RESREF,TS_0,2040,1.0
RE1,IN_RESREF,TS_0,2041,1.0
RE1,IN_RESREF,TS_0,2042,1.0
RE1,IN_RESREF,TS_0,2043,1.0
RE1,IN_RESREF,TS_0,2044,1.0
RE1,IN_RESREF,TS_0,2045,1.0
RE1,IN_RESREF,TS_0,2046,1.0
RE1,IN_RESREF,TS_0,2047,1.0
RE1,IN_RESREF,TS_0,2048,1.0
RE1,IN_RESREF,TS_0,2049,1.0
RE1,IN_RESREF,TS_0,2050,1.0
RE1,IN_RESREF,TS_0,2051,1.0
RE1,IN_RESREF,TS_0,2052,1.0
RE1,IN_RESREF,TS_0,2053,1.0
RE1,IN_RESREF,TS_0,2054,1.0
RE1,IN_TERCLIM_CEN,TS_0,2022,1.0
RE1,IN_TERCLIM_CEN,TS_0,2023,1.0
RE1,IN_TERCLIM_CEN,TS_0,2024,1.0
RE1,IN_TERCLIM_CEN,TS_0,2025,1.0
RE1,IN_TERCLIM_CEN,TS_0,2026,1.0
RE1,IN_TERCLIM_CEN,TS_0,2027,1.0
RE1,IN_TERCLIM_CEN,TS_0,2028,1.0
RE1,IN_TERCLIM_CEN,TS_0,2029,1.0
RE1,IN_TERCLIM_CEN,TS_0,2030,1.0
RE1,IN_TERCLIM_CEN,TS_0,2031,1.0
RE1,IN_TERCLIM_CEN,TS_0,2032,1.0
RE1,IN_TERCLIM_CEN,TS_0,2033,1.0
RE1,IN_TERCLIM_CEN,TS_0,2034,1.0
RE1,IN_TERCLIM_CEN,TS_0,2035,1.0
RE1,IN_TERCLIM_CEN,TS_0,2036,1.0
RE1,IN_TERCLIM_CEN,TS_0,2037,1.0
RE1,IN_TERCLIM_CEN,TS_0,2038,1.0
RE1,IN_TERCLIM_CEN,TS_0,2039,1.0
RE1,IN_TERCLIM_CEN,TS_0,2040,1.0
RE1,IN_TERCLIM_CEN,TS_0,2041,1.0
RE1,IN_TERCLIM_CEN,TS_0,2042,1.0
RE1,IN_TERCLIM_CEN,TS_0,2043,1.0
RE1,IN_TERCLIM_CEN,TS_0,2044,1.0
RE1,IN_TERCLIM_CEN,TS_0,2045,1.0
RE1,IN_TERCLIM_CEN,TS_0,2046,1.0
RE1,IN_TERCLIM_CEN,TS_0,2047,1.0
RE1,IN_TERCLIM_CEN,TS_0,2048,1.0
RE1,IN_TERCLIM_CEN,TS_0,2049,1.0
RE1,IN_TERCLIM_CEN,TS_0,2050,1.0
RE1,IN_TERCLIM_CEN,TS_0,2051,1.0
RE1,IN_TERCLIM_CEN,TS_0,2052,1.0
RE1,IN_TERCLIM_CEN,TS_0,2053,1.0
RE1,IN_TERCLIM_CEN,TS_0,2054,1.0
RE1,IN_TERCLIM_FAN,TS_0,2022,1.0
RE1,IN_TERCLIM_FAN,TS_0,2023,1.0
RE1,IN_TERCLIM_FAN,TS_0,2024,1.0
RE1,IN_TERCLIM_FAN,TS_0,2025,1.0
RE1,IN_TERCLIM_FAN,TS_0,2026,1.0
RE1,IN_TERCLIM_FAN,TS_0,2027,1.0
RE1,IN_TERCLIM_FAN,TS_0,2028,1.0
RE1,IN_TERCLIM_FAN,TS_0,2029,1.0
RE1,IN_TERCLIM_FAN,TS_0,2030,1.0
RE1,IN_TERCLIM_FAN,TS_0,2031,1.0
RE1,IN_TERCLIM_FAN,TS_0,2032,1.0
RE1,IN_TERCLIM_FAN,TS_0,2033,1.0
RE1,IN_TERCLIM_FAN,TS_0,2034,1.0
RE1,IN_TERCLIM_FAN,TS_0,2035,1.0
RE1,IN_TERCLIM_FAN,TS_0,2036,1.0
RE1,IN_TERCLIM_FAN,TS_0,2037,1.0
RE1,IN_TERCLIM_FAN,TS_0,2038,1.0
RE1,IN_TERCLIM_FAN,TS_0,2039,1.0
RE1,IN_TERCLIM_FAN,TS_0,2040,1.0
RE1,IN_TERCLIM_FAN,TS_0,2041,1.0
RE1,IN_TERCLIM_FAN,TS_0,2042,1.0
RE1,IN_TERCLIM_FAN,TS_0,2043,1.0
RE1,IN_TERCLIM_FAN,TS_0,2044,1.0
RE1,IN_TERCLIM_FAN,TS_0,2045,1.0
RE1,IN_TERCLIM_FAN,TS_0,2046,1.0
RE1,IN_TERCLIM_FAN,TS_0,2047,1.0
RE1,IN_TERCLIM_FAN,TS_0,2048,1.0
RE1,IN_TERCLIM_FAN,TS_0,2049,1.0
RE1,IN_TERCLIM_FAN,TS_0,2050,1.0
RE1,IN_TERCLIM_FAN,TS_0,2051,1.0
RE1,IN_TERCLIM_FAN,TS_0,2052,1.0
RE1,IN_TERCLIM_FAN,TS_0,2053,1.0
RE1,IN_TERCLIM_FAN,TS_0,2054,1.0
RE1,IN_TERCLIM_SPL,TS_0,2022,1.0
RE1,IN_TERCLIM_SPL,TS_0,2023,1.0
RE1,IN_TERCLIM_SPL,TS_0,2024,1.0
RE1,IN_TERCLIM_SPL,TS_0,2025,1.0
RE1,IN_TERCLIM_SPL,TS_0,2026,1.0
RE1,IN_TERCLIM_SPL,TS_0,2027,1.0
RE1,IN_TERCLIM_SPL,TS_0,2028,1.0
RE1,IN_TERCLIM_SPL,TS_0,2029,1.0
RE1,IN_TERCLIM_SPL,TS_0,2030,1.0
RE1,IN_TERCLIM_SPL,TS_0,2031,1.0
RE1,IN_TERCLIM_SPL,TS_0,2032,1.0
RE1,IN_TERCLIM_SPL,TS_0,2033,1.0
RE1,IN_TERCLIM_SPL,TS_0,2034,1.0
RE1,IN_TERCLIM_SPL,TS_0,2035,1.0
RE1,IN_TERCLIM_SPL,TS_0,2036,1.0
RE1,IN_TERCLIM_SPL,TS_0,2037,1.0
RE1,IN_TERCLIM_SPL,TS_0,2038,1.0
RE1,IN_TERCLIM_SPL,TS_0,2039,1.0
RE1,IN_TERCLIM_SPL,TS_0,2040,1.0
RE1,IN_TERCLIM_SPL,TS_0,2041,1.0
RE1,IN_TERCLIM_SPL,TS_0,2042,1.0
RE1,IN_TERCLIM_SPL,TS_0,2043,1.0
RE1,IN_TERCLIM_SPL,TS_0,2044,1.0
RE1,IN_TERCLIM_SPL,TS_0,2045,1.0
RE1,IN_TERCLIM_SPL,TS_0,2046,1.0
RE1,IN_TERCLIM_SPL,TS_0,2047,1.0
RE1,IN_TERCLIM_SPL,TS_0,2048,1.0
RE1,IN_TERCLIM_SPL,TS_0,2049,1.0
RE1,IN_TERCLIM_SPL,TS_0,2050,1.0
RE1,IN_TERCLIM_SPL,TS_0,2051,1.0
RE1,IN_TERCLIM_SPL,TS_0,2052,1.0
RE1,IN_TERCLIM_SPL,TS_0,2053,1.0
RE1,IN_TERCLIM_SPL,TS_0,2054,1.0
RE1,IN_TERDHT,TS_0,2022,1.0
RE1,IN_TERDHT,TS_0,2023,1.0
RE1,IN_TERDHT,TS_0,2024,1.0
RE1,IN_TERDHT,TS_0,2025,1.0
RE1,IN_TERDHT,TS_0,2026,1.0
RE1,IN_TERDHT,TS_0,2027,1.0
RE1,IN_TERDHT,TS_0,2028,1.0
RE1,IN_TERDHT,TS_0,2029,1.0
RE1,IN_TERDHT,TS_0,2030,1.0
RE1,IN_TERDHT,TS_0,2031,1.0
RE1,IN_TERDHT,TS_0,2032,1.0
RE1,IN_TERDHT,TS_0,2033,1.0
RE1,IN_TERDHT,TS_0,2034,1.0
RE1,IN_TERDHT,TS_0,2035,1.0
RE1,IN_TERDHT,TS_0,2036,1.0
RE1,IN_TERDHT,TS_0,2037,1.0
RE1,IN_TERDHT,TS_0,2038,1.0
RE1,IN_TERDHT,TS_0,2039,1.0
RE1,IN_TERDHT,TS_0,2040,1.0
RE1,IN_TERDHT,TS_0,2041,1.0
RE1,IN_TERDHT,TS_0,2042,1.0
RE1,IN_TERDHT,TS_0,2043,1.0
RE1,IN_TERDHT,TS_0,2044,1.0
RE1,IN_TERDHT,TS_0,2045,1.0
RE1,IN_TERDHT,TS_0,2046,1.0
RE1,IN_TERDHT,TS_0,2047,1.0
RE1,IN_TERDHT,TS_0,2048,1.0
RE1,IN_TERDHT,TS_0,2049,1.0
RE1,IN_TERDHT,TS_0,2050,1.0
RE1,IN_TERDHT,TS_0,2051,1.0
RE1,IN_TERDHT,TS_0,2052,1.0
RE1,IN_TERDHT,TS_0,2053,1.0
RE1,IN_TERDHT,TS_0,2054,1.0
RE1,IN_TEROTH,TS_0,2022,1.0
RE1,IN_TEROTH,TS_0,2023,1.0
RE1,IN_TEROTH,TS_0,2024,1.0
RE1,IN_TEROTH,TS_0,2025,1.0
RE1,IN_TEROTH,TS_0,2026,1.0
RE1,IN_TEROTH,TS_0,2027,1.0
RE1,IN_TEROTH,TS_0,2028,1.0
RE1,IN_TEROTH,TS_0,2029,1.0
RE1,IN_TEROTH,TS_0,2030,1.0
RE1,IN_TEROTH,TS_0,2031,1.0
RE1,IN_TEROTH,TS_0,2032,1.0
RE1,IN_TEROTH,TS_0,2033,1.0
RE1,IN_TEROTH,TS_0,2034,1.0
RE1,IN_TEROTH,TS_0,2035,1.0
RE1,IN_TEROTH,TS_0,2036,1.0
RE1,IN_TEROTH,TS_0,2037,1.0
RE1,IN_TEROTH,TS_0,2038,1.0
RE1,IN_TEROTH,TS_0,2039,1.0
RE1,IN_TEROTH,TS_0,2040,1.0
RE1,IN_TEROTH,TS_0,2041,1.0
RE1,IN_TEROTH,TS_0,2042,1.0
RE1,IN_TEROTH,TS_0,2043,1.0
RE1,IN_TEROTH,TS_0,2044,1.0
RE1,IN_TEROTH,TS_0,2045,1.0
RE1,IN_TEROTH,TS_0,2046,1.0
RE1,IN_TEROTH,TS_0,2047,1.0
RE1,IN_TEROTH,TS_0,2048,1.0
RE1,IN_TEROTH,TS_0,2049,1.0
RE1,IN_TEROTH,TS_0,2050,1.0
RE1,IN_TEROTH,TS_0,2051,1.0
RE1,IN_TEROTH,TS_0,2052,1.0
RE1,IN_TEROTH,TS_0,2053,1.0
RE1,IN_TEROTH,TS_0,2054,1.0
RE1,IN_TERREF_AUC,TS_0,2022,1.0
RE1,IN_TERREF_AUC,TS_0,2023,1.0
RE1,IN_TERREF_AUC,TS_0,2024,1.0
RE1,IN_TERREF_AUC,TS_0,2025,1.0
RE1,IN_TERREF_AUC,TS_0,2026,1.0
RE1,IN_TERREF_AUC,TS_0,2027,1.0
RE1,IN_TERREF_AUC,TS_0,2028,1.0
RE1,IN_TERREF_AUC,TS_0,2029,1.0
RE1,IN_TERREF_AUC,TS_0,2030,1.0
RE1,IN_TERREF_AUC,TS_0,2031,1.0
RE1,IN_TERREF_AUC,TS_0,2032,1.0
RE1,IN_TERREF_AUC,TS_0,2033,1.0
RE1,IN_TERREF_AUC,TS_0,2034,1.0
RE1,IN_TERREF_AUC,TS_0,2035,1.0
RE1,IN_TERREF_AUC,TS_0,2036,1.0
RE1,IN_TERREF_AUC,TS_0,2037,1.0
RE1,IN_TERREF_AUC,TS_0,2038,1.0
RE1,IN_TERREF_AUC,TS_0,2039,1.0
RE1,IN_TERREF_AUC,TS_0,2040,1.0
RE1,IN_TERREF_AUC,TS_0,2041,1.0
RE1,IN_TERREF_AUC,TS_0,2042,1.0
RE1,IN_TERREF_AUC,TS_0,2043,1.0
RE1,IN_TERREF_AUC,TS_0,2044,1.0
RE1,IN_TERREF_AUC,TS_0,2045,1.0
RE1,IN_TERREF_AUC,TS_0,2046,1.0
RE1,IN_TERREF_AUC,TS_0,2047,1.0
RE1,IN_TERREF_AUC,TS_0,2048,1.0
RE1,IN_TERREF_AUC,TS_0,2049,1.0
RE1,IN_TERREF_AUC,TS_0,2050,1.0
RE1,IN_TERREF_AUC,TS_0,2051,1.0
RE1,IN_TERREF_AUC,TS_0,2052,1.0
RE1,IN_TERREF_AUC,TS_0,2053,1.0
RE1,IN_TERREF_AUC,TS_0,2054,1.0
RE1,IN_TERREF_CEN,TS_0,2022,1.0
RE1,IN_TERREF_CEN,TS_0,2023,1.0
RE1,IN_TERREF_CEN,TS_0,2024,1.0
RE1,IN_TERREF_CEN,TS_0,2025,1.0
RE1,IN_TERREF_CEN,TS_0,2026,1.0
RE1,IN_TERREF_CEN,TS_0,2027,1.0
RE1,IN_TERREF_CEN,TS_0,2028,1.0
RE1,IN_TERREF_CEN,TS_0,2029,1.0
RE1,IN_TERREF_CEN,TS_0,2030,1.0
RE1,IN_TERREF_CEN,TS_0,2031,1.0
RE1,IN_TERREF_CEN,TS_0,2032,1.0
RE1,IN_TERREF_CEN,TS_0,2033,1.0
RE1,IN_TERREF_CEN,TS_0,2034,1.0
RE1,IN_TERREF_CEN,TS_0,2035,1.0
RE1,IN_TERREF_CEN,TS_0,2036,1.0
RE1,IN_TERREF_CEN,TS_0,2037,1.0
RE1,IN_TERREF_CEN,TS_0,2038,1.0
RE1,IN_TERREF_CEN,TS_0,2039,1.0
RE1,IN_TERREF_CEN,TS_0,2040,1.0
RE1,IN_TERREF_CEN,TS_0,2041,1.0
RE1,IN_TERREF_CEN,TS_0,2042,1.0
RE1,IN_TERREF_CEN,TS_0,2043,1.0
RE1,IN_TERREF_CEN,TS_0,2044,1.0
RE1,IN_TERREF_CEN,TS_0,2045,1.0
RE1,IN_TERREF_CEN,TS_0,2046,1.0
RE1,IN_TERREF_CEN,TS_0,2047,1.0
RE1,IN_TERREF_CEN,TS_0,2048,1.0
RE1,IN_TERREF_CEN,TS_0,2049,1.0
RE1,IN_TERREF_CEN,TS_0,2050,1.0
RE1,IN_TERREF_CEN,TS_0,2051,1.0
RE1,IN_TERREF_CEN,TS_0,2052,1.0
RE1,IN_TERREF_CEN,TS_0,2053,1.0
RE1,IN_TERREF_CEN,TS_0,2054,1.0
RE1,NE_AGFELC,TS_0,2022,1.0
RE1,NE_AGFELC,TS_0,2023,1.0
RE1,NE_AGFELC,TS_0,2024,1.0
RE1,NE_AGFELC,TS_0,2025,1.0
RE1,NE_AGFELC,TS_0,2026,1.0
RE1,NE_AGFELC,TS_0,2027,1.0
RE1,NE_AGFELC,TS_0,2028,1.0
RE1,NE_AGFELC,TS_0,2029,1.0
RE1,NE_AGFELC,TS_0,2030,1.0
RE1,NE_AGFELC,TS_0,2031,1.0
RE1,NE_AGFELC,TS_0,2032,1.0
RE1,NE_AGFELC,TS_0,2033,1.0
RE1,NE_AGFELC,TS_0,2034,1.0
RE1,NE_AGFELC,TS_0,2035,1.0
RE1,NE_AGFELC,TS_0,2036,1.0
RE1,NE_AGFELC,TS_0,2037,1.0
RE1,NE_AGFELC,TS_0,2038,1.0
RE1,NE_AGFELC,TS_0,2039,1.0
RE1,NE_AGFELC,TS_0,2040,1.0
RE1,NE_AGFELC,TS_0,2041,1.0
RE1,NE_AGFELC,TS_0,2042,1.0
RE1,NE_AGFELC,TS_0,2043,1.0
RE1,NE_AGFELC,TS_0,2044,1.0
RE1,NE_AGFELC,TS_0,2045,1.0
RE1,NE_AGFELC,TS_0,2046,1.0
RE1,NE_AGFELC,TS_0,2047,1.0
RE1,NE_AGFELC,TS_0,2048,1.0
RE1,NE_AGFELC,TS_0,2049,1.0
RE1,NE_AGFELC,TS_0,2050,1.0
RE1,NE_AGFELC,TS_0,2051,1.0
RE1,NE_AGFELC,TS_0,2052,1.0
RE1,NE_AGFELC,TS_0,2053,1.0
RE1,NE_AGFELC,TS_0,2054,1.0
RE1,NE_INDCLIM,TS_0,2022,1.0
RE1,NE_INDCLIM,TS_0,2023,1.0
RE1,NE_INDCLIM,TS_0,2024,1.0
RE1,NE_INDCLIM,TS_0,2025,1.0
RE1,NE_INDCLIM,TS_0,2026,1.0
RE1,NE_INDCLIM,TS_0,2027,1.0
RE1,NE_INDCLIM,TS_0,2028,1.0
RE1,NE_INDCLIM,TS_0,2029,1.0
RE1,NE_INDCLIM,TS_0,2030,1.0
RE1,NE_INDCLIM,TS_0,2031,1.0
RE1,NE_INDCLIM,TS_0,2032,1.0
RE1,NE_INDCLIM,TS_0,2033,1.0
RE1,NE_INDCLIM,TS_0,2034,1.0
RE1,NE_INDCLIM,TS_0,2035,1.0
RE1,NE_INDCLIM,TS_0,2036,1.0
RE1,NE_INDCLIM,TS_0,2037,1.0
RE1,NE_INDCLIM,TS_0,2038,1.0
RE1,NE_INDCLIM,TS_0,2039,1.0
RE1,NE_INDCLIM,TS_0,2040,1.0
RE1,NE_INDCLIM,TS_0,2041,1.0
RE1,NE_INDCLIM,TS_0,2042,1.0
RE1,NE_INDCLIM,TS_0,2043,1.0
RE1,NE_INDCLIM,TS_0,2044,1.0
RE1,NE_INDCLIM,TS_0,2045,1.0
RE1,NE_INDCLIM,TS_0,2046,1.0
RE1,NE_INDCLIM,TS_0,2047,1.0
RE1,NE_INDCLIM,TS_0,2048,1.0
RE1,NE_INDCLIM,TS_0,2049,1.0
RE1,NE_INDCLIM,TS_0,2050,1.0
RE1,NE_INDCLIM,TS_0,2051,1.0
RE1,NE_INDCLIM,TS_0,2052,1.0
RE1,NE_INDCLIM,TS_0,2053,1.0
RE1,NE_INDCLIM,TS_0,2054,1.0
RE1,NE_INDDHT,TS_0,2022,1.0
RE1,NE_INDDHT,TS_0,2023,1.0
RE1,NE_INDDHT,TS_0,2024,1.0
RE1,NE_INDDHT,TS_0,2025,1.0
RE1,NE_INDDHT,TS_0,2026,1.0
RE1,NE_INDDHT,TS_0,2027,1.0
RE1,NE_INDDHT,TS_0,2028,1.0
RE1,NE_INDDHT,TS_0,2029,1.0
RE1,NE_INDDHT,TS_0,2030,1.0
RE1,NE_INDDHT,TS_0,2031,1.0
RE1,NE_INDDHT,TS_0,2032,1.0
RE1,NE_INDDHT,TS_0,2033,1.0
RE1,NE_INDDHT,TS_0,2034,1.0
RE1,NE_INDDHT,TS_0,2035,1.0
RE1,NE_INDDHT,TS_0,2036,1.0
RE1,NE_INDDHT,TS_0,2037,1.0
RE1,NE_INDDHT,TS_0,2038,1.0
RE1,NE_INDDHT,TS_0,2039,1.0
RE1,NE_INDDHT,TS_0,2040,1.0
RE1,NE_INDDHT,TS_0,2041,1.0
RE1,NE_INDDHT,TS_0,2042,1.0
RE1,NE_INDDHT,TS_0,2043,1.0
RE1,NE_INDDHT,TS_0,2044,1.0
RE1,NE_INDDHT,TS_0,2045,1.0
RE1,NE_INDDHT,TS_0,2046,1.0
RE1,NE_INDDHT,TS_0,2047,1.0
RE1,NE_INDDHT,TS_0,2048,1.0
RE1,NE_INDDHT,TS_0,2049,1.0
RE1,NE_INDDHT,TS_0,2050,1.0
RE1,NE_INDDHT,TS_0,2051,1.0
RE1,NE_INDDHT,TS_0,2052,1.0
RE1,NE_INDDHT,TS_0,2053,1.0
RE1,NE_INDDHT,TS_0,2054,1.0
RE1,NE_INDIHT,TS_0,2022,1.0
RE1,NE_INDIHT,TS_0,2023,1.0
RE1,NE_INDIHT,TS_0,2024,1.0
RE1,NE_INDIHT,TS_0,2025,1.0
RE1,NE_INDIHT,TS_0,2026,1.0
RE1,NE_INDIHT,TS_0,2027,1.0
RE1,NE_INDIHT,TS_0,2028,1.0
RE1,NE_INDIHT,TS_0,2029,1.0
RE1,NE_INDIHT,TS_0,2030,1.0
RE1,NE_INDIHT,TS_0,2031,1.0
RE1,NE_INDIHT,TS_0,2032,1.0
RE1,NE_INDIHT,TS_0,2033,1.0
RE1,NE_INDIHT,TS_0,2034,1.0
RE1,NE_INDIHT,TS_0,2035,1.0
RE1,NE_INDIHT,TS_0,2036,1.0
RE1,NE_INDIHT,TS_0,2037,1.0
RE1,NE_INDIHT,TS_0,2038,1.0
RE1,NE_INDIHT,TS_0,2039,1.0
RE1,NE_INDIHT,TS_0,2040,1.0
RE1,NE_INDIHT,TS_0,2041,1.0
RE1,NE_INDIHT,TS_0,2042,1.0
RE1,NE_INDIHT,TS_0,2043,1.0
RE1,NE_INDIHT,TS_0,2044,1.0
RE1,NE_INDIHT,TS_0,2045,1.0
RE1,NE_INDIHT,TS_0,2046,1.0
RE1,NE_INDIHT,TS_0,2047,1.0
RE1,NE_INDIHT,TS_0,2048,1.0
RE1,NE_INDIHT,TS_0,2049,1.0
RE1,NE_INDIHT,TS_0,2050,1.0
RE1,NE_INDIHT,TS_0,2051,1.0
RE1,NE_INDIHT,TS_0,2052,1.0
RE1,NE_INDIHT,TS_0,2053,1.0
RE1,NE_INDIHT,TS_0,2054,1.0
RE1,NE_INDILU,TS_0,2022,1.0
RE1,NE_INDILU,TS_0,2023,1.0
RE1,NE_INDILU,TS_0,2024,1.0
RE1,NE_INDILU,TS_0,2025,1.0
RE1,NE_INDILU,TS_0,2026,1.0
RE1,NE_INDILU,TS_0,2027,1.0
RE1,NE_INDILU,TS_0,2028,1.0
RE1,NE_INDILU,TS_0,2029,1.0
RE1,NE_INDILU,TS_0,2030,1.0
RE1,NE_INDILU,TS_0,2031,1.0
RE1,NE_INDILU,TS_0,2032,1.0
RE1,NE_INDILU,TS_0,2033,1.0
RE1,NE_INDILU,TS_0,2034,1.0
RE1,NE_INDILU,TS_0,2035,1.0
RE1,NE_INDILU,TS_0,2036,1.0
RE1,NE_INDILU,TS_0,2037,1.0
RE1,NE_INDILU,TS_0,2038,1.0
RE1,NE_INDILU,TS_0,2039,1.0
RE1,NE_INDILU,TS_0,2040,1.0
RE1,NE_INDILU,TS_0,2041,1.0
RE1,NE_INDILU,TS_0,2042,1.0
RE1,NE_INDILU,TS_0,2043,1.0
RE1,NE_INDILU,TS_0,2044,1.0
RE1,NE_INDILU,TS_0,2045,1.0
RE1,NE_INDILU,TS_0,2046,1.0
RE1,NE_INDILU,TS_0,2047,1.0
RE1,NE_INDILU,TS_0,2048,1.0
RE1,NE_INDILU,TS_0,2049,1.0
RE1,NE_INDILU,TS_0,2050,1.0
RE1,NE_INDILU,TS_0,2051,1.0
RE1,NE_INDILU,TS_0,2052,1.0
RE1,NE_INDILU,TS_0,2053,1.0
RE1,NE_INDILU,TS_0,2054,1.0
RE1,NE_INDMPW,TS_0,2022,1.0
RE1,NE_INDMPW,TS_0,2023,1.0
RE1,NE_INDMPW,TS_0,2024,1.0
RE1,NE_INDMPW,TS_0,2025,1.0
RE1,NE_INDMPW,TS_0,2026,1.0
RE1,NE_INDMPW,TS_0,2027,1.0
RE1,NE_INDMPW,TS_0,2028,1.0
RE1,NE_INDMPW,TS_0,2029,1.0
RE1,NE_INDMPW,TS_0,2030,1.0
RE1,NE_INDMPW,TS_0,2031,1.0
RE1,NE_INDMPW,TS_0,2032,1.0
RE1,NE_INDMPW,TS_0,2033,1.0
RE1,NE_INDMPW,TS_0,2034,1.0
RE1,NE_INDMPW,TS_0,2035,1.0
RE1,NE_INDMPW,TS_0,2036,1.0
RE1,NE_INDMPW,TS_0,2037,1.0
RE1,NE_INDMPW,TS_0,2038,1.0
RE1,NE_INDMPW,TS_0,2039,1.0
RE1,NE_INDMPW,TS_0,2040,1.0
RE1,NE_INDMPW,TS_0,2041,1.0
RE1,NE_INDMPW,TS_0,2042,1.0
RE1,NE_INDMPW,TS_0,2043,1.0
RE1,NE_INDMPW,TS_0,2044,1.0
RE1,NE_INDMPW,TS_0,2045,1.0
RE1,NE_INDMPW,TS_0,2046,1.0
RE1,NE_INDMPW,TS_0,2047,1.0
RE1,NE_INDMPW,TS_0,2048,1.0
RE1,NE_INDMPW,TS_0,2049,1.0
RE1,NE_INDMPW,TS_0,2050,1.0
RE1,NE_INDMPW,TS_0,2051,1.0
RE1,NE_INDMPW,TS_0,2052,1.0
RE1,NE_INDMPW,TS_0,2053,1.0
RE1,NE_INDMPW,TS_0,2054,1.0
RE1,NE_INDOTH_ELC,TS_0,2022,1.0
RE1,NE_INDOTH_ELC,TS_0,2023,1.0
RE1,NE_INDOTH_ELC,TS_0,2024,1.0
RE1,NE_INDOTH_ELC,TS_0,2025,1.0
RE1,NE_INDOTH_ELC,TS_0,2026,1.0
RE1,NE_INDOTH_ELC,TS_0,2027,1.0
RE1,NE_INDOTH_ELC,TS_0,2028,1.0
RE1,NE_INDOTH_ELC,TS_0,2029,1.0
RE1,NE_INDOTH_ELC,TS_0,2030,1.0
RE1,NE_INDOTH_ELC,TS_0,2031,1.0
RE1,NE_INDOTH_ELC,TS_0,2032,1.0
RE1,NE_INDOTH_ELC,TS_0,2033,1.0
RE1,NE_INDOTH_ELC,TS_0,2034,1.0
RE1,NE_INDOTH_ELC,TS_0,2035,1.0
RE1,NE_INDOTH_ELC,TS_0,2036,1.0
RE1,NE_INDOTH_ELC,TS_0,2037,1.0
RE1,NE_INDOTH_ELC,TS_0,2038,1.0
RE1,NE_INDOTH_ELC,TS_0,2039,1.0
RE1,NE_INDOTH_ELC,TS_0,2040,1.0
RE1,NE_INDOTH_ELC,TS_0,2041,1.0
RE1,NE_INDOTH_ELC,TS_0,2042,1.0
RE1,NE_INDOTH_ELC,TS_0,2043,1.0
RE1,NE_INDOTH_ELC,TS_0,2044,1.0
RE1,NE_INDOTH_ELC,TS_0,2045,1.0
RE1,NE_INDOTH_ELC,TS_0,2046,1.0
RE1,NE_INDOTH_ELC,TS_0,2047,1.0
RE1,NE_INDOTH_ELC,TS_0,2048,1.0
RE1,NE_INDOTH_ELC,TS_0,2049,1.0
RE1,NE_INDOTH_ELC,TS_0,2050,1.0
RE1,NE_INDOTH_ELC,TS_0,2051,1.0
RE1,NE_INDOTH_ELC,TS_0,2052,1.0
RE1,NE_INDOTH_ELC,TS_0,2053,1.0
RE1,NE_INDOTH_ELC,TS_0,2054,1.0
RE1,NE_INDREF,TS_0,2022,1.0
RE1,NE_INDREF,TS_0,2023,1.0
RE1,NE_INDREF,TS_0,2024,1.0
RE1,NE_INDREF,TS_0,2025,1.0
RE1,NE_INDREF,TS_0,2026,1.0
RE1,NE_INDREF,TS_0,2027,1.0
RE1,NE_INDREF,TS_0,2028,1.0
RE1,NE_INDREF,TS_0,2029,1.0
RE1,NE_INDREF,TS_0,2030,1.0
RE1,NE_INDREF,TS_0,2031,1.0
RE1,NE_INDREF,TS_0,2032,1.0
RE1,NE_INDREF,TS_0,2033,1.0
RE1,NE_INDREF,TS_0,2034,1.0
RE1,NE_INDREF,TS_0,2035,1.0
RE1,NE_INDREF,TS_0,2036,1.0
RE1,NE_INDREF,TS_0,2037,1.0
RE1,NE_INDREF,TS_0,2038,1.0
RE1,NE_INDREF,TS_0,2039,1.0
RE1,NE_INDREF,TS_0,2040,1.0
RE1,NE_INDREF,TS_0,2041,1.0
RE1,NE_INDREF,TS_0,2042,1.0
RE1,NE_INDREF,TS_0,2043,1.0
RE1,NE_INDREF,TS_0,2044,1.0
RE1,NE_INDREF,TS_0,2045,1.0
RE1,NE_INDREF,TS_0,2046,1.0
RE1,NE_INDREF,TS_0,2047,1.0
RE1,NE_INDREF,TS_0,2048,1.0
RE1,NE_INDREF,TS_0,2049,1.0
RE1,NE_INDREF,TS_0,2050,1.0
RE1,NE_INDREF,TS_0,2051,1.0
RE1,NE_INDREF,TS_0,2052,1.0
RE1,NE_INDREF,TS_0,2053,1.0
RE1,NE_INDREF,TS_0,2054,1.0
RE1,NE_RESCLIM_RUR,TS_0,2022,1.0
RE1,NE_RESCLIM_RUR,TS_0,2023,1.0
RE1,NE_RESCLIM_RUR,TS_0,2024,1.0
RE1,NE_RESCLIM_RUR,TS_0,2025,1.0
RE1,NE_RESCLIM_RUR,TS_0,2026,1.0
RE1,NE_RESCLIM_RUR,TS_0,2027,1.0
RE1,NE_RESCLIM_RUR,TS_0,2028,1.0
RE1,NE_RESCLIM_RUR,TS_0,2029,1.0
RE1,NE_RESCLIM_RUR,TS_0,2030,1.0
RE1,NE_RESCLIM_RUR,TS_0,2031,1.0
RE1,NE_RESCLIM_RUR,TS_0,2032,1.0
RE1,NE_RESCLIM_RUR,TS_0,2033,1.0
RE1,NE_RESCLIM_RUR,TS_0,2034,1.0
RE1,NE_RESCLIM_RUR,TS_0,2035,1.0
RE1,NE_RESCLIM_RUR,TS_0,2036,1.0
RE1,NE_RESCLIM_RUR,TS_0,2037,1.0
RE1,NE_RESCLIM_RUR,TS_0,2038,1.0
RE1,NE_RESCLIM_RUR,TS_0,2039,1.0
RE1,NE_RESCLIM_RUR,TS_0,2040,1.0
RE1,NE_RESCLIM_RUR,TS_0,2041,1.0
RE1,NE_RESCLIM_RUR,TS_0,2042,1.0
RE1,NE_RESCLIM_RUR,TS_0,2043,1.0
RE1,NE_RESCLIM_RUR,TS_0,2044,1.0
RE1,NE_RESCLIM_RUR,TS_0,2045,1.0
RE1,NE_RESCLIM_RUR,TS_0,2046,1.0
RE1,NE_RESCLIM_RUR,TS_0,2047,1.0
RE1,NE_RESCLIM_RUR,TS_0,2048,1.0
RE1,NE_RESCLIM_RUR,TS_0,2049,1.0
RE1,NE_RESCLIM_RUR,TS_0,2050,1.0
RE1,NE_RESCLIM_RUR,TS_0,2051,1.0
RE1,NE_RESCLIM_RUR,TS_0,2052,1.0
RE1,NE_RESCLIM_RUR,TS_0,2053,1.0
RE1,NE_RESCLIM_RUR,TS_0,2054,1.0
RE1,NE_RESCLIM_URB,TS_0,2022,1.0
RE1,NE_RESCLIM_URB,TS_0,2023,1.0
RE1,NE_RESCLIM_URB,TS_0,2024,1.0
RE1,NE_RESCLIM_URB,TS_0,2025,1.0
RE1,NE_RESCLIM_URB,TS_0,2026,1.0
RE1,NE_RESCLIM_URB,TS_0,2027,1.0
RE1,NE_RESCLIM_URB,TS_0,2028,1.0
RE1,NE_RESCLIM_URB,TS_0,2029,1.0
RE1,NE_RESCLIM_URB,TS_0,2030,1.0
RE1,NE_RESCLIM_URB,TS_0,2031,1.0
RE1,NE_RESCLIM_URB,TS_0,2032,1.0
RE1,NE_RESCLIM_URB,TS_0,2033,1.0
RE1,NE_RESCLIM_URB,TS_0,2034,1.0
RE1,NE_RESCLIM_URB,TS_0,2035,1.0
RE1,NE_RESCLIM_URB,TS_0,2036,1.0
RE1,NE_RESCLIM_URB,TS_0,2037,1.0
RE1,NE_RESCLIM_URB,TS_0,2038,1.0
RE1,NE_RESCLIM_URB,TS_0,2039,1.0
RE1,NE_RESCLIM_URB,TS_0,2040,1.0
RE1,NE_RESCLIM_URB,TS_0,2041,1.0
RE1,NE_RESCLIM_URB,TS_0,2042,1.0
RE1,NE_RESCLIM_URB,TS_0,2043,1.0
RE1,NE_RESCLIM_URB,TS_0,2044,1.0
RE1,NE_RESCLIM_URB,TS_0,2045,1.0
RE1,NE_RESCLIM_URB,TS_0,2046,1.0
RE1,NE_RESCLIM_URB,TS_0,2047,1.0
RE1,NE_RESCLIM_URB,TS_0,2048,1.0
RE1,NE_RESCLIM_URB,TS_0,2049,1.0
RE1,NE_RESCLIM_URB,TS_0,2050,1.0
RE1,NE_RESCLIM_URB,TS_0,2051,1.0
RE1,NE_RESCLIM_URB,TS_0,2052,1.0
RE1,NE_RESCLIM_URB,TS_0,2053,1.0
RE1,NE_RESCLIM_URB,TS_0,2054,1.0
RE1,NE_RESDHT_RUR,TS_0,2022,1.0
RE1,NE_RESDHT_RUR,TS_0,2023,1.0
RE1,NE_RESDHT_RUR,TS_0,2024,1.0
RE1,NE_RESDHT_RUR,TS_0,2025,1.0
RE1,NE_RESDHT_RUR,TS_0,2026,1.0
RE1,NE_RESDHT_RUR,TS_0,2027,1.0
RE1,NE_RESDHT_RUR,TS_0,2028,1.0
RE1,NE_RESDHT_RUR,TS_0,2029,1.0
RE1,NE_RESDHT_RUR,TS_0,2030,1.0
RE1,NE_RESDHT_RUR,TS_0,2031,1.0
RE1,NE_RESDHT_RUR,TS_0,2032,1.0
RE1,NE_RESDHT_RUR,TS_0,2033,1.0
RE1,NE_RESDHT_RUR,TS_0,2034,1.0
RE1,NE_RESDHT_RUR,TS_0,2035,1.0
RE1,NE_RESDHT_RUR,TS_0,2036,1.0
RE1,NE_RESDHT_RUR,TS_0,2037,1.0
RE1,NE_RESDHT_RUR,TS_0,2038,1.0
RE1,NE_RESDHT_RUR,TS_0,2039,1.0
RE1,NE_RESDHT_RUR,TS_0,2040,1.0
RE1,NE_RESDHT_RUR,TS_0,2041,1.0
RE1,NE_RESDHT_RUR,TS_0,2042,1.0
RE1,NE_RESDHT_RUR,TS_0,2043,1.0
RE1,NE_RESDHT_RUR,TS_0,2044,1.0
RE1,NE_RESDHT_RUR,TS_0,2045,1.0
RE1,NE_RESDHT_RUR,TS_0,2046,1.0
RE1,NE_RESDHT_RUR,TS_0,2047,1.0
RE1,NE_RESDHT_RUR,TS_0,2048,1.0
RE1,NE_RESDHT_RUR,TS_0,2049,1.0
RE1,NE_RESDHT_RUR,TS_0,2050,1.0
RE1,NE_RESDHT_RUR,TS_0,2051,1.0
RE1,NE_RESDHT_RUR,TS_0,2052,1.0
RE1,NE_RESDHT_RUR,TS_0,2053,1.0
RE1,NE_RESDHT_RUR,TS_0,2054,1.0
RE1,NE_RESDHT_URB,TS_0,2022,1.0
RE1,NE_RESDHT_URB,TS_0,2023,1.0
RE1,NE_RESDHT_URB,TS_0,2024,1.0
RE1,NE_RESDHT_URB,TS_0,2025,1.0
RE1,NE_RESDHT_URB,TS_0,2026,1.0
RE1,NE_RESDHT_URB,TS_0,2027,1.0
RE1,NE_RESDHT_URB,TS_0,2028,1.0
RE1,NE_RESDHT_URB,TS_0,2029,1.0
RE1,NE_RESDHT_URB,TS_0,2030,1.0
RE1,NE_RESDHT_URB,TS_0,2031,1.0
RE1,NE_RESDHT_URB,TS_0,2032,1.0
RE1,NE_RESDHT_URB,TS_0,2033,1.0
RE1,NE_RESDHT_URB,TS_0,2034,1.0
RE1,NE_RESDHT_URB,TS_0,2035,1.0
RE1,NE_RESDHT_URB,TS_0,2036,1.0
RE1,NE_RESDHT_URB,TS_0,2037,1.0
RE1,NE_RESDHT_URB,TS_0,2038,1.0
RE1,NE_RESDHT_URB,TS_0,2039,1.0
RE1,NE_RESDHT_URB,TS_0,2040,1.0
RE1,NE_RESDHT_URB,TS_0,2041,1.0
RE1,NE_RESDHT_URB,TS_0,2042,1.0
RE1,NE_RESDHT_URB,TS_0,2043,1.0
RE1,NE_RESDHT_URB,TS_0,2044,1.0
RE1,NE_RESDHT_URB,TS_0,2045,1.0
RE1,NE_RESDHT_URB,TS_0,2046,1.0
RE1,NE_RESDHT_URB,TS_0,2047,1.0
RE1,NE_RESDHT_URB,TS_0,2048,1.0
RE1,NE_RESDHT_URB,TS_0,2049,1.0
RE1,NE_RESDHT_URB,TS_0,2050,1.0
RE1,NE_RESDHT_URB,TS_0,2051,1.0
RE1,NE_RESDHT_URB,TS_0,2052,1.0
RE1,NE_RESDHT_URB,TS_0,2053,1.0
RE1,NE_RESDHT_URB,TS_0,2054,1.0
RE1,NE_RESILU_RUR,TS_0,2022,1.0
RE1,NE_RESILU_RUR,TS_0,2023,1.0
RE1,NE_RESILU_RUR,TS_0,2024,1.0
RE1,NE_RESILU_RUR,TS_0,2025,1.0
RE1,NE_RESILU_RUR,TS_0,2026,1.0
RE1,NE_RESILU_RUR,TS_0,2027,1.0
RE1,NE_RESILU_RUR,TS_0,2028,1.0
RE1,NE_RESILU_RUR,TS_0,2029,1.0
RE1,NE_RESILU_RUR,TS_0,2030,1.0
RE1,NE_RESILU_RUR,TS_0,2031,1.0
RE1,NE_RESILU_RUR,TS_0,2032,1.0
RE1,NE_RESILU_RUR,TS_0,2033,1.0
RE1,NE_RESILU_RUR,TS_0,2034,1.0
RE1,NE_RESILU_RUR,TS_0,2035,1.0
RE1,NE_RESILU_RUR,TS_0,2036,1.0
RE1,NE_RESILU_RUR,TS_0,2037,1.0
RE1,NE_RESILU_RUR,TS_0,2038,1.0
RE1,NE_RESILU_RUR,TS_0,2039,1.0
RE1,NE_RESILU_RUR,TS_0,2040,1.0
RE1,NE_RESILU_RUR,TS_0,2041,1.0
RE1,NE_RESILU_RUR,TS_0,2042,1.0
RE1,NE_RESILU_RUR,TS_0,2043,1.0
RE1,NE_RESILU_RUR,TS_0,2044,1.0
RE1,NE_RESILU_RUR,TS_0,2045,1.0
RE1,NE_RESILU_RUR,TS_0,2046,1.0
RE1,NE_RESILU_RUR,TS_0,2047,1.0
RE1,NE_RESILU_RUR,TS_0,2048,1.0
RE1,NE_RESILU_RUR,TS_0,2049,1.0
RE1,NE_RESILU_RUR,TS_0,2050,1.0
RE1,NE_RESILU_RUR,TS_0,2051,1.0
RE1,NE_RESILU_RUR,TS_0,2052,1.0
RE1,NE_RESILU_RUR,TS_0,2053,1.0
RE1,NE_RESILU_RUR,TS_0,2054,1.0
RE1,NE_RESILU_URB,TS_0,2022,1.0
RE1,NE_RESILU_URB,TS_0,2023,1.0
RE1,NE_RESILU_URB,TS_0,2024,1.0
RE1,NE_RESILU_URB,TS_0,2025,1.0
RE1,NE_RESILU_URB,TS_0,2026,1.0
RE1,NE_RESILU_URB,TS_0,2027,1.0
RE1,NE_RESILU_URB,TS_0,2028,1.0
RE1,NE_RESILU_URB,TS_0,2029,1.0
RE1,NE_RESILU_URB,TS_0,2030,1.0
RE1,NE_RESILU_URB,TS_0,2031,1.0
RE1,NE_RESILU_URB,TS_0,2032,1.0
RE1,NE_RESILU_URB,TS_0,2033,1.0
RE1,NE_RESILU_URB,TS_0,2034,1.0
RE1,NE_RESILU_URB,TS_0,2035,1.0
RE1,NE_RESILU_URB,TS_0,2036,1.0
RE1,NE_RESILU_URB,TS_0,2037,1.0
RE1,NE_RESILU_URB,TS_0,2038,1.0
RE1,NE_RESILU_URB,TS_0,2039,1.0
RE1,NE_RESILU_URB,TS_0,2040,1.0
RE1,NE_RESILU_URB,TS_0,2041,1.0
RE1,NE_RESILU_URB,TS_0,2042,1.0
RE1,NE_RESILU_URB,TS_0,2043,1.0
RE1,NE_RESILU_URB,TS_0,2044,1.0
RE1,NE_RESILU_URB,TS_0,2045,1.0
RE1,NE_RESILU_URB,TS_0,2046,1.0
RE1,NE_RESILU_URB,TS_0,2047,1.0
RE1,NE_RESILU_URB,TS_0,2048,1.0
RE1,NE_RESILU_URB,TS_0,2049,1.0
RE1,NE_RESILU_URB,TS_0,2050,1.0
RE1,NE_RESILU_URB,TS_0,2051,1.0
RE1,NE_RESILU_URB,TS_0,2052,1.0
RE1,NE_RESILU_URB,TS_0,2053,1.0
RE1,NE_RESILU_URB,TS_0,2054,1.0
RE1,NE_RESOTH_RUR,TS_0,2022,1.0
RE1,NE_RESOTH_RUR,TS_0,2023,1.0
RE1,NE_RESOTH_RUR,TS_0,2024,1.0
RE1,NE_RESOTH_RUR,TS_0,2025,1.0
RE1,NE_RESOTH_RUR,TS_0,2026,1.0
RE1,NE_RESOTH_RUR,TS_0,2027,1.0
RE1,NE_RESOTH_RUR,TS_0,2028,1.0
RE1,NE_RESOTH_RUR,TS_0,2029,1.0
RE1,NE_RESOTH_RUR,TS_0,2030,1.0
RE1,NE_RESOTH_RUR,TS_0,2031,1.0
RE1,NE_RESOTH_RUR,TS_0,2032,1.0
RE1,NE_RESOTH_RUR,TS_0,2033,1.0
RE1,NE_RESOTH_RUR,TS_0,2034,1.0
RE1,NE_RESOTH_RUR,TS_0,2035,1.0
RE1,NE_RESOTH_RUR,TS_0,2036,1.0
RE1,NE_RESOTH_RUR,TS_0,2037,1.0
RE1,NE_RESOTH_RUR,TS_0,2038,1.0
RE1,NE_RESOTH_RUR,TS_0,2039,1.0
RE1,NE_RESOTH_RUR,TS_0,2040,1.0
RE1,NE_RESOTH_RUR,TS_0,2041,1.0
RE1,NE_RESOTH_RUR,TS_0,2042,1.0
RE1,NE_RESOTH_RUR,TS_0,2043,1.0
RE1,NE_RESOTH_RUR,TS_0,2044,1.0
RE1,NE_RESOTH_RUR,TS_0,2045,1.0
RE1,NE_RESOTH_RUR,TS_0,2046,1.0
RE1,NE_RESOTH_RUR,TS_0,2047,1.0
RE1,NE_RESOTH_RUR,TS_0,2048,1.0
RE1,NE_RESOTH_RUR,TS_0,2049,1.0
RE1,NE_RESOTH_RUR,TS_0,2050,1.0
RE1,NE_RESOTH_RUR,TS_0,2051,1.0
RE1,NE_RESOTH_RUR,TS_0,2052,1.0
RE1,NE_RESOTH_RUR,TS_0,2053,1.0
RE1,NE_RESOTH_RUR,TS_0,2054,1.0
RE1,NE_RESOTH_URB,TS_0,2022,1.0
RE1,NE_RESOTH_URB,TS_0,2023,1.0
RE1,NE_RESOTH_URB,TS_0,2024,1.0
RE1,NE_RESOTH_URB,TS_0,2025,1.0
RE1,NE_RESOTH_URB,TS_0,2026,1.0
RE1,NE_RESOTH_URB,TS_0,2027,1.0
RE1,NE_RESOTH_URB,TS_0,2028,1.0
RE1,NE_RESOTH_URB,TS_0,2029,1.0
RE1,NE_RESOTH_URB,TS_0,2030,1.0
RE1,NE_RESOTH_URB,TS_0,2031,1.0
RE1,NE_RESOTH_URB,TS_0,2032,1.0
RE1,NE_RESOTH_URB,TS_0,2033,1.0
RE1,NE_RESOTH_URB,TS_0,2034,1.0
RE1,NE_RESOTH_URB,TS_0,2035,1.0
RE1,NE_RESOTH_URB,TS_0,2036,1.0
RE1,NE_RESOTH_URB,TS_0,2037,1.0
RE1,NE_RESOTH_URB,TS_0,2038,1.0
RE1,NE_RESOTH_URB,TS_0,2039,1.0
RE1,NE_RESOTH_URB,TS_0,2040,1.0
RE1,NE_RESOTH_URB,TS_0,2041,1.0
RE1,NE_RESOTH_URB,TS_0,2042,1.0
RE1,NE_RESOTH_URB,TS_0,2043,1.0
RE1,NE_RESOTH_URB,TS_0,2044,1.0
RE1,NE_RESOTH_URB,TS_0,2045,1.0
RE1,NE_RESOTH_URB,TS_0,2046,1.0
RE1,NE_RESOTH_URB,TS_0,2047,1.0
RE1,NE_RESOTH_URB,TS_0,2048,1.0
RE1,NE_RESOTH_URB,TS_0,2049,1.0
RE1,NE_RESOTH_URB,TS_0,2050,1.0
RE1,NE_RESOTH_URB,TS_0,2051,1.0
RE1,NE_RESOTH_URB,TS_0,2052,1.0
RE1,NE_RESOTH_URB,TS_0,2053,1.0
RE1,NE_RESOTH_URB,TS_0,2054,1.0
RE1,NE_RESREF_RUR,TS_0,2022,1.0
RE1,NE_RESREF_RUR,TS_0,2023,1.0
RE1,NE_RESREF_RUR,TS_0,2024,1.0
RE1,NE_RESREF_RUR,TS_0,2025,1.0
RE1,NE_RESREF_RUR,TS_0,2026,1.0
RE1,NE_RESREF_RUR,TS_0,2027,1.0
RE1,NE_RESREF_RUR,TS_0,2028,1.0
RE1,NE_RESREF_RUR,TS_0,2029,1.0
RE1,NE_RESREF_RUR,TS_0,2030,1.0
RE1,NE_RESREF_RUR,TS_0,2031,1.0
RE1,NE_RESREF_RUR,TS_0,2032,1.0
RE1,NE_RESREF_RUR,TS_0,2033,1.0
RE1,NE_RESREF_RUR,TS_0,2034,1.0
RE1,NE_RESREF_RUR,TS_0,2035,1.0
RE1,NE_RESREF_RUR,TS_0,2036,1.0
RE1,NE_RESREF_RUR,TS_0,2037,1.0
RE1,NE_RESREF_RUR,TS_0,2038,1.0
RE1,NE_RESREF_RUR,TS_0,2039,1.0
RE1,NE_RESREF_RUR,TS_0,2040,1.0
RE1,NE_RESREF_RUR,TS_0,2041,1.0
RE1,NE_RESREF_RUR,TS_0,2042,1.0
RE1,NE_RESREF_RUR,TS_0,2043,1.0
RE1,NE_RESREF_RUR,TS_0,2044,1.0
RE1,NE_RESREF_RUR,TS_0,2045,1.0
RE1,NE_RESREF_RUR,TS_0,2046,1.0
RE1,NE_RESREF_RUR,TS_0,2047,1.0
RE1,NE_RESREF_RUR,TS_0,2048,1.0
RE1,NE_RESREF_RUR,TS_0,2049,1.0
RE1,NE_RESREF_RUR,TS_0,2050,1.0
RE1,NE_RESREF_RUR,TS_0,2051,1.0
RE1,NE_RESREF_RUR,TS_0,2052,1.0
RE1,NE_RESREF_RUR,TS_0,2053,1.0
RE1,NE_RESREF_RUR,TS_0,2054,1.0
RE1,NE_RESREF_URB,TS_0,2022,1.0
RE1,NE_RESREF_URB,TS_0,2023,1.0
RE1,NE_RESREF_URB,TS_0,2024,1.0
RE1,NE_RESREF_URB,TS_0,2025,1.0
RE1,NE_RESREF_URB,TS_0,2026,1.0
RE1,NE_RESREF_URB,TS_0,2027,1.0
RE1,NE_RESREF_URB,TS_0,2028,1.0
RE1,NE_RESREF_URB,TS_0,2029,1.0
RE1,NE_RESREF_URB,TS_0,2030,1.0
RE1,NE_RESREF_URB,TS_0,2031,1.0
RE1,NE_RESREF_URB,TS_0,2032,1.0
RE1,NE_RESREF_URB,TS_0,2033,1.0
RE1,NE_RESREF_URB,TS_0,2034,1.0
RE1,NE_RESREF_URB,TS_0,2035,1.0
RE1,NE_RESREF_URB,TS_0,2036,1.0
RE1,NE_RESREF_URB,TS_0,2037,1.0
RE1,NE_RESREF_URB,TS_0,2038,1.0
RE1,NE_RESREF_URB,TS_0,2039,1.0
RE1,NE_RESREF_URB,TS_0,2040,1.0
RE1,NE_RESREF_URB,TS_0,2041,1.0
RE1,NE_RESREF_URB,TS_0,2042,1.0
RE1,NE_RESREF_URB,TS_0,2043,1.0
RE1,NE_RESREF_URB,TS_0,2044,1.0
RE1,NE_RESREF_URB,TS_0,2045,1.0
RE1,NE_RESREF_URB,TS_0,2046,1.0
RE1,NE_RESREF_URB,TS_0,2047,1.0
RE1,NE_RESREF_URB,TS_0,2048,1.0
RE1,NE_RESREF_URB,TS_0,2049,1.0
RE1,NE_RESREF_URB,TS_0,2050,1.0
RE1,NE_RESREF_URB,TS_0,2051,1.0
RE1,NE_RESREF_URB,TS_0,2052,1.0
RE1,NE_RESREF_URB,TS_0,2053,1.0
RE1,NE_RESREF_URB,TS_0,2054,1.0
RE1,NE_RESTV_RUR,TS_0,2022,1.0
RE1,NE_RESTV_RUR,TS_0,2023,1.0
RE1,NE_RESTV_RUR,TS_0,2024,1.0
RE1,NE_RESTV_RUR,TS_0,2025,1.0
RE1,NE_RESTV_RUR,TS_0,2026,1.0
RE1,NE_RESTV_RUR,TS_0,2027,1.0
RE1,NE_RESTV_RUR,TS_0,2028,1.0
RE1,NE_RESTV_RUR,TS_0,2029,1.0
RE1,NE_RESTV_RUR,TS_0,2030,1.0
RE1,NE_RESTV_RUR,TS_0,2031,1.0
RE1,NE_RESTV_RUR,TS_0,2032,1.0
RE1,NE_RESTV_RUR,TS_0,2033,1.0
RE1,NE_RESTV_RUR,TS_0,2034,1.0
RE1,NE_RESTV_RUR,TS_0,2035,1.0
RE1,NE_RESTV_RUR,TS_0,2036,1.0
RE1,NE_RESTV_RUR,TS_0,2037,1.0
RE1,NE_RESTV_RUR,TS_0,2038,1.0
RE1,NE_RESTV_RUR,TS_0,2039,1.0
RE1,NE_RESTV_RUR,TS_0,2040,1.0
RE1,NE_RESTV_RUR,TS_0,2041,1.0
RE1,NE_RESTV_RUR,TS_0,2042,1.0
RE1,NE_RESTV_RUR,TS_0,2043,1.0
RE1,NE_RESTV_RUR,TS_0,2044,1.0
RE1,NE_RESTV_RUR,TS_0,2045,1.0
RE1,NE_RESTV_RUR,TS_0,2046,1.0
RE1,NE_RESTV_RUR,TS_0,2047,1.0
RE1,NE_RESTV_RUR,TS_0,2048,1.0
RE1,NE_RESTV_RUR,TS_0,2049,1.0
RE1,NE_RESTV_RUR,TS_0,2050,1.0
RE1,NE_RESTV_RUR,TS_0,2051,1.0
RE1,NE_RESTV_RUR,TS_0,2052,1.0
RE1,NE_RESTV_RUR,TS_0,2053,1.0
RE1,NE_RESTV_RUR,TS_0,2054,1.0
RE1,NE_RESTV_URB,TS_0,2022,1.0
RE1,NE_RESTV_URB,TS_0,2023,1.0
RE1,NE_RESTV_URB,TS_0,2024,1.0
RE1,NE_RESTV_URB,TS_0,2025,1.0
RE1,NE_RESTV_URB,TS_0,2026,1.0
RE1,NE_RESTV_URB,TS_0,2027,1.0
RE1,NE_RESTV_URB,TS_0,2028,1.0
RE1,NE_RESTV_URB,TS_0,2029,1.0
RE1,NE_RESTV_URB,TS_0,2030,1.0
RE1,NE_RESTV_URB,TS_0,2031,1.0
RE1,NE_RESTV_URB,TS_0,2032,1.0
RE1,NE_RESTV_URB,TS_0,2033,1.0
RE1,NE_RESTV_URB,TS_0,2034,1.0
RE1,NE_RESTV_URB,TS_0,2035,1.0
RE1,NE_RESTV_URB,TS_0,2036,1.0
RE1,NE_RESTV_URB,TS_0,2037,1.0
RE1,NE_RESTV_URB,TS_0,2038,1.0
RE1,NE_RESTV_URB,TS_0,2039,1.0
RE1,NE_RESTV_URB,TS_0,2040,1.0
RE1,NE_RESTV_URB,TS_0,2041,1.0
RE1,NE_RESTV_URB,TS_0,2042,1.0
RE1,NE_RESTV_URB,TS_0,2043,1.0
RE1,NE_RESTV_URB,TS_0,2044,1.0
RE1,NE_RESTV_URB,TS_0,2045,1.0
RE1,NE_RESTV_URB,TS_0,2046,1.0
RE1,NE_RESTV_URB,TS_0,2047,1.0
RE1,NE_RESTV_URB,TS_0,2048,1.0
RE1,NE_RESTV_URB,TS_0,2049,1.0
RE1,NE_RESTV_URB,TS_0,2050,1.0
RE1,NE_RESTV_URB,TS_0,2051,1.0
RE1,NE_RESTV_URB,TS_0,2052,1.0
RE1,NE_RESTV_URB,TS_0,2053,1.0
RE1,NE_RESTV_URB,TS_0,2054,1.0
RE1,NE_RESWHT_RUR,TS_0,2022,1.0
RE1,NE_RESWHT_RUR,TS_0,2023,1.0
RE1,NE_RESWHT_RUR,TS_0,2024,1.0
RE1,NE_RESWHT_RUR,TS_0,2025,1.0
RE1,NE_RESWHT_RUR,TS_0,2026,1.0
RE1,NE_RESWHT_RUR,TS_0,2027,1.0
RE1,NE_RESWHT_RUR,TS_0,2028,1.0
RE1,NE_RESWHT_RUR,TS_0,2029,1.0
RE1,NE_RESWHT_RUR,TS_0,2030,1.0
RE1,NE_RESWHT_RUR,TS_0,2031,1.0
RE1,NE_RESWHT_RUR,TS_0,2032,1.0
RE1,NE_RESWHT_RUR,TS_0,2033,1.0
RE1,NE_RESWHT_RUR,TS_0,2034,1.0
RE1,NE_RESWHT_RUR,TS_0,2035,1.0
RE1,NE_RESWHT_RUR,TS_0,2036,1.0
RE1,NE_RESWHT_RUR,TS_0,2037,1.0
RE1,NE_RESWHT_RUR,TS_0,2038,1.0
RE1,NE_RESWHT_RUR,TS_0,2039,1.0
RE1,NE_RESWHT_RUR,TS_0,2040,1.0
RE1,NE_RESWHT_RUR,TS_0,2041,1.0
RE1,NE_RESWHT_RUR,TS_0,2042,1.0
RE1,NE_RESWHT_RUR,TS_0,2043,1.0
RE1,NE_RESWHT_RUR,TS_0,2044,1.0
RE1,NE_RESWHT_RUR,TS_0,2045,1.0
RE1,NE_RESWHT_RUR,TS_0,2046,1.0
RE1,NE_RESWHT_RUR,TS_0,2047,1.0
RE1,NE_RESWHT_RUR,TS_0,2048,1.0
RE1,NE_RESWHT_RUR,TS_0,2049,1.0
RE1,NE_RESWHT_RUR,TS_0,2050,1.0
RE1,NE_RESWHT_RUR,TS_0,2051,1.0
RE1,NE_RESWHT_RUR,TS_0,2052,1.0
RE1,NE_RESWHT_RUR,TS_0,2053,1.0
RE1,NE_RESWHT_RUR,TS_0,2054,1.0
RE1,NE_RESWHT_URB,TS_0,2022,1.0
RE1,NE_RESWHT_URB,TS_0,2023,1.0
RE1,NE_RESWHT_URB,TS_0,2024,1.0
RE1,NE_RESWHT_URB,TS_0,2025,1.0
RE1,NE_RESWHT_URB,TS_0,2026,1.0
RE1,NE_RESWHT_URB,TS_0,2027,1.0
RE1,NE_RESWHT_URB,TS_0,2028,1.0
RE1,NE_RESWHT_URB,TS_0,2029,1.0
RE1,NE_RESWHT_URB,TS_0,2030,1.0
RE1,NE_RESWHT_URB,TS_0,2031,1.0
RE1,NE_RESWHT_URB,TS_0,2032,1.0
RE1,NE_RESWHT_URB,TS_0,2033,1.0
RE1,NE_RESWHT_URB,TS_0,2034,1.0
RE1,NE_RESWHT_URB,TS_0,2035,1.0
RE1,NE_RESWHT_URB,TS_0,2036,1.0
RE1,NE_RESWHT_URB,TS_0,2037,1.0
RE1,NE_RESWHT_URB,TS_0,2038,1.0
RE1,NE_RESWHT_URB,TS_0,2039,1.0
RE1,NE_RESWHT_URB,TS_0,2040,1.0
RE1,NE_RESWHT_URB,TS_0,2041,1.0
RE1,NE_RESWHT_URB,TS_0,2042,1.0
RE1,NE_RESWHT_URB,TS_0,2043,1.0
RE1,NE_RESWHT_URB,TS_0,2044,1.0
RE1,NE_RESWHT_URB,TS_0,2045,1.0
RE1,NE_RESWHT_URB,TS_0,2046,1.0
RE1,NE_RESWHT_URB,TS_0,2047,1.0
RE1,NE_RESWHT_URB,TS_0,2048,1.0
RE1,NE_RESWHT_URB,TS_0,2049,1.0
RE1,NE_RESWHT_URB,TS_0,2050,1.0
RE1,NE_RESWHT_URB,TS_0,2051,1.0
RE1,NE_RESWHT_URB,TS_0,2052,1.0
RE1,NE_RESWHT_URB,TS_0,2053,1.0
RE1,NE_RESWHT_URB,TS_0,2054,1.0
RE1,NE_RESWSH_RUR,TS_0,2022,1.0
RE1,NE_RESWSH_RUR,TS_0,2023,1.0
RE1,NE_RESWSH_RUR,TS_0,2024,1.0
RE1,NE_RESWSH_RUR,TS_0,2025,1.0
RE1,NE_RESWSH_RUR,TS_0,2026,1.0
RE1,NE_RESWSH_RUR,TS_0,2027,1.0
RE1,NE_RESWSH_RUR,TS_0,2028,1.0
RE1,NE_RESWSH_RUR,TS_0,2029,1.0
RE1,NE_RESWSH_RUR,TS_0,2030,1.0
RE1,NE_RESWSH_RUR,TS_0,2031,1.0
RE1,NE_RESWSH_RUR,TS_0,2032,1.0
RE1,NE_RESWSH_RUR,TS_0,2033,1.0
RE1,NE_RESWSH_RUR,TS_0,2034,1.0
RE1,NE_RESWSH_RUR,TS_0,2035,1.0
RE1,NE_RESWSH_RUR,TS_0,2036,1.0
RE1,NE_RESWSH_RUR,TS_0,2037,1.0
RE1,NE_RESWSH_RUR,TS_0,2038,1.0
RE1,NE_RESWSH_RUR,TS_0,2039,1.0
RE1,NE_RESWSH_RUR,TS_0,2040,1.0
RE1,NE_RESWSH_RUR,TS_0,2041,1.0
RE1,NE_RESWSH_RUR,TS_0,2042,1.0
RE1,NE_RESWSH_RUR,TS_0,2043,1.0
RE1,NE_RESWSH_RUR,TS_0,2044,1.0
RE1,NE_RESWSH_RUR,TS_0,2045,1.0
RE1,NE_RESWSH_RUR,TS_0,2046,1.0
RE1,NE_RESWSH_RUR,TS_0,2047,1.0
RE1,NE_RESWSH_RUR,TS_0,2048,1.0
RE1,NE_RESWSH_RUR,TS_0,2049,1.0
RE1,NE_RESWSH_RUR,TS_0,2050,1.0
RE1,NE_RESWSH_RUR,TS_0,2051,1.0
RE1,NE_RESWSH_RUR,TS_0,2052,1.0
RE1,NE_RESWSH_RUR,TS_0,2053,1.0
RE1,NE_RESWSH_RUR,TS_0,2054,1.0
RE1,NE_RESWSH_URB,TS_0,2022,1.0
RE1,NE_RESWSH_URB,TS_0,2023,1.0
RE1,NE_RESWSH_URB,TS_0,2024,1.0
RE1,NE_RESWSH_URB,TS_0,2025,1.0
RE1,NE_RESWSH_URB,TS_0,2026,1.0
RE1,NE_RESWSH_URB,TS_0,2027,1.0
RE1,NE_RESWSH_URB,TS_0,2028,1.0
RE1,NE_RESWSH_URB,TS_0,2029,1.0
RE1,NE_RESWSH_URB,TS_0,2030,1.0
RE1,NE_RESWSH_URB,TS_0,2031,1.0
RE1,NE_RESWSH_URB,TS_0,2032,1.0
RE1,NE_RESWSH_URB,TS_0,2033,1.0
RE1,NE_RESWSH_URB,TS_0,2034,1.0
RE1,NE_RESWSH_URB,TS_0,2035,1.0
RE1,NE_RESWSH_URB,TS_0,2036,1.0
RE1,NE_RESWSH_URB,TS_0,2037,1.0
RE1,NE_RESWSH_URB,TS_0,2038,1.0
RE1,NE_RESWSH_URB,TS_0,2039,1.0
RE1,NE_RESWSH_URB,TS_0,2040,1.0
RE1,NE_RESWSH_URB,TS_0,2041,1.0
RE1,NE_RESWSH_URB,TS_0,2042,1.0
RE1,NE_RESWSH_URB,TS_0,2043,1.0
RE1,NE_RESWSH_URB,TS_0,2044,1.0
RE1,NE_RESWSH_URB,TS_0,2045,1.0
RE1,NE_RESWSH_URB,TS_0,2046,1.0
RE1,NE_RESWSH_URB,TS_0,2047,1.0
RE1,NE_RESWSH_URB,TS_0,2048,1.0
RE1,NE_RESWSH_URB,TS_0,2049,1.0
RE1,NE_RESWSH_URB,TS_0,2050,1.0
RE1,NE_RESWSH_URB,TS_0,2051,1.0
RE1,NE_RESWSH_URB,TS_0,2052,1.0
RE1,NE_RESWSH_URB,TS_0,2053,1.0
RE1,NE_RESWSH_URB,TS_0,2054,1.0
RE1,NE_TERCLIM_CEN,TS_0,2022,1.0
RE1,NE_TERCLIM_CEN,TS_0,2023,1.0
RE1,NE_TERCLIM_CEN,TS_0,2024,1.0
RE1,NE_TERCLIM_CEN,TS_0,2025,1.0
RE1,NE_TERCLIM_CEN,TS_0,2026,1.0
RE1,NE_TERCLIM_CEN,TS_0,2027,1.0
RE1,NE_TERCLIM_CEN,TS_0,2028,1.0
RE1,NE_TERCLIM_CEN,TS_0,2029,1.0
RE1,NE_TERCLIM_CEN,TS_0,2030,1.0
RE1,NE_TERCLIM_CEN,TS_0,2031,1.0
RE1,NE_TERCLIM_CEN,TS_0,2032,1.0
RE1,NE_TERCLIM_CEN,TS_0,2033,1.0
RE1,NE_TERCLIM_CEN,TS_0,2034,1.0
RE1,NE_TERCLIM_CEN,TS_0,2035,1.0
RE1,NE_TERCLIM_CEN,TS_0,2036,1.0
RE1,NE_TERCLIM_CEN,TS_0,2037,1.0
RE1,NE_TERCLIM_CEN,TS_0,2038,1.0
RE1,NE_TERCLIM_CEN,TS_0,2039,1.0
RE1,NE_TERCLIM_CEN,TS_0,2040,1.0
RE1,NE_TERCLIM_CEN,TS_0,2041,1.0
RE1,NE_TERCLIM_CEN,TS_0,2042,1.0
RE1,NE_TERCLIM_CEN,TS_0,2043,1.0
RE1,NE_TERCLIM_CEN,TS_0,2044,1.0
RE1,NE_TERCLIM_CEN,TS_0,2045,1.0
RE1,NE_TERCLIM_CEN,TS_0,2046,1.0
RE1,NE_TERCLIM_CEN,TS_0,2047,1.0
RE1,NE_TERCLIM_CEN,TS_0,2048,1.0
RE1,NE_TERCLIM_CEN,TS_0,2049,1.0
RE1,NE_TERCLIM_CEN,TS_0,2050,1.0
RE1,NE_TERCLIM_CEN,TS_0,2051,1.0
RE1,NE_TERCLIM_CEN,TS_0,2052,1.0
RE1,NE_TERCLIM_CEN,TS_0,2053,1.0
RE1,NE_TERCLIM_CEN,TS_0,2054,1.0
RE1,NE_TERCLIM_FAN,TS_0,2022,1.0
RE1,NE_TERCLIM_FAN,TS_0,2023,1.0
RE1,NE_TERCLIM_FAN,TS_0,2024,1.0
RE1,NE_TERCLIM_FAN,TS_0,2025,1.0
RE1,NE_TERCLIM_FAN,TS_0,2026,1.0
RE1,NE_TERCLIM_FAN,TS_0,2027,1.0
RE1,NE_TERCLIM_FAN,TS_0,2028,1.0
RE1,NE_TERCLIM_FAN,TS_0,2029,1.0
RE1,NE_TERCLIM_FAN,TS_0,2030,1.0
RE1,NE_TERCLIM_FAN,TS_0,2031,1.0
RE1,NE_TERCLIM_FAN,TS_0,2032,1.0
RE1,NE_TERCLIM_FAN,TS_0,2033,1.0
RE1,NE_TERCLIM_FAN,TS_0,2034,1.0
RE1,NE_TERCLIM_FAN,TS_0,2035,1.0
RE1,NE_TERCLIM_FAN,TS_0,2036,1.0
RE1,NE_TERCLIM_FAN,TS_0,2037,1.0
RE1,NE_TERCLIM_FAN,TS_0,2038,1.0
RE1,NE_TERCLIM_FAN,TS_0,2039,1.0
RE1,NE_TERCLIM_FAN,TS_0,2040,1.0
RE1,NE_TERCLIM_FAN,TS_0,2041,1.0
RE1,NE_TERCLIM_FAN,TS_0,2042,1.0
RE1,NE_TERCLIM_FAN,TS_0,2043,1.0
RE1,NE_TERCLIM_FAN,TS_0,2044,1.0
RE1,NE_TERCLIM_FAN,TS_0,2045,1.0
RE1,NE_TERCLIM_FAN,TS_0,2046,1.0
RE1,NE_TERCLIM_FAN,TS_0,2047,1.0
RE1,NE_TERCLIM_FAN,TS_0,2048,1.0
RE1,NE_TERCLIM_FAN,TS_0,2049,1.0
RE1,NE_TERCLIM_FAN,TS_0,2050,1.0
RE1,NE_TERCLIM_FAN,TS_0,2051,1.0
RE1,NE_TERCLIM_FAN,TS_0,2052,1.0
RE1,NE_TERCLIM_FAN,TS_0,2053,1.0
RE1,NE_TERCLIM_FAN,TS_0,2054,1.0
RE1,NE_TERCLIM_SPL,TS_0,2022,1.0
RE1,NE_TERCLIM_SPL,TS_0,2023,1.0
RE1,NE_TERCLIM_SPL,TS_0,2024,1.0
RE1,NE_TERCLIM_SPL,TS_0,2025,1.0
RE1,NE_TERCLIM_SPL,TS_0,2026,1.0
RE1,NE_TERCLIM_SPL,TS_0,2027,1.0
RE1,NE_TERCLIM_SPL,TS_0,2028,1.0
RE1,NE_TERCLIM_SPL,TS_0,2029,1.0
RE1,NE_TERCLIM_SPL,TS_0,2030,1.0
RE1,NE_TERCLIM_SPL,TS_0,2031,1.0
RE1,NE_TERCLIM_SPL,TS_0,2032,1.0
RE1,NE_TERCLIM_SPL,TS_0,2033,1.0
RE1,NE_TERCLIM_SPL,TS_0,2034,1.0
RE1,NE_TERCLIM_SPL,TS_0,2035,1.0
RE1,NE_TERCLIM_SPL,TS_0,2036,1.0
RE1,NE_TERCLIM_SPL,TS_0,2037,1.0
RE1,NE_TERCLIM_SPL,TS_0,2038,1.0
RE1,NE_TERCLIM_SPL,TS_0,2039,1.0
RE1,NE_TERCLIM_SPL,TS_0,2040,1.0
RE1,NE_TERCLIM_SPL,TS_0,2041,1.0
RE1,NE_TERCLIM_SPL,TS_0,2042,1.0
RE1,NE_TERCLIM_SPL,TS_0,2043,1.0
RE1,NE_TERCLIM_SPL,TS_0,2044,1.0
RE1,NE_TERCLIM_SPL,TS_0,2045,1.0
RE1,NE_TERCLIM_SPL,TS_0,2046,1.0
RE1,NE_TERCLIM_SPL,TS_0,2047,1.0
RE1,NE_TERCLIM_SPL,TS_0,2048,1.0
RE1,NE_TERCLIM_SPL,TS_0,2049,1.0
RE1,NE_TERCLIM_SPL,TS_0,2050,1.0
RE1,NE_TERCLIM_SPL,TS_0,2051,1.0
RE1,NE_TERCLIM_SPL,TS_0,2052,1.0
RE1,NE_TERCLIM_SPL,TS_0,2053,1.0
RE1,NE_TERCLIM_SPL,TS_0,2054,1.0
RE1,NE_TERDATA,TS_0,2022,1.0
RE1,NE_TERDATA,TS_0,2023,1.0
RE1,NE_TERDATA,TS_0,2024,1.0
RE1,NE_TERDATA,TS_0,2025,1.0
RE1,NE_TERDATA,TS_0,2026,1.0
RE1,NE_TERDATA,TS_0,2027,1.0
RE1,NE_TERDATA,TS_0,2028,1.0
RE1,NE_TERDATA,TS_0,2029,1.0
RE1,NE_TERDATA,TS_0,2030,1.0
RE1,NE_TERDATA,TS_0,2031,1.0
RE1,NE_TERDATA,TS_0,2032,1.0
RE1,NE_TERDATA,TS_0,2033,1.0
RE1,NE_TERDATA,TS_0,2034,1.0
RE1,NE_TERDATA,TS_0,2035,1.0
RE1,NE_TERDATA,TS_0,2036,1.0
RE1,NE_TERDATA,TS_0,2037,1.0
RE1,NE_TERDATA,TS_0,2038,1.0
RE1,NE_TERDATA,TS_0,2039,1.0
RE1,NE_TERDATA,TS_0,2040,1.0
RE1,NE_TERDATA,TS_0,2041,1.0
RE1,NE_TERDATA,TS_0,2042,1.0
RE1,NE_TERDATA,TS_0,2043,1.0
RE1,NE_TERDATA,TS_0,2044,1.0
RE1,NE_TERDATA,TS_0,2045,1.0
RE1,NE_TERDATA,TS_0,2046,1.0
RE1,NE_TERDATA,TS_0,2047,1.0
RE1,NE_TERDATA,TS_0,2048,1.0
RE1,NE_TERDATA,TS_0,2049,1.0
RE1,NE_TERDATA,TS_0,2050,1.0
RE1,NE_TERDATA,TS_0,2051,1.0
RE1,NE_TERDATA,TS_0,2052,1.0
RE1,NE_TERDATA,TS_0,2053,1.0
RE1,NE_TERDATA,TS_0,2054,1.0
RE1,NE_TERDHT,TS_0,2022,1.0
RE1,NE_TERDHT,TS_0,2023,1.0
RE1,NE_TERDHT,TS_0,2024,1.0
RE1,NE_TERDHT,TS_0,2025,1.0
RE1,NE_TERDHT,TS_0,2026,1.0
RE1,NE_TERDHT,TS_0,2027,1.0
RE1,NE_TERDHT,TS_0,2028,1.0
RE1,NE_TERDHT,TS_0,2029,1.0
RE1,NE_TERDHT,TS_0,2030,1.0
RE1,NE_TERDHT,TS_0,2031,1.0
RE1,NE_TERDHT,TS_0,2032,1.0
RE1,NE_TERDHT,TS_0,2033,1.0
RE1,NE_TERDHT,TS_0,2034,1.0
RE1,NE_TERDHT,TS_0,2035,1.0
RE1,NE_TERDHT,TS_0,2036,1.0
RE1,NE_TERDHT,TS_0,2037,1.0
RE1,NE_TERDHT,TS_0,2038,1.0
RE1,NE_TERDHT,TS_0,2039,1.0
RE1,NE_TERDHT,TS_0,2040,1.0
RE1,NE_TERDHT,TS_0,2041,1.0
RE1,NE_TERDHT,TS_0,2042,1.0
RE1,NE_TERDHT,TS_0,2043,1.0
RE1,NE_TERDHT,TS_0,2044,1.0
RE1,NE_TERDHT,TS_0,2045,1.0
RE1,NE_TERDHT,TS_0,2046,1.0
RE1,NE_TERDHT,TS_0,2047,1.0
RE1,NE_TERDHT,TS_0,2048,1.0
RE1,NE_TERDHT,TS_0,2049,1.0
RE1,NE_TERDHT,TS_0,2050,1.0
RE1,NE_TERDHT,TS_0,2051,1.0
RE1,NE_TERDHT,TS_0,2052,1.0
RE1,NE_TERDHT,TS_0,2053,1.0
RE1,NE_TERDHT,TS_0,2054,1.0
RE1,NE_TERIHT,TS_0,2022,1.0
RE1,NE_TERIHT,TS_0,2023,1.0
RE1,NE_TERIHT,TS_0,2024,1.0
RE1,NE_TERIHT,TS_0,2025,1.0
RE1,NE_TERIHT,TS_0,2026,1.0
RE1,NE_TERIHT,TS_0,2027,1.0
RE1,NE_TERIHT,TS_0,2028,1.0
RE1,NE_TERIHT,TS_0,2029,1.0
RE1,NE_TERIHT,TS_0,2030,1.0
RE1,NE_TERIHT,TS_0,2031,1.0
RE1,NE_TERIHT,TS_0,2032,1.0
RE1,NE_TERIHT,TS_0,2033,1.0
RE1,NE_TERIHT,TS_0,2034,1.0
RE1,NE_TERIHT,TS_0,2035,1.0
RE1,NE_TERIHT,TS_0,2036,1.0
RE1,NE_TERIHT,TS_0,2037,1.0
RE1,NE_TERIHT,TS_0,2038,1.0
RE1,NE_TERIHT,TS_0,2039,1.0
RE1,NE_TERIHT,TS_0,2040,1.0
RE1,NE_TERIHT,TS_0,2041,1.0
RE1,NE_TERIHT,TS_0,2042,1.0
RE1,NE_TERIHT,TS_0,2043,1.0
RE1,NE_TERIHT,TS_0,2044,1.0
RE1,NE_TERIHT,TS_0,2045,1.0
RE1,NE_TERIHT,TS_0,2046,1.0
RE1,NE_TERIHT,TS_0,2047,1.0
RE1,NE_TERIHT,TS_0,2048,1.0
RE1,NE_TERIHT,TS_0,2049,1.0
RE1,NE_TERIHT,TS_0,2050,1.0
RE1,NE_TERIHT,TS_0,2051,1.0
RE1,NE_TERIHT,TS_0,2052,1.0
RE1,NE_TERIHT,TS_0,2053,1.0
RE1,NE_TERIHT,TS_0,2054,1.0
RE1,NE_TERILU,TS_0,2022,1.0
RE1,NE_TERILU,TS_0,2023,1.0
RE1,NE_TERILU,TS_0,2024,1.0
RE1,NE_TERILU,TS_0,2025,1.0
RE1,NE_TERILU,TS_0,2026,1.0
RE1,NE_TERILU,TS_0,2027,1.0
RE1,NE_TERILU,TS_0,2028,1.0
RE1,NE_TERILU,TS_0,2029,1.0
RE1,NE_TERILU,TS_0,2030,1.0
RE1,NE_TERILU,TS_0,2031,1.0
RE1,NE_TERILU,TS_0,2032,1.0
RE1,NE_TERILU,TS_0,2033,1.0
RE1,NE_TERILU,TS_0,2034,1.0
RE1,NE_TERILU,TS_0,2035,1.0
RE1,NE_TERILU,TS_0,2036,1.0
RE1,NE_TERILU,TS_0,2037,1.0
RE1,NE_TERILU,TS_0,2038,1.0
RE1,NE_TERILU,TS_0,2039,1.0
RE1,NE_TERILU,TS_0,2040,1.0
RE1,NE_TERILU,TS_0,2041,1.0
RE1,NE_TERILU,TS_0,2042,1.0
RE1,NE_TERILU,TS_0,2043,1.0
RE1,NE_TERILU,TS_0,2044,1.0
RE1,NE_TERILU,TS_0,2045,1.0
RE1,NE_TERILU,TS_0,2046,1.0
RE1,NE_TERILU,TS_0,2047,1.0
RE1,NE_TERILU,TS_0,2048,1.0
RE1,NE_TERILU,TS_0,2049,1.0
RE1,NE_TERILU,TS_0,2050,1.0
RE1,NE_TERILU,TS_0,2051,1.0
RE1,NE_TERILU,TS_0,2052,1.0
RE1,NE_TERILU,TS_0,2053,1.0
RE1,NE_TERILU,TS_0,2054,1.0
RE1,NE_TERMPW,TS_0,2022,1.0
RE1,NE_TERMPW,TS_0,2023,1.0
RE1,NE_TERMPW,TS_0,2024,1.0
RE1,NE_TERMPW,TS_0,2025,1.0
RE1,NE_TERMPW,TS_0,2026,1.0
RE1,NE_TERMPW,TS_0,2027,1.0
RE1,NE_TERMPW,TS_0,2028,1.0
RE1,NE_TERMPW,TS_0,2029,1.0
RE1,NE_TERMPW,TS_0,2030,1.0
RE1,NE_TERMPW,TS_0,2031,1.0
RE1,NE_TERMPW,TS_0,2032,1.0
RE1,NE_TERMPW,TS_0,2033,1.0
RE1,NE_TERMPW,TS_0,2034,1.0
RE1,NE_TERMPW,TS_0,2035,1.0
RE1,NE_TERMPW,TS_0,2036,1.0
RE1,NE_TERMPW,TS_0,2037,1.0
RE1,NE_TERMPW,TS_0,2038,1.0
RE1,NE_TERMPW,TS_0,2039,1.0
RE1,NE_TERMPW,TS_0,2040,1.0
RE1,NE_TERMPW,TS_0,2041,1.0
RE1,NE_TERMPW,TS_0,2042,1.0
RE1,NE_TERMPW,TS_0,2043,1.0
RE1,NE_TERMPW,TS_0,2044,1.0
RE1,NE_TERMPW,TS_0,2045,1.0
RE1,NE_TERMPW,TS_0,2046,1.0
RE1,NE_TERMPW,TS_0,2047,1.0
RE1,NE_TERMPW,TS_0,2048,1.0
RE1,NE_TERMPW,TS_0,2049,1.0
RE1,NE_TERMPW,TS_0,2050,1.0
RE1,NE_TERMPW,TS_0,2051,1.0
RE1,NE_TERMPW,TS_0,2052,1.0
RE1,NE_TERMPW,TS_0,2053,1.0
RE1,NE_TERMPW,TS_0,2054,1.0
RE1,NE_TEROTH,TS_0,2022,1.0
RE1,NE_TEROTH,TS_0,2023,1.0
RE1,NE_TEROTH,TS_0,2024,1.0
RE1,NE_TEROTH,TS_0,2025,1.0
RE1,NE_TEROTH,TS_0,2026,1.0
RE1,NE_TEROTH,TS_0,2027,1.0
RE1,NE_TEROTH,TS_0,2028,1.0
RE1,NE_TEROTH,TS_0,2029,1.0
RE1,NE_TEROTH,TS_0,2030,1.0
RE1,NE_TEROTH,TS_0,2031,1.0
RE1,NE_TEROTH,TS_0,2032,1.0
RE1,NE_TEROTH,TS_0,2033,1.0
RE1,NE_TEROTH,TS_0,2034,1.0
RE1,NE_TEROTH,TS_0,2035,1.0
RE1,NE_TEROTH,TS_0,2036,1.0
RE1,NE_TEROTH,TS_0,2037,1.0
RE1,NE_TEROTH,TS_0,2038,1.0
RE1,NE_TEROTH,TS_0,2039,1.0
RE1,NE_TEROTH,TS_0,2040,1.0
RE1,NE_TEROTH,TS_0,2041,1.0
RE1,NE_TEROTH,TS_0,2042,1.0
RE1,NE_TEROTH,TS_0,2043,1.0
RE1,NE_TEROTH,TS_0,2044,1.0
RE1,NE_TEROTH,TS_0,2045,1.0
RE1,NE_TEROTH,TS_0,2046,1.0
RE1,NE_TEROTH,TS_0,2047,1.0
RE1,NE_TEROTH,TS_0,2048,1.0
RE1,NE_TEROTH,TS_0,2049,1.0
RE1,NE_TEROTH,TS_0,2050,1.0
RE1,NE_TEROTH,TS_0,2051,1.0
RE1,NE_TEROTH,TS_0,2052,1.0
RE1,NE_TEROTH,TS_0,2053,1.0
RE1,NE_TEROTH,TS_0,2054,1.0
RE1,NE_TERREF_AUC,TS_0,2022,1.0
RE1,NE_TERREF_AUC,TS_0,2023,1.0
RE1,NE_TERREF_AUC,TS_0,2024,1.0
RE1,NE_TERREF_AUC,TS_0,2025,1.0
RE1,NE_TERREF_AUC,TS_0,2026,1.0
RE1,NE_TERREF_AUC,TS_0,2027,1.0
RE1,NE_TERREF_AUC,TS_0,2028,1.0
RE1,NE_TERREF_AUC,TS_0,2029,1.0
RE1,NE_TERREF_AUC,TS_0,2030,1.0
RE1,NE_TERREF_AUC,TS_0,2031,1.0
RE1,NE_TERREF_AUC,TS_0,2032,1.0
RE1,NE_TERREF_AUC,TS_0,2033,1.0
RE1,NE_TERREF_AUC,TS_0,2034,1.0
RE1,NE_TERREF_AUC,TS_0,2035,1.0
RE1,NE_TERREF_AUC,TS_0,2036,1.0
RE1,NE_TERREF_AUC,TS_0,2037,1.0
RE1,NE_TERREF_AUC,TS_0,2038,1.0
RE1,NE_TERREF_AUC,TS_0,2039,1.0
RE1,NE_TERREF_AUC,TS_0,2040,1.0
RE1,NE_TERREF_AUC,TS_0,2041,1.0
RE1,NE_TERREF_AUC,TS_0,2042,1.0
RE1,NE_TERREF_AUC,TS_0,2043,1.0
RE1,NE_TERREF_AUC,TS_0,2044,1.0
RE1,NE_TERREF_AUC,TS_0,2045,1.0
RE1,NE_TERREF_AUC,TS_0,2046,1.0
RE1,NE_TERREF_AUC,TS_0,2047,1.0
RE1,NE_TERREF_AUC,TS_0,2048,1.0
RE1,NE_TERREF_AUC,TS_0,2049,1.0
RE1,NE_TERREF_AUC,TS_0,2050,1.0
RE1,NE_TERREF_AUC,TS_0,2051,1.0
RE1,NE_TERREF_AUC,TS_0,2052,1.0
RE1,NE_TERREF_AUC,TS_0,2053,1.0
RE1,NE_TERREF_AUC,TS_0,2054,1.0
RE1,NE_TERREF_CEN,TS_0,2022,1.0
RE1,NE_TERREF_CEN,TS_0,2023,1.0
RE1,NE_TERREF_CEN,TS_0,2024,1.0
RE1,NE_TERREF_CEN,TS_0,2025,1.0
RE1,NE_TERREF_CEN,TS_0,2026,1.0
RE1,NE_TERREF_CEN,TS_0,2027,1.0
RE1,NE_TERREF_CEN,TS_0,2028,1.0
RE1,NE_TERREF_CEN,TS_0,2029,1.0
RE1,NE_TERREF_CEN,TS_0,2030,1.0
RE1,NE_TERREF_CEN,TS_0,2031,1.0
RE1,NE_TERREF_CEN,TS_0,2032,1.0
RE1,NE_TERREF_CEN,TS_0,2033,1.0
RE1,NE_TERREF_CEN,TS_0,2034,1.0
RE1,NE_TERREF_CEN,TS_0,2035,1.0
RE1,NE_TERREF_CEN,TS_0,2036,1.0
RE1,NE_TERREF_CEN,TS_0,2037,1.0
RE1,NE_TERREF_CEN,TS_0,2038,1.0
RE1,NE_TERREF_CEN,TS_0,2039,1.0
RE1,NE_TERREF_CEN,TS_0,2040,1.0
RE1,NE_TERREF_CEN,TS_0,2041,1.0
RE1,NE_TERREF_CEN,TS_0,2042,1.0
RE1,NE_TERREF_CEN,TS_0,2043,1.0
RE1,NE_TERREF_CEN,TS_0,2044,1.0
RE1,NE_TERREF_CEN,TS_0,2045,1.0
RE1,NE_TERREF_CEN,TS_0,2046,1.0
RE1,NE_TERREF_CEN,TS_0,2047,1.0
RE1,NE_TERREF_CEN,TS_0,2048,1.0
RE1,NE_TERREF_CEN,TS_0,2049,1.0
RE1,NE_TERREF_CEN,TS_0,2050,1.0
RE1,NE_TERREF_CEN,TS_0,2051,1.0
RE1,NE_TERREF_CEN,TS_0,2052,1.0
RE1,NE_TERREF_CEN,TS_0,2053,1.0
RE1,NE_TERREF_CEN,TS_0,2054,1.0
RE1,OR_AGFELC,TS_0,2022,1.0
RE1,OR_AGFELC,TS_0,2023,1.0
RE1,OR_AGFELC,TS_0,2024,1.0
RE1,OR_AGFELC,TS_0,2025,1.0
RE1,OR_AGFELC,TS_0,2026,1.0
RE1,OR_AGFELC,TS_0,2027,1.0
RE1,OR_AGFELC,TS_0,2028,1.0
RE1,OR_AGFELC,TS_0,2029,1.0
RE1,OR_AGFELC,TS_0,2030,1.0
RE1,OR_AGFELC,TS_0,2031,1.0
RE1,OR_AGFELC,TS_0,2032,1.0
RE1,OR_AGFELC,TS_0,2033,1.0
RE1,OR_AGFELC,TS_0,2034,1.0
RE1,OR_AGFELC,TS_0,2035,1.0
RE1,OR_AGFELC,TS_0,2036,1.0
RE1,OR_AGFELC,TS_0,2037,1.0
RE1,OR_AGFELC,TS_0,2038,1.0
RE1,OR_AGFELC,TS_0,2039,1.0
RE1,OR_AGFELC,TS_0,2040,1.0
RE1,OR_AGFELC,TS_0,2041,1.0
RE1,OR_AGFELC,TS_0,2042,1.0
RE1,OR_AGFELC,TS_0,2043,1.0
RE1,OR_AGFELC,TS_0,2044,1.0
RE1,OR_AGFELC,TS_0,2045,1.0
RE1,OR_AGFELC,TS_0,2046,1.0
RE1,OR_AGFELC,TS_0,2047,1.0
RE1,OR_AGFELC,TS_0,2048,1.0
RE1,OR_AGFELC,TS_0,2049,1.0
RE1,OR_AGFELC,TS_0,2050,1.0
RE1,OR_AGFELC,TS_0,2051,1.0
RE1,OR_AGFELC,TS_0,2052,1.0
RE1,OR_AGFELC,TS_0,2053,1.0
RE1,OR_AGFELC,TS_0,2054,1.0
RE1,OR_INDCLIM,TS_0,2022,1.0
RE1,OR_INDCLIM,TS_0,2023,1.0
RE1,OR_INDCLIM,TS_0,2024,1.0
RE1,OR_INDCLIM,TS_0,2025,1.0
RE1,OR_INDCLIM,TS_0,2026,1.0
RE1,OR_INDCLIM,TS_0,2027,1.0
RE1,OR_INDCLIM,TS_0,2028,1.0
RE1,OR_INDCLIM,TS_0,2029,1.0
RE1,OR_INDCLIM,TS_0,2030,1.0
RE1,OR_INDCLIM,TS_0,2031,1.0
RE1,OR_INDCLIM,TS_0,2032,1.0
RE1,OR_INDCLIM,TS_0,2033,1.0
RE1,OR_INDCLIM,TS_0,2034,1.0
RE1,OR_INDCLIM,TS_0,2035,1.0
RE1,OR_INDCLIM,TS_0,2036,1.0
RE1,OR_INDCLIM,TS_0,2037,1.0
RE1,OR_INDCLIM,TS_0,2038,1.0
RE1,OR_INDCLIM,TS_0,2039,1.0
RE1,OR_INDCLIM,TS_0,2040,1.0
RE1,OR_INDCLIM,TS_0,2041,1.0
RE1,OR_INDCLIM,TS_0,2042,1.0
RE1,OR_INDCLIM,TS_0,2043,1.0
RE1,OR_INDCLIM,TS_0,2044,1.0
RE1,OR_INDCLIM,TS_0,2045,1.0
RE1,OR_INDCLIM,TS_0,2046,1.0
RE1,OR_INDCLIM,TS_0,2047,1.0
RE1,OR_INDCLIM,TS_0,2048,1.0
RE1,OR_INDCLIM,TS_0,2049,1.0
RE1,OR_INDCLIM,TS_0,2050,1.0
RE1,OR_INDCLIM,TS_0,2051,1.0
RE1,OR_INDCLIM,TS_0,2052,1.0
RE1,OR_INDCLIM,TS_0,2053,1.0
RE1,OR_INDCLIM,TS_0,2054,1.0
RE1,OR_INDDHT,TS_0,2022,1.0
RE1,OR_INDDHT,TS_0,2023,1.0
RE1,OR_INDDHT,TS_0,2024,1.0
RE1,OR_INDDHT,TS_0,2025,1.0
RE1,OR_INDDHT,TS_0,2026,1.0
RE1,OR_INDDHT,TS_0,2027,1.0
RE1,OR_INDDHT,TS_0,2028,1.0
RE1,OR_INDDHT,TS_0,2029,1.0
RE1,OR_INDDHT,TS_0,2030,1.0
RE1,OR_INDDHT,TS_0,2031,1.0
RE1,OR_INDDHT,TS_0,2032,1.0
RE1,OR_INDDHT,TS_0,2033,1.0
RE1,OR_INDDHT,TS_0,2034,1.0
RE1,OR_INDDHT,TS_0,2035,1.0
RE1,OR_INDDHT,TS_0,2036,1.0
RE1,OR_INDDHT,TS_0,2037,1.0
RE1,OR_INDDHT,TS_0,2038,1.0
RE1,OR_INDDHT,TS_0,2039,1.0
RE1,OR_INDDHT,TS_0,2040,1.0
RE1,OR_INDDHT,TS_0,2041,1.0
RE1,OR_INDDHT,TS_0,2042,1.0
RE1,OR_INDDHT,TS_0,2043,1.0
RE1,OR_INDDHT,TS_0,2044,1.0
RE1,OR_INDDHT,TS_0,2045,1.0
RE1,OR_INDDHT,TS_0,2046,1.0
RE1,OR_INDDHT,TS_0,2047,1.0
RE1,OR_INDDHT,TS_0,2048,1.0
RE1,OR_INDDHT,TS_0,2049,1.0
RE1,OR_INDDHT,TS_0,2050,1.0
RE1,OR_INDDHT,TS_0,2051,1.0
RE1,OR_INDDHT,TS_0,2052,1.0
RE1,OR_INDDHT,TS_0,2053,1.0
RE1,OR_INDDHT,TS_0,2054,1.0
RE1,OR_INDIHT,TS_0,2022,1.0
RE1,OR_INDIHT,TS_0,2023,1.0
RE1,OR_INDIHT,TS_0,2024,1.0
RE1,OR_INDIHT,TS_0,2025,1.0
RE1,OR_INDIHT,TS_0,2026,1.0
RE1,OR_INDIHT,TS_0,2027,1.0
RE1,OR_INDIHT,TS_0,2028,1.0
RE1,OR_INDIHT,TS_0,2029,1.0
RE1,OR_INDIHT,TS_0,2030,1.0
RE1,OR_INDIHT,TS_0,2031,1.0
RE1,OR_INDIHT,TS_0,2032,1.0
RE1,OR_INDIHT,TS_0,2033,1.0
RE1,OR_INDIHT,TS_0,2034,1.0
RE1,OR_INDIHT,TS_0,2035,1.0
RE1,OR_INDIHT,TS_0,2036,1.0
RE1,OR_INDIHT,TS_0,2037,1.0
RE1,OR_INDIHT,TS_0,2038,1.0
RE1,OR_INDIHT,TS_0,2039,1.0
RE1,OR_INDIHT,TS_0,2040,1.0
RE1,OR_INDIHT,TS_0,2041,1.0
RE1,OR_INDIHT,TS_0,2042,1.0
RE1,OR_INDIHT,TS_0,2043,1.0
RE1,OR_INDIHT,TS_0,2044,1.0
RE1,OR_INDIHT,TS_0,2045,1.0
RE1,OR_INDIHT,TS_0,2046,1.0
RE1,OR_INDIHT,TS_0,2047,1.0
RE1,OR_INDIHT,TS_0,2048,1.0
RE1,OR_INDIHT,TS_0,2049,1.0
RE1,OR_INDIHT,TS_0,2050,1.0
RE1,OR_INDIHT,TS_0,2051,1.0
RE1,OR_INDIHT,TS_0,2052,1.0
RE1,OR_INDIHT,TS_0,2053,1.0
RE1,OR_INDIHT,TS_0,2054,1.0
RE1,OR_INDILU,TS_0,2022,1.0
RE1,OR_INDILU,TS_0,2023,1.0
RE1,OR_INDILU,TS_0,2024,1.0
RE1,OR_INDILU,TS_0,2025,1.0
RE1,OR_INDILU,TS_0,2026,1.0
RE1,OR_INDILU,TS_0,2027,1.0
RE1,OR_INDILU,TS_0,2028,1.0
RE1,OR_INDILU,TS_0,2029,1.0
RE1,OR_INDILU,TS_0,2030,1.0
RE1,OR_INDILU,TS_0,2031,1.0
RE1,OR_INDILU,TS_0,2032,1.0
RE1,OR_INDILU,TS_0,2033,1.0
RE1,OR_INDILU,TS_0,2034,1.0
RE1,OR_INDILU,TS_0,2035,1.0
RE1,OR_INDILU,TS_0,2036,1.0
RE1,OR_INDILU,TS_0,2037,1.0
RE1,OR_INDILU,TS_0,2038,1.0
RE1,OR_INDILU,TS_0,2039,1.0
RE1,OR_INDILU,TS_0,2040,1.0
RE1,OR_INDILU,TS_0,2041,1.0
RE1,OR_INDILU,TS_0,2042,1.0
RE1,OR_INDILU,TS_0,2043,1.0
RE1,OR_INDILU,TS_0,2044,1.0
RE1,OR_INDILU,TS_0,2045,1.0
RE1,OR_INDILU,TS_0,2046,1.0
RE1,OR_INDILU,TS_0,2047,1.0
RE1,OR_INDILU,TS_0,2048,1.0
RE1,OR_INDILU,TS_0,2049,1.0
RE1,OR_INDILU,TS_0,2050,1.0
RE1,OR_INDILU,TS_0,2051,1.0
RE1,OR_INDILU,TS_0,2052,1.0
RE1,OR_INDILU,TS_0,2053,1.0
RE1,OR_INDILU,TS_0,2054,1.0
RE1,OR_INDMPW,TS_0,2022,1.0
RE1,OR_INDMPW,TS_0,2023,1.0
RE1,OR_INDMPW,TS_0,2024,1.0
RE1,OR_INDMPW,TS_0,2025,1.0
RE1,OR_INDMPW,TS_0,2026,1.0
RE1,OR_INDMPW,TS_0,2027,1.0
RE1,OR_INDMPW,TS_0,2028,1.0
RE1,OR_INDMPW,TS_0,2029,1.0
RE1,OR_INDMPW,TS_0,2030,1.0
RE1,OR_INDMPW,TS_0,2031,1.0
RE1,OR_INDMPW,TS_0,2032,1.0
RE1,OR_INDMPW,TS_0,2033,1.0
RE1,OR_INDMPW,TS_0,2034,1.0
RE1,OR_INDMPW,TS_0,2035,1.0
RE1,OR_INDMPW,TS_0,2036,1.0
RE1,OR_INDMPW,TS_0,2037,1.0
RE1,OR_INDMPW,TS_0,2038,1.0
RE1,OR_INDMPW,TS_0,2039,1.0
RE1,OR_INDMPW,TS_0,2040,1.0
RE1,OR_INDMPW,TS_0,2041,1.0
RE1,OR_INDMPW,TS_0,2042,1.0
RE1,OR_INDMPW,TS_0,2043,1.0
RE1,OR_INDMPW,TS_0,2044,1.0
RE1,OR_INDMPW,TS_0,2045,1.0
RE1,OR_INDMPW,TS_0,2046,1.0
RE1,OR_INDMPW,TS_0,2047,1.0
RE1,OR_INDMPW,TS_0,2048,1.0
RE1,OR_INDMPW,TS_0,2049,1.0
RE1,OR_INDMPW,TS_0,2050,1.0
RE1,OR_INDMPW,TS_0,2051,1.0
RE1,OR_INDMPW,TS_0,2052,1.0
RE1,OR_INDMPW,TS_0,2053,1.0
RE1,OR_INDMPW,TS_0,2054,1.0
RE1,OR_INDOTH_ELC,TS_0,2022,1.0
RE1,OR_INDOTH_ELC,TS_0,2023,1.0
RE1,OR_INDOTH_ELC,TS_0,2024,1.0
RE1,OR_INDOTH_ELC,TS_0,2025,1.0
RE1,OR_INDOTH_ELC,TS_0,2026,1.0
RE1,OR_INDOTH_ELC,TS_0,2027,1.0
RE1,OR_INDOTH_ELC,TS_0,2028,1.0
RE1,OR_INDOTH_ELC,TS_0,2029,1.0
RE1,OR_INDOTH_ELC,TS_0,2030,1.0
RE1,OR_INDOTH_ELC,TS_0,2031,1.0
RE1,OR_INDOTH_ELC,TS_0,2032,1.0
RE1,OR_INDOTH_ELC,TS_0,2033,1.0
RE1,OR_INDOTH_ELC,TS_0,2034,1.0
RE1,OR_INDOTH_ELC,TS_0,2035,1.0
RE1,OR_INDOTH_ELC,TS_0,2036,1.0
RE1,OR_INDOTH_ELC,TS_0,2037,1.0
RE1,OR_INDOTH_ELC,TS_0,2038,1.0
RE1,OR_INDOTH_ELC,TS_0,2039,1.0
RE1,OR_INDOTH_ELC,TS_0,2040,1.0
RE1,OR_INDOTH_ELC,TS_0,2041,1.0
RE1,OR_INDOTH_ELC,TS_0,2042,1.0
RE1,OR_INDOTH_ELC,TS_0,2043,1.0
RE1,OR_INDOTH_ELC,TS_0,2044,1.0
RE1,OR_INDOTH_ELC,TS_0,2045,1.0
RE1,OR_INDOTH_ELC,TS_0,2046,1.0
RE1,OR_INDOTH_ELC,TS_0,2047,1.0
RE1,OR_INDOTH_ELC,TS_0,2048,1.0
RE1,OR_INDOTH_ELC,TS_0,2049,1.0
RE1,OR_INDOTH_ELC,TS_0,2050,1.0
RE1,OR_INDOTH_ELC,TS_0,2051,1.0
RE1,OR_INDOTH_ELC,TS_0,2052,1.0
RE1,OR_INDOTH_ELC,TS_0,2053,1.0
RE1,OR_INDOTH_ELC,TS_0,2054,1.0
RE1,OR_INDREF,TS_0,2022,1.0
RE1,OR_INDREF,TS_0,2023,1.0
RE1,OR_INDREF,TS_0,2024,1.0
RE1,OR_INDREF,TS_0,2025,1.0
RE1,OR_INDREF,TS_0,2026,1.0
RE1,OR_INDREF,TS_0,2027,1.0
RE1,OR_INDREF,TS_0,2028,1.0
RE1,OR_INDREF,TS_0,2029,1.0
RE1,OR_INDREF,TS_0,2030,1.0
RE1,OR_INDREF,TS_0,2031,1.0
RE1,OR_INDREF,TS_0,2032,1.0
RE1,OR_INDREF,TS_0,2033,1.0
RE1,OR_INDREF,TS_0,2034,1.0
RE1,OR_INDREF,TS_0,2035,1.0
RE1,OR_INDREF,TS_0,2036,1.0
RE1,OR_INDREF,TS_0,2037,1.0
RE1,OR_INDREF,TS_0,2038,1.0
RE1,OR_INDREF,TS_0,2039,1.0
RE1,OR_INDREF,TS_0,2040,1.0
RE1,OR_INDREF,TS_0,2041,1.0
RE1,OR_INDREF,TS_0,2042,1.0
RE1,OR_INDREF,TS_0,2043,1.0
RE1,OR_INDREF,TS_0,2044,1.0
RE1,OR_INDREF,TS_0,2045,1.0
RE1,OR_INDREF,TS_0,2046,1.0
RE1,OR_INDREF,TS_0,2047,1.0
RE1,OR_INDREF,TS_0,2048,1.0
RE1,OR_INDREF,TS_0,2049,1.0
RE1,OR_INDREF,TS_0,2050,1.0
RE1,OR_INDREF,TS_0,2051,1.0
RE1,OR_INDREF,TS_0,2052,1.0
RE1,OR_INDREF,TS_0,2053,1.0
RE1,OR_INDREF,TS_0,2054,1.0
RE1,OR_RESCLIM_RUR,TS_0,2022,1.0
RE1,OR_RESCLIM_RUR,TS_0,2023,1.0
RE1,OR_RESCLIM_RUR,TS_0,2024,1.0
RE1,OR_RESCLIM_RUR,TS_0,2025,1.0
RE1,OR_RESCLIM_RUR,TS_0,2026,1.0
RE1,OR_RESCLIM_RUR,TS_0,2027,1.0
RE1,OR_RESCLIM_RUR,TS_0,2028,1.0
RE1,OR_RESCLIM_RUR,TS_0,2029,1.0
RE1,OR_RESCLIM_RUR,TS_0,2030,1.0
RE1,OR_RESCLIM_RUR,TS_0,2031,1.0
RE1,OR_RESCLIM_RUR,TS_0,2032,1.0
RE1,OR_RESCLIM_RUR,TS_0,2033,1.0
RE1,OR_RESCLIM_RUR,TS_0,2034,1.0
RE1,OR_RESCLIM_RUR,TS_0,2035,1.0
RE1,OR_RESCLIM_RUR,TS_0,2036,1.0
RE1,OR_RESCLIM_RUR,TS_0,2037,1.0
RE1,OR_RESCLIM_RUR,TS_0,2038,1.0
RE1,OR_RESCLIM_RUR,TS_0,2039,1.0
RE1,OR_RESCLIM_RUR,TS_0,2040,1.0
RE1,OR_RESCLIM_RUR,TS_0,2041,1.0
RE1,OR_RESCLIM_RUR,TS_0,2042,1.0
RE1,OR_RESCLIM_RUR,TS_0,2043,1.0
RE1,OR_RESCLIM_RUR,TS_0,2044,1.0
RE1,OR_RESCLIM_RUR,TS_0,2045,1.0
RE1,OR_RESCLIM_RUR,TS_0,2046,1.0
RE1,OR_RESCLIM_RUR,TS_0,2047,1.0
RE1,OR_RESCLIM_RUR,TS_0,2048,1.0
RE1,OR_RESCLIM_RUR,TS_0,2049,1.0
RE1,OR_RESCLIM_RUR,TS_0,2050,1.0
RE1,OR_RESCLIM_RUR,TS_0,2051,1.0
RE1,OR_RESCLIM_RUR,TS_0,2052,1.0
RE1,OR_RESCLIM_RUR,TS_0,2053,1.0
RE1,OR_RESCLIM_RUR,TS_0,2054,1.0
RE1,OR_RESCLIM_URB,TS_0,2022,1.0
RE1,OR_RESCLIM_URB,TS_0,2023,1.0
RE1,OR_RESCLIM_URB,TS_0,2024,1.0
RE1,OR_RESCLIM_URB,TS_0,2025,1.0
RE1,OR_RESCLIM_URB,TS_0,2026,1.0
RE1,OR_RESCLIM_URB,TS_0,2027,1.0
RE1,OR_RESCLIM_URB,TS_0,2028,1.0
RE1,OR_RESCLIM_URB,TS_0,2029,1.0
RE1,OR_RESCLIM_URB,TS_0,2030,1.0
RE1,OR_RESCLIM_URB,TS_0,2031,1.0
RE1,OR_RESCLIM_URB,TS_0,2032,1.0
RE1,OR_RESCLIM_URB,TS_0,2033,1.0
RE1,OR_RESCLIM_URB,TS_0,2034,1.0
RE1,OR_RESCLIM_URB,TS_0,2035,1.0
RE1,OR_RESCLIM_URB,TS_0,2036,1.0
RE1,OR_RESCLIM_URB,TS_0,2037,1.0
RE1,OR_RESCLIM_URB,TS_0,2038,1.0
RE1,OR_RESCLIM_URB,TS_0,2039,1.0
RE1,OR_RESCLIM_URB,TS_0,2040,1.0
RE1,OR_RESCLIM_URB,TS_0,2041,1.0
RE1,OR_RESCLIM_URB,TS_0,2042,1.0
RE1,OR_RESCLIM_URB,TS_0,2043,1.0
RE1,OR_RESCLIM_URB,TS_0,2044,1.0
RE1,OR_RESCLIM_URB,TS_0,2045,1.0
RE1,OR_RESCLIM_URB,TS_0,2046,1.0
RE1,OR_RESCLIM_URB,TS_0,2047,1.0
RE1,OR_RESCLIM_URB,TS_0,2048,1.0
RE1,OR_RESCLIM_URB,TS_0,2049,1.0
RE1,OR_RESCLIM_URB,TS_0,2050,1.0
RE1,OR_RESCLIM_URB,TS_0,2051,1.0
RE1,OR_RESCLIM_URB,TS_0,2052,1.0
RE1,OR_RESCLIM_URB,TS_0,2053,1.0
RE1,OR_RESCLIM_URB,TS_0,2054,1.0
RE1,OR_RESDHT_RUR,TS_0,2022,1.0
RE1,OR_RESDHT_RUR,TS_0,2023,1.0
RE1,OR_RESDHT_RUR,TS_0,2024,1.0
RE1,OR_RESDHT_RUR,TS_0,2025,1.0
RE1,OR_RESDHT_RUR,TS_0,2026,1.0
RE1,OR_RESDHT_RUR,TS_0,2027,1.0
RE1,OR_RESDHT_RUR,TS_0,2028,1.0
RE1,OR_RESDHT_RUR,TS_0,2029,1.0
RE1,OR_RESDHT_RUR,TS_0,2030,1.0
RE1,OR_RESDHT_RUR,TS_0,2031,1.0
RE1,OR_RESDHT_RUR,TS_0,2032,1.0
RE1,OR_RESDHT_RUR,TS_0,2033,1.0
RE1,OR_RESDHT_RUR,TS_0,2034,1.0
RE1,OR_RESDHT_RUR,TS_0,2035,1.0
RE1,OR_RESDHT_RUR,TS_0,2036,1.0
RE1,OR_RESDHT_RUR,TS_0,2037,1.0
RE1,OR_RESDHT_RUR,TS_0,2038,1.0
RE1,OR_RESDHT_RUR,TS_0,2039,1.0
RE1,OR_RESDHT_RUR,TS_0,2040,1.0
RE1,OR_RESDHT_RUR,TS_0,2041,1.0
RE1,OR_RESDHT_RUR,TS_0,2042,1.0
RE1,OR_RESDHT_RUR,TS_0,2043,1.0
RE1,OR_RESDHT_RUR,TS_0,2044,1.0
RE1,OR_RESDHT_RUR,TS_0,2045,1.0
RE1,OR_RESDHT_RUR,TS_0,2046,1.0
RE1,OR_RESDHT_RUR,TS_0,2047,1.0
RE1,OR_RESDHT_RUR,TS_0,2048,1.0
RE1,OR_RESDHT_RUR,TS_0,2049,1.0
RE1,OR_RESDHT_RUR,TS_0,2050,1.0
RE1,OR_RESDHT_RUR,TS_0,2051,1.0
RE1,OR_RESDHT_RUR,TS_0,2052,1.0
RE1,OR_RESDHT_RUR,TS_0,2053,1.0
RE1,OR_RESDHT_RUR,TS_0,2054,1.0
RE1,OR_RESDHT_URB,TS_0,2022,1.0
RE1,OR_RESDHT_URB,TS_0,2023,1.0
RE1,OR_RESDHT_URB,TS_0,2024,1.0
RE1,OR_RESDHT_URB,TS_0,2025,1.0
RE1,OR_RESDHT_URB,TS_0,2026,1.0
RE1,OR_RESDHT_URB,TS_0,2027,1.0
RE1,OR_RESDHT_URB,TS_0,2028,1.0
RE1,OR_RESDHT_URB,TS_0,2029,1.0
RE1,OR_RESDHT_URB,TS_0,2030,1.0
RE1,OR_RESDHT_URB,TS_0,2031,1.0
RE1,OR_RESDHT_URB,TS_0,2032,1.0
RE1,OR_RESDHT_URB,TS_0,2033,1.0
RE1,OR_RESDHT_URB,TS_0,2034,1.0
RE1,OR_RESDHT_URB,TS_0,2035,1.0
RE1,OR_RESDHT_URB,TS_0,2036,1.0
RE1,OR_RESDHT_URB,TS_0,2037,1.0
RE1,OR_RESDHT_URB,TS_0,2038,1.0
RE1,OR_RESDHT_URB,TS_0,2039,1.0
RE1,OR_RESDHT_URB,TS_0,2040,1.0
RE1,OR_RESDHT_URB,TS_0,2041,1.0
RE1,OR_RESDHT_URB,TS_0,2042,1.0
RE1,OR_RESDHT_URB,TS_0,2043,1.0
RE1,OR_RESDHT_URB,TS_0,2044,1.0
RE1,OR_RESDHT_URB,TS_0,2045,1.0
RE1,OR_RESDHT_URB,TS_0,2046,1.0
RE1,OR_RESDHT_URB,TS_0,2047,1.0
RE1,OR_RESDHT_URB,TS_0,2048,1.0
RE1,OR_RESDHT_URB,TS_0,2049,1.0
RE1,OR_RESDHT_URB,TS_0,2050,1.0
RE1,OR_RESDHT_URB,TS_0,2051,1.0
RE1,OR_RESDHT_URB,TS_0,2052,1.0
RE1,OR_RESDHT_URB,TS_0,2053,1.0
RE1,OR_RESDHT_URB,TS_0,2054,1.0
RE1,OR_RESILU_RUR,TS_0,2022,1.0
RE1,OR_RESILU_RUR,TS_0,2023,1.0
RE1,OR_RESILU_RUR,TS_0,2024,1.0
RE1,OR_RESILU_RUR,TS_0,2025,1.0
RE1,OR_RESILU_RUR,TS_0,2026,1.0
RE1,OR_RESILU_RUR,TS_0,2027,1.0
RE1,OR_RESILU_RUR,TS_0,2028,1.0
RE1,OR_RESILU_RUR,TS_0,2029,1.0
RE1,OR_RESILU_RUR,TS_0,2030,1.0
RE1,OR_RESILU_RUR,TS_0,2031,1.0
RE1,OR_RESILU_RUR,TS_0,2032,1.0
RE1,OR_RESILU_RUR,TS_0,2033,1.0
RE1,OR_RESILU_RUR,TS_0,2034,1.0
RE1,OR_RESILU_RUR,TS_0,2035,1.0
RE1,OR_RESILU_RUR,TS_0,2036,1.0
RE1,OR_RESILU_RUR,TS_0,2037,1.0
RE1,OR_RESILU_RUR,TS_0,2038,1.0
RE1,OR_RESILU_RUR,TS_0,2039,1.0
RE1,OR_RESILU_RUR,TS_0,2040,1.0
RE1,OR_RESILU_RUR,TS_0,2041,1.0
RE1,OR_RESILU_RUR,TS_0,2042,1.0
RE1,OR_RESILU_RUR,TS_0,2043,1.0
RE1,OR_RESILU_RUR,TS_0,2044,1.0
RE1,OR_RESILU_RUR,TS_0,2045,1.0
RE1,OR_RESILU_RUR,TS_0,2046,1.0
RE1,OR_RESILU_RUR,TS_0,2047,1.0
RE1,OR_RESILU_RUR,TS_0,2048,1.0
RE1,OR_RESILU_RUR,TS_0,2049,1.0
RE1,OR_RESILU_RUR,TS_0,2050,1.0
RE1,OR_RESILU_RUR,TS_0,2051,1.0
RE1,OR_RESILU_RUR,TS_0,2052,1.0
RE1,OR_RESILU_RUR,TS_0,2053,1.0
RE1,OR_RESILU_RUR,TS_0,2054,1.0
RE1,OR_RESILU_URB,TS_0,2022,1.0
RE1,OR_RESILU_URB,TS_0,2023,1.0
RE1,OR_RESILU_URB,TS_0,2024,1.0
RE1,OR_RESILU_URB,TS_0,2025,1.0
RE1,OR_RESILU_URB,TS_0,2026,1.0
RE1,OR_RESILU_URB,TS_0,2027,1.0
RE1,OR_RESILU_URB,TS_0,2028,1.0
RE1,OR_RESILU_URB,TS_0,2029,1.0
RE1,OR_RESILU_URB,TS_0,2030,1.0
RE1,OR_RESILU_URB,TS_0,2031,1.0
RE1,OR_RESILU_URB,TS_0,2032,1.0
RE1,OR_RESILU_URB,TS_0,2033,1.0
RE1,OR_RESILU_URB,TS_0,2034,1.0
RE1,OR_RESILU_URB,TS_0,2035,1.0
RE1,OR_RESILU_URB,TS_0,2036,1.0
RE1,OR_RESILU_URB,TS_0,2037,1.0
RE1,OR_RESILU_URB,TS_0,2038,1.0
RE1,OR_RESILU_URB,TS_0,2039,1.0
RE1,OR_RESILU_URB,TS_0,2040,1.0
RE1,OR_RESILU_URB,TS_0,2041,1.0
RE1,OR_RESILU_URB,TS_0,2042,1.0
RE1,OR_RESILU_URB,TS_0,2043,1.0
RE1,OR_RESILU_URB,TS_0,2044,1.0
RE1,OR_RESILU_URB,TS_0,2045,1.0
RE1,OR_RESILU_URB,TS_0,2046,1.0
RE1,OR_RESILU_URB,TS_0,2047,1.0
RE1,OR_RESILU_URB,TS_0,2048,1.0
RE1,OR_RESILU_URB,TS_0,2049,1.0
RE1,OR_RESILU_URB,TS_0,2050,1.0
RE1,OR_RESILU_URB,TS_0,2051,1.0
RE1,OR_RESILU_URB,TS_0,2052,1.0
RE1,OR_RESILU_URB,TS_0,2053,1.0
RE1,OR_RESILU_URB,TS_0,2054,1.0
RE1,OR_RESOTH_RUR,TS_0,2022,1.0
RE1,OR_RESOTH_RUR,TS_0,2023,1.0
RE1,OR_RESOTH_RUR,TS_0,2024,1.0
RE1,OR_RESOTH_RUR,TS_0,2025,1.0
RE1,OR_RESOTH_RUR,TS_0,2026,1.0
RE1,OR_RESOTH_RUR,TS_0,2027,1.0
RE1,OR_RESOTH_RUR,TS_0,2028,1.0
RE1,OR_RESOTH_RUR,TS_0,2029,1.0
RE1,OR_RESOTH_RUR,TS_0,2030,1.0
RE1,OR_RESOTH_RUR,TS_0,2031,1.0
RE1,OR_RESOTH_RUR,TS_0,2032,1.0
RE1,OR_RESOTH_RUR,TS_0,2033,1.0
RE1,OR_RESOTH_RUR,TS_0,2034,1.0
RE1,OR_RESOTH_RUR,TS_0,2035,1.0
RE1,OR_RESOTH_RUR,TS_0,2036,1.0
RE1,OR_RESOTH_RUR,TS_0,2037,1.0
RE1,OR_RESOTH_RUR,TS_0,2038,1.0
RE1,OR_RESOTH_RUR,TS_0,2039,1.0
RE1,OR_RESOTH_RUR,TS_0,2040,1.0
RE1,OR_RESOTH_RUR,TS_0,2041,1.0
RE1,OR_RESOTH_RUR,TS_0,2042,1.0
RE1,OR_RESOTH_RUR,TS_0,2043,1.0
RE1,OR_RESOTH_RUR,TS_0,2044,1.0
RE1,OR_RESOTH_RUR,TS_0,2045,1.0
RE1,OR_RESOTH_RUR,TS_0,2046,1.0
RE1,OR_RESOTH_RUR,TS_0,2047,1.0
RE1,OR_RESOTH_RUR,TS_0,2048,1.0
RE1,OR_RESOTH_RUR,TS_0,2049,1.0
RE1,OR_RESOTH_RUR,TS_0,2050,1.0
RE1,OR_RESOTH_RUR,TS_0,2051,1.0
RE1,OR_RESOTH_RUR,TS_0,2052,1.0
RE1,OR_RESOTH_RUR,TS_0,2053,1.0
RE1,OR_RESOTH_RUR,TS_0,2054,1.0
RE1,OR_RESOTH_URB,TS_0,2022,1.0
RE1,OR_RESOTH_URB,TS_0,2023,1.0
RE1,OR_RESOTH_URB,TS_0,2024,1.0
RE1,OR_RESOTH_URB,TS_0,2025,1.0
RE1,OR_RESOTH_URB,TS_0,2026,1.0
RE1,OR_RESOTH_URB,TS_0,2027,1.0
RE1,OR_RESOTH_URB,TS_0,2028,1.0
RE1,OR_RESOTH_URB,TS_0,2029,1.0
RE1,OR_RESOTH_URB,TS_0,2030,1.0
RE1,OR_RESOTH_URB,TS_0,2031,1.0
RE1,OR_RESOTH_URB,TS_0,2032,1.0
RE1,OR_RESOTH_URB,TS_0,2033,1.0
RE1,OR_RESOTH_URB,TS_0,2034,1.0
RE1,OR_RESOTH_URB,TS_0,2035,1.0
RE1,OR_RESOTH_URB,TS_0,2036,1.0
RE1,OR_RESOTH_URB,TS_0,2037,1.0
RE1,OR_RESOTH_URB,TS_0,2038,1.0
RE1,OR_RESOTH_URB,TS_0,2039,1.0
RE1,OR_RESOTH_URB,TS_0,2040,1.0
RE1,OR_RESOTH_URB,TS_0,2041,1.0
RE1,OR_RESOTH_URB,TS_0,2042,1.0
RE1,OR_RESOTH_URB,TS_0,2043,1.0
RE1,OR_RESOTH_URB,TS_0,2044,1.0
RE1,OR_RESOTH_URB,TS_0,2045,1.0
RE1,OR_RESOTH_URB,TS_0,2046,1.0
RE1,OR_RESOTH_URB,TS_0,2047,1.0
RE1,OR_RESOTH_URB,TS_0,2048,1.0
RE1,OR_RESOTH_URB,TS_0,2049,1.0
RE1,OR_RESOTH_URB,TS_0,2050,1.0
RE1,OR_RESOTH_URB,TS_0,2051,1.0
RE1,OR_RESOTH_URB,TS_0,2052,1.0
RE1,OR_RESOTH_URB,TS_0,2053,1.0
RE1,OR_RESOTH_URB,TS_0,2054,1.0
RE1,OR_RESREF_RUR,TS_0,2022,1.0
RE1,OR_RESREF_RUR,TS_0,2023,1.0
RE1,OR_RESREF_RUR,TS_0,2024,1.0
RE1,OR_RESREF_RUR,TS_0,2025,1.0
RE1,OR_RESREF_RUR,TS_0,2026,1.0
RE1,OR_RESREF_RUR,TS_0,2027,1.0
RE1,OR_RESREF_RUR,TS_0,2028,1.0
RE1,OR_RESREF_RUR,TS_0,2029,1.0
RE1,OR_RESREF_RUR,TS_0,2030,1.0
RE1,OR_RESREF_RUR,TS_0,2031,1.0
RE1,OR_RESREF_RUR,TS_0,2032,1.0
RE1,OR_RESREF_RUR,TS_0,2033,1.0
RE1,OR_RESREF_RUR,TS_0,2034,1.0
RE1,OR_RESREF_RUR,TS_0,2035,1.0
RE1,OR_RESREF_RUR,TS_0,2036,1.0
RE1,OR_RESREF_RUR,TS_0,2037,1.0
RE1,OR_RESREF_RUR,TS_0,2038,1.0
RE1,OR_RESREF_RUR,TS_0,2039,1.0
RE1,OR_RESREF_RUR,TS_0,2040,1.0
RE1,OR_RESREF_RUR,TS_0,2041,1.0
RE1,OR_RESREF_RUR,TS_0,2042,1.0
RE1,OR_RESREF_RUR,TS_0,2043,1.0
RE1,OR_RESREF_RUR,TS_0,2044,1.0
RE1,OR_RESREF_RUR,TS_0,2045,1.0
RE1,OR_RESREF_RUR,TS_0,2046,1.0
RE1,OR_RESREF_RUR,TS_0,2047,1.0
RE1,OR_RESREF_RUR,TS_0,2048,1.0
RE1,OR_RESREF_RUR,TS_0,2049,1.0
RE1,OR_RESREF_RUR,TS_0,2050,1.0
RE1,OR_RESREF_RUR,TS_0,2051,1.0
RE1,OR_RESREF_RUR,TS_0,2052,1.0
RE1,OR_RESREF_RUR,TS_0,2053,1.0
RE1,OR_RESREF_RUR,TS_0,2054,1.0
RE1,OR_RESREF_URB,TS_0,2022,1.0
RE1,OR_RESREF_URB,TS_0,2023,1.0
RE1,OR_RESREF_URB,TS_0,2024,1.0
RE1,OR_RESREF_URB,TS_0,2025,1.0
RE1,OR_RESREF_URB,TS_0,2026,1.0
RE1,OR_RESREF_URB,TS_0,2027,1.0
RE1,OR_RESREF_URB,TS_0,2028,1.0
RE1,OR_RESREF_URB,TS_0,2029,1.0
RE1,OR_RESREF_URB,TS_0,2030,1.0
RE1,OR_RESREF_URB,TS_0,2031,1.0
RE1,OR_RESREF_URB,TS_0,2032,1.0
RE1,OR_RESREF_URB,TS_0,2033,1.0
RE1,OR_RESREF_URB,TS_0,2034,1.0
RE1,OR_RESREF_URB,TS_0,2035,1.0
RE1,OR_RESREF_URB,TS_0,2036,1.0
RE1,OR_RESREF_URB,TS_0,2037,1.0
RE1,OR_RESREF_URB,TS_0,2038,1.0
RE1,OR_RESREF_URB,TS_0,2039,1.0
RE1,OR_RESREF_URB,TS_0,2040,1.0
RE1,OR_RESREF_URB,TS_0,2041,1.0
RE1,OR_RESREF_URB,TS_0,2042,1.0
RE1,OR_RESREF_URB,TS_0,2043,1.0
RE1,OR_RESREF_URB,TS_0,2044,1.0
RE1,OR_RESREF_URB,TS_0,2045,1.0
RE1,OR_RESREF_URB,TS_0,2046,1.0
RE1,OR_RESREF_URB,TS_0,2047,1.0
RE1,OR_RESREF_URB,TS_0,2048,1.0
RE1,OR_RESREF_URB,TS_0,2049,1.0
RE1,OR_RESREF_URB,TS_0,2050,1.0
RE1,OR_RESREF_URB,TS_0,2051,1.0
RE1,OR_RESREF_URB,TS_0,2052,1.0
RE1,OR_RESREF_URB,TS_0,2053,1.0
RE1,OR_RESREF_URB,TS_0,2054,1.0
RE1,OR_RESTV_RUR,TS_0,2022,1.0
RE1,OR_RESTV_RUR,TS_0,2023,1.0
RE1,OR_RESTV_RUR,TS_0,2024,1.0
RE1,OR_RESTV_RUR,TS_0,2025,1.0
RE1,OR_RESTV_RUR,TS_0,2026,1.0
RE1,OR_RESTV_RUR,TS_0,2027,1.0
RE1,OR_RESTV_RUR,TS_0,2028,1.0
RE1,OR_RESTV_RUR,TS_0,2029,1.0
RE1,OR_RESTV_RUR,TS_0,2030,1.0
RE1,OR_RESTV_RUR,TS_0,2031,1.0
RE1,OR_RESTV_RUR,TS_0,2032,1.0
RE1,OR_RESTV_RUR,TS_0,2033,1.0
RE1,OR_RESTV_RUR,TS_0,2034,1.0
RE1,OR_RESTV_RUR,TS_0,2035,1.0
RE1,OR_RESTV_RUR,TS_0,2036,1.0
RE1,OR_RESTV_RUR,TS_0,2037,1.0
RE1,OR_RESTV_RUR,TS_0,2038,1.0
RE1,OR_RESTV_RUR,TS_0,2039,1.0
RE1,OR_RESTV_RUR,TS_0,2040,1.0
RE1,OR_RESTV_RUR,TS_0,2041,1.0
RE1,OR_RESTV_RUR,TS_0,2042,1.0
RE1,OR_RESTV_RUR,TS_0,2043,1.0
RE1,OR_RESTV_RUR,TS_0,2044,1.0
RE1,OR_RESTV_RUR,TS_0,2045,1.0
RE1,OR_RESTV_RUR,TS_0,2046,1.0
RE1,OR_RESTV_RUR,TS_0,2047,1.0
RE1,OR_RESTV_RUR,TS_0,2048,1.0
RE1,OR_RESTV_RUR,TS_0,2049,1.0
RE1,OR_RESTV_RUR,TS_0,2050,1.0
RE1,OR_RESTV_RUR,TS_0,2051,1.0
RE1,OR_RESTV_RUR,TS_0,2052,1.0
RE1,OR_RESTV_RUR,TS_0,2053,1.0
RE1,OR_RESTV_RUR,TS_0,2054,1.0
RE1,OR_RESTV_URB,TS_0,2022,1.0
RE1,OR_RESTV_URB,TS_0,2023,1.0
RE1,OR_RESTV_URB,TS_0,2024,1.0
RE1,OR_RESTV_URB,TS_0,2025,1.0
RE1,OR_RESTV_URB,TS_0,2026,1.0
RE1,OR_RESTV_URB,TS_0,2027,1.0
RE1,OR_RESTV_URB,TS_0,2028,1.0
RE1,OR_RESTV_URB,TS_0,2029,1.0
RE1,OR_RESTV_URB,TS_0,2030,1.0
RE1,OR_RESTV_URB,TS_0,2031,1.0
RE1,OR_RESTV_URB,TS_0,2032,1.0
RE1,OR_RESTV_URB,TS_0,2033,1.0
RE1,OR_RESTV_URB,TS_0,2034,1.0
RE1,OR_RESTV_URB,TS_0,2035,1.0
RE1,OR_RESTV_URB,TS_0,2036,1.0
RE1,OR_RESTV_URB,TS_0,2037,1.0
RE1,OR_RESTV_URB,TS_0,2038,1.0
RE1,OR_RESTV_URB,TS_0,2039,1.0
RE1,OR_RESTV_URB,TS_0,2040,1.0
RE1,OR_RESTV_URB,TS_0,2041,1.0
RE1,OR_RESTV_URB,TS_0,2042,1.0
RE1,OR_RESTV_URB,TS_0,2043,1.0
RE1,OR_RESTV_URB,TS_0,2044,1.0
RE1,OR_RESTV_URB,TS_0,2045,1.0
RE1,OR_RESTV_URB,TS_0,2046,1.0
RE1,OR_RESTV_URB,TS_0,2047,1.0
RE1,OR_RESTV_URB,TS_0,2048,1.0
RE1,OR_RESTV_URB,TS_0,2049,1.0
RE1,OR_RESTV_URB,TS_0,2050,1.0
RE1,OR_RESTV_URB,TS_0,2051,1.0
RE1,OR_RESTV_URB,TS_0,2052,1.0
RE1,OR_RESTV_URB,TS_0,2053,1.0
RE1,OR_RESTV_URB,TS_0,2054,1.0
RE1,OR_RESWHT_RUR,TS_0,2022,1.0
RE1,OR_RESWHT_RUR,TS_0,2023,1.0
RE1,OR_RESWHT_RUR,TS_0,2024,1.0
RE1,OR_RESWHT_RUR,TS_0,2025,1.0
RE1,OR_RESWHT_RUR,TS_0,2026,1.0
RE1,OR_RESWHT_RUR,TS_0,2027,1.0
RE1,OR_RESWHT_RUR,TS_0,2028,1.0
RE1,OR_RESWHT_RUR,TS_0,2029,1.0
RE1,OR_RESWHT_RUR,TS_0,2030,1.0
RE1,OR_RESWHT_RUR,TS_0,2031,1.0
RE1,OR_RESWHT_RUR,TS_0,2032,1.0
RE1,OR_RESWHT_RUR,TS_0,2033,1.0
RE1,OR_RESWHT_RUR,TS_0,2034,1.0
RE1,OR_RESWHT_RUR,TS_0,2035,1.0
RE1,OR_RESWHT_RUR,TS_0,2036,1.0
RE1,OR_RESWHT_RUR,TS_0,2037,1.0
RE1,OR_RESWHT_RUR,TS_0,2038,1.0
RE1,OR_RESWHT_RUR,TS_0,2039,1.0
RE1,OR_RESWHT_RUR,TS_0,2040,1.0
RE1,OR_RESWHT_RUR,TS_0,2041,1.0
RE1,OR_RESWHT_RUR,TS_0,2042,1.0
RE1,OR_RESWHT_RUR,TS_0,2043,1.0
RE1,OR_RESWHT_RUR,TS_0,2044,1.0
RE1,OR_RESWHT_RUR,TS_0,2045,1.0
RE1,OR_RESWHT_RUR,TS_0,2046,1.0
RE1,OR_RESWHT_RUR,TS_0,2047,1.0
RE1,OR_RESWHT_RUR,TS_0,2048,1.0
RE1,OR_RESWHT_RUR,TS_0,2049,1.0
RE1,OR_RESWHT_RUR,TS_0,2050,1.0
RE1,OR_RESWHT_RUR,TS_0,2051,1.0
RE1,OR_RESWHT_RUR,TS_0,2052,1.0
RE1,OR_RESWHT_RUR,TS_0,2053,1.0
RE1,OR_RESWHT_RUR,TS_0,2054,1.0
RE1,OR_RESWHT_URB,TS_0,2022,1.0
RE1,OR_RESWHT_URB,TS_0,2023,1.0
RE1,OR_RESWHT_URB,TS_0,2024,1.0
RE1,OR_RESWHT_URB,TS_0,2025,1.0
RE1,OR_RESWHT_URB,TS_0,2026,1.0
RE1,OR_RESWHT_URB,TS_0,2027,1.0
RE1,OR_RESWHT_URB,TS_0,2028,1.0
RE1,OR_RESWHT_URB,TS_0,2029,1.0
RE1,OR_RESWHT_URB,TS_0,2030,1.0
RE1,OR_RESWHT_URB,TS_0,2031,1.0
RE1,OR_RESWHT_URB,TS_0,2032,1.0
RE1,OR_RESWHT_URB,TS_0,2033,1.0
RE1,OR_RESWHT_URB,TS_0,2034,1.0
RE1,OR_RESWHT_URB,TS_0,2035,1.0
RE1,OR_RESWHT_URB,TS_0,2036,1.0
RE1,OR_RESWHT_URB,TS_0,2037,1.0
RE1,OR_RESWHT_URB,TS_0,2038,1.0
RE1,OR_RESWHT_URB,TS_0,2039,1.0
RE1,OR_RESWHT_URB,TS_0,2040,1.0
RE1,OR_RESWHT_URB,TS_0,2041,1.0
RE1,OR_RESWHT_URB,TS_0,2042,1.0
RE1,OR_RESWHT_URB,TS_0,2043,1.0
RE1,OR_RESWHT_URB,TS_0,2044,1.0
RE1,OR_RESWHT_URB,TS_0,2045,1.0
RE1,OR_RESWHT_URB,TS_0,2046,1.0
RE1,OR_RESWHT_URB,TS_0,2047,1.0
RE1,OR_RESWHT_URB,TS_0,2048,1.0
RE1,OR_RESWHT_URB,TS_0,2049,1.0
RE1,OR_RESWHT_URB,TS_0,2050,1.0
RE1,OR_RESWHT_URB,TS_0,2051,1.0
RE1,OR_RESWHT_URB,TS_0,2052,1.0
RE1,OR_RESWHT_URB,TS_0,2053,1.0
RE1,OR_RESWHT_URB,TS_0,2054,1.0
RE1,OR_RESWSH_RUR,TS_0,2022,1.0
RE1,OR_RESWSH_RUR,TS_0,2023,1.0
RE1,OR_RESWSH_RUR,TS_0,2024,1.0
RE1,OR_RESWSH_RUR,TS_0,2025,1.0
RE1,OR_RESWSH_RUR,TS_0,2026,1.0
RE1,OR_RESWSH_RUR,TS_0,2027,1.0
RE1,OR_RESWSH_RUR,TS_0,2028,1.0
RE1,OR_RESWSH_RUR,TS_0,2029,1.0
RE1,OR_RESWSH_RUR,TS_0,2030,1.0
RE1,OR_RESWSH_RUR,TS_0,2031,1.0
RE1,OR_RESWSH_RUR,TS_0,2032,1.0
RE1,OR_RESWSH_RUR,TS_0,2033,1.0
RE1,OR_RESWSH_RUR,TS_0,2034,1.0
RE1,OR_RESWSH_RUR,TS_0,2035,1.0
RE1,OR_RESWSH_RUR,TS_0,2036,1.0
RE1,OR_RESWSH_RUR,TS_0,2037,1.0
RE1,OR_RESWSH_RUR,TS_0,2038,1.0
RE1,OR_RESWSH_RUR,TS_0,2039,1.0
RE1,OR_RESWSH_RUR,TS_0,2040,1.0
RE1,OR_RESWSH_RUR,TS_0,2041,1.0
RE1,OR_RESWSH_RUR,TS_0,2042,1.0
RE1,OR_RESWSH_RUR,TS_0,2043,1.0
RE1,OR_RESWSH_RUR,TS_0,2044,1.0
RE1,OR_RESWSH_RUR,TS_0,2045,1.0
RE1,OR_RESWSH_RUR,TS_0,2046,1.0
RE1,OR_RESWSH_RUR,TS_0,2047,1.0
RE1,OR_RESWSH_RUR,TS_0,2048,1.0
RE1,OR_RESWSH_RUR,TS_0,2049,1.0
RE1,OR_RESWSH_RUR,TS_0,2050,1.0
RE1,OR_RESWSH_RUR,TS_0,2051,1.0
RE1,OR_RESWSH_RUR,TS_0,2052,1.0
RE1,OR_RESWSH_RUR,TS_0,2053,1.0
RE1,OR_RESWSH_RUR,TS_0,2054,1.0
RE1,OR_RESWSH_URB,TS_0,2022,1.0
RE1,OR_RESWSH_URB,TS_0,2023,1.0
RE1,OR_RESWSH_URB,TS_0,2024,1.0
RE1,OR_RESWSH_URB,TS_0,2025,1.0
RE1,OR_RESWSH_URB,TS_0,2026,1.0
RE1,OR_RESWSH_URB,TS_0,2027,1.0
RE1,OR_RESWSH_URB,TS_0,2028,1.0
RE1,OR_RESWSH_URB,TS_0,2029,1.0
RE1,OR_RESWSH_URB,TS_0,2030,1.0
RE1,OR_RESWSH_URB,TS_0,2031,1.0
RE1,OR_RESWSH_URB,TS_0,2032,1.0
RE1,OR_RESWSH_URB,TS_0,2033,1.0
RE1,OR_RESWSH_URB,TS_0,2034,1.0
RE1,OR_RESWSH_URB,TS_0,2035,1.0
RE1,OR_RESWSH_URB,TS_0,2036,1.0
RE1,OR_RESWSH_URB,TS_0,2037,1.0
RE1,OR_RESWSH_URB,TS_0,2038,1.0
RE1,OR_RESWSH_URB,TS_0,2039,1.0
RE1,OR_RESWSH_URB,TS_0,2040,1.0
RE1,OR_RESWSH_URB,TS_0,2041,1.0
RE1,OR_RESWSH_URB,TS_0,2042,1.0
RE1,OR_RESWSH_URB,TS_0,2043,1.0
RE1,OR_RESWSH_URB,TS_0,2044,1.0
RE1,OR_RESWSH_URB,TS_0,2045,1.0
RE1,OR_RESWSH_URB,TS_0,2046,1.0
RE1,OR_RESWSH_URB,TS_0,2047,1.0
RE1,OR_RESWSH_URB,TS_0,2048,1.0
RE1,OR_RESWSH_URB,TS_0,2049,1.0
RE1,OR_RESWSH_URB,TS_0,2050,1.0
RE1,OR_RESWSH_URB,TS_0,2051,1.0
RE1,OR_RESWSH_URB,TS_0,2052,1.0
RE1,OR_RESWSH_URB,TS_0,2053,1.0
RE1,OR_RESWSH_URB,TS_0,2054,1.0
RE1,OR_TERCLIM_CEN,TS_0,2022,1.0
RE1,OR_TERCLIM_CEN,TS_0,2023,1.0
RE1,OR_TERCLIM_CEN,TS_0,2024,1.0
RE1,OR_TERCLIM_CEN,TS_0,2025,1.0
RE1,OR_TERCLIM_CEN,TS_0,2026,1.0
RE1,OR_TERCLIM_CEN,TS_0,2027,1.0
RE1,OR_TERCLIM_CEN,TS_0,2028,1.0
RE1,OR_TERCLIM_CEN,TS_0,2029,1.0
RE1,OR_TERCLIM_CEN,TS_0,2030,1.0
RE1,OR_TERCLIM_CEN,TS_0,2031,1.0
RE1,OR_TERCLIM_CEN,TS_0,2032,1.0
RE1,OR_TERCLIM_CEN,TS_0,2033,1.0
RE1,OR_TERCLIM_CEN,TS_0,2034,1.0
RE1,OR_TERCLIM_CEN,TS_0,2035,1.0
RE1,OR_TERCLIM_CEN,TS_0,2036,1.0
RE1,OR_TERCLIM_CEN,TS_0,2037,1.0
RE1,OR_TERCLIM_CEN,TS_0,2038,1.0
RE1,OR_TERCLIM_CEN,TS_0,2039,1.0
RE1,OR_TERCLIM_CEN,TS_0,2040,1.0
RE1,OR_TERCLIM_CEN,TS_0,2041,1.0
RE1,OR_TERCLIM_CEN,TS_0,2042,1.0
RE1,OR_TERCLIM_CEN,TS_0,2043,1.0
RE1,OR_TERCLIM_CEN,TS_0,2044,1.0
RE1,OR_TERCLIM_CEN,TS_0,2045,1.0
RE1,OR_TERCLIM_CEN,TS_0,2046,1.0
RE1,OR_TERCLIM_CEN,TS_0,2047,1.0
RE1,OR_TERCLIM_CEN,TS_0,2048,1.0
RE1,OR_TERCLIM_CEN,TS_0,2049,1.0
RE1,OR_TERCLIM_CEN,TS_0,2050,1.0
RE1,OR_TERCLIM_CEN,TS_0,2051,1.0
RE1,OR_TERCLIM_CEN,TS_0,2052,1.0
RE1,OR_TERCLIM_CEN,TS_0,2053,1.0
RE1,OR_TERCLIM_CEN,TS_0,2054,1.0
RE1,OR_TERCLIM_FAN,TS_0,2022,1.0
RE1,OR_TERCLIM_FAN,TS_0,2023,1.0
RE1,OR_TERCLIM_FAN,TS_0,2024,1.0
RE1,OR_TERCLIM_FAN,TS_0,2025,1.0
RE1,OR_TERCLIM_FAN,TS_0,2026,1.0
RE1,OR_TERCLIM_FAN,TS_0,2027,1.0
RE1,OR_TERCLIM_FAN,TS_0,2028,1.0
RE1,OR_TERCLIM_FAN,TS_0,2029,1.0
RE1,OR_TERCLIM_FAN,TS_0,2030,1.0
RE1,OR_TERCLIM_FAN,TS_0,2031,1.0
RE1,OR_TERCLIM_FAN,TS_0,2032,1.0
RE1,OR_TERCLIM_FAN,TS_0,2033,1.0
RE1,OR_TERCLIM_FAN,TS_0,2034,1.0
RE1,OR_TERCLIM_FAN,TS_0,2035,1.0
RE1,OR_TERCLIM_FAN,TS_0,2036,1.0
RE1,OR_TERCLIM_FAN,TS_0,2037,1.0
RE1,OR_TERCLIM_FAN,TS_0,2038,1.0
RE1,OR_TERCLIM_FAN,TS_0,2039,1.0
RE1,OR_TERCLIM_FAN,TS_0,2040,1.0
RE1,OR_TERCLIM_FAN,TS_0,2041,1.0
RE1,OR_TERCLIM_FAN,TS_0,2042,1.0
RE1,OR_TERCLIM_FAN,TS_0,2043,1.0
RE1,OR_TERCLIM_FAN,TS_0,2044,1.0
RE1,OR_TERCLIM_FAN,TS_0,2045,1.0
RE1,OR_TERCLIM_FAN,TS_0,2046,1.0
RE1,OR_TERCLIM_FAN,TS_0,2047,1.0
RE1,OR_TERCLIM_FAN,TS_0,2048,1.0
RE1,OR_TERCLIM_FAN,TS_0,2049,1.0
RE1,OR_TERCLIM_FAN,TS_0,2050,1.0
RE1,OR_TERCLIM_FAN,TS_0,2051,1.0
RE1,OR_TERCLIM_FAN,TS_0,2052,1.0
RE1,OR_TERCLIM_FAN,TS_0,2053,1.0
RE1,OR_TERCLIM_FAN,TS_0,2054,1.0
RE1,OR_TERCLIM_SPL,TS_0,2022,1.0
RE1,OR_TERCLIM_SPL,TS_0,2023,1.0
RE1,OR_TERCLIM_SPL,TS_0,2024,1.0
RE1,OR_TERCLIM_SPL,TS_0,2025,1.0
RE1,OR_TERCLIM_SPL,TS_0,2026,1.0
RE1,OR_TERCLIM_SPL,TS_0,2027,1.0
RE1,OR_TERCLIM_SPL,TS_0,2028,1.0
RE1,OR_TERCLIM_SPL,TS_0,2029,1.0
RE1,OR_TERCLIM_SPL,TS_0,2030,1.0
RE1,OR_TERCLIM_SPL,TS_0,2031,1.0
RE1,OR_TERCLIM_SPL,TS_0,2032,1.0
RE1,OR_TERCLIM_SPL,TS_0,2033,1.0
RE1,OR_TERCLIM_SPL,TS_0,2034,1.0
RE1,OR_TERCLIM_SPL,TS_0,2035,1.0
RE1,OR_TERCLIM_SPL,TS_0,2036,1.0
RE1,OR_TERCLIM_SPL,TS_0,2037,1.0
RE1,OR_TERCLIM_SPL,TS_0,2038,1.0
RE1,OR_TERCLIM_SPL,TS_0,2039,1.0
RE1,OR_TERCLIM_SPL,TS_0,2040,1.0
RE1,OR_TERCLIM_SPL,TS_0,2041,1.0
RE1,OR_TERCLIM_SPL,TS_0,2042,1.0
RE1,OR_TERCLIM_SPL,TS_0,2043,1.0
RE1,OR_TERCLIM_SPL,TS_0,2044,1.0
RE1,OR_TERCLIM_SPL,TS_0,2045,1.0
RE1,OR_TERCLIM_SPL,TS_0,2046,1.0
RE1,OR_TERCLIM_SPL,TS_0,2047,1.0
RE1,OR_TERCLIM_SPL,TS_0,2048,1.0
RE1,OR_TERCLIM_SPL,TS_0,2049,1.0
RE1,OR_TERCLIM_SPL,TS_0,2050,1.0
RE1,OR_TERCLIM_SPL,TS_0,2051,1.0
RE1,OR_TERCLIM_SPL,TS_0,2052,1.0
RE1,OR_TERCLIM_SPL,TS_0,2053,1.0
RE1,OR_TERCLIM_SPL,TS_0,2054,1.0
RE1,OR_TERDATA,TS_0,2022,1.0
RE1,OR_TERDATA,TS_0,2023,1.0
RE1,OR_TERDATA,TS_0,2024,1.0
RE1,OR_TERDATA,TS_0,2025,1.0
RE1,OR_TERDATA,TS_0,2026,1.0
RE1,OR_TERDATA,TS_0,2027,1.0
RE1,OR_TERDATA,TS_0,2028,1.0
RE1,OR_TERDATA,TS_0,2029,1.0
RE1,OR_TERDATA,TS_0,2030,1.0
RE1,OR_TERDATA,TS_0,2031,1.0
RE1,OR_TERDATA,TS_0,2032,1.0
RE1,OR_TERDATA,TS_0,2033,1.0
RE1,OR_TERDATA,TS_0,2034,1.0
RE1,OR_TERDATA,TS_0,2035,1.0
RE1,OR_TERDATA,TS_0,2036,1.0
RE1,OR_TERDATA,TS_0,2037,1.0
RE1,OR_TERDATA,TS_0,2038,1.0
RE1,OR_TERDATA,TS_0,2039,1.0
RE1,OR_TERDATA,TS_0,2040,1.0
RE1,OR_TERDATA,TS_0,2041,1.0
RE1,OR_TERDATA,TS_0,2042,1.0
RE1,OR_TERDATA,TS_0,2043,1.0
RE1,OR_TERDATA,TS_0,2044,1.0
RE1,OR_TERDATA,TS_0,2045,1.0
RE1,OR_TERDATA,TS_0,2046,1.0
RE1,OR_TERDATA,TS_0,2047,1.0
RE1,OR_TERDATA,TS_0,2048,1.0
RE1,OR_TERDATA,TS_0,2049,1.0
RE1,OR_TERDATA,TS_0,2050,1.0
RE1,OR_TERDATA,TS_0,2051,1.0
RE1,OR_TERDATA,TS_0,2052,1.0
RE1,OR_TERDATA,TS_0,2053,1.0
RE1,OR_TERDATA,TS_0,2054,1.0
RE1,OR_TERDHT,TS_0,2022,1.0
RE1,OR_TERDHT,TS_0,2023,1.0
RE1,OR_TERDHT,TS_0,2024,1.0
RE1,OR_TERDHT,TS_0,2025,1.0
RE1,OR_TERDHT,TS_0,2026,1.0
RE1,OR_TERDHT,TS_0,2027,1.0
RE1,OR_TERDHT,TS_0,2028,1.0
RE1,OR_TERDHT,TS_0,2029,1.0
RE1,OR_TERDHT,TS_0,2030,1.0
RE1,OR_TERDHT,TS_0,2031,1.0
RE1,OR_TERDHT,TS_0,2032,1.0
RE1,OR_TERDHT,TS_0,2033,1.0
RE1,OR_TERDHT,TS_0,2034,1.0
RE1,OR_TERDHT,TS_0,2035,1.0
RE1,OR_TERDHT,TS_0,2036,1.0
RE1,OR_TERDHT,TS_0,2037,1.0
RE1,OR_TERDHT,TS_0,2038,1.0
RE1,OR_TERDHT,TS_0,2039,1.0
RE1,OR_TERDHT,TS_0,2040,1.0
RE1,OR_TERDHT,TS_0,2041,1.0
RE1,OR_TERDHT,TS_0,2042,1.0
RE1,OR_TERDHT,TS_0,2043,1.0
RE1,OR_TERDHT,TS_0,2044,1.0
RE1,OR_TERDHT,TS_0,2045,1.0
RE1,OR_TERDHT,TS_0,2046,1.0
RE1,OR_TERDHT,TS_0,2047,1.0
RE1,OR_TERDHT,TS_0,2048,1.0
RE1,OR_TERDHT,TS_0,2049,1.0
RE1,OR_TERDHT,TS_0,2050,1.0
RE1,OR_TERDHT,TS_0,2051,1.0
RE1,OR_TERDHT,TS_0,2052,1.0
RE1,OR_TERDHT,TS_0,2053,1.0
RE1,OR_TERDHT,TS_0,2054,1.0
RE1,OR_TERIHT,TS_0,2022,1.0
RE1,OR_TERIHT,TS_0,2023,1.0
RE1,OR_TERIHT,TS_0,2024,1.0
RE1,OR_TERIHT,TS_0,2025,1.0
RE1,OR_TERIHT,TS_0,2026,1.0
RE1,OR_TERIHT,TS_0,2027,1.0
RE1,OR_TERIHT,TS_0,2028,1.0
RE1,OR_TERIHT,TS_0,2029,1.0
RE1,OR_TERIHT,TS_0,2030,1.0
RE1,OR_TERIHT,TS_0,2031,1.0
RE1,OR_TERIHT,TS_0,2032,1.0
RE1,OR_TERIHT,TS_0,2033,1.0
RE1,OR_TERIHT,TS_0,2034,1.0
RE1,OR_TERIHT,TS_0,2035,1.0
RE1,OR_TERIHT,TS_0,2036,1.0
RE1,OR_TERIHT,TS_0,2037,1.0
RE1,OR_TERIHT,TS_0,2038,1.0
RE1,OR_TERIHT,TS_0,2039,1.0
RE1,OR_TERIHT,TS_0,2040,1.0
RE1,OR_TERIHT,TS_0,2041,1.0
RE1,OR_TERIHT,TS_0,2042,1.0
RE1,OR_TERIHT,TS_0,2043,1.0
RE1,OR_TERIHT,TS_0,2044,1.0
RE1,OR_TERIHT,TS_0,2045,1.0
RE1,OR_TERIHT,TS_0,2046,1.0
RE1,OR_TERIHT,TS_0,2047,1.0
RE1,OR_TERIHT,TS_0,2048,1.0
RE1,OR_TERIHT,TS_0,2049,1.0
RE1,OR_TERIHT,TS_0,2050,1.0
RE1,OR_TERIHT,TS_0,2051,1.0
RE1,OR_TERIHT,TS_0,2052,1.0
RE1,OR_TERIHT,TS_0,2053,1.0
RE1,OR_TERIHT,TS_0,2054,1.0
RE1,OR_TERILU,TS_0,2022,1.0
RE1,OR_TERILU,TS_0,2023,1.0
RE1,OR_TERILU,TS_0,2024,1.0
RE1,OR_TERILU,TS_0,2025,1.0
RE1,OR_TERILU,TS_0,2026,1.0
RE1,OR_TERILU,TS_0,2027,1.0
RE1,OR_TERILU,TS_0,2028,1.0
RE1,OR_TERILU,TS_0,2029,1.0
RE1,OR_TERILU,TS_0,2030,1.0
RE1,OR_TERILU,TS_0,2031,1.0
RE1,OR_TERILU,TS_0,2032,1.0
RE1,OR_TERILU,TS_0,2033,1.0
RE1,OR_TERILU,TS_0,2034,1.0
RE1,OR_TERILU,TS_0,2035,1.0
RE1,OR_TERILU,TS_0,2036,1.0
RE1,OR_TERILU,TS_0,2037,1.0
RE1,OR_TERILU,TS_0,2038,1.0
RE1,OR_TERILU,TS_0,2039,1.0
RE1,OR_TERILU,TS_0,2040,1.0
RE1,OR_TERILU,TS_0,2041,1.0
RE1,OR_TERILU,TS_0,2042,1.0
RE1,OR_TERILU,TS_0,2043,1.0
RE1,OR_TERILU,TS_0,2044,1.0
RE1,OR_TERILU,TS_0,2045,1.0
RE1,OR_TERILU,TS_0,2046,1.0
RE1,OR_TERILU,TS_0,2047,1.0
RE1,OR_TERILU,TS_0,2048,1.0
RE1,OR_TERILU,TS_0,2049,1.0
RE1,OR_TERILU,TS_0,2050,1.0
RE1,OR_TERILU,TS_0,2051,1.0
RE1,OR_TERILU,TS_0,2052,1.0
RE1,OR_TERILU,TS_0,2053,1.0
RE1,OR_TERILU,TS_0,2054,1.0
RE1,OR_TERMPW,TS_0,2022,1.0
RE1,OR_TERMPW,TS_0,2023,1.0
RE1,OR_TERMPW,TS_0,2024,1.0
RE1,OR_TERMPW,TS_0,2025,1.0
RE1,OR_TERMPW,TS_0,2026,1.0
RE1,OR_TERMPW,TS_0,2027,1.0
RE1,OR_TERMPW,TS_0,2028,1.0
RE1,OR_TERMPW,TS_0,2029,1.0
RE1,OR_TERMPW,TS_0,2030,1.0
RE1,OR_TERMPW,TS_0,2031,1.0
RE1,OR_TERMPW,TS_0,2032,1.0
RE1,OR_TERMPW,TS_0,2033,1.0
RE1,OR_TERMPW,TS_0,2034,1.0
RE1,OR_TERMPW,TS_0,2035,1.0
RE1,OR_TERMPW,TS_0,2036,1.0
RE1,OR_TERMPW,TS_0,2037,1.0
RE1,OR_TERMPW,TS_0,2038,1.0
RE1,OR_TERMPW,TS_0,2039,1.0
RE1,OR_TERMPW,TS_0,2040,1.0
RE1,OR_TERMPW,TS_0,2041,1.0
RE1,OR_TERMPW,TS_0,2042,1.0
RE1,OR_TERMPW,TS_0,2043,1.0
RE1,OR_TERMPW,TS_0,2044,1.0
RE1,OR_TERMPW,TS_0,2045,1.0
RE1,OR_TERMPW,TS_0,2046,1.0
RE1,OR_TERMPW,TS_0,2047,1.0
RE1,OR_TERMPW,TS_0,2048,1.0
RE1,OR_TERMPW,TS_0,2049,1.0
RE1,OR_TERMPW,TS_0,2050,1.0
RE1,OR_TERMPW,TS_0,2051,1.0
RE1,OR_TERMPW,TS_0,2052,1.0
RE1,OR_TERMPW,TS_0,2053,1.0
RE1,OR_TERMPW,TS_0,2054,1.0
RE1,OR_TEROTH,TS_0,2022,1.0
RE1,OR_TEROTH,TS_0,2023,1.0
RE1,OR_TEROTH,TS_0,2024,1.0
RE1,OR_TEROTH,TS_0,2025,1.0
RE1,OR_TEROTH,TS_0,2026,1.0
RE1,OR_TEROTH,TS_0,2027,1.0
RE1,OR_TEROTH,TS_0,2028,1.0
RE1,OR_TEROTH,TS_0,2029,1.0
RE1,OR_TEROTH,TS_0,2030,1.0
RE1,OR_TEROTH,TS_0,2031,1.0
RE1,OR_TEROTH,TS_0,2032,1.0
RE1,OR_TEROTH,TS_0,2033,1.0
RE1,OR_TEROTH,TS_0,2034,1.0
RE1,OR_TEROTH,TS_0,2035,1.0
RE1,OR_TEROTH,TS_0,2036,1.0
RE1,OR_TEROTH,TS_0,2037,1.0
RE1,OR_TEROTH,TS_0,2038,1.0
RE1,OR_TEROTH,TS_0,2039,1.0
RE1,OR_TEROTH,TS_0,2040,1.0
RE1,OR_TEROTH,TS_0,2041,1.0
RE1,OR_TEROTH,TS_0,2042,1.0
RE1,OR_TEROTH,TS_0,2043,1.0
RE1,OR_TEROTH,TS_0,2044,1.0
RE1,OR_TEROTH,TS_0,2045,1.0
RE1,OR_TEROTH,TS_0,2046,1.0
RE1,OR_TEROTH,TS_0,2047,1.0
RE1,OR_TEROTH,TS_0,2048,1.0
RE1,OR_TEROTH,TS_0,2049,1.0
RE1,OR_TEROTH,TS_0,2050,1.0
RE1,OR_TEROTH,TS_0,2051,1.0
RE1,OR_TEROTH,TS_0,2052,1.0
RE1,OR_TEROTH,TS_0,2053,1.0
RE1,OR_TEROTH,TS_0,2054,1.0
RE1,OR_TERREF_AUC,TS_0,2022,1.0
RE1,OR_TERREF_AUC,TS_0,2023,1.0
RE1,OR_TERREF_AUC,TS_0,2024,1.0
RE1,OR_TERREF_AUC,TS_0,2025,1.0
RE1,OR_TERREF_AUC,TS_0,2026,1.0
RE1,OR_TERREF_AUC,TS_0,2027,1.0
RE1,OR_TERREF_AUC,TS_0,2028,1.0
RE1,OR_TERREF_AUC,TS_0,2029,1.0
RE1,OR_TERREF_AUC,TS_0,2030,1.0
RE1,OR_TERREF_AUC,TS_0,2031,1.0
RE1,OR_TERREF_AUC,TS_0,2032,1.0
RE1,OR_TERREF_AUC,TS_0,2033,1.0
RE1,OR_TERREF_AUC,TS_0,2034,1.0
RE1,OR_TERREF_AUC,TS_0,2035,1.0
RE1,OR_TERREF_AUC,TS_0,2036,1.0
RE1,OR_TERREF_AUC,TS_0,2037,1.0
RE1,OR_TERREF_AUC,TS_0,2038,1.0
RE1,OR_TERREF_AUC,TS_0,2039,1.0
RE1,OR_TERREF_AUC,TS_0,2040,1.0
RE1,OR_TERREF_AUC,TS_0,2041,1.0
RE1,OR_TERREF_AUC,TS_0,2042,1.0
RE1,OR_TERREF_AUC,TS_0,2043,1.0
RE1,OR_TERREF_AUC,TS_0,2044,1.0
RE1,OR_TERREF_AUC,TS_0,2045,1.0
RE1,OR_TERREF_AUC,TS_0,2046,1.0
RE1,OR_TERREF_AUC,TS_0,2047,1.0
RE1,OR_TERREF_AUC,TS_0,2048,1.0
RE1,OR_TERREF_AUC,TS_0,2049,1.0
RE1,OR_TERREF_AUC,TS_0,2050,1.0
RE1,OR_TERREF_AUC,TS_0,2051,1.0
RE1,OR_TERREF_AUC,TS_0,2052,1.0
RE1,OR_TERREF_AUC,TS_0,2053,1.0
RE1,OR_TERREF_AUC,TS_0,2054,1.0
RE1,OR_TERREF_CEN,TS_0,2022,1.0
RE1,OR_TERREF_CEN,TS_0,2023,1.0
RE1,OR_TERREF_CEN,TS_0,2024,1.0
RE1,OR_TERREF_CEN,TS_0,2025,1.0
RE1,OR_TERREF_CEN,TS_0,2026,1.0
RE1,OR_TERREF_CEN,TS_0,2027,1.0
RE1,OR_TERREF_CEN,TS_0,2028,1.0
RE1,OR_TERREF_CEN,TS_0,2029,1.0
RE1,OR_TERREF_CEN,TS_0,2030,1.0
RE1,OR_TERREF_CEN,TS_0,2031,1.0
RE1,OR_TERREF_CEN,TS_0,2032,1.0
RE1,OR_TERREF_CEN,TS_0,2033,1.0
RE1,OR_TERREF_CEN,TS_0,2034,1.0
RE1,OR_TERREF_CEN,TS_0,2035,1.0
RE1,OR_TERREF_CEN,TS_0,2036,1.0
RE1,OR_TERREF_CEN,TS_0,2037,1.0
RE1,OR_TERREF_CEN,TS_0,2038,1.0
RE1,OR_TERREF_CEN,TS_0,2039,1.0
RE1,OR_TERREF_CEN,TS_0,2040,1.0
RE1,OR_TERREF_CEN,TS_0,2041,1.0
RE1,OR_TERREF_CEN,TS_0,2042,1.0
RE1,OR_TERREF_CEN,TS_0,2043,1.0
RE1,OR_TERREF_CEN,TS_0,2044,1.0
RE1,OR_TERREF_CEN,TS_0,2045,1.0
RE1,OR_TERREF_CEN,TS_0,2046,1.0
RE1,OR_TERREF_CEN,TS_0,2047,1.0
RE1,OR_TERREF_CEN,TS_0,2048,1.0
RE1,OR_TERREF_CEN,TS_0,2049,1.0
RE1,OR_TERREF_CEN,TS_0,2050,1.0
RE1,OR_TERREF_CEN,TS_0,2051,1.0
RE1,OR_TERREF_CEN,TS_0,2052,1.0
RE1,OR_TERREF_CEN,TS_0,2053,1.0
RE1,OR_TERREF_CEN,TS_0,2054,1.0
RE1,OR_TRAMET,TS_0,2022,1.0
RE1,OR_TRAMET,TS_0,2023,1.0
RE1,OR_TRAMET,TS_0,2024,1.0
RE1,OR_TRAMET,TS_0,2025,1.0
RE1,OR_TRAMET,TS_0,2026,1.0
RE1,OR_TRAMET,TS_0,2027,1.0
RE1,OR_TRAMET,TS_0,2028,1.0
RE1,OR_TRAMET,TS_0,2029,1.0
RE1,OR_TRAMET,TS_0,2030,1.0
RE1,OR_TRAMET,TS_0,2031,1.0
RE1,OR_TRAMET,TS_0,2032,1.0
RE1,OR_TRAMET,TS_0,2033,1.0
RE1,OR_TRAMET,TS_0,2034,1.0
RE1,OR_TRAMET,TS_0,2035,1.0
RE1,OR_TRAMET,TS_0,2036,1.0
RE1,OR_TRAMET,TS_0,2037,1.0
RE1,OR_TRAMET,TS_0,2038,1.0
RE1,OR_TRAMET,TS_0,2039,1.0
RE1,OR_TRAMET,TS_0,2040,1.0
RE1,OR_TRAMET,TS_0,2041,1.0
RE1,OR_TRAMET,TS_0,2042,1.0
RE1,OR_TRAMET,TS_0,2043,1.0
RE1,OR_TRAMET,TS_0,2044,1.0
RE1,OR_TRAMET,TS_0,2045,1.0
RE1,OR_TRAMET,TS_0,2046,1.0
RE1,OR_TRAMET,TS_0,2047,1.0
RE1,OR_TRAMET,TS_0,2048,1.0
RE1,OR_TRAMET,TS_0,2049,1.0
RE1,OR_TRAMET,TS_0,2050,1.0
RE1,OR_TRAMET,TS_0,2051,1.0
RE1,OR_TRAMET,TS_0,2052,1.0
RE1,OR_TRAMET,TS_0,2053,1.0
RE1,OR_TRAMET,TS_0,2054,1.0
RE1,SE_AGFELC,TS_0,2022,1.0
RE1,SE_AGFELC,TS_0,2023,1.0
RE1,SE_AGFELC,TS_0,2024,1.0
RE1,SE_AGFELC,TS_0,2025,1.0
RE1,SE_AGFELC,TS_0,2026,1.0
RE1,SE_AGFELC,TS_0,2027,1.0
RE1,SE_AGFELC,TS_0,2028,1.0
RE1,SE_AGFELC,TS_0,2029,1.0
RE1,SE_AGFELC,TS_0,2030,1.0
RE1,SE_AGFELC,TS_0,2031,1.0
RE1,SE_AGFELC,TS_0,2032,1.0
RE1,SE_AGFELC,TS_0,2033,1.0
RE1,SE_AGFELC,TS_0,2034,1.0
RE1,SE_AGFELC,TS_0,2035,1.0
RE1,SE_AGFELC,TS_0,2036,1.0
RE1,SE_AGFELC,TS_0,2037,1.0
RE1,SE_AGFELC,TS_0,2038,1.0
RE1,SE_AGFELC,TS_0,2039,1.0
RE1,SE_AGFELC,TS_0,2040,1.0
RE1,SE_AGFELC,TS_0,2041,1.0
RE1,SE_AGFELC,TS_0,2042,1.0
RE1,SE_AGFELC,TS_0,2043,1.0
RE1,SE_AGFELC,TS_0,2044,1.0
RE1,SE_AGFELC,TS_0,2045,1.0
RE1,SE_AGFELC,TS_0,2046,1.0
RE1,SE_AGFELC,TS_0,2047,1.0
RE1,SE_AGFELC,TS_0,2048,1.0
RE1,SE_AGFELC,TS_0,2049,1.0
RE1,SE_AGFELC,TS_0,2050,1.0
RE1,SE_AGFELC,TS_0,2051,1.0
RE1,SE_AGFELC,TS_0,2052,1.0
RE1,SE_AGFELC,TS_0,2053,1.0
RE1,SE_AGFELC,TS_0,2054,1.0
RE1,SE_RESCLIM,TS_0,2022,1.0
RE1,SE_RESCLIM,TS_0,2023,1.0
RE1,SE_RESCLIM,TS_0,2024,1.0
RE1,SE_RESCLIM,TS_0,2025,1.0
RE1,SE_RESCLIM,TS_0,2026,1.0
RE1,SE_RESCLIM,TS_0,2027,1.0
RE1,SE_RESCLIM,TS_0,2028,1.0
RE1,SE_RESCLIM,TS_0,2029,1.0
RE1,SE_RESCLIM,TS_0,2030,1.0
RE1,SE_RESCLIM,TS_0,2031,1.0
RE1,SE_RESCLIM,TS_0,2032,1.0
RE1,SE_RESCLIM,TS_0,2033,1.0
RE1,SE_RESCLIM,TS_0,2034,1.0
RE1,SE_RESCLIM,TS_0,2035,1.0
RE1,SE_RESCLIM,TS_0,2036,1.0
RE1,SE_RESCLIM,TS_0,2037,1.0
RE1,SE_RESCLIM,TS_0,2038,1.0
RE1,SE_RESCLIM,TS_0,2039,1.0
RE1,SE_RESCLIM,TS_0,2040,1.0
RE1,SE_RESCLIM,TS_0,2041,1.0
RE1,SE_RESCLIM,TS_0,2042,1.0
RE1,SE_RESCLIM,TS_0,2043,1.0
RE1,SE_RESCLIM,TS_0,2044,1.0
RE1,SE_RESCLIM,TS_0,2045,1.0
RE1,SE_RESCLIM,TS_0,2046,1.0
RE1,SE_RESCLIM,TS_0,2047,1.0
RE1,SE_RESCLIM,TS_0,2048,1.0
RE1,SE_RESCLIM,TS_0,2049,1.0
RE1,SE_RESCLIM,TS_0,2050,1.0
RE1,SE_RESCLIM,TS_0,2051,1.0
RE1,SE_RESCLIM,TS_0,2052,1.0
RE1,SE_RESCLIM,TS_0,2053,1.0
RE1,SE_RESCLIM,TS_0,2054,1.0
RE1,SE_RESDHT,TS_0,2022,1.0
RE1,SE_RESDHT,TS_0,2023,1.0
RE1,SE_RESDHT,TS_0,2024,1.0
RE1,SE_RESDHT,TS_0,2025,1.0
RE1,SE_RESDHT,TS_0,2026,1.0
RE1,SE_RESDHT,TS_0,2027,1.0
RE1,SE_RESDHT,TS_0,2028,1.0
RE1,SE_RESDHT,TS_0,2029,1.0
RE1,SE_RESDHT,TS_0,2030,1.0
RE1,SE_RESDHT,TS_0,2031,1.0
RE1,SE_RESDHT,TS_0,2032,1.0
RE1,SE_RESDHT,TS_0,2033,1.0
RE1,SE_RESDHT,TS_0,2034,1.0
RE1,SE_RESDHT,TS_0,2035,1.0
RE1,SE_RESDHT,TS_0,2036,1.0
RE1,SE_RESDHT,TS_0,2037,1.0
RE1,SE_RESDHT,TS_0,2038,1.0
RE1,SE_RESDHT,TS_0,2039,1.0
RE1,SE_RESDHT,TS_0,2040,1.0
RE1,SE_RESDHT,TS_0,2041,1.0
RE1,SE_RESDHT,TS_0,2042,1.0
RE1,SE_RESDHT,TS_0,2043,1.0
RE1,SE_RESDHT,TS_0,2044,1.0
RE1,SE_RESDHT,TS_0,2045,1.0
RE1,SE_RESDHT,TS_0,2046,1.0
RE1,SE_RESDHT,TS_0,2047,1.0
RE1,SE_RESDHT,TS_0,2048,1.0
RE1,SE_RESDHT,TS_0,2049,1.0
RE1,SE_RESDHT,TS_0,2050,1.0
RE1,SE_RESDHT,TS_0,2051,1.0
RE1,SE_RESDHT,TS_0,2052,1.0
RE1,SE_RESDHT,TS_0,2053,1.0
RE1,SE_RESDHT,TS_0,2054,1.0
RE1,SE_RESOTH,TS_0,2022,1.0
RE1,SE_RESOTH,TS_0,2023,1.0
RE1,SE_RESOTH,TS_0,2024,1.0
RE1,SE_RESOTH,TS_0,2025,1.0
RE1,SE_RESOTH,TS_0,2026,1.0
RE1,SE_RESOTH,TS_0,2027,1.0
RE1,SE_RESOTH,TS_0,2028,1.0
RE1,SE_RESOTH,TS_0,2029,1.0
RE1,SE_RESOTH,TS_0,2030,1.0
RE1,SE_RESOTH,TS_0,2031,1.0
RE1,SE_RESOTH,TS_0,2032,1.0
RE1,SE_RESOTH,TS_0,2033,1.0
RE1,SE_RESOTH,TS_0,2034,1.0
RE1,SE_RESOTH,TS_0,2035,1.0
RE1,SE_RESOTH,TS_0,2036,1.0
RE1,SE_RESOTH,TS_0,2037,1.0
RE1,SE_RESOTH,TS_0,2038,1.0
RE1,SE_RESOTH,TS_0,2039,1.0
RE1,SE_RESOTH,TS_0,2040,1.0
RE1,SE_RESOTH,TS_0,2041,1.0
RE1,SE_RESOTH,TS_0,2042,1.0
RE1,SE_RESOTH,TS_0,2043,1.0
RE1,SE_RESOTH,TS_0,2044,1.0
RE1,SE_RESOTH,TS_0,2045,1.0
RE1,SE_RESOTH,TS_0,2046,1.0
RE1,SE_RESOTH,TS_0,2047,1.0
RE1,SE_RESOTH,TS_0,2048,1.0
RE1,SE_RESOTH,TS_0,2049,1.0
RE1,SE_RESOTH,TS_0,2050,1.0
RE1,SE_RESOTH,TS_0,2051,1.0
RE1,SE_RESOTH,TS_0,2052,1.0
RE1,SE_RESOTH,TS_0,2053,1.0
RE1,SE_RESOTH,TS_0,2054,1.0
RE1,SE_RESREF,TS_0,2022,1.0
RE1,SE_RESREF,TS_0,2023,1.0
RE1,SE_RESREF,TS_0,2024,1.0
RE1,SE_RESREF,TS_0,2025,1.0
RE1,SE_RESREF,TS_0,2026,1.0
RE1,SE_RESREF,TS_0,2027,1.0
RE1,SE_RESREF,TS_0,2028,1.0
RE1,SE_RESREF,TS_0,2029,1.0
RE1,SE_RESREF,TS_0,2030,1.0
RE1,SE_RESREF,TS_0,2031,1.0
RE1,SE_RESREF,TS_0,2032,1.0
RE1,SE_RESREF,TS_0,2033,1.0
RE1,SE_RESREF,TS_0,2034,1.0
RE1,SE_RESREF,TS_0,2035,1.0
RE1,SE_RESREF,TS_0,2036,1.0
RE1,SE_RESREF,TS_0,2037,1.0
RE1,SE_RESREF,TS_0,2038,1.0
RE1,SE_RESREF,TS_0,2039,1.0
RE1,SE_RESREF,TS_0,2040,1.0
RE1,SE_RESREF,TS_0,2041,1.0
RE1,SE_RESREF,TS_0,2042,1.0
RE1,SE_RESREF,TS_0,2043,1.0
RE1,SE_RESREF,TS_0,2044,1.0
RE1,SE_RESREF,TS_0,2045,1.0
RE1,SE_RESREF,TS_0,2046,1.0
RE1,SE_RESREF,TS_0,2047,1.0
RE1,SE_RESREF,TS_0,2048,1.0
RE1,SE_RESREF,TS_0,2049,1.0
RE1,SE_RESREF,TS_0,2050,1.0
RE1,SE_RESREF,TS_0,2051,1.0
RE1,SE_RESREF,TS_0,2052,1.0
RE1,SE_RESREF,TS_0,2053,1.0
RE1,SE_RESREF,TS_0,2054,1.0
RE1,SE_TERCLIM_CEN,TS_0,2022,1.0
RE1,SE_TERCLIM_CEN,TS_0,2023,1.0
RE1,SE_TERCLIM_CEN,TS_0,2024,1.0
RE1,SE_TERCLIM_CEN,TS_0,2025,1.0
RE1,SE_TERCLIM_CEN,TS_0,2026,1.0
RE1,SE_TERCLIM_CEN,TS_0,2027,1.0
RE1,SE_TERCLIM_CEN,TS_0,2028,1.0
RE1,SE_TERCLIM_CEN,TS_0,2029,1.0
RE1,SE_TERCLIM_CEN,TS_0,2030,1.0
RE1,SE_TERCLIM_CEN,TS_0,2031,1.0
RE1,SE_TERCLIM_CEN,TS_0,2032,1.0
RE1,SE_TERCLIM_CEN,TS_0,2033,1.0
RE1,SE_TERCLIM_CEN,TS_0,2034,1.0
RE1,SE_TERCLIM_CEN,TS_0,2035,1.0
RE1,SE_TERCLIM_CEN,TS_0,2036,1.0
RE1,SE_TERCLIM_CEN,TS_0,2037,1.0
RE1,SE_TERCLIM_CEN,TS_0,2038,1.0
RE1,SE_TERCLIM_CEN,TS_0,2039,1.0
RE1,SE_TERCLIM_CEN,TS_0,2040,1.0
RE1,SE_TERCLIM_CEN,TS_0,2041,1.0
RE1,SE_TERCLIM_CEN,TS_0,2042,1.0
RE1,SE_TERCLIM_CEN,TS_0,2043,1.0
RE1,SE_TERCLIM_CEN,TS_0,2044,1.0
RE1,SE_TERCLIM_CEN,TS_0,2045,1.0
RE1,SE_TERCLIM_CEN,TS_0,2046,1.0
RE1,SE_TERCLIM_CEN,TS_0,2047,1.0
RE1,SE_TERCLIM_CEN,TS_0,2048,1.0
RE1,SE_TERCLIM_CEN,TS_0,2049,1.0
RE1,SE_TERCLIM_CEN,TS_0,2050,1.0
RE1,SE_TERCLIM_CEN,TS_0,2051,1.0
RE1,SE_TERCLIM_CEN,TS_0,2052,1.0
RE1,SE_TERCLIM_CEN,TS_0,2053,1.0
RE1,SE_TERCLIM_CEN,TS_0,2054,1.0
RE1,SE_TERCLIM_FAN,TS_0,2022,1.0
RE1,SE_TERCLIM_FAN,TS_0,2023,1.0
RE1,SE_TERCLIM_FAN,TS_0,2024,1.0
RE1,SE_TERCLIM_FAN,TS_0,2025,1.0
RE1,SE_TERCLIM_FAN,TS_0,2026,1.0
RE1,SE_TERCLIM_FAN,TS_0,2027,1.0
RE1,SE_TERCLIM_FAN,TS_0,2028,1.0
RE1,SE_TERCLIM_FAN,TS_0,2029,1.0
RE1,SE_TERCLIM_FAN,TS_0,2030,1.0
RE1,SE_TERCLIM_FAN,TS_0,2031,1.0
RE1,SE_TERCLIM_FAN,TS_0,2032,1.0
RE1,SE_TERCLIM_FAN,TS_0,2033,1.0
RE1,SE_TERCLIM_FAN,TS_0,2034,1.0
RE1,SE_TERCLIM_FAN,TS_0,2035,1.0
RE1,SE_TERCLIM_FAN,TS_0,2036,1.0
RE1,SE_TERCLIM_FAN,TS_0,2037,1.0
RE1,SE_TERCLIM_FAN,TS_0,2038,1.0
RE1,SE_TERCLIM_FAN,TS_0,2039,1.0
RE1,SE_TERCLIM_FAN,TS_0,2040,1.0
RE1,SE_TERCLIM_FAN,TS_0,2041,1.0
RE1,SE_TERCLIM_FAN,TS_0,2042,1.0
RE1,SE_TERCLIM_FAN,TS_0,2043,1.0
RE1,SE_TERCLIM_FAN,TS_0,2044,1.0
RE1,SE_TERCLIM_FAN,TS_0,2045,1.0
RE1,SE_TERCLIM_FAN,TS_0,2046,1.0
RE1,SE_TERCLIM_FAN,TS_0,2047,1.0
RE1,SE_TERCLIM_FAN,TS_0,2048,1.0
RE1,SE_TERCLIM_FAN,TS_0,2049,1.0
RE1,SE_TERCLIM_FAN,TS_0,2050,1.0
RE1,SE_TERCLIM_FAN,TS_0,2051,1.0
RE1,SE_TERCLIM_FAN,TS_0,2052,1.0
RE1,SE_TERCLIM_FAN,TS_0,2053,1.0
RE1,SE_TERCLIM_FAN,TS_0,2054,1.0
RE1,SE_TERCLIM_SPL,TS_0,2022,1.0
RE1,SE_TERCLIM_SPL,TS_0,2023,1.0
RE1,SE_TERCLIM_SPL,TS_0,2024,1.0
RE1,SE_TERCLIM_SPL,TS_0,2025,1.0
RE1,SE_TERCLIM_SPL,TS_0,2026,1.0
RE1,SE_TERCLIM_SPL,TS_0,2027,1.0
RE1,SE_TERCLIM_SPL,TS_0,2028,1.0
RE1,SE_TERCLIM_SPL,TS_0,2029,1.0
RE1,SE_TERCLIM_SPL,TS_0,2030,1.0
RE1,SE_TERCLIM_SPL,TS_0,2031,1.0
RE1,SE_TERCLIM_SPL,TS_0,2032,1.0
RE1,SE_TERCLIM_SPL,TS_0,2033,1.0
RE1,SE_TERCLIM_SPL,TS_0,2034,1.0
RE1,SE_TERCLIM_SPL,TS_0,2035,1.0
RE1,SE_TERCLIM_SPL,TS_0,2036,1.0
RE1,SE_TERCLIM_SPL,TS_0,2037,1.0
RE1,SE_TERCLIM_SPL,TS_0,2038,1.0
RE1,SE_TERCLIM_SPL,TS_0,2039,1.0
RE1,SE_TERCLIM_SPL,TS_0,2040,1.0
RE1,SE_TERCLIM_SPL,TS_0,2041,1.0
RE1,SE_TERCLIM_SPL,TS_0,2042,1.0
RE1,SE_TERCLIM_SPL,TS_0,2043,1.0
RE1,SE_TERCLIM_SPL,TS_0,2044,1.0
RE1,SE_TERCLIM_SPL,TS_0,2045,1.0
RE1,SE_TERCLIM_SPL,TS_0,2046,1.0
RE1,SE_TERCLIM_SPL,TS_0,2047,1.0
RE1,SE_TERCLIM_SPL,TS_0,2048,1.0
RE1,SE_TERCLIM_SPL,TS_0,2049,1.0
RE1,SE_TERCLIM_SPL,TS_0,2050,1.0
RE1,SE_TERCLIM_SPL,TS_0,2051,1.0
RE1,SE_TERCLIM_SPL,TS_0,2052,1.0
RE1,SE_TERCLIM_SPL,TS_0,2053,1.0
RE1,SE_TERCLIM_SPL,TS_0,2054,1.0
RE1,SE_TERDHT,TS_0,2022,1.0
RE1,SE_TERDHT,TS_0,2023,1.0
RE1,SE_TERDHT,TS_0,2024,1.0
RE1,SE_TERDHT,TS_0,2025,1.0
RE1,SE_TERDHT,TS_0,2026,1.0
RE1,SE_TERDHT,TS_0,2027,1.0
RE1,SE_TERDHT,TS_0,2028,1.0
RE1,SE_TERDHT,TS_0,2029,1.0
RE1,SE_TERDHT,TS_0,2030,1.0
RE1,SE_TERDHT,TS_0,2031,1.0
RE1,SE_TERDHT,TS_0,2032,1.0
RE1,SE_TERDHT,TS_0,2033,1.0
RE1,SE_TERDHT,TS_0,2034,1.0
RE1,SE_TERDHT,TS_0,2035,1.0
RE1,SE_TERDHT,TS_0,2036,1.0
RE1,SE_TERDHT,TS_0,2037,1.0
RE1,SE_TERDHT,TS_0,2038,1.0
RE1,SE_TERDHT,TS_0,2039,1.0
RE1,SE_TERDHT,TS_0,2040,1.0
RE1,SE_TERDHT,TS_0,2041,1.0
RE1,SE_TERDHT,TS_0,2042,1.0
RE1,SE_TERDHT,TS_0,2043,1.0
RE1,SE_TERDHT,TS_0,2044,1.0
RE1,SE_TERDHT,TS_0,2045,1.0
RE1,SE_TERDHT,TS_0,2046,1.0
RE1,SE_TERDHT,TS_0,2047,1.0
RE1,SE_TERDHT,TS_0,2048,1.0
RE1,SE_TERDHT,TS_0,2049,1.0
RE1,SE_TERDHT,TS_0,2050,1.0
RE1,SE_TERDHT,TS_0,2051,1.0
RE1,SE_TERDHT,TS_0,2052,1.0
RE1,SE_TERDHT,TS_0,2053,1.0
RE1,SE_TERDHT,TS_0,2054,1.0
RE1,SE_TEROTH,TS_0,2022,1.0
RE1,SE_TEROTH,TS_0,2023,1.0
RE1,SE_TEROTH,TS_0,2024,1.0
RE1,SE_TEROTH,TS_0,2025,1.0
RE1,SE_TEROTH,TS_0,2026,1.0
RE1,SE_TEROTH,TS_0,2027,1.0
RE1,SE_TEROTH,TS_0,2028,1.0
RE1,SE_TEROTH,TS_0,2029,1.0
RE1,SE_TEROTH,TS_0,2030,1.0
RE1,SE_TEROTH,TS_0,2031,1.0
RE1,SE_TEROTH,TS_0,2032,1.0
RE1,SE_TEROTH,TS_0,2033,1.0
RE1,SE_TEROTH,TS_0,2034,1.0
RE1,SE_TEROTH,TS_0,2035,1.0
RE1,SE_TEROTH,TS_0,2036,1.0
RE1,SE_TEROTH,TS_0,2037,1.0
RE1,SE_TEROTH,TS_0,2038,1.0
RE1,SE_TEROTH,TS_0,2039,1.0
RE1,SE_TEROTH,TS_0,2040,1.0
RE1,SE_TEROTH,TS_0,2041,1.0
RE1,SE_TEROTH,TS_0,2042,1.0
RE1,SE_TEROTH,TS_0,2043,1.0
RE1,SE_TEROTH,TS_0,2044,1.0
RE1,SE_TEROTH,TS_0,2045,1.0
RE1,SE_TEROTH,TS_0,2046,1.0
RE1,SE_TEROTH,TS_0,2047,1.0
RE1,SE_TEROTH,TS_0,2048,1.0
RE1,SE_TEROTH,TS_0,2049,1.0
RE1,SE_TEROTH,TS_0,2050,1.0
RE1,SE_TEROTH,TS_0,2051,1.0
RE1,SE_TEROTH,TS_0,2052,1.0
RE1,SE_TEROTH,TS_0,2053,1.0
RE1,SE_TEROTH,TS_0,2054,1.0
RE1,SE_TERREF_AUC,TS_0,2022,1.0
RE1,SE_TERREF_AUC,TS_0,2023,1.0
RE1,SE_TERREF_AUC,TS_0,2024,1.0
RE1,SE_TERREF_AUC,TS_0,2025,1.0
RE1,SE_TERREF_AUC,TS_0,2026,1.0
RE1,SE_TERREF_AUC,TS_0,2027,1.0
RE1,SE_TERREF_AUC,TS_0,2028,1.0
RE1,SE_TERREF_AUC,TS_0,2029,1.0
RE1,SE_TERREF_AUC,TS_0,2030,1.0
RE1,SE_TERREF_AUC,TS_0,2031,1.0
RE1,SE_TERREF_AUC,TS_0,2032,1.0
RE1,SE_TERREF_AUC,TS_0,2033,1.0
RE1,SE_TERREF_AUC,TS_0,2034,1.0
RE1,SE_TERREF_AUC,TS_0,2035,1.0
RE1,SE_TERREF_AUC,TS_0,2036,1.0
RE1,SE_TERREF_AUC,TS_0,2037,1.0
RE1,SE_TERREF_AUC,TS_0,2038,1.0
RE1,SE_TERREF_AUC,TS_0,2039,1.0
RE1,SE_TERREF_AUC,TS_0,2040,1.0
RE1,SE_TERREF_AUC,TS_0,2041,1.0
RE1,SE_TERREF_AUC,TS_0,2042,1.0
RE1,SE_TERREF_AUC,TS_0,2043,1.0
RE1,SE_TERREF_AUC,TS_0,2044,1.0
RE1,SE_TERREF_AUC,TS_0,2045,1.0
RE1,SE_TERREF_AUC,TS_0,2046,1.0
RE1,SE_TERREF_AUC,TS_0,2047,1.0
RE1,SE_TERREF_AUC,TS_0,2048,1.0
RE1,SE_TERREF_AUC,TS_0,2049,1.0
RE1,SE_TERREF_AUC,TS_0,2050,1.0
RE1,SE_TERREF_AUC,TS_0,2051,1.0
RE1,SE_TERREF_AUC,TS_0,2052,1.0
RE1,SE_TERREF_AUC,TS_0,2053,1.0
RE1,SE_TERREF_AUC,TS_0,2054,1.0
RE1,SE_TERREF_CEN,TS_0,2022,1.0
RE1,SE_TERREF_CEN,TS_0,2023,1.0
RE1,SE_TERREF_CEN,TS_0,2024,1.0
RE1,SE_TERREF_CEN,TS_0,2025,1.0
RE1,SE_TERREF_CEN,TS_0,2026,1.0
RE1,SE_TERREF_CEN,TS_0,2027,1.0
RE1,SE_TERREF_CEN,TS_0,2028,1.0
RE1,SE_TERREF_CEN,TS_0,2029,1.0
RE1,SE_TERREF_CEN,TS_0,2030,1.0
RE1,SE_TERREF_CEN,TS_0,2031,1.0
RE1,SE_TERREF_CEN,TS_0,2032,1.0
RE1,SE_TERREF_CEN,TS_0,2033,1.0
RE1,SE_TERREF_CEN,TS_0,2034,1.0
RE1,SE_TERREF_CEN,TS_0,2035,1.0
RE1,SE_TERREF_CEN,TS_0,2036,1.0
RE1,SE_TERREF_CEN,TS_0,2037,1.0
RE1,SE_TERREF_CEN,TS_0,2038,1.0
RE1,SE_TERREF_CEN,TS_0,2039,1.0
RE1,SE_TERREF_CEN,TS_0,2040,1.0
RE1,SE_TERREF_CEN,TS_0,2041,1.0
RE1,SE_TERREF_CEN,TS_0,2042,1.0
RE1,SE_TERREF_CEN,TS_0,2043,1.0
RE1,SE_TERREF_CEN,TS_0,2044,1.0
RE1,SE_TERREF_CEN,TS_0,2045,1.0
RE1,SE_TERREF_CEN,TS_0,2046,1.0
RE1,SE_TERREF_CEN,TS_0,2047,1.0
RE1,SE_TERREF_CEN,TS_0,2048,1.0
RE1,SE_TERREF_CEN,TS_0,2049,1.0
RE1,SE_TERREF_CEN,TS_0,2050,1.0
RE1,SE_TERREF_CEN,TS_0,2051,1.0
RE1,SE_TERREF_CEN,TS_0,2052,1.0
RE1,SE_TERREF_CEN,TS_0,2053,1.0
RE1,SE_TERREF_CEN,TS_0,2054,1.0
RE1,SO_AGFELC,TS_0,2022,1.0
RE1,SO_AGFELC,TS_0,2023,1.0
RE1,SO_AGFELC,TS_0,2024,1.0
RE1,SO_AGFELC,TS_0,2025,1.0
RE1,SO_AGFELC,TS_0,2026,1.0
RE1,SO_AGFELC,TS_0,2027,1.0
RE1,SO_AGFELC,TS_0,2028,1.0
RE1,SO_AGFELC,TS_0,2029,1.0
RE1,SO_AGFELC,TS_0,2030,1.0
RE1,SO_AGFELC,TS_0,2031,1.0
RE1,SO_AGFELC,TS_0,2032,1.0
RE1,SO_AGFELC,TS_0,2033,1.0
RE1,SO_AGFELC,TS_0,2034,1.0
RE1,SO_AGFELC,TS_0,2035,1.0
RE1,SO_AGFELC,TS_0,2036,1.0
RE1,SO_AGFELC,TS_0,2037,1.0
RE1,SO_AGFELC,TS_0,2038,1.0
RE1,SO_AGFELC,TS_0,2039,1.0
RE1,SO_AGFELC,TS_0,2040,1.0
RE1,SO_AGFELC,TS_0,2041,1.0
RE1,SO_AGFELC,TS_0,2042,1.0
RE1,SO_AGFELC,TS_0,2043,1.0
RE1,SO_AGFELC,TS_0,2044,1.0
RE1,SO_AGFELC,TS_0,2045,1.0
RE1,SO_AGFELC,TS_0,2046,1.0
RE1,SO_AGFELC,TS_0,2047,1.0
RE1,SO_AGFELC,TS_0,2048,1.0
RE1,SO_AGFELC,TS_0,2049,1.0
RE1,SO_AGFELC,TS_0,2050,1.0
RE1,SO_AGFELC,TS_0,2051,1.0
RE1,SO_AGFELC,TS_0,2052,1.0
RE1,SO_AGFELC,TS_0,2053,1.0
RE1,SO_AGFELC,TS_0,2054,1.0
RE1,SO_INDCLIM,TS_0,2022,1.0
RE1,SO_INDCLIM,TS_0,2023,1.0
RE1,SO_INDCLIM,TS_0,2024,1.0
RE1,SO_INDCLIM,TS_0,2025,1.0
RE1,SO_INDCLIM,TS_0,2026,1.0
RE1,SO_INDCLIM,TS_0,2027,1.0
RE1,SO_INDCLIM,TS_0,2028,1.0
RE1,SO_INDCLIM,TS_0,2029,1.0
RE1,SO_INDCLIM,TS_0,2030,1.0
RE1,SO_INDCLIM,TS_0,2031,1.0
RE1,SO_INDCLIM,TS_0,2032,1.0
RE1,SO_INDCLIM,TS_0,2033,1.0
RE1,SO_INDCLIM,TS_0,2034,1.0
RE1,SO_INDCLIM,TS_0,2035,1.0
RE1,SO_INDCLIM,TS_0,2036,1.0
RE1,SO_INDCLIM,TS_0,2037,1.0
RE1,SO_INDCLIM,TS_0,2038,1.0
RE1,SO_INDCLIM,TS_0,2039,1.0
RE1,SO_INDCLIM,TS_0,2040,1.0
RE1,SO_INDCLIM,TS_0,2041,1.0
RE1,SO_INDCLIM,TS_0,2042,1.0
RE1,SO_INDCLIM,TS_0,2043,1.0
RE1,SO_INDCLIM,TS_0,2044,1.0
RE1,SO_INDCLIM,TS_0,2045,1.0
RE1,SO_INDCLIM,TS_0,2046,1.0
RE1,SO_INDCLIM,TS_0,2047,1.0
RE1,SO_INDCLIM,TS_0,2048,1.0
RE1,SO_INDCLIM,TS_0,2049,1.0
RE1,SO_INDCLIM,TS_0,2050,1.0
RE1,SO_INDCLIM,TS_0,2051,1.0
RE1,SO_INDCLIM,TS_0,2052,1.0
RE1,SO_INDCLIM,TS_0,2053,1.0
RE1,SO_INDCLIM,TS_0,2054,1.0
RE1,SO_INDDHT,TS_0,2022,1.0
RE1,SO_INDDHT,TS_0,2023,1.0
RE1,SO_INDDHT,TS_0,2024,1.0
RE1,SO_INDDHT,TS_0,2025,1.0
RE1,SO_INDDHT,TS_0,2026,1.0
RE1,SO_INDDHT,TS_0,2027,1.0
RE1,SO_INDDHT,TS_0,2028,1.0
RE1,SO_INDDHT,TS_0,2029,1.0
RE1,SO_INDDHT,TS_0,2030,1.0
RE1,SO_INDDHT,TS_0,2031,1.0
RE1,SO_INDDHT,TS_0,2032,1.0
RE1,SO_INDDHT,TS_0,2033,1.0
RE1,SO_INDDHT,TS_0,2034,1.0
RE1,SO_INDDHT,TS_0,2035,1.0
RE1,SO_INDDHT,TS_0,2036,1.0
RE1,SO_INDDHT,TS_0,2037,1.0
RE1,SO_INDDHT,TS_0,2038,1.0
RE1,SO_INDDHT,TS_0,2039,1.0
RE1,SO_INDDHT,TS_0,2040,1.0
RE1,SO_INDDHT,TS_0,2041,1.0
RE1,SO_INDDHT,TS_0,2042,1.0
RE1,SO_INDDHT,TS_0,2043,1.0
RE1,SO_INDDHT,TS_0,2044,1.0
RE1,SO_INDDHT,TS_0,2045,1.0
RE1,SO_INDDHT,TS_0,2046,1.0
RE1,SO_INDDHT,TS_0,2047,1.0
RE1,SO_INDDHT,TS_0,2048,1.0
RE1,SO_INDDHT,TS_0,2049,1.0
RE1,SO_INDDHT,TS_0,2050,1.0
RE1,SO_INDDHT,TS_0,2051,1.0
RE1,SO_INDDHT,TS_0,2052,1.0
RE1,SO_INDDHT,TS_0,2053,1.0
RE1,SO_INDDHT,TS_0,2054,1.0
RE1,SO_INDIHT,TS_0,2022,1.0
RE1,SO_INDIHT,TS_0,2023,1.0
RE1,SO_INDIHT,TS_0,2024,1.0
RE1,SO_INDIHT,TS_0,2025,1.0
RE1,SO_INDIHT,TS_0,2026,1.0
RE1,SO_INDIHT,TS_0,2027,1.0
RE1,SO_INDIHT,TS_0,2028,1.0
RE1,SO_INDIHT,TS_0,2029,1.0
RE1,SO_INDIHT,TS_0,2030,1.0
RE1,SO_INDIHT,TS_0,2031,1.0
RE1,SO_INDIHT,TS_0,2032,1.0
RE1,SO_INDIHT,TS_0,2033,1.0
RE1,SO_INDIHT,TS_0,2034,1.0
RE1,SO_INDIHT,TS_0,2035,1.0
RE1,SO_INDIHT,TS_0,2036,1.0
RE1,SO_INDIHT,TS_0,2037,1.0
RE1,SO_INDIHT,TS_0,2038,1.0
RE1,SO_INDIHT,TS_0,2039,1.0
RE1,SO_INDIHT,TS_0,2040,1.0
RE1,SO_INDIHT,TS_0,2041,1.0
RE1,SO_INDIHT,TS_0,2042,1.0
RE1,SO_INDIHT,TS_0,2043,1.0
RE1,SO_INDIHT,TS_0,2044,1.0
RE1,SO_INDIHT,TS_0,2045,1.0
RE1,SO_INDIHT,TS_0,2046,1.0
RE1,SO_INDIHT,TS_0,2047,1.0
RE1,SO_INDIHT,TS_0,2048,1.0
RE1,SO_INDIHT,TS_0,2049,1.0
RE1,SO_INDIHT,TS_0,2050,1.0
RE1,SO_INDIHT,TS_0,2051,1.0
RE1,SO_INDIHT,TS_0,2052,1.0
RE1,SO_INDIHT,TS_0,2053,1.0
RE1,SO_INDIHT,TS_0,2054,1.0
RE1,SO_INDILU,TS_0,2022,1.0
RE1,SO_INDILU,TS_0,2023,1.0
RE1,SO_INDILU,TS_0,2024,1.0
RE1,SO_INDILU,TS_0,2025,1.0
RE1,SO_INDILU,TS_0,2026,1.0
RE1,SO_INDILU,TS_0,2027,1.0
RE1,SO_INDILU,TS_0,2028,1.0
RE1,SO_INDILU,TS_0,2029,1.0
RE1,SO_INDILU,TS_0,2030,1.0
RE1,SO_INDILU,TS_0,2031,1.0
RE1,SO_INDILU,TS_0,2032,1.0
RE1,SO_INDILU,TS_0,2033,1.0
RE1,SO_INDILU,TS_0,2034,1.0
RE1,SO_INDILU,TS_0,2035,1.0
RE1,SO_INDILU,TS_0,2036,1.0
RE1,SO_INDILU,TS_0,2037,1.0
RE1,SO_INDILU,TS_0,2038,1.0
RE1,SO_INDILU,TS_0,2039,1.0
RE1,SO_INDILU,TS_0,2040,1.0
RE1,SO_INDILU,TS_0,2041,1.0
RE1,SO_INDILU,TS_0,2042,1.0
RE1,SO_INDILU,TS_0,2043,1.0
RE1,SO_INDILU,TS_0,2044,1.0
RE1,SO_INDILU,TS_0,2045,1.0
RE1,SO_INDILU,TS_0,2046,1.0
RE1,SO_INDILU,TS_0,2047,1.0
RE1,SO_INDILU,TS_0,2048,1.0
RE1,SO_INDILU,TS_0,2049,1.0
RE1,SO_INDILU,TS_0,2050,1.0
RE1,SO_INDILU,TS_0,2051,1.0
RE1,SO_INDILU,TS_0,2052,1.0
RE1,SO_INDILU,TS_0,2053,1.0
RE1,SO_INDILU,TS_0,2054,1.0
RE1,SO_INDMPW,TS_0,2022,1.0
RE1,SO_INDMPW,TS_0,2023,1.0
RE1,SO_INDMPW,TS_0,2024,1.0
RE1,SO_INDMPW,TS_0,2025,1.0
RE1,SO_INDMPW,TS_0,2026,1.0
RE1,SO_INDMPW,TS_0,2027,1.0
RE1,SO_INDMPW,TS_0,2028,1.0
RE1,SO_INDMPW,TS_0,2029,1.0
RE1,SO_INDMPW,TS_0,2030,1.0
RE1,SO_INDMPW,TS_0,2031,1.0
RE1,SO_INDMPW,TS_0,2032,1.0
RE1,SO_INDMPW,TS_0,2033,1.0
RE1,SO_INDMPW,TS_0,2034,1.0
RE1,SO_INDMPW,TS_0,2035,1.0
RE1,SO_INDMPW,TS_0,2036,1.0
RE1,SO_INDMPW,TS_0,2037,1.0
RE1,SO_INDMPW,TS_0,2038,1.0
RE1,SO_INDMPW,TS_0,2039,1.0
RE1,SO_INDMPW,TS_0,2040,1.0
RE1,SO_INDMPW,TS_0,2041,1.0
RE1,SO_INDMPW,TS_0,2042,1.0
RE1,SO_INDMPW,TS_0,2043,1.0
RE1,SO_INDMPW,TS_0,2044,1.0
RE1,SO_INDMPW,TS_0,2045,1.0
RE1,SO_INDMPW,TS_0,2046,1.0
RE1,SO_INDMPW,TS_0,2047,1.0
RE1,SO_INDMPW,TS_0,2048,1.0
RE1,SO_INDMPW,TS_0,2049,1.0
RE1,SO_INDMPW,TS_0,2050,1.0
RE1,SO_INDMPW,TS_0,2051,1.0
RE1,SO_INDMPW,TS_0,2052,1.0
RE1,SO_INDMPW,TS_0,2053,1.0
RE1,SO_INDMPW,TS_0,2054,1.0
RE1,SO_INDOTH_ELC,TS_0,2022,1.0
RE1,SO_INDOTH_ELC,TS_0,2023,1.0
RE1,SO_INDOTH_ELC,TS_0,2024,1.0
RE1,SO_INDOTH_ELC,TS_0,2025,1.0
RE1,SO_INDOTH_ELC,TS_0,2026,1.0
RE1,SO_INDOTH_ELC,TS_0,2027,1.0
RE1,SO_INDOTH_ELC,TS_0,2028,1.0
RE1,SO_INDOTH_ELC,TS_0,2029,1.0
RE1,SO_INDOTH_ELC,TS_0,2030,1.0
RE1,SO_INDOTH_ELC,TS_0,2031,1.0
RE1,SO_INDOTH_ELC,TS_0,2032,1.0
RE1,SO_INDOTH_ELC,TS_0,2033,1.0
RE1,SO_INDOTH_ELC,TS_0,2034,1.0
RE1,SO_INDOTH_ELC,TS_0,2035,1.0
RE1,SO_INDOTH_ELC,TS_0,2036,1.0
RE1,SO_INDOTH_ELC,TS_0,2037,1.0
RE1,SO_INDOTH_ELC,TS_0,2038,1.0
RE1,SO_INDOTH_ELC,TS_0,2039,1.0
RE1,SO_INDOTH_ELC,TS_0,2040,1.0
RE1,SO_INDOTH_ELC,TS_0,2041,1.0
RE1,SO_INDOTH_ELC,TS_0,2042,1.0
RE1,SO_INDOTH_ELC,TS_0,2043,1.0
RE1,SO_INDOTH_ELC,TS_0,2044,1.0
RE1,SO_INDOTH_ELC,TS_0,2045,1.0
RE1,SO_INDOTH_ELC,TS_0,2046,1.0
RE1,SO_INDOTH_ELC,TS_0,2047,1.0
RE1,SO_INDOTH_ELC,TS_0,2048,1.0
RE1,SO_INDOTH_ELC,TS_0,2049,1.0
RE1,SO_INDOTH_ELC,TS_0,2050,1.0
RE1,SO_INDOTH_ELC,TS_0,2051,1.0
RE1,SO_INDOTH_ELC,TS_0,2052,1.0
RE1,SO_INDOTH_ELC,TS_0,2053,1.0
RE1,SO_INDOTH_ELC,TS_0,2054,1.0
RE1,SO_INDREF,TS_0,2022,1.0
RE1,SO_INDREF,TS_0,2023,1.0
RE1,SO_INDREF,TS_0,2024,1.0
RE1,SO_INDREF,TS_0,2025,1.0
RE1,SO_INDREF,TS_0,2026,1.0
RE1,SO_INDREF,TS_0,2027,1.0
RE1,SO_INDREF,TS_0,2028,1.0
RE1,SO_INDREF,TS_0,2029,1.0
RE1,SO_INDREF,TS_0,2030,1.0
RE1,SO_INDREF,TS_0,2031,1.0
RE1,SO_INDREF,TS_0,2032,1.0
RE1,SO_INDREF,TS_0,2033,1.0
RE1,SO_INDREF,TS_0,2034,1.0
RE1,SO_INDREF,TS_0,2035,1.0
RE1,SO_INDREF,TS_0,2036,1.0
RE1,SO_INDREF,TS_0,2037,1.0
RE1,SO_INDREF,TS_0,2038,1.0
RE1,SO_INDREF,TS_0,2039,1.0
RE1,SO_INDREF,TS_0,2040,1.0
RE1,SO_INDREF,TS_0,2041,1.0
RE1,SO_INDREF,TS_0,2042,1.0
RE1,SO_INDREF,TS_0,2043,1.0
RE1,SO_INDREF,TS_0,2044,1.0
RE1,SO_INDREF,TS_0,2045,1.0
RE1,SO_INDREF,TS_0,2046,1.0
RE1,SO_INDREF,TS_0,2047,1.0
RE1,SO_INDREF,TS_0,2048,1.0
RE1,SO_INDREF,TS_0,2049,1.0
RE1,SO_INDREF,TS_0,2050,1.0
RE1,SO_INDREF,TS_0,2051,1.0
RE1,SO_INDREF,TS_0,2052,1.0
RE1,SO_INDREF,TS_0,2053,1.0
RE1,SO_INDREF,TS_0,2054,1.0
RE1,SO_RESCLIM_RUR,TS_0,2022,1.0
RE1,SO_RESCLIM_RUR,TS_0,2023,1.0
RE1,SO_RESCLIM_RUR,TS_0,2024,1.0
RE1,SO_RESCLIM_RUR,TS_0,2025,1.0
RE1,SO_RESCLIM_RUR,TS_0,2026,1.0
RE1,SO_RESCLIM_RUR,TS_0,2027,1.0
RE1,SO_RESCLIM_RUR,TS_0,2028,1.0
RE1,SO_RESCLIM_RUR,TS_0,2029,1.0
RE1,SO_RESCLIM_RUR,TS_0,2030,1.0
RE1,SO_RESCLIM_RUR,TS_0,2031,1.0
RE1,SO_RESCLIM_RUR,TS_0,2032,1.0
RE1,SO_RESCLIM_RUR,TS_0,2033,1.0
RE1,SO_RESCLIM_RUR,TS_0,2034,1.0
RE1,SO_RESCLIM_RUR,TS_0,2035,1.0
RE1,SO_RESCLIM_RUR,TS_0,2036,1.0
RE1,SO_RESCLIM_RUR,TS_0,2037,1.0
RE1,SO_RESCLIM_RUR,TS_0,2038,1.0
RE1,SO_RESCLIM_RUR,TS_0,2039,1.0
RE1,SO_RESCLIM_RUR,TS_0,2040,1.0
RE1,SO_RESCLIM_RUR,TS_0,2041,1.0
RE1,SO_RESCLIM_RUR,TS_0,2042,1.0
RE1,SO_RESCLIM_RUR,TS_0,2043,1.0
RE1,SO_RESCLIM_RUR,TS_0,2044,1.0
RE1,SO_RESCLIM_RUR,TS_0,2045,1.0
RE1,SO_RESCLIM_RUR,TS_0,2046,1.0
RE1,SO_RESCLIM_RUR,TS_0,2047,1.0
RE1,SO_RESCLIM_RUR,TS_0,2048,1.0
RE1,SO_RESCLIM_RUR,TS_0,2049,1.0
RE1,SO_RESCLIM_RUR,TS_0,2050,1.0
RE1,SO_RESCLIM_RUR,TS_0,2051,1.0
RE1,SO_RESCLIM_RUR,TS_0,2052,1.0
RE1,SO_RESCLIM_RUR,TS_0,2053,1.0
RE1,SO_RESCLIM_RUR,TS_0,2054,1.0
RE1,SO_RESCLIM_URB,TS_0,2022,1.0
RE1,SO_RESCLIM_URB,TS_0,2023,1.0
RE1,SO_RESCLIM_URB,TS_0,2024,1.0
RE1,SO_RESCLIM_URB,TS_0,2025,1.0
RE1,SO_RESCLIM_URB,TS_0,2026,1.0
RE1,SO_RESCLIM_URB,TS_0,2027,1.0
RE1,SO_RESCLIM_URB,TS_0,2028,1.0
RE1,SO_RESCLIM_URB,TS_0,2029,1.0
RE1,SO_RESCLIM_URB,TS_0,2030,1.0
RE1,SO_RESCLIM_URB,TS_0,2031,1.0
RE1,SO_RESCLIM_URB,TS_0,2032,1.0
RE1,SO_RESCLIM_URB,TS_0,2033,1.0
RE1,SO_RESCLIM_URB,TS_0,2034,1.0
RE1,SO_RESCLIM_URB,TS_0,2035,1.0
RE1,SO_RESCLIM_URB,TS_0,2036,1.0
RE1,SO_RESCLIM_URB,TS_0,2037,1.0
RE1,SO_RESCLIM_URB,TS_0,2038,1.0
RE1,SO_RESCLIM_URB,TS_0,2039,1.0
RE1,SO_RESCLIM_URB,TS_0,2040,1.0
RE1,SO_RESCLIM_URB,TS_0,2041,1.0
RE1,SO_RESCLIM_URB,TS_0,2042,1.0
RE1,SO_RESCLIM_URB,TS_0,2043,1.0
RE1,SO_RESCLIM_URB,TS_0,2044,1.0
RE1,SO_RESCLIM_URB,TS_0,2045,1.0
RE1,SO_RESCLIM_URB,TS_0,2046,1.0
RE1,SO_RESCLIM_URB,TS_0,2047,1.0
RE1,SO_RESCLIM_URB,TS_0,2048,1.0
RE1,SO_RESCLIM_URB,TS_0,2049,1.0
RE1,SO_RESCLIM_URB,TS_0,2050,1.0
RE1,SO_RESCLIM_URB,TS_0,2051,1.0
RE1,SO_RESCLIM_URB,TS_0,2052,1.0
RE1,SO_RESCLIM_URB,TS_0,2053,1.0
RE1,SO_RESCLIM_URB,TS_0,2054,1.0
RE1,SO_RESDHT_RUR,TS_0,2022,1.0
RE1,SO_RESDHT_RUR,TS_0,2023,1.0
RE1,SO_RESDHT_RUR,TS_0,2024,1.0
RE1,SO_RESDHT_RUR,TS_0,2025,1.0
RE1,SO_RESDHT_RUR,TS_0,2026,1.0
RE1,SO_RESDHT_RUR,TS_0,2027,1.0
RE1,SO_RESDHT_RUR,TS_0,2028,1.0
RE1,SO_RESDHT_RUR,TS_0,2029,1.0
RE1,SO_RESDHT_RUR,TS_0,2030,1.0
RE1,SO_RESDHT_RUR,TS_0,2031,1.0
RE1,SO_RESDHT_RUR,TS_0,2032,1.0
RE1,SO_RESDHT_RUR,TS_0,2033,1.0
RE1,SO_RESDHT_RUR,TS_0,2034,1.0
RE1,SO_RESDHT_RUR,TS_0,2035,1.0
RE1,SO_RESDHT_RUR,TS_0,2036,1.0
RE1,SO_RESDHT_RUR,TS_0,2037,1.0
RE1,SO_RESDHT_RUR,TS_0,2038,1.0
RE1,SO_RESDHT_RUR,TS_0,2039,1.0
RE1,SO_RESDHT_RUR,TS_0,2040,1.0
RE1,SO_RESDHT_RUR,TS_0,2041,1.0
RE1,SO_RESDHT_RUR,TS_0,2042,1.0
RE1,SO_RESDHT_RUR,TS_0,2043,1.0
RE1,SO_RESDHT_RUR,TS_0,2044,1.0
RE1,SO_RESDHT_RUR,TS_0,2045,1.0
RE1,SO_RESDHT_RUR,TS_0,2046,1.0
RE1,SO_RESDHT_RUR,TS_0,2047,1.0
RE1,SO_RESDHT_RUR,TS_0,2048,1.0
RE1,SO_RESDHT_RUR,TS_0,2049,1.0
RE1,SO_RESDHT_RUR,TS_0,2050,1.0
RE1,SO_RESDHT_RUR,TS_0,2051,1.0
RE1,SO_RESDHT_RUR,TS_0,2052,1.0
RE1,SO_RESDHT_RUR,TS_0,2053,1.0
RE1,SO_RESDHT_RUR,TS_0,2054,1.0
RE1,SO_RESDHT_URB,TS_0,2022,1.0
RE1,SO_RESDHT_URB,TS_0,2023,1.0
RE1,SO_RESDHT_URB,TS_0,2024,1.0
RE1,SO_RESDHT_URB,TS_0,2025,1.0
RE1,SO_RESDHT_URB,TS_0,2026,1.0
RE1,SO_RESDHT_URB,TS_0,2027,1.0
RE1,SO_RESDHT_URB,TS_0,2028,1.0
RE1,SO_RESDHT_URB,TS_0,2029,1.0
RE1,SO_RESDHT_URB,TS_0,2030,1.0
RE1,SO_RESDHT_URB,TS_0,2031,1.0
RE1,SO_RESDHT_URB,TS_0,2032,1.0
RE1,SO_RESDHT_URB,TS_0,2033,1.0
RE1,SO_RESDHT_URB,TS_0,2034,1.0
RE1,SO_RESDHT_URB,TS_0,2035,1.0
RE1,SO_RESDHT_URB,TS_0,2036,1.0
RE1,SO_RESDHT_URB,TS_0,2037,1.0
RE1,SO_RESDHT_URB,TS_0,2038,1.0
RE1,SO_RESDHT_URB,TS_0,2039,1.0
RE1,SO_RESDHT_URB,TS_0,2040,1.0
RE1,SO_RESDHT_URB,TS_0,2041,1.0
RE1,SO_RESDHT_URB,TS_0,2042,1.0
RE1,SO_RESDHT_URB,TS_0,2043,1.0
RE1,SO_RESDHT_URB,TS_0,2044,1.0
RE1,SO_RESDHT_URB,TS_0,2045,1.0
RE1,SO_RESDHT_URB,TS_0,2046,1.0
RE1,SO_RESDHT_URB,TS_0,2047,1.0
RE1,SO_RESDHT_URB,TS_0,2048,1.0
RE1,SO_RESDHT_URB,TS_0,2049,1.0
RE1,SO_RESDHT_URB,TS_0,2050,1.0
RE1,SO_RESDHT_URB,TS_0,2051,1.0
RE1,SO_RESDHT_URB,TS_0,2052,1.0
RE1,SO_RESDHT_URB,TS_0,2053,1.0
RE1,SO_RESDHT_URB,TS_0,2054,1.0
RE1,SO_RESILU_RUR,TS_0,2022,1.0
RE1,SO_RESILU_RUR,TS_0,2023,1.0
RE1,SO_RESILU_RUR,TS_0,2024,1.0
RE1,SO_RESILU_RUR,TS_0,2025,1.0
RE1,SO_RESILU_RUR,TS_0,2026,1.0
RE1,SO_RESILU_RUR,TS_0,2027,1.0
RE1,SO_RESILU_RUR,TS_0,2028,1.0
RE1,SO_RESILU_RUR,TS_0,2029,1.0
RE1,SO_RESILU_RUR,TS_0,2030,1.0
RE1,SO_RESILU_RUR,TS_0,2031,1.0
RE1,SO_RESILU_RUR,TS_0,2032,1.0
RE1,SO_RESILU_RUR,TS_0,2033,1.0
RE1,SO_RESILU_RUR,TS_0,2034,1.0
RE1,SO_RESILU_RUR,TS_0,2035,1.0
RE1,SO_RESILU_RUR,TS_0,2036,1.0
RE1,SO_RESILU_RUR,TS_0,2037,1.0
RE1,SO_RESILU_RUR,TS_0,2038,1.0
RE1,SO_RESILU_RUR,TS_0,2039,1.0
RE1,SO_RESILU_RUR,TS_0,2040,1.0
RE1,SO_RESILU_RUR,TS_0,2041,1.0
RE1,SO_RESILU_RUR,TS_0,2042,1.0
RE1,SO_RESILU_RUR,TS_0,2043,1.0
RE1,SO_RESILU_RUR,TS_0,2044,1.0
RE1,SO_RESILU_RUR,TS_0,2045,1.0
RE1,SO_RESILU_RUR,TS_0,2046,1.0
RE1,SO_RESILU_RUR,TS_0,2047,1.0
RE1,SO_RESILU_RUR,TS_0,2048,1.0
RE1,SO_RESILU_RUR,TS_0,2049,1.0
RE1,SO_RESILU_RUR,TS_0,2050,1.0
RE1,SO_RESILU_RUR,TS_0,2051,1.0
RE1,SO_RESILU_RUR,TS_0,2052,1.0
RE1,SO_RESILU_RUR,TS_0,2053,1.0
RE1,SO_RESILU_RUR,TS_0,2054,1.0
RE1,SO_RESILU_URB,TS_0,2022,1.0
RE1,SO_RESILU_URB,TS_0,2023,1.0
RE1,SO_RESILU_URB,TS_0,2024,1.0
RE1,SO_RESILU_URB,TS_0,2025,1.0
RE1,SO_RESILU_URB,TS_0,2026,1.0
RE1,SO_RESILU_URB,TS_0,2027,1.0
RE1,SO_RESILU_URB,TS_0,2028,1.0
RE1,SO_RESILU_URB,TS_0,2029,1.0
RE1,SO_RESILU_URB,TS_0,2030,1.0
RE1,SO_RESILU_URB,TS_0,2031,1.0
RE1,SO_RESILU_URB,TS_0,2032,1.0
RE1,SO_RESILU_URB,TS_0,2033,1.0
RE1,SO_RESILU_URB,TS_0,2034,1.0
RE1,SO_RESILU_URB,TS_0,2035,1.0
RE1,SO_RESILU_URB,TS_0,2036,1.0
RE1,SO_RESILU_URB,TS_0,2037,1.0
RE1,SO_RESILU_URB,TS_0,2038,1.0
RE1,SO_RESILU_URB,TS_0,2039,1.0
RE1,SO_RESILU_URB,TS_0,2040,1.0
RE1,SO_RESILU_URB,TS_0,2041,1.0
RE1,SO_RESILU_URB,TS_0,2042,1.0
RE1,SO_RESILU_URB,TS_0,2043,1.0
RE1,SO_RESILU_URB,TS_0,2044,1.0
RE1,SO_RESILU_URB,TS_0,2045,1.0
RE1,SO_RESILU_URB,TS_0,2046,1.0
RE1,SO_RESILU_URB,TS_0,2047,1.0
RE1,SO_RESILU_URB,TS_0,2048,1.0
RE1,SO_RESILU_URB,TS_0,2049,1.0
RE1,SO_RESILU_URB,TS_0,2050,1.0
RE1,SO_RESILU_URB,TS_0,2051,1.0
RE1,SO_RESILU_URB,TS_0,2052,1.0
RE1,SO_RESILU_URB,TS_0,2053,1.0
RE1,SO_RESILU_URB,TS_0,2054,1.0
RE1,SO_RESOTH_RUR,TS_0,2022,1.0
RE1,SO_RESOTH_RUR,TS_0,2023,1.0
RE1,SO_RESOTH_RUR,TS_0,2024,1.0
RE1,SO_RESOTH_RUR,TS_0,2025,1.0
RE1,SO_RESOTH_RUR,TS_0,2026,1.0
RE1,SO_RESOTH_RUR,TS_0,2027,1.0
RE1,SO_RESOTH_RUR,TS_0,2028,1.0
RE1,SO_RESOTH_RUR,TS_0,2029,1.0
RE1,SO_RESOTH_RUR,TS_0,2030,1.0
RE1,SO_RESOTH_RUR,TS_0,2031,1.0
RE1,SO_RESOTH_RUR,TS_0,2032,1.0
RE1,SO_RESOTH_RUR,TS_0,2033,1.0
RE1,SO_RESOTH_RUR,TS_0,2034,1.0
RE1,SO_RESOTH_RUR,TS_0,2035,1.0
RE1,SO_RESOTH_RUR,TS_0,2036,1.0
RE1,SO_RESOTH_RUR,TS_0,2037,1.0
RE1,SO_RESOTH_RUR,TS_0,2038,1.0
RE1,SO_RESOTH_RUR,TS_0,2039,1.0
RE1,SO_RESOTH_RUR,TS_0,2040,1.0
RE1,SO_RESOTH_RUR,TS_0,2041,1.0
RE1,SO_RESOTH_RUR,TS_0,2042,1.0
RE1,SO_RESOTH_RUR,TS_0,2043,1.0
RE1,SO_RESOTH_RUR,TS_0,2044,1.0
RE1,SO_RESOTH_RUR,TS_0,2045,1.0
RE1,SO_RESOTH_RUR,TS_0,2046,1.0
RE1,SO_RESOTH_RUR,TS_0,2047,1.0
RE1,SO_RESOTH_RUR,TS_0,2048,1.0
RE1,SO_RESOTH_RUR,TS_0,2049,1.0
RE1,SO_RESOTH_RUR,TS_0,2050,1.0
RE1,SO_RESOTH_RUR,TS_0,2051,1.0
RE1,SO_RESOTH_RUR,TS_0,2052,1.0
RE1,SO_RESOTH_RUR,TS_0,2053,1.0
RE1,SO_RESOTH_RUR,TS_0,2054,1.0
RE1,SO_RESOTH_URB,TS_0,2022,1.0
RE1,SO_RESOTH_URB,TS_0,2023,1.0
RE1,SO_RESOTH_URB,TS_0,2024,1.0
RE1,SO_RESOTH_URB,TS_0,2025,1.0
RE1,SO_RESOTH_URB,TS_0,2026,1.0
RE1,SO_RESOTH_URB,TS_0,2027,1.0
RE1,SO_RESOTH_URB,TS_0,2028,1.0
RE1,SO_RESOTH_URB,TS_0,2029,1.0
RE1,SO_RESOTH_URB,TS_0,2030,1.0
RE1,SO_RESOTH_URB,TS_0,2031,1.0
RE1,SO_RESOTH_URB,TS_0,2032,1.0
RE1,SO_RESOTH_URB,TS_0,2033,1.0
RE1,SO_RESOTH_URB,TS_0,2034,1.0
RE1,SO_RESOTH_URB,TS_0,2035,1.0
RE1,SO_RESOTH_URB,TS_0,2036,1.0
RE1,SO_RESOTH_URB,TS_0,2037,1.0
RE1,SO_RESOTH_URB,TS_0,2038,1.0
RE1,SO_RESOTH_URB,TS_0,2039,1.0
RE1,SO_RESOTH_URB,TS_0,2040,1.0
RE1,SO_RESOTH_URB,TS_0,2041,1.0
RE1,SO_RESOTH_URB,TS_0,2042,1.0
RE1,SO_RESOTH_URB,TS_0,2043,1.0
RE1,SO_RESOTH_URB,TS_0,2044,1.0
RE1,SO_RESOTH_URB,TS_0,2045,1.0
RE1,SO_RESOTH_URB,TS_0,2046,1.0
RE1,SO_RESOTH_URB,TS_0,2047,1.0
RE1,SO_RESOTH_URB,TS_0,2048,1.0
RE1,SO_RESOTH_URB,TS_0,2049,1.0
RE1,SO_RESOTH_URB,TS_0,2050,1.0
RE1,SO_RESOTH_URB,TS_0,2051,1.0
RE1,SO_RESOTH_URB,TS_0,2052,1.0
RE1,SO_RESOTH_URB,TS_0,2053,1.0
RE1,SO_RESOTH_URB,TS_0,2054,1.0
RE1,SO_RESREF_RUR,TS_0,2022,1.0
RE1,SO_RESREF_RUR,TS_0,2023,1.0
RE1,SO_RESREF_RUR,TS_0,2024,1.0
RE1,SO_RESREF_RUR,TS_0,2025,1.0
RE1,SO_RESREF_RUR,TS_0,2026,1.0
RE1,SO_RESREF_RUR,TS_0,2027,1.0
RE1,SO_RESREF_RUR,TS_0,2028,1.0
RE1,SO_RESREF_RUR,TS_0,2029,1.0
RE1,SO_RESREF_RUR,TS_0,2030,1.0
RE1,SO_RESREF_RUR,TS_0,2031,1.0
RE1,SO_RESREF_RUR,TS_0,2032,1.0
RE1,SO_RESREF_RUR,TS_0,2033,1.0
RE1,SO_RESREF_RUR,TS_0,2034,1.0
RE1,SO_RESREF_RUR,TS_0,2035,1.0
RE1,SO_RESREF_RUR,TS_0,2036,1.0
RE1,SO_RESREF_RUR,TS_0,2037,1.0
RE1,SO_RESREF_RUR,TS_0,2038,1.0
RE1,SO_RESREF_RUR,TS_0,2039,1.0
RE1,SO_RESREF_RUR,TS_0,2040,1.0
RE1,SO_RESREF_RUR,TS_0,2041,1.0
RE1,SO_RESREF_RUR,TS_0,2042,1.0
RE1,SO_RESREF_RUR,TS_0,2043,1.0
RE1,SO_RESREF_RUR,TS_0,2044,1.0
RE1,SO_RESREF_RUR,TS_0,2045,1.0
RE1,SO_RESREF_RUR,TS_0,2046,1.0
RE1,SO_RESREF_RUR,TS_0,2047,1.0
RE1,SO_RESREF_RUR,TS_0,2048,1.0
RE1,SO_RESREF_RUR,TS_0,2049,1.0
RE1,SO_RESREF_RUR,TS_0,2050,1.0
RE1,SO_RESREF_RUR,TS_0,2051,1.0
RE1,SO_RESREF_RUR,TS_0,2052,1.0
RE1,SO_RESREF_RUR,TS_0,2053,1.0
RE1,SO_RESREF_RUR,TS_0,2054,1.0
RE1,SO_RESREF_URB,TS_0,2022,1.0
RE1,SO_RESREF_URB,TS_0,2023,1.0
RE1,SO_RESREF_URB,TS_0,2024,1.0
RE1,SO_RESREF_URB,TS_0,2025,1.0
RE1,SO_RESREF_URB,TS_0,2026,1.0
RE1,SO_RESREF_URB,TS_0,2027,1.0
RE1,SO_RESREF_URB,TS_0,2028,1.0
RE1,SO_RESREF_URB,TS_0,2029,1.0
RE1,SO_RESREF_URB,TS_0,2030,1.0
RE1,SO_RESREF_URB,TS_0,2031,1.0
RE1,SO_RESREF_URB,TS_0,2032,1.0
RE1,SO_RESREF_URB,TS_0,2033,1.0
RE1,SO_RESREF_URB,TS_0,2034,1.0
RE1,SO_RESREF_URB,TS_0,2035,1.0
RE1,SO_RESREF_URB,TS_0,2036,1.0
RE1,SO_RESREF_URB,TS_0,2037,1.0
RE1,SO_RESREF_URB,TS_0,2038,1.0
RE1,SO_RESREF_URB,TS_0,2039,1.0
RE1,SO_RESREF_URB,TS_0,2040,1.0
RE1,SO_RESREF_URB,TS_0,2041,1.0
RE1,SO_RESREF_URB,TS_0,2042,1.0
RE1,SO_RESREF_URB,TS_0,2043,1.0
RE1,SO_RESREF_URB,TS_0,2044,1.0
RE1,SO_RESREF_URB,TS_0,2045,1.0
RE1,SO_RESREF_URB,TS_0,2046,1.0
RE1,SO_RESREF_URB,TS_0,2047,1.0
RE1,SO_RESREF_URB,TS_0,2048,1.0
RE1,SO_RESREF_URB,TS_0,2049,1.0
RE1,SO_RESREF_URB,TS_0,2050,1.0
RE1,SO_RESREF_URB,TS_0,2051,1.0
RE1,SO_RESREF_URB,TS_0,2052,1.0
RE1,SO_RESREF_URB,TS_0,2053,1.0
RE1,SO_RESREF_URB,TS_0,2054,1.0
RE1,SO_RESTV_RUR,TS_0,2022,1.0
RE1,SO_RESTV_RUR,TS_0,2023,1.0
RE1,SO_RESTV_RUR,TS_0,2024,1.0
RE1,SO_RESTV_RUR,TS_0,2025,1.0
RE1,SO_RESTV_RUR,TS_0,2026,1.0
RE1,SO_RESTV_RUR,TS_0,2027,1.0
RE1,SO_RESTV_RUR,TS_0,2028,1.0
RE1,SO_RESTV_RUR,TS_0,2029,1.0
RE1,SO_RESTV_RUR,TS_0,2030,1.0
RE1,SO_RESTV_RUR,TS_0,2031,1.0
RE1,SO_RESTV_RUR,TS_0,2032,1.0
RE1,SO_RESTV_RUR,TS_0,2033,1.0
RE1,SO_RESTV_RUR,TS_0,2034,1.0
RE1,SO_RESTV_RUR,TS_0,2035,1.0
RE1,SO_RESTV_RUR,TS_0,2036,1.0
RE1,SO_RESTV_RUR,TS_0,2037,1.0
RE1,SO_RESTV_RUR,TS_0,2038,1.0
RE1,SO_RESTV_RUR,TS_0,2039,1.0
RE1,SO_RESTV_RUR,TS_0,2040,1.0
RE1,SO_RESTV_RUR,TS_0,2041,1.0
RE1,SO_RESTV_RUR,TS_0,2042,1.0
RE1,SO_RESTV_RUR,TS_0,2043,1.0
RE1,SO_RESTV_RUR,TS_0,2044,1.0
RE1,SO_RESTV_RUR,TS_0,2045,1.0
RE1,SO_RESTV_RUR,TS_0,2046,1.0
RE1,SO_RESTV_RUR,TS_0,2047,1.0
RE1,SO_RESTV_RUR,TS_0,2048,1.0
RE1,SO_RESTV_RUR,TS_0,2049,1.0
RE1,SO_RESTV_RUR,TS_0,2050,1.0
RE1,SO_RESTV_RUR,TS_0,2051,1.0
RE1,SO_RESTV_RUR,TS_0,2052,1.0
RE1,SO_RESTV_RUR,TS_0,2053,1.0
RE1,SO_RESTV_RUR,TS_0,2054,1.0
RE1,SO_RESTV_URB,TS_0,2022,1.0
RE1,SO_RESTV_URB,TS_0,2023,1.0
RE1,SO_RESTV_URB,TS_0,2024,1.0
RE1,SO_RESTV_URB,TS_0,2025,1.0
RE1,SO_RESTV_URB,TS_0,2026,1.0
RE1,SO_RESTV_URB,TS_0,2027,1.0
RE1,SO_RESTV_URB,TS_0,2028,1.0
RE1,SO_RESTV_URB,TS_0,2029,1.0
RE1,SO_RESTV_URB,TS_0,2030,1.0
RE1,SO_RESTV_URB,TS_0,2031,1.0
RE1,SO_RESTV_URB,TS_0,2032,1.0
RE1,SO_RESTV_URB,TS_0,2033,1.0
RE1,SO_RESTV_URB,TS_0,2034,1.0
RE1,SO_RESTV_URB,TS_0,2035,1.0
RE1,SO_RESTV_URB,TS_0,2036,1.0
RE1,SO_RESTV_URB,TS_0,2037,1.0
RE1,SO_RESTV_URB,TS_0,2038,1.0
RE1,SO_RESTV_URB,TS_0,2039,1.0
RE1,SO_RESTV_URB,TS_0,2040,1.0
RE1,SO_RESTV_URB,TS_0,2041,1.0
RE1,SO_RESTV_URB,TS_0,2042,1.0
RE1,SO_RESTV_URB,TS_0,2043,1.0
RE1,SO_RESTV_URB,TS_0,2044,1.0
RE1,SO_RESTV_URB,TS_0,2045,1.0
RE1,SO_RESTV_URB,TS_0,2046,1.0
RE1,SO_RESTV_URB,TS_0,2047,1.0
RE1,SO_RESTV_URB,TS_0,2048,1.0
RE1,SO_RESTV_URB,TS_0,2049,1.0
RE1,SO_RESTV_URB,TS_0,2050,1.0
RE1,SO_RESTV_URB,TS_0,2051,1.0
RE1,SO_RESTV_URB,TS_0,2052,1.0
RE1,SO_RESTV_URB,TS_0,2053,1.0
RE1,SO_RESTV_URB,TS_0,2054,1.0
RE1,SO_RESWHT_RUR,TS_0,2022,1.0
RE1,SO_RESWHT_RUR,TS_0,2023,1.0
RE1,SO_RESWHT_RUR,TS_0,2024,1.0
RE1,SO_RESWHT_RUR,TS_0,2025,1.0
RE1,SO_RESWHT_RUR,TS_0,2026,1.0
RE1,SO_RESWHT_RUR,TS_0,2027,1.0
RE1,SO_RESWHT_RUR,TS_0,2028,1.0
RE1,SO_RESWHT_RUR,TS_0,2029,1.0
RE1,SO_RESWHT_RUR,TS_0,2030,1.0
RE1,SO_RESWHT_RUR,TS_0,2031,1.0
RE1,SO_RESWHT_RUR,TS_0,2032,1.0
RE1,SO_RESWHT_RUR,TS_0,2033,1.0
RE1,SO_RESWHT_RUR,TS_0,2034,1.0
RE1,SO_RESWHT_RUR,TS_0,2035,1.0
RE1,SO_RESWHT_RUR,TS_0,2036,1.0
RE1,SO_RESWHT_RUR,TS_0,2037,1.0
RE1,SO_RESWHT_RUR,TS_0,2038,1.0
RE1,SO_RESWHT_RUR,TS_0,2039,1.0
RE1,SO_RESWHT_RUR,TS_0,2040,1.0
RE1,SO_RESWHT_RUR,TS_0,2041,1.0
RE1,SO_RESWHT_RUR,TS_0,2042,1.0
RE1,SO_RESWHT_RUR,TS_0,2043,1.0
RE1,SO_RESWHT_RUR,TS_0,2044,1.0
RE1,SO_RESWHT_RUR,TS_0,2045,1.0
RE1,SO_RESWHT_RUR,TS_0,2046,1.0
RE1,SO_RESWHT_RUR,TS_0,2047,1.0
RE1,SO_RESWHT_RUR,TS_0,2048,1.0
RE1,SO_RESWHT_RUR,TS_0,2049,1.0
RE1,SO_RESWHT_RUR,TS_0,2050,1.0
RE1,SO_RESWHT_RUR,TS_0,2051,1.0
RE1,SO_RESWHT_RUR,TS_0,2052,1.0
RE1,SO_RESWHT_RUR,TS_0,2053,1.0
RE1,SO_RESWHT_RUR,TS_0,2054,1.0
RE1,SO_RESWHT_URB,TS_0,2022,1.0
RE1,SO_RESWHT_URB,TS_0,2023,1.0
RE1,SO_RESWHT_URB,TS_0,2024,1.0
RE1,SO_RESWHT_URB,TS_0,2025,1.0
RE1,SO_RESWHT_URB,TS_0,2026,1.0
RE1,SO_RESWHT_URB,TS_0,2027,1.0
RE1,SO_RESWHT_URB,TS_0,2028,1.0
RE1,SO_RESWHT_URB,TS_0,2029,1.0
RE1,SO_RESWHT_URB,TS_0,2030,1.0
RE1,SO_RESWHT_URB,TS_0,2031,1.0
RE1,SO_RESWHT_URB,TS_0,2032,1.0
RE1,SO_RESWHT_URB,TS_0,2033,1.0
RE1,SO_RESWHT_URB,TS_0,2034,1.0
RE1,SO_RESWHT_URB,TS_0,2035,1.0
RE1,SO_RESWHT_URB,TS_0,2036,1.0
RE1,SO_RESWHT_URB,TS_0,2037,1.0
RE1,SO_RESWHT_URB,TS_0,2038,1.0
RE1,SO_RESWHT_URB,TS_0,2039,1.0
RE1,SO_RESWHT_URB,TS_0,2040,1.0
RE1,SO_RESWHT_URB,TS_0,2041,1.0
RE1,SO_RESWHT_URB,TS_0,2042,1.0
RE1,SO_RESWHT_URB,TS_0,2043,1.0
RE1,SO_RESWHT_URB,TS_0,2044,1.0
RE1,SO_RESWHT_URB,TS_0,2045,1.0
RE1,SO_RESWHT_URB,TS_0,2046,1.0
RE1,SO_RESWHT_URB,TS_0,2047,1.0
RE1,SO_RESWHT_URB,TS_0,2048,1.0
RE1,SO_RESWHT_URB,TS_0,2049,1.0
RE1,SO_RESWHT_URB,TS_0,2050,1.0
RE1,SO_RESWHT_URB,TS_0,2051,1.0
RE1,SO_RESWHT_URB,TS_0,2052,1.0
RE1,SO_RESWHT_URB,TS_0,2053,1.0
RE1,SO_RESWHT_URB,TS_0,2054,1.0
RE1,SO_RESWSH_RUR,TS_0,2022,1.0
RE1,SO_RESWSH_RUR,TS_0,2023,1.0
RE1,SO_RESWSH_RUR,TS_0,2024,1.0
RE1,SO_RESWSH_RUR,TS_0,2025,1.0
RE1,SO_RESWSH_RUR,TS_0,2026,1.0
RE1,SO_RESWSH_RUR,TS_0,2027,1.0
RE1,SO_RESWSH_RUR,TS_0,2028,1.0
RE1,SO_RESWSH_RUR,TS_0,2029,1.0
RE1,SO_RESWSH_RUR,TS_0,2030,1.0
RE1,SO_RESWSH_RUR,TS_0,2031,1.0
RE1,SO_RESWSH_RUR,TS_0,2032,1.0
RE1,SO_RESWSH_RUR,TS_0,2033,1.0
RE1,SO_RESWSH_RUR,TS_0,2034,1.0
RE1,SO_RESWSH_RUR,TS_0,2035,1.0
RE1,SO_RESWSH_RUR,TS_0,2036,1.0
RE1,SO_RESWSH_RUR,TS_0,2037,1.0
RE1,SO_RESWSH_RUR,TS_0,2038,1.0
RE1,SO_RESWSH_RUR,TS_0,2039,1.0
RE1,SO_RESWSH_RUR,TS_0,2040,1.0
RE1,SO_RESWSH_RUR,TS_0,2041,1.0
RE1,SO_RESWSH_RUR,TS_0,2042,1.0
RE1,SO_RESWSH_RUR,TS_0,2043,1.0
RE1,SO_RESWSH_RUR,TS_0,2044,1.0
RE1,SO_RESWSH_RUR,TS_0,2045,1.0
RE1,SO_RESWSH_RUR,TS_0,2046,1.0
RE1,SO_RESWSH_RUR,TS_0,2047,1.0
RE1,SO_RESWSH_RUR,TS_0,2048,1.0
RE1,SO_RESWSH_RUR,TS_0,2049,1.0
RE1,SO_RESWSH_RUR,TS_0,2050,1.0
RE1,SO_RESWSH_RUR,TS_0,2051,1.0
RE1,SO_RESWSH_RUR,TS_0,2052,1.0
RE1,SO_RESWSH_RUR,TS_0,2053,1.0
RE1,SO_RESWSH_RUR,TS_0,2054,1.0
RE1,SO_RESWSH_URB,TS_0,2022,1.0
RE1,SO_RESWSH_URB,TS_0,2023,1.0
RE1,SO_RESWSH_URB,TS_0,2024,1.0
RE1,SO_RESWSH_URB,TS_0,2025,1.0
RE1,SO_RESWSH_URB,TS_0,2026,1.0
RE1,SO_RESWSH_URB,TS_0,2027,1.0
RE1,SO_RESWSH_URB,TS_0,2028,1.0
RE1,SO_RESWSH_URB,TS_0,2029,1.0
RE1,SO_RESWSH_URB,TS_0,2030,1.0
RE1,SO_RESWSH_URB,TS_0,2031,1.0
RE1,SO_RESWSH_URB,TS_0,2032,1.0
RE1,SO_RESWSH_URB,TS_0,2033,1.0
RE1,SO_RESWSH_URB,TS_0,2034,1.0
RE1,SO_RESWSH_URB,TS_0,2035,1.0
RE1,SO_RESWSH_URB,TS_0,2036,1.0
RE1,SO_RESWSH_URB,TS_0,2037,1.0
RE1,SO_RESWSH_URB,TS_0,2038,1.0
RE1,SO_RESWSH_URB,TS_0,2039,1.0
RE1,SO_RESWSH_URB,TS_0,2040,1.0
RE1,SO_RESWSH_URB,TS_0,2041,1.0
RE1,SO_RESWSH_URB,TS_0,2042,1.0
RE1,SO_RESWSH_URB,TS_0,2043,1.0
RE1,SO_RESWSH_URB,TS_0,2044,1.0
RE1,SO_RESWSH_URB,TS_0,2045,1.0
RE1,SO_RESWSH_URB,TS_0,2046,1.0
RE1,SO_RESWSH_URB,TS_0,2047,1.0
RE1,SO_RESWSH_URB,TS_0,2048,1.0
RE1,SO_RESWSH_URB,TS_0,2049,1.0
RE1,SO_RESWSH_URB,TS_0,2050,1.0
RE1,SO_RESWSH_URB,TS_0,2051,1.0
RE1,SO_RESWSH_URB,TS_0,2052,1.0
RE1,SO_RESWSH_URB,TS_0,2053,1.0
RE1,SO_RESWSH_URB,TS_0,2054,1.0
RE1,SO_TERCLIM_CEN,TS_0,2022,1.0
RE1,SO_TERCLIM_CEN,TS_0,2023,1.0
RE1,SO_TERCLIM_CEN,TS_0,2024,1.0
RE1,SO_TERCLIM_CEN,TS_0,2025,1.0
RE1,SO_TERCLIM_CEN,TS_0,2026,1.0
RE1,SO_TERCLIM_CEN,TS_0,2027,1.0
RE1,SO_TERCLIM_CEN,TS_0,2028,1.0
RE1,SO_TERCLIM_CEN,TS_0,2029,1.0
RE1,SO_TERCLIM_CEN,TS_0,2030,1.0
RE1,SO_TERCLIM_CEN,TS_0,2031,1.0
RE1,SO_TERCLIM_CEN,TS_0,2032,1.0
RE1,SO_TERCLIM_CEN,TS_0,2033,1.0
RE1,SO_TERCLIM_CEN,TS_0,2034,1.0
RE1,SO_TERCLIM_CEN,TS_0,2035,1.0
RE1,SO_TERCLIM_CEN,TS_0,2036,1.0
RE1,SO_TERCLIM_CEN,TS_0,2037,1.0
RE1,SO_TERCLIM_CEN,TS_0,2038,1.0
RE1,SO_TERCLIM_CEN,TS_0,2039,1.0
RE1,SO_TERCLIM_CEN,TS_0,2040,1.0
RE1,SO_TERCLIM_CEN,TS_0,2041,1.0
RE1,SO_TERCLIM_CEN,TS_0,2042,1.0
RE1,SO_TERCLIM_CEN,TS_0,2043,1.0
RE1,SO_TERCLIM_CEN,TS_0,2044,1.0
RE1,SO_TERCLIM_CEN,TS_0,2045,1.0
RE1,SO_TERCLIM_CEN,TS_0,2046,1.0
RE1,SO_TERCLIM_CEN,TS_0,2047,1.0
RE1,SO_TERCLIM_CEN,TS_0,2048,1.0
RE1,SO_TERCLIM_CEN,TS_0,2049,1.0
RE1,SO_TERCLIM_CEN,TS_0,2050,1.0
RE1,SO_TERCLIM_CEN,TS_0,2051,1.0
RE1,SO_TERCLIM_CEN,TS_0,2052,1.0
RE1,SO_TERCLIM_CEN,TS_0,2053,1.0
RE1,SO_TERCLIM_CEN,TS_0,2054,1.0
RE1,SO_TERCLIM_FAN,TS_0,2022,1.0
RE1,SO_TERCLIM_FAN,TS_0,2023,1.0
RE1,SO_TERCLIM_FAN,TS_0,2024,1.0
RE1,SO_TERCLIM_FAN,TS_0,2025,1.0
RE1,SO_TERCLIM_FAN,TS_0,2026,1.0
RE1,SO_TERCLIM_FAN,TS_0,2027,1.0
RE1,SO_TERCLIM_FAN,TS_0,2028,1.0
RE1,SO_TERCLIM_FAN,TS_0,2029,1.0
RE1,SO_TERCLIM_FAN,TS_0,2030,1.0
RE1,SO_TERCLIM_FAN,TS_0,2031,1.0
RE1,SO_TERCLIM_FAN,TS_0,2032,1.0
RE1,SO_TERCLIM_FAN,TS_0,2033,1.0
RE1,SO_TERCLIM_FAN,TS_0,2034,1.0
RE1,SO_TERCLIM_FAN,TS_0,2035,1.0
RE1,SO_TERCLIM_FAN,TS_0,2036,1.0
RE1,SO_TERCLIM_FAN,TS_0,2037,1.0
RE1,SO_TERCLIM_FAN,TS_0,2038,1.0
RE1,SO_TERCLIM_FAN,TS_0,2039,1.0
RE1,SO_TERCLIM_FAN,TS_0,2040,1.0
RE1,SO_TERCLIM_FAN,TS_0,2041,1.0
RE1,SO_TERCLIM_FAN,TS_0,2042,1.0
RE1,SO_TERCLIM_FAN,TS_0,2043,1.0
RE1,SO_TERCLIM_FAN,TS_0,2044,1.0
RE1,SO_TERCLIM_FAN,TS_0,2045,1.0
RE1,SO_TERCLIM_FAN,TS_0,2046,1.0
RE1,SO_TERCLIM_FAN,TS_0,2047,1.0
RE1,SO_TERCLIM_FAN,TS_0,2048,1.0
RE1,SO_TERCLIM_FAN,TS_0,2049,1.0
RE1,SO_TERCLIM_FAN,TS_0,2050,1.0
RE1,SO_TERCLIM_FAN,TS_0,2051,1.0
RE1,SO_TERCLIM_FAN,TS_0,2052,1.0
RE1,SO_TERCLIM_FAN,TS_0,2053,1.0
RE1,SO_TERCLIM_FAN,TS_0,2054,1.0
RE1,SO_TERCLIM_SPL,TS_0,2022,1.0
RE1,SO_TERCLIM_SPL,TS_0,2023,1.0
RE1,SO_TERCLIM_SPL,TS_0,2024,1.0
RE1,SO_TERCLIM_SPL,TS_0,2025,1.0
RE1,SO_TERCLIM_SPL,TS_0,2026,1.0
RE1,SO_TERCLIM_SPL,TS_0,2027,1.0
RE1,SO_TERCLIM_SPL,TS_0,2028,1.0
RE1,SO_TERCLIM_SPL,TS_0,2029,1.0
RE1,SO_TERCLIM_SPL,TS_0,2030,1.0
RE1,SO_TERCLIM_SPL,TS_0,2031,1.0
RE1,SO_TERCLIM_SPL,TS_0,2032,1.0
RE1,SO_TERCLIM_SPL,TS_0,2033,1.0
RE1,SO_TERCLIM_SPL,TS_0,2034,1.0
RE1,SO_TERCLIM_SPL,TS_0,2035,1.0
RE1,SO_TERCLIM_SPL,TS_0,2036,1.0
RE1,SO_TERCLIM_SPL,TS_0,2037,1.0
RE1,SO_TERCLIM_SPL,TS_0,2038,1.0
RE1,SO_TERCLIM_SPL,TS_0,2039,1.0
RE1,SO_TERCLIM_SPL,TS_0,2040,1.0
RE1,SO_TERCLIM_SPL,TS_0,2041,1.0
RE1,SO_TERCLIM_SPL,TS_0,2042,1.0
RE1,SO_TERCLIM_SPL,TS_0,2043,1.0
RE1,SO_TERCLIM_SPL,TS_0,2044,1.0
RE1,SO_TERCLIM_SPL,TS_0,2045,1.0
RE1,SO_TERCLIM_SPL,TS_0,2046,1.0
RE1,SO_TERCLIM_SPL,TS_0,2047,1.0
RE1,SO_TERCLIM_SPL,TS_0,2048,1.0
RE1,SO_TERCLIM_SPL,TS_0,2049,1.0
RE1,SO_TERCLIM_SPL,TS_0,2050,1.0
RE1,SO_TERCLIM_SPL,TS_0,2051,1.0
RE1,SO_TERCLIM_SPL,TS_0,2052,1.0
RE1,SO_TERCLIM_SPL,TS_0,2053,1.0
RE1,SO_TERCLIM_SPL,TS_0,2054,1.0
RE1,SO_TERDATA,TS_0,2022,1.0
RE1,SO_TERDATA,TS_0,2023,1.0
RE1,SO_TERDATA,TS_0,2024,1.0
RE1,SO_TERDATA,TS_0,2025,1.0
RE1,SO_TERDATA,TS_0,2026,1.0
RE1,SO_TERDATA,TS_0,2027,1.0
RE1,SO_TERDATA,TS_0,2028,1.0
RE1,SO_TERDATA,TS_0,2029,1.0
RE1,SO_TERDATA,TS_0,2030,1.0
RE1,SO_TERDATA,TS_0,2031,1.0
RE1,SO_TERDATA,TS_0,2032,1.0
RE1,SO_TERDATA,TS_0,2033,1.0
RE1,SO_TERDATA,TS_0,2034,1.0
RE1,SO_TERDATA,TS_0,2035,1.0
RE1,SO_TERDATA,TS_0,2036,1.0
RE1,SO_TERDATA,TS_0,2037,1.0
RE1,SO_TERDATA,TS_0,2038,1.0
RE1,SO_TERDATA,TS_0,2039,1.0
RE1,SO_TERDATA,TS_0,2040,1.0
RE1,SO_TERDATA,TS_0,2041,1.0
RE1,SO_TERDATA,TS_0,2042,1.0
RE1,SO_TERDATA,TS_0,2043,1.0
RE1,SO_TERDATA,TS_0,2044,1.0
RE1,SO_TERDATA,TS_0,2045,1.0
RE1,SO_TERDATA,TS_0,2046,1.0
RE1,SO_TERDATA,TS_0,2047,1.0
RE1,SO_TERDATA,TS_0,2048,1.0
RE1,SO_TERDATA,TS_0,2049,1.0
RE1,SO_TERDATA,TS_0,2050,1.0
RE1,SO_TERDATA,TS_0,2051,1.0
RE1,SO_TERDATA,TS_0,2052,1.0
RE1,SO_TERDATA,TS_0,2053,1.0
RE1,SO_TERDATA,TS_0,2054,1.0
RE1,SO_TERDHT,TS_0,2022,1.0
RE1,SO_TERDHT,TS_0,2023,1.0
RE1,SO_TERDHT,TS_0,2024,1.0
RE1,SO_TERDHT,TS_0,2025,1.0
RE1,SO_TERDHT,TS_0,2026,1.0
RE1,SO_TERDHT,TS_0,2027,1.0
RE1,SO_TERDHT,TS_0,2028,1.0
RE1,SO_TERDHT,TS_0,2029,1.0
RE1,SO_TERDHT,TS_0,2030,1.0
RE1,SO_TERDHT,TS_0,2031,1.0
RE1,SO_TERDHT,TS_0,2032,1.0
RE1,SO_TERDHT,TS_0,2033,1.0
RE1,SO_TERDHT,TS_0,2034,1.0
RE1,SO_TERDHT,TS_0,2035,1.0
RE1,SO_TERDHT,TS_0,2036,1.0
RE1,SO_TERDHT,TS_0,2037,1.0
RE1,SO_TERDHT,TS_0,2038,1.0
RE1,SO_TERDHT,TS_0,2039,1.0
RE1,SO_TERDHT,TS_0,2040,1.0
RE1,SO_TERDHT,TS_0,2041,1.0
RE1,SO_TERDHT,TS_0,2042,1.0
RE1,SO_TERDHT,TS_0,2043,1.0
RE1,SO_TERDHT,TS_0,2044,1.0
RE1,SO_TERDHT,TS_0,2045,1.0
RE1,SO_TERDHT,TS_0,2046,1.0
RE1,SO_TERDHT,TS_0,2047,1.0
RE1,SO_TERDHT,TS_0,2048,1.0
RE1,SO_TERDHT,TS_0,2049,1.0
RE1,SO_TERDHT,TS_0,2050,1.0
RE1,SO_TERDHT,TS_0,2051,1.0
RE1,SO_TERDHT,TS_0,2052,1.0
RE1,SO_TERDHT,TS_0,2053,1.0
RE1,SO_TERDHT,TS_0,2054,1.0
RE1,SO_TERIHT,TS_0,2022,1.0
RE1,SO_TERIHT,TS_0,2023,1.0
RE1,SO_TERIHT,TS_0,2024,1.0
RE1,SO_TERIHT,TS_0,2025,1.0
RE1,SO_TERIHT,TS_0,2026,1.0
RE1,SO_TERIHT,TS_0,2027,1.0
RE1,SO_TERIHT,TS_0,2028,1.0
RE1,SO_TERIHT,TS_0,2029,1.0
RE1,SO_TERIHT,TS_0,2030,1.0
RE1,SO_TERIHT,TS_0,2031,1.0
RE1,SO_TERIHT,TS_0,2032,1.0
RE1,SO_TERIHT,TS_0,2033,1.0
RE1,SO_TERIHT,TS_0,2034,1.0
RE1,SO_TERIHT,TS_0,2035,1.0
RE1,SO_TERIHT,TS_0,2036,1.0
RE1,SO_TERIHT,TS_0,2037,1.0
RE1,SO_TERIHT,TS_0,2038,1.0
RE1,SO_TERIHT,TS_0,2039,1.0
RE1,SO_TERIHT,TS_0,2040,1.0
RE1,SO_TERIHT,TS_0,2041,1.0
RE1,SO_TERIHT,TS_0,2042,1.0
RE1,SO_TERIHT,TS_0,2043,1.0
RE1,SO_TERIHT,TS_0,2044,1.0
RE1,SO_TERIHT,TS_0,2045,1.0
RE1,SO_TERIHT,TS_0,2046,1.0
RE1,SO_TERIHT,TS_0,2047,1.0
RE1,SO_TERIHT,TS_0,2048,1.0
RE1,SO_TERIHT,TS_0,2049,1.0
RE1,SO_TERIHT,TS_0,2050,1.0
RE1,SO_TERIHT,TS_0,2051,1.0
RE1,SO_TERIHT,TS_0,2052,1.0
RE1,SO_TERIHT,TS_0,2053,1.0
RE1,SO_TERIHT,TS_0,2054,1.0
RE1,SO_TERILU,TS_0,2022,1.0
RE1,SO_TERILU,TS_0,2023,1.0
RE1,SO_TERILU,TS_0,2024,1.0
RE1,SO_TERILU,TS_0,2025,1.0
RE1,SO_TERILU,TS_0,2026,1.0
RE1,SO_TERILU,TS_0,2027,1.0
RE1,SO_TERILU,TS_0,2028,1.0
RE1,SO_TERILU,TS_0,2029,1.0
RE1,SO_TERILU,TS_0,2030,1.0
RE1,SO_TERILU,TS_0,2031,1.0
RE1,SO_TERILU,TS_0,2032,1.0
RE1,SO_TERILU,TS_0,2033,1.0
RE1,SO_TERILU,TS_0,2034,1.0
RE1,SO_TERILU,TS_0,2035,1.0
RE1,SO_TERILU,TS_0,2036,1.0
RE1,SO_TERILU,TS_0,2037,1.0
RE1,SO_TERILU,TS_0,2038,1.0
RE1,SO_TERILU,TS_0,2039,1.0
RE1,SO_TERILU,TS_0,2040,1.0
RE1,SO_TERILU,TS_0,2041,1.0
RE1,SO_TERILU,TS_0,2042,1.0
RE1,SO_TERILU,TS_0,2043,1.0
RE1,SO_TERILU,TS_0,2044,1.0
RE1,SO_TERILU,TS_0,2045,1.0
RE1,SO_TERILU,TS_0,2046,1.0
RE1,SO_TERILU,TS_0,2047,1.0
RE1,SO_TERILU,TS_0,2048,1.0
RE1,SO_TERILU,TS_0,2049,1.0
RE1,SO_TERILU,TS_0,2050,1.0
RE1,SO_TERILU,TS_0,2051,1.0
RE1,SO_TERILU,TS_0,2052,1.0
RE1,SO_TERILU,TS_0,2053,1.0
RE1,SO_TERILU,TS_0,2054,1.0
RE1,SO_TERMPW,TS_0,2022,1.0
RE1,SO_TERMPW,TS_0,2023,1.0
RE1,SO_TERMPW,TS_0,2024,1.0
RE1,SO_TERMPW,TS_0,2025,1.0
RE1,SO_TERMPW,TS_0,2026,1.0
RE1,SO_TERMPW,TS_0,2027,1.0
RE1,SO_TERMPW,TS_0,2028,1.0
RE1,SO_TERMPW,TS_0,2029,1.0
RE1,SO_TERMPW,TS_0,2030,1.0
RE1,SO_TERMPW,TS_0,2031,1.0
RE1,SO_TERMPW,TS_0,2032,1.0
RE1,SO_TERMPW,TS_0,2033,1.0
RE1,SO_TERMPW,TS_0,2034,1.0
RE1,SO_TERMPW,TS_0,2035,1.0
RE1,SO_TERMPW,TS_0,2036,1.0
RE1,SO_TERMPW,TS_0,2037,1.0
RE1,SO_TERMPW,TS_0,2038,1.0
RE1,SO_TERMPW,TS_0,2039,1.0
RE1,SO_TERMPW,TS_0,2040,1.0
RE1,SO_TERMPW,TS_0,2041,1.0
RE1,SO_TERMPW,TS_0,2042,1.0
RE1,SO_TERMPW,TS_0,2043,1.0
RE1,SO_TERMPW,TS_0,2044,1.0
RE1,SO_TERMPW,TS_0,2045,1.0
RE1,SO_TERMPW,TS_0,2046,1.0
RE1,SO_TERMPW,TS_0,2047,1.0
RE1,SO_TERMPW,TS_0,2048,1.0
RE1,SO_TERMPW,TS_0,2049,1.0
RE1,SO_TERMPW,TS_0,2050,1.0
RE1,SO_TERMPW,TS_0,2051,1.0
RE1,SO_TERMPW,TS_0,2052,1.0
RE1,SO_TERMPW,TS_0,2053,1.0
RE1,SO_TERMPW,TS_0,2054,1.0
RE1,SO_TEROTH,TS_0,2022,1.0
RE1,SO_TEROTH,TS_0,2023,1.0
RE1,SO_TEROTH,TS_0,2024,1.0
RE1,SO_TEROTH,TS_0,2025,1.0
RE1,SO_TEROTH,TS_0,2026,1.0
RE1,SO_TEROTH,TS_0,2027,1.0
RE1,SO_TEROTH,TS_0,2028,1.0
RE1,SO_TEROTH,TS_0,2029,1.0
RE1,SO_TEROTH,TS_0,2030,1.0
RE1,SO_TEROTH,TS_0,2031,1.0
RE1,SO_TEROTH,TS_0,2032,1.0
RE1,SO_TEROTH,TS_0,2033,1.0
RE1,SO_TEROTH,TS_0,2034,1.0
RE1,SO_TEROTH,TS_0,2035,1.0
RE1,SO_TEROTH,TS_0,2036,1.0
RE1,SO_TEROTH,TS_0,2037,1.0
RE1,SO_TEROTH,TS_0,2038,1.0
RE1,SO_TEROTH,TS_0,2039,1.0
RE1,SO_TEROTH,TS_0,2040,1.0
RE1,SO_TEROTH,TS_0,2041,1.0
RE1,SO_TEROTH,TS_0,2042,1.0
RE1,SO_TEROTH,TS_0,2043,1.0
RE1,SO_TEROTH,TS_0,2044,1.0
RE1,SO_TEROTH,TS_0,2045,1.0
RE1,SO_TEROTH,TS_0,2046,1.0
RE1,SO_TEROTH,TS_0,2047,1.0
RE1,SO_TEROTH,TS_0,2048,1.0
RE1,SO_TEROTH,TS_0,2049,1.0
RE1,SO_TEROTH,TS_0,2050,1.0
RE1,SO_TEROTH,TS_0,2051,1.0
RE1,SO_TEROTH,TS_0,2052,1.0
RE1,SO_TEROTH,TS_0,2053,1.0
RE1,SO_TEROTH,TS_0,2054,1.0
RE1,SO_TERREF_AUC,TS_0,2022,1.0
RE1,SO_TERREF_AUC,TS_0,2023,1.0
RE1,SO_TERREF_AUC,TS_0,2024,1.0
RE1,SO_TERREF_AUC,TS_0,2025,1.0
RE1,SO_TERREF_AUC,TS_0,2026,1.0
RE1,SO_TERREF_AUC,TS_0,2027,1.0
RE1,SO_TERREF_AUC,TS_0,2028,1.0
RE1,SO_TERREF_AUC,TS_0,2029,1.0
RE1,SO_TERREF_AUC,TS_0,2030,1.0
RE1,SO_TERREF_AUC,TS_0,2031,1.0
RE1,SO_TERREF_AUC,TS_0,2032,1.0
RE1,SO_TERREF_AUC,TS_0,2033,1.0
RE1,SO_TERREF_AUC,TS_0,2034,1.0
RE1,SO_TERREF_AUC,TS_0,2035,1.0
RE1,SO_TERREF_AUC,TS_0,2036,1.0
RE1,SO_TERREF_AUC,TS_0,2037,1.0
RE1,SO_TERREF_AUC,TS_0,2038,1.0
RE1,SO_TERREF_AUC,TS_0,2039,1.0
RE1,SO_TERREF_AUC,TS_0,2040,1.0
RE1,SO_TERREF_AUC,TS_0,2041,1.0
RE1,SO_TERREF_AUC,TS_0,2042,1.0
RE1,SO_TERREF_AUC,TS_0,2043,1.0
RE1,SO_TERREF_AUC,TS_0,2044,1.0
RE1,SO_TERREF_AUC,TS_0,2045,1.0
RE1,SO_TERREF_AUC,TS_0,2046,1.0
RE1,SO_TERREF_AUC,TS_0,2047,1.0
RE1,SO_TERREF_AUC,TS_0,2048,1.0
RE1,SO_TERREF_AUC,TS_0,2049,1.0
RE1,SO_TERREF_AUC,TS_0,2050,1.0
RE1,SO_TERREF_AUC,TS_0,2051,1.0
RE1,SO_TERREF_AUC,TS_0,2052,1.0
RE1,SO_TERREF_AUC,TS_0,2053,1.0
RE1,SO_TERREF_AUC,TS_0,2054,1.0
RE1,SO_TERREF_CEN,TS_0,2022,1.0
RE1,SO_TERREF_CEN,TS_0,2023,1.0
RE1,SO_TERREF_CEN,TS_0,2024,1.0
RE1,SO_TERREF_CEN,TS_0,2025,1.0
RE1,SO_TERREF_CEN,TS_0,2026,1.0
RE1,SO_TERREF_CEN,TS_0,2027,1.0
RE1,SO_TERREF_CEN,TS_0,2028,1.0
RE1,SO_TERREF_CEN,TS_0,2029,1.0
RE1,SO_TERREF_CEN,TS_0,2030,1.0
RE1,SO_TERREF_CEN,TS_0,2031,1.0
RE1,SO_TERREF_CEN,TS_0,2032,1.0
RE1,SO_TERREF_CEN,TS_0,2033,1.0
RE1,SO_TERREF_CEN,TS_0,2034,1.0
RE1,SO_TERREF_CEN,TS_0,2035,1.0
RE1,SO_TERREF_CEN,TS_0,2036,1.0
RE1,SO_TERREF_CEN,TS_0,2037,1.0
RE1,SO_TERREF_CEN,TS_0,2038,1.0
RE1,SO_TERREF_CEN,TS_0,2039,1.0
RE1,SO_TERREF_CEN,TS_0,2040,1.0
RE1,SO_TERREF_CEN,TS_0,2041,1.0
RE1,SO_TERREF_CEN,TS_0,2042,1.0
RE1,SO_TERREF_CEN,TS_0,2043,1.0
RE1,SO_TERREF_CEN,TS_0,2044,1.0
RE1,SO_TERREF_CEN,TS_0,2045,1.0
RE1,SO_TERREF_CEN,TS_0,2046,1.0
RE1,SO_TERREF_CEN,TS_0,2047,1.0
RE1,SO_TERREF_CEN,TS_0,2048,1.0
RE1,SO_TERREF_CEN,TS_0,2049,1.0
RE1,SO_TERREF_CEN,TS_0,2050,1.0
RE1,SO_TERREF_CEN,TS_0,2051,1.0
RE1,SO_TERREF_CEN,TS_0,2052,1.0
RE1,SO_TERREF_CEN,TS_0,2053,1.0
RE1,SO_TERREF_CEN,TS_0,2054,1.0
RE1,SO_TRAMET,TS_0,2022,1.0
RE1,SO_TRAMET,TS_0,2023,1.0
RE1,SO_TRAMET,TS_0,2024,1.0
RE1,SO_TRAMET,TS_0,2025,1.0
RE1,SO_TRAMET,TS_0,2026,1.0
RE1,SO_TRAMET,TS_0,2027,1.0
RE1,SO_TRAMET,TS_0,2028,1.0
RE1,SO_TRAMET,TS_0,2029,1.0
RE1,SO_TRAMET,TS_0,2030,1.0
RE1,SO_TRAMET,TS_0,2031,1.0
RE1,SO_TRAMET,TS_0,2032,1.0
RE1,SO_TRAMET,TS_0,2033,1.0
RE1,SO_TRAMET,TS_0,2034,1.0
RE1,SO_TRAMET,TS_0,2035,1.0
RE1,SO_TRAMET,TS_0,2036,1.0
RE1,SO_TRAMET,TS_0,2037,1.0
RE1,SO_TRAMET,TS_0,2038,1.0
RE1,SO_TRAMET,TS_0,2039,1.0
RE1,SO_TRAMET,TS_0,2040,1.0
RE1,SO_TRAMET,TS_0,2041,1.0
RE1,SO_TRAMET,TS_0,2042,1.0
RE1,SO_TRAMET,TS_0,2043,1.0
RE1,SO_TRAMET,TS_0,2044,1.0
RE1,SO_TRAMET,TS_0,2045,1.0
RE1,SO_TRAMET,TS_0,2046,1.0
RE1,SO_TRAMET,TS_0,2047,1.0
RE1,SO_TRAMET,TS_0,2048,1.0
RE1,SO_TRAMET,TS_0,2049,1.0
RE1,SO_TRAMET,TS_0,2050,1.0
RE1,SO_TRAMET,TS_0,2051,1.0
RE1,SO_TRAMET,TS_0,2052,1.0
RE1,SO_TRAMET,TS_0,2053,1.0
RE1,SO_TRAMET,TS_0,2054,1.0
